<corpus id="0">
<sentence id="0">
  <w id="0" lemma="|Dear|" pos="NNP" wid="0">Dear</w>
  <w id="1" lemma="|Brothers|" pos="NNPS" wid="1">Brothers</w>
  <w id="2" lemma="|and|" pos="CC" wid="2">and</w>
  <w id="3" lemma="|sister|" pos="NNS" wid="3">Sisters</w>
  <w id="4" lemma="|,|" pos="," wid="4">,</w>
  <w id="5" lemma="|we|" pos="PRP" wid="5">We</w>
  <w id="6" lemma="|be|" pos="VBP" wid="6">are</w>
  <w id="7" lemma="|prepare|" pos="VBG" wid="7">preparing</w>
  <w id="8" lemma="|to|" pos="TO" wid="8">to</w>
  <w id="9" lemma="|celebrate|" pos="VB" wid="9">celebrate</w>
  <w id="10" lemma="|with|" pos="IN" wid="10">with</w>
  <w id="11" lemma="|great|" pos="JJ" wid="11">great</w>
  <w id="12" lemma="|solemnity|" pos="NN" wid="12">solemnity</w>
  <w id="13" lemma="|the|" pos="DT" wid="13">the</w>
  <w id="14" lemma="|Feast|" pos="NNP" wid="14">Feast</w>
  <w id="15" lemma="|of|" pos="IN" wid="15">of</w>
  <w id="16" lemma="|the|" pos="DT" wid="16">the</w>
  <w id="17" lemma="|Holy|" pos="NNP" wid="17">Holy</w>
  <w id="18" lemma="|Apostles|" pos="NNPS" wid="18">Apostles</w>
  <w id="19" lemma="|Peter|" pos="NNP" wid="19">Peter</w>
  <w id="20" lemma="|and|" pos="CC" wid="20">and</w>
  <w id="21" lemma="|Paul|" pos="NNP" wid="21">Paul</w>
  <w id="22" lemma="|,|" pos="," wid="22">,</w>
  <w id="23" lemma="|who|" pos="WP" wid="23">who</w>
  <w id="24" lemma="|in|" pos="IN" wid="24">in</w>
  <w id="25" lemma="|Rome|" pos="NNP" wid="25">Rome</w>
  <w id="26" lemma="|seal|" pos="VBD" wid="26">sealed</w>
  <w id="27" lemma="|the|" pos="DT" wid="27">the</w>
  <w id="28" lemma="|proclamation|" pos="NN" wid="28">proclamation</w>
  <w id="29" lemma="|of|" pos="IN" wid="29">of</w>
  <w id="30" lemma="|the|" pos="DT" wid="30">the</w>
  <w id="31" lemma="|Gospel|" pos="NNP" wid="31">Gospel</w>
  <w id="32" lemma="|with|" pos="IN" wid="32">with</w>
  <w id="33" lemma="|they|" pos="PRP$" wid="33">their</w>
  <w id="34" lemma="|blood|" pos="NN" wid="34">blood</w>
  <w id="35" lemma="|.|" pos="." wid="35">.</w>
</sentence>
<sentence id="1">
  <w id="0" lemma="|at|" pos="IN" wid="0">At</w>
  <w id="1" lemma="|9|" pos="CD" wid="1">9</w>
  <w id="2" lemma="|:|" pos=":" wid="2">:</w>
  <w id="3" lemma="|30|" pos="CD" wid="3">30</w>
  <w id="4" lemma="|a.m.|" pos="NN" wid="4">a.m.</w>
  <w id="5" lemma="|on|" pos="IN" wid="5">on</w>
  <w id="6" lemma="|29|" pos="CD" wid="6">29</w>
  <w id="7" lemma="|June|" pos="NNP" wid="7">June</w>
  <w id="8" lemma="|,|" pos="," wid="8">,</w>
  <w id="9" lemma="|I|" pos="PRP" wid="9">I</w>
  <w id="10" lemma="|will|" pos="MD" wid="10">will</w>
  <w id="11" lemma="|preside|" pos="VB" wid="11">preside</w>
  <w id="12" lemma="|at|" pos="IN" wid="12">at</w>
  <w id="13" lemma="|Holy|" pos="NNP" wid="13">Holy</w>
  <w id="14" lemma="|Mass|" pos="NNP" wid="14">Mass</w>
  <w id="15" lemma="|in|" pos="IN" wid="15">in</w>
  <w id="16" lemma="|the|" pos="DT" wid="16">the</w>
  <w id="17" lemma="|Vatican|" pos="NNP" wid="17">Vatican</w>
  <w id="18" lemma="|basilica|" pos="NN" wid="18">Basilica</w>
  <w id="19" lemma="|:|" pos=":" wid="19">:</w>
  <w id="20" lemma="|it|" pos="PRP" wid="20">it</w>
  <w id="21" lemma="|will|" pos="MD" wid="21">will</w>
  <w id="22" lemma="|be|" pos="VB" wid="22">be</w>
  <w id="23" lemma="|a|" pos="DT" wid="23">an</w>
  <w id="24" lemma="|important|" pos="JJ" wid="24">important</w>
  <w id="25" lemma="|opportunity|" pos="NN" wid="25">opportunity</w>
  <w id="26" lemma="|to|" pos="TO" wid="26">to</w>
  <w id="27" lemma="|emphasize|" pos="VB" wid="27">emphasize</w>
  <w id="28" lemma="|the|" pos="DT" wid="28">the</w>
  <w id="29" lemma="|unity|" pos="NN" wid="29">unity</w>
  <w id="30" lemma="|and|" pos="CC" wid="30">and</w>
  <w id="31" lemma="|catholicity|" pos="NN" wid="31">catholicity</w>
  <w id="32" lemma="|of|" pos="IN" wid="32">of</w>
  <w id="33" lemma="|the|" pos="DT" wid="33">the</w>
  <w id="34" lemma="|Church|" pos="NNP" wid="34">Church</w>
  <w id="35" lemma="|.|" pos="." wid="35">.</w>
</sentence>
<sentence id="2">
  <w id="0" lemma="|as|" pos="IN" wid="0">As</w>
  <w id="1" lemma="|in|" pos="IN" wid="1">in</w>
  <w id="2" lemma="|the|" pos="DT" wid="2">the</w>
  <w id="3" lemma="|past|" pos="NN" wid="3">past</w>
  <w id="4" lemma="|,|" pos="," wid="4">,</w>
  <w id="5" lemma="|a|" pos="DT" wid="5">a</w>
  <w id="6" lemma="|special|" pos="JJ" wid="6">special</w>
  <w id="7" lemma="|delegation|" pos="NN" wid="7">Delegation</w>
  <w id="8" lemma="|send|" pos="VBN" wid="8">sent</w>
  <w id="9" lemma="|by|" pos="IN" wid="9">by</w>
  <w id="10" lemma="|the|" pos="DT" wid="10">the</w>
  <w id="11" lemma="|Ecumenical|" pos="NNP" wid="11">Ecumenical</w>
  <w id="12" lemma="|Patriarch|" pos="NNP" wid="12">Patriarch</w>
  <w id="13" lemma="|of|" pos="IN" wid="13">of</w>
  <w id="14" lemma="|Constantinople|" pos="NNP" wid="14">Constantinople</w>
  <w id="15" lemma="|will|" pos="MD" wid="15">will</w>
  <w id="16" lemma="|be|" pos="VB" wid="16">be</w>
  <w id="17" lemma="|take|" pos="VBG" wid="17">taking</w>
  <w id="18" lemma="|part|" pos="NN" wid="18">part</w>
  <w id="19" lemma="|in|" pos="IN" wid="19">in</w>
  <w id="20" lemma="|the|" pos="DT" wid="20">the</w>
  <w id="21" lemma="|celebration|" pos="NN" wid="21">celebration</w>
  <w id="22" lemma="|.|" pos="." wid="22">.</w>
</sentence>
<sentence id="3">
  <w id="0" lemma="|I|" pos="PRP" wid="0">I</w>
  <w id="1" lemma="|invite|" pos="VBP" wid="1">invite</w>
  <w id="2" lemma="|the|" pos="DT" wid="2">the</w>
  <w id="3" lemma="|faithful|" pos="NN" wid="3">faithful</w>
  <w id="4" lemma="|of|" pos="IN" wid="4">of</w>
  <w id="5" lemma="|Rome|" pos="NNP" wid="5">Rome</w>
  <w id="6" lemma="|,|" pos="," wid="6">,</w>
  <w id="7" lemma="|who|" pos="WP" wid="7">who</w>
  <w id="8" lemma="|venerate|" pos="VBP" wid="8">venerate</w>
  <w id="9" lemma="|the|" pos="DT" wid="9">the</w>
  <w id="10" lemma="|Apostles|" pos="NNPS" wid="10">Apostles</w>
  <w id="11" lemma="|Sts|" pos="NNP" wid="11">Sts</w>
  <w id="12" lemma="|Peter|" pos="NNP" wid="12">Peter</w>
  <w id="13" lemma="|and|" pos="CC" wid="13">and</w>
  <w id="14" lemma="|Paul|" pos="NNP" wid="14">Paul</w>
  <w id="15" lemma="|as|" pos="IN" wid="15">as</w>
  <w id="16" lemma="|they|" pos="PRP$" wid="16">their</w>
  <w id="17" lemma="|special|" pos="JJ" wid="17">special</w>
  <w id="18" lemma="|patron|" pos="NNS" wid="18">Patrons</w>
  <w id="19" lemma="|,|" pos="," wid="19">,</w>
  <w id="20" lemma="|the|" pos="DT" wid="20">the</w>
  <w id="21" lemma="|pilgrim|" pos="NNS" wid="21">pilgrims</w>
  <w id="22" lemma="|and|" pos="CC" wid="22">and</w>
  <w id="23" lemma="|the|" pos="DT" wid="23">the</w>
  <w id="24" lemma="|entire|" pos="JJ" wid="24">entire</w>
  <w id="25" lemma="|People|" pos="NNP" wid="25">People</w>
  <w id="26" lemma="|of|" pos="IN" wid="26">of</w>
  <w id="27" lemma="|God|" pos="NNP" wid="27">God</w>
  <w id="28" lemma="|to|" pos="TO" wid="28">to</w>
  <w id="29" lemma="|invoke|" pos="VB" wid="29">invoke</w>
  <w id="30" lemma="|they|" pos="PRP$" wid="30">their</w>
  <w id="31" lemma="|heavenly|" pos="JJ" wid="31">heavenly</w>
  <w id="32" lemma="|protection|" pos="NN" wid="32">protection</w>
  <w id="33" lemma="|upon|" pos="IN" wid="33">upon</w>
  <w id="34" lemma="|the|" pos="DT" wid="34">the</w>
  <w id="35" lemma="|Church|" pos="NNP" wid="35">Church</w>
  <w id="36" lemma="|and|" pos="CC" wid="36">and</w>
  <w id="37" lemma="|she|" pos="PRP$" wid="37">her</w>
  <w id="38" lemma="|pastor|" pos="NNS" wid="38">Pastors</w>
  <w id="39" lemma="|.|" pos="." wid="39">.</w>
</sentence>
<sentence id="4">
  <w id="0" lemma="|for|" pos="IN" wid="0">For</w>
  <w id="1" lemma="|country|" pos="NNS" wid="1">countries</w>
  <w id="2" lemma="|in|" pos="IN" wid="2">in</w>
  <w id="3" lemma="|the|" pos="DT" wid="3">the</w>
  <w id="4" lemma="|northern|" pos="JJ" wid="4">northern</w>
  <w id="5" lemma="|hemisphere|" pos="NN" wid="5">hemisphere</w>
  <w id="6" lemma="|the|" pos="DT" wid="6">the</w>
  <w id="7" lemma="|end|" pos="NN" wid="7">end</w>
  <w id="8" lemma="|of|" pos="IN" wid="8">of</w>
  <w id="9" lemma="|June|" pos="NNP" wid="9">June</w>
  <w id="10" lemma="|mark|" pos="VBZ" wid="10">marks</w>
  <w id="11" lemma="|the|" pos="DT" wid="11">the</w>
  <w id="12" lemma="|beginning|" pos="NN" wid="12">beginning</w>
  <w id="13" lemma="|of|" pos="IN" wid="13">of</w>
  <w id="14" lemma="|the|" pos="DT" wid="14">the</w>
  <w id="15" lemma="|summer|" pos="NN" wid="15">summer</w>
  <w id="16" lemma="|season|" pos="NN" wid="16">season</w>
  <w id="17" lemma="|and|" pos="CC" wid="17">and</w>
  <w id="18" lemma="|,|" pos="," wid="18">,</w>
  <w id="19" lemma="|for|" pos="IN" wid="19">for</w>
  <w id="20" lemma="|many|" pos="JJ" wid="20">many</w>
  <w id="21" lemma="|,|" pos="," wid="21">,</w>
  <w id="22" lemma="|the|" pos="DT" wid="22">the</w>
  <w id="23" lemma="|beginning|" pos="NN" wid="23">beginning</w>
  <w id="24" lemma="|of|" pos="IN" wid="24">of</w>
  <w id="25" lemma="|vacation|" pos="NNS" wid="25">vacations</w>
  <w id="26" lemma="|.|" pos="." wid="26">.</w>
</sentence>
<sentence id="5">
  <w id="0" lemma="|I|" pos="PRP" wid="0">I</w>
  <w id="1" lemma="|hope|" pos="VBP" wid="1">hope</w>
  <w id="2" lemma="|that|" pos="DT" wid="2">that</w>
  <w id="3" lemma="|everyone|" pos="NN" wid="3">everyone</w>
  <w id="4" lemma="|will|" pos="MD" wid="4">will</w>
  <w id="5" lemma="|be|" pos="VB" wid="5">be</w>
  <w id="6" lemma="|able|" pos="JJ" wid="6">able</w>
  <w id="7" lemma="|to|" pos="TO" wid="7">to</w>
  <w id="8" lemma="|live|" pos="VB" wid="8">live</w>
  <w id="9" lemma="|serenely|" pos="RB" wid="9">serenely</w>
  <w id="10" lemma="|a|" pos="DT" wid="10">a</w>
  <w id="11" lemma="|few|" pos="JJ" wid="11">few</w>
  <w id="12" lemma="|day|" pos="NNS" wid="12">days</w>
  <w id="13" lemma="|of|" pos="IN" wid="13">of</w>
  <w id="14" lemma="|well-earned|" pos="JJ" wid="14">well-earned</w>
  <w id="15" lemma="|rest|" pos="NN" wid="15">rest</w>
  <w id="16" lemma="|and|" pos="CC" wid="16">and</w>
  <w id="17" lemma="|relaxation|" pos="NN" wid="17">relaxation</w>
  <w id="18" lemma="|and|" pos="CC" wid="18">and</w>
  <w id="19" lemma="|I|" pos="PRP" wid="19">I</w>
  <w id="20" lemma="|would|" pos="MD" wid="20">would</w>
  <w id="21" lemma="|like|" pos="VB" wid="21">like</w>
  <w id="22" lemma="|to|" pos="TO" wid="22">to</w>
  <w id="23" lemma="|address|" pos="VB" wid="23">address</w>
  <w id="24" lemma="|a|" pos="DT" wid="24">an</w>
  <w id="25" lemma="|appeal|" pos="NN" wid="25">appeal</w>
  <w id="26" lemma="|for|" pos="IN" wid="26">for</w>
  <w id="27" lemma="|prudence|" pos="NN" wid="27">prudence</w>
  <w id="28" lemma="|to|" pos="TO" wid="28">to</w>
  <w id="29" lemma="|those|" pos="DT" wid="29">those</w>
  <w id="30" lemma="|who|" pos="WP" wid="30">who</w>
  <w id="31" lemma="|be|" pos="VBP" wid="31">are</w>
  <w id="32" lemma="|set|" pos="VBG" wid="32">setting</w>
  <w id="33" lemma="|out|" pos="RP" wid="33">out</w>
  <w id="34" lemma="|for|" pos="IN" wid="34">for</w>
  <w id="35" lemma="|they|" pos="PRP$" wid="35">their</w>
  <w id="36" lemma="|various|" pos="JJ" wid="36">various</w>
  <w id="37" lemma="|vacation|" pos="NN" wid="37">vacation</w>
  <w id="38" lemma="|site|" pos="NNS" wid="38">sites</w>
  <w id="39" lemma="|.|" pos="." wid="39">.</w>
</sentence>
<sentence id="6">
  <w id="0" lemma="|every|" pos="DT" wid="0">Every</w>
  <w id="1" lemma="|day|" pos="NN" wid="1">day</w>
  <w id="2" lemma="|,|" pos="," wid="2">,</w>
  <w id="3" lemma="|unfortunately|" pos="RB" wid="3">unfortunately</w>
  <w id="4" lemma="|,|" pos="," wid="4">,</w>
  <w id="5" lemma="|especially|" pos="RB" wid="5">especially</w>
  <w id="6" lemma="|on|" pos="IN" wid="6">on</w>
  <w id="7" lemma="|the|" pos="DT" wid="7">the</w>
  <w id="8" lemma="|weekend|" pos="NN" wid="8">weekend</w>
  <w id="9" lemma="|,|" pos="," wid="9">,</w>
  <w id="10" lemma="|road|" pos="NN" wid="10">road</w>
  <w id="11" lemma="|accident|" pos="NNS" wid="11">accidents</w>
  <w id="12" lemma="|be|" pos="VBP" wid="12">are</w>
  <w id="13" lemma="|record|" pos="VBN" wid="13">recorded</w>
  <w id="14" lemma="|with|" pos="IN" wid="14">with</w>
  <w id="15" lemma="|so|" pos="RB" wid="15">so</w>
  <w id="16" lemma="|many|" pos="JJ" wid="16">many</w>
  <w id="17" lemma="|human|" pos="JJ" wid="17">human</w>
  <w id="18" lemma="|life|" pos="NNS" wid="18">lives</w>
  <w id="19" lemma="|tragically|" pos="RB" wid="19">tragically</w>
  <w id="20" lemma="|cut|" pos="VBD" wid="20">cut</w>
  <w id="21" lemma="|short|" pos="JJ" wid="21">short</w>
  <w id="22" lemma="|,|" pos="," wid="22">,</w>
  <w id="23" lemma="|and|" pos="CC" wid="23">and</w>
  <w id="24" lemma="|more|" pos="JJR" wid="24">more</w>
  <w id="25" lemma="|than|" pos="IN" wid="25">than</w>
  <w id="26" lemma="|half|" pos="PDT" wid="26">half</w>
  <w id="27" lemma="|the|" pos="DT" wid="27">the</w>
  <w id="28" lemma="|victim|" pos="NNS" wid="28">victims</w>
  <w id="29" lemma="|be|" pos="VBP" wid="29">are</w>
  <w id="30" lemma="|young|" pos="JJ" wid="30">young</w>
  <w id="31" lemma="|people|" pos="NNS" wid="31">people</w>
  <w id="32" lemma="|.|" pos="." wid="32">.</w>
</sentence>
<sentence id="7">
  <w id="0" lemma="|in|" pos="IN" wid="0">In</w>
  <w id="1" lemma="|recent|" pos="JJ" wid="1">recent</w>
  <w id="2" lemma="|year|" pos="NNS" wid="2">years</w>
  <w id="3" lemma="|much|" pos="RB" wid="3">much</w>
  <w id="4" lemma="|have|" pos="VBZ" wid="4">has</w>
  <w id="5" lemma="|be|" pos="VBN" wid="5">been</w>
  <w id="6" lemma="|do|" pos="VBN" wid="6">done</w>
  <w id="7" lemma="|to|" pos="TO" wid="7">to</w>
  <w id="8" lemma="|prevent|" pos="VB" wid="8">prevent</w>
  <w id="9" lemma="|these|" pos="DT" wid="9">these</w>
  <w id="10" lemma="|tragic|" pos="JJ" wid="10">tragic</w>
  <w id="11" lemma="|event|" pos="NNS" wid="11">events</w>
  <w id="12" lemma="|but|" pos="CC" wid="12">but</w>
  <w id="13" lemma="|more|" pos="JJR" wid="13">more</w>
  <w id="14" lemma="|can|" pos="MD" wid="14">can</w>
  <w id="15" lemma="|and|" pos="CC" wid="15">and</w>
  <w id="16" lemma="|must|" pos="MD" wid="16">must</w>
  <w id="17" lemma="|be|" pos="VB" wid="17">be</w>
  <w id="18" lemma="|do|" pos="VBN" wid="18">done</w>
  <w id="19" lemma="|,|" pos="," wid="19">,</w>
  <w id="20" lemma="|with|" pos="IN" wid="20">with</w>
  <w id="21" lemma="|the|" pos="DT" wid="21">the</w>
  <w id="22" lemma="|contribution|" pos="NN" wid="22">contribution</w>
  <w id="23" lemma="|and|" pos="CC" wid="23">and</w>
  <w id="24" lemma="|involvement|" pos="NN" wid="24">involvement</w>
  <w id="25" lemma="|of|" pos="IN" wid="25">of</w>
  <w id="26" lemma="|all|" pos="DT" wid="26">all</w>
  <w id="27" lemma="|.|" pos="." wid="27">.</w>
</sentence>
<sentence id="8">
  <w id="0" lemma="|it|" pos="PRP" wid="0">It</w>
  <w id="1" lemma="|be|" pos="VBZ" wid="1">is</w>
  <w id="2" lemma="|necessary|" pos="JJ" wid="2">necessary</w>
  <w id="3" lemma="|to|" pos="TO" wid="3">to</w>
  <w id="4" lemma="|combat|" pos="VB" wid="4">combat</w>
  <w id="5" lemma="|distraction|" pos="NN" wid="5">distraction</w>
  <w id="6" lemma="|and|" pos="CC" wid="6">and</w>
  <w id="7" lemma="|superficiality|" pos="NN" wid="7">superficiality</w>
  <w id="8" lemma="|which|" pos="WDT" wid="8">which</w>
  <w id="9" lemma="|,|" pos="," wid="9">,</w>
  <w id="10" lemma="|in|" pos="IN" wid="10">in</w>
  <w id="11" lemma="|a|" pos="DT" wid="11">an</w>
  <w id="12" lemma="|instant|" pos="NN" wid="12">instant</w>
  <w id="13" lemma="|,|" pos="," wid="13">,</w>
  <w id="14" lemma="|can|" pos="MD" wid="14">can</w>
  <w id="15" lemma="|ruin|" pos="VB" wid="15">ruin</w>
  <w id="16" lemma="|one|" pos="PRP" wid="16">one</w>
  <w id="17" lemma="|'s|" pos="POS" wid="17">'s</w>
  <w id="18" lemma="|own|" pos="JJ" wid="18">own</w>
  <w id="19" lemma="|future|" pos="NN" wid="19">future</w>
  <w id="20" lemma="|and|" pos="CC" wid="20">and</w>
  <w id="21" lemma="|that|" pos="DT" wid="21">that</w>
  <w id="22" lemma="|of|" pos="IN" wid="22">of</w>
  <w id="23" lemma="|other|" pos="NNS" wid="23">others</w>
  <w id="24" lemma="|.|" pos="." wid="24">.</w>
</sentence>
<sentence id="9">
  <w id="0" lemma="|Life|" pos="NNP" wid="0">Life</w>
  <w id="1" lemma="|be|" pos="VBZ" wid="1">is</w>
  <w id="2" lemma="|precious|" pos="JJ" wid="2">precious</w>
  <w id="3" lemma="|and|" pos="CC" wid="3">and</w>
  <w id="4" lemma="|unique|" pos="JJ" wid="4">unique</w>
  <w id="5" lemma="|:|" pos=":" wid="5">:</w>
  <w id="6" lemma="|it|" pos="PRP" wid="6">it</w>
  <w id="7" lemma="|must|" pos="MD" wid="7">must</w>
  <w id="8" lemma="|always|" pos="RB" wid="8">always</w>
  <w id="9" lemma="|be|" pos="VB" wid="9">be</w>
  <w id="10" lemma="|respect|" pos="VBN" wid="10">respected</w>
  <w id="11" lemma="|and|" pos="CC" wid="11">and</w>
  <w id="12" lemma="|protect|" pos="VBN" wid="12">protected</w>
  <w id="13" lemma="|,|" pos="," wid="13">,</w>
  <w id="14" lemma="|also|" pos="RB" wid="14">also</w>
  <w id="15" lemma="|by|" pos="IN" wid="15">by</w>
  <w id="16" lemma="|proper|" pos="JJ" wid="16">proper</w>
  <w id="17" lemma="|and|" pos="CC" wid="17">and</w>
  <w id="18" lemma="|careful|" pos="JJ" wid="18">careful</w>
  <w id="19" lemma="|conduct|" pos="NN" wid="19">conduct</w>
  <w id="20" lemma="|on|" pos="IN" wid="20">on</w>
  <w id="21" lemma="|the|" pos="DT" wid="21">the</w>
  <w id="22" lemma="|road|" pos="NNS" wid="22">roads</w>
  <w id="23" lemma="|.|" pos="." wid="23">.</w>
</sentence>
<sentence id="10">
  <w id="0" lemma="|May|" pos="NNP" wid="0">May</w>
  <w id="1" lemma="|the|" pos="DT" wid="1">the</w>
  <w id="2" lemma="|Virgin|" pos="NNP" wid="2">Virgin</w>
  <w id="3" lemma="|Mary|" pos="NNP" wid="3">Mary</w>
  <w id="4" lemma="|,|" pos="," wid="4">,</w>
  <w id="5" lemma="|who|" pos="WP" wid="5">who</w>
  <w id="6" lemma="|accompany|" pos="VBZ" wid="6">accompanies</w>
  <w id="7" lemma="|we|" pos="PRP" wid="7">us</w>
  <w id="8" lemma="|on|" pos="IN" wid="8">on</w>
  <w id="9" lemma="|we|" pos="PRP$" wid="9">our</w>
  <w id="10" lemma="|daily|" pos="JJ" wid="10">daily</w>
  <w id="11" lemma="|journey|" pos="NN" wid="11">journey</w>
  <w id="12" lemma="|through|" pos="IN" wid="12">through</w>
  <w id="13" lemma="|life|" pos="NN" wid="13">life</w>
  <w id="14" lemma="|,|" pos="," wid="14">,</w>
  <w id="15" lemma="|watch|" pos="NN" wid="15">watch</w>
  <w id="16" lemma="|over|" pos="IN" wid="16">over</w>
  <w id="17" lemma="|traveller|" pos="NNS" wid="17">travellers</w>
  <w id="18" lemma="|and|" pos="CC" wid="18">and</w>
  <w id="19" lemma="|obtain|" pos="VB" wid="19">obtain</w>
  <w id="20" lemma="|mercy|" pos="NN" wid="20">mercy</w>
  <w id="21" lemma="|for|" pos="IN" wid="21">for</w>
  <w id="22" lemma="|road|" pos="NN" wid="22">road</w>
  <w id="23" lemma="|victim|" pos="NNS" wid="23">victims</w>
  <w id="24" lemma="|.|" pos="." wid="24">.</w>
</sentence>
<sentence id="11">
  <w id="0" lemma="|with|" pos="IN" wid="0">With</w>
  <w id="1" lemma="|the|" pos="DT" wid="1">the</w>
  <w id="2" lemma="|upcome|" pos="VBG" wid="2">upcoming</w>
  <w id="3" lemma="|Feast|" pos="NNP" wid="3">Feast</w>
  <w id="4" lemma="|of|" pos="IN" wid="4">of</w>
  <w id="5" lemma="|the|" pos="DT" wid="5">the</w>
  <w id="6" lemma="|Holy|" pos="NNP" wid="6">Holy</w>
  <w id="7" lemma="|Apostles|" pos="NNPS" wid="7">Apostles</w>
  <w id="8" lemma="|Peter|" pos="NNP" wid="8">Peter</w>
  <w id="9" lemma="|and|" pos="CC" wid="9">and</w>
  <w id="10" lemma="|Paul|" pos="NNP" wid="10">Paul</w>
  <w id="11" lemma="|,|" pos="," wid="11">,</w>
  <w id="12" lemma="|let|" pos="VB" wid="12">let</w>
  <w id="13" lemma="|we|" pos="PRP" wid="13">us</w>
  <w id="14" lemma="|entrust|" pos="VB" wid="14">entrust</w>
  <w id="15" lemma="|the|" pos="DT" wid="15">the</w>
  <w id="16" lemma="|Church|" pos="NNP" wid="16">Church</w>
  <w id="17" lemma="|and|" pos="CC" wid="17">and</w>
  <w id="18" lemma="|she|" pos="PRP$" wid="18">her</w>
  <w id="19" lemma="|missionary|" pos="JJ" wid="19">missionary</w>
  <w id="20" lemma="|action|" pos="NN" wid="20">action</w>
  <w id="21" lemma="|throughout|" pos="IN" wid="21">throughout</w>
  <w id="22" lemma="|the|" pos="DT" wid="22">the</w>
  <w id="23" lemma="|world|" pos="NN" wid="23">world</w>
  <w id="24" lemma="|to|" pos="TO" wid="24">to</w>
  <w id="25" lemma="|she|" pos="PRP$" wid="25">Her</w>
  <w id="26" lemma="|,|" pos="," wid="26">,</w>
  <w id="27" lemma="|the|" pos="DT" wid="27">the</w>
  <w id="28" lemma="|heavenly|" pos="JJ" wid="28">heavenly</w>
  <w id="29" lemma="|queen|" pos="NN" wid="29">Queen</w>
  <w id="30" lemma="|of|" pos="IN" wid="30">of</w>
  <w id="31" lemma="|the|" pos="DT" wid="31">the</w>
  <w id="32" lemma="|Apostles|" pos="NNPS" wid="32">Apostles</w>
  <w id="33" lemma="|.|" pos="." wid="33">.</w>
</sentence>
<sentence id="12">
  <w id="0" lemma="|after|" pos="IN" wid="0">After</w>
  <w id="1" lemma="|the|" pos="DT" wid="1">the</w>
  <w id="2" lemma="|Angelus|" pos="NNP" wid="2">Angelus</w>
  <w id="3" lemma="|,|" pos="," wid="3">,</w>
  <w id="4" lemma="|the|" pos="DT" wid="4">the</w>
  <w id="5" lemma="|Pope|" pos="NNP" wid="5">Pope</w>
  <w id="6" lemma="|greet|" pos="VBD" wid="6">greeted</w>
  <w id="7" lemma="|the|" pos="DT" wid="7">the</w>
  <w id="8" lemma="|pilgrim|" pos="NNS" wid="8">pilgrims</w>
  <w id="9" lemma="|in|" pos="IN" wid="9">in</w>
  <w id="10" lemma="|various|" pos="JJ" wid="10">various</w>
  <w id="11" lemma="|language|" pos="NNS" wid="11">languages</w>
  <w id="12" lemma="|.|" pos="." wid="12">.</w>
</sentence>
<sentence id="13">
  <w id="0" lemma="|to|" pos="TO" wid="0">To</w>
  <w id="1" lemma="|the|" pos="DT" wid="1">the</w>
  <w id="2" lemma="|english-speaking|" pos="JJ" wid="2">English-speaking</w>
  <w id="3" lemma="|pilgrim|" pos="NNS" wid="3">pilgrims</w>
  <w id="4" lemma="|he|" pos="PRP" wid="4">he</w>
  <w id="5" lemma="|say|" pos="VBD" wid="5">said</w>
  <w id="6" lemma="|:|" pos=":" wid="6">:</w>
  <w id="7" lemma="|I|" pos="PRP" wid="7">I</w>
  <w id="8" lemma="|greet|" pos="VB" wid="8">greet</w>
  <w id="9" lemma="|all|" pos="PDT" wid="9">all</w>
  <w id="10" lemma="|the|" pos="DT" wid="10">the</w>
  <w id="11" lemma="|english-speaking|" pos="JJ" wid="11">English-speaking</w>
  <w id="12" lemma="|pilgrim|" pos="NNS" wid="12">pilgrims</w>
  <w id="13" lemma="|present|" pos="VBP" wid="13">present</w>
  <w id="14" lemma="|today|" pos="NN" wid="14">today</w>
  <w id="15" lemma="|in|" pos="IN" wid="15">in</w>
  <w id="16" lemma="|the|" pos="DT" wid="16">the</w>
  <w id="17" lemma="|Square|" pos="NNP" wid="17">Square</w>
  <w id="18" lemma="|and|" pos="CC" wid="18">and</w>
  <w id="19" lemma="|I|" pos="PRP" wid="19">I</w>
  <w id="20" lemma="|wish|" pos="VBP" wid="20">wish</w>
  <w id="21" lemma="|all|" pos="DT" wid="21">all</w>
  <w id="22" lemma="|of|" pos="IN" wid="22">of</w>
  <w id="23" lemma="|you|" pos="PRP" wid="23">you</w>
  <w id="24" lemma="|a|" pos="DT" wid="24">a</w>
  <w id="25" lemma="|pleasant|" pos="JJ" wid="25">pleasant</w>
  <w id="26" lemma="|Sunday|" pos="NNP" wid="26">Sunday</w>
  <w id="27" lemma="|.|" pos="." wid="27">.</w>
</sentence>
</corpus>