<corpus id="0">
<sentence id="0">
  <w id="0" lemma="|Dear|" pos="NNP" wid="0">Dear</w>
  <w id="1" lemma="|Brothers|" pos="NNPS" wid="1">Brothers</w>
  <w id="2" lemma="|and|" pos="CC" wid="2">and</w>
  <w id="3" lemma="|sister|" pos="NNS" wid="3">Sisters</w>
  <w id="4" lemma="|,|" pos="," wid="4">,</w>
  <w id="5" lemma="|we|" pos="PRP" wid="5">We</w>
  <w id="6" lemma="|be|" pos="VBP" wid="6">are</w>
  <w id="7" lemma="|celebrate|" pos="VBG" wid="7">celebrating</w>
  <w id="8" lemma="|with|" pos="IN" wid="8">with</w>
  <w id="9" lemma="|joy|" pos="NN" wid="9">joy</w>
  <w id="10" lemma="|the|" pos="DT" wid="10">the</w>
  <w id="11" lemma="|liturgical|" pos="JJ" wid="11">liturgical</w>
  <w id="12" lemma="|solemnity|" pos="NN" wid="12">Solemnity</w>
  <w id="13" lemma="|of|" pos="IN" wid="13">of</w>
  <w id="14" lemma="|the|" pos="DT" wid="14">the</w>
  <w id="15" lemma="|Holy|" pos="NNP" wid="15">Holy</w>
  <w id="16" lemma="|Apostles|" pos="NNPS" wid="16">Apostles</w>
  <w id="17" lemma="|Peter|" pos="NNP" wid="17">Peter</w>
  <w id="18" lemma="|and|" pos="CC" wid="18">and</w>
  <w id="19" lemma="|Paul|" pos="NNP" wid="19">Paul</w>
  <w id="20" lemma="|,|" pos="," wid="20">,</w>
  <w id="21" lemma="|a|" pos="DT" wid="21">a</w>
  <w id="22" lemma="|Feast|" pos="NNP" wid="22">Feast</w>
  <w id="23" lemma="|that|" pos="WDT" wid="23">that</w>
  <w id="24" lemma="|accompany|" pos="VBZ" wid="24">accompanies</w>
  <w id="25" lemma="|the|" pos="DT" wid="25">the</w>
  <w id="26" lemma="|2,000-year-old|" pos="JJ" wid="26">2,000-year-old</w>
  <w id="27" lemma="|history|" pos="NN" wid="27">history</w>
  <w id="28" lemma="|of|" pos="IN" wid="28">of</w>
  <w id="29" lemma="|the|" pos="DT" wid="29">the</w>
  <w id="30" lemma="|christian|" pos="JJ" wid="30">Christian</w>
  <w id="31" lemma="|people|" pos="NNS" wid="31">people</w>
  <w id="32" lemma="|.|" pos="." wid="32">.</w>
</sentence>
<sentence id="1">
  <w id="0" lemma="|they|" pos="PRP" wid="0">They</w>
  <w id="1" lemma="|be|" pos="VBP" wid="1">are</w>
  <w id="2" lemma="|call|" pos="VBN" wid="2">called</w>
  <w id="3" lemma="|the|" pos="DT" wid="3">the</w>
  <w id="4" lemma="|pillar|" pos="NNS" wid="4">pillars</w>
  <w id="5" lemma="|of|" pos="IN" wid="5">of</w>
  <w id="6" lemma="|the|" pos="DT" wid="6">the</w>
  <w id="7" lemma="|nascent|" pos="JJ" wid="7">nascent</w>
  <w id="8" lemma="|Church|" pos="NNP" wid="8">Church</w>
  <w id="9" lemma="|.|" pos="." wid="9">.</w>
</sentence>
<sentence id="2">
  <w id="0" lemma="|outstanding|" pos="JJ" wid="0">Outstanding</w>
  <w id="1" lemma="|witness|" pos="NNS" wid="1">witnesses</w>
  <w id="2" lemma="|of|" pos="IN" wid="2">of</w>
  <w id="3" lemma="|the|" pos="DT" wid="3">the</w>
  <w id="4" lemma="|faith|" pos="NN" wid="4">faith</w>
  <w id="5" lemma="|who|" pos="WP" wid="5">who</w>
  <w id="6" lemma="|spread|" pos="VBD" wid="6">spread</w>
  <w id="7" lemma="|the|" pos="DT" wid="7">the</w>
  <w id="8" lemma="|Kingdom|" pos="NNP" wid="8">Kingdom</w>
  <w id="9" lemma="|of|" pos="IN" wid="9">of</w>
  <w id="10" lemma="|God|" pos="NNP" wid="10">God</w>
  <w id="11" lemma="|with|" pos="IN" wid="11">with</w>
  <w id="12" lemma="|they|" pos="PRP$" wid="12">their</w>
  <w id="13" lemma="|various|" pos="JJ" wid="13">various</w>
  <w id="14" lemma="|gift|" pos="NNS" wid="14">gifts</w>
  <w id="15" lemma="|and|" pos="CC" wid="15">and</w>
  <w id="16" lemma="|,|" pos="," wid="16">,</w>
  <w id="17" lemma="|follow|" pos="VBG" wid="17">following</w>
  <w id="18" lemma="|the|" pos="DT" wid="18">the</w>
  <w id="19" lemma="|example|" pos="NN" wid="19">example</w>
  <w id="20" lemma="|of|" pos="IN" wid="20">of</w>
  <w id="21" lemma="|the|" pos="DT" wid="21">the</w>
  <w id="22" lemma="|Divine|" pos="NNP" wid="22">Divine</w>
  <w id="23" lemma="|Master|" pos="NNP" wid="23">Master</w>
  <w id="24" lemma="|,|" pos="," wid="24">,</w>
  <w id="25" lemma="|they|" pos="PRP" wid="25">they</w>
  <w id="26" lemma="|seal|" pos="VBD" wid="26">sealed</w>
  <w id="27" lemma="|they|" pos="PRP$" wid="27">their</w>
  <w id="28" lemma="|gospel|" pos="NN" wid="28">Gospel</w>
  <w id="29" lemma="|preach|" pos="VBG" wid="29">preaching</w>
  <w id="30" lemma="|with|" pos="IN" wid="30">with</w>
  <w id="31" lemma="|blood|" pos="NN" wid="31">blood</w>
  <w id="32" lemma="|.|" pos="." wid="32">.</w>
</sentence>
<sentence id="3">
  <w id="0" lemma="|they|" pos="PRP$" wid="0">Their</w>
  <w id="1" lemma="|martyrdom|" pos="NN" wid="1">martyrdom</w>
  <w id="2" lemma="|be|" pos="VBZ" wid="2">is</w>
  <w id="3" lemma="|a|" pos="DT" wid="3">a</w>
  <w id="4" lemma="|sign|" pos="NN" wid="4">sign</w>
  <w id="5" lemma="|of|" pos="IN" wid="5">of</w>
  <w id="6" lemma="|the|" pos="DT" wid="6">the</w>
  <w id="7" lemma="|Church|" pos="NNP" wid="7">Church</w>
  <w id="8" lemma="|'s|" pos="POS" wid="8">'s</w>
  <w id="9" lemma="|unity|" pos="NN" wid="9">unity</w>
  <w id="10" lemma="|,|" pos="," wid="10">,</w>
  <w id="11" lemma="|as|" pos="IN" wid="11">as</w>
  <w id="12" lemma="|St|" pos="NNP" wid="12">St</w>
  <w id="13" lemma="|Augustine|" pos="NNP" wid="13">Augustine</w>
  <w id="14" lemma="|say|" pos="VBZ" wid="14">says</w>
  <w id="15" lemma="|:|" pos=":" wid="15">:</w>
  <w id="16" lemma="|``|" pos="``" wid="16">``</w>
  <w id="17" lemma="|only|" pos="RB" wid="17">Only</w>
  <w id="18" lemma="|one|" pos="CD" wid="18">one</w>
  <w id="19" lemma="|day|" pos="NN" wid="19">day</w>
  <w id="20" lemma="|be|" pos="VBZ" wid="20">is</w>
  <w id="21" lemma="|consecrate|" pos="VBN" wid="21">consecrated</w>
  <w id="22" lemma="|to|" pos="TO" wid="22">to</w>
  <w id="23" lemma="|the|" pos="DT" wid="23">the</w>
  <w id="24" lemma="|feast|" pos="NN" wid="24">Feast</w>
  <w id="25" lemma="|of|" pos="IN" wid="25">of</w>
  <w id="26" lemma="|the|" pos="DT" wid="26">the</w>
  <w id="27" lemma="|two|" pos="CD" wid="27">two</w>
  <w id="28" lemma="|apostle|" pos="NNS" wid="28">Apostles</w>
  <w id="29" lemma="|.|" pos="." wid="29">.</w>
</sentence>
<sentence id="4">
  <w id="0" lemma="|but|" pos="CC" wid="0">But</w>
  <w id="1" lemma="|they|" pos="PRP" wid="1">they</w>
  <w id="2" lemma="|too|" pos="RB" wid="2">too</w>
  <w id="3" lemma="|be|" pos="VBP" wid="3">are</w>
  <w id="4" lemma="|only|" pos="RB" wid="4">only</w>
  <w id="5" lemma="|one|" pos="CD" wid="5">one</w>
  <w id="6" lemma="|.|" pos="." wid="6">.</w>
</sentence>
<sentence id="5">
  <w id="0" lemma="|although|" pos="IN" wid="0">Although</w>
  <w id="1" lemma="|they|" pos="PRP" wid="1">they</w>
  <w id="2" lemma="|be|" pos="VBD" wid="2">were</w>
  <w id="3" lemma="|martyr|" pos="VBN" wid="3">martyred</w>
  <w id="4" lemma="|on|" pos="IN" wid="4">on</w>
  <w id="5" lemma="|different|" pos="JJ" wid="5">different</w>
  <w id="6" lemma="|day|" pos="NNS" wid="6">days</w>
  <w id="7" lemma="|they|" pos="PRP" wid="7">they</w>
  <w id="8" lemma="|be|" pos="VBD" wid="8">were</w>
  <w id="9" lemma="|one|" pos="CD" wid="9">one</w>
  <w id="10" lemma="|.|" pos="." wid="10">.</w>
</sentence>
<sentence id="6">
  <w id="0" lemma="|Peter|" pos="NNP" wid="0">Peter</w>
  <w id="1" lemma="|come|" pos="VBD" wid="1">came</w>
  <w id="2" lemma="|first|" pos="RB" wid="2">first</w>
  <w id="3" lemma="|and|" pos="CC" wid="3">and</w>
  <w id="4" lemma="|Paul|" pos="NNP" wid="4">Paul</w>
  <w id="5" lemma="|follow|" pos="VBD" wid="5">followed</w>
  <w id="6" lemma="|''|" pos="''" wid="6">''</w>
  <w id="7" lemma="|-lrb-|" pos="-LRB-" wid="7">-LRB-</w>
  <w id="8" lemma="|Disc|" pos="NNP" wid="8">Disc</w>
  <w id="9" lemma="|.|" pos="." wid="9">.</w>
</sentence>
<sentence id="7">
  <w id="0" lemma="|295|" pos="CD" wid="0">295</w>
  <w id="1" lemma="|,|" pos="," wid="1">,</w>
  <w id="2" lemma="|8|" pos="CD" wid="2">8</w>
  <w id="3" lemma="|:|" pos=":" wid="3">:</w>
  <w id="4" lemma="|pl|" pos="NN" wid="4">PL</w>
  <w id="5" lemma="|38|" pos="CD" wid="5">38</w>
  <w id="6" lemma="|,|" pos="," wid="6">,</w>
  <w id="7" lemma="|1352|" pos="CD" wid="7">1352</w>
  <w id="8" lemma="|-rrb-|" pos="-RRB-" wid="8">-RRB-</w>
  <w id="9" lemma="|.|" pos="." wid="9">.</w>
</sentence>
<sentence id="8">
  <w id="0" lemma="|the|" pos="DT" wid="0">The</w>
  <w id="1" lemma="|Vatican|" pos="NNP" wid="1">Vatican</w>
  <w id="2" lemma="|basilica|" pos="NN" wid="2">Basilica</w>
  <w id="3" lemma="|and|" pos="CC" wid="3">and</w>
  <w id="4" lemma="|this|" pos="DT" wid="4">this</w>
  <w id="5" lemma="|square|" pos="NN" wid="5">square</w>
  <w id="6" lemma="|,|" pos="," wid="6">,</w>
  <w id="7" lemma="|so|" pos="RB" wid="7">so</w>
  <w id="8" lemma="|important|" pos="JJ" wid="8">important</w>
  <w id="9" lemma="|to|" pos="TO" wid="9">to</w>
  <w id="10" lemma="|Christianity|" pos="NNP" wid="10">Christianity</w>
  <w id="11" lemma="|,|" pos="," wid="11">,</w>
  <w id="12" lemma="|be|" pos="VBP" wid="12">are</w>
  <w id="13" lemma="|a|" pos="DT" wid="13">an</w>
  <w id="14" lemma="|eloquent|" pos="JJ" wid="14">eloquent</w>
  <w id="15" lemma="|sign|" pos="NN" wid="15">sign</w>
  <w id="16" lemma="|of|" pos="IN" wid="16">of</w>
  <w id="17" lemma="|Peter|" pos="NNP" wid="17">Peter</w>
  <w id="18" lemma="|'s|" pos="POS" wid="18">'s</w>
  <w id="19" lemma="|sacrifice|" pos="NN" wid="19">sacrifice</w>
  <w id="20" lemma="|.|" pos="." wid="20">.</w>
</sentence>
<sentence id="9">
  <w id="0" lemma="|significant|" pos="JJ" wid="0">Significant</w>
  <w id="1" lemma="|trace|" pos="NNS" wid="1">traces</w>
  <w id="2" lemma="|even|" pos="RB" wid="2">even</w>
  <w id="3" lemma="|remain|" pos="VBP" wid="3">remain</w>
  <w id="4" lemma="|in|" pos="IN" wid="4">in</w>
  <w id="5" lemma="|we|" pos="PRP$" wid="5">our</w>
  <w id="6" lemma="|city|" pos="NN" wid="6">City</w>
  <w id="7" lemma="|of|" pos="IN" wid="7">of</w>
  <w id="8" lemma="|the|" pos="DT" wid="8">the</w>
  <w id="9" lemma="|martyrdom|" pos="NN" wid="9">martyrdom</w>
  <w id="10" lemma="|of|" pos="IN" wid="10">of</w>
  <w id="11" lemma="|Paul|" pos="NNP" wid="11">Paul</w>
  <w id="12" lemma="|,|" pos="," wid="12">,</w>
  <w id="13" lemma="|especially|" pos="RB" wid="13">especially</w>
  <w id="14" lemma="|the|" pos="DT" wid="14">the</w>
  <w id="15" lemma="|basilica|" pos="NN" wid="15">Basilica</w>
  <w id="16" lemma="|dedicate|" pos="VBN" wid="16">dedicated</w>
  <w id="17" lemma="|to|" pos="TO" wid="17">to</w>
  <w id="18" lemma="|he|" pos="PRP" wid="18">him</w>
  <w id="19" lemma="|on|" pos="IN" wid="19">on</w>
  <w id="20" lemma="|the|" pos="DT" wid="20">the</w>
  <w id="21" lemma="|Ostian|" pos="NNP" wid="21">Ostian</w>
  <w id="22" lemma="|Way|" pos="NNP" wid="22">Way</w>
  <w id="23" lemma="|.|" pos="." wid="23">.</w>
</sentence>
<sentence id="10">
  <w id="0" lemma="|Rome|" pos="NNP" wid="0">Rome</w>
  <w id="1" lemma="|have|" pos="VBZ" wid="1">has</w>
  <w id="2" lemma="|engrave|" pos="VBN" wid="2">engraved</w>
  <w id="3" lemma="|in|" pos="IN" wid="3">in</w>
  <w id="4" lemma="|its|" pos="PRP$" wid="4">its</w>
  <w id="5" lemma="|history|" pos="NN" wid="5">history</w>
  <w id="6" lemma="|sign|" pos="NNS" wid="6">signs</w>
  <w id="7" lemma="|of|" pos="IN" wid="7">of</w>
  <w id="8" lemma="|the|" pos="DT" wid="8">the</w>
  <w id="9" lemma="|glorious|" pos="JJ" wid="9">glorious</w>
  <w id="10" lemma="|life|" pos="NN" wid="10">life</w>
  <w id="11" lemma="|and|" pos="CC" wid="11">and</w>
  <w id="12" lemma="|death|" pos="NN" wid="12">death</w>
  <w id="13" lemma="|of|" pos="IN" wid="13">of</w>
  <w id="14" lemma="|the|" pos="DT" wid="14">the</w>
  <w id="15" lemma="|humble|" pos="JJ" wid="15">humble</w>
  <w id="16" lemma="|Fisherman|" pos="NNP" wid="16">Fisherman</w>
  <w id="17" lemma="|from|" pos="IN" wid="17">from</w>
  <w id="18" lemma="|Galilee|" pos="NNP" wid="18">Galilee</w>
  <w id="19" lemma="|and|" pos="CC" wid="19">and</w>
  <w id="20" lemma="|the|" pos="DT" wid="20">the</w>
  <w id="21" lemma="|Apostle|" pos="NNP" wid="21">Apostle</w>
  <w id="22" lemma="|to|" pos="TO" wid="22">to</w>
  <w id="23" lemma="|the|" pos="DT" wid="23">the</w>
  <w id="24" lemma="|Gentiles|" pos="NNPS" wid="24">Gentiles</w>
  <w id="25" lemma="|,|" pos="," wid="25">,</w>
  <w id="26" lemma="|who|" pos="WP" wid="26">who</w>
  <w id="27" lemma="|have|" pos="VBP" wid="27">have</w>
  <w id="28" lemma="|be|" pos="VBN" wid="28">been</w>
  <w id="29" lemma="|rightly|" pos="RB" wid="29">rightly</w>
  <w id="30" lemma="|choose|" pos="VBN" wid="30">chosen</w>
  <w id="31" lemma="|as|" pos="IN" wid="31">as</w>
  <w id="32" lemma="|Protectors|" pos="NNP" wid="32">Protectors</w>
  <w id="33" lemma="|.|" pos="." wid="33">.</w>
</sentence>
<sentence id="11">
  <w id="0" lemma="|in|" pos="IN" wid="0">In</w>
  <w id="1" lemma="|recall|" pos="VBG" wid="1">recalling</w>
  <w id="2" lemma="|they|" pos="PRP$" wid="2">their</w>
  <w id="3" lemma="|luminous|" pos="JJ" wid="3">luminous</w>
  <w id="4" lemma="|testimony|" pos="NN" wid="4">testimony</w>
  <w id="5" lemma="|,|" pos="," wid="5">,</w>
  <w id="6" lemma="|we|" pos="PRP" wid="6">we</w>
  <w id="7" lemma="|remember|" pos="VBP" wid="7">remember</w>
  <w id="8" lemma="|the|" pos="DT" wid="8">the</w>
  <w id="9" lemma="|venerable|" pos="JJ" wid="9">venerable</w>
  <w id="10" lemma="|beginning|" pos="NNS" wid="10">beginnings</w>
  <w id="11" lemma="|of|" pos="IN" wid="11">of</w>
  <w id="12" lemma="|the|" pos="DT" wid="12">the</w>
  <w id="13" lemma="|Church|" pos="NNP" wid="13">Church</w>
  <w id="14" lemma="|which|" pos="WDT" wid="14">which</w>
  <w id="15" lemma="|believe|" pos="VBZ" wid="15">believes</w>
  <w id="16" lemma="|,|" pos="," wid="16">,</w>
  <w id="17" lemma="|pray|" pos="VBZ" wid="17">prays</w>
  <w id="18" lemma="|and|" pos="CC" wid="18">and</w>
  <w id="19" lemma="|announce|" pos="VBZ" wid="19">announces</w>
  <w id="20" lemma="|Christ|" pos="NNP" wid="20">Christ</w>
  <w id="21" lemma="|the|" pos="DT" wid="21">the</w>
  <w id="22" lemma="|Redeemer|" pos="NNP" wid="22">Redeemer</w>
  <w id="23" lemma="|in|" pos="IN" wid="23">in</w>
  <w id="24" lemma="|Rome|" pos="NNP" wid="24">Rome</w>
  <w id="25" lemma="|.|" pos="." wid="25">.</w>
</sentence>
<sentence id="12">
  <w id="0" lemma="|but|" pos="CC" wid="0">But</w>
  <w id="1" lemma="|Sts|" pos="NNP" wid="1">Sts</w>
  <w id="2" lemma="|Peter|" pos="NNP" wid="2">Peter</w>
  <w id="3" lemma="|and|" pos="CC" wid="3">and</w>
  <w id="4" lemma="|Paul|" pos="NNP" wid="4">Paul</w>
  <w id="5" lemma="|shine|" pos="VBP" wid="5">shine</w>
  <w id="6" lemma="|not|" pos="RB" wid="6">not</w>
  <w id="7" lemma="|only|" pos="RB" wid="7">only</w>
  <w id="8" lemma="|in|" pos="IN" wid="8">in</w>
  <w id="9" lemma="|the|" pos="DT" wid="9">the</w>
  <w id="10" lemma="|sky|" pos="NN" wid="10">sky</w>
  <w id="11" lemma="|of|" pos="IN" wid="11">of</w>
  <w id="12" lemma="|Rome|" pos="NNP" wid="12">Rome</w>
  <w id="13" lemma="|but|" pos="CC" wid="13">but</w>
  <w id="14" lemma="|also|" pos="RB" wid="14">also</w>
  <w id="15" lemma="|in|" pos="IN" wid="15">in</w>
  <w id="16" lemma="|the|" pos="DT" wid="16">the</w>
  <w id="17" lemma="|heart|" pos="NNS" wid="17">hearts</w>
  <w id="18" lemma="|of|" pos="IN" wid="18">of</w>
  <w id="19" lemma="|all|" pos="DT" wid="19">all</w>
  <w id="20" lemma="|believer|" pos="NNS" wid="20">believers</w>
  <w id="21" lemma="|who|" pos="WP" wid="21">who</w>
  <w id="22" lemma="|,|" pos="," wid="22">,</w>
  <w id="23" lemma="|illuminate|" pos="VBN" wid="23">illuminated</w>
  <w id="24" lemma="|by|" pos="IN" wid="24">by</w>
  <w id="25" lemma="|they|" pos="PRP$" wid="25">their</w>
  <w id="26" lemma="|teaching|" pos="NN" wid="26">teaching</w>
  <w id="27" lemma="|and|" pos="CC" wid="27">and</w>
  <w id="28" lemma="|they|" pos="PRP$" wid="28">their</w>
  <w id="29" lemma="|example|" pos="NN" wid="29">example</w>
  <w id="30" lemma="|,|" pos="," wid="30">,</w>
  <w id="31" lemma="|walk|" pos="NN" wid="31">walk</w>
  <w id="32" lemma="|in|" pos="IN" wid="32">in</w>
  <w id="33" lemma="|every|" pos="DT" wid="33">every</w>
  <w id="34" lemma="|part|" pos="NN" wid="34">part</w>
  <w id="35" lemma="|of|" pos="IN" wid="35">of</w>
  <w id="36" lemma="|the|" pos="DT" wid="36">the</w>
  <w id="37" lemma="|world|" pos="NN" wid="37">world</w>
  <w id="38" lemma="|on|" pos="IN" wid="38">on</w>
  <w id="39" lemma="|the|" pos="DT" wid="39">the</w>
  <w id="40" lemma="|path|" pos="NN" wid="40">path</w>
  <w id="41" lemma="|of|" pos="IN" wid="41">of</w>
  <w id="42" lemma="|faith|" pos="NN" wid="42">faith</w>
  <w id="43" lemma="|,|" pos="," wid="43">,</w>
  <w id="44" lemma="|hope|" pos="NN" wid="44">hope</w>
  <w id="45" lemma="|and|" pos="CC" wid="45">and</w>
  <w id="46" lemma="|love|" pos="NN" wid="46">love</w>
  <w id="47" lemma="|.|" pos="." wid="47">.</w>
</sentence>
<sentence id="13">
  <w id="0" lemma="|on|" pos="IN" wid="0">On</w>
  <w id="1" lemma="|this|" pos="DT" wid="1">this</w>
  <w id="2" lemma="|path|" pos="NN" wid="2">path</w>
  <w id="3" lemma="|of|" pos="IN" wid="3">of</w>
  <w id="4" lemma="|salvation|" pos="NN" wid="4">salvation</w>
  <w id="5" lemma="|,|" pos="," wid="5">,</w>
  <w id="6" lemma="|the|" pos="DT" wid="6">the</w>
  <w id="7" lemma="|Christian|" pos="NNP" wid="7">Christian</w>
  <w id="8" lemma="|community|" pos="NN" wid="8">community</w>
  <w id="9" lemma="|,|" pos="," wid="9">,</w>
  <w id="10" lemma="|support|" pos="VBN" wid="10">supported</w>
  <w id="11" lemma="|by|" pos="IN" wid="11">by</w>
  <w id="12" lemma="|the|" pos="DT" wid="12">the</w>
  <w id="13" lemma="|presence|" pos="NN" wid="13">presence</w>
  <w id="14" lemma="|of|" pos="IN" wid="14">of</w>
  <w id="15" lemma="|the|" pos="DT" wid="15">the</w>
  <w id="16" lemma="|spirit|" pos="NN" wid="16">Spirit</w>
  <w id="17" lemma="|of|" pos="IN" wid="17">of</w>
  <w id="18" lemma="|the|" pos="DT" wid="18">the</w>
  <w id="19" lemma="|living|" pos="NN" wid="19">living</w>
  <w id="20" lemma="|God|" pos="NNP" wid="20">God</w>
  <w id="21" lemma="|,|" pos="," wid="21">,</w>
  <w id="22" lemma="|feel|" pos="VBZ" wid="22">feels</w>
  <w id="23" lemma="|encourage|" pos="VBN" wid="23">encouraged</w>
  <w id="24" lemma="|to|" pos="TO" wid="24">to</w>
  <w id="25" lemma="|move|" pos="VB" wid="25">move</w>
  <w id="26" lemma="|forward|" pos="RB" wid="26">forward</w>
  <w id="27" lemma="|with|" pos="IN" wid="27">with</w>
  <w id="28" lemma="|strength|" pos="NN" wid="28">strength</w>
  <w id="29" lemma="|and|" pos="CC" wid="29">and</w>
  <w id="30" lemma="|serenity|" pos="NN" wid="30">serenity</w>
  <w id="31" lemma="|on|" pos="IN" wid="31">on</w>
  <w id="32" lemma="|the|" pos="DT" wid="32">the</w>
  <w id="33" lemma="|road|" pos="NN" wid="33">road</w>
  <w id="34" lemma="|of|" pos="IN" wid="34">of</w>
  <w id="35" lemma="|fidelity|" pos="NN" wid="35">fidelity</w>
  <w id="36" lemma="|to|" pos="TO" wid="36">to</w>
  <w id="37" lemma="|Christ|" pos="NNP" wid="37">Christ</w>
  <w id="38" lemma="|and|" pos="CC" wid="38">and</w>
  <w id="39" lemma="|the|" pos="DT" wid="39">the</w>
  <w id="40" lemma="|proclamation|" pos="NN" wid="40">proclamation</w>
  <w id="41" lemma="|of|" pos="IN" wid="41">of</w>
  <w id="42" lemma="|the|" pos="DT" wid="42">the</w>
  <w id="43" lemma="|Gospel|" pos="NNP" wid="43">Gospel</w>
  <w id="44" lemma="|to|" pos="TO" wid="44">to</w>
  <w id="45" lemma="|man|" pos="NNS" wid="45">men</w>
  <w id="46" lemma="|and|" pos="CC" wid="46">and</w>
  <w id="47" lemma="|woman|" pos="NNS" wid="47">women</w>
  <w id="48" lemma="|in|" pos="IN" wid="48">in</w>
  <w id="49" lemma="|every|" pos="DT" wid="49">every</w>
  <w id="50" lemma="|era|" pos="NN" wid="50">era</w>
  <w id="51" lemma="|.|" pos="." wid="51">.</w>
</sentence>
<sentence id="14">
  <w id="0" lemma="|on|" pos="IN" wid="0">On</w>
  <w id="1" lemma="|this|" pos="DT" wid="1">this</w>
  <w id="2" lemma="|fruitful|" pos="JJ" wid="2">fruitful</w>
  <w id="3" lemma="|route|" pos="NN" wid="3">route</w>
  <w id="4" lemma="|,|" pos="," wid="4">,</w>
  <w id="5" lemma="|spiritual|" pos="JJ" wid="5">spiritual</w>
  <w id="6" lemma="|and|" pos="CC" wid="6">and</w>
  <w id="7" lemma="|missionary|" pos="JJ" wid="7">missionary</w>
  <w id="8" lemma="|,|" pos="," wid="8">,</w>
  <w id="9" lemma="|we|" pos="PRP" wid="9">we</w>
  <w id="10" lemma="|situate|" pos="VBP" wid="10">situate</w>
  <w id="11" lemma="|the|" pos="DT" wid="11">the</w>
  <w id="12" lemma="|conferral|" pos="NN" wid="12">conferral</w>
  <w id="13" lemma="|of|" pos="IN" wid="13">of</w>
  <w id="14" lemma="|the|" pos="DT" wid="14">the</w>
  <w id="15" lemma="|pallium|" pos="NN" wid="15">Pallium</w>
  <w id="16" lemma="|on|" pos="IN" wid="16">on</w>
  <w id="17" lemma="|the|" pos="DT" wid="17">the</w>
  <w id="18" lemma="|Metropolitan|" pos="NNP" wid="18">Metropolitan</w>
  <w id="19" lemma="|Archbishops|" pos="NNPS" wid="19">Archbishops</w>
  <w id="20" lemma="|,|" pos="," wid="20">,</w>
  <w id="21" lemma="|which|" pos="WDT" wid="21">which</w>
  <w id="22" lemma="|I|" pos="PRP" wid="22">I</w>
  <w id="23" lemma="|perform|" pos="VBD" wid="23">performed</w>
  <w id="24" lemma="|this|" pos="DT" wid="24">this</w>
  <w id="25" lemma="|morning|" pos="NN" wid="25">morning</w>
  <w id="26" lemma="|in|" pos="IN" wid="26">in</w>
  <w id="27" lemma="|the|" pos="DT" wid="27">the</w>
  <w id="28" lemma="|basilica|" pos="NN" wid="28">Basilica</w>
  <w id="29" lemma="|.|" pos="." wid="29">.</w>
</sentence>
<sentence id="15">
  <w id="0" lemma="|a|" pos="DT" wid="0">An</w>
  <w id="1" lemma="|ever|" pos="RB" wid="1">ever</w>
  <w id="2" lemma="|eloquent|" pos="JJ" wid="2">eloquent</w>
  <w id="3" lemma="|rite|" pos="NN" wid="3">rite</w>
  <w id="4" lemma="|which|" pos="WDT" wid="4">which</w>
  <w id="5" lemma="|highlight|" pos="VBZ" wid="5">highlights</w>
  <w id="6" lemma="|the|" pos="DT" wid="6">the</w>
  <w id="7" lemma="|intimate|" pos="JJ" wid="7">intimate</w>
  <w id="8" lemma="|communion|" pos="NN" wid="8">communion</w>
  <w id="9" lemma="|of|" pos="IN" wid="9">of</w>
  <w id="10" lemma="|pastor|" pos="NNS" wid="10">Pastors</w>
  <w id="11" lemma="|with|" pos="IN" wid="11">with</w>
  <w id="12" lemma="|the|" pos="DT" wid="12">the</w>
  <w id="13" lemma="|Successor|" pos="NNP" wid="13">Successor</w>
  <w id="14" lemma="|of|" pos="IN" wid="14">of</w>
  <w id="15" lemma="|Peter|" pos="NNP" wid="15">Peter</w>
  <w id="16" lemma="|and|" pos="CC" wid="16">and</w>
  <w id="17" lemma="|the|" pos="DT" wid="17">the</w>
  <w id="18" lemma="|deep|" pos="JJ" wid="18">deep</w>
  <w id="19" lemma="|bond|" pos="NN" wid="19">bond</w>
  <w id="20" lemma="|that|" pos="WDT" wid="20">that</w>
  <w id="21" lemma="|link|" pos="VBZ" wid="21">links</w>
  <w id="22" lemma="|we|" pos="PRP" wid="22">us</w>
  <w id="23" lemma="|to|" pos="TO" wid="23">to</w>
  <w id="24" lemma="|the|" pos="DT" wid="24">the</w>
  <w id="25" lemma="|apostolic|" pos="JJ" wid="25">Apostolic</w>
  <w id="26" lemma="|tradition|" pos="NN" wid="26">Tradition</w>
  <w id="27" lemma="|.|" pos="." wid="27">.</w>
</sentence>
<sentence id="16">
  <w id="0" lemma="|it|" pos="PRP" wid="0">It</w>
  <w id="1" lemma="|be|" pos="VBZ" wid="1">is</w>
  <w id="2" lemma="|a|" pos="DT" wid="2">a</w>
  <w id="3" lemma="|double|" pos="JJ" wid="3">double</w>
  <w id="4" lemma="|treasure|" pos="NN" wid="4">treasure</w>
  <w id="5" lemma="|of|" pos="IN" wid="5">of</w>
  <w id="6" lemma="|holiness|" pos="NN" wid="6">holiness</w>
  <w id="7" lemma="|where|" pos="WRB" wid="7">where</w>
  <w id="8" lemma="|unity|" pos="NN" wid="8">unity</w>
  <w id="9" lemma="|and|" pos="CC" wid="9">and</w>
  <w id="10" lemma="|the|" pos="DT" wid="10">the</w>
  <w id="11" lemma="|catholicity|" pos="NN" wid="11">catholicity</w>
  <w id="12" lemma="|of|" pos="IN" wid="12">of</w>
  <w id="13" lemma="|the|" pos="DT" wid="13">the</w>
  <w id="14" lemma="|Church|" pos="NNP" wid="14">Church</w>
  <w id="15" lemma="|be|" pos="VBP" wid="15">are</w>
  <w id="16" lemma="|fuse|" pos="VBN" wid="16">fused</w>
  <w id="17" lemma="|together|" pos="RB" wid="17">together</w>
  <w id="18" lemma="|:|" pos=":" wid="18">:</w>
  <w id="19" lemma="|a|" pos="DT" wid="19">a</w>
  <w id="20" lemma="|precious|" pos="JJ" wid="20">precious</w>
  <w id="21" lemma="|treasure|" pos="NN" wid="21">treasure</w>
  <w id="22" lemma="|to|" pos="TO" wid="22">to</w>
  <w id="23" lemma="|rediscover|" pos="VB" wid="23">rediscover</w>
  <w id="24" lemma="|and|" pos="CC" wid="24">and</w>
  <w id="25" lemma="|to|" pos="TO" wid="25">to</w>
  <w id="26" lemma="|live|" pos="VB" wid="26">live</w>
  <w id="27" lemma="|with|" pos="IN" wid="27">with</w>
  <w id="28" lemma="|renew|" pos="VBN" wid="28">renewed</w>
  <w id="29" lemma="|enthusiasm|" pos="NN" wid="29">enthusiasm</w>
  <w id="30" lemma="|and|" pos="CC" wid="30">and</w>
  <w id="31" lemma="|constant|" pos="JJ" wid="31">constant</w>
  <w id="32" lemma="|commitment|" pos="NN" wid="32">commitment</w>
  <w id="33" lemma="|.|" pos="." wid="33">.</w>
</sentence>
<sentence id="17">
  <w id="0" lemma="|Dear|" pos="NNP" wid="0">Dear</w>
  <w id="1" lemma="|pilgrim|" pos="NNS" wid="1">pilgrims</w>
  <w id="2" lemma="|,|" pos="," wid="2">,</w>
  <w id="3" lemma="|come|" pos="VBN" wid="3">come</w>
  <w id="4" lemma="|here|" pos="RB" wid="4">here</w>
  <w id="5" lemma="|from|" pos="IN" wid="5">from</w>
  <w id="6" lemma="|every|" pos="DT" wid="6">every</w>
  <w id="7" lemma="|part|" pos="NN" wid="7">part</w>
  <w id="8" lemma="|of|" pos="IN" wid="8">of</w>
  <w id="9" lemma="|the|" pos="DT" wid="9">the</w>
  <w id="10" lemma="|world|" pos="NN" wid="10">world</w>
  <w id="11" lemma="|!|" pos="." wid="11">!</w>
</sentence>
<sentence id="18">
  <w id="0" lemma="|on|" pos="IN" wid="0">On</w>
  <w id="1" lemma="|this|" pos="DT" wid="1">this</w>
  <w id="2" lemma="|Feast|" pos="NNP" wid="2">Feast</w>
  <w id="3" lemma="|day|" pos="NN" wid="3">day</w>
  <w id="4" lemma="|,|" pos="," wid="4">,</w>
  <w id="5" lemma="|we|" pos="PRP" wid="5">we</w>
  <w id="6" lemma="|pray|" pos="VBP" wid="6">pray</w>
  <w id="7" lemma="|with|" pos="IN" wid="7">with</w>
  <w id="8" lemma="|the|" pos="DT" wid="8">the</w>
  <w id="9" lemma="|phrase|" pos="NNS" wid="9">phrases</w>
  <w id="10" lemma="|from|" pos="IN" wid="10">from</w>
  <w id="11" lemma="|the|" pos="DT" wid="11">the</w>
  <w id="12" lemma="|Eastern|" pos="NNP" wid="12">Eastern</w>
  <w id="13" lemma="|Liturgy|" pos="NNP" wid="13">Liturgy</w>
  <w id="14" lemma="|:|" pos=":" wid="14">:</w>
  <w id="15" lemma="|``|" pos="``" wid="15">``</w>
  <w id="16" lemma="|praise|" pos="VB" wid="16">Praise</w>
  <w id="17" lemma="|to|" pos="TO" wid="17">to</w>
  <w id="18" lemma="|Peter|" pos="NNP" wid="18">Peter</w>
  <w id="19" lemma="|and|" pos="CC" wid="19">and</w>
  <w id="20" lemma="|Paul|" pos="NNP" wid="20">Paul</w>
  <w id="21" lemma="|,|" pos="," wid="21">,</w>
  <w id="22" lemma="|two|" pos="CD" wid="22">two</w>
  <w id="23" lemma="|great|" pos="JJ" wid="23">great</w>
  <w id="24" lemma="|light|" pos="NNS" wid="24">lights</w>
  <w id="25" lemma="|of|" pos="IN" wid="25">of</w>
  <w id="26" lemma="|the|" pos="DT" wid="26">the</w>
  <w id="27" lemma="|Church|" pos="NNP" wid="27">Church</w>
  <w id="28" lemma="|;|" pos=":" wid="28">;</w>
  <w id="29" lemma="|may|" pos="MD" wid="29">may</w>
  <w id="30" lemma="|they|" pos="PRP" wid="30">they</w>
  <w id="31" lemma="|shine|" pos="VB" wid="31">shine</w>
  <w id="32" lemma="|in|" pos="IN" wid="32">in</w>
  <w id="33" lemma="|the|" pos="DT" wid="33">the</w>
  <w id="34" lemma="|firmament|" pos="NN" wid="34">firmament</w>
  <w id="35" lemma="|of|" pos="IN" wid="35">of</w>
  <w id="36" lemma="|the|" pos="DT" wid="36">the</w>
  <w id="37" lemma="|faith|" pos="NN" wid="37">faith</w>
  <w id="38" lemma="|''|" pos="''" wid="38">''</w>
  <w id="39" lemma="|.|" pos="." wid="39">.</w>
</sentence>
<sentence id="19">
  <w id="0" lemma="|in|" pos="IN" wid="0">In</w>
  <w id="1" lemma="|this|" pos="DT" wid="1">this</w>
  <w id="2" lemma="|climate|" pos="NN" wid="2">climate</w>
  <w id="3" lemma="|,|" pos="," wid="3">,</w>
  <w id="4" lemma="|I|" pos="PRP" wid="4">I</w>
  <w id="5" lemma="|would|" pos="MD" wid="5">would</w>
  <w id="6" lemma="|like|" pos="VB" wid="6">like</w>
  <w id="7" lemma="|to|" pos="TO" wid="7">to</w>
  <w id="8" lemma="|address|" pos="VB" wid="8">address</w>
  <w id="9" lemma="|a|" pos="DT" wid="9">a</w>
  <w id="10" lemma="|special|" pos="JJ" wid="10">special</w>
  <w id="11" lemma="|thought|" pos="NN" wid="11">thought</w>
  <w id="12" lemma="|to|" pos="TO" wid="12">to</w>
  <w id="13" lemma="|the|" pos="DT" wid="13">the</w>
  <w id="14" lemma="|delegation|" pos="NN" wid="14">Delegation</w>
  <w id="15" lemma="|from|" pos="IN" wid="15">from</w>
  <w id="16" lemma="|the|" pos="DT" wid="16">the</w>
  <w id="17" lemma="|Patriarchate|" pos="NNP" wid="17">Patriarchate</w>
  <w id="18" lemma="|of|" pos="IN" wid="18">of</w>
  <w id="19" lemma="|Constantinople|" pos="NNP" wid="19">Constantinople</w>
  <w id="20" lemma="|which|" pos="WDT" wid="20">which</w>
  <w id="21" lemma="|,|" pos="," wid="21">,</w>
  <w id="22" lemma="|as|" pos="IN" wid="22">as</w>
  <w id="23" lemma="|every|" pos="DT" wid="23">every</w>
  <w id="24" lemma="|year|" pos="NN" wid="24">year</w>
  <w id="25" lemma="|,|" pos="," wid="25">,</w>
  <w id="26" lemma="|have|" pos="VBZ" wid="26">has</w>
  <w id="27" lemma="|come|" pos="VBN" wid="27">come</w>
  <w id="28" lemma="|to|" pos="TO" wid="28">to</w>
  <w id="29" lemma="|take|" pos="VB" wid="29">take</w>
  <w id="30" lemma="|part|" pos="NN" wid="30">part</w>
  <w id="31" lemma="|in|" pos="IN" wid="31">in</w>
  <w id="32" lemma="|we|" pos="PRP$" wid="32">our</w>
  <w id="33" lemma="|traditional|" pos="JJ" wid="33">traditional</w>
  <w id="34" lemma="|celebration|" pos="NNS" wid="34">celebrations</w>
  <w id="35" lemma="|.|" pos="." wid="35">.</w>
</sentence>
<sentence id="20">
  <w id="0" lemma="|May|" pos="NNP" wid="0">May</w>
  <w id="1" lemma="|the|" pos="DT" wid="1">the</w>
  <w id="2" lemma="|Holy|" pos="NNP" wid="2">Holy</w>
  <w id="3" lemma="|Virgin|" pos="NNP" wid="3">Virgin</w>
  <w id="4" lemma="|lead|" pos="VB" wid="4">lead</w>
  <w id="5" lemma="|all|" pos="DT" wid="5">all</w>
  <w id="6" lemma="|believer|" pos="NNS" wid="6">believers</w>
  <w id="7" lemma="|in|" pos="IN" wid="7">in</w>
  <w id="8" lemma="|Christ|" pos="NNP" wid="8">Christ</w>
  <w id="9" lemma="|to|" pos="TO" wid="9">to</w>
  <w id="10" lemma="|the|" pos="DT" wid="10">the</w>
  <w id="11" lemma="|goal|" pos="NN" wid="11">goal</w>
  <w id="12" lemma="|of|" pos="IN" wid="12">of</w>
  <w id="13" lemma="|full|" pos="JJ" wid="13">full</w>
  <w id="14" lemma="|unity|" pos="NN" wid="14">unity</w>
  <w id="15" lemma="|!|" pos="." wid="15">!</w>
</sentence>
<sentence id="21">
  <w id="0" lemma="|after|" pos="IN" wid="0">After</w>
  <w id="1" lemma="|the|" pos="DT" wid="1">the</w>
  <w id="2" lemma="|Angelus|" pos="NNP" wid="2">Angelus</w>
  <w id="3" lemma="|:|" pos=":" wid="3">:</w>
  <w id="4" lemma="|I|" pos="PRP" wid="4">I</w>
  <w id="5" lemma="|welcome|" pos="VBP" wid="5">welcome</w>
  <w id="6" lemma="|all|" pos="PDT" wid="6">all</w>
  <w id="7" lemma="|the|" pos="DT" wid="7">the</w>
  <w id="8" lemma="|english-speaking|" pos="JJ" wid="8">English-speaking</w>
  <w id="9" lemma="|pilgrim|" pos="NNS" wid="9">pilgrims</w>
  <w id="10" lemma="|and|" pos="CC" wid="10">and</w>
  <w id="11" lemma="|visitor|" pos="NNS" wid="11">visitors</w>
  <w id="12" lemma="|present|" pos="JJ" wid="12">present</w>
  <w id="13" lemma="|in|" pos="IN" wid="13">in</w>
  <w id="14" lemma="|Rome|" pos="NNP" wid="14">Rome</w>
  <w id="15" lemma="|for|" pos="IN" wid="15">for</w>
  <w id="16" lemma="|the|" pos="DT" wid="16">the</w>
  <w id="17" lemma="|solemnity|" pos="NN" wid="17">Solemnity</w>
  <w id="18" lemma="|of|" pos="IN" wid="18">of</w>
  <w id="19" lemma="|Sts|" pos="NNP" wid="19">Sts</w>
  <w id="20" lemma="|Peter|" pos="NNP" wid="20">Peter</w>
  <w id="21" lemma="|and|" pos="CC" wid="21">and</w>
  <w id="22" lemma="|Paul|" pos="NNP" wid="22">Paul</w>
  <w id="23" lemma="|.|" pos="." wid="23">.</w>
</sentence>
<sentence id="22">
  <w id="0" lemma="|I|" pos="PRP" wid="0">I</w>
  <w id="1" lemma="|extend|" pos="VBP" wid="1">extend</w>
  <w id="2" lemma="|warm|" pos="JJ" wid="2">warm</w>
  <w id="3" lemma="|greeting|" pos="NNS" wid="3">greetings</w>
  <w id="4" lemma="|to|" pos="TO" wid="4">to</w>
  <w id="5" lemma="|the|" pos="DT" wid="5">the</w>
  <w id="6" lemma="|Metropolitan|" pos="NNP" wid="6">Metropolitan</w>
  <w id="7" lemma="|Archbishops|" pos="NNPS" wid="7">Archbishops</w>
  <w id="8" lemma="|who|" pos="WP" wid="8">who</w>
  <w id="9" lemma="|receive|" pos="VBD" wid="9">received</w>
  <w id="10" lemma="|the|" pos="DT" wid="10">the</w>
  <w id="11" lemma="|Pallium|" pos="NNP" wid="11">Pallium</w>
  <w id="12" lemma="|in|" pos="IN" wid="12">in</w>
  <w id="13" lemma="|this|" pos="DT" wid="13">this</w>
  <w id="14" lemma="|morning|" pos="NN" wid="14">morning</w>
  <w id="15" lemma="|'s|" pos="POS" wid="15">'s</w>
  <w id="16" lemma="|celebration|" pos="NN" wid="16">celebration</w>
  <w id="17" lemma="|,|" pos="," wid="17">,</w>
  <w id="18" lemma="|and|" pos="CC" wid="18">and</w>
  <w id="19" lemma="|to|" pos="TO" wid="19">to</w>
  <w id="20" lemma="|all|" pos="DT" wid="20">all</w>
  <w id="21" lemma="|who|" pos="WP" wid="21">who</w>
  <w id="22" lemma="|have|" pos="VBP" wid="22">have</w>
  <w id="23" lemma="|travel|" pos="VBN" wid="23">travelled</w>
  <w id="24" lemma="|to|" pos="TO" wid="24">to</w>
  <w id="25" lemma="|Rome|" pos="NNP" wid="25">Rome</w>
  <w id="26" lemma="|to|" pos="TO" wid="26">to</w>
  <w id="27" lemma="|accompany|" pos="VB" wid="27">accompany</w>
  <w id="28" lemma="|they|" pos="PRP" wid="28">them</w>
  <w id="29" lemma="|on|" pos="IN" wid="29">on</w>
  <w id="30" lemma="|this|" pos="DT" wid="30">this</w>
  <w id="31" lemma="|joyful|" pos="JJ" wid="31">joyful</w>
  <w id="32" lemma="|day|" pos="NN" wid="32">day</w>
  <w id="33" lemma="|.|" pos="." wid="33">.</w>
</sentence>
<sentence id="23">
  <w id="0" lemma="|I|" pos="PRP" wid="0">I</w>
  <w id="1" lemma="|assure|" pos="VBP" wid="1">assure</w>
  <w id="2" lemma="|the|" pos="DT" wid="2">the</w>
  <w id="3" lemma="|new|" pos="JJ" wid="3">new</w>
  <w id="4" lemma="|archbishop|" pos="NNS" wid="4">Archbishops</w>
  <w id="5" lemma="|of|" pos="IN" wid="5">of</w>
  <w id="6" lemma="|my|" pos="PRP$" wid="6">my</w>
  <w id="7" lemma="|prayer|" pos="NNS" wid="7">prayers</w>
  <w id="8" lemma="|for|" pos="IN" wid="8">for</w>
  <w id="9" lemma="|they|" pos="PRP$" wid="9">their</w>
  <w id="10" lemma="|pastoral|" pos="JJ" wid="10">pastoral</w>
  <w id="11" lemma="|ministry|" pos="NN" wid="11">ministry</w>
  <w id="12" lemma="|and|" pos="CC" wid="12">and</w>
  <w id="13" lemma="|I|" pos="PRP" wid="13">I</w>
  <w id="14" lemma="|encourage|" pos="VBP" wid="14">encourage</w>
  <w id="15" lemma="|all|" pos="DT" wid="15">all</w>
  <w id="16" lemma="|christian|" pos="NNS" wid="16">Christians</w>
  <w id="17" lemma="|,|" pos="," wid="17">,</w>
  <w id="18" lemma="|after|" pos="IN" wid="18">after</w>
  <w id="19" lemma="|the|" pos="DT" wid="19">the</w>
  <w id="20" lemma="|example|" pos="NN" wid="20">example</w>
  <w id="21" lemma="|of|" pos="IN" wid="21">of</w>
  <w id="22" lemma="|Sts|" pos="NNP" wid="22">Sts</w>
  <w id="23" lemma="|Peter|" pos="NNP" wid="23">Peter</w>
  <w id="24" lemma="|and|" pos="CC" wid="24">and</w>
  <w id="25" lemma="|Paul|" pos="NNP" wid="25">Paul</w>
  <w id="26" lemma="|,|" pos="," wid="26">,</w>
  <w id="27" lemma="|to|" pos="TO" wid="27">to</w>
  <w id="28" lemma="|let|" pos="VB" wid="28">let</w>
  <w id="29" lemma="|the|" pos="DT" wid="29">the</w>
  <w id="30" lemma="|light|" pos="NN" wid="30">light</w>
  <w id="31" lemma="|of|" pos="IN" wid="31">of</w>
  <w id="32" lemma="|the|" pos="DT" wid="32">the</w>
  <w id="33" lemma="|Gospel|" pos="NNP" wid="33">Gospel</w>
  <w id="34" lemma="|shine|" pos="NN" wid="34">shine</w>
  <w id="35" lemma="|brightly|" pos="RB" wid="35">brightly</w>
  <w id="36" lemma="|in|" pos="IN" wid="36">in</w>
  <w id="37" lemma="|they|" pos="PRP$" wid="37">their</w>
  <w id="38" lemma="|life|" pos="NNS" wid="38">lives</w>
  <w id="39" lemma="|.|" pos="." wid="39">.</w>
</sentence>
<sentence id="24">
  <w id="0" lemma="|May|" pos="NNP" wid="0">May</w>
  <w id="1" lemma="|God|" pos="NNP" wid="1">God</w>
  <w id="2" lemma="|bless|" pos="VB" wid="2">bless</w>
  <w id="3" lemma="|you|" pos="PRP" wid="3">you</w>
  <w id="4" lemma="|all|" pos="DT" wid="4">all</w>
  <w id="5" lemma="|!|" pos="." wid="5">!</w>
</sentence>
<sentence id="25">
  <w id="0" lemma="|Dear|" pos="NNP" wid="0">Dear</w>
  <w id="1" lemma="|Brothers|" pos="NNPS" wid="1">Brothers</w>
  <w id="2" lemma="|and|" pos="CC" wid="2">and</w>
  <w id="3" lemma="|sister|" pos="NNS" wid="3">Sisters</w>
  <w id="4" lemma="|,|" pos="," wid="4">,</w>
  <w id="5" lemma="|I|" pos="PRP" wid="5">I</w>
  <w id="6" lemma="|wish|" pos="VBP" wid="6">wish</w>
  <w id="7" lemma="|everyone|" pos="NN" wid="7">everyone</w>
  <w id="8" lemma="|a|" pos="DT" wid="8">a</w>
  <w id="9" lemma="|good|" pos="JJ" wid="9">good</w>
  <w id="10" lemma="|feast|" pos="NN" wid="10">Feast</w>
  <w id="11" lemma="|of|" pos="IN" wid="11">of</w>
  <w id="12" lemma="|the|" pos="DT" wid="12">the</w>
  <w id="13" lemma="|Holy|" pos="NNP" wid="13">Holy</w>
  <w id="14" lemma="|Apostles|" pos="NNPS" wid="14">Apostles</w>
  <w id="15" lemma="|Peter|" pos="NNP" wid="15">Peter</w>
  <w id="16" lemma="|and|" pos="CC" wid="16">and</w>
  <w id="17" lemma="|Paul|" pos="NNP" wid="17">Paul</w>
  <w id="18" lemma="|.|" pos="." wid="18">.</w>
</sentence>
<sentence id="26">
  <w id="0" lemma="|happy|" pos="JJ" wid="0">Happy</w>
  <w id="1" lemma="|Feast|" pos="NNP" wid="1">Feast</w>
  <w id="2" lemma="|Day|" pos="NNP" wid="2">Day</w>
  <w id="3" lemma="|to|" pos="TO" wid="3">to</w>
  <w id="4" lemma="|you|" pos="PRP" wid="4">you</w>
  <w id="5" lemma="|all|" pos="DT" wid="5">all</w>
  <w id="6" lemma="|!|" pos="." wid="6">!</w>
</sentence>
<sentence id="27">
  <w id="0" lemma="|thank|" pos="VB" wid="0">Thank</w>
  <w id="1" lemma="|you|" pos="PRP" wid="1">you</w>
  <w id="2" lemma="|!|" pos="." wid="2">!</w>
</sentence>
</corpus>