<corpus id="0">
<sentence id="0">
  <w id="0" lemma="|Dear|" pos="NNP" wid="0">Dear</w>
  <w id="1" lemma="|Brothers|" pos="NNPS" wid="1">Brothers</w>
  <w id="2" lemma="|and|" pos="CC" wid="2">and</w>
  <w id="3" lemma="|sister|" pos="NNS" wid="3">Sisters</w>
  <w id="4" lemma="|,|" pos="," wid="4">,</w>
  <w id="5" lemma="|today|" pos="NN" wid="5">Today</w>
  <w id="6" lemma="|,|" pos="," wid="6">,</w>
  <w id="7" lemma="|24|" pos="CD" wid="7">24</w>
  <w id="8" lemma="|June|" pos="NNP" wid="8">June</w>
  <w id="9" lemma="|,|" pos="," wid="9">,</w>
  <w id="10" lemma="|we|" pos="PRP" wid="10">we</w>
  <w id="11" lemma="|be|" pos="VBP" wid="11">are</w>
  <w id="12" lemma="|celebrate|" pos="VBG" wid="12">celebrating</w>
  <w id="13" lemma="|the|" pos="DT" wid="13">the</w>
  <w id="14" lemma="|solemnity|" pos="NN" wid="14">Solemnity</w>
  <w id="15" lemma="|of|" pos="IN" wid="15">of</w>
  <w id="16" lemma="|St|" pos="NNP" wid="16">St</w>
  <w id="17" lemma="|John|" pos="NNP" wid="17">John</w>
  <w id="18" lemma="|the|" pos="DT" wid="18">the</w>
  <w id="19" lemma="|Baptist|" pos="NNP" wid="19">Baptist</w>
  <w id="20" lemma="|.|" pos="." wid="20">.</w>
</sentence>
<sentence id="1">
  <w id="0" lemma="|he|" pos="PRP" wid="0">He</w>
  <w id="1" lemma="|be|" pos="VBZ" wid="1">is</w>
  <w id="2" lemma="|the|" pos="DT" wid="2">the</w>
  <w id="3" lemma="|only|" pos="JJ" wid="3">only</w>
  <w id="4" lemma="|saint|" pos="NN" wid="4">saint</w>
  <w id="5" lemma="|--|" pos=":" wid="5">--</w>
  <w id="6" lemma="|with|" pos="IN" wid="6">with</w>
  <w id="7" lemma="|the|" pos="DT" wid="7">the</w>
  <w id="8" lemma="|exception|" pos="NN" wid="8">exception</w>
  <w id="9" lemma="|of|" pos="IN" wid="9">of</w>
  <w id="10" lemma="|the|" pos="DT" wid="10">the</w>
  <w id="11" lemma="|Virgin|" pos="NNP" wid="11">Virgin</w>
  <w id="12" lemma="|Mary|" pos="NNP" wid="12">Mary</w>
  <w id="13" lemma="|--|" pos=":" wid="13">--</w>
  <w id="14" lemma="|whose|" pos="WP$" wid="14">whose</w>
  <w id="15" lemma="|birth|" pos="NN" wid="15">birth</w>
  <w id="16" lemma="|the|" pos="DT" wid="16">the</w>
  <w id="17" lemma="|liturgy|" pos="NN" wid="17">liturgy</w>
  <w id="18" lemma="|celebrate|" pos="VBZ" wid="18">celebrates</w>
  <w id="19" lemma="|and|" pos="CC" wid="19">and</w>
  <w id="20" lemma="|it|" pos="PRP" wid="20">it</w>
  <w id="21" lemma="|do|" pos="VBZ" wid="21">does</w>
  <w id="22" lemma="|so|" pos="RB" wid="22">so</w>
  <w id="23" lemma="|because|" pos="IN" wid="23">because</w>
  <w id="24" lemma="|it|" pos="PRP" wid="24">it</w>
  <w id="25" lemma="|be|" pos="VBZ" wid="25">is</w>
  <w id="26" lemma="|closely|" pos="RB" wid="26">closely</w>
  <w id="27" lemma="|connect|" pos="VBN" wid="27">connected</w>
  <w id="28" lemma="|with|" pos="IN" wid="28">with</w>
  <w id="29" lemma="|the|" pos="DT" wid="29">the</w>
  <w id="30" lemma="|mystery|" pos="NN" wid="30">mystery</w>
  <w id="31" lemma="|of|" pos="IN" wid="31">of</w>
  <w id="32" lemma="|the|" pos="DT" wid="32">the</w>
  <w id="33" lemma="|incarnation|" pos="NN" wid="33">Incarnation</w>
  <w id="34" lemma="|of|" pos="IN" wid="34">of</w>
  <w id="35" lemma="|the|" pos="DT" wid="35">the</w>
  <w id="36" lemma="|Son|" pos="NNP" wid="36">Son</w>
  <w id="37" lemma="|of|" pos="IN" wid="37">of</w>
  <w id="38" lemma="|God|" pos="NNP" wid="38">God</w>
  <w id="39" lemma="|.|" pos="." wid="39">.</w>
</sentence>
<sentence id="2">
  <w id="0" lemma="|in|" pos="IN" wid="0">In</w>
  <w id="1" lemma="|fact|" pos="NN" wid="1">fact</w>
  <w id="2" lemma="|,|" pos="," wid="2">,</w>
  <w id="3" lemma="|from|" pos="IN" wid="3">from</w>
  <w id="4" lemma="|the|" pos="DT" wid="4">the</w>
  <w id="5" lemma="|time|" pos="NN" wid="5">time</w>
  <w id="6" lemma="|when|" pos="WRB" wid="6">when</w>
  <w id="7" lemma="|he|" pos="PRP" wid="7">he</w>
  <w id="8" lemma="|be|" pos="VBD" wid="8">was</w>
  <w id="9" lemma="|in|" pos="IN" wid="9">in</w>
  <w id="10" lemma="|he|" pos="PRP$" wid="10">his</w>
  <w id="11" lemma="|mother|" pos="NN" wid="11">mother</w>
  <w id="12" lemma="|'s|" pos="POS" wid="12">'s</w>
  <w id="13" lemma="|womb|" pos="NN" wid="13">womb</w>
  <w id="14" lemma="|John|" pos="NNP" wid="14">John</w>
  <w id="15" lemma="|be|" pos="VBD" wid="15">was</w>
  <w id="16" lemma="|the|" pos="DT" wid="16">the</w>
  <w id="17" lemma="|precursor|" pos="NN" wid="17">precursor</w>
  <w id="18" lemma="|of|" pos="IN" wid="18">of</w>
  <w id="19" lemma="|Jesus|" pos="NNP" wid="19">Jesus</w>
  <w id="20" lemma="|:|" pos=":" wid="20">:</w>
  <w id="21" lemma="|the|" pos="DT" wid="21">the</w>
  <w id="22" lemma="|Angel|" pos="NNP" wid="22">Angel</w>
  <w id="23" lemma="|announce|" pos="VBD" wid="23">announced</w>
  <w id="24" lemma="|to|" pos="TO" wid="24">to</w>
  <w id="25" lemma="|Mary|" pos="NNP" wid="25">Mary</w>
  <w id="26" lemma="|he|" pos="PRP$" wid="26">his</w>
  <w id="27" lemma="|miraculous|" pos="JJ" wid="27">miraculous</w>
  <w id="28" lemma="|conception|" pos="NN" wid="28">conception</w>
  <w id="29" lemma="|as|" pos="IN" wid="29">as</w>
  <w id="30" lemma="|a|" pos="DT" wid="30">a</w>
  <w id="31" lemma="|sign|" pos="NN" wid="31">sign</w>
  <w id="32" lemma="|that|" pos="IN" wid="32">that</w>
  <w id="33" lemma="|``|" pos="``" wid="33">``</w>
  <w id="34" lemma="|nothing|" pos="NN" wid="34">nothing</w>
  <w id="35" lemma="|be|" pos="VBZ" wid="35">is</w>
  <w id="36" lemma="|impossible|" pos="JJ" wid="36">impossible</w>
  <w id="37" lemma="|to|" pos="TO" wid="37">to</w>
  <w id="38" lemma="|God|" pos="NNP" wid="38">God</w>
  <w id="39" lemma="|''|" pos="''" wid="39">''</w>
  <w id="40" lemma="|-lrb-|" pos="-LRB-" wid="40">-LRB-</w>
  <w id="41" lemma="|lk|" pos="NN" wid="41">Lk</w>
  <w id="42" lemma="|1:37|" pos="CD" wid="42">1:37</w>
  <w id="43" lemma="|-rrb-|" pos="-RRB-" wid="43">-RRB-</w>
  <w id="44" lemma="|,|" pos="," wid="44">,</w>
  <w id="45" lemma="|six|" pos="CD" wid="45">six</w>
  <w id="46" lemma="|month|" pos="NNS" wid="46">months</w>
  <w id="47" lemma="|before|" pos="IN" wid="47">before</w>
  <w id="48" lemma="|the|" pos="DT" wid="48">the</w>
  <w id="49" lemma="|great|" pos="JJ" wid="49">great</w>
  <w id="50" lemma="|miracle|" pos="NN" wid="50">miracle</w>
  <w id="51" lemma="|that|" pos="WDT" wid="51">that</w>
  <w id="52" lemma="|bring|" pos="VBZ" wid="52">brings</w>
  <w id="53" lemma="|we|" pos="PRP" wid="53">us</w>
  <w id="54" lemma="|salvation|" pos="NN" wid="54">salvation</w>
  <w id="55" lemma="|,|" pos="," wid="55">,</w>
  <w id="56" lemma="|God|" pos="NNP" wid="56">God</w>
  <w id="57" lemma="|'s|" pos="POS" wid="57">'s</w>
  <w id="58" lemma="|union|" pos="NN" wid="58">union</w>
  <w id="59" lemma="|with|" pos="IN" wid="59">with</w>
  <w id="60" lemma="|man|" pos="NN" wid="60">man</w>
  <w id="61" lemma="|bring|" pos="VBN" wid="61">brought</w>
  <w id="62" lemma="|about|" pos="RP" wid="62">about</w>
  <w id="63" lemma="|by|" pos="IN" wid="63">by</w>
  <w id="64" lemma="|the|" pos="DT" wid="64">the</w>
  <w id="65" lemma="|holy|" pos="JJ" wid="65">Holy</w>
  <w id="66" lemma="|spirit|" pos="NN" wid="66">Spirit</w>
  <w id="67" lemma="|.|" pos="." wid="67">.</w>
</sentence>
<sentence id="3">
  <w id="0" lemma="|the|" pos="DT" wid="0">The</w>
  <w id="1" lemma="|four|" pos="CD" wid="1">four</w>
  <w id="2" lemma="|gospel|" pos="NNS" wid="2">Gospels</w>
  <w id="3" lemma="|place|" pos="VBP" wid="3">place</w>
  <w id="4" lemma="|great|" pos="JJ" wid="4">great</w>
  <w id="5" lemma="|emphasis|" pos="NN" wid="5">emphasis</w>
  <w id="6" lemma="|on|" pos="IN" wid="6">on</w>
  <w id="7" lemma="|the|" pos="DT" wid="7">the</w>
  <w id="8" lemma="|figure|" pos="NN" wid="8">figure</w>
  <w id="9" lemma="|of|" pos="IN" wid="9">of</w>
  <w id="10" lemma="|John|" pos="NNP" wid="10">John</w>
  <w id="11" lemma="|the|" pos="DT" wid="11">the</w>
  <w id="12" lemma="|Baptist|" pos="NNP" wid="12">Baptist</w>
  <w id="13" lemma="|,|" pos="," wid="13">,</w>
  <w id="14" lemma="|the|" pos="DT" wid="14">the</w>
  <w id="15" lemma="|prophet|" pos="NN" wid="15">prophet</w>
  <w id="16" lemma="|who|" pos="WP" wid="16">who</w>
  <w id="17" lemma="|conclude|" pos="VBZ" wid="17">concludes</w>
  <w id="18" lemma="|the|" pos="DT" wid="18">the</w>
  <w id="19" lemma="|old|" pos="JJ" wid="19">Old</w>
  <w id="20" lemma="|testament|" pos="NN" wid="20">Testament</w>
  <w id="21" lemma="|and|" pos="CC" wid="21">and</w>
  <w id="22" lemma="|inaugurate|" pos="VBZ" wid="22">inaugurates</w>
  <w id="23" lemma="|the|" pos="DT" wid="23">the</w>
  <w id="24" lemma="|New|" pos="NNP" wid="24">New</w>
  <w id="25" lemma="|,|" pos="," wid="25">,</w>
  <w id="26" lemma="|by|" pos="IN" wid="26">by</w>
  <w id="27" lemma="|identify|" pos="VBG" wid="27">identifying</w>
  <w id="28" lemma="|Jesus|" pos="NNP" wid="28">Jesus</w>
  <w id="29" lemma="|of|" pos="IN" wid="29">of</w>
  <w id="30" lemma="|Nazareth|" pos="NNP" wid="30">Nazareth</w>
  <w id="31" lemma="|as|" pos="IN" wid="31">as</w>
  <w id="32" lemma="|the|" pos="DT" wid="32">the</w>
  <w id="33" lemma="|Messiah|" pos="NNP" wid="33">Messiah</w>
  <w id="34" lemma="|,|" pos="," wid="34">,</w>
  <w id="35" lemma="|the|" pos="DT" wid="35">the</w>
  <w id="36" lemma="|Anointed|" pos="NNP" wid="36">Anointed</w>
  <w id="37" lemma="|one|" pos="CD" wid="37">One</w>
  <w id="38" lemma="|of|" pos="IN" wid="38">of</w>
  <w id="39" lemma="|the|" pos="DT" wid="39">the</w>
  <w id="40" lemma="|Lord|" pos="NNP" wid="40">Lord</w>
  <w id="41" lemma="|.|" pos="." wid="41">.</w>
</sentence>
<sentence id="4">
  <w id="0" lemma="|in|" pos="IN" wid="0">In</w>
  <w id="1" lemma="|fact|" pos="NN" wid="1">fact</w>
  <w id="2" lemma="|,|" pos="," wid="2">,</w>
  <w id="3" lemma="|Jesus|" pos="NNP" wid="3">Jesus</w>
  <w id="4" lemma="|himself|" pos="PRP" wid="4">himself</w>
  <w id="5" lemma="|be|" pos="VBD" wid="5">was</w>
  <w id="6" lemma="|to|" pos="TO" wid="6">to</w>
  <w id="7" lemma="|speak|" pos="VB" wid="7">speak</w>
  <w id="8" lemma="|of|" pos="IN" wid="8">of</w>
  <w id="9" lemma="|John|" pos="NNP" wid="9">John</w>
  <w id="10" lemma="|in|" pos="IN" wid="10">in</w>
  <w id="11" lemma="|these|" pos="DT" wid="11">these</w>
  <w id="12" lemma="|term|" pos="NNS" wid="12">terms</w>
  <w id="13" lemma="|:|" pos=":" wid="13">:</w>
  <w id="14" lemma="|``|" pos="``" wid="14">``</w>
  <w id="15" lemma="|this|" pos="DT" wid="15">This</w>
  <w id="16" lemma="|be|" pos="VBZ" wid="16">is</w>
  <w id="17" lemma="|he|" pos="PRP" wid="17">he</w>
  <w id="18" lemma="|of|" pos="IN" wid="18">of</w>
  <w id="19" lemma="|whom|" pos="WP" wid="19">whom</w>
  <w id="20" lemma="|it|" pos="PRP" wid="20">it</w>
  <w id="21" lemma="|be|" pos="VBZ" wid="21">is</w>
  <w id="22" lemma="|write|" pos="VBN" wid="22">written</w>
  <w id="23" lemma="|`|" pos="``" wid="23">`</w>
  <w id="24" lemma="|behold|" pos="VB" wid="24">Behold</w>
  <w id="25" lemma="|I|" pos="PRP" wid="25">I</w>
  <w id="26" lemma="|send|" pos="VB" wid="26">send</w>
  <w id="27" lemma="|my|" pos="PRP$" wid="27">my</w>
  <w id="28" lemma="|messenger|" pos="NN" wid="28">messenger</w>
  <w id="29" lemma="|before|" pos="IN" wid="29">before</w>
  <w id="30" lemma="|you|" pos="PRP$" wid="30">your</w>
  <w id="31" lemma="|face|" pos="NN" wid="31">face</w>
  <w id="32" lemma="|,|" pos="," wid="32">,</w>
  <w id="33" lemma="|/|" pos=":" wid="33">/</w>
  <w id="34" lemma="|who|" pos="WP" wid="34">who</w>
  <w id="35" lemma="|shall|" pos="MD" wid="35">shall</w>
  <w id="36" lemma="|prepare|" pos="VB" wid="36">prepare</w>
  <w id="37" lemma="|you|" pos="PRP$" wid="37">your</w>
  <w id="38" lemma="|way|" pos="NN" wid="38">way</w>
  <w id="39" lemma="|before|" pos="IN" wid="39">before</w>
  <w id="40" lemma="|you|" pos="PRP" wid="40">you</w>
  <w id="41" lemma="|.|" pos="." wid="41">.</w>
</sentence>
<sentence id="5">
  <w id="0" lemma="|truly|" pos="RB" wid="0">Truly</w>
  <w id="1" lemma="|I|" pos="PRP" wid="1">I</w>
  <w id="2" lemma="|say|" pos="VBP" wid="2">say</w>
  <w id="3" lemma="|to|" pos="TO" wid="3">to</w>
  <w id="4" lemma="|you|" pos="PRP" wid="4">you</w>
  <w id="5" lemma="|,|" pos="," wid="5">,</w>
  <w id="6" lemma="|among|" pos="IN" wid="6">among</w>
  <w id="7" lemma="|those|" pos="DT" wid="7">those</w>
  <w id="8" lemma="|bear|" pos="VBN" wid="8">born</w>
  <w id="9" lemma="|of|" pos="IN" wid="9">of</w>
  <w id="10" lemma="|woman|" pos="NNS" wid="10">women</w>
  <w id="11" lemma="|there|" pos="EX" wid="11">there</w>
  <w id="12" lemma="|have|" pos="VBZ" wid="12">has</w>
  <w id="13" lemma="|rise|" pos="VBN" wid="13">risen</w>
  <w id="14" lemma="|no|" pos="DT" wid="14">no</w>
  <w id="15" lemma="|one|" pos="NN" wid="15">one</w>
  <w id="16" lemma="|greater|" pos="JJR" wid="16">greater</w>
  <w id="17" lemma="|than|" pos="IN" wid="17">than</w>
  <w id="18" lemma="|John|" pos="NNP" wid="18">John</w>
  <w id="19" lemma="|the|" pos="DT" wid="19">the</w>
  <w id="20" lemma="|Baptist|" pos="NNP" wid="20">Baptist</w>
  <w id="21" lemma="|;|" pos=":" wid="21">;</w>
  <w id="22" lemma="|yet|" pos="RB" wid="22">yet</w>
  <w id="23" lemma="|he|" pos="PRP" wid="23">he</w>
  <w id="24" lemma="|who|" pos="WP" wid="24">who</w>
  <w id="25" lemma="|be|" pos="VBZ" wid="25">is</w>
  <w id="26" lemma="|least|" pos="JJS" wid="26">least</w>
  <w id="27" lemma="|in|" pos="IN" wid="27">in</w>
  <w id="28" lemma="|the|" pos="DT" wid="28">the</w>
  <w id="29" lemma="|kingdom|" pos="NN" wid="29">kingdom</w>
  <w id="30" lemma="|of|" pos="IN" wid="30">of</w>
  <w id="31" lemma="|heaven|" pos="NN" wid="31">heaven</w>
  <w id="32" lemma="|be|" pos="VBZ" wid="32">is</w>
  <w id="33" lemma="|greater|" pos="JJR" wid="33">greater</w>
  <w id="34" lemma="|than|" pos="IN" wid="34">than</w>
  <w id="35" lemma="|he|" pos="PRP" wid="35">he</w>
  <w id="36" lemma="|!|" pos="." wid="36">!</w>
  <w id="37" lemma="|''|" pos="''" wid="37">''</w>
</sentence>
<sentence id="6">
  <w id="0" lemma="|-lrb-|" pos="-LRB-" wid="0">-LRB-</w>
  <w id="1" lemma="|mt|" pos="FW" wid="1">Mt</w>
  <w id="2" lemma="|11:10|" pos="FW" wid="2">11:10</w>
  <w id="3" lemma="|-11|" pos="CD" wid="3">-11</w>
  <w id="4" lemma="|-rrb-|" pos="-RRB-" wid="4">-RRB-</w>
  <w id="5" lemma="|.|" pos="." wid="5">.</w>
</sentence>
<sentence id="7">
  <w id="0" lemma="|John|" pos="NNP" wid="0">John</w>
  <w id="1" lemma="|'s|" pos="POS" wid="1">'s</w>
  <w id="2" lemma="|father|" pos="NN" wid="2">father</w>
  <w id="3" lemma="|,|" pos="," wid="3">,</w>
  <w id="4" lemma="|Zechariah|" pos="NNP" wid="4">Zechariah</w>
  <w id="5" lemma="|--|" pos=":" wid="5">--</w>
  <w id="6" lemma="|Elizabeth|" pos="NNP" wid="6">Elizabeth</w>
  <w id="7" lemma="|'s|" pos="POS" wid="7">'s</w>
  <w id="8" lemma="|husband|" pos="NN" wid="8">husband</w>
  <w id="9" lemma="|and|" pos="CC" wid="9">and</w>
  <w id="10" lemma="|a|" pos="DT" wid="10">a</w>
  <w id="11" lemma="|relative|" pos="NN" wid="11">relative</w>
  <w id="12" lemma="|of|" pos="IN" wid="12">of</w>
  <w id="13" lemma="|Mary|" pos="NNP" wid="13">Mary</w>
  <w id="14" lemma="|--|" pos=":" wid="14">--</w>
  <w id="15" lemma="|be|" pos="VBD" wid="15">was</w>
  <w id="16" lemma="|a|" pos="DT" wid="16">a</w>
  <w id="17" lemma="|priest|" pos="NN" wid="17">priest</w>
  <w id="18" lemma="|of|" pos="IN" wid="18">of</w>
  <w id="19" lemma="|old|" pos="JJ" wid="19">Old</w>
  <w id="20" lemma="|testament|" pos="NN" wid="20">Testament</w>
  <w id="21" lemma="|worship|" pos="NN" wid="21">worship</w>
  <w id="22" lemma="|,|" pos="," wid="22">,</w>
  <w id="23" lemma="|he|" pos="PRP" wid="23">he</w>
  <w id="24" lemma="|do|" pos="VBD" wid="24">did</w>
  <w id="25" lemma="|not|" pos="RB" wid="25">not</w>
  <w id="26" lemma="|immediately|" pos="RB" wid="26">immediately</w>
  <w id="27" lemma="|believe|" pos="VB" wid="27">believe</w>
  <w id="28" lemma="|in|" pos="IN" wid="28">in</w>
  <w id="29" lemma="|the|" pos="DT" wid="29">the</w>
  <w id="30" lemma="|announcement|" pos="NN" wid="30">announcement</w>
  <w id="31" lemma="|of|" pos="IN" wid="31">of</w>
  <w id="32" lemma="|such|" pos="PDT" wid="32">such</w>
  <w id="33" lemma="|a|" pos="DT" wid="33">an</w>
  <w id="34" lemma="|unexpected|" pos="JJ" wid="34">unexpected</w>
  <w id="35" lemma="|fatherhood|" pos="NN" wid="35">fatherhood</w>
  <w id="36" lemma="|.|" pos="." wid="36">.</w>
</sentence>
<sentence id="8">
  <w id="0" lemma="|this|" pos="DT" wid="0">This</w>
  <w id="1" lemma="|be|" pos="VBZ" wid="1">is</w>
  <w id="2" lemma="|why|" pos="WRB" wid="2">why</w>
  <w id="3" lemma="|he|" pos="PRP" wid="3">he</w>
  <w id="4" lemma="|be|" pos="VBD" wid="4">was</w>
  <w id="5" lemma="|leave|" pos="VBN" wid="5">left</w>
  <w id="6" lemma="|mute|" pos="JJ" wid="6">mute</w>
  <w id="7" lemma="|until|" pos="IN" wid="7">until</w>
  <w id="8" lemma="|the|" pos="DT" wid="8">the</w>
  <w id="9" lemma="|day|" pos="NN" wid="9">day</w>
  <w id="10" lemma="|of|" pos="IN" wid="10">of</w>
  <w id="11" lemma="|the|" pos="DT" wid="11">the</w>
  <w id="12" lemma="|circumcision|" pos="NN" wid="12">circumcision</w>
  <w id="13" lemma="|of|" pos="IN" wid="13">of</w>
  <w id="14" lemma="|the|" pos="DT" wid="14">the</w>
  <w id="15" lemma="|child|" pos="NN" wid="15">child</w>
  <w id="16" lemma="|to|" pos="TO" wid="16">to</w>
  <w id="17" lemma="|whom|" pos="WP" wid="17">whom</w>
  <w id="18" lemma="|he|" pos="PRP" wid="18">he</w>
  <w id="19" lemma="|and|" pos="CC" wid="19">and</w>
  <w id="20" lemma="|he|" pos="PRP$" wid="20">his</w>
  <w id="21" lemma="|wife|" pos="NN" wid="21">wife</w>
  <w id="22" lemma="|give|" pos="VBD" wid="22">gave</w>
  <w id="23" lemma="|the|" pos="DT" wid="23">the</w>
  <w id="24" lemma="|name|" pos="NN" wid="24">name</w>
  <w id="25" lemma="|God|" pos="NNP" wid="25">God</w>
  <w id="26" lemma="|have|" pos="VBD" wid="26">had</w>
  <w id="27" lemma="|indicate|" pos="VBN" wid="27">indicated</w>
  <w id="28" lemma="|to|" pos="TO" wid="28">to</w>
  <w id="29" lemma="|they|" pos="PRP" wid="29">them</w>
  <w id="30" lemma="|,|" pos="," wid="30">,</w>
  <w id="31" lemma="|that|" pos="DT" wid="31">that</w>
  <w id="32" lemma="|be|" pos="VBZ" wid="32">is</w>
  <w id="33" lemma="|,|" pos="," wid="33">,</w>
  <w id="34" lemma="|John|" pos="NNP" wid="34">John</w>
  <w id="35" lemma="|,|" pos="," wid="35">,</w>
  <w id="36" lemma="|which|" pos="WDT" wid="36">which</w>
  <w id="37" lemma="|mean|" pos="VBZ" wid="37">means</w>
  <w id="38" lemma="|``|" pos="``" wid="38">``</w>
  <w id="39" lemma="|grace|" pos="VBN" wid="39">graced</w>
  <w id="40" lemma="|by|" pos="IN" wid="40">by</w>
  <w id="41" lemma="|God|" pos="NNP" wid="41">God</w>
  <w id="42" lemma="|''|" pos="''" wid="42">''</w>
  <w id="43" lemma="|.|" pos="." wid="43">.</w>
</sentence>
<sentence id="9">
  <w id="0" lemma="|inspire|" pos="VBN" wid="0">Inspired</w>
  <w id="1" lemma="|by|" pos="IN" wid="1">by</w>
  <w id="2" lemma="|the|" pos="DT" wid="2">the</w>
  <w id="3" lemma="|Holy|" pos="NNP" wid="3">Holy</w>
  <w id="4" lemma="|Spirit|" pos="NNP" wid="4">Spirit</w>
  <w id="5" lemma="|,|" pos="," wid="5">,</w>
  <w id="6" lemma="|Zechariah|" pos="NNP" wid="6">Zechariah</w>
  <w id="7" lemma="|speak|" pos="VBD" wid="7">spoke</w>
  <w id="8" lemma="|thus|" pos="RB" wid="8">thus</w>
  <w id="9" lemma="|of|" pos="IN" wid="9">of</w>
  <w id="10" lemma="|he|" pos="PRP$" wid="10">his</w>
  <w id="11" lemma="|son|" pos="NN" wid="11">son</w>
  <w id="12" lemma="|'s|" pos="POS" wid="12">'s</w>
  <w id="13" lemma="|mission|" pos="NN" wid="13">mission</w>
  <w id="14" lemma="|:|" pos=":" wid="14">:</w>
  <w id="15" lemma="|``|" pos="``" wid="15">``</w>
  <w id="16" lemma="|and|" pos="CC" wid="16">And</w>
  <w id="17" lemma="|you|" pos="PRP" wid="17">you</w>
  <w id="18" lemma="|,|" pos="," wid="18">,</w>
  <w id="19" lemma="|child|" pos="NN" wid="19">child</w>
  <w id="20" lemma="|,|" pos="," wid="20">,</w>
  <w id="21" lemma="|will|" pos="MD" wid="21">will</w>
  <w id="22" lemma="|be|" pos="VB" wid="22">be</w>
  <w id="23" lemma="|call|" pos="VBN" wid="23">called</w>
  <w id="24" lemma="|the|" pos="DT" wid="24">the</w>
  <w id="25" lemma="|prophet|" pos="NN" wid="25">prophet</w>
  <w id="26" lemma="|of|" pos="IN" wid="26">of</w>
  <w id="27" lemma="|the|" pos="DT" wid="27">the</w>
  <w id="28" lemma="|Most|" pos="NNP" wid="28">Most</w>
  <w id="29" lemma="|High|" pos="NNP" wid="29">High</w>
  <w id="30" lemma="|;|" pos=":" wid="30">;</w>
  <w id="31" lemma="|for|" pos="IN" wid="31">for</w>
  <w id="32" lemma="|you|" pos="PRP" wid="32">you</w>
  <w id="33" lemma="|will|" pos="MD" wid="33">will</w>
  <w id="34" lemma="|go|" pos="VB" wid="34">go</w>
  <w id="35" lemma="|before|" pos="IN" wid="35">before</w>
  <w id="36" lemma="|the|" pos="DT" wid="36">the</w>
  <w id="37" lemma="|Lord|" pos="NNP" wid="37">Lord</w>
  <w id="38" lemma="|to|" pos="TO" wid="38">to</w>
  <w id="39" lemma="|prepare|" pos="VB" wid="39">prepare</w>
  <w id="40" lemma="|he|" pos="PRP$" wid="40">his</w>
  <w id="41" lemma="|way|" pos="NNS" wid="41">ways</w>
  <w id="42" lemma="|,|" pos="," wid="42">,</w>
  <w id="43" lemma="|to|" pos="TO" wid="43">to</w>
  <w id="44" lemma="|give|" pos="VB" wid="44">give</w>
  <w id="45" lemma="|knowledge|" pos="NN" wid="45">knowledge</w>
  <w id="46" lemma="|of|" pos="IN" wid="46">of</w>
  <w id="47" lemma="|salvation|" pos="NN" wid="47">salvation</w>
  <w id="48" lemma="|to|" pos="TO" wid="48">to</w>
  <w id="49" lemma="|he|" pos="PRP$" wid="49">his</w>
  <w id="50" lemma="|people|" pos="NNS" wid="50">people</w>
  <w id="51" lemma="|in|" pos="IN" wid="51">in</w>
  <w id="52" lemma="|the|" pos="DT" wid="52">the</w>
  <w id="53" lemma="|forgiveness|" pos="NN" wid="53">forgiveness</w>
  <w id="54" lemma="|of|" pos="IN" wid="54">of</w>
  <w id="55" lemma="|they|" pos="PRP$" wid="55">their</w>
  <w id="56" lemma="|sin|" pos="NNS" wid="56">sins</w>
  <w id="57" lemma="|''|" pos="''" wid="57">''</w>
  <w id="58" lemma="|-lrb-|" pos="-LRB-" wid="58">-LRB-</w>
  <w id="59" lemma="|lk|" pos="NN" wid="59">Lk</w>
  <w id="60" lemma="|1:76|" pos="CD" wid="60">1:76</w>
  <w id="61" lemma="|-77|" pos="CD" wid="61">-77</w>
  <w id="62" lemma="|-rrb-|" pos="-RRB-" wid="62">-RRB-</w>
  <w id="63" lemma="|.|" pos="." wid="63">.</w>
</sentence>
<sentence id="10">
  <w id="0" lemma="|all|" pos="PDT" wid="0">All</w>
  <w id="1" lemma="|this|" pos="DT" wid="1">this</w>
  <w id="2" lemma="|come|" pos="VBD" wid="2">came</w>
  <w id="3" lemma="|to|" pos="TO" wid="3">to</w>
  <w id="4" lemma="|pass|" pos="VB" wid="4">pass</w>
  <w id="5" lemma="|30|" pos="CD" wid="5">30</w>
  <w id="6" lemma="|year|" pos="NNS" wid="6">years</w>
  <w id="7" lemma="|later|" pos="RB" wid="7">later</w>
  <w id="8" lemma="|when|" pos="WRB" wid="8">when</w>
  <w id="9" lemma="|John|" pos="NNP" wid="9">John</w>
  <w id="10" lemma="|begin|" pos="VBD" wid="10">began</w>
  <w id="11" lemma="|baptize|" pos="VBG" wid="11">baptizing</w>
  <w id="12" lemma="|people|" pos="NNS" wid="12">people</w>
  <w id="13" lemma="|in|" pos="IN" wid="13">in</w>
  <w id="14" lemma="|the|" pos="DT" wid="14">the</w>
  <w id="15" lemma="|River|" pos="NNP" wid="15">River</w>
  <w id="16" lemma="|Jordan|" pos="NNP" wid="16">Jordan</w>
  <w id="17" lemma="|,|" pos="," wid="17">,</w>
  <w id="18" lemma="|call|" pos="VBG" wid="18">calling</w>
  <w id="19" lemma="|they|" pos="PRP" wid="19">them</w>
  <w id="20" lemma="|to|" pos="TO" wid="20">to</w>
  <w id="21" lemma="|prepare|" pos="VB" wid="21">prepare</w>
  <w id="22" lemma="|themselves|" pos="PRP" wid="22">themselves</w>
  <w id="23" lemma="|with|" pos="IN" wid="23">with</w>
  <w id="24" lemma="|this|" pos="DT" wid="24">this</w>
  <w id="25" lemma="|act|" pos="NN" wid="25">act</w>
  <w id="26" lemma="|of|" pos="IN" wid="26">of</w>
  <w id="27" lemma="|penance|" pos="NN" wid="27">penance</w>
  <w id="28" lemma="|for|" pos="IN" wid="28">for</w>
  <w id="29" lemma="|the|" pos="DT" wid="29">the</w>
  <w id="30" lemma="|imminent|" pos="JJ" wid="30">imminent</w>
  <w id="31" lemma="|come|" pos="VBG" wid="31">coming</w>
  <w id="32" lemma="|of|" pos="IN" wid="32">of</w>
  <w id="33" lemma="|the|" pos="DT" wid="33">the</w>
  <w id="34" lemma="|Messiah|" pos="NNP" wid="34">Messiah</w>
  <w id="35" lemma="|,|" pos="," wid="35">,</w>
  <w id="36" lemma="|which|" pos="WDT" wid="36">which</w>
  <w id="37" lemma="|God|" pos="NNP" wid="37">God</w>
  <w id="38" lemma="|have|" pos="VBD" wid="38">had</w>
  <w id="39" lemma="|reveal|" pos="VBN" wid="39">revealed</w>
  <w id="40" lemma="|to|" pos="TO" wid="40">to</w>
  <w id="41" lemma="|they|" pos="PRP" wid="41">them</w>
  <w id="42" lemma="|during|" pos="IN" wid="42">during</w>
  <w id="43" lemma="|they|" pos="PRP$" wid="43">their</w>
  <w id="44" lemma="|wanderings|" pos="NNS" wid="44">wanderings</w>
  <w id="45" lemma="|in|" pos="IN" wid="45">in</w>
  <w id="46" lemma="|the|" pos="DT" wid="46">the</w>
  <w id="47" lemma="|desert|" pos="NN" wid="47">desert</w>
  <w id="48" lemma="|of|" pos="IN" wid="48">of</w>
  <w id="49" lemma="|Judaea|" pos="NNP" wid="49">Judaea</w>
  <w id="50" lemma="|.|" pos="." wid="50">.</w>
</sentence>
<sentence id="11">
  <w id="0" lemma="|this|" pos="DT" wid="0">This</w>
  <w id="1" lemma="|be|" pos="VBZ" wid="1">is</w>
  <w id="2" lemma="|why|" pos="WRB" wid="2">why</w>
  <w id="3" lemma="|he|" pos="PRP" wid="3">he</w>
  <w id="4" lemma="|be|" pos="VBD" wid="4">was</w>
  <w id="5" lemma="|call|" pos="VBN" wid="5">called</w>
  <w id="6" lemma="|the|" pos="DT" wid="6">the</w>
  <w id="7" lemma="|``|" pos="``" wid="7">``</w>
  <w id="8" lemma="|Baptist|" pos="NNP" wid="8">Baptist</w>
  <w id="9" lemma="|''|" pos="''" wid="9">''</w>
  <w id="10" lemma="|,|" pos="," wid="10">,</w>
  <w id="11" lemma="|the|" pos="DT" wid="11">the</w>
  <w id="12" lemma="|``|" pos="``" wid="12">``</w>
  <w id="13" lemma="|Baptizer|" pos="NNP" wid="13">Baptizer</w>
  <w id="14" lemma="|''|" pos="''" wid="14">''</w>
  <w id="15" lemma="|-lrb-|" pos="-LRB-" wid="15">-LRB-</w>
  <w id="16" lemma="|cf|" pos="NN" wid="16">cf</w>
  <w id="17" lemma="|.|" pos="." wid="17">.</w>
</sentence>
<sentence id="12">
  <w id="0" lemma="|mt|" pos="FW" wid="0">Mt</w>
  <w id="1" lemma="|3:1|" pos="FW" wid="1">3:1</w>
  <w id="2" lemma="|-6|" pos="CD" wid="2">-6</w>
  <w id="3" lemma="|-rrb-|" pos="-RRB-" wid="3">-RRB-</w>
  <w id="4" lemma="|.|" pos="." wid="4">.</w>
</sentence>
<sentence id="13">
  <w id="0" lemma="|when|" pos="WRB" wid="0">When</w>
  <w id="1" lemma="|one|" pos="CD" wid="1">one</w>
  <w id="2" lemma="|day|" pos="NN" wid="2">day</w>
  <w id="3" lemma="|Jesus|" pos="NNP" wid="3">Jesus</w>
  <w id="4" lemma="|himself|" pos="PRP" wid="4">himself</w>
  <w id="5" lemma="|come|" pos="VBD" wid="5">came</w>
  <w id="6" lemma="|from|" pos="IN" wid="6">from</w>
  <w id="7" lemma="|Nazareth|" pos="NNP" wid="7">Nazareth</w>
  <w id="8" lemma="|to|" pos="TO" wid="8">to</w>
  <w id="9" lemma="|be|" pos="VB" wid="9">be</w>
  <w id="10" lemma="|baptize|" pos="VBN" wid="10">baptized</w>
  <w id="11" lemma="|,|" pos="," wid="11">,</w>
  <w id="12" lemma="|John|" pos="NNP" wid="12">John</w>
  <w id="13" lemma="|at|" pos="IN" wid="13">at</w>
  <w id="14" lemma="|first|" pos="RB" wid="14">first</w>
  <w id="15" lemma="|refuse|" pos="VBN" wid="15">refused</w>
  <w id="16" lemma="|but|" pos="CC" wid="16">but</w>
  <w id="17" lemma="|then|" pos="RB" wid="17">then</w>
  <w id="18" lemma="|consent|" pos="VBD" wid="18">consented</w>
  <w id="19" lemma="|;|" pos=":" wid="19">;</w>
  <w id="20" lemma="|he|" pos="PRP" wid="20">he</w>
  <w id="21" lemma="|see|" pos="VBD" wid="21">saw</w>
  <w id="22" lemma="|the|" pos="DT" wid="22">the</w>
  <w id="23" lemma="|Holy|" pos="NNP" wid="23">Holy</w>
  <w id="24" lemma="|Spirit|" pos="NNP" wid="24">Spirit</w>
  <w id="25" lemma="|settle|" pos="VB" wid="25">settle</w>
  <w id="26" lemma="|on|" pos="IN" wid="26">on</w>
  <w id="27" lemma="|Jesus|" pos="NNP" wid="27">Jesus</w>
  <w id="28" lemma="|and|" pos="CC" wid="28">and</w>
  <w id="29" lemma="|hear|" pos="VBD" wid="29">heard</w>
  <w id="30" lemma="|the|" pos="DT" wid="30">the</w>
  <w id="31" lemma="|voice|" pos="NN" wid="31">voice</w>
  <w id="32" lemma="|of|" pos="IN" wid="32">of</w>
  <w id="33" lemma="|the|" pos="DT" wid="33">the</w>
  <w id="34" lemma="|heavenly|" pos="JJ" wid="34">heavenly</w>
  <w id="35" lemma="|Father|" pos="NNP" wid="35">Father</w>
  <w id="36" lemma="|proclaim|" pos="VBG" wid="36">proclaiming</w>
  <w id="37" lemma="|he|" pos="PRP" wid="37">him</w>
  <w id="38" lemma="|he|" pos="PRP$" wid="38">his</w>
  <w id="39" lemma="|Son|" pos="NNP" wid="39">Son</w>
  <w id="40" lemma="|-lrb-|" pos="-LRB-" wid="40">-LRB-</w>
  <w id="41" lemma="|cf|" pos="FW" wid="41">cf</w>
  <w id="42" lemma="|.|" pos="." wid="42">.</w>
</sentence>
<sentence id="14">
  <w id="0" lemma="|mt|" pos="FW" wid="0">Mt</w>
  <w id="1" lemma="|3:13|" pos="FW" wid="1">3:13</w>
  <w id="2" lemma="|-17|" pos="CD" wid="2">-17</w>
  <w id="3" lemma="|-rrb-|" pos="-RRB-" wid="3">-RRB-</w>
  <w id="4" lemma="|.|" pos="." wid="4">.</w>
</sentence>
<sentence id="15">
  <w id="0" lemma="|however|" pos="RB" wid="0">However</w>
  <w id="1" lemma="|,|" pos="," wid="1">,</w>
  <w id="2" lemma="|the|" pos="DT" wid="2">the</w>
  <w id="3" lemma="|Baptist|" pos="NNP" wid="3">Baptist</w>
  <w id="4" lemma="|'s|" pos="POS" wid="4">'s</w>
  <w id="5" lemma="|mission|" pos="NN" wid="5">mission</w>
  <w id="6" lemma="|be|" pos="VBD" wid="6">was</w>
  <w id="7" lemma="|not|" pos="RB" wid="7">not</w>
  <w id="8" lemma="|yet|" pos="RB" wid="8">yet</w>
  <w id="9" lemma="|complete|" pos="JJ" wid="9">complete</w>
  <w id="10" lemma="|.|" pos="." wid="10">.</w>
</sentence>
<sentence id="16">
  <w id="0" lemma="|shortly|" pos="RB" wid="0">Shortly</w>
  <w id="1" lemma="|afterwards|" pos="RB" wid="1">afterwards</w>
  <w id="2" lemma="|he|" pos="PRP" wid="2">he</w>
  <w id="3" lemma="|be|" pos="VBD" wid="3">was</w>
  <w id="4" lemma="|also|" pos="RB" wid="4">also</w>
  <w id="5" lemma="|ask|" pos="VBN" wid="5">asked</w>
  <w id="6" lemma="|to|" pos="TO" wid="6">to</w>
  <w id="7" lemma="|precede|" pos="VB" wid="7">precede</w>
  <w id="8" lemma="|Jesus|" pos="NNP" wid="8">Jesus</w>
  <w id="9" lemma="|in|" pos="IN" wid="9">in</w>
  <w id="10" lemma="|a|" pos="DT" wid="10">a</w>
  <w id="11" lemma="|violent|" pos="JJ" wid="11">violent</w>
  <w id="12" lemma="|death|" pos="NN" wid="12">death</w>
  <w id="13" lemma="|:|" pos=":" wid="13">:</w>
  <w id="14" lemma="|John|" pos="NNP" wid="14">John</w>
  <w id="15" lemma="|be|" pos="VBD" wid="15">was</w>
  <w id="16" lemma="|behead|" pos="VBN" wid="16">beheaded</w>
  <w id="17" lemma="|in|" pos="IN" wid="17">in</w>
  <w id="18" lemma="|King|" pos="NNP" wid="18">King</w>
  <w id="19" lemma="|Herod|" pos="NNP" wid="19">Herod</w>
  <w id="20" lemma="|'s|" pos="POS" wid="20">'s</w>
  <w id="21" lemma="|prison|" pos="NN" wid="21">prison</w>
  <w id="22" lemma="|and|" pos="CC" wid="22">and</w>
  <w id="23" lemma="|thus|" pos="RB" wid="23">thus</w>
  <w id="24" lemma="|bear|" pos="VBD" wid="24">bore</w>
  <w id="25" lemma="|a|" pos="DT" wid="25">a</w>
  <w id="26" lemma="|full|" pos="JJ" wid="26">full</w>
  <w id="27" lemma="|witness|" pos="NN" wid="27">witness</w>
  <w id="28" lemma="|to|" pos="TO" wid="28">to</w>
  <w id="29" lemma="|the|" pos="DT" wid="29">the</w>
  <w id="30" lemma="|Lamb|" pos="NNP" wid="30">Lamb</w>
  <w id="31" lemma="|of|" pos="IN" wid="31">of</w>
  <w id="32" lemma="|God|" pos="NNP" wid="32">God</w>
  <w id="33" lemma="|who|" pos="WP" wid="33">who</w>
  <w id="34" lemma="|have|" pos="VBD" wid="34">had</w>
  <w id="35" lemma="|recognize|" pos="VBN" wid="35">recognized</w>
  <w id="36" lemma="|he|" pos="PRP" wid="36">him</w>
  <w id="37" lemma="|and|" pos="CC" wid="37">and</w>
  <w id="38" lemma="|publicly|" pos="RB" wid="38">publicly</w>
  <w id="39" lemma="|point|" pos="VBD" wid="39">pointed</w>
  <w id="40" lemma="|he|" pos="PRP" wid="40">him</w>
  <w id="41" lemma="|out|" pos="RP" wid="41">out</w>
  <w id="42" lemma="|beforehand|" pos="RB" wid="42">beforehand</w>
  <w id="43" lemma="|.|" pos="." wid="43">.</w>
</sentence>
<sentence id="17">
  <w id="0" lemma="|Dear|" pos="NNP" wid="0">Dear</w>
  <w id="1" lemma="|friend|" pos="NNS" wid="1">friends</w>
  <w id="2" lemma="|,|" pos="," wid="2">,</w>
  <w id="3" lemma="|the|" pos="DT" wid="3">the</w>
  <w id="4" lemma="|Virgin|" pos="NNP" wid="4">Virgin</w>
  <w id="5" lemma="|Mary|" pos="NNP" wid="5">Mary</w>
  <w id="6" lemma="|help|" pos="VBD" wid="6">helped</w>
  <w id="7" lemma="|she|" pos="PRP$" wid="7">her</w>
  <w id="8" lemma="|elderly|" pos="JJ" wid="8">elderly</w>
  <w id="9" lemma="|kinswoman|" pos="NN" wid="9">kinswoman</w>
  <w id="10" lemma="|Elizabeth|" pos="NNP" wid="10">Elizabeth</w>
  <w id="11" lemma="|when|" pos="WRB" wid="11">when</w>
  <w id="12" lemma="|she|" pos="PRP" wid="12">she</w>
  <w id="13" lemma="|be|" pos="VBD" wid="13">was</w>
  <w id="14" lemma="|expect|" pos="VBG" wid="14">expecting</w>
  <w id="15" lemma="|John|" pos="NNP" wid="15">John</w>
  <w id="16" lemma="|to|" pos="TO" wid="16">to</w>
  <w id="17" lemma="|bring|" pos="VB" wid="17">bring</w>
  <w id="18" lemma="|she|" pos="PRP$" wid="18">her</w>
  <w id="19" lemma="|pregnancy|" pos="NN" wid="19">pregnancy</w>
  <w id="20" lemma="|to|" pos="TO" wid="20">to</w>
  <w id="21" lemma="|completion|" pos="NN" wid="21">completion</w>
  <w id="22" lemma="|.|" pos="." wid="22">.</w>
</sentence>
<sentence id="18">
  <w id="0" lemma="|may|" pos="MD" wid="0">May</w>
  <w id="1" lemma="|she|" pos="PRP" wid="1">she</w>
  <w id="2" lemma="|help|" pos="VB" wid="2">help</w>
  <w id="3" lemma="|all|" pos="DT" wid="3">all</w>
  <w id="4" lemma="|people|" pos="NNS" wid="4">people</w>
  <w id="5" lemma="|to|" pos="TO" wid="5">to</w>
  <w id="6" lemma="|follow|" pos="VB" wid="6">follow</w>
  <w id="7" lemma="|Jesus|" pos="NNP" wid="7">Jesus</w>
  <w id="8" lemma="|,|" pos="," wid="8">,</w>
  <w id="9" lemma="|the|" pos="DT" wid="9">the</w>
  <w id="10" lemma="|Christ|" pos="NNP" wid="10">Christ</w>
  <w id="11" lemma="|,|" pos="," wid="11">,</w>
  <w id="12" lemma="|the|" pos="DT" wid="12">the</w>
  <w id="13" lemma="|Son|" pos="NNP" wid="13">Son</w>
  <w id="14" lemma="|of|" pos="IN" wid="14">of</w>
  <w id="15" lemma="|God|" pos="NNP" wid="15">God</w>
  <w id="16" lemma="|,|" pos="," wid="16">,</w>
  <w id="17" lemma="|whom|" pos="WP" wid="17">whom</w>
  <w id="18" lemma="|the|" pos="DT" wid="18">the</w>
  <w id="19" lemma="|Baptist|" pos="NNP" wid="19">Baptist</w>
  <w id="20" lemma="|proclaim|" pos="VBD" wid="20">proclaimed</w>
  <w id="21" lemma="|with|" pos="IN" wid="21">with</w>
  <w id="22" lemma="|deep|" pos="JJ" wid="22">deep</w>
  <w id="23" lemma="|humility|" pos="NN" wid="23">humility</w>
  <w id="24" lemma="|and|" pos="CC" wid="24">and</w>
  <w id="25" lemma="|prophetic|" pos="JJ" wid="25">prophetic</w>
  <w id="26" lemma="|fervour|" pos="NN" wid="26">fervour</w>
  <w id="27" lemma="|.|" pos="." wid="27">.</w>
</sentence>
<sentence id="19">
  <w id="0" lemma="|after|" pos="IN" wid="0">After</w>
  <w id="1" lemma="|the|" pos="DT" wid="1">the</w>
  <w id="2" lemma="|Angelus|" pos="NNP" wid="2">Angelus</w>
  <w id="3" lemma="|:|" pos=":" wid="3">:</w>
  <w id="4" lemma="|Dear|" pos="NNP" wid="4">Dear</w>
  <w id="5" lemma="|Brothers|" pos="NNPS" wid="5">Brothers</w>
  <w id="6" lemma="|and|" pos="CC" wid="6">and</w>
  <w id="7" lemma="|sister|" pos="NNS" wid="7">Sisters</w>
  <w id="8" lemma="|,|" pos="," wid="8">,</w>
  <w id="9" lemma="|the|" pos="DT" wid="9">The</w>
  <w id="10" lemma="|day|" pos="NN" wid="10">Day</w>
  <w id="11" lemma="|for|" pos="IN" wid="11">for</w>
  <w id="12" lemma="|the|" pos="DT" wid="12">the</w>
  <w id="13" lemma="|Pope|" pos="NNP" wid="13">Pope</w>
  <w id="14" lemma="|'s|" pos="POS" wid="14">'s</w>
  <w id="15" lemma="|charity|" pos="NN" wid="15">Charity</w>
  <w id="16" lemma="|be|" pos="VBZ" wid="16">is</w>
  <w id="17" lemma="|be|" pos="VBG" wid="17">being</w>
  <w id="18" lemma="|celebrate|" pos="VBN" wid="18">celebrated</w>
  <w id="19" lemma="|today|" pos="NN" wid="19">today</w>
  <w id="20" lemma="|in|" pos="IN" wid="20">in</w>
  <w id="21" lemma="|Italy|" pos="NNP" wid="21">Italy</w>
  <w id="22" lemma="|.|" pos="." wid="22">.</w>
</sentence>
<sentence id="20">
  <w id="0" lemma="|I|" pos="PRP" wid="0">I</w>
  <w id="1" lemma="|thank|" pos="VBP" wid="1">thank</w>
  <w id="2" lemma="|all|" pos="PDT" wid="2">all</w>
  <w id="3" lemma="|the|" pos="DT" wid="3">the</w>
  <w id="4" lemma="|parish|" pos="JJ" wid="4">parish</w>
  <w id="5" lemma="|community|" pos="NNS" wid="5">communities</w>
  <w id="6" lemma="|,|" pos="," wid="6">,</w>
  <w id="7" lemma="|family|" pos="NNS" wid="7">families</w>
  <w id="8" lemma="|and|" pos="CC" wid="8">and</w>
  <w id="9" lemma="|individual|" pos="JJ" wid="9">individual</w>
  <w id="10" lemma="|member|" pos="NNS" wid="10">members</w>
  <w id="11" lemma="|of|" pos="IN" wid="11">of</w>
  <w id="12" lemma="|the|" pos="DT" wid="12">the</w>
  <w id="13" lemma="|faithful|" pos="NN" wid="13">faithful</w>
  <w id="14" lemma="|for|" pos="IN" wid="14">for</w>
  <w id="15" lemma="|they|" pos="PRP$" wid="15">their</w>
  <w id="16" lemma="|constant|" pos="JJ" wid="16">constant</w>
  <w id="17" lemma="|and|" pos="CC" wid="17">and</w>
  <w id="18" lemma="|generous|" pos="JJ" wid="18">generous</w>
  <w id="19" lemma="|support|" pos="NN" wid="19">support</w>
  <w id="20" lemma="|which|" pos="WDT" wid="20">which</w>
  <w id="21" lemma="|benefit|" pos="VBZ" wid="21">benefits</w>
  <w id="22" lemma="|so|" pos="RB" wid="22">so</w>
  <w id="23" lemma="|many|" pos="JJ" wid="23">many</w>
  <w id="24" lemma="|brother|" pos="NNS" wid="24">brothers</w>
  <w id="25" lemma="|and|" pos="CC" wid="25">and</w>
  <w id="26" lemma="|sister|" pos="NNS" wid="26">sisters</w>
  <w id="27" lemma="|in|" pos="IN" wid="27">in</w>
  <w id="28" lemma="|difficulty|" pos="NN" wid="28">difficulty</w>
  <w id="29" lemma="|.|" pos="." wid="29">.</w>
</sentence>
<sentence id="21">
  <w id="0" lemma="|in|" pos="IN" wid="0">In</w>
  <w id="1" lemma="|this|" pos="DT" wid="1">this</w>
  <w id="2" lemma="|regard|" pos="NN" wid="2">regard</w>
  <w id="3" lemma="|,|" pos="," wid="3">,</w>
  <w id="4" lemma="|I|" pos="PRP" wid="4">I</w>
  <w id="5" lemma="|recall|" pos="VBP" wid="5">recall</w>
  <w id="6" lemma="|that|" pos="IN" wid="6">that</w>
  <w id="7" lemma="|the|" pos="DT" wid="7">the</w>
  <w id="8" lemma="|day|" pos="NN" wid="8">day</w>
  <w id="9" lemma="|after|" pos="IN" wid="9">after</w>
  <w id="10" lemma="|tomorrow|" pos="NN" wid="10">tomorrow</w>
  <w id="11" lemma="|,|" pos="," wid="11">,</w>
  <w id="12" lemma="|please|" pos="VB" wid="12">please</w>
  <w id="13" lemma="|God|" pos="NNP" wid="13">God</w>
  <w id="14" lemma="|,|" pos="," wid="14">,</w>
  <w id="15" lemma="|I|" pos="PRP" wid="15">I</w>
  <w id="16" lemma="|shall|" pos="MD" wid="16">shall</w>
  <w id="17" lemma="|be|" pos="VB" wid="17">be</w>
  <w id="18" lemma="|make|" pos="VBG" wid="18">making</w>
  <w id="19" lemma="|a|" pos="DT" wid="19">a</w>
  <w id="20" lemma="|brief|" pos="JJ" wid="20">brief</w>
  <w id="21" lemma="|visit|" pos="NN" wid="21">visit</w>
  <w id="22" lemma="|to|" pos="TO" wid="22">to</w>
  <w id="23" lemma="|the|" pos="DT" wid="23">the</w>
  <w id="24" lemma="|area|" pos="NNS" wid="24">areas</w>
  <w id="25" lemma="|hit|" pos="VBN" wid="25">hit</w>
  <w id="26" lemma="|by|" pos="IN" wid="26">by</w>
  <w id="27" lemma="|the|" pos="DT" wid="27">the</w>
  <w id="28" lemma="|recent|" pos="JJ" wid="28">recent</w>
  <w id="29" lemma="|earthquake|" pos="NN" wid="29">earthquake</w>
  <w id="30" lemma="|in|" pos="IN" wid="30">in</w>
  <w id="31" lemma="|North|" pos="NNP" wid="31">North</w>
  <w id="32" lemma="|Italy|" pos="NNP" wid="32">Italy</w>
  <w id="33" lemma="|.|" pos="." wid="33">.</w>
</sentence>
<sentence id="22">
  <w id="0" lemma="|I|" pos="PRP" wid="0">I</w>
  <w id="1" lemma="|would|" pos="MD" wid="1">would</w>
  <w id="2" lemma="|like|" pos="VB" wid="2">like</w>
  <w id="3" lemma="|this|" pos="DT" wid="3">this</w>
  <w id="4" lemma="|to|" pos="TO" wid="4">to</w>
  <w id="5" lemma="|be|" pos="VB" wid="5">be</w>
  <w id="6" lemma="|a|" pos="DT" wid="6">a</w>
  <w id="7" lemma="|sign|" pos="NN" wid="7">sign</w>
  <w id="8" lemma="|of|" pos="IN" wid="8">of</w>
  <w id="9" lemma="|the|" pos="DT" wid="9">the</w>
  <w id="10" lemma="|whole|" pos="JJ" wid="10">whole</w>
  <w id="11" lemma="|Church|" pos="NNP" wid="11">Church</w>
  <w id="12" lemma="|'s|" pos="POS" wid="12">'s</w>
  <w id="13" lemma="|solidarity|" pos="NN" wid="13">solidarity</w>
  <w id="14" lemma="|and|" pos="CC" wid="14">and</w>
  <w id="15" lemma="|I|" pos="PRP" wid="15">I</w>
  <w id="16" lemma="|therefore|" pos="RB" wid="16">therefore</w>
  <w id="17" lemma="|invite|" pos="VBP" wid="17">invite</w>
  <w id="18" lemma="|everyone|" pos="NN" wid="18">everyone</w>
  <w id="19" lemma="|to|" pos="TO" wid="19">to</w>
  <w id="20" lemma="|accompany|" pos="VB" wid="20">accompany</w>
  <w id="21" lemma="|I|" pos="PRP" wid="21">me</w>
  <w id="22" lemma="|with|" pos="IN" wid="22">with</w>
  <w id="23" lemma="|prayer|" pos="NNS" wid="23">prayers</w>
  <w id="24" lemma="|.|" pos="." wid="24">.</w>
</sentence>
<sentence id="23">
  <w id="0" lemma="|I|" pos="PRP" wid="0">I</w>
  <w id="1" lemma="|greet|" pos="VBP" wid="1">greet</w>
  <w id="2" lemma="|all|" pos="PDT" wid="2">all</w>
  <w id="3" lemma="|the|" pos="DT" wid="3">the</w>
  <w id="4" lemma="|english-speaking|" pos="JJ" wid="4">English-speaking</w>
  <w id="5" lemma="|pilgrim|" pos="NNS" wid="5">pilgrims</w>
  <w id="6" lemma="|and|" pos="CC" wid="6">and</w>
  <w id="7" lemma="|visitor|" pos="NNS" wid="7">visitors</w>
  <w id="8" lemma="|present|" pos="JJ" wid="8">present</w>
  <w id="9" lemma="|for|" pos="IN" wid="9">for</w>
  <w id="10" lemma="|today|" pos="NN" wid="10">today</w>
  <w id="11" lemma="|'s|" pos="POS" wid="11">'s</w>
  <w id="12" lemma="|angelus|" pos="NN" wid="12">Angelus</w>
  <w id="13" lemma="|.|" pos="." wid="13">.</w>
</sentence>
<sentence id="24">
  <w id="0" lemma="|this|" pos="DT" wid="0">This</w>
  <w id="1" lemma="|Sunday|" pos="NNP" wid="1">Sunday</w>
  <w id="2" lemma="|,|" pos="," wid="2">,</w>
  <w id="3" lemma="|we|" pos="PRP" wid="3">we</w>
  <w id="4" lemma="|celebrate|" pos="VBP" wid="4">celebrate</w>
  <w id="5" lemma="|the|" pos="DT" wid="5">the</w>
  <w id="6" lemma="|birth|" pos="NN" wid="6">birth</w>
  <w id="7" lemma="|of|" pos="IN" wid="7">of</w>
  <w id="8" lemma="|John|" pos="NNP" wid="8">John</w>
  <w id="9" lemma="|the|" pos="DT" wid="9">the</w>
  <w id="10" lemma="|Baptist|" pos="NNP" wid="10">Baptist</w>
  <w id="11" lemma="|,|" pos="," wid="11">,</w>
  <w id="12" lemma="|the|" pos="DT" wid="12">the</w>
  <w id="13" lemma="|great|" pos="JJ" wid="13">great</w>
  <w id="14" lemma="|saint|" pos="NN" wid="14">saint</w>
  <w id="15" lemma="|who|" pos="WP" wid="15">who</w>
  <w id="16" lemma="|prepare|" pos="VBD" wid="16">prepared</w>
  <w id="17" lemma="|the|" pos="DT" wid="17">the</w>
  <w id="18" lemma="|way|" pos="NN" wid="18">way</w>
  <w id="19" lemma="|for|" pos="IN" wid="19">for</w>
  <w id="20" lemma="|we|" pos="PRP$" wid="20">our</w>
  <w id="21" lemma="|Lord|" pos="NNP" wid="21">Lord</w>
  <w id="22" lemma="|.|" pos="." wid="22">.</w>
</sentence>
<sentence id="25">
  <w id="0" lemma="|John|" pos="NNP" wid="0">John</w>
  <w id="1" lemma="|be|" pos="VBD" wid="1">was</w>
  <w id="2" lemma="|a|" pos="DT" wid="2">a</w>
  <w id="3" lemma="|voice|" pos="NN" wid="3">voice</w>
  <w id="4" lemma="|,|" pos="," wid="4">,</w>
  <w id="5" lemma="|cry|" pos="VBG" wid="5">crying</w>
  <w id="6" lemma="|in|" pos="IN" wid="6">in</w>
  <w id="7" lemma="|the|" pos="DT" wid="7">the</w>
  <w id="8" lemma="|wilderness|" pos="NN" wid="8">wilderness</w>
  <w id="9" lemma="|,|" pos="," wid="9">,</w>
  <w id="10" lemma="|call|" pos="VBG" wid="10">calling</w>
  <w id="11" lemma="|God|" pos="NNP" wid="11">God</w>
  <w id="12" lemma="|'s|" pos="POS" wid="12">'s</w>
  <w id="13" lemma="|people|" pos="NNS" wid="13">people</w>
  <w id="14" lemma="|to|" pos="TO" wid="14">to</w>
  <w id="15" lemma="|repentance|" pos="NN" wid="15">repentance</w>
  <w id="16" lemma="|.|" pos="." wid="16">.</w>
</sentence>
<sentence id="26">
  <w id="0" lemma="|let|" pos="VB" wid="0">Let</w>
  <w id="1" lemma="|we|" pos="PRP" wid="1">us</w>
  <w id="2" lemma="|heed|" pos="VB" wid="2">heed</w>
  <w id="3" lemma="|he|" pos="PRP$" wid="3">his</w>
  <w id="4" lemma="|voice|" pos="NN" wid="4">voice</w>
  <w id="5" lemma="|today|" pos="NN" wid="5">today</w>
  <w id="6" lemma="|,|" pos="," wid="6">,</w>
  <w id="7" lemma="|and|" pos="CC" wid="7">and</w>
  <w id="8" lemma="|make|" pos="VB" wid="8">make</w>
  <w id="9" lemma="|room|" pos="NN" wid="9">room</w>
  <w id="10" lemma="|for|" pos="IN" wid="10">for</w>
  <w id="11" lemma="|the|" pos="DT" wid="11">the</w>
  <w id="12" lemma="|Lord|" pos="NNP" wid="12">Lord</w>
  <w id="13" lemma="|in|" pos="IN" wid="13">in</w>
  <w id="14" lemma="|we|" pos="PRP$" wid="14">our</w>
  <w id="15" lemma="|heart|" pos="NNS" wid="15">hearts</w>
  <w id="16" lemma="|.|" pos="." wid="16">.</w>
</sentence>
<sentence id="27">
  <w id="0" lemma="|May|" pos="NNP" wid="0">May</w>
  <w id="1" lemma="|God|" pos="NNP" wid="1">God</w>
  <w id="2" lemma="|bless|" pos="VB" wid="2">bless</w>
  <w id="3" lemma="|all|" pos="DT" wid="3">all</w>
  <w id="4" lemma="|of|" pos="IN" wid="4">of</w>
  <w id="5" lemma="|you|" pos="PRP" wid="5">you</w>
  <w id="6" lemma="|.|" pos="." wid="6">.</w>
</sentence>
<sentence id="28">
  <w id="0" lemma="|I|" pos="PRP" wid="0">I</w>
  <w id="1" lemma="|wish|" pos="VBP" wid="1">wish</w>
  <w id="2" lemma="|you|" pos="PRP" wid="2">you</w>
  <w id="3" lemma="|all|" pos="PDT" wid="3">all</w>
  <w id="4" lemma="|a|" pos="DT" wid="4">a</w>
  <w id="5" lemma="|good|" pos="JJ" wid="5">good</w>
  <w id="6" lemma="|Feast|" pos="NNP" wid="6">Feast</w>
  <w id="7" lemma="|,|" pos="," wid="7">,</w>
  <w id="8" lemma="|a|" pos="DT" wid="8">a</w>
  <w id="9" lemma="|good|" pos="JJ" wid="9">good</w>
  <w id="10" lemma="|Sunday|" pos="NNP" wid="10">Sunday</w>
  <w id="11" lemma="|and|" pos="CC" wid="11">and</w>
  <w id="12" lemma="|a|" pos="DT" wid="12">a</w>
  <w id="13" lemma="|good|" pos="JJ" wid="13">good</w>
  <w id="14" lemma="|week|" pos="NN" wid="14">week</w>
  <w id="15" lemma="|.|" pos="." wid="15">.</w>
</sentence>
<sentence id="29">
  <w id="0" lemma="|thank|" pos="VB" wid="0">Thank</w>
  <w id="1" lemma="|you|" pos="PRP" wid="1">you</w>
  <w id="2" lemma="|!|" pos="." wid="2">!</w>
</sentence>
</corpus>