<corpus id="0">
<sentence id="0">
  <w id="0" lemma="|Dear|" pos="NNP" wid="0">Dear</w>
  <w id="1" lemma="|Brothers|" pos="NNPS" wid="1">Brothers</w>
  <w id="2" lemma="|and|" pos="CC" wid="2">and</w>
  <w id="3" lemma="|sister|" pos="NNS" wid="3">Sisters</w>
  <w id="4" lemma="|,|" pos="," wid="4">,</w>
  <w id="5" lemma="|This|" pos="NNP" wid="5">This</w>
  <w id="6" lemma="|Sunday|" pos="NNP" wid="6">Sunday</w>
  <w id="7" lemma="|,|" pos="," wid="7">,</w>
  <w id="8" lemma="|the|" pos="DT" wid="8">the</w>
  <w id="9" lemma="|Gospel|" pos="NNP" wid="9">Gospel</w>
  <w id="10" lemma="|present|" pos="VBZ" wid="10">presents</w>
  <w id="11" lemma="|to|" pos="TO" wid="11">to</w>
  <w id="12" lemma="|we|" pos="PRP" wid="12">us</w>
  <w id="13" lemma="|Jesus|" pos="NNP" wid="13">Jesus</w>
  <w id="14" lemma="|'|" pos="POS" wid="14">'</w>
  <w id="15" lemma="|word|" pos="NNS" wid="15">words</w>
  <w id="16" lemma="|on|" pos="IN" wid="16">on</w>
  <w id="17" lemma="|marriage|" pos="NN" wid="17">marriage</w>
  <w id="18" lemma="|.|" pos="." wid="18">.</w>
</sentence>
<sentence id="1">
  <w id="0" lemma="|he|" pos="PRP" wid="0">He</w>
  <w id="1" lemma="|answer|" pos="VBD" wid="1">answered</w>
  <w id="2" lemma="|those|" pos="DT" wid="2">those</w>
  <w id="3" lemma="|who|" pos="WP" wid="3">who</w>
  <w id="4" lemma="|ask|" pos="VBD" wid="4">asked</w>
  <w id="5" lemma="|he|" pos="PRP" wid="5">him</w>
  <w id="6" lemma="|whether|" pos="IN" wid="6">whether</w>
  <w id="7" lemma="|it|" pos="PRP" wid="7">it</w>
  <w id="8" lemma="|be|" pos="VBD" wid="8">was</w>
  <w id="9" lemma="|lawful|" pos="JJ" wid="9">lawful</w>
  <w id="10" lemma="|for|" pos="IN" wid="10">for</w>
  <w id="11" lemma="|a|" pos="DT" wid="11">a</w>
  <w id="12" lemma="|man|" pos="NN" wid="12">man</w>
  <w id="13" lemma="|to|" pos="TO" wid="13">to</w>
  <w id="14" lemma="|divorce|" pos="NN" wid="14">divorce</w>
  <w id="15" lemma="|he|" pos="PRP$" wid="15">his</w>
  <w id="16" lemma="|wife|" pos="NN" wid="16">wife</w>
  <w id="17" lemma="|,|" pos="," wid="17">,</w>
  <w id="18" lemma="|as|" pos="IN" wid="18">as</w>
  <w id="19" lemma="|provide|" pos="VBN" wid="19">provided</w>
  <w id="20" lemma="|by|" pos="IN" wid="20">by</w>
  <w id="21" lemma="|a|" pos="DT" wid="21">a</w>
  <w id="22" lemma="|decree|" pos="NN" wid="22">decree</w>
  <w id="23" lemma="|in|" pos="IN" wid="23">in</w>
  <w id="24" lemma="|Mosaic|" pos="NNP" wid="24">Mosaic</w>
  <w id="25" lemma="|law|" pos="NN" wid="25">law</w>
  <w id="26" lemma="|-lrb-|" pos="-LRB-" wid="26">-LRB-</w>
  <w id="27" lemma="|cf|" pos="NN" wid="27">cf</w>
  <w id="28" lemma="|.|" pos="." wid="28">.</w>
</sentence>
<sentence id="2">
  <w id="0" lemma="|dt|" pos="NN" wid="0">Dt</w>
  <w id="1" lemma="|24|" pos="CD" wid="1">24</w>
  <w id="2" lemma="|:|" pos=":" wid="2">:</w>
  <w id="3" lemma="|1|" pos="LS" wid="3">1</w>
  <w id="4" lemma="|-rrb-|" pos="-RRB-" wid="4">-RRB-</w>
  <w id="5" lemma="|,|" pos="," wid="5">,</w>
  <w id="6" lemma="|that|" pos="IN" wid="6">that</w>
  <w id="7" lemma="|this|" pos="DT" wid="7">this</w>
  <w id="8" lemma="|be|" pos="VBD" wid="8">was</w>
  <w id="9" lemma="|a|" pos="DT" wid="9">a</w>
  <w id="10" lemma="|concession|" pos="NN" wid="10">concession</w>
  <w id="11" lemma="|make|" pos="VBN" wid="11">made</w>
  <w id="12" lemma="|to|" pos="TO" wid="12">to</w>
  <w id="13" lemma="|Moses|" pos="NNP" wid="13">Moses</w>
  <w id="14" lemma="|because|" pos="IN" wid="14">because</w>
  <w id="15" lemma="|of|" pos="IN" wid="15">of</w>
  <w id="16" lemma="|man|" pos="NN" wid="16">man</w>
  <w id="17" lemma="|'s|" pos="POS" wid="17">'s</w>
  <w id="18" lemma="|``|" pos="``" wid="18">``</w>
  <w id="19" lemma="|hardness|" pos="NN" wid="19">hardness</w>
  <w id="20" lemma="|of|" pos="IN" wid="20">of</w>
  <w id="21" lemma="|heart|" pos="NN" wid="21">heart</w>
  <w id="22" lemma="|''|" pos="''" wid="22">''</w>
  <w id="23" lemma="|,|" pos="," wid="23">,</w>
  <w id="24" lemma="|whereas|" pos="IN" wid="24">whereas</w>
  <w id="25" lemma="|the|" pos="DT" wid="25">the</w>
  <w id="26" lemma="|truth|" pos="NN" wid="26">truth</w>
  <w id="27" lemma="|about|" pos="IN" wid="27">about</w>
  <w id="28" lemma="|marriage|" pos="NN" wid="28">marriage</w>
  <w id="29" lemma="|date|" pos="VBD" wid="29">dated</w>
  <w id="30" lemma="|back|" pos="RB" wid="30">back</w>
  <w id="31" lemma="|to|" pos="TO" wid="31">to</w>
  <w id="32" lemma="|``|" pos="``" wid="32">``</w>
  <w id="33" lemma="|the|" pos="DT" wid="33">the</w>
  <w id="34" lemma="|beginning|" pos="NN" wid="34">beginning</w>
  <w id="35" lemma="|of|" pos="IN" wid="35">of</w>
  <w id="36" lemma="|creation|" pos="NN" wid="36">creation</w>
  <w id="37" lemma="|''|" pos="''" wid="37">''</w>
  <w id="38" lemma="|when|" pos="WRB" wid="38">when</w>
  <w id="39" lemma="|,|" pos="," wid="39">,</w>
  <w id="40" lemma="|as|" pos="IN" wid="40">as</w>
  <w id="41" lemma="|be|" pos="VBZ" wid="41">is</w>
  <w id="42" lemma="|write|" pos="VBN" wid="42">written</w>
  <w id="43" lemma="|of|" pos="IN" wid="43">of</w>
  <w id="44" lemma="|God|" pos="NNP" wid="44">God</w>
  <w id="45" lemma="|in|" pos="IN" wid="45">in</w>
  <w id="46" lemma="|the|" pos="DT" wid="46">the</w>
  <w id="47" lemma="|Book|" pos="NNP" wid="47">Book</w>
  <w id="48" lemma="|of|" pos="IN" wid="48">of</w>
  <w id="49" lemma="|Genesis|" pos="NNP" wid="49">Genesis</w>
  <w id="50" lemma="|,|" pos="," wid="50">,</w>
  <w id="51" lemma="|``|" pos="``" wid="51">``</w>
  <w id="52" lemma="|male|" pos="JJ" wid="52">male</w>
  <w id="53" lemma="|and|" pos="CC" wid="53">and</w>
  <w id="54" lemma="|female|" pos="JJ" wid="54">female</w>
  <w id="55" lemma="|he|" pos="PRP" wid="55">he</w>
  <w id="56" lemma="|create|" pos="VBD" wid="56">created</w>
  <w id="57" lemma="|they|" pos="PRP" wid="57">them</w>
  <w id="58" lemma="|;|" pos=":" wid="58">;</w>
  <w id="59" lemma="|for|" pos="IN" wid="59">for</w>
  <w id="60" lemma="|this|" pos="DT" wid="60">this</w>
  <w id="61" lemma="|reason|" pos="NN" wid="61">reason</w>
  <w id="62" lemma="|a|" pos="DT" wid="62">a</w>
  <w id="63" lemma="|man|" pos="NN" wid="63">man</w>
  <w id="64" lemma="|shall|" pos="MD" wid="64">shall</w>
  <w id="65" lemma="|leave|" pos="VB" wid="65">leave</w>
  <w id="66" lemma="|he|" pos="PRP$" wid="66">his</w>
  <w id="67" lemma="|father|" pos="NN" wid="67">father</w>
  <w id="68" lemma="|and|" pos="CC" wid="68">and</w>
  <w id="69" lemma="|mother|" pos="NN" wid="69">mother</w>
  <w id="70" lemma="|and|" pos="CC" wid="70">and</w>
  <w id="71" lemma="|be|" pos="VB" wid="71">be</w>
  <w id="72" lemma="|join|" pos="VBN" wid="72">joined</w>
  <w id="73" lemma="|to|" pos="TO" wid="73">to</w>
  <w id="74" lemma="|he|" pos="PRP$" wid="74">his</w>
  <w id="75" lemma="|wife|" pos="NN" wid="75">wife</w>
  <w id="76" lemma="|,|" pos="," wid="76">,</w>
  <w id="77" lemma="|and|" pos="CC" wid="77">and</w>
  <w id="78" lemma="|the|" pos="DT" wid="78">the</w>
  <w id="79" lemma="|two|" pos="CD" wid="79">two</w>
  <w id="80" lemma="|shall|" pos="MD" wid="80">shall</w>
  <w id="81" lemma="|become|" pos="VB" wid="81">become</w>
  <w id="82" lemma="|one|" pos="CD" wid="82">one</w>
  <w id="83" lemma="|''|" pos="''" wid="83">''</w>
  <w id="84" lemma="|-lrb-|" pos="-LRB-" wid="84">-LRB-</w>
  <w id="85" lemma="|mk|" pos="NN" wid="85">Mk</w>
  <w id="86" lemma="|10|" pos="CD" wid="86">10</w>
  <w id="87" lemma="|:|" pos=":" wid="87">:</w>
  <w id="88" lemma="|6-7|" pos="CD" wid="88">6-7</w>
  <w id="89" lemma="|;|" pos=":" wid="89">;</w>
  <w id="90" lemma="|cf|" pos="NN" wid="90">cf</w>
  <w id="91" lemma="|.|" pos="." wid="91">.</w>
</sentence>
<sentence id="3">
  <w id="0" lemma="|gn|" pos="NN" wid="0">Gn</w>
  <w id="1" lemma="|1|" pos="CD" wid="1">1</w>
  <w id="2" lemma="|:|" pos=":" wid="2">:</w>
  <w id="3" lemma="|27|" pos="CD" wid="3">27</w>
  <w id="4" lemma="|;|" pos=":" wid="4">;</w>
  <w id="5" lemma="|2|" pos="CD" wid="5">2</w>
  <w id="6" lemma="|:|" pos=":" wid="6">:</w>
  <w id="7" lemma="|24|" pos="CD" wid="7">24</w>
  <w id="8" lemma="|-rrb-|" pos="-RRB-" wid="8">-RRB-</w>
  <w id="9" lemma="|.|" pos="." wid="9">.</w>
</sentence>
<sentence id="4">
  <w id="0" lemma="|and|" pos="CC" wid="0">And</w>
  <w id="1" lemma="|Jesus|" pos="NNP" wid="1">Jesus</w>
  <w id="2" lemma="|add|" pos="VBD" wid="2">added</w>
  <w id="3" lemma="|:|" pos=":" wid="3">:</w>
  <w id="4" lemma="|``|" pos="``" wid="4">``</w>
  <w id="5" lemma="|so|" pos="IN" wid="5">So</w>
  <w id="6" lemma="|they|" pos="PRP" wid="6">they</w>
  <w id="7" lemma="|be|" pos="VBP" wid="7">are</w>
  <w id="8" lemma="|no|" pos="RB" wid="8">no</w>
  <w id="9" lemma="|longer|" pos="JJR" wid="9">longer</w>
  <w id="10" lemma="|two|" pos="CD" wid="10">two</w>
  <w id="11" lemma="|but|" pos="CC" wid="11">but</w>
  <w id="12" lemma="|one|" pos="CD" wid="12">one</w>
  <w id="13" lemma="|.|" pos="." wid="13">.</w>
</sentence>
<sentence id="5">
  <w id="0" lemma="|what|" pos="WP" wid="0">What</w>
  <w id="1" lemma="|therefore|" pos="RB" wid="1">therefore</w>
  <w id="2" lemma="|God|" pos="NNP" wid="2">God</w>
  <w id="3" lemma="|have|" pos="VBZ" wid="3">has</w>
  <w id="4" lemma="|join|" pos="VBN" wid="4">joined</w>
  <w id="5" lemma="|together|" pos="RB" wid="5">together</w>
  <w id="6" lemma="|,|" pos="," wid="6">,</w>
  <w id="7" lemma="|let|" pos="VB" wid="7">let</w>
  <w id="8" lemma="|not|" pos="RB" wid="8">not</w>
  <w id="9" lemma="|man|" pos="VB" wid="9">man</w>
  <w id="10" lemma="|put|" pos="JJ" wid="10">put</w>
  <w id="11" lemma="|asunder|" pos="NN" wid="11">asunder</w>
  <w id="12" lemma="|''|" pos="''" wid="12">''</w>
  <w id="13" lemma="|-lrb-|" pos="-LRB-" wid="13">-LRB-</w>
  <w id="14" lemma="|mk|" pos="NN" wid="14">Mk</w>
  <w id="15" lemma="|10|" pos="CD" wid="15">10</w>
  <w id="16" lemma="|:|" pos=":" wid="16">:</w>
  <w id="17" lemma="|8-9|" pos="CD" wid="17">8-9</w>
  <w id="18" lemma="|-rrb-|" pos="-RRB-" wid="18">-RRB-</w>
  <w id="19" lemma="|.|" pos="." wid="19">.</w>
</sentence>
<sentence id="6">
  <w id="0" lemma="|this|" pos="DT" wid="0">This</w>
  <w id="1" lemma="|be|" pos="VBZ" wid="1">is</w>
  <w id="2" lemma="|God|" pos="NNP" wid="2">God</w>
  <w id="3" lemma="|'s|" pos="POS" wid="3">'s</w>
  <w id="4" lemma="|original|" pos="JJ" wid="4">original</w>
  <w id="5" lemma="|plan|" pos="NN" wid="5">plan</w>
  <w id="6" lemma="|,|" pos="," wid="6">,</w>
  <w id="7" lemma="|as|" pos="IN" wid="7">as</w>
  <w id="8" lemma="|the|" pos="DT" wid="8">the</w>
  <w id="9" lemma="|Second|" pos="NNP" wid="9">Second</w>
  <w id="10" lemma="|Vatican|" pos="NNP" wid="10">Vatican</w>
  <w id="11" lemma="|Council|" pos="NNP" wid="11">Council</w>
  <w id="12" lemma="|also|" pos="RB" wid="12">also</w>
  <w id="13" lemma="|recall|" pos="VBD" wid="13">recalled</w>
  <w id="14" lemma="|in|" pos="IN" wid="14">in</w>
  <w id="15" lemma="|the|" pos="DT" wid="15">the</w>
  <w id="16" lemma="|Constitution|" pos="NNP" wid="16">Constitution</w>
  <w id="17" lemma="|Gaudium|" pos="NNP" wid="17">Gaudium</w>
  <w id="18" lemma="|et|" pos="NNP" wid="18">et</w>
  <w id="19" lemma="|Spes|" pos="NNP" wid="19">Spes</w>
  <w id="20" lemma="|:|" pos=":" wid="20">:</w>
  <w id="21" lemma="|''|" pos="''" wid="21">''</w>
  <w id="22" lemma="|the|" pos="DT" wid="22">The</w>
  <w id="23" lemma="|intimate|" pos="JJ" wid="23">intimate</w>
  <w id="24" lemma="|partnership|" pos="NN" wid="24">partnership</w>
  <w id="25" lemma="|of|" pos="IN" wid="25">of</w>
  <w id="26" lemma="|life|" pos="NN" wid="26">life</w>
  <w id="27" lemma="|and|" pos="CC" wid="27">and</w>
  <w id="28" lemma="|love|" pos="NN" wid="28">love</w>
  <w id="29" lemma="|which|" pos="WDT" wid="29">which</w>
  <w id="30" lemma="|constitute|" pos="VBZ" wid="30">constitutes</w>
  <w id="31" lemma="|the|" pos="DT" wid="31">the</w>
  <w id="32" lemma="|married|" pos="JJ" wid="32">married</w>
  <w id="33" lemma="|state|" pos="NN" wid="33">state</w>
  <w id="34" lemma="|have|" pos="VBZ" wid="34">has</w>
  <w id="35" lemma="|be|" pos="VBN" wid="35">been</w>
  <w id="36" lemma="|establish|" pos="VBN" wid="36">established</w>
  <w id="37" lemma="|by|" pos="IN" wid="37">by</w>
  <w id="38" lemma="|the|" pos="DT" wid="38">the</w>
  <w id="39" lemma="|Creator|" pos="NNP" wid="39">Creator</w>
  <w id="40" lemma="|and|" pos="CC" wid="40">and</w>
  <w id="41" lemma="|endow|" pos="VBN" wid="41">endowed</w>
  <w id="42" lemma="|by|" pos="IN" wid="42">by</w>
  <w id="43" lemma="|he|" pos="PRP" wid="43">him</w>
  <w id="44" lemma="|with|" pos="IN" wid="44">with</w>
  <w id="45" lemma="|its|" pos="PRP$" wid="45">its</w>
  <w id="46" lemma="|own|" pos="JJ" wid="46">own</w>
  <w id="47" lemma="|proper|" pos="JJ" wid="47">proper</w>
  <w id="48" lemma="|law|" pos="NNS" wid="48">laws</w>
  <w id="49" lemma="|:|" pos=":" wid="49">:</w>
  <w id="50" lemma="|it|" pos="PRP" wid="50">it</w>
  <w id="51" lemma="|be|" pos="VBZ" wid="51">is</w>
  <w id="52" lemma="|root|" pos="VBN" wid="52">rooted</w>
  <w id="53" lemma="|in|" pos="IN" wid="53">in</w>
  <w id="54" lemma="|the|" pos="DT" wid="54">the</w>
  <w id="55" lemma="|contract|" pos="NN" wid="55">contract</w>
  <w id="56" lemma="|of|" pos="IN" wid="56">of</w>
  <w id="57" lemma="|its|" pos="PRP$" wid="57">its</w>
  <w id="58" lemma="|partner|" pos="NNS" wid="58">partners</w>
  <w id="59" lemma="|...|" pos=":" wid="59">...</w>
  <w id="60" lemma="|God|" pos="NNP" wid="60">God</w>
  <w id="61" lemma="|himself|" pos="PRP" wid="61">himself</w>
  <w id="62" lemma="|be|" pos="VBZ" wid="62">is</w>
  <w id="63" lemma="|the|" pos="DT" wid="63">the</w>
  <w id="64" lemma="|author|" pos="NN" wid="64">author</w>
  <w id="65" lemma="|of|" pos="IN" wid="65">of</w>
  <w id="66" lemma="|marriage|" pos="NN" wid="66">marriage</w>
  <w id="67" lemma="|''|" pos="''" wid="67">''</w>
  <w id="68" lemma="|-lrb-|" pos="-LRB-" wid="68">-LRB-</w>
  <w id="69" lemma="|n.|" pos="NN" wid="69">n.</w>
  <w id="70" lemma="|48|" pos="CD" wid="70">48</w>
  <w id="71" lemma="|-rrb-|" pos="-RRB-" wid="71">-RRB-</w>
  <w id="72" lemma="|.|" pos="." wid="72">.</w>
</sentence>
<sentence id="7">
  <w id="0" lemma="|my|" pos="PRP$" wid="0">My</w>
  <w id="1" lemma="|thought|" pos="NNS" wid="1">thoughts</w>
  <w id="2" lemma="|now|" pos="RB" wid="2">now</w>
  <w id="3" lemma="|go|" pos="VBP" wid="3">go</w>
  <w id="4" lemma="|to|" pos="TO" wid="4">to</w>
  <w id="5" lemma="|all|" pos="DT" wid="5">all</w>
  <w id="6" lemma="|christian|" pos="JJ" wid="6">Christian</w>
  <w id="7" lemma="|spouse|" pos="NNS" wid="7">spouses</w>
  <w id="8" lemma="|:|" pos=":" wid="8">:</w>
  <w id="9" lemma="|I|" pos="PRP" wid="9">I</w>
  <w id="10" lemma="|thank|" pos="VBP" wid="10">thank</w>
  <w id="11" lemma="|the|" pos="DT" wid="11">the</w>
  <w id="12" lemma="|Lord|" pos="NNP" wid="12">Lord</w>
  <w id="13" lemma="|with|" pos="IN" wid="13">with</w>
  <w id="14" lemma="|they|" pos="PRP" wid="14">them</w>
  <w id="15" lemma="|for|" pos="IN" wid="15">for</w>
  <w id="16" lemma="|the|" pos="DT" wid="16">the</w>
  <w id="17" lemma="|gift|" pos="NN" wid="17">gift</w>
  <w id="18" lemma="|of|" pos="IN" wid="18">of</w>
  <w id="19" lemma="|the|" pos="DT" wid="19">the</w>
  <w id="20" lemma="|Sacrament|" pos="NNP" wid="20">Sacrament</w>
  <w id="21" lemma="|of|" pos="IN" wid="21">of</w>
  <w id="22" lemma="|Marriage|" pos="NNP" wid="22">Marriage</w>
  <w id="23" lemma="|,|" pos="," wid="23">,</w>
  <w id="24" lemma="|and|" pos="CC" wid="24">and</w>
  <w id="25" lemma="|I|" pos="PRP" wid="25">I</w>
  <w id="26" lemma="|urge|" pos="VBP" wid="26">urge</w>
  <w id="27" lemma="|they|" pos="PRP" wid="27">them</w>
  <w id="28" lemma="|to|" pos="TO" wid="28">to</w>
  <w id="29" lemma="|remain|" pos="VB" wid="29">remain</w>
  <w id="30" lemma="|faithful|" pos="JJ" wid="30">faithful</w>
  <w id="31" lemma="|to|" pos="TO" wid="31">to</w>
  <w id="32" lemma="|they|" pos="PRP$" wid="32">their</w>
  <w id="33" lemma="|vocation|" pos="NN" wid="33">vocation</w>
  <w id="34" lemma="|in|" pos="IN" wid="34">in</w>
  <w id="35" lemma="|every|" pos="DT" wid="35">every</w>
  <w id="36" lemma="|season|" pos="NN" wid="36">season</w>
  <w id="37" lemma="|of|" pos="IN" wid="37">of</w>
  <w id="38" lemma="|life|" pos="NN" wid="38">life</w>
  <w id="39" lemma="|,|" pos="," wid="39">,</w>
  <w id="40" lemma="|``|" pos="``" wid="40">``</w>
  <w id="41" lemma="|in|" pos="IN" wid="41">in</w>
  <w id="42" lemma="|good|" pos="JJ" wid="42">good</w>
  <w id="43" lemma="|time|" pos="NNS" wid="43">times</w>
  <w id="44" lemma="|and|" pos="CC" wid="44">and</w>
  <w id="45" lemma="|in|" pos="IN" wid="45">in</w>
  <w id="46" lemma="|bad|" pos="JJ" wid="46">bad</w>
  <w id="47" lemma="|,|" pos="," wid="47">,</w>
  <w id="48" lemma="|in|" pos="IN" wid="48">in</w>
  <w id="49" lemma="|sickness|" pos="NN" wid="49">sickness</w>
  <w id="50" lemma="|and|" pos="CC" wid="50">and</w>
  <w id="51" lemma="|in|" pos="IN" wid="51">in</w>
  <w id="52" lemma="|health|" pos="NN" wid="52">health</w>
  <w id="53" lemma="|''|" pos="''" wid="53">''</w>
  <w id="54" lemma="|,|" pos="," wid="54">,</w>
  <w id="55" lemma="|as|" pos="IN" wid="55">as</w>
  <w id="56" lemma="|they|" pos="PRP" wid="56">they</w>
  <w id="57" lemma="|promise|" pos="VBD" wid="57">promised</w>
  <w id="58" lemma="|in|" pos="IN" wid="58">in</w>
  <w id="59" lemma="|the|" pos="DT" wid="59">the</w>
  <w id="60" lemma="|sacramental|" pos="JJ" wid="60">sacramental</w>
  <w id="61" lemma="|rite|" pos="NN" wid="61">rite</w>
  <w id="62" lemma="|.|" pos="." wid="62">.</w>
</sentence>
<sentence id="8">
  <w id="0" lemma="|conscious|" pos="JJ" wid="0">Conscious</w>
  <w id="1" lemma="|of|" pos="IN" wid="1">of</w>
  <w id="2" lemma="|the|" pos="DT" wid="2">the</w>
  <w id="3" lemma="|grace|" pos="NN" wid="3">grace</w>
  <w id="4" lemma="|they|" pos="PRP" wid="4">they</w>
  <w id="5" lemma="|have|" pos="VBP" wid="5">have</w>
  <w id="6" lemma="|receive|" pos="VBN" wid="6">received</w>
  <w id="7" lemma="|,|" pos="," wid="7">,</w>
  <w id="8" lemma="|may|" pos="MD" wid="8">may</w>
  <w id="9" lemma="|Christian|" pos="NNP" wid="9">Christian</w>
  <w id="10" lemma="|husband|" pos="NNS" wid="10">husbands</w>
  <w id="11" lemma="|and|" pos="CC" wid="11">and</w>
  <w id="12" lemma="|wife|" pos="NNS" wid="12">wives</w>
  <w id="13" lemma="|build|" pos="VBP" wid="13">build</w>
  <w id="14" lemma="|a|" pos="DT" wid="14">a</w>
  <w id="15" lemma="|family|" pos="NN" wid="15">family</w>
  <w id="16" lemma="|open|" pos="JJ" wid="16">open</w>
  <w id="17" lemma="|to|" pos="TO" wid="17">to</w>
  <w id="18" lemma="|life|" pos="NN" wid="18">life</w>
  <w id="19" lemma="|and|" pos="CC" wid="19">and</w>
  <w id="20" lemma="|capable|" pos="JJ" wid="20">capable</w>
  <w id="21" lemma="|of|" pos="IN" wid="21">of</w>
  <w id="22" lemma="|face|" pos="VBG" wid="22">facing</w>
  <w id="23" lemma="|unite|" pos="VBN" wid="23">united</w>
  <w id="24" lemma="|the|" pos="DT" wid="24">the</w>
  <w id="25" lemma="|many|" pos="JJ" wid="25">many</w>
  <w id="26" lemma="|complex|" pos="JJ" wid="26">complex</w>
  <w id="27" lemma="|challenge|" pos="NNS" wid="27">challenges</w>
  <w id="28" lemma="|of|" pos="IN" wid="28">of</w>
  <w id="29" lemma="|we|" pos="PRP$" wid="29">our</w>
  <w id="30" lemma="|time|" pos="NN" wid="30">time</w>
  <w id="31" lemma="|.|" pos="." wid="31">.</w>
</sentence>
<sentence id="9">
  <w id="0" lemma="|today|" pos="NN" wid="0">Today</w>
  <w id="1" lemma="|,|" pos="," wid="1">,</w>
  <w id="2" lemma="|there|" pos="EX" wid="2">there</w>
  <w id="3" lemma="|be|" pos="VBZ" wid="3">is</w>
  <w id="4" lemma="|a|" pos="DT" wid="4">a</w>
  <w id="5" lemma="|special|" pos="JJ" wid="5">special</w>
  <w id="6" lemma="|need|" pos="NN" wid="6">need</w>
  <w id="7" lemma="|for|" pos="IN" wid="7">for</w>
  <w id="8" lemma="|they|" pos="PRP$" wid="8">their</w>
  <w id="9" lemma="|witness|" pos="NN" wid="9">witness</w>
  <w id="10" lemma="|.|" pos="." wid="10">.</w>
</sentence>
<sentence id="10">
  <w id="0" lemma="|there|" pos="EX" wid="0">There</w>
  <w id="1" lemma="|be|" pos="VBZ" wid="1">is</w>
  <w id="2" lemma="|a|" pos="DT" wid="2">a</w>
  <w id="3" lemma="|need|" pos="NN" wid="3">need</w>
  <w id="4" lemma="|for|" pos="IN" wid="4">for</w>
  <w id="5" lemma="|family|" pos="NNS" wid="5">families</w>
  <w id="6" lemma="|that|" pos="WDT" wid="6">that</w>
  <w id="7" lemma="|do|" pos="VBP" wid="7">do</w>
  <w id="8" lemma="|not|" pos="RB" wid="8">not</w>
  <w id="9" lemma="|let|" pos="VB" wid="9">let</w>
  <w id="10" lemma="|themselves|" pos="PRP" wid="10">themselves</w>
  <w id="11" lemma="|be|" pos="VB" wid="11">be</w>
  <w id="12" lemma="|sweep|" pos="VBN" wid="12">swept</w>
  <w id="13" lemma="|away|" pos="RB" wid="13">away</w>
  <w id="14" lemma="|by|" pos="IN" wid="14">by</w>
  <w id="15" lemma="|modern|" pos="JJ" wid="15">modern</w>
  <w id="16" lemma="|cultural|" pos="JJ" wid="16">cultural</w>
  <w id="17" lemma="|current|" pos="NNS" wid="17">currents</w>
  <w id="18" lemma="|inspire|" pos="VBN" wid="18">inspired</w>
  <w id="19" lemma="|by|" pos="IN" wid="19">by</w>
  <w id="20" lemma="|hedonism|" pos="NN" wid="20">hedonism</w>
  <w id="21" lemma="|and|" pos="CC" wid="21">and</w>
  <w id="22" lemma="|relativism|" pos="NN" wid="22">relativism</w>
  <w id="23" lemma="|,|" pos="," wid="23">,</w>
  <w id="24" lemma="|and|" pos="CC" wid="24">and</w>
  <w id="25" lemma="|which|" pos="WDT" wid="25">which</w>
  <w id="26" lemma="|be|" pos="VBP" wid="26">are</w>
  <w id="27" lemma="|ready|" pos="JJ" wid="27">ready</w>
  <w id="28" lemma="|instead|" pos="RB" wid="28">instead</w>
  <w id="29" lemma="|to|" pos="TO" wid="29">to</w>
  <w id="30" lemma="|carry|" pos="VB" wid="30">carry</w>
  <w id="31" lemma="|out|" pos="RP" wid="31">out</w>
  <w id="32" lemma="|they|" pos="PRP$" wid="32">their</w>
  <w id="33" lemma="|mission|" pos="NN" wid="33">mission</w>
  <w id="34" lemma="|in|" pos="IN" wid="34">in</w>
  <w id="35" lemma="|the|" pos="DT" wid="35">the</w>
  <w id="36" lemma="|Church|" pos="NNP" wid="36">Church</w>
  <w id="37" lemma="|and|" pos="CC" wid="37">and</w>
  <w id="38" lemma="|in|" pos="IN" wid="38">in</w>
  <w id="39" lemma="|society|" pos="NN" wid="39">society</w>
  <w id="40" lemma="|with|" pos="IN" wid="40">with</w>
  <w id="41" lemma="|generous|" pos="JJ" wid="41">generous</w>
  <w id="42" lemma="|dedication|" pos="NN" wid="42">dedication</w>
  <w id="43" lemma="|.|" pos="." wid="43">.</w>
</sentence>
<sentence id="11">
  <w id="0" lemma="|in|" pos="IN" wid="0">In</w>
  <w id="1" lemma="|the|" pos="DT" wid="1">the</w>
  <w id="2" lemma="|Apostolic|" pos="NNP" wid="2">Apostolic</w>
  <w id="3" lemma="|Exhortation|" pos="NNP" wid="3">Exhortation</w>
  <w id="4" lemma="|Familiaris|" pos="NNP" wid="4">Familiaris</w>
  <w id="5" lemma="|Consortio|" pos="NNP" wid="5">Consortio</w>
  <w id="6" lemma="|,|" pos="," wid="6">,</w>
  <w id="7" lemma="|the|" pos="DT" wid="7">the</w>
  <w id="8" lemma="|Servant|" pos="NNP" wid="8">Servant</w>
  <w id="9" lemma="|of|" pos="IN" wid="9">of</w>
  <w id="10" lemma="|God|" pos="NNP" wid="10">God</w>
  <w id="11" lemma="|John|" pos="NNP" wid="11">John</w>
  <w id="12" lemma="|Paul|" pos="NNP" wid="12">Paul</w>
  <w id="13" lemma="|II|" pos="NNP" wid="13">II</w>
  <w id="14" lemma="|write|" pos="VBD" wid="14">wrote</w>
  <w id="15" lemma="|that|" pos="IN" wid="15">that</w>
  <w id="16" lemma="|``|" pos="``" wid="16">``</w>
  <w id="17" lemma="|the|" pos="DT" wid="17">the</w>
  <w id="18" lemma="|sacrament|" pos="NN" wid="18">sacrament</w>
  <w id="19" lemma="|of|" pos="IN" wid="19">of</w>
  <w id="20" lemma="|marriage|" pos="NN" wid="20">marriage</w>
  <w id="21" lemma="|make|" pos="VBZ" wid="21">makes</w>
  <w id="22" lemma="|Christian|" pos="NNP" wid="22">Christian</w>
  <w id="23" lemma="|couple|" pos="NNS" wid="23">couples</w>
  <w id="24" lemma="|and|" pos="CC" wid="24">and</w>
  <w id="25" lemma="|parent|" pos="NNS" wid="25">parents</w>
  <w id="26" lemma="|witness|" pos="NNS" wid="26">witnesses</w>
  <w id="27" lemma="|of|" pos="IN" wid="27">of</w>
  <w id="28" lemma="|Christ|" pos="NNP" wid="28">Christ</w>
  <w id="29" lemma="|``|" pos="``" wid="29">``</w>
  <w id="30" lemma="|to|" pos="TO" wid="30">to</w>
  <w id="31" lemma="|the|" pos="DT" wid="31">the</w>
  <w id="32" lemma="|end|" pos="NN" wid="32">end</w>
  <w id="33" lemma="|of|" pos="IN" wid="33">of</w>
  <w id="34" lemma="|the|" pos="DT" wid="34">the</w>
  <w id="35" lemma="|earth|" pos="NN" wid="35">earth</w>
  <w id="36" lemma="|'|" pos="''" wid="36">'</w>
  <w id="37" lemma="|,|" pos="," wid="37">,</w>
  <w id="38" lemma="|missionary|" pos="NNS" wid="38">missionaries</w>
  <w id="39" lemma="|,|" pos="," wid="39">,</w>
  <w id="40" lemma="|in|" pos="IN" wid="40">in</w>
  <w id="41" lemma="|the|" pos="DT" wid="41">the</w>
  <w id="42" lemma="|true|" pos="JJ" wid="42">true</w>
  <w id="43" lemma="|and|" pos="CC" wid="43">and</w>
  <w id="44" lemma="|proper|" pos="JJ" wid="44">proper</w>
  <w id="45" lemma="|sense|" pos="NN" wid="45">sense</w>
  <w id="46" lemma="|,|" pos="," wid="46">,</w>
  <w id="47" lemma="|of|" pos="IN" wid="47">of</w>
  <w id="48" lemma="|love|" pos="NN" wid="48">love</w>
  <w id="49" lemma="|and|" pos="CC" wid="49">and</w>
  <w id="50" lemma="|life|" pos="NN" wid="50">life</w>
  <w id="51" lemma="|''|" pos="''" wid="51">''</w>
  <w id="52" lemma="|-lrb-|" pos="-LRB-" wid="52">-LRB-</w>
  <w id="53" lemma="|cf|" pos="NN" wid="53">cf</w>
  <w id="54" lemma="|.|" pos="." wid="54">.</w>
</sentence>
<sentence id="12">
  <w id="0" lemma="|n.|" pos="NN" wid="0">n.</w>
  <w id="1" lemma="|54|" pos="CD" wid="1">54</w>
  <w id="2" lemma="|-rrb-|" pos="-RRB-" wid="2">-RRB-</w>
  <w id="3" lemma="|.|" pos="." wid="3">.</w>
</sentence>
<sentence id="13">
  <w id="0" lemma="|they|" pos="PRP$" wid="0">Their</w>
  <w id="1" lemma="|mission|" pos="NN" wid="1">mission</w>
  <w id="2" lemma="|be|" pos="VBZ" wid="2">is</w>
  <w id="3" lemma="|direct|" pos="VBN" wid="3">directed</w>
  <w id="4" lemma="|both|" pos="DT" wid="4">both</w>
  <w id="5" lemma="|to|" pos="TO" wid="5">to</w>
  <w id="6" lemma="|inside|" pos="IN" wid="6">inside</w>
  <w id="7" lemma="|the|" pos="DT" wid="7">the</w>
  <w id="8" lemma="|family|" pos="NN" wid="8">family</w>
  <w id="9" lemma="|-|" pos=":" wid="9">-</w>
  <w id="10" lemma="|especially|" pos="RB" wid="10">especially</w>
  <w id="11" lemma="|in|" pos="IN" wid="11">in</w>
  <w id="12" lemma="|reciprocal|" pos="JJ" wid="12">reciprocal</w>
  <w id="13" lemma="|service|" pos="NN" wid="13">service</w>
  <w id="14" lemma="|and|" pos="CC" wid="14">and</w>
  <w id="15" lemma="|the|" pos="DT" wid="15">the</w>
  <w id="16" lemma="|education|" pos="NN" wid="16">education</w>
  <w id="17" lemma="|of|" pos="IN" wid="17">of</w>
  <w id="18" lemma="|the|" pos="DT" wid="18">the</w>
  <w id="19" lemma="|child|" pos="NNS" wid="19">children</w>
  <w id="20" lemma="|-|" pos=":" wid="20">-</w>
  <w id="21" lemma="|and|" pos="CC" wid="21">and</w>
  <w id="22" lemma="|to|" pos="TO" wid="22">to</w>
  <w id="23" lemma="|outside|" pos="IN" wid="23">outside</w>
  <w id="24" lemma="|it|" pos="PRP" wid="24">it</w>
  <w id="25" lemma="|.|" pos="." wid="25">.</w>
</sentence>
<sentence id="14">
  <w id="0" lemma="|indeed|" pos="RB" wid="0">Indeed</w>
  <w id="1" lemma="|,|" pos="," wid="1">,</w>
  <w id="2" lemma="|the|" pos="DT" wid="2">the</w>
  <w id="3" lemma="|domestic|" pos="JJ" wid="3">domestic</w>
  <w id="4" lemma="|community|" pos="NN" wid="4">community</w>
  <w id="5" lemma="|be|" pos="VBZ" wid="5">is</w>
  <w id="6" lemma="|call|" pos="VBN" wid="6">called</w>
  <w id="7" lemma="|to|" pos="TO" wid="7">to</w>
  <w id="8" lemma="|be|" pos="VB" wid="8">be</w>
  <w id="9" lemma="|a|" pos="DT" wid="9">a</w>
  <w id="10" lemma="|sign|" pos="NN" wid="10">sign</w>
  <w id="11" lemma="|of|" pos="IN" wid="11">of</w>
  <w id="12" lemma="|God|" pos="NNP" wid="12">God</w>
  <w id="13" lemma="|'s|" pos="POS" wid="13">'s</w>
  <w id="14" lemma="|love|" pos="NN" wid="14">love</w>
  <w id="15" lemma="|for|" pos="IN" wid="15">for</w>
  <w id="16" lemma="|all|" pos="DT" wid="16">all</w>
  <w id="17" lemma="|.|" pos="." wid="17">.</w>
</sentence>
<sentence id="15">
  <w id="0" lemma="|the|" pos="DT" wid="0">The</w>
  <w id="1" lemma="|Christian|" pos="NNP" wid="1">Christian</w>
  <w id="2" lemma="|family|" pos="NN" wid="2">family</w>
  <w id="3" lemma="|can|" pos="MD" wid="3">can</w>
  <w id="4" lemma="|only|" pos="RB" wid="4">only</w>
  <w id="5" lemma="|fulfil|" pos="VB" wid="5">fulfil</w>
  <w id="6" lemma="|this|" pos="DT" wid="6">this</w>
  <w id="7" lemma="|mission|" pos="NN" wid="7">mission</w>
  <w id="8" lemma="|if|" pos="IN" wid="8">if</w>
  <w id="9" lemma="|it|" pos="PRP" wid="9">it</w>
  <w id="10" lemma="|be|" pos="VBZ" wid="10">is</w>
  <w id="11" lemma="|support|" pos="VBN" wid="11">supported</w>
  <w id="12" lemma="|by|" pos="IN" wid="12">by</w>
  <w id="13" lemma="|divine|" pos="JJ" wid="13">divine</w>
  <w id="14" lemma="|grace|" pos="NN" wid="14">grace</w>
  <w id="15" lemma="|.|" pos="." wid="15">.</w>
</sentence>
<sentence id="16">
  <w id="0" lemma="|it|" pos="PRP" wid="0">It</w>
  <w id="1" lemma="|be|" pos="VBZ" wid="1">is</w>
  <w id="2" lemma="|therefore|" pos="RB" wid="2">therefore</w>
  <w id="3" lemma="|necessary|" pos="JJ" wid="3">necessary</w>
  <w id="4" lemma="|for|" pos="IN" wid="4">for</w>
  <w id="5" lemma="|christian|" pos="JJ" wid="5">Christian</w>
  <w id="6" lemma="|couple|" pos="NNS" wid="6">couples</w>
  <w id="7" lemma="|to|" pos="TO" wid="7">to</w>
  <w id="8" lemma="|pray|" pos="VB" wid="8">pray</w>
  <w id="9" lemma="|tirelessly|" pos="RB" wid="9">tirelessly</w>
  <w id="10" lemma="|and|" pos="CC" wid="10">and</w>
  <w id="11" lemma="|to|" pos="TO" wid="11">to</w>
  <w id="12" lemma="|persevere|" pos="VB" wid="12">persevere</w>
  <w id="13" lemma="|in|" pos="IN" wid="13">in</w>
  <w id="14" lemma="|they|" pos="PRP$" wid="14">their</w>
  <w id="15" lemma="|daily|" pos="JJ" wid="15">daily</w>
  <w id="16" lemma="|effort|" pos="NNS" wid="16">efforts</w>
  <w id="17" lemma="|to|" pos="TO" wid="17">to</w>
  <w id="18" lemma="|maintain|" pos="VB" wid="18">maintain</w>
  <w id="19" lemma="|the|" pos="DT" wid="19">the</w>
  <w id="20" lemma="|commitment|" pos="NNS" wid="20">commitments</w>
  <w id="21" lemma="|they|" pos="PRP" wid="21">they</w>
  <w id="22" lemma="|assume|" pos="VBD" wid="22">assumed</w>
  <w id="23" lemma="|on|" pos="IN" wid="23">on</w>
  <w id="24" lemma="|they|" pos="PRP$" wid="24">their</w>
  <w id="25" lemma="|wedding|" pos="NN" wid="25">wedding</w>
  <w id="26" lemma="|day|" pos="NN" wid="26">day</w>
  <w id="27" lemma="|.|" pos="." wid="27">.</w>
</sentence>
<sentence id="17">
  <w id="0" lemma="|I|" pos="PRP" wid="0">I</w>
  <w id="1" lemma="|invoke|" pos="VBP" wid="1">invoke</w>
  <w id="2" lemma="|upon|" pos="IN" wid="2">upon</w>
  <w id="3" lemma="|all|" pos="DT" wid="3">all</w>
  <w id="4" lemma="|family|" pos="NNS" wid="4">families</w>
  <w id="5" lemma="|,|" pos="," wid="5">,</w>
  <w id="6" lemma="|especially|" pos="RB" wid="6">especially</w>
  <w id="7" lemma="|those|" pos="DT" wid="7">those</w>
  <w id="8" lemma="|in|" pos="IN" wid="8">in</w>
  <w id="9" lemma="|difficulty|" pos="NN" wid="9">difficulty</w>
  <w id="10" lemma="|,|" pos="," wid="10">,</w>
  <w id="11" lemma="|the|" pos="DT" wid="11">the</w>
  <w id="12" lemma="|motherly|" pos="JJ" wid="12">motherly</w>
  <w id="13" lemma="|protection|" pos="NN" wid="13">protection</w>
  <w id="14" lemma="|of|" pos="IN" wid="14">of</w>
  <w id="15" lemma="|we|" pos="PRP$" wid="15">Our</w>
  <w id="16" lemma="|lady|" pos="NN" wid="16">Lady</w>
  <w id="17" lemma="|and|" pos="CC" wid="17">and</w>
  <w id="18" lemma="|of|" pos="IN" wid="18">of</w>
  <w id="19" lemma="|she|" pos="PRP$" wid="19">her</w>
  <w id="20" lemma="|husband|" pos="NN" wid="20">husband</w>
  <w id="21" lemma="|Joseph|" pos="NNP" wid="21">Joseph</w>
  <w id="22" lemma="|.|" pos="." wid="22">.</w>
</sentence>
<sentence id="18">
  <w id="0" lemma="|Mary|" pos="NNP" wid="0">Mary</w>
  <w id="1" lemma="|,|" pos="," wid="1">,</w>
  <w id="2" lemma="|Queen|" pos="NNP" wid="2">Queen</w>
  <w id="3" lemma="|of|" pos="IN" wid="3">of</w>
  <w id="4" lemma="|the|" pos="DT" wid="4">the</w>
  <w id="5" lemma="|family|" pos="NN" wid="5">family</w>
  <w id="6" lemma="|,|" pos="," wid="6">,</w>
  <w id="7" lemma="|pray|" pos="NN" wid="7">pray</w>
  <w id="8" lemma="|for|" pos="IN" wid="8">for</w>
  <w id="9" lemma="|we|" pos="PRP" wid="9">us</w>
  <w id="10" lemma="|!|" pos="." wid="10">!</w>
</sentence>
<sentence id="19">
  <w id="0" lemma="|after|" pos="IN" wid="0">After</w>
  <w id="1" lemma="|the|" pos="DT" wid="1">the</w>
  <w id="2" lemma="|Angelus|" pos="NNP" wid="2">Angelus</w>
  <w id="3" lemma="|:|" pos=":" wid="3">:</w>
  <w id="4" lemma="|I|" pos="PRP" wid="4">I</w>
  <w id="5" lemma="|warmly|" pos="RB" wid="5">warmly</w>
  <w id="6" lemma="|welcome|" pos="VBP" wid="6">welcome</w>
  <w id="7" lemma="|the|" pos="DT" wid="7">the</w>
  <w id="8" lemma="|english-speaking|" pos="JJ" wid="8">English-speaking</w>
  <w id="9" lemma="|pilgrim|" pos="NNS" wid="9">pilgrims</w>
  <w id="10" lemma="|who|" pos="WP" wid="10">who</w>
  <w id="11" lemma="|be|" pos="VBP" wid="11">are</w>
  <w id="12" lemma="|here|" pos="RB" wid="12">here</w>
  <w id="13" lemma="|today|" pos="NN" wid="13">today</w>
  <w id="14" lemma="|.|" pos="." wid="14">.</w>
</sentence>
<sentence id="20">
  <w id="0" lemma="|throughout|" pos="IN" wid="0">Throughout</w>
  <w id="1" lemma="|this|" pos="DT" wid="1">this</w>
  <w id="2" lemma="|month|" pos="NN" wid="2">month</w>
  <w id="3" lemma="|of|" pos="IN" wid="3">of</w>
  <w id="4" lemma="|October|" pos="NNP" wid="4">October</w>
  <w id="5" lemma="|we|" pos="PRP" wid="5">we</w>
  <w id="6" lemma="|remember|" pos="VBP" wid="6">remember</w>
  <w id="7" lemma="|in|" pos="IN" wid="7">in</w>
  <w id="8" lemma="|a|" pos="DT" wid="8">a</w>
  <w id="9" lemma="|special|" pos="JJ" wid="9">special</w>
  <w id="10" lemma="|way|" pos="NN" wid="10">way</w>
  <w id="11" lemma="|Our|" pos="NNP" wid="11">Our</w>
  <w id="12" lemma="|Blessed|" pos="NNP" wid="12">Blessed</w>
  <w id="13" lemma="|Lady|" pos="NNP" wid="13">Lady</w>
  <w id="14" lemma="|.|" pos="." wid="14">.</w>
</sentence>
<sentence id="21">
  <w id="0" lemma="|we|" pos="PRP" wid="0">We</w>
  <w id="1" lemma="|ask|" pos="VBP" wid="1">ask</w>
  <w id="2" lemma="|for|" pos="IN" wid="2">for</w>
  <w id="3" lemma="|she|" pos="PRP$" wid="3">her</w>
  <w id="4" lemma="|prayer|" pos="NNS" wid="4">prayers</w>
  <w id="5" lemma="|for|" pos="IN" wid="5">for</w>
  <w id="6" lemma="|we|" pos="PRP$" wid="6">our</w>
  <w id="7" lemma="|love|" pos="VBN" wid="7">loved</w>
  <w id="8" lemma="|one|" pos="NNS" wid="8">ones</w>
  <w id="9" lemma="|and|" pos="CC" wid="9">and</w>
  <w id="10" lemma="|for|" pos="IN" wid="10">for</w>
  <w id="11" lemma="|ourselves|" pos="PRP" wid="11">ourselves</w>
  <w id="12" lemma="|.|" pos="." wid="12">.</w>
</sentence>
<sentence id="22">
  <w id="0" lemma="|May|" pos="NNP" wid="0">May</w>
  <w id="1" lemma="|she|" pos="PRP$" wid="1">her</w>
  <w id="2" lemma="|Son|" pos="NNP" wid="2">Son</w>
  <w id="3" lemma="|,|" pos="," wid="3">,</w>
  <w id="4" lemma="|Our|" pos="NNP" wid="4">Our</w>
  <w id="5" lemma="|Lord|" pos="NNP" wid="5">Lord</w>
  <w id="6" lemma="|and|" pos="CC" wid="6">and</w>
  <w id="7" lemma="|Saviour|" pos="NNP" wid="7">Saviour</w>
  <w id="8" lemma="|Jesus|" pos="NNP" wid="8">Jesus</w>
  <w id="9" lemma="|Christ|" pos="NNP" wid="9">Christ</w>
  <w id="10" lemma="|,|" pos="," wid="10">,</w>
  <w id="11" lemma="|bless|" pos="VBP" wid="11">bless</w>
  <w id="12" lemma="|all|" pos="DT" wid="12">all</w>
  <w id="13" lemma="|of|" pos="IN" wid="13">of</w>
  <w id="14" lemma="|you|" pos="PRP" wid="14">you</w>
  <w id="15" lemma="|during|" pos="IN" wid="15">during</w>
  <w id="16" lemma="|you|" pos="PRP$" wid="16">your</w>
  <w id="17" lemma="|stay|" pos="NN" wid="17">stay</w>
  <w id="18" lemma="|in|" pos="IN" wid="18">in</w>
  <w id="19" lemma="|Rome|" pos="NNP" wid="19">Rome</w>
  <w id="20" lemma="|.|" pos="." wid="20">.</w>
</sentence>
<sentence id="23">
  <w id="0" lemma="|I|" pos="PRP" wid="0">I</w>
  <w id="1" lemma="|wish|" pos="VBP" wid="1">wish</w>
  <w id="2" lemma="|you|" pos="PRP" wid="2">you</w>
  <w id="3" lemma="|all|" pos="PDT" wid="3">all</w>
  <w id="4" lemma="|a|" pos="DT" wid="4">a</w>
  <w id="5" lemma="|good|" pos="JJ" wid="5">good</w>
  <w id="6" lemma="|Sunday|" pos="NNP" wid="6">Sunday</w>
  <w id="7" lemma="|!|" pos="." wid="7">!</w>
</sentence>
</corpus>