<corpus id="0">
<sentence id="0">
  <w id="0" lemma="|Dear|" pos="NNP" wid="0">Dear</w>
  <w id="1" lemma="|Brothers|" pos="NNPS" wid="1">Brothers</w>
  <w id="2" lemma="|and|" pos="CC" wid="2">and</w>
  <w id="3" lemma="|sister|" pos="NNS" wid="3">Sisters</w>
  <w id="4" lemma="|,|" pos="," wid="4">,</w>
  <w id="5" lemma="|at|" pos="IN" wid="5">At</w>
  <w id="6" lemma="|the|" pos="DT" wid="6">the</w>
  <w id="7" lemma="|end|" pos="NN" wid="7">end</w>
  <w id="8" lemma="|of|" pos="IN" wid="8">of</w>
  <w id="9" lemma="|this|" pos="DT" wid="9">this</w>
  <w id="10" lemma="|solemn|" pos="JJ" wid="10">solemn</w>
  <w id="11" lemma="|eucharistic|" pos="JJ" wid="11">Eucharistic</w>
  <w id="12" lemma="|celebration|" pos="NN" wid="12">celebration</w>
  <w id="13" lemma="|I|" pos="PRP" wid="13">I</w>
  <w id="14" lemma="|would|" pos="MD" wid="14">would</w>
  <w id="15" lemma="|like|" pos="VB" wid="15">like</w>
  <w id="16" lemma="|to|" pos="TO" wid="16">to</w>
  <w id="17" lemma="|express|" pos="VB" wid="17">express</w>
  <w id="18" lemma="|again|" pos="RB" wid="18">again</w>
  <w id="19" lemma="|my|" pos="PRP$" wid="19">my</w>
  <w id="20" lemma="|greeting|" pos="NNS" wid="20">greetings</w>
  <w id="21" lemma="|and|" pos="CC" wid="21">and</w>
  <w id="22" lemma="|my|" pos="PRP$" wid="22">my</w>
  <w id="23" lemma="|gratitude|" pos="NN" wid="23">gratitude</w>
  <w id="24" lemma="|.|" pos="." wid="24">.</w>
</sentence>
<sentence id="1">
  <w id="0" lemma="|above|" pos="IN" wid="0">Above</w>
  <w id="1" lemma="|all|" pos="DT" wid="1">all</w>
  <w id="2" lemma="|I|" pos="PRP" wid="2">I</w>
  <w id="3" lemma="|would|" pos="MD" wid="3">would</w>
  <w id="4" lemma="|like|" pos="VB" wid="4">like</w>
  <w id="5" lemma="|to|" pos="TO" wid="5">to</w>
  <w id="6" lemma="|acknowledge|" pos="VB" wid="6">acknowledge</w>
  <w id="7" lemma="|and|" pos="CC" wid="7">and</w>
  <w id="8" lemma="|thank|" pos="VB" wid="8">thank</w>
  <w id="9" lemma="|for|" pos="IN" wid="9">for</w>
  <w id="10" lemma="|they|" pos="PRP$" wid="10">their</w>
  <w id="11" lemma="|welcome|" pos="JJ" wid="11">welcome</w>
  <w id="12" lemma="|and|" pos="CC" wid="12">and</w>
  <w id="13" lemma="|they|" pos="PRP$" wid="13">their</w>
  <w id="14" lemma="|presence|" pos="NN" wid="14">presence</w>
  <w id="15" lemma="|hon|" pos="NN" wid="15">Hon</w>
  <w id="16" lemma="|.|" pos="." wid="16">.</w>
</sentence>
<sentence id="2">
  <w id="0" lemma="|Silvio|" pos="NNP" wid="0">Silvio</w>
  <w id="1" lemma="|Berlusconi|" pos="NNP" wid="1">Berlusconi</w>
  <w id="2" lemma="|,|" pos="," wid="2">,</w>
  <w id="3" lemma="|Prime|" pos="NNP" wid="3">Prime</w>
  <w id="4" lemma="|Minister|" pos="NNP" wid="4">Minister</w>
  <w id="5" lemma="|;|" pos=":" wid="5">;</w>
  <w id="6" lemma="|Hon|" pos="NNP" wid="6">Hon</w>
  <w id="7" lemma="|.|" pos="." wid="7">.</w>
</sentence>
<sentence id="3">
  <w id="0" lemma="|Dr|" pos="NNP" wid="0">Dr</w>
  <w id="1" lemma="|Giovanni|" pos="NNP" wid="1">Giovanni</w>
  <w id="2" lemma="|Letta|" pos="NNP" wid="2">Letta</w>
  <w id="3" lemma="|,|" pos="," wid="3">,</w>
  <w id="4" lemma="|Undersecretary|" pos="NNP" wid="4">Undersecretary</w>
  <w id="5" lemma="|,|" pos="," wid="5">,</w>
  <w id="6" lemma="|and|" pos="CC" wid="6">and</w>
  <w id="7" lemma="|all|" pos="DT" wid="7">all</w>
  <w id="8" lemma="|of|" pos="IN" wid="8">of</w>
  <w id="9" lemma="|the|" pos="DT" wid="9">the</w>
  <w id="10" lemma="|civil|" pos="JJ" wid="10">civil</w>
  <w id="11" lemma="|and|" pos="CC" wid="11">and</w>
  <w id="12" lemma="|military|" pos="JJ" wid="12">military</w>
  <w id="13" lemma="|authority|" pos="NNS" wid="13">authorities</w>
  <w id="14" lemma="|present|" pos="VBP" wid="14">present</w>
  <w id="15" lemma="|here|" pos="RB" wid="15">here</w>
  <w id="16" lemma="|.|" pos="." wid="16">.</w>
</sentence>
<sentence id="4">
  <w id="0" lemma="|and|" pos="CC" wid="0">And</w>
  <w id="1" lemma="|finally|" pos="RB" wid="1">finally</w>
  <w id="2" lemma="|let|" pos="VB" wid="2">let</w>
  <w id="3" lemma="|we|" pos="PRP" wid="3">us</w>
  <w id="4" lemma="|cast|" pos="VB" wid="4">cast</w>
  <w id="5" lemma="|yet|" pos="RB" wid="5">yet</w>
  <w id="6" lemma="|another|" pos="DT" wid="6">another</w>
  <w id="7" lemma="|glance|" pos="NN" wid="7">glance</w>
  <w id="8" lemma="|toward|" pos="IN" wid="8">toward</w>
  <w id="9" lemma="|the|" pos="DT" wid="9">the</w>
  <w id="10" lemma="|``|" pos="``" wid="10">``</w>
  <w id="11" lemma="|Sweet|" pos="NNP" wid="11">Sweet</w>
  <w id="12" lemma="|Queen|" pos="NNP" wid="12">Queen</w>
  <w id="13" lemma="|of|" pos="IN" wid="13">of</w>
  <w id="14" lemma="|the|" pos="DT" wid="14">the</w>
  <w id="15" lemma="|sardinian|" pos="JJ" wid="15">Sardinian</w>
  <w id="16" lemma="|people|" pos="NNS" wid="16">people</w>
  <w id="17" lemma="|''|" pos="''" wid="17">''</w>
  <w id="18" lemma="|,|" pos="," wid="18">,</w>
  <w id="19" lemma="|venerate|" pos="VBN" wid="19">venerated</w>
  <w id="20" lemma="|on|" pos="IN" wid="20">on</w>
  <w id="21" lemma="|this|" pos="DT" wid="21">this</w>
  <w id="22" lemma="|hill|" pos="NN" wid="22">hill</w>
  <w id="23" lemma="|of|" pos="IN" wid="23">of</w>
  <w id="24" lemma="|Bonaria|" pos="NNP" wid="24">Bonaria</w>
  <w id="25" lemma="|.|" pos="." wid="25">.</w>
</sentence>
<sentence id="5">
  <w id="0" lemma="|over|" pos="IN" wid="0">Over</w>
  <w id="1" lemma="|the|" pos="DT" wid="1">the</w>
  <w id="2" lemma="|course|" pos="NN" wid="2">course</w>
  <w id="3" lemma="|of|" pos="IN" wid="3">of</w>
  <w id="4" lemma="|century|" pos="NNS" wid="4">centuries</w>
  <w id="5" lemma="|,|" pos="," wid="5">,</w>
  <w id="6" lemma="|how|" pos="WRB" wid="6">how</w>
  <w id="7" lemma="|many|" pos="JJ" wid="7">many</w>
  <w id="8" lemma="|renowned|" pos="JJ" wid="8">renowned</w>
  <w id="9" lemma="|personage|" pos="NNS" wid="9">personages</w>
  <w id="10" lemma="|have|" pos="VBP" wid="10">have</w>
  <w id="11" lemma="|come|" pos="VBN" wid="11">come</w>
  <w id="12" lemma="|to|" pos="TO" wid="12">to</w>
  <w id="13" lemma="|render|" pos="VB" wid="13">render</w>
  <w id="14" lemma="|she|" pos="PRP$" wid="14">her</w>
  <w id="15" lemma="|homage|" pos="NN" wid="15">homage</w>
  <w id="16" lemma="|!|" pos="." wid="16">!</w>
</sentence>
<sentence id="6">
  <w id="0" lemma="|how|" pos="WRB" wid="0">How</w>
  <w id="1" lemma="|many|" pos="JJ" wid="1">many</w>
  <w id="2" lemma="|of|" pos="IN" wid="2">of</w>
  <w id="3" lemma="|my|" pos="PRP$" wid="3">my</w>
  <w id="4" lemma="|predecessor|" pos="NNS" wid="4">Predecessors</w>
  <w id="5" lemma="|have|" pos="VBP" wid="5">have</w>
  <w id="6" lemma="|wish|" pos="VBN" wid="6">wished</w>
  <w id="7" lemma="|to|" pos="TO" wid="7">to</w>
  <w id="8" lemma="|honour|" pos="VB" wid="8">honour</w>
  <w id="9" lemma="|she|" pos="PRP" wid="9">her</w>
  <w id="10" lemma="|with|" pos="IN" wid="10">with</w>
  <w id="11" lemma="|particular|" pos="JJ" wid="11">particular</w>
  <w id="12" lemma="|affection|" pos="NN" wid="12">affection</w>
  <w id="13" lemma="|!|" pos="." wid="13">!</w>
</sentence>
<sentence id="7">
  <w id="0" lemma="|bl|" pos="NN" wid="0">Bl</w>
  <w id="1" lemma="|.|" pos="." wid="1">.</w>
</sentence>
<sentence id="8">
  <w id="0" lemma="|pius|" pos="NN" wid="0">Pius</w>
  <w id="1" lemma="|ix|" pos="CD" wid="1">IX</w>
  <w id="2" lemma="|decree|" pos="VBD" wid="2">decreed</w>
  <w id="3" lemma="|she|" pos="PRP$" wid="3">her</w>
  <w id="4" lemma="|coronation|" pos="NN" wid="4">coronation</w>
  <w id="5" lemma="|;|" pos=":" wid="5">;</w>
  <w id="6" lemma="|St|" pos="NNP" wid="6">St</w>
  <w id="7" lemma="|Pius|" pos="NNP" wid="7">Pius</w>
  <w id="8" lemma="|X|" pos="NNP" wid="8">X</w>
  <w id="9" lemma="|,|" pos="," wid="9">,</w>
  <w id="10" lemma="|about|" pos="IN" wid="10">about</w>
  <w id="11" lemma="|100|" pos="CD" wid="11">100</w>
  <w id="12" lemma="|year|" pos="NNS" wid="12">years</w>
  <w id="13" lemma="|ago|" pos="RB" wid="13">ago</w>
  <w id="14" lemma="|,|" pos="," wid="14">,</w>
  <w id="15" lemma="|proclaim|" pos="VBD" wid="15">proclaimed</w>
  <w id="16" lemma="|she|" pos="PRP$" wid="16">her</w>
  <w id="17" lemma="|patroness|" pos="NN" wid="17">Patroness</w>
  <w id="18" lemma="|of|" pos="IN" wid="18">of</w>
  <w id="19" lemma="|All|" pos="NNP" wid="19">All</w>
  <w id="20" lemma="|of|" pos="IN" wid="20">of</w>
  <w id="21" lemma="|Sardinia|" pos="NNP" wid="21">Sardinia</w>
  <w id="22" lemma="|;|" pos=":" wid="22">;</w>
  <w id="23" lemma="|Pius|" pos="NNP" wid="23">Pius</w>
  <w id="24" lemma="|XI|" pos="NNP" wid="24">XI</w>
  <w id="25" lemma="|attribute|" pos="VBD" wid="25">attributed</w>
  <w id="26" lemma="|the|" pos="DT" wid="26">the</w>
  <w id="27" lemma="|title|" pos="NN" wid="27">title</w>
  <w id="28" lemma="|of|" pos="IN" wid="28">of</w>
  <w id="29" lemma="|minor|" pos="JJ" wid="29">Minor</w>
  <w id="30" lemma="|basilica|" pos="NN" wid="30">Basilica</w>
  <w id="31" lemma="|to|" pos="TO" wid="31">to</w>
  <w id="32" lemma="|the|" pos="DT" wid="32">the</w>
  <w id="33" lemma="|new|" pos="JJ" wid="33">new</w>
  <w id="34" lemma="|church|" pos="NN" wid="34">church</w>
  <w id="35" lemma="|;|" pos=":" wid="35">;</w>
  <w id="36" lemma="|Pius|" pos="NNP" wid="36">Pius</w>
  <w id="37" lemma="|XII|" pos="NNP" wid="37">XII</w>
  <w id="38" lemma="|,|" pos="," wid="38">,</w>
  <w id="39" lemma="|50|" pos="CD" wid="39">50</w>
  <w id="40" lemma="|year|" pos="NNS" wid="40">years</w>
  <w id="41" lemma="|ago|" pos="RB" wid="41">ago</w>
  <w id="42" lemma="|,|" pos="," wid="42">,</w>
  <w id="43" lemma="|make|" pos="VBD" wid="43">made</w>
  <w id="44" lemma="|himself|" pos="PRP" wid="44">himself</w>
  <w id="45" lemma="|spiritually|" pos="RB" wid="45">spiritually</w>
  <w id="46" lemma="|present|" pos="JJ" wid="46">present</w>
  <w id="47" lemma="|with|" pos="IN" wid="47">with</w>
  <w id="48" lemma="|a|" pos="DT" wid="48">a</w>
  <w id="49" lemma="|special|" pos="JJ" wid="49">special</w>
  <w id="50" lemma="|message|" pos="NN" wid="50">Message</w>
  <w id="51" lemma="|transmit|" pos="VBN" wid="51">transmitted</w>
  <w id="52" lemma="|directly|" pos="RB" wid="52">directly</w>
  <w id="53" lemma="|by|" pos="IN" wid="53">by</w>
  <w id="54" lemma="|Vatican|" pos="NNP" wid="54">Vatican</w>
  <w id="55" lemma="|Radio|" pos="NNP" wid="55">Radio</w>
  <w id="56" lemma="|and|" pos="CC" wid="56">and</w>
  <w id="57" lemma="|Bl|" pos="NNP" wid="57">Bl</w>
  <w id="58" lemma="|.|" pos="." wid="58">.</w>
</sentence>
<sentence id="9">
  <w id="0" lemma="|John|" pos="NNP" wid="0">John</w>
  <w id="1" lemma="|XXIII|" pos="NNP" wid="1">XXIII</w>
  <w id="2" lemma="|,|" pos="," wid="2">,</w>
  <w id="3" lemma="|who|" pos="WP" wid="3">who</w>
  <w id="4" lemma="|in|" pos="IN" wid="4">in</w>
  <w id="5" lemma="|1960|" pos="CD" wid="5">1960</w>
  <w id="6" lemma="|send|" pos="VBD" wid="6">sent</w>
  <w id="7" lemma="|a|" pos="DT" wid="7">a</w>
  <w id="8" lemma="|Letter|" pos="NNP" wid="8">Letter</w>
  <w id="9" lemma="|for|" pos="IN" wid="9">for</w>
  <w id="10" lemma="|the|" pos="DT" wid="10">the</w>
  <w id="11" lemma="|reopen|" pos="VBG" wid="11">reopening</w>
  <w id="12" lemma="|of|" pos="IN" wid="12">of</w>
  <w id="13" lemma="|the|" pos="DT" wid="13">the</w>
  <w id="14" lemma="|shrine|" pos="NN" wid="14">Shrine</w>
  <w id="15" lemma="|to|" pos="TO" wid="15">to</w>
  <w id="16" lemma="|she|" pos="PRP$" wid="16">her</w>
  <w id="17" lemma="|cult|" pos="NN" wid="17">cult</w>
  <w id="18" lemma="|after|" pos="IN" wid="18">after</w>
  <w id="19" lemma="|its|" pos="PRP$" wid="19">its</w>
  <w id="20" lemma="|restoration|" pos="NN" wid="20">restoration</w>
  <w id="21" lemma="|.|" pos="." wid="21">.</w>
</sentence>
<sentence id="10">
  <w id="0" lemma="|the|" pos="DT" wid="0">The</w>
  <w id="1" lemma="|first|" pos="JJ" wid="1">first</w>
  <w id="2" lemma="|Pope|" pos="NNP" wid="2">Pope</w>
  <w id="3" lemma="|to|" pos="TO" wid="3">to</w>
  <w id="4" lemma="|return|" pos="VB" wid="4">return</w>
  <w id="5" lemma="|to|" pos="TO" wid="5">to</w>
  <w id="6" lemma="|the|" pos="DT" wid="6">the</w>
  <w id="7" lemma="|Island|" pos="NNP" wid="7">Island</w>
  <w id="8" lemma="|after|" pos="IN" wid="8">after</w>
  <w id="9" lemma="|1,650|" pos="CD" wid="9">1,650</w>
  <w id="10" lemma="|year|" pos="NNS" wid="10">years</w>
  <w id="11" lemma="|be|" pos="VBD" wid="11">was</w>
  <w id="12" lemma="|the|" pos="DT" wid="12">the</w>
  <w id="13" lemma="|Servant|" pos="NNP" wid="13">Servant</w>
  <w id="14" lemma="|of|" pos="IN" wid="14">of</w>
  <w id="15" lemma="|God|" pos="NNP" wid="15">God</w>
  <w id="16" lemma="|Paul|" pos="NNP" wid="16">Paul</w>
  <w id="17" lemma="|VI|" pos="NNP" wid="17">VI</w>
  <w id="18" lemma="|,|" pos="," wid="18">,</w>
  <w id="19" lemma="|who|" pos="WP" wid="19">who</w>
  <w id="20" lemma="|visit|" pos="VBD" wid="20">visited</w>
  <w id="21" lemma="|the|" pos="DT" wid="21">the</w>
  <w id="22" lemma="|Shrine|" pos="NNP" wid="22">Shrine</w>
  <w id="23" lemma="|on|" pos="IN" wid="23">on</w>
  <w id="24" lemma="|24|" pos="CD" wid="24">24</w>
  <w id="25" lemma="|April|" pos="NNP" wid="25">April</w>
  <w id="26" lemma="|1970|" pos="CD" wid="26">1970</w>
  <w id="27" lemma="|.|" pos="." wid="27">.</w>
</sentence>
<sentence id="11">
  <w id="0" lemma="|and|" pos="CC" wid="0">And</w>
  <w id="1" lemma="|before|" pos="IN" wid="1">before</w>
  <w id="2" lemma="|the|" pos="DT" wid="2">the</w>
  <w id="3" lemma="|holy|" pos="JJ" wid="3">holy</w>
  <w id="4" lemma="|effigy|" pos="NN" wid="4">effigy</w>
  <w id="5" lemma="|of|" pos="IN" wid="5">of</w>
  <w id="6" lemma="|the|" pos="DT" wid="6">the</w>
  <w id="7" lemma="|Blessed|" pos="NNP" wid="7">Blessed</w>
  <w id="8" lemma="|Mother|" pos="NNP" wid="8">Mother</w>
  <w id="9" lemma="|,|" pos="," wid="9">,</w>
  <w id="10" lemma="|the|" pos="DT" wid="10">the</w>
  <w id="11" lemma="|beloved|" pos="JJ" wid="11">beloved</w>
  <w id="12" lemma="|John|" pos="NNP" wid="12">John</w>
  <w id="13" lemma="|Paul|" pos="NNP" wid="13">Paul</w>
  <w id="14" lemma="|II|" pos="NNP" wid="14">II</w>
  <w id="15" lemma="|pause|" pos="VBD" wid="15">paused</w>
  <w id="16" lemma="|in|" pos="IN" wid="16">in</w>
  <w id="17" lemma="|prayer|" pos="NN" wid="17">prayer</w>
  <w id="18" lemma="|on|" pos="IN" wid="18">on</w>
  <w id="19" lemma="|20|" pos="CD" wid="19">20</w>
  <w id="20" lemma="|October|" pos="NNP" wid="20">October</w>
  <w id="21" lemma="|1985|" pos="CD" wid="21">1985</w>
  <w id="22" lemma="|.|" pos="." wid="22">.</w>
</sentence>
<sentence id="12">
  <w id="0" lemma="|in|" pos="IN" wid="0">In</w>
  <w id="1" lemma="|the|" pos="DT" wid="1">the</w>
  <w id="2" lemma="|footstep|" pos="NNS" wid="2">footsteps</w>
  <w id="3" lemma="|of|" pos="IN" wid="3">of</w>
  <w id="4" lemma="|the|" pos="DT" wid="4">the</w>
  <w id="5" lemma="|pope|" pos="NNS" wid="5">Popes</w>
  <w id="6" lemma="|who|" pos="WP" wid="6">who</w>
  <w id="7" lemma="|have|" pos="VBP" wid="7">have</w>
  <w id="8" lemma="|precede|" pos="VBN" wid="8">preceded</w>
  <w id="9" lemma="|I|" pos="PRP" wid="9">me</w>
  <w id="10" lemma="|,|" pos="," wid="10">,</w>
  <w id="11" lemma="|I|" pos="PRP" wid="11">I</w>
  <w id="12" lemma="|too|" pos="RB" wid="12">too</w>
  <w id="13" lemma="|have|" pos="VBP" wid="13">have</w>
  <w id="14" lemma="|choose|" pos="VBN" wid="14">chosen</w>
  <w id="15" lemma="|the|" pos="DT" wid="15">the</w>
  <w id="16" lemma="|Shrine|" pos="NNP" wid="16">Shrine</w>
  <w id="17" lemma="|of|" pos="IN" wid="17">of</w>
  <w id="18" lemma="|Bonaria|" pos="NNP" wid="18">Bonaria</w>
  <w id="19" lemma="|to|" pos="TO" wid="19">to</w>
  <w id="20" lemma="|round|" pos="VB" wid="20">round</w>
  <w id="21" lemma="|off|" pos="RP" wid="21">off</w>
  <w id="22" lemma="|a|" pos="DT" wid="22">a</w>
  <w id="23" lemma="|pastoral|" pos="JJ" wid="23">Pastoral</w>
  <w id="24" lemma="|visit|" pos="NN" wid="24">Visit</w>
  <w id="25" lemma="|that|" pos="WDT" wid="25">that</w>
  <w id="26" lemma="|aspire|" pos="VBZ" wid="26">aspires</w>
  <w id="27" lemma="|to|" pos="TO" wid="27">to</w>
  <w id="28" lemma="|embrace|" pos="VB" wid="28">embrace</w>
  <w id="29" lemma="|the|" pos="DT" wid="29">the</w>
  <w id="30" lemma="|whole|" pos="NN" wid="30">whole</w>
  <w id="31" lemma="|of|" pos="IN" wid="31">of</w>
  <w id="32" lemma="|Sardinia|" pos="NNP" wid="32">Sardinia</w>
  <w id="33" lemma="|.|" pos="." wid="33">.</w>
</sentence>
<sentence id="13">
  <w id="0" lemma="|today|" pos="NN" wid="0">Today</w>
  <w id="1" lemma="|we|" pos="PRP" wid="1">we</w>
  <w id="2" lemma="|have|" pos="VBP" wid="2">have</w>
  <w id="3" lemma="|renew|" pos="VBN" wid="3">renewed</w>
  <w id="4" lemma="|the|" pos="DT" wid="4">the</w>
  <w id="5" lemma="|entrustment|" pos="NN" wid="5">entrustment</w>
  <w id="6" lemma="|of|" pos="IN" wid="6">of</w>
  <w id="7" lemma="|the|" pos="DT" wid="7">the</w>
  <w id="8" lemma="|city|" pos="NN" wid="8">city</w>
  <w id="9" lemma="|of|" pos="IN" wid="9">of</w>
  <w id="10" lemma="|Cagliari|" pos="NNP" wid="10">Cagliari</w>
  <w id="11" lemma="|,|" pos="," wid="11">,</w>
  <w id="12" lemma="|of|" pos="IN" wid="12">of</w>
  <w id="13" lemma="|Sardinia|" pos="NNP" wid="13">Sardinia</w>
  <w id="14" lemma="|and|" pos="CC" wid="14">and</w>
  <w id="15" lemma="|all|" pos="DT" wid="15">all</w>
  <w id="16" lemma="|its|" pos="PRP$" wid="16">its</w>
  <w id="17" lemma="|inhabitant|" pos="NNS" wid="17">inhabitants</w>
  <w id="18" lemma="|to|" pos="TO" wid="18">to</w>
  <w id="19" lemma="|Mary|" pos="NNP" wid="19">Mary</w>
  <w id="20" lemma="|.|" pos="." wid="20">.</w>
</sentence>
<sentence id="14">
  <w id="0" lemma="|may|" pos="MD" wid="0">May</w>
  <w id="1" lemma="|the|" pos="DT" wid="1">the</w>
  <w id="2" lemma="|holy|" pos="JJ" wid="2">holy</w>
  <w id="3" lemma="|Virgin|" pos="NNP" wid="3">Virgin</w>
  <w id="4" lemma="|continue|" pos="VBP" wid="4">continue</w>
  <w id="5" lemma="|to|" pos="TO" wid="5">to</w>
  <w id="6" lemma="|watch|" pos="VB" wid="6">watch</w>
  <w id="7" lemma="|over|" pos="IN" wid="7">over</w>
  <w id="8" lemma="|each|" pos="DT" wid="8">each</w>
  <w id="9" lemma="|and|" pos="CC" wid="9">and</w>
  <w id="10" lemma="|every|" pos="DT" wid="10">every</w>
  <w id="11" lemma="|one|" pos="CD" wid="11">one</w>
  <w id="12" lemma="|,|" pos="," wid="12">,</w>
  <w id="13" lemma="|so|" pos="IN" wid="13">so</w>
  <w id="14" lemma="|that|" pos="IN" wid="14">that</w>
  <w id="15" lemma="|the|" pos="DT" wid="15">the</w>
  <w id="16" lemma="|patrimony|" pos="NN" wid="16">patrimony</w>
  <w id="17" lemma="|of|" pos="IN" wid="17">of</w>
  <w id="18" lemma="|gospel|" pos="NN" wid="18">Gospel</w>
  <w id="19" lemma="|value|" pos="NNS" wid="19">values</w>
  <w id="20" lemma="|may|" pos="MD" wid="20">may</w>
  <w id="21" lemma="|be|" pos="VB" wid="21">be</w>
  <w id="22" lemma="|transmit|" pos="VBN" wid="22">transmitted</w>
  <w id="23" lemma="|integrally|" pos="RB" wid="23">integrally</w>
  <w id="24" lemma="|to|" pos="TO" wid="24">to</w>
  <w id="25" lemma="|the|" pos="DT" wid="25">the</w>
  <w id="26" lemma="|new|" pos="JJ" wid="26">new</w>
  <w id="27" lemma="|generation|" pos="NNS" wid="27">generations</w>
  <w id="28" lemma="|and|" pos="CC" wid="28">and</w>
  <w id="29" lemma="|so|" pos="RB" wid="29">so</w>
  <w id="30" lemma="|that|" pos="IN" wid="30">that</w>
  <w id="31" lemma="|Christ|" pos="NNP" wid="31">Christ</w>
  <w id="32" lemma="|may|" pos="MD" wid="32">may</w>
  <w id="33" lemma="|reign|" pos="VB" wid="33">reign</w>
  <w id="34" lemma="|in|" pos="IN" wid="34">in</w>
  <w id="35" lemma="|the|" pos="DT" wid="35">the</w>
  <w id="36" lemma="|family|" pos="NNS" wid="36">families</w>
  <w id="37" lemma="|,|" pos="," wid="37">,</w>
  <w id="38" lemma="|in|" pos="IN" wid="38">in</w>
  <w id="39" lemma="|the|" pos="DT" wid="39">the</w>
  <w id="40" lemma="|community|" pos="NNS" wid="40">communities</w>
  <w id="41" lemma="|and|" pos="CC" wid="41">and</w>
  <w id="42" lemma="|in|" pos="IN" wid="42">in</w>
  <w id="43" lemma="|the|" pos="DT" wid="43">the</w>
  <w id="44" lemma="|various|" pos="JJ" wid="44">various</w>
  <w id="45" lemma="|sphere|" pos="NNS" wid="45">spheres</w>
  <w id="46" lemma="|of|" pos="IN" wid="46">of</w>
  <w id="47" lemma="|society|" pos="NN" wid="47">society</w>
  <w id="48" lemma="|.|" pos="." wid="48">.</w>
</sentence>
<sentence id="15">
  <w id="0" lemma="|May|" pos="NNP" wid="0">May</w>
  <w id="1" lemma="|the|" pos="DT" wid="1">the</w>
  <w id="2" lemma="|Blessed|" pos="NNP" wid="2">Blessed</w>
  <w id="3" lemma="|Mother|" pos="NNP" wid="3">Mother</w>
  <w id="4" lemma="|particularly|" pos="RB" wid="4">particularly</w>
  <w id="5" lemma="|protect|" pos="VBP" wid="5">protect</w>
  <w id="6" lemma="|those|" pos="DT" wid="6">those</w>
  <w id="7" lemma="|who|" pos="WP" wid="7">who</w>
  <w id="8" lemma="|,|" pos="," wid="8">,</w>
  <w id="9" lemma="|at|" pos="IN" wid="9">at</w>
  <w id="10" lemma="|this|" pos="DT" wid="10">this</w>
  <w id="11" lemma="|moment|" pos="NN" wid="11">moment</w>
  <w id="12" lemma="|,|" pos="," wid="12">,</w>
  <w id="13" lemma="|be|" pos="VBP" wid="13">are</w>
  <w id="14" lemma="|most|" pos="JJS" wid="14">most</w>
  <w id="15" lemma="|in|" pos="IN" wid="15">in</w>
  <w id="16" lemma="|need|" pos="NN" wid="16">need</w>
  <w id="17" lemma="|of|" pos="IN" wid="17">of</w>
  <w id="18" lemma="|she|" pos="PRP$" wid="18">her</w>
  <w id="19" lemma="|maternal|" pos="JJ" wid="19">maternal</w>
  <w id="20" lemma="|intervention|" pos="NN" wid="20">intervention</w>
  <w id="21" lemma="|:|" pos=":" wid="21">:</w>
  <w id="22" lemma="|child|" pos="NNS" wid="22">children</w>
  <w id="23" lemma="|and|" pos="CC" wid="23">and</w>
  <w id="24" lemma="|youth|" pos="NN" wid="24">youth</w>
  <w id="25" lemma="|,|" pos="," wid="25">,</w>
  <w id="26" lemma="|elderly|" pos="JJ" wid="26">elderly</w>
  <w id="27" lemma="|and|" pos="CC" wid="27">and</w>
  <w id="28" lemma="|family|" pos="NNS" wid="28">families</w>
  <w id="29" lemma="|,|" pos="," wid="29">,</w>
  <w id="30" lemma="|the|" pos="DT" wid="30">the</w>
  <w id="31" lemma="|sick|" pos="JJ" wid="31">sick</w>
  <w id="32" lemma="|and|" pos="CC" wid="32">and</w>
  <w id="33" lemma="|all|" pos="PDT" wid="33">all</w>
  <w id="34" lemma="|the|" pos="DT" wid="34">the</w>
  <w id="35" lemma="|suffering|" pos="NN" wid="35">suffering</w>
  <w id="36" lemma="|.|" pos="." wid="36">.</w>
</sentence>
<sentence id="16">
  <w id="0" lemma="|aware|" pos="JJ" wid="0">Aware</w>
  <w id="1" lemma="|of|" pos="IN" wid="1">of</w>
  <w id="2" lemma="|the|" pos="DT" wid="2">the</w>
  <w id="3" lemma="|important|" pos="JJ" wid="3">important</w>
  <w id="4" lemma="|role|" pos="NN" wid="4">role</w>
  <w id="5" lemma="|that|" pos="IN" wid="5">that</w>
  <w id="6" lemma="|Mary|" pos="NNP" wid="6">Mary</w>
  <w id="7" lemma="|have|" pos="VBZ" wid="7">has</w>
  <w id="8" lemma="|in|" pos="IN" wid="8">in</w>
  <w id="9" lemma="|the|" pos="DT" wid="9">the</w>
  <w id="10" lemma="|existence|" pos="NN" wid="10">existence</w>
  <w id="11" lemma="|of|" pos="IN" wid="11">of</w>
  <w id="12" lemma="|every|" pos="DT" wid="12">every</w>
  <w id="13" lemma="|one|" pos="CD" wid="13">one</w>
  <w id="14" lemma="|of|" pos="IN" wid="14">of</w>
  <w id="15" lemma="|we|" pos="PRP" wid="15">us</w>
  <w id="16" lemma="|,|" pos="," wid="16">,</w>
  <w id="17" lemma="|as|" pos="IN" wid="17">as</w>
  <w id="18" lemma="|devoted|" pos="JJ" wid="18">devoted</w>
  <w id="19" lemma="|child|" pos="NNS" wid="19">children</w>
  <w id="20" lemma="|we|" pos="PRP" wid="20">we</w>
  <w id="21" lemma="|celebrate|" pos="VBP" wid="21">celebrate</w>
  <w id="22" lemma="|she|" pos="PRP$" wid="22">her</w>
  <w id="23" lemma="|birth|" pos="NN" wid="23">birth</w>
  <w id="24" lemma="|today|" pos="NN" wid="24">today</w>
  <w id="25" lemma="|.|" pos="." wid="25">.</w>
</sentence>
<sentence id="17">
  <w id="0" lemma="|this|" pos="DT" wid="0">This</w>
  <w id="1" lemma="|event|" pos="NN" wid="1">event</w>
  <w id="2" lemma="|constitute|" pos="VBZ" wid="2">constitutes</w>
  <w id="3" lemma="|a|" pos="DT" wid="3">a</w>
  <w id="4" lemma="|fundamental|" pos="JJ" wid="4">fundamental</w>
  <w id="5" lemma="|step|" pos="NN" wid="5">step</w>
  <w id="6" lemma="|for|" pos="IN" wid="6">for</w>
  <w id="7" lemma="|the|" pos="DT" wid="7">the</w>
  <w id="8" lemma="|Family|" pos="NNP" wid="8">Family</w>
  <w id="9" lemma="|of|" pos="IN" wid="9">of</w>
  <w id="10" lemma="|Nazareth|" pos="NNP" wid="10">Nazareth</w>
  <w id="11" lemma="|,|" pos="," wid="11">,</w>
  <w id="12" lemma="|crib|" pos="NN" wid="12">crib</w>
  <w id="13" lemma="|of|" pos="IN" wid="13">of</w>
  <w id="14" lemma="|we|" pos="PRP$" wid="14">our</w>
  <w id="15" lemma="|redemption|" pos="NN" wid="15">redemption</w>
  <w id="16" lemma="|-|" pos=":" wid="16">-</w>
  <w id="17" lemma="|a|" pos="DT" wid="17">an</w>
  <w id="18" lemma="|event|" pos="NN" wid="18">event</w>
  <w id="19" lemma="|that|" pos="WDT" wid="19">that</w>
  <w id="20" lemma="|regard|" pos="VBZ" wid="20">regards</w>
  <w id="21" lemma="|each|" pos="DT" wid="21">each</w>
  <w id="22" lemma="|one|" pos="CD" wid="22">one</w>
  <w id="23" lemma="|of|" pos="IN" wid="23">of</w>
  <w id="24" lemma="|we|" pos="PRP" wid="24">us</w>
  <w id="25" lemma="|,|" pos="," wid="25">,</w>
  <w id="26" lemma="|because|" pos="IN" wid="26">because</w>
  <w id="27" lemma="|every|" pos="DT" wid="27">every</w>
  <w id="28" lemma="|gift|" pos="NN" wid="28">gift</w>
  <w id="29" lemma="|that|" pos="IN" wid="29">that</w>
  <w id="30" lemma="|God|" pos="NNP" wid="30">God</w>
  <w id="31" lemma="|have|" pos="VBZ" wid="31">has</w>
  <w id="32" lemma="|grant|" pos="VBN" wid="32">granted</w>
  <w id="33" lemma="|to|" pos="TO" wid="33">to</w>
  <w id="34" lemma="|she|" pos="PRP" wid="34">her</w>
  <w id="35" lemma="|,|" pos="," wid="35">,</w>
  <w id="36" lemma="|the|" pos="DT" wid="36">the</w>
  <w id="37" lemma="|Mother|" pos="NNP" wid="37">Mother</w>
  <w id="38" lemma="|,|" pos="," wid="38">,</w>
  <w id="39" lemma="|he|" pos="PRP" wid="39">he</w>
  <w id="40" lemma="|have|" pos="VBZ" wid="40">has</w>
  <w id="41" lemma="|grant|" pos="VBN" wid="41">granted</w>
  <w id="42" lemma="|think|" pos="VBG" wid="42">thinking</w>
  <w id="43" lemma="|also|" pos="RB" wid="43">also</w>
  <w id="44" lemma="|of|" pos="IN" wid="44">of</w>
  <w id="45" lemma="|each|" pos="DT" wid="45">each</w>
  <w id="46" lemma="|one|" pos="CD" wid="46">one</w>
  <w id="47" lemma="|of|" pos="IN" wid="47">of</w>
  <w id="48" lemma="|we|" pos="PRP" wid="48">us</w>
  <w id="49" lemma="|,|" pos="," wid="49">,</w>
  <w id="50" lemma="|she|" pos="PRP$" wid="50">her</w>
  <w id="51" lemma="|child|" pos="NNS" wid="51">children</w>
  <w id="52" lemma="|.|" pos="." wid="52">.</w>
</sentence>
<sentence id="18">
  <w id="0" lemma="|therefore|" pos="RB" wid="0">Therefore</w>
  <w id="1" lemma="|,|" pos="," wid="1">,</w>
  <w id="2" lemma="|with|" pos="IN" wid="2">with</w>
  <w id="3" lemma="|immense|" pos="JJ" wid="3">immense</w>
  <w id="4" lemma="|gratitude|" pos="NN" wid="4">gratitude</w>
  <w id="5" lemma="|,|" pos="," wid="5">,</w>
  <w id="6" lemma="|let|" pos="VB" wid="6">let</w>
  <w id="7" lemma="|we|" pos="PRP" wid="7">us</w>
  <w id="8" lemma="|ask|" pos="VB" wid="8">ask</w>
  <w id="9" lemma="|Mary|" pos="NNP" wid="9">Mary</w>
  <w id="10" lemma="|,|" pos="," wid="10">,</w>
  <w id="11" lemma="|Mother|" pos="NNP" wid="11">Mother</w>
  <w id="12" lemma="|of|" pos="IN" wid="12">of</w>
  <w id="13" lemma="|the|" pos="DT" wid="13">the</w>
  <w id="14" lemma="|Word|" pos="NNP" wid="14">Word</w>
  <w id="15" lemma="|Incarnate|" pos="NNP" wid="15">Incarnate</w>
  <w id="16" lemma="|and|" pos="CC" wid="16">and</w>
  <w id="17" lemma="|we|" pos="PRP$" wid="17">our</w>
  <w id="18" lemma="|Mother|" pos="NNP" wid="18">Mother</w>
  <w id="19" lemma="|,|" pos="," wid="19">,</w>
  <w id="20" lemma="|to|" pos="TO" wid="20">to</w>
  <w id="21" lemma="|protect|" pos="VB" wid="21">protect</w>
  <w id="22" lemma="|every|" pos="DT" wid="22">every</w>
  <w id="23" lemma="|earthly|" pos="JJ" wid="23">earthly</w>
  <w id="24" lemma="|mother|" pos="NN" wid="24">mother</w>
  <w id="25" lemma="|:|" pos=":" wid="25">:</w>
  <w id="26" lemma="|those|" pos="DT" wid="26">those</w>
  <w id="27" lemma="|who|" pos="WP" wid="27">who</w>
  <w id="28" lemma="|,|" pos="," wid="28">,</w>
  <w id="29" lemma="|together|" pos="RB" wid="29">together</w>
  <w id="30" lemma="|with|" pos="IN" wid="30">with</w>
  <w id="31" lemma="|they|" pos="PRP$" wid="31">their</w>
  <w id="32" lemma="|husband|" pos="NN" wid="32">husband</w>
  <w id="33" lemma="|,|" pos="," wid="33">,</w>
  <w id="34" lemma="|raise|" pos="VB" wid="34">raise</w>
  <w id="35" lemma="|they|" pos="PRP$" wid="35">their</w>
  <w id="36" lemma="|child|" pos="NNS" wid="36">children</w>
  <w id="37" lemma="|in|" pos="IN" wid="37">in</w>
  <w id="38" lemma="|a|" pos="DT" wid="38">a</w>
  <w id="39" lemma="|harmonious|" pos="JJ" wid="39">harmonious</w>
  <w id="40" lemma="|family|" pos="NN" wid="40">family</w>
  <w id="41" lemma="|context|" pos="NN" wid="41">context</w>
  <w id="42" lemma="|,|" pos="," wid="42">,</w>
  <w id="43" lemma="|and|" pos="CC" wid="43">and</w>
  <w id="44" lemma="|those|" pos="DT" wid="44">those</w>
  <w id="45" lemma="|who|" pos="WP" wid="45">who</w>
  <w id="46" lemma="|,|" pos="," wid="46">,</w>
  <w id="47" lemma="|for|" pos="IN" wid="47">for</w>
  <w id="48" lemma="|many|" pos="JJ" wid="48">many</w>
  <w id="49" lemma="|reason|" pos="NNS" wid="49">reasons</w>
  <w id="50" lemma="|,|" pos="," wid="50">,</w>
  <w id="51" lemma="|find|" pos="VB" wid="51">find</w>
  <w id="52" lemma="|themselves|" pos="PRP" wid="52">themselves</w>
  <w id="53" lemma="|alone|" pos="RB" wid="53">alone</w>
  <w id="54" lemma="|to|" pos="TO" wid="54">to</w>
  <w id="55" lemma="|face|" pos="VB" wid="55">face</w>
  <w id="56" lemma="|a|" pos="DT" wid="56">a</w>
  <w id="57" lemma="|very|" pos="RB" wid="57">very</w>
  <w id="58" lemma="|difficult|" pos="JJ" wid="58">difficult</w>
  <w id="59" lemma="|duty|" pos="NN" wid="59">duty</w>
  <w id="60" lemma="|.|" pos="." wid="60">.</w>
</sentence>
<sentence id="19">
  <w id="0" lemma="|May|" pos="NNP" wid="0">May</w>
  <w id="1" lemma="|they|" pos="PRP" wid="1">they</w>
  <w id="2" lemma="|carry|" pos="VBP" wid="2">carry</w>
  <w id="3" lemma="|out|" pos="RP" wid="3">out</w>
  <w id="4" lemma="|with|" pos="IN" wid="4">with</w>
  <w id="5" lemma="|dedication|" pos="NN" wid="5">dedication</w>
  <w id="6" lemma="|and|" pos="CC" wid="6">and</w>
  <w id="7" lemma="|loyalty|" pos="NN" wid="7">loyalty</w>
  <w id="8" lemma="|they|" pos="PRP$" wid="8">their</w>
  <w id="9" lemma="|daily|" pos="JJ" wid="9">daily</w>
  <w id="10" lemma="|service|" pos="NN" wid="10">service</w>
  <w id="11" lemma="|within|" pos="IN" wid="11">within</w>
  <w id="12" lemma="|the|" pos="DT" wid="12">the</w>
  <w id="13" lemma="|family|" pos="NN" wid="13">family</w>
  <w id="14" lemma="|,|" pos="," wid="14">,</w>
  <w id="15" lemma="|the|" pos="DT" wid="15">the</w>
  <w id="16" lemma="|church|" pos="NN" wid="16">Church</w>
  <w id="17" lemma="|and|" pos="CC" wid="17">and</w>
  <w id="18" lemma="|society|" pos="NN" wid="18">society</w>
  <w id="19" lemma="|.|" pos="." wid="19">.</w>
</sentence>
<sentence id="20">
  <w id="0" lemma="|May|" pos="NNP" wid="0">May</w>
  <w id="1" lemma="|the|" pos="DT" wid="1">the</w>
  <w id="2" lemma="|Blessed|" pos="NNP" wid="2">Blessed</w>
  <w id="3" lemma="|Mother|" pos="NNP" wid="3">Mother</w>
  <w id="4" lemma="|be|" pos="VB" wid="4">be</w>
  <w id="5" lemma="|for|" pos="IN" wid="5">for</w>
  <w id="6" lemma="|all|" pos="PDT" wid="6">all</w>
  <w id="7" lemma="|a|" pos="DT" wid="7">a</w>
  <w id="8" lemma="|support|" pos="NN" wid="8">support</w>
  <w id="9" lemma="|,|" pos="," wid="9">,</w>
  <w id="10" lemma="|comfort|" pos="NN" wid="10">comfort</w>
  <w id="11" lemma="|and|" pos="CC" wid="11">and</w>
  <w id="12" lemma="|hope|" pos="NN" wid="12">hope</w>
  <w id="13" lemma="|!|" pos="." wid="13">!</w>
</sentence>
<sentence id="21">
  <w id="0" lemma="|under|" pos="IN" wid="0">Under</w>
  <w id="1" lemma="|Mary|" pos="NNP" wid="1">Mary</w>
  <w id="2" lemma="|'s|" pos="POS" wid="2">'s</w>
  <w id="3" lemma="|gaze|" pos="VBP" wid="3">gaze</w>
  <w id="4" lemma="|I|" pos="PRP" wid="4">I</w>
  <w id="5" lemma="|would|" pos="MD" wid="5">would</w>
  <w id="6" lemma="|like|" pos="VB" wid="6">like</w>
  <w id="7" lemma="|to|" pos="TO" wid="7">to</w>
  <w id="8" lemma="|recall|" pos="VB" wid="8">recall</w>
  <w id="9" lemma="|the|" pos="DT" wid="9">the</w>
  <w id="10" lemma="|dear|" pos="RB" wid="10">dear</w>
  <w id="11" lemma="|people|" pos="NNS" wid="11">peoples</w>
  <w id="12" lemma="|of|" pos="IN" wid="12">of</w>
  <w id="13" lemma="|Haiti|" pos="NNP" wid="13">Haiti</w>
  <w id="14" lemma="|,|" pos="," wid="14">,</w>
  <w id="15" lemma="|so|" pos="RB" wid="15">so</w>
  <w id="16" lemma="|sorely|" pos="RB" wid="16">sorely</w>
  <w id="17" lemma="|try|" pos="VBN" wid="17">tried</w>
  <w id="18" lemma="|in|" pos="IN" wid="18">in</w>
  <w id="19" lemma="|the|" pos="DT" wid="19">the</w>
  <w id="20" lemma="|past|" pos="JJ" wid="20">past</w>
  <w id="21" lemma="|day|" pos="NNS" wid="21">days</w>
  <w id="22" lemma="|by|" pos="IN" wid="22">by</w>
  <w id="23" lemma="|the|" pos="DT" wid="23">the</w>
  <w id="24" lemma="|passage|" pos="NN" wid="24">passage</w>
  <w id="25" lemma="|of|" pos="IN" wid="25">of</w>
  <w id="26" lemma="|three|" pos="CD" wid="26">three</w>
  <w id="27" lemma="|hurricane|" pos="NNS" wid="27">hurricanes</w>
  <w id="28" lemma="|.|" pos="." wid="28">.</w>
</sentence>
<sentence id="22">
  <w id="0" lemma="|I|" pos="PRP" wid="0">I</w>
  <w id="1" lemma="|pray|" pos="VBP" wid="1">pray</w>
  <w id="2" lemma="|for|" pos="IN" wid="2">for</w>
  <w id="3" lemma="|the|" pos="DT" wid="3">the</w>
  <w id="4" lemma="|victim|" pos="NNS" wid="4">victims</w>
  <w id="5" lemma="|,|" pos="," wid="5">,</w>
  <w id="6" lemma="|unfortunately|" pos="RB" wid="6">unfortunately</w>
  <w id="7" lemma="|numerous|" pos="JJ" wid="7">numerous</w>
  <w id="8" lemma="|,|" pos="," wid="8">,</w>
  <w id="9" lemma="|and|" pos="CC" wid="9">and</w>
  <w id="10" lemma="|for|" pos="IN" wid="10">for</w>
  <w id="11" lemma="|the|" pos="DT" wid="11">the</w>
  <w id="12" lemma="|homeless|" pos="NN" wid="12">homeless</w>
  <w id="13" lemma="|.|" pos="." wid="13">.</w>
</sentence>
<sentence id="23">
  <w id="0" lemma="|I|" pos="PRP" wid="0">I</w>
  <w id="1" lemma="|be|" pos="VBP" wid="1">am</w>
  <w id="2" lemma="|close|" pos="RB" wid="2">close</w>
  <w id="3" lemma="|to|" pos="TO" wid="3">to</w>
  <w id="4" lemma="|the|" pos="DT" wid="4">the</w>
  <w id="5" lemma="|entire|" pos="JJ" wid="5">entire</w>
  <w id="6" lemma="|nation|" pos="NN" wid="6">nation</w>
  <w id="7" lemma="|and|" pos="CC" wid="7">and</w>
  <w id="8" lemma="|I|" pos="PRP" wid="8">I</w>
  <w id="9" lemma="|hope|" pos="VBP" wid="9">hope</w>
  <w id="10" lemma="|that|" pos="IN" wid="10">that</w>
  <w id="11" lemma="|the|" pos="DT" wid="11">the</w>
  <w id="12" lemma="|help|" pos="NN" wid="12">help</w>
  <w id="13" lemma="|need|" pos="VBN" wid="13">needed</w>
  <w id="14" lemma="|reach|" pos="VBZ" wid="14">reaches</w>
  <w id="15" lemma="|they|" pos="PRP" wid="15">them</w>
  <w id="16" lemma="|as|" pos="RB" wid="16">as</w>
  <w id="17" lemma="|soon|" pos="RB" wid="17">soon</w>
  <w id="18" lemma="|as|" pos="IN" wid="18">as</w>
  <w id="19" lemma="|possible|" pos="JJ" wid="19">possible</w>
  <w id="20" lemma="|.|" pos="." wid="20">.</w>
</sentence>
<sentence id="24">
  <w id="0" lemma="|I|" pos="PRP" wid="0">I</w>
  <w id="1" lemma="|entrust|" pos="VBP" wid="1">entrust</w>
  <w id="2" lemma="|all|" pos="DT" wid="2">all</w>
  <w id="3" lemma="|to|" pos="TO" wid="3">to</w>
  <w id="4" lemma="|the|" pos="DT" wid="4">the</w>
  <w id="5" lemma="|maternal|" pos="JJ" wid="5">maternal</w>
  <w id="6" lemma="|protection|" pos="NN" wid="6">protection</w>
  <w id="7" lemma="|of|" pos="IN" wid="7">of</w>
  <w id="8" lemma="|Our|" pos="NNP" wid="8">Our</w>
  <w id="9" lemma="|Lady|" pos="NNP" wid="9">Lady</w>
  <w id="10" lemma="|of|" pos="IN" wid="10">of</w>
  <w id="11" lemma="|Bonaria|" pos="NNP" wid="11">Bonaria</w>
  <w id="12" lemma="|.|" pos="." wid="12">.</w>
</sentence>
</corpus>