<corpus id="0">
<sentence id="0">
  <w id="0" lemma="|Dear|" pos="NNP" wid="0">Dear</w>
  <w id="1" lemma="|sister|" pos="NNS" wid="1">Sisters</w>
  <w id="2" lemma="|and|" pos="CC" wid="2">and</w>
  <w id="3" lemma="|Brothers|" pos="NNPS" wid="3">Brothers</w>
  <w id="4" lemma="|!|" pos="." wid="4">!</w>
</sentence>
<sentence id="1">
  <w id="0" lemma="|at|" pos="IN" wid="0">At</w>
  <w id="1" lemma="|the|" pos="DT" wid="1">the</w>
  <w id="2" lemma="|end|" pos="NN" wid="2">end</w>
  <w id="3" lemma="|of|" pos="IN" wid="3">of</w>
  <w id="4" lemma="|this|" pos="DT" wid="4">this</w>
  <w id="5" lemma="|solemn|" pos="JJ" wid="5">solemn</w>
  <w id="6" lemma="|celebration|" pos="NN" wid="6">celebration</w>
  <w id="7" lemma="|of|" pos="IN" wid="7">of</w>
  <w id="8" lemma="|holy|" pos="JJ" wid="8">holy</w>
  <w id="9" lemma="|Mass|" pos="NNP" wid="9">Mass</w>
  <w id="10" lemma="|we|" pos="PRP" wid="10">we</w>
  <w id="11" lemma="|now|" pos="RB" wid="11">now</w>
  <w id="12" lemma="|pray|" pos="VBP" wid="12">pray</w>
  <w id="13" lemma="|the|" pos="DT" wid="13">the</w>
  <w id="14" lemma="|Angelus|" pos="NNPS" wid="14">Angelus</w>
  <w id="15" lemma="|together|" pos="RB" wid="15">together</w>
  <w id="16" lemma="|.|" pos="." wid="16">.</w>
</sentence>
<sentence id="2">
  <w id="0" lemma="|this|" pos="DT" wid="0">This</w>
  <w id="1" lemma="|prayer|" pos="NN" wid="1">prayer</w>
  <w id="2" lemma="|constantly|" pos="RB" wid="2">constantly</w>
  <w id="3" lemma="|remind|" pos="VBZ" wid="3">reminds</w>
  <w id="4" lemma="|we|" pos="PRP" wid="4">us</w>
  <w id="5" lemma="|of|" pos="IN" wid="5">of</w>
  <w id="6" lemma="|the|" pos="DT" wid="6">the</w>
  <w id="7" lemma="|historical|" pos="JJ" wid="7">historical</w>
  <w id="8" lemma="|beginning|" pos="NNS" wid="8">beginnings</w>
  <w id="9" lemma="|of|" pos="IN" wid="9">of</w>
  <w id="10" lemma="|we|" pos="PRP$" wid="10">our</w>
  <w id="11" lemma="|salvation|" pos="NN" wid="11">salvation</w>
  <w id="12" lemma="|.|" pos="." wid="12">.</w>
</sentence>
<sentence id="3">
  <w id="0" lemma="|the|" pos="DT" wid="0">The</w>
  <w id="1" lemma="|Archangel|" pos="NNP" wid="1">Archangel</w>
  <w id="2" lemma="|Gabriel|" pos="NNP" wid="2">Gabriel</w>
  <w id="3" lemma="|present|" pos="VBZ" wid="3">presents</w>
  <w id="4" lemma="|God|" pos="NNP" wid="4">God</w>
  <w id="5" lemma="|'s|" pos="POS" wid="5">'s</w>
  <w id="6" lemma="|plan|" pos="NN" wid="6">plan</w>
  <w id="7" lemma="|of|" pos="IN" wid="7">of</w>
  <w id="8" lemma="|salvation|" pos="NN" wid="8">salvation</w>
  <w id="9" lemma="|to|" pos="TO" wid="9">to</w>
  <w id="10" lemma="|the|" pos="DT" wid="10">the</w>
  <w id="11" lemma="|Virgin|" pos="NNP" wid="11">Virgin</w>
  <w id="12" lemma="|Mary|" pos="NNP" wid="12">Mary</w>
  <w id="13" lemma="|,|" pos="," wid="13">,</w>
  <w id="14" lemma="|by|" pos="IN" wid="14">by</w>
  <w id="15" lemma="|which|" pos="WDT" wid="15">which</w>
  <w id="16" lemma="|she|" pos="PRP" wid="16">she</w>
  <w id="17" lemma="|be|" pos="VBD" wid="17">was</w>
  <w id="18" lemma="|to|" pos="TO" wid="18">to</w>
  <w id="19" lemma="|become|" pos="VB" wid="19">become</w>
  <w id="20" lemma="|the|" pos="DT" wid="20">the</w>
  <w id="21" lemma="|Mother|" pos="NNP" wid="21">Mother</w>
  <w id="22" lemma="|of|" pos="IN" wid="22">of</w>
  <w id="23" lemma="|the|" pos="DT" wid="23">the</w>
  <w id="24" lemma="|Redeemer|" pos="NNP" wid="24">Redeemer</w>
  <w id="25" lemma="|.|" pos="." wid="25">.</w>
</sentence>
<sentence id="4">
  <w id="0" lemma="|Mary|" pos="NNP" wid="0">Mary</w>
  <w id="1" lemma="|be|" pos="VBD" wid="1">was</w>
  <w id="2" lemma="|fearful|" pos="JJ" wid="2">fearful</w>
  <w id="3" lemma="|,|" pos="," wid="3">,</w>
  <w id="4" lemma="|but|" pos="CC" wid="4">but</w>
  <w id="5" lemma="|the|" pos="DT" wid="5">the</w>
  <w id="6" lemma="|angel|" pos="NN" wid="6">angel</w>
  <w id="7" lemma="|of|" pos="IN" wid="7">of</w>
  <w id="8" lemma="|the|" pos="DT" wid="8">the</w>
  <w id="9" lemma="|Lord|" pos="NNP" wid="9">Lord</w>
  <w id="10" lemma="|speak|" pos="VBD" wid="10">spoke</w>
  <w id="11" lemma="|a|" pos="DT" wid="11">a</w>
  <w id="12" lemma="|word|" pos="NN" wid="12">word</w>
  <w id="13" lemma="|of|" pos="IN" wid="13">of</w>
  <w id="14" lemma="|comfort|" pos="NN" wid="14">comfort</w>
  <w id="15" lemma="|to|" pos="TO" wid="15">to</w>
  <w id="16" lemma="|she|" pos="PRP$" wid="16">her</w>
  <w id="17" lemma="|:|" pos=":" wid="17">:</w>
  <w id="18" lemma="|``|" pos="``" wid="18">``</w>
  <w id="19" lemma="|do|" pos="VBP" wid="19">Do</w>
  <w id="20" lemma="|not|" pos="RB" wid="20">not</w>
  <w id="21" lemma="|be|" pos="VB" wid="21">be</w>
  <w id="22" lemma="|afraid|" pos="JJ" wid="22">afraid</w>
  <w id="23" lemma="|,|" pos="," wid="23">,</w>
  <w id="24" lemma="|Mary|" pos="NNP" wid="24">Mary</w>
  <w id="25" lemma="|,|" pos="," wid="25">,</w>
  <w id="26" lemma="|for|" pos="IN" wid="26">for</w>
  <w id="27" lemma="|you|" pos="PRP" wid="27">you</w>
  <w id="28" lemma="|have|" pos="VBP" wid="28">have</w>
  <w id="29" lemma="|find|" pos="VBN" wid="29">found</w>
  <w id="30" lemma="|favour|" pos="NN" wid="30">favour</w>
  <w id="31" lemma="|with|" pos="IN" wid="31">with</w>
  <w id="32" lemma="|God|" pos="NNP" wid="32">God</w>
  <w id="33" lemma="|.|" pos="." wid="33">.</w>
  <w id="34" lemma="|''|" pos="''" wid="34">''</w>
</sentence>
<sentence id="5">
  <w id="0" lemma="|so|" pos="RB" wid="0">So</w>
  <w id="1" lemma="|Mary|" pos="NNP" wid="1">Mary</w>
  <w id="2" lemma="|be|" pos="VBZ" wid="2">is</w>
  <w id="3" lemma="|able|" pos="JJ" wid="3">able</w>
  <w id="4" lemma="|to|" pos="TO" wid="4">to</w>
  <w id="5" lemma="|respond|" pos="VB" wid="5">respond</w>
  <w id="6" lemma="|with|" pos="IN" wid="6">with</w>
  <w id="7" lemma="|she|" pos="PRP$" wid="7">her</w>
  <w id="8" lemma="|great|" pos="JJ" wid="8">great</w>
  <w id="9" lemma="|``|" pos="``" wid="9">``</w>
  <w id="10" lemma="|yes|" pos="RB" wid="10">yes</w>
  <w id="11" lemma="|''|" pos="''" wid="11">''</w>
  <w id="12" lemma="|.|" pos="." wid="12">.</w>
</sentence>
<sentence id="6">
  <w id="0" lemma="|this|" pos="DT" wid="0">This</w>
  <w id="1" lemma="|``|" pos="``" wid="1">``</w>
  <w id="2" lemma="|yes|" pos="UH" wid="2">yes</w>
  <w id="3" lemma="|''|" pos="''" wid="3">''</w>
  <w id="4" lemma="|,|" pos="," wid="4">,</w>
  <w id="5" lemma="|by|" pos="IN" wid="5">by</w>
  <w id="6" lemma="|which|" pos="WDT" wid="6">which</w>
  <w id="7" lemma="|she|" pos="PRP" wid="7">she</w>
  <w id="8" lemma="|accept|" pos="VBZ" wid="8">accepts</w>
  <w id="9" lemma="|to|" pos="TO" wid="9">to</w>
  <w id="10" lemma="|become|" pos="VB" wid="10">become</w>
  <w id="11" lemma="|the|" pos="DT" wid="11">the</w>
  <w id="12" lemma="|handmaid|" pos="NN" wid="12">handmaid</w>
  <w id="13" lemma="|of|" pos="IN" wid="13">of</w>
  <w id="14" lemma="|the|" pos="DT" wid="14">the</w>
  <w id="15" lemma="|Lord|" pos="NNP" wid="15">Lord</w>
  <w id="16" lemma="|,|" pos="," wid="16">,</w>
  <w id="17" lemma="|be|" pos="VBZ" wid="17">is</w>
  <w id="18" lemma="|the|" pos="DT" wid="18">the</w>
  <w id="19" lemma="|trust|" pos="VBG" wid="19">trusting</w>
  <w id="20" lemma="|``|" pos="``" wid="20">``</w>
  <w id="21" lemma="|yes|" pos="RB" wid="21">yes</w>
  <w id="22" lemma="|''|" pos="''" wid="22">''</w>
  <w id="23" lemma="|to|" pos="TO" wid="23">to</w>
  <w id="24" lemma="|God|" pos="NNP" wid="24">God</w>
  <w id="25" lemma="|'s|" pos="POS" wid="25">'s</w>
  <w id="26" lemma="|plan|" pos="NN" wid="26">plan</w>
  <w id="27" lemma="|,|" pos="," wid="27">,</w>
  <w id="28" lemma="|to|" pos="TO" wid="28">to</w>
  <w id="29" lemma="|we|" pos="PRP$" wid="29">our</w>
  <w id="30" lemma="|salvation|" pos="NN" wid="30">salvation</w>
  <w id="31" lemma="|.|" pos="." wid="31">.</w>
</sentence>
<sentence id="7">
  <w id="0" lemma="|and|" pos="CC" wid="0">And</w>
  <w id="1" lemma="|she|" pos="PRP" wid="1">she</w>
  <w id="2" lemma="|finally|" pos="RB" wid="2">finally</w>
  <w id="3" lemma="|address|" pos="VBZ" wid="3">addresses</w>
  <w id="4" lemma="|she|" pos="PRP" wid="4">her</w>
  <w id="5" lemma="|``|" pos="``" wid="5">``</w>
  <w id="6" lemma="|yes|" pos="UH" wid="6">yes</w>
  <w id="7" lemma="|''|" pos="''" wid="7">''</w>
  <w id="8" lemma="|to|" pos="TO" wid="8">to</w>
  <w id="9" lemma="|we|" pos="PRP" wid="9">us</w>
  <w id="10" lemma="|all|" pos="DT" wid="10">all</w>
  <w id="11" lemma="|,|" pos="," wid="11">,</w>
  <w id="12" lemma="|whom|" pos="WP" wid="12">whom</w>
  <w id="13" lemma="|she|" pos="PRP" wid="13">she</w>
  <w id="14" lemma="|receive|" pos="VBD" wid="14">received</w>
  <w id="15" lemma="|as|" pos="IN" wid="15">as</w>
  <w id="16" lemma="|she|" pos="PRP$" wid="16">her</w>
  <w id="17" lemma="|child|" pos="NNS" wid="17">children</w>
  <w id="18" lemma="|entrust|" pos="VBN" wid="18">entrusted</w>
  <w id="19" lemma="|to|" pos="TO" wid="19">to</w>
  <w id="20" lemma="|she|" pos="PRP" wid="20">her</w>
  <w id="21" lemma="|at|" pos="IN" wid="21">at</w>
  <w id="22" lemma="|the|" pos="DT" wid="22">the</w>
  <w id="23" lemma="|foot|" pos="NN" wid="23">foot</w>
  <w id="24" lemma="|of|" pos="IN" wid="24">of</w>
  <w id="25" lemma="|the|" pos="DT" wid="25">the</w>
  <w id="26" lemma="|cross|" pos="NN" wid="26">Cross</w>
  <w id="27" lemma="|-lrb-|" pos="-LRB-" wid="27">-LRB-</w>
  <w id="28" lemma="|cf|" pos="NN" wid="28">cf</w>
  <w id="29" lemma="|.|" pos="." wid="29">.</w>
</sentence>
<sentence id="8">
  <w id="0" lemma="|jn|" pos="NN" wid="0">Jn</w>
  <w id="1" lemma="|19:27|" pos="CD" wid="1">19:27</w>
  <w id="2" lemma="|-rrb-|" pos="-RRB-" wid="2">-RRB-</w>
  <w id="3" lemma="|.|" pos="." wid="3">.</w>
</sentence>
<sentence id="9">
  <w id="0" lemma="|she|" pos="PRP" wid="0">She</w>
  <w id="1" lemma="|never|" pos="RB" wid="1">never</w>
  <w id="2" lemma="|withdraw|" pos="VBZ" wid="2">withdraws</w>
  <w id="3" lemma="|this|" pos="DT" wid="3">this</w>
  <w id="4" lemma="|promise|" pos="NN" wid="4">promise</w>
  <w id="5" lemma="|.|" pos="." wid="5">.</w>
</sentence>
<sentence id="10">
  <w id="0" lemma="|and|" pos="CC" wid="0">And</w>
  <w id="1" lemma="|so|" pos="IN" wid="1">so</w>
  <w id="2" lemma="|she|" pos="PRP" wid="2">she</w>
  <w id="3" lemma="|be|" pos="VBZ" wid="3">is</w>
  <w id="4" lemma="|call|" pos="VBN" wid="4">called</w>
  <w id="5" lemma="|happy|" pos="JJ" wid="5">happy</w>
  <w id="6" lemma="|,|" pos="," wid="6">,</w>
  <w id="7" lemma="|or|" pos="CC" wid="7">or</w>
  <w id="8" lemma="|rather|" pos="RB" wid="8">rather</w>
  <w id="9" lemma="|bless|" pos="VBN" wid="9">blessed</w>
  <w id="10" lemma="|,|" pos="," wid="10">,</w>
  <w id="11" lemma="|for|" pos="IN" wid="11">for</w>
  <w id="12" lemma="|believe|" pos="VBG" wid="12">believing</w>
  <w id="13" lemma="|that|" pos="IN" wid="13">that</w>
  <w id="14" lemma="|what|" pos="WP" wid="14">what</w>
  <w id="15" lemma="|be|" pos="VBD" wid="15">was</w>
  <w id="16" lemma="|promise|" pos="VBN" wid="16">promised</w>
  <w id="17" lemma="|she|" pos="PRP" wid="17">her</w>
  <w id="18" lemma="|by|" pos="IN" wid="18">by</w>
  <w id="19" lemma="|the|" pos="DT" wid="19">the</w>
  <w id="20" lemma="|Lord|" pos="NNP" wid="20">Lord</w>
  <w id="21" lemma="|would|" pos="MD" wid="21">would</w>
  <w id="22" lemma="|be|" pos="VB" wid="22">be</w>
  <w id="23" lemma="|fulfil|" pos="VBN" wid="23">fulfilled</w>
  <w id="24" lemma="|-lrb-|" pos="-LRB-" wid="24">-LRB-</w>
  <w id="25" lemma="|cf|" pos="NN" wid="25">cf</w>
  <w id="26" lemma="|.|" pos="." wid="26">.</w>
</sentence>
<sentence id="11">
  <w id="0" lemma="|lk|" pos="NN" wid="0">Lk</w>
  <w id="1" lemma="|1:45|" pos="CD" wid="1">1:45</w>
  <w id="2" lemma="|-rrb-|" pos="-RRB-" wid="2">-RRB-</w>
  <w id="3" lemma="|.|" pos="." wid="3">.</w>
</sentence>
<sentence id="12">
  <w id="0" lemma="|as|" pos="IN" wid="0">As</w>
  <w id="1" lemma="|we|" pos="PRP" wid="1">we</w>
  <w id="2" lemma="|pray|" pos="VBP" wid="2">pray</w>
  <w id="3" lemma="|this|" pos="DT" wid="3">this</w>
  <w id="4" lemma="|angelus|" pos="NN" wid="4">Angelus</w>
  <w id="5" lemma="|,|" pos="," wid="5">,</w>
  <w id="6" lemma="|we|" pos="PRP" wid="6">we</w>
  <w id="7" lemma="|may|" pos="MD" wid="7">may</w>
  <w id="8" lemma="|join|" pos="VB" wid="8">join</w>
  <w id="9" lemma="|Mary|" pos="NNP" wid="9">Mary</w>
  <w id="10" lemma="|in|" pos="IN" wid="10">in</w>
  <w id="11" lemma="|she|" pos="PRP$" wid="11">her</w>
  <w id="12" lemma="|``|" pos="``" wid="12">``</w>
  <w id="13" lemma="|yes|" pos="RB" wid="13">yes</w>
  <w id="14" lemma="|''|" pos="''" wid="14">''</w>
  <w id="15" lemma="|,|" pos="," wid="15">,</w>
  <w id="16" lemma="|we|" pos="PRP" wid="16">we</w>
  <w id="17" lemma="|may|" pos="MD" wid="17">may</w>
  <w id="18" lemma="|adhere|" pos="VB" wid="18">adhere</w>
  <w id="19" lemma="|trustingly|" pos="RB" wid="19">trustingly</w>
  <w id="20" lemma="|to|" pos="TO" wid="20">to</w>
  <w id="21" lemma="|the|" pos="DT" wid="21">the</w>
  <w id="22" lemma="|beauty|" pos="NN" wid="22">beauty</w>
  <w id="23" lemma="|of|" pos="IN" wid="23">of</w>
  <w id="24" lemma="|God|" pos="NNP" wid="24">God</w>
  <w id="25" lemma="|'s|" pos="POS" wid="25">'s</w>
  <w id="26" lemma="|plan|" pos="NN" wid="26">plan</w>
  <w id="27" lemma="|and|" pos="CC" wid="27">and</w>
  <w id="28" lemma="|to|" pos="TO" wid="28">to</w>
  <w id="29" lemma="|the|" pos="DT" wid="29">the</w>
  <w id="30" lemma="|providence|" pos="NN" wid="30">providence</w>
  <w id="31" lemma="|that|" pos="IN" wid="31">that</w>
  <w id="32" lemma="|he|" pos="PRP" wid="32">he</w>
  <w id="33" lemma="|have|" pos="VBZ" wid="33">has</w>
  <w id="34" lemma="|assign|" pos="VBN" wid="34">assigned</w>
  <w id="35" lemma="|to|" pos="TO" wid="35">to</w>
  <w id="36" lemma="|we|" pos="PRP" wid="36">us</w>
  <w id="37" lemma="|in|" pos="IN" wid="37">in</w>
  <w id="38" lemma="|he|" pos="PRP$" wid="38">his</w>
  <w id="39" lemma="|grace|" pos="NN" wid="39">grace</w>
  <w id="40" lemma="|.|" pos="." wid="40">.</w>
</sentence>
<sentence id="13">
  <w id="0" lemma="|then|" pos="RB" wid="0">Then</w>
  <w id="1" lemma="|God|" pos="NNP" wid="1">God</w>
  <w id="2" lemma="|'s|" pos="POS" wid="2">'s</w>
  <w id="3" lemma="|love|" pos="NN" wid="3">love</w>
  <w id="4" lemma="|will|" pos="MD" wid="4">will</w>
  <w id="5" lemma="|also|" pos="RB" wid="5">also</w>
  <w id="6" lemma="|,|" pos="," wid="6">,</w>
  <w id="7" lemma="|as|" pos="IN" wid="7">as</w>
  <w id="8" lemma="|it|" pos="PRP" wid="8">it</w>
  <w id="9" lemma="|be|" pos="VBD" wid="9">were</w>
  <w id="10" lemma="|,|" pos="," wid="10">,</w>
  <w id="11" lemma="|take|" pos="VB" wid="11">take</w>
  <w id="12" lemma="|flesh|" pos="NN" wid="12">flesh</w>
  <w id="13" lemma="|in|" pos="IN" wid="13">in</w>
  <w id="14" lemma="|we|" pos="PRP$" wid="14">our</w>
  <w id="15" lemma="|life|" pos="NNS" wid="15">lives</w>
  <w id="16" lemma="|,|" pos="," wid="16">,</w>
  <w id="17" lemma="|become|" pos="VBG" wid="17">becoming</w>
  <w id="18" lemma="|ever|" pos="RB" wid="18">ever</w>
  <w id="19" lemma="|more|" pos="RBR" wid="19">more</w>
  <w id="20" lemma="|tangible|" pos="JJ" wid="20">tangible</w>
  <w id="21" lemma="|.|" pos="." wid="21">.</w>
</sentence>
<sentence id="14">
  <w id="0" lemma="|in|" pos="IN" wid="0">In</w>
  <w id="1" lemma="|all|" pos="DT" wid="1">all</w>
  <w id="2" lemma="|we|" pos="PRP$" wid="2">our</w>
  <w id="3" lemma="|care|" pos="VBZ" wid="3">cares</w>
  <w id="4" lemma="|we|" pos="PRP" wid="4">we</w>
  <w id="5" lemma="|need|" pos="MD" wid="5">need</w>
  <w id="6" lemma="|have|" pos="VB" wid="6">have</w>
  <w id="7" lemma="|no|" pos="DT" wid="7">no</w>
  <w id="8" lemma="|fear|" pos="NN" wid="8">fear</w>
  <w id="9" lemma="|.|" pos="." wid="9">.</w>
</sentence>
<sentence id="15">
  <w id="0" lemma="|God|" pos="NNP" wid="0">God</w>
  <w id="1" lemma="|be|" pos="VBZ" wid="1">is</w>
  <w id="2" lemma="|good|" pos="JJ" wid="2">good</w>
  <w id="3" lemma="|.|" pos="." wid="3">.</w>
</sentence>
<sentence id="16">
  <w id="0" lemma="|at|" pos="IN" wid="0">At</w>
  <w id="1" lemma="|the|" pos="DT" wid="1">the</w>
  <w id="2" lemma="|same|" pos="JJ" wid="2">same</w>
  <w id="3" lemma="|time|" pos="NN" wid="3">time</w>
  <w id="4" lemma="|we|" pos="PRP" wid="4">we</w>
  <w id="5" lemma="|know|" pos="VBP" wid="5">know</w>
  <w id="6" lemma="|that|" pos="IN" wid="6">that</w>
  <w id="7" lemma="|we|" pos="PRP" wid="7">we</w>
  <w id="8" lemma="|be|" pos="VBP" wid="8">are</w>
  <w id="9" lemma="|sustain|" pos="VBN" wid="9">sustained</w>
  <w id="10" lemma="|by|" pos="IN" wid="10">by</w>
  <w id="11" lemma="|the|" pos="DT" wid="11">the</w>
  <w id="12" lemma="|fellowship|" pos="NN" wid="12">fellowship</w>
  <w id="13" lemma="|of|" pos="IN" wid="13">of</w>
  <w id="14" lemma="|the|" pos="DT" wid="14">the</w>
  <w id="15" lemma="|many|" pos="JJ" wid="15">many</w>
  <w id="16" lemma="|believer|" pos="NNS" wid="16">believers</w>
  <w id="17" lemma="|who|" pos="WP" wid="17">who</w>
  <w id="18" lemma="|be|" pos="VBP" wid="18">are</w>
  <w id="19" lemma="|now|" pos="RB" wid="19">now</w>
  <w id="20" lemma="|pray|" pos="VBG" wid="20">praying</w>
  <w id="21" lemma="|the|" pos="DT" wid="21">the</w>
  <w id="22" lemma="|Angelus|" pos="NNPS" wid="22">Angelus</w>
  <w id="23" lemma="|with|" pos="IN" wid="23">with</w>
  <w id="24" lemma="|we|" pos="PRP" wid="24">us</w>
  <w id="25" lemma="|throughout|" pos="IN" wid="25">throughout</w>
  <w id="26" lemma="|the|" pos="DT" wid="26">the</w>
  <w id="27" lemma="|world|" pos="NN" wid="27">world</w>
  <w id="28" lemma="|,|" pos="," wid="28">,</w>
  <w id="29" lemma="|via|" pos="IN" wid="29">via</w>
  <w id="30" lemma="|radio|" pos="NN" wid="30">radio</w>
  <w id="31" lemma="|and|" pos="CC" wid="31">and</w>
  <w id="32" lemma="|television|" pos="NN" wid="32">television</w>
  <w id="33" lemma="|.|" pos="." wid="33">.</w>
</sentence>
</corpus>