<corpus id="0">
<sentence id="0">
  <w id="0" lemma="|Dear|" pos="NNP" wid="0">Dear</w>
  <w id="1" lemma="|Brothers|" pos="NNPS" wid="1">Brothers</w>
  <w id="2" lemma="|and|" pos="CC" wid="2">and</w>
  <w id="3" lemma="|sister|" pos="NNS" wid="3">Sisters</w>
  <w id="4" lemma="|,|" pos="," wid="4">,</w>
  <w id="5" lemma="|I|" pos="PRP" wid="5">I</w>
  <w id="6" lemma="|return|" pos="VBD" wid="6">returned</w>
  <w id="7" lemma="|from|" pos="IN" wid="7">from</w>
  <w id="8" lemma="|the|" pos="DT" wid="8">the</w>
  <w id="9" lemma="|Holy|" pos="NNP" wid="9">Holy</w>
  <w id="10" lemma="|Land|" pos="NNP" wid="10">Land</w>
  <w id="11" lemma="|the|" pos="DT" wid="11">the</w>
  <w id="12" lemma="|day|" pos="NN" wid="12">day</w>
  <w id="13" lemma="|before|" pos="IN" wid="13">before</w>
  <w id="14" lemma="|yesterday|" pos="NN" wid="14">yesterday</w>
  <w id="15" lemma="|.|" pos="." wid="15">.</w>
</sentence>
<sentence id="1">
  <w id="0" lemma="|I|" pos="PRP" wid="0">I</w>
  <w id="1" lemma="|have|" pos="VBP" wid="1">have</w>
  <w id="2" lemma="|in|" pos="IN" wid="2">in</w>
  <w id="3" lemma="|mind|" pos="NN" wid="3">mind</w>
  <w id="4" lemma="|to|" pos="TO" wid="4">to</w>
  <w id="5" lemma="|talk|" pos="VB" wid="5">talk</w>
  <w id="6" lemma="|to|" pos="TO" wid="6">to</w>
  <w id="7" lemma="|you|" pos="PRP" wid="7">you</w>
  <w id="8" lemma="|about|" pos="IN" wid="8">about</w>
  <w id="9" lemma="|this|" pos="DT" wid="9">this</w>
  <w id="10" lemma="|pilgrimage|" pos="NN" wid="10">Pilgrimage</w>
  <w id="11" lemma="|more|" pos="RBR" wid="11">more</w>
  <w id="12" lemma="|fully|" pos="RB" wid="12">fully</w>
  <w id="13" lemma="|next|" pos="JJ" wid="13">next</w>
  <w id="14" lemma="|Wednesday|" pos="NNP" wid="14">Wednesday</w>
  <w id="15" lemma="|,|" pos="," wid="15">,</w>
  <w id="16" lemma="|at|" pos="IN" wid="16">at</w>
  <w id="17" lemma="|the|" pos="DT" wid="17">the</w>
  <w id="18" lemma="|General|" pos="NNP" wid="18">General</w>
  <w id="19" lemma="|Audience|" pos="NNP" wid="19">Audience</w>
  <w id="20" lemma="|.|" pos="." wid="20">.</w>
</sentence>
<sentence id="2">
  <w id="0" lemma="|here|" pos="RB" wid="0">Here</w>
  <w id="1" lemma="|I|" pos="PRP" wid="1">I</w>
  <w id="2" lemma="|would|" pos="MD" wid="2">would</w>
  <w id="3" lemma="|like|" pos="VB" wid="3">like</w>
  <w id="4" lemma="|above|" pos="IN" wid="4">above</w>
  <w id="5" lemma="|all|" pos="DT" wid="5">all</w>
  <w id="6" lemma="|to|" pos="TO" wid="6">to</w>
  <w id="7" lemma="|thank|" pos="VB" wid="7">thank</w>
  <w id="8" lemma="|the|" pos="DT" wid="8">the</w>
  <w id="9" lemma="|Lord|" pos="NNP" wid="9">Lord</w>
  <w id="10" lemma="|who|" pos="WP" wid="10">who</w>
  <w id="11" lemma="|grant|" pos="VBD" wid="11">granted</w>
  <w id="12" lemma="|I|" pos="PRP" wid="12">me</w>
  <w id="13" lemma="|to|" pos="TO" wid="13">to</w>
  <w id="14" lemma="|complete|" pos="VB" wid="14">complete</w>
  <w id="15" lemma="|this|" pos="DT" wid="15">this</w>
  <w id="16" lemma="|most|" pos="RBS" wid="16">most</w>
  <w id="17" lemma="|important|" pos="JJ" wid="17">important</w>
  <w id="18" lemma="|apostolic|" pos="JJ" wid="18">Apostolic</w>
  <w id="19" lemma="|journey|" pos="NN" wid="19">Journey</w>
  <w id="20" lemma="|.|" pos="." wid="20">.</w>
</sentence>
<sentence id="3">
  <w id="0" lemma="|I|" pos="PRP" wid="0">I</w>
  <w id="1" lemma="|also|" pos="RB" wid="1">also</w>
  <w id="2" lemma="|thank|" pos="VBP" wid="2">thank</w>
  <w id="3" lemma="|all|" pos="DT" wid="3">all</w>
  <w id="4" lemma="|those|" pos="DT" wid="4">those</w>
  <w id="5" lemma="|who|" pos="WP" wid="5">who</w>
  <w id="6" lemma="|offer|" pos="VBD" wid="6">offered</w>
  <w id="7" lemma="|they|" pos="PRP$" wid="7">their</w>
  <w id="8" lemma="|collaboration|" pos="NN" wid="8">collaboration</w>
  <w id="9" lemma="|:|" pos=":" wid="9">:</w>
  <w id="10" lemma="|the|" pos="DT" wid="10">the</w>
  <w id="11" lemma="|Latin|" pos="NNP" wid="11">Latin</w>
  <w id="12" lemma="|Patriarch|" pos="NNP" wid="12">Patriarch</w>
  <w id="13" lemma="|and|" pos="CC" wid="13">and</w>
  <w id="14" lemma="|the|" pos="DT" wid="14">the</w>
  <w id="15" lemma="|bishop|" pos="NNS" wid="15">Bishops</w>
  <w id="16" lemma="|of|" pos="IN" wid="16">of</w>
  <w id="17" lemma="|the|" pos="DT" wid="17">the</w>
  <w id="18" lemma="|Church|" pos="NNP" wid="18">Church</w>
  <w id="19" lemma="|in|" pos="IN" wid="19">in</w>
  <w id="20" lemma="|Jordan|" pos="NNP" wid="20">Jordan</w>
  <w id="21" lemma="|,|" pos="," wid="21">,</w>
  <w id="22" lemma="|in|" pos="IN" wid="22">in</w>
  <w id="23" lemma="|Israel|" pos="NNP" wid="23">Israel</w>
  <w id="24" lemma="|and|" pos="CC" wid="24">and</w>
  <w id="25" lemma="|in|" pos="IN" wid="25">in</w>
  <w id="26" lemma="|the|" pos="DT" wid="26">the</w>
  <w id="27" lemma="|Palestinian|" pos="NNP" wid="27">Palestinian</w>
  <w id="28" lemma="|Territories|" pos="NNPS" wid="28">Territories</w>
  <w id="29" lemma="|,|" pos="," wid="29">,</w>
  <w id="30" lemma="|the|" pos="DT" wid="30">the</w>
  <w id="31" lemma="|franciscan|" pos="NNS" wid="31">Franciscans</w>
  <w id="32" lemma="|of|" pos="IN" wid="32">of</w>
  <w id="33" lemma="|the|" pos="DT" wid="33">the</w>
  <w id="34" lemma="|custody|" pos="NN" wid="34">Custody</w>
  <w id="35" lemma="|of|" pos="IN" wid="35">of</w>
  <w id="36" lemma="|the|" pos="DT" wid="36">the</w>
  <w id="37" lemma="|Holy|" pos="NNP" wid="37">Holy</w>
  <w id="38" lemma="|Land|" pos="NNP" wid="38">Land</w>
  <w id="39" lemma="|,|" pos="," wid="39">,</w>
  <w id="40" lemma="|the|" pos="DT" wid="40">the</w>
  <w id="41" lemma="|civil|" pos="JJ" wid="41">civil</w>
  <w id="42" lemma="|authority|" pos="NNS" wid="42">authorities</w>
  <w id="43" lemma="|of|" pos="IN" wid="43">of</w>
  <w id="44" lemma="|Jordan|" pos="NNP" wid="44">Jordan</w>
  <w id="45" lemma="|,|" pos="," wid="45">,</w>
  <w id="46" lemma="|Israel|" pos="NNP" wid="46">Israel</w>
  <w id="47" lemma="|and|" pos="CC" wid="47">and</w>
  <w id="48" lemma="|the|" pos="DT" wid="48">the</w>
  <w id="49" lemma="|Palestinian|" pos="NNP" wid="49">Palestinian</w>
  <w id="50" lemma="|Territories|" pos="NNPS" wid="50">Territories</w>
  <w id="51" lemma="|,|" pos="," wid="51">,</w>
  <w id="52" lemma="|the|" pos="DT" wid="52">the</w>
  <w id="53" lemma="|organizer|" pos="NNS" wid="53">organizers</w>
  <w id="54" lemma="|and|" pos="CC" wid="54">and</w>
  <w id="55" lemma="|the|" pos="DT" wid="55">the</w>
  <w id="56" lemma="|police|" pos="NN" wid="56">police</w>
  <w id="57" lemma="|force|" pos="NNS" wid="57">forces</w>
  <w id="58" lemma="|.|" pos="." wid="58">.</w>
</sentence>
<sentence id="4">
  <w id="0" lemma="|I|" pos="PRP" wid="0">I</w>
  <w id="1" lemma="|thank|" pos="VBP" wid="1">thank</w>
  <w id="2" lemma="|the|" pos="DT" wid="2">the</w>
  <w id="3" lemma="|priest|" pos="NNS" wid="3">priests</w>
  <w id="4" lemma="|,|" pos="," wid="4">,</w>
  <w id="5" lemma="|religious|" pos="JJ" wid="5">religious</w>
  <w id="6" lemma="|and|" pos="CC" wid="6">and</w>
  <w id="7" lemma="|faithful|" pos="NN" wid="7">faithful</w>
  <w id="8" lemma="|who|" pos="WP" wid="8">who</w>
  <w id="9" lemma="|welcome|" pos="VBD" wid="9">welcomed</w>
  <w id="10" lemma="|I|" pos="PRP" wid="10">me</w>
  <w id="11" lemma="|with|" pos="IN" wid="11">with</w>
  <w id="12" lemma="|such|" pos="JJ" wid="12">such</w>
  <w id="13" lemma="|great|" pos="JJ" wid="13">great</w>
  <w id="14" lemma="|affection|" pos="NN" wid="14">affection</w>
  <w id="15" lemma="|and|" pos="CC" wid="15">and</w>
  <w id="16" lemma="|all|" pos="DT" wid="16">all</w>
  <w id="17" lemma="|who|" pos="WP" wid="17">who</w>
  <w id="18" lemma="|accompany|" pos="VBD" wid="18">accompanied</w>
  <w id="19" lemma="|I|" pos="PRP" wid="19">me</w>
  <w id="20" lemma="|and|" pos="CC" wid="20">and</w>
  <w id="21" lemma="|support|" pos="VBD" wid="21">supported</w>
  <w id="22" lemma="|I|" pos="PRP" wid="22">me</w>
  <w id="23" lemma="|with|" pos="IN" wid="23">with</w>
  <w id="24" lemma="|they|" pos="PRP$" wid="24">their</w>
  <w id="25" lemma="|prayer|" pos="NNS" wid="25">prayers</w>
  <w id="26" lemma="|.|" pos="." wid="26">.</w>
</sentence>
<sentence id="5">
  <w id="0" lemma="|a|" pos="DT" wid="0">A</w>
  <w id="1" lemma="|wholehearted|" pos="JJ" wid="1">wholehearted</w>
  <w id="2" lemma="|thank|" pos="VB" wid="2">thank</w>
  <w id="3" lemma="|you|" pos="PRP" wid="3">you</w>
  <w id="4" lemma="|to|" pos="TO" wid="4">to</w>
  <w id="5" lemma="|everyone|" pos="NN" wid="5">everyone</w>
  <w id="6" lemma="|!|" pos="." wid="6">!</w>
</sentence>
<sentence id="6">
  <w id="0" lemma="|this|" pos="DT" wid="0">This</w>
  <w id="1" lemma="|pilgrimage|" pos="NN" wid="1">Pilgrimage</w>
  <w id="2" lemma="|to|" pos="TO" wid="2">to</w>
  <w id="3" lemma="|the|" pos="DT" wid="3">the</w>
  <w id="4" lemma="|Holy|" pos="NNP" wid="4">Holy</w>
  <w id="5" lemma="|Places|" pos="NNPS" wid="5">Places</w>
  <w id="6" lemma="|be|" pos="VBD" wid="6">was</w>
  <w id="7" lemma="|also|" pos="RB" wid="7">also</w>
  <w id="8" lemma="|a|" pos="DT" wid="8">a</w>
  <w id="9" lemma="|pastoral|" pos="JJ" wid="9">Pastoral</w>
  <w id="10" lemma="|visit|" pos="NN" wid="10">Visit</w>
  <w id="11" lemma="|to|" pos="TO" wid="11">to</w>
  <w id="12" lemma="|the|" pos="DT" wid="12">the</w>
  <w id="13" lemma="|faithful|" pos="NN" wid="13">faithful</w>
  <w id="14" lemma="|who|" pos="WP" wid="14">who</w>
  <w id="15" lemma="|live|" pos="VBP" wid="15">live</w>
  <w id="16" lemma="|there|" pos="RB" wid="16">there</w>
  <w id="17" lemma="|,|" pos="," wid="17">,</w>
  <w id="18" lemma="|a|" pos="DT" wid="18">a</w>
  <w id="19" lemma="|service|" pos="NN" wid="19">service</w>
  <w id="20" lemma="|to|" pos="TO" wid="20">to</w>
  <w id="21" lemma="|Christian|" pos="NNP" wid="21">Christian</w>
  <w id="22" lemma="|unity|" pos="NN" wid="22">unity</w>
  <w id="23" lemma="|,|" pos="," wid="23">,</w>
  <w id="24" lemma="|to|" pos="TO" wid="24">to</w>
  <w id="25" lemma="|dialogue|" pos="NN" wid="25">dialogue</w>
  <w id="26" lemma="|with|" pos="IN" wid="26">with</w>
  <w id="27" lemma="|Jews|" pos="NNPS" wid="27">Jews</w>
  <w id="28" lemma="|and|" pos="CC" wid="28">and</w>
  <w id="29" lemma="|Muslims|" pos="NNPS" wid="29">Muslims</w>
  <w id="30" lemma="|and|" pos="CC" wid="30">and</w>
  <w id="31" lemma="|to|" pos="TO" wid="31">to</w>
  <w id="32" lemma="|building|" pos="NN" wid="32">building</w>
  <w id="33" lemma="|peace|" pos="NN" wid="33">peace</w>
  <w id="34" lemma="|.|" pos="." wid="34">.</w>
</sentence>
<sentence id="7">
  <w id="0" lemma="|the|" pos="DT" wid="0">The</w>
  <w id="1" lemma="|Holy|" pos="NNP" wid="1">Holy</w>
  <w id="2" lemma="|Land|" pos="NNP" wid="2">Land</w>
  <w id="3" lemma="|,|" pos="," wid="3">,</w>
  <w id="4" lemma="|a|" pos="DT" wid="4">a</w>
  <w id="5" lemma="|symbol|" pos="NN" wid="5">symbol</w>
  <w id="6" lemma="|of|" pos="IN" wid="6">of</w>
  <w id="7" lemma="|God|" pos="NNP" wid="7">God</w>
  <w id="8" lemma="|'s|" pos="POS" wid="8">'s</w>
  <w id="9" lemma="|love|" pos="NN" wid="9">love</w>
  <w id="10" lemma="|for|" pos="IN" wid="10">for</w>
  <w id="11" lemma="|he|" pos="PRP$" wid="11">his</w>
  <w id="12" lemma="|People|" pos="NNP" wid="12">People</w>
  <w id="13" lemma="|and|" pos="CC" wid="13">and</w>
  <w id="14" lemma="|for|" pos="IN" wid="14">for</w>
  <w id="15" lemma="|all|" pos="DT" wid="15">all</w>
  <w id="16" lemma="|humanity|" pos="NN" wid="16">humanity</w>
  <w id="17" lemma="|,|" pos="," wid="17">,</w>
  <w id="18" lemma="|be|" pos="VBZ" wid="18">is</w>
  <w id="19" lemma="|also|" pos="RB" wid="19">also</w>
  <w id="20" lemma="|a|" pos="DT" wid="20">a</w>
  <w id="21" lemma="|symbol|" pos="NN" wid="21">symbol</w>
  <w id="22" lemma="|of|" pos="IN" wid="22">of</w>
  <w id="23" lemma="|the|" pos="DT" wid="23">the</w>
  <w id="24" lemma="|freedom|" pos="NN" wid="24">freedom</w>
  <w id="25" lemma="|and|" pos="CC" wid="25">and</w>
  <w id="26" lemma="|peace|" pos="NN" wid="26">peace</w>
  <w id="27" lemma="|that|" pos="IN" wid="27">that</w>
  <w id="28" lemma="|God|" pos="NNP" wid="28">God</w>
  <w id="29" lemma="|want|" pos="VBZ" wid="29">wants</w>
  <w id="30" lemma="|for|" pos="IN" wid="30">for</w>
  <w id="31" lemma="|all|" pos="PDT" wid="31">all</w>
  <w id="32" lemma="|he|" pos="PRP$" wid="32">his</w>
  <w id="33" lemma="|child|" pos="NNS" wid="33">children</w>
  <w id="34" lemma="|.|" pos="." wid="34">.</w>
</sentence>
<sentence id="8">
  <w id="0" lemma="|yet|" pos="CC" wid="0">Yet</w>
  <w id="1" lemma="|recent|" pos="JJ" wid="1">recent</w>
  <w id="2" lemma="|and|" pos="CC" wid="2">and</w>
  <w id="3" lemma="|past|" pos="JJ" wid="3">past</w>
  <w id="4" lemma="|history|" pos="NN" wid="4">history</w>
  <w id="5" lemma="|show|" pos="VBZ" wid="5">shows</w>
  <w id="6" lemma="|de|" pos="FW" wid="6">de</w>
  <w id="7" lemma="|facto|" pos="FW" wid="7">facto</w>
  <w id="8" lemma="|that|" pos="IN" wid="8">that</w>
  <w id="9" lemma="|this|" pos="DT" wid="9">this</w>
  <w id="10" lemma="|very|" pos="RB" wid="10">very</w>
  <w id="11" lemma="|Land|" pos="NNP" wid="11">Land</w>
  <w id="12" lemma="|have|" pos="VBZ" wid="12">has</w>
  <w id="13" lemma="|also|" pos="RB" wid="13">also</w>
  <w id="14" lemma="|become|" pos="VBN" wid="14">become</w>
  <w id="15" lemma="|a|" pos="DT" wid="15">a</w>
  <w id="16" lemma="|symbol|" pos="NN" wid="16">symbol</w>
  <w id="17" lemma="|of|" pos="IN" wid="17">of</w>
  <w id="18" lemma="|contradiction|" pos="NN" wid="18">contradiction</w>
  <w id="19" lemma="|,|" pos="," wid="19">,</w>
  <w id="20" lemma="|in|" pos="IN" wid="20">in</w>
  <w id="21" lemma="|other|" pos="JJ" wid="21">other</w>
  <w id="22" lemma="|word|" pos="NNS" wid="22">words</w>
  <w id="23" lemma="|of|" pos="IN" wid="23">of</w>
  <w id="24" lemma="|never-ending|" pos="JJ" wid="24">never-ending</w>
  <w id="25" lemma="|division|" pos="NN" wid="25">division</w>
  <w id="26" lemma="|and|" pos="CC" wid="26">and</w>
  <w id="27" lemma="|conflict|" pos="NN" wid="27">conflict</w>
  <w id="28" lemma="|among|" pos="IN" wid="28">among</w>
  <w id="29" lemma="|brother|" pos="NNS" wid="29">brothers</w>
  <w id="30" lemma="|and|" pos="CC" wid="30">and</w>
  <w id="31" lemma="|sister|" pos="NNS" wid="31">sisters</w>
  <w id="32" lemma="|.|" pos="." wid="32">.</w>
</sentence>
<sentence id="9">
  <w id="0" lemma="|how|" pos="WRB" wid="0">How</w>
  <w id="1" lemma="|can|" pos="MD" wid="1">can</w>
  <w id="2" lemma="|this|" pos="DT" wid="2">this</w>
  <w id="3" lemma="|be|" pos="VB" wid="3">be</w>
  <w id="4" lemma="|?|" pos="." wid="4">?</w>
</sentence>
<sentence id="10">
  <w id="0" lemma="|it|" pos="PRP" wid="0">It</w>
  <w id="1" lemma="|be|" pos="VBZ" wid="1">is</w>
  <w id="2" lemma="|right|" pos="JJ" wid="2">right</w>
  <w id="3" lemma="|that|" pos="IN" wid="3">that</w>
  <w id="4" lemma="|this|" pos="DT" wid="4">this</w>
  <w id="5" lemma="|question|" pos="NN" wid="5">question</w>
  <w id="6" lemma="|should|" pos="MD" wid="6">should</w>
  <w id="7" lemma="|challenge|" pos="VB" wid="7">challenge</w>
  <w id="8" lemma="|we|" pos="PRP$" wid="8">our</w>
  <w id="9" lemma="|heart|" pos="NNS" wid="9">hearts</w>
  <w id="10" lemma="|although|" pos="IN" wid="10">although</w>
  <w id="11" lemma="|we|" pos="PRP" wid="11">we</w>
  <w id="12" lemma="|know|" pos="VBP" wid="12">know</w>
  <w id="13" lemma="|that|" pos="IN" wid="13">that</w>
  <w id="14" lemma="|a|" pos="DT" wid="14">a</w>
  <w id="15" lemma="|mysterious|" pos="JJ" wid="15">mysterious</w>
  <w id="16" lemma="|design|" pos="NN" wid="16">design</w>
  <w id="17" lemma="|of|" pos="IN" wid="17">of</w>
  <w id="18" lemma="|God|" pos="NNP" wid="18">God</w>
  <w id="19" lemma="|concern|" pos="NNS" wid="19">concerns</w>
  <w id="20" lemma="|that|" pos="IN" wid="20">that</w>
  <w id="21" lemma="|Land|" pos="NNP" wid="21">Land</w>
  <w id="22" lemma="|where|" pos="WRB" wid="22">where</w>
  <w id="23" lemma="|as|" pos="IN" wid="23">as</w>
  <w id="24" lemma="|St|" pos="NNP" wid="24">St</w>
  <w id="25" lemma="|John|" pos="NNP" wid="25">John</w>
  <w id="26" lemma="|write|" pos="VBZ" wid="26">writes</w>
  <w id="27" lemma="|he|" pos="PRP" wid="27">he</w>
  <w id="28" lemma="|``|" pos="``" wid="28">``</w>
  <w id="29" lemma="|send|" pos="VBD" wid="29">sent</w>
  <w id="30" lemma="|he|" pos="PRP$" wid="30">his</w>
  <w id="31" lemma="|Son|" pos="NNP" wid="31">Son</w>
  <w id="32" lemma="|to|" pos="TO" wid="32">to</w>
  <w id="33" lemma="|be|" pos="VB" wid="33">be</w>
  <w id="34" lemma="|the|" pos="DT" wid="34">the</w>
  <w id="35" lemma="|expiation|" pos="NN" wid="35">expiation</w>
  <w id="36" lemma="|for|" pos="IN" wid="36">for</w>
  <w id="37" lemma="|we|" pos="PRP$" wid="37">our</w>
  <w id="38" lemma="|sin|" pos="NNS" wid="38">sins</w>
  <w id="39" lemma="|''|" pos="''" wid="39">''</w>
  <w id="40" lemma="|-lrb-|" pos="-LRB-" wid="40">-LRB-</w>
  <w id="41" lemma="|1|" pos="CD" wid="41">1</w>
  <w id="42" lemma="|jn|" pos="NN" wid="42">Jn</w>
  <w id="43" lemma="|4|" pos="CD" wid="43">4</w>
  <w id="44" lemma="|:|" pos=":" wid="44">:</w>
  <w id="45" lemma="|10|" pos="CD" wid="45">10</w>
  <w id="46" lemma="|-rrb-|" pos="-RRB-" wid="46">-RRB-</w>
  <w id="47" lemma="|.|" pos="." wid="47">.</w>
</sentence>
<sentence id="11">
  <w id="0" lemma="|the|" pos="DT" wid="0">The</w>
  <w id="1" lemma="|Holy|" pos="NNP" wid="1">Holy</w>
  <w id="2" lemma="|Land|" pos="NNP" wid="2">Land</w>
  <w id="3" lemma="|have|" pos="VBZ" wid="3">has</w>
  <w id="4" lemma="|be|" pos="VBN" wid="4">been</w>
  <w id="5" lemma="|call|" pos="VBN" wid="5">called</w>
  <w id="6" lemma="|a|" pos="DT" wid="6">a</w>
  <w id="7" lemma="|``|" pos="``" wid="7">``</w>
  <w id="8" lemma="|fifth|" pos="JJ" wid="8">fifth</w>
  <w id="9" lemma="|gospel|" pos="NN" wid="9">Gospel</w>
  <w id="10" lemma="|''|" pos="''" wid="10">''</w>
  <w id="11" lemma="|because|" pos="IN" wid="11">because</w>
  <w id="12" lemma="|in|" pos="IN" wid="12">in</w>
  <w id="13" lemma="|it|" pos="PRP" wid="13">it</w>
  <w id="14" lemma="|we|" pos="PRP" wid="14">we</w>
  <w id="15" lemma="|can|" pos="MD" wid="15">can</w>
  <w id="16" lemma="|see|" pos="VB" wid="16">see</w>
  <w id="17" lemma="|,|" pos="," wid="17">,</w>
  <w id="18" lemma="|indeed|" pos="RB" wid="18">indeed</w>
  <w id="19" lemma="|,|" pos="," wid="19">,</w>
  <w id="20" lemma="|tangibly|" pos="RB" wid="20">tangibly</w>
  <w id="21" lemma="|feel|" pos="VBP" wid="21">feel</w>
  <w id="22" lemma="|the|" pos="DT" wid="22">the</w>
  <w id="23" lemma="|reality|" pos="NN" wid="23">reality</w>
  <w id="24" lemma="|of|" pos="IN" wid="24">of</w>
  <w id="25" lemma="|the|" pos="DT" wid="25">the</w>
  <w id="26" lemma="|history|" pos="NN" wid="26">history</w>
  <w id="27" lemma="|that|" pos="IN" wid="27">that</w>
  <w id="28" lemma="|God|" pos="NNP" wid="28">God</w>
  <w id="29" lemma="|bring|" pos="VBD" wid="29">brought</w>
  <w id="30" lemma="|about|" pos="RP" wid="30">about</w>
  <w id="31" lemma="|with|" pos="IN" wid="31">with</w>
  <w id="32" lemma="|man|" pos="NNS" wid="32">men</w>
  <w id="33" lemma="|and|" pos="CC" wid="33">and</w>
  <w id="34" lemma="|woman|" pos="NNS" wid="34">women</w>
  <w id="35" lemma="|;|" pos=":" wid="35">;</w>
  <w id="36" lemma="|begin|" pos="VBG" wid="36">beginning</w>
  <w id="37" lemma="|with|" pos="IN" wid="37">with</w>
  <w id="38" lemma="|the|" pos="DT" wid="38">the</w>
  <w id="39" lemma="|place|" pos="NNS" wid="39">places</w>
  <w id="40" lemma="|of|" pos="IN" wid="40">of</w>
  <w id="41" lemma="|Abraham|" pos="NNP" wid="41">Abraham</w>
  <w id="42" lemma="|'s|" pos="POS" wid="42">'s</w>
  <w id="43" lemma="|life|" pos="NN" wid="43">life</w>
  <w id="44" lemma="|and|" pos="CC" wid="44">and</w>
  <w id="45" lemma="|include|" pos="VBG" wid="45">including</w>
  <w id="46" lemma="|the|" pos="DT" wid="46">the</w>
  <w id="47" lemma="|place|" pos="NNS" wid="47">places</w>
  <w id="48" lemma="|of|" pos="IN" wid="48">of</w>
  <w id="49" lemma="|Jesus|" pos="NNP" wid="49">Jesus</w>
  <w id="50" lemma="|'|" pos="POS" wid="50">'</w>
  <w id="51" lemma="|life|" pos="NN" wid="51">life</w>
  <w id="52" lemma="|,|" pos="," wid="52">,</w>
  <w id="53" lemma="|from|" pos="IN" wid="53">from</w>
  <w id="54" lemma="|the|" pos="DT" wid="54">the</w>
  <w id="55" lemma="|Incarnation|" pos="NNP" wid="55">Incarnation</w>
  <w id="56" lemma="|to|" pos="TO" wid="56">to</w>
  <w id="57" lemma="|the|" pos="DT" wid="57">the</w>
  <w id="58" lemma="|empty|" pos="JJ" wid="58">empty</w>
  <w id="59" lemma="|tomb|" pos="NN" wid="59">tomb</w>
  <w id="60" lemma="|,|" pos="," wid="60">,</w>
  <w id="61" lemma="|the|" pos="DT" wid="61">the</w>
  <w id="62" lemma="|sign|" pos="NN" wid="62">sign</w>
  <w id="63" lemma="|of|" pos="IN" wid="63">of</w>
  <w id="64" lemma="|he|" pos="PRP$" wid="64">his</w>
  <w id="65" lemma="|resurrection|" pos="NN" wid="65">Resurrection</w>
  <w id="66" lemma="|.|" pos="." wid="66">.</w>
</sentence>
<sentence id="12">
  <w id="0" lemma="|Yes|" pos="NNP" wid="0">Yes</w>
  <w id="1" lemma="|,|" pos="," wid="1">,</w>
  <w id="2" lemma="|God|" pos="NNP" wid="2">God</w>
  <w id="3" lemma="|enter|" pos="VBD" wid="3">entered</w>
  <w id="4" lemma="|this|" pos="DT" wid="4">this</w>
  <w id="5" lemma="|land|" pos="NN" wid="5">land</w>
  <w id="6" lemma="|,|" pos="," wid="6">,</w>
  <w id="7" lemma="|he|" pos="PRP" wid="7">he</w>
  <w id="8" lemma="|act|" pos="VBD" wid="8">acted</w>
  <w id="9" lemma="|with|" pos="IN" wid="9">with</w>
  <w id="10" lemma="|we|" pos="PRP" wid="10">us</w>
  <w id="11" lemma="|in|" pos="IN" wid="11">in</w>
  <w id="12" lemma="|this|" pos="DT" wid="12">this</w>
  <w id="13" lemma="|world|" pos="NN" wid="13">world</w>
  <w id="14" lemma="|.|" pos="." wid="14">.</w>
</sentence>
<sentence id="13">
  <w id="0" lemma="|but|" pos="CC" wid="0">But</w>
  <w id="1" lemma="|here|" pos="RB" wid="1">here</w>
  <w id="2" lemma="|we|" pos="PRP" wid="2">we</w>
  <w id="3" lemma="|can|" pos="MD" wid="3">can</w>
  <w id="4" lemma="|say|" pos="VB" wid="4">say</w>
  <w id="5" lemma="|even|" pos="RB" wid="5">even</w>
  <w id="6" lemma="|more|" pos="RBR" wid="6">more</w>
  <w id="7" lemma="|:|" pos=":" wid="7">:</w>
  <w id="8" lemma="|the|" pos="DT" wid="8">the</w>
  <w id="9" lemma="|Holy|" pos="NNP" wid="9">Holy</w>
  <w id="10" lemma="|Land|" pos="NNP" wid="10">Land</w>
  <w id="11" lemma="|,|" pos="," wid="11">,</w>
  <w id="12" lemma="|because|" pos="IN" wid="12">because</w>
  <w id="13" lemma="|of|" pos="IN" wid="13">of</w>
  <w id="14" lemma="|its|" pos="PRP$" wid="14">its</w>
  <w id="15" lemma="|history|" pos="NN" wid="15">history</w>
  <w id="16" lemma="|,|" pos="," wid="16">,</w>
  <w id="17" lemma="|may|" pos="MD" wid="17">may</w>
  <w id="18" lemma="|be|" pos="VB" wid="18">be</w>
  <w id="19" lemma="|consider|" pos="VBN" wid="19">considered</w>
  <w id="20" lemma="|a|" pos="DT" wid="20">a</w>
  <w id="21" lemma="|microcosm|" pos="NN" wid="21">microcosm</w>
  <w id="22" lemma="|that|" pos="WDT" wid="22">that</w>
  <w id="23" lemma="|sum|" pos="VBZ" wid="23">sums</w>
  <w id="24" lemma="|up|" pos="RP" wid="24">up</w>
  <w id="25" lemma="|in|" pos="IN" wid="25">in</w>
  <w id="26" lemma="|itself|" pos="PRP" wid="26">itself</w>
  <w id="27" lemma="|God|" pos="NNP" wid="27">God</w>
  <w id="28" lemma="|'s|" pos="POS" wid="28">'s</w>
  <w id="29" lemma="|arduous|" pos="JJ" wid="29">arduous</w>
  <w id="30" lemma="|journey|" pos="NN" wid="30">journey</w>
  <w id="31" lemma="|with|" pos="IN" wid="31">with</w>
  <w id="32" lemma="|humanity|" pos="NN" wid="32">humanity</w>
  <w id="33" lemma="|.|" pos="." wid="33">.</w>
</sentence>
<sentence id="14">
  <w id="0" lemma="|it|" pos="PRP" wid="0">It</w>
  <w id="1" lemma="|be|" pos="VBZ" wid="1">is</w>
  <w id="2" lemma="|a|" pos="DT" wid="2">a</w>
  <w id="3" lemma="|journey|" pos="NN" wid="3">journey</w>
  <w id="4" lemma="|that|" pos="WDT" wid="4">that</w>
  <w id="5" lemma="|imply|" pos="VBZ" wid="5">implies</w>
  <w id="6" lemma="|together|" pos="RB" wid="6">together</w>
  <w id="7" lemma="|with|" pos="IN" wid="7">with</w>
  <w id="8" lemma="|sin|" pos="NN" wid="8">sin</w>
  <w id="9" lemma="|also|" pos="RB" wid="9">also</w>
  <w id="10" lemma="|the|" pos="DT" wid="10">the</w>
  <w id="11" lemma="|Cross|" pos="NNP" wid="11">Cross</w>
  <w id="12" lemma="|.|" pos="." wid="12">.</w>
</sentence>
<sentence id="15">
  <w id="0" lemma="|yet|" pos="RB" wid="0">Yet</w>
  <w id="1" lemma="|,|" pos="," wid="1">,</w>
  <w id="2" lemma="|with|" pos="IN" wid="2">with</w>
  <w id="3" lemma="|the|" pos="DT" wid="3">the</w>
  <w id="4" lemma="|abundance|" pos="NN" wid="4">abundance</w>
  <w id="5" lemma="|of|" pos="IN" wid="5">of</w>
  <w id="6" lemma="|divine|" pos="JJ" wid="6">divine</w>
  <w id="7" lemma="|love|" pos="NN" wid="7">love</w>
  <w id="8" lemma="|there|" pos="EX" wid="8">there</w>
  <w id="9" lemma="|be|" pos="VBZ" wid="9">is</w>
  <w id="10" lemma="|also|" pos="RB" wid="10">also</w>
  <w id="11" lemma="|always|" pos="RB" wid="11">always</w>
  <w id="12" lemma="|the|" pos="DT" wid="12">the</w>
  <w id="13" lemma="|joy|" pos="NN" wid="13">joy</w>
  <w id="14" lemma="|of|" pos="IN" wid="14">of</w>
  <w id="15" lemma="|the|" pos="DT" wid="15">the</w>
  <w id="16" lemma="|Holy|" pos="NNP" wid="16">Holy</w>
  <w id="17" lemma="|Spirit|" pos="NNP" wid="17">Spirit</w>
  <w id="18" lemma="|,|" pos="," wid="18">,</w>
  <w id="19" lemma="|the|" pos="DT" wid="19">the</w>
  <w id="20" lemma="|resurrection|" pos="NN" wid="20">Resurrection</w>
  <w id="21" lemma="|that|" pos="WDT" wid="21">that</w>
  <w id="22" lemma="|have|" pos="VBZ" wid="22">has</w>
  <w id="23" lemma="|already|" pos="RB" wid="23">already</w>
  <w id="24" lemma="|begin|" pos="VBN" wid="24">begun</w>
  <w id="25" lemma="|and|" pos="CC" wid="25">and</w>
  <w id="26" lemma="|be|" pos="VBZ" wid="26">is</w>
  <w id="27" lemma="|a|" pos="DT" wid="27">a</w>
  <w id="28" lemma="|journey|" pos="NN" wid="28">journey</w>
  <w id="29" lemma="|through|" pos="IN" wid="29">through</w>
  <w id="30" lemma="|the|" pos="DT" wid="30">the</w>
  <w id="31" lemma="|valley|" pos="NNS" wid="31">valleys</w>
  <w id="32" lemma="|of|" pos="IN" wid="32">of</w>
  <w id="33" lemma="|we|" pos="PRP$" wid="33">our</w>
  <w id="34" lemma="|suffering|" pos="NN" wid="34">suffering</w>
  <w id="35" lemma="|towards|" pos="IN" wid="35">towards</w>
  <w id="36" lemma="|the|" pos="DT" wid="36">the</w>
  <w id="37" lemma="|Kingdom|" pos="NNP" wid="37">Kingdom</w>
  <w id="38" lemma="|of|" pos="IN" wid="38">of</w>
  <w id="39" lemma="|God|" pos="NNP" wid="39">God</w>
  <w id="40" lemma="|.|" pos="." wid="40">.</w>
</sentence>
<sentence id="16">
  <w id="0" lemma="|a|" pos="DT" wid="0">A</w>
  <w id="1" lemma="|Kingdom|" pos="NNP" wid="1">Kingdom</w>
  <w id="2" lemma="|that|" pos="WDT" wid="2">that</w>
  <w id="3" lemma="|be|" pos="VBZ" wid="3">is</w>
  <w id="4" lemma="|not|" pos="RB" wid="4">not</w>
  <w id="5" lemma="|of|" pos="IN" wid="5">of</w>
  <w id="6" lemma="|this|" pos="DT" wid="6">this</w>
  <w id="7" lemma="|world|" pos="NN" wid="7">world</w>
  <w id="8" lemma="|,|" pos="," wid="8">,</w>
  <w id="9" lemma="|but|" pos="CC" wid="9">but</w>
  <w id="10" lemma="|live|" pos="VBZ" wid="10">lives</w>
  <w id="11" lemma="|in|" pos="IN" wid="11">in</w>
  <w id="12" lemma="|this|" pos="DT" wid="12">this</w>
  <w id="13" lemma="|world|" pos="NN" wid="13">world</w>
  <w id="14" lemma="|and|" pos="CC" wid="14">and</w>
  <w id="15" lemma="|must|" pos="MD" wid="15">must</w>
  <w id="16" lemma="|penetrate|" pos="VB" wid="16">penetrate</w>
  <w id="17" lemma="|it|" pos="PRP" wid="17">it</w>
  <w id="18" lemma="|with|" pos="IN" wid="18">with</w>
  <w id="19" lemma="|he|" pos="PRP$" wid="19">his</w>
  <w id="20" lemma="|power|" pos="NN" wid="20">power</w>
  <w id="21" lemma="|of|" pos="IN" wid="21">of</w>
  <w id="22" lemma="|justice|" pos="NN" wid="22">justice</w>
  <w id="23" lemma="|and|" pos="CC" wid="23">and</w>
  <w id="24" lemma="|peace|" pos="NN" wid="24">peace</w>
  <w id="25" lemma="|.|" pos="." wid="25">.</w>
</sentence>
<sentence id="17">
  <w id="0" lemma="|the|" pos="DT" wid="0">The</w>
  <w id="1" lemma="|history|" pos="NN" wid="1">history</w>
  <w id="2" lemma="|of|" pos="IN" wid="2">of</w>
  <w id="3" lemma="|salvation|" pos="NN" wid="3">salvation</w>
  <w id="4" lemma="|begin|" pos="VBZ" wid="4">begins</w>
  <w id="5" lemma="|with|" pos="IN" wid="5">with</w>
  <w id="6" lemma="|the|" pos="DT" wid="6">the</w>
  <w id="7" lemma="|choice|" pos="NN" wid="7">choice</w>
  <w id="8" lemma="|of|" pos="IN" wid="8">of</w>
  <w id="9" lemma="|a|" pos="DT" wid="9">a</w>
  <w id="10" lemma="|man|" pos="NN" wid="10">man</w>
  <w id="11" lemma="|,|" pos="," wid="11">,</w>
  <w id="12" lemma="|Abraham|" pos="NNP" wid="12">Abraham</w>
  <w id="13" lemma="|,|" pos="," wid="13">,</w>
  <w id="14" lemma="|and|" pos="CC" wid="14">and</w>
  <w id="15" lemma="|a|" pos="DT" wid="15">a</w>
  <w id="16" lemma="|people|" pos="NNS" wid="16">people</w>
  <w id="17" lemma="|,|" pos="," wid="17">,</w>
  <w id="18" lemma="|Israel|" pos="NNP" wid="18">Israel</w>
  <w id="19" lemma="|,|" pos="," wid="19">,</w>
  <w id="20" lemma="|but|" pos="CC" wid="20">but</w>
  <w id="21" lemma="|its|" pos="PRP$" wid="21">its</w>
  <w id="22" lemma="|scope|" pos="NN" wid="22">scope</w>
  <w id="23" lemma="|be|" pos="VBZ" wid="23">is</w>
  <w id="24" lemma="|universal|" pos="JJ" wid="24">universal</w>
  <w id="25" lemma="|,|" pos="," wid="25">,</w>
  <w id="26" lemma="|the|" pos="DT" wid="26">the</w>
  <w id="27" lemma="|salvation|" pos="NN" wid="27">salvation</w>
  <w id="28" lemma="|of|" pos="IN" wid="28">of</w>
  <w id="29" lemma="|all|" pos="DT" wid="29">all</w>
  <w id="30" lemma="|people|" pos="NNS" wid="30">peoples</w>
  <w id="31" lemma="|.|" pos="." wid="31">.</w>
</sentence>
<sentence id="18">
  <w id="0" lemma="|the|" pos="DT" wid="0">The</w>
  <w id="1" lemma="|history|" pos="NN" wid="1">history</w>
  <w id="2" lemma="|of|" pos="IN" wid="2">of</w>
  <w id="3" lemma="|salvation|" pos="NN" wid="3">salvation</w>
  <w id="4" lemma="|have|" pos="VBZ" wid="4">has</w>
  <w id="5" lemma="|always|" pos="RB" wid="5">always</w>
  <w id="6" lemma="|be|" pos="VBN" wid="6">been</w>
  <w id="7" lemma="|mark|" pos="VBN" wid="7">marked</w>
  <w id="8" lemma="|by|" pos="IN" wid="8">by</w>
  <w id="9" lemma="|this|" pos="DT" wid="9">this</w>
  <w id="10" lemma="|interweaving|" pos="NN" wid="10">interweaving</w>
  <w id="11" lemma="|of|" pos="IN" wid="11">of</w>
  <w id="12" lemma="|particularity|" pos="NN" wid="12">particularity</w>
  <w id="13" lemma="|and|" pos="CC" wid="13">and</w>
  <w id="14" lemma="|universality|" pos="NN" wid="14">universality</w>
  <w id="15" lemma="|.|" pos="." wid="15">.</w>
</sentence>
<sentence id="19">
  <w id="0" lemma="|we|" pos="PRP" wid="0">We</w>
  <w id="1" lemma="|see|" pos="VBP" wid="1">see</w>
  <w id="2" lemma="|this|" pos="DT" wid="2">this</w>
  <w id="3" lemma="|connection|" pos="NN" wid="3">connection</w>
  <w id="4" lemma="|clearly|" pos="RB" wid="4">clearly</w>
  <w id="5" lemma="|in|" pos="IN" wid="5">in</w>
  <w id="6" lemma="|today|" pos="NN" wid="6">today</w>
  <w id="7" lemma="|'s|" pos="POS" wid="7">'s</w>
  <w id="8" lemma="|First|" pos="NNP" wid="8">First</w>
  <w id="9" lemma="|Reading|" pos="NNP" wid="9">Reading</w>
  <w id="10" lemma="|:|" pos=":" wid="10">:</w>
  <w id="11" lemma="|on|" pos="IN" wid="11">on</w>
  <w id="12" lemma="|see|" pos="VBG" wid="12">seeing</w>
  <w id="13" lemma="|in|" pos="IN" wid="13">in</w>
  <w id="14" lemma="|Cornelius|" pos="NNP" wid="14">Cornelius</w>
  <w id="15" lemma="|'|" pos="POS" wid="15">'</w>
  <w id="16" lemma="|home|" pos="NN" wid="16">home</w>
  <w id="17" lemma="|the|" pos="DT" wid="17">the</w>
  <w id="18" lemma="|faith|" pos="NN" wid="18">faith</w>
  <w id="19" lemma="|of|" pos="IN" wid="19">of</w>
  <w id="20" lemma="|the|" pos="DT" wid="20">the</w>
  <w id="21" lemma="|Gentiles|" pos="NNPS" wid="21">Gentiles</w>
  <w id="22" lemma="|and|" pos="CC" wid="22">and</w>
  <w id="23" lemma="|they|" pos="PRP$" wid="23">their</w>
  <w id="24" lemma="|desire|" pos="NN" wid="24">desire</w>
  <w id="25" lemma="|for|" pos="IN" wid="25">for</w>
  <w id="26" lemma="|God|" pos="NNP" wid="26">God</w>
  <w id="27" lemma="|,|" pos="," wid="27">,</w>
  <w id="28" lemma="|St|" pos="NNP" wid="28">St</w>
  <w id="29" lemma="|Peter|" pos="NNP" wid="29">Peter</w>
  <w id="30" lemma="|say|" pos="VBZ" wid="30">says</w>
  <w id="31" lemma="|:|" pos=":" wid="31">:</w>
  <w id="32" lemma="|``|" pos="``" wid="32">``</w>
  <w id="33" lemma="|truly|" pos="RB" wid="33">Truly</w>
  <w id="34" lemma="|I|" pos="PRP" wid="34">I</w>
  <w id="35" lemma="|perceive|" pos="VBP" wid="35">perceive</w>
  <w id="36" lemma="|that|" pos="IN" wid="36">that</w>
  <w id="37" lemma="|God|" pos="NNP" wid="37">God</w>
  <w id="38" lemma="|show|" pos="VBZ" wid="38">shows</w>
  <w id="39" lemma="|no|" pos="DT" wid="39">no</w>
  <w id="40" lemma="|partiality|" pos="NN" wid="40">partiality</w>
  <w id="41" lemma="|,|" pos="," wid="41">,</w>
  <w id="42" lemma="|but|" pos="CC" wid="42">but</w>
  <w id="43" lemma="|in|" pos="IN" wid="43">in</w>
  <w id="44" lemma="|every|" pos="DT" wid="44">every</w>
  <w id="45" lemma="|nation|" pos="NN" wid="45">nation</w>
  <w id="46" lemma="|any|" pos="DT" wid="46">any</w>
  <w id="47" lemma="|one|" pos="CD" wid="47">one</w>
  <w id="48" lemma="|who|" pos="WP" wid="48">who</w>
  <w id="49" lemma="|fear|" pos="VBZ" wid="49">fears</w>
  <w id="50" lemma="|he|" pos="PRP" wid="50">him</w>
  <w id="51" lemma="|and|" pos="CC" wid="51">and</w>
  <w id="52" lemma="|do|" pos="VBZ" wid="52">does</w>
  <w id="53" lemma="|what|" pos="WP" wid="53">what</w>
  <w id="54" lemma="|be|" pos="VBZ" wid="54">is</w>
  <w id="55" lemma="|right|" pos="JJ" wid="55">right</w>
  <w id="56" lemma="|be|" pos="VBZ" wid="56">is</w>
  <w id="57" lemma="|acceptable|" pos="JJ" wid="57">acceptable</w>
  <w id="58" lemma="|to|" pos="TO" wid="58">to</w>
  <w id="59" lemma="|he|" pos="PRP" wid="59">him</w>
  <w id="60" lemma="|''|" pos="''" wid="60">''</w>
  <w id="61" lemma="|-lrb-|" pos="-LRB-" wid="61">-LRB-</w>
  <w id="62" lemma="|act|" pos="VBZ" wid="62">Acts</w>
  <w id="63" lemma="|10|" pos="CD" wid="63">10</w>
  <w id="64" lemma="|:|" pos=":" wid="64">:</w>
  <w id="65" lemma="|34-35|" pos="CD" wid="65">34-35</w>
  <w id="66" lemma="|-rrb-|" pos="-RRB-" wid="66">-RRB-</w>
  <w id="67" lemma="|.|" pos="." wid="67">.</w>
</sentence>
<sentence id="20">
  <w id="0" lemma="|Learning|" pos="NNP" wid="0">Learning</w>
  <w id="1" lemma="|to|" pos="TO" wid="1">to</w>
  <w id="2" lemma="|fear|" pos="VB" wid="2">fear</w>
  <w id="3" lemma="|God|" pos="NNP" wid="3">God</w>
  <w id="4" lemma="|and|" pos="CC" wid="4">and</w>
  <w id="5" lemma="|practise|" pos="NN" wid="5">practise</w>
  <w id="6" lemma="|justice|" pos="NN" wid="6">justice</w>
  <w id="7" lemma="|thus|" pos="RB" wid="7">thus</w>
  <w id="8" lemma="|open|" pos="VBZ" wid="8">opens</w>
  <w id="9" lemma="|the|" pos="DT" wid="9">the</w>
  <w id="10" lemma="|world|" pos="NN" wid="10">world</w>
  <w id="11" lemma="|to|" pos="TO" wid="11">to</w>
  <w id="12" lemma="|the|" pos="DT" wid="12">the</w>
  <w id="13" lemma="|Kingdom|" pos="NNP" wid="13">Kingdom</w>
  <w id="14" lemma="|of|" pos="IN" wid="14">of</w>
  <w id="15" lemma="|God|" pos="NNP" wid="15">God</w>
  <w id="16" lemma="|:|" pos=":" wid="16">:</w>
  <w id="17" lemma="|this|" pos="DT" wid="17">this</w>
  <w id="18" lemma="|be|" pos="VBZ" wid="18">is</w>
  <w id="19" lemma="|the|" pos="DT" wid="19">the</w>
  <w id="20" lemma="|most|" pos="RBS" wid="20">most</w>
  <w id="21" lemma="|profound|" pos="JJ" wid="21">profound</w>
  <w id="22" lemma="|purpose|" pos="NN" wid="22">purpose</w>
  <w id="23" lemma="|of|" pos="IN" wid="23">of</w>
  <w id="24" lemma="|all|" pos="DT" wid="24">all</w>
  <w id="25" lemma="|interreligious|" pos="JJ" wid="25">interreligious</w>
  <w id="26" lemma="|dialogue|" pos="NN" wid="26">dialogue</w>
  <w id="27" lemma="|.|" pos="." wid="27">.</w>
</sentence>
<sentence id="21">
  <w id="0" lemma="|I|" pos="PRP" wid="0">I</w>
  <w id="1" lemma="|can|" pos="MD" wid="1">can</w>
  <w id="2" lemma="|not|" pos="RB" wid="2">not</w>
  <w id="3" lemma="|conclude|" pos="VB" wid="3">conclude</w>
  <w id="4" lemma="|this|" pos="DT" wid="4">this</w>
  <w id="5" lemma="|Marian|" pos="NNP" wid="5">Marian</w>
  <w id="6" lemma="|prayer|" pos="NN" wid="6">prayer</w>
  <w id="7" lemma="|without|" pos="IN" wid="7">without</w>
  <w id="8" lemma="|thinking|" pos="NN" wid="8">thinking</w>
  <w id="9" lemma="|of|" pos="IN" wid="9">of</w>
  <w id="10" lemma="|Sri|" pos="NNP" wid="10">Sri</w>
  <w id="11" lemma="|Lanka|" pos="NNP" wid="11">Lanka</w>
  <w id="12" lemma="|,|" pos="," wid="12">,</w>
  <w id="13" lemma="|in|" pos="IN" wid="13">in</w>
  <w id="14" lemma="|order|" pos="NN" wid="14">order</w>
  <w id="15" lemma="|to|" pos="TO" wid="15">to</w>
  <w id="16" lemma="|assure|" pos="VB" wid="16">assure</w>
  <w id="17" lemma="|of|" pos="IN" wid="17">of</w>
  <w id="18" lemma="|my|" pos="PRP$" wid="18">my</w>
  <w id="19" lemma="|affection|" pos="NN" wid="19">affection</w>
  <w id="20" lemma="|and|" pos="CC" wid="20">and</w>
  <w id="21" lemma="|my|" pos="PRP$" wid="21">my</w>
  <w id="22" lemma="|spiritual|" pos="JJ" wid="22">spiritual</w>
  <w id="23" lemma="|closeness|" pos="NN" wid="23">closeness</w>
  <w id="24" lemma="|the|" pos="DT" wid="24">the</w>
  <w id="25" lemma="|civilian|" pos="NNS" wid="25">civilians</w>
  <w id="26" lemma="|who|" pos="WP" wid="26">who</w>
  <w id="27" lemma="|be|" pos="VBP" wid="27">are</w>
  <w id="28" lemma="|in|" pos="IN" wid="28">in</w>
  <w id="29" lemma="|the|" pos="DT" wid="29">the</w>
  <w id="30" lemma="|combat|" pos="NN" wid="30">combat</w>
  <w id="31" lemma="|zone|" pos="NNS" wid="31">zones</w>
  <w id="32" lemma="|in|" pos="IN" wid="32">in</w>
  <w id="33" lemma="|the|" pos="DT" wid="33">the</w>
  <w id="34" lemma="|north|" pos="NN" wid="34">north</w>
  <w id="35" lemma="|of|" pos="IN" wid="35">of</w>
  <w id="36" lemma="|the|" pos="DT" wid="36">the</w>
  <w id="37" lemma="|country|" pos="NN" wid="37">country</w>
  <w id="38" lemma="|.|" pos="." wid="38">.</w>
</sentence>
<sentence id="22">
  <w id="0" lemma="|this|" pos="DT" wid="0">This</w>
  <w id="1" lemma="|concern|" pos="VBZ" wid="1">concerns</w>
  <w id="2" lemma="|the|" pos="DT" wid="2">the</w>
  <w id="3" lemma="|thousand|" pos="NNS" wid="3">thousands</w>
  <w id="4" lemma="|of|" pos="IN" wid="4">of</w>
  <w id="5" lemma="|child|" pos="NNS" wid="5">children</w>
  <w id="6" lemma="|,|" pos="," wid="6">,</w>
  <w id="7" lemma="|woman|" pos="NNS" wid="7">women</w>
  <w id="8" lemma="|,|" pos="," wid="8">,</w>
  <w id="9" lemma="|and|" pos="CC" wid="9">and</w>
  <w id="10" lemma="|elderly|" pos="JJ" wid="10">elderly</w>
  <w id="11" lemma="|people|" pos="NNS" wid="11">people</w>
  <w id="12" lemma="|whom|" pos="WP" wid="12">whom</w>
  <w id="13" lemma="|the|" pos="DT" wid="13">the</w>
  <w id="14" lemma="|war|" pos="NN" wid="14">war</w>
  <w id="15" lemma="|have|" pos="VBZ" wid="15">has</w>
  <w id="16" lemma="|deprive|" pos="VBN" wid="16">deprived</w>
  <w id="17" lemma="|of|" pos="IN" wid="17">of</w>
  <w id="18" lemma="|year|" pos="NNS" wid="18">years</w>
  <w id="19" lemma="|of|" pos="IN" wid="19">of</w>
  <w id="20" lemma="|life|" pos="NN" wid="20">life</w>
  <w id="21" lemma="|and|" pos="CC" wid="21">and</w>
  <w id="22" lemma="|hope|" pos="NN" wid="22">hope</w>
  <w id="23" lemma="|.|" pos="." wid="23">.</w>
</sentence>
<sentence id="23">
  <w id="0" lemma="|in|" pos="IN" wid="0">In</w>
  <w id="1" lemma="|this|" pos="DT" wid="1">this</w>
  <w id="2" lemma="|regard|" pos="NN" wid="2">regard</w>
  <w id="3" lemma="|I|" pos="PRP" wid="3">I</w>
  <w id="4" lemma="|wish|" pos="VBP" wid="4">wish</w>
  <w id="5" lemma="|once|" pos="RB" wid="5">once</w>
  <w id="6" lemma="|again|" pos="RB" wid="6">again</w>
  <w id="7" lemma="|to|" pos="TO" wid="7">to</w>
  <w id="8" lemma="|address|" pos="VB" wid="8">address</w>
  <w id="9" lemma="|a|" pos="DT" wid="9">a</w>
  <w id="10" lemma="|pressing|" pos="JJ" wid="10">pressing</w>
  <w id="11" lemma="|invitation|" pos="NN" wid="11">invitation</w>
  <w id="12" lemma="|to|" pos="TO" wid="12">to</w>
  <w id="13" lemma="|the|" pos="DT" wid="13">the</w>
  <w id="14" lemma="|belligerent|" pos="NNS" wid="14">belligerents</w>
  <w id="15" lemma="|to|" pos="TO" wid="15">to</w>
  <w id="16" lemma="|facilitate|" pos="VB" wid="16">facilitate</w>
  <w id="17" lemma="|evacuation|" pos="NN" wid="17">evacuation</w>
  <w id="18" lemma="|and|" pos="CC" wid="18">and</w>
  <w id="19" lemma="|to|" pos="TO" wid="19">to</w>
  <w id="20" lemma="|this|" pos="DT" wid="20">this</w>
  <w id="21" lemma="|end|" pos="NN" wid="21">end</w>
  <w id="22" lemma="|I|" pos="PRP" wid="22">I</w>
  <w id="23" lemma="|join|" pos="VBP" wid="23">join</w>
  <w id="24" lemma="|my|" pos="PRP$" wid="24">my</w>
  <w id="25" lemma="|voice|" pos="NN" wid="25">voice</w>
  <w id="26" lemma="|to|" pos="TO" wid="26">to</w>
  <w id="27" lemma="|that|" pos="DT" wid="27">that</w>
  <w id="28" lemma="|of|" pos="IN" wid="28">of</w>
  <w id="29" lemma="|the|" pos="DT" wid="29">the</w>
  <w id="30" lemma="|Security|" pos="NNP" wid="30">Security</w>
  <w id="31" lemma="|Council|" pos="NNP" wid="31">Council</w>
  <w id="32" lemma="|of|" pos="IN" wid="32">of</w>
  <w id="33" lemma="|the|" pos="DT" wid="33">the</w>
  <w id="34" lemma="|United|" pos="NNP" wid="34">United</w>
  <w id="35" lemma="|Nations|" pos="NNPS" wid="35">Nations</w>
  <w id="36" lemma="|which|" pos="WDT" wid="36">which</w>
  <w id="37" lemma="|,|" pos="," wid="37">,</w>
  <w id="38" lemma="|just|" pos="RB" wid="38">just</w>
  <w id="39" lemma="|a|" pos="DT" wid="39">a</w>
  <w id="40" lemma="|few|" pos="JJ" wid="40">few</w>
  <w id="41" lemma="|day|" pos="NNS" wid="41">days</w>
  <w id="42" lemma="|ago|" pos="RB" wid="42">ago</w>
  <w id="43" lemma="|,|" pos="," wid="43">,</w>
  <w id="44" lemma="|request|" pos="VBD" wid="44">requested</w>
  <w id="45" lemma="|a|" pos="DT" wid="45">an</w>
  <w id="46" lemma="|assurance|" pos="NN" wid="46">assurance</w>
  <w id="47" lemma="|of|" pos="IN" wid="47">of</w>
  <w id="48" lemma="|they|" pos="PRP$" wid="48">their</w>
  <w id="49" lemma="|safety|" pos="NN" wid="49">safety</w>
  <w id="50" lemma="|.|" pos="." wid="50">.</w>
</sentence>
<sentence id="24">
  <w id="0" lemma="|I|" pos="PRP" wid="0">I</w>
  <w id="1" lemma="|also|" pos="RB" wid="1">also</w>
  <w id="2" lemma="|ask|" pos="VBP" wid="2">ask</w>
  <w id="3" lemma="|humanitarian|" pos="JJ" wid="3">humanitarian</w>
  <w id="4" lemma="|institution|" pos="NNS" wid="4">institutions</w>
  <w id="5" lemma="|,|" pos="," wid="5">,</w>
  <w id="6" lemma="|include|" pos="VBG" wid="6">including</w>
  <w id="7" lemma="|the|" pos="DT" wid="7">the</w>
  <w id="8" lemma="|Catholic|" pos="NNP" wid="8">Catholic</w>
  <w id="9" lemma="|agency|" pos="NNS" wid="9">agencies</w>
  <w id="10" lemma="|,|" pos="," wid="10">,</w>
  <w id="11" lemma="|to|" pos="TO" wid="11">to</w>
  <w id="12" lemma="|leave|" pos="VB" wid="12">leave</w>
  <w id="13" lemma="|no|" pos="DT" wid="13">no</w>
  <w id="14" lemma="|stone|" pos="NN" wid="14">stone</w>
  <w id="15" lemma="|unturn|" pos="VBD" wid="15">unturned</w>
  <w id="16" lemma="|to|" pos="TO" wid="16">to</w>
  <w id="17" lemma="|meet|" pos="VB" wid="17">meet</w>
  <w id="18" lemma="|the|" pos="DT" wid="18">the</w>
  <w id="19" lemma="|urgent|" pos="JJ" wid="19">urgent</w>
  <w id="20" lemma="|food|" pos="NN" wid="20">food</w>
  <w id="21" lemma="|and|" pos="CC" wid="21">and</w>
  <w id="22" lemma="|medical|" pos="JJ" wid="22">medical</w>
  <w id="23" lemma="|need|" pos="NNS" wid="23">needs</w>
  <w id="24" lemma="|of|" pos="IN" wid="24">of</w>
  <w id="25" lemma="|the|" pos="DT" wid="25">the</w>
  <w id="26" lemma="|refugee|" pos="NNS" wid="26">refugees</w>
  <w id="27" lemma="|.|" pos="." wid="27">.</w>
</sentence>
<sentence id="25">
  <w id="0" lemma="|I|" pos="PRP" wid="0">I</w>
  <w id="1" lemma="|entrust|" pos="VBP" wid="1">entrust</w>
  <w id="2" lemma="|that|" pos="IN" wid="2">that</w>
  <w id="3" lemma="|beloved|" pos="JJ" wid="3">beloved</w>
  <w id="4" lemma="|country|" pos="NN" wid="4">country</w>
  <w id="5" lemma="|to|" pos="TO" wid="5">to</w>
  <w id="6" lemma="|the|" pos="DT" wid="6">the</w>
  <w id="7" lemma="|motherly|" pos="JJ" wid="7">motherly</w>
  <w id="8" lemma="|protection|" pos="NN" wid="8">protection</w>
  <w id="9" lemma="|of|" pos="IN" wid="9">of</w>
  <w id="10" lemma="|the|" pos="DT" wid="10">the</w>
  <w id="11" lemma="|Blessed|" pos="NNP" wid="11">Blessed</w>
  <w id="12" lemma="|Virgin|" pos="NNP" wid="12">Virgin</w>
  <w id="13" lemma="|of|" pos="IN" wid="13">of</w>
  <w id="14" lemma="|Madhu|" pos="NNP" wid="14">Madhu</w>
  <w id="15" lemma="|,|" pos="," wid="15">,</w>
  <w id="16" lemma="|love|" pos="VBN" wid="16">loved</w>
  <w id="17" lemma="|and|" pos="CC" wid="17">and</w>
  <w id="18" lemma="|venerate|" pos="VBN" wid="18">venerated</w>
  <w id="19" lemma="|by|" pos="IN" wid="19">by</w>
  <w id="20" lemma="|all|" pos="DT" wid="20">all</w>
  <w id="21" lemma="|Sri|" pos="NNP" wid="21">Sri</w>
  <w id="22" lemma="|Lankans|" pos="NNPS" wid="22">Lankans</w>
  <w id="23" lemma="|and|" pos="CC" wid="23">and</w>
  <w id="24" lemma="|I|" pos="PRP" wid="24">I</w>
  <w id="25" lemma="|raise|" pos="VBP" wid="25">raise</w>
  <w id="26" lemma="|my|" pos="PRP$" wid="26">my</w>
  <w id="27" lemma="|prayer|" pos="NNS" wid="27">prayers</w>
  <w id="28" lemma="|to|" pos="TO" wid="28">to</w>
  <w id="29" lemma="|the|" pos="DT" wid="29">the</w>
  <w id="30" lemma="|Lord|" pos="NNP" wid="30">Lord</w>
  <w id="31" lemma="|that|" pos="IN" wid="31">that</w>
  <w id="32" lemma="|he|" pos="PRP" wid="32">he</w>
  <w id="33" lemma="|will|" pos="MD" wid="33">will</w>
  <w id="34" lemma="|hasten|" pos="VB" wid="34">hasten</w>
  <w id="35" lemma="|the|" pos="DT" wid="35">the</w>
  <w id="36" lemma="|day|" pos="NN" wid="36">day</w>
  <w id="37" lemma="|of|" pos="IN" wid="37">of</w>
  <w id="38" lemma="|reconciliation|" pos="NN" wid="38">reconciliation</w>
  <w id="39" lemma="|and|" pos="CC" wid="39">and</w>
  <w id="40" lemma="|peace|" pos="NN" wid="40">peace</w>
  <w id="41" lemma="|.|" pos="." wid="41">.</w>
</sentence>
<sentence id="26">
  <w id="0" lemma="|after|" pos="IN" wid="0">After</w>
  <w id="1" lemma="|the|" pos="DT" wid="1">the</w>
  <w id="2" lemma="|Regina|" pos="NNP" wid="2">Regina</w>
  <w id="3" lemma="|Caeli|" pos="NNP" wid="3">Caeli</w>
  <w id="4" lemma="|:|" pos=":" wid="4">:</w>
  <w id="5" lemma="|I|" pos="PRP" wid="5">I</w>
  <w id="6" lemma="|warmly|" pos="RB" wid="6">warmly</w>
  <w id="7" lemma="|greet|" pos="VB" wid="7">greet</w>
  <w id="8" lemma="|all|" pos="PDT" wid="8">all</w>
  <w id="9" lemma="|the|" pos="DT" wid="9">the</w>
  <w id="10" lemma="|english-speaking|" pos="JJ" wid="10">English-speaking</w>
  <w id="11" lemma="|pilgrim|" pos="NNS" wid="11">pilgrims</w>
  <w id="12" lemma="|and|" pos="CC" wid="12">and</w>
  <w id="13" lemma="|visitor|" pos="NNS" wid="13">visitors</w>
  <w id="14" lemma="|present|" pos="JJ" wid="14">present</w>
  <w id="15" lemma="|for|" pos="IN" wid="15">for</w>
  <w id="16" lemma="|this|" pos="DT" wid="16">this</w>
  <w id="17" lemma="|Regina|" pos="NNP" wid="17">Regina</w>
  <w id="18" lemma="|Caeli|" pos="NNP" wid="18">Caeli</w>
  <w id="19" lemma="|prayer|" pos="NN" wid="19">prayer</w>
  <w id="20" lemma="|.|" pos="." wid="20">.</w>
</sentence>
<sentence id="27">
  <w id="0" lemma="|in|" pos="IN" wid="0">In</w>
  <w id="1" lemma="|today|" pos="NN" wid="1">today</w>
  <w id="2" lemma="|'s|" pos="POS" wid="2">'s</w>
  <w id="3" lemma="|Gospel|" pos="NNP" wid="3">Gospel</w>
  <w id="4" lemma="|Jesus|" pos="NNP" wid="4">Jesus</w>
  <w id="5" lemma="|invite|" pos="VBZ" wid="5">invites</w>
  <w id="6" lemma="|he|" pos="PRP$" wid="6">his</w>
  <w id="7" lemma="|disciple|" pos="NNS" wid="7">disciples</w>
  <w id="8" lemma="|to|" pos="TO" wid="8">to</w>
  <w id="9" lemma="|remain|" pos="VB" wid="9">remain</w>
  <w id="10" lemma="|in|" pos="IN" wid="10">in</w>
  <w id="11" lemma="|he|" pos="PRP$" wid="11">his</w>
  <w id="12" lemma="|love|" pos="NN" wid="12">love</w>
  <w id="13" lemma="|by|" pos="IN" wid="13">by</w>
  <w id="14" lemma="|they|" pos="PRP$" wid="14">their</w>
  <w id="15" lemma="|love|" pos="NN" wid="15">love</w>
  <w id="16" lemma="|for|" pos="IN" wid="16">for</w>
  <w id="17" lemma="|one|" pos="CD" wid="17">one</w>
  <w id="18" lemma="|another|" pos="DT" wid="18">another</w>
  <w id="19" lemma="|.|" pos="." wid="19">.</w>
</sentence>
<sentence id="28">
  <w id="0" lemma="|these|" pos="DT" wid="0">These</w>
  <w id="1" lemma="|word|" pos="NNS" wid="1">words</w>
  <w id="2" lemma="|of|" pos="IN" wid="2">of</w>
  <w id="3" lemma="|the|" pos="DT" wid="3">the</w>
  <w id="4" lemma="|Risen|" pos="NNP" wid="4">Risen</w>
  <w id="5" lemma="|Lord|" pos="NNP" wid="5">Lord</w>
  <w id="6" lemma="|have|" pos="VBP" wid="6">have</w>
  <w id="7" lemma="|a|" pos="DT" wid="7">a</w>
  <w id="8" lemma="|special|" pos="JJ" wid="8">special</w>
  <w id="9" lemma="|resonance|" pos="NN" wid="9">resonance</w>
  <w id="10" lemma="|for|" pos="IN" wid="10">for</w>
  <w id="11" lemma="|I|" pos="PRP" wid="11">me</w>
  <w id="12" lemma="|as|" pos="IN" wid="12">as</w>
  <w id="13" lemma="|I|" pos="PRP" wid="13">I</w>
  <w id="14" lemma="|reflect|" pos="VBP" wid="14">reflect</w>
  <w id="15" lemma="|on|" pos="IN" wid="15">on</w>
  <w id="16" lemma="|my|" pos="PRP$" wid="16">my</w>
  <w id="17" lemma="|recent|" pos="JJ" wid="17">recent</w>
  <w id="18" lemma="|pilgrimage|" pos="NN" wid="18">pilgrimage</w>
  <w id="19" lemma="|to|" pos="TO" wid="19">to</w>
  <w id="20" lemma="|the|" pos="DT" wid="20">the</w>
  <w id="21" lemma="|Holy|" pos="NNP" wid="21">Holy</w>
  <w id="22" lemma="|Land|" pos="NNP" wid="22">Land</w>
  <w id="23" lemma="|.|" pos="." wid="23">.</w>
</sentence>
<sentence id="29">
  <w id="0" lemma="|I|" pos="PRP" wid="0">I</w>
  <w id="1" lemma="|ask|" pos="VBP" wid="1">ask</w>
  <w id="2" lemma="|all|" pos="DT" wid="2">all</w>
  <w id="3" lemma="|of|" pos="IN" wid="3">of</w>
  <w id="4" lemma="|you|" pos="PRP" wid="4">you</w>
  <w id="5" lemma="|to|" pos="TO" wid="5">to</w>
  <w id="6" lemma="|join|" pos="VB" wid="6">join</w>
  <w id="7" lemma="|I|" pos="PRP" wid="7">me</w>
  <w id="8" lemma="|in|" pos="IN" wid="8">in</w>
  <w id="9" lemma="|pray|" pos="VBG" wid="9">praying</w>
  <w id="10" lemma="|that|" pos="IN" wid="10">that</w>
  <w id="11" lemma="|the|" pos="DT" wid="11">the</w>
  <w id="12" lemma="|christian|" pos="NNS" wid="12">Christians</w>
  <w id="13" lemma="|of|" pos="IN" wid="13">of</w>
  <w id="14" lemma="|the|" pos="DT" wid="14">the</w>
  <w id="15" lemma="|Middle|" pos="NNP" wid="15">Middle</w>
  <w id="16" lemma="|East|" pos="NNP" wid="16">East</w>
  <w id="17" lemma="|will|" pos="MD" wid="17">will</w>
  <w id="18" lemma="|be|" pos="VB" wid="18">be</w>
  <w id="19" lemma="|strengthen|" pos="VBN" wid="19">strengthened</w>
  <w id="20" lemma="|in|" pos="IN" wid="20">in</w>
  <w id="21" lemma="|they|" pos="PRP$" wid="21">their</w>
  <w id="22" lemma="|witness|" pos="NN" wid="22">witness</w>
  <w id="23" lemma="|to|" pos="TO" wid="23">to</w>
  <w id="24" lemma="|Christ|" pos="NNP" wid="24">Christ</w>
  <w id="25" lemma="|'s|" pos="POS" wid="25">'s</w>
  <w id="26" lemma="|victory|" pos="NN" wid="26">victory</w>
  <w id="27" lemma="|and|" pos="CC" wid="27">and</w>
  <w id="28" lemma="|to|" pos="TO" wid="28">to</w>
  <w id="29" lemma="|the|" pos="DT" wid="29">the</w>
  <w id="30" lemma="|reconcile|" pos="VBG" wid="30">reconciling</w>
  <w id="31" lemma="|power|" pos="NN" wid="31">power</w>
  <w id="32" lemma="|of|" pos="IN" wid="32">of</w>
  <w id="33" lemma="|he|" pos="PRP$" wid="33">his</w>
  <w id="34" lemma="|love|" pos="NN" wid="34">love</w>
  <w id="35" lemma="|.|" pos="." wid="35">.</w>
</sentence>
<sentence id="30">
  <w id="0" lemma="|through|" pos="IN" wid="0">Through</w>
  <w id="1" lemma="|the|" pos="DT" wid="1">the</w>
  <w id="2" lemma="|prayer|" pos="NNS" wid="2">prayers</w>
  <w id="3" lemma="|of|" pos="IN" wid="3">of</w>
  <w id="4" lemma="|Mary|" pos="NNP" wid="4">Mary</w>
  <w id="5" lemma="|,|" pos="," wid="5">,</w>
  <w id="6" lemma="|Queen|" pos="NNP" wid="6">Queen</w>
  <w id="7" lemma="|of|" pos="IN" wid="7">of</w>
  <w id="8" lemma="|Peace|" pos="NNP" wid="8">Peace</w>
  <w id="9" lemma="|,|" pos="," wid="9">,</w>
  <w id="10" lemma="|may|" pos="MD" wid="10">may</w>
  <w id="11" lemma="|the|" pos="DT" wid="11">the</w>
  <w id="12" lemma="|christian|" pos="NNS" wid="12">Christians</w>
  <w id="13" lemma="|of|" pos="IN" wid="13">of</w>
  <w id="14" lemma="|the|" pos="DT" wid="14">the</w>
  <w id="15" lemma="|Holy|" pos="NNP" wid="15">Holy</w>
  <w id="16" lemma="|Land|" pos="NNP" wid="16">Land</w>
  <w id="17" lemma="|,|" pos="," wid="17">,</w>
  <w id="18" lemma="|in|" pos="IN" wid="18">in</w>
  <w id="19" lemma="|cooperation|" pos="NN" wid="19">cooperation</w>
  <w id="20" lemma="|with|" pos="IN" wid="20">with</w>
  <w id="21" lemma="|they|" pos="PRP$" wid="21">their</w>
  <w id="22" lemma="|jewish|" pos="JJ" wid="22">Jewish</w>
  <w id="23" lemma="|and|" pos="CC" wid="23">and</w>
  <w id="24" lemma="|muslim|" pos="JJ" wid="24">Muslim</w>
  <w id="25" lemma="|neighbour|" pos="NNS" wid="25">neighbours</w>
  <w id="26" lemma="|,|" pos="," wid="26">,</w>
  <w id="27" lemma="|and|" pos="CC" wid="27">and</w>
  <w id="28" lemma="|all|" pos="DT" wid="28">all</w>
  <w id="29" lemma="|people|" pos="NNS" wid="29">people</w>
  <w id="30" lemma="|of|" pos="IN" wid="30">of</w>
  <w id="31" lemma="|good|" pos="JJ" wid="31">good</w>
  <w id="32" lemma="|will|" pos="NN" wid="32">will</w>
  <w id="33" lemma="|,|" pos="," wid="33">,</w>
  <w id="34" lemma="|work|" pos="NN" wid="34">work</w>
  <w id="35" lemma="|in|" pos="IN" wid="35">in</w>
  <w id="36" lemma="|harmony|" pos="NN" wid="36">harmony</w>
  <w id="37" lemma="|to|" pos="TO" wid="37">to</w>
  <w id="38" lemma="|build|" pos="VB" wid="38">build</w>
  <w id="39" lemma="|a|" pos="DT" wid="39">a</w>
  <w id="40" lemma="|future|" pos="NN" wid="40">future</w>
  <w id="41" lemma="|of|" pos="IN" wid="41">of</w>
  <w id="42" lemma="|justice|" pos="NN" wid="42">justice</w>
  <w id="43" lemma="|and|" pos="CC" wid="43">and</w>
  <w id="44" lemma="|peace|" pos="NN" wid="44">peace</w>
  <w id="45" lemma="|in|" pos="IN" wid="45">in</w>
  <w id="46" lemma="|those|" pos="DT" wid="46">those</w>
  <w id="47" lemma="|land|" pos="NNS" wid="47">lands</w>
  <w id="48" lemma="|.|" pos="." wid="48">.</w>
</sentence>
<sentence id="31">
  <w id="0" lemma="|upon|" pos="IN" wid="0">Upon</w>
  <w id="1" lemma="|they|" pos="PRP" wid="1">them</w>
  <w id="2" lemma="|,|" pos="," wid="2">,</w>
  <w id="3" lemma="|and|" pos="CC" wid="3">and</w>
  <w id="4" lemma="|upon|" pos="IN" wid="4">upon</w>
  <w id="5" lemma="|all|" pos="DT" wid="5">all</w>
  <w id="6" lemma="|of|" pos="IN" wid="6">of</w>
  <w id="7" lemma="|you|" pos="PRP" wid="7">you</w>
  <w id="8" lemma="|,|" pos="," wid="8">,</w>
  <w id="9" lemma="|I|" pos="PRP" wid="9">I</w>
  <w id="10" lemma="|invoke|" pos="VBP" wid="10">invoke</w>
  <w id="11" lemma="|a|" pos="DT" wid="11">an</w>
  <w id="12" lemma="|abundance|" pos="NN" wid="12">abundance</w>
  <w id="13" lemma="|of|" pos="IN" wid="13">of</w>
  <w id="14" lemma="|Easter|" pos="NNP" wid="14">Easter</w>
  <w id="15" lemma="|joy|" pos="NN" wid="15">joy</w>
  <w id="16" lemma="|in|" pos="IN" wid="16">in</w>
  <w id="17" lemma="|Christ|" pos="NNP" wid="17">Christ</w>
  <w id="18" lemma="|we|" pos="PRP$" wid="18">our</w>
  <w id="19" lemma="|Saviour|" pos="NNP" wid="19">Saviour</w>
  <w id="20" lemma="|.|" pos="." wid="20">.</w>
</sentence>
</corpus>