<corpus id="0">
<sentence id="0">
  <w id="0" lemma="|Dear|" pos="NNP" wid="0">Dear</w>
  <w id="1" lemma="|Brothers|" pos="NNPS" wid="1">Brothers</w>
  <w id="2" lemma="|and|" pos="CC" wid="2">and</w>
  <w id="3" lemma="|sister|" pos="NNS" wid="3">Sisters</w>
  <w id="4" lemma="|,|" pos="," wid="4">,</w>
  <w id="5" lemma="|let|" pos="VB" wid="5">Let</w>
  <w id="6" lemma="|we|" pos="PRP" wid="6">us</w>
  <w id="7" lemma="|turn|" pos="VB" wid="7">turn</w>
  <w id="8" lemma="|now|" pos="RB" wid="8">now</w>
  <w id="9" lemma="|to|" pos="TO" wid="9">to</w>
  <w id="10" lemma="|Mary|" pos="NNP" wid="10">Mary</w>
  <w id="11" lemma="|,|" pos="," wid="11">,</w>
  <w id="12" lemma="|Mother|" pos="NNP" wid="12">Mother</w>
  <w id="13" lemma="|of|" pos="IN" wid="13">of</w>
  <w id="14" lemma="|God|" pos="NNP" wid="14">God</w>
  <w id="15" lemma="|,|" pos="," wid="15">,</w>
  <w id="16" lemma="|Our|" pos="NNP" wid="16">Our</w>
  <w id="17" lemma="|Lady|" pos="NNP" wid="17">Lady</w>
  <w id="18" lemma="|of|" pos="IN" wid="18">of</w>
  <w id="19" lemma="|Lebanon|" pos="NNP" wid="19">Lebanon</w>
  <w id="20" lemma="|.|" pos="." wid="20">.</w>
</sentence>
<sentence id="1">
  <w id="0" lemma="|let|" pos="VB" wid="0">Let</w>
  <w id="1" lemma="|we|" pos="PRP" wid="1">us</w>
  <w id="2" lemma="|ask|" pos="VB" wid="2">ask</w>
  <w id="3" lemma="|she|" pos="PRP" wid="3">her</w>
  <w id="4" lemma="|to|" pos="TO" wid="4">to</w>
  <w id="5" lemma="|intercede|" pos="VB" wid="5">intercede</w>
  <w id="6" lemma="|with|" pos="IN" wid="6">with</w>
  <w id="7" lemma="|she|" pos="PRP$" wid="7">her</w>
  <w id="8" lemma="|divine|" pos="JJ" wid="8">divine</w>
  <w id="9" lemma="|Son|" pos="NNP" wid="9">Son</w>
  <w id="10" lemma="|for|" pos="IN" wid="10">for</w>
  <w id="11" lemma="|you|" pos="PRP" wid="11">you</w>
  <w id="12" lemma="|and|" pos="CC" wid="12">and</w>
  <w id="13" lemma="|,|" pos="," wid="13">,</w>
  <w id="14" lemma="|more|" pos="RBR" wid="14">more</w>
  <w id="15" lemma="|particularly|" pos="RB" wid="15">particularly</w>
  <w id="16" lemma="|,|" pos="," wid="16">,</w>
  <w id="17" lemma="|for|" pos="IN" wid="17">for</w>
  <w id="18" lemma="|the|" pos="DT" wid="18">the</w>
  <w id="19" lemma="|people|" pos="NNS" wid="19">people</w>
  <w id="20" lemma="|of|" pos="IN" wid="20">of</w>
  <w id="21" lemma="|Syria|" pos="NNP" wid="21">Syria</w>
  <w id="22" lemma="|and|" pos="CC" wid="22">and</w>
  <w id="23" lemma="|the|" pos="DT" wid="23">the</w>
  <w id="24" lemma="|neighbouring|" pos="JJ" wid="24">neighbouring</w>
  <w id="25" lemma="|country|" pos="NNS" wid="25">countries</w>
  <w id="26" lemma="|,|" pos="," wid="26">,</w>
  <w id="27" lemma="|implore|" pos="VBG" wid="27">imploring</w>
  <w id="28" lemma="|the|" pos="DT" wid="28">the</w>
  <w id="29" lemma="|gift|" pos="NN" wid="29">gift</w>
  <w id="30" lemma="|of|" pos="IN" wid="30">of</w>
  <w id="31" lemma="|peace|" pos="NN" wid="31">peace</w>
  <w id="32" lemma="|.|" pos="." wid="32">.</w>
</sentence>
<sentence id="2">
  <w id="0" lemma="|you|" pos="PRP" wid="0">You</w>
  <w id="1" lemma="|know|" pos="VBP" wid="1">know</w>
  <w id="2" lemma="|all|" pos="DT" wid="2">all</w>
  <w id="3" lemma="|too|" pos="RB" wid="3">too</w>
  <w id="4" lemma="|well|" pos="RB" wid="4">well</w>
  <w id="5" lemma="|the|" pos="DT" wid="5">the</w>
  <w id="6" lemma="|tragedy|" pos="NN" wid="6">tragedy</w>
  <w id="7" lemma="|of|" pos="IN" wid="7">of</w>
  <w id="8" lemma="|the|" pos="DT" wid="8">the</w>
  <w id="9" lemma="|conflict|" pos="NNS" wid="9">conflicts</w>
  <w id="10" lemma="|and|" pos="CC" wid="10">and</w>
  <w id="11" lemma="|the|" pos="DT" wid="11">the</w>
  <w id="12" lemma="|violence|" pos="NN" wid="12">violence</w>
  <w id="13" lemma="|which|" pos="WDT" wid="13">which</w>
  <w id="14" lemma="|generate|" pos="VBZ" wid="14">generates</w>
  <w id="15" lemma="|so|" pos="RB" wid="15">so</w>
  <w id="16" lemma="|much|" pos="JJ" wid="16">much</w>
  <w id="17" lemma="|suffering|" pos="NN" wid="17">suffering</w>
  <w id="18" lemma="|.|" pos="." wid="18">.</w>
</sentence>
<sentence id="3">
  <w id="0" lemma="|sadly|" pos="RB" wid="0">Sadly</w>
  <w id="1" lemma="|,|" pos="," wid="1">,</w>
  <w id="2" lemma="|the|" pos="DT" wid="2">the</w>
  <w id="3" lemma="|din|" pos="NN" wid="3">din</w>
  <w id="4" lemma="|of|" pos="IN" wid="4">of</w>
  <w id="5" lemma="|weapon|" pos="NNS" wid="5">weapons</w>
  <w id="6" lemma="|continue|" pos="VBZ" wid="6">continues</w>
  <w id="7" lemma="|to|" pos="TO" wid="7">to</w>
  <w id="8" lemma="|make|" pos="VB" wid="8">make</w>
  <w id="9" lemma="|itself|" pos="PRP" wid="9">itself</w>
  <w id="10" lemma="|hear|" pos="VBN" wid="10">heard</w>
  <w id="11" lemma="|,|" pos="," wid="11">,</w>
  <w id="12" lemma="|along|" pos="IN" wid="12">along</w>
  <w id="13" lemma="|with|" pos="IN" wid="13">with</w>
  <w id="14" lemma="|the|" pos="DT" wid="14">the</w>
  <w id="15" lemma="|cry|" pos="NN" wid="15">cry</w>
  <w id="16" lemma="|of|" pos="IN" wid="16">of</w>
  <w id="17" lemma="|the|" pos="DT" wid="17">the</w>
  <w id="18" lemma="|widow|" pos="NN" wid="18">widow</w>
  <w id="19" lemma="|and|" pos="CC" wid="19">and</w>
  <w id="20" lemma="|the|" pos="DT" wid="20">the</w>
  <w id="21" lemma="|orphan|" pos="NN" wid="21">orphan</w>
  <w id="22" lemma="|.|" pos="." wid="22">.</w>
</sentence>
<sentence id="4">
  <w id="0" lemma="|violence|" pos="NN" wid="0">Violence</w>
  <w id="1" lemma="|and|" pos="CC" wid="1">and</w>
  <w id="2" lemma="|hatred|" pos="NN" wid="2">hatred</w>
  <w id="3" lemma="|invade|" pos="VBP" wid="3">invade</w>
  <w id="4" lemma="|people|" pos="NNS" wid="4">people</w>
  <w id="5" lemma="|'s|" pos="POS" wid="5">'s</w>
  <w id="6" lemma="|life|" pos="NNS" wid="6">lives</w>
  <w id="7" lemma="|,|" pos="," wid="7">,</w>
  <w id="8" lemma="|and|" pos="CC" wid="8">and</w>
  <w id="9" lemma="|the|" pos="DT" wid="9">the</w>
  <w id="10" lemma="|first|" pos="JJ" wid="10">first</w>
  <w id="11" lemma="|victim|" pos="NNS" wid="11">victims</w>
  <w id="12" lemma="|be|" pos="VBP" wid="12">are</w>
  <w id="13" lemma="|woman|" pos="NNS" wid="13">women</w>
  <w id="14" lemma="|and|" pos="CC" wid="14">and</w>
  <w id="15" lemma="|child|" pos="NNS" wid="15">children</w>
  <w id="16" lemma="|.|" pos="." wid="16">.</w>
</sentence>
<sentence id="5">
  <w id="0" lemma="|why|" pos="WRB" wid="0">Why</w>
  <w id="1" lemma="|so|" pos="RB" wid="1">so</w>
  <w id="2" lemma="|much|" pos="JJ" wid="2">much</w>
  <w id="3" lemma="|horror|" pos="NN" wid="3">horror</w>
  <w id="4" lemma="|?|" pos="." wid="4">?</w>
</sentence>
<sentence id="6">
  <w id="0" lemma="|why|" pos="WRB" wid="0">Why</w>
  <w id="1" lemma="|so|" pos="RB" wid="1">so</w>
  <w id="2" lemma="|many|" pos="JJ" wid="2">many</w>
  <w id="3" lemma="|dead|" pos="NN" wid="3">dead</w>
  <w id="4" lemma="|?|" pos="." wid="4">?</w>
</sentence>
<sentence id="7">
  <w id="0" lemma="|I|" pos="PRP" wid="0">I</w>
  <w id="1" lemma="|appeal|" pos="VBP" wid="1">appeal</w>
  <w id="2" lemma="|to|" pos="TO" wid="2">to</w>
  <w id="3" lemma="|the|" pos="DT" wid="3">the</w>
  <w id="4" lemma="|international|" pos="JJ" wid="4">international</w>
  <w id="5" lemma="|community|" pos="NN" wid="5">community</w>
  <w id="6" lemma="|!|" pos="." wid="6">!</w>
</sentence>
<sentence id="8">
  <w id="0" lemma="|I|" pos="PRP" wid="0">I</w>
  <w id="1" lemma="|appeal|" pos="VBP" wid="1">appeal</w>
  <w id="2" lemma="|to|" pos="TO" wid="2">to</w>
  <w id="3" lemma="|the|" pos="DT" wid="3">the</w>
  <w id="4" lemma="|Arab|" pos="NNP" wid="4">Arab</w>
  <w id="5" lemma="|country|" pos="NNS" wid="5">countries</w>
  <w id="6" lemma="|that|" pos="WDT" wid="6">that</w>
  <w id="7" lemma="|,|" pos="," wid="7">,</w>
  <w id="8" lemma="|as|" pos="IN" wid="8">as</w>
  <w id="9" lemma="|brother|" pos="NNS" wid="9">brothers</w>
  <w id="10" lemma="|,|" pos="," wid="10">,</w>
  <w id="11" lemma="|they|" pos="PRP" wid="11">they</w>
  <w id="12" lemma="|might|" pos="MD" wid="12">might</w>
  <w id="13" lemma="|propose|" pos="VB" wid="13">propose</w>
  <w id="14" lemma="|workable|" pos="JJ" wid="14">workable</w>
  <w id="15" lemma="|solution|" pos="NNS" wid="15">solutions</w>
  <w id="16" lemma="|respect|" pos="VBG" wid="16">respecting</w>
  <w id="17" lemma="|the|" pos="DT" wid="17">the</w>
  <w id="18" lemma="|dignity|" pos="NN" wid="18">dignity</w>
  <w id="19" lemma="|,|" pos="," wid="19">,</w>
  <w id="20" lemma="|the|" pos="DT" wid="20">the</w>
  <w id="21" lemma="|rights|" pos="NNS" wid="21">rights</w>
  <w id="22" lemma="|and|" pos="CC" wid="22">and</w>
  <w id="23" lemma="|the|" pos="DT" wid="23">the</w>
  <w id="24" lemma="|religion|" pos="NN" wid="24">religion</w>
  <w id="25" lemma="|of|" pos="IN" wid="25">of</w>
  <w id="26" lemma="|every|" pos="DT" wid="26">every</w>
  <w id="27" lemma="|human|" pos="JJ" wid="27">human</w>
  <w id="28" lemma="|person|" pos="NN" wid="28">person</w>
  <w id="29" lemma="|!|" pos="." wid="29">!</w>
</sentence>
<sentence id="9">
  <w id="0" lemma="|those|" pos="DT" wid="0">Those</w>
  <w id="1" lemma="|who|" pos="WP" wid="1">who</w>
  <w id="2" lemma="|wish|" pos="VBP" wid="2">wish</w>
  <w id="3" lemma="|to|" pos="TO" wid="3">to</w>
  <w id="4" lemma="|build|" pos="VB" wid="4">build</w>
  <w id="5" lemma="|peace|" pos="NN" wid="5">peace</w>
  <w id="6" lemma="|must|" pos="MD" wid="6">must</w>
  <w id="7" lemma="|cease|" pos="VB" wid="7">cease</w>
  <w id="8" lemma="|to|" pos="TO" wid="8">to</w>
  <w id="9" lemma="|see|" pos="VB" wid="9">see</w>
  <w id="10" lemma="|in|" pos="IN" wid="10">in</w>
  <w id="11" lemma="|the|" pos="DT" wid="11">the</w>
  <w id="12" lemma="|other|" pos="JJ" wid="12">other</w>
  <w id="13" lemma="|a|" pos="DT" wid="13">an</w>
  <w id="14" lemma="|evil|" pos="NN" wid="14">evil</w>
  <w id="15" lemma="|to|" pos="TO" wid="15">to</w>
  <w id="16" lemma="|be|" pos="VB" wid="16">be</w>
  <w id="17" lemma="|eliminate|" pos="VBN" wid="17">eliminated</w>
  <w id="18" lemma="|.|" pos="." wid="18">.</w>
</sentence>
<sentence id="10">
  <w id="0" lemma="|it|" pos="PRP" wid="0">It</w>
  <w id="1" lemma="|be|" pos="VBZ" wid="1">is</w>
  <w id="2" lemma="|not|" pos="RB" wid="2">not</w>
  <w id="3" lemma="|easy|" pos="JJ" wid="3">easy</w>
  <w id="4" lemma="|to|" pos="TO" wid="4">to</w>
  <w id="5" lemma="|see|" pos="VB" wid="5">see</w>
  <w id="6" lemma="|in|" pos="IN" wid="6">in</w>
  <w id="7" lemma="|the|" pos="DT" wid="7">the</w>
  <w id="8" lemma="|other|" pos="JJ" wid="8">other</w>
  <w id="9" lemma="|a|" pos="DT" wid="9">a</w>
  <w id="10" lemma="|person|" pos="NN" wid="10">person</w>
  <w id="11" lemma="|to|" pos="TO" wid="11">to</w>
  <w id="12" lemma="|be|" pos="VB" wid="12">be</w>
  <w id="13" lemma="|respect|" pos="VBN" wid="13">respected</w>
  <w id="14" lemma="|and|" pos="CC" wid="14">and</w>
  <w id="15" lemma="|love|" pos="VBN" wid="15">loved</w>
  <w id="16" lemma="|,|" pos="," wid="16">,</w>
  <w id="17" lemma="|and|" pos="CC" wid="17">and</w>
  <w id="18" lemma="|yet|" pos="RB" wid="18">yet</w>
  <w id="19" lemma="|this|" pos="DT" wid="19">this</w>
  <w id="20" lemma="|be|" pos="VBZ" wid="20">is</w>
  <w id="21" lemma="|necessary|" pos="JJ" wid="21">necessary</w>
  <w id="22" lemma="|if|" pos="IN" wid="22">if</w>
  <w id="23" lemma="|peace|" pos="NN" wid="23">peace</w>
  <w id="24" lemma="|be|" pos="VBZ" wid="24">is</w>
  <w id="25" lemma="|to|" pos="TO" wid="25">to</w>
  <w id="26" lemma="|be|" pos="VB" wid="26">be</w>
  <w id="27" lemma="|build|" pos="VBN" wid="27">built</w>
  <w id="28" lemma="|,|" pos="," wid="28">,</w>
  <w id="29" lemma="|if|" pos="IN" wid="29">if</w>
  <w id="30" lemma="|fraternity|" pos="NN" wid="30">fraternity</w>
  <w id="31" lemma="|be|" pos="VBZ" wid="31">is</w>
  <w id="32" lemma="|desire|" pos="VBN" wid="32">desired</w>
  <w id="33" lemma="|-lrb-|" pos="-LRB-" wid="33">-LRB-</w>
  <w id="34" lemma="|cf|" pos="NN" wid="34">cf</w>
  <w id="35" lemma="|.|" pos="." wid="35">.</w>
</sentence>
<sentence id="11">
  <w id="0" lemma="|1|" pos="CD" wid="0">1</w>
  <w id="1" lemma="|jn|" pos="NN" wid="1">Jn</w>
  <w id="2" lemma="|2:10|" pos="CD" wid="2">2:10</w>
  <w id="3" lemma="|-11|" pos="CD" wid="3">-11</w>
  <w id="4" lemma="|;|" pos=":" wid="4">;</w>
  <w id="5" lemma="|1|" pos="CD" wid="5">1</w>
  <w id="6" lemma="|Pet|" pos="NNP" wid="6">Pet</w>
  <w id="7" lemma="|3:8|" pos="CD" wid="7">3:8</w>
  <w id="8" lemma="|-12|" pos="CD" wid="8">-12</w>
  <w id="9" lemma="|-rrb-|" pos="-RRB-" wid="9">-RRB-</w>
  <w id="10" lemma="|.|" pos="." wid="10">.</w>
</sentence>
<sentence id="12">
  <w id="0" lemma="|May|" pos="NNP" wid="0">May</w>
  <w id="1" lemma="|God|" pos="NNP" wid="1">God</w>
  <w id="2" lemma="|grant|" pos="NN" wid="2">grant</w>
  <w id="3" lemma="|to|" pos="TO" wid="3">to</w>
  <w id="4" lemma="|you|" pos="PRP$" wid="4">your</w>
  <w id="5" lemma="|country|" pos="NN" wid="5">country</w>
  <w id="6" lemma="|,|" pos="," wid="6">,</w>
  <w id="7" lemma="|to|" pos="TO" wid="7">to</w>
  <w id="8" lemma="|Syria|" pos="NNP" wid="8">Syria</w>
  <w id="9" lemma="|and|" pos="CC" wid="9">and</w>
  <w id="10" lemma="|to|" pos="TO" wid="10">to</w>
  <w id="11" lemma="|the|" pos="DT" wid="11">the</w>
  <w id="12" lemma="|Middle|" pos="NNP" wid="12">Middle</w>
  <w id="13" lemma="|East|" pos="NNP" wid="13">East</w>
  <w id="14" lemma="|the|" pos="DT" wid="14">the</w>
  <w id="15" lemma="|gift|" pos="NN" wid="15">gift</w>
  <w id="16" lemma="|of|" pos="IN" wid="16">of</w>
  <w id="17" lemma="|peaceful|" pos="JJ" wid="17">peaceful</w>
  <w id="18" lemma="|heart|" pos="NNS" wid="18">hearts</w>
  <w id="19" lemma="|,|" pos="," wid="19">,</w>
  <w id="20" lemma="|the|" pos="DT" wid="20">the</w>
  <w id="21" lemma="|silencing|" pos="NN" wid="21">silencing</w>
  <w id="22" lemma="|of|" pos="IN" wid="22">of</w>
  <w id="23" lemma="|weapon|" pos="NNS" wid="23">weapons</w>
  <w id="24" lemma="|and|" pos="CC" wid="24">and</w>
  <w id="25" lemma="|the|" pos="DT" wid="25">the</w>
  <w id="26" lemma="|cessation|" pos="NN" wid="26">cessation</w>
  <w id="27" lemma="|of|" pos="IN" wid="27">of</w>
  <w id="28" lemma="|all|" pos="DT" wid="28">all</w>
  <w id="29" lemma="|violence|" pos="NN" wid="29">violence</w>
  <w id="30" lemma="|!|" pos="." wid="30">!</w>
</sentence>
<sentence id="13">
  <w id="0" lemma="|May|" pos="NNP" wid="0">May</w>
  <w id="1" lemma="|man|" pos="NNS" wid="1">men</w>
  <w id="2" lemma="|understand|" pos="VBP" wid="2">understand</w>
  <w id="3" lemma="|that|" pos="IN" wid="3">that</w>
  <w id="4" lemma="|they|" pos="PRP" wid="4">they</w>
  <w id="5" lemma="|be|" pos="VBP" wid="5">are</w>
  <w id="6" lemma="|all|" pos="DT" wid="6">all</w>
  <w id="7" lemma="|brother|" pos="NNS" wid="7">brothers</w>
  <w id="8" lemma="|!|" pos="." wid="8">!</w>
</sentence>
<sentence id="14">
  <w id="0" lemma="|Mary|" pos="NNP" wid="0">Mary</w>
  <w id="1" lemma="|,|" pos="," wid="1">,</w>
  <w id="2" lemma="|we|" pos="PRP$" wid="2">our</w>
  <w id="3" lemma="|Mother|" pos="NNP" wid="3">Mother</w>
  <w id="4" lemma="|,|" pos="," wid="4">,</w>
  <w id="5" lemma="|understand|" pos="VBZ" wid="5">understands</w>
  <w id="6" lemma="|we|" pos="PRP$" wid="6">our</w>
  <w id="7" lemma="|concern|" pos="NN" wid="7">concern</w>
  <w id="8" lemma="|and|" pos="CC" wid="8">and</w>
  <w id="9" lemma="|we|" pos="PRP$" wid="9">our</w>
  <w id="10" lemma="|need|" pos="NNS" wid="10">needs</w>
  <w id="11" lemma="|.|" pos="." wid="11">.</w>
</sentence>
<sentence id="15">
  <w id="0" lemma="|together|" pos="RB" wid="0">Together</w>
  <w id="1" lemma="|with|" pos="IN" wid="1">with</w>
  <w id="2" lemma="|the|" pos="DT" wid="2">the</w>
  <w id="3" lemma="|Patriarchs|" pos="NNPS" wid="3">Patriarchs</w>
  <w id="4" lemma="|and|" pos="CC" wid="4">and</w>
  <w id="5" lemma="|bishop|" pos="NNS" wid="5">Bishops</w>
  <w id="6" lemma="|present|" pos="VBP" wid="6">present</w>
  <w id="7" lemma="|,|" pos="," wid="7">,</w>
  <w id="8" lemma="|I|" pos="PRP" wid="8">I</w>
  <w id="9" lemma="|place|" pos="VBP" wid="9">place</w>
  <w id="10" lemma="|the|" pos="DT" wid="10">the</w>
  <w id="11" lemma="|Middle|" pos="NNP" wid="11">Middle</w>
  <w id="12" lemma="|East|" pos="NNP" wid="12">East</w>
  <w id="13" lemma="|under|" pos="IN" wid="13">under</w>
  <w id="14" lemma="|she|" pos="PRP$" wid="14">her</w>
  <w id="15" lemma="|maternal|" pos="JJ" wid="15">maternal</w>
  <w id="16" lemma="|protection|" pos="NN" wid="16">protection</w>
  <w id="17" lemma="|-lrb-|" pos="-LRB-" wid="17">-LRB-</w>
  <w id="18" lemma="|cf|" pos="NN" wid="18">cf</w>
  <w id="19" lemma="|.|" pos="." wid="19">.</w>
</sentence>
<sentence id="16">
  <w id="0" lemma="|Propositio|" pos="NNP" wid="0">Propositio</w>
  <w id="1" lemma="|44|" pos="CD" wid="1">44</w>
  <w id="2" lemma="|-rrb-|" pos="-RRB-" wid="2">-RRB-</w>
  <w id="3" lemma="|.|" pos="." wid="3">.</w>
</sentence>
<sentence id="17">
  <w id="0" lemma="|May|" pos="NNP" wid="0">May</w>
  <w id="1" lemma="|we|" pos="PRP" wid="1">we</w>
  <w id="2" lemma="|,|" pos="," wid="2">,</w>
  <w id="3" lemma="|with|" pos="IN" wid="3">with</w>
  <w id="4" lemma="|God|" pos="NNP" wid="4">God</w>
  <w id="5" lemma="|'s|" pos="POS" wid="5">'s</w>
  <w id="6" lemma="|help|" pos="NN" wid="6">help</w>
  <w id="7" lemma="|,|" pos="," wid="7">,</w>
  <w id="8" lemma="|be|" pos="VB" wid="8">be</w>
  <w id="9" lemma="|convert|" pos="VBN" wid="9">converted</w>
  <w id="10" lemma="|so|" pos="RB" wid="10">so</w>
  <w id="11" lemma="|as|" pos="IN" wid="11">as</w>
  <w id="12" lemma="|to|" pos="TO" wid="12">to</w>
  <w id="13" lemma="|work|" pos="VB" wid="13">work</w>
  <w id="14" lemma="|ardently|" pos="RB" wid="14">ardently</w>
  <w id="15" lemma="|to|" pos="TO" wid="15">to</w>
  <w id="16" lemma="|establish|" pos="VB" wid="16">establish</w>
  <w id="17" lemma="|the|" pos="DT" wid="17">the</w>
  <w id="18" lemma="|peace|" pos="NN" wid="18">peace</w>
  <w id="19" lemma="|that|" pos="WDT" wid="19">that</w>
  <w id="20" lemma="|be|" pos="VBZ" wid="20">is</w>
  <w id="21" lemma="|necessary|" pos="JJ" wid="21">necessary</w>
  <w id="22" lemma="|for|" pos="IN" wid="22">for</w>
  <w id="23" lemma="|harmonious|" pos="JJ" wid="23">harmonious</w>
  <w id="24" lemma="|coexistence|" pos="NN" wid="24">coexistence</w>
  <w id="25" lemma="|among|" pos="IN" wid="25">among</w>
  <w id="26" lemma="|brother|" pos="NNS" wid="26">brothers</w>
  <w id="27" lemma="|,|" pos="," wid="27">,</w>
  <w id="28" lemma="|whatever|" pos="WDT" wid="28">whatever</w>
  <w id="29" lemma="|they|" pos="PRP$" wid="29">their</w>
  <w id="30" lemma="|origin|" pos="NNS" wid="30">origins</w>
  <w id="31" lemma="|and|" pos="CC" wid="31">and</w>
  <w id="32" lemma="|religious|" pos="JJ" wid="32">religious</w>
  <w id="33" lemma="|conviction|" pos="NNS" wid="33">convictions</w>
  <w id="34" lemma="|.|" pos="." wid="34">.</w>
</sentence>
<sentence id="18">
  <w id="0" lemma="|we|" pos="PRP" wid="0">We</w>
  <w id="1" lemma="|now|" pos="RB" wid="1">now</w>
  <w id="2" lemma="|pray|" pos="VBP" wid="2">pray</w>
  <w id="3" lemma="|:|" pos=":" wid="3">:</w>
  <w id="4" lemma="|Angelus|" pos="NNP" wid="4">Angelus</w>
  <w id="5" lemma="|Domini|" pos="NNP" wid="5">Domini</w>
  <w id="6" lemma="|nuntiavit|" pos="NN" wid="6">nuntiavit</w>
  <w id="7" lemma="|Mariae|" pos="NNP" wid="7">Mariae</w>
  <w id="8" lemma="|...|" pos=":" wid="8">...</w>
  <w id="9" lemma="|etc|" pos="FW" wid="9">etc</w>
  <w id="10" lemma="|.|" pos="." wid="10">.</w>
</sentence>
</corpus>