<corpus id="0">
<sentence id="0">
  <w id="0" lemma="|Dear|" pos="NNP" wid="0">Dear</w>
  <w id="1" lemma="|Brothers|" pos="NNPS" wid="1">Brothers</w>
  <w id="2" lemma="|and|" pos="CC" wid="2">and</w>
  <w id="3" lemma="|sister|" pos="NNS" wid="3">Sisters</w>
  <w id="4" lemma="|,|" pos="," wid="4">,</w>
  <w id="5" lemma="|Today|" pos="NNP" wid="5">Today</w>
  <w id="6" lemma="|be|" pos="VBZ" wid="6">is</w>
  <w id="7" lemma="|Holy|" pos="NNP" wid="7">Holy</w>
  <w id="8" lemma="|Family|" pos="NNP" wid="8">Family</w>
  <w id="9" lemma="|Sunday|" pos="NNP" wid="9">Sunday</w>
  <w id="10" lemma="|.|" pos="." wid="10">.</w>
</sentence>
<sentence id="1">
  <w id="0" lemma="|we|" pos="PRP" wid="0">We</w>
  <w id="1" lemma="|can|" pos="MD" wid="1">can</w>
  <w id="2" lemma="|still|" pos="RB" wid="2">still</w>
  <w id="3" lemma="|identify|" pos="VB" wid="3">identify</w>
  <w id="4" lemma="|ourselves|" pos="PRP" wid="4">ourselves</w>
  <w id="5" lemma="|with|" pos="IN" wid="5">with</w>
  <w id="6" lemma="|the|" pos="DT" wid="6">the</w>
  <w id="7" lemma="|shepherd|" pos="NNS" wid="7">shepherds</w>
  <w id="8" lemma="|of|" pos="IN" wid="8">of</w>
  <w id="9" lemma="|Bethlehem|" pos="NNP" wid="9">Bethlehem</w>
  <w id="10" lemma="|who|" pos="WP" wid="10">who</w>
  <w id="11" lemma="|hasten|" pos="VBD" wid="11">hastened</w>
  <w id="12" lemma="|to|" pos="TO" wid="12">to</w>
  <w id="13" lemma="|the|" pos="DT" wid="13">the</w>
  <w id="14" lemma="|grotto|" pos="NN" wid="14">grotto</w>
  <w id="15" lemma="|as|" pos="RB" wid="15">as</w>
  <w id="16" lemma="|soon|" pos="RB" wid="16">soon</w>
  <w id="17" lemma="|as|" pos="IN" wid="17">as</w>
  <w id="18" lemma="|they|" pos="PRP" wid="18">they</w>
  <w id="19" lemma="|have|" pos="VBD" wid="19">had</w>
  <w id="20" lemma="|receive|" pos="VBN" wid="20">received</w>
  <w id="21" lemma="|the|" pos="DT" wid="21">the</w>
  <w id="22" lemma="|Angel|" pos="NNP" wid="22">Angel</w>
  <w id="23" lemma="|'s|" pos="POS" wid="23">'s</w>
  <w id="24" lemma="|announcement|" pos="NN" wid="24">announcement</w>
  <w id="25" lemma="|and|" pos="CC" wid="25">and</w>
  <w id="26" lemma="|find|" pos="VBN" wid="26">found</w>
  <w id="27" lemma="|``|" pos="``" wid="27">``</w>
  <w id="28" lemma="|Mary|" pos="NNP" wid="28">Mary</w>
  <w id="29" lemma="|and|" pos="CC" wid="29">and</w>
  <w id="30" lemma="|Joseph|" pos="NNP" wid="30">Joseph</w>
  <w id="31" lemma="|,|" pos="," wid="31">,</w>
  <w id="32" lemma="|and|" pos="CC" wid="32">and</w>
  <w id="33" lemma="|the|" pos="DT" wid="33">the</w>
  <w id="34" lemma="|Babe|" pos="NNP" wid="34">Babe</w>
  <w id="35" lemma="|lie|" pos="VBG" wid="35">lying</w>
  <w id="36" lemma="|in|" pos="IN" wid="36">in</w>
  <w id="37" lemma="|the|" pos="DT" wid="37">the</w>
  <w id="38" lemma="|manger|" pos="NN" wid="38">manger</w>
  <w id="39" lemma="|''|" pos="''" wid="39">''</w>
  <w id="40" lemma="|-lrb-|" pos="-LRB-" wid="40">-LRB-</w>
  <w id="41" lemma="|lk|" pos="NN" wid="41">Lk</w>
  <w id="42" lemma="|2|" pos="CD" wid="42">2</w>
  <w id="43" lemma="|:|" pos=":" wid="43">:</w>
  <w id="44" lemma="|16|" pos="CD" wid="44">16</w>
  <w id="45" lemma="|-rrb-|" pos="-RRB-" wid="45">-RRB-</w>
  <w id="46" lemma="|.|" pos="." wid="46">.</w>
</sentence>
<sentence id="2">
  <w id="0" lemma="|let|" pos="VB" wid="0">Let</w>
  <w id="1" lemma="|we|" pos="PRP" wid="1">us</w>
  <w id="2" lemma="|too|" pos="RB" wid="2">too</w>
  <w id="3" lemma="|pause|" pos="VBP" wid="3">pause</w>
  <w id="4" lemma="|to|" pos="TO" wid="4">to</w>
  <w id="5" lemma="|contemplate|" pos="VB" wid="5">contemplate</w>
  <w id="6" lemma="|this|" pos="DT" wid="6">this</w>
  <w id="7" lemma="|scene|" pos="NN" wid="7">scene</w>
  <w id="8" lemma="|and|" pos="CC" wid="8">and</w>
  <w id="9" lemma="|reflect|" pos="VBP" wid="9">reflect</w>
  <w id="10" lemma="|on|" pos="IN" wid="10">on</w>
  <w id="11" lemma="|its|" pos="PRP$" wid="11">its</w>
  <w id="12" lemma="|meaning|" pos="NN" wid="12">meaning</w>
  <w id="13" lemma="|.|" pos="." wid="13">.</w>
</sentence>
<sentence id="3">
  <w id="0" lemma="|the|" pos="DT" wid="0">The</w>
  <w id="1" lemma="|first|" pos="JJ" wid="1">first</w>
  <w id="2" lemma="|witness|" pos="NNS" wid="2">witnesses</w>
  <w id="3" lemma="|of|" pos="IN" wid="3">of</w>
  <w id="4" lemma="|Christ|" pos="NNP" wid="4">Christ</w>
  <w id="5" lemma="|'s|" pos="POS" wid="5">'s</w>
  <w id="6" lemma="|birth|" pos="NN" wid="6">birth</w>
  <w id="7" lemma="|,|" pos="," wid="7">,</w>
  <w id="8" lemma="|the|" pos="DT" wid="8">the</w>
  <w id="9" lemma="|shepherd|" pos="NNS" wid="9">shepherds</w>
  <w id="10" lemma="|,|" pos="," wid="10">,</w>
  <w id="11" lemma="|find|" pos="VBD" wid="11">found</w>
  <w id="12" lemma="|themselves|" pos="PRP" wid="12">themselves</w>
  <w id="13" lemma="|not|" pos="RB" wid="13">not</w>
  <w id="14" lemma="|only|" pos="RB" wid="14">only</w>
  <w id="15" lemma="|before|" pos="IN" wid="15">before</w>
  <w id="16" lemma="|the|" pos="DT" wid="16">the</w>
  <w id="17" lemma="|Infant|" pos="NNP" wid="17">Infant</w>
  <w id="18" lemma="|Jesus|" pos="NNP" wid="18">Jesus</w>
  <w id="19" lemma="|but|" pos="CC" wid="19">but</w>
  <w id="20" lemma="|also|" pos="RB" wid="20">also</w>
  <w id="21" lemma="|a|" pos="DT" wid="21">a</w>
  <w id="22" lemma="|small|" pos="JJ" wid="22">small</w>
  <w id="23" lemma="|family|" pos="NN" wid="23">family</w>
  <w id="24" lemma="|:|" pos=":" wid="24">:</w>
  <w id="25" lemma="|mother|" pos="NN" wid="25">mother</w>
  <w id="26" lemma="|,|" pos="," wid="26">,</w>
  <w id="27" lemma="|father|" pos="NN" wid="27">father</w>
  <w id="28" lemma="|and|" pos="CC" wid="28">and</w>
  <w id="29" lemma="|newborn|" pos="JJ" wid="29">newborn</w>
  <w id="30" lemma="|son|" pos="NN" wid="30">son</w>
  <w id="31" lemma="|.|" pos="." wid="31">.</w>
</sentence>
<sentence id="4">
  <w id="0" lemma="|God|" pos="NNP" wid="0">God</w>
  <w id="1" lemma="|have|" pos="VBD" wid="1">had</w>
  <w id="2" lemma="|choose|" pos="VBN" wid="2">chosen</w>
  <w id="3" lemma="|to|" pos="TO" wid="3">to</w>
  <w id="4" lemma="|reveal|" pos="VB" wid="4">reveal</w>
  <w id="5" lemma="|himself|" pos="PRP" wid="5">himself</w>
  <w id="6" lemma="|by|" pos="IN" wid="6">by</w>
  <w id="7" lemma="|be|" pos="VBG" wid="7">being</w>
  <w id="8" lemma="|bear|" pos="VBN" wid="8">born</w>
  <w id="9" lemma="|into|" pos="IN" wid="9">into</w>
  <w id="10" lemma="|a|" pos="DT" wid="10">a</w>
  <w id="11" lemma="|human|" pos="JJ" wid="11">human</w>
  <w id="12" lemma="|family|" pos="NN" wid="12">family</w>
  <w id="13" lemma="|and|" pos="CC" wid="13">and</w>
  <w id="14" lemma="|the|" pos="DT" wid="14">the</w>
  <w id="15" lemma="|human|" pos="JJ" wid="15">human</w>
  <w id="16" lemma="|family|" pos="NN" wid="16">family</w>
  <w id="17" lemma="|thus|" pos="RB" wid="17">thus</w>
  <w id="18" lemma="|become|" pos="VBD" wid="18">became</w>
  <w id="19" lemma="|a|" pos="DT" wid="19">an</w>
  <w id="20" lemma="|icon|" pos="NN" wid="20">icon</w>
  <w id="21" lemma="|of|" pos="IN" wid="21">of</w>
  <w id="22" lemma="|God|" pos="NNP" wid="22">God</w>
  <w id="23" lemma="|!|" pos="." wid="23">!</w>
</sentence>
<sentence id="5">
  <w id="0" lemma="|God|" pos="NNP" wid="0">God</w>
  <w id="1" lemma="|be|" pos="VBZ" wid="1">is</w>
  <w id="2" lemma="|the|" pos="DT" wid="2">the</w>
  <w id="3" lemma="|Trinity|" pos="NNP" wid="3">Trinity</w>
  <w id="4" lemma="|,|" pos="," wid="4">,</w>
  <w id="5" lemma="|he|" pos="PRP" wid="5">he</w>
  <w id="6" lemma="|be|" pos="VBZ" wid="6">is</w>
  <w id="7" lemma="|a|" pos="DT" wid="7">a</w>
  <w id="8" lemma="|communion|" pos="NN" wid="8">communion</w>
  <w id="9" lemma="|of|" pos="IN" wid="9">of</w>
  <w id="10" lemma="|love|" pos="NN" wid="10">love</w>
  <w id="11" lemma="|;|" pos=":" wid="11">;</w>
  <w id="12" lemma="|so|" pos="RB" wid="12">so</w>
  <w id="13" lemma="|be|" pos="VBZ" wid="13">is</w>
  <w id="14" lemma="|the|" pos="DT" wid="14">the</w>
  <w id="15" lemma="|family|" pos="NN" wid="15">family</w>
  <w id="16" lemma="|despite|" pos="IN" wid="16">despite</w>
  <w id="17" lemma="|all|" pos="PDT" wid="17">all</w>
  <w id="18" lemma="|the|" pos="DT" wid="18">the</w>
  <w id="19" lemma="|difference|" pos="NNS" wid="19">differences</w>
  <w id="20" lemma="|that|" pos="WDT" wid="20">that</w>
  <w id="21" lemma="|exist|" pos="VBP" wid="21">exist</w>
  <w id="22" lemma="|between|" pos="IN" wid="22">between</w>
  <w id="23" lemma="|the|" pos="DT" wid="23">the</w>
  <w id="24" lemma="|Mystery|" pos="NNP" wid="24">Mystery</w>
  <w id="25" lemma="|of|" pos="IN" wid="25">of</w>
  <w id="26" lemma="|God|" pos="NNP" wid="26">God</w>
  <w id="27" lemma="|and|" pos="CC" wid="27">and</w>
  <w id="28" lemma="|he|" pos="PRP$" wid="28">his</w>
  <w id="29" lemma="|human|" pos="JJ" wid="29">human</w>
  <w id="30" lemma="|creature|" pos="NN" wid="30">creature</w>
  <w id="31" lemma="|,|" pos="," wid="31">,</w>
  <w id="32" lemma="|a|" pos="DT" wid="32">an</w>
  <w id="33" lemma="|expression|" pos="NN" wid="33">expression</w>
  <w id="34" lemma="|that|" pos="WDT" wid="34">that</w>
  <w id="35" lemma="|reflect|" pos="VBZ" wid="35">reflects</w>
  <w id="36" lemma="|the|" pos="DT" wid="36">the</w>
  <w id="37" lemma="|unfathomable|" pos="JJ" wid="37">unfathomable</w>
  <w id="38" lemma="|mystery|" pos="NN" wid="38">Mystery</w>
  <w id="39" lemma="|of|" pos="IN" wid="39">of</w>
  <w id="40" lemma="|God|" pos="NNP" wid="40">God</w>
  <w id="41" lemma="|as|" pos="IN" wid="41">as</w>
  <w id="42" lemma="|Love|" pos="NNP" wid="42">Love</w>
  <w id="43" lemma="|.|" pos="." wid="43">.</w>
</sentence>
<sentence id="6">
  <w id="0" lemma="|in|" pos="IN" wid="0">In</w>
  <w id="1" lemma="|marriage|" pos="NN" wid="1">marriage</w>
  <w id="2" lemma="|the|" pos="DT" wid="2">the</w>
  <w id="3" lemma="|man|" pos="NN" wid="3">man</w>
  <w id="4" lemma="|and|" pos="CC" wid="4">and</w>
  <w id="5" lemma="|the|" pos="DT" wid="5">the</w>
  <w id="6" lemma="|woman|" pos="NN" wid="6">woman</w>
  <w id="7" lemma="|,|" pos="," wid="7">,</w>
  <w id="8" lemma="|create|" pos="VBN" wid="8">created</w>
  <w id="9" lemma="|in|" pos="IN" wid="9">in</w>
  <w id="10" lemma="|God|" pos="NNP" wid="10">God</w>
  <w id="11" lemma="|'s|" pos="POS" wid="11">'s</w>
  <w id="12" lemma="|image|" pos="NN" wid="12">image</w>
  <w id="13" lemma="|,|" pos="," wid="13">,</w>
  <w id="14" lemma="|become|" pos="VBP" wid="14">become</w>
  <w id="15" lemma="|``|" pos="``" wid="15">``</w>
  <w id="16" lemma="|one|" pos="CD" wid="16">one</w>
  <w id="17" lemma="|flesh|" pos="NN" wid="17">flesh</w>
  <w id="18" lemma="|''|" pos="''" wid="18">''</w>
  <w id="19" lemma="|-lrb-|" pos="-LRB-" wid="19">-LRB-</w>
  <w id="20" lemma="|gen|" pos="NN" wid="20">Gen</w>
  <w id="21" lemma="|2|" pos="CD" wid="21">2</w>
  <w id="22" lemma="|:|" pos=":" wid="22">:</w>
  <w id="23" lemma="|24|" pos="CD" wid="23">24</w>
  <w id="24" lemma="|-rrb-|" pos="-RRB-" wid="24">-RRB-</w>
  <w id="25" lemma="|,|" pos="," wid="25">,</w>
  <w id="26" lemma="|that|" pos="WDT" wid="26">that</w>
  <w id="27" lemma="|be|" pos="VBZ" wid="27">is</w>
  <w id="28" lemma="|a|" pos="DT" wid="28">a</w>
  <w id="29" lemma="|communion|" pos="NN" wid="29">communion</w>
  <w id="30" lemma="|of|" pos="IN" wid="30">of</w>
  <w id="31" lemma="|love|" pos="NN" wid="31">love</w>
  <w id="32" lemma="|that|" pos="WDT" wid="32">that</w>
  <w id="33" lemma="|generate|" pos="VBZ" wid="33">generates</w>
  <w id="34" lemma="|new|" pos="JJ" wid="34">new</w>
  <w id="35" lemma="|life|" pos="NN" wid="35">life</w>
  <w id="36" lemma="|.|" pos="." wid="36">.</w>
</sentence>
<sentence id="7">
  <w id="0" lemma="|the|" pos="DT" wid="0">The</w>
  <w id="1" lemma="|human|" pos="JJ" wid="1">human</w>
  <w id="2" lemma="|family|" pos="NN" wid="2">family</w>
  <w id="3" lemma="|,|" pos="," wid="3">,</w>
  <w id="4" lemma="|in|" pos="IN" wid="4">in</w>
  <w id="5" lemma="|a|" pos="DT" wid="5">a</w>
  <w id="6" lemma="|certain|" pos="JJ" wid="6">certain</w>
  <w id="7" lemma="|sense|" pos="NN" wid="7">sense</w>
  <w id="8" lemma="|,|" pos="," wid="8">,</w>
  <w id="9" lemma="|be|" pos="VBZ" wid="9">is</w>
  <w id="10" lemma="|a|" pos="DT" wid="10">an</w>
  <w id="11" lemma="|icon|" pos="NN" wid="11">icon</w>
  <w id="12" lemma="|of|" pos="IN" wid="12">of</w>
  <w id="13" lemma="|the|" pos="DT" wid="13">the</w>
  <w id="14" lemma="|Trinity|" pos="NNP" wid="14">Trinity</w>
  <w id="15" lemma="|because|" pos="IN" wid="15">because</w>
  <w id="16" lemma="|of|" pos="IN" wid="16">of</w>
  <w id="17" lemma="|its|" pos="PRP$" wid="17">its</w>
  <w id="18" lemma="|interpersonal|" pos="JJ" wid="18">interpersonal</w>
  <w id="19" lemma="|love|" pos="NN" wid="19">love</w>
  <w id="20" lemma="|and|" pos="CC" wid="20">and</w>
  <w id="21" lemma="|the|" pos="DT" wid="21">the</w>
  <w id="22" lemma="|fruitfulness|" pos="NN" wid="22">fruitfulness</w>
  <w id="23" lemma="|of|" pos="IN" wid="23">of</w>
  <w id="24" lemma="|this|" pos="DT" wid="24">this</w>
  <w id="25" lemma="|love|" pos="NN" wid="25">love</w>
  <w id="26" lemma="|.|" pos="." wid="26">.</w>
</sentence>
<sentence id="8">
  <w id="0" lemma="|today|" pos="NN" wid="0">Today</w>
  <w id="1" lemma="|'s|" pos="POS" wid="1">'s</w>
  <w id="2" lemma="|liturgy|" pos="NN" wid="2">Liturgy</w>
  <w id="3" lemma="|present|" pos="VBZ" wid="3">presents</w>
  <w id="4" lemma="|the|" pos="DT" wid="4">the</w>
  <w id="5" lemma="|famous|" pos="JJ" wid="5">famous</w>
  <w id="6" lemma="|Gospel|" pos="NNP" wid="6">Gospel</w>
  <w id="7" lemma="|episode|" pos="NN" wid="7">episode</w>
  <w id="8" lemma="|of|" pos="IN" wid="8">of</w>
  <w id="9" lemma="|the|" pos="DT" wid="9">the</w>
  <w id="10" lemma="|12-year-old|" pos="JJ" wid="10">12-year-old</w>
  <w id="11" lemma="|Jesus|" pos="NNP" wid="11">Jesus</w>
  <w id="12" lemma="|who|" pos="WP" wid="12">who</w>
  <w id="13" lemma="|stay|" pos="VBZ" wid="13">stays</w>
  <w id="14" lemma="|behind|" pos="RB" wid="14">behind</w>
  <w id="15" lemma="|in|" pos="IN" wid="15">in</w>
  <w id="16" lemma="|the|" pos="DT" wid="16">the</w>
  <w id="17" lemma="|Temple|" pos="NNP" wid="17">Temple</w>
  <w id="18" lemma="|in|" pos="IN" wid="18">in</w>
  <w id="19" lemma="|Jerusalem|" pos="NNP" wid="19">Jerusalem</w>
  <w id="20" lemma="|unbeknown|" pos="JJ" wid="20">unbeknown</w>
  <w id="21" lemma="|to|" pos="TO" wid="21">to</w>
  <w id="22" lemma="|he|" pos="PRP$" wid="22">his</w>
  <w id="23" lemma="|parent|" pos="NNS" wid="23">parents</w>
  <w id="24" lemma="|who|" pos="WP" wid="24">who</w>
  <w id="25" lemma="|,|" pos="," wid="25">,</w>
  <w id="26" lemma="|surprised|" pos="JJ" wid="26">surprised</w>
  <w id="27" lemma="|and|" pos="CC" wid="27">and</w>
  <w id="28" lemma="|anxious|" pos="JJ" wid="28">anxious</w>
  <w id="29" lemma="|,|" pos="," wid="29">,</w>
  <w id="30" lemma="|discover|" pos="VB" wid="30">discover</w>
  <w id="31" lemma="|he|" pos="PRP" wid="31">him</w>
  <w id="32" lemma="|three|" pos="CD" wid="32">three</w>
  <w id="33" lemma="|day|" pos="NNS" wid="33">days</w>
  <w id="34" lemma="|later|" pos="RB" wid="34">later</w>
  <w id="35" lemma="|converse|" pos="VBG" wid="35">conversing</w>
  <w id="36" lemma="|with|" pos="IN" wid="36">with</w>
  <w id="37" lemma="|the|" pos="DT" wid="37">the</w>
  <w id="38" lemma="|teacher|" pos="NNS" wid="38">teachers</w>
  <w id="39" lemma="|.|" pos="." wid="39">.</w>
</sentence>
<sentence id="9">
  <w id="0" lemma="|Jesus|" pos="NNP" wid="0">Jesus</w>
  <w id="1" lemma="|answer|" pos="VBZ" wid="1">answers</w>
  <w id="2" lemma="|he|" pos="PRP$" wid="2">his</w>
  <w id="3" lemma="|Mother|" pos="NNP" wid="3">Mother</w>
  <w id="4" lemma="|who|" pos="WP" wid="4">who</w>
  <w id="5" lemma="|ask|" pos="VBZ" wid="5">asks</w>
  <w id="6" lemma="|for|" pos="IN" wid="6">for</w>
  <w id="7" lemma="|a|" pos="DT" wid="7">an</w>
  <w id="8" lemma="|explanation|" pos="NN" wid="8">explanation</w>
  <w id="9" lemma="|that|" pos="IN" wid="9">that</w>
  <w id="10" lemma="|he|" pos="PRP" wid="10">he</w>
  <w id="11" lemma="|must|" pos="MD" wid="11">must</w>
  <w id="12" lemma="|``|" pos="``" wid="12">``</w>
  <w id="13" lemma="|be|" pos="VB" wid="13">be</w>
  <w id="14" lemma="|in|" pos="IN" wid="14">in</w>
  <w id="15" lemma="|he|" pos="PRP$" wid="15">his</w>
  <w id="16" lemma="|Father|" pos="NNP" wid="16">Father</w>
  <w id="17" lemma="|'s|" pos="POS" wid="17">'s</w>
  <w id="18" lemma="|house|" pos="NN" wid="18">house</w>
  <w id="19" lemma="|''|" pos="''" wid="19">''</w>
  <w id="20" lemma="|that|" pos="WDT" wid="20">that</w>
  <w id="21" lemma="|be|" pos="VBZ" wid="21">is</w>
  <w id="22" lemma="|God|" pos="NNP" wid="22">God</w>
  <w id="23" lemma="|'s|" pos="POS" wid="23">'s</w>
  <w id="24" lemma="|house|" pos="NN" wid="24">house</w>
  <w id="25" lemma="|-lrb-|" pos="-LRB-" wid="25">-LRB-</w>
  <w id="26" lemma="|cf|" pos="NN" wid="26">cf</w>
  <w id="27" lemma="|.|" pos="." wid="27">.</w>
</sentence>
<sentence id="10">
  <w id="0" lemma="|lk|" pos="NN" wid="0">Lk</w>
  <w id="1" lemma="|2|" pos="CD" wid="1">2</w>
  <w id="2" lemma="|:|" pos=":" wid="2">:</w>
  <w id="3" lemma="|49|" pos="CD" wid="3">49</w>
  <w id="4" lemma="|-rrb-|" pos="-RRB-" wid="4">-RRB-</w>
  <w id="5" lemma="|.|" pos="." wid="5">.</w>
</sentence>
<sentence id="11">
  <w id="0" lemma="|in|" pos="IN" wid="0">In</w>
  <w id="1" lemma="|this|" pos="DT" wid="1">this</w>
  <w id="2" lemma="|episode|" pos="NN" wid="2">episode</w>
  <w id="3" lemma="|the|" pos="DT" wid="3">the</w>
  <w id="4" lemma="|boy|" pos="NN" wid="4">boy</w>
  <w id="5" lemma="|Jesus|" pos="NNP" wid="5">Jesus</w>
  <w id="6" lemma="|appear|" pos="VBZ" wid="6">appears</w>
  <w id="7" lemma="|to|" pos="TO" wid="7">to</w>
  <w id="8" lemma="|we|" pos="PRP" wid="8">us</w>
  <w id="9" lemma="|full|" pos="JJ" wid="9">full</w>
  <w id="10" lemma="|of|" pos="IN" wid="10">of</w>
  <w id="11" lemma="|zeal|" pos="NN" wid="11">zeal</w>
  <w id="12" lemma="|for|" pos="IN" wid="12">for</w>
  <w id="13" lemma="|God|" pos="NNP" wid="13">God</w>
  <w id="14" lemma="|and|" pos="CC" wid="14">and</w>
  <w id="15" lemma="|for|" pos="IN" wid="15">for</w>
  <w id="16" lemma="|the|" pos="DT" wid="16">the</w>
  <w id="17" lemma="|Temple|" pos="NNP" wid="17">Temple</w>
  <w id="18" lemma="|.|" pos="." wid="18">.</w>
</sentence>
<sentence id="12">
  <w id="0" lemma="|let|" pos="VB" wid="0">Let</w>
  <w id="1" lemma="|we|" pos="PRP" wid="1">us</w>
  <w id="2" lemma="|ask|" pos="VB" wid="2">ask</w>
  <w id="3" lemma="|ourselves|" pos="PRP" wid="3">ourselves</w>
  <w id="4" lemma="|:|" pos=":" wid="4">:</w>
  <w id="5" lemma="|from|" pos="IN" wid="5">from</w>
  <w id="6" lemma="|whom|" pos="WP" wid="6">whom</w>
  <w id="7" lemma="|do|" pos="VBD" wid="7">did</w>
  <w id="8" lemma="|Jesus|" pos="NNP" wid="8">Jesus</w>
  <w id="9" lemma="|learn|" pos="VB" wid="9">learn</w>
  <w id="10" lemma="|love|" pos="NN" wid="10">love</w>
  <w id="11" lemma="|for|" pos="IN" wid="11">for</w>
  <w id="12" lemma="|he|" pos="PRP$" wid="12">his</w>
  <w id="13" lemma="|Father|" pos="NNP" wid="13">Father</w>
  <w id="14" lemma="|'s|" pos="POS" wid="14">'s</w>
  <w id="15" lemma="|affair|" pos="NNS" wid="15">affairs</w>
  <w id="16" lemma="|?|" pos="." wid="16">?</w>
</sentence>
<sentence id="13">
  <w id="0" lemma="|as|" pos="IN" wid="0">As</w>
  <w id="1" lemma="|Son|" pos="NNP" wid="1">Son</w>
  <w id="2" lemma="|he|" pos="PRP" wid="2">he</w>
  <w id="3" lemma="|certainly|" pos="RB" wid="3">certainly</w>
  <w id="4" lemma="|have|" pos="VBD" wid="4">had</w>
  <w id="5" lemma="|a|" pos="DT" wid="5">an</w>
  <w id="6" lemma="|intimate|" pos="JJ" wid="6">intimate</w>
  <w id="7" lemma="|knowledge|" pos="NN" wid="7">knowledge</w>
  <w id="8" lemma="|of|" pos="IN" wid="8">of</w>
  <w id="9" lemma="|he|" pos="PRP$" wid="9">his</w>
  <w id="10" lemma="|Father|" pos="NNP" wid="10">Father</w>
  <w id="11" lemma="|,|" pos="," wid="11">,</w>
  <w id="12" lemma="|of|" pos="IN" wid="12">of</w>
  <w id="13" lemma="|God|" pos="NNP" wid="13">God</w>
  <w id="14" lemma="|,|" pos="," wid="14">,</w>
  <w id="15" lemma="|and|" pos="CC" wid="15">and</w>
  <w id="16" lemma="|a|" pos="DT" wid="16">a</w>
  <w id="17" lemma="|profound|" pos="JJ" wid="17">profound</w>
  <w id="18" lemma="|and|" pos="CC" wid="18">and</w>
  <w id="19" lemma="|permanent|" pos="JJ" wid="19">permanent</w>
  <w id="20" lemma="|relationship|" pos="NN" wid="20">relationship</w>
  <w id="21" lemma="|with|" pos="IN" wid="21">with</w>
  <w id="22" lemma="|he|" pos="PRP" wid="22">him</w>
  <w id="23" lemma="|but|" pos="CC" wid="23">but</w>
  <w id="24" lemma="|,|" pos="," wid="24">,</w>
  <w id="25" lemma="|in|" pos="IN" wid="25">in</w>
  <w id="26" lemma="|he|" pos="PRP$" wid="26">his</w>
  <w id="27" lemma="|own|" pos="JJ" wid="27">own</w>
  <w id="28" lemma="|culture|" pos="NN" wid="28">culture</w>
  <w id="29" lemma="|he|" pos="PRP" wid="29">he</w>
  <w id="30" lemma="|have|" pos="VBD" wid="30">had</w>
  <w id="31" lemma="|of|" pos="IN" wid="31">of</w>
  <w id="32" lemma="|course|" pos="NN" wid="32">course</w>
  <w id="33" lemma="|learn|" pos="VBD" wid="33">learned</w>
  <w id="34" lemma="|prayer|" pos="NNS" wid="34">prayers</w>
  <w id="35" lemma="|and|" pos="CC" wid="35">and</w>
  <w id="36" lemma="|love|" pos="NN" wid="36">love</w>
  <w id="37" lemma="|for|" pos="IN" wid="37">for</w>
  <w id="38" lemma="|the|" pos="DT" wid="38">the</w>
  <w id="39" lemma="|Temple|" pos="NNP" wid="39">Temple</w>
  <w id="40" lemma="|and|" pos="CC" wid="40">and</w>
  <w id="41" lemma="|for|" pos="IN" wid="41">for</w>
  <w id="42" lemma="|the|" pos="DT" wid="42">the</w>
  <w id="43" lemma="|Institutions|" pos="NNP" wid="43">Institutions</w>
  <w id="44" lemma="|of|" pos="IN" wid="44">of</w>
  <w id="45" lemma="|Israel|" pos="NNP" wid="45">Israel</w>
  <w id="46" lemma="|from|" pos="IN" wid="46">from</w>
  <w id="47" lemma="|he|" pos="PRP$" wid="47">his</w>
  <w id="48" lemma="|parent|" pos="NNS" wid="48">parents</w>
  <w id="49" lemma="|.|" pos="." wid="49">.</w>
</sentence>
<sentence id="14">
  <w id="0" lemma="|we|" pos="PRP" wid="0">We</w>
  <w id="1" lemma="|may|" pos="MD" wid="1">may</w>
  <w id="2" lemma="|therefore|" pos="RB" wid="2">therefore</w>
  <w id="3" lemma="|say|" pos="VB" wid="3">say</w>
  <w id="4" lemma="|that|" pos="IN" wid="4">that</w>
  <w id="5" lemma="|Jesus|" pos="NNP" wid="5">Jesus</w>
  <w id="6" lemma="|'|" pos="POS" wid="6">'</w>
  <w id="7" lemma="|decision|" pos="NN" wid="7">decision</w>
  <w id="8" lemma="|to|" pos="TO" wid="8">to</w>
  <w id="9" lemma="|stay|" pos="VB" wid="9">stay</w>
  <w id="10" lemma="|on|" pos="RP" wid="10">on</w>
  <w id="11" lemma="|at|" pos="IN" wid="11">at</w>
  <w id="12" lemma="|the|" pos="DT" wid="12">the</w>
  <w id="13" lemma="|Temple|" pos="NNP" wid="13">Temple</w>
  <w id="14" lemma="|be|" pos="VBD" wid="14">was</w>
  <w id="15" lemma="|above|" pos="IN" wid="15">above</w>
  <w id="16" lemma="|all|" pos="PDT" wid="16">all</w>
  <w id="17" lemma="|the|" pos="DT" wid="17">the</w>
  <w id="18" lemma="|result|" pos="NN" wid="18">result</w>
  <w id="19" lemma="|of|" pos="IN" wid="19">of</w>
  <w id="20" lemma="|he|" pos="PRP$" wid="20">his</w>
  <w id="21" lemma="|close|" pos="JJ" wid="21">close</w>
  <w id="22" lemma="|relationship|" pos="NN" wid="22">relationship</w>
  <w id="23" lemma="|with|" pos="IN" wid="23">with</w>
  <w id="24" lemma="|the|" pos="DT" wid="24">the</w>
  <w id="25" lemma="|Father|" pos="NNP" wid="25">Father</w>
  <w id="26" lemma="|,|" pos="," wid="26">,</w>
  <w id="27" lemma="|but|" pos="CC" wid="27">but</w>
  <w id="28" lemma="|it|" pos="PRP" wid="28">it</w>
  <w id="29" lemma="|be|" pos="VBD" wid="29">was</w>
  <w id="30" lemma="|also|" pos="RB" wid="30">also</w>
  <w id="31" lemma="|a|" pos="DT" wid="31">a</w>
  <w id="32" lemma="|result|" pos="NN" wid="32">result</w>
  <w id="33" lemma="|of|" pos="IN" wid="33">of</w>
  <w id="34" lemma="|the|" pos="DT" wid="34">the</w>
  <w id="35" lemma="|education|" pos="NN" wid="35">education</w>
  <w id="36" lemma="|he|" pos="PRP" wid="36">he</w>
  <w id="37" lemma="|have|" pos="VBD" wid="37">had</w>
  <w id="38" lemma="|receive|" pos="VBN" wid="38">received</w>
  <w id="39" lemma="|from|" pos="IN" wid="39">from</w>
  <w id="40" lemma="|Mary|" pos="NNP" wid="40">Mary</w>
  <w id="41" lemma="|and|" pos="CC" wid="41">and</w>
  <w id="42" lemma="|Joseph|" pos="NNP" wid="42">Joseph</w>
  <w id="43" lemma="|.|" pos="." wid="43">.</w>
</sentence>
<sentence id="15">
  <w id="0" lemma="|here|" pos="RB" wid="0">Here</w>
  <w id="1" lemma="|we|" pos="PRP" wid="1">we</w>
  <w id="2" lemma="|can|" pos="MD" wid="2">can</w>
  <w id="3" lemma="|glimpse|" pos="NN" wid="3">glimpse</w>
  <w id="4" lemma="|the|" pos="DT" wid="4">the</w>
  <w id="5" lemma="|authentic|" pos="JJ" wid="5">authentic</w>
  <w id="6" lemma="|meaning|" pos="NN" wid="6">meaning</w>
  <w id="7" lemma="|of|" pos="IN" wid="7">of</w>
  <w id="8" lemma="|christian|" pos="JJ" wid="8">Christian</w>
  <w id="9" lemma="|education|" pos="NN" wid="9">education</w>
  <w id="10" lemma="|:|" pos=":" wid="10">:</w>
  <w id="11" lemma="|it|" pos="PRP" wid="11">it</w>
  <w id="12" lemma="|be|" pos="VBZ" wid="12">is</w>
  <w id="13" lemma="|the|" pos="DT" wid="13">the</w>
  <w id="14" lemma="|fruit|" pos="NN" wid="14">fruit</w>
  <w id="15" lemma="|of|" pos="IN" wid="15">of</w>
  <w id="16" lemma="|a|" pos="DT" wid="16">a</w>
  <w id="17" lemma="|collaboration|" pos="NN" wid="17">collaboration</w>
  <w id="18" lemma="|between|" pos="IN" wid="18">between</w>
  <w id="19" lemma="|educator|" pos="NNS" wid="19">educators</w>
  <w id="20" lemma="|and|" pos="CC" wid="20">and</w>
  <w id="21" lemma="|God|" pos="NNP" wid="21">God</w>
  <w id="22" lemma="|that|" pos="WDT" wid="22">that</w>
  <w id="23" lemma="|must|" pos="MD" wid="23">must</w>
  <w id="24" lemma="|always|" pos="RB" wid="24">always</w>
  <w id="25" lemma="|be|" pos="VB" wid="25">be</w>
  <w id="26" lemma="|seek|" pos="VBN" wid="26">sought</w>
  <w id="27" lemma="|.|" pos="." wid="27">.</w>
</sentence>
<sentence id="16">
  <w id="0" lemma="|the|" pos="DT" wid="0">The</w>
  <w id="1" lemma="|Christian|" pos="NNP" wid="1">Christian</w>
  <w id="2" lemma="|family|" pos="NN" wid="2">family</w>
  <w id="3" lemma="|be|" pos="VBZ" wid="3">is</w>
  <w id="4" lemma="|aware|" pos="JJ" wid="4">aware</w>
  <w id="5" lemma="|that|" pos="IN" wid="5">that</w>
  <w id="6" lemma="|child|" pos="NNS" wid="6">children</w>
  <w id="7" lemma="|be|" pos="VBP" wid="7">are</w>
  <w id="8" lemma="|a|" pos="DT" wid="8">a</w>
  <w id="9" lemma="|gift|" pos="NN" wid="9">gift</w>
  <w id="10" lemma="|and|" pos="CC" wid="10">and</w>
  <w id="11" lemma="|a|" pos="DT" wid="11">a</w>
  <w id="12" lemma="|project|" pos="NN" wid="12">project</w>
  <w id="13" lemma="|of|" pos="IN" wid="13">of</w>
  <w id="14" lemma="|God|" pos="NNP" wid="14">God</w>
  <w id="15" lemma="|.|" pos="." wid="15">.</w>
</sentence>
<sentence id="17">
  <w id="0" lemma="|therefore|" pos="RB" wid="0">Therefore</w>
  <w id="1" lemma="|it|" pos="PRP" wid="1">it</w>
  <w id="2" lemma="|can|" pos="MD" wid="2">can</w>
  <w id="3" lemma="|not|" pos="RB" wid="3">not</w>
  <w id="4" lemma="|consider|" pos="VB" wid="4">consider</w>
  <w id="5" lemma="|that|" pos="IN" wid="5">that</w>
  <w id="6" lemma="|it|" pos="PRP" wid="6">it</w>
  <w id="7" lemma="|possess|" pos="VBZ" wid="7">possesses</w>
  <w id="8" lemma="|they|" pos="PRP" wid="8">them</w>
  <w id="9" lemma="|;|" pos=":" wid="9">;</w>
  <w id="10" lemma="|rather|" pos="RB" wid="10">rather</w>
  <w id="11" lemma="|,|" pos="," wid="11">,</w>
  <w id="12" lemma="|in|" pos="IN" wid="12">in</w>
  <w id="13" lemma="|serve|" pos="VBG" wid="13">serving</w>
  <w id="14" lemma="|God|" pos="NNP" wid="14">God</w>
  <w id="15" lemma="|'s|" pos="POS" wid="15">'s</w>
  <w id="16" lemma="|plan|" pos="NN" wid="16">plan</w>
  <w id="17" lemma="|through|" pos="IN" wid="17">through</w>
  <w id="18" lemma="|they|" pos="PRP" wid="18">them</w>
  <w id="19" lemma="|,|" pos="," wid="19">,</w>
  <w id="20" lemma="|the|" pos="DT" wid="20">the</w>
  <w id="21" lemma="|family|" pos="NN" wid="21">family</w>
  <w id="22" lemma="|be|" pos="VBZ" wid="22">is</w>
  <w id="23" lemma="|call|" pos="VBN" wid="23">called</w>
  <w id="24" lemma="|to|" pos="TO" wid="24">to</w>
  <w id="25" lemma="|educate|" pos="VB" wid="25">educate</w>
  <w id="26" lemma="|they|" pos="PRP" wid="26">them</w>
  <w id="27" lemma="|in|" pos="IN" wid="27">in</w>
  <w id="28" lemma="|the|" pos="DT" wid="28">the</w>
  <w id="29" lemma="|greatest|" pos="JJS" wid="29">greatest</w>
  <w id="30" lemma="|freedom|" pos="NN" wid="30">freedom</w>
  <w id="31" lemma="|,|" pos="," wid="31">,</w>
  <w id="32" lemma="|which|" pos="WDT" wid="32">which</w>
  <w id="33" lemma="|be|" pos="VBZ" wid="33">is</w>
  <w id="34" lemma="|precisely|" pos="RB" wid="34">precisely</w>
  <w id="35" lemma="|that|" pos="DT" wid="35">that</w>
  <w id="36" lemma="|of|" pos="IN" wid="36">of</w>
  <w id="37" lemma="|say|" pos="VBG" wid="37">saying</w>
  <w id="38" lemma="|``|" pos="``" wid="38">``</w>
  <w id="39" lemma="|yes|" pos="RB" wid="39">yes</w>
  <w id="40" lemma="|''|" pos="''" wid="40">''</w>
  <w id="41" lemma="|to|" pos="TO" wid="41">to</w>
  <w id="42" lemma="|God|" pos="NNP" wid="42">God</w>
  <w id="43" lemma="|in|" pos="IN" wid="43">in</w>
  <w id="44" lemma="|order|" pos="NN" wid="44">order</w>
  <w id="45" lemma="|to|" pos="TO" wid="45">to</w>
  <w id="46" lemma="|do|" pos="VB" wid="46">do</w>
  <w id="47" lemma="|he|" pos="PRP$" wid="47">his</w>
  <w id="48" lemma="|will|" pos="NN" wid="48">will</w>
  <w id="49" lemma="|.|" pos="." wid="49">.</w>
</sentence>
<sentence id="18">
  <w id="0" lemma="|the|" pos="DT" wid="0">The</w>
  <w id="1" lemma="|Virgin|" pos="NNP" wid="1">Virgin</w>
  <w id="2" lemma="|Mary|" pos="NNP" wid="2">Mary</w>
  <w id="3" lemma="|be|" pos="VBZ" wid="3">is</w>
  <w id="4" lemma="|the|" pos="DT" wid="4">the</w>
  <w id="5" lemma="|perfect|" pos="JJ" wid="5">perfect</w>
  <w id="6" lemma="|example|" pos="NN" wid="6">example</w>
  <w id="7" lemma="|of|" pos="IN" wid="7">of</w>
  <w id="8" lemma="|this|" pos="DT" wid="8">this</w>
  <w id="9" lemma="|``|" pos="``" wid="9">``</w>
  <w id="10" lemma="|yes|" pos="RB" wid="10">yes</w>
  <w id="11" lemma="|''|" pos="''" wid="11">''</w>
  <w id="12" lemma="|.|" pos="." wid="12">.</w>
</sentence>
<sentence id="19">
  <w id="0" lemma="|let|" pos="VB" wid="0">Let</w>
  <w id="1" lemma="|we|" pos="PRP" wid="1">us</w>
  <w id="2" lemma="|entrust|" pos="VB" wid="2">entrust</w>
  <w id="3" lemma="|all|" pos="DT" wid="3">all</w>
  <w id="4" lemma="|family|" pos="NNS" wid="4">families</w>
  <w id="5" lemma="|to|" pos="TO" wid="5">to</w>
  <w id="6" lemma="|she|" pos="PRP" wid="6">her</w>
  <w id="7" lemma="|,|" pos="," wid="7">,</w>
  <w id="8" lemma="|pray|" pos="VBG" wid="8">praying</w>
  <w id="9" lemma="|in|" pos="IN" wid="9">in</w>
  <w id="10" lemma="|particular|" pos="JJ" wid="10">particular</w>
  <w id="11" lemma="|for|" pos="IN" wid="11">for</w>
  <w id="12" lemma="|they|" pos="PRP$" wid="12">their</w>
  <w id="13" lemma="|precious|" pos="JJ" wid="13">precious</w>
  <w id="14" lemma="|educational|" pos="JJ" wid="14">educational</w>
  <w id="15" lemma="|mission|" pos="NN" wid="15">mission</w>
  <w id="16" lemma="|.|" pos="." wid="16">.</w>
</sentence>
<sentence id="20">
  <w id="0" lemma="|and|" pos="CC" wid="0">And</w>
  <w id="1" lemma="|I|" pos="PRP" wid="1">I</w>
  <w id="2" lemma="|now|" pos="RB" wid="2">now</w>
  <w id="3" lemma="|address|" pos="VBP" wid="3">address</w>
  <w id="4" lemma="|in|" pos="IN" wid="4">in</w>
  <w id="5" lemma="|Spanish|" pos="NNP" wid="5">Spanish</w>
  <w id="6" lemma="|all|" pos="PDT" wid="6">all</w>
  <w id="7" lemma="|those|" pos="DT" wid="7">those</w>
  <w id="8" lemma="|who|" pos="WP" wid="8">who</w>
  <w id="9" lemma="|be|" pos="VBP" wid="9">are</w>
  <w id="10" lemma="|take|" pos="VBG" wid="10">taking</w>
  <w id="11" lemma="|part|" pos="NN" wid="11">part</w>
  <w id="12" lemma="|in|" pos="IN" wid="12">in</w>
  <w id="13" lemma="|the|" pos="DT" wid="13">the</w>
  <w id="14" lemma="|feast|" pos="NN" wid="14">Feast</w>
  <w id="15" lemma="|of|" pos="IN" wid="15">of</w>
  <w id="16" lemma="|the|" pos="DT" wid="16">the</w>
  <w id="17" lemma="|Holy|" pos="NNP" wid="17">Holy</w>
  <w id="18" lemma="|Family|" pos="NNP" wid="18">Family</w>
  <w id="19" lemma="|in|" pos="IN" wid="19">in</w>
  <w id="20" lemma="|Madrid|" pos="NNP" wid="20">Madrid</w>
  <w id="21" lemma="|.|" pos="." wid="21">.</w>
</sentence>
<sentence id="21">
  <w id="0" lemma="|I|" pos="PRP" wid="0">I</w>
  <w id="1" lemma="|cordially|" pos="RB" wid="1">cordially</w>
  <w id="2" lemma="|greet|" pos="VBP" wid="2">greet</w>
  <w id="3" lemma="|the|" pos="DT" wid="3">the</w>
  <w id="4" lemma="|Pastors|" pos="NNPS" wid="4">Pastors</w>
  <w id="5" lemma="|and|" pos="CC" wid="5">and</w>
  <w id="6" lemma="|faithful|" pos="NN" wid="6">faithful</w>
  <w id="7" lemma="|who|" pos="WP" wid="7">who</w>
  <w id="8" lemma="|have|" pos="VBP" wid="8">have</w>
  <w id="9" lemma="|gather|" pos="VBN" wid="9">gathered</w>
  <w id="10" lemma="|in|" pos="IN" wid="10">in</w>
  <w id="11" lemma="|Madrid|" pos="NNP" wid="11">Madrid</w>
  <w id="12" lemma="|to|" pos="TO" wid="12">to</w>
  <w id="13" lemma="|celebrate|" pos="VB" wid="13">celebrate</w>
  <w id="14" lemma="|joyfully|" pos="RB" wid="14">joyfully</w>
  <w id="15" lemma="|the|" pos="DT" wid="15">the</w>
  <w id="16" lemma="|Sacred|" pos="NNP" wid="16">Sacred</w>
  <w id="17" lemma="|Family|" pos="NNP" wid="17">Family</w>
  <w id="18" lemma="|of|" pos="IN" wid="18">of</w>
  <w id="19" lemma="|Nazareth|" pos="NNP" wid="19">Nazareth</w>
  <w id="20" lemma="|.|" pos="." wid="20">.</w>
</sentence>
<sentence id="22">
  <w id="0" lemma="|how|" pos="WRB" wid="0">How</w>
  <w id="1" lemma="|be|" pos="VBZ" wid="1">is</w>
  <w id="2" lemma="|it|" pos="PRP" wid="2">it</w>
  <w id="3" lemma="|possible|" pos="JJ" wid="3">possible</w>
  <w id="4" lemma="|not|" pos="RB" wid="4">not</w>
  <w id="5" lemma="|to|" pos="TO" wid="5">to</w>
  <w id="6" lemma="|remember|" pos="VB" wid="6">remember</w>
  <w id="7" lemma="|the|" pos="DT" wid="7">the</w>
  <w id="8" lemma="|true|" pos="JJ" wid="8">true</w>
  <w id="9" lemma="|meaning|" pos="NN" wid="9">meaning</w>
  <w id="10" lemma="|of|" pos="IN" wid="10">of</w>
  <w id="11" lemma="|this|" pos="DT" wid="11">this</w>
  <w id="12" lemma="|feast|" pos="NN" wid="12">feast</w>
  <w id="13" lemma="|?|" pos="." wid="13">?</w>
</sentence>
<sentence id="23">
  <w id="0" lemma="|have|" pos="VBG" wid="0">Having</w>
  <w id="1" lemma="|come|" pos="VBN" wid="1">come</w>
  <w id="2" lemma="|into|" pos="IN" wid="2">into</w>
  <w id="3" lemma="|the|" pos="DT" wid="3">the</w>
  <w id="4" lemma="|world|" pos="NN" wid="4">world</w>
  <w id="5" lemma="|,|" pos="," wid="5">,</w>
  <w id="6" lemma="|into|" pos="IN" wid="6">into</w>
  <w id="7" lemma="|the|" pos="DT" wid="7">the</w>
  <w id="8" lemma="|heart|" pos="NN" wid="8">heart</w>
  <w id="9" lemma="|of|" pos="IN" wid="9">of</w>
  <w id="10" lemma="|a|" pos="DT" wid="10">a</w>
  <w id="11" lemma="|family|" pos="NN" wid="11">family</w>
  <w id="12" lemma="|,|" pos="," wid="12">,</w>
  <w id="13" lemma="|God|" pos="NNP" wid="13">God</w>
  <w id="14" lemma="|show|" pos="VBZ" wid="14">shows</w>
  <w id="15" lemma="|that|" pos="IN" wid="15">that</w>
  <w id="16" lemma="|this|" pos="DT" wid="16">this</w>
  <w id="17" lemma="|institution|" pos="NN" wid="17">institution</w>
  <w id="18" lemma="|be|" pos="VBZ" wid="18">is</w>
  <w id="19" lemma="|a|" pos="DT" wid="19">a</w>
  <w id="20" lemma="|sure|" pos="JJ" wid="20">sure</w>
  <w id="21" lemma="|path|" pos="NN" wid="21">path</w>
  <w id="22" lemma="|on|" pos="IN" wid="22">on</w>
  <w id="23" lemma="|which|" pos="WDT" wid="23">which</w>
  <w id="24" lemma="|to|" pos="TO" wid="24">to</w>
  <w id="25" lemma="|encounter|" pos="VB" wid="25">encounter</w>
  <w id="26" lemma="|and|" pos="CC" wid="26">and</w>
  <w id="27" lemma="|come|" pos="VB" wid="27">come</w>
  <w id="28" lemma="|to|" pos="TO" wid="28">to</w>
  <w id="29" lemma="|know|" pos="VB" wid="29">know</w>
  <w id="30" lemma="|he|" pos="PRP" wid="30">him</w>
  <w id="31" lemma="|,|" pos="," wid="31">,</w>
  <w id="32" lemma="|as|" pos="RB" wid="32">as</w>
  <w id="33" lemma="|well|" pos="RB" wid="33">well</w>
  <w id="34" lemma="|as|" pos="IN" wid="34">as</w>
  <w id="35" lemma="|a|" pos="DT" wid="35">an</w>
  <w id="36" lemma="|ongoing|" pos="JJ" wid="36">ongoing</w>
  <w id="37" lemma="|call|" pos="NN" wid="37">call</w>
  <w id="38" lemma="|to|" pos="TO" wid="38">to</w>
  <w id="39" lemma="|work|" pos="VB" wid="39">work</w>
  <w id="40" lemma="|for|" pos="IN" wid="40">for</w>
  <w id="41" lemma="|the|" pos="DT" wid="41">the</w>
  <w id="42" lemma="|unity|" pos="NN" wid="42">unity</w>
  <w id="43" lemma="|of|" pos="IN" wid="43">of</w>
  <w id="44" lemma="|all|" pos="DT" wid="44">all</w>
  <w id="45" lemma="|people|" pos="NNS" wid="45">people</w>
  <w id="46" lemma="|centre|" pos="VBN" wid="46">centred</w>
  <w id="47" lemma="|on|" pos="IN" wid="47">on</w>
  <w id="48" lemma="|love|" pos="NN" wid="48">love</w>
  <w id="49" lemma="|.|" pos="." wid="49">.</w>
</sentence>
<sentence id="24">
  <w id="0" lemma="|hence|" pos="RB" wid="0">Hence</w>
  <w id="1" lemma="|one|" pos="CD" wid="1">one</w>
  <w id="2" lemma="|of|" pos="IN" wid="2">of</w>
  <w id="3" lemma="|the|" pos="DT" wid="3">the</w>
  <w id="4" lemma="|greatest|" pos="JJS" wid="4">greatest</w>
  <w id="5" lemma="|service|" pos="NNS" wid="5">services</w>
  <w id="6" lemma="|that|" pos="IN" wid="6">that</w>
  <w id="7" lemma="|we|" pos="PRP" wid="7">we</w>
  <w id="8" lemma="|christian|" pos="NNS" wid="8">Christians</w>
  <w id="9" lemma="|can|" pos="MD" wid="9">can</w>
  <w id="10" lemma="|render|" pos="VB" wid="10">render</w>
  <w id="11" lemma="|we|" pos="PRP$" wid="11">our</w>
  <w id="12" lemma="|fellow|" pos="JJ" wid="12">fellow</w>
  <w id="13" lemma="|human|" pos="JJ" wid="13">human</w>
  <w id="14" lemma="|being|" pos="NNS" wid="14">beings</w>
  <w id="15" lemma="|be|" pos="VBZ" wid="15">is</w>
  <w id="16" lemma="|to|" pos="TO" wid="16">to</w>
  <w id="17" lemma="|offer|" pos="VB" wid="17">offer</w>
  <w id="18" lemma="|they|" pos="PRP" wid="18">them</w>
  <w id="19" lemma="|we|" pos="PRP$" wid="19">our</w>
  <w id="20" lemma="|serene|" pos="JJ" wid="20">serene</w>
  <w id="21" lemma="|and|" pos="CC" wid="21">and</w>
  <w id="22" lemma="|unhesitating|" pos="JJ" wid="22">unhesitating</w>
  <w id="23" lemma="|witness|" pos="NN" wid="23">witness</w>
  <w id="24" lemma="|as|" pos="IN" wid="24">as</w>
  <w id="25" lemma="|a|" pos="DT" wid="25">a</w>
  <w id="26" lemma="|family|" pos="NN" wid="26">family</w>
  <w id="27" lemma="|found|" pos="VBN" wid="27">founded</w>
  <w id="28" lemma="|on|" pos="IN" wid="28">on</w>
  <w id="29" lemma="|the|" pos="DT" wid="29">the</w>
  <w id="30" lemma="|marriage|" pos="NN" wid="30">marriage</w>
  <w id="31" lemma="|of|" pos="IN" wid="31">of</w>
  <w id="32" lemma="|a|" pos="DT" wid="32">a</w>
  <w id="33" lemma="|man|" pos="NN" wid="33">man</w>
  <w id="34" lemma="|and|" pos="CC" wid="34">and</w>
  <w id="35" lemma="|a|" pos="DT" wid="35">a</w>
  <w id="36" lemma="|woman|" pos="NN" wid="36">woman</w>
  <w id="37" lemma="|,|" pos="," wid="37">,</w>
  <w id="38" lemma="|safeguard|" pos="VBG" wid="38">safeguarding</w>
  <w id="39" lemma="|and|" pos="CC" wid="39">and</w>
  <w id="40" lemma="|promote|" pos="VBG" wid="40">promoting</w>
  <w id="41" lemma="|the|" pos="DT" wid="41">the</w>
  <w id="42" lemma="|family|" pos="NN" wid="42">family</w>
  <w id="43" lemma="|,|" pos="," wid="43">,</w>
  <w id="44" lemma="|since|" pos="IN" wid="44">since</w>
  <w id="45" lemma="|it|" pos="PRP" wid="45">it</w>
  <w id="46" lemma="|be|" pos="VBZ" wid="46">is</w>
  <w id="47" lemma="|of|" pos="IN" wid="47">of</w>
  <w id="48" lemma="|supreme|" pos="JJ" wid="48">supreme</w>
  <w id="49" lemma="|importance|" pos="NN" wid="49">importance</w>
  <w id="50" lemma="|for|" pos="IN" wid="50">for</w>
  <w id="51" lemma="|the|" pos="DT" wid="51">the</w>
  <w id="52" lemma="|present|" pos="JJ" wid="52">present</w>
  <w id="53" lemma="|and|" pos="CC" wid="53">and</w>
  <w id="54" lemma="|future|" pos="JJ" wid="54">future</w>
  <w id="55" lemma="|of|" pos="IN" wid="55">of</w>
  <w id="56" lemma="|humanity|" pos="NN" wid="56">humanity</w>
  <w id="57" lemma="|.|" pos="." wid="57">.</w>
</sentence>
<sentence id="25">
  <w id="0" lemma="|indeed|" pos="RB" wid="0">Indeed</w>
  <w id="1" lemma="|,|" pos="," wid="1">,</w>
  <w id="2" lemma="|the|" pos="DT" wid="2">the</w>
  <w id="3" lemma="|family|" pos="NN" wid="3">family</w>
  <w id="4" lemma="|be|" pos="VBZ" wid="4">is</w>
  <w id="5" lemma="|the|" pos="DT" wid="5">the</w>
  <w id="6" lemma="|best|" pos="JJS" wid="6">best</w>
  <w id="7" lemma="|school|" pos="NN" wid="7">school</w>
  <w id="8" lemma="|at|" pos="IN" wid="8">at</w>
  <w id="9" lemma="|which|" pos="WDT" wid="9">which</w>
  <w id="10" lemma="|to|" pos="TO" wid="10">to</w>
  <w id="11" lemma="|learn|" pos="VB" wid="11">learn</w>
  <w id="12" lemma="|to|" pos="TO" wid="12">to</w>
  <w id="13" lemma="|live|" pos="VB" wid="13">live</w>
  <w id="14" lemma="|out|" pos="RP" wid="14">out</w>
  <w id="15" lemma="|those|" pos="DT" wid="15">those</w>
  <w id="16" lemma="|value|" pos="NNS" wid="16">values</w>
  <w id="17" lemma="|which|" pos="WDT" wid="17">which</w>
  <w id="18" lemma="|give|" pos="VBP" wid="18">give</w>
  <w id="19" lemma="|dignity|" pos="NN" wid="19">dignity</w>
  <w id="20" lemma="|to|" pos="TO" wid="20">to</w>
  <w id="21" lemma="|the|" pos="DT" wid="21">the</w>
  <w id="22" lemma="|person|" pos="NN" wid="22">person</w>
  <w id="23" lemma="|and|" pos="CC" wid="23">and</w>
  <w id="24" lemma="|greatness|" pos="NN" wid="24">greatness</w>
  <w id="25" lemma="|to|" pos="TO" wid="25">to</w>
  <w id="26" lemma="|people|" pos="NNS" wid="26">peoples</w>
  <w id="27" lemma="|.|" pos="." wid="27">.</w>
</sentence>
<sentence id="26">
  <w id="0" lemma="|in|" pos="IN" wid="0">In</w>
  <w id="1" lemma="|the|" pos="DT" wid="1">the</w>
  <w id="2" lemma="|family|" pos="NN" wid="2">family</w>
  <w id="3" lemma="|sorrow|" pos="NNS" wid="3">sorrows</w>
  <w id="4" lemma="|and|" pos="CC" wid="4">and</w>
  <w id="5" lemma="|joy|" pos="NNS" wid="5">joys</w>
  <w id="6" lemma="|be|" pos="VBP" wid="6">are</w>
  <w id="7" lemma="|share|" pos="VBN" wid="7">shared</w>
  <w id="8" lemma="|,|" pos="," wid="8">,</w>
  <w id="9" lemma="|since|" pos="IN" wid="9">since</w>
  <w id="10" lemma="|all|" pos="DT" wid="10">all</w>
  <w id="11" lemma="|feel|" pos="NN" wid="11">feel</w>
  <w id="12" lemma="|envelop|" pos="VBN" wid="12">enveloped</w>
  <w id="13" lemma="|in|" pos="IN" wid="13">in</w>
  <w id="14" lemma="|the|" pos="DT" wid="14">the</w>
  <w id="15" lemma="|love|" pos="NN" wid="15">love</w>
  <w id="16" lemma="|that|" pos="WDT" wid="16">that</w>
  <w id="17" lemma="|prevail|" pos="VBZ" wid="17">prevails</w>
  <w id="18" lemma="|at|" pos="IN" wid="18">at</w>
  <w id="19" lemma="|home|" pos="NN" wid="19">home</w>
  <w id="20" lemma="|,|" pos="," wid="20">,</w>
  <w id="21" lemma="|a|" pos="DT" wid="21">a</w>
  <w id="22" lemma="|love|" pos="NN" wid="22">love</w>
  <w id="23" lemma="|that|" pos="WDT" wid="23">that</w>
  <w id="24" lemma="|stem|" pos="VBZ" wid="24">stems</w>
  <w id="25" lemma="|from|" pos="IN" wid="25">from</w>
  <w id="26" lemma="|the|" pos="DT" wid="26">the</w>
  <w id="27" lemma="|mere|" pos="JJ" wid="27">mere</w>
  <w id="28" lemma="|fact|" pos="NN" wid="28">fact</w>
  <w id="29" lemma="|of|" pos="IN" wid="29">of</w>
  <w id="30" lemma="|belong|" pos="VBG" wid="30">belonging</w>
  <w id="31" lemma="|to|" pos="TO" wid="31">to</w>
  <w id="32" lemma="|the|" pos="DT" wid="32">the</w>
  <w id="33" lemma="|same|" pos="JJ" wid="33">same</w>
  <w id="34" lemma="|family|" pos="NN" wid="34">family</w>
  <w id="35" lemma="|.|" pos="." wid="35">.</w>
</sentence>
<sentence id="27">
  <w id="0" lemma="|I|" pos="PRP" wid="0">I</w>
  <w id="1" lemma="|ask|" pos="VBP" wid="1">ask</w>
  <w id="2" lemma="|God|" pos="NNP" wid="2">God</w>
  <w id="3" lemma="|that|" pos="IN" wid="3">that</w>
  <w id="4" lemma="|in|" pos="IN" wid="4">in</w>
  <w id="5" lemma="|you|" pos="PRP$" wid="5">your</w>
  <w id="6" lemma="|home|" pos="NNS" wid="6">homes</w>
  <w id="7" lemma="|you|" pos="PRP" wid="7">you</w>
  <w id="8" lemma="|may|" pos="MD" wid="8">may</w>
  <w id="9" lemma="|always|" pos="RB" wid="9">always</w>
  <w id="10" lemma="|breathe|" pos="VB" wid="10">breathe</w>
  <w id="11" lemma="|this|" pos="DT" wid="11">this</w>
  <w id="12" lemma="|love|" pos="NN" wid="12">love</w>
  <w id="13" lemma="|of|" pos="IN" wid="13">of</w>
  <w id="14" lemma="|total|" pos="JJ" wid="14">total</w>
  <w id="15" lemma="|self-giving|" pos="NN" wid="15">self-giving</w>
  <w id="16" lemma="|and|" pos="CC" wid="16">and</w>
  <w id="17" lemma="|faithfulness|" pos="NN" wid="17">faithfulness</w>
  <w id="18" lemma="|which|" pos="WDT" wid="18">which</w>
  <w id="19" lemma="|Jesus|" pos="NNP" wid="19">Jesus</w>
  <w id="20" lemma="|bring|" pos="VBD" wid="20">brought</w>
  <w id="21" lemma="|to|" pos="TO" wid="21">to</w>
  <w id="22" lemma="|the|" pos="DT" wid="22">the</w>
  <w id="23" lemma="|world|" pos="NN" wid="23">world</w>
  <w id="24" lemma="|with|" pos="IN" wid="24">with</w>
  <w id="25" lemma="|he|" pos="PRP$" wid="25">his</w>
  <w id="26" lemma="|birth|" pos="NN" wid="26">birth</w>
  <w id="27" lemma="|,|" pos="," wid="27">,</w>
  <w id="28" lemma="|nurture|" pos="VBG" wid="28">nurturing</w>
  <w id="29" lemma="|and|" pos="CC" wid="29">and</w>
  <w id="30" lemma="|strengthen|" pos="VBG" wid="30">strengthening</w>
  <w id="31" lemma="|it|" pos="PRP" wid="31">it</w>
  <w id="32" lemma="|with|" pos="IN" wid="32">with</w>
  <w id="33" lemma="|daily|" pos="JJ" wid="33">daily</w>
  <w id="34" lemma="|prayer|" pos="NN" wid="34">prayer</w>
  <w id="35" lemma="|,|" pos="," wid="35">,</w>
  <w id="36" lemma="|the|" pos="DT" wid="36">the</w>
  <w id="37" lemma="|constant|" pos="JJ" wid="37">constant</w>
  <w id="38" lemma="|practice|" pos="NN" wid="38">practice</w>
  <w id="39" lemma="|of|" pos="IN" wid="39">of</w>
  <w id="40" lemma="|the|" pos="DT" wid="40">the</w>
  <w id="41" lemma="|virtue|" pos="NNS" wid="41">virtues</w>
  <w id="42" lemma="|,|" pos="," wid="42">,</w>
  <w id="43" lemma="|reciprocal|" pos="JJ" wid="43">reciprocal</w>
  <w id="44" lemma="|understanding|" pos="NN" wid="44">understanding</w>
  <w id="45" lemma="|and|" pos="CC" wid="45">and</w>
  <w id="46" lemma="|mutual|" pos="JJ" wid="46">mutual</w>
  <w id="47" lemma="|respect|" pos="NN" wid="47">respect</w>
  <w id="48" lemma="|.|" pos="." wid="48">.</w>
</sentence>
<sentence id="28">
  <w id="0" lemma="|I|" pos="PRP" wid="0">I</w>
  <w id="1" lemma="|then|" pos="RB" wid="1">then</w>
  <w id="2" lemma="|encourage|" pos="VBP" wid="2">encourage</w>
  <w id="3" lemma="|you|" pos="PRP" wid="3">you</w>
  <w id="4" lemma="|so|" pos="RB" wid="4">so</w>
  <w id="5" lemma="|that|" pos="IN" wid="5">that</w>
  <w id="6" lemma="|,|" pos="," wid="6">,</w>
  <w id="7" lemma="|trust|" pos="VBG" wid="7">trusting</w>
  <w id="8" lemma="|in|" pos="IN" wid="8">in</w>
  <w id="9" lemma="|the|" pos="DT" wid="9">the</w>
  <w id="10" lemma="|motherly|" pos="JJ" wid="10">motherly</w>
  <w id="11" lemma="|intercession|" pos="NN" wid="11">intercession</w>
  <w id="12" lemma="|of|" pos="IN" wid="12">of</w>
  <w id="13" lemma="|Mary|" pos="NNP" wid="13">Mary</w>
  <w id="14" lemma="|Most|" pos="NNP" wid="14">Most</w>
  <w id="15" lemma="|Holy|" pos="NNP" wid="15">Holy</w>
  <w id="16" lemma="|,|" pos="," wid="16">,</w>
  <w id="17" lemma="|Queen|" pos="NNP" wid="17">Queen</w>
  <w id="18" lemma="|of|" pos="IN" wid="18">of</w>
  <w id="19" lemma="|family|" pos="NNS" wid="19">Families</w>
  <w id="20" lemma="|,|" pos="," wid="20">,</w>
  <w id="21" lemma="|and|" pos="CC" wid="21">and</w>
  <w id="22" lemma="|under|" pos="IN" wid="22">under</w>
  <w id="23" lemma="|the|" pos="DT" wid="23">the</w>
  <w id="24" lemma="|powerful|" pos="JJ" wid="24">powerful</w>
  <w id="25" lemma="|protection|" pos="NN" wid="25">protection</w>
  <w id="26" lemma="|of|" pos="IN" wid="26">of</w>
  <w id="27" lemma="|St|" pos="NNP" wid="27">St</w>
  <w id="28" lemma="|Joseph|" pos="NNP" wid="28">Joseph</w>
  <w id="29" lemma="|,|" pos="," wid="29">,</w>
  <w id="30" lemma="|she|" pos="PRP$" wid="30">her</w>
  <w id="31" lemma="|spouse|" pos="NN" wid="31">spouse</w>
  <w id="32" lemma="|,|" pos="," wid="32">,</w>
  <w id="33" lemma="|you|" pos="PRP" wid="33">you</w>
  <w id="34" lemma="|may|" pos="MD" wid="34">may</w>
  <w id="35" lemma="|dedicate|" pos="VB" wid="35">dedicate</w>
  <w id="36" lemma="|yourselve|" pos="NNS" wid="36">yourselves</w>
  <w id="37" lemma="|tirelessly|" pos="RB" wid="37">tirelessly</w>
  <w id="38" lemma="|to|" pos="TO" wid="38">to</w>
  <w id="39" lemma="|this|" pos="DT" wid="39">this</w>
  <w id="40" lemma="|beautiful|" pos="JJ" wid="40">beautiful</w>
  <w id="41" lemma="|mission|" pos="NN" wid="41">mission</w>
  <w id="42" lemma="|which|" pos="WDT" wid="42">which</w>
  <w id="43" lemma="|the|" pos="DT" wid="43">the</w>
  <w id="44" lemma="|Lord|" pos="NNP" wid="44">Lord</w>
  <w id="45" lemma="|have|" pos="VBZ" wid="45">has</w>
  <w id="46" lemma="|place|" pos="VBN" wid="46">placed</w>
  <w id="47" lemma="|in|" pos="IN" wid="47">in</w>
  <w id="48" lemma="|you|" pos="PRP$" wid="48">your</w>
  <w id="49" lemma="|hand|" pos="NNS" wid="49">hands</w>
  <w id="50" lemma="|.|" pos="." wid="50">.</w>
</sentence>
<sentence id="29">
  <w id="0" lemma="|in|" pos="IN" wid="0">In</w>
  <w id="1" lemma="|addition|" pos="NN" wid="1">addition</w>
  <w id="2" lemma="|you|" pos="PRP" wid="2">you</w>
  <w id="3" lemma="|may|" pos="MD" wid="3">may</w>
  <w id="4" lemma="|count|" pos="VB" wid="4">count</w>
  <w id="5" lemma="|on|" pos="IN" wid="5">on</w>
  <w id="6" lemma="|my|" pos="PRP$" wid="6">my</w>
  <w id="7" lemma="|closeness|" pos="NN" wid="7">closeness</w>
  <w id="8" lemma="|and|" pos="CC" wid="8">and</w>
  <w id="9" lemma="|affection|" pos="NN" wid="9">affection</w>
  <w id="10" lemma="|,|" pos="," wid="10">,</w>
  <w id="11" lemma="|and|" pos="CC" wid="11">and</w>
  <w id="12" lemma="|I|" pos="PRP" wid="12">I</w>
  <w id="13" lemma="|ask|" pos="VBP" wid="13">ask</w>
  <w id="14" lemma="|you|" pos="PRP" wid="14">you</w>
  <w id="15" lemma="|to|" pos="TO" wid="15">to</w>
  <w id="16" lemma="|convey|" pos="VB" wid="16">convey</w>
  <w id="17" lemma="|to|" pos="TO" wid="17">to</w>
  <w id="18" lemma="|you|" pos="PRP$" wid="18">your</w>
  <w id="19" lemma="|love|" pos="VBN" wid="19">loved</w>
  <w id="20" lemma="|one|" pos="NNS" wid="20">ones</w>
  <w id="21" lemma="|who|" pos="WP" wid="21">who</w>
  <w id="22" lemma="|be|" pos="VBP" wid="22">are</w>
  <w id="23" lemma="|in|" pos="IN" wid="23">in</w>
  <w id="24" lemma="|the|" pos="DT" wid="24">the</w>
  <w id="25" lemma="|greatest|" pos="JJS" wid="25">greatest</w>
  <w id="26" lemma="|need|" pos="NN" wid="26">need</w>
  <w id="27" lemma="|or|" pos="CC" wid="27">or</w>
  <w id="28" lemma="|find|" pos="VB" wid="28">find</w>
  <w id="29" lemma="|themselves|" pos="PRP" wid="29">themselves</w>
  <w id="30" lemma="|in|" pos="IN" wid="30">in</w>
  <w id="31" lemma="|difficulty|" pos="NN" wid="31">difficulty</w>
  <w id="32" lemma="|a|" pos="DT" wid="32">a</w>
  <w id="33" lemma="|very|" pos="RB" wid="33">very</w>
  <w id="34" lemma="|special|" pos="JJ" wid="34">special</w>
  <w id="35" lemma="|greet|" pos="VBG" wid="35">greeting</w>
  <w id="36" lemma="|from|" pos="IN" wid="36">from</w>
  <w id="37" lemma="|the|" pos="DT" wid="37">the</w>
  <w id="38" lemma="|Pope|" pos="NNP" wid="38">Pope</w>
  <w id="39" lemma="|.|" pos="." wid="39">.</w>
</sentence>
<sentence id="30">
  <w id="0" lemma="|I|" pos="PRP" wid="0">I</w>
  <w id="1" lemma="|warmly|" pos="RB" wid="1">warmly</w>
  <w id="2" lemma="|bless|" pos="VBP" wid="2">bless</w>
  <w id="3" lemma="|you|" pos="PRP" wid="3">you</w>
  <w id="4" lemma="|all|" pos="DT" wid="4">all</w>
  <w id="5" lemma="|.|" pos="." wid="5">.</w>
</sentence>
<sentence id="31">
  <w id="0" lemma="|after|" pos="IN" wid="0">After</w>
  <w id="1" lemma="|the|" pos="DT" wid="1">the</w>
  <w id="2" lemma="|Angelus|" pos="NNP" wid="2">Angelus</w>
  <w id="3" lemma="|:|" pos=":" wid="3">:</w>
  <w id="4" lemma="|I|" pos="PRP" wid="4">I</w>
  <w id="5" lemma="|be|" pos="VBP" wid="5">am</w>
  <w id="6" lemma="|happy|" pos="JJ" wid="6">happy</w>
  <w id="7" lemma="|to|" pos="TO" wid="7">to</w>
  <w id="8" lemma="|greet|" pos="VB" wid="8">greet</w>
  <w id="9" lemma="|all|" pos="PDT" wid="9">all</w>
  <w id="10" lemma="|the|" pos="DT" wid="10">the</w>
  <w id="11" lemma="|english-speaking|" pos="JJ" wid="11">English-speaking</w>
  <w id="12" lemma="|visitor|" pos="NNS" wid="12">visitors</w>
  <w id="13" lemma="|present|" pos="JJ" wid="13">present</w>
  <w id="14" lemma="|at|" pos="IN" wid="14">at</w>
  <w id="15" lemma="|this|" pos="DT" wid="15">this</w>
  <w id="16" lemma="|angelus|" pos="JJ" wid="16">Angelus</w>
  <w id="17" lemma="|prayer|" pos="NN" wid="17">prayer</w>
  <w id="18" lemma="|.|" pos="." wid="18">.</w>
</sentence>
<sentence id="32">
  <w id="0" lemma="|today|" pos="NN" wid="0">Today</w>
  <w id="1" lemma="|we|" pos="PRP" wid="1">we</w>
  <w id="2" lemma="|celebrate|" pos="VBP" wid="2">celebrate</w>
  <w id="3" lemma="|with|" pos="IN" wid="3">with</w>
  <w id="4" lemma="|joy|" pos="NN" wid="4">joy</w>
  <w id="5" lemma="|the|" pos="DT" wid="5">the</w>
  <w id="6" lemma="|Feast|" pos="NNP" wid="6">Feast</w>
  <w id="7" lemma="|of|" pos="IN" wid="7">of</w>
  <w id="8" lemma="|the|" pos="DT" wid="8">the</w>
  <w id="9" lemma="|Holy|" pos="NNP" wid="9">Holy</w>
  <w id="10" lemma="|Family|" pos="NNP" wid="10">Family</w>
  <w id="11" lemma="|,|" pos="," wid="11">,</w>
  <w id="12" lemma="|who|" pos="WP" wid="12">who</w>
  <w id="13" lemma="|share|" pos="VBD" wid="13">shared</w>
  <w id="14" lemma="|with|" pos="IN" wid="14">with</w>
  <w id="15" lemma="|we|" pos="PRP" wid="15">us</w>
  <w id="16" lemma="|this|" pos="DT" wid="16">this</w>
  <w id="17" lemma="|fundamental|" pos="JJ" wid="17">fundamental</w>
  <w id="18" lemma="|human|" pos="JJ" wid="18">human</w>
  <w id="19" lemma="|experience|" pos="NN" wid="19">experience</w>
  <w id="20" lemma="|.|" pos="." wid="20">.</w>
</sentence>
<sentence id="33">
  <w id="0" lemma="|I|" pos="PRP" wid="0">I</w>
  <w id="1" lemma="|pray|" pos="VBP" wid="1">pray</w>
  <w id="2" lemma="|that|" pos="IN" wid="2">that</w>
  <w id="3" lemma="|the|" pos="DT" wid="3">the</w>
  <w id="4" lemma="|Lord|" pos="NNP" wid="4">Lord</w>
  <w id="5" lemma="|may|" pos="MD" wid="5">may</w>
  <w id="6" lemma="|bless|" pos="VB" wid="6">bless</w>
  <w id="7" lemma="|all|" pos="DT" wid="7">all</w>
  <w id="8" lemma="|Christian|" pos="NNP" wid="8">Christian</w>
  <w id="9" lemma="|family|" pos="NNS" wid="9">families</w>
  <w id="10" lemma="|and|" pos="CC" wid="10">and</w>
  <w id="11" lemma="|assist|" pos="VB" wid="11">assist</w>
  <w id="12" lemma="|they|" pos="PRP" wid="12">them</w>
  <w id="13" lemma="|in|" pos="IN" wid="13">in</w>
  <w id="14" lemma="|live|" pos="VBG" wid="14">living</w>
  <w id="15" lemma="|they|" pos="PRP$" wid="15">their</w>
  <w id="16" lemma="|daily|" pos="JJ" wid="16">daily</w>
  <w id="17" lemma="|life|" pos="NN" wid="17">life</w>
  <w id="18" lemma="|in|" pos="IN" wid="18">in</w>
  <w id="19" lemma="|mutual|" pos="JJ" wid="19">mutual</w>
  <w id="20" lemma="|love|" pos="NN" wid="20">love</w>
  <w id="21" lemma="|and|" pos="CC" wid="21">and</w>
  <w id="22" lemma="|in|" pos="IN" wid="22">in</w>
  <w id="23" lemma="|generosity|" pos="NN" wid="23">generosity</w>
  <w id="24" lemma="|to|" pos="TO" wid="24">to</w>
  <w id="25" lemma="|other|" pos="NNS" wid="25">others</w>
  <w id="26" lemma="|,|" pos="," wid="26">,</w>
  <w id="27" lemma="|after|" pos="IN" wid="27">after</w>
  <w id="28" lemma="|the|" pos="DT" wid="28">the</w>
  <w id="29" lemma="|example|" pos="NN" wid="29">example</w>
  <w id="30" lemma="|of|" pos="IN" wid="30">of</w>
  <w id="31" lemma="|Jesus|" pos="NNP" wid="31">Jesus</w>
  <w id="32" lemma="|,|" pos="," wid="32">,</w>
  <w id="33" lemma="|Mary|" pos="NNP" wid="33">Mary</w>
  <w id="34" lemma="|and|" pos="CC" wid="34">and</w>
  <w id="35" lemma="|Joseph|" pos="NNP" wid="35">Joseph</w>
  <w id="36" lemma="|.|" pos="." wid="36">.</w>
</sentence>
<sentence id="34">
  <w id="0" lemma="|May|" pos="NNP" wid="0">May</w>
  <w id="1" lemma="|Almighty|" pos="NNP" wid="1">Almighty</w>
  <w id="2" lemma="|God|" pos="NNP" wid="2">God</w>
  <w id="3" lemma="|continue|" pos="VBP" wid="3">continue</w>
  <w id="4" lemma="|to|" pos="TO" wid="4">to</w>
  <w id="5" lemma="|bless|" pos="VB" wid="5">bless</w>
  <w id="6" lemma="|you|" pos="PRP" wid="6">you</w>
  <w id="7" lemma="|all|" pos="DT" wid="7">all</w>
  <w id="8" lemma="|with|" pos="IN" wid="8">with</w>
  <w id="9" lemma="|peace|" pos="NN" wid="9">peace</w>
  <w id="10" lemma="|and|" pos="CC" wid="10">and</w>
  <w id="11" lemma="|joy|" pos="NN" wid="11">joy</w>
  <w id="12" lemma="|during|" pos="IN" wid="12">during</w>
  <w id="13" lemma="|this|" pos="DT" wid="13">this</w>
  <w id="14" lemma="|Christmas|" pos="NNP" wid="14">Christmas</w>
  <w id="15" lemma="|season|" pos="NN" wid="15">Season</w>
  <w id="16" lemma="|!|" pos="." wid="16">!</w>
</sentence>
<sentence id="35">
  <w id="0" lemma="|best|" pos="NN" wid="0">Best</w>
  <w id="1" lemma="|wish|" pos="VBZ" wid="1">wishes</w>
  <w id="2" lemma="|to|" pos="TO" wid="2">to</w>
  <w id="3" lemma="|all|" pos="DT" wid="3">all</w>
  <w id="4" lemma="|!|" pos="." wid="4">!</w>
</sentence>
</corpus>