<corpus id="0">
<sentence id="0">
  <w id="0" lemma="|Dear|" pos="NNP" wid="0">Dear</w>
  <w id="1" lemma="|Brothers|" pos="NNPS" wid="1">Brothers</w>
  <w id="2" lemma="|and|" pos="CC" wid="2">and</w>
  <w id="3" lemma="|sister|" pos="NNS" wid="3">Sisters</w>
  <w id="4" lemma="|,|" pos="," wid="4">,</w>
  <w id="5" lemma="|I|" pos="PRP" wid="5">I</w>
  <w id="6" lemma="|thank|" pos="VBP" wid="6">thank</w>
  <w id="7" lemma="|the|" pos="DT" wid="7">the</w>
  <w id="8" lemma="|Lord|" pos="NNP" wid="8">Lord</w>
  <w id="9" lemma="|who|" pos="WP" wid="9">who</w>
  <w id="10" lemma="|this|" pos="DT" wid="10">this</w>
  <w id="11" lemma="|year|" pos="NN" wid="11">year</w>
  <w id="12" lemma="|have|" pos="VBZ" wid="12">has</w>
  <w id="13" lemma="|grant|" pos="VBN" wid="13">granted</w>
  <w id="14" lemma="|I|" pos="PRP" wid="14">me</w>
  <w id="15" lemma="|the|" pos="DT" wid="15">the</w>
  <w id="16" lemma="|opportunity|" pos="NN" wid="16">opportunity</w>
  <w id="17" lemma="|to|" pos="TO" wid="17">to</w>
  <w id="18" lemma="|spend|" pos="VB" wid="18">spend</w>
  <w id="19" lemma="|a|" pos="DT" wid="19">a</w>
  <w id="20" lemma="|few|" pos="JJ" wid="20">few</w>
  <w id="21" lemma="|day|" pos="NNS" wid="21">days</w>
  <w id="22" lemma="|of|" pos="IN" wid="22">of</w>
  <w id="23" lemma="|rest|" pos="NN" wid="23">rest</w>
  <w id="24" lemma="|in|" pos="IN" wid="24">in</w>
  <w id="25" lemma="|the|" pos="DT" wid="25">the</w>
  <w id="26" lemma="|mountain|" pos="NNS" wid="26">mountains</w>
  <w id="27" lemma="|,|" pos="," wid="27">,</w>
  <w id="28" lemma="|and|" pos="CC" wid="28">and</w>
  <w id="29" lemma="|I|" pos="PRP" wid="29">I</w>
  <w id="30" lemma="|be|" pos="VBP" wid="30">am</w>
  <w id="31" lemma="|grateful|" pos="JJ" wid="31">grateful</w>
  <w id="32" lemma="|to|" pos="TO" wid="32">to</w>
  <w id="33" lemma="|all|" pos="DT" wid="33">all</w>
  <w id="34" lemma="|who|" pos="WP" wid="34">who</w>
  <w id="35" lemma="|have|" pos="VBP" wid="35">have</w>
  <w id="36" lemma="|welcome|" pos="VBN" wid="36">welcomed</w>
  <w id="37" lemma="|I|" pos="PRP" wid="37">me</w>
  <w id="38" lemma="|here|" pos="RB" wid="38">here</w>
  <w id="39" lemma="|at|" pos="IN" wid="39">at</w>
  <w id="40" lemma="|Lorenzago|" pos="NNP" wid="40">Lorenzago</w>
  <w id="41" lemma="|,|" pos="," wid="41">,</w>
  <w id="42" lemma="|in|" pos="IN" wid="42">in</w>
  <w id="43" lemma="|this|" pos="DT" wid="43">this</w>
  <w id="44" lemma="|enchant|" pos="VBG" wid="44">enchanting</w>
  <w id="45" lemma="|setting|" pos="NN" wid="45">setting</w>
  <w id="46" lemma="|with|" pos="IN" wid="46">with</w>
  <w id="47" lemma="|the|" pos="DT" wid="47">the</w>
  <w id="48" lemma="|peak|" pos="NNS" wid="48">peaks</w>
  <w id="49" lemma="|of|" pos="IN" wid="49">of</w>
  <w id="50" lemma="|Mount|" pos="NNP" wid="50">Mount</w>
  <w id="51" lemma="|Cadore|" pos="NNP" wid="51">Cadore</w>
  <w id="52" lemma="|in|" pos="IN" wid="52">in</w>
  <w id="53" lemma="|the|" pos="DT" wid="53">the</w>
  <w id="54" lemma="|background|" pos="NN" wid="54">background</w>
  <w id="55" lemma="|,|" pos="," wid="55">,</w>
  <w id="56" lemma="|which|" pos="WDT" wid="56">which</w>
  <w id="57" lemma="|my|" pos="PRP$" wid="57">my</w>
  <w id="58" lemma="|beloved|" pos="JJ" wid="58">beloved</w>
  <w id="59" lemma="|Predecessor|" pos="NNP" wid="59">Predecessor</w>
  <w id="60" lemma="|Pope|" pos="NNP" wid="60">Pope</w>
  <w id="61" lemma="|John|" pos="NNP" wid="61">John</w>
  <w id="62" lemma="|Paul|" pos="NNP" wid="62">Paul</w>
  <w id="63" lemma="|II|" pos="NNP" wid="63">II</w>
  <w id="64" lemma="|also|" pos="RB" wid="64">also</w>
  <w id="65" lemma="|visit|" pos="VBD" wid="65">visited</w>
  <w id="66" lemma="|several|" pos="JJ" wid="66">several</w>
  <w id="67" lemma="|time|" pos="NNS" wid="67">times</w>
  <w id="68" lemma="|.|" pos="." wid="68">.</w>
</sentence>
<sentence id="1">
  <w id="0" lemma="|I|" pos="PRP" wid="0">I</w>
  <w id="1" lemma="|offer|" pos="VBP" wid="1">offer</w>
  <w id="2" lemma="|special|" pos="JJ" wid="2">special</w>
  <w id="3" lemma="|thanks|" pos="NNS" wid="3">thanks</w>
  <w id="4" lemma="|to|" pos="TO" wid="4">to</w>
  <w id="5" lemma="|the|" pos="DT" wid="5">the</w>
  <w id="6" lemma="|bishop|" pos="NNS" wid="6">Bishops</w>
  <w id="7" lemma="|of|" pos="IN" wid="7">of</w>
  <w id="8" lemma="|Treviso|" pos="NNP" wid="8">Treviso</w>
  <w id="9" lemma="|and|" pos="CC" wid="9">and</w>
  <w id="10" lemma="|Belluno-Feltre|" pos="NNP" wid="10">Belluno-Feltre</w>
  <w id="11" lemma="|,|" pos="," wid="11">,</w>
  <w id="12" lemma="|and|" pos="CC" wid="12">and</w>
  <w id="13" lemma="|to|" pos="TO" wid="13">to</w>
  <w id="14" lemma="|all|" pos="DT" wid="14">all</w>
  <w id="15" lemma="|who|" pos="WP" wid="15">who</w>
  <w id="16" lemma="|in|" pos="IN" wid="16">in</w>
  <w id="17" lemma="|various|" pos="JJ" wid="17">various</w>
  <w id="18" lemma="|way|" pos="NNS" wid="18">ways</w>
  <w id="19" lemma="|have|" pos="VBP" wid="19">have</w>
  <w id="20" lemma="|help|" pos="VBN" wid="20">helped</w>
  <w id="21" lemma="|to|" pos="TO" wid="21">to</w>
  <w id="22" lemma="|assure|" pos="VB" wid="22">assure</w>
  <w id="23" lemma="|I|" pos="PRP" wid="23">me</w>
  <w id="24" lemma="|a|" pos="DT" wid="24">a</w>
  <w id="25" lemma="|peaceful|" pos="JJ" wid="25">peaceful</w>
  <w id="26" lemma="|stay|" pos="NN" wid="26">stay</w>
  <w id="27" lemma="|that|" pos="WDT" wid="27">that</w>
  <w id="28" lemma="|serve|" pos="VBZ" wid="28">serves</w>
  <w id="29" lemma="|its|" pos="PRP$" wid="29">its</w>
  <w id="30" lemma="|purpose|" pos="NN" wid="30">purpose</w>
  <w id="31" lemma="|.|" pos="." wid="31">.</w>
</sentence>
<sentence id="2">
  <w id="0" lemma="|before|" pos="IN" wid="0">Before</w>
  <w id="1" lemma="|this|" pos="DT" wid="1">this</w>
  <w id="2" lemma="|view|" pos="NN" wid="2">view</w>
  <w id="3" lemma="|of|" pos="IN" wid="3">of</w>
  <w id="4" lemma="|meadow|" pos="NNS" wid="4">meadows</w>
  <w id="5" lemma="|,|" pos="," wid="5">,</w>
  <w id="6" lemma="|wood|" pos="NNS" wid="6">woods</w>
  <w id="7" lemma="|and|" pos="CC" wid="7">and</w>
  <w id="8" lemma="|peak|" pos="NNS" wid="8">peaks</w>
  <w id="9" lemma="|soar|" pos="VBG" wid="9">soaring</w>
  <w id="10" lemma="|to|" pos="TO" wid="10">to</w>
  <w id="11" lemma="|the|" pos="DT" wid="11">the</w>
  <w id="12" lemma="|sky|" pos="NN" wid="12">sky</w>
  <w id="13" lemma="|,|" pos="," wid="13">,</w>
  <w id="14" lemma="|the|" pos="DT" wid="14">the</w>
  <w id="15" lemma="|desire|" pos="NN" wid="15">desire</w>
  <w id="16" lemma="|to|" pos="TO" wid="16">to</w>
  <w id="17" lemma="|praise|" pos="VB" wid="17">praise</w>
  <w id="18" lemma="|God|" pos="NNP" wid="18">God</w>
  <w id="19" lemma="|for|" pos="IN" wid="19">for</w>
  <w id="20" lemma="|the|" pos="DT" wid="20">the</w>
  <w id="21" lemma="|marvel|" pos="NNS" wid="21">marvels</w>
  <w id="22" lemma="|of|" pos="IN" wid="22">of</w>
  <w id="23" lemma="|he|" pos="PRP$" wid="23">his</w>
  <w id="24" lemma="|work|" pos="NNS" wid="24">works</w>
  <w id="25" lemma="|spontaneously|" pos="RB" wid="25">spontaneously</w>
  <w id="26" lemma="|well|" pos="NNS" wid="26">wells</w>
  <w id="27" lemma="|up|" pos="RB" wid="27">up</w>
  <w id="28" lemma="|in|" pos="IN" wid="28">in</w>
  <w id="29" lemma="|one|" pos="NN" wid="29">one</w>
  <w id="30" lemma="|'s|" pos="POS" wid="30">'s</w>
  <w id="31" lemma="|heart|" pos="NN" wid="31">heart</w>
  <w id="32" lemma="|and|" pos="CC" wid="32">and</w>
  <w id="33" lemma="|we|" pos="PRP$" wid="33">our</w>
  <w id="34" lemma="|admiration|" pos="NN" wid="34">admiration</w>
  <w id="35" lemma="|for|" pos="IN" wid="35">for</w>
  <w id="36" lemma="|these|" pos="DT" wid="36">these</w>
  <w id="37" lemma="|beauty|" pos="NNS" wid="37">beauties</w>
  <w id="38" lemma="|of|" pos="IN" wid="38">of</w>
  <w id="39" lemma="|nature|" pos="NN" wid="39">nature</w>
  <w id="40" lemma="|be|" pos="VBZ" wid="40">is</w>
  <w id="41" lemma="|easily|" pos="RB" wid="41">easily</w>
  <w id="42" lemma="|transform|" pos="VBN" wid="42">transformed</w>
  <w id="43" lemma="|into|" pos="IN" wid="43">into</w>
  <w id="44" lemma="|prayer|" pos="NN" wid="44">prayer</w>
  <w id="45" lemma="|.|" pos="." wid="45">.</w>
</sentence>
<sentence id="3">
  <w id="0" lemma="|every|" pos="DT" wid="0">Every</w>
  <w id="1" lemma="|good|" pos="JJ" wid="1">good</w>
  <w id="2" lemma="|Christian|" pos="NNP" wid="2">Christian</w>
  <w id="3" lemma="|know|" pos="VBZ" wid="3">knows</w>
  <w id="4" lemma="|that|" pos="IN" wid="4">that</w>
  <w id="5" lemma="|vacation|" pos="NNS" wid="5">vacations</w>
  <w id="6" lemma="|be|" pos="VBP" wid="6">are</w>
  <w id="7" lemma="|a|" pos="DT" wid="7">an</w>
  <w id="8" lemma="|appropriate|" pos="JJ" wid="8">appropriate</w>
  <w id="9" lemma="|time|" pos="NN" wid="9">time</w>
  <w id="10" lemma="|for|" pos="IN" wid="10">for</w>
  <w id="11" lemma="|relaxation|" pos="NN" wid="11">relaxation</w>
  <w id="12" lemma="|and|" pos="CC" wid="12">and</w>
  <w id="13" lemma="|also|" pos="RB" wid="13">also</w>
  <w id="14" lemma="|the|" pos="DT" wid="14">the</w>
  <w id="15" lemma="|nourishment|" pos="NN" wid="15">nourishment</w>
  <w id="16" lemma="|of|" pos="IN" wid="16">of</w>
  <w id="17" lemma="|the|" pos="DT" wid="17">the</w>
  <w id="18" lemma="|spirit|" pos="NN" wid="18">spirit</w>
  <w id="19" lemma="|through|" pos="IN" wid="19">through</w>
  <w id="20" lemma="|more|" pos="RBR" wid="20">more</w>
  <w id="21" lemma="|extended|" pos="JJ" wid="21">extended</w>
  <w id="22" lemma="|period|" pos="NNS" wid="22">periods</w>
  <w id="23" lemma="|of|" pos="IN" wid="23">of</w>
  <w id="24" lemma="|prayer|" pos="NN" wid="24">prayer</w>
  <w id="25" lemma="|and|" pos="CC" wid="25">and</w>
  <w id="26" lemma="|meditation|" pos="NN" wid="26">meditation</w>
  <w id="27" lemma="|,|" pos="," wid="27">,</w>
  <w id="28" lemma="|in|" pos="IN" wid="28">in</w>
  <w id="29" lemma="|order|" pos="NN" wid="29">order</w>
  <w id="30" lemma="|to|" pos="TO" wid="30">to</w>
  <w id="31" lemma="|grow|" pos="VB" wid="31">grow</w>
  <w id="32" lemma="|in|" pos="IN" wid="32">in</w>
  <w id="33" lemma="|one|" pos="NN" wid="33">one</w>
  <w id="34" lemma="|'s|" pos="POS" wid="34">'s</w>
  <w id="35" lemma="|personal|" pos="JJ" wid="35">personal</w>
  <w id="36" lemma="|relationship|" pos="NN" wid="36">relationship</w>
  <w id="37" lemma="|with|" pos="IN" wid="37">with</w>
  <w id="38" lemma="|Christ|" pos="NNP" wid="38">Christ</w>
  <w id="39" lemma="|and|" pos="CC" wid="39">and</w>
  <w id="40" lemma="|to|" pos="TO" wid="40">to</w>
  <w id="41" lemma="|conform|" pos="VB" wid="41">conform</w>
  <w id="42" lemma="|increasingly|" pos="RB" wid="42">increasingly</w>
  <w id="43" lemma="|to|" pos="TO" wid="43">to</w>
  <w id="44" lemma="|he|" pos="PRP$" wid="44">his</w>
  <w id="45" lemma="|teaching|" pos="NNS" wid="45">teachings</w>
  <w id="46" lemma="|.|" pos="." wid="46">.</w>
</sentence>
<sentence id="4">
  <w id="0" lemma="|today|" pos="NN" wid="0">Today</w>
  <w id="1" lemma="|,|" pos="," wid="1">,</w>
  <w id="2" lemma="|for|" pos="IN" wid="2">for</w>
  <w id="3" lemma="|example|" pos="NN" wid="3">example</w>
  <w id="4" lemma="|,|" pos="," wid="4">,</w>
  <w id="5" lemma="|the|" pos="DT" wid="5">the</w>
  <w id="6" lemma="|liturgy|" pos="NN" wid="6">liturgy</w>
  <w id="7" lemma="|invite|" pos="VBZ" wid="7">invites</w>
  <w id="8" lemma="|we|" pos="PRP" wid="8">us</w>
  <w id="9" lemma="|to|" pos="TO" wid="9">to</w>
  <w id="10" lemma="|reflect|" pos="VB" wid="10">reflect</w>
  <w id="11" lemma="|on|" pos="IN" wid="11">on</w>
  <w id="12" lemma="|the|" pos="DT" wid="12">the</w>
  <w id="13" lemma="|famous|" pos="JJ" wid="13">famous</w>
  <w id="14" lemma="|parable|" pos="NN" wid="14">Parable</w>
  <w id="15" lemma="|of|" pos="IN" wid="15">of</w>
  <w id="16" lemma="|the|" pos="DT" wid="16">the</w>
  <w id="17" lemma="|good|" pos="JJ" wid="17">Good</w>
  <w id="18" lemma="|samaritan|" pos="NN" wid="18">Samaritan</w>
  <w id="19" lemma="|-lrb-|" pos="-LRB-" wid="19">-LRB-</w>
  <w id="20" lemma="|cf|" pos="NN" wid="20">cf</w>
  <w id="21" lemma="|.|" pos="." wid="21">.</w>
</sentence>
<sentence id="5">
  <w id="0" lemma="|lk|" pos="NN" wid="0">Lk</w>
  <w id="1" lemma="|10|" pos="CD" wid="1">10</w>
  <w id="2" lemma="|:|" pos=":" wid="2">:</w>
  <w id="3" lemma="|25-37|" pos="CD" wid="3">25-37</w>
  <w id="4" lemma="|-rrb-|" pos="-RRB-" wid="4">-RRB-</w>
  <w id="5" lemma="|,|" pos="," wid="5">,</w>
  <w id="6" lemma="|which|" pos="WDT" wid="6">which</w>
  <w id="7" lemma="|introduce|" pos="VBZ" wid="7">introduces</w>
  <w id="8" lemma="|we|" pos="PRP" wid="8">us</w>
  <w id="9" lemma="|into|" pos="IN" wid="9">into</w>
  <w id="10" lemma="|the|" pos="DT" wid="10">the</w>
  <w id="11" lemma="|heart|" pos="NN" wid="11">heart</w>
  <w id="12" lemma="|of|" pos="IN" wid="12">of</w>
  <w id="13" lemma="|the|" pos="DT" wid="13">the</w>
  <w id="14" lemma="|Gospel|" pos="NNP" wid="14">Gospel</w>
  <w id="15" lemma="|message|" pos="NN" wid="15">message</w>
  <w id="16" lemma="|:|" pos=":" wid="16">:</w>
  <w id="17" lemma="|love|" pos="NN" wid="17">love</w>
  <w id="18" lemma="|for|" pos="IN" wid="18">for</w>
  <w id="19" lemma="|god|" pos="NN" wid="19">God</w>
  <w id="20" lemma="|and|" pos="CC" wid="20">and</w>
  <w id="21" lemma="|love|" pos="NN" wid="21">love</w>
  <w id="22" lemma="|for|" pos="IN" wid="22">for</w>
  <w id="23" lemma="|neighbour|" pos="NN" wid="23">neighbour</w>
  <w id="24" lemma="|.|" pos="." wid="24">.</w>
</sentence>
<sentence id="6">
  <w id="0" lemma="|but|" pos="CC" wid="0">But</w>
  <w id="1" lemma="|the|" pos="DT" wid="1">the</w>
  <w id="2" lemma="|person|" pos="NN" wid="2">person</w>
  <w id="3" lemma="|speak|" pos="VBG" wid="3">speaking</w>
  <w id="4" lemma="|to|" pos="TO" wid="4">to</w>
  <w id="5" lemma="|Jesus|" pos="NNP" wid="5">Jesus</w>
  <w id="6" lemma="|ask|" pos="VBZ" wid="6">asks</w>
  <w id="7" lemma="|:|" pos=":" wid="7">:</w>
  <w id="8" lemma="|who|" pos="WP" wid="8">who</w>
  <w id="9" lemma="|be|" pos="VBZ" wid="9">is</w>
  <w id="10" lemma="|my|" pos="PRP$" wid="10">my</w>
  <w id="11" lemma="|neighbour|" pos="NN" wid="11">neighbour</w>
  <w id="12" lemma="|?|" pos="." wid="12">?</w>
</sentence>
<sentence id="7">
  <w id="0" lemma="|and|" pos="CC" wid="0">And</w>
  <w id="1" lemma="|the|" pos="DT" wid="1">the</w>
  <w id="2" lemma="|Lord|" pos="NNP" wid="2">Lord</w>
  <w id="3" lemma="|answer|" pos="NNS" wid="3">answers</w>
  <w id="4" lemma="|by|" pos="IN" wid="4">by</w>
  <w id="5" lemma="|reverse|" pos="VBG" wid="5">reversing</w>
  <w id="6" lemma="|the|" pos="DT" wid="6">the</w>
  <w id="7" lemma="|question|" pos="NN" wid="7">question</w>
  <w id="8" lemma="|and|" pos="CC" wid="8">and</w>
  <w id="9" lemma="|show|" pos="VBG" wid="9">showing</w>
  <w id="10" lemma="|through|" pos="IN" wid="10">through</w>
  <w id="11" lemma="|the|" pos="DT" wid="11">the</w>
  <w id="12" lemma="|account|" pos="NN" wid="12">account</w>
  <w id="13" lemma="|of|" pos="IN" wid="13">of</w>
  <w id="14" lemma="|the|" pos="DT" wid="14">the</w>
  <w id="15" lemma="|Good|" pos="NNP" wid="15">Good</w>
  <w id="16" lemma="|Samaritan|" pos="NNP" wid="16">Samaritan</w>
  <w id="17" lemma="|that|" pos="IN" wid="17">that</w>
  <w id="18" lemma="|each|" pos="DT" wid="18">each</w>
  <w id="19" lemma="|one|" pos="CD" wid="19">one</w>
  <w id="20" lemma="|of|" pos="IN" wid="20">of</w>
  <w id="21" lemma="|we|" pos="PRP" wid="21">us</w>
  <w id="22" lemma="|must|" pos="MD" wid="22">must</w>
  <w id="23" lemma="|make|" pos="VB" wid="23">make</w>
  <w id="24" lemma="|himself|" pos="PRP" wid="24">himself</w>
  <w id="25" lemma="|close|" pos="RB" wid="25">close</w>
  <w id="26" lemma="|to|" pos="TO" wid="26">to</w>
  <w id="27" lemma="|every|" pos="DT" wid="27">every</w>
  <w id="28" lemma="|person|" pos="NN" wid="28">person</w>
  <w id="29" lemma="|he|" pos="PRP" wid="29">he</w>
  <w id="30" lemma="|meet|" pos="VBZ" wid="30">meets</w>
  <w id="31" lemma="|:|" pos=":" wid="31">:</w>
  <w id="32" lemma="|``|" pos="``" wid="32">``</w>
  <w id="33" lemma="|go|" pos="VB" wid="33">Go</w>
  <w id="34" lemma="|and|" pos="CC" wid="34">and</w>
  <w id="35" lemma="|do|" pos="VB" wid="35">do</w>
  <w id="36" lemma="|likewise|" pos="RB" wid="36">likewise</w>
  <w id="37" lemma="|''|" pos="''" wid="37">''</w>
  <w id="38" lemma="|-lrb-|" pos="-LRB-" wid="38">-LRB-</w>
  <w id="39" lemma="|lk|" pos="NN" wid="39">Lk</w>
  <w id="40" lemma="|10|" pos="CD" wid="40">10</w>
  <w id="41" lemma="|:|" pos=":" wid="41">:</w>
  <w id="42" lemma="|37|" pos="CD" wid="42">37</w>
  <w id="43" lemma="|-rrb-|" pos="-RRB-" wid="43">-RRB-</w>
  <w id="44" lemma="|.|" pos="." wid="44">.</w>
</sentence>
<sentence id="8">
  <w id="0" lemma="|Loving|" pos="NNP" wid="0">Loving</w>
  <w id="1" lemma="|,|" pos="," wid="1">,</w>
  <w id="2" lemma="|Jesus|" pos="NNP" wid="2">Jesus</w>
  <w id="3" lemma="|say|" pos="VBZ" wid="3">says</w>
  <w id="4" lemma="|,|" pos="," wid="4">,</w>
  <w id="5" lemma="|mean|" pos="VBZ" wid="5">means</w>
  <w id="6" lemma="|act|" pos="VBG" wid="6">acting</w>
  <w id="7" lemma="|like|" pos="IN" wid="7">like</w>
  <w id="8" lemma="|the|" pos="DT" wid="8">the</w>
  <w id="9" lemma="|Good|" pos="NNP" wid="9">Good</w>
  <w id="10" lemma="|Samaritan|" pos="NNP" wid="10">Samaritan</w>
  <w id="11" lemma="|.|" pos="." wid="11">.</w>
</sentence>
<sentence id="9">
  <w id="0" lemma="|and|" pos="CC" wid="0">And</w>
  <w id="1" lemma="|we|" pos="PRP" wid="1">we</w>
  <w id="2" lemma="|know|" pos="VBP" wid="2">know</w>
  <w id="3" lemma="|that|" pos="IN" wid="3">that</w>
  <w id="4" lemma="|he|" pos="PRP" wid="4">he</w>
  <w id="5" lemma="|himself|" pos="PRP" wid="5">himself</w>
  <w id="6" lemma="|be|" pos="VBZ" wid="6">is</w>
  <w id="7" lemma="|the|" pos="DT" wid="7">the</w>
  <w id="8" lemma="|Good|" pos="NNP" wid="8">Good</w>
  <w id="9" lemma="|Samaritan|" pos="NNP" wid="9">Samaritan</w>
  <w id="10" lemma="|par|" pos="NN" wid="10">par</w>
  <w id="11" lemma="|excellence|" pos="NN" wid="11">excellence</w>
  <w id="12" lemma="|;|" pos=":" wid="12">;</w>
  <w id="13" lemma="|although|" pos="IN" wid="13">although</w>
  <w id="14" lemma="|he|" pos="PRP" wid="14">he</w>
  <w id="15" lemma="|be|" pos="VBD" wid="15">was</w>
  <w id="16" lemma="|God|" pos="NNP" wid="16">God</w>
  <w id="17" lemma="|,|" pos="," wid="17">,</w>
  <w id="18" lemma="|he|" pos="PRP" wid="18">he</w>
  <w id="19" lemma="|do|" pos="VBD" wid="19">did</w>
  <w id="20" lemma="|not|" pos="RB" wid="20">not</w>
  <w id="21" lemma="|hesitate|" pos="VB" wid="21">hesitate</w>
  <w id="22" lemma="|to|" pos="TO" wid="22">to</w>
  <w id="23" lemma="|humble|" pos="JJ" wid="23">humble</w>
  <w id="24" lemma="|himself|" pos="PRP" wid="24">himself</w>
  <w id="25" lemma="|to|" pos="TO" wid="25">to</w>
  <w id="26" lemma="|the|" pos="DT" wid="26">the</w>
  <w id="27" lemma="|point|" pos="NN" wid="27">point</w>
  <w id="28" lemma="|of|" pos="IN" wid="28">of</w>
  <w id="29" lemma="|become|" pos="VBG" wid="29">becoming</w>
  <w id="30" lemma="|a|" pos="DT" wid="30">a</w>
  <w id="31" lemma="|man|" pos="NN" wid="31">man</w>
  <w id="32" lemma="|and|" pos="CC" wid="32">and</w>
  <w id="33" lemma="|give|" pos="VBG" wid="33">giving</w>
  <w id="34" lemma="|he|" pos="PRP$" wid="34">his</w>
  <w id="35" lemma="|life|" pos="NN" wid="35">life</w>
  <w id="36" lemma="|for|" pos="IN" wid="36">for</w>
  <w id="37" lemma="|we|" pos="PRP" wid="37">us</w>
  <w id="38" lemma="|.|" pos="." wid="38">.</w>
</sentence>
<sentence id="10">
  <w id="0" lemma="|love|" pos="NN" wid="0">Love</w>
  <w id="1" lemma="|be|" pos="VBZ" wid="1">is</w>
  <w id="2" lemma="|therefore|" pos="RB" wid="2">therefore</w>
  <w id="3" lemma="|the|" pos="DT" wid="3">the</w>
  <w id="4" lemma="|``|" pos="``" wid="4">``</w>
  <w id="5" lemma="|heart|" pos="NN" wid="5">heart</w>
  <w id="6" lemma="|''|" pos="''" wid="6">''</w>
  <w id="7" lemma="|of|" pos="IN" wid="7">of</w>
  <w id="8" lemma="|Christian|" pos="NNP" wid="8">Christian</w>
  <w id="9" lemma="|life|" pos="NN" wid="9">life</w>
  <w id="10" lemma="|;|" pos=":" wid="10">;</w>
  <w id="11" lemma="|indeed|" pos="RB" wid="11">indeed</w>
  <w id="12" lemma="|,|" pos="," wid="12">,</w>
  <w id="13" lemma="|love|" pos="NN" wid="13">love</w>
  <w id="14" lemma="|alone|" pos="RB" wid="14">alone</w>
  <w id="15" lemma="|,|" pos="," wid="15">,</w>
  <w id="16" lemma="|awaken|" pos="VBN" wid="16">awakened</w>
  <w id="17" lemma="|in|" pos="IN" wid="17">in</w>
  <w id="18" lemma="|we|" pos="PRP" wid="18">us</w>
  <w id="19" lemma="|by|" pos="IN" wid="19">by</w>
  <w id="20" lemma="|the|" pos="DT" wid="20">the</w>
  <w id="21" lemma="|Holy|" pos="NNP" wid="21">Holy</w>
  <w id="22" lemma="|Spirit|" pos="NNP" wid="22">Spirit</w>
  <w id="23" lemma="|,|" pos="," wid="23">,</w>
  <w id="24" lemma="|make|" pos="VBZ" wid="24">makes</w>
  <w id="25" lemma="|we|" pos="PRP" wid="25">us</w>
  <w id="26" lemma="|Christ|" pos="NNP" wid="26">Christ</w>
  <w id="27" lemma="|'s|" pos="POS" wid="27">'s</w>
  <w id="28" lemma="|witness|" pos="NNS" wid="28">witnesses</w>
  <w id="29" lemma="|.|" pos="." wid="29">.</w>
</sentence>
<sentence id="11">
  <w id="0" lemma="|I|" pos="PRP" wid="0">I</w>
  <w id="1" lemma="|want|" pos="VBD" wid="1">wanted</w>
  <w id="2" lemma="|to|" pos="TO" wid="2">to</w>
  <w id="3" lemma="|present|" pos="VB" wid="3">present</w>
  <w id="4" lemma="|this|" pos="DT" wid="4">this</w>
  <w id="5" lemma="|important|" pos="JJ" wid="5">important</w>
  <w id="6" lemma="|spiritual|" pos="JJ" wid="6">spiritual</w>
  <w id="7" lemma="|truth|" pos="NN" wid="7">truth</w>
  <w id="8" lemma="|anew|" pos="RB" wid="8">anew</w>
  <w id="9" lemma="|in|" pos="IN" wid="9">in</w>
  <w id="10" lemma="|my|" pos="PRP$" wid="10">my</w>
  <w id="11" lemma="|message|" pos="NN" wid="11">Message</w>
  <w id="12" lemma="|for|" pos="IN" wid="12">for</w>
  <w id="13" lemma="|the|" pos="DT" wid="13">the</w>
  <w id="14" lemma="|23rd|" pos="JJ" wid="14">23rd</w>
  <w id="15" lemma="|World|" pos="NNP" wid="15">World</w>
  <w id="16" lemma="|Youth|" pos="NNP" wid="16">Youth</w>
  <w id="17" lemma="|Day|" pos="NNP" wid="17">Day</w>
  <w id="18" lemma="|which|" pos="WDT" wid="18">which</w>
  <w id="19" lemma="|will|" pos="MD" wid="19">will</w>
  <w id="20" lemma="|be|" pos="VB" wid="20">be</w>
  <w id="21" lemma="|release|" pos="VBN" wid="21">released</w>
  <w id="22" lemma="|next|" pos="JJ" wid="22">next</w>
  <w id="23" lemma="|Friday|" pos="NNP" wid="23">Friday</w>
  <w id="24" lemma="|,|" pos="," wid="24">,</w>
  <w id="25" lemma="|20|" pos="CD" wid="25">20</w>
  <w id="26" lemma="|July|" pos="NNP" wid="26">July</w>
  <w id="27" lemma="|:|" pos=":" wid="27">:</w>
  <w id="28" lemma="|''|" pos="''" wid="28">''</w>
  <w id="29" lemma="|you|" pos="PRP" wid="29">You</w>
  <w id="30" lemma="|will|" pos="MD" wid="30">will</w>
  <w id="31" lemma="|receive|" pos="VB" wid="31">receive</w>
  <w id="32" lemma="|power|" pos="NN" wid="32">power</w>
  <w id="33" lemma="|when|" pos="WRB" wid="33">when</w>
  <w id="34" lemma="|the|" pos="DT" wid="34">the</w>
  <w id="35" lemma="|Holy|" pos="NNP" wid="35">Holy</w>
  <w id="36" lemma="|Spirit|" pos="NNP" wid="36">Spirit</w>
  <w id="37" lemma="|have|" pos="VBZ" wid="37">has</w>
  <w id="38" lemma="|come|" pos="VBN" wid="38">come</w>
  <w id="39" lemma="|upon|" pos="IN" wid="39">upon</w>
  <w id="40" lemma="|you|" pos="PRP" wid="40">you</w>
  <w id="41" lemma="|;|" pos=":" wid="41">;</w>
  <w id="42" lemma="|and|" pos="CC" wid="42">and</w>
  <w id="43" lemma="|you|" pos="PRP" wid="43">you</w>
  <w id="44" lemma="|will|" pos="MD" wid="44">will</w>
  <w id="45" lemma="|be|" pos="VB" wid="45">be</w>
  <w id="46" lemma="|my|" pos="PRP$" wid="46">my</w>
  <w id="47" lemma="|witness|" pos="NNS" wid="47">witnesses</w>
  <w id="48" lemma="|-lrb-|" pos="-LRB-" wid="48">-LRB-</w>
  <w id="49" lemma="|act|" pos="NNS" wid="49">Acts</w>
  <w id="50" lemma="|1|" pos="CD" wid="50">1</w>
  <w id="51" lemma="|:|" pos=":" wid="51">:</w>
  <w id="52" lemma="|8|" pos="CD" wid="52">8</w>
  <w id="53" lemma="|-rrb-|" pos="-RRB-" wid="53">-RRB-</w>
  <w id="54" lemma="|.|" pos="." wid="54">.</w>
</sentence>
<sentence id="12">
  <w id="0" lemma="|this|" pos="DT" wid="0">This</w>
  <w id="1" lemma="|be|" pos="VBZ" wid="1">is</w>
  <w id="2" lemma="|the|" pos="DT" wid="2">the</w>
  <w id="3" lemma="|theme|" pos="NN" wid="3">theme</w>
  <w id="4" lemma="|on|" pos="IN" wid="4">on</w>
  <w id="5" lemma="|which|" pos="WDT" wid="5">which</w>
  <w id="6" lemma="|,|" pos="," wid="6">,</w>
  <w id="7" lemma="|dear|" pos="RB" wid="7">dear</w>
  <w id="8" lemma="|young|" pos="JJ" wid="8">young</w>
  <w id="9" lemma="|people|" pos="NNS" wid="9">people</w>
  <w id="10" lemma="|,|" pos="," wid="10">,</w>
  <w id="11" lemma="|I|" pos="PRP" wid="11">I</w>
  <w id="12" lemma="|ask|" pos="VBP" wid="12">ask</w>
  <w id="13" lemma="|you|" pos="PRP" wid="13">you</w>
  <w id="14" lemma="|to|" pos="TO" wid="14">to</w>
  <w id="15" lemma="|reflect|" pos="VB" wid="15">reflect</w>
  <w id="16" lemma="|in|" pos="IN" wid="16">in</w>
  <w id="17" lemma="|the|" pos="DT" wid="17">the</w>
  <w id="18" lemma="|come|" pos="VBG" wid="18">coming</w>
  <w id="19" lemma="|month|" pos="NNS" wid="19">months</w>
  <w id="20" lemma="|in|" pos="IN" wid="20">in</w>
  <w id="21" lemma="|order|" pos="NN" wid="21">order</w>
  <w id="22" lemma="|to|" pos="TO" wid="22">to</w>
  <w id="23" lemma="|prepare|" pos="VB" wid="23">prepare</w>
  <w id="24" lemma="|yourselve|" pos="NNS" wid="24">yourselves</w>
  <w id="25" lemma="|for|" pos="IN" wid="25">for</w>
  <w id="26" lemma="|the|" pos="DT" wid="26">the</w>
  <w id="27" lemma="|great|" pos="JJ" wid="27">great</w>
  <w id="28" lemma="|event|" pos="NN" wid="28">event</w>
  <w id="29" lemma="|that|" pos="WDT" wid="29">that</w>
  <w id="30" lemma="|will|" pos="MD" wid="30">will</w>
  <w id="31" lemma="|take|" pos="VB" wid="31">take</w>
  <w id="32" lemma="|place|" pos="NN" wid="32">place</w>
  <w id="33" lemma="|in|" pos="IN" wid="33">in</w>
  <w id="34" lemma="|Sydney|" pos="NNP" wid="34">Sydney</w>
  <w id="35" lemma="|,|" pos="," wid="35">,</w>
  <w id="36" lemma="|Australia|" pos="NNP" wid="36">Australia</w>
  <w id="37" lemma="|,|" pos="," wid="37">,</w>
  <w id="38" lemma="|in|" pos="IN" wid="38">in</w>
  <w id="39" lemma="|a|" pos="DT" wid="39">a</w>
  <w id="40" lemma="|year|" pos="NN" wid="40">year</w>
  <w id="41" lemma="|'s|" pos="POS" wid="41">'s</w>
  <w id="42" lemma="|time|" pos="NN" wid="42">time</w>
  <w id="43" lemma="|,|" pos="," wid="43">,</w>
  <w id="44" lemma="|precisely|" pos="RB" wid="44">precisely</w>
  <w id="45" lemma="|in|" pos="IN" wid="45">in</w>
  <w id="46" lemma="|these|" pos="DT" wid="46">these</w>
  <w id="47" lemma="|July|" pos="NNP" wid="47">July</w>
  <w id="48" lemma="|day|" pos="NNS" wid="48">days</w>
  <w id="49" lemma="|.|" pos="." wid="49">.</w>
</sentence>
<sentence id="13">
  <w id="0" lemma="|the|" pos="DT" wid="0">The</w>
  <w id="1" lemma="|christian|" pos="JJ" wid="1">Christian</w>
  <w id="2" lemma="|community|" pos="NNS" wid="2">communities</w>
  <w id="3" lemma="|of|" pos="IN" wid="3">of</w>
  <w id="4" lemma="|that|" pos="DT" wid="4">that</w>
  <w id="5" lemma="|beloved|" pos="JJ" wid="5">beloved</w>
  <w id="6" lemma="|nation|" pos="NN" wid="6">Nation</w>
  <w id="7" lemma="|be|" pos="VBP" wid="7">are</w>
  <w id="8" lemma="|work|" pos="VBG" wid="8">working</w>
  <w id="9" lemma="|hard|" pos="RB" wid="9">hard</w>
  <w id="10" lemma="|to|" pos="TO" wid="10">to</w>
  <w id="11" lemma="|welcome|" pos="VB" wid="11">welcome</w>
  <w id="12" lemma="|you|" pos="PRP" wid="12">you</w>
  <w id="13" lemma="|and|" pos="CC" wid="13">and</w>
  <w id="14" lemma="|I|" pos="PRP" wid="14">I</w>
  <w id="15" lemma="|be|" pos="VBP" wid="15">am</w>
  <w id="16" lemma="|grateful|" pos="JJ" wid="16">grateful</w>
  <w id="17" lemma="|to|" pos="TO" wid="17">to</w>
  <w id="18" lemma="|they|" pos="PRP" wid="18">them</w>
  <w id="19" lemma="|for|" pos="IN" wid="19">for</w>
  <w id="20" lemma="|the|" pos="DT" wid="20">the</w>
  <w id="21" lemma="|effort|" pos="NNS" wid="21">efforts</w>
  <w id="22" lemma="|they|" pos="PRP" wid="22">they</w>
  <w id="23" lemma="|be|" pos="VBP" wid="23">are</w>
  <w id="24" lemma="|make|" pos="VBG" wid="24">making</w>
  <w id="25" lemma="|to|" pos="TO" wid="25">to</w>
  <w id="26" lemma="|organize|" pos="VB" wid="26">organize</w>
  <w id="27" lemma="|it|" pos="PRP" wid="27">it</w>
  <w id="28" lemma="|.|" pos="." wid="28">.</w>
</sentence>
<sentence id="14">
  <w id="0" lemma="|let|" pos="VB" wid="0">Let</w>
  <w id="1" lemma="|we|" pos="PRP" wid="1">us</w>
  <w id="2" lemma="|entrust|" pos="VB" wid="2">entrust</w>
  <w id="3" lemma="|to|" pos="TO" wid="3">to</w>
  <w id="4" lemma="|Mary|" pos="NNP" wid="4">Mary</w>
  <w id="5" lemma="|,|" pos="," wid="5">,</w>
  <w id="6" lemma="|whom|" pos="WP" wid="6">whom</w>
  <w id="7" lemma="|tomorrow|" pos="NN" wid="7">tomorrow</w>
  <w id="8" lemma="|we|" pos="PRP" wid="8">we</w>
  <w id="9" lemma="|shall|" pos="MD" wid="9">shall</w>
  <w id="10" lemma="|invoke|" pos="VB" wid="10">invoke</w>
  <w id="11" lemma="|as|" pos="IN" wid="11">as</w>
  <w id="12" lemma="|Our|" pos="NNP" wid="12">Our</w>
  <w id="13" lemma="|Lady|" pos="NNP" wid="13">Lady</w>
  <w id="14" lemma="|of|" pos="IN" wid="14">of</w>
  <w id="15" lemma="|Mount|" pos="NNP" wid="15">Mount</w>
  <w id="16" lemma="|Carmel|" pos="NNP" wid="16">Carmel</w>
  <w id="17" lemma="|,|" pos="," wid="17">,</w>
  <w id="18" lemma="|the|" pos="DT" wid="18">the</w>
  <w id="19" lemma="|process|" pos="NN" wid="19">process</w>
  <w id="20" lemma="|of|" pos="IN" wid="20">of</w>
  <w id="21" lemma="|preparation|" pos="NN" wid="21">preparation</w>
  <w id="22" lemma="|for|" pos="IN" wid="22">for</w>
  <w id="23" lemma="|the|" pos="DT" wid="23">the</w>
  <w id="24" lemma="|next|" pos="JJ" wid="24">next</w>
  <w id="25" lemma="|meeting|" pos="NN" wid="25">meeting</w>
  <w id="26" lemma="|of|" pos="IN" wid="26">of</w>
  <w id="27" lemma="|youth|" pos="NN" wid="27">youth</w>
  <w id="28" lemma="|from|" pos="IN" wid="28">from</w>
  <w id="29" lemma="|across|" pos="IN" wid="29">across</w>
  <w id="30" lemma="|the|" pos="DT" wid="30">the</w>
  <w id="31" lemma="|world|" pos="NN" wid="31">world</w>
  <w id="32" lemma="|,|" pos="," wid="32">,</w>
  <w id="33" lemma="|to|" pos="TO" wid="33">to</w>
  <w id="34" lemma="|which|" pos="WDT" wid="34">which</w>
  <w id="35" lemma="|I|" pos="PRP" wid="35">I</w>
  <w id="36" lemma="|invite|" pos="VBP" wid="36">invite</w>
  <w id="37" lemma="|you|" pos="PRP" wid="37">you</w>
  <w id="38" lemma="|,|" pos="," wid="38">,</w>
  <w id="39" lemma="|dear|" pos="RB" wid="39">dear</w>
  <w id="40" lemma="|friend|" pos="NNS" wid="40">friends</w>
  <w id="41" lemma="|from|" pos="IN" wid="41">from</w>
  <w id="42" lemma="|every|" pos="DT" wid="42">every</w>
  <w id="43" lemma="|continent|" pos="NN" wid="43">continent</w>
  <w id="44" lemma="|,|" pos="," wid="44">,</w>
  <w id="45" lemma="|to|" pos="TO" wid="45">to</w>
  <w id="46" lemma="|take|" pos="VB" wid="46">take</w>
  <w id="47" lemma="|part|" pos="NN" wid="47">part</w>
  <w id="48" lemma="|in|" pos="IN" wid="48">in</w>
  <w id="49" lemma="|large|" pos="JJ" wid="49">large</w>
  <w id="50" lemma="|number|" pos="NNS" wid="50">numbers</w>
  <w id="51" lemma="|.|" pos="." wid="51">.</w>
</sentence>
<sentence id="15">
  <w id="0" lemma="|thank|" pos="VB" wid="0">Thank</w>
  <w id="1" lemma="|you|" pos="PRP" wid="1">you</w>
  <w id="2" lemma="|once|" pos="RB" wid="2">once</w>
  <w id="3" lemma="|again|" pos="RB" wid="3">again</w>
  <w id="4" lemma="|for|" pos="IN" wid="4">for</w>
  <w id="5" lemma="|come|" pos="VBG" wid="5">coming</w>
  <w id="6" lemma="|!|" pos="." wid="6">!</w>
</sentence>
<sentence id="16">
  <w id="0" lemma="|I|" pos="PRP" wid="0">I</w>
  <w id="1" lemma="|wish|" pos="VBP" wid="1">wish</w>
  <w id="2" lemma="|you|" pos="PRP" wid="2">you</w>
  <w id="3" lemma="|all|" pos="PDT" wid="3">all</w>
  <w id="4" lemma="|a|" pos="DT" wid="4">a</w>
  <w id="5" lemma="|good|" pos="JJ" wid="5">good</w>
  <w id="6" lemma="|Sunday|" pos="NNP" wid="6">Sunday</w>
  <w id="7" lemma="|!|" pos="." wid="7">!</w>
</sentence>
</corpus>