<corpus id="0">
<sentence id="0">
  <w id="0" lemma="|Dear|" pos="NNP" wid="0">Dear</w>
  <w id="1" lemma="|Brothers|" pos="NNPS" wid="1">Brothers</w>
  <w id="2" lemma="|and|" pos="CC" wid="2">and</w>
  <w id="3" lemma="|sister|" pos="NNS" wid="3">Sisters</w>
  <w id="4" lemma="|,|" pos="," wid="4">,</w>
  <w id="5" lemma="|I|" pos="PRP" wid="5">I</w>
  <w id="6" lemma="|wish|" pos="VBP" wid="6">wish</w>
  <w id="7" lemma="|you|" pos="PRP" wid="7">you</w>
  <w id="8" lemma="|all|" pos="PDT" wid="8">all</w>
  <w id="9" lemma="|a|" pos="DT" wid="9">a</w>
  <w id="10" lemma="|good|" pos="JJ" wid="10">good</w>
  <w id="11" lemma="|Sunday|" pos="NNP" wid="11">Sunday</w>
  <w id="12" lemma="|!|" pos="." wid="12">!</w>
</sentence>
<sentence id="1">
  <w id="0" lemma="|we|" pos="PRP" wid="0">We</w>
  <w id="1" lemma="|be|" pos="VBP" wid="1">are</w>
  <w id="2" lemma="|meet|" pos="VBG" wid="2">meeting</w>
  <w id="3" lemma="|here|" pos="RB" wid="3">here</w>
  <w id="4" lemma="|in|" pos="IN" wid="4">in</w>
  <w id="5" lemma="|Les|" pos="NNP" wid="5">Les</w>
  <w id="6" lemma="|Combes|" pos="NNP" wid="6">Combes</w>
  <w id="7" lemma="|near|" pos="IN" wid="7">near</w>
  <w id="8" lemma="|the|" pos="DT" wid="8">the</w>
  <w id="9" lemma="|hospitable|" pos="JJ" wid="9">hospitable</w>
  <w id="10" lemma="|house|" pos="NN" wid="10">house</w>
  <w id="11" lemma="|,|" pos="," wid="11">,</w>
  <w id="12" lemma="|which|" pos="WDT" wid="12">which</w>
  <w id="13" lemma="|the|" pos="DT" wid="13">the</w>
  <w id="14" lemma="|Salesians|" pos="NNPS" wid="14">Salesians</w>
  <w id="15" lemma="|have|" pos="VBP" wid="15">have</w>
  <w id="16" lemma="|put|" pos="VBN" wid="16">put</w>
  <w id="17" lemma="|at|" pos="IN" wid="17">at</w>
  <w id="18" lemma="|the|" pos="DT" wid="18">the</w>
  <w id="19" lemma="|Pope|" pos="NNP" wid="19">Pope</w>
  <w id="20" lemma="|'s|" pos="POS" wid="20">'s</w>
  <w id="21" lemma="|disposal|" pos="NN" wid="21">disposal</w>
  <w id="22" lemma="|,|" pos="," wid="22">,</w>
  <w id="23" lemma="|where|" pos="WRB" wid="23">where</w>
  <w id="24" lemma="|I|" pos="PRP" wid="24">I</w>
  <w id="25" lemma="|be|" pos="VBP" wid="25">am</w>
  <w id="26" lemma="|come|" pos="VBG" wid="26">coming</w>
  <w id="27" lemma="|to|" pos="TO" wid="27">to</w>
  <w id="28" lemma="|the|" pos="DT" wid="28">the</w>
  <w id="29" lemma="|end|" pos="NN" wid="29">end</w>
  <w id="30" lemma="|of|" pos="IN" wid="30">of</w>
  <w id="31" lemma="|a|" pos="DT" wid="31">a</w>
  <w id="32" lemma="|period|" pos="NN" wid="32">period</w>
  <w id="33" lemma="|of|" pos="IN" wid="33">of</w>
  <w id="34" lemma="|rest|" pos="NN" wid="34">rest</w>
  <w id="35" lemma="|among|" pos="IN" wid="35">among</w>
  <w id="36" lemma="|the|" pos="DT" wid="36">the</w>
  <w id="37" lemma="|beautiful|" pos="JJ" wid="37">beautiful</w>
  <w id="38" lemma="|mountain|" pos="NNS" wid="38">mountains</w>
  <w id="39" lemma="|of|" pos="IN" wid="39">of</w>
  <w id="40" lemma="|val|" pos="NN" wid="40">Val</w>
  <w id="41" lemma="|d'aosta|" pos="NN" wid="41">D'Aosta</w>
  <w id="42" lemma="|.|" pos="." wid="42">.</w>
</sentence>
<sentence id="2">
  <w id="0" lemma="|I|" pos="PRP" wid="0">I</w>
  <w id="1" lemma="|thank|" pos="VBP" wid="1">thank</w>
  <w id="2" lemma="|God|" pos="NNP" wid="2">God</w>
  <w id="3" lemma="|who|" pos="WP" wid="3">who</w>
  <w id="4" lemma="|have|" pos="VBZ" wid="4">has</w>
  <w id="5" lemma="|give|" pos="VBN" wid="5">given</w>
  <w id="6" lemma="|I|" pos="PRP" wid="6">me</w>
  <w id="7" lemma="|the|" pos="DT" wid="7">the</w>
  <w id="8" lemma="|joy|" pos="NN" wid="8">joy</w>
  <w id="9" lemma="|of|" pos="IN" wid="9">of</w>
  <w id="10" lemma="|these|" pos="DT" wid="10">these</w>
  <w id="11" lemma="|day|" pos="NNS" wid="11">days</w>
  <w id="12" lemma="|mark|" pos="VBN" wid="12">marked</w>
  <w id="13" lemma="|by|" pos="IN" wid="13">by</w>
  <w id="14" lemma="|true|" pos="JJ" wid="14">true</w>
  <w id="15" lemma="|relaxation|" pos="NN" wid="15">relaxation</w>
  <w id="16" lemma="|despite|" pos="IN" wid="16">despite</w>
  <w id="17" lemma="|the|" pos="DT" wid="17">the</w>
  <w id="18" lemma="|small|" pos="JJ" wid="18">small</w>
  <w id="19" lemma="|accident|" pos="NN" wid="19">accident</w>
  <w id="20" lemma="|which|" pos="WDT" wid="20">which</w>
  <w id="21" lemma="|be|" pos="VBZ" wid="21">is</w>
  <w id="22" lemma="|well-known|" pos="JJ" wid="22">well-known</w>
  <w id="23" lemma="|to|" pos="TO" wid="23">to</w>
  <w id="24" lemma="|you|" pos="PRP" wid="24">you</w>
  <w id="25" lemma="|and|" pos="CC" wid="25">and</w>
  <w id="26" lemma="|also|" pos="RB" wid="26">also</w>
  <w id="27" lemma="|visible|" pos="JJ" wid="27">visible</w>
  <w id="28" lemma="|!|" pos="." wid="28">!</w>
</sentence>
<sentence id="3">
  <w id="0" lemma="|I|" pos="PRP" wid="0">I</w>
  <w id="1" lemma="|take|" pos="VBP" wid="1">take</w>
  <w id="2" lemma="|this|" pos="DT" wid="2">this</w>
  <w id="3" lemma="|opportunity|" pos="NN" wid="3">opportunity</w>
  <w id="4" lemma="|to|" pos="TO" wid="4">to</w>
  <w id="5" lemma="|thank|" pos="VB" wid="5">thank</w>
  <w id="6" lemma="|affectionately|" pos="RB" wid="6">affectionately</w>
  <w id="7" lemma="|all|" pos="PDT" wid="7">all</w>
  <w id="8" lemma="|those|" pos="DT" wid="8">those</w>
  <w id="9" lemma="|who|" pos="WP" wid="9">who</w>
  <w id="10" lemma="|have|" pos="VBP" wid="10">have</w>
  <w id="11" lemma="|attend|" pos="VBN" wid="11">attended</w>
  <w id="12" lemma="|to|" pos="TO" wid="12">to</w>
  <w id="13" lemma="|I|" pos="PRP" wid="13">me</w>
  <w id="14" lemma="|with|" pos="IN" wid="14">with</w>
  <w id="15" lemma="|discretion|" pos="NN" wid="15">discretion</w>
  <w id="16" lemma="|and|" pos="CC" wid="16">and</w>
  <w id="17" lemma="|great|" pos="JJ" wid="17">great</w>
  <w id="18" lemma="|dedication|" pos="NN" wid="18">dedication</w>
  <w id="19" lemma="|.|" pos="." wid="19">.</w>
</sentence>
<sentence id="4">
  <w id="0" lemma="|I|" pos="PRP" wid="0">I</w>
  <w id="1" lemma="|greet|" pos="VBP" wid="1">greet</w>
  <w id="2" lemma="|Cardinal|" pos="NNP" wid="2">Cardinal</w>
  <w id="3" lemma="|Poletto|" pos="NNP" wid="3">Poletto</w>
  <w id="4" lemma="|and|" pos="CC" wid="4">and</w>
  <w id="5" lemma="|the|" pos="DT" wid="5">the</w>
  <w id="6" lemma="|other|" pos="JJ" wid="6">other</w>
  <w id="7" lemma="|bishop|" pos="NNS" wid="7">Bishops</w>
  <w id="8" lemma="|present|" pos="JJ" wid="8">present</w>
  <w id="9" lemma="|,|" pos="," wid="9">,</w>
  <w id="10" lemma="|in|" pos="IN" wid="10">in</w>
  <w id="11" lemma="|particular|" pos="JJ" wid="11">particular</w>
  <w id="12" lemma="|Bishop|" pos="NNP" wid="12">Bishop</w>
  <w id="13" lemma="|Giuseppe|" pos="NNP" wid="13">Giuseppe</w>
  <w id="14" lemma="|Anfossi|" pos="NNP" wid="14">Anfossi</w>
  <w id="15" lemma="|of|" pos="IN" wid="15">of</w>
  <w id="16" lemma="|Aosta|" pos="NNP" wid="16">Aosta</w>
  <w id="17" lemma="|,|" pos="," wid="17">,</w>
  <w id="18" lemma="|whom|" pos="WP" wid="18">whom</w>
  <w id="19" lemma="|I|" pos="PRP" wid="19">I</w>
  <w id="20" lemma="|thank|" pos="VBP" wid="20">thank</w>
  <w id="21" lemma="|for|" pos="IN" wid="21">for</w>
  <w id="22" lemma="|the|" pos="DT" wid="22">the</w>
  <w id="23" lemma="|kind|" pos="NN" wid="23">kind</w>
  <w id="24" lemma="|word|" pos="NNS" wid="24">words</w>
  <w id="25" lemma="|he|" pos="PRP" wid="25">he</w>
  <w id="26" lemma="|address|" pos="VBD" wid="26">addressed</w>
  <w id="27" lemma="|to|" pos="TO" wid="27">to</w>
  <w id="28" lemma="|I|" pos="PRP" wid="28">me</w>
  <w id="29" lemma="|.|" pos="." wid="29">.</w>
</sentence>
<sentence id="5">
  <w id="0" lemma="|I|" pos="PRP" wid="0">I</w>
  <w id="1" lemma="|cordially|" pos="RB" wid="1">cordially</w>
  <w id="2" lemma="|greet|" pos="VBP" wid="2">greet</w>
  <w id="3" lemma="|the|" pos="DT" wid="3">the</w>
  <w id="4" lemma="|parish|" pos="JJ" wid="4">parish</w>
  <w id="5" lemma="|priest|" pos="NN" wid="5">priest</w>
  <w id="6" lemma="|of|" pos="IN" wid="6">of</w>
  <w id="7" lemma="|Les|" pos="NNP" wid="7">Les</w>
  <w id="8" lemma="|Combes|" pos="NNP" wid="8">Combes</w>
  <w id="9" lemma="|,|" pos="," wid="9">,</w>
  <w id="10" lemma="|the|" pos="DT" wid="10">the</w>
  <w id="11" lemma="|civil|" pos="JJ" wid="11">civil</w>
  <w id="12" lemma="|and|" pos="CC" wid="12">and</w>
  <w id="13" lemma="|military|" pos="JJ" wid="13">military</w>
  <w id="14" lemma="|Authorities|" pos="NNP" wid="14">Authorities</w>
  <w id="15" lemma="|,|" pos="," wid="15">,</w>
  <w id="16" lemma="|the|" pos="DT" wid="16">the</w>
  <w id="17" lemma="|force|" pos="NNS" wid="17">forces</w>
  <w id="18" lemma="|of|" pos="IN" wid="18">of</w>
  <w id="19" lemma="|law|" pos="NN" wid="19">law</w>
  <w id="20" lemma="|and|" pos="CC" wid="20">and</w>
  <w id="21" lemma="|order|" pos="NN" wid="21">order</w>
  <w id="22" lemma="|,|" pos="," wid="22">,</w>
  <w id="23" lemma="|and|" pos="CC" wid="23">and</w>
  <w id="24" lemma="|all|" pos="DT" wid="24">all</w>
  <w id="25" lemma="|of|" pos="IN" wid="25">of</w>
  <w id="26" lemma="|you|" pos="PRP" wid="26">you</w>
  <w id="27" lemma="|,|" pos="," wid="27">,</w>
  <w id="28" lemma="|dear|" pos="RB" wid="28">dear</w>
  <w id="29" lemma="|friend|" pos="NNS" wid="29">friends</w>
  <w id="30" lemma="|,|" pos="," wid="30">,</w>
  <w id="31" lemma="|along|" pos="IN" wid="31">along</w>
  <w id="32" lemma="|with|" pos="IN" wid="32">with</w>
  <w id="33" lemma="|those|" pos="DT" wid="33">those</w>
  <w id="34" lemma="|who|" pos="WP" wid="34">who</w>
  <w id="35" lemma="|be|" pos="VBP" wid="35">are</w>
  <w id="36" lemma="|follow|" pos="VBG" wid="36">following</w>
  <w id="37" lemma="|we|" pos="PRP" wid="37">us</w>
  <w id="38" lemma="|via|" pos="IN" wid="38">via</w>
  <w id="39" lemma="|radio|" pos="NN" wid="39">radio</w>
  <w id="40" lemma="|and|" pos="CC" wid="40">and</w>
  <w id="41" lemma="|television|" pos="NN" wid="41">television</w>
  <w id="42" lemma="|.|" pos="." wid="42">.</w>
</sentence>
<sentence id="6">
  <w id="0" lemma="|today|" pos="NN" wid="0">Today</w>
  <w id="1" lemma="|,|" pos="," wid="1">,</w>
  <w id="2" lemma="|on|" pos="IN" wid="2">on</w>
  <w id="3" lemma="|this|" pos="DT" wid="3">this</w>
  <w id="4" lemma="|splendid|" pos="JJ" wid="4">splendid</w>
  <w id="5" lemma="|Sunday|" pos="NNP" wid="5">Sunday</w>
  <w id="6" lemma="|,|" pos="," wid="6">,</w>
  <w id="7" lemma="|as|" pos="IN" wid="7">as</w>
  <w id="8" lemma="|the|" pos="DT" wid="8">the</w>
  <w id="9" lemma="|Lord|" pos="NNP" wid="9">Lord</w>
  <w id="10" lemma="|show|" pos="VBZ" wid="10">shows</w>
  <w id="11" lemma="|we|" pos="PRP" wid="11">us</w>
  <w id="12" lemma="|all|" pos="PDT" wid="12">all</w>
  <w id="13" lemma="|the|" pos="DT" wid="13">the</w>
  <w id="14" lemma="|beauty|" pos="NN" wid="14">beauty</w>
  <w id="15" lemma="|of|" pos="IN" wid="15">of</w>
  <w id="16" lemma="|he|" pos="PRP$" wid="16">his</w>
  <w id="17" lemma="|creation|" pos="NN" wid="17">Creation</w>
  <w id="18" lemma="|,|" pos="," wid="18">,</w>
  <w id="19" lemma="|the|" pos="DT" wid="19">the</w>
  <w id="20" lemma="|liturgy|" pos="NN" wid="20">liturgy</w>
  <w id="21" lemma="|provide|" pos="VBZ" wid="21">provides</w>
  <w id="22" lemma="|we|" pos="PRP" wid="22">us</w>
  <w id="23" lemma="|with|" pos="IN" wid="23">with</w>
  <w id="24" lemma="|the|" pos="DT" wid="24">the</w>
  <w id="25" lemma="|Gospel|" pos="NNP" wid="25">Gospel</w>
  <w id="26" lemma="|passage|" pos="NN" wid="26">passage</w>
  <w id="27" lemma="|at|" pos="IN" wid="27">at</w>
  <w id="28" lemma="|the|" pos="DT" wid="28">the</w>
  <w id="29" lemma="|beginning|" pos="NN" wid="29">beginning</w>
  <w id="30" lemma="|of|" pos="IN" wid="30">of</w>
  <w id="31" lemma="|chapter|" pos="NN" wid="31">Chapter</w>
  <w id="32" lemma="|six|" pos="CD" wid="32">Six</w>
  <w id="33" lemma="|of|" pos="IN" wid="33">of</w>
  <w id="34" lemma="|John|" pos="NNP" wid="34">John</w>
  <w id="35" lemma="|'s|" pos="POS" wid="35">'s</w>
  <w id="36" lemma="|Gospel|" pos="NNP" wid="36">Gospel</w>
  <w id="37" lemma="|.|" pos="." wid="37">.</w>
</sentence>
<sentence id="7">
  <w id="0" lemma="|it|" pos="PRP" wid="0">It</w>
  <w id="1" lemma="|contain|" pos="VBZ" wid="1">contains</w>
  <w id="2" lemma="|,|" pos="," wid="2">,</w>
  <w id="3" lemma="|first|" pos="JJ" wid="3">first</w>
  <w id="4" lemma="|of|" pos="IN" wid="4">of</w>
  <w id="5" lemma="|all|" pos="DT" wid="5">all</w>
  <w id="6" lemma="|,|" pos="," wid="6">,</w>
  <w id="7" lemma="|the|" pos="DT" wid="7">the</w>
  <w id="8" lemma="|miracle|" pos="NN" wid="8">miracle</w>
  <w id="9" lemma="|of|" pos="IN" wid="9">of</w>
  <w id="10" lemma="|the|" pos="DT" wid="10">the</w>
  <w id="11" lemma="|loaf|" pos="NNS" wid="11">loaves</w>
  <w id="12" lemma="|-|" pos=":" wid="12">-</w>
  <w id="13" lemma="|when|" pos="WRB" wid="13">when</w>
  <w id="14" lemma="|Jesus|" pos="NNP" wid="14">Jesus</w>
  <w id="15" lemma="|feed|" pos="VBD" wid="15">fed</w>
  <w id="16" lemma="|thousand|" pos="NNS" wid="16">thousands</w>
  <w id="17" lemma="|of|" pos="IN" wid="17">of</w>
  <w id="18" lemma="|people|" pos="NNS" wid="18">people</w>
  <w id="19" lemma="|with|" pos="IN" wid="19">with</w>
  <w id="20" lemma="|only|" pos="RB" wid="20">only</w>
  <w id="21" lemma="|five|" pos="CD" wid="21">five</w>
  <w id="22" lemma="|loaf|" pos="NNS" wid="22">loaves</w>
  <w id="23" lemma="|of|" pos="IN" wid="23">of</w>
  <w id="24" lemma="|bread|" pos="NN" wid="24">bread</w>
  <w id="25" lemma="|and|" pos="CC" wid="25">and</w>
  <w id="26" lemma="|two|" pos="CD" wid="26">two</w>
  <w id="27" lemma="|fish|" pos="NN" wid="27">fish</w>
  <w id="28" lemma="|;|" pos=":" wid="28">;</w>
  <w id="29" lemma="|then|" pos="RB" wid="29">then</w>
  <w id="30" lemma="|,|" pos="," wid="30">,</w>
  <w id="31" lemma="|the|" pos="DT" wid="31">the</w>
  <w id="32" lemma="|Lord|" pos="NNP" wid="32">Lord</w>
  <w id="33" lemma="|'s|" pos="POS" wid="33">'s</w>
  <w id="34" lemma="|miracle|" pos="NN" wid="34">miracle</w>
  <w id="35" lemma="|when|" pos="WRB" wid="35">when</w>
  <w id="36" lemma="|he|" pos="PRP" wid="36">he</w>
  <w id="37" lemma="|walk|" pos="VBZ" wid="37">walks</w>
  <w id="38" lemma="|on|" pos="IN" wid="38">on</w>
  <w id="39" lemma="|the|" pos="DT" wid="39">the</w>
  <w id="40" lemma="|water|" pos="NNS" wid="40">waters</w>
  <w id="41" lemma="|of|" pos="IN" wid="41">of</w>
  <w id="42" lemma="|the|" pos="DT" wid="42">the</w>
  <w id="43" lemma="|lake|" pos="NN" wid="43">lake</w>
  <w id="44" lemma="|during|" pos="IN" wid="44">during</w>
  <w id="45" lemma="|a|" pos="DT" wid="45">a</w>
  <w id="46" lemma="|storm|" pos="NN" wid="46">storm</w>
  <w id="47" lemma="|;|" pos=":" wid="47">;</w>
  <w id="48" lemma="|and|" pos="CC" wid="48">and</w>
  <w id="49" lemma="|finally|" pos="RB" wid="49">finally</w>
  <w id="50" lemma="|,|" pos="," wid="50">,</w>
  <w id="51" lemma="|the|" pos="DT" wid="51">the</w>
  <w id="52" lemma="|discourse|" pos="NN" wid="52">discourse</w>
  <w id="53" lemma="|in|" pos="IN" wid="53">in</w>
  <w id="54" lemma="|which|" pos="WDT" wid="54">which</w>
  <w id="55" lemma="|he|" pos="PRP" wid="55">he</w>
  <w id="56" lemma="|reveal|" pos="VBZ" wid="56">reveals</w>
  <w id="57" lemma="|himself|" pos="PRP" wid="57">himself</w>
  <w id="58" lemma="|as|" pos="IN" wid="58">as</w>
  <w id="59" lemma="|``|" pos="``" wid="59">``</w>
  <w id="60" lemma="|the|" pos="DT" wid="60">the</w>
  <w id="61" lemma="|Bread|" pos="NNP" wid="61">Bread</w>
  <w id="62" lemma="|of|" pos="IN" wid="62">of</w>
  <w id="63" lemma="|Life|" pos="NNP" wid="63">Life</w>
  <w id="64" lemma="|''|" pos="''" wid="64">''</w>
  <w id="65" lemma="|.|" pos="." wid="65">.</w>
</sentence>
<sentence id="8">
  <w id="0" lemma="|in|" pos="IN" wid="0">In</w>
  <w id="1" lemma="|recount|" pos="VBG" wid="1">recounting</w>
  <w id="2" lemma="|the|" pos="DT" wid="2">the</w>
  <w id="3" lemma="|``|" pos="``" wid="3">``</w>
  <w id="4" lemma="|sign|" pos="NN" wid="4">sign</w>
  <w id="5" lemma="|''|" pos="''" wid="5">''</w>
  <w id="6" lemma="|of|" pos="IN" wid="6">of</w>
  <w id="7" lemma="|bread|" pos="NN" wid="7">bread</w>
  <w id="8" lemma="|,|" pos="," wid="8">,</w>
  <w id="9" lemma="|the|" pos="DT" wid="9">the</w>
  <w id="10" lemma="|Evangelist|" pos="NNP" wid="10">Evangelist</w>
  <w id="11" lemma="|emphasize|" pos="VBZ" wid="11">emphasizes</w>
  <w id="12" lemma="|that|" pos="IN" wid="12">that</w>
  <w id="13" lemma="|Christ|" pos="NNP" wid="13">Christ</w>
  <w id="14" lemma="|,|" pos="," wid="14">,</w>
  <w id="15" lemma="|before|" pos="IN" wid="15">before</w>
  <w id="16" lemma="|distribute|" pos="VBG" wid="16">distributing</w>
  <w id="17" lemma="|the|" pos="DT" wid="17">the</w>
  <w id="18" lemma="|food|" pos="NN" wid="18">food</w>
  <w id="19" lemma="|,|" pos="," wid="19">,</w>
  <w id="20" lemma="|bless|" pos="VBD" wid="20">blessed</w>
  <w id="21" lemma="|it|" pos="PRP" wid="21">it</w>
  <w id="22" lemma="|with|" pos="IN" wid="22">with</w>
  <w id="23" lemma="|a|" pos="DT" wid="23">a</w>
  <w id="24" lemma="|prayer|" pos="NN" wid="24">prayer</w>
  <w id="25" lemma="|of|" pos="IN" wid="25">of</w>
  <w id="26" lemma="|thanksgiving|" pos="NN" wid="26">thanksgiving</w>
  <w id="27" lemma="|-lrb-|" pos="-LRB-" wid="27">-LRB-</w>
  <w id="28" lemma="|cf|" pos="NN" wid="28">cf</w>
  <w id="29" lemma="|.|" pos="." wid="29">.</w>
</sentence>
<sentence id="9">
  <w id="0" lemma="|v.|" pos="CC" wid="0">v.</w>
  <w id="1" lemma="|11|" pos="CD" wid="1">11</w>
  <w id="2" lemma="|-rrb-|" pos="-RRB-" wid="2">-RRB-</w>
  <w id="3" lemma="|.|" pos="." wid="3">.</w>
</sentence>
<sentence id="10">
  <w id="0" lemma="|the|" pos="DT" wid="0">The</w>
  <w id="1" lemma="|greek|" pos="JJ" wid="1">Greek</w>
  <w id="2" lemma="|term|" pos="NN" wid="2">term</w>
  <w id="3" lemma="|use|" pos="VBN" wid="3">used</w>
  <w id="4" lemma="|be|" pos="VBZ" wid="4">is</w>
  <w id="5" lemma="|eucharistein|" pos="NN" wid="5">eucharistein</w>
  <w id="6" lemma="|and|" pos="CC" wid="6">and</w>
  <w id="7" lemma="|it|" pos="PRP" wid="7">it</w>
  <w id="8" lemma="|refer|" pos="VBZ" wid="8">refers</w>
  <w id="9" lemma="|directly|" pos="RB" wid="9">directly</w>
  <w id="10" lemma="|to|" pos="TO" wid="10">to</w>
  <w id="11" lemma="|the|" pos="DT" wid="11">the</w>
  <w id="12" lemma="|last|" pos="JJ" wid="12">Last</w>
  <w id="13" lemma="|supper|" pos="NN" wid="13">Supper</w>
  <w id="14" lemma="|,|" pos="," wid="14">,</w>
  <w id="15" lemma="|though|" pos="RB" wid="15">though</w>
  <w id="16" lemma="|,|" pos="," wid="16">,</w>
  <w id="17" lemma="|in|" pos="IN" wid="17">in</w>
  <w id="18" lemma="|fact|" pos="NN" wid="18">fact</w>
  <w id="19" lemma="|,|" pos="," wid="19">,</w>
  <w id="20" lemma="|John|" pos="NNP" wid="20">John</w>
  <w id="21" lemma="|refer|" pos="VBZ" wid="21">refers</w>
  <w id="22" lemma="|here|" pos="RB" wid="22">here</w>
  <w id="23" lemma="|not|" pos="RB" wid="23">not</w>
  <w id="24" lemma="|to|" pos="TO" wid="24">to</w>
  <w id="25" lemma="|the|" pos="DT" wid="25">the</w>
  <w id="26" lemma="|institution|" pos="NN" wid="26">institution</w>
  <w id="27" lemma="|of|" pos="IN" wid="27">of</w>
  <w id="28" lemma="|the|" pos="DT" wid="28">the</w>
  <w id="29" lemma="|eucharist|" pos="NN" wid="29">Eucharist</w>
  <w id="30" lemma="|but|" pos="CC" wid="30">but</w>
  <w id="31" lemma="|to|" pos="TO" wid="31">to</w>
  <w id="32" lemma="|the|" pos="DT" wid="32">the</w>
  <w id="33" lemma="|wash|" pos="VBG" wid="33">washing</w>
  <w id="34" lemma="|of|" pos="IN" wid="34">of</w>
  <w id="35" lemma="|the|" pos="DT" wid="35">the</w>
  <w id="36" lemma="|foot|" pos="NNS" wid="36">feet</w>
  <w id="37" lemma="|.|" pos="." wid="37">.</w>
</sentence>
<sentence id="11">
  <w id="0" lemma="|the|" pos="DT" wid="0">The</w>
  <w id="1" lemma="|Eucharist|" pos="NNP" wid="1">Eucharist</w>
  <w id="2" lemma="|be|" pos="VBZ" wid="2">is</w>
  <w id="3" lemma="|mention|" pos="VBN" wid="3">mentioned</w>
  <w id="4" lemma="|here|" pos="RB" wid="4">here</w>
  <w id="5" lemma="|in|" pos="IN" wid="5">in</w>
  <w id="6" lemma="|anticipation|" pos="NN" wid="6">anticipation</w>
  <w id="7" lemma="|of|" pos="IN" wid="7">of</w>
  <w id="8" lemma="|the|" pos="DT" wid="8">the</w>
  <w id="9" lemma="|great|" pos="JJ" wid="9">great</w>
  <w id="10" lemma="|symbol|" pos="NN" wid="10">symbol</w>
  <w id="11" lemma="|of|" pos="IN" wid="11">of</w>
  <w id="12" lemma="|the|" pos="DT" wid="12">the</w>
  <w id="13" lemma="|Bread|" pos="NNP" wid="13">Bread</w>
  <w id="14" lemma="|of|" pos="IN" wid="14">of</w>
  <w id="15" lemma="|Life|" pos="NNP" wid="15">Life</w>
  <w id="16" lemma="|.|" pos="." wid="16">.</w>
</sentence>
<sentence id="12">
  <w id="0" lemma="|in|" pos="IN" wid="0">In</w>
  <w id="1" lemma="|this|" pos="DT" wid="1">this</w>
  <w id="2" lemma="|year|" pos="NN" wid="2">Year</w>
  <w id="3" lemma="|for|" pos="IN" wid="3">for</w>
  <w id="4" lemma="|priest|" pos="NNS" wid="4">Priests</w>
  <w id="5" lemma="|,|" pos="," wid="5">,</w>
  <w id="6" lemma="|how|" pos="WRB" wid="6">how</w>
  <w id="7" lemma="|can|" pos="MD" wid="7">can</w>
  <w id="8" lemma="|we|" pos="PRP" wid="8">we</w>
  <w id="9" lemma="|fail|" pos="VB" wid="9">fail</w>
  <w id="10" lemma="|to|" pos="TO" wid="10">to</w>
  <w id="11" lemma="|recall|" pos="VB" wid="11">recall</w>
  <w id="12" lemma="|that|" pos="IN" wid="12">that</w>
  <w id="13" lemma="|we|" pos="PRP" wid="13">we</w>
  <w id="14" lemma="|priest|" pos="VBZ" wid="14">priests</w>
  <w id="15" lemma="|,|" pos="," wid="15">,</w>
  <w id="16" lemma="|especially|" pos="RB" wid="16">especially</w>
  <w id="17" lemma="|,|" pos="," wid="17">,</w>
  <w id="18" lemma="|may|" pos="MD" wid="18">may</w>
  <w id="19" lemma="|see|" pos="VB" wid="19">see</w>
  <w id="20" lemma="|ourselves|" pos="PRP" wid="20">ourselves</w>
  <w id="21" lemma="|reflect|" pos="VBD" wid="21">reflected</w>
  <w id="22" lemma="|in|" pos="IN" wid="22">in</w>
  <w id="23" lemma="|this|" pos="DT" wid="23">this</w>
  <w id="24" lemma="|johannine|" pos="NN" wid="24">Johannine</w>
  <w id="25" lemma="|text|" pos="NN" wid="25">text</w>
  <w id="26" lemma="|,|" pos="," wid="26">,</w>
  <w id="27" lemma="|identify|" pos="VBG" wid="27">identifying</w>
  <w id="28" lemma="|ourselves|" pos="PRP" wid="28">ourselves</w>
  <w id="29" lemma="|with|" pos="IN" wid="29">with</w>
  <w id="30" lemma="|the|" pos="DT" wid="30">the</w>
  <w id="31" lemma="|Apostles|" pos="NNPS" wid="31">Apostles</w>
  <w id="32" lemma="|when|" pos="WRB" wid="32">when</w>
  <w id="33" lemma="|they|" pos="PRP" wid="33">they</w>
  <w id="34" lemma="|say|" pos="VBP" wid="34">say</w>
  <w id="35" lemma="|:|" pos=":" wid="35">:</w>
  <w id="36" lemma="|where|" pos="WRB" wid="36">Where</w>
  <w id="37" lemma="|can|" pos="MD" wid="37">can</w>
  <w id="38" lemma="|we|" pos="PRP" wid="38">we</w>
  <w id="39" lemma="|find|" pos="VB" wid="39">find</w>
  <w id="40" lemma="|bread|" pos="NN" wid="40">bread</w>
  <w id="41" lemma="|for|" pos="IN" wid="41">for</w>
  <w id="42" lemma="|all|" pos="PDT" wid="42">all</w>
  <w id="43" lemma="|these|" pos="DT" wid="43">these</w>
  <w id="44" lemma="|people|" pos="NNS" wid="44">people</w>
  <w id="45" lemma="|?|" pos="." wid="45">?</w>
</sentence>
<sentence id="13">
  <w id="0" lemma="|read|" pos="VBG" wid="0">Reading</w>
  <w id="1" lemma="|about|" pos="IN" wid="1">about</w>
  <w id="2" lemma="|that|" pos="DT" wid="2">that</w>
  <w id="3" lemma="|unknown|" pos="JJ" wid="3">unknown</w>
  <w id="4" lemma="|boy|" pos="NN" wid="4">boy</w>
  <w id="5" lemma="|who|" pos="WP" wid="5">who</w>
  <w id="6" lemma="|have|" pos="VBZ" wid="6">has</w>
  <w id="7" lemma="|five|" pos="CD" wid="7">five</w>
  <w id="8" lemma="|barley|" pos="NN" wid="8">barley</w>
  <w id="9" lemma="|loaf|" pos="NNS" wid="9">loaves</w>
  <w id="10" lemma="|and|" pos="CC" wid="10">and</w>
  <w id="11" lemma="|two|" pos="CD" wid="11">two</w>
  <w id="12" lemma="|fish|" pos="NN" wid="12">fish</w>
  <w id="13" lemma="|,|" pos="," wid="13">,</w>
  <w id="14" lemma="|we|" pos="PRP" wid="14">we</w>
  <w id="15" lemma="|too|" pos="RB" wid="15">too</w>
  <w id="16" lemma="|spontaneously|" pos="RB" wid="16">spontaneously</w>
  <w id="17" lemma="|say|" pos="VB" wid="17">say</w>
  <w id="18" lemma="|:|" pos=":" wid="18">:</w>
  <w id="19" lemma="|but|" pos="CC" wid="19">But</w>
  <w id="20" lemma="|what|" pos="WP" wid="20">what</w>
  <w id="21" lemma="|be|" pos="VBP" wid="21">are</w>
  <w id="22" lemma="|they|" pos="PRP" wid="22">they</w>
  <w id="23" lemma="|for|" pos="IN" wid="23">for</w>
  <w id="24" lemma="|such|" pos="PDT" wid="24">such</w>
  <w id="25" lemma="|a|" pos="DT" wid="25">a</w>
  <w id="26" lemma="|multitude|" pos="NN" wid="26">multitude</w>
  <w id="27" lemma="|?|" pos="." wid="27">?</w>
</sentence>
<sentence id="14">
  <w id="0" lemma="|in|" pos="IN" wid="0">In</w>
  <w id="1" lemma="|other|" pos="JJ" wid="1">other</w>
  <w id="2" lemma="|word|" pos="NNS" wid="2">words</w>
  <w id="3" lemma="|:|" pos=":" wid="3">:</w>
  <w id="4" lemma="|who|" pos="WP" wid="4">Who</w>
  <w id="5" lemma="|be|" pos="VBP" wid="5">am</w>
  <w id="6" lemma="|I|" pos="PRP" wid="6">I</w>
  <w id="7" lemma="|?|" pos="." wid="7">?</w>
</sentence>
<sentence id="15">
  <w id="0" lemma="|how|" pos="WRB" wid="0">How</w>
  <w id="1" lemma="|can|" pos="MD" wid="1">can</w>
  <w id="2" lemma="|I|" pos="PRP" wid="2">I</w>
  <w id="3" lemma="|,|" pos="," wid="3">,</w>
  <w id="4" lemma="|with|" pos="IN" wid="4">with</w>
  <w id="5" lemma="|my|" pos="PRP$" wid="5">my</w>
  <w id="6" lemma="|limitation|" pos="NNS" wid="6">limitations</w>
  <w id="7" lemma="|,|" pos="," wid="7">,</w>
  <w id="8" lemma="|help|" pos="NN" wid="8">help</w>
  <w id="9" lemma="|Jesus|" pos="NNP" wid="9">Jesus</w>
  <w id="10" lemma="|in|" pos="IN" wid="10">in</w>
  <w id="11" lemma="|he|" pos="PRP$" wid="11">his</w>
  <w id="12" lemma="|mission|" pos="NN" wid="12">mission</w>
  <w id="13" lemma="|?|" pos="." wid="13">?</w>
</sentence>
<sentence id="16">
  <w id="0" lemma="|and|" pos="CC" wid="0">And</w>
  <w id="1" lemma="|the|" pos="DT" wid="1">the</w>
  <w id="2" lemma="|Lord|" pos="NNP" wid="2">Lord</w>
  <w id="3" lemma="|give|" pos="VBZ" wid="3">gives</w>
  <w id="4" lemma="|the|" pos="DT" wid="4">the</w>
  <w id="5" lemma="|answer|" pos="NN" wid="5">answer</w>
  <w id="6" lemma="|:|" pos=":" wid="6">:</w>
  <w id="7" lemma="|by|" pos="IN" wid="7">By</w>
  <w id="8" lemma="|take|" pos="VBG" wid="8">taking</w>
  <w id="9" lemma="|in|" pos="IN" wid="9">in</w>
  <w id="10" lemma="|he|" pos="PRP$" wid="10">his</w>
  <w id="11" lemma="|``|" pos="``" wid="11">``</w>
  <w id="12" lemma="|holy|" pos="JJ" wid="12">holy</w>
  <w id="13" lemma="|and|" pos="CC" wid="13">and</w>
  <w id="14" lemma="|venerable|" pos="JJ" wid="14">venerable</w>
  <w id="15" lemma="|''|" pos="''" wid="15">''</w>
  <w id="16" lemma="|hand|" pos="NNS" wid="16">hands</w>
  <w id="17" lemma="|the|" pos="DT" wid="17">the</w>
  <w id="18" lemma="|little|" pos="JJ" wid="18">little</w>
  <w id="19" lemma="|that|" pos="IN" wid="19">that</w>
  <w id="20" lemma="|they|" pos="PRP" wid="20">they</w>
  <w id="21" lemma="|be|" pos="VBP" wid="21">are</w>
  <w id="22" lemma="|,|" pos="," wid="22">,</w>
  <w id="23" lemma="|priest|" pos="NNS" wid="23">priests</w>
  <w id="24" lemma="|,|" pos="," wid="24">,</w>
  <w id="25" lemma="|we|" pos="PRP" wid="25">we</w>
  <w id="26" lemma="|priest|" pos="VBP" wid="26">priests</w>
  <w id="27" lemma="|,|" pos="," wid="27">,</w>
  <w id="28" lemma="|become|" pos="VBP" wid="28">become</w>
  <w id="29" lemma="|instrument|" pos="NNS" wid="29">instruments</w>
  <w id="30" lemma="|of|" pos="IN" wid="30">of</w>
  <w id="31" lemma="|salvation|" pos="NN" wid="31">salvation</w>
  <w id="32" lemma="|for|" pos="IN" wid="32">for</w>
  <w id="33" lemma="|many|" pos="JJ" wid="33">many</w>
  <w id="34" lemma="|,|" pos="," wid="34">,</w>
  <w id="35" lemma="|for|" pos="IN" wid="35">for</w>
  <w id="36" lemma="|everyone|" pos="NN" wid="36">everyone</w>
  <w id="37" lemma="|!|" pos="." wid="37">!</w>
</sentence>
<sentence id="17">
  <w id="0" lemma="|a|" pos="DT" wid="0">A</w>
  <w id="1" lemma="|second|" pos="JJ" wid="1">second</w>
  <w id="2" lemma="|point|" pos="NN" wid="2">point</w>
  <w id="3" lemma="|for|" pos="IN" wid="3">for</w>
  <w id="4" lemma="|reflection|" pos="NN" wid="4">reflection</w>
  <w id="5" lemma="|come|" pos="VBZ" wid="5">comes</w>
  <w id="6" lemma="|from|" pos="IN" wid="6">from</w>
  <w id="7" lemma="|today|" pos="NN" wid="7">today</w>
  <w id="8" lemma="|'s|" pos="POS" wid="8">'s</w>
  <w id="9" lemma="|liturgical|" pos="JJ" wid="9">liturgical</w>
  <w id="10" lemma="|commemoration|" pos="NN" wid="10">commemoration</w>
  <w id="11" lemma="|of|" pos="IN" wid="11">of</w>
  <w id="12" lemma="|Saints|" pos="NNP" wid="12">Saints</w>
  <w id="13" lemma="|Joachim|" pos="NNP" wid="13">Joachim</w>
  <w id="14" lemma="|and|" pos="CC" wid="14">and</w>
  <w id="15" lemma="|Anne|" pos="NNP" wid="15">Anne</w>
  <w id="16" lemma="|,|" pos="," wid="16">,</w>
  <w id="17" lemma="|parent|" pos="NNS" wid="17">parents</w>
  <w id="18" lemma="|of|" pos="IN" wid="18">of</w>
  <w id="19" lemma="|Our|" pos="NNP" wid="19">Our</w>
  <w id="20" lemma="|Lady|" pos="NNP" wid="20">Lady</w>
  <w id="21" lemma="|,|" pos="," wid="21">,</w>
  <w id="22" lemma="|and|" pos="CC" wid="22">and</w>
  <w id="23" lemma="|therefore|" pos="RB" wid="23">therefore</w>
  <w id="24" lemma="|,|" pos="," wid="24">,</w>
  <w id="25" lemma="|grandparent|" pos="NNS" wid="25">grandparents</w>
  <w id="26" lemma="|of|" pos="IN" wid="26">of</w>
  <w id="27" lemma="|Jesus|" pos="NNP" wid="27">Jesus</w>
  <w id="28" lemma="|.|" pos="." wid="28">.</w>
</sentence>
<sentence id="18">
  <w id="0" lemma="|this|" pos="DT" wid="0">This</w>
  <w id="1" lemma="|occasion|" pos="NN" wid="1">occasion</w>
  <w id="2" lemma="|make|" pos="VBZ" wid="2">makes</w>
  <w id="3" lemma="|we|" pos="PRP" wid="3">us</w>
  <w id="4" lemma="|think|" pos="VB" wid="4">think</w>
  <w id="5" lemma="|of|" pos="IN" wid="5">of</w>
  <w id="6" lemma="|the|" pos="DT" wid="6">the</w>
  <w id="7" lemma="|subject|" pos="NN" wid="7">subject</w>
  <w id="8" lemma="|of|" pos="IN" wid="8">of</w>
  <w id="9" lemma="|education|" pos="NN" wid="9">education</w>
  <w id="10" lemma="|which|" pos="WDT" wid="10">which</w>
  <w id="11" lemma="|have|" pos="VBZ" wid="11">has</w>
  <w id="12" lemma="|a|" pos="DT" wid="12">an</w>
  <w id="13" lemma="|important|" pos="JJ" wid="13">important</w>
  <w id="14" lemma="|place|" pos="NN" wid="14">place</w>
  <w id="15" lemma="|in|" pos="IN" wid="15">in</w>
  <w id="16" lemma="|the|" pos="DT" wid="16">the</w>
  <w id="17" lemma="|pastoral|" pos="JJ" wid="17">pastoral</w>
  <w id="18" lemma="|work|" pos="NN" wid="18">work</w>
  <w id="19" lemma="|of|" pos="IN" wid="19">of</w>
  <w id="20" lemma="|the|" pos="DT" wid="20">the</w>
  <w id="21" lemma="|Church|" pos="NNP" wid="21">Church</w>
  <w id="22" lemma="|.|" pos="." wid="22">.</w>
</sentence>
<sentence id="19">
  <w id="0" lemma="|in|" pos="IN" wid="0">In</w>
  <w id="1" lemma="|particular|" pos="JJ" wid="1">particular</w>
  <w id="2" lemma="|,|" pos="," wid="2">,</w>
  <w id="3" lemma="|it|" pos="PRP" wid="3">it</w>
  <w id="4" lemma="|invite|" pos="VBZ" wid="4">invites</w>
  <w id="5" lemma="|we|" pos="PRP" wid="5">us</w>
  <w id="6" lemma="|to|" pos="TO" wid="6">to</w>
  <w id="7" lemma="|pray|" pos="VB" wid="7">pray</w>
  <w id="8" lemma="|for|" pos="IN" wid="8">for</w>
  <w id="9" lemma="|grandparent|" pos="NNS" wid="9">grandparents</w>
  <w id="10" lemma="|,|" pos="," wid="10">,</w>
  <w id="11" lemma="|who|" pos="WP" wid="11">who</w>
  <w id="12" lemma="|,|" pos="," wid="12">,</w>
  <w id="13" lemma="|in|" pos="IN" wid="13">in</w>
  <w id="14" lemma="|the|" pos="DT" wid="14">the</w>
  <w id="15" lemma="|family|" pos="NN" wid="15">family</w>
  <w id="16" lemma="|,|" pos="," wid="16">,</w>
  <w id="17" lemma="|be|" pos="VBP" wid="17">are</w>
  <w id="18" lemma="|the|" pos="DT" wid="18">the</w>
  <w id="19" lemma="|depository|" pos="NNS" wid="19">depositories</w>
  <w id="20" lemma="|and|" pos="CC" wid="20">and</w>
  <w id="21" lemma="|often|" pos="RB" wid="21">often</w>
  <w id="22" lemma="|witness|" pos="NNS" wid="22">witnesses</w>
  <w id="23" lemma="|of|" pos="IN" wid="23">of</w>
  <w id="24" lemma="|the|" pos="DT" wid="24">the</w>
  <w id="25" lemma="|fundamental|" pos="JJ" wid="25">fundamental</w>
  <w id="26" lemma="|value|" pos="NNS" wid="26">values</w>
  <w id="27" lemma="|of|" pos="IN" wid="27">of</w>
  <w id="28" lemma="|life|" pos="NN" wid="28">life</w>
  <w id="29" lemma="|.|" pos="." wid="29">.</w>
</sentence>
<sentence id="20">
  <w id="0" lemma="|the|" pos="DT" wid="0">The</w>
  <w id="1" lemma="|educational|" pos="JJ" wid="1">educational</w>
  <w id="2" lemma="|task|" pos="NN" wid="2">task</w>
  <w id="3" lemma="|of|" pos="IN" wid="3">of</w>
  <w id="4" lemma="|grandparent|" pos="NNS" wid="4">grandparents</w>
  <w id="5" lemma="|be|" pos="VBZ" wid="5">is</w>
  <w id="6" lemma="|always|" pos="RB" wid="6">always</w>
  <w id="7" lemma="|very|" pos="RB" wid="7">very</w>
  <w id="8" lemma="|important|" pos="JJ" wid="8">important</w>
  <w id="9" lemma="|,|" pos="," wid="9">,</w>
  <w id="10" lemma="|and|" pos="CC" wid="10">and</w>
  <w id="11" lemma="|it|" pos="PRP" wid="11">it</w>
  <w id="12" lemma="|become|" pos="VBZ" wid="12">becomes</w>
  <w id="13" lemma="|even|" pos="RB" wid="13">even</w>
  <w id="14" lemma="|more|" pos="RBR" wid="14">more</w>
  <w id="15" lemma="|so|" pos="RB" wid="15">so</w>
  <w id="16" lemma="|when|" pos="WRB" wid="16">when</w>
  <w id="17" lemma="|,|" pos="," wid="17">,</w>
  <w id="18" lemma="|for|" pos="IN" wid="18">for</w>
  <w id="19" lemma="|various|" pos="JJ" wid="19">various</w>
  <w id="20" lemma="|reason|" pos="NNS" wid="20">reasons</w>
  <w id="21" lemma="|,|" pos="," wid="21">,</w>
  <w id="22" lemma="|the|" pos="DT" wid="22">the</w>
  <w id="23" lemma="|parent|" pos="NNS" wid="23">parents</w>
  <w id="24" lemma="|be|" pos="VBP" wid="24">are</w>
  <w id="25" lemma="|unable|" pos="JJ" wid="25">unable</w>
  <w id="26" lemma="|to|" pos="TO" wid="26">to</w>
  <w id="27" lemma="|provide|" pos="VB" wid="27">provide</w>
  <w id="28" lemma="|they|" pos="PRP$" wid="28">their</w>
  <w id="29" lemma="|child|" pos="NNS" wid="29">children</w>
  <w id="30" lemma="|with|" pos="IN" wid="30">with</w>
  <w id="31" lemma="|a|" pos="DT" wid="31">an</w>
  <w id="32" lemma="|adequate|" pos="JJ" wid="32">adequate</w>
  <w id="33" lemma="|presence|" pos="NN" wid="33">presence</w>
  <w id="34" lemma="|while|" pos="IN" wid="34">while</w>
  <w id="35" lemma="|they|" pos="PRP" wid="35">they</w>
  <w id="36" lemma="|be|" pos="VBP" wid="36">are</w>
  <w id="37" lemma="|grow|" pos="VBG" wid="37">growing</w>
  <w id="38" lemma="|up|" pos="RP" wid="38">up</w>
  <w id="39" lemma="|.|" pos="." wid="39">.</w>
</sentence>
<sentence id="21">
  <w id="0" lemma="|I|" pos="PRP" wid="0">I</w>
  <w id="1" lemma="|entrust|" pos="VBP" wid="1">entrust</w>
  <w id="2" lemma="|to|" pos="TO" wid="2">to</w>
  <w id="3" lemma="|the|" pos="DT" wid="3">the</w>
  <w id="4" lemma="|protection|" pos="NN" wid="4">protection</w>
  <w id="5" lemma="|of|" pos="IN" wid="5">of</w>
  <w id="6" lemma="|St|" pos="NNP" wid="6">St</w>
  <w id="7" lemma="|Anne|" pos="NNP" wid="7">Anne</w>
  <w id="8" lemma="|and|" pos="CC" wid="8">and</w>
  <w id="9" lemma="|St|" pos="NNP" wid="9">St</w>
  <w id="10" lemma="|Joachim|" pos="NNP" wid="10">Joachim</w>
  <w id="11" lemma="|all|" pos="PDT" wid="11">all</w>
  <w id="12" lemma="|the|" pos="DT" wid="12">the</w>
  <w id="13" lemma="|grandparent|" pos="NNS" wid="13">grandparents</w>
  <w id="14" lemma="|of|" pos="IN" wid="14">of</w>
  <w id="15" lemma="|the|" pos="DT" wid="15">the</w>
  <w id="16" lemma="|world|" pos="NN" wid="16">world</w>
  <w id="17" lemma="|and|" pos="CC" wid="17">and</w>
  <w id="18" lemma="|bestow|" pos="VB" wid="18">bestow</w>
  <w id="19" lemma="|on|" pos="IN" wid="19">on</w>
  <w id="20" lemma="|they|" pos="PRP" wid="20">them</w>
  <w id="21" lemma="|a|" pos="DT" wid="21">a</w>
  <w id="22" lemma="|special|" pos="JJ" wid="22">special</w>
  <w id="23" lemma="|blessing|" pos="NN" wid="23">blessing</w>
  <w id="24" lemma="|.|" pos="." wid="24">.</w>
</sentence>
<sentence id="22">
  <w id="0" lemma="|May|" pos="NNP" wid="0">May</w>
  <w id="1" lemma="|the|" pos="DT" wid="1">the</w>
  <w id="2" lemma="|Virgin|" pos="NNP" wid="2">Virgin</w>
  <w id="3" lemma="|Mary|" pos="NNP" wid="3">Mary</w>
  <w id="4" lemma="|who|" pos="WP" wid="4">who</w>
  <w id="5" lemma="|accord|" pos="VBG" wid="5">according</w>
  <w id="6" lemma="|to|" pos="TO" wid="6">to</w>
  <w id="7" lemma="|a|" pos="DT" wid="7">a</w>
  <w id="8" lemma="|beautiful|" pos="JJ" wid="8">beautiful</w>
  <w id="9" lemma="|iconography|" pos="NN" wid="9">iconography</w>
  <w id="10" lemma="|-|" pos=":" wid="10">-</w>
  <w id="11" lemma="|learn|" pos="VBD" wid="11">learned</w>
  <w id="12" lemma="|to|" pos="TO" wid="12">to</w>
  <w id="13" lemma="|read|" pos="VB" wid="13">read</w>
  <w id="14" lemma="|the|" pos="DT" wid="14">the</w>
  <w id="15" lemma="|sacred|" pos="JJ" wid="15">Sacred</w>
  <w id="16" lemma="|scripture|" pos="NNS" wid="16">Scriptures</w>
  <w id="17" lemma="|at|" pos="IN" wid="17">at</w>
  <w id="18" lemma="|she|" pos="PRP$" wid="18">her</w>
  <w id="19" lemma="|mother|" pos="NN" wid="19">mother</w>
  <w id="20" lemma="|Anne|" pos="NNP" wid="20">Anne</w>
  <w id="21" lemma="|'s|" pos="POS" wid="21">'s</w>
  <w id="22" lemma="|knee|" pos="NN" wid="22">knee</w>
  <w id="23" lemma="|,|" pos="," wid="23">,</w>
  <w id="24" lemma="|help|" pos="VB" wid="24">help</w>
  <w id="25" lemma="|they|" pos="PRP" wid="25">them</w>
  <w id="26" lemma="|always|" pos="RB" wid="26">always</w>
  <w id="27" lemma="|to|" pos="TO" wid="27">to</w>
  <w id="28" lemma="|nourish|" pos="VB" wid="28">nourish</w>
  <w id="29" lemma="|they|" pos="PRP$" wid="29">their</w>
  <w id="30" lemma="|faith|" pos="NN" wid="30">faith</w>
  <w id="31" lemma="|and|" pos="CC" wid="31">and</w>
  <w id="32" lemma="|hope|" pos="NN" wid="32">hope</w>
  <w id="33" lemma="|at|" pos="IN" wid="33">at</w>
  <w id="34" lemma="|the|" pos="DT" wid="34">the</w>
  <w id="35" lemma="|source|" pos="NNS" wid="35">sources</w>
  <w id="36" lemma="|of|" pos="IN" wid="36">of</w>
  <w id="37" lemma="|the|" pos="DT" wid="37">the</w>
  <w id="38" lemma="|word|" pos="NN" wid="38">Word</w>
  <w id="39" lemma="|of|" pos="IN" wid="39">of</w>
  <w id="40" lemma="|God|" pos="NNP" wid="40">God</w>
  <w id="41" lemma="|.|" pos="." wid="41">.</w>
</sentence>
<sentence id="23">
  <w id="0" lemma="|after|" pos="IN" wid="0">After</w>
  <w id="1" lemma="|the|" pos="DT" wid="1">the</w>
  <w id="2" lemma="|Angelus|" pos="NNP" wid="2">Angelus</w>
  <w id="3" lemma="|:|" pos=":" wid="3">:</w>
  <w id="4" lemma="|I|" pos="PRP" wid="4">I</w>
  <w id="5" lemma="|now|" pos="RB" wid="5">now</w>
  <w id="6" lemma="|extend|" pos="VBP" wid="6">extend</w>
  <w id="7" lemma="|my|" pos="PRP$" wid="7">my</w>
  <w id="8" lemma="|thought|" pos="NNS" wid="8">thoughts</w>
  <w id="9" lemma="|to|" pos="TO" wid="9">to</w>
  <w id="10" lemma="|all|" pos="PDT" wid="10">all</w>
  <w id="11" lemma="|the|" pos="DT" wid="11">the</w>
  <w id="12" lemma="|elderly|" pos="JJ" wid="12">elderly</w>
  <w id="13" lemma="|people|" pos="NNS" wid="13">people</w>
  <w id="14" lemma="|,|" pos="," wid="14">,</w>
  <w id="15" lemma="|especially|" pos="RB" wid="15">especially</w>
  <w id="16" lemma="|those|" pos="DT" wid="16">those</w>
  <w id="17" lemma="|who|" pos="WP" wid="17">who</w>
  <w id="18" lemma="|may|" pos="MD" wid="18">may</w>
  <w id="19" lemma="|be|" pos="VB" wid="19">be</w>
  <w id="20" lemma="|alone|" pos="RB" wid="20">alone</w>
  <w id="21" lemma="|or|" pos="CC" wid="21">or</w>
  <w id="22" lemma="|in|" pos="IN" wid="22">in</w>
  <w id="23" lemma="|difficulty|" pos="NN" wid="23">difficulty</w>
  <w id="24" lemma="|.|" pos="." wid="24">.</w>
</sentence>
<sentence id="24">
  <w id="0" lemma="|thank|" pos="VB" wid="0">Thank</w>
  <w id="1" lemma="|you|" pos="PRP" wid="1">you</w>
  <w id="2" lemma="|again|" pos="RB" wid="2">again</w>
  <w id="3" lemma="|for|" pos="IN" wid="3">for</w>
  <w id="4" lemma="|come|" pos="VBG" wid="4">coming</w>
  <w id="5" lemma="|and|" pos="CC" wid="5">and</w>
  <w id="6" lemma="|have|" pos="VBP" wid="6">have</w>
  <w id="7" lemma="|a|" pos="DT" wid="7">a</w>
  <w id="8" lemma="|happy|" pos="JJ" wid="8">happy</w>
  <w id="9" lemma="|Sunday|" pos="NNP" wid="9">Sunday</w>
  <w id="10" lemma="|.|" pos="." wid="10">.</w>
</sentence>
<sentence id="25">
  <w id="0" lemma="|I|" pos="PRP" wid="0">I</w>
  <w id="1" lemma="|greet|" pos="VBP" wid="1">greet</w>
  <w id="2" lemma="|all|" pos="PDT" wid="2">all</w>
  <w id="3" lemma="|the|" pos="DT" wid="3">the</w>
  <w id="4" lemma="|english-speaking|" pos="JJ" wid="4">English-speaking</w>
  <w id="5" lemma="|visitor|" pos="NNS" wid="5">visitors</w>
  <w id="6" lemma="|present|" pos="VBP" wid="6">present</w>
  <w id="7" lemma="|today|" pos="NN" wid="7">today</w>
  <w id="8" lemma="|.|" pos="." wid="8">.</w>
</sentence>
<sentence id="26">
  <w id="0" lemma="|thank|" pos="VB" wid="0">Thank</w>
  <w id="1" lemma="|you|" pos="PRP" wid="1">you</w>
  <w id="2" lemma="|for|" pos="IN" wid="2">for</w>
  <w id="3" lemma="|join|" pos="VBG" wid="3">joining</w>
  <w id="4" lemma="|I|" pos="PRP" wid="4">me</w>
  <w id="5" lemma="|here|" pos="RB" wid="5">here</w>
  <w id="6" lemma="|in|" pos="IN" wid="6">in</w>
  <w id="7" lemma="|Les|" pos="NNP" wid="7">Les</w>
  <w id="8" lemma="|Combes|" pos="NNP" wid="8">Combes</w>
  <w id="9" lemma="|to|" pos="TO" wid="9">to</w>
  <w id="10" lemma="|pray|" pos="VB" wid="10">pray</w>
  <w id="11" lemma="|the|" pos="DT" wid="11">the</w>
  <w id="12" lemma="|Angelus|" pos="NNP" wid="12">Angelus</w>
  <w id="13" lemma="|.|" pos="." wid="13">.</w>
</sentence>
<sentence id="27">
  <w id="0" lemma="|I|" pos="PRP" wid="0">I</w>
  <w id="1" lemma="|hope|" pos="VBP" wid="1">hope</w>
  <w id="2" lemma="|that|" pos="IN" wid="2">that</w>
  <w id="3" lemma="|you|" pos="PRP$" wid="3">your</w>
  <w id="4" lemma="|holiday|" pos="NNS" wid="4">holidays</w>
  <w id="5" lemma="|may|" pos="MD" wid="5">may</w>
  <w id="6" lemma="|be|" pos="VB" wid="6">be</w>
  <w id="7" lemma="|a|" pos="DT" wid="7">a</w>
  <w id="8" lemma="|time|" pos="NN" wid="8">time</w>
  <w id="9" lemma="|of|" pos="IN" wid="9">of</w>
  <w id="10" lemma="|great|" pos="JJ" wid="10">great</w>
  <w id="11" lemma="|joy|" pos="NN" wid="11">joy</w>
  <w id="12" lemma="|,|" pos="," wid="12">,</w>
  <w id="13" lemma="|spend|" pos="VBN" wid="13">spent</w>
  <w id="14" lemma="|together|" pos="RB" wid="14">together</w>
  <w id="15" lemma="|as|" pos="IN" wid="15">as</w>
  <w id="16" lemma="|family|" pos="NNS" wid="16">families</w>
  <w id="17" lemma="|,|" pos="," wid="17">,</w>
  <w id="18" lemma="|and|" pos="CC" wid="18">and</w>
  <w id="19" lemma="|of|" pos="IN" wid="19">of</w>
  <w id="20" lemma="|deep|" pos="JJ" wid="20">deep</w>
  <w id="21" lemma="|spiritual|" pos="JJ" wid="21">spiritual</w>
  <w id="22" lemma="|renewal|" pos="NN" wid="22">renewal</w>
  <w id="23" lemma="|,|" pos="," wid="23">,</w>
  <w id="24" lemma="|as|" pos="IN" wid="24">as</w>
  <w id="25" lemma="|you|" pos="PRP" wid="25">you</w>
  <w id="26" lemma="|rest|" pos="VBP" wid="26">rest</w>
  <w id="27" lemma="|in|" pos="IN" wid="27">in</w>
  <w id="28" lemma="|the|" pos="DT" wid="28">the</w>
  <w id="29" lemma="|marvel|" pos="VB" wid="29">marvel</w>
  <w id="30" lemma="|of|" pos="IN" wid="30">of</w>
  <w id="31" lemma="|God|" pos="NNP" wid="31">God</w>
  <w id="32" lemma="|'s|" pos="POS" wid="32">'s</w>
  <w id="33" lemma="|gift|" pos="NN" wid="33">gift</w>
  <w id="34" lemma="|of|" pos="IN" wid="34">of</w>
  <w id="35" lemma="|creation|" pos="NN" wid="35">creation</w>
  <w id="36" lemma="|.|" pos="." wid="36">.</w>
</sentence>
<sentence id="28">
  <w id="0" lemma="|May|" pos="NNP" wid="0">May</w>
  <w id="1" lemma="|the|" pos="DT" wid="1">the</w>
  <w id="2" lemma="|Almighty|" pos="NNP" wid="2">Almighty</w>
  <w id="3" lemma="|abundantly|" pos="RB" wid="3">abundantly</w>
  <w id="4" lemma="|bless|" pos="VBP" wid="4">bless</w>
  <w id="5" lemma="|each|" pos="DT" wid="5">each</w>
  <w id="6" lemma="|of|" pos="IN" wid="6">of</w>
  <w id="7" lemma="|you|" pos="PRP" wid="7">you</w>
  <w id="8" lemma="|and|" pos="CC" wid="8">and</w>
  <w id="9" lemma="|you|" pos="PRP$" wid="9">your</w>
  <w id="10" lemma="|love|" pos="VBN" wid="10">loved</w>
  <w id="11" lemma="|one|" pos="NNS" wid="11">ones</w>
  <w id="12" lemma="|.|" pos="." wid="12">.</w>
</sentence>
<sentence id="29">
  <w id="0" lemma="|to|" pos="TO" wid="0">To</w>
  <w id="1" lemma="|the|" pos="DT" wid="1">the</w>
  <w id="2" lemma="|sister|" pos="NNS" wid="2">Sisters</w>
  <w id="3" lemma="|of|" pos="IN" wid="3">of</w>
  <w id="4" lemma="|Charity|" pos="NNP" wid="4">Charity</w>
  <w id="5" lemma="|of|" pos="IN" wid="5">of</w>
  <w id="6" lemma="|St|" pos="NNP" wid="6">St</w>
  <w id="7" lemma="|Mary|" pos="NNP" wid="7">Mary</w>
  <w id="8" lemma="|:|" pos=":" wid="8">:</w>
  <w id="9" lemma="|Dear|" pos="NNP" wid="9">Dear</w>
  <w id="10" lemma="|sister|" pos="NNS" wid="10">Sisters</w>
  <w id="11" lemma="|,|" pos="," wid="11">,</w>
  <w id="12" lemma="|draw|" pos="VB" wid="12">draw</w>
  <w id="13" lemma="|new|" pos="JJ" wid="13">new</w>
  <w id="14" lemma="|sap|" pos="VBP" wid="14">sap</w>
  <w id="15" lemma="|from|" pos="IN" wid="15">from</w>
  <w id="16" lemma="|you|" pos="PRP$" wid="16">your</w>
  <w id="17" lemma="|charism|" pos="NN" wid="17">charism</w>
  <w id="18" lemma="|so|" pos="RB" wid="18">so</w>
  <w id="19" lemma="|as|" pos="IN" wid="19">as</w>
  <w id="20" lemma="|to|" pos="TO" wid="20">to</w>
  <w id="21" lemma="|be|" pos="VB" wid="21">be</w>
  <w id="22" lemma="|a|" pos="DT" wid="22">a</w>
  <w id="23" lemma="|sign|" pos="NN" wid="23">sign</w>
  <w id="24" lemma="|of|" pos="IN" wid="24">of</w>
  <w id="25" lemma="|the|" pos="DT" wid="25">the</w>
  <w id="26" lemma="|Lord|" pos="NNP" wid="26">Lord</w>
  <w id="27" lemma="|'s|" pos="POS" wid="27">'s</w>
  <w id="28" lemma="|love|" pos="NN" wid="28">love</w>
  <w id="29" lemma="|in|" pos="IN" wid="29">in</w>
  <w id="30" lemma="|the|" pos="DT" wid="30">the</w>
  <w id="31" lemma="|service|" pos="NN" wid="31">service</w>
  <w id="32" lemma="|of|" pos="IN" wid="32">of</w>
  <w id="33" lemma="|the|" pos="DT" wid="33">the</w>
  <w id="34" lemma="|poor|" pos="JJ" wid="34">poor</w>
  <w id="35" lemma="|and|" pos="CC" wid="35">and</w>
  <w id="36" lemma="|the|" pos="DT" wid="36">the</w>
  <w id="37" lemma="|young|" pos="JJ" wid="37">young</w>
  <w id="38" lemma="|,|" pos="," wid="38">,</w>
  <w id="39" lemma="|imitate|" pos="VBG" wid="39">imitating</w>
  <w id="40" lemma="|Mary|" pos="NNP" wid="40">Mary</w>
  <w id="41" lemma="|,|" pos="," wid="41">,</w>
  <w id="42" lemma="|model|" pos="NN" wid="42">model</w>
  <w id="43" lemma="|of|" pos="IN" wid="43">of</w>
  <w id="44" lemma="|charity|" pos="NN" wid="44">charity</w>
  <w id="45" lemma="|and|" pos="CC" wid="45">and</w>
  <w id="46" lemma="|Mother|" pos="NNP" wid="46">Mother</w>
  <w id="47" lemma="|of|" pos="IN" wid="47">of</w>
  <w id="48" lemma="|Good|" pos="NNP" wid="48">Good</w>
  <w id="49" lemma="|Council|" pos="NNP" wid="49">Council</w>
  <w id="50" lemma="|.|" pos="." wid="50">.</w>
</sentence>
<sentence id="30">
  <w id="0" lemma="|to|" pos="TO" wid="0">To</w>
  <w id="1" lemma="|the|" pos="DT" wid="1">the</w>
  <w id="2" lemma="|Valdostans|" pos="NNP" wid="2">Valdostans</w>
  <w id="3" lemma="|-lrb-|" pos="-LRB-" wid="3">-LRB-</w>
  <w id="4" lemma="|Patois|" pos="NNP" wid="4">Patois</w>
  <w id="5" lemma="|-rrb-|" pos="-RRB-" wid="5">-RRB-</w>
  <w id="6" lemma="|:|" pos=":" wid="6">:</w>
  <w id="7" lemma="|Dear|" pos="NNP" wid="7">Dear</w>
  <w id="8" lemma="|Valdostans|" pos="NNP" wid="8">Valdostans</w>
  <w id="9" lemma="|,|" pos="," wid="9">,</w>
  <w id="10" lemma="|I|" pos="PRP" wid="10">I</w>
  <w id="11" lemma="|be|" pos="VBP" wid="11">am</w>
  <w id="12" lemma="|truly|" pos="RB" wid="12">truly</w>
  <w id="13" lemma="|glad|" pos="JJ" wid="13">glad</w>
  <w id="14" lemma="|to|" pos="TO" wid="14">to</w>
  <w id="15" lemma="|be|" pos="VB" wid="15">be</w>
  <w id="16" lemma="|here|" pos="RB" wid="16">here</w>
  <w id="17" lemma="|among|" pos="IN" wid="17">among</w>
  <w id="18" lemma="|you|" pos="PRP" wid="18">you</w>
  <w id="19" lemma="|.|" pos="." wid="19">.</w>
</sentence>
<sentence id="31">
  <w id="0" lemma="|pray|" pos="VB" wid="0">Pray</w>
  <w id="1" lemma="|for|" pos="IN" wid="1">for</w>
  <w id="2" lemma="|I|" pos="PRP" wid="2">me</w>
  <w id="3" lemma="|and|" pos="CC" wid="3">and</w>
  <w id="4" lemma="|for|" pos="IN" wid="4">for</w>
  <w id="5" lemma="|all|" pos="PDT" wid="5">all</w>
  <w id="6" lemma="|the|" pos="DT" wid="6">the</w>
  <w id="7" lemma="|Church|" pos="NNP" wid="7">Church</w>
  <w id="8" lemma="|.|" pos="." wid="8">.</w>
</sentence>
<sentence id="32">
  <w id="0" lemma="|I|" pos="PRP" wid="0">I</w>
  <w id="1" lemma="|wish|" pos="VBP" wid="1">wish</w>
  <w id="2" lemma="|everyone|" pos="NN" wid="2">everyone</w>
  <w id="3" lemma="|a|" pos="DT" wid="3">a</w>
  <w id="4" lemma="|good|" pos="JJ" wid="4">good</w>
  <w id="5" lemma="|summer|" pos="NN" wid="5">summer</w>
  <w id="6" lemma="|!|" pos="." wid="6">!</w>
</sentence>
</corpus>