<corpus id="0">
<sentence id="0">
  <w id="0" lemma="|Dear|" pos="NNP" wid="0">Dear</w>
  <w id="1" lemma="|Brothers|" pos="NNPS" wid="1">Brothers</w>
  <w id="2" lemma="|and|" pos="CC" wid="2">and</w>
  <w id="3" lemma="|sister|" pos="NNS" wid="3">Sisters</w>
  <w id="4" lemma="|,|" pos="," wid="4">,</w>
  <w id="5" lemma="|my|" pos="PRP$" wid="5">My</w>
  <w id="6" lemma="|ecclesial|" pos="JJ" wid="6">ecclesial</w>
  <w id="7" lemma="|experience|" pos="NN" wid="7">experience</w>
  <w id="8" lemma="|in|" pos="IN" wid="8">in</w>
  <w id="9" lemma="|Cologne|" pos="NNP" wid="9">Cologne</w>
  <w id="10" lemma="|last|" pos="JJ" wid="10">last</w>
  <w id="11" lemma="|week|" pos="NN" wid="11">week</w>
  <w id="12" lemma="|with|" pos="IN" wid="12">with</w>
  <w id="13" lemma="|a|" pos="DT" wid="13">a</w>
  <w id="14" lemma="|vast|" pos="JJ" wid="14">vast</w>
  <w id="15" lemma="|number|" pos="NN" wid="15">number</w>
  <w id="16" lemma="|of|" pos="IN" wid="16">of</w>
  <w id="17" lemma="|young|" pos="JJ" wid="17">young</w>
  <w id="18" lemma="|people|" pos="NNS" wid="18">people</w>
  <w id="19" lemma="|from|" pos="IN" wid="19">from</w>
  <w id="20" lemma="|every|" pos="DT" wid="20">every</w>
  <w id="21" lemma="|corner|" pos="NN" wid="21">corner</w>
  <w id="22" lemma="|of|" pos="IN" wid="22">of</w>
  <w id="23" lemma="|the|" pos="DT" wid="23">the</w>
  <w id="24" lemma="|world|" pos="NN" wid="24">world</w>
  <w id="25" lemma="|,|" pos="," wid="25">,</w>
  <w id="26" lemma="|accompany|" pos="VBN" wid="26">accompanied</w>
  <w id="27" lemma="|by|" pos="IN" wid="27">by</w>
  <w id="28" lemma="|many|" pos="JJ" wid="28">many</w>
  <w id="29" lemma="|bishop|" pos="NNS" wid="29">Bishops</w>
  <w id="30" lemma="|,|" pos="," wid="30">,</w>
  <w id="31" lemma="|priest|" pos="NNS" wid="31">priests</w>
  <w id="32" lemma="|,|" pos="," wid="32">,</w>
  <w id="33" lemma="|and|" pos="CC" wid="33">and</w>
  <w id="34" lemma="|man|" pos="NNS" wid="34">men</w>
  <w id="35" lemma="|and|" pos="CC" wid="35">and</w>
  <w id="36" lemma="|woman|" pos="NNS" wid="36">women</w>
  <w id="37" lemma="|religious|" pos="JJ" wid="37">religious</w>
  <w id="38" lemma="|on|" pos="IN" wid="38">on</w>
  <w id="39" lemma="|the|" pos="DT" wid="39">the</w>
  <w id="40" lemma="|occasion|" pos="NN" wid="40">occasion</w>
  <w id="41" lemma="|of|" pos="IN" wid="41">of</w>
  <w id="42" lemma="|World|" pos="NNP" wid="42">World</w>
  <w id="43" lemma="|Youth|" pos="NNP" wid="43">Youth</w>
  <w id="44" lemma="|Day|" pos="NNP" wid="44">Day</w>
  <w id="45" lemma="|,|" pos="," wid="45">,</w>
  <w id="46" lemma="|be|" pos="VBD" wid="46">was</w>
  <w id="47" lemma="|truly|" pos="RB" wid="47">truly</w>
  <w id="48" lemma="|extraordinary|" pos="JJ" wid="48">extraordinary</w>
  <w id="49" lemma="|.|" pos="." wid="49">.</w>
</sentence>
<sentence id="1">
  <w id="0" lemma="|it|" pos="PRP" wid="0">It</w>
  <w id="1" lemma="|be|" pos="VBD" wid="1">was</w>
  <w id="2" lemma="|a|" pos="DT" wid="2">an</w>
  <w id="3" lemma="|event|" pos="NN" wid="3">event</w>
  <w id="4" lemma="|of|" pos="IN" wid="4">of</w>
  <w id="5" lemma="|grace|" pos="NN" wid="5">grace</w>
  <w id="6" lemma="|for|" pos="IN" wid="6">for</w>
  <w id="7" lemma="|the|" pos="DT" wid="7">the</w>
  <w id="8" lemma="|entire|" pos="JJ" wid="8">entire</w>
  <w id="9" lemma="|Church|" pos="NNP" wid="9">Church</w>
  <w id="10" lemma="|.|" pos="." wid="10">.</w>
</sentence>
<sentence id="2">
  <w id="0" lemma="|when|" pos="WRB" wid="0">When</w>
  <w id="1" lemma="|I|" pos="PRP" wid="1">I</w>
  <w id="2" lemma="|speak|" pos="VBD" wid="2">spoke</w>
  <w id="3" lemma="|to|" pos="TO" wid="3">to</w>
  <w id="4" lemma="|the|" pos="DT" wid="4">the</w>
  <w id="5" lemma="|bishop|" pos="NNS" wid="5">Bishops</w>
  <w id="6" lemma="|of|" pos="IN" wid="6">of</w>
  <w id="7" lemma="|Germany|" pos="NNP" wid="7">Germany</w>
  <w id="8" lemma="|shortly|" pos="RB" wid="8">shortly</w>
  <w id="9" lemma="|before|" pos="IN" wid="9">before</w>
  <w id="10" lemma="|return|" pos="VBG" wid="10">returning</w>
  <w id="11" lemma="|to|" pos="TO" wid="11">to</w>
  <w id="12" lemma="|Italy|" pos="NNP" wid="12">Italy</w>
  <w id="13" lemma="|,|" pos="," wid="13">,</w>
  <w id="14" lemma="|I|" pos="PRP" wid="14">I</w>
  <w id="15" lemma="|say|" pos="VBD" wid="15">said</w>
  <w id="16" lemma="|that|" pos="IN" wid="16">that</w>
  <w id="17" lemma="|young|" pos="JJ" wid="17">young</w>
  <w id="18" lemma="|people|" pos="NNS" wid="18">people</w>
  <w id="19" lemma="|be|" pos="VBD" wid="19">were</w>
  <w id="20" lemma="|address|" pos="VBG" wid="20">addressing</w>
  <w id="21" lemma="|a|" pos="DT" wid="21">a</w>
  <w id="22" lemma="|request|" pos="NN" wid="22">request</w>
  <w id="23" lemma="|to|" pos="TO" wid="23">to</w>
  <w id="24" lemma="|we|" pos="PRP" wid="24">us</w>
  <w id="25" lemma="|:|" pos=":" wid="25">:</w>
  <w id="26" lemma="|``|" pos="``" wid="26">``</w>
  <w id="27" lemma="|help|" pos="VB" wid="27">Help</w>
  <w id="28" lemma="|we|" pos="PRP" wid="28">us</w>
  <w id="29" lemma="|to|" pos="TO" wid="29">to</w>
  <w id="30" lemma="|be|" pos="VB" wid="30">be</w>
  <w id="31" lemma="|disciple|" pos="NNS" wid="31">disciples</w>
  <w id="32" lemma="|and|" pos="CC" wid="32">and</w>
  <w id="33" lemma="|witness|" pos="NNS" wid="33">witnesses</w>
  <w id="34" lemma="|of|" pos="IN" wid="34">of</w>
  <w id="35" lemma="|Christ|" pos="NNP" wid="35">Christ</w>
  <w id="36" lemma="|.|" pos="." wid="36">.</w>
</sentence>
<sentence id="3">
  <w id="0" lemma="|like|" pos="IN" wid="0">Like</w>
  <w id="1" lemma="|the|" pos="DT" wid="1">the</w>
  <w id="2" lemma="|Magi|" pos="NNPS" wid="2">Magi</w>
  <w id="3" lemma="|we|" pos="PRP" wid="3">we</w>
  <w id="4" lemma="|have|" pos="VBP" wid="4">have</w>
  <w id="5" lemma="|come|" pos="VBN" wid="5">come</w>
  <w id="6" lemma="|to|" pos="TO" wid="6">to</w>
  <w id="7" lemma="|find|" pos="VB" wid="7">find</w>
  <w id="8" lemma="|he|" pos="PRP" wid="8">him</w>
  <w id="9" lemma="|and|" pos="CC" wid="9">and</w>
  <w id="10" lemma="|to|" pos="TO" wid="10">to</w>
  <w id="11" lemma="|worship|" pos="NN" wid="11">worship</w>
  <w id="12" lemma="|he|" pos="PRP" wid="12">him</w>
  <w id="13" lemma="|''|" pos="''" wid="13">''</w>
  <w id="14" lemma="|.|" pos="." wid="14">.</w>
</sentence>
<sentence id="4">
  <w id="0" lemma="|the|" pos="DT" wid="0">The</w>
  <w id="1" lemma="|young|" pos="JJ" wid="1">young</w>
  <w id="2" lemma="|people|" pos="NNS" wid="2">people</w>
  <w id="3" lemma="|leave|" pos="VBD" wid="3">left</w>
  <w id="4" lemma="|Cologne|" pos="NNP" wid="4">Cologne</w>
  <w id="5" lemma="|for|" pos="IN" wid="5">for</w>
  <w id="6" lemma="|they|" pos="PRP$" wid="6">their</w>
  <w id="7" lemma="|own|" pos="JJ" wid="7">own</w>
  <w id="8" lemma="|city|" pos="NNS" wid="8">cities</w>
  <w id="9" lemma="|and|" pos="CC" wid="9">and</w>
  <w id="10" lemma="|nation|" pos="NNS" wid="10">nations</w>
  <w id="11" lemma="|,|" pos="," wid="11">,</w>
  <w id="12" lemma="|enliven|" pos="VBN" wid="12">enlivened</w>
  <w id="13" lemma="|by|" pos="IN" wid="13">by</w>
  <w id="14" lemma="|great|" pos="JJ" wid="14">great</w>
  <w id="15" lemma="|hope|" pos="NN" wid="15">hope</w>
  <w id="16" lemma="|but|" pos="CC" wid="16">but</w>
  <w id="17" lemma="|without|" pos="IN" wid="17">without</w>
  <w id="18" lemma="|lose|" pos="VBG" wid="18">losing</w>
  <w id="19" lemma="|sight|" pos="NN" wid="19">sight</w>
  <w id="20" lemma="|of|" pos="IN" wid="20">of</w>
  <w id="21" lemma="|the|" pos="DT" wid="21">the</w>
  <w id="22" lemma="|many|" pos="JJ" wid="22">many</w>
  <w id="23" lemma="|difficulty|" pos="NNS" wid="23">difficulties</w>
  <w id="24" lemma="|,|" pos="," wid="24">,</w>
  <w id="25" lemma="|obstacle|" pos="NNS" wid="25">obstacles</w>
  <w id="26" lemma="|and|" pos="CC" wid="26">and</w>
  <w id="27" lemma="|problem|" pos="NNS" wid="27">problems</w>
  <w id="28" lemma="|that|" pos="WDT" wid="28">that</w>
  <w id="29" lemma="|accompany|" pos="VBP" wid="29">accompany</w>
  <w id="30" lemma="|a|" pos="DT" wid="30">an</w>
  <w id="31" lemma="|authentic|" pos="JJ" wid="31">authentic</w>
  <w id="32" lemma="|search|" pos="NN" wid="32">search</w>
  <w id="33" lemma="|for|" pos="IN" wid="33">for</w>
  <w id="34" lemma="|Christ|" pos="NNP" wid="34">Christ</w>
  <w id="35" lemma="|and|" pos="CC" wid="35">and</w>
  <w id="36" lemma="|faithful|" pos="JJ" wid="36">faithful</w>
  <w id="37" lemma="|adherence|" pos="NN" wid="37">adherence</w>
  <w id="38" lemma="|to|" pos="TO" wid="38">to</w>
  <w id="39" lemma="|he|" pos="PRP$" wid="39">his</w>
  <w id="40" lemma="|Gospel|" pos="NNP" wid="40">Gospel</w>
  <w id="41" lemma="|.|" pos="." wid="41">.</w>
</sentence>
<sentence id="5">
  <w id="0" lemma="|not|" pos="RB" wid="0">Not</w>
  <w id="1" lemma="|only|" pos="RB" wid="1">only</w>
  <w id="2" lemma="|youth|" pos="NN" wid="2">youth</w>
  <w id="3" lemma="|,|" pos="," wid="3">,</w>
  <w id="4" lemma="|but|" pos="CC" wid="4">but</w>
  <w id="5" lemma="|also|" pos="RB" wid="5">also</w>
  <w id="6" lemma="|community|" pos="NNS" wid="6">communities</w>
  <w id="7" lemma="|and|" pos="CC" wid="7">and</w>
  <w id="8" lemma="|the|" pos="DT" wid="8">the</w>
  <w id="9" lemma="|Pastors|" pos="NNPS" wid="9">Pastors</w>
  <w id="10" lemma="|themselves|" pos="PRP" wid="10">themselves</w>
  <w id="11" lemma="|must|" pos="MD" wid="11">must</w>
  <w id="12" lemma="|become|" pos="VB" wid="12">become</w>
  <w id="13" lemma="|more|" pos="RBR" wid="13">more</w>
  <w id="14" lemma="|and|" pos="CC" wid="14">and</w>
  <w id="15" lemma="|more|" pos="RBR" wid="15">more</w>
  <w id="16" lemma="|aware|" pos="JJ" wid="16">aware</w>
  <w id="17" lemma="|of|" pos="IN" wid="17">of</w>
  <w id="18" lemma="|a|" pos="DT" wid="18">a</w>
  <w id="19" lemma="|fundamental|" pos="JJ" wid="19">fundamental</w>
  <w id="20" lemma="|fact|" pos="NN" wid="20">fact</w>
  <w id="21" lemma="|about|" pos="IN" wid="21">about</w>
  <w id="22" lemma="|evangelization|" pos="NN" wid="22">evangelization</w>
  <w id="23" lemma="|:|" pos=":" wid="23">:</w>
  <w id="24" lemma="|wherever|" pos="WRB" wid="24">wherever</w>
  <w id="25" lemma="|God|" pos="NNP" wid="25">God</w>
  <w id="26" lemma="|do|" pos="VBZ" wid="26">does</w>
  <w id="27" lemma="|not|" pos="RB" wid="27">not</w>
  <w id="28" lemma="|have|" pos="VB" wid="28">have</w>
  <w id="29" lemma="|pride|" pos="NN" wid="29">pride</w>
  <w id="30" lemma="|of|" pos="IN" wid="30">of</w>
  <w id="31" lemma="|place|" pos="NN" wid="31">place</w>
  <w id="32" lemma="|,|" pos="," wid="32">,</w>
  <w id="33" lemma="|wherever|" pos="WRB" wid="33">wherever</w>
  <w id="34" lemma="|he|" pos="PRP" wid="34">he</w>
  <w id="35" lemma="|be|" pos="VBZ" wid="35">is</w>
  <w id="36" lemma="|not|" pos="RB" wid="36">not</w>
  <w id="37" lemma="|recognize|" pos="VBN" wid="37">recognized</w>
  <w id="38" lemma="|and|" pos="CC" wid="38">and</w>
  <w id="39" lemma="|worship|" pos="VBN" wid="39">worshipped</w>
  <w id="40" lemma="|as|" pos="IN" wid="40">as</w>
  <w id="41" lemma="|the|" pos="DT" wid="41">the</w>
  <w id="42" lemma="|Supreme|" pos="NNP" wid="42">Supreme</w>
  <w id="43" lemma="|Good|" pos="NNP" wid="43">Good</w>
  <w id="44" lemma="|,|" pos="," wid="44">,</w>
  <w id="45" lemma="|human|" pos="JJ" wid="45">human</w>
  <w id="46" lemma="|dignity|" pos="NN" wid="46">dignity</w>
  <w id="47" lemma="|be|" pos="VBZ" wid="47">is</w>
  <w id="48" lemma="|at|" pos="IN" wid="48">at</w>
  <w id="49" lemma="|risk|" pos="NN" wid="49">risk</w>
  <w id="50" lemma="|.|" pos="." wid="50">.</w>
</sentence>
<sentence id="6">
  <w id="0" lemma="|it|" pos="PRP" wid="0">It</w>
  <w id="1" lemma="|be|" pos="VBZ" wid="1">is</w>
  <w id="2" lemma="|therefore|" pos="RB" wid="2">therefore</w>
  <w id="3" lemma="|urgent|" pos="JJ" wid="3">urgent</w>
  <w id="4" lemma="|to|" pos="TO" wid="4">to</w>
  <w id="5" lemma="|bring|" pos="VB" wid="5">bring</w>
  <w id="6" lemma="|we|" pos="PRP$" wid="6">our</w>
  <w id="7" lemma="|contemporary|" pos="NNS" wid="7">contemporaries</w>
  <w id="8" lemma="|to|" pos="TO" wid="8">to</w>
  <w id="9" lemma="|``|" pos="``" wid="9">``</w>
  <w id="10" lemma="|rediscover|" pos="VB" wid="10">rediscover</w>
  <w id="11" lemma="|''|" pos="''" wid="11">''</w>
  <w id="12" lemma="|the|" pos="DT" wid="12">the</w>
  <w id="13" lemma="|authentic|" pos="JJ" wid="13">authentic</w>
  <w id="14" lemma="|face|" pos="NN" wid="14">face</w>
  <w id="15" lemma="|of|" pos="IN" wid="15">of</w>
  <w id="16" lemma="|God|" pos="NNP" wid="16">God</w>
  <w id="17" lemma="|,|" pos="," wid="17">,</w>
  <w id="18" lemma="|who|" pos="WP" wid="18">who</w>
  <w id="19" lemma="|reveal|" pos="VBD" wid="19">revealed</w>
  <w id="20" lemma="|himself|" pos="PRP" wid="20">himself</w>
  <w id="21" lemma="|to|" pos="TO" wid="21">to</w>
  <w id="22" lemma="|we|" pos="PRP" wid="22">us</w>
  <w id="23" lemma="|in|" pos="IN" wid="23">in</w>
  <w id="24" lemma="|Jesus|" pos="NNP" wid="24">Jesus</w>
  <w id="25" lemma="|Christ|" pos="NNP" wid="25">Christ</w>
  <w id="26" lemma="|.|" pos="." wid="26">.</w>
</sentence>
<sentence id="7">
  <w id="0" lemma="|thus|" pos="RB" wid="0">Thus</w>
  <w id="1" lemma="|,|" pos="," wid="1">,</w>
  <w id="2" lemma="|the|" pos="DT" wid="2">the</w>
  <w id="3" lemma="|humanity|" pos="NN" wid="3">humanity</w>
  <w id="4" lemma="|of|" pos="IN" wid="4">of</w>
  <w id="5" lemma="|we|" pos="PRP$" wid="5">our</w>
  <w id="6" lemma="|time|" pos="NN" wid="6">time</w>
  <w id="7" lemma="|will|" pos="MD" wid="7">will</w>
  <w id="8" lemma="|also|" pos="RB" wid="8">also</w>
  <w id="9" lemma="|be|" pos="VB" wid="9">be</w>
  <w id="10" lemma="|able|" pos="JJ" wid="10">able</w>
  <w id="11" lemma="|,|" pos="," wid="11">,</w>
  <w id="12" lemma="|like|" pos="IN" wid="12">like</w>
  <w id="13" lemma="|the|" pos="DT" wid="13">the</w>
  <w id="14" lemma="|Magi|" pos="NNPS" wid="14">Magi</w>
  <w id="15" lemma="|,|" pos="," wid="15">,</w>
  <w id="16" lemma="|to|" pos="TO" wid="16">to</w>
  <w id="17" lemma="|fall|" pos="VB" wid="17">fall</w>
  <w id="18" lemma="|to|" pos="TO" wid="18">to</w>
  <w id="19" lemma="|they|" pos="PRP$" wid="19">their</w>
  <w id="20" lemma="|knee|" pos="NNS" wid="20">knees</w>
  <w id="21" lemma="|and|" pos="CC" wid="21">and</w>
  <w id="22" lemma="|adore|" pos="VB" wid="22">adore</w>
  <w id="23" lemma="|he|" pos="PRP" wid="23">him</w>
  <w id="24" lemma="|.|" pos="." wid="24">.</w>
</sentence>
<sentence id="8">
  <w id="0" lemma="|in|" pos="IN" wid="0">In</w>
  <w id="1" lemma="|speak|" pos="VBG" wid="1">speaking</w>
  <w id="2" lemma="|to|" pos="TO" wid="2">to</w>
  <w id="3" lemma="|the|" pos="DT" wid="3">the</w>
  <w id="4" lemma="|german|" pos="JJ" wid="4">German</w>
  <w id="5" lemma="|bishop|" pos="NNS" wid="5">Bishops</w>
  <w id="6" lemma="|,|" pos="," wid="6">,</w>
  <w id="7" lemma="|I|" pos="PRP" wid="7">I</w>
  <w id="8" lemma="|recall|" pos="VBD" wid="8">recalled</w>
  <w id="9" lemma="|that|" pos="IN" wid="9">that</w>
  <w id="10" lemma="|worship|" pos="NN" wid="10">worship</w>
  <w id="11" lemma="|be|" pos="VBZ" wid="11">is</w>
  <w id="12" lemma="|``|" pos="``" wid="12">``</w>
  <w id="13" lemma="|not|" pos="RB" wid="13">not</w>
  <w id="14" lemma="|a|" pos="DT" wid="14">a</w>
  <w id="15" lemma="|luxury|" pos="NN" wid="15">luxury</w>
  <w id="16" lemma="|...|" pos=":" wid="16">...</w>
  <w id="17" lemma="|but|" pos="CC" wid="17">but</w>
  <w id="18" lemma="|a|" pos="DT" wid="18">a</w>
  <w id="19" lemma="|priority|" pos="NN" wid="19">priority</w>
  <w id="20" lemma="|''|" pos="''" wid="20">''</w>
  <w id="21" lemma="|.|" pos="." wid="21">.</w>
</sentence>
<sentence id="9">
  <w id="0" lemma="|to|" pos="TO" wid="0">To</w>
  <w id="1" lemma="|seek|" pos="VB" wid="1">seek</w>
  <w id="2" lemma="|Jesus|" pos="NNP" wid="2">Jesus</w>
  <w id="3" lemma="|must|" pos="MD" wid="3">must</w>
  <w id="4" lemma="|be|" pos="VB" wid="4">be</w>
  <w id="5" lemma="|the|" pos="DT" wid="5">the</w>
  <w id="6" lemma="|constant|" pos="JJ" wid="6">constant</w>
  <w id="7" lemma="|desire|" pos="NN" wid="7">desire</w>
  <w id="8" lemma="|of|" pos="IN" wid="8">of</w>
  <w id="9" lemma="|believer|" pos="NNS" wid="9">believers</w>
  <w id="10" lemma="|,|" pos="," wid="10">,</w>
  <w id="11" lemma="|young|" pos="JJ" wid="11">young</w>
  <w id="12" lemma="|people|" pos="NNS" wid="12">people</w>
  <w id="13" lemma="|and|" pos="CC" wid="13">and</w>
  <w id="14" lemma="|adult|" pos="NNS" wid="14">adults</w>
  <w id="15" lemma="|,|" pos="," wid="15">,</w>
  <w id="16" lemma="|of|" pos="IN" wid="16">of</w>
  <w id="17" lemma="|the|" pos="DT" wid="17">the</w>
  <w id="18" lemma="|faithful|" pos="NN" wid="18">faithful</w>
  <w id="19" lemma="|and|" pos="CC" wid="19">and</w>
  <w id="20" lemma="|of|" pos="IN" wid="20">of</w>
  <w id="21" lemma="|they|" pos="PRP$" wid="21">their</w>
  <w id="22" lemma="|pastor|" pos="NNS" wid="22">pastors</w>
  <w id="23" lemma="|.|" pos="." wid="23">.</w>
</sentence>
<sentence id="10">
  <w id="0" lemma="|this|" pos="DT" wid="0">This</w>
  <w id="1" lemma="|seeking|" pos="NN" wid="1">seeking</w>
  <w id="2" lemma="|must|" pos="MD" wid="2">must</w>
  <w id="3" lemma="|be|" pos="VB" wid="3">be</w>
  <w id="4" lemma="|encourage|" pos="VBN" wid="4">encouraged</w>
  <w id="5" lemma="|,|" pos="," wid="5">,</w>
  <w id="6" lemma="|support|" pos="VBN" wid="6">supported</w>
  <w id="7" lemma="|and|" pos="CC" wid="7">and</w>
  <w id="8" lemma="|guide|" pos="VBN" wid="8">guided</w>
  <w id="9" lemma="|.|" pos="." wid="9">.</w>
</sentence>
<sentence id="11">
  <w id="0" lemma="|faith|" pos="NN" wid="0">Faith</w>
  <w id="1" lemma="|be|" pos="VBZ" wid="1">is</w>
  <w id="2" lemma="|not|" pos="RB" wid="2">not</w>
  <w id="3" lemma="|merely|" pos="RB" wid="3">merely</w>
  <w id="4" lemma="|the|" pos="DT" wid="4">the</w>
  <w id="5" lemma="|attachment|" pos="NN" wid="5">attachment</w>
  <w id="6" lemma="|to|" pos="TO" wid="6">to</w>
  <w id="7" lemma="|a|" pos="DT" wid="7">a</w>
  <w id="8" lemma="|complex|" pos="NN" wid="8">complex</w>
  <w id="9" lemma="|of|" pos="IN" wid="9">of</w>
  <w id="10" lemma="|dogma|" pos="NNS" wid="10">dogmas</w>
  <w id="11" lemma="|,|" pos="," wid="11">,</w>
  <w id="12" lemma="|complete|" pos="JJ" wid="12">complete</w>
  <w id="13" lemma="|in|" pos="IN" wid="13">in</w>
  <w id="14" lemma="|itself|" pos="PRP" wid="14">itself</w>
  <w id="15" lemma="|,|" pos="," wid="15">,</w>
  <w id="16" lemma="|that|" pos="WDT" wid="16">that</w>
  <w id="17" lemma="|be|" pos="VBZ" wid="17">is</w>
  <w id="18" lemma="|suppose|" pos="VBN" wid="18">supposed</w>
  <w id="19" lemma="|to|" pos="TO" wid="19">to</w>
  <w id="20" lemma="|satisfy|" pos="VB" wid="20">satisfy</w>
  <w id="21" lemma="|the|" pos="DT" wid="21">the</w>
  <w id="22" lemma="|thirst|" pos="NN" wid="22">thirst</w>
  <w id="23" lemma="|for|" pos="IN" wid="23">for</w>
  <w id="24" lemma="|God|" pos="NNP" wid="24">God</w>
  <w id="25" lemma="|,|" pos="," wid="25">,</w>
  <w id="26" lemma="|present|" pos="JJ" wid="26">present</w>
  <w id="27" lemma="|in|" pos="IN" wid="27">in</w>
  <w id="28" lemma="|the|" pos="DT" wid="28">the</w>
  <w id="29" lemma="|human|" pos="JJ" wid="29">human</w>
  <w id="30" lemma="|heart|" pos="NN" wid="30">heart</w>
  <w id="31" lemma="|.|" pos="." wid="31">.</w>
</sentence>
<sentence id="12">
  <w id="0" lemma="|on|" pos="IN" wid="0">On</w>
  <w id="1" lemma="|the|" pos="DT" wid="1">the</w>
  <w id="2" lemma="|contrary|" pos="NN" wid="2">contrary</w>
  <w id="3" lemma="|,|" pos="," wid="3">,</w>
  <w id="4" lemma="|it|" pos="PRP" wid="4">it</w>
  <w id="5" lemma="|guide|" pos="NNS" wid="5">guides</w>
  <w id="6" lemma="|human|" pos="JJ" wid="6">human</w>
  <w id="7" lemma="|being|" pos="NNS" wid="7">beings</w>
  <w id="8" lemma="|on|" pos="IN" wid="8">on</w>
  <w id="9" lemma="|they|" pos="PRP$" wid="9">their</w>
  <w id="10" lemma="|way|" pos="NN" wid="10">way</w>
  <w id="11" lemma="|through|" pos="IN" wid="11">through</w>
  <w id="12" lemma="|time|" pos="NN" wid="12">time</w>
  <w id="13" lemma="|toward|" pos="IN" wid="13">toward</w>
  <w id="14" lemma="|a|" pos="DT" wid="14">a</w>
  <w id="15" lemma="|God|" pos="NNP" wid="15">God</w>
  <w id="16" lemma="|who|" pos="WP" wid="16">who</w>
  <w id="17" lemma="|be|" pos="VBZ" wid="17">is</w>
  <w id="18" lemma="|ever|" pos="RB" wid="18">ever</w>
  <w id="19" lemma="|new|" pos="JJ" wid="19">new</w>
  <w id="20" lemma="|in|" pos="IN" wid="20">in</w>
  <w id="21" lemma="|he|" pos="PRP$" wid="21">his</w>
  <w id="22" lemma="|infinity|" pos="NN" wid="22">infinity</w>
  <w id="23" lemma="|.|" pos="." wid="23">.</w>
</sentence>
<sentence id="13">
  <w id="0" lemma="|christian|" pos="NNS" wid="0">Christians</w>
  <w id="1" lemma="|,|" pos="," wid="1">,</w>
  <w id="2" lemma="|therefore|" pos="RB" wid="2">therefore</w>
  <w id="3" lemma="|,|" pos="," wid="3">,</w>
  <w id="4" lemma="|be|" pos="VBP" wid="4">are</w>
  <w id="5" lemma="|at|" pos="IN" wid="5">at</w>
  <w id="6" lemma="|the|" pos="DT" wid="6">the</w>
  <w id="7" lemma="|same|" pos="JJ" wid="7">same</w>
  <w id="8" lemma="|time|" pos="NN" wid="8">time</w>
  <w id="9" lemma="|both|" pos="DT" wid="9">both</w>
  <w id="10" lemma="|seeker|" pos="NNS" wid="10">seekers</w>
  <w id="11" lemma="|and|" pos="CC" wid="11">and</w>
  <w id="12" lemma="|finder|" pos="NNS" wid="12">finders</w>
  <w id="13" lemma="|.|" pos="." wid="13">.</w>
</sentence>
<sentence id="14">
  <w id="0" lemma="|it|" pos="PRP" wid="0">It</w>
  <w id="1" lemma="|be|" pos="VBZ" wid="1">is</w>
  <w id="2" lemma="|precisely|" pos="RB" wid="2">precisely</w>
  <w id="3" lemma="|this|" pos="DT" wid="3">this</w>
  <w id="4" lemma="|that|" pos="WDT" wid="4">that</w>
  <w id="5" lemma="|make|" pos="VBZ" wid="5">makes</w>
  <w id="6" lemma="|the|" pos="DT" wid="6">the</w>
  <w id="7" lemma="|Church|" pos="NNP" wid="7">Church</w>
  <w id="8" lemma="|young|" pos="JJ" wid="8">young</w>
  <w id="9" lemma="|,|" pos="," wid="9">,</w>
  <w id="10" lemma="|open|" pos="JJ" wid="10">open</w>
  <w id="11" lemma="|to|" pos="TO" wid="11">to</w>
  <w id="12" lemma="|the|" pos="DT" wid="12">the</w>
  <w id="13" lemma="|future|" pos="NN" wid="13">future</w>
  <w id="14" lemma="|,|" pos="," wid="14">,</w>
  <w id="15" lemma="|rich|" pos="JJ" wid="15">rich</w>
  <w id="16" lemma="|in|" pos="IN" wid="16">in</w>
  <w id="17" lemma="|hope|" pos="NN" wid="17">hope</w>
  <w id="18" lemma="|for|" pos="IN" wid="18">for</w>
  <w id="19" lemma="|the|" pos="DT" wid="19">the</w>
  <w id="20" lemma="|whole|" pos="NN" wid="20">whole</w>
  <w id="21" lemma="|of|" pos="IN" wid="21">of</w>
  <w id="22" lemma="|humanity|" pos="NN" wid="22">humanity</w>
  <w id="23" lemma="|.|" pos="." wid="23">.</w>
</sentence>
<sentence id="15">
  <w id="0" lemma="|St|" pos="NNP" wid="0">St</w>
  <w id="1" lemma="|Augustine|" pos="NNP" wid="1">Augustine</w>
  <w id="2" lemma="|,|" pos="," wid="2">,</w>
  <w id="3" lemma="|whom|" pos="WP" wid="3">whom</w>
  <w id="4" lemma="|we|" pos="PRP" wid="4">we</w>
  <w id="5" lemma="|be|" pos="VBP" wid="5">are</w>
  <w id="6" lemma="|commemorate|" pos="VBG" wid="6">commemorating</w>
  <w id="7" lemma="|today|" pos="NN" wid="7">today</w>
  <w id="8" lemma="|,|" pos="," wid="8">,</w>
  <w id="9" lemma="|have|" pos="VBZ" wid="9">has</w>
  <w id="10" lemma="|some|" pos="DT" wid="10">some</w>
  <w id="11" lemma="|marvellous|" pos="JJ" wid="11">marvellous</w>
  <w id="12" lemma="|thought|" pos="NNS" wid="12">thoughts</w>
  <w id="13" lemma="|about|" pos="IN" wid="13">about</w>
  <w id="14" lemma="|the|" pos="DT" wid="14">the</w>
  <w id="15" lemma="|invitation|" pos="NN" wid="15">invitation</w>
  <w id="16" lemma="|find|" pos="VBN" wid="16">found</w>
  <w id="17" lemma="|in|" pos="IN" wid="17">in</w>
  <w id="18" lemma="|Psalm|" pos="NNP" wid="18">Psalm</w>
  <w id="19" lemma="|105|" pos="CD" wid="19">105</w>
  <w id="20" lemma="|-lsb-|" pos="-LRB-" wid="20">-LSB-</w>
  <w id="21" lemma="|104|" pos="CD" wid="21">104</w>
  <w id="22" lemma="|-rsb-|" pos="-RRB-" wid="22">-RSB-</w>
  <w id="23" lemma="|:|" pos=":" wid="23">:</w>
  <w id="24" lemma="|``|" pos="``" wid="24">``</w>
  <w id="25" lemma="|quaerite|" pos="FW" wid="25">Quaerite</w>
  <w id="26" lemma="|faciem|" pos="FW" wid="26">faciem</w>
  <w id="27" lemma="|eius|" pos="FW" wid="27">eius</w>
  <w id="28" lemma="|semper|" pos="FW" wid="28">semper</w>
  <w id="29" lemma="|-|" pos=":" wid="29">-</w>
  <w id="30" lemma="|constantly|" pos="RB" wid="30">constantly</w>
  <w id="31" lemma="|seek|" pos="VB" wid="31">seek</w>
  <w id="32" lemma="|he|" pos="PRP$" wid="32">his</w>
  <w id="33" lemma="|face|" pos="NN" wid="33">face</w>
  <w id="34" lemma="|''|" pos="''" wid="34">''</w>
  <w id="35" lemma="|-lrb-|" pos="-LRB-" wid="35">-LRB-</w>
  <w id="36" lemma="|v.|" pos="CC" wid="36">v.</w>
  <w id="37" lemma="|3|" pos="CD" wid="37">3</w>
  <w id="38" lemma="|-rrb-|" pos="-RRB-" wid="38">-RRB-</w>
  <w id="39" lemma="|.|" pos="." wid="39">.</w>
</sentence>
<sentence id="16">
  <w id="0" lemma="|he|" pos="PRP" wid="0">He</w>
  <w id="1" lemma="|point|" pos="VBZ" wid="1">points</w>
  <w id="2" lemma="|out|" pos="RP" wid="2">out</w>
  <w id="3" lemma="|that|" pos="IN" wid="3">that</w>
  <w id="4" lemma="|this|" pos="DT" wid="4">this</w>
  <w id="5" lemma="|invitation|" pos="NN" wid="5">invitation</w>
  <w id="6" lemma="|be|" pos="VBZ" wid="6">is</w>
  <w id="7" lemma="|not|" pos="RB" wid="7">not</w>
  <w id="8" lemma="|only|" pos="RB" wid="8">only</w>
  <w id="9" lemma="|valid|" pos="JJ" wid="9">valid</w>
  <w id="10" lemma="|for|" pos="IN" wid="10">for</w>
  <w id="11" lemma="|this|" pos="DT" wid="11">this</w>
  <w id="12" lemma="|life|" pos="NN" wid="12">life</w>
  <w id="13" lemma="|but|" pos="CC" wid="13">but</w>
  <w id="14" lemma="|also|" pos="RB" wid="14">also</w>
  <w id="15" lemma="|for|" pos="IN" wid="15">for</w>
  <w id="16" lemma="|eternity|" pos="NN" wid="16">eternity</w>
  <w id="17" lemma="|.|" pos="." wid="17">.</w>
</sentence>
<sentence id="17">
  <w id="0" lemma="|the|" pos="DT" wid="0">The</w>
  <w id="1" lemma="|discovery|" pos="NN" wid="1">discovery</w>
  <w id="2" lemma="|of|" pos="IN" wid="2">of</w>
  <w id="3" lemma="|``|" pos="``" wid="3">``</w>
  <w id="4" lemma="|God|" pos="NNP" wid="4">God</w>
  <w id="5" lemma="|'s|" pos="POS" wid="5">'s</w>
  <w id="6" lemma="|Face|" pos="NNP" wid="6">Face</w>
  <w id="7" lemma="|''|" pos="''" wid="7">''</w>
  <w id="8" lemma="|be|" pos="VBZ" wid="8">is</w>
  <w id="9" lemma="|never|" pos="RB" wid="9">never</w>
  <w id="10" lemma="|end|" pos="VBG" wid="10">ending</w>
  <w id="11" lemma="|.|" pos="." wid="11">.</w>
</sentence>
<sentence id="18">
  <w id="0" lemma="|the|" pos="DT" wid="0">The</w>
  <w id="1" lemma="|further|" pos="RBR" wid="1">further</w>
  <w id="2" lemma="|we|" pos="PRP" wid="2">we</w>
  <w id="3" lemma="|penetrate|" pos="VBP" wid="3">penetrate</w>
  <w id="4" lemma="|into|" pos="IN" wid="4">into</w>
  <w id="5" lemma="|the|" pos="DT" wid="5">the</w>
  <w id="6" lemma="|splendour|" pos="NN" wid="6">splendour</w>
  <w id="7" lemma="|of|" pos="IN" wid="7">of</w>
  <w id="8" lemma="|divine|" pos="JJ" wid="8">divine</w>
  <w id="9" lemma="|love|" pos="NN" wid="9">love</w>
  <w id="10" lemma="|,|" pos="," wid="10">,</w>
  <w id="11" lemma="|the|" pos="DT" wid="11">the</w>
  <w id="12" lemma="|more|" pos="RBR" wid="12">more</w>
  <w id="13" lemma="|beautiful|" pos="JJ" wid="13">beautiful</w>
  <w id="14" lemma="|it|" pos="PRP" wid="14">it</w>
  <w id="15" lemma="|be|" pos="VBZ" wid="15">is</w>
  <w id="16" lemma="|to|" pos="TO" wid="16">to</w>
  <w id="17" lemma="|pursue|" pos="VB" wid="17">pursue</w>
  <w id="18" lemma="|we|" pos="PRP$" wid="18">our</w>
  <w id="19" lemma="|search|" pos="NN" wid="19">search</w>
  <w id="20" lemma="|,|" pos="," wid="20">,</w>
  <w id="21" lemma="|so|" pos="IN" wid="21">so</w>
  <w id="22" lemma="|that|" pos="IN" wid="22">that</w>
  <w id="23" lemma="|``|" pos="``" wid="23">``</w>
  <w id="24" lemma="|amore|" pos="FW" wid="24">amore</w>
  <w id="25" lemma="|crescente|" pos="FW" wid="25">crescente</w>
  <w id="26" lemma="|inquisitio|" pos="FW" wid="26">inquisitio</w>
  <w id="27" lemma="|crescat|" pos="FW" wid="27">crescat</w>
  <w id="28" lemma="|inventi|" pos="FW" wid="28">inventi</w>
  <w id="29" lemma="|-|" pos=":" wid="29">-</w>
  <w id="30" lemma="|the|" pos="DT" wid="30">the</w>
  <w id="31" lemma="|greater|" pos="JJR" wid="31">greater</w>
  <w id="32" lemma="|love|" pos="NN" wid="32">love</w>
  <w id="33" lemma="|grow|" pos="VBZ" wid="33">grows</w>
  <w id="34" lemma="|,|" pos="," wid="34">,</w>
  <w id="35" lemma="|the|" pos="DT" wid="35">the</w>
  <w id="36" lemma="|further|" pos="RBR" wid="36">further</w>
  <w id="37" lemma="|we|" pos="PRP" wid="37">we</w>
  <w id="38" lemma="|will|" pos="MD" wid="38">will</w>
  <w id="39" lemma="|seek|" pos="VB" wid="39">seek</w>
  <w id="40" lemma="|the|" pos="DT" wid="40">the</w>
  <w id="41" lemma="|one|" pos="NN" wid="41">One</w>
  <w id="42" lemma="|who|" pos="WP" wid="42">who</w>
  <w id="43" lemma="|have|" pos="VBZ" wid="43">has</w>
  <w id="44" lemma="|be|" pos="VBN" wid="44">been</w>
  <w id="45" lemma="|find|" pos="VBN" wid="45">found</w>
  <w id="46" lemma="|''|" pos="''" wid="46">''</w>
  <w id="47" lemma="|-lrb-|" pos="-LRB-" wid="47">-LRB-</w>
  <w id="48" lemma="|Enarr|" pos="NNP" wid="48">Enarr</w>
  <w id="49" lemma="|.|" pos="." wid="49">.</w>
</sentence>
<sentence id="19">
  <w id="0" lemma="|in|" pos="IN" wid="0">in</w>
  <w id="1" lemma="|ps|" pos="NN" wid="1">Ps</w>
  <w id="2" lemma="|105|" pos="CD" wid="2">105</w>
  <w id="3" lemma="|-lsb-|" pos="-LRB-" wid="3">-LSB-</w>
  <w id="4" lemma="|104|" pos="CD" wid="4">104</w>
  <w id="5" lemma="|-rsb-|" pos="-RRB-" wid="5">-RSB-</w>
  <w id="6" lemma="|:|" pos=":" wid="6">:</w>
  <w id="7" lemma="|3|" pos="CD" wid="7">3</w>
  <w id="8" lemma="|;|" pos=":" wid="8">;</w>
  <w id="9" lemma="|CCL|" pos="NNP" wid="9">CCL</w>
  <w id="10" lemma="|40|" pos="CD" wid="10">40</w>
  <w id="11" lemma="|,|" pos="," wid="11">,</w>
  <w id="12" lemma="|1537|" pos="CD" wid="12">1537</w>
  <w id="13" lemma="|-rrb-|" pos="-RRB-" wid="13">-RRB-</w>
  <w id="14" lemma="|.|" pos="." wid="14">.</w>
</sentence>
<sentence id="20">
  <w id="0" lemma="|this|" pos="DT" wid="0">This</w>
  <w id="1" lemma="|be|" pos="VBZ" wid="1">is</w>
  <w id="2" lemma="|the|" pos="DT" wid="2">the</w>
  <w id="3" lemma="|experience|" pos="NN" wid="3">experience</w>
  <w id="4" lemma="|to|" pos="TO" wid="4">to</w>
  <w id="5" lemma="|which|" pos="WDT" wid="5">which</w>
  <w id="6" lemma="|,|" pos="," wid="6">,</w>
  <w id="7" lemma="|deep|" pos="RB" wid="7">deep</w>
  <w id="8" lemma="|down|" pos="RB" wid="8">down</w>
  <w id="9" lemma="|,|" pos="," wid="9">,</w>
  <w id="10" lemma="|we|" pos="PRP" wid="10">we</w>
  <w id="11" lemma="|too|" pos="RB" wid="11">too</w>
  <w id="12" lemma="|aspire|" pos="VBP" wid="12">aspire</w>
  <w id="13" lemma="|.|" pos="." wid="13">.</w>
</sentence>
<sentence id="21">
  <w id="0" lemma="|may|" pos="MD" wid="0">May</w>
  <w id="1" lemma="|the|" pos="DT" wid="1">the</w>
  <w id="2" lemma="|intercession|" pos="NN" wid="2">intercession</w>
  <w id="3" lemma="|of|" pos="IN" wid="3">of</w>
  <w id="4" lemma="|the|" pos="DT" wid="4">the</w>
  <w id="5" lemma="|great|" pos="JJ" wid="5">great</w>
  <w id="6" lemma="|Bishop|" pos="NNP" wid="6">Bishop</w>
  <w id="7" lemma="|of|" pos="IN" wid="7">of</w>
  <w id="8" lemma="|Hippo|" pos="NNP" wid="8">Hippo</w>
  <w id="9" lemma="|obtain|" pos="VB" wid="9">obtain</w>
  <w id="10" lemma="|it|" pos="PRP" wid="10">it</w>
  <w id="11" lemma="|for|" pos="IN" wid="11">for</w>
  <w id="12" lemma="|we|" pos="PRP" wid="12">us</w>
  <w id="13" lemma="|!|" pos="." wid="13">!</w>
</sentence>
<sentence id="22">
  <w id="0" lemma="|may|" pos="MD" wid="0">May</w>
  <w id="1" lemma="|the|" pos="DT" wid="1">the</w>
  <w id="2" lemma="|motherly|" pos="JJ" wid="2">motherly</w>
  <w id="3" lemma="|help|" pos="NN" wid="3">help</w>
  <w id="4" lemma="|of|" pos="IN" wid="4">of</w>
  <w id="5" lemma="|Mary|" pos="NNP" wid="5">Mary</w>
  <w id="6" lemma="|,|" pos="," wid="6">,</w>
  <w id="7" lemma="|the|" pos="DT" wid="7">the</w>
  <w id="8" lemma="|Star|" pos="NNP" wid="8">Star</w>
  <w id="9" lemma="|of|" pos="IN" wid="9">of</w>
  <w id="10" lemma="|Evangelization|" pos="NNP" wid="10">Evangelization</w>
  <w id="11" lemma="|whom|" pos="WP" wid="11">whom</w>
  <w id="12" lemma="|we|" pos="PRP" wid="12">we</w>
  <w id="13" lemma="|now|" pos="RB" wid="13">now</w>
  <w id="14" lemma="|invoke|" pos="VBP" wid="14">invoke</w>
  <w id="15" lemma="|with|" pos="IN" wid="15">with</w>
  <w id="16" lemma="|the|" pos="DT" wid="16">the</w>
  <w id="17" lemma="|prayer|" pos="NN" wid="17">prayer</w>
  <w id="18" lemma="|of|" pos="IN" wid="18">of</w>
  <w id="19" lemma="|the|" pos="DT" wid="19">the</w>
  <w id="20" lemma="|Angelus|" pos="NNP" wid="20">Angelus</w>
  <w id="21" lemma="|,|" pos="," wid="21">,</w>
  <w id="22" lemma="|obtain|" pos="VB" wid="22">obtain</w>
  <w id="23" lemma="|it|" pos="PRP" wid="23">it</w>
  <w id="24" lemma="|for|" pos="IN" wid="24">for</w>
  <w id="25" lemma="|we|" pos="PRP" wid="25">us</w>
  <w id="26" lemma="|.|" pos="." wid="26">.</w>
</sentence>
<sentence id="23">
  <w id="0" lemma="|after|" pos="IN" wid="0">After</w>
  <w id="1" lemma="|the|" pos="DT" wid="1">the</w>
  <w id="2" lemma="|Angelus|" pos="NNP" wid="2">Angelus</w>
  <w id="3" lemma="|,|" pos="," wid="3">,</w>
  <w id="4" lemma="|the|" pos="DT" wid="4">the</w>
  <w id="5" lemma="|Pope|" pos="NNP" wid="5">Pope</w>
  <w id="6" lemma="|say|" pos="VBD" wid="6">said</w>
  <w id="7" lemma="|:|" pos=":" wid="7">:</w>
  <w id="8" lemma="|I|" pos="PRP" wid="8">I</w>
  <w id="9" lemma="|greet|" pos="VB" wid="9">greet</w>
  <w id="10" lemma="|all|" pos="PDT" wid="10">all</w>
  <w id="11" lemma="|the|" pos="DT" wid="11">the</w>
  <w id="12" lemma="|english-speaking|" pos="JJ" wid="12">English-speaking</w>
  <w id="13" lemma="|pilgrim|" pos="NNS" wid="13">pilgrims</w>
  <w id="14" lemma="|and|" pos="CC" wid="14">and</w>
  <w id="15" lemma="|visitor|" pos="NNS" wid="15">visitors</w>
  <w id="16" lemma="|present|" pos="JJ" wid="16">present</w>
  <w id="17" lemma="|at|" pos="IN" wid="17">at</w>
  <w id="18" lemma="|today|" pos="NN" wid="18">today</w>
  <w id="19" lemma="|'s|" pos="POS" wid="19">'s</w>
  <w id="20" lemma="|angelus|" pos="NN" wid="20">Angelus</w>
  <w id="21" lemma="|,|" pos="," wid="21">,</w>
  <w id="22" lemma="|include|" pos="VBG" wid="22">including</w>
  <w id="23" lemma="|a|" pos="DT" wid="23">a</w>
  <w id="24" lemma="|group|" pos="NN" wid="24">group</w>
  <w id="25" lemma="|of|" pos="IN" wid="25">of</w>
  <w id="26" lemma="|staff|" pos="NN" wid="26">staff</w>
  <w id="27" lemma="|and|" pos="CC" wid="27">and</w>
  <w id="28" lemma="|seminarian|" pos="NNS" wid="28">seminarians</w>
  <w id="29" lemma="|from|" pos="IN" wid="29">from</w>
  <w id="30" lemma="|the|" pos="DT" wid="30">the</w>
  <w id="31" lemma="|Pontifical|" pos="NNP" wid="31">Pontifical</w>
  <w id="32" lemma="|North|" pos="NNP" wid="32">North</w>
  <w id="33" lemma="|American|" pos="NNP" wid="33">American</w>
  <w id="34" lemma="|College|" pos="NNP" wid="34">College</w>
  <w id="35" lemma="|.|" pos="." wid="35">.</w>
</sentence>
<sentence id="24">
  <w id="0" lemma="|May|" pos="NNP" wid="0">May</w>
  <w id="1" lemma="|you|" pos="PRP$" wid="1">your</w>
  <w id="2" lemma="|time|" pos="NN" wid="2">time</w>
  <w id="3" lemma="|here|" pos="RB" wid="3">here</w>
  <w id="4" lemma="|at|" pos="IN" wid="4">at</w>
  <w id="5" lemma="|Castel|" pos="NNP" wid="5">Castel</w>
  <w id="6" lemma="|Gandolfo|" pos="NNP" wid="6">Gandolfo</w>
  <w id="7" lemma="|,|" pos="," wid="7">,</w>
  <w id="8" lemma="|and|" pos="CC" wid="8">and</w>
  <w id="9" lemma="|in|" pos="IN" wid="9">in</w>
  <w id="10" lemma="|Rome|" pos="NNP" wid="10">Rome</w>
  <w id="11" lemma="|,|" pos="," wid="11">,</w>
  <w id="12" lemma="|be|" pos="VB" wid="12">be</w>
  <w id="13" lemma="|fill|" pos="VBN" wid="13">filled</w>
  <w id="14" lemma="|with|" pos="IN" wid="14">with</w>
  <w id="15" lemma="|joy|" pos="NN" wid="15">joy</w>
  <w id="16" lemma="|and|" pos="CC" wid="16">and</w>
  <w id="17" lemma="|deepen|" pos="VB" wid="17">deepen</w>
  <w id="18" lemma="|you|" pos="PRP$" wid="18">your</w>
  <w id="19" lemma="|love|" pos="NN" wid="19">love</w>
  <w id="20" lemma="|of|" pos="IN" wid="20">of</w>
  <w id="21" lemma="|the|" pos="DT" wid="21">the</w>
  <w id="22" lemma="|universal|" pos="JJ" wid="22">universal</w>
  <w id="23" lemma="|Church|" pos="NNP" wid="23">Church</w>
  <w id="24" lemma="|.|" pos="." wid="24">.</w>
</sentence>
<sentence id="25">
  <w id="0" lemma="|upon|" pos="IN" wid="0">Upon</w>
  <w id="1" lemma="|you|" pos="PRP" wid="1">you</w>
  <w id="2" lemma="|all|" pos="DT" wid="2">all</w>
  <w id="3" lemma="|,|" pos="," wid="3">,</w>
  <w id="4" lemma="|I|" pos="PRP" wid="4">I</w>
  <w id="5" lemma="|invoke|" pos="VBP" wid="5">invoke</w>
  <w id="6" lemma="|the|" pos="DT" wid="6">the</w>
  <w id="7" lemma="|grace|" pos="NN" wid="7">grace</w>
  <w id="8" lemma="|and|" pos="CC" wid="8">and</w>
  <w id="9" lemma="|peace|" pos="NN" wid="9">peace</w>
  <w id="10" lemma="|of|" pos="IN" wid="10">of</w>
  <w id="11" lemma="|we|" pos="PRP$" wid="11">our</w>
  <w id="12" lemma="|Lord|" pos="NNP" wid="12">Lord</w>
  <w id="13" lemma="|Jesus|" pos="NNP" wid="13">Jesus</w>
  <w id="14" lemma="|Christ|" pos="NNP" wid="14">Christ</w>
  <w id="15" lemma="|.|" pos="." wid="15">.</w>
</sentence>
<sentence id="26">
  <w id="0" lemma="|I|" pos="PRP" wid="0">I</w>
  <w id="1" lemma="|thank|" pos="VBP" wid="1">thank</w>
  <w id="2" lemma="|you|" pos="PRP" wid="2">you</w>
  <w id="3" lemma="|all|" pos="DT" wid="3">all</w>
  <w id="4" lemma="|for|" pos="IN" wid="4">for</w>
  <w id="5" lemma="|the|" pos="DT" wid="5">the</w>
  <w id="6" lemma="|pleasant|" pos="JJ" wid="6">pleasant</w>
  <w id="7" lemma="|visit|" pos="NN" wid="7">visit</w>
  <w id="8" lemma="|and|" pos="CC" wid="8">and</w>
  <w id="9" lemma="|I|" pos="PRP" wid="9">I</w>
  <w id="10" lemma="|wish|" pos="VBP" wid="10">wish</w>
  <w id="11" lemma="|everyone|" pos="NN" wid="11">everyone</w>
  <w id="12" lemma="|a|" pos="DT" wid="12">a</w>
  <w id="13" lemma="|good|" pos="JJ" wid="13">good</w>
  <w id="14" lemma="|Sunday|" pos="NNP" wid="14">Sunday</w>
  <w id="15" lemma="|.|" pos="." wid="15">.</w>
</sentence>
</corpus>