<corpus id="0">
<sentence id="0">
  <w id="0" lemma="|Dear|" pos="NNP" wid="0">Dear</w>
  <w id="1" lemma="|Brothers|" pos="NNPS" wid="1">Brothers</w>
  <w id="2" lemma="|and|" pos="CC" wid="2">and</w>
  <w id="3" lemma="|sister|" pos="NNS" wid="3">Sisters</w>
  <w id="4" lemma="|,|" pos="," wid="4">,</w>
  <w id="5" lemma="|after|" pos="IN" wid="5">After</w>
  <w id="6" lemma="|the|" pos="DT" wid="6">the</w>
  <w id="7" lemma="|Easter|" pos="NNP" wid="7">Easter</w>
  <w id="8" lemma="|season|" pos="NN" wid="8">Season</w>
  <w id="9" lemma="|which|" pos="WDT" wid="9">which</w>
  <w id="10" lemma="|culminate|" pos="VBD" wid="10">culminated</w>
  <w id="11" lemma="|in|" pos="IN" wid="11">in</w>
  <w id="12" lemma="|the|" pos="DT" wid="12">the</w>
  <w id="13" lemma="|Feast|" pos="NNP" wid="13">Feast</w>
  <w id="14" lemma="|of|" pos="IN" wid="14">of</w>
  <w id="15" lemma="|Pentecost|" pos="NNP" wid="15">Pentecost</w>
  <w id="16" lemma="|,|" pos="," wid="16">,</w>
  <w id="17" lemma="|the|" pos="DT" wid="17">the</w>
  <w id="18" lemma="|liturgy|" pos="NN" wid="18">liturgy</w>
  <w id="19" lemma="|provide|" pos="VBZ" wid="19">provides</w>
  <w id="20" lemma="|for|" pos="IN" wid="20">for</w>
  <w id="21" lemma="|these|" pos="DT" wid="21">these</w>
  <w id="22" lemma="|three|" pos="CD" wid="22">three</w>
  <w id="23" lemma="|solemnity|" pos="NNS" wid="23">Solemnities</w>
  <w id="24" lemma="|of|" pos="IN" wid="24">of</w>
  <w id="25" lemma="|the|" pos="DT" wid="25">the</w>
  <w id="26" lemma="|Lord|" pos="NNP" wid="26">Lord</w>
  <w id="27" lemma="|:|" pos=":" wid="27">:</w>
  <w id="28" lemma="|today|" pos="NN" wid="28">today</w>
  <w id="29" lemma="|,|" pos="," wid="29">,</w>
  <w id="30" lemma="|Trinity|" pos="NNP" wid="30">Trinity</w>
  <w id="31" lemma="|Sunday|" pos="NNP" wid="31">Sunday</w>
  <w id="32" lemma="|;|" pos=":" wid="32">;</w>
  <w id="33" lemma="|next|" pos="JJ" wid="33">next</w>
  <w id="34" lemma="|Thursday|" pos="NNP" wid="34">Thursday</w>
  <w id="35" lemma="|,|" pos="," wid="35">,</w>
  <w id="36" lemma="|Corpus|" pos="NNP" wid="36">Corpus</w>
  <w id="37" lemma="|Christi|" pos="NNP" wid="37">Christi</w>
  <w id="38" lemma="|which|" pos="WDT" wid="38">which</w>
  <w id="39" lemma="|in|" pos="IN" wid="39">in</w>
  <w id="40" lemma="|many|" pos="JJ" wid="40">many</w>
  <w id="41" lemma="|country|" pos="NNS" wid="41">countries</w>
  <w id="42" lemma="|,|" pos="," wid="42">,</w>
  <w id="43" lemma="|include|" pos="VBG" wid="43">including</w>
  <w id="44" lemma="|Italy|" pos="NNP" wid="44">Italy</w>
  <w id="45" lemma="|,|" pos="," wid="45">,</w>
  <w id="46" lemma="|will|" pos="MD" wid="46">will</w>
  <w id="47" lemma="|be|" pos="VB" wid="47">be</w>
  <w id="48" lemma="|celebrate|" pos="VBN" wid="48">celebrated</w>
  <w id="49" lemma="|next|" pos="IN" wid="49">next</w>
  <w id="50" lemma="|Sunday|" pos="NNP" wid="50">Sunday</w>
  <w id="51" lemma="|;|" pos=":" wid="51">;</w>
  <w id="52" lemma="|and|" pos="CC" wid="52">and</w>
  <w id="53" lemma="|finally|" pos="RB" wid="53">finally</w>
  <w id="54" lemma="|,|" pos="," wid="54">,</w>
  <w id="55" lemma="|on|" pos="IN" wid="55">on</w>
  <w id="56" lemma="|the|" pos="DT" wid="56">the</w>
  <w id="57" lemma="|following|" pos="JJ" wid="57">following</w>
  <w id="58" lemma="|Friday|" pos="NNP" wid="58">Friday</w>
  <w id="59" lemma="|,|" pos="," wid="59">,</w>
  <w id="60" lemma="|the|" pos="DT" wid="60">the</w>
  <w id="61" lemma="|Feast|" pos="NNP" wid="61">Feast</w>
  <w id="62" lemma="|of|" pos="IN" wid="62">of</w>
  <w id="63" lemma="|the|" pos="DT" wid="63">the</w>
  <w id="64" lemma="|sacred|" pos="JJ" wid="64">Sacred</w>
  <w id="65" lemma="|Heart|" pos="NNP" wid="65">Heart</w>
  <w id="66" lemma="|of|" pos="IN" wid="66">of</w>
  <w id="67" lemma="|Jesus|" pos="NNP" wid="67">Jesus</w>
  <w id="68" lemma="|.|" pos="." wid="68">.</w>
</sentence>
<sentence id="1">
  <w id="0" lemma="|each|" pos="DT" wid="0">Each</w>
  <w id="1" lemma="|one|" pos="CD" wid="1">one</w>
  <w id="2" lemma="|of|" pos="IN" wid="2">of</w>
  <w id="3" lemma="|these|" pos="DT" wid="3">these</w>
  <w id="4" lemma="|liturgical|" pos="JJ" wid="4">liturgical</w>
  <w id="5" lemma="|event|" pos="NNS" wid="5">events</w>
  <w id="6" lemma="|highlight|" pos="VBZ" wid="6">highlights</w>
  <w id="7" lemma="|a|" pos="DT" wid="7">a</w>
  <w id="8" lemma="|perspective|" pos="NN" wid="8">perspective</w>
  <w id="9" lemma="|by|" pos="IN" wid="9">by</w>
  <w id="10" lemma="|which|" pos="WDT" wid="10">which</w>
  <w id="11" lemma="|the|" pos="DT" wid="11">the</w>
  <w id="12" lemma="|whole|" pos="JJ" wid="12">whole</w>
  <w id="13" lemma="|mystery|" pos="NN" wid="13">mystery</w>
  <w id="14" lemma="|of|" pos="IN" wid="14">of</w>
  <w id="15" lemma="|the|" pos="DT" wid="15">the</w>
  <w id="16" lemma="|christian|" pos="JJ" wid="16">Christian</w>
  <w id="17" lemma="|faith|" pos="NN" wid="17">faith</w>
  <w id="18" lemma="|be|" pos="VBZ" wid="18">is</w>
  <w id="19" lemma="|embrace|" pos="VBN" wid="19">embraced</w>
  <w id="20" lemma="|:|" pos=":" wid="20">:</w>
  <w id="21" lemma="|and|" pos="CC" wid="21">and</w>
  <w id="22" lemma="|that|" pos="DT" wid="22">that</w>
  <w id="23" lemma="|be|" pos="VBZ" wid="23">is</w>
  <w id="24" lemma="|,|" pos="," wid="24">,</w>
  <w id="25" lemma="|respectively|" pos="RB" wid="25">respectively</w>
  <w id="26" lemma="|the|" pos="DT" wid="26">the</w>
  <w id="27" lemma="|reality|" pos="NN" wid="27">reality</w>
  <w id="28" lemma="|of|" pos="IN" wid="28">of</w>
  <w id="29" lemma="|the|" pos="DT" wid="29">the</w>
  <w id="30" lemma="|Triune|" pos="NNP" wid="30">Triune</w>
  <w id="31" lemma="|God|" pos="NNP" wid="31">God</w>
  <w id="32" lemma="|,|" pos="," wid="32">,</w>
  <w id="33" lemma="|the|" pos="DT" wid="33">the</w>
  <w id="34" lemma="|sacrament|" pos="NN" wid="34">Sacrament</w>
  <w id="35" lemma="|of|" pos="IN" wid="35">of</w>
  <w id="36" lemma="|the|" pos="DT" wid="36">the</w>
  <w id="37" lemma="|eucharist|" pos="NN" wid="37">Eucharist</w>
  <w id="38" lemma="|and|" pos="CC" wid="38">and</w>
  <w id="39" lemma="|the|" pos="DT" wid="39">the</w>
  <w id="40" lemma="|divine|" pos="JJ" wid="40">divine</w>
  <w id="41" lemma="|and|" pos="CC" wid="41">and</w>
  <w id="42" lemma="|human|" pos="JJ" wid="42">human</w>
  <w id="43" lemma="|centre|" pos="NN" wid="43">centre</w>
  <w id="44" lemma="|of|" pos="IN" wid="44">of</w>
  <w id="45" lemma="|the|" pos="DT" wid="45">the</w>
  <w id="46" lemma="|person|" pos="NN" wid="46">Person</w>
  <w id="47" lemma="|of|" pos="IN" wid="47">of</w>
  <w id="48" lemma="|Christ|" pos="NNP" wid="48">Christ</w>
  <w id="49" lemma="|.|" pos="." wid="49">.</w>
</sentence>
<sentence id="2">
  <w id="0" lemma="|these|" pos="DT" wid="0">These</w>
  <w id="1" lemma="|be|" pos="VBP" wid="1">are</w>
  <w id="2" lemma="|truly|" pos="RB" wid="2">truly</w>
  <w id="3" lemma="|aspect|" pos="NNS" wid="3">aspects</w>
  <w id="4" lemma="|of|" pos="IN" wid="4">of</w>
  <w id="5" lemma="|the|" pos="DT" wid="5">the</w>
  <w id="6" lemma="|one|" pos="CD" wid="6">one</w>
  <w id="7" lemma="|mystery|" pos="NN" wid="7">mystery</w>
  <w id="8" lemma="|of|" pos="IN" wid="8">of</w>
  <w id="9" lemma="|salvation|" pos="NN" wid="9">salvation</w>
  <w id="10" lemma="|which|" pos="WDT" wid="10">which</w>
  <w id="11" lemma="|,|" pos="," wid="11">,</w>
  <w id="12" lemma="|in|" pos="IN" wid="12">in</w>
  <w id="13" lemma="|a|" pos="DT" wid="13">a</w>
  <w id="14" lemma="|certain|" pos="JJ" wid="14">certain</w>
  <w id="15" lemma="|sense|" pos="NN" wid="15">sense</w>
  <w id="16" lemma="|,|" pos="," wid="16">,</w>
  <w id="17" lemma="|sum|" pos="VB" wid="17">sum</w>
  <w id="18" lemma="|up|" pos="RP" wid="18">up</w>
  <w id="19" lemma="|the|" pos="DT" wid="19">the</w>
  <w id="20" lemma="|whole|" pos="JJ" wid="20">whole</w>
  <w id="21" lemma="|itinerary|" pos="NN" wid="21">itinerary</w>
  <w id="22" lemma="|of|" pos="IN" wid="22">of</w>
  <w id="23" lemma="|the|" pos="DT" wid="23">the</w>
  <w id="24" lemma="|revelation|" pos="NN" wid="24">revelation</w>
  <w id="25" lemma="|of|" pos="IN" wid="25">of</w>
  <w id="26" lemma="|Jesus|" pos="NNP" wid="26">Jesus</w>
  <w id="27" lemma="|,|" pos="," wid="27">,</w>
  <w id="28" lemma="|from|" pos="IN" wid="28">from</w>
  <w id="29" lemma="|he|" pos="PRP$" wid="29">his</w>
  <w id="30" lemma="|incarnation|" pos="NN" wid="30">Incarnation</w>
  <w id="31" lemma="|to|" pos="TO" wid="31">to</w>
  <w id="32" lemma="|he|" pos="PRP$" wid="32">his</w>
  <w id="33" lemma="|death|" pos="NN" wid="33">death</w>
  <w id="34" lemma="|and|" pos="CC" wid="34">and</w>
  <w id="35" lemma="|resurrection|" pos="NN" wid="35">Resurrection</w>
  <w id="36" lemma="|and|" pos="CC" wid="36">and</w>
  <w id="37" lemma="|,|" pos="," wid="37">,</w>
  <w id="38" lemma="|finally|" pos="RB" wid="38">finally</w>
  <w id="39" lemma="|,|" pos="," wid="39">,</w>
  <w id="40" lemma="|to|" pos="TO" wid="40">to</w>
  <w id="41" lemma="|he|" pos="PRP$" wid="41">his</w>
  <w id="42" lemma="|ascension|" pos="NN" wid="42">Ascension</w>
  <w id="43" lemma="|and|" pos="CC" wid="43">and</w>
  <w id="44" lemma="|the|" pos="DT" wid="44">the</w>
  <w id="45" lemma="|gift|" pos="NN" wid="45">gift</w>
  <w id="46" lemma="|of|" pos="IN" wid="46">of</w>
  <w id="47" lemma="|the|" pos="DT" wid="47">the</w>
  <w id="48" lemma="|holy|" pos="JJ" wid="48">Holy</w>
  <w id="49" lemma="|spirit|" pos="NN" wid="49">Spirit</w>
  <w id="50" lemma="|.|" pos="." wid="50">.</w>
</sentence>
<sentence id="3">
  <w id="0" lemma="|today|" pos="NN" wid="0">Today</w>
  <w id="1" lemma="|we|" pos="PRP" wid="1">we</w>
  <w id="2" lemma="|contemplate|" pos="VBP" wid="2">contemplate</w>
  <w id="3" lemma="|the|" pos="DT" wid="3">the</w>
  <w id="4" lemma="|Most|" pos="NNP" wid="4">Most</w>
  <w id="5" lemma="|Holy|" pos="NNP" wid="5">Holy</w>
  <w id="6" lemma="|Trinity|" pos="NNP" wid="6">Trinity</w>
  <w id="7" lemma="|as|" pos="IN" wid="7">as</w>
  <w id="8" lemma="|Jesus|" pos="NNP" wid="8">Jesus</w>
  <w id="9" lemma="|introduce|" pos="VBD" wid="9">introduced</w>
  <w id="10" lemma="|we|" pos="PRP" wid="10">us</w>
  <w id="11" lemma="|to|" pos="TO" wid="11">to</w>
  <w id="12" lemma="|it|" pos="PRP" wid="12">it</w>
  <w id="13" lemma="|.|" pos="." wid="13">.</w>
</sentence>
<sentence id="4">
  <w id="0" lemma="|he|" pos="PRP" wid="0">He</w>
  <w id="1" lemma="|reveal|" pos="VBD" wid="1">revealed</w>
  <w id="2" lemma="|to|" pos="TO" wid="2">to</w>
  <w id="3" lemma="|we|" pos="PRP" wid="3">us</w>
  <w id="4" lemma="|that|" pos="IN" wid="4">that</w>
  <w id="5" lemma="|God|" pos="NNP" wid="5">God</w>
  <w id="6" lemma="|be|" pos="VBZ" wid="6">is</w>
  <w id="7" lemma="|love|" pos="NN" wid="7">love</w>
  <w id="8" lemma="|``|" pos="``" wid="8">``</w>
  <w id="9" lemma="|not|" pos="RB" wid="9">not</w>
  <w id="10" lemma="|in|" pos="IN" wid="10">in</w>
  <w id="11" lemma="|the|" pos="DT" wid="11">the</w>
  <w id="12" lemma="|oneness|" pos="NN" wid="12">oneness</w>
  <w id="13" lemma="|of|" pos="IN" wid="13">of</w>
  <w id="14" lemma="|a|" pos="DT" wid="14">a</w>
  <w id="15" lemma="|single|" pos="JJ" wid="15">single</w>
  <w id="16" lemma="|person|" pos="NN" wid="16">Person</w>
  <w id="17" lemma="|,|" pos="," wid="17">,</w>
  <w id="18" lemma="|but|" pos="CC" wid="18">but</w>
  <w id="19" lemma="|in|" pos="IN" wid="19">in</w>
  <w id="20" lemma="|the|" pos="DT" wid="20">the</w>
  <w id="21" lemma="|Trinity|" pos="NNP" wid="21">Trinity</w>
  <w id="22" lemma="|of|" pos="IN" wid="22">of</w>
  <w id="23" lemma="|one|" pos="CD" wid="23">one</w>
  <w id="24" lemma="|substance|" pos="NN" wid="24">substance</w>
  <w id="25" lemma="|''|" pos="''" wid="25">''</w>
  <w id="26" lemma="|-lrb-|" pos="-LRB-" wid="26">-LRB-</w>
  <w id="27" lemma="|preface|" pos="NN" wid="27">Preface</w>
  <w id="28" lemma="|-rrb-|" pos="-RRB-" wid="28">-RRB-</w>
  <w id="29" lemma="|.|" pos="." wid="29">.</w>
</sentence>
<sentence id="5">
  <w id="0" lemma="|he|" pos="PRP" wid="0">He</w>
  <w id="1" lemma="|be|" pos="VBZ" wid="1">is</w>
  <w id="2" lemma="|the|" pos="DT" wid="2">the</w>
  <w id="3" lemma="|Creator|" pos="NNP" wid="3">Creator</w>
  <w id="4" lemma="|and|" pos="CC" wid="4">and</w>
  <w id="5" lemma="|merciful|" pos="JJ" wid="5">merciful</w>
  <w id="6" lemma="|father|" pos="NN" wid="6">Father</w>
  <w id="7" lemma="|;|" pos=":" wid="7">;</w>
  <w id="8" lemma="|he|" pos="PRP" wid="8">he</w>
  <w id="9" lemma="|be|" pos="VBZ" wid="9">is</w>
  <w id="10" lemma="|the|" pos="DT" wid="10">the</w>
  <w id="11" lemma="|Only-Begotten|" pos="NNP" wid="11">Only-Begotten</w>
  <w id="12" lemma="|Son|" pos="NNP" wid="12">Son</w>
  <w id="13" lemma="|,|" pos="," wid="13">,</w>
  <w id="14" lemma="|eternal|" pos="JJ" wid="14">eternal</w>
  <w id="15" lemma="|Wisdom|" pos="NNP" wid="15">Wisdom</w>
  <w id="16" lemma="|incarnate|" pos="NN" wid="16">incarnate</w>
  <w id="17" lemma="|,|" pos="," wid="17">,</w>
  <w id="18" lemma="|who|" pos="WP" wid="18">who</w>
  <w id="19" lemma="|die|" pos="VBD" wid="19">died</w>
  <w id="20" lemma="|and|" pos="CC" wid="20">and</w>
  <w id="21" lemma="|rise|" pos="VBD" wid="21">rose</w>
  <w id="22" lemma="|for|" pos="IN" wid="22">for</w>
  <w id="23" lemma="|we|" pos="PRP" wid="23">us</w>
  <w id="24" lemma="|;|" pos=":" wid="24">;</w>
  <w id="25" lemma="|he|" pos="PRP" wid="25">he</w>
  <w id="26" lemma="|be|" pos="VBZ" wid="26">is</w>
  <w id="27" lemma="|the|" pos="DT" wid="27">the</w>
  <w id="28" lemma="|holy|" pos="JJ" wid="28">Holy</w>
  <w id="29" lemma="|spirit|" pos="NN" wid="29">Spirit</w>
  <w id="30" lemma="|who|" pos="WP" wid="30">who</w>
  <w id="31" lemma="|move|" pos="VBZ" wid="31">moves</w>
  <w id="32" lemma="|all|" pos="DT" wid="32">all</w>
  <w id="33" lemma="|thing|" pos="NNS" wid="33">things</w>
  <w id="34" lemma="|,|" pos="," wid="34">,</w>
  <w id="35" lemma="|cosmos|" pos="NNS" wid="35">cosmos</w>
  <w id="36" lemma="|and|" pos="CC" wid="36">and</w>
  <w id="37" lemma="|history|" pos="NN" wid="37">history</w>
  <w id="38" lemma="|,|" pos="," wid="38">,</w>
  <w id="39" lemma="|toward|" pos="IN" wid="39">toward</w>
  <w id="40" lemma="|they|" pos="PRP$" wid="40">their</w>
  <w id="41" lemma="|final|" pos="JJ" wid="41">final</w>
  <w id="42" lemma="|,|" pos="," wid="42">,</w>
  <w id="43" lemma="|full|" pos="JJ" wid="43">full</w>
  <w id="44" lemma="|recapitulation|" pos="NN" wid="44">recapitulation</w>
  <w id="45" lemma="|.|" pos="." wid="45">.</w>
</sentence>
<sentence id="6">
  <w id="0" lemma="|three|" pos="CD" wid="0">Three</w>
  <w id="1" lemma="|person|" pos="NNS" wid="1">Persons</w>
  <w id="2" lemma="|who|" pos="WP" wid="2">who</w>
  <w id="3" lemma="|be|" pos="VBP" wid="3">are</w>
  <w id="4" lemma="|one|" pos="CD" wid="4">one</w>
  <w id="5" lemma="|God|" pos="NNP" wid="5">God</w>
  <w id="6" lemma="|because|" pos="IN" wid="6">because</w>
  <w id="7" lemma="|the|" pos="DT" wid="7">the</w>
  <w id="8" lemma="|Father|" pos="NNP" wid="8">Father</w>
  <w id="9" lemma="|be|" pos="VBZ" wid="9">is</w>
  <w id="10" lemma="|love|" pos="NN" wid="10">love</w>
  <w id="11" lemma="|,|" pos="," wid="11">,</w>
  <w id="12" lemma="|the|" pos="DT" wid="12">the</w>
  <w id="13" lemma="|Son|" pos="NNP" wid="13">Son</w>
  <w id="14" lemma="|be|" pos="VBZ" wid="14">is</w>
  <w id="15" lemma="|love|" pos="NN" wid="15">love</w>
  <w id="16" lemma="|,|" pos="," wid="16">,</w>
  <w id="17" lemma="|the|" pos="DT" wid="17">the</w>
  <w id="18" lemma="|spirit|" pos="NN" wid="18">Spirit</w>
  <w id="19" lemma="|be|" pos="VBZ" wid="19">is</w>
  <w id="20" lemma="|love|" pos="NN" wid="20">love</w>
  <w id="21" lemma="|.|" pos="." wid="21">.</w>
</sentence>
<sentence id="7">
  <w id="0" lemma="|God|" pos="NNP" wid="0">God</w>
  <w id="1" lemma="|be|" pos="VBZ" wid="1">is</w>
  <w id="2" lemma="|wholly|" pos="RB" wid="2">wholly</w>
  <w id="3" lemma="|and|" pos="CC" wid="3">and</w>
  <w id="4" lemma="|only|" pos="RB" wid="4">only</w>
  <w id="5" lemma="|love|" pos="NN" wid="5">love</w>
  <w id="6" lemma="|,|" pos="," wid="6">,</w>
  <w id="7" lemma="|the|" pos="DT" wid="7">the</w>
  <w id="8" lemma="|purest|" pos="JJS" wid="8">purest</w>
  <w id="9" lemma="|,|" pos="," wid="9">,</w>
  <w id="10" lemma="|infinite|" pos="JJ" wid="10">infinite</w>
  <w id="11" lemma="|and|" pos="CC" wid="11">and</w>
  <w id="12" lemma="|eternal|" pos="JJ" wid="12">eternal</w>
  <w id="13" lemma="|love|" pos="NN" wid="13">love</w>
  <w id="14" lemma="|.|" pos="." wid="14">.</w>
</sentence>
<sentence id="8">
  <w id="0" lemma="|he|" pos="PRP" wid="0">He</w>
  <w id="1" lemma="|do|" pos="VBZ" wid="1">does</w>
  <w id="2" lemma="|not|" pos="RB" wid="2">not</w>
  <w id="3" lemma="|live|" pos="VB" wid="3">live</w>
  <w id="4" lemma="|in|" pos="IN" wid="4">in</w>
  <w id="5" lemma="|splendid|" pos="JJ" wid="5">splendid</w>
  <w id="6" lemma="|solitude|" pos="NN" wid="6">solitude</w>
  <w id="7" lemma="|but|" pos="CC" wid="7">but</w>
  <w id="8" lemma="|rather|" pos="RB" wid="8">rather</w>
  <w id="9" lemma="|be|" pos="VBZ" wid="9">is</w>
  <w id="10" lemma="|a|" pos="DT" wid="10">an</w>
  <w id="11" lemma="|inexhaustible|" pos="JJ" wid="11">inexhaustible</w>
  <w id="12" lemma="|source|" pos="NN" wid="12">source</w>
  <w id="13" lemma="|of|" pos="IN" wid="13">of</w>
  <w id="14" lemma="|life|" pos="NN" wid="14">life</w>
  <w id="15" lemma="|that|" pos="WDT" wid="15">that</w>
  <w id="16" lemma="|be|" pos="VBZ" wid="16">is</w>
  <w id="17" lemma="|ceaselessly|" pos="RB" wid="17">ceaselessly</w>
  <w id="18" lemma="|give|" pos="VBN" wid="18">given</w>
  <w id="19" lemma="|and|" pos="CC" wid="19">and</w>
  <w id="20" lemma="|communicate|" pos="VBN" wid="20">communicated</w>
  <w id="21" lemma="|.|" pos="." wid="21">.</w>
</sentence>
<sentence id="9">
  <w id="0" lemma="|to|" pos="TO" wid="0">To</w>
  <w id="1" lemma="|a|" pos="DT" wid="1">a</w>
  <w id="2" lemma="|certain|" pos="JJ" wid="2">certain</w>
  <w id="3" lemma="|extent|" pos="NN" wid="3">extent</w>
  <w id="4" lemma="|we|" pos="PRP" wid="4">we</w>
  <w id="5" lemma="|can|" pos="MD" wid="5">can</w>
  <w id="6" lemma="|perceive|" pos="VB" wid="6">perceive</w>
  <w id="7" lemma="|this|" pos="DT" wid="7">this</w>
  <w id="8" lemma="|by|" pos="IN" wid="8">by</w>
  <w id="9" lemma="|observe|" pos="VBG" wid="9">observing</w>
  <w id="10" lemma="|both|" pos="CC" wid="10">both</w>
  <w id="11" lemma="|the|" pos="DT" wid="11">the</w>
  <w id="12" lemma="|macro-universe|" pos="NN" wid="12">macro-universe</w>
  <w id="13" lemma="|:|" pos=":" wid="13">:</w>
  <w id="14" lemma="|we|" pos="PRP$" wid="14">our</w>
  <w id="15" lemma="|earth|" pos="NN" wid="15">earth</w>
  <w id="16" lemma="|,|" pos="," wid="16">,</w>
  <w id="17" lemma="|the|" pos="DT" wid="17">the</w>
  <w id="18" lemma="|planet|" pos="NNS" wid="18">planets</w>
  <w id="19" lemma="|,|" pos="," wid="19">,</w>
  <w id="20" lemma="|the|" pos="DT" wid="20">the</w>
  <w id="21" lemma="|star|" pos="NNS" wid="21">stars</w>
  <w id="22" lemma="|,|" pos="," wid="22">,</w>
  <w id="23" lemma="|the|" pos="DT" wid="23">the</w>
  <w id="24" lemma="|galaxy|" pos="NNS" wid="24">galaxies</w>
  <w id="25" lemma="|;|" pos=":" wid="25">;</w>
  <w id="26" lemma="|and|" pos="CC" wid="26">and</w>
  <w id="27" lemma="|the|" pos="DT" wid="27">the</w>
  <w id="28" lemma="|micro-universe|" pos="NN" wid="28">micro-universe</w>
  <w id="29" lemma="|:|" pos=":" wid="29">:</w>
  <w id="30" lemma="|cell|" pos="NNS" wid="30">cells</w>
  <w id="31" lemma="|,|" pos="," wid="31">,</w>
  <w id="32" lemma="|atom|" pos="NNS" wid="32">atoms</w>
  <w id="33" lemma="|,|" pos="," wid="33">,</w>
  <w id="34" lemma="|elementary|" pos="JJ" wid="34">elementary</w>
  <w id="35" lemma="|particle|" pos="NNS" wid="35">particles</w>
  <w id="36" lemma="|.|" pos="." wid="36">.</w>
</sentence>
<sentence id="10">
  <w id="0" lemma="|the|" pos="DT" wid="0">The</w>
  <w id="1" lemma="|``|" pos="``" wid="1">``</w>
  <w id="2" lemma="|name|" pos="NN" wid="2">name</w>
  <w id="3" lemma="|''|" pos="''" wid="3">''</w>
  <w id="4" lemma="|of|" pos="IN" wid="4">of</w>
  <w id="5" lemma="|the|" pos="DT" wid="5">the</w>
  <w id="6" lemma="|Blessed|" pos="NNP" wid="6">Blessed</w>
  <w id="7" lemma="|Trinity|" pos="NNP" wid="7">Trinity</w>
  <w id="8" lemma="|be|" pos="VBZ" wid="8">is</w>
  <w id="9" lemma="|,|" pos="," wid="9">,</w>
  <w id="10" lemma="|in|" pos="IN" wid="10">in</w>
  <w id="11" lemma="|a|" pos="DT" wid="11">a</w>
  <w id="12" lemma="|certain|" pos="JJ" wid="12">certain</w>
  <w id="13" lemma="|sense|" pos="NN" wid="13">sense</w>
  <w id="14" lemma="|,|" pos="," wid="14">,</w>
  <w id="15" lemma="|imprint|" pos="VBN" wid="15">imprinted</w>
  <w id="16" lemma="|upon|" pos="IN" wid="16">upon</w>
  <w id="17" lemma="|all|" pos="DT" wid="17">all</w>
  <w id="18" lemma="|thing|" pos="NNS" wid="18">things</w>
  <w id="19" lemma="|because|" pos="IN" wid="19">because</w>
  <w id="20" lemma="|all|" pos="PDT" wid="20">all</w>
  <w id="21" lemma="|that|" pos="DT" wid="21">that</w>
  <w id="22" lemma="|exist|" pos="VBZ" wid="22">exists</w>
  <w id="23" lemma="|,|" pos="," wid="23">,</w>
  <w id="24" lemma="|down|" pos="RB" wid="24">down</w>
  <w id="25" lemma="|to|" pos="TO" wid="25">to</w>
  <w id="26" lemma="|the|" pos="DT" wid="26">the</w>
  <w id="27" lemma="|last|" pos="JJ" wid="27">last</w>
  <w id="28" lemma="|particle|" pos="NN" wid="28">particle</w>
  <w id="29" lemma="|,|" pos="," wid="29">,</w>
  <w id="30" lemma="|be|" pos="VBZ" wid="30">is</w>
  <w id="31" lemma="|in|" pos="IN" wid="31">in</w>
  <w id="32" lemma="|relation|" pos="NN" wid="32">relation</w>
  <w id="33" lemma="|;|" pos=":" wid="33">;</w>
  <w id="34" lemma="|in|" pos="IN" wid="34">in</w>
  <w id="35" lemma="|this|" pos="DT" wid="35">this</w>
  <w id="36" lemma="|way|" pos="NN" wid="36">way</w>
  <w id="37" lemma="|we|" pos="PRP" wid="37">we</w>
  <w id="38" lemma="|catch|" pos="VBP" wid="38">catch</w>
  <w id="39" lemma="|a|" pos="DT" wid="39">a</w>
  <w id="40" lemma="|glimpse|" pos="NN" wid="40">glimpse</w>
  <w id="41" lemma="|of|" pos="IN" wid="41">of</w>
  <w id="42" lemma="|God|" pos="NNP" wid="42">God</w>
  <w id="43" lemma="|as|" pos="IN" wid="43">as</w>
  <w id="44" lemma="|relationship|" pos="NN" wid="44">relationship</w>
  <w id="45" lemma="|and|" pos="CC" wid="45">and</w>
  <w id="46" lemma="|ultimately|" pos="RB" wid="46">ultimately</w>
  <w id="47" lemma="|,|" pos="," wid="47">,</w>
  <w id="48" lemma="|Creator|" pos="NNP" wid="48">Creator</w>
  <w id="49" lemma="|Love|" pos="NNP" wid="49">Love</w>
  <w id="50" lemma="|.|" pos="." wid="50">.</w>
</sentence>
<sentence id="11">
  <w id="0" lemma="|all|" pos="DT" wid="0">All</w>
  <w id="1" lemma="|thing|" pos="NNS" wid="1">things</w>
  <w id="2" lemma="|derive|" pos="VBP" wid="2">derive</w>
  <w id="3" lemma="|from|" pos="IN" wid="3">from</w>
  <w id="4" lemma="|love|" pos="NN" wid="4">love</w>
  <w id="5" lemma="|,|" pos="," wid="5">,</w>
  <w id="6" lemma="|aspire|" pos="VBP" wid="6">aspire</w>
  <w id="7" lemma="|to|" pos="TO" wid="7">to</w>
  <w id="8" lemma="|love|" pos="VB" wid="8">love</w>
  <w id="9" lemma="|and|" pos="CC" wid="9">and</w>
  <w id="10" lemma="|move|" pos="VB" wid="10">move</w>
  <w id="11" lemma="|impel|" pos="VBN" wid="11">impelled</w>
  <w id="12" lemma="|by|" pos="IN" wid="12">by</w>
  <w id="13" lemma="|love|" pos="NN" wid="13">love</w>
  <w id="14" lemma="|,|" pos="," wid="14">,</w>
  <w id="15" lemma="|though|" pos="IN" wid="15">though</w>
  <w id="16" lemma="|naturally|" pos="RB" wid="16">naturally</w>
  <w id="17" lemma="|with|" pos="IN" wid="17">with</w>
  <w id="18" lemma="|vary|" pos="VBG" wid="18">varying</w>
  <w id="19" lemma="|degree|" pos="NNS" wid="19">degrees</w>
  <w id="20" lemma="|of|" pos="IN" wid="20">of</w>
  <w id="21" lemma="|awareness|" pos="NN" wid="21">awareness</w>
  <w id="22" lemma="|and|" pos="CC" wid="22">and</w>
  <w id="23" lemma="|freedom|" pos="NN" wid="23">freedom</w>
  <w id="24" lemma="|.|" pos="." wid="24">.</w>
</sentence>
<sentence id="12">
  <w id="0" lemma="|``|" pos="``" wid="0">``</w>
  <w id="1" lemma="|O|" pos="NNP" wid="1">O</w>
  <w id="2" lemma="|Lord|" pos="NNP" wid="2">Lord</w>
  <w id="3" lemma="|,|" pos="," wid="3">,</w>
  <w id="4" lemma="|we|" pos="PRP$" wid="4">our</w>
  <w id="5" lemma="|Lord|" pos="NNP" wid="5">Lord</w>
  <w id="6" lemma="|,|" pos="," wid="6">,</w>
  <w id="7" lemma="|how|" pos="WRB" wid="7">how</w>
  <w id="8" lemma="|majestic|" pos="JJ" wid="8">majestic</w>
  <w id="9" lemma="|be|" pos="VBZ" wid="9">is</w>
  <w id="10" lemma="|you|" pos="PRP$" wid="10">your</w>
  <w id="11" lemma="|name|" pos="NN" wid="11">name</w>
  <w id="12" lemma="|in|" pos="IN" wid="12">in</w>
  <w id="13" lemma="|all|" pos="PDT" wid="13">all</w>
  <w id="14" lemma="|the|" pos="DT" wid="14">the</w>
  <w id="15" lemma="|earth|" pos="NN" wid="15">earth</w>
  <w id="16" lemma="|!|" pos="." wid="16">!</w>
  <w id="17" lemma="|''|" pos="''" wid="17">''</w>
</sentence>
<sentence id="13">
  <w id="0" lemma="|-lrb-|" pos="-LRB-" wid="0">-LRB-</w>
  <w id="1" lemma="|ps|" pos="NN" wid="1">Ps</w>
  <w id="2" lemma="|8|" pos="CD" wid="2">8</w>
  <w id="3" lemma="|:|" pos=":" wid="3">:</w>
  <w id="4" lemma="|1|" pos="LS" wid="4">1</w>
  <w id="5" lemma="|-rrb-|" pos="-RRB-" wid="5">-RRB-</w>
  <w id="6" lemma="|the|" pos="DT" wid="6">the</w>
  <w id="7" lemma="|Psalmist|" pos="NNP" wid="7">Psalmist</w>
  <w id="8" lemma="|exclaim|" pos="VBZ" wid="8">exclaims</w>
  <w id="9" lemma="|.|" pos="." wid="9">.</w>
</sentence>
<sentence id="14">
  <w id="0" lemma="|in|" pos="IN" wid="0">In</w>
  <w id="1" lemma="|speaking|" pos="NN" wid="1">speaking</w>
  <w id="2" lemma="|of|" pos="IN" wid="2">of</w>
  <w id="3" lemma="|the|" pos="DT" wid="3">the</w>
  <w id="4" lemma="|``|" pos="``" wid="4">``</w>
  <w id="5" lemma="|name|" pos="NN" wid="5">name</w>
  <w id="6" lemma="|''|" pos="''" wid="6">''</w>
  <w id="7" lemma="|,|" pos="," wid="7">,</w>
  <w id="8" lemma="|the|" pos="DT" wid="8">the</w>
  <w id="9" lemma="|Bible|" pos="NNP" wid="9">Bible</w>
  <w id="10" lemma="|refer|" pos="VBZ" wid="10">refers</w>
  <w id="11" lemma="|to|" pos="TO" wid="11">to</w>
  <w id="12" lemma="|God|" pos="NNP" wid="12">God</w>
  <w id="13" lemma="|himself|" pos="PRP" wid="13">himself</w>
  <w id="14" lemma="|,|" pos="," wid="14">,</w>
  <w id="15" lemma="|he|" pos="PRP$" wid="15">his</w>
  <w id="16" lemma="|truest|" pos="JJS" wid="16">truest</w>
  <w id="17" lemma="|identity|" pos="NN" wid="17">identity</w>
  <w id="18" lemma="|.|" pos="." wid="18">.</w>
</sentence>
<sentence id="15">
  <w id="0" lemma="|it|" pos="PRP" wid="0">It</w>
  <w id="1" lemma="|be|" pos="VBZ" wid="1">is</w>
  <w id="2" lemma="|a|" pos="DT" wid="2">an</w>
  <w id="3" lemma="|identity|" pos="NN" wid="3">identity</w>
  <w id="4" lemma="|that|" pos="WDT" wid="4">that</w>
  <w id="5" lemma="|shine|" pos="VBZ" wid="5">shines</w>
  <w id="6" lemma="|upon|" pos="IN" wid="6">upon</w>
  <w id="7" lemma="|the|" pos="DT" wid="7">the</w>
  <w id="8" lemma="|whole|" pos="NN" wid="8">whole</w>
  <w id="9" lemma="|of|" pos="IN" wid="9">of</w>
  <w id="10" lemma="|Creation|" pos="NNP" wid="10">Creation</w>
  <w id="11" lemma="|,|" pos="," wid="11">,</w>
  <w id="12" lemma="|in|" pos="IN" wid="12">in</w>
  <w id="13" lemma="|which|" pos="WDT" wid="13">which</w>
  <w id="14" lemma="|all|" pos="DT" wid="14">all</w>
  <w id="15" lemma="|being|" pos="NNS" wid="15">beings</w>
  <w id="16" lemma="|for|" pos="IN" wid="16">for</w>
  <w id="17" lemma="|the|" pos="DT" wid="17">the</w>
  <w id="18" lemma="|very|" pos="JJ" wid="18">very</w>
  <w id="19" lemma="|fact|" pos="NN" wid="19">fact</w>
  <w id="20" lemma="|that|" pos="IN" wid="20">that</w>
  <w id="21" lemma="|they|" pos="PRP" wid="21">they</w>
  <w id="22" lemma="|exist|" pos="VBP" wid="22">exist</w>
  <w id="23" lemma="|and|" pos="CC" wid="23">and</w>
  <w id="24" lemma="|because|" pos="IN" wid="24">because</w>
  <w id="25" lemma="|of|" pos="IN" wid="25">of</w>
  <w id="26" lemma="|the|" pos="DT" wid="26">the</w>
  <w id="27" lemma="|``|" pos="``" wid="27">``</w>
  <w id="28" lemma="|fabric|" pos="NN" wid="28">fabric</w>
  <w id="29" lemma="|''|" pos="''" wid="29">''</w>
  <w id="30" lemma="|of|" pos="IN" wid="30">of</w>
  <w id="31" lemma="|which|" pos="WDT" wid="31">which</w>
  <w id="32" lemma="|they|" pos="PRP" wid="32">they</w>
  <w id="33" lemma="|be|" pos="VBP" wid="33">are</w>
  <w id="34" lemma="|make|" pos="VBN" wid="34">made</w>
  <w id="35" lemma="|point|" pos="NN" wid="35">point</w>
  <w id="36" lemma="|to|" pos="TO" wid="36">to</w>
  <w id="37" lemma="|a|" pos="DT" wid="37">a</w>
  <w id="38" lemma="|transcendent|" pos="JJ" wid="38">transcendent</w>
  <w id="39" lemma="|Principle|" pos="NNP" wid="39">Principle</w>
  <w id="40" lemma="|,|" pos="," wid="40">,</w>
  <w id="41" lemma="|to|" pos="TO" wid="41">to</w>
  <w id="42" lemma="|eternal|" pos="JJ" wid="42">eternal</w>
  <w id="43" lemma="|and|" pos="CC" wid="43">and</w>
  <w id="44" lemma="|infinite|" pos="JJ" wid="44">infinite</w>
  <w id="45" lemma="|life|" pos="NN" wid="45">Life</w>
  <w id="46" lemma="|which|" pos="WDT" wid="46">which</w>
  <w id="47" lemma="|be|" pos="VBZ" wid="47">is</w>
  <w id="48" lemma="|give|" pos="VBN" wid="48">given</w>
  <w id="49" lemma="|,|" pos="," wid="49">,</w>
  <w id="50" lemma="|in|" pos="IN" wid="50">in</w>
  <w id="51" lemma="|a|" pos="DT" wid="51">a</w>
  <w id="52" lemma="|word|" pos="NN" wid="52">word</w>
  <w id="53" lemma="|,|" pos="," wid="53">,</w>
  <w id="54" lemma="|to|" pos="TO" wid="54">to</w>
  <w id="55" lemma="|Love|" pos="NNP" wid="55">Love</w>
  <w id="56" lemma="|.|" pos="." wid="56">.</w>
</sentence>
<sentence id="16">
  <w id="0" lemma="|``|" pos="``" wid="0">``</w>
  <w id="1" lemma="|in|" pos="IN" wid="1">In</w>
  <w id="2" lemma="|he|" pos="PRP" wid="2">him</w>
  <w id="3" lemma="|we|" pos="PRP" wid="3">we</w>
  <w id="4" lemma="|live|" pos="VBP" wid="4">live</w>
  <w id="5" lemma="|and|" pos="CC" wid="5">and</w>
  <w id="6" lemma="|move|" pos="VBP" wid="6">move</w>
  <w id="7" lemma="|and|" pos="CC" wid="7">and</w>
  <w id="8" lemma="|have|" pos="VBP" wid="8">have</w>
  <w id="9" lemma="|we|" pos="PRP$" wid="9">our</w>
  <w id="10" lemma="|be|" pos="VBG" wid="10">being</w>
  <w id="11" lemma="|''|" pos="''" wid="11">''</w>
  <w id="12" lemma="|,|" pos="," wid="12">,</w>
  <w id="13" lemma="|St|" pos="NNP" wid="13">St</w>
  <w id="14" lemma="|Paul|" pos="NNP" wid="14">Paul</w>
  <w id="15" lemma="|say|" pos="VBD" wid="15">said</w>
  <w id="16" lemma="|at|" pos="IN" wid="16">at</w>
  <w id="17" lemma="|the|" pos="DT" wid="17">the</w>
  <w id="18" lemma="|Areopagus|" pos="NNP" wid="18">Areopagus</w>
  <w id="19" lemma="|of|" pos="IN" wid="19">of</w>
  <w id="20" lemma="|Athens|" pos="NNP" wid="20">Athens</w>
  <w id="21" lemma="|-lrb-|" pos="-LRB-" wid="21">-LRB-</w>
  <w id="22" lemma="|act|" pos="VBZ" wid="22">Acts</w>
  <w id="23" lemma="|17|" pos="CD" wid="23">17</w>
  <w id="24" lemma="|:|" pos=":" wid="24">:</w>
  <w id="25" lemma="|28|" pos="CD" wid="25">28</w>
  <w id="26" lemma="|-rrb-|" pos="-RRB-" wid="26">-RRB-</w>
  <w id="27" lemma="|.|" pos="." wid="27">.</w>
</sentence>
<sentence id="17">
  <w id="0" lemma="|the|" pos="DT" wid="0">The</w>
  <w id="1" lemma="|strongest|" pos="JJS" wid="1">strongest</w>
  <w id="2" lemma="|proof|" pos="NN" wid="2">proof</w>
  <w id="3" lemma="|that|" pos="IN" wid="3">that</w>
  <w id="4" lemma="|we|" pos="PRP" wid="4">we</w>
  <w id="5" lemma="|be|" pos="VBP" wid="5">are</w>
  <w id="6" lemma="|make|" pos="VBN" wid="6">made</w>
  <w id="7" lemma="|in|" pos="IN" wid="7">in</w>
  <w id="8" lemma="|the|" pos="DT" wid="8">the</w>
  <w id="9" lemma="|image|" pos="NN" wid="9">image</w>
  <w id="10" lemma="|of|" pos="IN" wid="10">of</w>
  <w id="11" lemma="|the|" pos="DT" wid="11">the</w>
  <w id="12" lemma="|Trinity|" pos="NNP" wid="12">Trinity</w>
  <w id="13" lemma="|be|" pos="VBZ" wid="13">is</w>
  <w id="14" lemma="|this|" pos="DT" wid="14">this</w>
  <w id="15" lemma="|:|" pos=":" wid="15">:</w>
  <w id="16" lemma="|love|" pos="NN" wid="16">love</w>
  <w id="17" lemma="|alone|" pos="RB" wid="17">alone</w>
  <w id="18" lemma="|make|" pos="VBZ" wid="18">makes</w>
  <w id="19" lemma="|we|" pos="PRP" wid="19">us</w>
  <w id="20" lemma="|happy|" pos="JJ" wid="20">happy</w>
  <w id="21" lemma="|because|" pos="IN" wid="21">because</w>
  <w id="22" lemma="|we|" pos="PRP" wid="22">we</w>
  <w id="23" lemma="|live|" pos="VBP" wid="23">live</w>
  <w id="24" lemma="|in|" pos="IN" wid="24">in</w>
  <w id="25" lemma="|a|" pos="DT" wid="25">a</w>
  <w id="26" lemma="|relationship|" pos="NN" wid="26">relationship</w>
  <w id="27" lemma="|,|" pos="," wid="27">,</w>
  <w id="28" lemma="|and|" pos="CC" wid="28">and</w>
  <w id="29" lemma="|we|" pos="PRP" wid="29">we</w>
  <w id="30" lemma="|live|" pos="VBP" wid="30">live</w>
  <w id="31" lemma="|to|" pos="TO" wid="31">to</w>
  <w id="32" lemma="|love|" pos="VB" wid="32">love</w>
  <w id="33" lemma="|and|" pos="CC" wid="33">and</w>
  <w id="34" lemma="|to|" pos="TO" wid="34">to</w>
  <w id="35" lemma="|be|" pos="VB" wid="35">be</w>
  <w id="36" lemma="|love|" pos="VBN" wid="36">loved</w>
  <w id="37" lemma="|.|" pos="." wid="37">.</w>
</sentence>
<sentence id="18">
  <w id="0" lemma="|borrow|" pos="VBG" wid="0">Borrowing</w>
  <w id="1" lemma="|a|" pos="DT" wid="1">an</w>
  <w id="2" lemma="|analogy|" pos="NN" wid="2">analogy</w>
  <w id="3" lemma="|from|" pos="IN" wid="3">from</w>
  <w id="4" lemma="|biology|" pos="NN" wid="4">biology</w>
  <w id="5" lemma="|,|" pos="," wid="5">,</w>
  <w id="6" lemma="|we|" pos="PRP" wid="6">we</w>
  <w id="7" lemma="|could|" pos="MD" wid="7">could</w>
  <w id="8" lemma="|say|" pos="VB" wid="8">say</w>
  <w id="9" lemma="|that|" pos="IN" wid="9">that</w>
  <w id="10" lemma="|imprint|" pos="VBN" wid="10">imprinted</w>
  <w id="11" lemma="|upon|" pos="IN" wid="11">upon</w>
  <w id="12" lemma="|he|" pos="PRP$" wid="12">his</w>
  <w id="13" lemma="|``|" pos="``" wid="13">``</w>
  <w id="14" lemma="|genome|" pos="NN" wid="14">genome</w>
  <w id="15" lemma="|''|" pos="''" wid="15">''</w>
  <w id="16" lemma="|,|" pos="," wid="16">,</w>
  <w id="17" lemma="|the|" pos="DT" wid="17">the</w>
  <w id="18" lemma="|human|" pos="JJ" wid="18">human</w>
  <w id="19" lemma="|being|" pos="NN" wid="19">being</w>
  <w id="20" lemma="|bear|" pos="VBZ" wid="20">bears</w>
  <w id="21" lemma="|a|" pos="DT" wid="21">a</w>
  <w id="22" lemma="|profound|" pos="JJ" wid="22">profound</w>
  <w id="23" lemma="|mark|" pos="NN" wid="23">mark</w>
  <w id="24" lemma="|of|" pos="IN" wid="24">of</w>
  <w id="25" lemma="|the|" pos="DT" wid="25">the</w>
  <w id="26" lemma="|Trinity|" pos="NNP" wid="26">Trinity</w>
  <w id="27" lemma="|,|" pos="," wid="27">,</w>
  <w id="28" lemma="|of|" pos="IN" wid="28">of</w>
  <w id="29" lemma="|God|" pos="NNP" wid="29">God</w>
  <w id="30" lemma="|as|" pos="IN" wid="30">as</w>
  <w id="31" lemma="|Love|" pos="NNP" wid="31">Love</w>
  <w id="32" lemma="|.|" pos="." wid="32">.</w>
</sentence>
<sentence id="19">
  <w id="0" lemma="|the|" pos="DT" wid="0">The</w>
  <w id="1" lemma="|Virgin|" pos="NNP" wid="1">Virgin</w>
  <w id="2" lemma="|Mary|" pos="NNP" wid="2">Mary</w>
  <w id="3" lemma="|,|" pos="," wid="3">,</w>
  <w id="4" lemma="|in|" pos="IN" wid="4">in</w>
  <w id="5" lemma="|she|" pos="PRP$" wid="5">her</w>
  <w id="6" lemma="|docile|" pos="JJ" wid="6">docile</w>
  <w id="7" lemma="|humility|" pos="NN" wid="7">humility</w>
  <w id="8" lemma="|,|" pos="," wid="8">,</w>
  <w id="9" lemma="|become|" pos="VBD" wid="9">became</w>
  <w id="10" lemma="|the|" pos="DT" wid="10">the</w>
  <w id="11" lemma="|handmaid|" pos="NN" wid="11">handmaid</w>
  <w id="12" lemma="|of|" pos="IN" wid="12">of</w>
  <w id="13" lemma="|divine|" pos="JJ" wid="13">divine</w>
  <w id="14" lemma="|love|" pos="NN" wid="14">Love</w>
  <w id="15" lemma="|:|" pos=":" wid="15">:</w>
  <w id="16" lemma="|she|" pos="PRP" wid="16">she</w>
  <w id="17" lemma="|accept|" pos="VBD" wid="17">accepted</w>
  <w id="18" lemma="|the|" pos="DT" wid="18">the</w>
  <w id="19" lemma="|Father|" pos="NNP" wid="19">Father</w>
  <w id="20" lemma="|'s|" pos="POS" wid="20">'s</w>
  <w id="21" lemma="|will|" pos="NN" wid="21">will</w>
  <w id="22" lemma="|and|" pos="CC" wid="22">and</w>
  <w id="23" lemma="|conceive|" pos="VBD" wid="23">conceived</w>
  <w id="24" lemma="|the|" pos="DT" wid="24">the</w>
  <w id="25" lemma="|Son|" pos="NNP" wid="25">Son</w>
  <w id="26" lemma="|by|" pos="IN" wid="26">by</w>
  <w id="27" lemma="|the|" pos="DT" wid="27">the</w>
  <w id="28" lemma="|power|" pos="NN" wid="28">power</w>
  <w id="29" lemma="|of|" pos="IN" wid="29">of</w>
  <w id="30" lemma="|the|" pos="DT" wid="30">the</w>
  <w id="31" lemma="|holy|" pos="JJ" wid="31">Holy</w>
  <w id="32" lemma="|spirit|" pos="NN" wid="32">Spirit</w>
  <w id="33" lemma="|.|" pos="." wid="33">.</w>
</sentence>
<sentence id="20">
  <w id="0" lemma="|in|" pos="IN" wid="0">In</w>
  <w id="1" lemma="|she|" pos="PRP" wid="1">her</w>
  <w id="2" lemma="|the|" pos="DT" wid="2">the</w>
  <w id="3" lemma="|Almighty|" pos="NNP" wid="3">Almighty</w>
  <w id="4" lemma="|build|" pos="VBD" wid="4">built</w>
  <w id="5" lemma="|a|" pos="DT" wid="5">a</w>
  <w id="6" lemma="|temple|" pos="NN" wid="6">temple</w>
  <w id="7" lemma="|worthy|" pos="JJ" wid="7">worthy</w>
  <w id="8" lemma="|of|" pos="IN" wid="8">of</w>
  <w id="9" lemma="|he|" pos="PRP" wid="9">him</w>
  <w id="10" lemma="|and|" pos="CC" wid="10">and</w>
  <w id="11" lemma="|make|" pos="VBD" wid="11">made</w>
  <w id="12" lemma="|she|" pos="PRP" wid="12">her</w>
  <w id="13" lemma="|the|" pos="DT" wid="13">the</w>
  <w id="14" lemma="|model|" pos="NN" wid="14">model</w>
  <w id="15" lemma="|and|" pos="CC" wid="15">and</w>
  <w id="16" lemma="|image|" pos="NN" wid="16">image</w>
  <w id="17" lemma="|of|" pos="IN" wid="17">of</w>
  <w id="18" lemma="|the|" pos="DT" wid="18">the</w>
  <w id="19" lemma="|Church|" pos="NNP" wid="19">Church</w>
  <w id="20" lemma="|,|" pos="," wid="20">,</w>
  <w id="21" lemma="|mystery|" pos="NN" wid="21">mystery</w>
  <w id="22" lemma="|and|" pos="CC" wid="22">and</w>
  <w id="23" lemma="|house|" pos="NN" wid="23">house</w>
  <w id="24" lemma="|of|" pos="IN" wid="24">of</w>
  <w id="25" lemma="|communion|" pos="NN" wid="25">communion</w>
  <w id="26" lemma="|for|" pos="IN" wid="26">for</w>
  <w id="27" lemma="|all|" pos="DT" wid="27">all</w>
  <w id="28" lemma="|human|" pos="JJ" wid="28">human</w>
  <w id="29" lemma="|being|" pos="NNS" wid="29">beings</w>
  <w id="30" lemma="|.|" pos="." wid="30">.</w>
</sentence>
<sentence id="21">
  <w id="0" lemma="|May|" pos="NNP" wid="0">May</w>
  <w id="1" lemma="|Mary|" pos="NNP" wid="1">Mary</w>
  <w id="2" lemma="|,|" pos="," wid="2">,</w>
  <w id="3" lemma="|mirror|" pos="NN" wid="3">mirror</w>
  <w id="4" lemma="|of|" pos="IN" wid="4">of</w>
  <w id="5" lemma="|the|" pos="DT" wid="5">the</w>
  <w id="6" lemma="|Blessed|" pos="NNP" wid="6">Blessed</w>
  <w id="7" lemma="|Trinity|" pos="NNP" wid="7">Trinity</w>
  <w id="8" lemma="|,|" pos="," wid="8">,</w>
  <w id="9" lemma="|help|" pos="VB" wid="9">help</w>
  <w id="10" lemma="|we|" pos="PRP" wid="10">us</w>
  <w id="11" lemma="|to|" pos="TO" wid="11">to</w>
  <w id="12" lemma="|grow|" pos="VB" wid="12">grow</w>
  <w id="13" lemma="|in|" pos="IN" wid="13">in</w>
  <w id="14" lemma="|faith|" pos="NN" wid="14">faith</w>
  <w id="15" lemma="|in|" pos="IN" wid="15">in</w>
  <w id="16" lemma="|the|" pos="DT" wid="16">the</w>
  <w id="17" lemma="|trinitarian|" pos="JJ" wid="17">Trinitarian</w>
  <w id="18" lemma="|mystery|" pos="NN" wid="18">mystery</w>
  <w id="19" lemma="|.|" pos="." wid="19">.</w>
</sentence>
<sentence id="22">
  <w id="0" lemma="|to|" pos="TO" wid="0">To</w>
  <w id="1" lemma="|the|" pos="DT" wid="1">the</w>
  <w id="2" lemma="|english-speaking|" pos="JJ" wid="2">English-speaking</w>
  <w id="3" lemma="|faithful|" pos="NN" wid="3">faithful</w>
  <w id="4" lemma="|:|" pos=":" wid="4">:</w>
  <w id="5" lemma="|I|" pos="PRP" wid="5">I</w>
  <w id="6" lemma="|extend|" pos="VBP" wid="6">extend</w>
  <w id="7" lemma="|cordial|" pos="JJ" wid="7">cordial</w>
  <w id="8" lemma="|greeting|" pos="NNS" wid="8">greetings</w>
  <w id="9" lemma="|to|" pos="TO" wid="9">to</w>
  <w id="10" lemma="|all|" pos="PDT" wid="10">all</w>
  <w id="11" lemma="|the|" pos="DT" wid="11">the</w>
  <w id="12" lemma="|english-speaking|" pos="JJ" wid="12">English-speaking</w>
  <w id="13" lemma="|pilgrim|" pos="NNS" wid="13">pilgrims</w>
  <w id="14" lemma="|here|" pos="RB" wid="14">here</w>
  <w id="15" lemma="|today|" pos="NN" wid="15">today</w>
  <w id="16" lemma="|on|" pos="IN" wid="16">on</w>
  <w id="17" lemma="|this|" pos="DT" wid="17">this</w>
  <w id="18" lemma="|feast|" pos="NN" wid="18">feast</w>
  <w id="19" lemma="|of|" pos="IN" wid="19">of</w>
  <w id="20" lemma="|the|" pos="DT" wid="20">the</w>
  <w id="21" lemma="|Most|" pos="NNP" wid="21">Most</w>
  <w id="22" lemma="|Holy|" pos="NNP" wid="22">Holy</w>
  <w id="23" lemma="|Trinity|" pos="NNP" wid="23">Trinity</w>
  <w id="24" lemma="|,|" pos="," wid="24">,</w>
  <w id="25" lemma="|especially|" pos="RB" wid="25">especially</w>
  <w id="26" lemma="|the|" pos="DT" wid="26">the</w>
  <w id="27" lemma="|member|" pos="NNS" wid="27">members</w>
  <w id="28" lemma="|of|" pos="IN" wid="28">of</w>
  <w id="29" lemma="|the|" pos="DT" wid="29">the</w>
  <w id="30" lemma="|Holy|" pos="NNP" wid="30">Holy</w>
  <w id="31" lemma="|Trinity|" pos="NNP" wid="31">Trinity</w>
  <w id="32" lemma="|prayer|" pos="NN" wid="32">Prayer</w>
  <w id="33" lemma="|Group|" pos="NNP" wid="33">Group</w>
  <w id="34" lemma="|from|" pos="IN" wid="34">from</w>
  <w id="35" lemma="|Texas|" pos="NNP" wid="35">Texas</w>
  <w id="36" lemma="|.|" pos="." wid="36">.</w>
</sentence>
<sentence id="23">
  <w id="0" lemma="|may|" pos="MD" wid="0">May</w>
  <w id="1" lemma="|the|" pos="DT" wid="1">the</w>
  <w id="2" lemma="|grace|" pos="NN" wid="2">grace</w>
  <w id="3" lemma="|of|" pos="IN" wid="3">of</w>
  <w id="4" lemma="|we|" pos="PRP$" wid="4">our</w>
  <w id="5" lemma="|Lord|" pos="NNP" wid="5">Lord</w>
  <w id="6" lemma="|Jesus|" pos="NNP" wid="6">Jesus</w>
  <w id="7" lemma="|Christ|" pos="NNP" wid="7">Christ</w>
  <w id="8" lemma="|,|" pos="," wid="8">,</w>
  <w id="9" lemma="|the|" pos="DT" wid="9">the</w>
  <w id="10" lemma="|love|" pos="NN" wid="10">love</w>
  <w id="11" lemma="|of|" pos="IN" wid="11">of</w>
  <w id="12" lemma="|God|" pos="NNP" wid="12">God</w>
  <w id="13" lemma="|and|" pos="CC" wid="13">and</w>
  <w id="14" lemma="|the|" pos="DT" wid="14">the</w>
  <w id="15" lemma="|fellowship|" pos="NN" wid="15">fellowship</w>
  <w id="16" lemma="|of|" pos="IN" wid="16">of</w>
  <w id="17" lemma="|the|" pos="DT" wid="17">the</w>
  <w id="18" lemma="|holy|" pos="JJ" wid="18">Holy</w>
  <w id="19" lemma="|spirit|" pos="NN" wid="19">Spirit</w>
  <w id="20" lemma="|be|" pos="VB" wid="20">be</w>
  <w id="21" lemma="|with|" pos="IN" wid="21">with</w>
  <w id="22" lemma="|you|" pos="PRP" wid="22">you</w>
  <w id="23" lemma="|all|" pos="DT" wid="23">all</w>
  <w id="24" lemma="|,|" pos="," wid="24">,</w>
  <w id="25" lemma="|and|" pos="CC" wid="25">and</w>
  <w id="26" lemma="|with|" pos="IN" wid="26">with</w>
  <w id="27" lemma="|you|" pos="PRP$" wid="27">your</w>
  <w id="28" lemma="|family|" pos="NNS" wid="28">families</w>
  <w id="29" lemma="|and|" pos="CC" wid="29">and</w>
  <w id="30" lemma="|love|" pos="VBD" wid="30">loved</w>
  <w id="31" lemma="|one|" pos="NNS" wid="31">ones</w>
  <w id="32" lemma="|at|" pos="IN" wid="32">at</w>
  <w id="33" lemma="|home|" pos="NN" wid="33">home</w>
  <w id="34" lemma="|.|" pos="." wid="34">.</w>
</sentence>
<sentence id="24">
  <w id="0" lemma="|and|" pos="CC" wid="0">And</w>
  <w id="1" lemma="|may|" pos="MD" wid="1">may</w>
  <w id="2" lemma="|you|" pos="PRP$" wid="2">your</w>
  <w id="3" lemma="|stay|" pos="NN" wid="3">stay</w>
  <w id="4" lemma="|in|" pos="IN" wid="4">in</w>
  <w id="5" lemma="|Rome|" pos="NNP" wid="5">Rome</w>
  <w id="6" lemma="|strengthen|" pos="VB" wid="6">strengthen</w>
  <w id="7" lemma="|you|" pos="PRP$" wid="7">your</w>
  <w id="8" lemma="|faith|" pos="NN" wid="8">faith</w>
  <w id="9" lemma="|,|" pos="," wid="9">,</w>
  <w id="10" lemma="|fill|" pos="VB" wid="10">fill</w>
  <w id="11" lemma="|you|" pos="PRP" wid="11">you</w>
  <w id="12" lemma="|with|" pos="IN" wid="12">with</w>
  <w id="13" lemma="|hope|" pos="NN" wid="13">hope</w>
  <w id="14" lemma="|in|" pos="IN" wid="14">in</w>
  <w id="15" lemma="|God|" pos="NNP" wid="15">God</w>
  <w id="16" lemma="|'s|" pos="POS" wid="16">'s</w>
  <w id="17" lemma="|promise|" pos="NNS" wid="17">promises</w>
  <w id="18" lemma="|and|" pos="CC" wid="18">and</w>
  <w id="19" lemma="|inflame|" pos="VB" wid="19">inflame</w>
  <w id="20" lemma="|you|" pos="PRP$" wid="20">your</w>
  <w id="21" lemma="|heart|" pos="NNS" wid="21">hearts</w>
  <w id="22" lemma="|with|" pos="IN" wid="22">with</w>
  <w id="23" lemma="|he|" pos="PRP$" wid="23">his</w>
  <w id="24" lemma="|love|" pos="NN" wid="24">love</w>
  <w id="25" lemma="|.|" pos="." wid="25">.</w>
</sentence>
<sentence id="25">
  <w id="0" lemma="|God|" pos="NNP" wid="0">God</w>
  <w id="1" lemma="|bless|" pos="VB" wid="1">bless</w>
  <w id="2" lemma="|all|" pos="DT" wid="2">all</w>
  <w id="3" lemma="|of|" pos="IN" wid="3">of</w>
  <w id="4" lemma="|you|" pos="PRP" wid="4">you</w>
  <w id="5" lemma="|!|" pos="." wid="5">!</w>
</sentence>
</corpus>