<corpus id="0">
<sentence id="0">
  <w id="0" lemma="|Dear|" pos="NNP" wid="0">Dear</w>
  <w id="1" lemma="|Brothers|" pos="NNPS" wid="1">Brothers</w>
  <w id="2" lemma="|and|" pos="CC" wid="2">and</w>
  <w id="3" lemma="|sister|" pos="NNS" wid="3">Sisters</w>
  <w id="4" lemma="|,|" pos="," wid="4">,</w>
  <w id="5" lemma="|I|" pos="PRP" wid="5">I</w>
  <w id="6" lemma="|shall|" pos="MD" wid="6">shall</w>
  <w id="7" lemma="|be|" pos="VB" wid="7">be</w>
  <w id="8" lemma="|make|" pos="VBG" wid="8">making</w>
  <w id="9" lemma="|my|" pos="PRP$" wid="9">my</w>
  <w id="10" lemma="|first|" pos="JJ" wid="10">first</w>
  <w id="11" lemma="|apostolic|" pos="JJ" wid="11">Apostolic</w>
  <w id="12" lemma="|journey|" pos="NN" wid="12">Journey</w>
  <w id="13" lemma="|to|" pos="TO" wid="13">to</w>
  <w id="14" lemma="|Africa|" pos="NNP" wid="14">Africa</w>
  <w id="15" lemma="|from|" pos="IN" wid="15">from</w>
  <w id="16" lemma="|Tuesday|" pos="NNP" wid="16">Tuesday</w>
  <w id="17" lemma="|17|" pos="CD" wid="17">17</w>
  <w id="18" lemma="|to|" pos="TO" wid="18">to</w>
  <w id="19" lemma="|Monday|" pos="NNP" wid="19">Monday</w>
  <w id="20" lemma="|23|" pos="CD" wid="20">23</w>
  <w id="21" lemma="|March|" pos="NNP" wid="21">March</w>
  <w id="22" lemma="|.|" pos="." wid="22">.</w>
</sentence>
<sentence id="1">
  <w id="0" lemma="|I|" pos="PRP" wid="0">I</w>
  <w id="1" lemma="|shall|" pos="MD" wid="1">shall</w>
  <w id="2" lemma="|go|" pos="VB" wid="2">go</w>
  <w id="3" lemma="|to|" pos="TO" wid="3">to</w>
  <w id="4" lemma="|Cameroon|" pos="NNP" wid="4">Cameroon</w>
  <w id="5" lemma="|,|" pos="," wid="5">,</w>
  <w id="6" lemma="|to|" pos="TO" wid="6">to</w>
  <w id="7" lemma="|the|" pos="DT" wid="7">the</w>
  <w id="8" lemma="|capital|" pos="NN" wid="8">capital</w>
  <w id="9" lemma="|,|" pos="," wid="9">,</w>
  <w id="10" lemma="|Yaoundé|" pos="NNP" wid="10">Yaoundé</w>
  <w id="11" lemma="|,|" pos="," wid="11">,</w>
  <w id="12" lemma="|to|" pos="TO" wid="12">to</w>
  <w id="13" lemma="|present|" pos="VB" wid="13">present</w>
  <w id="14" lemma="|the|" pos="DT" wid="14">the</w>
  <w id="15" lemma="|``|" pos="``" wid="15">``</w>
  <w id="16" lemma="|instrumentum|" pos="FW" wid="16">Instrumentum</w>
  <w id="17" lemma="|laboris|" pos="FW" wid="17">Laboris</w>
  <w id="18" lemma="|''|" pos="''" wid="18">''</w>
  <w id="19" lemma="|,|" pos="," wid="19">,</w>
  <w id="20" lemma="|-lsb-|" pos="-LRB-" wid="20">-LSB-</w>
  <w id="21" lemma="|work|" pos="VBG" wid="21">working</w>
  <w id="22" lemma="|document|" pos="NN" wid="22">document</w>
  <w id="23" lemma="|-rsb-|" pos="-RRB-" wid="23">-RSB-</w>
  <w id="24" lemma="|of|" pos="IN" wid="24">of</w>
  <w id="25" lemma="|the|" pos="DT" wid="25">the</w>
  <w id="26" lemma="|second|" pos="JJ" wid="26">Second</w>
  <w id="27" lemma="|special|" pos="JJ" wid="27">Special</w>
  <w id="28" lemma="|assembly|" pos="NN" wid="28">Assembly</w>
  <w id="29" lemma="|for|" pos="IN" wid="29">for</w>
  <w id="30" lemma="|Africa|" pos="NNP" wid="30">Africa</w>
  <w id="31" lemma="|of|" pos="IN" wid="31">of</w>
  <w id="32" lemma="|the|" pos="DT" wid="32">the</w>
  <w id="33" lemma="|synod|" pos="NN" wid="33">Synod</w>
  <w id="34" lemma="|of|" pos="IN" wid="34">of</w>
  <w id="35" lemma="|bishop|" pos="NNS" wid="35">Bishops</w>
  <w id="36" lemma="|that|" pos="WDT" wid="36">that</w>
  <w id="37" lemma="|will|" pos="MD" wid="37">will</w>
  <w id="38" lemma="|be|" pos="VB" wid="38">be</w>
  <w id="39" lemma="|celebrate|" pos="VBN" wid="39">celebrated</w>
  <w id="40" lemma="|here|" pos="RB" wid="40">here</w>
  <w id="41" lemma="|in|" pos="IN" wid="41">in</w>
  <w id="42" lemma="|the|" pos="DT" wid="42">the</w>
  <w id="43" lemma="|Vatican|" pos="NNP" wid="43">Vatican</w>
  <w id="44" lemma="|in|" pos="IN" wid="44">in</w>
  <w id="45" lemma="|October|" pos="NNP" wid="45">October</w>
  <w id="46" lemma="|.|" pos="." wid="46">.</w>
</sentence>
<sentence id="2">
  <w id="0" lemma="|I|" pos="PRP" wid="0">I</w>
  <w id="1" lemma="|shall|" pos="MD" wid="1">shall</w>
  <w id="2" lemma="|then|" pos="RB" wid="2">then</w>
  <w id="3" lemma="|go|" pos="VB" wid="3">go</w>
  <w id="4" lemma="|on|" pos="RP" wid="4">on</w>
  <w id="5" lemma="|to|" pos="TO" wid="5">to</w>
  <w id="6" lemma="|Luanda|" pos="NNP" wid="6">Luanda</w>
  <w id="7" lemma="|,|" pos="," wid="7">,</w>
  <w id="8" lemma="|the|" pos="DT" wid="8">the</w>
  <w id="9" lemma="|capital|" pos="NN" wid="9">capital</w>
  <w id="10" lemma="|of|" pos="IN" wid="10">of</w>
  <w id="11" lemma="|Angola|" pos="NNP" wid="11">Angola</w>
  <w id="12" lemma="|,|" pos="," wid="12">,</w>
  <w id="13" lemma="|a|" pos="DT" wid="13">a</w>
  <w id="14" lemma="|country|" pos="NN" wid="14">country</w>
  <w id="15" lemma="|which|" pos="WDT" wid="15">which</w>
  <w id="16" lemma="|have|" pos="VBZ" wid="16">has</w>
  <w id="17" lemma="|rediscover|" pos="VBN" wid="17">rediscovered</w>
  <w id="18" lemma="|peace|" pos="NN" wid="18">peace</w>
  <w id="19" lemma="|after|" pos="IN" wid="19">after</w>
  <w id="20" lemma="|the|" pos="DT" wid="20">the</w>
  <w id="21" lemma="|long|" pos="JJ" wid="21">long</w>
  <w id="22" lemma="|civil|" pos="JJ" wid="22">civil</w>
  <w id="23" lemma="|war|" pos="NN" wid="23">war</w>
  <w id="24" lemma="|and|" pos="CC" wid="24">and</w>
  <w id="25" lemma="|be|" pos="VBZ" wid="25">is</w>
  <w id="26" lemma="|now|" pos="RB" wid="26">now</w>
  <w id="27" lemma="|call|" pos="VBN" wid="27">called</w>
  <w id="28" lemma="|to|" pos="TO" wid="28">to</w>
  <w id="29" lemma="|rebuild|" pos="VB" wid="29">rebuild</w>
  <w id="30" lemma="|itself|" pos="PRP" wid="30">itself</w>
  <w id="31" lemma="|in|" pos="IN" wid="31">in</w>
  <w id="32" lemma="|justice|" pos="NN" wid="32">justice</w>
  <w id="33" lemma="|.|" pos="." wid="33">.</w>
</sentence>
<sentence id="3">
  <w id="0" lemma="|with|" pos="IN" wid="0">With</w>
  <w id="1" lemma="|this|" pos="DT" wid="1">this</w>
  <w id="2" lemma="|visit|" pos="NN" wid="2">Visit</w>
  <w id="3" lemma="|I|" pos="PRP" wid="3">I</w>
  <w id="4" lemma="|intend|" pos="VBP" wid="4">intend</w>
  <w id="5" lemma="|to|" pos="TO" wid="5">to</w>
  <w id="6" lemma="|embrace|" pos="VB" wid="6">embrace</w>
  <w id="7" lemma="|in|" pos="IN" wid="7">in</w>
  <w id="8" lemma="|spirit|" pos="NN" wid="8">spirit</w>
  <w id="9" lemma="|the|" pos="DT" wid="9">the</w>
  <w id="10" lemma="|entire|" pos="JJ" wid="10">entire</w>
  <w id="11" lemma="|african|" pos="JJ" wid="11">African</w>
  <w id="12" lemma="|continent|" pos="NN" wid="12">continent</w>
  <w id="13" lemma="|:|" pos=":" wid="13">:</w>
  <w id="14" lemma="|its|" pos="PRP$" wid="14">its</w>
  <w id="15" lemma="|thousand|" pos="NNS" wid="15">thousands</w>
  <w id="16" lemma="|of|" pos="IN" wid="16">of</w>
  <w id="17" lemma="|difference|" pos="NNS" wid="17">differences</w>
  <w id="18" lemma="|and|" pos="CC" wid="18">and</w>
  <w id="19" lemma="|its|" pos="PRP$" wid="19">its</w>
  <w id="20" lemma="|profoundly|" pos="RB" wid="20">profoundly</w>
  <w id="21" lemma="|religious|" pos="JJ" wid="21">religious</w>
  <w id="22" lemma="|soul|" pos="NN" wid="22">soul</w>
  <w id="23" lemma="|;|" pos=":" wid="23">;</w>
  <w id="24" lemma="|its|" pos="PRP$" wid="24">its</w>
  <w id="25" lemma="|ancient|" pos="JJ" wid="25">ancient</w>
  <w id="26" lemma="|culture|" pos="NNS" wid="26">cultures</w>
  <w id="27" lemma="|and|" pos="CC" wid="27">and</w>
  <w id="28" lemma="|its|" pos="PRP$" wid="28">its</w>
  <w id="29" lemma="|laborious|" pos="JJ" wid="29">laborious</w>
  <w id="30" lemma="|process|" pos="NN" wid="30">process</w>
  <w id="31" lemma="|of|" pos="IN" wid="31">of</w>
  <w id="32" lemma="|development|" pos="NN" wid="32">development</w>
  <w id="33" lemma="|and|" pos="CC" wid="33">and</w>
  <w id="34" lemma="|reconciliation|" pos="NN" wid="34">reconciliation</w>
  <w id="35" lemma="|;|" pos=":" wid="35">;</w>
  <w id="36" lemma="|its|" pos="PRP$" wid="36">its</w>
  <w id="37" lemma="|grave|" pos="JJ" wid="37">grave</w>
  <w id="38" lemma="|problem|" pos="NNS" wid="38">problems</w>
  <w id="39" lemma="|,|" pos="," wid="39">,</w>
  <w id="40" lemma="|its|" pos="PRP$" wid="40">its</w>
  <w id="41" lemma="|painful|" pos="JJ" wid="41">painful</w>
  <w id="42" lemma="|wound|" pos="NNS" wid="42">wounds</w>
  <w id="43" lemma="|and|" pos="CC" wid="43">and</w>
  <w id="44" lemma="|its|" pos="PRP$" wid="44">its</w>
  <w id="45" lemma="|enormous|" pos="JJ" wid="45">enormous</w>
  <w id="46" lemma="|potential|" pos="NN" wid="46">potential</w>
  <w id="47" lemma="|and|" pos="CC" wid="47">and</w>
  <w id="48" lemma="|hope|" pos="NNS" wid="48">hopes</w>
  <w id="49" lemma="|.|" pos="." wid="49">.</w>
</sentence>
<sentence id="4">
  <w id="0" lemma="|I|" pos="PRP" wid="0">I</w>
  <w id="1" lemma="|intend|" pos="VBP" wid="1">intend</w>
  <w id="2" lemma="|to|" pos="TO" wid="2">to</w>
  <w id="3" lemma="|strengthen|" pos="VB" wid="3">strengthen</w>
  <w id="4" lemma="|Catholics|" pos="NNPS" wid="4">Catholics</w>
  <w id="5" lemma="|in|" pos="IN" wid="5">in</w>
  <w id="6" lemma="|the|" pos="DT" wid="6">the</w>
  <w id="7" lemma="|faith|" pos="NN" wid="7">faith</w>
  <w id="8" lemma="|,|" pos="," wid="8">,</w>
  <w id="9" lemma="|to|" pos="TO" wid="9">to</w>
  <w id="10" lemma="|encourage|" pos="VB" wid="10">encourage</w>
  <w id="11" lemma="|christian|" pos="NNS" wid="11">Christians</w>
  <w id="12" lemma="|in|" pos="IN" wid="12">in</w>
  <w id="13" lemma="|they|" pos="PRP$" wid="13">their</w>
  <w id="14" lemma="|ecumenical|" pos="JJ" wid="14">ecumenical</w>
  <w id="15" lemma="|commitment|" pos="NN" wid="15">commitment</w>
  <w id="16" lemma="|and|" pos="CC" wid="16">and</w>
  <w id="17" lemma="|to|" pos="TO" wid="17">to</w>
  <w id="18" lemma="|bring|" pos="VB" wid="18">bring</w>
  <w id="19" lemma="|to|" pos="TO" wid="19">to</w>
  <w id="20" lemma="|all|" pos="PDT" wid="20">all</w>
  <w id="21" lemma="|the|" pos="DT" wid="21">the</w>
  <w id="22" lemma="|announcement|" pos="NN" wid="22">announcement</w>
  <w id="23" lemma="|of|" pos="IN" wid="23">of</w>
  <w id="24" lemma="|peace|" pos="NN" wid="24">peace</w>
  <w id="25" lemma="|,|" pos="," wid="25">,</w>
  <w id="26" lemma="|entrust|" pos="VBN" wid="26">entrusted</w>
  <w id="27" lemma="|to|" pos="TO" wid="27">to</w>
  <w id="28" lemma="|the|" pos="DT" wid="28">the</w>
  <w id="29" lemma="|Church|" pos="NNP" wid="29">Church</w>
  <w id="30" lemma="|of|" pos="IN" wid="30">of</w>
  <w id="31" lemma="|the|" pos="DT" wid="31">the</w>
  <w id="32" lemma="|Risen|" pos="NNP" wid="32">Risen</w>
  <w id="33" lemma="|Lord|" pos="NNP" wid="33">Lord</w>
  <w id="34" lemma="|.|" pos="." wid="34">.</w>
</sentence>
<sentence id="5">
  <w id="0" lemma="|as|" pos="IN" wid="0">As</w>
  <w id="1" lemma="|I|" pos="PRP" wid="1">I</w>
  <w id="2" lemma="|prepare|" pos="VBP" wid="2">prepare</w>
  <w id="3" lemma="|myself|" pos="PRP" wid="3">myself</w>
  <w id="4" lemma="|for|" pos="IN" wid="4">for</w>
  <w id="5" lemma="|this|" pos="DT" wid="5">this</w>
  <w id="6" lemma="|missionary|" pos="JJ" wid="6">missionary</w>
  <w id="7" lemma="|Journey|" pos="NNP" wid="7">Journey</w>
  <w id="8" lemma="|the|" pos="DT" wid="8">the</w>
  <w id="9" lemma="|word|" pos="NNS" wid="9">words</w>
  <w id="10" lemma="|of|" pos="IN" wid="10">of</w>
  <w id="11" lemma="|the|" pos="DT" wid="11">the</w>
  <w id="12" lemma="|Apostle|" pos="NNP" wid="12">Apostle</w>
  <w id="13" lemma="|Paul|" pos="NNP" wid="13">Paul</w>
  <w id="14" lemma="|,|" pos="," wid="14">,</w>
  <w id="15" lemma="|which|" pos="WDT" wid="15">which</w>
  <w id="16" lemma="|today|" pos="NN" wid="16">today</w>
  <w id="17" lemma="|,|" pos="," wid="17">,</w>
  <w id="18" lemma="|on|" pos="IN" wid="18">on</w>
  <w id="19" lemma="|the|" pos="DT" wid="19">the</w>
  <w id="20" lemma="|Third|" pos="NNP" wid="20">Third</w>
  <w id="21" lemma="|Sunday|" pos="NNP" wid="21">Sunday</w>
  <w id="22" lemma="|of|" pos="IN" wid="22">of</w>
  <w id="23" lemma="|Lent|" pos="NNP" wid="23">Lent</w>
  <w id="24" lemma="|,|" pos="," wid="24">,</w>
  <w id="25" lemma="|the|" pos="DT" wid="25">the</w>
  <w id="26" lemma="|liturgy|" pos="NN" wid="26">liturgy</w>
  <w id="27" lemma="|propose|" pos="VBZ" wid="27">proposes</w>
  <w id="28" lemma="|for|" pos="IN" wid="28">for</w>
  <w id="29" lemma="|we|" pos="PRP$" wid="29">our</w>
  <w id="30" lemma="|meditation|" pos="NN" wid="30">meditation</w>
  <w id="31" lemma="|,|" pos="," wid="31">,</w>
  <w id="32" lemma="|resound|" pos="VBP" wid="32">resound</w>
  <w id="33" lemma="|in|" pos="IN" wid="33">in</w>
  <w id="34" lemma="|my|" pos="PRP$" wid="34">my</w>
  <w id="35" lemma="|mind|" pos="NN" wid="35">mind</w>
  <w id="36" lemma="|:|" pos=":" wid="36">:</w>
  <w id="37" lemma="|``|" pos="``" wid="37">``</w>
  <w id="38" lemma="|we|" pos="PRP" wid="38">We</w>
  <w id="39" lemma="|preach|" pos="VBP" wid="39">preach</w>
  <w id="40" lemma="|Christ|" pos="NNP" wid="40">Christ</w>
  <w id="41" lemma="|crucify|" pos="VBD" wid="41">crucified</w>
  <w id="42" lemma="|:|" pos=":" wid="42">:</w>
  <w id="43" lemma="|a|" pos="DT" wid="43">a</w>
  <w id="44" lemma="|stumble|" pos="VBG" wid="44">stumbling</w>
  <w id="45" lemma="|block|" pos="NN" wid="45">block</w>
  <w id="46" lemma="|to|" pos="TO" wid="46">to</w>
  <w id="47" lemma="|Jews|" pos="NNPS" wid="47">Jews</w>
  <w id="48" lemma="|and|" pos="CC" wid="48">and</w>
  <w id="49" lemma="|folly|" pos="NN" wid="49">folly</w>
  <w id="50" lemma="|to|" pos="TO" wid="50">to</w>
  <w id="51" lemma="|Gentiles|" pos="NNPS" wid="51">Gentiles</w>
  <w id="52" lemma="|,|" pos="," wid="52">,</w>
  <w id="53" lemma="|but|" pos="CC" wid="53">but</w>
  <w id="54" lemma="|to|" pos="TO" wid="54">to</w>
  <w id="55" lemma="|those|" pos="DT" wid="55">those</w>
  <w id="56" lemma="|who|" pos="WP" wid="56">who</w>
  <w id="57" lemma="|be|" pos="VBP" wid="57">are</w>
  <w id="58" lemma="|call|" pos="VBN" wid="58">called</w>
  <w id="59" lemma="|,|" pos="," wid="59">,</w>
  <w id="60" lemma="|both|" pos="DT" wid="60">both</w>
  <w id="61" lemma="|Jews|" pos="NNPS" wid="61">Jews</w>
  <w id="62" lemma="|and|" pos="CC" wid="62">and</w>
  <w id="63" lemma="|Greeks|" pos="NNPS" wid="63">Greeks</w>
  <w id="64" lemma="|,|" pos="," wid="64">,</w>
  <w id="65" lemma="|Christ|" pos="NNP" wid="65">Christ</w>
  <w id="66" lemma="|-lsb-|" pos="-LRB-" wid="66">-LSB-</w>
  <w id="67" lemma="|be|" pos="VBZ" wid="67">is</w>
  <w id="68" lemma="|-rsb-|" pos="-RRB-" wid="68">-RSB-</w>
  <w id="69" lemma="|the|" pos="DT" wid="69">the</w>
  <w id="70" lemma="|power|" pos="NN" wid="70">power</w>
  <w id="71" lemma="|of|" pos="IN" wid="71">of</w>
  <w id="72" lemma="|God|" pos="NNP" wid="72">God</w>
  <w id="73" lemma="|and|" pos="CC" wid="73">and</w>
  <w id="74" lemma="|the|" pos="DT" wid="74">the</w>
  <w id="75" lemma="|wisdom|" pos="NN" wid="75">wisdom</w>
  <w id="76" lemma="|of|" pos="IN" wid="76">of</w>
  <w id="77" lemma="|God|" pos="NNP" wid="77">God</w>
  <w id="78" lemma="|''|" pos="''" wid="78">''</w>
  <w id="79" lemma="|,|" pos="," wid="79">,</w>
  <w id="80" lemma="|the|" pos="DT" wid="80">the</w>
  <w id="81" lemma="|Apostle|" pos="NNP" wid="81">Apostle</w>
  <w id="82" lemma="|write|" pos="VBZ" wid="82">writes</w>
  <w id="83" lemma="|to|" pos="TO" wid="83">to</w>
  <w id="84" lemma="|the|" pos="DT" wid="84">the</w>
  <w id="85" lemma="|christian|" pos="NNS" wid="85">Christians</w>
  <w id="86" lemma="|of|" pos="IN" wid="86">of</w>
  <w id="87" lemma="|Corinth|" pos="NNP" wid="87">Corinth</w>
  <w id="88" lemma="|-lrb-|" pos="-LRB-" wid="88">-LRB-</w>
  <w id="89" lemma="|1|" pos="CD" wid="89">1</w>
  <w id="90" lemma="|cor|" pos="NN" wid="90">Cor</w>
  <w id="91" lemma="|1|" pos="CD" wid="91">1</w>
  <w id="92" lemma="|:|" pos=":" wid="92">:</w>
  <w id="93" lemma="|23-24|" pos="CD" wid="93">23-24</w>
  <w id="94" lemma="|-rrb-|" pos="-RRB-" wid="94">-RRB-</w>
  <w id="95" lemma="|.|" pos="." wid="95">.</w>
</sentence>
<sentence id="6">
  <w id="0" lemma="|yes|" pos="UH" wid="0">Yes</w>
  <w id="1" lemma="|,|" pos="," wid="1">,</w>
  <w id="2" lemma="|dear|" pos="RB" wid="2">dear</w>
  <w id="3" lemma="|brother|" pos="NNS" wid="3">brothers</w>
  <w id="4" lemma="|and|" pos="CC" wid="4">and</w>
  <w id="5" lemma="|sister|" pos="NNS" wid="5">sisters</w>
  <w id="6" lemma="|!|" pos="." wid="6">!</w>
</sentence>
<sentence id="7">
  <w id="0" lemma="|I|" pos="PRP" wid="0">I</w>
  <w id="1" lemma="|be|" pos="VBP" wid="1">am</w>
  <w id="2" lemma="|leave|" pos="VBG" wid="2">leaving</w>
  <w id="3" lemma="|for|" pos="IN" wid="3">for</w>
  <w id="4" lemma="|Africa|" pos="NNP" wid="4">Africa</w>
  <w id="5" lemma="|aware|" pos="JJ" wid="5">aware</w>
  <w id="6" lemma="|that|" pos="IN" wid="6">that</w>
  <w id="7" lemma="|I|" pos="PRP" wid="7">I</w>
  <w id="8" lemma="|have|" pos="VBP" wid="8">have</w>
  <w id="9" lemma="|nothing|" pos="NN" wid="9">nothing</w>
  <w id="10" lemma="|to|" pos="TO" wid="10">to</w>
  <w id="11" lemma="|propose|" pos="VB" wid="11">propose</w>
  <w id="12" lemma="|or|" pos="CC" wid="12">or</w>
  <w id="13" lemma="|give|" pos="VB" wid="13">give</w>
  <w id="14" lemma="|to|" pos="TO" wid="14">to</w>
  <w id="15" lemma="|those|" pos="DT" wid="15">those</w>
  <w id="16" lemma="|whom|" pos="WP" wid="16">whom</w>
  <w id="17" lemma="|I|" pos="PRP" wid="17">I</w>
  <w id="18" lemma="|shall|" pos="MD" wid="18">shall</w>
  <w id="19" lemma="|meet|" pos="VB" wid="19">meet</w>
  <w id="20" lemma="|except|" pos="IN" wid="20">except</w>
  <w id="21" lemma="|Christ|" pos="NNP" wid="21">Christ</w>
  <w id="22" lemma="|and|" pos="CC" wid="22">and</w>
  <w id="23" lemma="|the|" pos="DT" wid="23">the</w>
  <w id="24" lemma="|Good|" pos="NNP" wid="24">Good</w>
  <w id="25" lemma="|News|" pos="NNP" wid="25">News</w>
  <w id="26" lemma="|of|" pos="IN" wid="26">of</w>
  <w id="27" lemma="|he|" pos="PRP$" wid="27">his</w>
  <w id="28" lemma="|Cross|" pos="NNP" wid="28">Cross</w>
  <w id="29" lemma="|,|" pos="," wid="29">,</w>
  <w id="30" lemma="|a|" pos="DT" wid="30">a</w>
  <w id="31" lemma="|mystery|" pos="NN" wid="31">mystery</w>
  <w id="32" lemma="|of|" pos="IN" wid="32">of</w>
  <w id="33" lemma="|supreme|" pos="NN" wid="33">supreme</w>
  <w id="34" lemma="|love|" pos="NN" wid="34">love</w>
  <w id="35" lemma="|,|" pos="," wid="35">,</w>
  <w id="36" lemma="|of|" pos="IN" wid="36">of</w>
  <w id="37" lemma="|divine|" pos="JJ" wid="37">divine</w>
  <w id="38" lemma="|love|" pos="NN" wid="38">love</w>
  <w id="39" lemma="|that|" pos="WDT" wid="39">that</w>
  <w id="40" lemma="|overcome|" pos="VBZ" wid="40">overcomes</w>
  <w id="41" lemma="|all|" pos="DT" wid="41">all</w>
  <w id="42" lemma="|human|" pos="JJ" wid="42">human</w>
  <w id="43" lemma="|resistence|" pos="NN" wid="43">resistence</w>
  <w id="44" lemma="|and|" pos="CC" wid="44">and</w>
  <w id="45" lemma="|even|" pos="RB" wid="45">even</w>
  <w id="46" lemma="|make|" pos="VBZ" wid="46">makes</w>
  <w id="47" lemma="|forgiveness|" pos="NN" wid="47">forgiveness</w>
  <w id="48" lemma="|and|" pos="CC" wid="48">and</w>
  <w id="49" lemma="|love|" pos="NN" wid="49">love</w>
  <w id="50" lemma="|for|" pos="IN" wid="50">for</w>
  <w id="51" lemma="|one|" pos="NN" wid="51">one</w>
  <w id="52" lemma="|'s|" pos="POS" wid="52">'s</w>
  <w id="53" lemma="|enemy|" pos="NNS" wid="53">enemies</w>
  <w id="54" lemma="|possible|" pos="JJ" wid="54">possible</w>
  <w id="55" lemma="|.|" pos="." wid="55">.</w>
</sentence>
<sentence id="8">
  <w id="0" lemma="|this|" pos="DT" wid="0">This</w>
  <w id="1" lemma="|be|" pos="VBZ" wid="1">is</w>
  <w id="2" lemma="|the|" pos="DT" wid="2">the</w>
  <w id="3" lemma="|grace|" pos="NN" wid="3">grace</w>
  <w id="4" lemma="|of|" pos="IN" wid="4">of</w>
  <w id="5" lemma="|the|" pos="DT" wid="5">the</w>
  <w id="6" lemma="|gospel|" pos="NN" wid="6">Gospel</w>
  <w id="7" lemma="|that|" pos="WDT" wid="7">that</w>
  <w id="8" lemma="|be|" pos="VBZ" wid="8">is</w>
  <w id="9" lemma="|capable|" pos="JJ" wid="9">capable</w>
  <w id="10" lemma="|of|" pos="IN" wid="10">of</w>
  <w id="11" lemma="|transform|" pos="VBG" wid="11">transforming</w>
  <w id="12" lemma="|the|" pos="DT" wid="12">the</w>
  <w id="13" lemma="|world|" pos="NN" wid="13">world</w>
  <w id="14" lemma="|;|" pos=":" wid="14">;</w>
  <w id="15" lemma="|this|" pos="DT" wid="15">this</w>
  <w id="16" lemma="|be|" pos="VBZ" wid="16">is</w>
  <w id="17" lemma="|the|" pos="DT" wid="17">the</w>
  <w id="18" lemma="|grace|" pos="NN" wid="18">grace</w>
  <w id="19" lemma="|that|" pos="WDT" wid="19">that</w>
  <w id="20" lemma="|can|" pos="MD" wid="20">can</w>
  <w id="21" lemma="|also|" pos="RB" wid="21">also</w>
  <w id="22" lemma="|renew|" pos="VB" wid="22">renew</w>
  <w id="23" lemma="|Africa|" pos="NNP" wid="23">Africa</w>
  <w id="24" lemma="|,|" pos="," wid="24">,</w>
  <w id="25" lemma="|because|" pos="IN" wid="25">because</w>
  <w id="26" lemma="|it|" pos="PRP" wid="26">it</w>
  <w id="27" lemma="|generate|" pos="VBZ" wid="27">generates</w>
  <w id="28" lemma="|a|" pos="DT" wid="28">an</w>
  <w id="29" lemma="|irresistible|" pos="JJ" wid="29">irresistible</w>
  <w id="30" lemma="|force|" pos="NN" wid="30">force</w>
  <w id="31" lemma="|of|" pos="IN" wid="31">of</w>
  <w id="32" lemma="|peace|" pos="NN" wid="32">peace</w>
  <w id="33" lemma="|and|" pos="CC" wid="33">and</w>
  <w id="34" lemma="|a|" pos="DT" wid="34">a</w>
  <w id="35" lemma="|profound|" pos="JJ" wid="35">profound</w>
  <w id="36" lemma="|and|" pos="CC" wid="36">and</w>
  <w id="37" lemma="|radical|" pos="JJ" wid="37">radical</w>
  <w id="38" lemma="|reconciliation|" pos="NN" wid="38">reconciliation</w>
  <w id="39" lemma="|.|" pos="." wid="39">.</w>
</sentence>
<sentence id="9">
  <w id="0" lemma="|the|" pos="DT" wid="0">The</w>
  <w id="1" lemma="|Church|" pos="NNP" wid="1">Church</w>
  <w id="2" lemma="|,|" pos="," wid="2">,</w>
  <w id="3" lemma="|therefore|" pos="RB" wid="3">therefore</w>
  <w id="4" lemma="|,|" pos="," wid="4">,</w>
  <w id="5" lemma="|do|" pos="VBZ" wid="5">does</w>
  <w id="6" lemma="|not|" pos="RB" wid="6">not</w>
  <w id="7" lemma="|pursue|" pos="VB" wid="7">pursue</w>
  <w id="8" lemma="|economic|" pos="JJ" wid="8">economic</w>
  <w id="9" lemma="|,|" pos="," wid="9">,</w>
  <w id="10" lemma="|social|" pos="JJ" wid="10">social</w>
  <w id="11" lemma="|or|" pos="CC" wid="11">or</w>
  <w id="12" lemma="|political|" pos="JJ" wid="12">political</w>
  <w id="13" lemma="|objective|" pos="NNS" wid="13">objectives</w>
  <w id="14" lemma="|;|" pos=":" wid="14">;</w>
  <w id="15" lemma="|the|" pos="DT" wid="15">the</w>
  <w id="16" lemma="|Church|" pos="NNP" wid="16">Church</w>
  <w id="17" lemma="|proclaim|" pos="VBZ" wid="17">proclaims</w>
  <w id="18" lemma="|Christ|" pos="NNP" wid="18">Christ</w>
  <w id="19" lemma="|,|" pos="," wid="19">,</w>
  <w id="20" lemma="|certain|" pos="JJ" wid="20">certain</w>
  <w id="21" lemma="|that|" pos="IN" wid="21">that</w>
  <w id="22" lemma="|the|" pos="DT" wid="22">the</w>
  <w id="23" lemma="|Gospel|" pos="NNP" wid="23">Gospel</w>
  <w id="24" lemma="|can|" pos="MD" wid="24">can</w>
  <w id="25" lemma="|move|" pos="VB" wid="25">move</w>
  <w id="26" lemma="|the|" pos="DT" wid="26">the</w>
  <w id="27" lemma="|heart|" pos="NNS" wid="27">hearts</w>
  <w id="28" lemma="|of|" pos="IN" wid="28">of</w>
  <w id="29" lemma="|all|" pos="DT" wid="29">all</w>
  <w id="30" lemma="|and|" pos="CC" wid="30">and</w>
  <w id="31" lemma="|transform|" pos="VB" wid="31">transform</w>
  <w id="32" lemma="|they|" pos="PRP" wid="32">them</w>
  <w id="33" lemma="|,|" pos="," wid="33">,</w>
  <w id="34" lemma="|thereby|" pos="RB" wid="34">thereby</w>
  <w id="35" lemma="|renew|" pos="VBG" wid="35">renewing</w>
  <w id="36" lemma="|people|" pos="NNS" wid="36">people</w>
  <w id="37" lemma="|and|" pos="CC" wid="37">and</w>
  <w id="38" lemma="|society|" pos="NNS" wid="38">societies</w>
  <w id="39" lemma="|from|" pos="IN" wid="39">from</w>
  <w id="40" lemma="|within|" pos="IN" wid="40">within</w>
  <w id="41" lemma="|.|" pos="." wid="41">.</w>
</sentence>
<sentence id="10">
  <w id="0" lemma="|on|" pos="IN" wid="0">On</w>
  <w id="1" lemma="|19|" pos="CD" wid="1">19</w>
  <w id="2" lemma="|March|" pos="NNP" wid="2">March</w>
  <w id="3" lemma="|,|" pos="," wid="3">,</w>
  <w id="4" lemma="|precisely|" pos="RB" wid="4">precisely</w>
  <w id="5" lemma="|during|" pos="IN" wid="5">during</w>
  <w id="6" lemma="|my|" pos="PRP$" wid="6">my</w>
  <w id="7" lemma="|Pastoral|" pos="NNP" wid="7">Pastoral</w>
  <w id="8" lemma="|Visit|" pos="NNP" wid="8">Visit</w>
  <w id="9" lemma="|to|" pos="TO" wid="9">to</w>
  <w id="10" lemma="|Africa|" pos="NNP" wid="10">Africa</w>
  <w id="11" lemma="|,|" pos="," wid="11">,</w>
  <w id="12" lemma="|we|" pos="PRP" wid="12">we</w>
  <w id="13" lemma="|shall|" pos="MD" wid="13">shall</w>
  <w id="14" lemma="|celebrate|" pos="VB" wid="14">celebrate</w>
  <w id="15" lemma="|the|" pos="DT" wid="15">the</w>
  <w id="16" lemma="|solemnity|" pos="NN" wid="16">Solemnity</w>
  <w id="17" lemma="|of|" pos="IN" wid="17">of</w>
  <w id="18" lemma="|St|" pos="NNP" wid="18">St</w>
  <w id="19" lemma="|Joseph|" pos="NNP" wid="19">Joseph</w>
  <w id="20" lemma="|,|" pos="," wid="20">,</w>
  <w id="21" lemma="|Patron|" pos="NNP" wid="21">Patron</w>
  <w id="22" lemma="|of|" pos="IN" wid="22">of</w>
  <w id="23" lemma="|the|" pos="DT" wid="23">the</w>
  <w id="24" lemma="|universal|" pos="JJ" wid="24">universal</w>
  <w id="25" lemma="|Church|" pos="NNP" wid="25">Church</w>
  <w id="26" lemma="|and|" pos="CC" wid="26">and</w>
  <w id="27" lemma="|my|" pos="PRP$" wid="27">my</w>
  <w id="28" lemma="|personal|" pos="JJ" wid="28">personal</w>
  <w id="29" lemma="|patron|" pos="NN" wid="29">Patron</w>
  <w id="30" lemma="|too|" pos="RB" wid="30">too</w>
  <w id="31" lemma="|.|" pos="." wid="31">.</w>
</sentence>
<sentence id="11">
  <w id="0" lemma="|St|" pos="NNP" wid="0">St</w>
  <w id="1" lemma="|Joseph|" pos="NNP" wid="1">Joseph</w>
  <w id="2" lemma="|,|" pos="," wid="2">,</w>
  <w id="3" lemma="|warn|" pos="VBN" wid="3">warned</w>
  <w id="4" lemma="|by|" pos="IN" wid="4">by</w>
  <w id="5" lemma="|a|" pos="DT" wid="5">an</w>
  <w id="6" lemma="|angel|" pos="NN" wid="6">angel</w>
  <w id="7" lemma="|in|" pos="IN" wid="7">in</w>
  <w id="8" lemma="|a|" pos="DT" wid="8">a</w>
  <w id="9" lemma="|dream|" pos="NN" wid="9">dream</w>
  <w id="10" lemma="|,|" pos="," wid="10">,</w>
  <w id="11" lemma="|have|" pos="VBD" wid="11">had</w>
  <w id="12" lemma="|to|" pos="TO" wid="12">to</w>
  <w id="13" lemma="|flee|" pos="VB" wid="13">flee</w>
  <w id="14" lemma="|with|" pos="IN" wid="14">with</w>
  <w id="15" lemma="|Mary|" pos="NNP" wid="15">Mary</w>
  <w id="16" lemma="|to|" pos="TO" wid="16">to</w>
  <w id="17" lemma="|Egypt|" pos="NNP" wid="17">Egypt</w>
  <w id="18" lemma="|in|" pos="IN" wid="18">in</w>
  <w id="19" lemma="|Africa|" pos="NNP" wid="19">Africa</w>
  <w id="20" lemma="|,|" pos="," wid="20">,</w>
  <w id="21" lemma="|to|" pos="TO" wid="21">to</w>
  <w id="22" lemma="|take|" pos="VB" wid="22">take</w>
  <w id="23" lemma="|Jesus|" pos="NNP" wid="23">Jesus</w>
  <w id="24" lemma="|,|" pos="," wid="24">,</w>
  <w id="25" lemma="|whom|" pos="WP" wid="25">whom</w>
  <w id="26" lemma="|King|" pos="NNP" wid="26">King</w>
  <w id="27" lemma="|Herod|" pos="NNP" wid="27">Herod</w>
  <w id="28" lemma="|want|" pos="VBD" wid="28">wanted</w>
  <w id="29" lemma="|to|" pos="TO" wid="29">to</w>
  <w id="30" lemma="|kill|" pos="VB" wid="30">kill</w>
  <w id="31" lemma="|,|" pos="," wid="31">,</w>
  <w id="32" lemma="|to|" pos="TO" wid="32">to</w>
  <w id="33" lemma="|safety|" pos="NN" wid="33">safety</w>
  <w id="34" lemma="|.|" pos="." wid="34">.</w>
</sentence>
<sentence id="12">
  <w id="0" lemma="|thus|" pos="RB" wid="0">Thus</w>
  <w id="1" lemma="|the|" pos="DT" wid="1">the</w>
  <w id="2" lemma="|Scriptures|" pos="NNPS" wid="2">Scriptures</w>
  <w id="3" lemma="|be|" pos="VBD" wid="3">were</w>
  <w id="4" lemma="|fulfil|" pos="VBN" wid="4">fulfilled</w>
  <w id="5" lemma="|;|" pos=":" wid="5">;</w>
  <w id="6" lemma="|Jesus|" pos="NNP" wid="6">Jesus</w>
  <w id="7" lemma="|trod|" pos="NN" wid="7">trod</w>
  <w id="8" lemma="|in|" pos="IN" wid="8">in</w>
  <w id="9" lemma="|the|" pos="DT" wid="9">the</w>
  <w id="10" lemma="|footstep|" pos="NNS" wid="10">footsteps</w>
  <w id="11" lemma="|of|" pos="IN" wid="11">of</w>
  <w id="12" lemma="|the|" pos="DT" wid="12">the</w>
  <w id="13" lemma="|ancient|" pos="JJ" wid="13">ancient</w>
  <w id="14" lemma="|patriarch|" pos="NNS" wid="14">patriarchs</w>
  <w id="15" lemma="|,|" pos="," wid="15">,</w>
  <w id="16" lemma="|and|" pos="CC" wid="16">and</w>
  <w id="17" lemma="|,|" pos="," wid="17">,</w>
  <w id="18" lemma="|like|" pos="IN" wid="18">like</w>
  <w id="19" lemma="|the|" pos="DT" wid="19">the</w>
  <w id="20" lemma="|People|" pos="NNP" wid="20">People</w>
  <w id="21" lemma="|of|" pos="IN" wid="21">of</w>
  <w id="22" lemma="|Israel|" pos="NNP" wid="22">Israel</w>
  <w id="23" lemma="|,|" pos="," wid="23">,</w>
  <w id="24" lemma="|return|" pos="VBD" wid="24">returned</w>
  <w id="25" lemma="|to|" pos="TO" wid="25">to</w>
  <w id="26" lemma="|the|" pos="DT" wid="26">the</w>
  <w id="27" lemma="|Promised|" pos="NNP" wid="27">Promised</w>
  <w id="28" lemma="|Land|" pos="NNP" wid="28">Land</w>
  <w id="29" lemma="|after|" pos="IN" wid="29">after</w>
  <w id="30" lemma="|have|" pos="VBG" wid="30">having</w>
  <w id="31" lemma="|be|" pos="VBN" wid="31">been</w>
  <w id="32" lemma="|in|" pos="IN" wid="32">in</w>
  <w id="33" lemma="|exile|" pos="NN" wid="33">exile</w>
  <w id="34" lemma="|in|" pos="IN" wid="34">in</w>
  <w id="35" lemma="|Egypt|" pos="NNP" wid="35">Egypt</w>
  <w id="36" lemma="|.|" pos="." wid="36">.</w>
</sentence>
<sentence id="13">
  <w id="0" lemma="|I|" pos="PRP" wid="0">I</w>
  <w id="1" lemma="|entrust|" pos="VBP" wid="1">entrust</w>
  <w id="2" lemma="|to|" pos="TO" wid="2">to</w>
  <w id="3" lemma="|the|" pos="DT" wid="3">the</w>
  <w id="4" lemma="|heavenly|" pos="JJ" wid="4">heavenly</w>
  <w id="5" lemma="|intercession|" pos="NN" wid="5">intercession</w>
  <w id="6" lemma="|of|" pos="IN" wid="6">of</w>
  <w id="7" lemma="|this|" pos="DT" wid="7">this</w>
  <w id="8" lemma="|great|" pos="JJ" wid="8">great</w>
  <w id="9" lemma="|Saint|" pos="NNP" wid="9">Saint</w>
  <w id="10" lemma="|my|" pos="PRP$" wid="10">my</w>
  <w id="11" lemma="|upcoming|" pos="JJ" wid="11">upcoming</w>
  <w id="12" lemma="|pilgrimage|" pos="NN" wid="12">Pilgrimage</w>
  <w id="13" lemma="|and|" pos="CC" wid="13">and</w>
  <w id="14" lemma="|the|" pos="DT" wid="14">the</w>
  <w id="15" lemma="|population|" pos="NNS" wid="15">populations</w>
  <w id="16" lemma="|of|" pos="IN" wid="16">of</w>
  <w id="17" lemma="|the|" pos="DT" wid="17">the</w>
  <w id="18" lemma="|whole|" pos="NN" wid="18">whole</w>
  <w id="19" lemma="|of|" pos="IN" wid="19">of</w>
  <w id="20" lemma="|Africa|" pos="NNP" wid="20">Africa</w>
  <w id="21" lemma="|,|" pos="," wid="21">,</w>
  <w id="22" lemma="|together|" pos="RB" wid="22">together</w>
  <w id="23" lemma="|with|" pos="IN" wid="23">with</w>
  <w id="24" lemma="|the|" pos="DT" wid="24">the</w>
  <w id="25" lemma="|challenge|" pos="NNS" wid="25">challenges</w>
  <w id="26" lemma="|that|" pos="WDT" wid="26">that</w>
  <w id="27" lemma="|mark|" pos="VBP" wid="27">mark</w>
  <w id="28" lemma="|they|" pos="PRP" wid="28">them</w>
  <w id="29" lemma="|and|" pos="CC" wid="29">and</w>
  <w id="30" lemma="|the|" pos="DT" wid="30">the</w>
  <w id="31" lemma="|hope|" pos="NNS" wid="31">hopes</w>
  <w id="32" lemma="|that|" pos="WDT" wid="32">that</w>
  <w id="33" lemma="|enliven|" pos="VBP" wid="33">enliven</w>
  <w id="34" lemma="|they|" pos="PRP" wid="34">them</w>
  <w id="35" lemma="|.|" pos="." wid="35">.</w>
</sentence>
<sentence id="14">
  <w id="0" lemma="|I|" pos="PRP" wid="0">I</w>
  <w id="1" lemma="|be|" pos="VBP" wid="1">am</w>
  <w id="2" lemma="|think|" pos="VBG" wid="2">thinking</w>
  <w id="3" lemma="|in|" pos="IN" wid="3">in</w>
  <w id="4" lemma="|particular|" pos="JJ" wid="4">particular</w>
  <w id="5" lemma="|of|" pos="IN" wid="5">of</w>
  <w id="6" lemma="|the|" pos="DT" wid="6">the</w>
  <w id="7" lemma="|victim|" pos="NNS" wid="7">victims</w>
  <w id="8" lemma="|of|" pos="IN" wid="8">of</w>
  <w id="9" lemma="|hunger|" pos="NN" wid="9">hunger</w>
  <w id="10" lemma="|,|" pos="," wid="10">,</w>
  <w id="11" lemma="|disease|" pos="NN" wid="11">disease</w>
  <w id="12" lemma="|,|" pos="," wid="12">,</w>
  <w id="13" lemma="|injustice|" pos="NN" wid="13">injustice</w>
  <w id="14" lemma="|,|" pos="," wid="14">,</w>
  <w id="15" lemma="|fratricidal|" pos="JJ" wid="15">fratricidal</w>
  <w id="16" lemma="|conflict|" pos="NNS" wid="16">conflicts</w>
  <w id="17" lemma="|and|" pos="CC" wid="17">and</w>
  <w id="18" lemma="|of|" pos="IN" wid="18">of</w>
  <w id="19" lemma="|every|" pos="DT" wid="19">every</w>
  <w id="20" lemma="|form|" pos="NN" wid="20">form</w>
  <w id="21" lemma="|of|" pos="IN" wid="21">of</w>
  <w id="22" lemma="|violence|" pos="NN" wid="22">violence</w>
  <w id="23" lemma="|which|" pos="WDT" wid="23">which</w>
  <w id="24" lemma="|unfortunately|" pos="RB" wid="24">unfortunately</w>
  <w id="25" lemma="|continue|" pos="VBZ" wid="25">continues</w>
  <w id="26" lemma="|to|" pos="TO" wid="26">to</w>
  <w id="27" lemma="|afflict|" pos="VB" wid="27">afflict</w>
  <w id="28" lemma="|adult|" pos="NNS" wid="28">adults</w>
  <w id="29" lemma="|and|" pos="CC" wid="29">and</w>
  <w id="30" lemma="|child|" pos="NNS" wid="30">children</w>
  <w id="31" lemma="|,|" pos="," wid="31">,</w>
  <w id="32" lemma="|without|" pos="IN" wid="32">without</w>
  <w id="33" lemma="|spare|" pos="VBG" wid="33">sparing</w>
  <w id="34" lemma="|missionary|" pos="NNS" wid="34">missionaries</w>
  <w id="35" lemma="|,|" pos="," wid="35">,</w>
  <w id="36" lemma="|priest|" pos="NNS" wid="36">priests</w>
  <w id="37" lemma="|,|" pos="," wid="37">,</w>
  <w id="38" lemma="|man|" pos="NNS" wid="38">men</w>
  <w id="39" lemma="|and|" pos="CC" wid="39">and</w>
  <w id="40" lemma="|woman|" pos="NNS" wid="40">women</w>
  <w id="41" lemma="|religious|" pos="JJ" wid="41">religious</w>
  <w id="42" lemma="|and|" pos="CC" wid="42">and</w>
  <w id="43" lemma="|voluntary|" pos="JJ" wid="43">voluntary</w>
  <w id="44" lemma="|worker|" pos="NNS" wid="44">workers</w>
  <w id="45" lemma="|.|" pos="." wid="45">.</w>
</sentence>
<sentence id="15">
  <w id="0" lemma="|brothers|" pos="NN" wid="0">Brothers</w>
  <w id="1" lemma="|and|" pos="CC" wid="1">and</w>
  <w id="2" lemma="|sister|" pos="NNS" wid="2">sisters</w>
  <w id="3" lemma="|,|" pos="," wid="3">,</w>
  <w id="4" lemma="|accompany|" pos="VB" wid="4">accompany</w>
  <w id="5" lemma="|I|" pos="PRP" wid="5">me</w>
  <w id="6" lemma="|on|" pos="IN" wid="6">on</w>
  <w id="7" lemma="|this|" pos="DT" wid="7">this</w>
  <w id="8" lemma="|journey|" pos="NN" wid="8">Journey</w>
  <w id="9" lemma="|with|" pos="IN" wid="9">with</w>
  <w id="10" lemma="|you|" pos="PRP$" wid="10">your</w>
  <w id="11" lemma="|prayer|" pos="NNS" wid="11">prayers</w>
  <w id="12" lemma="|,|" pos="," wid="12">,</w>
  <w id="13" lemma="|invoke|" pos="VBG" wid="13">invoking</w>
  <w id="14" lemma="|Mary|" pos="NNP" wid="14">Mary</w>
  <w id="15" lemma="|,|" pos="," wid="15">,</w>
  <w id="16" lemma="|Mother|" pos="NNP" wid="16">Mother</w>
  <w id="17" lemma="|and|" pos="CC" wid="17">and</w>
  <w id="18" lemma="|Queen|" pos="NNP" wid="18">Queen</w>
  <w id="19" lemma="|of|" pos="IN" wid="19">of</w>
  <w id="20" lemma="|Africa|" pos="NNP" wid="20">Africa</w>
  <w id="21" lemma="|.|" pos="." wid="21">.</w>
</sentence>
<sentence id="16">
  <w id="0" lemma="|after|" pos="IN" wid="0">After</w>
  <w id="1" lemma="|the|" pos="DT" wid="1">the</w>
  <w id="2" lemma="|Angelus|" pos="NNP" wid="2">Angelus</w>
  <w id="3" lemma="|:|" pos=":" wid="3">:</w>
  <w id="4" lemma="|I|" pos="PRP" wid="4">I</w>
  <w id="5" lemma="|welcome|" pos="VBP" wid="5">welcome</w>
  <w id="6" lemma="|all|" pos="PDT" wid="6">all</w>
  <w id="7" lemma="|the|" pos="DT" wid="7">the</w>
  <w id="8" lemma="|english-speaking|" pos="JJ" wid="8">English-speaking</w>
  <w id="9" lemma="|pilgrim|" pos="NNS" wid="9">pilgrims</w>
  <w id="10" lemma="|and|" pos="CC" wid="10">and</w>
  <w id="11" lemma="|visitor|" pos="NNS" wid="11">visitors</w>
  <w id="12" lemma="|present|" pos="JJ" wid="12">present</w>
  <w id="13" lemma="|at|" pos="IN" wid="13">at</w>
  <w id="14" lemma="|today|" pos="NN" wid="14">today</w>
  <w id="15" lemma="|'s|" pos="POS" wid="15">'s</w>
  <w id="16" lemma="|angelus|" pos="NN" wid="16">Angelus</w>
  <w id="17" lemma="|.|" pos="." wid="17">.</w>
</sentence>
<sentence id="17">
  <w id="0" lemma="|as|" pos="IN" wid="0">As</w>
  <w id="1" lemma="|we|" pos="PRP" wid="1">we</w>
  <w id="2" lemma="|continue|" pos="VBP" wid="2">continue</w>
  <w id="3" lemma="|we|" pos="PRP$" wid="3">our</w>
  <w id="4" lemma="|Lenten|" pos="NNP" wid="4">Lenten</w>
  <w id="5" lemma="|journey|" pos="NN" wid="5">journey</w>
  <w id="6" lemma="|may|" pos="MD" wid="6">may</w>
  <w id="7" lemma="|we|" pos="PRP$" wid="7">our</w>
  <w id="8" lemma="|resolve|" pos="NN" wid="8">resolve</w>
  <w id="9" lemma="|to|" pos="TO" wid="9">to</w>
  <w id="10" lemma="|follow|" pos="VB" wid="10">follow</w>
  <w id="11" lemma="|Jesus|" pos="NNP" wid="11">Jesus</w>
  <w id="12" lemma="|be|" pos="VB" wid="12">be</w>
  <w id="13" lemma="|strengthen|" pos="VBN" wid="13">strengthened</w>
  <w id="14" lemma="|through|" pos="IN" wid="14">through</w>
  <w id="15" lemma="|prayer|" pos="NN" wid="15">prayer</w>
  <w id="16" lemma="|,|" pos="," wid="16">,</w>
  <w id="17" lemma="|forgiveness|" pos="NN" wid="17">forgiveness</w>
  <w id="18" lemma="|,|" pos="," wid="18">,</w>
  <w id="19" lemma="|fasting|" pos="NN" wid="19">fasting</w>
  <w id="20" lemma="|and|" pos="CC" wid="20">and</w>
  <w id="21" lemma="|assistance|" pos="NN" wid="21">assistance</w>
  <w id="22" lemma="|to|" pos="TO" wid="22">to</w>
  <w id="23" lemma="|those|" pos="DT" wid="23">those</w>
  <w id="24" lemma="|in|" pos="IN" wid="24">in</w>
  <w id="25" lemma="|need|" pos="NN" wid="25">need</w>
  <w id="26" lemma="|.|" pos="." wid="26">.</w>
</sentence>
<sentence id="18">
  <w id="0" lemma="|this|" pos="DT" wid="0">This</w>
  <w id="1" lemma="|Tuesday|" pos="NNP" wid="1">Tuesday</w>
  <w id="2" lemma="|I|" pos="PRP" wid="2">I</w>
  <w id="3" lemma="|leave|" pos="VBP" wid="3">leave</w>
  <w id="4" lemma="|Rome|" pos="NNP" wid="4">Rome</w>
  <w id="5" lemma="|for|" pos="IN" wid="5">for</w>
  <w id="6" lemma="|my|" pos="PRP$" wid="6">my</w>
  <w id="7" lemma="|visit|" pos="NN" wid="7">visit</w>
  <w id="8" lemma="|to|" pos="TO" wid="8">to</w>
  <w id="9" lemma="|Cameroon|" pos="NNP" wid="9">Cameroon</w>
  <w id="10" lemma="|and|" pos="CC" wid="10">and</w>
  <w id="11" lemma="|Angola|" pos="NNP" wid="11">Angola</w>
  <w id="12" lemma="|.|" pos="." wid="12">.</w>
</sentence>
<sentence id="19">
  <w id="0" lemma="|my|" pos="PRP$" wid="0">My</w>
  <w id="1" lemma="|presence|" pos="NN" wid="1">presence</w>
  <w id="2" lemma="|on|" pos="IN" wid="2">on</w>
  <w id="3" lemma="|the|" pos="DT" wid="3">the</w>
  <w id="4" lemma="|great|" pos="JJ" wid="4">great</w>
  <w id="5" lemma="|continent|" pos="NN" wid="5">Continent</w>
  <w id="6" lemma="|of|" pos="IN" wid="6">of</w>
  <w id="7" lemma="|Africa|" pos="NNP" wid="7">Africa</w>
  <w id="8" lemma="|form|" pos="NNS" wid="8">forms</w>
  <w id="9" lemma="|part|" pos="NN" wid="9">part</w>
  <w id="10" lemma="|of|" pos="IN" wid="10">of</w>
  <w id="11" lemma="|the|" pos="DT" wid="11">the</w>
  <w id="12" lemma="|preparation|" pos="NN" wid="12">preparation</w>
  <w id="13" lemma="|for|" pos="IN" wid="13">for</w>
  <w id="14" lemma="|the|" pos="DT" wid="14">the</w>
  <w id="15" lemma="|special|" pos="JJ" wid="15">Special</w>
  <w id="16" lemma="|assembly|" pos="NN" wid="16">Assembly</w>
  <w id="17" lemma="|of|" pos="IN" wid="17">of</w>
  <w id="18" lemma="|the|" pos="DT" wid="18">the</w>
  <w id="19" lemma="|synod|" pos="NN" wid="19">Synod</w>
  <w id="20" lemma="|of|" pos="IN" wid="20">of</w>
  <w id="21" lemma="|bishop|" pos="NNS" wid="21">Bishops</w>
  <w id="22" lemma="|dedicate|" pos="VBN" wid="22">dedicated</w>
  <w id="23" lemma="|to|" pos="TO" wid="23">to</w>
  <w id="24" lemma="|the|" pos="DT" wid="24">the</w>
  <w id="25" lemma="|theme|" pos="NN" wid="25">theme</w>
  <w id="26" lemma="|:|" pos=":" wid="26">:</w>
  <w id="27" lemma="|``|" pos="``" wid="27">``</w>
  <w id="28" lemma="|the|" pos="DT" wid="28">The</w>
  <w id="29" lemma="|Church|" pos="NNP" wid="29">Church</w>
  <w id="30" lemma="|in|" pos="IN" wid="30">in</w>
  <w id="31" lemma="|Africa|" pos="NNP" wid="31">Africa</w>
  <w id="32" lemma="|in|" pos="IN" wid="32">in</w>
  <w id="33" lemma="|Service|" pos="NNP" wid="33">Service</w>
  <w id="34" lemma="|to|" pos="TO" wid="34">to</w>
  <w id="35" lemma="|Reconciliation|" pos="NNP" wid="35">Reconciliation</w>
  <w id="36" lemma="|,|" pos="," wid="36">,</w>
  <w id="37" lemma="|Justice|" pos="NNP" wid="37">Justice</w>
  <w id="38" lemma="|and|" pos="CC" wid="38">and</w>
  <w id="39" lemma="|Peace|" pos="NNP" wid="39">Peace</w>
  <w id="40" lemma="|''|" pos="''" wid="40">''</w>
  <w id="41" lemma="|.|" pos="." wid="41">.</w>
</sentence>
<sentence id="20">
  <w id="0" lemma="|I|" pos="PRP" wid="0">I</w>
  <w id="1" lemma="|ask|" pos="VBP" wid="1">ask</w>
  <w id="2" lemma="|each|" pos="DT" wid="2">each</w>
  <w id="3" lemma="|of|" pos="IN" wid="3">of</w>
  <w id="4" lemma="|you|" pos="PRP" wid="4">you</w>
  <w id="5" lemma="|to|" pos="TO" wid="5">to</w>
  <w id="6" lemma="|join|" pos="VB" wid="6">join</w>
  <w id="7" lemma="|I|" pos="PRP" wid="7">me</w>
  <w id="8" lemma="|in|" pos="IN" wid="8">in</w>
  <w id="9" lemma="|pray|" pos="VBG" wid="9">praying</w>
  <w id="10" lemma="|that|" pos="IN" wid="10">that</w>
  <w id="11" lemma="|my|" pos="PRP$" wid="11">my</w>
  <w id="12" lemma="|visit|" pos="NN" wid="12">visit</w>
  <w id="13" lemma="|will|" pos="MD" wid="13">will</w>
  <w id="14" lemma="|be|" pos="VB" wid="14">be</w>
  <w id="15" lemma="|a|" pos="DT" wid="15">a</w>
  <w id="16" lemma="|time|" pos="NN" wid="16">time</w>
  <w id="17" lemma="|of|" pos="IN" wid="17">of</w>
  <w id="18" lemma="|spiritual|" pos="JJ" wid="18">spiritual</w>
  <w id="19" lemma="|renewal|" pos="NN" wid="19">renewal</w>
  <w id="20" lemma="|for|" pos="IN" wid="20">for</w>
  <w id="21" lemma="|all|" pos="DT" wid="21">all</w>
  <w id="22" lemma="|Africans|" pos="NNPS" wid="22">Africans</w>
  <w id="23" lemma="|and|" pos="CC" wid="23">and</w>
  <w id="24" lemma="|a|" pos="DT" wid="24">an</w>
  <w id="25" lemma="|occasion|" pos="NN" wid="25">occasion</w>
  <w id="26" lemma="|in|" pos="IN" wid="26">in</w>
  <w id="27" lemma="|which|" pos="WDT" wid="27">which</w>
  <w id="28" lemma="|civic|" pos="JJ" wid="28">civic</w>
  <w id="29" lemma="|and|" pos="CC" wid="29">and</w>
  <w id="30" lemma="|religious|" pos="JJ" wid="30">religious</w>
  <w id="31" lemma="|leader|" pos="NNS" wid="31">leaders</w>
  <w id="32" lemma="|will|" pos="MD" wid="32">will</w>
  <w id="33" lemma="|strengthen|" pos="VB" wid="33">strengthen</w>
  <w id="34" lemma="|they|" pos="PRP$" wid="34">their</w>
  <w id="35" lemma="|resolve|" pos="NN" wid="35">resolve</w>
  <w id="36" lemma="|to|" pos="TO" wid="36">to</w>
  <w id="37" lemma="|walk|" pos="VB" wid="37">walk</w>
  <w id="38" lemma="|the|" pos="DT" wid="38">the</w>
  <w id="39" lemma="|path|" pos="NN" wid="39">path</w>
  <w id="40" lemma="|of|" pos="IN" wid="40">of</w>
  <w id="41" lemma="|justice|" pos="NN" wid="41">justice</w>
  <w id="42" lemma="|,|" pos="," wid="42">,</w>
  <w id="43" lemma="|integrity|" pos="NN" wid="43">integrity</w>
  <w id="44" lemma="|and|" pos="CC" wid="44">and</w>
  <w id="45" lemma="|compassion|" pos="NN" wid="45">compassion</w>
  <w id="46" lemma="|.|" pos="." wid="46">.</w>
</sentence>
<sentence id="21">
  <w id="0" lemma="|may|" pos="MD" wid="0">May</w>
  <w id="1" lemma="|the|" pos="DT" wid="1">the</w>
  <w id="2" lemma="|life|" pos="NNS" wid="2">lives</w>
  <w id="3" lemma="|of|" pos="IN" wid="3">of</w>
  <w id="4" lemma="|african|" pos="JJ" wid="4">African</w>
  <w id="5" lemma="|man|" pos="NNS" wid="5">men</w>
  <w id="6" lemma="|,|" pos="," wid="6">,</w>
  <w id="7" lemma="|woman|" pos="NNS" wid="7">women</w>
  <w id="8" lemma="|and|" pos="CC" wid="8">and</w>
  <w id="9" lemma="|child|" pos="NNS" wid="9">children</w>
  <w id="10" lemma="|be|" pos="VB" wid="10">be</w>
  <w id="11" lemma="|transform|" pos="VBN" wid="11">transformed</w>
  <w id="12" lemma="|in|" pos="IN" wid="12">in</w>
  <w id="13" lemma="|hope|" pos="NN" wid="13">hope</w>
  <w id="14" lemma="|!|" pos="." wid="14">!</w>
</sentence>
<sentence id="22">
  <w id="0" lemma="|upon|" pos="IN" wid="0">Upon</w>
  <w id="1" lemma="|all|" pos="DT" wid="1">all</w>
  <w id="2" lemma="|of|" pos="IN" wid="2">of</w>
  <w id="3" lemma="|you|" pos="PRP" wid="3">you</w>
  <w id="4" lemma="|gather|" pos="VBD" wid="4">gathered</w>
  <w id="5" lemma="|here|" pos="RB" wid="5">here</w>
  <w id="6" lemma="|and|" pos="CC" wid="6">and</w>
  <w id="7" lemma="|you|" pos="PRP$" wid="7">your</w>
  <w id="8" lemma="|love|" pos="VBN" wid="8">loved</w>
  <w id="9" lemma="|one|" pos="NNS" wid="9">ones</w>
  <w id="10" lemma="|,|" pos="," wid="10">,</w>
  <w id="11" lemma="|I|" pos="PRP" wid="11">I</w>
  <w id="12" lemma="|gladly|" pos="RB" wid="12">gladly</w>
  <w id="13" lemma="|invoke|" pos="VBP" wid="13">invoke</w>
  <w id="14" lemma="|the|" pos="DT" wid="14">the</w>
  <w id="15" lemma="|strength|" pos="NN" wid="15">strength</w>
  <w id="16" lemma="|and|" pos="CC" wid="16">and</w>
  <w id="17" lemma="|peace|" pos="NN" wid="17">peace</w>
  <w id="18" lemma="|of|" pos="IN" wid="18">of</w>
  <w id="19" lemma="|Christ|" pos="NNP" wid="19">Christ</w>
  <w id="20" lemma="|the|" pos="DT" wid="20">the</w>
  <w id="21" lemma="|Lord|" pos="NNP" wid="21">Lord</w>
  <w id="22" lemma="|.|" pos="." wid="22">.</w>
</sentence>
<sentence id="23">
  <w id="0" lemma="|I|" pos="PRP" wid="0">I</w>
  <w id="1" lemma="|wish|" pos="VBP" wid="1">wish</w>
  <w id="2" lemma="|you|" pos="PRP" wid="2">you</w>
  <w id="3" lemma="|all|" pos="PDT" wid="3">all</w>
  <w id="4" lemma="|a|" pos="DT" wid="4">a</w>
  <w id="5" lemma="|good|" pos="JJ" wid="5">good</w>
  <w id="6" lemma="|Sunday|" pos="NNP" wid="6">Sunday</w>
  <w id="7" lemma="|.|" pos="." wid="7">.</w>
</sentence>
</corpus>