<corpus id="0">
<sentence id="0">
  <w id="0" lemma="|Dear|" pos="NNP" wid="0">Dear</w>
  <w id="1" lemma="|Brothers|" pos="NNPS" wid="1">Brothers</w>
  <w id="2" lemma="|and|" pos="CC" wid="2">and</w>
  <w id="3" lemma="|sister|" pos="NNS" wid="3">Sisters</w>
  <w id="4" lemma="|,|" pos="," wid="4">,</w>
  <w id="5" lemma="|thanks|" pos="NNS" wid="5">Thanks</w>
  <w id="6" lemma="|to|" pos="TO" wid="6">to</w>
  <w id="7" lemma="|you|" pos="PRP" wid="7">you</w>
  <w id="8" lemma="|all|" pos="DT" wid="8">all</w>
  <w id="9" lemma="|for|" pos="IN" wid="9">for</w>
  <w id="10" lemma="|such|" pos="JJ" wid="10">such</w>
  <w id="11" lemma="|a|" pos="DT" wid="11">a</w>
  <w id="12" lemma="|warm|" pos="JJ" wid="12">warm</w>
  <w id="13" lemma="|and|" pos="CC" wid="13">and</w>
  <w id="14" lemma="|cordial|" pos="JJ" wid="14">cordial</w>
  <w id="15" lemma="|welcome|" pos="RB" wid="15">welcome</w>
  <w id="16" lemma="|.|" pos="." wid="16">.</w>
</sentence>
<sentence id="1">
  <w id="0" lemma="|thank|" pos="VB" wid="0">Thank</w>
  <w id="1" lemma="|you|" pos="PRP" wid="1">you</w>
  <w id="2" lemma="|,|" pos="," wid="2">,</w>
  <w id="3" lemma="|you|" pos="PRP$" wid="3">Your</w>
  <w id="4" lemma="|Excellency|" pos="NNP" wid="4">Excellency</w>
  <w id="5" lemma="|-lsb-|" pos="-LRB-" wid="5">-LSB-</w>
  <w id="6" lemma="|Bishop|" pos="NNP" wid="6">Bishop</w>
  <w id="7" lemma="|Giuseppe|" pos="NNP" wid="7">Giuseppe</w>
  <w id="8" lemma="|Anfossi|" pos="NNP" wid="8">Anfossi</w>
  <w id="9" lemma="|of|" pos="IN" wid="9">of</w>
  <w id="10" lemma="|Aosta|" pos="NNP" wid="10">Aosta</w>
  <w id="11" lemma="|-rsb-|" pos="-RRB-" wid="11">-RSB-</w>
  <w id="12" lemma="|,|" pos="," wid="12">,</w>
  <w id="13" lemma="|for|" pos="IN" wid="13">for</w>
  <w id="14" lemma="|you|" pos="PRP$" wid="14">your</w>
  <w id="15" lemma="|kind|" pos="NN" wid="15">kind</w>
  <w id="16" lemma="|word|" pos="NNS" wid="16">words</w>
  <w id="17" lemma="|,|" pos="," wid="17">,</w>
  <w id="18" lemma="|in|" pos="IN" wid="18">in</w>
  <w id="19" lemma="|which|" pos="WDT" wid="19">which</w>
  <w id="20" lemma="|you|" pos="PRP" wid="20">you</w>
  <w id="21" lemma="|mention|" pos="VBD" wid="21">mentioned</w>
  <w id="22" lemma="|that|" pos="IN" wid="22">that</w>
  <w id="23" lemma="|last|" pos="JJ" wid="23">last</w>
  <w id="24" lemma="|Thursday|" pos="NNP" wid="24">Thursday</w>
  <w id="25" lemma="|,|" pos="," wid="25">,</w>
  <w id="26" lemma="|in|" pos="IN" wid="26">in</w>
  <w id="27" lemma="|the|" pos="DT" wid="27">the</w>
  <w id="28" lemma="|face|" pos="NN" wid="28">face</w>
  <w id="29" lemma="|of|" pos="IN" wid="29">of</w>
  <w id="30" lemma="|the|" pos="DT" wid="30">the</w>
  <w id="31" lemma="|worsening|" pos="NN" wid="31">worsening</w>
  <w id="32" lemma="|situation|" pos="NN" wid="32">situation</w>
  <w id="33" lemma="|in|" pos="IN" wid="33">in</w>
  <w id="34" lemma="|the|" pos="DT" wid="34">the</w>
  <w id="35" lemma="|Middle|" pos="NNP" wid="35">Middle</w>
  <w id="36" lemma="|East|" pos="NNP" wid="36">East</w>
  <w id="37" lemma="|,|" pos="," wid="37">,</w>
  <w id="38" lemma="|I|" pos="PRP" wid="38">I</w>
  <w id="39" lemma="|have|" pos="VBD" wid="39">had</w>
  <w id="40" lemma="|convoke|" pos="VBN" wid="40">convoked</w>
  <w id="41" lemma="|for|" pos="IN" wid="41">for</w>
  <w id="42" lemma="|this|" pos="DT" wid="42">this</w>
  <w id="43" lemma="|Sunday|" pos="NNP" wid="43">Sunday</w>
  <w id="44" lemma="|a|" pos="DT" wid="44">a</w>
  <w id="45" lemma="|special|" pos="JJ" wid="45">special</w>
  <w id="46" lemma="|day|" pos="NN" wid="46">day</w>
  <w id="47" lemma="|of|" pos="IN" wid="47">of</w>
  <w id="48" lemma="|prayer|" pos="NN" wid="48">prayer</w>
  <w id="49" lemma="|and|" pos="CC" wid="49">and</w>
  <w id="50" lemma="|penance|" pos="NN" wid="50">penance</w>
  <w id="51" lemma="|,|" pos="," wid="51">,</w>
  <w id="52" lemma="|invite|" pos="VBG" wid="52">inviting</w>
  <w id="53" lemma="|pastor|" pos="NNS" wid="53">Pastors</w>
  <w id="54" lemma="|,|" pos="," wid="54">,</w>
  <w id="55" lemma="|faithful|" pos="NN" wid="55">faithful</w>
  <w id="56" lemma="|and|" pos="CC" wid="56">and</w>
  <w id="57" lemma="|all|" pos="DT" wid="57">all</w>
  <w id="58" lemma="|believer|" pos="NNS" wid="58">believers</w>
  <w id="59" lemma="|to|" pos="TO" wid="59">to</w>
  <w id="60" lemma="|implore|" pos="VB" wid="60">implore</w>
  <w id="61" lemma="|the|" pos="DT" wid="61">the</w>
  <w id="62" lemma="|gift|" pos="NN" wid="62">gift</w>
  <w id="63" lemma="|of|" pos="IN" wid="63">of</w>
  <w id="64" lemma="|peace|" pos="NN" wid="64">peace</w>
  <w id="65" lemma="|from|" pos="IN" wid="65">from</w>
  <w id="66" lemma="|God|" pos="NNP" wid="66">God</w>
  <w id="67" lemma="|.|" pos="." wid="67">.</w>
</sentence>
<sentence id="2">
  <w id="0" lemma="|I|" pos="PRP" wid="0">I</w>
  <w id="1" lemma="|strongly|" pos="RB" wid="1">strongly</w>
  <w id="2" lemma="|renew|" pos="VB" wid="2">renew</w>
  <w id="3" lemma="|my|" pos="PRP$" wid="3">my</w>
  <w id="4" lemma="|appeal|" pos="NN" wid="4">appeal</w>
  <w id="5" lemma="|to|" pos="TO" wid="5">to</w>
  <w id="6" lemma="|the|" pos="DT" wid="6">the</w>
  <w id="7" lemma="|party|" pos="NNS" wid="7">Parties</w>
  <w id="8" lemma="|in|" pos="IN" wid="8">in</w>
  <w id="9" lemma="|conflict|" pos="NN" wid="9">conflict</w>
  <w id="10" lemma="|to|" pos="TO" wid="10">to</w>
  <w id="11" lemma="|immediately|" pos="RB" wid="11">immediately</w>
  <w id="12" lemma="|adopt|" pos="VB" wid="12">adopt</w>
  <w id="13" lemma="|a|" pos="DT" wid="13">a</w>
  <w id="14" lemma="|ceasefire|" pos="NN" wid="14">ceasefire</w>
  <w id="15" lemma="|,|" pos="," wid="15">,</w>
  <w id="16" lemma="|to|" pos="TO" wid="16">to</w>
  <w id="17" lemma="|permit|" pos="VB" wid="17">permit</w>
  <w id="18" lemma="|the|" pos="DT" wid="18">the</w>
  <w id="19" lemma="|send|" pos="VBG" wid="19">sending</w>
  <w id="20" lemma="|of|" pos="IN" wid="20">of</w>
  <w id="21" lemma="|humanitarian|" pos="JJ" wid="21">humanitarian</w>
  <w id="22" lemma="|aid|" pos="NN" wid="22">aid</w>
  <w id="23" lemma="|and|" pos="CC" wid="23">and</w>
  <w id="24" lemma="|to|" pos="TO" wid="24">to</w>
  <w id="25" lemma="|seek|" pos="VB" wid="25">seek</w>
  <w id="26" lemma="|new|" pos="JJ" wid="26">new</w>
  <w id="27" lemma="|way|" pos="NNS" wid="27">ways</w>
  <w id="28" lemma="|with|" pos="IN" wid="28">with</w>
  <w id="29" lemma="|the|" pos="DT" wid="29">the</w>
  <w id="30" lemma="|support|" pos="NN" wid="30">support</w>
  <w id="31" lemma="|of|" pos="IN" wid="31">of</w>
  <w id="32" lemma="|the|" pos="DT" wid="32">the</w>
  <w id="33" lemma="|international|" pos="JJ" wid="33">international</w>
  <w id="34" lemma="|community|" pos="NN" wid="34">community</w>
  <w id="35" lemma="|to|" pos="TO" wid="35">to</w>
  <w id="36" lemma="|begin|" pos="VB" wid="36">begin</w>
  <w id="37" lemma="|negotiation|" pos="NNS" wid="37">negotiations</w>
  <w id="38" lemma="|.|" pos="." wid="38">.</w>
</sentence>
<sentence id="3">
  <w id="0" lemma="|I|" pos="PRP" wid="0">I</w>
  <w id="1" lemma="|take|" pos="VBP" wid="1">take</w>
  <w id="2" lemma="|this|" pos="DT" wid="2">this</w>
  <w id="3" lemma="|opportunity|" pos="NN" wid="3">opportunity</w>
  <w id="4" lemma="|to|" pos="TO" wid="4">to</w>
  <w id="5" lemma="|reaffirm|" pos="VB" wid="5">reaffirm</w>
  <w id="6" lemma="|the|" pos="DT" wid="6">the</w>
  <w id="7" lemma="|right|" pos="NN" wid="7">right</w>
  <w id="8" lemma="|of|" pos="IN" wid="8">of</w>
  <w id="9" lemma="|the|" pos="DT" wid="9">the</w>
  <w id="10" lemma="|Lebanese|" pos="NNP" wid="10">Lebanese</w>
  <w id="11" lemma="|to|" pos="TO" wid="11">to</w>
  <w id="12" lemma="|the|" pos="DT" wid="12">the</w>
  <w id="13" lemma="|integrity|" pos="NN" wid="13">integrity</w>
  <w id="14" lemma="|and|" pos="CC" wid="14">and</w>
  <w id="15" lemma="|sovereignty|" pos="NN" wid="15">sovereignty</w>
  <w id="16" lemma="|of|" pos="IN" wid="16">of</w>
  <w id="17" lemma="|they|" pos="PRP$" wid="17">their</w>
  <w id="18" lemma="|Country|" pos="NNP" wid="18">Country</w>
  <w id="19" lemma="|,|" pos="," wid="19">,</w>
  <w id="20" lemma="|the|" pos="DT" wid="20">the</w>
  <w id="21" lemma="|right|" pos="NN" wid="21">right</w>
  <w id="22" lemma="|of|" pos="IN" wid="22">of</w>
  <w id="23" lemma="|the|" pos="DT" wid="23">the</w>
  <w id="24" lemma="|Israelis|" pos="NNPS" wid="24">Israelis</w>
  <w id="25" lemma="|to|" pos="TO" wid="25">to</w>
  <w id="26" lemma="|live|" pos="VB" wid="26">live</w>
  <w id="27" lemma="|in|" pos="IN" wid="27">in</w>
  <w id="28" lemma="|peace|" pos="NN" wid="28">peace</w>
  <w id="29" lemma="|in|" pos="IN" wid="29">in</w>
  <w id="30" lemma="|they|" pos="PRP$" wid="30">their</w>
  <w id="31" lemma="|state|" pos="NN" wid="31">State</w>
  <w id="32" lemma="|and|" pos="CC" wid="32">and</w>
  <w id="33" lemma="|the|" pos="DT" wid="33">the</w>
  <w id="34" lemma="|right|" pos="NN" wid="34">right</w>
  <w id="35" lemma="|of|" pos="IN" wid="35">of</w>
  <w id="36" lemma="|Palestinians|" pos="NNPS" wid="36">Palestinians</w>
  <w id="37" lemma="|to|" pos="TO" wid="37">to</w>
  <w id="38" lemma="|possess|" pos="VB" wid="38">possess</w>
  <w id="39" lemma="|a|" pos="DT" wid="39">a</w>
  <w id="40" lemma="|free|" pos="JJ" wid="40">free</w>
  <w id="41" lemma="|and|" pos="CC" wid="41">and</w>
  <w id="42" lemma="|sovereign|" pos="JJ" wid="42">sovereign</w>
  <w id="43" lemma="|homeland|" pos="NN" wid="43">Homeland</w>
  <w id="44" lemma="|.|" pos="." wid="44">.</w>
</sentence>
<sentence id="4">
  <w id="0" lemma="|furthermore|" pos="RB" wid="0">Furthermore</w>
  <w id="1" lemma="|,|" pos="," wid="1">,</w>
  <w id="2" lemma="|I|" pos="PRP" wid="2">I</w>
  <w id="3" lemma="|be|" pos="VBP" wid="3">am</w>
  <w id="4" lemma="|particularly|" pos="RB" wid="4">particularly</w>
  <w id="5" lemma="|close|" pos="JJ" wid="5">close</w>
  <w id="6" lemma="|to|" pos="TO" wid="6">to</w>
  <w id="7" lemma="|the|" pos="DT" wid="7">the</w>
  <w id="8" lemma="|defenceless|" pos="JJ" wid="8">defenceless</w>
  <w id="9" lemma="|civilian|" pos="JJ" wid="9">civilian</w>
  <w id="10" lemma="|population|" pos="NNS" wid="10">populations</w>
  <w id="11" lemma="|,|" pos="," wid="11">,</w>
  <w id="12" lemma="|unjustly|" pos="RB" wid="12">unjustly</w>
  <w id="13" lemma="|stricken|" pos="VBN" wid="13">stricken</w>
  <w id="14" lemma="|in|" pos="IN" wid="14">in</w>
  <w id="15" lemma="|a|" pos="DT" wid="15">a</w>
  <w id="16" lemma="|conflict|" pos="NN" wid="16">conflict</w>
  <w id="17" lemma="|of|" pos="IN" wid="17">of</w>
  <w id="18" lemma="|which|" pos="WDT" wid="18">which</w>
  <w id="19" lemma="|they|" pos="PRP" wid="19">they</w>
  <w id="20" lemma="|be|" pos="VBP" wid="20">are</w>
  <w id="21" lemma="|no|" pos="RB" wid="21">no</w>
  <w id="22" lemma="|more|" pos="JJR" wid="22">more</w>
  <w id="23" lemma="|than|" pos="IN" wid="23">than</w>
  <w id="24" lemma="|victim|" pos="NNS" wid="24">victims</w>
  <w id="25" lemma="|:|" pos=":" wid="25">:</w>
  <w id="26" lemma="|both|" pos="DT" wid="26">both</w>
  <w id="27" lemma="|those|" pos="DT" wid="27">those</w>
  <w id="28" lemma="|in|" pos="IN" wid="28">in</w>
  <w id="29" lemma="|Galilee|" pos="NNP" wid="29">Galilee</w>
  <w id="30" lemma="|who|" pos="WP" wid="30">who</w>
  <w id="31" lemma="|have|" pos="VBP" wid="31">have</w>
  <w id="32" lemma="|be|" pos="VBN" wid="32">been</w>
  <w id="33" lemma="|force|" pos="VBN" wid="33">forced</w>
  <w id="34" lemma="|to|" pos="TO" wid="34">to</w>
  <w id="35" lemma="|live|" pos="VB" wid="35">live</w>
  <w id="36" lemma="|in|" pos="IN" wid="36">in</w>
  <w id="37" lemma="|shelter|" pos="NNS" wid="37">shelters</w>
  <w id="38" lemma="|and|" pos="CC" wid="38">and</w>
  <w id="39" lemma="|the|" pos="DT" wid="39">the</w>
  <w id="40" lemma="|great|" pos="JJ" wid="40">great</w>
  <w id="41" lemma="|multitude|" pos="NN" wid="41">multitude</w>
  <w id="42" lemma="|of|" pos="IN" wid="42">of</w>
  <w id="43" lemma="|Lebanese|" pos="NNP" wid="43">Lebanese</w>
  <w id="44" lemma="|who|" pos="WP" wid="44">who</w>
  <w id="45" lemma="|be|" pos="VBP" wid="45">are</w>
  <w id="46" lemma="|once|" pos="RB" wid="46">once</w>
  <w id="47" lemma="|again|" pos="RB" wid="47">again</w>
  <w id="48" lemma="|see|" pos="VBG" wid="48">seeing</w>
  <w id="49" lemma="|they|" pos="PRP$" wid="49">their</w>
  <w id="50" lemma="|Country|" pos="NNP" wid="50">Country</w>
  <w id="51" lemma="|destroy|" pos="VBD" wid="51">destroyed</w>
  <w id="52" lemma="|and|" pos="CC" wid="52">and</w>
  <w id="53" lemma="|have|" pos="VBP" wid="53">have</w>
  <w id="54" lemma="|have|" pos="VBN" wid="54">had</w>
  <w id="55" lemma="|to|" pos="TO" wid="55">to</w>
  <w id="56" lemma="|leave|" pos="VB" wid="56">leave</w>
  <w id="57" lemma="|everything|" pos="NN" wid="57">everything</w>
  <w id="58" lemma="|to|" pos="TO" wid="58">to</w>
  <w id="59" lemma="|seek|" pos="VB" wid="59">seek</w>
  <w id="60" lemma="|safety|" pos="NN" wid="60">safety</w>
  <w id="61" lemma="|elsewhere|" pos="RB" wid="61">elsewhere</w>
  <w id="62" lemma="|.|" pos="." wid="62">.</w>
</sentence>
<sentence id="5">
  <w id="0" lemma="|I|" pos="PRP" wid="0">I</w>
  <w id="1" lemma="|raise|" pos="VBP" wid="1">raise</w>
  <w id="2" lemma="|a|" pos="DT" wid="2">a</w>
  <w id="3" lemma="|heartfelt|" pos="JJ" wid="3">heartfelt</w>
  <w id="4" lemma="|prayer|" pos="NN" wid="4">prayer</w>
  <w id="5" lemma="|to|" pos="TO" wid="5">to</w>
  <w id="6" lemma="|God|" pos="NNP" wid="6">God</w>
  <w id="7" lemma="|so|" pos="IN" wid="7">so</w>
  <w id="8" lemma="|that|" pos="IN" wid="8">that</w>
  <w id="9" lemma="|the|" pos="DT" wid="9">the</w>
  <w id="10" lemma="|aspiration|" pos="NN" wid="10">aspiration</w>
  <w id="11" lemma="|to|" pos="TO" wid="11">to</w>
  <w id="12" lemma="|peace|" pos="NN" wid="12">peace</w>
  <w id="13" lemma="|of|" pos="IN" wid="13">of</w>
  <w id="14" lemma="|the|" pos="DT" wid="14">the</w>
  <w id="15" lemma="|vast|" pos="JJ" wid="15">vast</w>
  <w id="16" lemma="|majority|" pos="NN" wid="16">majority</w>
  <w id="17" lemma="|of|" pos="IN" wid="17">of</w>
  <w id="18" lemma="|the|" pos="DT" wid="18">the</w>
  <w id="19" lemma="|population|" pos="NN" wid="19">population</w>
  <w id="20" lemma="|will|" pos="MD" wid="20">will</w>
  <w id="21" lemma="|be|" pos="VB" wid="21">be</w>
  <w id="22" lemma="|realize|" pos="VBN" wid="22">realized</w>
  <w id="23" lemma="|as|" pos="RB" wid="23">as</w>
  <w id="24" lemma="|soon|" pos="RB" wid="24">soon</w>
  <w id="25" lemma="|as|" pos="IN" wid="25">as</w>
  <w id="26" lemma="|possible|" pos="JJ" wid="26">possible</w>
  <w id="27" lemma="|through|" pos="IN" wid="27">through</w>
  <w id="28" lemma="|the|" pos="DT" wid="28">the</w>
  <w id="29" lemma="|unanimous|" pos="JJ" wid="29">unanimous</w>
  <w id="30" lemma="|commitment|" pos="NN" wid="30">commitment</w>
  <w id="31" lemma="|of|" pos="IN" wid="31">of</w>
  <w id="32" lemma="|those|" pos="DT" wid="32">those</w>
  <w id="33" lemma="|in|" pos="IN" wid="33">in</w>
  <w id="34" lemma="|charge|" pos="NN" wid="34">charge</w>
  <w id="35" lemma="|.|" pos="." wid="35">.</w>
</sentence>
<sentence id="6">
  <w id="0" lemma="|I|" pos="PRP" wid="0">I</w>
  <w id="1" lemma="|also|" pos="RB" wid="1">also</w>
  <w id="2" lemma="|renew|" pos="VBP" wid="2">renew</w>
  <w id="3" lemma="|my|" pos="PRP$" wid="3">my</w>
  <w id="4" lemma="|appeal|" pos="NN" wid="4">appeal</w>
  <w id="5" lemma="|to|" pos="TO" wid="5">to</w>
  <w id="6" lemma="|all|" pos="DT" wid="6">all</w>
  <w id="7" lemma="|charitable|" pos="JJ" wid="7">charitable</w>
  <w id="8" lemma="|organization|" pos="NNS" wid="8">organizations</w>
  <w id="9" lemma="|to|" pos="TO" wid="9">to</w>
  <w id="10" lemma="|convey|" pos="VB" wid="10">convey</w>
  <w id="11" lemma="|to|" pos="TO" wid="11">to</w>
  <w id="12" lemma="|those|" pos="DT" wid="12">those</w>
  <w id="13" lemma="|people|" pos="NNS" wid="13">peoples</w>
  <w id="14" lemma="|the|" pos="DT" wid="14">the</w>
  <w id="15" lemma="|material|" pos="NN" wid="15">material</w>
  <w id="16" lemma="|expression|" pos="NN" wid="16">expression</w>
  <w id="17" lemma="|of|" pos="IN" wid="17">of</w>
  <w id="18" lemma="|common|" pos="JJ" wid="18">common</w>
  <w id="19" lemma="|solidarity|" pos="NN" wid="19">solidarity</w>
  <w id="20" lemma="|.|" pos="." wid="20">.</w>
</sentence>
<sentence id="7">
  <w id="0" lemma="|yesterday|" pos="NN" wid="0">Yesterday</w>
  <w id="1" lemma="|,|" pos="," wid="1">,</w>
  <w id="2" lemma="|we|" pos="PRP" wid="2">we</w>
  <w id="3" lemma="|celebrate|" pos="VBD" wid="3">celebrated</w>
  <w id="4" lemma="|the|" pos="DT" wid="4">the</w>
  <w id="5" lemma="|liturgical|" pos="JJ" wid="5">liturgical</w>
  <w id="6" lemma="|memorial|" pos="NN" wid="6">Memorial</w>
  <w id="7" lemma="|of|" pos="IN" wid="7">of</w>
  <w id="8" lemma="|St|" pos="NNP" wid="8">St</w>
  <w id="9" lemma="|Mary|" pos="NNP" wid="9">Mary</w>
  <w id="10" lemma="|Magdalene|" pos="NNP" wid="10">Magdalene</w>
  <w id="11" lemma="|,|" pos="," wid="11">,</w>
  <w id="12" lemma="|a|" pos="DT" wid="12">a</w>
  <w id="13" lemma="|disciple|" pos="NN" wid="13">disciple</w>
  <w id="14" lemma="|of|" pos="IN" wid="14">of</w>
  <w id="15" lemma="|the|" pos="DT" wid="15">the</w>
  <w id="16" lemma="|Lord|" pos="NNP" wid="16">Lord</w>
  <w id="17" lemma="|who|" pos="WP" wid="17">who</w>
  <w id="18" lemma="|play|" pos="VBZ" wid="18">plays</w>
  <w id="19" lemma="|a|" pos="DT" wid="19">a</w>
  <w id="20" lemma="|lead|" pos="JJ" wid="20">lead</w>
  <w id="21" lemma="|role|" pos="NN" wid="21">role</w>
  <w id="22" lemma="|in|" pos="IN" wid="22">in</w>
  <w id="23" lemma="|the|" pos="DT" wid="23">the</w>
  <w id="24" lemma="|Gospels|" pos="NNPS" wid="24">Gospels</w>
  <w id="25" lemma="|.|" pos="." wid="25">.</w>
</sentence>
<sentence id="8">
  <w id="0" lemma="|St|" pos="NNP" wid="0">St</w>
  <w id="1" lemma="|Luke|" pos="NNP" wid="1">Luke</w>
  <w id="2" lemma="|list|" pos="VBZ" wid="2">lists</w>
  <w id="3" lemma="|she|" pos="PRP" wid="3">her</w>
  <w id="4" lemma="|among|" pos="IN" wid="4">among</w>
  <w id="5" lemma="|the|" pos="DT" wid="5">the</w>
  <w id="6" lemma="|woman|" pos="NNS" wid="6">women</w>
  <w id="7" lemma="|who|" pos="WP" wid="7">who</w>
  <w id="8" lemma="|follow|" pos="VBD" wid="8">followed</w>
  <w id="9" lemma="|Jesus|" pos="NNP" wid="9">Jesus</w>
  <w id="10" lemma="|after|" pos="IN" wid="10">after</w>
  <w id="11" lemma="|be|" pos="VBG" wid="11">being</w>
  <w id="12" lemma="|``|" pos="``" wid="12">``</w>
  <w id="13" lemma="|heal|" pos="VBN" wid="13">healed</w>
  <w id="14" lemma="|of|" pos="IN" wid="14">of</w>
  <w id="15" lemma="|evil|" pos="JJ" wid="15">evil</w>
  <w id="16" lemma="|spirit|" pos="NNS" wid="16">spirits</w>
  <w id="17" lemma="|and|" pos="CC" wid="17">and</w>
  <w id="18" lemma="|infirmity|" pos="NNS" wid="18">infirmities</w>
  <w id="19" lemma="|''|" pos="''" wid="19">''</w>
  <w id="20" lemma="|,|" pos="," wid="20">,</w>
  <w id="21" lemma="|explain|" pos="VBG" wid="21">explaining</w>
  <w id="22" lemma="|that|" pos="IN" wid="22">that</w>
  <w id="23" lemma="|``|" pos="``" wid="23">``</w>
  <w id="24" lemma="|seven|" pos="CD" wid="24">seven</w>
  <w id="25" lemma="|demon|" pos="NNS" wid="25">demons</w>
  <w id="26" lemma="|have|" pos="VBD" wid="26">had</w>
  <w id="27" lemma="|go|" pos="VBN" wid="27">gone</w>
  <w id="28" lemma="|out|" pos="RP" wid="28">out</w>
  <w id="29" lemma="|''|" pos="''" wid="29">''</w>
  <w id="30" lemma="|from|" pos="IN" wid="30">from</w>
  <w id="31" lemma="|she|" pos="PRP$" wid="31">her</w>
  <w id="32" lemma="|-lrb-|" pos="-LRB-" wid="32">-LRB-</w>
  <w id="33" lemma="|lk|" pos="NN" wid="33">Lk</w>
  <w id="34" lemma="|8|" pos="CD" wid="34">8</w>
  <w id="35" lemma="|:|" pos=":" wid="35">:</w>
  <w id="36" lemma="|2|" pos="CD" wid="36">2</w>
  <w id="37" lemma="|-rrb-|" pos="-RRB-" wid="37">-RRB-</w>
  <w id="38" lemma="|.|" pos="." wid="38">.</w>
</sentence>
<sentence id="9">
  <w id="0" lemma="|Magdalene|" pos="NNP" wid="0">Magdalene</w>
  <w id="1" lemma="|would|" pos="MD" wid="1">would</w>
  <w id="2" lemma="|be|" pos="VB" wid="2">be</w>
  <w id="3" lemma="|present|" pos="JJ" wid="3">present</w>
  <w id="4" lemma="|beneath|" pos="IN" wid="4">beneath</w>
  <w id="5" lemma="|the|" pos="DT" wid="5">the</w>
  <w id="6" lemma="|Cross|" pos="NNP" wid="6">Cross</w>
  <w id="7" lemma="|with|" pos="IN" wid="7">with</w>
  <w id="8" lemma="|the|" pos="DT" wid="8">the</w>
  <w id="9" lemma="|Mother|" pos="NNP" wid="9">Mother</w>
  <w id="10" lemma="|of|" pos="IN" wid="10">of</w>
  <w id="11" lemma="|Jesus|" pos="NNP" wid="11">Jesus</w>
  <w id="12" lemma="|and|" pos="CC" wid="12">and</w>
  <w id="13" lemma="|other|" pos="JJ" wid="13">other</w>
  <w id="14" lemma="|woman|" pos="NNS" wid="14">women</w>
  <w id="15" lemma="|.|" pos="." wid="15">.</w>
</sentence>
<sentence id="10">
  <w id="0" lemma="|in|" pos="IN" wid="0">In</w>
  <w id="1" lemma="|the|" pos="DT" wid="1">the</w>
  <w id="2" lemma="|early|" pos="JJ" wid="2">early</w>
  <w id="3" lemma="|morning|" pos="NN" wid="3">morning</w>
  <w id="4" lemma="|on|" pos="IN" wid="4">on</w>
  <w id="5" lemma="|the|" pos="DT" wid="5">the</w>
  <w id="6" lemma="|first|" pos="JJ" wid="6">first</w>
  <w id="7" lemma="|day|" pos="NN" wid="7">day</w>
  <w id="8" lemma="|after|" pos="IN" wid="8">after</w>
  <w id="9" lemma="|the|" pos="DT" wid="9">the</w>
  <w id="10" lemma="|Sabbath|" pos="NNP" wid="10">Sabbath</w>
  <w id="11" lemma="|she|" pos="PRP" wid="11">she</w>
  <w id="12" lemma="|be|" pos="VBD" wid="12">was</w>
  <w id="13" lemma="|to|" pos="TO" wid="13">to</w>
  <w id="14" lemma="|be|" pos="VB" wid="14">be</w>
  <w id="15" lemma="|the|" pos="DT" wid="15">the</w>
  <w id="16" lemma="|one|" pos="CD" wid="16">one</w>
  <w id="17" lemma="|to|" pos="TO" wid="17">to</w>
  <w id="18" lemma="|discover|" pos="VB" wid="18">discover</w>
  <w id="19" lemma="|the|" pos="DT" wid="19">the</w>
  <w id="20" lemma="|empty|" pos="JJ" wid="20">empty</w>
  <w id="21" lemma="|tomb|" pos="NN" wid="21">tomb</w>
  <w id="22" lemma="|,|" pos="," wid="22">,</w>
  <w id="23" lemma="|beside|" pos="IN" wid="23">beside</w>
  <w id="24" lemma="|which|" pos="WDT" wid="24">which</w>
  <w id="25" lemma="|she|" pos="PRP" wid="25">she</w>
  <w id="26" lemma="|stand|" pos="VBD" wid="26">stood</w>
  <w id="27" lemma="|weep|" pos="VBG" wid="27">weeping</w>
  <w id="28" lemma="|until|" pos="IN" wid="28">until</w>
  <w id="29" lemma="|the|" pos="DT" wid="29">the</w>
  <w id="30" lemma="|Risen|" pos="NNP" wid="30">Risen</w>
  <w id="31" lemma="|Jesus|" pos="NNP" wid="31">Jesus</w>
  <w id="32" lemma="|appear|" pos="VBD" wid="32">appeared</w>
  <w id="33" lemma="|to|" pos="TO" wid="33">to</w>
  <w id="34" lemma="|she|" pos="PRP$" wid="34">her</w>
  <w id="35" lemma="|-lrb-|" pos="-LRB-" wid="35">-LRB-</w>
  <w id="36" lemma="|cf|" pos="NN" wid="36">cf</w>
  <w id="37" lemma="|.|" pos="." wid="37">.</w>
</sentence>
<sentence id="11">
  <w id="0" lemma="|jn|" pos="NN" wid="0">Jn</w>
  <w id="1" lemma="|20|" pos="CD" wid="1">20</w>
  <w id="2" lemma="|:|" pos=":" wid="2">:</w>
  <w id="3" lemma="|11|" pos="CD" wid="3">11</w>
  <w id="4" lemma="|-rrb-|" pos="-RRB-" wid="4">-RRB-</w>
  <w id="5" lemma="|.|" pos="." wid="5">.</w>
</sentence>
<sentence id="12">
  <w id="0" lemma="|the|" pos="DT" wid="0">The</w>
  <w id="1" lemma="|story|" pos="NN" wid="1">story</w>
  <w id="2" lemma="|of|" pos="IN" wid="2">of</w>
  <w id="3" lemma="|Mary|" pos="NNP" wid="3">Mary</w>
  <w id="4" lemma="|of|" pos="IN" wid="4">of</w>
  <w id="5" lemma="|Magdala|" pos="NNP" wid="5">Magdala</w>
  <w id="6" lemma="|remind|" pos="VBZ" wid="6">reminds</w>
  <w id="7" lemma="|we|" pos="PRP" wid="7">us</w>
  <w id="8" lemma="|all|" pos="DT" wid="8">all</w>
  <w id="9" lemma="|of|" pos="IN" wid="9">of</w>
  <w id="10" lemma="|a|" pos="DT" wid="10">a</w>
  <w id="11" lemma="|fundamental|" pos="JJ" wid="11">fundamental</w>
  <w id="12" lemma="|truth|" pos="NN" wid="12">truth</w>
  <w id="13" lemma="|:|" pos=":" wid="13">:</w>
  <w id="14" lemma="|a|" pos="DT" wid="14">a</w>
  <w id="15" lemma="|disciple|" pos="NN" wid="15">disciple</w>
  <w id="16" lemma="|of|" pos="IN" wid="16">of</w>
  <w id="17" lemma="|Christ|" pos="NNP" wid="17">Christ</w>
  <w id="18" lemma="|be|" pos="VBZ" wid="18">is</w>
  <w id="19" lemma="|one|" pos="CD" wid="19">one</w>
  <w id="20" lemma="|who|" pos="WP" wid="20">who</w>
  <w id="21" lemma="|,|" pos="," wid="21">,</w>
  <w id="22" lemma="|in|" pos="IN" wid="22">in</w>
  <w id="23" lemma="|the|" pos="DT" wid="23">the</w>
  <w id="24" lemma="|experience|" pos="NN" wid="24">experience</w>
  <w id="25" lemma="|of|" pos="IN" wid="25">of</w>
  <w id="26" lemma="|human|" pos="JJ" wid="26">human</w>
  <w id="27" lemma="|weakness|" pos="NN" wid="27">weakness</w>
  <w id="28" lemma="|,|" pos="," wid="28">,</w>
  <w id="29" lemma="|have|" pos="VBZ" wid="29">has</w>
  <w id="30" lemma="|have|" pos="VBD" wid="30">had</w>
  <w id="31" lemma="|the|" pos="DT" wid="31">the</w>
  <w id="32" lemma="|humility|" pos="NN" wid="32">humility</w>
  <w id="33" lemma="|to|" pos="TO" wid="33">to</w>
  <w id="34" lemma="|ask|" pos="VB" wid="34">ask</w>
  <w id="35" lemma="|for|" pos="IN" wid="35">for</w>
  <w id="36" lemma="|he|" pos="PRP$" wid="36">his</w>
  <w id="37" lemma="|help|" pos="NN" wid="37">help</w>
  <w id="38" lemma="|,|" pos="," wid="38">,</w>
  <w id="39" lemma="|have|" pos="VBZ" wid="39">has</w>
  <w id="40" lemma="|be|" pos="VBN" wid="40">been</w>
  <w id="41" lemma="|heal|" pos="VBN" wid="41">healed</w>
  <w id="42" lemma="|by|" pos="IN" wid="42">by</w>
  <w id="43" lemma="|he|" pos="PRP" wid="43">him</w>
  <w id="44" lemma="|and|" pos="CC" wid="44">and</w>
  <w id="45" lemma="|have|" pos="VBZ" wid="45">has</w>
  <w id="46" lemma="|set|" pos="VBN" wid="46">set</w>
  <w id="47" lemma="|out|" pos="RP" wid="47">out</w>
  <w id="48" lemma="|follow|" pos="VBG" wid="48">following</w>
  <w id="49" lemma="|closely|" pos="RB" wid="49">closely</w>
  <w id="50" lemma="|after|" pos="IN" wid="50">after</w>
  <w id="51" lemma="|he|" pos="PRP" wid="51">him</w>
  <w id="52" lemma="|,|" pos="," wid="52">,</w>
  <w id="53" lemma="|become|" pos="VBG" wid="53">becoming</w>
  <w id="54" lemma="|a|" pos="DT" wid="54">a</w>
  <w id="55" lemma="|witness|" pos="NN" wid="55">witness</w>
  <w id="56" lemma="|of|" pos="IN" wid="56">of</w>
  <w id="57" lemma="|the|" pos="DT" wid="57">the</w>
  <w id="58" lemma="|power|" pos="NN" wid="58">power</w>
  <w id="59" lemma="|of|" pos="IN" wid="59">of</w>
  <w id="60" lemma="|he|" pos="PRP$" wid="60">his</w>
  <w id="61" lemma="|merciful|" pos="JJ" wid="61">merciful</w>
  <w id="62" lemma="|love|" pos="NN" wid="62">love</w>
  <w id="63" lemma="|that|" pos="WDT" wid="63">that</w>
  <w id="64" lemma="|be|" pos="VBZ" wid="64">is</w>
  <w id="65" lemma="|stronger|" pos="JJR" wid="65">stronger</w>
  <w id="66" lemma="|than|" pos="IN" wid="66">than</w>
  <w id="67" lemma="|sin|" pos="NN" wid="67">sin</w>
  <w id="68" lemma="|and|" pos="CC" wid="68">and</w>
  <w id="69" lemma="|death|" pos="NN" wid="69">death</w>
  <w id="70" lemma="|.|" pos="." wid="70">.</w>
</sentence>
<sentence id="13">
  <w id="0" lemma="|today|" pos="NN" wid="0">Today</w>
  <w id="1" lemma="|,|" pos="," wid="1">,</w>
  <w id="2" lemma="|we|" pos="PRP" wid="2">we</w>
  <w id="3" lemma="|be|" pos="VBP" wid="3">are</w>
  <w id="4" lemma="|celebrate|" pos="VBG" wid="4">celebrating</w>
  <w id="5" lemma="|the|" pos="DT" wid="5">the</w>
  <w id="6" lemma="|Feast|" pos="NNP" wid="6">Feast</w>
  <w id="7" lemma="|of|" pos="IN" wid="7">of</w>
  <w id="8" lemma="|St|" pos="NNP" wid="8">St</w>
  <w id="9" lemma="|Bridget|" pos="NNP" wid="9">Bridget</w>
  <w id="10" lemma="|,|" pos="," wid="10">,</w>
  <w id="11" lemma="|one|" pos="CD" wid="11">one</w>
  <w id="12" lemma="|of|" pos="IN" wid="12">of</w>
  <w id="13" lemma="|the|" pos="DT" wid="13">the</w>
  <w id="14" lemma="|woman|" pos="NNS" wid="14">women</w>
  <w id="15" lemma="|Saints|" pos="NNP" wid="15">Saints</w>
  <w id="16" lemma="|whom|" pos="WP" wid="16">whom</w>
  <w id="17" lemma="|John|" pos="NNP" wid="17">John</w>
  <w id="18" lemma="|Paul|" pos="NNP" wid="18">Paul</w>
  <w id="19" lemma="|II|" pos="NNP" wid="19">II</w>
  <w id="20" lemma="|proclaim|" pos="VBD" wid="20">proclaimed</w>
  <w id="21" lemma="|Patroness|" pos="NNP" wid="21">Patroness</w>
  <w id="22" lemma="|of|" pos="IN" wid="22">of</w>
  <w id="23" lemma="|Europe|" pos="NNP" wid="23">Europe</w>
  <w id="24" lemma="|.|" pos="." wid="24">.</w>
</sentence>
<sentence id="14">
  <w id="0" lemma="|St|" pos="NNP" wid="0">St</w>
  <w id="1" lemma="|Bridget|" pos="NNP" wid="1">Bridget</w>
  <w id="2" lemma="|travel|" pos="VBD" wid="2">travelled</w>
  <w id="3" lemma="|from|" pos="IN" wid="3">from</w>
  <w id="4" lemma="|Sweden|" pos="NNP" wid="4">Sweden</w>
  <w id="5" lemma="|to|" pos="TO" wid="5">to</w>
  <w id="6" lemma="|Italy|" pos="NNP" wid="6">Italy</w>
  <w id="7" lemma="|,|" pos="," wid="7">,</w>
  <w id="8" lemma="|live|" pos="VBD" wid="8">lived</w>
  <w id="9" lemma="|in|" pos="IN" wid="9">in</w>
  <w id="10" lemma="|Rome|" pos="NNP" wid="10">Rome</w>
  <w id="11" lemma="|and|" pos="CC" wid="11">and</w>
  <w id="12" lemma="|also|" pos="RB" wid="12">also</w>
  <w id="13" lemma="|go|" pos="VBD" wid="13">went</w>
  <w id="14" lemma="|on|" pos="IN" wid="14">on</w>
  <w id="15" lemma="|pilgrimage|" pos="NN" wid="15">pilgrimage</w>
  <w id="16" lemma="|to|" pos="TO" wid="16">to</w>
  <w id="17" lemma="|the|" pos="DT" wid="17">the</w>
  <w id="18" lemma="|Holy|" pos="NNP" wid="18">Holy</w>
  <w id="19" lemma="|Land|" pos="NNP" wid="19">Land</w>
  <w id="20" lemma="|.|" pos="." wid="20">.</w>
</sentence>
<sentence id="15">
  <w id="0" lemma="|with|" pos="IN" wid="0">With</w>
  <w id="1" lemma="|she|" pos="PRP$" wid="1">her</w>
  <w id="2" lemma="|witness|" pos="NN" wid="2">witness</w>
  <w id="3" lemma="|she|" pos="PRP" wid="3">she</w>
  <w id="4" lemma="|speak|" pos="VBZ" wid="4">speaks</w>
  <w id="5" lemma="|of|" pos="IN" wid="5">of</w>
  <w id="6" lemma="|openness|" pos="NN" wid="6">openness</w>
  <w id="7" lemma="|to|" pos="TO" wid="7">to</w>
  <w id="8" lemma="|different|" pos="JJ" wid="8">different</w>
  <w id="9" lemma="|people|" pos="NNS" wid="9">peoples</w>
  <w id="10" lemma="|and|" pos="CC" wid="10">and</w>
  <w id="11" lemma="|civilization|" pos="NNS" wid="11">civilizations</w>
  <w id="12" lemma="|.|" pos="." wid="12">.</w>
</sentence>
<sentence id="16">
  <w id="0" lemma="|let|" pos="VB" wid="0">Let</w>
  <w id="1" lemma="|we|" pos="PRP" wid="1">us</w>
  <w id="2" lemma="|ask|" pos="VB" wid="2">ask</w>
  <w id="3" lemma="|she|" pos="PRP" wid="3">her</w>
  <w id="4" lemma="|to|" pos="TO" wid="4">to</w>
  <w id="5" lemma="|help|" pos="VB" wid="5">help</w>
  <w id="6" lemma="|humanity|" pos="NN" wid="6">humanity</w>
  <w id="7" lemma="|today|" pos="NN" wid="7">today</w>
  <w id="8" lemma="|to|" pos="TO" wid="8">to</w>
  <w id="9" lemma="|create|" pos="VB" wid="9">create</w>
  <w id="10" lemma="|large|" pos="JJ" wid="10">large</w>
  <w id="11" lemma="|space|" pos="NNS" wid="11">spaces</w>
  <w id="12" lemma="|for|" pos="IN" wid="12">for</w>
  <w id="13" lemma="|peace|" pos="NN" wid="13">peace</w>
  <w id="14" lemma="|.|" pos="." wid="14">.</w>
</sentence>
<sentence id="17">
  <w id="0" lemma="|may|" pos="MD" wid="0">May</w>
  <w id="1" lemma="|she|" pos="PRP" wid="1">she</w>
  <w id="2" lemma="|obtain|" pos="VB" wid="2">obtain</w>
  <w id="3" lemma="|from|" pos="IN" wid="3">from</w>
  <w id="4" lemma="|the|" pos="DT" wid="4">the</w>
  <w id="5" lemma="|Lord|" pos="NNP" wid="5">Lord</w>
  <w id="6" lemma="|in|" pos="IN" wid="6">in</w>
  <w id="7" lemma="|particular|" pos="JJ" wid="7">particular</w>
  <w id="8" lemma="|peace|" pos="NN" wid="8">peace</w>
  <w id="9" lemma="|in|" pos="IN" wid="9">in</w>
  <w id="10" lemma="|the|" pos="DT" wid="10">the</w>
  <w id="11" lemma="|Holy|" pos="NNP" wid="11">Holy</w>
  <w id="12" lemma="|Land|" pos="NNP" wid="12">Land</w>
  <w id="13" lemma="|,|" pos="," wid="13">,</w>
  <w id="14" lemma="|for|" pos="IN" wid="14">for</w>
  <w id="15" lemma="|which|" pos="WDT" wid="15">which</w>
  <w id="16" lemma="|she|" pos="PRP" wid="16">she</w>
  <w id="17" lemma="|feel|" pos="VBD" wid="17">felt</w>
  <w id="18" lemma="|such|" pos="JJ" wid="18">such</w>
  <w id="19" lemma="|deep|" pos="JJ" wid="19">deep</w>
  <w id="20" lemma="|affection|" pos="NN" wid="20">affection</w>
  <w id="21" lemma="|and|" pos="CC" wid="21">and</w>
  <w id="22" lemma="|veneration|" pos="NN" wid="22">veneration</w>
  <w id="23" lemma="|.|" pos="." wid="23">.</w>
</sentence>
<sentence id="18">
  <w id="0" lemma="|I|" pos="PRP" wid="0">I</w>
  <w id="1" lemma="|also|" pos="RB" wid="1">also</w>
  <w id="2" lemma="|entrust|" pos="VBP" wid="2">entrust</w>
  <w id="3" lemma="|the|" pos="DT" wid="3">the</w>
  <w id="4" lemma="|whole|" pos="NN" wid="4">whole</w>
  <w id="5" lemma="|of|" pos="IN" wid="5">of</w>
  <w id="6" lemma="|humanity|" pos="NN" wid="6">humanity</w>
  <w id="7" lemma="|to|" pos="TO" wid="7">to</w>
  <w id="8" lemma="|the|" pos="DT" wid="8">the</w>
  <w id="9" lemma="|power|" pos="NN" wid="9">power</w>
  <w id="10" lemma="|of|" pos="IN" wid="10">of</w>
  <w id="11" lemma="|divine|" pos="JJ" wid="11">divine</w>
  <w id="12" lemma="|love|" pos="NN" wid="12">love</w>
  <w id="13" lemma="|,|" pos="," wid="13">,</w>
  <w id="14" lemma="|as|" pos="IN" wid="14">as</w>
  <w id="15" lemma="|I|" pos="PRP" wid="15">I</w>
  <w id="16" lemma="|invite|" pos="VBP" wid="16">invite</w>
  <w id="17" lemma="|everyone|" pos="NN" wid="17">everyone</w>
  <w id="18" lemma="|to|" pos="TO" wid="18">to</w>
  <w id="19" lemma="|pray|" pos="VB" wid="19">pray</w>
  <w id="20" lemma="|that|" pos="IN" wid="20">that</w>
  <w id="21" lemma="|the|" pos="DT" wid="21">the</w>
  <w id="22" lemma="|beloved|" pos="JJ" wid="22">beloved</w>
  <w id="23" lemma="|population|" pos="NNS" wid="23">populations</w>
  <w id="24" lemma="|of|" pos="IN" wid="24">of</w>
  <w id="25" lemma="|the|" pos="DT" wid="25">the</w>
  <w id="26" lemma="|Middle|" pos="NNP" wid="26">Middle</w>
  <w id="27" lemma="|East|" pos="NNP" wid="27">East</w>
  <w id="28" lemma="|may|" pos="MD" wid="28">may</w>
  <w id="29" lemma="|be|" pos="VB" wid="29">be</w>
  <w id="30" lemma="|able|" pos="JJ" wid="30">able</w>
  <w id="31" lemma="|to|" pos="TO" wid="31">to</w>
  <w id="32" lemma="|abandon|" pos="VB" wid="32">abandon</w>
  <w id="33" lemma="|the|" pos="DT" wid="33">the</w>
  <w id="34" lemma="|way|" pos="NN" wid="34">way</w>
  <w id="35" lemma="|of|" pos="IN" wid="35">of</w>
  <w id="36" lemma="|armed|" pos="JJ" wid="36">armed</w>
  <w id="37" lemma="|conflict|" pos="NN" wid="37">conflict</w>
  <w id="38" lemma="|and|" pos="CC" wid="38">and</w>
  <w id="39" lemma="|,|" pos="," wid="39">,</w>
  <w id="40" lemma="|with|" pos="IN" wid="40">with</w>
  <w id="41" lemma="|the|" pos="DT" wid="41">the</w>
  <w id="42" lemma="|daring|" pos="JJ" wid="42">daring</w>
  <w id="43" lemma="|of|" pos="IN" wid="43">of</w>
  <w id="44" lemma="|dialogue|" pos="NN" wid="44">dialogue</w>
  <w id="45" lemma="|,|" pos="," wid="45">,</w>
  <w id="46" lemma="|build|" pos="VB" wid="46">build</w>
  <w id="47" lemma="|a|" pos="DT" wid="47">a</w>
  <w id="48" lemma="|just|" pos="JJ" wid="48">just</w>
  <w id="49" lemma="|and|" pos="CC" wid="49">and</w>
  <w id="50" lemma="|lasting|" pos="JJ" wid="50">lasting</w>
  <w id="51" lemma="|peace|" pos="NN" wid="51">peace</w>
  <w id="52" lemma="|.|" pos="." wid="52">.</w>
</sentence>
<sentence id="19">
  <w id="0" lemma="|Mary|" pos="NNP" wid="0">Mary</w>
  <w id="1" lemma="|,|" pos="," wid="1">,</w>
  <w id="2" lemma="|Queen|" pos="NNP" wid="2">Queen</w>
  <w id="3" lemma="|of|" pos="IN" wid="3">of</w>
  <w id="4" lemma="|Peace|" pos="NNP" wid="4">Peace</w>
  <w id="5" lemma="|,|" pos="," wid="5">,</w>
  <w id="6" lemma="|pray|" pos="NN" wid="6">pray</w>
  <w id="7" lemma="|for|" pos="IN" wid="7">for</w>
  <w id="8" lemma="|we|" pos="PRP" wid="8">us</w>
  <w id="9" lemma="|!|" pos="." wid="9">!</w>
</sentence>
<sentence id="20">
  <w id="0" lemma="|after|" pos="IN" wid="0">After</w>
  <w id="1" lemma="|the|" pos="DT" wid="1">the</w>
  <w id="2" lemma="|Angelus|" pos="NNP" wid="2">Angelus</w>
  <w id="3" lemma="|:|" pos=":" wid="3">:</w>
  <w id="4" lemma="|to|" pos="TO" wid="4">To</w>
  <w id="5" lemma="|the|" pos="DT" wid="5">the</w>
  <w id="6" lemma="|english-speaking|" pos="JJ" wid="6">English-speaking</w>
  <w id="7" lemma="|people|" pos="NNS" wid="7">people</w>
  <w id="8" lemma="|here|" pos="RB" wid="8">here</w>
  <w id="9" lemma="|today|" pos="NN" wid="9">today</w>
  <w id="10" lemma="|,|" pos="," wid="10">,</w>
  <w id="11" lemma="|especially|" pos="RB" wid="11">especially</w>
  <w id="12" lemma="|the|" pos="DT" wid="12">the</w>
  <w id="13" lemma="|group|" pos="NN" wid="13">group</w>
  <w id="14" lemma="|of|" pos="IN" wid="14">of</w>
  <w id="15" lemma="|missionary|" pos="JJ" wid="15">Missionary</w>
  <w id="16" lemma="|sister|" pos="NNS" wid="16">Sisters</w>
  <w id="17" lemma="|of|" pos="IN" wid="17">of</w>
  <w id="18" lemma="|Mary|" pos="NNP" wid="18">Mary</w>
  <w id="19" lemma="|from|" pos="IN" wid="19">from</w>
  <w id="20" lemma="|India|" pos="NNP" wid="20">India</w>
  <w id="21" lemma="|,|" pos="," wid="21">,</w>
  <w id="22" lemma="|I|" pos="PRP" wid="22">I</w>
  <w id="23" lemma="|extend|" pos="VBP" wid="23">extend</w>
  <w id="24" lemma="|cordial|" pos="JJ" wid="24">cordial</w>
  <w id="25" lemma="|greeting|" pos="NNS" wid="25">greetings</w>
  <w id="26" lemma="|.|" pos="." wid="26">.</w>
</sentence>
<sentence id="21">
  <w id="0" lemma="|in|" pos="IN" wid="0">In</w>
  <w id="1" lemma="|this|" pos="DT" wid="1">this</w>
  <w id="2" lemma="|beautiful|" pos="JJ" wid="2">beautiful</w>
  <w id="3" lemma="|region|" pos="NN" wid="3">region</w>
  <w id="4" lemma="|we|" pos="PRP" wid="4">we</w>
  <w id="5" lemma="|be|" pos="VBP" wid="5">are</w>
  <w id="6" lemma="|able|" pos="JJ" wid="6">able</w>
  <w id="7" lemma="|to|" pos="TO" wid="7">to</w>
  <w id="8" lemma="|admire|" pos="VB" wid="8">admire</w>
  <w id="9" lemma="|the|" pos="DT" wid="9">the</w>
  <w id="10" lemma="|splendour|" pos="NN" wid="10">splendour</w>
  <w id="11" lemma="|of|" pos="IN" wid="11">of</w>
  <w id="12" lemma="|God|" pos="NNP" wid="12">God</w>
  <w id="13" lemma="|'s|" pos="POS" wid="13">'s</w>
  <w id="14" lemma="|creation|" pos="NN" wid="14">creation</w>
  <w id="15" lemma="|and|" pos="CC" wid="15">and</w>
  <w id="16" lemma="|to|" pos="TO" wid="16">to</w>
  <w id="17" lemma="|give|" pos="VB" wid="17">give</w>
  <w id="18" lemma="|thanks|" pos="NNS" wid="18">thanks</w>
  <w id="19" lemma="|for|" pos="IN" wid="19">for</w>
  <w id="20" lemma="|he|" pos="PRP$" wid="20">his</w>
  <w id="21" lemma="|many|" pos="JJ" wid="21">many</w>
  <w id="22" lemma="|gift|" pos="NNS" wid="22">gifts</w>
  <w id="23" lemma="|to|" pos="TO" wid="23">to</w>
  <w id="24" lemma="|we|" pos="PRP" wid="24">us</w>
  <w id="25" lemma="|.|" pos="." wid="25">.</w>
</sentence>
<sentence id="22">
  <w id="0" lemma="|let|" pos="VB" wid="0">Let</w>
  <w id="1" lemma="|we|" pos="PRP" wid="1">us</w>
  <w id="2" lemma="|remember|" pos="VB" wid="2">remember</w>
  <w id="3" lemma="|in|" pos="IN" wid="3">in</w>
  <w id="4" lemma="|we|" pos="PRP$" wid="4">our</w>
  <w id="5" lemma="|prayer|" pos="NNS" wid="5">prayers</w>
  <w id="6" lemma="|those|" pos="DT" wid="6">those</w>
  <w id="7" lemma="|less|" pos="RBR" wid="7">less</w>
  <w id="8" lemma="|fortunate|" pos="JJ" wid="8">fortunate</w>
  <w id="9" lemma="|,|" pos="," wid="9">,</w>
  <w id="10" lemma="|especially|" pos="RB" wid="10">especially</w>
  <w id="11" lemma="|those|" pos="DT" wid="11">those</w>
  <w id="12" lemma="|who|" pos="WP" wid="12">who</w>
  <w id="13" lemma="|be|" pos="VBP" wid="13">are</w>
  <w id="14" lemma="|suffer|" pos="VBG" wid="14">suffering</w>
  <w id="15" lemma="|at|" pos="IN" wid="15">at</w>
  <w id="16" lemma="|this|" pos="DT" wid="16">this</w>
  <w id="17" lemma="|time|" pos="NN" wid="17">time</w>
  <w id="18" lemma="|as|" pos="IN" wid="18">as</w>
  <w id="19" lemma="|a|" pos="DT" wid="19">a</w>
  <w id="20" lemma="|result|" pos="NN" wid="20">result</w>
  <w id="21" lemma="|of|" pos="IN" wid="21">of</w>
  <w id="22" lemma="|the|" pos="DT" wid="22">the</w>
  <w id="23" lemma="|tragic|" pos="JJ" wid="23">tragic</w>
  <w id="24" lemma="|conflict|" pos="NNS" wid="24">conflicts</w>
  <w id="25" lemma="|in|" pos="IN" wid="25">in</w>
  <w id="26" lemma="|the|" pos="DT" wid="26">the</w>
  <w id="27" lemma="|Middle|" pos="NNP" wid="27">Middle</w>
  <w id="28" lemma="|East|" pos="NNP" wid="28">East</w>
  <w id="29" lemma="|.|" pos="." wid="29">.</w>
</sentence>
<sentence id="23">
  <w id="0" lemma="|I|" pos="PRP" wid="0">I</w>
  <w id="1" lemma="|invoke|" pos="VBP" wid="1">invoke</w>
  <w id="2" lemma="|God|" pos="NNP" wid="2">God</w>
  <w id="3" lemma="|'s|" pos="POS" wid="3">'s</w>
  <w id="4" lemma="|blessing|" pos="NNS" wid="4">Blessings</w>
  <w id="5" lemma="|of|" pos="IN" wid="5">of</w>
  <w id="6" lemma="|joy|" pos="NN" wid="6">joy</w>
  <w id="7" lemma="|and|" pos="CC" wid="7">and</w>
  <w id="8" lemma="|peace|" pos="NN" wid="8">peace</w>
  <w id="9" lemma="|upon|" pos="IN" wid="9">upon</w>
  <w id="10" lemma="|all|" pos="DT" wid="10">all</w>
  <w id="11" lemma="|of|" pos="IN" wid="11">of</w>
  <w id="12" lemma="|you|" pos="PRP" wid="12">you</w>
  <w id="13" lemma="|,|" pos="," wid="13">,</w>
  <w id="14" lemma="|and|" pos="CC" wid="14">and</w>
  <w id="15" lemma="|upon|" pos="IN" wid="15">upon</w>
  <w id="16" lemma="|you|" pos="PRP$" wid="16">your</w>
  <w id="17" lemma="|family|" pos="NNS" wid="17">families</w>
  <w id="18" lemma="|and|" pos="CC" wid="18">and</w>
  <w id="19" lemma="|love|" pos="VBD" wid="19">loved</w>
  <w id="20" lemma="|one|" pos="NNS" wid="20">ones</w>
  <w id="21" lemma="|at|" pos="IN" wid="21">at</w>
  <w id="22" lemma="|home|" pos="NN" wid="22">home</w>
  <w id="23" lemma="|.|" pos="." wid="23">.</w>
</sentence>
<sentence id="24">
  <w id="0" lemma="|I|" pos="PRP" wid="0">I</w>
  <w id="1" lemma="|wish|" pos="VBP" wid="1">wish</w>
  <w id="2" lemma="|you|" pos="PRP" wid="2">you</w>
  <w id="3" lemma="|all|" pos="PDT" wid="3">all</w>
  <w id="4" lemma="|a|" pos="DT" wid="4">a</w>
  <w id="5" lemma="|good|" pos="JJ" wid="5">good</w>
  <w id="6" lemma="|Sunday|" pos="NNP" wid="6">Sunday</w>
  <w id="7" lemma="|!|" pos="." wid="7">!</w>
</sentence>
</corpus>