<corpus id="0">
<sentence id="0">
  <w id="0" lemma="|Dear|" pos="NNP" wid="0">Dear</w>
  <w id="1" lemma="|Brothers|" pos="NNPS" wid="1">Brothers</w>
  <w id="2" lemma="|and|" pos="CC" wid="2">and</w>
  <w id="3" lemma="|sister|" pos="NNS" wid="3">Sisters</w>
  <w id="4" lemma="|,|" pos="," wid="4">,</w>
  <w id="5" lemma="|This|" pos="NNP" wid="5">This</w>
  <w id="6" lemma="|Sunday|" pos="NNP" wid="6">Sunday</w>
  <w id="7" lemma="|,|" pos="," wid="7">,</w>
  <w id="8" lemma="|the|" pos="DT" wid="8">the</w>
  <w id="9" lemma="|Second|" pos="NNP" wid="9">Second</w>
  <w id="10" lemma="|Sunday|" pos="NNP" wid="10">Sunday</w>
  <w id="11" lemma="|of|" pos="IN" wid="11">of</w>
  <w id="12" lemma="|Lent|" pos="NNP" wid="12">Lent</w>
  <w id="13" lemma="|,|" pos="," wid="13">,</w>
  <w id="14" lemma="|be|" pos="VBZ" wid="14">is</w>
  <w id="15" lemma="|know|" pos="VBN" wid="15">known</w>
  <w id="16" lemma="|as|" pos="IN" wid="16">as</w>
  <w id="17" lemma="|the|" pos="DT" wid="17">the</w>
  <w id="18" lemma="|transfiguration|" pos="NN" wid="18">Transfiguration</w>
  <w id="19" lemma="|of|" pos="IN" wid="19">of</w>
  <w id="20" lemma="|Christ|" pos="NNP" wid="20">Christ</w>
  <w id="21" lemma="|.|" pos="." wid="21">.</w>
</sentence>
<sentence id="1">
  <w id="0" lemma="|indeed|" pos="RB" wid="0">Indeed</w>
  <w id="1" lemma="|in|" pos="IN" wid="1">in</w>
  <w id="2" lemma="|the|" pos="DT" wid="2">the</w>
  <w id="3" lemma="|Lenten|" pos="NNP" wid="3">Lenten</w>
  <w id="4" lemma="|itinerary|" pos="NN" wid="4">itinerary</w>
  <w id="5" lemma="|,|" pos="," wid="5">,</w>
  <w id="6" lemma="|have|" pos="VBG" wid="6">having</w>
  <w id="7" lemma="|invite|" pos="VBN" wid="7">invited</w>
  <w id="8" lemma="|we|" pos="PRP" wid="8">us</w>
  <w id="9" lemma="|to|" pos="TO" wid="9">to</w>
  <w id="10" lemma="|follow|" pos="VB" wid="10">follow</w>
  <w id="11" lemma="|Jesus|" pos="NNP" wid="11">Jesus</w>
  <w id="12" lemma="|into|" pos="IN" wid="12">into</w>
  <w id="13" lemma="|the|" pos="DT" wid="13">the</w>
  <w id="14" lemma="|wilderness|" pos="NN" wid="14">wilderness</w>
  <w id="15" lemma="|to|" pos="TO" wid="15">to</w>
  <w id="16" lemma="|face|" pos="VB" wid="16">face</w>
  <w id="17" lemma="|and|" pos="CC" wid="17">and</w>
  <w id="18" lemma="|overcome|" pos="VB" wid="18">overcome</w>
  <w id="19" lemma="|the|" pos="DT" wid="19">the</w>
  <w id="20" lemma="|temptation|" pos="NNS" wid="20">temptations</w>
  <w id="21" lemma="|with|" pos="IN" wid="21">with</w>
  <w id="22" lemma="|he|" pos="PRP" wid="22">him</w>
  <w id="23" lemma="|,|" pos="," wid="23">,</w>
  <w id="24" lemma="|the|" pos="DT" wid="24">the</w>
  <w id="25" lemma="|Liturgy|" pos="NNP" wid="25">Liturgy</w>
  <w id="26" lemma="|now|" pos="RB" wid="26">now</w>
  <w id="27" lemma="|propose|" pos="VBZ" wid="27">proposes</w>
  <w id="28" lemma="|that|" pos="IN" wid="28">that</w>
  <w id="29" lemma="|we|" pos="PRP" wid="29">we</w>
  <w id="30" lemma="|climb|" pos="VBP" wid="30">climb</w>
  <w id="31" lemma="|the|" pos="DT" wid="31">the</w>
  <w id="32" lemma="|``|" pos="``" wid="32">``</w>
  <w id="33" lemma="|mountain|" pos="NN" wid="33">mountain</w>
  <w id="34" lemma="|''|" pos="''" wid="34">''</w>
  <w id="35" lemma="|of|" pos="IN" wid="35">of</w>
  <w id="36" lemma="|prayer|" pos="NN" wid="36">prayer</w>
  <w id="37" lemma="|with|" pos="IN" wid="37">with</w>
  <w id="38" lemma="|he|" pos="PRP" wid="38">him</w>
  <w id="39" lemma="|to|" pos="TO" wid="39">to</w>
  <w id="40" lemma="|contemplate|" pos="VB" wid="40">contemplate</w>
  <w id="41" lemma="|God|" pos="NNP" wid="41">God</w>
  <w id="42" lemma="|'s|" pos="POS" wid="42">'s</w>
  <w id="43" lemma="|glorious|" pos="JJ" wid="43">glorious</w>
  <w id="44" lemma="|radiance|" pos="NN" wid="44">radiance</w>
  <w id="45" lemma="|on|" pos="IN" wid="45">on</w>
  <w id="46" lemma="|he|" pos="PRP$" wid="46">his</w>
  <w id="47" lemma="|human|" pos="JJ" wid="47">human</w>
  <w id="48" lemma="|face|" pos="NN" wid="48">face</w>
  <w id="49" lemma="|.|" pos="." wid="49">.</w>
</sentence>
<sentence id="2">
  <w id="0" lemma="|the|" pos="DT" wid="0">The</w>
  <w id="1" lemma="|episode|" pos="NN" wid="1">episode</w>
  <w id="2" lemma="|of|" pos="IN" wid="2">of</w>
  <w id="3" lemma="|the|" pos="DT" wid="3">the</w>
  <w id="4" lemma="|transfiguration|" pos="NN" wid="4">Transfiguration</w>
  <w id="5" lemma="|of|" pos="IN" wid="5">of</w>
  <w id="6" lemma="|Christ|" pos="NNP" wid="6">Christ</w>
  <w id="7" lemma="|be|" pos="VBZ" wid="7">is</w>
  <w id="8" lemma="|unanimously|" pos="RB" wid="8">unanimously</w>
  <w id="9" lemma="|attest|" pos="VBN" wid="9">attested</w>
  <w id="10" lemma="|by|" pos="IN" wid="10">by</w>
  <w id="11" lemma="|the|" pos="DT" wid="11">the</w>
  <w id="12" lemma="|Evangelists|" pos="NNPS" wid="12">Evangelists</w>
  <w id="13" lemma="|Matthew|" pos="NNP" wid="13">Matthew</w>
  <w id="14" lemma="|,|" pos="," wid="14">,</w>
  <w id="15" lemma="|Mark|" pos="NNP" wid="15">Mark</w>
  <w id="16" lemma="|and|" pos="CC" wid="16">and</w>
  <w id="17" lemma="|Luke|" pos="NNP" wid="17">Luke</w>
  <w id="18" lemma="|.|" pos="." wid="18">.</w>
</sentence>
<sentence id="3">
  <w id="0" lemma="|there|" pos="EX" wid="0">There</w>
  <w id="1" lemma="|be|" pos="VBP" wid="1">are</w>
  <w id="2" lemma="|two|" pos="CD" wid="2">two</w>
  <w id="3" lemma="|essential|" pos="JJ" wid="3">essential</w>
  <w id="4" lemma="|element|" pos="NNS" wid="4">elements</w>
  <w id="5" lemma="|:|" pos=":" wid="5">:</w>
  <w id="6" lemma="|first|" pos="JJ" wid="6">first</w>
  <w id="7" lemma="|of|" pos="IN" wid="7">of</w>
  <w id="8" lemma="|all|" pos="DT" wid="8">all</w>
  <w id="9" lemma="|,|" pos="," wid="9">,</w>
  <w id="10" lemma="|Jesus|" pos="NNP" wid="10">Jesus</w>
  <w id="11" lemma="|lead|" pos="VBZ" wid="11">leads</w>
  <w id="12" lemma="|the|" pos="DT" wid="12">the</w>
  <w id="13" lemma="|disciple|" pos="NNS" wid="13">disciples</w>
  <w id="14" lemma="|Peter|" pos="NNP" wid="14">Peter</w>
  <w id="15" lemma="|,|" pos="," wid="15">,</w>
  <w id="16" lemma="|James|" pos="NNP" wid="16">James</w>
  <w id="17" lemma="|and|" pos="CC" wid="17">and</w>
  <w id="18" lemma="|John|" pos="NNP" wid="18">John</w>
  <w id="19" lemma="|up|" pos="RP" wid="19">up</w>
  <w id="20" lemma="|a|" pos="DT" wid="20">a</w>
  <w id="21" lemma="|high|" pos="JJ" wid="21">high</w>
  <w id="22" lemma="|mountain|" pos="NN" wid="22">mountain</w>
  <w id="23" lemma="|and|" pos="CC" wid="23">and</w>
  <w id="24" lemma="|there|" pos="EX" wid="24">there</w>
  <w id="25" lemma="|``|" pos="``" wid="25">``</w>
  <w id="26" lemma="|he|" pos="PRP" wid="26">he</w>
  <w id="27" lemma="|be|" pos="VBD" wid="27">was</w>
  <w id="28" lemma="|transfigure|" pos="VBN" wid="28">transfigured</w>
  <w id="29" lemma="|before|" pos="IN" wid="29">before</w>
  <w id="30" lemma="|they|" pos="PRP" wid="30">them</w>
  <w id="31" lemma="|''|" pos="''" wid="31">''</w>
  <w id="32" lemma="|-lrb-|" pos="-LRB-" wid="32">-LRB-</w>
  <w id="33" lemma="|mk|" pos="NN" wid="33">Mk</w>
  <w id="34" lemma="|9:2|" pos="NN" wid="34">9:2</w>
  <w id="35" lemma="|-rrb-|" pos="-RRB-" wid="35">-RRB-</w>
  <w id="36" lemma="|and|" pos="CC" wid="36">and</w>
  <w id="37" lemma="|he|" pos="PRP$" wid="37">his</w>
  <w id="38" lemma="|face|" pos="NN" wid="38">face</w>
  <w id="39" lemma="|and|" pos="CC" wid="39">and</w>
  <w id="40" lemma="|he|" pos="PRP$" wid="40">his</w>
  <w id="41" lemma="|garment|" pos="NNS" wid="41">garments</w>
  <w id="42" lemma="|shine|" pos="VBP" wid="42">shone</w>
  <w id="43" lemma="|with|" pos="IN" wid="43">with</w>
  <w id="44" lemma="|dazzling|" pos="JJ" wid="44">dazzling</w>
  <w id="45" lemma="|light|" pos="NN" wid="45">light</w>
  <w id="46" lemma="|while|" pos="IN" wid="46">while</w>
  <w id="47" lemma="|Moses|" pos="NNP" wid="47">Moses</w>
  <w id="48" lemma="|and|" pos="CC" wid="48">and</w>
  <w id="49" lemma="|Elijah|" pos="NNP" wid="49">Elijah</w>
  <w id="50" lemma="|appear|" pos="VBD" wid="50">appeared</w>
  <w id="51" lemma="|beside|" pos="IN" wid="51">beside</w>
  <w id="52" lemma="|he|" pos="PRP" wid="52">him</w>
  <w id="53" lemma="|;|" pos=":" wid="53">;</w>
  <w id="54" lemma="|the|" pos="DT" wid="54">the</w>
  <w id="55" lemma="|second|" pos="JJ" wid="55">second</w>
  <w id="56" lemma="|,|" pos="," wid="56">,</w>
  <w id="57" lemma="|a|" pos="DT" wid="57">a</w>
  <w id="58" lemma="|cloud|" pos="NN" wid="58">cloud</w>
  <w id="59" lemma="|overshadow|" pos="VBD" wid="59">overshadowed</w>
  <w id="60" lemma="|the|" pos="DT" wid="60">the</w>
  <w id="61" lemma="|mountain|" pos="NN" wid="61">mountain</w>
  <w id="62" lemma="|peak|" pos="NN" wid="62">peak</w>
  <w id="63" lemma="|and|" pos="CC" wid="63">and</w>
  <w id="64" lemma="|from|" pos="IN" wid="64">from</w>
  <w id="65" lemma="|it|" pos="PRP" wid="65">it</w>
  <w id="66" lemma="|come|" pos="VBD" wid="66">came</w>
  <w id="67" lemma="|a|" pos="DT" wid="67">a</w>
  <w id="68" lemma="|voice|" pos="NN" wid="68">voice</w>
  <w id="69" lemma="|say|" pos="VBG" wid="69">saying</w>
  <w id="70" lemma="|:|" pos=":" wid="70">:</w>
  <w id="71" lemma="|``|" pos="``" wid="71">``</w>
  <w id="72" lemma="|this|" pos="DT" wid="72">This</w>
  <w id="73" lemma="|be|" pos="VBZ" wid="73">is</w>
  <w id="74" lemma="|my|" pos="PRP$" wid="74">my</w>
  <w id="75" lemma="|beloved|" pos="JJ" wid="75">beloved</w>
  <w id="76" lemma="|Son|" pos="NNP" wid="76">Son</w>
  <w id="77" lemma="|;|" pos=":" wid="77">;</w>
  <w id="78" lemma="|listen|" pos="VB" wid="78">listen</w>
  <w id="79" lemma="|to|" pos="TO" wid="79">to</w>
  <w id="80" lemma="|he|" pos="PRP" wid="80">him</w>
  <w id="81" lemma="|''|" pos="''" wid="81">''</w>
  <w id="82" lemma="|-lrb-|" pos="-LRB-" wid="82">-LRB-</w>
  <w id="83" lemma="|mk|" pos="NN" wid="83">Mk</w>
  <w id="84" lemma="|9:7|" pos="CD" wid="84">9:7</w>
  <w id="85" lemma="|-rrb-|" pos="-RRB-" wid="85">-RRB-</w>
  <w id="86" lemma="|.|" pos="." wid="86">.</w>
</sentence>
<sentence id="4">
  <w id="0" lemma="|thus|" pos="RB" wid="0">Thus</w>
  <w id="1" lemma="|,|" pos="," wid="1">,</w>
  <w id="2" lemma="|light|" pos="NN" wid="2">light</w>
  <w id="3" lemma="|and|" pos="CC" wid="3">and</w>
  <w id="4" lemma="|the|" pos="DT" wid="4">the</w>
  <w id="5" lemma="|voice|" pos="NN" wid="5">voice</w>
  <w id="6" lemma="|:|" pos=":" wid="6">:</w>
  <w id="7" lemma="|the|" pos="DT" wid="7">the</w>
  <w id="8" lemma="|divine|" pos="JJ" wid="8">divine</w>
  <w id="9" lemma="|radiance|" pos="NN" wid="9">radiance</w>
  <w id="10" lemma="|on|" pos="IN" wid="10">on</w>
  <w id="11" lemma="|Jesus|" pos="NNP" wid="11">Jesus</w>
  <w id="12" lemma="|'|" pos="POS" wid="12">'</w>
  <w id="13" lemma="|face|" pos="NN" wid="13">face</w>
  <w id="14" lemma="|,|" pos="," wid="14">,</w>
  <w id="15" lemma="|and|" pos="CC" wid="15">and</w>
  <w id="16" lemma="|the|" pos="DT" wid="16">the</w>
  <w id="17" lemma="|voice|" pos="NN" wid="17">voice</w>
  <w id="18" lemma="|of|" pos="IN" wid="18">of</w>
  <w id="19" lemma="|the|" pos="DT" wid="19">the</w>
  <w id="20" lemma="|heavenly|" pos="JJ" wid="20">heavenly</w>
  <w id="21" lemma="|Father|" pos="NNP" wid="21">Father</w>
  <w id="22" lemma="|that|" pos="IN" wid="22">that</w>
  <w id="23" lemma="|witness|" pos="NNS" wid="23">witnesses</w>
  <w id="24" lemma="|to|" pos="TO" wid="24">to</w>
  <w id="25" lemma="|he|" pos="PRP" wid="25">him</w>
  <w id="26" lemma="|and|" pos="CC" wid="26">and</w>
  <w id="27" lemma="|command|" pos="VBZ" wid="27">commands</w>
  <w id="28" lemma="|that|" pos="IN" wid="28">that</w>
  <w id="29" lemma="|he|" pos="PRP" wid="29">he</w>
  <w id="30" lemma="|be|" pos="VB" wid="30">be</w>
  <w id="31" lemma="|listen|" pos="VBN" wid="31">listened</w>
  <w id="32" lemma="|to|" pos="TO" wid="32">to</w>
  <w id="33" lemma="|.|" pos="." wid="33">.</w>
</sentence>
<sentence id="5">
  <w id="0" lemma="|the|" pos="DT" wid="0">The</w>
  <w id="1" lemma="|mystery|" pos="NN" wid="1">mystery</w>
  <w id="2" lemma="|of|" pos="IN" wid="2">of</w>
  <w id="3" lemma="|the|" pos="DT" wid="3">the</w>
  <w id="4" lemma="|transfiguration|" pos="NN" wid="4">Transfiguration</w>
  <w id="5" lemma="|must|" pos="MD" wid="5">must</w>
  <w id="6" lemma="|not|" pos="RB" wid="6">not</w>
  <w id="7" lemma="|be|" pos="VB" wid="7">be</w>
  <w id="8" lemma="|separate|" pos="VBN" wid="8">separated</w>
  <w id="9" lemma="|from|" pos="IN" wid="9">from</w>
  <w id="10" lemma="|the|" pos="DT" wid="10">the</w>
  <w id="11" lemma="|context|" pos="NN" wid="11">context</w>
  <w id="12" lemma="|of|" pos="IN" wid="12">of</w>
  <w id="13" lemma="|the|" pos="DT" wid="13">the</w>
  <w id="14" lemma="|path|" pos="NN" wid="14">path</w>
  <w id="15" lemma="|Jesus|" pos="NNP" wid="15">Jesus</w>
  <w id="16" lemma="|be|" pos="VBZ" wid="16">is</w>
  <w id="17" lemma="|follow|" pos="VBG" wid="17">following</w>
  <w id="18" lemma="|.|" pos="." wid="18">.</w>
</sentence>
<sentence id="6">
  <w id="0" lemma="|he|" pos="PRP" wid="0">He</w>
  <w id="1" lemma="|be|" pos="VBZ" wid="1">is</w>
  <w id="2" lemma="|now|" pos="RB" wid="2">now</w>
  <w id="3" lemma="|decisively|" pos="RB" wid="3">decisively</w>
  <w id="4" lemma="|orient|" pos="VBN" wid="4">oriented</w>
  <w id="5" lemma="|to|" pos="TO" wid="5">to</w>
  <w id="6" lemma="|fulfil|" pos="VBG" wid="6">fulfilling</w>
  <w id="7" lemma="|he|" pos="PRP$" wid="7">his</w>
  <w id="8" lemma="|mission|" pos="NN" wid="8">mission</w>
  <w id="9" lemma="|,|" pos="," wid="9">,</w>
  <w id="10" lemma="|know|" pos="VBG" wid="10">knowing</w>
  <w id="11" lemma="|all|" pos="RB" wid="11">all</w>
  <w id="12" lemma="|too|" pos="RB" wid="12">too</w>
  <w id="13" lemma="|well|" pos="RB" wid="13">well</w>
  <w id="14" lemma="|that|" pos="IN" wid="14">that</w>
  <w id="15" lemma="|to|" pos="TO" wid="15">to</w>
  <w id="16" lemma="|arrive|" pos="VB" wid="16">arrive</w>
  <w id="17" lemma="|at|" pos="IN" wid="17">at</w>
  <w id="18" lemma="|the|" pos="DT" wid="18">the</w>
  <w id="19" lemma="|resurrection|" pos="NN" wid="19">Resurrection</w>
  <w id="20" lemma="|he|" pos="PRP" wid="20">he</w>
  <w id="21" lemma="|must|" pos="MD" wid="21">must</w>
  <w id="22" lemma="|pass|" pos="VB" wid="22">pass</w>
  <w id="23" lemma="|through|" pos="IN" wid="23">through</w>
  <w id="24" lemma="|the|" pos="DT" wid="24">the</w>
  <w id="25" lemma="|passion|" pos="NN" wid="25">Passion</w>
  <w id="26" lemma="|and|" pos="CC" wid="26">and</w>
  <w id="27" lemma="|death|" pos="NN" wid="27">death</w>
  <w id="28" lemma="|on|" pos="IN" wid="28">on</w>
  <w id="29" lemma="|the|" pos="DT" wid="29">the</w>
  <w id="30" lemma="|Cross|" pos="NNP" wid="30">Cross</w>
  <w id="31" lemma="|.|" pos="." wid="31">.</w>
</sentence>
<sentence id="7">
  <w id="0" lemma="|he|" pos="PRP" wid="0">He</w>
  <w id="1" lemma="|have|" pos="VBD" wid="1">had</w>
  <w id="2" lemma="|speak|" pos="VBN" wid="2">spoken</w>
  <w id="3" lemma="|openly|" pos="RB" wid="3">openly</w>
  <w id="4" lemma="|of|" pos="IN" wid="4">of</w>
  <w id="5" lemma="|this|" pos="DT" wid="5">this</w>
  <w id="6" lemma="|to|" pos="TO" wid="6">to</w>
  <w id="7" lemma="|he|" pos="PRP$" wid="7">his</w>
  <w id="8" lemma="|disciple|" pos="NNS" wid="8">disciples</w>
  <w id="9" lemma="|;|" pos=":" wid="9">;</w>
  <w id="10" lemma="|but|" pos="CC" wid="10">but</w>
  <w id="11" lemma="|they|" pos="PRP" wid="11">they</w>
  <w id="12" lemma="|do|" pos="VBD" wid="12">did</w>
  <w id="13" lemma="|not|" pos="RB" wid="13">not</w>
  <w id="14" lemma="|understand|" pos="VB" wid="14">understand</w>
  <w id="15" lemma="|,|" pos="," wid="15">,</w>
  <w id="16" lemma="|on|" pos="IN" wid="16">on</w>
  <w id="17" lemma="|the|" pos="DT" wid="17">the</w>
  <w id="18" lemma="|contrary|" pos="NN" wid="18">contrary</w>
  <w id="19" lemma="|they|" pos="PRP" wid="19">they</w>
  <w id="20" lemma="|reject|" pos="VBD" wid="20">rejected</w>
  <w id="21" lemma="|this|" pos="DT" wid="21">this</w>
  <w id="22" lemma="|prospect|" pos="NN" wid="22">prospect</w>
  <w id="23" lemma="|because|" pos="IN" wid="23">because</w>
  <w id="24" lemma="|they|" pos="PRP" wid="24">they</w>
  <w id="25" lemma="|be|" pos="VBD" wid="25">were</w>
  <w id="26" lemma="|not|" pos="RB" wid="26">not</w>
  <w id="27" lemma="|reasoning|" pos="NN" wid="27">reasoning</w>
  <w id="28" lemma="|in|" pos="IN" wid="28">in</w>
  <w id="29" lemma="|accordance|" pos="NN" wid="29">accordance</w>
  <w id="30" lemma="|with|" pos="IN" wid="30">with</w>
  <w id="31" lemma="|God|" pos="NNP" wid="31">God</w>
  <w id="32" lemma="|,|" pos="," wid="32">,</w>
  <w id="33" lemma="|but|" pos="CC" wid="33">but</w>
  <w id="34" lemma="|in|" pos="IN" wid="34">in</w>
  <w id="35" lemma="|accordance|" pos="NN" wid="35">accordance</w>
  <w id="36" lemma="|with|" pos="IN" wid="36">with</w>
  <w id="37" lemma="|man|" pos="NNS" wid="37">men</w>
  <w id="38" lemma="|-lrb-|" pos="-LRB-" wid="38">-LRB-</w>
  <w id="39" lemma="|cf|" pos="NN" wid="39">cf</w>
  <w id="40" lemma="|.|" pos="." wid="40">.</w>
</sentence>
<sentence id="8">
  <w id="0" lemma="|mt|" pos="FW" wid="0">Mt</w>
  <w id="1" lemma="|16:23|" pos="FW" wid="1">16:23</w>
  <w id="2" lemma="|-rrb-|" pos="-RRB-" wid="2">-RRB-</w>
  <w id="3" lemma="|.|" pos="." wid="3">.</w>
</sentence>
<sentence id="9">
  <w id="0" lemma="|it|" pos="PRP" wid="0">It</w>
  <w id="1" lemma="|be|" pos="VBZ" wid="1">is</w>
  <w id="2" lemma="|for|" pos="IN" wid="2">for</w>
  <w id="3" lemma="|this|" pos="DT" wid="3">this</w>
  <w id="4" lemma="|reason|" pos="NN" wid="4">reason</w>
  <w id="5" lemma="|that|" pos="IN" wid="5">that</w>
  <w id="6" lemma="|Jesus|" pos="NNP" wid="6">Jesus</w>
  <w id="7" lemma="|take|" pos="VBZ" wid="7">takes</w>
  <w id="8" lemma="|three|" pos="CD" wid="8">three</w>
  <w id="9" lemma="|of|" pos="IN" wid="9">of</w>
  <w id="10" lemma="|they|" pos="PRP" wid="10">them</w>
  <w id="11" lemma="|with|" pos="IN" wid="11">with</w>
  <w id="12" lemma="|he|" pos="PRP" wid="12">him</w>
  <w id="13" lemma="|up|" pos="RP" wid="13">up</w>
  <w id="14" lemma="|the|" pos="DT" wid="14">the</w>
  <w id="15" lemma="|mountain|" pos="NN" wid="15">mountain</w>
  <w id="16" lemma="|and|" pos="CC" wid="16">and</w>
  <w id="17" lemma="|reveal|" pos="VBZ" wid="17">reveals</w>
  <w id="18" lemma="|he|" pos="PRP$" wid="18">his</w>
  <w id="19" lemma="|divine|" pos="JJ" wid="19">divine</w>
  <w id="20" lemma="|glory|" pos="NN" wid="20">glory</w>
  <w id="21" lemma="|,|" pos="," wid="21">,</w>
  <w id="22" lemma="|the|" pos="DT" wid="22">the</w>
  <w id="23" lemma="|splendour|" pos="NN" wid="23">splendour</w>
  <w id="24" lemma="|of|" pos="IN" wid="24">of</w>
  <w id="25" lemma="|truth|" pos="NN" wid="25">Truth</w>
  <w id="26" lemma="|and|" pos="CC" wid="26">and</w>
  <w id="27" lemma="|of|" pos="IN" wid="27">of</w>
  <w id="28" lemma="|Love|" pos="NNP" wid="28">Love</w>
  <w id="29" lemma="|.|" pos="." wid="29">.</w>
</sentence>
<sentence id="10">
  <w id="0" lemma="|Jesus|" pos="NNP" wid="0">Jesus</w>
  <w id="1" lemma="|want|" pos="VBZ" wid="1">wants</w>
  <w id="2" lemma="|this|" pos="DT" wid="2">this</w>
  <w id="3" lemma="|light|" pos="NN" wid="3">light</w>
  <w id="4" lemma="|to|" pos="TO" wid="4">to</w>
  <w id="5" lemma="|illuminate|" pos="VB" wid="5">illuminate</w>
  <w id="6" lemma="|they|" pos="PRP$" wid="6">their</w>
  <w id="7" lemma="|heart|" pos="NNS" wid="7">hearts</w>
  <w id="8" lemma="|when|" pos="WRB" wid="8">when</w>
  <w id="9" lemma="|they|" pos="PRP" wid="9">they</w>
  <w id="10" lemma="|pass|" pos="VBP" wid="10">pass</w>
  <w id="11" lemma="|through|" pos="IN" wid="11">through</w>
  <w id="12" lemma="|the|" pos="DT" wid="12">the</w>
  <w id="13" lemma="|thick|" pos="JJ" wid="13">thick</w>
  <w id="14" lemma="|darkness|" pos="NN" wid="14">darkness</w>
  <w id="15" lemma="|of|" pos="IN" wid="15">of</w>
  <w id="16" lemma="|he|" pos="PRP$" wid="16">his</w>
  <w id="17" lemma="|passion|" pos="NN" wid="17">Passion</w>
  <w id="18" lemma="|and|" pos="CC" wid="18">and</w>
  <w id="19" lemma="|death|" pos="NN" wid="19">death</w>
  <w id="20" lemma="|,|" pos="," wid="20">,</w>
  <w id="21" lemma="|when|" pos="WRB" wid="21">when</w>
  <w id="22" lemma="|the|" pos="DT" wid="22">the</w>
  <w id="23" lemma="|folly|" pos="NN" wid="23">folly</w>
  <w id="24" lemma="|of|" pos="IN" wid="24">of</w>
  <w id="25" lemma="|the|" pos="DT" wid="25">the</w>
  <w id="26" lemma="|Cross|" pos="NNP" wid="26">Cross</w>
  <w id="27" lemma="|become|" pos="VBZ" wid="27">becomes</w>
  <w id="28" lemma="|unbearable|" pos="JJ" wid="28">unbearable</w>
  <w id="29" lemma="|to|" pos="TO" wid="29">to</w>
  <w id="30" lemma="|they|" pos="PRP" wid="30">them</w>
  <w id="31" lemma="|.|" pos="." wid="31">.</w>
</sentence>
<sentence id="11">
  <w id="0" lemma="|God|" pos="NNP" wid="0">God</w>
  <w id="1" lemma="|be|" pos="VBZ" wid="1">is</w>
  <w id="2" lemma="|light|" pos="JJ" wid="2">light</w>
  <w id="3" lemma="|,|" pos="," wid="3">,</w>
  <w id="4" lemma="|and|" pos="CC" wid="4">and</w>
  <w id="5" lemma="|Jesus|" pos="NNP" wid="5">Jesus</w>
  <w id="6" lemma="|wish|" pos="NNS" wid="6">wishes</w>
  <w id="7" lemma="|to|" pos="TO" wid="7">to</w>
  <w id="8" lemma="|give|" pos="VB" wid="8">give</w>
  <w id="9" lemma="|he|" pos="PRP$" wid="9">his</w>
  <w id="10" lemma="|closest|" pos="JJS" wid="10">closest</w>
  <w id="11" lemma="|friend|" pos="NNS" wid="11">friends</w>
  <w id="12" lemma="|the|" pos="DT" wid="12">the</w>
  <w id="13" lemma="|experience|" pos="NN" wid="13">experience</w>
  <w id="14" lemma="|of|" pos="IN" wid="14">of</w>
  <w id="15" lemma="|this|" pos="DT" wid="15">this</w>
  <w id="16" lemma="|light|" pos="NN" wid="16">light</w>
  <w id="17" lemma="|which|" pos="WDT" wid="17">which</w>
  <w id="18" lemma="|dwell|" pos="VBZ" wid="18">dwells</w>
  <w id="19" lemma="|within|" pos="IN" wid="19">within</w>
  <w id="20" lemma="|he|" pos="PRP" wid="20">him</w>
  <w id="21" lemma="|.|" pos="." wid="21">.</w>
</sentence>
<sentence id="12">
  <w id="0" lemma="|after|" pos="IN" wid="0">After</w>
  <w id="1" lemma="|this|" pos="DT" wid="1">this</w>
  <w id="2" lemma="|event|" pos="NN" wid="2">event</w>
  <w id="3" lemma="|,|" pos="," wid="3">,</w>
  <w id="4" lemma="|therefore|" pos="RB" wid="4">therefore</w>
  <w id="5" lemma="|,|" pos="," wid="5">,</w>
  <w id="6" lemma="|he|" pos="PRP" wid="6">he</w>
  <w id="7" lemma="|will|" pos="MD" wid="7">will</w>
  <w id="8" lemma="|be|" pos="VB" wid="8">be</w>
  <w id="9" lemma="|a|" pos="DT" wid="9">an</w>
  <w id="10" lemma="|inner|" pos="JJ" wid="10">inner</w>
  <w id="11" lemma="|light|" pos="NN" wid="11">light</w>
  <w id="12" lemma="|within|" pos="IN" wid="12">within</w>
  <w id="13" lemma="|they|" pos="PRP" wid="13">them</w>
  <w id="14" lemma="|that|" pos="WDT" wid="14">that</w>
  <w id="15" lemma="|can|" pos="MD" wid="15">can</w>
  <w id="16" lemma="|protect|" pos="VB" wid="16">protect</w>
  <w id="17" lemma="|they|" pos="PRP" wid="17">them</w>
  <w id="18" lemma="|from|" pos="IN" wid="18">from</w>
  <w id="19" lemma="|any|" pos="DT" wid="19">any</w>
  <w id="20" lemma="|assault|" pos="NN" wid="20">assault</w>
  <w id="21" lemma="|of|" pos="IN" wid="21">of</w>
  <w id="22" lemma="|darkness|" pos="NN" wid="22">darkness</w>
  <w id="23" lemma="|.|" pos="." wid="23">.</w>
</sentence>
<sentence id="13">
  <w id="0" lemma="|even|" pos="RB" wid="0">Even</w>
  <w id="1" lemma="|on|" pos="IN" wid="1">on</w>
  <w id="2" lemma="|the|" pos="DT" wid="2">the</w>
  <w id="3" lemma="|darkest|" pos="JJS" wid="3">darkest</w>
  <w id="4" lemma="|of|" pos="IN" wid="4">of</w>
  <w id="5" lemma="|night|" pos="NNS" wid="5">nights</w>
  <w id="6" lemma="|,|" pos="," wid="6">,</w>
  <w id="7" lemma="|Jesus|" pos="NNP" wid="7">Jesus</w>
  <w id="8" lemma="|be|" pos="VBZ" wid="8">is</w>
  <w id="9" lemma="|the|" pos="DT" wid="9">the</w>
  <w id="10" lemma="|lamp|" pos="NN" wid="10">lamp</w>
  <w id="11" lemma="|that|" pos="WDT" wid="11">that</w>
  <w id="12" lemma="|never|" pos="RB" wid="12">never</w>
  <w id="13" lemma="|go|" pos="VBZ" wid="13">goes</w>
  <w id="14" lemma="|out|" pos="RP" wid="14">out</w>
  <w id="15" lemma="|.|" pos="." wid="15">.</w>
</sentence>
<sentence id="14">
  <w id="0" lemma="|St|" pos="NNP" wid="0">St</w>
  <w id="1" lemma="|Augustine|" pos="NNP" wid="1">Augustine</w>
  <w id="2" lemma="|sum|" pos="VBZ" wid="2">sums</w>
  <w id="3" lemma="|up|" pos="RP" wid="3">up</w>
  <w id="4" lemma="|this|" pos="DT" wid="4">this</w>
  <w id="5" lemma="|mystery|" pos="NN" wid="5">mystery</w>
  <w id="6" lemma="|in|" pos="IN" wid="6">in</w>
  <w id="7" lemma="|beautiful|" pos="JJ" wid="7">beautiful</w>
  <w id="8" lemma="|word|" pos="NNS" wid="8">words</w>
  <w id="9" lemma="|,|" pos="," wid="9">,</w>
  <w id="10" lemma="|he|" pos="PRP" wid="10">he</w>
  <w id="11" lemma="|say|" pos="VBZ" wid="11">says</w>
  <w id="12" lemma="|:|" pos=":" wid="12">:</w>
  <w id="13" lemma="|``|" pos="``" wid="13">``</w>
  <w id="14" lemma="|what|" pos="WP" wid="14">what</w>
  <w id="15" lemma="|this|" pos="DT" wid="15">this</w>
  <w id="16" lemma="|sun|" pos="NN" wid="16">sun</w>
  <w id="17" lemma="|be|" pos="VBZ" wid="17">is</w>
  <w id="18" lemma="|to|" pos="TO" wid="18">to</w>
  <w id="19" lemma="|the|" pos="DT" wid="19">the</w>
  <w id="20" lemma="|eye|" pos="NNS" wid="20">eyes</w>
  <w id="21" lemma="|of|" pos="IN" wid="21">of</w>
  <w id="22" lemma="|the|" pos="DT" wid="22">the</w>
  <w id="23" lemma="|flesh|" pos="NN" wid="23">flesh</w>
  <w id="24" lemma="|,|" pos="," wid="24">,</w>
  <w id="25" lemma="|that|" pos="WDT" wid="25">that</w>
  <w id="26" lemma="|be|" pos="VBZ" wid="26">is</w>
  <w id="27" lemma="|-lsb-|" pos="-LRB-" wid="27">-LSB-</w>
  <w id="28" lemma="|Christ|" pos="NNP" wid="28">Christ</w>
  <w id="29" lemma="|-rsb-|" pos="-RRB-" wid="29">-RSB-</w>
  <w id="30" lemma="|to|" pos="TO" wid="30">to</w>
  <w id="31" lemma="|the|" pos="DT" wid="31">the</w>
  <w id="32" lemma="|eye|" pos="NNS" wid="32">eyes</w>
  <w id="33" lemma="|of|" pos="IN" wid="33">of</w>
  <w id="34" lemma="|the|" pos="DT" wid="34">the</w>
  <w id="35" lemma="|heart|" pos="NN" wid="35">heart</w>
  <w id="36" lemma="|''|" pos="''" wid="36">''</w>
  <w id="37" lemma="|-lrb-|" pos="-LRB-" wid="37">-LRB-</w>
  <w id="38" lemma="|Sermones|" pos="NNP" wid="38">Sermones</w>
  <w id="39" lemma="|78|" pos="CD" wid="39">78</w>
  <w id="40" lemma="|,|" pos="," wid="40">,</w>
  <w id="41" lemma="|2|" pos="CD" wid="41">2</w>
  <w id="42" lemma="|:|" pos=":" wid="42">:</w>
  <w id="43" lemma="|pl|" pos="NN" wid="43">PL</w>
  <w id="44" lemma="|38|" pos="CD" wid="44">38</w>
  <w id="45" lemma="|,|" pos="," wid="45">,</w>
  <w id="46" lemma="|490|" pos="CD" wid="46">490</w>
  <w id="47" lemma="|-rrb-|" pos="-RRB-" wid="47">-RRB-</w>
  <w id="48" lemma="|.|" pos="." wid="48">.</w>
</sentence>
<sentence id="15">
  <w id="0" lemma="|Dear|" pos="NNP" wid="0">Dear</w>
  <w id="1" lemma="|brother|" pos="NNS" wid="1">brothers</w>
  <w id="2" lemma="|and|" pos="CC" wid="2">and</w>
  <w id="3" lemma="|sister|" pos="NNS" wid="3">sisters</w>
  <w id="4" lemma="|,|" pos="," wid="4">,</w>
  <w id="5" lemma="|we|" pos="PRP" wid="5">we</w>
  <w id="6" lemma="|all|" pos="DT" wid="6">all</w>
  <w id="7" lemma="|need|" pos="VBP" wid="7">need</w>
  <w id="8" lemma="|inner|" pos="JJ" wid="8">inner</w>
  <w id="9" lemma="|light|" pos="NN" wid="9">light</w>
  <w id="10" lemma="|to|" pos="TO" wid="10">to</w>
  <w id="11" lemma="|overcome|" pos="VB" wid="11">overcome</w>
  <w id="12" lemma="|the|" pos="DT" wid="12">the</w>
  <w id="13" lemma="|trial|" pos="NNS" wid="13">trials</w>
  <w id="14" lemma="|of|" pos="IN" wid="14">of</w>
  <w id="15" lemma="|life|" pos="NN" wid="15">life</w>
  <w id="16" lemma="|.|" pos="." wid="16">.</w>
</sentence>
<sentence id="16">
  <w id="0" lemma="|this|" pos="DT" wid="0">This</w>
  <w id="1" lemma="|light|" pos="NN" wid="1">light</w>
  <w id="2" lemma="|come|" pos="VBZ" wid="2">comes</w>
  <w id="3" lemma="|from|" pos="IN" wid="3">from</w>
  <w id="4" lemma="|God|" pos="NNP" wid="4">God</w>
  <w id="5" lemma="|and|" pos="CC" wid="5">and</w>
  <w id="6" lemma="|it|" pos="PRP" wid="6">it</w>
  <w id="7" lemma="|be|" pos="VBZ" wid="7">is</w>
  <w id="8" lemma="|Christ|" pos="NNP" wid="8">Christ</w>
  <w id="9" lemma="|who|" pos="WP" wid="9">who</w>
  <w id="10" lemma="|give|" pos="VBZ" wid="10">gives</w>
  <w id="11" lemma="|it|" pos="PRP" wid="11">it</w>
  <w id="12" lemma="|to|" pos="TO" wid="12">to</w>
  <w id="13" lemma="|we|" pos="PRP" wid="13">us</w>
  <w id="14" lemma="|,|" pos="," wid="14">,</w>
  <w id="15" lemma="|the|" pos="DT" wid="15">the</w>
  <w id="16" lemma="|one|" pos="NN" wid="16">One</w>
  <w id="17" lemma="|in|" pos="IN" wid="17">in</w>
  <w id="18" lemma="|whom|" pos="WP" wid="18">whom</w>
  <w id="19" lemma="|the|" pos="DT" wid="19">the</w>
  <w id="20" lemma="|fullness|" pos="NN" wid="20">fullness</w>
  <w id="21" lemma="|of|" pos="IN" wid="21">of</w>
  <w id="22" lemma="|deity|" pos="NN" wid="22">deity</w>
  <w id="23" lemma="|dwell|" pos="NNS" wid="23">dwells</w>
  <w id="24" lemma="|-lrb-|" pos="-LRB-" wid="24">-LRB-</w>
  <w id="25" lemma="|cf|" pos="NN" wid="25">cf</w>
  <w id="26" lemma="|.|" pos="." wid="26">.</w>
</sentence>
<sentence id="17">
  <w id="0" lemma="|col|" pos="NN" wid="0">Col</w>
  <w id="1" lemma="|2:9|" pos="CD" wid="1">2:9</w>
  <w id="2" lemma="|-rrb-|" pos="-RRB-" wid="2">-RRB-</w>
  <w id="3" lemma="|.|" pos="." wid="3">.</w>
</sentence>
<sentence id="18">
  <w id="0" lemma="|let|" pos="VB" wid="0">Let</w>
  <w id="1" lemma="|we|" pos="PRP" wid="1">us</w>
  <w id="2" lemma="|climb|" pos="VB" wid="2">climb</w>
  <w id="3" lemma="|with|" pos="IN" wid="3">with</w>
  <w id="4" lemma="|Jesus|" pos="NNP" wid="4">Jesus</w>
  <w id="5" lemma="|the|" pos="DT" wid="5">the</w>
  <w id="6" lemma="|mountain|" pos="NN" wid="6">mountain</w>
  <w id="7" lemma="|of|" pos="IN" wid="7">of</w>
  <w id="8" lemma="|prayer|" pos="NN" wid="8">prayer</w>
  <w id="9" lemma="|and|" pos="CC" wid="9">and</w>
  <w id="10" lemma="|,|" pos="," wid="10">,</w>
  <w id="11" lemma="|contemplate|" pos="VBG" wid="11">contemplating</w>
  <w id="12" lemma="|he|" pos="PRP$" wid="12">his</w>
  <w id="13" lemma="|face|" pos="NN" wid="13">face</w>
  <w id="14" lemma="|full|" pos="JJ" wid="14">full</w>
  <w id="15" lemma="|of|" pos="IN" wid="15">of</w>
  <w id="16" lemma="|love|" pos="NN" wid="16">love</w>
  <w id="17" lemma="|and|" pos="CC" wid="17">and</w>
  <w id="18" lemma="|truth|" pos="NN" wid="18">truth</w>
  <w id="19" lemma="|,|" pos="," wid="19">,</w>
  <w id="20" lemma="|let|" pos="VB" wid="20">let</w>
  <w id="21" lemma="|we|" pos="PRP" wid="21">us</w>
  <w id="22" lemma="|allow|" pos="VB" wid="22">allow</w>
  <w id="23" lemma="|ourselves|" pos="PRP" wid="23">ourselves</w>
  <w id="24" lemma="|to|" pos="TO" wid="24">to</w>
  <w id="25" lemma="|be|" pos="VB" wid="25">be</w>
  <w id="26" lemma="|fill|" pos="VBN" wid="26">filled</w>
  <w id="27" lemma="|with|" pos="IN" wid="27">with</w>
  <w id="28" lemma="|he|" pos="PRP$" wid="28">his</w>
  <w id="29" lemma="|light|" pos="NN" wid="29">light</w>
  <w id="30" lemma="|.|" pos="." wid="30">.</w>
</sentence>
<sentence id="19">
  <w id="0" lemma="|let|" pos="VB" wid="0">Let</w>
  <w id="1" lemma="|we|" pos="PRP" wid="1">us</w>
  <w id="2" lemma="|ask|" pos="VB" wid="2">ask</w>
  <w id="3" lemma="|the|" pos="DT" wid="3">the</w>
  <w id="4" lemma="|Virgin|" pos="NNP" wid="4">Virgin</w>
  <w id="5" lemma="|Mary|" pos="NNP" wid="5">Mary</w>
  <w id="6" lemma="|,|" pos="," wid="6">,</w>
  <w id="7" lemma="|we|" pos="PRP$" wid="7">our</w>
  <w id="8" lemma="|guide|" pos="NN" wid="8">guide</w>
  <w id="9" lemma="|on|" pos="IN" wid="9">on</w>
  <w id="10" lemma="|the|" pos="DT" wid="10">the</w>
  <w id="11" lemma="|journey|" pos="NN" wid="11">journey</w>
  <w id="12" lemma="|of|" pos="IN" wid="12">of</w>
  <w id="13" lemma="|faith|" pos="NN" wid="13">faith</w>
  <w id="14" lemma="|,|" pos="," wid="14">,</w>
  <w id="15" lemma="|to|" pos="TO" wid="15">to</w>
  <w id="16" lemma="|help|" pos="VB" wid="16">help</w>
  <w id="17" lemma="|we|" pos="PRP" wid="17">us</w>
  <w id="18" lemma="|to|" pos="TO" wid="18">to</w>
  <w id="19" lemma="|live|" pos="VB" wid="19">live</w>
  <w id="20" lemma="|out|" pos="RP" wid="20">out</w>
  <w id="21" lemma="|this|" pos="DT" wid="21">this</w>
  <w id="22" lemma="|experience|" pos="NN" wid="22">experience</w>
  <w id="23" lemma="|in|" pos="IN" wid="23">in</w>
  <w id="24" lemma="|the|" pos="DT" wid="24">the</w>
  <w id="25" lemma="|season|" pos="NN" wid="25">season</w>
  <w id="26" lemma="|of|" pos="IN" wid="26">of</w>
  <w id="27" lemma="|Lent|" pos="NNP" wid="27">Lent</w>
  <w id="28" lemma="|,|" pos="," wid="28">,</w>
  <w id="29" lemma="|find|" pos="VBG" wid="29">finding</w>
  <w id="30" lemma="|every|" pos="DT" wid="30">every</w>
  <w id="31" lemma="|day|" pos="NN" wid="31">day</w>
  <w id="32" lemma="|a|" pos="DT" wid="32">a</w>
  <w id="33" lemma="|few|" pos="JJ" wid="33">few</w>
  <w id="34" lemma="|moment|" pos="NNS" wid="34">moments</w>
  <w id="35" lemma="|for|" pos="IN" wid="35">for</w>
  <w id="36" lemma="|silent|" pos="JJ" wid="36">silent</w>
  <w id="37" lemma="|prayer|" pos="NN" wid="37">prayer</w>
  <w id="38" lemma="|and|" pos="CC" wid="38">and</w>
  <w id="39" lemma="|for|" pos="IN" wid="39">for</w>
  <w id="40" lemma="|listen|" pos="VBG" wid="40">listening</w>
  <w id="41" lemma="|to|" pos="TO" wid="41">to</w>
  <w id="42" lemma="|the|" pos="DT" wid="42">the</w>
  <w id="43" lemma="|word|" pos="NN" wid="43">Word</w>
  <w id="44" lemma="|of|" pos="IN" wid="44">of</w>
  <w id="45" lemma="|God|" pos="NNP" wid="45">God</w>
  <w id="46" lemma="|.|" pos="." wid="46">.</w>
</sentence>
<sentence id="20">
  <w id="0" lemma="|after|" pos="IN" wid="0">After</w>
  <w id="1" lemma="|the|" pos="DT" wid="1">the</w>
  <w id="2" lemma="|Angelus|" pos="NNP" wid="2">Angelus</w>
  <w id="3" lemma="|:|" pos=":" wid="3">:</w>
  <w id="4" lemma="|I|" pos="PRP" wid="4">I</w>
  <w id="5" lemma="|greet|" pos="VB" wid="5">greet</w>
  <w id="6" lemma="|all|" pos="PDT" wid="6">all</w>
  <w id="7" lemma="|the|" pos="DT" wid="7">the</w>
  <w id="8" lemma="|english-speaking|" pos="JJ" wid="8">English-speaking</w>
  <w id="9" lemma="|pilgrim|" pos="NNS" wid="9">pilgrims</w>
  <w id="10" lemma="|and|" pos="CC" wid="10">and</w>
  <w id="11" lemma="|visitor|" pos="NNS" wid="11">visitors</w>
  <w id="12" lemma="|present|" pos="JJ" wid="12">present</w>
  <w id="13" lemma="|at|" pos="IN" wid="13">at</w>
  <w id="14" lemma="|this|" pos="DT" wid="14">this</w>
  <w id="15" lemma="|angelus|" pos="JJ" wid="15">Angelus</w>
  <w id="16" lemma="|prayer|" pos="NN" wid="16">prayer</w>
  <w id="17" lemma="|,|" pos="," wid="17">,</w>
  <w id="18" lemma="|especially|" pos="RB" wid="18">especially</w>
  <w id="19" lemma="|student|" pos="NNS" wid="19">students</w>
  <w id="20" lemma="|from|" pos="IN" wid="20">from</w>
  <w id="21" lemma="|the|" pos="DT" wid="21">the</w>
  <w id="22" lemma="|United|" pos="NNP" wid="22">United</w>
  <w id="23" lemma="|States|" pos="NNPS" wid="23">States</w>
  <w id="24" lemma="|of|" pos="IN" wid="24">of</w>
  <w id="25" lemma="|America|" pos="NNP" wid="25">America</w>
  <w id="26" lemma="|.|" pos="." wid="26">.</w>
</sentence>
<sentence id="21">
  <w id="0" lemma="|in|" pos="IN" wid="0">In</w>
  <w id="1" lemma="|today|" pos="NN" wid="1">today</w>
  <w id="2" lemma="|'s|" pos="POS" wid="2">'s</w>
  <w id="3" lemma="|Gospel|" pos="NNP" wid="3">Gospel</w>
  <w id="4" lemma="|,|" pos="," wid="4">,</w>
  <w id="5" lemma="|Jesus|" pos="NNP" wid="5">Jesus</w>
  <w id="6" lemma="|be|" pos="VBZ" wid="6">is</w>
  <w id="7" lemma="|transfigure|" pos="VBN" wid="7">transfigured</w>
  <w id="8" lemma="|,|" pos="," wid="8">,</w>
  <w id="9" lemma="|and|" pos="CC" wid="9">and</w>
  <w id="10" lemma="|show|" pos="VBZ" wid="10">shows</w>
  <w id="11" lemma="|he|" pos="PRP$" wid="11">his</w>
  <w id="12" lemma="|disciple|" pos="NNS" wid="12">disciples</w>
  <w id="13" lemma="|that|" pos="IN" wid="13">that</w>
  <w id="14" lemma="|he|" pos="PRP$" wid="14">his</w>
  <w id="15" lemma="|passion|" pos="NN" wid="15">Passion</w>
  <w id="16" lemma="|will|" pos="MD" wid="16">will</w>
  <w id="17" lemma="|lead|" pos="VB" wid="17">lead</w>
  <w id="18" lemma="|to|" pos="TO" wid="18">to</w>
  <w id="19" lemma="|the|" pos="DT" wid="19">the</w>
  <w id="20" lemma="|resurrection|" pos="NN" wid="20">Resurrection</w>
  <w id="21" lemma="|.|" pos="." wid="21">.</w>
</sentence>
<sentence id="22">
  <w id="0" lemma="|by|" pos="IN" wid="0">By</w>
  <w id="1" lemma="|God|" pos="NNP" wid="1">God</w>
  <w id="2" lemma="|'s|" pos="POS" wid="2">'s</w>
  <w id="3" lemma="|grace|" pos="NN" wid="3">grace</w>
  <w id="4" lemma="|,|" pos="," wid="4">,</w>
  <w id="5" lemma="|may|" pos="MD" wid="5">may</w>
  <w id="6" lemma="|we|" pos="PRP$" wid="6">our</w>
  <w id="7" lemma="|Lenten|" pos="NNP" wid="7">Lenten</w>
  <w id="8" lemma="|observance|" pos="NN" wid="8">observance</w>
  <w id="9" lemma="|lead|" pos="NN" wid="9">lead</w>
  <w id="10" lemma="|to|" pos="TO" wid="10">to</w>
  <w id="11" lemma="|a|" pos="DT" wid="11">a</w>
  <w id="12" lemma="|renewal|" pos="NN" wid="12">renewal</w>
  <w id="13" lemma="|of|" pos="IN" wid="13">of</w>
  <w id="14" lemma="|he|" pos="PRP$" wid="14">his</w>
  <w id="15" lemma="|radiance|" pos="NN" wid="15">radiance</w>
  <w id="16" lemma="|within|" pos="IN" wid="16">within</w>
  <w id="17" lemma="|we|" pos="PRP" wid="17">us</w>
  <w id="18" lemma="|.|" pos="." wid="18">.</w>
</sentence>
<sentence id="23">
  <w id="0" lemma="|upon|" pos="IN" wid="0">Upon</w>
  <w id="1" lemma="|you|" pos="PRP" wid="1">you</w>
  <w id="2" lemma="|and|" pos="CC" wid="2">and</w>
  <w id="3" lemma="|you|" pos="PRP$" wid="3">your</w>
  <w id="4" lemma="|love|" pos="VBN" wid="4">loved</w>
  <w id="5" lemma="|one|" pos="NNS" wid="5">ones</w>
  <w id="6" lemma="|,|" pos="," wid="6">,</w>
  <w id="7" lemma="|I|" pos="PRP" wid="7">I</w>
  <w id="8" lemma="|invoke|" pos="VBP" wid="8">invoke</w>
  <w id="9" lemma="|God|" pos="NNP" wid="9">God</w>
  <w id="10" lemma="|'s|" pos="POS" wid="10">'s</w>
  <w id="11" lemma="|abundant|" pos="JJ" wid="11">abundant</w>
  <w id="12" lemma="|blessing|" pos="NNS" wid="12">blessings</w>
  <w id="13" lemma="|!|" pos="." wid="13">!</w>
</sentence>
<sentence id="24">
  <w id="0" lemma="|I|" pos="PRP" wid="0">I</w>
  <w id="1" lemma="|wish|" pos="VBP" wid="1">wish</w>
  <w id="2" lemma="|you|" pos="PRP" wid="2">you</w>
  <w id="3" lemma="|all|" pos="PDT" wid="3">all</w>
  <w id="4" lemma="|a|" pos="DT" wid="4">a</w>
  <w id="5" lemma="|good|" pos="JJ" wid="5">good</w>
  <w id="6" lemma="|Sunday|" pos="NNP" wid="6">Sunday</w>
  <w id="7" lemma="|and|" pos="CC" wid="7">and</w>
  <w id="8" lemma="|a|" pos="DT" wid="8">a</w>
  <w id="9" lemma="|good|" pos="JJ" wid="9">good</w>
  <w id="10" lemma="|week|" pos="NN" wid="10">week</w>
  <w id="11" lemma="|.|" pos="." wid="11">.</w>
</sentence>
<sentence id="25">
  <w id="0" lemma="|thank|" pos="VB" wid="0">Thank</w>
  <w id="1" lemma="|you|" pos="PRP" wid="1">you</w>
  <w id="2" lemma="|for|" pos="IN" wid="2">for</w>
  <w id="3" lemma="|come|" pos="VBG" wid="3">coming</w>
  <w id="4" lemma="|.|" pos="." wid="4">.</w>
</sentence>
<sentence id="26">
  <w id="0" lemma="|have|" pos="VBP" wid="0">Have</w>
  <w id="1" lemma="|a|" pos="DT" wid="1">a</w>
  <w id="2" lemma="|good|" pos="JJ" wid="2">good</w>
  <w id="3" lemma="|Sunday|" pos="NNP" wid="3">Sunday</w>
  <w id="4" lemma="|!|" pos="." wid="4">!</w>
</sentence>
</corpus>