<corpus id="0">
<sentence id="0">
  <w id="0" lemma="|after|" pos="IN" wid="0">After</w>
  <w id="1" lemma="|the|" pos="DT" wid="1">the</w>
  <w id="2" lemma="|Angelus|" pos="NNP" wid="2">Angelus</w>
  <w id="3" lemma="|:|" pos=":" wid="3">:</w>
  <w id="4" lemma="|I|" pos="PRP" wid="4">I</w>
  <w id="5" lemma="|offer|" pos="VBP" wid="5">offer</w>
  <w id="6" lemma="|a|" pos="DT" wid="6">a</w>
  <w id="7" lemma="|warm|" pos="JJ" wid="7">warm</w>
  <w id="8" lemma="|greet|" pos="VBG" wid="8">greeting</w>
  <w id="9" lemma="|to|" pos="TO" wid="9">to</w>
  <w id="10" lemma="|all|" pos="PDT" wid="10">all</w>
  <w id="11" lemma="|the|" pos="DT" wid="11">the</w>
  <w id="12" lemma="|english-speaking|" pos="JJ" wid="12">English-speaking</w>
  <w id="13" lemma="|visitor|" pos="NNS" wid="13">visitors</w>
  <w id="14" lemma="|present|" pos="JJ" wid="14">present</w>
  <w id="15" lemma="|for|" pos="IN" wid="15">for</w>
  <w id="16" lemma="|this|" pos="DT" wid="16">this</w>
  <w id="17" lemma="|angelus|" pos="JJ" wid="17">Angelus</w>
  <w id="18" lemma="|prayer|" pos="NN" wid="18">prayer</w>
  <w id="19" lemma="|,|" pos="," wid="19">,</w>
  <w id="20" lemma="|especially|" pos="RB" wid="20">especially</w>
  <w id="21" lemma="|the|" pos="DT" wid="21">the</w>
  <w id="22" lemma="|boy|" pos="NNS" wid="22">boys</w>
  <w id="23" lemma="|and|" pos="CC" wid="23">and</w>
  <w id="24" lemma="|girl|" pos="NNS" wid="24">girls</w>
  <w id="25" lemma="|of|" pos="IN" wid="25">of</w>
  <w id="26" lemma="|the|" pos="DT" wid="26">the</w>
  <w id="27" lemma="|London|" pos="NNP" wid="27">London</w>
  <w id="28" lemma="|Oratory|" pos="NNP" wid="28">Oratory</w>
  <w id="29" lemma="|Junior|" pos="NNP" wid="29">Junior</w>
  <w id="30" lemma="|Choir|" pos="NNP" wid="30">Choir</w>
  <w id="31" lemma="|.|" pos="." wid="31">.</w>
</sentence>
<sentence id="1">
  <w id="0" lemma="|in|" pos="IN" wid="0">In</w>
  <w id="1" lemma="|today|" pos="NN" wid="1">today</w>
  <w id="2" lemma="|'s|" pos="POS" wid="2">'s</w>
  <w id="3" lemma="|Gospel|" pos="NNP" wid="3">Gospel</w>
  <w id="4" lemma="|the|" pos="DT" wid="4">the</w>
  <w id="5" lemma="|Church|" pos="NNP" wid="5">Church</w>
  <w id="6" lemma="|invite|" pos="VBZ" wid="6">invites</w>
  <w id="7" lemma="|we|" pos="PRP" wid="7">us</w>
  <w id="8" lemma="|to|" pos="TO" wid="8">to</w>
  <w id="9" lemma="|contemplate|" pos="VB" wid="9">contemplate</w>
  <w id="10" lemma="|Christ|" pos="NNP" wid="10">Christ</w>
  <w id="11" lemma="|'s|" pos="POS" wid="11">'s</w>
  <w id="12" lemma="|victory|" pos="NN" wid="12">victory</w>
  <w id="13" lemma="|over|" pos="IN" wid="13">over</w>
  <w id="14" lemma="|temptation|" pos="NN" wid="14">temptation</w>
  <w id="15" lemma="|and|" pos="CC" wid="15">and</w>
  <w id="16" lemma="|to|" pos="TO" wid="16">to</w>
  <w id="17" lemma="|imitate|" pos="VB" wid="17">imitate</w>
  <w id="18" lemma="|he|" pos="PRP$" wid="18">his</w>
  <w id="19" lemma="|complete|" pos="JJ" wid="19">complete</w>
  <w id="20" lemma="|obedience|" pos="NN" wid="20">obedience</w>
  <w id="21" lemma="|to|" pos="TO" wid="21">to</w>
  <w id="22" lemma="|the|" pos="DT" wid="22">the</w>
  <w id="23" lemma="|Father|" pos="NNP" wid="23">Father</w>
  <w id="24" lemma="|'s|" pos="POS" wid="24">'s</w>
  <w id="25" lemma="|will|" pos="NN" wid="25">will</w>
  <w id="26" lemma="|.|" pos="." wid="26">.</w>
</sentence>
<sentence id="2">
  <w id="0" lemma="|May|" pos="NNP" wid="0">May</w>
  <w id="1" lemma="|the|" pos="DT" wid="1">the</w>
  <w id="2" lemma="|Lenten|" pos="NNP" wid="2">Lenten</w>
  <w id="3" lemma="|season|" pos="NN" wid="3">Season</w>
  <w id="4" lemma="|which|" pos="WDT" wid="4">which</w>
  <w id="5" lemma="|we|" pos="PRP" wid="5">we</w>
  <w id="6" lemma="|have|" pos="VBP" wid="6">have</w>
  <w id="7" lemma="|now|" pos="RB" wid="7">now</w>
  <w id="8" lemma="|begin|" pos="VBN" wid="8">begun</w>
  <w id="9" lemma="|draw|" pos="NN" wid="9">draw</w>
  <w id="10" lemma="|we|" pos="PRP" wid="10">us</w>
  <w id="11" lemma="|closer|" pos="JJR" wid="11">closer</w>
  <w id="12" lemma="|to|" pos="TO" wid="12">to</w>
  <w id="13" lemma="|the|" pos="DT" wid="13">the</w>
  <w id="14" lemma="|lord|" pos="NN" wid="14">Lord</w>
  <w id="15" lemma="|in|" pos="IN" wid="15">in</w>
  <w id="16" lemma="|prayer|" pos="NN" wid="16">prayer</w>
  <w id="17" lemma="|and|" pos="CC" wid="17">and</w>
  <w id="18" lemma="|prepare|" pos="VB" wid="18">prepare</w>
  <w id="19" lemma="|we|" pos="PRP" wid="19">us</w>
  <w id="20" lemma="|to|" pos="TO" wid="20">to</w>
  <w id="21" lemma="|celebrate|" pos="VB" wid="21">celebrate</w>
  <w id="22" lemma="|worthily|" pos="RB" wid="22">worthily</w>
  <w id="23" lemma="|he|" pos="PRP$" wid="23">his</w>
  <w id="24" lemma="|victory|" pos="NN" wid="24">victory</w>
  <w id="25" lemma="|over|" pos="IN" wid="25">over</w>
  <w id="26" lemma="|sin|" pos="NN" wid="26">sin</w>
  <w id="27" lemma="|and|" pos="CC" wid="27">and</w>
  <w id="28" lemma="|death|" pos="NN" wid="28">death</w>
  <w id="29" lemma="|at|" pos="IN" wid="29">at</w>
  <w id="30" lemma="|Easter|" pos="NNP" wid="30">Easter</w>
  <w id="31" lemma="|.|" pos="." wid="31">.</w>
</sentence>
<sentence id="3">
  <w id="0" lemma="|upon|" pos="IN" wid="0">Upon</w>
  <w id="1" lemma="|all|" pos="DT" wid="1">all</w>
  <w id="2" lemma="|of|" pos="IN" wid="2">of</w>
  <w id="3" lemma="|you|" pos="PRP" wid="3">you</w>
  <w id="4" lemma="|I|" pos="PRP" wid="4">I</w>
  <w id="5" lemma="|invoke|" pos="VBP" wid="5">invoke</w>
  <w id="6" lemma="|God|" pos="NNP" wid="6">God</w>
  <w id="7" lemma="|'s|" pos="POS" wid="7">'s</w>
  <w id="8" lemma="|abundant|" pos="JJ" wid="8">abundant</w>
  <w id="9" lemma="|blessing|" pos="NNS" wid="9">Blessings</w>
  <w id="10" lemma="|!|" pos="." wid="10">!</w>
</sentence>
<sentence id="4">
  <w id="0" lemma="|I|" pos="PRP" wid="0">I</w>
  <w id="1" lemma="|wish|" pos="VBP" wid="1">wish</w>
  <w id="2" lemma="|you|" pos="PRP" wid="2">you</w>
  <w id="3" lemma="|all|" pos="PDT" wid="3">all</w>
  <w id="4" lemma="|a|" pos="DT" wid="4">a</w>
  <w id="5" lemma="|peaceful|" pos="JJ" wid="5">peaceful</w>
  <w id="6" lemma="|Sunday|" pos="NNP" wid="6">Sunday</w>
  <w id="7" lemma="|and|" pos="CC" wid="7">and</w>
  <w id="8" lemma="|a|" pos="DT" wid="8">a</w>
  <w id="9" lemma="|good|" pos="JJ" wid="9">good</w>
  <w id="10" lemma="|Lenten|" pos="NNP" wid="10">Lenten</w>
  <w id="11" lemma="|journey|" pos="NN" wid="11">journey</w>
  <w id="12" lemma="|.|" pos="." wid="12">.</w>
</sentence>
</corpus>