<corpus id="0">
<sentence id="0">
  <w id="0" lemma="|Dear|" pos="NNP" wid="0">Dear</w>
  <w id="1" lemma="|Brothers|" pos="NNPS" wid="1">Brothers</w>
  <w id="2" lemma="|and|" pos="CC" wid="2">and</w>
  <w id="3" lemma="|sister|" pos="NNS" wid="3">Sisters</w>
  <w id="4" lemma="|,|" pos="," wid="4">,</w>
  <w id="5" lemma="|the|" pos="DT" wid="5">The</w>
  <w id="6" lemma="|Gospel|" pos="NNP" wid="6">Gospel</w>
  <w id="7" lemma="|of|" pos="IN" wid="7">of</w>
  <w id="8" lemma="|Mark|" pos="NNP" wid="8">Mark</w>
  <w id="9" lemma="|,|" pos="," wid="9">,</w>
  <w id="10" lemma="|which|" pos="WDT" wid="10">which</w>
  <w id="11" lemma="|be|" pos="VBZ" wid="11">is</w>
  <w id="12" lemma="|the|" pos="DT" wid="12">the</w>
  <w id="13" lemma="|theme|" pos="NN" wid="13">theme</w>
  <w id="14" lemma="|of|" pos="IN" wid="14">of</w>
  <w id="15" lemma="|the|" pos="DT" wid="15">the</w>
  <w id="16" lemma="|Sunday|" pos="NNP" wid="16">Sunday</w>
  <w id="17" lemma="|celebration|" pos="NNS" wid="17">celebrations</w>
  <w id="18" lemma="|of|" pos="IN" wid="18">of</w>
  <w id="19" lemma="|this|" pos="DT" wid="19">this</w>
  <w id="20" lemma="|liturgical|" pos="JJ" wid="20">liturgical</w>
  <w id="21" lemma="|year|" pos="NN" wid="21">year</w>
  <w id="22" lemma="|,|" pos="," wid="22">,</w>
  <w id="23" lemma="|offer|" pos="VBZ" wid="23">offers</w>
  <w id="24" lemma="|a|" pos="DT" wid="24">a</w>
  <w id="25" lemma="|catechumenal|" pos="NN" wid="25">catechumenal</w>
  <w id="26" lemma="|programme|" pos="NN" wid="26">programme</w>
  <w id="27" lemma="|which|" pos="WDT" wid="27">which</w>
  <w id="28" lemma="|guide|" pos="NNS" wid="28">guides</w>
  <w id="29" lemma="|the|" pos="DT" wid="29">the</w>
  <w id="30" lemma="|disciple|" pos="NN" wid="30">disciple</w>
  <w id="31" lemma="|to|" pos="TO" wid="31">to</w>
  <w id="32" lemma="|recognize|" pos="VB" wid="32">recognize</w>
  <w id="33" lemma="|Jesus|" pos="NNP" wid="33">Jesus</w>
  <w id="34" lemma="|as|" pos="IN" wid="34">as</w>
  <w id="35" lemma="|the|" pos="DT" wid="35">the</w>
  <w id="36" lemma="|Son|" pos="NNP" wid="36">Son</w>
  <w id="37" lemma="|of|" pos="IN" wid="37">of</w>
  <w id="38" lemma="|God|" pos="NNP" wid="38">God</w>
  <w id="39" lemma="|.|" pos="." wid="39">.</w>
</sentence>
<sentence id="1">
  <w id="0" lemma="|by|" pos="IN" wid="0">By</w>
  <w id="1" lemma="|a|" pos="DT" wid="1">a</w>
  <w id="2" lemma="|fortunate|" pos="JJ" wid="2">fortunate</w>
  <w id="3" lemma="|coincidence|" pos="NN" wid="3">coincidence</w>
  <w id="4" lemma="|,|" pos="," wid="4">,</w>
  <w id="5" lemma="|today|" pos="NN" wid="5">today</w>
  <w id="6" lemma="|'s|" pos="POS" wid="6">'s</w>
  <w id="7" lemma="|Gospel|" pos="NNP" wid="7">Gospel</w>
  <w id="8" lemma="|passage|" pos="NN" wid="8">passage</w>
  <w id="9" lemma="|touch|" pos="NNS" wid="9">touches</w>
  <w id="10" lemma="|on|" pos="IN" wid="10">on</w>
  <w id="11" lemma="|the|" pos="DT" wid="11">the</w>
  <w id="12" lemma="|topic|" pos="NN" wid="12">topic</w>
  <w id="13" lemma="|of|" pos="IN" wid="13">of</w>
  <w id="14" lemma="|fasting|" pos="NN" wid="14">fasting</w>
  <w id="15" lemma="|:|" pos=":" wid="15">:</w>
  <w id="16" lemma="|as|" pos="IN" wid="16">as</w>
  <w id="17" lemma="|you|" pos="PRP" wid="17">you</w>
  <w id="18" lemma="|know|" pos="VBP" wid="18">know</w>
  <w id="19" lemma="|,|" pos="," wid="19">,</w>
  <w id="20" lemma="|next|" pos="JJ" wid="20">next</w>
  <w id="21" lemma="|Wednesday|" pos="NNP" wid="21">Wednesday</w>
  <w id="22" lemma="|the|" pos="DT" wid="22">the</w>
  <w id="23" lemma="|Lenten|" pos="NNP" wid="23">Lenten</w>
  <w id="24" lemma="|season|" pos="NN" wid="24">season</w>
  <w id="25" lemma="|begin|" pos="VBZ" wid="25">begins</w>
  <w id="26" lemma="|,|" pos="," wid="26">,</w>
  <w id="27" lemma="|with|" pos="IN" wid="27">with</w>
  <w id="28" lemma="|the|" pos="DT" wid="28">the</w>
  <w id="29" lemma="|rite|" pos="NN" wid="29">Rite</w>
  <w id="30" lemma="|of|" pos="IN" wid="30">of</w>
  <w id="31" lemma="|ash|" pos="NNS" wid="31">Ashes</w>
  <w id="32" lemma="|and|" pos="CC" wid="32">and</w>
  <w id="33" lemma="|penitential|" pos="JJ" wid="33">penitential</w>
  <w id="34" lemma="|fasting|" pos="NN" wid="34">fasting</w>
  <w id="35" lemma="|.|" pos="." wid="35">.</w>
</sentence>
<sentence id="2">
  <w id="0" lemma="|for|" pos="IN" wid="0">For</w>
  <w id="1" lemma="|this|" pos="DT" wid="1">this</w>
  <w id="2" lemma="|reason|" pos="NN" wid="2">reason</w>
  <w id="3" lemma="|,|" pos="," wid="3">,</w>
  <w id="4" lemma="|the|" pos="DT" wid="4">the</w>
  <w id="5" lemma="|Gospel|" pos="NNP" wid="5">Gospel</w>
  <w id="6" lemma="|be|" pos="VBZ" wid="6">is</w>
  <w id="7" lemma="|particularly|" pos="RB" wid="7">particularly</w>
  <w id="8" lemma="|appropriate|" pos="JJ" wid="8">appropriate</w>
  <w id="9" lemma="|.|" pos="." wid="9">.</w>
</sentence>
<sentence id="3">
  <w id="0" lemma="|indeed|" pos="RB" wid="0">Indeed</w>
  <w id="1" lemma="|,|" pos="," wid="1">,</w>
  <w id="2" lemma="|it|" pos="PRP" wid="2">it</w>
  <w id="3" lemma="|recount|" pos="VBZ" wid="3">recounts</w>
  <w id="4" lemma="|how|" pos="WRB" wid="4">how</w>
  <w id="5" lemma="|while|" pos="IN" wid="5">while</w>
  <w id="6" lemma="|Jesus|" pos="NNP" wid="6">Jesus</w>
  <w id="7" lemma="|be|" pos="VBD" wid="7">was</w>
  <w id="8" lemma="|at|" pos="IN" wid="8">at</w>
  <w id="9" lemma="|table|" pos="NN" wid="9">table</w>
  <w id="10" lemma="|in|" pos="IN" wid="10">in</w>
  <w id="11" lemma="|the|" pos="DT" wid="11">the</w>
  <w id="12" lemma="|house|" pos="NN" wid="12">house</w>
  <w id="13" lemma="|of|" pos="IN" wid="13">of</w>
  <w id="14" lemma="|Levi|" pos="NNP" wid="14">Levi</w>
  <w id="15" lemma="|,|" pos="," wid="15">,</w>
  <w id="16" lemma="|the|" pos="DT" wid="16">the</w>
  <w id="17" lemma="|publican|" pos="NN" wid="17">publican</w>
  <w id="18" lemma="|,|" pos="," wid="18">,</w>
  <w id="19" lemma="|the|" pos="DT" wid="19">the</w>
  <w id="20" lemma="|Pharisees|" pos="NNPS" wid="20">Pharisees</w>
  <w id="21" lemma="|and|" pos="CC" wid="21">and</w>
  <w id="22" lemma="|John|" pos="NNP" wid="22">John</w>
  <w id="23" lemma="|the|" pos="DT" wid="23">the</w>
  <w id="24" lemma="|Baptist|" pos="NNP" wid="24">Baptist</w>
  <w id="25" lemma="|'s|" pos="POS" wid="25">'s</w>
  <w id="26" lemma="|disciple|" pos="NNS" wid="26">disciples</w>
  <w id="27" lemma="|ask|" pos="VBD" wid="27">asked</w>
  <w id="28" lemma="|why|" pos="WRB" wid="28">why</w>
  <w id="29" lemma="|Jesus|" pos="NNP" wid="29">Jesus</w>
  <w id="30" lemma="|'|" pos="POS" wid="30">'</w>
  <w id="31" lemma="|disciple|" pos="NNS" wid="31">disciples</w>
  <w id="32" lemma="|be|" pos="VBD" wid="32">were</w>
  <w id="33" lemma="|not|" pos="RB" wid="33">not</w>
  <w id="34" lemma="|fast|" pos="VBG" wid="34">fasting</w>
  <w id="35" lemma="|as|" pos="IN" wid="35">as</w>
  <w id="36" lemma="|they|" pos="PRP" wid="36">they</w>
  <w id="37" lemma="|be|" pos="VBD" wid="37">were</w>
  <w id="38" lemma="|.|" pos="." wid="38">.</w>
</sentence>
<sentence id="4">
  <w id="0" lemma="|Jesus|" pos="NNP" wid="0">Jesus</w>
  <w id="1" lemma="|answer|" pos="VBD" wid="1">answered</w>
  <w id="2" lemma="|that|" pos="IN" wid="2">that</w>
  <w id="3" lemma="|wedding|" pos="NN" wid="3">wedding</w>
  <w id="4" lemma="|guest|" pos="NNS" wid="4">guests</w>
  <w id="5" lemma="|can|" pos="MD" wid="5">can</w>
  <w id="6" lemma="|not|" pos="RB" wid="6">not</w>
  <w id="7" lemma="|fast|" pos="RB" wid="7">fast</w>
  <w id="8" lemma="|while|" pos="IN" wid="8">while</w>
  <w id="9" lemma="|the|" pos="DT" wid="9">the</w>
  <w id="10" lemma="|bridegroom|" pos="NN" wid="10">bridegroom</w>
  <w id="11" lemma="|be|" pos="VBZ" wid="11">is</w>
  <w id="12" lemma="|with|" pos="IN" wid="12">with</w>
  <w id="13" lemma="|they|" pos="PRP" wid="13">them</w>
  <w id="14" lemma="|and|" pos="CC" wid="14">and</w>
  <w id="15" lemma="|that|" pos="IN" wid="15">that</w>
  <w id="16" lemma="|they|" pos="PRP" wid="16">they</w>
  <w id="17" lemma="|will|" pos="MD" wid="17">will</w>
  <w id="18" lemma="|fast|" pos="RB" wid="18">fast</w>
  <w id="19" lemma="|when|" pos="WRB" wid="19">when</w>
  <w id="20" lemma="|the|" pos="DT" wid="20">the</w>
  <w id="21" lemma="|bridegroom|" pos="NN" wid="21">bridegroom</w>
  <w id="22" lemma="|be|" pos="VBZ" wid="22">is</w>
  <w id="23" lemma="|take|" pos="VBN" wid="23">taken</w>
  <w id="24" lemma="|away|" pos="RB" wid="24">away</w>
  <w id="25" lemma="|from|" pos="IN" wid="25">from</w>
  <w id="26" lemma="|they|" pos="PRP" wid="26">them</w>
  <w id="27" lemma="|-lrb-|" pos="-LRB-" wid="27">-LRB-</w>
  <w id="28" lemma="|cf|" pos="NN" wid="28">cf</w>
  <w id="29" lemma="|.|" pos="." wid="29">.</w>
</sentence>
<sentence id="5">
  <w id="0" lemma="|mk|" pos="NN" wid="0">Mk</w>
  <w id="1" lemma="|2|" pos="CD" wid="1">2</w>
  <w id="2" lemma="|:|" pos=":" wid="2">:</w>
  <w id="3" lemma="|18|" pos="CD" wid="3">18</w>
  <w id="4" lemma="|,|" pos="," wid="4">,</w>
  <w id="5" lemma="|20|" pos="CD" wid="5">20</w>
  <w id="6" lemma="|-rrb-|" pos="-RRB-" wid="6">-RRB-</w>
  <w id="7" lemma="|.|" pos="." wid="7">.</w>
</sentence>
<sentence id="6">
  <w id="0" lemma="|with|" pos="IN" wid="0">With</w>
  <w id="1" lemma="|these|" pos="DT" wid="1">these</w>
  <w id="2" lemma="|word|" pos="NNS" wid="2">words</w>
  <w id="3" lemma="|,|" pos="," wid="3">,</w>
  <w id="4" lemma="|Christ|" pos="NNP" wid="4">Christ</w>
  <w id="5" lemma="|reveal|" pos="VBZ" wid="5">reveals</w>
  <w id="6" lemma="|he|" pos="PRP$" wid="6">his</w>
  <w id="7" lemma="|identity|" pos="NN" wid="7">identity</w>
  <w id="8" lemma="|of|" pos="IN" wid="8">of</w>
  <w id="9" lemma="|Messiah|" pos="NNP" wid="9">Messiah</w>
  <w id="10" lemma="|,|" pos="," wid="10">,</w>
  <w id="11" lemma="|Israel|" pos="NNP" wid="11">Israel</w>
  <w id="12" lemma="|'s|" pos="POS" wid="12">'s</w>
  <w id="13" lemma="|bridegroom|" pos="NN" wid="13">bridegroom</w>
  <w id="14" lemma="|,|" pos="," wid="14">,</w>
  <w id="15" lemma="|who|" pos="WP" wid="15">who</w>
  <w id="16" lemma="|come|" pos="VBD" wid="16">came</w>
  <w id="17" lemma="|for|" pos="IN" wid="17">for</w>
  <w id="18" lemma="|the|" pos="DT" wid="18">the</w>
  <w id="19" lemma="|betrothal|" pos="NN" wid="19">betrothal</w>
  <w id="20" lemma="|with|" pos="IN" wid="20">with</w>
  <w id="21" lemma="|he|" pos="PRP$" wid="21">his</w>
  <w id="22" lemma="|people|" pos="NNS" wid="22">people</w>
  <w id="23" lemma="|.|" pos="." wid="23">.</w>
</sentence>
<sentence id="7">
  <w id="0" lemma="|those|" pos="DT" wid="0">Those</w>
  <w id="1" lemma="|who|" pos="WP" wid="1">who</w>
  <w id="2" lemma="|recognize|" pos="VBP" wid="2">recognize</w>
  <w id="3" lemma="|and|" pos="CC" wid="3">and</w>
  <w id="4" lemma="|welcome|" pos="VBP" wid="4">welcome</w>
  <w id="5" lemma="|he|" pos="PRP" wid="5">him</w>
  <w id="6" lemma="|be|" pos="VBP" wid="6">are</w>
  <w id="7" lemma="|celebrate|" pos="VBG" wid="7">celebrating</w>
  <w id="8" lemma="|.|" pos="." wid="8">.</w>
</sentence>
<sentence id="8">
  <w id="0" lemma="|however|" pos="RB" wid="0">However</w>
  <w id="1" lemma="|,|" pos="," wid="1">,</w>
  <w id="2" lemma="|he|" pos="PRP" wid="2">he</w>
  <w id="3" lemma="|will|" pos="MD" wid="3">will</w>
  <w id="4" lemma="|have|" pos="VB" wid="4">have</w>
  <w id="5" lemma="|to|" pos="TO" wid="5">to</w>
  <w id="6" lemma="|be|" pos="VB" wid="6">be</w>
  <w id="7" lemma="|reject|" pos="VBN" wid="7">rejected</w>
  <w id="8" lemma="|and|" pos="CC" wid="8">and</w>
  <w id="9" lemma="|kill|" pos="VBN" wid="9">killed</w>
  <w id="10" lemma="|precisely|" pos="RB" wid="10">precisely</w>
  <w id="11" lemma="|by|" pos="IN" wid="11">by</w>
  <w id="12" lemma="|he|" pos="PRP$" wid="12">his</w>
  <w id="13" lemma="|own|" pos="JJ" wid="13">own</w>
  <w id="14" lemma="|;|" pos=":" wid="14">;</w>
  <w id="15" lemma="|at|" pos="IN" wid="15">at</w>
  <w id="16" lemma="|that|" pos="DT" wid="16">that</w>
  <w id="17" lemma="|moment|" pos="NN" wid="17">moment</w>
  <w id="18" lemma="|,|" pos="," wid="18">,</w>
  <w id="19" lemma="|during|" pos="IN" wid="19">during</w>
  <w id="20" lemma="|he|" pos="PRP$" wid="20">his</w>
  <w id="21" lemma="|passion|" pos="NN" wid="21">Passion</w>
  <w id="22" lemma="|and|" pos="CC" wid="22">and</w>
  <w id="23" lemma="|death|" pos="NN" wid="23">death</w>
  <w id="24" lemma="|,|" pos="," wid="24">,</w>
  <w id="25" lemma="|the|" pos="DT" wid="25">the</w>
  <w id="26" lemma="|hour|" pos="NN" wid="26">hour</w>
  <w id="27" lemma="|of|" pos="IN" wid="27">of</w>
  <w id="28" lemma="|mourning|" pos="NN" wid="28">mourning</w>
  <w id="29" lemma="|and|" pos="CC" wid="29">and</w>
  <w id="30" lemma="|fasting|" pos="NN" wid="30">fasting</w>
  <w id="31" lemma="|will|" pos="MD" wid="31">will</w>
  <w id="32" lemma="|come|" pos="VB" wid="32">come</w>
  <w id="33" lemma="|.|" pos="." wid="33">.</w>
</sentence>
<sentence id="9">
  <w id="0" lemma="|as|" pos="IN" wid="0">As</w>
  <w id="1" lemma="|I|" pos="PRP" wid="1">I</w>
  <w id="2" lemma="|mention|" pos="VBD" wid="2">mentioned</w>
  <w id="3" lemma="|,|" pos="," wid="3">,</w>
  <w id="4" lemma="|the|" pos="DT" wid="4">the</w>
  <w id="5" lemma="|Gospel|" pos="NNP" wid="5">Gospel</w>
  <w id="6" lemma="|episode|" pos="NN" wid="6">episode</w>
  <w id="7" lemma="|anticipate|" pos="VBZ" wid="7">anticipates</w>
  <w id="8" lemma="|the|" pos="DT" wid="8">the</w>
  <w id="9" lemma="|meaning|" pos="NN" wid="9">meaning</w>
  <w id="10" lemma="|of|" pos="IN" wid="10">of</w>
  <w id="11" lemma="|Lent|" pos="NNP" wid="11">Lent</w>
  <w id="12" lemma="|.|" pos="." wid="12">.</w>
</sentence>
<sentence id="10">
  <w id="0" lemma="|as|" pos="IN" wid="0">As</w>
  <w id="1" lemma="|a|" pos="DT" wid="1">a</w>
  <w id="2" lemma="|whole|" pos="NN" wid="2">whole</w>
  <w id="3" lemma="|,|" pos="," wid="3">,</w>
  <w id="4" lemma="|it|" pos="PRP" wid="4">it</w>
  <w id="5" lemma="|constitute|" pos="VBZ" wid="5">constitutes</w>
  <w id="6" lemma="|a|" pos="DT" wid="6">a</w>
  <w id="7" lemma="|great|" pos="JJ" wid="7">great</w>
  <w id="8" lemma="|memorial|" pos="NN" wid="8">memorial</w>
  <w id="9" lemma="|of|" pos="IN" wid="9">of</w>
  <w id="10" lemma="|the|" pos="DT" wid="10">the</w>
  <w id="11" lemma="|Lord|" pos="NNP" wid="11">Lord</w>
  <w id="12" lemma="|'s|" pos="POS" wid="12">'s</w>
  <w id="13" lemma="|passion|" pos="NN" wid="13">Passion</w>
  <w id="14" lemma="|in|" pos="IN" wid="14">in</w>
  <w id="15" lemma="|preparation|" pos="NN" wid="15">preparation</w>
  <w id="16" lemma="|for|" pos="IN" wid="16">for</w>
  <w id="17" lemma="|he|" pos="PRP$" wid="17">his</w>
  <w id="18" lemma="|Paschal|" pos="NNP" wid="18">Paschal</w>
  <w id="19" lemma="|Resurrection|" pos="NNP" wid="19">Resurrection</w>
  <w id="20" lemma="|.|" pos="." wid="20">.</w>
</sentence>
<sentence id="11">
  <w id="0" lemma="|during|" pos="IN" wid="0">During</w>
  <w id="1" lemma="|this|" pos="DT" wid="1">this</w>
  <w id="2" lemma="|season|" pos="NN" wid="2">season</w>
  <w id="3" lemma="|,|" pos="," wid="3">,</w>
  <w id="4" lemma="|we|" pos="PRP" wid="4">we</w>
  <w id="5" lemma="|abstain|" pos="VBP" wid="5">abstain</w>
  <w id="6" lemma="|from|" pos="IN" wid="6">from</w>
  <w id="7" lemma="|sing|" pos="VBG" wid="7">singing</w>
  <w id="8" lemma="|the|" pos="DT" wid="8">the</w>
  <w id="9" lemma="|``|" pos="``" wid="9">``</w>
  <w id="10" lemma="|Alleluia|" pos="NNP" wid="10">Alleluia</w>
  <w id="11" lemma="|''|" pos="''" wid="11">''</w>
  <w id="12" lemma="|and|" pos="CC" wid="12">and</w>
  <w id="13" lemma="|we|" pos="PRP" wid="13">we</w>
  <w id="14" lemma="|be|" pos="VBP" wid="14">are</w>
  <w id="15" lemma="|ask|" pos="VBN" wid="15">asked</w>
  <w id="16" lemma="|to|" pos="TO" wid="16">to</w>
  <w id="17" lemma="|make|" pos="VB" wid="17">make</w>
  <w id="18" lemma="|appropriate|" pos="JJ" wid="18">appropriate</w>
  <w id="19" lemma="|penitential|" pos="JJ" wid="19">penitential</w>
  <w id="20" lemma="|sacrifice|" pos="NNS" wid="20">sacrifices</w>
  <w id="21" lemma="|.|" pos="." wid="21">.</w>
</sentence>
<sentence id="12">
  <w id="0" lemma="|the|" pos="DT" wid="0">The</w>
  <w id="1" lemma="|season|" pos="NN" wid="1">season</w>
  <w id="2" lemma="|of|" pos="IN" wid="2">of</w>
  <w id="3" lemma="|Lent|" pos="NNP" wid="3">Lent</w>
  <w id="4" lemma="|should|" pos="MD" wid="4">should</w>
  <w id="5" lemma="|not|" pos="RB" wid="5">not</w>
  <w id="6" lemma="|be|" pos="VB" wid="6">be</w>
  <w id="7" lemma="|face|" pos="VBN" wid="7">faced</w>
  <w id="8" lemma="|with|" pos="IN" wid="8">with</w>
  <w id="9" lemma="|a|" pos="DT" wid="9">an</w>
  <w id="10" lemma="|``|" pos="``" wid="10">``</w>
  <w id="11" lemma="|old|" pos="JJ" wid="11">old</w>
  <w id="12" lemma="|''|" pos="''" wid="12">''</w>
  <w id="13" lemma="|spirit|" pos="NN" wid="13">spirit</w>
  <w id="14" lemma="|,|" pos="," wid="14">,</w>
  <w id="15" lemma="|as|" pos="IN" wid="15">as</w>
  <w id="16" lemma="|if|" pos="IN" wid="16">if</w>
  <w id="17" lemma="|it|" pos="PRP" wid="17">it</w>
  <w id="18" lemma="|be|" pos="VBD" wid="18">were</w>
  <w id="19" lemma="|a|" pos="DT" wid="19">a</w>
  <w id="20" lemma="|heavy|" pos="JJ" wid="20">heavy</w>
  <w id="21" lemma="|and|" pos="CC" wid="21">and</w>
  <w id="22" lemma="|tedious|" pos="JJ" wid="22">tedious</w>
  <w id="23" lemma="|obligation|" pos="NN" wid="23">obligation</w>
  <w id="24" lemma="|,|" pos="," wid="24">,</w>
  <w id="25" lemma="|but|" pos="CC" wid="25">but</w>
  <w id="26" lemma="|with|" pos="IN" wid="26">with</w>
  <w id="27" lemma="|the|" pos="DT" wid="27">the</w>
  <w id="28" lemma="|new|" pos="JJ" wid="28">new</w>
  <w id="29" lemma="|spirit|" pos="NN" wid="29">spirit</w>
  <w id="30" lemma="|of|" pos="IN" wid="30">of</w>
  <w id="31" lemma="|those|" pos="DT" wid="31">those</w>
  <w id="32" lemma="|who|" pos="WP" wid="32">who</w>
  <w id="33" lemma="|have|" pos="VBP" wid="33">have</w>
  <w id="34" lemma="|find|" pos="VBN" wid="34">found</w>
  <w id="35" lemma="|the|" pos="DT" wid="35">the</w>
  <w id="36" lemma="|meaning|" pos="NN" wid="36">meaning</w>
  <w id="37" lemma="|of|" pos="IN" wid="37">of</w>
  <w id="38" lemma="|life|" pos="NN" wid="38">life</w>
  <w id="39" lemma="|in|" pos="IN" wid="39">in</w>
  <w id="40" lemma="|Jesus|" pos="NNP" wid="40">Jesus</w>
  <w id="41" lemma="|and|" pos="CC" wid="41">and</w>
  <w id="42" lemma="|in|" pos="IN" wid="42">in</w>
  <w id="43" lemma="|he|" pos="PRP$" wid="43">his</w>
  <w id="44" lemma="|Paschal|" pos="NNP" wid="44">Paschal</w>
  <w id="45" lemma="|Mystery|" pos="NNP" wid="45">Mystery</w>
  <w id="46" lemma="|and|" pos="CC" wid="46">and</w>
  <w id="47" lemma="|realize|" pos="VBP" wid="47">realize</w>
  <w id="48" lemma="|that|" pos="IN" wid="48">that</w>
  <w id="49" lemma="|henceforth|" pos="JJ" wid="49">henceforth</w>
  <w id="50" lemma="|everything|" pos="NN" wid="50">everything</w>
  <w id="51" lemma="|must|" pos="MD" wid="51">must</w>
  <w id="52" lemma="|refer|" pos="VB" wid="52">refer</w>
  <w id="53" lemma="|to|" pos="TO" wid="53">to</w>
  <w id="54" lemma="|he|" pos="PRP" wid="54">him</w>
  <w id="55" lemma="|.|" pos="." wid="55">.</w>
</sentence>
<sentence id="13">
  <w id="0" lemma="|this|" pos="DT" wid="0">This</w>
  <w id="1" lemma="|be|" pos="VBD" wid="1">was</w>
  <w id="2" lemma="|the|" pos="DT" wid="2">the</w>
  <w id="3" lemma="|attitude|" pos="NN" wid="3">attitude</w>
  <w id="4" lemma="|of|" pos="IN" wid="4">of</w>
  <w id="5" lemma="|the|" pos="DT" wid="5">the</w>
  <w id="6" lemma="|Apostle|" pos="NNP" wid="6">Apostle</w>
  <w id="7" lemma="|Paul|" pos="NNP" wid="7">Paul</w>
  <w id="8" lemma="|who|" pos="WP" wid="8">who</w>
  <w id="9" lemma="|affirm|" pos="VBD" wid="9">affirmed</w>
  <w id="10" lemma="|that|" pos="IN" wid="10">that</w>
  <w id="11" lemma="|he|" pos="PRP" wid="11">he</w>
  <w id="12" lemma="|have|" pos="VBD" wid="12">had</w>
  <w id="13" lemma="|leave|" pos="VBN" wid="13">left</w>
  <w id="14" lemma="|everything|" pos="NN" wid="14">everything</w>
  <w id="15" lemma="|behind|" pos="IN" wid="15">behind</w>
  <w id="16" lemma="|in|" pos="IN" wid="16">in</w>
  <w id="17" lemma="|order|" pos="NN" wid="17">order</w>
  <w id="18" lemma="|to|" pos="TO" wid="18">to</w>
  <w id="19" lemma="|know|" pos="VB" wid="19">know</w>
  <w id="20" lemma="|Christ|" pos="NNP" wid="20">Christ</w>
  <w id="21" lemma="|and|" pos="CC" wid="21">and</w>
  <w id="22" lemma="|``|" pos="``" wid="22">``</w>
  <w id="23" lemma="|the|" pos="DT" wid="23">the</w>
  <w id="24" lemma="|power|" pos="NN" wid="24">power</w>
  <w id="25" lemma="|of|" pos="IN" wid="25">of</w>
  <w id="26" lemma="|he|" pos="PRP$" wid="26">his</w>
  <w id="27" lemma="|resurrection|" pos="NN" wid="27">resurrection</w>
  <w id="28" lemma="|,|" pos="," wid="28">,</w>
  <w id="29" lemma="|and|" pos="CC" wid="29">and</w>
  <w id="30" lemma="|-lsb-|" pos="-LRB-" wid="30">-LSB-</w>
  <w id="31" lemma="|to|" pos="TO" wid="31">to</w>
  <w id="32" lemma="|-rsb-|" pos="-RRB-" wid="32">-RSB-</w>
  <w id="33" lemma="|share|" pos="VB" wid="33">share</w>
  <w id="34" lemma="|he|" pos="PRP$" wid="34">his</w>
  <w id="35" lemma="|suffering|" pos="NNS" wid="35">sufferings</w>
  <w id="36" lemma="|,|" pos="," wid="36">,</w>
  <w id="37" lemma="|become|" pos="VBG" wid="37">becoming</w>
  <w id="38" lemma="|like|" pos="IN" wid="38">like</w>
  <w id="39" lemma="|he|" pos="PRP" wid="39">him</w>
  <w id="40" lemma="|in|" pos="IN" wid="40">in</w>
  <w id="41" lemma="|he|" pos="PRP$" wid="41">his</w>
  <w id="42" lemma="|death|" pos="NN" wid="42">death</w>
  <w id="43" lemma="|,|" pos="," wid="43">,</w>
  <w id="44" lemma="|that|" pos="IN" wid="44">that</w>
  <w id="45" lemma="|if|" pos="IN" wid="45">if</w>
  <w id="46" lemma="|possible|" pos="JJ" wid="46">possible</w>
  <w id="47" lemma="|-lsb-|" pos="-LRB-" wid="47">-LSB-</w>
  <w id="48" lemma="|he|" pos="PRP" wid="48">he</w>
  <w id="49" lemma="|might|" pos="MD" wid="49">might</w>
  <w id="50" lemma="|-rsb-|" pos="-RRB-" wid="50">-RSB-</w>
  <w id="51" lemma="|attain|" pos="VB" wid="51">attain</w>
  <w id="52" lemma="|the|" pos="DT" wid="52">the</w>
  <w id="53" lemma="|resurrection|" pos="NN" wid="53">resurrection</w>
  <w id="54" lemma="|from|" pos="IN" wid="54">from</w>
  <w id="55" lemma="|the|" pos="DT" wid="55">the</w>
  <w id="56" lemma="|dead|" pos="NN" wid="56">dead</w>
  <w id="57" lemma="|''|" pos="''" wid="57">''</w>
  <w id="58" lemma="|-lrb-|" pos="-LRB-" wid="58">-LRB-</w>
  <w id="59" lemma="|Phil|" pos="NNP" wid="59">Phil</w>
  <w id="60" lemma="|3|" pos="CD" wid="60">3</w>
  <w id="61" lemma="|:|" pos=":" wid="61">:</w>
  <w id="62" lemma="|10-11|" pos="CD" wid="62">10-11</w>
  <w id="63" lemma="|-rrb-|" pos="-RRB-" wid="63">-RRB-</w>
  <w id="64" lemma="|.|" pos="." wid="64">.</w>
</sentence>
<sentence id="14">
  <w id="0" lemma="|May|" pos="NNP" wid="0">May</w>
  <w id="1" lemma="|we|" pos="PRP$" wid="1">our</w>
  <w id="2" lemma="|guide|" pos="NN" wid="2">guide</w>
  <w id="3" lemma="|and|" pos="CC" wid="3">and</w>
  <w id="4" lemma="|teacher|" pos="NN" wid="4">teacher</w>
  <w id="5" lemma="|in|" pos="IN" wid="5">in</w>
  <w id="6" lemma="|we|" pos="PRP$" wid="6">our</w>
  <w id="7" lemma="|lenten|" pos="JJ" wid="7">Lenten</w>
  <w id="8" lemma="|journey|" pos="NN" wid="8">journey</w>
  <w id="9" lemma="|be|" pos="VB" wid="9">be</w>
  <w id="10" lemma="|Mary|" pos="NNP" wid="10">Mary</w>
  <w id="11" lemma="|Most|" pos="NNP" wid="11">Most</w>
  <w id="12" lemma="|Holy|" pos="NNP" wid="12">Holy</w>
  <w id="13" lemma="|,|" pos="," wid="13">,</w>
  <w id="14" lemma="|who|" pos="WP" wid="14">who</w>
  <w id="15" lemma="|follow|" pos="VBD" wid="15">followed</w>
  <w id="16" lemma="|Jesus|" pos="NNP" wid="16">Jesus</w>
  <w id="17" lemma="|with|" pos="IN" wid="17">with</w>
  <w id="18" lemma="|total|" pos="JJ" wid="18">total</w>
  <w id="19" lemma="|faith|" pos="NN" wid="19">faith</w>
  <w id="20" lemma="|when|" pos="WRB" wid="20">when</w>
  <w id="21" lemma="|he|" pos="PRP" wid="21">he</w>
  <w id="22" lemma="|set|" pos="VBD" wid="22">set</w>
  <w id="23" lemma="|out|" pos="RP" wid="23">out</w>
  <w id="24" lemma="|with|" pos="IN" wid="24">with</w>
  <w id="25" lemma="|determination|" pos="NN" wid="25">determination</w>
  <w id="26" lemma="|for|" pos="IN" wid="26">for</w>
  <w id="27" lemma="|Jerusalem|" pos="NNP" wid="27">Jerusalem</w>
  <w id="28" lemma="|,|" pos="," wid="28">,</w>
  <w id="29" lemma="|to|" pos="TO" wid="29">to</w>
  <w id="30" lemma="|suffer|" pos="VB" wid="30">suffer</w>
  <w id="31" lemma="|the|" pos="DT" wid="31">the</w>
  <w id="32" lemma="|passion|" pos="NN" wid="32">Passion</w>
  <w id="33" lemma="|.|" pos="." wid="33">.</w>
</sentence>
<sentence id="15">
  <w id="0" lemma="|she|" pos="PRP" wid="0">She</w>
  <w id="1" lemma="|receive|" pos="VBD" wid="1">received</w>
  <w id="2" lemma="|like|" pos="IN" wid="2">like</w>
  <w id="3" lemma="|a|" pos="DT" wid="3">a</w>
  <w id="4" lemma="|``|" pos="``" wid="4">``</w>
  <w id="5" lemma="|fresh|" pos="JJ" wid="5">fresh</w>
  <w id="6" lemma="|skin|" pos="NN" wid="6">skin</w>
  <w id="7" lemma="|''|" pos="''" wid="7">''</w>
  <w id="8" lemma="|the|" pos="DT" wid="8">the</w>
  <w id="9" lemma="|``|" pos="``" wid="9">``</w>
  <w id="10" lemma="|new|" pos="JJ" wid="10">new</w>
  <w id="11" lemma="|wine|" pos="NN" wid="11">wine</w>
  <w id="12" lemma="|''|" pos="''" wid="12">''</w>
  <w id="13" lemma="|bring|" pos="VBN" wid="13">brought</w>
  <w id="14" lemma="|by|" pos="IN" wid="14">by</w>
  <w id="15" lemma="|the|" pos="DT" wid="15">the</w>
  <w id="16" lemma="|Son|" pos="NNP" wid="16">Son</w>
  <w id="17" lemma="|for|" pos="IN" wid="17">for</w>
  <w id="18" lemma="|the|" pos="DT" wid="18">the</w>
  <w id="19" lemma="|messianic|" pos="JJ" wid="19">messianic</w>
  <w id="20" lemma="|betrothal|" pos="NN" wid="20">betrothal</w>
  <w id="21" lemma="|-lrb-|" pos="-LRB-" wid="21">-LRB-</w>
  <w id="22" lemma="|cf|" pos="NN" wid="22">cf</w>
  <w id="23" lemma="|.|" pos="." wid="23">.</w>
</sentence>
<sentence id="16">
  <w id="0" lemma="|mk|" pos="NN" wid="0">Mk</w>
  <w id="1" lemma="|2|" pos="CD" wid="1">2</w>
  <w id="2" lemma="|:|" pos=":" wid="2">:</w>
  <w id="3" lemma="|22|" pos="CD" wid="3">22</w>
  <w id="4" lemma="|-rrb-|" pos="-RRB-" wid="4">-RRB-</w>
  <w id="5" lemma="|.|" pos="." wid="5">.</w>
</sentence>
<sentence id="17">
  <w id="0" lemma="|and|" pos="CC" wid="0">And</w>
  <w id="1" lemma="|so|" pos="IN" wid="1">so</w>
  <w id="2" lemma="|it|" pos="PRP" wid="2">it</w>
  <w id="3" lemma="|be|" pos="VBD" wid="3">was</w>
  <w id="4" lemma="|that|" pos="IN" wid="4">that</w>
  <w id="5" lemma="|the|" pos="DT" wid="5">the</w>
  <w id="6" lemma="|grace|" pos="NN" wid="6">grace</w>
  <w id="7" lemma="|she|" pos="PRP" wid="7">she</w>
  <w id="8" lemma="|request|" pos="VBD" wid="8">requested</w>
  <w id="9" lemma="|with|" pos="IN" wid="9">with</w>
  <w id="10" lemma="|a|" pos="DT" wid="10">a</w>
  <w id="11" lemma="|motherly|" pos="JJ" wid="11">motherly</w>
  <w id="12" lemma="|instinct|" pos="NN" wid="12">instinct</w>
  <w id="13" lemma="|for|" pos="IN" wid="13">for</w>
  <w id="14" lemma="|the|" pos="DT" wid="14">the</w>
  <w id="15" lemma="|spouse|" pos="NNS" wid="15">spouses</w>
  <w id="16" lemma="|at|" pos="IN" wid="16">at</w>
  <w id="17" lemma="|Cana|" pos="NNP" wid="17">Cana</w>
  <w id="18" lemma="|,|" pos="," wid="18">,</w>
  <w id="19" lemma="|she|" pos="PRP" wid="19">she</w>
  <w id="20" lemma="|herself|" pos="PRP" wid="20">herself</w>
  <w id="21" lemma="|have|" pos="VBD" wid="21">had</w>
  <w id="22" lemma="|first|" pos="RB" wid="22">first</w>
  <w id="23" lemma="|receive|" pos="VBN" wid="23">received</w>
  <w id="24" lemma="|beneath|" pos="IN" wid="24">beneath</w>
  <w id="25" lemma="|the|" pos="DT" wid="25">the</w>
  <w id="26" lemma="|Cross|" pos="NNP" wid="26">Cross</w>
  <w id="27" lemma="|,|" pos="," wid="27">,</w>
  <w id="28" lemma="|pour|" pos="VBD" wid="28">poured</w>
  <w id="29" lemma="|out|" pos="RP" wid="29">out</w>
  <w id="30" lemma="|from|" pos="IN" wid="30">from</w>
  <w id="31" lemma="|the|" pos="DT" wid="31">the</w>
  <w id="32" lemma="|pierce|" pos="VBN" wid="32">pierced</w>
  <w id="33" lemma="|Heart|" pos="NNP" wid="33">Heart</w>
  <w id="34" lemma="|of|" pos="IN" wid="34">of</w>
  <w id="35" lemma="|the|" pos="DT" wid="35">the</w>
  <w id="36" lemma="|Son|" pos="NNP" wid="36">Son</w>
  <w id="37" lemma="|,|" pos="," wid="37">,</w>
  <w id="38" lemma="|a|" pos="DT" wid="38">an</w>
  <w id="39" lemma="|incarnation|" pos="NN" wid="39">incarnation</w>
  <w id="40" lemma="|of|" pos="IN" wid="40">of</w>
  <w id="41" lemma="|God|" pos="NNP" wid="41">God</w>
  <w id="42" lemma="|'s|" pos="POS" wid="42">'s</w>
  <w id="43" lemma="|love|" pos="NN" wid="43">love</w>
  <w id="44" lemma="|for|" pos="IN" wid="44">for</w>
  <w id="45" lemma="|humanity|" pos="NN" wid="45">humanity</w>
  <w id="46" lemma="|-lrb-|" pos="-LRB-" wid="46">-LRB-</w>
  <w id="47" lemma="|cf|" pos="NN" wid="47">cf</w>
  <w id="48" lemma="|.|" pos="." wid="48">.</w>
</sentence>
<sentence id="18">
  <w id="0" lemma="|deus|" pos="FW" wid="0">Deus</w>
  <w id="1" lemma="|caritas|" pos="FW" wid="1">Caritas</w>
  <w id="2" lemma="|est|" pos="NN" wid="2">Est</w>
  <w id="3" lemma="|,|" pos="," wid="3">,</w>
  <w id="4" lemma="|nn|" pos="NN" wid="4">nn</w>
  <w id="5" lemma="|.|" pos="." wid="5">.</w>
</sentence>
<sentence id="19">
  <w id="0" lemma="|13-15|" pos="CD" wid="0">13-15</w>
  <w id="1" lemma="|-rrb-|" pos="-RRB-" wid="1">-RRB-</w>
  <w id="2" lemma="|.|" pos="." wid="2">.</w>
</sentence>
<sentence id="20">
  <w id="0" lemma="|after|" pos="IN" wid="0">After</w>
  <w id="1" lemma="|the|" pos="DT" wid="1">the</w>
  <w id="2" lemma="|Angelus|" pos="NNP" wid="2">Angelus</w>
  <w id="3" lemma="|:|" pos=":" wid="3">:</w>
  <w id="4" lemma="|I|" pos="PRP" wid="4">I</w>
  <w id="5" lemma="|offer|" pos="VBP" wid="5">offer</w>
  <w id="6" lemma="|a|" pos="DT" wid="6">a</w>
  <w id="7" lemma="|warm|" pos="JJ" wid="7">warm</w>
  <w id="8" lemma="|welcome|" pos="JJ" wid="8">welcome</w>
  <w id="9" lemma="|to|" pos="TO" wid="9">to</w>
  <w id="10" lemma="|all|" pos="PDT" wid="10">all</w>
  <w id="11" lemma="|the|" pos="DT" wid="11">the</w>
  <w id="12" lemma="|english-speaking|" pos="JJ" wid="12">English-speaking</w>
  <w id="13" lemma="|pilgrim|" pos="NNS" wid="13">pilgrims</w>
  <w id="14" lemma="|and|" pos="CC" wid="14">and</w>
  <w id="15" lemma="|visitor|" pos="NNS" wid="15">visitors</w>
  <w id="16" lemma="|.|" pos="." wid="16">.</w>
</sentence>
<sentence id="21">
  <w id="0" lemma="|this|" pos="DT" wid="0">This</w>
  <w id="1" lemma="|Wednesday|" pos="NNP" wid="1">Wednesday</w>
  <w id="2" lemma="|the|" pos="DT" wid="2">the</w>
  <w id="3" lemma="|Church|" pos="NNP" wid="3">Church</w>
  <w id="4" lemma="|begin|" pos="VBZ" wid="4">begins</w>
  <w id="5" lemma="|she|" pos="PRP$" wid="5">her</w>
  <w id="6" lemma="|annual|" pos="JJ" wid="6">annual</w>
  <w id="7" lemma="|Lenten|" pos="NNP" wid="7">Lenten</w>
  <w id="8" lemma="|pilgrimage|" pos="NN" wid="8">pilgrimage</w>
  <w id="9" lemma="|of|" pos="IN" wid="9">of</w>
  <w id="10" lemma="|prayer|" pos="NN" wid="10">prayer</w>
  <w id="11" lemma="|and|" pos="CC" wid="11">and</w>
  <w id="12" lemma="|penance|" pos="NN" wid="12">penance</w>
  <w id="13" lemma="|,|" pos="," wid="13">,</w>
  <w id="14" lemma="|in|" pos="IN" wid="14">in</w>
  <w id="15" lemma="|preparation|" pos="NN" wid="15">preparation</w>
  <w id="16" lemma="|for|" pos="IN" wid="16">for</w>
  <w id="17" lemma="|the|" pos="DT" wid="17">the</w>
  <w id="18" lemma="|celebration|" pos="NN" wid="18">celebration</w>
  <w id="19" lemma="|of|" pos="IN" wid="19">of</w>
  <w id="20" lemma="|the|" pos="DT" wid="20">the</w>
  <w id="21" lemma="|Paschal|" pos="NNP" wid="21">Paschal</w>
  <w id="22" lemma="|Mystery|" pos="NNP" wid="22">Mystery</w>
  <w id="23" lemma="|of|" pos="IN" wid="23">of</w>
  <w id="24" lemma="|Christ|" pos="NNP" wid="24">Christ</w>
  <w id="25" lemma="|'s|" pos="POS" wid="25">'s</w>
  <w id="26" lemma="|passion|" pos="NN" wid="26">Passion</w>
  <w id="27" lemma="|,|" pos="," wid="27">,</w>
  <w id="28" lemma="|death|" pos="NN" wid="28">death</w>
  <w id="29" lemma="|and|" pos="CC" wid="29">and</w>
  <w id="30" lemma="|resurrection|" pos="NN" wid="30">Resurrection</w>
  <w id="31" lemma="|.|" pos="." wid="31">.</w>
</sentence>
<sentence id="22">
  <w id="0" lemma="|May|" pos="NNP" wid="0">May</w>
  <w id="1" lemma="|this|" pos="DT" wid="1">this</w>
  <w id="2" lemma="|holy|" pos="JJ" wid="2">holy</w>
  <w id="3" lemma="|season|" pos="NN" wid="3">season</w>
  <w id="4" lemma="|be|" pos="VB" wid="4">be</w>
  <w id="5" lemma="|a|" pos="DT" wid="5">a</w>
  <w id="6" lemma="|time|" pos="NN" wid="6">time</w>
  <w id="7" lemma="|of|" pos="IN" wid="7">of</w>
  <w id="8" lemma="|profound|" pos="JJ" wid="8">profound</w>
  <w id="9" lemma="|spiritual|" pos="JJ" wid="9">spiritual</w>
  <w id="10" lemma="|renewal|" pos="NN" wid="10">renewal</w>
  <w id="11" lemma="|for|" pos="IN" wid="11">for</w>
  <w id="12" lemma="|you|" pos="PRP" wid="12">you</w>
  <w id="13" lemma="|and|" pos="CC" wid="13">and</w>
  <w id="14" lemma="|you|" pos="PRP$" wid="14">your</w>
  <w id="15" lemma="|family|" pos="NNS" wid="15">families</w>
  <w id="16" lemma="|.|" pos="." wid="16">.</w>
</sentence>
<sentence id="23">
  <w id="0" lemma="|upon|" pos="IN" wid="0">Upon</w>
  <w id="1" lemma="|all|" pos="DT" wid="1">all</w>
  <w id="2" lemma="|of|" pos="IN" wid="2">of</w>
  <w id="3" lemma="|you|" pos="PRP" wid="3">you</w>
  <w id="4" lemma="|I|" pos="PRP" wid="4">I</w>
  <w id="5" lemma="|cordially|" pos="RB" wid="5">cordially</w>
  <w id="6" lemma="|invoke|" pos="VBP" wid="6">invoke</w>
  <w id="7" lemma="|the|" pos="DT" wid="7">the</w>
  <w id="8" lemma="|Lord|" pos="NNP" wid="8">Lord</w>
  <w id="9" lemma="|'s|" pos="POS" wid="9">'s</w>
  <w id="10" lemma="|blessing|" pos="NNS" wid="10">blessings</w>
  <w id="11" lemma="|of|" pos="IN" wid="11">of</w>
  <w id="12" lemma="|joy|" pos="NN" wid="12">joy</w>
  <w id="13" lemma="|and|" pos="CC" wid="13">and</w>
  <w id="14" lemma="|peace|" pos="NN" wid="14">peace</w>
  <w id="15" lemma="|.|" pos="." wid="15">.</w>
</sentence>
<sentence id="24">
  <w id="0" lemma="|I|" pos="PRP" wid="0">I</w>
  <w id="1" lemma="|wish|" pos="VBP" wid="1">wish</w>
  <w id="2" lemma="|everyone|" pos="NN" wid="2">everyone</w>
  <w id="3" lemma="|a|" pos="DT" wid="3">a</w>
  <w id="4" lemma="|good|" pos="JJ" wid="4">good</w>
  <w id="5" lemma="|Sunday|" pos="NNP" wid="5">Sunday</w>
  <w id="6" lemma="|.|" pos="." wid="6">.</w>
</sentence>
</corpus>