<corpus id="0">
<sentence id="0">
  <w id="0" lemma="|before|" pos="IN" wid="0">Before</w>
  <w id="1" lemma="|conclude|" pos="VBG" wid="1">concluding</w>
  <w id="2" lemma="|this|" pos="DT" wid="2">this</w>
  <w id="3" lemma="|celebration|" pos="NN" wid="3">celebration</w>
  <w id="4" lemma="|,|" pos="," wid="4">,</w>
  <w id="5" lemma="|we|" pos="PRP" wid="5">we</w>
  <w id="6" lemma="|turn|" pos="VBP" wid="6">turn</w>
  <w id="7" lemma="|to|" pos="TO" wid="7">to</w>
  <w id="8" lemma="|the|" pos="DT" wid="8">the</w>
  <w id="9" lemma="|Virgin|" pos="NNP" wid="9">Virgin</w>
  <w id="10" lemma="|Mary|" pos="NNP" wid="10">Mary</w>
  <w id="11" lemma="|,|" pos="," wid="11">,</w>
  <w id="12" lemma="|like|" pos="IN" wid="12">like</w>
  <w id="13" lemma="|the|" pos="DT" wid="13">the</w>
  <w id="14" lemma="|many|" pos="JJ" wid="14">many</w>
  <w id="15" lemma="|family|" pos="NNS" wid="15">families</w>
  <w id="16" lemma="|which|" pos="WDT" wid="16">which</w>
  <w id="17" lemma="|invoke|" pos="VBP" wid="17">invoke</w>
  <w id="18" lemma="|she|" pos="PRP" wid="18">her</w>
  <w id="19" lemma="|in|" pos="IN" wid="19">in</w>
  <w id="20" lemma="|the|" pos="DT" wid="20">the</w>
  <w id="21" lemma="|privacy|" pos="NN" wid="21">privacy</w>
  <w id="22" lemma="|of|" pos="IN" wid="22">of</w>
  <w id="23" lemma="|they|" pos="PRP$" wid="23">their</w>
  <w id="24" lemma="|home|" pos="NNS" wid="24">homes</w>
  <w id="25" lemma="|,|" pos="," wid="25">,</w>
  <w id="26" lemma="|so|" pos="IN" wid="26">so</w>
  <w id="27" lemma="|that|" pos="IN" wid="27">that</w>
  <w id="28" lemma="|she|" pos="PRP" wid="28">she</w>
  <w id="29" lemma="|will|" pos="MD" wid="29">will</w>
  <w id="30" lemma="|be|" pos="VB" wid="30">be</w>
  <w id="31" lemma="|present|" pos="JJ" wid="31">present</w>
  <w id="32" lemma="|to|" pos="TO" wid="32">to</w>
  <w id="33" lemma="|they|" pos="PRP" wid="33">them</w>
  <w id="34" lemma="|with|" pos="IN" wid="34">with</w>
  <w id="35" lemma="|maternal|" pos="JJ" wid="35">maternal</w>
  <w id="36" lemma="|concern|" pos="NN" wid="36">concern</w>
  <w id="37" lemma="|.|" pos="." wid="37">.</w>
</sentence>
<sentence id="1">
  <w id="0" lemma="|through|" pos="IN" wid="0">Through</w>
  <w id="1" lemma="|the|" pos="DT" wid="1">the</w>
  <w id="2" lemma="|intercession|" pos="NN" wid="2">intercession</w>
  <w id="3" lemma="|of|" pos="IN" wid="3">of</w>
  <w id="4" lemma="|Mary|" pos="NNP" wid="4">Mary</w>
  <w id="5" lemma="|,|" pos="," wid="5">,</w>
  <w id="6" lemma="|open|" pos="VB" wid="6">open</w>
  <w id="7" lemma="|you|" pos="PRP$" wid="7">your</w>
  <w id="8" lemma="|home|" pos="NNS" wid="8">homes</w>
  <w id="9" lemma="|and|" pos="CC" wid="9">and</w>
  <w id="10" lemma="|you|" pos="PRP$" wid="10">your</w>
  <w id="11" lemma="|heart|" pos="NNS" wid="11">hearts</w>
  <w id="12" lemma="|to|" pos="TO" wid="12">to</w>
  <w id="13" lemma="|Christ|" pos="NNP" wid="13">Christ</w>
  <w id="14" lemma="|,|" pos="," wid="14">,</w>
  <w id="15" lemma="|so|" pos="IN" wid="15">so</w>
  <w id="16" lemma="|that|" pos="IN" wid="16">that</w>
  <w id="17" lemma="|he|" pos="PRP" wid="17">he</w>
  <w id="18" lemma="|will|" pos="MD" wid="18">will</w>
  <w id="19" lemma="|be|" pos="VB" wid="19">be</w>
  <w id="20" lemma="|you|" pos="PRP$" wid="20">your</w>
  <w id="21" lemma="|strength|" pos="NN" wid="21">strength</w>
  <w id="22" lemma="|and|" pos="CC" wid="22">and</w>
  <w id="23" lemma="|you|" pos="PRP$" wid="23">your</w>
  <w id="24" lemma="|joy|" pos="NN" wid="24">joy</w>
  <w id="25" lemma="|,|" pos="," wid="25">,</w>
  <w id="26" lemma="|and|" pos="CC" wid="26">and</w>
  <w id="27" lemma="|help|" pos="VB" wid="27">help</w>
  <w id="28" lemma="|you|" pos="PRP" wid="28">you</w>
  <w id="29" lemma="|to|" pos="TO" wid="29">to</w>
  <w id="30" lemma="|live|" pos="VB" wid="30">live</w>
  <w id="31" lemma="|in|" pos="IN" wid="31">in</w>
  <w id="32" lemma="|harmony|" pos="NN" wid="32">harmony</w>
  <w id="33" lemma="|and|" pos="CC" wid="33">and</w>
  <w id="34" lemma="|to|" pos="TO" wid="34">to</w>
  <w id="35" lemma="|proclaim|" pos="VB" wid="35">proclaim</w>
  <w id="36" lemma="|before|" pos="IN" wid="36">before</w>
  <w id="37" lemma="|the|" pos="DT" wid="37">the</w>
  <w id="38" lemma="|world|" pos="NN" wid="38">world</w>
  <w id="39" lemma="|the|" pos="DT" wid="39">the</w>
  <w id="40" lemma="|invincible|" pos="JJ" wid="40">invincible</w>
  <w id="41" lemma="|power|" pos="NN" wid="41">power</w>
  <w id="42" lemma="|of|" pos="IN" wid="42">of</w>
  <w id="43" lemma="|true|" pos="JJ" wid="43">true</w>
  <w id="44" lemma="|love|" pos="NN" wid="44">love</w>
  <w id="45" lemma="|.|" pos="." wid="45">.</w>
</sentence>
<sentence id="2">
  <w id="0" lemma="|at|" pos="IN" wid="0">At</w>
  <w id="1" lemma="|this|" pos="DT" wid="1">this</w>
  <w id="2" lemma="|time|" pos="NN" wid="2">time</w>
  <w id="3" lemma="|,|" pos="," wid="3">,</w>
  <w id="4" lemma="|I|" pos="PRP" wid="4">I</w>
  <w id="5" lemma="|wish|" pos="VBP" wid="5">wish</w>
  <w id="6" lemma="|to|" pos="TO" wid="6">to</w>
  <w id="7" lemma="|thank|" pos="VB" wid="7">thank</w>
  <w id="8" lemma="|all|" pos="PDT" wid="8">all</w>
  <w id="9" lemma="|those|" pos="DT" wid="9">those</w>
  <w id="10" lemma="|who|" pos="WP" wid="10">who</w>
  <w id="11" lemma="|contribute|" pos="VBD" wid="11">contributed</w>
  <w id="12" lemma="|to|" pos="TO" wid="12">to</w>
  <w id="13" lemma="|the|" pos="DT" wid="13">the</w>
  <w id="14" lemma="|successful|" pos="JJ" wid="14">successful</w>
  <w id="15" lemma="|outcome|" pos="NN" wid="15">outcome</w>
  <w id="16" lemma="|of|" pos="IN" wid="16">of</w>
  <w id="17" lemma="|this|" pos="DT" wid="17">this</w>
  <w id="18" lemma="|meet|" pos="VBG" wid="18">Meeting</w>
  <w id="19" lemma="|.|" pos="." wid="19">.</w>
</sentence>
<sentence id="3">
  <w id="0" lemma="|above|" pos="IN" wid="0">Above</w>
  <w id="1" lemma="|all|" pos="DT" wid="1">all</w>
  <w id="2" lemma="|I|" pos="PRP" wid="2">I</w>
  <w id="3" lemma="|express|" pos="VBP" wid="3">express</w>
  <w id="4" lemma="|my|" pos="PRP$" wid="4">my</w>
  <w id="5" lemma="|profound|" pos="JJ" wid="5">profound</w>
  <w id="6" lemma="|gratitude|" pos="NN" wid="6">gratitude</w>
  <w id="7" lemma="|to|" pos="TO" wid="7">to</w>
  <w id="8" lemma="|Cardinal|" pos="NNP" wid="8">Cardinal</w>
  <w id="9" lemma="|Alfonso|" pos="NNP" wid="9">Alfonso</w>
  <w id="10" lemma="|López|" pos="NNP" wid="10">López</w>
  <w id="11" lemma="|Trujillo|" pos="NNP" wid="11">Trujillo</w>
  <w id="12" lemma="|,|" pos="," wid="12">,</w>
  <w id="13" lemma="|President|" pos="NNP" wid="13">President</w>
  <w id="14" lemma="|of|" pos="IN" wid="14">of</w>
  <w id="15" lemma="|the|" pos="DT" wid="15">the</w>
  <w id="16" lemma="|Pontifical|" pos="NNP" wid="16">Pontifical</w>
  <w id="17" lemma="|Council|" pos="NNP" wid="17">Council</w>
  <w id="18" lemma="|for|" pos="IN" wid="18">for</w>
  <w id="19" lemma="|the|" pos="DT" wid="19">the</w>
  <w id="20" lemma="|Family|" pos="NNP" wid="20">Family</w>
  <w id="21" lemma="|,|" pos="," wid="21">,</w>
  <w id="22" lemma="|and|" pos="CC" wid="22">and</w>
  <w id="23" lemma="|to|" pos="TO" wid="23">to</w>
  <w id="24" lemma="|Archbishop|" pos="NNP" wid="24">Archbishop</w>
  <w id="25" lemma="|Agustín|" pos="NNP" wid="25">Agustín</w>
  <w id="26" lemma="|García-Gasco|" pos="NNP" wid="26">García-Gasco</w>
  <w id="27" lemma="|of|" pos="IN" wid="27">of</w>
  <w id="28" lemma="|Valencia|" pos="NNP" wid="28">Valencia</w>
  <w id="29" lemma="|,|" pos="," wid="29">,</w>
  <w id="30" lemma="|who|" pos="WP" wid="30">who</w>
  <w id="31" lemma="|bring|" pos="VBD" wid="31">brought</w>
  <w id="32" lemma="|to|" pos="TO" wid="32">to</w>
  <w id="33" lemma="|a|" pos="DT" wid="33">a</w>
  <w id="34" lemma="|happy|" pos="JJ" wid="34">happy</w>
  <w id="35" lemma="|end|" pos="NN" wid="35">end</w>
  <w id="36" lemma="|this|" pos="DT" wid="36">this</w>
  <w id="37" lemma="|great|" pos="JJ" wid="37">great</w>
  <w id="38" lemma="|World|" pos="NNP" wid="38">World</w>
  <w id="39" lemma="|meet|" pos="VBG" wid="39">Meeting</w>
  <w id="40" lemma="|of|" pos="IN" wid="40">of</w>
  <w id="41" lemma="|family|" pos="NNS" wid="41">Families</w>
  <w id="42" lemma="|.|" pos="." wid="42">.</w>
</sentence>
<sentence id="4">
  <w id="0" lemma="|in|" pos="IN" wid="0">In</w>
  <w id="1" lemma="|a|" pos="DT" wid="1">a</w>
  <w id="2" lemma="|particular|" pos="JJ" wid="2">particular</w>
  <w id="3" lemma="|way|" pos="NN" wid="3">way</w>
  <w id="4" lemma="|,|" pos="," wid="4">,</w>
  <w id="5" lemma="|I|" pos="PRP" wid="5">I</w>
  <w id="6" lemma="|wish|" pos="VBP" wid="6">wish</w>
  <w id="7" lemma="|to|" pos="TO" wid="7">to</w>
  <w id="8" lemma="|acknowledge|" pos="VB" wid="8">acknowledge</w>
  <w id="9" lemma="|the|" pos="DT" wid="9">the</w>
  <w id="10" lemma="|generous|" pos="JJ" wid="10">generous</w>
  <w id="11" lemma="|and|" pos="CC" wid="11">and</w>
  <w id="12" lemma="|efficient|" pos="JJ" wid="12">efficient</w>
  <w id="13" lemma="|work|" pos="NN" wid="13">work</w>
  <w id="14" lemma="|of|" pos="IN" wid="14">of</w>
  <w id="15" lemma="|the|" pos="DT" wid="15">the</w>
  <w id="16" lemma="|many|" pos="JJ" wid="16">many</w>
  <w id="17" lemma="|volunteer|" pos="NNS" wid="17">volunteers</w>
  <w id="18" lemma="|from|" pos="IN" wid="18">from</w>
  <w id="19" lemma="|so|" pos="RB" wid="19">so</w>
  <w id="20" lemma="|many|" pos="JJ" wid="20">many</w>
  <w id="21" lemma="|nation|" pos="NNS" wid="21">nations</w>
  <w id="22" lemma="|,|" pos="," wid="22">,</w>
  <w id="23" lemma="|and|" pos="CC" wid="23">and</w>
  <w id="24" lemma="|I|" pos="PRP" wid="24">I</w>
  <w id="25" lemma="|thank|" pos="VBP" wid="25">thank</w>
  <w id="26" lemma="|they|" pos="PRP" wid="26">them</w>
  <w id="27" lemma="|for|" pos="IN" wid="27">for</w>
  <w id="28" lemma="|they|" pos="PRP$" wid="28">their</w>
  <w id="29" lemma="|selfless|" pos="JJ" wid="29">selfless</w>
  <w id="30" lemma="|cooperation|" pos="NN" wid="30">cooperation</w>
  <w id="31" lemma="|in|" pos="IN" wid="31">in</w>
  <w id="32" lemma="|all|" pos="PDT" wid="32">all</w>
  <w id="33" lemma="|the|" pos="DT" wid="33">the</w>
  <w id="34" lemma="|event|" pos="NNS" wid="34">events</w>
  <w id="35" lemma="|.|" pos="." wid="35">.</w>
</sentence>
<sentence id="5">
  <w id="0" lemma="|I|" pos="PRP" wid="0">I</w>
  <w id="1" lemma="|offer|" pos="VBP" wid="1">offer</w>
  <w id="2" lemma="|a|" pos="DT" wid="2">a</w>
  <w id="3" lemma="|special|" pos="JJ" wid="3">special</w>
  <w id="4" lemma="|word|" pos="NN" wid="4">word</w>
  <w id="5" lemma="|of|" pos="IN" wid="5">of</w>
  <w id="6" lemma="|thanks|" pos="NNS" wid="6">thanks</w>
  <w id="7" lemma="|to|" pos="TO" wid="7">to</w>
  <w id="8" lemma="|the|" pos="DT" wid="8">the</w>
  <w id="9" lemma="|many|" pos="JJ" wid="9">many</w>
  <w id="10" lemma="|consecrated|" pos="JJ" wid="10">consecrated</w>
  <w id="11" lemma="|person|" pos="NNS" wid="11">persons</w>
  <w id="12" lemma="|and|" pos="CC" wid="12">and</w>
  <w id="13" lemma="|religious|" pos="JJ" wid="13">religious</w>
  <w id="14" lemma="|community|" pos="NNS" wid="14">communities</w>
  <w id="15" lemma="|,|" pos="," wid="15">,</w>
  <w id="16" lemma="|especially|" pos="RB" wid="16">especially</w>
  <w id="17" lemma="|the|" pos="DT" wid="17">the</w>
  <w id="18" lemma="|cloistered|" pos="JJ" wid="18">cloistered</w>
  <w id="19" lemma="|community|" pos="NNS" wid="19">communities</w>
  <w id="20" lemma="|,|" pos="," wid="20">,</w>
  <w id="21" lemma="|who|" pos="WP" wid="21">who</w>
  <w id="22" lemma="|have|" pos="VBP" wid="22">have</w>
  <w id="23" lemma="|accompany|" pos="VBN" wid="23">accompanied</w>
  <w id="24" lemma="|all|" pos="PDT" wid="24">all</w>
  <w id="25" lemma="|the|" pos="DT" wid="25">the</w>
  <w id="26" lemma="|celebration|" pos="NNS" wid="26">celebrations</w>
  <w id="27" lemma="|with|" pos="IN" wid="27">with</w>
  <w id="28" lemma="|persevere|" pos="VBG" wid="28">persevering</w>
  <w id="29" lemma="|prayer|" pos="NN" wid="29">prayer</w>
  <w id="30" lemma="|.|" pos="." wid="30">.</w>
</sentence>
<sentence id="6">
  <w id="0" lemma="|I|" pos="PRP" wid="0">I</w>
  <w id="1" lemma="|now|" pos="RB" wid="1">now</w>
  <w id="2" lemma="|have|" pos="VBP" wid="2">have</w>
  <w id="3" lemma="|the|" pos="DT" wid="3">the</w>
  <w id="4" lemma="|joy|" pos="NN" wid="4">joy</w>
  <w id="5" lemma="|of|" pos="IN" wid="5">of</w>
  <w id="6" lemma="|announce|" pos="VBG" wid="6">announcing</w>
  <w id="7" lemma="|that|" pos="IN" wid="7">that</w>
  <w id="8" lemma="|the|" pos="DT" wid="8">the</w>
  <w id="9" lemma="|next|" pos="JJ" wid="9">next</w>
  <w id="10" lemma="|World|" pos="NNP" wid="10">World</w>
  <w id="11" lemma="|meet|" pos="VBG" wid="11">Meeting</w>
  <w id="12" lemma="|of|" pos="IN" wid="12">of</w>
  <w id="13" lemma="|family|" pos="NNS" wid="13">Families</w>
  <w id="14" lemma="|will|" pos="MD" wid="14">will</w>
  <w id="15" lemma="|be|" pos="VB" wid="15">be</w>
  <w id="16" lemma="|hold|" pos="VBN" wid="16">held</w>
  <w id="17" lemma="|in|" pos="IN" wid="17">in</w>
  <w id="18" lemma="|2009|" pos="CD" wid="18">2009</w>
  <w id="19" lemma="|in|" pos="IN" wid="19">in</w>
  <w id="20" lemma="|Mexico|" pos="NNP" wid="20">Mexico</w>
  <w id="21" lemma="|City|" pos="NNP" wid="21">City</w>
  <w id="22" lemma="|.|" pos="." wid="22">.</w>
</sentence>
<sentence id="7">
  <w id="0" lemma="|to|" pos="TO" wid="0">To</w>
  <w id="1" lemma="|the|" pos="DT" wid="1">the</w>
  <w id="2" lemma="|beloved|" pos="JJ" wid="2">beloved</w>
  <w id="3" lemma="|pilgrim|" pos="NN" wid="3">pilgrim</w>
  <w id="4" lemma="|Church|" pos="NNP" wid="4">Church</w>
  <w id="5" lemma="|in|" pos="IN" wid="5">in</w>
  <w id="6" lemma="|the|" pos="DT" wid="6">the</w>
  <w id="7" lemma="|noble|" pos="JJ" wid="7">noble</w>
  <w id="8" lemma="|nation|" pos="NN" wid="8">nation</w>
  <w id="9" lemma="|of|" pos="IN" wid="9">of</w>
  <w id="10" lemma="|Mexico|" pos="NNP" wid="10">Mexico</w>
  <w id="11" lemma="|and|" pos="CC" wid="11">and</w>
  <w id="12" lemma="|,|" pos="," wid="12">,</w>
  <w id="13" lemma="|in|" pos="IN" wid="13">in</w>
  <w id="14" lemma="|a|" pos="DT" wid="14">a</w>
  <w id="15" lemma="|personal|" pos="JJ" wid="15">personal</w>
  <w id="16" lemma="|way|" pos="NN" wid="16">way</w>
  <w id="17" lemma="|,|" pos="," wid="17">,</w>
  <w id="18" lemma="|to|" pos="TO" wid="18">to</w>
  <w id="19" lemma="|Cardinal|" pos="NNP" wid="19">Cardinal</w>
  <w id="20" lemma="|Norberto|" pos="NNP" wid="20">Norberto</w>
  <w id="21" lemma="|Rivera|" pos="NNP" wid="21">Rivera</w>
  <w id="22" lemma="|Carrera|" pos="NNP" wid="22">Carrera</w>
  <w id="23" lemma="|,|" pos="," wid="23">,</w>
  <w id="24" lemma="|the|" pos="DT" wid="24">the</w>
  <w id="25" lemma="|Archbishop|" pos="NNP" wid="25">Archbishop</w>
  <w id="26" lemma="|of|" pos="IN" wid="26">of</w>
  <w id="27" lemma="|Mexico|" pos="NNP" wid="27">Mexico</w>
  <w id="28" lemma="|City|" pos="NNP" wid="28">City</w>
  <w id="29" lemma="|,|" pos="," wid="29">,</w>
  <w id="30" lemma="|I|" pos="PRP" wid="30">I</w>
  <w id="31" lemma="|express|" pos="VBP" wid="31">express</w>
  <w id="32" lemma="|even|" pos="RB" wid="32">even</w>
  <w id="33" lemma="|now|" pos="RB" wid="33">now</w>
  <w id="34" lemma="|my|" pos="PRP$" wid="34">my</w>
  <w id="35" lemma="|gratitude|" pos="NN" wid="35">gratitude</w>
  <w id="36" lemma="|for|" pos="IN" wid="36">for</w>
  <w id="37" lemma="|he|" pos="PRP$" wid="37">his</w>
  <w id="38" lemma="|generous|" pos="JJ" wid="38">generous</w>
  <w id="39" lemma="|offer|" pos="NN" wid="39">offer</w>
  <w id="40" lemma="|.|" pos="." wid="40">.</w>
</sentence>
<sentence id="8">
  <w id="0" lemma="|in|" pos="IN" wid="0">In</w>
  <w id="1" lemma="|English|" pos="NNP" wid="1">English</w>
  <w id="2" lemma="|:|" pos=":" wid="2">:</w>
  <w id="3" lemma="|I|" pos="PRP" wid="3">I</w>
  <w id="4" lemma="|greet|" pos="VB" wid="4">greet</w>
  <w id="5" lemma="|all|" pos="PDT" wid="5">all</w>
  <w id="6" lemma="|the|" pos="DT" wid="6">the</w>
  <w id="7" lemma="|english-speaking|" pos="JJ" wid="7">English-speaking</w>
  <w id="8" lemma="|participant|" pos="NNS" wid="8">participants</w>
  <w id="9" lemma="|who|" pos="WP" wid="9">who</w>
  <w id="10" lemma="|have|" pos="VBP" wid="10">have</w>
  <w id="11" lemma="|gather|" pos="VBN" wid="11">gathered</w>
  <w id="12" lemma="|from|" pos="IN" wid="12">from</w>
  <w id="13" lemma="|various|" pos="JJ" wid="13">various</w>
  <w id="14" lemma="|part|" pos="NNS" wid="14">parts</w>
  <w id="15" lemma="|of|" pos="IN" wid="15">of</w>
  <w id="16" lemma="|the|" pos="DT" wid="16">the</w>
  <w id="17" lemma="|world|" pos="NN" wid="17">world</w>
  <w id="18" lemma="|.|" pos="." wid="18">.</w>
</sentence>
<sentence id="9">
  <w id="0" lemma="|I|" pos="PRP" wid="0">I</w>
  <w id="1" lemma="|trust|" pos="VBP" wid="1">trust</w>
  <w id="2" lemma="|that|" pos="IN" wid="2">that</w>
  <w id="3" lemma="|you|" pos="PRP$" wid="3">your</w>
  <w id="4" lemma="|experience|" pos="NNS" wid="4">experiences</w>
  <w id="5" lemma="|here|" pos="RB" wid="5">here</w>
  <w id="6" lemma="|will|" pos="MD" wid="6">will</w>
  <w id="7" lemma="|have|" pos="VB" wid="7">have</w>
  <w id="8" lemma="|strengthen|" pos="VBN" wid="8">strengthened</w>
  <w id="9" lemma="|you|" pos="PRP$" wid="9">your</w>
  <w id="10" lemma="|commitment|" pos="NN" wid="10">commitment</w>
  <w id="11" lemma="|to|" pos="TO" wid="11">to</w>
  <w id="12" lemma="|promote|" pos="VBG" wid="12">promoting</w>
  <w id="13" lemma="|the|" pos="DT" wid="13">the</w>
  <w id="14" lemma="|integrity|" pos="NN" wid="14">integrity</w>
  <w id="15" lemma="|of|" pos="IN" wid="15">of</w>
  <w id="16" lemma="|family|" pos="NN" wid="16">family</w>
  <w id="17" lemma="|life|" pos="NN" wid="17">life</w>
  <w id="18" lemma="|.|" pos="." wid="18">.</w>
</sentence>
<sentence id="10">
  <w id="0" lemma="|May|" pos="NNP" wid="0">May</w>
  <w id="1" lemma="|God|" pos="NNP" wid="1">God</w>
  <w id="2" lemma="|abundantly|" pos="RB" wid="2">abundantly</w>
  <w id="3" lemma="|bless|" pos="VBP" wid="3">bless</w>
  <w id="4" lemma="|you|" pos="PRP" wid="4">you</w>
  <w id="5" lemma="|and|" pos="CC" wid="5">and</w>
  <w id="6" lemma="|all|" pos="PDT" wid="6">all</w>
  <w id="7" lemma="|those|" pos="DT" wid="7">those</w>
  <w id="8" lemma="|you|" pos="PRP" wid="8">you</w>
  <w id="9" lemma="|represent|" pos="VBP" wid="9">represent</w>
  <w id="10" lemma="|,|" pos="," wid="10">,</w>
  <w id="11" lemma="|and|" pos="CC" wid="11">and</w>
  <w id="12" lemma="|through|" pos="IN" wid="12">through</w>
  <w id="13" lemma="|the|" pos="DT" wid="13">the</w>
  <w id="14" lemma="|intercession|" pos="NN" wid="14">intercession</w>
  <w id="15" lemma="|of|" pos="IN" wid="15">of</w>
  <w id="16" lemma="|Mary|" pos="NNP" wid="16">Mary</w>
  <w id="17" lemma="|,|" pos="," wid="17">,</w>
  <w id="18" lemma="|Mother|" pos="NNP" wid="18">Mother</w>
  <w id="19" lemma="|of|" pos="IN" wid="19">of</w>
  <w id="20" lemma="|the|" pos="DT" wid="20">the</w>
  <w id="21" lemma="|Church|" pos="NNP" wid="21">Church</w>
  <w id="22" lemma="|,|" pos="," wid="22">,</w>
  <w id="23" lemma="|may|" pos="MD" wid="23">may</w>
  <w id="24" lemma="|you|" pos="PRP" wid="24">you</w>
  <w id="25" lemma="|and|" pos="CC" wid="25">and</w>
  <w id="26" lemma="|you|" pos="PRP$" wid="26">your</w>
  <w id="27" lemma="|family|" pos="NNS" wid="27">families</w>
  <w id="28" lemma="|be|" pos="VB" wid="28">be</w>
  <w id="29" lemma="|fill|" pos="VBN" wid="29">filled</w>
  <w id="30" lemma="|with|" pos="IN" wid="30">with</w>
  <w id="31" lemma="|the|" pos="DT" wid="31">the</w>
  <w id="32" lemma="|wisdom|" pos="NN" wid="32">wisdom</w>
  <w id="33" lemma="|of|" pos="IN" wid="33">of</w>
  <w id="34" lemma="|she|" pos="PRP$" wid="34">her</w>
  <w id="35" lemma="|Son|" pos="NNP" wid="35">Son</w>
  <w id="36" lemma="|.|" pos="." wid="36">.</w>
</sentence>
<sentence id="11">
  <w id="0" lemma="|I|" pos="PRP" wid="0">I</w>
  <w id="1" lemma="|warmly|" pos="RB" wid="1">warmly</w>
  <w id="2" lemma="|embrace|" pos="VBP" wid="2">embrace</w>
  <w id="3" lemma="|all|" pos="PDT" wid="3">all</w>
  <w id="4" lemma="|the|" pos="DT" wid="4">the</w>
  <w id="5" lemma="|family|" pos="NNS" wid="5">families</w>
  <w id="6" lemma="|here|" pos="RB" wid="6">here</w>
  <w id="7" lemma="|present|" pos="JJ" wid="7">present</w>
  <w id="8" lemma="|,|" pos="," wid="8">,</w>
  <w id="9" lemma="|as|" pos="RB" wid="9">as</w>
  <w id="10" lemma="|well|" pos="RB" wid="10">well</w>
  <w id="11" lemma="|as|" pos="IN" wid="11">as</w>
  <w id="12" lemma="|those|" pos="DT" wid="12">those</w>
  <w id="13" lemma="|who|" pos="WP" wid="13">who</w>
  <w id="14" lemma="|have|" pos="VBP" wid="14">have</w>
  <w id="15" lemma="|take|" pos="VBN" wid="15">taken</w>
  <w id="16" lemma="|part|" pos="NN" wid="16">part</w>
  <w id="17" lemma="|in|" pos="IN" wid="17">in</w>
  <w id="18" lemma="|this|" pos="DT" wid="18">this</w>
  <w id="19" lemma="|celebration|" pos="NN" wid="19">celebration</w>
  <w id="20" lemma="|through|" pos="IN" wid="20">through</w>
  <w id="21" lemma="|radio|" pos="NN" wid="21">radio</w>
  <w id="22" lemma="|,|" pos="," wid="22">,</w>
  <w id="23" lemma="|television|" pos="NN" wid="23">television</w>
  <w id="24" lemma="|and|" pos="CC" wid="24">and</w>
  <w id="25" lemma="|the|" pos="DT" wid="25">the</w>
  <w id="26" lemma="|other|" pos="JJ" wid="26">other</w>
  <w id="27" lemma="|communication|" pos="NNS" wid="27">communications</w>
  <w id="28" lemma="|media|" pos="NNS" wid="28">media</w>
  <w id="29" lemma="|.|" pos="." wid="29">.</w>
</sentence>
<sentence id="12">
  <w id="0" lemma="|I|" pos="PRP" wid="0">I</w>
  <w id="1" lemma="|commend|" pos="VBP" wid="1">commend</w>
  <w id="2" lemma="|all|" pos="DT" wid="2">all</w>
  <w id="3" lemma="|family|" pos="NNS" wid="3">families</w>
  <w id="4" lemma="|to|" pos="TO" wid="4">to</w>
  <w id="5" lemma="|the|" pos="DT" wid="5">the</w>
  <w id="6" lemma="|protection|" pos="NN" wid="6">protection</w>
  <w id="7" lemma="|of|" pos="IN" wid="7">of</w>
  <w id="8" lemma="|the|" pos="DT" wid="8">the</w>
  <w id="9" lemma="|Holy|" pos="NNP" wid="9">Holy</w>
  <w id="10" lemma="|Family|" pos="NNP" wid="10">Family</w>
  <w id="11" lemma="|of|" pos="IN" wid="11">of</w>
  <w id="12" lemma="|Nazareth|" pos="NNP" wid="12">Nazareth</w>
  <w id="13" lemma="|.|" pos="." wid="13">.</w>
</sentence>
<sentence id="13">
  <w id="0" lemma="|follow|" pos="VBG" wid="0">Following</w>
  <w id="1" lemma="|its|" pos="PRP$" wid="1">its</w>
  <w id="2" lemma="|quiet|" pos="JJ" wid="2">quiet</w>
  <w id="3" lemma="|example|" pos="NN" wid="3">example</w>
  <w id="4" lemma="|,|" pos="," wid="4">,</w>
  <w id="5" lemma="|may|" pos="MD" wid="5">may</w>
  <w id="6" lemma="|family|" pos="NNS" wid="6">families</w>
  <w id="7" lemma="|help|" pos="VB" wid="7">help</w>
  <w id="8" lemma="|they|" pos="PRP$" wid="8">their</w>
  <w id="9" lemma="|child|" pos="NNS" wid="9">children</w>
  <w id="10" lemma="|to|" pos="TO" wid="10">to</w>
  <w id="11" lemma="|grow|" pos="VB" wid="11">grow</w>
  <w id="12" lemma="|in|" pos="IN" wid="12">in</w>
  <w id="13" lemma="|wisdom|" pos="NN" wid="13">wisdom</w>
  <w id="14" lemma="|,|" pos="," wid="14">,</w>
  <w id="15" lemma="|age|" pos="NN" wid="15">age</w>
  <w id="16" lemma="|and|" pos="CC" wid="16">and</w>
  <w id="17" lemma="|grace|" pos="NN" wid="17">grace</w>
  <w id="18" lemma="|before|" pos="IN" wid="18">before</w>
  <w id="19" lemma="|God|" pos="NNP" wid="19">God</w>
  <w id="20" lemma="|and|" pos="CC" wid="20">and</w>
  <w id="21" lemma="|man|" pos="NNS" wid="21">men</w>
  <w id="22" lemma="|-lrb-|" pos="-LRB-" wid="22">-LRB-</w>
  <w id="23" lemma="|cf|" pos="NN" wid="23">cf</w>
  <w id="24" lemma="|.|" pos="." wid="24">.</w>
</sentence>
<sentence id="14">
  <w id="0" lemma="|lk|" pos="NN" wid="0">Lk</w>
  <w id="1" lemma="|2:52|" pos="CD" wid="1">2:52</w>
  <w id="2" lemma="|-rrb-|" pos="-RRB-" wid="2">-RRB-</w>
  <w id="3" lemma="|.|" pos="." wid="3">.</w>
</sentence>
</corpus>