<corpus id="0">
<sentence id="0">
  <w id="0" lemma="|Dear|" pos="NNP" wid="0">Dear</w>
  <w id="1" lemma="|Brothers|" pos="NNPS" wid="1">Brothers</w>
  <w id="2" lemma="|and|" pos="CC" wid="2">and</w>
  <w id="3" lemma="|sister|" pos="NNS" wid="3">Sisters</w>
  <w id="4" lemma="|,|" pos="," wid="4">,</w>
  <w id="5" lemma="|This|" pos="NNP" wid="5">This</w>
  <w id="6" lemma="|Sunday|" pos="NNP" wid="6">Sunday</w>
  <w id="7" lemma="|'s|" pos="POS" wid="7">'s</w>
  <w id="8" lemma="|gospel|" pos="NN" wid="8">Gospel</w>
  <w id="9" lemma="|-lrb-|" pos="-LRB-" wid="9">-LRB-</w>
  <w id="10" lemma="|mk|" pos="NN" wid="10">Mk</w>
  <w id="11" lemma="|12:28|" pos="CD" wid="11">12:28</w>
  <w id="12" lemma="|-34|" pos="CD" wid="12">-34</w>
  <w id="13" lemma="|-rrb-|" pos="-RRB-" wid="13">-RRB-</w>
  <w id="14" lemma="|offer|" pos="VBZ" wid="14">offers</w>
  <w id="15" lemma="|we|" pos="PRP" wid="15">us</w>
  <w id="16" lemma="|Jesus|" pos="NNP" wid="16">Jesus</w>
  <w id="17" lemma="|'|" pos="POS" wid="17">'</w>
  <w id="18" lemma="|teaching|" pos="NN" wid="18">teaching</w>
  <w id="19" lemma="|on|" pos="IN" wid="19">on</w>
  <w id="20" lemma="|the|" pos="DT" wid="20">the</w>
  <w id="21" lemma="|greatest|" pos="JJS" wid="21">greatest</w>
  <w id="22" lemma="|commandment|" pos="NN" wid="22">commandment</w>
  <w id="23" lemma="|,|" pos="," wid="23">,</w>
  <w id="24" lemma="|the|" pos="DT" wid="24">the</w>
  <w id="25" lemma="|commandment|" pos="NN" wid="25">commandment</w>
  <w id="26" lemma="|of|" pos="IN" wid="26">of</w>
  <w id="27" lemma="|love|" pos="NN" wid="27">love</w>
  <w id="28" lemma="|,|" pos="," wid="28">,</w>
  <w id="29" lemma="|which|" pos="WDT" wid="29">which</w>
  <w id="30" lemma="|be|" pos="VBZ" wid="30">is</w>
  <w id="31" lemma="|two-fold|" pos="JJ" wid="31">two-fold</w>
  <w id="32" lemma="|:|" pos=":" wid="32">:</w>
  <w id="33" lemma="|love|" pos="NN" wid="33">love</w>
  <w id="34" lemma="|of|" pos="IN" wid="34">of</w>
  <w id="35" lemma="|god|" pos="NN" wid="35">God</w>
  <w id="36" lemma="|and|" pos="CC" wid="36">and</w>
  <w id="37" lemma="|love|" pos="NN" wid="37">love</w>
  <w id="38" lemma="|of|" pos="IN" wid="38">of</w>
  <w id="39" lemma="|neighbour|" pos="NN" wid="39">neighbour</w>
  <w id="40" lemma="|.|" pos="." wid="40">.</w>
</sentence>
<sentence id="1">
  <w id="0" lemma="|the|" pos="DT" wid="0">The</w>
  <w id="1" lemma="|Saints|" pos="NNP" wid="1">Saints</w>
  <w id="2" lemma="|,|" pos="," wid="2">,</w>
  <w id="3" lemma="|who|" pos="WP" wid="3">who</w>
  <w id="4" lemma="|we|" pos="PRP" wid="4">we</w>
  <w id="5" lemma="|have|" pos="VBP" wid="5">have</w>
  <w id="6" lemma="|recently|" pos="RB" wid="6">recently</w>
  <w id="7" lemma="|celebrate|" pos="VBN" wid="7">celebrated</w>
  <w id="8" lemma="|together|" pos="RB" wid="8">together</w>
  <w id="9" lemma="|in|" pos="IN" wid="9">in</w>
  <w id="10" lemma="|a|" pos="DT" wid="10">a</w>
  <w id="11" lemma="|single|" pos="JJ" wid="11">single</w>
  <w id="12" lemma="|solemn|" pos="JJ" wid="12">solemn</w>
  <w id="13" lemma="|feast|" pos="NN" wid="13">Feast</w>
  <w id="14" lemma="|be|" pos="VBP" wid="14">are</w>
  <w id="15" lemma="|precisely|" pos="RB" wid="15">precisely</w>
  <w id="16" lemma="|those|" pos="DT" wid="16">those</w>
  <w id="17" lemma="|who|" pos="WP" wid="17">who</w>
  <w id="18" lemma="|,|" pos="," wid="18">,</w>
  <w id="19" lemma="|trust|" pos="VBG" wid="19">trusting</w>
  <w id="20" lemma="|in|" pos="IN" wid="20">in</w>
  <w id="21" lemma="|God|" pos="NNP" wid="21">God</w>
  <w id="22" lemma="|'s|" pos="POS" wid="22">'s</w>
  <w id="23" lemma="|grace|" pos="NN" wid="23">grace</w>
  <w id="24" lemma="|,|" pos="," wid="24">,</w>
  <w id="25" lemma="|try|" pos="VBD" wid="25">tried</w>
  <w id="26" lemma="|to|" pos="TO" wid="26">to</w>
  <w id="27" lemma="|live|" pos="VB" wid="27">live</w>
  <w id="28" lemma="|accord|" pos="VBG" wid="28">according</w>
  <w id="29" lemma="|to|" pos="TO" wid="29">to</w>
  <w id="30" lemma="|this|" pos="DT" wid="30">this</w>
  <w id="31" lemma="|fundamental|" pos="JJ" wid="31">fundamental</w>
  <w id="32" lemma="|law|" pos="NN" wid="32">law</w>
  <w id="33" lemma="|.|" pos="." wid="33">.</w>
</sentence>
<sentence id="2">
  <w id="0" lemma="|in|" pos="IN" wid="0">In</w>
  <w id="1" lemma="|fact|" pos="NN" wid="1">fact</w>
  <w id="2" lemma="|,|" pos="," wid="2">,</w>
  <w id="3" lemma="|those|" pos="DT" wid="3">those</w>
  <w id="4" lemma="|who|" pos="WP" wid="4">who</w>
  <w id="5" lemma="|live|" pos="VBP" wid="5">live</w>
  <w id="6" lemma="|a|" pos="DT" wid="6">a</w>
  <w id="7" lemma="|profound|" pos="JJ" wid="7">profound</w>
  <w id="8" lemma="|relationship|" pos="NN" wid="8">relationship</w>
  <w id="9" lemma="|with|" pos="IN" wid="9">with</w>
  <w id="10" lemma="|God|" pos="NNP" wid="10">God</w>
  <w id="11" lemma="|,|" pos="," wid="11">,</w>
  <w id="12" lemma="|just|" pos="RB" wid="12">just</w>
  <w id="13" lemma="|as|" pos="IN" wid="13">as</w>
  <w id="14" lemma="|a|" pos="DT" wid="14">a</w>
  <w id="15" lemma="|child|" pos="NN" wid="15">child</w>
  <w id="16" lemma="|become|" pos="VBZ" wid="16">becomes</w>
  <w id="17" lemma="|capable|" pos="JJ" wid="17">capable</w>
  <w id="18" lemma="|of|" pos="IN" wid="18">of</w>
  <w id="19" lemma="|love|" pos="VBG" wid="19">loving</w>
  <w id="20" lemma="|,|" pos="," wid="20">,</w>
  <w id="21" lemma="|start|" pos="VBG" wid="21">starting</w>
  <w id="22" lemma="|from|" pos="IN" wid="22">from</w>
  <w id="23" lemma="|a|" pos="DT" wid="23">a</w>
  <w id="24" lemma="|good|" pos="JJ" wid="24">good</w>
  <w id="25" lemma="|relationship|" pos="NN" wid="25">relationship</w>
  <w id="26" lemma="|with|" pos="IN" wid="26">with</w>
  <w id="27" lemma="|he|" pos="PRP$" wid="27">his</w>
  <w id="28" lemma="|mother|" pos="NN" wid="28">mother</w>
  <w id="29" lemma="|and|" pos="CC" wid="29">and</w>
  <w id="30" lemma="|father|" pos="NN" wid="30">father</w>
  <w id="31" lemma="|,|" pos="," wid="31">,</w>
  <w id="32" lemma="|may|" pos="MD" wid="32">may</w>
  <w id="33" lemma="|put|" pos="VB" wid="33">put</w>
  <w id="34" lemma="|the|" pos="DT" wid="34">the</w>
  <w id="35" lemma="|commandment|" pos="NN" wid="35">commandment</w>
  <w id="36" lemma="|of|" pos="IN" wid="36">of</w>
  <w id="37" lemma="|love|" pos="NN" wid="37">love</w>
  <w id="38" lemma="|fully|" pos="RB" wid="38">fully</w>
  <w id="39" lemma="|into|" pos="IN" wid="39">into</w>
  <w id="40" lemma="|practice|" pos="NN" wid="40">practice</w>
  <w id="41" lemma="|.|" pos="." wid="41">.</w>
</sentence>
<sentence id="3">
  <w id="0" lemma="|St|" pos="NNP" wid="0">St</w>
  <w id="1" lemma="|John|" pos="NNP" wid="1">John</w>
  <w id="2" lemma="|of|" pos="IN" wid="2">of</w>
  <w id="3" lemma="|Avila|" pos="NNP" wid="3">Avila</w>
  <w id="4" lemma="|,|" pos="," wid="4">,</w>
  <w id="5" lemma="|who|" pos="WP" wid="5">who</w>
  <w id="6" lemma="|I|" pos="PRP" wid="6">I</w>
  <w id="7" lemma="|recently|" pos="RB" wid="7">recently</w>
  <w id="8" lemma="|proclaim|" pos="VBD" wid="8">proclaimed</w>
  <w id="9" lemma="|a|" pos="DT" wid="9">a</w>
  <w id="10" lemma="|doctor|" pos="NN" wid="10">Doctor</w>
  <w id="11" lemma="|of|" pos="IN" wid="11">of</w>
  <w id="12" lemma="|the|" pos="DT" wid="12">the</w>
  <w id="13" lemma="|Church|" pos="NNP" wid="13">Church</w>
  <w id="14" lemma="|,|" pos="," wid="14">,</w>
  <w id="15" lemma="|write|" pos="VBZ" wid="15">writes</w>
  <w id="16" lemma="|at|" pos="IN" wid="16">at</w>
  <w id="17" lemma="|the|" pos="DT" wid="17">the</w>
  <w id="18" lemma="|beginning|" pos="NN" wid="18">beginning</w>
  <w id="19" lemma="|of|" pos="IN" wid="19">of</w>
  <w id="20" lemma="|he|" pos="PRP$" wid="20">his</w>
  <w id="21" lemma="|treatise|" pos="NN" wid="21">Treatise</w>
  <w id="22" lemma="|on|" pos="IN" wid="22">on</w>
  <w id="23" lemma="|the|" pos="DT" wid="23">the</w>
  <w id="24" lemma="|Love|" pos="NNP" wid="24">Love</w>
  <w id="25" lemma="|of|" pos="IN" wid="25">of</w>
  <w id="26" lemma="|God|" pos="NNP" wid="26">God</w>
  <w id="27" lemma="|:|" pos=":" wid="27">:</w>
  <w id="28" lemma="|``|" pos="``" wid="28">``</w>
  <w id="29" lemma="|the|" pos="DT" wid="29">the</w>
  <w id="30" lemma="|cause|" pos="NN" wid="30">cause</w>
  <w id="31" lemma="|''|" pos="''" wid="31">''</w>
  <w id="32" lemma="|,|" pos="," wid="32">,</w>
  <w id="33" lemma="|he|" pos="PRP" wid="33">he</w>
  <w id="34" lemma="|say|" pos="VBZ" wid="34">says</w>
  <w id="35" lemma="|,|" pos="," wid="35">,</w>
  <w id="36" lemma="|``|" pos="``" wid="36">``</w>
  <w id="37" lemma="|that|" pos="WDT" wid="37">that</w>
  <w id="38" lemma="|mostly|" pos="RB" wid="38">mostly</w>
  <w id="39" lemma="|push|" pos="VBZ" wid="39">pushes</w>
  <w id="40" lemma="|we|" pos="PRP$" wid="40">our</w>
  <w id="41" lemma="|heart|" pos="NNS" wid="41">hearts</w>
  <w id="42" lemma="|to|" pos="TO" wid="42">to</w>
  <w id="43" lemma="|love|" pos="NN" wid="43">love</w>
  <w id="44" lemma="|of|" pos="IN" wid="44">of</w>
  <w id="45" lemma="|God|" pos="NNP" wid="45">God</w>
  <w id="46" lemma="|be|" pos="VBZ" wid="46">is</w>
  <w id="47" lemma="|consider|" pos="VBG" wid="47">considering</w>
  <w id="48" lemma="|deeply|" pos="RB" wid="48">deeply</w>
  <w id="49" lemma="|the|" pos="DT" wid="49">the</w>
  <w id="50" lemma="|love|" pos="NN" wid="50">love</w>
  <w id="51" lemma="|that|" pos="IN" wid="51">that</w>
  <w id="52" lemma="|he|" pos="PRP" wid="52">He</w>
  <w id="53" lemma="|have|" pos="VBD" wid="53">had</w>
  <w id="54" lemma="|for|" pos="IN" wid="54">for</w>
  <w id="55" lemma="|we|" pos="PRP" wid="55">us</w>
  <w id="56" lemma="|...|" pos=":" wid="56">...</w>
  <w id="57" lemma="|.|" pos="." wid="57">.</w>
</sentence>
<sentence id="4">
  <w id="0" lemma="|this|" pos="DT" wid="0">This</w>
  <w id="1" lemma="|,|" pos="," wid="1">,</w>
  <w id="2" lemma="|beyond|" pos="IN" wid="2">beyond</w>
  <w id="3" lemma="|any|" pos="DT" wid="3">any</w>
  <w id="4" lemma="|benefit|" pos="NN" wid="4">benefit</w>
  <w id="5" lemma="|,|" pos="," wid="5">,</w>
  <w id="6" lemma="|push|" pos="VBZ" wid="6">pushes</w>
  <w id="7" lemma="|the|" pos="DT" wid="7">the</w>
  <w id="8" lemma="|heart|" pos="NN" wid="8">heart</w>
  <w id="9" lemma="|to|" pos="TO" wid="9">to</w>
  <w id="10" lemma="|love|" pos="VB" wid="10">love</w>
  <w id="11" lemma="|;|" pos=":" wid="11">;</w>
  <w id="12" lemma="|because|" pos="IN" wid="12">because</w>
  <w id="13" lemma="|he|" pos="PRP" wid="13">he</w>
  <w id="14" lemma="|who|" pos="WP" wid="14">who</w>
  <w id="15" lemma="|give|" pos="VBZ" wid="15">gives</w>
  <w id="16" lemma="|something|" pos="NN" wid="16">something</w>
  <w id="17" lemma="|of|" pos="IN" wid="17">of</w>
  <w id="18" lemma="|benefit|" pos="NN" wid="18">benefit</w>
  <w id="19" lemma="|to|" pos="TO" wid="19">to</w>
  <w id="20" lemma="|another|" pos="DT" wid="20">another</w>
  <w id="21" lemma="|,|" pos="," wid="21">,</w>
  <w id="22" lemma="|give|" pos="VBZ" wid="22">gives</w>
  <w id="23" lemma="|he|" pos="PRP" wid="23">him</w>
  <w id="24" lemma="|something|" pos="NN" wid="24">something</w>
  <w id="25" lemma="|he|" pos="PRP" wid="25">he</w>
  <w id="26" lemma="|possess|" pos="VBZ" wid="26">possesses</w>
  <w id="27" lemma="|;|" pos=":" wid="27">;</w>
  <w id="28" lemma="|but|" pos="CC" wid="28">but</w>
  <w id="29" lemma="|he|" pos="PRP" wid="29">he</w>
  <w id="30" lemma="|who|" pos="WP" wid="30">who</w>
  <w id="31" lemma="|love|" pos="VBZ" wid="31">loves</w>
  <w id="32" lemma="|,|" pos="," wid="32">,</w>
  <w id="33" lemma="|give|" pos="VBZ" wid="33">gives</w>
  <w id="34" lemma="|himself|" pos="PRP" wid="34">himself</w>
  <w id="35" lemma="|with|" pos="IN" wid="35">with</w>
  <w id="36" lemma="|everything|" pos="NN" wid="36">everything</w>
  <w id="37" lemma="|he|" pos="PRP" wid="37">he</w>
  <w id="38" lemma="|have|" pos="VBZ" wid="38">has</w>
  <w id="39" lemma="|,|" pos="," wid="39">,</w>
  <w id="40" lemma="|until|" pos="IN" wid="40">until</w>
  <w id="41" lemma="|he|" pos="PRP" wid="41">he</w>
  <w id="42" lemma="|have|" pos="VBZ" wid="42">has</w>
  <w id="43" lemma="|nothing|" pos="NN" wid="43">nothing</w>
  <w id="44" lemma="|leave|" pos="VBN" wid="44">left</w>
  <w id="45" lemma="|to|" pos="TO" wid="45">to</w>
  <w id="46" lemma="|give|" pos="VB" wid="46">give</w>
  <w id="47" lemma="|''|" pos="''" wid="47">''</w>
  <w id="48" lemma="|-lrb-|" pos="-LRB-" wid="48">-LRB-</w>
  <w id="49" lemma="|n.|" pos="NN" wid="49">n.</w>
  <w id="50" lemma="|1|" pos="CD" wid="50">1</w>
  <w id="51" lemma="|-rrb-|" pos="-RRB-" wid="51">-RRB-</w>
  <w id="52" lemma="|.|" pos="." wid="52">.</w>
</sentence>
<sentence id="5">
  <w id="0" lemma="|before|" pos="IN" wid="0">Before</w>
  <w id="1" lemma="|be|" pos="VBG" wid="1">being</w>
  <w id="2" lemma="|a|" pos="DT" wid="2">a</w>
  <w id="3" lemma="|command|" pos="NN" wid="3">command</w>
  <w id="4" lemma="|--|" pos=":" wid="4">--</w>
  <w id="5" lemma="|love|" pos="NN" wid="5">love</w>
  <w id="6" lemma="|be|" pos="VBZ" wid="6">is</w>
  <w id="7" lemma="|not|" pos="RB" wid="7">not</w>
  <w id="8" lemma="|a|" pos="DT" wid="8">a</w>
  <w id="9" lemma="|command|" pos="NN" wid="9">command</w>
  <w id="10" lemma="|--|" pos=":" wid="10">--</w>
  <w id="11" lemma="|it|" pos="PRP" wid="11">it</w>
  <w id="12" lemma="|be|" pos="VBZ" wid="12">is</w>
  <w id="13" lemma="|a|" pos="DT" wid="13">a</w>
  <w id="14" lemma="|gift|" pos="NN" wid="14">gift</w>
  <w id="15" lemma="|,|" pos="," wid="15">,</w>
  <w id="16" lemma="|a|" pos="DT" wid="16">a</w>
  <w id="17" lemma="|reality|" pos="NN" wid="17">reality</w>
  <w id="18" lemma="|that|" pos="IN" wid="18">that</w>
  <w id="19" lemma="|God|" pos="NNP" wid="19">God</w>
  <w id="20" lemma="|allow|" pos="VBZ" wid="20">allows</w>
  <w id="21" lemma="|we|" pos="PRP" wid="21">us</w>
  <w id="22" lemma="|to|" pos="TO" wid="22">to</w>
  <w id="23" lemma="|know|" pos="VB" wid="23">know</w>
  <w id="24" lemma="|and|" pos="CC" wid="24">and</w>
  <w id="25" lemma="|experience|" pos="VB" wid="25">experience</w>
  <w id="26" lemma="|,|" pos="," wid="26">,</w>
  <w id="27" lemma="|so|" pos="IN" wid="27">so</w>
  <w id="28" lemma="|that|" pos="IN" wid="28">that</w>
  <w id="29" lemma="|,|" pos="," wid="29">,</w>
  <w id="30" lemma="|like|" pos="IN" wid="30">like</w>
  <w id="31" lemma="|a|" pos="DT" wid="31">a</w>
  <w id="32" lemma="|seed|" pos="NN" wid="32">seed</w>
  <w id="33" lemma="|,|" pos="," wid="33">,</w>
  <w id="34" lemma="|it|" pos="PRP" wid="34">it</w>
  <w id="35" lemma="|can|" pos="MD" wid="35">can</w>
  <w id="36" lemma="|also|" pos="RB" wid="36">also</w>
  <w id="37" lemma="|germinate|" pos="VB" wid="37">germinate</w>
  <w id="38" lemma="|within|" pos="IN" wid="38">within</w>
  <w id="39" lemma="|we|" pos="PRP" wid="39">us</w>
  <w id="40" lemma="|and|" pos="CC" wid="40">and</w>
  <w id="41" lemma="|develop|" pos="VB" wid="41">develop</w>
  <w id="42" lemma="|throughout|" pos="IN" wid="42">throughout</w>
  <w id="43" lemma="|we|" pos="PRP$" wid="43">our</w>
  <w id="44" lemma="|life|" pos="NN" wid="44">life</w>
  <w id="45" lemma="|.|" pos="." wid="45">.</w>
</sentence>
<sentence id="6">
  <w id="0" lemma="|if|" pos="IN" wid="0">If</w>
  <w id="1" lemma="|the|" pos="DT" wid="1">the</w>
  <w id="2" lemma="|love|" pos="NN" wid="2">love</w>
  <w id="3" lemma="|of|" pos="IN" wid="3">of</w>
  <w id="4" lemma="|God|" pos="NNP" wid="4">God</w>
  <w id="5" lemma="|have|" pos="VBZ" wid="5">has</w>
  <w id="6" lemma="|plant|" pos="VBN" wid="6">planted</w>
  <w id="7" lemma="|deep|" pos="JJ" wid="7">deep</w>
  <w id="8" lemma="|root|" pos="NNS" wid="8">roots</w>
  <w id="9" lemma="|in|" pos="IN" wid="9">in</w>
  <w id="10" lemma="|a|" pos="DT" wid="10">a</w>
  <w id="11" lemma="|person|" pos="NN" wid="11">person</w>
  <w id="12" lemma="|,|" pos="," wid="12">,</w>
  <w id="13" lemma="|then|" pos="RB" wid="13">then</w>
  <w id="14" lemma="|he|" pos="PRP" wid="14">he</w>
  <w id="15" lemma="|be|" pos="VBZ" wid="15">is</w>
  <w id="16" lemma="|able|" pos="JJ" wid="16">able</w>
  <w id="17" lemma="|to|" pos="TO" wid="17">to</w>
  <w id="18" lemma="|love|" pos="VB" wid="18">love</w>
  <w id="19" lemma="|even|" pos="RB" wid="19">even</w>
  <w id="20" lemma="|those|" pos="DT" wid="20">those</w>
  <w id="21" lemma="|who|" pos="WP" wid="21">who</w>
  <w id="22" lemma="|do|" pos="VBP" wid="22">do</w>
  <w id="23" lemma="|not|" pos="RB" wid="23">not</w>
  <w id="24" lemma="|deserve|" pos="VB" wid="24">deserve</w>
  <w id="25" lemma="|it|" pos="PRP" wid="25">it</w>
  <w id="26" lemma="|,|" pos="," wid="26">,</w>
  <w id="27" lemma="|as|" pos="IN" wid="27">as</w>
  <w id="28" lemma="|God|" pos="NNP" wid="28">God</w>
  <w id="29" lemma="|do|" pos="VBZ" wid="29">does</w>
  <w id="30" lemma="|we|" pos="PRP" wid="30">us</w>
  <w id="31" lemma="|.|" pos="." wid="31">.</w>
</sentence>
<sentence id="7">
  <w id="0" lemma="|father|" pos="NNS" wid="0">Fathers</w>
  <w id="1" lemma="|and|" pos="CC" wid="1">and</w>
  <w id="2" lemma="|mother|" pos="NNS" wid="2">mothers</w>
  <w id="3" lemma="|do|" pos="VBP" wid="3">do</w>
  <w id="4" lemma="|not|" pos="RB" wid="4">not</w>
  <w id="5" lemma="|love|" pos="VB" wid="5">love</w>
  <w id="6" lemma="|they|" pos="PRP$" wid="6">their</w>
  <w id="7" lemma="|child|" pos="NNS" wid="7">children</w>
  <w id="8" lemma="|only|" pos="RB" wid="8">only</w>
  <w id="9" lemma="|when|" pos="WRB" wid="9">when</w>
  <w id="10" lemma="|they|" pos="PRP" wid="10">they</w>
  <w id="11" lemma="|deserve|" pos="VBP" wid="11">deserve</w>
  <w id="12" lemma="|love|" pos="NN" wid="12">love</w>
  <w id="13" lemma="|;|" pos=":" wid="13">;</w>
  <w id="14" lemma="|they|" pos="PRP" wid="14">they</w>
  <w id="15" lemma="|always|" pos="RB" wid="15">always</w>
  <w id="16" lemma="|love|" pos="VBP" wid="16">love</w>
  <w id="17" lemma="|they|" pos="PRP" wid="17">them</w>
  <w id="18" lemma="|,|" pos="," wid="18">,</w>
  <w id="19" lemma="|though|" pos="IN" wid="19">though</w>
  <w id="20" lemma="|of|" pos="IN" wid="20">of</w>
  <w id="21" lemma="|course|" pos="NN" wid="21">course</w>
  <w id="22" lemma="|,|" pos="," wid="22">,</w>
  <w id="23" lemma="|they|" pos="PRP" wid="23">they</w>
  <w id="24" lemma="|make|" pos="VBP" wid="24">make</w>
  <w id="25" lemma="|they|" pos="PRP" wid="25">them</w>
  <w id="26" lemma="|understand|" pos="VB" wid="26">understand</w>
  <w id="27" lemma="|when|" pos="WRB" wid="27">when</w>
  <w id="28" lemma="|they|" pos="PRP" wid="28">they</w>
  <w id="29" lemma="|be|" pos="VBP" wid="29">are</w>
  <w id="30" lemma="|wrong|" pos="JJ" wid="30">wrong</w>
  <w id="31" lemma="|.|" pos="." wid="31">.</w>
</sentence>
<sentence id="8">
  <w id="0" lemma="|we|" pos="PRP" wid="0">We</w>
  <w id="1" lemma="|learn|" pos="VBP" wid="1">learn</w>
  <w id="2" lemma="|from|" pos="IN" wid="2">from</w>
  <w id="3" lemma="|God|" pos="NNP" wid="3">God</w>
  <w id="4" lemma="|to|" pos="TO" wid="4">to</w>
  <w id="5" lemma="|seek|" pos="VB" wid="5">seek</w>
  <w id="6" lemma="|only|" pos="RB" wid="6">only</w>
  <w id="7" lemma="|what|" pos="WP" wid="7">what</w>
  <w id="8" lemma="|be|" pos="VBZ" wid="8">is</w>
  <w id="9" lemma="|good|" pos="JJ" wid="9">good</w>
  <w id="10" lemma="|and|" pos="CC" wid="10">and</w>
  <w id="11" lemma="|never|" pos="RB" wid="11">never</w>
  <w id="12" lemma="|what|" pos="WP" wid="12">what</w>
  <w id="13" lemma="|be|" pos="VBZ" wid="13">is</w>
  <w id="14" lemma="|evil|" pos="JJ" wid="14">evil</w>
  <w id="15" lemma="|.|" pos="." wid="15">.</w>
</sentence>
<sentence id="9">
  <w id="0" lemma="|we|" pos="PRP" wid="0">We</w>
  <w id="1" lemma="|learn|" pos="VBP" wid="1">learn</w>
  <w id="2" lemma="|to|" pos="TO" wid="2">to</w>
  <w id="3" lemma="|look|" pos="VB" wid="3">look</w>
  <w id="4" lemma="|at|" pos="IN" wid="4">at</w>
  <w id="5" lemma="|each|" pos="DT" wid="5">each</w>
  <w id="6" lemma="|other|" pos="JJ" wid="6">other</w>
  <w id="7" lemma="|not|" pos="RB" wid="7">not</w>
  <w id="8" lemma="|only|" pos="RB" wid="8">only</w>
  <w id="9" lemma="|with|" pos="IN" wid="9">with</w>
  <w id="10" lemma="|we|" pos="PRP$" wid="10">our</w>
  <w id="11" lemma="|eye|" pos="NNS" wid="11">eyes</w>
  <w id="12" lemma="|,|" pos="," wid="12">,</w>
  <w id="13" lemma="|but|" pos="CC" wid="13">but</w>
  <w id="14" lemma="|with|" pos="IN" wid="14">with</w>
  <w id="15" lemma="|the|" pos="DT" wid="15">the</w>
  <w id="16" lemma="|eye|" pos="NNS" wid="16">eyes</w>
  <w id="17" lemma="|of|" pos="IN" wid="17">of</w>
  <w id="18" lemma="|God|" pos="NNP" wid="18">God</w>
  <w id="19" lemma="|,|" pos="," wid="19">,</w>
  <w id="20" lemma="|which|" pos="WDT" wid="20">which</w>
  <w id="21" lemma="|be|" pos="VBZ" wid="21">is</w>
  <w id="22" lemma="|the|" pos="DT" wid="22">the</w>
  <w id="23" lemma="|gaze|" pos="VB" wid="23">gaze</w>
  <w id="24" lemma="|of|" pos="IN" wid="24">of</w>
  <w id="25" lemma="|Jesus|" pos="NNP" wid="25">Jesus</w>
  <w id="26" lemma="|Christ|" pos="NNP" wid="26">Christ</w>
  <w id="27" lemma="|.|" pos="." wid="27">.</w>
</sentence>
<sentence id="10">
  <w id="0" lemma="|a|" pos="DT" wid="0">A</w>
  <w id="1" lemma="|gaze|" pos="VBP" wid="1">gaze</w>
  <w id="2" lemma="|that|" pos="DT" wid="2">that</w>
  <w id="3" lemma="|begin|" pos="VBZ" wid="3">begins</w>
  <w id="4" lemma="|in|" pos="IN" wid="4">in</w>
  <w id="5" lemma="|the|" pos="DT" wid="5">the</w>
  <w id="6" lemma="|heart|" pos="NN" wid="6">heart</w>
  <w id="7" lemma="|and|" pos="CC" wid="7">and</w>
  <w id="8" lemma="|do|" pos="VBZ" wid="8">does</w>
  <w id="9" lemma="|not|" pos="RB" wid="9">not</w>
  <w id="10" lemma="|stop|" pos="VB" wid="10">stop</w>
  <w id="11" lemma="|at|" pos="IN" wid="11">at</w>
  <w id="12" lemma="|the|" pos="DT" wid="12">the</w>
  <w id="13" lemma="|surface|" pos="NN" wid="13">surface</w>
  <w id="14" lemma="|,|" pos="," wid="14">,</w>
  <w id="15" lemma="|that|" pos="WDT" wid="15">that</w>
  <w id="16" lemma="|go|" pos="VBZ" wid="16">goes</w>
  <w id="17" lemma="|beyond|" pos="IN" wid="17">beyond</w>
  <w id="18" lemma="|appearance|" pos="NNS" wid="18">appearances</w>
  <w id="19" lemma="|and|" pos="CC" wid="19">and</w>
  <w id="20" lemma="|manage|" pos="VBZ" wid="20">manages</w>
  <w id="21" lemma="|to|" pos="TO" wid="21">to</w>
  <w id="22" lemma="|capture|" pos="VB" wid="22">capture</w>
  <w id="23" lemma="|the|" pos="DT" wid="23">the</w>
  <w id="24" lemma="|deepest|" pos="JJS" wid="24">deepest</w>
  <w id="25" lemma="|aspiration|" pos="NNS" wid="25">aspirations</w>
  <w id="26" lemma="|of|" pos="IN" wid="26">of</w>
  <w id="27" lemma="|the|" pos="DT" wid="27">the</w>
  <w id="28" lemma="|other|" pos="JJ" wid="28">other</w>
  <w id="29" lemma="|:|" pos=":" wid="29">:</w>
  <w id="30" lemma="|wait|" pos="VBG" wid="30">waiting</w>
  <w id="31" lemma="|to|" pos="TO" wid="31">to</w>
  <w id="32" lemma="|be|" pos="VB" wid="32">be</w>
  <w id="33" lemma="|hear|" pos="VBN" wid="33">heard</w>
  <w id="34" lemma="|,|" pos="," wid="34">,</w>
  <w id="35" lemma="|for|" pos="IN" wid="35">for</w>
  <w id="36" lemma="|care|" pos="VBG" wid="36">caring</w>
  <w id="37" lemma="|attention|" pos="NN" wid="37">attention</w>
  <w id="38" lemma="|,|" pos="," wid="38">,</w>
  <w id="39" lemma="|in|" pos="IN" wid="39">in</w>
  <w id="40" lemma="|a|" pos="DT" wid="40">a</w>
  <w id="41" lemma="|word|" pos="NN" wid="41">word</w>
  <w id="42" lemma="|:|" pos=":" wid="42">:</w>
  <w id="43" lemma="|love|" pos="NN" wid="43">love</w>
  <w id="44" lemma="|.|" pos="." wid="44">.</w>
</sentence>
<sentence id="11">
  <w id="0" lemma="|but|" pos="CC" wid="0">But</w>
  <w id="1" lemma="|the|" pos="DT" wid="1">the</w>
  <w id="2" lemma="|opposite|" pos="NN" wid="2">opposite</w>
  <w id="3" lemma="|be|" pos="VBZ" wid="3">is</w>
  <w id="4" lemma="|also|" pos="RB" wid="4">also</w>
  <w id="5" lemma="|true|" pos="JJ" wid="5">true</w>
  <w id="6" lemma="|:|" pos=":" wid="6">:</w>
  <w id="7" lemma="|that|" pos="IN" wid="7">that</w>
  <w id="8" lemma="|by|" pos="IN" wid="8">by</w>
  <w id="9" lemma="|open|" pos="VBG" wid="9">opening</w>
  <w id="10" lemma="|myself|" pos="PRP" wid="10">myself</w>
  <w id="11" lemma="|to|" pos="TO" wid="11">to</w>
  <w id="12" lemma="|another|" pos="DT" wid="12">another</w>
  <w id="13" lemma="|,|" pos="," wid="13">,</w>
  <w id="14" lemma="|just|" pos="RB" wid="14">just</w>
  <w id="15" lemma="|as|" pos="IN" wid="15">as</w>
  <w id="16" lemma="|he|" pos="PRP" wid="16">he</w>
  <w id="17" lemma="|or|" pos="CC" wid="17">or</w>
  <w id="18" lemma="|she|" pos="PRP" wid="18">she</w>
  <w id="19" lemma="|be|" pos="VBZ" wid="19">is</w>
  <w id="20" lemma="|,|" pos="," wid="20">,</w>
  <w id="21" lemma="|by|" pos="IN" wid="21">by</w>
  <w id="22" lemma="|reach|" pos="VBG" wid="22">reaching</w>
  <w id="23" lemma="|out|" pos="RP" wid="23">out</w>
  <w id="24" lemma="|,|" pos="," wid="24">,</w>
  <w id="25" lemma="|by|" pos="IN" wid="25">by</w>
  <w id="26" lemma="|make|" pos="VBG" wid="26">making</w>
  <w id="27" lemma="|myself|" pos="PRP" wid="27">myself</w>
  <w id="28" lemma="|available|" pos="JJ" wid="28">available</w>
  <w id="29" lemma="|,|" pos="," wid="29">,</w>
  <w id="30" lemma="|I|" pos="PRP" wid="30">I</w>
  <w id="31" lemma="|be|" pos="VBP" wid="31">am</w>
  <w id="32" lemma="|also|" pos="RB" wid="32">also</w>
  <w id="33" lemma="|open|" pos="VBG" wid="33">opening</w>
  <w id="34" lemma="|myself|" pos="PRP" wid="34">myself</w>
  <w id="35" lemma="|to|" pos="TO" wid="35">to</w>
  <w id="36" lemma="|know|" pos="VB" wid="36">know</w>
  <w id="37" lemma="|God|" pos="NNP" wid="37">God</w>
  <w id="38" lemma="|,|" pos="," wid="38">,</w>
  <w id="39" lemma="|to|" pos="TO" wid="39">to</w>
  <w id="40" lemma="|feel|" pos="VB" wid="40">feel</w>
  <w id="41" lemma="|that|" pos="IN" wid="41">that</w>
  <w id="42" lemma="|he|" pos="PRP" wid="42">he</w>
  <w id="43" lemma="|be|" pos="VBZ" wid="43">is</w>
  <w id="44" lemma="|there|" pos="RB" wid="44">there</w>
  <w id="45" lemma="|and|" pos="CC" wid="45">and</w>
  <w id="46" lemma="|be|" pos="VBZ" wid="46">is</w>
  <w id="47" lemma="|good|" pos="JJ" wid="47">good</w>
  <w id="48" lemma="|.|" pos="." wid="48">.</w>
</sentence>
<sentence id="12">
  <w id="0" lemma="|love|" pos="NN" wid="0">Love</w>
  <w id="1" lemma="|of|" pos="IN" wid="1">of</w>
  <w id="2" lemma="|god|" pos="NN" wid="2">God</w>
  <w id="3" lemma="|and|" pos="CC" wid="3">and</w>
  <w id="4" lemma="|love|" pos="NN" wid="4">love</w>
  <w id="5" lemma="|of|" pos="IN" wid="5">of</w>
  <w id="6" lemma="|neighbour|" pos="NN" wid="6">neighbour</w>
  <w id="7" lemma="|be|" pos="VBP" wid="7">are</w>
  <w id="8" lemma="|inseparable|" pos="JJ" wid="8">inseparable</w>
  <w id="9" lemma="|and|" pos="CC" wid="9">and</w>
  <w id="10" lemma="|be|" pos="VBP" wid="10">are</w>
  <w id="11" lemma="|mutually|" pos="RB" wid="11">mutually</w>
  <w id="12" lemma="|related|" pos="JJ" wid="12">related</w>
  <w id="13" lemma="|.|" pos="." wid="13">.</w>
</sentence>
<sentence id="13">
  <w id="0" lemma="|Jesus|" pos="NNP" wid="0">Jesus</w>
  <w id="1" lemma="|do|" pos="VBD" wid="1">did</w>
  <w id="2" lemma="|not|" pos="RB" wid="2">not</w>
  <w id="3" lemma="|invent|" pos="VB" wid="3">invent</w>
  <w id="4" lemma="|one|" pos="CD" wid="4">one</w>
  <w id="5" lemma="|or|" pos="CC" wid="5">or</w>
  <w id="6" lemma="|the|" pos="DT" wid="6">the</w>
  <w id="7" lemma="|other|" pos="JJ" wid="7">other</w>
  <w id="8" lemma="|but|" pos="CC" wid="8">but</w>
  <w id="9" lemma="|reveal|" pos="VBD" wid="9">revealed</w>
  <w id="10" lemma="|that|" pos="IN" wid="10">that</w>
  <w id="11" lemma="|they|" pos="PRP" wid="11">they</w>
  <w id="12" lemma="|be|" pos="VBP" wid="12">are</w>
  <w id="13" lemma="|essentially|" pos="RB" wid="13">essentially</w>
  <w id="14" lemma="|a|" pos="DT" wid="14">a</w>
  <w id="15" lemma="|single|" pos="JJ" wid="15">single</w>
  <w id="16" lemma="|commandment|" pos="NN" wid="16">commandment</w>
  <w id="17" lemma="|and|" pos="CC" wid="17">and</w>
  <w id="18" lemma="|do|" pos="VBD" wid="18">did</w>
  <w id="19" lemma="|so|" pos="RB" wid="19">so</w>
  <w id="20" lemma="|not|" pos="RB" wid="20">not</w>
  <w id="21" lemma="|only|" pos="RB" wid="21">only</w>
  <w id="22" lemma="|through|" pos="IN" wid="22">through</w>
  <w id="23" lemma="|the|" pos="DT" wid="23">the</w>
  <w id="24" lemma="|Word|" pos="NNP" wid="24">Word</w>
  <w id="25" lemma="|,|" pos="," wid="25">,</w>
  <w id="26" lemma="|but|" pos="CC" wid="26">but</w>
  <w id="27" lemma="|especially|" pos="RB" wid="27">especially</w>
  <w id="28" lemma="|with|" pos="IN" wid="28">with</w>
  <w id="29" lemma="|he|" pos="PRP$" wid="29">his</w>
  <w id="30" lemma="|testimony|" pos="NN" wid="30">testimony</w>
  <w id="31" lemma="|:|" pos=":" wid="31">:</w>
  <w id="32" lemma="|the|" pos="DT" wid="32">the</w>
  <w id="33" lemma="|person|" pos="NN" wid="33">person</w>
  <w id="34" lemma="|of|" pos="IN" wid="34">of</w>
  <w id="35" lemma="|Jesus|" pos="NNP" wid="35">Jesus</w>
  <w id="36" lemma="|and|" pos="CC" wid="36">and</w>
  <w id="37" lemma="|he|" pos="PRP$" wid="37">his</w>
  <w id="38" lemma="|whole|" pos="JJ" wid="38">whole</w>
  <w id="39" lemma="|Mystery|" pos="NNP" wid="39">Mystery</w>
  <w id="40" lemma="|embody|" pos="VB" wid="40">embody</w>
  <w id="41" lemma="|the|" pos="DT" wid="41">the</w>
  <w id="42" lemma="|unity|" pos="NN" wid="42">unity</w>
  <w id="43" lemma="|of|" pos="IN" wid="43">of</w>
  <w id="44" lemma="|love|" pos="NN" wid="44">love</w>
  <w id="45" lemma="|of|" pos="IN" wid="45">of</w>
  <w id="46" lemma="|god|" pos="NN" wid="46">God</w>
  <w id="47" lemma="|and|" pos="CC" wid="47">and</w>
  <w id="48" lemma="|neighbour|" pos="NN" wid="48">neighbour</w>
  <w id="49" lemma="|,|" pos="," wid="49">,</w>
  <w id="50" lemma="|like|" pos="IN" wid="50">like</w>
  <w id="51" lemma="|the|" pos="DT" wid="51">the</w>
  <w id="52" lemma="|two|" pos="CD" wid="52">two</w>
  <w id="53" lemma="|arm|" pos="NNS" wid="53">arms</w>
  <w id="54" lemma="|of|" pos="IN" wid="54">of</w>
  <w id="55" lemma="|the|" pos="DT" wid="55">the</w>
  <w id="56" lemma="|Cross|" pos="NNP" wid="56">Cross</w>
  <w id="57" lemma="|,|" pos="," wid="57">,</w>
  <w id="58" lemma="|vertical|" pos="JJ" wid="58">vertical</w>
  <w id="59" lemma="|and|" pos="CC" wid="59">and</w>
  <w id="60" lemma="|horizontal|" pos="JJ" wid="60">horizontal</w>
  <w id="61" lemma="|.|" pos="." wid="61">.</w>
</sentence>
<sentence id="14">
  <w id="0" lemma="|in|" pos="IN" wid="0">In</w>
  <w id="1" lemma="|the|" pos="DT" wid="1">the</w>
  <w id="2" lemma="|eucharist|" pos="NN" wid="2">Eucharist</w>
  <w id="3" lemma="|he|" pos="PRP" wid="3">he</w>
  <w id="4" lemma="|give|" pos="VBZ" wid="4">gives</w>
  <w id="5" lemma="|we|" pos="PRP" wid="5">us</w>
  <w id="6" lemma="|this|" pos="DT" wid="6">this</w>
  <w id="7" lemma="|two-fold|" pos="JJ" wid="7">two-fold</w>
  <w id="8" lemma="|love|" pos="NN" wid="8">love</w>
  <w id="9" lemma="|,|" pos="," wid="9">,</w>
  <w id="10" lemma="|give|" pos="VBG" wid="10">giving</w>
  <w id="11" lemma="|himself|" pos="PRP" wid="11">himself</w>
  <w id="12" lemma="|,|" pos="," wid="12">,</w>
  <w id="13" lemma="|because|" pos="IN" wid="13">because</w>
  <w id="14" lemma="|,|" pos="," wid="14">,</w>
  <w id="15" lemma="|nourish|" pos="VBN" wid="15">nourished</w>
  <w id="16" lemma="|by|" pos="IN" wid="16">by</w>
  <w id="17" lemma="|this|" pos="DT" wid="17">this</w>
  <w id="18" lemma="|bread|" pos="NN" wid="18">Bread</w>
  <w id="19" lemma="|,|" pos="," wid="19">,</w>
  <w id="20" lemma="|we|" pos="PRP" wid="20">we</w>
  <w id="21" lemma="|love|" pos="VBP" wid="21">love</w>
  <w id="22" lemma="|one|" pos="CD" wid="22">one</w>
  <w id="23" lemma="|another|" pos="DT" wid="23">another</w>
  <w id="24" lemma="|as|" pos="IN" wid="24">as</w>
  <w id="25" lemma="|he|" pos="PRP" wid="25">he</w>
  <w id="26" lemma="|have|" pos="VBZ" wid="26">has</w>
  <w id="27" lemma="|love|" pos="VBN" wid="27">loved</w>
  <w id="28" lemma="|we|" pos="PRP" wid="28">us</w>
  <w id="29" lemma="|.|" pos="." wid="29">.</w>
</sentence>
<sentence id="15">
  <w id="0" lemma="|Dear|" pos="NNP" wid="0">Dear</w>
  <w id="1" lemma="|friend|" pos="NNS" wid="1">friends</w>
  <w id="2" lemma="|,|" pos="," wid="2">,</w>
  <w id="3" lemma="|through|" pos="IN" wid="3">through</w>
  <w id="4" lemma="|the|" pos="DT" wid="4">the</w>
  <w id="5" lemma="|intercession|" pos="NN" wid="5">intercession</w>
  <w id="6" lemma="|of|" pos="IN" wid="6">of</w>
  <w id="7" lemma="|the|" pos="DT" wid="7">the</w>
  <w id="8" lemma="|Virgin|" pos="NNP" wid="8">Virgin</w>
  <w id="9" lemma="|Mary|" pos="NNP" wid="9">Mary</w>
  <w id="10" lemma="|,|" pos="," wid="10">,</w>
  <w id="11" lemma="|we|" pos="PRP" wid="11">we</w>
  <w id="12" lemma="|pray|" pos="VBP" wid="12">pray</w>
  <w id="13" lemma="|that|" pos="IN" wid="13">that</w>
  <w id="14" lemma="|every|" pos="DT" wid="14">every</w>
  <w id="15" lemma="|Christian|" pos="NNP" wid="15">Christian</w>
  <w id="16" lemma="|may|" pos="MD" wid="16">may</w>
  <w id="17" lemma="|know|" pos="VB" wid="17">know</w>
  <w id="18" lemma="|how|" pos="WRB" wid="18">how</w>
  <w id="19" lemma="|to|" pos="TO" wid="19">to</w>
  <w id="20" lemma="|show|" pos="VB" wid="20">show</w>
  <w id="21" lemma="|his/her|" pos="NN" wid="21">his/her</w>
  <w id="22" lemma="|faith|" pos="NN" wid="22">faith</w>
  <w id="23" lemma="|in|" pos="IN" wid="23">in</w>
  <w id="24" lemma="|the|" pos="DT" wid="24">the</w>
  <w id="25" lemma="|one|" pos="CD" wid="25">one</w>
  <w id="26" lemma="|true|" pos="JJ" wid="26">true</w>
  <w id="27" lemma="|God|" pos="NNP" wid="27">God</w>
  <w id="28" lemma="|with|" pos="IN" wid="28">with</w>
  <w id="29" lemma="|a|" pos="DT" wid="29">a</w>
  <w id="30" lemma="|clear|" pos="JJ" wid="30">clear</w>
  <w id="31" lemma="|witness|" pos="NN" wid="31">witness</w>
  <w id="32" lemma="|to|" pos="TO" wid="32">to</w>
  <w id="33" lemma="|love|" pos="NN" wid="33">love</w>
  <w id="34" lemma="|of|" pos="IN" wid="34">of</w>
  <w id="35" lemma="|neighbour|" pos="NN" wid="35">neighbour</w>
  <w id="36" lemma="|.|" pos="." wid="36">.</w>
</sentence>
<sentence id="16">
  <w id="0" lemma="|after|" pos="IN" wid="0">After</w>
  <w id="1" lemma="|the|" pos="DT" wid="1">the</w>
  <w id="2" lemma="|Angelus|" pos="NNP" wid="2">Angelus</w>
  <w id="3" lemma="|:|" pos=":" wid="3">:</w>
  <w id="4" lemma="|I|" pos="PRP" wid="4">I</w>
  <w id="5" lemma="|greet|" pos="VB" wid="5">greet</w>
  <w id="6" lemma="|all|" pos="PDT" wid="6">all</w>
  <w id="7" lemma="|the|" pos="DT" wid="7">the</w>
  <w id="8" lemma="|english-speaking|" pos="JJ" wid="8">English-speaking</w>
  <w id="9" lemma="|visitor|" pos="NNS" wid="9">visitors</w>
  <w id="10" lemma="|,|" pos="," wid="10">,</w>
  <w id="11" lemma="|especially|" pos="RB" wid="11">especially</w>
  <w id="12" lemma="|those|" pos="DT" wid="12">those</w>
  <w id="13" lemma="|from|" pos="IN" wid="13">from</w>
  <w id="14" lemma="|the|" pos="DT" wid="14">the</w>
  <w id="15" lemma="|London|" pos="NNP" wid="15">London</w>
  <w id="16" lemma="|Oratory|" pos="NNP" wid="16">Oratory</w>
  <w id="17" lemma="|School|" pos="NNP" wid="17">School</w>
  <w id="18" lemma="|,|" pos="," wid="18">,</w>
  <w id="19" lemma="|from|" pos="IN" wid="19">from</w>
  <w id="20" lemma="|Holy|" pos="NNP" wid="20">Holy</w>
  <w id="21" lemma="|Rosary|" pos="NNP" wid="21">Rosary</w>
  <w id="22" lemma="|Parish|" pos="NNP" wid="22">Parish</w>
  <w id="23" lemma="|in|" pos="IN" wid="23">in</w>
  <w id="24" lemma="|Billingham-on-Tees|" pos="NNP" wid="24">Billingham-on-Tees</w>
  <w id="25" lemma="|,|" pos="," wid="25">,</w>
  <w id="26" lemma="|and|" pos="CC" wid="26">and</w>
  <w id="27" lemma="|from|" pos="IN" wid="27">from</w>
  <w id="28" lemma="|Saint|" pos="NNP" wid="28">Saint</w>
  <w id="29" lemma="|Philip|" pos="NNP" wid="29">Philip</w>
  <w id="30" lemma="|'s|" pos="POS" wid="30">'s</w>
  <w id="31" lemma="|School|" pos="NNP" wid="31">School</w>
  <w id="32" lemma="|,|" pos="," wid="32">,</w>
  <w id="33" lemma="|London|" pos="NNP" wid="33">London</w>
  <w id="34" lemma="|.|" pos="." wid="34">.</w>
</sentence>
<sentence id="17">
  <w id="0" lemma="|Jesus|" pos="NNP" wid="0">Jesus</w>
  <w id="1" lemma="|teach|" pos="VBZ" wid="1">teaches</w>
  <w id="2" lemma="|we|" pos="PRP" wid="2">us</w>
  <w id="3" lemma="|that|" pos="IN" wid="3">that</w>
  <w id="4" lemma="|those|" pos="DT" wid="4">those</w>
  <w id="5" lemma="|who|" pos="WP" wid="5">who</w>
  <w id="6" lemma="|love|" pos="VBP" wid="6">love</w>
  <w id="7" lemma="|the|" pos="DT" wid="7">the</w>
  <w id="8" lemma="|Lord|" pos="NNP" wid="8">Lord</w>
  <w id="9" lemma="|with|" pos="IN" wid="9">with</w>
  <w id="10" lemma="|all|" pos="DT" wid="10">all</w>
  <w id="11" lemma="|they|" pos="PRP$" wid="11">their</w>
  <w id="12" lemma="|heart|" pos="NN" wid="12">heart</w>
  <w id="13" lemma="|,|" pos="," wid="13">,</w>
  <w id="14" lemma="|soul|" pos="NN" wid="14">soul</w>
  <w id="15" lemma="|,|" pos="," wid="15">,</w>
  <w id="16" lemma="|mind|" pos="NN" wid="16">mind</w>
  <w id="17" lemma="|and|" pos="CC" wid="17">and</w>
  <w id="18" lemma="|strength|" pos="NN" wid="18">strength</w>
  <w id="19" lemma="|be|" pos="VBP" wid="19">are</w>
  <w id="20" lemma="|not|" pos="RB" wid="20">not</w>
  <w id="21" lemma="|far|" pos="RB" wid="21">far</w>
  <w id="22" lemma="|from|" pos="IN" wid="22">from</w>
  <w id="23" lemma="|the|" pos="DT" wid="23">the</w>
  <w id="24" lemma="|Kingdom|" pos="NNP" wid="24">Kingdom</w>
  <w id="25" lemma="|.|" pos="." wid="25">.</w>
</sentence>
<sentence id="18">
  <w id="0" lemma="|let|" pos="VB" wid="0">Let</w>
  <w id="1" lemma="|we|" pos="PRP" wid="1">us</w>
  <w id="2" lemma="|love|" pos="VB" wid="2">love</w>
  <w id="3" lemma="|the|" pos="DT" wid="3">the</w>
  <w id="4" lemma="|Lord|" pos="NNP" wid="4">Lord</w>
  <w id="5" lemma="|in|" pos="IN" wid="5">in</w>
  <w id="6" lemma="|this|" pos="DT" wid="6">this</w>
  <w id="7" lemma="|way|" pos="NN" wid="7">way</w>
  <w id="8" lemma="|,|" pos="," wid="8">,</w>
  <w id="9" lemma="|and|" pos="CC" wid="9">and</w>
  <w id="10" lemma="|we|" pos="PRP$" wid="10">our</w>
  <w id="11" lemma="|neighbour|" pos="NN" wid="11">neighbour</w>
  <w id="12" lemma="|as|" pos="IN" wid="12">as</w>
  <w id="13" lemma="|ourselves|" pos="PRP" wid="13">ourselves</w>
  <w id="14" lemma="|.|" pos="." wid="14">.</w>
</sentence>
<sentence id="19">
  <w id="0" lemma="|May|" pos="NNP" wid="0">May</w>
  <w id="1" lemma="|God|" pos="NNP" wid="1">God</w>
  <w id="2" lemma="|bless|" pos="VB" wid="2">bless</w>
  <w id="3" lemma="|all|" pos="DT" wid="3">all</w>
  <w id="4" lemma="|of|" pos="IN" wid="4">of</w>
  <w id="5" lemma="|you|" pos="PRP" wid="5">you</w>
  <w id="6" lemma="|!|" pos="." wid="6">!</w>
</sentence>
<sentence id="20">
  <w id="0" lemma="|I|" pos="PRP" wid="0">I</w>
  <w id="1" lemma="|wish|" pos="VBP" wid="1">wish</w>
  <w id="2" lemma="|everyone|" pos="NN" wid="2">everyone</w>
  <w id="3" lemma="|a|" pos="DT" wid="3">a</w>
  <w id="4" lemma="|good|" pos="JJ" wid="4">good</w>
  <w id="5" lemma="|week|" pos="NN" wid="5">week</w>
  <w id="6" lemma="|.|" pos="." wid="6">.</w>
</sentence>
<sentence id="21">
  <w id="0" lemma="|thanks|" pos="NNS" wid="0">Thanks</w>
  <w id="1" lemma="|for|" pos="IN" wid="1">for</w>
  <w id="2" lemma="|you|" pos="PRP$" wid="2">your</w>
  <w id="3" lemma="|attention|" pos="NN" wid="3">attention</w>
  <w id="4" lemma="|.|" pos="." wid="4">.</w>
</sentence>
<sentence id="22">
  <w id="0" lemma="|happy|" pos="JJ" wid="0">Happy</w>
  <w id="1" lemma="|Sunday|" pos="NNP" wid="1">Sunday</w>
  <w id="2" lemma="|.|" pos="." wid="2">.</w>
</sentence>
</corpus>