<corpus id="0">
<sentence id="0">
  <w id="0" lemma="|Dear|" pos="NNP" wid="0">Dear</w>
  <w id="1" lemma="|Brothers|" pos="NNPS" wid="1">Brothers</w>
  <w id="2" lemma="|and|" pos="CC" wid="2">and</w>
  <w id="3" lemma="|sister|" pos="NNS" wid="3">Sisters</w>
  <w id="4" lemma="|,|" pos="," wid="4">,</w>
  <w id="5" lemma="|on|" pos="IN" wid="5">On</w>
  <w id="6" lemma="|this|" pos="DT" wid="6">this</w>
  <w id="7" lemma="|Sunday|" pos="NNP" wid="7">Sunday</w>
  <w id="8" lemma="|follow|" pos="VBG" wid="8">following</w>
  <w id="9" lemma="|the|" pos="DT" wid="9">the</w>
  <w id="10" lemma="|nativity|" pos="NN" wid="10">Nativity</w>
  <w id="11" lemma="|of|" pos="IN" wid="11">of</w>
  <w id="12" lemma="|the|" pos="DT" wid="12">the</w>
  <w id="13" lemma="|Lord|" pos="NNP" wid="13">Lord</w>
  <w id="14" lemma="|we|" pos="PRP" wid="14">we</w>
  <w id="15" lemma="|be|" pos="VBP" wid="15">are</w>
  <w id="16" lemma="|joyfully|" pos="RB" wid="16">joyfully</w>
  <w id="17" lemma="|celebrate|" pos="VBG" wid="17">celebrating</w>
  <w id="18" lemma="|the|" pos="DT" wid="18">the</w>
  <w id="19" lemma="|Holy|" pos="NNP" wid="19">Holy</w>
  <w id="20" lemma="|Family|" pos="NNP" wid="20">Family</w>
  <w id="21" lemma="|of|" pos="IN" wid="21">of</w>
  <w id="22" lemma="|Nazareth|" pos="NNP" wid="22">Nazareth</w>
  <w id="23" lemma="|.|" pos="." wid="23">.</w>
</sentence>
<sentence id="1">
  <w id="0" lemma="|it|" pos="PRP" wid="0">It</w>
  <w id="1" lemma="|be|" pos="VBZ" wid="1">is</w>
  <w id="2" lemma="|a|" pos="DT" wid="2">a</w>
  <w id="3" lemma="|most|" pos="RBS" wid="3">most</w>
  <w id="4" lemma="|suitable|" pos="JJ" wid="4">suitable</w>
  <w id="5" lemma="|context|" pos="NN" wid="5">context</w>
  <w id="6" lemma="|because|" pos="IN" wid="6">because</w>
  <w id="7" lemma="|Christmas|" pos="NNP" wid="7">Christmas</w>
  <w id="8" lemma="|be|" pos="VBZ" wid="8">is</w>
  <w id="9" lemma="|the|" pos="DT" wid="9">the</w>
  <w id="10" lemma="|Feast|" pos="NNP" wid="10">Feast</w>
  <w id="11" lemma="|of|" pos="IN" wid="11">of</w>
  <w id="12" lemma="|the|" pos="DT" wid="12">the</w>
  <w id="13" lemma="|family|" pos="NN" wid="13">family</w>
  <w id="14" lemma="|par|" pos="NN" wid="14">par</w>
  <w id="15" lemma="|excellence|" pos="NN" wid="15">excellence</w>
  <w id="16" lemma="|.|" pos="." wid="16">.</w>
</sentence>
<sentence id="2">
  <w id="0" lemma="|this|" pos="DT" wid="0">This</w>
  <w id="1" lemma="|be|" pos="VBZ" wid="1">is</w>
  <w id="2" lemma="|demonstrate|" pos="VBN" wid="2">demonstrated</w>
  <w id="3" lemma="|by|" pos="IN" wid="3">by</w>
  <w id="4" lemma="|numerous|" pos="JJ" wid="4">numerous</w>
  <w id="5" lemma="|tradition|" pos="NNS" wid="5">traditions</w>
  <w id="6" lemma="|and|" pos="CC" wid="6">and</w>
  <w id="7" lemma="|social|" pos="JJ" wid="7">social</w>
  <w id="8" lemma="|custom|" pos="NNS" wid="8">customs</w>
  <w id="9" lemma="|,|" pos="," wid="9">,</w>
  <w id="10" lemma="|especially|" pos="RB" wid="10">especially</w>
  <w id="11" lemma="|the|" pos="DT" wid="11">the</w>
  <w id="12" lemma="|practice|" pos="NN" wid="12">practice</w>
  <w id="13" lemma="|of|" pos="IN" wid="13">of</w>
  <w id="14" lemma="|gathering|" pos="NN" wid="14">gathering</w>
  <w id="15" lemma="|together|" pos="RB" wid="15">together</w>
  <w id="16" lemma="|as|" pos="IN" wid="16">as</w>
  <w id="17" lemma="|a|" pos="DT" wid="17">a</w>
  <w id="18" lemma="|family|" pos="NN" wid="18">family</w>
  <w id="19" lemma="|for|" pos="IN" wid="19">for</w>
  <w id="20" lemma="|festive|" pos="JJ" wid="20">festive</w>
  <w id="21" lemma="|meal|" pos="NNS" wid="21">meals</w>
  <w id="22" lemma="|and|" pos="CC" wid="22">and</w>
  <w id="23" lemma="|for|" pos="IN" wid="23">for</w>
  <w id="24" lemma="|greeting|" pos="NNS" wid="24">greetings</w>
  <w id="25" lemma="|and|" pos="CC" wid="25">and</w>
  <w id="26" lemma="|the|" pos="DT" wid="26">the</w>
  <w id="27" lemma="|exchange|" pos="NN" wid="27">exchange</w>
  <w id="28" lemma="|of|" pos="IN" wid="28">of</w>
  <w id="29" lemma="|gift|" pos="NNS" wid="29">gifts</w>
  <w id="30" lemma="|;|" pos=":" wid="30">;</w>
  <w id="31" lemma="|and|" pos="CC" wid="31">and</w>
  <w id="32" lemma="|how|" pos="WRB" wid="32">how</w>
  <w id="33" lemma="|can|" pos="MD" wid="33">can</w>
  <w id="34" lemma="|the|" pos="DT" wid="34">the</w>
  <w id="35" lemma="|hardship|" pos="NN" wid="35">hardship</w>
  <w id="36" lemma="|and|" pos="CC" wid="36">and</w>
  <w id="37" lemma="|suffering|" pos="NN" wid="37">suffering</w>
  <w id="38" lemma="|cause|" pos="VBN" wid="38">caused</w>
  <w id="39" lemma="|by|" pos="IN" wid="39">by</w>
  <w id="40" lemma="|certain|" pos="JJ" wid="40">certain</w>
  <w id="41" lemma="|family|" pos="NN" wid="41">family</w>
  <w id="42" lemma="|wound|" pos="NNS" wid="42">wounds</w>
  <w id="43" lemma="|which|" pos="WDT" wid="43">which</w>
  <w id="44" lemma="|on|" pos="IN" wid="44">on</w>
  <w id="45" lemma="|these|" pos="DT" wid="45">these</w>
  <w id="46" lemma="|occasion|" pos="NNS" wid="46">occasions</w>
  <w id="47" lemma="|be|" pos="VBP" wid="47">are</w>
  <w id="48" lemma="|amplify|" pos="VBN" wid="48">amplified</w>
  <w id="49" lemma="|go|" pos="VB" wid="49">go</w>
  <w id="50" lemma="|unnoticed|" pos="JJ" wid="50">unnoticed</w>
  <w id="51" lemma="|?|" pos="." wid="51">?</w>
</sentence>
<sentence id="3">
  <w id="0" lemma="|Jesus|" pos="NNP" wid="0">Jesus</w>
  <w id="1" lemma="|will|" pos="VBD" wid="1">willed</w>
  <w id="2" lemma="|to|" pos="TO" wid="2">to</w>
  <w id="3" lemma="|be|" pos="VB" wid="3">be</w>
  <w id="4" lemma="|bear|" pos="VBN" wid="4">born</w>
  <w id="5" lemma="|and|" pos="CC" wid="5">and</w>
  <w id="6" lemma="|to|" pos="TO" wid="6">to</w>
  <w id="7" lemma="|grow|" pos="VB" wid="7">grow</w>
  <w id="8" lemma="|up|" pos="RP" wid="8">up</w>
  <w id="9" lemma="|in|" pos="IN" wid="9">in</w>
  <w id="10" lemma="|a|" pos="DT" wid="10">a</w>
  <w id="11" lemma="|human|" pos="JJ" wid="11">human</w>
  <w id="12" lemma="|family|" pos="NN" wid="12">family</w>
  <w id="13" lemma="|;|" pos=":" wid="13">;</w>
  <w id="14" lemma="|he|" pos="PRP" wid="14">he</w>
  <w id="15" lemma="|have|" pos="VBD" wid="15">had</w>
  <w id="16" lemma="|the|" pos="DT" wid="16">the</w>
  <w id="17" lemma="|Virgin|" pos="NNP" wid="17">Virgin</w>
  <w id="18" lemma="|Mary|" pos="NNP" wid="18">Mary</w>
  <w id="19" lemma="|as|" pos="IN" wid="19">as</w>
  <w id="20" lemma="|he|" pos="PRP$" wid="20">his</w>
  <w id="21" lemma="|mother|" pos="NN" wid="21">mother</w>
  <w id="22" lemma="|and|" pos="CC" wid="22">and</w>
  <w id="23" lemma="|Joseph|" pos="NNP" wid="23">Joseph</w>
  <w id="24" lemma="|who|" pos="WP" wid="24">who</w>
  <w id="25" lemma="|act|" pos="VBD" wid="25">acted</w>
  <w id="26" lemma="|as|" pos="IN" wid="26">as</w>
  <w id="27" lemma="|he|" pos="PRP$" wid="27">his</w>
  <w id="28" lemma="|father|" pos="NN" wid="28">father</w>
  <w id="29" lemma="|;|" pos=":" wid="29">;</w>
  <w id="30" lemma="|they|" pos="PRP" wid="30">they</w>
  <w id="31" lemma="|raise|" pos="VBD" wid="31">raised</w>
  <w id="32" lemma="|and|" pos="CC" wid="32">and</w>
  <w id="33" lemma="|educate|" pos="VBD" wid="33">educated</w>
  <w id="34" lemma="|he|" pos="PRP" wid="34">him</w>
  <w id="35" lemma="|with|" pos="IN" wid="35">with</w>
  <w id="36" lemma="|immense|" pos="JJ" wid="36">immense</w>
  <w id="37" lemma="|love|" pos="NN" wid="37">love</w>
  <w id="38" lemma="|.|" pos="." wid="38">.</w>
</sentence>
<sentence id="4">
  <w id="0" lemma="|Jesus|" pos="NNP" wid="0">Jesus</w>
  <w id="1" lemma="|'|" pos="POS" wid="1">'</w>
  <w id="2" lemma="|family|" pos="NN" wid="2">family</w>
  <w id="3" lemma="|truly|" pos="RB" wid="3">truly</w>
  <w id="4" lemma="|deserve|" pos="VBZ" wid="4">deserves</w>
  <w id="5" lemma="|the|" pos="DT" wid="5">the</w>
  <w id="6" lemma="|title|" pos="NN" wid="6">title</w>
  <w id="7" lemma="|``|" pos="``" wid="7">``</w>
  <w id="8" lemma="|Holy|" pos="NNP" wid="8">Holy</w>
  <w id="9" lemma="|''|" pos="''" wid="9">''</w>
  <w id="10" lemma="|,|" pos="," wid="10">,</w>
  <w id="11" lemma="|for|" pos="IN" wid="11">for</w>
  <w id="12" lemma="|it|" pos="PRP" wid="12">it</w>
  <w id="13" lemma="|be|" pos="VBD" wid="13">was</w>
  <w id="14" lemma="|fully|" pos="RB" wid="14">fully</w>
  <w id="15" lemma="|engage|" pos="VBN" wid="15">engaged</w>
  <w id="16" lemma="|in|" pos="IN" wid="16">in</w>
  <w id="17" lemma="|the|" pos="DT" wid="17">the</w>
  <w id="18" lemma="|desire|" pos="NN" wid="18">desire</w>
  <w id="19" lemma="|to|" pos="TO" wid="19">to</w>
  <w id="20" lemma="|do|" pos="VB" wid="20">do</w>
  <w id="21" lemma="|the|" pos="DT" wid="21">the</w>
  <w id="22" lemma="|will|" pos="NN" wid="22">will</w>
  <w id="23" lemma="|of|" pos="IN" wid="23">of</w>
  <w id="24" lemma="|God|" pos="NNP" wid="24">God</w>
  <w id="25" lemma="|,|" pos="," wid="25">,</w>
  <w id="26" lemma="|incarnate|" pos="NN" wid="26">incarnate</w>
  <w id="27" lemma="|in|" pos="IN" wid="27">in</w>
  <w id="28" lemma="|the|" pos="DT" wid="28">the</w>
  <w id="29" lemma="|adorable|" pos="JJ" wid="29">adorable</w>
  <w id="30" lemma="|presence|" pos="NN" wid="30">presence</w>
  <w id="31" lemma="|of|" pos="IN" wid="31">of</w>
  <w id="32" lemma="|Jesus|" pos="NNP" wid="32">Jesus</w>
  <w id="33" lemma="|.|" pos="." wid="33">.</w>
</sentence>
<sentence id="5">
  <w id="0" lemma="|on|" pos="IN" wid="0">On</w>
  <w id="1" lemma="|the|" pos="DT" wid="1">the</w>
  <w id="2" lemma="|one|" pos="CD" wid="2">one</w>
  <w id="3" lemma="|hand|" pos="NN" wid="3">hand</w>
  <w id="4" lemma="|,|" pos="," wid="4">,</w>
  <w id="5" lemma="|it|" pos="PRP" wid="5">it</w>
  <w id="6" lemma="|be|" pos="VBD" wid="6">was</w>
  <w id="7" lemma="|a|" pos="DT" wid="7">a</w>
  <w id="8" lemma="|family|" pos="NN" wid="8">family</w>
  <w id="9" lemma="|like|" pos="IN" wid="9">like</w>
  <w id="10" lemma="|all|" pos="DT" wid="10">all</w>
  <w id="11" lemma="|other|" pos="NNS" wid="11">others</w>
  <w id="12" lemma="|and|" pos="CC" wid="12">and</w>
  <w id="13" lemma="|as|" pos="IN" wid="13">as</w>
  <w id="14" lemma="|such|" pos="JJ" wid="14">such</w>
  <w id="15" lemma="|,|" pos="," wid="15">,</w>
  <w id="16" lemma="|it|" pos="PRP" wid="16">it</w>
  <w id="17" lemma="|be|" pos="VBZ" wid="17">is</w>
  <w id="18" lemma="|a|" pos="DT" wid="18">a</w>
  <w id="19" lemma="|model|" pos="NN" wid="19">model</w>
  <w id="20" lemma="|of|" pos="IN" wid="20">of</w>
  <w id="21" lemma="|conjugal|" pos="JJ" wid="21">conjugal</w>
  <w id="22" lemma="|love|" pos="NN" wid="22">love</w>
  <w id="23" lemma="|,|" pos="," wid="23">,</w>
  <w id="24" lemma="|collaboration|" pos="NN" wid="24">collaboration</w>
  <w id="25" lemma="|,|" pos="," wid="25">,</w>
  <w id="26" lemma="|sacrifice|" pos="NN" wid="26">sacrifice</w>
  <w id="27" lemma="|and|" pos="CC" wid="27">and</w>
  <w id="28" lemma="|entrustment|" pos="NN" wid="28">entrustment</w>
  <w id="29" lemma="|to|" pos="TO" wid="29">to</w>
  <w id="30" lemma="|divine|" pos="VB" wid="30">divine</w>
  <w id="31" lemma="|Providence|" pos="NNP" wid="31">Providence</w>
  <w id="32" lemma="|,|" pos="," wid="32">,</w>
  <w id="33" lemma="|hard|" pos="JJ" wid="33">hard</w>
  <w id="34" lemma="|work|" pos="NN" wid="34">work</w>
  <w id="35" lemma="|and|" pos="CC" wid="35">and</w>
  <w id="36" lemma="|solidarity|" pos="NN" wid="36">solidarity</w>
  <w id="37" lemma="|in|" pos="IN" wid="37">in</w>
  <w id="38" lemma="|short|" pos="JJ" wid="38">short</w>
  <w id="39" lemma="|,|" pos="," wid="39">,</w>
  <w id="40" lemma="|of|" pos="IN" wid="40">of</w>
  <w id="41" lemma="|all|" pos="PDT" wid="41">all</w>
  <w id="42" lemma="|those|" pos="DT" wid="42">those</w>
  <w id="43" lemma="|value|" pos="NNS" wid="43">values</w>
  <w id="44" lemma="|that|" pos="IN" wid="44">that</w>
  <w id="45" lemma="|the|" pos="DT" wid="45">the</w>
  <w id="46" lemma="|family|" pos="NN" wid="46">family</w>
  <w id="47" lemma="|safeguard|" pos="NNS" wid="47">safeguards</w>
  <w id="48" lemma="|and|" pos="CC" wid="48">and</w>
  <w id="49" lemma="|promote|" pos="VBZ" wid="49">promotes</w>
  <w id="50" lemma="|,|" pos="," wid="50">,</w>
  <w id="51" lemma="|make|" pos="VBG" wid="51">making</w>
  <w id="52" lemma="|a|" pos="DT" wid="52">an</w>
  <w id="53" lemma="|important|" pos="JJ" wid="53">important</w>
  <w id="54" lemma="|contribution|" pos="NN" wid="54">contribution</w>
  <w id="55" lemma="|to|" pos="TO" wid="55">to</w>
  <w id="56" lemma="|form|" pos="VBG" wid="56">forming</w>
  <w id="57" lemma="|the|" pos="DT" wid="57">the</w>
  <w id="58" lemma="|fabric|" pos="NN" wid="58">fabric</w>
  <w id="59" lemma="|of|" pos="IN" wid="59">of</w>
  <w id="60" lemma="|every|" pos="DT" wid="60">every</w>
  <w id="61" lemma="|society|" pos="NN" wid="61">society</w>
  <w id="62" lemma="|.|" pos="." wid="62">.</w>
</sentence>
<sentence id="6">
  <w id="0" lemma="|at|" pos="IN" wid="0">At</w>
  <w id="1" lemma="|the|" pos="DT" wid="1">the</w>
  <w id="2" lemma="|same|" pos="JJ" wid="2">same</w>
  <w id="3" lemma="|time|" pos="NN" wid="3">time</w>
  <w id="4" lemma="|,|" pos="," wid="4">,</w>
  <w id="5" lemma="|however|" pos="RB" wid="5">however</w>
  <w id="6" lemma="|,|" pos="," wid="6">,</w>
  <w id="7" lemma="|the|" pos="DT" wid="7">the</w>
  <w id="8" lemma="|Family|" pos="NNP" wid="8">Family</w>
  <w id="9" lemma="|of|" pos="IN" wid="9">of</w>
  <w id="10" lemma="|Nazareth|" pos="NNP" wid="10">Nazareth</w>
  <w id="11" lemma="|be|" pos="VBD" wid="11">was</w>
  <w id="12" lemma="|unique|" pos="JJ" wid="12">unique</w>
  <w id="13" lemma="|,|" pos="," wid="13">,</w>
  <w id="14" lemma="|different|" pos="JJ" wid="14">different</w>
  <w id="15" lemma="|from|" pos="IN" wid="15">from</w>
  <w id="16" lemma="|all|" pos="DT" wid="16">all</w>
  <w id="17" lemma="|other|" pos="JJ" wid="17">other</w>
  <w id="18" lemma="|family|" pos="NNS" wid="18">families</w>
  <w id="19" lemma="|because|" pos="IN" wid="19">because</w>
  <w id="20" lemma="|of|" pos="IN" wid="20">of</w>
  <w id="21" lemma="|its|" pos="PRP$" wid="21">its</w>
  <w id="22" lemma="|singular|" pos="JJ" wid="22">singular</w>
  <w id="23" lemma="|vocation|" pos="NN" wid="23">vocation</w>
  <w id="24" lemma="|link|" pos="VBN" wid="24">linked</w>
  <w id="25" lemma="|to|" pos="TO" wid="25">to</w>
  <w id="26" lemma="|the|" pos="DT" wid="26">the</w>
  <w id="27" lemma="|mission|" pos="NN" wid="27">mission</w>
  <w id="28" lemma="|of|" pos="IN" wid="28">of</w>
  <w id="29" lemma="|the|" pos="DT" wid="29">the</w>
  <w id="30" lemma="|Son|" pos="NNP" wid="30">Son</w>
  <w id="31" lemma="|of|" pos="IN" wid="31">of</w>
  <w id="32" lemma="|God|" pos="NNP" wid="32">God</w>
  <w id="33" lemma="|.|" pos="." wid="33">.</w>
</sentence>
<sentence id="7">
  <w id="0" lemma="|with|" pos="IN" wid="0">With</w>
  <w id="1" lemma="|precisely|" pos="RB" wid="1">precisely</w>
  <w id="2" lemma="|this|" pos="DT" wid="2">this</w>
  <w id="3" lemma="|uniqueness|" pos="NN" wid="3">uniqueness</w>
  <w id="4" lemma="|it|" pos="PRP" wid="4">it</w>
  <w id="5" lemma="|point|" pos="VBZ" wid="5">points</w>
  <w id="6" lemma="|out|" pos="RP" wid="6">out</w>
  <w id="7" lemma="|to|" pos="TO" wid="7">to</w>
  <w id="8" lemma="|every|" pos="DT" wid="8">every</w>
  <w id="9" lemma="|family|" pos="NN" wid="9">family</w>
  <w id="10" lemma="|and|" pos="CC" wid="10">and</w>
  <w id="11" lemma="|in|" pos="IN" wid="11">in</w>
  <w id="12" lemma="|the|" pos="DT" wid="12">the</w>
  <w id="13" lemma="|first|" pos="JJ" wid="13">first</w>
  <w id="14" lemma="|place|" pos="NN" wid="14">place</w>
  <w id="15" lemma="|to|" pos="TO" wid="15">to</w>
  <w id="16" lemma="|Christian|" pos="NNP" wid="16">Christian</w>
  <w id="17" lemma="|family|" pos="NNS" wid="17">families</w>
  <w id="18" lemma="|God|" pos="NNP" wid="18">God</w>
  <w id="19" lemma="|'s|" pos="POS" wid="19">'s</w>
  <w id="20" lemma="|horizon|" pos="NN" wid="20">horizon</w>
  <w id="21" lemma="|,|" pos="," wid="21">,</w>
  <w id="22" lemma="|the|" pos="DT" wid="22">the</w>
  <w id="23" lemma="|sweet|" pos="JJ" wid="23">sweet</w>
  <w id="24" lemma="|and|" pos="CC" wid="24">and</w>
  <w id="25" lemma="|demand|" pos="VBG" wid="25">demanding</w>
  <w id="26" lemma="|primacy|" pos="NN" wid="26">primacy</w>
  <w id="27" lemma="|of|" pos="IN" wid="27">of</w>
  <w id="28" lemma="|he|" pos="PRP$" wid="28">his</w>
  <w id="29" lemma="|will|" pos="NN" wid="29">will</w>
  <w id="30" lemma="|,|" pos="," wid="30">,</w>
  <w id="31" lemma="|the|" pos="DT" wid="31">the</w>
  <w id="32" lemma="|prospect|" pos="NN" wid="32">prospect</w>
  <w id="33" lemma="|of|" pos="IN" wid="33">of</w>
  <w id="34" lemma="|Heaven|" pos="NNP" wid="34">Heaven</w>
  <w id="35" lemma="|to|" pos="TO" wid="35">to</w>
  <w id="36" lemma="|which|" pos="WDT" wid="36">which</w>
  <w id="37" lemma="|we|" pos="PRP" wid="37">we</w>
  <w id="38" lemma="|be|" pos="VBP" wid="38">are</w>
  <w id="39" lemma="|all|" pos="DT" wid="39">all</w>
  <w id="40" lemma="|destine|" pos="VBN" wid="40">destined</w>
  <w id="41" lemma="|.|" pos="." wid="41">.</w>
</sentence>
<sentence id="8">
  <w id="0" lemma="|for|" pos="IN" wid="0">For</w>
  <w id="1" lemma="|all|" pos="PDT" wid="1">all</w>
  <w id="2" lemma="|this|" pos="DT" wid="2">this</w>
  <w id="3" lemma="|,|" pos="," wid="3">,</w>
  <w id="4" lemma="|today|" pos="NN" wid="4">today</w>
  <w id="5" lemma="|we|" pos="PRP" wid="5">we</w>
  <w id="6" lemma="|thank|" pos="VBP" wid="6">thank</w>
  <w id="7" lemma="|God|" pos="NNP" wid="7">God</w>
  <w id="8" lemma="|,|" pos="," wid="8">,</w>
  <w id="9" lemma="|but|" pos="CC" wid="9">but</w>
  <w id="10" lemma="|also|" pos="RB" wid="10">also</w>
  <w id="11" lemma="|the|" pos="DT" wid="11">the</w>
  <w id="12" lemma="|Virgin|" pos="NNP" wid="12">Virgin</w>
  <w id="13" lemma="|Mary|" pos="NNP" wid="13">Mary</w>
  <w id="14" lemma="|and|" pos="CC" wid="14">and</w>
  <w id="15" lemma="|St|" pos="NNP" wid="15">St</w>
  <w id="16" lemma="|Joseph|" pos="NNP" wid="16">Joseph</w>
  <w id="17" lemma="|,|" pos="," wid="17">,</w>
  <w id="18" lemma="|who|" pos="WP" wid="18">who</w>
  <w id="19" lemma="|with|" pos="IN" wid="19">with</w>
  <w id="20" lemma="|much|" pos="JJ" wid="20">much</w>
  <w id="21" lemma="|faith|" pos="NN" wid="21">faith</w>
  <w id="22" lemma="|and|" pos="CC" wid="22">and</w>
  <w id="23" lemma="|willingness|" pos="NN" wid="23">willingness</w>
  <w id="24" lemma="|cooperate|" pos="VBD" wid="24">cooperated</w>
  <w id="25" lemma="|in|" pos="IN" wid="25">in</w>
  <w id="26" lemma="|the|" pos="DT" wid="26">the</w>
  <w id="27" lemma="|Lord|" pos="NNP" wid="27">Lord</w>
  <w id="28" lemma="|'s|" pos="POS" wid="28">'s</w>
  <w id="29" lemma="|plan|" pos="NN" wid="29">plan</w>
  <w id="30" lemma="|of|" pos="IN" wid="30">of</w>
  <w id="31" lemma="|salvation|" pos="NN" wid="31">salvation</w>
  <w id="32" lemma="|.|" pos="." wid="32">.</w>
</sentence>
<sentence id="9">
  <w id="0" lemma="|thousand|" pos="NNS" wid="0">Thousands</w>
  <w id="1" lemma="|of|" pos="IN" wid="1">of</w>
  <w id="2" lemma="|people|" pos="NNS" wid="2">people</w>
  <w id="3" lemma="|be|" pos="VBP" wid="3">are</w>
  <w id="4" lemma="|meet|" pos="VBG" wid="4">meeting</w>
  <w id="5" lemma="|in|" pos="IN" wid="5">in</w>
  <w id="6" lemma="|Madrid|" pos="NNP" wid="6">Madrid</w>
  <w id="7" lemma="|today|" pos="NN" wid="7">today</w>
  <w id="8" lemma="|to|" pos="TO" wid="8">to</w>
  <w id="9" lemma="|express|" pos="VB" wid="9">express</w>
  <w id="10" lemma="|the|" pos="DT" wid="10">the</w>
  <w id="11" lemma="|beauty|" pos="NN" wid="11">beauty</w>
  <w id="12" lemma="|and|" pos="CC" wid="12">and</w>
  <w id="13" lemma="|value|" pos="NN" wid="13">value</w>
  <w id="14" lemma="|of|" pos="IN" wid="14">of</w>
  <w id="15" lemma="|the|" pos="DT" wid="15">the</w>
  <w id="16" lemma="|family|" pos="NN" wid="16">family</w>
  <w id="17" lemma="|.|" pos="." wid="17">.</w>
</sentence>
<sentence id="10">
  <w id="0" lemma="|I|" pos="PRP" wid="0">I</w>
  <w id="1" lemma="|would|" pos="MD" wid="1">would</w>
  <w id="2" lemma="|now|" pos="RB" wid="2">now</w>
  <w id="3" lemma="|like|" pos="VB" wid="3">like</w>
  <w id="4" lemma="|to|" pos="TO" wid="4">to</w>
  <w id="5" lemma="|speak|" pos="VB" wid="5">speak</w>
  <w id="6" lemma="|to|" pos="TO" wid="6">to</w>
  <w id="7" lemma="|they|" pos="PRP" wid="7">them</w>
  <w id="8" lemma="|in|" pos="IN" wid="8">in</w>
  <w id="9" lemma="|Spanish|" pos="NNP" wid="9">Spanish</w>
  <w id="10" lemma="|.|" pos="." wid="10">.</w>
</sentence>
<sentence id="11">
  <w id="0" lemma="|I|" pos="PRP" wid="0">I</w>
  <w id="1" lemma="|now|" pos="RB" wid="1">now</w>
  <w id="2" lemma="|address|" pos="VBP" wid="2">address</w>
  <w id="3" lemma="|a|" pos="DT" wid="3">a</w>
  <w id="4" lemma="|cordial|" pos="JJ" wid="4">cordial</w>
  <w id="5" lemma="|greet|" pos="VBG" wid="5">greeting</w>
  <w id="6" lemma="|to|" pos="TO" wid="6">to</w>
  <w id="7" lemma="|the|" pos="DT" wid="7">the</w>
  <w id="8" lemma="|participant|" pos="NNS" wid="8">participants</w>
  <w id="9" lemma="|gather|" pos="VBN" wid="9">gathered</w>
  <w id="10" lemma="|at|" pos="IN" wid="10">at</w>
  <w id="11" lemma="|this|" pos="DT" wid="11">this</w>
  <w id="12" lemma="|move|" pos="VBG" wid="12">moving</w>
  <w id="13" lemma="|celebration|" pos="NN" wid="13">celebration</w>
  <w id="14" lemma="|in|" pos="IN" wid="14">in</w>
  <w id="15" lemma="|Madrid|" pos="NNP" wid="15">Madrid</w>
  <w id="16" lemma="|to|" pos="TO" wid="16">to</w>
  <w id="17" lemma="|pray|" pos="VB" wid="17">pray</w>
  <w id="18" lemma="|for|" pos="IN" wid="18">for</w>
  <w id="19" lemma="|the|" pos="DT" wid="19">the</w>
  <w id="20" lemma="|family|" pos="NN" wid="20">family</w>
  <w id="21" lemma="|and|" pos="CC" wid="21">and</w>
  <w id="22" lemma="|to|" pos="TO" wid="22">to</w>
  <w id="23" lemma="|commit|" pos="VB" wid="23">commit</w>
  <w id="24" lemma="|with|" pos="IN" wid="24">with</w>
  <w id="25" lemma="|fortitude|" pos="NN" wid="25">fortitude</w>
  <w id="26" lemma="|and|" pos="CC" wid="26">and</w>
  <w id="27" lemma="|hope|" pos="NN" wid="27">hope</w>
  <w id="28" lemma="|to|" pos="TO" wid="28">to</w>
  <w id="29" lemma="|work|" pos="VB" wid="29">work</w>
  <w id="30" lemma="|in|" pos="IN" wid="30">in</w>
  <w id="31" lemma="|its|" pos="PRP$" wid="31">its</w>
  <w id="32" lemma="|favour|" pos="NN" wid="32">favour</w>
  <w id="33" lemma="|.|" pos="." wid="33">.</w>
</sentence>
<sentence id="12">
  <w id="0" lemma="|the|" pos="DT" wid="0">The</w>
  <w id="1" lemma="|family|" pos="NN" wid="1">family</w>
  <w id="2" lemma="|be|" pos="VBZ" wid="2">is</w>
  <w id="3" lemma="|certainly|" pos="RB" wid="3">certainly</w>
  <w id="4" lemma="|a|" pos="DT" wid="4">a</w>
  <w id="5" lemma="|grace|" pos="NN" wid="5">grace</w>
  <w id="6" lemma="|of|" pos="IN" wid="6">of</w>
  <w id="7" lemma="|God|" pos="NNP" wid="7">God</w>
  <w id="8" lemma="|through|" pos="IN" wid="8">through</w>
  <w id="9" lemma="|which|" pos="WDT" wid="9">which</w>
  <w id="10" lemma="|transpire|" pos="VBZ" wid="10">transpires</w>
  <w id="11" lemma="|what|" pos="WP" wid="11">what</w>
  <w id="12" lemma="|God|" pos="NNP" wid="12">God</w>
  <w id="13" lemma="|himself|" pos="PRP" wid="13">himself</w>
  <w id="14" lemma="|be|" pos="VBZ" wid="14">is</w>
  <w id="15" lemma="|:|" pos=":" wid="15">:</w>
  <w id="16" lemma="|Love|" pos="NNP" wid="16">Love</w>
  <w id="17" lemma="|a|" pos="DT" wid="17">an</w>
  <w id="18" lemma="|entirely|" pos="RB" wid="18">entirely</w>
  <w id="19" lemma="|free|" pos="JJ" wid="19">free</w>
  <w id="20" lemma="|love|" pos="NN" wid="20">love</w>
  <w id="21" lemma="|that|" pos="WDT" wid="21">that</w>
  <w id="22" lemma="|sustain|" pos="VBZ" wid="22">sustains</w>
  <w id="23" lemma="|boundless|" pos="JJ" wid="23">boundless</w>
  <w id="24" lemma="|fidelity|" pos="NN" wid="24">fidelity</w>
  <w id="25" lemma="|,|" pos="," wid="25">,</w>
  <w id="26" lemma="|even|" pos="RB" wid="26">even</w>
  <w id="27" lemma="|in|" pos="IN" wid="27">in</w>
  <w id="28" lemma="|time|" pos="NNS" wid="28">times</w>
  <w id="29" lemma="|of|" pos="IN" wid="29">of</w>
  <w id="30" lemma="|difficulty|" pos="NN" wid="30">difficulty</w>
  <w id="31" lemma="|or|" pos="CC" wid="31">or</w>
  <w id="32" lemma="|dejection|" pos="NN" wid="32">dejection</w>
  <w id="33" lemma="|.|" pos="." wid="33">.</w>
</sentence>
<sentence id="13">
  <w id="0" lemma="|these|" pos="DT" wid="0">These</w>
  <w id="1" lemma="|quality|" pos="NNS" wid="1">qualities</w>
  <w id="2" lemma="|be|" pos="VBP" wid="2">are</w>
  <w id="3" lemma="|reflect|" pos="VBN" wid="3">reflected</w>
  <w id="4" lemma="|eminently|" pos="RB" wid="4">eminently</w>
  <w id="5" lemma="|in|" pos="IN" wid="5">in</w>
  <w id="6" lemma="|the|" pos="DT" wid="6">the</w>
  <w id="7" lemma="|Holy|" pos="NNP" wid="7">Holy</w>
  <w id="8" lemma="|Family|" pos="NNP" wid="8">Family</w>
  <w id="9" lemma="|in|" pos="IN" wid="9">in</w>
  <w id="10" lemma="|which|" pos="WDT" wid="10">which</w>
  <w id="11" lemma="|Jesus|" pos="NNP" wid="11">Jesus</w>
  <w id="12" lemma="|come|" pos="VBD" wid="12">came</w>
  <w id="13" lemma="|into|" pos="IN" wid="13">into</w>
  <w id="14" lemma="|the|" pos="DT" wid="14">the</w>
  <w id="15" lemma="|world|" pos="NN" wid="15">world</w>
  <w id="16" lemma="|,|" pos="," wid="16">,</w>
  <w id="17" lemma="|be|" pos="VBD" wid="17">was</w>
  <w id="18" lemma="|raise|" pos="VBN" wid="18">raised</w>
  <w id="19" lemma="|and|" pos="CC" wid="19">and</w>
  <w id="20" lemma="|be|" pos="VBD" wid="20">was</w>
  <w id="21" lemma="|fill|" pos="VBN" wid="21">filled</w>
  <w id="22" lemma="|with|" pos="IN" wid="22">with</w>
  <w id="23" lemma="|wisdom|" pos="NN" wid="23">wisdom</w>
  <w id="24" lemma="|,|" pos="," wid="24">,</w>
  <w id="25" lemma="|with|" pos="IN" wid="25">with</w>
  <w id="26" lemma="|Mary|" pos="NNP" wid="26">Mary</w>
  <w id="27" lemma="|'s|" pos="POS" wid="27">'s</w>
  <w id="28" lemma="|thoughtful|" pos="JJ" wid="28">thoughtful</w>
  <w id="29" lemma="|care|" pos="NN" wid="29">care</w>
  <w id="30" lemma="|and|" pos="CC" wid="30">and</w>
  <w id="31" lemma="|St|" pos="NNP" wid="31">St</w>
  <w id="32" lemma="|Joseph|" pos="NNP" wid="32">Joseph</w>
  <w id="33" lemma="|'s|" pos="POS" wid="33">'s</w>
  <w id="34" lemma="|faithful|" pos="JJ" wid="34">faithful</w>
  <w id="35" lemma="|custody|" pos="NN" wid="35">custody</w>
  <w id="36" lemma="|.|" pos="." wid="36">.</w>
</sentence>
<sentence id="14">
  <w id="0" lemma="|Dear|" pos="NNP" wid="0">Dear</w>
  <w id="1" lemma="|family|" pos="NNS" wid="1">families</w>
  <w id="2" lemma="|,|" pos="," wid="2">,</w>
  <w id="3" lemma="|do|" pos="VBP" wid="3">do</w>
  <w id="4" lemma="|not|" pos="RB" wid="4">not</w>
  <w id="5" lemma="|let|" pos="VB" wid="5">let</w>
  <w id="6" lemma="|the|" pos="DT" wid="6">the</w>
  <w id="7" lemma="|love|" pos="NN" wid="7">love</w>
  <w id="8" lemma="|,|" pos="," wid="8">,</w>
  <w id="9" lemma="|openness|" pos="NN" wid="9">openness</w>
  <w id="10" lemma="|to|" pos="TO" wid="10">to</w>
  <w id="11" lemma="|life|" pos="NN" wid="11">life</w>
  <w id="12" lemma="|and|" pos="CC" wid="12">and</w>
  <w id="13" lemma="|incomparable|" pos="JJ" wid="13">incomparable</w>
  <w id="14" lemma="|tie|" pos="NNS" wid="14">ties</w>
  <w id="15" lemma="|that|" pos="WDT" wid="15">that</w>
  <w id="16" lemma="|unite|" pos="VBP" wid="16">unite</w>
  <w id="17" lemma="|you|" pos="PRP$" wid="17">your</w>
  <w id="18" lemma="|home|" pos="NN" wid="18">home</w>
  <w id="19" lemma="|weaken|" pos="VB" wid="19">weaken</w>
  <w id="20" lemma="|.|" pos="." wid="20">.</w>
</sentence>
<sentence id="15">
  <w id="0" lemma="|ask|" pos="VB" wid="0">Ask</w>
  <w id="1" lemma="|God|" pos="NNP" wid="1">God</w>
  <w id="2" lemma="|for|" pos="IN" wid="2">for</w>
  <w id="3" lemma="|this|" pos="DT" wid="3">this</w>
  <w id="4" lemma="|constantly|" pos="RB" wid="4">constantly</w>
  <w id="5" lemma="|,|" pos="," wid="5">,</w>
  <w id="6" lemma="|pray|" pos="VB" wid="6">pray</w>
  <w id="7" lemma="|together|" pos="RB" wid="7">together</w>
  <w id="8" lemma="|so|" pos="IN" wid="8">so</w>
  <w id="9" lemma="|that|" pos="IN" wid="9">that</w>
  <w id="10" lemma="|you|" pos="PRP$" wid="10">your</w>
  <w id="11" lemma="|resolution|" pos="NNS" wid="11">resolutions</w>
  <w id="12" lemma="|may|" pos="MD" wid="12">may</w>
  <w id="13" lemma="|be|" pos="VB" wid="13">be</w>
  <w id="14" lemma="|enlighten|" pos="VBN" wid="14">enlightened</w>
  <w id="15" lemma="|by|" pos="IN" wid="15">by</w>
  <w id="16" lemma="|faith|" pos="NN" wid="16">faith</w>
  <w id="17" lemma="|and|" pos="CC" wid="17">and</w>
  <w id="18" lemma="|strengthen|" pos="VBN" wid="18">strengthened</w>
  <w id="19" lemma="|by|" pos="IN" wid="19">by</w>
  <w id="20" lemma="|divine|" pos="JJ" wid="20">divine</w>
  <w id="21" lemma="|grace|" pos="NN" wid="21">grace</w>
  <w id="22" lemma="|on|" pos="IN" wid="22">on</w>
  <w id="23" lemma="|the|" pos="DT" wid="23">the</w>
  <w id="24" lemma="|path|" pos="NN" wid="24">path</w>
  <w id="25" lemma="|to|" pos="TO" wid="25">to</w>
  <w id="26" lemma="|holiness|" pos="NN" wid="26">holiness</w>
  <w id="27" lemma="|.|" pos="." wid="27">.</w>
</sentence>
<sentence id="16">
  <w id="0" lemma="|thus|" pos="RB" wid="0">Thus</w>
  <w id="1" lemma="|,|" pos="," wid="1">,</w>
  <w id="2" lemma="|with|" pos="IN" wid="2">with</w>
  <w id="3" lemma="|the|" pos="DT" wid="3">the</w>
  <w id="4" lemma="|joy|" pos="NN" wid="4">joy</w>
  <w id="5" lemma="|of|" pos="IN" wid="5">of</w>
  <w id="6" lemma="|share|" pos="VBG" wid="6">sharing</w>
  <w id="7" lemma="|all|" pos="DT" wid="7">all</w>
  <w id="8" lemma="|thing|" pos="NNS" wid="8">things</w>
  <w id="9" lemma="|in|" pos="IN" wid="9">in</w>
  <w id="10" lemma="|love|" pos="NN" wid="10">love</w>
  <w id="11" lemma="|,|" pos="," wid="11">,</w>
  <w id="12" lemma="|you|" pos="PRP" wid="12">you</w>
  <w id="13" lemma="|will|" pos="MD" wid="13">will</w>
  <w id="14" lemma="|give|" pos="VB" wid="14">give</w>
  <w id="15" lemma="|the|" pos="DT" wid="15">the</w>
  <w id="16" lemma="|world|" pos="NN" wid="16">world</w>
  <w id="17" lemma="|a|" pos="DT" wid="17">a</w>
  <w id="18" lemma="|beautiful|" pos="JJ" wid="18">beautiful</w>
  <w id="19" lemma="|witness|" pos="NN" wid="19">witness</w>
  <w id="20" lemma="|to|" pos="TO" wid="20">to</w>
  <w id="21" lemma="|how|" pos="WRB" wid="21">how</w>
  <w id="22" lemma="|important|" pos="JJ" wid="22">important</w>
  <w id="23" lemma="|the|" pos="DT" wid="23">the</w>
  <w id="24" lemma="|family|" pos="NN" wid="24">family</w>
  <w id="25" lemma="|be|" pos="VBZ" wid="25">is</w>
  <w id="26" lemma="|for|" pos="IN" wid="26">for</w>
  <w id="27" lemma="|the|" pos="DT" wid="27">the</w>
  <w id="28" lemma="|human|" pos="JJ" wid="28">human</w>
  <w id="29" lemma="|person|" pos="NN" wid="29">person</w>
  <w id="30" lemma="|and|" pos="CC" wid="30">and</w>
  <w id="31" lemma="|for|" pos="IN" wid="31">for</w>
  <w id="32" lemma="|society|" pos="NN" wid="32">society</w>
  <w id="33" lemma="|.|" pos="." wid="33">.</w>
</sentence>
<sentence id="17">
  <w id="0" lemma="|the|" pos="DT" wid="0">The</w>
  <w id="1" lemma="|Pope|" pos="NNP" wid="1">Pope</w>
  <w id="2" lemma="|be|" pos="VBZ" wid="2">is</w>
  <w id="3" lemma="|beside|" pos="IN" wid="3">beside</w>
  <w id="4" lemma="|you|" pos="PRP" wid="4">you</w>
  <w id="5" lemma="|,|" pos="," wid="5">,</w>
  <w id="6" lemma="|pray|" pos="VBG" wid="6">praying</w>
  <w id="7" lemma="|the|" pos="DT" wid="7">the</w>
  <w id="8" lemma="|Lord|" pos="NNP" wid="8">Lord</w>
  <w id="9" lemma="|especially|" pos="RB" wid="9">especially</w>
  <w id="10" lemma="|for|" pos="IN" wid="10">for</w>
  <w id="11" lemma="|those|" pos="DT" wid="11">those</w>
  <w id="12" lemma="|in|" pos="IN" wid="12">in</w>
  <w id="13" lemma="|every|" pos="DT" wid="13">every</w>
  <w id="14" lemma="|family|" pos="NN" wid="14">family</w>
  <w id="15" lemma="|who|" pos="WP" wid="15">who</w>
  <w id="16" lemma="|be|" pos="VBP" wid="16">are</w>
  <w id="17" lemma="|most|" pos="JJS" wid="17">most</w>
  <w id="18" lemma="|in|" pos="IN" wid="18">in</w>
  <w id="19" lemma="|need|" pos="NN" wid="19">need</w>
  <w id="20" lemma="|of|" pos="IN" wid="20">of</w>
  <w id="21" lemma="|health|" pos="NN" wid="21">health</w>
  <w id="22" lemma="|,|" pos="," wid="22">,</w>
  <w id="23" lemma="|work|" pos="NN" wid="23">work</w>
  <w id="24" lemma="|,|" pos="," wid="24">,</w>
  <w id="25" lemma="|comfort|" pos="NN" wid="25">comfort</w>
  <w id="26" lemma="|and|" pos="CC" wid="26">and</w>
  <w id="27" lemma="|company|" pos="NN" wid="27">company</w>
  <w id="28" lemma="|.|" pos="." wid="28">.</w>
</sentence>
<sentence id="18">
  <w id="0" lemma="|in|" pos="IN" wid="0">In</w>
  <w id="1" lemma="|this|" pos="DT" wid="1">this</w>
  <w id="2" lemma="|angelus|" pos="JJ" wid="2">Angelus</w>
  <w id="3" lemma="|prayer|" pos="NN" wid="3">prayer</w>
  <w id="4" lemma="|,|" pos="," wid="4">,</w>
  <w id="5" lemma="|I|" pos="PRP" wid="5">I</w>
  <w id="6" lemma="|entrust|" pos="VBP" wid="6">entrust</w>
  <w id="7" lemma="|you|" pos="PRP" wid="7">you</w>
  <w id="8" lemma="|all|" pos="DT" wid="8">all</w>
  <w id="9" lemma="|to|" pos="TO" wid="9">to</w>
  <w id="10" lemma="|we|" pos="PRP$" wid="10">our</w>
  <w id="11" lemma="|Mother|" pos="NNP" wid="11">Mother</w>
  <w id="12" lemma="|in|" pos="IN" wid="12">in</w>
  <w id="13" lemma="|Heaven|" pos="NNP" wid="13">Heaven</w>
  <w id="14" lemma="|,|" pos="," wid="14">,</w>
  <w id="15" lemma="|the|" pos="DT" wid="15">the</w>
  <w id="16" lemma="|Most|" pos="NNP" wid="16">Most</w>
  <w id="17" lemma="|Blessed|" pos="NNP" wid="17">Blessed</w>
  <w id="18" lemma="|Virgin|" pos="NNP" wid="18">Virgin</w>
  <w id="19" lemma="|Mary|" pos="NNP" wid="19">Mary</w>
  <w id="20" lemma="|.|" pos="." wid="20">.</w>
</sentence>
<sentence id="19">
  <w id="0" lemma="|Dear|" pos="NNP" wid="0">Dear</w>
  <w id="1" lemma="|brother|" pos="NNS" wid="1">brothers</w>
  <w id="2" lemma="|and|" pos="CC" wid="2">and</w>
  <w id="3" lemma="|sister|" pos="NNS" wid="3">sisters</w>
  <w id="4" lemma="|,|" pos="," wid="4">,</w>
  <w id="5" lemma="|in|" pos="IN" wid="5">in</w>
  <w id="6" lemma="|speaking|" pos="NN" wid="6">speaking</w>
  <w id="7" lemma="|of|" pos="IN" wid="7">of</w>
  <w id="8" lemma="|the|" pos="DT" wid="8">the</w>
  <w id="9" lemma="|family|" pos="NN" wid="9">family</w>
  <w id="10" lemma="|,|" pos="," wid="10">,</w>
  <w id="11" lemma="|I|" pos="PRP" wid="11">I</w>
  <w id="12" lemma="|can|" pos="MD" wid="12">can</w>
  <w id="13" lemma="|not|" pos="RB" wid="13">not</w>
  <w id="14" lemma="|then|" pos="RB" wid="14">then</w>
  <w id="15" lemma="|omit|" pos="VB" wid="15">omit</w>
  <w id="16" lemma="|to|" pos="TO" wid="16">to</w>
  <w id="17" lemma="|recall|" pos="VB" wid="17">recall</w>
  <w id="18" lemma="|that|" pos="IN" wid="18">that</w>
  <w id="19" lemma="|from|" pos="IN" wid="19">from</w>
  <w id="20" lemma="|14|" pos="CD" wid="20">14</w>
  <w id="21" lemma="|to|" pos="TO" wid="21">to</w>
  <w id="22" lemma="|18|" pos="CD" wid="22">18</w>
  <w id="23" lemma="|January|" pos="NNP" wid="23">January</w>
  <w id="24" lemma="|2009|" pos="CD" wid="24">2009</w>
  <w id="25" lemma="|the|" pos="DT" wid="25">the</w>
  <w id="26" lemma="|Sixth|" pos="NNP" wid="26">Sixth</w>
  <w id="27" lemma="|World|" pos="NNP" wid="27">World</w>
  <w id="28" lemma="|meet|" pos="VBG" wid="28">Meeting</w>
  <w id="29" lemma="|of|" pos="IN" wid="29">of</w>
  <w id="30" lemma="|family|" pos="NNS" wid="30">Families</w>
  <w id="31" lemma="|will|" pos="MD" wid="31">will</w>
  <w id="32" lemma="|be|" pos="VB" wid="32">be</w>
  <w id="33" lemma="|take|" pos="VBG" wid="33">taking</w>
  <w id="34" lemma="|place|" pos="NN" wid="34">place</w>
  <w id="35" lemma="|in|" pos="IN" wid="35">in</w>
  <w id="36" lemma="|Mexico|" pos="NNP" wid="36">Mexico</w>
  <w id="37" lemma="|City|" pos="NNP" wid="37">City</w>
  <w id="38" lemma="|.|" pos="." wid="38">.</w>
</sentence>
<sentence id="20">
  <w id="0" lemma="|let|" pos="VB" wid="0">Let</w>
  <w id="1" lemma="|we|" pos="PRP" wid="1">us</w>
  <w id="2" lemma="|pray|" pos="VB" wid="2">pray</w>
  <w id="3" lemma="|from|" pos="IN" wid="3">from</w>
  <w id="4" lemma="|this|" pos="DT" wid="4">this</w>
  <w id="5" lemma="|moment|" pos="NN" wid="5">moment</w>
  <w id="6" lemma="|for|" pos="IN" wid="6">for</w>
  <w id="7" lemma="|this|" pos="DT" wid="7">this</w>
  <w id="8" lemma="|important|" pos="JJ" wid="8">important</w>
  <w id="9" lemma="|ecclesial|" pos="JJ" wid="9">ecclesial</w>
  <w id="10" lemma="|event|" pos="NN" wid="10">event</w>
  <w id="11" lemma="|and|" pos="CC" wid="11">and</w>
  <w id="12" lemma="|entrust|" pos="VB" wid="12">entrust</w>
  <w id="13" lemma="|every|" pos="DT" wid="13">every</w>
  <w id="14" lemma="|family|" pos="NN" wid="14">family</w>
  <w id="15" lemma="|to|" pos="TO" wid="15">to</w>
  <w id="16" lemma="|the|" pos="DT" wid="16">the</w>
  <w id="17" lemma="|Lord|" pos="NNP" wid="17">Lord</w>
  <w id="18" lemma="|,|" pos="," wid="18">,</w>
  <w id="19" lemma="|especially|" pos="RB" wid="19">especially</w>
  <w id="20" lemma="|those|" pos="DT" wid="20">those</w>
  <w id="21" lemma="|family|" pos="NNS" wid="21">families</w>
  <w id="22" lemma="|most|" pos="RBS" wid="22">most</w>
  <w id="23" lemma="|sorely|" pos="RB" wid="23">sorely</w>
  <w id="24" lemma="|try|" pos="VBN" wid="24">tried</w>
  <w id="25" lemma="|by|" pos="IN" wid="25">by</w>
  <w id="26" lemma="|life|" pos="NN" wid="26">life</w>
  <w id="27" lemma="|'s|" pos="POS" wid="27">'s</w>
  <w id="28" lemma="|difficulty|" pos="NNS" wid="28">difficulties</w>
  <w id="29" lemma="|and|" pos="CC" wid="29">and</w>
  <w id="30" lemma="|by|" pos="IN" wid="30">by</w>
  <w id="31" lemma="|the|" pos="DT" wid="31">the</w>
  <w id="32" lemma="|scourge|" pos="NNS" wid="32">scourges</w>
  <w id="33" lemma="|of|" pos="IN" wid="33">of</w>
  <w id="34" lemma="|misunderstanding|" pos="NN" wid="34">misunderstanding</w>
  <w id="35" lemma="|and|" pos="CC" wid="35">and</w>
  <w id="36" lemma="|division|" pos="NN" wid="36">division</w>
  <w id="37" lemma="|.|" pos="." wid="37">.</w>
</sentence>
<sentence id="21">
  <w id="0" lemma="|May|" pos="NNP" wid="0">May</w>
  <w id="1" lemma="|the|" pos="DT" wid="1">the</w>
  <w id="2" lemma="|Redeemer|" pos="NNP" wid="2">Redeemer</w>
  <w id="3" lemma="|,|" pos="," wid="3">,</w>
  <w id="4" lemma="|bear|" pos="VBN" wid="4">born</w>
  <w id="5" lemma="|in|" pos="IN" wid="5">in</w>
  <w id="6" lemma="|Bethlehem|" pos="NNP" wid="6">Bethlehem</w>
  <w id="7" lemma="|,|" pos="," wid="7">,</w>
  <w id="8" lemma="|give|" pos="VB" wid="8">give</w>
  <w id="9" lemma="|to|" pos="TO" wid="9">to</w>
  <w id="10" lemma="|all|" pos="DT" wid="10">all</w>
  <w id="11" lemma="|of|" pos="IN" wid="11">of</w>
  <w id="12" lemma="|they|" pos="PRP" wid="12">them</w>
  <w id="13" lemma="|serenity|" pos="NN" wid="13">serenity</w>
  <w id="14" lemma="|and|" pos="CC" wid="14">and</w>
  <w id="15" lemma="|the|" pos="DT" wid="15">the</w>
  <w id="16" lemma="|strength|" pos="NN" wid="16">strength</w>
  <w id="17" lemma="|to|" pos="TO" wid="17">to</w>
  <w id="18" lemma="|walk|" pos="VB" wid="18">walk</w>
  <w id="19" lemma="|united|" pos="JJ" wid="19">united</w>
  <w id="20" lemma="|on|" pos="IN" wid="20">on</w>
  <w id="21" lemma="|the|" pos="DT" wid="21">the</w>
  <w id="22" lemma="|path|" pos="NN" wid="22">path</w>
  <w id="23" lemma="|of|" pos="IN" wid="23">of</w>
  <w id="24" lemma="|good|" pos="NN" wid="24">good</w>
  <w id="25" lemma="|.|" pos="." wid="25">.</w>
</sentence>
<sentence id="22">
  <w id="0" lemma="|Dear|" pos="NNP" wid="0">Dear</w>
  <w id="1" lemma="|brother|" pos="NNS" wid="1">brothers</w>
  <w id="2" lemma="|and|" pos="CC" wid="2">and</w>
  <w id="3" lemma="|sister|" pos="NNS" wid="3">sisters</w>
  <w id="4" lemma="|,|" pos="," wid="4">,</w>
  <w id="5" lemma="|the|" pos="DT" wid="5">the</w>
  <w id="6" lemma="|Holy|" pos="NNP" wid="6">Holy</w>
  <w id="7" lemma="|Land|" pos="NNP" wid="7">Land</w>
  <w id="8" lemma="|,|" pos="," wid="8">,</w>
  <w id="9" lemma="|which|" pos="WDT" wid="9">which</w>
  <w id="10" lemma="|during|" pos="IN" wid="10">during</w>
  <w id="11" lemma="|the|" pos="DT" wid="11">the</w>
  <w id="12" lemma="|day|" pos="NNS" wid="12">days</w>
  <w id="13" lemma="|of|" pos="IN" wid="13">of</w>
  <w id="14" lemma="|Christmas|" pos="NNP" wid="14">Christmas</w>
  <w id="15" lemma="|have|" pos="VBZ" wid="15">has</w>
  <w id="16" lemma="|be|" pos="VBN" wid="16">been</w>
  <w id="17" lemma="|at|" pos="IN" wid="17">at</w>
  <w id="18" lemma="|the|" pos="DT" wid="18">the</w>
  <w id="19" lemma="|centre|" pos="NN" wid="19">centre</w>
  <w id="20" lemma="|of|" pos="IN" wid="20">of</w>
  <w id="21" lemma="|the|" pos="DT" wid="21">the</w>
  <w id="22" lemma="|thought|" pos="NN" wid="22">thought</w>
  <w id="23" lemma="|and|" pos="CC" wid="23">and</w>
  <w id="24" lemma="|affection|" pos="NN" wid="24">affection</w>
  <w id="25" lemma="|of|" pos="IN" wid="25">of</w>
  <w id="26" lemma="|the|" pos="DT" wid="26">the</w>
  <w id="27" lemma="|faithful|" pos="NN" wid="27">faithful</w>
  <w id="28" lemma="|in|" pos="IN" wid="28">in</w>
  <w id="29" lemma="|every|" pos="DT" wid="29">every</w>
  <w id="30" lemma="|part|" pos="NN" wid="30">part</w>
  <w id="31" lemma="|of|" pos="IN" wid="31">of</w>
  <w id="32" lemma="|the|" pos="DT" wid="32">the</w>
  <w id="33" lemma="|world|" pos="NN" wid="33">world</w>
  <w id="34" lemma="|,|" pos="," wid="34">,</w>
  <w id="35" lemma="|be|" pos="VBZ" wid="35">is</w>
  <w id="36" lemma="|once|" pos="RB" wid="36">once</w>
  <w id="37" lemma="|again|" pos="RB" wid="37">again</w>
  <w id="38" lemma="|be|" pos="VBG" wid="38">being</w>
  <w id="39" lemma="|devastate|" pos="VBN" wid="39">devastated</w>
  <w id="40" lemma="|by|" pos="IN" wid="40">by</w>
  <w id="41" lemma="|a|" pos="DT" wid="41">an</w>
  <w id="42" lemma="|outbreak|" pos="NN" wid="42">outbreak</w>
  <w id="43" lemma="|of|" pos="IN" wid="43">of</w>
  <w id="44" lemma="|unprecedented|" pos="JJ" wid="44">unprecedented</w>
  <w id="45" lemma="|violence|" pos="NN" wid="45">violence</w>
  <w id="46" lemma="|.|" pos="." wid="46">.</w>
</sentence>
<sentence id="23">
  <w id="0" lemma="|I|" pos="PRP" wid="0">I</w>
  <w id="1" lemma="|be|" pos="VBP" wid="1">am</w>
  <w id="2" lemma="|deeply|" pos="RB" wid="2">deeply</w>
  <w id="3" lemma="|distressed|" pos="JJ" wid="3">distressed</w>
  <w id="4" lemma="|over|" pos="IN" wid="4">over</w>
  <w id="5" lemma="|the|" pos="DT" wid="5">the</w>
  <w id="6" lemma="|death|" pos="NNS" wid="6">deaths</w>
  <w id="7" lemma="|,|" pos="," wid="7">,</w>
  <w id="8" lemma="|the|" pos="DT" wid="8">the</w>
  <w id="9" lemma="|injured|" pos="JJ" wid="9">injured</w>
  <w id="10" lemma="|,|" pos="," wid="10">,</w>
  <w id="11" lemma="|the|" pos="DT" wid="11">the</w>
  <w id="12" lemma="|material|" pos="NN" wid="12">material</w>
  <w id="13" lemma="|damage|" pos="NN" wid="13">damage</w>
  <w id="14" lemma="|,|" pos="," wid="14">,</w>
  <w id="15" lemma="|the|" pos="DT" wid="15">the</w>
  <w id="16" lemma="|suffering|" pos="NN" wid="16">suffering</w>
  <w id="17" lemma="|and|" pos="CC" wid="17">and</w>
  <w id="18" lemma="|the|" pos="DT" wid="18">the</w>
  <w id="19" lemma="|tear|" pos="NNS" wid="19">tears</w>
  <w id="20" lemma="|of|" pos="IN" wid="20">of</w>
  <w id="21" lemma="|the|" pos="DT" wid="21">the</w>
  <w id="22" lemma="|people|" pos="NNS" wid="22">peoples</w>
  <w id="23" lemma="|who|" pos="WP" wid="23">who</w>
  <w id="24" lemma="|be|" pos="VBP" wid="24">are</w>
  <w id="25" lemma="|victim|" pos="NNS" wid="25">victims</w>
  <w id="26" lemma="|of|" pos="IN" wid="26">of</w>
  <w id="27" lemma="|this|" pos="DT" wid="27">this</w>
  <w id="28" lemma="|tragic|" pos="JJ" wid="28">tragic</w>
  <w id="29" lemma="|sequence|" pos="NN" wid="29">sequence</w>
  <w id="30" lemma="|of|" pos="IN" wid="30">of</w>
  <w id="31" lemma="|attack|" pos="NNS" wid="31">attacks</w>
  <w id="32" lemma="|and|" pos="CC" wid="32">and</w>
  <w id="33" lemma="|reprisal|" pos="NNS" wid="33">reprisals</w>
  <w id="34" lemma="|.|" pos="." wid="34">.</w>
</sentence>
<sentence id="24">
  <w id="0" lemma="|the|" pos="DT" wid="0">The</w>
  <w id="1" lemma="|earthly|" pos="JJ" wid="1">earthly</w>
  <w id="2" lemma="|homeland|" pos="NN" wid="2">homeland</w>
  <w id="3" lemma="|of|" pos="IN" wid="3">of</w>
  <w id="4" lemma="|Jesus|" pos="NNP" wid="4">Jesus</w>
  <w id="5" lemma="|can|" pos="MD" wid="5">can</w>
  <w id="6" lemma="|not|" pos="RB" wid="6">not</w>
  <w id="7" lemma="|continue|" pos="VB" wid="7">continue</w>
  <w id="8" lemma="|to|" pos="TO" wid="8">to</w>
  <w id="9" lemma="|witness|" pos="NN" wid="9">witness</w>
  <w id="10" lemma="|such|" pos="JJ" wid="10">such</w>
  <w id="11" lemma="|bloodshed|" pos="NN" wid="11">bloodshed</w>
  <w id="12" lemma="|that|" pos="WDT" wid="12">that</w>
  <w id="13" lemma="|be|" pos="VBZ" wid="13">is</w>
  <w id="14" lemma="|endlessly|" pos="RB" wid="14">endlessly</w>
  <w id="15" lemma="|repeat|" pos="VBN" wid="15">repeated</w>
  <w id="16" lemma="|!|" pos="." wid="16">!</w>
</sentence>
<sentence id="25">
  <w id="0" lemma="|I|" pos="PRP" wid="0">I</w>
  <w id="1" lemma="|implore|" pos="VBP" wid="1">implore</w>
  <w id="2" lemma="|a|" pos="DT" wid="2">an</w>
  <w id="3" lemma="|end|" pos="NN" wid="3">end</w>
  <w id="4" lemma="|to|" pos="TO" wid="4">to</w>
  <w id="5" lemma="|that|" pos="DT" wid="5">that</w>
  <w id="6" lemma="|violence|" pos="NN" wid="6">violence</w>
  <w id="7" lemma="|,|" pos="," wid="7">,</w>
  <w id="8" lemma="|which|" pos="WDT" wid="8">which</w>
  <w id="9" lemma="|be|" pos="VBZ" wid="9">is</w>
  <w id="10" lemma="|to|" pos="TO" wid="10">to</w>
  <w id="11" lemma="|be|" pos="VB" wid="11">be</w>
  <w id="12" lemma="|condemn|" pos="VBN" wid="12">condemned</w>
  <w id="13" lemma="|in|" pos="IN" wid="13">in</w>
  <w id="14" lemma="|all|" pos="DT" wid="14">all</w>
  <w id="15" lemma="|its|" pos="PRP$" wid="15">its</w>
  <w id="16" lemma="|form|" pos="NNS" wid="16">forms</w>
  <w id="17" lemma="|and|" pos="CC" wid="17">and</w>
  <w id="18" lemma="|a|" pos="DT" wid="18">a</w>
  <w id="19" lemma="|restoration|" pos="NN" wid="19">restoration</w>
  <w id="20" lemma="|of|" pos="IN" wid="20">of</w>
  <w id="21" lemma="|the|" pos="DT" wid="21">the</w>
  <w id="22" lemma="|truce|" pos="NN" wid="22">truce</w>
  <w id="23" lemma="|in|" pos="IN" wid="23">in</w>
  <w id="24" lemma="|the|" pos="DT" wid="24">the</w>
  <w id="25" lemma="|Gaza|" pos="NNP" wid="25">Gaza</w>
  <w id="26" lemma="|Strip|" pos="NNP" wid="26">Strip</w>
  <w id="27" lemma="|.|" pos="." wid="27">.</w>
</sentence>
<sentence id="26">
  <w id="0" lemma="|I|" pos="PRP" wid="0">I</w>
  <w id="1" lemma="|ask|" pos="VBP" wid="1">ask</w>
  <w id="2" lemma="|for|" pos="IN" wid="2">for</w>
  <w id="3" lemma="|a|" pos="DT" wid="3">an</w>
  <w id="4" lemma="|impulse|" pos="NN" wid="4">impulse</w>
  <w id="5" lemma="|of|" pos="IN" wid="5">of</w>
  <w id="6" lemma="|humanity|" pos="NN" wid="6">humanity</w>
  <w id="7" lemma="|and|" pos="CC" wid="7">and</w>
  <w id="8" lemma="|wisdom|" pos="NN" wid="8">wisdom</w>
  <w id="9" lemma="|in|" pos="IN" wid="9">in</w>
  <w id="10" lemma="|all|" pos="DT" wid="10">all</w>
  <w id="11" lemma="|who|" pos="WP" wid="11">who</w>
  <w id="12" lemma="|have|" pos="VBP" wid="12">have</w>
  <w id="13" lemma="|responsibility|" pos="NN" wid="13">responsibility</w>
  <w id="14" lemma="|in|" pos="IN" wid="14">in</w>
  <w id="15" lemma="|this|" pos="DT" wid="15">this</w>
  <w id="16" lemma="|situation|" pos="NN" wid="16">situation</w>
  <w id="17" lemma="|;|" pos=":" wid="17">;</w>
  <w id="18" lemma="|I|" pos="PRP" wid="18">I</w>
  <w id="19" lemma="|implore|" pos="VBP" wid="19">implore</w>
  <w id="20" lemma="|the|" pos="DT" wid="20">the</w>
  <w id="21" lemma="|international|" pos="JJ" wid="21">international</w>
  <w id="22" lemma="|community|" pos="NN" wid="22">community</w>
  <w id="23" lemma="|to|" pos="TO" wid="23">to</w>
  <w id="24" lemma="|leave|" pos="VB" wid="24">leave</w>
  <w id="25" lemma="|no|" pos="DT" wid="25">no</w>
  <w id="26" lemma="|stone|" pos="NN" wid="26">stone</w>
  <w id="27" lemma="|unturn|" pos="VBD" wid="27">unturned</w>
  <w id="28" lemma="|to|" pos="TO" wid="28">to</w>
  <w id="29" lemma="|help|" pos="VB" wid="29">help</w>
  <w id="30" lemma="|Israelis|" pos="NNPS" wid="30">Israelis</w>
  <w id="31" lemma="|and|" pos="CC" wid="31">and</w>
  <w id="32" lemma="|Palestinians|" pos="NNPS" wid="32">Palestinians</w>
  <w id="33" lemma="|to|" pos="TO" wid="33">to</w>
  <w id="34" lemma="|emerge|" pos="VB" wid="34">emerge</w>
  <w id="35" lemma="|from|" pos="IN" wid="35">from</w>
  <w id="36" lemma="|this|" pos="DT" wid="36">this</w>
  <w id="37" lemma="|blind|" pos="JJ" wid="37">blind</w>
  <w id="38" lemma="|alley|" pos="NN" wid="38">alley</w>
  <w id="39" lemma="|and|" pos="CC" wid="39">and</w>
  <w id="40" lemma="|not|" pos="RB" wid="40">not</w>
  <w id="41" lemma="|to|" pos="TO" wid="41">to</w>
  <w id="42" lemma="|be|" pos="VB" wid="42">be</w>
  <w id="43" lemma="|resign|" pos="VBN" wid="43">resigned</w>
  <w id="44" lemma="|,|" pos="," wid="44">,</w>
  <w id="45" lemma="|as|" pos="IN" wid="45">as</w>
  <w id="46" lemma="|I|" pos="PRP" wid="46">I</w>
  <w id="47" lemma="|say|" pos="VBD" wid="47">said</w>
  <w id="48" lemma="|two|" pos="CD" wid="48">two</w>
  <w id="49" lemma="|day|" pos="NNS" wid="49">days</w>
  <w id="50" lemma="|ago|" pos="RB" wid="50">ago</w>
  <w id="51" lemma="|in|" pos="IN" wid="51">in</w>
  <w id="52" lemma="|my|" pos="PRP$" wid="52">my</w>
  <w id="53" lemma="|Urbi|" pos="NNP" wid="53">Urbi</w>
  <w id="54" lemma="|et|" pos="NNP" wid="54">et</w>
  <w id="55" lemma="|Orbi|" pos="NNP" wid="55">Orbi</w>
  <w id="56" lemma="|Message|" pos="NNP" wid="56">Message</w>
  <w id="57" lemma="|,|" pos="," wid="57">,</w>
  <w id="58" lemma="|to|" pos="TO" wid="58">to</w>
  <w id="59" lemma="|the|" pos="DT" wid="59">the</w>
  <w id="60" lemma="|perverse|" pos="JJ" wid="60">perverse</w>
  <w id="61" lemma="|logic|" pos="NN" wid="61">logic</w>
  <w id="62" lemma="|of|" pos="IN" wid="62">of</w>
  <w id="63" lemma="|conflict|" pos="NN" wid="63">conflict</w>
  <w id="64" lemma="|and|" pos="CC" wid="64">and</w>
  <w id="65" lemma="|violence|" pos="NN" wid="65">violence</w>
  <w id="66" lemma="|but|" pos="CC" wid="66">but</w>
  <w id="67" lemma="|rather|" pos="RB" wid="67">rather</w>
  <w id="68" lemma="|to|" pos="TO" wid="68">to</w>
  <w id="69" lemma="|privilege|" pos="NN" wid="69">privilege</w>
  <w id="70" lemma="|the|" pos="DT" wid="70">the</w>
  <w id="71" lemma="|path|" pos="NN" wid="71">path</w>
  <w id="72" lemma="|of|" pos="IN" wid="72">of</w>
  <w id="73" lemma="|dialogue|" pos="NN" wid="73">dialogue</w>
  <w id="74" lemma="|and|" pos="CC" wid="74">and</w>
  <w id="75" lemma="|negotiation|" pos="NN" wid="75">negotiation</w>
  <w id="76" lemma="|.|" pos="." wid="76">.</w>
</sentence>
<sentence id="27">
  <w id="0" lemma="|let|" pos="VB" wid="0">Let</w>
  <w id="1" lemma="|we|" pos="PRP" wid="1">us</w>
  <w id="2" lemma="|entrust|" pos="VB" wid="2">entrust</w>
  <w id="3" lemma="|we|" pos="PRP$" wid="3">our</w>
  <w id="4" lemma="|fervent|" pos="JJ" wid="4">fervent</w>
  <w id="5" lemma="|prayer|" pos="NNS" wid="5">prayers</w>
  <w id="6" lemma="|for|" pos="IN" wid="6">for</w>
  <w id="7" lemma="|these|" pos="DT" wid="7">these</w>
  <w id="8" lemma="|intention|" pos="NNS" wid="8">intentions</w>
  <w id="9" lemma="|to|" pos="TO" wid="9">to</w>
  <w id="10" lemma="|Jesus|" pos="NNP" wid="10">Jesus</w>
  <w id="11" lemma="|,|" pos="," wid="11">,</w>
  <w id="12" lemma="|Prince|" pos="NNP" wid="12">Prince</w>
  <w id="13" lemma="|of|" pos="IN" wid="13">of</w>
  <w id="14" lemma="|Peace|" pos="NNP" wid="14">Peace</w>
  <w id="15" lemma="|,|" pos="," wid="15">,</w>
  <w id="16" lemma="|and|" pos="CC" wid="16">and</w>
  <w id="17" lemma="|let|" pos="VB" wid="17">let</w>
  <w id="18" lemma="|we|" pos="PRP" wid="18">us</w>
  <w id="19" lemma="|say|" pos="VB" wid="19">say</w>
  <w id="20" lemma="|to|" pos="TO" wid="20">to</w>
  <w id="21" lemma="|he|" pos="PRP" wid="21">him</w>
  <w id="22" lemma="|,|" pos="," wid="22">,</w>
  <w id="23" lemma="|to|" pos="TO" wid="23">to</w>
  <w id="24" lemma="|Mary|" pos="NNP" wid="24">Mary</w>
  <w id="25" lemma="|and|" pos="CC" wid="25">and</w>
  <w id="26" lemma="|to|" pos="TO" wid="26">to</w>
  <w id="27" lemma="|Joseph|" pos="NNP" wid="27">Joseph</w>
  <w id="28" lemma="|:|" pos=":" wid="28">:</w>
  <w id="29" lemma="|``|" pos="``" wid="29">``</w>
  <w id="30" lemma="|o|" pos="NN" wid="30">O</w>
  <w id="31" lemma="|family|" pos="NN" wid="31">family</w>
  <w id="32" lemma="|of|" pos="IN" wid="32">of</w>
  <w id="33" lemma="|Nazareth|" pos="NNP" wid="33">Nazareth</w>
  <w id="34" lemma="|,|" pos="," wid="34">,</w>
  <w id="35" lemma="|expert|" pos="NN" wid="35">expert</w>
  <w id="36" lemma="|in|" pos="IN" wid="36">in</w>
  <w id="37" lemma="|suffering|" pos="NN" wid="37">suffering</w>
  <w id="38" lemma="|,|" pos="," wid="38">,</w>
  <w id="39" lemma="|give|" pos="VBP" wid="39">give</w>
  <w id="40" lemma="|peace|" pos="NN" wid="40">peace</w>
  <w id="41" lemma="|to|" pos="TO" wid="41">to</w>
  <w id="42" lemma="|the|" pos="DT" wid="42">the</w>
  <w id="43" lemma="|world|" pos="NN" wid="43">world</w>
  <w id="44" lemma="|''|" pos="''" wid="44">''</w>
  <w id="45" lemma="|.|" pos="." wid="45">.</w>
</sentence>
<sentence id="28">
  <w id="0" lemma="|give|" pos="VB" wid="0">Give</w>
  <w id="1" lemma="|it|" pos="PRP" wid="1">it</w>
  <w id="2" lemma="|today|" pos="NN" wid="2">today</w>
  <w id="3" lemma="|to|" pos="TO" wid="3">to</w>
  <w id="4" lemma="|the|" pos="DT" wid="4">the</w>
  <w id="5" lemma="|Holy|" pos="NNP" wid="5">Holy</w>
  <w id="6" lemma="|Land|" pos="NNP" wid="6">Land</w>
  <w id="7" lemma="|especially|" pos="RB" wid="7">especially</w>
  <w id="8" lemma="|!|" pos="." wid="8">!</w>
</sentence>
<sentence id="29">
  <w id="0" lemma="|on|" pos="IN" wid="0">On</w>
  <w id="1" lemma="|Christmas|" pos="NNP" wid="1">Christmas</w>
  <w id="2" lemma="|night|" pos="NN" wid="2">night</w>
  <w id="3" lemma="|in|" pos="IN" wid="3">in</w>
  <w id="4" lemma="|1968|" pos="CD" wid="4">1968</w>
  <w id="5" lemma="|Pope|" pos="NNP" wid="5">Pope</w>
  <w id="6" lemma="|Paul|" pos="NNP" wid="6">Paul</w>
  <w id="7" lemma="|VI|" pos="NNP" wid="7">VI</w>
  <w id="8" lemma="|celebrate|" pos="VBD" wid="8">celebrated</w>
  <w id="9" lemma="|Holy|" pos="NNP" wid="9">Holy</w>
  <w id="10" lemma="|Mass|" pos="NNP" wid="10">Mass</w>
  <w id="11" lemma="|in|" pos="IN" wid="11">in</w>
  <w id="12" lemma="|the|" pos="DT" wid="12">the</w>
  <w id="13" lemma="|Italsider|" pos="NNP" wid="13">Italsider</w>
  <w id="14" lemma="|today|" pos="NN" wid="14">today</w>
  <w id="15" lemma="|ilva|" pos="NN" wid="15">ILVA</w>
  <w id="16" lemma="|building|" pos="NN" wid="16">building</w>
  <w id="17" lemma="|in|" pos="IN" wid="17">in</w>
  <w id="18" lemma="|Taranto|" pos="NNP" wid="18">Taranto</w>
  <w id="19" lemma="|,|" pos="," wid="19">,</w>
  <w id="20" lemma="|Italy|" pos="NNP" wid="20">Italy</w>
  <w id="21" lemma="|.|" pos="." wid="21">.</w>
</sentence>
<sentence id="30">
  <w id="0" lemma="|to|" pos="TO" wid="0">To</w>
  <w id="1" lemma="|commemorate|" pos="VB" wid="1">commemorate</w>
  <w id="2" lemma="|the|" pos="DT" wid="2">the</w>
  <w id="3" lemma="|event|" pos="NN" wid="3">event</w>
  <w id="4" lemma="|,|" pos="," wid="4">,</w>
  <w id="5" lemma="|Archbishop|" pos="NNP" wid="5">Archbishop</w>
  <w id="6" lemma="|Benigno|" pos="NNP" wid="6">Benigno</w>
  <w id="7" lemma="|Luigi|" pos="NNP" wid="7">Luigi</w>
  <w id="8" lemma="|papa|" pos="NN" wid="8">Papa</w>
  <w id="9" lemma="|of|" pos="IN" wid="9">of</w>
  <w id="10" lemma="|Taranto|" pos="NNP" wid="10">Taranto</w>
  <w id="11" lemma="|preside|" pos="VBD" wid="11">presided</w>
  <w id="12" lemma="|at|" pos="IN" wid="12">at</w>
  <w id="13" lemma="|a|" pos="DT" wid="13">a</w>
  <w id="14" lemma="|eucharistic|" pos="JJ" wid="14">Eucharistic</w>
  <w id="15" lemma="|celebration|" pos="NN" wid="15">Celebration</w>
  <w id="16" lemma="|this|" pos="DT" wid="16">this</w>
  <w id="17" lemma="|morning|" pos="NN" wid="17">morning</w>
  <w id="18" lemma="|in|" pos="IN" wid="18">in</w>
  <w id="19" lemma="|the|" pos="DT" wid="19">the</w>
  <w id="20" lemma="|same|" pos="JJ" wid="20">same</w>
  <w id="21" lemma="|place|" pos="NN" wid="21">place</w>
  <w id="22" lemma="|.|" pos="." wid="22">.</w>
</sentence>
<sentence id="31">
  <w id="0" lemma="|I|" pos="PRP" wid="0">I</w>
  <w id="1" lemma="|address|" pos="VBP" wid="1">address</w>
  <w id="2" lemma="|a|" pos="DT" wid="2">a</w>
  <w id="3" lemma="|warm|" pos="JJ" wid="3">warm</w>
  <w id="4" lemma="|greet|" pos="VBG" wid="4">greeting</w>
  <w id="5" lemma="|to|" pos="TO" wid="5">to</w>
  <w id="6" lemma="|he|" pos="PRP" wid="6">him</w>
  <w id="7" lemma="|and|" pos="CC" wid="7">and</w>
  <w id="8" lemma="|to|" pos="TO" wid="8">to</w>
  <w id="9" lemma="|all|" pos="PDT" wid="9">all</w>
  <w id="10" lemma="|the|" pos="DT" wid="10">the</w>
  <w id="11" lemma="|worker|" pos="NNS" wid="11">workers</w>
  <w id="12" lemma="|.|" pos="." wid="12">.</w>
</sentence>
<sentence id="32">
  <w id="0" lemma="|I|" pos="PRP" wid="0">I</w>
  <w id="1" lemma="|take|" pos="VBP" wid="1">take</w>
  <w id="2" lemma="|this|" pos="DT" wid="2">this</w>
  <w id="3" lemma="|opportunity|" pos="NN" wid="3">opportunity</w>
  <w id="4" lemma="|to|" pos="TO" wid="4">to</w>
  <w id="5" lemma="|express|" pos="VB" wid="5">express</w>
  <w id="6" lemma="|my|" pos="PRP$" wid="6">my</w>
  <w id="7" lemma="|concern|" pos="NN" wid="7">concern</w>
  <w id="8" lemma="|at|" pos="IN" wid="8">at</w>
  <w id="9" lemma="|the|" pos="DT" wid="9">the</w>
  <w id="10" lemma="|increase|" pos="NN" wid="10">increase</w>
  <w id="11" lemma="|in|" pos="IN" wid="11">in</w>
  <w id="12" lemma="|precarious|" pos="JJ" wid="12">precarious</w>
  <w id="13" lemma="|form|" pos="NNS" wid="13">forms</w>
  <w id="14" lemma="|of|" pos="IN" wid="14">of</w>
  <w id="15" lemma="|employment|" pos="NN" wid="15">employment</w>
  <w id="16" lemma="|and|" pos="CC" wid="16">and</w>
  <w id="17" lemma="|I|" pos="PRP" wid="17">I</w>
  <w id="18" lemma="|appeal|" pos="VBP" wid="18">appeal</w>
  <w id="19" lemma="|for|" pos="IN" wid="19">for</w>
  <w id="20" lemma="|work|" pos="VBG" wid="20">working</w>
  <w id="21" lemma="|condition|" pos="NNS" wid="21">conditions</w>
  <w id="22" lemma="|to|" pos="TO" wid="22">to</w>
  <w id="23" lemma="|be|" pos="VB" wid="23">be</w>
  <w id="24" lemma="|make|" pos="VBN" wid="24">made</w>
  <w id="25" lemma="|increasingly|" pos="RB" wid="25">increasingly</w>
  <w id="26" lemma="|dignified|" pos="JJ" wid="26">dignified</w>
  <w id="27" lemma="|for|" pos="IN" wid="27">for</w>
  <w id="28" lemma="|everyone|" pos="NN" wid="28">everyone</w>
  <w id="29" lemma="|.|" pos="." wid="29">.</w>
</sentence>
<sentence id="33">
  <w id="0" lemma="|I|" pos="PRP" wid="0">I</w>
  <w id="1" lemma="|welcome|" pos="VBP" wid="1">welcome</w>
  <w id="2" lemma="|all|" pos="PDT" wid="2">all</w>
  <w id="3" lemma="|the|" pos="DT" wid="3">the</w>
  <w id="4" lemma="|english-speaking|" pos="JJ" wid="4">English-speaking</w>
  <w id="5" lemma="|pilgrim|" pos="NNS" wid="5">pilgrims</w>
  <w id="6" lemma="|at|" pos="IN" wid="6">at</w>
  <w id="7" lemma="|this|" pos="DT" wid="7">this</w>
  <w id="8" lemma="|Angelus|" pos="NNP" wid="8">Angelus</w>
  <w id="9" lemma="|.|" pos="." wid="9">.</w>
</sentence>
<sentence id="34">
  <w id="0" lemma="|today|" pos="NN" wid="0">Today</w>
  <w id="1" lemma="|we|" pos="PRP" wid="1">we</w>
  <w id="2" lemma="|recall|" pos="VBP" wid="2">recall</w>
  <w id="3" lemma="|how|" pos="WRB" wid="3">how</w>
  <w id="4" lemma="|Mary|" pos="NNP" wid="4">Mary</w>
  <w id="5" lemma="|and|" pos="CC" wid="5">and</w>
  <w id="6" lemma="|Joseph|" pos="NNP" wid="6">Joseph</w>
  <w id="7" lemma="|,|" pos="," wid="7">,</w>
  <w id="8" lemma="|after|" pos="IN" wid="8">after</w>
  <w id="9" lemma="|present|" pos="VBG" wid="9">presenting</w>
  <w id="10" lemma="|Jesus|" pos="NNP" wid="10">Jesus</w>
  <w id="11" lemma="|in|" pos="IN" wid="11">in</w>
  <w id="12" lemma="|the|" pos="DT" wid="12">the</w>
  <w id="13" lemma="|temple|" pos="NN" wid="13">temple</w>
  <w id="14" lemma="|,|" pos="," wid="14">,</w>
  <w id="15" lemma="|take|" pos="VBD" wid="15">took</w>
  <w id="16" lemma="|the|" pos="DT" wid="16">the</w>
  <w id="17" lemma="|child|" pos="NN" wid="17">child</w>
  <w id="18" lemma="|to|" pos="TO" wid="18">to</w>
  <w id="19" lemma="|Nazareth|" pos="NNP" wid="19">Nazareth</w>
  <w id="20" lemma="|and|" pos="CC" wid="20">and</w>
  <w id="21" lemma="|begin|" pos="VBD" wid="21">began</w>
  <w id="22" lemma="|they|" pos="PRP$" wid="22">their</w>
  <w id="23" lemma="|life|" pos="NN" wid="23">life</w>
  <w id="24" lemma="|as|" pos="IN" wid="24">as</w>
  <w id="25" lemma="|a|" pos="DT" wid="25">a</w>
  <w id="26" lemma="|family|" pos="NN" wid="26">family</w>
  <w id="27" lemma="|.|" pos="." wid="27">.</w>
</sentence>
<sentence id="35">
  <w id="0" lemma="|May|" pos="NNP" wid="0">May</w>
  <w id="1" lemma="|all|" pos="DT" wid="1">all</w>
  <w id="2" lemma="|family|" pos="NNS" wid="2">families</w>
  <w id="3" lemma="|strive|" pos="VBP" wid="3">strive</w>
  <w id="4" lemma="|to|" pos="TO" wid="4">to</w>
  <w id="5" lemma="|imitate|" pos="VB" wid="5">imitate</w>
  <w id="6" lemma="|they|" pos="PRP$" wid="6">their</w>
  <w id="7" lemma="|faith|" pos="NN" wid="7">faith</w>
  <w id="8" lemma="|,|" pos="," wid="8">,</w>
  <w id="9" lemma="|hope|" pos="NN" wid="9">hope</w>
  <w id="10" lemma="|and|" pos="CC" wid="10">and</w>
  <w id="11" lemma="|charity|" pos="NN" wid="11">charity</w>
  <w id="12" lemma="|,|" pos="," wid="12">,</w>
  <w id="13" lemma="|so|" pos="RB" wid="13">so</w>
  <w id="14" lemma="|as|" pos="IN" wid="14">as</w>
  <w id="15" lemma="|to|" pos="TO" wid="15">to</w>
  <w id="16" lemma="|bear|" pos="VB" wid="16">bear</w>
  <w id="17" lemma="|greater|" pos="JJR" wid="17">greater</w>
  <w id="18" lemma="|witness|" pos="NN" wid="18">witness</w>
  <w id="19" lemma="|to|" pos="TO" wid="19">to</w>
  <w id="20" lemma="|the|" pos="DT" wid="20">the</w>
  <w id="21" lemma="|singular|" pos="JJ" wid="21">singular</w>
  <w id="22" lemma="|importance|" pos="NN" wid="22">importance</w>
  <w id="23" lemma="|of|" pos="IN" wid="23">of</w>
  <w id="24" lemma="|the|" pos="DT" wid="24">the</w>
  <w id="25" lemma="|``|" pos="``" wid="25">``</w>
  <w id="26" lemma="|domestic|" pos="JJ" wid="26">domestic</w>
  <w id="27" lemma="|church|" pos="NN" wid="27">church</w>
  <w id="28" lemma="|''|" pos="''" wid="28">''</w>
  <w id="29" lemma="|for|" pos="IN" wid="29">for</w>
  <w id="30" lemma="|the|" pos="DT" wid="30">the</w>
  <w id="31" lemma="|life|" pos="NN" wid="31">life</w>
  <w id="32" lemma="|of|" pos="IN" wid="32">of</w>
  <w id="33" lemma="|the|" pos="DT" wid="33">the</w>
  <w id="34" lemma="|universal|" pos="JJ" wid="34">universal</w>
  <w id="35" lemma="|Church|" pos="NNP" wid="35">Church</w>
  <w id="36" lemma="|and|" pos="CC" wid="36">and</w>
  <w id="37" lemma="|for|" pos="IN" wid="37">for</w>
  <w id="38" lemma="|society|" pos="NN" wid="38">society</w>
  <w id="39" lemma="|.|" pos="." wid="39">.</w>
</sentence>
<sentence id="36">
  <w id="0" lemma="|God|" pos="NNP" wid="0">God</w>
  <w id="1" lemma="|bless|" pos="VB" wid="1">bless</w>
  <w id="2" lemma="|you|" pos="PRP" wid="2">you</w>
  <w id="3" lemma="|all|" pos="DT" wid="3">all</w>
  <w id="4" lemma="|!|" pos="." wid="4">!</w>
</sentence>
<sentence id="37">
  <w id="0" lemma="|I|" pos="PRP" wid="0">I</w>
  <w id="1" lemma="|wish|" pos="VBP" wid="1">wish</w>
  <w id="2" lemma="|everyone|" pos="NN" wid="2">everyone</w>
  <w id="3" lemma="|a|" pos="DT" wid="3">a</w>
  <w id="4" lemma="|good|" pos="JJ" wid="4">good</w>
  <w id="5" lemma="|Sunday|" pos="NNP" wid="5">Sunday</w>
  <w id="6" lemma="|and|" pos="CC" wid="6">and</w>
  <w id="7" lemma="|a|" pos="DT" wid="7">a</w>
  <w id="8" lemma="|peaceful|" pos="JJ" wid="8">peaceful</w>
  <w id="9" lemma="|end|" pos="NN" wid="9">end</w>
  <w id="10" lemma="|of|" pos="IN" wid="10">of</w>
  <w id="11" lemma="|the|" pos="DT" wid="11">the</w>
  <w id="12" lemma="|year|" pos="NN" wid="12">year</w>
  <w id="13" lemma="|,|" pos="," wid="13">,</w>
  <w id="14" lemma="|in|" pos="IN" wid="14">in</w>
  <w id="15" lemma="|gratitude|" pos="NN" wid="15">gratitude</w>
  <w id="16" lemma="|to|" pos="TO" wid="16">to</w>
  <w id="17" lemma="|God|" pos="NNP" wid="17">God</w>
  <w id="18" lemma="|for|" pos="IN" wid="18">for</w>
  <w id="19" lemma="|all|" pos="PDT" wid="19">all</w>
  <w id="20" lemma="|he|" pos="PRP$" wid="20">his</w>
  <w id="21" lemma="|gift|" pos="NNS" wid="21">gifts</w>
  <w id="22" lemma="|.|" pos="." wid="22">.</w>
</sentence>
<sentence id="38">
  <w id="0" lemma="|my|" pos="PRP$" wid="0">My</w>
  <w id="1" lemma="|best|" pos="JJS" wid="1">best</w>
  <w id="2" lemma="|wish|" pos="NNS" wid="2">wishes</w>
  <w id="3" lemma="|for|" pos="IN" wid="3">for</w>
  <w id="4" lemma="|every|" pos="DT" wid="4">every</w>
  <w id="5" lemma="|good|" pos="NN" wid="5">good</w>
  <w id="6" lemma="|!|" pos="." wid="6">!</w>
</sentence>
</corpus>