<corpus id="0">
<sentence id="0">
  <w id="0" lemma="|at|" pos="IN" wid="0">At</w>
  <w id="1" lemma="|the|" pos="DT" wid="1">the</w>
  <w id="2" lemma="|end|" pos="NN" wid="2">end</w>
  <w id="3" lemma="|of|" pos="IN" wid="3">of</w>
  <w id="4" lemma="|this|" pos="DT" wid="4">this</w>
  <w id="5" lemma="|Solemn|" pos="NNP" wid="5">Solemn</w>
  <w id="6" lemma="|Celebration|" pos="NNP" wid="6">Celebration</w>
  <w id="7" lemma="|,|" pos="," wid="7">,</w>
  <w id="8" lemma="|I|" pos="PRP" wid="8">I</w>
  <w id="9" lemma="|thank|" pos="VBP" wid="9">thank</w>
  <w id="10" lemma="|those|" pos="DT" wid="10">those</w>
  <w id="11" lemma="|who|" pos="WP" wid="11">who</w>
  <w id="12" lemma="|be|" pos="VBD" wid="12">were</w>
  <w id="13" lemma="|responsible|" pos="JJ" wid="13">responsible</w>
  <w id="14" lemma="|for|" pos="IN" wid="14">for</w>
  <w id="15" lemma="|the|" pos="DT" wid="15">the</w>
  <w id="16" lemma="|liturgical|" pos="JJ" wid="16">liturgical</w>
  <w id="17" lemma="|animation|" pos="NN" wid="17">animation</w>
  <w id="18" lemma="|,|" pos="," wid="18">,</w>
  <w id="19" lemma="|and|" pos="CC" wid="19">and</w>
  <w id="20" lemma="|everyone|" pos="NN" wid="20">everyone</w>
  <w id="21" lemma="|who|" pos="WP" wid="21">who</w>
  <w id="22" lemma="|collaborate|" pos="VBD" wid="22">collaborated</w>
  <w id="23" lemma="|in|" pos="IN" wid="23">in</w>
  <w id="24" lemma="|various|" pos="JJ" wid="24">various</w>
  <w id="25" lemma="|way|" pos="NNS" wid="25">ways</w>
  <w id="26" lemma="|in|" pos="IN" wid="26">in</w>
  <w id="27" lemma="|the|" pos="DT" wid="27">the</w>
  <w id="28" lemma="|preparation|" pos="NN" wid="28">preparation</w>
  <w id="29" lemma="|and|" pos="CC" wid="29">and</w>
  <w id="30" lemma="|realization|" pos="NN" wid="30">realization</w>
  <w id="31" lemma="|of|" pos="IN" wid="31">of</w>
  <w id="32" lemma="|my|" pos="PRP$" wid="32">my</w>
  <w id="33" lemma="|Pastoral|" pos="NNP" wid="33">Pastoral</w>
  <w id="34" lemma="|Visit|" pos="NNP" wid="34">Visit</w>
  <w id="35" lemma="|to|" pos="TO" wid="35">to</w>
  <w id="36" lemma="|Brescia|" pos="NNP" wid="36">Brescia</w>
  <w id="37" lemma="|.|" pos="." wid="37">.</w>
</sentence>
<sentence id="1">
  <w id="0" lemma="|thank|" pos="VB" wid="0">Thank</w>
  <w id="1" lemma="|you|" pos="PRP" wid="1">you</w>
  <w id="2" lemma="|all|" pos="DT" wid="2">all</w>
  <w id="3" lemma="|!|" pos="." wid="3">!</w>
</sentence>
<sentence id="2">
  <w id="0" lemma="|I|" pos="PRP" wid="0">I</w>
  <w id="1" lemma="|also|" pos="RB" wid="1">also</w>
  <w id="2" lemma="|greet|" pos="VBP" wid="2">greet</w>
  <w id="3" lemma="|those|" pos="DT" wid="3">those</w>
  <w id="4" lemma="|follow|" pos="VBG" wid="4">following</w>
  <w id="5" lemma="|we|" pos="PRP" wid="5">us</w>
  <w id="6" lemma="|on|" pos="IN" wid="6">on</w>
  <w id="7" lemma="|radio|" pos="NN" wid="7">radio</w>
  <w id="8" lemma="|and|" pos="CC" wid="8">and</w>
  <w id="9" lemma="|television|" pos="NN" wid="9">television</w>
  <w id="10" lemma="|,|" pos="," wid="10">,</w>
  <w id="11" lemma="|as|" pos="RB" wid="11">as</w>
  <w id="12" lemma="|well|" pos="RB" wid="12">well</w>
  <w id="13" lemma="|as|" pos="IN" wid="13">as</w>
  <w id="14" lemma="|those|" pos="DT" wid="14">those</w>
  <w id="15" lemma="|watch|" pos="VBG" wid="15">watching</w>
  <w id="16" lemma="|from|" pos="IN" wid="16">from</w>
  <w id="17" lemma="|St|" pos="NNP" wid="17">St</w>
  <w id="18" lemma="|Peter|" pos="NNP" wid="18">Peter</w>
  <w id="19" lemma="|'s|" pos="POS" wid="19">'s</w>
  <w id="20" lemma="|Square|" pos="NNP" wid="20">Square</w>
  <w id="21" lemma="|,|" pos="," wid="21">,</w>
  <w id="22" lemma="|particularly|" pos="RB" wid="22">particularly</w>
  <w id="23" lemma="|the|" pos="DT" wid="23">the</w>
  <w id="24" lemma="|many|" pos="JJ" wid="24">many</w>
  <w id="25" lemma="|volunteer|" pos="NNS" wid="25">volunteers</w>
  <w id="26" lemma="|of|" pos="IN" wid="26">of</w>
  <w id="27" lemma="|the|" pos="DT" wid="27">the</w>
  <w id="28" lemma="|Unione|" pos="NNP" wid="28">Unione</w>
  <w id="29" lemma="|Nazionale|" pos="NNP" wid="29">Nazionale</w>
  <w id="30" lemma="|pro|" pos="FW" wid="30">Pro</w>
  <w id="31" lemma="|Loco|" pos="NNP" wid="31">Loco</w>
  <w id="32" lemma="|d'Italia|" pos="NNP" wid="32">d'Italia</w>
  <w id="33" lemma="|.|" pos="." wid="33">.</w>
</sentence>
<sentence id="3">
  <w id="0" lemma="|at|" pos="IN" wid="0">At</w>
  <w id="1" lemma="|this|" pos="DT" wid="1">this</w>
  <w id="2" lemma="|angelus|" pos="JJ" wid="2">Angelus</w>
  <w id="3" lemma="|prayer|" pos="NN" wid="3">prayer</w>
  <w id="4" lemma="|,|" pos="," wid="4">,</w>
  <w id="5" lemma="|I|" pos="PRP" wid="5">I</w>
  <w id="6" lemma="|wish|" pos="VBP" wid="6">wish</w>
  <w id="7" lemma="|to|" pos="TO" wid="7">to</w>
  <w id="8" lemma="|recall|" pos="VB" wid="8">recall</w>
  <w id="9" lemma="|the|" pos="DT" wid="9">the</w>
  <w id="10" lemma="|profound|" pos="JJ" wid="10">profound</w>
  <w id="11" lemma="|devotion|" pos="NN" wid="11">devotion</w>
  <w id="12" lemma="|for|" pos="IN" wid="12">for</w>
  <w id="13" lemma="|the|" pos="DT" wid="13">the</w>
  <w id="14" lemma="|Virgin|" pos="NNP" wid="14">Virgin</w>
  <w id="15" lemma="|Mary|" pos="NNP" wid="15">Mary</w>
  <w id="16" lemma="|of|" pos="IN" wid="16">of</w>
  <w id="17" lemma="|the|" pos="DT" wid="17">the</w>
  <w id="18" lemma="|Servant|" pos="NNP" wid="18">Servant</w>
  <w id="19" lemma="|of|" pos="IN" wid="19">of</w>
  <w id="20" lemma="|God|" pos="NNP" wid="20">God</w>
  <w id="21" lemma="|Giovanni|" pos="NNP" wid="21">Giovanni</w>
  <w id="22" lemma="|Battista|" pos="NNP" wid="22">Battista</w>
  <w id="23" lemma="|Montini|" pos="NNP" wid="23">Montini</w>
  <w id="24" lemma="|.|" pos="." wid="24">.</w>
</sentence>
<sentence id="4">
  <w id="0" lemma="|he|" pos="PRP" wid="0">He</w>
  <w id="1" lemma="|celebrate|" pos="VBD" wid="1">celebrated</w>
  <w id="2" lemma="|he|" pos="PRP$" wid="2">his</w>
  <w id="3" lemma="|first|" pos="JJ" wid="3">first</w>
  <w id="4" lemma="|Mass|" pos="NNP" wid="4">Mass</w>
  <w id="5" lemma="|in|" pos="IN" wid="5">in</w>
  <w id="6" lemma="|the|" pos="DT" wid="6">the</w>
  <w id="7" lemma="|Shrine|" pos="NNP" wid="7">Shrine</w>
  <w id="8" lemma="|of|" pos="IN" wid="8">of</w>
  <w id="9" lemma="|Santa|" pos="NNP" wid="9">Santa</w>
  <w id="10" lemma="|Maria|" pos="NNP" wid="10">Maria</w>
  <w id="11" lemma="|delle|" pos="NNP" wid="11">delle</w>
  <w id="12" lemma="|Grazie|" pos="NNP" wid="12">Grazie</w>
  <w id="13" lemma="|,|" pos="," wid="13">,</w>
  <w id="14" lemma="|the|" pos="DT" wid="14">the</w>
  <w id="15" lemma="|Marian|" pos="NNP" wid="15">Marian</w>
  <w id="16" lemma="|heart|" pos="NN" wid="16">heart</w>
  <w id="17" lemma="|of|" pos="IN" wid="17">of</w>
  <w id="18" lemma="|you|" pos="PRP$" wid="18">your</w>
  <w id="19" lemma="|city|" pos="NN" wid="19">city</w>
  <w id="20" lemma="|,|" pos="," wid="20">,</w>
  <w id="21" lemma="|not|" pos="RB" wid="21">not</w>
  <w id="22" lemma="|far|" pos="RB" wid="22">far</w>
  <w id="23" lemma="|from|" pos="IN" wid="23">from</w>
  <w id="24" lemma="|this|" pos="DT" wid="24">this</w>
  <w id="25" lemma="|square|" pos="NN" wid="25">square</w>
  <w id="26" lemma="|.|" pos="." wid="26">.</w>
</sentence>
<sentence id="5">
  <w id="0" lemma="|in|" pos="IN" wid="0">In</w>
  <w id="1" lemma="|this|" pos="DT" wid="1">this</w>
  <w id="2" lemma="|way|" pos="NN" wid="2">way</w>
  <w id="3" lemma="|he|" pos="PRP" wid="3">he</w>
  <w id="4" lemma="|place|" pos="VBD" wid="4">placed</w>
  <w id="5" lemma="|he|" pos="PRP$" wid="5">his</w>
  <w id="6" lemma="|priesthood|" pos="NN" wid="6">priesthood</w>
  <w id="7" lemma="|under|" pos="IN" wid="7">under</w>
  <w id="8" lemma="|the|" pos="DT" wid="8">the</w>
  <w id="9" lemma="|maternal|" pos="JJ" wid="9">maternal</w>
  <w id="10" lemma="|protection|" pos="NN" wid="10">protection</w>
  <w id="11" lemma="|of|" pos="IN" wid="11">of</w>
  <w id="12" lemma="|the|" pos="DT" wid="12">the</w>
  <w id="13" lemma="|Mother|" pos="NNP" wid="13">Mother</w>
  <w id="14" lemma="|of|" pos="IN" wid="14">of</w>
  <w id="15" lemma="|Jesus|" pos="NNP" wid="15">Jesus</w>
  <w id="16" lemma="|,|" pos="," wid="16">,</w>
  <w id="17" lemma="|and|" pos="CC" wid="17">and</w>
  <w id="18" lemma="|this|" pos="DT" wid="18">this</w>
  <w id="19" lemma="|bond|" pos="NN" wid="19">bond</w>
  <w id="20" lemma="|accompany|" pos="VBD" wid="20">accompanied</w>
  <w id="21" lemma="|he|" pos="PRP" wid="21">him</w>
  <w id="22" lemma="|throughout|" pos="IN" wid="22">throughout</w>
  <w id="23" lemma="|he|" pos="PRP$" wid="23">his</w>
  <w id="24" lemma="|life|" pos="NN" wid="24">life</w>
  <w id="25" lemma="|.|" pos="." wid="25">.</w>
</sentence>
<sentence id="6">
  <w id="0" lemma="|as|" pos="IN" wid="0">As</w>
  <w id="1" lemma="|he|" pos="PRP$" wid="1">his</w>
  <w id="2" lemma="|ecclesial|" pos="JJ" wid="2">ecclesial</w>
  <w id="3" lemma="|responsibility|" pos="NNS" wid="3">responsibilities</w>
  <w id="4" lemma="|grow|" pos="VBD" wid="4">grew</w>
  <w id="5" lemma="|,|" pos="," wid="5">,</w>
  <w id="6" lemma="|he|" pos="PRP" wid="6">he</w>
  <w id="7" lemma="|develop|" pos="VBD" wid="7">developed</w>
  <w id="8" lemma="|a|" pos="DT" wid="8">an</w>
  <w id="9" lemma="|ever|" pos="RB" wid="9">ever</w>
  <w id="10" lemma="|broader|" pos="JJR" wid="10">broader</w>
  <w id="11" lemma="|and|" pos="CC" wid="11">and</w>
  <w id="12" lemma="|more|" pos="RBR" wid="12">more</w>
  <w id="13" lemma="|organic|" pos="JJ" wid="13">organic</w>
  <w id="14" lemma="|concept|" pos="NN" wid="14">concept</w>
  <w id="15" lemma="|of|" pos="IN" wid="15">of</w>
  <w id="16" lemma="|the|" pos="DT" wid="16">the</w>
  <w id="17" lemma="|relationship|" pos="NN" wid="17">relationship</w>
  <w id="18" lemma="|between|" pos="IN" wid="18">between</w>
  <w id="19" lemma="|the|" pos="DT" wid="19">the</w>
  <w id="20" lemma="|Blessed|" pos="NNP" wid="20">Blessed</w>
  <w id="21" lemma="|Virgin|" pos="NNP" wid="21">Virgin</w>
  <w id="22" lemma="|Mary|" pos="NNP" wid="22">Mary</w>
  <w id="23" lemma="|and|" pos="CC" wid="23">and</w>
  <w id="24" lemma="|the|" pos="DT" wid="24">the</w>
  <w id="25" lemma="|mystery|" pos="NN" wid="25">mystery</w>
  <w id="26" lemma="|of|" pos="IN" wid="26">of</w>
  <w id="27" lemma="|the|" pos="DT" wid="27">the</w>
  <w id="28" lemma="|Church|" pos="NNP" wid="28">Church</w>
  <w id="29" lemma="|.|" pos="." wid="29">.</w>
</sentence>
<sentence id="7">
  <w id="0" lemma="|in|" pos="IN" wid="0">In</w>
  <w id="1" lemma="|this|" pos="DT" wid="1">this</w>
  <w id="2" lemma="|perspective|" pos="NN" wid="2">perspective</w>
  <w id="3" lemma="|,|" pos="," wid="3">,</w>
  <w id="4" lemma="|he|" pos="PRP$" wid="4">his</w>
  <w id="5" lemma="|closing|" pos="NN" wid="5">closing</w>
  <w id="6" lemma="|discourse|" pos="NN" wid="6">Discourse</w>
  <w id="7" lemma="|at|" pos="IN" wid="7">at</w>
  <w id="8" lemma="|the|" pos="DT" wid="8">the</w>
  <w id="9" lemma="|third|" pos="JJ" wid="9">Third</w>
  <w id="10" lemma="|session|" pos="NN" wid="10">Session</w>
  <w id="11" lemma="|of|" pos="IN" wid="11">of</w>
  <w id="12" lemma="|the|" pos="DT" wid="12">the</w>
  <w id="13" lemma="|Second|" pos="NNP" wid="13">Second</w>
  <w id="14" lemma="|Vatican|" pos="NNP" wid="14">Vatican</w>
  <w id="15" lemma="|Council|" pos="NNP" wid="15">Council</w>
  <w id="16" lemma="|on|" pos="IN" wid="16">on</w>
  <w id="17" lemma="|21|" pos="CD" wid="17">21</w>
  <w id="18" lemma="|November|" pos="NNP" wid="18">November</w>
  <w id="19" lemma="|1964|" pos="CD" wid="19">1964</w>
  <w id="20" lemma="|remain|" pos="VBZ" wid="20">remains</w>
  <w id="21" lemma="|memorable|" pos="JJ" wid="21">memorable</w>
  <w id="22" lemma="|.|" pos="." wid="22">.</w>
</sentence>
<sentence id="8">
  <w id="0" lemma="|that|" pos="DT" wid="0">That</w>
  <w id="1" lemma="|session|" pos="NN" wid="1">session</w>
  <w id="2" lemma="|have|" pos="VBD" wid="2">had</w>
  <w id="3" lemma="|promulgate|" pos="VBN" wid="3">promulgated</w>
  <w id="4" lemma="|the|" pos="DT" wid="4">the</w>
  <w id="5" lemma="|Constitution|" pos="NNP" wid="5">Constitution</w>
  <w id="6" lemma="|on|" pos="IN" wid="6">on</w>
  <w id="7" lemma="|the|" pos="DT" wid="7">the</w>
  <w id="8" lemma="|Church|" pos="NNP" wid="8">Church</w>
  <w id="9" lemma="|Lumen|" pos="NNP" wid="9">Lumen</w>
  <w id="10" lemma="|gentium|" pos="NN" wid="10">gentium</w>
  <w id="11" lemma="|which|" pos="WDT" wid="11">which</w>
  <w id="12" lemma="|in|" pos="IN" wid="12">in</w>
  <w id="13" lemma="|the|" pos="DT" wid="13">the</w>
  <w id="14" lemma="|word|" pos="NNS" wid="14">words</w>
  <w id="15" lemma="|of|" pos="IN" wid="15">of</w>
  <w id="16" lemma="|Paul|" pos="NNP" wid="16">Paul</w>
  <w id="17" lemma="|VI|" pos="NNP" wid="17">VI</w>
  <w id="18" lemma="|``|" pos="``" wid="18">``</w>
  <w id="19" lemma="|have|" pos="VBZ" wid="19">has</w>
  <w id="20" lemma="|as|" pos="IN" wid="20">as</w>
  <w id="21" lemma="|its|" pos="PRP$" wid="21">its</w>
  <w id="22" lemma="|summit|" pos="NN" wid="22">summit</w>
  <w id="23" lemma="|and|" pos="CC" wid="23">and</w>
  <w id="24" lemma="|crown|" pos="NN" wid="24">crown</w>
  <w id="25" lemma="|a|" pos="DT" wid="25">an</w>
  <w id="26" lemma="|entire|" pos="JJ" wid="26">entire</w>
  <w id="27" lemma="|chapter|" pos="NN" wid="27">chapter</w>
  <w id="28" lemma="|dedicate|" pos="VBN" wid="28">dedicated</w>
  <w id="29" lemma="|to|" pos="TO" wid="29">to</w>
  <w id="30" lemma="|we|" pos="PRP$" wid="30">Our</w>
  <w id="31" lemma="|lady|" pos="NN" wid="31">Lady</w>
  <w id="32" lemma="|''|" pos="''" wid="32">''</w>
  <w id="33" lemma="|.|" pos="." wid="33">.</w>
</sentence>
<sentence id="9">
  <w id="0" lemma="|the|" pos="DT" wid="0">The</w>
  <w id="1" lemma="|Pope|" pos="NNP" wid="1">Pope</w>
  <w id="2" lemma="|note|" pos="VBD" wid="2">noted</w>
  <w id="3" lemma="|that|" pos="IN" wid="3">that</w>
  <w id="4" lemma="|it|" pos="PRP" wid="4">it</w>
  <w id="5" lemma="|be|" pos="VBD" wid="5">was</w>
  <w id="6" lemma="|the|" pos="DT" wid="6">the</w>
  <w id="7" lemma="|most|" pos="RBS" wid="7">most</w>
  <w id="8" lemma="|ample|" pos="JJ" wid="8">ample</w>
  <w id="9" lemma="|synthesis|" pos="NN" wid="9">synthesis</w>
  <w id="10" lemma="|of|" pos="IN" wid="10">of</w>
  <w id="11" lemma="|Marian|" pos="NNP" wid="11">Marian</w>
  <w id="12" lemma="|doctrine|" pos="NN" wid="12">doctrine</w>
  <w id="13" lemma="|ever|" pos="RB" wid="13">ever</w>
  <w id="14" lemma="|elaborate|" pos="VBN" wid="14">elaborated</w>
  <w id="15" lemma="|by|" pos="IN" wid="15">by</w>
  <w id="16" lemma="|a|" pos="DT" wid="16">an</w>
  <w id="17" lemma="|Ecumenical|" pos="NNP" wid="17">Ecumenical</w>
  <w id="18" lemma="|Council|" pos="NNP" wid="18">Council</w>
  <w id="19" lemma="|,|" pos="," wid="19">,</w>
  <w id="20" lemma="|aim|" pos="VBN" wid="20">aimed</w>
  <w id="21" lemma="|at|" pos="IN" wid="21">at</w>
  <w id="22" lemma="|``|" pos="``" wid="22">``</w>
  <w id="23" lemma="|manifest|" pos="VBG" wid="23">manifesting</w>
  <w id="24" lemma="|the|" pos="DT" wid="24">the</w>
  <w id="25" lemma="|face|" pos="NN" wid="25">face</w>
  <w id="26" lemma="|of|" pos="IN" wid="26">of</w>
  <w id="27" lemma="|the|" pos="DT" wid="27">the</w>
  <w id="28" lemma="|Holy|" pos="NNP" wid="28">Holy</w>
  <w id="29" lemma="|Church|" pos="NNP" wid="29">Church</w>
  <w id="30" lemma="|,|" pos="," wid="30">,</w>
  <w id="31" lemma="|to|" pos="TO" wid="31">to</w>
  <w id="32" lemma="|which|" pos="WDT" wid="32">which</w>
  <w id="33" lemma="|Mary|" pos="NNP" wid="33">Mary</w>
  <w id="34" lemma="|be|" pos="VBZ" wid="34">is</w>
  <w id="35" lemma="|intimately|" pos="RB" wid="35">intimately</w>
  <w id="36" lemma="|bind|" pos="VBN" wid="36">bound</w>
  <w id="37" lemma="|''|" pos="''" wid="37">''</w>
  <w id="38" lemma="|-lrb-|" pos="-LRB-" wid="38">-LRB-</w>
  <w id="39" lemma="|Enchiridion|" pos="NNP" wid="39">Enchiridion</w>
  <w id="40" lemma="|Vaticanum|" pos="NNP" wid="40">Vaticanum</w>
  <w id="41" lemma="|,|" pos="," wid="41">,</w>
  <w id="42" lemma="|Bologna|" pos="NNP" wid="42">Bologna</w>
  <w id="43" lemma="|1979|" pos="CD" wid="43">1979</w>
  <w id="44" lemma="|,|" pos="," wid="44">,</w>
  <w id="45" lemma="|p.|" pos="NN" wid="45">p.</w>
  <w id="46" lemma="|185|" pos="CD" wid="46">185</w>
  <w id="47" lemma="|,|" pos="," wid="47">,</w>
  <w id="48" lemma="|nn|" pos="NN" wid="48">nn</w>
  <w id="49" lemma="|.|" pos="." wid="49">.</w>
</sentence>
<sentence id="10">
  <w id="0" lemma="|300-302|" pos="CD" wid="0">300-302</w>
  <w id="1" lemma="|-rrb-|" pos="-RRB-" wid="1">-RRB-</w>
  <w id="2" lemma="|.|" pos="." wid="2">.</w>
</sentence>
<sentence id="11">
  <w id="0" lemma="|in|" pos="IN" wid="0">In</w>
  <w id="1" lemma="|that|" pos="DT" wid="1">that</w>
  <w id="2" lemma="|context|" pos="NN" wid="2">context</w>
  <w id="3" lemma="|,|" pos="," wid="3">,</w>
  <w id="4" lemma="|he|" pos="PRP" wid="4">he</w>
  <w id="5" lemma="|proclaim|" pos="VBD" wid="5">proclaimed</w>
  <w id="6" lemma="|Mary|" pos="NNP" wid="6">Mary</w>
  <w id="7" lemma="|Most|" pos="NNP" wid="7">Most</w>
  <w id="8" lemma="|Holy|" pos="NNP" wid="8">Holy</w>
  <w id="9" lemma="|as|" pos="IN" wid="9">as</w>
  <w id="10" lemma="|``|" pos="``" wid="10">``</w>
  <w id="11" lemma="|Mother|" pos="NNP" wid="11">Mother</w>
  <w id="12" lemma="|of|" pos="IN" wid="12">of</w>
  <w id="13" lemma="|the|" pos="DT" wid="13">the</w>
  <w id="14" lemma="|Church|" pos="NNP" wid="14">Church</w>
  <w id="15" lemma="|''|" pos="''" wid="15">''</w>
  <w id="16" lemma="|-lrb-|" pos="-LRB-" wid="16">-LRB-</w>
  <w id="17" lemma="|cf|" pos="NN" wid="17">cf</w>
  <w id="18" lemma="|.|" pos="." wid="18">.</w>
</sentence>
<sentence id="12">
  <w id="0" lemma="|ibid|" pos="NN" wid="0">ibid</w>
  <w id="1" lemma="|.|" pos="." wid="1">.</w>
</sentence>
<sentence id="13">
  <w id="0" lemma="|,|" pos="," wid="0">,</w>
  <w id="1" lemma="|n.|" pos="NN" wid="1">n.</w>
  <w id="2" lemma="|306|" pos="CD" wid="2">306</w>
  <w id="3" lemma="|-rrb-|" pos="-RRB-" wid="3">-RRB-</w>
  <w id="4" lemma="|,|" pos="," wid="4">,</w>
  <w id="5" lemma="|emphasize|" pos="VBG" wid="5">emphasizing</w>
  <w id="6" lemma="|,|" pos="," wid="6">,</w>
  <w id="7" lemma="|with|" pos="IN" wid="7">with</w>
  <w id="8" lemma="|great|" pos="JJ" wid="8">great</w>
  <w id="9" lemma="|ecumenical|" pos="JJ" wid="9">ecumenical</w>
  <w id="10" lemma="|sensitivity|" pos="NN" wid="10">sensitivity</w>
  <w id="11" lemma="|,|" pos="," wid="11">,</w>
  <w id="12" lemma="|that|" pos="IN" wid="12">that</w>
  <w id="13" lemma="|``|" pos="``" wid="13">``</w>
  <w id="14" lemma="|the|" pos="DT" wid="14">the</w>
  <w id="15" lemma="|devotion|" pos="NN" wid="15">devotion</w>
  <w id="16" lemma="|to|" pos="TO" wid="16">to</w>
  <w id="17" lemma="|Mary|" pos="NNP" wid="17">Mary</w>
  <w id="18" lemma="|...|" pos=":" wid="18">...</w>
  <w id="19" lemma="|be|" pos="VBZ" wid="19">is</w>
  <w id="20" lemma="|a|" pos="DT" wid="20">a</w>
  <w id="21" lemma="|means|" pos="NN" wid="21">means</w>
  <w id="22" lemma="|intend|" pos="VBN" wid="22">intended</w>
  <w id="23" lemma="|to|" pos="TO" wid="23">to</w>
  <w id="24" lemma="|orient|" pos="JJ" wid="24">orient</w>
  <w id="25" lemma="|soul|" pos="NNS" wid="25">souls</w>
  <w id="26" lemma="|towards|" pos="IN" wid="26">towards</w>
  <w id="27" lemma="|Christ|" pos="NNP" wid="27">Christ</w>
  <w id="28" lemma="|and|" pos="CC" wid="28">and</w>
  <w id="29" lemma="|thus|" pos="RB" wid="29">thus</w>
  <w id="30" lemma="|to|" pos="TO" wid="30">to</w>
  <w id="31" lemma="|unite|" pos="VB" wid="31">unite</w>
  <w id="32" lemma="|they|" pos="PRP" wid="32">them</w>
  <w id="33" lemma="|with|" pos="IN" wid="33">with</w>
  <w id="34" lemma="|the|" pos="DT" wid="34">the</w>
  <w id="35" lemma="|Father|" pos="NNP" wid="35">Father</w>
  <w id="36" lemma="|,|" pos="," wid="36">,</w>
  <w id="37" lemma="|in|" pos="IN" wid="37">in</w>
  <w id="38" lemma="|the|" pos="DT" wid="38">the</w>
  <w id="39" lemma="|love|" pos="NN" wid="39">love</w>
  <w id="40" lemma="|of|" pos="IN" wid="40">of</w>
  <w id="41" lemma="|the|" pos="DT" wid="41">the</w>
  <w id="42" lemma="|holy|" pos="JJ" wid="42">Holy</w>
  <w id="43" lemma="|spirit|" pos="NN" wid="43">Spirit</w>
  <w id="44" lemma="|''|" pos="''" wid="44">''</w>
  <w id="45" lemma="|-lrb-|" pos="-LRB-" wid="45">-LRB-</w>
  <w id="46" lemma="|ibid|" pos="NN" wid="46">ibid</w>
  <w id="47" lemma="|.|" pos="." wid="47">.</w>
</sentence>
<sentence id="14">
  <w id="0" lemma="|,|" pos="," wid="0">,</w>
  <w id="1" lemma="|n.|" pos="NN" wid="1">n.</w>
  <w id="2" lemma="|315|" pos="CD" wid="2">315</w>
  <w id="3" lemma="|-rrb-|" pos="-RRB-" wid="3">-RRB-</w>
  <w id="4" lemma="|.|" pos="." wid="4">.</w>
</sentence>
<sentence id="15">
  <w id="0" lemma="|echo|" pos="VBG" wid="0">Echoing</w>
  <w id="1" lemma="|the|" pos="DT" wid="1">the</w>
  <w id="2" lemma="|word|" pos="NNS" wid="2">words</w>
  <w id="3" lemma="|of|" pos="IN" wid="3">of</w>
  <w id="4" lemma="|Paul|" pos="NNP" wid="4">Paul</w>
  <w id="5" lemma="|VI|" pos="NNP" wid="5">VI</w>
  <w id="6" lemma="|,|" pos="," wid="6">,</w>
  <w id="7" lemma="|today|" pos="NN" wid="7">today</w>
  <w id="8" lemma="|we|" pos="PRP" wid="8">we</w>
  <w id="9" lemma="|too|" pos="RB" wid="9">too</w>
  <w id="10" lemma="|pray|" pos="VB" wid="10">pray</w>
  <w id="11" lemma="|:|" pos=":" wid="11">:</w>
  <w id="12" lemma="|O|" pos="NNP" wid="12">O</w>
  <w id="13" lemma="|Virgin|" pos="NNP" wid="13">Virgin</w>
  <w id="14" lemma="|Mary|" pos="NNP" wid="14">Mary</w>
  <w id="15" lemma="|,|" pos="," wid="15">,</w>
  <w id="16" lemma="|Mother|" pos="NNP" wid="16">Mother</w>
  <w id="17" lemma="|of|" pos="IN" wid="17">of</w>
  <w id="18" lemma="|the|" pos="DT" wid="18">the</w>
  <w id="19" lemma="|Church|" pos="NNP" wid="19">Church</w>
  <w id="20" lemma="|,|" pos="," wid="20">,</w>
  <w id="21" lemma="|we|" pos="PRP" wid="21">we</w>
  <w id="22" lemma="|entrust|" pos="VBP" wid="22">entrust</w>
  <w id="23" lemma="|to|" pos="TO" wid="23">to</w>
  <w id="24" lemma="|you|" pos="PRP" wid="24">you</w>
  <w id="25" lemma="|the|" pos="DT" wid="25">the</w>
  <w id="26" lemma="|Church|" pos="NNP" wid="26">Church</w>
  <w id="27" lemma="|of|" pos="IN" wid="27">of</w>
  <w id="28" lemma="|Brescia|" pos="NNP" wid="28">Brescia</w>
  <w id="29" lemma="|and|" pos="CC" wid="29">and</w>
  <w id="30" lemma="|the|" pos="DT" wid="30">the</w>
  <w id="31" lemma="|entire|" pos="JJ" wid="31">entire</w>
  <w id="32" lemma="|population|" pos="NN" wid="32">population</w>
  <w id="33" lemma="|of|" pos="IN" wid="33">of</w>
  <w id="34" lemma="|this|" pos="DT" wid="34">this</w>
  <w id="35" lemma="|region|" pos="NN" wid="35">region</w>
  <w id="36" lemma="|.|" pos="." wid="36">.</w>
</sentence>
<sentence id="16">
  <w id="0" lemma="|remember|" pos="VB" wid="0">Remember</w>
  <w id="1" lemma="|all|" pos="DT" wid="1">all</w>
  <w id="2" lemma="|you|" pos="PRP$" wid="2">your</w>
  <w id="3" lemma="|child|" pos="NNS" wid="3">children</w>
  <w id="4" lemma="|;|" pos=":" wid="4">;</w>
  <w id="5" lemma="|confirm|" pos="VBP" wid="5">confirm</w>
  <w id="6" lemma="|they|" pos="PRP$" wid="6">their</w>
  <w id="7" lemma="|prayer|" pos="NNS" wid="7">prayers</w>
  <w id="8" lemma="|to|" pos="TO" wid="8">to</w>
  <w id="9" lemma="|God|" pos="NNP" wid="9">God</w>
  <w id="10" lemma="|;|" pos=":" wid="10">;</w>
  <w id="11" lemma="|keep|" pos="VB" wid="11">keep</w>
  <w id="12" lemma="|they|" pos="PRP$" wid="12">their</w>
  <w id="13" lemma="|faith|" pos="NN" wid="13">faith</w>
  <w id="14" lemma="|steady|" pos="JJ" wid="14">steady</w>
  <w id="15" lemma="|;|" pos=":" wid="15">;</w>
  <w id="16" lemma="|reinforce|" pos="VB" wid="16">reinforce</w>
  <w id="17" lemma="|they|" pos="PRP$" wid="17">their</w>
  <w id="18" lemma="|hope|" pos="NN" wid="18">hope</w>
  <w id="19" lemma="|;|" pos=":" wid="19">;</w>
  <w id="20" lemma="|make|" pos="VB" wid="20">make</w>
  <w id="21" lemma="|charity|" pos="NN" wid="21">charity</w>
  <w id="22" lemma="|grow|" pos="VB" wid="22">grow</w>
  <w id="23" lemma="|.|" pos="." wid="23">.</w>
</sentence>
<sentence id="17">
  <w id="0" lemma="|o|" pos="NN" wid="0">O</w>
  <w id="1" lemma="|merciful|" pos="JJ" wid="1">merciful</w>
  <w id="2" lemma="|,|" pos="," wid="2">,</w>
  <w id="3" lemma="|o|" pos="NN" wid="3">O</w>
  <w id="4" lemma="|pious|" pos="JJ" wid="4">pious</w>
  <w id="5" lemma="|,|" pos="," wid="5">,</w>
  <w id="6" lemma="|o|" pos="NN" wid="6">O</w>
  <w id="7" lemma="|sweet|" pos="JJ" wid="7">sweet</w>
  <w id="8" lemma="|Virgin|" pos="NNP" wid="8">Virgin</w>
  <w id="9" lemma="|Mary|" pos="NNP" wid="9">Mary</w>
  <w id="10" lemma="|-lrb-|" pos="-LRB-" wid="10">-LRB-</w>
  <w id="11" lemma="|cf|" pos="FW" wid="11">cf</w>
  <w id="12" lemma="|.|" pos="." wid="12">.</w>
</sentence>
<sentence id="18">
  <w id="0" lemma="|ibid|" pos="NN" wid="0">ibid</w>
  <w id="1" lemma="|.|" pos="." wid="1">.</w>
</sentence>
<sentence id="19">
  <w id="0" lemma="|,|" pos="," wid="0">,</w>
  <w id="1" lemma="|nn|" pos="NN" wid="1">nn</w>
  <w id="2" lemma="|.|" pos="." wid="2">.</w>
</sentence>
<sentence id="20">
  <w id="0" lemma="|317.320.325|" pos="CD" wid="0">317.320.325</w>
  <w id="1" lemma="|-rrb-|" pos="-RRB-" wid="1">-RRB-</w>
  <w id="2" lemma="|.|" pos="." wid="2">.</w>
</sentence>
<sentence id="21">
  <w id="0" lemma="|Angelus|" pos="NNP" wid="0">Angelus</w>
  <w id="1" lemma="|Domini|" pos="NNP" wid="1">Domini</w>
  <w id="2" lemma="|...|" pos=":" wid="2">...</w>
</sentence>
</corpus>