<corpus id="0">
<sentence id="0">
  <w id="0" lemma="|at|" pos="IN" wid="0">At</w>
  <w id="1" lemma="|the|" pos="DT" wid="1">the</w>
  <w id="2" lemma="|end|" pos="NN" wid="2">end</w>
  <w id="3" lemma="|of|" pos="IN" wid="3">of</w>
  <w id="4" lemma="|this|" pos="DT" wid="4">this</w>
  <w id="5" lemma="|solemn|" pos="JJ" wid="5">solemn</w>
  <w id="6" lemma="|celebration|" pos="NN" wid="6">celebration</w>
  <w id="7" lemma="|,|" pos="," wid="7">,</w>
  <w id="8" lemma="|I|" pos="PRP" wid="8">I</w>
  <w id="9" lemma="|wish|" pos="VBP" wid="9">wish</w>
  <w id="10" lemma="|to|" pos="TO" wid="10">to</w>
  <w id="11" lemma="|renew|" pos="VB" wid="11">renew</w>
  <w id="12" lemma="|my|" pos="PRP$" wid="12">my</w>
  <w id="13" lemma="|cordial|" pos="JJ" wid="13">cordial</w>
  <w id="14" lemma="|greet|" pos="VBG" wid="14">greeting</w>
  <w id="15" lemma="|to|" pos="TO" wid="15">to</w>
  <w id="16" lemma="|all|" pos="PDT" wid="16">all</w>
  <w id="17" lemma="|the|" pos="DT" wid="17">the</w>
  <w id="18" lemma="|pilgrim|" pos="NNS" wid="18">pilgrims</w>
  <w id="19" lemma="|who|" pos="WP" wid="19">who</w>
  <w id="20" lemma="|come|" pos="VBD" wid="20">came</w>
  <w id="21" lemma="|to|" pos="TO" wid="21">to</w>
  <w id="22" lemma="|honour|" pos="VB" wid="22">honour</w>
  <w id="23" lemma="|the|" pos="DT" wid="23">the</w>
  <w id="24" lemma="|new|" pos="JJ" wid="24">new</w>
  <w id="25" lemma="|Saints|" pos="NNP" wid="25">Saints</w>
  <w id="26" lemma="|.|" pos="." wid="26">.</w>
</sentence>
<sentence id="1">
  <w id="0" lemma="|I|" pos="PRP" wid="0">I</w>
  <w id="1" lemma="|greet|" pos="VBP" wid="1">greet</w>
  <w id="2" lemma="|with|" pos="IN" wid="2">with</w>
  <w id="3" lemma="|pleasure|" pos="NN" wid="3">pleasure</w>
  <w id="4" lemma="|the|" pos="DT" wid="4">the</w>
  <w id="5" lemma="|french-speaking|" pos="JJ" wid="5">French-speaking</w>
  <w id="6" lemma="|pilgrim|" pos="NNS" wid="6">pilgrims</w>
  <w id="7" lemma="|and|" pos="CC" wid="7">and</w>
  <w id="8" lemma="|in|" pos="IN" wid="8">in</w>
  <w id="9" lemma="|particular|" pos="JJ" wid="9">particular</w>
  <w id="10" lemma="|the|" pos="DT" wid="10">the</w>
  <w id="11" lemma="|Official|" pos="NNP" wid="11">Official</w>
  <w id="12" lemma="|Delegation|" pos="NNP" wid="12">Delegation</w>
  <w id="13" lemma="|from|" pos="IN" wid="13">from</w>
  <w id="14" lemma="|Canada|" pos="NNP" wid="14">Canada</w>
  <w id="15" lemma="|and|" pos="CC" wid="15">and</w>
  <w id="16" lemma="|all|" pos="PDT" wid="16">all</w>
  <w id="17" lemma="|the|" pos="DT" wid="17">the</w>
  <w id="18" lemma="|Canadians|" pos="NNPS" wid="18">Canadians</w>
  <w id="19" lemma="|present|" pos="VBP" wid="19">present</w>
  <w id="20" lemma="|here|" pos="RB" wid="20">here</w>
  <w id="21" lemma="|for|" pos="IN" wid="21">for</w>
  <w id="22" lemma="|the|" pos="DT" wid="22">the</w>
  <w id="23" lemma="|canonization|" pos="NN" wid="23">Canonization</w>
  <w id="24" lemma="|of|" pos="IN" wid="24">of</w>
  <w id="25" lemma="|bro|" pos="NN" wid="25">Bro</w>
  <w id="26" lemma="|.|" pos="." wid="26">.</w>
</sentence>
<sentence id="2">
  <w id="0" lemma="|André|" pos="NNP" wid="0">André</w>
  <w id="1" lemma="|Bessette|" pos="NNP" wid="1">Bessette</w>
  <w id="2" lemma="|.|" pos="." wid="2">.</w>
</sentence>
<sentence id="3">
  <w id="0" lemma="|in|" pos="IN" wid="0">In</w>
  <w id="1" lemma="|take|" pos="VBG" wid="1">taking</w>
  <w id="2" lemma="|up|" pos="RP" wid="2">up</w>
  <w id="3" lemma="|he|" pos="PRP$" wid="3">his</w>
  <w id="4" lemma="|message|" pos="NN" wid="4">message</w>
  <w id="5" lemma="|,|" pos="," wid="5">,</w>
  <w id="6" lemma="|I|" pos="PRP" wid="6">I</w>
  <w id="7" lemma="|encourage|" pos="VBP" wid="7">encourage</w>
  <w id="8" lemma="|you|" pos="PRP" wid="8">you</w>
  <w id="9" lemma="|to|" pos="TO" wid="9">to</w>
  <w id="10" lemma="|follow|" pos="VB" wid="10">follow</w>
  <w id="11" lemma="|in|" pos="IN" wid="11">in</w>
  <w id="12" lemma="|he|" pos="PRP$" wid="12">his</w>
  <w id="13" lemma="|footstep|" pos="NNS" wid="13">footsteps</w>
  <w id="14" lemma="|to|" pos="TO" wid="14">to</w>
  <w id="15" lemma="|welcome|" pos="VB" wid="15">welcome</w>
  <w id="16" lemma="|God|" pos="NNP" wid="16">God</w>
  <w id="17" lemma="|'s|" pos="POS" wid="17">'s</w>
  <w id="18" lemma="|will|" pos="NN" wid="18">will</w>
  <w id="19" lemma="|in|" pos="IN" wid="19">in</w>
  <w id="20" lemma="|you|" pos="PRP$" wid="20">your</w>
  <w id="21" lemma="|life|" pos="NN" wid="21">life</w>
  <w id="22" lemma="|freely|" pos="RB" wid="22">freely</w>
  <w id="23" lemma="|and|" pos="CC" wid="23">and</w>
  <w id="24" lemma="|through|" pos="IN" wid="24">through</w>
  <w id="25" lemma="|love|" pos="NN" wid="25">love</w>
  <w id="26" lemma="|.|" pos="." wid="26">.</w>
</sentence>
<sentence id="4">
  <w id="0" lemma="|may|" pos="MD" wid="0">May</w>
  <w id="1" lemma="|you|" pos="PRP" wid="1">you</w>
  <w id="2" lemma="|too|" pos="RB" wid="2">too</w>
  <w id="3" lemma="|,|" pos="," wid="3">,</w>
  <w id="4" lemma="|as|" pos="IN" wid="4">as</w>
  <w id="5" lemma="|he|" pos="PRP" wid="5">he</w>
  <w id="6" lemma="|be|" pos="VBD" wid="6">was</w>
  <w id="7" lemma="|,|" pos="," wid="7">,</w>
  <w id="8" lemma="|be|" pos="VB" wid="8">be</w>
  <w id="9" lemma="|overflow|" pos="VBG" wid="9">overflowing</w>
  <w id="10" lemma="|with|" pos="IN" wid="10">with</w>
  <w id="11" lemma="|charity|" pos="NN" wid="11">charity</w>
  <w id="12" lemma="|for|" pos="IN" wid="12">for</w>
  <w id="13" lemma="|you|" pos="PRP$" wid="13">your</w>
  <w id="14" lemma="|brother|" pos="NNS" wid="14">brothers</w>
  <w id="15" lemma="|and|" pos="CC" wid="15">and</w>
  <w id="16" lemma="|sister|" pos="NNS" wid="16">sisters</w>
  <w id="17" lemma="|who|" pos="WP" wid="17">who</w>
  <w id="18" lemma="|be|" pos="VBP" wid="18">are</w>
  <w id="19" lemma="|experience|" pos="VBG" wid="19">experiencing</w>
  <w id="20" lemma="|distress|" pos="NN" wid="20">distress</w>
  <w id="21" lemma="|.|" pos="." wid="21">.</w>
</sentence>
<sentence id="5">
  <w id="0" lemma="|May|" pos="NNP" wid="0">May</w>
  <w id="1" lemma="|God|" pos="NNP" wid="1">God</w>
  <w id="2" lemma="|bless|" pos="VB" wid="2">bless</w>
  <w id="3" lemma="|you|" pos="PRP" wid="3">you</w>
  <w id="4" lemma="|all|" pos="DT" wid="4">all</w>
  <w id="5" lemma="|and|" pos="CC" wid="5">and</w>
  <w id="6" lemma="|you|" pos="PRP$" wid="6">your</w>
  <w id="7" lemma="|family|" pos="NNS" wid="7">families</w>
  <w id="8" lemma="|!|" pos="." wid="8">!</w>
</sentence>
<sentence id="6">
  <w id="0" lemma="|have|" pos="VBP" wid="0">Have</w>
  <w id="1" lemma="|a|" pos="DT" wid="1">a</w>
  <w id="2" lemma="|pleasant|" pos="JJ" wid="2">pleasant</w>
  <w id="3" lemma="|stay|" pos="NN" wid="3">stay</w>
  <w id="4" lemma="|in|" pos="IN" wid="4">in</w>
  <w id="5" lemma="|Rome|" pos="NNP" wid="5">Rome</w>
  <w id="6" lemma="|!|" pos="." wid="6">!</w>
</sentence>
<sentence id="7">
  <w id="0" lemma="|I|" pos="PRP" wid="0">I</w>
  <w id="1" lemma="|warmly|" pos="RB" wid="1">warmly</w>
  <w id="2" lemma="|greet|" pos="VB" wid="2">greet</w>
  <w id="3" lemma="|all|" pos="PDT" wid="3">all</w>
  <w id="4" lemma="|the|" pos="DT" wid="4">the</w>
  <w id="5" lemma="|english-speaking|" pos="JJ" wid="5">English-speaking</w>
  <w id="6" lemma="|pilgrim|" pos="NNS" wid="6">pilgrims</w>
  <w id="7" lemma="|,|" pos="," wid="7">,</w>
  <w id="8" lemma="|especially|" pos="RB" wid="8">especially</w>
  <w id="9" lemma="|those|" pos="DT" wid="9">those</w>
  <w id="10" lemma="|who|" pos="WP" wid="10">who</w>
  <w id="11" lemma="|have|" pos="VBP" wid="11">have</w>
  <w id="12" lemma="|come|" pos="VBN" wid="12">come</w>
  <w id="13" lemma="|in|" pos="IN" wid="13">in</w>
  <w id="14" lemma="|such|" pos="JJ" wid="14">such</w>
  <w id="15" lemma="|great|" pos="JJ" wid="15">great</w>
  <w id="16" lemma="|number|" pos="NNS" wid="16">numbers</w>
  <w id="17" lemma="|for|" pos="IN" wid="17">for</w>
  <w id="18" lemma="|today|" pos="NN" wid="18">today</w>
  <w id="19" lemma="|'s|" pos="POS" wid="19">'s</w>
  <w id="20" lemma="|canonization|" pos="NN" wid="20">Canonization</w>
  <w id="21" lemma="|.|" pos="." wid="21">.</w>
</sentence>
<sentence id="8">
  <w id="0" lemma="|May|" pos="NNP" wid="0">May</w>
  <w id="1" lemma="|these|" pos="DT" wid="1">these</w>
  <w id="2" lemma="|new|" pos="JJ" wid="2">new</w>
  <w id="3" lemma="|Saints|" pos="NNP" wid="3">Saints</w>
  <w id="4" lemma="|accompany|" pos="VBP" wid="4">accompany</w>
  <w id="5" lemma="|you|" pos="PRP" wid="5">you</w>
  <w id="6" lemma="|with|" pos="IN" wid="6">with</w>
  <w id="7" lemma="|they|" pos="PRP$" wid="7">their</w>
  <w id="8" lemma="|prayer|" pos="NNS" wid="8">prayers</w>
  <w id="9" lemma="|and|" pos="CC" wid="9">and</w>
  <w id="10" lemma="|inspire|" pos="VB" wid="10">inspire</w>
  <w id="11" lemma="|you|" pos="PRP" wid="11">you</w>
  <w id="12" lemma="|by|" pos="IN" wid="12">by</w>
  <w id="13" lemma="|the|" pos="DT" wid="13">the</w>
  <w id="14" lemma="|example|" pos="NN" wid="14">example</w>
  <w id="15" lemma="|of|" pos="IN" wid="15">of</w>
  <w id="16" lemma="|they|" pos="PRP$" wid="16">their</w>
  <w id="17" lemma="|holy|" pos="JJ" wid="17">holy</w>
  <w id="18" lemma="|life|" pos="NNS" wid="18">lives</w>
  <w id="19" lemma="|.|" pos="." wid="19">.</w>
</sentence>
<sentence id="9">
  <w id="0" lemma="|I|" pos="PRP" wid="0">I</w>
  <w id="1" lemma="|greet|" pos="VBP" wid="1">greet</w>
  <w id="2" lemma="|especially|" pos="RB" wid="2">especially</w>
  <w id="3" lemma="|the|" pos="DT" wid="3">the</w>
  <w id="4" lemma="|Official|" pos="NNP" wid="4">Official</w>
  <w id="5" lemma="|Delegations|" pos="NNPS" wid="5">Delegations</w>
  <w id="6" lemma="|from|" pos="IN" wid="6">from</w>
  <w id="7" lemma="|Canada|" pos="NNP" wid="7">Canada</w>
  <w id="8" lemma="|and|" pos="CC" wid="8">and</w>
  <w id="9" lemma="|Australia|" pos="NNP" wid="9">Australia</w>
  <w id="10" lemma="|who|" pos="WP" wid="10">who</w>
  <w id="11" lemma="|have|" pos="VBP" wid="11">have</w>
  <w id="12" lemma="|travel|" pos="VBN" wid="12">travelled</w>
  <w id="13" lemma="|to|" pos="TO" wid="13">to</w>
  <w id="14" lemma="|Rome|" pos="NNP" wid="14">Rome</w>
  <w id="15" lemma="|in|" pos="IN" wid="15">in</w>
  <w id="16" lemma="|honour|" pos="NN" wid="16">honour</w>
  <w id="17" lemma="|of|" pos="IN" wid="17">of</w>
  <w id="18" lemma="|St|" pos="NNP" wid="18">St</w>
  <w id="19" lemma="|André|" pos="NNP" wid="19">André</w>
  <w id="20" lemma="|Besette|" pos="NNP" wid="20">Besette</w>
  <w id="21" lemma="|and|" pos="CC" wid="21">and</w>
  <w id="22" lemma="|St|" pos="NNP" wid="22">St</w>
  <w id="23" lemma="|Mary|" pos="NNP" wid="23">Mary</w>
  <w id="24" lemma="|MacKillop|" pos="NNP" wid="24">MacKillop</w>
  <w id="25" lemma="|.|" pos="." wid="25">.</w>
</sentence>
<sentence id="10">
  <w id="0" lemma="|May|" pos="NNP" wid="0">May</w>
  <w id="1" lemma="|God|" pos="NNP" wid="1">God</w>
  <w id="2" lemma="|bless|" pos="VB" wid="2">bless</w>
  <w id="3" lemma="|and|" pos="CC" wid="3">and</w>
  <w id="4" lemma="|keep|" pos="VB" wid="4">keep</w>
  <w id="5" lemma="|you|" pos="PRP" wid="5">you</w>
  <w id="6" lemma="|all|" pos="DT" wid="6">all</w>
  <w id="7" lemma="|,|" pos="," wid="7">,</w>
  <w id="8" lemma="|as|" pos="RB" wid="8">as</w>
  <w id="9" lemma="|well|" pos="RB" wid="9">well</w>
  <w id="10" lemma="|as|" pos="IN" wid="10">as</w>
  <w id="11" lemma="|you|" pos="PRP$" wid="11">your</w>
  <w id="12" lemma="|family|" pos="NNS" wid="12">families</w>
  <w id="13" lemma="|and|" pos="CC" wid="13">and</w>
  <w id="14" lemma="|love|" pos="VBD" wid="14">loved</w>
  <w id="15" lemma="|one|" pos="NNS" wid="15">ones</w>
  <w id="16" lemma="|at|" pos="IN" wid="16">at</w>
  <w id="17" lemma="|home|" pos="NN" wid="17">home</w>
  <w id="18" lemma="|.|" pos="." wid="18">.</w>
</sentence>
<sentence id="11">
  <w id="0" lemma="|I|" pos="PRP" wid="0">I</w>
  <w id="1" lemma="|offer|" pos="VBP" wid="1">offer</w>
  <w id="2" lemma="|a|" pos="DT" wid="2">a</w>
  <w id="3" lemma="|warm|" pos="JJ" wid="3">warm</w>
  <w id="4" lemma="|welcome|" pos="JJ" wid="4">welcome</w>
  <w id="5" lemma="|to|" pos="TO" wid="5">to</w>
  <w id="6" lemma="|the|" pos="DT" wid="6">the</w>
  <w id="7" lemma="|german-speaking|" pos="JJ" wid="7">German-speaking</w>
  <w id="8" lemma="|pilgrim|" pos="NNS" wid="8">pilgrims</w>
  <w id="9" lemma="|and|" pos="CC" wid="9">and</w>
  <w id="10" lemma="|visitor|" pos="NNS" wid="10">visitors</w>
  <w id="11" lemma="|.|" pos="." wid="11">.</w>
</sentence>
<sentence id="12">
  <w id="0" lemma="|Saints|" pos="NNP" wid="0">Saints</w>
  <w id="1" lemma="|be|" pos="VBP" wid="1">are</w>
  <w id="2" lemma="|the|" pos="DT" wid="2">the</w>
  <w id="3" lemma="|live|" pos="VBG" wid="3">living</w>
  <w id="4" lemma="|image|" pos="NN" wid="4">image</w>
  <w id="5" lemma="|of|" pos="IN" wid="5">of</w>
  <w id="6" lemma="|God|" pos="NNP" wid="6">God</w>
  <w id="7" lemma="|'s|" pos="POS" wid="7">'s</w>
  <w id="8" lemma="|love|" pos="NN" wid="8">love</w>
  <w id="9" lemma="|.|" pos="." wid="9">.</w>
</sentence>
<sentence id="13">
  <w id="0" lemma="|today|" pos="NN" wid="0">Today</w>
  <w id="1" lemma="|,|" pos="," wid="1">,</w>
  <w id="2" lemma="|therefore|" pos="RB" wid="2">therefore</w>
  <w id="3" lemma="|,|" pos="," wid="3">,</w>
  <w id="4" lemma="|we|" pos="PRP" wid="4">we</w>
  <w id="5" lemma="|be|" pos="VBP" wid="5">are</w>
  <w id="6" lemma="|rejoice|" pos="VBG" wid="6">rejoicing</w>
  <w id="7" lemma="|in|" pos="IN" wid="7">in</w>
  <w id="8" lemma="|the|" pos="DT" wid="8">the</w>
  <w id="9" lemma="|six|" pos="CD" wid="9">six</w>
  <w id="10" lemma="|new|" pos="JJ" wid="10">new</w>
  <w id="11" lemma="|Saints|" pos="NNP" wid="11">Saints</w>
  <w id="12" lemma="|,|" pos="," wid="12">,</w>
  <w id="13" lemma="|Stanisław|" pos="NNP" wid="13">Stanisław</w>
  <w id="14" lemma="|Kazimierczyk|" pos="NNP" wid="14">Kazimierczyk</w>
  <w id="15" lemma="|Sołtys|" pos="NNP" wid="15">Sołtys</w>
  <w id="16" lemma="|,|" pos="," wid="16">,</w>
  <w id="17" lemma="|André|" pos="NNP" wid="17">André</w>
  <w id="18" lemma="|Besette|" pos="NNP" wid="18">Besette</w>
  <w id="19" lemma="|,|" pos="," wid="19">,</w>
  <w id="20" lemma="|Cándida|" pos="NNP" wid="20">Cándida</w>
  <w id="21" lemma="|María|" pos="NNP" wid="21">María</w>
  <w id="22" lemma="|Cipitria|" pos="NNP" wid="22">Cipitria</w>
  <w id="23" lemma="|,|" pos="," wid="23">,</w>
  <w id="24" lemma="|Mary|" pos="NNP" wid="24">Mary</w>
  <w id="25" lemma="|MacKillop|" pos="NNP" wid="25">MacKillop</w>
  <w id="26" lemma="|,|" pos="," wid="26">,</w>
  <w id="27" lemma="|Giulia|" pos="NNP" wid="27">Giulia</w>
  <w id="28" lemma="|Salzano|" pos="NNP" wid="28">Salzano</w>
  <w id="29" lemma="|and|" pos="CC" wid="29">and</w>
  <w id="30" lemma="|Camilla|" pos="NNP" wid="30">Camilla</w>
  <w id="31" lemma="|da|" pos="NNP" wid="31">da</w>
  <w id="32" lemma="|Varano|" pos="NNP" wid="32">Varano</w>
  <w id="33" lemma="|.|" pos="." wid="33">.</w>
</sentence>
<sentence id="14">
  <w id="0" lemma="|may|" pos="MD" wid="0">May</w>
  <w id="1" lemma="|they|" pos="PRP" wid="1">they</w>
  <w id="2" lemma="|be|" pos="VB" wid="2">be</w>
  <w id="3" lemma="|model|" pos="NNS" wid="3">models</w>
  <w id="4" lemma="|and|" pos="CC" wid="4">and</w>
  <w id="5" lemma="|intercessor|" pos="NNS" wid="5">intercessors</w>
  <w id="6" lemma="|for|" pos="IN" wid="6">for</w>
  <w id="7" lemma="|we|" pos="PRP$" wid="7">our</w>
  <w id="8" lemma="|Christian|" pos="NNP" wid="8">Christian</w>
  <w id="9" lemma="|life|" pos="NN" wid="9">life</w>
  <w id="10" lemma="|.|" pos="." wid="10">.</w>
</sentence>
<sentence id="15">
  <w id="0" lemma="|May|" pos="NNP" wid="0">May</w>
  <w id="1" lemma="|the|" pos="DT" wid="1">the</w>
  <w id="2" lemma="|Lord|" pos="NNP" wid="2">Lord</w>
  <w id="3" lemma="|bless|" pos="VB" wid="3">bless</w>
  <w id="4" lemma="|you|" pos="PRP" wid="4">you</w>
  <w id="5" lemma="|all|" pos="DT" wid="5">all</w>
  <w id="6" lemma="|.|" pos="." wid="6">.</w>
</sentence>
<sentence id="16">
  <w id="0" lemma="|I|" pos="PRP" wid="0">I</w>
  <w id="1" lemma="|cordially|" pos="RB" wid="1">cordially</w>
  <w id="2" lemma="|greet|" pos="VBP" wid="2">greet</w>
  <w id="3" lemma="|the|" pos="DT" wid="3">the</w>
  <w id="4" lemma="|spanish-speaking|" pos="JJ" wid="4">Spanish-speaking</w>
  <w id="5" lemma="|pilgrim|" pos="NNS" wid="5">pilgrims</w>
  <w id="6" lemma="|who|" pos="WP" wid="6">who</w>
  <w id="7" lemma="|have|" pos="VBP" wid="7">have</w>
  <w id="8" lemma="|take|" pos="VBN" wid="8">taken</w>
  <w id="9" lemma="|part|" pos="NN" wid="9">part</w>
  <w id="10" lemma="|in|" pos="IN" wid="10">in</w>
  <w id="11" lemma="|the|" pos="DT" wid="11">the</w>
  <w id="12" lemma="|solemn|" pos="JJ" wid="12">solemn</w>
  <w id="13" lemma="|ceremony|" pos="NN" wid="13">ceremony</w>
  <w id="14" lemma="|of|" pos="IN" wid="14">of</w>
  <w id="15" lemma="|canonization|" pos="NN" wid="15">Canonization</w>
  <w id="16" lemma="|this|" pos="DT" wid="16">this</w>
  <w id="17" lemma="|morning|" pos="NN" wid="17">morning</w>
  <w id="18" lemma="|,|" pos="," wid="18">,</w>
  <w id="19" lemma="|especially|" pos="RB" wid="19">especially</w>
  <w id="20" lemma="|the|" pos="DT" wid="20">the</w>
  <w id="21" lemma="|Cardinals|" pos="NNPS" wid="21">Cardinals</w>
  <w id="22" lemma="|and|" pos="CC" wid="22">and</w>
  <w id="23" lemma="|bishop|" pos="NNS" wid="23">Bishops</w>
  <w id="24" lemma="|,|" pos="," wid="24">,</w>
  <w id="25" lemma="|as|" pos="RB" wid="25">as</w>
  <w id="26" lemma="|well|" pos="RB" wid="26">well</w>
  <w id="27" lemma="|as|" pos="IN" wid="27">as</w>
  <w id="28" lemma="|the|" pos="DT" wid="28">the</w>
  <w id="29" lemma="|Official|" pos="NNP" wid="29">Official</w>
  <w id="30" lemma="|Delegation|" pos="NNP" wid="30">Delegation</w>
  <w id="31" lemma="|from|" pos="IN" wid="31">from</w>
  <w id="32" lemma="|Spain|" pos="NNP" wid="32">Spain</w>
  <w id="33" lemma="|.|" pos="." wid="33">.</w>
</sentence>
<sentence id="17">
  <w id="0" lemma="|I|" pos="PRP" wid="0">I</w>
  <w id="1" lemma="|entrust|" pos="VBP" wid="1">entrust</w>
  <w id="2" lemma="|the|" pos="DT" wid="2">the</w>
  <w id="3" lemma="|Religious|" pos="NNP" wid="3">Religious</w>
  <w id="4" lemma="|,|" pos="," wid="4">,</w>
  <w id="5" lemma="|the|" pos="DT" wid="5">the</w>
  <w id="6" lemma="|daughter|" pos="NNS" wid="6">Daughters</w>
  <w id="7" lemma="|of|" pos="IN" wid="7">of</w>
  <w id="8" lemma="|Jesus|" pos="NNP" wid="8">Jesus</w>
  <w id="9" lemma="|,|" pos="," wid="9">,</w>
  <w id="10" lemma="|to|" pos="TO" wid="10">to</w>
  <w id="11" lemma="|the|" pos="DT" wid="11">the</w>
  <w id="12" lemma="|intercession|" pos="NN" wid="12">intercession</w>
  <w id="13" lemma="|of|" pos="IN" wid="13">of</w>
  <w id="14" lemma="|St|" pos="NNP" wid="14">St</w>
  <w id="15" lemma="|Cándida|" pos="NNP" wid="15">Cándida</w>
  <w id="16" lemma="|,|" pos="," wid="16">,</w>
  <w id="17" lemma="|they|" pos="PRP$" wid="17">their</w>
  <w id="18" lemma="|foundress|" pos="NN" wid="18">Foundress</w>
  <w id="19" lemma="|.|" pos="." wid="19">.</w>
</sentence>
<sentence id="18">
  <w id="0" lemma="|I|" pos="PRP" wid="0">I</w>
  <w id="1" lemma="|also|" pos="RB" wid="1">also</w>
  <w id="2" lemma="|ask|" pos="VBP" wid="2">ask</w>
  <w id="3" lemma="|God|" pos="NNP" wid="3">God</w>
  <w id="4" lemma="|that|" pos="IN" wid="4">that</w>
  <w id="5" lemma="|the|" pos="DT" wid="5">the</w>
  <w id="6" lemma="|new|" pos="JJ" wid="6">new</w>
  <w id="7" lemma="|Saints|" pos="NNP" wid="7">Saints</w>
  <w id="8" lemma="|may|" pos="MD" wid="8">may</w>
  <w id="9" lemma="|serve|" pos="VB" wid="9">serve</w>
  <w id="10" lemma="|as|" pos="IN" wid="10">as</w>
  <w id="11" lemma="|model|" pos="NNS" wid="11">models</w>
  <w id="12" lemma="|to|" pos="TO" wid="12">to</w>
  <w id="13" lemma="|the|" pos="DT" wid="13">the</w>
  <w id="14" lemma="|christian|" pos="JJ" wid="14">Christian</w>
  <w id="15" lemma="|people|" pos="NNS" wid="15">people</w>
  <w id="16" lemma="|,|" pos="," wid="16">,</w>
  <w id="17" lemma="|particularly|" pos="RB" wid="17">particularly</w>
  <w id="18" lemma="|to|" pos="TO" wid="18">to</w>
  <w id="19" lemma="|youth|" pos="NN" wid="19">youth</w>
  <w id="20" lemma="|,|" pos="," wid="20">,</w>
  <w id="21" lemma="|so|" pos="IN" wid="21">so</w>
  <w id="22" lemma="|that|" pos="IN" wid="22">that</w>
  <w id="23" lemma="|those|" pos="DT" wid="23">those</w>
  <w id="24" lemma="|who|" pos="WP" wid="24">who</w>
  <w id="25" lemma="|accept|" pos="VBP" wid="25">accept</w>
  <w id="26" lemma="|the|" pos="DT" wid="26">the</w>
  <w id="27" lemma="|Lord|" pos="NNP" wid="27">Lord</w>
  <w id="28" lemma="|'s|" pos="POS" wid="28">'s</w>
  <w id="29" lemma="|call|" pos="NN" wid="29">call</w>
  <w id="30" lemma="|and|" pos="CC" wid="30">and</w>
  <w id="31" lemma="|give|" pos="VB" wid="31">give</w>
  <w id="32" lemma="|they|" pos="PRP$" wid="32">their</w>
  <w id="33" lemma="|whole|" pos="JJ" wid="33">whole</w>
  <w id="34" lemma="|life|" pos="NNS" wid="34">lives</w>
  <w id="35" lemma="|to|" pos="TO" wid="35">to</w>
  <w id="36" lemma="|proclaim|" pos="VBG" wid="36">proclaiming</w>
  <w id="37" lemma="|the|" pos="DT" wid="37">the</w>
  <w id="38" lemma="|greatness|" pos="NN" wid="38">greatness</w>
  <w id="39" lemma="|of|" pos="IN" wid="39">of</w>
  <w id="40" lemma="|he|" pos="PRP$" wid="40">his</w>
  <w id="41" lemma="|love|" pos="NN" wid="41">love</w>
  <w id="42" lemma="|may|" pos="MD" wid="42">may</w>
  <w id="43" lemma="|be|" pos="VB" wid="43">be</w>
  <w id="44" lemma="|ever|" pos="RB" wid="44">ever</w>
  <w id="45" lemma="|more|" pos="RBR" wid="45">more</w>
  <w id="46" lemma="|numerous|" pos="JJ" wid="46">numerous</w>
  <w id="47" lemma="|.|" pos="." wid="47">.</w>
</sentence>
<sentence id="19">
  <w id="0" lemma="|I|" pos="PRP" wid="0">I</w>
  <w id="1" lemma="|warmly|" pos="RB" wid="1">warmly</w>
  <w id="2" lemma="|greet|" pos="VB" wid="2">greet</w>
  <w id="3" lemma="|all|" pos="PDT" wid="3">all</w>
  <w id="4" lemma="|the|" pos="DT" wid="4">the</w>
  <w id="5" lemma="|Poles|" pos="NNPS" wid="5">Poles</w>
  <w id="6" lemma="|who|" pos="WP" wid="6">who</w>
  <w id="7" lemma="|have|" pos="VBP" wid="7">have</w>
  <w id="8" lemma="|come|" pos="VBN" wid="8">come</w>
  <w id="9" lemma="|for|" pos="IN" wid="9">for</w>
  <w id="10" lemma="|the|" pos="DT" wid="10">the</w>
  <w id="11" lemma="|Canonization|" pos="NNP" wid="11">Canonization</w>
  <w id="12" lemma="|.|" pos="." wid="12">.</w>
</sentence>
<sentence id="20">
  <w id="0" lemma="|I|" pos="PRP" wid="0">I</w>
  <w id="1" lemma="|welcome|" pos="VBP" wid="1">welcome</w>
  <w id="2" lemma="|in|" pos="IN" wid="2">in</w>
  <w id="3" lemma="|particular|" pos="JJ" wid="3">particular</w>
  <w id="4" lemma="|the|" pos="DT" wid="4">the</w>
  <w id="5" lemma="|Representatives|" pos="NNP" wid="5">Representatives</w>
  <w id="6" lemma="|of|" pos="IN" wid="6">of</w>
  <w id="7" lemma="|the|" pos="DT" wid="7">the</w>
  <w id="8" lemma="|Episcopate|" pos="NNP" wid="8">Episcopate</w>
  <w id="9" lemma="|and|" pos="CC" wid="9">and</w>
  <w id="10" lemma="|the|" pos="DT" wid="10">the</w>
  <w id="11" lemma="|President|" pos="NNP" wid="11">President</w>
  <w id="12" lemma="|of|" pos="IN" wid="12">of</w>
  <w id="13" lemma="|the|" pos="DT" wid="13">the</w>
  <w id="14" lemma="|Republic|" pos="NNP" wid="14">Republic</w>
  <w id="15" lemma="|of|" pos="IN" wid="15">of</w>
  <w id="16" lemma="|Poland|" pos="NNP" wid="16">Poland</w>
  <w id="17" lemma="|.|" pos="." wid="17">.</w>
</sentence>
<sentence id="21">
  <w id="0" lemma="|I|" pos="PRP" wid="0">I</w>
  <w id="1" lemma="|rejoice|" pos="VBP" wid="1">rejoice</w>
  <w id="2" lemma="|with|" pos="IN" wid="2">with</w>
  <w id="3" lemma="|you|" pos="PRP" wid="3">you</w>
  <w id="4" lemma="|in|" pos="IN" wid="4">in</w>
  <w id="5" lemma="|the|" pos="DT" wid="5">the</w>
  <w id="6" lemma="|glory|" pos="NN" wid="6">glory</w>
  <w id="7" lemma="|of|" pos="IN" wid="7">of</w>
  <w id="8" lemma="|the|" pos="DT" wid="8">the</w>
  <w id="9" lemma="|holiness|" pos="NN" wid="9">holiness</w>
  <w id="10" lemma="|of|" pos="IN" wid="10">of</w>
  <w id="11" lemma="|you|" pos="PRP$" wid="11">your</w>
  <w id="12" lemma="|compatriot|" pos="NN" wid="12">compatriot</w>
  <w id="13" lemma="|,|" pos="," wid="13">,</w>
  <w id="14" lemma="|Stanisław|" pos="NNP" wid="14">Stanisław</w>
  <w id="15" lemma="|Kazmierczyk|" pos="NNP" wid="15">Kazmierczyk</w>
  <w id="16" lemma="|.|" pos="." wid="16">.</w>
</sentence>
<sentence id="22">
  <w id="0" lemma="|let|" pos="VB" wid="0">Let</w>
  <w id="1" lemma="|we|" pos="PRP" wid="1">us</w>
  <w id="2" lemma="|learn|" pos="VB" wid="2">learn</w>
  <w id="3" lemma="|from|" pos="IN" wid="3">from</w>
  <w id="4" lemma="|he|" pos="PRP" wid="4">him</w>
  <w id="5" lemma="|the|" pos="DT" wid="5">the</w>
  <w id="6" lemma="|spirit|" pos="NN" wid="6">spirit</w>
  <w id="7" lemma="|of|" pos="IN" wid="7">of</w>
  <w id="8" lemma="|prayer|" pos="NN" wid="8">prayer</w>
  <w id="9" lemma="|,|" pos="," wid="9">,</w>
  <w id="10" lemma="|contemplation|" pos="NN" wid="10">contemplation</w>
  <w id="11" lemma="|and|" pos="CC" wid="11">and</w>
  <w id="12" lemma="|sacrifice|" pos="NN" wid="12">sacrifice</w>
  <w id="13" lemma="|for|" pos="IN" wid="13">for</w>
  <w id="14" lemma="|we|" pos="PRP$" wid="14">our</w>
  <w id="15" lemma="|neighbour|" pos="NN" wid="15">neighbour</w>
  <w id="16" lemma="|.|" pos="." wid="16">.</w>
</sentence>
<sentence id="23">
  <w id="0" lemma="|may|" pos="MD" wid="0">May</w>
  <w id="1" lemma="|he|" pos="PRP" wid="1">he</w>
  <w id="2" lemma="|keep|" pos="VB" wid="2">keep</w>
  <w id="3" lemma="|in|" pos="IN" wid="3">in</w>
  <w id="4" lemma="|God|" pos="NNP" wid="4">God</w>
  <w id="5" lemma="|'s|" pos="POS" wid="5">'s</w>
  <w id="6" lemma="|presence|" pos="NN" wid="6">presence</w>
  <w id="7" lemma="|the|" pos="DT" wid="7">the</w>
  <w id="8" lemma="|Church|" pos="NNP" wid="8">Church</w>
  <w id="9" lemma="|of|" pos="IN" wid="9">of</w>
  <w id="10" lemma="|Poland|" pos="NNP" wid="10">Poland</w>
  <w id="11" lemma="|,|" pos="," wid="11">,</w>
  <w id="12" lemma="|you|" pos="PRP" wid="12">you</w>
  <w id="13" lemma="|who|" pos="WP" wid="13">who</w>
  <w id="14" lemma="|be|" pos="VBP" wid="14">are</w>
  <w id="15" lemma="|here|" pos="RB" wid="15">here</w>
  <w id="16" lemma="|,|" pos="," wid="16">,</w>
  <w id="17" lemma="|you|" pos="PRP$" wid="17">your</w>
  <w id="18" lemma="|love|" pos="VBN" wid="18">loved</w>
  <w id="19" lemma="|one|" pos="NNS" wid="19">ones</w>
  <w id="20" lemma="|and|" pos="CC" wid="20">and</w>
  <w id="21" lemma="|you|" pos="PRP$" wid="21">your</w>
  <w id="22" lemma="|homeland|" pos="NN" wid="22">Homeland</w>
  <w id="23" lemma="|.|" pos="." wid="23">.</w>
</sentence>
<sentence id="24">
  <w id="0" lemma="|I|" pos="PRP" wid="0">I</w>
  <w id="1" lemma="|warmly|" pos="RB" wid="1">warmly</w>
  <w id="2" lemma="|bless|" pos="VBP" wid="2">bless</w>
  <w id="3" lemma="|you|" pos="PRP" wid="3">you</w>
  <w id="4" lemma="|.|" pos="." wid="4">.</w>
</sentence>
<sentence id="25">
  <w id="0" lemma="|I|" pos="PRP" wid="0">I</w>
  <w id="1" lemma="|greet|" pos="VBP" wid="1">greet</w>
  <w id="2" lemma="|the|" pos="DT" wid="2">the</w>
  <w id="3" lemma="|italian|" pos="JJ" wid="3">Italian</w>
  <w id="4" lemma="|pilgrim|" pos="NNS" wid="4">pilgrims</w>
  <w id="5" lemma="|who|" pos="WP" wid="5">who</w>
  <w id="6" lemma="|be|" pos="VBP" wid="6">are</w>
  <w id="7" lemma="|celebrate|" pos="VBG" wid="7">celebrating</w>
  <w id="8" lemma="|St|" pos="NNP" wid="8">St</w>
  <w id="9" lemma="|Battista|" pos="NNP" wid="9">Battista</w>
  <w id="10" lemma="|da|" pos="NNP" wid="10">da</w>
  <w id="11" lemma="|Varano|" pos="NNP" wid="11">Varano</w>
  <w id="12" lemma="|and|" pos="CC" wid="12">and</w>
  <w id="13" lemma="|St|" pos="NNP" wid="13">St</w>
  <w id="14" lemma="|Giulia|" pos="NNP" wid="14">Giulia</w>
  <w id="15" lemma="|Salzano|" pos="NNP" wid="15">Salzano</w>
  <w id="16" lemma="|,|" pos="," wid="16">,</w>
  <w id="17" lemma="|as|" pos="RB" wid="17">as</w>
  <w id="18" lemma="|well|" pos="RB" wid="18">well</w>
  <w id="19" lemma="|as|" pos="IN" wid="19">as</w>
  <w id="20" lemma="|the|" pos="DT" wid="20">the</w>
  <w id="21" lemma="|Official|" pos="NNP" wid="21">Official</w>
  <w id="22" lemma="|Delegation|" pos="NNP" wid="22">Delegation</w>
  <w id="23" lemma="|who|" pos="WP" wid="23">who</w>
  <w id="24" lemma="|have|" pos="VBZ" wid="24">has</w>
  <w id="25" lemma="|come|" pos="VBN" wid="25">come</w>
  <w id="26" lemma="|here|" pos="RB" wid="26">here</w>
  <w id="27" lemma="|for|" pos="IN" wid="27">for</w>
  <w id="28" lemma="|this|" pos="DT" wid="28">this</w>
  <w id="29" lemma="|happy|" pos="JJ" wid="29">happy</w>
  <w id="30" lemma="|occasion|" pos="NN" wid="30">occasion</w>
  <w id="31" lemma="|.|" pos="." wid="31">.</w>
</sentence>
<sentence id="26">
  <w id="0" lemma="|in|" pos="IN" wid="0">In</w>
  <w id="1" lemma="|particular|" pos="JJ" wid="1">particular</w>
  <w id="2" lemma="|,|" pos="," wid="2">,</w>
  <w id="3" lemma="|my|" pos="PRP$" wid="3">my</w>
  <w id="4" lemma="|thought|" pos="NNS" wid="4">thoughts</w>
  <w id="5" lemma="|turn|" pos="VBP" wid="5">turn</w>
  <w id="6" lemma="|to|" pos="TO" wid="6">to</w>
  <w id="7" lemma="|they|" pos="PRP$" wid="7">their</w>
  <w id="8" lemma="|spiritual|" pos="JJ" wid="8">spiritual</w>
  <w id="9" lemma="|daughter|" pos="NNS" wid="9">daughters</w>
  <w id="10" lemma="|,|" pos="," wid="10">,</w>
  <w id="11" lemma="|as|" pos="RB" wid="11">as</w>
  <w id="12" lemma="|well|" pos="RB" wid="12">well</w>
  <w id="13" lemma="|as|" pos="IN" wid="13">as</w>
  <w id="14" lemma="|to|" pos="TO" wid="14">to</w>
  <w id="15" lemma="|the|" pos="DT" wid="15">the</w>
  <w id="16" lemma="|faithful|" pos="NN" wid="16">faithful</w>
  <w id="17" lemma="|who|" pos="WP" wid="17">who</w>
  <w id="18" lemma="|have|" pos="VBP" wid="18">have</w>
  <w id="19" lemma="|come|" pos="VBN" wid="19">come</w>
  <w id="20" lemma="|from|" pos="IN" wid="20">from</w>
  <w id="21" lemma="|the|" pos="DT" wid="21">the</w>
  <w id="22" lemma="|Marches|" pos="NNP" wid="22">Marches</w>
  <w id="23" lemma="|and|" pos="CC" wid="23">and</w>
  <w id="24" lemma="|Campania|" pos="NNP" wid="24">Campania</w>
  <w id="25" lemma="|.|" pos="." wid="25">.</w>
</sentence>
<sentence id="27">
  <w id="0" lemma="|in|" pos="IN" wid="0">In</w>
  <w id="1" lemma="|thinking|" pos="NN" wid="1">thinking</w>
  <w id="2" lemma="|of|" pos="IN" wid="2">of</w>
  <w id="3" lemma="|Italy|" pos="NNP" wid="3">Italy</w>
  <w id="4" lemma="|,|" pos="," wid="4">,</w>
  <w id="5" lemma="|I|" pos="PRP" wid="5">I</w>
  <w id="6" lemma="|be|" pos="VBP" wid="6">am</w>
  <w id="7" lemma="|anxious|" pos="JJ" wid="7">anxious</w>
  <w id="8" lemma="|to|" pos="TO" wid="8">to</w>
  <w id="9" lemma="|recall|" pos="VB" wid="9">recall</w>
  <w id="10" lemma="|that|" pos="DT" wid="10">that</w>
  <w id="11" lemma="|today|" pos="NN" wid="11">today</w>
  <w id="12" lemma="|,|" pos="," wid="12">,</w>
  <w id="13" lemma="|in|" pos="IN" wid="13">in</w>
  <w id="14" lemma="|Reggio|" pos="NNP" wid="14">Reggio</w>
  <w id="15" lemma="|Calabria|" pos="NNP" wid="15">Calabria</w>
  <w id="16" lemma="|,|" pos="," wid="16">,</w>
  <w id="17" lemma="|the|" pos="DT" wid="17">the</w>
  <w id="18" lemma="|46th|" pos="JJ" wid="18">46th</w>
  <w id="19" lemma="|Social|" pos="NNP" wid="19">Social</w>
  <w id="20" lemma="|Week|" pos="NNP" wid="20">Week</w>
  <w id="21" lemma="|for|" pos="IN" wid="21">for</w>
  <w id="22" lemma="|Italian|" pos="NNP" wid="22">Italian</w>
  <w id="23" lemma="|Catholics|" pos="NNPS" wid="23">Catholics</w>
  <w id="24" lemma="|be|" pos="VBZ" wid="24">is</w>
  <w id="25" lemma="|draw|" pos="VBG" wid="25">drawing</w>
  <w id="26" lemma="|to|" pos="TO" wid="26">to</w>
  <w id="27" lemma="|a|" pos="DT" wid="27">a</w>
  <w id="28" lemma="|close|" pos="NN" wid="28">close</w>
  <w id="29" lemma="|.|" pos="." wid="29">.</w>
</sentence>
<sentence id="28">
  <w id="0" lemma="|it|" pos="PRP" wid="0">It</w>
  <w id="1" lemma="|have|" pos="VBZ" wid="1">has</w>
  <w id="2" lemma="|mark|" pos="VBN" wid="2">marked</w>
  <w id="3" lemma="|out|" pos="RP" wid="3">out</w>
  <w id="4" lemma="|a|" pos="DT" wid="4">a</w>
  <w id="5" lemma="|``|" pos="``" wid="5">``</w>
  <w id="6" lemma="|programme|" pos="NN" wid="6">programme</w>
  <w id="7" lemma="|of|" pos="IN" wid="7">of</w>
  <w id="8" lemma="|hope|" pos="NN" wid="8">hope</w>
  <w id="9" lemma="|''|" pos="''" wid="9">''</w>
  <w id="10" lemma="|for|" pos="IN" wid="10">for</w>
  <w id="11" lemma="|the|" pos="DT" wid="11">the</w>
  <w id="12" lemma="|country|" pos="NN" wid="12">country</w>
  <w id="13" lemma="|'s|" pos="POS" wid="13">'s</w>
  <w id="14" lemma="|future|" pos="NN" wid="14">future</w>
  <w id="15" lemma="|.|" pos="." wid="15">.</w>
</sentence>
<sentence id="29">
  <w id="0" lemma="|I|" pos="PRP" wid="0">I</w>
  <w id="1" lemma="|address|" pos="VBP" wid="1">address</w>
  <w id="2" lemma="|a|" pos="DT" wid="2">a</w>
  <w id="3" lemma="|cordial|" pos="JJ" wid="3">cordial</w>
  <w id="4" lemma="|greet|" pos="VBG" wid="4">greeting</w>
  <w id="5" lemma="|to|" pos="TO" wid="5">to</w>
  <w id="6" lemma="|the|" pos="DT" wid="6">the</w>
  <w id="7" lemma="|participant|" pos="NNS" wid="7">participants</w>
  <w id="8" lemma="|in|" pos="IN" wid="8">in</w>
  <w id="9" lemma="|the|" pos="DT" wid="9">the</w>
  <w id="10" lemma="|Congress|" pos="NNP" wid="10">Congress</w>
  <w id="11" lemma="|,|" pos="," wid="11">,</w>
  <w id="12" lemma="|who|" pos="WP" wid="12">who</w>
  <w id="13" lemma="|be|" pos="VBP" wid="13">are</w>
  <w id="14" lemma="|connect|" pos="VBN" wid="14">connected</w>
  <w id="15" lemma="|via|" pos="IN" wid="15">via</w>
  <w id="16" lemma="|live|" pos="JJ" wid="16">live</w>
  <w id="17" lemma="|broadcast|" pos="NN" wid="17">broadcast</w>
  <w id="18" lemma="|at|" pos="IN" wid="18">at</w>
  <w id="19" lemma="|this|" pos="DT" wid="19">this</w>
  <w id="20" lemma="|moment|" pos="NN" wid="20">moment</w>
  <w id="21" lemma="|,|" pos="," wid="21">,</w>
  <w id="22" lemma="|and|" pos="CC" wid="22">and</w>
  <w id="23" lemma="|I|" pos="PRP" wid="23">I</w>
  <w id="24" lemma="|hope|" pos="VBP" wid="24">hope</w>
  <w id="25" lemma="|that|" pos="IN" wid="25">that</w>
  <w id="26" lemma="|the|" pos="DT" wid="26">the</w>
  <w id="27" lemma="|search|" pos="NN" wid="27">search</w>
  <w id="28" lemma="|for|" pos="IN" wid="28">for</w>
  <w id="29" lemma="|the|" pos="DT" wid="29">the</w>
  <w id="30" lemma="|common|" pos="JJ" wid="30">common</w>
  <w id="31" lemma="|good|" pos="NN" wid="31">good</w>
  <w id="32" lemma="|will|" pos="MD" wid="32">will</w>
  <w id="33" lemma="|always|" pos="RB" wid="33">always</w>
  <w id="34" lemma="|be|" pos="VB" wid="34">be</w>
  <w id="35" lemma="|the|" pos="DT" wid="35">the</w>
  <w id="36" lemma="|reliable|" pos="JJ" wid="36">reliable</w>
  <w id="37" lemma="|reference|" pos="NN" wid="37">reference</w>
  <w id="38" lemma="|for|" pos="IN" wid="38">for</w>
  <w id="39" lemma="|the|" pos="DT" wid="39">the</w>
  <w id="40" lemma="|commitment|" pos="NN" wid="40">commitment</w>
  <w id="41" lemma="|of|" pos="IN" wid="41">of</w>
  <w id="42" lemma="|Catholics|" pos="NNPS" wid="42">Catholics</w>
  <w id="43" lemma="|in|" pos="IN" wid="43">in</w>
  <w id="44" lemma="|social|" pos="JJ" wid="44">social</w>
  <w id="45" lemma="|and|" pos="CC" wid="45">and</w>
  <w id="46" lemma="|political|" pos="JJ" wid="46">political</w>
  <w id="47" lemma="|action|" pos="NN" wid="47">action</w>
  <w id="48" lemma="|.|" pos="." wid="48">.</w>
</sentence>
<sentence id="30">
  <w id="0" lemma="|let|" pos="VB" wid="0">Let</w>
  <w id="1" lemma="|we|" pos="PRP" wid="1">us</w>
  <w id="2" lemma="|now|" pos="RB" wid="2">now</w>
  <w id="3" lemma="|turn|" pos="VBP" wid="3">turn</w>
  <w id="4" lemma="|in|" pos="IN" wid="4">in</w>
  <w id="5" lemma="|prayer|" pos="NN" wid="5">prayer</w>
  <w id="6" lemma="|to|" pos="TO" wid="6">to</w>
  <w id="7" lemma="|Mary|" pos="NNP" wid="7">Mary</w>
  <w id="8" lemma="|Most|" pos="NNP" wid="8">Most</w>
  <w id="9" lemma="|Holy|" pos="NNP" wid="9">Holy</w>
  <w id="10" lemma="|,|" pos="," wid="10">,</w>
  <w id="11" lemma="|whom|" pos="WP" wid="11">whom</w>
  <w id="12" lemma="|God|" pos="NNP" wid="12">God</w>
  <w id="13" lemma="|have|" pos="VBZ" wid="13">has</w>
  <w id="14" lemma="|place|" pos="VBN" wid="14">placed</w>
  <w id="15" lemma="|in|" pos="IN" wid="15">in</w>
  <w id="16" lemma="|the|" pos="DT" wid="16">the</w>
  <w id="17" lemma="|centre|" pos="NN" wid="17">centre</w>
  <w id="18" lemma="|of|" pos="IN" wid="18">of</w>
  <w id="19" lemma="|the|" pos="DT" wid="19">the</w>
  <w id="20" lemma="|great|" pos="JJ" wid="20">great</w>
  <w id="21" lemma="|assembly|" pos="NN" wid="21">assembly</w>
  <w id="22" lemma="|of|" pos="IN" wid="22">of</w>
  <w id="23" lemma="|Saints|" pos="NNP" wid="23">Saints</w>
  <w id="24" lemma="|.|" pos="." wid="24">.</w>
</sentence>
<sentence id="31">
  <w id="0" lemma="|let|" pos="VB" wid="0">Let</w>
  <w id="1" lemma="|we|" pos="PRP" wid="1">us</w>
  <w id="2" lemma="|entrust|" pos="VB" wid="2">entrust</w>
  <w id="3" lemma="|the|" pos="DT" wid="3">the</w>
  <w id="4" lemma="|whole|" pos="JJ" wid="4">whole</w>
  <w id="5" lemma="|Church|" pos="NNP" wid="5">Church</w>
  <w id="6" lemma="|to|" pos="TO" wid="6">to</w>
  <w id="7" lemma="|she|" pos="PRP" wid="7">her</w>
  <w id="8" lemma="|so|" pos="IN" wid="8">so</w>
  <w id="9" lemma="|that|" pos="IN" wid="9">that</w>
  <w id="10" lemma="|illumine|" pos="VBN" wid="10">illumined</w>
  <w id="11" lemma="|by|" pos="IN" wid="11">by</w>
  <w id="12" lemma="|they|" pos="PRP$" wid="12">their</w>
  <w id="13" lemma="|example|" pos="NN" wid="13">example</w>
  <w id="14" lemma="|and|" pos="CC" wid="14">and</w>
  <w id="15" lemma="|sustain|" pos="VBN" wid="15">sustained</w>
  <w id="16" lemma="|by|" pos="IN" wid="16">by</w>
  <w id="17" lemma="|they|" pos="PRP$" wid="17">their</w>
  <w id="18" lemma="|intercession|" pos="NN" wid="18">intercession</w>
  <w id="19" lemma="|she|" pos="PRP" wid="19">she</w>
  <w id="20" lemma="|may|" pos="MD" wid="20">may</w>
  <w id="21" lemma="|walk|" pos="VB" wid="21">walk</w>
  <w id="22" lemma="|with|" pos="IN" wid="22">with</w>
  <w id="23" lemma="|ever|" pos="RB" wid="23">ever</w>
  <w id="24" lemma="|new|" pos="JJ" wid="24">new</w>
  <w id="25" lemma="|enthusiasm|" pos="NN" wid="25">enthusiasm</w>
  <w id="26" lemma="|towards|" pos="IN" wid="26">towards</w>
  <w id="27" lemma="|the|" pos="DT" wid="27">the</w>
  <w id="28" lemma="|heavenly|" pos="JJ" wid="28">heavenly</w>
  <w id="29" lemma="|homeland|" pos="NN" wid="29">Homeland</w>
  <w id="30" lemma="|.|" pos="." wid="30">.</w>
</sentence>
</corpus>