<corpus id="0">
<sentence id="0">
  <w id="0" lemma="|Dear|" pos="NNP" wid="0">Dear</w>
  <w id="1" lemma="|Brothers|" pos="NNPS" wid="1">Brothers</w>
  <w id="2" lemma="|and|" pos="CC" wid="2">and</w>
  <w id="3" lemma="|sister|" pos="NNS" wid="3">Sisters</w>
  <w id="4" lemma="|,|" pos="," wid="4">,</w>
  <w id="5" lemma="|This|" pos="NNP" wid="5">This</w>
  <w id="6" lemma="|Sunday|" pos="NNP" wid="6">Sunday</w>
  <w id="7" lemma="|'s|" pos="POS" wid="7">'s</w>
  <w id="8" lemma="|Gospel|" pos="NNP" wid="8">Gospel</w>
  <w id="9" lemma="|present|" pos="VBZ" wid="9">presents</w>
  <w id="10" lemma="|Jesus|" pos="NNP" wid="10">Jesus</w>
  <w id="11" lemma="|to|" pos="TO" wid="11">to</w>
  <w id="12" lemma="|we|" pos="PRP" wid="12">us</w>
  <w id="13" lemma="|absorb|" pos="VBN" wid="13">absorbed</w>
  <w id="14" lemma="|in|" pos="IN" wid="14">in</w>
  <w id="15" lemma="|prayer|" pos="NN" wid="15">prayer</w>
  <w id="16" lemma="|,|" pos="," wid="16">,</w>
  <w id="17" lemma="|a|" pos="DT" wid="17">a</w>
  <w id="18" lemma="|little|" pos="JJ" wid="18">little</w>
  <w id="19" lemma="|apart|" pos="RB" wid="19">apart</w>
  <w id="20" lemma="|from|" pos="IN" wid="20">from</w>
  <w id="21" lemma="|he|" pos="PRP$" wid="21">his</w>
  <w id="22" lemma="|disciple|" pos="NNS" wid="22">disciples</w>
  <w id="23" lemma="|.|" pos="." wid="23">.</w>
</sentence>
<sentence id="1">
  <w id="0" lemma="|when|" pos="WRB" wid="0">When</w>
  <w id="1" lemma="|he|" pos="PRP" wid="1">he</w>
  <w id="2" lemma="|have|" pos="VBD" wid="2">had</w>
  <w id="3" lemma="|finish|" pos="VBN" wid="3">finished</w>
  <w id="4" lemma="|,|" pos="," wid="4">,</w>
  <w id="5" lemma="|one|" pos="CD" wid="5">one</w>
  <w id="6" lemma="|of|" pos="IN" wid="6">of</w>
  <w id="7" lemma="|they|" pos="PRP" wid="7">them</w>
  <w id="8" lemma="|say|" pos="VBD" wid="8">said</w>
  <w id="9" lemma="|to|" pos="TO" wid="9">to</w>
  <w id="10" lemma="|he|" pos="PRP" wid="10">him</w>
  <w id="11" lemma="|:|" pos=":" wid="11">:</w>
  <w id="12" lemma="|``|" pos="``" wid="12">``</w>
  <w id="13" lemma="|Lord|" pos="NNP" wid="13">Lord</w>
  <w id="14" lemma="|,|" pos="," wid="14">,</w>
  <w id="15" lemma="|teach|" pos="VB" wid="15">teach</w>
  <w id="16" lemma="|we|" pos="PRP" wid="16">us</w>
  <w id="17" lemma="|to|" pos="TO" wid="17">to</w>
  <w id="18" lemma="|pray|" pos="VB" wid="18">pray</w>
  <w id="19" lemma="|''|" pos="''" wid="19">''</w>
  <w id="20" lemma="|-lrb-|" pos="-LRB-" wid="20">-LRB-</w>
  <w id="21" lemma="|lk|" pos="NN" wid="21">Lk</w>
  <w id="22" lemma="|11|" pos="CD" wid="22">11</w>
  <w id="23" lemma="|:|" pos=":" wid="23">:</w>
  <w id="24" lemma="|1|" pos="LS" wid="24">1</w>
  <w id="25" lemma="|-rrb-|" pos="-RRB-" wid="25">-RRB-</w>
  <w id="26" lemma="|.|" pos="." wid="26">.</w>
</sentence>
<sentence id="2">
  <w id="0" lemma="|Jesus|" pos="NNP" wid="0">Jesus</w>
  <w id="1" lemma="|have|" pos="VBD" wid="1">had</w>
  <w id="2" lemma="|no|" pos="DT" wid="2">no</w>
  <w id="3" lemma="|objection|" pos="NN" wid="3">objection</w>
  <w id="4" lemma="|,|" pos="," wid="4">,</w>
  <w id="5" lemma="|he|" pos="PRP" wid="5">he</w>
  <w id="6" lemma="|do|" pos="VBD" wid="6">did</w>
  <w id="7" lemma="|not|" pos="RB" wid="7">not</w>
  <w id="8" lemma="|speak|" pos="VB" wid="8">speak</w>
  <w id="9" lemma="|of|" pos="IN" wid="9">of</w>
  <w id="10" lemma="|strange|" pos="JJ" wid="10">strange</w>
  <w id="11" lemma="|or|" pos="CC" wid="11">or</w>
  <w id="12" lemma="|esoteric|" pos="JJ" wid="12">esoteric</w>
  <w id="13" lemma="|formula|" pos="NNS" wid="13">formulas</w>
  <w id="14" lemma="|but|" pos="CC" wid="14">but</w>
  <w id="15" lemma="|very|" pos="RB" wid="15">very</w>
  <w id="16" lemma="|simply|" pos="RB" wid="16">simply</w>
  <w id="17" lemma="|say|" pos="VBD" wid="17">said</w>
  <w id="18" lemma="|:|" pos=":" wid="18">:</w>
  <w id="19" lemma="|``|" pos="``" wid="19">``</w>
  <w id="20" lemma="|when|" pos="WRB" wid="20">When</w>
  <w id="21" lemma="|you|" pos="PRP" wid="21">you</w>
  <w id="22" lemma="|pray|" pos="VBP" wid="22">pray</w>
  <w id="23" lemma="|,|" pos="," wid="23">,</w>
  <w id="24" lemma="|say|" pos="VBP" wid="24">say</w>
  <w id="25" lemma="|:|" pos=":" wid="25">:</w>
  <w id="26" lemma="|``|" pos="``" wid="26">``</w>
  <w id="27" lemma="|Father|" pos="NNP" wid="27">Father</w>
  <w id="28" lemma="|'|" pos="''" wid="28">'</w>
  <w id="29" lemma="|``|" pos="``" wid="29">``</w>
  <w id="30" lemma="|,|" pos="," wid="30">,</w>
  <w id="31" lemma="|and|" pos="CC" wid="31">and</w>
  <w id="32" lemma="|he|" pos="PRP" wid="32">he</w>
  <w id="33" lemma="|teach|" pos="VBD" wid="33">taught</w>
  <w id="34" lemma="|the|" pos="DT" wid="34">the</w>
  <w id="35" lemma="|Our|" pos="NNP" wid="35">Our</w>
  <w id="36" lemma="|Father|" pos="NNP" wid="36">Father</w>
  <w id="37" lemma="|-lrb-|" pos="-LRB-" wid="37">-LRB-</w>
  <w id="38" lemma="|cf|" pos="FW" wid="38">cf</w>
  <w id="39" lemma="|.|" pos="." wid="39">.</w>
</sentence>
<sentence id="3">
  <w id="0" lemma="|lk|" pos="NN" wid="0">Lk</w>
  <w id="1" lemma="|11|" pos="CD" wid="1">11</w>
  <w id="2" lemma="|:|" pos=":" wid="2">:</w>
  <w id="3" lemma="|2-4|" pos="CD" wid="3">2-4</w>
  <w id="4" lemma="|-rrb-|" pos="-RRB-" wid="4">-RRB-</w>
  <w id="5" lemma="|,|" pos="," wid="5">,</w>
  <w id="6" lemma="|take|" pos="VBG" wid="6">taking</w>
  <w id="7" lemma="|it|" pos="PRP" wid="7">it</w>
  <w id="8" lemma="|from|" pos="IN" wid="8">from</w>
  <w id="9" lemma="|he|" pos="PRP$" wid="9">his</w>
  <w id="10" lemma="|own|" pos="JJ" wid="10">own</w>
  <w id="11" lemma="|prayer|" pos="NN" wid="11">prayer</w>
  <w id="12" lemma="|in|" pos="IN" wid="12">in</w>
  <w id="13" lemma="|which|" pos="WDT" wid="13">which</w>
  <w id="14" lemma="|he|" pos="PRP" wid="14">he</w>
  <w id="15" lemma="|himself|" pos="PRP" wid="15">himself</w>
  <w id="16" lemma="|speak|" pos="VBD" wid="16">spoke</w>
  <w id="17" lemma="|to|" pos="TO" wid="17">to</w>
  <w id="18" lemma="|God|" pos="NNP" wid="18">God</w>
  <w id="19" lemma="|,|" pos="," wid="19">,</w>
  <w id="20" lemma="|he|" pos="PRP$" wid="20">his</w>
  <w id="21" lemma="|Father|" pos="NNP" wid="21">Father</w>
  <w id="22" lemma="|.|" pos="." wid="22">.</w>
</sentence>
<sentence id="4">
  <w id="0" lemma="|St|" pos="NNP" wid="0">St</w>
  <w id="1" lemma="|Luke|" pos="NNP" wid="1">Luke</w>
  <w id="2" lemma="|pass|" pos="VBZ" wid="2">passes</w>
  <w id="3" lemma="|the|" pos="DT" wid="3">the</w>
  <w id="4" lemma="|Our|" pos="NNP" wid="4">Our</w>
  <w id="5" lemma="|Father|" pos="NNP" wid="5">Father</w>
  <w id="6" lemma="|on|" pos="IN" wid="6">on</w>
  <w id="7" lemma="|to|" pos="TO" wid="7">to</w>
  <w id="8" lemma="|we|" pos="PRP" wid="8">us</w>
  <w id="9" lemma="|in|" pos="IN" wid="9">in</w>
  <w id="10" lemma="|a|" pos="DT" wid="10">a</w>
  <w id="11" lemma="|shorter|" pos="JJR" wid="11">shorter</w>
  <w id="12" lemma="|form|" pos="NN" wid="12">form</w>
  <w id="13" lemma="|than|" pos="IN" wid="13">than</w>
  <w id="14" lemma="|that|" pos="DT" wid="14">that</w>
  <w id="15" lemma="|find|" pos="VBN" wid="15">found</w>
  <w id="16" lemma="|in|" pos="IN" wid="16">in</w>
  <w id="17" lemma="|the|" pos="DT" wid="17">the</w>
  <w id="18" lemma="|Gospel|" pos="NNP" wid="18">Gospel</w>
  <w id="19" lemma="|accord|" pos="VBG" wid="19">according</w>
  <w id="20" lemma="|to|" pos="TO" wid="20">to</w>
  <w id="21" lemma="|St|" pos="NNP" wid="21">St</w>
  <w id="22" lemma="|Matthew|" pos="NNP" wid="22">Matthew</w>
  <w id="23" lemma="|,|" pos="," wid="23">,</w>
  <w id="24" lemma="|which|" pos="WDT" wid="24">which</w>
  <w id="25" lemma="|have|" pos="VBZ" wid="25">has</w>
  <w id="26" lemma="|enter|" pos="VBN" wid="26">entered</w>
  <w id="27" lemma="|into|" pos="IN" wid="27">into</w>
  <w id="28" lemma="|common|" pos="JJ" wid="28">common</w>
  <w id="29" lemma="|usage|" pos="NN" wid="29">usage</w>
  <w id="30" lemma="|.|" pos="." wid="30">.</w>
</sentence>
<sentence id="5">
  <w id="0" lemma="|we|" pos="PRP" wid="0">We</w>
  <w id="1" lemma="|have|" pos="VBP" wid="1">have</w>
  <w id="2" lemma="|before|" pos="IN" wid="2">before</w>
  <w id="3" lemma="|we|" pos="PRP" wid="3">us</w>
  <w id="4" lemma="|the|" pos="DT" wid="4">the</w>
  <w id="5" lemma="|first|" pos="JJ" wid="5">first</w>
  <w id="6" lemma="|word|" pos="NNS" wid="6">words</w>
  <w id="7" lemma="|of|" pos="IN" wid="7">of</w>
  <w id="8" lemma="|Sacred|" pos="NNP" wid="8">Sacred</w>
  <w id="9" lemma="|Scripture|" pos="NNP" wid="9">Scripture</w>
  <w id="10" lemma="|that|" pos="IN" wid="10">that</w>
  <w id="11" lemma="|we|" pos="PRP" wid="11">we</w>
  <w id="12" lemma="|learn|" pos="VBP" wid="12">learn</w>
  <w id="13" lemma="|in|" pos="IN" wid="13">in</w>
  <w id="14" lemma="|childhood|" pos="NN" wid="14">childhood</w>
  <w id="15" lemma="|.|" pos="." wid="15">.</w>
</sentence>
<sentence id="6">
  <w id="0" lemma="|they|" pos="PRP" wid="0">They</w>
  <w id="1" lemma="|be|" pos="VBP" wid="1">are</w>
  <w id="2" lemma="|impress|" pos="VBN" wid="2">impressed</w>
  <w id="3" lemma="|in|" pos="IN" wid="3">in</w>
  <w id="4" lemma="|we|" pos="PRP$" wid="4">our</w>
  <w id="5" lemma="|memory|" pos="NN" wid="5">memory</w>
  <w id="6" lemma="|,|" pos="," wid="6">,</w>
  <w id="7" lemma="|mould|" pos="VB" wid="7">mould</w>
  <w id="8" lemma="|we|" pos="PRP$" wid="8">our</w>
  <w id="9" lemma="|life|" pos="NN" wid="9">life</w>
  <w id="10" lemma="|and|" pos="CC" wid="10">and</w>
  <w id="11" lemma="|accompany|" pos="VB" wid="11">accompany</w>
  <w id="12" lemma="|we|" pos="PRP" wid="12">us</w>
  <w id="13" lemma="|to|" pos="TO" wid="13">to</w>
  <w id="14" lemma="|we|" pos="PRP$" wid="14">our</w>
  <w id="15" lemma="|last|" pos="JJ" wid="15">last</w>
  <w id="16" lemma="|breath|" pos="NN" wid="16">breath</w>
  <w id="17" lemma="|.|" pos="." wid="17">.</w>
</sentence>
<sentence id="7">
  <w id="0" lemma="|they|" pos="PRP" wid="0">They</w>
  <w id="1" lemma="|reveal|" pos="VBP" wid="1">reveal</w>
  <w id="2" lemma="|that|" pos="IN" wid="2">that</w>
  <w id="3" lemma="|``|" pos="``" wid="3">``</w>
  <w id="4" lemma="|we|" pos="PRP" wid="4">we</w>
  <w id="5" lemma="|be|" pos="VBP" wid="5">are</w>
  <w id="6" lemma="|not|" pos="RB" wid="6">not</w>
  <w id="7" lemma="|ready-made|" pos="JJ" wid="7">ready-made</w>
  <w id="8" lemma="|child|" pos="NNS" wid="8">children</w>
  <w id="9" lemma="|of|" pos="IN" wid="9">of</w>
  <w id="10" lemma="|God|" pos="NNP" wid="10">God</w>
  <w id="11" lemma="|from|" pos="IN" wid="11">from</w>
  <w id="12" lemma="|the|" pos="DT" wid="12">the</w>
  <w id="13" lemma="|start|" pos="NN" wid="13">start</w>
  <w id="14" lemma="|,|" pos="," wid="14">,</w>
  <w id="15" lemma="|but|" pos="CC" wid="15">but</w>
  <w id="16" lemma="|that|" pos="IN" wid="16">that</w>
  <w id="17" lemma="|we|" pos="PRP" wid="17">we</w>
  <w id="18" lemma="|be|" pos="VBP" wid="18">are</w>
  <w id="19" lemma="|mean|" pos="VBN" wid="19">meant</w>
  <w id="20" lemma="|to|" pos="TO" wid="20">to</w>
  <w id="21" lemma="|become|" pos="VB" wid="21">become</w>
  <w id="22" lemma="|so|" pos="RB" wid="22">so</w>
  <w id="23" lemma="|increasingly|" pos="RB" wid="23">increasingly</w>
  <w id="24" lemma="|by|" pos="IN" wid="24">by</w>
  <w id="25" lemma="|grow|" pos="VBG" wid="25">growing</w>
  <w id="26" lemma="|more|" pos="JJR" wid="26">more</w>
  <w id="27" lemma="|and|" pos="CC" wid="27">and</w>
  <w id="28" lemma="|more|" pos="RBR" wid="28">more</w>
  <w id="29" lemma="|deeply|" pos="RB" wid="29">deeply</w>
  <w id="30" lemma="|in|" pos="IN" wid="30">in</w>
  <w id="31" lemma="|communion|" pos="NN" wid="31">communion</w>
  <w id="32" lemma="|with|" pos="IN" wid="32">with</w>
  <w id="33" lemma="|Jesus|" pos="NNP" wid="33">Jesus</w>
  <w id="34" lemma="|.|" pos="." wid="34">.</w>
</sentence>
<sentence id="8">
  <w id="0" lemma="|we|" pos="PRP$" wid="0">Our</w>
  <w id="1" lemma="|sonship|" pos="NN" wid="1">sonship</w>
  <w id="2" lemma="|turn|" pos="VBZ" wid="2">turns</w>
  <w id="3" lemma="|out|" pos="RP" wid="3">out</w>
  <w id="4" lemma="|to|" pos="TO" wid="4">to</w>
  <w id="5" lemma="|be|" pos="VB" wid="5">be</w>
  <w id="6" lemma="|identical|" pos="JJ" wid="6">identical</w>
  <w id="7" lemma="|with|" pos="IN" wid="7">with</w>
  <w id="8" lemma="|follow|" pos="VBG" wid="8">following</w>
  <w id="9" lemma="|Christ|" pos="NNP" wid="9">Christ</w>
  <w id="10" lemma="|''|" pos="''" wid="10">''</w>
  <w id="11" lemma="|-lrb-|" pos="-LRB-" wid="11">-LRB-</w>
  <w id="12" lemma="|Benedict|" pos="NNP" wid="12">Benedict</w>
  <w id="13" lemma="|XVI|" pos="NNP" wid="13">XVI</w>
  <w id="14" lemma="|,|" pos="," wid="14">,</w>
  <w id="15" lemma="|Jesus|" pos="NNP" wid="15">Jesus</w>
  <w id="16" lemma="|of|" pos="IN" wid="16">of</w>
  <w id="17" lemma="|Nazareth|" pos="NNP" wid="17">Nazareth</w>
  <w id="18" lemma="|-lsb-|" pos="-LRB-" wid="18">-LSB-</w>
  <w id="19" lemma="|English|" pos="NNP" wid="19">English</w>
  <w id="20" lemma="|translation|" pos="NN" wid="20">translation</w>
  <w id="21" lemma="|-rsb-|" pos="-RRB-" wid="21">-RSB-</w>
  <w id="22" lemma="|,|" pos="," wid="22">,</w>
  <w id="23" lemma="|Doubleday|" pos="NNP" wid="23">Doubleday</w>
  <w id="24" lemma="|,|" pos="," wid="24">,</w>
  <w id="25" lemma="|2007|" pos="CD" wid="25">2007</w>
  <w id="26" lemma="|,|" pos="," wid="26">,</w>
  <w id="27" lemma="|p.|" pos="NN" wid="27">p.</w>
  <w id="28" lemma="|138|" pos="CD" wid="28">138</w>
  <w id="29" lemma="|-rrb-|" pos="-RRB-" wid="29">-RRB-</w>
  <w id="30" lemma="|.|" pos="." wid="30">.</w>
</sentence>
<sentence id="9">
  <w id="0" lemma="|this|" pos="DT" wid="0">This</w>
  <w id="1" lemma="|prayer|" pos="NN" wid="1">prayer</w>
  <w id="2" lemma="|also|" pos="RB" wid="2">also</w>
  <w id="3" lemma="|accept|" pos="VBZ" wid="3">accepts</w>
  <w id="4" lemma="|and|" pos="CC" wid="4">and</w>
  <w id="5" lemma="|express|" pos="VBZ" wid="5">expresses</w>
  <w id="6" lemma="|human|" pos="JJ" wid="6">human</w>
  <w id="7" lemma="|material|" pos="NN" wid="7">material</w>
  <w id="8" lemma="|and|" pos="CC" wid="8">and</w>
  <w id="9" lemma="|spiritual|" pos="JJ" wid="9">spiritual</w>
  <w id="10" lemma="|need|" pos="NNS" wid="10">needs</w>
  <w id="11" lemma="|:|" pos=":" wid="11">:</w>
  <w id="12" lemma="|``|" pos="``" wid="12">``</w>
  <w id="13" lemma="|give|" pos="VB" wid="13">Give</w>
  <w id="14" lemma="|we|" pos="PRP" wid="14">us</w>
  <w id="15" lemma="|each|" pos="DT" wid="15">each</w>
  <w id="16" lemma="|day|" pos="NN" wid="16">day</w>
  <w id="17" lemma="|we|" pos="PRP$" wid="17">our</w>
  <w id="18" lemma="|daily|" pos="JJ" wid="18">daily</w>
  <w id="19" lemma="|bread|" pos="NN" wid="19">bread</w>
  <w id="20" lemma="|;|" pos=":" wid="20">;</w>
  <w id="21" lemma="|and|" pos="CC" wid="21">and</w>
  <w id="22" lemma="|forgive|" pos="VB" wid="22">forgive</w>
  <w id="23" lemma="|we|" pos="PRP" wid="23">us</w>
  <w id="24" lemma="|we|" pos="PRP$" wid="24">our</w>
  <w id="25" lemma="|sin|" pos="NNS" wid="25">sins</w>
  <w id="26" lemma="|''|" pos="''" wid="26">''</w>
  <w id="27" lemma="|-lrb-|" pos="-LRB-" wid="27">-LRB-</w>
  <w id="28" lemma="|lk|" pos="NN" wid="28">Lk</w>
  <w id="29" lemma="|11|" pos="CD" wid="29">11</w>
  <w id="30" lemma="|:|" pos=":" wid="30">:</w>
  <w id="31" lemma="|3-4|" pos="CD" wid="31">3-4</w>
  <w id="32" lemma="|-rrb-|" pos="-RRB-" wid="32">-RRB-</w>
  <w id="33" lemma="|.|" pos="." wid="33">.</w>
</sentence>
<sentence id="10">
  <w id="0" lemma="|it|" pos="PRP" wid="0">It</w>
  <w id="1" lemma="|be|" pos="VBZ" wid="1">is</w>
  <w id="2" lemma="|precisely|" pos="RB" wid="2">precisely</w>
  <w id="3" lemma="|because|" pos="IN" wid="3">because</w>
  <w id="4" lemma="|of|" pos="IN" wid="4">of</w>
  <w id="5" lemma="|the|" pos="DT" wid="5">the</w>
  <w id="6" lemma="|need|" pos="NNS" wid="6">needs</w>
  <w id="7" lemma="|and|" pos="CC" wid="7">and</w>
  <w id="8" lemma="|difficulty|" pos="NNS" wid="8">difficulties</w>
  <w id="9" lemma="|of|" pos="IN" wid="9">of</w>
  <w id="10" lemma="|every|" pos="DT" wid="10">every</w>
  <w id="11" lemma="|day|" pos="NN" wid="11">day</w>
  <w id="12" lemma="|that|" pos="IN" wid="12">that</w>
  <w id="13" lemma="|Jesus|" pos="NNP" wid="13">Jesus</w>
  <w id="14" lemma="|exhort|" pos="VBZ" wid="14">exhorts</w>
  <w id="15" lemma="|we|" pos="PRP" wid="15">us</w>
  <w id="16" lemma="|forcefully|" pos="RB" wid="16">forcefully</w>
  <w id="17" lemma="|:|" pos=":" wid="17">:</w>
  <w id="18" lemma="|``|" pos="``" wid="18">``</w>
  <w id="19" lemma="|I|" pos="PRP" wid="19">I</w>
  <w id="20" lemma="|tell|" pos="VBP" wid="20">tell</w>
  <w id="21" lemma="|you|" pos="PRP" wid="21">you</w>
  <w id="22" lemma="|,|" pos="," wid="22">,</w>
  <w id="23" lemma="|ask|" pos="VB" wid="23">ask</w>
  <w id="24" lemma="|,|" pos="," wid="24">,</w>
  <w id="25" lemma="|and|" pos="CC" wid="25">and</w>
  <w id="26" lemma="|it|" pos="PRP" wid="26">it</w>
  <w id="27" lemma="|will|" pos="MD" wid="27">will</w>
  <w id="28" lemma="|be|" pos="VB" wid="28">be</w>
  <w id="29" lemma="|give|" pos="VBN" wid="29">given</w>
  <w id="30" lemma="|you|" pos="PRP" wid="30">you</w>
  <w id="31" lemma="|;|" pos=":" wid="31">;</w>
  <w id="32" lemma="|seek|" pos="VB" wid="32">seek</w>
  <w id="33" lemma="|,|" pos="," wid="33">,</w>
  <w id="34" lemma="|and|" pos="CC" wid="34">and</w>
  <w id="35" lemma="|you|" pos="PRP" wid="35">you</w>
  <w id="36" lemma="|will|" pos="MD" wid="36">will</w>
  <w id="37" lemma="|find|" pos="VB" wid="37">find</w>
  <w id="38" lemma="|;|" pos=":" wid="38">;</w>
  <w id="39" lemma="|knock|" pos="VB" wid="39">knock</w>
  <w id="40" lemma="|,|" pos="," wid="40">,</w>
  <w id="41" lemma="|and|" pos="CC" wid="41">and</w>
  <w id="42" lemma="|it|" pos="PRP" wid="42">it</w>
  <w id="43" lemma="|will|" pos="MD" wid="43">will</w>
  <w id="44" lemma="|be|" pos="VB" wid="44">be</w>
  <w id="45" lemma="|open|" pos="VBN" wid="45">opened</w>
  <w id="46" lemma="|to|" pos="TO" wid="46">to</w>
  <w id="47" lemma="|you|" pos="PRP" wid="47">you</w>
  <w id="48" lemma="|.|" pos="." wid="48">.</w>
</sentence>
<sentence id="11">
  <w id="0" lemma="|for|" pos="IN" wid="0">For</w>
  <w id="1" lemma="|every|" pos="DT" wid="1">every</w>
  <w id="2" lemma="|one|" pos="NN" wid="2">one</w>
  <w id="3" lemma="|who|" pos="WP" wid="3">who</w>
  <w id="4" lemma="|ask|" pos="VBZ" wid="4">asks</w>
  <w id="5" lemma="|receive|" pos="VBZ" wid="5">receives</w>
  <w id="6" lemma="|,|" pos="," wid="6">,</w>
  <w id="7" lemma="|and|" pos="CC" wid="7">and</w>
  <w id="8" lemma="|he|" pos="PRP" wid="8">he</w>
  <w id="9" lemma="|who|" pos="WP" wid="9">who</w>
  <w id="10" lemma="|seek|" pos="VBZ" wid="10">seeks</w>
  <w id="11" lemma="|find|" pos="NNS" wid="11">finds</w>
  <w id="12" lemma="|,|" pos="," wid="12">,</w>
  <w id="13" lemma="|and|" pos="CC" wid="13">and</w>
  <w id="14" lemma="|to|" pos="TO" wid="14">to</w>
  <w id="15" lemma="|he|" pos="PRP" wid="15">him</w>
  <w id="16" lemma="|who|" pos="WP" wid="16">who</w>
  <w id="17" lemma="|knock|" pos="VBZ" wid="17">knocks</w>
  <w id="18" lemma="|it|" pos="PRP" wid="18">it</w>
  <w id="19" lemma="|will|" pos="MD" wid="19">will</w>
  <w id="20" lemma="|be|" pos="VB" wid="20">be</w>
  <w id="21" lemma="|open|" pos="VBN" wid="21">opened</w>
  <w id="22" lemma="|''|" pos="''" wid="22">''</w>
  <w id="23" lemma="|-lrb-|" pos="-LRB-" wid="23">-LRB-</w>
  <w id="24" lemma="|lk|" pos="NN" wid="24">Lk</w>
  <w id="25" lemma="|11|" pos="CD" wid="25">11</w>
  <w id="26" lemma="|:|" pos=":" wid="26">:</w>
  <w id="27" lemma="|9-10|" pos="CD" wid="27">9-10</w>
  <w id="28" lemma="|-rrb-|" pos="-RRB-" wid="28">-RRB-</w>
  <w id="29" lemma="|.|" pos="." wid="29">.</w>
</sentence>
<sentence id="12">
  <w id="0" lemma="|it|" pos="PRP" wid="0">It</w>
  <w id="1" lemma="|be|" pos="VBZ" wid="1">is</w>
  <w id="2" lemma="|not|" pos="RB" wid="2">not</w>
  <w id="3" lemma="|so|" pos="RB" wid="3">so</w>
  <w id="4" lemma="|much|" pos="JJ" wid="4">much</w>
  <w id="5" lemma="|asking|" pos="NN" wid="5">asking</w>
  <w id="6" lemma="|in|" pos="IN" wid="6">in</w>
  <w id="7" lemma="|order|" pos="NN" wid="7">order</w>
  <w id="8" lemma="|to|" pos="TO" wid="8">to</w>
  <w id="9" lemma="|satisfy|" pos="VB" wid="9">satisfy</w>
  <w id="10" lemma="|we|" pos="PRP$" wid="10">our</w>
  <w id="11" lemma="|own|" pos="JJ" wid="11">own</w>
  <w id="12" lemma="|desire|" pos="NNS" wid="12">desires</w>
  <w id="13" lemma="|as|" pos="IN" wid="13">as</w>
  <w id="14" lemma="|,|" pos="," wid="14">,</w>
  <w id="15" lemma="|rather|" pos="RB" wid="15">rather</w>
  <w id="16" lemma="|,|" pos="," wid="16">,</w>
  <w id="17" lemma="|to|" pos="TO" wid="17">to</w>
  <w id="18" lemma="|keep|" pos="VB" wid="18">keep</w>
  <w id="19" lemma="|a|" pos="DT" wid="19">a</w>
  <w id="20" lemma="|lively|" pos="JJ" wid="20">lively</w>
  <w id="21" lemma="|friendship|" pos="NN" wid="21">friendship</w>
  <w id="22" lemma="|with|" pos="IN" wid="22">with</w>
  <w id="23" lemma="|God|" pos="NNP" wid="23">God</w>
  <w id="24" lemma="|who|" pos="WP" wid="24">who</w>
  <w id="25" lemma="|,|" pos="," wid="25">,</w>
  <w id="26" lemma="|the|" pos="DT" wid="26">the</w>
  <w id="27" lemma="|Gospel|" pos="NNP" wid="27">Gospel</w>
  <w id="28" lemma="|continue|" pos="VBZ" wid="28">continues</w>
  <w id="29" lemma="|,|" pos="," wid="29">,</w>
  <w id="30" lemma="|``|" pos="``" wid="30">``</w>
  <w id="31" lemma="|will|" pos="MD" wid="31">will</w>
  <w id="32" lemma="|give|" pos="VB" wid="32">give</w>
  <w id="33" lemma="|the|" pos="DT" wid="33">the</w>
  <w id="34" lemma="|holy|" pos="JJ" wid="34">Holy</w>
  <w id="35" lemma="|spirit|" pos="NN" wid="35">Spirit</w>
  <w id="36" lemma="|to|" pos="TO" wid="36">to</w>
  <w id="37" lemma="|those|" pos="DT" wid="37">those</w>
  <w id="38" lemma="|who|" pos="WP" wid="38">who</w>
  <w id="39" lemma="|ask|" pos="VBP" wid="39">ask</w>
  <w id="40" lemma="|he|" pos="PRP" wid="40">him</w>
  <w id="41" lemma="|!|" pos="." wid="41">!</w>
  <w id="42" lemma="|''|" pos="''" wid="42">''</w>
</sentence>
<sentence id="13">
  <w id="0" lemma="|-lrb-|" pos="-LRB-" wid="0">-LRB-</w>
  <w id="1" lemma="|lk|" pos="NN" wid="1">Lk</w>
  <w id="2" lemma="|11|" pos="CD" wid="2">11</w>
  <w id="3" lemma="|:|" pos=":" wid="3">:</w>
  <w id="4" lemma="|13|" pos="CD" wid="4">13</w>
  <w id="5" lemma="|-rrb-|" pos="-RRB-" wid="5">-RRB-</w>
  <w id="6" lemma="|.|" pos="." wid="6">.</w>
</sentence>
<sentence id="14">
  <w id="0" lemma="|the|" pos="DT" wid="0">The</w>
  <w id="1" lemma="|ancient|" pos="JJ" wid="1">ancient</w>
  <w id="2" lemma="|``|" pos="``" wid="2">``</w>
  <w id="3" lemma="|desert|" pos="NN" wid="3">Desert</w>
  <w id="4" lemma="|father|" pos="NNS" wid="4">Fathers</w>
  <w id="5" lemma="|''|" pos="''" wid="5">''</w>
  <w id="6" lemma="|experience|" pos="VBD" wid="6">experienced</w>
  <w id="7" lemma="|this|" pos="DT" wid="7">this</w>
  <w id="8" lemma="|,|" pos="," wid="8">,</w>
  <w id="9" lemma="|as|" pos="IN" wid="9">as</w>
  <w id="10" lemma="|do|" pos="VBD" wid="10">did</w>
  <w id="11" lemma="|contemplative|" pos="NNS" wid="11">contemplatives</w>
  <w id="12" lemma="|of|" pos="IN" wid="12">of</w>
  <w id="13" lemma="|all|" pos="DT" wid="13">all</w>
  <w id="14" lemma="|epoch|" pos="NNS" wid="14">epochs</w>
  <w id="15" lemma="|who|" pos="WP" wid="15">who</w>
  <w id="16" lemma="|become|" pos="VBD" wid="16">became</w>
  <w id="17" lemma="|,|" pos="," wid="17">,</w>
  <w id="18" lemma="|through|" pos="IN" wid="18">through</w>
  <w id="19" lemma="|prayer|" pos="NN" wid="19">prayer</w>
  <w id="20" lemma="|,|" pos="," wid="20">,</w>
  <w id="21" lemma="|friend|" pos="NNS" wid="21">friends</w>
  <w id="22" lemma="|of|" pos="IN" wid="22">of</w>
  <w id="23" lemma="|God|" pos="NNP" wid="23">God</w>
  <w id="24" lemma="|,|" pos="," wid="24">,</w>
  <w id="25" lemma="|like|" pos="IN" wid="25">like</w>
  <w id="26" lemma="|Abraham|" pos="NNP" wid="26">Abraham</w>
  <w id="27" lemma="|who|" pos="WP" wid="27">who</w>
  <w id="28" lemma="|beg|" pos="VBD" wid="28">begged</w>
  <w id="29" lemma="|the|" pos="DT" wid="29">the</w>
  <w id="30" lemma="|Lord|" pos="NNP" wid="30">Lord</w>
  <w id="31" lemma="|to|" pos="TO" wid="31">to</w>
  <w id="32" lemma="|spare|" pos="VB" wid="32">spare</w>
  <w id="33" lemma="|the|" pos="DT" wid="33">the</w>
  <w id="34" lemma="|few|" pos="JJ" wid="34">few</w>
  <w id="35" lemma="|righteous|" pos="NNS" wid="35">righteous</w>
  <w id="36" lemma="|from|" pos="IN" wid="36">from</w>
  <w id="37" lemma="|the|" pos="DT" wid="37">the</w>
  <w id="38" lemma="|destruction|" pos="NN" wid="38">destruction</w>
  <w id="39" lemma="|of|" pos="IN" wid="39">of</w>
  <w id="40" lemma="|the|" pos="DT" wid="40">the</w>
  <w id="41" lemma="|city|" pos="NN" wid="41">city</w>
  <w id="42" lemma="|of|" pos="IN" wid="42">of</w>
  <w id="43" lemma="|sodom|" pos="NN" wid="43">Sodom</w>
  <w id="44" lemma="|-lrb-|" pos="-LRB-" wid="44">-LRB-</w>
  <w id="45" lemma="|cf|" pos="NN" wid="45">cf</w>
  <w id="46" lemma="|.|" pos="." wid="46">.</w>
</sentence>
<sentence id="15">
  <w id="0" lemma="|gen|" pos="NN" wid="0">Gen</w>
  <w id="1" lemma="|18|" pos="CD" wid="1">18</w>
  <w id="2" lemma="|:|" pos=":" wid="2">:</w>
  <w id="3" lemma="|21-32|" pos="CD" wid="3">21-32</w>
  <w id="4" lemma="|-rrb-|" pos="-RRB-" wid="4">-RRB-</w>
  <w id="5" lemma="|.|" pos="." wid="5">.</w>
</sentence>
<sentence id="16">
  <w id="0" lemma="|St|" pos="NNP" wid="0">St</w>
  <w id="1" lemma="|Teresa|" pos="NNP" wid="1">Teresa</w>
  <w id="2" lemma="|of|" pos="IN" wid="2">of</w>
  <w id="3" lemma="|Avila|" pos="NNP" wid="3">Avila</w>
  <w id="4" lemma="|address|" pos="VBD" wid="4">addressed</w>
  <w id="5" lemma="|a|" pos="DT" wid="5">an</w>
  <w id="6" lemma="|invitation|" pos="NN" wid="6">invitation</w>
  <w id="7" lemma="|to|" pos="TO" wid="7">to</w>
  <w id="8" lemma="|she|" pos="PRP$" wid="8">her</w>
  <w id="9" lemma="|sister|" pos="NNS" wid="9">sisters</w>
  <w id="10" lemma="|with|" pos="IN" wid="10">with</w>
  <w id="11" lemma="|the|" pos="DT" wid="11">the</w>
  <w id="12" lemma="|word|" pos="NNS" wid="12">words</w>
  <w id="13" lemma="|:|" pos=":" wid="13">:</w>
  <w id="14" lemma="|we|" pos="PRP" wid="14">we</w>
  <w id="15" lemma="|must|" pos="MD" wid="15">must</w>
  <w id="16" lemma="|``|" pos="``" wid="16">``</w>
  <w id="17" lemma="|beseech|" pos="VB" wid="17">beseech</w>
  <w id="18" lemma="|God|" pos="NNP" wid="18">God</w>
  <w id="19" lemma="|to|" pos="TO" wid="19">to</w>
  <w id="20" lemma="|deliver|" pos="VB" wid="20">deliver</w>
  <w id="21" lemma="|we|" pos="PRP" wid="21">us</w>
  <w id="22" lemma="|from|" pos="IN" wid="22">from</w>
  <w id="23" lemma="|these|" pos="DT" wid="23">these</w>
  <w id="24" lemma="|peril|" pos="NNS" wid="24">perils</w>
  <w id="25" lemma="|for|" pos="IN" wid="25">for</w>
  <w id="26" lemma="|ever|" pos="RB" wid="26">ever</w>
  <w id="27" lemma="|and|" pos="CC" wid="27">and</w>
  <w id="28" lemma="|to|" pos="TO" wid="28">to</w>
  <w id="29" lemma="|keep|" pos="VB" wid="29">keep</w>
  <w id="30" lemma="|we|" pos="PRP" wid="30">us</w>
  <w id="31" lemma="|from|" pos="IN" wid="31">from</w>
  <w id="32" lemma="|all|" pos="DT" wid="32">all</w>
  <w id="33" lemma="|evil|" pos="NN" wid="33">evil</w>
  <w id="34" lemma="|!|" pos="." wid="34">!</w>
</sentence>
<sentence id="17">
  <w id="0" lemma="|and|" pos="CC" wid="0">And</w>
  <w id="1" lemma="|although|" pos="IN" wid="1">although</w>
  <w id="2" lemma="|we|" pos="PRP$" wid="2">our</w>
  <w id="3" lemma="|desire|" pos="NN" wid="3">desire</w>
  <w id="4" lemma="|for|" pos="IN" wid="4">for</w>
  <w id="5" lemma="|this|" pos="DT" wid="5">this</w>
  <w id="6" lemma="|may|" pos="MD" wid="6">may</w>
  <w id="7" lemma="|not|" pos="RB" wid="7">not</w>
  <w id="8" lemma="|be|" pos="VB" wid="8">be</w>
  <w id="9" lemma="|perfect|" pos="JJ" wid="9">perfect</w>
  <w id="10" lemma="|,|" pos="," wid="10">,</w>
  <w id="11" lemma="|let|" pos="VB" wid="11">let</w>
  <w id="12" lemma="|we|" pos="PRP" wid="12">us</w>
  <w id="13" lemma="|strive|" pos="VB" wid="13">strive</w>
  <w id="14" lemma="|to|" pos="TO" wid="14">to</w>
  <w id="15" lemma="|make|" pos="VB" wid="15">make</w>
  <w id="16" lemma="|the|" pos="DT" wid="16">the</w>
  <w id="17" lemma="|petition|" pos="NN" wid="17">petition</w>
  <w id="18" lemma="|.|" pos="." wid="18">.</w>
</sentence>
<sentence id="18">
  <w id="0" lemma="|what|" pos="WP" wid="0">What</w>
  <w id="1" lemma="|do|" pos="VBZ" wid="1">does</w>
  <w id="2" lemma="|it|" pos="PRP" wid="2">it</w>
  <w id="3" lemma="|cost|" pos="VB" wid="3">cost</w>
  <w id="4" lemma="|we|" pos="PRP" wid="4">us</w>
  <w id="5" lemma="|to|" pos="TO" wid="5">to</w>
  <w id="6" lemma="|ask|" pos="VB" wid="6">ask</w>
  <w id="7" lemma="|it|" pos="PRP" wid="7">it</w>
  <w id="8" lemma="|,|" pos="," wid="8">,</w>
  <w id="9" lemma="|since|" pos="IN" wid="9">since</w>
  <w id="10" lemma="|we|" pos="PRP" wid="10">we</w>
  <w id="11" lemma="|ask|" pos="VBP" wid="11">ask</w>
  <w id="12" lemma="|it|" pos="PRP" wid="12">it</w>
  <w id="13" lemma="|of|" pos="IN" wid="13">of</w>
  <w id="14" lemma="|one|" pos="NN" wid="14">One</w>
  <w id="15" lemma="|who|" pos="WP" wid="15">who</w>
  <w id="16" lemma="|be|" pos="VBZ" wid="16">is</w>
  <w id="17" lemma="|so|" pos="RB" wid="17">so</w>
  <w id="18" lemma="|powerful|" pos="JJ" wid="18">powerful</w>
  <w id="19" lemma="|?|" pos="." wid="19">?</w>
  <w id="20" lemma="|''|" pos="''" wid="20">''</w>
</sentence>
<sentence id="19">
  <w id="0" lemma="|-lrb-|" pos="-LRB-" wid="0">-LRB-</w>
  <w id="1" lemma="|Cammino|" pos="NNP" wid="1">Cammino</w>
  <w id="2" lemma="|,|" pos="," wid="2">,</w>
  <w id="3" lemma="|60|" pos="CD" wid="3">60</w>
  <w id="4" lemma="|-lrb-|" pos="-LRB-" wid="4">-LRB-</w>
  <w id="5" lemma="|34|" pos="CD" wid="5">34</w>
  <w id="6" lemma="|-rrb-|" pos="-RRB-" wid="6">-RRB-</w>
  <w id="7" lemma="|,|" pos="," wid="7">,</w>
  <w id="8" lemma="|4|" pos="CD" wid="8">4</w>
  <w id="9" lemma="|,|" pos="," wid="9">,</w>
  <w id="10" lemma="|in|" pos="IN" wid="10">in</w>
  <w id="11" lemma="|Opere|" pos="NNP" wid="11">Opere</w>
  <w id="12" lemma="|complete|" pos="JJ" wid="12">complete</w>
  <w id="13" lemma="|,|" pos="," wid="13">,</w>
  <w id="14" lemma="|Milan|" pos="NNP" wid="14">Milan</w>
  <w id="15" lemma="|1998|" pos="CD" wid="15">1998</w>
  <w id="16" lemma="|,|" pos="," wid="16">,</w>
  <w id="17" lemma="|p.|" pos="NN" wid="17">p.</w>
  <w id="18" lemma="|846|" pos="CD" wid="18">846</w>
  <w id="19" lemma="|-rrb-|" pos="-RRB-" wid="19">-RRB-</w>
  <w id="20" lemma="|-lsb-|" pos="-LRB-" wid="20">-LSB-</w>
  <w id="21" lemma="|title|" pos="NN" wid="21">title</w>
  <w id="22" lemma="|in|" pos="IN" wid="22">in</w>
  <w id="23" lemma="|English|" pos="NNP" wid="23">English</w>
  <w id="24" lemma="|:|" pos=":" wid="24">:</w>
  <w id="25" lemma="|the|" pos="DT" wid="25">The</w>
  <w id="26" lemma="|way|" pos="NN" wid="26">Way</w>
  <w id="27" lemma="|of|" pos="IN" wid="27">of</w>
  <w id="28" lemma="|perfection|" pos="NN" wid="28">Perfection</w>
  <w id="29" lemma="|-rsb-|" pos="-RRB-" wid="29">-RSB-</w>
  <w id="30" lemma="|.|" pos="." wid="30">.</w>
</sentence>
<sentence id="20">
  <w id="0" lemma="|every|" pos="DT" wid="0">Every</w>
  <w id="1" lemma="|time|" pos="NN" wid="1">time</w>
  <w id="2" lemma="|we|" pos="PRP" wid="2">we</w>
  <w id="3" lemma="|say|" pos="VBP" wid="3">say</w>
  <w id="4" lemma="|the|" pos="DT" wid="4">the</w>
  <w id="5" lemma="|Our|" pos="NNP" wid="5">Our</w>
  <w id="6" lemma="|Father|" pos="NNP" wid="6">Father</w>
  <w id="7" lemma="|we|" pos="PRP$" wid="7">our</w>
  <w id="8" lemma="|voice|" pos="NNS" wid="8">voices</w>
  <w id="9" lemma="|mingle|" pos="VBP" wid="9">mingle</w>
  <w id="10" lemma="|with|" pos="IN" wid="10">with</w>
  <w id="11" lemma="|the|" pos="DT" wid="11">the</w>
  <w id="12" lemma="|voice|" pos="NN" wid="12">voice</w>
  <w id="13" lemma="|of|" pos="IN" wid="13">of</w>
  <w id="14" lemma="|the|" pos="DT" wid="14">the</w>
  <w id="15" lemma="|Church|" pos="NNP" wid="15">Church</w>
  <w id="16" lemma="|,|" pos="," wid="16">,</w>
  <w id="17" lemma="|for|" pos="IN" wid="17">for</w>
  <w id="18" lemma="|those|" pos="DT" wid="18">those</w>
  <w id="19" lemma="|who|" pos="WP" wid="19">who</w>
  <w id="20" lemma="|pray|" pos="VBP" wid="20">pray</w>
  <w id="21" lemma="|be|" pos="VBP" wid="21">are</w>
  <w id="22" lemma="|never|" pos="RB" wid="22">never</w>
  <w id="23" lemma="|alone|" pos="RB" wid="23">alone</w>
  <w id="24" lemma="|.|" pos="." wid="24">.</w>
</sentence>
<sentence id="21">
  <w id="0" lemma="|``|" pos="``" wid="0">``</w>
  <w id="1" lemma="|from|" pos="IN" wid="1">From</w>
  <w id="2" lemma="|the|" pos="DT" wid="2">the</w>
  <w id="3" lemma="|rich|" pos="JJ" wid="3">rich</w>
  <w id="4" lemma="|variety|" pos="NN" wid="4">variety</w>
  <w id="5" lemma="|of|" pos="IN" wid="5">of</w>
  <w id="6" lemma="|christian|" pos="JJ" wid="6">Christian</w>
  <w id="7" lemma="|prayer|" pos="NN" wid="7">prayer</w>
  <w id="8" lemma="|as|" pos="IN" wid="8">as</w>
  <w id="9" lemma="|propose|" pos="VBN" wid="9">proposed</w>
  <w id="10" lemma="|by|" pos="IN" wid="10">by</w>
  <w id="11" lemma="|the|" pos="DT" wid="11">the</w>
  <w id="12" lemma="|Church|" pos="NNP" wid="12">Church</w>
  <w id="13" lemma="|,|" pos="," wid="13">,</w>
  <w id="14" lemma="|each|" pos="DT" wid="14">each</w>
  <w id="15" lemma="|member|" pos="NN" wid="15">member</w>
  <w id="16" lemma="|of|" pos="IN" wid="16">of</w>
  <w id="17" lemma="|the|" pos="DT" wid="17">the</w>
  <w id="18" lemma="|faithful|" pos="NN" wid="18">faithful</w>
  <w id="19" lemma="|should|" pos="MD" wid="19">should</w>
  <w id="20" lemma="|seek|" pos="VB" wid="20">seek</w>
  <w id="21" lemma="|and|" pos="CC" wid="21">and</w>
  <w id="22" lemma="|find|" pos="VB" wid="22">find</w>
  <w id="23" lemma="|he|" pos="PRP$" wid="23">his</w>
  <w id="24" lemma="|own|" pos="JJ" wid="24">own</w>
  <w id="25" lemma="|way|" pos="NN" wid="25">way</w>
  <w id="26" lemma="|,|" pos="," wid="26">,</w>
  <w id="27" lemma="|he|" pos="PRP$" wid="27">his</w>
  <w id="28" lemma="|own|" pos="JJ" wid="28">own</w>
  <w id="29" lemma="|form|" pos="NN" wid="29">form</w>
  <w id="30" lemma="|of|" pos="IN" wid="30">of</w>
  <w id="31" lemma="|prayer|" pos="NN" wid="31">prayer</w>
  <w id="32" lemma="|...|" pos=":" wid="32">...</w>
  <w id="33" lemma="|each|" pos="DT" wid="33">each</w>
  <w id="34" lemma="|person|" pos="NN" wid="34">person</w>
  <w id="35" lemma="|will|" pos="MD" wid="35">will</w>
  <w id="36" lemma="|,|" pos="," wid="36">,</w>
  <w id="37" lemma="|therefore|" pos="RB" wid="37">therefore</w>
  <w id="38" lemma="|,|" pos="," wid="38">,</w>
  <w id="39" lemma="|let|" pos="VB" wid="39">let</w>
  <w id="40" lemma="|himself|" pos="PRP" wid="40">himself</w>
  <w id="41" lemma="|be|" pos="VB" wid="41">be</w>
  <w id="42" lemma="|lead|" pos="VBN" wid="42">led</w>
  <w id="43" lemma="|...|" pos=":" wid="43">...</w>
  <w id="44" lemma="|by|" pos="IN" wid="44">by</w>
  <w id="45" lemma="|the|" pos="DT" wid="45">the</w>
  <w id="46" lemma="|Holy|" pos="NNP" wid="46">Holy</w>
  <w id="47" lemma="|Spirit|" pos="NNP" wid="47">Spirit</w>
  <w id="48" lemma="|,|" pos="," wid="48">,</w>
  <w id="49" lemma="|who|" pos="WP" wid="49">who</w>
  <w id="50" lemma="|guide|" pos="NNS" wid="50">guides</w>
  <w id="51" lemma="|he|" pos="PRP" wid="51">him</w>
  <w id="52" lemma="|,|" pos="," wid="52">,</w>
  <w id="53" lemma="|through|" pos="IN" wid="53">through</w>
  <w id="54" lemma="|Christ|" pos="NNP" wid="54">Christ</w>
  <w id="55" lemma="|,|" pos="," wid="55">,</w>
  <w id="56" lemma="|to|" pos="TO" wid="56">to</w>
  <w id="57" lemma="|the|" pos="DT" wid="57">the</w>
  <w id="58" lemma="|Father|" pos="NNP" wid="58">Father</w>
  <w id="59" lemma="|''|" pos="''" wid="59">''</w>
  <w id="60" lemma="|-lrb-|" pos="-LRB-" wid="60">-LRB-</w>
  <w id="61" lemma="|Congregation|" pos="NNP" wid="61">Congregation</w>
  <w id="62" lemma="|for|" pos="IN" wid="62">for</w>
  <w id="63" lemma="|the|" pos="DT" wid="63">the</w>
  <w id="64" lemma="|Doctrine|" pos="NNP" wid="64">Doctrine</w>
  <w id="65" lemma="|of|" pos="IN" wid="65">of</w>
  <w id="66" lemma="|the|" pos="DT" wid="66">the</w>
  <w id="67" lemma="|Faith|" pos="NNP" wid="67">Faith</w>
  <w id="68" lemma="|,|" pos="," wid="68">,</w>
  <w id="69" lemma="|Letter|" pos="NNP" wid="69">Letter</w>
  <w id="70" lemma="|to|" pos="TO" wid="70">to</w>
  <w id="71" lemma="|the|" pos="DT" wid="71">the</w>
  <w id="72" lemma="|bishop|" pos="NNS" wid="72">Bishops</w>
  <w id="73" lemma="|of|" pos="IN" wid="73">of</w>
  <w id="74" lemma="|the|" pos="DT" wid="74">the</w>
  <w id="75" lemma="|Catholic|" pos="NNP" wid="75">Catholic</w>
  <w id="76" lemma="|Church|" pos="NNP" wid="76">Church</w>
  <w id="77" lemma="|on|" pos="IN" wid="77">on</w>
  <w id="78" lemma="|some|" pos="DT" wid="78">some</w>
  <w id="79" lemma="|aspect|" pos="NNS" wid="79">aspects</w>
  <w id="80" lemma="|of|" pos="IN" wid="80">of</w>
  <w id="81" lemma="|christian|" pos="JJ" wid="81">Christian</w>
  <w id="82" lemma="|meditation|" pos="NN" wid="82">meditation</w>
  <w id="83" lemma="|,|" pos="," wid="83">,</w>
  <w id="84" lemma="|15|" pos="CD" wid="84">15</w>
  <w id="85" lemma="|October|" pos="NNP" wid="85">October</w>
  <w id="86" lemma="|1989|" pos="CD" wid="86">1989</w>
  <w id="87" lemma="|,|" pos="," wid="87">,</w>
  <w id="88" lemma="|n.|" pos="NN" wid="88">n.</w>
  <w id="89" lemma="|29|" pos="CD" wid="89">29</w>
  <w id="90" lemma="|;|" pos=":" wid="90">;</w>
  <w id="91" lemma="|ore|" pos="NN" wid="91">ore</w>
  <w id="92" lemma="|,|" pos="," wid="92">,</w>
  <w id="93" lemma="|2|" pos="CD" wid="93">2</w>
  <w id="94" lemma="|Jan.|" pos="NNP" wid="94">Jan.</w>
  <w id="95" lemma="|1990|" pos="CD" wid="95">1990</w>
  <w id="96" lemma="|,|" pos="," wid="96">,</w>
  <w id="97" lemma="|p.|" pos="NN" wid="97">p.</w>
  <w id="98" lemma="|10|" pos="CD" wid="98">10</w>
  <w id="99" lemma="|-rrb-|" pos="-RRB-" wid="99">-RRB-</w>
  <w id="100" lemma="|.|" pos="." wid="100">.</w>
</sentence>
<sentence id="22">
  <w id="0" lemma="|today|" pos="NN" wid="0">Today</w>
  <w id="1" lemma="|be|" pos="VBZ" wid="1">is</w>
  <w id="2" lemma="|the|" pos="DT" wid="2">the</w>
  <w id="3" lemma="|Feast|" pos="NNP" wid="3">Feast</w>
  <w id="4" lemma="|of|" pos="IN" wid="4">of</w>
  <w id="5" lemma="|the|" pos="DT" wid="5">the</w>
  <w id="6" lemma="|Apostle|" pos="NNP" wid="6">Apostle</w>
  <w id="7" lemma="|St|" pos="NNP" wid="7">St</w>
  <w id="8" lemma="|James|" pos="NNP" wid="8">James</w>
  <w id="9" lemma="|,|" pos="," wid="9">,</w>
  <w id="10" lemma="|know|" pos="VBN" wid="10">known</w>
  <w id="11" lemma="|as|" pos="IN" wid="11">as</w>
  <w id="12" lemma="|``|" pos="``" wid="12">``</w>
  <w id="13" lemma="|the|" pos="DT" wid="13">the</w>
  <w id="14" lemma="|Greater|" pos="NNP" wid="14">Greater</w>
  <w id="15" lemma="|''|" pos="''" wid="15">''</w>
  <w id="16" lemma="|,|" pos="," wid="16">,</w>
  <w id="17" lemma="|who|" pos="WP" wid="17">who</w>
  <w id="18" lemma="|leave|" pos="VBD" wid="18">left</w>
  <w id="19" lemma="|he|" pos="PRP$" wid="19">his</w>
  <w id="20" lemma="|father|" pos="NN" wid="20">father</w>
  <w id="21" lemma="|and|" pos="CC" wid="21">and</w>
  <w id="22" lemma="|he|" pos="PRP$" wid="22">his</w>
  <w id="23" lemma="|work|" pos="NN" wid="23">work</w>
  <w id="24" lemma="|as|" pos="IN" wid="24">as</w>
  <w id="25" lemma="|a|" pos="DT" wid="25">a</w>
  <w id="26" lemma="|fisherman|" pos="NN" wid="26">fisherman</w>
  <w id="27" lemma="|to|" pos="TO" wid="27">to</w>
  <w id="28" lemma="|follow|" pos="VB" wid="28">follow</w>
  <w id="29" lemma="|Jesus|" pos="NNP" wid="29">Jesus</w>
  <w id="30" lemma="|and|" pos="CC" wid="30">and</w>
  <w id="31" lemma="|to|" pos="TO" wid="31">to</w>
  <w id="32" lemma="|give|" pos="VB" wid="32">give</w>
  <w id="33" lemma="|he|" pos="PRP$" wid="33">his</w>
  <w id="34" lemma="|life|" pos="NN" wid="34">life</w>
  <w id="35" lemma="|for|" pos="IN" wid="35">for</w>
  <w id="36" lemma="|he|" pos="PRP" wid="36">him</w>
  <w id="37" lemma="|he|" pos="PRP" wid="37">he</w>
  <w id="38" lemma="|be|" pos="VBD" wid="38">was</w>
  <w id="39" lemma="|the|" pos="DT" wid="39">the</w>
  <w id="40" lemma="|first|" pos="JJ" wid="40">first</w>
  <w id="41" lemma="|of|" pos="IN" wid="41">of</w>
  <w id="42" lemma="|the|" pos="DT" wid="42">the</w>
  <w id="43" lemma="|Apostles|" pos="NNPS" wid="43">Apostles</w>
  <w id="44" lemma="|to|" pos="TO" wid="44">to</w>
  <w id="45" lemma="|do|" pos="VB" wid="45">do</w>
  <w id="46" lemma="|so|" pos="RB" wid="46">so</w>
  <w id="47" lemma="|.|" pos="." wid="47">.</w>
</sentence>
<sentence id="23">
  <w id="0" lemma="|I|" pos="PRP" wid="0">I</w>
  <w id="1" lemma="|warmly|" pos="RB" wid="1">warmly</w>
  <w id="2" lemma="|extend|" pos="VBP" wid="2">extend</w>
  <w id="3" lemma="|a|" pos="DT" wid="3">a</w>
  <w id="4" lemma="|special|" pos="JJ" wid="4">special</w>
  <w id="5" lemma="|thought|" pos="NN" wid="5">thought</w>
  <w id="6" lemma="|to|" pos="TO" wid="6">to</w>
  <w id="7" lemma="|the|" pos="DT" wid="7">the</w>
  <w id="8" lemma="|large|" pos="JJ" wid="8">large</w>
  <w id="9" lemma="|number|" pos="NNS" wid="9">numbers</w>
  <w id="10" lemma="|of|" pos="IN" wid="10">of</w>
  <w id="11" lemma="|pilgrim|" pos="NNS" wid="11">pilgrims</w>
  <w id="12" lemma="|who|" pos="WP" wid="12">who</w>
  <w id="13" lemma="|have|" pos="VBP" wid="13">have</w>
  <w id="14" lemma="|go|" pos="VBN" wid="14">gone</w>
  <w id="15" lemma="|to|" pos="TO" wid="15">to</w>
  <w id="16" lemma="|Santiago|" pos="NNP" wid="16">Santiago</w>
  <w id="17" lemma="|de|" pos="IN" wid="17">de</w>
  <w id="18" lemma="|Compostela|" pos="NNP" wid="18">Compostela</w>
  <w id="19" lemma="|!|" pos="." wid="19">!</w>
</sentence>
<sentence id="24">
  <w id="0" lemma="|May|" pos="NNP" wid="0">May</w>
  <w id="1" lemma="|the|" pos="DT" wid="1">the</w>
  <w id="2" lemma="|Virgin|" pos="NNP" wid="2">Virgin</w>
  <w id="3" lemma="|Mary|" pos="NNP" wid="3">Mary</w>
  <w id="4" lemma="|help|" pos="VB" wid="4">help</w>
  <w id="5" lemma="|we|" pos="PRP" wid="5">us</w>
  <w id="6" lemma="|to|" pos="TO" wid="6">to</w>
  <w id="7" lemma="|rediscover|" pos="VB" wid="7">rediscover</w>
  <w id="8" lemma="|the|" pos="DT" wid="8">the</w>
  <w id="9" lemma="|beauty|" pos="NN" wid="9">beauty</w>
  <w id="10" lemma="|and|" pos="CC" wid="10">and</w>
  <w id="11" lemma="|depth|" pos="NN" wid="11">depth</w>
  <w id="12" lemma="|of|" pos="IN" wid="12">of</w>
  <w id="13" lemma="|christian|" pos="JJ" wid="13">Christian</w>
  <w id="14" lemma="|prayer|" pos="NN" wid="14">prayer</w>
  <w id="15" lemma="|.|" pos="." wid="15">.</w>
</sentence>
<sentence id="25">
  <w id="0" lemma="|after|" pos="IN" wid="0">After</w>
  <w id="1" lemma="|the|" pos="DT" wid="1">the</w>
  <w id="2" lemma="|Angelus|" pos="NNP" wid="2">Angelus</w>
  <w id="3" lemma="|:|" pos=":" wid="3">:</w>
  <w id="4" lemma="|Dear|" pos="NNP" wid="4">Dear</w>
  <w id="5" lemma="|Brothers|" pos="NNPS" wid="5">Brothers</w>
  <w id="6" lemma="|and|" pos="CC" wid="6">and</w>
  <w id="7" lemma="|sister|" pos="NNS" wid="7">Sisters</w>
  <w id="8" lemma="|,|" pos="," wid="8">,</w>
  <w id="9" lemma="|I|" pos="PRP" wid="9">I</w>
  <w id="10" lemma="|learn|" pos="VBD" wid="10">learned</w>
  <w id="11" lemma="|with|" pos="IN" wid="11">with</w>
  <w id="12" lemma="|deep|" pos="JJ" wid="12">deep</w>
  <w id="13" lemma="|sorrow|" pos="NN" wid="13">sorrow</w>
  <w id="14" lemma="|of|" pos="IN" wid="14">of</w>
  <w id="15" lemma="|the|" pos="DT" wid="15">the</w>
  <w id="16" lemma="|tragedy|" pos="NN" wid="16">tragedy</w>
  <w id="17" lemma="|that|" pos="WDT" wid="17">that</w>
  <w id="18" lemma="|occur|" pos="VBD" wid="18">occurred</w>
  <w id="19" lemma="|in|" pos="IN" wid="19">in</w>
  <w id="20" lemma="|Duisburg|" pos="NNP" wid="20">Duisburg</w>
  <w id="21" lemma="|,|" pos="," wid="21">,</w>
  <w id="22" lemma="|Germany|" pos="NNP" wid="22">Germany</w>
  <w id="23" lemma="|,|" pos="," wid="23">,</w>
  <w id="24" lemma="|in|" pos="IN" wid="24">in</w>
  <w id="25" lemma="|which|" pos="WDT" wid="25">which</w>
  <w id="26" lemma="|many|" pos="JJ" wid="26">many</w>
  <w id="27" lemma="|young|" pos="JJ" wid="27">young</w>
  <w id="28" lemma="|people|" pos="NNS" wid="28">people</w>
  <w id="29" lemma="|die|" pos="VBD" wid="29">died</w>
  <w id="30" lemma="|.|" pos="." wid="30">.</w>
</sentence>
<sentence id="26">
  <w id="0" lemma="|I|" pos="PRP" wid="0">I</w>
  <w id="1" lemma="|remember|" pos="VBP" wid="1">remember</w>
  <w id="2" lemma="|to|" pos="TO" wid="2">to</w>
  <w id="3" lemma="|the|" pos="DT" wid="3">the</w>
  <w id="4" lemma="|Lord|" pos="NNP" wid="4">Lord</w>
  <w id="5" lemma="|those|" pos="DT" wid="5">those</w>
  <w id="6" lemma="|who|" pos="WP" wid="6">who</w>
  <w id="7" lemma="|die|" pos="VBD" wid="7">died</w>
  <w id="8" lemma="|,|" pos="," wid="8">,</w>
  <w id="9" lemma="|the|" pos="DT" wid="9">the</w>
  <w id="10" lemma="|injured|" pos="JJ" wid="10">injured</w>
  <w id="11" lemma="|and|" pos="CC" wid="11">and</w>
  <w id="12" lemma="|they|" pos="PRP$" wid="12">their</w>
  <w id="13" lemma="|relative|" pos="NNS" wid="13">relatives</w>
  <w id="14" lemma="|.|" pos="." wid="14">.</w>
</sentence>
<sentence id="27">
  <w id="0" lemma="|I|" pos="PRP" wid="0">I</w>
  <w id="1" lemma="|be|" pos="VBP" wid="1">am</w>
  <w id="2" lemma="|pleased|" pos="JJ" wid="2">pleased</w>
  <w id="3" lemma="|to|" pos="TO" wid="3">to</w>
  <w id="4" lemma="|greet|" pos="VB" wid="4">greet</w>
  <w id="5" lemma="|all|" pos="PDT" wid="5">all</w>
  <w id="6" lemma="|the|" pos="DT" wid="6">the</w>
  <w id="7" lemma="|english-speaking|" pos="JJ" wid="7">English-speaking</w>
  <w id="8" lemma="|pilgrim|" pos="NNS" wid="8">pilgrims</w>
  <w id="9" lemma="|present|" pos="VBP" wid="9">present</w>
  <w id="10" lemma="|here|" pos="RB" wid="10">here</w>
  <w id="11" lemma="|!|" pos="." wid="11">!</w>
</sentence>
<sentence id="28">
  <w id="0" lemma="|in|" pos="IN" wid="0">In</w>
  <w id="1" lemma="|today|" pos="NN" wid="1">today</w>
  <w id="2" lemma="|'s|" pos="POS" wid="2">'s</w>
  <w id="3" lemma="|Gospel|" pos="NNP" wid="3">Gospel</w>
  <w id="4" lemma="|Jesus|" pos="NNP" wid="4">Jesus</w>
  <w id="5" lemma="|teach|" pos="VBZ" wid="5">teaches</w>
  <w id="6" lemma="|we|" pos="PRP" wid="6">us</w>
  <w id="7" lemma="|the|" pos="DT" wid="7">the</w>
  <w id="8" lemma="|Lord|" pos="NNP" wid="8">Lord</w>
  <w id="9" lemma="|'s|" pos="POS" wid="9">'s</w>
  <w id="10" lemma="|prayer|" pos="NN" wid="10">Prayer</w>
  <w id="11" lemma="|.|" pos="." wid="11">.</w>
</sentence>
<sentence id="29">
  <w id="0" lemma="|follow|" pos="VBG" wid="0">Following</w>
  <w id="1" lemma="|Christ|" pos="NNP" wid="1">Christ</w>
  <w id="2" lemma="|'s|" pos="POS" wid="2">'s</w>
  <w id="3" lemma="|own|" pos="JJ" wid="3">own</w>
  <w id="4" lemma="|example|" pos="NN" wid="4">example</w>
  <w id="5" lemma="|,|" pos="," wid="5">,</w>
  <w id="6" lemma="|I|" pos="PRP" wid="6">I</w>
  <w id="7" lemma="|encourage|" pos="VBP" wid="7">encourage</w>
  <w id="8" lemma="|you|" pos="PRP" wid="8">you</w>
  <w id="9" lemma="|to|" pos="TO" wid="9">to</w>
  <w id="10" lemma="|pray|" pos="VB" wid="10">pray</w>
  <w id="11" lemma="|for|" pos="IN" wid="11">for</w>
  <w id="12" lemma="|the|" pos="DT" wid="12">the</w>
  <w id="13" lemma="|grace|" pos="NN" wid="13">grace</w>
  <w id="14" lemma="|always|" pos="RB" wid="14">always</w>
  <w id="15" lemma="|to|" pos="TO" wid="15">to</w>
  <w id="16" lemma="|be|" pos="VB" wid="16">be</w>
  <w id="17" lemma="|worthy|" pos="JJ" wid="17">worthy</w>
  <w id="18" lemma="|son|" pos="NNS" wid="18">sons</w>
  <w id="19" lemma="|and|" pos="CC" wid="19">and</w>
  <w id="20" lemma="|daughter|" pos="NNS" wid="20">daughters</w>
  <w id="21" lemma="|of|" pos="IN" wid="21">of</w>
  <w id="22" lemma="|we|" pos="PRP$" wid="22">our</w>
  <w id="23" lemma="|Father|" pos="NNP" wid="23">Father</w>
  <w id="24" lemma="|in|" pos="IN" wid="24">in</w>
  <w id="25" lemma="|Heaven|" pos="NNP" wid="25">Heaven</w>
  <w id="26" lemma="|,|" pos="," wid="26">,</w>
  <w id="27" lemma="|and|" pos="CC" wid="27">and</w>
  <w id="28" lemma="|loving|" pos="JJ" wid="28">loving</w>
  <w id="29" lemma="|brother|" pos="NNS" wid="29">brothers</w>
  <w id="30" lemma="|and|" pos="CC" wid="30">and</w>
  <w id="31" lemma="|sister|" pos="NNS" wid="31">sisters</w>
  <w id="32" lemma="|to|" pos="TO" wid="32">to</w>
  <w id="33" lemma="|each|" pos="DT" wid="33">each</w>
  <w id="34" lemma="|other|" pos="JJ" wid="34">other</w>
  <w id="35" lemma="|.|" pos="." wid="35">.</w>
</sentence>
<sentence id="30">
  <w id="0" lemma="|May|" pos="NNP" wid="0">May</w>
  <w id="1" lemma="|God|" pos="NNP" wid="1">God</w>
  <w id="2" lemma="|grant|" pos="VB" wid="2">grant</w>
  <w id="3" lemma="|you|" pos="PRP" wid="3">you</w>
  <w id="4" lemma="|he|" pos="PRP$" wid="4">his</w>
  <w id="5" lemma="|abundant|" pos="JJ" wid="5">abundant</w>
  <w id="6" lemma="|blessing|" pos="NNS" wid="6">Blessings</w>
  <w id="7" lemma="|!|" pos="." wid="7">!</w>
</sentence>
<sentence id="31">
  <w id="0" lemma="|I|" pos="PRP" wid="0">I</w>
  <w id="1" lemma="|be|" pos="VBP" wid="1">am</w>
  <w id="2" lemma="|delighted|" pos="JJ" wid="2">delighted</w>
  <w id="3" lemma="|to|" pos="TO" wid="3">to</w>
  <w id="4" lemma="|meet|" pos="VB" wid="4">meet</w>
  <w id="5" lemma="|a|" pos="DT" wid="5">a</w>
  <w id="6" lemma="|large|" pos="JJ" wid="6">large</w>
  <w id="7" lemma="|group|" pos="NN" wid="7">group</w>
  <w id="8" lemma="|of|" pos="IN" wid="8">of</w>
  <w id="9" lemma="|sister|" pos="NNS" wid="9">Sisters</w>
  <w id="10" lemma="|daughter|" pos="NNS" wid="10">Daughters</w>
  <w id="11" lemma="|of|" pos="IN" wid="11">of</w>
  <w id="12" lemma="|Mary|" pos="NNP" wid="12">Mary</w>
  <w id="13" lemma="|help|" pos="NN" wid="13">Help</w>
  <w id="14" lemma="|of|" pos="IN" wid="14">of</w>
  <w id="15" lemma="|christian|" pos="NNS" wid="15">Christians</w>
  <w id="16" lemma="|who|" pos="WP" wid="16">who</w>
  <w id="17" lemma="|come|" pos="VBP" wid="17">come</w>
  <w id="18" lemma="|from|" pos="IN" wid="18">from</w>
  <w id="19" lemma="|Africa|" pos="NNP" wid="19">Africa</w>
  <w id="20" lemma="|,|" pos="," wid="20">,</w>
  <w id="21" lemma="|South|" pos="NNP" wid="21">South</w>
  <w id="22" lemma="|America|" pos="NNP" wid="22">America</w>
  <w id="23" lemma="|,|" pos="," wid="23">,</w>
  <w id="24" lemma="|Asia|" pos="NNP" wid="24">Asia</w>
  <w id="25" lemma="|and|" pos="CC" wid="25">and</w>
  <w id="26" lemma="|Europe|" pos="NNP" wid="26">Europe</w>
  <w id="27" lemma="|and|" pos="CC" wid="27">and</w>
  <w id="28" lemma="|I|" pos="PRP" wid="28">I</w>
  <w id="29" lemma="|offer|" pos="VBP" wid="29">offer</w>
  <w id="30" lemma="|they|" pos="PRP" wid="30">them</w>
  <w id="31" lemma="|every|" pos="DT" wid="31">every</w>
  <w id="32" lemma="|good|" pos="JJ" wid="32">good</w>
  <w id="33" lemma="|wish|" pos="NN" wid="33">wish</w>
  <w id="34" lemma="|for|" pos="IN" wid="34">for</w>
  <w id="35" lemma="|they|" pos="PRP$" wid="35">their</w>
  <w id="36" lemma="|meeting|" pos="NN" wid="36">meeting</w>
  <w id="37" lemma="|.|" pos="." wid="37">.</w>
</sentence>
<sentence id="32">
  <w id="0" lemma="|lastly|" pos="RB" wid="0">Lastly</w>
  <w id="1" lemma="|,|" pos="," wid="1">,</w>
  <w id="2" lemma="|I|" pos="PRP" wid="2">I</w>
  <w id="3" lemma="|recall|" pos="VBP" wid="3">recall</w>
  <w id="4" lemma="|that|" pos="IN" wid="4">that</w>
  <w id="5" lemma="|today|" pos="NN" wid="5">today</w>
  <w id="6" lemma="|the|" pos="DT" wid="6">the</w>
  <w id="7" lemma="|Peach|" pos="NNP" wid="7">Peach</w>
  <w id="8" lemma="|Festival|" pos="NNP" wid="8">Festival</w>
  <w id="9" lemma="|be|" pos="VBZ" wid="9">is</w>
  <w id="10" lemma="|be|" pos="VBG" wid="10">being</w>
  <w id="11" lemma="|celebrate|" pos="VBN" wid="11">celebrated</w>
  <w id="12" lemma="|in|" pos="IN" wid="12">in</w>
  <w id="13" lemma="|Castel|" pos="NNP" wid="13">Castel</w>
  <w id="14" lemma="|Gandolfo|" pos="NNP" wid="14">Gandolfo</w>
  <w id="15" lemma="|.|" pos="." wid="15">.</w>
</sentence>
<sentence id="33">
  <w id="0" lemma="|let|" pos="VB" wid="0">Let</w>
  <w id="1" lemma="|we|" pos="PRP" wid="1">us</w>
  <w id="2" lemma="|give|" pos="VB" wid="2">give</w>
  <w id="3" lemma="|thanks|" pos="NNS" wid="3">thanks</w>
  <w id="4" lemma="|to|" pos="TO" wid="4">to</w>
  <w id="5" lemma="|God|" pos="NNP" wid="5">God</w>
  <w id="6" lemma="|for|" pos="IN" wid="6">for</w>
  <w id="7" lemma="|the|" pos="DT" wid="7">the</w>
  <w id="8" lemma="|fruit|" pos="NNS" wid="8">fruits</w>
  <w id="9" lemma="|of|" pos="IN" wid="9">of</w>
  <w id="10" lemma="|the|" pos="DT" wid="10">the</w>
  <w id="11" lemma="|earth|" pos="NN" wid="11">earth</w>
  <w id="12" lemma="|and|" pos="CC" wid="12">and</w>
  <w id="13" lemma="|of|" pos="IN" wid="13">of</w>
  <w id="14" lemma="|the|" pos="DT" wid="14">the</w>
  <w id="15" lemma="|work|" pos="NN" wid="15">work</w>
  <w id="16" lemma="|of|" pos="IN" wid="16">of</w>
  <w id="17" lemma="|human|" pos="JJ" wid="17">human</w>
  <w id="18" lemma="|hand|" pos="NNS" wid="18">hands</w>
  <w id="19" lemma="|!|" pos="." wid="19">!</w>
</sentence>
<sentence id="34">
  <w id="0" lemma="|many|" pos="JJ" wid="0">Many</w>
  <w id="1" lemma="|good|" pos="JJ" wid="1">good</w>
  <w id="2" lemma="|wish|" pos="NNS" wid="2">wishes</w>
  <w id="3" lemma="|to|" pos="TO" wid="3">to</w>
  <w id="4" lemma="|the|" pos="DT" wid="4">the</w>
  <w id="5" lemma="|Administrative|" pos="NNP" wid="5">Administrative</w>
  <w id="6" lemma="|Board|" pos="NNP" wid="6">Board</w>
  <w id="7" lemma="|and|" pos="CC" wid="7">and</w>
  <w id="8" lemma="|to|" pos="TO" wid="8">to</w>
  <w id="9" lemma="|the|" pos="DT" wid="9">the</w>
  <w id="10" lemma="|people|" pos="NNS" wid="10">people</w>
  <w id="11" lemma="|of|" pos="IN" wid="11">of</w>
  <w id="12" lemma="|the|" pos="DT" wid="12">the</w>
  <w id="13" lemma="|town|" pos="NN" wid="13">town</w>
  <w id="14" lemma="|and|" pos="CC" wid="14">and</w>
  <w id="15" lemma="|a|" pos="DT" wid="15">a</w>
  <w id="16" lemma="|good|" pos="JJ" wid="16">good</w>
  <w id="17" lemma="|Sunday|" pos="NNP" wid="17">Sunday</w>
  <w id="18" lemma="|to|" pos="TO" wid="18">to</w>
  <w id="19" lemma="|everyone|" pos="NN" wid="19">everyone</w>
  <w id="20" lemma="|!|" pos="." wid="20">!</w>
</sentence>
</corpus>