<corpus id="0">
<sentence id="0">
  <w id="0" lemma="|Dear|" pos="NNP" wid="0">Dear</w>
  <w id="1" lemma="|Brothers|" pos="NNPS" wid="1">Brothers</w>
  <w id="2" lemma="|and|" pos="CC" wid="2">and</w>
  <w id="3" lemma="|sister|" pos="NNS" wid="3">Sisters</w>
  <w id="4" lemma="|,|" pos="," wid="4">,</w>
  <w id="5" lemma="|I|" pos="PRP" wid="5">I</w>
  <w id="6" lemma="|would|" pos="MD" wid="6">would</w>
  <w id="7" lemma="|like|" pos="VB" wid="7">like</w>
  <w id="8" lemma="|once|" pos="RB" wid="8">once</w>
  <w id="9" lemma="|again|" pos="RB" wid="9">again</w>
  <w id="10" lemma="|to|" pos="TO" wid="10">to</w>
  <w id="11" lemma="|thank|" pos="VB" wid="11">thank</w>
  <w id="12" lemma="|the|" pos="DT" wid="12">the</w>
  <w id="13" lemma="|Lord|" pos="NNP" wid="13">Lord</w>
  <w id="14" lemma="|,|" pos="," wid="14">,</w>
  <w id="15" lemma="|together|" pos="RB" wid="15">together</w>
  <w id="16" lemma="|with|" pos="IN" wid="16">with</w>
  <w id="17" lemma="|you|" pos="PRP" wid="17">you</w>
  <w id="18" lemma="|,|" pos="," wid="18">,</w>
  <w id="19" lemma="|for|" pos="IN" wid="19">for</w>
  <w id="20" lemma="|the|" pos="DT" wid="20">the</w>
  <w id="21" lemma="|apostolic|" pos="JJ" wid="21">Apostolic</w>
  <w id="22" lemma="|journey|" pos="NN" wid="22">Journey</w>
  <w id="23" lemma="|which|" pos="WDT" wid="23">which</w>
  <w id="24" lemma="|I|" pos="PRP" wid="24">I</w>
  <w id="25" lemma="|make|" pos="VBD" wid="25">made</w>
  <w id="26" lemma="|to|" pos="TO" wid="26">to</w>
  <w id="27" lemma="|Turkey|" pos="NNP" wid="27">Turkey</w>
  <w id="28" lemma="|in|" pos="IN" wid="28">in</w>
  <w id="29" lemma="|these|" pos="DT" wid="29">these</w>
  <w id="30" lemma="|past|" pos="JJ" wid="30">past</w>
  <w id="31" lemma="|few|" pos="JJ" wid="31">few</w>
  <w id="32" lemma="|day|" pos="NNS" wid="32">days</w>
  <w id="33" lemma="|:|" pos=":" wid="33">:</w>
  <w id="34" lemma="|I|" pos="PRP" wid="34">I</w>
  <w id="35" lemma="|feel|" pos="VBD" wid="35">felt</w>
  <w id="36" lemma="|accompany|" pos="VBN" wid="36">accompanied</w>
  <w id="37" lemma="|and|" pos="CC" wid="37">and</w>
  <w id="38" lemma="|sustain|" pos="VBN" wid="38">sustained</w>
  <w id="39" lemma="|by|" pos="IN" wid="39">by</w>
  <w id="40" lemma="|the|" pos="DT" wid="40">the</w>
  <w id="41" lemma="|prayer|" pos="NN" wid="41">prayer</w>
  <w id="42" lemma="|of|" pos="IN" wid="42">of</w>
  <w id="43" lemma="|the|" pos="DT" wid="43">the</w>
  <w id="44" lemma="|entire|" pos="JJ" wid="44">entire</w>
  <w id="45" lemma="|Christian|" pos="NNP" wid="45">Christian</w>
  <w id="46" lemma="|community|" pos="NN" wid="46">community</w>
  <w id="47" lemma="|.|" pos="." wid="47">.</w>
</sentence>
<sentence id="1">
  <w id="0" lemma="|my|" pos="PRP$" wid="0">My</w>
  <w id="1" lemma="|cordial|" pos="JJ" wid="1">cordial</w>
  <w id="2" lemma="|thanks|" pos="NNS" wid="2">thanks</w>
  <w id="3" lemma="|to|" pos="TO" wid="3">to</w>
  <w id="4" lemma="|all|" pos="DT" wid="4">all</w>
  <w id="5" lemma="|!|" pos="." wid="5">!</w>
</sentence>
<sentence id="2">
  <w id="0" lemma="|Next|" pos="NNP" wid="0">Next</w>
  <w id="1" lemma="|Wednesday|" pos="NNP" wid="1">Wednesday</w>
  <w id="2" lemma="|,|" pos="," wid="2">,</w>
  <w id="3" lemma="|at|" pos="IN" wid="3">at</w>
  <w id="4" lemma="|the|" pos="DT" wid="4">the</w>
  <w id="5" lemma="|General|" pos="NNP" wid="5">General</w>
  <w id="6" lemma="|Audience|" pos="NNP" wid="6">Audience</w>
  <w id="7" lemma="|,|" pos="," wid="7">,</w>
  <w id="8" lemma="|I|" pos="PRP" wid="8">I</w>
  <w id="9" lemma="|will|" pos="MD" wid="9">will</w>
  <w id="10" lemma="|have|" pos="VB" wid="10">have</w>
  <w id="11" lemma="|the|" pos="DT" wid="11">the</w>
  <w id="12" lemma="|opportunity|" pos="NN" wid="12">opportunity</w>
  <w id="13" lemma="|to|" pos="TO" wid="13">to</w>
  <w id="14" lemma="|speak|" pos="VB" wid="14">speak</w>
  <w id="15" lemma="|more|" pos="RBR" wid="15">more</w>
  <w id="16" lemma="|expansively|" pos="RB" wid="16">expansively</w>
  <w id="17" lemma="|about|" pos="IN" wid="17">about</w>
  <w id="18" lemma="|this|" pos="DT" wid="18">this</w>
  <w id="19" lemma="|unforgettable|" pos="JJ" wid="19">unforgettable</w>
  <w id="20" lemma="|spiritual|" pos="JJ" wid="20">spiritual</w>
  <w id="21" lemma="|and|" pos="CC" wid="21">and</w>
  <w id="22" lemma="|pastoral|" pos="JJ" wid="22">pastoral</w>
  <w id="23" lemma="|experience|" pos="NN" wid="23">experience</w>
  <w id="24" lemma="|,|" pos="," wid="24">,</w>
  <w id="25" lemma="|which|" pos="WDT" wid="25">which</w>
  <w id="26" lemma="|I|" pos="PRP" wid="26">I</w>
  <w id="27" lemma="|hope|" pos="VBP" wid="27">hope</w>
  <w id="28" lemma="|will|" pos="MD" wid="28">will</w>
  <w id="29" lemma="|bear|" pos="VB" wid="29">bear</w>
  <w id="30" lemma="|fruit|" pos="NNS" wid="30">fruits</w>
  <w id="31" lemma="|of|" pos="IN" wid="31">of</w>
  <w id="32" lemma="|good|" pos="JJ" wid="32">good</w>
  <w id="33" lemma="|for|" pos="IN" wid="33">for</w>
  <w id="34" lemma="|a|" pos="DT" wid="34">an</w>
  <w id="35" lemma="|ever|" pos="RB" wid="35">ever</w>
  <w id="36" lemma="|more|" pos="RBR" wid="36">more</w>
  <w id="37" lemma="|sincere|" pos="JJ" wid="37">sincere</w>
  <w id="38" lemma="|cooperation|" pos="NN" wid="38">cooperation</w>
  <w id="39" lemma="|among|" pos="IN" wid="39">among</w>
  <w id="40" lemma="|all|" pos="DT" wid="40">all</w>
  <w id="41" lemma="|Christ|" pos="NNP" wid="41">Christ</w>
  <w id="42" lemma="|'s|" pos="POS" wid="42">'s</w>
  <w id="43" lemma="|disciple|" pos="NNS" wid="43">disciples</w>
  <w id="44" lemma="|and|" pos="CC" wid="44">and</w>
  <w id="45" lemma="|a|" pos="DT" wid="45">a</w>
  <w id="46" lemma="|profitable|" pos="JJ" wid="46">profitable</w>
  <w id="47" lemma="|dialogue|" pos="NN" wid="47">dialogue</w>
  <w id="48" lemma="|with|" pos="IN" wid="48">with</w>
  <w id="49" lemma="|muslim|" pos="JJ" wid="49">Muslim</w>
  <w id="50" lemma="|believer|" pos="NNS" wid="50">believers</w>
  <w id="51" lemma="|.|" pos="." wid="51">.</w>
</sentence>
<sentence id="3">
  <w id="0" lemma="|I|" pos="PRP" wid="0">I</w>
  <w id="1" lemma="|be|" pos="VBP" wid="1">am</w>
  <w id="2" lemma="|now|" pos="RB" wid="2">now</w>
  <w id="3" lemma="|eager|" pos="JJ" wid="3">eager</w>
  <w id="4" lemma="|to|" pos="TO" wid="4">to</w>
  <w id="5" lemma="|renew|" pos="VB" wid="5">renew</w>
  <w id="6" lemma="|my|" pos="PRP$" wid="6">my</w>
  <w id="7" lemma="|gratitude|" pos="NN" wid="7">gratitude</w>
  <w id="8" lemma="|to|" pos="TO" wid="8">to</w>
  <w id="9" lemma="|all|" pos="PDT" wid="9">all</w>
  <w id="10" lemma="|those|" pos="DT" wid="10">those</w>
  <w id="11" lemma="|who|" pos="WP" wid="11">who</w>
  <w id="12" lemma="|organize|" pos="VBD" wid="12">organized</w>
  <w id="13" lemma="|the|" pos="DT" wid="13">the</w>
  <w id="14" lemma="|Visit|" pos="NNP" wid="14">Visit</w>
  <w id="15" lemma="|and|" pos="CC" wid="15">and</w>
  <w id="16" lemma="|help|" pos="VBN" wid="16">helped</w>
  <w id="17" lemma="|in|" pos="IN" wid="17">in</w>
  <w id="18" lemma="|various|" pos="JJ" wid="18">various</w>
  <w id="19" lemma="|way|" pos="NNS" wid="19">ways</w>
  <w id="20" lemma="|to|" pos="TO" wid="20">to</w>
  <w id="21" lemma="|ensure|" pos="VB" wid="21">ensure</w>
  <w id="22" lemma="|that|" pos="IN" wid="22">that</w>
  <w id="23" lemma="|it|" pos="PRP" wid="23">it</w>
  <w id="24" lemma="|go|" pos="VBD" wid="24">went</w>
  <w id="25" lemma="|peacefully|" pos="RB" wid="25">peacefully</w>
  <w id="26" lemma="|and|" pos="CC" wid="26">and</w>
  <w id="27" lemma="|fruitfully|" pos="RB" wid="27">fruitfully</w>
  <w id="28" lemma="|.|" pos="." wid="28">.</w>
</sentence>
<sentence id="4">
  <w id="0" lemma="|I|" pos="PRP" wid="0">I</w>
  <w id="1" lemma="|address|" pos="VBP" wid="1">address</w>
  <w id="2" lemma="|a|" pos="DT" wid="2">a</w>
  <w id="3" lemma="|special|" pos="JJ" wid="3">special</w>
  <w id="4" lemma="|thought|" pos="NN" wid="4">thought</w>
  <w id="5" lemma="|to|" pos="TO" wid="5">to</w>
  <w id="6" lemma="|the|" pos="DT" wid="6">the</w>
  <w id="7" lemma="|turkish|" pos="JJ" wid="7">Turkish</w>
  <w id="8" lemma="|Authorities|" pos="NNP" wid="8">Authorities</w>
  <w id="9" lemma="|and|" pos="CC" wid="9">and</w>
  <w id="10" lemma="|to|" pos="TO" wid="10">to</w>
  <w id="11" lemma="|the|" pos="DT" wid="11">the</w>
  <w id="12" lemma="|friendly|" pos="JJ" wid="12">friendly</w>
  <w id="13" lemma="|turkish|" pos="JJ" wid="13">Turkish</w>
  <w id="14" lemma="|people|" pos="NNS" wid="14">People</w>
  <w id="15" lemma="|who|" pos="WP" wid="15">who</w>
  <w id="16" lemma="|give|" pos="VBD" wid="16">gave</w>
  <w id="17" lemma="|I|" pos="PRP" wid="17">me</w>
  <w id="18" lemma="|a|" pos="DT" wid="18">a</w>
  <w id="19" lemma="|welcome|" pos="RB" wid="19">welcome</w>
  <w id="20" lemma="|worthy|" pos="JJ" wid="20">worthy</w>
  <w id="21" lemma="|of|" pos="IN" wid="21">of</w>
  <w id="22" lemma="|they|" pos="PRP$" wid="22">their</w>
  <w id="23" lemma="|traditional|" pos="JJ" wid="23">traditional</w>
  <w id="24" lemma="|spirit|" pos="NN" wid="24">spirit</w>
  <w id="25" lemma="|of|" pos="IN" wid="25">of</w>
  <w id="26" lemma="|hospitality|" pos="NN" wid="26">hospitality</w>
  <w id="27" lemma="|.|" pos="." wid="27">.</w>
</sentence>
<sentence id="5">
  <w id="0" lemma="|I|" pos="PRP" wid="0">I</w>
  <w id="1" lemma="|would|" pos="MD" wid="1">would</w>
  <w id="2" lemma="|like|" pos="VB" wid="2">like</w>
  <w id="3" lemma="|here|" pos="RB" wid="3">here</w>
  <w id="4" lemma="|to|" pos="TO" wid="4">to</w>
  <w id="5" lemma="|recall|" pos="VB" wid="5">recall</w>
  <w id="6" lemma="|above|" pos="IN" wid="6">above</w>
  <w id="7" lemma="|all|" pos="PDT" wid="7">all</w>
  <w id="8" lemma="|the|" pos="DT" wid="8">the</w>
  <w id="9" lemma="|beloved|" pos="JJ" wid="9">beloved</w>
  <w id="10" lemma="|Catholic|" pos="NNP" wid="10">Catholic</w>
  <w id="11" lemma="|community|" pos="NN" wid="11">community</w>
  <w id="12" lemma="|which|" pos="WDT" wid="12">which</w>
  <w id="13" lemma="|live|" pos="VBZ" wid="13">lives</w>
  <w id="14" lemma="|on|" pos="IN" wid="14">on</w>
  <w id="15" lemma="|turkish|" pos="JJ" wid="15">Turkish</w>
  <w id="16" lemma="|territory|" pos="NN" wid="16">territory</w>
  <w id="17" lemma="|.|" pos="." wid="17">.</w>
</sentence>
<sentence id="6">
  <w id="0" lemma="|I|" pos="PRP" wid="0">I</w>
  <w id="1" lemma="|be|" pos="VBP" wid="1">am</w>
  <w id="2" lemma="|think|" pos="VBG" wid="2">thinking</w>
  <w id="3" lemma="|of|" pos="IN" wid="3">of</w>
  <w id="4" lemma="|it|" pos="PRP" wid="4">it</w>
  <w id="5" lemma="|this|" pos="DT" wid="5">this</w>
  <w id="6" lemma="|Sunday|" pos="NNP" wid="6">Sunday</w>
  <w id="7" lemma="|as|" pos="IN" wid="7">as</w>
  <w id="8" lemma="|we|" pos="PRP" wid="8">we</w>
  <w id="9" lemma="|enter|" pos="VBP" wid="9">enter</w>
  <w id="10" lemma="|the|" pos="DT" wid="10">the</w>
  <w id="11" lemma="|season|" pos="NN" wid="11">Season</w>
  <w id="12" lemma="|of|" pos="IN" wid="12">of</w>
  <w id="13" lemma="|Advent|" pos="NNP" wid="13">Advent</w>
  <w id="14" lemma="|.|" pos="." wid="14">.</w>
</sentence>
<sentence id="7">
  <w id="0" lemma="|I|" pos="PRP" wid="0">I</w>
  <w id="1" lemma="|be|" pos="VBD" wid="1">was</w>
  <w id="2" lemma="|able|" pos="JJ" wid="2">able</w>
  <w id="3" lemma="|to|" pos="TO" wid="3">to</w>
  <w id="4" lemma="|meet|" pos="VB" wid="4">meet</w>
  <w id="5" lemma="|and|" pos="CC" wid="5">and</w>
  <w id="6" lemma="|celebrate|" pos="VB" wid="6">celebrate</w>
  <w id="7" lemma="|Holy|" pos="NNP" wid="7">Holy</w>
  <w id="8" lemma="|Mass|" pos="NNP" wid="8">Mass</w>
  <w id="9" lemma="|with|" pos="IN" wid="9">with</w>
  <w id="10" lemma="|these|" pos="DT" wid="10">these</w>
  <w id="11" lemma="|brother|" pos="NNS" wid="11">brothers</w>
  <w id="12" lemma="|and|" pos="CC" wid="12">and</w>
  <w id="13" lemma="|sister|" pos="NNS" wid="13">sisters</w>
  <w id="14" lemma="|of|" pos="IN" wid="14">of</w>
  <w id="15" lemma="|ours|" pos="PRP" wid="15">ours</w>
  <w id="16" lemma="|who|" pos="WP" wid="16">who</w>
  <w id="17" lemma="|live|" pos="VBP" wid="17">live</w>
  <w id="18" lemma="|in|" pos="IN" wid="18">in</w>
  <w id="19" lemma="|condition|" pos="NNS" wid="19">conditions</w>
  <w id="20" lemma="|that|" pos="WDT" wid="20">that</w>
  <w id="21" lemma="|be|" pos="VBP" wid="21">are</w>
  <w id="22" lemma="|frequently|" pos="RB" wid="22">frequently</w>
  <w id="23" lemma="|difficult|" pos="JJ" wid="23">difficult</w>
  <w id="24" lemma="|.|" pos="." wid="24">.</w>
</sentence>
<sentence id="8">
  <w id="0" lemma="|it|" pos="PRP" wid="0">It</w>
  <w id="1" lemma="|be|" pos="VBZ" wid="1">is</w>
  <w id="2" lemma="|truly|" pos="RB" wid="2">truly</w>
  <w id="3" lemma="|a|" pos="DT" wid="3">a</w>
  <w id="4" lemma="|small|" pos="JJ" wid="4">small</w>
  <w id="5" lemma="|flock|" pos="NN" wid="5">flock</w>
  <w id="6" lemma="|,|" pos="," wid="6">,</w>
  <w id="7" lemma="|variegate|" pos="VBN" wid="7">variegated</w>
  <w id="8" lemma="|,|" pos="," wid="8">,</w>
  <w id="9" lemma="|rich|" pos="JJ" wid="9">rich</w>
  <w id="10" lemma="|in|" pos="IN" wid="10">in</w>
  <w id="11" lemma="|enthusiasm|" pos="NN" wid="11">enthusiasm</w>
  <w id="12" lemma="|and|" pos="CC" wid="12">and</w>
  <w id="13" lemma="|faith|" pos="NN" wid="13">faith</w>
  <w id="14" lemma="|,|" pos="," wid="14">,</w>
  <w id="15" lemma="|which|" pos="WDT" wid="15">which</w>
  <w id="16" lemma="|we|" pos="PRP" wid="16">we</w>
  <w id="17" lemma="|might|" pos="MD" wid="17">might</w>
  <w id="18" lemma="|say|" pos="VB" wid="18">say</w>
  <w id="19" lemma="|life|" pos="NNS" wid="19">lives</w>
  <w id="20" lemma="|the|" pos="DT" wid="20">the</w>
  <w id="21" lemma="|Advent|" pos="NNP" wid="21">Advent</w>
  <w id="22" lemma="|experience|" pos="NN" wid="22">experience</w>
  <w id="23" lemma="|constantly|" pos="RB" wid="23">constantly</w>
  <w id="24" lemma="|and|" pos="CC" wid="24">and</w>
  <w id="25" lemma="|vividly|" pos="RB" wid="25">vividly</w>
  <w id="26" lemma="|,|" pos="," wid="26">,</w>
  <w id="27" lemma="|sustain|" pos="VBN" wid="27">sustained</w>
  <w id="28" lemma="|by|" pos="IN" wid="28">by</w>
  <w id="29" lemma="|hope|" pos="NN" wid="29">hope</w>
  <w id="30" lemma="|.|" pos="." wid="30">.</w>
</sentence>
<sentence id="9">
  <w id="0" lemma="|in|" pos="IN" wid="0">In</w>
  <w id="1" lemma="|Advent|" pos="NNP" wid="1">Advent</w>
  <w id="2" lemma="|,|" pos="," wid="2">,</w>
  <w id="3" lemma="|the|" pos="DT" wid="3">the</w>
  <w id="4" lemma="|liturgy|" pos="NN" wid="4">liturgy</w>
  <w id="5" lemma="|frequently|" pos="RB" wid="5">frequently</w>
  <w id="6" lemma="|repeat|" pos="VBZ" wid="6">repeats</w>
  <w id="7" lemma="|and|" pos="CC" wid="7">and</w>
  <w id="8" lemma="|assure|" pos="VBZ" wid="8">assures</w>
  <w id="9" lemma="|we|" pos="PRP" wid="9">us</w>
  <w id="10" lemma="|,|" pos="," wid="10">,</w>
  <w id="11" lemma="|as|" pos="IN" wid="11">as</w>
  <w id="12" lemma="|if|" pos="IN" wid="12">if</w>
  <w id="13" lemma="|to|" pos="TO" wid="13">to</w>
  <w id="14" lemma="|overcome|" pos="VB" wid="14">overcome</w>
  <w id="15" lemma="|we|" pos="PRP$" wid="15">our</w>
  <w id="16" lemma="|natural|" pos="JJ" wid="16">natural</w>
  <w id="17" lemma="|diffidence|" pos="NN" wid="17">diffidence</w>
  <w id="18" lemma="|,|" pos="," wid="18">,</w>
  <w id="19" lemma="|that|" pos="IN" wid="19">that</w>
  <w id="20" lemma="|God|" pos="NNP" wid="20">God</w>
  <w id="21" lemma="|''|" pos="''" wid="21">''</w>
  <w id="22" lemma="|come|" pos="VBZ" wid="22">comes</w>
  <w id="23" lemma="|''|" pos="''" wid="23">''</w>
  <w id="24" lemma="|:|" pos=":" wid="24">:</w>
  <w id="25" lemma="|he|" pos="PRP" wid="25">he</w>
  <w id="26" lemma="|come|" pos="VBZ" wid="26">comes</w>
  <w id="27" lemma="|to|" pos="TO" wid="27">to</w>
  <w id="28" lemma="|be|" pos="VB" wid="28">be</w>
  <w id="29" lemma="|with|" pos="IN" wid="29">with</w>
  <w id="30" lemma="|we|" pos="PRP" wid="30">us</w>
  <w id="31" lemma="|in|" pos="IN" wid="31">in</w>
  <w id="32" lemma="|every|" pos="DT" wid="32">every</w>
  <w id="33" lemma="|situation|" pos="NN" wid="33">situation</w>
  <w id="34" lemma="|of|" pos="IN" wid="34">of</w>
  <w id="35" lemma="|ours|" pos="PRP" wid="35">ours</w>
  <w id="36" lemma="|,|" pos="," wid="36">,</w>
  <w id="37" lemma="|he|" pos="PRP" wid="37">he</w>
  <w id="38" lemma="|come|" pos="VBZ" wid="38">comes</w>
  <w id="39" lemma="|to|" pos="TO" wid="39">to</w>
  <w id="40" lemma="|dwell|" pos="VB" wid="40">dwell</w>
  <w id="41" lemma="|among|" pos="IN" wid="41">among</w>
  <w id="42" lemma="|we|" pos="PRP" wid="42">us</w>
  <w id="43" lemma="|,|" pos="," wid="43">,</w>
  <w id="44" lemma="|to|" pos="TO" wid="44">to</w>
  <w id="45" lemma="|live|" pos="VB" wid="45">live</w>
  <w id="46" lemma="|with|" pos="IN" wid="46">with</w>
  <w id="47" lemma="|we|" pos="PRP" wid="47">us</w>
  <w id="48" lemma="|and|" pos="CC" wid="48">and</w>
  <w id="49" lemma="|within|" pos="IN" wid="49">within</w>
  <w id="50" lemma="|we|" pos="PRP" wid="50">us</w>
  <w id="51" lemma="|;|" pos=":" wid="51">;</w>
  <w id="52" lemma="|he|" pos="PRP" wid="52">he</w>
  <w id="53" lemma="|come|" pos="VBZ" wid="53">comes</w>
  <w id="54" lemma="|to|" pos="TO" wid="54">to</w>
  <w id="55" lemma="|fill|" pos="VB" wid="55">fill</w>
  <w id="56" lemma="|the|" pos="DT" wid="56">the</w>
  <w id="57" lemma="|gap|" pos="NNS" wid="57">gaps</w>
  <w id="58" lemma="|that|" pos="WDT" wid="58">that</w>
  <w id="59" lemma="|divide|" pos="VBP" wid="59">divide</w>
  <w id="60" lemma="|and|" pos="CC" wid="60">and</w>
  <w id="61" lemma="|separate|" pos="VBP" wid="61">separate</w>
  <w id="62" lemma="|we|" pos="PRP" wid="62">us</w>
  <w id="63" lemma="|;|" pos=":" wid="63">;</w>
  <w id="64" lemma="|he|" pos="PRP" wid="64">he</w>
  <w id="65" lemma="|come|" pos="VBZ" wid="65">comes</w>
  <w id="66" lemma="|to|" pos="TO" wid="66">to</w>
  <w id="67" lemma="|reconcile|" pos="VB" wid="67">reconcile</w>
  <w id="68" lemma="|we|" pos="PRP" wid="68">us</w>
  <w id="69" lemma="|with|" pos="IN" wid="69">with</w>
  <w id="70" lemma="|he|" pos="PRP" wid="70">him</w>
  <w id="71" lemma="|and|" pos="CC" wid="71">and</w>
  <w id="72" lemma="|with|" pos="IN" wid="72">with</w>
  <w id="73" lemma="|one|" pos="CD" wid="73">one</w>
  <w id="74" lemma="|another|" pos="DT" wid="74">another</w>
  <w id="75" lemma="|.|" pos="." wid="75">.</w>
</sentence>
<sentence id="10">
  <w id="0" lemma="|he|" pos="PRP" wid="0">He</w>
  <w id="1" lemma="|come|" pos="VBZ" wid="1">comes</w>
  <w id="2" lemma="|into|" pos="IN" wid="2">into</w>
  <w id="3" lemma="|human|" pos="JJ" wid="3">human</w>
  <w id="4" lemma="|history|" pos="NN" wid="4">history</w>
  <w id="5" lemma="|to|" pos="TO" wid="5">to</w>
  <w id="6" lemma="|knock|" pos="VB" wid="6">knock</w>
  <w id="7" lemma="|at|" pos="IN" wid="7">at</w>
  <w id="8" lemma="|the|" pos="DT" wid="8">the</w>
  <w id="9" lemma="|door|" pos="NN" wid="9">door</w>
  <w id="10" lemma="|of|" pos="IN" wid="10">of</w>
  <w id="11" lemma="|every|" pos="DT" wid="11">every</w>
  <w id="12" lemma="|man|" pos="NN" wid="12">man</w>
  <w id="13" lemma="|and|" pos="CC" wid="13">and</w>
  <w id="14" lemma="|every|" pos="DT" wid="14">every</w>
  <w id="15" lemma="|woman|" pos="NN" wid="15">woman</w>
  <w id="16" lemma="|of|" pos="IN" wid="16">of</w>
  <w id="17" lemma="|good|" pos="JJ" wid="17">good</w>
  <w id="18" lemma="|will|" pos="NN" wid="18">will</w>
  <w id="19" lemma="|,|" pos="," wid="19">,</w>
  <w id="20" lemma="|to|" pos="TO" wid="20">to</w>
  <w id="21" lemma="|bring|" pos="VB" wid="21">bring</w>
  <w id="22" lemma="|to|" pos="TO" wid="22">to</w>
  <w id="23" lemma="|individual|" pos="NNS" wid="23">individuals</w>
  <w id="24" lemma="|,|" pos="," wid="24">,</w>
  <w id="25" lemma="|family|" pos="NNS" wid="25">families</w>
  <w id="26" lemma="|and|" pos="CC" wid="26">and</w>
  <w id="27" lemma="|people|" pos="NNS" wid="27">peoples</w>
  <w id="28" lemma="|the|" pos="DT" wid="28">the</w>
  <w id="29" lemma="|gift|" pos="NNS" wid="29">gifts</w>
  <w id="30" lemma="|of|" pos="IN" wid="30">of</w>
  <w id="31" lemma="|brotherhood|" pos="NN" wid="31">brotherhood</w>
  <w id="32" lemma="|,|" pos="," wid="32">,</w>
  <w id="33" lemma="|harmony|" pos="NN" wid="33">harmony</w>
  <w id="34" lemma="|and|" pos="CC" wid="34">and</w>
  <w id="35" lemma="|peace|" pos="NN" wid="35">peace</w>
  <w id="36" lemma="|.|" pos="." wid="36">.</w>
</sentence>
<sentence id="11">
  <w id="0" lemma="|this|" pos="DT" wid="0">This</w>
  <w id="1" lemma="|be|" pos="VBZ" wid="1">is</w>
  <w id="2" lemma="|why|" pos="WRB" wid="2">why</w>
  <w id="3" lemma="|Advent|" pos="NNP" wid="3">Advent</w>
  <w id="4" lemma="|be|" pos="VBZ" wid="4">is</w>
  <w id="5" lemma="|par|" pos="JJ" wid="5">par</w>
  <w id="6" lemma="|excellence|" pos="NN" wid="6">excellence</w>
  <w id="7" lemma="|the|" pos="DT" wid="7">the</w>
  <w id="8" lemma="|season|" pos="NN" wid="8">season</w>
  <w id="9" lemma="|of|" pos="IN" wid="9">of</w>
  <w id="10" lemma="|hope|" pos="NN" wid="10">hope</w>
  <w id="11" lemma="|in|" pos="IN" wid="11">in</w>
  <w id="12" lemma="|which|" pos="WDT" wid="12">which</w>
  <w id="13" lemma="|believer|" pos="NNS" wid="13">believers</w>
  <w id="14" lemma="|in|" pos="IN" wid="14">in</w>
  <w id="15" lemma="|Christ|" pos="NNP" wid="15">Christ</w>
  <w id="16" lemma="|be|" pos="VBP" wid="16">are</w>
  <w id="17" lemma="|invite|" pos="VBN" wid="17">invited</w>
  <w id="18" lemma="|to|" pos="TO" wid="18">to</w>
  <w id="19" lemma="|remain|" pos="VB" wid="19">remain</w>
  <w id="20" lemma="|in|" pos="IN" wid="20">in</w>
  <w id="21" lemma="|watchful|" pos="JJ" wid="21">watchful</w>
  <w id="22" lemma="|and|" pos="CC" wid="22">and</w>
  <w id="23" lemma="|active|" pos="JJ" wid="23">active</w>
  <w id="24" lemma="|waiting|" pos="NN" wid="24">waiting</w>
  <w id="25" lemma="|,|" pos="," wid="25">,</w>
  <w id="26" lemma="|nourish|" pos="VBN" wid="26">nourished</w>
  <w id="27" lemma="|by|" pos="IN" wid="27">by</w>
  <w id="28" lemma="|prayer|" pos="NN" wid="28">prayer</w>
  <w id="29" lemma="|and|" pos="CC" wid="29">and</w>
  <w id="30" lemma="|by|" pos="IN" wid="30">by</w>
  <w id="31" lemma="|the|" pos="DT" wid="31">the</w>
  <w id="32" lemma="|effective|" pos="JJ" wid="32">effective</w>
  <w id="33" lemma="|commitment|" pos="NN" wid="33">commitment</w>
  <w id="34" lemma="|to|" pos="TO" wid="34">to</w>
  <w id="35" lemma="|love|" pos="VB" wid="35">love</w>
  <w id="36" lemma="|.|" pos="." wid="36">.</w>
</sentence>
<sentence id="12">
  <w id="0" lemma="|May|" pos="NNP" wid="0">May</w>
  <w id="1" lemma="|the|" pos="DT" wid="1">the</w>
  <w id="2" lemma="|approach|" pos="VBG" wid="2">approaching</w>
  <w id="3" lemma="|Nativity|" pos="NNP" wid="3">Nativity</w>
  <w id="4" lemma="|of|" pos="IN" wid="4">of</w>
  <w id="5" lemma="|Christ|" pos="NNP" wid="5">Christ</w>
  <w id="6" lemma="|fill|" pos="VBP" wid="6">fill</w>
  <w id="7" lemma="|the|" pos="DT" wid="7">the</w>
  <w id="8" lemma="|heart|" pos="NNS" wid="8">hearts</w>
  <w id="9" lemma="|of|" pos="IN" wid="9">of</w>
  <w id="10" lemma="|all|" pos="DT" wid="10">all</w>
  <w id="11" lemma="|christian|" pos="NNS" wid="11">Christians</w>
  <w id="12" lemma="|with|" pos="IN" wid="12">with</w>
  <w id="13" lemma="|joy|" pos="NN" wid="13">joy</w>
  <w id="14" lemma="|,|" pos="," wid="14">,</w>
  <w id="15" lemma="|serenity|" pos="NN" wid="15">serenity</w>
  <w id="16" lemma="|and|" pos="CC" wid="16">and</w>
  <w id="17" lemma="|peace|" pos="NN" wid="17">peace</w>
  <w id="18" lemma="|!|" pos="." wid="18">!</w>
</sentence>
<sentence id="13">
  <w id="0" lemma="|to|" pos="TO" wid="0">To</w>
  <w id="1" lemma="|live|" pos="VB" wid="1">live</w>
  <w id="2" lemma="|this|" pos="DT" wid="2">this</w>
  <w id="3" lemma="|Advent|" pos="NNP" wid="3">Advent</w>
  <w id="4" lemma="|period|" pos="NN" wid="4">period</w>
  <w id="5" lemma="|more|" pos="RBR" wid="5">more</w>
  <w id="6" lemma="|authentically|" pos="RB" wid="6">authentically</w>
  <w id="7" lemma="|and|" pos="CC" wid="7">and</w>
  <w id="8" lemma="|fruitfully|" pos="RB" wid="8">fruitfully</w>
  <w id="9" lemma="|,|" pos="," wid="9">,</w>
  <w id="10" lemma="|the|" pos="DT" wid="10">the</w>
  <w id="11" lemma="|liturgy|" pos="NN" wid="11">liturgy</w>
  <w id="12" lemma="|urge|" pos="VBZ" wid="12">urges</w>
  <w id="13" lemma="|we|" pos="PRP" wid="13">us</w>
  <w id="14" lemma="|to|" pos="TO" wid="14">to</w>
  <w id="15" lemma="|look|" pos="VB" wid="15">look</w>
  <w id="16" lemma="|at|" pos="IN" wid="16">at</w>
  <w id="17" lemma="|Mary|" pos="NNP" wid="17">Mary</w>
  <w id="18" lemma="|Most|" pos="NNP" wid="18">Most</w>
  <w id="19" lemma="|Holy|" pos="NNP" wid="19">Holy</w>
  <w id="20" lemma="|and|" pos="CC" wid="20">and</w>
  <w id="21" lemma="|to|" pos="TO" wid="21">to</w>
  <w id="22" lemma="|set|" pos="VB" wid="22">set</w>
  <w id="23" lemma="|out|" pos="RP" wid="23">out</w>
  <w id="24" lemma="|in|" pos="IN" wid="24">in</w>
  <w id="25" lemma="|spirit|" pos="NN" wid="25">spirit</w>
  <w id="26" lemma="|together|" pos="RB" wid="26">together</w>
  <w id="27" lemma="|with|" pos="IN" wid="27">with</w>
  <w id="28" lemma="|she|" pos="PRP" wid="28">her</w>
  <w id="29" lemma="|towards|" pos="IN" wid="29">towards</w>
  <w id="30" lemma="|the|" pos="DT" wid="30">the</w>
  <w id="31" lemma="|Bethlehem|" pos="NNP" wid="31">Bethlehem</w>
  <w id="32" lemma="|Grotto|" pos="NNP" wid="32">Grotto</w>
  <w id="33" lemma="|.|" pos="." wid="33">.</w>
</sentence>
<sentence id="14">
  <w id="0" lemma="|when|" pos="WRB" wid="0">When</w>
  <w id="1" lemma="|God|" pos="NNP" wid="1">God</w>
  <w id="2" lemma="|knock|" pos="VBD" wid="2">knocked</w>
  <w id="3" lemma="|at|" pos="IN" wid="3">at</w>
  <w id="4" lemma="|the|" pos="DT" wid="4">the</w>
  <w id="5" lemma="|door|" pos="NN" wid="5">door</w>
  <w id="6" lemma="|of|" pos="IN" wid="6">of</w>
  <w id="7" lemma="|she|" pos="PRP$" wid="7">her</w>
  <w id="8" lemma="|young|" pos="JJ" wid="8">young</w>
  <w id="9" lemma="|life|" pos="NN" wid="9">life</w>
  <w id="10" lemma="|,|" pos="," wid="10">,</w>
  <w id="11" lemma="|she|" pos="PRP" wid="11">she</w>
  <w id="12" lemma="|welcome|" pos="VBD" wid="12">welcomed</w>
  <w id="13" lemma="|he|" pos="PRP" wid="13">him</w>
  <w id="14" lemma="|with|" pos="IN" wid="14">with</w>
  <w id="15" lemma="|faith|" pos="NN" wid="15">faith</w>
  <w id="16" lemma="|and|" pos="CC" wid="16">and</w>
  <w id="17" lemma="|love|" pos="NN" wid="17">love</w>
  <w id="18" lemma="|.|" pos="." wid="18">.</w>
</sentence>
<sentence id="15">
  <w id="0" lemma="|in|" pos="IN" wid="0">In</w>
  <w id="1" lemma="|a|" pos="DT" wid="1">a</w>
  <w id="2" lemma="|few|" pos="JJ" wid="2">few</w>
  <w id="3" lemma="|day|" pos="NNS" wid="3">days</w>
  <w id="4" lemma="|we|" pos="PRP" wid="4">we</w>
  <w id="5" lemma="|will|" pos="MD" wid="5">will</w>
  <w id="6" lemma="|contemplate|" pos="VB" wid="6">contemplate</w>
  <w id="7" lemma="|she|" pos="PRP" wid="7">her</w>
  <w id="8" lemma="|in|" pos="IN" wid="8">in</w>
  <w id="9" lemma="|the|" pos="DT" wid="9">the</w>
  <w id="10" lemma="|luminous|" pos="JJ" wid="10">luminous</w>
  <w id="11" lemma="|mystery|" pos="NN" wid="11">mystery</w>
  <w id="12" lemma="|of|" pos="IN" wid="12">of</w>
  <w id="13" lemma="|she|" pos="PRP$" wid="13">her</w>
  <w id="14" lemma="|immaculate|" pos="JJ" wid="14">Immaculate</w>
  <w id="15" lemma="|conception|" pos="NN" wid="15">Conception</w>
  <w id="16" lemma="|.|" pos="." wid="16">.</w>
</sentence>
<sentence id="16">
  <w id="0" lemma="|let|" pos="VB" wid="0">Let</w>
  <w id="1" lemma="|we|" pos="PRP" wid="1">us</w>
  <w id="2" lemma="|allow|" pos="VB" wid="2">allow</w>
  <w id="3" lemma="|ourselves|" pos="PRP" wid="3">ourselves</w>
  <w id="4" lemma="|to|" pos="TO" wid="4">to</w>
  <w id="5" lemma="|be|" pos="VB" wid="5">be</w>
  <w id="6" lemma="|attract|" pos="VBN" wid="6">attracted</w>
  <w id="7" lemma="|by|" pos="IN" wid="7">by</w>
  <w id="8" lemma="|she|" pos="PRP$" wid="8">her</w>
  <w id="9" lemma="|beauty|" pos="NN" wid="9">beauty</w>
  <w id="10" lemma="|,|" pos="," wid="10">,</w>
  <w id="11" lemma="|a|" pos="DT" wid="11">a</w>
  <w id="12" lemma="|reflection|" pos="NN" wid="12">reflection</w>
  <w id="13" lemma="|of|" pos="IN" wid="13">of</w>
  <w id="14" lemma="|divine|" pos="JJ" wid="14">divine</w>
  <w id="15" lemma="|glory|" pos="NN" wid="15">glory</w>
  <w id="16" lemma="|,|" pos="," wid="16">,</w>
  <w id="17" lemma="|so|" pos="IN" wid="17">so</w>
  <w id="18" lemma="|that|" pos="IN" wid="18">that</w>
  <w id="19" lemma="|``|" pos="``" wid="19">``</w>
  <w id="20" lemma="|the|" pos="DT" wid="20">the</w>
  <w id="21" lemma="|God|" pos="NNP" wid="21">God</w>
  <w id="22" lemma="|who|" pos="WP" wid="22">who</w>
  <w id="23" lemma="|come|" pos="VBZ" wid="23">comes</w>
  <w id="24" lemma="|''|" pos="''" wid="24">''</w>
  <w id="25" lemma="|will|" pos="MD" wid="25">will</w>
  <w id="26" lemma="|find|" pos="VB" wid="26">find</w>
  <w id="27" lemma="|in|" pos="IN" wid="27">in</w>
  <w id="28" lemma="|each|" pos="DT" wid="28">each</w>
  <w id="29" lemma="|one|" pos="CD" wid="29">one</w>
  <w id="30" lemma="|of|" pos="IN" wid="30">of</w>
  <w id="31" lemma="|we|" pos="PRP" wid="31">us</w>
  <w id="32" lemma="|a|" pos="DT" wid="32">a</w>
  <w id="33" lemma="|good|" pos="JJ" wid="33">good</w>
  <w id="34" lemma="|and|" pos="CC" wid="34">and</w>
  <w id="35" lemma="|open|" pos="JJ" wid="35">open</w>
  <w id="36" lemma="|heart|" pos="NN" wid="36">heart</w>
  <w id="37" lemma="|that|" pos="IN" wid="37">that</w>
  <w id="38" lemma="|he|" pos="PRP" wid="38">he</w>
  <w id="39" lemma="|can|" pos="MD" wid="39">can</w>
  <w id="40" lemma="|fill|" pos="VB" wid="40">fill</w>
  <w id="41" lemma="|with|" pos="IN" wid="41">with</w>
  <w id="42" lemma="|he|" pos="PRP$" wid="42">his</w>
  <w id="43" lemma="|gift|" pos="NNS" wid="43">gifts</w>
  <w id="44" lemma="|.|" pos="." wid="44">.</w>
</sentence>
<sentence id="17">
  <w id="0" lemma="|after|" pos="IN" wid="0">After</w>
  <w id="1" lemma="|the|" pos="DT" wid="1">the</w>
  <w id="2" lemma="|Angelus|" pos="NNP" wid="2">Angelus</w>
  <w id="3" lemma="|:|" pos=":" wid="3">:</w>
  <w id="4" lemma="|I|" pos="PRP" wid="4">I</w>
  <w id="5" lemma="|be|" pos="VBP" wid="5">am</w>
  <w id="6" lemma="|happy|" pos="JJ" wid="6">happy</w>
  <w id="7" lemma="|to|" pos="TO" wid="7">to</w>
  <w id="8" lemma="|greet|" pos="VB" wid="8">greet</w>
  <w id="9" lemma="|all|" pos="PDT" wid="9">all</w>
  <w id="10" lemma="|the|" pos="DT" wid="10">the</w>
  <w id="11" lemma="|english-speaking|" pos="JJ" wid="11">English-speaking</w>
  <w id="12" lemma="|pilgrim|" pos="NNS" wid="12">pilgrims</w>
  <w id="13" lemma="|and|" pos="CC" wid="13">and</w>
  <w id="14" lemma="|visitor|" pos="NNS" wid="14">visitors</w>
  <w id="15" lemma="|present|" pos="JJ" wid="15">present</w>
  <w id="16" lemma="|for|" pos="IN" wid="16">for</w>
  <w id="17" lemma="|this|" pos="DT" wid="17">this</w>
  <w id="18" lemma="|Angelus|" pos="NNP" wid="18">Angelus</w>
  <w id="19" lemma="|.|" pos="." wid="19">.</w>
</sentence>
<sentence id="18">
  <w id="0" lemma="|today|" pos="NN" wid="0">Today</w>
  <w id="1" lemma="|,|" pos="," wid="1">,</w>
  <w id="2" lemma="|the|" pos="DT" wid="2">the</w>
  <w id="3" lemma="|First|" pos="NNP" wid="3">First</w>
  <w id="4" lemma="|Sunday|" pos="NNP" wid="4">Sunday</w>
  <w id="5" lemma="|of|" pos="IN" wid="5">of</w>
  <w id="6" lemma="|Advent|" pos="NNP" wid="6">Advent</w>
  <w id="7" lemma="|,|" pos="," wid="7">,</w>
  <w id="8" lemma="|the|" pos="DT" wid="8">the</w>
  <w id="9" lemma="|Church|" pos="NNP" wid="9">Church</w>
  <w id="10" lemma="|begin|" pos="VBZ" wid="10">begins</w>
  <w id="11" lemma="|a|" pos="DT" wid="11">a</w>
  <w id="12" lemma="|new|" pos="JJ" wid="12">new</w>
  <w id="13" lemma="|liturgical|" pos="JJ" wid="13">liturgical</w>
  <w id="14" lemma="|year|" pos="NN" wid="14">year</w>
  <w id="15" lemma="|.|" pos="." wid="15">.</w>
</sentence>
<sentence id="19">
  <w id="0" lemma="|the|" pos="DT" wid="0">The</w>
  <w id="1" lemma="|Gospel|" pos="NNP" wid="1">Gospel</w>
  <w id="2" lemma="|speak|" pos="VBZ" wid="2">speaks</w>
  <w id="3" lemma="|of|" pos="IN" wid="3">of</w>
  <w id="4" lemma="|Christ|" pos="NNP" wid="4">Christ</w>
  <w id="5" lemma="|,|" pos="," wid="5">,</w>
  <w id="6" lemma="|the|" pos="DT" wid="6">the</w>
  <w id="7" lemma="|Son|" pos="NNP" wid="7">Son</w>
  <w id="8" lemma="|of|" pos="IN" wid="8">of</w>
  <w id="9" lemma="|Man|" pos="NNP" wid="9">Man</w>
  <w id="10" lemma="|,|" pos="," wid="10">,</w>
  <w id="11" lemma="|and|" pos="CC" wid="11">and</w>
  <w id="12" lemma="|invite|" pos="VBZ" wid="12">invites</w>
  <w id="13" lemma="|we|" pos="PRP" wid="13">us</w>
  <w id="14" lemma="|to|" pos="TO" wid="14">to</w>
  <w id="15" lemma="|prepare|" pos="VB" wid="15">prepare</w>
  <w id="16" lemma="|we|" pos="PRP$" wid="16">our</w>
  <w id="17" lemma="|heart|" pos="NNS" wid="17">hearts</w>
  <w id="18" lemma="|to|" pos="TO" wid="18">to</w>
  <w id="19" lemma="|receive|" pos="VB" wid="19">receive</w>
  <w id="20" lemma="|he|" pos="PRP" wid="20">him</w>
  <w id="21" lemma="|.|" pos="." wid="21">.</w>
</sentence>
<sentence id="20">
  <w id="0" lemma="|May|" pos="NNP" wid="0">May</w>
  <w id="1" lemma="|Advent|" pos="NNP" wid="1">Advent</w>
  <w id="2" lemma="|be|" pos="VB" wid="2">be</w>
  <w id="3" lemma="|a|" pos="DT" wid="3">a</w>
  <w id="4" lemma="|time|" pos="NN" wid="4">time</w>
  <w id="5" lemma="|of|" pos="IN" wid="5">of</w>
  <w id="6" lemma="|purification|" pos="NN" wid="6">purification</w>
  <w id="7" lemma="|that|" pos="WDT" wid="7">that</w>
  <w id="8" lemma="|lead|" pos="VBZ" wid="8">leads</w>
  <w id="9" lemma="|to|" pos="TO" wid="9">to</w>
  <w id="10" lemma="|love|" pos="VB" wid="10">love</w>
  <w id="11" lemma="|,|" pos="," wid="11">,</w>
  <w id="12" lemma="|as|" pos="IN" wid="12">as</w>
  <w id="13" lemma="|we|" pos="PRP" wid="13">we</w>
  <w id="14" lemma="|look|" pos="VBP" wid="14">look</w>
  <w id="15" lemma="|with|" pos="IN" wid="15">with</w>
  <w id="16" lemma="|hope|" pos="NN" wid="16">hope</w>
  <w id="17" lemma="|to|" pos="TO" wid="17">to</w>
  <w id="18" lemma="|the|" pos="DT" wid="18">the</w>
  <w id="19" lemma="|dawn|" pos="NN" wid="19">dawn</w>
  <w id="20" lemma="|of|" pos="IN" wid="20">of</w>
  <w id="21" lemma="|he|" pos="PRP$" wid="21">his</w>
  <w id="22" lemma="|come|" pos="VBG" wid="22">coming</w>
  <w id="23" lemma="|.|" pos="." wid="23">.</w>
</sentence>
<sentence id="21">
  <w id="0" lemma="|I|" pos="PRP" wid="0">I</w>
  <w id="1" lemma="|wish|" pos="VBP" wid="1">wish</w>
  <w id="2" lemma="|you|" pos="PRP" wid="2">you</w>
  <w id="3" lemma="|all|" pos="PDT" wid="3">all</w>
  <w id="4" lemma="|a|" pos="DT" wid="4">a</w>
  <w id="5" lemma="|pleasant|" pos="JJ" wid="5">pleasant</w>
  <w id="6" lemma="|stay|" pos="NN" wid="6">stay</w>
  <w id="7" lemma="|in|" pos="IN" wid="7">in</w>
  <w id="8" lemma="|Rome|" pos="NNP" wid="8">Rome</w>
  <w id="9" lemma="|and|" pos="CC" wid="9">and</w>
  <w id="10" lemma="|a|" pos="DT" wid="10">a</w>
  <w id="11" lemma="|bless|" pos="VBN" wid="11">blessed</w>
  <w id="12" lemma="|Sunday|" pos="NNP" wid="12">Sunday</w>
  <w id="13" lemma="|!|" pos="." wid="13">!</w>
</sentence>
</corpus>