<corpus id="0">
<sentence id="0">
  <w id="0" lemma="|Dear|" pos="NNP" wid="0">Dear</w>
  <w id="1" lemma="|Brothers|" pos="NNPS" wid="1">Brothers</w>
  <w id="2" lemma="|and|" pos="CC" wid="2">and</w>
  <w id="3" lemma="|sister|" pos="NNS" wid="3">Sisters</w>
  <w id="4" lemma="|,|" pos="," wid="4">,</w>
  <w id="5" lemma="|today|" pos="NN" wid="5">Today</w>
  <w id="6" lemma="|,|" pos="," wid="6">,</w>
  <w id="7" lemma="|the|" pos="DT" wid="7">the</w>
  <w id="8" lemma="|last|" pos="JJ" wid="8">last</w>
  <w id="9" lemma="|Sunday|" pos="NNP" wid="9">Sunday</w>
  <w id="10" lemma="|of|" pos="IN" wid="10">of</w>
  <w id="11" lemma="|the|" pos="DT" wid="11">the</w>
  <w id="12" lemma="|liturgical|" pos="JJ" wid="12">liturgical</w>
  <w id="13" lemma="|year|" pos="NN" wid="13">year</w>
  <w id="14" lemma="|,|" pos="," wid="14">,</w>
  <w id="15" lemma="|we|" pos="PRP" wid="15">we</w>
  <w id="16" lemma="|be|" pos="VBP" wid="16">are</w>
  <w id="17" lemma="|celebrate|" pos="VBG" wid="17">celebrating</w>
  <w id="18" lemma="|the|" pos="DT" wid="18">the</w>
  <w id="19" lemma="|solemnity|" pos="NN" wid="19">Solemnity</w>
  <w id="20" lemma="|of|" pos="IN" wid="20">of</w>
  <w id="21" lemma="|Our|" pos="NNP" wid="21">Our</w>
  <w id="22" lemma="|Lord|" pos="NNP" wid="22">Lord</w>
  <w id="23" lemma="|Jesus|" pos="NNP" wid="23">Jesus</w>
  <w id="24" lemma="|Christ|" pos="NNP" wid="24">Christ</w>
  <w id="25" lemma="|,|" pos="," wid="25">,</w>
  <w id="26" lemma="|King|" pos="NNP" wid="26">King</w>
  <w id="27" lemma="|of|" pos="IN" wid="27">of</w>
  <w id="28" lemma="|the|" pos="DT" wid="28">the</w>
  <w id="29" lemma="|universe|" pos="NN" wid="29">Universe</w>
  <w id="30" lemma="|.|" pos="." wid="30">.</w>
</sentence>
<sentence id="1">
  <w id="0" lemma="|we|" pos="PRP" wid="0">We</w>
  <w id="1" lemma="|know|" pos="VBP" wid="1">know</w>
  <w id="2" lemma="|from|" pos="IN" wid="2">from</w>
  <w id="3" lemma="|the|" pos="DT" wid="3">the</w>
  <w id="4" lemma="|Gospels|" pos="NNPS" wid="4">Gospels</w>
  <w id="5" lemma="|that|" pos="IN" wid="5">that</w>
  <w id="6" lemma="|Jesus|" pos="NNP" wid="6">Jesus</w>
  <w id="7" lemma="|refuse|" pos="VBD" wid="7">refused</w>
  <w id="8" lemma="|the|" pos="DT" wid="8">the</w>
  <w id="9" lemma="|title|" pos="NN" wid="9">title</w>
  <w id="10" lemma="|of|" pos="IN" wid="10">of</w>
  <w id="11" lemma="|king|" pos="NN" wid="11">king</w>
  <w id="12" lemma="|when|" pos="WRB" wid="12">when</w>
  <w id="13" lemma="|it|" pos="PRP" wid="13">it</w>
  <w id="14" lemma="|be|" pos="VBD" wid="14">was</w>
  <w id="15" lemma="|mean|" pos="VBN" wid="15">meant</w>
  <w id="16" lemma="|in|" pos="IN" wid="16">in</w>
  <w id="17" lemma="|the|" pos="DT" wid="17">the</w>
  <w id="18" lemma="|political|" pos="JJ" wid="18">political</w>
  <w id="19" lemma="|sense|" pos="NN" wid="19">sense</w>
  <w id="20" lemma="|,|" pos="," wid="20">,</w>
  <w id="21" lemma="|by|" pos="IN" wid="21">by</w>
  <w id="22" lemma="|the|" pos="DT" wid="22">the</w>
  <w id="23" lemma="|standard|" pos="NNS" wid="23">standards</w>
  <w id="24" lemma="|of|" pos="IN" wid="24">of</w>
  <w id="25" lemma="|the|" pos="DT" wid="25">the</w>
  <w id="26" lemma="|``|" pos="``" wid="26">``</w>
  <w id="27" lemma="|ruler|" pos="NNS" wid="27">rulers</w>
  <w id="28" lemma="|of|" pos="IN" wid="28">of</w>
  <w id="29" lemma="|the|" pos="DT" wid="29">the</w>
  <w id="30" lemma="|Gentiles|" pos="NNPS" wid="30">Gentiles</w>
  <w id="31" lemma="|''|" pos="''" wid="31">''</w>
  <w id="32" lemma="|-lrb-|" pos="-LRB-" wid="32">-LRB-</w>
  <w id="33" lemma="|mt|" pos="NN" wid="33">Mt</w>
  <w id="34" lemma="|20|" pos="CD" wid="34">20</w>
  <w id="35" lemma="|:|" pos=":" wid="35">:</w>
  <w id="36" lemma="|25|" pos="CD" wid="36">25</w>
  <w id="37" lemma="|-rrb-|" pos="-RRB-" wid="37">-RRB-</w>
  <w id="38" lemma="|.|" pos="." wid="38">.</w>
</sentence>
<sentence id="2">
  <w id="0" lemma="|on|" pos="IN" wid="0">On</w>
  <w id="1" lemma="|the|" pos="DT" wid="1">the</w>
  <w id="2" lemma="|other|" pos="JJ" wid="2">other</w>
  <w id="3" lemma="|hand|" pos="NN" wid="3">hand</w>
  <w id="4" lemma="|,|" pos="," wid="4">,</w>
  <w id="5" lemma="|during|" pos="IN" wid="5">during</w>
  <w id="6" lemma="|he|" pos="PRP$" wid="6">his</w>
  <w id="7" lemma="|passion|" pos="NN" wid="7">Passion</w>
  <w id="8" lemma="|,|" pos="," wid="8">,</w>
  <w id="9" lemma="|he|" pos="PRP" wid="9">he</w>
  <w id="10" lemma="|claim|" pos="VBD" wid="10">claimed</w>
  <w id="11" lemma="|a|" pos="DT" wid="11">a</w>
  <w id="12" lemma="|unique|" pos="JJ" wid="12">unique</w>
  <w id="13" lemma="|kingship|" pos="NN" wid="13">kingship</w>
  <w id="14" lemma="|before|" pos="IN" wid="14">before</w>
  <w id="15" lemma="|Pilate|" pos="NNP" wid="15">Pilate</w>
  <w id="16" lemma="|,|" pos="," wid="16">,</w>
  <w id="17" lemma="|who|" pos="WP" wid="17">who</w>
  <w id="18" lemma="|explicitly|" pos="RB" wid="18">explicitly</w>
  <w id="19" lemma="|ask|" pos="VBD" wid="19">asked</w>
  <w id="20" lemma="|he|" pos="PRP" wid="20">him</w>
  <w id="21" lemma="|``|" pos="``" wid="21">``</w>
  <w id="22" lemma="|so|" pos="RB" wid="22">So</w>
  <w id="23" lemma="|you|" pos="PRP" wid="23">you</w>
  <w id="24" lemma="|be|" pos="VBP" wid="24">are</w>
  <w id="25" lemma="|a|" pos="DT" wid="25">a</w>
  <w id="26" lemma="|king|" pos="NN" wid="26">king</w>
  <w id="27" lemma="|?|" pos="." wid="27">?</w>
</sentence>
<sentence id="3">
  <w id="0" lemma="|``|" pos="``" wid="0">``</w>
  <w id="1" lemma="|,|" pos="," wid="1">,</w>
  <w id="2" lemma="|and|" pos="CC" wid="2">and</w>
  <w id="3" lemma="|Jesus|" pos="NNP" wid="3">Jesus</w>
  <w id="4" lemma="|answer|" pos="VBD" wid="4">answered</w>
  <w id="5" lemma="|,|" pos="," wid="5">,</w>
  <w id="6" lemma="|``|" pos="``" wid="6">``</w>
  <w id="7" lemma="|you|" pos="PRP" wid="7">You</w>
  <w id="8" lemma="|say|" pos="VBP" wid="8">say</w>
  <w id="9" lemma="|that|" pos="IN" wid="9">that</w>
  <w id="10" lemma="|I|" pos="PRP" wid="10">I</w>
  <w id="11" lemma="|be|" pos="VBP" wid="11">am</w>
  <w id="12" lemma="|a|" pos="DT" wid="12">a</w>
  <w id="13" lemma="|king|" pos="NN" wid="13">king</w>
  <w id="14" lemma="|''|" pos="''" wid="14">''</w>
  <w id="15" lemma="|-lrb-|" pos="-LRB-" wid="15">-LRB-</w>
  <w id="16" lemma="|jn|" pos="NN" wid="16">Jn</w>
  <w id="17" lemma="|18|" pos="CD" wid="17">18</w>
  <w id="18" lemma="|:|" pos=":" wid="18">:</w>
  <w id="19" lemma="|37|" pos="CD" wid="19">37</w>
  <w id="20" lemma="|-rrb-|" pos="-RRB-" wid="20">-RRB-</w>
  <w id="21" lemma="|;|" pos=":" wid="21">;</w>
  <w id="22" lemma="|however|" pos="RB" wid="22">however</w>
  <w id="23" lemma="|just|" pos="RB" wid="23">just</w>
  <w id="24" lemma="|previously|" pos="RB" wid="24">previously</w>
  <w id="25" lemma="|he|" pos="PRP" wid="25">he</w>
  <w id="26" lemma="|have|" pos="VBD" wid="26">had</w>
  <w id="27" lemma="|declare|" pos="VBN" wid="27">declared</w>
  <w id="28" lemma="|,|" pos="," wid="28">,</w>
  <w id="29" lemma="|``|" pos="``" wid="29">``</w>
  <w id="30" lemma="|my|" pos="PRP$" wid="30">My</w>
  <w id="31" lemma="|kingship|" pos="NN" wid="31">kingship</w>
  <w id="32" lemma="|be|" pos="VBZ" wid="32">is</w>
  <w id="33" lemma="|not|" pos="RB" wid="33">not</w>
  <w id="34" lemma="|of|" pos="IN" wid="34">of</w>
  <w id="35" lemma="|this|" pos="DT" wid="35">this</w>
  <w id="36" lemma="|world|" pos="NN" wid="36">world</w>
  <w id="37" lemma="|''|" pos="''" wid="37">''</w>
  <w id="38" lemma="|-lrb-|" pos="-LRB-" wid="38">-LRB-</w>
  <w id="39" lemma="|jn|" pos="NN" wid="39">Jn</w>
  <w id="40" lemma="|18|" pos="CD" wid="40">18</w>
  <w id="41" lemma="|:|" pos=":" wid="41">:</w>
  <w id="42" lemma="|36|" pos="CD" wid="42">36</w>
  <w id="43" lemma="|-rrb-|" pos="-RRB-" wid="43">-RRB-</w>
  <w id="44" lemma="|.|" pos="." wid="44">.</w>
</sentence>
<sentence id="4">
  <w id="0" lemma="|Christ|" pos="NNP" wid="0">Christ</w>
  <w id="1" lemma="|'s|" pos="POS" wid="1">'s</w>
  <w id="2" lemma="|kingship|" pos="NN" wid="2">kingship</w>
  <w id="3" lemma="|be|" pos="VBZ" wid="3">is</w>
  <w id="4" lemma="|in|" pos="IN" wid="4">in</w>
  <w id="5" lemma="|fact|" pos="NN" wid="5">fact</w>
  <w id="6" lemma="|a|" pos="DT" wid="6">a</w>
  <w id="7" lemma="|revelation|" pos="NN" wid="7">revelation</w>
  <w id="8" lemma="|and|" pos="CC" wid="8">and</w>
  <w id="9" lemma="|actuation|" pos="NN" wid="9">actuation</w>
  <w id="10" lemma="|of|" pos="IN" wid="10">of</w>
  <w id="11" lemma="|that|" pos="DT" wid="11">that</w>
  <w id="12" lemma="|of|" pos="IN" wid="12">of</w>
  <w id="13" lemma="|God|" pos="NNP" wid="13">God</w>
  <w id="14" lemma="|the|" pos="DT" wid="14">the</w>
  <w id="15" lemma="|Father|" pos="NNP" wid="15">Father</w>
  <w id="16" lemma="|,|" pos="," wid="16">,</w>
  <w id="17" lemma="|who|" pos="WP" wid="17">who</w>
  <w id="18" lemma="|govern|" pos="VBZ" wid="18">governs</w>
  <w id="19" lemma="|all|" pos="DT" wid="19">all</w>
  <w id="20" lemma="|thing|" pos="NNS" wid="20">things</w>
  <w id="21" lemma="|with|" pos="IN" wid="21">with</w>
  <w id="22" lemma="|love|" pos="NN" wid="22">love</w>
  <w id="23" lemma="|and|" pos="CC" wid="23">and</w>
  <w id="24" lemma="|justice|" pos="NN" wid="24">justice</w>
  <w id="25" lemma="|.|" pos="." wid="25">.</w>
</sentence>
<sentence id="5">
  <w id="0" lemma="|the|" pos="DT" wid="0">The</w>
  <w id="1" lemma="|Father|" pos="NNP" wid="1">Father</w>
  <w id="2" lemma="|entrust|" pos="VBD" wid="2">entrusted</w>
  <w id="3" lemma="|to|" pos="TO" wid="3">to</w>
  <w id="4" lemma="|the|" pos="DT" wid="4">the</w>
  <w id="5" lemma="|Son|" pos="NNP" wid="5">Son</w>
  <w id="6" lemma="|the|" pos="DT" wid="6">the</w>
  <w id="7" lemma="|mission|" pos="NN" wid="7">mission</w>
  <w id="8" lemma="|of|" pos="IN" wid="8">of</w>
  <w id="9" lemma="|give|" pos="VBG" wid="9">giving</w>
  <w id="10" lemma="|mankind|" pos="NN" wid="10">mankind</w>
  <w id="11" lemma="|eternal|" pos="JJ" wid="11">eternal</w>
  <w id="12" lemma="|life|" pos="NN" wid="12">life</w>
  <w id="13" lemma="|by|" pos="IN" wid="13">by</w>
  <w id="14" lemma="|love|" pos="VBG" wid="14">loving</w>
  <w id="15" lemma="|it|" pos="PRP" wid="15">it</w>
  <w id="16" lemma="|to|" pos="TO" wid="16">to</w>
  <w id="17" lemma="|the|" pos="DT" wid="17">the</w>
  <w id="18" lemma="|point|" pos="NN" wid="18">point</w>
  <w id="19" lemma="|of|" pos="IN" wid="19">of</w>
  <w id="20" lemma="|supreme|" pos="JJ" wid="20">supreme</w>
  <w id="21" lemma="|sacrifice|" pos="NN" wid="21">sacrifice</w>
  <w id="22" lemma="|and|" pos="CC" wid="22">and</w>
  <w id="23" lemma="|,|" pos="," wid="23">,</w>
  <w id="24" lemma="|at|" pos="IN" wid="24">at</w>
  <w id="25" lemma="|the|" pos="DT" wid="25">the</w>
  <w id="26" lemma="|same|" pos="JJ" wid="26">same</w>
  <w id="27" lemma="|time|" pos="NN" wid="27">time</w>
  <w id="28" lemma="|,|" pos="," wid="28">,</w>
  <w id="29" lemma="|confer|" pos="VBD" wid="29">conferred</w>
  <w id="30" lemma="|upon|" pos="IN" wid="30">upon</w>
  <w id="31" lemma="|he|" pos="PRP" wid="31">him</w>
  <w id="32" lemma="|the|" pos="DT" wid="32">the</w>
  <w id="33" lemma="|power|" pos="NN" wid="33">power</w>
  <w id="34" lemma="|of|" pos="IN" wid="34">of</w>
  <w id="35" lemma="|judge|" pos="VBG" wid="35">judging</w>
  <w id="36" lemma="|humanity|" pos="NN" wid="36">humanity</w>
  <w id="37" lemma="|,|" pos="," wid="37">,</w>
  <w id="38" lemma="|since|" pos="IN" wid="38">since</w>
  <w id="39" lemma="|he|" pos="PRP" wid="39">he</w>
  <w id="40" lemma="|make|" pos="VBD" wid="40">made</w>
  <w id="41" lemma="|himself|" pos="PRP" wid="41">himself</w>
  <w id="42" lemma="|Son|" pos="NNP" wid="42">Son</w>
  <w id="43" lemma="|of|" pos="IN" wid="43">of</w>
  <w id="44" lemma="|man|" pos="NN" wid="44">man</w>
  <w id="45" lemma="|,|" pos="," wid="45">,</w>
  <w id="46" lemma="|like|" pos="IN" wid="46">like</w>
  <w id="47" lemma="|we|" pos="PRP" wid="47">us</w>
  <w id="48" lemma="|in|" pos="IN" wid="48">in</w>
  <w id="49" lemma="|all|" pos="DT" wid="49">all</w>
  <w id="50" lemma="|thing|" pos="NNS" wid="50">things</w>
  <w id="51" lemma="|-lrb-|" pos="-LRB-" wid="51">-LRB-</w>
  <w id="52" lemma="|cf|" pos="NN" wid="52">cf</w>
  <w id="53" lemma="|.|" pos="." wid="53">.</w>
</sentence>
<sentence id="6">
  <w id="0" lemma="|jn|" pos="NN" wid="0">Jn</w>
  <w id="1" lemma="|5|" pos="CD" wid="1">5</w>
  <w id="2" lemma="|:|" pos=":" wid="2">:</w>
  <w id="3" lemma="|21-22|" pos="CD" wid="3">21-22</w>
  <w id="4" lemma="|,|" pos="," wid="4">,</w>
  <w id="5" lemma="|26-27|" pos="CD" wid="5">26-27</w>
  <w id="6" lemma="|-rrb-|" pos="-RRB-" wid="6">-RRB-</w>
  <w id="7" lemma="|.|" pos="." wid="7">.</w>
</sentence>
<sentence id="7">
  <w id="0" lemma="|today|" pos="NN" wid="0">Today</w>
  <w id="1" lemma="|'s|" pos="POS" wid="1">'s</w>
  <w id="2" lemma="|gospel|" pos="NN" wid="2">Gospel</w>
  <w id="3" lemma="|insist|" pos="VBZ" wid="3">insists</w>
  <w id="4" lemma="|precisely|" pos="RB" wid="4">precisely</w>
  <w id="5" lemma="|on|" pos="IN" wid="5">on</w>
  <w id="6" lemma="|the|" pos="DT" wid="6">the</w>
  <w id="7" lemma="|universal|" pos="JJ" wid="7">universal</w>
  <w id="8" lemma="|kingship|" pos="NN" wid="8">kingship</w>
  <w id="9" lemma="|of|" pos="IN" wid="9">of</w>
  <w id="10" lemma="|Christ|" pos="NNP" wid="10">Christ</w>
  <w id="11" lemma="|the|" pos="DT" wid="11">the</w>
  <w id="12" lemma="|Judge|" pos="NNP" wid="12">Judge</w>
  <w id="13" lemma="|,|" pos="," wid="13">,</w>
  <w id="14" lemma="|with|" pos="IN" wid="14">with</w>
  <w id="15" lemma="|the|" pos="DT" wid="15">the</w>
  <w id="16" lemma="|stupendous|" pos="JJ" wid="16">stupendous</w>
  <w id="17" lemma="|parable|" pos="NN" wid="17">parable</w>
  <w id="18" lemma="|of|" pos="IN" wid="18">of</w>
  <w id="19" lemma="|the|" pos="DT" wid="19">the</w>
  <w id="20" lemma="|last|" pos="JJ" wid="20">Last</w>
  <w id="21" lemma="|judgment|" pos="NN" wid="21">Judgment</w>
  <w id="22" lemma="|,|" pos="," wid="22">,</w>
  <w id="23" lemma="|which|" pos="WDT" wid="23">which</w>
  <w id="24" lemma="|St|" pos="NNP" wid="24">St</w>
  <w id="25" lemma="|Matthew|" pos="NNP" wid="25">Matthew</w>
  <w id="26" lemma="|place|" pos="VBD" wid="26">placed</w>
  <w id="27" lemma="|immediately|" pos="RB" wid="27">immediately</w>
  <w id="28" lemma="|before|" pos="IN" wid="28">before</w>
  <w id="29" lemma="|the|" pos="DT" wid="29">the</w>
  <w id="30" lemma="|passion|" pos="NN" wid="30">Passion</w>
  <w id="31" lemma="|narrative|" pos="NN" wid="31">narrative</w>
  <w id="32" lemma="|-lrb-|" pos="-LRB-" wid="32">-LRB-</w>
  <w id="33" lemma="|25|" pos="CD" wid="33">25</w>
  <w id="34" lemma="|:|" pos=":" wid="34">:</w>
  <w id="35" lemma="|31-46|" pos="CD" wid="35">31-46</w>
  <w id="36" lemma="|-rrb-|" pos="-RRB-" wid="36">-RRB-</w>
  <w id="37" lemma="|.|" pos="." wid="37">.</w>
</sentence>
<sentence id="8">
  <w id="0" lemma="|the|" pos="DT" wid="0">The</w>
  <w id="1" lemma="|image|" pos="NNS" wid="1">images</w>
  <w id="2" lemma="|be|" pos="VBP" wid="2">are</w>
  <w id="3" lemma="|simple|" pos="JJ" wid="3">simple</w>
  <w id="4" lemma="|,|" pos="," wid="4">,</w>
  <w id="5" lemma="|the|" pos="DT" wid="5">the</w>
  <w id="6" lemma="|language|" pos="NN" wid="6">language</w>
  <w id="7" lemma="|be|" pos="VBZ" wid="7">is</w>
  <w id="8" lemma="|popular|" pos="JJ" wid="8">popular</w>
  <w id="9" lemma="|,|" pos="," wid="9">,</w>
  <w id="10" lemma="|but|" pos="CC" wid="10">but</w>
  <w id="11" lemma="|the|" pos="DT" wid="11">the</w>
  <w id="12" lemma="|message|" pos="NN" wid="12">message</w>
  <w id="13" lemma="|be|" pos="VBZ" wid="13">is</w>
  <w id="14" lemma="|extremely|" pos="RB" wid="14">extremely</w>
  <w id="15" lemma="|important|" pos="JJ" wid="15">important</w>
  <w id="16" lemma="|:|" pos=":" wid="16">:</w>
  <w id="17" lemma="|it|" pos="PRP" wid="17">it</w>
  <w id="18" lemma="|be|" pos="VBZ" wid="18">is</w>
  <w id="19" lemma="|the|" pos="DT" wid="19">the</w>
  <w id="20" lemma="|truth|" pos="NN" wid="20">truth</w>
  <w id="21" lemma="|about|" pos="IN" wid="21">about</w>
  <w id="22" lemma="|we|" pos="PRP$" wid="22">our</w>
  <w id="23" lemma="|ultimate|" pos="JJ" wid="23">ultimate</w>
  <w id="24" lemma="|destiny|" pos="NN" wid="24">destiny</w>
  <w id="25" lemma="|and|" pos="CC" wid="25">and</w>
  <w id="26" lemma="|about|" pos="IN" wid="26">about</w>
  <w id="27" lemma="|the|" pos="DT" wid="27">the</w>
  <w id="28" lemma="|criterion|" pos="NN" wid="28">criterion</w>
  <w id="29" lemma="|by|" pos="IN" wid="29">by</w>
  <w id="30" lemma="|which|" pos="WDT" wid="30">which</w>
  <w id="31" lemma="|we|" pos="PRP" wid="31">we</w>
  <w id="32" lemma="|will|" pos="MD" wid="32">will</w>
  <w id="33" lemma="|be|" pos="VB" wid="33">be</w>
  <w id="34" lemma="|evaluate|" pos="VBN" wid="34">evaluated</w>
  <w id="35" lemma="|.|" pos="." wid="35">.</w>
</sentence>
<sentence id="9">
  <w id="0" lemma="|``|" pos="``" wid="0">``</w>
  <w id="1" lemma="|I|" pos="PRP" wid="1">I</w>
  <w id="2" lemma="|be|" pos="VBD" wid="2">was</w>
  <w id="3" lemma="|hungry|" pos="JJ" wid="3">hungry</w>
  <w id="4" lemma="|and|" pos="CC" wid="4">and</w>
  <w id="5" lemma="|you|" pos="PRP" wid="5">you</w>
  <w id="6" lemma="|give|" pos="VBD" wid="6">gave</w>
  <w id="7" lemma="|I|" pos="PRP" wid="7">me</w>
  <w id="8" lemma="|food|" pos="NN" wid="8">food</w>
  <w id="9" lemma="|,|" pos="," wid="9">,</w>
  <w id="10" lemma="|I|" pos="PRP" wid="10">I</w>
  <w id="11" lemma="|be|" pos="VBD" wid="11">was</w>
  <w id="12" lemma="|thirsty|" pos="JJ" wid="12">thirsty</w>
  <w id="13" lemma="|and|" pos="CC" wid="13">and</w>
  <w id="14" lemma="|you|" pos="PRP" wid="14">you</w>
  <w id="15" lemma="|give|" pos="VBD" wid="15">gave</w>
  <w id="16" lemma="|I|" pos="PRP" wid="16">me</w>
  <w id="17" lemma="|drink|" pos="NN" wid="17">drink</w>
  <w id="18" lemma="|,|" pos="," wid="18">,</w>
  <w id="19" lemma="|I|" pos="PRP" wid="19">I</w>
  <w id="20" lemma="|be|" pos="VBD" wid="20">was</w>
  <w id="21" lemma="|a|" pos="DT" wid="21">a</w>
  <w id="22" lemma="|stranger|" pos="NN" wid="22">stranger</w>
  <w id="23" lemma="|and|" pos="CC" wid="23">and</w>
  <w id="24" lemma="|you|" pos="PRP" wid="24">you</w>
  <w id="25" lemma="|welcome|" pos="VBD" wid="25">welcomed</w>
  <w id="26" lemma="|I|" pos="PRP" wid="26">me</w>
  <w id="27" lemma="|''|" pos="''" wid="27">''</w>
  <w id="28" lemma="|-lrb-|" pos="-LRB-" wid="28">-LRB-</w>
  <w id="29" lemma="|mt|" pos="NN" wid="29">Mt</w>
  <w id="30" lemma="|25|" pos="CD" wid="30">25</w>
  <w id="31" lemma="|:|" pos=":" wid="31">:</w>
  <w id="32" lemma="|35|" pos="CD" wid="32">35</w>
  <w id="33" lemma="|-rrb-|" pos="-RRB-" wid="33">-RRB-</w>
  <w id="34" lemma="|and|" pos="CC" wid="34">and</w>
  <w id="35" lemma="|so|" pos="RB" wid="35">so</w>
  <w id="36" lemma="|forth|" pos="RB" wid="36">forth</w>
  <w id="37" lemma="|.|" pos="." wid="37">.</w>
</sentence>
<sentence id="10">
  <w id="0" lemma="|who|" pos="WP" wid="0">Who</w>
  <w id="1" lemma="|do|" pos="VBZ" wid="1">does</w>
  <w id="2" lemma="|not|" pos="RB" wid="2">not</w>
  <w id="3" lemma="|know|" pos="VB" wid="3">know</w>
  <w id="4" lemma="|this|" pos="DT" wid="4">this</w>
  <w id="5" lemma="|passage|" pos="NN" wid="5">passage</w>
  <w id="6" lemma="|?|" pos="." wid="6">?</w>
</sentence>
<sentence id="11">
  <w id="0" lemma="|it|" pos="PRP" wid="0">It</w>
  <w id="1" lemma="|be|" pos="VBZ" wid="1">is</w>
  <w id="2" lemma="|part|" pos="NN" wid="2">part</w>
  <w id="3" lemma="|of|" pos="IN" wid="3">of</w>
  <w id="4" lemma="|we|" pos="PRP$" wid="4">our</w>
  <w id="5" lemma="|civilization|" pos="NN" wid="5">civilization</w>
  <w id="6" lemma="|.|" pos="." wid="6">.</w>
</sentence>
<sentence id="12">
  <w id="0" lemma="|it|" pos="PRP" wid="0">It</w>
  <w id="1" lemma="|have|" pos="VBZ" wid="1">has</w>
  <w id="2" lemma="|mark|" pos="VBN" wid="2">marked</w>
  <w id="3" lemma="|the|" pos="DT" wid="3">the</w>
  <w id="4" lemma="|history|" pos="NN" wid="4">history</w>
  <w id="5" lemma="|of|" pos="IN" wid="5">of</w>
  <w id="6" lemma="|the|" pos="DT" wid="6">the</w>
  <w id="7" lemma="|people|" pos="NNS" wid="7">peoples</w>
  <w id="8" lemma="|of|" pos="IN" wid="8">of</w>
  <w id="9" lemma="|christian|" pos="JJ" wid="9">Christian</w>
  <w id="10" lemma="|culture|" pos="NN" wid="10">culture</w>
  <w id="11" lemma="|:|" pos=":" wid="11">:</w>
  <w id="12" lemma="|the|" pos="DT" wid="12">the</w>
  <w id="13" lemma="|hierarchy|" pos="NN" wid="13">hierarchy</w>
  <w id="14" lemma="|of|" pos="IN" wid="14">of</w>
  <w id="15" lemma="|value|" pos="NNS" wid="15">values</w>
  <w id="16" lemma="|,|" pos="," wid="16">,</w>
  <w id="17" lemma="|the|" pos="DT" wid="17">the</w>
  <w id="18" lemma="|institution|" pos="NNS" wid="18">institutions</w>
  <w id="19" lemma="|,|" pos="," wid="19">,</w>
  <w id="20" lemma="|the|" pos="DT" wid="20">the</w>
  <w id="21" lemma="|multiple|" pos="JJ" wid="21">multiple</w>
  <w id="22" lemma="|charitable|" pos="JJ" wid="22">charitable</w>
  <w id="23" lemma="|and|" pos="CC" wid="23">and</w>
  <w id="24" lemma="|social|" pos="JJ" wid="24">social</w>
  <w id="25" lemma="|organization|" pos="NNS" wid="25">organizations</w>
  <w id="26" lemma="|.|" pos="." wid="26">.</w>
</sentence>
<sentence id="13">
  <w id="0" lemma="|in|" pos="IN" wid="0">In</w>
  <w id="1" lemma="|fact|" pos="NN" wid="1">fact</w>
  <w id="2" lemma="|,|" pos="," wid="2">,</w>
  <w id="3" lemma="|the|" pos="DT" wid="3">the</w>
  <w id="4" lemma="|Kingdom|" pos="NNP" wid="4">Kingdom</w>
  <w id="5" lemma="|of|" pos="IN" wid="5">of</w>
  <w id="6" lemma="|Christ|" pos="NNP" wid="6">Christ</w>
  <w id="7" lemma="|be|" pos="VBZ" wid="7">is</w>
  <w id="8" lemma="|not|" pos="RB" wid="8">not</w>
  <w id="9" lemma="|of|" pos="IN" wid="9">of</w>
  <w id="10" lemma="|this|" pos="DT" wid="10">this</w>
  <w id="11" lemma="|world|" pos="NN" wid="11">world</w>
  <w id="12" lemma="|,|" pos="," wid="12">,</w>
  <w id="13" lemma="|but|" pos="CC" wid="13">but</w>
  <w id="14" lemma="|it|" pos="PRP" wid="14">it</w>
  <w id="15" lemma="|bring|" pos="VBZ" wid="15">brings</w>
  <w id="16" lemma="|to|" pos="TO" wid="16">to</w>
  <w id="17" lemma="|fulfilment|" pos="VB" wid="17">fulfilment</w>
  <w id="18" lemma="|all|" pos="PDT" wid="18">all</w>
  <w id="19" lemma="|the|" pos="DT" wid="19">the</w>
  <w id="20" lemma="|good|" pos="JJ" wid="20">good</w>
  <w id="21" lemma="|that|" pos="IN" wid="21">that</w>
  <w id="22" lemma="|,|" pos="," wid="22">,</w>
  <w id="23" lemma="|thank|" pos="VB" wid="23">thank</w>
  <w id="24" lemma="|God|" pos="NNP" wid="24">God</w>
  <w id="25" lemma="|,|" pos="," wid="25">,</w>
  <w id="26" lemma="|exist|" pos="VBZ" wid="26">exists</w>
  <w id="27" lemma="|in|" pos="IN" wid="27">in</w>
  <w id="28" lemma="|man|" pos="NN" wid="28">man</w>
  <w id="29" lemma="|and|" pos="CC" wid="29">and</w>
  <w id="30" lemma="|in|" pos="IN" wid="30">in</w>
  <w id="31" lemma="|history|" pos="NN" wid="31">history</w>
  <w id="32" lemma="|.|" pos="." wid="32">.</w>
</sentence>
<sentence id="14">
  <w id="0" lemma="|if|" pos="IN" wid="0">If</w>
  <w id="1" lemma="|we|" pos="PRP" wid="1">we</w>
  <w id="2" lemma="|put|" pos="VBP" wid="2">put</w>
  <w id="3" lemma="|love|" pos="NN" wid="3">love</w>
  <w id="4" lemma="|for|" pos="IN" wid="4">for</w>
  <w id="5" lemma="|we|" pos="PRP$" wid="5">our</w>
  <w id="6" lemma="|neighbour|" pos="NN" wid="6">neighbour</w>
  <w id="7" lemma="|into|" pos="IN" wid="7">into</w>
  <w id="8" lemma="|practice|" pos="NN" wid="8">practice</w>
  <w id="9" lemma="|in|" pos="IN" wid="9">in</w>
  <w id="10" lemma="|accordance|" pos="NN" wid="10">accordance</w>
  <w id="11" lemma="|with|" pos="IN" wid="11">with</w>
  <w id="12" lemma="|the|" pos="DT" wid="12">the</w>
  <w id="13" lemma="|Gospel|" pos="NNP" wid="13">Gospel</w>
  <w id="14" lemma="|message|" pos="NN" wid="14">message</w>
  <w id="15" lemma="|,|" pos="," wid="15">,</w>
  <w id="16" lemma="|we|" pos="PRP" wid="16">we</w>
  <w id="17" lemma="|make|" pos="VBP" wid="17">make</w>
  <w id="18" lemma="|room|" pos="NN" wid="18">room</w>
  <w id="19" lemma="|for|" pos="IN" wid="19">for</w>
  <w id="20" lemma="|God|" pos="NNP" wid="20">God</w>
  <w id="21" lemma="|'s|" pos="POS" wid="21">'s</w>
  <w id="22" lemma="|dominion|" pos="NN" wid="22">dominion</w>
  <w id="23" lemma="|and|" pos="CC" wid="23">and</w>
  <w id="24" lemma="|he|" pos="PRP$" wid="24">his</w>
  <w id="25" lemma="|Kingdom|" pos="NNP" wid="25">Kingdom</w>
  <w id="26" lemma="|be|" pos="VBZ" wid="26">is</w>
  <w id="27" lemma="|actualize|" pos="VBN" wid="27">actualized</w>
  <w id="28" lemma="|among|" pos="IN" wid="28">among</w>
  <w id="29" lemma="|we|" pos="PRP" wid="29">us</w>
  <w id="30" lemma="|.|" pos="." wid="30">.</w>
</sentence>
<sentence id="15">
  <w id="0" lemma="|if|" pos="IN" wid="0">If</w>
  <w id="1" lemma="|,|" pos="," wid="1">,</w>
  <w id="2" lemma="|instead|" pos="RB" wid="2">instead</w>
  <w id="3" lemma="|,|" pos="," wid="3">,</w>
  <w id="4" lemma="|each|" pos="DT" wid="4">each</w>
  <w id="5" lemma="|one|" pos="NN" wid="5">one</w>
  <w id="6" lemma="|think|" pos="VBZ" wid="6">thinks</w>
  <w id="7" lemma="|only|" pos="RB" wid="7">only</w>
  <w id="8" lemma="|of|" pos="IN" wid="8">of</w>
  <w id="9" lemma="|he|" pos="PRP$" wid="9">his</w>
  <w id="10" lemma="|or|" pos="CC" wid="10">or</w>
  <w id="11" lemma="|she|" pos="PRP$" wid="11">her</w>
  <w id="12" lemma="|own|" pos="JJ" wid="12">own</w>
  <w id="13" lemma="|interest|" pos="NNS" wid="13">interests</w>
  <w id="14" lemma="|,|" pos="," wid="14">,</w>
  <w id="15" lemma="|the|" pos="DT" wid="15">the</w>
  <w id="16" lemma="|world|" pos="NN" wid="16">world</w>
  <w id="17" lemma="|can|" pos="MD" wid="17">can</w>
  <w id="18" lemma="|only|" pos="RB" wid="18">only</w>
  <w id="19" lemma="|go|" pos="VB" wid="19">go</w>
  <w id="20" lemma="|to|" pos="TO" wid="20">to</w>
  <w id="21" lemma="|ruin|" pos="VB" wid="21">ruin</w>
  <w id="22" lemma="|.|" pos="." wid="22">.</w>
</sentence>
<sentence id="16">
  <w id="0" lemma="|Dear|" pos="NNP" wid="0">Dear</w>
  <w id="1" lemma="|friend|" pos="NNS" wid="1">friends</w>
  <w id="2" lemma="|,|" pos="," wid="2">,</w>
  <w id="3" lemma="|the|" pos="DT" wid="3">the</w>
  <w id="4" lemma="|Kingdom|" pos="NNP" wid="4">Kingdom</w>
  <w id="5" lemma="|of|" pos="IN" wid="5">of</w>
  <w id="6" lemma="|God|" pos="NNP" wid="6">God</w>
  <w id="7" lemma="|be|" pos="VBZ" wid="7">is</w>
  <w id="8" lemma="|not|" pos="RB" wid="8">not</w>
  <w id="9" lemma="|a|" pos="DT" wid="9">a</w>
  <w id="10" lemma="|matter|" pos="NN" wid="10">matter</w>
  <w id="11" lemma="|of|" pos="IN" wid="11">of</w>
  <w id="12" lemma="|honour|" pos="NNS" wid="12">honours</w>
  <w id="13" lemma="|and|" pos="CC" wid="13">and</w>
  <w id="14" lemma="|appearance|" pos="NNS" wid="14">appearances</w>
  <w id="15" lemma="|but|" pos="CC" wid="15">but</w>
  <w id="16" lemma="|,|" pos="," wid="16">,</w>
  <w id="17" lemma="|as|" pos="IN" wid="17">as</w>
  <w id="18" lemma="|St|" pos="NNP" wid="18">St</w>
  <w id="19" lemma="|Paul|" pos="NNP" wid="19">Paul</w>
  <w id="20" lemma="|write|" pos="VBZ" wid="20">writes</w>
  <w id="21" lemma="|,|" pos="," wid="21">,</w>
  <w id="22" lemma="|it|" pos="PRP" wid="22">it</w>
  <w id="23" lemma="|be|" pos="VBZ" wid="23">is</w>
  <w id="24" lemma="|``|" pos="``" wid="24">``</w>
  <w id="25" lemma="|righteousness|" pos="NN" wid="25">righteousness</w>
  <w id="26" lemma="|and|" pos="CC" wid="26">and</w>
  <w id="27" lemma="|peace|" pos="NN" wid="27">peace</w>
  <w id="28" lemma="|,|" pos="," wid="28">,</w>
  <w id="29" lemma="|and|" pos="CC" wid="29">and</w>
  <w id="30" lemma="|joy|" pos="NN" wid="30">joy</w>
  <w id="31" lemma="|in|" pos="IN" wid="31">in</w>
  <w id="32" lemma="|the|" pos="DT" wid="32">the</w>
  <w id="33" lemma="|holy|" pos="JJ" wid="33">Holy</w>
  <w id="34" lemma="|spirit|" pos="NN" wid="34">Spirit</w>
  <w id="35" lemma="|''|" pos="''" wid="35">''</w>
  <w id="36" lemma="|-lrb-|" pos="-LRB-" wid="36">-LRB-</w>
  <w id="37" lemma="|rm|" pos="NN" wid="37">Rm</w>
  <w id="38" lemma="|14|" pos="CD" wid="38">14</w>
  <w id="39" lemma="|:|" pos=":" wid="39">:</w>
  <w id="40" lemma="|17|" pos="CD" wid="40">17</w>
  <w id="41" lemma="|-rrb-|" pos="-RRB-" wid="41">-RRB-</w>
  <w id="42" lemma="|.|" pos="." wid="42">.</w>
</sentence>
<sentence id="17">
  <w id="0" lemma="|the|" pos="DT" wid="0">The</w>
  <w id="1" lemma="|Lord|" pos="NNP" wid="1">Lord</w>
  <w id="2" lemma="|have|" pos="VBZ" wid="2">has</w>
  <w id="3" lemma="|we|" pos="PRP$" wid="3">our</w>
  <w id="4" lemma="|good|" pos="NN" wid="4">good</w>
  <w id="5" lemma="|at|" pos="IN" wid="5">at</w>
  <w id="6" lemma="|heart|" pos="NN" wid="6">heart</w>
  <w id="7" lemma="|,|" pos="," wid="7">,</w>
  <w id="8" lemma="|that|" pos="DT" wid="8">that</w>
  <w id="9" lemma="|be|" pos="VBZ" wid="9">is</w>
  <w id="10" lemma="|,|" pos="," wid="10">,</w>
  <w id="11" lemma="|that|" pos="IN" wid="11">that</w>
  <w id="12" lemma="|every|" pos="DT" wid="12">every</w>
  <w id="13" lemma="|person|" pos="NN" wid="13">person</w>
  <w id="14" lemma="|should|" pos="MD" wid="14">should</w>
  <w id="15" lemma="|have|" pos="VB" wid="15">have</w>
  <w id="16" lemma="|life|" pos="NN" wid="16">life</w>
  <w id="17" lemma="|,|" pos="," wid="17">,</w>
  <w id="18" lemma="|and|" pos="CC" wid="18">and</w>
  <w id="19" lemma="|that|" pos="IN" wid="19">that</w>
  <w id="20" lemma="|especially|" pos="RB" wid="20">especially</w>
  <w id="21" lemma="|the|" pos="DT" wid="21">the</w>
  <w id="22" lemma="|``|" pos="``" wid="22">``</w>
  <w id="23" lemma="|least|" pos="JJS" wid="23">least</w>
  <w id="24" lemma="|''|" pos="''" wid="24">''</w>
  <w id="25" lemma="|of|" pos="IN" wid="25">of</w>
  <w id="26" lemma="|he|" pos="PRP$" wid="26">his</w>
  <w id="27" lemma="|child|" pos="NNS" wid="27">children</w>
  <w id="28" lemma="|may|" pos="MD" wid="28">may</w>
  <w id="29" lemma="|have|" pos="VB" wid="29">have</w>
  <w id="30" lemma="|access|" pos="NN" wid="30">access</w>
  <w id="31" lemma="|to|" pos="TO" wid="31">to</w>
  <w id="32" lemma="|the|" pos="DT" wid="32">the</w>
  <w id="33" lemma="|banquet|" pos="NN" wid="33">banquet</w>
  <w id="34" lemma="|he|" pos="PRP" wid="34">he</w>
  <w id="35" lemma="|have|" pos="VBZ" wid="35">has</w>
  <w id="36" lemma="|prepare|" pos="VBN" wid="36">prepared</w>
  <w id="37" lemma="|for|" pos="IN" wid="37">for</w>
  <w id="38" lemma="|all|" pos="DT" wid="38">all</w>
  <w id="39" lemma="|.|" pos="." wid="39">.</w>
</sentence>
<sentence id="18">
  <w id="0" lemma="|thus|" pos="RB" wid="0">Thus</w>
  <w id="1" lemma="|he|" pos="PRP" wid="1">he</w>
  <w id="2" lemma="|have|" pos="VBZ" wid="2">has</w>
  <w id="3" lemma="|no|" pos="DT" wid="3">no</w>
  <w id="4" lemma="|use|" pos="NN" wid="4">use</w>
  <w id="5" lemma="|for|" pos="IN" wid="5">for</w>
  <w id="6" lemma="|the|" pos="DT" wid="6">the</w>
  <w id="7" lemma="|form|" pos="NNS" wid="7">forms</w>
  <w id="8" lemma="|of|" pos="IN" wid="8">of</w>
  <w id="9" lemma="|hypocrisy|" pos="NN" wid="9">hypocrisy</w>
  <w id="10" lemma="|of|" pos="IN" wid="10">of</w>
  <w id="11" lemma="|those|" pos="DT" wid="11">those</w>
  <w id="12" lemma="|who|" pos="WP" wid="12">who</w>
  <w id="13" lemma="|say|" pos="VBP" wid="13">say</w>
  <w id="14" lemma="|:|" pos=":" wid="14">:</w>
  <w id="15" lemma="|``|" pos="``" wid="15">``</w>
  <w id="16" lemma="|Lord|" pos="NNP" wid="16">Lord</w>
  <w id="17" lemma="|,|" pos="," wid="17">,</w>
  <w id="18" lemma="|Lord|" pos="NNP" wid="18">Lord</w>
  <w id="19" lemma="|''|" pos="''" wid="19">''</w>
  <w id="20" lemma="|and|" pos="CC" wid="20">and</w>
  <w id="21" lemma="|then|" pos="RB" wid="21">then</w>
  <w id="22" lemma="|neglect|" pos="NN" wid="22">neglect</w>
  <w id="23" lemma="|he|" pos="PRP$" wid="23">his</w>
  <w id="24" lemma="|commandment|" pos="NNS" wid="24">commandments</w>
  <w id="25" lemma="|-lrb-|" pos="-LRB-" wid="25">-LRB-</w>
  <w id="26" lemma="|cf|" pos="NN" wid="26">cf</w>
  <w id="27" lemma="|.|" pos="." wid="27">.</w>
</sentence>
<sentence id="19">
  <w id="0" lemma="|mt|" pos="NN" wid="0">Mt</w>
  <w id="1" lemma="|7|" pos="CD" wid="1">7</w>
  <w id="2" lemma="|:|" pos=":" wid="2">:</w>
  <w id="3" lemma="|21|" pos="CD" wid="3">21</w>
  <w id="4" lemma="|-rrb-|" pos="-RRB-" wid="4">-RRB-</w>
  <w id="5" lemma="|.|" pos="." wid="5">.</w>
</sentence>
<sentence id="20">
  <w id="0" lemma="|in|" pos="IN" wid="0">In</w>
  <w id="1" lemma="|he|" pos="PRP$" wid="1">his</w>
  <w id="2" lemma="|eternal|" pos="JJ" wid="2">eternal</w>
  <w id="3" lemma="|Kingdom|" pos="NNP" wid="3">Kingdom</w>
  <w id="4" lemma="|,|" pos="," wid="4">,</w>
  <w id="5" lemma="|God|" pos="NNP" wid="5">God</w>
  <w id="6" lemma="|welcome|" pos="VBZ" wid="6">welcomes</w>
  <w id="7" lemma="|those|" pos="DT" wid="7">those</w>
  <w id="8" lemma="|who|" pos="WP" wid="8">who</w>
  <w id="9" lemma="|strive|" pos="VBP" wid="9">strive</w>
  <w id="10" lemma="|day|" pos="NN" wid="10">day</w>
  <w id="11" lemma="|after|" pos="IN" wid="11">after</w>
  <w id="12" lemma="|day|" pos="NN" wid="12">day</w>
  <w id="13" lemma="|to|" pos="TO" wid="13">to</w>
  <w id="14" lemma="|put|" pos="VB" wid="14">put</w>
  <w id="15" lemma="|he|" pos="PRP$" wid="15">his</w>
  <w id="16" lemma="|word|" pos="NN" wid="16">Word</w>
  <w id="17" lemma="|into|" pos="IN" wid="17">into</w>
  <w id="18" lemma="|practice|" pos="NN" wid="18">practice</w>
  <w id="19" lemma="|.|" pos="." wid="19">.</w>
</sentence>
<sentence id="21">
  <w id="0" lemma="|for|" pos="IN" wid="0">For</w>
  <w id="1" lemma="|this|" pos="DT" wid="1">this</w>
  <w id="2" lemma="|reason|" pos="NN" wid="2">reason</w>
  <w id="3" lemma="|the|" pos="DT" wid="3">the</w>
  <w id="4" lemma="|Virgin|" pos="NNP" wid="4">Virgin</w>
  <w id="5" lemma="|Mary|" pos="NNP" wid="5">Mary</w>
  <w id="6" lemma="|,|" pos="," wid="6">,</w>
  <w id="7" lemma="|the|" pos="DT" wid="7">the</w>
  <w id="8" lemma="|humblest|" pos="JJS" wid="8">humblest</w>
  <w id="9" lemma="|of|" pos="IN" wid="9">of</w>
  <w id="10" lemma="|all|" pos="DT" wid="10">all</w>
  <w id="11" lemma="|creature|" pos="NNS" wid="11">creatures</w>
  <w id="12" lemma="|,|" pos="," wid="12">,</w>
  <w id="13" lemma="|be|" pos="VBZ" wid="13">is</w>
  <w id="14" lemma="|the|" pos="DT" wid="14">the</w>
  <w id="15" lemma="|greatest|" pos="JJS" wid="15">greatest</w>
  <w id="16" lemma="|in|" pos="IN" wid="16">in</w>
  <w id="17" lemma="|he|" pos="PRP$" wid="17">his</w>
  <w id="18" lemma="|eye|" pos="NNS" wid="18">eyes</w>
  <w id="19" lemma="|and|" pos="CC" wid="19">and</w>
  <w id="20" lemma="|sit|" pos="VBZ" wid="20">sits</w>
  <w id="21" lemma="|as|" pos="IN" wid="21">as</w>
  <w id="22" lemma="|Queen|" pos="NNP" wid="22">Queen</w>
  <w id="23" lemma="|at|" pos="IN" wid="23">at</w>
  <w id="24" lemma="|the|" pos="DT" wid="24">the</w>
  <w id="25" lemma="|right|" pos="NN" wid="25">right</w>
  <w id="26" lemma="|of|" pos="IN" wid="26">of</w>
  <w id="27" lemma="|Christ|" pos="NNP" wid="27">Christ</w>
  <w id="28" lemma="|the|" pos="DT" wid="28">the</w>
  <w id="29" lemma="|King|" pos="NNP" wid="29">King</w>
  <w id="30" lemma="|.|" pos="." wid="30">.</w>
</sentence>
<sentence id="22">
  <w id="0" lemma="|let|" pos="VB" wid="0">Let</w>
  <w id="1" lemma="|we|" pos="PRP" wid="1">us</w>
  <w id="2" lemma="|once|" pos="RB" wid="2">once</w>
  <w id="3" lemma="|again|" pos="RB" wid="3">again</w>
  <w id="4" lemma="|entrust|" pos="VB" wid="4">entrust</w>
  <w id="5" lemma="|ourselves|" pos="PRP" wid="5">ourselves</w>
  <w id="6" lemma="|to|" pos="TO" wid="6">to</w>
  <w id="7" lemma="|she|" pos="PRP$" wid="7">her</w>
  <w id="8" lemma="|heavenly|" pos="JJ" wid="8">heavenly</w>
  <w id="9" lemma="|intercession|" pos="NN" wid="9">intercession</w>
  <w id="10" lemma="|with|" pos="IN" wid="10">with</w>
  <w id="11" lemma="|filial|" pos="JJ" wid="11">filial</w>
  <w id="12" lemma="|trust|" pos="NN" wid="12">trust</w>
  <w id="13" lemma="|,|" pos="," wid="13">,</w>
  <w id="14" lemma="|to|" pos="TO" wid="14">to</w>
  <w id="15" lemma="|be|" pos="VB" wid="15">be</w>
  <w id="16" lemma="|able|" pos="JJ" wid="16">able</w>
  <w id="17" lemma="|to|" pos="TO" wid="17">to</w>
  <w id="18" lemma="|carry|" pos="VB" wid="18">carry</w>
  <w id="19" lemma="|out|" pos="RP" wid="19">out</w>
  <w id="20" lemma="|we|" pos="PRP$" wid="20">our</w>
  <w id="21" lemma="|Christian|" pos="NNP" wid="21">Christian</w>
  <w id="22" lemma="|mission|" pos="NN" wid="22">mission</w>
  <w id="23" lemma="|in|" pos="IN" wid="23">in</w>
  <w id="24" lemma="|the|" pos="DT" wid="24">the</w>
  <w id="25" lemma="|world|" pos="NN" wid="25">world</w>
  <w id="26" lemma="|.|" pos="." wid="26">.</w>
</sentence>
<sentence id="23">
  <w id="0" lemma="|after|" pos="IN" wid="0">After</w>
  <w id="1" lemma="|the|" pos="DT" wid="1">the</w>
  <w id="2" lemma="|Angelus|" pos="NNP" wid="2">Angelus</w>
  <w id="3" lemma="|:|" pos=":" wid="3">:</w>
  <w id="4" lemma="|tomorrow|" pos="NN" wid="4">Tomorrow</w>
  <w id="5" lemma="|in|" pos="IN" wid="5">in</w>
  <w id="6" lemma="|the|" pos="DT" wid="6">the</w>
  <w id="7" lemma="|city|" pos="NN" wid="7">city</w>
  <w id="8" lemma="|of|" pos="IN" wid="8">of</w>
  <w id="9" lemma="|Nagasaki|" pos="NNP" wid="9">Nagasaki</w>
  <w id="10" lemma="|,|" pos="," wid="10">,</w>
  <w id="11" lemma="|Japan|" pos="NNP" wid="11">Japan</w>
  <w id="12" lemma="|,|" pos="," wid="12">,</w>
  <w id="13" lemma="|188|" pos="CD" wid="13">188</w>
  <w id="14" lemma="|martyr|" pos="NNS" wid="14">martyrs</w>
  <w id="15" lemma="|,|" pos="," wid="15">,</w>
  <w id="16" lemma="|all|" pos="DT" wid="16">all</w>
  <w id="17" lemma="|japanese|" pos="JJ" wid="17">Japanese</w>
  <w id="18" lemma="|man|" pos="NNS" wid="18">men</w>
  <w id="19" lemma="|and|" pos="CC" wid="19">and</w>
  <w id="20" lemma="|woman|" pos="NNS" wid="20">women</w>
  <w id="21" lemma="|kill|" pos="VBN" wid="21">killed</w>
  <w id="22" lemma="|in|" pos="IN" wid="22">in</w>
  <w id="23" lemma="|the|" pos="DT" wid="23">the</w>
  <w id="24" lemma="|first|" pos="JJ" wid="24">first</w>
  <w id="25" lemma="|part|" pos="NN" wid="25">part</w>
  <w id="26" lemma="|of|" pos="IN" wid="26">of</w>
  <w id="27" lemma="|the|" pos="DT" wid="27">the</w>
  <w id="28" lemma="|17th|" pos="JJ" wid="28">17th</w>
  <w id="29" lemma="|century|" pos="NN" wid="29">century</w>
  <w id="30" lemma="|will|" pos="MD" wid="30">will</w>
  <w id="31" lemma="|be|" pos="VB" wid="31">be</w>
  <w id="32" lemma="|beatify|" pos="VBN" wid="32">beatified</w>
  <w id="33" lemma="|.|" pos="." wid="33">.</w>
</sentence>
<sentence id="24">
  <w id="0" lemma="|on|" pos="IN" wid="0">On</w>
  <w id="1" lemma="|this|" pos="DT" wid="1">this</w>
  <w id="2" lemma="|occasion|" pos="NN" wid="2">occasion</w>
  <w id="3" lemma="|,|" pos="," wid="3">,</w>
  <w id="4" lemma="|so|" pos="RB" wid="4">so</w>
  <w id="5" lemma="|significant|" pos="JJ" wid="5">significant</w>
  <w id="6" lemma="|for|" pos="IN" wid="6">for</w>
  <w id="7" lemma="|the|" pos="DT" wid="7">the</w>
  <w id="8" lemma="|Catholic|" pos="NNP" wid="8">Catholic</w>
  <w id="9" lemma="|community|" pos="NN" wid="9">community</w>
  <w id="10" lemma="|and|" pos="CC" wid="10">and</w>
  <w id="11" lemma="|for|" pos="IN" wid="11">for</w>
  <w id="12" lemma="|the|" pos="DT" wid="12">the</w>
  <w id="13" lemma="|entire|" pos="JJ" wid="13">entire</w>
  <w id="14" lemma="|Country|" pos="NNP" wid="14">Country</w>
  <w id="15" lemma="|of|" pos="IN" wid="15">of</w>
  <w id="16" lemma="|the|" pos="DT" wid="16">the</w>
  <w id="17" lemma="|rising|" pos="JJ" wid="17">Rising</w>
  <w id="18" lemma="|sun|" pos="NN" wid="18">Sun</w>
  <w id="19" lemma="|,|" pos="," wid="19">,</w>
  <w id="20" lemma="|I|" pos="PRP" wid="20">I</w>
  <w id="21" lemma="|assure|" pos="VBP" wid="21">assure</w>
  <w id="22" lemma="|my|" pos="PRP$" wid="22">my</w>
  <w id="23" lemma="|spiritual|" pos="JJ" wid="23">spiritual</w>
  <w id="24" lemma="|closeness|" pos="NN" wid="24">closeness</w>
  <w id="25" lemma="|.|" pos="." wid="25">.</w>
</sentence>
<sentence id="25">
  <w id="0" lemma="|in|" pos="IN" wid="0">In</w>
  <w id="1" lemma="|addition|" pos="NN" wid="1">addition</w>
  <w id="2" lemma="|,|" pos="," wid="2">,</w>
  <w id="3" lemma="|next|" pos="JJ" wid="3">next</w>
  <w id="4" lemma="|Saturday|" pos="NNP" wid="4">Saturday</w>
  <w id="5" lemma="|-lsb-|" pos="-LRB-" wid="5">-LSB-</w>
  <w id="6" lemma="|29|" pos="CD" wid="6">29</w>
  <w id="7" lemma="|Nov.|" pos="NNP" wid="7">Nov.</w>
  <w id="8" lemma="|-rsb-|" pos="-RRB-" wid="8">-RSB-</w>
  <w id="9" lemma="|bl|" pos="NN" wid="9">Bl</w>
  <w id="10" lemma="|.|" pos="." wid="10">.</w>
</sentence>
<sentence id="26">
  <w id="0" lemma="|bro|" pos="NN" wid="0">Bro</w>
  <w id="1" lemma="|.|" pos="." wid="1">.</w>
</sentence>
<sentence id="27">
  <w id="0" lemma="|José|" pos="NNP" wid="0">José</w>
  <w id="1" lemma="|Olallo|" pos="NNP" wid="1">Olallo</w>
  <w id="2" lemma="|Valdés|" pos="NNP" wid="2">Valdés</w>
  <w id="3" lemma="|of|" pos="IN" wid="3">of</w>
  <w id="4" lemma="|the|" pos="DT" wid="4">the</w>
  <w id="5" lemma="|Hospitaller|" pos="NNP" wid="5">Hospitaller</w>
  <w id="6" lemma="|Order|" pos="NNP" wid="6">Order</w>
  <w id="7" lemma="|of|" pos="IN" wid="7">of</w>
  <w id="8" lemma="|St|" pos="NNP" wid="8">St</w>
  <w id="9" lemma="|John|" pos="NNP" wid="9">John</w>
  <w id="10" lemma="|of|" pos="IN" wid="10">of</w>
  <w id="11" lemma="|God|" pos="NNP" wid="11">God</w>
  <w id="12" lemma="|will|" pos="MD" wid="12">will</w>
  <w id="13" lemma="|be|" pos="VB" wid="13">be</w>
  <w id="14" lemma="|beatify|" pos="VBN" wid="14">beatified</w>
  <w id="15" lemma="|in|" pos="IN" wid="15">in</w>
  <w id="16" lemma="|Cuba|" pos="NNP" wid="16">Cuba</w>
  <w id="17" lemma="|.|" pos="." wid="17">.</w>
</sentence>
<sentence id="28">
  <w id="0" lemma="|I|" pos="PRP" wid="0">I</w>
  <w id="1" lemma="|entrust|" pos="VBP" wid="1">entrust</w>
  <w id="2" lemma="|the|" pos="DT" wid="2">the</w>
  <w id="3" lemma="|cuban|" pos="JJ" wid="3">Cuban</w>
  <w id="4" lemma="|people|" pos="NNS" wid="4">people</w>
  <w id="5" lemma="|to|" pos="TO" wid="5">to</w>
  <w id="6" lemma="|he|" pos="PRP$" wid="6">his</w>
  <w id="7" lemma="|heavenly|" pos="JJ" wid="7">heavenly</w>
  <w id="8" lemma="|protection|" pos="NN" wid="8">protection</w>
  <w id="9" lemma="|,|" pos="," wid="9">,</w>
  <w id="10" lemma="|especially|" pos="RB" wid="10">especially</w>
  <w id="11" lemma="|the|" pos="DT" wid="11">the</w>
  <w id="12" lemma="|sick|" pos="JJ" wid="12">sick</w>
  <w id="13" lemma="|and|" pos="CC" wid="13">and</w>
  <w id="14" lemma="|the|" pos="DT" wid="14">the</w>
  <w id="15" lemma="|health|" pos="NN" wid="15">health</w>
  <w id="16" lemma="|care|" pos="NN" wid="16">care</w>
  <w id="17" lemma="|worker|" pos="NNS" wid="17">workers</w>
  <w id="18" lemma="|.|" pos="." wid="18">.</w>
</sentence>
<sentence id="29">
  <w id="0" lemma="|I|" pos="PRP" wid="0">I</w>
  <w id="1" lemma="|greet|" pos="VBP" wid="1">greet</w>
  <w id="2" lemma="|all|" pos="PDT" wid="2">all</w>
  <w id="3" lemma="|the|" pos="DT" wid="3">the</w>
  <w id="4" lemma="|english-speaking|" pos="JJ" wid="4">English-speaking</w>
  <w id="5" lemma="|visitor|" pos="NNS" wid="5">visitors</w>
  <w id="6" lemma="|present|" pos="JJ" wid="6">present</w>
  <w id="7" lemma="|at|" pos="IN" wid="7">at</w>
  <w id="8" lemma="|this|" pos="DT" wid="8">this</w>
  <w id="9" lemma="|Angelus|" pos="NNP" wid="9">Angelus</w>
  <w id="10" lemma="|.|" pos="." wid="10">.</w>
</sentence>
<sentence id="30">
  <w id="0" lemma="|in|" pos="IN" wid="0">In</w>
  <w id="1" lemma="|today|" pos="NN" wid="1">today</w>
  <w id="2" lemma="|'s|" pos="POS" wid="2">'s</w>
  <w id="3" lemma="|solemnity|" pos="NN" wid="3">Solemnity</w>
  <w id="4" lemma="|of|" pos="IN" wid="4">of</w>
  <w id="5" lemma="|Christ|" pos="NNP" wid="5">Christ</w>
  <w id="6" lemma="|the|" pos="DT" wid="6">the</w>
  <w id="7" lemma="|King|" pos="NNP" wid="7">King</w>
  <w id="8" lemma="|we|" pos="PRP" wid="8">we</w>
  <w id="9" lemma="|pray|" pos="VBP" wid="9">pray</w>
  <w id="10" lemma="|that|" pos="IN" wid="10">that</w>
  <w id="11" lemma="|the|" pos="DT" wid="11">the</w>
  <w id="12" lemma="|Lord|" pos="NNP" wid="12">Lord</w>
  <w id="13" lemma="|may|" pos="MD" wid="13">may</w>
  <w id="14" lemma="|reign|" pos="VB" wid="14">reign</w>
  <w id="15" lemma="|in|" pos="IN" wid="15">in</w>
  <w id="16" lemma="|we|" pos="PRP$" wid="16">our</w>
  <w id="17" lemma="|heart|" pos="NNS" wid="17">hearts</w>
  <w id="18" lemma="|.|" pos="." wid="18">.</w>
</sentence>
<sentence id="31">
  <w id="0" lemma="|sustained|" pos="JJ" wid="0">Sustained</w>
  <w id="1" lemma="|by|" pos="IN" wid="1">by</w>
  <w id="2" lemma="|he|" pos="PRP$" wid="2">his</w>
  <w id="3" lemma="|grace|" pos="NN" wid="3">grace</w>
  <w id="4" lemma="|in|" pos="IN" wid="4">in</w>
  <w id="5" lemma="|faith|" pos="NN" wid="5">faith</w>
  <w id="6" lemma="|and|" pos="CC" wid="6">and</w>
  <w id="7" lemma="|love|" pos="NN" wid="7">love</w>
  <w id="8" lemma="|,|" pos="," wid="8">,</w>
  <w id="9" lemma="|we|" pos="PRP" wid="9">we</w>
  <w id="10" lemma="|trust|" pos="VBP" wid="10">trust</w>
  <w id="11" lemma="|that|" pos="IN" wid="11">that</w>
  <w id="12" lemma="|by|" pos="IN" wid="12">by</w>
  <w id="13" lemma="|bear|" pos="VBG" wid="13">bearing</w>
  <w id="14" lemma="|witness|" pos="NN" wid="14">witness</w>
  <w id="15" lemma="|to|" pos="TO" wid="15">to</w>
  <w id="16" lemma="|he|" pos="PRP" wid="16">him</w>
  <w id="17" lemma="|on|" pos="IN" wid="17">on</w>
  <w id="18" lemma="|earth|" pos="NN" wid="18">earth</w>
  <w id="19" lemma="|we|" pos="PRP" wid="19">we</w>
  <w id="20" lemma="|may|" pos="MD" wid="20">may</w>
  <w id="21" lemma="|be|" pos="VB" wid="21">be</w>
  <w id="22" lemma="|find|" pos="VBN" wid="22">found</w>
  <w id="23" lemma="|worthy|" pos="JJ" wid="23">worthy</w>
  <w id="24" lemma="|of|" pos="IN" wid="24">of</w>
  <w id="25" lemma="|he|" pos="PRP$" wid="25">his</w>
  <w id="26" lemma="|promise|" pos="NNS" wid="26">promises</w>
  <w id="27" lemma="|in|" pos="IN" wid="27">in</w>
  <w id="28" lemma="|heaven|" pos="NN" wid="28">heaven</w>
  <w id="29" lemma="|.|" pos="." wid="29">.</w>
</sentence>
<sentence id="32">
  <w id="0" lemma="|I|" pos="PRP" wid="0">I</w>
  <w id="1" lemma="|wish|" pos="VBP" wid="1">wish</w>
  <w id="2" lemma="|you|" pos="PRP" wid="2">you</w>
  <w id="3" lemma="|all|" pos="PDT" wid="3">all</w>
  <w id="4" lemma="|a|" pos="DT" wid="4">a</w>
  <w id="5" lemma="|pleasant|" pos="JJ" wid="5">pleasant</w>
  <w id="6" lemma="|stay|" pos="NN" wid="6">stay</w>
  <w id="7" lemma="|in|" pos="IN" wid="7">in</w>
  <w id="8" lemma="|Rome|" pos="NNP" wid="8">Rome</w>
  <w id="9" lemma="|and|" pos="CC" wid="9">and</w>
  <w id="10" lemma="|a|" pos="DT" wid="10">a</w>
  <w id="11" lemma="|bless|" pos="VBN" wid="11">blessed</w>
  <w id="12" lemma="|Sunday|" pos="NNP" wid="12">Sunday</w>
  <w id="13" lemma="|!|" pos="." wid="13">!</w>
</sentence>
<sentence id="33">
  <w id="0" lemma="|let|" pos="VB" wid="0">Let</w>
  <w id="1" lemma="|we|" pos="PRP" wid="1">us</w>
  <w id="2" lemma="|also|" pos="RB" wid="2">also</w>
  <w id="3" lemma="|rejoice|" pos="VBP" wid="3">rejoice</w>
  <w id="4" lemma="|in|" pos="IN" wid="4">in</w>
  <w id="5" lemma="|anticipation|" pos="NN" wid="5">anticipation</w>
  <w id="6" lemma="|with|" pos="IN" wid="6">with</w>
  <w id="7" lemma="|we|" pos="PRP$" wid="7">our</w>
  <w id="8" lemma="|brother|" pos="NNS" wid="8">brothers</w>
  <w id="9" lemma="|and|" pos="CC" wid="9">and</w>
  <w id="10" lemma="|sister|" pos="NNS" wid="10">sisters</w>
  <w id="11" lemma="|in|" pos="IN" wid="11">in</w>
  <w id="12" lemma="|Japan|" pos="NNP" wid="12">Japan</w>
  <w id="13" lemma="|,|" pos="," wid="13">,</w>
  <w id="14" lemma="|who|" pos="WP" wid="14">who</w>
  <w id="15" lemma="|celebrate|" pos="VBP" wid="15">celebrate</w>
  <w id="16" lemma="|tomorrow|" pos="NN" wid="16">tomorrow</w>
  <w id="17" lemma="|in|" pos="IN" wid="17">in</w>
  <w id="18" lemma="|Nagasaki|" pos="NNP" wid="18">Nagasaki</w>
  <w id="19" lemma="|the|" pos="DT" wid="19">the</w>
  <w id="20" lemma="|beatification|" pos="NN" wid="20">beatification</w>
  <w id="21" lemma="|of|" pos="IN" wid="21">of</w>
  <w id="22" lemma="|the|" pos="DT" wid="22">the</w>
  <w id="23" lemma="|venerable|" pos="JJ" wid="23">Venerable</w>
  <w id="24" lemma="|servant|" pos="NNS" wid="24">Servants</w>
  <w id="25" lemma="|of|" pos="IN" wid="25">of</w>
  <w id="26" lemma="|God|" pos="NNP" wid="26">God</w>
  <w id="27" lemma="|Peter|" pos="NNP" wid="27">Peter</w>
  <w id="28" lemma="|Kibe|" pos="NNP" wid="28">Kibe</w>
  <w id="29" lemma="|Kasui|" pos="NNP" wid="29">Kasui</w>
  <w id="30" lemma="|and|" pos="CC" wid="30">and</w>
  <w id="31" lemma="|he|" pos="PRP$" wid="31">his</w>
  <w id="32" lemma="|187|" pos="CD" wid="32">187</w>
  <w id="33" lemma="|companion|" pos="NN" wid="33">companion</w>
  <w id="34" lemma="|martyr|" pos="NNS" wid="34">martyrs</w>
  <w id="35" lemma="|.|" pos="." wid="35">.</w>
</sentence>
<sentence id="34">
  <w id="0" lemma="|May|" pos="NNP" wid="0">May</w>
  <w id="1" lemma="|they|" pos="PRP$" wid="1">their</w>
  <w id="2" lemma="|victory|" pos="NN" wid="2">victory</w>
  <w id="3" lemma="|in|" pos="IN" wid="3">in</w>
  <w id="4" lemma="|Christ|" pos="NNP" wid="4">Christ</w>
  <w id="5" lemma="|over|" pos="IN" wid="5">over</w>
  <w id="6" lemma="|sin|" pos="NN" wid="6">sin</w>
  <w id="7" lemma="|and|" pos="CC" wid="7">and</w>
  <w id="8" lemma="|death|" pos="NN" wid="8">death</w>
  <w id="9" lemma="|fill|" pos="VBP" wid="9">fill</w>
  <w id="10" lemma="|we|" pos="PRP" wid="10">us</w>
  <w id="11" lemma="|all|" pos="DT" wid="11">all</w>
  <w id="12" lemma="|with|" pos="IN" wid="12">with</w>
  <w id="13" lemma="|hope|" pos="NN" wid="13">hope</w>
  <w id="14" lemma="|and|" pos="CC" wid="14">and</w>
  <w id="15" lemma="|courage|" pos="NN" wid="15">courage</w>
  <w id="16" lemma="|!|" pos="." wid="16">!</w>
</sentence>
</corpus>