<corpus id="0">
<sentence id="0">
  <w id="0" lemma="|Dear|" pos="NNP" wid="0">Dear</w>
  <w id="1" lemma="|Brothers|" pos="NNPS" wid="1">Brothers</w>
  <w id="2" lemma="|and|" pos="CC" wid="2">and</w>
  <w id="3" lemma="|sister|" pos="NNS" wid="3">Sisters</w>
  <w id="4" lemma="|,|" pos="," wid="4">,</w>
  <w id="5" lemma="|the|" pos="DT" wid="5">The</w>
  <w id="6" lemma="|gospel|" pos="NN" wid="6">Gospel</w>
  <w id="7" lemma="|parable|" pos="NNS" wid="7">parables</w>
  <w id="8" lemma="|be|" pos="VBP" wid="8">are</w>
  <w id="9" lemma="|brief|" pos="JJ" wid="9">brief</w>
  <w id="10" lemma="|account|" pos="NNS" wid="10">accounts</w>
  <w id="11" lemma="|that|" pos="IN" wid="11">that</w>
  <w id="12" lemma="|Jesus|" pos="NNP" wid="12">Jesus</w>
  <w id="13" lemma="|use|" pos="VBZ" wid="13">uses</w>
  <w id="14" lemma="|to|" pos="TO" wid="14">to</w>
  <w id="15" lemma="|proclaim|" pos="VB" wid="15">proclaim</w>
  <w id="16" lemma="|the|" pos="DT" wid="16">the</w>
  <w id="17" lemma="|mystery|" pos="NNS" wid="17">mysteries</w>
  <w id="18" lemma="|of|" pos="IN" wid="18">of</w>
  <w id="19" lemma="|the|" pos="DT" wid="19">the</w>
  <w id="20" lemma="|Kingdom|" pos="NNP" wid="20">Kingdom</w>
  <w id="21" lemma="|of|" pos="IN" wid="21">of</w>
  <w id="22" lemma="|Heaven|" pos="NNP" wid="22">Heaven</w>
  <w id="23" lemma="|.|" pos="." wid="23">.</w>
</sentence>
<sentence id="1">
  <w id="0" lemma="|use|" pos="VBG" wid="0">Using</w>
  <w id="1" lemma="|imagery|" pos="NN" wid="1">imagery</w>
  <w id="2" lemma="|from|" pos="IN" wid="2">from</w>
  <w id="3" lemma="|situation|" pos="NNS" wid="3">situations</w>
  <w id="4" lemma="|of|" pos="IN" wid="4">of</w>
  <w id="5" lemma="|daily|" pos="JJ" wid="5">daily</w>
  <w id="6" lemma="|life|" pos="NN" wid="6">life</w>
  <w id="7" lemma="|,|" pos="," wid="7">,</w>
  <w id="8" lemma="|the|" pos="DT" wid="8">the</w>
  <w id="9" lemma="|Lord|" pos="NNP" wid="9">Lord</w>
  <w id="10" lemma="|``|" pos="``" wid="10">``</w>
  <w id="11" lemma="|want|" pos="VBZ" wid="11">wants</w>
  <w id="12" lemma="|to|" pos="TO" wid="12">to</w>
  <w id="13" lemma="|show|" pos="VB" wid="13">show</w>
  <w id="14" lemma="|we|" pos="PRP" wid="14">us</w>
  <w id="15" lemma="|the|" pos="DT" wid="15">the</w>
  <w id="16" lemma="|real|" pos="JJ" wid="16">real</w>
  <w id="17" lemma="|ground|" pos="NN" wid="17">ground</w>
  <w id="18" lemma="|of|" pos="IN" wid="18">of</w>
  <w id="19" lemma="|all|" pos="DT" wid="19">all</w>
  <w id="20" lemma="|thing|" pos="NNS" wid="20">things</w>
  <w id="21" lemma="|...|" pos=":" wid="21">...</w>
  <w id="22" lemma="|.|" pos="." wid="22">.</w>
</sentence>
<sentence id="2">
  <w id="0" lemma="|he|" pos="PRP" wid="0">He</w>
  <w id="1" lemma="|show|" pos="VBZ" wid="1">shows</w>
  <w id="2" lemma="|we|" pos="PRP" wid="2">us</w>
  <w id="3" lemma="|...|" pos=":" wid="3">...</w>
  <w id="4" lemma="|the|" pos="DT" wid="4">the</w>
  <w id="5" lemma="|God|" pos="NNP" wid="5">God</w>
  <w id="6" lemma="|who|" pos="WP" wid="6">who</w>
  <w id="7" lemma="|act|" pos="VBZ" wid="7">acts</w>
  <w id="8" lemma="|,|" pos="," wid="8">,</w>
  <w id="9" lemma="|who|" pos="WP" wid="9">who</w>
  <w id="10" lemma="|intervene|" pos="VBZ" wid="10">intervenes</w>
  <w id="11" lemma="|in|" pos="IN" wid="11">in</w>
  <w id="12" lemma="|we|" pos="PRP$" wid="12">our</w>
  <w id="13" lemma="|life|" pos="NNS" wid="13">lives</w>
  <w id="14" lemma="|,|" pos="," wid="14">,</w>
  <w id="15" lemma="|and|" pos="CC" wid="15">and</w>
  <w id="16" lemma="|want|" pos="VBZ" wid="16">wants</w>
  <w id="17" lemma="|to|" pos="TO" wid="17">to</w>
  <w id="18" lemma="|take|" pos="VB" wid="18">take</w>
  <w id="19" lemma="|we|" pos="PRP" wid="19">us</w>
  <w id="20" lemma="|by|" pos="IN" wid="20">by</w>
  <w id="21" lemma="|the|" pos="DT" wid="21">the</w>
  <w id="22" lemma="|hand|" pos="NN" wid="22">hand</w>
  <w id="23" lemma="|''|" pos="''" wid="23">''</w>
  <w id="24" lemma="|-lrb-|" pos="-LRB-" wid="24">-LRB-</w>
  <w id="25" lemma="|Jesus|" pos="NNP" wid="25">Jesus</w>
  <w id="26" lemma="|of|" pos="IN" wid="26">of</w>
  <w id="27" lemma="|Nazareth|" pos="NNP" wid="27">Nazareth</w>
  <w id="28" lemma="|:|" pos=":" wid="28">:</w>
  <w id="29" lemma="|from|" pos="IN" wid="29">From</w>
  <w id="30" lemma="|the|" pos="DT" wid="30">the</w>
  <w id="31" lemma="|Baptism|" pos="NNP" wid="31">Baptism</w>
  <w id="32" lemma="|in|" pos="IN" wid="32">in</w>
  <w id="33" lemma="|the|" pos="DT" wid="33">the</w>
  <w id="34" lemma="|Jordan|" pos="NNP" wid="34">Jordan</w>
  <w id="35" lemma="|to|" pos="TO" wid="35">to</w>
  <w id="36" lemma="|the|" pos="DT" wid="36">the</w>
  <w id="37" lemma="|Transfiguration|" pos="NNP" wid="37">Transfiguration</w>
  <w id="38" lemma="|,|" pos="," wid="38">,</w>
  <w id="39" lemma="|English|" pos="NNP" wid="39">English</w>
  <w id="40" lemma="|edition|" pos="NN" wid="40">edition</w>
  <w id="41" lemma="|,|" pos="," wid="41">,</w>
  <w id="42" lemma="|Doubleday|" pos="NNP" wid="42">Doubleday</w>
  <w id="43" lemma="|,|" pos="," wid="43">,</w>
  <w id="44" lemma="|2007|" pos="CD" wid="44">2007</w>
  <w id="45" lemma="|,|" pos="," wid="45">,</w>
  <w id="46" lemma="|p.|" pos="NN" wid="46">p.</w>
  <w id="47" lemma="|192|" pos="CD" wid="47">192</w>
  <w id="48" lemma="|-rrb-|" pos="-RRB-" wid="48">-RRB-</w>
  <w id="49" lemma="|.|" pos="." wid="49">.</w>
</sentence>
<sentence id="3">
  <w id="0" lemma="|with|" pos="IN" wid="0">With</w>
  <w id="1" lemma="|this|" pos="DT" wid="1">this</w>
  <w id="2" lemma="|kind|" pos="NN" wid="2">kind</w>
  <w id="3" lemma="|of|" pos="IN" wid="3">of</w>
  <w id="4" lemma="|discourse|" pos="NN" wid="4">discourse</w>
  <w id="5" lemma="|the|" pos="DT" wid="5">the</w>
  <w id="6" lemma="|divine|" pos="JJ" wid="6">divine</w>
  <w id="7" lemma="|teacher|" pos="NN" wid="7">Teacher</w>
  <w id="8" lemma="|invite|" pos="VBZ" wid="8">invites</w>
  <w id="9" lemma="|we|" pos="PRP" wid="9">us</w>
  <w id="10" lemma="|to|" pos="TO" wid="10">to</w>
  <w id="11" lemma="|recognize|" pos="VB" wid="11">recognize</w>
  <w id="12" lemma="|first|" pos="RB" wid="12">first</w>
  <w id="13" lemma="|of|" pos="IN" wid="13">of</w>
  <w id="14" lemma="|all|" pos="PDT" wid="14">all</w>
  <w id="15" lemma="|the|" pos="DT" wid="15">the</w>
  <w id="16" lemma="|primacy|" pos="NN" wid="16">primacy</w>
  <w id="17" lemma="|of|" pos="IN" wid="17">of</w>
  <w id="18" lemma="|God|" pos="NNP" wid="18">God</w>
  <w id="19" lemma="|the|" pos="DT" wid="19">the</w>
  <w id="20" lemma="|Father|" pos="NNP" wid="20">Father</w>
  <w id="21" lemma="|:|" pos=":" wid="21">:</w>
  <w id="22" lemma="|Wherever|" pos="NNP" wid="22">Wherever</w>
  <w id="23" lemma="|he|" pos="PRP" wid="23">he</w>
  <w id="24" lemma="|be|" pos="VBZ" wid="24">is</w>
  <w id="25" lemma="|absent|" pos="JJ" wid="25">absent</w>
  <w id="26" lemma="|,|" pos="," wid="26">,</w>
  <w id="27" lemma="|nothing|" pos="NN" wid="27">nothing</w>
  <w id="28" lemma="|can|" pos="MD" wid="28">can</w>
  <w id="29" lemma="|be|" pos="VB" wid="29">be</w>
  <w id="30" lemma="|good|" pos="JJ" wid="30">good</w>
  <w id="31" lemma="|.|" pos="." wid="31">.</w>
</sentence>
<sentence id="4">
  <w id="0" lemma="|he|" pos="PRP" wid="0">He</w>
  <w id="1" lemma="|be|" pos="VBZ" wid="1">is</w>
  <w id="2" lemma="|a|" pos="DT" wid="2">a</w>
  <w id="3" lemma="|crucial|" pos="JJ" wid="3">crucial</w>
  <w id="4" lemma="|priority|" pos="NN" wid="4">priority</w>
  <w id="5" lemma="|for|" pos="IN" wid="5">for</w>
  <w id="6" lemma="|all|" pos="DT" wid="6">all</w>
  <w id="7" lemma="|thing|" pos="NNS" wid="7">things</w>
  <w id="8" lemma="|.|" pos="." wid="8">.</w>
</sentence>
<sentence id="5">
  <w id="0" lemma="|Kingdom|" pos="NNP" wid="0">Kingdom</w>
  <w id="1" lemma="|of|" pos="IN" wid="1">of</w>
  <w id="2" lemma="|Heaven|" pos="NNP" wid="2">Heaven</w>
  <w id="3" lemma="|mean|" pos="VBZ" wid="3">means</w>
  <w id="4" lemma="|,|" pos="," wid="4">,</w>
  <w id="5" lemma="|in|" pos="IN" wid="5">in</w>
  <w id="6" lemma="|fact|" pos="NN" wid="6">fact</w>
  <w id="7" lemma="|,|" pos="," wid="7">,</w>
  <w id="8" lemma="|lordship|" pos="NN" wid="8">lordship</w>
  <w id="9" lemma="|of|" pos="IN" wid="9">of</w>
  <w id="10" lemma="|God|" pos="NNP" wid="10">God</w>
  <w id="11" lemma="|and|" pos="CC" wid="11">and</w>
  <w id="12" lemma="|this|" pos="DT" wid="12">this</w>
  <w id="13" lemma="|mean|" pos="VBZ" wid="13">means</w>
  <w id="14" lemma="|that|" pos="IN" wid="14">that</w>
  <w id="15" lemma="|he|" pos="PRP$" wid="15">his</w>
  <w id="16" lemma="|will|" pos="NN" wid="16">will</w>
  <w id="17" lemma="|must|" pos="MD" wid="17">must</w>
  <w id="18" lemma="|be|" pos="VB" wid="18">be</w>
  <w id="19" lemma="|adopt|" pos="VBN" wid="19">adopted</w>
  <w id="20" lemma="|as|" pos="IN" wid="20">as</w>
  <w id="21" lemma="|the|" pos="DT" wid="21">the</w>
  <w id="22" lemma="|guide|" pos="VBG" wid="22">guiding</w>
  <w id="23" lemma="|criterion|" pos="NN" wid="23">criterion</w>
  <w id="24" lemma="|of|" pos="IN" wid="24">of</w>
  <w id="25" lemma="|we|" pos="PRP$" wid="25">our</w>
  <w id="26" lemma="|existence|" pos="NN" wid="26">existence</w>
  <w id="27" lemma="|.|" pos="." wid="27">.</w>
</sentence>
<sentence id="6">
  <w id="0" lemma="|the|" pos="DT" wid="0">The</w>
  <w id="1" lemma="|subject|" pos="NN" wid="1">subject</w>
  <w id="2" lemma="|of|" pos="IN" wid="2">of</w>
  <w id="3" lemma="|this|" pos="DT" wid="3">this</w>
  <w id="4" lemma="|Sunday|" pos="NNP" wid="4">Sunday</w>
  <w id="5" lemma="|'s|" pos="POS" wid="5">'s</w>
  <w id="6" lemma="|Gospel|" pos="NNP" wid="6">Gospel</w>
  <w id="7" lemma="|be|" pos="VBZ" wid="7">is</w>
  <w id="8" lemma="|,|" pos="," wid="8">,</w>
  <w id="9" lemma="|precisely|" pos="RB" wid="9">precisely</w>
  <w id="10" lemma="|,|" pos="," wid="10">,</w>
  <w id="11" lemma="|the|" pos="DT" wid="11">the</w>
  <w id="12" lemma="|Kingdom|" pos="NNP" wid="12">Kingdom</w>
  <w id="13" lemma="|of|" pos="IN" wid="13">of</w>
  <w id="14" lemma="|Heaven|" pos="NNP" wid="14">Heaven</w>
  <w id="15" lemma="|.|" pos="." wid="15">.</w>
</sentence>
<sentence id="7">
  <w id="0" lemma="|``|" pos="``" wid="0">``</w>
  <w id="1" lemma="|Heaven|" pos="NNP" wid="1">Heaven</w>
  <w id="2" lemma="|''|" pos="''" wid="2">''</w>
  <w id="3" lemma="|should|" pos="MD" wid="3">should</w>
  <w id="4" lemma="|not|" pos="RB" wid="4">not</w>
  <w id="5" lemma="|be|" pos="VB" wid="5">be</w>
  <w id="6" lemma="|understand|" pos="VBN" wid="6">understood</w>
  <w id="7" lemma="|only|" pos="RB" wid="7">only</w>
  <w id="8" lemma="|in|" pos="IN" wid="8">in</w>
  <w id="9" lemma="|the|" pos="DT" wid="9">the</w>
  <w id="10" lemma="|sense|" pos="NN" wid="10">sense</w>
  <w id="11" lemma="|that|" pos="IN" wid="11">that</w>
  <w id="12" lemma="|it|" pos="PRP" wid="12">it</w>
  <w id="13" lemma="|tower|" pos="NNS" wid="13">towers</w>
  <w id="14" lemma="|above|" pos="IN" wid="14">above</w>
  <w id="15" lemma="|we|" pos="PRP" wid="15">us</w>
  <w id="16" lemma="|,|" pos="," wid="16">,</w>
  <w id="17" lemma="|because|" pos="IN" wid="17">because</w>
  <w id="18" lemma="|this|" pos="DT" wid="18">this</w>
  <w id="19" lemma="|infinite|" pos="JJ" wid="19">infinite</w>
  <w id="20" lemma="|space|" pos="NN" wid="20">space</w>
  <w id="21" lemma="|also|" pos="RB" wid="21">also</w>
  <w id="22" lemma="|take|" pos="VBZ" wid="22">takes</w>
  <w id="23" lemma="|the|" pos="DT" wid="23">the</w>
  <w id="24" lemma="|form|" pos="NN" wid="24">form</w>
  <w id="25" lemma="|of|" pos="IN" wid="25">of</w>
  <w id="26" lemma="|human|" pos="JJ" wid="26">human</w>
  <w id="27" lemma="|interiority|" pos="NN" wid="27">interiority</w>
  <w id="28" lemma="|.|" pos="." wid="28">.</w>
</sentence>
<sentence id="8">
  <w id="0" lemma="|Jesus|" pos="NNP" wid="0">Jesus</w>
  <w id="1" lemma="|compare|" pos="VBZ" wid="1">compares</w>
  <w id="2" lemma="|the|" pos="DT" wid="2">the</w>
  <w id="3" lemma="|Kingdom|" pos="NNP" wid="3">Kingdom</w>
  <w id="4" lemma="|of|" pos="IN" wid="4">of</w>
  <w id="5" lemma="|Heaven|" pos="NNP" wid="5">Heaven</w>
  <w id="6" lemma="|to|" pos="TO" wid="6">to</w>
  <w id="7" lemma="|a|" pos="DT" wid="7">a</w>
  <w id="8" lemma="|field|" pos="NN" wid="8">field</w>
  <w id="9" lemma="|of|" pos="IN" wid="9">of</w>
  <w id="10" lemma="|wheat|" pos="NN" wid="10">wheat</w>
  <w id="11" lemma="|to|" pos="TO" wid="11">to</w>
  <w id="12" lemma="|enable|" pos="VB" wid="12">enable</w>
  <w id="13" lemma="|we|" pos="PRP" wid="13">us</w>
  <w id="14" lemma="|to|" pos="TO" wid="14">to</w>
  <w id="15" lemma="|understand|" pos="VB" wid="15">understand</w>
  <w id="16" lemma="|that|" pos="DT" wid="16">that</w>
  <w id="17" lemma="|something|" pos="NN" wid="17">something</w>
  <w id="18" lemma="|small|" pos="JJ" wid="18">small</w>
  <w id="19" lemma="|and|" pos="CC" wid="19">and</w>
  <w id="20" lemma="|hidden|" pos="JJ" wid="20">hidden</w>
  <w id="21" lemma="|have|" pos="VBZ" wid="21">has</w>
  <w id="22" lemma="|be|" pos="VBN" wid="22">been</w>
  <w id="23" lemma="|sow|" pos="VBN" wid="23">sown</w>
  <w id="24" lemma="|within|" pos="IN" wid="24">within</w>
  <w id="25" lemma="|we|" pos="PRP" wid="25">us</w>
  <w id="26" lemma="|which|" pos="WDT" wid="26">which</w>
  <w id="27" lemma="|,|" pos="," wid="27">,</w>
  <w id="28" lemma="|nevertheless|" pos="RB" wid="28">nevertheless</w>
  <w id="29" lemma="|,|" pos="," wid="29">,</w>
  <w id="30" lemma="|have|" pos="VBZ" wid="30">has</w>
  <w id="31" lemma="|a|" pos="DT" wid="31">an</w>
  <w id="32" lemma="|irrepressible|" pos="JJ" wid="32">irrepressible</w>
  <w id="33" lemma="|vital|" pos="JJ" wid="33">vital</w>
  <w id="34" lemma="|force|" pos="NN" wid="34">force</w>
  <w id="35" lemma="|.|" pos="." wid="35">.</w>
</sentence>
<sentence id="9">
  <w id="0" lemma="|in|" pos="IN" wid="0">In</w>
  <w id="1" lemma="|spite|" pos="NN" wid="1">spite</w>
  <w id="2" lemma="|of|" pos="IN" wid="2">of</w>
  <w id="3" lemma="|all|" pos="DT" wid="3">all</w>
  <w id="4" lemma="|obstacle|" pos="NNS" wid="4">obstacles</w>
  <w id="5" lemma="|,|" pos="," wid="5">,</w>
  <w id="6" lemma="|the|" pos="DT" wid="6">the</w>
  <w id="7" lemma="|seed|" pos="NN" wid="7">seed</w>
  <w id="8" lemma="|will|" pos="MD" wid="8">will</w>
  <w id="9" lemma="|develop|" pos="VB" wid="9">develop</w>
  <w id="10" lemma="|and|" pos="CC" wid="10">and</w>
  <w id="11" lemma="|the|" pos="DT" wid="11">the</w>
  <w id="12" lemma="|fruit|" pos="NN" wid="12">fruit</w>
  <w id="13" lemma="|will|" pos="MD" wid="13">will</w>
  <w id="14" lemma="|ripen|" pos="VB" wid="14">ripen</w>
  <w id="15" lemma="|.|" pos="." wid="15">.</w>
</sentence>
<sentence id="10">
  <w id="0" lemma="|this|" pos="DT" wid="0">This</w>
  <w id="1" lemma="|fruit|" pos="NN" wid="1">fruit</w>
  <w id="2" lemma="|will|" pos="MD" wid="2">will</w>
  <w id="3" lemma="|only|" pos="RB" wid="3">only</w>
  <w id="4" lemma="|be|" pos="VB" wid="4">be</w>
  <w id="5" lemma="|good|" pos="JJ" wid="5">good</w>
  <w id="6" lemma="|if|" pos="IN" wid="6">if</w>
  <w id="7" lemma="|the|" pos="DT" wid="7">the</w>
  <w id="8" lemma="|terrain|" pos="NN" wid="8">terrain</w>
  <w id="9" lemma="|of|" pos="IN" wid="9">of</w>
  <w id="10" lemma="|life|" pos="NN" wid="10">life</w>
  <w id="11" lemma="|be|" pos="VBZ" wid="11">is</w>
  <w id="12" lemma="|cultivate|" pos="VBN" wid="12">cultivated</w>
  <w id="13" lemma="|in|" pos="IN" wid="13">in</w>
  <w id="14" lemma="|accordance|" pos="NN" wid="14">accordance</w>
  <w id="15" lemma="|with|" pos="IN" wid="15">with</w>
  <w id="16" lemma="|the|" pos="DT" wid="16">the</w>
  <w id="17" lemma="|divine|" pos="JJ" wid="17">divine</w>
  <w id="18" lemma="|will|" pos="NN" wid="18">will</w>
  <w id="19" lemma="|.|" pos="." wid="19">.</w>
</sentence>
<sentence id="11">
  <w id="0" lemma="|for|" pos="IN" wid="0">For</w>
  <w id="1" lemma="|this|" pos="DT" wid="1">this</w>
  <w id="2" lemma="|reason|" pos="NN" wid="2">reason</w>
  <w id="3" lemma="|in|" pos="IN" wid="3">in</w>
  <w id="4" lemma="|the|" pos="DT" wid="4">the</w>
  <w id="5" lemma="|Parable|" pos="NNP" wid="5">Parable</w>
  <w id="6" lemma="|of|" pos="IN" wid="6">of</w>
  <w id="7" lemma="|the|" pos="DT" wid="7">the</w>
  <w id="8" lemma="|weed|" pos="NNS" wid="8">Weeds</w>
  <w id="9" lemma="|-lsb-|" pos="-LRB-" wid="9">-LSB-</w>
  <w id="10" lemma="|tare|" pos="NNS" wid="10">tares</w>
  <w id="11" lemma="|-rsb-|" pos="-RRB-" wid="11">-RSB-</w>
  <w id="12" lemma="|among|" pos="IN" wid="12">among</w>
  <w id="13" lemma="|the|" pos="DT" wid="13">the</w>
  <w id="14" lemma="|good|" pos="JJ" wid="14">good</w>
  <w id="15" lemma="|wheat|" pos="NN" wid="15">Wheat</w>
  <w id="16" lemma="|-lrb-|" pos="-LRB-" wid="16">-LRB-</w>
  <w id="17" lemma="|mt|" pos="NN" wid="17">Mt</w>
  <w id="18" lemma="|13:24|" pos="CD" wid="18">13:24</w>
  <w id="19" lemma="|-30|" pos="CD" wid="19">-30</w>
  <w id="20" lemma="|-rrb-|" pos="-RRB-" wid="20">-RRB-</w>
  <w id="21" lemma="|.|" pos="." wid="21">.</w>
</sentence>
<sentence id="12">
  <w id="0" lemma="|Jesus|" pos="NNP" wid="0">Jesus</w>
  <w id="1" lemma="|warn|" pos="VBZ" wid="1">warns</w>
  <w id="2" lemma="|we|" pos="PRP" wid="2">us</w>
  <w id="3" lemma="|that|" pos="IN" wid="3">that</w>
  <w id="4" lemma="|,|" pos="," wid="4">,</w>
  <w id="5" lemma="|after|" pos="IN" wid="5">after</w>
  <w id="6" lemma="|the|" pos="DT" wid="6">the</w>
  <w id="7" lemma="|owner|" pos="NN" wid="7">owner</w>
  <w id="8" lemma="|have|" pos="VBD" wid="8">had</w>
  <w id="9" lemma="|scatter|" pos="VBN" wid="9">scattered</w>
  <w id="10" lemma="|the|" pos="DT" wid="10">the</w>
  <w id="11" lemma="|seed|" pos="NN" wid="11">seed</w>
  <w id="12" lemma="|,|" pos="," wid="12">,</w>
  <w id="13" lemma="|``|" pos="``" wid="13">``</w>
  <w id="14" lemma="|while|" pos="IN" wid="14">while</w>
  <w id="15" lemma="|man|" pos="NNS" wid="15">men</w>
  <w id="16" lemma="|be|" pos="VBD" wid="16">were</w>
  <w id="17" lemma="|sleep|" pos="VBG" wid="17">sleeping</w>
  <w id="18" lemma="|,|" pos="," wid="18">,</w>
  <w id="19" lemma="|he|" pos="PRP$" wid="19">his</w>
  <w id="20" lemma="|enemy|" pos="NN" wid="20">enemy</w>
  <w id="21" lemma="|''|" pos="''" wid="21">''</w>
  <w id="22" lemma="|intervene|" pos="VBD" wid="22">intervened</w>
  <w id="23" lemma="|and|" pos="CC" wid="23">and</w>
  <w id="24" lemma="|sow|" pos="VBD" wid="24">sowed</w>
  <w id="25" lemma="|weed|" pos="NNS" wid="25">weeds</w>
  <w id="26" lemma="|among|" pos="IN" wid="26">among</w>
  <w id="27" lemma="|the|" pos="DT" wid="27">the</w>
  <w id="28" lemma="|wheat|" pos="NN" wid="28">wheat</w>
  <w id="29" lemma="|.|" pos="." wid="29">.</w>
</sentence>
<sentence id="13">
  <w id="0" lemma="|this|" pos="DT" wid="0">This</w>
  <w id="1" lemma="|mean|" pos="VBZ" wid="1">means</w>
  <w id="2" lemma="|that|" pos="IN" wid="2">that</w>
  <w id="3" lemma="|we|" pos="PRP" wid="3">we</w>
  <w id="4" lemma="|must|" pos="MD" wid="4">must</w>
  <w id="5" lemma="|be|" pos="VB" wid="5">be</w>
  <w id="6" lemma="|ready|" pos="JJ" wid="6">ready</w>
  <w id="7" lemma="|to|" pos="TO" wid="7">to</w>
  <w id="8" lemma="|preserve|" pos="VB" wid="8">preserve</w>
  <w id="9" lemma="|the|" pos="DT" wid="9">the</w>
  <w id="10" lemma="|grace|" pos="NN" wid="10">grace</w>
  <w id="11" lemma="|receive|" pos="VBN" wid="11">received</w>
  <w id="12" lemma="|from|" pos="IN" wid="12">from</w>
  <w id="13" lemma="|the|" pos="DT" wid="13">the</w>
  <w id="14" lemma="|day|" pos="NN" wid="14">day</w>
  <w id="15" lemma="|of|" pos="IN" wid="15">of</w>
  <w id="16" lemma="|we|" pos="PRP$" wid="16">our</w>
  <w id="17" lemma="|Baptism|" pos="NNP" wid="17">Baptism</w>
  <w id="18" lemma="|,|" pos="," wid="18">,</w>
  <w id="19" lemma="|continue|" pos="VBG" wid="19">continuing</w>
  <w id="20" lemma="|to|" pos="TO" wid="20">to</w>
  <w id="21" lemma="|nourish|" pos="VB" wid="21">nourish</w>
  <w id="22" lemma="|faith|" pos="NN" wid="22">faith</w>
  <w id="23" lemma="|in|" pos="IN" wid="23">in</w>
  <w id="24" lemma="|the|" pos="DT" wid="24">the</w>
  <w id="25" lemma="|Lord|" pos="NNP" wid="25">Lord</w>
  <w id="26" lemma="|that|" pos="WDT" wid="26">that</w>
  <w id="27" lemma="|prevent|" pos="VBZ" wid="27">prevents</w>
  <w id="28" lemma="|evil|" pos="NN" wid="28">evil</w>
  <w id="29" lemma="|from|" pos="IN" wid="29">from</w>
  <w id="30" lemma="|take|" pos="VBG" wid="30">taking</w>
  <w id="31" lemma="|root|" pos="NN" wid="31">root</w>
  <w id="32" lemma="|.|" pos="." wid="32">.</w>
</sentence>
<sentence id="14">
  <w id="0" lemma="|St|" pos="NNP" wid="0">St</w>
  <w id="1" lemma="|Augustine|" pos="NNP" wid="1">Augustine</w>
  <w id="2" lemma="|comment|" pos="VBG" wid="2">commenting</w>
  <w id="3" lemma="|on|" pos="IN" wid="3">on</w>
  <w id="4" lemma="|the|" pos="DT" wid="4">the</w>
  <w id="5" lemma="|parable|" pos="NN" wid="5">parable</w>
  <w id="6" lemma="|note|" pos="VBD" wid="6">noted</w>
  <w id="7" lemma="|``|" pos="``" wid="7">``</w>
  <w id="8" lemma="|many|" pos="JJ" wid="8">many</w>
  <w id="9" lemma="|be|" pos="VBP" wid="9">are</w>
  <w id="10" lemma="|at|" pos="IN" wid="10">at</w>
  <w id="11" lemma="|first|" pos="JJ" wid="11">first</w>
  <w id="12" lemma="|tare|" pos="NNS" wid="12">tares</w>
  <w id="13" lemma="|but|" pos="CC" wid="13">but</w>
  <w id="14" lemma="|then|" pos="RB" wid="14">then</w>
  <w id="15" lemma="|become|" pos="VB" wid="15">become</w>
  <w id="16" lemma="|good|" pos="JJ" wid="16">good</w>
  <w id="17" lemma="|grain|" pos="NN" wid="17">grain</w>
  <w id="18" lemma="|''|" pos="''" wid="18">''</w>
  <w id="19" lemma="|,|" pos="," wid="19">,</w>
  <w id="20" lemma="|and|" pos="CC" wid="20">and</w>
  <w id="21" lemma="|he|" pos="PRP" wid="21">he</w>
  <w id="22" lemma="|add|" pos="VBD" wid="22">added</w>
  <w id="23" lemma="|:|" pos=":" wid="23">:</w>
  <w id="24" lemma="|``|" pos="``" wid="24">``</w>
  <w id="25" lemma="|if|" pos="IN" wid="25">if</w>
  <w id="26" lemma="|these|" pos="DT" wid="26">these</w>
  <w id="27" lemma="|,|" pos="," wid="27">,</w>
  <w id="28" lemma="|when|" pos="WRB" wid="28">when</w>
  <w id="29" lemma="|they|" pos="PRP" wid="29">they</w>
  <w id="30" lemma="|be|" pos="VBP" wid="30">are</w>
  <w id="31" lemma="|wicked|" pos="JJ" wid="31">wicked</w>
  <w id="32" lemma="|,|" pos="," wid="32">,</w>
  <w id="33" lemma="|be|" pos="VBP" wid="33">are</w>
  <w id="34" lemma="|not|" pos="RB" wid="34">not</w>
  <w id="35" lemma="|endure|" pos="VBN" wid="35">endured</w>
  <w id="36" lemma="|with|" pos="IN" wid="36">with</w>
  <w id="37" lemma="|patience|" pos="NN" wid="37">patience</w>
  <w id="38" lemma="|they|" pos="PRP" wid="38">they</w>
  <w id="39" lemma="|would|" pos="MD" wid="39">would</w>
  <w id="40" lemma="|not|" pos="RB" wid="40">not</w>
  <w id="41" lemma="|attain|" pos="VB" wid="41">attain</w>
  <w id="42" lemma="|they|" pos="PRP$" wid="42">their</w>
  <w id="43" lemma="|praiseworthy|" pos="JJ" wid="43">praiseworthy</w>
  <w id="44" lemma="|transformation|" pos="NN" wid="44">transformation</w>
  <w id="45" lemma="|''|" pos="''" wid="45">''</w>
  <w id="46" lemma="|-lrb-|" pos="-LRB-" wid="46">-LRB-</w>
  <w id="47" lemma="|Quaest|" pos="NNP" wid="47">Quaest</w>
  <w id="48" lemma="|.|" pos="." wid="48">.</w>
</sentence>
<sentence id="15">
  <w id="0" lemma="|septend|" pos="NN" wid="0">septend</w>
  <w id="1" lemma="|.|" pos="." wid="1">.</w>
</sentence>
<sentence id="16">
  <w id="0" lemma="|in|" pos="IN" wid="0">in</w>
  <w id="1" lemma="|Ev|" pos="NNP" wid="1">Ev</w>
  <w id="2" lemma="|.|" pos="." wid="2">.</w>
</sentence>
<sentence id="17">
  <w id="0" lemma="|sec|" pos="NN" wid="0">sec</w>
  <w id="1" lemma="|.|" pos="." wid="1">.</w>
</sentence>
<sentence id="18">
  <w id="0" lemma="|Matth|" pos="NNP" wid="0">Matth</w>
  <w id="1" lemma="|.|" pos="." wid="1">.</w>
</sentence>
<sentence id="19">
  <w id="0" lemma="|,|" pos="," wid="0">,</w>
  <w id="1" lemma="|12|" pos="CD" wid="1">12</w>
  <w id="2" lemma="|,|" pos="," wid="2">,</w>
  <w id="3" lemma="|4|" pos="CD" wid="3">4</w>
  <w id="4" lemma="|:|" pos=":" wid="4">:</w>
  <w id="5" lemma="|pl|" pos="NN" wid="5">PL</w>
  <w id="6" lemma="|35|" pos="CD" wid="6">35</w>
  <w id="7" lemma="|,|" pos="," wid="7">,</w>
  <w id="8" lemma="|1371|" pos="CD" wid="8">1371</w>
  <w id="9" lemma="|-rrb-|" pos="-RRB-" wid="9">-RRB-</w>
  <w id="10" lemma="|.|" pos="." wid="10">.</w>
</sentence>
<sentence id="20">
  <w id="0" lemma="|Dear|" pos="NNP" wid="0">Dear</w>
  <w id="1" lemma="|friend|" pos="NNS" wid="1">friends</w>
  <w id="2" lemma="|,|" pos="," wid="2">,</w>
  <w id="3" lemma="|the|" pos="DT" wid="3">the</w>
  <w id="4" lemma="|Book|" pos="NNP" wid="4">Book</w>
  <w id="5" lemma="|of|" pos="IN" wid="5">of</w>
  <w id="6" lemma="|Wisdom|" pos="NNP" wid="6">Wisdom</w>
  <w id="7" lemma="|--|" pos=":" wid="7">--</w>
  <w id="8" lemma="|from|" pos="IN" wid="8">from</w>
  <w id="9" lemma="|which|" pos="WDT" wid="9">which</w>
  <w id="10" lemma="|today|" pos="NN" wid="10">today</w>
  <w id="11" lemma="|'s|" pos="POS" wid="11">'s</w>
  <w id="12" lemma="|First|" pos="NNP" wid="12">First</w>
  <w id="13" lemma="|Reading|" pos="NNP" wid="13">Reading</w>
  <w id="14" lemma="|be|" pos="VBZ" wid="14">is</w>
  <w id="15" lemma="|take|" pos="VBN" wid="15">taken</w>
  <w id="16" lemma="|--|" pos=":" wid="16">--</w>
  <w id="17" lemma="|emphasize|" pos="VBZ" wid="17">emphasizes</w>
  <w id="18" lemma="|this|" pos="DT" wid="18">this</w>
  <w id="19" lemma="|dimension|" pos="NN" wid="19">dimension</w>
  <w id="20" lemma="|of|" pos="IN" wid="20">of</w>
  <w id="21" lemma="|the|" pos="DT" wid="21">the</w>
  <w id="22" lemma="|divine|" pos="NN" wid="22">divine</w>
  <w id="23" lemma="|be|" pos="VBG" wid="23">Being</w>
  <w id="24" lemma="|and|" pos="CC" wid="24">and</w>
  <w id="25" lemma="|state|" pos="NNS" wid="25">states</w>
  <w id="26" lemma="|:|" pos=":" wid="26">:</w>
  <w id="27" lemma="|``|" pos="``" wid="27">``</w>
  <w id="28" lemma="|neither|" pos="DT" wid="28">Neither</w>
  <w id="29" lemma="|be|" pos="VBZ" wid="29">is</w>
  <w id="30" lemma="|there|" pos="RB" wid="30">there</w>
  <w id="31" lemma="|any|" pos="DT" wid="31">any</w>
  <w id="32" lemma="|god|" pos="NN" wid="32">god</w>
  <w id="33" lemma="|besides|" pos="IN" wid="33">besides</w>
  <w id="34" lemma="|you|" pos="PRP" wid="34">you</w>
  <w id="35" lemma="|,|" pos="," wid="35">,</w>
  <w id="36" lemma="|whose|" pos="WP$" wid="36">whose</w>
  <w id="37" lemma="|care|" pos="NN" wid="37">care</w>
  <w id="38" lemma="|be|" pos="VBZ" wid="38">is</w>
  <w id="39" lemma="|for|" pos="IN" wid="39">for</w>
  <w id="40" lemma="|all|" pos="DT" wid="40">all</w>
  <w id="41" lemma="|man|" pos="NNS" wid="41">men</w>
  <w id="42" lemma="|...|" pos=":" wid="42">...</w>
  <w id="43" lemma="|.|" pos="." wid="43">.</w>
</sentence>
<sentence id="21">
  <w id="0" lemma="|for|" pos="IN" wid="0">For</w>
  <w id="1" lemma="|you|" pos="PRP$" wid="1">your</w>
  <w id="2" lemma="|strength|" pos="NN" wid="2">strength</w>
  <w id="3" lemma="|be|" pos="VBZ" wid="3">is</w>
  <w id="4" lemma="|the|" pos="DT" wid="4">the</w>
  <w id="5" lemma="|source|" pos="NN" wid="5">source</w>
  <w id="6" lemma="|of|" pos="IN" wid="6">of</w>
  <w id="7" lemma="|righteousness|" pos="NN" wid="7">righteousness</w>
  <w id="8" lemma="|,|" pos="," wid="8">,</w>
  <w id="9" lemma="|and|" pos="CC" wid="9">and</w>
  <w id="10" lemma="|you|" pos="PRP$" wid="10">your</w>
  <w id="11" lemma="|sovereignty|" pos="NN" wid="11">sovereignty</w>
  <w id="12" lemma="|over|" pos="IN" wid="12">over</w>
  <w id="13" lemma="|all|" pos="DT" wid="13">all</w>
  <w id="14" lemma="|cause|" pos="NNS" wid="14">causes</w>
  <w id="15" lemma="|you|" pos="PRP" wid="15">you</w>
  <w id="16" lemma="|to|" pos="TO" wid="16">to</w>
  <w id="17" lemma="|spare|" pos="VB" wid="17">spare</w>
  <w id="18" lemma="|all|" pos="DT" wid="18">all</w>
  <w id="19" lemma="|''|" pos="''" wid="19">''</w>
  <w id="20" lemma="|-lrb-|" pos="-LRB-" wid="20">-LRB-</w>
  <w id="21" lemma="|Wis|" pos="NNP" wid="21">Wis</w>
  <w id="22" lemma="|12:13|" pos="CD" wid="22">12:13</w>
  <w id="23" lemma="|,|" pos="," wid="23">,</w>
  <w id="24" lemma="|16|" pos="CD" wid="24">16</w>
  <w id="25" lemma="|-rrb-|" pos="-RRB-" wid="25">-RRB-</w>
  <w id="26" lemma="|.|" pos="." wid="26">.</w>
</sentence>
<sentence id="22">
  <w id="0" lemma="|and|" pos="CC" wid="0">And</w>
  <w id="1" lemma="|Psalm|" pos="NNP" wid="1">Psalm</w>
  <w id="2" lemma="|86|" pos="CD" wid="2">86</w>
  <w id="3" lemma="|-lsb-|" pos="-LRB-" wid="3">-LSB-</w>
  <w id="4" lemma="|85|" pos="CD" wid="4">85</w>
  <w id="5" lemma="|-rsb-|" pos="-RRB-" wid="5">-RSB-</w>
  <w id="6" lemma="|confirm|" pos="VBZ" wid="6">confirms</w>
  <w id="7" lemma="|it|" pos="PRP" wid="7">it</w>
  <w id="8" lemma="|:|" pos=":" wid="8">:</w>
  <w id="9" lemma="|``|" pos="``" wid="9">``</w>
  <w id="10" lemma="|you|" pos="PRP" wid="10">You</w>
  <w id="11" lemma="|,|" pos="," wid="11">,</w>
  <w id="12" lemma="|O|" pos="NNP" wid="12">O</w>
  <w id="13" lemma="|Lord|" pos="NNP" wid="13">Lord</w>
  <w id="14" lemma="|,|" pos="," wid="14">,</w>
  <w id="15" lemma="|be|" pos="VBP" wid="15">are</w>
  <w id="16" lemma="|good|" pos="JJ" wid="16">good</w>
  <w id="17" lemma="|and|" pos="CC" wid="17">and</w>
  <w id="18" lemma="|forgiving|" pos="JJ" wid="18">forgiving</w>
  <w id="19" lemma="|,|" pos="," wid="19">,</w>
  <w id="20" lemma="|abound|" pos="VBG" wid="20">abounding</w>
  <w id="21" lemma="|in|" pos="IN" wid="21">in</w>
  <w id="22" lemma="|steadfast|" pos="JJ" wid="22">steadfast</w>
  <w id="23" lemma="|love|" pos="NN" wid="23">love</w>
  <w id="24" lemma="|to|" pos="TO" wid="24">to</w>
  <w id="25" lemma="|all|" pos="DT" wid="25">all</w>
  <w id="26" lemma="|who|" pos="WP" wid="26">who</w>
  <w id="27" lemma="|call|" pos="VBP" wid="27">call</w>
  <w id="28" lemma="|on|" pos="IN" wid="28">on</w>
  <w id="29" lemma="|you|" pos="PRP" wid="29">you</w>
  <w id="30" lemma="|''|" pos="''" wid="30">''</w>
  <w id="31" lemma="|-lrb-|" pos="-LRB-" wid="31">-LRB-</w>
  <w id="32" lemma="|v.|" pos="CC" wid="32">v.</w>
  <w id="33" lemma="|5|" pos="CD" wid="33">5</w>
  <w id="34" lemma="|-rrb-|" pos="-RRB-" wid="34">-RRB-</w>
  <w id="35" lemma="|.|" pos="." wid="35">.</w>
</sentence>
<sentence id="23">
  <w id="0" lemma="|hence|" pos="RB" wid="0">Hence</w>
  <w id="1" lemma="|if|" pos="IN" wid="1">if</w>
  <w id="2" lemma="|we|" pos="PRP" wid="2">we</w>
  <w id="3" lemma="|be|" pos="VBP" wid="3">are</w>
  <w id="4" lemma="|child|" pos="NNS" wid="4">children</w>
  <w id="5" lemma="|of|" pos="IN" wid="5">of</w>
  <w id="6" lemma="|such|" pos="PDT" wid="6">such</w>
  <w id="7" lemma="|a|" pos="DT" wid="7">a</w>
  <w id="8" lemma="|great|" pos="JJ" wid="8">great</w>
  <w id="9" lemma="|and|" pos="CC" wid="9">and</w>
  <w id="10" lemma="|good|" pos="JJ" wid="10">good</w>
  <w id="11" lemma="|Father|" pos="NNP" wid="11">Father</w>
  <w id="12" lemma="|,|" pos="," wid="12">,</w>
  <w id="13" lemma="|let|" pos="VB" wid="13">let</w>
  <w id="14" lemma="|we|" pos="PRP" wid="14">us</w>
  <w id="15" lemma="|seek|" pos="VB" wid="15">seek</w>
  <w id="16" lemma="|to|" pos="TO" wid="16">to</w>
  <w id="17" lemma="|be|" pos="VB" wid="17">be</w>
  <w id="18" lemma="|like|" pos="IN" wid="18">like</w>
  <w id="19" lemma="|he|" pos="PRP" wid="19">him</w>
  <w id="20" lemma="|!|" pos="." wid="20">!</w>
</sentence>
<sentence id="24">
  <w id="0" lemma="|this|" pos="DT" wid="0">This</w>
  <w id="1" lemma="|be|" pos="VBD" wid="1">was</w>
  <w id="2" lemma="|the|" pos="DT" wid="2">the</w>
  <w id="3" lemma="|aim|" pos="NN" wid="3">aim</w>
  <w id="4" lemma="|Jesus|" pos="NNP" wid="4">Jesus</w>
  <w id="5" lemma="|set|" pos="VBD" wid="5">set</w>
  <w id="6" lemma="|himself|" pos="PRP" wid="6">himself</w>
  <w id="7" lemma="|with|" pos="IN" wid="7">with</w>
  <w id="8" lemma="|he|" pos="PRP$" wid="8">his</w>
  <w id="9" lemma="|preaching|" pos="NN" wid="9">preaching</w>
  <w id="10" lemma="|;|" pos=":" wid="10">;</w>
  <w id="11" lemma="|indeed|" pos="RB" wid="11">indeed</w>
  <w id="12" lemma="|,|" pos="," wid="12">,</w>
  <w id="13" lemma="|he|" pos="PRP" wid="13">he</w>
  <w id="14" lemma="|say|" pos="VBD" wid="14">said</w>
  <w id="15" lemma="|to|" pos="TO" wid="15">to</w>
  <w id="16" lemma="|those|" pos="DT" wid="16">those</w>
  <w id="17" lemma="|who|" pos="WP" wid="17">who</w>
  <w id="18" lemma="|be|" pos="VBD" wid="18">were</w>
  <w id="19" lemma="|listen|" pos="VBG" wid="19">listening</w>
  <w id="20" lemma="|to|" pos="TO" wid="20">to</w>
  <w id="21" lemma="|he|" pos="PRP" wid="21">him</w>
  <w id="22" lemma="|:|" pos=":" wid="22">:</w>
  <w id="23" lemma="|``|" pos="``" wid="23">``</w>
  <w id="24" lemma="|you|" pos="PRP" wid="24">You</w>
  <w id="25" lemma="|...|" pos=":" wid="25">...</w>
  <w id="26" lemma="|must|" pos="MD" wid="26">must</w>
  <w id="27" lemma="|be|" pos="VB" wid="27">be</w>
  <w id="28" lemma="|perfect|" pos="JJ" wid="28">perfect</w>
  <w id="29" lemma="|,|" pos="," wid="29">,</w>
  <w id="30" lemma="|as|" pos="IN" wid="30">as</w>
  <w id="31" lemma="|you|" pos="PRP$" wid="31">your</w>
  <w id="32" lemma="|heavenly|" pos="JJ" wid="32">heavenly</w>
  <w id="33" lemma="|Father|" pos="NNP" wid="33">Father</w>
  <w id="34" lemma="|be|" pos="VBZ" wid="34">is</w>
  <w id="35" lemma="|perfect|" pos="JJ" wid="35">perfect</w>
  <w id="36" lemma="|''|" pos="''" wid="36">''</w>
  <w id="37" lemma="|-lrb-|" pos="-LRB-" wid="37">-LRB-</w>
  <w id="38" lemma="|mt|" pos="NN" wid="38">Mt</w>
  <w id="39" lemma="|5:48|" pos="CD" wid="39">5:48</w>
  <w id="40" lemma="|-rrb-|" pos="-RRB-" wid="40">-RRB-</w>
  <w id="41" lemma="|.|" pos="." wid="41">.</w>
</sentence>
<sentence id="25">
  <w id="0" lemma="|let|" pos="VB" wid="0">Let</w>
  <w id="1" lemma="|we|" pos="PRP" wid="1">us</w>
  <w id="2" lemma="|turn|" pos="VB" wid="2">turn</w>
  <w id="3" lemma="|with|" pos="IN" wid="3">with</w>
  <w id="4" lemma="|trust|" pos="NN" wid="4">trust</w>
  <w id="5" lemma="|to|" pos="TO" wid="5">to</w>
  <w id="6" lemma="|Mary|" pos="NNP" wid="6">Mary</w>
  <w id="7" lemma="|,|" pos="," wid="7">,</w>
  <w id="8" lemma="|whom|" pos="WP" wid="8">whom</w>
  <w id="9" lemma="|we|" pos="PRP" wid="9">we</w>
  <w id="10" lemma="|invoke|" pos="VBD" wid="10">invoked</w>
  <w id="11" lemma="|yesterday|" pos="NN" wid="11">yesterday</w>
  <w id="12" lemma="|with|" pos="IN" wid="12">with</w>
  <w id="13" lemma="|the|" pos="DT" wid="13">the</w>
  <w id="14" lemma="|title|" pos="NN" wid="14">title</w>
  <w id="15" lemma="|of|" pos="IN" wid="15">of</w>
  <w id="16" lemma="|Our|" pos="NNP" wid="16">Our</w>
  <w id="17" lemma="|Lady|" pos="NNP" wid="17">Lady</w>
  <w id="18" lemma="|of|" pos="IN" wid="18">of</w>
  <w id="19" lemma="|Mount|" pos="NNP" wid="19">Mount</w>
  <w id="20" lemma="|Carmel|" pos="NNP" wid="20">Carmel</w>
  <w id="21" lemma="|so|" pos="IN" wid="21">so</w>
  <w id="22" lemma="|that|" pos="IN" wid="22">that</w>
  <w id="23" lemma="|she|" pos="PRP" wid="23">she</w>
  <w id="24" lemma="|may|" pos="MD" wid="24">may</w>
  <w id="25" lemma="|help|" pos="VB" wid="25">help</w>
  <w id="26" lemma="|we|" pos="PRP" wid="26">us</w>
  <w id="27" lemma="|to|" pos="TO" wid="27">to</w>
  <w id="28" lemma="|follow|" pos="VB" wid="28">follow</w>
  <w id="29" lemma="|Jesus|" pos="NNP" wid="29">Jesus</w>
  <w id="30" lemma="|faithfully|" pos="RB" wid="30">faithfully</w>
  <w id="31" lemma="|,|" pos="," wid="31">,</w>
  <w id="32" lemma="|and|" pos="CC" wid="32">and</w>
  <w id="33" lemma="|so|" pos="RB" wid="33">so</w>
  <w id="34" lemma="|live|" pos="JJ" wid="34">live</w>
  <w id="35" lemma="|as|" pos="IN" wid="35">as</w>
  <w id="36" lemma="|true|" pos="JJ" wid="36">true</w>
  <w id="37" lemma="|child|" pos="NNS" wid="37">children</w>
  <w id="38" lemma="|of|" pos="IN" wid="38">of</w>
  <w id="39" lemma="|God|" pos="NNP" wid="39">God</w>
  <w id="40" lemma="|.|" pos="." wid="40">.</w>
</sentence>
<sentence id="26">
  <w id="0" lemma="|after|" pos="IN" wid="0">After</w>
  <w id="1" lemma="|the|" pos="DT" wid="1">the</w>
  <w id="2" lemma="|Angelus|" pos="NNP" wid="2">Angelus</w>
  <w id="3" lemma="|:|" pos=":" wid="3">:</w>
  <w id="4" lemma="|I|" pos="PRP" wid="4">I</w>
  <w id="5" lemma="|offer|" pos="VBP" wid="5">offer</w>
  <w id="6" lemma="|a|" pos="DT" wid="6">a</w>
  <w id="7" lemma="|warm|" pos="JJ" wid="7">warm</w>
  <w id="8" lemma="|welcome|" pos="JJ" wid="8">welcome</w>
  <w id="9" lemma="|to|" pos="TO" wid="9">to</w>
  <w id="10" lemma="|the|" pos="DT" wid="10">the</w>
  <w id="11" lemma="|english-speaking|" pos="JJ" wid="11">English-speaking</w>
  <w id="12" lemma="|visitor|" pos="NNS" wid="12">visitors</w>
  <w id="13" lemma="|gather|" pos="VBN" wid="13">gathered</w>
  <w id="14" lemma="|for|" pos="IN" wid="14">for</w>
  <w id="15" lemma="|this|" pos="DT" wid="15">this</w>
  <w id="16" lemma="|angelus|" pos="JJ" wid="16">Angelus</w>
  <w id="17" lemma="|prayer|" pos="NN" wid="17">prayer</w>
  <w id="18" lemma="|,|" pos="," wid="18">,</w>
  <w id="19" lemma="|include|" pos="VBG" wid="19">including</w>
  <w id="20" lemma="|the|" pos="DT" wid="20">the</w>
  <w id="21" lemma="|pilgrim|" pos="NNS" wid="21">pilgrims</w>
  <w id="22" lemma="|from|" pos="IN" wid="22">from</w>
  <w id="23" lemma="|Meath|" pos="NNP" wid="23">Meath</w>
  <w id="24" lemma="|,|" pos="," wid="24">,</w>
  <w id="25" lemma="|Ireland|" pos="NNP" wid="25">Ireland</w>
  <w id="26" lemma="|,|" pos="," wid="26">,</w>
  <w id="27" lemma="|and|" pos="CC" wid="27">and</w>
  <w id="28" lemma="|from|" pos="IN" wid="28">from</w>
  <w id="29" lemma="|Nazareth|" pos="NNP" wid="29">Nazareth</w>
  <w id="30" lemma="|,|" pos="," wid="30">,</w>
  <w id="31" lemma="|the|" pos="DT" wid="31">the</w>
  <w id="32" lemma="|home|" pos="NN" wid="32">home</w>
  <w id="33" lemma="|of|" pos="IN" wid="33">of</w>
  <w id="34" lemma="|Jesus|" pos="NNP" wid="34">Jesus</w>
  <w id="35" lemma="|.|" pos="." wid="35">.</w>
</sentence>
<sentence id="27">
  <w id="0" lemma="|today|" pos="NN" wid="0">Today</w>
  <w id="1" lemma="|'s|" pos="POS" wid="1">'s</w>
  <w id="2" lemma="|gospel|" pos="NN" wid="2">Gospel</w>
  <w id="3" lemma="|encourage|" pos="VBZ" wid="3">encourages</w>
  <w id="4" lemma="|we|" pos="PRP" wid="4">us</w>
  <w id="5" lemma="|to|" pos="TO" wid="5">to</w>
  <w id="6" lemma="|let|" pos="VB" wid="6">let</w>
  <w id="7" lemma="|the|" pos="DT" wid="7">the</w>
  <w id="8" lemma="|good|" pos="JJ" wid="8">good</w>
  <w id="9" lemma="|seed|" pos="NN" wid="9">seed</w>
  <w id="10" lemma="|of|" pos="IN" wid="10">of</w>
  <w id="11" lemma="|God|" pos="NNP" wid="11">God</w>
  <w id="12" lemma="|'s|" pos="POS" wid="12">'s</w>
  <w id="13" lemma="|word|" pos="NN" wid="13">word</w>
  <w id="14" lemma="|bear|" pos="NN" wid="14">bear</w>
  <w id="15" lemma="|fruit|" pos="NN" wid="15">fruit</w>
  <w id="16" lemma="|in|" pos="IN" wid="16">in</w>
  <w id="17" lemma="|we|" pos="PRP$" wid="17">our</w>
  <w id="18" lemma="|life|" pos="NNS" wid="18">lives</w>
  <w id="19" lemma="|and|" pos="CC" wid="19">and</w>
  <w id="20" lemma="|to|" pos="TO" wid="20">to</w>
  <w id="21" lemma="|trust|" pos="VB" wid="21">trust</w>
  <w id="22" lemma="|in|" pos="IN" wid="22">in</w>
  <w id="23" lemma="|he|" pos="PRP$" wid="23">his</w>
  <w id="24" lemma="|mysterious|" pos="JJ" wid="24">mysterious</w>
  <w id="25" lemma="|plan|" pos="NN" wid="25">plan</w>
  <w id="26" lemma="|for|" pos="IN" wid="26">for</w>
  <w id="27" lemma="|the|" pos="DT" wid="27">the</w>
  <w id="28" lemma="|growth|" pos="NN" wid="28">growth</w>
  <w id="29" lemma="|of|" pos="IN" wid="29">of</w>
  <w id="30" lemma="|the|" pos="DT" wid="30">the</w>
  <w id="31" lemma="|Kingdom|" pos="NNP" wid="31">Kingdom</w>
  <w id="32" lemma="|.|" pos="." wid="32">.</w>
</sentence>
<sentence id="28">
  <w id="0" lemma="|let|" pos="VB" wid="0">Let</w>
  <w id="1" lemma="|we|" pos="PRP" wid="1">us</w>
  <w id="2" lemma="|work|" pos="VB" wid="2">work</w>
  <w id="3" lemma="|for|" pos="IN" wid="3">for</w>
  <w id="4" lemma="|a|" pos="DT" wid="4">an</w>
  <w id="5" lemma="|abundant|" pos="JJ" wid="5">abundant</w>
  <w id="6" lemma="|harvest|" pos="NN" wid="6">harvest</w>
  <w id="7" lemma="|of|" pos="IN" wid="7">of</w>
  <w id="8" lemma="|holiness|" pos="NN" wid="8">holiness</w>
  <w id="9" lemma="|in|" pos="IN" wid="9">in</w>
  <w id="10" lemma="|the|" pos="DT" wid="10">the</w>
  <w id="11" lemma="|Church|" pos="NNP" wid="11">Church</w>
  <w id="12" lemma="|and|" pos="CC" wid="12">and</w>
  <w id="13" lemma="|ask|" pos="VB" wid="13">ask</w>
  <w id="14" lemma="|to|" pos="TO" wid="14">to</w>
  <w id="15" lemma="|be|" pos="VB" wid="15">be</w>
  <w id="16" lemma="|find|" pos="VBN" wid="16">found</w>
  <w id="17" lemma="|among|" pos="IN" wid="17">among</w>
  <w id="18" lemma="|Christ|" pos="NNP" wid="18">Christ</w>
  <w id="19" lemma="|'s|" pos="POS" wid="19">'s</w>
  <w id="20" lemma="|righteous|" pos="JJ" wid="20">righteous</w>
  <w id="21" lemma="|one|" pos="NNS" wid="21">ones</w>
  <w id="22" lemma="|on|" pos="IN" wid="22">on</w>
  <w id="23" lemma="|the|" pos="DT" wid="23">the</w>
  <w id="24" lemma="|day|" pos="NN" wid="24">Day</w>
  <w id="25" lemma="|of|" pos="IN" wid="25">of</w>
  <w id="26" lemma="|judgement|" pos="NN" wid="26">Judgement</w>
  <w id="27" lemma="|.|" pos="." wid="27">.</w>
</sentence>
<sentence id="29">
  <w id="0" lemma="|upon|" pos="IN" wid="0">Upon</w>
  <w id="1" lemma="|all|" pos="DT" wid="1">all</w>
  <w id="2" lemma="|of|" pos="IN" wid="2">of</w>
  <w id="3" lemma="|you|" pos="PRP" wid="3">you</w>
  <w id="4" lemma="|I|" pos="PRP" wid="4">I</w>
  <w id="5" lemma="|invoke|" pos="VBP" wid="5">invoke</w>
  <w id="6" lemma="|the|" pos="DT" wid="6">the</w>
  <w id="7" lemma="|Lord|" pos="NNP" wid="7">Lord</w>
  <w id="8" lemma="|'s|" pos="POS" wid="8">'s</w>
  <w id="9" lemma="|abundant|" pos="JJ" wid="9">abundant</w>
  <w id="10" lemma="|blessing|" pos="NNS" wid="10">blessings</w>
  <w id="11" lemma="|of|" pos="IN" wid="11">of</w>
  <w id="12" lemma="|joy|" pos="NN" wid="12">joy</w>
  <w id="13" lemma="|and|" pos="CC" wid="13">and</w>
  <w id="14" lemma="|peace|" pos="NN" wid="14">peace</w>
  <w id="15" lemma="|!|" pos="." wid="15">!</w>
</sentence>
<sentence id="30">
  <w id="0" lemma="|I|" pos="PRP" wid="0">I</w>
  <w id="1" lemma="|wish|" pos="VBP" wid="1">wish</w>
  <w id="2" lemma="|you|" pos="PRP" wid="2">you</w>
  <w id="3" lemma="|all|" pos="PDT" wid="3">all</w>
  <w id="4" lemma="|a|" pos="DT" wid="4">a</w>
  <w id="5" lemma="|good|" pos="JJ" wid="5">good</w>
  <w id="6" lemma="|Sunday|" pos="NNP" wid="6">Sunday</w>
  <w id="7" lemma="|,|" pos="," wid="7">,</w>
  <w id="8" lemma="|thank|" pos="VB" wid="8">thank</w>
  <w id="9" lemma="|you|" pos="PRP" wid="9">you</w>
  <w id="10" lemma="|.|" pos="." wid="10">.</w>
</sentence>
<sentence id="31">
  <w id="0" lemma="|May|" pos="NNP" wid="0">May</w>
  <w id="1" lemma="|the|" pos="DT" wid="1">the</w>
  <w id="2" lemma="|Lord|" pos="NNP" wid="2">Lord</w>
  <w id="3" lemma="|bless|" pos="VB" wid="3">bless</w>
  <w id="4" lemma="|you|" pos="PRP" wid="4">you</w>
  <w id="5" lemma="|.|" pos="." wid="5">.</w>
</sentence>
<sentence id="32">
  <w id="0" lemma="|Dear|" pos="NNP" wid="0">Dear</w>
  <w id="1" lemma="|Friends|" pos="NNPS" wid="1">Friends</w>
  <w id="2" lemma="|,|" pos="," wid="2">,</w>
  <w id="3" lemma="|to|" pos="TO" wid="3">to</w>
  <w id="4" lemma="|start|" pos="VB" wid="4">start</w>
  <w id="5" lemma="|with|" pos="IN" wid="5">with</w>
  <w id="6" lemma="|:|" pos=":" wid="6">:</w>
  <w id="7" lemma="|a|" pos="DT" wid="7">an</w>
  <w id="8" lemma="|appeal|" pos="NN" wid="8">appeal</w>
  <w id="9" lemma="|.|" pos="." wid="9">.</w>
</sentence>
<sentence id="33">
  <w id="0" lemma="|I|" pos="PRP" wid="0">I</w>
  <w id="1" lemma="|be|" pos="VBP" wid="1">am</w>
  <w id="2" lemma="|follow|" pos="VBG" wid="2">following</w>
  <w id="3" lemma="|with|" pos="IN" wid="3">with</w>
  <w id="4" lemma="|deep|" pos="JJ" wid="4">deep</w>
  <w id="5" lemma="|concern|" pos="NN" wid="5">concern</w>
  <w id="6" lemma="|the|" pos="DT" wid="6">the</w>
  <w id="7" lemma="|news|" pos="NN" wid="7">news</w>
  <w id="8" lemma="|from|" pos="IN" wid="8">from</w>
  <w id="9" lemma="|the|" pos="DT" wid="9">the</w>
  <w id="10" lemma="|region|" pos="NN" wid="10">region</w>
  <w id="11" lemma="|of|" pos="IN" wid="11">of</w>
  <w id="12" lemma="|the|" pos="DT" wid="12">the</w>
  <w id="13" lemma="|Horn|" pos="NNP" wid="13">Horn</w>
  <w id="14" lemma="|of|" pos="IN" wid="14">of</w>
  <w id="15" lemma="|Africa|" pos="NNP" wid="15">Africa</w>
  <w id="16" lemma="|and|" pos="CC" wid="16">and</w>
  <w id="17" lemma="|,|" pos="," wid="17">,</w>
  <w id="18" lemma="|in|" pos="IN" wid="18">in</w>
  <w id="19" lemma="|particular|" pos="JJ" wid="19">particular</w>
  <w id="20" lemma="|,|" pos="," wid="20">,</w>
  <w id="21" lemma="|Somalia|" pos="NNP" wid="21">Somalia</w>
  <w id="22" lemma="|,|" pos="," wid="22">,</w>
  <w id="23" lemma="|stricken|" pos="VBN" wid="23">stricken</w>
  <w id="24" lemma="|by|" pos="IN" wid="24">by</w>
  <w id="25" lemma="|a|" pos="DT" wid="25">a</w>
  <w id="26" lemma="|very|" pos="RB" wid="26">very</w>
  <w id="27" lemma="|severe|" pos="JJ" wid="27">severe</w>
  <w id="28" lemma="|drought|" pos="NN" wid="28">drought</w>
  <w id="29" lemma="|follow|" pos="VBN" wid="29">followed</w>
  <w id="30" lemma="|in|" pos="IN" wid="30">in</w>
  <w id="31" lemma="|certain|" pos="JJ" wid="31">certain</w>
  <w id="32" lemma="|area|" pos="NNS" wid="32">areas</w>
  <w id="33" lemma="|by|" pos="IN" wid="33">by</w>
  <w id="34" lemma="|torrential|" pos="JJ" wid="34">torrential</w>
  <w id="35" lemma="|rain|" pos="NN" wid="35">rain</w>
  <w id="36" lemma="|which|" pos="WDT" wid="36">which</w>
  <w id="37" lemma="|be|" pos="VBP" wid="37">are</w>
  <w id="38" lemma="|cause|" pos="VBG" wid="38">causing</w>
  <w id="39" lemma="|a|" pos="DT" wid="39">a</w>
  <w id="40" lemma="|humanitarian|" pos="JJ" wid="40">humanitarian</w>
  <w id="41" lemma="|catastrophe|" pos="NN" wid="41">catastrophe</w>
  <w id="42" lemma="|.|" pos="." wid="42">.</w>
</sentence>
<sentence id="34">
  <w id="0" lemma="|countless|" pos="JJ" wid="0">Countless</w>
  <w id="1" lemma="|people|" pos="NNS" wid="1">people</w>
  <w id="2" lemma="|be|" pos="VBP" wid="2">are</w>
  <w id="3" lemma="|flee|" pos="VBG" wid="3">fleeing</w>
  <w id="4" lemma="|from|" pos="IN" wid="4">from</w>
  <w id="5" lemma="|that|" pos="DT" wid="5">that</w>
  <w id="6" lemma="|terrible|" pos="JJ" wid="6">terrible</w>
  <w id="7" lemma="|famine|" pos="NN" wid="7">famine</w>
  <w id="8" lemma="|in|" pos="IN" wid="8">in</w>
  <w id="9" lemma="|search|" pos="NN" wid="9">search</w>
  <w id="10" lemma="|of|" pos="IN" wid="10">of</w>
  <w id="11" lemma="|food|" pos="NN" wid="11">food</w>
  <w id="12" lemma="|and|" pos="CC" wid="12">and</w>
  <w id="13" lemma="|help|" pos="NN" wid="13">help</w>
  <w id="14" lemma="|.|" pos="." wid="14">.</w>
</sentence>
<sentence id="35">
  <w id="0" lemma="|I|" pos="PRP" wid="0">I</w>
  <w id="1" lemma="|hope|" pos="VBP" wid="1">hope</w>
  <w id="2" lemma="|that|" pos="IN" wid="2">that</w>
  <w id="3" lemma="|international|" pos="JJ" wid="3">international</w>
  <w id="4" lemma="|mobilization|" pos="NN" wid="4">mobilization</w>
  <w id="5" lemma="|will|" pos="MD" wid="5">will</w>
  <w id="6" lemma="|be|" pos="VB" wid="6">be</w>
  <w id="7" lemma="|step|" pos="VBN" wid="7">stepped</w>
  <w id="8" lemma="|up|" pos="RP" wid="8">up</w>
  <w id="9" lemma="|so|" pos="RB" wid="9">so</w>
  <w id="10" lemma="|as|" pos="IN" wid="10">as</w>
  <w id="11" lemma="|to|" pos="TO" wid="11">to</w>
  <w id="12" lemma="|send|" pos="VB" wid="12">send</w>
  <w id="13" lemma="|aid|" pos="NN" wid="13">aid</w>
  <w id="14" lemma="|without|" pos="IN" wid="14">without</w>
  <w id="15" lemma="|delay|" pos="NN" wid="15">delay</w>
  <w id="16" lemma="|to|" pos="TO" wid="16">to</w>
  <w id="17" lemma="|these|" pos="DT" wid="17">these</w>
  <w id="18" lemma="|brother|" pos="NNS" wid="18">brothers</w>
  <w id="19" lemma="|and|" pos="CC" wid="19">and</w>
  <w id="20" lemma="|sister|" pos="NNS" wid="20">sisters</w>
  <w id="21" lemma="|of|" pos="IN" wid="21">of</w>
  <w id="22" lemma="|ours|" pos="PRP" wid="22">ours</w>
  <w id="23" lemma="|already|" pos="RB" wid="23">already</w>
  <w id="24" lemma="|harshly|" pos="RB" wid="24">harshly</w>
  <w id="25" lemma="|try|" pos="VBN" wid="25">tried</w>
  <w id="26" lemma="|,|" pos="," wid="26">,</w>
  <w id="27" lemma="|include|" pos="VBG" wid="27">including</w>
  <w id="28" lemma="|a|" pos="DT" wid="28">a</w>
  <w id="29" lemma="|great|" pos="JJ" wid="29">great</w>
  <w id="30" lemma="|many|" pos="JJ" wid="30">many</w>
  <w id="31" lemma="|child|" pos="NNS" wid="31">children</w>
  <w id="32" lemma="|.|" pos="." wid="32">.</w>
</sentence>
<sentence id="36">
  <w id="0" lemma="|May|" pos="NNP" wid="0">May</w>
  <w id="1" lemma="|these|" pos="DT" wid="1">these</w>
  <w id="2" lemma="|suffering|" pos="NN" wid="2">suffering</w>
  <w id="3" lemma="|people|" pos="NNS" wid="3">peoples</w>
  <w id="4" lemma="|not|" pos="RB" wid="4">not</w>
  <w id="5" lemma="|lack|" pos="VB" wid="5">lack</w>
  <w id="6" lemma="|we|" pos="PRP$" wid="6">our</w>
  <w id="7" lemma="|solidarity|" pos="NN" wid="7">solidarity</w>
  <w id="8" lemma="|and|" pos="CC" wid="8">and</w>
  <w id="9" lemma="|the|" pos="DT" wid="9">the</w>
  <w id="10" lemma="|material|" pos="JJ" wid="10">material</w>
  <w id="11" lemma="|support|" pos="NN" wid="11">support</w>
  <w id="12" lemma="|of|" pos="IN" wid="12">of</w>
  <w id="13" lemma="|all|" pos="DT" wid="13">all</w>
  <w id="14" lemma="|people|" pos="NNS" wid="14">people</w>
  <w id="15" lemma="|of|" pos="IN" wid="15">of</w>
  <w id="16" lemma="|good|" pos="JJ" wid="16">good</w>
  <w id="17" lemma="|will|" pos="NN" wid="17">will</w>
  <w id="18" lemma="|.|" pos="." wid="18">.</w>
</sentence>
</corpus>