<corpus id="0">
<sentence id="0">
  <w id="0" lemma="|Dear|" pos="NNP" wid="0">Dear</w>
  <w id="1" lemma="|Brothers|" pos="NNPS" wid="1">Brothers</w>
  <w id="2" lemma="|and|" pos="CC" wid="2">and</w>
  <w id="3" lemma="|sister|" pos="NNS" wid="3">Sisters</w>
  <w id="4" lemma="|,|" pos="," wid="4">,</w>
  <w id="5" lemma="|First|" pos="NNP" wid="5">First</w>
  <w id="6" lemma="|I|" pos="PRP" wid="6">I</w>
  <w id="7" lemma="|would|" pos="MD" wid="7">would</w>
  <w id="8" lemma="|like|" pos="VB" wid="8">like</w>
  <w id="9" lemma="|to|" pos="TO" wid="9">to</w>
  <w id="10" lemma="|apologize|" pos="VB" wid="10">apologize</w>
  <w id="11" lemma="|for|" pos="IN" wid="11">for</w>
  <w id="12" lemma="|arrive|" pos="VBG" wid="12">arriving</w>
  <w id="13" lemma="|late|" pos="RB" wid="13">late</w>
  <w id="14" lemma="|!|" pos="." wid="14">!</w>
</sentence>
<sentence id="1">
  <w id="0" lemma="|I|" pos="PRP" wid="0">I</w>
  <w id="1" lemma="|have|" pos="VBP" wid="1">have</w>
  <w id="2" lemma="|just|" pos="RB" wid="2">just</w>
  <w id="3" lemma="|return|" pos="VBN" wid="3">returned</w>
  <w id="4" lemma="|from|" pos="IN" wid="4">from</w>
  <w id="5" lemma="|Carpineto|" pos="NNP" wid="5">Carpineto</w>
  <w id="6" lemma="|Romano|" pos="NNP" wid="6">Romano</w>
  <w id="7" lemma="|where|" pos="WRB" wid="7">where</w>
  <w id="8" lemma="|,|" pos="," wid="8">,</w>
  <w id="9" lemma="|200|" pos="CD" wid="9">200</w>
  <w id="10" lemma="|year|" pos="NNS" wid="10">years</w>
  <w id="11" lemma="|ago|" pos="RB" wid="11">ago</w>
  <w id="12" lemma="|,|" pos="," wid="12">,</w>
  <w id="13" lemma="|Pope|" pos="NNP" wid="13">Pope</w>
  <w id="14" lemma="|Leo|" pos="NNP" wid="14">Leo</w>
  <w id="15" lemma="|XIII|" pos="NNP" wid="15">XIII</w>
  <w id="16" lemma="|,|" pos="," wid="16">,</w>
  <w id="17" lemma="|Vincenzo|" pos="NNP" wid="17">Vincenzo</w>
  <w id="18" lemma="|Gioacchino|" pos="NNP" wid="18">Gioacchino</w>
  <w id="19" lemma="|Pecci|" pos="NNP" wid="19">Pecci</w>
  <w id="20" lemma="|,|" pos="," wid="20">,</w>
  <w id="21" lemma="|be|" pos="VBD" wid="21">was</w>
  <w id="22" lemma="|bear|" pos="VBN" wid="22">born</w>
  <w id="23" lemma="|.|" pos="." wid="23">.</w>
</sentence>
<sentence id="2">
  <w id="0" lemma="|I|" pos="PRP" wid="0">I</w>
  <w id="1" lemma="|thank|" pos="VBP" wid="1">thank</w>
  <w id="2" lemma="|the|" pos="DT" wid="2">the</w>
  <w id="3" lemma="|Lord|" pos="NNP" wid="3">Lord</w>
  <w id="4" lemma="|for|" pos="IN" wid="4">for</w>
  <w id="5" lemma="|have|" pos="VBG" wid="5">having</w>
  <w id="6" lemma="|be|" pos="VBN" wid="6">been</w>
  <w id="7" lemma="|able|" pos="JJ" wid="7">able</w>
  <w id="8" lemma="|to|" pos="TO" wid="8">to</w>
  <w id="9" lemma="|celebrate|" pos="VB" wid="9">celebrate</w>
  <w id="10" lemma="|the|" pos="DT" wid="10">the</w>
  <w id="11" lemma="|eucharist|" pos="NN" wid="11">Eucharist</w>
  <w id="12" lemma="|with|" pos="IN" wid="12">with</w>
  <w id="13" lemma="|he|" pos="PRP$" wid="13">his</w>
  <w id="14" lemma="|fellowcitizen|" pos="NNS" wid="14">fellowcitizens</w>
  <w id="15" lemma="|on|" pos="IN" wid="15">on</w>
  <w id="16" lemma="|this|" pos="DT" wid="16">this</w>
  <w id="17" lemma="|important|" pos="JJ" wid="17">important</w>
  <w id="18" lemma="|anniversary|" pos="NN" wid="18">anniversary</w>
  <w id="19" lemma="|.|" pos="." wid="19">.</w>
</sentence>
<sentence id="3">
  <w id="0" lemma="|I|" pos="PRP" wid="0">I</w>
  <w id="1" lemma="|now|" pos="RB" wid="1">now</w>
  <w id="2" lemma="|wish|" pos="VBP" wid="2">wish</w>
  <w id="3" lemma="|briefly|" pos="NN" wid="3">briefly</w>
  <w id="4" lemma="|to|" pos="TO" wid="4">to</w>
  <w id="5" lemma="|present|" pos="VB" wid="5">present</w>
  <w id="6" lemma="|my|" pos="PRP$" wid="6">my</w>
  <w id="7" lemma="|message|" pos="NN" wid="7">Message</w>
  <w id="8" lemma="|publish|" pos="VBD" wid="8">published</w>
  <w id="9" lemma="|a|" pos="DT" wid="9">a</w>
  <w id="10" lemma="|few|" pos="JJ" wid="10">few</w>
  <w id="11" lemma="|day|" pos="NNS" wid="11">days</w>
  <w id="12" lemma="|ago|" pos="RB" wid="12">ago</w>
  <w id="13" lemma="|address|" pos="VBD" wid="13">addressed</w>
  <w id="14" lemma="|to|" pos="TO" wid="14">to</w>
  <w id="15" lemma="|the|" pos="DT" wid="15">the</w>
  <w id="16" lemma="|young|" pos="JJ" wid="16">young</w>
  <w id="17" lemma="|people|" pos="NNS" wid="17">people</w>
  <w id="18" lemma="|of|" pos="IN" wid="18">of</w>
  <w id="19" lemma="|the|" pos="DT" wid="19">the</w>
  <w id="20" lemma="|world|" pos="NN" wid="20">world</w>
  <w id="21" lemma="|for|" pos="IN" wid="21">for</w>
  <w id="22" lemma="|the|" pos="DT" wid="22">the</w>
  <w id="23" lemma="|26th|" pos="JJ" wid="23">26th</w>
  <w id="24" lemma="|World|" pos="NNP" wid="24">World</w>
  <w id="25" lemma="|Youth|" pos="NNP" wid="25">Youth</w>
  <w id="26" lemma="|Day|" pos="NNP" wid="26">Day</w>
  <w id="27" lemma="|that|" pos="WDT" wid="27">that</w>
  <w id="28" lemma="|will|" pos="MD" wid="28">will</w>
  <w id="29" lemma="|be|" pos="VB" wid="29">be</w>
  <w id="30" lemma="|take|" pos="VBG" wid="30">taking</w>
  <w id="31" lemma="|place|" pos="NN" wid="31">place</w>
  <w id="32" lemma="|in|" pos="IN" wid="32">in</w>
  <w id="33" lemma="|Madrid|" pos="NNP" wid="33">Madrid</w>
  <w id="34" lemma="|in|" pos="IN" wid="34">in</w>
  <w id="35" lemma="|a|" pos="DT" wid="35">a</w>
  <w id="36" lemma="|little|" pos="RB" wid="36">little</w>
  <w id="37" lemma="|less|" pos="JJR" wid="37">less</w>
  <w id="38" lemma="|than|" pos="IN" wid="38">than</w>
  <w id="39" lemma="|a|" pos="DT" wid="39">a</w>
  <w id="40" lemma="|year|" pos="NN" wid="40">year</w>
  <w id="41" lemma="|.|" pos="." wid="41">.</w>
</sentence>
<sentence id="4">
  <w id="0" lemma="|the|" pos="DT" wid="0">The</w>
  <w id="1" lemma="|theme|" pos="NN" wid="1">theme</w>
  <w id="2" lemma="|I|" pos="PRP" wid="2">I</w>
  <w id="3" lemma="|have|" pos="VBP" wid="3">have</w>
  <w id="4" lemma="|choose|" pos="VBN" wid="4">chosen</w>
  <w id="5" lemma="|for|" pos="IN" wid="5">for</w>
  <w id="6" lemma="|this|" pos="DT" wid="6">this</w>
  <w id="7" lemma="|message|" pos="NN" wid="7">Message</w>
  <w id="8" lemma="|use|" pos="VBZ" wid="8">uses</w>
  <w id="9" lemma="|a|" pos="DT" wid="9">an</w>
  <w id="10" lemma="|expression|" pos="NN" wid="10">expression</w>
  <w id="11" lemma="|from|" pos="IN" wid="11">from</w>
  <w id="12" lemma="|St|" pos="NNP" wid="12">St</w>
  <w id="13" lemma="|Paul|" pos="NNP" wid="13">Paul</w>
  <w id="14" lemma="|'s|" pos="POS" wid="14">'s</w>
  <w id="15" lemma="|Letter|" pos="NNP" wid="15">Letter</w>
  <w id="16" lemma="|to|" pos="TO" wid="16">to</w>
  <w id="17" lemma="|the|" pos="DT" wid="17">the</w>
  <w id="18" lemma="|Colossians|" pos="NNPS" wid="18">Colossians</w>
  <w id="19" lemma="|:|" pos=":" wid="19">:</w>
  <w id="20" lemma="|``|" pos="``" wid="20">``</w>
  <w id="21" lemma="|plant|" pos="VBN" wid="21">Planted</w>
  <w id="22" lemma="|and|" pos="CC" wid="22">and</w>
  <w id="23" lemma="|build|" pos="VBN" wid="23">built</w>
  <w id="24" lemma="|up|" pos="RP" wid="24">up</w>
  <w id="25" lemma="|in|" pos="IN" wid="25">in</w>
  <w id="26" lemma="|Jesus|" pos="NNP" wid="26">Jesus</w>
  <w id="27" lemma="|Christ|" pos="NNP" wid="27">Christ</w>
  <w id="28" lemma="|,|" pos="," wid="28">,</w>
  <w id="29" lemma="|firm|" pos="NN" wid="29">firm</w>
  <w id="30" lemma="|in|" pos="IN" wid="30">in</w>
  <w id="31" lemma="|the|" pos="DT" wid="31">the</w>
  <w id="32" lemma="|faith|" pos="NN" wid="32">faith</w>
  <w id="33" lemma="|''|" pos="''" wid="33">''</w>
  <w id="34" lemma="|-lrb-|" pos="-LRB-" wid="34">-LRB-</w>
  <w id="35" lemma="|2|" pos="CD" wid="35">2</w>
  <w id="36" lemma="|:|" pos=":" wid="36">:</w>
  <w id="37" lemma="|7|" pos="CD" wid="37">7</w>
  <w id="38" lemma="|-rrb-|" pos="-RRB-" wid="38">-RRB-</w>
  <w id="39" lemma="|.|" pos="." wid="39">.</w>
</sentence>
<sentence id="5">
  <w id="0" lemma="|it|" pos="PRP" wid="0">It</w>
  <w id="1" lemma="|be|" pos="VBZ" wid="1">is</w>
  <w id="2" lemma="|definitely|" pos="RB" wid="2">definitely</w>
  <w id="3" lemma="|a|" pos="DT" wid="3">a</w>
  <w id="4" lemma="|proposal|" pos="NN" wid="4">proposal</w>
  <w id="5" lemma="|that|" pos="WDT" wid="5">that</w>
  <w id="6" lemma="|go|" pos="VBZ" wid="6">goes</w>
  <w id="7" lemma="|against|" pos="IN" wid="7">against</w>
  <w id="8" lemma="|the|" pos="DT" wid="8">the</w>
  <w id="9" lemma="|tide|" pos="NN" wid="9">tide</w>
  <w id="10" lemma="|!|" pos="." wid="10">!</w>
</sentence>
<sentence id="6">
  <w id="0" lemma="|indeed|" pos="RB" wid="0">Indeed</w>
  <w id="1" lemma="|who|" pos="WP" wid="1">who</w>
  <w id="2" lemma="|today|" pos="NN" wid="2">today</w>
  <w id="3" lemma="|suggest|" pos="VBZ" wid="3">suggests</w>
  <w id="4" lemma="|to|" pos="TO" wid="4">to</w>
  <w id="5" lemma="|young|" pos="JJ" wid="5">young</w>
  <w id="6" lemma="|people|" pos="NNS" wid="6">people</w>
  <w id="7" lemma="|that|" pos="IN" wid="7">that</w>
  <w id="8" lemma="|they|" pos="PRP" wid="8">they</w>
  <w id="9" lemma="|be|" pos="VB" wid="9">be</w>
  <w id="10" lemma="|``|" pos="``" wid="10">``</w>
  <w id="11" lemma="|rooted|" pos="JJ" wid="11">rooted</w>
  <w id="12" lemma="|''|" pos="''" wid="12">''</w>
  <w id="13" lemma="|and|" pos="CC" wid="13">and</w>
  <w id="14" lemma="|``|" pos="``" wid="14">``</w>
  <w id="15" lemma="|firm|" pos="NN" wid="15">firm</w>
  <w id="16" lemma="|''|" pos="''" wid="16">''</w>
  <w id="17" lemma="|?|" pos="." wid="17">?</w>
</sentence>
<sentence id="7">
  <w id="0" lemma="|rather|" pos="RB" wid="0">Rather</w>
  <w id="1" lemma="|uncertainty|" pos="NN" wid="1">uncertainty</w>
  <w id="2" lemma="|,|" pos="," wid="2">,</w>
  <w id="3" lemma="|mobility|" pos="NN" wid="3">mobility</w>
  <w id="4" lemma="|and|" pos="CC" wid="4">and</w>
  <w id="5" lemma="|volubility|" pos="NN" wid="5">volubility</w>
  <w id="6" lemma="|be|" pos="VBP" wid="6">are</w>
  <w id="7" lemma="|extol|" pos="VBN" wid="7">extolled</w>
  <w id="8" lemma="|...|" pos=":" wid="8">...</w>
  <w id="9" lemma="|all|" pos="DT" wid="9">all</w>
  <w id="10" lemma="|aspect|" pos="NNS" wid="10">aspects</w>
  <w id="11" lemma="|that|" pos="WDT" wid="11">that</w>
  <w id="12" lemma="|reflect|" pos="VBP" wid="12">reflect</w>
  <w id="13" lemma="|a|" pos="DT" wid="13">a</w>
  <w id="14" lemma="|culture|" pos="NN" wid="14">culture</w>
  <w id="15" lemma="|unsure|" pos="JJ" wid="15">unsure</w>
  <w id="16" lemma="|about|" pos="IN" wid="16">about</w>
  <w id="17" lemma="|basic|" pos="JJ" wid="17">basic</w>
  <w id="18" lemma="|value|" pos="NNS" wid="18">values</w>
  <w id="19" lemma="|,|" pos="," wid="19">,</w>
  <w id="20" lemma="|about|" pos="IN" wid="20">about</w>
  <w id="21" lemma="|the|" pos="DT" wid="21">the</w>
  <w id="22" lemma="|principle|" pos="NNS" wid="22">principles</w>
  <w id="23" lemma="|on|" pos="IN" wid="23">on</w>
  <w id="24" lemma="|whose|" pos="WP$" wid="24">whose</w>
  <w id="25" lemma="|basis|" pos="NN" wid="25">basis</w>
  <w id="26" lemma="|to|" pos="TO" wid="26">to</w>
  <w id="27" lemma="|direct|" pos="VB" wid="27">direct</w>
  <w id="28" lemma="|and|" pos="CC" wid="28">and</w>
  <w id="29" lemma="|regulate|" pos="VB" wid="29">regulate</w>
  <w id="30" lemma="|life|" pos="NN" wid="30">life</w>
  <w id="31" lemma="|.|" pos="." wid="31">.</w>
</sentence>
<sentence id="8">
  <w id="0" lemma="|in|" pos="IN" wid="0">In</w>
  <w id="1" lemma="|fact|" pos="NN" wid="1">fact</w>
  <w id="2" lemma="|,|" pos="," wid="2">,</w>
  <w id="3" lemma="|because|" pos="IN" wid="3">because</w>
  <w id="4" lemma="|of|" pos="IN" wid="4">of</w>
  <w id="5" lemma="|my|" pos="PRP$" wid="5">my</w>
  <w id="6" lemma="|experience|" pos="NN" wid="6">experience</w>
  <w id="7" lemma="|and|" pos="CC" wid="7">and</w>
  <w id="8" lemma="|the|" pos="DT" wid="8">the</w>
  <w id="9" lemma="|contact|" pos="NNS" wid="9">contacts</w>
  <w id="10" lemma="|I|" pos="PRP" wid="10">I</w>
  <w id="11" lemma="|have|" pos="VBP" wid="11">have</w>
  <w id="12" lemma="|with|" pos="IN" wid="12">with</w>
  <w id="13" lemma="|youth|" pos="NN" wid="13">youth</w>
  <w id="14" lemma="|I|" pos="PRP" wid="14">I</w>
  <w id="15" lemma="|know|" pos="VBP" wid="15">know</w>
  <w id="16" lemma="|well|" pos="RB" wid="16">well</w>
  <w id="17" lemma="|that|" pos="IN" wid="17">that</w>
  <w id="18" lemma="|every|" pos="DT" wid="18">every</w>
  <w id="19" lemma="|generation|" pos="NN" wid="19">generation</w>
  <w id="20" lemma="|,|" pos="," wid="20">,</w>
  <w id="21" lemma="|indeed|" pos="RB" wid="21">indeed</w>
  <w id="22" lemma="|,|" pos="," wid="22">,</w>
  <w id="23" lemma="|every|" pos="DT" wid="23">every</w>
  <w id="24" lemma="|individual|" pos="JJ" wid="24">individual</w>
  <w id="25" lemma="|person|" pos="NN" wid="25">person</w>
  <w id="26" lemma="|,|" pos="," wid="26">,</w>
  <w id="27" lemma="|be|" pos="VBZ" wid="27">is</w>
  <w id="28" lemma="|call|" pos="VBN" wid="28">called</w>
  <w id="29" lemma="|to|" pos="TO" wid="29">to</w>
  <w id="30" lemma="|take|" pos="VB" wid="30">take</w>
  <w id="31" lemma="|anew|" pos="RB" wid="31">anew</w>
  <w id="32" lemma="|the|" pos="DT" wid="32">the</w>
  <w id="33" lemma="|path|" pos="NN" wid="33">path</w>
  <w id="34" lemma="|of|" pos="IN" wid="34">of</w>
  <w id="35" lemma="|the|" pos="DT" wid="35">the</w>
  <w id="36" lemma="|discovery|" pos="NN" wid="36">discovery</w>
  <w id="37" lemma="|of|" pos="IN" wid="37">of</w>
  <w id="38" lemma="|life|" pos="NN" wid="38">life</w>
  <w id="39" lemma="|'s|" pos="POS" wid="39">'s</w>
  <w id="40" lemma="|meaning|" pos="NN" wid="40">meaning</w>
  <w id="41" lemma="|.|" pos="." wid="41">.</w>
</sentence>
<sentence id="9">
  <w id="0" lemma="|and|" pos="CC" wid="0">And</w>
  <w id="1" lemma="|it|" pos="PRP" wid="1">it</w>
  <w id="2" lemma="|be|" pos="VBZ" wid="2">is</w>
  <w id="3" lemma="|for|" pos="IN" wid="3">for</w>
  <w id="4" lemma="|this|" pos="DT" wid="4">this</w>
  <w id="5" lemma="|very|" pos="JJ" wid="5">very</w>
  <w id="6" lemma="|reason|" pos="NN" wid="6">reason</w>
  <w id="7" lemma="|that|" pos="IN" wid="7">that</w>
  <w id="8" lemma="|I|" pos="PRP" wid="8">I</w>
  <w id="9" lemma="|choose|" pos="VBD" wid="9">chose</w>
  <w id="10" lemma="|to|" pos="TO" wid="10">to</w>
  <w id="11" lemma="|propose|" pos="VB" wid="11">propose</w>
  <w id="12" lemma="|again|" pos="RB" wid="12">again</w>
  <w id="13" lemma="|a|" pos="DT" wid="13">a</w>
  <w id="14" lemma="|message|" pos="NN" wid="14">Message</w>
  <w id="15" lemma="|in|" pos="IN" wid="15">in</w>
  <w id="16" lemma="|the|" pos="DT" wid="16">the</w>
  <w id="17" lemma="|biblical|" pos="JJ" wid="17">biblical</w>
  <w id="18" lemma="|style|" pos="NN" wid="18">style</w>
  <w id="19" lemma="|that|" pos="WDT" wid="19">that</w>
  <w id="20" lemma="|evoke|" pos="VBZ" wid="20">evokes</w>
  <w id="21" lemma="|the|" pos="DT" wid="21">the</w>
  <w id="22" lemma="|image|" pos="NNS" wid="22">images</w>
  <w id="23" lemma="|of|" pos="IN" wid="23">of</w>
  <w id="24" lemma="|a|" pos="DT" wid="24">a</w>
  <w id="25" lemma="|tree|" pos="NN" wid="25">tree</w>
  <w id="26" lemma="|and|" pos="CC" wid="26">and</w>
  <w id="27" lemma="|a|" pos="DT" wid="27">a</w>
  <w id="28" lemma="|house|" pos="NN" wid="28">house</w>
  <w id="29" lemma="|.|" pos="." wid="29">.</w>
</sentence>
<sentence id="10">
  <w id="0" lemma="|a|" pos="DT" wid="0">A</w>
  <w id="1" lemma="|young|" pos="JJ" wid="1">young</w>
  <w id="2" lemma="|person|" pos="NN" wid="2">person</w>
  <w id="3" lemma="|,|" pos="," wid="3">,</w>
  <w id="4" lemma="|in|" pos="IN" wid="4">in</w>
  <w id="5" lemma="|fact|" pos="NN" wid="5">fact</w>
  <w id="6" lemma="|,|" pos="," wid="6">,</w>
  <w id="7" lemma="|be|" pos="VBZ" wid="7">is</w>
  <w id="8" lemma="|like|" pos="IN" wid="8">like</w>
  <w id="9" lemma="|a|" pos="DT" wid="9">a</w>
  <w id="10" lemma="|grow|" pos="VBG" wid="10">growing</w>
  <w id="11" lemma="|tree|" pos="NN" wid="11">tree</w>
  <w id="12" lemma="|:|" pos=":" wid="12">:</w>
  <w id="13" lemma="|to|" pos="TO" wid="13">to</w>
  <w id="14" lemma="|develop|" pos="VB" wid="14">develop</w>
  <w id="15" lemma="|healthily|" pos="RB" wid="15">healthily</w>
  <w id="16" lemma="|it|" pos="PRP" wid="16">it</w>
  <w id="17" lemma="|need|" pos="VBZ" wid="17">needs</w>
  <w id="18" lemma="|deep|" pos="JJ" wid="18">deep</w>
  <w id="19" lemma="|root|" pos="NNS" wid="19">roots</w>
  <w id="20" lemma="|which|" pos="WDT" wid="20">which</w>
  <w id="21" lemma="|when|" pos="WRB" wid="21">when</w>
  <w id="22" lemma="|stormy|" pos="JJ" wid="22">stormy</w>
  <w id="23" lemma="|gale|" pos="NNS" wid="23">gales</w>
  <w id="24" lemma="|come|" pos="VBP" wid="24">come</w>
  <w id="25" lemma="|will|" pos="MD" wid="25">will</w>
  <w id="26" lemma="|keep|" pos="VB" wid="26">keep</w>
  <w id="27" lemma="|it|" pos="PRP" wid="27">it</w>
  <w id="28" lemma="|firmly|" pos="RB" wid="28">firmly</w>
  <w id="29" lemma="|plant|" pos="VBD" wid="29">planted</w>
  <w id="30" lemma="|in|" pos="IN" wid="30">in</w>
  <w id="31" lemma="|the|" pos="DT" wid="31">the</w>
  <w id="32" lemma="|ground|" pos="NN" wid="32">ground</w>
  <w id="33" lemma="|.|" pos="." wid="33">.</w>
</sentence>
<sentence id="11">
  <w id="0" lemma="|the|" pos="DT" wid="0">The</w>
  <w id="1" lemma="|image|" pos="NN" wid="1">image</w>
  <w id="2" lemma="|of|" pos="IN" wid="2">of</w>
  <w id="3" lemma="|the|" pos="DT" wid="3">the</w>
  <w id="4" lemma="|building|" pos="NN" wid="4">building</w>
  <w id="5" lemma="|under|" pos="IN" wid="5">under</w>
  <w id="6" lemma="|construction|" pos="NN" wid="6">construction</w>
  <w id="7" lemma="|also|" pos="RB" wid="7">also</w>
  <w id="8" lemma="|recall|" pos="VBZ" wid="8">recalls</w>
  <w id="9" lemma="|the|" pos="DT" wid="9">the</w>
  <w id="10" lemma="|need|" pos="NN" wid="10">need</w>
  <w id="11" lemma="|for|" pos="IN" wid="11">for</w>
  <w id="12" lemma="|good|" pos="JJ" wid="12">good</w>
  <w id="13" lemma="|foundation|" pos="NNS" wid="13">foundations</w>
  <w id="14" lemma="|so|" pos="IN" wid="14">so</w>
  <w id="15" lemma="|that|" pos="IN" wid="15">that</w>
  <w id="16" lemma="|the|" pos="DT" wid="16">the</w>
  <w id="17" lemma="|house|" pos="NN" wid="17">house</w>
  <w id="18" lemma="|will|" pos="MD" wid="18">will</w>
  <w id="19" lemma="|be|" pos="VB" wid="19">be</w>
  <w id="20" lemma="|solid|" pos="JJ" wid="20">solid</w>
  <w id="21" lemma="|and|" pos="CC" wid="21">and</w>
  <w id="22" lemma="|safe|" pos="JJ" wid="22">safe</w>
  <w id="23" lemma="|.|" pos="." wid="23">.</w>
</sentence>
<sentence id="12">
  <w id="0" lemma="|and|" pos="CC" wid="0">And</w>
  <w id="1" lemma="|this|" pos="DT" wid="1">this</w>
  <w id="2" lemma="|be|" pos="VBZ" wid="2">is</w>
  <w id="3" lemma="|the|" pos="DT" wid="3">the</w>
  <w id="4" lemma="|heart|" pos="NN" wid="4">heart</w>
  <w id="5" lemma="|of|" pos="IN" wid="5">of</w>
  <w id="6" lemma="|the|" pos="DT" wid="6">the</w>
  <w id="7" lemma="|message|" pos="NN" wid="7">Message</w>
  <w id="8" lemma="|:|" pos=":" wid="8">:</w>
  <w id="9" lemma="|it|" pos="PRP" wid="9">it</w>
  <w id="10" lemma="|be|" pos="VBZ" wid="10">is</w>
  <w id="11" lemma="|inherent|" pos="JJ" wid="11">inherent</w>
  <w id="12" lemma="|in|" pos="IN" wid="12">in</w>
  <w id="13" lemma="|the|" pos="DT" wid="13">the</w>
  <w id="14" lemma="|word|" pos="NNS" wid="14">words</w>
  <w id="15" lemma="|``|" pos="``" wid="15">``</w>
  <w id="16" lemma="|in|" pos="IN" wid="16">in</w>
  <w id="17" lemma="|Christ|" pos="NNP" wid="17">Christ</w>
  <w id="18" lemma="|''|" pos="''" wid="18">''</w>
  <w id="19" lemma="|and|" pos="CC" wid="19">and</w>
  <w id="20" lemma="|``|" pos="``" wid="20">``</w>
  <w id="21" lemma="|in|" pos="IN" wid="21">in</w>
  <w id="22" lemma="|the|" pos="DT" wid="22">the</w>
  <w id="23" lemma="|faith|" pos="NN" wid="23">faith</w>
  <w id="24" lemma="|''|" pos="''" wid="24">''</w>
  <w id="25" lemma="|.|" pos="." wid="25">.</w>
</sentence>
<sentence id="13">
  <w id="0" lemma="|the|" pos="DT" wid="0">The</w>
  <w id="1" lemma="|full|" pos="JJ" wid="1">full</w>
  <w id="2" lemma="|maturity|" pos="NN" wid="2">maturity</w>
  <w id="3" lemma="|of|" pos="IN" wid="3">of</w>
  <w id="4" lemma="|the|" pos="DT" wid="4">the</w>
  <w id="5" lemma="|person|" pos="NN" wid="5">person</w>
  <w id="6" lemma="|,|" pos="," wid="6">,</w>
  <w id="7" lemma="|he|" pos="PRP$" wid="7">his</w>
  <w id="8" lemma="|or|" pos="CC" wid="8">or</w>
  <w id="9" lemma="|she|" pos="PRP$" wid="9">her</w>
  <w id="10" lemma="|inner|" pos="JJ" wid="10">inner</w>
  <w id="11" lemma="|stability|" pos="NN" wid="11">stability</w>
  <w id="12" lemma="|,|" pos="," wid="12">,</w>
  <w id="13" lemma="|be|" pos="VBP" wid="13">are</w>
  <w id="14" lemma="|found|" pos="VBN" wid="14">founded</w>
  <w id="15" lemma="|in|" pos="IN" wid="15">in</w>
  <w id="16" lemma="|the|" pos="DT" wid="16">the</w>
  <w id="17" lemma="|relationship|" pos="NN" wid="17">relationship</w>
  <w id="18" lemma="|with|" pos="IN" wid="18">with</w>
  <w id="19" lemma="|God|" pos="NNP" wid="19">God</w>
  <w id="20" lemma="|,|" pos="," wid="20">,</w>
  <w id="21" lemma="|a|" pos="DT" wid="21">a</w>
  <w id="22" lemma="|relationship|" pos="NN" wid="22">relationship</w>
  <w id="23" lemma="|that|" pos="WDT" wid="23">that</w>
  <w id="24" lemma="|pass|" pos="VBZ" wid="24">passes</w>
  <w id="25" lemma="|through|" pos="IN" wid="25">through</w>
  <w id="26" lemma="|a|" pos="DT" wid="26">an</w>
  <w id="27" lemma="|encounter|" pos="NN" wid="27">encounter</w>
  <w id="28" lemma="|with|" pos="IN" wid="28">with</w>
  <w id="29" lemma="|Jesus|" pos="NNP" wid="29">Jesus</w>
  <w id="30" lemma="|Christ|" pos="NNP" wid="30">Christ</w>
  <w id="31" lemma="|.|" pos="." wid="31">.</w>
</sentence>
<sentence id="14">
  <w id="0" lemma="|a|" pos="DT" wid="0">A</w>
  <w id="1" lemma="|relationship|" pos="NN" wid="1">relationship</w>
  <w id="2" lemma="|of|" pos="IN" wid="2">of</w>
  <w id="3" lemma="|deep|" pos="JJ" wid="3">deep</w>
  <w id="4" lemma="|trust|" pos="NN" wid="4">trust</w>
  <w id="5" lemma="|,|" pos="," wid="5">,</w>
  <w id="6" lemma="|of|" pos="IN" wid="6">of</w>
  <w id="7" lemma="|authentic|" pos="JJ" wid="7">authentic</w>
  <w id="8" lemma="|friendship|" pos="NN" wid="8">friendship</w>
  <w id="9" lemma="|with|" pos="IN" wid="9">with</w>
  <w id="10" lemma="|Jesus|" pos="NNP" wid="10">Jesus</w>
  <w id="11" lemma="|,|" pos="," wid="11">,</w>
  <w id="12" lemma="|can|" pos="MD" wid="12">can</w>
  <w id="13" lemma="|give|" pos="VB" wid="13">give</w>
  <w id="14" lemma="|a|" pos="DT" wid="14">a</w>
  <w id="15" lemma="|young|" pos="JJ" wid="15">young</w>
  <w id="16" lemma="|person|" pos="NN" wid="16">person</w>
  <w id="17" lemma="|what|" pos="WP" wid="17">what</w>
  <w id="18" lemma="|he|" pos="PRP" wid="18">he</w>
  <w id="19" lemma="|or|" pos="CC" wid="19">or</w>
  <w id="20" lemma="|she|" pos="PRP" wid="20">she</w>
  <w id="21" lemma="|need|" pos="VBZ" wid="21">needs</w>
  <w id="22" lemma="|to|" pos="TO" wid="22">to</w>
  <w id="23" lemma="|face|" pos="VB" wid="23">face</w>
  <w id="24" lemma="|life|" pos="NN" wid="24">life</w>
  <w id="25" lemma="|:|" pos=":" wid="25">:</w>
  <w id="26" lemma="|serenity|" pos="NN" wid="26">serenity</w>
  <w id="27" lemma="|and|" pos="CC" wid="27">and</w>
  <w id="28" lemma="|interior|" pos="NN" wid="28">interior</w>
  <w id="29" lemma="|enlightenment|" pos="NN" wid="29">enlightenment</w>
  <w id="30" lemma="|,|" pos="," wid="30">,</w>
  <w id="31" lemma="|a|" pos="DT" wid="31">an</w>
  <w id="32" lemma="|aptitude|" pos="NN" wid="32">aptitude</w>
  <w id="33" lemma="|for|" pos="IN" wid="33">for</w>
  <w id="34" lemma="|think|" pos="VBG" wid="34">thinking</w>
  <w id="35" lemma="|positively|" pos="RB" wid="35">positively</w>
  <w id="36" lemma="|,|" pos="," wid="36">,</w>
  <w id="37" lemma="|broadmindedness|" pos="NN" wid="37">broadmindedness</w>
  <w id="38" lemma="|with|" pos="IN" wid="38">with</w>
  <w id="39" lemma="|regard|" pos="NN" wid="39">regard</w>
  <w id="40" lemma="|to|" pos="TO" wid="40">to</w>
  <w id="41" lemma="|other|" pos="NNS" wid="41">others</w>
  <w id="42" lemma="|,|" pos="," wid="42">,</w>
  <w id="43" lemma="|the|" pos="DT" wid="43">the</w>
  <w id="44" lemma="|readiness|" pos="NN" wid="44">readiness</w>
  <w id="45" lemma="|to|" pos="TO" wid="45">to</w>
  <w id="46" lemma="|pay|" pos="VB" wid="46">pay</w>
  <w id="47" lemma="|in|" pos="IN" wid="47">in</w>
  <w id="48" lemma="|person|" pos="NN" wid="48">person</w>
  <w id="49" lemma="|for|" pos="IN" wid="49">for</w>
  <w id="50" lemma="|goodness|" pos="NN" wid="50">goodness</w>
  <w id="51" lemma="|,|" pos="," wid="51">,</w>
  <w id="52" lemma="|justice|" pos="NN" wid="52">justice</w>
  <w id="53" lemma="|and|" pos="CC" wid="53">and</w>
  <w id="54" lemma="|truth|" pos="NN" wid="54">truth</w>
  <w id="55" lemma="|.|" pos="." wid="55">.</w>
</sentence>
<sentence id="15">
  <w id="0" lemma="|one|" pos="CD" wid="0">One</w>
  <w id="1" lemma="|last|" pos="JJ" wid="1">last</w>
  <w id="2" lemma="|and|" pos="CC" wid="2">and</w>
  <w id="3" lemma="|very|" pos="RB" wid="3">very</w>
  <w id="4" lemma="|important|" pos="JJ" wid="4">important</w>
  <w id="5" lemma="|aspect|" pos="NN" wid="5">aspect</w>
  <w id="6" lemma="|:|" pos=":" wid="6">:</w>
  <w id="7" lemma="|in|" pos="IN" wid="7">in</w>
  <w id="8" lemma="|order|" pos="NN" wid="8">order</w>
  <w id="9" lemma="|to|" pos="TO" wid="9">to</w>
  <w id="10" lemma="|become|" pos="VB" wid="10">become</w>
  <w id="11" lemma="|a|" pos="DT" wid="11">a</w>
  <w id="12" lemma="|believer|" pos="NN" wid="12">believer</w>
  <w id="13" lemma="|a|" pos="DT" wid="13">a</w>
  <w id="14" lemma="|young|" pos="JJ" wid="14">young</w>
  <w id="15" lemma="|person|" pos="NN" wid="15">person</w>
  <w id="16" lemma="|be|" pos="VBZ" wid="16">is</w>
  <w id="17" lemma="|support|" pos="VBN" wid="17">supported</w>
  <w id="18" lemma="|by|" pos="IN" wid="18">by</w>
  <w id="19" lemma="|the|" pos="DT" wid="19">the</w>
  <w id="20" lemma="|faith|" pos="NN" wid="20">faith</w>
  <w id="21" lemma="|of|" pos="IN" wid="21">of</w>
  <w id="22" lemma="|the|" pos="DT" wid="22">the</w>
  <w id="23" lemma="|Church|" pos="NNP" wid="23">Church</w>
  <w id="24" lemma="|;|" pos=":" wid="24">;</w>
  <w id="25" lemma="|if|" pos="IN" wid="25">if</w>
  <w id="26" lemma="|no|" pos="DT" wid="26">no</w>
  <w id="27" lemma="|one|" pos="NN" wid="27">one</w>
  <w id="28" lemma="|be|" pos="VBZ" wid="28">is</w>
  <w id="29" lemma="|a|" pos="DT" wid="29">an</w>
  <w id="30" lemma="|island|" pos="NN" wid="30">island</w>
  <w id="31" lemma="|,|" pos="," wid="31">,</w>
  <w id="32" lemma="|neither|" pos="CC" wid="32">neither</w>
  <w id="33" lemma="|be|" pos="VBZ" wid="33">is</w>
  <w id="34" lemma="|the|" pos="DT" wid="34">the</w>
  <w id="35" lemma="|Christian|" pos="NNP" wid="35">Christian</w>
  <w id="36" lemma="|who|" pos="WP" wid="36">who</w>
  <w id="37" lemma="|discover|" pos="VBZ" wid="37">discovers</w>
  <w id="38" lemma="|in|" pos="IN" wid="38">in</w>
  <w id="39" lemma="|the|" pos="DT" wid="39">the</w>
  <w id="40" lemma="|Church|" pos="NNP" wid="40">Church</w>
  <w id="41" lemma="|the|" pos="DT" wid="41">the</w>
  <w id="42" lemma="|beauty|" pos="NN" wid="42">beauty</w>
  <w id="43" lemma="|of|" pos="IN" wid="43">of</w>
  <w id="44" lemma="|faith|" pos="NN" wid="44">faith</w>
  <w id="45" lemma="|share|" pos="VBN" wid="45">shared</w>
  <w id="46" lemma="|with|" pos="IN" wid="46">with</w>
  <w id="47" lemma="|other|" pos="NNS" wid="47">others</w>
  <w id="48" lemma="|in|" pos="IN" wid="48">in</w>
  <w id="49" lemma="|brotherhood|" pos="NN" wid="49">brotherhood</w>
  <w id="50" lemma="|and|" pos="CC" wid="50">and</w>
  <w id="51" lemma="|in|" pos="IN" wid="51">in</w>
  <w id="52" lemma="|the|" pos="DT" wid="52">the</w>
  <w id="53" lemma="|service|" pos="NN" wid="53">service</w>
  <w id="54" lemma="|of|" pos="IN" wid="54">of</w>
  <w id="55" lemma="|charity|" pos="NN" wid="55">charity</w>
  <w id="56" lemma="|.|" pos="." wid="56">.</w>
</sentence>
<sentence id="16">
  <w id="0" lemma="|my|" pos="PRP$" wid="0">My</w>
  <w id="1" lemma="|message|" pos="NN" wid="1">Message</w>
  <w id="2" lemma="|to|" pos="TO" wid="2">to</w>
  <w id="3" lemma="|young|" pos="JJ" wid="3">young</w>
  <w id="4" lemma="|people|" pos="NNS" wid="4">people</w>
  <w id="5" lemma="|be|" pos="VBZ" wid="5">is</w>
  <w id="6" lemma="|date|" pos="VBN" wid="6">dated</w>
  <w id="7" lemma="|6|" pos="CD" wid="7">6</w>
  <w id="8" lemma="|August|" pos="NNP" wid="8">August</w>
  <w id="9" lemma="|,|" pos="," wid="9">,</w>
  <w id="10" lemma="|the|" pos="DT" wid="10">the</w>
  <w id="11" lemma="|Feast|" pos="NNP" wid="11">Feast</w>
  <w id="12" lemma="|of|" pos="IN" wid="12">of</w>
  <w id="13" lemma="|the|" pos="DT" wid="13">the</w>
  <w id="14" lemma="|transfiguration|" pos="NN" wid="14">Transfiguration</w>
  <w id="15" lemma="|of|" pos="IN" wid="15">of</w>
  <w id="16" lemma="|the|" pos="DT" wid="16">the</w>
  <w id="17" lemma="|Lord|" pos="NNP" wid="17">Lord</w>
  <w id="18" lemma="|.|" pos="." wid="18">.</w>
</sentence>
<sentence id="17">
  <w id="0" lemma="|may|" pos="MD" wid="0">May</w>
  <w id="1" lemma="|the|" pos="DT" wid="1">the</w>
  <w id="2" lemma="|light|" pos="NN" wid="2">light</w>
  <w id="3" lemma="|of|" pos="IN" wid="3">of</w>
  <w id="4" lemma="|Christ|" pos="NNP" wid="4">Christ</w>
  <w id="5" lemma="|'s|" pos="POS" wid="5">'s</w>
  <w id="6" lemma="|Face|" pos="NNP" wid="6">Face</w>
  <w id="7" lemma="|shine|" pos="NN" wid="7">shine</w>
  <w id="8" lemma="|in|" pos="IN" wid="8">in</w>
  <w id="9" lemma="|the|" pos="DT" wid="9">the</w>
  <w id="10" lemma="|heart|" pos="NN" wid="10">heart</w>
  <w id="11" lemma="|of|" pos="IN" wid="11">of</w>
  <w id="12" lemma="|every|" pos="DT" wid="12">every</w>
  <w id="13" lemma="|young|" pos="JJ" wid="13">young</w>
  <w id="14" lemma="|person|" pos="NN" wid="14">person</w>
  <w id="15" lemma="|!|" pos="." wid="15">!</w>
</sentence>
<sentence id="18">
  <w id="0" lemma="|and|" pos="CC" wid="0">And</w>
  <w id="1" lemma="|may|" pos="MD" wid="1">may</w>
  <w id="2" lemma="|the|" pos="DT" wid="2">the</w>
  <w id="3" lemma="|Virgin|" pos="NNP" wid="3">Virgin</w>
  <w id="4" lemma="|Mary|" pos="NNP" wid="4">Mary</w>
  <w id="5" lemma="|accompany|" pos="VB" wid="5">accompany</w>
  <w id="6" lemma="|and|" pos="CC" wid="6">and</w>
  <w id="7" lemma="|protect|" pos="VB" wid="7">protect</w>
  <w id="8" lemma="|community|" pos="NNS" wid="8">communities</w>
  <w id="9" lemma="|and|" pos="CC" wid="9">and</w>
  <w id="10" lemma="|youth|" pos="NN" wid="10">youth</w>
  <w id="11" lemma="|group|" pos="NNS" wid="11">groups</w>
  <w id="12" lemma="|towards|" pos="IN" wid="12">towards</w>
  <w id="13" lemma="|the|" pos="DT" wid="13">the</w>
  <w id="14" lemma="|important|" pos="JJ" wid="14">important</w>
  <w id="15" lemma="|meet|" pos="VBG" wid="15">Meeting</w>
  <w id="16" lemma="|in|" pos="IN" wid="16">in</w>
  <w id="17" lemma="|Madrid|" pos="NNP" wid="17">Madrid</w>
  <w id="18" lemma="|in|" pos="IN" wid="18">in</w>
  <w id="19" lemma="|2011|" pos="CD" wid="19">2011</w>
  <w id="20" lemma="|.|" pos="." wid="20">.</w>
</sentence>
<sentence id="19">
  <w id="0" lemma="|after|" pos="IN" wid="0">After</w>
  <w id="1" lemma="|the|" pos="DT" wid="1">the</w>
  <w id="2" lemma="|Angelus|" pos="NNP" wid="2">Angelus</w>
  <w id="3" lemma="|:|" pos=":" wid="3">:</w>
  <w id="4" lemma="|have|" pos="VBG" wid="4">Having</w>
  <w id="5" lemma="|just|" pos="RB" wid="5">just</w>
  <w id="6" lemma="|return|" pos="VBN" wid="6">returned</w>
  <w id="7" lemma="|from|" pos="IN" wid="7">from</w>
  <w id="8" lemma="|Carpineto|" pos="NNP" wid="8">Carpineto</w>
  <w id="9" lemma="|Romano|" pos="NNP" wid="9">Romano</w>
  <w id="10" lemma="|,|" pos="," wid="10">,</w>
  <w id="11" lemma="|the|" pos="DT" wid="11">the</w>
  <w id="12" lemma="|birthplace|" pos="NN" wid="12">birthplace</w>
  <w id="13" lemma="|of|" pos="IN" wid="13">of</w>
  <w id="14" lemma="|my|" pos="PRP$" wid="14">my</w>
  <w id="15" lemma="|Predecessor|" pos="NNP" wid="15">Predecessor</w>
  <w id="16" lemma="|,|" pos="," wid="16">,</w>
  <w id="17" lemma="|Pope|" pos="NNP" wid="17">Pope</w>
  <w id="18" lemma="|Leo|" pos="NNP" wid="18">Leo</w>
  <w id="19" lemma="|XIII|" pos="NNP" wid="19">XIII</w>
  <w id="20" lemma="|,|" pos="," wid="20">,</w>
  <w id="21" lemma="|I|" pos="PRP" wid="21">I</w>
  <w id="22" lemma="|greet|" pos="VBP" wid="22">greet</w>
  <w id="23" lemma="|all|" pos="PDT" wid="23">all</w>
  <w id="24" lemma="|the|" pos="DT" wid="24">the</w>
  <w id="25" lemma="|english-speaking|" pos="JJ" wid="25">English-speaking</w>
  <w id="26" lemma="|pilgrim|" pos="NNS" wid="26">pilgrims</w>
  <w id="27" lemma="|and|" pos="CC" wid="27">and</w>
  <w id="28" lemma="|visitor|" pos="NNS" wid="28">visitors</w>
  <w id="29" lemma="|present|" pos="JJ" wid="29">present</w>
  <w id="30" lemma="|for|" pos="IN" wid="30">for</w>
  <w id="31" lemma="|this|" pos="DT" wid="31">this</w>
  <w id="32" lemma="|angelus|" pos="JJ" wid="32">Angelus</w>
  <w id="33" lemma="|prayer|" pos="NN" wid="33">prayer</w>
  <w id="34" lemma="|.|" pos="." wid="34">.</w>
</sentence>
<sentence id="20">
  <w id="0" lemma="|May|" pos="NNP" wid="0">May</w>
  <w id="1" lemma="|Pope|" pos="NNP" wid="1">Pope</w>
  <w id="2" lemma="|Leo|" pos="NNP" wid="2">Leo</w>
  <w id="3" lemma="|'s|" pos="POS" wid="3">'s</w>
  <w id="4" lemma="|social|" pos="JJ" wid="4">social</w>
  <w id="5" lemma="|magisterium|" pos="NN" wid="5">magisterium</w>
  <w id="6" lemma="|continue|" pos="VBP" wid="6">continue</w>
  <w id="7" lemma="|to|" pos="TO" wid="7">to</w>
  <w id="8" lemma="|inspire|" pos="VB" wid="8">inspire</w>
  <w id="9" lemma="|the|" pos="DT" wid="9">the</w>
  <w id="10" lemma="|effort|" pos="NNS" wid="10">efforts</w>
  <w id="11" lemma="|of|" pos="IN" wid="11">of</w>
  <w id="12" lemma="|the|" pos="DT" wid="12">the</w>
  <w id="13" lemma="|faithful|" pos="NN" wid="13">faithful</w>
  <w id="14" lemma="|to|" pos="TO" wid="14">to</w>
  <w id="15" lemma="|build|" pos="VB" wid="15">build</w>
  <w id="16" lemma="|a|" pos="DT" wid="16">a</w>
  <w id="17" lemma="|just|" pos="JJ" wid="17">just</w>
  <w id="18" lemma="|society|" pos="NN" wid="18">society</w>
  <w id="19" lemma="|root|" pos="VBN" wid="19">rooted</w>
  <w id="20" lemma="|in|" pos="IN" wid="20">in</w>
  <w id="21" lemma="|the|" pos="DT" wid="21">the</w>
  <w id="22" lemma="|teaching|" pos="NNS" wid="22">teachings</w>
  <w id="23" lemma="|of|" pos="IN" wid="23">of</w>
  <w id="24" lemma="|Christ|" pos="NNP" wid="24">Christ</w>
  <w id="25" lemma="|.|" pos="." wid="25">.</w>
</sentence>
<sentence id="21">
  <w id="0" lemma="|upon|" pos="IN" wid="0">Upon</w>
  <w id="1" lemma="|you|" pos="PRP" wid="1">you</w>
  <w id="2" lemma="|and|" pos="CC" wid="2">and</w>
  <w id="3" lemma="|you|" pos="PRP$" wid="3">your</w>
  <w id="4" lemma="|love|" pos="VBN" wid="4">loved</w>
  <w id="5" lemma="|one|" pos="NNS" wid="5">ones</w>
  <w id="6" lemma="|,|" pos="," wid="6">,</w>
  <w id="7" lemma="|I|" pos="PRP" wid="7">I</w>
  <w id="8" lemma="|invoke|" pos="VBP" wid="8">invoke</w>
  <w id="9" lemma="|the|" pos="DT" wid="9">the</w>
  <w id="10" lemma="|abundant|" pos="JJ" wid="10">abundant</w>
  <w id="11" lemma="|blessing|" pos="NNS" wid="11">Blessings</w>
  <w id="12" lemma="|of|" pos="IN" wid="12">of</w>
  <w id="13" lemma="|Almighty|" pos="NNP" wid="13">Almighty</w>
  <w id="14" lemma="|God|" pos="NNP" wid="14">God</w>
  <w id="15" lemma="|.|" pos="." wid="15">.</w>
</sentence>
<sentence id="22">
  <w id="0" lemma="|I|" pos="PRP" wid="0">I</w>
  <w id="1" lemma="|address|" pos="VBP" wid="1">address</w>
  <w id="2" lemma="|a|" pos="DT" wid="2">a</w>
  <w id="3" lemma="|special|" pos="JJ" wid="3">special</w>
  <w id="4" lemma="|greeting|" pos="NN" wid="4">Greeting</w>
  <w id="5" lemma="|to|" pos="TO" wid="5">to</w>
  <w id="6" lemma="|the|" pos="DT" wid="6">the</w>
  <w id="7" lemma="|community|" pos="NN" wid="7">community</w>
  <w id="8" lemma="|of|" pos="IN" wid="8">of</w>
  <w id="9" lemma="|Castel|" pos="NNP" wid="9">Castel</w>
  <w id="10" lemma="|Gandolfo|" pos="NNP" wid="10">Gandolfo</w>
  <w id="11" lemma="|which|" pos="WDT" wid="11">which</w>
  <w id="12" lemma="|be|" pos="VBZ" wid="12">is</w>
  <w id="13" lemma="|celebrate|" pos="VBG" wid="13">celebrating</w>
  <w id="14" lemma="|today|" pos="NN" wid="14">today</w>
  <w id="15" lemma="|the|" pos="DT" wid="15">the</w>
  <w id="16" lemma="|feast|" pos="NN" wid="16">feast</w>
  <w id="17" lemma="|of|" pos="IN" wid="17">of</w>
  <w id="18" lemma="|its|" pos="PRP$" wid="18">its</w>
  <w id="19" lemma="|Patron|" pos="NNP" wid="19">Patron</w>
  <w id="20" lemma="|,|" pos="," wid="20">,</w>
  <w id="21" lemma="|St|" pos="NNP" wid="21">St</w>
  <w id="22" lemma="|Sebastian|" pos="NNP" wid="22">Sebastian</w>
  <w id="23" lemma="|,|" pos="," wid="23">,</w>
  <w id="24" lemma="|and|" pos="CC" wid="24">and</w>
  <w id="25" lemma="|I|" pos="PRP" wid="25">I</w>
  <w id="26" lemma="|willingly|" pos="RB" wid="26">willingly</w>
  <w id="27" lemma="|extend|" pos="VBP" wid="27">extend</w>
  <w id="28" lemma="|it|" pos="PRP" wid="28">it</w>
  <w id="29" lemma="|to|" pos="TO" wid="29">to</w>
  <w id="30" lemma="|the|" pos="DT" wid="30">the</w>
  <w id="31" lemma="|delegation|" pos="NN" wid="31">delegation</w>
  <w id="32" lemma="|that|" pos="WDT" wid="32">that</w>
  <w id="33" lemma="|have|" pos="VBZ" wid="33">has</w>
  <w id="34" lemma="|come|" pos="VBN" wid="34">come</w>
  <w id="35" lemma="|from|" pos="IN" wid="35">from</w>
  <w id="36" lemma="|Châteauneuf|" pos="NNP" wid="36">Châteauneuf</w>
  <w id="37" lemma="|du|" pos="NNP" wid="37">du</w>
  <w id="38" lemma="|Pape|" pos="NNP" wid="38">Pape</w>
  <w id="39" lemma="|.|" pos="." wid="39">.</w>
</sentence>
<sentence id="23">
  <w id="0" lemma="|I|" pos="PRP" wid="0">I</w>
  <w id="1" lemma="|wish|" pos="VBP" wid="1">wish</w>
  <w id="2" lemma="|you|" pos="PRP" wid="2">you</w>
  <w id="3" lemma="|all|" pos="PDT" wid="3">all</w>
  <w id="4" lemma="|a|" pos="DT" wid="4">a</w>
  <w id="5" lemma="|good|" pos="JJ" wid="5">good</w>
  <w id="6" lemma="|Sunday|" pos="NNP" wid="6">Sunday</w>
  <w id="7" lemma="|.|" pos="." wid="7">.</w>
</sentence>
</corpus>