<corpus id="0">
<sentence id="0">
  <w id="0" lemma="|Dear|" pos="NNP" wid="0">Dear</w>
  <w id="1" lemma="|Brothers|" pos="NNPS" wid="1">Brothers</w>
  <w id="2" lemma="|and|" pos="CC" wid="2">and</w>
  <w id="3" lemma="|sister|" pos="NNS" wid="3">Sisters</w>
  <w id="4" lemma="|,|" pos="," wid="4">,</w>
  <w id="5" lemma="|I|" pos="PRP" wid="5">I</w>
  <w id="6" lemma="|renew|" pos="VBP" wid="6">renew</w>
  <w id="7" lemma="|to|" pos="TO" wid="7">to</w>
  <w id="8" lemma="|you|" pos="PRP" wid="8">you</w>
  <w id="9" lemma="|all|" pos="DT" wid="9">all</w>
  <w id="10" lemma="|my|" pos="PRP$" wid="10">my</w>
  <w id="11" lemma="|good|" pos="JJ" wid="11">good</w>
  <w id="12" lemma="|wish|" pos="NNS" wid="12">wishes</w>
  <w id="13" lemma="|for|" pos="IN" wid="13">for</w>
  <w id="14" lemma="|the|" pos="DT" wid="14">the</w>
  <w id="15" lemma="|New|" pos="NNP" wid="15">New</w>
  <w id="16" lemma="|Year|" pos="NNP" wid="16">Year</w>
  <w id="17" lemma="|and|" pos="CC" wid="17">and</w>
  <w id="18" lemma="|I|" pos="PRP" wid="18">I</w>
  <w id="19" lemma="|thank|" pos="VBP" wid="19">thank</w>
  <w id="20" lemma="|all|" pos="DT" wid="20">all</w>
  <w id="21" lemma="|those|" pos="DT" wid="21">those</w>
  <w id="22" lemma="|who|" pos="WP" wid="22">who</w>
  <w id="23" lemma="|have|" pos="VBP" wid="23">have</w>
  <w id="24" lemma="|send|" pos="VBN" wid="24">sent</w>
  <w id="25" lemma="|I|" pos="PRP" wid="25">me</w>
  <w id="26" lemma="|message|" pos="NNS" wid="26">messages</w>
  <w id="27" lemma="|of|" pos="IN" wid="27">of</w>
  <w id="28" lemma="|spiritual|" pos="JJ" wid="28">spiritual</w>
  <w id="29" lemma="|closeness|" pos="NN" wid="29">closeness</w>
  <w id="30" lemma="|.|" pos="." wid="30">.</w>
</sentence>
<sentence id="1">
  <w id="0" lemma="|this|" pos="DT" wid="0">This</w>
  <w id="1" lemma="|Sunday|" pos="NNP" wid="1">Sunday</w>
  <w id="2" lemma="|'s|" pos="POS" wid="2">'s</w>
  <w id="3" lemma="|Liturgy|" pos="NNP" wid="3">Liturgy</w>
  <w id="4" lemma="|propose|" pos="VBZ" wid="4">proposes</w>
  <w id="5" lemma="|anew|" pos="RB" wid="5">anew</w>
  <w id="6" lemma="|the|" pos="DT" wid="6">the</w>
  <w id="7" lemma="|Prologue|" pos="NNP" wid="7">Prologue</w>
  <w id="8" lemma="|of|" pos="IN" wid="8">of</w>
  <w id="9" lemma="|the|" pos="DT" wid="9">the</w>
  <w id="10" lemma="|Gospel|" pos="NNP" wid="10">Gospel</w>
  <w id="11" lemma="|accord|" pos="VBG" wid="11">according</w>
  <w id="12" lemma="|to|" pos="TO" wid="12">to</w>
  <w id="13" lemma="|St|" pos="NNP" wid="13">St</w>
  <w id="14" lemma="|John|" pos="NNP" wid="14">John</w>
  <w id="15" lemma="|,|" pos="," wid="15">,</w>
  <w id="16" lemma="|solemnly|" pos="RB" wid="16">solemnly</w>
  <w id="17" lemma="|proclaim|" pos="VBN" wid="17">proclaimed</w>
  <w id="18" lemma="|on|" pos="IN" wid="18">on</w>
  <w id="19" lemma="|Christmas|" pos="NNP" wid="19">Christmas</w>
  <w id="20" lemma="|Day|" pos="NNP" wid="20">Day</w>
  <w id="21" lemma="|.|" pos="." wid="21">.</w>
</sentence>
<sentence id="2">
  <w id="0" lemma="|this|" pos="DT" wid="0">This</w>
  <w id="1" lemma="|wonderful|" pos="JJ" wid="1">wonderful</w>
  <w id="2" lemma="|text|" pos="NN" wid="2">text</w>
  <w id="3" lemma="|express|" pos="VBZ" wid="3">expresses</w>
  <w id="4" lemma="|the|" pos="DT" wid="4">the</w>
  <w id="5" lemma="|mystery|" pos="NN" wid="5">mystery</w>
  <w id="6" lemma="|of|" pos="IN" wid="6">of</w>
  <w id="7" lemma="|the|" pos="DT" wid="7">the</w>
  <w id="8" lemma="|Incarnation|" pos="NNP" wid="8">Incarnation</w>
  <w id="9" lemma="|,|" pos="," wid="9">,</w>
  <w id="10" lemma="|preach|" pos="VBN" wid="10">preached</w>
  <w id="11" lemma="|by|" pos="IN" wid="11">by</w>
  <w id="12" lemma="|eyewitness|" pos="NNS" wid="12">eyewitnesses</w>
  <w id="13" lemma="|,|" pos="," wid="13">,</w>
  <w id="14" lemma="|the|" pos="DT" wid="14">the</w>
  <w id="15" lemma="|Apostles|" pos="NNPS" wid="15">Apostles</w>
  <w id="16" lemma="|,|" pos="," wid="16">,</w>
  <w id="17" lemma="|and|" pos="CC" wid="17">and</w>
  <w id="18" lemma="|in|" pos="IN" wid="18">in</w>
  <w id="19" lemma="|particular|" pos="JJ" wid="19">particular</w>
  <w id="20" lemma="|by|" pos="IN" wid="20">by</w>
  <w id="21" lemma="|John|" pos="NNP" wid="21">John</w>
  <w id="22" lemma="|whose|" pos="WP$" wid="22">whose</w>
  <w id="23" lemma="|feast|" pos="NN" wid="23">feast</w>
  <w id="24" lemma="|--|" pos=":" wid="24">--</w>
  <w id="25" lemma="|not|" pos="RB" wid="25">not</w>
  <w id="26" lemma="|by|" pos="IN" wid="26">by</w>
  <w id="27" lemma="|chance|" pos="NN" wid="27">chance</w>
  <w id="28" lemma="|--|" pos=":" wid="28">--</w>
  <w id="29" lemma="|be|" pos="VBZ" wid="29">is</w>
  <w id="30" lemma="|celebrate|" pos="VBN" wid="30">celebrated</w>
  <w id="31" lemma="|on|" pos="IN" wid="31">on</w>
  <w id="32" lemma="|27|" pos="CD" wid="32">27</w>
  <w id="33" lemma="|December|" pos="NNP" wid="33">December</w>
  <w id="34" lemma="|.|" pos="." wid="34">.</w>
</sentence>
<sentence id="3">
  <w id="0" lemma="|St|" pos="NNP" wid="0">St</w>
  <w id="1" lemma="|Chromatius|" pos="NNP" wid="1">Chromatius</w>
  <w id="2" lemma="|of|" pos="IN" wid="2">of</w>
  <w id="3" lemma="|Aquileia|" pos="NNP" wid="3">Aquileia</w>
  <w id="4" lemma="|say|" pos="VBD" wid="4">said</w>
  <w id="5" lemma="|that|" pos="IN" wid="5">that</w>
  <w id="6" lemma="|``|" pos="``" wid="6">``</w>
  <w id="7" lemma="|John|" pos="NNP" wid="7">John</w>
  <w id="8" lemma="|be|" pos="VBD" wid="8">was</w>
  <w id="9" lemma="|the|" pos="DT" wid="9">the</w>
  <w id="10" lemma="|youngest|" pos="JJS" wid="10">youngest</w>
  <w id="11" lemma="|of|" pos="IN" wid="11">of</w>
  <w id="12" lemma="|all|" pos="PDT" wid="12">all</w>
  <w id="13" lemma="|the|" pos="DT" wid="13">the</w>
  <w id="14" lemma="|Lord|" pos="NNP" wid="14">Lord</w>
  <w id="15" lemma="|'s|" pos="POS" wid="15">'s</w>
  <w id="16" lemma="|disciple|" pos="NNS" wid="16">disciples</w>
  <w id="17" lemma="|;|" pos=":" wid="17">;</w>
  <w id="18" lemma="|the|" pos="DT" wid="18">the</w>
  <w id="19" lemma="|youngest|" pos="JJS" wid="19">youngest</w>
  <w id="20" lemma="|in|" pos="IN" wid="20">in</w>
  <w id="21" lemma="|age|" pos="NN" wid="21">age</w>
  <w id="22" lemma="|,|" pos="," wid="22">,</w>
  <w id="23" lemma="|but|" pos="CC" wid="23">but</w>
  <w id="24" lemma="|already|" pos="RB" wid="24">already</w>
  <w id="25" lemma="|old|" pos="JJ" wid="25">old</w>
  <w id="26" lemma="|in|" pos="IN" wid="26">in</w>
  <w id="27" lemma="|faith|" pos="NN" wid="27">faith</w>
  <w id="28" lemma="|''|" pos="''" wid="28">''</w>
  <w id="29" lemma="|-lrb-|" pos="-LRB-" wid="29">-LRB-</w>
  <w id="30" lemma="|Sermo|" pos="NNP" wid="30">Sermo</w>
  <w id="31" lemma="|II|" pos="NNP" wid="31">II</w>
  <w id="32" lemma="|,|" pos="," wid="32">,</w>
  <w id="33" lemma="|1|" pos="CD" wid="33">1</w>
  <w id="34" lemma="|De|" pos="NNP" wid="34">De</w>
  <w id="35" lemma="|Sancto|" pos="NNP" wid="35">Sancto</w>
  <w id="36" lemma="|Iohanne|" pos="NNP" wid="36">Iohanne</w>
  <w id="37" lemma="|Evangelista|" pos="NNP" wid="37">Evangelista</w>
  <w id="38" lemma="|,|" pos="," wid="38">,</w>
  <w id="39" lemma="|CCL|" pos="NNP" wid="39">CCL</w>
  <w id="40" lemma="|9a|" pos="NN" wid="40">9a</w>
  <w id="41" lemma="|,|" pos="," wid="41">,</w>
  <w id="42" lemma="|101|" pos="CD" wid="42">101</w>
  <w id="43" lemma="|-rrb-|" pos="-RRB-" wid="43">-RRB-</w>
  <w id="44" lemma="|.|" pos="." wid="44">.</w>
</sentence>
<sentence id="4">
  <w id="0" lemma="|when|" pos="WRB" wid="0">When</w>
  <w id="1" lemma="|we|" pos="PRP" wid="1">we</w>
  <w id="2" lemma="|read|" pos="VBP" wid="2">read</w>
  <w id="3" lemma="|:|" pos=":" wid="3">:</w>
  <w id="4" lemma="|``|" pos="``" wid="4">``</w>
  <w id="5" lemma="|in|" pos="IN" wid="5">In</w>
  <w id="6" lemma="|the|" pos="DT" wid="6">the</w>
  <w id="7" lemma="|beginning|" pos="NN" wid="7">beginning</w>
  <w id="8" lemma="|be|" pos="VBD" wid="8">was</w>
  <w id="9" lemma="|the|" pos="DT" wid="9">the</w>
  <w id="10" lemma="|Word|" pos="NNP" wid="10">Word</w>
  <w id="11" lemma="|,|" pos="," wid="11">,</w>
  <w id="12" lemma="|and|" pos="CC" wid="12">and</w>
  <w id="13" lemma="|the|" pos="DT" wid="13">the</w>
  <w id="14" lemma="|word|" pos="NN" wid="14">Word</w>
  <w id="15" lemma="|be|" pos="VBD" wid="15">was</w>
  <w id="16" lemma="|with|" pos="IN" wid="16">with</w>
  <w id="17" lemma="|God|" pos="NNP" wid="17">God</w>
  <w id="18" lemma="|,|" pos="," wid="18">,</w>
  <w id="19" lemma="|and|" pos="CC" wid="19">and</w>
  <w id="20" lemma="|the|" pos="DT" wid="20">the</w>
  <w id="21" lemma="|Word|" pos="NNP" wid="21">Word</w>
  <w id="22" lemma="|be|" pos="VBD" wid="22">was</w>
  <w id="23" lemma="|God|" pos="NNP" wid="23">God</w>
  <w id="24" lemma="|''|" pos="''" wid="24">''</w>
  <w id="25" lemma="|-lrb-|" pos="-LRB-" wid="25">-LRB-</w>
  <w id="26" lemma="|jn|" pos="FW" wid="26">Jn</w>
  <w id="27" lemma="|1:1|" pos="FW" wid="27">1:1</w>
  <w id="28" lemma="|-rrb-|" pos="-RRB-" wid="28">-RRB-</w>
  <w id="29" lemma="|,|" pos="," wid="29">,</w>
  <w id="30" lemma="|the|" pos="DT" wid="30">the</w>
  <w id="31" lemma="|Evangelist|" pos="NNP" wid="31">Evangelist</w>
  <w id="32" lemma="|,|" pos="," wid="32">,</w>
  <w id="33" lemma="|traditionally|" pos="RB" wid="33">traditionally</w>
  <w id="34" lemma="|compare|" pos="VBN" wid="34">compared</w>
  <w id="35" lemma="|with|" pos="IN" wid="35">with</w>
  <w id="36" lemma="|a|" pos="DT" wid="36">an</w>
  <w id="37" lemma="|eagle|" pos="NN" wid="37">eagle</w>
  <w id="38" lemma="|--|" pos=":" wid="38">--</w>
  <w id="39" lemma="|soar|" pos="VBZ" wid="39">soars</w>
  <w id="40" lemma="|above|" pos="IN" wid="40">above</w>
  <w id="41" lemma="|human|" pos="JJ" wid="41">human</w>
  <w id="42" lemma="|history|" pos="NN" wid="42">history</w>
  <w id="43" lemma="|,|" pos="," wid="43">,</w>
  <w id="44" lemma="|scrutinize|" pos="VBG" wid="44">scrutinizing</w>
  <w id="45" lemma="|God|" pos="NNP" wid="45">God</w>
  <w id="46" lemma="|'s|" pos="POS" wid="46">'s</w>
  <w id="47" lemma="|depths|" pos="NNS" wid="47">depths</w>
  <w id="48" lemma="|;|" pos=":" wid="48">;</w>
  <w id="49" lemma="|but|" pos="CC" wid="49">but</w>
  <w id="50" lemma="|very|" pos="RB" wid="50">very</w>
  <w id="51" lemma="|soon|" pos="RB" wid="51">soon</w>
  <w id="52" lemma="|,|" pos="," wid="52">,</w>
  <w id="53" lemma="|follow|" pos="VBG" wid="53">following</w>
  <w id="54" lemma="|he|" pos="PRP$" wid="54">his</w>
  <w id="55" lemma="|teacher|" pos="NN" wid="55">Teacher</w>
  <w id="56" lemma="|,|" pos="," wid="56">,</w>
  <w id="57" lemma="|he|" pos="PRP" wid="57">he</w>
  <w id="58" lemma="|return|" pos="VBZ" wid="58">returns</w>
  <w id="59" lemma="|to|" pos="TO" wid="59">to</w>
  <w id="60" lemma="|the|" pos="DT" wid="60">the</w>
  <w id="61" lemma="|earthly|" pos="JJ" wid="61">earthly</w>
  <w id="62" lemma="|dimension|" pos="NN" wid="62">dimension</w>
  <w id="63" lemma="|,|" pos="," wid="63">,</w>
  <w id="64" lemma="|say|" pos="VBG" wid="64">saying</w>
  <w id="65" lemma="|:|" pos=":" wid="65">:</w>
  <w id="66" lemma="|``|" pos="``" wid="66">``</w>
  <w id="67" lemma="|and|" pos="CC" wid="67">and</w>
  <w id="68" lemma="|the|" pos="DT" wid="68">the</w>
  <w id="69" lemma="|word|" pos="NN" wid="69">Word</w>
  <w id="70" lemma="|become|" pos="VBD" wid="70">became</w>
  <w id="71" lemma="|flesh|" pos="NN" wid="71">flesh</w>
  <w id="72" lemma="|''|" pos="''" wid="72">''</w>
  <w id="73" lemma="|-lrb-|" pos="-LRB-" wid="73">-LRB-</w>
  <w id="74" lemma="|jn|" pos="NN" wid="74">Jn</w>
  <w id="75" lemma="|1:14|" pos="CD" wid="75">1:14</w>
  <w id="76" lemma="|-rrb-|" pos="-RRB-" wid="76">-RRB-</w>
  <w id="77" lemma="|.|" pos="." wid="77">.</w>
</sentence>
<sentence id="5">
  <w id="0" lemma="|the|" pos="DT" wid="0">The</w>
  <w id="1" lemma="|Word|" pos="NNP" wid="1">Word</w>
  <w id="2" lemma="|be|" pos="VBZ" wid="2">is</w>
  <w id="3" lemma="|``|" pos="``" wid="3">``</w>
  <w id="4" lemma="|a|" pos="DT" wid="4">a</w>
  <w id="5" lemma="|living|" pos="JJ" wid="5">living</w>
  <w id="6" lemma="|reality|" pos="NN" wid="6">reality</w>
  <w id="7" lemma="|:|" pos=":" wid="7">:</w>
  <w id="8" lemma="|a|" pos="DT" wid="8">a</w>
  <w id="9" lemma="|God|" pos="NNP" wid="9">God</w>
  <w id="10" lemma="|who|" pos="WP" wid="10">who</w>
  <w id="11" lemma="|...|" pos=":" wid="11">...</w>
  <w id="12" lemma="|communicate|" pos="VBZ" wid="12">communicates</w>
  <w id="13" lemma="|himself|" pos="PRP" wid="13">himself</w>
  <w id="14" lemma="|by|" pos="IN" wid="14">by</w>
  <w id="15" lemma="|make|" pos="VBG" wid="15">making</w>
  <w id="16" lemma="|himself|" pos="PRP" wid="16">himself</w>
  <w id="17" lemma="|man|" pos="NN" wid="17">man</w>
  <w id="18" lemma="|-lrb-|" pos="-LRB-" wid="18">-LRB-</w>
  <w id="19" lemma="|J.|" pos="NNP" wid="19">J.</w>
  <w id="20" lemma="|Ratzinger|" pos="NNP" wid="20">Ratzinger</w>
  <w id="21" lemma="|,|" pos="," wid="21">,</w>
  <w id="22" lemma="|Teologia|" pos="NNP" wid="22">Teologia</w>
  <w id="23" lemma="|della|" pos="FW" wid="23">della</w>
  <w id="24" lemma="|liturgia|" pos="FW" wid="24">liturgia</w>
  <w id="25" lemma="|,|" pos="," wid="25">,</w>
  <w id="26" lemma="|LEV|" pos="NNP" wid="26">LEV</w>
  <w id="27" lemma="|,|" pos="," wid="27">,</w>
  <w id="28" lemma="|209|" pos="CD" wid="28">209</w>
  <w id="29" lemma="|10|" pos="CD" wid="29">10</w>
  <w id="30" lemma="|,|" pos="," wid="30">,</w>
  <w id="31" lemma="|618|" pos="CD" wid="31">618</w>
  <w id="32" lemma="|-rrb-|" pos="-RRB-" wid="32">-RRB-</w>
  <w id="33" lemma="|.|" pos="." wid="33">.</w>
</sentence>
<sentence id="6">
  <w id="0" lemma="|in|" pos="IN" wid="0">In</w>
  <w id="1" lemma="|fact|" pos="NN" wid="1">fact</w>
  <w id="2" lemma="|,|" pos="," wid="2">,</w>
  <w id="3" lemma="|John|" pos="NNP" wid="3">John</w>
  <w id="4" lemma="|testify|" pos="VBZ" wid="4">testifies</w>
  <w id="5" lemma="|that|" pos="IN" wid="5">that</w>
  <w id="6" lemma="|he|" pos="PRP" wid="6">he</w>
  <w id="7" lemma="|``|" pos="``" wid="7">``</w>
  <w id="8" lemma="|dwell|" pos="VB" wid="8">dwelt</w>
  <w id="9" lemma="|among|" pos="IN" wid="9">among</w>
  <w id="10" lemma="|we|" pos="PRP" wid="10">us</w>
  <w id="11" lemma="|''|" pos="''" wid="11">''</w>
  <w id="12" lemma="|and|" pos="CC" wid="12">and</w>
  <w id="13" lemma="|``|" pos="``" wid="13">``</w>
  <w id="14" lemma="|we|" pos="PRP" wid="14">we</w>
  <w id="15" lemma="|have|" pos="VBP" wid="15">have</w>
  <w id="16" lemma="|behold|" pos="VBN" wid="16">beheld</w>
  <w id="17" lemma="|he|" pos="PRP$" wid="17">his</w>
  <w id="18" lemma="|glory|" pos="NN" wid="18">glory</w>
  <w id="19" lemma="|''|" pos="''" wid="19">''</w>
  <w id="20" lemma="|-lrb-|" pos="-LRB-" wid="20">-LRB-</w>
  <w id="21" lemma="|jn|" pos="NN" wid="21">Jn</w>
  <w id="22" lemma="|1:14|" pos="CD" wid="22">1:14</w>
  <w id="23" lemma="|-rrb-|" pos="-RRB-" wid="23">-RRB-</w>
  <w id="24" lemma="|.|" pos="." wid="24">.</w>
</sentence>
<sentence id="7">
  <w id="0" lemma="|``|" pos="``" wid="0">``</w>
  <w id="1" lemma="|he|" pos="PRP" wid="1">He</w>
  <w id="2" lemma="|lower|" pos="VBD" wid="2">lowered</w>
  <w id="3" lemma="|himself|" pos="PRP" wid="3">himself</w>
  <w id="4" lemma="|to|" pos="TO" wid="4">to</w>
  <w id="5" lemma="|assume|" pos="VB" wid="5">assume</w>
  <w id="6" lemma="|the|" pos="DT" wid="6">the</w>
  <w id="7" lemma="|humility|" pos="NN" wid="7">humility</w>
  <w id="8" lemma="|of|" pos="IN" wid="8">of</w>
  <w id="9" lemma="|we|" pos="PRP$" wid="9">our</w>
  <w id="10" lemma="|condition|" pos="NN" wid="10">condition</w>
  <w id="11" lemma="|''|" pos="''" wid="11">''</w>
  <w id="12" lemma="|,|" pos="," wid="12">,</w>
  <w id="13" lemma="|St|" pos="NNP" wid="13">St</w>
  <w id="14" lemma="|Leo|" pos="NNP" wid="14">Leo</w>
  <w id="15" lemma="|the|" pos="DT" wid="15">the</w>
  <w id="16" lemma="|great|" pos="JJ" wid="16">Great</w>
  <w id="17" lemma="|comment|" pos="NNS" wid="17">comments</w>
  <w id="18" lemma="|,|" pos="," wid="18">,</w>
  <w id="19" lemma="|``|" pos="``" wid="19">``</w>
  <w id="20" lemma="|without|" pos="IN" wid="20">without</w>
  <w id="21" lemma="|this|" pos="DT" wid="21">this</w>
  <w id="22" lemma="|diminish|" pos="VBG" wid="22">diminishing</w>
  <w id="23" lemma="|he|" pos="PRP$" wid="23">his</w>
  <w id="24" lemma="|majesty|" pos="NN" wid="24">majesty</w>
  <w id="25" lemma="|''|" pos="''" wid="25">''</w>
  <w id="26" lemma="|-lrb-|" pos="-LRB-" wid="26">-LRB-</w>
  <w id="27" lemma="|Tractatus|" pos="NNP" wid="27">Tractatus</w>
  <w id="28" lemma="|XXI|" pos="NNP" wid="28">XXI</w>
  <w id="29" lemma="|,|" pos="," wid="29">,</w>
  <w id="30" lemma="|2|" pos="CD" wid="30">2</w>
  <w id="31" lemma="|,|" pos="," wid="31">,</w>
  <w id="32" lemma="|CCL|" pos="NNP" wid="32">CCL</w>
  <w id="33" lemma="|138|" pos="CD" wid="33">138</w>
  <w id="34" lemma="|,|" pos="," wid="34">,</w>
  <w id="35" lemma="|86-87|" pos="CD" wid="35">86-87</w>
  <w id="36" lemma="|-rrb-|" pos="-RRB-" wid="36">-RRB-</w>
  <w id="37" lemma="|.|" pos="." wid="37">.</w>
</sentence>
<sentence id="8">
  <w id="0" lemma="|further|" pos="RB" wid="0">Further</w>
  <w id="1" lemma="|,|" pos="," wid="1">,</w>
  <w id="2" lemma="|we|" pos="PRP" wid="2">we</w>
  <w id="3" lemma="|read|" pos="VBP" wid="3">read</w>
  <w id="4" lemma="|in|" pos="IN" wid="4">in</w>
  <w id="5" lemma="|the|" pos="DT" wid="5">the</w>
  <w id="6" lemma="|Prologue|" pos="NNP" wid="6">Prologue</w>
  <w id="7" lemma="|:|" pos=":" wid="7">:</w>
  <w id="8" lemma="|``|" pos="``" wid="8">``</w>
  <w id="9" lemma="|from|" pos="IN" wid="9">From</w>
  <w id="10" lemma="|he|" pos="PRP$" wid="10">his</w>
  <w id="11" lemma="|fullness|" pos="NN" wid="11">fullness</w>
  <w id="12" lemma="|have|" pos="VBP" wid="12">have</w>
  <w id="13" lemma="|we|" pos="PRP" wid="13">we</w>
  <w id="14" lemma="|all|" pos="DT" wid="14">all</w>
  <w id="15" lemma="|receive|" pos="VBD" wid="15">received</w>
  <w id="16" lemma="|,|" pos="," wid="16">,</w>
  <w id="17" lemma="|grace|" pos="NN" wid="17">grace</w>
  <w id="18" lemma="|upon|" pos="IN" wid="18">upon</w>
  <w id="19" lemma="|grace|" pos="NN" wid="19">grace</w>
  <w id="20" lemma="|''|" pos="''" wid="20">''</w>
  <w id="21" lemma="|-lrb-|" pos="-LRB-" wid="21">-LRB-</w>
  <w id="22" lemma="|jn|" pos="NN" wid="22">Jn</w>
  <w id="23" lemma="|1:16|" pos="CD" wid="23">1:16</w>
  <w id="24" lemma="|-rrb-|" pos="-RRB-" wid="24">-RRB-</w>
  <w id="25" lemma="|.|" pos="." wid="25">.</w>
</sentence>
<sentence id="9">
  <w id="0" lemma="|``|" pos="``" wid="0">``</w>
  <w id="1" lemma="|what|" pos="WP" wid="1">What</w>
  <w id="2" lemma="|be|" pos="VBZ" wid="2">is</w>
  <w id="3" lemma="|the|" pos="DT" wid="3">the</w>
  <w id="4" lemma="|first|" pos="JJ" wid="4">first</w>
  <w id="5" lemma="|grace|" pos="NN" wid="5">grace</w>
  <w id="6" lemma="|that|" pos="IN" wid="6">that</w>
  <w id="7" lemma="|we|" pos="PRP" wid="7">we</w>
  <w id="8" lemma="|have|" pos="VBP" wid="8">have</w>
  <w id="9" lemma="|receive|" pos="VBN" wid="9">received</w>
  <w id="10" lemma="|?|" pos="." wid="10">?</w>
  <w id="11" lemma="|''|" pos="''" wid="11">''</w>
</sentence>
<sentence id="10">
  <w id="0" lemma="|,|" pos="," wid="0">,</w>
  <w id="1" lemma="|St|" pos="NNP" wid="1">St</w>
  <w id="2" lemma="|Augustine|" pos="NNP" wid="2">Augustine</w>
  <w id="3" lemma="|ask|" pos="VBZ" wid="3">asks</w>
  <w id="4" lemma="|and|" pos="CC" wid="4">and</w>
  <w id="5" lemma="|answer|" pos="VBZ" wid="5">answers</w>
  <w id="6" lemma="|,|" pos="," wid="6">,</w>
  <w id="7" lemma="|``|" pos="``" wid="7">``</w>
  <w id="8" lemma="|it|" pos="PRP" wid="8">it</w>
  <w id="9" lemma="|be|" pos="VBZ" wid="9">is</w>
  <w id="10" lemma="|faith|" pos="NN" wid="10">faith</w>
  <w id="11" lemma="|''|" pos="''" wid="11">''</w>
  <w id="12" lemma="|.|" pos="." wid="12">.</w>
</sentence>
<sentence id="11">
  <w id="0" lemma="|the|" pos="DT" wid="0">The</w>
  <w id="1" lemma="|second|" pos="JJ" wid="1">second</w>
  <w id="2" lemma="|grace|" pos="NN" wid="2">grace</w>
  <w id="3" lemma="|,|" pos="," wid="3">,</w>
  <w id="4" lemma="|he|" pos="PRP" wid="4">he</w>
  <w id="5" lemma="|immediately|" pos="RB" wid="5">immediately</w>
  <w id="6" lemma="|add|" pos="VBZ" wid="6">adds</w>
  <w id="7" lemma="|,|" pos="," wid="7">,</w>
  <w id="8" lemma="|be|" pos="VBZ" wid="8">is</w>
  <w id="9" lemma="|``|" pos="``" wid="9">``</w>
  <w id="10" lemma="|eternal|" pos="JJ" wid="10">eternal</w>
  <w id="11" lemma="|life|" pos="NN" wid="11">life</w>
  <w id="12" lemma="|''|" pos="''" wid="12">''</w>
  <w id="13" lemma="|-lrb-|" pos="-LRB-" wid="13">-LRB-</w>
  <w id="14" lemma="|in|" pos="IN" wid="14">In</w>
  <w id="15" lemma="|evangelium|" pos="NN" wid="15">evangelium</w>
  <w id="16" lemma="|johannis|" pos="NN" wid="16">Johannis</w>
  <w id="17" lemma="|tractatus|" pos="NN" wid="17">tractatus</w>
  <w id="18" lemma="|iii|" pos="CD" wid="18">III</w>
  <w id="19" lemma="|,|" pos="," wid="19">,</w>
  <w id="20" lemma="|8.9|" pos="CD" wid="20">8.9</w>
  <w id="21" lemma="|,|" pos="," wid="21">,</w>
  <w id="22" lemma="|CCL|" pos="NNP" wid="22">CCL</w>
  <w id="23" lemma="|36|" pos="CD" wid="23">36</w>
  <w id="24" lemma="|,|" pos="," wid="24">,</w>
  <w id="25" lemma="|24.25|" pos="CD" wid="25">24.25</w>
  <w id="26" lemma="|-rrb-|" pos="-RRB-" wid="26">-RRB-</w>
  <w id="27" lemma="|.|" pos="." wid="27">.</w>
</sentence>
<sentence id="12">
  <w id="0" lemma="|I|" pos="PRP" wid="0">I</w>
  <w id="1" lemma="|now|" pos="RB" wid="1">now</w>
  <w id="2" lemma="|address|" pos="VBP" wid="2">address</w>
  <w id="3" lemma="|in|" pos="IN" wid="3">in</w>
  <w id="4" lemma="|Spanish|" pos="NNP" wid="4">Spanish</w>
  <w id="5" lemma="|the|" pos="DT" wid="5">the</w>
  <w id="6" lemma="|thousand|" pos="NNS" wid="6">thousands</w>
  <w id="7" lemma="|of|" pos="IN" wid="7">of</w>
  <w id="8" lemma="|family|" pos="NNS" wid="8">families</w>
  <w id="9" lemma="|meet|" pos="VBG" wid="9">meeting</w>
  <w id="10" lemma="|in|" pos="IN" wid="10">in</w>
  <w id="11" lemma="|Madrid|" pos="NNP" wid="11">Madrid</w>
  <w id="12" lemma="|for|" pos="IN" wid="12">for</w>
  <w id="13" lemma="|a|" pos="DT" wid="13">an</w>
  <w id="14" lemma="|important|" pos="JJ" wid="14">important</w>
  <w id="15" lemma="|demonstration|" pos="NN" wid="15">demonstration</w>
  <w id="16" lemma="|.|" pos="." wid="16">.</w>
</sentence>
<sentence id="13">
  <w id="0" lemma="|I|" pos="PRP" wid="0">I</w>
  <w id="1" lemma="|greet|" pos="VBP" wid="1">greet</w>
  <w id="2" lemma="|with|" pos="IN" wid="2">with</w>
  <w id="3" lemma="|affection|" pos="NN" wid="3">affection</w>
  <w id="4" lemma="|the|" pos="DT" wid="4">the</w>
  <w id="5" lemma="|many|" pos="JJ" wid="5">many</w>
  <w id="6" lemma="|pastor|" pos="NNS" wid="6">Pastors</w>
  <w id="7" lemma="|and|" pos="CC" wid="7">and</w>
  <w id="8" lemma="|faithful|" pos="NN" wid="8">faithful</w>
  <w id="9" lemma="|who|" pos="WP" wid="9">who</w>
  <w id="10" lemma="|be|" pos="VBP" wid="10">are</w>
  <w id="11" lemma="|gather|" pos="VBN" wid="11">gathered</w>
  <w id="12" lemma="|in|" pos="IN" wid="12">in</w>
  <w id="13" lemma="|Plaza|" pos="NNP" wid="13">Plaza</w>
  <w id="14" lemma="|de|" pos="IN" wid="14">de</w>
  <w id="15" lemma="|Colón|" pos="NNP" wid="15">Colón</w>
  <w id="16" lemma="|,|" pos="," wid="16">,</w>
  <w id="17" lemma="|Madrid|" pos="NNP" wid="17">Madrid</w>
  <w id="18" lemma="|,|" pos="," wid="18">,</w>
  <w id="19" lemma="|in|" pos="IN" wid="19">in</w>
  <w id="20" lemma="|order|" pos="NN" wid="20">order</w>
  <w id="21" lemma="|to|" pos="TO" wid="21">to</w>
  <w id="22" lemma="|celebrate|" pos="VB" wid="22">celebrate</w>
  <w id="23" lemma="|joyfully|" pos="RB" wid="23">joyfully</w>
  <w id="24" lemma="|the|" pos="DT" wid="24">the</w>
  <w id="25" lemma="|value|" pos="NN" wid="25">value</w>
  <w id="26" lemma="|of|" pos="IN" wid="26">of</w>
  <w id="27" lemma="|marriage|" pos="NN" wid="27">marriage</w>
  <w id="28" lemma="|and|" pos="CC" wid="28">and</w>
  <w id="29" lemma="|the|" pos="DT" wid="29">the</w>
  <w id="30" lemma="|family|" pos="NN" wid="30">family</w>
  <w id="31" lemma="|,|" pos="," wid="31">,</w>
  <w id="32" lemma="|on|" pos="IN" wid="32">on</w>
  <w id="33" lemma="|the|" pos="DT" wid="33">the</w>
  <w id="34" lemma="|theme|" pos="NN" wid="34">theme</w>
  <w id="35" lemma="|:|" pos=":" wid="35">:</w>
  <w id="36" lemma="|``|" pos="``" wid="36">``</w>
  <w id="37" lemma="|the|" pos="DT" wid="37">The</w>
  <w id="38" lemma="|Christian|" pos="NNP" wid="38">Christian</w>
  <w id="39" lemma="|family|" pos="NN" wid="39">family</w>
  <w id="40" lemma="|,|" pos="," wid="40">,</w>
  <w id="41" lemma="|hope|" pos="NN" wid="41">hope</w>
  <w id="42" lemma="|for|" pos="IN" wid="42">for</w>
  <w id="43" lemma="|Europe|" pos="NNP" wid="43">Europe</w>
  <w id="44" lemma="|''|" pos="''" wid="44">''</w>
  <w id="45" lemma="|.|" pos="." wid="45">.</w>
</sentence>
<sentence id="14">
  <w id="0" lemma="|Dear|" pos="NNP" wid="0">Dear</w>
  <w id="1" lemma="|brother|" pos="NNS" wid="1">brothers</w>
  <w id="2" lemma="|and|" pos="CC" wid="2">and</w>
  <w id="3" lemma="|sister|" pos="NNS" wid="3">sisters</w>
  <w id="4" lemma="|,|" pos="," wid="4">,</w>
  <w id="5" lemma="|I|" pos="PRP" wid="5">I</w>
  <w id="6" lemma="|ask|" pos="VBP" wid="6">ask</w>
  <w id="7" lemma="|you|" pos="PRP" wid="7">you</w>
  <w id="8" lemma="|to|" pos="TO" wid="8">to</w>
  <w id="9" lemma="|be|" pos="VB" wid="9">be</w>
  <w id="10" lemma="|strong|" pos="JJ" wid="10">strong</w>
  <w id="11" lemma="|in|" pos="IN" wid="11">in</w>
  <w id="12" lemma="|love|" pos="NN" wid="12">love</w>
  <w id="13" lemma="|and|" pos="CC" wid="13">and</w>
  <w id="14" lemma="|to|" pos="TO" wid="14">to</w>
  <w id="15" lemma="|contemplate|" pos="VB" wid="15">contemplate</w>
  <w id="16" lemma="|with|" pos="IN" wid="16">with</w>
  <w id="17" lemma="|humility|" pos="NN" wid="17">humility</w>
  <w id="18" lemma="|the|" pos="DT" wid="18">the</w>
  <w id="19" lemma="|Mystery|" pos="NNP" wid="19">Mystery</w>
  <w id="20" lemma="|of|" pos="IN" wid="20">of</w>
  <w id="21" lemma="|Christmas|" pos="NNP" wid="21">Christmas</w>
  <w id="22" lemma="|that|" pos="WDT" wid="22">that</w>
  <w id="23" lemma="|continue|" pos="VBZ" wid="23">continues</w>
  <w id="24" lemma="|to|" pos="TO" wid="24">to</w>
  <w id="25" lemma="|speak|" pos="VB" wid="25">speak</w>
  <w id="26" lemma="|to|" pos="TO" wid="26">to</w>
  <w id="27" lemma="|the|" pos="DT" wid="27">the</w>
  <w id="28" lemma="|heart|" pos="NN" wid="28">heart</w>
  <w id="29" lemma="|and|" pos="CC" wid="29">and</w>
  <w id="30" lemma="|to|" pos="TO" wid="30">to</w>
  <w id="31" lemma="|become|" pos="VB" wid="31">become</w>
  <w id="32" lemma="|a|" pos="DT" wid="32">a</w>
  <w id="33" lemma="|school|" pos="NN" wid="33">school</w>
  <w id="34" lemma="|of|" pos="IN" wid="34">of</w>
  <w id="35" lemma="|family|" pos="NN" wid="35">family</w>
  <w id="36" lemma="|and|" pos="CC" wid="36">and</w>
  <w id="37" lemma="|fraternal|" pos="JJ" wid="37">fraternal</w>
  <w id="38" lemma="|life|" pos="NN" wid="38">life</w>
  <w id="39" lemma="|.|" pos="." wid="39">.</w>
</sentence>
<sentence id="15">
  <w id="0" lemma="|the|" pos="DT" wid="0">The</w>
  <w id="1" lemma="|motherly|" pos="JJ" wid="1">motherly</w>
  <w id="2" lemma="|gaze|" pos="VBP" wid="2">gaze</w>
  <w id="3" lemma="|of|" pos="IN" wid="3">of</w>
  <w id="4" lemma="|the|" pos="DT" wid="4">the</w>
  <w id="5" lemma="|Virgin|" pos="NNP" wid="5">Virgin</w>
  <w id="6" lemma="|Mary|" pos="NNP" wid="6">Mary</w>
  <w id="7" lemma="|,|" pos="," wid="7">,</w>
  <w id="8" lemma="|the|" pos="DT" wid="8">the</w>
  <w id="9" lemma="|loving|" pos="JJ" wid="9">loving</w>
  <w id="10" lemma="|protection|" pos="NN" wid="10">protection</w>
  <w id="11" lemma="|of|" pos="IN" wid="11">of</w>
  <w id="12" lemma="|St|" pos="NNP" wid="12">St</w>
  <w id="13" lemma="|Joseph|" pos="NNP" wid="13">Joseph</w>
  <w id="14" lemma="|and|" pos="CC" wid="14">and</w>
  <w id="15" lemma="|the|" pos="DT" wid="15">the</w>
  <w id="16" lemma="|sweet|" pos="JJ" wid="16">sweet</w>
  <w id="17" lemma="|presence|" pos="NN" wid="17">presence</w>
  <w id="18" lemma="|of|" pos="IN" wid="18">of</w>
  <w id="19" lemma="|the|" pos="DT" wid="19">the</w>
  <w id="20" lemma="|Baby|" pos="NNP" wid="20">Baby</w>
  <w id="21" lemma="|Jesus|" pos="NNP" wid="21">Jesus</w>
  <w id="22" lemma="|be|" pos="VBP" wid="22">are</w>
  <w id="23" lemma="|a|" pos="DT" wid="23">a</w>
  <w id="24" lemma="|clear|" pos="JJ" wid="24">clear</w>
  <w id="25" lemma="|image|" pos="NN" wid="25">image</w>
  <w id="26" lemma="|of|" pos="IN" wid="26">of</w>
  <w id="27" lemma="|what|" pos="WP" wid="27">what</w>
  <w id="28" lemma="|every|" pos="DT" wid="28">every</w>
  <w id="29" lemma="|Christian|" pos="NNP" wid="29">Christian</w>
  <w id="30" lemma="|family|" pos="NN" wid="30">family</w>
  <w id="31" lemma="|must|" pos="MD" wid="31">must</w>
  <w id="32" lemma="|be|" pos="VB" wid="32">be</w>
  <w id="33" lemma="|:|" pos=":" wid="33">:</w>
  <w id="34" lemma="|a|" pos="DT" wid="34">an</w>
  <w id="35" lemma="|authentic|" pos="JJ" wid="35">authentic</w>
  <w id="36" lemma="|sanctuary|" pos="NN" wid="36">sanctuary</w>
  <w id="37" lemma="|of|" pos="IN" wid="37">of</w>
  <w id="38" lemma="|fidelity|" pos="NN" wid="38">fidelity</w>
  <w id="39" lemma="|,|" pos="," wid="39">,</w>
  <w id="40" lemma="|respect|" pos="NN" wid="40">respect</w>
  <w id="41" lemma="|and|" pos="CC" wid="41">and</w>
  <w id="42" lemma="|understanding|" pos="NN" wid="42">understanding</w>
  <w id="43" lemma="|in|" pos="IN" wid="43">in</w>
  <w id="44" lemma="|which|" pos="WDT" wid="44">which</w>
  <w id="45" lemma="|faith|" pos="NN" wid="45">faith</w>
  <w id="46" lemma="|be|" pos="VBZ" wid="46">is</w>
  <w id="47" lemma="|pass|" pos="VBN" wid="47">passed</w>
  <w id="48" lemma="|on|" pos="IN" wid="48">on</w>
  <w id="49" lemma="|,|" pos="," wid="49">,</w>
  <w id="50" lemma="|hope|" pos="NN" wid="50">hope</w>
  <w id="51" lemma="|be|" pos="VBZ" wid="51">is</w>
  <w id="52" lemma="|strengthened|" pos="JJ" wid="52">strengthened</w>
  <w id="53" lemma="|and|" pos="CC" wid="53">and</w>
  <w id="54" lemma="|love|" pos="NN" wid="54">love</w>
  <w id="55" lemma="|be|" pos="VBZ" wid="55">is</w>
  <w id="56" lemma="|kindle|" pos="VBN" wid="56">kindled</w>
  <w id="57" lemma="|.|" pos="." wid="57">.</w>
</sentence>
<sentence id="16">
  <w id="0" lemma="|I|" pos="PRP" wid="0">I</w>
  <w id="1" lemma="|encourage|" pos="VBP" wid="1">encourage</w>
  <w id="2" lemma="|one|" pos="CD" wid="2">one</w>
  <w id="3" lemma="|and|" pos="CC" wid="3">and</w>
  <w id="4" lemma="|all|" pos="DT" wid="4">all</w>
  <w id="5" lemma="|to|" pos="TO" wid="5">to</w>
  <w id="6" lemma="|live|" pos="VB" wid="6">live</w>
  <w id="7" lemma="|the|" pos="DT" wid="7">the</w>
  <w id="8" lemma="|Christian|" pos="NNP" wid="8">Christian</w>
  <w id="9" lemma="|vocation|" pos="NN" wid="9">vocation</w>
  <w id="10" lemma="|in|" pos="IN" wid="10">in</w>
  <w id="11" lemma="|you|" pos="PRP$" wid="11">your</w>
  <w id="12" lemma="|home|" pos="NNS" wid="12">homes</w>
  <w id="13" lemma="|with|" pos="IN" wid="13">with</w>
  <w id="14" lemma="|renew|" pos="VBN" wid="14">renewed</w>
  <w id="15" lemma="|enthusiasm|" pos="NN" wid="15">enthusiasm</w>
  <w id="16" lemma="|,|" pos="," wid="16">,</w>
  <w id="17" lemma="|as|" pos="IN" wid="17">as</w>
  <w id="18" lemma="|genuine|" pos="JJ" wid="18">genuine</w>
  <w id="19" lemma="|servant|" pos="NNS" wid="19">servants</w>
  <w id="20" lemma="|of|" pos="IN" wid="20">of</w>
  <w id="21" lemma="|the|" pos="DT" wid="21">the</w>
  <w id="22" lemma="|love|" pos="NN" wid="22">love</w>
  <w id="23" lemma="|that|" pos="WDT" wid="23">that</w>
  <w id="24" lemma="|welcome|" pos="VBZ" wid="24">welcomes</w>
  <w id="25" lemma="|,|" pos="," wid="25">,</w>
  <w id="26" lemma="|accompany|" pos="VBZ" wid="26">accompanies</w>
  <w id="27" lemma="|and|" pos="CC" wid="27">and</w>
  <w id="28" lemma="|protect|" pos="VBZ" wid="28">protects</w>
  <w id="29" lemma="|life|" pos="NN" wid="29">life</w>
  <w id="30" lemma="|.|" pos="." wid="30">.</w>
</sentence>
<sentence id="17">
  <w id="0" lemma="|make|" pos="VB" wid="0">Make</w>
  <w id="1" lemma="|you|" pos="PRP$" wid="1">your</w>
  <w id="2" lemma="|home|" pos="NN" wid="2">home</w>
  <w id="3" lemma="|a|" pos="DT" wid="3">a</w>
  <w id="4" lemma="|real|" pos="JJ" wid="4">real</w>
  <w id="5" lemma="|nursery|" pos="NN" wid="5">nursery</w>
  <w id="6" lemma="|of|" pos="IN" wid="6">of</w>
  <w id="7" lemma="|virtue|" pos="NNS" wid="7">virtues</w>
  <w id="8" lemma="|and|" pos="CC" wid="8">and</w>
  <w id="9" lemma="|a|" pos="DT" wid="9">a</w>
  <w id="10" lemma="|serene|" pos="JJ" wid="10">serene</w>
  <w id="11" lemma="|and|" pos="CC" wid="11">and</w>
  <w id="12" lemma="|luminous|" pos="JJ" wid="12">luminous</w>
  <w id="13" lemma="|place|" pos="NN" wid="13">place</w>
  <w id="14" lemma="|of|" pos="IN" wid="14">of</w>
  <w id="15" lemma="|trust|" pos="NN" wid="15">trust</w>
  <w id="16" lemma="|,|" pos="," wid="16">,</w>
  <w id="17" lemma="|in|" pos="IN" wid="17">in</w>
  <w id="18" lemma="|which|" pos="WDT" wid="18">which</w>
  <w id="19" lemma="|,|" pos="," wid="19">,</w>
  <w id="20" lemma="|guide|" pos="VBN" wid="20">guided</w>
  <w id="21" lemma="|by|" pos="IN" wid="21">by</w>
  <w id="22" lemma="|God|" pos="NNP" wid="22">God</w>
  <w id="23" lemma="|'s|" pos="POS" wid="23">'s</w>
  <w id="24" lemma="|grace|" pos="NN" wid="24">grace</w>
  <w id="25" lemma="|,|" pos="," wid="25">,</w>
  <w id="26" lemma="|it|" pos="PRP" wid="26">it</w>
  <w id="27" lemma="|be|" pos="VBZ" wid="27">is</w>
  <w id="28" lemma="|possible|" pos="JJ" wid="28">possible</w>
  <w id="29" lemma="|to|" pos="TO" wid="29">to</w>
  <w id="30" lemma="|discern|" pos="VB" wid="30">discern</w>
  <w id="31" lemma="|wisely|" pos="RB" wid="31">wisely</w>
  <w id="32" lemma="|the|" pos="DT" wid="32">the</w>
  <w id="33" lemma="|call|" pos="NN" wid="33">call</w>
  <w id="34" lemma="|of|" pos="IN" wid="34">of</w>
  <w id="35" lemma="|the|" pos="DT" wid="35">the</w>
  <w id="36" lemma="|Lord|" pos="NNP" wid="36">Lord</w>
  <w id="37" lemma="|who|" pos="WP" wid="37">who</w>
  <w id="38" lemma="|continue|" pos="VBZ" wid="38">continues</w>
  <w id="39" lemma="|to|" pos="TO" wid="39">to</w>
  <w id="40" lemma="|invite|" pos="VB" wid="40">invite</w>
  <w id="41" lemma="|people|" pos="NNS" wid="41">people</w>
  <w id="42" lemma="|to|" pos="TO" wid="42">to</w>
  <w id="43" lemma="|follow|" pos="VB" wid="43">follow</w>
  <w id="44" lemma="|he|" pos="PRP" wid="44">him</w>
  <w id="45" lemma="|.|" pos="." wid="45">.</w>
</sentence>
<sentence id="18">
  <w id="0" lemma="|with|" pos="IN" wid="0">With</w>
  <w id="1" lemma="|these|" pos="DT" wid="1">these</w>
  <w id="2" lemma="|sentiment|" pos="NNS" wid="2">sentiments</w>
  <w id="3" lemma="|I|" pos="PRP" wid="3">I</w>
  <w id="4" lemma="|fervently|" pos="RB" wid="4">fervently</w>
  <w id="5" lemma="|commend|" pos="VBP" wid="5">commend</w>
  <w id="6" lemma="|to|" pos="TO" wid="6">to</w>
  <w id="7" lemma="|the|" pos="DT" wid="7">the</w>
  <w id="8" lemma="|Holy|" pos="NNP" wid="8">Holy</w>
  <w id="9" lemma="|Family|" pos="NNP" wid="9">Family</w>
  <w id="10" lemma="|of|" pos="IN" wid="10">of</w>
  <w id="11" lemma="|Nazareth|" pos="NNP" wid="11">Nazareth</w>
  <w id="12" lemma="|the|" pos="DT" wid="12">the</w>
  <w id="13" lemma="|resolution|" pos="NNS" wid="13">resolutions</w>
  <w id="14" lemma="|and|" pos="CC" wid="14">and</w>
  <w id="15" lemma="|fruit|" pos="NN" wid="15">fruit</w>
  <w id="16" lemma="|of|" pos="IN" wid="16">of</w>
  <w id="17" lemma="|this|" pos="DT" wid="17">this</w>
  <w id="18" lemma="|meeting|" pos="NN" wid="18">meeting</w>
  <w id="19" lemma="|,|" pos="," wid="19">,</w>
  <w id="20" lemma="|so|" pos="IN" wid="20">so</w>
  <w id="21" lemma="|that|" pos="IN" wid="21">that</w>
  <w id="22" lemma="|there|" pos="EX" wid="22">there</w>
  <w id="23" lemma="|may|" pos="MD" wid="23">may</w>
  <w id="24" lemma="|be|" pos="VB" wid="24">be</w>
  <w id="25" lemma="|a|" pos="DT" wid="25">an</w>
  <w id="26" lemma="|increase|" pos="VBG" wid="26">increasing</w>
  <w id="27" lemma="|number|" pos="NN" wid="27">number</w>
  <w id="28" lemma="|of|" pos="IN" wid="28">of</w>
  <w id="29" lemma="|family|" pos="NNS" wid="29">families</w>
  <w id="30" lemma="|in|" pos="IN" wid="30">in</w>
  <w id="31" lemma="|which|" pos="WDT" wid="31">which</w>
  <w id="32" lemma="|joy|" pos="NN" wid="32">joy</w>
  <w id="33" lemma="|,|" pos="," wid="33">,</w>
  <w id="34" lemma="|mutual|" pos="JJ" wid="34">mutual</w>
  <w id="35" lemma="|give|" pos="VBG" wid="35">giving</w>
  <w id="36" lemma="|and|" pos="CC" wid="36">and</w>
  <w id="37" lemma="|generosity|" pos="NN" wid="37">generosity</w>
  <w id="38" lemma="|hold|" pos="NN" wid="38">hold</w>
  <w id="39" lemma="|sway|" pos="VB" wid="39">sway</w>
  <w id="40" lemma="|.|" pos="." wid="40">.</w>
</sentence>
<sentence id="19">
  <w id="0" lemma="|May|" pos="NNP" wid="0">May</w>
  <w id="1" lemma="|God|" pos="NNP" wid="1">God</w>
  <w id="2" lemma="|always|" pos="RB" wid="2">always</w>
  <w id="3" lemma="|bless|" pos="VBP" wid="3">bless</w>
  <w id="4" lemma="|you|" pos="PRP" wid="4">you</w>
  <w id="5" lemma="|.|" pos="." wid="5">.</w>
</sentence>
<sentence id="20">
  <w id="0" lemma="|let|" pos="VB" wid="0">Let</w>
  <w id="1" lemma="|we|" pos="PRP" wid="1">us</w>
  <w id="2" lemma="|ask|" pos="VB" wid="2">ask</w>
  <w id="3" lemma="|the|" pos="DT" wid="3">the</w>
  <w id="4" lemma="|Virgin|" pos="NNP" wid="4">Virgin</w>
  <w id="5" lemma="|Mary|" pos="NNP" wid="5">Mary</w>
  <w id="6" lemma="|,|" pos="," wid="6">,</w>
  <w id="7" lemma="|whom|" pos="WP" wid="7">whom</w>
  <w id="8" lemma="|the|" pos="DT" wid="8">the</w>
  <w id="9" lemma="|Lord|" pos="NNP" wid="9">Lord</w>
  <w id="10" lemma="|entrust|" pos="VBD" wid="10">entrusted</w>
  <w id="11" lemma="|as|" pos="IN" wid="11">as</w>
  <w id="12" lemma="|Mother|" pos="NNP" wid="12">Mother</w>
  <w id="13" lemma="|to|" pos="TO" wid="13">to</w>
  <w id="14" lemma="|``|" pos="``" wid="14">``</w>
  <w id="15" lemma="|the|" pos="DT" wid="15">the</w>
  <w id="16" lemma="|disciple|" pos="NN" wid="16">disciple</w>
  <w id="17" lemma="|whom|" pos="WP" wid="17">whom</w>
  <w id="18" lemma="|Jesus|" pos="NNP" wid="18">Jesus</w>
  <w id="19" lemma="|love|" pos="VBD" wid="19">loved</w>
  <w id="20" lemma="|''|" pos="''" wid="20">''</w>
  <w id="21" lemma="|,|" pos="," wid="21">,</w>
  <w id="22" lemma="|for|" pos="IN" wid="22">for</w>
  <w id="23" lemma="|the|" pos="DT" wid="23">the</w>
  <w id="24" lemma="|strength|" pos="NN" wid="24">strength</w>
  <w id="25" lemma="|to|" pos="TO" wid="25">to</w>
  <w id="26" lemma="|behave|" pos="VB" wid="26">behave</w>
  <w id="27" lemma="|as|" pos="IN" wid="27">as</w>
  <w id="28" lemma="|child|" pos="NNS" wid="28">children</w>
  <w id="29" lemma="|``|" pos="``" wid="29">``</w>
  <w id="30" lemma="|who|" pos="WP" wid="30">who</w>
  <w id="31" lemma="|be|" pos="VBD" wid="31">were</w>
  <w id="32" lemma="|bear|" pos="VBN" wid="32">born</w>
  <w id="33" lemma="|...|" pos=":" wid="33">...</w>
  <w id="34" lemma="|of|" pos="IN" wid="34">of</w>
  <w id="35" lemma="|God|" pos="NNP" wid="35">God</w>
  <w id="36" lemma="|''|" pos="''" wid="36">''</w>
  <w id="37" lemma="|-lrb-|" pos="-LRB-" wid="37">-LRB-</w>
  <w id="38" lemma="|cf|" pos="NN" wid="38">cf</w>
  <w id="39" lemma="|.|" pos="." wid="39">.</w>
</sentence>
<sentence id="21">
  <w id="0" lemma="|jn|" pos="NN" wid="0">Jn</w>
  <w id="1" lemma="|1:13|" pos="CD" wid="1">1:13</w>
  <w id="2" lemma="|-rrb-|" pos="-RRB-" wid="2">-RRB-</w>
  <w id="3" lemma="|,|" pos="," wid="3">,</w>
  <w id="4" lemma="|accept|" pos="VBG" wid="4">accepting</w>
  <w id="5" lemma="|one|" pos="CD" wid="5">one</w>
  <w id="6" lemma="|another|" pos="DT" wid="6">another</w>
  <w id="7" lemma="|and|" pos="CC" wid="7">and</w>
  <w id="8" lemma="|thereby|" pos="RB" wid="8">thereby</w>
  <w id="9" lemma="|express|" pos="VBG" wid="9">expressing</w>
  <w id="10" lemma="|brotherly|" pos="JJ" wid="10">brotherly</w>
  <w id="11" lemma="|love|" pos="NN" wid="11">love</w>
  <w id="12" lemma="|.|" pos="." wid="12">.</w>
</sentence>
<sentence id="22">
  <w id="0" lemma="|after|" pos="IN" wid="0">After</w>
  <w id="1" lemma="|the|" pos="DT" wid="1">the</w>
  <w id="2" lemma="|Angelus|" pos="NNP" wid="2">Angelus</w>
  <w id="3" lemma="|:|" pos=":" wid="3">:</w>
  <w id="4" lemma="|yesterday|" pos="NN" wid="4">Yesterday</w>
  <w id="5" lemma="|morning|" pos="NN" wid="5">morning</w>
  <w id="6" lemma="|we|" pos="PRP" wid="6">we</w>
  <w id="7" lemma="|learn|" pos="VBD" wid="7">learned</w>
  <w id="8" lemma="|with|" pos="IN" wid="8">with</w>
  <w id="9" lemma="|sorrow|" pos="NN" wid="9">sorrow</w>
  <w id="10" lemma="|the|" pos="DT" wid="10">the</w>
  <w id="11" lemma="|news|" pos="NN" wid="11">news</w>
  <w id="12" lemma="|of|" pos="IN" wid="12">of</w>
  <w id="13" lemma="|the|" pos="DT" wid="13">the</w>
  <w id="14" lemma="|serious|" pos="JJ" wid="14">serious</w>
  <w id="15" lemma="|attack|" pos="NN" wid="15">attack</w>
  <w id="16" lemma="|on|" pos="IN" wid="16">on</w>
  <w id="17" lemma="|the|" pos="DT" wid="17">the</w>
  <w id="18" lemma="|christian|" pos="JJ" wid="18">Christian</w>
  <w id="19" lemma="|coptic|" pos="JJ" wid="19">Coptic</w>
  <w id="20" lemma="|community|" pos="NN" wid="20">community</w>
  <w id="21" lemma="|in|" pos="IN" wid="21">in</w>
  <w id="22" lemma="|Alexandria|" pos="NNP" wid="22">Alexandria</w>
  <w id="23" lemma="|,|" pos="," wid="23">,</w>
  <w id="24" lemma="|Egypt|" pos="NNP" wid="24">Egypt</w>
  <w id="25" lemma="|.|" pos="." wid="25">.</w>
</sentence>
<sentence id="23">
  <w id="0" lemma="|this|" pos="DT" wid="0">This</w>
  <w id="1" lemma="|despicable|" pos="JJ" wid="1">despicable</w>
  <w id="2" lemma="|act|" pos="NN" wid="2">act</w>
  <w id="3" lemma="|of|" pos="IN" wid="3">of</w>
  <w id="4" lemma="|death|" pos="NN" wid="4">death</w>
  <w id="5" lemma="|,|" pos="," wid="5">,</w>
  <w id="6" lemma="|like|" pos="IN" wid="6">like</w>
  <w id="7" lemma="|the|" pos="DT" wid="7">the</w>
  <w id="8" lemma="|current|" pos="JJ" wid="8">current</w>
  <w id="9" lemma="|trend|" pos="NN" wid="9">trend</w>
  <w id="10" lemma="|of|" pos="IN" wid="10">of</w>
  <w id="11" lemma="|set|" pos="VBG" wid="11">setting</w>
  <w id="12" lemma="|bomb|" pos="NNS" wid="12">bombs</w>
  <w id="13" lemma="|close|" pos="RB" wid="13">close</w>
  <w id="14" lemma="|to|" pos="TO" wid="14">to</w>
  <w id="15" lemma="|the|" pos="DT" wid="15">the</w>
  <w id="16" lemma="|home|" pos="NNS" wid="16">homes</w>
  <w id="17" lemma="|of|" pos="IN" wid="17">of</w>
  <w id="18" lemma="|christian|" pos="NNS" wid="18">Christians</w>
  <w id="19" lemma="|in|" pos="IN" wid="19">in</w>
  <w id="20" lemma="|Iraq|" pos="NNP" wid="20">Iraq</w>
  <w id="21" lemma="|to|" pos="TO" wid="21">to</w>
  <w id="22" lemma="|force|" pos="VB" wid="22">force</w>
  <w id="23" lemma="|they|" pos="PRP" wid="23">them</w>
  <w id="24" lemma="|to|" pos="TO" wid="24">to</w>
  <w id="25" lemma="|leave|" pos="VB" wid="25">leave</w>
  <w id="26" lemma="|,|" pos="," wid="26">,</w>
  <w id="27" lemma="|offend|" pos="VBZ" wid="27">offends</w>
  <w id="28" lemma="|God|" pos="NNP" wid="28">God</w>
  <w id="29" lemma="|and|" pos="CC" wid="29">and</w>
  <w id="30" lemma="|the|" pos="DT" wid="30">the</w>
  <w id="31" lemma="|whole|" pos="NN" wid="31">whole</w>
  <w id="32" lemma="|of|" pos="IN" wid="32">of</w>
  <w id="33" lemma="|humanity|" pos="NN" wid="33">humanity</w>
  <w id="34" lemma="|which|" pos="WDT" wid="34">which</w>
  <w id="35" lemma="|,|" pos="," wid="35">,</w>
  <w id="36" lemma="|only|" pos="RB" wid="36">only</w>
  <w id="37" lemma="|yesterday|" pos="NN" wid="37">yesterday</w>
  <w id="38" lemma="|be|" pos="VBD" wid="38">was</w>
  <w id="39" lemma="|pray|" pos="VBG" wid="39">praying</w>
  <w id="40" lemma="|for|" pos="IN" wid="40">for</w>
  <w id="41" lemma="|peace|" pos="NN" wid="41">peace</w>
  <w id="42" lemma="|and|" pos="CC" wid="42">and</w>
  <w id="43" lemma="|begin|" pos="VBD" wid="43">began</w>
  <w id="44" lemma="|a|" pos="DT" wid="44">a</w>
  <w id="45" lemma="|New|" pos="NNP" wid="45">New</w>
  <w id="46" lemma="|Year|" pos="NNP" wid="46">Year</w>
  <w id="47" lemma="|with|" pos="IN" wid="47">with</w>
  <w id="48" lemma="|hope|" pos="NN" wid="48">hope</w>
  <w id="49" lemma="|.|" pos="." wid="49">.</w>
</sentence>
<sentence id="24">
  <w id="0" lemma="|in|" pos="IN" wid="0">In</w>
  <w id="1" lemma="|the|" pos="DT" wid="1">the</w>
  <w id="2" lemma="|face|" pos="NN" wid="2">face</w>
  <w id="3" lemma="|of|" pos="IN" wid="3">of</w>
  <w id="4" lemma="|this|" pos="DT" wid="4">this</w>
  <w id="5" lemma="|strategy|" pos="NN" wid="5">strategy</w>
  <w id="6" lemma="|of|" pos="IN" wid="6">of</w>
  <w id="7" lemma="|violence|" pos="NN" wid="7">violence</w>
  <w id="8" lemma="|that|" pos="WDT" wid="8">that</w>
  <w id="9" lemma="|be|" pos="VBZ" wid="9">is</w>
  <w id="10" lemma="|target|" pos="VBG" wid="10">targeting</w>
  <w id="11" lemma="|christian|" pos="NNS" wid="11">Christians</w>
  <w id="12" lemma="|with|" pos="IN" wid="12">with</w>
  <w id="13" lemma="|consequence|" pos="NNS" wid="13">consequences</w>
  <w id="14" lemma="|on|" pos="IN" wid="14">on</w>
  <w id="15" lemma="|the|" pos="DT" wid="15">the</w>
  <w id="16" lemma="|entire|" pos="JJ" wid="16">entire</w>
  <w id="17" lemma="|population|" pos="NN" wid="17">population</w>
  <w id="18" lemma="|,|" pos="," wid="18">,</w>
  <w id="19" lemma="|I|" pos="PRP" wid="19">I</w>
  <w id="20" lemma="|pray|" pos="VBP" wid="20">pray</w>
  <w id="21" lemma="|for|" pos="IN" wid="21">for</w>
  <w id="22" lemma="|the|" pos="DT" wid="22">the</w>
  <w id="23" lemma="|victim|" pos="NNS" wid="23">victims</w>
  <w id="24" lemma="|and|" pos="CC" wid="24">and</w>
  <w id="25" lemma="|they|" pos="PRP$" wid="25">their</w>
  <w id="26" lemma="|relative|" pos="NNS" wid="26">relatives</w>
  <w id="27" lemma="|and|" pos="CC" wid="27">and</w>
  <w id="28" lemma="|I|" pos="PRP" wid="28">I</w>
  <w id="29" lemma="|encourage|" pos="VBP" wid="29">encourage</w>
  <w id="30" lemma="|the|" pos="DT" wid="30">the</w>
  <w id="31" lemma="|ecclesial|" pos="JJ" wid="31">ecclesial</w>
  <w id="32" lemma="|community|" pos="NNS" wid="32">communities</w>
  <w id="33" lemma="|to|" pos="TO" wid="33">to</w>
  <w id="34" lemma="|persevere|" pos="VB" wid="34">persevere</w>
  <w id="35" lemma="|in|" pos="IN" wid="35">in</w>
  <w id="36" lemma="|faith|" pos="NN" wid="36">faith</w>
  <w id="37" lemma="|and|" pos="CC" wid="37">and</w>
  <w id="38" lemma="|in|" pos="IN" wid="38">in</w>
  <w id="39" lemma="|the|" pos="DT" wid="39">the</w>
  <w id="40" lemma="|witness|" pos="NN" wid="40">witness</w>
  <w id="41" lemma="|of|" pos="IN" wid="41">of</w>
  <w id="42" lemma="|non-violence|" pos="NN" wid="42">non-violence</w>
  <w id="43" lemma="|which|" pos="WDT" wid="43">which</w>
  <w id="44" lemma="|come|" pos="VBZ" wid="44">comes</w>
  <w id="45" lemma="|to|" pos="TO" wid="45">to</w>
  <w id="46" lemma="|we|" pos="PRP" wid="46">us</w>
  <w id="47" lemma="|from|" pos="IN" wid="47">from</w>
  <w id="48" lemma="|the|" pos="DT" wid="48">the</w>
  <w id="49" lemma="|Gospel|" pos="NNP" wid="49">Gospel</w>
  <w id="50" lemma="|.|" pos="." wid="50">.</w>
</sentence>
<sentence id="25">
  <w id="0" lemma="|I|" pos="PRP" wid="0">I</w>
  <w id="1" lemma="|be|" pos="VBP" wid="1">am</w>
  <w id="2" lemma="|also|" pos="RB" wid="2">also</w>
  <w id="3" lemma="|think|" pos="VBG" wid="3">thinking</w>
  <w id="4" lemma="|of|" pos="IN" wid="4">of</w>
  <w id="5" lemma="|the|" pos="DT" wid="5">the</w>
  <w id="6" lemma="|numerous|" pos="JJ" wid="6">numerous</w>
  <w id="7" lemma="|pastoral|" pos="JJ" wid="7">pastoral</w>
  <w id="8" lemma="|worker|" pos="NNS" wid="8">workers</w>
  <w id="9" lemma="|kill|" pos="VBN" wid="9">killed</w>
  <w id="10" lemma="|in|" pos="IN" wid="10">in</w>
  <w id="11" lemma="|2010|" pos="CD" wid="11">2010</w>
  <w id="12" lemma="|in|" pos="IN" wid="12">in</w>
  <w id="13" lemma="|various|" pos="JJ" wid="13">various</w>
  <w id="14" lemma="|part|" pos="NNS" wid="14">parts</w>
  <w id="15" lemma="|of|" pos="IN" wid="15">of</w>
  <w id="16" lemma="|the|" pos="DT" wid="16">the</w>
  <w id="17" lemma="|world|" pos="NN" wid="17">world</w>
  <w id="18" lemma="|:|" pos=":" wid="18">:</w>
  <w id="19" lemma="|we|" pos="PRP" wid="19">we</w>
  <w id="20" lemma="|likewise|" pos="RB" wid="20">likewise</w>
  <w id="21" lemma="|address|" pos="VBP" wid="21">address</w>
  <w id="22" lemma="|to|" pos="TO" wid="22">to</w>
  <w id="23" lemma="|they|" pos="PRP" wid="23">them</w>
  <w id="24" lemma="|we|" pos="PRP$" wid="24">our</w>
  <w id="25" lemma="|affectionate|" pos="JJ" wid="25">affectionate</w>
  <w id="26" lemma="|remembrance|" pos="NN" wid="26">remembrance</w>
  <w id="27" lemma="|before|" pos="IN" wid="27">before</w>
  <w id="28" lemma="|the|" pos="DT" wid="28">the</w>
  <w id="29" lemma="|Lord|" pos="NNP" wid="29">Lord</w>
  <w id="30" lemma="|.|" pos="." wid="30">.</w>
</sentence>
<sentence id="26">
  <w id="0" lemma="|let|" pos="VB" wid="0">Let</w>
  <w id="1" lemma="|we|" pos="PRP" wid="1">us</w>
  <w id="2" lemma="|remain|" pos="VB" wid="2">remain</w>
  <w id="3" lemma="|united|" pos="JJ" wid="3">united</w>
  <w id="4" lemma="|in|" pos="IN" wid="4">in</w>
  <w id="5" lemma="|Christ|" pos="NNP" wid="5">Christ</w>
  <w id="6" lemma="|,|" pos="," wid="6">,</w>
  <w id="7" lemma="|we|" pos="PRP$" wid="7">our</w>
  <w id="8" lemma="|hope|" pos="NN" wid="8">hope</w>
  <w id="9" lemma="|and|" pos="CC" wid="9">and</w>
  <w id="10" lemma="|we|" pos="PRP$" wid="10">our</w>
  <w id="11" lemma="|peace|" pos="NN" wid="11">peace</w>
  <w id="12" lemma="|!|" pos="." wid="12">!</w>
</sentence>
<sentence id="27">
  <w id="0" lemma="|I|" pos="PRP" wid="0">I</w>
  <w id="1" lemma="|be|" pos="VBP" wid="1">am</w>
  <w id="2" lemma="|happy|" pos="JJ" wid="2">happy</w>
  <w id="3" lemma="|to|" pos="TO" wid="3">to</w>
  <w id="4" lemma="|greet|" pos="VB" wid="4">greet</w>
  <w id="5" lemma="|all|" pos="PDT" wid="5">all</w>
  <w id="6" lemma="|the|" pos="DT" wid="6">the</w>
  <w id="7" lemma="|english-speaking|" pos="JJ" wid="7">English-speaking</w>
  <w id="8" lemma="|visitor|" pos="NNS" wid="8">visitors</w>
  <w id="9" lemma="|present|" pos="JJ" wid="9">present</w>
  <w id="10" lemma="|for|" pos="IN" wid="10">for</w>
  <w id="11" lemma="|this|" pos="DT" wid="11">this</w>
  <w id="12" lemma="|angelus|" pos="JJ" wid="12">Angelus</w>
  <w id="13" lemma="|prayer|" pos="NN" wid="13">prayer</w>
  <w id="14" lemma="|.|" pos="." wid="14">.</w>
</sentence>
<sentence id="28">
  <w id="0" lemma="|today|" pos="NN" wid="0">Today</w>
  <w id="1" lemma="|we|" pos="PRP" wid="1">we</w>
  <w id="2" lemma="|continue|" pos="VBP" wid="2">continue</w>
  <w id="3" lemma="|to|" pos="TO" wid="3">to</w>
  <w id="4" lemma="|contemplate|" pos="VB" wid="4">contemplate</w>
  <w id="5" lemma="|the|" pos="DT" wid="5">the</w>
  <w id="6" lemma="|divine|" pos="JJ" wid="6">divine</w>
  <w id="7" lemma="|mystery|" pos="NN" wid="7">mystery</w>
  <w id="8" lemma="|of|" pos="IN" wid="8">of</w>
  <w id="9" lemma="|Jesus|" pos="NNP" wid="9">Jesus</w>
  <w id="10" lemma="|Christ|" pos="NNP" wid="10">Christ</w>
  <w id="11" lemma="|,|" pos="," wid="11">,</w>
  <w id="12" lemma="|bear|" pos="VBN" wid="12">born</w>
  <w id="13" lemma="|in|" pos="IN" wid="13">in</w>
  <w id="14" lemma="|Bethlehem|" pos="NNP" wid="14">Bethlehem</w>
  <w id="15" lemma="|of|" pos="IN" wid="15">of</w>
  <w id="16" lemma="|the|" pos="DT" wid="16">the</w>
  <w id="17" lemma="|Virgin|" pos="NNP" wid="17">Virgin</w>
  <w id="18" lemma="|Mary|" pos="NNP" wid="18">Mary</w>
  <w id="19" lemma="|.|" pos="." wid="19">.</w>
</sentence>
<sentence id="29">
  <w id="0" lemma="|he|" pos="PRP" wid="0">He</w>
  <w id="1" lemma="|be|" pos="VBZ" wid="1">is</w>
  <w id="2" lemma="|the|" pos="DT" wid="2">the</w>
  <w id="3" lemma="|word|" pos="NN" wid="3">Word</w>
  <w id="4" lemma="|of|" pos="IN" wid="4">of</w>
  <w id="5" lemma="|God|" pos="NNP" wid="5">God</w>
  <w id="6" lemma="|make|" pos="VBD" wid="6">made</w>
  <w id="7" lemma="|flesh|" pos="NN" wid="7">flesh</w>
  <w id="8" lemma="|for|" pos="IN" wid="8">for</w>
  <w id="9" lemma="|we|" pos="PRP$" wid="9">our</w>
  <w id="10" lemma="|salvation|" pos="NN" wid="10">salvation</w>
  <w id="11" lemma="|,|" pos="," wid="11">,</w>
  <w id="12" lemma="|the|" pos="DT" wid="12">the</w>
  <w id="13" lemma="|Wisdom|" pos="NNP" wid="13">Wisdom</w>
  <w id="14" lemma="|of|" pos="IN" wid="14">of</w>
  <w id="15" lemma="|God|" pos="NNP" wid="15">God</w>
  <w id="16" lemma="|who|" pos="WP" wid="16">who</w>
  <w id="17" lemma="|have|" pos="VBZ" wid="17">has</w>
  <w id="18" lemma="|come|" pos="VBN" wid="18">come</w>
  <w id="19" lemma="|to|" pos="TO" wid="19">to</w>
  <w id="20" lemma="|enlighten|" pos="VB" wid="20">enlighten</w>
  <w id="21" lemma="|we|" pos="PRP" wid="21">us</w>
  <w id="22" lemma="|.|" pos="." wid="22">.</w>
</sentence>
<sentence id="30">
  <w id="0" lemma="|let|" pos="VB" wid="0">Let</w>
  <w id="1" lemma="|we|" pos="PRP" wid="1">us</w>
  <w id="2" lemma="|always|" pos="RB" wid="2">always</w>
  <w id="3" lemma="|cherish|" pos="VBP" wid="3">cherish</w>
  <w id="4" lemma="|this|" pos="DT" wid="4">this</w>
  <w id="5" lemma="|presence|" pos="NN" wid="5">presence</w>
  <w id="6" lemma="|of|" pos="IN" wid="6">of</w>
  <w id="7" lemma="|Jesus|" pos="NNP" wid="7">Jesus</w>
  <w id="8" lemma="|who|" pos="WP" wid="8">who</w>
  <w id="9" lemma="|bring|" pos="VBZ" wid="9">brings</w>
  <w id="10" lemma="|we|" pos="PRP" wid="10">us</w>
  <w id="11" lemma="|grace|" pos="NN" wid="11">grace</w>
  <w id="12" lemma="|and|" pos="CC" wid="12">and</w>
  <w id="13" lemma="|truth|" pos="NN" wid="13">truth</w>
  <w id="14" lemma="|!|" pos="." wid="14">!</w>
</sentence>
<sentence id="31">
  <w id="0" lemma="|I|" pos="PRP" wid="0">I</w>
  <w id="1" lemma="|wish|" pos="VBP" wid="1">wish</w>
  <w id="2" lemma="|you|" pos="PRP" wid="2">you</w>
  <w id="3" lemma="|all|" pos="PDT" wid="3">all</w>
  <w id="4" lemma="|a|" pos="DT" wid="4">a</w>
  <w id="5" lemma="|pleasant|" pos="JJ" wid="5">pleasant</w>
  <w id="6" lemma="|Sunday|" pos="NNP" wid="6">Sunday</w>
  <w id="7" lemma="|and|" pos="CC" wid="7">and</w>
  <w id="8" lemma="|renew|" pos="VB" wid="8">renew</w>
  <w id="9" lemma="|my|" pos="PRP$" wid="9">my</w>
  <w id="10" lemma="|good|" pos="JJ" wid="10">good</w>
  <w id="11" lemma="|wish|" pos="NNS" wid="11">wishes</w>
  <w id="12" lemma="|for|" pos="IN" wid="12">for</w>
  <w id="13" lemma="|a|" pos="DT" wid="13">a</w>
  <w id="14" lemma="|happy|" pos="JJ" wid="14">Happy</w>
  <w id="15" lemma="|New|" pos="NNP" wid="15">New</w>
  <w id="16" lemma="|Year|" pos="NNP" wid="16">Year</w>
  <w id="17" lemma="|!|" pos="." wid="17">!</w>
</sentence>
<sentence id="32">
  <w id="0" lemma="|on|" pos="IN" wid="0">On</w>
  <w id="1" lemma="|this|" pos="DT" wid="1">this</w>
  <w id="2" lemma="|first|" pos="JJ" wid="2">first</w>
  <w id="3" lemma="|Sunday|" pos="NNP" wid="3">Sunday</w>
  <w id="4" lemma="|of|" pos="IN" wid="4">of</w>
  <w id="5" lemma="|the|" pos="DT" wid="5">the</w>
  <w id="6" lemma="|year|" pos="NN" wid="6">year</w>
  <w id="7" lemma="|:|" pos=":" wid="7">:</w>
  <w id="8" lemma="|many|" pos="JJ" wid="8">many</w>
  <w id="9" lemma="|good|" pos="JJ" wid="9">good</w>
  <w id="10" lemma="|wish|" pos="NNS" wid="10">wishes</w>
  <w id="11" lemma="|to|" pos="TO" wid="11">to</w>
  <w id="12" lemma="|everyone|" pos="NN" wid="12">everyone</w>
  <w id="13" lemma="|for|" pos="IN" wid="13">for</w>
  <w id="14" lemma="|peace|" pos="NN" wid="14">peace</w>
  <w id="15" lemma="|and|" pos="CC" wid="15">and</w>
  <w id="16" lemma="|good|" pos="JJ" wid="16">good</w>
  <w id="17" lemma="|in|" pos="IN" wid="17">in</w>
  <w id="18" lemma="|the|" pos="DT" wid="18">the</w>
  <w id="19" lemma="|Lord|" pos="NNP" wid="19">Lord</w>
  <w id="20" lemma="|.|" pos="." wid="20">.</w>
</sentence>
</corpus>