<corpus id="0">
<sentence id="0">
  <w id="0" lemma="|at|" pos="IN" wid="0">At</w>
  <w id="1" lemma="|the|" pos="DT" wid="1">the</w>
  <w id="2" lemma="|end|" pos="NN" wid="2">end</w>
  <w id="3" lemma="|of|" pos="IN" wid="3">of</w>
  <w id="4" lemma="|this|" pos="DT" wid="4">this</w>
  <w id="5" lemma="|solemn|" pos="JJ" wid="5">solemn</w>
  <w id="6" lemma="|eucharistic|" pos="JJ" wid="6">Eucharistic</w>
  <w id="7" lemma="|celebration|" pos="NN" wid="7">celebration</w>
  <w id="8" lemma="|,|" pos="," wid="8">,</w>
  <w id="9" lemma="|dear|" pos="RB" wid="9">dear</w>
  <w id="10" lemma="|young|" pos="JJ" wid="10">young</w>
  <w id="11" lemma="|people|" pos="NNS" wid="11">people</w>
  <w id="12" lemma="|,|" pos="," wid="12">,</w>
  <w id="13" lemma="|let|" pos="VB" wid="13">let</w>
  <w id="14" lemma="|we|" pos="PRP" wid="14">us</w>
  <w id="15" lemma="|recite|" pos="VB" wid="15">recite</w>
  <w id="16" lemma="|the|" pos="DT" wid="16">the</w>
  <w id="17" lemma="|prayer|" pos="NN" wid="17">prayer</w>
  <w id="18" lemma="|of|" pos="IN" wid="18">of</w>
  <w id="19" lemma="|the|" pos="DT" wid="19">the</w>
  <w id="20" lemma="|Angelus|" pos="NNP" wid="20">Angelus</w>
  <w id="21" lemma="|in|" pos="IN" wid="21">in</w>
  <w id="22" lemma="|spiritual|" pos="JJ" wid="22">spiritual</w>
  <w id="23" lemma="|communion|" pos="NN" wid="23">communion</w>
  <w id="24" lemma="|with|" pos="IN" wid="24">with</w>
  <w id="25" lemma="|all|" pos="PDT" wid="25">all</w>
  <w id="26" lemma="|those|" pos="DT" wid="26">those</w>
  <w id="27" lemma="|who|" pos="WP" wid="27">who</w>
  <w id="28" lemma="|be|" pos="VBP" wid="28">are</w>
  <w id="29" lemma="|connect|" pos="VBN" wid="29">connected</w>
  <w id="30" lemma="|with|" pos="IN" wid="30">with</w>
  <w id="31" lemma="|we|" pos="PRP" wid="31">us</w>
  <w id="32" lemma="|via|" pos="IN" wid="32">via</w>
  <w id="33" lemma="|radio|" pos="NN" wid="33">radio</w>
  <w id="34" lemma="|and|" pos="CC" wid="34">and</w>
  <w id="35" lemma="|television|" pos="NN" wid="35">television</w>
  <w id="36" lemma="|.|" pos="." wid="36">.</w>
</sentence>
<sentence id="1">
  <w id="0" lemma="|Loreto|" pos="NNP" wid="0">Loreto</w>
  <w id="1" lemma="|,|" pos="," wid="1">,</w>
  <w id="2" lemma="|after|" pos="IN" wid="2">after</w>
  <w id="3" lemma="|Nazareth|" pos="NNP" wid="3">Nazareth</w>
  <w id="4" lemma="|,|" pos="," wid="4">,</w>
  <w id="5" lemma="|be|" pos="VBZ" wid="5">is</w>
  <w id="6" lemma="|the|" pos="DT" wid="6">the</w>
  <w id="7" lemma="|ideal|" pos="JJ" wid="7">ideal</w>
  <w id="8" lemma="|place|" pos="NN" wid="8">place</w>
  <w id="9" lemma="|to|" pos="TO" wid="9">to</w>
  <w id="10" lemma="|pray|" pos="VB" wid="10">pray</w>
  <w id="11" lemma="|while|" pos="IN" wid="11">while</w>
  <w id="12" lemma="|meditate|" pos="VBG" wid="12">meditating</w>
  <w id="13" lemma="|on|" pos="IN" wid="13">on</w>
  <w id="14" lemma="|the|" pos="DT" wid="14">the</w>
  <w id="15" lemma="|mystery|" pos="NN" wid="15">mystery</w>
  <w id="16" lemma="|on|" pos="IN" wid="16">on</w>
  <w id="17" lemma="|the|" pos="DT" wid="17">the</w>
  <w id="18" lemma="|incarnation|" pos="NN" wid="18">Incarnation</w>
  <w id="19" lemma="|of|" pos="IN" wid="19">of</w>
  <w id="20" lemma="|the|" pos="DT" wid="20">the</w>
  <w id="21" lemma="|Son|" pos="NNP" wid="21">Son</w>
  <w id="22" lemma="|of|" pos="IN" wid="22">of</w>
  <w id="23" lemma="|God|" pos="NNP" wid="23">God</w>
  <w id="24" lemma="|.|" pos="." wid="24">.</w>
</sentence>
<sentence id="2">
  <w id="0" lemma="|therefore|" pos="RB" wid="0">Therefore</w>
  <w id="1" lemma="|,|" pos="," wid="1">,</w>
  <w id="2" lemma="|at|" pos="IN" wid="2">at</w>
  <w id="3" lemma="|this|" pos="DT" wid="3">this</w>
  <w id="4" lemma="|moment|" pos="NN" wid="4">moment</w>
  <w id="5" lemma="|,|" pos="," wid="5">,</w>
  <w id="6" lemma="|my|" pos="PRP$" wid="6">my</w>
  <w id="7" lemma="|invitation|" pos="NN" wid="7">invitation</w>
  <w id="8" lemma="|be|" pos="VBZ" wid="8">is</w>
  <w id="9" lemma="|to|" pos="TO" wid="9">to</w>
  <w id="10" lemma="|enter|" pos="VB" wid="10">enter</w>
  <w id="11" lemma="|together|" pos="RB" wid="11">together</w>
  <w id="12" lemma="|,|" pos="," wid="12">,</w>
  <w id="13" lemma="|in|" pos="IN" wid="13">in</w>
  <w id="14" lemma="|heart|" pos="NN" wid="14">heart</w>
  <w id="15" lemma="|and|" pos="CC" wid="15">and</w>
  <w id="16" lemma="|mind|" pos="NN" wid="16">mind</w>
  <w id="17" lemma="|,|" pos="," wid="17">,</w>
  <w id="18" lemma="|the|" pos="DT" wid="18">the</w>
  <w id="19" lemma="|shrine|" pos="NN" wid="19">Shrine</w>
  <w id="20" lemma="|of|" pos="IN" wid="20">of</w>
  <w id="21" lemma="|the|" pos="DT" wid="21">the</w>
  <w id="22" lemma="|Holy|" pos="NNP" wid="22">Holy</w>
  <w id="23" lemma="|House|" pos="NNP" wid="23">House</w>
  <w id="24" lemma="|,|" pos="," wid="24">,</w>
  <w id="25" lemma="|within|" pos="IN" wid="25">within</w>
  <w id="26" lemma="|those|" pos="DT" wid="26">those</w>
  <w id="27" lemma="|wall|" pos="NNS" wid="27">walls</w>
  <w id="28" lemma="|that|" pos="IN" wid="28">that</w>
  <w id="29" lemma="|accord|" pos="VBG" wid="29">according</w>
  <w id="30" lemma="|to|" pos="TO" wid="30">to</w>
  <w id="31" lemma="|tradition|" pos="NN" wid="31">tradition</w>
  <w id="32" lemma="|come|" pos="VBD" wid="32">came</w>
  <w id="33" lemma="|from|" pos="IN" wid="33">from</w>
  <w id="34" lemma="|Nazareth|" pos="NNP" wid="34">Nazareth</w>
  <w id="35" lemma="|,|" pos="," wid="35">,</w>
  <w id="36" lemma="|the|" pos="DT" wid="36">the</w>
  <w id="37" lemma="|place|" pos="NN" wid="37">place</w>
  <w id="38" lemma="|where|" pos="WRB" wid="38">where</w>
  <w id="39" lemma="|the|" pos="DT" wid="39">the</w>
  <w id="40" lemma="|Virgin|" pos="NNP" wid="40">Virgin</w>
  <w id="41" lemma="|say|" pos="VBD" wid="41">said</w>
  <w id="42" lemma="|``|" pos="``" wid="42">``</w>
  <w id="43" lemma="|yes|" pos="RB" wid="43">yes</w>
  <w id="44" lemma="|''|" pos="''" wid="44">''</w>
  <w id="45" lemma="|to|" pos="TO" wid="45">to</w>
  <w id="46" lemma="|God|" pos="NNP" wid="46">God</w>
  <w id="47" lemma="|and|" pos="CC" wid="47">and</w>
  <w id="48" lemma="|conceive|" pos="VBN" wid="48">conceived</w>
  <w id="49" lemma="|in|" pos="IN" wid="49">in</w>
  <w id="50" lemma="|she|" pos="PRP$" wid="50">her</w>
  <w id="51" lemma="|womb|" pos="NN" wid="51">womb</w>
  <w id="52" lemma="|the|" pos="DT" wid="52">the</w>
  <w id="53" lemma="|eternal|" pos="JJ" wid="53">eternal</w>
  <w id="54" lemma="|Incarnate|" pos="NNP" wid="54">Incarnate</w>
  <w id="55" lemma="|Word|" pos="NNP" wid="55">Word</w>
  <w id="56" lemma="|.|" pos="." wid="56">.</w>
</sentence>
<sentence id="3">
  <w id="0" lemma="|before|" pos="IN" wid="0">Before</w>
  <w id="1" lemma="|end|" pos="VBG" wid="1">ending</w>
  <w id="2" lemma="|we|" pos="PRP$" wid="2">our</w>
  <w id="3" lemma="|assembly|" pos="NN" wid="3">assembly</w>
  <w id="4" lemma="|,|" pos="," wid="4">,</w>
  <w id="5" lemma="|let|" pos="VB" wid="5">let</w>
  <w id="6" lemma="|we|" pos="PRP" wid="6">us</w>
  <w id="7" lemma="|leave|" pos="VB" wid="7">leave</w>
  <w id="8" lemma="|the|" pos="DT" wid="8">the</w>
  <w id="9" lemma="|``|" pos="``" wid="9">``</w>
  <w id="10" lemma="|agora|" pos="NN" wid="10">agora</w>
  <w id="11" lemma="|''|" pos="''" wid="11">''</w>
  <w id="12" lemma="|,|" pos="," wid="12">,</w>
  <w id="13" lemma="|the|" pos="DT" wid="13">the</w>
  <w id="14" lemma="|square|" pos="NN" wid="14">square</w>
  <w id="15" lemma="|,|" pos="," wid="15">,</w>
  <w id="16" lemma="|for|" pos="IN" wid="16">for</w>
  <w id="17" lemma="|a|" pos="DT" wid="17">a</w>
  <w id="18" lemma="|moment|" pos="NN" wid="18">moment</w>
  <w id="19" lemma="|and|" pos="CC" wid="19">and</w>
  <w id="20" lemma="|in|" pos="IN" wid="20">in</w>
  <w id="21" lemma="|spirit|" pos="NN" wid="21">spirit</w>
  <w id="22" lemma="|enter|" pos="VBP" wid="22">enter</w>
  <w id="23" lemma="|the|" pos="DT" wid="23">the</w>
  <w id="24" lemma="|Holy|" pos="NNP" wid="24">Holy</w>
  <w id="25" lemma="|House|" pos="NNP" wid="25">House</w>
  <w id="26" lemma="|.|" pos="." wid="26">.</w>
</sentence>
<sentence id="4">
  <w id="0" lemma="|there|" pos="EX" wid="0">There</w>
  <w id="1" lemma="|be|" pos="VBZ" wid="1">is</w>
  <w id="2" lemma="|a|" pos="DT" wid="2">a</w>
  <w id="3" lemma="|reciprocal|" pos="JJ" wid="3">reciprocal</w>
  <w id="4" lemma="|link|" pos="NN" wid="4">link</w>
  <w id="5" lemma="|between|" pos="IN" wid="5">between</w>
  <w id="6" lemma="|the|" pos="DT" wid="6">the</w>
  <w id="7" lemma="|square|" pos="NN" wid="7">square</w>
  <w id="8" lemma="|and|" pos="CC" wid="8">and</w>
  <w id="9" lemma="|the|" pos="DT" wid="9">the</w>
  <w id="10" lemma="|house|" pos="NN" wid="10">house</w>
  <w id="11" lemma="|.|" pos="." wid="11">.</w>
</sentence>
<sentence id="5">
  <w id="0" lemma="|the|" pos="DT" wid="0">The</w>
  <w id="1" lemma="|square|" pos="NN" wid="1">square</w>
  <w id="2" lemma="|be|" pos="VBZ" wid="2">is</w>
  <w id="3" lemma="|large|" pos="JJ" wid="3">large</w>
  <w id="4" lemma="|,|" pos="," wid="4">,</w>
  <w id="5" lemma="|open|" pos="JJ" wid="5">open</w>
  <w id="6" lemma="|,|" pos="," wid="6">,</w>
  <w id="7" lemma="|it|" pos="PRP" wid="7">it</w>
  <w id="8" lemma="|be|" pos="VBZ" wid="8">is</w>
  <w id="9" lemma="|the|" pos="DT" wid="9">the</w>
  <w id="10" lemma="|place|" pos="NN" wid="10">place</w>
  <w id="11" lemma="|for|" pos="IN" wid="11">for</w>
  <w id="12" lemma="|meeting|" pos="NN" wid="12">meeting</w>
  <w id="13" lemma="|other|" pos="NNS" wid="13">others</w>
  <w id="14" lemma="|,|" pos="," wid="14">,</w>
  <w id="15" lemma="|for|" pos="IN" wid="15">for</w>
  <w id="16" lemma="|dialogue|" pos="NN" wid="16">dialogue</w>
  <w id="17" lemma="|,|" pos="," wid="17">,</w>
  <w id="18" lemma="|for|" pos="IN" wid="18">for</w>
  <w id="19" lemma="|confrontation|" pos="NN" wid="19">confrontation</w>
  <w id="20" lemma="|.|" pos="." wid="20">.</w>
</sentence>
<sentence id="6">
  <w id="0" lemma="|the|" pos="DT" wid="0">The</w>
  <w id="1" lemma="|house|" pos="NN" wid="1">house</w>
  <w id="2" lemma="|,|" pos="," wid="2">,</w>
  <w id="3" lemma="|on|" pos="IN" wid="3">on</w>
  <w id="4" lemma="|the|" pos="DT" wid="4">the</w>
  <w id="5" lemma="|other|" pos="JJ" wid="5">other</w>
  <w id="6" lemma="|hand|" pos="NN" wid="6">hand</w>
  <w id="7" lemma="|,|" pos="," wid="7">,</w>
  <w id="8" lemma="|be|" pos="VBZ" wid="8">is</w>
  <w id="9" lemma="|the|" pos="DT" wid="9">the</w>
  <w id="10" lemma="|place|" pos="NN" wid="10">place</w>
  <w id="11" lemma="|for|" pos="IN" wid="11">for</w>
  <w id="12" lemma="|recollection|" pos="NN" wid="12">recollection</w>
  <w id="13" lemma="|and|" pos="CC" wid="13">and</w>
  <w id="14" lemma="|for|" pos="IN" wid="14">for</w>
  <w id="15" lemma="|inner|" pos="JJ" wid="15">inner</w>
  <w id="16" lemma="|silence|" pos="NN" wid="16">silence</w>
  <w id="17" lemma="|,|" pos="," wid="17">,</w>
  <w id="18" lemma="|where|" pos="WRB" wid="18">where</w>
  <w id="19" lemma="|the|" pos="DT" wid="19">the</w>
  <w id="20" lemma="|word|" pos="NN" wid="20">Word</w>
  <w id="21" lemma="|may|" pos="MD" wid="21">may</w>
  <w id="22" lemma="|be|" pos="VB" wid="22">be</w>
  <w id="23" lemma="|receive|" pos="VBN" wid="23">received</w>
  <w id="24" lemma="|in|" pos="IN" wid="24">in</w>
  <w id="25" lemma="|depth|" pos="NN" wid="25">depth</w>
  <w id="26" lemma="|.|" pos="." wid="26">.</w>
</sentence>
<sentence id="7">
  <w id="0" lemma="|to|" pos="TO" wid="0">To</w>
  <w id="1" lemma="|bring|" pos="VB" wid="1">bring</w>
  <w id="2" lemma="|God|" pos="NNP" wid="2">God</w>
  <w id="3" lemma="|to|" pos="TO" wid="3">to</w>
  <w id="4" lemma="|the|" pos="DT" wid="4">the</w>
  <w id="5" lemma="|square|" pos="NN" wid="5">square</w>
  <w id="6" lemma="|,|" pos="," wid="6">,</w>
  <w id="7" lemma="|one|" pos="CD" wid="7">one</w>
  <w id="8" lemma="|first|" pos="JJ" wid="8">first</w>
  <w id="9" lemma="|need|" pos="NNS" wid="9">needs</w>
  <w id="10" lemma="|to|" pos="TO" wid="10">to</w>
  <w id="11" lemma="|have|" pos="VB" wid="11">have</w>
  <w id="12" lemma="|interiorize|" pos="VBN" wid="12">interiorized</w>
  <w id="13" lemma="|he|" pos="PRP" wid="13">him</w>
  <w id="14" lemma="|in|" pos="IN" wid="14">in</w>
  <w id="15" lemma="|the|" pos="DT" wid="15">the</w>
  <w id="16" lemma="|house|" pos="NN" wid="16">house</w>
  <w id="17" lemma="|,|" pos="," wid="17">,</w>
  <w id="18" lemma="|like|" pos="IN" wid="18">like</w>
  <w id="19" lemma="|Mary|" pos="NNP" wid="19">Mary</w>
  <w id="20" lemma="|at|" pos="IN" wid="20">at</w>
  <w id="21" lemma="|the|" pos="DT" wid="21">the</w>
  <w id="22" lemma="|Annunciation|" pos="NNP" wid="22">Annunciation</w>
  <w id="23" lemma="|.|" pos="." wid="23">.</w>
</sentence>
<sentence id="8">
  <w id="0" lemma="|and|" pos="CC" wid="0">And</w>
  <w id="1" lemma="|vice|" pos="NN" wid="1">vice</w>
  <w id="2" lemma="|versa|" pos="RB" wid="2">versa</w>
  <w id="3" lemma="|,|" pos="," wid="3">,</w>
  <w id="4" lemma="|the|" pos="DT" wid="4">the</w>
  <w id="5" lemma="|house|" pos="NN" wid="5">house</w>
  <w id="6" lemma="|be|" pos="VBZ" wid="6">is</w>
  <w id="7" lemma="|open|" pos="JJ" wid="7">open</w>
  <w id="8" lemma="|to|" pos="TO" wid="8">to</w>
  <w id="9" lemma="|the|" pos="DT" wid="9">the</w>
  <w id="10" lemma="|square|" pos="NN" wid="10">square</w>
  <w id="11" lemma="|.|" pos="." wid="11">.</w>
</sentence>
<sentence id="9">
  <w id="0" lemma="|this|" pos="DT" wid="0">This</w>
  <w id="1" lemma="|be|" pos="VBZ" wid="1">is</w>
  <w id="2" lemma="|also|" pos="RB" wid="2">also</w>
  <w id="3" lemma="|suggest|" pos="VBN" wid="3">suggested</w>
  <w id="4" lemma="|by|" pos="IN" wid="4">by</w>
  <w id="5" lemma="|the|" pos="DT" wid="5">the</w>
  <w id="6" lemma="|fact|" pos="NN" wid="6">fact</w>
  <w id="7" lemma="|that|" pos="IN" wid="7">that</w>
  <w id="8" lemma="|the|" pos="DT" wid="8">the</w>
  <w id="9" lemma="|Holy|" pos="NNP" wid="9">Holy</w>
  <w id="10" lemma="|House|" pos="NNP" wid="10">House</w>
  <w id="11" lemma="|of|" pos="IN" wid="11">of</w>
  <w id="12" lemma="|Loreto|" pos="NNP" wid="12">Loreto</w>
  <w id="13" lemma="|have|" pos="VBZ" wid="13">has</w>
  <w id="14" lemma="|three|" pos="CD" wid="14">three</w>
  <w id="15" lemma="|wall|" pos="NNS" wid="15">walls</w>
  <w id="16" lemma="|,|" pos="," wid="16">,</w>
  <w id="17" lemma="|not|" pos="RB" wid="17">not</w>
  <w id="18" lemma="|four|" pos="CD" wid="18">four</w>
  <w id="19" lemma="|:|" pos=":" wid="19">:</w>
  <w id="20" lemma="|it|" pos="PRP" wid="20">it</w>
  <w id="21" lemma="|be|" pos="VBZ" wid="21">is</w>
  <w id="22" lemma="|a|" pos="DT" wid="22">an</w>
  <w id="23" lemma="|open|" pos="JJ" wid="23">open</w>
  <w id="24" lemma="|House|" pos="NNP" wid="24">House</w>
  <w id="25" lemma="|,|" pos="," wid="25">,</w>
  <w id="26" lemma="|open|" pos="JJ" wid="26">open</w>
  <w id="27" lemma="|to|" pos="TO" wid="27">to</w>
  <w id="28" lemma="|the|" pos="DT" wid="28">the</w>
  <w id="29" lemma="|world|" pos="NN" wid="29">world</w>
  <w id="30" lemma="|,|" pos="," wid="30">,</w>
  <w id="31" lemma="|to|" pos="TO" wid="31">to</w>
  <w id="32" lemma="|life|" pos="NN" wid="32">life</w>
  <w id="33" lemma="|,|" pos="," wid="33">,</w>
  <w id="34" lemma="|even|" pos="RB" wid="34">even</w>
  <w id="35" lemma="|to|" pos="TO" wid="35">to</w>
  <w id="36" lemma="|this|" pos="DT" wid="36">this</w>
  <w id="37" lemma="|agora|" pos="NN" wid="37">Agora</w>
  <w id="38" lemma="|of|" pos="IN" wid="38">of</w>
  <w id="39" lemma="|italian|" pos="JJ" wid="39">Italian</w>
  <w id="40" lemma="|youth|" pos="NN" wid="40">youth</w>
  <w id="41" lemma="|.|" pos="." wid="41">.</w>
</sentence>
<sentence id="10">
  <w id="0" lemma="|Dear|" pos="NNP" wid="0">Dear</w>
  <w id="1" lemma="|friend|" pos="NNS" wid="1">friends</w>
  <w id="2" lemma="|,|" pos="," wid="2">,</w>
  <w id="3" lemma="|it|" pos="PRP" wid="3">it</w>
  <w id="4" lemma="|be|" pos="VBZ" wid="4">is</w>
  <w id="5" lemma="|a|" pos="DT" wid="5">a</w>
  <w id="6" lemma="|great|" pos="JJ" wid="6">great</w>
  <w id="7" lemma="|privilege|" pos="NN" wid="7">privilege</w>
  <w id="8" lemma="|for|" pos="IN" wid="8">for</w>
  <w id="9" lemma="|Italy|" pos="NNP" wid="9">Italy</w>
  <w id="10" lemma="|to|" pos="TO" wid="10">to</w>
  <w id="11" lemma="|have|" pos="VB" wid="11">have</w>
  <w id="12" lemma="|the|" pos="DT" wid="12">the</w>
  <w id="13" lemma="|Shrine|" pos="NNP" wid="13">Shrine</w>
  <w id="14" lemma="|of|" pos="IN" wid="14">of</w>
  <w id="15" lemma="|the|" pos="DT" wid="15">the</w>
  <w id="16" lemma="|Holy|" pos="NNP" wid="16">Holy</w>
  <w id="17" lemma="|House|" pos="NNP" wid="17">House</w>
  <w id="18" lemma="|in|" pos="IN" wid="18">in</w>
  <w id="19" lemma="|this|" pos="DT" wid="19">this</w>
  <w id="20" lemma="|sweet|" pos="JJ" wid="20">sweet</w>
  <w id="21" lemma="|corner|" pos="NN" wid="21">corner</w>
  <w id="22" lemma="|of|" pos="IN" wid="22">of</w>
  <w id="23" lemma="|the|" pos="DT" wid="23">the</w>
  <w id="24" lemma="|Marches|" pos="NNPS" wid="24">Marches</w>
  <w id="25" lemma="|.|" pos="." wid="25">.</w>
</sentence>
<sentence id="11">
  <w id="0" lemma="|be|" pos="VB" wid="0">Be</w>
  <w id="1" lemma="|justly|" pos="RB" wid="1">justly</w>
  <w id="2" lemma="|proud|" pos="JJ" wid="2">proud</w>
  <w id="3" lemma="|of|" pos="IN" wid="3">of</w>
  <w id="4" lemma="|this|" pos="DT" wid="4">this</w>
  <w id="5" lemma="|and|" pos="CC" wid="5">and</w>
  <w id="6" lemma="|make|" pos="VB" wid="6">make</w>
  <w id="7" lemma="|the|" pos="DT" wid="7">the</w>
  <w id="8" lemma="|most|" pos="JJS" wid="8">most</w>
  <w id="9" lemma="|of|" pos="IN" wid="9">of</w>
  <w id="10" lemma="|it|" pos="PRP" wid="10">it</w>
  <w id="11" lemma="|!|" pos="." wid="11">!</w>
</sentence>
<sentence id="12">
  <w id="0" lemma="|at|" pos="IN" wid="0">At</w>
  <w id="1" lemma="|the|" pos="DT" wid="1">the</w>
  <w id="2" lemma="|most|" pos="RBS" wid="2">most</w>
  <w id="3" lemma="|important|" pos="JJ" wid="3">important</w>
  <w id="4" lemma="|moment|" pos="NNS" wid="4">moments</w>
  <w id="5" lemma="|of|" pos="IN" wid="5">of</w>
  <w id="6" lemma="|you|" pos="PRP$" wid="6">your</w>
  <w id="7" lemma="|life|" pos="NNS" wid="7">lives</w>
  <w id="8" lemma="|come|" pos="VBP" wid="8">come</w>
  <w id="9" lemma="|here|" pos="RB" wid="9">here</w>
  <w id="10" lemma="|,|" pos="," wid="10">,</w>
  <w id="11" lemma="|at|" pos="IN" wid="11">at</w>
  <w id="12" lemma="|least|" pos="JJS" wid="12">least</w>
  <w id="13" lemma="|in|" pos="IN" wid="13">in</w>
  <w id="14" lemma="|you|" pos="PRP$" wid="14">your</w>
  <w id="15" lemma="|heart|" pos="NNS" wid="15">hearts</w>
  <w id="16" lemma="|,|" pos="," wid="16">,</w>
  <w id="17" lemma="|in|" pos="IN" wid="17">in</w>
  <w id="18" lemma="|spiritual|" pos="JJ" wid="18">spiritual</w>
  <w id="19" lemma="|recollection|" pos="NN" wid="19">recollection</w>
  <w id="20" lemma="|within|" pos="IN" wid="20">within</w>
  <w id="21" lemma="|the|" pos="DT" wid="21">the</w>
  <w id="22" lemma="|wall|" pos="NNS" wid="22">walls</w>
  <w id="23" lemma="|of|" pos="IN" wid="23">of</w>
  <w id="24" lemma="|the|" pos="DT" wid="24">the</w>
  <w id="25" lemma="|Holy|" pos="NNP" wid="25">Holy</w>
  <w id="26" lemma="|House|" pos="NNP" wid="26">House</w>
  <w id="27" lemma="|.|" pos="." wid="27">.</w>
</sentence>
<sentence id="13">
  <w id="0" lemma="|pray|" pos="VB" wid="0">Pray</w>
  <w id="1" lemma="|to|" pos="TO" wid="1">to</w>
  <w id="2" lemma="|the|" pos="DT" wid="2">the</w>
  <w id="3" lemma="|Virgin|" pos="NNP" wid="3">Virgin</w>
  <w id="4" lemma="|Mary|" pos="NNP" wid="4">Mary</w>
  <w id="5" lemma="|that|" pos="IN" wid="5">that</w>
  <w id="6" lemma="|she|" pos="PRP" wid="6">she</w>
  <w id="7" lemma="|may|" pos="MD" wid="7">may</w>
  <w id="8" lemma="|obtain|" pos="VB" wid="8">obtain</w>
  <w id="9" lemma="|for|" pos="IN" wid="9">for</w>
  <w id="10" lemma="|you|" pos="PRP" wid="10">you</w>
  <w id="11" lemma="|the|" pos="DT" wid="11">the</w>
  <w id="12" lemma="|light|" pos="NN" wid="12">light</w>
  <w id="13" lemma="|and|" pos="CC" wid="13">and</w>
  <w id="14" lemma="|strength|" pos="NN" wid="14">strength</w>
  <w id="15" lemma="|of|" pos="IN" wid="15">of</w>
  <w id="16" lemma="|the|" pos="DT" wid="16">the</w>
  <w id="17" lemma="|Holy|" pos="NNP" wid="17">Holy</w>
  <w id="18" lemma="|Spirit|" pos="NNP" wid="18">Spirit</w>
  <w id="19" lemma="|,|" pos="," wid="19">,</w>
  <w id="20" lemma="|so|" pos="IN" wid="20">so</w>
  <w id="21" lemma="|that|" pos="IN" wid="21">that</w>
  <w id="22" lemma="|you|" pos="PRP" wid="22">you</w>
  <w id="23" lemma="|may|" pos="MD" wid="23">may</w>
  <w id="24" lemma="|respond|" pos="VB" wid="24">respond</w>
  <w id="25" lemma="|fully|" pos="RB" wid="25">fully</w>
  <w id="26" lemma="|and|" pos="CC" wid="26">and</w>
  <w id="27" lemma="|generously|" pos="RB" wid="27">generously</w>
  <w id="28" lemma="|to|" pos="TO" wid="28">to</w>
  <w id="29" lemma="|the|" pos="DT" wid="29">the</w>
  <w id="30" lemma="|voice|" pos="NN" wid="30">voice</w>
  <w id="31" lemma="|of|" pos="IN" wid="31">of</w>
  <w id="32" lemma="|God|" pos="NNP" wid="32">God</w>
  <w id="33" lemma="|.|" pos="." wid="33">.</w>
</sentence>
<sentence id="14">
  <w id="0" lemma="|you|" pos="PRP" wid="0">You</w>
  <w id="1" lemma="|will|" pos="MD" wid="1">will</w>
  <w id="2" lemma="|then|" pos="RB" wid="2">then</w>
  <w id="3" lemma="|become|" pos="VB" wid="3">become</w>
  <w id="4" lemma="|he|" pos="PRP$" wid="4">his</w>
  <w id="5" lemma="|true|" pos="JJ" wid="5">true</w>
  <w id="6" lemma="|witness|" pos="NNS" wid="6">witnesses</w>
  <w id="7" lemma="|in|" pos="IN" wid="7">in</w>
  <w id="8" lemma="|the|" pos="DT" wid="8">the</w>
  <w id="9" lemma="|``|" pos="``" wid="9">``</w>
  <w id="10" lemma="|square|" pos="NN" wid="10">square</w>
  <w id="11" lemma="|''|" pos="''" wid="11">''</w>
  <w id="12" lemma="|,|" pos="," wid="12">,</w>
  <w id="13" lemma="|in|" pos="IN" wid="13">in</w>
  <w id="14" lemma="|society|" pos="NN" wid="14">society</w>
  <w id="15" lemma="|,|" pos="," wid="15">,</w>
  <w id="16" lemma="|bearer|" pos="NNS" wid="16">bearers</w>
  <w id="17" lemma="|of|" pos="IN" wid="17">of</w>
  <w id="18" lemma="|a|" pos="DT" wid="18">a</w>
  <w id="19" lemma="|gospel|" pos="NN" wid="19">Gospel</w>
  <w id="20" lemma="|which|" pos="WDT" wid="20">which</w>
  <w id="21" lemma="|be|" pos="VBZ" wid="21">is</w>
  <w id="22" lemma="|not|" pos="RB" wid="22">not</w>
  <w id="23" lemma="|abstract|" pos="JJ" wid="23">abstract</w>
  <w id="24" lemma="|but|" pos="CC" wid="24">but</w>
  <w id="25" lemma="|incarnate|" pos="JJ" wid="25">incarnate</w>
  <w id="26" lemma="|in|" pos="IN" wid="26">in</w>
  <w id="27" lemma="|you|" pos="PRP$" wid="27">your</w>
  <w id="28" lemma="|life|" pos="NNS" wid="28">lives</w>
  <w id="29" lemma="|.|" pos="." wid="29">.</w>
</sentence>
</corpus>