<corpus id="0">
<sentence id="0">
  <w id="0" lemma="|Dear|" pos="NNP" wid="0">Dear</w>
  <w id="1" lemma="|Brothers|" pos="NNPS" wid="1">Brothers</w>
  <w id="2" lemma="|and|" pos="CC" wid="2">and</w>
  <w id="3" lemma="|sister|" pos="NNS" wid="3">Sisters</w>
  <w id="4" lemma="|,|" pos="," wid="4">,</w>
  <w id="5" lemma="|on|" pos="IN" wid="5">On</w>
  <w id="6" lemma="|this|" pos="DT" wid="6">this</w>
  <w id="7" lemma="|First|" pos="NNP" wid="7">First</w>
  <w id="8" lemma="|Sunday|" pos="NNP" wid="8">Sunday</w>
  <w id="9" lemma="|of|" pos="IN" wid="9">of</w>
  <w id="10" lemma="|Lent|" pos="NNP" wid="10">Lent</w>
  <w id="11" lemma="|we|" pos="PRP" wid="11">we</w>
  <w id="12" lemma="|meet|" pos="VBP" wid="12">meet</w>
  <w id="13" lemma="|Jesus|" pos="NNP" wid="13">Jesus</w>
  <w id="14" lemma="|who|" pos="WP" wid="14">who</w>
  <w id="15" lemma="|,|" pos="," wid="15">,</w>
  <w id="16" lemma="|after|" pos="IN" wid="16">after</w>
  <w id="17" lemma="|receive|" pos="VBG" wid="17">receiving</w>
  <w id="18" lemma="|Baptism|" pos="NNP" wid="18">Baptism</w>
  <w id="19" lemma="|from|" pos="IN" wid="19">from</w>
  <w id="20" lemma="|John|" pos="NNP" wid="20">John</w>
  <w id="21" lemma="|the|" pos="DT" wid="21">the</w>
  <w id="22" lemma="|Baptist|" pos="NNP" wid="22">Baptist</w>
  <w id="23" lemma="|in|" pos="IN" wid="23">in</w>
  <w id="24" lemma="|the|" pos="DT" wid="24">the</w>
  <w id="25" lemma="|River|" pos="NNP" wid="25">River</w>
  <w id="26" lemma="|Jordan|" pos="NNP" wid="26">Jordan</w>
  <w id="27" lemma="|-lrb-|" pos="-LRB-" wid="27">-LRB-</w>
  <w id="28" lemma="|cf|" pos="FW" wid="28">cf</w>
  <w id="29" lemma="|.|" pos="." wid="29">.</w>
</sentence>
<sentence id="1">
  <w id="0" lemma="|mk|" pos="NN" wid="0">Mk</w>
  <w id="1" lemma="|1:9|" pos="CD" wid="1">1:9</w>
  <w id="2" lemma="|-rrb-|" pos="-RRB-" wid="2">-RRB-</w>
  <w id="3" lemma="|,|" pos="," wid="3">,</w>
  <w id="4" lemma="|be|" pos="VBZ" wid="4">is</w>
  <w id="5" lemma="|subject|" pos="VBN" wid="5">subjected</w>
  <w id="6" lemma="|to|" pos="TO" wid="6">to</w>
  <w id="7" lemma="|temptation|" pos="NN" wid="7">temptation</w>
  <w id="8" lemma="|in|" pos="IN" wid="8">in</w>
  <w id="9" lemma="|the|" pos="DT" wid="9">the</w>
  <w id="10" lemma="|wilderness|" pos="NN" wid="10">wilderness</w>
  <w id="11" lemma="|-lrb-|" pos="-LRB-" wid="11">-LRB-</w>
  <w id="12" lemma="|cf|" pos="NN" wid="12">cf</w>
  <w id="13" lemma="|.|" pos="." wid="13">.</w>
</sentence>
<sentence id="2">
  <w id="0" lemma="|mk|" pos="NN" wid="0">Mk</w>
  <w id="1" lemma="|1:12|" pos="CD" wid="1">1:12</w>
  <w id="2" lemma="|-13|" pos="CD" wid="2">-13</w>
  <w id="3" lemma="|-rrb-|" pos="-RRB-" wid="3">-RRB-</w>
  <w id="4" lemma="|.|" pos="." wid="4">.</w>
</sentence>
<sentence id="3">
  <w id="0" lemma="|St|" pos="NNP" wid="0">St</w>
  <w id="1" lemma="|Mark|" pos="NNP" wid="1">Mark</w>
  <w id="2" lemma="|'s|" pos="POS" wid="2">'s</w>
  <w id="3" lemma="|concise|" pos="JJ" wid="3">concise</w>
  <w id="4" lemma="|narrative|" pos="NN" wid="4">narrative</w>
  <w id="5" lemma="|lack|" pos="VBZ" wid="5">lacks</w>
  <w id="6" lemma="|the|" pos="DT" wid="6">the</w>
  <w id="7" lemma="|detail|" pos="NNS" wid="7">details</w>
  <w id="8" lemma="|we|" pos="PRP" wid="8">we</w>
  <w id="9" lemma="|read|" pos="VBP" wid="9">read</w>
  <w id="10" lemma="|in|" pos="IN" wid="10">in</w>
  <w id="11" lemma="|the|" pos="DT" wid="11">the</w>
  <w id="12" lemma="|other|" pos="JJ" wid="12">other</w>
  <w id="13" lemma="|two|" pos="CD" wid="13">two</w>
  <w id="14" lemma="|Gospels|" pos="NNPS" wid="14">Gospels</w>
  <w id="15" lemma="|of|" pos="IN" wid="15">of</w>
  <w id="16" lemma="|Matthew|" pos="NNP" wid="16">Matthew</w>
  <w id="17" lemma="|and|" pos="CC" wid="17">and</w>
  <w id="18" lemma="|Luke|" pos="NNP" wid="18">Luke</w>
  <w id="19" lemma="|.|" pos="." wid="19">.</w>
</sentence>
<sentence id="4">
  <w id="0" lemma="|the|" pos="DT" wid="0">The</w>
  <w id="1" lemma="|wilderness|" pos="NN" wid="1">wilderness</w>
  <w id="2" lemma="|refer|" pos="VBD" wid="2">referred</w>
  <w id="3" lemma="|to|" pos="TO" wid="3">to</w>
  <w id="4" lemma="|have|" pos="VB" wid="4">has</w>
  <w id="5" lemma="|various|" pos="JJ" wid="5">various</w>
  <w id="6" lemma="|meaning|" pos="NNS" wid="6">meanings</w>
  <w id="7" lemma="|.|" pos="." wid="7">.</w>
</sentence>
<sentence id="5">
  <w id="0" lemma="|it|" pos="PRP" wid="0">It</w>
  <w id="1" lemma="|can|" pos="MD" wid="1">can</w>
  <w id="2" lemma="|indicate|" pos="VB" wid="2">indicate</w>
  <w id="3" lemma="|the|" pos="DT" wid="3">the</w>
  <w id="4" lemma="|state|" pos="NN" wid="4">state</w>
  <w id="5" lemma="|of|" pos="IN" wid="5">of</w>
  <w id="6" lemma="|abandonment|" pos="NN" wid="6">abandonment</w>
  <w id="7" lemma="|and|" pos="CC" wid="7">and</w>
  <w id="8" lemma="|loneliness|" pos="NN" wid="8">loneliness</w>
  <w id="9" lemma="|,|" pos="," wid="9">,</w>
  <w id="10" lemma="|the|" pos="DT" wid="10">the</w>
  <w id="11" lemma="|``|" pos="``" wid="11">``</w>
  <w id="12" lemma="|place|" pos="NN" wid="12">place</w>
  <w id="13" lemma="|''|" pos="''" wid="13">''</w>
  <w id="14" lemma="|of|" pos="IN" wid="14">of</w>
  <w id="15" lemma="|human|" pos="JJ" wid="15">human</w>
  <w id="16" lemma="|weakness|" pos="NN" wid="16">weakness</w>
  <w id="17" lemma="|,|" pos="," wid="17">,</w>
  <w id="18" lemma="|devoid|" pos="JJ" wid="18">devoid</w>
  <w id="19" lemma="|of|" pos="IN" wid="19">of</w>
  <w id="20" lemma="|support|" pos="NN" wid="20">support</w>
  <w id="21" lemma="|and|" pos="CC" wid="21">and</w>
  <w id="22" lemma="|safety|" pos="NN" wid="22">safety</w>
  <w id="23" lemma="|,|" pos="," wid="23">,</w>
  <w id="24" lemma="|where|" pos="WRB" wid="24">where</w>
  <w id="25" lemma="|temptation|" pos="NN" wid="25">temptation</w>
  <w id="26" lemma="|grow|" pos="VBZ" wid="26">grows</w>
  <w id="27" lemma="|stronger|" pos="JJR" wid="27">stronger</w>
  <w id="28" lemma="|.|" pos="." wid="28">.</w>
</sentence>
<sentence id="6">
  <w id="0" lemma="|however|" pos="RB" wid="0">However</w>
  <w id="1" lemma="|,|" pos="," wid="1">,</w>
  <w id="2" lemma="|it|" pos="PRP" wid="2">it</w>
  <w id="3" lemma="|can|" pos="MD" wid="3">can</w>
  <w id="4" lemma="|also|" pos="RB" wid="4">also</w>
  <w id="5" lemma="|indicate|" pos="VB" wid="5">indicate</w>
  <w id="6" lemma="|a|" pos="DT" wid="6">a</w>
  <w id="7" lemma="|place|" pos="NN" wid="7">place</w>
  <w id="8" lemma="|of|" pos="IN" wid="8">of</w>
  <w id="9" lemma="|refuge|" pos="NN" wid="9">refuge</w>
  <w id="10" lemma="|and|" pos="CC" wid="10">and</w>
  <w id="11" lemma="|shelter|" pos="NN" wid="11">shelter</w>
  <w id="12" lemma="|--|" pos=":" wid="12">--</w>
  <w id="13" lemma="|as|" pos="IN" wid="13">as</w>
  <w id="14" lemma="|it|" pos="PRP" wid="14">it</w>
  <w id="15" lemma="|be|" pos="VBD" wid="15">was</w>
  <w id="16" lemma="|for|" pos="IN" wid="16">for</w>
  <w id="17" lemma="|the|" pos="DT" wid="17">the</w>
  <w id="18" lemma="|People|" pos="NNP" wid="18">People</w>
  <w id="19" lemma="|of|" pos="IN" wid="19">of</w>
  <w id="20" lemma="|Israel|" pos="NNP" wid="20">Israel</w>
  <w id="21" lemma="|who|" pos="WP" wid="21">who</w>
  <w id="22" lemma="|have|" pos="VBD" wid="22">had</w>
  <w id="23" lemma="|escape|" pos="VBN" wid="23">escaped</w>
  <w id="24" lemma="|from|" pos="IN" wid="24">from</w>
  <w id="25" lemma="|slavery|" pos="NN" wid="25">slavery</w>
  <w id="26" lemma="|in|" pos="IN" wid="26">in</w>
  <w id="27" lemma="|Egypt|" pos="NNP" wid="27">Egypt</w>
  <w id="28" lemma="|--|" pos=":" wid="28">--</w>
  <w id="29" lemma="|where|" pos="WRB" wid="29">where</w>
  <w id="30" lemma="|it|" pos="PRP" wid="30">it</w>
  <w id="31" lemma="|be|" pos="VBZ" wid="31">is</w>
  <w id="32" lemma="|possible|" pos="JJ" wid="32">possible</w>
  <w id="33" lemma="|to|" pos="TO" wid="33">to</w>
  <w id="34" lemma="|experience|" pos="VB" wid="34">experience</w>
  <w id="35" lemma="|God|" pos="NNP" wid="35">God</w>
  <w id="36" lemma="|'s|" pos="POS" wid="36">'s</w>
  <w id="37" lemma="|presence|" pos="NN" wid="37">presence</w>
  <w id="38" lemma="|in|" pos="IN" wid="38">in</w>
  <w id="39" lemma="|a|" pos="DT" wid="39">a</w>
  <w id="40" lemma="|special|" pos="JJ" wid="40">special</w>
  <w id="41" lemma="|way|" pos="NN" wid="41">way</w>
  <w id="42" lemma="|.|" pos="." wid="42">.</w>
</sentence>
<sentence id="7">
  <w id="0" lemma="|Jesus|" pos="NNP" wid="0">Jesus</w>
  <w id="1" lemma="|``|" pos="``" wid="1">``</w>
  <w id="2" lemma="|be|" pos="VBD" wid="2">was</w>
  <w id="3" lemma="|in|" pos="IN" wid="3">in</w>
  <w id="4" lemma="|the|" pos="DT" wid="4">the</w>
  <w id="5" lemma="|wilderness|" pos="NN" wid="5">wilderness</w>
  <w id="6" lemma="|forty|" pos="CD" wid="6">forty</w>
  <w id="7" lemma="|day|" pos="NNS" wid="7">days</w>
  <w id="8" lemma="|,|" pos="," wid="8">,</w>
  <w id="9" lemma="|tempt|" pos="VBN" wid="9">tempted</w>
  <w id="10" lemma="|by|" pos="IN" wid="10">by</w>
  <w id="11" lemma="|Satan|" pos="NNP" wid="11">Satan</w>
  <w id="12" lemma="|''|" pos="''" wid="12">''</w>
  <w id="13" lemma="|-lrb-|" pos="-LRB-" wid="13">-LRB-</w>
  <w id="14" lemma="|mk|" pos="NN" wid="14">Mk</w>
  <w id="15" lemma="|1:13|" pos="CD" wid="15">1:13</w>
  <w id="16" lemma="|-rrb-|" pos="-RRB-" wid="16">-RRB-</w>
  <w id="17" lemma="|.|" pos="." wid="17">.</w>
</sentence>
<sentence id="8">
  <w id="0" lemma="|St|" pos="NNP" wid="0">St</w>
  <w id="1" lemma="|Leo|" pos="NNP" wid="1">Leo</w>
  <w id="2" lemma="|the|" pos="DT" wid="2">the</w>
  <w id="3" lemma="|great|" pos="JJ" wid="3">Great</w>
  <w id="4" lemma="|comment|" pos="NNS" wid="4">comments</w>
  <w id="5" lemma="|that|" pos="IN" wid="5">that</w>
  <w id="6" lemma="|``|" pos="``" wid="6">``</w>
  <w id="7" lemma="|the|" pos="DT" wid="7">The</w>
  <w id="8" lemma="|Lord|" pos="NNP" wid="8">Lord</w>
  <w id="9" lemma="|want|" pos="VBD" wid="9">wanted</w>
  <w id="10" lemma="|to|" pos="TO" wid="10">to</w>
  <w id="11" lemma="|suffer|" pos="VB" wid="11">suffer</w>
  <w id="12" lemma="|the|" pos="DT" wid="12">the</w>
  <w id="13" lemma="|attack|" pos="NN" wid="13">attack</w>
  <w id="14" lemma="|of|" pos="IN" wid="14">of</w>
  <w id="15" lemma="|the|" pos="DT" wid="15">the</w>
  <w id="16" lemma="|tempter|" pos="NN" wid="16">tempter</w>
  <w id="17" lemma="|in|" pos="IN" wid="17">in</w>
  <w id="18" lemma="|order|" pos="NN" wid="18">order</w>
  <w id="19" lemma="|to|" pos="TO" wid="19">to</w>
  <w id="20" lemma="|defend|" pos="VB" wid="20">defend</w>
  <w id="21" lemma="|we|" pos="PRP" wid="21">us</w>
  <w id="22" lemma="|with|" pos="IN" wid="22">with</w>
  <w id="23" lemma="|he|" pos="PRP$" wid="23">his</w>
  <w id="24" lemma="|help|" pos="NN" wid="24">help</w>
  <w id="25" lemma="|and|" pos="CC" wid="25">and</w>
  <w id="26" lemma="|to|" pos="TO" wid="26">to</w>
  <w id="27" lemma="|instruct|" pos="VB" wid="27">instruct</w>
  <w id="28" lemma="|we|" pos="PRP" wid="28">us</w>
  <w id="29" lemma="|with|" pos="IN" wid="29">with</w>
  <w id="30" lemma="|he|" pos="PRP$" wid="30">his</w>
  <w id="31" lemma="|example|" pos="NN" wid="31">example</w>
  <w id="32" lemma="|-lrb-|" pos="-LRB-" wid="32">-LRB-</w>
  <w id="33" lemma="|Tractatus|" pos="NNP" wid="33">Tractatus</w>
  <w id="34" lemma="|XXXIX|" pos="NNP" wid="34">XXXIX</w>
  <w id="35" lemma="|,|" pos="," wid="35">,</w>
  <w id="36" lemma="|3|" pos="CD" wid="36">3</w>
  <w id="37" lemma="|De|" pos="NNP" wid="37">De</w>
  <w id="38" lemma="|ieiunio|" pos="NN" wid="38">ieiunio</w>
  <w id="39" lemma="|quadragesimae|" pos="NN" wid="39">quadragesimae</w>
  <w id="40" lemma="|:|" pos=":" wid="40">:</w>
  <w id="41" lemma="|CCL|" pos="NNP" wid="41">CCL</w>
  <w id="42" lemma="|138/A|" pos="NNP" wid="42">138/A</w>
  <w id="43" lemma="|,|" pos="," wid="43">,</w>
  <w id="44" lemma="|Turnholti|" pos="NNP" wid="44">Turnholti</w>
  <w id="45" lemma="|1973|" pos="CD" wid="45">1973</w>
  <w id="46" lemma="|,|" pos="," wid="46">,</w>
  <w id="47" lemma="|214-215|" pos="CD" wid="47">214-215</w>
  <w id="48" lemma="|-rrb-|" pos="-RRB-" wid="48">-RRB-</w>
  <w id="49" lemma="|.|" pos="." wid="49">.</w>
</sentence>
<sentence id="9">
  <w id="0" lemma="|what|" pos="WP" wid="0">What</w>
  <w id="1" lemma="|can|" pos="MD" wid="1">can</w>
  <w id="2" lemma="|this|" pos="DT" wid="2">this</w>
  <w id="3" lemma="|episode|" pos="NN" wid="3">episode</w>
  <w id="4" lemma="|teach|" pos="VB" wid="4">teach</w>
  <w id="5" lemma="|we|" pos="PRP" wid="5">us</w>
  <w id="6" lemma="|?|" pos="." wid="6">?</w>
</sentence>
<sentence id="10">
  <w id="0" lemma="|as|" pos="IN" wid="0">As</w>
  <w id="1" lemma="|we|" pos="PRP" wid="1">we</w>
  <w id="2" lemma="|read|" pos="VBP" wid="2">read</w>
  <w id="3" lemma="|in|" pos="IN" wid="3">in</w>
  <w id="4" lemma="|the|" pos="DT" wid="4">the</w>
  <w id="5" lemma="|book|" pos="NN" wid="5">book</w>
  <w id="6" lemma="|the|" pos="DT" wid="6">The</w>
  <w id="7" lemma="|imitation|" pos="NN" wid="7">Imitation</w>
  <w id="8" lemma="|of|" pos="IN" wid="8">of</w>
  <w id="9" lemma="|Christ|" pos="NNP" wid="9">Christ</w>
  <w id="10" lemma="|,|" pos="," wid="10">,</w>
  <w id="11" lemma="|``|" pos="``" wid="11">``</w>
  <w id="12" lemma="|there|" pos="EX" wid="12">There</w>
  <w id="13" lemma="|be|" pos="VBZ" wid="13">is</w>
  <w id="14" lemma="|no|" pos="DT" wid="14">no</w>
  <w id="15" lemma="|man|" pos="NN" wid="15">man</w>
  <w id="16" lemma="|wholly|" pos="RB" wid="16">wholly</w>
  <w id="17" lemma="|free|" pos="JJ" wid="17">free</w>
  <w id="18" lemma="|from|" pos="IN" wid="18">from</w>
  <w id="19" lemma="|temptation|" pos="NNS" wid="19">temptations</w>
  <w id="20" lemma="|so|" pos="RB" wid="20">so</w>
  <w id="21" lemma="|long|" pos="RB" wid="21">long</w>
  <w id="22" lemma="|as|" pos="IN" wid="22">as</w>
  <w id="23" lemma="|he|" pos="PRP" wid="23">he</w>
  <w id="24" lemma="|live|" pos="VBZ" wid="24">lives</w>
  <w id="25" lemma="|...|" pos=":" wid="25">...</w>
  <w id="26" lemma="|but|" pos="CC" wid="26">but</w>
  <w id="27" lemma="|by|" pos="IN" wid="27">by</w>
  <w id="28" lemma="|endurance|" pos="JJ" wid="28">endurance</w>
  <w id="29" lemma="|and|" pos="CC" wid="29">and</w>
  <w id="30" lemma="|true|" pos="JJ" wid="30">true</w>
  <w id="31" lemma="|humility|" pos="NN" wid="31">humility</w>
  <w id="32" lemma="|we|" pos="PRP" wid="32">we</w>
  <w id="33" lemma="|be|" pos="VBP" wid="33">are</w>
  <w id="34" lemma="|make|" pos="VBN" wid="34">made</w>
  <w id="35" lemma="|stronger|" pos="JJR" wid="35">stronger</w>
  <w id="36" lemma="|than|" pos="IN" wid="36">than</w>
  <w id="37" lemma="|all|" pos="DT" wid="37">all</w>
  <w id="38" lemma="|we|" pos="PRP$" wid="38">our</w>
  <w id="39" lemma="|enemy|" pos="NNS" wid="39">enemies</w>
  <w id="40" lemma="|''|" pos="''" wid="40">''</w>
  <w id="41" lemma="|-lrb-|" pos="-LRB-" wid="41">-LRB-</w>
  <w id="42" lemma="|Liber|" pos="NNP" wid="42">Liber</w>
  <w id="43" lemma="|I|" pos="NNP" wid="43">I</w>
  <w id="44" lemma="|,|" pos="," wid="44">,</w>
  <w id="45" lemma="|C.|" pos="NNP" wid="45">C.</w>
  <w id="46" lemma="|XIII|" pos="NNP" wid="46">XIII</w>
  <w id="47" lemma="|,|" pos="," wid="47">,</w>
  <w id="48" lemma="|Vatican|" pos="NNP" wid="48">Vatican</w>
  <w id="49" lemma="|City|" pos="NNP" wid="49">City</w>
  <w id="50" lemma="|1982|" pos="CD" wid="50">1982</w>
  <w id="51" lemma="|,|" pos="," wid="51">,</w>
  <w id="52" lemma="|37|" pos="CD" wid="52">37</w>
  <w id="53" lemma="|-rrb-|" pos="-RRB-" wid="53">-RRB-</w>
  <w id="54" lemma="|,|" pos="," wid="54">,</w>
  <w id="55" lemma="|endurance|" pos="JJ" wid="55">endurance</w>
  <w id="56" lemma="|and|" pos="CC" wid="56">and</w>
  <w id="57" lemma="|the|" pos="DT" wid="57">the</w>
  <w id="58" lemma="|humility|" pos="NN" wid="58">humility</w>
  <w id="59" lemma="|of|" pos="IN" wid="59">of</w>
  <w id="60" lemma="|follow|" pos="VBG" wid="60">following</w>
  <w id="61" lemma="|the|" pos="DT" wid="61">the</w>
  <w id="62" lemma="|Lord|" pos="NNP" wid="62">Lord</w>
  <w id="63" lemma="|every|" pos="DT" wid="63">every</w>
  <w id="64" lemma="|day|" pos="NN" wid="64">day</w>
  <w id="65" lemma="|,|" pos="," wid="65">,</w>
  <w id="66" lemma="|learn|" pos="VBG" wid="66">learning</w>
  <w id="67" lemma="|not|" pos="RB" wid="67">not</w>
  <w id="68" lemma="|to|" pos="TO" wid="68">to</w>
  <w id="69" lemma="|build|" pos="VB" wid="69">build</w>
  <w id="70" lemma="|we|" pos="PRP$" wid="70">our</w>
  <w id="71" lemma="|life|" pos="NNS" wid="71">lives</w>
  <w id="72" lemma="|outside|" pos="IN" wid="72">outside</w>
  <w id="73" lemma="|he|" pos="PRP" wid="73">him</w>
  <w id="74" lemma="|or|" pos="CC" wid="74">or</w>
  <w id="75" lemma="|as|" pos="IN" wid="75">as</w>
  <w id="76" lemma="|though|" pos="IN" wid="76">though</w>
  <w id="77" lemma="|he|" pos="PRP" wid="77">he</w>
  <w id="78" lemma="|do|" pos="VBD" wid="78">did</w>
  <w id="79" lemma="|not|" pos="RB" wid="79">not</w>
  <w id="80" lemma="|exist|" pos="VB" wid="80">exist</w>
  <w id="81" lemma="|,|" pos="," wid="81">,</w>
  <w id="82" lemma="|but|" pos="CC" wid="82">but</w>
  <w id="83" lemma="|in|" pos="IN" wid="83">in</w>
  <w id="84" lemma="|he|" pos="PRP" wid="84">him</w>
  <w id="85" lemma="|and|" pos="CC" wid="85">and</w>
  <w id="86" lemma="|with|" pos="IN" wid="86">with</w>
  <w id="87" lemma="|he|" pos="PRP" wid="87">him</w>
  <w id="88" lemma="|,|" pos="," wid="88">,</w>
  <w id="89" lemma="|for|" pos="IN" wid="89">for</w>
  <w id="90" lemma="|he|" pos="PRP" wid="90">he</w>
  <w id="91" lemma="|be|" pos="VBZ" wid="91">is</w>
  <w id="92" lemma="|the|" pos="DT" wid="92">the</w>
  <w id="93" lemma="|source|" pos="NN" wid="93">source</w>
  <w id="94" lemma="|of|" pos="IN" wid="94">of</w>
  <w id="95" lemma="|true|" pos="JJ" wid="95">true</w>
  <w id="96" lemma="|life|" pos="NN" wid="96">life</w>
  <w id="97" lemma="|.|" pos="." wid="97">.</w>
</sentence>
<sentence id="11">
  <w id="0" lemma="|the|" pos="DT" wid="0">The</w>
  <w id="1" lemma="|temptation|" pos="NN" wid="1">temptation</w>
  <w id="2" lemma="|to|" pos="TO" wid="2">to</w>
  <w id="3" lemma="|remove|" pos="VB" wid="3">remove</w>
  <w id="4" lemma="|God|" pos="NNP" wid="4">God</w>
  <w id="5" lemma="|,|" pos="," wid="5">,</w>
  <w id="6" lemma="|to|" pos="TO" wid="6">to</w>
  <w id="7" lemma="|arrange|" pos="VB" wid="7">arrange</w>
  <w id="8" lemma="|thing|" pos="NNS" wid="8">things</w>
  <w id="9" lemma="|within|" pos="IN" wid="9">within</w>
  <w id="10" lemma="|we|" pos="PRP" wid="10">us</w>
  <w id="11" lemma="|and|" pos="CC" wid="11">and</w>
  <w id="12" lemma="|in|" pos="IN" wid="12">in</w>
  <w id="13" lemma="|the|" pos="DT" wid="13">the</w>
  <w id="14" lemma="|world|" pos="NN" wid="14">world</w>
  <w id="15" lemma="|by|" pos="IN" wid="15">by</w>
  <w id="16" lemma="|ourselves|" pos="PRP" wid="16">ourselves</w>
  <w id="17" lemma="|,|" pos="," wid="17">,</w>
  <w id="18" lemma="|rely|" pos="VBG" wid="18">relying</w>
  <w id="19" lemma="|on|" pos="IN" wid="19">on</w>
  <w id="20" lemma="|we|" pos="PRP$" wid="20">our</w>
  <w id="21" lemma="|own|" pos="JJ" wid="21">own</w>
  <w id="22" lemma="|ability|" pos="NNS" wid="22">abilities</w>
  <w id="23" lemma="|,|" pos="," wid="23">,</w>
  <w id="24" lemma="|have|" pos="VBZ" wid="24">has</w>
  <w id="25" lemma="|always|" pos="RB" wid="25">always</w>
  <w id="26" lemma="|be|" pos="VBN" wid="26">been</w>
  <w id="27" lemma="|present|" pos="JJ" wid="27">present</w>
  <w id="28" lemma="|in|" pos="IN" wid="28">in</w>
  <w id="29" lemma="|human|" pos="JJ" wid="29">human</w>
  <w id="30" lemma="|history|" pos="NN" wid="30">history</w>
  <w id="31" lemma="|.|" pos="." wid="31">.</w>
</sentence>
<sentence id="12">
  <w id="0" lemma="|Jesus|" pos="NNP" wid="0">Jesus</w>
  <w id="1" lemma="|proclaim|" pos="VBZ" wid="1">proclaims</w>
  <w id="2" lemma="|that|" pos="IN" wid="2">that</w>
  <w id="3" lemma="|``|" pos="``" wid="3">``</w>
  <w id="4" lemma="|the|" pos="DT" wid="4">the</w>
  <w id="5" lemma="|time|" pos="NN" wid="5">time</w>
  <w id="6" lemma="|be|" pos="VBZ" wid="6">is</w>
  <w id="7" lemma="|fulfil|" pos="VBN" wid="7">fulfilled</w>
  <w id="8" lemma="|and|" pos="CC" wid="8">and</w>
  <w id="9" lemma="|the|" pos="DT" wid="9">the</w>
  <w id="10" lemma="|kingdom|" pos="NN" wid="10">kingdom</w>
  <w id="11" lemma="|of|" pos="IN" wid="11">of</w>
  <w id="12" lemma="|God|" pos="NNP" wid="12">God</w>
  <w id="13" lemma="|be|" pos="VBZ" wid="13">is</w>
  <w id="14" lemma="|at|" pos="IN" wid="14">at</w>
  <w id="15" lemma="|hand|" pos="NN" wid="15">hand</w>
  <w id="16" lemma="|''|" pos="''" wid="16">''</w>
  <w id="17" lemma="|-lrb-|" pos="-LRB-" wid="17">-LRB-</w>
  <w id="18" lemma="|mk|" pos="NN" wid="18">Mk</w>
  <w id="19" lemma="|1:15|" pos="CD" wid="19">1:15</w>
  <w id="20" lemma="|-rrb-|" pos="-RRB-" wid="20">-RRB-</w>
  <w id="21" lemma="|,|" pos="," wid="21">,</w>
  <w id="22" lemma="|he|" pos="PRP" wid="22">he</w>
  <w id="23" lemma="|announce|" pos="VBZ" wid="23">announces</w>
  <w id="24" lemma="|that|" pos="IN" wid="24">that</w>
  <w id="25" lemma="|in|" pos="IN" wid="25">in</w>
  <w id="26" lemma="|he|" pos="PRP" wid="26">him</w>
  <w id="27" lemma="|something|" pos="NN" wid="27">something</w>
  <w id="28" lemma="|new|" pos="JJ" wid="28">new</w>
  <w id="29" lemma="|happen|" pos="VBZ" wid="29">happens</w>
  <w id="30" lemma="|:|" pos=":" wid="30">:</w>
  <w id="31" lemma="|God|" pos="NNP" wid="31">God</w>
  <w id="32" lemma="|turn|" pos="VBZ" wid="32">turns</w>
  <w id="33" lemma="|to|" pos="TO" wid="33">to</w>
  <w id="34" lemma="|the|" pos="DT" wid="34">the</w>
  <w id="35" lemma="|human|" pos="JJ" wid="35">human</w>
  <w id="36" lemma="|being|" pos="NN" wid="36">being</w>
  <w id="37" lemma="|in|" pos="IN" wid="37">in</w>
  <w id="38" lemma="|a|" pos="DT" wid="38">an</w>
  <w id="39" lemma="|unexpected|" pos="JJ" wid="39">unexpected</w>
  <w id="40" lemma="|way|" pos="NN" wid="40">way</w>
  <w id="41" lemma="|,|" pos="," wid="41">,</w>
  <w id="42" lemma="|with|" pos="IN" wid="42">with</w>
  <w id="43" lemma="|a|" pos="DT" wid="43">a</w>
  <w id="44" lemma="|unique|" pos="JJ" wid="44">unique</w>
  <w id="45" lemma="|,|" pos="," wid="45">,</w>
  <w id="46" lemma="|tangible|" pos="JJ" wid="46">tangible</w>
  <w id="47" lemma="|closeness|" pos="NN" wid="47">closeness</w>
  <w id="48" lemma="|,|" pos="," wid="48">,</w>
  <w id="49" lemma="|full|" pos="JJ" wid="49">full</w>
  <w id="50" lemma="|of|" pos="IN" wid="50">of</w>
  <w id="51" lemma="|love|" pos="NN" wid="51">love</w>
  <w id="52" lemma="|;|" pos=":" wid="52">;</w>
  <w id="53" lemma="|God|" pos="NNP" wid="53">God</w>
  <w id="54" lemma="|be|" pos="VBZ" wid="54">is</w>
  <w id="55" lemma="|incarnate|" pos="NN" wid="55">incarnate</w>
  <w id="56" lemma="|and|" pos="CC" wid="56">and</w>
  <w id="57" lemma="|enter|" pos="VBZ" wid="57">enters</w>
  <w id="58" lemma="|the|" pos="DT" wid="58">the</w>
  <w id="59" lemma="|human|" pos="JJ" wid="59">human</w>
  <w id="60" lemma="|world|" pos="NN" wid="60">world</w>
  <w id="61" lemma="|to|" pos="TO" wid="61">to</w>
  <w id="62" lemma="|take|" pos="VB" wid="62">take</w>
  <w id="63" lemma="|sin|" pos="NN" wid="63">sin</w>
  <w id="64" lemma="|upon|" pos="IN" wid="64">upon</w>
  <w id="65" lemma="|himself|" pos="PRP" wid="65">himself</w>
  <w id="66" lemma="|,|" pos="," wid="66">,</w>
  <w id="67" lemma="|to|" pos="TO" wid="67">to</w>
  <w id="68" lemma="|conquer|" pos="VB" wid="68">conquer</w>
  <w id="69" lemma="|evil|" pos="NN" wid="69">evil</w>
  <w id="70" lemma="|and|" pos="CC" wid="70">and</w>
  <w id="71" lemma="|usher|" pos="NN" wid="71">usher</w>
  <w id="72" lemma="|man|" pos="NNS" wid="72">men</w>
  <w id="73" lemma="|and|" pos="CC" wid="73">and</w>
  <w id="74" lemma="|woman|" pos="NNS" wid="74">women</w>
  <w id="75" lemma="|into|" pos="IN" wid="75">into</w>
  <w id="76" lemma="|the|" pos="DT" wid="76">the</w>
  <w id="77" lemma="|world|" pos="NN" wid="77">world</w>
  <w id="78" lemma="|of|" pos="IN" wid="78">of</w>
  <w id="79" lemma="|God|" pos="NNP" wid="79">God</w>
  <w id="80" lemma="|.|" pos="." wid="80">.</w>
</sentence>
<sentence id="13">
  <w id="0" lemma="|however|" pos="RB" wid="0">However</w>
  <w id="1" lemma="|,|" pos="," wid="1">,</w>
  <w id="2" lemma="|this|" pos="DT" wid="2">this</w>
  <w id="3" lemma="|proclamation|" pos="NN" wid="3">proclamation</w>
  <w id="4" lemma="|be|" pos="VBZ" wid="4">is</w>
  <w id="5" lemma="|accompany|" pos="VBN" wid="5">accompanied</w>
  <w id="6" lemma="|by|" pos="IN" wid="6">by</w>
  <w id="7" lemma="|the|" pos="DT" wid="7">the</w>
  <w id="8" lemma="|request|" pos="NN" wid="8">request</w>
  <w id="9" lemma="|to|" pos="TO" wid="9">to</w>
  <w id="10" lemma="|measure|" pos="VB" wid="10">measure</w>
  <w id="11" lemma="|up|" pos="RP" wid="11">up</w>
  <w id="12" lemma="|to|" pos="TO" wid="12">to</w>
  <w id="13" lemma="|such|" pos="PDT" wid="13">such</w>
  <w id="14" lemma="|a|" pos="DT" wid="14">a</w>
  <w id="15" lemma="|great|" pos="JJ" wid="15">great</w>
  <w id="16" lemma="|gift|" pos="NN" wid="16">gift</w>
  <w id="17" lemma="|.|" pos="." wid="17">.</w>
</sentence>
<sentence id="14">
  <w id="0" lemma="|in|" pos="IN" wid="0">In</w>
  <w id="1" lemma="|fact|" pos="NN" wid="1">fact</w>
  <w id="2" lemma="|Jesus|" pos="NNP" wid="2">Jesus</w>
  <w id="3" lemma="|add|" pos="VBZ" wid="3">adds</w>
  <w id="4" lemma="|:|" pos=":" wid="4">:</w>
  <w id="5" lemma="|``|" pos="``" wid="5">``</w>
  <w id="6" lemma="|repent|" pos="JJ" wid="6">Repent</w>
  <w id="7" lemma="|,|" pos="," wid="7">,</w>
  <w id="8" lemma="|and|" pos="CC" wid="8">and</w>
  <w id="9" lemma="|believe|" pos="VB" wid="9">believe</w>
  <w id="10" lemma="|in|" pos="IN" wid="10">in</w>
  <w id="11" lemma="|the|" pos="DT" wid="11">the</w>
  <w id="12" lemma="|Gospel|" pos="NNP" wid="12">Gospel</w>
  <w id="13" lemma="|''|" pos="''" wid="13">''</w>
  <w id="14" lemma="|-lrb-|" pos="-LRB-" wid="14">-LRB-</w>
  <w id="15" lemma="|mk|" pos="NN" wid="15">Mk</w>
  <w id="16" lemma="|1:15|" pos="CD" wid="16">1:15</w>
  <w id="17" lemma="|-rrb-|" pos="-RRB-" wid="17">-RRB-</w>
  <w id="18" lemma="|.|" pos="." wid="18">.</w>
</sentence>
<sentence id="15">
  <w id="0" lemma="|it|" pos="PRP" wid="0">It</w>
  <w id="1" lemma="|be|" pos="VBZ" wid="1">is</w>
  <w id="2" lemma="|a|" pos="DT" wid="2">an</w>
  <w id="3" lemma="|invitation|" pos="NN" wid="3">invitation</w>
  <w id="4" lemma="|to|" pos="TO" wid="4">to</w>
  <w id="5" lemma="|have|" pos="VB" wid="5">have</w>
  <w id="6" lemma="|faith|" pos="NN" wid="6">faith</w>
  <w id="7" lemma="|in|" pos="IN" wid="7">in</w>
  <w id="8" lemma="|God|" pos="NNP" wid="8">God</w>
  <w id="9" lemma="|and|" pos="CC" wid="9">and</w>
  <w id="10" lemma="|to|" pos="TO" wid="10">to</w>
  <w id="11" lemma="|convert|" pos="VB" wid="11">convert</w>
  <w id="12" lemma="|all|" pos="PDT" wid="12">all</w>
  <w id="13" lemma="|we|" pos="PRP$" wid="13">our</w>
  <w id="14" lemma="|action|" pos="NNS" wid="14">actions</w>
  <w id="15" lemma="|and|" pos="CC" wid="15">and</w>
  <w id="16" lemma="|thought|" pos="NNS" wid="16">thoughts</w>
  <w id="17" lemma="|to|" pos="TO" wid="17">to</w>
  <w id="18" lemma="|goodness|" pos="NN" wid="18">goodness</w>
  <w id="19" lemma="|,|" pos="," wid="19">,</w>
  <w id="20" lemma="|every|" pos="DT" wid="20">every</w>
  <w id="21" lemma="|day|" pos="NN" wid="21">day</w>
  <w id="22" lemma="|.|" pos="." wid="22">.</w>
</sentence>
<sentence id="16">
  <w id="0" lemma="|the|" pos="DT" wid="0">The</w>
  <w id="1" lemma="|season|" pos="NN" wid="1">season</w>
  <w id="2" lemma="|of|" pos="IN" wid="2">of</w>
  <w id="3" lemma="|Lent|" pos="NNP" wid="3">Lent</w>
  <w id="4" lemma="|be|" pos="VBZ" wid="4">is</w>
  <w id="5" lemma="|a|" pos="DT" wid="5">a</w>
  <w id="6" lemma="|favourable|" pos="JJ" wid="6">favourable</w>
  <w id="7" lemma="|moment|" pos="NN" wid="7">moment</w>
  <w id="8" lemma="|for|" pos="IN" wid="8">for</w>
  <w id="9" lemma="|renew|" pos="VBG" wid="9">renewing</w>
  <w id="10" lemma="|and|" pos="CC" wid="10">and</w>
  <w id="11" lemma="|reinforce|" pos="VBG" wid="11">reinforcing</w>
  <w id="12" lemma="|we|" pos="PRP$" wid="12">our</w>
  <w id="13" lemma="|relationship|" pos="NN" wid="13">relationship</w>
  <w id="14" lemma="|with|" pos="IN" wid="14">with</w>
  <w id="15" lemma="|God|" pos="NNP" wid="15">God</w>
  <w id="16" lemma="|,|" pos="," wid="16">,</w>
  <w id="17" lemma="|through|" pos="IN" wid="17">through</w>
  <w id="18" lemma="|daily|" pos="JJ" wid="18">daily</w>
  <w id="19" lemma="|prayer|" pos="NN" wid="19">prayer</w>
  <w id="20" lemma="|,|" pos="," wid="20">,</w>
  <w id="21" lemma="|act|" pos="VBZ" wid="21">acts</w>
  <w id="22" lemma="|of|" pos="IN" wid="22">of</w>
  <w id="23" lemma="|penance|" pos="NN" wid="23">penance</w>
  <w id="24" lemma="|and|" pos="CC" wid="24">and</w>
  <w id="25" lemma="|work|" pos="NNS" wid="25">works</w>
  <w id="26" lemma="|of|" pos="IN" wid="26">of</w>
  <w id="27" lemma="|brotherly|" pos="JJ" wid="27">brotherly</w>
  <w id="28" lemma="|charity|" pos="NN" wid="28">charity</w>
  <w id="29" lemma="|.|" pos="." wid="29">.</w>
</sentence>
<sentence id="17">
  <w id="0" lemma="|let|" pos="VB" wid="0">Let</w>
  <w id="1" lemma="|we|" pos="PRP" wid="1">us</w>
  <w id="2" lemma="|fervently|" pos="RB" wid="2">fervently</w>
  <w id="3" lemma="|beg|" pos="VBP" wid="3">beg</w>
  <w id="4" lemma="|Mary|" pos="NNP" wid="4">Mary</w>
  <w id="5" lemma="|Most|" pos="NNP" wid="5">Most</w>
  <w id="6" lemma="|Holy|" pos="NNP" wid="6">Holy</w>
  <w id="7" lemma="|to|" pos="TO" wid="7">to</w>
  <w id="8" lemma="|accompany|" pos="VB" wid="8">accompany</w>
  <w id="9" lemma="|we|" pos="PRP" wid="9">us</w>
  <w id="10" lemma="|on|" pos="IN" wid="10">on</w>
  <w id="11" lemma="|we|" pos="PRP$" wid="11">our</w>
  <w id="12" lemma="|Lenten|" pos="NNP" wid="12">Lenten</w>
  <w id="13" lemma="|journey|" pos="NN" wid="13">journey</w>
  <w id="14" lemma="|with|" pos="IN" wid="14">with</w>
  <w id="15" lemma="|she|" pos="PRP$" wid="15">her</w>
  <w id="16" lemma="|protection|" pos="NN" wid="16">protection</w>
  <w id="17" lemma="|and|" pos="CC" wid="17">and</w>
  <w id="18" lemma="|to|" pos="TO" wid="18">to</w>
  <w id="19" lemma="|help|" pos="VB" wid="19">help</w>
  <w id="20" lemma="|we|" pos="PRP" wid="20">us</w>
  <w id="21" lemma="|to|" pos="TO" wid="21">to</w>
  <w id="22" lemma="|impress|" pos="VB" wid="22">impress</w>
  <w id="23" lemma="|the|" pos="DT" wid="23">the</w>
  <w id="24" lemma="|word|" pos="NNS" wid="24">words</w>
  <w id="25" lemma="|of|" pos="IN" wid="25">of</w>
  <w id="26" lemma="|Jesus|" pos="NNP" wid="26">Jesus</w>
  <w id="27" lemma="|Christ|" pos="NNP" wid="27">Christ</w>
  <w id="28" lemma="|in|" pos="IN" wid="28">in</w>
  <w id="29" lemma="|we|" pos="PRP$" wid="29">our</w>
  <w id="30" lemma="|heart|" pos="NNS" wid="30">hearts</w>
  <w id="31" lemma="|and|" pos="CC" wid="31">and</w>
  <w id="32" lemma="|in|" pos="IN" wid="32">in</w>
  <w id="33" lemma="|we|" pos="PRP$" wid="33">our</w>
  <w id="34" lemma="|life|" pos="NNS" wid="34">lives</w>
  <w id="35" lemma="|so|" pos="RB" wid="35">so</w>
  <w id="36" lemma="|as|" pos="IN" wid="36">as</w>
  <w id="37" lemma="|to|" pos="TO" wid="37">to</w>
  <w id="38" lemma="|convert|" pos="VB" wid="38">convert</w>
  <w id="39" lemma="|to|" pos="TO" wid="39">to</w>
  <w id="40" lemma="|he|" pos="PRP" wid="40">him</w>
  <w id="41" lemma="|.|" pos="." wid="41">.</w>
</sentence>
<sentence id="18">
  <w id="0" lemma="|in|" pos="IN" wid="0">In</w>
  <w id="1" lemma="|addition|" pos="NN" wid="1">addition</w>
  <w id="2" lemma="|,|" pos="," wid="2">,</w>
  <w id="3" lemma="|I|" pos="PRP" wid="3">I</w>
  <w id="4" lemma="|entrust|" pos="VBP" wid="4">entrust</w>
  <w id="5" lemma="|to|" pos="TO" wid="5">to</w>
  <w id="6" lemma="|you|" pos="PRP$" wid="6">your</w>
  <w id="7" lemma="|prayer|" pos="NNS" wid="7">prayers</w>
  <w id="8" lemma="|the|" pos="DT" wid="8">the</w>
  <w id="9" lemma="|week|" pos="NN" wid="9">week</w>
  <w id="10" lemma="|of|" pos="IN" wid="10">of</w>
  <w id="11" lemma="|spiritual|" pos="JJ" wid="11">Spiritual</w>
  <w id="12" lemma="|exercise|" pos="NNS" wid="12">Exercises</w>
  <w id="13" lemma="|which|" pos="WDT" wid="13">which</w>
  <w id="14" lemma="|I|" pos="PRP" wid="14">I</w>
  <w id="15" lemma="|shall|" pos="MD" wid="15">shall</w>
  <w id="16" lemma="|begin|" pos="VB" wid="16">begin</w>
  <w id="17" lemma="|this|" pos="DT" wid="17">this</w>
  <w id="18" lemma="|evening|" pos="NN" wid="18">evening</w>
  <w id="19" lemma="|with|" pos="IN" wid="19">with</w>
  <w id="20" lemma="|my|" pos="PRP$" wid="20">my</w>
  <w id="21" lemma="|co-worker|" pos="NNS" wid="21">co-workers</w>
  <w id="22" lemma="|in|" pos="IN" wid="22">in</w>
  <w id="23" lemma="|the|" pos="DT" wid="23">the</w>
  <w id="24" lemma="|Roman|" pos="NNP" wid="24">Roman</w>
  <w id="25" lemma="|Curia|" pos="NNP" wid="25">Curia</w>
  <w id="26" lemma="|.|" pos="." wid="26">.</w>
</sentence>
<sentence id="19">
  <w id="0" lemma="|after|" pos="IN" wid="0">After</w>
  <w id="1" lemma="|the|" pos="DT" wid="1">the</w>
  <w id="2" lemma="|Angelus|" pos="NNP" wid="2">Angelus</w>
  <w id="3" lemma="|:|" pos=":" wid="3">:</w>
  <w id="4" lemma="|I|" pos="PRP" wid="4">I</w>
  <w id="5" lemma="|be|" pos="VBP" wid="5">am</w>
  <w id="6" lemma="|pleased|" pos="JJ" wid="6">pleased</w>
  <w id="7" lemma="|to|" pos="TO" wid="7">to</w>
  <w id="8" lemma="|greet|" pos="VB" wid="8">greet</w>
  <w id="9" lemma="|all|" pos="PDT" wid="9">all</w>
  <w id="10" lemma="|the|" pos="DT" wid="10">the</w>
  <w id="11" lemma="|english-speaking|" pos="JJ" wid="11">English-speaking</w>
  <w id="12" lemma="|visitor|" pos="NNS" wid="12">visitors</w>
  <w id="13" lemma="|and|" pos="CC" wid="13">and</w>
  <w id="14" lemma="|pilgrim|" pos="NNS" wid="14">pilgrims</w>
  <w id="15" lemma="|present|" pos="JJ" wid="15">present</w>
  <w id="16" lemma="|for|" pos="IN" wid="16">for</w>
  <w id="17" lemma="|this|" pos="DT" wid="17">this</w>
  <w id="18" lemma="|moment|" pos="NN" wid="18">moment</w>
  <w id="19" lemma="|of|" pos="IN" wid="19">of</w>
  <w id="20" lemma="|prayer|" pos="NN" wid="20">prayer</w>
  <w id="21" lemma="|.|" pos="." wid="21">.</w>
</sentence>
<sentence id="20">
  <w id="0" lemma="|in|" pos="IN" wid="0">In</w>
  <w id="1" lemma="|these|" pos="DT" wid="1">these</w>
  <w id="2" lemma="|first|" pos="JJ" wid="2">first</w>
  <w id="3" lemma="|day|" pos="NNS" wid="3">days</w>
  <w id="4" lemma="|of|" pos="IN" wid="4">of</w>
  <w id="5" lemma="|Lent|" pos="NNP" wid="5">Lent</w>
  <w id="6" lemma="|,|" pos="," wid="6">,</w>
  <w id="7" lemma="|I|" pos="PRP" wid="7">I</w>
  <w id="8" lemma="|invite|" pos="VBP" wid="8">invite</w>
  <w id="9" lemma="|you|" pos="PRP" wid="9">you</w>
  <w id="10" lemma="|to|" pos="TO" wid="10">to</w>
  <w id="11" lemma="|embrace|" pos="VB" wid="11">embrace</w>
  <w id="12" lemma="|the|" pos="DT" wid="12">the</w>
  <w id="13" lemma="|spirit|" pos="NN" wid="13">spirit</w>
  <w id="14" lemma="|of|" pos="IN" wid="14">of</w>
  <w id="15" lemma="|this|" pos="DT" wid="15">this</w>
  <w id="16" lemma="|holy|" pos="JJ" wid="16">holy</w>
  <w id="17" lemma="|season|" pos="NN" wid="17">season</w>
  <w id="18" lemma="|,|" pos="," wid="18">,</w>
  <w id="19" lemma="|through|" pos="IN" wid="19">through</w>
  <w id="20" lemma="|prayer|" pos="NN" wid="20">prayer</w>
  <w id="21" lemma="|,|" pos="," wid="21">,</w>
  <w id="22" lemma="|fast|" pos="VBG" wid="22">fasting</w>
  <w id="23" lemma="|and|" pos="CC" wid="23">and</w>
  <w id="24" lemma="|almsgive|" pos="VBG" wid="24">almsgiving</w>
  <w id="25" lemma="|.|" pos="." wid="25">.</w>
</sentence>
<sentence id="21">
  <w id="0" lemma="|as|" pos="IN" wid="0">As</w>
  <w id="1" lemma="|we|" pos="PRP" wid="1">we</w>
  <w id="2" lemma="|do|" pos="VBP" wid="2">do</w>
  <w id="3" lemma="|so|" pos="RB" wid="3">so</w>
  <w id="4" lemma="|,|" pos="," wid="4">,</w>
  <w id="5" lemma="|may|" pos="MD" wid="5">may</w>
  <w id="6" lemma="|the|" pos="DT" wid="6">the</w>
  <w id="7" lemma="|Lord|" pos="NNP" wid="7">Lord</w>
  <w id="8" lemma="|accompany|" pos="VB" wid="8">accompany</w>
  <w id="9" lemma="|we|" pos="PRP" wid="9">us</w>
  <w id="10" lemma="|,|" pos="," wid="10">,</w>
  <w id="11" lemma="|so|" pos="IN" wid="11">so</w>
  <w id="12" lemma="|that|" pos="IN" wid="12">that</w>
  <w id="13" lemma="|,|" pos="," wid="13">,</w>
  <w id="14" lemma="|at|" pos="IN" wid="14">at</w>
  <w id="15" lemma="|the|" pos="DT" wid="15">the</w>
  <w id="16" lemma="|end|" pos="NN" wid="16">end</w>
  <w id="17" lemma="|of|" pos="IN" wid="17">of</w>
  <w id="18" lemma="|Lent|" pos="NNP" wid="18">Lent</w>
  <w id="19" lemma="|,|" pos="," wid="19">,</w>
  <w id="20" lemma="|we|" pos="PRP" wid="20">we</w>
  <w id="21" lemma="|may|" pos="MD" wid="21">may</w>
  <w id="22" lemma="|worthily|" pos="RB" wid="22">worthily</w>
  <w id="23" lemma="|celebrate|" pos="VB" wid="23">celebrate</w>
  <w id="24" lemma="|he|" pos="PRP$" wid="24">his</w>
  <w id="25" lemma="|victory|" pos="NN" wid="25">victory</w>
  <w id="26" lemma="|on|" pos="IN" wid="26">on</w>
  <w id="27" lemma="|the|" pos="DT" wid="27">the</w>
  <w id="28" lemma="|cross|" pos="NN" wid="28">cross</w>
  <w id="29" lemma="|.|" pos="." wid="29">.</w>
</sentence>
<sentence id="22">
  <w id="0" lemma="|God|" pos="NNP" wid="0">God</w>
  <w id="1" lemma="|bless|" pos="VB" wid="1">bless</w>
  <w id="2" lemma="|all|" pos="DT" wid="2">all</w>
  <w id="3" lemma="|of|" pos="IN" wid="3">of</w>
  <w id="4" lemma="|you|" pos="PRP" wid="4">you</w>
  <w id="5" lemma="|abundantly|" pos="RB" wid="5">abundantly</w>
  <w id="6" lemma="|!|" pos="." wid="6">!</w>
</sentence>
<sentence id="23">
  <w id="0" lemma="|I|" pos="PRP" wid="0">I</w>
  <w id="1" lemma="|wish|" pos="VBP" wid="1">wish</w>
  <w id="2" lemma="|you|" pos="PRP" wid="2">you</w>
  <w id="3" lemma="|all|" pos="PDT" wid="3">all</w>
  <w id="4" lemma="|a|" pos="DT" wid="4">a</w>
  <w id="5" lemma="|good|" pos="JJ" wid="5">good</w>
  <w id="6" lemma="|Sunday|" pos="NNP" wid="6">Sunday</w>
  <w id="7" lemma="|.|" pos="." wid="7">.</w>
</sentence>
</corpus>