<corpus id="0">
<sentence id="0">
  <w id="0" lemma="|Dear|" pos="NNP" wid="0">Dear</w>
  <w id="1" lemma="|Brothers|" pos="NNPS" wid="1">Brothers</w>
  <w id="2" lemma="|and|" pos="CC" wid="2">and</w>
  <w id="3" lemma="|sister|" pos="NNS" wid="3">Sisters</w>
  <w id="4" lemma="|,|" pos="," wid="4">,</w>
  <w id="5" lemma="|with|" pos="IN" wid="5">With</w>
  <w id="6" lemma="|the|" pos="DT" wid="6">the</w>
  <w id="7" lemma="|eucharistic|" pos="JJ" wid="7">Eucharistic</w>
  <w id="8" lemma="|celebration|" pos="NN" wid="8">celebration</w>
  <w id="9" lemma="|in|" pos="IN" wid="9">in</w>
  <w id="10" lemma="|St|" pos="NNP" wid="10">St</w>
  <w id="11" lemma="|Peter|" pos="NNP" wid="11">Peter</w>
  <w id="12" lemma="|'s|" pos="POS" wid="12">'s</w>
  <w id="13" lemma="|basilica|" pos="NN" wid="13">Basilica</w>
  <w id="14" lemma="|this|" pos="DT" wid="14">this</w>
  <w id="15" lemma="|morning|" pos="NN" wid="15">morning</w>
  <w id="16" lemma="|,|" pos="," wid="16">,</w>
  <w id="17" lemma="|the|" pos="DT" wid="17">the</w>
  <w id="18" lemma="|12th|" pos="JJ" wid="18">12th</w>
  <w id="19" lemma="|General|" pos="NNP" wid="19">General</w>
  <w id="20" lemma="|Ordinary|" pos="NNP" wid="20">Ordinary</w>
  <w id="21" lemma="|Assembly|" pos="NNP" wid="21">Assembly</w>
  <w id="22" lemma="|of|" pos="IN" wid="22">of</w>
  <w id="23" lemma="|the|" pos="DT" wid="23">the</w>
  <w id="24" lemma="|synod|" pos="NN" wid="24">Synod</w>
  <w id="25" lemma="|of|" pos="IN" wid="25">of</w>
  <w id="26" lemma="|bishop|" pos="NNS" wid="26">Bishops</w>
  <w id="27" lemma="|on|" pos="IN" wid="27">on</w>
  <w id="28" lemma="|''|" pos="''" wid="28">''</w>
  <w id="29" lemma="|the|" pos="DT" wid="29">The</w>
  <w id="30" lemma="|word|" pos="NN" wid="30">Word</w>
  <w id="31" lemma="|of|" pos="IN" wid="31">of</w>
  <w id="32" lemma="|God|" pos="NNP" wid="32">God</w>
  <w id="33" lemma="|in|" pos="IN" wid="33">in</w>
  <w id="34" lemma="|the|" pos="DT" wid="34">the</w>
  <w id="35" lemma="|life|" pos="NN" wid="35">life</w>
  <w id="36" lemma="|and|" pos="CC" wid="36">and</w>
  <w id="37" lemma="|mission|" pos="NN" wid="37">mission</w>
  <w id="38" lemma="|of|" pos="IN" wid="38">of</w>
  <w id="39" lemma="|the|" pos="DT" wid="39">the</w>
  <w id="40" lemma="|Church|" pos="NNP" wid="40">Church</w>
  <w id="41" lemma="|''|" pos="''" wid="41">''</w>
  <w id="42" lemma="|come|" pos="VBD" wid="42">came</w>
  <w id="43" lemma="|to|" pos="TO" wid="43">to</w>
  <w id="44" lemma="|a|" pos="DT" wid="44">a</w>
  <w id="45" lemma="|conclusion|" pos="NN" wid="45">conclusion</w>
  <w id="46" lemma="|.|" pos="." wid="46">.</w>
</sentence>
<sentence id="1">
  <w id="0" lemma="|every|" pos="DT" wid="0">Every</w>
  <w id="1" lemma="|Synodal|" pos="NNP" wid="1">Synodal</w>
  <w id="2" lemma="|Assembly|" pos="NNP" wid="2">Assembly</w>
  <w id="3" lemma="|be|" pos="VBZ" wid="3">is</w>
  <w id="4" lemma="|a|" pos="DT" wid="4">a</w>
  <w id="5" lemma="|powerful|" pos="JJ" wid="5">powerful</w>
  <w id="6" lemma="|experience|" pos="NN" wid="6">experience</w>
  <w id="7" lemma="|of|" pos="IN" wid="7">of</w>
  <w id="8" lemma="|ecclesial|" pos="JJ" wid="8">ecclesial</w>
  <w id="9" lemma="|communion|" pos="NN" wid="9">communion</w>
  <w id="10" lemma="|,|" pos="," wid="10">,</w>
  <w id="11" lemma="|but|" pos="CC" wid="11">but</w>
  <w id="12" lemma="|this|" pos="DT" wid="12">this</w>
  <w id="13" lemma="|one|" pos="NN" wid="13">one</w>
  <w id="14" lemma="|be|" pos="VBD" wid="14">was</w>
  <w id="15" lemma="|even|" pos="RB" wid="15">even</w>
  <w id="16" lemma="|more|" pos="RBR" wid="16">more</w>
  <w id="17" lemma="|so|" pos="RB" wid="17">so</w>
  <w id="18" lemma="|because|" pos="IN" wid="18">because</w>
  <w id="19" lemma="|it|" pos="PRP" wid="19">it</w>
  <w id="20" lemma="|focus|" pos="VBD" wid="20">focused</w>
  <w id="21" lemma="|on|" pos="IN" wid="21">on</w>
  <w id="22" lemma="|what|" pos="WP" wid="22">what</w>
  <w id="23" lemma="|illumine|" pos="NNS" wid="23">illumines</w>
  <w id="24" lemma="|and|" pos="CC" wid="24">and</w>
  <w id="25" lemma="|guide|" pos="NNS" wid="25">guides</w>
  <w id="26" lemma="|the|" pos="DT" wid="26">the</w>
  <w id="27" lemma="|Church|" pos="NNP" wid="27">Church</w>
  <w id="28" lemma="|:|" pos=":" wid="28">:</w>
  <w id="29" lemma="|the|" pos="DT" wid="29">the</w>
  <w id="30" lemma="|Word|" pos="NNP" wid="30">Word</w>
  <w id="31" lemma="|of|" pos="IN" wid="31">of</w>
  <w id="32" lemma="|God|" pos="NNP" wid="32">God</w>
  <w id="33" lemma="|:|" pos=":" wid="33">:</w>
  <w id="34" lemma="|Christ|" pos="NNP" wid="34">Christ</w>
  <w id="35" lemma="|in|" pos="IN" wid="35">in</w>
  <w id="36" lemma="|person|" pos="NN" wid="36">person</w>
  <w id="37" lemma="|.|" pos="." wid="37">.</w>
</sentence>
<sentence id="2">
  <w id="0" lemma="|and|" pos="CC" wid="0">And</w>
  <w id="1" lemma="|we|" pos="PRP" wid="1">we</w>
  <w id="2" lemma="|live|" pos="VBD" wid="2">lived</w>
  <w id="3" lemma="|every|" pos="DT" wid="3">every</w>
  <w id="4" lemma="|day|" pos="NN" wid="4">day</w>
  <w id="5" lemma="|in|" pos="IN" wid="5">in</w>
  <w id="6" lemma="|religious|" pos="JJ" wid="6">religious</w>
  <w id="7" lemma="|listening|" pos="NN" wid="7">listening</w>
  <w id="8" lemma="|,|" pos="," wid="8">,</w>
  <w id="9" lemma="|conscious|" pos="JJ" wid="9">conscious</w>
  <w id="10" lemma="|of|" pos="IN" wid="10">of</w>
  <w id="11" lemma="|all|" pos="DT" wid="11">all</w>
  <w id="12" lemma="|of|" pos="IN" wid="12">of</w>
  <w id="13" lemma="|the|" pos="DT" wid="13">the</w>
  <w id="14" lemma="|grace|" pos="NN" wid="14">grace</w>
  <w id="15" lemma="|and|" pos="CC" wid="15">and</w>
  <w id="16" lemma="|beauty|" pos="NN" wid="16">beauty</w>
  <w id="17" lemma="|of|" pos="IN" wid="17">of</w>
  <w id="18" lemma="|be|" pos="VBG" wid="18">being</w>
  <w id="19" lemma="|he|" pos="PRP$" wid="19">his</w>
  <w id="20" lemma="|disciple|" pos="NNS" wid="20">disciples</w>
  <w id="21" lemma="|and|" pos="CC" wid="21">and</w>
  <w id="22" lemma="|servant|" pos="NNS" wid="22">servants</w>
  <w id="23" lemma="|.|" pos="." wid="23">.</w>
</sentence>
<sentence id="3">
  <w id="0" lemma="|in|" pos="IN" wid="0">In</w>
  <w id="1" lemma="|accordance|" pos="NN" wid="1">accordance</w>
  <w id="2" lemma="|with|" pos="IN" wid="2">with</w>
  <w id="3" lemma="|the|" pos="DT" wid="3">the</w>
  <w id="4" lemma="|original|" pos="JJ" wid="4">original</w>
  <w id="5" lemma="|meaning|" pos="NN" wid="5">meaning</w>
  <w id="6" lemma="|of|" pos="IN" wid="6">of</w>
  <w id="7" lemma="|the|" pos="DT" wid="7">the</w>
  <w id="8" lemma="|term|" pos="NN" wid="8">term</w>
  <w id="9" lemma="|``|" pos="``" wid="9">``</w>
  <w id="10" lemma="|church|" pos="NN" wid="10">church</w>
  <w id="11" lemma="|''|" pos="''" wid="11">''</w>
  <w id="12" lemma="|,|" pos="," wid="12">,</w>
  <w id="13" lemma="|we|" pos="PRP" wid="13">we</w>
  <w id="14" lemma="|experience|" pos="VBD" wid="14">experienced</w>
  <w id="15" lemma="|the|" pos="DT" wid="15">the</w>
  <w id="16" lemma="|joy|" pos="NN" wid="16">joy</w>
  <w id="17" lemma="|of|" pos="IN" wid="17">of</w>
  <w id="18" lemma="|be|" pos="VBG" wid="18">being</w>
  <w id="19" lemma="|gather|" pos="VBN" wid="19">gathered</w>
  <w id="20" lemma="|together|" pos="RB" wid="20">together</w>
  <w id="21" lemma="|by|" pos="IN" wid="21">by</w>
  <w id="22" lemma="|the|" pos="DT" wid="22">the</w>
  <w id="23" lemma="|word|" pos="NN" wid="23">Word</w>
  <w id="24" lemma="|and|" pos="CC" wid="24">and</w>
  <w id="25" lemma="|,|" pos="," wid="25">,</w>
  <w id="26" lemma="|especially|" pos="RB" wid="26">especially</w>
  <w id="27" lemma="|in|" pos="IN" wid="27">in</w>
  <w id="28" lemma="|the|" pos="DT" wid="28">the</w>
  <w id="29" lemma="|liturgy|" pos="NN" wid="29">liturgy</w>
  <w id="30" lemma="|,|" pos="," wid="30">,</w>
  <w id="31" lemma="|find|" pos="VBD" wid="31">found</w>
  <w id="32" lemma="|ourselves|" pos="PRP" wid="32">ourselves</w>
  <w id="33" lemma="|on|" pos="IN" wid="33">on</w>
  <w id="34" lemma="|we|" pos="PRP$" wid="34">our</w>
  <w id="35" lemma="|way|" pos="NN" wid="35">way</w>
  <w id="36" lemma="|within|" pos="IN" wid="36">within</w>
  <w id="37" lemma="|it|" pos="PRP" wid="37">it</w>
  <w id="38" lemma="|,|" pos="," wid="38">,</w>
  <w id="39" lemma="|as|" pos="IN" wid="39">as</w>
  <w id="40" lemma="|in|" pos="IN" wid="40">in</w>
  <w id="41" lemma="|we|" pos="PRP$" wid="41">our</w>
  <w id="42" lemma="|promised|" pos="JJ" wid="42">promised</w>
  <w id="43" lemma="|land|" pos="NN" wid="43">land</w>
  <w id="44" lemma="|,|" pos="," wid="44">,</w>
  <w id="45" lemma="|which|" pos="WDT" wid="45">which</w>
  <w id="46" lemma="|give|" pos="VBZ" wid="46">gives</w>
  <w id="47" lemma="|we|" pos="PRP" wid="47">us</w>
  <w id="48" lemma="|a|" pos="DT" wid="48">a</w>
  <w id="49" lemma="|foretaste|" pos="NN" wid="49">foretaste</w>
  <w id="50" lemma="|of|" pos="IN" wid="50">of</w>
  <w id="51" lemma="|the|" pos="DT" wid="51">the</w>
  <w id="52" lemma="|Kingdom|" pos="NNP" wid="52">Kingdom</w>
  <w id="53" lemma="|of|" pos="IN" wid="53">of</w>
  <w id="54" lemma="|Heaven|" pos="NNP" wid="54">Heaven</w>
  <w id="55" lemma="|.|" pos="." wid="55">.</w>
</sentence>
<sentence id="4">
  <w id="0" lemma="|one|" pos="CD" wid="0">One</w>
  <w id="1" lemma="|aspect|" pos="NN" wid="1">aspect</w>
  <w id="2" lemma="|very|" pos="RB" wid="2">very</w>
  <w id="3" lemma="|deeply|" pos="RB" wid="3">deeply</w>
  <w id="4" lemma="|reflect|" pos="VBN" wid="4">reflected</w>
  <w id="5" lemma="|upon|" pos="IN" wid="5">upon</w>
  <w id="6" lemma="|be|" pos="VBD" wid="6">was</w>
  <w id="7" lemma="|the|" pos="DT" wid="7">the</w>
  <w id="8" lemma="|relationship|" pos="NN" wid="8">relationship</w>
  <w id="9" lemma="|between|" pos="IN" wid="9">between</w>
  <w id="10" lemma="|the|" pos="DT" wid="10">the</w>
  <w id="11" lemma="|word|" pos="NN" wid="11">Word</w>
  <w id="12" lemma="|and|" pos="CC" wid="12">and</w>
  <w id="13" lemma="|word|" pos="NNS" wid="13">words</w>
  <w id="14" lemma="|,|" pos="," wid="14">,</w>
  <w id="15" lemma="|that|" pos="DT" wid="15">that</w>
  <w id="16" lemma="|be|" pos="VBZ" wid="16">is</w>
  <w id="17" lemma="|,|" pos="," wid="17">,</w>
  <w id="18" lemma="|between|" pos="IN" wid="18">between</w>
  <w id="19" lemma="|the|" pos="DT" wid="19">the</w>
  <w id="20" lemma="|Divine|" pos="NNP" wid="20">Divine</w>
  <w id="21" lemma="|Word|" pos="NNP" wid="21">Word</w>
  <w id="22" lemma="|and|" pos="CC" wid="22">and</w>
  <w id="23" lemma="|the|" pos="DT" wid="23">the</w>
  <w id="24" lemma="|scripture|" pos="NNS" wid="24">Scriptures</w>
  <w id="25" lemma="|that|" pos="WDT" wid="25">that</w>
  <w id="26" lemma="|express|" pos="VBP" wid="26">express</w>
  <w id="27" lemma="|it|" pos="PRP" wid="27">it</w>
  <w id="28" lemma="|.|" pos="." wid="28">.</w>
</sentence>
<sentence id="5">
  <w id="0" lemma="|as|" pos="IN" wid="0">As</w>
  <w id="1" lemma="|the|" pos="DT" wid="1">the</w>
  <w id="2" lemma="|Second|" pos="NNP" wid="2">Second</w>
  <w id="3" lemma="|Vatican|" pos="NNP" wid="3">Vatican</w>
  <w id="4" lemma="|Council|" pos="NNP" wid="4">Council</w>
  <w id="5" lemma="|teach|" pos="VBZ" wid="5">teaches</w>
  <w id="6" lemma="|in|" pos="IN" wid="6">in</w>
  <w id="7" lemma="|the|" pos="DT" wid="7">the</w>
  <w id="8" lemma="|Constitution|" pos="NNP" wid="8">Constitution</w>
  <w id="9" lemma="|dei|" pos="NN" wid="9">Dei</w>
  <w id="10" lemma="|verbum|" pos="NN" wid="10">Verbum</w>
  <w id="11" lemma="|-lrb-|" pos="-LRB-" wid="11">-LRB-</w>
  <w id="12" lemma="|n.|" pos="NN" wid="12">n.</w>
  <w id="13" lemma="|12|" pos="CD" wid="13">12</w>
  <w id="14" lemma="|-rrb-|" pos="-RRB-" wid="14">-RRB-</w>
  <w id="15" lemma="|,|" pos="," wid="15">,</w>
  <w id="16" lemma="|a|" pos="DT" wid="16">a</w>
  <w id="17" lemma="|good|" pos="JJ" wid="17">good</w>
  <w id="18" lemma="|biblical|" pos="JJ" wid="18">biblical</w>
  <w id="19" lemma="|exegesis|" pos="NN" wid="19">exegesis</w>
  <w id="20" lemma="|demand|" pos="NNS" wid="20">demands</w>
  <w id="21" lemma="|both|" pos="CC" wid="21">both</w>
  <w id="22" lemma="|the|" pos="DT" wid="22">the</w>
  <w id="23" lemma="|historical-critical|" pos="JJ" wid="23">historical-critical</w>
  <w id="24" lemma="|and|" pos="CC" wid="24">and</w>
  <w id="25" lemma="|theological|" pos="JJ" wid="25">theological</w>
  <w id="26" lemma="|method|" pos="NNS" wid="26">methods</w>
  <w id="27" lemma="|since|" pos="IN" wid="27">since</w>
  <w id="28" lemma="|Sacred|" pos="NNP" wid="28">Sacred</w>
  <w id="29" lemma="|Scripture|" pos="NNP" wid="29">Scripture</w>
  <w id="30" lemma="|be|" pos="VBZ" wid="30">is</w>
  <w id="31" lemma="|the|" pos="DT" wid="31">the</w>
  <w id="32" lemma="|Word|" pos="NNP" wid="32">Word</w>
  <w id="33" lemma="|of|" pos="IN" wid="33">of</w>
  <w id="34" lemma="|God|" pos="NNP" wid="34">God</w>
  <w id="35" lemma="|in|" pos="IN" wid="35">in</w>
  <w id="36" lemma="|human|" pos="JJ" wid="36">human</w>
  <w id="37" lemma="|word|" pos="NNS" wid="37">words</w>
  <w id="38" lemma="|.|" pos="." wid="38">.</w>
</sentence>
<sentence id="6">
  <w id="0" lemma="|this|" pos="DT" wid="0">This</w>
  <w id="1" lemma="|mean|" pos="VBZ" wid="1">means</w>
  <w id="2" lemma="|that|" pos="IN" wid="2">that</w>
  <w id="3" lemma="|every|" pos="DT" wid="3">every</w>
  <w id="4" lemma="|text|" pos="NN" wid="4">text</w>
  <w id="5" lemma="|must|" pos="MD" wid="5">must</w>
  <w id="6" lemma="|be|" pos="VB" wid="6">be</w>
  <w id="7" lemma="|read|" pos="VBN" wid="7">read</w>
  <w id="8" lemma="|and|" pos="CC" wid="8">and</w>
  <w id="9" lemma="|interpret|" pos="VBN" wid="9">interpreted</w>
  <w id="10" lemma="|keep|" pos="VBG" wid="10">keeping</w>
  <w id="11" lemma="|in|" pos="IN" wid="11">in</w>
  <w id="12" lemma="|mind|" pos="NN" wid="12">mind</w>
  <w id="13" lemma="|the|" pos="DT" wid="13">the</w>
  <w id="14" lemma="|unity|" pos="NN" wid="14">unity</w>
  <w id="15" lemma="|of|" pos="IN" wid="15">of</w>
  <w id="16" lemma="|the|" pos="DT" wid="16">the</w>
  <w id="17" lemma="|whole|" pos="NN" wid="17">whole</w>
  <w id="18" lemma="|of|" pos="IN" wid="18">of</w>
  <w id="19" lemma="|Scripture|" pos="NNP" wid="19">Scripture</w>
  <w id="20" lemma="|,|" pos="," wid="20">,</w>
  <w id="21" lemma="|the|" pos="DT" wid="21">the</w>
  <w id="22" lemma="|live|" pos="VBG" wid="22">living</w>
  <w id="23" lemma="|tradition|" pos="NN" wid="23">tradition</w>
  <w id="24" lemma="|of|" pos="IN" wid="24">of</w>
  <w id="25" lemma="|the|" pos="DT" wid="25">the</w>
  <w id="26" lemma="|Church|" pos="NNP" wid="26">Church</w>
  <w id="27" lemma="|and|" pos="CC" wid="27">and</w>
  <w id="28" lemma="|the|" pos="DT" wid="28">the</w>
  <w id="29" lemma="|light|" pos="NN" wid="29">light</w>
  <w id="30" lemma="|of|" pos="IN" wid="30">of</w>
  <w id="31" lemma="|the|" pos="DT" wid="31">the</w>
  <w id="32" lemma="|faith|" pos="NN" wid="32">faith</w>
  <w id="33" lemma="|.|" pos="." wid="33">.</w>
</sentence>
<sentence id="7">
  <w id="0" lemma="|if|" pos="IN" wid="0">If</w>
  <w id="1" lemma="|it|" pos="PRP" wid="1">it</w>
  <w id="2" lemma="|be|" pos="VBZ" wid="2">is</w>
  <w id="3" lemma="|true|" pos="JJ" wid="3">true</w>
  <w id="4" lemma="|that|" pos="IN" wid="4">that</w>
  <w id="5" lemma="|the|" pos="DT" wid="5">the</w>
  <w id="6" lemma="|Bible|" pos="NNP" wid="6">Bible</w>
  <w id="7" lemma="|be|" pos="VBZ" wid="7">is</w>
  <w id="8" lemma="|also|" pos="RB" wid="8">also</w>
  <w id="9" lemma="|a|" pos="DT" wid="9">a</w>
  <w id="10" lemma="|literary|" pos="JJ" wid="10">literary</w>
  <w id="11" lemma="|work|" pos="NN" wid="11">work</w>
  <w id="12" lemma="|even|" pos="RB" wid="12">even</w>
  <w id="13" lemma="|the|" pos="DT" wid="13">the</w>
  <w id="14" lemma="|great|" pos="JJ" wid="14">great</w>
  <w id="15" lemma="|codex|" pos="NN" wid="15">codex</w>
  <w id="16" lemma="|of|" pos="IN" wid="16">of</w>
  <w id="17" lemma="|universal|" pos="JJ" wid="17">universal</w>
  <w id="18" lemma="|culture|" pos="NN" wid="18">culture</w>
  <w id="19" lemma="|it|" pos="PRP" wid="19">it</w>
  <w id="20" lemma="|be|" pos="VBZ" wid="20">is</w>
  <w id="21" lemma="|also|" pos="RB" wid="21">also</w>
  <w id="22" lemma="|true|" pos="JJ" wid="22">true</w>
  <w id="23" lemma="|that|" pos="IN" wid="23">that</w>
  <w id="24" lemma="|it|" pos="PRP" wid="24">it</w>
  <w id="25" lemma="|should|" pos="MD" wid="25">should</w>
  <w id="26" lemma="|not|" pos="RB" wid="26">not</w>
  <w id="27" lemma="|be|" pos="VB" wid="27">be</w>
  <w id="28" lemma="|strip|" pos="VBN" wid="28">stripped</w>
  <w id="29" lemma="|of|" pos="IN" wid="29">of</w>
  <w id="30" lemma="|the|" pos="DT" wid="30">the</w>
  <w id="31" lemma="|divine|" pos="JJ" wid="31">divine</w>
  <w id="32" lemma="|element|" pos="NN" wid="32">element</w>
  <w id="33" lemma="|but|" pos="CC" wid="33">but</w>
  <w id="34" lemma="|must|" pos="MD" wid="34">must</w>
  <w id="35" lemma="|be|" pos="VB" wid="35">be</w>
  <w id="36" lemma="|read|" pos="VBN" wid="36">read</w>
  <w id="37" lemma="|in|" pos="IN" wid="37">in</w>
  <w id="38" lemma="|the|" pos="DT" wid="38">the</w>
  <w id="39" lemma="|same|" pos="JJ" wid="39">same</w>
  <w id="40" lemma="|spirit|" pos="NN" wid="40">Spirit</w>
  <w id="41" lemma="|in|" pos="IN" wid="41">in</w>
  <w id="42" lemma="|which|" pos="WDT" wid="42">which</w>
  <w id="43" lemma="|it|" pos="PRP" wid="43">it</w>
  <w id="44" lemma="|be|" pos="VBD" wid="44">was</w>
  <w id="45" lemma="|compose|" pos="VBN" wid="45">composed</w>
  <w id="46" lemma="|.|" pos="." wid="46">.</w>
</sentence>
<sentence id="8">
  <w id="0" lemma="|Scientific|" pos="NNP" wid="0">Scientific</w>
  <w id="1" lemma="|exegesis|" pos="NN" wid="1">exegesis</w>
  <w id="2" lemma="|and|" pos="CC" wid="2">and</w>
  <w id="3" lemma="|lectio|" pos="FW" wid="3">lectio</w>
  <w id="4" lemma="|divina|" pos="FW" wid="4">divina</w>
  <w id="5" lemma="|be|" pos="VBP" wid="5">are</w>
  <w id="6" lemma="|therefore|" pos="RB" wid="6">therefore</w>
  <w id="7" lemma="|both|" pos="CC" wid="7">both</w>
  <w id="8" lemma="|necessary|" pos="JJ" wid="8">necessary</w>
  <w id="9" lemma="|and|" pos="CC" wid="9">and</w>
  <w id="10" lemma="|complementary|" pos="JJ" wid="10">complementary</w>
  <w id="11" lemma="|in|" pos="IN" wid="11">in</w>
  <w id="12" lemma="|order|" pos="NN" wid="12">order</w>
  <w id="13" lemma="|to|" pos="TO" wid="13">to</w>
  <w id="14" lemma="|seek|" pos="VB" wid="14">seek</w>
  <w id="15" lemma="|,|" pos="," wid="15">,</w>
  <w id="16" lemma="|through|" pos="IN" wid="16">through</w>
  <w id="17" lemma="|the|" pos="DT" wid="17">the</w>
  <w id="18" lemma="|literal|" pos="JJ" wid="18">literal</w>
  <w id="19" lemma="|meaning|" pos="NN" wid="19">meaning</w>
  <w id="20" lemma="|,|" pos="," wid="20">,</w>
  <w id="21" lemma="|the|" pos="DT" wid="21">the</w>
  <w id="22" lemma="|spiritual|" pos="JJ" wid="22">spiritual</w>
  <w id="23" lemma="|meaning|" pos="NN" wid="23">meaning</w>
  <w id="24" lemma="|that|" pos="IN" wid="24">that</w>
  <w id="25" lemma="|God|" pos="NNP" wid="25">God</w>
  <w id="26" lemma="|want|" pos="VBZ" wid="26">wants</w>
  <w id="27" lemma="|to|" pos="TO" wid="27">to</w>
  <w id="28" lemma="|communicate|" pos="VB" wid="28">communicate</w>
  <w id="29" lemma="|to|" pos="TO" wid="29">to</w>
  <w id="30" lemma="|we|" pos="PRP" wid="30">us</w>
  <w id="31" lemma="|today|" pos="NN" wid="31">today</w>
  <w id="32" lemma="|.|" pos="." wid="32">.</w>
</sentence>
<sentence id="9">
  <w id="0" lemma="|at|" pos="IN" wid="0">At</w>
  <w id="1" lemma="|the|" pos="DT" wid="1">the</w>
  <w id="2" lemma="|end|" pos="NN" wid="2">end</w>
  <w id="3" lemma="|of|" pos="IN" wid="3">of</w>
  <w id="4" lemma="|the|" pos="DT" wid="4">the</w>
  <w id="5" lemma="|Synodal|" pos="NNP" wid="5">Synodal</w>
  <w id="6" lemma="|Assembly|" pos="NNP" wid="6">Assembly</w>
  <w id="7" lemma="|,|" pos="," wid="7">,</w>
  <w id="8" lemma="|the|" pos="DT" wid="8">the</w>
  <w id="9" lemma="|patriarchs|" pos="NN" wid="9">Patriarchs</w>
  <w id="10" lemma="|of|" pos="IN" wid="10">of</w>
  <w id="11" lemma="|the|" pos="DT" wid="11">the</w>
  <w id="12" lemma="|Eastern|" pos="NNP" wid="12">Eastern</w>
  <w id="13" lemma="|Churches|" pos="NNPS" wid="13">Churches</w>
  <w id="14" lemma="|launch|" pos="VBD" wid="14">launched</w>
  <w id="15" lemma="|a|" pos="DT" wid="15">an</w>
  <w id="16" lemma="|appeal|" pos="NN" wid="16">appeal</w>
  <w id="17" lemma="|,|" pos="," wid="17">,</w>
  <w id="18" lemma="|which|" pos="WDT" wid="18">which</w>
  <w id="19" lemma="|I|" pos="PRP" wid="19">I</w>
  <w id="20" lemma="|make|" pos="VBP" wid="20">make</w>
  <w id="21" lemma="|my|" pos="PRP$" wid="21">my</w>
  <w id="22" lemma="|own|" pos="JJ" wid="22">own</w>
  <w id="23" lemma="|,|" pos="," wid="23">,</w>
  <w id="24" lemma="|in|" pos="IN" wid="24">in</w>
  <w id="25" lemma="|order|" pos="NN" wid="25">order</w>
  <w id="26" lemma="|to|" pos="TO" wid="26">to</w>
  <w id="27" lemma="|call|" pos="VB" wid="27">call</w>
  <w id="28" lemma="|the|" pos="DT" wid="28">the</w>
  <w id="29" lemma="|attention|" pos="NN" wid="29">attention</w>
  <w id="30" lemma="|of|" pos="IN" wid="30">of</w>
  <w id="31" lemma="|the|" pos="DT" wid="31">the</w>
  <w id="32" lemma="|international|" pos="JJ" wid="32">international</w>
  <w id="33" lemma="|community|" pos="NN" wid="33">community</w>
  <w id="34" lemma="|,|" pos="," wid="34">,</w>
  <w id="35" lemma="|religious|" pos="JJ" wid="35">religious</w>
  <w id="36" lemma="|leader|" pos="NNS" wid="36">leaders</w>
  <w id="37" lemma="|and|" pos="CC" wid="37">and</w>
  <w id="38" lemma="|all|" pos="DT" wid="38">all</w>
  <w id="39" lemma="|man|" pos="NNS" wid="39">men</w>
  <w id="40" lemma="|and|" pos="CC" wid="40">and</w>
  <w id="41" lemma="|woman|" pos="NNS" wid="41">women</w>
  <w id="42" lemma="|of|" pos="IN" wid="42">of</w>
  <w id="43" lemma="|good|" pos="JJ" wid="43">good</w>
  <w id="44" lemma="|will|" pos="NN" wid="44">will</w>
  <w id="45" lemma="|,|" pos="," wid="45">,</w>
  <w id="46" lemma="|to|" pos="TO" wid="46">to</w>
  <w id="47" lemma="|the|" pos="DT" wid="47">the</w>
  <w id="48" lemma="|tragedy|" pos="NN" wid="48">tragedy</w>
  <w id="49" lemma="|that|" pos="WDT" wid="49">that</w>
  <w id="50" lemma="|be|" pos="VBZ" wid="50">is</w>
  <w id="51" lemma="|bear|" pos="VBG" wid="51">bearing</w>
  <w id="52" lemma="|its|" pos="PRP$" wid="52">its</w>
  <w id="53" lemma="|toll|" pos="NN" wid="53">toll</w>
  <w id="54" lemma="|on|" pos="IN" wid="54">on</w>
  <w id="55" lemma="|several|" pos="JJ" wid="55">several</w>
  <w id="56" lemma="|Eastern|" pos="NNP" wid="56">Eastern</w>
  <w id="57" lemma="|country|" pos="NNS" wid="57">countries</w>
  <w id="58" lemma="|where|" pos="WRB" wid="58">where</w>
  <w id="59" lemma="|christian|" pos="NNS" wid="59">Christians</w>
  <w id="60" lemma="|be|" pos="VBP" wid="60">are</w>
  <w id="61" lemma="|the|" pos="DT" wid="61">the</w>
  <w id="62" lemma="|victim|" pos="NNS" wid="62">victims</w>
  <w id="63" lemma="|of|" pos="IN" wid="63">of</w>
  <w id="64" lemma="|intolerance|" pos="NN" wid="64">intolerance</w>
  <w id="65" lemma="|and|" pos="CC" wid="65">and</w>
  <w id="66" lemma="|cruel|" pos="JJ" wid="66">cruel</w>
  <w id="67" lemma="|violence|" pos="NN" wid="67">violence</w>
  <w id="68" lemma="|,|" pos="," wid="68">,</w>
  <w id="69" lemma="|kill|" pos="VBN" wid="69">killed</w>
  <w id="70" lemma="|,|" pos="," wid="70">,</w>
  <w id="71" lemma="|threaten|" pos="VBN" wid="71">threatened</w>
  <w id="72" lemma="|and|" pos="CC" wid="72">and</w>
  <w id="73" lemma="|force|" pos="VBN" wid="73">forced</w>
  <w id="74" lemma="|to|" pos="TO" wid="74">to</w>
  <w id="75" lemma="|abandon|" pos="VB" wid="75">abandon</w>
  <w id="76" lemma="|they|" pos="PRP$" wid="76">their</w>
  <w id="77" lemma="|home|" pos="NNS" wid="77">homes</w>
  <w id="78" lemma="|and|" pos="CC" wid="78">and</w>
  <w id="79" lemma="|wander|" pos="VB" wid="79">wander</w>
  <w id="80" lemma="|in|" pos="IN" wid="80">in</w>
  <w id="81" lemma="|search|" pos="NN" wid="81">search</w>
  <w id="82" lemma="|of|" pos="IN" wid="82">of</w>
  <w id="83" lemma="|refuge|" pos="NN" wid="83">refuge</w>
  <w id="84" lemma="|.|" pos="." wid="84">.</w>
</sentence>
<sentence id="10">
  <w id="0" lemma="|I|" pos="PRP" wid="0">I</w>
  <w id="1" lemma="|be|" pos="VBP" wid="1">am</w>
  <w id="2" lemma="|think|" pos="VBG" wid="2">thinking</w>
  <w id="3" lemma="|at|" pos="IN" wid="3">at</w>
  <w id="4" lemma="|this|" pos="DT" wid="4">this</w>
  <w id="5" lemma="|moment|" pos="NN" wid="5">moment</w>
  <w id="6" lemma="|above|" pos="IN" wid="6">above</w>
  <w id="7" lemma="|all|" pos="DT" wid="7">all</w>
  <w id="8" lemma="|of|" pos="IN" wid="8">of</w>
  <w id="9" lemma="|Iraq|" pos="NNP" wid="9">Iraq</w>
  <w id="10" lemma="|and|" pos="CC" wid="10">and</w>
  <w id="11" lemma="|India|" pos="NNP" wid="11">India</w>
  <w id="12" lemma="|.|" pos="." wid="12">.</w>
</sentence>
<sentence id="11">
  <w id="0" lemma="|I|" pos="PRP" wid="0">I</w>
  <w id="1" lemma="|be|" pos="VBP" wid="1">am</w>
  <w id="2" lemma="|certain|" pos="JJ" wid="2">certain</w>
  <w id="3" lemma="|that|" pos="IN" wid="3">that</w>
  <w id="4" lemma="|the|" pos="DT" wid="4">the</w>
  <w id="5" lemma="|ancient|" pos="JJ" wid="5">ancient</w>
  <w id="6" lemma="|and|" pos="CC" wid="6">and</w>
  <w id="7" lemma="|noble|" pos="JJ" wid="7">noble</w>
  <w id="8" lemma="|people|" pos="NNS" wid="8">peoples</w>
  <w id="9" lemma="|of|" pos="IN" wid="9">of</w>
  <w id="10" lemma="|those|" pos="DT" wid="10">those</w>
  <w id="11" lemma="|nation|" pos="NNS" wid="11">nations</w>
  <w id="12" lemma="|have|" pos="VBP" wid="12">have</w>
  <w id="13" lemma="|learn|" pos="VBN" wid="13">learned</w>
  <w id="14" lemma="|,|" pos="," wid="14">,</w>
  <w id="15" lemma="|over|" pos="IN" wid="15">over</w>
  <w id="16" lemma="|the|" pos="DT" wid="16">the</w>
  <w id="17" lemma="|course|" pos="NN" wid="17">course</w>
  <w id="18" lemma="|of|" pos="IN" wid="18">of</w>
  <w id="19" lemma="|century|" pos="NNS" wid="19">centuries</w>
  <w id="20" lemma="|respectful|" pos="JJ" wid="20">respectful</w>
  <w id="21" lemma="|coexistence|" pos="NN" wid="21">coexistence</w>
  <w id="22" lemma="|,|" pos="," wid="22">,</w>
  <w id="23" lemma="|to|" pos="TO" wid="23">to</w>
  <w id="24" lemma="|appreciate|" pos="VB" wid="24">appreciate</w>
  <w id="25" lemma="|the|" pos="DT" wid="25">the</w>
  <w id="26" lemma="|contribution|" pos="NN" wid="26">contribution</w>
  <w id="27" lemma="|that|" pos="IN" wid="27">that</w>
  <w id="28" lemma="|the|" pos="DT" wid="28">the</w>
  <w id="29" lemma="|small|" pos="JJ" wid="29">small</w>
  <w id="30" lemma="|but|" pos="CC" wid="30">but</w>
  <w id="31" lemma="|hardworking|" pos="JJ" wid="31">hardworking</w>
  <w id="32" lemma="|and|" pos="CC" wid="32">and</w>
  <w id="33" lemma="|well-qualified|" pos="JJ" wid="33">well-qualified</w>
  <w id="34" lemma="|christian|" pos="JJ" wid="34">Christian</w>
  <w id="35" lemma="|minority|" pos="NNS" wid="35">minorities</w>
  <w id="36" lemma="|make|" pos="VBP" wid="36">make</w>
  <w id="37" lemma="|to|" pos="TO" wid="37">to</w>
  <w id="38" lemma="|the|" pos="DT" wid="38">the</w>
  <w id="39" lemma="|growth|" pos="NN" wid="39">growth</w>
  <w id="40" lemma="|of|" pos="IN" wid="40">of</w>
  <w id="41" lemma="|the|" pos="DT" wid="41">the</w>
  <w id="42" lemma="|common|" pos="JJ" wid="42">common</w>
  <w id="43" lemma="|homeland|" pos="NN" wid="43">homeland</w>
  <w id="44" lemma="|.|" pos="." wid="44">.</w>
</sentence>
<sentence id="12">
  <w id="0" lemma="|they|" pos="PRP" wid="0">They</w>
  <w id="1" lemma="|do|" pos="VBP" wid="1">do</w>
  <w id="2" lemma="|not|" pos="RB" wid="2">not</w>
  <w id="3" lemma="|ask|" pos="VB" wid="3">ask</w>
  <w id="4" lemma="|for|" pos="IN" wid="4">for</w>
  <w id="5" lemma="|privilege|" pos="NNS" wid="5">privileges</w>
  <w id="6" lemma="|but|" pos="CC" wid="6">but</w>
  <w id="7" lemma="|desire|" pos="NN" wid="7">desire</w>
  <w id="8" lemma="|only|" pos="RB" wid="8">only</w>
  <w id="9" lemma="|to|" pos="TO" wid="9">to</w>
  <w id="10" lemma="|be|" pos="VB" wid="10">be</w>
  <w id="11" lemma="|able|" pos="JJ" wid="11">able</w>
  <w id="12" lemma="|to|" pos="TO" wid="12">to</w>
  <w id="13" lemma="|continue|" pos="VB" wid="13">continue</w>
  <w id="14" lemma="|to|" pos="TO" wid="14">to</w>
  <w id="15" lemma="|live|" pos="VB" wid="15">live</w>
  <w id="16" lemma="|in|" pos="IN" wid="16">in</w>
  <w id="17" lemma="|they|" pos="PRP$" wid="17">their</w>
  <w id="18" lemma="|country|" pos="NN" wid="18">country</w>
  <w id="19" lemma="|with|" pos="IN" wid="19">with</w>
  <w id="20" lemma="|they|" pos="PRP$" wid="20">their</w>
  <w id="21" lemma="|fellow|" pos="JJ" wid="21">fellow</w>
  <w id="22" lemma="|citizen|" pos="NNS" wid="22">citizens</w>
  <w id="23" lemma="|as|" pos="IN" wid="23">as</w>
  <w id="24" lemma="|they|" pos="PRP" wid="24">they</w>
  <w id="25" lemma="|have|" pos="VBP" wid="25">have</w>
  <w id="26" lemma="|always|" pos="RB" wid="26">always</w>
  <w id="27" lemma="|live|" pos="VBN" wid="27">lived</w>
  <w id="28" lemma="|.|" pos="." wid="28">.</w>
</sentence>
<sentence id="13">
  <w id="0" lemma="|I|" pos="PRP" wid="0">I</w>
  <w id="1" lemma="|ask|" pos="VBP" wid="1">ask</w>
  <w id="2" lemma="|the|" pos="DT" wid="2">the</w>
  <w id="3" lemma="|civil|" pos="JJ" wid="3">civil</w>
  <w id="4" lemma="|and|" pos="CC" wid="4">and</w>
  <w id="5" lemma="|religious|" pos="JJ" wid="5">religious</w>
  <w id="6" lemma="|Authorities|" pos="NNP" wid="6">Authorities</w>
  <w id="7" lemma="|concern|" pos="VBN" wid="7">concerned</w>
  <w id="8" lemma="|to|" pos="TO" wid="8">to</w>
  <w id="9" lemma="|spare|" pos="VB" wid="9">spare</w>
  <w id="10" lemma="|no|" pos="DT" wid="10">no</w>
  <w id="11" lemma="|effort|" pos="NNS" wid="11">efforts</w>
  <w id="12" lemma="|to|" pos="TO" wid="12">to</w>
  <w id="13" lemma="|ensure|" pos="VB" wid="13">ensure</w>
  <w id="14" lemma="|that|" pos="IN" wid="14">that</w>
  <w id="15" lemma="|legality|" pos="NN" wid="15">legality</w>
  <w id="16" lemma="|and|" pos="CC" wid="16">and</w>
  <w id="17" lemma="|civil|" pos="JJ" wid="17">civil</w>
  <w id="18" lemma="|coexistence|" pos="NN" wid="18">coexistence</w>
  <w id="19" lemma="|be|" pos="VBP" wid="19">are</w>
  <w id="20" lemma="|soon|" pos="RB" wid="20">soon</w>
  <w id="21" lemma="|re-established|" pos="JJ" wid="21">re-established</w>
  <w id="22" lemma="|so|" pos="IN" wid="22">so</w>
  <w id="23" lemma="|that|" pos="IN" wid="23">that</w>
  <w id="24" lemma="|honest|" pos="JJ" wid="24">honest</w>
  <w id="25" lemma="|and|" pos="CC" wid="25">and</w>
  <w id="26" lemma="|loyal|" pos="JJ" wid="26">loyal</w>
  <w id="27" lemma="|citizen|" pos="NNS" wid="27">citizens</w>
  <w id="28" lemma="|may|" pos="MD" wid="28">may</w>
  <w id="29" lemma="|be|" pos="VB" wid="29">be</w>
  <w id="30" lemma="|able|" pos="JJ" wid="30">able</w>
  <w id="31" lemma="|to|" pos="TO" wid="31">to</w>
  <w id="32" lemma="|count|" pos="VB" wid="32">count</w>
  <w id="33" lemma="|on|" pos="IN" wid="33">on</w>
  <w id="34" lemma="|the|" pos="DT" wid="34">the</w>
  <w id="35" lemma="|adequate|" pos="JJ" wid="35">adequate</w>
  <w id="36" lemma="|protection|" pos="NN" wid="36">protection</w>
  <w id="37" lemma="|of|" pos="IN" wid="37">of</w>
  <w id="38" lemma="|state|" pos="NN" wid="38">State</w>
  <w id="39" lemma="|institution|" pos="NNS" wid="39">institutions</w>
  <w id="40" lemma="|.|" pos="." wid="40">.</w>
</sentence>
<sentence id="14">
  <w id="0" lemma="|I|" pos="PRP" wid="0">I</w>
  <w id="1" lemma="|also|" pos="RB" wid="1">also</w>
  <w id="2" lemma="|hope|" pos="VBP" wid="2">hope</w>
  <w id="3" lemma="|that|" pos="IN" wid="3">that</w>
  <w id="4" lemma="|the|" pos="DT" wid="4">the</w>
  <w id="5" lemma="|civil|" pos="JJ" wid="5">civil</w>
  <w id="6" lemma="|and|" pos="CC" wid="6">and</w>
  <w id="7" lemma="|religious|" pos="JJ" wid="7">religious</w>
  <w id="8" lemma="|leader|" pos="NNS" wid="8">leaders</w>
  <w id="9" lemma="|of|" pos="IN" wid="9">of</w>
  <w id="10" lemma="|all|" pos="DT" wid="10">all</w>
  <w id="11" lemma="|country|" pos="NNS" wid="11">countries</w>
  <w id="12" lemma="|,|" pos="," wid="12">,</w>
  <w id="13" lemma="|aware|" pos="JJ" wid="13">aware</w>
  <w id="14" lemma="|of|" pos="IN" wid="14">of</w>
  <w id="15" lemma="|they|" pos="PRP$" wid="15">their</w>
  <w id="16" lemma="|role|" pos="NN" wid="16">role</w>
  <w id="17" lemma="|as|" pos="IN" wid="17">as</w>
  <w id="18" lemma="|a|" pos="DT" wid="18">a</w>
  <w id="19" lemma="|guide|" pos="NN" wid="19">guide</w>
  <w id="20" lemma="|and|" pos="CC" wid="20">and</w>
  <w id="21" lemma="|reference|" pos="NN" wid="21">reference</w>
  <w id="22" lemma="|for|" pos="IN" wid="22">for</w>
  <w id="23" lemma="|the|" pos="DT" wid="23">the</w>
  <w id="24" lemma="|population|" pos="NN" wid="24">population</w>
  <w id="25" lemma="|,|" pos="," wid="25">,</w>
  <w id="26" lemma="|will|" pos="MD" wid="26">will</w>
  <w id="27" lemma="|make|" pos="VB" wid="27">make</w>
  <w id="28" lemma="|significant|" pos="JJ" wid="28">significant</w>
  <w id="29" lemma="|and|" pos="CC" wid="29">and</w>
  <w id="30" lemma="|explicit|" pos="JJ" wid="30">explicit</w>
  <w id="31" lemma="|gesture|" pos="NNS" wid="31">gestures</w>
  <w id="32" lemma="|of|" pos="IN" wid="32">of</w>
  <w id="33" lemma="|friendship|" pos="NN" wid="33">friendship</w>
  <w id="34" lemma="|and|" pos="CC" wid="34">and</w>
  <w id="35" lemma="|consideration|" pos="NN" wid="35">consideration</w>
  <w id="36" lemma="|to|" pos="TO" wid="36">to</w>
  <w id="37" lemma="|minority|" pos="NNS" wid="37">minorities</w>
  <w id="38" lemma="|whether|" pos="IN" wid="38">whether</w>
  <w id="39" lemma="|they|" pos="PRP" wid="39">they</w>
  <w id="40" lemma="|be|" pos="VBP" wid="40">are</w>
  <w id="41" lemma="|Christian|" pos="NNP" wid="41">Christian</w>
  <w id="42" lemma="|or|" pos="CC" wid="42">or</w>
  <w id="43" lemma="|belong|" pos="VB" wid="43">belong</w>
  <w id="44" lemma="|to|" pos="TO" wid="44">to</w>
  <w id="45" lemma="|other|" pos="JJ" wid="45">other</w>
  <w id="46" lemma="|religion|" pos="NNS" wid="46">religions</w>
  <w id="47" lemma="|and|" pos="CC" wid="47">and</w>
  <w id="48" lemma="|make|" pos="VB" wid="48">make</w>
  <w id="49" lemma="|the|" pos="DT" wid="49">the</w>
  <w id="50" lemma="|defence|" pos="NN" wid="50">defence</w>
  <w id="51" lemma="|of|" pos="IN" wid="51">of</w>
  <w id="52" lemma="|they|" pos="PRP$" wid="52">their</w>
  <w id="53" lemma="|legitimate|" pos="JJ" wid="53">legitimate</w>
  <w id="54" lemma="|rights|" pos="NNS" wid="54">rights</w>
  <w id="55" lemma="|a|" pos="DT" wid="55">a</w>
  <w id="56" lemma="|point|" pos="NN" wid="56">point</w>
  <w id="57" lemma="|of|" pos="IN" wid="57">of</w>
  <w id="58" lemma="|honour|" pos="NN" wid="58">honour</w>
  <w id="59" lemma="|.|" pos="." wid="59">.</w>
</sentence>
<sentence id="15">
  <w id="0" lemma="|I|" pos="PRP" wid="0">I</w>
  <w id="1" lemma="|be|" pos="VBP" wid="1">am</w>
  <w id="2" lemma="|also|" pos="RB" wid="2">also</w>
  <w id="3" lemma="|please|" pos="VBN" wid="3">pleased</w>
  <w id="4" lemma="|to|" pos="TO" wid="4">to</w>
  <w id="5" lemma="|inform|" pos="VB" wid="5">inform</w>
  <w id="6" lemma="|you|" pos="PRP" wid="6">you</w>
  <w id="7" lemma="|who|" pos="WP" wid="7">who</w>
  <w id="8" lemma="|be|" pos="VBP" wid="8">are</w>
  <w id="9" lemma="|present|" pos="JJ" wid="9">present</w>
  <w id="10" lemma="|here|" pos="RB" wid="10">here</w>
  <w id="11" lemma="|of|" pos="IN" wid="11">of</w>
  <w id="12" lemma="|what|" pos="WP" wid="12">what</w>
  <w id="13" lemma="|I|" pos="PRP" wid="13">I</w>
  <w id="14" lemma="|announce|" pos="VBD" wid="14">announced</w>
  <w id="15" lemma="|a|" pos="DT" wid="15">a</w>
  <w id="16" lemma="|little|" pos="JJ" wid="16">little</w>
  <w id="17" lemma="|while|" pos="NN" wid="17">while</w>
  <w id="18" lemma="|ago|" pos="RB" wid="18">ago</w>
  <w id="19" lemma="|during|" pos="IN" wid="19">during</w>
  <w id="20" lemma="|Holy|" pos="NNP" wid="20">Holy</w>
  <w id="21" lemma="|Mass|" pos="NNP" wid="21">Mass</w>
  <w id="22" lemma="|:|" pos=":" wid="22">:</w>
  <w id="23" lemma="|the|" pos="DT" wid="23">the</w>
  <w id="24" lemma="|second|" pos="JJ" wid="24">Second</w>
  <w id="25" lemma="|special|" pos="JJ" wid="25">Special</w>
  <w id="26" lemma="|assembly|" pos="NN" wid="26">Assembly</w>
  <w id="27" lemma="|of|" pos="IN" wid="27">of</w>
  <w id="28" lemma="|the|" pos="DT" wid="28">the</w>
  <w id="29" lemma="|synod|" pos="NN" wid="29">Synod</w>
  <w id="30" lemma="|of|" pos="IN" wid="30">of</w>
  <w id="31" lemma="|bishop|" pos="NNS" wid="31">Bishops</w>
  <w id="32" lemma="|for|" pos="IN" wid="32">for</w>
  <w id="33" lemma="|Africa|" pos="NNP" wid="33">Africa</w>
  <w id="34" lemma="|will|" pos="MD" wid="34">will</w>
  <w id="35" lemma="|be|" pos="VB" wid="35">be</w>
  <w id="36" lemma="|hold|" pos="VBN" wid="36">held</w>
  <w id="37" lemma="|here|" pos="RB" wid="37">here</w>
  <w id="38" lemma="|in|" pos="IN" wid="38">in</w>
  <w id="39" lemma="|Rome|" pos="NNP" wid="39">Rome</w>
  <w id="40" lemma="|in|" pos="IN" wid="40">in</w>
  <w id="41" lemma="|October|" pos="NNP" wid="41">October</w>
  <w id="42" lemma="|of|" pos="IN" wid="42">of</w>
  <w id="43" lemma="|next|" pos="JJ" wid="43">next</w>
  <w id="44" lemma="|year|" pos="NN" wid="44">year</w>
  <w id="45" lemma="|.|" pos="." wid="45">.</w>
</sentence>
<sentence id="16">
  <w id="0" lemma="|before|" pos="IN" wid="0">Before</w>
  <w id="1" lemma="|then|" pos="RB" wid="1">then</w>
  <w id="2" lemma="|,|" pos="," wid="2">,</w>
  <w id="3" lemma="|please|" pos="VB" wid="3">please</w>
  <w id="4" lemma="|God|" pos="NNP" wid="4">God</w>
  <w id="5" lemma="|,|" pos="," wid="5">,</w>
  <w id="6" lemma="|I|" pos="PRP" wid="6">I</w>
  <w id="7" lemma="|intend|" pos="VBP" wid="7">intend</w>
  <w id="8" lemma="|to|" pos="TO" wid="8">to</w>
  <w id="9" lemma="|go|" pos="VB" wid="9">go</w>
  <w id="10" lemma="|to|" pos="TO" wid="10">to</w>
  <w id="11" lemma="|Africa|" pos="NNP" wid="11">Africa</w>
  <w id="12" lemma="|in|" pos="IN" wid="12">in</w>
  <w id="13" lemma="|the|" pos="DT" wid="13">the</w>
  <w id="14" lemma="|month|" pos="NN" wid="14">month</w>
  <w id="15" lemma="|of|" pos="IN" wid="15">of</w>
  <w id="16" lemma="|March|" pos="NNP" wid="16">March</w>
  <w id="17" lemma="|,|" pos="," wid="17">,</w>
  <w id="18" lemma="|to|" pos="TO" wid="18">to</w>
  <w id="19" lemma="|visit|" pos="VB" wid="19">visit</w>
  <w id="20" lemma="|first|" pos="JJ" wid="20">first</w>
  <w id="21" lemma="|Cameroon|" pos="NNP" wid="21">Cameroon</w>
  <w id="22" lemma="|,|" pos="," wid="22">,</w>
  <w id="23" lemma="|where|" pos="WRB" wid="23">where</w>
  <w id="24" lemma="|I|" pos="PRP" wid="24">I</w>
  <w id="25" lemma="|shall|" pos="MD" wid="25">shall</w>
  <w id="26" lemma="|present|" pos="VB" wid="26">present</w>
  <w id="27" lemma="|to|" pos="TO" wid="27">to</w>
  <w id="28" lemma="|the|" pos="DT" wid="28">the</w>
  <w id="29" lemma="|bishop|" pos="NNS" wid="29">Bishops</w>
  <w id="30" lemma="|of|" pos="IN" wid="30">of</w>
  <w id="31" lemma="|the|" pos="DT" wid="31">the</w>
  <w id="32" lemma="|Continent|" pos="NNP" wid="32">Continent</w>
  <w id="33" lemma="|the|" pos="DT" wid="33">the</w>
  <w id="34" lemma="|Instrumentum|" pos="NNP" wid="34">Instrumentum</w>
  <w id="35" lemma="|laboris|" pos="NN" wid="35">laboris</w>
  <w id="36" lemma="|of|" pos="IN" wid="36">of</w>
  <w id="37" lemma="|the|" pos="DT" wid="37">the</w>
  <w id="38" lemma="|Synod|" pos="NNP" wid="38">Synod</w>
  <w id="39" lemma="|,|" pos="," wid="39">,</w>
  <w id="40" lemma="|and|" pos="CC" wid="40">and</w>
  <w id="41" lemma="|then|" pos="RB" wid="41">then</w>
  <w id="42" lemma="|Angola|" pos="NNP" wid="42">Angola</w>
  <w id="43" lemma="|,|" pos="," wid="43">,</w>
  <w id="44" lemma="|on|" pos="IN" wid="44">on</w>
  <w id="45" lemma="|the|" pos="DT" wid="45">the</w>
  <w id="46" lemma="|occasion|" pos="NN" wid="46">occasion</w>
  <w id="47" lemma="|of|" pos="IN" wid="47">of</w>
  <w id="48" lemma="|the|" pos="DT" wid="48">the</w>
  <w id="49" lemma="|500th|" pos="JJ" wid="49">500th</w>
  <w id="50" lemma="|anniversary|" pos="NN" wid="50">anniversary</w>
  <w id="51" lemma="|of|" pos="IN" wid="51">of</w>
  <w id="52" lemma="|the|" pos="DT" wid="52">the</w>
  <w id="53" lemma="|evangelization|" pos="NN" wid="53">evangelization</w>
  <w id="54" lemma="|of|" pos="IN" wid="54">of</w>
  <w id="55" lemma="|that|" pos="DT" wid="55">that</w>
  <w id="56" lemma="|country|" pos="NN" wid="56">country</w>
  <w id="57" lemma="|.|" pos="." wid="57">.</w>
</sentence>
<sentence id="17">
  <w id="0" lemma="|let|" pos="VB" wid="0">Let</w>
  <w id="1" lemma="|we|" pos="PRP" wid="1">us</w>
  <w id="2" lemma="|entrust|" pos="VB" wid="2">entrust</w>
  <w id="3" lemma="|the|" pos="DT" wid="3">the</w>
  <w id="4" lemma="|suffering|" pos="NNS" wid="4">sufferings</w>
  <w id="5" lemma="|mention|" pos="VBN" wid="5">mentioned</w>
  <w id="6" lemma="|above|" pos="RB" wid="6">above</w>
  <w id="7" lemma="|,|" pos="," wid="7">,</w>
  <w id="8" lemma="|as|" pos="RB" wid="8">as</w>
  <w id="9" lemma="|well|" pos="RB" wid="9">well</w>
  <w id="10" lemma="|as|" pos="IN" wid="10">as</w>
  <w id="11" lemma="|the|" pos="DT" wid="11">the</w>
  <w id="12" lemma="|hope|" pos="NNS" wid="12">hopes</w>
  <w id="13" lemma="|that|" pos="IN" wid="13">that</w>
  <w id="14" lemma="|we|" pos="PRP" wid="14">we</w>
  <w id="15" lemma="|all|" pos="DT" wid="15">all</w>
  <w id="16" lemma="|carry|" pos="VBP" wid="16">carry</w>
  <w id="17" lemma="|in|" pos="IN" wid="17">in</w>
  <w id="18" lemma="|we|" pos="PRP$" wid="18">our</w>
  <w id="19" lemma="|heart|" pos="NNS" wid="19">hearts</w>
  <w id="20" lemma="|,|" pos="," wid="20">,</w>
  <w id="21" lemma="|and|" pos="CC" wid="21">and</w>
  <w id="22" lemma="|in|" pos="IN" wid="22">in</w>
  <w id="23" lemma="|particular|" pos="JJ" wid="23">particular</w>
  <w id="24" lemma="|the|" pos="DT" wid="24">the</w>
  <w id="25" lemma="|prospects|" pos="NNS" wid="25">prospects</w>
  <w id="26" lemma="|for|" pos="IN" wid="26">for</w>
  <w id="27" lemma="|the|" pos="DT" wid="27">the</w>
  <w id="28" lemma="|Synod|" pos="NNP" wid="28">Synod</w>
  <w id="29" lemma="|of|" pos="IN" wid="29">of</w>
  <w id="30" lemma="|Africa|" pos="NNP" wid="30">Africa</w>
  <w id="31" lemma="|,|" pos="," wid="31">,</w>
  <w id="32" lemma="|to|" pos="TO" wid="32">to</w>
  <w id="33" lemma="|the|" pos="DT" wid="33">the</w>
  <w id="34" lemma="|intercession|" pos="NN" wid="34">intercession</w>
  <w id="35" lemma="|of|" pos="IN" wid="35">of</w>
  <w id="36" lemma="|Mary|" pos="NNP" wid="36">Mary</w>
  <w id="37" lemma="|Most|" pos="NNP" wid="37">Most</w>
  <w id="38" lemma="|Holy|" pos="NNP" wid="38">Holy</w>
  <w id="39" lemma="|.|" pos="." wid="39">.</w>
</sentence>
<sentence id="18">
  <w id="0" lemma="|after|" pos="IN" wid="0">After</w>
  <w id="1" lemma="|the|" pos="DT" wid="1">the</w>
  <w id="2" lemma="|Angelus|" pos="NNP" wid="2">Angelus</w>
  <w id="3" lemma="|:|" pos=":" wid="3">:</w>
  <w id="4" lemma="|I|" pos="PRP" wid="4">I</w>
  <w id="5" lemma="|greet|" pos="VB" wid="5">greet</w>
  <w id="6" lemma="|all|" pos="PDT" wid="6">all</w>
  <w id="7" lemma="|the|" pos="DT" wid="7">the</w>
  <w id="8" lemma="|english-speaking|" pos="JJ" wid="8">English-speaking</w>
  <w id="9" lemma="|pilgrim|" pos="NNS" wid="9">pilgrims</w>
  <w id="10" lemma="|and|" pos="CC" wid="10">and</w>
  <w id="11" lemma="|visitor|" pos="NNS" wid="11">visitors</w>
  <w id="12" lemma="|present|" pos="JJ" wid="12">present</w>
  <w id="13" lemma="|at|" pos="IN" wid="13">at</w>
  <w id="14" lemma="|this|" pos="DT" wid="14">this</w>
  <w id="15" lemma="|Angelus|" pos="NNP" wid="15">Angelus</w>
  <w id="16" lemma="|,|" pos="," wid="16">,</w>
  <w id="17" lemma="|include|" pos="VBG" wid="17">including</w>
  <w id="18" lemma="|neocatechumenal|" pos="JJ" wid="18">neocatechumenal</w>
  <w id="19" lemma="|community|" pos="NNS" wid="19">communities</w>
  <w id="20" lemma="|from|" pos="IN" wid="20">from</w>
  <w id="21" lemma="|England|" pos="NNP" wid="21">England</w>
  <w id="22" lemma="|.|" pos="." wid="22">.</w>
</sentence>
<sentence id="19">
  <w id="0" lemma="|as|" pos="IN" wid="0">As</w>
  <w id="1" lemma="|the|" pos="DT" wid="1">the</w>
  <w id="2" lemma="|Synod|" pos="NNP" wid="2">Synod</w>
  <w id="3" lemma="|of|" pos="IN" wid="3">of</w>
  <w id="4" lemma="|bishop|" pos="NNS" wid="4">Bishops</w>
  <w id="5" lemma="|on|" pos="IN" wid="5">on</w>
  <w id="6" lemma="|the|" pos="DT" wid="6">the</w>
  <w id="7" lemma="|word|" pos="NN" wid="7">Word</w>
  <w id="8" lemma="|of|" pos="IN" wid="8">of</w>
  <w id="9" lemma="|God|" pos="NNP" wid="9">God</w>
  <w id="10" lemma="|conclude|" pos="VBZ" wid="10">concludes</w>
  <w id="11" lemma="|I|" pos="PRP" wid="11">I</w>
  <w id="12" lemma="|invite|" pos="VBP" wid="12">invite</w>
  <w id="13" lemma="|you|" pos="PRP" wid="13">you</w>
  <w id="14" lemma="|all|" pos="DT" wid="14">all</w>
  <w id="15" lemma="|to|" pos="TO" wid="15">to</w>
  <w id="16" lemma="|deepen|" pos="VB" wid="16">deepen</w>
  <w id="17" lemma="|you|" pos="PRP$" wid="17">your</w>
  <w id="18" lemma="|knowledge|" pos="NN" wid="18">knowledge</w>
  <w id="19" lemma="|of|" pos="IN" wid="19">of</w>
  <w id="20" lemma="|God|" pos="NNP" wid="20">God</w>
  <w id="21" lemma="|'s|" pos="POS" wid="21">'s</w>
  <w id="22" lemma="|word|" pos="NN" wid="22">Word</w>
  <w id="23" lemma="|which|" pos="WDT" wid="23">which</w>
  <w id="24" lemma="|vivify|" pos="VBZ" wid="24">vivifies</w>
  <w id="25" lemma="|we|" pos="PRP$" wid="25">our</w>
  <w id="26" lemma="|life|" pos="NN" wid="26">life</w>
  <w id="27" lemma="|and|" pos="CC" wid="27">and</w>
  <w id="28" lemma="|mission|" pos="NN" wid="28">mission</w>
  <w id="29" lemma="|as|" pos="IN" wid="29">as</w>
  <w id="30" lemma="|christian|" pos="NNS" wid="30">Christians</w>
  <w id="31" lemma="|.|" pos="." wid="31">.</w>
</sentence>
<sentence id="20">
  <w id="0" lemma="|today|" pos="NN" wid="0">Today</w>
  <w id="1" lemma="|'s|" pos="POS" wid="1">'s</w>
  <w id="2" lemma="|Gospel|" pos="NNP" wid="2">Gospel</w>
  <w id="3" lemma="|reading|" pos="NN" wid="3">reading</w>
  <w id="4" lemma="|remind|" pos="VBZ" wid="4">reminds</w>
  <w id="5" lemma="|we|" pos="PRP" wid="5">us</w>
  <w id="6" lemma="|of|" pos="IN" wid="6">of</w>
  <w id="7" lemma="|the|" pos="DT" wid="7">the</w>
  <w id="8" lemma="|heart|" pos="NN" wid="8">heart</w>
  <w id="9" lemma="|of|" pos="IN" wid="9">of</w>
  <w id="10" lemma="|we|" pos="PRP$" wid="10">our</w>
  <w id="11" lemma="|faith|" pos="NN" wid="11">faith</w>
  <w id="12" lemma="|:|" pos=":" wid="12">:</w>
  <w id="13" lemma="|love|" pos="NN" wid="13">love</w>
  <w id="14" lemma="|of|" pos="IN" wid="14">of</w>
  <w id="15" lemma="|God|" pos="NNP" wid="15">God</w>
  <w id="16" lemma="|and|" pos="CC" wid="16">and</w>
  <w id="17" lemma="|of|" pos="IN" wid="17">of</w>
  <w id="18" lemma="|neighbour|" pos="NN" wid="18">neighbour</w>
  <w id="19" lemma="|.|" pos="." wid="19">.</w>
</sentence>
<sentence id="21">
  <w id="0" lemma="|May|" pos="NNP" wid="0">May</w>
  <w id="1" lemma="|you|" pos="PRP$" wid="1">your</w>
  <w id="2" lemma="|time|" pos="NN" wid="2">time</w>
  <w id="3" lemma="|here|" pos="RB" wid="3">here</w>
  <w id="4" lemma="|in|" pos="IN" wid="4">in</w>
  <w id="5" lemma="|Rome|" pos="NNP" wid="5">Rome</w>
  <w id="6" lemma="|inspire|" pos="VB" wid="6">inspire</w>
  <w id="7" lemma="|you|" pos="PRP" wid="7">you</w>
  <w id="8" lemma="|to|" pos="TO" wid="8">to</w>
  <w id="9" lemma="|live|" pos="VB" wid="9">live</w>
  <w id="10" lemma="|ever|" pos="RB" wid="10">ever</w>
  <w id="11" lemma="|more|" pos="RBR" wid="11">more</w>
  <w id="12" lemma="|fully|" pos="RB" wid="12">fully</w>
  <w id="13" lemma="|God|" pos="NNP" wid="13">God</w>
  <w id="14" lemma="|'s|" pos="POS" wid="14">'s</w>
  <w id="15" lemma="|commandment|" pos="NN" wid="15">commandment</w>
  <w id="16" lemma="|of|" pos="IN" wid="16">of</w>
  <w id="17" lemma="|love|" pos="NN" wid="17">love</w>
  <w id="18" lemma="|,|" pos="," wid="18">,</w>
  <w id="19" lemma="|courageously|" pos="RB" wid="19">courageously</w>
  <w id="20" lemma="|bear|" pos="VBG" wid="20">bearing</w>
  <w id="21" lemma="|witness|" pos="NN" wid="21">witness</w>
  <w id="22" lemma="|to|" pos="TO" wid="22">to</w>
  <w id="23" lemma="|the|" pos="DT" wid="23">the</w>
  <w id="24" lemma="|way|" pos="NN" wid="24">way</w>
  <w id="25" lemma="|of|" pos="IN" wid="25">of</w>
  <w id="26" lemma="|Christ|" pos="NNP" wid="26">Christ</w>
  <w id="27" lemma="|.|" pos="." wid="27">.</w>
</sentence>
<sentence id="22">
  <w id="0" lemma="|upon|" pos="IN" wid="0">Upon</w>
  <w id="1" lemma="|you|" pos="PRP" wid="1">you</w>
  <w id="2" lemma="|and|" pos="CC" wid="2">and</w>
  <w id="3" lemma="|you|" pos="PRP$" wid="3">your</w>
  <w id="4" lemma="|family|" pos="NNS" wid="4">families</w>
  <w id="5" lemma="|,|" pos="," wid="5">,</w>
  <w id="6" lemma="|I|" pos="PRP" wid="6">I</w>
  <w id="7" lemma="|invoke|" pos="VBP" wid="7">invoke</w>
  <w id="8" lemma="|God|" pos="NNP" wid="8">God</w>
  <w id="9" lemma="|'s|" pos="POS" wid="9">'s</w>
  <w id="10" lemma="|abundant|" pos="JJ" wid="10">abundant</w>
  <w id="11" lemma="|blessing|" pos="NNS" wid="11">blessings</w>
  <w id="12" lemma="|of|" pos="IN" wid="12">of</w>
  <w id="13" lemma="|peace|" pos="NN" wid="13">peace</w>
  <w id="14" lemma="|and|" pos="CC" wid="14">and</w>
  <w id="15" lemma="|joy|" pos="NN" wid="15">joy</w>
  <w id="16" lemma="|!|" pos="." wid="16">!</w>
</sentence>
</corpus>