<corpus id="0">
<sentence id="0">
  <w id="0" lemma="|after|" pos="IN" wid="0">After</w>
  <w id="1" lemma="|the|" pos="DT" wid="1">the</w>
  <w id="2" lemma="|Angelus|" pos="NNP" wid="2">Angelus</w>
  <w id="3" lemma="|:|" pos=":" wid="3">:</w>
  <w id="4" lemma="|I|" pos="PRP" wid="4">I</w>
  <w id="5" lemma="|warmly|" pos="RB" wid="5">warmly</w>
  <w id="6" lemma="|welcome|" pos="VBP" wid="6">welcome</w>
  <w id="7" lemma="|the|" pos="DT" wid="7">the</w>
  <w id="8" lemma="|english-speaking|" pos="JJ" wid="8">English-speaking</w>
  <w id="9" lemma="|pilgrim|" pos="NNS" wid="9">pilgrims</w>
  <w id="10" lemma="|present|" pos="JJ" wid="10">present</w>
  <w id="11" lemma="|at|" pos="IN" wid="11">at</w>
  <w id="12" lemma="|this|" pos="DT" wid="12">this</w>
  <w id="13" lemma="|Angelus|" pos="NNP" wid="13">Angelus</w>
  <w id="14" lemma="|.|" pos="." wid="14">.</w>
</sentence>
<sentence id="1">
  <w id="0" lemma="|in|" pos="IN" wid="0">In</w>
  <w id="1" lemma="|a|" pos="DT" wid="1">a</w>
  <w id="2" lemma="|special|" pos="JJ" wid="2">special</w>
  <w id="3" lemma="|way|" pos="NN" wid="3">way</w>
  <w id="4" lemma="|I|" pos="PRP" wid="4">I</w>
  <w id="5" lemma="|be|" pos="VBP" wid="5">am</w>
  <w id="6" lemma="|pleased|" pos="JJ" wid="6">pleased</w>
  <w id="7" lemma="|to|" pos="TO" wid="7">to</w>
  <w id="8" lemma="|greet|" pos="VB" wid="8">greet</w>
  <w id="9" lemma="|those|" pos="DT" wid="9">those</w>
  <w id="10" lemma="|take|" pos="VBG" wid="10">taking</w>
  <w id="11" lemma="|part|" pos="NN" wid="11">part</w>
  <w id="12" lemma="|in|" pos="IN" wid="12">in</w>
  <w id="13" lemma="|the|" pos="DT" wid="13">the</w>
  <w id="14" lemma="|Interamnia|" pos="NNP" wid="14">Interamnia</w>
  <w id="15" lemma="|World|" pos="NNP" wid="15">World</w>
  <w id="16" lemma="|Cup|" pos="NNP" wid="16">Cup</w>
  <w id="17" lemma="|handball|" pos="NN" wid="17">handball</w>
  <w id="18" lemma="|tournament|" pos="NN" wid="18">tournament</w>
  <w id="19" lemma="|in|" pos="IN" wid="19">in</w>
  <w id="20" lemma="|Teramo|" pos="NNP" wid="20">Teramo</w>
  <w id="21" lemma="|,|" pos="," wid="21">,</w>
  <w id="22" lemma="|Italy|" pos="NNP" wid="22">Italy</w>
  <w id="23" lemma="|.|" pos="." wid="23">.</w>
</sentence>
<sentence id="2">
  <w id="0" lemma="|the|" pos="DT" wid="0">The</w>
  <w id="1" lemma="|participant|" pos="NNS" wid="1">participants</w>
  <w id="2" lemma="|in|" pos="IN" wid="2">in</w>
  <w id="3" lemma="|this|" pos="DT" wid="3">this</w>
  <w id="4" lemma="|event|" pos="NN" wid="4">event</w>
  <w id="5" lemma="|come|" pos="VBN" wid="5">come</w>
  <w id="6" lemma="|from|" pos="IN" wid="6">from</w>
  <w id="7" lemma="|more|" pos="JJR" wid="7">more</w>
  <w id="8" lemma="|than|" pos="IN" wid="8">than</w>
  <w id="9" lemma="|100|" pos="CD" wid="9">100</w>
  <w id="10" lemma="|different|" pos="JJ" wid="10">different</w>
  <w id="11" lemma="|country|" pos="NNS" wid="11">countries</w>
  <w id="12" lemma="|,|" pos="," wid="12">,</w>
  <w id="13" lemma="|some|" pos="DT" wid="13">some</w>
  <w id="14" lemma="|of|" pos="IN" wid="14">of</w>
  <w id="15" lemma="|which|" pos="WDT" wid="15">which</w>
  <w id="16" lemma="|be|" pos="VBP" wid="16">are</w>
  <w id="17" lemma="|in|" pos="IN" wid="17">in</w>
  <w id="18" lemma="|conflict|" pos="NN" wid="18">conflict</w>
  <w id="19" lemma="|with|" pos="IN" wid="19">with</w>
  <w id="20" lemma="|each|" pos="DT" wid="20">each</w>
  <w id="21" lemma="|other|" pos="JJ" wid="21">other</w>
  <w id="22" lemma="|.|" pos="." wid="22">.</w>
</sentence>
<sentence id="3">
  <w id="0" lemma="|yet|" pos="RB" wid="0">Yet</w>
  <w id="1" lemma="|this|" pos="DT" wid="1">this</w>
  <w id="2" lemma="|peaceful|" pos="JJ" wid="2">peaceful</w>
  <w id="3" lemma="|gathering|" pos="NN" wid="3">gathering</w>
  <w id="4" lemma="|of|" pos="IN" wid="4">of</w>
  <w id="5" lemma="|athlete|" pos="NNS" wid="5">athletes</w>
  <w id="6" lemma="|be|" pos="VBZ" wid="6">is</w>
  <w id="7" lemma="|a|" pos="DT" wid="7">an</w>
  <w id="8" lemma="|example|" pos="NN" wid="8">example</w>
  <w id="9" lemma="|of|" pos="IN" wid="9">of</w>
  <w id="10" lemma="|how|" pos="WRB" wid="10">how</w>
  <w id="11" lemma="|sport|" pos="NNS" wid="11">sports</w>
  <w id="12" lemma="|can|" pos="MD" wid="12">can</w>
  <w id="13" lemma="|bring|" pos="VB" wid="13">bring</w>
  <w id="14" lemma="|we|" pos="PRP" wid="14">us</w>
  <w id="15" lemma="|together|" pos="RB" wid="15">together</w>
  <w id="16" lemma="|in|" pos="IN" wid="16">in</w>
  <w id="17" lemma="|the|" pos="DT" wid="17">the</w>
  <w id="18" lemma="|spirit|" pos="NN" wid="18">spirit</w>
  <w id="19" lemma="|of|" pos="IN" wid="19">of</w>
  <w id="20" lemma="|fellowship|" pos="NN" wid="20">fellowship</w>
  <w id="21" lemma="|between|" pos="IN" wid="21">between</w>
  <w id="22" lemma="|people|" pos="NNS" wid="22">peoples</w>
  <w id="23" lemma="|and|" pos="CC" wid="23">and</w>
  <w id="24" lemma="|culture|" pos="NNS" wid="24">cultures</w>
  <w id="25" lemma="|.|" pos="." wid="25">.</w>
</sentence>
<sentence id="4">
  <w id="0" lemma="|sport|" pos="NNS" wid="0">Sports</w>
  <w id="1" lemma="|be|" pos="VBP" wid="1">are</w>
  <w id="2" lemma="|indeed|" pos="RB" wid="2">indeed</w>
  <w id="3" lemma="|a|" pos="DT" wid="3">a</w>
  <w id="4" lemma="|sign|" pos="NN" wid="4">sign</w>
  <w id="5" lemma="|that|" pos="IN" wid="5">that</w>
  <w id="6" lemma="|peace|" pos="NN" wid="6">peace</w>
  <w id="7" lemma="|be|" pos="VBZ" wid="7">is</w>
  <w id="8" lemma="|possible|" pos="JJ" wid="8">possible</w>
  <w id="9" lemma="|.|" pos="." wid="9">.</w>
</sentence>
<sentence id="5">
  <w id="0" lemma="|in|" pos="IN" wid="0">In</w>
  <w id="1" lemma="|today|" pos="NN" wid="1">today</w>
  <w id="2" lemma="|'s|" pos="POS" wid="2">'s</w>
  <w id="3" lemma="|gospel|" pos="NN" wid="3">Gospel</w>
  <w id="4" lemma="|we|" pos="PRP" wid="4">we</w>
  <w id="5" lemma="|be|" pos="VBP" wid="5">are</w>
  <w id="6" lemma="|remind|" pos="VBN" wid="6">reminded</w>
  <w id="7" lemma="|that|" pos="IN" wid="7">that</w>
  <w id="8" lemma="|the|" pos="DT" wid="8">the</w>
  <w id="9" lemma="|harvest|" pos="NN" wid="9">harvest</w>
  <w id="10" lemma="|be|" pos="VBZ" wid="10">is</w>
  <w id="11" lemma="|plenty|" pos="NN" wid="11">plenty</w>
  <w id="12" lemma="|but|" pos="CC" wid="12">but</w>
  <w id="13" lemma="|the|" pos="DT" wid="13">the</w>
  <w id="14" lemma="|labourer|" pos="NNS" wid="14">labourers</w>
  <w id="15" lemma="|be|" pos="VBP" wid="15">are</w>
  <w id="16" lemma="|few|" pos="JJ" wid="16">few</w>
  <w id="17" lemma="|.|" pos="." wid="17">.</w>
</sentence>
<sentence id="6">
  <w id="0" lemma="|let|" pos="VB" wid="0">Let</w>
  <w id="1" lemma="|we|" pos="PRP" wid="1">us</w>
  <w id="2" lemma="|all|" pos="DT" wid="2">all</w>
  <w id="3" lemma="|pray|" pos="NN" wid="3">pray</w>
  <w id="4" lemma="|that|" pos="IN" wid="4">that</w>
  <w id="5" lemma="|the|" pos="DT" wid="5">the</w>
  <w id="6" lemma="|Lord|" pos="NNP" wid="6">Lord</w>
  <w id="7" lemma="|of|" pos="IN" wid="7">of</w>
  <w id="8" lemma="|the|" pos="DT" wid="8">the</w>
  <w id="9" lemma="|Harvest|" pos="NNP" wid="9">Harvest</w>
  <w id="10" lemma="|will|" pos="MD" wid="10">will</w>
  <w id="11" lemma="|continue|" pos="VB" wid="11">continue</w>
  <w id="12" lemma="|to|" pos="TO" wid="12">to</w>
  <w id="13" lemma="|bless|" pos="VB" wid="13">bless</w>
  <w id="14" lemma="|he|" pos="PRP$" wid="14">his</w>
  <w id="15" lemma="|church|" pos="NN" wid="15">Church</w>
  <w id="16" lemma="|with|" pos="IN" wid="16">with</w>
  <w id="17" lemma="|confident|" pos="JJ" wid="17">confident</w>
  <w id="18" lemma="|and|" pos="CC" wid="18">and</w>
  <w id="19" lemma="|generous|" pos="JJ" wid="19">generous</w>
  <w id="20" lemma="|worker|" pos="NNS" wid="20">workers</w>
  <w id="21" lemma="|.|" pos="." wid="21">.</w>
</sentence>
<sentence id="7">
  <w id="0" lemma="|I|" pos="PRP" wid="0">I</w>
  <w id="1" lemma="|thank|" pos="VBP" wid="1">thank</w>
  <w id="2" lemma="|you|" pos="PRP" wid="2">you</w>
  <w id="3" lemma="|for|" pos="IN" wid="3">for</w>
  <w id="4" lemma="|you|" pos="PRP$" wid="4">your</w>
  <w id="5" lemma="|prayerful|" pos="JJ" wid="5">prayerful</w>
  <w id="6" lemma="|presence|" pos="NN" wid="6">presence</w>
  <w id="7" lemma="|,|" pos="," wid="7">,</w>
  <w id="8" lemma="|and|" pos="CC" wid="8">and</w>
  <w id="9" lemma="|I|" pos="PRP" wid="9">I</w>
  <w id="10" lemma="|invoke|" pos="VBP" wid="10">invoke</w>
  <w id="11" lemma="|the|" pos="DT" wid="11">the</w>
  <w id="12" lemma="|abundant|" pos="JJ" wid="12">abundant</w>
  <w id="13" lemma="|blessing|" pos="NNS" wid="13">Blessings</w>
  <w id="14" lemma="|of|" pos="IN" wid="14">of</w>
  <w id="15" lemma="|Almighty|" pos="NNP" wid="15">Almighty</w>
  <w id="16" lemma="|God|" pos="NNP" wid="16">God</w>
  <w id="17" lemma="|upon|" pos="IN" wid="17">upon</w>
  <w id="18" lemma="|you|" pos="PRP" wid="18">you</w>
  <w id="19" lemma="|and|" pos="CC" wid="19">and</w>
  <w id="20" lemma="|you|" pos="PRP$" wid="20">your</w>
  <w id="21" lemma="|family|" pos="NNS" wid="21">families</w>
  <w id="22" lemma="|.|" pos="." wid="22">.</w>
</sentence>
<sentence id="8">
  <w id="0" lemma="|I|" pos="PRP" wid="0">I</w>
  <w id="1" lemma="|wish|" pos="VBP" wid="1">wish</w>
  <w id="2" lemma="|you|" pos="PRP" wid="2">you</w>
  <w id="3" lemma="|all|" pos="PDT" wid="3">all</w>
  <w id="4" lemma="|a|" pos="DT" wid="4">a</w>
  <w id="5" lemma="|good|" pos="JJ" wid="5">good</w>
  <w id="6" lemma="|Sunday|" pos="NNP" wid="6">Sunday</w>
  <w id="7" lemma="|and|" pos="CC" wid="7">and</w>
  <w id="8" lemma="|a|" pos="DT" wid="8">a</w>
  <w id="9" lemma="|good|" pos="JJ" wid="9">good</w>
  <w id="10" lemma="|vacation|" pos="NN" wid="10">vacation</w>
  <w id="11" lemma="|.|" pos="." wid="11">.</w>
</sentence>
<sentence id="9">
  <w id="0" lemma="|good-bye|" pos="NN" wid="0">Good-bye</w>
  <w id="1" lemma="|!|" pos="." wid="1">!</w>
</sentence>
</corpus>