<corpus id="0">
<sentence id="0">
  <w id="0" lemma="|Dear|" pos="NNP" wid="0">Dear</w>
  <w id="1" lemma="|Brothers|" pos="NNPS" wid="1">Brothers</w>
  <w id="2" lemma="|and|" pos="CC" wid="2">and</w>
  <w id="3" lemma="|sister|" pos="NNS" wid="3">Sisters</w>
  <w id="4" lemma="|,|" pos="," wid="4">,</w>
  <w id="5" lemma="|in|" pos="IN" wid="5">In</w>
  <w id="6" lemma="|these|" pos="DT" wid="6">these</w>
  <w id="7" lemma="|day|" pos="NNS" wid="7">days</w>
  <w id="8" lemma="|of|" pos="IN" wid="8">of</w>
  <w id="9" lemma="|rest|" pos="NN" wid="9">rest</w>
  <w id="10" lemma="|which|" pos="WDT" wid="10">which</w>
  <w id="11" lemma="|thanks|" pos="NNS" wid="11">thanks</w>
  <w id="12" lemma="|to|" pos="TO" wid="12">to</w>
  <w id="13" lemma="|God|" pos="NNP" wid="13">God</w>
  <w id="14" lemma="|I|" pos="PRP" wid="14">I</w>
  <w id="15" lemma="|be|" pos="VBP" wid="15">am</w>
  <w id="16" lemma="|spend|" pos="VBG" wid="16">spending</w>
  <w id="17" lemma="|here|" pos="RB" wid="17">here</w>
  <w id="18" lemma="|in|" pos="IN" wid="18">in</w>
  <w id="19" lemma="|Cadore|" pos="NNP" wid="19">Cadore</w>
  <w id="20" lemma="|,|" pos="," wid="20">,</w>
  <w id="21" lemma="|I|" pos="PRP" wid="21">I</w>
  <w id="22" lemma="|feel|" pos="VBP" wid="22">feel</w>
  <w id="23" lemma="|even|" pos="RB" wid="23">even</w>
  <w id="24" lemma="|more|" pos="RBR" wid="24">more</w>
  <w id="25" lemma="|acutely|" pos="RB" wid="25">acutely</w>
  <w id="26" lemma="|the|" pos="DT" wid="26">the</w>
  <w id="27" lemma="|sorrowful|" pos="JJ" wid="27">sorrowful</w>
  <w id="28" lemma="|impact|" pos="NN" wid="28">impact</w>
  <w id="29" lemma="|of|" pos="IN" wid="29">of</w>
  <w id="30" lemma="|the|" pos="DT" wid="30">the</w>
  <w id="31" lemma="|news|" pos="NN" wid="31">news</w>
  <w id="32" lemma="|I|" pos="PRP" wid="32">I</w>
  <w id="33" lemma="|be|" pos="VBP" wid="33">am</w>
  <w id="34" lemma="|receive|" pos="VBG" wid="34">receiving</w>
  <w id="35" lemma="|about|" pos="IN" wid="35">about</w>
  <w id="36" lemma="|the|" pos="DT" wid="36">the</w>
  <w id="37" lemma="|bloodshed|" pos="NN" wid="37">bloodshed</w>
  <w id="38" lemma="|from|" pos="IN" wid="38">from</w>
  <w id="39" lemma="|conflict|" pos="NNS" wid="39">conflicts</w>
  <w id="40" lemma="|and|" pos="CC" wid="40">and</w>
  <w id="41" lemma="|the|" pos="DT" wid="41">the</w>
  <w id="42" lemma="|episode|" pos="NNS" wid="42">episodes</w>
  <w id="43" lemma="|of|" pos="IN" wid="43">of</w>
  <w id="44" lemma="|violence|" pos="NN" wid="44">violence</w>
  <w id="45" lemma="|happen|" pos="VBG" wid="45">happening</w>
  <w id="46" lemma="|in|" pos="IN" wid="46">in</w>
  <w id="47" lemma="|so|" pos="RB" wid="47">so</w>
  <w id="48" lemma="|many|" pos="JJ" wid="48">many</w>
  <w id="49" lemma="|part|" pos="NNS" wid="49">parts</w>
  <w id="50" lemma="|of|" pos="IN" wid="50">of</w>
  <w id="51" lemma="|the|" pos="DT" wid="51">the</w>
  <w id="52" lemma="|world|" pos="NN" wid="52">world</w>
  <w id="53" lemma="|.|" pos="." wid="53">.</w>
</sentence>
<sentence id="1">
  <w id="0" lemma="|this|" pos="DT" wid="0">This</w>
  <w id="1" lemma="|prompt|" pos="VBZ" wid="1">prompts</w>
  <w id="2" lemma="|I|" pos="PRP" wid="2">me</w>
  <w id="3" lemma="|to|" pos="TO" wid="3">to</w>
  <w id="4" lemma="|reflect|" pos="VB" wid="4">reflect</w>
  <w id="5" lemma="|once|" pos="RB" wid="5">once</w>
  <w id="6" lemma="|again|" pos="RB" wid="6">again</w>
  <w id="7" lemma="|today|" pos="NN" wid="7">today</w>
  <w id="8" lemma="|on|" pos="IN" wid="8">on</w>
  <w id="9" lemma="|the|" pos="DT" wid="9">the</w>
  <w id="10" lemma="|drama|" pos="NN" wid="10">drama</w>
  <w id="11" lemma="|of|" pos="IN" wid="11">of</w>
  <w id="12" lemma="|human|" pos="JJ" wid="12">human</w>
  <w id="13" lemma="|freedom|" pos="NN" wid="13">freedom</w>
  <w id="14" lemma="|in|" pos="IN" wid="14">in</w>
  <w id="15" lemma="|the|" pos="DT" wid="15">the</w>
  <w id="16" lemma="|world|" pos="NN" wid="16">world</w>
  <w id="17" lemma="|.|" pos="." wid="17">.</w>
</sentence>
<sentence id="2">
  <w id="0" lemma="|the|" pos="DT" wid="0">The</w>
  <w id="1" lemma="|beauty|" pos="NN" wid="1">beauty</w>
  <w id="2" lemma="|of|" pos="IN" wid="2">of</w>
  <w id="3" lemma="|nature|" pos="NN" wid="3">nature</w>
  <w id="4" lemma="|remind|" pos="VBZ" wid="4">reminds</w>
  <w id="5" lemma="|we|" pos="PRP" wid="5">us</w>
  <w id="6" lemma="|that|" pos="IN" wid="6">that</w>
  <w id="7" lemma="|we|" pos="PRP" wid="7">we</w>
  <w id="8" lemma="|have|" pos="VBP" wid="8">have</w>
  <w id="9" lemma="|be|" pos="VBN" wid="9">been</w>
  <w id="10" lemma="|appoint|" pos="VBN" wid="10">appointed</w>
  <w id="11" lemma="|by|" pos="IN" wid="11">by</w>
  <w id="12" lemma="|God|" pos="NNP" wid="12">God</w>
  <w id="13" lemma="|to|" pos="TO" wid="13">to</w>
  <w id="14" lemma="|``|" pos="``" wid="14">``</w>
  <w id="15" lemma="|tend|" pos="VB" wid="15">tend</w>
  <w id="16" lemma="|and|" pos="CC" wid="16">and</w>
  <w id="17" lemma="|care|" pos="VB" wid="17">care</w>
  <w id="18" lemma="|for|" pos="IN" wid="18">for</w>
  <w id="19" lemma="|''|" pos="''" wid="19">''</w>
  <w id="20" lemma="|this|" pos="DT" wid="20">this</w>
  <w id="21" lemma="|``|" pos="``" wid="21">``</w>
  <w id="22" lemma="|garden|" pos="NN" wid="22">garden</w>
  <w id="23" lemma="|''|" pos="''" wid="23">''</w>
  <w id="24" lemma="|which|" pos="WDT" wid="24">which</w>
  <w id="25" lemma="|be|" pos="VBZ" wid="25">is</w>
  <w id="26" lemma="|the|" pos="DT" wid="26">the</w>
  <w id="27" lemma="|earth|" pos="NN" wid="27">earth</w>
  <w id="28" lemma="|-lrb-|" pos="-LRB-" wid="28">-LRB-</w>
  <w id="29" lemma="|cf|" pos="NN" wid="29">cf</w>
  <w id="30" lemma="|.|" pos="." wid="30">.</w>
</sentence>
<sentence id="3">
  <w id="0" lemma="|gn|" pos="NN" wid="0">Gn</w>
  <w id="1" lemma="|2|" pos="CD" wid="1">2</w>
  <w id="2" lemma="|:|" pos=":" wid="2">:</w>
  <w id="3" lemma="|8-17|" pos="CD" wid="3">8-17</w>
  <w id="4" lemma="|-rrb-|" pos="-RRB-" wid="4">-RRB-</w>
  <w id="5" lemma="|,|" pos="," wid="5">,</w>
  <w id="6" lemma="|and|" pos="CC" wid="6">and</w>
  <w id="7" lemma="|I|" pos="PRP" wid="7">I</w>
  <w id="8" lemma="|see|" pos="VBP" wid="8">see</w>
  <w id="9" lemma="|that|" pos="IN" wid="9">that</w>
  <w id="10" lemma="|you|" pos="PRP" wid="10">you</w>
  <w id="11" lemma="|truly|" pos="RB" wid="11">truly</w>
  <w id="12" lemma="|tend|" pos="VB" wid="12">tend</w>
  <w id="13" lemma="|and|" pos="CC" wid="13">and</w>
  <w id="14" lemma="|take|" pos="VB" wid="14">take</w>
  <w id="15" lemma="|care|" pos="NN" wid="15">care</w>
  <w id="16" lemma="|of|" pos="IN" wid="16">of</w>
  <w id="17" lemma="|this|" pos="DT" wid="17">this</w>
  <w id="18" lemma="|beautiful|" pos="JJ" wid="18">beautiful</w>
  <w id="19" lemma="|garden|" pos="NN" wid="19">garden</w>
  <w id="20" lemma="|of|" pos="IN" wid="20">of</w>
  <w id="21" lemma="|God|" pos="NNP" wid="21">God</w>
  <w id="22" lemma="|,|" pos="," wid="22">,</w>
  <w id="23" lemma="|a|" pos="DT" wid="23">a</w>
  <w id="24" lemma="|true|" pos="JJ" wid="24">true</w>
  <w id="25" lemma="|paradise|" pos="NN" wid="25">paradise</w>
  <w id="26" lemma="|.|" pos="." wid="26">.</w>
</sentence>
<sentence id="4">
  <w id="0" lemma="|so|" pos="RB" wid="0">So</w>
  <w id="1" lemma="|,|" pos="," wid="1">,</w>
  <w id="2" lemma="|when|" pos="WRB" wid="2">when</w>
  <w id="3" lemma="|people|" pos="NNS" wid="3">people</w>
  <w id="4" lemma="|live|" pos="VBP" wid="4">live</w>
  <w id="5" lemma="|in|" pos="IN" wid="5">in</w>
  <w id="6" lemma="|peace|" pos="NN" wid="6">peace</w>
  <w id="7" lemma="|with|" pos="IN" wid="7">with</w>
  <w id="8" lemma="|God|" pos="NNP" wid="8">God</w>
  <w id="9" lemma="|and|" pos="CC" wid="9">and</w>
  <w id="10" lemma="|one|" pos="CD" wid="10">one</w>
  <w id="11" lemma="|another|" pos="DT" wid="11">another</w>
  <w id="12" lemma="|,|" pos="," wid="12">,</w>
  <w id="13" lemma="|the|" pos="DT" wid="13">the</w>
  <w id="14" lemma="|earth|" pos="NN" wid="14">earth</w>
  <w id="15" lemma="|truly|" pos="RB" wid="15">truly</w>
  <w id="16" lemma="|resemble|" pos="VBZ" wid="16">resembles</w>
  <w id="17" lemma="|a|" pos="DT" wid="17">a</w>
  <w id="18" lemma="|``|" pos="``" wid="18">``</w>
  <w id="19" lemma="|paradise|" pos="NN" wid="19">paradise</w>
  <w id="20" lemma="|''|" pos="''" wid="20">''</w>
  <w id="21" lemma="|.|" pos="." wid="21">.</w>
</sentence>
<sentence id="5">
  <w id="0" lemma="|unfortunately|" pos="RB" wid="0">Unfortunately</w>
  <w id="1" lemma="|,|" pos="," wid="1">,</w>
  <w id="2" lemma="|sin|" pos="NN" wid="2">sin</w>
  <w id="3" lemma="|ruin|" pos="NNS" wid="3">ruins</w>
  <w id="4" lemma="|ever|" pos="RB" wid="4">ever</w>
  <w id="5" lemma="|anew|" pos="RB" wid="5">anew</w>
  <w id="6" lemma="|this|" pos="DT" wid="6">this</w>
  <w id="7" lemma="|divine|" pos="JJ" wid="7">divine</w>
  <w id="8" lemma="|project|" pos="NN" wid="8">project</w>
  <w id="9" lemma="|,|" pos="," wid="9">,</w>
  <w id="10" lemma="|cause|" pos="VBG" wid="10">causing</w>
  <w id="11" lemma="|division|" pos="NN" wid="11">division</w>
  <w id="12" lemma="|and|" pos="CC" wid="12">and</w>
  <w id="13" lemma="|introduce|" pos="VBG" wid="13">introducing</w>
  <w id="14" lemma="|death|" pos="NN" wid="14">death</w>
  <w id="15" lemma="|into|" pos="IN" wid="15">into</w>
  <w id="16" lemma="|the|" pos="DT" wid="16">the</w>
  <w id="17" lemma="|world|" pos="NN" wid="17">world</w>
  <w id="18" lemma="|.|" pos="." wid="18">.</w>
</sentence>
<sentence id="6">
  <w id="0" lemma="|thus|" pos="RB" wid="0">Thus</w>
  <w id="1" lemma="|,|" pos="," wid="1">,</w>
  <w id="2" lemma="|humanity|" pos="NN" wid="2">humanity</w>
  <w id="3" lemma="|succumb|" pos="VBZ" wid="3">succumbs</w>
  <w id="4" lemma="|to|" pos="TO" wid="4">to</w>
  <w id="5" lemma="|the|" pos="DT" wid="5">the</w>
  <w id="6" lemma="|temptation|" pos="NNS" wid="6">temptations</w>
  <w id="7" lemma="|of|" pos="IN" wid="7">of</w>
  <w id="8" lemma="|the|" pos="DT" wid="8">the</w>
  <w id="9" lemma="|Evil|" pos="NNP" wid="9">Evil</w>
  <w id="10" lemma="|one|" pos="CD" wid="10">One</w>
  <w id="11" lemma="|and|" pos="CC" wid="11">and</w>
  <w id="12" lemma="|wages|" pos="NNS" wid="12">wages</w>
  <w id="13" lemma="|war|" pos="NN" wid="13">war</w>
  <w id="14" lemma="|against|" pos="IN" wid="14">against</w>
  <w id="15" lemma="|itself|" pos="PRP" wid="15">itself</w>
  <w id="16" lemma="|.|" pos="." wid="16">.</w>
</sentence>
<sentence id="7">
  <w id="0" lemma="|patch|" pos="NNS" wid="0">Patches</w>
  <w id="1" lemma="|of|" pos="IN" wid="1">of</w>
  <w id="2" lemma="|``|" pos="``" wid="2">``</w>
  <w id="3" lemma="|hell|" pos="NN" wid="3">hell</w>
  <w id="4" lemma="|''|" pos="''" wid="4">''</w>
  <w id="5" lemma="|be|" pos="VBP" wid="5">are</w>
  <w id="6" lemma="|consequently|" pos="RB" wid="6">consequently</w>
  <w id="7" lemma="|also|" pos="RB" wid="7">also</w>
  <w id="8" lemma="|create|" pos="VBN" wid="8">created</w>
  <w id="9" lemma="|in|" pos="IN" wid="9">in</w>
  <w id="10" lemma="|this|" pos="DT" wid="10">this</w>
  <w id="11" lemma="|marvellous|" pos="JJ" wid="11">marvellous</w>
  <w id="12" lemma="|``|" pos="``" wid="12">``</w>
  <w id="13" lemma="|garden|" pos="NN" wid="13">garden</w>
  <w id="14" lemma="|''|" pos="''" wid="14">''</w>
  <w id="15" lemma="|which|" pos="WDT" wid="15">which</w>
  <w id="16" lemma="|be|" pos="VBZ" wid="16">is</w>
  <w id="17" lemma="|the|" pos="DT" wid="17">the</w>
  <w id="18" lemma="|world|" pos="NN" wid="18">world</w>
  <w id="19" lemma="|.|" pos="." wid="19">.</w>
</sentence>
<sentence id="8">
  <w id="0" lemma="|in|" pos="IN" wid="0">In</w>
  <w id="1" lemma="|the|" pos="DT" wid="1">the</w>
  <w id="2" lemma="|midst|" pos="NN" wid="2">midst</w>
  <w id="3" lemma="|of|" pos="IN" wid="3">of</w>
  <w id="4" lemma="|this|" pos="DT" wid="4">this</w>
  <w id="5" lemma="|beauty|" pos="NN" wid="5">beauty</w>
  <w id="6" lemma="|,|" pos="," wid="6">,</w>
  <w id="7" lemma="|we|" pos="PRP" wid="7">we</w>
  <w id="8" lemma="|must|" pos="MD" wid="8">must</w>
  <w id="9" lemma="|never|" pos="RB" wid="9">never</w>
  <w id="10" lemma="|forget|" pos="VB" wid="10">forget</w>
  <w id="11" lemma="|the|" pos="DT" wid="11">the</w>
  <w id="12" lemma="|situation|" pos="NNS" wid="12">situations</w>
  <w id="13" lemma="|in|" pos="IN" wid="13">in</w>
  <w id="14" lemma="|which|" pos="WDT" wid="14">which</w>
  <w id="15" lemma="|we|" pos="PRP$" wid="15">our</w>
  <w id="16" lemma="|brother|" pos="NNS" wid="16">brothers</w>
  <w id="17" lemma="|and|" pos="CC" wid="17">and</w>
  <w id="18" lemma="|sister|" pos="NNS" wid="18">sisters</w>
  <w id="19" lemma="|at|" pos="IN" wid="19">at</w>
  <w id="20" lemma="|time|" pos="NNS" wid="20">times</w>
  <w id="21" lemma="|find|" pos="VBP" wid="21">find</w>
  <w id="22" lemma="|themselves|" pos="PRP" wid="22">themselves</w>
  <w id="23" lemma="|.|" pos="." wid="23">.</w>
</sentence>
<sentence id="9">
  <w id="0" lemma="|war|" pos="NN" wid="0">War</w>
  <w id="1" lemma="|,|" pos="," wid="1">,</w>
  <w id="2" lemma="|with|" pos="IN" wid="2">with</w>
  <w id="3" lemma="|its|" pos="PRP$" wid="3">its</w>
  <w id="4" lemma="|aftermath|" pos="NN" wid="4">aftermath</w>
  <w id="5" lemma="|of|" pos="IN" wid="5">of</w>
  <w id="6" lemma="|bereavement|" pos="NN" wid="6">bereavement</w>
  <w id="7" lemma="|and|" pos="CC" wid="7">and</w>
  <w id="8" lemma="|destruction|" pos="NN" wid="8">destruction</w>
  <w id="9" lemma="|,|" pos="," wid="9">,</w>
  <w id="10" lemma="|have|" pos="VBZ" wid="10">has</w>
  <w id="11" lemma="|always|" pos="RB" wid="11">always</w>
  <w id="12" lemma="|be|" pos="VBN" wid="12">been</w>
  <w id="13" lemma="|deem|" pos="VBN" wid="13">deemed</w>
  <w id="14" lemma="|a|" pos="DT" wid="14">a</w>
  <w id="15" lemma="|disaster|" pos="NN" wid="15">disaster</w>
  <w id="16" lemma="|in|" pos="IN" wid="16">in</w>
  <w id="17" lemma="|opposition|" pos="NN" wid="17">opposition</w>
  <w id="18" lemma="|to|" pos="TO" wid="18">to</w>
  <w id="19" lemma="|the|" pos="DT" wid="19">the</w>
  <w id="20" lemma="|plan|" pos="NN" wid="20">plan</w>
  <w id="21" lemma="|of|" pos="IN" wid="21">of</w>
  <w id="22" lemma="|God|" pos="NNP" wid="22">God</w>
  <w id="23" lemma="|,|" pos="," wid="23">,</w>
  <w id="24" lemma="|who|" pos="WP" wid="24">who</w>
  <w id="25" lemma="|create|" pos="VBD" wid="25">created</w>
  <w id="26" lemma="|all|" pos="DT" wid="26">all</w>
  <w id="27" lemma="|thing|" pos="NNS" wid="27">things</w>
  <w id="28" lemma="|for|" pos="IN" wid="28">for</w>
  <w id="29" lemma="|existence|" pos="NN" wid="29">existence</w>
  <w id="30" lemma="|and|" pos="CC" wid="30">and</w>
  <w id="31" lemma="|particularly|" pos="RB" wid="31">particularly</w>
  <w id="32" lemma="|want|" pos="VBZ" wid="32">wants</w>
  <w id="33" lemma="|to|" pos="TO" wid="33">to</w>
  <w id="34" lemma="|make|" pos="VB" wid="34">make</w>
  <w id="35" lemma="|the|" pos="DT" wid="35">the</w>
  <w id="36" lemma="|human|" pos="JJ" wid="36">human</w>
  <w id="37" lemma="|race|" pos="NN" wid="37">race</w>
  <w id="38" lemma="|one|" pos="CD" wid="38">one</w>
  <w id="39" lemma="|family|" pos="NN" wid="39">family</w>
  <w id="40" lemma="|.|" pos="." wid="40">.</w>
</sentence>
<sentence id="10">
  <w id="0" lemma="|I|" pos="PRP" wid="0">I</w>
  <w id="1" lemma="|can|" pos="MD" wid="1">can</w>
  <w id="2" lemma="|not|" pos="RB" wid="2">not</w>
  <w id="3" lemma="|avoid|" pos="VB" wid="3">avoid</w>
  <w id="4" lemma="|here|" pos="RB" wid="4">here</w>
  <w id="5" lemma="|call|" pos="VBG" wid="5">calling</w>
  <w id="6" lemma="|to|" pos="TO" wid="6">to</w>
  <w id="7" lemma="|mind|" pos="VB" wid="7">mind</w>
  <w id="8" lemma="|a|" pos="DT" wid="8">a</w>
  <w id="9" lemma="|significant|" pos="JJ" wid="9">significant</w>
  <w id="10" lemma="|date|" pos="NN" wid="10">date</w>
  <w id="11" lemma="|:|" pos=":" wid="11">:</w>
  <w id="12" lemma="|1|" pos="CD" wid="12">1</w>
  <w id="13" lemma="|August|" pos="NNP" wid="13">August</w>
  <w id="14" lemma="|1917|" pos="CD" wid="14">1917</w>
  <w id="15" lemma="|-|" pos=":" wid="15">-</w>
  <w id="16" lemma="|exactly|" pos="RB" wid="16">exactly</w>
  <w id="17" lemma="|90|" pos="CD" wid="17">90</w>
  <w id="18" lemma="|year|" pos="NNS" wid="18">years</w>
  <w id="19" lemma="|ago|" pos="RB" wid="19">ago</w>
  <w id="20" lemma="|-|" pos=":" wid="20">-</w>
  <w id="21" lemma="|on|" pos="IN" wid="21">on</w>
  <w id="22" lemma="|which|" pos="WDT" wid="22">which</w>
  <w id="23" lemma="|my|" pos="PRP$" wid="23">my</w>
  <w id="24" lemma="|venerable|" pos="JJ" wid="24">venerable</w>
  <w id="25" lemma="|Predecessor|" pos="NNP" wid="25">Predecessor</w>
  <w id="26" lemma="|,|" pos="," wid="26">,</w>
  <w id="27" lemma="|Pope|" pos="NNP" wid="27">Pope</w>
  <w id="28" lemma="|Benedict|" pos="NNP" wid="28">Benedict</w>
  <w id="29" lemma="|XV|" pos="NNP" wid="29">XV</w>
  <w id="30" lemma="|,|" pos="," wid="30">,</w>
  <w id="31" lemma="|address|" pos="VBD" wid="31">addressed</w>
  <w id="32" lemma="|he|" pos="PRP$" wid="32">his</w>
  <w id="33" lemma="|famous|" pos="JJ" wid="33">famous</w>
  <w id="34" lemma="|note|" pos="NN" wid="34">Note</w>
  <w id="35" lemma="|to|" pos="TO" wid="35">to</w>
  <w id="36" lemma="|the|" pos="DT" wid="36">the</w>
  <w id="37" lemma="|Heads|" pos="NNPS" wid="37">Heads</w>
  <w id="38" lemma="|of|" pos="IN" wid="38">of</w>
  <w id="39" lemma="|Belligerent|" pos="NNP" wid="39">Belligerent</w>
  <w id="40" lemma="|Peoples|" pos="NNPS" wid="40">Peoples</w>
  <w id="41" lemma="|,|" pos="," wid="41">,</w>
  <w id="42" lemma="|call|" pos="VBG" wid="42">calling</w>
  <w id="43" lemma="|for|" pos="IN" wid="43">for</w>
  <w id="44" lemma="|a|" pos="DT" wid="44">an</w>
  <w id="45" lemma="|end|" pos="NN" wid="45">end</w>
  <w id="46" lemma="|to|" pos="TO" wid="46">to</w>
  <w id="47" lemma="|the|" pos="DT" wid="47">the</w>
  <w id="48" lemma="|first|" pos="JJ" wid="48">First</w>
  <w id="49" lemma="|world|" pos="NN" wid="49">World</w>
  <w id="50" lemma="|war|" pos="NN" wid="50">War</w>
  <w id="51" lemma="|-lrb-|" pos="-LRB-" wid="51">-LRB-</w>
  <w id="52" lemma="|cf|" pos="NN" wid="52">cf</w>
  <w id="53" lemma="|.|" pos="." wid="53">.</w>
</sentence>
<sentence id="11">
  <w id="0" lemma="|aas|" pos="NN" wid="0">AAS</w>
  <w id="1" lemma="|9|" pos="CD" wid="1">9</w>
  <w id="2" lemma="|-lsb-|" pos="-LRB-" wid="2">-LSB-</w>
  <w id="3" lemma="|1917|" pos="CD" wid="3">1917</w>
  <w id="4" lemma="|-rsb-|" pos="-RRB-" wid="4">-RSB-</w>
  <w id="5" lemma="|,|" pos="," wid="5">,</w>
  <w id="6" lemma="|417-420|" pos="CD" wid="6">417-420</w>
  <w id="7" lemma="|-rrb-|" pos="-RRB-" wid="7">-RRB-</w>
  <w id="8" lemma="|.|" pos="." wid="8">.</w>
</sentence>
<sentence id="12">
  <w id="0" lemma="|while|" pos="IN" wid="0">While</w>
  <w id="1" lemma="|that|" pos="DT" wid="1">that</w>
  <w id="2" lemma="|inhuman|" pos="JJ" wid="2">inhuman</w>
  <w id="3" lemma="|conflict|" pos="NN" wid="3">conflict</w>
  <w id="4" lemma="|be|" pos="VBD" wid="4">was</w>
  <w id="5" lemma="|rage|" pos="VBG" wid="5">raging</w>
  <w id="6" lemma="|,|" pos="," wid="6">,</w>
  <w id="7" lemma="|the|" pos="DT" wid="7">the</w>
  <w id="8" lemma="|Pope|" pos="NNP" wid="8">Pope</w>
  <w id="9" lemma="|have|" pos="VBD" wid="9">had</w>
  <w id="10" lemma="|the|" pos="DT" wid="10">the</w>
  <w id="11" lemma="|courage|" pos="NN" wid="11">courage</w>
  <w id="12" lemma="|to|" pos="TO" wid="12">to</w>
  <w id="13" lemma="|call|" pos="VB" wid="13">call</w>
  <w id="14" lemma="|it|" pos="PRP" wid="14">it</w>
  <w id="15" lemma="|a|" pos="DT" wid="15">a</w>
  <w id="16" lemma="|``|" pos="``" wid="16">``</w>
  <w id="17" lemma="|senseless|" pos="JJ" wid="17">senseless</w>
  <w id="18" lemma="|slaughter|" pos="NN" wid="18">slaughter</w>
  <w id="19" lemma="|''|" pos="''" wid="19">''</w>
  <w id="20" lemma="|.|" pos="." wid="20">.</w>
</sentence>
<sentence id="13">
  <w id="0" lemma="|he|" pos="PRP$" wid="0">His</w>
  <w id="1" lemma="|word|" pos="NNS" wid="1">words</w>
  <w id="2" lemma="|be|" pos="VBP" wid="2">are</w>
  <w id="3" lemma="|engrave|" pos="VBN" wid="3">engraved</w>
  <w id="4" lemma="|in|" pos="IN" wid="4">in</w>
  <w id="5" lemma="|history|" pos="NN" wid="5">history</w>
  <w id="6" lemma="|.|" pos="." wid="6">.</w>
</sentence>
<sentence id="14">
  <w id="0" lemma="|they|" pos="PRP" wid="0">They</w>
  <w id="1" lemma="|be|" pos="VBD" wid="1">were</w>
  <w id="2" lemma="|justify|" pos="VBN" wid="2">justified</w>
  <w id="3" lemma="|in|" pos="IN" wid="3">in</w>
  <w id="4" lemma="|the|" pos="DT" wid="4">the</w>
  <w id="5" lemma="|actual|" pos="JJ" wid="5">actual</w>
  <w id="6" lemma="|situation|" pos="NN" wid="6">situation</w>
  <w id="7" lemma="|of|" pos="IN" wid="7">of</w>
  <w id="8" lemma="|that|" pos="DT" wid="8">that</w>
  <w id="9" lemma="|summer|" pos="NN" wid="9">summer</w>
  <w id="10" lemma="|of|" pos="IN" wid="10">of</w>
  <w id="11" lemma="|1917|" pos="CD" wid="11">1917</w>
  <w id="12" lemma="|,|" pos="," wid="12">,</w>
  <w id="13" lemma="|especially|" pos="RB" wid="13">especially</w>
  <w id="14" lemma="|on|" pos="IN" wid="14">on</w>
  <w id="15" lemma="|this|" pos="DT" wid="15">this</w>
  <w id="16" lemma="|venetian|" pos="JJ" wid="16">Venetian</w>
  <w id="17" lemma="|front|" pos="NN" wid="17">front</w>
  <w id="18" lemma="|.|" pos="." wid="18">.</w>
</sentence>
<sentence id="15">
  <w id="0" lemma="|but|" pos="CC" wid="0">But</w>
  <w id="1" lemma="|these|" pos="DT" wid="1">these</w>
  <w id="2" lemma="|word|" pos="NNS" wid="2">words</w>
  <w id="3" lemma="|,|" pos="," wid="3">,</w>
  <w id="4" lemma="|``|" pos="``" wid="4">``</w>
  <w id="5" lemma="|senseless|" pos="JJ" wid="5">senseless</w>
  <w id="6" lemma="|slaughter|" pos="NN" wid="6">slaughter</w>
  <w id="7" lemma="|''|" pos="''" wid="7">''</w>
  <w id="8" lemma="|,|" pos="," wid="8">,</w>
  <w id="9" lemma="|also|" pos="RB" wid="9">also</w>
  <w id="10" lemma="|contain|" pos="VBP" wid="10">contain</w>
  <w id="11" lemma="|a|" pos="DT" wid="11">a</w>
  <w id="12" lemma="|broader|" pos="JJR" wid="12">broader</w>
  <w id="13" lemma="|,|" pos="," wid="13">,</w>
  <w id="14" lemma="|more|" pos="RBR" wid="14">more</w>
  <w id="15" lemma="|prophetic|" pos="JJ" wid="15">prophetic</w>
  <w id="16" lemma="|value|" pos="NN" wid="16">value</w>
  <w id="17" lemma="|and|" pos="CC" wid="17">and</w>
  <w id="18" lemma="|can|" pos="MD" wid="18">can</w>
  <w id="19" lemma="|be|" pos="VB" wid="19">be</w>
  <w id="20" lemma="|apply|" pos="VBN" wid="20">applied</w>
  <w id="21" lemma="|to|" pos="TO" wid="21">to</w>
  <w id="22" lemma="|many|" pos="JJ" wid="22">many</w>
  <w id="23" lemma="|other|" pos="JJ" wid="23">other</w>
  <w id="24" lemma="|conflict|" pos="NNS" wid="24">conflicts</w>
  <w id="25" lemma="|that|" pos="WDT" wid="25">that</w>
  <w id="26" lemma="|have|" pos="VBP" wid="26">have</w>
  <w id="27" lemma="|strike|" pos="VBN" wid="27">struck</w>
  <w id="28" lemma="|down|" pos="RP" wid="28">down</w>
  <w id="29" lemma="|countless|" pos="JJ" wid="29">countless</w>
  <w id="30" lemma="|human|" pos="JJ" wid="30">human</w>
  <w id="31" lemma="|life|" pos="NNS" wid="31">lives</w>
  <w id="32" lemma="|.|" pos="." wid="32">.</w>
</sentence>
<sentence id="16">
  <w id="0" lemma="|these|" pos="DT" wid="0">These</w>
  <w id="1" lemma="|very|" pos="JJ" wid="1">very</w>
  <w id="2" lemma="|region|" pos="NNS" wid="2">regions</w>
  <w id="3" lemma="|where|" pos="WRB" wid="3">where</w>
  <w id="4" lemma="|we|" pos="PRP" wid="4">we</w>
  <w id="5" lemma="|be|" pos="VBP" wid="5">are</w>
  <w id="6" lemma="|,|" pos="," wid="6">,</w>
  <w id="7" lemma="|which|" pos="WDT" wid="7">which</w>
  <w id="8" lemma="|themselves|" pos="PRP" wid="8">themselves</w>
  <w id="9" lemma="|speak|" pos="VBP" wid="9">speak</w>
  <w id="10" lemma="|of|" pos="IN" wid="10">of</w>
  <w id="11" lemma="|peace|" pos="NN" wid="11">peace</w>
  <w id="12" lemma="|,|" pos="," wid="12">,</w>
  <w id="13" lemma="|harmony|" pos="NN" wid="13">harmony</w>
  <w id="14" lemma="|and|" pos="CC" wid="14">and</w>
  <w id="15" lemma="|the|" pos="DT" wid="15">the</w>
  <w id="16" lemma="|Creator|" pos="NNP" wid="16">Creator</w>
  <w id="17" lemma="|'s|" pos="POS" wid="17">'s</w>
  <w id="18" lemma="|goodness|" pos="NN" wid="18">goodness</w>
  <w id="19" lemma="|,|" pos="," wid="19">,</w>
  <w id="20" lemma="|be|" pos="VBD" wid="20">were</w>
  <w id="21" lemma="|the|" pos="DT" wid="21">the</w>
  <w id="22" lemma="|theatre|" pos="NN" wid="22">theatre</w>
  <w id="23" lemma="|of|" pos="IN" wid="23">of</w>
  <w id="24" lemma="|the|" pos="DT" wid="24">the</w>
  <w id="25" lemma="|First|" pos="NNP" wid="25">First</w>
  <w id="26" lemma="|World|" pos="NNP" wid="26">World</w>
  <w id="27" lemma="|War|" pos="NNP" wid="27">War</w>
  <w id="28" lemma="|,|" pos="," wid="28">,</w>
  <w id="29" lemma="|as|" pos="IN" wid="29">as</w>
  <w id="30" lemma="|so|" pos="RB" wid="30">so</w>
  <w id="31" lemma="|many|" pos="JJ" wid="31">many</w>
  <w id="32" lemma="|testimony|" pos="NNS" wid="32">testimonies</w>
  <w id="33" lemma="|and|" pos="CC" wid="33">and</w>
  <w id="34" lemma="|several|" pos="JJ" wid="34">several</w>
  <w id="35" lemma="|move|" pos="VBG" wid="35">moving</w>
  <w id="36" lemma="|Alpine|" pos="NNP" wid="36">Alpine</w>
  <w id="37" lemma="|song|" pos="NNS" wid="37">songs</w>
  <w id="38" lemma="|still|" pos="RB" wid="38">still</w>
  <w id="39" lemma="|recall|" pos="VBP" wid="39">recall</w>
  <w id="40" lemma="|.|" pos="." wid="40">.</w>
</sentence>
<sentence id="17">
  <w id="0" lemma="|these|" pos="DT" wid="0">These</w>
  <w id="1" lemma="|event|" pos="NNS" wid="1">events</w>
  <w id="2" lemma="|must|" pos="MD" wid="2">must</w>
  <w id="3" lemma="|not|" pos="RB" wid="3">not</w>
  <w id="4" lemma="|be|" pos="VB" wid="4">be</w>
  <w id="5" lemma="|forget|" pos="VBN" wid="5">forgotten</w>
  <w id="6" lemma="|!|" pos="." wid="6">!</w>
</sentence>
<sentence id="18">
  <w id="0" lemma="|we|" pos="PRP" wid="0">We</w>
  <w id="1" lemma="|must|" pos="MD" wid="1">must</w>
  <w id="2" lemma="|remember|" pos="VB" wid="2">remember</w>
  <w id="3" lemma="|the|" pos="DT" wid="3">the</w>
  <w id="4" lemma="|negative|" pos="JJ" wid="4">negative</w>
  <w id="5" lemma="|experience|" pos="NNS" wid="5">experiences</w>
  <w id="6" lemma="|we|" pos="PRP$" wid="6">our</w>
  <w id="7" lemma="|forebear|" pos="NNS" wid="7">forebears</w>
  <w id="8" lemma="|unfortunately|" pos="RB" wid="8">unfortunately</w>
  <w id="9" lemma="|suffer|" pos="VBD" wid="9">suffered</w>
  <w id="10" lemma="|in|" pos="IN" wid="10">in</w>
  <w id="11" lemma="|order|" pos="NN" wid="11">order</w>
  <w id="12" lemma="|not|" pos="RB" wid="12">not</w>
  <w id="13" lemma="|to|" pos="TO" wid="13">to</w>
  <w id="14" lemma="|repeat|" pos="VB" wid="14">repeat</w>
  <w id="15" lemma="|they|" pos="PRP" wid="15">them</w>
  <w id="16" lemma="|.|" pos="." wid="16">.</w>
</sentence>
<sentence id="19">
  <w id="0" lemma="|Pope|" pos="NNP" wid="0">Pope</w>
  <w id="1" lemma="|Benedict|" pos="NNP" wid="1">Benedict</w>
  <w id="2" lemma="|XV|" pos="NNP" wid="2">XV</w>
  <w id="3" lemma="|'s|" pos="POS" wid="3">'s</w>
  <w id="4" lemma="|note|" pos="NN" wid="4">Note</w>
  <w id="5" lemma="|be|" pos="VBD" wid="5">was</w>
  <w id="6" lemma="|not|" pos="RB" wid="6">not</w>
  <w id="7" lemma="|limit|" pos="VBN" wid="7">limited</w>
  <w id="8" lemma="|to|" pos="TO" wid="8">to</w>
  <w id="9" lemma="|condemn|" pos="VBG" wid="9">condemning</w>
  <w id="10" lemma="|the|" pos="DT" wid="10">the</w>
  <w id="11" lemma="|war|" pos="NN" wid="11">war</w>
  <w id="12" lemma="|;|" pos=":" wid="12">;</w>
  <w id="13" lemma="|it|" pos="PRP" wid="13">it</w>
  <w id="14" lemma="|also|" pos="RB" wid="14">also</w>
  <w id="15" lemma="|point|" pos="VBD" wid="15">pointed</w>
  <w id="16" lemma="|out|" pos="RP" wid="16">out</w>
  <w id="17" lemma="|in|" pos="IN" wid="17">in</w>
  <w id="18" lemma="|a|" pos="DT" wid="18">a</w>
  <w id="19" lemma="|juridical|" pos="JJ" wid="19">juridical</w>
  <w id="20" lemma="|perspective|" pos="NN" wid="20">perspective</w>
  <w id="21" lemma="|way|" pos="NNS" wid="21">ways</w>
  <w id="22" lemma="|to|" pos="TO" wid="22">to</w>
  <w id="23" lemma="|build|" pos="VB" wid="23">build</w>
  <w id="24" lemma="|a|" pos="DT" wid="24">a</w>
  <w id="25" lemma="|just|" pos="JJ" wid="25">just</w>
  <w id="26" lemma="|and|" pos="CC" wid="26">and</w>
  <w id="27" lemma="|lasting|" pos="JJ" wid="27">lasting</w>
  <w id="28" lemma="|peace|" pos="NN" wid="28">peace</w>
  <w id="29" lemma="|:|" pos=":" wid="29">:</w>
  <w id="30" lemma="|the|" pos="DT" wid="30">the</w>
  <w id="31" lemma="|moral|" pos="JJ" wid="31">moral</w>
  <w id="32" lemma="|force|" pos="NN" wid="32">force</w>
  <w id="33" lemma="|of|" pos="IN" wid="33">of</w>
  <w id="34" lemma="|law|" pos="NN" wid="34">law</w>
  <w id="35" lemma="|,|" pos="," wid="35">,</w>
  <w id="36" lemma="|balanced|" pos="JJ" wid="36">balanced</w>
  <w id="37" lemma="|and|" pos="CC" wid="37">and</w>
  <w id="38" lemma="|controlled|" pos="JJ" wid="38">controlled</w>
  <w id="39" lemma="|disarmament|" pos="NN" wid="39">disarmament</w>
  <w id="40" lemma="|,|" pos="," wid="40">,</w>
  <w id="41" lemma="|arbitration|" pos="NN" wid="41">arbitration</w>
  <w id="42" lemma="|in|" pos="IN" wid="42">in</w>
  <w id="43" lemma="|dispute|" pos="NNS" wid="43">disputes</w>
  <w id="44" lemma="|,|" pos="," wid="44">,</w>
  <w id="45" lemma="|the|" pos="DT" wid="45">the</w>
  <w id="46" lemma="|freedom|" pos="NN" wid="46">freedom</w>
  <w id="47" lemma="|of|" pos="IN" wid="47">of</w>
  <w id="48" lemma="|the|" pos="DT" wid="48">the</w>
  <w id="49" lemma="|sea|" pos="NNS" wid="49">seas</w>
  <w id="50" lemma="|,|" pos="," wid="50">,</w>
  <w id="51" lemma="|reciprocal|" pos="JJ" wid="51">reciprocal</w>
  <w id="52" lemma="|amnesty|" pos="NN" wid="52">amnesty</w>
  <w id="53" lemma="|for|" pos="IN" wid="53">for</w>
  <w id="54" lemma="|the|" pos="DT" wid="54">the</w>
  <w id="55" lemma="|cost|" pos="NNS" wid="55">costs</w>
  <w id="56" lemma="|of|" pos="IN" wid="56">of</w>
  <w id="57" lemma="|war|" pos="NN" wid="57">war</w>
  <w id="58" lemma="|,|" pos="," wid="58">,</w>
  <w id="59" lemma="|the|" pos="DT" wid="59">the</w>
  <w id="60" lemma="|restitution|" pos="NN" wid="60">restitution</w>
  <w id="61" lemma="|of|" pos="IN" wid="61">of</w>
  <w id="62" lemma="|occupied|" pos="JJ" wid="62">occupied</w>
  <w id="63" lemma="|territory|" pos="NNS" wid="63">territories</w>
  <w id="64" lemma="|and|" pos="CC" wid="64">and</w>
  <w id="65" lemma="|fair|" pos="JJ" wid="65">fair</w>
  <w id="66" lemma="|negotiation|" pos="NNS" wid="66">negotiations</w>
  <w id="67" lemma="|to|" pos="TO" wid="67">to</w>
  <w id="68" lemma="|settle|" pos="VB" wid="68">settle</w>
  <w id="69" lemma="|problem|" pos="NNS" wid="69">problems</w>
  <w id="70" lemma="|.|" pos="." wid="70">.</w>
</sentence>
<sentence id="20">
  <w id="0" lemma="|the|" pos="DT" wid="0">The</w>
  <w id="1" lemma="|Holy|" pos="NNP" wid="1">Holy</w>
  <w id="2" lemma="|See|" pos="NNP" wid="2">See</w>
  <w id="3" lemma="|'s|" pos="POS" wid="3">'s</w>
  <w id="4" lemma="|proposal|" pos="NN" wid="4">proposal</w>
  <w id="5" lemma="|be|" pos="VBD" wid="5">was</w>
  <w id="6" lemma="|orient|" pos="VBN" wid="6">oriented</w>
  <w id="7" lemma="|to|" pos="TO" wid="7">to</w>
  <w id="8" lemma="|the|" pos="DT" wid="8">the</w>
  <w id="9" lemma="|future|" pos="NN" wid="9">future</w>
  <w id="10" lemma="|of|" pos="IN" wid="10">of</w>
  <w id="11" lemma="|Europe|" pos="NNP" wid="11">Europe</w>
  <w id="12" lemma="|and|" pos="CC" wid="12">and</w>
  <w id="13" lemma="|the|" pos="DT" wid="13">the</w>
  <w id="14" lemma="|world|" pos="NN" wid="14">world</w>
  <w id="15" lemma="|.|" pos="." wid="15">.</w>
</sentence>
<sentence id="21">
  <w id="0" lemma="|it|" pos="PRP" wid="0">It</w>
  <w id="1" lemma="|comply|" pos="VBD" wid="1">complied</w>
  <w id="2" lemma="|with|" pos="IN" wid="2">with</w>
  <w id="3" lemma="|a|" pos="DT" wid="3">a</w>
  <w id="4" lemma="|project|" pos="NN" wid="4">project</w>
  <w id="5" lemma="|that|" pos="WDT" wid="5">that</w>
  <w id="6" lemma="|be|" pos="VBD" wid="6">was</w>
  <w id="7" lemma="|christian|" pos="JJ" wid="7">Christian</w>
  <w id="8" lemma="|in|" pos="IN" wid="8">in</w>
  <w id="9" lemma="|inspiration|" pos="NN" wid="9">inspiration</w>
  <w id="10" lemma="|but|" pos="CC" wid="10">but</w>
  <w id="11" lemma="|could|" pos="MD" wid="11">could</w>
  <w id="12" lemma="|be|" pos="VB" wid="12">be</w>
  <w id="13" lemma="|share|" pos="VBN" wid="13">shared</w>
  <w id="14" lemma="|by|" pos="IN" wid="14">by</w>
  <w id="15" lemma="|all|" pos="DT" wid="15">all</w>
  <w id="16" lemma="|since|" pos="IN" wid="16">since</w>
  <w id="17" lemma="|it|" pos="PRP" wid="17">it</w>
  <w id="18" lemma="|be|" pos="VBD" wid="18">was</w>
  <w id="19" lemma="|base|" pos="VBN" wid="19">based</w>
  <w id="20" lemma="|on|" pos="IN" wid="20">on</w>
  <w id="21" lemma="|the|" pos="DT" wid="21">the</w>
  <w id="22" lemma="|rights|" pos="NNS" wid="22">rights</w>
  <w id="23" lemma="|of|" pos="IN" wid="23">of</w>
  <w id="24" lemma="|people|" pos="NNS" wid="24">peoples</w>
  <w id="25" lemma="|.|" pos="." wid="25">.</w>
</sentence>
<sentence id="22">
  <w id="0" lemma="|this|" pos="DT" wid="0">This</w>
  <w id="1" lemma="|be|" pos="VBD" wid="1">was</w>
  <w id="2" lemma="|the|" pos="DT" wid="2">the</w>
  <w id="3" lemma="|same|" pos="JJ" wid="3">same</w>
  <w id="4" lemma="|structure|" pos="NN" wid="4">structure</w>
  <w id="5" lemma="|to|" pos="TO" wid="5">to</w>
  <w id="6" lemma="|which|" pos="WDT" wid="6">which</w>
  <w id="7" lemma="|the|" pos="DT" wid="7">the</w>
  <w id="8" lemma="|Servants|" pos="NNPS" wid="8">Servants</w>
  <w id="9" lemma="|of|" pos="IN" wid="9">of</w>
  <w id="10" lemma="|God|" pos="NNP" wid="10">God</w>
  <w id="11" lemma="|Paul|" pos="NNP" wid="11">Paul</w>
  <w id="12" lemma="|VI|" pos="NNP" wid="12">VI</w>
  <w id="13" lemma="|and|" pos="CC" wid="13">and</w>
  <w id="14" lemma="|John|" pos="NNP" wid="14">John</w>
  <w id="15" lemma="|Paul|" pos="NNP" wid="15">Paul</w>
  <w id="16" lemma="|II|" pos="NNP" wid="16">II</w>
  <w id="17" lemma="|adhere|" pos="VBD" wid="17">adhered</w>
  <w id="18" lemma="|in|" pos="IN" wid="18">in</w>
  <w id="19" lemma="|they|" pos="PRP$" wid="19">their</w>
  <w id="20" lemma="|memorable|" pos="JJ" wid="20">memorable</w>
  <w id="21" lemma="|discourse|" pos="NNS" wid="21">Discourses</w>
  <w id="22" lemma="|to|" pos="TO" wid="22">to</w>
  <w id="23" lemma="|the|" pos="DT" wid="23">the</w>
  <w id="24" lemma="|United|" pos="NNP" wid="24">United</w>
  <w id="25" lemma="|Nations|" pos="NNP" wid="25">Nations</w>
  <w id="26" lemma="|Assembly|" pos="NNP" wid="26">Assembly</w>
  <w id="27" lemma="|,|" pos="," wid="27">,</w>
  <w id="28" lemma="|repeat|" pos="VBG" wid="28">repeating</w>
  <w id="29" lemma="|on|" pos="IN" wid="29">on</w>
  <w id="30" lemma="|the|" pos="DT" wid="30">the</w>
  <w id="31" lemma="|Church|" pos="NNP" wid="31">Church</w>
  <w id="32" lemma="|'s|" pos="POS" wid="32">'s</w>
  <w id="33" lemma="|behalf|" pos="NN" wid="33">behalf</w>
  <w id="34" lemma="|:|" pos=":" wid="34">:</w>
  <w id="35" lemma="|``|" pos="``" wid="35">``</w>
  <w id="36" lemma="|war|" pos="NN" wid="36">War</w>
  <w id="37" lemma="|never|" pos="RB" wid="37">never</w>
  <w id="38" lemma="|again|" pos="RB" wid="38">again</w>
  <w id="39" lemma="|!|" pos="." wid="39">!</w>
  <w id="40" lemma="|''|" pos="''" wid="40">''</w>
  <w id="41" lemma="|.|" pos="." wid="41">.</w>
</sentence>
<sentence id="23">
  <w id="0" lemma="|from|" pos="IN" wid="0">From</w>
  <w id="1" lemma="|this|" pos="DT" wid="1">this</w>
  <w id="2" lemma="|place|" pos="NN" wid="2">place</w>
  <w id="3" lemma="|of|" pos="IN" wid="3">of</w>
  <w id="4" lemma="|peace|" pos="NN" wid="4">peace</w>
  <w id="5" lemma="|,|" pos="," wid="5">,</w>
  <w id="6" lemma="|where|" pos="WRB" wid="6">where</w>
  <w id="7" lemma="|one|" pos="NN" wid="7">one</w>
  <w id="8" lemma="|be|" pos="VBZ" wid="8">is</w>
  <w id="9" lemma="|even|" pos="RB" wid="9">even</w>
  <w id="10" lemma="|more|" pos="RBR" wid="10">more</w>
  <w id="11" lemma="|vividly|" pos="RB" wid="11">vividly</w>
  <w id="12" lemma="|aware|" pos="JJ" wid="12">aware</w>
  <w id="13" lemma="|of|" pos="IN" wid="13">of</w>
  <w id="14" lemma="|how|" pos="WRB" wid="14">how</w>
  <w id="15" lemma="|unacceptable|" pos="JJ" wid="15">unacceptable</w>
  <w id="16" lemma="|the|" pos="DT" wid="16">the</w>
  <w id="17" lemma="|horror|" pos="NNS" wid="17">horrors</w>
  <w id="18" lemma="|of|" pos="IN" wid="18">of</w>
  <w id="19" lemma="|``|" pos="``" wid="19">``</w>
  <w id="20" lemma="|senseless|" pos="JJ" wid="20">senseless</w>
  <w id="21" lemma="|slaughter|" pos="NNS" wid="21">slaughters</w>
  <w id="22" lemma="|''|" pos="''" wid="22">''</w>
  <w id="23" lemma="|be|" pos="VBP" wid="23">are</w>
  <w id="24" lemma="|,|" pos="," wid="24">,</w>
  <w id="25" lemma="|I|" pos="PRP" wid="25">I</w>
  <w id="26" lemma="|renew|" pos="VBP" wid="26">renew</w>
  <w id="27" lemma="|my|" pos="PRP$" wid="27">my</w>
  <w id="28" lemma="|appeal|" pos="NN" wid="28">appeal</w>
  <w id="29" lemma="|to|" pos="TO" wid="29">to</w>
  <w id="30" lemma="|adhere|" pos="VB" wid="30">adhere</w>
  <w id="31" lemma="|tenaciously|" pos="RB" wid="31">tenaciously</w>
  <w id="32" lemma="|to|" pos="TO" wid="32">to</w>
  <w id="33" lemma="|the|" pos="DT" wid="33">the</w>
  <w id="34" lemma="|path|" pos="NN" wid="34">path</w>
  <w id="35" lemma="|of|" pos="IN" wid="35">of</w>
  <w id="36" lemma="|law|" pos="NN" wid="36">law</w>
  <w id="37" lemma="|,|" pos="," wid="37">,</w>
  <w id="38" lemma="|to|" pos="TO" wid="38">to</w>
  <w id="39" lemma="|consistently|" pos="RB" wid="39">consistently</w>
  <w id="40" lemma="|ban|" pos="VB" wid="40">ban</w>
  <w id="41" lemma="|the|" pos="DT" wid="41">the</w>
  <w id="42" lemma="|arm|" pos="NNS" wid="42">arms</w>
  <w id="43" lemma="|race|" pos="NN" wid="43">race</w>
  <w id="44" lemma="|and|" pos="CC" wid="44">and</w>
  <w id="45" lemma="|,|" pos="," wid="45">,</w>
  <w id="46" lemma="|more|" pos="RBR" wid="46">more</w>
  <w id="47" lemma="|generally|" pos="RB" wid="47">generally</w>
  <w id="48" lemma="|,|" pos="," wid="48">,</w>
  <w id="49" lemma="|to|" pos="TO" wid="49">to</w>
  <w id="50" lemma="|reject|" pos="VB" wid="50">reject</w>
  <w id="51" lemma="|the|" pos="DT" wid="51">the</w>
  <w id="52" lemma="|temptation|" pos="NN" wid="52">temptation</w>
  <w id="53" lemma="|to|" pos="TO" wid="53">to</w>
  <w id="54" lemma="|tackle|" pos="VB" wid="54">tackle</w>
  <w id="55" lemma="|new|" pos="JJ" wid="55">new</w>
  <w id="56" lemma="|situation|" pos="NNS" wid="56">situations</w>
  <w id="57" lemma="|with|" pos="IN" wid="57">with</w>
  <w id="58" lemma="|old|" pos="JJ" wid="58">old</w>
  <w id="59" lemma="|system|" pos="NNS" wid="59">systems</w>
  <w id="60" lemma="|.|" pos="." wid="60">.</w>
</sentence>
<sentence id="24">
  <w id="0" lemma="|with|" pos="IN" wid="0">With</w>
  <w id="1" lemma="|these|" pos="DT" wid="1">these</w>
  <w id="2" lemma="|thought|" pos="NNS" wid="2">thoughts</w>
  <w id="3" lemma="|and|" pos="CC" wid="3">and</w>
  <w id="4" lemma="|hope|" pos="NNS" wid="4">hopes</w>
  <w id="5" lemma="|in|" pos="IN" wid="5">in</w>
  <w id="6" lemma="|my|" pos="PRP$" wid="6">my</w>
  <w id="7" lemma="|heart|" pos="NN" wid="7">heart</w>
  <w id="8" lemma="|that|" pos="IN" wid="8">that</w>
  <w id="9" lemma="|this|" pos="DT" wid="9">this</w>
  <w id="10" lemma="|may|" pos="MD" wid="10">may</w>
  <w id="11" lemma="|always|" pos="RB" wid="11">always</w>
  <w id="12" lemma="|be|" pos="VB" wid="12">be</w>
  <w id="13" lemma="|,|" pos="," wid="13">,</w>
  <w id="14" lemma="|as|" pos="IN" wid="14">as</w>
  <w id="15" lemma="|it|" pos="PRP" wid="15">it</w>
  <w id="16" lemma="|be|" pos="VBZ" wid="16">is</w>
  <w id="17" lemma="|now|" pos="RB" wid="17">now</w>
  <w id="18" lemma="|thanks|" pos="NNS" wid="18">thanks</w>
  <w id="19" lemma="|be|" pos="VB" wid="19">be</w>
  <w id="20" lemma="|to|" pos="TO" wid="20">to</w>
  <w id="21" lemma="|God|" pos="NNP" wid="21">God</w>
  <w id="22" lemma="|,|" pos="," wid="22">,</w>
  <w id="23" lemma="|a|" pos="DT" wid="23">a</w>
  <w id="24" lemma="|place|" pos="NN" wid="24">place</w>
  <w id="25" lemma="|of|" pos="IN" wid="25">of</w>
  <w id="26" lemma="|peace|" pos="NN" wid="26">peace</w>
  <w id="27" lemma="|and|" pos="CC" wid="27">and</w>
  <w id="28" lemma="|hospitality|" pos="NN" wid="28">hospitality</w>
  <w id="29" lemma="|,|" pos="," wid="29">,</w>
  <w id="30" lemma="|let|" pos="VB" wid="30">let</w>
  <w id="31" lemma="|we|" pos="PRP" wid="31">us</w>
  <w id="32" lemma="|now|" pos="RB" wid="32">now</w>
  <w id="33" lemma="|raise|" pos="VBP" wid="33">raise</w>
  <w id="34" lemma="|a|" pos="DT" wid="34">a</w>
  <w id="35" lemma="|special|" pos="JJ" wid="35">special</w>
  <w id="36" lemma="|prayer|" pos="NN" wid="36">prayer</w>
  <w id="37" lemma="|for|" pos="IN" wid="37">for</w>
  <w id="38" lemma="|peace|" pos="NN" wid="38">peace</w>
  <w id="39" lemma="|in|" pos="IN" wid="39">in</w>
  <w id="40" lemma="|the|" pos="DT" wid="40">the</w>
  <w id="41" lemma="|world|" pos="NN" wid="41">world</w>
  <w id="42" lemma="|,|" pos="," wid="42">,</w>
  <w id="43" lemma="|entrust|" pos="VBG" wid="43">entrusting</w>
  <w id="44" lemma="|it|" pos="PRP" wid="44">it</w>
  <w id="45" lemma="|to|" pos="TO" wid="45">to</w>
  <w id="46" lemma="|Mary|" pos="NNP" wid="46">Mary</w>
  <w id="47" lemma="|Most|" pos="NNP" wid="47">Most</w>
  <w id="48" lemma="|Holy|" pos="NNP" wid="48">Holy</w>
  <w id="49" lemma="|,|" pos="," wid="49">,</w>
  <w id="50" lemma="|Queen|" pos="NNP" wid="50">Queen</w>
  <w id="51" lemma="|of|" pos="IN" wid="51">of</w>
  <w id="52" lemma="|Peace|" pos="NNP" wid="52">Peace</w>
  <w id="53" lemma="|.|" pos="." wid="53">.</w>
</sentence>
<sentence id="25">
  <w id="0" lemma="|I|" pos="PRP" wid="0">I</w>
  <w id="1" lemma="|wish|" pos="VBP" wid="1">wish</w>
  <w id="2" lemma="|you|" pos="PRP" wid="2">you</w>
  <w id="3" lemma="|all|" pos="PDT" wid="3">all</w>
  <w id="4" lemma="|a|" pos="DT" wid="4">a</w>
  <w id="5" lemma="|good|" pos="JJ" wid="5">good</w>
  <w id="6" lemma="|Sunday|" pos="NNP" wid="6">Sunday</w>
  <w id="7" lemma="|and|" pos="CC" wid="7">and</w>
  <w id="8" lemma="|good|" pos="JJ" wid="8">good</w>
  <w id="9" lemma="|vacation|" pos="NN" wid="9">vacation</w>
  <w id="10" lemma="|.|" pos="." wid="10">.</w>
</sentence>
<sentence id="26">
  <w id="0" lemma="|thank|" pos="VB" wid="0">Thank</w>
  <w id="1" lemma="|you|" pos="PRP" wid="1">you</w>
  <w id="2" lemma="|for|" pos="IN" wid="2">for</w>
  <w id="3" lemma="|everything|" pos="NN" wid="3">everything</w>
  <w id="4" lemma="|!|" pos="." wid="4">!</w>
</sentence>
</corpus>