<corpus id="0">
<sentence id="0">
  <w id="0" lemma="|I|" pos="PRP" wid="0">I</w>
  <w id="1" lemma="|welcome|" pos="VBP" wid="1">welcome</w>
  <w id="2" lemma="|all|" pos="PDT" wid="2">all</w>
  <w id="3" lemma="|the|" pos="DT" wid="3">the</w>
  <w id="4" lemma="|english-speaking|" pos="JJ" wid="4">English-speaking</w>
  <w id="5" lemma="|pilgrim|" pos="NNS" wid="5">pilgrims</w>
  <w id="6" lemma="|and|" pos="CC" wid="6">and</w>
  <w id="7" lemma="|visitor|" pos="NNS" wid="7">visitors</w>
  <w id="8" lemma="|here|" pos="RB" wid="8">here</w>
  <w id="9" lemma="|in|" pos="IN" wid="9">in</w>
  <w id="10" lemma="|Rome|" pos="NNP" wid="10">Rome</w>
  <w id="11" lemma="|this|" pos="DT" wid="11">this</w>
  <w id="12" lemma="|Palm|" pos="NNP" wid="12">Palm</w>
  <w id="13" lemma="|Sunday|" pos="NNP" wid="13">Sunday</w>
  <w id="14" lemma="|,|" pos="," wid="14">,</w>
  <w id="15" lemma="|as|" pos="IN" wid="15">as</w>
  <w id="16" lemma="|the|" pos="DT" wid="16">the</w>
  <w id="17" lemma="|whole|" pos="JJ" wid="17">whole</w>
  <w id="18" lemma="|Church|" pos="NNP" wid="18">Church</w>
  <w id="19" lemma="|sing|" pos="VBZ" wid="19">sings</w>
  <w id="20" lemma="|``|" pos="``" wid="20">``</w>
  <w id="21" lemma="|Hosanna|" pos="NNP" wid="21">Hosanna</w>
  <w id="22" lemma="|''|" pos="''" wid="22">''</w>
  <w id="23" lemma="|to|" pos="TO" wid="23">to</w>
  <w id="24" lemma="|the|" pos="DT" wid="24">the</w>
  <w id="25" lemma="|Son|" pos="NNP" wid="25">Son</w>
  <w id="26" lemma="|of|" pos="IN" wid="26">of</w>
  <w id="27" lemma="|David|" pos="NNP" wid="27">David</w>
  <w id="28" lemma="|,|" pos="," wid="28">,</w>
  <w id="29" lemma="|commemorate|" pos="VBG" wid="29">commemorating</w>
  <w id="30" lemma="|Our|" pos="NNP" wid="30">Our</w>
  <w id="31" lemma="|Lord|" pos="NNP" wid="31">Lord</w>
  <w id="32" lemma="|'s|" pos="POS" wid="32">'s</w>
  <w id="33" lemma="|solemn|" pos="JJ" wid="33">solemn</w>
  <w id="34" lemma="|entry|" pos="NN" wid="34">entry</w>
  <w id="35" lemma="|into|" pos="IN" wid="35">into</w>
  <w id="36" lemma="|Jerusalem|" pos="NNP" wid="36">Jerusalem</w>
  <w id="37" lemma="|in|" pos="IN" wid="37">in</w>
  <w id="38" lemma="|the|" pos="DT" wid="38">the</w>
  <w id="39" lemma="|day|" pos="NNS" wid="39">days</w>
  <w id="40" lemma="|lead|" pos="VBG" wid="40">leading</w>
  <w id="41" lemma="|up|" pos="RP" wid="41">up</w>
  <w id="42" lemma="|to|" pos="TO" wid="42">to</w>
  <w id="43" lemma="|he|" pos="PRP$" wid="43">his</w>
  <w id="44" lemma="|passion|" pos="NN" wid="44">Passion</w>
  <w id="45" lemma="|and|" pos="CC" wid="45">and</w>
  <w id="46" lemma="|death|" pos="NN" wid="46">death</w>
  <w id="47" lemma="|.|" pos="." wid="47">.</w>
</sentence>
<sentence id="1">
  <w id="0" lemma="|in|" pos="IN" wid="0">In</w>
  <w id="1" lemma="|a|" pos="DT" wid="1">a</w>
  <w id="2" lemma="|special|" pos="JJ" wid="2">special</w>
  <w id="3" lemma="|way|" pos="NN" wid="3">way</w>
  <w id="4" lemma="|I|" pos="PRP" wid="4">I</w>
  <w id="5" lemma="|greet|" pos="VBP" wid="5">greet</w>
  <w id="6" lemma="|all|" pos="PDT" wid="6">all</w>
  <w id="7" lemma="|the|" pos="DT" wid="7">the</w>
  <w id="8" lemma="|young|" pos="JJ" wid="8">young</w>
  <w id="9" lemma="|people|" pos="NNS" wid="9">people</w>
  <w id="10" lemma="|present|" pos="JJ" wid="10">present</w>
  <w id="11" lemma="|and|" pos="CC" wid="11">and</w>
  <w id="12" lemma="|I|" pos="PRP" wid="12">I</w>
  <w id="13" lemma="|look|" pos="VBP" wid="13">look</w>
  <w id="14" lemma="|forward|" pos="RB" wid="14">forward</w>
  <w id="15" lemma="|to|" pos="TO" wid="15">to</w>
  <w id="16" lemma="|celebrate|" pos="VBG" wid="16">celebrating</w>
  <w id="17" lemma="|World|" pos="NNP" wid="17">World</w>
  <w id="18" lemma="|Youth|" pos="NNP" wid="18">Youth</w>
  <w id="19" lemma="|Day|" pos="NNP" wid="19">Day</w>
  <w id="20" lemma="|in|" pos="IN" wid="20">in</w>
  <w id="21" lemma="|Madrid|" pos="NNP" wid="21">Madrid</w>
  <w id="22" lemma="|this|" pos="DT" wid="22">this</w>
  <w id="23" lemma="|summer|" pos="NN" wid="23">summer</w>
  <w id="24" lemma="|with|" pos="IN" wid="24">with</w>
  <w id="25" lemma="|many|" pos="JJ" wid="25">many</w>
  <w id="26" lemma="|thousand|" pos="NNS" wid="26">thousands</w>
  <w id="27" lemma="|of|" pos="IN" wid="27">of</w>
  <w id="28" lemma="|other|" pos="NNS" wid="28">others</w>
  <w id="29" lemma="|from|" pos="IN" wid="29">from</w>
  <w id="30" lemma="|around|" pos="IN" wid="30">around</w>
  <w id="31" lemma="|the|" pos="DT" wid="31">the</w>
  <w id="32" lemma="|world|" pos="NN" wid="32">world</w>
  <w id="33" lemma="|.|" pos="." wid="33">.</w>
</sentence>
<sentence id="2">
  <w id="0" lemma="|in|" pos="IN" wid="0">In</w>
  <w id="1" lemma="|Italian|" pos="NNP" wid="1">Italian</w>
  <w id="2" lemma="|the|" pos="DT" wid="2">the</w>
  <w id="3" lemma="|Pope|" pos="NNP" wid="3">Pope</w>
  <w id="4" lemma="|say|" pos="VBD" wid="4">said</w>
  <w id="5" lemma="|:|" pos=":" wid="5">:</w>
  <w id="6" lemma="|lastly|" pos="RB" wid="6">Lastly</w>
  <w id="7" lemma="|,|" pos="," wid="7">,</w>
  <w id="8" lemma="|I|" pos="PRP" wid="8">I</w>
  <w id="9" lemma="|greet|" pos="VBP" wid="9">greet</w>
  <w id="10" lemma="|with|" pos="IN" wid="10">with</w>
  <w id="11" lemma="|affection|" pos="NN" wid="11">affection</w>
  <w id="12" lemma="|the|" pos="DT" wid="12">the</w>
  <w id="13" lemma="|italian-speaking|" pos="JJ" wid="13">Italian-speaking</w>
  <w id="14" lemma="|pilgrim|" pos="NNS" wid="14">pilgrims</w>
  <w id="15" lemma="|,|" pos="," wid="15">,</w>
  <w id="16" lemma="|especially|" pos="RB" wid="16">especially</w>
  <w id="17" lemma="|the|" pos="DT" wid="17">the</w>
  <w id="18" lemma="|young|" pos="JJ" wid="18">young</w>
  <w id="19" lemma="|people|" pos="NNS" wid="19">people</w>
  <w id="20" lemma="|whom|" pos="WP" wid="20">whom</w>
  <w id="21" lemma="|I|" pos="PRP" wid="21">I</w>
  <w id="22" lemma="|invite|" pos="VBP" wid="22">invite</w>
  <w id="23" lemma="|to|" pos="TO" wid="23">to</w>
  <w id="24" lemma="|Madrid|" pos="NNP" wid="24">Madrid</w>
  <w id="25" lemma="|,|" pos="," wid="25">,</w>
  <w id="26" lemma="|for|" pos="IN" wid="26">for</w>
  <w id="27" lemma="|the|" pos="DT" wid="27">the</w>
  <w id="28" lemma="|World|" pos="NNP" wid="28">World</w>
  <w id="29" lemma="|Youth|" pos="NNP" wid="29">Youth</w>
  <w id="30" lemma="|Day|" pos="NNP" wid="30">Day</w>
  <w id="31" lemma="|this|" pos="DT" wid="31">this</w>
  <w id="32" lemma="|come|" pos="VBG" wid="32">coming</w>
  <w id="33" lemma="|August|" pos="NNP" wid="33">August</w>
  <w id="34" lemma="|.|" pos="." wid="34">.</w>
</sentence>
<sentence id="3">
  <w id="0" lemma="|and|" pos="CC" wid="0">And</w>
  <w id="1" lemma="|now|" pos="RB" wid="1">now</w>
  <w id="2" lemma="|let|" pos="VB" wid="2">let</w>
  <w id="3" lemma="|we|" pos="PRP" wid="3">us</w>
  <w id="4" lemma="|turn|" pos="VB" wid="4">turn</w>
  <w id="5" lemma="|in|" pos="IN" wid="5">in</w>
  <w id="6" lemma="|prayer|" pos="NN" wid="6">prayer</w>
  <w id="7" lemma="|to|" pos="TO" wid="7">to</w>
  <w id="8" lemma="|Mary|" pos="NNP" wid="8">Mary</w>
  <w id="9" lemma="|,|" pos="," wid="9">,</w>
  <w id="10" lemma="|so|" pos="IN" wid="10">so</w>
  <w id="11" lemma="|that|" pos="IN" wid="11">that</w>
  <w id="12" lemma="|she|" pos="PRP" wid="12">she</w>
  <w id="13" lemma="|may|" pos="MD" wid="13">may</w>
  <w id="14" lemma="|help|" pos="VB" wid="14">help</w>
  <w id="15" lemma="|we|" pos="PRP" wid="15">us</w>
  <w id="16" lemma="|live|" pos="VB" wid="16">live</w>
  <w id="17" lemma="|Holy|" pos="NNP" wid="17">Holy</w>
  <w id="18" lemma="|Week|" pos="NNP" wid="18">Week</w>
  <w id="19" lemma="|with|" pos="IN" wid="19">with</w>
  <w id="20" lemma="|intense|" pos="JJ" wid="20">intense</w>
  <w id="21" lemma="|faith|" pos="NN" wid="21">faith</w>
  <w id="22" lemma="|.|" pos="." wid="22">.</w>
</sentence>
<sentence id="4">
  <w id="0" lemma="|Mary|" pos="NNP" wid="0">Mary</w>
  <w id="1" lemma="|too|" pos="RB" wid="1">too</w>
  <w id="2" lemma="|exult|" pos="VBD" wid="2">exulted</w>
  <w id="3" lemma="|in|" pos="IN" wid="3">in</w>
  <w id="4" lemma="|spirit|" pos="NN" wid="4">spirit</w>
  <w id="5" lemma="|when|" pos="WRB" wid="5">when</w>
  <w id="6" lemma="|Jesus|" pos="NNP" wid="6">Jesus</w>
  <w id="7" lemma="|make|" pos="VBD" wid="7">made</w>
  <w id="8" lemma="|he|" pos="PRP$" wid="8">his</w>
  <w id="9" lemma="|royal|" pos="JJ" wid="9">royal</w>
  <w id="10" lemma="|entry|" pos="NN" wid="10">entry</w>
  <w id="11" lemma="|into|" pos="IN" wid="11">into</w>
  <w id="12" lemma="|Jerusalem|" pos="NNP" wid="12">Jerusalem</w>
  <w id="13" lemma="|,|" pos="," wid="13">,</w>
  <w id="14" lemma="|fulfil|" pos="VBG" wid="14">fulfilling</w>
  <w id="15" lemma="|the|" pos="DT" wid="15">the</w>
  <w id="16" lemma="|prophecy|" pos="NNS" wid="16">prophecies</w>
  <w id="17" lemma="|;|" pos=":" wid="17">;</w>
  <w id="18" lemma="|but|" pos="CC" wid="18">but</w>
  <w id="19" lemma="|she|" pos="PRP$" wid="19">her</w>
  <w id="20" lemma="|heart|" pos="NN" wid="20">heart</w>
  <w id="21" lemma="|,|" pos="," wid="21">,</w>
  <w id="22" lemma="|like|" pos="IN" wid="22">like</w>
  <w id="23" lemma="|that|" pos="DT" wid="23">that</w>
  <w id="24" lemma="|of|" pos="IN" wid="24">of</w>
  <w id="25" lemma="|she|" pos="PRP$" wid="25">her</w>
  <w id="26" lemma="|Son|" pos="NNP" wid="26">Son</w>
  <w id="27" lemma="|,|" pos="," wid="27">,</w>
  <w id="28" lemma="|be|" pos="VBD" wid="28">was</w>
  <w id="29" lemma="|prepare|" pos="VBN" wid="29">prepared</w>
  <w id="30" lemma="|for|" pos="IN" wid="30">for</w>
  <w id="31" lemma="|the|" pos="DT" wid="31">the</w>
  <w id="32" lemma="|Sacrifice|" pos="NNP" wid="32">Sacrifice</w>
  <w id="33" lemma="|.|" pos="." wid="33">.</w>
</sentence>
<sentence id="5">
  <w id="0" lemma="|let|" pos="VB" wid="0">Let</w>
  <w id="1" lemma="|we|" pos="PRP" wid="1">us</w>
  <w id="2" lemma="|learn|" pos="VB" wid="2">learn</w>
  <w id="3" lemma="|from|" pos="IN" wid="3">from</w>
  <w id="4" lemma="|she|" pos="PRP" wid="4">her</w>
  <w id="5" lemma="|,|" pos="," wid="5">,</w>
  <w id="6" lemma="|the|" pos="DT" wid="6">the</w>
  <w id="7" lemma="|faithful|" pos="JJ" wid="7">faithful</w>
  <w id="8" lemma="|Virgin|" pos="NNP" wid="8">Virgin</w>
  <w id="9" lemma="|,|" pos="," wid="9">,</w>
  <w id="10" lemma="|to|" pos="TO" wid="10">to</w>
  <w id="11" lemma="|follow|" pos="VB" wid="11">follow</w>
  <w id="12" lemma="|the|" pos="DT" wid="12">the</w>
  <w id="13" lemma="|Lord|" pos="NNP" wid="13">Lord</w>
  <w id="14" lemma="|even|" pos="RB" wid="14">even</w>
  <w id="15" lemma="|when|" pos="WRB" wid="15">when</w>
  <w id="16" lemma="|he|" pos="PRP$" wid="16">his</w>
  <w id="17" lemma="|path|" pos="NN" wid="17">path</w>
  <w id="18" lemma="|lead|" pos="VBZ" wid="18">leads</w>
  <w id="19" lemma="|to|" pos="TO" wid="19">to</w>
  <w id="20" lemma="|the|" pos="DT" wid="20">the</w>
  <w id="21" lemma="|Cross|" pos="NNP" wid="21">Cross</w>
  <w id="22" lemma="|.|" pos="." wid="22">.</w>
</sentence>
<sentence id="6">
  <w id="0" lemma="|Angelus|" pos="NNP" wid="0">Angelus</w>
  <w id="1" lemma="|Domini|" pos="NNP" wid="1">Domini</w>
  <w id="2" lemma="|...|" pos=":" wid="2">...</w>
</sentence>
</corpus>