<corpus id="0">
<sentence id="0">
  <w id="0" lemma="|Dear|" pos="NNP" wid="0">Dear</w>
  <w id="1" lemma="|Brothers|" pos="NNPS" wid="1">Brothers</w>
  <w id="2" lemma="|and|" pos="CC" wid="2">and</w>
  <w id="3" lemma="|sister|" pos="NNS" wid="3">Sisters</w>
  <w id="4" lemma="|,|" pos="," wid="4">,</w>
  <w id="5" lemma="|in|" pos="IN" wid="5">In</w>
  <w id="6" lemma="|the|" pos="DT" wid="6">the</w>
  <w id="7" lemma="|past|" pos="JJ" wid="7">past</w>
  <w id="8" lemma="|few|" pos="JJ" wid="8">few</w>
  <w id="9" lemma="|day|" pos="NNS" wid="9">days</w>
  <w id="10" lemma="|everyone|" pos="NN" wid="10">everyone</w>
  <w id="11" lemma="|'s|" pos="POS" wid="11">'s</w>
  <w id="12" lemma="|attention|" pos="NN" wid="12">attention</w>
  <w id="13" lemma="|have|" pos="VBZ" wid="13">has</w>
  <w id="14" lemma="|focus|" pos="VBN" wid="14">focused</w>
  <w id="15" lemma="|on|" pos="IN" wid="15">on</w>
  <w id="16" lemma="|the|" pos="DT" wid="16">the</w>
  <w id="17" lemma="|g8|" pos="NN" wid="17">G8</w>
  <w id="18" lemma="|Summit|" pos="NNP" wid="18">Summit</w>
  <w id="19" lemma="|which|" pos="WDT" wid="19">which</w>
  <w id="20" lemma="|be|" pos="VBD" wid="20">was</w>
  <w id="21" lemma="|hold|" pos="VBN" wid="21">held</w>
  <w id="22" lemma="|in|" pos="IN" wid="22">in</w>
  <w id="23" lemma="|L'Aquila|" pos="NNP" wid="23">L'Aquila</w>
  <w id="24" lemma="|,|" pos="," wid="24">,</w>
  <w id="25" lemma="|a|" pos="DT" wid="25">a</w>
  <w id="26" lemma="|city|" pos="NN" wid="26">city</w>
  <w id="27" lemma="|harshly|" pos="RB" wid="27">harshly</w>
  <w id="28" lemma="|try|" pos="VBN" wid="28">tried</w>
  <w id="29" lemma="|by|" pos="IN" wid="29">by</w>
  <w id="30" lemma="|the|" pos="DT" wid="30">the</w>
  <w id="31" lemma="|earthquake|" pos="NN" wid="31">earthquake</w>
  <w id="32" lemma="|.|" pos="." wid="32">.</w>
</sentence>
<sentence id="1">
  <w id="0" lemma="|some|" pos="DT" wid="0">Some</w>
  <w id="1" lemma="|of|" pos="IN" wid="1">of</w>
  <w id="2" lemma="|the|" pos="DT" wid="2">the</w>
  <w id="3" lemma="|item|" pos="NNS" wid="3">items</w>
  <w id="4" lemma="|on|" pos="IN" wid="4">on</w>
  <w id="5" lemma="|the|" pos="DT" wid="5">the</w>
  <w id="6" lemma="|agenda|" pos="NN" wid="6">agenda</w>
  <w id="7" lemma="|be|" pos="VBD" wid="7">were</w>
  <w id="8" lemma="|dramatically|" pos="RB" wid="8">dramatically</w>
  <w id="9" lemma="|urgent|" pos="JJ" wid="9">urgent</w>
  <w id="10" lemma="|.|" pos="." wid="10">.</w>
</sentence>
<sentence id="2">
  <w id="0" lemma="|there|" pos="EX" wid="0">There</w>
  <w id="1" lemma="|be|" pos="VBP" wid="1">are</w>
  <w id="2" lemma="|inequality|" pos="NNS" wid="2">inequalities</w>
  <w id="3" lemma="|in|" pos="IN" wid="3">in</w>
  <w id="4" lemma="|the|" pos="DT" wid="4">the</w>
  <w id="5" lemma="|world|" pos="NN" wid="5">world</w>
  <w id="6" lemma="|that|" pos="WDT" wid="6">that</w>
  <w id="7" lemma="|can|" pos="MD" wid="7">can</w>
  <w id="8" lemma="|no|" pos="RB" wid="8">no</w>
  <w id="9" lemma="|longer|" pos="RB" wid="9">longer</w>
  <w id="10" lemma="|be|" pos="VB" wid="10">be</w>
  <w id="11" lemma="|tolerate|" pos="VBN" wid="11">tolerated</w>
  <w id="12" lemma="|which|" pos="WDT" wid="12">which</w>
  <w id="13" lemma="|demand|" pos="VBP" wid="13">demand</w>
  <w id="14" lemma="|a|" pos="DT" wid="14">a</w>
  <w id="15" lemma="|coordinate|" pos="VBN" wid="15">coordinated</w>
  <w id="16" lemma="|strategy|" pos="NN" wid="16">strategy</w>
  <w id="17" lemma="|,|" pos="," wid="17">,</w>
  <w id="18" lemma="|in|" pos="IN" wid="18">in</w>
  <w id="19" lemma="|addition|" pos="NN" wid="19">addition</w>
  <w id="20" lemma="|to|" pos="TO" wid="20">to</w>
  <w id="21" lemma="|necessary|" pos="JJ" wid="21">necessary</w>
  <w id="22" lemma="|immediate|" pos="JJ" wid="22">immediate</w>
  <w id="23" lemma="|intervention|" pos="NNS" wid="23">interventions</w>
  <w id="24" lemma="|,|" pos="," wid="24">,</w>
  <w id="25" lemma="|in|" pos="IN" wid="25">in</w>
  <w id="26" lemma="|the|" pos="DT" wid="26">the</w>
  <w id="27" lemma="|search|" pos="NN" wid="27">search</w>
  <w id="28" lemma="|for|" pos="IN" wid="28">for</w>
  <w id="29" lemma="|lasting|" pos="JJ" wid="29">lasting</w>
  <w id="30" lemma="|global|" pos="JJ" wid="30">global</w>
  <w id="31" lemma="|solution|" pos="NNS" wid="31">solutions</w>
  <w id="32" lemma="|.|" pos="." wid="32">.</w>
</sentence>
<sentence id="3">
  <w id="0" lemma="|during|" pos="IN" wid="0">During</w>
  <w id="1" lemma="|the|" pos="DT" wid="1">the</w>
  <w id="2" lemma="|Summit|" pos="NNP" wid="2">Summit</w>
  <w id="3" lemma="|the|" pos="DT" wid="3">the</w>
  <w id="4" lemma="|head|" pos="NNS" wid="4">Heads</w>
  <w id="5" lemma="|of|" pos="IN" wid="5">of</w>
  <w id="6" lemma="|state|" pos="NN" wid="6">State</w>
  <w id="7" lemma="|and|" pos="CC" wid="7">and</w>
  <w id="8" lemma="|government|" pos="NN" wid="8">Government</w>
  <w id="9" lemma="|of|" pos="IN" wid="9">of</w>
  <w id="10" lemma="|the|" pos="DT" wid="10">the</w>
  <w id="11" lemma="|g8|" pos="NN" wid="11">G8</w>
  <w id="12" lemma="|reaffirm|" pos="VBD" wid="12">reaffirmed</w>
  <w id="13" lemma="|the|" pos="DT" wid="13">the</w>
  <w id="14" lemma="|need|" pos="NN" wid="14">need</w>
  <w id="15" lemma="|to|" pos="TO" wid="15">to</w>
  <w id="16" lemma="|reach|" pos="VB" wid="16">reach</w>
  <w id="17" lemma="|common|" pos="JJ" wid="17">common</w>
  <w id="18" lemma="|agreement|" pos="NNS" wid="18">agreements</w>
  <w id="19" lemma="|in|" pos="IN" wid="19">in</w>
  <w id="20" lemma="|order|" pos="NN" wid="20">order</w>
  <w id="21" lemma="|to|" pos="TO" wid="21">to</w>
  <w id="22" lemma="|secure|" pos="VB" wid="22">secure</w>
  <w id="23" lemma="|a|" pos="DT" wid="23">a</w>
  <w id="24" lemma="|better|" pos="JJR" wid="24">better</w>
  <w id="25" lemma="|future|" pos="NN" wid="25">future</w>
  <w id="26" lemma="|for|" pos="IN" wid="26">for</w>
  <w id="27" lemma="|humanity|" pos="NN" wid="27">humanity</w>
  <w id="28" lemma="|.|" pos="." wid="28">.</w>
</sentence>
<sentence id="4">
  <w id="0" lemma="|the|" pos="DT" wid="0">The</w>
  <w id="1" lemma="|Church|" pos="NNP" wid="1">Church</w>
  <w id="2" lemma="|have|" pos="VBZ" wid="2">has</w>
  <w id="3" lemma="|no|" pos="DT" wid="3">no</w>
  <w id="4" lemma="|technical|" pos="JJ" wid="4">technical</w>
  <w id="5" lemma="|solution|" pos="NNS" wid="5">solutions</w>
  <w id="6" lemma="|to|" pos="TO" wid="6">to</w>
  <w id="7" lemma="|propose|" pos="VB" wid="7">propose</w>
  <w id="8" lemma="|but|" pos="CC" wid="8">but</w>
  <w id="9" lemma="|,|" pos="," wid="9">,</w>
  <w id="10" lemma="|as|" pos="IN" wid="10">as</w>
  <w id="11" lemma="|a|" pos="DT" wid="11">an</w>
  <w id="12" lemma="|expert|" pos="NN" wid="12">expert</w>
  <w id="13" lemma="|in|" pos="IN" wid="13">in</w>
  <w id="14" lemma="|humanity|" pos="NN" wid="14">humanity</w>
  <w id="15" lemma="|,|" pos="," wid="15">,</w>
  <w id="16" lemma="|offer|" pos="VBZ" wid="16">offers</w>
  <w id="17" lemma="|to|" pos="TO" wid="17">to</w>
  <w id="18" lemma="|all|" pos="PDT" wid="18">all</w>
  <w id="19" lemma="|the|" pos="DT" wid="19">the</w>
  <w id="20" lemma="|teaching|" pos="NN" wid="20">teaching</w>
  <w id="21" lemma="|of|" pos="IN" wid="21">of</w>
  <w id="22" lemma="|sacred|" pos="JJ" wid="22">Sacred</w>
  <w id="23" lemma="|scripture|" pos="NN" wid="23">Scripture</w>
  <w id="24" lemma="|on|" pos="IN" wid="24">on</w>
  <w id="25" lemma="|the|" pos="DT" wid="25">the</w>
  <w id="26" lemma="|truth|" pos="NN" wid="26">truth</w>
  <w id="27" lemma="|about|" pos="IN" wid="27">about</w>
  <w id="28" lemma="|mankind|" pos="NN" wid="28">mankind</w>
  <w id="29" lemma="|,|" pos="," wid="29">,</w>
  <w id="30" lemma="|and|" pos="CC" wid="30">and</w>
  <w id="31" lemma="|proclaim|" pos="VBZ" wid="31">proclaims</w>
  <w id="32" lemma="|the|" pos="DT" wid="32">the</w>
  <w id="33" lemma="|gospel|" pos="NN" wid="33">Gospel</w>
  <w id="34" lemma="|of|" pos="IN" wid="34">of</w>
  <w id="35" lemma="|love|" pos="NN" wid="35">Love</w>
  <w id="36" lemma="|and|" pos="CC" wid="36">and</w>
  <w id="37" lemma="|justice|" pos="NN" wid="37">justice</w>
  <w id="38" lemma="|.|" pos="." wid="38">.</w>
</sentence>
<sentence id="5">
  <w id="0" lemma="|last|" pos="JJ" wid="0">Last</w>
  <w id="1" lemma="|Wednesday|" pos="NNP" wid="1">Wednesday</w>
  <w id="2" lemma="|,|" pos="," wid="2">,</w>
  <w id="3" lemma="|comment|" pos="VBG" wid="3">commenting</w>
  <w id="4" lemma="|at|" pos="IN" wid="4">at</w>
  <w id="5" lemma="|the|" pos="DT" wid="5">the</w>
  <w id="6" lemma="|general|" pos="JJ" wid="6">General</w>
  <w id="7" lemma="|audience|" pos="NN" wid="7">Audience</w>
  <w id="8" lemma="|on|" pos="IN" wid="8">on</w>
  <w id="9" lemma="|the|" pos="DT" wid="9">the</w>
  <w id="10" lemma="|Encyclical|" pos="NNP" wid="10">Encyclical</w>
  <w id="11" lemma="|Caritatis|" pos="NNP" wid="11">Caritatis</w>
  <w id="12" lemma="|in|" pos="IN" wid="12">in</w>
  <w id="13" lemma="|Veritate|" pos="NNP" wid="13">Veritate</w>
  <w id="14" lemma="|,|" pos="," wid="14">,</w>
  <w id="15" lemma="|publish|" pos="VBN" wid="15">published</w>
  <w id="16" lemma="|precisely|" pos="RB" wid="16">precisely</w>
  <w id="17" lemma="|on|" pos="IN" wid="17">on</w>
  <w id="18" lemma="|the|" pos="DT" wid="18">the</w>
  <w id="19" lemma="|eve|" pos="NN" wid="19">eve</w>
  <w id="20" lemma="|of|" pos="IN" wid="20">of</w>
  <w id="21" lemma="|the|" pos="DT" wid="21">the</w>
  <w id="22" lemma="|g8|" pos="NN" wid="22">G8</w>
  <w id="23" lemma="|,|" pos="," wid="23">,</w>
  <w id="24" lemma="|I|" pos="PRP" wid="24">I</w>
  <w id="25" lemma="|say|" pos="VBD" wid="25">said</w>
  <w id="26" lemma="|:|" pos=":" wid="26">:</w>
  <w id="27" lemma="|``|" pos="``" wid="27">``</w>
  <w id="28" lemma="|what|" pos="WP" wid="28">What</w>
  <w id="29" lemma="|be|" pos="VBZ" wid="29">is</w>
  <w id="30" lemma="|need|" pos="VBN" wid="30">needed</w>
  <w id="31" lemma="|,|" pos="," wid="31">,</w>
  <w id="32" lemma="|then|" pos="RB" wid="32">then</w>
  <w id="33" lemma="|,|" pos="," wid="33">,</w>
  <w id="34" lemma="|be|" pos="VBZ" wid="34">is</w>
  <w id="35" lemma="|new|" pos="JJ" wid="35">new</w>
  <w id="36" lemma="|financial|" pos="JJ" wid="36">financial</w>
  <w id="37" lemma="|planning|" pos="NN" wid="37">planning</w>
  <w id="38" lemma="|in|" pos="IN" wid="38">in</w>
  <w id="39" lemma="|order|" pos="NN" wid="39">order</w>
  <w id="40" lemma="|to|" pos="TO" wid="40">to</w>
  <w id="41" lemma="|redesign|" pos="VB" wid="41">redesign</w>
  <w id="42" lemma="|development|" pos="NN" wid="42">development</w>
  <w id="43" lemma="|globally|" pos="RB" wid="43">globally</w>
  <w id="44" lemma="|,|" pos="," wid="44">,</w>
  <w id="45" lemma="|base|" pos="VBN" wid="45">based</w>
  <w id="46" lemma="|on|" pos="IN" wid="46">on</w>
  <w id="47" lemma="|the|" pos="DT" wid="47">the</w>
  <w id="48" lemma="|ethical|" pos="JJ" wid="48">ethical</w>
  <w id="49" lemma="|foundation|" pos="NN" wid="49">foundation</w>
  <w id="50" lemma="|of|" pos="IN" wid="50">of</w>
  <w id="51" lemma="|responsibility|" pos="NN" wid="51">responsibility</w>
  <w id="52" lemma="|before|" pos="IN" wid="52">before</w>
  <w id="53" lemma="|God|" pos="NNP" wid="53">God</w>
  <w id="54" lemma="|and|" pos="CC" wid="54">and</w>
  <w id="55" lemma="|to|" pos="TO" wid="55">to</w>
  <w id="56" lemma="|the|" pos="DT" wid="56">the</w>
  <w id="57" lemma="|human|" pos="JJ" wid="57">human</w>
  <w id="58" lemma="|being|" pos="NN" wid="58">being</w>
  <w id="59" lemma="|as|" pos="IN" wid="59">as</w>
  <w id="60" lemma="|God|" pos="NNP" wid="60">God</w>
  <w id="61" lemma="|'s|" pos="POS" wid="61">'s</w>
  <w id="62" lemma="|creature|" pos="NN" wid="62">creature</w>
  <w id="63" lemma="|''|" pos="''" wid="63">''</w>
  <w id="64" lemma="|.|" pos="." wid="64">.</w>
</sentence>
<sentence id="6">
  <w id="0" lemma="|this|" pos="DT" wid="0">This</w>
  <w id="1" lemma="|be|" pos="VBZ" wid="1">is</w>
  <w id="2" lemma="|because|" pos="RB" wid="2">because</w>
  <w id="3" lemma="|,|" pos="," wid="3">,</w>
  <w id="4" lemma="|as|" pos="IN" wid="4">as</w>
  <w id="5" lemma="|I|" pos="PRP" wid="5">I</w>
  <w id="6" lemma="|write|" pos="VBD" wid="6">wrote</w>
  <w id="7" lemma="|in|" pos="IN" wid="7">in</w>
  <w id="8" lemma="|the|" pos="DT" wid="8">the</w>
  <w id="9" lemma="|Encyclical|" pos="NNP" wid="9">Encyclical</w>
  <w id="10" lemma="|,|" pos="," wid="10">,</w>
  <w id="11" lemma="|``|" pos="``" wid="11">``</w>
  <w id="12" lemma="|in|" pos="IN" wid="12">In</w>
  <w id="13" lemma="|a|" pos="DT" wid="13">an</w>
  <w id="14" lemma="|increasingly|" pos="RB" wid="14">increasingly</w>
  <w id="15" lemma="|globalized|" pos="JJ" wid="15">globalized</w>
  <w id="16" lemma="|society|" pos="NN" wid="16">society</w>
  <w id="17" lemma="|,|" pos="," wid="17">,</w>
  <w id="18" lemma="|the|" pos="DT" wid="18">the</w>
  <w id="19" lemma="|common|" pos="JJ" wid="19">common</w>
  <w id="20" lemma="|good|" pos="NN" wid="20">good</w>
  <w id="21" lemma="|and|" pos="CC" wid="21">and</w>
  <w id="22" lemma="|the|" pos="DT" wid="22">the</w>
  <w id="23" lemma="|effort|" pos="NN" wid="23">effort</w>
  <w id="24" lemma="|to|" pos="TO" wid="24">to</w>
  <w id="25" lemma="|obtain|" pos="VB" wid="25">obtain</w>
  <w id="26" lemma="|it|" pos="PRP" wid="26">it</w>
  <w id="27" lemma="|can|" pos="MD" wid="27">can</w>
  <w id="28" lemma="|not|" pos="RB" wid="28">not</w>
  <w id="29" lemma="|fail|" pos="VB" wid="29">fail</w>
  <w id="30" lemma="|to|" pos="TO" wid="30">to</w>
  <w id="31" lemma="|assume|" pos="VB" wid="31">assume</w>
  <w id="32" lemma="|the|" pos="DT" wid="32">the</w>
  <w id="33" lemma="|dimension|" pos="NNS" wid="33">dimensions</w>
  <w id="34" lemma="|of|" pos="IN" wid="34">of</w>
  <w id="35" lemma="|the|" pos="DT" wid="35">the</w>
  <w id="36" lemma="|whole|" pos="JJ" wid="36">whole</w>
  <w id="37" lemma="|human|" pos="JJ" wid="37">human</w>
  <w id="38" lemma="|family|" pos="NN" wid="38">family</w>
  <w id="39" lemma="|''|" pos="''" wid="39">''</w>
  <w id="40" lemma="|-lrb-|" pos="-LRB-" wid="40">-LRB-</w>
  <w id="41" lemma="|n.|" pos="NN" wid="41">n.</w>
  <w id="42" lemma="|7|" pos="CD" wid="42">7</w>
  <w id="43" lemma="|-rrb-|" pos="-RRB-" wid="43">-RRB-</w>
  <w id="44" lemma="|.|" pos="." wid="44">.</w>
</sentence>
<sentence id="7">
  <w id="0" lemma="|in|" pos="IN" wid="0">In</w>
  <w id="1" lemma="|he|" pos="PRP$" wid="1">his</w>
  <w id="2" lemma="|Encyclical|" pos="NNP" wid="2">Encyclical</w>
  <w id="3" lemma="|Populorum|" pos="NNP" wid="3">Populorum</w>
  <w id="4" lemma="|Progressio|" pos="NNP" wid="4">Progressio</w>
  <w id="5" lemma="|,|" pos="," wid="5">,</w>
  <w id="6" lemma="|the|" pos="DT" wid="6">the</w>
  <w id="7" lemma="|great|" pos="JJ" wid="7">great</w>
  <w id="8" lemma="|Pontiff|" pos="NNP" wid="8">Pontiff</w>
  <w id="9" lemma="|Paul|" pos="NNP" wid="9">Paul</w>
  <w id="10" lemma="|VI|" pos="NNP" wid="10">VI</w>
  <w id="11" lemma="|have|" pos="VBD" wid="11">had</w>
  <w id="12" lemma="|already|" pos="RB" wid="12">already</w>
  <w id="13" lemma="|recognize|" pos="VBN" wid="13">recognized</w>
  <w id="14" lemma="|and|" pos="CC" wid="14">and</w>
  <w id="15" lemma="|draw|" pos="VBN" wid="15">drawn</w>
  <w id="16" lemma="|attention|" pos="NN" wid="16">attention</w>
  <w id="17" lemma="|to|" pos="TO" wid="17">to</w>
  <w id="18" lemma="|the|" pos="DT" wid="18">the</w>
  <w id="19" lemma="|global|" pos="JJ" wid="19">global</w>
  <w id="20" lemma="|dimension|" pos="NN" wid="20">dimension</w>
  <w id="21" lemma="|of|" pos="IN" wid="21">of</w>
  <w id="22" lemma="|the|" pos="DT" wid="22">the</w>
  <w id="23" lemma="|social|" pos="JJ" wid="23">social</w>
  <w id="24" lemma="|problem|" pos="NN" wid="24">problem</w>
  <w id="25" lemma="|.|" pos="." wid="25">.</w>
</sentence>
<sentence id="8">
  <w id="0" lemma="|follow|" pos="VBG" wid="0">Following</w>
  <w id="1" lemma="|he|" pos="PRP$" wid="1">his</w>
  <w id="2" lemma="|lead|" pos="NN" wid="2">lead</w>
  <w id="3" lemma="|,|" pos="," wid="3">,</w>
  <w id="4" lemma="|I|" pos="PRP" wid="4">I</w>
  <w id="5" lemma="|also|" pos="RB" wid="5">also</w>
  <w id="6" lemma="|feel|" pos="VBD" wid="6">felt</w>
  <w id="7" lemma="|the|" pos="DT" wid="7">the</w>
  <w id="8" lemma="|need|" pos="NN" wid="8">need</w>
  <w id="9" lemma="|to|" pos="TO" wid="9">to</w>
  <w id="10" lemma="|dedicate|" pos="VB" wid="10">dedicate</w>
  <w id="11" lemma="|Caritas|" pos="NNP" wid="11">Caritas</w>
  <w id="12" lemma="|in|" pos="IN" wid="12">in</w>
  <w id="13" lemma="|Veritate|" pos="NNP" wid="13">Veritate</w>
  <w id="14" lemma="|to|" pos="TO" wid="14">to</w>
  <w id="15" lemma="|this|" pos="DT" wid="15">this</w>
  <w id="16" lemma="|question|" pos="NN" wid="16">question</w>
  <w id="17" lemma="|that|" pos="IN" wid="17">that</w>
  <w id="18" lemma="|in|" pos="IN" wid="18">in</w>
  <w id="19" lemma="|we|" pos="PRP$" wid="19">our</w>
  <w id="20" lemma="|day|" pos="NN" wid="20">day</w>
  <w id="21" lemma="|have|" pos="VBZ" wid="21">has</w>
  <w id="22" lemma="|become|" pos="VBN" wid="22">become</w>
  <w id="23" lemma="|``|" pos="``" wid="23">``</w>
  <w id="24" lemma="|a|" pos="DT" wid="24">a</w>
  <w id="25" lemma="|radically|" pos="RB" wid="25">radically</w>
  <w id="26" lemma="|anthropological|" pos="JJ" wid="26">anthropological</w>
  <w id="27" lemma="|question|" pos="NN" wid="27">question</w>
  <w id="28" lemma="|''|" pos="''" wid="28">''</w>
  <w id="29" lemma="|,|" pos="," wid="29">,</w>
  <w id="30" lemma="|in|" pos="IN" wid="30">in</w>
  <w id="31" lemma="|the|" pos="DT" wid="31">the</w>
  <w id="32" lemma="|sense|" pos="NN" wid="32">sense</w>
  <w id="33" lemma="|that|" pos="IN" wid="33">that</w>
  <w id="34" lemma="|it|" pos="PRP" wid="34">it</w>
  <w id="35" lemma="|concern|" pos="VBZ" wid="35">concerns</w>
  <w id="36" lemma="|the|" pos="DT" wid="36">the</w>
  <w id="37" lemma="|actual|" pos="JJ" wid="37">actual</w>
  <w id="38" lemma="|way|" pos="NN" wid="38">way</w>
  <w id="39" lemma="|in|" pos="IN" wid="39">in</w>
  <w id="40" lemma="|which|" pos="WDT" wid="40">which</w>
  <w id="41" lemma="|the|" pos="DT" wid="41">the</w>
  <w id="42" lemma="|human|" pos="JJ" wid="42">human</w>
  <w id="43" lemma="|being|" pos="NN" wid="43">being</w>
  <w id="44" lemma="|be|" pos="VBZ" wid="44">is</w>
  <w id="45" lemma="|conceive|" pos="VBN" wid="45">conceived</w>
  <w id="46" lemma="|as|" pos="IN" wid="46">as</w>
  <w id="47" lemma="|bio-technology|" pos="JJ" wid="47">bio-technology</w>
  <w id="48" lemma="|place|" pos="NNS" wid="48">places</w>
  <w id="49" lemma="|it|" pos="PRP" wid="49">it</w>
  <w id="50" lemma="|increasingly|" pos="RB" wid="50">increasingly</w>
  <w id="51" lemma="|under|" pos="IN" wid="51">under</w>
  <w id="52" lemma="|man|" pos="NN" wid="52">man</w>
  <w id="53" lemma="|'s|" pos="POS" wid="53">'s</w>
  <w id="54" lemma="|control|" pos="NN" wid="54">control</w>
  <w id="55" lemma="|-lrb-|" pos="-LRB-" wid="55">-LRB-</w>
  <w id="56" lemma="|cf|" pos="NN" wid="56">cf</w>
  <w id="57" lemma="|.|" pos="." wid="57">.</w>
</sentence>
<sentence id="9">
  <w id="0" lemma="|n.|" pos="NN" wid="0">n.</w>
  <w id="1" lemma="|75|" pos="CD" wid="1">75</w>
  <w id="2" lemma="|-rrb-|" pos="-RRB-" wid="2">-RRB-</w>
  <w id="3" lemma="|.|" pos="." wid="3">.</w>
</sentence>
<sentence id="10">
  <w id="0" lemma="|the|" pos="DT" wid="0">The</w>
  <w id="1" lemma="|solution|" pos="NNS" wid="1">solutions</w>
  <w id="2" lemma="|to|" pos="TO" wid="2">to</w>
  <w id="3" lemma="|the|" pos="DT" wid="3">the</w>
  <w id="4" lemma="|problem|" pos="NNS" wid="4">problems</w>
  <w id="5" lemma="|of|" pos="IN" wid="5">of</w>
  <w id="6" lemma="|humanity|" pos="NN" wid="6">humanity</w>
  <w id="7" lemma="|today|" pos="NN" wid="7">today</w>
  <w id="8" lemma="|can|" pos="MD" wid="8">can</w>
  <w id="9" lemma="|not|" pos="RB" wid="9">not</w>
  <w id="10" lemma="|only|" pos="RB" wid="10">only</w>
  <w id="11" lemma="|be|" pos="VB" wid="11">be</w>
  <w id="12" lemma="|technical|" pos="JJ" wid="12">technical</w>
  <w id="13" lemma="|,|" pos="," wid="13">,</w>
  <w id="14" lemma="|but|" pos="CC" wid="14">but</w>
  <w id="15" lemma="|must|" pos="MD" wid="15">must</w>
  <w id="16" lemma="|take|" pos="VB" wid="16">take</w>
  <w id="17" lemma="|into|" pos="IN" wid="17">into</w>
  <w id="18" lemma="|account|" pos="NN" wid="18">account</w>
  <w id="19" lemma="|all|" pos="PDT" wid="19">all</w>
  <w id="20" lemma="|the|" pos="DT" wid="20">the</w>
  <w id="21" lemma="|requirement|" pos="NNS" wid="21">requirements</w>
  <w id="22" lemma="|of|" pos="IN" wid="22">of</w>
  <w id="23" lemma="|the|" pos="DT" wid="23">the</w>
  <w id="24" lemma="|person|" pos="NN" wid="24">person</w>
  <w id="25" lemma="|,|" pos="," wid="25">,</w>
  <w id="26" lemma="|who|" pos="WP" wid="26">who</w>
  <w id="27" lemma="|be|" pos="VBZ" wid="27">is</w>
  <w id="28" lemma="|endow|" pos="VBN" wid="28">endowed</w>
  <w id="29" lemma="|with|" pos="IN" wid="29">with</w>
  <w id="30" lemma="|a|" pos="DT" wid="30">a</w>
  <w id="31" lemma="|body|" pos="NN" wid="31">body</w>
  <w id="32" lemma="|and|" pos="CC" wid="32">and</w>
  <w id="33" lemma="|a|" pos="DT" wid="33">a</w>
  <w id="34" lemma="|soul|" pos="NN" wid="34">soul</w>
  <w id="35" lemma="|,|" pos="," wid="35">,</w>
  <w id="36" lemma="|and|" pos="CC" wid="36">and</w>
  <w id="37" lemma="|thus|" pos="RB" wid="37">thus</w>
  <w id="38" lemma="|must|" pos="MD" wid="38">must</w>
  <w id="39" lemma="|take|" pos="VB" wid="39">take</w>
  <w id="40" lemma="|into|" pos="IN" wid="40">into</w>
  <w id="41" lemma="|account|" pos="NN" wid="41">account</w>
  <w id="42" lemma="|the|" pos="DT" wid="42">the</w>
  <w id="43" lemma="|Creator|" pos="NNP" wid="43">Creator</w>
  <w id="44" lemma="|,|" pos="," wid="44">,</w>
  <w id="45" lemma="|God|" pos="NNP" wid="45">God</w>
  <w id="46" lemma="|.|" pos="." wid="46">.</w>
</sentence>
<sentence id="11">
  <w id="0" lemma="|``|" pos="``" wid="0">``</w>
  <w id="1" lemma="|the|" pos="DT" wid="1">The</w>
  <w id="2" lemma="|supremacy|" pos="NN" wid="2">supremacy</w>
  <w id="3" lemma="|of|" pos="IN" wid="3">of</w>
  <w id="4" lemma="|technology|" pos="NN" wid="4">technology</w>
  <w id="5" lemma="|''|" pos="''" wid="5">''</w>
  <w id="6" lemma="|,|" pos="," wid="6">,</w>
  <w id="7" lemma="|which|" pos="WDT" wid="7">which</w>
  <w id="8" lemma="|culminate|" pos="VBZ" wid="8">culminates</w>
  <w id="9" lemma="|in|" pos="IN" wid="9">in</w>
  <w id="10" lemma="|certain|" pos="JJ" wid="10">certain</w>
  <w id="11" lemma="|practice|" pos="NNS" wid="11">practices</w>
  <w id="12" lemma="|contrary|" pos="JJ" wid="12">contrary</w>
  <w id="13" lemma="|to|" pos="TO" wid="13">to</w>
  <w id="14" lemma="|life|" pos="NN" wid="14">life</w>
  <w id="15" lemma="|,|" pos="," wid="15">,</w>
  <w id="16" lemma="|could|" pos="MD" wid="16">could</w>
  <w id="17" lemma="|in|" pos="IN" wid="17">in</w>
  <w id="18" lemma="|fact|" pos="NN" wid="18">fact</w>
  <w id="19" lemma="|produce|" pos="VBP" wid="19">produce</w>
  <w id="20" lemma="|bleak|" pos="JJ" wid="20">bleak</w>
  <w id="21" lemma="|scenario|" pos="NNS" wid="21">scenarios</w>
  <w id="22" lemma="|for|" pos="IN" wid="22">for</w>
  <w id="23" lemma="|the|" pos="DT" wid="23">the</w>
  <w id="24" lemma="|future|" pos="NN" wid="24">future</w>
  <w id="25" lemma="|of|" pos="IN" wid="25">of</w>
  <w id="26" lemma="|humanity|" pos="NN" wid="26">humanity</w>
  <w id="27" lemma="|.|" pos="." wid="27">.</w>
</sentence>
<sentence id="12">
  <w id="0" lemma="|act|" pos="NNS" wid="0">Acts</w>
  <w id="1" lemma="|that|" pos="WDT" wid="1">that</w>
  <w id="2" lemma="|do|" pos="VBP" wid="2">do</w>
  <w id="3" lemma="|not|" pos="RB" wid="3">not</w>
  <w id="4" lemma="|respect|" pos="VB" wid="4">respect</w>
  <w id="5" lemma="|the|" pos="DT" wid="5">the</w>
  <w id="6" lemma="|true|" pos="JJ" wid="6">true</w>
  <w id="7" lemma="|dignity|" pos="NN" wid="7">dignity</w>
  <w id="8" lemma="|of|" pos="IN" wid="8">of</w>
  <w id="9" lemma="|the|" pos="DT" wid="9">the</w>
  <w id="10" lemma="|person|" pos="NN" wid="10">person</w>
  <w id="11" lemma="|,|" pos="," wid="11">,</w>
  <w id="12" lemma="|even|" pos="RB" wid="12">even</w>
  <w id="13" lemma="|when|" pos="WRB" wid="13">when</w>
  <w id="14" lemma="|they|" pos="PRP" wid="14">they</w>
  <w id="15" lemma="|seem|" pos="VBP" wid="15">seem</w>
  <w id="16" lemma="|to|" pos="TO" wid="16">to</w>
  <w id="17" lemma="|be|" pos="VB" wid="17">be</w>
  <w id="18" lemma="|motivate|" pos="VBN" wid="18">motivated</w>
  <w id="19" lemma="|by|" pos="IN" wid="19">by</w>
  <w id="20" lemma="|a|" pos="DT" wid="20">a</w>
  <w id="21" lemma="|``|" pos="``" wid="21">``</w>
  <w id="22" lemma="|design|" pos="NN" wid="22">design</w>
  <w id="23" lemma="|of|" pos="IN" wid="23">of</w>
  <w id="24" lemma="|love|" pos="NN" wid="24">love</w>
  <w id="25" lemma="|''|" pos="''" wid="25">''</w>
  <w id="26" lemma="|,|" pos="," wid="26">,</w>
  <w id="27" lemma="|be|" pos="VBP" wid="27">are</w>
  <w id="28" lemma="|in|" pos="IN" wid="28">in</w>
  <w id="29" lemma="|fact|" pos="NN" wid="29">fact</w>
  <w id="30" lemma="|the|" pos="DT" wid="30">the</w>
  <w id="31" lemma="|result|" pos="NN" wid="31">result</w>
  <w id="32" lemma="|of|" pos="IN" wid="32">of</w>
  <w id="33" lemma="|a|" pos="DT" wid="33">a</w>
  <w id="34" lemma="|``|" pos="``" wid="34">``</w>
  <w id="35" lemma="|materialistic|" pos="JJ" wid="35">materialistic</w>
  <w id="36" lemma="|and|" pos="CC" wid="36">and</w>
  <w id="37" lemma="|mechanistic|" pos="JJ" wid="37">mechanistic</w>
  <w id="38" lemma="|understanding|" pos="NN" wid="38">understanding</w>
  <w id="39" lemma="|of|" pos="IN" wid="39">of</w>
  <w id="40" lemma="|human|" pos="JJ" wid="40">human</w>
  <w id="41" lemma="|life|" pos="NN" wid="41">life</w>
  <w id="42" lemma="|''|" pos="''" wid="42">''</w>
  <w id="43" lemma="|that|" pos="WDT" wid="43">that</w>
  <w id="44" lemma="|reduce|" pos="VBZ" wid="44">reduces</w>
  <w id="45" lemma="|love|" pos="NN" wid="45">love</w>
  <w id="46" lemma="|without|" pos="IN" wid="46">without</w>
  <w id="47" lemma="|truth|" pos="NN" wid="47">truth</w>
  <w id="48" lemma="|to|" pos="TO" wid="48">to</w>
  <w id="49" lemma="|``|" pos="``" wid="49">``</w>
  <w id="50" lemma="|a|" pos="DT" wid="50">an</w>
  <w id="51" lemma="|empty|" pos="JJ" wid="51">empty</w>
  <w id="52" lemma="|shell|" pos="NN" wid="52">shell</w>
  <w id="53" lemma="|,|" pos="," wid="53">,</w>
  <w id="54" lemma="|to|" pos="TO" wid="54">to</w>
  <w id="55" lemma="|be|" pos="VB" wid="55">be</w>
  <w id="56" lemma="|fill|" pos="VBN" wid="56">filled</w>
  <w id="57" lemma="|in|" pos="IN" wid="57">in</w>
  <w id="58" lemma="|a|" pos="DT" wid="58">an</w>
  <w id="59" lemma="|arbitrary|" pos="JJ" wid="59">arbitrary</w>
  <w id="60" lemma="|way|" pos="NN" wid="60">way</w>
  <w id="61" lemma="|''|" pos="''" wid="61">''</w>
  <w id="62" lemma="|-lrb-|" pos="-LRB-" wid="62">-LRB-</w>
  <w id="63" lemma="|cf|" pos="NN" wid="63">cf</w>
  <w id="64" lemma="|.|" pos="." wid="64">.</w>
</sentence>
<sentence id="13">
  <w id="0" lemma="|n.|" pos="NN" wid="0">n.</w>
  <w id="1" lemma="|3|" pos="CD" wid="1">3</w>
  <w id="2" lemma="|-rrb-|" pos="-RRB-" wid="2">-RRB-</w>
  <w id="3" lemma="|and|" pos="CC" wid="3">and</w>
  <w id="4" lemma="|can|" pos="MD" wid="4">can</w>
  <w id="5" lemma="|thus|" pos="RB" wid="5">thus</w>
  <w id="6" lemma="|entail|" pos="VB" wid="6">entail</w>
  <w id="7" lemma="|negative|" pos="JJ" wid="7">negative</w>
  <w id="8" lemma="|effect|" pos="NNS" wid="8">effects</w>
  <w id="9" lemma="|for|" pos="IN" wid="9">for</w>
  <w id="10" lemma="|integral|" pos="JJ" wid="10">integral</w>
  <w id="11" lemma="|human|" pos="JJ" wid="11">human</w>
  <w id="12" lemma="|development|" pos="NN" wid="12">development</w>
  <w id="13" lemma="|.|" pos="." wid="13">.</w>
</sentence>
<sentence id="14">
  <w id="0" lemma="|however|" pos="RB" wid="0">However</w>
  <w id="1" lemma="|complex|" pos="JJ" wid="1">complex</w>
  <w id="2" lemma="|the|" pos="DT" wid="2">the</w>
  <w id="3" lemma="|current|" pos="JJ" wid="3">current</w>
  <w id="4" lemma="|situation|" pos="NN" wid="4">situation</w>
  <w id="5" lemma="|of|" pos="IN" wid="5">of</w>
  <w id="6" lemma="|the|" pos="DT" wid="6">the</w>
  <w id="7" lemma="|world|" pos="NN" wid="7">world</w>
  <w id="8" lemma="|be|" pos="VBZ" wid="8">is</w>
  <w id="9" lemma="|,|" pos="," wid="9">,</w>
  <w id="10" lemma="|the|" pos="DT" wid="10">the</w>
  <w id="11" lemma="|Church|" pos="NNP" wid="11">Church</w>
  <w id="12" lemma="|look|" pos="VBZ" wid="12">looks</w>
  <w id="13" lemma="|to|" pos="TO" wid="13">to</w>
  <w id="14" lemma="|the|" pos="DT" wid="14">the</w>
  <w id="15" lemma="|future|" pos="NN" wid="15">future</w>
  <w id="16" lemma="|with|" pos="IN" wid="16">with</w>
  <w id="17" lemma="|hope|" pos="NN" wid="17">hope</w>
  <w id="18" lemma="|and|" pos="CC" wid="18">and</w>
  <w id="19" lemma="|remind|" pos="VBZ" wid="19">reminds</w>
  <w id="20" lemma="|christian|" pos="NNS" wid="20">Christians</w>
  <w id="21" lemma="|that|" pos="IN" wid="21">that</w>
  <w id="22" lemma="|the|" pos="DT" wid="22">the</w>
  <w id="23" lemma="|proclamation|" pos="NN" wid="23">proclamation</w>
  <w id="24" lemma="|of|" pos="IN" wid="24">of</w>
  <w id="25" lemma="|Christ|" pos="NNP" wid="25">Christ</w>
  <w id="26" lemma="|be|" pos="VBZ" wid="26">is</w>
  <w id="27" lemma="|``|" pos="``" wid="27">``</w>
  <w id="28" lemma="|the|" pos="DT" wid="28">the</w>
  <w id="29" lemma="|first|" pos="JJ" wid="29">first</w>
  <w id="30" lemma="|and|" pos="CC" wid="30">and</w>
  <w id="31" lemma="|principal|" pos="JJ" wid="31">principal</w>
  <w id="32" lemma="|factor|" pos="NN" wid="32">factor</w>
  <w id="33" lemma="|of|" pos="IN" wid="33">of</w>
  <w id="34" lemma="|development|" pos="NN" wid="34">development</w>
  <w id="35" lemma="|''|" pos="''" wid="35">''</w>
  <w id="36" lemma="|.|" pos="." wid="36">.</w>
</sentence>
<sentence id="15">
  <w id="0" lemma="|on|" pos="IN" wid="0">On</w>
  <w id="1" lemma="|this|" pos="DT" wid="1">this</w>
  <w id="2" lemma="|very|" pos="JJ" wid="2">very</w>
  <w id="3" lemma="|day|" pos="NN" wid="3">day</w>
  <w id="4" lemma="|,|" pos="," wid="4">,</w>
  <w id="5" lemma="|in|" pos="IN" wid="5">in</w>
  <w id="6" lemma="|the|" pos="DT" wid="6">the</w>
  <w id="7" lemma="|opening|" pos="JJ" wid="7">Opening</w>
  <w id="8" lemma="|prayer|" pos="NN" wid="8">Prayer</w>
  <w id="9" lemma="|of|" pos="IN" wid="9">of</w>
  <w id="10" lemma="|Mass|" pos="NNP" wid="10">Mass</w>
  <w id="11" lemma="|,|" pos="," wid="11">,</w>
  <w id="12" lemma="|the|" pos="DT" wid="12">the</w>
  <w id="13" lemma="|Liturgy|" pos="NNP" wid="13">Liturgy</w>
  <w id="14" lemma="|invite|" pos="VBZ" wid="14">invites</w>
  <w id="15" lemma="|we|" pos="PRP" wid="15">us</w>
  <w id="16" lemma="|to|" pos="TO" wid="16">to</w>
  <w id="17" lemma="|pray|" pos="VB" wid="17">pray</w>
  <w id="18" lemma="|:|" pos=":" wid="18">:</w>
  <w id="19" lemma="|Grant|" pos="NNP" wid="19">Grant</w>
  <w id="20" lemma="|we|" pos="PRP" wid="20">us</w>
  <w id="21" lemma="|,|" pos="," wid="21">,</w>
  <w id="22" lemma="|O|" pos="NNP" wid="22">O</w>
  <w id="23" lemma="|Father|" pos="NNP" wid="23">Father</w>
  <w id="24" lemma="|,|" pos="," wid="24">,</w>
  <w id="25" lemma="|that|" pos="IN" wid="25">that</w>
  <w id="26" lemma="|we|" pos="PRP" wid="26">we</w>
  <w id="27" lemma="|may|" pos="MD" wid="27">may</w>
  <w id="28" lemma="|hold|" pos="VB" wid="28">hold</w>
  <w id="29" lemma="|nothing|" pos="NN" wid="29">nothing</w>
  <w id="30" lemma="|dearer|" pos="JJR" wid="30">dearer</w>
  <w id="31" lemma="|than|" pos="IN" wid="31">than</w>
  <w id="32" lemma="|you|" pos="PRP$" wid="32">your</w>
  <w id="33" lemma="|Son|" pos="NNP" wid="33">Son</w>
  <w id="34" lemma="|,|" pos="," wid="34">,</w>
  <w id="35" lemma="|who|" pos="WP" wid="35">who</w>
  <w id="36" lemma="|reveal|" pos="VBZ" wid="36">reveals</w>
  <w id="37" lemma="|to|" pos="TO" wid="37">to</w>
  <w id="38" lemma="|the|" pos="DT" wid="38">the</w>
  <w id="39" lemma="|world|" pos="NN" wid="39">world</w>
  <w id="40" lemma="|the|" pos="DT" wid="40">the</w>
  <w id="41" lemma="|mystery|" pos="NN" wid="41">mystery</w>
  <w id="42" lemma="|of|" pos="IN" wid="42">of</w>
  <w id="43" lemma="|you|" pos="PRP$" wid="43">your</w>
  <w id="44" lemma="|love|" pos="NN" wid="44">love</w>
  <w id="45" lemma="|and|" pos="CC" wid="45">and</w>
  <w id="46" lemma="|the|" pos="DT" wid="46">the</w>
  <w id="47" lemma="|true|" pos="JJ" wid="47">true</w>
  <w id="48" lemma="|dignity|" pos="NN" wid="48">dignity</w>
  <w id="49" lemma="|of|" pos="IN" wid="49">of</w>
  <w id="50" lemma="|man|" pos="NN" wid="50">man</w>
  <w id="51" lemma="|.|" pos="." wid="51">.</w>
</sentence>
<sentence id="16">
  <w id="0" lemma="|May|" pos="NNP" wid="0">May</w>
  <w id="1" lemma="|the|" pos="DT" wid="1">the</w>
  <w id="2" lemma="|Virgin|" pos="NNP" wid="2">Virgin</w>
  <w id="3" lemma="|Mary|" pos="NNP" wid="3">Mary</w>
  <w id="4" lemma="|obtain|" pos="VB" wid="4">obtain</w>
  <w id="5" lemma="|for|" pos="IN" wid="5">for</w>
  <w id="6" lemma="|we|" pos="PRP" wid="6">us</w>
  <w id="7" lemma="|that|" pos="IN" wid="7">that</w>
  <w id="8" lemma="|we|" pos="PRP" wid="8">we</w>
  <w id="9" lemma="|walk|" pos="VBP" wid="9">walk</w>
  <w id="10" lemma="|on|" pos="IN" wid="10">on</w>
  <w id="11" lemma="|the|" pos="DT" wid="11">the</w>
  <w id="12" lemma="|path|" pos="NN" wid="12">path</w>
  <w id="13" lemma="|of|" pos="IN" wid="13">of</w>
  <w id="14" lemma="|development|" pos="NN" wid="14">development</w>
  <w id="15" lemma="|with|" pos="IN" wid="15">with</w>
  <w id="16" lemma="|all|" pos="DT" wid="16">all</w>
  <w id="17" lemma="|we|" pos="PRP$" wid="17">our</w>
  <w id="18" lemma="|heart|" pos="NNS" wid="18">hearts</w>
  <w id="19" lemma="|and|" pos="CC" wid="19">and</w>
  <w id="20" lemma="|we|" pos="PRP$" wid="20">our</w>
  <w id="21" lemma="|intelligence|" pos="NN" wid="21">intelligence</w>
  <w id="22" lemma="|,|" pos="," wid="22">,</w>
  <w id="23" lemma="|``|" pos="``" wid="23">``</w>
  <w id="24" lemma="|that|" pos="DT" wid="24">that</w>
  <w id="25" lemma="|be|" pos="VBZ" wid="25">is</w>
  <w id="26" lemma="|to|" pos="TO" wid="26">to</w>
  <w id="27" lemma="|say|" pos="VB" wid="27">say</w>
  <w id="28" lemma="|with|" pos="IN" wid="28">with</w>
  <w id="29" lemma="|the|" pos="DT" wid="29">the</w>
  <w id="30" lemma="|ardour|" pos="NN" wid="30">ardour</w>
  <w id="31" lemma="|of|" pos="IN" wid="31">of</w>
  <w id="32" lemma="|charity|" pos="NN" wid="32">charity</w>
  <w id="33" lemma="|and|" pos="CC" wid="33">and</w>
  <w id="34" lemma="|the|" pos="DT" wid="34">the</w>
  <w id="35" lemma="|wisdom|" pos="NN" wid="35">wisdom</w>
  <w id="36" lemma="|of|" pos="IN" wid="36">of</w>
  <w id="37" lemma="|truth|" pos="NN" wid="37">truth</w>
  <w id="38" lemma="|''|" pos="''" wid="38">''</w>
  <w id="39" lemma="|-lrb-|" pos="-LRB-" wid="39">-LRB-</w>
  <w id="40" lemma="|cf|" pos="NN" wid="40">cf</w>
  <w id="41" lemma="|.|" pos="." wid="41">.</w>
</sentence>
<sentence id="17">
  <w id="0" lemma="|n.|" pos="NN" wid="0">n.</w>
  <w id="1" lemma="|8|" pos="CD" wid="1">8</w>
  <w id="2" lemma="|-rrb-|" pos="-RRB-" wid="2">-RRB-</w>
  <w id="3" lemma="|.|" pos="." wid="3">.</w>
</sentence>
<sentence id="18">
  <w id="0" lemma="|after|" pos="IN" wid="0">After</w>
  <w id="1" lemma="|the|" pos="DT" wid="1">the</w>
  <w id="2" lemma="|Angelus|" pos="NNP" wid="2">Angelus</w>
  <w id="3" lemma="|:|" pos=":" wid="3">:</w>
  <w id="4" lemma="|in|" pos="IN" wid="4">In</w>
  <w id="5" lemma="|these|" pos="DT" wid="5">these</w>
  <w id="6" lemma="|day|" pos="NNS" wid="6">days</w>
  <w id="7" lemma="|I|" pos="PRP" wid="7">I</w>
  <w id="8" lemma="|be|" pos="VBP" wid="8">am</w>
  <w id="9" lemma="|follow|" pos="VBG" wid="9">following</w>
  <w id="10" lemma="|the|" pos="DT" wid="10">the</w>
  <w id="11" lemma="|event|" pos="NNS" wid="11">events</w>
  <w id="12" lemma="|in|" pos="IN" wid="12">in</w>
  <w id="13" lemma="|Honduras|" pos="NNP" wid="13">Honduras</w>
  <w id="14" lemma="|with|" pos="IN" wid="14">with</w>
  <w id="15" lemma="|keen|" pos="JJ" wid="15">keen</w>
  <w id="16" lemma="|concern|" pos="NN" wid="16">concern</w>
  <w id="17" lemma="|.|" pos="." wid="17">.</w>
</sentence>
<sentence id="19">
  <w id="0" lemma="|today|" pos="NN" wid="0">Today</w>
  <w id="1" lemma="|I|" pos="PRP" wid="1">I</w>
  <w id="2" lemma="|would|" pos="MD" wid="2">would</w>
  <w id="3" lemma="|like|" pos="VB" wid="3">like</w>
  <w id="4" lemma="|to|" pos="TO" wid="4">to</w>
  <w id="5" lemma="|ask|" pos="VB" wid="5">ask</w>
  <w id="6" lemma="|you|" pos="PRP" wid="6">you</w>
  <w id="7" lemma="|to|" pos="TO" wid="7">to</w>
  <w id="8" lemma="|pray|" pos="VB" wid="8">pray</w>
  <w id="9" lemma="|for|" pos="IN" wid="9">for</w>
  <w id="10" lemma="|that|" pos="DT" wid="10">that</w>
  <w id="11" lemma="|beloved|" pos="JJ" wid="11">beloved</w>
  <w id="12" lemma="|country|" pos="NN" wid="12">country</w>
  <w id="13" lemma="|so|" pos="IN" wid="13">so</w>
  <w id="14" lemma="|that|" pos="IN" wid="14">that</w>
  <w id="15" lemma="|,|" pos="," wid="15">,</w>
  <w id="16" lemma="|through|" pos="IN" wid="16">through</w>
  <w id="17" lemma="|the|" pos="DT" wid="17">the</w>
  <w id="18" lemma="|maternal|" pos="JJ" wid="18">maternal</w>
  <w id="19" lemma="|intercession|" pos="NN" wid="19">intercession</w>
  <w id="20" lemma="|of|" pos="IN" wid="20">of</w>
  <w id="21" lemma="|Our|" pos="NNP" wid="21">Our</w>
  <w id="22" lemma="|Lady|" pos="NNP" wid="22">Lady</w>
  <w id="23" lemma="|of|" pos="IN" wid="23">of</w>
  <w id="24" lemma="|Suyapa|" pos="NNP" wid="24">Suyapa</w>
  <w id="25" lemma="|,|" pos="," wid="25">,</w>
  <w id="26" lemma="|the|" pos="DT" wid="26">the</w>
  <w id="27" lemma="|leader|" pos="NNS" wid="27">leaders</w>
  <w id="28" lemma="|of|" pos="IN" wid="28">of</w>
  <w id="29" lemma="|the|" pos="DT" wid="29">the</w>
  <w id="30" lemma="|nation|" pos="NN" wid="30">nation</w>
  <w id="31" lemma="|and|" pos="CC" wid="31">and</w>
  <w id="32" lemma="|all|" pos="PDT" wid="32">all</w>
  <w id="33" lemma="|its|" pos="PRP$" wid="33">its</w>
  <w id="34" lemma="|inhabitant|" pos="NNS" wid="34">inhabitants</w>
  <w id="35" lemma="|may|" pos="MD" wid="35">may</w>
  <w id="36" lemma="|patiently|" pos="RB" wid="36">patiently</w>
  <w id="37" lemma="|follow|" pos="VB" wid="37">follow</w>
  <w id="38" lemma="|the|" pos="DT" wid="38">the</w>
  <w id="39" lemma="|path|" pos="NN" wid="39">path</w>
  <w id="40" lemma="|of|" pos="IN" wid="40">of</w>
  <w id="41" lemma="|dialogue|" pos="NN" wid="41">dialogue</w>
  <w id="42" lemma="|,|" pos="," wid="42">,</w>
  <w id="43" lemma="|reciprocal|" pos="JJ" wid="43">reciprocal</w>
  <w id="44" lemma="|understanding|" pos="NN" wid="44">understanding</w>
  <w id="45" lemma="|and|" pos="CC" wid="45">and</w>
  <w id="46" lemma="|reconciliation|" pos="NN" wid="46">reconciliation</w>
  <w id="47" lemma="|.|" pos="." wid="47">.</w>
</sentence>
<sentence id="20">
  <w id="0" lemma="|this|" pos="DT" wid="0">This</w>
  <w id="1" lemma="|will|" pos="MD" wid="1">will</w>
  <w id="2" lemma="|be|" pos="VB" wid="2">be</w>
  <w id="3" lemma="|possible|" pos="JJ" wid="3">possible</w>
  <w id="4" lemma="|if|" pos="IN" wid="4">if</w>
  <w id="5" lemma="|,|" pos="," wid="5">,</w>
  <w id="6" lemma="|overcome|" pos="VBG" wid="6">overcoming</w>
  <w id="7" lemma="|individualistic|" pos="JJ" wid="7">individualistic</w>
  <w id="8" lemma="|tendency|" pos="NNS" wid="8">tendencies</w>
  <w id="9" lemma="|,|" pos="," wid="9">,</w>
  <w id="10" lemma="|each|" pos="DT" wid="10">each</w>
  <w id="11" lemma="|one|" pos="NN" wid="11">one</w>
  <w id="12" lemma="|strive|" pos="VBZ" wid="12">strives</w>
  <w id="13" lemma="|to|" pos="TO" wid="13">to</w>
  <w id="14" lemma="|pursue|" pos="VB" wid="14">pursue</w>
  <w id="15" lemma="|truth|" pos="NN" wid="15">truth</w>
  <w id="16" lemma="|and|" pos="CC" wid="16">and</w>
  <w id="17" lemma="|to|" pos="TO" wid="17">to</w>
  <w id="18" lemma="|tenaciously|" pos="RB" wid="18">tenaciously</w>
  <w id="19" lemma="|seek|" pos="VB" wid="19">seek</w>
  <w id="20" lemma="|the|" pos="DT" wid="20">the</w>
  <w id="21" lemma="|common|" pos="JJ" wid="21">common</w>
  <w id="22" lemma="|good|" pos="NN" wid="22">good</w>
  <w id="23" lemma="|:|" pos=":" wid="23">:</w>
  <w id="24" lemma="|it|" pos="PRP" wid="24">it</w>
  <w id="25" lemma="|be|" pos="VBZ" wid="25">is</w>
  <w id="26" lemma="|on|" pos="IN" wid="26">on</w>
  <w id="27" lemma="|this|" pos="DT" wid="27">this</w>
  <w id="28" lemma="|condition|" pos="NN" wid="28">condition</w>
  <w id="29" lemma="|that|" pos="IN" wid="29">that</w>
  <w id="30" lemma="|peaceful|" pos="JJ" wid="30">peaceful</w>
  <w id="31" lemma="|coexistence|" pos="NN" wid="31">coexistence</w>
  <w id="32" lemma="|and|" pos="CC" wid="32">and</w>
  <w id="33" lemma="|a|" pos="DT" wid="33">an</w>
  <w id="34" lemma="|authentic|" pos="JJ" wid="34">authentic</w>
  <w id="35" lemma="|democratic|" pos="JJ" wid="35">democratic</w>
  <w id="36" lemma="|life|" pos="NN" wid="36">life</w>
  <w id="37" lemma="|will|" pos="MD" wid="37">will</w>
  <w id="38" lemma="|be|" pos="VB" wid="38">be</w>
  <w id="39" lemma="|secure|" pos="VBN" wid="39">secured</w>
  <w id="40" lemma="|!|" pos="." wid="40">!</w>
</sentence>
<sentence id="21">
  <w id="0" lemma="|I|" pos="PRP" wid="0">I</w>
  <w id="1" lemma="|assure|" pos="VBP" wid="1">assure</w>
  <w id="2" lemma="|the|" pos="DT" wid="2">the</w>
  <w id="3" lemma="|beloved|" pos="JJ" wid="3">beloved</w>
  <w id="4" lemma="|honduran|" pos="JJ" wid="4">Honduran</w>
  <w id="5" lemma="|people|" pos="NNS" wid="5">people</w>
  <w id="6" lemma="|of|" pos="IN" wid="6">of</w>
  <w id="7" lemma="|my|" pos="PRP$" wid="7">my</w>
  <w id="8" lemma="|prayer|" pos="NNS" wid="8">prayers</w>
  <w id="9" lemma="|and|" pos="CC" wid="9">and</w>
  <w id="10" lemma="|I|" pos="PRP" wid="10">I</w>
  <w id="11" lemma="|impart|" pos="VBP" wid="11">impart</w>
  <w id="12" lemma="|to|" pos="TO" wid="12">to</w>
  <w id="13" lemma="|they|" pos="PRP" wid="13">them</w>
  <w id="14" lemma="|a|" pos="DT" wid="14">a</w>
  <w id="15" lemma="|special|" pos="JJ" wid="15">special</w>
  <w id="16" lemma="|apostolic|" pos="JJ" wid="16">Apostolic</w>
  <w id="17" lemma="|blessing|" pos="NN" wid="17">Blessing</w>
  <w id="18" lemma="|.|" pos="." wid="18">.</w>
</sentence>
<sentence id="22">
  <w id="0" lemma="|tomorrow|" pos="NN" wid="0">Tomorrow</w>
  <w id="1" lemma="|,|" pos="," wid="1">,</w>
  <w id="2" lemma="|please|" pos="VB" wid="2">please</w>
  <w id="3" lemma="|God|" pos="NNP" wid="3">God</w>
  <w id="4" lemma="|,|" pos="," wid="4">,</w>
  <w id="5" lemma="|I|" pos="PRP" wid="5">I</w>
  <w id="6" lemma="|shall|" pos="MD" wid="6">shall</w>
  <w id="7" lemma="|be|" pos="VB" wid="7">be</w>
  <w id="8" lemma="|leave|" pos="VBG" wid="8">leaving</w>
  <w id="9" lemma="|for|" pos="IN" wid="9">for</w>
  <w id="10" lemma="|a|" pos="DT" wid="10">a</w>
  <w id="11" lemma="|short|" pos="JJ" wid="11">short</w>
  <w id="12" lemma="|period|" pos="NN" wid="12">period</w>
  <w id="13" lemma="|of|" pos="IN" wid="13">of</w>
  <w id="14" lemma="|rest|" pos="NN" wid="14">rest</w>
  <w id="15" lemma="|in|" pos="IN" wid="15">in</w>
  <w id="16" lemma="|the|" pos="DT" wid="16">the</w>
  <w id="17" lemma="|mountain|" pos="NNS" wid="17">mountains</w>
  <w id="18" lemma="|.|" pos="." wid="18">.</w>
</sentence>
<sentence id="23">
  <w id="0" lemma="|I|" pos="PRP" wid="0">I</w>
  <w id="1" lemma="|will|" pos="MD" wid="1">will</w>
  <w id="2" lemma="|go|" pos="VB" wid="2">go</w>
  <w id="3" lemma="|to|" pos="TO" wid="3">to</w>
  <w id="4" lemma="|Les|" pos="NNP" wid="4">Les</w>
  <w id="5" lemma="|Combes|" pos="NNP" wid="5">Combes</w>
  <w id="6" lemma="|in|" pos="IN" wid="6">in</w>
  <w id="7" lemma="|the|" pos="DT" wid="7">the</w>
  <w id="8" lemma="|val|" pos="NN" wid="8">Val</w>
  <w id="9" lemma="|d'aosta|" pos="NN" wid="9">d'Aosta</w>
  <w id="10" lemma="|,|" pos="," wid="10">,</w>
  <w id="11" lemma="|a|" pos="DT" wid="11">a</w>
  <w id="12" lemma="|place|" pos="NN" wid="12">place</w>
  <w id="13" lemma="|make|" pos="VBD" wid="13">made</w>
  <w id="14" lemma="|famous|" pos="JJ" wid="14">famous</w>
  <w id="15" lemma="|by|" pos="IN" wid="15">by</w>
  <w id="16" lemma="|my|" pos="PRP$" wid="16">my</w>
  <w id="17" lemma="|beloved|" pos="JJ" wid="17">beloved</w>
  <w id="18" lemma="|Predecessor|" pos="NNP" wid="18">Predecessor</w>
  <w id="19" lemma="|John|" pos="NNP" wid="19">John</w>
  <w id="20" lemma="|Paul|" pos="NNP" wid="20">Paul</w>
  <w id="21" lemma="|II|" pos="NNP" wid="21">II</w>
  <w id="22" lemma="|'s|" pos="POS" wid="22">'s</w>
  <w id="23" lemma="|visit|" pos="NNS" wid="23">visits</w>
  <w id="24" lemma="|there|" pos="RB" wid="24">there</w>
  <w id="25" lemma="|and|" pos="CC" wid="25">and</w>
  <w id="26" lemma="|one|" pos="CD" wid="26">one</w>
  <w id="27" lemma="|to|" pos="TO" wid="27">to</w>
  <w id="28" lemma="|which|" pos="WDT" wid="28">which</w>
  <w id="29" lemma="|I|" pos="PRP" wid="29">I</w>
  <w id="30" lemma="|too|" pos="RB" wid="30">too</w>
  <w id="31" lemma="|be|" pos="VBP" wid="31">am</w>
  <w id="32" lemma="|very|" pos="RB" wid="32">very</w>
  <w id="33" lemma="|attached|" pos="JJ" wid="33">attached</w>
  <w id="34" lemma="|.|" pos="." wid="34">.</w>
</sentence>
<sentence id="24">
  <w id="0" lemma="|in|" pos="IN" wid="0">In</w>
  <w id="1" lemma="|say|" pos="VBG" wid="1">saying</w>
  <w id="2" lemma="|my|" pos="PRP$" wid="2">my</w>
  <w id="3" lemma="|``|" pos="``" wid="3">``</w>
  <w id="4" lemma="|goodbye|" pos="NN" wid="4">goodbye</w>
  <w id="5" lemma="|''|" pos="''" wid="5">''</w>
  <w id="6" lemma="|to|" pos="TO" wid="6">to</w>
  <w id="7" lemma="|St|" pos="NNP" wid="7">St</w>
  <w id="8" lemma="|Peter|" pos="NNP" wid="8">Peter</w>
  <w id="9" lemma="|'s|" pos="POS" wid="9">'s</w>
  <w id="10" lemma="|Square|" pos="NNP" wid="10">Square</w>
  <w id="11" lemma="|and|" pos="CC" wid="11">and</w>
  <w id="12" lemma="|to|" pos="TO" wid="12">to</w>
  <w id="13" lemma="|the|" pos="DT" wid="13">the</w>
  <w id="14" lemma="|city|" pos="NN" wid="14">city</w>
  <w id="15" lemma="|of|" pos="IN" wid="15">of</w>
  <w id="16" lemma="|Rome|" pos="NNP" wid="16">Rome</w>
  <w id="17" lemma="|,|" pos="," wid="17">,</w>
  <w id="18" lemma="|I|" pos="PRP" wid="18">I</w>
  <w id="19" lemma="|invite|" pos="VBP" wid="19">invite</w>
  <w id="20" lemma="|everyone|" pos="NN" wid="20">everyone</w>
  <w id="21" lemma="|to|" pos="TO" wid="21">to</w>
  <w id="22" lemma="|accompany|" pos="VB" wid="22">accompany</w>
  <w id="23" lemma="|I|" pos="PRP" wid="23">me</w>
  <w id="24" lemma="|with|" pos="IN" wid="24">with</w>
  <w id="25" lemma="|they|" pos="PRP$" wid="25">their</w>
  <w id="26" lemma="|prayer|" pos="NNS" wid="26">prayers</w>
  <w id="27" lemma="|.|" pos="." wid="27">.</w>
</sentence>
<sentence id="25">
  <w id="0" lemma="|prayer|" pos="NN" wid="0">Prayer</w>
  <w id="1" lemma="|know|" pos="VBZ" wid="1">knows</w>
  <w id="2" lemma="|no|" pos="DT" wid="2">no</w>
  <w id="3" lemma="|distance|" pos="NN" wid="3">distance</w>
  <w id="4" lemma="|and|" pos="CC" wid="4">and</w>
  <w id="5" lemma="|separation|" pos="NN" wid="5">separation</w>
  <w id="6" lemma="|:|" pos=":" wid="6">:</w>
  <w id="7" lemma="|wherever|" pos="WRB" wid="7">wherever</w>
  <w id="8" lemma="|we|" pos="PRP" wid="8">we</w>
  <w id="9" lemma="|be|" pos="VBP" wid="9">are</w>
  <w id="10" lemma="|,|" pos="," wid="10">,</w>
  <w id="11" lemma="|it|" pos="PRP" wid="11">it</w>
  <w id="12" lemma="|make|" pos="VBZ" wid="12">makes</w>
  <w id="13" lemma="|we|" pos="PRP" wid="13">us</w>
  <w id="14" lemma="|of|" pos="IN" wid="14">of</w>
  <w id="15" lemma="|one|" pos="CD" wid="15">one</w>
  <w id="16" lemma="|heart|" pos="NN" wid="16">heart</w>
  <w id="17" lemma="|and|" pos="CC" wid="17">and</w>
  <w id="18" lemma="|one|" pos="CD" wid="18">one</w>
  <w id="19" lemma="|mind|" pos="NN" wid="19">mind</w>
  <w id="20" lemma="|.|" pos="." wid="20">.</w>
</sentence>
<sentence id="26">
  <w id="0" lemma="|with|" pos="IN" wid="0">With</w>
  <w id="1" lemma="|regard|" pos="NN" wid="1">regard</w>
  <w id="2" lemma="|to|" pos="TO" wid="2">to</w>
  <w id="3" lemma="|departure|" pos="NNS" wid="3">departures</w>
  <w id="4" lemma="|,|" pos="," wid="4">,</w>
  <w id="5" lemma="|I|" pos="PRP" wid="5">I</w>
  <w id="6" lemma="|take|" pos="VBP" wid="6">take</w>
  <w id="7" lemma="|this|" pos="DT" wid="7">this</w>
  <w id="8" lemma="|opportunity|" pos="NN" wid="8">opportunity</w>
  <w id="9" lemma="|to|" pos="TO" wid="9">to</w>
  <w id="10" lemma="|reassert|" pos="VB" wid="10">reassert</w>
  <w id="11" lemma="|once|" pos="RB" wid="11">once</w>
  <w id="12" lemma="|again|" pos="RB" wid="12">again</w>
  <w id="13" lemma="|the|" pos="DT" wid="13">the</w>
  <w id="14" lemma="|duty|" pos="NN" wid="14">duty</w>
  <w id="15" lemma="|of|" pos="IN" wid="15">of</w>
  <w id="16" lemma="|all|" pos="DT" wid="16">all</w>
  <w id="17" lemma="|to|" pos="TO" wid="17">to</w>
  <w id="18" lemma="|drive|" pos="VB" wid="18">drive</w>
  <w id="19" lemma="|carefully|" pos="RB" wid="19">carefully</w>
  <w id="20" lemma="|and|" pos="CC" wid="20">and</w>
  <w id="21" lemma="|to|" pos="TO" wid="21">to</w>
  <w id="22" lemma="|respect|" pos="VB" wid="22">respect</w>
  <w id="23" lemma="|the|" pos="DT" wid="23">the</w>
  <w id="24" lemma="|highway|" pos="NN" wid="24">highway</w>
  <w id="25" lemma="|law|" pos="NNS" wid="25">laws</w>
  <w id="26" lemma="|.|" pos="." wid="26">.</w>
</sentence>
<sentence id="27">
  <w id="0" lemma="|a|" pos="DT" wid="0">A</w>
  <w id="1" lemma="|good|" pos="JJ" wid="1">good</w>
  <w id="2" lemma="|holiday|" pos="NN" wid="2">holiday</w>
  <w id="3" lemma="|begin|" pos="VBZ" wid="3">begins</w>
  <w id="4" lemma="|precisely|" pos="RB" wid="4">precisely</w>
  <w id="5" lemma="|with|" pos="IN" wid="5">with</w>
  <w id="6" lemma="|this|" pos="DT" wid="6">this</w>
  <w id="7" lemma="|!|" pos="." wid="7">!</w>
</sentence>
<sentence id="28">
  <w id="0" lemma="|I|" pos="PRP" wid="0">I</w>
  <w id="1" lemma="|be|" pos="VBP" wid="1">am</w>
  <w id="2" lemma="|pleased|" pos="JJ" wid="2">pleased</w>
  <w id="3" lemma="|to|" pos="TO" wid="3">to</w>
  <w id="4" lemma="|greet|" pos="VB" wid="4">greet</w>
  <w id="5" lemma="|the|" pos="DT" wid="5">the</w>
  <w id="6" lemma="|english-speaking|" pos="JJ" wid="6">English-speaking</w>
  <w id="7" lemma="|visitor|" pos="NNS" wid="7">visitors</w>
  <w id="8" lemma="|here|" pos="RB" wid="8">here</w>
  <w id="9" lemma="|today|" pos="NN" wid="9">today</w>
  <w id="10" lemma="|.|" pos="." wid="10">.</w>
</sentence>
<sentence id="29">
  <w id="0" lemma="|I|" pos="PRP" wid="0">I</w>
  <w id="1" lemma="|know|" pos="VBP" wid="1">know</w>
  <w id="2" lemma="|that|" pos="IN" wid="2">that</w>
  <w id="3" lemma="|some|" pos="DT" wid="3">some</w>
  <w id="4" lemma="|of|" pos="IN" wid="4">of</w>
  <w id="5" lemma="|you|" pos="PRP" wid="5">you</w>
  <w id="6" lemma="|have|" pos="VBP" wid="6">have</w>
  <w id="7" lemma="|come|" pos="VBN" wid="7">come</w>
  <w id="8" lemma="|from|" pos="IN" wid="8">from</w>
  <w id="9" lemma="|as|" pos="RB" wid="9">as</w>
  <w id="10" lemma="|far|" pos="RB" wid="10">far</w>
  <w id="11" lemma="|away|" pos="RB" wid="11">away</w>
  <w id="12" lemma="|as|" pos="IN" wid="12">as</w>
  <w id="13" lemma="|Sydney|" pos="NNP" wid="13">Sydney</w>
  <w id="14" lemma="|,|" pos="," wid="14">,</w>
  <w id="15" lemma="|Australia|" pos="NNP" wid="15">Australia</w>
  <w id="16" lemma="|,|" pos="," wid="16">,</w>
  <w id="17" lemma="|and|" pos="CC" wid="17">and</w>
  <w id="18" lemma="|I|" pos="PRP" wid="18">I</w>
  <w id="19" lemma="|extend|" pos="VBP" wid="19">extend</w>
  <w id="20" lemma="|a|" pos="DT" wid="20">a</w>
  <w id="21" lemma="|particular|" pos="JJ" wid="21">particular</w>
  <w id="22" lemma="|welcome|" pos="JJ" wid="22">welcome</w>
  <w id="23" lemma="|to|" pos="TO" wid="23">to</w>
  <w id="24" lemma="|you|" pos="PRP" wid="24">you</w>
  <w id="25" lemma="|,|" pos="," wid="25">,</w>
  <w id="26" lemma="|remember|" pos="VBG" wid="26">remembering</w>
  <w id="27" lemma="|the|" pos="DT" wid="27">the</w>
  <w id="28" lemma="|joyful|" pos="JJ" wid="28">joyful</w>
  <w id="29" lemma="|celebration|" pos="NN" wid="29">celebration</w>
  <w id="30" lemma="|of|" pos="IN" wid="30">of</w>
  <w id="31" lemma="|World|" pos="NNP" wid="31">World</w>
  <w id="32" lemma="|Youth|" pos="NNP" wid="32">Youth</w>
  <w id="33" lemma="|Day|" pos="NNP" wid="33">Day</w>
  <w id="34" lemma="|in|" pos="IN" wid="34">in</w>
  <w id="35" lemma="|you|" pos="PRP$" wid="35">your</w>
  <w id="36" lemma="|city|" pos="NN" wid="36">city</w>
  <w id="37" lemma="|almost|" pos="RB" wid="37">almost</w>
  <w id="38" lemma="|exactly|" pos="RB" wid="38">exactly</w>
  <w id="39" lemma="|a|" pos="DT" wid="39">a</w>
  <w id="40" lemma="|year|" pos="NN" wid="40">year</w>
  <w id="41" lemma="|ago|" pos="RB" wid="41">ago</w>
  <w id="42" lemma="|.|" pos="." wid="42">.</w>
</sentence>
<sentence id="30">
  <w id="0" lemma="|to|" pos="TO" wid="0">To</w>
  <w id="1" lemma="|all|" pos="DT" wid="1">all</w>
  <w id="2" lemma="|who|" pos="WP" wid="2">who</w>
  <w id="3" lemma="|be|" pos="VBP" wid="3">are</w>
  <w id="4" lemma="|on|" pos="IN" wid="4">on</w>
  <w id="5" lemma="|pilgrimage|" pos="NN" wid="5">pilgrimage</w>
  <w id="6" lemma="|or|" pos="CC" wid="6">or</w>
  <w id="7" lemma="|on|" pos="IN" wid="7">on</w>
  <w id="8" lemma="|holiday|" pos="NN" wid="8">holiday</w>
  <w id="9" lemma="|at|" pos="IN" wid="9">at</w>
  <w id="10" lemma="|this|" pos="DT" wid="10">this</w>
  <w id="11" lemma="|time|" pos="NN" wid="11">time</w>
  <w id="12" lemma="|,|" pos="," wid="12">,</w>
  <w id="13" lemma="|I|" pos="PRP" wid="13">I</w>
  <w id="14" lemma="|offer|" pos="VBP" wid="14">offer</w>
  <w id="15" lemma="|the|" pos="DT" wid="15">the</w>
  <w id="16" lemma="|assurance|" pos="NN" wid="16">assurance</w>
  <w id="17" lemma="|of|" pos="IN" wid="17">of</w>
  <w id="18" lemma="|my|" pos="PRP$" wid="18">my</w>
  <w id="19" lemma="|prayer|" pos="NNS" wid="19">prayers</w>
  <w id="20" lemma="|that|" pos="IN" wid="20">that</w>
  <w id="21" lemma="|you|" pos="PRP" wid="21">you</w>
  <w id="22" lemma="|will|" pos="MD" wid="22">will</w>
  <w id="23" lemma="|find|" pos="VB" wid="23">find</w>
  <w id="24" lemma="|refreshment|" pos="NN" wid="24">refreshment</w>
  <w id="25" lemma="|in|" pos="IN" wid="25">in</w>
  <w id="26" lemma="|body|" pos="NN" wid="26">body</w>
  <w id="27" lemma="|and|" pos="CC" wid="27">and</w>
  <w id="28" lemma="|spirit|" pos="NN" wid="28">spirit</w>
  <w id="29" lemma="|and|" pos="CC" wid="29">and</w>
  <w id="30" lemma="|a|" pos="DT" wid="30">an</w>
  <w id="31" lemma="|opportunity|" pos="NN" wid="31">opportunity</w>
  <w id="32" lemma="|to|" pos="TO" wid="32">to</w>
  <w id="33" lemma="|draw|" pos="VB" wid="33">draw</w>
  <w id="34" lemma="|closer|" pos="RBR" wid="34">closer</w>
  <w id="35" lemma="|to|" pos="TO" wid="35">to</w>
  <w id="36" lemma="|the|" pos="DT" wid="36">the</w>
  <w id="37" lemma="|lord|" pos="NN" wid="37">Lord</w>
  <w id="38" lemma="|in|" pos="IN" wid="38">in</w>
  <w id="39" lemma="|prayer|" pos="NN" wid="39">prayer</w>
  <w id="40" lemma="|and|" pos="CC" wid="40">and</w>
  <w id="41" lemma="|thanksgiving|" pos="NN" wid="41">thanksgiving</w>
  <w id="42" lemma="|.|" pos="." wid="42">.</w>
</sentence>
<sentence id="31">
  <w id="0" lemma="|May|" pos="NNP" wid="0">May</w>
  <w id="1" lemma="|God|" pos="NNP" wid="1">God</w>
  <w id="2" lemma="|bestow|" pos="VB" wid="2">bestow</w>
  <w id="3" lemma="|he|" pos="PRP$" wid="3">his</w>
  <w id="4" lemma="|blessing|" pos="NNS" wid="4">Blessings</w>
  <w id="5" lemma="|of|" pos="IN" wid="5">of</w>
  <w id="6" lemma="|joy|" pos="NN" wid="6">joy</w>
  <w id="7" lemma="|and|" pos="CC" wid="7">and</w>
  <w id="8" lemma="|peace|" pos="NN" wid="8">peace</w>
  <w id="9" lemma="|upon|" pos="IN" wid="9">upon</w>
  <w id="10" lemma="|all|" pos="DT" wid="10">all</w>
  <w id="11" lemma="|of|" pos="IN" wid="11">of</w>
  <w id="12" lemma="|you|" pos="PRP" wid="12">you</w>
  <w id="13" lemma="|,|" pos="," wid="13">,</w>
  <w id="14" lemma="|and|" pos="CC" wid="14">and</w>
  <w id="15" lemma="|upon|" pos="IN" wid="15">upon</w>
  <w id="16" lemma="|you|" pos="PRP$" wid="16">your</w>
  <w id="17" lemma="|family|" pos="NNS" wid="17">families</w>
  <w id="18" lemma="|and|" pos="CC" wid="18">and</w>
  <w id="19" lemma="|love|" pos="VBD" wid="19">loved</w>
  <w id="20" lemma="|one|" pos="NNS" wid="20">ones</w>
  <w id="21" lemma="|at|" pos="IN" wid="21">at</w>
  <w id="22" lemma="|home|" pos="NN" wid="22">home</w>
  <w id="23" lemma="|.|" pos="." wid="23">.</w>
</sentence>
<sentence id="32">
  <w id="0" lemma="|I|" pos="PRP" wid="0">I</w>
  <w id="1" lemma="|wish|" pos="VBP" wid="1">wish</w>
  <w id="2" lemma="|you|" pos="PRP" wid="2">you</w>
  <w id="3" lemma="|all|" pos="PDT" wid="3">all</w>
  <w id="4" lemma="|a|" pos="DT" wid="4">a</w>
  <w id="5" lemma="|good|" pos="JJ" wid="5">good</w>
  <w id="6" lemma="|Sunday|" pos="NNP" wid="6">Sunday</w>
  <w id="7" lemma="|.|" pos="." wid="7">.</w>
</sentence>
</corpus>