<corpus id="0">
<sentence id="0">
  <w id="0" lemma="|Dear|" pos="NNP" wid="0">Dear</w>
  <w id="1" lemma="|Brothers|" pos="NNPS" wid="1">Brothers</w>
  <w id="2" lemma="|and|" pos="CC" wid="2">and</w>
  <w id="3" lemma="|sister|" pos="NNS" wid="3">Sisters</w>
  <w id="4" lemma="|,|" pos="," wid="4">,</w>
  <w id="5" lemma="|the|" pos="DT" wid="5">The</w>
  <w id="6" lemma="|liturgy|" pos="NN" wid="6">Liturgy</w>
  <w id="7" lemma="|of|" pos="IN" wid="7">of</w>
  <w id="8" lemma="|Our|" pos="NNP" wid="8">Our</w>
  <w id="9" lemma="|Lord|" pos="NNP" wid="9">Lord</w>
  <w id="10" lemma="|Jesus|" pos="NNP" wid="10">Jesus</w>
  <w id="11" lemma="|Christ|" pos="NNP" wid="11">Christ</w>
  <w id="12" lemma="|the|" pos="DT" wid="12">the</w>
  <w id="13" lemma="|King|" pos="NNP" wid="13">King</w>
  <w id="14" lemma="|of|" pos="IN" wid="14">of</w>
  <w id="15" lemma="|the|" pos="DT" wid="15">the</w>
  <w id="16" lemma="|universe|" pos="NN" wid="16">Universe</w>
  <w id="17" lemma="|in|" pos="IN" wid="17">in</w>
  <w id="18" lemma="|the|" pos="DT" wid="18">the</w>
  <w id="19" lemma="|Vatican|" pos="NNP" wid="19">Vatican</w>
  <w id="20" lemma="|basilica|" pos="NN" wid="20">Basilica</w>
  <w id="21" lemma="|have|" pos="VBZ" wid="21">has</w>
  <w id="22" lemma="|just|" pos="RB" wid="22">just</w>
  <w id="23" lemma="|end|" pos="VBN" wid="23">ended</w>
  <w id="24" lemma="|.|" pos="." wid="24">.</w>
</sentence>
<sentence id="1">
  <w id="0" lemma="|it|" pos="PRP" wid="0">It</w>
  <w id="1" lemma="|be|" pos="VBD" wid="1">was</w>
  <w id="2" lemma="|also|" pos="RB" wid="2">also</w>
  <w id="3" lemma="|concelebrate|" pos="VBN" wid="3">concelebrated</w>
  <w id="4" lemma="|by|" pos="IN" wid="4">by</w>
  <w id="5" lemma="|the|" pos="DT" wid="5">the</w>
  <w id="6" lemma="|24|" pos="CD" wid="6">24</w>
  <w id="7" lemma="|new|" pos="JJ" wid="7">new</w>
  <w id="8" lemma="|Cardinals|" pos="NNPS" wid="8">Cardinals</w>
  <w id="9" lemma="|create|" pos="VBN" wid="9">created</w>
  <w id="10" lemma="|at|" pos="IN" wid="10">at</w>
  <w id="11" lemma="|yesterday|" pos="NN" wid="11">yesterday</w>
  <w id="12" lemma="|'s|" pos="POS" wid="12">'s</w>
  <w id="13" lemma="|Consistory|" pos="NNP" wid="13">Consistory</w>
  <w id="14" lemma="|.|" pos="." wid="14">.</w>
</sentence>
<sentence id="2">
  <w id="0" lemma="|the|" pos="DT" wid="0">The</w>
  <w id="1" lemma="|solemnity|" pos="NN" wid="1">Solemnity</w>
  <w id="2" lemma="|of|" pos="IN" wid="2">of</w>
  <w id="3" lemma="|Christ|" pos="NNP" wid="3">Christ</w>
  <w id="4" lemma="|the|" pos="DT" wid="4">the</w>
  <w id="5" lemma="|King|" pos="NNP" wid="5">King</w>
  <w id="6" lemma="|be|" pos="VBD" wid="6">was</w>
  <w id="7" lemma="|establish|" pos="VBN" wid="7">established</w>
  <w id="8" lemma="|by|" pos="IN" wid="8">by</w>
  <w id="9" lemma="|Pius|" pos="NNP" wid="9">Pius</w>
  <w id="10" lemma="|XI|" pos="NNP" wid="10">XI</w>
  <w id="11" lemma="|in|" pos="IN" wid="11">in</w>
  <w id="12" lemma="|1925|" pos="CD" wid="12">1925</w>
  <w id="13" lemma="|and|" pos="CC" wid="13">and</w>
  <w id="14" lemma="|,|" pos="," wid="14">,</w>
  <w id="15" lemma="|later|" pos="RB" wid="15">later</w>
  <w id="16" lemma="|,|" pos="," wid="16">,</w>
  <w id="17" lemma="|after|" pos="IN" wid="17">after</w>
  <w id="18" lemma="|the|" pos="DT" wid="18">the</w>
  <w id="19" lemma="|Second|" pos="NNP" wid="19">Second</w>
  <w id="20" lemma="|Vatican|" pos="NNP" wid="20">Vatican</w>
  <w id="21" lemma="|Council|" pos="NNP" wid="21">Council</w>
  <w id="22" lemma="|,|" pos="," wid="22">,</w>
  <w id="23" lemma="|it|" pos="PRP" wid="23">it</w>
  <w id="24" lemma="|be|" pos="VBD" wid="24">was</w>
  <w id="25" lemma="|place|" pos="VBN" wid="25">placed</w>
  <w id="26" lemma="|at|" pos="IN" wid="26">at</w>
  <w id="27" lemma="|the|" pos="DT" wid="27">the</w>
  <w id="28" lemma="|close|" pos="NN" wid="28">close</w>
  <w id="29" lemma="|of|" pos="IN" wid="29">of</w>
  <w id="30" lemma="|the|" pos="DT" wid="30">the</w>
  <w id="31" lemma="|liturgical|" pos="JJ" wid="31">liturgical</w>
  <w id="32" lemma="|year|" pos="NN" wid="32">year</w>
  <w id="33" lemma="|.|" pos="." wid="33">.</w>
</sentence>
<sentence id="3">
  <w id="0" lemma="|the|" pos="DT" wid="0">The</w>
  <w id="1" lemma="|Gospel|" pos="NNP" wid="1">Gospel</w>
  <w id="2" lemma="|accord|" pos="VBG" wid="2">according</w>
  <w id="3" lemma="|to|" pos="TO" wid="3">to</w>
  <w id="4" lemma="|St|" pos="NNP" wid="4">St</w>
  <w id="5" lemma="|Luke|" pos="NNP" wid="5">Luke</w>
  <w id="6" lemma="|present|" pos="VBZ" wid="6">presents</w>
  <w id="7" lemma="|,|" pos="," wid="7">,</w>
  <w id="8" lemma="|as|" pos="IN" wid="8">as</w>
  <w id="9" lemma="|in|" pos="IN" wid="9">in</w>
  <w id="10" lemma="|a|" pos="DT" wid="10">a</w>
  <w id="11" lemma="|great|" pos="JJ" wid="11">great</w>
  <w id="12" lemma="|painting|" pos="NN" wid="12">painting</w>
  <w id="13" lemma="|,|" pos="," wid="13">,</w>
  <w id="14" lemma="|the|" pos="DT" wid="14">the</w>
  <w id="15" lemma="|kingship|" pos="NN" wid="15">kingship</w>
  <w id="16" lemma="|of|" pos="IN" wid="16">of</w>
  <w id="17" lemma="|Jesus|" pos="NNP" wid="17">Jesus</w>
  <w id="18" lemma="|at|" pos="IN" wid="18">at</w>
  <w id="19" lemma="|the|" pos="DT" wid="19">the</w>
  <w id="20" lemma="|moment|" pos="NN" wid="20">moment</w>
  <w id="21" lemma="|of|" pos="IN" wid="21">of</w>
  <w id="22" lemma="|he|" pos="PRP$" wid="22">his</w>
  <w id="23" lemma="|Crucifixion|" pos="NNP" wid="23">Crucifixion</w>
  <w id="24" lemma="|.|" pos="." wid="24">.</w>
</sentence>
<sentence id="4">
  <w id="0" lemma="|the|" pos="DT" wid="0">The</w>
  <w id="1" lemma="|leader|" pos="NNS" wid="1">leaders</w>
  <w id="2" lemma="|of|" pos="IN" wid="2">of</w>
  <w id="3" lemma="|the|" pos="DT" wid="3">the</w>
  <w id="4" lemma="|people|" pos="NNS" wid="4">people</w>
  <w id="5" lemma="|and|" pos="CC" wid="5">and</w>
  <w id="6" lemma="|the|" pos="DT" wid="6">the</w>
  <w id="7" lemma="|soldier|" pos="NNS" wid="7">soldiers</w>
  <w id="8" lemma="|taunt|" pos="VBP" wid="8">taunt</w>
  <w id="9" lemma="|``|" pos="``" wid="9">``</w>
  <w id="10" lemma="|the|" pos="DT" wid="10">the</w>
  <w id="11" lemma="|first-born|" pos="NN" wid="11">first-born</w>
  <w id="12" lemma="|of|" pos="IN" wid="12">of</w>
  <w id="13" lemma="|all|" pos="DT" wid="13">all</w>
  <w id="14" lemma="|creation|" pos="NN" wid="14">creation</w>
  <w id="15" lemma="|''|" pos="''" wid="15">''</w>
  <w id="16" lemma="|-lrb-|" pos="-LRB-" wid="16">-LRB-</w>
  <w id="17" lemma="|col|" pos="NN" wid="17">Col</w>
  <w id="18" lemma="|1:15|" pos="CD" wid="18">1:15</w>
  <w id="19" lemma="|-rrb-|" pos="-RRB-" wid="19">-RRB-</w>
  <w id="20" lemma="|and|" pos="CC" wid="20">and</w>
  <w id="21" lemma="|put|" pos="VBD" wid="21">put</w>
  <w id="22" lemma="|he|" pos="PRP" wid="22">him</w>
  <w id="23" lemma="|to|" pos="TO" wid="23">to</w>
  <w id="24" lemma="|the|" pos="DT" wid="24">the</w>
  <w id="25" lemma="|test|" pos="NN" wid="25">test</w>
  <w id="26" lemma="|to|" pos="TO" wid="26">to</w>
  <w id="27" lemma="|see|" pos="VB" wid="27">see</w>
  <w id="28" lemma="|whether|" pos="IN" wid="28">whether</w>
  <w id="29" lemma="|he|" pos="PRP" wid="29">he</w>
  <w id="30" lemma="|have|" pos="VBZ" wid="30">has</w>
  <w id="31" lemma="|the|" pos="DT" wid="31">the</w>
  <w id="32" lemma="|power|" pos="NN" wid="32">power</w>
  <w id="33" lemma="|to|" pos="TO" wid="33">to</w>
  <w id="34" lemma="|save|" pos="VB" wid="34">save</w>
  <w id="35" lemma="|himself|" pos="PRP" wid="35">himself</w>
  <w id="36" lemma="|from|" pos="IN" wid="36">from</w>
  <w id="37" lemma="|death|" pos="NN" wid="37">death</w>
  <w id="38" lemma="|-lrb-|" pos="-LRB-" wid="38">-LRB-</w>
  <w id="39" lemma="|cf|" pos="NN" wid="39">cf</w>
  <w id="40" lemma="|.|" pos="." wid="40">.</w>
</sentence>
<sentence id="5">
  <w id="0" lemma="|Luke|" pos="NNP" wid="0">Luke</w>
  <w id="1" lemma="|23:35|" pos="CD" wid="1">23:35</w>
  <w id="2" lemma="|-37|" pos="CD" wid="2">-37</w>
  <w id="3" lemma="|-rrb-|" pos="-RRB-" wid="3">-RRB-</w>
  <w id="4" lemma="|.|" pos="." wid="4">.</w>
</sentence>
<sentence id="6">
  <w id="0" lemma="|yet|" pos="RB" wid="0">Yet</w>
  <w id="1" lemma="|precisely|" pos="RB" wid="1">precisely</w>
  <w id="2" lemma="|:|" pos=":" wid="2">:</w>
  <w id="3" lemma="|``|" pos="``" wid="3">``</w>
  <w id="4" lemma="|on|" pos="IN" wid="4">on</w>
  <w id="5" lemma="|the|" pos="DT" wid="5">the</w>
  <w id="6" lemma="|Cross|" pos="NNP" wid="6">Cross</w>
  <w id="7" lemma="|,|" pos="," wid="7">,</w>
  <w id="8" lemma="|Jesus|" pos="NNP" wid="8">Jesus</w>
  <w id="9" lemma="|be|" pos="VBZ" wid="9">is</w>
  <w id="10" lemma="|exalt|" pos="VBN" wid="10">exalted</w>
  <w id="11" lemma="|to|" pos="TO" wid="11">to</w>
  <w id="12" lemma="|the|" pos="DT" wid="12">the</w>
  <w id="13" lemma="|very|" pos="JJ" wid="13">very</w>
  <w id="14" lemma="|`|" pos="``" wid="14">`</w>
  <w id="15" lemma="|height|" pos="NN" wid="15">height</w>
  <w id="16" lemma="|'|" pos="''" wid="16">'</w>
  <w id="17" lemma="|of|" pos="IN" wid="17">of</w>
  <w id="18" lemma="|the|" pos="DT" wid="18">the</w>
  <w id="19" lemma="|God|" pos="NNP" wid="19">God</w>
  <w id="20" lemma="|who|" pos="WP" wid="20">who</w>
  <w id="21" lemma="|be|" pos="VBZ" wid="21">is</w>
  <w id="22" lemma="|Love|" pos="NNP" wid="22">Love</w>
  <w id="23" lemma="|.|" pos="." wid="23">.</w>
</sentence>
<sentence id="7">
  <w id="0" lemma="|it|" pos="PRP" wid="0">It</w>
  <w id="1" lemma="|be|" pos="VBZ" wid="1">is</w>
  <w id="2" lemma="|there|" pos="RB" wid="2">there</w>
  <w id="3" lemma="|that|" pos="IN" wid="3">that</w>
  <w id="4" lemma="|he|" pos="PRP" wid="4">he</w>
  <w id="5" lemma="|can|" pos="MD" wid="5">can</w>
  <w id="6" lemma="|be|" pos="VB" wid="6">be</w>
  <w id="7" lemma="|`|" pos="``" wid="7">`</w>
  <w id="8" lemma="|know|" pos="VBN" wid="8">known</w>
  <w id="9" lemma="|'|" pos="''" wid="9">'</w>
  <w id="10" lemma="|...|" pos=":" wid="10">...</w>
  <w id="11" lemma="|.|" pos="." wid="11">.</w>
</sentence>
<sentence id="8">
  <w id="0" lemma="|Jesus|" pos="NNP" wid="0">Jesus</w>
  <w id="1" lemma="|give|" pos="VBZ" wid="1">gives</w>
  <w id="2" lemma="|we|" pos="PRP" wid="2">us</w>
  <w id="3" lemma="|`|" pos="``" wid="3">`</w>
  <w id="4" lemma="|life|" pos="NN" wid="4">life</w>
  <w id="5" lemma="|'|" pos="''" wid="5">'</w>
  <w id="6" lemma="|because|" pos="IN" wid="6">because</w>
  <w id="7" lemma="|he|" pos="PRP" wid="7">he</w>
  <w id="8" lemma="|give|" pos="VBZ" wid="8">gives</w>
  <w id="9" lemma="|we|" pos="PRP" wid="9">us</w>
  <w id="10" lemma="|God|" pos="NNP" wid="10">God</w>
  <w id="11" lemma="|.|" pos="." wid="11">.</w>
</sentence>
<sentence id="9">
  <w id="0" lemma="|he|" pos="PRP" wid="0">He</w>
  <w id="1" lemma="|can|" pos="MD" wid="1">can</w>
  <w id="2" lemma="|give|" pos="VB" wid="2">give</w>
  <w id="3" lemma="|God|" pos="NNP" wid="3">God</w>
  <w id="4" lemma="|because|" pos="IN" wid="4">because</w>
  <w id="5" lemma="|he|" pos="PRP" wid="5">he</w>
  <w id="6" lemma="|himself|" pos="PRP" wid="6">himself</w>
  <w id="7" lemma="|be|" pos="VBZ" wid="7">is</w>
  <w id="8" lemma="|one|" pos="CD" wid="8">one</w>
  <w id="9" lemma="|with|" pos="IN" wid="9">with</w>
  <w id="10" lemma="|God|" pos="NNP" wid="10">God</w>
  <w id="11" lemma="|''|" pos="''" wid="11">''</w>
  <w id="12" lemma="|-lrb-|" pos="-LRB-" wid="12">-LRB-</w>
  <w id="13" lemma="|Benedict|" pos="NNP" wid="13">Benedict</w>
  <w id="14" lemma="|XVI|" pos="NNP" wid="14">XVI</w>
  <w id="15" lemma="|,|" pos="," wid="15">,</w>
  <w id="16" lemma="|Jesus|" pos="NNP" wid="16">Jesus</w>
  <w id="17" lemma="|of|" pos="IN" wid="17">of</w>
  <w id="18" lemma="|Nazareth|" pos="NNP" wid="18">Nazareth</w>
  <w id="19" lemma="|-lrb-|" pos="-LRB-" wid="19">-LRB-</w>
  <w id="20" lemma="|English|" pos="NNP" wid="20">English</w>
  <w id="21" lemma="|translation|" pos="NN" wid="21">translation</w>
  <w id="22" lemma="|,|" pos="," wid="22">,</w>
  <w id="23" lemma="|Doubleday|" pos="NNP" wid="23">Doubleday</w>
  <w id="24" lemma="|,|" pos="," wid="24">,</w>
  <w id="25" lemma="|New|" pos="NNP" wid="25">New</w>
  <w id="26" lemma="|York|" pos="NNP" wid="26">York</w>
  <w id="27" lemma="|,|" pos="," wid="27">,</w>
  <w id="28" lemma="|2007|" pos="CD" wid="28">2007</w>
  <w id="29" lemma="|,|" pos="," wid="29">,</w>
  <w id="30" lemma="|pp|" pos="NN" wid="30">pp</w>
  <w id="31" lemma="|.|" pos="." wid="31">.</w>
</sentence>
<sentence id="10">
  <w id="0" lemma="|349|" pos="CD" wid="0">349</w>
  <w id="1" lemma="|and|" pos="CC" wid="1">and</w>
  <w id="2" lemma="|354|" pos="CD" wid="2">354</w>
  <w id="3" lemma="|-rrb-|" pos="-RRB-" wid="3">-RRB-</w>
  <w id="4" lemma="|.|" pos="." wid="4">.</w>
</sentence>
<sentence id="11">
  <w id="0" lemma="|in|" pos="IN" wid="0">In</w>
  <w id="1" lemma="|fact|" pos="NN" wid="1">fact</w>
  <w id="2" lemma="|,|" pos="," wid="2">,</w>
  <w id="3" lemma="|while|" pos="IN" wid="3">while</w>
  <w id="4" lemma="|the|" pos="DT" wid="4">the</w>
  <w id="5" lemma="|Lord|" pos="NNP" wid="5">Lord</w>
  <w id="6" lemma="|seem|" pos="VBZ" wid="6">seems</w>
  <w id="7" lemma="|to|" pos="TO" wid="7">to</w>
  <w id="8" lemma="|be|" pos="VB" wid="8">be</w>
  <w id="9" lemma="|mistaken|" pos="JJ" wid="9">mistaken</w>
  <w id="10" lemma="|because|" pos="IN" wid="10">because</w>
  <w id="11" lemma="|he|" pos="PRP" wid="11">he</w>
  <w id="12" lemma="|be|" pos="VBZ" wid="12">is</w>
  <w id="13" lemma="|between|" pos="IN" wid="13">between</w>
  <w id="14" lemma="|two|" pos="CD" wid="14">two</w>
  <w id="15" lemma="|wrong-doer|" pos="NNS" wid="15">wrong-doers</w>
  <w id="16" lemma="|,|" pos="," wid="16">,</w>
  <w id="17" lemma="|one|" pos="CD" wid="17">one</w>
  <w id="18" lemma="|of|" pos="IN" wid="18">of</w>
  <w id="19" lemma="|they|" pos="PRP" wid="19">them</w>
  <w id="20" lemma="|,|" pos="," wid="20">,</w>
  <w id="21" lemma="|aware|" pos="JJ" wid="21">aware</w>
  <w id="22" lemma="|of|" pos="IN" wid="22">of</w>
  <w id="23" lemma="|he|" pos="PRP$" wid="23">his</w>
  <w id="24" lemma="|sin|" pos="NNS" wid="24">sins</w>
  <w id="25" lemma="|,|" pos="," wid="25">,</w>
  <w id="26" lemma="|open|" pos="VBZ" wid="26">opens</w>
  <w id="27" lemma="|himself|" pos="PRP" wid="27">himself</w>
  <w id="28" lemma="|to|" pos="TO" wid="28">to</w>
  <w id="29" lemma="|truth|" pos="NN" wid="29">truth</w>
  <w id="30" lemma="|,|" pos="," wid="30">,</w>
  <w id="31" lemma="|arrive|" pos="VBZ" wid="31">arrives</w>
  <w id="32" lemma="|at|" pos="IN" wid="32">at</w>
  <w id="33" lemma="|faith|" pos="NN" wid="33">faith</w>
  <w id="34" lemma="|and|" pos="CC" wid="34">and</w>
  <w id="35" lemma="|pray|" pos="VBZ" wid="35">prays</w>
  <w id="36" lemma="|``|" pos="``" wid="36">``</w>
  <w id="37" lemma="|the|" pos="DT" wid="37">the</w>
  <w id="38" lemma="|King|" pos="NNP" wid="38">King</w>
  <w id="39" lemma="|of|" pos="IN" wid="39">of</w>
  <w id="40" lemma="|the|" pos="DT" wid="40">the</w>
  <w id="41" lemma="|Jews|" pos="NNPS" wid="41">Jews</w>
  <w id="42" lemma="|''|" pos="''" wid="42">''</w>
  <w id="43" lemma="|:|" pos=":" wid="43">:</w>
  <w id="44" lemma="|``|" pos="``" wid="44">``</w>
  <w id="45" lemma="|Jesus|" pos="NNP" wid="45">Jesus</w>
  <w id="46" lemma="|,|" pos="," wid="46">,</w>
  <w id="47" lemma="|remember|" pos="VB" wid="47">remember</w>
  <w id="48" lemma="|I|" pos="PRP" wid="48">me</w>
  <w id="49" lemma="|when|" pos="WRB" wid="49">when</w>
  <w id="50" lemma="|you|" pos="PRP" wid="50">you</w>
  <w id="51" lemma="|come|" pos="VBP" wid="51">come</w>
  <w id="52" lemma="|into|" pos="IN" wid="52">into</w>
  <w id="53" lemma="|you|" pos="PRP$" wid="53">your</w>
  <w id="54" lemma="|kingdom|" pos="NN" wid="54">kingdom</w>
  <w id="55" lemma="|''|" pos="''" wid="55">''</w>
  <w id="56" lemma="|-lrb-|" pos="-LRB-" wid="56">-LRB-</w>
  <w id="57" lemma="|lk|" pos="NN" wid="57">Lk</w>
  <w id="58" lemma="|23:42|" pos="CD" wid="58">23:42</w>
  <w id="59" lemma="|-rrb-|" pos="-RRB-" wid="59">-RRB-</w>
  <w id="60" lemma="|.|" pos="." wid="60">.</w>
</sentence>
<sentence id="12">
  <w id="0" lemma="|from|" pos="IN" wid="0">From</w>
  <w id="1" lemma="|the|" pos="DT" wid="1">the</w>
  <w id="2" lemma="|one|" pos="NN" wid="2">One</w>
  <w id="3" lemma="|who|" pos="WP" wid="3">who</w>
  <w id="4" lemma="|``|" pos="``" wid="4">``</w>
  <w id="5" lemma="|be|" pos="VBZ" wid="5">is</w>
  <w id="6" lemma="|before|" pos="IN" wid="6">before</w>
  <w id="7" lemma="|all|" pos="DT" wid="7">all</w>
  <w id="8" lemma="|thing|" pos="NNS" wid="8">things</w>
  <w id="9" lemma="|,|" pos="," wid="9">,</w>
  <w id="10" lemma="|and|" pos="CC" wid="10">and</w>
  <w id="11" lemma="|in|" pos="IN" wid="11">in</w>
  <w id="12" lemma="|he|" pos="PRP" wid="12">him</w>
  <w id="13" lemma="|all|" pos="DT" wid="13">all</w>
  <w id="14" lemma="|thing|" pos="NNS" wid="14">things</w>
  <w id="15" lemma="|hold|" pos="VBP" wid="15">hold</w>
  <w id="16" lemma="|together|" pos="RB" wid="16">together</w>
  <w id="17" lemma="|''|" pos="''" wid="17">''</w>
  <w id="18" lemma="|-lrb-|" pos="-LRB-" wid="18">-LRB-</w>
  <w id="19" lemma="|col|" pos="NN" wid="19">Col</w>
  <w id="20" lemma="|1:17|" pos="CD" wid="20">1:17</w>
  <w id="21" lemma="|-rrb-|" pos="-RRB-" wid="21">-RRB-</w>
  <w id="22" lemma="|the|" pos="DT" wid="22">the</w>
  <w id="23" lemma="|so-called|" pos="JJ" wid="23">so-called</w>
  <w id="24" lemma="|``|" pos="``" wid="24">``</w>
  <w id="25" lemma="|good|" pos="JJ" wid="25">Good</w>
  <w id="26" lemma="|thief|" pos="NN" wid="26">Thief</w>
  <w id="27" lemma="|''|" pos="''" wid="27">''</w>
  <w id="28" lemma="|straight|" pos="RB" wid="28">straight</w>
  <w id="29" lemma="|away|" pos="RB" wid="29">away</w>
  <w id="30" lemma="|receive|" pos="VBZ" wid="30">receives</w>
  <w id="31" lemma="|forgiveness|" pos="NN" wid="31">forgiveness</w>
  <w id="32" lemma="|and|" pos="CC" wid="32">and</w>
  <w id="33" lemma="|the|" pos="DT" wid="33">the</w>
  <w id="34" lemma="|joy|" pos="NN" wid="34">joy</w>
  <w id="35" lemma="|of|" pos="IN" wid="35">of</w>
  <w id="36" lemma="|enter|" pos="VBG" wid="36">entering</w>
  <w id="37" lemma="|the|" pos="DT" wid="37">the</w>
  <w id="38" lemma="|Kingdom|" pos="NNP" wid="38">Kingdom</w>
  <w id="39" lemma="|of|" pos="IN" wid="39">of</w>
  <w id="40" lemma="|Heaven|" pos="NNP" wid="40">Heaven</w>
  <w id="41" lemma="|.|" pos="." wid="41">.</w>
</sentence>
<sentence id="13">
  <w id="0" lemma="|``|" pos="``" wid="0">``</w>
  <w id="1" lemma="|truly|" pos="RB" wid="1">Truly</w>
  <w id="2" lemma="|,|" pos="," wid="2">,</w>
  <w id="3" lemma="|I|" pos="PRP" wid="3">I</w>
  <w id="4" lemma="|say|" pos="VBP" wid="4">say</w>
  <w id="5" lemma="|to|" pos="TO" wid="5">to</w>
  <w id="6" lemma="|you|" pos="PRP" wid="6">you</w>
  <w id="7" lemma="|,|" pos="," wid="7">,</w>
  <w id="8" lemma="|today|" pos="NN" wid="8">today</w>
  <w id="9" lemma="|you|" pos="PRP" wid="9">you</w>
  <w id="10" lemma="|will|" pos="MD" wid="10">will</w>
  <w id="11" lemma="|be|" pos="VB" wid="11">be</w>
  <w id="12" lemma="|with|" pos="IN" wid="12">with</w>
  <w id="13" lemma="|I|" pos="PRP" wid="13">me</w>
  <w id="14" lemma="|in|" pos="IN" wid="14">in</w>
  <w id="15" lemma="|Paradise|" pos="NNP" wid="15">Paradise</w>
  <w id="16" lemma="|''|" pos="''" wid="16">''</w>
  <w id="17" lemma="|-lrb-|" pos="-LRB-" wid="17">-LRB-</w>
  <w id="18" lemma="|lk|" pos="NN" wid="18">Lk</w>
  <w id="19" lemma="|23:43|" pos="CD" wid="19">23:43</w>
  <w id="20" lemma="|-rrb-|" pos="-RRB-" wid="20">-RRB-</w>
  <w id="21" lemma="|.|" pos="." wid="21">.</w>
</sentence>
<sentence id="14">
  <w id="0" lemma="|with|" pos="IN" wid="0">With</w>
  <w id="1" lemma="|these|" pos="DT" wid="1">these</w>
  <w id="2" lemma="|word|" pos="NNS" wid="2">words</w>
  <w id="3" lemma="|,|" pos="," wid="3">,</w>
  <w id="4" lemma="|Jesus|" pos="NNP" wid="4">Jesus</w>
  <w id="5" lemma="|,|" pos="," wid="5">,</w>
  <w id="6" lemma="|from|" pos="IN" wid="6">from</w>
  <w id="7" lemma="|the|" pos="DT" wid="7">the</w>
  <w id="8" lemma="|throne|" pos="NN" wid="8">throne</w>
  <w id="9" lemma="|of|" pos="IN" wid="9">of</w>
  <w id="10" lemma="|the|" pos="DT" wid="10">the</w>
  <w id="11" lemma="|Cross|" pos="NNP" wid="11">Cross</w>
  <w id="12" lemma="|welcome|" pos="VBZ" wid="12">welcomes</w>
  <w id="13" lemma="|every|" pos="DT" wid="13">every</w>
  <w id="14" lemma="|human|" pos="JJ" wid="14">human</w>
  <w id="15" lemma="|being|" pos="NN" wid="15">being</w>
  <w id="16" lemma="|with|" pos="IN" wid="16">with</w>
  <w id="17" lemma="|infinite|" pos="JJ" wid="17">infinite</w>
  <w id="18" lemma="|mercy|" pos="NN" wid="18">mercy</w>
  <w id="19" lemma="|.|" pos="." wid="19">.</w>
</sentence>
<sentence id="15">
  <w id="0" lemma="|St|" pos="NNP" wid="0">St</w>
  <w id="1" lemma="|Ambrose|" pos="NNP" wid="1">Ambrose</w>
  <w id="2" lemma="|comment|" pos="NNS" wid="2">comments</w>
  <w id="3" lemma="|that|" pos="IN" wid="3">that</w>
  <w id="4" lemma="|this|" pos="DT" wid="4">this</w>
  <w id="5" lemma="|``|" pos="``" wid="5">``</w>
  <w id="6" lemma="|be|" pos="VBZ" wid="6">is</w>
  <w id="7" lemma="|a|" pos="DT" wid="7">a</w>
  <w id="8" lemma="|beautiful|" pos="JJ" wid="8">beautiful</w>
  <w id="9" lemma="|example|" pos="NN" wid="9">example</w>
  <w id="10" lemma="|of|" pos="IN" wid="10">of</w>
  <w id="11" lemma="|conversion|" pos="NN" wid="11">conversion</w>
  <w id="12" lemma="|to|" pos="TO" wid="12">to</w>
  <w id="13" lemma="|which|" pos="WDT" wid="13">which</w>
  <w id="14" lemma="|one|" pos="PRP" wid="14">one</w>
  <w id="15" lemma="|should|" pos="MD" wid="15">should</w>
  <w id="16" lemma="|aspire|" pos="VB" wid="16">aspire</w>
  <w id="17" lemma="|:|" pos=":" wid="17">:</w>
  <w id="18" lemma="|forgiveness|" pos="NN" wid="18">forgiveness</w>
  <w id="19" lemma="|be|" pos="VBZ" wid="19">is</w>
  <w id="20" lemma="|very|" pos="RB" wid="20">very</w>
  <w id="21" lemma="|quickly|" pos="RB" wid="21">quickly</w>
  <w id="22" lemma="|offer|" pos="VBD" wid="22">offered</w>
  <w id="23" lemma="|to|" pos="TO" wid="23">to</w>
  <w id="24" lemma="|the|" pos="DT" wid="24">the</w>
  <w id="25" lemma="|thief|" pos="NN" wid="25">thief</w>
  <w id="26" lemma="|and|" pos="CC" wid="26">and</w>
  <w id="27" lemma="|grace|" pos="NN" wid="27">grace</w>
  <w id="28" lemma="|be|" pos="VBZ" wid="28">is</w>
  <w id="29" lemma="|more|" pos="RBR" wid="29">more</w>
  <w id="30" lemma="|abundant|" pos="JJ" wid="30">abundant</w>
  <w id="31" lemma="|than|" pos="IN" wid="31">than</w>
  <w id="32" lemma="|the|" pos="DT" wid="32">the</w>
  <w id="33" lemma="|request|" pos="NN" wid="33">request</w>
  <w id="34" lemma="|;|" pos=":" wid="34">;</w>
  <w id="35" lemma="|the|" pos="DT" wid="35">the</w>
  <w id="36" lemma="|Lord|" pos="NNP" wid="36">Lord</w>
  <w id="37" lemma="|in|" pos="IN" wid="37">in</w>
  <w id="38" lemma="|fact|" pos="NN" wid="38">fact</w>
  <w id="39" lemma="|''|" pos="''" wid="39">''</w>
  <w id="40" lemma="|,|" pos="," wid="40">,</w>
  <w id="41" lemma="|St|" pos="NNP" wid="41">St</w>
  <w id="42" lemma="|Ambrose|" pos="NNP" wid="42">Ambrose</w>
  <w id="43" lemma="|say|" pos="VBZ" wid="43">says</w>
  <w id="44" lemma="|,|" pos="," wid="44">,</w>
  <w id="45" lemma="|``|" pos="``" wid="45">``</w>
  <w id="46" lemma="|always|" pos="RB" wid="46">always</w>
  <w id="47" lemma="|give|" pos="VBZ" wid="47">gives</w>
  <w id="48" lemma="|more|" pos="JJR" wid="48">more</w>
  <w id="49" lemma="|than|" pos="IN" wid="49">than</w>
  <w id="50" lemma="|be|" pos="VBZ" wid="50">is</w>
  <w id="51" lemma="|ask|" pos="VBN" wid="51">asked</w>
  <w id="52" lemma="|for|" pos="IN" wid="52">for</w>
  <w id="53" lemma="|...|" pos=":" wid="53">...</w>
  <w id="54" lemma="|.|" pos="." wid="54">.</w>
</sentence>
<sentence id="16">
  <w id="0" lemma="|Life|" pos="NNP" wid="0">Life</w>
  <w id="1" lemma="|be|" pos="VBZ" wid="1">is</w>
  <w id="2" lemma="|be|" pos="VBG" wid="2">being</w>
  <w id="3" lemma="|with|" pos="IN" wid="3">with</w>
  <w id="4" lemma="|Christ|" pos="NNP" wid="4">Christ</w>
  <w id="5" lemma="|because|" pos="IN" wid="5">because</w>
  <w id="6" lemma="|where|" pos="WRB" wid="6">where</w>
  <w id="7" lemma="|Christ|" pos="NNP" wid="7">Christ</w>
  <w id="8" lemma="|be|" pos="VBZ" wid="8">is</w>
  <w id="9" lemma="|there|" pos="EX" wid="9">there</w>
  <w id="10" lemma="|be|" pos="VBZ" wid="10">is</w>
  <w id="11" lemma="|the|" pos="DT" wid="11">the</w>
  <w id="12" lemma="|Kingdom|" pos="NNP" wid="12">Kingdom</w>
  <w id="13" lemma="|''|" pos="''" wid="13">''</w>
  <w id="14" lemma="|-lrb-|" pos="-LRB-" wid="14">-LRB-</w>
  <w id="15" lemma="|Expositio|" pos="NNP" wid="15">Expositio</w>
  <w id="16" lemma="|Ev|" pos="NNP" wid="16">Ev</w>
  <w id="17" lemma="|.|" pos="." wid="17">.</w>
</sentence>
<sentence id="17">
  <w id="0" lemma="|sec|" pos="NN" wid="0">sec</w>
  <w id="1" lemma="|.|" pos="." wid="1">.</w>
</sentence>
<sentence id="18">
  <w id="0" lemma="|lucam|" pos="NN" wid="0">Lucam</w>
  <w id="1" lemma="|x|" pos="NN" wid="1">X</w>
  <w id="2" lemma="|,|" pos="," wid="2">,</w>
  <w id="3" lemma="|121|" pos="CD" wid="3">121</w>
  <w id="4" lemma="|:|" pos=":" wid="4">:</w>
  <w id="5" lemma="|ccl|" pos="NN" wid="5">ccl</w>
  <w id="6" lemma="|14|" pos="CD" wid="6">14</w>
  <w id="7" lemma="|,|" pos="," wid="7">,</w>
  <w id="8" lemma="|379|" pos="CD" wid="8">379</w>
  <w id="9" lemma="|-rrb-|" pos="-RRB-" wid="9">-RRB-</w>
  <w id="10" lemma="|.|" pos="." wid="10">.</w>
</sentence>
<sentence id="19">
  <w id="0" lemma="|Dear|" pos="NNP" wid="0">Dear</w>
  <w id="1" lemma="|Friends|" pos="NNPS" wid="1">Friends</w>
  <w id="2" lemma="|,|" pos="," wid="2">,</w>
  <w id="3" lemma="|we|" pos="PRP" wid="3">we</w>
  <w id="4" lemma="|can|" pos="MD" wid="4">can</w>
  <w id="5" lemma="|also|" pos="RB" wid="5">also</w>
  <w id="6" lemma="|contemplate|" pos="VB" wid="6">contemplate</w>
  <w id="7" lemma="|in|" pos="IN" wid="7">in</w>
  <w id="8" lemma="|christian|" pos="JJ" wid="8">Christian</w>
  <w id="9" lemma="|art|" pos="NN" wid="9">art</w>
  <w id="10" lemma="|the|" pos="DT" wid="10">the</w>
  <w id="11" lemma="|way|" pos="NN" wid="11">way</w>
  <w id="12" lemma="|of|" pos="IN" wid="12">of</w>
  <w id="13" lemma="|love|" pos="NN" wid="13">love</w>
  <w id="14" lemma="|that|" pos="IN" wid="14">that</w>
  <w id="15" lemma="|the|" pos="DT" wid="15">the</w>
  <w id="16" lemma="|Lord|" pos="NNP" wid="16">Lord</w>
  <w id="17" lemma="|reveal|" pos="VBZ" wid="17">reveals</w>
  <w id="18" lemma="|to|" pos="TO" wid="18">to</w>
  <w id="19" lemma="|we|" pos="PRP" wid="19">us</w>
  <w id="20" lemma="|and|" pos="CC" wid="20">and</w>
  <w id="21" lemma="|invite|" pos="VBZ" wid="21">invites</w>
  <w id="22" lemma="|we|" pos="PRP" wid="22">us</w>
  <w id="23" lemma="|to|" pos="TO" wid="23">to</w>
  <w id="24" lemma="|take|" pos="VB" wid="24">take</w>
  <w id="25" lemma="|.|" pos="." wid="25">.</w>
</sentence>
<sentence id="20">
  <w id="0" lemma="|in|" pos="IN" wid="0">In</w>
  <w id="1" lemma="|fact|" pos="NN" wid="1">fact</w>
  <w id="2" lemma="|,|" pos="," wid="2">,</w>
  <w id="3" lemma="|in|" pos="IN" wid="3">in</w>
  <w id="4" lemma="|the|" pos="DT" wid="4">the</w>
  <w id="5" lemma="|past|" pos="NN" wid="5">past</w>
  <w id="6" lemma="|``|" pos="``" wid="6">``</w>
  <w id="7" lemma="|in|" pos="IN" wid="7">in</w>
  <w id="8" lemma="|the|" pos="DT" wid="8">the</w>
  <w id="9" lemma="|arrangement|" pos="NN" wid="9">arrangement</w>
  <w id="10" lemma="|of|" pos="IN" wid="10">of</w>
  <w id="11" lemma="|christian|" pos="JJ" wid="11">Christian</w>
  <w id="12" lemma="|sacred|" pos="JJ" wid="12">sacred</w>
  <w id="13" lemma="|building|" pos="NNS" wid="13">buildings</w>
  <w id="14" lemma="|...|" pos=":" wid="14">...</w>
  <w id="15" lemma="|it|" pos="PRP" wid="15">it</w>
  <w id="16" lemma="|become|" pos="VBD" wid="16">became</w>
  <w id="17" lemma="|customary|" pos="JJ" wid="17">customary</w>
  <w id="18" lemma="|to|" pos="TO" wid="18">to</w>
  <w id="19" lemma="|depict|" pos="VB" wid="19">depict</w>
  <w id="20" lemma="|the|" pos="DT" wid="20">the</w>
  <w id="21" lemma="|Lord|" pos="NNP" wid="21">Lord</w>
  <w id="22" lemma="|return|" pos="VBG" wid="22">returning</w>
  <w id="23" lemma="|as|" pos="IN" wid="23">as</w>
  <w id="24" lemma="|a|" pos="DT" wid="24">a</w>
  <w id="25" lemma="|king|" pos="NN" wid="25">king</w>
  <w id="26" lemma="|--|" pos=":" wid="26">--</w>
  <w id="27" lemma="|the|" pos="DT" wid="27">the</w>
  <w id="28" lemma="|symbol|" pos="NN" wid="28">symbol</w>
  <w id="29" lemma="|of|" pos="IN" wid="29">of</w>
  <w id="30" lemma="|hope|" pos="NN" wid="30">hope</w>
  <w id="31" lemma="|--|" pos=":" wid="31">--</w>
  <w id="32" lemma="|at|" pos="IN" wid="32">at</w>
  <w id="33" lemma="|the|" pos="DT" wid="33">the</w>
  <w id="34" lemma="|east|" pos="JJ" wid="34">east</w>
  <w id="35" lemma="|end|" pos="NN" wid="35">end</w>
  <w id="36" lemma="|;|" pos=":" wid="36">;</w>
  <w id="37" lemma="|while|" pos="IN" wid="37">while</w>
  <w id="38" lemma="|the|" pos="DT" wid="38">the</w>
  <w id="39" lemma="|west|" pos="NN" wid="39">west</w>
  <w id="40" lemma="|wall|" pos="NN" wid="40">wall</w>
  <w id="41" lemma="|normally|" pos="RB" wid="41">normally</w>
  <w id="42" lemma="|portray|" pos="VBD" wid="42">portrayed</w>
  <w id="43" lemma="|the|" pos="DT" wid="43">the</w>
  <w id="44" lemma="|last|" pos="JJ" wid="44">Last</w>
  <w id="45" lemma="|judgement|" pos="NN" wid="45">Judgement</w>
  <w id="46" lemma="|as|" pos="IN" wid="46">as</w>
  <w id="47" lemma="|a|" pos="DT" wid="47">a</w>
  <w id="48" lemma="|symbol|" pos="NN" wid="48">symbol</w>
  <w id="49" lemma="|of|" pos="IN" wid="49">of</w>
  <w id="50" lemma="|we|" pos="PRP$" wid="50">our</w>
  <w id="51" lemma="|responsibility|" pos="NN" wid="51">responsibility</w>
  <w id="52" lemma="|for|" pos="IN" wid="52">for</w>
  <w id="53" lemma="|we|" pos="PRP$" wid="53">our</w>
  <w id="54" lemma="|life|" pos="NNS" wid="54">lives</w>
  <w id="55" lemma="|''|" pos="''" wid="55">''</w>
  <w id="56" lemma="|-lrb-|" pos="-LRB-" wid="56">-LRB-</w>
  <w id="57" lemma="|Encyclical|" pos="NNP" wid="57">Encyclical</w>
  <w id="58" lemma="|Spe|" pos="NNP" wid="58">Spe</w>
  <w id="59" lemma="|Salvi|" pos="NNP" wid="59">Salvi</w>
  <w id="60" lemma="|,|" pos="," wid="60">,</w>
  <w id="61" lemma="|n.|" pos="NNP" wid="61">n.</w>
  <w id="62" lemma="|41|" pos="CD" wid="62">41</w>
  <w id="63" lemma="|-rrb-|" pos="-RRB-" wid="63">-RRB-</w>
  <w id="64" lemma="|:|" pos=":" wid="64">:</w>
  <w id="65" lemma="|hope|" pos="NN" wid="65">hope</w>
  <w id="66" lemma="|in|" pos="IN" wid="66">in</w>
  <w id="67" lemma="|the|" pos="DT" wid="67">the</w>
  <w id="68" lemma="|infinite|" pos="JJ" wid="68">infinite</w>
  <w id="69" lemma="|love|" pos="NN" wid="69">love</w>
  <w id="70" lemma="|of|" pos="IN" wid="70">of</w>
  <w id="71" lemma="|god|" pos="NN" wid="71">God</w>
  <w id="72" lemma="|and|" pos="CC" wid="72">and</w>
  <w id="73" lemma="|commitment|" pos="NN" wid="73">commitment</w>
  <w id="74" lemma="|to|" pos="TO" wid="74">to</w>
  <w id="75" lemma="|order|" pos="VBG" wid="75">ordering</w>
  <w id="76" lemma="|we|" pos="PRP$" wid="76">our</w>
  <w id="77" lemma="|life|" pos="NN" wid="77">life</w>
  <w id="78" lemma="|in|" pos="IN" wid="78">in</w>
  <w id="79" lemma="|accordance|" pos="NN" wid="79">accordance</w>
  <w id="80" lemma="|with|" pos="IN" wid="80">with</w>
  <w id="81" lemma="|the|" pos="DT" wid="81">the</w>
  <w id="82" lemma="|love|" pos="NN" wid="82">love</w>
  <w id="83" lemma="|of|" pos="IN" wid="83">of</w>
  <w id="84" lemma="|God|" pos="NNP" wid="84">God</w>
  <w id="85" lemma="|.|" pos="." wid="85">.</w>
</sentence>
<sentence id="21">
  <w id="0" lemma="|when|" pos="WRB" wid="0">When</w>
  <w id="1" lemma="|we|" pos="PRP" wid="1">we</w>
  <w id="2" lemma="|contemplate|" pos="VBP" wid="2">contemplate</w>
  <w id="3" lemma="|depiction|" pos="NNS" wid="3">depictions</w>
  <w id="4" lemma="|of|" pos="IN" wid="4">of</w>
  <w id="5" lemma="|Jesus|" pos="NNP" wid="5">Jesus</w>
  <w id="6" lemma="|inspire|" pos="VBN" wid="6">inspired</w>
  <w id="7" lemma="|by|" pos="IN" wid="7">by</w>
  <w id="8" lemma="|the|" pos="DT" wid="8">the</w>
  <w id="9" lemma="|New|" pos="NNP" wid="9">New</w>
  <w id="10" lemma="|testament|" pos="NN" wid="10">Testament</w>
  <w id="11" lemma="|--|" pos=":" wid="11">--</w>
  <w id="12" lemma="|as|" pos="IN" wid="12">as</w>
  <w id="13" lemma="|a|" pos="DT" wid="13">an</w>
  <w id="14" lemma="|ancient|" pos="JJ" wid="14">ancient</w>
  <w id="15" lemma="|Council|" pos="NNP" wid="15">Council</w>
  <w id="16" lemma="|teach|" pos="VBZ" wid="16">teaches</w>
  <w id="17" lemma="|--|" pos=":" wid="17">--</w>
  <w id="18" lemma="|we|" pos="PRP" wid="18">we</w>
  <w id="19" lemma="|be|" pos="VBP" wid="19">are</w>
  <w id="20" lemma="|lead|" pos="VBN" wid="20">led</w>
  <w id="21" lemma="|to|" pos="TO" wid="21">to</w>
  <w id="22" lemma="|``|" pos="``" wid="22">``</w>
  <w id="23" lemma="|understand|" pos="VB" wid="23">understand</w>
  <w id="24" lemma="|...|" pos=":" wid="24">...</w>
  <w id="25" lemma="|the|" pos="DT" wid="25">the</w>
  <w id="26" lemma="|sublimity|" pos="NN" wid="26">sublimity</w>
  <w id="27" lemma="|and|" pos="CC" wid="27">and</w>
  <w id="28" lemma="|the|" pos="DT" wid="28">the</w>
  <w id="29" lemma="|humiliation|" pos="NN" wid="29">humiliation</w>
  <w id="30" lemma="|of|" pos="IN" wid="30">of</w>
  <w id="31" lemma="|the|" pos="DT" wid="31">the</w>
  <w id="32" lemma="|word|" pos="NN" wid="32">Word</w>
  <w id="33" lemma="|of|" pos="IN" wid="33">of</w>
  <w id="34" lemma="|God|" pos="NNP" wid="34">God</w>
  <w id="35" lemma="|and|" pos="CC" wid="35">and</w>
  <w id="36" lemma="|...|" pos=":" wid="36">...</w>
  <w id="37" lemma="|to|" pos="TO" wid="37">to</w>
  <w id="38" lemma="|remember|" pos="VB" wid="38">remember</w>
  <w id="39" lemma="|he|" pos="PRP$" wid="39">his</w>
  <w id="40" lemma="|life|" pos="NN" wid="40">life</w>
  <w id="41" lemma="|in|" pos="IN" wid="41">in</w>
  <w id="42" lemma="|the|" pos="DT" wid="42">the</w>
  <w id="43" lemma="|flesh|" pos="NN" wid="43">flesh</w>
  <w id="44" lemma="|,|" pos="," wid="44">,</w>
  <w id="45" lemma="|he|" pos="PRP$" wid="45">his</w>
  <w id="46" lemma="|passion|" pos="NN" wid="46">Passion</w>
  <w id="47" lemma="|and|" pos="CC" wid="47">and</w>
  <w id="48" lemma="|he|" pos="PRP$" wid="48">his</w>
  <w id="49" lemma="|salvific|" pos="JJ" wid="49">salvific</w>
  <w id="50" lemma="|death|" pos="NN" wid="50">death</w>
  <w id="51" lemma="|,|" pos="," wid="51">,</w>
  <w id="52" lemma="|and|" pos="CC" wid="52">and</w>
  <w id="53" lemma="|the|" pos="DT" wid="53">the</w>
  <w id="54" lemma="|redemption|" pos="NN" wid="54">redemption</w>
  <w id="55" lemma="|that|" pos="IN" wid="55">that</w>
  <w id="56" lemma="|the|" pos="DT" wid="56">the</w>
  <w id="57" lemma="|world|" pos="NN" wid="57">world</w>
  <w id="58" lemma="|derive|" pos="VBN" wid="58">derived</w>
  <w id="59" lemma="|from|" pos="IN" wid="59">from</w>
  <w id="60" lemma="|it|" pos="PRP" wid="60">it</w>
  <w id="61" lemma="|''|" pos="''" wid="61">''</w>
  <w id="62" lemma="|-lrb-|" pos="-LRB-" wid="62">-LRB-</w>
  <w id="63" lemma="|Council|" pos="NNP" wid="63">Council</w>
  <w id="64" lemma="|in|" pos="IN" wid="64">in</w>
  <w id="65" lemma="|Trullo|" pos="NNP" wid="65">Trullo</w>
  <w id="66" lemma="|,|" pos="," wid="66">,</w>
  <w id="67" lemma="|-lsb-|" pos="-LRB-" wid="67">-LSB-</w>
  <w id="68" lemma="|691|" pos="CD" wid="68">691</w>
  <w id="69" lemma="|or|" pos="CC" wid="69">or</w>
  <w id="70" lemma="|692|" pos="CD" wid="70">692</w>
  <w id="71" lemma="|-rsb-|" pos="-RRB-" wid="71">-RSB-</w>
  <w id="72" lemma="|,|" pos="," wid="72">,</w>
  <w id="73" lemma="|can|" pos="MD" wid="73">can</w>
  <w id="74" lemma="|.|" pos="." wid="74">.</w>
</sentence>
<sentence id="22">
  <w id="0" lemma="|82|" pos="CD" wid="0">82</w>
  <w id="1" lemma="|-rrb-|" pos="-RRB-" wid="1">-RRB-</w>
  <w id="2" lemma="|.|" pos="." wid="2">.</w>
</sentence>
<sentence id="23">
  <w id="0" lemma="|``|" pos="``" wid="0">``</w>
  <w id="1" lemma="|yes|" pos="UH" wid="1">Yes</w>
  <w id="2" lemma="|,|" pos="," wid="2">,</w>
  <w id="3" lemma="|we|" pos="PRP" wid="3">we</w>
  <w id="4" lemma="|need|" pos="VBP" wid="4">need</w>
  <w id="5" lemma="|it|" pos="PRP" wid="5">it</w>
  <w id="6" lemma="|,|" pos="," wid="6">,</w>
  <w id="7" lemma="|precisely|" pos="RB" wid="7">precisely</w>
  <w id="8" lemma="|to|" pos="TO" wid="8">to</w>
  <w id="9" lemma="|...|" pos=":" wid="9">...</w>
  <w id="10" lemma="|become|" pos="VB" wid="10">become</w>
  <w id="11" lemma="|capable|" pos="JJ" wid="11">capable</w>
  <w id="12" lemma="|of|" pos="IN" wid="12">of</w>
  <w id="13" lemma="|recognize|" pos="VBG" wid="13">recognizing</w>
  <w id="14" lemma="|in|" pos="IN" wid="14">in</w>
  <w id="15" lemma="|the|" pos="DT" wid="15">the</w>
  <w id="16" lemma="|pierced|" pos="JJ" wid="16">pierced</w>
  <w id="17" lemma="|heart|" pos="NN" wid="17">heart</w>
  <w id="18" lemma="|of|" pos="IN" wid="18">of</w>
  <w id="19" lemma="|the|" pos="DT" wid="19">the</w>
  <w id="20" lemma="|Crucified|" pos="NNP" wid="20">Crucified</w>
  <w id="21" lemma="|one|" pos="CD" wid="21">One</w>
  <w id="22" lemma="|the|" pos="DT" wid="22">the</w>
  <w id="23" lemma="|mystery|" pos="NN" wid="23">mystery</w>
  <w id="24" lemma="|of|" pos="IN" wid="24">of</w>
  <w id="25" lemma="|God|" pos="NNP" wid="25">God</w>
  <w id="26" lemma="|''|" pos="''" wid="26">''</w>
  <w id="27" lemma="|-lrb-|" pos="-LRB-" wid="27">-LRB-</w>
  <w id="28" lemma="|J.|" pos="NNP" wid="28">J.</w>
  <w id="29" lemma="|Ratzinger|" pos="NNP" wid="29">Ratzinger</w>
  <w id="30" lemma="|,|" pos="," wid="30">,</w>
  <w id="31" lemma="|Teologia|" pos="NNP" wid="31">Teologia</w>
  <w id="32" lemma="|della|" pos="FW" wid="32">della</w>
  <w id="33" lemma="|liturgia|" pos="FW" wid="33">liturgia</w>
  <w id="34" lemma="|:|" pos=":" wid="34">:</w>
  <w id="35" lemma="|la|" pos="FW" wid="35">La</w>
  <w id="36" lemma="|fondazione|" pos="FW" wid="36">fondazione</w>
  <w id="37" lemma="|sacramentale|" pos="NN" wid="37">sacramentale</w>
  <w id="38" lemma="|dell|" pos="NN" wid="38">dell</w>
  <w id="39" lemma="|`|" pos="``" wid="39">`</w>
  <w id="40" lemma="|esistenza|" pos="NN" wid="40">esistenza</w>
  <w id="41" lemma="|cristiana|" pos="NN" wid="41">cristiana</w>
  <w id="42" lemma="|,|" pos="," wid="42">,</w>
  <w id="43" lemma="|lev|" pos="NN" wid="43">LEV</w>
  <w id="44" lemma="|2010|" pos="CD" wid="44">2010</w>
  <w id="45" lemma="|,|" pos="," wid="45">,</w>
  <w id="46" lemma="|p.|" pos="NN" wid="46">p.</w>
  <w id="47" lemma="|69|" pos="CD" wid="47">69</w>
  <w id="48" lemma="|-rrb-|" pos="-RRB-" wid="48">-RRB-</w>
  <w id="49" lemma="|.|" pos="." wid="49">.</w>
</sentence>
<sentence id="24">
  <w id="0" lemma="|today|" pos="NN" wid="0">Today</w>
  <w id="1" lemma="|,|" pos="," wid="1">,</w>
  <w id="2" lemma="|the|" pos="DT" wid="2">the</w>
  <w id="3" lemma="|memorial|" pos="NN" wid="3">Memorial</w>
  <w id="4" lemma="|of|" pos="IN" wid="4">of</w>
  <w id="5" lemma="|the|" pos="DT" wid="5">the</w>
  <w id="6" lemma="|presentation|" pos="NN" wid="6">Presentation</w>
  <w id="7" lemma="|of|" pos="IN" wid="7">of</w>
  <w id="8" lemma="|Mary|" pos="NNP" wid="8">Mary</w>
  <w id="9" lemma="|at|" pos="IN" wid="9">at</w>
  <w id="10" lemma="|the|" pos="DT" wid="10">the</w>
  <w id="11" lemma="|Temple|" pos="NNP" wid="11">Temple</w>
  <w id="12" lemma="|,|" pos="," wid="12">,</w>
  <w id="13" lemma="|let|" pos="VB" wid="13">let</w>
  <w id="14" lemma="|we|" pos="PRP" wid="14">us</w>
  <w id="15" lemma="|entrust|" pos="VB" wid="15">entrust</w>
  <w id="16" lemma="|to|" pos="TO" wid="16">to</w>
  <w id="17" lemma="|the|" pos="DT" wid="17">the</w>
  <w id="18" lemma="|Virgin|" pos="NNP" wid="18">Virgin</w>
  <w id="19" lemma="|Mary|" pos="NNP" wid="19">Mary</w>
  <w id="20" lemma="|the|" pos="DT" wid="20">the</w>
  <w id="21" lemma="|new|" pos="JJ" wid="21">new</w>
  <w id="22" lemma="|member|" pos="NNS" wid="22">members</w>
  <w id="23" lemma="|of|" pos="IN" wid="23">of</w>
  <w id="24" lemma="|the|" pos="DT" wid="24">the</w>
  <w id="25" lemma="|College|" pos="NNP" wid="25">College</w>
  <w id="26" lemma="|of|" pos="IN" wid="26">of</w>
  <w id="27" lemma="|Cardinals|" pos="NNPS" wid="27">Cardinals</w>
  <w id="28" lemma="|and|" pos="CC" wid="28">and</w>
  <w id="29" lemma="|we|" pos="PRP$" wid="29">our</w>
  <w id="30" lemma="|earthly|" pos="JJ" wid="30">earthly</w>
  <w id="31" lemma="|pilgrimage|" pos="NN" wid="31">pilgrimage</w>
  <w id="32" lemma="|toward|" pos="IN" wid="32">toward</w>
  <w id="33" lemma="|eternity|" pos="NN" wid="33">eternity</w>
  <w id="34" lemma="|.|" pos="." wid="34">.</w>
</sentence>
<sentence id="25">
  <w id="0" lemma="|after|" pos="IN" wid="0">After</w>
  <w id="1" lemma="|the|" pos="DT" wid="1">the</w>
  <w id="2" lemma="|Angelus|" pos="NNP" wid="2">Angelus</w>
  <w id="3" lemma="|:|" pos=":" wid="3">:</w>
  <w id="4" lemma="|in|" pos="IN" wid="4">In</w>
  <w id="5" lemma="|Italy|" pos="NNP" wid="5">Italy</w>
  <w id="6" lemma="|today|" pos="NN" wid="6">today</w>
  <w id="7" lemma="|,|" pos="," wid="7">,</w>
  <w id="8" lemma="|at|" pos="IN" wid="8">at</w>
  <w id="9" lemma="|the|" pos="DT" wid="9">the</w>
  <w id="10" lemma="|invitation|" pos="NN" wid="10">invitation</w>
  <w id="11" lemma="|of|" pos="IN" wid="11">of</w>
  <w id="12" lemma="|the|" pos="DT" wid="12">the</w>
  <w id="13" lemma="|bishop|" pos="NNS" wid="13">Bishops</w>
  <w id="14" lemma="|,|" pos="," wid="14">,</w>
  <w id="15" lemma="|the|" pos="DT" wid="15">the</w>
  <w id="16" lemma="|ecclesial|" pos="JJ" wid="16">ecclesial</w>
  <w id="17" lemma="|community|" pos="NNS" wid="17">communities</w>
  <w id="18" lemma="|be|" pos="VBP" wid="18">are</w>
  <w id="19" lemma="|pray|" pos="VBG" wid="19">praying</w>
  <w id="20" lemma="|for|" pos="IN" wid="20">for</w>
  <w id="21" lemma="|christian|" pos="NNS" wid="21">Christians</w>
  <w id="22" lemma="|suffer|" pos="VBG" wid="22">suffering</w>
  <w id="23" lemma="|from|" pos="IN" wid="23">from</w>
  <w id="24" lemma="|persecution|" pos="NN" wid="24">persecution</w>
  <w id="25" lemma="|and|" pos="CC" wid="25">and</w>
  <w id="26" lemma="|discrimination|" pos="NN" wid="26">discrimination</w>
  <w id="27" lemma="|,|" pos="," wid="27">,</w>
  <w id="28" lemma="|especially|" pos="RB" wid="28">especially</w>
  <w id="29" lemma="|in|" pos="IN" wid="29">in</w>
  <w id="30" lemma="|Iraq|" pos="NNP" wid="30">Iraq</w>
  <w id="31" lemma="|.|" pos="." wid="31">.</w>
</sentence>
<sentence id="26">
  <w id="0" lemma="|I|" pos="PRP" wid="0">I</w>
  <w id="1" lemma="|join|" pos="VBP" wid="1">join</w>
  <w id="2" lemma="|in|" pos="IN" wid="2">in</w>
  <w id="3" lemma="|this|" pos="DT" wid="3">this</w>
  <w id="4" lemma="|unanimous|" pos="JJ" wid="4">unanimous</w>
  <w id="5" lemma="|invocation|" pos="NN" wid="5">invocation</w>
  <w id="6" lemma="|to|" pos="TO" wid="6">to</w>
  <w id="7" lemma="|the|" pos="DT" wid="7">the</w>
  <w id="8" lemma="|god|" pos="NN" wid="8">God</w>
  <w id="9" lemma="|of|" pos="IN" wid="9">of</w>
  <w id="10" lemma="|life|" pos="NN" wid="10">life</w>
  <w id="11" lemma="|and|" pos="CC" wid="11">and</w>
  <w id="12" lemma="|peace|" pos="NN" wid="12">peace</w>
  <w id="13" lemma="|,|" pos="," wid="13">,</w>
  <w id="14" lemma="|so|" pos="IN" wid="14">so</w>
  <w id="15" lemma="|that|" pos="IN" wid="15">that</w>
  <w id="16" lemma="|in|" pos="IN" wid="16">in</w>
  <w id="17" lemma="|every|" pos="DT" wid="17">every</w>
  <w id="18" lemma="|part|" pos="NN" wid="18">part</w>
  <w id="19" lemma="|of|" pos="IN" wid="19">of</w>
  <w id="20" lemma="|the|" pos="DT" wid="20">the</w>
  <w id="21" lemma="|world|" pos="NN" wid="21">world</w>
  <w id="22" lemma="|religious|" pos="JJ" wid="22">religious</w>
  <w id="23" lemma="|freedom|" pos="NN" wid="23">freedom</w>
  <w id="24" lemma="|may|" pos="MD" wid="24">may</w>
  <w id="25" lemma="|be|" pos="VB" wid="25">be</w>
  <w id="26" lemma="|guarantee|" pos="VBN" wid="26">guaranteed</w>
  <w id="27" lemma="|to|" pos="TO" wid="27">to</w>
  <w id="28" lemma="|all|" pos="DT" wid="28">all</w>
  <w id="29" lemma="|.|" pos="." wid="29">.</w>
</sentence>
<sentence id="27">
  <w id="0" lemma="|I|" pos="PRP" wid="0">I</w>
  <w id="1" lemma="|be|" pos="VBP" wid="1">am</w>
  <w id="2" lemma="|close|" pos="RB" wid="2">close</w>
  <w id="3" lemma="|to|" pos="TO" wid="3">to</w>
  <w id="4" lemma="|these|" pos="DT" wid="4">these</w>
  <w id="5" lemma="|brother|" pos="NNS" wid="5">brothers</w>
  <w id="6" lemma="|and|" pos="CC" wid="6">and</w>
  <w id="7" lemma="|sister|" pos="NNS" wid="7">sisters</w>
  <w id="8" lemma="|because|" pos="IN" wid="8">because</w>
  <w id="9" lemma="|of|" pos="IN" wid="9">of</w>
  <w id="10" lemma="|the|" pos="DT" wid="10">the</w>
  <w id="11" lemma="|lofty|" pos="JJ" wid="11">lofty</w>
  <w id="12" lemma="|witness|" pos="NN" wid="12">witness</w>
  <w id="13" lemma="|of|" pos="IN" wid="13">of</w>
  <w id="14" lemma="|faith|" pos="NN" wid="14">faith</w>
  <w id="15" lemma="|they|" pos="PRP" wid="15">they</w>
  <w id="16" lemma="|bear|" pos="VBP" wid="16">bear</w>
  <w id="17" lemma="|to|" pos="TO" wid="17">to</w>
  <w id="18" lemma="|God|" pos="NNP" wid="18">God</w>
  <w id="19" lemma="|.|" pos="." wid="19">.</w>
</sentence>
<sentence id="28">
  <w id="0" lemma="|on|" pos="IN" wid="0">On</w>
  <w id="1" lemma="|today|" pos="NN" wid="1">today</w>
  <w id="2" lemma="|'s|" pos="POS" wid="2">'s</w>
  <w id="3" lemma="|memorial|" pos="NN" wid="3">Memorial</w>
  <w id="4" lemma="|of|" pos="IN" wid="4">of</w>
  <w id="5" lemma="|the|" pos="DT" wid="5">the</w>
  <w id="6" lemma="|presentation|" pos="NN" wid="6">Presentation</w>
  <w id="7" lemma="|of|" pos="IN" wid="7">of</w>
  <w id="8" lemma="|Mary|" pos="NNP" wid="8">Mary</w>
  <w id="9" lemma="|at|" pos="IN" wid="9">at</w>
  <w id="10" lemma="|the|" pos="DT" wid="10">the</w>
  <w id="11" lemma="|Temple|" pos="NNP" wid="11">Temple</w>
  <w id="12" lemma="|,|" pos="," wid="12">,</w>
  <w id="13" lemma="|the|" pos="DT" wid="13">the</w>
  <w id="14" lemma="|Church|" pos="NNP" wid="14">Church</w>
  <w id="15" lemma="|gather|" pos="NNS" wid="15">gathers</w>
  <w id="16" lemma="|round|" pos="VBP" wid="16">round</w>
  <w id="17" lemma="|the|" pos="DT" wid="17">the</w>
  <w id="18" lemma="|cloistered|" pos="JJ" wid="18">cloistered</w>
  <w id="19" lemma="|monk|" pos="NNS" wid="19">monks</w>
  <w id="20" lemma="|and|" pos="CC" wid="20">and</w>
  <w id="21" lemma="|nun|" pos="NNS" wid="21">nuns</w>
  <w id="22" lemma="|with|" pos="IN" wid="22">with</w>
  <w id="23" lemma="|special|" pos="JJ" wid="23">special</w>
  <w id="24" lemma="|affection|" pos="NN" wid="24">affection</w>
  <w id="25" lemma="|:|" pos=":" wid="25">:</w>
  <w id="26" lemma="|it|" pos="PRP" wid="26">it</w>
  <w id="27" lemma="|be|" pos="VBZ" wid="27">is</w>
  <w id="28" lemma="|pro|" pos="FW" wid="28">Pro</w>
  <w id="29" lemma="|orantibus|" pos="FW" wid="29">Orantibus</w>
  <w id="30" lemma="|day|" pos="NN" wid="30">Day</w>
  <w id="31" lemma="|,|" pos="," wid="31">,</w>
  <w id="32" lemma="|which|" pos="WDT" wid="32">which</w>
  <w id="33" lemma="|also|" pos="RB" wid="33">also</w>
  <w id="34" lemma="|renew|" pos="VBZ" wid="34">renews</w>
  <w id="35" lemma="|the|" pos="DT" wid="35">the</w>
  <w id="36" lemma="|invitation|" pos="NN" wid="36">invitation</w>
  <w id="37" lemma="|to|" pos="TO" wid="37">to</w>
  <w id="38" lemma="|give|" pos="VB" wid="38">give</w>
  <w id="39" lemma="|practical|" pos="JJ" wid="39">practical</w>
  <w id="40" lemma="|support|" pos="NN" wid="40">support</w>
  <w id="41" lemma="|to|" pos="TO" wid="41">to</w>
  <w id="42" lemma="|these|" pos="DT" wid="42">these</w>
  <w id="43" lemma="|community|" pos="NNS" wid="43">communities</w>
  <w id="44" lemma="|.|" pos="." wid="44">.</w>
</sentence>
<sentence id="29">
  <w id="0" lemma="|I|" pos="PRP" wid="0">I</w>
  <w id="1" lemma="|impart|" pos="VBP" wid="1">impart</w>
  <w id="2" lemma="|my|" pos="PRP$" wid="2">my</w>
  <w id="3" lemma="|heartfelt|" pos="JJ" wid="3">heartfelt</w>
  <w id="4" lemma="|blessing|" pos="NN" wid="4">Blessing</w>
  <w id="5" lemma="|to|" pos="TO" wid="5">to</w>
  <w id="6" lemma="|they|" pos="PRP" wid="6">them</w>
  <w id="7" lemma="|.|" pos="." wid="7">.</w>
</sentence>
<sentence id="30">
  <w id="0" lemma="|today|" pos="NN" wid="0">Today</w>
  <w id="1" lemma="|be|" pos="VBZ" wid="1">is</w>
  <w id="2" lemma="|also|" pos="RB" wid="2">also</w>
  <w id="3" lemma="|the|" pos="DT" wid="3">the</w>
  <w id="4" lemma="|``|" pos="``" wid="4">``</w>
  <w id="5" lemma="|World|" pos="NNP" wid="5">World</w>
  <w id="6" lemma="|Day|" pos="NNP" wid="6">Day</w>
  <w id="7" lemma="|of|" pos="IN" wid="7">of</w>
  <w id="8" lemma="|remembrance|" pos="NN" wid="8">Remembrance</w>
  <w id="9" lemma="|for|" pos="IN" wid="9">for</w>
  <w id="10" lemma="|Road|" pos="NNP" wid="10">Road</w>
  <w id="11" lemma="|Traffic|" pos="NNP" wid="11">Traffic</w>
  <w id="12" lemma="|Victims|" pos="NNPS" wid="12">Victims</w>
  <w id="13" lemma="|''|" pos="''" wid="13">''</w>
  <w id="14" lemma="|.|" pos="." wid="14">.</w>
</sentence>
<sentence id="31">
  <w id="0" lemma="|while|" pos="IN" wid="0">While</w>
  <w id="1" lemma="|I|" pos="PRP" wid="1">I</w>
  <w id="2" lemma="|assure|" pos="VBP" wid="2">assure</w>
  <w id="3" lemma="|they|" pos="PRP" wid="3">them</w>
  <w id="4" lemma="|of|" pos="IN" wid="4">of</w>
  <w id="5" lemma="|my|" pos="PRP$" wid="5">my</w>
  <w id="6" lemma="|remembrance|" pos="NN" wid="6">remembrance</w>
  <w id="7" lemma="|in|" pos="IN" wid="7">in</w>
  <w id="8" lemma="|prayer|" pos="NN" wid="8">prayer</w>
  <w id="9" lemma="|,|" pos="," wid="9">,</w>
  <w id="10" lemma="|I|" pos="PRP" wid="10">I</w>
  <w id="11" lemma="|encourage|" pos="VBP" wid="11">encourage</w>
  <w id="12" lemma="|people|" pos="NNS" wid="12">people</w>
  <w id="13" lemma="|to|" pos="TO" wid="13">to</w>
  <w id="14" lemma="|persevere|" pos="VB" wid="14">persevere</w>
  <w id="15" lemma="|in|" pos="IN" wid="15">in</w>
  <w id="16" lemma="|the|" pos="DT" wid="16">the</w>
  <w id="17" lemma="|commitment|" pos="NN" wid="17">commitment</w>
  <w id="18" lemma="|to|" pos="TO" wid="18">to</w>
  <w id="19" lemma="|prevention|" pos="NN" wid="19">prevention</w>
  <w id="20" lemma="|,|" pos="," wid="20">,</w>
  <w id="21" lemma="|which|" pos="WDT" wid="21">which</w>
  <w id="22" lemma="|be|" pos="VBZ" wid="22">is</w>
  <w id="23" lemma="|have|" pos="VBG" wid="23">having</w>
  <w id="24" lemma="|good|" pos="JJ" wid="24">good</w>
  <w id="25" lemma="|result|" pos="NNS" wid="25">results</w>
  <w id="26" lemma="|,|" pos="," wid="26">,</w>
  <w id="27" lemma="|always|" pos="RB" wid="27">always</w>
  <w id="28" lemma="|remember|" pos="VBG" wid="28">remembering</w>
  <w id="29" lemma="|that|" pos="IN" wid="29">that</w>
  <w id="30" lemma="|prudence|" pos="NN" wid="30">prudence</w>
  <w id="31" lemma="|and|" pos="CC" wid="31">and</w>
  <w id="32" lemma="|observance|" pos="NN" wid="32">observance</w>
  <w id="33" lemma="|of|" pos="IN" wid="33">of</w>
  <w id="34" lemma="|the|" pos="DT" wid="34">the</w>
  <w id="35" lemma="|regulation|" pos="NNS" wid="35">regulations</w>
  <w id="36" lemma="|be|" pos="VBP" wid="36">are</w>
  <w id="37" lemma="|the|" pos="DT" wid="37">the</w>
  <w id="38" lemma="|first|" pos="JJ" wid="38">first</w>
  <w id="39" lemma="|form|" pos="NN" wid="39">form</w>
  <w id="40" lemma="|of|" pos="IN" wid="40">of</w>
  <w id="41" lemma="|prevention|" pos="NN" wid="41">prevention</w>
  <w id="42" lemma="|,|" pos="," wid="42">,</w>
  <w id="43" lemma="|for|" pos="IN" wid="43">for</w>
  <w id="44" lemma="|both|" pos="CC" wid="44">both</w>
  <w id="45" lemma="|oneself|" pos="NN" wid="45">oneself</w>
  <w id="46" lemma="|and|" pos="CC" wid="46">and</w>
  <w id="47" lemma="|other|" pos="NNS" wid="47">others</w>
  <w id="48" lemma="|.|" pos="." wid="48">.</w>
</sentence>
<sentence id="32">
  <w id="0" lemma="|I|" pos="PRP" wid="0">I</w>
  <w id="1" lemma="|extend|" pos="VBP" wid="1">extend</w>
  <w id="2" lemma="|a|" pos="DT" wid="2">a</w>
  <w id="3" lemma="|warm|" pos="JJ" wid="3">warm</w>
  <w id="4" lemma="|welcome|" pos="JJ" wid="4">welcome</w>
  <w id="5" lemma="|to|" pos="TO" wid="5">to</w>
  <w id="6" lemma="|the|" pos="DT" wid="6">the</w>
  <w id="7" lemma="|english-speaking|" pos="JJ" wid="7">English-speaking</w>
  <w id="8" lemma="|visitor|" pos="NNS" wid="8">visitors</w>
  <w id="9" lemma="|here|" pos="RB" wid="9">here</w>
  <w id="10" lemma="|today|" pos="NN" wid="10">today</w>
  <w id="11" lemma="|.|" pos="." wid="11">.</w>
</sentence>
<sentence id="33">
  <w id="0" lemma="|I|" pos="PRP" wid="0">I</w>
  <w id="1" lemma="|greet|" pos="VBP" wid="1">greet</w>
  <w id="2" lemma="|especially|" pos="RB" wid="2">especially</w>
  <w id="3" lemma="|those|" pos="DT" wid="3">those</w>
  <w id="4" lemma="|who|" pos="WP" wid="4">who</w>
  <w id="5" lemma="|have|" pos="VBP" wid="5">have</w>
  <w id="6" lemma="|travel|" pos="VBN" wid="6">travelled</w>
  <w id="7" lemma="|to|" pos="TO" wid="7">to</w>
  <w id="8" lemma="|Rome|" pos="NNP" wid="8">Rome</w>
  <w id="9" lemma="|in|" pos="IN" wid="9">in</w>
  <w id="10" lemma="|order|" pos="NN" wid="10">order</w>
  <w id="11" lemma="|to|" pos="TO" wid="11">to</w>
  <w id="12" lemma="|be|" pos="VB" wid="12">be</w>
  <w id="13" lemma="|present|" pos="JJ" wid="13">present</w>
  <w id="14" lemma="|for|" pos="IN" wid="14">for</w>
  <w id="15" lemma="|this|" pos="DT" wid="15">this</w>
  <w id="16" lemma="|weekend|" pos="NN" wid="16">weekend</w>
  <w id="17" lemma="|'s|" pos="POS" wid="17">'s</w>
  <w id="18" lemma="|consistory|" pos="NN" wid="18">Consistory</w>
  <w id="19" lemma="|,|" pos="," wid="19">,</w>
  <w id="20" lemma="|and|" pos="CC" wid="20">and</w>
  <w id="21" lemma="|to|" pos="TO" wid="21">to</w>
  <w id="22" lemma="|pray|" pos="VB" wid="22">pray</w>
  <w id="23" lemma="|for|" pos="IN" wid="23">for</w>
  <w id="24" lemma="|the|" pos="DT" wid="24">the</w>
  <w id="25" lemma="|24|" pos="CD" wid="25">24</w>
  <w id="26" lemma="|new|" pos="JJ" wid="26">new</w>
  <w id="27" lemma="|Cardinals|" pos="NNPS" wid="27">Cardinals</w>
  <w id="28" lemma="|.|" pos="." wid="28">.</w>
</sentence>
<sentence id="34">
  <w id="0" lemma="|and|" pos="CC" wid="0">And</w>
  <w id="1" lemma="|I|" pos="PRP" wid="1">I</w>
  <w id="2" lemma="|greet|" pos="VBP" wid="2">greet</w>
  <w id="3" lemma="|the|" pos="DT" wid="3">the</w>
  <w id="4" lemma="|group|" pos="NNS" wid="4">groups</w>
  <w id="5" lemma="|of|" pos="IN" wid="5">of</w>
  <w id="6" lemma="|pilgrim|" pos="NNS" wid="6">pilgrims</w>
  <w id="7" lemma="|from|" pos="IN" wid="7">from</w>
  <w id="8" lemma="|St|" pos="NNP" wid="8">St</w>
  <w id="9" lemma="|Anne|" pos="NNP" wid="9">Anne</w>
  <w id="10" lemma="|'s|" pos="POS" wid="10">'s</w>
  <w id="11" lemma="|Parish|" pos="NNP" wid="11">Parish</w>
  <w id="12" lemma="|,|" pos="," wid="12">,</w>
  <w id="13" lemma="|Orange|" pos="NNP" wid="13">Orange</w>
  <w id="14" lemma="|County|" pos="NNP" wid="14">County</w>
  <w id="15" lemma="|,|" pos="," wid="15">,</w>
  <w id="16" lemma="|California|" pos="NNP" wid="16">California</w>
  <w id="17" lemma="|,|" pos="," wid="17">,</w>
  <w id="18" lemma="|from|" pos="IN" wid="18">from</w>
  <w id="19" lemma="|immaculate|" pos="JJ" wid="19">Immaculate</w>
  <w id="20" lemma="|conception|" pos="NN" wid="20">Conception</w>
  <w id="21" lemma="|Church|" pos="NNP" wid="21">Church</w>
  <w id="22" lemma="|,|" pos="," wid="22">,</w>
  <w id="23" lemma="|Los|" pos="NNP" wid="23">Los</w>
  <w id="24" lemma="|Angeles|" pos="NNP" wid="24">Angeles</w>
  <w id="25" lemma="|,|" pos="," wid="25">,</w>
  <w id="26" lemma="|California|" pos="NNP" wid="26">California</w>
  <w id="27" lemma="|,|" pos="," wid="27">,</w>
  <w id="28" lemma="|and|" pos="CC" wid="28">and</w>
  <w id="29" lemma="|St|" pos="NNP" wid="29">St</w>
  <w id="30" lemma="|Patrick|" pos="NNP" wid="30">Patrick</w>
  <w id="31" lemma="|'s|" pos="POS" wid="31">'s</w>
  <w id="32" lemma="|Parish|" pos="NNP" wid="32">Parish</w>
  <w id="33" lemma="|in|" pos="IN" wid="33">in</w>
  <w id="34" lemma="|London|" pos="NNP" wid="34">London</w>
  <w id="35" lemma="|.|" pos="." wid="35">.</w>
</sentence>
<sentence id="35">
  <w id="0" lemma="|on|" pos="IN" wid="0">On</w>
  <w id="1" lemma="|this|" pos="DT" wid="1">this</w>
  <w id="2" lemma="|Feast|" pos="NNP" wid="2">Feast</w>
  <w id="3" lemma="|of|" pos="IN" wid="3">of</w>
  <w id="4" lemma="|Christ|" pos="NNP" wid="4">Christ</w>
  <w id="5" lemma="|the|" pos="DT" wid="5">the</w>
  <w id="6" lemma="|King|" pos="NNP" wid="6">King</w>
  <w id="7" lemma="|,|" pos="," wid="7">,</w>
  <w id="8" lemma="|we|" pos="PRP" wid="8">we</w>
  <w id="9" lemma="|ask|" pos="VBP" wid="9">ask</w>
  <w id="10" lemma="|the|" pos="DT" wid="10">the</w>
  <w id="11" lemma="|Lord|" pos="NNP" wid="11">Lord</w>
  <w id="12" lemma="|to|" pos="TO" wid="12">to</w>
  <w id="13" lemma="|guide|" pos="VB" wid="13">guide</w>
  <w id="14" lemma="|we|" pos="PRP$" wid="14">our</w>
  <w id="15" lemma="|effort|" pos="NNS" wid="15">efforts</w>
  <w id="16" lemma="|to|" pos="TO" wid="16">to</w>
  <w id="17" lemma="|proclaim|" pos="VB" wid="17">proclaim</w>
  <w id="18" lemma="|the|" pos="DT" wid="18">the</w>
  <w id="19" lemma="|Good|" pos="NNP" wid="19">Good</w>
  <w id="20" lemma="|News|" pos="NNP" wid="20">News</w>
  <w id="21" lemma="|of|" pos="IN" wid="21">of</w>
  <w id="22" lemma="|he|" pos="PRP$" wid="22">his</w>
  <w id="23" lemma="|Kingdom|" pos="NNP" wid="23">Kingdom</w>
  <w id="24" lemma="|to|" pos="TO" wid="24">to</w>
  <w id="25" lemma="|people|" pos="NNS" wid="25">people</w>
  <w id="26" lemma="|everywhere|" pos="RB" wid="26">everywhere</w>
  <w id="27" lemma="|.|" pos="." wid="27">.</w>
</sentence>
<sentence id="36">
  <w id="0" lemma="|upon|" pos="IN" wid="0">Upon</w>
  <w id="1" lemma="|all|" pos="DT" wid="1">all</w>
  <w id="2" lemma="|of|" pos="IN" wid="2">of</w>
  <w id="3" lemma="|you|" pos="PRP" wid="3">you</w>
  <w id="4" lemma="|and|" pos="CC" wid="4">and</w>
  <w id="5" lemma="|upon|" pos="IN" wid="5">upon</w>
  <w id="6" lemma="|you|" pos="PRP$" wid="6">your</w>
  <w id="7" lemma="|family|" pos="NNS" wid="7">families</w>
  <w id="8" lemma="|and|" pos="CC" wid="8">and</w>
  <w id="9" lemma="|love|" pos="VBD" wid="9">loved</w>
  <w id="10" lemma="|one|" pos="NNS" wid="10">ones</w>
  <w id="11" lemma="|at|" pos="IN" wid="11">at</w>
  <w id="12" lemma="|home|" pos="NN" wid="12">home</w>
  <w id="13" lemma="|,|" pos="," wid="13">,</w>
  <w id="14" lemma="|I|" pos="PRP" wid="14">I</w>
  <w id="15" lemma="|invoke|" pos="VBP" wid="15">invoke</w>
  <w id="16" lemma="|God|" pos="NNP" wid="16">God</w>
  <w id="17" lemma="|'s|" pos="POS" wid="17">'s</w>
  <w id="18" lemma="|abundant|" pos="JJ" wid="18">abundant</w>
  <w id="19" lemma="|blessing|" pos="NNS" wid="19">Blessings</w>
  <w id="20" lemma="|.|" pos="." wid="20">.</w>
</sentence>
<sentence id="37">
  <w id="0" lemma="|I|" pos="PRP" wid="0">I</w>
  <w id="1" lemma="|wish|" pos="VBP" wid="1">wish</w>
  <w id="2" lemma="|everyone|" pos="NN" wid="2">everyone</w>
  <w id="3" lemma="|a|" pos="DT" wid="3">a</w>
  <w id="4" lemma="|good|" pos="JJ" wid="4">good</w>
  <w id="5" lemma="|Sunday|" pos="NNP" wid="5">Sunday</w>
  <w id="6" lemma="|.|" pos="." wid="6">.</w>
</sentence>
</corpus>