<corpus id="0">
<sentence id="0">
  <w id="0" lemma="|Dear|" pos="NNP" wid="0">Dear</w>
  <w id="1" lemma="|Brothers|" pos="NNPS" wid="1">Brothers</w>
  <w id="2" lemma="|and|" pos="CC" wid="2">and</w>
  <w id="3" lemma="|sister|" pos="NNS" wid="3">Sisters</w>
  <w id="4" lemma="|,|" pos="," wid="4">,</w>
  <w id="5" lemma="|today|" pos="NN" wid="5">Today</w>
  <w id="6" lemma="|,|" pos="," wid="6">,</w>
  <w id="7" lemma="|we|" pos="PRP$" wid="7">our</w>
  <w id="8" lemma="|mind|" pos="NNS" wid="8">minds</w>
  <w id="9" lemma="|still|" pos="RB" wid="9">still</w>
  <w id="10" lemma="|fill|" pos="VBN" wid="10">filled</w>
  <w id="11" lemma="|with|" pos="IN" wid="11">with</w>
  <w id="12" lemma="|wonder|" pos="NN" wid="12">wonder</w>
  <w id="13" lemma="|and|" pos="CC" wid="13">and</w>
  <w id="14" lemma="|bath|" pos="VBN" wid="14">bathed</w>
  <w id="15" lemma="|in|" pos="IN" wid="15">in</w>
  <w id="16" lemma="|the|" pos="DT" wid="16">the</w>
  <w id="17" lemma="|light|" pos="NN" wid="17">light</w>
  <w id="18" lemma="|that|" pos="WDT" wid="18">that</w>
  <w id="19" lemma="|shine|" pos="VBZ" wid="19">shines</w>
  <w id="20" lemma="|from|" pos="IN" wid="20">from</w>
  <w id="21" lemma="|the|" pos="DT" wid="21">the</w>
  <w id="22" lemma="|Grotto|" pos="NNP" wid="22">Grotto</w>
  <w id="23" lemma="|of|" pos="IN" wid="23">of</w>
  <w id="24" lemma="|Bethlehem|" pos="NNP" wid="24">Bethlehem</w>
  <w id="25" lemma="|where|" pos="WRB" wid="25">where</w>
  <w id="26" lemma="|with|" pos="IN" wid="26">with</w>
  <w id="27" lemma="|Mary|" pos="NNP" wid="27">Mary</w>
  <w id="28" lemma="|,|" pos="," wid="28">,</w>
  <w id="29" lemma="|Joseph|" pos="NNP" wid="29">Joseph</w>
  <w id="30" lemma="|and|" pos="CC" wid="30">and</w>
  <w id="31" lemma="|the|" pos="DT" wid="31">the</w>
  <w id="32" lemma="|shepherd|" pos="NNS" wid="32">shepherds</w>
  <w id="33" lemma="|we|" pos="PRP" wid="33">we</w>
  <w id="34" lemma="|adore|" pos="VBD" wid="34">adored</w>
  <w id="35" lemma="|we|" pos="PRP$" wid="35">our</w>
  <w id="36" lemma="|Saviour|" pos="NNP" wid="36">Saviour</w>
  <w id="37" lemma="|,|" pos="," wid="37">,</w>
  <w id="38" lemma="|we|" pos="PRP" wid="38">we</w>
  <w id="39" lemma="|be|" pos="VBP" wid="39">are</w>
  <w id="40" lemma="|commemorate|" pos="VBG" wid="40">commemorating</w>
  <w id="41" lemma="|the|" pos="DT" wid="41">the</w>
  <w id="42" lemma="|Deacon|" pos="NNP" wid="42">Deacon</w>
  <w id="43" lemma="|St|" pos="NNP" wid="43">St</w>
  <w id="44" lemma="|Stephen|" pos="NNP" wid="44">Stephen</w>
  <w id="45" lemma="|,|" pos="," wid="45">,</w>
  <w id="46" lemma="|the|" pos="DT" wid="46">the</w>
  <w id="47" lemma="|first|" pos="JJ" wid="47">first</w>
  <w id="48" lemma="|Christian|" pos="NNP" wid="48">Christian</w>
  <w id="49" lemma="|martyr|" pos="NN" wid="49">martyr</w>
  <w id="50" lemma="|.|" pos="." wid="50">.</w>
</sentence>
<sentence id="1">
  <w id="0" lemma="|he|" pos="PRP$" wid="0">His</w>
  <w id="1" lemma="|example|" pos="NN" wid="1">example</w>
  <w id="2" lemma="|help|" pos="VBZ" wid="2">helps</w>
  <w id="3" lemma="|we|" pos="PRP" wid="3">us</w>
  <w id="4" lemma="|to|" pos="TO" wid="4">to</w>
  <w id="5" lemma="|penetrate|" pos="VB" wid="5">penetrate</w>
  <w id="6" lemma="|more|" pos="RBR" wid="6">more</w>
  <w id="7" lemma="|deeply|" pos="RB" wid="7">deeply</w>
  <w id="8" lemma="|into|" pos="IN" wid="8">into</w>
  <w id="9" lemma="|the|" pos="DT" wid="9">the</w>
  <w id="10" lemma="|mystery|" pos="NN" wid="10">mystery</w>
  <w id="11" lemma="|of|" pos="IN" wid="11">of</w>
  <w id="12" lemma="|Christmas|" pos="NNP" wid="12">Christmas</w>
  <w id="13" lemma="|and|" pos="CC" wid="13">and</w>
  <w id="14" lemma="|testify|" pos="VBZ" wid="14">testifies</w>
  <w id="15" lemma="|to|" pos="TO" wid="15">to</w>
  <w id="16" lemma="|the|" pos="DT" wid="16">the</w>
  <w id="17" lemma="|great|" pos="JJ" wid="17">great</w>
  <w id="18" lemma="|marvel|" pos="VB" wid="18">marvel</w>
  <w id="19" lemma="|of|" pos="IN" wid="19">of</w>
  <w id="20" lemma="|the|" pos="DT" wid="20">the</w>
  <w id="21" lemma="|birth|" pos="NN" wid="21">Birth</w>
  <w id="22" lemma="|of|" pos="IN" wid="22">of</w>
  <w id="23" lemma="|that|" pos="DT" wid="23">that</w>
  <w id="24" lemma="|child|" pos="NN" wid="24">Child</w>
  <w id="25" lemma="|in|" pos="IN" wid="25">in</w>
  <w id="26" lemma="|whom|" pos="WP" wid="26">whom</w>
  <w id="27" lemma="|be|" pos="VBZ" wid="27">is</w>
  <w id="28" lemma="|express|" pos="VBN" wid="28">expressed</w>
  <w id="29" lemma="|the|" pos="DT" wid="29">the</w>
  <w id="30" lemma="|grace|" pos="NN" wid="30">grace</w>
  <w id="31" lemma="|of|" pos="IN" wid="31">of</w>
  <w id="32" lemma="|God|" pos="NNP" wid="32">God</w>
  <w id="33" lemma="|which|" pos="WDT" wid="33">which</w>
  <w id="34" lemma="|bring|" pos="VBD" wid="34">brought</w>
  <w id="35" lemma="|salvation|" pos="NN" wid="35">salvation</w>
  <w id="36" lemma="|to|" pos="TO" wid="36">to</w>
  <w id="37" lemma="|all|" pos="DT" wid="37">all</w>
  <w id="38" lemma="|mankind|" pos="NN" wid="38">mankind</w>
  <w id="39" lemma="|-lrb-|" pos="-LRB-" wid="39">-LRB-</w>
  <w id="40" lemma="|cf|" pos="NN" wid="40">cf</w>
  <w id="41" lemma="|.|" pos="." wid="41">.</w>
</sentence>
<sentence id="2">
  <w id="0" lemma="|tit|" pos="NN" wid="0">Tit</w>
  <w id="1" lemma="|2|" pos="CD" wid="1">2</w>
  <w id="2" lemma="|:|" pos=":" wid="2">:</w>
  <w id="3" lemma="|11|" pos="CD" wid="3">11</w>
  <w id="4" lemma="|-rrb-|" pos="-RRB-" wid="4">-RRB-</w>
  <w id="5" lemma="|.|" pos="." wid="5">.</w>
</sentence>
<sentence id="3">
  <w id="0" lemma="|the|" pos="DT" wid="0">The</w>
  <w id="1" lemma="|one|" pos="CD" wid="1">One</w>
  <w id="2" lemma="|stir|" pos="VBG" wid="2">stirring</w>
  <w id="3" lemma="|in|" pos="IN" wid="3">in</w>
  <w id="4" lemma="|the|" pos="DT" wid="4">the</w>
  <w id="5" lemma="|manger|" pos="NN" wid="5">manger</w>
  <w id="6" lemma="|be|" pos="VBZ" wid="6">is</w>
  <w id="7" lemma="|in|" pos="IN" wid="7">in</w>
  <w id="8" lemma="|fact|" pos="NN" wid="8">fact</w>
  <w id="9" lemma="|the|" pos="DT" wid="9">the</w>
  <w id="10" lemma="|Son|" pos="NNP" wid="10">Son</w>
  <w id="11" lemma="|of|" pos="IN" wid="11">of</w>
  <w id="12" lemma="|God|" pos="NNP" wid="12">God</w>
  <w id="13" lemma="|make|" pos="VBD" wid="13">made</w>
  <w id="14" lemma="|man|" pos="NN" wid="14">man</w>
  <w id="15" lemma="|who|" pos="WP" wid="15">who</w>
  <w id="16" lemma="|ask|" pos="VBZ" wid="16">asks</w>
  <w id="17" lemma="|we|" pos="PRP" wid="17">us</w>
  <w id="18" lemma="|to|" pos="TO" wid="18">to</w>
  <w id="19" lemma="|witness|" pos="NN" wid="19">witness</w>
  <w id="20" lemma="|courageously|" pos="RB" wid="20">courageously</w>
  <w id="21" lemma="|to|" pos="TO" wid="21">to</w>
  <w id="22" lemma="|he|" pos="PRP$" wid="22">his</w>
  <w id="23" lemma="|gospel|" pos="NN" wid="23">Gospel</w>
  <w id="24" lemma="|as|" pos="IN" wid="24">as</w>
  <w id="25" lemma="|do|" pos="VBD" wid="25">did</w>
  <w id="26" lemma="|St|" pos="NNP" wid="26">St</w>
  <w id="27" lemma="|Stephen|" pos="NNP" wid="27">Stephen</w>
  <w id="28" lemma="|,|" pos="," wid="28">,</w>
  <w id="29" lemma="|who|" pos="WP" wid="29">who</w>
  <w id="30" lemma="|,|" pos="," wid="30">,</w>
  <w id="31" lemma="|full|" pos="JJ" wid="31">full</w>
  <w id="32" lemma="|of|" pos="IN" wid="32">of</w>
  <w id="33" lemma="|the|" pos="DT" wid="33">the</w>
  <w id="34" lemma="|Holy|" pos="NNP" wid="34">Holy</w>
  <w id="35" lemma="|Spirit|" pos="NNP" wid="35">Spirit</w>
  <w id="36" lemma="|,|" pos="," wid="36">,</w>
  <w id="37" lemma="|do|" pos="VBD" wid="37">did</w>
  <w id="38" lemma="|not|" pos="RB" wid="38">not</w>
  <w id="39" lemma="|hesitate|" pos="VB" wid="39">hesitate</w>
  <w id="40" lemma="|to|" pos="TO" wid="40">to</w>
  <w id="41" lemma="|lay|" pos="VB" wid="41">lay</w>
  <w id="42" lemma="|down|" pos="RP" wid="42">down</w>
  <w id="43" lemma="|he|" pos="PRP$" wid="43">his</w>
  <w id="44" lemma="|life|" pos="NN" wid="44">life</w>
  <w id="45" lemma="|for|" pos="IN" wid="45">for</w>
  <w id="46" lemma="|love|" pos="NN" wid="46">love</w>
  <w id="47" lemma="|of|" pos="IN" wid="47">of</w>
  <w id="48" lemma="|he|" pos="PRP$" wid="48">his</w>
  <w id="49" lemma="|Lord|" pos="NNP" wid="49">Lord</w>
  <w id="50" lemma="|.|" pos="." wid="50">.</w>
</sentence>
<sentence id="4">
  <w id="0" lemma="|he|" pos="PRP" wid="0">He</w>
  <w id="1" lemma="|,|" pos="," wid="1">,</w>
  <w id="2" lemma="|like|" pos="IN" wid="2">like</w>
  <w id="3" lemma="|he|" pos="PRP$" wid="3">his</w>
  <w id="4" lemma="|Master|" pos="NNP" wid="4">Master</w>
  <w id="5" lemma="|,|" pos="," wid="5">,</w>
  <w id="6" lemma="|die|" pos="VBD" wid="6">died</w>
  <w id="7" lemma="|forgive|" pos="VBG" wid="7">forgiving</w>
  <w id="8" lemma="|he|" pos="PRP$" wid="8">his</w>
  <w id="9" lemma="|persecutor|" pos="NNS" wid="9">persecutors</w>
  <w id="10" lemma="|and|" pos="CC" wid="10">and</w>
  <w id="11" lemma="|thus|" pos="RB" wid="11">thus</w>
  <w id="12" lemma="|make|" pos="VBZ" wid="12">makes</w>
  <w id="13" lemma="|we|" pos="PRP" wid="13">us</w>
  <w id="14" lemma="|realize|" pos="VB" wid="14">realize</w>
  <w id="15" lemma="|that|" pos="IN" wid="15">that</w>
  <w id="16" lemma="|the|" pos="DT" wid="16">the</w>
  <w id="17" lemma="|entry|" pos="NN" wid="17">entry</w>
  <w id="18" lemma="|into|" pos="IN" wid="18">into</w>
  <w id="19" lemma="|the|" pos="DT" wid="19">the</w>
  <w id="20" lemma="|world|" pos="NN" wid="20">world</w>
  <w id="21" lemma="|of|" pos="IN" wid="21">of</w>
  <w id="22" lemma="|the|" pos="DT" wid="22">the</w>
  <w id="23" lemma="|Son|" pos="NNP" wid="23">Son</w>
  <w id="24" lemma="|of|" pos="IN" wid="24">of</w>
  <w id="25" lemma="|God|" pos="NNP" wid="25">God</w>
  <w id="26" lemma="|give|" pos="VBZ" wid="26">gives</w>
  <w id="27" lemma="|rise|" pos="NN" wid="27">rise</w>
  <w id="28" lemma="|to|" pos="TO" wid="28">to</w>
  <w id="29" lemma="|a|" pos="DT" wid="29">a</w>
  <w id="30" lemma="|new|" pos="JJ" wid="30">new</w>
  <w id="31" lemma="|civilization|" pos="NN" wid="31">civilization</w>
  <w id="32" lemma="|,|" pos="," wid="32">,</w>
  <w id="33" lemma="|the|" pos="DT" wid="33">the</w>
  <w id="34" lemma="|civilization|" pos="NN" wid="34">civilization</w>
  <w id="35" lemma="|of|" pos="IN" wid="35">of</w>
  <w id="36" lemma="|love|" pos="NN" wid="36">love</w>
  <w id="37" lemma="|that|" pos="WDT" wid="37">that</w>
  <w id="38" lemma="|do|" pos="VBZ" wid="38">does</w>
  <w id="39" lemma="|not|" pos="RB" wid="39">not</w>
  <w id="40" lemma="|yield|" pos="VB" wid="40">yield</w>
  <w id="41" lemma="|to|" pos="TO" wid="41">to</w>
  <w id="42" lemma="|evil|" pos="NN" wid="42">evil</w>
  <w id="43" lemma="|and|" pos="CC" wid="43">and</w>
  <w id="44" lemma="|violence|" pos="NN" wid="44">violence</w>
  <w id="45" lemma="|and|" pos="CC" wid="45">and</w>
  <w id="46" lemma="|pull|" pos="VBZ" wid="46">pulls</w>
  <w id="47" lemma="|down|" pos="RP" wid="47">down</w>
  <w id="48" lemma="|the|" pos="DT" wid="48">the</w>
  <w id="49" lemma="|barrier|" pos="NNS" wid="49">barriers</w>
  <w id="50" lemma="|between|" pos="IN" wid="50">between</w>
  <w id="51" lemma="|man|" pos="NNS" wid="51">men</w>
  <w id="52" lemma="|and|" pos="CC" wid="52">and</w>
  <w id="53" lemma="|woman|" pos="NNS" wid="53">women</w>
  <w id="54" lemma="|,|" pos="," wid="54">,</w>
  <w id="55" lemma="|make|" pos="VBG" wid="55">making</w>
  <w id="56" lemma="|they|" pos="PRP" wid="56">them</w>
  <w id="57" lemma="|brother|" pos="NNS" wid="57">brothers</w>
  <w id="58" lemma="|and|" pos="CC" wid="58">and</w>
  <w id="59" lemma="|sister|" pos="NNS" wid="59">sisters</w>
  <w id="60" lemma="|in|" pos="IN" wid="60">in</w>
  <w id="61" lemma="|the|" pos="DT" wid="61">the</w>
  <w id="62" lemma="|great|" pos="JJ" wid="62">great</w>
  <w id="63" lemma="|family|" pos="NN" wid="63">family</w>
  <w id="64" lemma="|of|" pos="IN" wid="64">of</w>
  <w id="65" lemma="|God|" pos="NNP" wid="65">God</w>
  <w id="66" lemma="|'s|" pos="POS" wid="66">'s</w>
  <w id="67" lemma="|child|" pos="NNS" wid="67">children</w>
  <w id="68" lemma="|.|" pos="." wid="68">.</w>
</sentence>
<sentence id="5">
  <w id="0" lemma="|Stephen|" pos="NNP" wid="0">Stephen</w>
  <w id="1" lemma="|be|" pos="VBZ" wid="1">is</w>
  <w id="2" lemma="|also|" pos="RB" wid="2">also</w>
  <w id="3" lemma="|the|" pos="DT" wid="3">the</w>
  <w id="4" lemma="|Church|" pos="NNP" wid="4">Church</w>
  <w id="5" lemma="|'s|" pos="POS" wid="5">'s</w>
  <w id="6" lemma="|first|" pos="JJ" wid="6">first</w>
  <w id="7" lemma="|deacon|" pos="NN" wid="7">deacon</w>
  <w id="8" lemma="|.|" pos="." wid="8">.</w>
</sentence>
<sentence id="6">
  <w id="0" lemma="|in|" pos="IN" wid="0">In</w>
  <w id="1" lemma="|become|" pos="VBG" wid="1">becoming</w>
  <w id="2" lemma="|a|" pos="DT" wid="2">a</w>
  <w id="3" lemma="|servant|" pos="NN" wid="3">servant</w>
  <w id="4" lemma="|of|" pos="IN" wid="4">of</w>
  <w id="5" lemma="|the|" pos="DT" wid="5">the</w>
  <w id="6" lemma="|poor|" pos="JJ" wid="6">poor</w>
  <w id="7" lemma="|for|" pos="IN" wid="7">for</w>
  <w id="8" lemma="|love|" pos="NN" wid="8">love</w>
  <w id="9" lemma="|of|" pos="IN" wid="9">of</w>
  <w id="10" lemma="|Christ|" pos="NNP" wid="10">Christ</w>
  <w id="11" lemma="|,|" pos="," wid="11">,</w>
  <w id="12" lemma="|he|" pos="PRP" wid="12">he</w>
  <w id="13" lemma="|gradually|" pos="RB" wid="13">gradually</w>
  <w id="14" lemma="|enter|" pos="VBZ" wid="14">enters</w>
  <w id="15" lemma="|into|" pos="IN" wid="15">into</w>
  <w id="16" lemma="|full|" pos="JJ" wid="16">full</w>
  <w id="17" lemma="|harmony|" pos="NN" wid="17">harmony</w>
  <w id="18" lemma="|with|" pos="IN" wid="18">with</w>
  <w id="19" lemma="|he|" pos="PRP" wid="19">him</w>
  <w id="20" lemma="|and|" pos="CC" wid="20">and</w>
  <w id="21" lemma="|follow|" pos="VBZ" wid="21">follows</w>
  <w id="22" lemma="|Christ|" pos="NNP" wid="22">Christ</w>
  <w id="23" lemma="|to|" pos="TO" wid="23">to</w>
  <w id="24" lemma="|the|" pos="DT" wid="24">the</w>
  <w id="25" lemma="|point|" pos="NN" wid="25">point</w>
  <w id="26" lemma="|of|" pos="IN" wid="26">of</w>
  <w id="27" lemma="|make|" pos="VBG" wid="27">making</w>
  <w id="28" lemma="|the|" pos="DT" wid="28">the</w>
  <w id="29" lemma="|supreme|" pos="JJ" wid="29">supreme</w>
  <w id="30" lemma="|gift|" pos="NN" wid="30">gift</w>
  <w id="31" lemma="|of|" pos="IN" wid="31">of</w>
  <w id="32" lemma="|himself|" pos="PRP" wid="32">himself</w>
  <w id="33" lemma="|.|" pos="." wid="33">.</w>
</sentence>
<sentence id="7">
  <w id="0" lemma="|the|" pos="DT" wid="0">The</w>
  <w id="1" lemma="|witness|" pos="NN" wid="1">witness</w>
  <w id="2" lemma="|bear|" pos="VBN" wid="2">borne</w>
  <w id="3" lemma="|by|" pos="IN" wid="3">by</w>
  <w id="4" lemma="|Stephen|" pos="NNP" wid="4">Stephen</w>
  <w id="5" lemma="|,|" pos="," wid="5">,</w>
  <w id="6" lemma="|like|" pos="IN" wid="6">like</w>
  <w id="7" lemma="|that|" pos="DT" wid="7">that</w>
  <w id="8" lemma="|of|" pos="IN" wid="8">of</w>
  <w id="9" lemma="|the|" pos="DT" wid="9">the</w>
  <w id="10" lemma="|Christian|" pos="NNP" wid="10">Christian</w>
  <w id="11" lemma="|martyr|" pos="NNS" wid="11">martyrs</w>
  <w id="12" lemma="|,|" pos="," wid="12">,</w>
  <w id="13" lemma="|show|" pos="VBZ" wid="13">shows</w>
  <w id="14" lemma="|we|" pos="PRP$" wid="14">our</w>
  <w id="15" lemma="|contemporary|" pos="NNS" wid="15">contemporaries</w>
  <w id="16" lemma="|,|" pos="," wid="16">,</w>
  <w id="17" lemma="|who|" pos="WP" wid="17">who</w>
  <w id="18" lemma="|be|" pos="VBP" wid="18">are</w>
  <w id="19" lemma="|often|" pos="RB" wid="19">often</w>
  <w id="20" lemma="|distract|" pos="VBN" wid="20">distracted</w>
  <w id="21" lemma="|and|" pos="CC" wid="21">and</w>
  <w id="22" lemma="|uncertain|" pos="JJ" wid="22">uncertain</w>
  <w id="23" lemma="|,|" pos="," wid="23">,</w>
  <w id="24" lemma="|in|" pos="IN" wid="24">in</w>
  <w id="25" lemma="|whom|" pos="WP" wid="25">whom</w>
  <w id="26" lemma="|they|" pos="PRP" wid="26">they</w>
  <w id="27" lemma="|should|" pos="MD" wid="27">should</w>
  <w id="28" lemma="|place|" pos="VB" wid="28">place</w>
  <w id="29" lemma="|they|" pos="PRP$" wid="29">their</w>
  <w id="30" lemma="|trust|" pos="NN" wid="30">trust</w>
  <w id="31" lemma="|in|" pos="IN" wid="31">in</w>
  <w id="32" lemma="|order|" pos="NN" wid="32">order</w>
  <w id="33" lemma="|to|" pos="TO" wid="33">to</w>
  <w id="34" lemma="|give|" pos="VB" wid="34">give</w>
  <w id="35" lemma="|meaning|" pos="NN" wid="35">meaning</w>
  <w id="36" lemma="|to|" pos="TO" wid="36">to</w>
  <w id="37" lemma="|they|" pos="PRP$" wid="37">their</w>
  <w id="38" lemma="|life|" pos="NNS" wid="38">lives</w>
  <w id="39" lemma="|.|" pos="." wid="39">.</w>
</sentence>
<sentence id="8">
  <w id="0" lemma="|the|" pos="DT" wid="0">The</w>
  <w id="1" lemma="|martyr|" pos="NN" wid="1">martyr</w>
  <w id="2" lemma="|,|" pos="," wid="2">,</w>
  <w id="3" lemma="|in|" pos="IN" wid="3">in</w>
  <w id="4" lemma="|fact|" pos="NN" wid="4">fact</w>
  <w id="5" lemma="|,|" pos="," wid="5">,</w>
  <w id="6" lemma="|be|" pos="VBZ" wid="6">is</w>
  <w id="7" lemma="|one|" pos="CD" wid="7">one</w>
  <w id="8" lemma="|who|" pos="WP" wid="8">who</w>
  <w id="9" lemma="|die|" pos="VBZ" wid="9">dies</w>
  <w id="10" lemma="|know|" pos="VBG" wid="10">knowing</w>
  <w id="11" lemma="|with|" pos="IN" wid="11">with</w>
  <w id="12" lemma="|certainty|" pos="NN" wid="12">certainty</w>
  <w id="13" lemma="|that|" pos="IN" wid="13">that</w>
  <w id="14" lemma="|he|" pos="PRP" wid="14">he</w>
  <w id="15" lemma="|be|" pos="VBZ" wid="15">is</w>
  <w id="16" lemma="|love|" pos="VBN" wid="16">loved</w>
  <w id="17" lemma="|by|" pos="IN" wid="17">by</w>
  <w id="18" lemma="|God|" pos="NNP" wid="18">God</w>
  <w id="19" lemma="|,|" pos="," wid="19">,</w>
  <w id="20" lemma="|who|" pos="WP" wid="20">who</w>
  <w id="21" lemma="|put|" pos="VBZ" wid="21">puts</w>
  <w id="22" lemma="|nothing|" pos="NN" wid="22">nothing</w>
  <w id="23" lemma="|before|" pos="IN" wid="23">before</w>
  <w id="24" lemma="|love|" pos="NN" wid="24">love</w>
  <w id="25" lemma="|of|" pos="IN" wid="25">of</w>
  <w id="26" lemma="|Christ|" pos="NNP" wid="26">Christ</w>
  <w id="27" lemma="|,|" pos="," wid="27">,</w>
  <w id="28" lemma="|know|" pos="VBG" wid="28">knowing</w>
  <w id="29" lemma="|that|" pos="IN" wid="29">that</w>
  <w id="30" lemma="|he|" pos="PRP" wid="30">he</w>
  <w id="31" lemma="|have|" pos="VBZ" wid="31">has</w>
  <w id="32" lemma="|choose|" pos="VBN" wid="32">chosen</w>
  <w id="33" lemma="|the|" pos="DT" wid="33">the</w>
  <w id="34" lemma="|better|" pos="JJR" wid="34">better</w>
  <w id="35" lemma="|part|" pos="NN" wid="35">part</w>
  <w id="36" lemma="|.|" pos="." wid="36">.</w>
</sentence>
<sentence id="9">
  <w id="0" lemma="|the|" pos="DT" wid="0">The</w>
  <w id="1" lemma="|martyr|" pos="NN" wid="1">martyr</w>
  <w id="2" lemma="|be|" pos="VBZ" wid="2">is</w>
  <w id="3" lemma="|configure|" pos="VBN" wid="3">configured</w>
  <w id="4" lemma="|fully|" pos="RB" wid="4">fully</w>
  <w id="5" lemma="|to|" pos="TO" wid="5">to</w>
  <w id="6" lemma="|the|" pos="DT" wid="6">the</w>
  <w id="7" lemma="|death|" pos="NN" wid="7">death</w>
  <w id="8" lemma="|of|" pos="IN" wid="8">of</w>
  <w id="9" lemma="|Christ|" pos="NNP" wid="9">Christ</w>
  <w id="10" lemma="|,|" pos="," wid="10">,</w>
  <w id="11" lemma="|aware|" pos="JJ" wid="11">aware</w>
  <w id="12" lemma="|of|" pos="IN" wid="12">of</w>
  <w id="13" lemma="|be|" pos="VBG" wid="13">being</w>
  <w id="14" lemma="|a|" pos="DT" wid="14">a</w>
  <w id="15" lemma="|fertile|" pos="JJ" wid="15">fertile</w>
  <w id="16" lemma="|seed|" pos="NN" wid="16">seed</w>
  <w id="17" lemma="|of|" pos="IN" wid="17">of</w>
  <w id="18" lemma="|life|" pos="NN" wid="18">life</w>
  <w id="19" lemma="|and|" pos="CC" wid="19">and</w>
  <w id="20" lemma="|of|" pos="IN" wid="20">of</w>
  <w id="21" lemma="|open|" pos="VBG" wid="21">opening</w>
  <w id="22" lemma="|up|" pos="RP" wid="22">up</w>
  <w id="23" lemma="|path|" pos="NNS" wid="23">paths</w>
  <w id="24" lemma="|of|" pos="IN" wid="24">of</w>
  <w id="25" lemma="|peace|" pos="NN" wid="25">peace</w>
  <w id="26" lemma="|and|" pos="CC" wid="26">and</w>
  <w id="27" lemma="|hope|" pos="NN" wid="27">hope</w>
  <w id="28" lemma="|in|" pos="IN" wid="28">in</w>
  <w id="29" lemma="|the|" pos="DT" wid="29">the</w>
  <w id="30" lemma="|world|" pos="NN" wid="30">world</w>
  <w id="31" lemma="|.|" pos="." wid="31">.</w>
</sentence>
<sentence id="10">
  <w id="0" lemma="|today|" pos="NN" wid="0">Today</w>
  <w id="1" lemma="|,|" pos="," wid="1">,</w>
  <w id="2" lemma="|in|" pos="IN" wid="2">in</w>
  <w id="3" lemma="|present|" pos="VBG" wid="3">presenting</w>
  <w id="4" lemma="|the|" pos="DT" wid="4">the</w>
  <w id="5" lemma="|Deacon|" pos="NNP" wid="5">Deacon</w>
  <w id="6" lemma="|St|" pos="NNP" wid="6">St</w>
  <w id="7" lemma="|Stephen|" pos="NNP" wid="7">Stephen</w>
  <w id="8" lemma="|to|" pos="TO" wid="8">to</w>
  <w id="9" lemma="|we|" pos="PRP" wid="9">us</w>
  <w id="10" lemma="|as|" pos="IN" wid="10">as</w>
  <w id="11" lemma="|we|" pos="PRP$" wid="11">our</w>
  <w id="12" lemma="|model|" pos="NN" wid="12">model</w>
  <w id="13" lemma="|the|" pos="DT" wid="13">the</w>
  <w id="14" lemma="|Church|" pos="NNP" wid="14">Church</w>
  <w id="15" lemma="|likewise|" pos="RB" wid="15">likewise</w>
  <w id="16" lemma="|point|" pos="VBZ" wid="16">points</w>
  <w id="17" lemma="|out|" pos="RP" wid="17">out</w>
  <w id="18" lemma="|to|" pos="TO" wid="18">to</w>
  <w id="19" lemma="|we|" pos="PRP" wid="19">us</w>
  <w id="20" lemma="|that|" pos="IN" wid="20">that</w>
  <w id="21" lemma="|welcome|" pos="VBG" wid="21">welcoming</w>
  <w id="22" lemma="|and|" pos="CC" wid="22">and</w>
  <w id="23" lemma="|love|" pos="VBG" wid="23">loving</w>
  <w id="24" lemma="|the|" pos="DT" wid="24">the</w>
  <w id="25" lemma="|poor|" pos="JJ" wid="25">poor</w>
  <w id="26" lemma="|be|" pos="VBZ" wid="26">is</w>
  <w id="27" lemma="|one|" pos="CD" wid="27">one</w>
  <w id="28" lemma="|of|" pos="IN" wid="28">of</w>
  <w id="29" lemma="|the|" pos="DT" wid="29">the</w>
  <w id="30" lemma="|privileged|" pos="JJ" wid="30">privileged</w>
  <w id="31" lemma="|way|" pos="NNS" wid="31">ways</w>
  <w id="32" lemma="|to|" pos="TO" wid="32">to</w>
  <w id="33" lemma="|live|" pos="VB" wid="33">live</w>
  <w id="34" lemma="|the|" pos="DT" wid="34">the</w>
  <w id="35" lemma="|Gospel|" pos="NNP" wid="35">Gospel</w>
  <w id="36" lemma="|and|" pos="CC" wid="36">and</w>
  <w id="37" lemma="|to|" pos="TO" wid="37">to</w>
  <w id="38" lemma="|witness|" pos="NN" wid="38">witness</w>
  <w id="39" lemma="|credibly|" pos="RB" wid="39">credibly</w>
  <w id="40" lemma="|to|" pos="TO" wid="40">to</w>
  <w id="41" lemma="|human|" pos="JJ" wid="41">human</w>
  <w id="42" lemma="|being|" pos="NNS" wid="42">beings</w>
  <w id="43" lemma="|to|" pos="TO" wid="43">to</w>
  <w id="44" lemma="|the|" pos="DT" wid="44">the</w>
  <w id="45" lemma="|Kingdom|" pos="NNP" wid="45">Kingdom</w>
  <w id="46" lemma="|of|" pos="IN" wid="46">of</w>
  <w id="47" lemma="|God|" pos="NNP" wid="47">God</w>
  <w id="48" lemma="|that|" pos="WDT" wid="48">that</w>
  <w id="49" lemma="|come|" pos="VBZ" wid="49">comes</w>
  <w id="50" lemma="|.|" pos="." wid="50">.</w>
</sentence>
<sentence id="11">
  <w id="0" lemma="|the|" pos="DT" wid="0">The</w>
  <w id="1" lemma="|Feast|" pos="NNP" wid="1">Feast</w>
  <w id="2" lemma="|of|" pos="IN" wid="2">of</w>
  <w id="3" lemma="|St|" pos="NNP" wid="3">St</w>
  <w id="4" lemma="|Stephen|" pos="NNP" wid="4">Stephen</w>
  <w id="5" lemma="|remind|" pos="VBZ" wid="5">reminds</w>
  <w id="6" lemma="|we|" pos="PRP" wid="6">us</w>
  <w id="7" lemma="|also|" pos="RB" wid="7">also</w>
  <w id="8" lemma="|of|" pos="IN" wid="8">of</w>
  <w id="9" lemma="|the|" pos="DT" wid="9">the</w>
  <w id="10" lemma="|many|" pos="JJ" wid="10">many</w>
  <w id="11" lemma="|believer|" pos="NNS" wid="11">believers</w>
  <w id="12" lemma="|in|" pos="IN" wid="12">in</w>
  <w id="13" lemma="|various|" pos="JJ" wid="13">various</w>
  <w id="14" lemma="|part|" pos="NNS" wid="14">parts</w>
  <w id="15" lemma="|of|" pos="IN" wid="15">of</w>
  <w id="16" lemma="|the|" pos="DT" wid="16">the</w>
  <w id="17" lemma="|world|" pos="NN" wid="17">world</w>
  <w id="18" lemma="|who|" pos="WP" wid="18">who</w>
  <w id="19" lemma="|,|" pos="," wid="19">,</w>
  <w id="20" lemma="|because|" pos="IN" wid="20">because</w>
  <w id="21" lemma="|of|" pos="IN" wid="21">of</w>
  <w id="22" lemma="|they|" pos="PRP$" wid="22">their</w>
  <w id="23" lemma="|faith|" pos="NN" wid="23">faith</w>
  <w id="24" lemma="|,|" pos="," wid="24">,</w>
  <w id="25" lemma="|be|" pos="VBP" wid="25">are</w>
  <w id="26" lemma="|subject|" pos="VBN" wid="26">subjected</w>
  <w id="27" lemma="|to|" pos="TO" wid="27">to</w>
  <w id="28" lemma="|trial|" pos="NNS" wid="28">trials</w>
  <w id="29" lemma="|and|" pos="CC" wid="29">and</w>
  <w id="30" lemma="|suffering|" pos="NN" wid="30">suffering</w>
  <w id="31" lemma="|.|" pos="." wid="31">.</w>
</sentence>
<sentence id="12">
  <w id="0" lemma="|while|" pos="IN" wid="0">While</w>
  <w id="1" lemma="|we|" pos="PRP" wid="1">we</w>
  <w id="2" lemma="|entrust|" pos="VBP" wid="2">entrust</w>
  <w id="3" lemma="|they|" pos="PRP" wid="3">them</w>
  <w id="4" lemma="|to|" pos="TO" wid="4">to</w>
  <w id="5" lemma="|he|" pos="PRP$" wid="5">his</w>
  <w id="6" lemma="|heavenly|" pos="JJ" wid="6">heavenly</w>
  <w id="7" lemma="|protection|" pos="NN" wid="7">protection</w>
  <w id="8" lemma="|,|" pos="," wid="8">,</w>
  <w id="9" lemma="|let|" pos="VB" wid="9">let</w>
  <w id="10" lemma="|we|" pos="PRP" wid="10">us</w>
  <w id="11" lemma="|strive|" pos="VB" wid="11">strive</w>
  <w id="12" lemma="|to|" pos="TO" wid="12">to</w>
  <w id="13" lemma="|sustain|" pos="VB" wid="13">sustain</w>
  <w id="14" lemma="|they|" pos="PRP" wid="14">them</w>
  <w id="15" lemma="|with|" pos="IN" wid="15">with</w>
  <w id="16" lemma="|prayer|" pos="NN" wid="16">prayer</w>
  <w id="17" lemma="|and|" pos="CC" wid="17">and</w>
  <w id="18" lemma="|never|" pos="RB" wid="18">never</w>
  <w id="19" lemma="|to|" pos="TO" wid="19">to</w>
  <w id="20" lemma="|fall|" pos="VB" wid="20">fall</w>
  <w id="21" lemma="|short|" pos="RB" wid="21">short</w>
  <w id="22" lemma="|of|" pos="IN" wid="22">of</w>
  <w id="23" lemma="|we|" pos="PRP$" wid="23">our</w>
  <w id="24" lemma="|Christian|" pos="NNP" wid="24">Christian</w>
  <w id="25" lemma="|vocation|" pos="NN" wid="25">vocation</w>
  <w id="26" lemma="|,|" pos="," wid="26">,</w>
  <w id="27" lemma="|always|" pos="RB" wid="27">always</w>
  <w id="28" lemma="|place|" pos="VBG" wid="28">placing</w>
  <w id="29" lemma="|at|" pos="IN" wid="29">at</w>
  <w id="30" lemma="|the|" pos="DT" wid="30">the</w>
  <w id="31" lemma="|centre|" pos="NN" wid="31">centre</w>
  <w id="32" lemma="|of|" pos="IN" wid="32">of</w>
  <w id="33" lemma="|we|" pos="PRP$" wid="33">our</w>
  <w id="34" lemma="|life|" pos="NN" wid="34">life</w>
  <w id="35" lemma="|Jesus|" pos="NNP" wid="35">Jesus</w>
  <w id="36" lemma="|Christ|" pos="NNP" wid="36">Christ</w>
  <w id="37" lemma="|,|" pos="," wid="37">,</w>
  <w id="38" lemma="|whom|" pos="WP" wid="38">whom</w>
  <w id="39" lemma="|in|" pos="IN" wid="39">in</w>
  <w id="40" lemma="|these|" pos="DT" wid="40">these</w>
  <w id="41" lemma="|day|" pos="NNS" wid="41">days</w>
  <w id="42" lemma="|we|" pos="PRP" wid="42">we</w>
  <w id="43" lemma="|contemplate|" pos="VBP" wid="43">contemplate</w>
  <w id="44" lemma="|in|" pos="IN" wid="44">in</w>
  <w id="45" lemma="|the|" pos="DT" wid="45">the</w>
  <w id="46" lemma="|simplicity|" pos="NN" wid="46">simplicity</w>
  <w id="47" lemma="|and|" pos="CC" wid="47">and</w>
  <w id="48" lemma="|humility|" pos="NN" wid="48">humility</w>
  <w id="49" lemma="|of|" pos="IN" wid="49">of</w>
  <w id="50" lemma="|the|" pos="DT" wid="50">the</w>
  <w id="51" lemma="|manger|" pos="NN" wid="51">manger</w>
  <w id="52" lemma="|.|" pos="." wid="52">.</w>
</sentence>
<sentence id="13">
  <w id="0" lemma="|let|" pos="VB" wid="0">Let</w>
  <w id="1" lemma="|we|" pos="PRP" wid="1">us</w>
  <w id="2" lemma="|invoke|" pos="VB" wid="2">invoke</w>
  <w id="3" lemma="|for|" pos="IN" wid="3">for</w>
  <w id="4" lemma="|this|" pos="DT" wid="4">this</w>
  <w id="5" lemma="|the|" pos="DT" wid="5">the</w>
  <w id="6" lemma="|intercession|" pos="NN" wid="6">intercession</w>
  <w id="7" lemma="|of|" pos="IN" wid="7">of</w>
  <w id="8" lemma="|Mary|" pos="NNP" wid="8">Mary</w>
  <w id="9" lemma="|,|" pos="," wid="9">,</w>
  <w id="10" lemma="|Mother|" pos="NNP" wid="10">Mother</w>
  <w id="11" lemma="|of|" pos="IN" wid="11">of</w>
  <w id="12" lemma="|the|" pos="DT" wid="12">the</w>
  <w id="13" lemma="|Redeemer|" pos="NNP" wid="13">Redeemer</w>
  <w id="14" lemma="|and|" pos="CC" wid="14">and</w>
  <w id="15" lemma="|Queen|" pos="NNP" wid="15">Queen</w>
  <w id="16" lemma="|of|" pos="IN" wid="16">of</w>
  <w id="17" lemma="|Martyrs|" pos="NNP" wid="17">Martyrs</w>
  <w id="18" lemma="|,|" pos="," wid="18">,</w>
  <w id="19" lemma="|with|" pos="IN" wid="19">with</w>
  <w id="20" lemma="|the|" pos="DT" wid="20">the</w>
  <w id="21" lemma="|prayer|" pos="NN" wid="21">prayer</w>
  <w id="22" lemma="|of|" pos="IN" wid="22">of</w>
  <w id="23" lemma="|the|" pos="DT" wid="23">the</w>
  <w id="24" lemma="|Angelus|" pos="NNP" wid="24">Angelus</w>
  <w id="25" lemma="|.|" pos="." wid="25">.</w>
</sentence>
<sentence id="14">
  <w id="0" lemma="|after|" pos="IN" wid="0">After</w>
  <w id="1" lemma="|the|" pos="DT" wid="1">the</w>
  <w id="2" lemma="|Angelus|" pos="NNP" wid="2">Angelus</w>
  <w id="3" lemma="|:|" pos=":" wid="3">:</w>
  <w id="4" lemma="|as|" pos="IN" wid="4">As</w>
  <w id="5" lemma="|we|" pos="PRP" wid="5">we</w>
  <w id="6" lemma="|continue|" pos="VBP" wid="6">continue</w>
  <w id="7" lemma="|we|" pos="PRP$" wid="7">our</w>
  <w id="8" lemma="|celebration|" pos="NN" wid="8">celebration</w>
  <w id="9" lemma="|of|" pos="IN" wid="9">of</w>
  <w id="10" lemma="|this|" pos="DT" wid="10">this</w>
  <w id="11" lemma="|joyful|" pos="JJ" wid="11">joyful</w>
  <w id="12" lemma="|Christmas|" pos="NNP" wid="12">Christmas</w>
  <w id="13" lemma="|season|" pos="NN" wid="13">Season</w>
  <w id="14" lemma="|,|" pos="," wid="14">,</w>
  <w id="15" lemma="|I|" pos="PRP" wid="15">I</w>
  <w id="16" lemma="|warmly|" pos="RB" wid="16">warmly</w>
  <w id="17" lemma="|greet|" pos="VB" wid="17">greet</w>
  <w id="18" lemma="|all|" pos="PDT" wid="18">all</w>
  <w id="19" lemma="|the|" pos="DT" wid="19">the</w>
  <w id="20" lemma="|english-speaking|" pos="JJ" wid="20">English-speaking</w>
  <w id="21" lemma="|visitor|" pos="NNS" wid="21">visitors</w>
  <w id="22" lemma="|and|" pos="CC" wid="22">and</w>
  <w id="23" lemma="|pilgrim|" pos="NNS" wid="23">pilgrims</w>
  <w id="24" lemma="|gather|" pos="VBN" wid="24">gathered</w>
  <w id="25" lemma="|here|" pos="RB" wid="25">here</w>
  <w id="26" lemma="|in|" pos="IN" wid="26">in</w>
  <w id="27" lemma="|St|" pos="NNP" wid="27">St</w>
  <w id="28" lemma="|Peter|" pos="NNP" wid="28">Peter</w>
  <w id="29" lemma="|'s|" pos="POS" wid="29">'s</w>
  <w id="30" lemma="|Square|" pos="NNP" wid="30">Square</w>
  <w id="31" lemma="|.|" pos="." wid="31">.</w>
</sentence>
<sentence id="15">
  <w id="0" lemma="|together|" pos="RB" wid="0">Together</w>
  <w id="1" lemma="|with|" pos="IN" wid="1">with</w>
  <w id="2" lemma="|christian|" pos="NNS" wid="2">Christians</w>
  <w id="3" lemma="|across|" pos="IN" wid="3">across</w>
  <w id="4" lemma="|the|" pos="DT" wid="4">the</w>
  <w id="5" lemma="|globe|" pos="NN" wid="5">globe</w>
  <w id="6" lemma="|,|" pos="," wid="6">,</w>
  <w id="7" lemma="|we|" pos="PRP" wid="7">we</w>
  <w id="8" lemma="|rejoice|" pos="VBP" wid="8">rejoice</w>
  <w id="9" lemma="|at|" pos="IN" wid="9">at</w>
  <w id="10" lemma="|the|" pos="DT" wid="10">the</w>
  <w id="11" lemma="|birth|" pos="NN" wid="11">Birth</w>
  <w id="12" lemma="|of|" pos="IN" wid="12">of</w>
  <w id="13" lemma="|we|" pos="PRP$" wid="13">our</w>
  <w id="14" lemma="|Saviour|" pos="NNP" wid="14">Saviour</w>
  <w id="15" lemma="|,|" pos="," wid="15">,</w>
  <w id="16" lemma="|Prince|" pos="NNP" wid="16">Prince</w>
  <w id="17" lemma="|of|" pos="IN" wid="17">of</w>
  <w id="18" lemma="|Peace|" pos="NNP" wid="18">Peace</w>
  <w id="19" lemma="|and|" pos="CC" wid="19">and</w>
  <w id="20" lemma="|Light|" pos="NNP" wid="20">Light</w>
  <w id="21" lemma="|of|" pos="IN" wid="21">of</w>
  <w id="22" lemma="|the|" pos="DT" wid="22">the</w>
  <w id="23" lemma="|world|" pos="NN" wid="23">world</w>
  <w id="24" lemma="|.|" pos="." wid="24">.</w>
</sentence>
<sentence id="16">
  <w id="0" lemma="|today|" pos="NN" wid="0">Today</w>
  <w id="1" lemma="|we|" pos="PRP" wid="1">we</w>
  <w id="2" lemma="|honour|" pos="VBP" wid="2">honour</w>
  <w id="3" lemma="|the|" pos="DT" wid="3">the</w>
  <w id="4" lemma="|Church|" pos="NNP" wid="4">Church</w>
  <w id="5" lemma="|'s|" pos="POS" wid="5">'s</w>
  <w id="6" lemma="|first|" pos="JJ" wid="6">first</w>
  <w id="7" lemma="|Martyr|" pos="NNP" wid="7">Martyr</w>
  <w id="8" lemma="|,|" pos="," wid="8">,</w>
  <w id="9" lemma="|St|" pos="NNP" wid="9">St</w>
  <w id="10" lemma="|Stephen|" pos="NNP" wid="10">Stephen</w>
  <w id="11" lemma="|,|" pos="," wid="11">,</w>
  <w id="12" lemma="|who|" pos="WP" wid="12">who</w>
  <w id="13" lemma="|be|" pos="VBD" wid="13">was</w>
  <w id="14" lemma="|fearless|" pos="JJ" wid="14">fearless</w>
  <w id="15" lemma="|in|" pos="IN" wid="15">in</w>
  <w id="16" lemma="|bear|" pos="VBG" wid="16">bearing</w>
  <w id="17" lemma="|witness|" pos="NN" wid="17">witness</w>
  <w id="18" lemma="|to|" pos="TO" wid="18">to</w>
  <w id="19" lemma="|Christ|" pos="NNP" wid="19">Christ</w>
  <w id="20" lemma="|and|" pos="CC" wid="20">and</w>
  <w id="21" lemma="|shed|" pos="VB" wid="21">shed</w>
  <w id="22" lemma="|he|" pos="PRP$" wid="22">his</w>
  <w id="23" lemma="|blood|" pos="NN" wid="23">blood</w>
  <w id="24" lemma="|for|" pos="IN" wid="24">for</w>
  <w id="25" lemma="|love|" pos="NN" wid="25">love</w>
  <w id="26" lemma="|of|" pos="IN" wid="26">of</w>
  <w id="27" lemma="|he|" pos="PRP" wid="27">him</w>
  <w id="28" lemma="|.|" pos="." wid="28">.</w>
</sentence>
<sentence id="17">
  <w id="0" lemma="|we|" pos="PRP" wid="0">We</w>
  <w id="1" lemma="|pray|" pos="VBP" wid="1">pray</w>
  <w id="2" lemma="|for|" pos="IN" wid="2">for</w>
  <w id="3" lemma="|those|" pos="DT" wid="3">those</w>
  <w id="4" lemma="|christian|" pos="NNS" wid="4">Christians</w>
  <w id="5" lemma="|who|" pos="WP" wid="5">who</w>
  <w id="6" lemma="|suffer|" pos="VBP" wid="6">suffer</w>
  <w id="7" lemma="|persecution|" pos="NN" wid="7">persecution</w>
  <w id="8" lemma="|today|" pos="NN" wid="8">today</w>
  <w id="9" lemma="|.|" pos="." wid="9">.</w>
</sentence>
<sentence id="18">
  <w id="0" lemma="|and|" pos="CC" wid="0">And</w>
  <w id="1" lemma="|we|" pos="PRP" wid="1">we</w>
  <w id="2" lemma="|commend|" pos="VBP" wid="2">commend</w>
  <w id="3" lemma="|to|" pos="TO" wid="3">to</w>
  <w id="4" lemma="|the|" pos="DT" wid="4">the</w>
  <w id="5" lemma="|intercession|" pos="NN" wid="5">intercession</w>
  <w id="6" lemma="|of|" pos="IN" wid="6">of</w>
  <w id="7" lemma="|they|" pos="PRP$" wid="7">their</w>
  <w id="8" lemma="|heavenly|" pos="JJ" wid="8">heavenly</w>
  <w id="9" lemma="|Patron|" pos="NNP" wid="9">Patron</w>
  <w id="10" lemma="|,|" pos="," wid="10">,</w>
  <w id="11" lemma="|St|" pos="NNP" wid="11">St</w>
  <w id="12" lemma="|Stephen|" pos="NNP" wid="12">Stephen</w>
  <w id="13" lemma="|,|" pos="," wid="13">,</w>
  <w id="14" lemma="|all|" pos="DT" wid="14">all</w>
  <w id="15" lemma="|deacon|" pos="NNS" wid="15">deacons</w>
  <w id="16" lemma="|and|" pos="CC" wid="16">and</w>
  <w id="17" lemma="|altar|" pos="NN" wid="17">altar</w>
  <w id="18" lemma="|server|" pos="NNS" wid="18">servers</w>
  <w id="19" lemma="|.|" pos="." wid="19">.</w>
</sentence>
<sentence id="19">
  <w id="0" lemma="|May|" pos="NNP" wid="0">May</w>
  <w id="1" lemma="|God|" pos="NNP" wid="1">God</w>
  <w id="2" lemma="|bless|" pos="VB" wid="2">bless</w>
  <w id="3" lemma="|all|" pos="DT" wid="3">all</w>
  <w id="4" lemma="|of|" pos="IN" wid="4">of</w>
  <w id="5" lemma="|you|" pos="PRP" wid="5">you</w>
  <w id="6" lemma="|!|" pos="." wid="6">!</w>
</sentence>
</corpus>