<corpus id="0">
<sentence id="0">
  <w id="0" lemma="|Dear|" pos="NNP" wid="0">Dear</w>
  <w id="1" lemma="|Brothers|" pos="NNPS" wid="1">Brothers</w>
  <w id="2" lemma="|and|" pos="CC" wid="2">and</w>
  <w id="3" lemma="|sister|" pos="NNS" wid="3">Sisters</w>
  <w id="4" lemma="|,|" pos="," wid="4">,</w>
  <w id="5" lemma="|today|" pos="NN" wid="5">Today</w>
  <w id="6" lemma="|,|" pos="," wid="6">,</w>
  <w id="7" lemma="|we|" pos="PRP" wid="7">we</w>
  <w id="8" lemma="|celebrate|" pos="VBP" wid="8">celebrate</w>
  <w id="9" lemma="|the|" pos="DT" wid="9">the</w>
  <w id="10" lemma="|great|" pos="JJ" wid="10">great</w>
  <w id="11" lemma="|feast|" pos="NN" wid="11">feast</w>
  <w id="12" lemma="|of|" pos="IN" wid="12">of</w>
  <w id="13" lemma="|Pentecost|" pos="NNP" wid="13">Pentecost</w>
  <w id="14" lemma="|,|" pos="," wid="14">,</w>
  <w id="15" lemma="|in|" pos="IN" wid="15">in</w>
  <w id="16" lemma="|which|" pos="WDT" wid="16">which</w>
  <w id="17" lemma="|the|" pos="DT" wid="17">the</w>
  <w id="18" lemma="|liturgy|" pos="NN" wid="18">liturgy</w>
  <w id="19" lemma="|have|" pos="VBZ" wid="19">has</w>
  <w id="20" lemma="|we|" pos="PRP" wid="20">us</w>
  <w id="21" lemma="|relive|" pos="VB" wid="21">relive</w>
  <w id="22" lemma="|the|" pos="DT" wid="22">the</w>
  <w id="23" lemma="|birth|" pos="NN" wid="23">birth</w>
  <w id="24" lemma="|of|" pos="IN" wid="24">of</w>
  <w id="25" lemma="|the|" pos="DT" wid="25">the</w>
  <w id="26" lemma="|Church|" pos="NNP" wid="26">Church</w>
  <w id="27" lemma="|,|" pos="," wid="27">,</w>
  <w id="28" lemma="|accord|" pos="VBG" wid="28">according</w>
  <w id="29" lemma="|to|" pos="TO" wid="29">to</w>
  <w id="30" lemma="|what|" pos="WP" wid="30">what</w>
  <w id="31" lemma="|St|" pos="NNP" wid="31">St</w>
  <w id="32" lemma="|Luke|" pos="NNP" wid="32">Luke</w>
  <w id="33" lemma="|narrate|" pos="VBZ" wid="33">narrates</w>
  <w id="34" lemma="|in|" pos="IN" wid="34">in</w>
  <w id="35" lemma="|the|" pos="DT" wid="35">the</w>
  <w id="36" lemma="|book|" pos="NN" wid="36">book</w>
  <w id="37" lemma="|of|" pos="IN" wid="37">of</w>
  <w id="38" lemma="|the|" pos="DT" wid="38">the</w>
  <w id="39" lemma="|act|" pos="NNS" wid="39">Acts</w>
  <w id="40" lemma="|of|" pos="IN" wid="40">of</w>
  <w id="41" lemma="|the|" pos="DT" wid="41">the</w>
  <w id="42" lemma="|Apostles|" pos="NNPS" wid="42">Apostles</w>
  <w id="43" lemma="|-lrb-|" pos="-LRB-" wid="43">-LRB-</w>
  <w id="44" lemma="|2|" pos="CD" wid="44">2</w>
  <w id="45" lemma="|:|" pos=":" wid="45">:</w>
  <w id="46" lemma="|1-13|" pos="CD" wid="46">1-13</w>
  <w id="47" lemma="|-rrb-|" pos="-RRB-" wid="47">-RRB-</w>
  <w id="48" lemma="|.|" pos="." wid="48">.</w>
</sentence>
<sentence id="1">
  <w id="0" lemma="|fifty|" pos="CD" wid="0">Fifty</w>
  <w id="1" lemma="|day|" pos="NNS" wid="1">days</w>
  <w id="2" lemma="|after|" pos="IN" wid="2">after</w>
  <w id="3" lemma="|Easter|" pos="NNP" wid="3">Easter</w>
  <w id="4" lemma="|,|" pos="," wid="4">,</w>
  <w id="5" lemma="|the|" pos="DT" wid="5">the</w>
  <w id="6" lemma="|Holy|" pos="NNP" wid="6">Holy</w>
  <w id="7" lemma="|Spirit|" pos="NNP" wid="7">Spirit</w>
  <w id="8" lemma="|descend|" pos="VBD" wid="8">descended</w>
  <w id="9" lemma="|on|" pos="IN" wid="9">on</w>
  <w id="10" lemma="|the|" pos="DT" wid="10">the</w>
  <w id="11" lemma="|community|" pos="NN" wid="11">community</w>
  <w id="12" lemma="|of|" pos="IN" wid="12">of</w>
  <w id="13" lemma="|disciple|" pos="NNS" wid="13">disciples</w>
  <w id="14" lemma="|-|" pos=":" wid="14">-</w>
  <w id="15" lemma="|``|" pos="``" wid="15">``</w>
  <w id="16" lemma="|with|" pos="IN" wid="16">with</w>
  <w id="17" lemma="|one|" pos="CD" wid="17">one</w>
  <w id="18" lemma="|accord|" pos="NN" wid="18">accord</w>
  <w id="19" lemma="|devote|" pos="VBD" wid="19">devoted</w>
  <w id="20" lemma="|themselves|" pos="PRP" wid="20">themselves</w>
  <w id="21" lemma="|to|" pos="TO" wid="21">to</w>
  <w id="22" lemma="|prayer|" pos="NN" wid="22">prayer</w>
  <w id="23" lemma="|''|" pos="''" wid="23">''</w>
  <w id="24" lemma="|-|" pos=":" wid="24">-</w>
  <w id="25" lemma="|gather|" pos="VBN" wid="25">gathered</w>
  <w id="26" lemma="|with|" pos="IN" wid="26">with</w>
  <w id="27" lemma="|``|" pos="``" wid="27">``</w>
  <w id="28" lemma="|Mary|" pos="NNP" wid="28">Mary</w>
  <w id="29" lemma="|,|" pos="," wid="29">,</w>
  <w id="30" lemma="|the|" pos="DT" wid="30">the</w>
  <w id="31" lemma="|mother|" pos="NN" wid="31">mother</w>
  <w id="32" lemma="|of|" pos="IN" wid="32">of</w>
  <w id="33" lemma="|Jesus|" pos="NNP" wid="33">Jesus</w>
  <w id="34" lemma="|''|" pos="''" wid="34">''</w>
  <w id="35" lemma="|and|" pos="CC" wid="35">and</w>
  <w id="36" lemma="|with|" pos="IN" wid="36">with</w>
  <w id="37" lemma="|the|" pos="DT" wid="37">the</w>
  <w id="38" lemma="|Twelve|" pos="NNP" wid="38">Twelve</w>
  <w id="39" lemma="|Apostles|" pos="NNPS" wid="39">Apostles</w>
  <w id="40" lemma="|-lrb-|" pos="-LRB-" wid="40">-LRB-</w>
  <w id="41" lemma="|cf|" pos="NN" wid="41">cf</w>
  <w id="42" lemma="|.|" pos="." wid="42">.</w>
</sentence>
<sentence id="2">
  <w id="0" lemma="|act|" pos="NNS" wid="0">Acts</w>
  <w id="1" lemma="|1|" pos="CD" wid="1">1</w>
  <w id="2" lemma="|:|" pos=":" wid="2">:</w>
  <w id="3" lemma="|14|" pos="CD" wid="3">14</w>
  <w id="4" lemma="|;|" pos=":" wid="4">;</w>
  <w id="5" lemma="|2|" pos="CD" wid="5">2</w>
  <w id="6" lemma="|:|" pos=":" wid="6">:</w>
  <w id="7" lemma="|1|" pos="LS" wid="7">1</w>
  <w id="8" lemma="|-rrb-|" pos="-RRB-" wid="8">-RRB-</w>
  <w id="9" lemma="|.|" pos="." wid="9">.</w>
</sentence>
<sentence id="3">
  <w id="0" lemma="|we|" pos="PRP" wid="0">We</w>
  <w id="1" lemma="|can|" pos="MD" wid="1">can</w>
  <w id="2" lemma="|therefore|" pos="RB" wid="2">therefore</w>
  <w id="3" lemma="|say|" pos="VB" wid="3">say</w>
  <w id="4" lemma="|that|" pos="IN" wid="4">that</w>
  <w id="5" lemma="|the|" pos="DT" wid="5">the</w>
  <w id="6" lemma="|Church|" pos="NNP" wid="6">Church</w>
  <w id="7" lemma="|have|" pos="VBD" wid="7">had</w>
  <w id="8" lemma="|its|" pos="PRP$" wid="8">its</w>
  <w id="9" lemma="|solemn|" pos="JJ" wid="9">solemn</w>
  <w id="10" lemma="|beginning|" pos="NN" wid="10">beginning</w>
  <w id="11" lemma="|with|" pos="IN" wid="11">with</w>
  <w id="12" lemma="|the|" pos="DT" wid="12">the</w>
  <w id="13" lemma="|descent|" pos="NN" wid="13">descent</w>
  <w id="14" lemma="|of|" pos="IN" wid="14">of</w>
  <w id="15" lemma="|the|" pos="DT" wid="15">the</w>
  <w id="16" lemma="|holy|" pos="JJ" wid="16">Holy</w>
  <w id="17" lemma="|spirit|" pos="NN" wid="17">Spirit</w>
  <w id="18" lemma="|.|" pos="." wid="18">.</w>
</sentence>
<sentence id="4">
  <w id="0" lemma="|in|" pos="IN" wid="0">In</w>
  <w id="1" lemma="|this|" pos="DT" wid="1">this</w>
  <w id="2" lemma="|extraordinary|" pos="JJ" wid="2">extraordinary</w>
  <w id="3" lemma="|event|" pos="NN" wid="3">event</w>
  <w id="4" lemma="|we|" pos="PRP" wid="4">we</w>
  <w id="5" lemma="|find|" pos="VBP" wid="5">find</w>
  <w id="6" lemma="|the|" pos="DT" wid="6">the</w>
  <w id="7" lemma="|essential|" pos="JJ" wid="7">essential</w>
  <w id="8" lemma="|and|" pos="CC" wid="8">and</w>
  <w id="9" lemma="|qualify|" pos="VBG" wid="9">qualifying</w>
  <w id="10" lemma="|characteristic|" pos="NNS" wid="10">characteristics</w>
  <w id="11" lemma="|of|" pos="IN" wid="11">of</w>
  <w id="12" lemma="|the|" pos="DT" wid="12">the</w>
  <w id="13" lemma="|Church|" pos="NNP" wid="13">Church</w>
  <w id="14" lemma="|:|" pos=":" wid="14">:</w>
  <w id="15" lemma="|the|" pos="DT" wid="15">the</w>
  <w id="16" lemma="|Church|" pos="NNP" wid="16">Church</w>
  <w id="17" lemma="|be|" pos="VBZ" wid="17">is</w>
  <w id="18" lemma="|one|" pos="CD" wid="18">one</w>
  <w id="19" lemma="|,|" pos="," wid="19">,</w>
  <w id="20" lemma="|like|" pos="IN" wid="20">like</w>
  <w id="21" lemma="|the|" pos="DT" wid="21">the</w>
  <w id="22" lemma="|community|" pos="NN" wid="22">community</w>
  <w id="23" lemma="|at|" pos="IN" wid="23">at</w>
  <w id="24" lemma="|Pentecost|" pos="NNP" wid="24">Pentecost</w>
  <w id="25" lemma="|,|" pos="," wid="25">,</w>
  <w id="26" lemma="|who|" pos="WP" wid="26">who</w>
  <w id="27" lemma="|be|" pos="VBD" wid="27">were</w>
  <w id="28" lemma="|unite|" pos="VBN" wid="28">united</w>
  <w id="29" lemma="|in|" pos="IN" wid="29">in</w>
  <w id="30" lemma="|prayer|" pos="NN" wid="30">prayer</w>
  <w id="31" lemma="|and|" pos="CC" wid="31">and</w>
  <w id="32" lemma="|``|" pos="``" wid="32">``</w>
  <w id="33" lemma="|concordant|" pos="JJ" wid="33">concordant</w>
  <w id="34" lemma="|''|" pos="''" wid="34">''</w>
  <w id="35" lemma="|:|" pos=":" wid="35">:</w>
  <w id="36" lemma="|``|" pos="``" wid="36">``</w>
  <w id="37" lemma="|be|" pos="VBD" wid="37">were</w>
  <w id="38" lemma="|of|" pos="IN" wid="38">of</w>
  <w id="39" lemma="|one|" pos="CD" wid="39">one</w>
  <w id="40" lemma="|heart|" pos="NN" wid="40">heart</w>
  <w id="41" lemma="|and|" pos="CC" wid="41">and</w>
  <w id="42" lemma="|soul|" pos="NN" wid="42">soul</w>
  <w id="43" lemma="|''|" pos="''" wid="43">''</w>
  <w id="44" lemma="|-lrb-|" pos="-LRB-" wid="44">-LRB-</w>
  <w id="45" lemma="|act|" pos="NNS" wid="45">Acts</w>
  <w id="46" lemma="|4|" pos="CD" wid="46">4</w>
  <w id="47" lemma="|:|" pos=":" wid="47">:</w>
  <w id="48" lemma="|32|" pos="CD" wid="48">32</w>
  <w id="49" lemma="|-rrb-|" pos="-RRB-" wid="49">-RRB-</w>
  <w id="50" lemma="|.|" pos="." wid="50">.</w>
</sentence>
<sentence id="5">
  <w id="0" lemma="|the|" pos="DT" wid="0">The</w>
  <w id="1" lemma="|Church|" pos="NNP" wid="1">Church</w>
  <w id="2" lemma="|be|" pos="VBZ" wid="2">is</w>
  <w id="3" lemma="|holy|" pos="JJ" wid="3">holy</w>
  <w id="4" lemma="|,|" pos="," wid="4">,</w>
  <w id="5" lemma="|not|" pos="RB" wid="5">not</w>
  <w id="6" lemma="|by|" pos="IN" wid="6">by</w>
  <w id="7" lemma="|she|" pos="PRP$" wid="7">her</w>
  <w id="8" lemma="|own|" pos="JJ" wid="8">own</w>
  <w id="9" lemma="|merit|" pos="NNS" wid="9">merits</w>
  <w id="10" lemma="|,|" pos="," wid="10">,</w>
  <w id="11" lemma="|but|" pos="CC" wid="11">but</w>
  <w id="12" lemma="|because|" pos="RB" wid="12">because</w>
  <w id="13" lemma="|,|" pos="," wid="13">,</w>
  <w id="14" lemma="|animated|" pos="JJ" wid="14">animated</w>
  <w id="15" lemma="|by|" pos="IN" wid="15">by</w>
  <w id="16" lemma="|the|" pos="DT" wid="16">the</w>
  <w id="17" lemma="|Holy|" pos="NNP" wid="17">Holy</w>
  <w id="18" lemma="|Spirit|" pos="NNP" wid="18">Spirit</w>
  <w id="19" lemma="|,|" pos="," wid="19">,</w>
  <w id="20" lemma="|she|" pos="PRP" wid="20">she</w>
  <w id="21" lemma="|keep|" pos="VBZ" wid="21">keeps</w>
  <w id="22" lemma="|she|" pos="PRP" wid="22">her</w>
  <w id="23" lemma="|gaze|" pos="VBP" wid="23">gaze</w>
  <w id="24" lemma="|on|" pos="IN" wid="24">on</w>
  <w id="25" lemma="|Christ|" pos="NNP" wid="25">Christ</w>
  <w id="26" lemma="|,|" pos="," wid="26">,</w>
  <w id="27" lemma="|to|" pos="TO" wid="27">to</w>
  <w id="28" lemma="|become|" pos="VB" wid="28">become</w>
  <w id="29" lemma="|conformed|" pos="JJ" wid="29">conformed</w>
  <w id="30" lemma="|to|" pos="TO" wid="30">to</w>
  <w id="31" lemma="|he|" pos="PRP" wid="31">him</w>
  <w id="32" lemma="|and|" pos="CC" wid="32">and</w>
  <w id="33" lemma="|to|" pos="TO" wid="33">to</w>
  <w id="34" lemma="|he|" pos="PRP$" wid="34">his</w>
  <w id="35" lemma="|love|" pos="NN" wid="35">love</w>
  <w id="36" lemma="|.|" pos="." wid="36">.</w>
</sentence>
<sentence id="6">
  <w id="0" lemma="|the|" pos="DT" wid="0">The</w>
  <w id="1" lemma="|Church|" pos="NNP" wid="1">Church</w>
  <w id="2" lemma="|be|" pos="VBZ" wid="2">is</w>
  <w id="3" lemma="|catholic|" pos="JJ" wid="3">catholic</w>
  <w id="4" lemma="|,|" pos="," wid="4">,</w>
  <w id="5" lemma="|because|" pos="IN" wid="5">because</w>
  <w id="6" lemma="|the|" pos="DT" wid="6">the</w>
  <w id="7" lemma="|Gospel|" pos="NNP" wid="7">Gospel</w>
  <w id="8" lemma="|be|" pos="VBZ" wid="8">is</w>
  <w id="9" lemma="|destine|" pos="VBN" wid="9">destined</w>
  <w id="10" lemma="|for|" pos="IN" wid="10">for</w>
  <w id="11" lemma="|all|" pos="DT" wid="11">all</w>
  <w id="12" lemma="|people|" pos="NNS" wid="12">peoples</w>
  <w id="13" lemma="|,|" pos="," wid="13">,</w>
  <w id="14" lemma="|and|" pos="CC" wid="14">and</w>
  <w id="15" lemma="|for|" pos="IN" wid="15">for</w>
  <w id="16" lemma="|this|" pos="DT" wid="16">this</w>
  <w id="17" lemma="|,|" pos="," wid="17">,</w>
  <w id="18" lemma="|already|" pos="RB" wid="18">already</w>
  <w id="19" lemma="|at|" pos="IN" wid="19">at</w>
  <w id="20" lemma="|the|" pos="DT" wid="20">the</w>
  <w id="21" lemma="|beginning|" pos="NN" wid="21">beginning</w>
  <w id="22" lemma="|,|" pos="," wid="22">,</w>
  <w id="23" lemma="|the|" pos="DT" wid="23">the</w>
  <w id="24" lemma="|Holy|" pos="NNP" wid="24">Holy</w>
  <w id="25" lemma="|Spirit|" pos="NNP" wid="25">Spirit</w>
  <w id="26" lemma="|make|" pos="VBD" wid="26">made</w>
  <w id="27" lemma="|she|" pos="PRP" wid="27">her</w>
  <w id="28" lemma="|speak|" pos="VB" wid="28">speak</w>
  <w id="29" lemma="|all|" pos="DT" wid="29">all</w>
  <w id="30" lemma="|language|" pos="NNS" wid="30">languages</w>
  <w id="31" lemma="|.|" pos="." wid="31">.</w>
</sentence>
<sentence id="7">
  <w id="0" lemma="|the|" pos="DT" wid="0">The</w>
  <w id="1" lemma="|Church|" pos="NNP" wid="1">Church</w>
  <w id="2" lemma="|be|" pos="VBZ" wid="2">is</w>
  <w id="3" lemma="|apostolic|" pos="JJ" wid="3">apostolic</w>
  <w id="4" lemma="|,|" pos="," wid="4">,</w>
  <w id="5" lemma="|because|" pos="IN" wid="5">because</w>
  <w id="6" lemma="|,|" pos="," wid="6">,</w>
  <w id="7" lemma="|build|" pos="VBN" wid="7">built</w>
  <w id="8" lemma="|upon|" pos="IN" wid="8">upon</w>
  <w id="9" lemma="|the|" pos="DT" wid="9">the</w>
  <w id="10" lemma="|foundation|" pos="NN" wid="10">foundation</w>
  <w id="11" lemma="|of|" pos="IN" wid="11">of</w>
  <w id="12" lemma="|the|" pos="DT" wid="12">the</w>
  <w id="13" lemma="|Apostles|" pos="NNPS" wid="13">Apostles</w>
  <w id="14" lemma="|,|" pos="," wid="14">,</w>
  <w id="15" lemma="|she|" pos="PRP" wid="15">she</w>
  <w id="16" lemma="|faithfully|" pos="RB" wid="16">faithfully</w>
  <w id="17" lemma="|keep|" pos="VBZ" wid="17">keeps</w>
  <w id="18" lemma="|they|" pos="PRP$" wid="18">their</w>
  <w id="19" lemma="|teaching|" pos="NN" wid="19">teaching</w>
  <w id="20" lemma="|through|" pos="IN" wid="20">through</w>
  <w id="21" lemma="|the|" pos="DT" wid="21">the</w>
  <w id="22" lemma="|uninterrupted|" pos="JJ" wid="22">uninterrupted</w>
  <w id="23" lemma="|chain|" pos="NN" wid="23">chain</w>
  <w id="24" lemma="|of|" pos="IN" wid="24">of</w>
  <w id="25" lemma="|episcopal|" pos="JJ" wid="25">episcopal</w>
  <w id="26" lemma="|succession|" pos="NN" wid="26">succession</w>
  <w id="27" lemma="|.|" pos="." wid="27">.</w>
</sentence>
<sentence id="8">
  <w id="0" lemma="|what|" pos="WP" wid="0">What</w>
  <w id="1" lemma="|be|" pos="VBZ" wid="1">is</w>
  <w id="2" lemma="|more|" pos="JJR" wid="2">more</w>
  <w id="3" lemma="|,|" pos="," wid="3">,</w>
  <w id="4" lemma="|the|" pos="DT" wid="4">the</w>
  <w id="5" lemma="|Church|" pos="NNP" wid="5">Church</w>
  <w id="6" lemma="|by|" pos="IN" wid="6">by</w>
  <w id="7" lemma="|she|" pos="PRP$" wid="7">her</w>
  <w id="8" lemma="|nature|" pos="NN" wid="8">nature</w>
  <w id="9" lemma="|be|" pos="VBZ" wid="9">is</w>
  <w id="10" lemma="|missionary|" pos="JJ" wid="10">missionary</w>
  <w id="11" lemma="|,|" pos="," wid="11">,</w>
  <w id="12" lemma="|and|" pos="CC" wid="12">and</w>
  <w id="13" lemma="|from|" pos="IN" wid="13">from</w>
  <w id="14" lemma="|the|" pos="DT" wid="14">the</w>
  <w id="15" lemma="|day|" pos="NN" wid="15">day</w>
  <w id="16" lemma="|of|" pos="IN" wid="16">of</w>
  <w id="17" lemma="|Pentecost|" pos="NNP" wid="17">Pentecost</w>
  <w id="18" lemma="|the|" pos="DT" wid="18">the</w>
  <w id="19" lemma="|holy|" pos="JJ" wid="19">Holy</w>
  <w id="20" lemma="|spirit|" pos="NN" wid="20">Spirit</w>
  <w id="21" lemma="|do|" pos="VBZ" wid="21">does</w>
  <w id="22" lemma="|not|" pos="RB" wid="22">not</w>
  <w id="23" lemma="|cease|" pos="VB" wid="23">cease</w>
  <w id="24" lemma="|to|" pos="TO" wid="24">to</w>
  <w id="25" lemma="|move|" pos="VB" wid="25">move</w>
  <w id="26" lemma="|she|" pos="PRP" wid="26">her</w>
  <w id="27" lemma="|along|" pos="IN" wid="27">along</w>
  <w id="28" lemma="|the|" pos="DT" wid="28">the</w>
  <w id="29" lemma="|way|" pos="NNS" wid="29">ways</w>
  <w id="30" lemma="|of|" pos="IN" wid="30">of</w>
  <w id="31" lemma="|the|" pos="DT" wid="31">the</w>
  <w id="32" lemma="|world|" pos="NN" wid="32">world</w>
  <w id="33" lemma="|to|" pos="TO" wid="33">to</w>
  <w id="34" lemma="|the|" pos="DT" wid="34">the</w>
  <w id="35" lemma="|end|" pos="NNS" wid="35">ends</w>
  <w id="36" lemma="|of|" pos="IN" wid="36">of</w>
  <w id="37" lemma="|the|" pos="DT" wid="37">the</w>
  <w id="38" lemma="|earth|" pos="NN" wid="38">earth</w>
  <w id="39" lemma="|and|" pos="CC" wid="39">and</w>
  <w id="40" lemma="|to|" pos="TO" wid="40">to</w>
  <w id="41" lemma="|the|" pos="DT" wid="41">the</w>
  <w id="42" lemma="|end|" pos="NN" wid="42">end</w>
  <w id="43" lemma="|of|" pos="IN" wid="43">of</w>
  <w id="44" lemma="|time|" pos="NN" wid="44">time</w>
  <w id="45" lemma="|.|" pos="." wid="45">.</w>
</sentence>
<sentence id="9">
  <w id="0" lemma="|this|" pos="DT" wid="0">This</w>
  <w id="1" lemma="|reality|" pos="NN" wid="1">reality</w>
  <w id="2" lemma="|,|" pos="," wid="2">,</w>
  <w id="3" lemma="|which|" pos="WDT" wid="3">which</w>
  <w id="4" lemma="|we|" pos="PRP" wid="4">we</w>
  <w id="5" lemma="|can|" pos="MD" wid="5">can</w>
  <w id="6" lemma="|verify|" pos="VB" wid="6">verify</w>
  <w id="7" lemma="|in|" pos="IN" wid="7">in</w>
  <w id="8" lemma="|every|" pos="DT" wid="8">every</w>
  <w id="9" lemma="|epoch|" pos="NN" wid="9">epoch</w>
  <w id="10" lemma="|,|" pos="," wid="10">,</w>
  <w id="11" lemma="|be|" pos="VBZ" wid="11">is</w>
  <w id="12" lemma="|already|" pos="RB" wid="12">already</w>
  <w id="13" lemma="|anticipate|" pos="VBN" wid="13">anticipated</w>
  <w id="14" lemma="|in|" pos="IN" wid="14">in</w>
  <w id="15" lemma="|the|" pos="DT" wid="15">the</w>
  <w id="16" lemma="|Book|" pos="NNP" wid="16">Book</w>
  <w id="17" lemma="|of|" pos="IN" wid="17">of</w>
  <w id="18" lemma="|Acts|" pos="NNP" wid="18">Acts</w>
  <w id="19" lemma="|,|" pos="," wid="19">,</w>
  <w id="20" lemma="|where|" pos="WRB" wid="20">where</w>
  <w id="21" lemma="|the|" pos="DT" wid="21">the</w>
  <w id="22" lemma="|Gospel|" pos="NNP" wid="22">Gospel</w>
  <w id="23" lemma="|passage|" pos="NN" wid="23">passage</w>
  <w id="24" lemma="|from|" pos="IN" wid="24">from</w>
  <w id="25" lemma="|the|" pos="DT" wid="25">the</w>
  <w id="26" lemma="|Hebrews|" pos="NNPS" wid="26">Hebrews</w>
  <w id="27" lemma="|to|" pos="TO" wid="27">to</w>
  <w id="28" lemma="|the|" pos="DT" wid="28">the</w>
  <w id="29" lemma="|pagan|" pos="NNS" wid="29">pagans</w>
  <w id="30" lemma="|,|" pos="," wid="30">,</w>
  <w id="31" lemma="|from|" pos="IN" wid="31">from</w>
  <w id="32" lemma="|Jerusalem|" pos="NNP" wid="32">Jerusalem</w>
  <w id="33" lemma="|to|" pos="TO" wid="33">to</w>
  <w id="34" lemma="|Rome|" pos="NNP" wid="34">Rome</w>
  <w id="35" lemma="|,|" pos="," wid="35">,</w>
  <w id="36" lemma="|be|" pos="VBZ" wid="36">is</w>
  <w id="37" lemma="|describe|" pos="VBN" wid="37">described</w>
  <w id="38" lemma="|.|" pos="." wid="38">.</w>
</sentence>
<sentence id="10">
  <w id="0" lemma="|Rome|" pos="NNP" wid="0">Rome</w>
  <w id="1" lemma="|represent|" pos="VBZ" wid="1">represents</w>
  <w id="2" lemma="|the|" pos="DT" wid="2">the</w>
  <w id="3" lemma="|pagan|" pos="JJ" wid="3">pagan</w>
  <w id="4" lemma="|world|" pos="NN" wid="4">world</w>
  <w id="5" lemma="|,|" pos="," wid="5">,</w>
  <w id="6" lemma="|and|" pos="CC" wid="6">and</w>
  <w id="7" lemma="|hence|" pos="RB" wid="7">hence</w>
  <w id="8" lemma="|,|" pos="," wid="8">,</w>
  <w id="9" lemma="|all|" pos="DT" wid="9">all</w>
  <w id="10" lemma="|people|" pos="NNS" wid="10">people</w>
  <w id="11" lemma="|who|" pos="WP" wid="11">who</w>
  <w id="12" lemma="|be|" pos="VBP" wid="12">are</w>
  <w id="13" lemma="|outside|" pos="JJ" wid="13">outside</w>
  <w id="14" lemma="|of|" pos="IN" wid="14">of</w>
  <w id="15" lemma="|the|" pos="DT" wid="15">the</w>
  <w id="16" lemma="|ancient|" pos="JJ" wid="16">ancient</w>
  <w id="17" lemma="|People|" pos="NNP" wid="17">People</w>
  <w id="18" lemma="|of|" pos="IN" wid="18">of</w>
  <w id="19" lemma="|God|" pos="NNP" wid="19">God</w>
  <w id="20" lemma="|.|" pos="." wid="20">.</w>
</sentence>
<sentence id="11">
  <w id="0" lemma="|actually|" pos="RB" wid="0">Actually</w>
  <w id="1" lemma="|,|" pos="," wid="1">,</w>
  <w id="2" lemma="|act|" pos="NNS" wid="2">Acts</w>
  <w id="3" lemma="|conclude|" pos="VBZ" wid="3">concludes</w>
  <w id="4" lemma="|with|" pos="IN" wid="4">with</w>
  <w id="5" lemma="|the|" pos="DT" wid="5">the</w>
  <w id="6" lemma="|arrival|" pos="NN" wid="6">arrival</w>
  <w id="7" lemma="|of|" pos="IN" wid="7">of</w>
  <w id="8" lemma="|the|" pos="DT" wid="8">the</w>
  <w id="9" lemma="|Gospel|" pos="NNP" wid="9">Gospel</w>
  <w id="10" lemma="|to|" pos="TO" wid="10">to</w>
  <w id="11" lemma="|Rome|" pos="NNP" wid="11">Rome</w>
  <w id="12" lemma="|.|" pos="." wid="12">.</w>
</sentence>
<sentence id="12">
  <w id="0" lemma="|it|" pos="PRP" wid="0">It</w>
  <w id="1" lemma="|can|" pos="MD" wid="1">can</w>
  <w id="2" lemma="|be|" pos="VB" wid="2">be</w>
  <w id="3" lemma="|say|" pos="VBN" wid="3">said</w>
  <w id="4" lemma="|,|" pos="," wid="4">,</w>
  <w id="5" lemma="|then|" pos="RB" wid="5">then</w>
  <w id="6" lemma="|,|" pos="," wid="6">,</w>
  <w id="7" lemma="|that|" pos="IN" wid="7">that</w>
  <w id="8" lemma="|Rome|" pos="NNP" wid="8">Rome</w>
  <w id="9" lemma="|be|" pos="VBZ" wid="9">is</w>
  <w id="10" lemma="|the|" pos="DT" wid="10">the</w>
  <w id="11" lemma="|concrete|" pos="JJ" wid="11">concrete</w>
  <w id="12" lemma="|name|" pos="NN" wid="12">name</w>
  <w id="13" lemma="|of|" pos="IN" wid="13">of</w>
  <w id="14" lemma="|catholicity|" pos="NN" wid="14">catholicity</w>
  <w id="15" lemma="|and|" pos="CC" wid="15">and</w>
  <w id="16" lemma="|missionary|" pos="JJ" wid="16">missionary</w>
  <w id="17" lemma="|spirit|" pos="NN" wid="17">spirit</w>
  <w id="18" lemma="|,|" pos="," wid="18">,</w>
  <w id="19" lemma="|it|" pos="PRP" wid="19">it</w>
  <w id="20" lemma="|express|" pos="VBZ" wid="20">expresses</w>
  <w id="21" lemma="|fidelity|" pos="NN" wid="21">fidelity</w>
  <w id="22" lemma="|to|" pos="TO" wid="22">to</w>
  <w id="23" lemma="|the|" pos="DT" wid="23">the</w>
  <w id="24" lemma="|origin|" pos="NNS" wid="24">origins</w>
  <w id="25" lemma="|,|" pos="," wid="25">,</w>
  <w id="26" lemma="|to|" pos="TO" wid="26">to</w>
  <w id="27" lemma="|the|" pos="DT" wid="27">the</w>
  <w id="28" lemma="|Church|" pos="NNP" wid="28">Church</w>
  <w id="29" lemma="|of|" pos="IN" wid="29">of</w>
  <w id="30" lemma="|all|" pos="DT" wid="30">all</w>
  <w id="31" lemma="|time|" pos="NNS" wid="31">times</w>
  <w id="32" lemma="|,|" pos="," wid="32">,</w>
  <w id="33" lemma="|to|" pos="TO" wid="33">to</w>
  <w id="34" lemma="|a|" pos="DT" wid="34">a</w>
  <w id="35" lemma="|Church|" pos="NNP" wid="35">Church</w>
  <w id="36" lemma="|that|" pos="WDT" wid="36">that</w>
  <w id="37" lemma="|speak|" pos="VBZ" wid="37">speaks</w>
  <w id="38" lemma="|all|" pos="DT" wid="38">all</w>
  <w id="39" lemma="|language|" pos="NNS" wid="39">languages</w>
  <w id="40" lemma="|and|" pos="CC" wid="40">and</w>
  <w id="41" lemma="|extend|" pos="VBZ" wid="41">extends</w>
  <w id="42" lemma="|herself|" pos="PRP" wid="42">herself</w>
  <w id="43" lemma="|to|" pos="TO" wid="43">to</w>
  <w id="44" lemma="|all|" pos="DT" wid="44">all</w>
  <w id="45" lemma="|culture|" pos="NNS" wid="45">cultures</w>
  <w id="46" lemma="|.|" pos="." wid="46">.</w>
</sentence>
<sentence id="13">
  <w id="0" lemma="|Dear|" pos="NNP" wid="0">Dear</w>
  <w id="1" lemma="|brother|" pos="NNS" wid="1">brothers</w>
  <w id="2" lemma="|and|" pos="CC" wid="2">and</w>
  <w id="3" lemma="|sister|" pos="NNS" wid="3">sisters</w>
  <w id="4" lemma="|,|" pos="," wid="4">,</w>
  <w id="5" lemma="|the|" pos="DT" wid="5">the</w>
  <w id="6" lemma="|first|" pos="JJ" wid="6">first</w>
  <w id="7" lemma="|Pentecost|" pos="NNP" wid="7">Pentecost</w>
  <w id="8" lemma="|take|" pos="VBD" wid="8">took</w>
  <w id="9" lemma="|place|" pos="NN" wid="9">place</w>
  <w id="10" lemma="|when|" pos="WRB" wid="10">when</w>
  <w id="11" lemma="|Mary|" pos="NNP" wid="11">Mary</w>
  <w id="12" lemma="|Most|" pos="NNP" wid="12">Most</w>
  <w id="13" lemma="|Holy|" pos="NNP" wid="13">Holy</w>
  <w id="14" lemma="|be|" pos="VBD" wid="14">was</w>
  <w id="15" lemma="|present|" pos="JJ" wid="15">present</w>
  <w id="16" lemma="|amid|" pos="IN" wid="16">amid</w>
  <w id="17" lemma="|the|" pos="DT" wid="17">the</w>
  <w id="18" lemma="|disciple|" pos="NNS" wid="18">disciples</w>
  <w id="19" lemma="|in|" pos="IN" wid="19">in</w>
  <w id="20" lemma="|the|" pos="DT" wid="20">the</w>
  <w id="21" lemma="|Upper|" pos="NNP" wid="21">Upper</w>
  <w id="22" lemma="|Room|" pos="NNP" wid="22">Room</w>
  <w id="23" lemma="|in|" pos="IN" wid="23">in</w>
  <w id="24" lemma="|Jerusalem|" pos="NNP" wid="24">Jerusalem</w>
  <w id="25" lemma="|and|" pos="CC" wid="25">and</w>
  <w id="26" lemma="|pray|" pos="VBD" wid="26">prayed</w>
  <w id="27" lemma="|.|" pos="." wid="27">.</w>
</sentence>
<sentence id="14">
  <w id="0" lemma="|today|" pos="NN" wid="0">Today</w>
  <w id="1" lemma="|,|" pos="," wid="1">,</w>
  <w id="2" lemma="|too|" pos="RB" wid="2">too</w>
  <w id="3" lemma="|,|" pos="," wid="3">,</w>
  <w id="4" lemma="|let|" pos="VB" wid="4">let</w>
  <w id="5" lemma="|we|" pos="PRP" wid="5">us</w>
  <w id="6" lemma="|entrust|" pos="VB" wid="6">entrust</w>
  <w id="7" lemma="|ourselves|" pos="PRP" wid="7">ourselves</w>
  <w id="8" lemma="|to|" pos="TO" wid="8">to</w>
  <w id="9" lemma="|she|" pos="PRP$" wid="9">her</w>
  <w id="10" lemma="|maternal|" pos="JJ" wid="10">maternal</w>
  <w id="11" lemma="|intercession|" pos="NN" wid="11">intercession</w>
  <w id="12" lemma="|,|" pos="," wid="12">,</w>
  <w id="13" lemma="|so|" pos="IN" wid="13">so</w>
  <w id="14" lemma="|that|" pos="IN" wid="14">that</w>
  <w id="15" lemma="|the|" pos="DT" wid="15">the</w>
  <w id="16" lemma="|holy|" pos="JJ" wid="16">Holy</w>
  <w id="17" lemma="|spirit|" pos="NN" wid="17">Spirit</w>
  <w id="18" lemma="|may|" pos="MD" wid="18">may</w>
  <w id="19" lemma="|descend|" pos="VB" wid="19">descend</w>
  <w id="20" lemma="|in|" pos="IN" wid="20">in</w>
  <w id="21" lemma="|abundance|" pos="NN" wid="21">abundance</w>
  <w id="22" lemma="|upon|" pos="IN" wid="22">upon</w>
  <w id="23" lemma="|the|" pos="DT" wid="23">the</w>
  <w id="24" lemma="|Church|" pos="NNP" wid="24">Church</w>
  <w id="25" lemma="|in|" pos="IN" wid="25">in</w>
  <w id="26" lemma="|we|" pos="PRP$" wid="26">our</w>
  <w id="27" lemma="|day|" pos="NN" wid="27">day</w>
  <w id="28" lemma="|,|" pos="," wid="28">,</w>
  <w id="29" lemma="|fill|" pos="VBP" wid="29">fill</w>
  <w id="30" lemma="|the|" pos="DT" wid="30">the</w>
  <w id="31" lemma="|heart|" pos="NNS" wid="31">hearts</w>
  <w id="32" lemma="|of|" pos="IN" wid="32">of</w>
  <w id="33" lemma="|all|" pos="PDT" wid="33">all</w>
  <w id="34" lemma="|the|" pos="DT" wid="34">the</w>
  <w id="35" lemma="|faithful|" pos="NN" wid="35">faithful</w>
  <w id="36" lemma="|and|" pos="CC" wid="36">and</w>
  <w id="37" lemma="|enkindle|" pos="NN" wid="37">enkindle</w>
  <w id="38" lemma="|in|" pos="IN" wid="38">in</w>
  <w id="39" lemma="|they|" pos="PRP" wid="39">them</w>
  <w id="40" lemma="|the|" pos="DT" wid="40">the</w>
  <w id="41" lemma="|fire|" pos="NN" wid="41">fire</w>
  <w id="42" lemma="|of|" pos="IN" wid="42">of</w>
  <w id="43" lemma="|he|" pos="PRP$" wid="43">his</w>
  <w id="44" lemma="|love|" pos="NN" wid="44">love</w>
  <w id="45" lemma="|.|" pos="." wid="45">.</w>
</sentence>
<sentence id="15">
  <w id="0" lemma="|after|" pos="IN" wid="0">After</w>
  <w id="1" lemma="|the|" pos="DT" wid="1">the</w>
  <w id="2" lemma="|Regina|" pos="NNP" wid="2">Regina</w>
  <w id="3" lemma="|Caeli|" pos="NNP" wid="3">Caeli</w>
  <w id="4" lemma="|:|" pos=":" wid="4">:</w>
  <w id="5" lemma="|I|" pos="PRP" wid="5">I</w>
  <w id="6" lemma="|warmly|" pos="RB" wid="6">warmly</w>
  <w id="7" lemma="|greet|" pos="VB" wid="7">greet</w>
  <w id="8" lemma="|all|" pos="PDT" wid="8">all</w>
  <w id="9" lemma="|the|" pos="DT" wid="9">the</w>
  <w id="10" lemma="|english-speaking|" pos="JJ" wid="10">English-speaking</w>
  <w id="11" lemma="|pilgrim|" pos="NNS" wid="11">pilgrims</w>
  <w id="12" lemma="|who|" pos="WP" wid="12">who</w>
  <w id="13" lemma="|have|" pos="VBP" wid="13">have</w>
  <w id="14" lemma="|come|" pos="VBN" wid="14">come</w>
  <w id="15" lemma="|here|" pos="RB" wid="15">here</w>
  <w id="16" lemma="|today|" pos="NN" wid="16">today</w>
  <w id="17" lemma="|,|" pos="," wid="17">,</w>
  <w id="18" lemma="|especially|" pos="RB" wid="18">especially</w>
  <w id="19" lemma="|the|" pos="DT" wid="19">the</w>
  <w id="20" lemma="|family|" pos="NNS" wid="20">Families</w>
  <w id="21" lemma="|of|" pos="IN" wid="21">of</w>
  <w id="22" lemma="|Nazareth|" pos="NNP" wid="22">Nazareth</w>
  <w id="23" lemma="|and|" pos="CC" wid="23">and</w>
  <w id="24" lemma="|the|" pos="DT" wid="24">the</w>
  <w id="25" lemma="|member|" pos="NNS" wid="25">members</w>
  <w id="26" lemma="|of|" pos="IN" wid="26">of</w>
  <w id="27" lemma="|the|" pos="DT" wid="27">the</w>
  <w id="28" lemma="|military|" pos="JJ" wid="28">military</w>
  <w id="29" lemma="|community|" pos="NN" wid="29">community</w>
  <w id="30" lemma="|of|" pos="IN" wid="30">of</w>
  <w id="31" lemma="|Hohenfels|" pos="NNP" wid="31">Hohenfels</w>
  <w id="32" lemma="|,|" pos="," wid="32">,</w>
  <w id="33" lemma="|who|" pos="WP" wid="33">who</w>
  <w id="34" lemma="|be|" pos="VBP" wid="34">are</w>
  <w id="35" lemma="|make|" pos="VBG" wid="35">making</w>
  <w id="36" lemma="|they|" pos="PRP$" wid="36">their</w>
  <w id="37" lemma="|retreat|" pos="NN" wid="37">retreat</w>
  <w id="38" lemma="|in|" pos="IN" wid="38">in</w>
  <w id="39" lemma="|Rome|" pos="NNP" wid="39">Rome</w>
  <w id="40" lemma="|.|" pos="." wid="40">.</w>
</sentence>
<sentence id="16">
  <w id="0" lemma="|on|" pos="IN" wid="0">On</w>
  <w id="1" lemma="|this|" pos="DT" wid="1">this</w>
  <w id="2" lemma="|Pentecost|" pos="NNP" wid="2">Pentecost</w>
  <w id="3" lemma="|Sunday|" pos="NNP" wid="3">Sunday</w>
  <w id="4" lemma="|the|" pos="DT" wid="4">the</w>
  <w id="5" lemma="|whole|" pos="JJ" wid="5">whole</w>
  <w id="6" lemma="|Church|" pos="NNP" wid="6">Church</w>
  <w id="7" lemma="|give|" pos="VBZ" wid="7">gives</w>
  <w id="8" lemma="|thanks|" pos="NNS" wid="8">thanks</w>
  <w id="9" lemma="|for|" pos="IN" wid="9">for</w>
  <w id="10" lemma="|the|" pos="DT" wid="10">the</w>
  <w id="11" lemma="|gift|" pos="NN" wid="11">gift</w>
  <w id="12" lemma="|of|" pos="IN" wid="12">of</w>
  <w id="13" lemma="|the|" pos="DT" wid="13">the</w>
  <w id="14" lemma="|holy|" pos="JJ" wid="14">Holy</w>
  <w id="15" lemma="|spirit|" pos="NN" wid="15">Spirit</w>
  <w id="16" lemma="|send|" pos="VBN" wid="16">sent</w>
  <w id="17" lemma="|to|" pos="TO" wid="17">to</w>
  <w id="18" lemma="|the|" pos="DT" wid="18">the</w>
  <w id="19" lemma="|Apostles|" pos="NNPS" wid="19">Apostles</w>
  <w id="20" lemma="|.|" pos="." wid="20">.</w>
</sentence>
<sentence id="17">
  <w id="0" lemma="|may|" pos="MD" wid="0">May</w>
  <w id="1" lemma="|the|" pos="DT" wid="1">the</w>
  <w id="2" lemma="|same|" pos="JJ" wid="2">same</w>
  <w id="3" lemma="|spirit|" pos="NN" wid="3">Spirit</w>
  <w id="4" lemma="|pour|" pos="VBP" wid="4">pour</w>
  <w id="5" lemma="|out|" pos="RP" wid="5">out</w>
  <w id="6" lemma="|he|" pos="PRP$" wid="6">his</w>
  <w id="7" lemma="|gift|" pos="NNS" wid="7">gifts</w>
  <w id="8" lemma="|upon|" pos="IN" wid="8">upon</w>
  <w id="9" lemma="|all|" pos="DT" wid="9">all</w>
  <w id="10" lemma="|of|" pos="IN" wid="10">of</w>
  <w id="11" lemma="|you|" pos="PRP" wid="11">you</w>
  <w id="12" lemma="|,|" pos="," wid="12">,</w>
  <w id="13" lemma="|fill|" pos="VBG" wid="13">filling</w>
  <w id="14" lemma="|you|" pos="PRP$" wid="14">your</w>
  <w id="15" lemma="|heart|" pos="NNS" wid="15">hearts</w>
  <w id="16" lemma="|with|" pos="IN" wid="16">with</w>
  <w id="17" lemma="|love|" pos="NN" wid="17">love</w>
  <w id="18" lemma="|and|" pos="CC" wid="18">and</w>
  <w id="19" lemma="|strengthen|" pos="VBG" wid="19">strengthening</w>
  <w id="20" lemma="|you|" pos="PRP" wid="20">you</w>
  <w id="21" lemma="|to|" pos="TO" wid="21">to</w>
  <w id="22" lemma="|bear|" pos="VB" wid="22">bear</w>
  <w id="23" lemma="|witness|" pos="NN" wid="23">witness</w>
  <w id="24" lemma="|to|" pos="TO" wid="24">to</w>
  <w id="25" lemma="|the|" pos="DT" wid="25">the</w>
  <w id="26" lemma="|Gospel|" pos="NNP" wid="26">Gospel</w>
  <w id="27" lemma="|of|" pos="IN" wid="27">of</w>
  <w id="28" lemma="|Christ|" pos="NNP" wid="28">Christ</w>
  <w id="29" lemma="|.|" pos="." wid="29">.</w>
</sentence>
<sentence id="18">
  <w id="0" lemma="|May|" pos="NNP" wid="0">May</w>
  <w id="1" lemma="|God|" pos="NNP" wid="1">God</w>
  <w id="2" lemma="|bless|" pos="VB" wid="2">bless</w>
  <w id="3" lemma="|you|" pos="PRP" wid="3">you</w>
  <w id="4" lemma="|all|" pos="DT" wid="4">all</w>
  <w id="5" lemma="|!|" pos="." wid="5">!</w>
</sentence>
</corpus>