<corpus id="0">
<sentence id="0">
  <w id="0" lemma="|Dear|" pos="NNP" wid="0">Dear</w>
  <w id="1" lemma="|Brothers|" pos="NNPS" wid="1">Brothers</w>
  <w id="2" lemma="|and|" pos="CC" wid="2">and</w>
  <w id="3" lemma="|sister|" pos="NNS" wid="3">Sisters</w>
  <w id="4" lemma="|,|" pos="," wid="4">,</w>
  <w id="5" lemma="|thousand|" pos="NNS" wid="5">Thousands</w>
  <w id="6" lemma="|of|" pos="IN" wid="6">of</w>
  <w id="7" lemma="|young|" pos="JJ" wid="7">young</w>
  <w id="8" lemma="|people|" pos="NNS" wid="8">people</w>
  <w id="9" lemma="|be|" pos="VBP" wid="9">are</w>
  <w id="10" lemma="|about|" pos="IN" wid="10">about</w>
  <w id="11" lemma="|to|" pos="TO" wid="11">to</w>
  <w id="12" lemma="|leave|" pos="VB" wid="12">leave</w>
  <w id="13" lemma="|or|" pos="CC" wid="13">or</w>
  <w id="14" lemma="|have|" pos="VB" wid="14">have</w>
  <w id="15" lemma="|already|" pos="RB" wid="15">already</w>
  <w id="16" lemma="|set|" pos="VBN" wid="16">set</w>
  <w id="17" lemma="|out|" pos="RP" wid="17">out</w>
  <w id="18" lemma="|for|" pos="IN" wid="18">for</w>
  <w id="19" lemma="|Cologne|" pos="NNP" wid="19">Cologne</w>
  <w id="20" lemma="|for|" pos="IN" wid="20">for</w>
  <w id="21" lemma="|the|" pos="DT" wid="21">the</w>
  <w id="22" lemma="|20th|" pos="JJ" wid="22">20th</w>
  <w id="23" lemma="|World|" pos="NNP" wid="23">World</w>
  <w id="24" lemma="|Youth|" pos="NNP" wid="24">Youth</w>
  <w id="25" lemma="|Day|" pos="NNP" wid="25">Day</w>
  <w id="26" lemma="|,|" pos="," wid="26">,</w>
  <w id="27" lemma="|whose|" pos="WP$" wid="27">whose</w>
  <w id="28" lemma="|theme|" pos="NN" wid="28">theme</w>
  <w id="29" lemma="|,|" pos="," wid="29">,</w>
  <w id="30" lemma="|as|" pos="IN" wid="30">as</w>
  <w id="31" lemma="|you|" pos="PRP" wid="31">you</w>
  <w id="32" lemma="|know|" pos="VBP" wid="32">know</w>
  <w id="33" lemma="|,|" pos="," wid="33">,</w>
  <w id="34" lemma="|be|" pos="VBZ" wid="34">is</w>
  <w id="35" lemma="|:|" pos=":" wid="35">:</w>
  <w id="36" lemma="|''|" pos="''" wid="36">''</w>
  <w id="37" lemma="|we|" pos="PRP" wid="37">We</w>
  <w id="38" lemma="|have|" pos="VBP" wid="38">have</w>
  <w id="39" lemma="|come|" pos="VBN" wid="39">come</w>
  <w id="40" lemma="|to|" pos="TO" wid="40">to</w>
  <w id="41" lemma="|worship|" pos="NN" wid="41">worship</w>
  <w id="42" lemma="|he|" pos="PRP" wid="42">him</w>
  <w id="43" lemma="|''|" pos="''" wid="43">''</w>
  <w id="44" lemma="|-lrb-|" pos="-LRB-" wid="44">-LRB-</w>
  <w id="45" lemma="|mt|" pos="NN" wid="45">Mt</w>
  <w id="46" lemma="|2|" pos="CD" wid="46">2</w>
  <w id="47" lemma="|:|" pos=":" wid="47">:</w>
  <w id="48" lemma="|2|" pos="CD" wid="48">2</w>
  <w id="49" lemma="|-rrb-|" pos="-RRB-" wid="49">-RRB-</w>
  <w id="50" lemma="|.|" pos="." wid="50">.</w>
</sentence>
<sentence id="1">
  <w id="0" lemma="|one|" pos="CD" wid="0">One</w>
  <w id="1" lemma="|might|" pos="MD" wid="1">might</w>
  <w id="2" lemma="|say|" pos="VB" wid="2">say</w>
  <w id="3" lemma="|that|" pos="IN" wid="3">that</w>
  <w id="4" lemma="|the|" pos="DT" wid="4">the</w>
  <w id="5" lemma="|whole|" pos="JJ" wid="5">whole</w>
  <w id="6" lemma="|Church|" pos="NNP" wid="6">Church</w>
  <w id="7" lemma="|have|" pos="VBZ" wid="7">has</w>
  <w id="8" lemma="|be|" pos="VBN" wid="8">been</w>
  <w id="9" lemma="|spiritually|" pos="RB" wid="9">spiritually</w>
  <w id="10" lemma="|mobilize|" pos="VBN" wid="10">mobilized</w>
  <w id="11" lemma="|to|" pos="TO" wid="11">to</w>
  <w id="12" lemma="|live|" pos="VB" wid="12">live</w>
  <w id="13" lemma="|this|" pos="DT" wid="13">this</w>
  <w id="14" lemma="|extraordinary|" pos="JJ" wid="14">extraordinary</w>
  <w id="15" lemma="|event|" pos="NN" wid="15">event</w>
  <w id="16" lemma="|,|" pos="," wid="16">,</w>
  <w id="17" lemma="|look|" pos="VBG" wid="17">looking</w>
  <w id="18" lemma="|to|" pos="TO" wid="18">to</w>
  <w id="19" lemma="|the|" pos="DT" wid="19">the</w>
  <w id="20" lemma="|Magi|" pos="NNPS" wid="20">Magi</w>
  <w id="21" lemma="|as|" pos="IN" wid="21">as</w>
  <w id="22" lemma="|unique|" pos="JJ" wid="22">unique</w>
  <w id="23" lemma="|model|" pos="NNS" wid="23">models</w>
  <w id="24" lemma="|of|" pos="IN" wid="24">of</w>
  <w id="25" lemma="|people|" pos="NNS" wid="25">people</w>
  <w id="26" lemma="|seek|" pos="VBG" wid="26">seeking</w>
  <w id="27" lemma="|Christ|" pos="NNP" wid="27">Christ</w>
  <w id="28" lemma="|,|" pos="," wid="28">,</w>
  <w id="29" lemma="|before|" pos="IN" wid="29">before</w>
  <w id="30" lemma="|whom|" pos="WP" wid="30">whom</w>
  <w id="31" lemma="|to|" pos="TO" wid="31">to</w>
  <w id="32" lemma="|kneel|" pos="VB" wid="32">kneel</w>
  <w id="33" lemma="|in|" pos="IN" wid="33">in</w>
  <w id="34" lemma="|adoration|" pos="NN" wid="34">adoration</w>
  <w id="35" lemma="|.|" pos="." wid="35">.</w>
</sentence>
<sentence id="2">
  <w id="0" lemma="|but|" pos="CC" wid="0">But</w>
  <w id="1" lemma="|what|" pos="WP" wid="1">what</w>
  <w id="2" lemma="|do|" pos="VBZ" wid="2">does</w>
  <w id="3" lemma="|``|" pos="``" wid="3">``</w>
  <w id="4" lemma="|worship|" pos="NN" wid="4">worship</w>
  <w id="5" lemma="|''|" pos="''" wid="5">''</w>
  <w id="6" lemma="|mean|" pos="VB" wid="6">mean</w>
  <w id="7" lemma="|?|" pos="." wid="7">?</w>
</sentence>
<sentence id="3">
  <w id="0" lemma="|might|" pos="VB" wid="0">Might</w>
  <w id="1" lemma="|it|" pos="PRP" wid="1">it</w>
  <w id="2" lemma="|be|" pos="VB" wid="2">be</w>
  <w id="3" lemma="|a|" pos="DT" wid="3">an</w>
  <w id="4" lemma="|expression|" pos="NN" wid="4">expression</w>
  <w id="5" lemma="|of|" pos="IN" wid="5">of</w>
  <w id="6" lemma="|past|" pos="JJ" wid="6">past</w>
  <w id="7" lemma="|time|" pos="NNS" wid="7">times</w>
  <w id="8" lemma="|,|" pos="," wid="8">,</w>
  <w id="9" lemma="|meaningless|" pos="JJ" wid="9">meaningless</w>
  <w id="10" lemma="|to|" pos="TO" wid="10">to</w>
  <w id="11" lemma="|we|" pos="PRP$" wid="11">our</w>
  <w id="12" lemma="|contemporary|" pos="NNS" wid="12">contemporaries</w>
  <w id="13" lemma="|?|" pos="." wid="13">?</w>
</sentence>
<sentence id="4">
  <w id="0" lemma="|no|" pos="DT" wid="0">No</w>
  <w id="1" lemma="|!|" pos="." wid="1">!</w>
</sentence>
<sentence id="5">
  <w id="0" lemma="|a|" pos="DT" wid="0">A</w>
  <w id="1" lemma="|well-known|" pos="JJ" wid="1">well-known</w>
  <w id="2" lemma="|prayer|" pos="NN" wid="2">prayer</w>
  <w id="3" lemma="|that|" pos="IN" wid="3">that</w>
  <w id="4" lemma="|many|" pos="JJ" wid="4">many</w>
  <w id="5" lemma="|recite|" pos="VBP" wid="5">recite</w>
  <w id="6" lemma="|in|" pos="IN" wid="6">in</w>
  <w id="7" lemma="|the|" pos="DT" wid="7">the</w>
  <w id="8" lemma="|morning|" pos="NN" wid="8">morning</w>
  <w id="9" lemma="|and|" pos="CC" wid="9">and</w>
  <w id="10" lemma="|the|" pos="DT" wid="10">the</w>
  <w id="11" lemma="|evening|" pos="NN" wid="11">evening</w>
  <w id="12" lemma="|begin|" pos="VBZ" wid="12">begins</w>
  <w id="13" lemma="|precisely|" pos="RB" wid="13">precisely</w>
  <w id="14" lemma="|with|" pos="IN" wid="14">with</w>
  <w id="15" lemma="|these|" pos="DT" wid="15">these</w>
  <w id="16" lemma="|word|" pos="NNS" wid="16">words</w>
  <w id="17" lemma="|:|" pos=":" wid="17">:</w>
  <w id="18" lemma="|``|" pos="``" wid="18">``</w>
  <w id="19" lemma="|I|" pos="PRP" wid="19">I</w>
  <w id="20" lemma="|adore|" pos="VBP" wid="20">adore</w>
  <w id="21" lemma="|you|" pos="PRP" wid="21">you</w>
  <w id="22" lemma="|,|" pos="," wid="22">,</w>
  <w id="23" lemma="|my|" pos="PRP$" wid="23">my</w>
  <w id="24" lemma="|God|" pos="NNP" wid="24">God</w>
  <w id="25" lemma="|,|" pos="," wid="25">,</w>
  <w id="26" lemma="|and|" pos="CC" wid="26">and</w>
  <w id="27" lemma="|I|" pos="PRP" wid="27">I</w>
  <w id="28" lemma="|love|" pos="VBP" wid="28">love</w>
  <w id="29" lemma="|you|" pos="PRP" wid="29">you</w>
  <w id="30" lemma="|with|" pos="IN" wid="30">with</w>
  <w id="31" lemma="|all|" pos="DT" wid="31">all</w>
  <w id="32" lemma="|my|" pos="PRP$" wid="32">my</w>
  <w id="33" lemma="|heart|" pos="NN" wid="33">heart</w>
  <w id="34" lemma="|...|" pos=":" wid="34">...</w>
  <w id="35" lemma="|''|" pos="''" wid="35">''</w>
  <w id="36" lemma="|.|" pos="." wid="36">.</w>
</sentence>
<sentence id="6">
  <w id="0" lemma="|every|" pos="DT" wid="0">Every</w>
  <w id="1" lemma="|day|" pos="NN" wid="1">day</w>
  <w id="2" lemma="|,|" pos="," wid="2">,</w>
  <w id="3" lemma="|at|" pos="IN" wid="3">at</w>
  <w id="4" lemma="|sunrise|" pos="NN" wid="4">sunrise</w>
  <w id="5" lemma="|and|" pos="CC" wid="5">and</w>
  <w id="6" lemma="|sunset|" pos="NN" wid="6">sunset</w>
  <w id="7" lemma="|,|" pos="," wid="7">,</w>
  <w id="8" lemma="|believer|" pos="NNS" wid="8">believers</w>
  <w id="9" lemma="|renew|" pos="VBP" wid="9">renew</w>
  <w id="10" lemma="|they|" pos="PRP$" wid="10">their</w>
  <w id="11" lemma="|``|" pos="``" wid="11">``</w>
  <w id="12" lemma="|adoration|" pos="NN" wid="12">adoration</w>
  <w id="13" lemma="|''|" pos="''" wid="13">''</w>
  <w id="14" lemma="|or|" pos="CC" wid="14">or</w>
  <w id="15" lemma="|acknowledgement|" pos="NN" wid="15">acknowledgement</w>
  <w id="16" lemma="|of|" pos="IN" wid="16">of</w>
  <w id="17" lemma="|the|" pos="DT" wid="17">the</w>
  <w id="18" lemma="|presence|" pos="NN" wid="18">presence</w>
  <w id="19" lemma="|of|" pos="IN" wid="19">of</w>
  <w id="20" lemma="|God|" pos="NNP" wid="20">God</w>
  <w id="21" lemma="|,|" pos="," wid="21">,</w>
  <w id="22" lemma="|Creator|" pos="NNP" wid="22">Creator</w>
  <w id="23" lemma="|and|" pos="CC" wid="23">and</w>
  <w id="24" lemma="|Lord|" pos="NNP" wid="24">Lord</w>
  <w id="25" lemma="|of|" pos="IN" wid="25">of</w>
  <w id="26" lemma="|the|" pos="DT" wid="26">the</w>
  <w id="27" lemma="|universe|" pos="NN" wid="27">Universe</w>
  <w id="28" lemma="|.|" pos="." wid="28">.</w>
</sentence>
<sentence id="7">
  <w id="0" lemma="|this|" pos="DT" wid="0">This</w>
  <w id="1" lemma="|recognition|" pos="NN" wid="1">recognition</w>
  <w id="2" lemma="|be|" pos="VBZ" wid="2">is</w>
  <w id="3" lemma="|full|" pos="JJ" wid="3">full</w>
  <w id="4" lemma="|of|" pos="IN" wid="4">of</w>
  <w id="5" lemma="|gratitude|" pos="NN" wid="5">gratitude</w>
  <w id="6" lemma="|that|" pos="IN" wid="6">that</w>
  <w id="7" lemma="|well|" pos="NNS" wid="7">wells</w>
  <w id="8" lemma="|up|" pos="RB" wid="8">up</w>
  <w id="9" lemma="|from|" pos="IN" wid="9">from</w>
  <w id="10" lemma="|the|" pos="DT" wid="10">the</w>
  <w id="11" lemma="|depths|" pos="NNS" wid="11">depths</w>
  <w id="12" lemma="|of|" pos="IN" wid="12">of</w>
  <w id="13" lemma="|they|" pos="PRP$" wid="13">their</w>
  <w id="14" lemma="|heart|" pos="NN" wid="14">heart</w>
  <w id="15" lemma="|and|" pos="CC" wid="15">and</w>
  <w id="16" lemma="|flood|" pos="NNS" wid="16">floods</w>
  <w id="17" lemma="|they|" pos="PRP$" wid="17">their</w>
  <w id="18" lemma="|entire|" pos="JJ" wid="18">entire</w>
  <w id="19" lemma="|being|" pos="NN" wid="19">being</w>
  <w id="20" lemma="|,|" pos="," wid="20">,</w>
  <w id="21" lemma="|for|" pos="IN" wid="21">for</w>
  <w id="22" lemma="|it|" pos="PRP" wid="22">it</w>
  <w id="23" lemma="|be|" pos="VBZ" wid="23">is</w>
  <w id="24" lemma="|only|" pos="RB" wid="24">only</w>
  <w id="25" lemma="|by|" pos="IN" wid="25">by</w>
  <w id="26" lemma="|adore|" pos="VBG" wid="26">adoring</w>
  <w id="27" lemma="|and|" pos="CC" wid="27">and</w>
  <w id="28" lemma="|love|" pos="VBG" wid="28">loving</w>
  <w id="29" lemma="|God|" pos="NNP" wid="29">God</w>
  <w id="30" lemma="|above|" pos="IN" wid="30">above</w>
  <w id="31" lemma="|all|" pos="DT" wid="31">all</w>
  <w id="32" lemma="|thing|" pos="NNS" wid="32">things</w>
  <w id="33" lemma="|that|" pos="IN" wid="33">that</w>
  <w id="34" lemma="|human|" pos="JJ" wid="34">human</w>
  <w id="35" lemma="|being|" pos="NNS" wid="35">beings</w>
  <w id="36" lemma="|can|" pos="MD" wid="36">can</w>
  <w id="37" lemma="|totally|" pos="RB" wid="37">totally</w>
  <w id="38" lemma="|fulfil|" pos="VB" wid="38">fulfil</w>
  <w id="39" lemma="|themselves|" pos="PRP" wid="39">themselves</w>
  <w id="40" lemma="|.|" pos="." wid="40">.</w>
</sentence>
<sentence id="8">
  <w id="0" lemma="|the|" pos="DT" wid="0">The</w>
  <w id="1" lemma="|Magi|" pos="NNPS" wid="1">Magi</w>
  <w id="2" lemma="|adore|" pos="VBD" wid="2">adored</w>
  <w id="3" lemma="|the|" pos="DT" wid="3">the</w>
  <w id="4" lemma="|Child|" pos="NNP" wid="4">Child</w>
  <w id="5" lemma="|of|" pos="IN" wid="5">of</w>
  <w id="6" lemma="|Bethlehem|" pos="NNP" wid="6">Bethlehem</w>
  <w id="7" lemma="|,|" pos="," wid="7">,</w>
  <w id="8" lemma="|recognize|" pos="VBG" wid="8">recognizing</w>
  <w id="9" lemma="|he|" pos="PRP" wid="9">him</w>
  <w id="10" lemma="|as|" pos="IN" wid="10">as</w>
  <w id="11" lemma="|the|" pos="DT" wid="11">the</w>
  <w id="12" lemma="|promised|" pos="JJ" wid="12">promised</w>
  <w id="13" lemma="|Messiah|" pos="NNP" wid="13">Messiah</w>
  <w id="14" lemma="|,|" pos="," wid="14">,</w>
  <w id="15" lemma="|the|" pos="DT" wid="15">the</w>
  <w id="16" lemma="|only-begotten|" pos="JJ" wid="16">Only-begotten</w>
  <w id="17" lemma="|Son|" pos="NNP" wid="17">Son</w>
  <w id="18" lemma="|of|" pos="IN" wid="18">of</w>
  <w id="19" lemma="|the|" pos="DT" wid="19">the</w>
  <w id="20" lemma="|Father|" pos="NNP" wid="20">Father</w>
  <w id="21" lemma="|in|" pos="IN" wid="21">in</w>
  <w id="22" lemma="|whom|" pos="WP" wid="22">whom</w>
  <w id="23" lemma="|,|" pos="," wid="23">,</w>
  <w id="24" lemma="|as|" pos="IN" wid="24">as</w>
  <w id="25" lemma="|St|" pos="NNP" wid="25">St</w>
  <w id="26" lemma="|Paul|" pos="NNP" wid="26">Paul</w>
  <w id="27" lemma="|say|" pos="VBZ" wid="27">says</w>
  <w id="28" lemma="|,|" pos="," wid="28">,</w>
  <w id="29" lemma="|``|" pos="``" wid="29">``</w>
  <w id="30" lemma="|the|" pos="DT" wid="30">the</w>
  <w id="31" lemma="|fullness|" pos="NN" wid="31">fullness</w>
  <w id="32" lemma="|of|" pos="IN" wid="32">of</w>
  <w id="33" lemma="|the|" pos="DT" wid="33">the</w>
  <w id="34" lemma="|deity|" pos="NN" wid="34">deity</w>
  <w id="35" lemma="|reside|" pos="VBZ" wid="35">resides</w>
  <w id="36" lemma="|in|" pos="IN" wid="36">in</w>
  <w id="37" lemma="|bodily|" pos="JJ" wid="37">bodily</w>
  <w id="38" lemma="|form|" pos="NN" wid="38">form</w>
  <w id="39" lemma="|''|" pos="''" wid="39">''</w>
  <w id="40" lemma="|-lrb-|" pos="-LRB-" wid="40">-LRB-</w>
  <w id="41" lemma="|col|" pos="NN" wid="41">Col</w>
  <w id="42" lemma="|2|" pos="CD" wid="42">2</w>
  <w id="43" lemma="|:|" pos=":" wid="43">:</w>
  <w id="44" lemma="|9|" pos="CD" wid="44">9</w>
  <w id="45" lemma="|-rrb-|" pos="-RRB-" wid="45">-RRB-</w>
  <w id="46" lemma="|.|" pos="." wid="46">.</w>
</sentence>
<sentence id="9">
  <w id="0" lemma="|the|" pos="DT" wid="0">The</w>
  <w id="1" lemma="|disciple|" pos="NNS" wid="1">disciples</w>
  <w id="2" lemma="|Peter|" pos="NNP" wid="2">Peter</w>
  <w id="3" lemma="|,|" pos="," wid="3">,</w>
  <w id="4" lemma="|James|" pos="NNP" wid="4">James</w>
  <w id="5" lemma="|and|" pos="CC" wid="5">and</w>
  <w id="6" lemma="|John|" pos="NNP" wid="6">John</w>
  <w id="7" lemma="|,|" pos="," wid="7">,</w>
  <w id="8" lemma="|to|" pos="TO" wid="8">to</w>
  <w id="9" lemma="|whom|" pos="WP" wid="9">whom</w>
  <w id="10" lemma="|Jesus|" pos="NNP" wid="10">Jesus</w>
  <w id="11" lemma="|reveal|" pos="VBD" wid="11">revealed</w>
  <w id="12" lemma="|he|" pos="PRP$" wid="12">his</w>
  <w id="13" lemma="|divine|" pos="JJ" wid="13">divine</w>
  <w id="14" lemma="|glory|" pos="NN" wid="14">glory</w>
  <w id="15" lemma="|-|" pos=":" wid="15">-</w>
  <w id="16" lemma="|as|" pos="IN" wid="16">as</w>
  <w id="17" lemma="|the|" pos="DT" wid="17">the</w>
  <w id="18" lemma="|feast|" pos="NN" wid="18">feast</w>
  <w id="19" lemma="|of|" pos="IN" wid="19">of</w>
  <w id="20" lemma="|the|" pos="DT" wid="20">the</w>
  <w id="21" lemma="|transfiguration|" pos="NN" wid="21">Transfiguration</w>
  <w id="22" lemma="|celebrate|" pos="VBD" wid="22">celebrated</w>
  <w id="23" lemma="|yesterday|" pos="NN" wid="23">yesterday</w>
  <w id="24" lemma="|remind|" pos="VBZ" wid="24">reminds</w>
  <w id="25" lemma="|we|" pos="PRP" wid="25">us</w>
  <w id="26" lemma="|-|" pos=":" wid="26">-</w>
  <w id="27" lemma="|,|" pos="," wid="27">,</w>
  <w id="28" lemma="|predict|" pos="VBG" wid="28">predicting</w>
  <w id="29" lemma="|he|" pos="PRP$" wid="29">his</w>
  <w id="30" lemma="|definitive|" pos="JJ" wid="30">definitive</w>
  <w id="31" lemma="|victory|" pos="NN" wid="31">victory</w>
  <w id="32" lemma="|over|" pos="IN" wid="32">over</w>
  <w id="33" lemma="|death|" pos="NN" wid="33">death</w>
  <w id="34" lemma="|,|" pos="," wid="34">,</w>
  <w id="35" lemma="|experienced|" pos="JJ" wid="35">experienced</w>
  <w id="36" lemma="|something|" pos="NN" wid="36">something</w>
  <w id="37" lemma="|similar|" pos="JJ" wid="37">similar</w>
  <w id="38" lemma="|on|" pos="IN" wid="38">on</w>
  <w id="39" lemma="|Mount|" pos="NNP" wid="39">Mount</w>
  <w id="40" lemma="|Tabor|" pos="NNP" wid="40">Tabor</w>
  <w id="41" lemma="|.|" pos="." wid="41">.</w>
</sentence>
<sentence id="10">
  <w id="0" lemma="|subsequently|" pos="RB" wid="0">Subsequently</w>
  <w id="1" lemma="|,|" pos="," wid="1">,</w>
  <w id="2" lemma="|with|" pos="IN" wid="2">with</w>
  <w id="3" lemma="|Easter|" pos="NNP" wid="3">Easter</w>
  <w id="4" lemma="|,|" pos="," wid="4">,</w>
  <w id="5" lemma="|the|" pos="DT" wid="5">the</w>
  <w id="6" lemma="|crucify|" pos="VBN" wid="6">crucified</w>
  <w id="7" lemma="|and|" pos="CC" wid="7">and</w>
  <w id="8" lemma="|Risen|" pos="NNP" wid="8">Risen</w>
  <w id="9" lemma="|Christ|" pos="NNP" wid="9">Christ</w>
  <w id="10" lemma="|be|" pos="VBD" wid="10">was</w>
  <w id="11" lemma="|fully|" pos="RB" wid="11">fully</w>
  <w id="12" lemma="|to|" pos="TO" wid="12">to</w>
  <w id="13" lemma="|manifest|" pos="VB" wid="13">manifest</w>
  <w id="14" lemma="|he|" pos="PRP$" wid="14">his</w>
  <w id="15" lemma="|divinity|" pos="NN" wid="15">divinity</w>
  <w id="16" lemma="|and|" pos="CC" wid="16">and</w>
  <w id="17" lemma="|offer|" pos="NN" wid="17">offer</w>
  <w id="18" lemma="|to|" pos="TO" wid="18">to</w>
  <w id="19" lemma="|all|" pos="DT" wid="19">all</w>
  <w id="20" lemma="|man|" pos="NNS" wid="20">men</w>
  <w id="21" lemma="|and|" pos="CC" wid="21">and</w>
  <w id="22" lemma="|woman|" pos="NNS" wid="22">women</w>
  <w id="23" lemma="|the|" pos="DT" wid="23">the</w>
  <w id="24" lemma="|gift|" pos="NN" wid="24">gift</w>
  <w id="25" lemma="|of|" pos="IN" wid="25">of</w>
  <w id="26" lemma="|he|" pos="PRP$" wid="26">his</w>
  <w id="27" lemma="|redeeming|" pos="JJ" wid="27">redeeming</w>
  <w id="28" lemma="|love|" pos="NN" wid="28">love</w>
  <w id="29" lemma="|.|" pos="." wid="29">.</w>
</sentence>
<sentence id="11">
  <w id="0" lemma="|Saints|" pos="NNP" wid="0">Saints</w>
  <w id="1" lemma="|be|" pos="VBP" wid="1">are</w>
  <w id="2" lemma="|those|" pos="DT" wid="2">those</w>
  <w id="3" lemma="|who|" pos="WP" wid="3">who</w>
  <w id="4" lemma="|accept|" pos="VBD" wid="4">accepted</w>
  <w id="5" lemma="|this|" pos="DT" wid="5">this</w>
  <w id="6" lemma="|gift|" pos="NN" wid="6">gift</w>
  <w id="7" lemma="|and|" pos="CC" wid="7">and</w>
  <w id="8" lemma="|become|" pos="VBD" wid="8">became</w>
  <w id="9" lemma="|true|" pos="JJ" wid="9">true</w>
  <w id="10" lemma="|worshipper|" pos="NNS" wid="10">worshippers</w>
  <w id="11" lemma="|of|" pos="IN" wid="11">of</w>
  <w id="12" lemma="|the|" pos="DT" wid="12">the</w>
  <w id="13" lemma="|living|" pos="NN" wid="13">living</w>
  <w id="14" lemma="|God|" pos="NNP" wid="14">God</w>
  <w id="15" lemma="|,|" pos="," wid="15">,</w>
  <w id="16" lemma="|love|" pos="VBG" wid="16">loving</w>
  <w id="17" lemma="|he|" pos="PRP" wid="17">him</w>
  <w id="18" lemma="|without|" pos="IN" wid="18">without</w>
  <w id="19" lemma="|reserve|" pos="NN" wid="19">reserve</w>
  <w id="20" lemma="|at|" pos="IN" wid="20">at</w>
  <w id="21" lemma="|every|" pos="DT" wid="21">every</w>
  <w id="22" lemma="|moment|" pos="NN" wid="22">moment</w>
  <w id="23" lemma="|of|" pos="IN" wid="23">of</w>
  <w id="24" lemma="|they|" pos="PRP$" wid="24">their</w>
  <w id="25" lemma="|life|" pos="NNS" wid="25">lives</w>
  <w id="26" lemma="|.|" pos="." wid="26">.</w>
</sentence>
<sentence id="12">
  <w id="0" lemma="|with|" pos="IN" wid="0">With</w>
  <w id="1" lemma="|the|" pos="DT" wid="1">the</w>
  <w id="2" lemma="|forthcoming|" pos="JJ" wid="2">forthcoming</w>
  <w id="3" lemma="|meeting|" pos="NN" wid="3">meeting</w>
  <w id="4" lemma="|in|" pos="IN" wid="4">in</w>
  <w id="5" lemma="|Cologne|" pos="NNP" wid="5">Cologne</w>
  <w id="6" lemma="|,|" pos="," wid="6">,</w>
  <w id="7" lemma="|the|" pos="DT" wid="7">the</w>
  <w id="8" lemma="|Church|" pos="NNP" wid="8">Church</w>
  <w id="9" lemma="|want|" pos="VBZ" wid="9">wants</w>
  <w id="10" lemma="|once|" pos="RB" wid="10">once</w>
  <w id="11" lemma="|again|" pos="RB" wid="11">again</w>
  <w id="12" lemma="|to|" pos="TO" wid="12">to</w>
  <w id="13" lemma="|present|" pos="VB" wid="13">present</w>
  <w id="14" lemma="|this|" pos="DT" wid="14">this</w>
  <w id="15" lemma="|holiness|" pos="NN" wid="15">holiness</w>
  <w id="16" lemma="|,|" pos="," wid="16">,</w>
  <w id="17" lemma="|the|" pos="DT" wid="17">the</w>
  <w id="18" lemma="|peak|" pos="NN" wid="18">peak</w>
  <w id="19" lemma="|of|" pos="IN" wid="19">of</w>
  <w id="20" lemma="|love|" pos="NN" wid="20">love</w>
  <w id="21" lemma="|,|" pos="," wid="21">,</w>
  <w id="22" lemma="|to|" pos="TO" wid="22">to</w>
  <w id="23" lemma="|all|" pos="PDT" wid="23">all</w>
  <w id="24" lemma="|the|" pos="DT" wid="24">the</w>
  <w id="25" lemma="|young|" pos="JJ" wid="25">young</w>
  <w id="26" lemma="|people|" pos="NNS" wid="26">people</w>
  <w id="27" lemma="|of|" pos="IN" wid="27">of</w>
  <w id="28" lemma="|the|" pos="DT" wid="28">the</w>
  <w id="29" lemma="|Third|" pos="NNP" wid="29">Third</w>
  <w id="30" lemma="|Millennium|" pos="NNP" wid="30">Millennium</w>
  <w id="31" lemma="|.|" pos="." wid="31">.</w>
</sentence>
<sentence id="13">
  <w id="0" lemma="|who|" pos="WP" wid="0">Who</w>
  <w id="1" lemma="|can|" pos="MD" wid="1">can</w>
  <w id="2" lemma="|accompany|" pos="VB" wid="2">accompany</w>
  <w id="3" lemma="|we|" pos="PRP" wid="3">us</w>
  <w id="4" lemma="|better|" pos="RBR" wid="4">better</w>
  <w id="5" lemma="|on|" pos="IN" wid="5">on</w>
  <w id="6" lemma="|this|" pos="DT" wid="6">this</w>
  <w id="7" lemma="|demand|" pos="VBG" wid="7">demanding</w>
  <w id="8" lemma="|journey|" pos="NN" wid="8">journey</w>
  <w id="9" lemma="|of|" pos="IN" wid="9">of</w>
  <w id="10" lemma="|holiness|" pos="NN" wid="10">holiness</w>
  <w id="11" lemma="|than|" pos="IN" wid="11">than</w>
  <w id="12" lemma="|Mary|" pos="NNP" wid="12">Mary</w>
  <w id="13" lemma="|?|" pos="." wid="13">?</w>
</sentence>
<sentence id="14">
  <w id="0" lemma="|who|" pos="WP" wid="0">Who</w>
  <w id="1" lemma="|can|" pos="MD" wid="1">can</w>
  <w id="2" lemma="|teach|" pos="VB" wid="2">teach</w>
  <w id="3" lemma="|we|" pos="PRP" wid="3">us</w>
  <w id="4" lemma="|to|" pos="TO" wid="4">to</w>
  <w id="5" lemma="|adore|" pos="VB" wid="5">adore</w>
  <w id="6" lemma="|Christ|" pos="NNP" wid="6">Christ</w>
  <w id="7" lemma="|better|" pos="RBR" wid="7">better</w>
  <w id="8" lemma="|than|" pos="IN" wid="8">than</w>
  <w id="9" lemma="|she|" pos="PRP" wid="9">she</w>
  <w id="10" lemma="|?|" pos="." wid="10">?</w>
</sentence>
<sentence id="15">
  <w id="0" lemma="|may|" pos="MD" wid="0">May</w>
  <w id="1" lemma="|she|" pos="PRP" wid="1">she</w>
  <w id="2" lemma="|help|" pos="VB" wid="2">help</w>
  <w id="3" lemma="|especially|" pos="RB" wid="3">especially</w>
  <w id="4" lemma="|the|" pos="DT" wid="4">the</w>
  <w id="5" lemma="|new|" pos="JJ" wid="5">new</w>
  <w id="6" lemma="|generation|" pos="NNS" wid="6">generations</w>
  <w id="7" lemma="|to|" pos="TO" wid="7">to</w>
  <w id="8" lemma="|recognize|" pos="VB" wid="8">recognize</w>
  <w id="9" lemma="|the|" pos="DT" wid="9">the</w>
  <w id="10" lemma="|true|" pos="JJ" wid="10">true</w>
  <w id="11" lemma="|face|" pos="NN" wid="11">face</w>
  <w id="12" lemma="|of|" pos="IN" wid="12">of</w>
  <w id="13" lemma="|God|" pos="NNP" wid="13">God</w>
  <w id="14" lemma="|in|" pos="IN" wid="14">in</w>
  <w id="15" lemma="|Christ|" pos="NNP" wid="15">Christ</w>
  <w id="16" lemma="|and|" pos="CC" wid="16">and</w>
  <w id="17" lemma="|to|" pos="TO" wid="17">to</w>
  <w id="18" lemma="|worship|" pos="NN" wid="18">worship</w>
  <w id="19" lemma="|,|" pos="," wid="19">,</w>
  <w id="20" lemma="|love|" pos="NN" wid="20">love</w>
  <w id="21" lemma="|and|" pos="CC" wid="21">and</w>
  <w id="22" lemma="|serve|" pos="VB" wid="22">serve</w>
  <w id="23" lemma="|he|" pos="PRP" wid="23">him</w>
  <w id="24" lemma="|with|" pos="IN" wid="24">with</w>
  <w id="25" lemma="|total|" pos="JJ" wid="25">total</w>
  <w id="26" lemma="|dedication|" pos="NN" wid="26">dedication</w>
  <w id="27" lemma="|.|" pos="." wid="27">.</w>
</sentence>
<sentence id="16">
  <w id="0" lemma="|after|" pos="IN" wid="0">After</w>
  <w id="1" lemma="|the|" pos="DT" wid="1">the</w>
  <w id="2" lemma="|angelus|" pos="NN" wid="2">Angelus</w>
  <w id="3" lemma="|before|" pos="IN" wid="3">Before</w>
  <w id="4" lemma="|greet|" pos="VBG" wid="4">greeting</w>
  <w id="5" lemma="|the|" pos="DT" wid="5">the</w>
  <w id="6" lemma="|pilgrim|" pos="NNS" wid="6">pilgrims</w>
  <w id="7" lemma="|present|" pos="JJ" wid="7">present</w>
  <w id="8" lemma="|,|" pos="," wid="8">,</w>
  <w id="9" lemma="|I|" pos="PRP" wid="9">I</w>
  <w id="10" lemma="|would|" pos="MD" wid="10">would</w>
  <w id="11" lemma="|like|" pos="VB" wid="11">like</w>
  <w id="12" lemma="|to|" pos="TO" wid="12">to</w>
  <w id="13" lemma="|express|" pos="VB" wid="13">express</w>
  <w id="14" lemma="|my|" pos="PRP$" wid="14">my</w>
  <w id="15" lemma="|condolence|" pos="NNS" wid="15">condolences</w>
  <w id="16" lemma="|to|" pos="TO" wid="16">to</w>
  <w id="17" lemma="|the|" pos="DT" wid="17">the</w>
  <w id="18" lemma="|relative|" pos="NNS" wid="18">relatives</w>
  <w id="19" lemma="|of|" pos="IN" wid="19">of</w>
  <w id="20" lemma="|the|" pos="DT" wid="20">the</w>
  <w id="21" lemma="|victim|" pos="NNS" wid="21">victims</w>
  <w id="22" lemma="|of|" pos="IN" wid="22">of</w>
  <w id="23" lemma="|yesterday|" pos="NN" wid="23">yesterday</w>
  <w id="24" lemma="|'s|" pos="POS" wid="24">'s</w>
  <w id="25" lemma="|plane|" pos="NN" wid="25">plane</w>
  <w id="26" lemma="|crash|" pos="NN" wid="26">crash</w>
  <w id="27" lemma="|in|" pos="IN" wid="27">in</w>
  <w id="28" lemma="|Southern|" pos="NNP" wid="28">Southern</w>
  <w id="29" lemma="|Italy|" pos="NNP" wid="29">Italy</w>
  <w id="30" lemma="|.|" pos="." wid="30">.</w>
</sentence>
<sentence id="17">
  <w id="0" lemma="|I|" pos="PRP" wid="0">I</w>
  <w id="1" lemma="|be|" pos="VBP" wid="1">am</w>
  <w id="2" lemma="|pray|" pos="VBG" wid="2">praying</w>
  <w id="3" lemma="|for|" pos="IN" wid="3">for</w>
  <w id="4" lemma="|the|" pos="DT" wid="4">the</w>
  <w id="5" lemma="|victim|" pos="NNS" wid="5">victims</w>
  <w id="6" lemma="|and|" pos="CC" wid="6">and</w>
  <w id="7" lemma="|the|" pos="DT" wid="7">the</w>
  <w id="8" lemma="|injured|" pos="JJ" wid="8">injured</w>
  <w id="9" lemma="|,|" pos="," wid="9">,</w>
  <w id="10" lemma="|who|" pos="WP" wid="10">who</w>
  <w id="11" lemma="|come|" pos="VBP" wid="11">come</w>
  <w id="12" lemma="|mainly|" pos="RB" wid="12">mainly</w>
  <w id="13" lemma="|from|" pos="IN" wid="13">from</w>
  <w id="14" lemma="|Bari|" pos="NNP" wid="14">Bari</w>
  <w id="15" lemma="|and|" pos="CC" wid="15">and</w>
  <w id="16" lemma="|the|" pos="DT" wid="16">the</w>
  <w id="17" lemma="|surrounding|" pos="JJ" wid="17">surrounding</w>
  <w id="18" lemma="|area|" pos="NN" wid="18">area</w>
  <w id="19" lemma="|.|" pos="." wid="19">.</w>
</sentence>
<sentence id="18">
  <w id="0" lemma="|I|" pos="PRP" wid="0">I</w>
  <w id="1" lemma="|share|" pos="VBP" wid="1">share</w>
  <w id="2" lemma="|in|" pos="IN" wid="2">in</w>
  <w id="3" lemma="|the|" pos="DT" wid="3">the</w>
  <w id="4" lemma="|mourning|" pos="NN" wid="4">mourning</w>
  <w id="5" lemma="|of|" pos="IN" wid="5">of</w>
  <w id="6" lemma="|the|" pos="DT" wid="6">the</w>
  <w id="7" lemma="|family|" pos="NNS" wid="7">families</w>
  <w id="8" lemma="|and|" pos="CC" wid="8">and</w>
  <w id="9" lemma="|of|" pos="IN" wid="9">of</w>
  <w id="10" lemma="|the|" pos="DT" wid="10">the</w>
  <w id="11" lemma="|entire|" pos="JJ" wid="11">entire</w>
  <w id="12" lemma="|ecclesial|" pos="JJ" wid="12">ecclesial</w>
  <w id="13" lemma="|and|" pos="CC" wid="13">and</w>
  <w id="14" lemma="|civil|" pos="JJ" wid="14">civil</w>
  <w id="15" lemma="|community|" pos="NN" wid="15">community</w>
  <w id="16" lemma="|of|" pos="IN" wid="16">of</w>
  <w id="17" lemma="|that|" pos="DT" wid="17">that</w>
  <w id="18" lemma="|city|" pos="NN" wid="18">city</w>
  <w id="19" lemma="|which|" pos="WDT" wid="19">which</w>
  <w id="20" lemma="|I|" pos="PRP" wid="20">I</w>
  <w id="21" lemma="|visit|" pos="VBD" wid="21">visited</w>
  <w id="22" lemma="|a|" pos="DT" wid="22">a</w>
  <w id="23" lemma="|short|" pos="JJ" wid="23">short</w>
  <w id="24" lemma="|time|" pos="NN" wid="24">time</w>
  <w id="25" lemma="|ago|" pos="RB" wid="25">ago</w>
  <w id="26" lemma="|on|" pos="IN" wid="26">on</w>
  <w id="27" lemma="|the|" pos="DT" wid="27">the</w>
  <w id="28" lemma="|occasion|" pos="NN" wid="28">occasion</w>
  <w id="29" lemma="|of|" pos="IN" wid="29">of</w>
  <w id="30" lemma="|the|" pos="DT" wid="30">the</w>
  <w id="31" lemma="|National|" pos="NNP" wid="31">National</w>
  <w id="32" lemma="|Eucharistic|" pos="NNP" wid="32">Eucharistic</w>
  <w id="33" lemma="|Congress|" pos="NNP" wid="33">Congress</w>
  <w id="34" lemma="|.|" pos="." wid="34">.</w>
</sentence>
<sentence id="19">
  <w id="0" lemma="|May|" pos="NNP" wid="0">May</w>
  <w id="1" lemma="|Christ|" pos="NNP" wid="1">Christ</w>
  <w id="2" lemma="|,|" pos="," wid="2">,</w>
  <w id="3" lemma="|who|" pos="WP" wid="3">who</w>
  <w id="4" lemma="|die|" pos="VBD" wid="4">died</w>
  <w id="5" lemma="|and|" pos="CC" wid="5">and</w>
  <w id="6" lemma="|rise|" pos="VBD" wid="6">rose</w>
  <w id="7" lemma="|,|" pos="," wid="7">,</w>
  <w id="8" lemma="|imbue|" pos="JJ" wid="8">imbue</w>
  <w id="9" lemma="|comfort|" pos="NN" wid="9">comfort</w>
  <w id="10" lemma="|and|" pos="CC" wid="10">and</w>
  <w id="11" lemma="|hope|" pos="NN" wid="11">hope</w>
  <w id="12" lemma="|in|" pos="IN" wid="12">in</w>
  <w id="13" lemma="|everyone|" pos="NN" wid="13">everyone</w>
  <w id="14" lemma="|.|" pos="." wid="14">.</w>
</sentence>
<sentence id="20">
  <w id="0" lemma="|I|" pos="PRP" wid="0">I</w>
  <w id="1" lemma="|offer|" pos="VBP" wid="1">offer</w>
  <w id="2" lemma="|a|" pos="DT" wid="2">a</w>
  <w id="3" lemma="|cordial|" pos="JJ" wid="3">cordial</w>
  <w id="4" lemma="|greet|" pos="VBG" wid="4">greeting</w>
  <w id="5" lemma="|to|" pos="TO" wid="5">to</w>
  <w id="6" lemma="|the|" pos="DT" wid="6">the</w>
  <w id="7" lemma="|english-speaking|" pos="JJ" wid="7">English-speaking</w>
  <w id="8" lemma="|pilgrim|" pos="NNS" wid="8">pilgrims</w>
  <w id="9" lemma="|and|" pos="CC" wid="9">and</w>
  <w id="10" lemma="|visitor|" pos="NNS" wid="10">visitors</w>
  <w id="11" lemma="|gather|" pos="VBN" wid="11">gathered</w>
  <w id="12" lemma="|for|" pos="IN" wid="12">for</w>
  <w id="13" lemma="|this|" pos="DT" wid="13">this</w>
  <w id="14" lemma="|angelus|" pos="JJ" wid="14">Angelus</w>
  <w id="15" lemma="|prayer|" pos="NN" wid="15">prayer</w>
  <w id="16" lemma="|.|" pos="." wid="16">.</w>
</sentence>
<sentence id="21">
  <w id="0" lemma="|with|" pos="IN" wid="0">With</w>
  <w id="1" lemma="|great|" pos="JJ" wid="1">great</w>
  <w id="2" lemma="|affection|" pos="NN" wid="2">affection</w>
  <w id="3" lemma="|I|" pos="PRP" wid="3">I</w>
  <w id="4" lemma="|invoke|" pos="VBP" wid="4">invoke</w>
  <w id="5" lemma="|upon|" pos="IN" wid="5">upon</w>
  <w id="6" lemma="|you|" pos="PRP" wid="6">you</w>
  <w id="7" lemma="|and|" pos="CC" wid="7">and</w>
  <w id="8" lemma="|you|" pos="PRP$" wid="8">your</w>
  <w id="9" lemma="|family|" pos="NNS" wid="9">families</w>
  <w id="10" lemma="|a|" pos="DT" wid="10">an</w>
  <w id="11" lemma="|abundance|" pos="NN" wid="11">abundance</w>
  <w id="12" lemma="|of|" pos="IN" wid="12">of</w>
  <w id="13" lemma="|joy|" pos="NN" wid="13">joy</w>
  <w id="14" lemma="|and|" pos="CC" wid="14">and</w>
  <w id="15" lemma="|peace|" pos="NN" wid="15">peace</w>
  <w id="16" lemma="|in|" pos="IN" wid="16">in</w>
  <w id="17" lemma="|we|" pos="PRP$" wid="17">our</w>
  <w id="18" lemma="|Lord|" pos="NNP" wid="18">Lord</w>
  <w id="19" lemma="|Jesus|" pos="NNP" wid="19">Jesus</w>
  <w id="20" lemma="|Christ|" pos="NNP" wid="20">Christ</w>
  <w id="21" lemma="|.|" pos="." wid="21">.</w>
</sentence>
<sentence id="22">
  <w id="0" lemma="|I|" pos="PRP" wid="0">I</w>
  <w id="1" lemma="|wish|" pos="VBP" wid="1">wish</w>
  <w id="2" lemma="|you|" pos="PRP" wid="2">you</w>
  <w id="3" lemma="|all|" pos="PDT" wid="3">all</w>
  <w id="4" lemma="|a|" pos="DT" wid="4">a</w>
  <w id="5" lemma="|good|" pos="JJ" wid="5">good</w>
  <w id="6" lemma="|Sunday|" pos="NNP" wid="6">Sunday</w>
  <w id="7" lemma="|and|" pos="CC" wid="7">and</w>
  <w id="8" lemma="|a|" pos="DT" wid="8">a</w>
  <w id="9" lemma="|good|" pos="JJ" wid="9">good</w>
  <w id="10" lemma="|week|" pos="NN" wid="10">week</w>
  <w id="11" lemma="|!|" pos="." wid="11">!</w>
</sentence>
<sentence id="23">
  <w id="0" lemma="|thank|" pos="VB" wid="0">Thank</w>
  <w id="1" lemma="|you|" pos="PRP" wid="1">you</w>
  <w id="2" lemma="|for|" pos="IN" wid="2">for</w>
  <w id="3" lemma="|you|" pos="PRP$" wid="3">your</w>
  <w id="4" lemma="|affection|" pos="NN" wid="4">affection</w>
  <w id="5" lemma="|.|" pos="." wid="5">.</w>
</sentence>
<sentence id="24">
  <w id="0" lemma="|thank|" pos="VB" wid="0">Thank</w>
  <w id="1" lemma="|you|" pos="PRP" wid="1">you</w>
  <w id="2" lemma="|!|" pos="." wid="2">!</w>
</sentence>
</corpus>