<corpus id="0">
<sentence id="0">
  <w id="0" lemma="|Dear|" pos="NNP" wid="0">Dear</w>
  <w id="1" lemma="|Brothers|" pos="NNPS" wid="1">Brothers</w>
  <w id="2" lemma="|and|" pos="CC" wid="2">and</w>
  <w id="3" lemma="|sister|" pos="NNS" wid="3">Sisters</w>
  <w id="4" lemma="|,|" pos="," wid="4">,</w>
  <w id="5" lemma="|in|" pos="IN" wid="5">In</w>
  <w id="6" lemma="|this|" pos="DT" wid="6">this</w>
  <w id="7" lemma="|Sunday|" pos="NNP" wid="7">Sunday</w>
  <w id="8" lemma="|'s|" pos="POS" wid="8">'s</w>
  <w id="9" lemma="|gospel|" pos="NN" wid="9">Gospel</w>
  <w id="10" lemma="|-lrb-|" pos="-LRB-" wid="10">-LRB-</w>
  <w id="11" lemma="|lk|" pos="NN" wid="11">Lk</w>
  <w id="12" lemma="|14|" pos="CD" wid="12">14</w>
  <w id="13" lemma="|:|" pos=":" wid="13">:</w>
  <w id="14" lemma="|1|" pos="CD" wid="14">1</w>
  <w id="15" lemma="|,|" pos="," wid="15">,</w>
  <w id="16" lemma="|7-14|" pos="CD" wid="16">7-14</w>
  <w id="17" lemma="|-rrb-|" pos="-RRB-" wid="17">-RRB-</w>
  <w id="18" lemma="|,|" pos="," wid="18">,</w>
  <w id="19" lemma="|we|" pos="PRP" wid="19">we</w>
  <w id="20" lemma="|find|" pos="VBP" wid="20">find</w>
  <w id="21" lemma="|Jesus|" pos="NNP" wid="21">Jesus</w>
  <w id="22" lemma="|as|" pos="IN" wid="22">as</w>
  <w id="23" lemma="|a|" pos="DT" wid="23">a</w>
  <w id="24" lemma="|guest|" pos="NN" wid="24">guest</w>
  <w id="25" lemma="|dining|" pos="NN" wid="25">dining</w>
  <w id="26" lemma="|at|" pos="IN" wid="26">at</w>
  <w id="27" lemma="|the|" pos="DT" wid="27">the</w>
  <w id="28" lemma="|house|" pos="NN" wid="28">house</w>
  <w id="29" lemma="|of|" pos="IN" wid="29">of</w>
  <w id="30" lemma="|a|" pos="DT" wid="30">a</w>
  <w id="31" lemma="|Pharisee|" pos="NNP" wid="31">Pharisee</w>
  <w id="32" lemma="|leader|" pos="NN" wid="32">leader</w>
  <w id="33" lemma="|.|" pos="." wid="33">.</w>
</sentence>
<sentence id="1">
  <w id="0" lemma="|note|" pos="VBG" wid="0">Noting</w>
  <w id="1" lemma="|that|" pos="IN" wid="1">that</w>
  <w id="2" lemma="|the|" pos="DT" wid="2">the</w>
  <w id="3" lemma="|guest|" pos="NNS" wid="3">guests</w>
  <w id="4" lemma="|be|" pos="VBD" wid="4">were</w>
  <w id="5" lemma="|choose|" pos="VBG" wid="5">choosing</w>
  <w id="6" lemma="|the|" pos="DT" wid="6">the</w>
  <w id="7" lemma="|best|" pos="JJS" wid="7">best</w>
  <w id="8" lemma="|place|" pos="NNS" wid="8">places</w>
  <w id="9" lemma="|at|" pos="IN" wid="9">at</w>
  <w id="10" lemma="|table|" pos="NN" wid="10">table</w>
  <w id="11" lemma="|,|" pos="," wid="11">,</w>
  <w id="12" lemma="|he|" pos="PRP" wid="12">he</w>
  <w id="13" lemma="|recount|" pos="VBD" wid="13">recounted</w>
  <w id="14" lemma="|a|" pos="DT" wid="14">a</w>
  <w id="15" lemma="|parable|" pos="NN" wid="15">parable</w>
  <w id="16" lemma="|in|" pos="IN" wid="16">in</w>
  <w id="17" lemma="|the|" pos="DT" wid="17">the</w>
  <w id="18" lemma="|setting|" pos="NN" wid="18">setting</w>
  <w id="19" lemma="|of|" pos="IN" wid="19">of</w>
  <w id="20" lemma="|a|" pos="DT" wid="20">a</w>
  <w id="21" lemma="|marriage|" pos="NN" wid="21">marriage</w>
  <w id="22" lemma="|feast|" pos="NN" wid="22">feast</w>
  <w id="23" lemma="|.|" pos="." wid="23">.</w>
</sentence>
<sentence id="2">
  <w id="0" lemma="|``|" pos="``" wid="0">``</w>
  <w id="1" lemma="|when|" pos="WRB" wid="1">When</w>
  <w id="2" lemma="|you|" pos="PRP" wid="2">you</w>
  <w id="3" lemma="|be|" pos="VBP" wid="3">are</w>
  <w id="4" lemma="|invite|" pos="VBN" wid="4">invited</w>
  <w id="5" lemma="|by|" pos="IN" wid="5">by</w>
  <w id="6" lemma="|any|" pos="DT" wid="6">any</w>
  <w id="7" lemma="|one|" pos="CD" wid="7">one</w>
  <w id="8" lemma="|to|" pos="TO" wid="8">to</w>
  <w id="9" lemma="|a|" pos="DT" wid="9">a</w>
  <w id="10" lemma="|marriage|" pos="NN" wid="10">marriage</w>
  <w id="11" lemma="|feast|" pos="NN" wid="11">feast</w>
  <w id="12" lemma="|,|" pos="," wid="12">,</w>
  <w id="13" lemma="|do|" pos="VBP" wid="13">do</w>
  <w id="14" lemma="|not|" pos="RB" wid="14">not</w>
  <w id="15" lemma="|sit|" pos="VB" wid="15">sit</w>
  <w id="16" lemma="|down|" pos="RP" wid="16">down</w>
  <w id="17" lemma="|in|" pos="IN" wid="17">in</w>
  <w id="18" lemma="|a|" pos="DT" wid="18">a</w>
  <w id="19" lemma="|place|" pos="NN" wid="19">place</w>
  <w id="20" lemma="|of|" pos="IN" wid="20">of</w>
  <w id="21" lemma="|honour|" pos="NN" wid="21">honour</w>
  <w id="22" lemma="|,|" pos="," wid="22">,</w>
  <w id="23" lemma="|lest|" pos="IN" wid="23">lest</w>
  <w id="24" lemma="|a|" pos="DT" wid="24">a</w>
  <w id="25" lemma="|more|" pos="RBR" wid="25">more</w>
  <w id="26" lemma="|eminent|" pos="JJ" wid="26">eminent</w>
  <w id="27" lemma="|man|" pos="NN" wid="27">man</w>
  <w id="28" lemma="|than|" pos="IN" wid="28">than</w>
  <w id="29" lemma="|you|" pos="PRP" wid="29">you</w>
  <w id="30" lemma="|be|" pos="VB" wid="30">be</w>
  <w id="31" lemma="|invite|" pos="VBN" wid="31">invited</w>
  <w id="32" lemma="|by|" pos="IN" wid="32">by</w>
  <w id="33" lemma="|he|" pos="PRP" wid="33">him</w>
  <w id="34" lemma="|;|" pos=":" wid="34">;</w>
  <w id="35" lemma="|and|" pos="CC" wid="35">and</w>
  <w id="36" lemma="|he|" pos="PRP" wid="36">he</w>
  <w id="37" lemma="|who|" pos="WP" wid="37">who</w>
  <w id="38" lemma="|invite|" pos="VBD" wid="38">invited</w>
  <w id="39" lemma="|you|" pos="PRP" wid="39">you</w>
  <w id="40" lemma="|both|" pos="DT" wid="40">both</w>
  <w id="41" lemma="|will|" pos="MD" wid="41">will</w>
  <w id="42" lemma="|come|" pos="VB" wid="42">come</w>
  <w id="43" lemma="|,|" pos="," wid="43">,</w>
  <w id="44" lemma="|and|" pos="CC" wid="44">and</w>
  <w id="45" lemma="|say|" pos="VB" wid="45">say</w>
  <w id="46" lemma="|to|" pos="TO" wid="46">to</w>
  <w id="47" lemma="|you|" pos="PRP" wid="47">you</w>
  <w id="48" lemma="|,|" pos="," wid="48">,</w>
  <w id="49" lemma="|``|" pos="``" wid="49">``</w>
  <w id="50" lemma="|give|" pos="VB" wid="50">Give</w>
  <w id="51" lemma="|place|" pos="NN" wid="51">place</w>
  <w id="52" lemma="|to|" pos="TO" wid="52">to</w>
  <w id="53" lemma="|this|" pos="DT" wid="53">this</w>
  <w id="54" lemma="|man|" pos="NN" wid="54">man</w>
  <w id="55" lemma="|'|" pos="''" wid="55">'</w>
  <w id="56" lemma="|...|" pos=":" wid="56">...</w>
  <w id="57" lemma="|.|" pos="." wid="57">.</w>
</sentence>
<sentence id="3">
  <w id="0" lemma="|but|" pos="CC" wid="0">But</w>
  <w id="1" lemma="|when|" pos="WRB" wid="1">when</w>
  <w id="2" lemma="|you|" pos="PRP" wid="2">you</w>
  <w id="3" lemma="|be|" pos="VBP" wid="3">are</w>
  <w id="4" lemma="|invite|" pos="VBN" wid="4">invited</w>
  <w id="5" lemma="|,|" pos="," wid="5">,</w>
  <w id="6" lemma="|go|" pos="VB" wid="6">go</w>
  <w id="7" lemma="|and|" pos="CC" wid="7">and</w>
  <w id="8" lemma="|sit|" pos="VB" wid="8">sit</w>
  <w id="9" lemma="|in|" pos="IN" wid="9">in</w>
  <w id="10" lemma="|the|" pos="DT" wid="10">the</w>
  <w id="11" lemma="|lowest|" pos="JJS" wid="11">lowest</w>
  <w id="12" lemma="|place|" pos="NN" wid="12">place</w>
  <w id="13" lemma="|''|" pos="''" wid="13">''</w>
  <w id="14" lemma="|-lrb-|" pos="-LRB-" wid="14">-LRB-</w>
  <w id="15" lemma="|lk|" pos="NN" wid="15">Lk</w>
  <w id="16" lemma="|14|" pos="CD" wid="16">14</w>
  <w id="17" lemma="|:|" pos=":" wid="17">:</w>
  <w id="18" lemma="|8-10|" pos="CD" wid="18">8-10</w>
  <w id="19" lemma="|-rrb-|" pos="-RRB-" wid="19">-RRB-</w>
  <w id="20" lemma="|.|" pos="." wid="20">.</w>
</sentence>
<sentence id="4">
  <w id="0" lemma="|the|" pos="DT" wid="0">The</w>
  <w id="1" lemma="|Lord|" pos="NNP" wid="1">Lord</w>
  <w id="2" lemma="|do|" pos="VBZ" wid="2">does</w>
  <w id="3" lemma="|not|" pos="RB" wid="3">not</w>
  <w id="4" lemma="|intend|" pos="VB" wid="4">intend</w>
  <w id="5" lemma="|to|" pos="TO" wid="5">to</w>
  <w id="6" lemma="|give|" pos="VB" wid="6">give</w>
  <w id="7" lemma="|a|" pos="DT" wid="7">a</w>
  <w id="8" lemma="|lesson|" pos="NN" wid="8">lesson</w>
  <w id="9" lemma="|on|" pos="IN" wid="9">on</w>
  <w id="10" lemma="|etiquette|" pos="NN" wid="10">etiquette</w>
  <w id="11" lemma="|or|" pos="CC" wid="11">or</w>
  <w id="12" lemma="|on|" pos="IN" wid="12">on</w>
  <w id="13" lemma="|the|" pos="DT" wid="13">the</w>
  <w id="14" lemma="|hierarchy|" pos="NN" wid="14">hierarchy</w>
  <w id="15" lemma="|of|" pos="IN" wid="15">of</w>
  <w id="16" lemma="|the|" pos="DT" wid="16">the</w>
  <w id="17" lemma="|different|" pos="JJ" wid="17">different</w>
  <w id="18" lemma="|authority|" pos="NNS" wid="18">authorities</w>
  <w id="19" lemma="|.|" pos="." wid="19">.</w>
</sentence>
<sentence id="5">
  <w id="0" lemma="|rather|" pos="RB" wid="0">Rather</w>
  <w id="1" lemma="|,|" pos="," wid="1">,</w>
  <w id="2" lemma="|he|" pos="PRP" wid="2">he</w>
  <w id="3" lemma="|insist|" pos="VBZ" wid="3">insists</w>
  <w id="4" lemma="|on|" pos="IN" wid="4">on</w>
  <w id="5" lemma="|a|" pos="DT" wid="5">a</w>
  <w id="6" lemma="|crucial|" pos="JJ" wid="6">crucial</w>
  <w id="7" lemma="|point|" pos="NN" wid="7">point</w>
  <w id="8" lemma="|,|" pos="," wid="8">,</w>
  <w id="9" lemma="|that|" pos="IN" wid="9">that</w>
  <w id="10" lemma="|of|" pos="IN" wid="10">of</w>
  <w id="11" lemma="|humility|" pos="NN" wid="11">humility</w>
  <w id="12" lemma="|:|" pos=":" wid="12">:</w>
  <w id="13" lemma="|``|" pos="``" wid="13">``</w>
  <w id="14" lemma="|every|" pos="DT" wid="14">Every</w>
  <w id="15" lemma="|one|" pos="NN" wid="15">one</w>
  <w id="16" lemma="|who|" pos="WP" wid="16">who</w>
  <w id="17" lemma="|exalt|" pos="VBZ" wid="17">exalts</w>
  <w id="18" lemma="|himself|" pos="PRP" wid="18">himself</w>
  <w id="19" lemma="|will|" pos="MD" wid="19">will</w>
  <w id="20" lemma="|be|" pos="VB" wid="20">be</w>
  <w id="21" lemma="|humble|" pos="VBN" wid="21">humbled</w>
  <w id="22" lemma="|,|" pos="," wid="22">,</w>
  <w id="23" lemma="|and|" pos="CC" wid="23">and</w>
  <w id="24" lemma="|he|" pos="PRP" wid="24">he</w>
  <w id="25" lemma="|who|" pos="WP" wid="25">who</w>
  <w id="26" lemma="|humble|" pos="VBZ" wid="26">humbles</w>
  <w id="27" lemma="|himself|" pos="PRP" wid="27">himself</w>
  <w id="28" lemma="|will|" pos="MD" wid="28">will</w>
  <w id="29" lemma="|be|" pos="VB" wid="29">be</w>
  <w id="30" lemma="|exalt|" pos="VBN" wid="30">exalted</w>
  <w id="31" lemma="|''|" pos="''" wid="31">''</w>
  <w id="32" lemma="|-lrb-|" pos="-LRB-" wid="32">-LRB-</w>
  <w id="33" lemma="|lk|" pos="NN" wid="33">Lk</w>
  <w id="34" lemma="|14|" pos="CD" wid="34">14</w>
  <w id="35" lemma="|:|" pos=":" wid="35">:</w>
  <w id="36" lemma="|11|" pos="CD" wid="36">11</w>
  <w id="37" lemma="|-rrb-|" pos="-RRB-" wid="37">-RRB-</w>
  <w id="38" lemma="|.|" pos="." wid="38">.</w>
</sentence>
<sentence id="6">
  <w id="0" lemma="|a|" pos="DT" wid="0">A</w>
  <w id="1" lemma="|deeper|" pos="JJR" wid="1">deeper</w>
  <w id="2" lemma="|meaning|" pos="NN" wid="2">meaning</w>
  <w id="3" lemma="|of|" pos="IN" wid="3">of</w>
  <w id="4" lemma="|this|" pos="DT" wid="4">this</w>
  <w id="5" lemma="|parable|" pos="NN" wid="5">parable</w>
  <w id="6" lemma="|also|" pos="RB" wid="6">also</w>
  <w id="7" lemma="|make|" pos="VBZ" wid="7">makes</w>
  <w id="8" lemma="|we|" pos="PRP" wid="8">us</w>
  <w id="9" lemma="|think|" pos="VB" wid="9">think</w>
  <w id="10" lemma="|of|" pos="IN" wid="10">of</w>
  <w id="11" lemma="|the|" pos="DT" wid="11">the</w>
  <w id="12" lemma="|position|" pos="NN" wid="12">position</w>
  <w id="13" lemma="|of|" pos="IN" wid="13">of</w>
  <w id="14" lemma="|the|" pos="DT" wid="14">the</w>
  <w id="15" lemma="|human|" pos="JJ" wid="15">human</w>
  <w id="16" lemma="|being|" pos="NN" wid="16">being</w>
  <w id="17" lemma="|in|" pos="IN" wid="17">in</w>
  <w id="18" lemma="|relation|" pos="NN" wid="18">relation</w>
  <w id="19" lemma="|to|" pos="TO" wid="19">to</w>
  <w id="20" lemma="|God|" pos="NNP" wid="20">God</w>
  <w id="21" lemma="|.|" pos="." wid="21">.</w>
</sentence>
<sentence id="7">
  <w id="0" lemma="|the|" pos="DT" wid="0">The</w>
  <w id="1" lemma="|``|" pos="``" wid="1">``</w>
  <w id="2" lemma="|lowest|" pos="JJS" wid="2">lowest</w>
  <w id="3" lemma="|place|" pos="NN" wid="3">place</w>
  <w id="4" lemma="|''|" pos="''" wid="4">''</w>
  <w id="5" lemma="|can|" pos="MD" wid="5">can</w>
  <w id="6" lemma="|in|" pos="IN" wid="6">in</w>
  <w id="7" lemma="|fact|" pos="NN" wid="7">fact</w>
  <w id="8" lemma="|represent|" pos="VBP" wid="8">represent</w>
  <w id="9" lemma="|the|" pos="DT" wid="9">the</w>
  <w id="10" lemma="|condition|" pos="NN" wid="10">condition</w>
  <w id="11" lemma="|of|" pos="IN" wid="11">of</w>
  <w id="12" lemma="|humanity|" pos="NN" wid="12">humanity</w>
  <w id="13" lemma="|degrade|" pos="VBN" wid="13">degraded</w>
  <w id="14" lemma="|by|" pos="IN" wid="14">by</w>
  <w id="15" lemma="|sin|" pos="NN" wid="15">sin</w>
  <w id="16" lemma="|,|" pos="," wid="16">,</w>
  <w id="17" lemma="|a|" pos="DT" wid="17">a</w>
  <w id="18" lemma="|condition|" pos="NN" wid="18">condition</w>
  <w id="19" lemma="|from|" pos="IN" wid="19">from</w>
  <w id="20" lemma="|which|" pos="WDT" wid="20">which</w>
  <w id="21" lemma="|the|" pos="DT" wid="21">the</w>
  <w id="22" lemma="|incarnation|" pos="NN" wid="22">Incarnation</w>
  <w id="23" lemma="|of|" pos="IN" wid="23">of</w>
  <w id="24" lemma="|the|" pos="DT" wid="24">the</w>
  <w id="25" lemma="|Only-Begotten|" pos="NNP" wid="25">Only-Begotten</w>
  <w id="26" lemma="|Son|" pos="NNP" wid="26">Son</w>
  <w id="27" lemma="|alone|" pos="RB" wid="27">alone</w>
  <w id="28" lemma="|can|" pos="MD" wid="28">can</w>
  <w id="29" lemma="|raise|" pos="VB" wid="29">raise</w>
  <w id="30" lemma="|it|" pos="PRP" wid="30">it</w>
  <w id="31" lemma="|.|" pos="." wid="31">.</w>
</sentence>
<sentence id="8">
  <w id="0" lemma="|for|" pos="IN" wid="0">For</w>
  <w id="1" lemma="|this|" pos="DT" wid="1">this</w>
  <w id="2" lemma="|reason|" pos="NN" wid="2">reason</w>
  <w id="3" lemma="|Christ|" pos="NNP" wid="3">Christ</w>
  <w id="4" lemma="|himself|" pos="PRP" wid="4">himself</w>
  <w id="5" lemma="|``|" pos="``" wid="5">``</w>
  <w id="6" lemma="|take|" pos="VBD" wid="6">took</w>
  <w id="7" lemma="|the|" pos="DT" wid="7">the</w>
  <w id="8" lemma="|lowest|" pos="JJS" wid="8">lowest</w>
  <w id="9" lemma="|place|" pos="NN" wid="9">place</w>
  <w id="10" lemma="|in|" pos="IN" wid="10">in</w>
  <w id="11" lemma="|the|" pos="DT" wid="11">the</w>
  <w id="12" lemma="|world|" pos="NN" wid="12">world</w>
  <w id="13" lemma="|the|" pos="DT" wid="13">the</w>
  <w id="14" lemma="|Cross|" pos="NNP" wid="14">Cross</w>
  <w id="15" lemma="|and|" pos="CC" wid="15">and</w>
  <w id="16" lemma="|by|" pos="IN" wid="16">by</w>
  <w id="17" lemma="|this|" pos="DT" wid="17">this</w>
  <w id="18" lemma="|radical|" pos="JJ" wid="18">radical</w>
  <w id="19" lemma="|humility|" pos="NN" wid="19">humility</w>
  <w id="20" lemma="|he|" pos="PRP" wid="20">he</w>
  <w id="21" lemma="|redeem|" pos="VBD" wid="21">redeemed</w>
  <w id="22" lemma="|we|" pos="PRP" wid="22">us</w>
  <w id="23" lemma="|and|" pos="CC" wid="23">and</w>
  <w id="24" lemma="|constantly|" pos="RB" wid="24">constantly</w>
  <w id="25" lemma="|come|" pos="VBZ" wid="25">comes</w>
  <w id="26" lemma="|to|" pos="TO" wid="26">to</w>
  <w id="27" lemma="|we|" pos="PRP$" wid="27">our</w>
  <w id="28" lemma="|aid|" pos="NN" wid="28">aid</w>
  <w id="29" lemma="|''|" pos="''" wid="29">''</w>
  <w id="30" lemma="|-lrb-|" pos="-LRB-" wid="30">-LRB-</w>
  <w id="31" lemma="|Encyclical|" pos="NNP" wid="31">Encyclical</w>
  <w id="32" lemma="|Deus|" pos="NNP" wid="32">Deus</w>
  <w id="33" lemma="|Caritas|" pos="NNP" wid="33">Caritas</w>
  <w id="34" lemma="|Est|" pos="NNP" wid="34">Est</w>
  <w id="35" lemma="|,|" pos="," wid="35">,</w>
  <w id="36" lemma="|n.|" pos="NNP" wid="36">n.</w>
  <w id="37" lemma="|35|" pos="CD" wid="37">35</w>
  <w id="38" lemma="|-rrb-|" pos="-RRB-" wid="38">-RRB-</w>
  <w id="39" lemma="|.|" pos="." wid="39">.</w>
</sentence>
<sentence id="9">
  <w id="0" lemma="|at|" pos="IN" wid="0">At</w>
  <w id="1" lemma="|the|" pos="DT" wid="1">the</w>
  <w id="2" lemma="|end|" pos="NN" wid="2">end</w>
  <w id="3" lemma="|of|" pos="IN" wid="3">of</w>
  <w id="4" lemma="|the|" pos="DT" wid="4">the</w>
  <w id="5" lemma="|parable|" pos="JJ" wid="5">parable</w>
  <w id="6" lemma="|Jesus|" pos="NNP" wid="6">Jesus</w>
  <w id="7" lemma="|suggest|" pos="VBZ" wid="7">suggests</w>
  <w id="8" lemma="|to|" pos="TO" wid="8">to</w>
  <w id="9" lemma="|the|" pos="DT" wid="9">the</w>
  <w id="10" lemma="|Pharisee|" pos="NNP" wid="10">Pharisee</w>
  <w id="11" lemma="|leader|" pos="NN" wid="11">leader</w>
  <w id="12" lemma="|that|" pos="IN" wid="12">that</w>
  <w id="13" lemma="|he|" pos="PRP" wid="13">he</w>
  <w id="14" lemma="|invite|" pos="VB" wid="14">invite</w>
  <w id="15" lemma="|to|" pos="TO" wid="15">to</w>
  <w id="16" lemma="|he|" pos="PRP$" wid="16">his</w>
  <w id="17" lemma="|table|" pos="NN" wid="17">table</w>
  <w id="18" lemma="|not|" pos="RB" wid="18">not</w>
  <w id="19" lemma="|he|" pos="PRP$" wid="19">his</w>
  <w id="20" lemma="|friend|" pos="NNS" wid="20">friends</w>
  <w id="21" lemma="|,|" pos="," wid="21">,</w>
  <w id="22" lemma="|kinsman|" pos="NNS" wid="22">kinsmen</w>
  <w id="23" lemma="|or|" pos="CC" wid="23">or</w>
  <w id="24" lemma="|rich|" pos="JJ" wid="24">rich</w>
  <w id="25" lemma="|neighbour|" pos="NNS" wid="25">neighbours</w>
  <w id="26" lemma="|,|" pos="," wid="26">,</w>
  <w id="27" lemma="|but|" pos="CC" wid="27">but</w>
  <w id="28" lemma="|rather|" pos="RB" wid="28">rather</w>
  <w id="29" lemma="|poorer|" pos="JJR" wid="29">poorer</w>
  <w id="30" lemma="|and|" pos="CC" wid="30">and</w>
  <w id="31" lemma="|more|" pos="RBR" wid="31">more</w>
  <w id="32" lemma="|marginalize|" pos="VBN" wid="32">marginalized</w>
  <w id="33" lemma="|people|" pos="NNS" wid="33">people</w>
  <w id="34" lemma="|who|" pos="WP" wid="34">who</w>
  <w id="35" lemma="|can|" pos="MD" wid="35">can</w>
  <w id="36" lemma="|in|" pos="IN" wid="36">in</w>
  <w id="37" lemma="|no|" pos="DT" wid="37">no</w>
  <w id="38" lemma="|way|" pos="NN" wid="38">way</w>
  <w id="39" lemma="|reciprocate|" pos="NN" wid="39">reciprocate</w>
  <w id="40" lemma="|-lrb-|" pos="-LRB-" wid="40">-LRB-</w>
  <w id="41" lemma="|cf|" pos="NN" wid="41">cf</w>
  <w id="42" lemma="|.|" pos="." wid="42">.</w>
</sentence>
<sentence id="10">
  <w id="0" lemma="|lk|" pos="NN" wid="0">Lk</w>
  <w id="1" lemma="|14|" pos="CD" wid="1">14</w>
  <w id="2" lemma="|:|" pos=":" wid="2">:</w>
  <w id="3" lemma="|13-14|" pos="CD" wid="3">13-14</w>
  <w id="4" lemma="|-rrb-|" pos="-RRB-" wid="4">-RRB-</w>
  <w id="5" lemma="|,|" pos="," wid="5">,</w>
  <w id="6" lemma="|so|" pos="IN" wid="6">so</w>
  <w id="7" lemma="|that|" pos="IN" wid="7">that</w>
  <w id="8" lemma="|the|" pos="DT" wid="8">the</w>
  <w id="9" lemma="|gift|" pos="NN" wid="9">gift</w>
  <w id="10" lemma="|may|" pos="MD" wid="10">may</w>
  <w id="11" lemma="|be|" pos="VB" wid="11">be</w>
  <w id="12" lemma="|give|" pos="VBN" wid="12">given</w>
  <w id="13" lemma="|freely|" pos="RB" wid="13">freely</w>
  <w id="14" lemma="|.|" pos="." wid="14">.</w>
</sentence>
<sentence id="11">
  <w id="0" lemma="|the|" pos="DT" wid="0">The</w>
  <w id="1" lemma="|true|" pos="JJ" wid="1">true</w>
  <w id="2" lemma="|reward|" pos="NN" wid="2">reward</w>
  <w id="3" lemma="|,|" pos="," wid="3">,</w>
  <w id="4" lemma="|in|" pos="IN" wid="4">in</w>
  <w id="5" lemma="|fact|" pos="NN" wid="5">fact</w>
  <w id="6" lemma="|,|" pos="," wid="6">,</w>
  <w id="7" lemma="|will|" pos="MD" wid="7">will</w>
  <w id="8" lemma="|ultimately|" pos="RB" wid="8">ultimately</w>
  <w id="9" lemma="|be|" pos="VB" wid="9">be</w>
  <w id="10" lemma="|give|" pos="VBN" wid="10">given</w>
  <w id="11" lemma="|by|" pos="IN" wid="11">by</w>
  <w id="12" lemma="|God|" pos="NNP" wid="12">God</w>
  <w id="13" lemma="|,|" pos="," wid="13">,</w>
  <w id="14" lemma="|``|" pos="``" wid="14">``</w>
  <w id="15" lemma="|who|" pos="WP" wid="15">who</w>
  <w id="16" lemma="|govern|" pos="VBZ" wid="16">governs</w>
  <w id="17" lemma="|the|" pos="DT" wid="17">the</w>
  <w id="18" lemma="|world|" pos="NN" wid="18">world</w>
  <w id="19" lemma="|...|" pos=":" wid="19">...</w>
  <w id="20" lemma="|.|" pos="." wid="20">.</w>
</sentence>
<sentence id="12">
  <w id="0" lemma="|we|" pos="PRP" wid="0">We</w>
  <w id="1" lemma="|offer|" pos="VBP" wid="1">offer</w>
  <w id="2" lemma="|he|" pos="PRP" wid="2">him</w>
  <w id="3" lemma="|we|" pos="PRP$" wid="3">our</w>
  <w id="4" lemma="|service|" pos="NN" wid="4">service</w>
  <w id="5" lemma="|only|" pos="RB" wid="5">only</w>
  <w id="6" lemma="|to|" pos="TO" wid="6">to</w>
  <w id="7" lemma="|the|" pos="DT" wid="7">the</w>
  <w id="8" lemma="|extent|" pos="NN" wid="8">extent</w>
  <w id="9" lemma="|that|" pos="IN" wid="9">that</w>
  <w id="10" lemma="|we|" pos="PRP" wid="10">we</w>
  <w id="11" lemma="|can|" pos="MD" wid="11">can</w>
  <w id="12" lemma="|,|" pos="," wid="12">,</w>
  <w id="13" lemma="|and|" pos="CC" wid="13">and</w>
  <w id="14" lemma="|for|" pos="IN" wid="14">for</w>
  <w id="15" lemma="|as|" pos="RB" wid="15">as</w>
  <w id="16" lemma="|long|" pos="RB" wid="16">long</w>
  <w id="17" lemma="|as|" pos="IN" wid="17">as</w>
  <w id="18" lemma="|he|" pos="PRP" wid="18">he</w>
  <w id="19" lemma="|grant|" pos="VBZ" wid="19">grants</w>
  <w id="20" lemma="|we|" pos="PRP" wid="20">us</w>
  <w id="21" lemma="|the|" pos="DT" wid="21">the</w>
  <w id="22" lemma="|strength|" pos="NN" wid="22">strength</w>
  <w id="23" lemma="|''|" pos="''" wid="23">''</w>
  <w id="24" lemma="|-lrb-|" pos="-LRB-" wid="24">-LRB-</w>
  <w id="25" lemma="|Encyclical|" pos="NNP" wid="25">Encyclical</w>
  <w id="26" lemma="|Deus|" pos="NNP" wid="26">Deus</w>
  <w id="27" lemma="|Caritas|" pos="NNP" wid="27">Caritas</w>
  <w id="28" lemma="|Est|" pos="NNP" wid="28">Est</w>
  <w id="29" lemma="|,|" pos="," wid="29">,</w>
  <w id="30" lemma="|n.|" pos="NNP" wid="30">n.</w>
  <w id="31" lemma="|35|" pos="CD" wid="31">35</w>
  <w id="32" lemma="|-rrb-|" pos="-RRB-" wid="32">-RRB-</w>
  <w id="33" lemma="|.|" pos="." wid="33">.</w>
</sentence>
<sentence id="13">
  <w id="0" lemma="|once|" pos="RB" wid="0">Once</w>
  <w id="1" lemma="|again|" pos="RB" wid="1">again</w>
  <w id="2" lemma="|,|" pos="," wid="2">,</w>
  <w id="3" lemma="|therefore|" pos="RB" wid="3">therefore</w>
  <w id="4" lemma="|,|" pos="," wid="4">,</w>
  <w id="5" lemma="|let|" pos="VB" wid="5">let</w>
  <w id="6" lemma="|we|" pos="PRP" wid="6">us</w>
  <w id="7" lemma="|look|" pos="VB" wid="7">look</w>
  <w id="8" lemma="|to|" pos="TO" wid="8">to</w>
  <w id="9" lemma="|Christ|" pos="NNP" wid="9">Christ</w>
  <w id="10" lemma="|as|" pos="IN" wid="10">as</w>
  <w id="11" lemma="|a|" pos="DT" wid="11">a</w>
  <w id="12" lemma="|model|" pos="NN" wid="12">model</w>
  <w id="13" lemma="|of|" pos="IN" wid="13">of</w>
  <w id="14" lemma="|humility|" pos="NN" wid="14">humility</w>
  <w id="15" lemma="|and|" pos="CC" wid="15">and</w>
  <w id="16" lemma="|of|" pos="IN" wid="16">of</w>
  <w id="17" lemma="|give|" pos="VBG" wid="17">giving</w>
  <w id="18" lemma="|freely|" pos="RB" wid="18">freely</w>
  <w id="19" lemma="|:|" pos=":" wid="19">:</w>
  <w id="20" lemma="|let|" pos="VB" wid="20">let</w>
  <w id="21" lemma="|we|" pos="PRP" wid="21">us</w>
  <w id="22" lemma="|learn|" pos="VB" wid="22">learn</w>
  <w id="23" lemma="|from|" pos="IN" wid="23">from</w>
  <w id="24" lemma="|he|" pos="PRP" wid="24">him</w>
  <w id="25" lemma="|patience|" pos="NN" wid="25">patience</w>
  <w id="26" lemma="|in|" pos="IN" wid="26">in</w>
  <w id="27" lemma="|temptation|" pos="NN" wid="27">temptation</w>
  <w id="28" lemma="|,|" pos="," wid="28">,</w>
  <w id="29" lemma="|meekness|" pos="NN" wid="29">meekness</w>
  <w id="30" lemma="|in|" pos="IN" wid="30">in</w>
  <w id="31" lemma="|offence|" pos="NN" wid="31">offence</w>
  <w id="32" lemma="|,|" pos="," wid="32">,</w>
  <w id="33" lemma="|obedience|" pos="NN" wid="33">obedience</w>
  <w id="34" lemma="|to|" pos="TO" wid="34">to</w>
  <w id="35" lemma="|God|" pos="NNP" wid="35">God</w>
  <w id="36" lemma="|in|" pos="IN" wid="36">in</w>
  <w id="37" lemma="|suffering|" pos="NN" wid="37">suffering</w>
  <w id="38" lemma="|,|" pos="," wid="38">,</w>
  <w id="39" lemma="|in|" pos="IN" wid="39">in</w>
  <w id="40" lemma="|the|" pos="DT" wid="40">the</w>
  <w id="41" lemma="|hope|" pos="NN" wid="41">hope</w>
  <w id="42" lemma="|that|" pos="IN" wid="42">that</w>
  <w id="43" lemma="|the|" pos="DT" wid="43">the</w>
  <w id="44" lemma="|one|" pos="NN" wid="44">One</w>
  <w id="45" lemma="|who|" pos="WP" wid="45">who</w>
  <w id="46" lemma="|have|" pos="VBZ" wid="46">has</w>
  <w id="47" lemma="|invite|" pos="VBN" wid="47">invited</w>
  <w id="48" lemma="|we|" pos="PRP" wid="48">us</w>
  <w id="49" lemma="|will|" pos="MD" wid="49">will</w>
  <w id="50" lemma="|say|" pos="VB" wid="50">say</w>
  <w id="51" lemma="|to|" pos="TO" wid="51">to</w>
  <w id="52" lemma="|we|" pos="PRP" wid="52">us</w>
  <w id="53" lemma="|:|" pos=":" wid="53">:</w>
  <w id="54" lemma="|``|" pos="``" wid="54">``</w>
  <w id="55" lemma="|friend|" pos="NN" wid="55">Friend</w>
  <w id="56" lemma="|,|" pos="," wid="56">,</w>
  <w id="57" lemma="|go|" pos="VB" wid="57">go</w>
  <w id="58" lemma="|up|" pos="RP" wid="58">up</w>
  <w id="59" lemma="|higher|" pos="JJR" wid="59">higher</w>
  <w id="60" lemma="|''|" pos="''" wid="60">''</w>
  <w id="61" lemma="|-lrb-|" pos="-LRB-" wid="61">-LRB-</w>
  <w id="62" lemma="|cf|" pos="NN" wid="62">cf</w>
  <w id="63" lemma="|.|" pos="." wid="63">.</w>
</sentence>
<sentence id="14">
  <w id="0" lemma="|lk|" pos="NN" wid="0">Lk</w>
  <w id="1" lemma="|14|" pos="CD" wid="1">14</w>
  <w id="2" lemma="|:|" pos=":" wid="2">:</w>
  <w id="3" lemma="|10|" pos="CD" wid="3">10</w>
  <w id="4" lemma="|-rrb-|" pos="-RRB-" wid="4">-RRB-</w>
  <w id="5" lemma="|.|" pos="." wid="5">.</w>
</sentence>
<sentence id="15">
  <w id="0" lemma="|indeed|" pos="RB" wid="0">Indeed</w>
  <w id="1" lemma="|,|" pos="," wid="1">,</w>
  <w id="2" lemma="|the|" pos="DT" wid="2">the</w>
  <w id="3" lemma="|true|" pos="JJ" wid="3">true</w>
  <w id="4" lemma="|good|" pos="NN" wid="4">good</w>
  <w id="5" lemma="|be|" pos="VBZ" wid="5">is</w>
  <w id="6" lemma="|be|" pos="VBG" wid="6">being</w>
  <w id="7" lemma="|close|" pos="RB" wid="7">close</w>
  <w id="8" lemma="|to|" pos="TO" wid="8">to</w>
  <w id="9" lemma="|he|" pos="PRP" wid="9">him</w>
  <w id="10" lemma="|.|" pos="." wid="10">.</w>
</sentence>
<sentence id="16">
  <w id="0" lemma="|St|" pos="NNP" wid="0">St</w>
  <w id="1" lemma="|Louis|" pos="NNP" wid="1">Louis</w>
  <w id="2" lemma="|ix|" pos="CD" wid="2">IX</w>
  <w id="3" lemma="|,|" pos="," wid="3">,</w>
  <w id="4" lemma="|King|" pos="NNP" wid="4">King</w>
  <w id="5" lemma="|of|" pos="IN" wid="5">of</w>
  <w id="6" lemma="|France|" pos="NNP" wid="6">France</w>
  <w id="7" lemma="|whose|" pos="WP$" wid="7">whose</w>
  <w id="8" lemma="|memorial|" pos="NN" wid="8">Memorial</w>
  <w id="9" lemma="|be|" pos="VBD" wid="9">was</w>
  <w id="10" lemma="|last|" pos="JJ" wid="10">last</w>
  <w id="11" lemma="|Wednesday|" pos="NNP" wid="11">Wednesday</w>
  <w id="12" lemma="|put|" pos="VBD" wid="12">put</w>
  <w id="13" lemma="|into|" pos="IN" wid="13">into</w>
  <w id="14" lemma="|practice|" pos="NN" wid="14">practice</w>
  <w id="15" lemma="|what|" pos="WP" wid="15">what</w>
  <w id="16" lemma="|be|" pos="VBZ" wid="16">is</w>
  <w id="17" lemma="|write|" pos="VBN" wid="17">written</w>
  <w id="18" lemma="|in|" pos="IN" wid="18">in</w>
  <w id="19" lemma="|the|" pos="DT" wid="19">the</w>
  <w id="20" lemma="|Book|" pos="NNP" wid="20">Book</w>
  <w id="21" lemma="|of|" pos="IN" wid="21">of</w>
  <w id="22" lemma="|Sirach|" pos="NNP" wid="22">Sirach</w>
  <w id="23" lemma="|:|" pos=":" wid="23">:</w>
  <w id="24" lemma="|``|" pos="``" wid="24">``</w>
  <w id="25" lemma="|the|" pos="DT" wid="25">The</w>
  <w id="26" lemma="|greater|" pos="JJR" wid="26">greater</w>
  <w id="27" lemma="|you|" pos="PRP" wid="27">you</w>
  <w id="28" lemma="|be|" pos="VBP" wid="28">are</w>
  <w id="29" lemma="|,|" pos="," wid="29">,</w>
  <w id="30" lemma="|the|" pos="DT" wid="30">the</w>
  <w id="31" lemma="|more|" pos="JJR" wid="31">more</w>
  <w id="32" lemma="|you|" pos="PRP" wid="32">you</w>
  <w id="33" lemma="|must|" pos="MD" wid="33">must</w>
  <w id="34" lemma="|humble|" pos="JJ" wid="34">humble</w>
  <w id="35" lemma="|yourself|" pos="PRP" wid="35">yourself</w>
  <w id="36" lemma="|;|" pos=":" wid="36">;</w>
  <w id="37" lemma="|so|" pos="IN" wid="37">so</w>
  <w id="38" lemma="|you|" pos="PRP" wid="38">you</w>
  <w id="39" lemma="|will|" pos="MD" wid="39">will</w>
  <w id="40" lemma="|find|" pos="VB" wid="40">find</w>
  <w id="41" lemma="|favour|" pos="NN" wid="41">favour</w>
  <w id="42" lemma="|in|" pos="IN" wid="42">in</w>
  <w id="43" lemma="|the|" pos="DT" wid="43">the</w>
  <w id="44" lemma="|sight|" pos="NN" wid="44">sight</w>
  <w id="45" lemma="|of|" pos="IN" wid="45">of</w>
  <w id="46" lemma="|the|" pos="DT" wid="46">the</w>
  <w id="47" lemma="|Lord|" pos="NNP" wid="47">Lord</w>
  <w id="48" lemma="|''|" pos="''" wid="48">''</w>
  <w id="49" lemma="|-lrb-|" pos="-LRB-" wid="49">-LRB-</w>
  <w id="50" lemma="|3|" pos="CD" wid="50">3</w>
  <w id="51" lemma="|:|" pos=":" wid="51">:</w>
  <w id="52" lemma="|18|" pos="CD" wid="52">18</w>
  <w id="53" lemma="|-rrb-|" pos="-RRB-" wid="53">-RRB-</w>
  <w id="54" lemma="|.|" pos="." wid="54">.</w>
</sentence>
<sentence id="17">
  <w id="0" lemma="|this|" pos="DT" wid="0">This</w>
  <w id="1" lemma="|be|" pos="VBZ" wid="1">is</w>
  <w id="2" lemma="|what|" pos="WP" wid="2">what</w>
  <w id="3" lemma="|the|" pos="DT" wid="3">the</w>
  <w id="4" lemma="|King|" pos="NNP" wid="4">King</w>
  <w id="5" lemma="|write|" pos="VBD" wid="5">wrote</w>
  <w id="6" lemma="|in|" pos="IN" wid="6">in</w>
  <w id="7" lemma="|he|" pos="PRP$" wid="7">his</w>
  <w id="8" lemma="|``|" pos="``" wid="8">``</w>
  <w id="9" lemma="|spiritual|" pos="JJ" wid="9">Spiritual</w>
  <w id="10" lemma="|testament|" pos="NN" wid="10">Testament</w>
  <w id="11" lemma="|to|" pos="TO" wid="11">to</w>
  <w id="12" lemma="|he|" pos="PRP$" wid="12">his</w>
  <w id="13" lemma="|son|" pos="NN" wid="13">son</w>
  <w id="14" lemma="|''|" pos="''" wid="14">''</w>
  <w id="15" lemma="|:|" pos=":" wid="15">:</w>
  <w id="16" lemma="|``|" pos="``" wid="16">``</w>
  <w id="17" lemma="|if|" pos="IN" wid="17">If</w>
  <w id="18" lemma="|the|" pos="DT" wid="18">the</w>
  <w id="19" lemma="|Lord|" pos="NNP" wid="19">Lord</w>
  <w id="20" lemma="|grant|" pos="NN" wid="20">grant</w>
  <w id="21" lemma="|you|" pos="PRP" wid="21">you</w>
  <w id="22" lemma="|some|" pos="DT" wid="22">some</w>
  <w id="23" lemma="|prosperity|" pos="NN" wid="23">prosperity</w>
  <w id="24" lemma="|,|" pos="," wid="24">,</w>
  <w id="25" lemma="|not|" pos="RB" wid="25">not</w>
  <w id="26" lemma="|only|" pos="RB" wid="26">only</w>
  <w id="27" lemma="|must|" pos="MD" wid="27">must</w>
  <w id="28" lemma="|you|" pos="PRP" wid="28">you</w>
  <w id="29" lemma="|humbly|" pos="RB" wid="29">humbly</w>
  <w id="30" lemma="|thank|" pos="VB" wid="30">thank</w>
  <w id="31" lemma="|he|" pos="PRP" wid="31">him</w>
  <w id="32" lemma="|but|" pos="CC" wid="32">but</w>
  <w id="33" lemma="|take|" pos="VB" wid="33">take</w>
  <w id="34" lemma="|care|" pos="NN" wid="34">care</w>
  <w id="35" lemma="|not|" pos="RB" wid="35">not</w>
  <w id="36" lemma="|to|" pos="TO" wid="36">to</w>
  <w id="37" lemma="|become|" pos="VB" wid="37">become</w>
  <w id="38" lemma="|worse|" pos="JJ" wid="38">worse</w>
  <w id="39" lemma="|by|" pos="IN" wid="39">by</w>
  <w id="40" lemma="|boast|" pos="VBG" wid="40">boasting</w>
  <w id="41" lemma="|or|" pos="CC" wid="41">or</w>
  <w id="42" lemma="|in|" pos="IN" wid="42">in</w>
  <w id="43" lemma="|any|" pos="DT" wid="43">any</w>
  <w id="44" lemma="|other|" pos="JJ" wid="44">other</w>
  <w id="45" lemma="|way|" pos="NN" wid="45">way</w>
  <w id="46" lemma="|,|" pos="," wid="46">,</w>
  <w id="47" lemma="|make|" pos="VBP" wid="47">make</w>
  <w id="48" lemma="|sure|" pos="JJ" wid="48">sure</w>
  <w id="49" lemma="|,|" pos="," wid="49">,</w>
  <w id="50" lemma="|that|" pos="DT" wid="50">that</w>
  <w id="51" lemma="|be|" pos="VBZ" wid="51">is</w>
  <w id="52" lemma="|,|" pos="," wid="52">,</w>
  <w id="53" lemma="|that|" pos="IN" wid="53">that</w>
  <w id="54" lemma="|you|" pos="PRP" wid="54">you</w>
  <w id="55" lemma="|do|" pos="VBP" wid="55">do</w>
  <w id="56" lemma="|not|" pos="RB" wid="56">not</w>
  <w id="57" lemma="|come|" pos="VB" wid="57">come</w>
  <w id="58" lemma="|into|" pos="IN" wid="58">into</w>
  <w id="59" lemma="|conflict|" pos="NN" wid="59">conflict</w>
  <w id="60" lemma="|with|" pos="IN" wid="60">with</w>
  <w id="61" lemma="|God|" pos="NNP" wid="61">God</w>
  <w id="62" lemma="|or|" pos="CC" wid="62">or</w>
  <w id="63" lemma="|offend|" pos="VB" wid="63">offend</w>
  <w id="64" lemma="|he|" pos="PRP" wid="64">him</w>
  <w id="65" lemma="|with|" pos="IN" wid="65">with</w>
  <w id="66" lemma="|he|" pos="PRP$" wid="66">his</w>
  <w id="67" lemma="|own|" pos="JJ" wid="67">own</w>
  <w id="68" lemma="|gift|" pos="NNS" wid="68">gifts</w>
  <w id="69" lemma="|''|" pos="''" wid="69">''</w>
  <w id="70" lemma="|-lrb-|" pos="-LRB-" wid="70">-LRB-</w>
  <w id="71" lemma="|cf|" pos="NN" wid="71">cf</w>
  <w id="72" lemma="|.|" pos="." wid="72">.</w>
</sentence>
<sentence id="18">
  <w id="0" lemma="|Acta|" pos="NNP" wid="0">Acta</w>
  <w id="1" lemma="|Sanctorum|" pos="NNP" wid="1">Sanctorum</w>
  <w id="2" lemma="|Augusti|" pos="NNP" wid="2">Augusti</w>
  <w id="3" lemma="|5|" pos="CD" wid="3">5</w>
  <w id="4" lemma="|-lsb-|" pos="-LRB-" wid="4">-LSB-</w>
  <w id="5" lemma="|1868|" pos="CD" wid="5">1868</w>
  <w id="6" lemma="|-rsb-|" pos="-RRB-" wid="6">-RSB-</w>
  <w id="7" lemma="|,|" pos="," wid="7">,</w>
  <w id="8" lemma="|546|" pos="CD" wid="8">546</w>
  <w id="9" lemma="|-rrb-|" pos="-RRB-" wid="9">-RRB-</w>
  <w id="10" lemma="|.|" pos="." wid="10">.</w>
</sentence>
<sentence id="19">
  <w id="0" lemma="|Dear|" pos="NNP" wid="0">Dear</w>
  <w id="1" lemma="|friend|" pos="NNS" wid="1">friends</w>
  <w id="2" lemma="|,|" pos="," wid="2">,</w>
  <w id="3" lemma="|today|" pos="NN" wid="3">today</w>
  <w id="4" lemma="|we|" pos="PRP" wid="4">we</w>
  <w id="5" lemma="|be|" pos="VBP" wid="5">are</w>
  <w id="6" lemma="|also|" pos="RB" wid="6">also</w>
  <w id="7" lemma="|commemorate|" pos="VBG" wid="7">commemorating</w>
  <w id="8" lemma="|the|" pos="DT" wid="8">the</w>
  <w id="9" lemma="|Martyrdom|" pos="NNP" wid="9">Martyrdom</w>
  <w id="10" lemma="|of|" pos="IN" wid="10">of</w>
  <w id="11" lemma="|St|" pos="NNP" wid="11">St</w>
  <w id="12" lemma="|John|" pos="NNP" wid="12">John</w>
  <w id="13" lemma="|the|" pos="DT" wid="13">the</w>
  <w id="14" lemma="|Baptist|" pos="NNP" wid="14">Baptist</w>
  <w id="15" lemma="|,|" pos="," wid="15">,</w>
  <w id="16" lemma="|the|" pos="DT" wid="16">the</w>
  <w id="17" lemma="|greatest|" pos="JJS" wid="17">greatest</w>
  <w id="18" lemma="|among|" pos="IN" wid="18">among</w>
  <w id="19" lemma="|the|" pos="DT" wid="19">the</w>
  <w id="20" lemma="|prophet|" pos="NNS" wid="20">prophets</w>
  <w id="21" lemma="|of|" pos="IN" wid="21">of</w>
  <w id="22" lemma="|Christ|" pos="NNP" wid="22">Christ</w>
  <w id="23" lemma="|,|" pos="," wid="23">,</w>
  <w id="24" lemma="|who|" pos="WP" wid="24">who</w>
  <w id="25" lemma="|be|" pos="VBD" wid="25">was</w>
  <w id="26" lemma="|able|" pos="JJ" wid="26">able</w>
  <w id="27" lemma="|to|" pos="TO" wid="27">to</w>
  <w id="28" lemma="|deny|" pos="VB" wid="28">deny</w>
  <w id="29" lemma="|himself|" pos="PRP" wid="29">himself</w>
  <w id="30" lemma="|to|" pos="TO" wid="30">to</w>
  <w id="31" lemma="|make|" pos="VB" wid="31">make</w>
  <w id="32" lemma="|room|" pos="NN" wid="32">room</w>
  <w id="33" lemma="|for|" pos="IN" wid="33">for</w>
  <w id="34" lemma="|the|" pos="DT" wid="34">the</w>
  <w id="35" lemma="|Saviour|" pos="NNP" wid="35">Saviour</w>
  <w id="36" lemma="|and|" pos="CC" wid="36">and</w>
  <w id="37" lemma="|who|" pos="WP" wid="37">who</w>
  <w id="38" lemma="|suffer|" pos="VBD" wid="38">suffered</w>
  <w id="39" lemma="|and|" pos="CC" wid="39">and</w>
  <w id="40" lemma="|die|" pos="VBD" wid="40">died</w>
  <w id="41" lemma="|for|" pos="IN" wid="41">for</w>
  <w id="42" lemma="|the|" pos="DT" wid="42">the</w>
  <w id="43" lemma="|truth|" pos="NN" wid="43">truth</w>
  <w id="44" lemma="|.|" pos="." wid="44">.</w>
</sentence>
<sentence id="20">
  <w id="0" lemma="|let|" pos="VB" wid="0">Let</w>
  <w id="1" lemma="|we|" pos="PRP" wid="1">us</w>
  <w id="2" lemma="|ask|" pos="VB" wid="2">ask</w>
  <w id="3" lemma="|he|" pos="PRP" wid="3">him</w>
  <w id="4" lemma="|and|" pos="CC" wid="4">and</w>
  <w id="5" lemma="|the|" pos="DT" wid="5">the</w>
  <w id="6" lemma="|Virgin|" pos="NNP" wid="6">Virgin</w>
  <w id="7" lemma="|Mary|" pos="NNP" wid="7">Mary</w>
  <w id="8" lemma="|to|" pos="TO" wid="8">to</w>
  <w id="9" lemma="|guide|" pos="VB" wid="9">guide</w>
  <w id="10" lemma="|we|" pos="PRP" wid="10">us</w>
  <w id="11" lemma="|on|" pos="IN" wid="11">on</w>
  <w id="12" lemma="|the|" pos="DT" wid="12">the</w>
  <w id="13" lemma="|path|" pos="NN" wid="13">path</w>
  <w id="14" lemma="|of|" pos="IN" wid="14">of</w>
  <w id="15" lemma="|humility|" pos="NN" wid="15">humility</w>
  <w id="16" lemma="|,|" pos="," wid="16">,</w>
  <w id="17" lemma="|in|" pos="IN" wid="17">in</w>
  <w id="18" lemma="|order|" pos="NN" wid="18">order</w>
  <w id="19" lemma="|to|" pos="TO" wid="19">to</w>
  <w id="20" lemma="|become|" pos="VB" wid="20">become</w>
  <w id="21" lemma="|worthy|" pos="JJ" wid="21">worthy</w>
  <w id="22" lemma="|of|" pos="IN" wid="22">of</w>
  <w id="23" lemma="|the|" pos="DT" wid="23">the</w>
  <w id="24" lemma="|divine|" pos="JJ" wid="24">divine</w>
  <w id="25" lemma="|reward|" pos="NN" wid="25">reward</w>
  <w id="26" lemma="|.|" pos="." wid="26">.</w>
</sentence>
<sentence id="21">
  <w id="0" lemma="|after|" pos="IN" wid="0">After</w>
  <w id="1" lemma="|the|" pos="DT" wid="1">the</w>
  <w id="2" lemma="|Angelus|" pos="NNP" wid="2">Angelus</w>
  <w id="3" lemma="|:|" pos=":" wid="3">:</w>
  <w id="4" lemma="|on|" pos="IN" wid="4">On</w>
  <w id="5" lemma="|this|" pos="DT" wid="5">this</w>
  <w id="6" lemma="|come|" pos="VBG" wid="6">coming</w>
  <w id="7" lemma="|1|" pos="CD" wid="7">1</w>
  <w id="8" lemma="|September|" pos="NNP" wid="8">September</w>
  <w id="9" lemma="|,|" pos="," wid="9">,</w>
  <w id="10" lemma="|the|" pos="DT" wid="10">the</w>
  <w id="11" lemma="|day|" pos="NN" wid="11">Day</w>
  <w id="12" lemma="|for|" pos="IN" wid="12">for</w>
  <w id="13" lemma="|the|" pos="DT" wid="13">the</w>
  <w id="14" lemma="|Safeguard|" pos="NNP" wid="14">Safeguard</w>
  <w id="15" lemma="|of|" pos="IN" wid="15">of</w>
  <w id="16" lemma="|Creation|" pos="NNP" wid="16">Creation</w>
  <w id="17" lemma="|,|" pos="," wid="17">,</w>
  <w id="18" lemma="|promote|" pos="VBN" wid="18">promoted</w>
  <w id="19" lemma="|by|" pos="IN" wid="19">by</w>
  <w id="20" lemma="|the|" pos="DT" wid="20">the</w>
  <w id="21" lemma="|Italian|" pos="NNP" wid="21">Italian</w>
  <w id="22" lemma="|Episcopal|" pos="NNP" wid="22">Episcopal</w>
  <w id="23" lemma="|Conference|" pos="NNP" wid="23">Conference</w>
  <w id="24" lemma="|,|" pos="," wid="24">,</w>
  <w id="25" lemma="|will|" pos="MD" wid="25">will</w>
  <w id="26" lemma="|be|" pos="VB" wid="26">be</w>
  <w id="27" lemma="|celebrate|" pos="VBN" wid="27">celebrated</w>
  <w id="28" lemma="|in|" pos="IN" wid="28">in</w>
  <w id="29" lemma="|Italy|" pos="NNP" wid="29">Italy</w>
  <w id="30" lemma="|.|" pos="." wid="30">.</w>
</sentence>
<sentence id="22">
  <w id="0" lemma="|it|" pos="PRP" wid="0">It</w>
  <w id="1" lemma="|be|" pos="VBZ" wid="1">is</w>
  <w id="2" lemma="|now|" pos="RB" wid="2">now</w>
  <w id="3" lemma="|a|" pos="DT" wid="3">a</w>
  <w id="4" lemma="|customary|" pos="JJ" wid="4">customary</w>
  <w id="5" lemma="|event|" pos="NN" wid="5">event</w>
  <w id="6" lemma="|that|" pos="WDT" wid="6">that</w>
  <w id="7" lemma="|be|" pos="VBZ" wid="7">is</w>
  <w id="8" lemma="|also|" pos="RB" wid="8">also</w>
  <w id="9" lemma="|important|" pos="JJ" wid="9">important</w>
  <w id="10" lemma="|at|" pos="IN" wid="10">at</w>
  <w id="11" lemma="|the|" pos="DT" wid="11">the</w>
  <w id="12" lemma="|ecumenical|" pos="JJ" wid="12">ecumenical</w>
  <w id="13" lemma="|level|" pos="NN" wid="13">level</w>
  <w id="14" lemma="|.|" pos="." wid="14">.</w>
</sentence>
<sentence id="23">
  <w id="0" lemma="|this|" pos="DT" wid="0">This</w>
  <w id="1" lemma="|year|" pos="NN" wid="1">year</w>
  <w id="2" lemma="|it|" pos="PRP" wid="2">it</w>
  <w id="3" lemma="|remind|" pos="VBZ" wid="3">reminds</w>
  <w id="4" lemma="|we|" pos="PRP" wid="4">us</w>
  <w id="5" lemma="|that|" pos="IN" wid="5">that</w>
  <w id="6" lemma="|there|" pos="EX" wid="6">there</w>
  <w id="7" lemma="|can|" pos="MD" wid="7">can</w>
  <w id="8" lemma="|be|" pos="VB" wid="8">be</w>
  <w id="9" lemma="|no|" pos="DT" wid="9">no</w>
  <w id="10" lemma="|peace|" pos="NN" wid="10">peace</w>
  <w id="11" lemma="|without|" pos="IN" wid="11">without</w>
  <w id="12" lemma="|respect|" pos="NN" wid="12">respect</w>
  <w id="13" lemma="|for|" pos="IN" wid="13">for</w>
  <w id="14" lemma="|the|" pos="DT" wid="14">the</w>
  <w id="15" lemma="|environment|" pos="NN" wid="15">environment</w>
  <w id="16" lemma="|.|" pos="." wid="16">.</w>
</sentence>
<sentence id="24">
  <w id="0" lemma="|in|" pos="IN" wid="0">In</w>
  <w id="1" lemma="|fact|" pos="NN" wid="1">fact</w>
  <w id="2" lemma="|,|" pos="," wid="2">,</w>
  <w id="3" lemma="|we|" pos="PRP" wid="3">we</w>
  <w id="4" lemma="|be|" pos="VBP" wid="4">are</w>
  <w id="5" lemma="|duty|" pos="NN" wid="5">duty</w>
  <w id="6" lemma="|bind|" pos="VBD" wid="6">bound</w>
  <w id="7" lemma="|to|" pos="TO" wid="7">to</w>
  <w id="8" lemma="|consign|" pos="VB" wid="8">consign</w>
  <w id="9" lemma="|the|" pos="DT" wid="9">the</w>
  <w id="10" lemma="|earth|" pos="NN" wid="10">earth</w>
  <w id="11" lemma="|to|" pos="TO" wid="11">to</w>
  <w id="12" lemma="|the|" pos="DT" wid="12">the</w>
  <w id="13" lemma="|new|" pos="JJ" wid="13">new</w>
  <w id="14" lemma="|generation|" pos="NNS" wid="14">generations</w>
  <w id="15" lemma="|in|" pos="IN" wid="15">in</w>
  <w id="16" lemma="|such|" pos="PDT" wid="16">such</w>
  <w id="17" lemma="|a|" pos="DT" wid="17">a</w>
  <w id="18" lemma="|condition|" pos="NN" wid="18">condition</w>
  <w id="19" lemma="|that|" pos="IN" wid="19">that</w>
  <w id="20" lemma="|they|" pos="PRP" wid="20">they</w>
  <w id="21" lemma="|too|" pos="RB" wid="21">too</w>
  <w id="22" lemma="|may|" pos="MD" wid="22">may</w>
  <w id="23" lemma="|live|" pos="VB" wid="23">live</w>
  <w id="24" lemma="|a|" pos="DT" wid="24">a</w>
  <w id="25" lemma="|dignified|" pos="JJ" wid="25">dignified</w>
  <w id="26" lemma="|life|" pos="NN" wid="26">life</w>
  <w id="27" lemma="|on|" pos="IN" wid="27">on</w>
  <w id="28" lemma="|it|" pos="PRP" wid="28">it</w>
  <w id="29" lemma="|and|" pos="CC" wid="29">and</w>
  <w id="30" lemma="|in|" pos="IN" wid="30">in</w>
  <w id="31" lemma="|turn|" pos="NN" wid="31">turn</w>
  <w id="32" lemma="|continue|" pos="VBP" wid="32">continue</w>
  <w id="33" lemma="|to|" pos="TO" wid="33">to</w>
  <w id="34" lemma="|preserve|" pos="VB" wid="34">preserve</w>
  <w id="35" lemma="|it|" pos="PRP" wid="35">it</w>
  <w id="36" lemma="|.|" pos="." wid="36">.</w>
</sentence>
<sentence id="25">
  <w id="0" lemma="|May|" pos="NNP" wid="0">May</w>
  <w id="1" lemma="|the|" pos="DT" wid="1">the</w>
  <w id="2" lemma="|Lord|" pos="NNP" wid="2">Lord</w>
  <w id="3" lemma="|help|" pos="VB" wid="3">help</w>
  <w id="4" lemma="|we|" pos="PRP" wid="4">us</w>
  <w id="5" lemma="|in|" pos="IN" wid="5">in</w>
  <w id="6" lemma="|this|" pos="DT" wid="6">this</w>
  <w id="7" lemma="|task|" pos="NN" wid="7">task</w>
  <w id="8" lemma="|!|" pos="." wid="8">!</w>
</sentence>
<sentence id="26">
  <w id="0" lemma="|I|" pos="PRP" wid="0">I</w>
  <w id="1" lemma="|be|" pos="VBP" wid="1">am</w>
  <w id="2" lemma="|pleased|" pos="JJ" wid="2">pleased</w>
  <w id="3" lemma="|to|" pos="TO" wid="3">to</w>
  <w id="4" lemma="|greet|" pos="VB" wid="4">greet</w>
  <w id="5" lemma="|the|" pos="DT" wid="5">the</w>
  <w id="6" lemma="|english-speaking|" pos="JJ" wid="6">English-speaking</w>
  <w id="7" lemma="|visitor|" pos="NNS" wid="7">visitors</w>
  <w id="8" lemma="|here|" pos="RB" wid="8">here</w>
  <w id="9" lemma="|today|" pos="NN" wid="9">today</w>
  <w id="10" lemma="|,|" pos="," wid="10">,</w>
  <w id="11" lemma="|especially|" pos="RB" wid="11">especially</w>
  <w id="12" lemma="|the|" pos="DT" wid="12">the</w>
  <w id="13" lemma="|group|" pos="NN" wid="13">group</w>
  <w id="14" lemma="|of|" pos="IN" wid="14">of</w>
  <w id="15" lemma="|student|" pos="NNS" wid="15">students</w>
  <w id="16" lemma="|from|" pos="IN" wid="16">from</w>
  <w id="17" lemma="|the|" pos="DT" wid="17">the</w>
  <w id="18" lemma="|Pontifical|" pos="NNP" wid="18">Pontifical</w>
  <w id="19" lemma="|North|" pos="NNP" wid="19">North</w>
  <w id="20" lemma="|American|" pos="NNP" wid="20">American</w>
  <w id="21" lemma="|College|" pos="NNP" wid="21">College</w>
  <w id="22" lemma="|.|" pos="." wid="22">.</w>
</sentence>
<sentence id="27">
  <w id="0" lemma="|I|" pos="PRP" wid="0">I</w>
  <w id="1" lemma="|pray|" pos="VBP" wid="1">pray</w>
  <w id="2" lemma="|that|" pos="IN" wid="2">that</w>
  <w id="3" lemma="|all|" pos="DT" wid="3">all</w>
  <w id="4" lemma="|of|" pos="IN" wid="4">of</w>
  <w id="5" lemma="|you|" pos="PRP" wid="5">you</w>
  <w id="6" lemma="|,|" pos="," wid="6">,</w>
  <w id="7" lemma="|whether|" pos="IN" wid="7">whether</w>
  <w id="8" lemma="|you|" pos="PRP" wid="8">you</w>
  <w id="9" lemma="|be|" pos="VBP" wid="9">are</w>
  <w id="10" lemma="|here|" pos="RB" wid="10">here</w>
  <w id="11" lemma="|on|" pos="IN" wid="11">on</w>
  <w id="12" lemma="|holiday|" pos="NN" wid="12">holiday</w>
  <w id="13" lemma="|or|" pos="CC" wid="13">or</w>
  <w id="14" lemma="|on|" pos="IN" wid="14">on</w>
  <w id="15" lemma="|pilgrimage|" pos="NN" wid="15">pilgrimage</w>
  <w id="16" lemma="|or|" pos="CC" wid="16">or</w>
  <w id="17" lemma="|pursuing|" pos="NN" wid="17">pursuing</w>
  <w id="18" lemma="|study|" pos="NNS" wid="18">studies</w>
  <w id="19" lemma="|in|" pos="IN" wid="19">in</w>
  <w id="20" lemma="|Rome|" pos="NNP" wid="20">Rome</w>
  <w id="21" lemma="|,|" pos="," wid="21">,</w>
  <w id="22" lemma="|will|" pos="MD" wid="22">will</w>
  <w id="23" lemma="|be|" pos="VB" wid="23">be</w>
  <w id="24" lemma="|able|" pos="JJ" wid="24">able</w>
  <w id="25" lemma="|to|" pos="TO" wid="25">to</w>
  <w id="26" lemma="|draw|" pos="VB" wid="26">draw</w>
  <w id="27" lemma="|closer|" pos="RBR" wid="27">closer</w>
  <w id="28" lemma="|to|" pos="TO" wid="28">to</w>
  <w id="29" lemma="|the|" pos="DT" wid="29">the</w>
  <w id="30" lemma="|lord|" pos="NN" wid="30">Lord</w>
  <w id="31" lemma="|in|" pos="IN" wid="31">in</w>
  <w id="32" lemma="|prayer|" pos="NN" wid="32">prayer</w>
  <w id="33" lemma="|and|" pos="CC" wid="33">and</w>
  <w id="34" lemma="|thanksgiving|" pos="NN" wid="34">thanksgiving</w>
  <w id="35" lemma="|.|" pos="." wid="35">.</w>
</sentence>
<sentence id="28">
  <w id="0" lemma="|May|" pos="NNP" wid="0">May</w>
  <w id="1" lemma="|God|" pos="NNP" wid="1">God</w>
  <w id="2" lemma="|bestow|" pos="VB" wid="2">bestow</w>
  <w id="3" lemma="|abundant|" pos="JJ" wid="3">abundant</w>
  <w id="4" lemma="|blessing|" pos="NNS" wid="4">blessings</w>
  <w id="5" lemma="|upon|" pos="IN" wid="5">upon</w>
  <w id="6" lemma="|all|" pos="DT" wid="6">all</w>
  <w id="7" lemma="|of|" pos="IN" wid="7">of</w>
  <w id="8" lemma="|you|" pos="PRP" wid="8">you</w>
  <w id="9" lemma="|,|" pos="," wid="9">,</w>
  <w id="10" lemma="|and|" pos="CC" wid="10">and</w>
  <w id="11" lemma="|upon|" pos="IN" wid="11">upon</w>
  <w id="12" lemma="|you|" pos="PRP$" wid="12">your</w>
  <w id="13" lemma="|family|" pos="NNS" wid="13">families</w>
  <w id="14" lemma="|and|" pos="CC" wid="14">and</w>
  <w id="15" lemma="|love|" pos="VBD" wid="15">loved</w>
  <w id="16" lemma="|one|" pos="NNS" wid="16">ones</w>
  <w id="17" lemma="|at|" pos="IN" wid="17">at</w>
  <w id="18" lemma="|home|" pos="NN" wid="18">home</w>
  <w id="19" lemma="|.|" pos="." wid="19">.</w>
</sentence>
<sentence id="29">
  <w id="0" lemma="|I|" pos="PRP" wid="0">I</w>
  <w id="1" lemma="|wish|" pos="VBP" wid="1">wish</w>
  <w id="2" lemma="|you|" pos="PRP" wid="2">you</w>
  <w id="3" lemma="|all|" pos="PDT" wid="3">all</w>
  <w id="4" lemma="|a|" pos="DT" wid="4">a</w>
  <w id="5" lemma="|good|" pos="JJ" wid="5">good</w>
  <w id="6" lemma="|Sunday|" pos="NNP" wid="6">Sunday</w>
  <w id="7" lemma="|.|" pos="." wid="7">.</w>
</sentence>
</corpus>