<corpus id="0">
<sentence id="0">
  <w id="0" lemma="|Dear|" pos="NNP" wid="0">Dear</w>
  <w id="1" lemma="|Brothers|" pos="NNPS" wid="1">Brothers</w>
  <w id="2" lemma="|and|" pos="CC" wid="2">and</w>
  <w id="3" lemma="|sister|" pos="NNS" wid="3">Sisters</w>
  <w id="4" lemma="|,|" pos="," wid="4">,</w>
  <w id="5" lemma="|on|" pos="IN" wid="5">On</w>
  <w id="6" lemma="|this|" pos="DT" wid="6">this</w>
  <w id="7" lemma="|Seventh|" pos="NNP" wid="7">Seventh</w>
  <w id="8" lemma="|Sunday|" pos="NNP" wid="8">Sunday</w>
  <w id="9" lemma="|of|" pos="IN" wid="9">of</w>
  <w id="10" lemma="|Ordinary|" pos="NNP" wid="10">Ordinary</w>
  <w id="11" lemma="|Time|" pos="NNP" wid="11">Time</w>
  <w id="12" lemma="|the|" pos="DT" wid="12">the</w>
  <w id="13" lemma="|biblical|" pos="JJ" wid="13">biblical</w>
  <w id="14" lemma="|reading|" pos="NNS" wid="14">readings</w>
  <w id="15" lemma="|speak|" pos="VBP" wid="15">speak</w>
  <w id="16" lemma="|to|" pos="TO" wid="16">to</w>
  <w id="17" lemma="|we|" pos="PRP" wid="17">us</w>
  <w id="18" lemma="|of|" pos="IN" wid="18">of</w>
  <w id="19" lemma="|God|" pos="NNP" wid="19">God</w>
  <w id="20" lemma="|'s|" pos="POS" wid="20">'s</w>
  <w id="21" lemma="|desire|" pos="NN" wid="21">desire</w>
  <w id="22" lemma="|to|" pos="TO" wid="22">to</w>
  <w id="23" lemma="|make|" pos="VB" wid="23">make</w>
  <w id="24" lemma="|all|" pos="DT" wid="24">all</w>
  <w id="25" lemma="|human|" pos="JJ" wid="25">human</w>
  <w id="26" lemma="|being|" pos="NNS" wid="26">beings</w>
  <w id="27" lemma="|share|" pos="NN" wid="27">share</w>
  <w id="28" lemma="|in|" pos="IN" wid="28">in</w>
  <w id="29" lemma="|he|" pos="PRP$" wid="29">his</w>
  <w id="30" lemma="|life|" pos="NN" wid="30">life</w>
  <w id="31" lemma="|:|" pos=":" wid="31">:</w>
  <w id="32" lemma="|``|" pos="``" wid="32">``</w>
  <w id="33" lemma="|you|" pos="PRP" wid="33">You</w>
  <w id="34" lemma="|shall|" pos="MD" wid="34">shall</w>
  <w id="35" lemma="|be|" pos="VB" wid="35">be</w>
  <w id="36" lemma="|holy|" pos="JJ" wid="36">holy</w>
  <w id="37" lemma="|,|" pos="," wid="37">,</w>
  <w id="38" lemma="|for|" pos="IN" wid="38">for</w>
  <w id="39" lemma="|I|" pos="PRP" wid="39">I</w>
  <w id="40" lemma="|the|" pos="DT" wid="40">the</w>
  <w id="41" lemma="|Lord|" pos="NNP" wid="41">Lord</w>
  <w id="42" lemma="|you|" pos="PRP$" wid="42">your</w>
  <w id="43" lemma="|God|" pos="NNP" wid="43">God</w>
  <w id="44" lemma="|am|" pos="RB" wid="44">am</w>
  <w id="45" lemma="|holy|" pos="JJ" wid="45">holy</w>
  <w id="46" lemma="|''|" pos="''" wid="46">''</w>
  <w id="47" lemma="|,|" pos="," wid="47">,</w>
  <w id="48" lemma="|we|" pos="PRP" wid="48">we</w>
  <w id="49" lemma="|read|" pos="VBP" wid="49">read</w>
  <w id="50" lemma="|in|" pos="IN" wid="50">in</w>
  <w id="51" lemma="|the|" pos="DT" wid="51">the</w>
  <w id="52" lemma="|Book|" pos="NNP" wid="52">Book</w>
  <w id="53" lemma="|of|" pos="IN" wid="53">of</w>
  <w id="54" lemma="|Leviticus|" pos="NNP" wid="54">Leviticus</w>
  <w id="55" lemma="|-lrb-|" pos="-LRB-" wid="55">-LRB-</w>
  <w id="56" lemma="|19:1|" pos="CD" wid="56">19:1</w>
  <w id="57" lemma="|-rrb-|" pos="-RRB-" wid="57">-RRB-</w>
  <w id="58" lemma="|.|" pos="." wid="58">.</w>
</sentence>
<sentence id="1">
  <w id="0" lemma="|with|" pos="IN" wid="0">With</w>
  <w id="1" lemma="|these|" pos="DT" wid="1">these</w>
  <w id="2" lemma="|word|" pos="NNS" wid="2">words</w>
  <w id="3" lemma="|and|" pos="CC" wid="3">and</w>
  <w id="4" lemma="|with|" pos="IN" wid="4">with</w>
  <w id="5" lemma="|the|" pos="DT" wid="5">the</w>
  <w id="6" lemma="|consequent|" pos="JJ" wid="6">consequent</w>
  <w id="7" lemma="|precept|" pos="NNS" wid="7">precepts</w>
  <w id="8" lemma="|the|" pos="DT" wid="8">the</w>
  <w id="9" lemma="|Lord|" pos="NNP" wid="9">Lord</w>
  <w id="10" lemma="|invite|" pos="VBD" wid="10">invited</w>
  <w id="11" lemma="|the|" pos="DT" wid="11">the</w>
  <w id="12" lemma="|people|" pos="NNS" wid="12">People</w>
  <w id="13" lemma="|whom|" pos="WP" wid="13">whom</w>
  <w id="14" lemma="|he|" pos="PRP" wid="14">he</w>
  <w id="15" lemma="|have|" pos="VBD" wid="15">had</w>
  <w id="16" lemma="|choose|" pos="VBN" wid="16">chosen</w>
  <w id="17" lemma="|to|" pos="TO" wid="17">to</w>
  <w id="18" lemma="|be|" pos="VB" wid="18">be</w>
  <w id="19" lemma="|faithful|" pos="JJ" wid="19">faithful</w>
  <w id="20" lemma="|to|" pos="TO" wid="20">to</w>
  <w id="21" lemma="|the|" pos="DT" wid="21">the</w>
  <w id="22" lemma="|covenant|" pos="NN" wid="22">Covenant</w>
  <w id="23" lemma="|with|" pos="IN" wid="23">with</w>
  <w id="24" lemma="|he|" pos="PRP" wid="24">him</w>
  <w id="25" lemma="|,|" pos="," wid="25">,</w>
  <w id="26" lemma="|to|" pos="TO" wid="26">to</w>
  <w id="27" lemma="|walk|" pos="VB" wid="27">walk</w>
  <w id="28" lemma="|on|" pos="IN" wid="28">on</w>
  <w id="29" lemma="|he|" pos="PRP$" wid="29">his</w>
  <w id="30" lemma="|path|" pos="NN" wid="30">path</w>
  <w id="31" lemma="|;|" pos=":" wid="31">;</w>
  <w id="32" lemma="|and|" pos="CC" wid="32">and</w>
  <w id="33" lemma="|he|" pos="PRP" wid="33">he</w>
  <w id="34" lemma="|found|" pos="VBD" wid="34">founded</w>
  <w id="35" lemma="|social|" pos="JJ" wid="35">social</w>
  <w id="36" lemma="|legislation|" pos="NN" wid="36">legislation</w>
  <w id="37" lemma="|on|" pos="IN" wid="37">on</w>
  <w id="38" lemma="|the|" pos="DT" wid="38">the</w>
  <w id="39" lemma="|commandment|" pos="NN" wid="39">commandment</w>
  <w id="40" lemma="|``|" pos="``" wid="40">``</w>
  <w id="41" lemma="|you|" pos="PRP" wid="41">you</w>
  <w id="42" lemma="|shall|" pos="MD" wid="42">shall</w>
  <w id="43" lemma="|love|" pos="VB" wid="43">love</w>
  <w id="44" lemma="|you|" pos="PRP$" wid="44">your</w>
  <w id="45" lemma="|neighbour|" pos="NN" wid="45">neighbour</w>
  <w id="46" lemma="|as|" pos="IN" wid="46">as</w>
  <w id="47" lemma="|yourself|" pos="PRP" wid="47">yourself</w>
  <w id="48" lemma="|''|" pos="''" wid="48">''</w>
  <w id="49" lemma="|-lrb-|" pos="-LRB-" wid="49">-LRB-</w>
  <w id="50" lemma="|Lev|" pos="NNP" wid="50">Lev</w>
  <w id="51" lemma="|19:18|" pos="CD" wid="51">19:18</w>
  <w id="52" lemma="|-rrb-|" pos="-RRB-" wid="52">-RRB-</w>
  <w id="53" lemma="|.|" pos="." wid="53">.</w>
</sentence>
<sentence id="2">
  <w id="0" lemma="|then|" pos="RB" wid="0">Then</w>
  <w id="1" lemma="|if|" pos="IN" wid="1">if</w>
  <w id="2" lemma="|we|" pos="PRP" wid="2">we</w>
  <w id="3" lemma="|listen|" pos="VBP" wid="3">listen</w>
  <w id="4" lemma="|to|" pos="TO" wid="4">to</w>
  <w id="5" lemma="|Jesus|" pos="NNP" wid="5">Jesus</w>
  <w id="6" lemma="|in|" pos="IN" wid="6">in</w>
  <w id="7" lemma="|whom|" pos="WP" wid="7">whom</w>
  <w id="8" lemma="|God|" pos="NNP" wid="8">God</w>
  <w id="9" lemma="|take|" pos="VBD" wid="9">took</w>
  <w id="10" lemma="|a|" pos="DT" wid="10">a</w>
  <w id="11" lemma="|mortal|" pos="JJ" wid="11">mortal</w>
  <w id="12" lemma="|body|" pos="NN" wid="12">body</w>
  <w id="13" lemma="|to|" pos="TO" wid="13">to</w>
  <w id="14" lemma="|make|" pos="VB" wid="14">make</w>
  <w id="15" lemma="|himself|" pos="PRP" wid="15">himself</w>
  <w id="16" lemma="|close|" pos="RB" wid="16">close</w>
  <w id="17" lemma="|to|" pos="TO" wid="17">to</w>
  <w id="18" lemma="|every|" pos="DT" wid="18">every</w>
  <w id="19" lemma="|human|" pos="JJ" wid="19">human</w>
  <w id="20" lemma="|being|" pos="NN" wid="20">being</w>
  <w id="21" lemma="|and|" pos="CC" wid="21">and</w>
  <w id="22" lemma="|reveal|" pos="VB" wid="22">reveal</w>
  <w id="23" lemma="|he|" pos="PRP$" wid="23">his</w>
  <w id="24" lemma="|infinite|" pos="JJ" wid="24">infinite</w>
  <w id="25" lemma="|love|" pos="NN" wid="25">love</w>
  <w id="26" lemma="|for|" pos="IN" wid="26">for</w>
  <w id="27" lemma="|we|" pos="PRP" wid="27">us</w>
  <w id="28" lemma="|,|" pos="," wid="28">,</w>
  <w id="29" lemma="|we|" pos="PRP" wid="29">we</w>
  <w id="30" lemma="|find|" pos="VBP" wid="30">find</w>
  <w id="31" lemma="|that|" pos="IN" wid="31">that</w>
  <w id="32" lemma="|same|" pos="JJ" wid="32">same</w>
  <w id="33" lemma="|call|" pos="NN" wid="33">call</w>
  <w id="34" lemma="|,|" pos="," wid="34">,</w>
  <w id="35" lemma="|that|" pos="IN" wid="35">that</w>
  <w id="36" lemma="|same|" pos="JJ" wid="36">same</w>
  <w id="37" lemma="|audacious|" pos="JJ" wid="37">audacious</w>
  <w id="38" lemma="|objective|" pos="NN" wid="38">objective</w>
  <w id="39" lemma="|.|" pos="." wid="39">.</w>
</sentence>
<sentence id="3">
  <w id="0" lemma="|indeed|" pos="RB" wid="0">Indeed</w>
  <w id="1" lemma="|,|" pos="," wid="1">,</w>
  <w id="2" lemma="|the|" pos="DT" wid="2">the</w>
  <w id="3" lemma="|Lord|" pos="NNP" wid="3">Lord</w>
  <w id="4" lemma="|say|" pos="VBZ" wid="4">says</w>
  <w id="5" lemma="|:|" pos=":" wid="5">:</w>
  <w id="6" lemma="|``|" pos="``" wid="6">``</w>
  <w id="7" lemma="|you|" pos="PRP" wid="7">You</w>
  <w id="8" lemma="|,|" pos="," wid="8">,</w>
  <w id="9" lemma="|therefore|" pos="RB" wid="9">therefore</w>
  <w id="10" lemma="|,|" pos="," wid="10">,</w>
  <w id="11" lemma="|must|" pos="MD" wid="11">must</w>
  <w id="12" lemma="|be|" pos="VB" wid="12">be</w>
  <w id="13" lemma="|perfect|" pos="JJ" wid="13">perfect</w>
  <w id="14" lemma="|,|" pos="," wid="14">,</w>
  <w id="15" lemma="|as|" pos="IN" wid="15">as</w>
  <w id="16" lemma="|you|" pos="PRP$" wid="16">your</w>
  <w id="17" lemma="|heavenly|" pos="JJ" wid="17">heavenly</w>
  <w id="18" lemma="|Father|" pos="NNP" wid="18">Father</w>
  <w id="19" lemma="|be|" pos="VBZ" wid="19">is</w>
  <w id="20" lemma="|perfect|" pos="JJ" wid="20">perfect</w>
  <w id="21" lemma="|''|" pos="''" wid="21">''</w>
  <w id="22" lemma="|-lrb-|" pos="-LRB-" wid="22">-LRB-</w>
  <w id="23" lemma="|mt|" pos="NN" wid="23">Mt</w>
  <w id="24" lemma="|5:48|" pos="CD" wid="24">5:48</w>
  <w id="25" lemma="|-rrb-|" pos="-RRB-" wid="25">-RRB-</w>
  <w id="26" lemma="|.|" pos="." wid="26">.</w>
</sentence>
<sentence id="4">
  <w id="0" lemma="|but|" pos="CC" wid="0">But</w>
  <w id="1" lemma="|who|" pos="WP" wid="1">who</w>
  <w id="2" lemma="|could|" pos="MD" wid="2">could</w>
  <w id="3" lemma="|become|" pos="VB" wid="3">become</w>
  <w id="4" lemma="|perfect|" pos="JJ" wid="4">perfect</w>
  <w id="5" lemma="|?|" pos="." wid="5">?</w>
</sentence>
<sentence id="5">
  <w id="0" lemma="|we|" pos="PRP$" wid="0">Our</w>
  <w id="1" lemma="|perfection|" pos="NN" wid="1">perfection</w>
  <w id="2" lemma="|be|" pos="VBZ" wid="2">is</w>
  <w id="3" lemma="|live|" pos="VBG" wid="3">living</w>
  <w id="4" lemma="|humbly|" pos="RB" wid="4">humbly</w>
  <w id="5" lemma="|as|" pos="IN" wid="5">as</w>
  <w id="6" lemma="|child|" pos="NNS" wid="6">children</w>
  <w id="7" lemma="|of|" pos="IN" wid="7">of</w>
  <w id="8" lemma="|God|" pos="NNP" wid="8">God</w>
  <w id="9" lemma="|,|" pos="," wid="9">,</w>
  <w id="10" lemma="|do|" pos="VBG" wid="10">doing</w>
  <w id="11" lemma="|he|" pos="PRP$" wid="11">his</w>
  <w id="12" lemma="|will|" pos="NN" wid="12">will</w>
  <w id="13" lemma="|in|" pos="IN" wid="13">in</w>
  <w id="14" lemma="|practice|" pos="NN" wid="14">practice</w>
  <w id="15" lemma="|.|" pos="." wid="15">.</w>
</sentence>
<sentence id="6">
  <w id="0" lemma="|St|" pos="NNP" wid="0">St</w>
  <w id="1" lemma="|Cyprian|" pos="NNP" wid="1">Cyprian</w>
  <w id="2" lemma="|write|" pos="VBD" wid="2">wrote</w>
  <w id="3" lemma="|:|" pos=":" wid="3">:</w>
  <w id="4" lemma="|``|" pos="``" wid="4">``</w>
  <w id="5" lemma="|that|" pos="IN" wid="5">that</w>
  <w id="6" lemma="|the|" pos="DT" wid="6">the</w>
  <w id="7" lemma="|godly|" pos="JJ" wid="7">godly</w>
  <w id="8" lemma="|discipline|" pos="NN" wid="8">discipline</w>
  <w id="9" lemma="|might|" pos="MD" wid="9">might</w>
  <w id="10" lemma="|respond|" pos="VB" wid="10">respond</w>
  <w id="11" lemma="|to|" pos="TO" wid="11">to</w>
  <w id="12" lemma="|God|" pos="NNP" wid="12">God</w>
  <w id="13" lemma="|,|" pos="," wid="13">,</w>
  <w id="14" lemma="|the|" pos="DT" wid="14">the</w>
  <w id="15" lemma="|Father|" pos="NNP" wid="15">Father</w>
  <w id="16" lemma="|,|" pos="," wid="16">,</w>
  <w id="17" lemma="|that|" pos="IN" wid="17">that</w>
  <w id="18" lemma="|in|" pos="IN" wid="18">in</w>
  <w id="19" lemma="|the|" pos="DT" wid="19">the</w>
  <w id="20" lemma="|honour|" pos="NN" wid="20">honour</w>
  <w id="21" lemma="|and|" pos="CC" wid="21">and</w>
  <w id="22" lemma="|praise|" pos="NN" wid="22">praise</w>
  <w id="23" lemma="|of|" pos="IN" wid="23">of</w>
  <w id="24" lemma="|living|" pos="NN" wid="24">living</w>
  <w id="25" lemma="|,|" pos="," wid="25">,</w>
  <w id="26" lemma="|God|" pos="NNP" wid="26">God</w>
  <w id="27" lemma="|may|" pos="MD" wid="27">may</w>
  <w id="28" lemma="|be|" pos="VB" wid="28">be</w>
  <w id="29" lemma="|glorify|" pos="VBN" wid="29">glorified</w>
  <w id="30" lemma="|in|" pos="IN" wid="30">in</w>
  <w id="31" lemma="|man|" pos="NN" wid="31">man</w>
  <w id="32" lemma="|-lrb-|" pos="-LRB-" wid="32">-LRB-</w>
  <w id="33" lemma="|De|" pos="NNP" wid="33">De</w>
  <w id="34" lemma="|zelo|" pos="FW" wid="34">zelo</w>
  <w id="35" lemma="|et|" pos="FW" wid="35">et</w>
  <w id="36" lemma="|livore|" pos="FW" wid="36">livore</w>
  <w id="37" lemma="|-lsb-|" pos="-LRB-" wid="37">-LSB-</w>
  <w id="38" lemma="|on|" pos="IN" wid="38">On</w>
  <w id="39" lemma="|jealousy|" pos="NN" wid="39">jealousy</w>
  <w id="40" lemma="|and|" pos="CC" wid="40">and</w>
  <w id="41" lemma="|envy|" pos="NN" wid="41">envy</w>
  <w id="42" lemma="|-rsb-|" pos="-RRB-" wid="42">-RSB-</w>
  <w id="43" lemma="|,|" pos="," wid="43">,</w>
  <w id="44" lemma="|15|" pos="CD" wid="44">15</w>
  <w id="45" lemma="|:|" pos=":" wid="45">:</w>
  <w id="46" lemma="|ccl|" pos="NN" wid="46">CCL</w>
  <w id="47" lemma="|3a|" pos="NN" wid="47">3a</w>
  <w id="48" lemma="|,|" pos="," wid="48">,</w>
  <w id="49" lemma="|83|" pos="CD" wid="49">83</w>
  <w id="50" lemma="|-rrb-|" pos="-RRB-" wid="50">-RRB-</w>
  <w id="51" lemma="|.|" pos="." wid="51">.</w>
</sentence>
<sentence id="7">
  <w id="0" lemma="|how|" pos="WRB" wid="0">How</w>
  <w id="1" lemma="|can|" pos="MD" wid="1">can</w>
  <w id="2" lemma="|we|" pos="PRP" wid="2">we</w>
  <w id="3" lemma="|imitate|" pos="VB" wid="3">imitate</w>
  <w id="4" lemma="|Jesus|" pos="NNP" wid="4">Jesus</w>
  <w id="5" lemma="|?|" pos="." wid="5">?</w>
</sentence>
<sentence id="8">
  <w id="0" lemma="|he|" pos="PRP" wid="0">He</w>
  <w id="1" lemma="|say|" pos="VBD" wid="1">said</w>
  <w id="2" lemma="|:|" pos=":" wid="2">:</w>
  <w id="3" lemma="|``|" pos="``" wid="3">``</w>
  <w id="4" lemma="|Love|" pos="NNP" wid="4">Love</w>
  <w id="5" lemma="|you|" pos="PRP$" wid="5">your</w>
  <w id="6" lemma="|enemy|" pos="NNS" wid="6">enemies</w>
  <w id="7" lemma="|and|" pos="CC" wid="7">and</w>
  <w id="8" lemma="|pray|" pos="VB" wid="8">pray</w>
  <w id="9" lemma="|for|" pos="IN" wid="9">for</w>
  <w id="10" lemma="|those|" pos="DT" wid="10">those</w>
  <w id="11" lemma="|who|" pos="WP" wid="11">who</w>
  <w id="12" lemma="|persecute|" pos="VBP" wid="12">persecute</w>
  <w id="13" lemma="|you|" pos="PRP" wid="13">you</w>
  <w id="14" lemma="|,|" pos="," wid="14">,</w>
  <w id="15" lemma="|so|" pos="IN" wid="15">so</w>
  <w id="16" lemma="|that|" pos="IN" wid="16">that</w>
  <w id="17" lemma="|you|" pos="PRP" wid="17">you</w>
  <w id="18" lemma="|may|" pos="MD" wid="18">may</w>
  <w id="19" lemma="|be|" pos="VB" wid="19">be</w>
  <w id="20" lemma="|son|" pos="NNS" wid="20">sons</w>
  <w id="21" lemma="|of|" pos="IN" wid="21">of</w>
  <w id="22" lemma="|you|" pos="PRP$" wid="22">your</w>
  <w id="23" lemma="|Father|" pos="NNP" wid="23">Father</w>
  <w id="24" lemma="|who|" pos="WP" wid="24">who</w>
  <w id="25" lemma="|be|" pos="VBZ" wid="25">is</w>
  <w id="26" lemma="|in|" pos="IN" wid="26">in</w>
  <w id="27" lemma="|Heaven|" pos="NNP" wid="27">Heaven</w>
  <w id="28" lemma="|''|" pos="''" wid="28">''</w>
  <w id="29" lemma="|-lrb-|" pos="-LRB-" wid="29">-LRB-</w>
  <w id="30" lemma="|mt|" pos="NN" wid="30">Mt</w>
  <w id="31" lemma="|5:44|" pos="CD" wid="31">5:44</w>
  <w id="32" lemma="|-45|" pos="CD" wid="32">-45</w>
  <w id="33" lemma="|-rrb-|" pos="-RRB-" wid="33">-RRB-</w>
  <w id="34" lemma="|.|" pos="." wid="34">.</w>
</sentence>
<sentence id="9">
  <w id="0" lemma="|anyone|" pos="NN" wid="0">Anyone</w>
  <w id="1" lemma="|who|" pos="WP" wid="1">who</w>
  <w id="2" lemma="|welcome|" pos="VBZ" wid="2">welcomes</w>
  <w id="3" lemma="|the|" pos="DT" wid="3">the</w>
  <w id="4" lemma="|Lord|" pos="NNP" wid="4">Lord</w>
  <w id="5" lemma="|into|" pos="IN" wid="5">into</w>
  <w id="6" lemma="|he|" pos="PRP$" wid="6">his</w>
  <w id="7" lemma="|life|" pos="NN" wid="7">life</w>
  <w id="8" lemma="|and|" pos="CC" wid="8">and</w>
  <w id="9" lemma="|love|" pos="VBZ" wid="9">loves</w>
  <w id="10" lemma="|he|" pos="PRP" wid="10">him</w>
  <w id="11" lemma="|with|" pos="IN" wid="11">with</w>
  <w id="12" lemma="|all|" pos="PDT" wid="12">all</w>
  <w id="13" lemma="|he|" pos="PRP$" wid="13">his</w>
  <w id="14" lemma="|heart|" pos="NN" wid="14">heart</w>
  <w id="15" lemma="|be|" pos="VBZ" wid="15">is</w>
  <w id="16" lemma="|capable|" pos="JJ" wid="16">capable</w>
  <w id="17" lemma="|of|" pos="IN" wid="17">of</w>
  <w id="18" lemma="|a|" pos="DT" wid="18">a</w>
  <w id="19" lemma="|new|" pos="JJ" wid="19">new</w>
  <w id="20" lemma="|beginning|" pos="NN" wid="20">beginning</w>
  <w id="21" lemma="|.|" pos="." wid="21">.</w>
</sentence>
<sentence id="10">
  <w id="0" lemma="|he|" pos="PRP" wid="0">He</w>
  <w id="1" lemma="|succeed|" pos="VBZ" wid="1">succeeds</w>
  <w id="2" lemma="|in|" pos="IN" wid="2">in</w>
  <w id="3" lemma="|do|" pos="VBG" wid="3">doing</w>
  <w id="4" lemma="|God|" pos="NNP" wid="4">God</w>
  <w id="5" lemma="|'s|" pos="POS" wid="5">'s</w>
  <w id="6" lemma="|will|" pos="NN" wid="6">will</w>
  <w id="7" lemma="|:|" pos=":" wid="7">:</w>
  <w id="8" lemma="|to|" pos="TO" wid="8">to</w>
  <w id="9" lemma="|bring|" pos="VB" wid="9">bring</w>
  <w id="10" lemma="|about|" pos="RP" wid="10">about</w>
  <w id="11" lemma="|a|" pos="DT" wid="11">a</w>
  <w id="12" lemma="|new|" pos="JJ" wid="12">new</w>
  <w id="13" lemma="|form|" pos="NN" wid="13">form</w>
  <w id="14" lemma="|of|" pos="IN" wid="14">of</w>
  <w id="15" lemma="|existence|" pos="NN" wid="15">existence</w>
  <w id="16" lemma="|enliven|" pos="VBN" wid="16">enlivened</w>
  <w id="17" lemma="|by|" pos="IN" wid="17">by</w>
  <w id="18" lemma="|love|" pos="NN" wid="18">love</w>
  <w id="19" lemma="|and|" pos="CC" wid="19">and</w>
  <w id="20" lemma="|destine|" pos="VBN" wid="20">destined</w>
  <w id="21" lemma="|for|" pos="IN" wid="21">for</w>
  <w id="22" lemma="|eternity|" pos="NN" wid="22">eternity</w>
  <w id="23" lemma="|.|" pos="." wid="23">.</w>
</sentence>
<sentence id="11">
  <w id="0" lemma="|the|" pos="DT" wid="0">The</w>
  <w id="1" lemma="|Apostle|" pos="NNP" wid="1">Apostle</w>
  <w id="2" lemma="|Paul|" pos="NNP" wid="2">Paul</w>
  <w id="3" lemma="|add|" pos="VBD" wid="3">added</w>
  <w id="4" lemma="|:|" pos=":" wid="4">:</w>
  <w id="5" lemma="|``|" pos="``" wid="5">``</w>
  <w id="6" lemma="|do|" pos="VBP" wid="6">Do</w>
  <w id="7" lemma="|you|" pos="PRP" wid="7">you</w>
  <w id="8" lemma="|not|" pos="RB" wid="8">not</w>
  <w id="9" lemma="|know|" pos="VB" wid="9">know</w>
  <w id="10" lemma="|that|" pos="IN" wid="10">that</w>
  <w id="11" lemma="|you|" pos="PRP" wid="11">you</w>
  <w id="12" lemma="|be|" pos="VBP" wid="12">are</w>
  <w id="13" lemma="|God|" pos="NNP" wid="13">God</w>
  <w id="14" lemma="|'s|" pos="POS" wid="14">'s</w>
  <w id="15" lemma="|temple|" pos="NN" wid="15">temple</w>
  <w id="16" lemma="|and|" pos="CC" wid="16">and</w>
  <w id="17" lemma="|that|" pos="IN" wid="17">that</w>
  <w id="18" lemma="|God|" pos="NNP" wid="18">God</w>
  <w id="19" lemma="|'s|" pos="POS" wid="19">'s</w>
  <w id="20" lemma="|spirit|" pos="NN" wid="20">Spirit</w>
  <w id="21" lemma="|dwell|" pos="NNS" wid="21">dwells</w>
  <w id="22" lemma="|in|" pos="IN" wid="22">in</w>
  <w id="23" lemma="|you|" pos="PRP" wid="23">you</w>
  <w id="24" lemma="|?|" pos="." wid="24">?</w>
  <w id="25" lemma="|''|" pos="''" wid="25">''</w>
</sentence>
<sentence id="12">
  <w id="0" lemma="|-lrb-|" pos="-LRB-" wid="0">-LRB-</w>
  <w id="1" lemma="|i|" pos="NN" wid="1">I</w>
  <w id="2" lemma="|cor|" pos="NN" wid="2">Cor</w>
  <w id="3" lemma="|3:16|" pos="CD" wid="3">3:16</w>
  <w id="4" lemma="|-rrb-|" pos="-RRB-" wid="4">-RRB-</w>
  <w id="5" lemma="|.|" pos="." wid="5">.</w>
</sentence>
<sentence id="13">
  <w id="0" lemma="|if|" pos="IN" wid="0">If</w>
  <w id="1" lemma="|we|" pos="PRP" wid="1">we</w>
  <w id="2" lemma="|be|" pos="VBP" wid="2">are</w>
  <w id="3" lemma="|truly|" pos="RB" wid="3">truly</w>
  <w id="4" lemma="|aware|" pos="JJ" wid="4">aware</w>
  <w id="5" lemma="|of|" pos="IN" wid="5">of</w>
  <w id="6" lemma="|this|" pos="DT" wid="6">this</w>
  <w id="7" lemma="|reality|" pos="NN" wid="7">reality</w>
  <w id="8" lemma="|and|" pos="CC" wid="8">and</w>
  <w id="9" lemma="|we|" pos="PRP$" wid="9">our</w>
  <w id="10" lemma="|life|" pos="NN" wid="10">life</w>
  <w id="11" lemma="|be|" pos="VBZ" wid="11">is</w>
  <w id="12" lemma="|profoundly|" pos="RB" wid="12">profoundly</w>
  <w id="13" lemma="|shape|" pos="VBN" wid="13">shaped</w>
  <w id="14" lemma="|by|" pos="IN" wid="14">by</w>
  <w id="15" lemma="|it|" pos="PRP" wid="15">it</w>
  <w id="16" lemma="|,|" pos="," wid="16">,</w>
  <w id="17" lemma="|then|" pos="RB" wid="17">then</w>
  <w id="18" lemma="|we|" pos="PRP$" wid="18">our</w>
  <w id="19" lemma="|witness|" pos="NN" wid="19">witness</w>
  <w id="20" lemma="|become|" pos="VBZ" wid="20">becomes</w>
  <w id="21" lemma="|clear|" pos="JJ" wid="21">clear</w>
  <w id="22" lemma="|,|" pos="," wid="22">,</w>
  <w id="23" lemma="|eloquent|" pos="JJ" wid="23">eloquent</w>
  <w id="24" lemma="|and|" pos="CC" wid="24">and</w>
  <w id="25" lemma="|effective|" pos="JJ" wid="25">effective</w>
  <w id="26" lemma="|.|" pos="." wid="26">.</w>
</sentence>
<sentence id="14">
  <w id="0" lemma="|a|" pos="DT" wid="0">A</w>
  <w id="1" lemma="|medieval|" pos="JJ" wid="1">medieval</w>
  <w id="2" lemma="|author|" pos="NN" wid="2">author</w>
  <w id="3" lemma="|write|" pos="VBD" wid="3">wrote</w>
  <w id="4" lemma="|:|" pos=":" wid="4">:</w>
  <w id="5" lemma="|``|" pos="``" wid="5">``</w>
  <w id="6" lemma="|when|" pos="WRB" wid="6">When</w>
  <w id="7" lemma="|the|" pos="DT" wid="7">the</w>
  <w id="8" lemma="|whole|" pos="NN" wid="8">whole</w>
  <w id="9" lemma="|of|" pos="IN" wid="9">of</w>
  <w id="10" lemma="|man|" pos="NN" wid="10">man</w>
  <w id="11" lemma="|'s|" pos="POS" wid="11">'s</w>
  <w id="12" lemma="|being|" pos="NN" wid="12">being</w>
  <w id="13" lemma="|be|" pos="VBZ" wid="13">is</w>
  <w id="14" lemma="|,|" pos="," wid="14">,</w>
  <w id="15" lemma="|so|" pos="RB" wid="15">so</w>
  <w id="16" lemma="|to|" pos="TO" wid="16">to</w>
  <w id="17" lemma="|speak|" pos="VB" wid="17">speak</w>
  <w id="18" lemma="|,|" pos="," wid="18">,</w>
  <w id="19" lemma="|mingle|" pos="VBN" wid="19">mingled</w>
  <w id="20" lemma="|with|" pos="IN" wid="20">with</w>
  <w id="21" lemma="|God|" pos="NNP" wid="21">God</w>
  <w id="22" lemma="|'s|" pos="POS" wid="22">'s</w>
  <w id="23" lemma="|love|" pos="NN" wid="23">love</w>
  <w id="24" lemma="|,|" pos="," wid="24">,</w>
  <w id="25" lemma="|the|" pos="DT" wid="25">the</w>
  <w id="26" lemma="|splendour|" pos="NN" wid="26">splendour</w>
  <w id="27" lemma="|of|" pos="IN" wid="27">of</w>
  <w id="28" lemma="|he|" pos="PRP$" wid="28">his</w>
  <w id="29" lemma="|soul|" pos="NN" wid="29">soul</w>
  <w id="30" lemma="|be|" pos="VBZ" wid="30">is</w>
  <w id="31" lemma="|also|" pos="RB" wid="31">also</w>
  <w id="32" lemma="|reflect|" pos="VBN" wid="32">reflected</w>
  <w id="33" lemma="|in|" pos="IN" wid="33">in</w>
  <w id="34" lemma="|he|" pos="PRP$" wid="34">his</w>
  <w id="35" lemma="|external|" pos="JJ" wid="35">external</w>
  <w id="36" lemma="|aspect|" pos="NN" wid="36">aspect</w>
  <w id="37" lemma="|''|" pos="''" wid="37">''</w>
  <w id="38" lemma="|-lrb-|" pos="-LRB-" wid="38">-LRB-</w>
  <w id="39" lemma="|John|" pos="NNP" wid="39">John</w>
  <w id="40" lemma="|Climacus|" pos="NNP" wid="40">Climacus</w>
  <w id="41" lemma="|,|" pos="," wid="41">,</w>
  <w id="42" lemma="|The|" pos="NNP" wid="42">The</w>
  <w id="43" lemma="|Ladder|" pos="NNP" wid="43">Ladder</w>
  <w id="44" lemma="|of|" pos="IN" wid="44">of</w>
  <w id="45" lemma="|Divine|" pos="NNP" wid="45">Divine</w>
  <w id="46" lemma="|Ascent|" pos="NNP" wid="46">Ascent</w>
  <w id="47" lemma="|,|" pos="," wid="47">,</w>
  <w id="48" lemma="|XXX|" pos="NNP" wid="48">XXX</w>
  <w id="49" lemma="|:|" pos=":" wid="49">:</w>
  <w id="50" lemma="|pg|" pos="NN" wid="50">PG</w>
  <w id="51" lemma="|88|" pos="CD" wid="51">88</w>
  <w id="52" lemma="|,|" pos="," wid="52">,</w>
  <w id="53" lemma="|1157|" pos="CD" wid="53">1157</w>
  <w id="54" lemma="|b|" pos="NN" wid="54">B</w>
  <w id="55" lemma="|-rrb-|" pos="-RRB-" wid="55">-RRB-</w>
  <w id="56" lemma="|,|" pos="," wid="56">,</w>
  <w id="57" lemma="|in|" pos="IN" wid="57">in</w>
  <w id="58" lemma="|the|" pos="DT" wid="58">the</w>
  <w id="59" lemma="|totality|" pos="NN" wid="59">totality</w>
  <w id="60" lemma="|of|" pos="IN" wid="60">of</w>
  <w id="61" lemma="|life|" pos="NN" wid="61">life</w>
  <w id="62" lemma="|.|" pos="." wid="62">.</w>
</sentence>
<sentence id="15">
  <w id="0" lemma="|``|" pos="``" wid="0">``</w>
  <w id="1" lemma="|love|" pos="NN" wid="1">Love</w>
  <w id="2" lemma="|be|" pos="VBZ" wid="2">is</w>
  <w id="3" lemma="|a|" pos="DT" wid="3">an</w>
  <w id="4" lemma="|excellent|" pos="JJ" wid="4">excellent</w>
  <w id="5" lemma="|thing|" pos="NN" wid="5">thing</w>
  <w id="6" lemma="|''|" pos="''" wid="6">''</w>
  <w id="7" lemma="|,|" pos="," wid="7">,</w>
  <w id="8" lemma="|we|" pos="PRP" wid="8">we</w>
  <w id="9" lemma="|read|" pos="VBP" wid="9">read</w>
  <w id="10" lemma="|in|" pos="IN" wid="10">in</w>
  <w id="11" lemma="|the|" pos="DT" wid="11">the</w>
  <w id="12" lemma="|book|" pos="NN" wid="12">book</w>
  <w id="13" lemma="|the|" pos="DT" wid="13">the</w>
  <w id="14" lemma="|imitation|" pos="NN" wid="14">Imitation</w>
  <w id="15" lemma="|of|" pos="IN" wid="15">of</w>
  <w id="16" lemma="|Christ|" pos="NNP" wid="16">Christ</w>
  <w id="17" lemma="|.|" pos="." wid="17">.</w>
</sentence>
<sentence id="16">
  <w id="0" lemma="|``|" pos="``" wid="0">``</w>
  <w id="1" lemma="|it|" pos="PRP" wid="1">It</w>
  <w id="2" lemma="|make|" pos="VBZ" wid="2">makes</w>
  <w id="3" lemma="|every|" pos="DT" wid="3">every</w>
  <w id="4" lemma="|difficulty|" pos="NN" wid="4">difficulty</w>
  <w id="5" lemma="|easy|" pos="JJ" wid="5">easy</w>
  <w id="6" lemma="|,|" pos="," wid="6">,</w>
  <w id="7" lemma="|and|" pos="CC" wid="7">and</w>
  <w id="8" lemma="|bear|" pos="VBZ" wid="8">bears</w>
  <w id="9" lemma="|all|" pos="DT" wid="9">all</w>
  <w id="10" lemma="|wrong|" pos="NNS" wid="10">wrongs</w>
  <w id="11" lemma="|with|" pos="IN" wid="11">with</w>
  <w id="12" lemma="|equanimity|" pos="NN" wid="12">equanimity</w>
  <w id="13" lemma="|...|" pos=":" wid="13">...</w>
  <w id="14" lemma="|.|" pos="." wid="14">.</w>
</sentence>
<sentence id="17">
  <w id="0" lemma="|love|" pos="NN" wid="0">Love</w>
  <w id="1" lemma="|tend|" pos="VBZ" wid="1">tends</w>
  <w id="2" lemma="|upward|" pos="RB" wid="2">upward</w>
  <w id="3" lemma="|;|" pos=":" wid="3">;</w>
  <w id="4" lemma="|it|" pos="PRP" wid="4">it</w>
  <w id="5" lemma="|will|" pos="MD" wid="5">will</w>
  <w id="6" lemma="|not|" pos="RB" wid="6">not</w>
  <w id="7" lemma="|be|" pos="VB" wid="7">be</w>
  <w id="8" lemma="|hold|" pos="VBN" wid="8">held</w>
  <w id="9" lemma="|down|" pos="RP" wid="9">down</w>
  <w id="10" lemma="|by|" pos="IN" wid="10">by</w>
  <w id="11" lemma="|anything|" pos="NN" wid="11">anything</w>
  <w id="12" lemma="|low|" pos="JJ" wid="12">low</w>
  <w id="13" lemma="|...|" pos=":" wid="13">...</w>
  <w id="14" lemma="|love|" pos="NN" wid="14">love</w>
  <w id="15" lemma="|be|" pos="VBZ" wid="15">is</w>
  <w id="16" lemma="|bear|" pos="VBN" wid="16">born</w>
  <w id="17" lemma="|of|" pos="IN" wid="17">of</w>
  <w id="18" lemma="|God|" pos="NNP" wid="18">God</w>
  <w id="19" lemma="|and|" pos="CC" wid="19">and</w>
  <w id="20" lemma="|can|" pos="MD" wid="20">can</w>
  <w id="21" lemma="|not|" pos="RB" wid="21">not</w>
  <w id="22" lemma="|rest|" pos="VB" wid="22">rest</w>
  <w id="23" lemma="|except|" pos="IN" wid="23">except</w>
  <w id="24" lemma="|in|" pos="IN" wid="24">in</w>
  <w id="25" lemma="|God|" pos="NNP" wid="25">God</w>
  <w id="26" lemma="|''|" pos="''" wid="26">''</w>
  <w id="27" lemma="|-lrb-|" pos="-LRB-" wid="27">-LRB-</w>
  <w id="28" lemma="|III|" pos="NNP" wid="28">III</w>
  <w id="29" lemma="|,|" pos="," wid="29">,</w>
  <w id="30" lemma="|V|" pos="NNP" wid="30">V</w>
  <w id="31" lemma="|,|" pos="," wid="31">,</w>
  <w id="32" lemma="|3|" pos="CD" wid="32">3</w>
  <w id="33" lemma="|-rrb-|" pos="-RRB-" wid="33">-RRB-</w>
  <w id="34" lemma="|.|" pos="." wid="34">.</w>
</sentence>
<sentence id="18">
  <w id="0" lemma="|Dear|" pos="NNP" wid="0">Dear</w>
  <w id="1" lemma="|friend|" pos="NNS" wid="1">friends</w>
  <w id="2" lemma="|,|" pos="," wid="2">,</w>
  <w id="3" lemma="|the|" pos="DT" wid="3">the</w>
  <w id="4" lemma="|day|" pos="NN" wid="4">day</w>
  <w id="5" lemma="|after|" pos="IN" wid="5">after</w>
  <w id="6" lemma="|tomorrow|" pos="NN" wid="6">tomorrow</w>
  <w id="7" lemma="|,|" pos="," wid="7">,</w>
  <w id="8" lemma="|22|" pos="CD" wid="8">22</w>
  <w id="9" lemma="|February|" pos="NNP" wid="9">February</w>
  <w id="10" lemma="|,|" pos="," wid="10">,</w>
  <w id="11" lemma="|we|" pos="PRP" wid="11">we</w>
  <w id="12" lemma="|shall|" pos="MD" wid="12">shall</w>
  <w id="13" lemma="|celebrate|" pos="VB" wid="13">celebrate</w>
  <w id="14" lemma="|the|" pos="DT" wid="14">the</w>
  <w id="15" lemma="|Feast|" pos="NNP" wid="15">Feast</w>
  <w id="16" lemma="|of|" pos="IN" wid="16">of</w>
  <w id="17" lemma="|the|" pos="DT" wid="17">the</w>
  <w id="18" lemma="|Chair|" pos="NNP" wid="18">Chair</w>
  <w id="19" lemma="|of|" pos="IN" wid="19">of</w>
  <w id="20" lemma="|St|" pos="NNP" wid="20">St</w>
  <w id="21" lemma="|Peter|" pos="NNP" wid="21">Peter</w>
  <w id="22" lemma="|.|" pos="." wid="22">.</w>
</sentence>
<sentence id="19">
  <w id="0" lemma="|Christ|" pos="NNP" wid="0">Christ</w>
  <w id="1" lemma="|entrust|" pos="VBD" wid="1">entrusted</w>
  <w id="2" lemma="|to|" pos="TO" wid="2">to</w>
  <w id="3" lemma="|he|" pos="PRP" wid="3">him</w>
  <w id="4" lemma="|,|" pos="," wid="4">,</w>
  <w id="5" lemma="|the|" pos="DT" wid="5">the</w>
  <w id="6" lemma="|first|" pos="JJ" wid="6">first</w>
  <w id="7" lemma="|of|" pos="IN" wid="7">of</w>
  <w id="8" lemma="|the|" pos="DT" wid="8">the</w>
  <w id="9" lemma="|Apostles|" pos="NNPS" wid="9">Apostles</w>
  <w id="10" lemma="|,|" pos="," wid="10">,</w>
  <w id="11" lemma="|the|" pos="DT" wid="11">the</w>
  <w id="12" lemma="|task|" pos="NN" wid="12">task</w>
  <w id="13" lemma="|of|" pos="IN" wid="13">of</w>
  <w id="14" lemma="|teacher|" pos="NN" wid="14">Teacher</w>
  <w id="15" lemma="|and|" pos="CC" wid="15">and</w>
  <w id="16" lemma="|pastor|" pos="NN" wid="16">Pastor</w>
  <w id="17" lemma="|for|" pos="IN" wid="17">for</w>
  <w id="18" lemma="|the|" pos="DT" wid="18">the</w>
  <w id="19" lemma="|spiritual|" pos="JJ" wid="19">spiritual</w>
  <w id="20" lemma="|guidance|" pos="NN" wid="20">guidance</w>
  <w id="21" lemma="|of|" pos="IN" wid="21">of</w>
  <w id="22" lemma="|the|" pos="DT" wid="22">the</w>
  <w id="23" lemma="|People|" pos="NNP" wid="23">People</w>
  <w id="24" lemma="|of|" pos="IN" wid="24">of</w>
  <w id="25" lemma="|God|" pos="NNP" wid="25">God</w>
  <w id="26" lemma="|,|" pos="," wid="26">,</w>
  <w id="27" lemma="|so|" pos="IN" wid="27">so</w>
  <w id="28" lemma="|that|" pos="IN" wid="28">that</w>
  <w id="29" lemma="|it|" pos="PRP" wid="29">it</w>
  <w id="30" lemma="|might|" pos="MD" wid="30">might</w>
  <w id="31" lemma="|be|" pos="VB" wid="31">be</w>
  <w id="32" lemma="|uplift|" pos="VBN" wid="32">uplifted</w>
  <w id="33" lemma="|to|" pos="TO" wid="33">to</w>
  <w id="34" lemma="|Heaven|" pos="NNP" wid="34">Heaven</w>
  <w id="35" lemma="|.|" pos="." wid="35">.</w>
</sentence>
<sentence id="20">
  <w id="0" lemma="|I|" pos="PRP" wid="0">I</w>
  <w id="1" lemma="|therefore|" pos="RB" wid="1">therefore</w>
  <w id="2" lemma="|urge|" pos="VBP" wid="2">urge</w>
  <w id="3" lemma="|all|" pos="DT" wid="3">all</w>
  <w id="4" lemma="|pastor|" pos="NNS" wid="4">pastors</w>
  <w id="5" lemma="|to|" pos="TO" wid="5">to</w>
  <w id="6" lemma="|``|" pos="``" wid="6">``</w>
  <w id="7" lemma="|assimilate|" pos="VB" wid="7">assimilate</w>
  <w id="8" lemma="|that|" pos="IN" wid="8">that</w>
  <w id="9" lemma="|`|" pos="``" wid="9">`</w>
  <w id="10" lemma="|new|" pos="JJ" wid="10">new</w>
  <w id="11" lemma="|style|" pos="NN" wid="11">style</w>
  <w id="12" lemma="|of|" pos="IN" wid="12">of</w>
  <w id="13" lemma="|life|" pos="NN" wid="13">life</w>
  <w id="14" lemma="|'|" pos="''" wid="14">'</w>
  <w id="15" lemma="|which|" pos="WDT" wid="15">which</w>
  <w id="16" lemma="|be|" pos="VBD" wid="16">was</w>
  <w id="17" lemma="|inaugurate|" pos="VBN" wid="17">inaugurated</w>
  <w id="18" lemma="|by|" pos="IN" wid="18">by</w>
  <w id="19" lemma="|the|" pos="DT" wid="19">the</w>
  <w id="20" lemma="|Lord|" pos="NNP" wid="20">Lord</w>
  <w id="21" lemma="|Jesus|" pos="NNP" wid="21">Jesus</w>
  <w id="22" lemma="|and|" pos="CC" wid="22">and</w>
  <w id="23" lemma="|take|" pos="VBN" wid="23">taken</w>
  <w id="24" lemma="|up|" pos="RP" wid="24">up</w>
  <w id="25" lemma="|by|" pos="IN" wid="25">by</w>
  <w id="26" lemma="|the|" pos="DT" wid="26">the</w>
  <w id="27" lemma="|Apostles|" pos="NNPS" wid="27">Apostles</w>
  <w id="28" lemma="|''|" pos="''" wid="28">''</w>
  <w id="29" lemma="|-lrb-|" pos="-LRB-" wid="29">-LRB-</w>
  <w id="30" lemma="|Letter|" pos="NNP" wid="30">Letter</w>
  <w id="31" lemma="|inaugurate|" pos="VBG" wid="31">inaugurating</w>
  <w id="32" lemma="|the|" pos="DT" wid="32">the</w>
  <w id="33" lemma="|Year|" pos="NNP" wid="33">Year</w>
  <w id="34" lemma="|for|" pos="IN" wid="34">for</w>
  <w id="35" lemma="|Priests|" pos="NNPS" wid="35">Priests</w>
  <w id="36" lemma="|,|" pos="," wid="36">,</w>
  <w id="37" lemma="|16|" pos="CD" wid="37">16</w>
  <w id="38" lemma="|June|" pos="NNP" wid="38">June</w>
  <w id="39" lemma="|2009|" pos="CD" wid="39">2009</w>
  <w id="40" lemma="|-rrb-|" pos="-RRB-" wid="40">-RRB-</w>
  <w id="41" lemma="|.|" pos="." wid="41">.</w>
</sentence>
<sentence id="21">
  <w id="0" lemma="|let|" pos="VB" wid="0">Let</w>
  <w id="1" lemma="|we|" pos="PRP" wid="1">us</w>
  <w id="2" lemma="|invoke|" pos="VB" wid="2">invoke</w>
  <w id="3" lemma="|the|" pos="DT" wid="3">the</w>
  <w id="4" lemma="|Virgin|" pos="NNP" wid="4">Virgin</w>
  <w id="5" lemma="|Mary|" pos="NNP" wid="5">Mary</w>
  <w id="6" lemma="|,|" pos="," wid="6">,</w>
  <w id="7" lemma="|Mother|" pos="NNP" wid="7">Mother</w>
  <w id="8" lemma="|of|" pos="IN" wid="8">of</w>
  <w id="9" lemma="|God|" pos="NNP" wid="9">God</w>
  <w id="10" lemma="|and|" pos="CC" wid="10">and</w>
  <w id="11" lemma="|of|" pos="IN" wid="11">of</w>
  <w id="12" lemma="|the|" pos="DT" wid="12">the</w>
  <w id="13" lemma="|Church|" pos="NNP" wid="13">Church</w>
  <w id="14" lemma="|,|" pos="," wid="14">,</w>
  <w id="15" lemma="|so|" pos="IN" wid="15">so</w>
  <w id="16" lemma="|that|" pos="IN" wid="16">that</w>
  <w id="17" lemma="|she|" pos="PRP" wid="17">she</w>
  <w id="18" lemma="|may|" pos="MD" wid="18">may</w>
  <w id="19" lemma="|teach|" pos="VB" wid="19">teach</w>
  <w id="20" lemma="|we|" pos="PRP" wid="20">us</w>
  <w id="21" lemma="|to|" pos="TO" wid="21">to</w>
  <w id="22" lemma="|love|" pos="VB" wid="22">love</w>
  <w id="23" lemma="|each|" pos="DT" wid="23">each</w>
  <w id="24" lemma="|other|" pos="JJ" wid="24">other</w>
  <w id="25" lemma="|and|" pos="CC" wid="25">and</w>
  <w id="26" lemma="|accept|" pos="VB" wid="26">accept</w>
  <w id="27" lemma="|each|" pos="DT" wid="27">each</w>
  <w id="28" lemma="|other|" pos="JJ" wid="28">other</w>
  <w id="29" lemma="|as|" pos="IN" wid="29">as</w>
  <w id="30" lemma="|brother|" pos="NNS" wid="30">brothers</w>
  <w id="31" lemma="|and|" pos="CC" wid="31">and</w>
  <w id="32" lemma="|sister|" pos="NNS" wid="32">sisters</w>
  <w id="33" lemma="|,|" pos="," wid="33">,</w>
  <w id="34" lemma="|child|" pos="NNS" wid="34">children</w>
  <w id="35" lemma="|of|" pos="IN" wid="35">of</w>
  <w id="36" lemma="|the|" pos="DT" wid="36">the</w>
  <w id="37" lemma="|same|" pos="JJ" wid="37">same</w>
  <w id="38" lemma="|heavenly|" pos="JJ" wid="38">heavenly</w>
  <w id="39" lemma="|Father|" pos="NNP" wid="39">Father</w>
  <w id="40" lemma="|.|" pos="." wid="40">.</w>
</sentence>
<sentence id="22">
  <w id="0" lemma="|after|" pos="IN" wid="0">After</w>
  <w id="1" lemma="|the|" pos="DT" wid="1">the</w>
  <w id="2" lemma="|Angelus|" pos="NNP" wid="2">Angelus</w>
  <w id="3" lemma="|:|" pos=":" wid="3">:</w>
  <w id="4" lemma="|I|" pos="PRP" wid="4">I</w>
  <w id="5" lemma="|offer|" pos="VBP" wid="5">offer</w>
  <w id="6" lemma="|heartfelt|" pos="JJ" wid="6">heartfelt</w>
  <w id="7" lemma="|greeting|" pos="NNS" wid="7">greetings</w>
  <w id="8" lemma="|to|" pos="TO" wid="8">to</w>
  <w id="9" lemma="|all|" pos="PDT" wid="9">all</w>
  <w id="10" lemma="|the|" pos="DT" wid="10">the</w>
  <w id="11" lemma="|english-speaking|" pos="JJ" wid="11">English-speaking</w>
  <w id="12" lemma="|visitor|" pos="NNS" wid="12">visitors</w>
  <w id="13" lemma="|present|" pos="JJ" wid="13">present</w>
  <w id="14" lemma="|at|" pos="IN" wid="14">at</w>
  <w id="15" lemma="|today|" pos="NN" wid="15">today</w>
  <w id="16" lemma="|'s|" pos="POS" wid="16">'s</w>
  <w id="17" lemma="|angelus|" pos="NN" wid="17">Angelus</w>
  <w id="18" lemma="|!|" pos="." wid="18">!</w>
</sentence>
<sentence id="23">
  <w id="0" lemma="|in|" pos="IN" wid="0">In</w>
  <w id="1" lemma="|particular|" pos="JJ" wid="1">particular</w>
  <w id="2" lemma="|I|" pos="PRP" wid="2">I</w>
  <w id="3" lemma="|greet|" pos="VBP" wid="3">greet</w>
  <w id="4" lemma="|the|" pos="DT" wid="4">the</w>
  <w id="5" lemma="|young|" pos="JJ" wid="5">young</w>
  <w id="6" lemma="|singer|" pos="NNS" wid="6">singers</w>
  <w id="7" lemma="|from|" pos="IN" wid="7">from</w>
  <w id="8" lemma="|the|" pos="DT" wid="8">the</w>
  <w id="9" lemma="|Cardinal|" pos="NNP" wid="9">Cardinal</w>
  <w id="10" lemma="|Vaughan|" pos="NNP" wid="10">Vaughan</w>
  <w id="11" lemma="|Memorial|" pos="NNP" wid="11">Memorial</w>
  <w id="12" lemma="|School|" pos="NNP" wid="12">School</w>
  <w id="13" lemma="|in|" pos="IN" wid="13">in</w>
  <w id="14" lemma="|London|" pos="NNP" wid="14">London</w>
  <w id="15" lemma="|.|" pos="." wid="15">.</w>
</sentence>
<sentence id="24">
  <w id="0" lemma="|the|" pos="DT" wid="0">The</w>
  <w id="1" lemma="|Cardinal|" pos="NNP" wid="1">Cardinal</w>
  <w id="2" lemma="|'s|" pos="POS" wid="2">'s</w>
  <w id="3" lemma="|motto|" pos="NN" wid="3">motto</w>
  <w id="4" lemma="|,|" pos="," wid="4">,</w>
  <w id="5" lemma="|Amare|" pos="NNP" wid="5">Amare</w>
  <w id="6" lemma="|et|" pos="NNP" wid="6">et</w>
  <w id="7" lemma="|Servire|" pos="NNP" wid="7">Servire</w>
  <w id="8" lemma="|,|" pos="," wid="8">,</w>
  <w id="9" lemma="|be|" pos="VBZ" wid="9">is</w>
  <w id="10" lemma="|a|" pos="DT" wid="10">a</w>
  <w id="11" lemma="|beautiful|" pos="JJ" wid="11">beautiful</w>
  <w id="12" lemma="|expression|" pos="NN" wid="12">expression</w>
  <w id="13" lemma="|of|" pos="IN" wid="13">of</w>
  <w id="14" lemma="|the|" pos="DT" wid="14">the</w>
  <w id="15" lemma="|christian|" pos="JJ" wid="15">Christian</w>
  <w id="16" lemma="|way|" pos="NN" wid="16">way</w>
  <w id="17" lemma="|of|" pos="IN" wid="17">of</w>
  <w id="18" lemma="|life|" pos="NN" wid="18">life</w>
  <w id="19" lemma="|.|" pos="." wid="19">.</w>
</sentence>
<sentence id="25">
  <w id="0" lemma="|we|" pos="PRP" wid="0">We</w>
  <w id="1" lemma="|be|" pos="VBP" wid="1">are</w>
  <w id="2" lemma="|all|" pos="DT" wid="2">all</w>
  <w id="3" lemma="|call|" pos="VBN" wid="3">called</w>
  <w id="4" lemma="|to|" pos="TO" wid="4">to</w>
  <w id="5" lemma="|love|" pos="VB" wid="5">love</w>
  <w id="6" lemma="|unconditionally|" pos="RB" wid="6">unconditionally</w>
  <w id="7" lemma="|,|" pos="," wid="7">,</w>
  <w id="8" lemma="|as|" pos="IN" wid="8">as</w>
  <w id="9" lemma="|today|" pos="NN" wid="9">today</w>
  <w id="10" lemma="|'s|" pos="POS" wid="10">'s</w>
  <w id="11" lemma="|gospel|" pos="NN" wid="11">Gospel</w>
  <w id="12" lemma="|remind|" pos="VBZ" wid="12">reminds</w>
  <w id="13" lemma="|we|" pos="PRP" wid="13">us</w>
  <w id="14" lemma="|,|" pos="," wid="14">,</w>
  <w id="15" lemma="|and|" pos="CC" wid="15">and</w>
  <w id="16" lemma="|to|" pos="TO" wid="16">to</w>
  <w id="17" lemma="|place|" pos="VB" wid="17">place</w>
  <w id="18" lemma="|ourselves|" pos="PRP" wid="18">ourselves</w>
  <w id="19" lemma="|generously|" pos="RB" wid="19">generously</w>
  <w id="20" lemma="|at|" pos="IN" wid="20">at</w>
  <w id="21" lemma="|the|" pos="DT" wid="21">the</w>
  <w id="22" lemma="|service|" pos="NN" wid="22">service</w>
  <w id="23" lemma="|of|" pos="IN" wid="23">of</w>
  <w id="24" lemma="|we|" pos="PRP$" wid="24">our</w>
  <w id="25" lemma="|neighbour|" pos="NN" wid="25">neighbour</w>
  <w id="26" lemma="|.|" pos="." wid="26">.</w>
</sentence>
<sentence id="26">
  <w id="0" lemma="|upon|" pos="IN" wid="0">Upon</w>
  <w id="1" lemma="|everyone|" pos="NN" wid="1">everyone</w>
  <w id="2" lemma="|here|" pos="RB" wid="2">here</w>
  <w id="3" lemma="|today|" pos="NN" wid="3">today</w>
  <w id="4" lemma="|,|" pos="," wid="4">,</w>
  <w id="5" lemma="|and|" pos="CC" wid="5">and</w>
  <w id="6" lemma="|upon|" pos="IN" wid="6">upon</w>
  <w id="7" lemma="|you|" pos="PRP$" wid="7">your</w>
  <w id="8" lemma="|family|" pos="NNS" wid="8">families</w>
  <w id="9" lemma="|and|" pos="CC" wid="9">and</w>
  <w id="10" lemma="|love|" pos="VBD" wid="10">loved</w>
  <w id="11" lemma="|one|" pos="NNS" wid="11">ones</w>
  <w id="12" lemma="|at|" pos="IN" wid="12">at</w>
  <w id="13" lemma="|home|" pos="NN" wid="13">home</w>
  <w id="14" lemma="|,|" pos="," wid="14">,</w>
  <w id="15" lemma="|I|" pos="PRP" wid="15">I</w>
  <w id="16" lemma="|invoke|" pos="VBP" wid="16">invoke</w>
  <w id="17" lemma="|God|" pos="NNP" wid="17">God</w>
  <w id="18" lemma="|'s|" pos="POS" wid="18">'s</w>
  <w id="19" lemma="|abundant|" pos="JJ" wid="19">abundant</w>
  <w id="20" lemma="|blessing|" pos="NNS" wid="20">blessings</w>
  <w id="21" lemma="|.|" pos="." wid="21">.</w>
</sentence>
<sentence id="27">
  <w id="0" lemma="|have|" pos="VBP" wid="0">Have</w>
  <w id="1" lemma="|a|" pos="DT" wid="1">a</w>
  <w id="2" lemma="|good|" pos="JJ" wid="2">good</w>
  <w id="3" lemma="|Sunday|" pos="NNP" wid="3">Sunday</w>
  <w id="4" lemma="|,|" pos="," wid="4">,</w>
  <w id="5" lemma="|goodbye|" pos="NN" wid="5">goodbye</w>
  <w id="6" lemma="|!|" pos="." wid="6">!</w>
</sentence>
</corpus>