<corpus id="0">
<sentence id="0">
  <w id="0" lemma="|Dear|" pos="NNP" wid="0">Dear</w>
  <w id="1" lemma="|Brothers|" pos="NNPS" wid="1">Brothers</w>
  <w id="2" lemma="|and|" pos="CC" wid="2">and</w>
  <w id="3" lemma="|sister|" pos="NNS" wid="3">Sisters</w>
  <w id="4" lemma="|,|" pos="," wid="4">,</w>
  <w id="5" lemma="|on|" pos="IN" wid="5">On</w>
  <w id="6" lemma="|the|" pos="DT" wid="6">the</w>
  <w id="7" lemma="|path|" pos="NN" wid="7">path</w>
  <w id="8" lemma="|of|" pos="IN" wid="8">of</w>
  <w id="9" lemma="|Advent|" pos="NNP" wid="9">Advent</w>
  <w id="10" lemma="|shine|" pos="VBZ" wid="10">shines</w>
  <w id="11" lemma="|the|" pos="DT" wid="11">the</w>
  <w id="12" lemma="|star|" pos="NN" wid="12">star</w>
  <w id="13" lemma="|of|" pos="IN" wid="13">of</w>
  <w id="14" lemma="|Mary|" pos="NNP" wid="14">Mary</w>
  <w id="15" lemma="|immaculate|" pos="JJ" wid="15">Immaculate</w>
  <w id="16" lemma="|,|" pos="," wid="16">,</w>
  <w id="17" lemma="|``|" pos="``" wid="17">``</w>
  <w id="18" lemma="|a|" pos="DT" wid="18">a</w>
  <w id="19" lemma="|sign|" pos="NN" wid="19">sign</w>
  <w id="20" lemma="|of|" pos="IN" wid="20">of</w>
  <w id="21" lemma="|certain|" pos="JJ" wid="21">certain</w>
  <w id="22" lemma="|hope|" pos="NN" wid="22">hope</w>
  <w id="23" lemma="|and|" pos="CC" wid="23">and</w>
  <w id="24" lemma="|comfort|" pos="NN" wid="24">comfort</w>
  <w id="25" lemma="|''|" pos="''" wid="25">''</w>
  <w id="26" lemma="|-lrb-|" pos="-LRB-" wid="26">-LRB-</w>
  <w id="27" lemma="|Lumen|" pos="NNP" wid="27">Lumen</w>
  <w id="28" lemma="|Gentium|" pos="NNP" wid="28">Gentium</w>
  <w id="29" lemma="|,|" pos="," wid="29">,</w>
  <w id="30" lemma="|n.|" pos="NNP" wid="30">n.</w>
  <w id="31" lemma="|68|" pos="CD" wid="31">68</w>
  <w id="32" lemma="|-rrb-|" pos="-RRB-" wid="32">-RRB-</w>
  <w id="33" lemma="|.|" pos="." wid="33">.</w>
</sentence>
<sentence id="1">
  <w id="0" lemma="|to|" pos="TO" wid="0">To</w>
  <w id="1" lemma="|reach|" pos="VB" wid="1">reach</w>
  <w id="2" lemma="|Jesus|" pos="NNP" wid="2">Jesus</w>
  <w id="3" lemma="|,|" pos="," wid="3">,</w>
  <w id="4" lemma="|the|" pos="DT" wid="4">the</w>
  <w id="5" lemma="|true|" pos="JJ" wid="5">true</w>
  <w id="6" lemma="|light|" pos="NN" wid="6">light</w>
  <w id="7" lemma="|,|" pos="," wid="7">,</w>
  <w id="8" lemma="|the|" pos="DT" wid="8">the</w>
  <w id="9" lemma="|sun|" pos="NN" wid="9">sun</w>
  <w id="10" lemma="|that|" pos="WDT" wid="10">that</w>
  <w id="11" lemma="|dispel|" pos="VBZ" wid="11">dispels</w>
  <w id="12" lemma="|all|" pos="PDT" wid="12">all</w>
  <w id="13" lemma="|the|" pos="DT" wid="13">the</w>
  <w id="14" lemma="|darkness|" pos="NN" wid="14">darkness</w>
  <w id="15" lemma="|of|" pos="IN" wid="15">of</w>
  <w id="16" lemma="|history|" pos="NN" wid="16">history</w>
  <w id="17" lemma="|,|" pos="," wid="17">,</w>
  <w id="18" lemma="|we|" pos="PRP" wid="18">we</w>
  <w id="19" lemma="|need|" pos="VBP" wid="19">need</w>
  <w id="20" lemma="|light|" pos="NN" wid="20">light</w>
  <w id="21" lemma="|near|" pos="IN" wid="21">near</w>
  <w id="22" lemma="|we|" pos="PRP" wid="22">us</w>
  <w id="23" lemma="|,|" pos="," wid="23">,</w>
  <w id="24" lemma="|human|" pos="JJ" wid="24">human</w>
  <w id="25" lemma="|people|" pos="NNS" wid="25">people</w>
  <w id="26" lemma="|who|" pos="WP" wid="26">who</w>
  <w id="27" lemma="|reflect|" pos="VBP" wid="27">reflect</w>
  <w id="28" lemma="|Christ|" pos="NNP" wid="28">Christ</w>
  <w id="29" lemma="|'s|" pos="POS" wid="29">'s</w>
  <w id="30" lemma="|light|" pos="NN" wid="30">light</w>
  <w id="31" lemma="|and|" pos="CC" wid="31">and</w>
  <w id="32" lemma="|thus|" pos="RB" wid="32">thus</w>
  <w id="33" lemma="|illuminate|" pos="VB" wid="33">illuminate</w>
  <w id="34" lemma="|the|" pos="DT" wid="34">the</w>
  <w id="35" lemma="|path|" pos="NN" wid="35">path</w>
  <w id="36" lemma="|to|" pos="TO" wid="36">to</w>
  <w id="37" lemma="|take|" pos="VB" wid="37">take</w>
  <w id="38" lemma="|.|" pos="." wid="38">.</w>
</sentence>
<sentence id="2">
  <w id="0" lemma="|and|" pos="CC" wid="0">And</w>
  <w id="1" lemma="|what|" pos="WDT" wid="1">what</w>
  <w id="2" lemma="|person|" pos="NN" wid="2">person</w>
  <w id="3" lemma="|be|" pos="VBZ" wid="3">is</w>
  <w id="4" lemma="|more|" pos="RBR" wid="4">more</w>
  <w id="5" lemma="|luminous|" pos="JJ" wid="5">luminous</w>
  <w id="6" lemma="|than|" pos="IN" wid="6">than</w>
  <w id="7" lemma="|Mary|" pos="NNP" wid="7">Mary</w>
  <w id="8" lemma="|?|" pos="." wid="8">?</w>
</sentence>
<sentence id="3">
  <w id="0" lemma="|who|" pos="WP" wid="0">Who</w>
  <w id="1" lemma="|can|" pos="MD" wid="1">can</w>
  <w id="2" lemma="|be|" pos="VB" wid="2">be</w>
  <w id="3" lemma="|a|" pos="DT" wid="3">a</w>
  <w id="4" lemma="|better|" pos="JJR" wid="4">better</w>
  <w id="5" lemma="|star|" pos="NN" wid="5">star</w>
  <w id="6" lemma="|of|" pos="IN" wid="6">of</w>
  <w id="7" lemma="|hope|" pos="NN" wid="7">hope</w>
  <w id="8" lemma="|for|" pos="IN" wid="8">for</w>
  <w id="9" lemma="|we|" pos="PRP" wid="9">us</w>
  <w id="10" lemma="|than|" pos="IN" wid="10">than</w>
  <w id="11" lemma="|she|" pos="PRP" wid="11">she</w>
  <w id="12" lemma="|,|" pos="," wid="12">,</w>
  <w id="13" lemma="|the|" pos="DT" wid="13">the</w>
  <w id="14" lemma="|dawn|" pos="NN" wid="14">dawn</w>
  <w id="15" lemma="|that|" pos="WDT" wid="15">that</w>
  <w id="16" lemma="|announce|" pos="VBD" wid="16">announced</w>
  <w id="17" lemma="|the|" pos="DT" wid="17">the</w>
  <w id="18" lemma="|day|" pos="NN" wid="18">day</w>
  <w id="19" lemma="|of|" pos="IN" wid="19">of</w>
  <w id="20" lemma="|salvation|" pos="NN" wid="20">salvation</w>
  <w id="21" lemma="|?|" pos="." wid="21">?</w>
</sentence>
<sentence id="4">
  <w id="0" lemma="|-lrb-|" pos="-LRB-" wid="0">-LRB-</w>
  <w id="1" lemma="|cf|" pos="NN" wid="1">cf</w>
  <w id="2" lemma="|.|" pos="." wid="2">.</w>
</sentence>
<sentence id="5">
  <w id="0" lemma="|spe|" pos="FW" wid="0">Spe</w>
  <w id="1" lemma="|salvi|" pos="FW" wid="1">Salvi</w>
  <w id="2" lemma="|,|" pos="," wid="2">,</w>
  <w id="3" lemma="|n.|" pos="NN" wid="3">n.</w>
  <w id="4" lemma="|49|" pos="CD" wid="4">49</w>
  <w id="5" lemma="|-rrb-|" pos="-RRB-" wid="5">-RRB-</w>
  <w id="6" lemma="|.|" pos="." wid="6">.</w>
</sentence>
<sentence id="6">
  <w id="0" lemma="|for|" pos="IN" wid="0">For</w>
  <w id="1" lemma="|this|" pos="DT" wid="1">this</w>
  <w id="2" lemma="|reason|" pos="NN" wid="2">reason</w>
  <w id="3" lemma="|,|" pos="," wid="3">,</w>
  <w id="4" lemma="|the|" pos="DT" wid="4">the</w>
  <w id="5" lemma="|liturgy|" pos="NN" wid="5">liturgy</w>
  <w id="6" lemma="|have|" pos="VBZ" wid="6">has</w>
  <w id="7" lemma="|we|" pos="PRP" wid="7">us</w>
  <w id="8" lemma="|celebrate|" pos="VB" wid="8">celebrate</w>
  <w id="9" lemma="|today|" pos="NN" wid="9">today</w>
  <w id="10" lemma="|,|" pos="," wid="10">,</w>
  <w id="11" lemma="|as|" pos="IN" wid="11">as</w>
  <w id="12" lemma="|Christmas|" pos="NNP" wid="12">Christmas</w>
  <w id="13" lemma="|approach|" pos="NNS" wid="13">approaches</w>
  <w id="14" lemma="|,|" pos="," wid="14">,</w>
  <w id="15" lemma="|the|" pos="DT" wid="15">the</w>
  <w id="16" lemma="|Solemn|" pos="NNP" wid="16">Solemn</w>
  <w id="17" lemma="|Feast|" pos="NNP" wid="17">Feast</w>
  <w id="18" lemma="|of|" pos="IN" wid="18">of</w>
  <w id="19" lemma="|the|" pos="DT" wid="19">the</w>
  <w id="20" lemma="|immaculate|" pos="JJ" wid="20">Immaculate</w>
  <w id="21" lemma="|conception|" pos="NN" wid="21">Conception</w>
  <w id="22" lemma="|of|" pos="IN" wid="22">of</w>
  <w id="23" lemma="|Mary|" pos="NNP" wid="23">Mary</w>
  <w id="24" lemma="|:|" pos=":" wid="24">:</w>
  <w id="25" lemma="|the|" pos="DT" wid="25">the</w>
  <w id="26" lemma="|mystery|" pos="NN" wid="26">mystery</w>
  <w id="27" lemma="|of|" pos="IN" wid="27">of</w>
  <w id="28" lemma="|God|" pos="NNP" wid="28">God</w>
  <w id="29" lemma="|'s|" pos="POS" wid="29">'s</w>
  <w id="30" lemma="|grace|" pos="NN" wid="30">grace</w>
  <w id="31" lemma="|that|" pos="WDT" wid="31">that</w>
  <w id="32" lemma="|enfold|" pos="VBD" wid="32">enfolded</w>
  <w id="33" lemma="|she|" pos="PRP" wid="33">her</w>
  <w id="34" lemma="|from|" pos="IN" wid="34">from</w>
  <w id="35" lemma="|the|" pos="DT" wid="35">the</w>
  <w id="36" lemma="|first|" pos="JJ" wid="36">first</w>
  <w id="37" lemma="|instant|" pos="NN" wid="37">instant</w>
  <w id="38" lemma="|of|" pos="IN" wid="38">of</w>
  <w id="39" lemma="|she|" pos="PRP$" wid="39">her</w>
  <w id="40" lemma="|existence|" pos="NN" wid="40">existence</w>
  <w id="41" lemma="|as|" pos="IN" wid="41">as</w>
  <w id="42" lemma="|the|" pos="DT" wid="42">the</w>
  <w id="43" lemma="|creature|" pos="NN" wid="43">creature</w>
  <w id="44" lemma="|destine|" pos="VBN" wid="44">destined</w>
  <w id="45" lemma="|to|" pos="TO" wid="45">to</w>
  <w id="46" lemma="|be|" pos="VB" wid="46">be</w>
  <w id="47" lemma="|Mother|" pos="NNP" wid="47">Mother</w>
  <w id="48" lemma="|of|" pos="IN" wid="48">of</w>
  <w id="49" lemma="|the|" pos="DT" wid="49">the</w>
  <w id="50" lemma="|Redeemer|" pos="NNP" wid="50">Redeemer</w>
  <w id="51" lemma="|,|" pos="," wid="51">,</w>
  <w id="52" lemma="|preserve|" pos="VBG" wid="52">preserving</w>
  <w id="53" lemma="|she|" pos="PRP" wid="53">her</w>
  <w id="54" lemma="|from|" pos="IN" wid="54">from</w>
  <w id="55" lemma="|the|" pos="DT" wid="55">the</w>
  <w id="56" lemma="|stain|" pos="VB" wid="56">stain</w>
  <w id="57" lemma="|of|" pos="IN" wid="57">of</w>
  <w id="58" lemma="|original|" pos="JJ" wid="58">original</w>
  <w id="59" lemma="|sin|" pos="NN" wid="59">sin</w>
  <w id="60" lemma="|.|" pos="." wid="60">.</w>
</sentence>
<sentence id="7">
  <w id="0" lemma="|look|" pos="VBG" wid="0">Looking</w>
  <w id="1" lemma="|at|" pos="IN" wid="1">at</w>
  <w id="2" lemma="|she|" pos="PRP" wid="2">her</w>
  <w id="3" lemma="|,|" pos="," wid="3">,</w>
  <w id="4" lemma="|we|" pos="PRP" wid="4">we</w>
  <w id="5" lemma="|recognize|" pos="VBP" wid="5">recognize</w>
  <w id="6" lemma="|the|" pos="DT" wid="6">the</w>
  <w id="7" lemma="|loftiness|" pos="NN" wid="7">loftiness</w>
  <w id="8" lemma="|and|" pos="CC" wid="8">and</w>
  <w id="9" lemma="|beauty|" pos="NN" wid="9">beauty</w>
  <w id="10" lemma="|of|" pos="IN" wid="10">of</w>
  <w id="11" lemma="|God|" pos="NNP" wid="11">God</w>
  <w id="12" lemma="|'s|" pos="POS" wid="12">'s</w>
  <w id="13" lemma="|plan|" pos="NN" wid="13">plan</w>
  <w id="14" lemma="|for|" pos="IN" wid="14">for</w>
  <w id="15" lemma="|everyone|" pos="NN" wid="15">everyone</w>
  <w id="16" lemma="|:|" pos=":" wid="16">:</w>
  <w id="17" lemma="|to|" pos="TO" wid="17">to</w>
  <w id="18" lemma="|become|" pos="VB" wid="18">become</w>
  <w id="19" lemma="|holy|" pos="JJ" wid="19">holy</w>
  <w id="20" lemma="|and|" pos="CC" wid="20">and</w>
  <w id="21" lemma="|immaculate|" pos="JJ" wid="21">immaculate</w>
  <w id="22" lemma="|in|" pos="IN" wid="22">in</w>
  <w id="23" lemma="|love|" pos="NN" wid="23">love</w>
  <w id="24" lemma="|-lrb-|" pos="-LRB-" wid="24">-LRB-</w>
  <w id="25" lemma="|cf|" pos="NN" wid="25">cf</w>
  <w id="26" lemma="|.|" pos="." wid="26">.</w>
</sentence>
<sentence id="8">
  <w id="0" lemma="|eph|" pos="NN" wid="0">Eph</w>
  <w id="1" lemma="|1|" pos="CD" wid="1">1</w>
  <w id="2" lemma="|:|" pos=":" wid="2">:</w>
  <w id="3" lemma="|4|" pos="CD" wid="3">4</w>
  <w id="4" lemma="|-rrb-|" pos="-RRB-" wid="4">-RRB-</w>
  <w id="5" lemma="|,|" pos="," wid="5">,</w>
  <w id="6" lemma="|in|" pos="IN" wid="6">in</w>
  <w id="7" lemma="|the|" pos="DT" wid="7">the</w>
  <w id="8" lemma="|image|" pos="NN" wid="8">image</w>
  <w id="9" lemma="|of|" pos="IN" wid="9">of</w>
  <w id="10" lemma="|we|" pos="PRP$" wid="10">our</w>
  <w id="11" lemma="|Creator|" pos="NNP" wid="11">Creator</w>
  <w id="12" lemma="|.|" pos="." wid="12">.</w>
</sentence>
<sentence id="9">
  <w id="0" lemma="|what|" pos="WP" wid="0">What</w>
  <w id="1" lemma="|a|" pos="DT" wid="1">a</w>
  <w id="2" lemma="|great|" pos="JJ" wid="2">great</w>
  <w id="3" lemma="|gift|" pos="NN" wid="3">gift</w>
  <w id="4" lemma="|to|" pos="TO" wid="4">to</w>
  <w id="5" lemma="|have|" pos="VB" wid="5">have</w>
  <w id="6" lemma="|Mary|" pos="NNP" wid="6">Mary</w>
  <w id="7" lemma="|immaculate|" pos="JJ" wid="7">Immaculate</w>
  <w id="8" lemma="|as|" pos="IN" wid="8">as</w>
  <w id="9" lemma="|mother|" pos="NN" wid="9">mother</w>
  <w id="10" lemma="|!|" pos="." wid="10">!</w>
</sentence>
<sentence id="10">
  <w id="0" lemma="|a|" pos="DT" wid="0">A</w>
  <w id="1" lemma="|mother|" pos="NN" wid="1">mother</w>
  <w id="2" lemma="|resplendent|" pos="NN" wid="2">resplendent</w>
  <w id="3" lemma="|with|" pos="IN" wid="3">with</w>
  <w id="4" lemma="|beauty|" pos="NN" wid="4">beauty</w>
  <w id="5" lemma="|,|" pos="," wid="5">,</w>
  <w id="6" lemma="|the|" pos="DT" wid="6">the</w>
  <w id="7" lemma="|transparency|" pos="NN" wid="7">transparency</w>
  <w id="8" lemma="|of|" pos="IN" wid="8">of</w>
  <w id="9" lemma="|God|" pos="NNP" wid="9">God</w>
  <w id="10" lemma="|'s|" pos="POS" wid="10">'s</w>
  <w id="11" lemma="|love|" pos="NN" wid="11">love</w>
  <w id="12" lemma="|.|" pos="." wid="12">.</w>
</sentence>
<sentence id="11">
  <w id="0" lemma="|I|" pos="PRP" wid="0">I</w>
  <w id="1" lemma="|be|" pos="VBP" wid="1">am</w>
  <w id="2" lemma="|think|" pos="VBG" wid="2">thinking</w>
  <w id="3" lemma="|of|" pos="IN" wid="3">of</w>
  <w id="4" lemma="|today|" pos="NN" wid="4">today</w>
  <w id="5" lemma="|'s|" pos="POS" wid="5">'s</w>
  <w id="6" lemma="|young|" pos="JJ" wid="6">young</w>
  <w id="7" lemma="|people|" pos="NNS" wid="7">people</w>
  <w id="8" lemma="|,|" pos="," wid="8">,</w>
  <w id="9" lemma="|who|" pos="WP" wid="9">who</w>
  <w id="10" lemma="|grow|" pos="VBP" wid="10">grow</w>
  <w id="11" lemma="|up|" pos="RP" wid="11">up</w>
  <w id="12" lemma="|in|" pos="IN" wid="12">in</w>
  <w id="13" lemma="|a|" pos="DT" wid="13">an</w>
  <w id="14" lemma="|environment|" pos="NN" wid="14">environment</w>
  <w id="15" lemma="|saturate|" pos="VBN" wid="15">saturated</w>
  <w id="16" lemma="|with|" pos="IN" wid="16">with</w>
  <w id="17" lemma="|message|" pos="NNS" wid="17">messages</w>
  <w id="18" lemma="|that|" pos="WDT" wid="18">that</w>
  <w id="19" lemma="|propose|" pos="VBP" wid="19">propose</w>
  <w id="20" lemma="|false|" pos="JJ" wid="20">false</w>
  <w id="21" lemma="|model|" pos="NNS" wid="21">models</w>
  <w id="22" lemma="|of|" pos="IN" wid="22">of</w>
  <w id="23" lemma="|happiness|" pos="NN" wid="23">happiness</w>
  <w id="24" lemma="|.|" pos="." wid="24">.</w>
</sentence>
<sentence id="12">
  <w id="0" lemma="|these|" pos="DT" wid="0">These</w>
  <w id="1" lemma="|young|" pos="JJ" wid="1">young</w>
  <w id="2" lemma="|man|" pos="NNS" wid="2">men</w>
  <w id="3" lemma="|and|" pos="CC" wid="3">and</w>
  <w id="4" lemma="|woman|" pos="NNS" wid="4">women</w>
  <w id="5" lemma="|risk|" pos="NN" wid="5">risk</w>
  <w id="6" lemma="|lose|" pos="VBG" wid="6">losing</w>
  <w id="7" lemma="|hope|" pos="NN" wid="7">hope</w>
  <w id="8" lemma="|because|" pos="IN" wid="8">because</w>
  <w id="9" lemma="|they|" pos="PRP" wid="9">they</w>
  <w id="10" lemma="|often|" pos="RB" wid="10">often</w>
  <w id="11" lemma="|seem|" pos="VBP" wid="11">seem</w>
  <w id="12" lemma="|orphan|" pos="NNS" wid="12">orphans</w>
  <w id="13" lemma="|of|" pos="IN" wid="13">of</w>
  <w id="14" lemma="|true|" pos="JJ" wid="14">true</w>
  <w id="15" lemma="|love|" pos="NN" wid="15">love</w>
  <w id="16" lemma="|,|" pos="," wid="16">,</w>
  <w id="17" lemma="|which|" pos="WDT" wid="17">which</w>
  <w id="18" lemma="|fill|" pos="VBZ" wid="18">fills</w>
  <w id="19" lemma="|life|" pos="NN" wid="19">life</w>
  <w id="20" lemma="|with|" pos="IN" wid="20">with</w>
  <w id="21" lemma="|true|" pos="JJ" wid="21">true</w>
  <w id="22" lemma="|meaning|" pos="NN" wid="22">meaning</w>
  <w id="23" lemma="|and|" pos="CC" wid="23">and</w>
  <w id="24" lemma="|joy|" pos="NN" wid="24">joy</w>
  <w id="25" lemma="|.|" pos="." wid="25">.</w>
</sentence>
<sentence id="13">
  <w id="0" lemma="|this|" pos="DT" wid="0">This</w>
  <w id="1" lemma="|be|" pos="VBD" wid="1">was</w>
  <w id="2" lemma="|a|" pos="DT" wid="2">a</w>
  <w id="3" lemma="|theme|" pos="NN" wid="3">theme</w>
  <w id="4" lemma="|dear|" pos="RB" wid="4">dear</w>
  <w id="5" lemma="|to|" pos="TO" wid="5">to</w>
  <w id="6" lemma="|my|" pos="PRP$" wid="6">my</w>
  <w id="7" lemma="|Venerable|" pos="NNP" wid="7">Venerable</w>
  <w id="8" lemma="|Predecessor|" pos="NNP" wid="8">Predecessor</w>
  <w id="9" lemma="|John|" pos="NNP" wid="9">John</w>
  <w id="10" lemma="|Paul|" pos="NNP" wid="10">Paul</w>
  <w id="11" lemma="|II|" pos="NNP" wid="11">II</w>
  <w id="12" lemma="|,|" pos="," wid="12">,</w>
  <w id="13" lemma="|who|" pos="WP" wid="13">who</w>
  <w id="14" lemma="|so|" pos="RB" wid="14">so</w>
  <w id="15" lemma="|often|" pos="RB" wid="15">often</w>
  <w id="16" lemma="|propose|" pos="VBN" wid="16">proposed</w>
  <w id="17" lemma="|Mary|" pos="NNP" wid="17">Mary</w>
  <w id="18" lemma="|to|" pos="TO" wid="18">to</w>
  <w id="19" lemma="|the|" pos="DT" wid="19">the</w>
  <w id="20" lemma="|youth|" pos="NN" wid="20">youth</w>
  <w id="21" lemma="|of|" pos="IN" wid="21">of</w>
  <w id="22" lemma="|we|" pos="PRP$" wid="22">our</w>
  <w id="23" lemma="|time|" pos="NN" wid="23">time</w>
  <w id="24" lemma="|as|" pos="IN" wid="24">as</w>
  <w id="25" lemma="|the|" pos="DT" wid="25">the</w>
  <w id="26" lemma="|``|" pos="``" wid="26">``</w>
  <w id="27" lemma="|Mother|" pos="NNP" wid="27">Mother</w>
  <w id="28" lemma="|of|" pos="IN" wid="28">of</w>
  <w id="29" lemma="|Fair|" pos="NNP" wid="29">Fair</w>
  <w id="30" lemma="|Love|" pos="NNP" wid="30">Love</w>
  <w id="31" lemma="|''|" pos="''" wid="31">''</w>
  <w id="32" lemma="|.|" pos="." wid="32">.</w>
</sentence>
<sentence id="14">
  <w id="0" lemma="|unfortunately|" pos="RB" wid="0">Unfortunately</w>
  <w id="1" lemma="|,|" pos="," wid="1">,</w>
  <w id="2" lemma="|numerous|" pos="JJ" wid="2">numerous</w>
  <w id="3" lemma="|experience|" pos="NNS" wid="3">experiences</w>
  <w id="4" lemma="|tell|" pos="VBP" wid="4">tell</w>
  <w id="5" lemma="|we|" pos="PRP" wid="5">us</w>
  <w id="6" lemma="|that|" pos="IN" wid="6">that</w>
  <w id="7" lemma="|adolescent|" pos="NNS" wid="7">adolescents</w>
  <w id="8" lemma="|,|" pos="," wid="8">,</w>
  <w id="9" lemma="|young|" pos="JJ" wid="9">young</w>
  <w id="10" lemma="|people|" pos="NNS" wid="10">people</w>
  <w id="11" lemma="|and|" pos="CC" wid="11">and</w>
  <w id="12" lemma="|even|" pos="RB" wid="12">even</w>
  <w id="13" lemma="|child|" pos="NNS" wid="13">children</w>
  <w id="14" lemma="|easily|" pos="RB" wid="14">easily</w>
  <w id="15" lemma="|fall|" pos="VBP" wid="15">fall</w>
  <w id="16" lemma="|prey|" pos="NN" wid="16">prey</w>
  <w id="17" lemma="|to|" pos="TO" wid="17">to</w>
  <w id="18" lemma="|corrupt|" pos="JJ" wid="18">corrupt</w>
  <w id="19" lemma="|love|" pos="NN" wid="19">love</w>
  <w id="20" lemma="|,|" pos="," wid="20">,</w>
  <w id="21" lemma="|deceive|" pos="VBN" wid="21">deceived</w>
  <w id="22" lemma="|by|" pos="IN" wid="22">by</w>
  <w id="23" lemma="|unscrupulous|" pos="JJ" wid="23">unscrupulous</w>
  <w id="24" lemma="|adult|" pos="NNS" wid="24">adults</w>
  <w id="25" lemma="|who|" pos="WP" wid="25">who</w>
  <w id="26" lemma="|,|" pos="," wid="26">,</w>
  <w id="27" lemma="|lie|" pos="VBG" wid="27">lying</w>
  <w id="28" lemma="|to|" pos="TO" wid="28">to</w>
  <w id="29" lemma="|themselves|" pos="PRP" wid="29">themselves</w>
  <w id="30" lemma="|and|" pos="CC" wid="30">and</w>
  <w id="31" lemma="|to|" pos="TO" wid="31">to</w>
  <w id="32" lemma="|they|" pos="PRP" wid="32">them</w>
  <w id="33" lemma="|,|" pos="," wid="33">,</w>
  <w id="34" lemma="|lure|" pos="VB" wid="34">lure</w>
  <w id="35" lemma="|they|" pos="PRP" wid="35">them</w>
  <w id="36" lemma="|into|" pos="IN" wid="36">into</w>
  <w id="37" lemma="|the|" pos="DT" wid="37">the</w>
  <w id="38" lemma="|deadend|" pos="NNS" wid="38">deadends</w>
  <w id="39" lemma="|of|" pos="IN" wid="39">of</w>
  <w id="40" lemma="|consumerism|" pos="NN" wid="40">consumerism</w>
  <w id="41" lemma="|;|" pos=":" wid="41">;</w>
  <w id="42" lemma="|even|" pos="RB" wid="42">even</w>
  <w id="43" lemma="|the|" pos="DT" wid="43">the</w>
  <w id="44" lemma="|most|" pos="RBS" wid="44">most</w>
  <w id="45" lemma="|sacred|" pos="JJ" wid="45">sacred</w>
  <w id="46" lemma="|reality|" pos="NNS" wid="46">realities</w>
  <w id="47" lemma="|,|" pos="," wid="47">,</w>
  <w id="48" lemma="|like|" pos="IN" wid="48">like</w>
  <w id="49" lemma="|the|" pos="DT" wid="49">the</w>
  <w id="50" lemma="|human|" pos="JJ" wid="50">human</w>
  <w id="51" lemma="|body|" pos="NN" wid="51">body</w>
  <w id="52" lemma="|,|" pos="," wid="52">,</w>
  <w id="53" lemma="|a|" pos="DT" wid="53">a</w>
  <w id="54" lemma="|temple|" pos="NN" wid="54">temple</w>
  <w id="55" lemma="|of|" pos="IN" wid="55">of</w>
  <w id="56" lemma="|God|" pos="NNP" wid="56">God</w>
  <w id="57" lemma="|'s|" pos="POS" wid="57">'s</w>
  <w id="58" lemma="|love|" pos="NN" wid="58">love</w>
  <w id="59" lemma="|and|" pos="CC" wid="59">and</w>
  <w id="60" lemma="|of|" pos="IN" wid="60">of</w>
  <w id="61" lemma="|life|" pos="NN" wid="61">life</w>
  <w id="62" lemma="|,|" pos="," wid="62">,</w>
  <w id="63" lemma="|thus|" pos="RB" wid="63">thus</w>
  <w id="64" lemma="|become|" pos="VBN" wid="64">become</w>
  <w id="65" lemma="|object|" pos="NNS" wid="65">objects</w>
  <w id="66" lemma="|of|" pos="IN" wid="66">of</w>
  <w id="67" lemma="|consumption|" pos="NN" wid="67">consumption</w>
  <w id="68" lemma="|and|" pos="CC" wid="68">and</w>
  <w id="69" lemma="|this|" pos="DT" wid="69">this</w>
  <w id="70" lemma="|be|" pos="VBZ" wid="70">is</w>
  <w id="71" lemma="|happen|" pos="VBG" wid="71">happening</w>
  <w id="72" lemma="|earlier|" pos="RBR" wid="72">earlier</w>
  <w id="73" lemma="|,|" pos="," wid="73">,</w>
  <w id="74" lemma="|even|" pos="RB" wid="74">even</w>
  <w id="75" lemma="|in|" pos="IN" wid="75">in</w>
  <w id="76" lemma="|pre-adolescence|" pos="NN" wid="76">pre-adolescence</w>
  <w id="77" lemma="|.|" pos="." wid="77">.</w>
</sentence>
<sentence id="15">
  <w id="0" lemma="|how|" pos="WRB" wid="0">How</w>
  <w id="1" lemma="|sad|" pos="JJ" wid="1">sad</w>
  <w id="2" lemma="|it|" pos="PRP" wid="2">it</w>
  <w id="3" lemma="|be|" pos="VBZ" wid="3">is</w>
  <w id="4" lemma="|when|" pos="WRB" wid="4">when</w>
  <w id="5" lemma="|youth|" pos="NN" wid="5">youth</w>
  <w id="6" lemma="|lose|" pos="VBP" wid="6">lose</w>
  <w id="7" lemma="|the|" pos="DT" wid="7">the</w>
  <w id="8" lemma="|wonder|" pos="NN" wid="8">wonder</w>
  <w id="9" lemma="|,|" pos="," wid="9">,</w>
  <w id="10" lemma="|the|" pos="DT" wid="10">the</w>
  <w id="11" lemma="|enchantment|" pos="NN" wid="11">enchantment</w>
  <w id="12" lemma="|of|" pos="IN" wid="12">of</w>
  <w id="13" lemma="|the|" pos="DT" wid="13">the</w>
  <w id="14" lemma="|most|" pos="RBS" wid="14">most</w>
  <w id="15" lemma="|beautiful|" pos="JJ" wid="15">beautiful</w>
  <w id="16" lemma="|sentiment|" pos="NNS" wid="16">sentiments</w>
  <w id="17" lemma="|,|" pos="," wid="17">,</w>
  <w id="18" lemma="|the|" pos="DT" wid="18">the</w>
  <w id="19" lemma="|value|" pos="NN" wid="19">value</w>
  <w id="20" lemma="|of|" pos="IN" wid="20">of</w>
  <w id="21" lemma="|respect|" pos="NN" wid="21">respect</w>
  <w id="22" lemma="|for|" pos="IN" wid="22">for</w>
  <w id="23" lemma="|the|" pos="DT" wid="23">the</w>
  <w id="24" lemma="|body|" pos="NN" wid="24">body</w>
  <w id="25" lemma="|,|" pos="," wid="25">,</w>
  <w id="26" lemma="|the|" pos="DT" wid="26">the</w>
  <w id="27" lemma="|manifestation|" pos="NN" wid="27">manifestation</w>
  <w id="28" lemma="|of|" pos="IN" wid="28">of</w>
  <w id="29" lemma="|the|" pos="DT" wid="29">the</w>
  <w id="30" lemma="|person|" pos="NN" wid="30">person</w>
  <w id="31" lemma="|and|" pos="CC" wid="31">and</w>
  <w id="32" lemma="|he|" pos="PRP$" wid="32">his</w>
  <w id="33" lemma="|unfathomable|" pos="JJ" wid="33">unfathomable</w>
  <w id="34" lemma="|mystery|" pos="NN" wid="34">mystery</w>
  <w id="35" lemma="|!|" pos="." wid="35">!</w>
</sentence>
<sentence id="16">
  <w id="0" lemma="|Mary|" pos="NNP" wid="0">Mary</w>
  <w id="1" lemma="|immaculate|" pos="JJ" wid="1">Immaculate</w>
  <w id="2" lemma="|,|" pos="," wid="2">,</w>
  <w id="3" lemma="|whom|" pos="WP" wid="3">whom</w>
  <w id="4" lemma="|we|" pos="PRP" wid="4">we</w>
  <w id="5" lemma="|contemplate|" pos="VBP" wid="5">contemplate</w>
  <w id="6" lemma="|in|" pos="IN" wid="6">in</w>
  <w id="7" lemma="|all|" pos="DT" wid="7">all</w>
  <w id="8" lemma="|she|" pos="PRP$" wid="8">her</w>
  <w id="9" lemma="|beauty|" pos="NN" wid="9">beauty</w>
  <w id="10" lemma="|and|" pos="CC" wid="10">and</w>
  <w id="11" lemma="|holiness|" pos="NN" wid="11">holiness</w>
  <w id="12" lemma="|,|" pos="," wid="12">,</w>
  <w id="13" lemma="|remind|" pos="VBZ" wid="13">reminds</w>
  <w id="14" lemma="|we|" pos="PRP" wid="14">us</w>
  <w id="15" lemma="|of|" pos="IN" wid="15">of</w>
  <w id="16" lemma="|all|" pos="PDT" wid="16">all</w>
  <w id="17" lemma="|this|" pos="DT" wid="17">this</w>
  <w id="18" lemma="|.|" pos="." wid="18">.</w>
</sentence>
<sentence id="17">
  <w id="0" lemma="|from|" pos="IN" wid="0">From</w>
  <w id="1" lemma="|the|" pos="DT" wid="1">the</w>
  <w id="2" lemma="|Cross|" pos="NNP" wid="2">Cross</w>
  <w id="3" lemma="|,|" pos="," wid="3">,</w>
  <w id="4" lemma="|Jesus|" pos="NNP" wid="4">Jesus</w>
  <w id="5" lemma="|entrust|" pos="VBD" wid="5">entrusted</w>
  <w id="6" lemma="|she|" pos="PRP" wid="6">her</w>
  <w id="7" lemma="|to|" pos="TO" wid="7">to</w>
  <w id="8" lemma="|John|" pos="NNP" wid="8">John</w>
  <w id="9" lemma="|and|" pos="CC" wid="9">and</w>
  <w id="10" lemma="|to|" pos="TO" wid="10">to</w>
  <w id="11" lemma="|all|" pos="PDT" wid="11">all</w>
  <w id="12" lemma="|the|" pos="DT" wid="12">the</w>
  <w id="13" lemma="|disciple|" pos="NNS" wid="13">disciples</w>
  <w id="14" lemma="|-lrb-|" pos="-LRB-" wid="14">-LRB-</w>
  <w id="15" lemma="|cf|" pos="NN" wid="15">cf</w>
  <w id="16" lemma="|.|" pos="." wid="16">.</w>
</sentence>
<sentence id="18">
  <w id="0" lemma="|jn|" pos="NN" wid="0">Jn</w>
  <w id="1" lemma="|19|" pos="CD" wid="1">19</w>
  <w id="2" lemma="|:|" pos=":" wid="2">:</w>
  <w id="3" lemma="|27|" pos="CD" wid="3">27</w>
  <w id="4" lemma="|-rrb-|" pos="-RRB-" wid="4">-RRB-</w>
  <w id="5" lemma="|,|" pos="," wid="5">,</w>
  <w id="6" lemma="|and|" pos="CC" wid="6">and</w>
  <w id="7" lemma="|from|" pos="IN" wid="7">from</w>
  <w id="8" lemma="|that|" pos="DT" wid="8">that</w>
  <w id="9" lemma="|moment|" pos="NN" wid="9">moment</w>
  <w id="10" lemma="|she|" pos="PRP" wid="10">she</w>
  <w id="11" lemma="|have|" pos="VBZ" wid="11">has</w>
  <w id="12" lemma="|be|" pos="VBN" wid="12">been</w>
  <w id="13" lemma="|the|" pos="DT" wid="13">the</w>
  <w id="14" lemma="|Mother|" pos="NNP" wid="14">Mother</w>
  <w id="15" lemma="|of|" pos="IN" wid="15">of</w>
  <w id="16" lemma="|all|" pos="DT" wid="16">all</w>
  <w id="17" lemma="|humanity|" pos="NN" wid="17">humanity</w>
  <w id="18" lemma="|,|" pos="," wid="18">,</w>
  <w id="19" lemma="|the|" pos="DT" wid="19">the</w>
  <w id="20" lemma="|Mother|" pos="NNP" wid="20">Mother</w>
  <w id="21" lemma="|of|" pos="IN" wid="21">of</w>
  <w id="22" lemma="|hope|" pos="NN" wid="22">hope</w>
  <w id="23" lemma="|.|" pos="." wid="23">.</w>
</sentence>
<sentence id="19">
  <w id="0" lemma="|let|" pos="VB" wid="0">Let</w>
  <w id="1" lemma="|we|" pos="PRP" wid="1">us</w>
  <w id="2" lemma="|address|" pos="VB" wid="2">address</w>
  <w id="3" lemma="|we|" pos="PRP$" wid="3">our</w>
  <w id="4" lemma="|prayer|" pos="NN" wid="4">prayer</w>
  <w id="5" lemma="|to|" pos="TO" wid="5">to</w>
  <w id="6" lemma="|she|" pos="PRP" wid="6">her</w>
  <w id="7" lemma="|with|" pos="IN" wid="7">with</w>
  <w id="8" lemma="|faith|" pos="NN" wid="8">faith</w>
  <w id="9" lemma="|,|" pos="," wid="9">,</w>
  <w id="10" lemma="|while|" pos="IN" wid="10">while</w>
  <w id="11" lemma="|we|" pos="PRP" wid="11">we</w>
  <w id="12" lemma="|go|" pos="VBP" wid="12">go</w>
  <w id="13" lemma="|in|" pos="IN" wid="13">in</w>
  <w id="14" lemma="|spirit|" pos="NN" wid="14">spirit</w>
  <w id="15" lemma="|on|" pos="IN" wid="15">on</w>
  <w id="16" lemma="|pilgrimage|" pos="NN" wid="16">pilgrimage</w>
  <w id="17" lemma="|to|" pos="TO" wid="17">to</w>
  <w id="18" lemma="|Lourdes|" pos="NNP" wid="18">Lourdes</w>
  <w id="19" lemma="|where|" pos="WRB" wid="19">where</w>
  <w id="20" lemma="|on|" pos="IN" wid="20">on</w>
  <w id="21" lemma="|this|" pos="DT" wid="21">this</w>
  <w id="22" lemma="|very|" pos="JJ" wid="22">very</w>
  <w id="23" lemma="|day|" pos="NN" wid="23">day</w>
  <w id="24" lemma="|a|" pos="DT" wid="24">a</w>
  <w id="25" lemma="|special|" pos="JJ" wid="25">special</w>
  <w id="26" lemma="|Jubilee|" pos="NNP" wid="26">Jubilee</w>
  <w id="27" lemma="|Year|" pos="NNP" wid="27">Year</w>
  <w id="28" lemma="|begin|" pos="VBZ" wid="28">begins</w>
  <w id="29" lemma="|on|" pos="IN" wid="29">on</w>
  <w id="30" lemma="|the|" pos="DT" wid="30">the</w>
  <w id="31" lemma="|occasion|" pos="NN" wid="31">occasion</w>
  <w id="32" lemma="|of|" pos="IN" wid="32">of</w>
  <w id="33" lemma="|the|" pos="DT" wid="33">the</w>
  <w id="34" lemma="|150th|" pos="JJ" wid="34">150th</w>
  <w id="35" lemma="|anniversary|" pos="NN" wid="35">anniversary</w>
  <w id="36" lemma="|of|" pos="IN" wid="36">of</w>
  <w id="37" lemma="|she|" pos="PRP$" wid="37">her</w>
  <w id="38" lemma="|apparition|" pos="NNS" wid="38">apparitions</w>
  <w id="39" lemma="|in|" pos="IN" wid="39">in</w>
  <w id="40" lemma="|the|" pos="DT" wid="40">the</w>
  <w id="41" lemma="|Grotto|" pos="NNP" wid="41">Grotto</w>
  <w id="42" lemma="|of|" pos="IN" wid="42">of</w>
  <w id="43" lemma="|Massabielle|" pos="NNP" wid="43">Massabielle</w>
  <w id="44" lemma="|.|" pos="." wid="44">.</w>
</sentence>
<sentence id="20">
  <w id="0" lemma="|May|" pos="NNP" wid="0">May</w>
  <w id="1" lemma="|Mary|" pos="NNP" wid="1">Mary</w>
  <w id="2" lemma="|immaculate|" pos="JJ" wid="2">Immaculate</w>
  <w id="3" lemma="|,|" pos="," wid="3">,</w>
  <w id="4" lemma="|``|" pos="``" wid="4">``</w>
  <w id="5" lemma="|star|" pos="NN" wid="5">Star</w>
  <w id="6" lemma="|of|" pos="IN" wid="6">of</w>
  <w id="7" lemma="|the|" pos="DT" wid="7">the</w>
  <w id="8" lemma="|Sea|" pos="NNP" wid="8">Sea</w>
  <w id="9" lemma="|,|" pos="," wid="9">,</w>
  <w id="10" lemma="|shine|" pos="VBP" wid="10">shine</w>
  <w id="11" lemma="|upon|" pos="IN" wid="11">upon</w>
  <w id="12" lemma="|we|" pos="PRP" wid="12">us</w>
  <w id="13" lemma="|and|" pos="CC" wid="13">and</w>
  <w id="14" lemma="|guide|" pos="VB" wid="14">guide</w>
  <w id="15" lemma="|we|" pos="PRP" wid="15">us</w>
  <w id="16" lemma="|on|" pos="IN" wid="16">on</w>
  <w id="17" lemma="|we|" pos="PRP$" wid="17">our</w>
  <w id="18" lemma="|way|" pos="NN" wid="18">way</w>
  <w id="19" lemma="|!|" pos="." wid="19">!</w>
  <w id="20" lemma="|''|" pos="''" wid="20">''</w>
</sentence>
<sentence id="21">
  <w id="0" lemma="|-lrb-|" pos="-LRB-" wid="0">-LRB-</w>
  <w id="1" lemma="|spe|" pos="FW" wid="1">Spe</w>
  <w id="2" lemma="|salvi|" pos="FW" wid="2">Salvi</w>
  <w id="3" lemma="|,|" pos="," wid="3">,</w>
  <w id="4" lemma="|n.|" pos="NN" wid="4">n.</w>
  <w id="5" lemma="|50|" pos="CD" wid="5">50</w>
  <w id="6" lemma="|-rrb-|" pos="-RRB-" wid="6">-RRB-</w>
  <w id="7" lemma="|.|" pos="." wid="7">.</w>
</sentence>
<sentence id="22">
  <w id="0" lemma="|after|" pos="IN" wid="0">After</w>
  <w id="1" lemma="|the|" pos="DT" wid="1">the</w>
  <w id="2" lemma="|Angelus|" pos="NNP" wid="2">Angelus</w>
  <w id="3" lemma="|:|" pos=":" wid="3">:</w>
  <w id="4" lemma="|I|" pos="PRP" wid="4">I</w>
  <w id="5" lemma="|be|" pos="VBP" wid="5">am</w>
  <w id="6" lemma="|pleased|" pos="JJ" wid="6">pleased</w>
  <w id="7" lemma="|to|" pos="TO" wid="7">to</w>
  <w id="8" lemma="|greet|" pos="VB" wid="8">greet</w>
  <w id="9" lemma="|the|" pos="DT" wid="9">the</w>
  <w id="10" lemma="|english-speaking|" pos="JJ" wid="10">English-speaking</w>
  <w id="11" lemma="|pilgrim|" pos="NNS" wid="11">pilgrims</w>
  <w id="12" lemma="|and|" pos="CC" wid="12">and</w>
  <w id="13" lemma="|visitor|" pos="NNS" wid="13">visitors</w>
  <w id="14" lemma="|present|" pos="JJ" wid="14">present</w>
  <w id="15" lemma="|at|" pos="IN" wid="15">at</w>
  <w id="16" lemma="|today|" pos="NN" wid="16">today</w>
  <w id="17" lemma="|'s|" pos="POS" wid="17">'s</w>
  <w id="18" lemma="|angelus|" pos="NN" wid="18">Angelus</w>
  <w id="19" lemma="|.|" pos="." wid="19">.</w>
</sentence>
<sentence id="23">
  <w id="0" lemma="|with|" pos="IN" wid="0">With</w>
  <w id="1" lemma="|immense|" pos="JJ" wid="1">immense</w>
  <w id="2" lemma="|joy|" pos="NN" wid="2">joy</w>
  <w id="3" lemma="|,|" pos="," wid="3">,</w>
  <w id="4" lemma="|the|" pos="DT" wid="4">the</w>
  <w id="5" lemma="|Church|" pos="NNP" wid="5">Church</w>
  <w id="6" lemma="|celebrate|" pos="VBZ" wid="6">celebrates</w>
  <w id="7" lemma="|this|" pos="DT" wid="7">this</w>
  <w id="8" lemma="|solemn|" pos="JJ" wid="8">Solemn</w>
  <w id="9" lemma="|feast|" pos="NN" wid="9">Feast</w>
  <w id="10" lemma="|of|" pos="IN" wid="10">of</w>
  <w id="11" lemma="|the|" pos="DT" wid="11">the</w>
  <w id="12" lemma="|Virgin|" pos="NNP" wid="12">Virgin</w>
  <w id="13" lemma="|Mary|" pos="NNP" wid="13">Mary</w>
  <w id="14" lemma="|,|" pos="," wid="14">,</w>
  <w id="15" lemma="|whom|" pos="WP" wid="15">whom</w>
  <w id="16" lemma="|God|" pos="NNP" wid="16">God</w>
  <w id="17" lemma="|preserve|" pos="VBD" wid="17">preserved</w>
  <w id="18" lemma="|from|" pos="IN" wid="18">from</w>
  <w id="19" lemma="|the|" pos="DT" wid="19">the</w>
  <w id="20" lemma="|stain|" pos="VB" wid="20">stain</w>
  <w id="21" lemma="|of|" pos="IN" wid="21">of</w>
  <w id="22" lemma="|original|" pos="JJ" wid="22">original</w>
  <w id="23" lemma="|sin|" pos="NN" wid="23">sin</w>
  <w id="24" lemma="|to|" pos="TO" wid="24">to</w>
  <w id="25" lemma="|prepare|" pos="VB" wid="25">prepare</w>
  <w id="26" lemma="|a|" pos="DT" wid="26">a</w>
  <w id="27" lemma="|worthy|" pos="JJ" wid="27">worthy</w>
  <w id="28" lemma="|dwelling|" pos="NN" wid="28">dwelling</w>
  <w id="29" lemma="|place|" pos="NN" wid="29">place</w>
  <w id="30" lemma="|for|" pos="IN" wid="30">for</w>
  <w id="31" lemma="|he|" pos="PRP$" wid="31">his</w>
  <w id="32" lemma="|beloved|" pos="JJ" wid="32">beloved</w>
  <w id="33" lemma="|Son|" pos="NNP" wid="33">Son</w>
  <w id="34" lemma="|.|" pos="." wid="34">.</w>
</sentence>
<sentence id="24">
  <w id="0" lemma="|Dear|" pos="NNP" wid="0">Dear</w>
  <w id="1" lemma="|friend|" pos="NNS" wid="1">friends</w>
  <w id="2" lemma="|,|" pos="," wid="2">,</w>
  <w id="3" lemma="|I|" pos="PRP" wid="3">I</w>
  <w id="4" lemma="|pray|" pos="VBP" wid="4">pray</w>
  <w id="5" lemma="|that|" pos="IN" wid="5">that</w>
  <w id="6" lemma="|by|" pos="IN" wid="6">by</w>
  <w id="7" lemma="|gaze|" pos="VBG" wid="7">gazing</w>
  <w id="8" lemma="|upon|" pos="IN" wid="8">upon</w>
  <w id="9" lemma="|she|" pos="PRP" wid="9">her</w>
  <w id="10" lemma="|,|" pos="," wid="10">,</w>
  <w id="11" lemma="|you|" pos="PRP" wid="11">you</w>
  <w id="12" lemma="|will|" pos="MD" wid="12">will</w>
  <w id="13" lemma="|see|" pos="VB" wid="13">see</w>
  <w id="14" lemma="|the|" pos="DT" wid="14">the</w>
  <w id="15" lemma="|purest|" pos="JJS" wid="15">purest</w>
  <w id="16" lemma="|sign|" pos="NN" wid="16">sign</w>
  <w id="17" lemma="|of|" pos="IN" wid="17">of</w>
  <w id="18" lemma="|hope|" pos="NN" wid="18">hope</w>
  <w id="19" lemma="|in|" pos="IN" wid="19">in</w>
  <w id="20" lemma="|God|" pos="NNP" wid="20">God</w>
  <w id="21" lemma="|'s|" pos="POS" wid="21">'s</w>
  <w id="22" lemma="|saving|" pos="NN" wid="22">saving</w>
  <w id="23" lemma="|mercy|" pos="NN" wid="23">mercy</w>
  <w id="24" lemma="|.|" pos="." wid="24">.</w>
</sentence>
<sentence id="25">
  <w id="0" lemma="|a|" pos="DT" wid="0">A</w>
  <w id="1" lemma="|happy|" pos="JJ" wid="1">happy</w>
  <w id="2" lemma="|feast|" pos="NN" wid="2">feast</w>
  <w id="3" lemma="|day|" pos="NN" wid="3">day</w>
  <w id="4" lemma="|to|" pos="TO" wid="4">to</w>
  <w id="5" lemma="|all|" pos="DT" wid="5">all</w>
  <w id="6" lemma="|!|" pos="." wid="6">!</w>
</sentence>
</corpus>