<corpus id="0">
<sentence id="0">
  <w id="0" lemma="|Dear|" pos="NNP" wid="0">Dear</w>
  <w id="1" lemma="|Brothers|" pos="NNPS" wid="1">Brothers</w>
  <w id="2" lemma="|and|" pos="CC" wid="2">and</w>
  <w id="3" lemma="|sister|" pos="NNS" wid="3">Sisters</w>
  <w id="4" lemma="|,|" pos="," wid="4">,</w>
  <w id="5" lemma="|the|" pos="DT" wid="5">The</w>
  <w id="6" lemma="|biblical|" pos="JJ" wid="6">biblical</w>
  <w id="7" lemma="|reading|" pos="NNS" wid="7">Readings</w>
  <w id="8" lemma="|of|" pos="IN" wid="8">of</w>
  <w id="9" lemma="|Holy|" pos="NNP" wid="9">Holy</w>
  <w id="10" lemma="|Mass|" pos="NNP" wid="10">Mass</w>
  <w id="11" lemma="|this|" pos="DT" wid="11">this</w>
  <w id="12" lemma="|Sunday|" pos="NNP" wid="12">Sunday</w>
  <w id="13" lemma="|give|" pos="VB" wid="13">give</w>
  <w id="14" lemma="|I|" pos="PRP" wid="14">me</w>
  <w id="15" lemma="|the|" pos="DT" wid="15">the</w>
  <w id="16" lemma="|opportunity|" pos="NN" wid="16">opportunity</w>
  <w id="17" lemma="|to|" pos="TO" wid="17">to</w>
  <w id="18" lemma="|take|" pos="VB" wid="18">take</w>
  <w id="19" lemma="|up|" pos="RP" wid="19">up</w>
  <w id="20" lemma="|the|" pos="DT" wid="20">the</w>
  <w id="21" lemma="|theme|" pos="NN" wid="21">theme</w>
  <w id="22" lemma="|of|" pos="IN" wid="22">of</w>
  <w id="23" lemma="|Christ|" pos="NNP" wid="23">Christ</w>
  <w id="24" lemma="|'s|" pos="POS" wid="24">'s</w>
  <w id="25" lemma="|call|" pos="NN" wid="25">call</w>
  <w id="26" lemma="|and|" pos="CC" wid="26">and</w>
  <w id="27" lemma="|its|" pos="PRP$" wid="27">its</w>
  <w id="28" lemma="|requirement|" pos="NNS" wid="28">requirements</w>
  <w id="29" lemma="|,|" pos="," wid="29">,</w>
  <w id="30" lemma="|a|" pos="DT" wid="30">a</w>
  <w id="31" lemma="|topic|" pos="NN" wid="31">topic</w>
  <w id="32" lemma="|on|" pos="IN" wid="32">on</w>
  <w id="33" lemma="|which|" pos="WDT" wid="33">which</w>
  <w id="34" lemma="|I|" pos="PRP" wid="34">I</w>
  <w id="35" lemma="|also|" pos="RB" wid="35">also</w>
  <w id="36" lemma="|reflect|" pos="VBD" wid="36">reflected</w>
  <w id="37" lemma="|a|" pos="DT" wid="37">a</w>
  <w id="38" lemma="|week|" pos="NN" wid="38">week</w>
  <w id="39" lemma="|ago|" pos="RB" wid="39">ago</w>
  <w id="40" lemma="|,|" pos="," wid="40">,</w>
  <w id="41" lemma="|on|" pos="IN" wid="41">on</w>
  <w id="42" lemma="|the|" pos="DT" wid="42">the</w>
  <w id="43" lemma="|occasion|" pos="NN" wid="43">occasion</w>
  <w id="44" lemma="|of|" pos="IN" wid="44">of</w>
  <w id="45" lemma="|the|" pos="DT" wid="45">the</w>
  <w id="46" lemma="|ordination|" pos="NNS" wid="46">ordinations</w>
  <w id="47" lemma="|of|" pos="IN" wid="47">of</w>
  <w id="48" lemma="|the|" pos="DT" wid="48">the</w>
  <w id="49" lemma="|new|" pos="JJ" wid="49">new</w>
  <w id="50" lemma="|priest|" pos="NNS" wid="50">priests</w>
  <w id="51" lemma="|for|" pos="IN" wid="51">for</w>
  <w id="52" lemma="|the|" pos="DT" wid="52">the</w>
  <w id="53" lemma="|Diocese|" pos="NNP" wid="53">Diocese</w>
  <w id="54" lemma="|of|" pos="IN" wid="54">of</w>
  <w id="55" lemma="|Rome|" pos="NNP" wid="55">Rome</w>
  <w id="56" lemma="|.|" pos="." wid="56">.</w>
</sentence>
<sentence id="1">
  <w id="0" lemma="|in|" pos="IN" wid="0">In</w>
  <w id="1" lemma="|fact|" pos="NN" wid="1">fact</w>
  <w id="2" lemma="|,|" pos="," wid="2">,</w>
  <w id="3" lemma="|those|" pos="DT" wid="3">those</w>
  <w id="4" lemma="|who|" pos="WP" wid="4">who</w>
  <w id="5" lemma="|have|" pos="VBP" wid="5">have</w>
  <w id="6" lemma="|the|" pos="DT" wid="6">the</w>
  <w id="7" lemma="|good|" pos="JJ" wid="7">good</w>
  <w id="8" lemma="|fortune|" pos="NN" wid="8">fortune</w>
  <w id="9" lemma="|to|" pos="TO" wid="9">to</w>
  <w id="10" lemma="|know|" pos="VB" wid="10">know</w>
  <w id="11" lemma="|a|" pos="DT" wid="11">a</w>
  <w id="12" lemma="|young|" pos="JJ" wid="12">young</w>
  <w id="13" lemma="|man|" pos="NN" wid="13">man</w>
  <w id="14" lemma="|or|" pos="CC" wid="14">or</w>
  <w id="15" lemma="|woman|" pos="NN" wid="15">woman</w>
  <w id="16" lemma="|who|" pos="WP" wid="16">who</w>
  <w id="17" lemma="|leave|" pos="VBZ" wid="17">leaves</w>
  <w id="18" lemma="|the|" pos="DT" wid="18">the</w>
  <w id="19" lemma="|family|" pos="NN" wid="19">family</w>
  <w id="20" lemma="|and|" pos="CC" wid="20">and</w>
  <w id="21" lemma="|study|" pos="NNS" wid="21">studies</w>
  <w id="22" lemma="|and|" pos="CC" wid="22">and</w>
  <w id="23" lemma="|work|" pos="NNS" wid="23">works</w>
  <w id="24" lemma="|in|" pos="IN" wid="24">in</w>
  <w id="25" lemma="|order|" pos="NN" wid="25">order</w>
  <w id="26" lemma="|to|" pos="TO" wid="26">to</w>
  <w id="27" lemma="|consecrate|" pos="VB" wid="27">consecrate</w>
  <w id="28" lemma="|he|" pos="PRP" wid="28">him</w>
  <w id="29" lemma="|-|" pos=":" wid="29">-</w>
  <w id="30" lemma="|or|" pos="CC" wid="30">or</w>
  <w id="31" lemma="|herself|" pos="PRP" wid="31">herself</w>
  <w id="32" lemma="|to|" pos="TO" wid="32">to</w>
  <w id="33" lemma="|God|" pos="NNP" wid="33">God</w>
  <w id="34" lemma="|know|" pos="VB" wid="34">know</w>
  <w id="35" lemma="|well|" pos="RB" wid="35">well</w>
  <w id="36" lemma="|what|" pos="WP" wid="36">what</w>
  <w id="37" lemma="|be|" pos="VBZ" wid="37">is</w>
  <w id="38" lemma="|involve|" pos="VBN" wid="38">involved</w>
  <w id="39" lemma="|,|" pos="," wid="39">,</w>
  <w id="40" lemma="|for|" pos="IN" wid="40">for</w>
  <w id="41" lemma="|they|" pos="PRP" wid="41">they</w>
  <w id="42" lemma="|have|" pos="VBP" wid="42">have</w>
  <w id="43" lemma="|before|" pos="IN" wid="43">before</w>
  <w id="44" lemma="|they|" pos="PRP" wid="44">them</w>
  <w id="45" lemma="|a|" pos="DT" wid="45">a</w>
  <w id="46" lemma="|live|" pos="VBG" wid="46">living</w>
  <w id="47" lemma="|example|" pos="NN" wid="47">example</w>
  <w id="48" lemma="|of|" pos="IN" wid="48">of</w>
  <w id="49" lemma="|a|" pos="DT" wid="49">a</w>
  <w id="50" lemma="|radical|" pos="JJ" wid="50">radical</w>
  <w id="51" lemma="|response|" pos="NN" wid="51">response</w>
  <w id="52" lemma="|to|" pos="TO" wid="52">to</w>
  <w id="53" lemma="|the|" pos="DT" wid="53">the</w>
  <w id="54" lemma="|divine|" pos="JJ" wid="54">divine</w>
  <w id="55" lemma="|call|" pos="NN" wid="55">call</w>
  <w id="56" lemma="|.|" pos="." wid="56">.</w>
</sentence>
<sentence id="2">
  <w id="0" lemma="|this|" pos="DT" wid="0">This</w>
  <w id="1" lemma="|be|" pos="VBZ" wid="1">is</w>
  <w id="2" lemma="|one|" pos="CD" wid="2">one</w>
  <w id="3" lemma="|of|" pos="IN" wid="3">of</w>
  <w id="4" lemma="|the|" pos="DT" wid="4">the</w>
  <w id="5" lemma="|most|" pos="RBS" wid="5">most</w>
  <w id="6" lemma="|beautiful|" pos="JJ" wid="6">beautiful</w>
  <w id="7" lemma="|experience|" pos="NNS" wid="7">experiences</w>
  <w id="8" lemma="|one|" pos="PRP" wid="8">one</w>
  <w id="9" lemma="|can|" pos="MD" wid="9">can</w>
  <w id="10" lemma="|have|" pos="VB" wid="10">have</w>
  <w id="11" lemma="|in|" pos="IN" wid="11">in</w>
  <w id="12" lemma="|the|" pos="DT" wid="12">the</w>
  <w id="13" lemma="|Church|" pos="NNP" wid="13">Church</w>
  <w id="14" lemma="|:|" pos=":" wid="14">:</w>
  <w id="15" lemma="|see|" pos="VBG" wid="15">seeing</w>
  <w id="16" lemma="|and|" pos="CC" wid="16">and</w>
  <w id="17" lemma="|actually|" pos="RB" wid="17">actually</w>
  <w id="18" lemma="|touch|" pos="VBG" wid="18">touching</w>
  <w id="19" lemma="|the|" pos="DT" wid="19">the</w>
  <w id="20" lemma="|Lord|" pos="NNP" wid="20">Lord</w>
  <w id="21" lemma="|'s|" pos="POS" wid="21">'s</w>
  <w id="22" lemma="|action|" pos="NN" wid="22">action</w>
  <w id="23" lemma="|in|" pos="IN" wid="23">in</w>
  <w id="24" lemma="|people|" pos="NNS" wid="24">people</w>
  <w id="25" lemma="|'s|" pos="POS" wid="25">'s</w>
  <w id="26" lemma="|life|" pos="NNS" wid="26">lives</w>
  <w id="27" lemma="|;|" pos=":" wid="27">;</w>
  <w id="28" lemma="|experience|" pos="VBG" wid="28">experiencing</w>
  <w id="29" lemma="|that|" pos="IN" wid="29">that</w>
  <w id="30" lemma="|God|" pos="NNP" wid="30">God</w>
  <w id="31" lemma="|be|" pos="VBZ" wid="31">is</w>
  <w id="32" lemma="|not|" pos="RB" wid="32">not</w>
  <w id="33" lemma="|a|" pos="DT" wid="33">an</w>
  <w id="34" lemma="|abstract|" pos="JJ" wid="34">abstract</w>
  <w id="35" lemma="|entity|" pos="NN" wid="35">entity</w>
  <w id="36" lemma="|but|" pos="CC" wid="36">but</w>
  <w id="37" lemma="|a|" pos="DT" wid="37">a</w>
  <w id="38" lemma="|reality|" pos="NN" wid="38">reality</w>
  <w id="39" lemma="|so|" pos="RB" wid="39">so</w>
  <w id="40" lemma="|great|" pos="JJ" wid="40">great</w>
  <w id="41" lemma="|and|" pos="CC" wid="41">and</w>
  <w id="42" lemma="|strong|" pos="JJ" wid="42">strong</w>
  <w id="43" lemma="|that|" pos="IN" wid="43">that</w>
  <w id="44" lemma="|it|" pos="PRP" wid="44">it</w>
  <w id="45" lemma="|fill|" pos="VBZ" wid="45">fills</w>
  <w id="46" lemma="|human|" pos="JJ" wid="46">human</w>
  <w id="47" lemma="|heart|" pos="NNS" wid="47">hearts</w>
  <w id="48" lemma="|to|" pos="TO" wid="48">to</w>
  <w id="49" lemma="|overflow|" pos="VBG" wid="49">overflowing</w>
  <w id="50" lemma="|,|" pos="," wid="50">,</w>
  <w id="51" lemma="|he|" pos="PRP" wid="51">he</w>
  <w id="52" lemma="|be|" pos="VBZ" wid="52">is</w>
  <w id="53" lemma="|a|" pos="DT" wid="53">a</w>
  <w id="54" lemma="|person|" pos="NN" wid="54">Person</w>
  <w id="55" lemma="|,|" pos="," wid="55">,</w>
  <w id="56" lemma="|alive|" pos="JJ" wid="56">alive</w>
  <w id="57" lemma="|and|" pos="CC" wid="57">and</w>
  <w id="58" lemma="|close|" pos="JJ" wid="58">close</w>
  <w id="59" lemma="|,|" pos="," wid="59">,</w>
  <w id="60" lemma="|who|" pos="WP" wid="60">who</w>
  <w id="61" lemma="|love|" pos="VBZ" wid="61">loves</w>
  <w id="62" lemma="|we|" pos="PRP" wid="62">us</w>
  <w id="63" lemma="|and|" pos="CC" wid="63">and</w>
  <w id="64" lemma="|ask|" pos="VBZ" wid="64">asks</w>
  <w id="65" lemma="|to|" pos="TO" wid="65">to</w>
  <w id="66" lemma="|be|" pos="VB" wid="66">be</w>
  <w id="67" lemma="|love|" pos="VBN" wid="67">loved</w>
  <w id="68" lemma="|.|" pos="." wid="68">.</w>
</sentence>
<sentence id="3">
  <w id="0" lemma="|the|" pos="DT" wid="0">The</w>
  <w id="1" lemma="|Evangelist|" pos="NNP" wid="1">Evangelist</w>
  <w id="2" lemma="|Luke|" pos="NNP" wid="2">Luke</w>
  <w id="3" lemma="|present|" pos="VBZ" wid="3">presents</w>
  <w id="4" lemma="|to|" pos="TO" wid="4">to</w>
  <w id="5" lemma="|we|" pos="PRP" wid="5">us</w>
  <w id="6" lemma="|Jesus|" pos="NNP" wid="6">Jesus</w>
  <w id="7" lemma="|,|" pos="," wid="7">,</w>
  <w id="8" lemma="|walk|" pos="VBG" wid="8">walking</w>
  <w id="9" lemma="|to|" pos="TO" wid="9">to</w>
  <w id="10" lemma="|Jerusalem|" pos="NNP" wid="10">Jerusalem</w>
  <w id="11" lemma="|,|" pos="," wid="11">,</w>
  <w id="12" lemma="|who|" pos="WP" wid="12">who</w>
  <w id="13" lemma="|meet|" pos="VBZ" wid="13">meets</w>
  <w id="14" lemma="|some|" pos="DT" wid="14">some</w>
  <w id="15" lemma="|man|" pos="NNS" wid="15">men</w>
  <w id="16" lemma="|on|" pos="IN" wid="16">on</w>
  <w id="17" lemma="|the|" pos="DT" wid="17">the</w>
  <w id="18" lemma="|road|" pos="NN" wid="18">road</w>
  <w id="19" lemma="|probably|" pos="RB" wid="19">probably</w>
  <w id="20" lemma="|young|" pos="JJ" wid="20">young</w>
  <w id="21" lemma="|man|" pos="NNS" wid="21">men</w>
  <w id="22" lemma="|who|" pos="WP" wid="22">who</w>
  <w id="23" lemma="|promise|" pos="VBP" wid="23">promise</w>
  <w id="24" lemma="|they|" pos="PRP" wid="24">they</w>
  <w id="25" lemma="|will|" pos="MD" wid="25">will</w>
  <w id="26" lemma="|follow|" pos="VB" wid="26">follow</w>
  <w id="27" lemma="|he|" pos="PRP" wid="27">him</w>
  <w id="28" lemma="|wherever|" pos="WRB" wid="28">wherever</w>
  <w id="29" lemma="|he|" pos="PRP" wid="29">he</w>
  <w id="30" lemma="|go|" pos="VBZ" wid="30">goes</w>
  <w id="31" lemma="|.|" pos="." wid="31">.</w>
</sentence>
<sentence id="4">
  <w id="0" lemma="|Jesus|" pos="NNP" wid="0">Jesus</w>
  <w id="1" lemma="|prove|" pos="VBZ" wid="1">proves</w>
  <w id="2" lemma="|very|" pos="RB" wid="2">very</w>
  <w id="3" lemma="|demand|" pos="VBG" wid="3">demanding</w>
  <w id="4" lemma="|with|" pos="IN" wid="4">with</w>
  <w id="5" lemma="|they|" pos="PRP" wid="5">them</w>
  <w id="6" lemma="|and|" pos="CC" wid="6">and</w>
  <w id="7" lemma="|warn|" pos="VBZ" wid="7">warns</w>
  <w id="8" lemma="|they|" pos="PRP" wid="8">them</w>
  <w id="9" lemma="|that|" pos="IN" wid="9">that</w>
  <w id="10" lemma="|``|" pos="``" wid="10">``</w>
  <w id="11" lemma="|the|" pos="DT" wid="11">the</w>
  <w id="12" lemma="|Son|" pos="NNP" wid="12">Son</w>
  <w id="13" lemma="|of|" pos="IN" wid="13">of</w>
  <w id="14" lemma="|Man|" pos="NNP" wid="14">Man</w>
  <w id="15" lemma="|''|" pos="''" wid="15">''</w>
  <w id="16" lemma="|,|" pos="," wid="16">,</w>
  <w id="17" lemma="|namely|" pos="RB" wid="17">namely</w>
  <w id="18" lemma="|,|" pos="," wid="18">,</w>
  <w id="19" lemma="|the|" pos="DT" wid="19">the</w>
  <w id="20" lemma="|Messiah|" pos="NNP" wid="20">Messiah</w>
  <w id="21" lemma="|,|" pos="," wid="21">,</w>
  <w id="22" lemma="|``|" pos="``" wid="22">``</w>
  <w id="23" lemma="|have|" pos="VBZ" wid="23">has</w>
  <w id="24" lemma="|nowhere|" pos="RB" wid="24">nowhere</w>
  <w id="25" lemma="|to|" pos="TO" wid="25">to</w>
  <w id="26" lemma="|lay|" pos="VB" wid="26">lay</w>
  <w id="27" lemma="|he|" pos="PRP$" wid="27">his</w>
  <w id="28" lemma="|head|" pos="NN" wid="28">head</w>
  <w id="29" lemma="|''|" pos="''" wid="29">''</w>
  <w id="30" lemma="|that|" pos="WDT" wid="30">that</w>
  <w id="31" lemma="|be|" pos="VBZ" wid="31">is</w>
  <w id="32" lemma="|to|" pos="TO" wid="32">to</w>
  <w id="33" lemma="|say|" pos="VB" wid="33">say</w>
  <w id="34" lemma="|,|" pos="," wid="34">,</w>
  <w id="35" lemma="|he|" pos="PRP" wid="35">he</w>
  <w id="36" lemma="|have|" pos="VBZ" wid="36">has</w>
  <w id="37" lemma="|no|" pos="DT" wid="37">no</w>
  <w id="38" lemma="|permanent|" pos="JJ" wid="38">permanent</w>
  <w id="39" lemma="|dwelling|" pos="NN" wid="39">dwelling</w>
  <w id="40" lemma="|place|" pos="NN" wid="40">place</w>
  <w id="41" lemma="|of|" pos="IN" wid="41">of</w>
  <w id="42" lemma="|he|" pos="PRP$" wid="42">his</w>
  <w id="43" lemma="|own|" pos="JJ" wid="43">own</w>
  <w id="44" lemma="|and|" pos="CC" wid="44">and</w>
  <w id="45" lemma="|that|" pos="IN" wid="45">that</w>
  <w id="46" lemma="|those|" pos="DT" wid="46">those</w>
  <w id="47" lemma="|who|" pos="WP" wid="47">who</w>
  <w id="48" lemma="|choose|" pos="VBP" wid="48">choose</w>
  <w id="49" lemma="|to|" pos="TO" wid="49">to</w>
  <w id="50" lemma="|work|" pos="VB" wid="50">work</w>
  <w id="51" lemma="|with|" pos="IN" wid="51">with</w>
  <w id="52" lemma="|he|" pos="PRP" wid="52">him</w>
  <w id="53" lemma="|in|" pos="IN" wid="53">in</w>
  <w id="54" lemma="|God|" pos="NNP" wid="54">God</w>
  <w id="55" lemma="|'s|" pos="POS" wid="55">'s</w>
  <w id="56" lemma="|field|" pos="NN" wid="56">field</w>
  <w id="57" lemma="|can|" pos="MD" wid="57">can</w>
  <w id="58" lemma="|not|" pos="RB" wid="58">not</w>
  <w id="59" lemma="|turn|" pos="VB" wid="59">turn</w>
  <w id="60" lemma="|back|" pos="RB" wid="60">back</w>
  <w id="61" lemma="|-lrb-|" pos="-LRB-" wid="61">-LRB-</w>
  <w id="62" lemma="|cf|" pos="NN" wid="62">cf</w>
  <w id="63" lemma="|.|" pos="." wid="63">.</w>
</sentence>
<sentence id="5">
  <w id="0" lemma="|lk|" pos="NN" wid="0">Lk</w>
  <w id="1" lemma="|9:57|" pos="CD" wid="1">9:57</w>
  <w id="2" lemma="|-58|" pos="CD" wid="2">-58</w>
  <w id="3" lemma="|;|" pos=":" wid="3">;</w>
  <w id="4" lemma="|61-62|" pos="CD" wid="4">61-62</w>
  <w id="5" lemma="|-rrb-|" pos="-RRB-" wid="5">-RRB-</w>
  <w id="6" lemma="|.|" pos="." wid="6">.</w>
</sentence>
<sentence id="6">
  <w id="0" lemma="|on|" pos="IN" wid="0">On</w>
  <w id="1" lemma="|the|" pos="DT" wid="1">the</w>
  <w id="2" lemma="|other|" pos="JJ" wid="2">other</w>
  <w id="3" lemma="|hand|" pos="NN" wid="3">hand</w>
  <w id="4" lemma="|Christ|" pos="NNP" wid="4">Christ</w>
  <w id="5" lemma="|say|" pos="VBZ" wid="5">says</w>
  <w id="6" lemma="|to|" pos="TO" wid="6">to</w>
  <w id="7" lemma="|someone|" pos="NN" wid="7">someone</w>
  <w id="8" lemma="|else|" pos="RB" wid="8">else</w>
  <w id="9" lemma="|:|" pos=":" wid="9">:</w>
  <w id="10" lemma="|``|" pos="``" wid="10">``</w>
  <w id="11" lemma="|follow|" pos="VB" wid="11">Follow</w>
  <w id="12" lemma="|I|" pos="PRP" wid="12">me</w>
  <w id="13" lemma="|''|" pos="''" wid="13">''</w>
  <w id="14" lemma="|,|" pos="," wid="14">,</w>
  <w id="15" lemma="|ask|" pos="VBG" wid="15">asking</w>
  <w id="16" lemma="|he|" pos="PRP" wid="16">him</w>
  <w id="17" lemma="|to|" pos="TO" wid="17">to</w>
  <w id="18" lemma="|sever|" pos="VB" wid="18">sever</w>
  <w id="19" lemma="|completely|" pos="RB" wid="19">completely</w>
  <w id="20" lemma="|he|" pos="PRP$" wid="20">his</w>
  <w id="21" lemma="|tie|" pos="NNS" wid="21">ties</w>
  <w id="22" lemma="|with|" pos="IN" wid="22">with</w>
  <w id="23" lemma="|he|" pos="PRP$" wid="23">his</w>
  <w id="24" lemma="|family|" pos="NN" wid="24">family</w>
  <w id="25" lemma="|-lrb-|" pos="-LRB-" wid="25">-LRB-</w>
  <w id="26" lemma="|cf|" pos="NN" wid="26">cf</w>
  <w id="27" lemma="|.|" pos="." wid="27">.</w>
</sentence>
<sentence id="7">
  <w id="0" lemma="|lk|" pos="NN" wid="0">Lk</w>
  <w id="1" lemma="|9:59|" pos="CD" wid="1">9:59</w>
  <w id="2" lemma="|-60|" pos="CD" wid="2">-60</w>
  <w id="3" lemma="|-rrb-|" pos="-RRB-" wid="3">-RRB-</w>
  <w id="4" lemma="|.|" pos="." wid="4">.</w>
</sentence>
<sentence id="8">
  <w id="0" lemma="|these|" pos="DT" wid="0">These</w>
  <w id="1" lemma="|requirement|" pos="NNS" wid="1">requirements</w>
  <w id="2" lemma="|may|" pos="MD" wid="2">may</w>
  <w id="3" lemma="|seem|" pos="VB" wid="3">seem</w>
  <w id="4" lemma="|too|" pos="RB" wid="4">too</w>
  <w id="5" lemma="|harsh|" pos="JJ" wid="5">harsh</w>
  <w id="6" lemma="|but|" pos="CC" wid="6">but</w>
  <w id="7" lemma="|in|" pos="IN" wid="7">in</w>
  <w id="8" lemma="|fact|" pos="NN" wid="8">fact</w>
  <w id="9" lemma="|they|" pos="PRP" wid="9">they</w>
  <w id="10" lemma="|express|" pos="VBP" wid="10">express</w>
  <w id="11" lemma="|the|" pos="DT" wid="11">the</w>
  <w id="12" lemma="|newness|" pos="NN" wid="12">newness</w>
  <w id="13" lemma="|and|" pos="CC" wid="13">and</w>
  <w id="14" lemma="|absolute|" pos="JJ" wid="14">absolute</w>
  <w id="15" lemma="|priority|" pos="NN" wid="15">priority</w>
  <w id="16" lemma="|of|" pos="IN" wid="16">of</w>
  <w id="17" lemma="|the|" pos="DT" wid="17">the</w>
  <w id="18" lemma="|Kingdom|" pos="NNP" wid="18">Kingdom</w>
  <w id="19" lemma="|of|" pos="IN" wid="19">of</w>
  <w id="20" lemma="|God|" pos="NNP" wid="20">God</w>
  <w id="21" lemma="|that|" pos="WDT" wid="21">that</w>
  <w id="22" lemma="|be|" pos="VBZ" wid="22">is</w>
  <w id="23" lemma="|make|" pos="VBN" wid="23">made</w>
  <w id="24" lemma="|present|" pos="JJ" wid="24">present</w>
  <w id="25" lemma="|in|" pos="IN" wid="25">in</w>
  <w id="26" lemma="|the|" pos="DT" wid="26">the</w>
  <w id="27" lemma="|very|" pos="JJ" wid="27">very</w>
  <w id="28" lemma="|person|" pos="NN" wid="28">Person</w>
  <w id="29" lemma="|of|" pos="IN" wid="29">of</w>
  <w id="30" lemma="|Jesus|" pos="NNP" wid="30">Jesus</w>
  <w id="31" lemma="|Christ|" pos="NNP" wid="31">Christ</w>
  <w id="32" lemma="|.|" pos="." wid="32">.</w>
</sentence>
<sentence id="9">
  <w id="0" lemma="|all|" pos="DT" wid="0">All</w>
  <w id="1" lemma="|thing|" pos="NNS" wid="1">things</w>
  <w id="2" lemma="|consider|" pos="VBN" wid="2">considered</w>
  <w id="3" lemma="|,|" pos="," wid="3">,</w>
  <w id="4" lemma="|it|" pos="PRP" wid="4">it</w>
  <w id="5" lemma="|be|" pos="VBZ" wid="5">is</w>
  <w id="6" lemma="|a|" pos="DT" wid="6">a</w>
  <w id="7" lemma="|question|" pos="NN" wid="7">question</w>
  <w id="8" lemma="|of|" pos="IN" wid="8">of</w>
  <w id="9" lemma="|that|" pos="DT" wid="9">that</w>
  <w id="10" lemma="|radicalism|" pos="NN" wid="10">radicalism</w>
  <w id="11" lemma="|that|" pos="WDT" wid="11">that</w>
  <w id="12" lemma="|be|" pos="VBZ" wid="12">is</w>
  <w id="13" lemma="|due|" pos="JJ" wid="13">due</w>
  <w id="14" lemma="|to|" pos="TO" wid="14">to</w>
  <w id="15" lemma="|the|" pos="DT" wid="15">the</w>
  <w id="16" lemma="|Love|" pos="NNP" wid="16">Love</w>
  <w id="17" lemma="|of|" pos="IN" wid="17">of</w>
  <w id="18" lemma="|God|" pos="NNP" wid="18">God</w>
  <w id="19" lemma="|,|" pos="," wid="19">,</w>
  <w id="20" lemma="|whom|" pos="WP" wid="20">whom</w>
  <w id="21" lemma="|Jesus|" pos="NNP" wid="21">Jesus</w>
  <w id="22" lemma="|himself|" pos="PRP" wid="22">himself</w>
  <w id="23" lemma="|be|" pos="VBD" wid="23">was</w>
  <w id="24" lemma="|the|" pos="DT" wid="24">the</w>
  <w id="25" lemma="|first|" pos="JJ" wid="25">first</w>
  <w id="26" lemma="|to|" pos="TO" wid="26">to</w>
  <w id="27" lemma="|obey|" pos="VB" wid="27">obey</w>
  <w id="28" lemma="|.|" pos="." wid="28">.</w>
</sentence>
<sentence id="10">
  <w id="0" lemma="|those|" pos="DT" wid="0">Those</w>
  <w id="1" lemma="|who|" pos="WP" wid="1">who</w>
  <w id="2" lemma="|give|" pos="VBP" wid="2">give</w>
  <w id="3" lemma="|up|" pos="RP" wid="3">up</w>
  <w id="4" lemma="|everything|" pos="NN" wid="4">everything</w>
  <w id="5" lemma="|,|" pos="," wid="5">,</w>
  <w id="6" lemma="|even|" pos="RB" wid="6">even</w>
  <w id="7" lemma="|themselves|" pos="PRP" wid="7">themselves</w>
  <w id="8" lemma="|,|" pos="," wid="8">,</w>
  <w id="9" lemma="|to|" pos="TO" wid="9">to</w>
  <w id="10" lemma="|follow|" pos="VB" wid="10">follow</w>
  <w id="11" lemma="|Jesus|" pos="NNP" wid="11">Jesus</w>
  <w id="12" lemma="|,|" pos="," wid="12">,</w>
  <w id="13" lemma="|enter|" pos="VBP" wid="13">enter</w>
  <w id="14" lemma="|into|" pos="IN" wid="14">into</w>
  <w id="15" lemma="|a|" pos="DT" wid="15">a</w>
  <w id="16" lemma="|new|" pos="JJ" wid="16">new</w>
  <w id="17" lemma="|dimension|" pos="NN" wid="17">dimension</w>
  <w id="18" lemma="|of|" pos="IN" wid="18">of</w>
  <w id="19" lemma="|freedom|" pos="NN" wid="19">freedom</w>
  <w id="20" lemma="|that|" pos="IN" wid="20">that</w>
  <w id="21" lemma="|St|" pos="NNP" wid="21">St</w>
  <w id="22" lemma="|Paul|" pos="NNP" wid="22">Paul</w>
  <w id="23" lemma="|define|" pos="VBZ" wid="23">defines</w>
  <w id="24" lemma="|as|" pos="IN" wid="24">as</w>
  <w id="25" lemma="|``|" pos="``" wid="25">``</w>
  <w id="26" lemma="|walk|" pos="NN" wid="26">walk</w>
  <w id="27" lemma="|-lsb-|" pos="-LRB-" wid="27">-LSB-</w>
  <w id="28" lemma="|ing|" pos="NN" wid="28">ing</w>
  <w id="29" lemma="|-rsb-|" pos="-RRB-" wid="29">-RSB-</w>
  <w id="30" lemma="|by|" pos="IN" wid="30">by</w>
  <w id="31" lemma="|the|" pos="DT" wid="31">the</w>
  <w id="32" lemma="|spirit|" pos="NN" wid="32">Spirit</w>
  <w id="33" lemma="|''|" pos="''" wid="33">''</w>
  <w id="34" lemma="|-lrb-|" pos="-LRB-" wid="34">-LRB-</w>
  <w id="35" lemma="|cf|" pos="NN" wid="35">cf</w>
  <w id="36" lemma="|.|" pos="." wid="36">.</w>
</sentence>
<sentence id="11">
  <w id="0" lemma="|gal|" pos="NN" wid="0">Gal</w>
  <w id="1" lemma="|5:16|" pos="CD" wid="1">5:16</w>
  <w id="2" lemma="|-rrb-|" pos="-RRB-" wid="2">-RRB-</w>
  <w id="3" lemma="|.|" pos="." wid="3">.</w>
</sentence>
<sentence id="12">
  <w id="0" lemma="|``|" pos="``" wid="0">``</w>
  <w id="1" lemma="|for|" pos="IN" wid="1">For</w>
  <w id="2" lemma="|freedom|" pos="NN" wid="2">freedom</w>
  <w id="3" lemma="|Christ|" pos="NNP" wid="3">Christ</w>
  <w id="4" lemma="|have|" pos="VBZ" wid="4">has</w>
  <w id="5" lemma="|set|" pos="VBN" wid="5">set</w>
  <w id="6" lemma="|we|" pos="PRP" wid="6">us</w>
  <w id="7" lemma="|free|" pos="JJ" wid="7">free</w>
  <w id="8" lemma="|''|" pos="''" wid="8">''</w>
  <w id="9" lemma="|,|" pos="," wid="9">,</w>
  <w id="10" lemma="|the|" pos="DT" wid="10">the</w>
  <w id="11" lemma="|Apostle|" pos="NNP" wid="11">Apostle</w>
  <w id="12" lemma="|write|" pos="VBZ" wid="12">writes</w>
  <w id="13" lemma="|,|" pos="," wid="13">,</w>
  <w id="14" lemma="|and|" pos="CC" wid="14">and</w>
  <w id="15" lemma="|he|" pos="PRP" wid="15">he</w>
  <w id="16" lemma="|explain|" pos="VBZ" wid="16">explains</w>
  <w id="17" lemma="|that|" pos="IN" wid="17">that</w>
  <w id="18" lemma="|this|" pos="DT" wid="18">this</w>
  <w id="19" lemma="|new|" pos="JJ" wid="19">new</w>
  <w id="20" lemma="|form|" pos="NN" wid="20">form</w>
  <w id="21" lemma="|of|" pos="IN" wid="21">of</w>
  <w id="22" lemma="|freedom|" pos="NN" wid="22">freedom</w>
  <w id="23" lemma="|acquire|" pos="VBN" wid="23">acquired</w>
  <w id="24" lemma="|from|" pos="IN" wid="24">from</w>
  <w id="25" lemma="|Christ|" pos="NNP" wid="25">Christ</w>
  <w id="26" lemma="|consist|" pos="VBZ" wid="26">consists</w>
  <w id="27" lemma="|in|" pos="IN" wid="27">in</w>
  <w id="28" lemma="|be|" pos="VBG" wid="28">being</w>
  <w id="29" lemma="|``|" pos="``" wid="29">``</w>
  <w id="30" lemma="|servant|" pos="NNS" wid="30">servants</w>
  <w id="31" lemma="|of|" pos="IN" wid="31">of</w>
  <w id="32" lemma="|one|" pos="CD" wid="32">one</w>
  <w id="33" lemma="|another|" pos="DT" wid="33">another</w>
  <w id="34" lemma="|''|" pos="''" wid="34">''</w>
  <w id="35" lemma="|-lrb-|" pos="-LRB-" wid="35">-LRB-</w>
  <w id="36" lemma="|Gal|" pos="NNP" wid="36">Gal</w>
  <w id="37" lemma="|5:1|" pos="CD" wid="37">5:1</w>
  <w id="38" lemma="|,|" pos="," wid="38">,</w>
  <w id="39" lemma="|13|" pos="CD" wid="39">13</w>
  <w id="40" lemma="|-rrb-|" pos="-RRB-" wid="40">-RRB-</w>
  <w id="41" lemma="|.|" pos="." wid="41">.</w>
</sentence>
<sentence id="13">
  <w id="0" lemma="|freedom|" pos="NN" wid="0">Freedom</w>
  <w id="1" lemma="|and|" pos="CC" wid="1">and</w>
  <w id="2" lemma="|love|" pos="NN" wid="2">love</w>
  <w id="3" lemma="|coincide|" pos="VBP" wid="3">coincide</w>
  <w id="4" lemma="|!|" pos="." wid="4">!</w>
</sentence>
<sentence id="14">
  <w id="0" lemma="|on|" pos="IN" wid="0">On</w>
  <w id="1" lemma="|the|" pos="DT" wid="1">the</w>
  <w id="2" lemma="|contrary|" pos="NN" wid="2">contrary</w>
  <w id="3" lemma="|,|" pos="," wid="3">,</w>
  <w id="4" lemma="|comply|" pos="VBG" wid="4">complying</w>
  <w id="5" lemma="|with|" pos="IN" wid="5">with</w>
  <w id="6" lemma="|one|" pos="NN" wid="6">one</w>
  <w id="7" lemma="|'s|" pos="POS" wid="7">'s</w>
  <w id="8" lemma="|own|" pos="JJ" wid="8">own</w>
  <w id="9" lemma="|egoism|" pos="NN" wid="9">egoism</w>
  <w id="10" lemma="|lead|" pos="VBZ" wid="10">leads</w>
  <w id="11" lemma="|to|" pos="TO" wid="11">to</w>
  <w id="12" lemma="|rivalry|" pos="NN" wid="12">rivalry</w>
  <w id="13" lemma="|and|" pos="CC" wid="13">and</w>
  <w id="14" lemma="|conflict|" pos="NN" wid="14">conflict</w>
  <w id="15" lemma="|.|" pos="." wid="15">.</w>
</sentence>
<sentence id="15">
  <w id="0" lemma="|Dear|" pos="NNP" wid="0">Dear</w>
  <w id="1" lemma="|friend|" pos="NNS" wid="1">friends</w>
  <w id="2" lemma="|,|" pos="," wid="2">,</w>
  <w id="3" lemma="|the|" pos="DT" wid="3">the</w>
  <w id="4" lemma="|month|" pos="NN" wid="4">month</w>
  <w id="5" lemma="|of|" pos="IN" wid="5">of</w>
  <w id="6" lemma="|June|" pos="NNP" wid="6">June</w>
  <w id="7" lemma="|,|" pos="," wid="7">,</w>
  <w id="8" lemma="|characterize|" pos="VBN" wid="8">characterized</w>
  <w id="9" lemma="|by|" pos="IN" wid="9">by</w>
  <w id="10" lemma="|the|" pos="DT" wid="10">the</w>
  <w id="11" lemma="|devotion|" pos="NN" wid="11">devotion</w>
  <w id="12" lemma="|to|" pos="TO" wid="12">to</w>
  <w id="13" lemma="|the|" pos="DT" wid="13">the</w>
  <w id="14" lemma="|sacred|" pos="JJ" wid="14">Sacred</w>
  <w id="15" lemma="|Heart|" pos="NNP" wid="15">Heart</w>
  <w id="16" lemma="|of|" pos="IN" wid="16">of</w>
  <w id="17" lemma="|Christ|" pos="NNP" wid="17">Christ</w>
  <w id="18" lemma="|,|" pos="," wid="18">,</w>
  <w id="19" lemma="|be|" pos="VBZ" wid="19">is</w>
  <w id="20" lemma="|now|" pos="RB" wid="20">now</w>
  <w id="21" lemma="|come|" pos="VBG" wid="21">coming</w>
  <w id="22" lemma="|to|" pos="TO" wid="22">to</w>
  <w id="23" lemma="|a|" pos="DT" wid="23">an</w>
  <w id="24" lemma="|end|" pos="NN" wid="24">end</w>
  <w id="25" lemma="|.|" pos="." wid="25">.</w>
</sentence>
<sentence id="16">
  <w id="0" lemma="|on|" pos="IN" wid="0">On</w>
  <w id="1" lemma="|the|" pos="DT" wid="1">the</w>
  <w id="2" lemma="|feast|" pos="NN" wid="2">Feast</w>
  <w id="3" lemma="|of|" pos="IN" wid="3">of</w>
  <w id="4" lemma="|the|" pos="DT" wid="4">the</w>
  <w id="5" lemma="|sacred|" pos="JJ" wid="5">Sacred</w>
  <w id="6" lemma="|Heart|" pos="NNP" wid="6">Heart</w>
  <w id="7" lemma="|we|" pos="PRP" wid="7">we</w>
  <w id="8" lemma="|renew|" pos="VBD" wid="8">renewed</w>
  <w id="9" lemma="|we|" pos="PRP$" wid="9">our</w>
  <w id="10" lemma="|commitment|" pos="NN" wid="10">commitment</w>
  <w id="11" lemma="|to|" pos="TO" wid="11">to</w>
  <w id="12" lemma="|sanctification|" pos="NN" wid="12">sanctification</w>
  <w id="13" lemma="|together|" pos="RB" wid="13">together</w>
  <w id="14" lemma="|with|" pos="IN" wid="14">with</w>
  <w id="15" lemma="|the|" pos="DT" wid="15">the</w>
  <w id="16" lemma="|priest|" pos="NNS" wid="16">priests</w>
  <w id="17" lemma="|of|" pos="IN" wid="17">of</w>
  <w id="18" lemma="|the|" pos="DT" wid="18">the</w>
  <w id="19" lemma="|whole|" pos="JJ" wid="19">whole</w>
  <w id="20" lemma="|world|" pos="NN" wid="20">world</w>
  <w id="21" lemma="|.|" pos="." wid="21">.</w>
</sentence>
<sentence id="17">
  <w id="0" lemma="|today|" pos="NN" wid="0">Today</w>
  <w id="1" lemma="|,|" pos="," wid="1">,</w>
  <w id="2" lemma="|I|" pos="PRP" wid="2">I</w>
  <w id="3" lemma="|would|" pos="MD" wid="3">would</w>
  <w id="4" lemma="|like|" pos="VB" wid="4">like</w>
  <w id="5" lemma="|to|" pos="TO" wid="5">to</w>
  <w id="6" lemma="|invite|" pos="VB" wid="6">invite</w>
  <w id="7" lemma="|everyone|" pos="NN" wid="7">everyone</w>
  <w id="8" lemma="|to|" pos="TO" wid="8">to</w>
  <w id="9" lemma="|contemplate|" pos="VB" wid="9">contemplate</w>
  <w id="10" lemma="|the|" pos="DT" wid="10">the</w>
  <w id="11" lemma="|mystery|" pos="NN" wid="11">mystery</w>
  <w id="12" lemma="|of|" pos="IN" wid="12">of</w>
  <w id="13" lemma="|the|" pos="DT" wid="13">the</w>
  <w id="14" lemma="|divine|" pos="JJ" wid="14">divine</w>
  <w id="15" lemma="|and|" pos="CC" wid="15">and</w>
  <w id="16" lemma="|human|" pos="JJ" wid="16">human</w>
  <w id="17" lemma="|Heart|" pos="NNP" wid="17">Heart</w>
  <w id="18" lemma="|of|" pos="IN" wid="18">of</w>
  <w id="19" lemma="|the|" pos="DT" wid="19">the</w>
  <w id="20" lemma="|Lord|" pos="NNP" wid="20">Lord</w>
  <w id="21" lemma="|Jesus|" pos="NNP" wid="21">Jesus</w>
  <w id="22" lemma="|,|" pos="," wid="22">,</w>
  <w id="23" lemma="|to|" pos="TO" wid="23">to</w>
  <w id="24" lemma="|draw|" pos="VB" wid="24">draw</w>
  <w id="25" lemma="|from|" pos="IN" wid="25">from</w>
  <w id="26" lemma="|the|" pos="DT" wid="26">the</w>
  <w id="27" lemma="|very|" pos="JJ" wid="27">very</w>
  <w id="28" lemma="|source|" pos="NN" wid="28">source</w>
  <w id="29" lemma="|of|" pos="IN" wid="29">of</w>
  <w id="30" lemma="|God|" pos="NNP" wid="30">God</w>
  <w id="31" lemma="|'s|" pos="POS" wid="31">'s</w>
  <w id="32" lemma="|Love|" pos="NNP" wid="32">Love</w>
  <w id="33" lemma="|.|" pos="." wid="33">.</w>
</sentence>
<sentence id="18">
  <w id="0" lemma="|those|" pos="DT" wid="0">Those</w>
  <w id="1" lemma="|who|" pos="WP" wid="1">who</w>
  <w id="2" lemma="|fix|" pos="VBP" wid="2">fix</w>
  <w id="3" lemma="|they|" pos="PRP$" wid="3">their</w>
  <w id="4" lemma="|gaze|" pos="VB" wid="4">gaze</w>
  <w id="5" lemma="|on|" pos="IN" wid="5">on</w>
  <w id="6" lemma="|that|" pos="DT" wid="6">that</w>
  <w id="7" lemma="|pierce|" pos="VBN" wid="7">pierced</w>
  <w id="8" lemma="|Heart|" pos="NNP" wid="8">Heart</w>
  <w id="9" lemma="|that|" pos="WDT" wid="9">that</w>
  <w id="10" lemma="|be|" pos="VBZ" wid="10">is</w>
  <w id="11" lemma="|ever|" pos="RB" wid="11">ever</w>
  <w id="12" lemma="|open|" pos="JJ" wid="12">open</w>
  <w id="13" lemma="|for|" pos="IN" wid="13">for</w>
  <w id="14" lemma="|we|" pos="PRP$" wid="14">our</w>
  <w id="15" lemma="|love|" pos="NN" wid="15">love</w>
  <w id="16" lemma="|sense|" pos="NN" wid="16">sense</w>
  <w id="17" lemma="|the|" pos="DT" wid="17">the</w>
  <w id="18" lemma="|truth|" pos="NN" wid="18">truth</w>
  <w id="19" lemma="|of|" pos="IN" wid="19">of</w>
  <w id="20" lemma="|this|" pos="DT" wid="20">this</w>
  <w id="21" lemma="|invocation|" pos="NN" wid="21">invocation</w>
  <w id="22" lemma="|:|" pos=":" wid="22">:</w>
  <w id="23" lemma="|``|" pos="``" wid="23">``</w>
  <w id="24" lemma="|you|" pos="PRP" wid="24">You</w>
  <w id="25" lemma="|be|" pos="VBP" wid="25">are</w>
  <w id="26" lemma="|my|" pos="PRP$" wid="26">my</w>
  <w id="27" lemma="|inheritance|" pos="NN" wid="27">inheritance</w>
  <w id="28" lemma="|o|" pos="NN" wid="28">O</w>
  <w id="29" lemma="|lord|" pos="NN" wid="29">Lord</w>
  <w id="30" lemma="|''|" pos="''" wid="30">''</w>
  <w id="31" lemma="|-lrb-|" pos="-LRB-" wid="31">-LRB-</w>
  <w id="32" lemma="|responsorial|" pos="JJ" wid="32">Responsorial</w>
  <w id="33" lemma="|psalm|" pos="NN" wid="33">Psalm</w>
  <w id="34" lemma="|-rrb-|" pos="-RRB-" wid="34">-RRB-</w>
  <w id="35" lemma="|,|" pos="," wid="35">,</w>
  <w id="36" lemma="|and|" pos="CC" wid="36">and</w>
  <w id="37" lemma="|be|" pos="VBP" wid="37">are</w>
  <w id="38" lemma="|prepare|" pos="VBN" wid="38">prepared</w>
  <w id="39" lemma="|to|" pos="TO" wid="39">to</w>
  <w id="40" lemma="|leave|" pos="VB" wid="40">leave</w>
  <w id="41" lemma="|everything|" pos="NN" wid="41">everything</w>
  <w id="42" lemma="|to|" pos="TO" wid="42">to</w>
  <w id="43" lemma="|follow|" pos="VB" wid="43">follow</w>
  <w id="44" lemma="|the|" pos="DT" wid="44">the</w>
  <w id="45" lemma="|Lord|" pos="NNP" wid="45">Lord</w>
  <w id="46" lemma="|.|" pos="." wid="46">.</w>
</sentence>
<sentence id="19">
  <w id="0" lemma="|o|" pos="NN" wid="0">O</w>
  <w id="1" lemma="|Mary|" pos="NNP" wid="1">Mary</w>
  <w id="2" lemma="|,|" pos="," wid="2">,</w>
  <w id="3" lemma="|who|" pos="WP" wid="3">who</w>
  <w id="4" lemma="|answer|" pos="VBD" wid="4">answered</w>
  <w id="5" lemma="|the|" pos="DT" wid="5">the</w>
  <w id="6" lemma="|divine|" pos="JJ" wid="6">divine</w>
  <w id="7" lemma="|call|" pos="NN" wid="7">call</w>
  <w id="8" lemma="|without|" pos="IN" wid="8">without</w>
  <w id="9" lemma="|reserve|" pos="NN" wid="9">reserve</w>
  <w id="10" lemma="|,|" pos="," wid="10">,</w>
  <w id="11" lemma="|pray|" pos="NN" wid="11">pray</w>
  <w id="12" lemma="|for|" pos="IN" wid="12">for</w>
  <w id="13" lemma="|we|" pos="PRP" wid="13">us</w>
  <w id="14" lemma="|!|" pos="." wid="14">!</w>
</sentence>
<sentence id="20">
  <w id="0" lemma="|after|" pos="IN" wid="0">After</w>
  <w id="1" lemma="|the|" pos="DT" wid="1">the</w>
  <w id="2" lemma="|Angelus|" pos="NNP" wid="2">Angelus</w>
  <w id="3" lemma="|the|" pos="DT" wid="3">the</w>
  <w id="4" lemma="|Pope|" pos="NNP" wid="4">Pope</w>
  <w id="5" lemma="|say|" pos="VBD" wid="5">said</w>
  <w id="6" lemma="|:|" pos=":" wid="6">:</w>
  <w id="7" lemma="|bless|" pos="VBN" wid="7">Blessed</w>
  <w id="8" lemma="|Estéphan|" pos="NNP" wid="8">Estéphan</w>
  <w id="9" lemma="|Nehmé|" pos="NNP" wid="9">Nehmé</w>
  <w id="10" lemma="|,|" pos="," wid="10">,</w>
  <w id="11" lemma="|in|" pos="IN" wid="11">in</w>
  <w id="12" lemma="|the|" pos="DT" wid="12">the</w>
  <w id="13" lemma="|world|" pos="NN" wid="13">world</w>
  <w id="14" lemma="|Joseph|" pos="NNP" wid="14">Joseph</w>
  <w id="15" lemma="|,|" pos="," wid="15">,</w>
  <w id="16" lemma="|be|" pos="VBD" wid="16">was</w>
  <w id="17" lemma="|beatify|" pos="VBN" wid="17">beatified</w>
  <w id="18" lemma="|this|" pos="DT" wid="18">this</w>
  <w id="19" lemma="|morning|" pos="NN" wid="19">morning</w>
  <w id="20" lemma="|in|" pos="IN" wid="20">in</w>
  <w id="21" lemma="|Lebanon|" pos="NNP" wid="21">Lebanon</w>
  <w id="22" lemma="|.|" pos="." wid="22">.</w>
</sentence>
<sentence id="21">
  <w id="0" lemma="|he|" pos="PRP" wid="0">He</w>
  <w id="1" lemma="|be|" pos="VBD" wid="1">was</w>
  <w id="2" lemma="|a|" pos="DT" wid="2">a</w>
  <w id="3" lemma="|religious|" pos="JJ" wid="3">religious</w>
  <w id="4" lemma="|of|" pos="IN" wid="4">of</w>
  <w id="5" lemma="|the|" pos="DT" wid="5">the</w>
  <w id="6" lemma="|Lebanese|" pos="NNP" wid="6">Lebanese</w>
  <w id="7" lemma="|Maronite|" pos="NNP" wid="7">Maronite</w>
  <w id="8" lemma="|Order|" pos="NNP" wid="8">Order</w>
  <w id="9" lemma="|who|" pos="WP" wid="9">who</w>
  <w id="10" lemma="|live|" pos="VBD" wid="10">lived</w>
  <w id="11" lemma="|in|" pos="IN" wid="11">in</w>
  <w id="12" lemma="|Lebanon|" pos="NNP" wid="12">Lebanon</w>
  <w id="13" lemma="|between|" pos="IN" wid="13">between</w>
  <w id="14" lemma="|the|" pos="DT" wid="14">the</w>
  <w id="15" lemma="|end|" pos="NN" wid="15">end</w>
  <w id="16" lemma="|of|" pos="IN" wid="16">of</w>
  <w id="17" lemma="|the|" pos="DT" wid="17">the</w>
  <w id="18" lemma="|19th|" pos="JJ" wid="18">19th</w>
  <w id="19" lemma="|century|" pos="NN" wid="19">century</w>
  <w id="20" lemma="|and|" pos="CC" wid="20">and</w>
  <w id="21" lemma="|the|" pos="DT" wid="21">the</w>
  <w id="22" lemma="|first|" pos="JJ" wid="22">first</w>
  <w id="23" lemma="|half|" pos="NN" wid="23">half</w>
  <w id="24" lemma="|of|" pos="IN" wid="24">of</w>
  <w id="25" lemma="|the|" pos="DT" wid="25">the</w>
  <w id="26" lemma="|20th|" pos="JJ" wid="26">20th</w>
  <w id="27" lemma="|.|" pos="." wid="27">.</w>
</sentence>
<sentence id="22">
  <w id="0" lemma="|I|" pos="PRP" wid="0">I</w>
  <w id="1" lemma="|warmly|" pos="RB" wid="1">warmly</w>
  <w id="2" lemma="|rejoice|" pos="VBP" wid="2">rejoice</w>
  <w id="3" lemma="|with|" pos="IN" wid="3">with</w>
  <w id="4" lemma="|we|" pos="PRP$" wid="4">our</w>
  <w id="5" lemma="|lebanese|" pos="JJ" wid="5">Lebanese</w>
  <w id="6" lemma="|brother|" pos="NNS" wid="6">brothers</w>
  <w id="7" lemma="|and|" pos="CC" wid="7">and</w>
  <w id="8" lemma="|sister|" pos="NNS" wid="8">sisters</w>
  <w id="9" lemma="|and|" pos="CC" wid="9">and</w>
  <w id="10" lemma="|entrust|" pos="VB" wid="10">entrust</w>
  <w id="11" lemma="|they|" pos="PRP" wid="11">them</w>
  <w id="12" lemma="|with|" pos="IN" wid="12">with</w>
  <w id="13" lemma="|great|" pos="JJ" wid="13">great</w>
  <w id="14" lemma="|affection|" pos="NN" wid="14">affection</w>
  <w id="15" lemma="|to|" pos="TO" wid="15">to</w>
  <w id="16" lemma="|the|" pos="DT" wid="16">the</w>
  <w id="17" lemma="|new|" pos="JJ" wid="17">new</w>
  <w id="18" lemma="|Blessed|" pos="NNP" wid="18">Blessed</w>
  <w id="19" lemma="|'s|" pos="POS" wid="19">'s</w>
  <w id="20" lemma="|protection|" pos="NN" wid="20">protection</w>
  <w id="21" lemma="|.|" pos="." wid="21">.</w>
</sentence>
<sentence id="23">
  <w id="0" lemma="|this|" pos="DT" wid="0">This</w>
  <w id="1" lemma="|Sunday|" pos="NNP" wid="1">Sunday</w>
  <w id="2" lemma="|that|" pos="WDT" wid="2">that</w>
  <w id="3" lemma="|precede|" pos="VBZ" wid="3">precedes</w>
  <w id="4" lemma="|the|" pos="DT" wid="4">the</w>
  <w id="5" lemma="|solemnity|" pos="NN" wid="5">Solemnity</w>
  <w id="6" lemma="|of|" pos="IN" wid="6">of</w>
  <w id="7" lemma="|Sts|" pos="NNP" wid="7">Sts</w>
  <w id="8" lemma="|Peter|" pos="NNP" wid="8">Peter</w>
  <w id="9" lemma="|and|" pos="CC" wid="9">and</w>
  <w id="10" lemma="|Paul|" pos="NNP" wid="10">Paul</w>
  <w id="11" lemma="|,|" pos="," wid="11">,</w>
  <w id="12" lemma="|in|" pos="IN" wid="12">in</w>
  <w id="13" lemma="|Italy|" pos="NNP" wid="13">Italy</w>
  <w id="14" lemma="|and|" pos="CC" wid="14">and</w>
  <w id="15" lemma="|in|" pos="IN" wid="15">in</w>
  <w id="16" lemma="|other|" pos="JJ" wid="16">other</w>
  <w id="17" lemma="|Countries|" pos="NNP" wid="17">Countries</w>
  <w id="18" lemma="|,|" pos="," wid="18">,</w>
  <w id="19" lemma="|be|" pos="VBZ" wid="19">is</w>
  <w id="20" lemma="|the|" pos="DT" wid="20">the</w>
  <w id="21" lemma="|World|" pos="NNP" wid="21">World</w>
  <w id="22" lemma="|Day|" pos="NNP" wid="22">Day</w>
  <w id="23" lemma="|of|" pos="IN" wid="23">of</w>
  <w id="24" lemma="|the|" pos="DT" wid="24">the</w>
  <w id="25" lemma="|Pope|" pos="NNP" wid="25">Pope</w>
  <w id="26" lemma="|'s|" pos="POS" wid="26">'s</w>
  <w id="27" lemma="|charity|" pos="NN" wid="27">Charity</w>
  <w id="28" lemma="|.|" pos="." wid="28">.</w>
</sentence>
<sentence id="24">
  <w id="0" lemma="|I|" pos="PRP" wid="0">I</w>
  <w id="1" lemma="|express|" pos="VBP" wid="1">express</w>
  <w id="2" lemma="|my|" pos="PRP$" wid="2">my</w>
  <w id="3" lemma="|deep|" pos="JJ" wid="3">deep</w>
  <w id="4" lemma="|gratitude|" pos="NN" wid="4">gratitude</w>
  <w id="5" lemma="|to|" pos="TO" wid="5">to</w>
  <w id="6" lemma="|all|" pos="PDT" wid="6">all</w>
  <w id="7" lemma="|those|" pos="DT" wid="7">those</w>
  <w id="8" lemma="|who|" pos="WP" wid="8">who</w>
  <w id="9" lemma="|,|" pos="," wid="9">,</w>
  <w id="10" lemma="|with|" pos="IN" wid="10">with</w>
  <w id="11" lemma="|they|" pos="PRP$" wid="11">their</w>
  <w id="12" lemma="|prayer|" pos="NNS" wid="12">prayers</w>
  <w id="13" lemma="|and|" pos="CC" wid="13">and</w>
  <w id="14" lemma="|donation|" pos="NNS" wid="14">donations</w>
  <w id="15" lemma="|,|" pos="," wid="15">,</w>
  <w id="16" lemma="|support|" pos="VBP" wid="16">support</w>
  <w id="17" lemma="|the|" pos="DT" wid="17">the</w>
  <w id="18" lemma="|apostolic|" pos="JJ" wid="18">apostolic</w>
  <w id="19" lemma="|and|" pos="CC" wid="19">and</w>
  <w id="20" lemma="|charitable|" pos="JJ" wid="20">charitable</w>
  <w id="21" lemma="|action|" pos="NN" wid="21">action</w>
  <w id="22" lemma="|of|" pos="IN" wid="22">of</w>
  <w id="23" lemma="|the|" pos="DT" wid="23">the</w>
  <w id="24" lemma="|Successor|" pos="NNP" wid="24">Successor</w>
  <w id="25" lemma="|of|" pos="IN" wid="25">of</w>
  <w id="26" lemma="|Peter|" pos="NNP" wid="26">Peter</w>
  <w id="27" lemma="|in|" pos="IN" wid="27">in</w>
  <w id="28" lemma="|favour|" pos="NN" wid="28">favour</w>
  <w id="29" lemma="|of|" pos="IN" wid="29">of</w>
  <w id="30" lemma="|the|" pos="DT" wid="30">the</w>
  <w id="31" lemma="|universal|" pos="JJ" wid="31">universal</w>
  <w id="32" lemma="|Church|" pos="NNP" wid="32">Church</w>
  <w id="33" lemma="|and|" pos="CC" wid="33">and</w>
  <w id="34" lemma="|so|" pos="RB" wid="34">so</w>
  <w id="35" lemma="|many|" pos="JJ" wid="35">many</w>
  <w id="36" lemma="|brother|" pos="NNS" wid="36">brothers</w>
  <w id="37" lemma="|and|" pos="CC" wid="37">and</w>
  <w id="38" lemma="|sister|" pos="NNS" wid="38">sisters</w>
  <w id="39" lemma="|,|" pos="," wid="39">,</w>
  <w id="40" lemma="|near|" pos="RB" wid="40">near</w>
  <w id="41" lemma="|and|" pos="CC" wid="41">and</w>
  <w id="42" lemma="|far|" pos="RB" wid="42">far</w>
  <w id="43" lemma="|.|" pos="." wid="43">.</w>
</sentence>
<sentence id="25">
  <w id="0" lemma="|I|" pos="PRP" wid="0">I</w>
  <w id="1" lemma="|extend|" pos="VBP" wid="1">extend</w>
  <w id="2" lemma="|cordial|" pos="JJ" wid="2">cordial</w>
  <w id="3" lemma="|greeting|" pos="NNS" wid="3">greetings</w>
  <w id="4" lemma="|to|" pos="TO" wid="4">to</w>
  <w id="5" lemma="|the|" pos="DT" wid="5">the</w>
  <w id="6" lemma="|english-speaking|" pos="JJ" wid="6">English-speaking</w>
  <w id="7" lemma="|pilgrim|" pos="NNS" wid="7">pilgrims</w>
  <w id="8" lemma="|and|" pos="CC" wid="8">and</w>
  <w id="9" lemma="|visitor|" pos="NNS" wid="9">visitors</w>
  <w id="10" lemma="|present|" pos="JJ" wid="10">present</w>
  <w id="11" lemma="|for|" pos="IN" wid="11">for</w>
  <w id="12" lemma="|today|" pos="NN" wid="12">today</w>
  <w id="13" lemma="|'s|" pos="POS" wid="13">'s</w>
  <w id="14" lemma="|angelus|" pos="NN" wid="14">Angelus</w>
  <w id="15" lemma="|.|" pos="." wid="15">.</w>
</sentence>
<sentence id="26">
  <w id="0" lemma="|on|" pos="IN" wid="0">On</w>
  <w id="1" lemma="|Tuesday|" pos="NNP" wid="1">Tuesday</w>
  <w id="2" lemma="|this|" pos="DT" wid="2">this</w>
  <w id="3" lemma="|week|" pos="NN" wid="3">week</w>
  <w id="4" lemma="|we|" pos="PRP" wid="4">we</w>
  <w id="5" lemma="|will|" pos="MD" wid="5">will</w>
  <w id="6" lemma="|be|" pos="VB" wid="6">be</w>
  <w id="7" lemma="|celebrate|" pos="VBG" wid="7">celebrating</w>
  <w id="8" lemma="|Rome|" pos="NNP" wid="8">Rome</w>
  <w id="9" lemma="|'s|" pos="POS" wid="9">'s</w>
  <w id="10" lemma="|feast-day|" pos="NN" wid="10">feast-day</w>
  <w id="11" lemma="|,|" pos="," wid="11">,</w>
  <w id="12" lemma="|that|" pos="WDT" wid="12">that</w>
  <w id="13" lemma="|be|" pos="VBZ" wid="13">is</w>
  <w id="14" lemma="|to|" pos="TO" wid="14">to</w>
  <w id="15" lemma="|say|" pos="VB" wid="15">say</w>
  <w id="16" lemma="|,|" pos="," wid="16">,</w>
  <w id="17" lemma="|the|" pos="DT" wid="17">the</w>
  <w id="18" lemma="|Feast|" pos="NNP" wid="18">Feast</w>
  <w id="19" lemma="|of|" pos="IN" wid="19">of</w>
  <w id="20" lemma="|Sts|" pos="NNP" wid="20">Sts</w>
  <w id="21" lemma="|Peter|" pos="NNP" wid="21">Peter</w>
  <w id="22" lemma="|and|" pos="CC" wid="22">and</w>
  <w id="23" lemma="|Paul|" pos="NNP" wid="23">Paul</w>
  <w id="24" lemma="|two|" pos="CD" wid="24">two</w>
  <w id="25" lemma="|great|" pos="JJ" wid="25">great</w>
  <w id="26" lemma="|apostle|" pos="NNS" wid="26">Apostles</w>
  <w id="27" lemma="|who|" pos="WP" wid="27">who</w>
  <w id="28" lemma="|proclaim|" pos="VBD" wid="28">proclaimed</w>
  <w id="29" lemma="|the|" pos="DT" wid="29">the</w>
  <w id="30" lemma="|Gospel|" pos="NNP" wid="30">Gospel</w>
  <w id="31" lemma="|in|" pos="IN" wid="31">in</w>
  <w id="32" lemma="|this|" pos="DT" wid="32">this</w>
  <w id="33" lemma="|city|" pos="NN" wid="33">city</w>
  <w id="34" lemma="|and|" pos="CC" wid="34">and</w>
  <w id="35" lemma="|bear|" pos="VBD" wid="35">bore</w>
  <w id="36" lemma="|witness|" pos="NN" wid="36">witness</w>
  <w id="37" lemma="|to|" pos="TO" wid="37">to</w>
  <w id="38" lemma="|Christ|" pos="NNP" wid="38">Christ</w>
  <w id="39" lemma="|,|" pos="," wid="39">,</w>
  <w id="40" lemma="|even|" pos="RB" wid="40">even</w>
  <w id="41" lemma="|to|" pos="TO" wid="41">to</w>
  <w id="42" lemma="|the|" pos="DT" wid="42">the</w>
  <w id="43" lemma="|shed|" pos="VBG" wid="43">shedding</w>
  <w id="44" lemma="|of|" pos="IN" wid="44">of</w>
  <w id="45" lemma="|they|" pos="PRP$" wid="45">their</w>
  <w id="46" lemma="|blood|" pos="NN" wid="46">blood</w>
  <w id="47" lemma="|.|" pos="." wid="47">.</w>
</sentence>
<sentence id="27">
  <w id="0" lemma="|through|" pos="IN" wid="0">Through</w>
  <w id="1" lemma="|they|" pos="PRP$" wid="1">their</w>
  <w id="2" lemma="|prayer|" pos="NNS" wid="2">prayers</w>
  <w id="3" lemma="|,|" pos="," wid="3">,</w>
  <w id="4" lemma="|may|" pos="MD" wid="4">may</w>
  <w id="5" lemma="|all|" pos="DT" wid="5">all</w>
  <w id="6" lemma="|who|" pos="WP" wid="6">who</w>
  <w id="7" lemma="|come|" pos="VBP" wid="7">come</w>
  <w id="8" lemma="|on|" pos="IN" wid="8">on</w>
  <w id="9" lemma="|pilgrimage|" pos="NN" wid="9">pilgrimage</w>
  <w id="10" lemma="|to|" pos="TO" wid="10">to</w>
  <w id="11" lemma="|Rome|" pos="NNP" wid="11">Rome</w>
  <w id="12" lemma="|be|" pos="VB" wid="12">be</w>
  <w id="13" lemma="|renew|" pos="VBN" wid="13">renewed</w>
  <w id="14" lemma="|and|" pos="CC" wid="14">and</w>
  <w id="15" lemma="|strengthen|" pos="VBN" wid="15">strengthened</w>
  <w id="16" lemma="|in|" pos="IN" wid="16">in</w>
  <w id="17" lemma="|faith|" pos="NN" wid="17">faith</w>
  <w id="18" lemma="|,|" pos="," wid="18">,</w>
  <w id="19" lemma="|hope|" pos="NN" wid="19">hope</w>
  <w id="20" lemma="|and|" pos="CC" wid="20">and</w>
  <w id="21" lemma="|love|" pos="NN" wid="21">love</w>
  <w id="22" lemma="|.|" pos="." wid="22">.</w>
</sentence>
<sentence id="28">
  <w id="0" lemma="|May|" pos="NNP" wid="0">May</w>
  <w id="1" lemma="|God|" pos="NNP" wid="1">God</w>
  <w id="2" lemma="|'s|" pos="POS" wid="2">'s</w>
  <w id="3" lemma="|abundant|" pos="JJ" wid="3">abundant</w>
  <w id="4" lemma="|blessing|" pos="NNS" wid="4">Blessings</w>
  <w id="5" lemma="|come|" pos="VBP" wid="5">come</w>
  <w id="6" lemma="|down|" pos="RP" wid="6">down</w>
  <w id="7" lemma="|upon|" pos="IN" wid="7">upon</w>
  <w id="8" lemma="|all|" pos="DT" wid="8">all</w>
  <w id="9" lemma="|of|" pos="IN" wid="9">of</w>
  <w id="10" lemma="|you|" pos="PRP" wid="10">you</w>
  <w id="11" lemma="|and|" pos="CC" wid="11">and</w>
  <w id="12" lemma="|upon|" pos="IN" wid="12">upon</w>
  <w id="13" lemma="|you|" pos="PRP$" wid="13">your</w>
  <w id="14" lemma="|love|" pos="VBN" wid="14">loved</w>
  <w id="15" lemma="|one|" pos="NNS" wid="15">ones</w>
  <w id="16" lemma="|at|" pos="IN" wid="16">at</w>
  <w id="17" lemma="|home|" pos="NN" wid="17">home</w>
  <w id="18" lemma="|!|" pos="." wid="18">!</w>
</sentence>
<sentence id="29">
  <w id="0" lemma="|I|" pos="PRP" wid="0">I</w>
  <w id="1" lemma="|wish|" pos="VBP" wid="1">wish</w>
  <w id="2" lemma="|you|" pos="PRP" wid="2">you</w>
  <w id="3" lemma="|all|" pos="PDT" wid="3">all</w>
  <w id="4" lemma="|a|" pos="DT" wid="4">a</w>
  <w id="5" lemma="|good|" pos="JJ" wid="5">good</w>
  <w id="6" lemma="|Sunday|" pos="NNP" wid="6">Sunday</w>
  <w id="7" lemma="|!|" pos="." wid="7">!</w>
</sentence>
</corpus>