<corpus id="0">
<sentence id="0">
  <w id="0" lemma="|Dear|" pos="NNP" wid="0">Dear</w>
  <w id="1" lemma="|Brothers|" pos="NNPS" wid="1">Brothers</w>
  <w id="2" lemma="|and|" pos="CC" wid="2">and</w>
  <w id="3" lemma="|sister|" pos="NNS" wid="3">Sisters</w>
  <w id="4" lemma="|,|" pos="," wid="4">,</w>
  <w id="5" lemma="|I|" pos="PRP" wid="5">I</w>
  <w id="6" lemma="|thank|" pos="VBP" wid="6">thank</w>
  <w id="7" lemma="|the|" pos="DT" wid="7">the</w>
  <w id="8" lemma="|Lord|" pos="NNP" wid="8">Lord</w>
  <w id="9" lemma="|who|" pos="WP" wid="9">who</w>
  <w id="10" lemma="|have|" pos="VBZ" wid="10">has</w>
  <w id="11" lemma="|grant|" pos="VBN" wid="11">granted</w>
  <w id="12" lemma="|I|" pos="PRP" wid="12">me</w>
  <w id="13" lemma="|over|" pos="IN" wid="13">over</w>
  <w id="14" lemma="|the|" pos="DT" wid="14">the</w>
  <w id="15" lemma="|past|" pos="JJ" wid="15">past</w>
  <w id="16" lemma="|few|" pos="JJ" wid="16">few</w>
  <w id="17" lemma="|day|" pos="NNS" wid="17">days</w>
  <w id="18" lemma="|the|" pos="DT" wid="18">the</w>
  <w id="19" lemma="|experience|" pos="NN" wid="19">experience</w>
  <w id="20" lemma="|of|" pos="IN" wid="20">of</w>
  <w id="21" lemma="|the|" pos="DT" wid="21">the</w>
  <w id="22" lemma="|Spiritual|" pos="NNP" wid="22">Spiritual</w>
  <w id="23" lemma="|Exercises|" pos="NNPS" wid="23">Exercises</w>
  <w id="24" lemma="|and|" pos="CC" wid="24">and</w>
  <w id="25" lemma="|I|" pos="PRP" wid="25">I</w>
  <w id="26" lemma="|be|" pos="VBP" wid="26">am</w>
  <w id="27" lemma="|also|" pos="RB" wid="27">also</w>
  <w id="28" lemma="|grateful|" pos="JJ" wid="28">grateful</w>
  <w id="29" lemma="|to|" pos="TO" wid="29">to</w>
  <w id="30" lemma="|all|" pos="DT" wid="30">all</w>
  <w id="31" lemma="|who|" pos="WP" wid="31">who</w>
  <w id="32" lemma="|have|" pos="VBP" wid="32">have</w>
  <w id="33" lemma="|be|" pos="VBN" wid="33">been</w>
  <w id="34" lemma="|close|" pos="RB" wid="34">close</w>
  <w id="35" lemma="|to|" pos="TO" wid="35">to</w>
  <w id="36" lemma="|I|" pos="PRP" wid="36">me</w>
  <w id="37" lemma="|in|" pos="IN" wid="37">in</w>
  <w id="38" lemma="|prayer|" pos="NN" wid="38">prayer</w>
  <w id="39" lemma="|.|" pos="." wid="39">.</w>
</sentence>
<sentence id="1">
  <w id="0" lemma="|this|" pos="DT" wid="0">This</w>
  <w id="1" lemma="|Sunday|" pos="NNP" wid="1">Sunday</w>
  <w id="2" lemma="|,|" pos="," wid="2">,</w>
  <w id="3" lemma="|the|" pos="DT" wid="3">the</w>
  <w id="4" lemma="|Second|" pos="NNP" wid="4">Second</w>
  <w id="5" lemma="|Sunday|" pos="NNP" wid="5">Sunday</w>
  <w id="6" lemma="|of|" pos="IN" wid="6">of</w>
  <w id="7" lemma="|Lent|" pos="NNP" wid="7">Lent</w>
  <w id="8" lemma="|,|" pos="," wid="8">,</w>
  <w id="9" lemma="|be|" pos="VBZ" wid="9">is</w>
  <w id="10" lemma="|call|" pos="VBN" wid="10">called</w>
  <w id="11" lemma="|``|" pos="``" wid="11">``</w>
  <w id="12" lemma="|of|" pos="IN" wid="12">of</w>
  <w id="13" lemma="|the|" pos="DT" wid="13">the</w>
  <w id="14" lemma="|transfiguration|" pos="NN" wid="14">Transfiguration</w>
  <w id="15" lemma="|''|" pos="''" wid="15">''</w>
  <w id="16" lemma="|because|" pos="IN" wid="16">because</w>
  <w id="17" lemma="|the|" pos="DT" wid="17">the</w>
  <w id="18" lemma="|Gospel|" pos="NNP" wid="18">Gospel</w>
  <w id="19" lemma="|recount|" pos="VBZ" wid="19">recounts</w>
  <w id="20" lemma="|this|" pos="DT" wid="20">this</w>
  <w id="21" lemma="|mystery|" pos="NN" wid="21">mystery</w>
  <w id="22" lemma="|of|" pos="IN" wid="22">of</w>
  <w id="23" lemma="|Jesus|" pos="NNP" wid="23">Jesus</w>
  <w id="24" lemma="|'|" pos="POS" wid="24">'</w>
  <w id="25" lemma="|life|" pos="NN" wid="25">life</w>
  <w id="26" lemma="|.|" pos="." wid="26">.</w>
</sentence>
<sentence id="2">
  <w id="0" lemma="|after|" pos="IN" wid="0">After</w>
  <w id="1" lemma="|Jesus|" pos="NNP" wid="1">Jesus</w>
  <w id="2" lemma="|have|" pos="VBD" wid="2">had</w>
  <w id="3" lemma="|foretell|" pos="VBN" wid="3">foretold</w>
  <w id="4" lemma="|he|" pos="PRP$" wid="4">his</w>
  <w id="5" lemma="|passion|" pos="NN" wid="5">Passion</w>
  <w id="6" lemma="|to|" pos="TO" wid="6">to</w>
  <w id="7" lemma="|the|" pos="DT" wid="7">the</w>
  <w id="8" lemma="|disciple|" pos="NNS" wid="8">disciples</w>
  <w id="9" lemma="|,|" pos="," wid="9">,</w>
  <w id="10" lemma="|``|" pos="``" wid="10">``</w>
  <w id="11" lemma="|he|" pos="PRP" wid="11">he</w>
  <w id="12" lemma="|take|" pos="VBD" wid="12">took</w>
  <w id="13" lemma="|with|" pos="IN" wid="13">with</w>
  <w id="14" lemma="|he|" pos="PRP" wid="14">him</w>
  <w id="15" lemma="|Peter|" pos="NNP" wid="15">Peter</w>
  <w id="16" lemma="|,|" pos="," wid="16">,</w>
  <w id="17" lemma="|James|" pos="NNP" wid="17">James</w>
  <w id="18" lemma="|and|" pos="CC" wid="18">and</w>
  <w id="19" lemma="|John|" pos="NNP" wid="19">John</w>
  <w id="20" lemma="|he|" pos="PRP$" wid="20">his</w>
  <w id="21" lemma="|brother|" pos="NN" wid="21">brother</w>
  <w id="22" lemma="|,|" pos="," wid="22">,</w>
  <w id="23" lemma="|and|" pos="CC" wid="23">and</w>
  <w id="24" lemma="|lead|" pos="VBD" wid="24">led</w>
  <w id="25" lemma="|they|" pos="PRP" wid="25">them</w>
  <w id="26" lemma="|up|" pos="RP" wid="26">up</w>
  <w id="27" lemma="|a|" pos="DT" wid="27">a</w>
  <w id="28" lemma="|high|" pos="JJ" wid="28">high</w>
  <w id="29" lemma="|mountain|" pos="NN" wid="29">mountain</w>
  <w id="30" lemma="|apart|" pos="RB" wid="30">apart</w>
  <w id="31" lemma="|.|" pos="." wid="31">.</w>
</sentence>
<sentence id="3">
  <w id="0" lemma="|and|" pos="CC" wid="0">And</w>
  <w id="1" lemma="|he|" pos="PRP" wid="1">he</w>
  <w id="2" lemma="|be|" pos="VBD" wid="2">was</w>
  <w id="3" lemma="|transfigure|" pos="VBN" wid="3">transfigured</w>
  <w id="4" lemma="|before|" pos="IN" wid="4">before</w>
  <w id="5" lemma="|they|" pos="PRP" wid="5">them</w>
  <w id="6" lemma="|,|" pos="," wid="6">,</w>
  <w id="7" lemma="|and|" pos="CC" wid="7">and</w>
  <w id="8" lemma="|he|" pos="PRP$" wid="8">his</w>
  <w id="9" lemma="|face|" pos="NN" wid="9">face</w>
  <w id="10" lemma="|shone|" pos="NN" wid="10">shone</w>
  <w id="11" lemma="|like|" pos="IN" wid="11">like</w>
  <w id="12" lemma="|the|" pos="DT" wid="12">the</w>
  <w id="13" lemma="|sun|" pos="NN" wid="13">sun</w>
  <w id="14" lemma="|,|" pos="," wid="14">,</w>
  <w id="15" lemma="|and|" pos="CC" wid="15">and</w>
  <w id="16" lemma="|he|" pos="PRP$" wid="16">his</w>
  <w id="17" lemma="|garment|" pos="NNS" wid="17">garments</w>
  <w id="18" lemma="|become|" pos="VBD" wid="18">became</w>
  <w id="19" lemma="|white|" pos="JJ" wid="19">white</w>
  <w id="20" lemma="|as|" pos="IN" wid="20">as</w>
  <w id="21" lemma="|light|" pos="NN" wid="21">light</w>
  <w id="22" lemma="|''|" pos="''" wid="22">''</w>
  <w id="23" lemma="|-lrb-|" pos="-LRB-" wid="23">-LRB-</w>
  <w id="24" lemma="|mt|" pos="FW" wid="24">Mt</w>
  <w id="25" lemma="|17:1|" pos="FW" wid="25">17:1</w>
  <w id="26" lemma="|-2|" pos="CD" wid="26">-2</w>
  <w id="27" lemma="|-rrb-|" pos="-RRB-" wid="27">-RRB-</w>
  <w id="28" lemma="|.|" pos="." wid="28">.</w>
</sentence>
<sentence id="4">
  <w id="0" lemma="|accord|" pos="VBG" wid="0">According</w>
  <w id="1" lemma="|to|" pos="TO" wid="1">to</w>
  <w id="2" lemma="|the|" pos="DT" wid="2">the</w>
  <w id="3" lemma="|sens|" pos="NNS" wid="3">senses</w>
  <w id="4" lemma="|the|" pos="DT" wid="4">the</w>
  <w id="5" lemma="|light|" pos="NN" wid="5">light</w>
  <w id="6" lemma="|of|" pos="IN" wid="6">of</w>
  <w id="7" lemma="|the|" pos="DT" wid="7">the</w>
  <w id="8" lemma="|sun|" pos="NN" wid="8">sun</w>
  <w id="9" lemma="|be|" pos="VBZ" wid="9">is</w>
  <w id="10" lemma="|the|" pos="DT" wid="10">the</w>
  <w id="11" lemma="|brightest|" pos="JJS" wid="11">brightest</w>
  <w id="12" lemma="|light|" pos="NN" wid="12">light</w>
  <w id="13" lemma="|know|" pos="VBN" wid="13">known</w>
  <w id="14" lemma="|in|" pos="IN" wid="14">in</w>
  <w id="15" lemma="|nature|" pos="NN" wid="15">nature</w>
  <w id="16" lemma="|but|" pos="CC" wid="16">but</w>
  <w id="17" lemma="|,|" pos="," wid="17">,</w>
  <w id="18" lemma="|accord|" pos="VBG" wid="18">according</w>
  <w id="19" lemma="|to|" pos="TO" wid="19">to</w>
  <w id="20" lemma="|the|" pos="DT" wid="20">the</w>
  <w id="21" lemma="|spirit|" pos="NN" wid="21">spirit</w>
  <w id="22" lemma="|,|" pos="," wid="22">,</w>
  <w id="23" lemma="|the|" pos="DT" wid="23">the</w>
  <w id="24" lemma="|disciple|" pos="NNS" wid="24">disciples</w>
  <w id="25" lemma="|briefly|" pos="RB" wid="25">briefly</w>
  <w id="26" lemma="|glimpse|" pos="VBD" wid="26">glimpsed</w>
  <w id="27" lemma="|a|" pos="DT" wid="27">an</w>
  <w id="28" lemma="|even|" pos="RB" wid="28">even</w>
  <w id="29" lemma="|more|" pos="RBR" wid="29">more</w>
  <w id="30" lemma="|intense|" pos="JJ" wid="30">intense</w>
  <w id="31" lemma="|splendour|" pos="NN" wid="31">splendour</w>
  <w id="32" lemma="|,|" pos="," wid="32">,</w>
  <w id="33" lemma="|that|" pos="DT" wid="33">that</w>
  <w id="34" lemma="|of|" pos="IN" wid="34">of</w>
  <w id="35" lemma="|the|" pos="DT" wid="35">the</w>
  <w id="36" lemma="|divine|" pos="JJ" wid="36">divine</w>
  <w id="37" lemma="|glory|" pos="NN" wid="37">glory</w>
  <w id="38" lemma="|of|" pos="IN" wid="38">of</w>
  <w id="39" lemma="|Jesus|" pos="NNP" wid="39">Jesus</w>
  <w id="40" lemma="|which|" pos="WDT" wid="40">which</w>
  <w id="41" lemma="|illumine|" pos="VBZ" wid="41">illumines</w>
  <w id="42" lemma="|the|" pos="DT" wid="42">the</w>
  <w id="43" lemma="|whole|" pos="JJ" wid="43">whole</w>
  <w id="44" lemma="|history|" pos="NN" wid="44">history</w>
  <w id="45" lemma="|of|" pos="IN" wid="45">of</w>
  <w id="46" lemma="|salvation|" pos="NN" wid="46">salvation</w>
  <w id="47" lemma="|.|" pos="." wid="47">.</w>
</sentence>
<sentence id="5">
  <w id="0" lemma="|St|" pos="NNP" wid="0">St</w>
  <w id="1" lemma="|Maximus|" pos="NNP" wid="1">Maximus</w>
  <w id="2" lemma="|Confessor|" pos="NNP" wid="2">Confessor</w>
  <w id="3" lemma="|say|" pos="VBZ" wid="3">says</w>
  <w id="4" lemma="|that|" pos="IN" wid="4">that</w>
  <w id="5" lemma="|``|" pos="``" wid="5">``</w>
  <w id="6" lemma="|-lsb-|" pos="-LRB-" wid="6">-LSB-</w>
  <w id="7" lemma="|the|" pos="DT" wid="7">the</w>
  <w id="8" lemma="|Lord|" pos="NNP" wid="8">Lord</w>
  <w id="9" lemma="|'s|" pos="POS" wid="9">'s</w>
  <w id="10" lemma="|-rsb-|" pos="-RRB-" wid="10">-RSB-</w>
  <w id="11" lemma="|garment|" pos="NNS" wid="11">garments</w>
  <w id="12" lemma="|appear|" pos="VBP" wid="12">appear</w>
  <w id="13" lemma="|white|" pos="JJ" wid="13">white</w>
  <w id="14" lemma="|,|" pos="," wid="14">,</w>
  <w id="15" lemma="|that|" pos="WDT" wid="15">that</w>
  <w id="16" lemma="|be|" pos="VBZ" wid="16">is</w>
  <w id="17" lemma="|to|" pos="TO" wid="17">to</w>
  <w id="18" lemma="|say|" pos="VB" wid="18">say</w>
  <w id="19" lemma="|,|" pos="," wid="19">,</w>
  <w id="20" lemma="|the|" pos="DT" wid="20">the</w>
  <w id="21" lemma="|word|" pos="NNS" wid="21">words</w>
  <w id="22" lemma="|of|" pos="IN" wid="22">of</w>
  <w id="23" lemma="|the|" pos="DT" wid="23">the</w>
  <w id="24" lemma="|Gospel|" pos="NNP" wid="24">Gospel</w>
  <w id="25" lemma="|will|" pos="MD" wid="25">will</w>
  <w id="26" lemma="|then|" pos="RB" wid="26">then</w>
  <w id="27" lemma="|be|" pos="VB" wid="27">be</w>
  <w id="28" lemma="|clear|" pos="JJ" wid="28">clear</w>
  <w id="29" lemma="|and|" pos="CC" wid="29">and</w>
  <w id="30" lemma="|distinct|" pos="JJ" wid="30">distinct</w>
  <w id="31" lemma="|,|" pos="," wid="31">,</w>
  <w id="32" lemma="|with|" pos="IN" wid="32">with</w>
  <w id="33" lemma="|nothing|" pos="NN" wid="33">nothing</w>
  <w id="34" lemma="|conceal|" pos="VBN" wid="34">concealed</w>
  <w id="35" lemma="|''|" pos="''" wid="35">''</w>
  <w id="36" lemma="|-lrb-|" pos="-LRB-" wid="36">-LRB-</w>
  <w id="37" lemma="|Ambiguum|" pos="NNP" wid="37">Ambiguum</w>
  <w id="38" lemma="|10|" pos="CD" wid="38">10</w>
  <w id="39" lemma="|:|" pos=":" wid="39">:</w>
  <w id="40" lemma="|pg|" pos="NN" wid="40">PG</w>
  <w id="41" lemma="|91|" pos="CD" wid="41">91</w>
  <w id="42" lemma="|,|" pos="," wid="42">,</w>
  <w id="43" lemma="|1128|" pos="CD" wid="43">1128</w>
  <w id="44" lemma="|b|" pos="NN" wid="44">B</w>
  <w id="45" lemma="|-rrb-|" pos="-RRB-" wid="45">-RRB-</w>
  <w id="46" lemma="|.|" pos="." wid="46">.</w>
</sentence>
<sentence id="6">
  <w id="0" lemma="|the|" pos="DT" wid="0">The</w>
  <w id="1" lemma="|Gospel|" pos="NNP" wid="1">Gospel</w>
  <w id="2" lemma="|tell|" pos="VBZ" wid="2">tells</w>
  <w id="3" lemma="|that|" pos="IN" wid="3">that</w>
  <w id="4" lemma="|beside|" pos="IN" wid="4">beside</w>
  <w id="5" lemma="|the|" pos="DT" wid="5">the</w>
  <w id="6" lemma="|transfigure|" pos="VBN" wid="6">transfigured</w>
  <w id="7" lemma="|Jesus|" pos="NNP" wid="7">Jesus</w>
  <w id="8" lemma="|``|" pos="``" wid="8">``</w>
  <w id="9" lemma="|there|" pos="EX" wid="9">there</w>
  <w id="10" lemma="|appear|" pos="VBD" wid="10">appeared</w>
  <w id="11" lemma="|...|" pos=":" wid="11">...</w>
  <w id="12" lemma="|Moses|" pos="NNP" wid="12">Moses</w>
  <w id="13" lemma="|and|" pos="CC" wid="13">and</w>
  <w id="14" lemma="|Elijah|" pos="NNP" wid="14">Elijah</w>
  <w id="15" lemma="|,|" pos="," wid="15">,</w>
  <w id="16" lemma="|talk|" pos="VBG" wid="16">talking</w>
  <w id="17" lemma="|with|" pos="IN" wid="17">with</w>
  <w id="18" lemma="|he|" pos="PRP" wid="18">him</w>
  <w id="19" lemma="|''|" pos="''" wid="19">''</w>
  <w id="20" lemma="|-lrb-|" pos="-LRB-" wid="20">-LRB-</w>
  <w id="21" lemma="|mt|" pos="NN" wid="21">Mt</w>
  <w id="22" lemma="|17:3|" pos="CD" wid="22">17:3</w>
  <w id="23" lemma="|-rrb-|" pos="-RRB-" wid="23">-RRB-</w>
  <w id="24" lemma="|;|" pos=":" wid="24">;</w>
  <w id="25" lemma="|Moses|" pos="NNP" wid="25">Moses</w>
  <w id="26" lemma="|and|" pos="CC" wid="26">and</w>
  <w id="27" lemma="|Elijah|" pos="NNP" wid="27">Elijah</w>
  <w id="28" lemma="|,|" pos="," wid="28">,</w>
  <w id="29" lemma="|figure|" pos="NN" wid="29">figure</w>
  <w id="30" lemma="|of|" pos="IN" wid="30">of</w>
  <w id="31" lemma="|the|" pos="DT" wid="31">the</w>
  <w id="32" lemma="|law|" pos="NN" wid="32">Law</w>
  <w id="33" lemma="|and|" pos="CC" wid="33">and</w>
  <w id="34" lemma="|of|" pos="IN" wid="34">of</w>
  <w id="35" lemma="|the|" pos="DT" wid="35">the</w>
  <w id="36" lemma="|Prophets|" pos="NNPS" wid="36">Prophets</w>
  <w id="37" lemma="|.|" pos="." wid="37">.</w>
</sentence>
<sentence id="7">
  <w id="0" lemma="|it|" pos="PRP" wid="0">It</w>
  <w id="1" lemma="|be|" pos="VBD" wid="1">was</w>
  <w id="2" lemma="|then|" pos="RB" wid="2">then</w>
  <w id="3" lemma="|that|" pos="IN" wid="3">that</w>
  <w id="4" lemma="|Peter|" pos="NNP" wid="4">Peter</w>
  <w id="5" lemma="|,|" pos="," wid="5">,</w>
  <w id="6" lemma="|ecstatic|" pos="JJ" wid="6">ecstatic</w>
  <w id="7" lemma="|,|" pos="," wid="7">,</w>
  <w id="8" lemma="|exclaim|" pos="VBN" wid="8">exclaimed</w>
  <w id="9" lemma="|``|" pos="``" wid="9">``</w>
  <w id="10" lemma="|Lord|" pos="NNP" wid="10">Lord</w>
  <w id="11" lemma="|,|" pos="," wid="11">,</w>
  <w id="12" lemma="|it|" pos="PRP" wid="12">it</w>
  <w id="13" lemma="|be|" pos="VBZ" wid="13">is</w>
  <w id="14" lemma="|well|" pos="RB" wid="14">well</w>
  <w id="15" lemma="|that|" pos="IN" wid="15">that</w>
  <w id="16" lemma="|we|" pos="PRP" wid="16">we</w>
  <w id="17" lemma="|be|" pos="VBP" wid="17">are</w>
  <w id="18" lemma="|here|" pos="RB" wid="18">here</w>
  <w id="19" lemma="|;|" pos=":" wid="19">;</w>
  <w id="20" lemma="|if|" pos="IN" wid="20">if</w>
  <w id="21" lemma="|you|" pos="PRP" wid="21">you</w>
  <w id="22" lemma="|wish|" pos="VBP" wid="22">wish</w>
  <w id="23" lemma="|,|" pos="," wid="23">,</w>
  <w id="24" lemma="|I|" pos="PRP" wid="24">I</w>
  <w id="25" lemma="|will|" pos="MD" wid="25">will</w>
  <w id="26" lemma="|make|" pos="VB" wid="26">make</w>
  <w id="27" lemma="|three|" pos="CD" wid="27">three</w>
  <w id="28" lemma="|booth|" pos="NNS" wid="28">booths</w>
  <w id="29" lemma="|here|" pos="RB" wid="29">here</w>
  <w id="30" lemma="|,|" pos="," wid="30">,</w>
  <w id="31" lemma="|one|" pos="CD" wid="31">one</w>
  <w id="32" lemma="|for|" pos="IN" wid="32">for</w>
  <w id="33" lemma="|you|" pos="PRP" wid="33">you</w>
  <w id="34" lemma="|and|" pos="CC" wid="34">and</w>
  <w id="35" lemma="|one|" pos="CD" wid="35">one</w>
  <w id="36" lemma="|for|" pos="IN" wid="36">for</w>
  <w id="37" lemma="|Moses|" pos="NNP" wid="37">Moses</w>
  <w id="38" lemma="|and|" pos="CC" wid="38">and</w>
  <w id="39" lemma="|one|" pos="CD" wid="39">one</w>
  <w id="40" lemma="|for|" pos="IN" wid="40">for</w>
  <w id="41" lemma="|Elijah|" pos="NNP" wid="41">Elijah</w>
  <w id="42" lemma="|''|" pos="''" wid="42">''</w>
  <w id="43" lemma="|-lrb-|" pos="-LRB-" wid="43">-LRB-</w>
  <w id="44" lemma="|mt|" pos="NN" wid="44">Mt</w>
  <w id="45" lemma="|17:4|" pos="CD" wid="45">17:4</w>
  <w id="46" lemma="|-rrb-|" pos="-RRB-" wid="46">-RRB-</w>
  <w id="47" lemma="|.|" pos="." wid="47">.</w>
</sentence>
<sentence id="8">
  <w id="0" lemma="|however|" pos="RB" wid="0">However</w>
  <w id="1" lemma="|St|" pos="NNP" wid="1">St</w>
  <w id="2" lemma="|Augustine|" pos="NNP" wid="2">Augustine</w>
  <w id="3" lemma="|comment|" pos="VBD" wid="3">commented</w>
  <w id="4" lemma="|,|" pos="," wid="4">,</w>
  <w id="5" lemma="|say|" pos="VBG" wid="5">saying</w>
  <w id="6" lemma="|that|" pos="IN" wid="6">that</w>
  <w id="7" lemma="|we|" pos="PRP" wid="7">we</w>
  <w id="8" lemma="|have|" pos="VBP" wid="8">have</w>
  <w id="9" lemma="|only|" pos="RB" wid="9">only</w>
  <w id="10" lemma="|one|" pos="CD" wid="10">one</w>
  <w id="11" lemma="|dwelling|" pos="NN" wid="11">dwelling</w>
  <w id="12" lemma="|place|" pos="NN" wid="12">place</w>
  <w id="13" lemma="|,|" pos="," wid="13">,</w>
  <w id="14" lemma="|Christ|" pos="NNP" wid="14">Christ</w>
  <w id="15" lemma="|:|" pos=":" wid="15">:</w>
  <w id="16" lemma="|``|" pos="``" wid="16">``</w>
  <w id="17" lemma="|he|" pos="PRP" wid="17">he</w>
  <w id="18" lemma="|be|" pos="VBZ" wid="18">is</w>
  <w id="19" lemma="|the|" pos="DT" wid="19">the</w>
  <w id="20" lemma="|word|" pos="NN" wid="20">Word</w>
  <w id="21" lemma="|of|" pos="IN" wid="21">of</w>
  <w id="22" lemma="|God|" pos="NNP" wid="22">God</w>
  <w id="23" lemma="|,|" pos="," wid="23">,</w>
  <w id="24" lemma="|the|" pos="DT" wid="24">the</w>
  <w id="25" lemma="|Word|" pos="NNP" wid="25">Word</w>
  <w id="26" lemma="|of|" pos="IN" wid="26">of</w>
  <w id="27" lemma="|God|" pos="NNP" wid="27">God</w>
  <w id="28" lemma="|in|" pos="IN" wid="28">in</w>
  <w id="29" lemma="|the|" pos="DT" wid="29">the</w>
  <w id="30" lemma="|Law|" pos="NNP" wid="30">Law</w>
  <w id="31" lemma="|,|" pos="," wid="31">,</w>
  <w id="32" lemma="|the|" pos="DT" wid="32">the</w>
  <w id="33" lemma="|Word|" pos="NNP" wid="33">Word</w>
  <w id="34" lemma="|of|" pos="IN" wid="34">of</w>
  <w id="35" lemma="|God|" pos="NNP" wid="35">God</w>
  <w id="36" lemma="|in|" pos="IN" wid="36">in</w>
  <w id="37" lemma="|the|" pos="DT" wid="37">the</w>
  <w id="38" lemma="|prophet|" pos="NNS" wid="38">Prophets</w>
  <w id="39" lemma="|''|" pos="''" wid="39">''</w>
  <w id="40" lemma="|-lrb-|" pos="-LRB-" wid="40">-LRB-</w>
  <w id="41" lemma="|Sermo|" pos="NNP" wid="41">Sermo</w>
  <w id="42" lemma="|De|" pos="NNP" wid="42">De</w>
  <w id="43" lemma="|Verbis|" pos="NNP" wid="43">Verbis</w>
  <w id="44" lemma="|Ev|" pos="NNP" wid="44">Ev</w>
  <w id="45" lemma="|.|" pos="." wid="45">.</w>
</sentence>
<sentence id="9">
  <w id="0" lemma="|78:3|" pos="CD" wid="0">78:3</w>
  <w id="1" lemma="|:|" pos=":" wid="1">:</w>
  <w id="2" lemma="|pl|" pos="NN" wid="2">PL</w>
  <w id="3" lemma="|38|" pos="CD" wid="3">38</w>
  <w id="4" lemma="|,|" pos="," wid="4">,</w>
  <w id="5" lemma="|491|" pos="CD" wid="5">491</w>
  <w id="6" lemma="|-rrb-|" pos="-RRB-" wid="6">-RRB-</w>
  <w id="7" lemma="|.|" pos="." wid="7">.</w>
</sentence>
<sentence id="10">
  <w id="0" lemma="|in|" pos="IN" wid="0">In</w>
  <w id="1" lemma="|fact|" pos="NN" wid="1">fact</w>
  <w id="2" lemma="|,|" pos="," wid="2">,</w>
  <w id="3" lemma="|the|" pos="DT" wid="3">the</w>
  <w id="4" lemma="|Father|" pos="NNP" wid="4">Father</w>
  <w id="5" lemma="|himself|" pos="PRP" wid="5">himself</w>
  <w id="6" lemma="|proclaim|" pos="VBZ" wid="6">proclaims</w>
  <w id="7" lemma="|:|" pos=":" wid="7">:</w>
  <w id="8" lemma="|``|" pos="``" wid="8">``</w>
  <w id="9" lemma="|this|" pos="DT" wid="9">this</w>
  <w id="10" lemma="|be|" pos="VBZ" wid="10">is</w>
  <w id="11" lemma="|my|" pos="PRP$" wid="11">my</w>
  <w id="12" lemma="|beloved|" pos="JJ" wid="12">beloved</w>
  <w id="13" lemma="|Son|" pos="NNP" wid="13">Son</w>
  <w id="14" lemma="|,|" pos="," wid="14">,</w>
  <w id="15" lemma="|with|" pos="IN" wid="15">with</w>
  <w id="16" lemma="|whom|" pos="WP" wid="16">whom</w>
  <w id="17" lemma="|I|" pos="PRP" wid="17">I</w>
  <w id="18" lemma="|be|" pos="VBP" wid="18">am</w>
  <w id="19" lemma="|well|" pos="RB" wid="19">well</w>
  <w id="20" lemma="|please|" pos="VBN" wid="20">pleased</w>
  <w id="21" lemma="|;|" pos=":" wid="21">;</w>
  <w id="22" lemma="|listen|" pos="VB" wid="22">listen</w>
  <w id="23" lemma="|to|" pos="TO" wid="23">to</w>
  <w id="24" lemma="|he|" pos="PRP" wid="24">him</w>
  <w id="25" lemma="|''|" pos="''" wid="25">''</w>
  <w id="26" lemma="|-lrb-|" pos="-LRB-" wid="26">-LRB-</w>
  <w id="27" lemma="|mt|" pos="NN" wid="27">Mt</w>
  <w id="28" lemma="|17:5|" pos="CD" wid="28">17:5</w>
  <w id="29" lemma="|-rrb-|" pos="-RRB-" wid="29">-RRB-</w>
  <w id="30" lemma="|.|" pos="." wid="30">.</w>
</sentence>
<sentence id="11">
  <w id="0" lemma="|the|" pos="DT" wid="0">The</w>
  <w id="1" lemma="|transfiguration|" pos="NN" wid="1">Transfiguration</w>
  <w id="2" lemma="|be|" pos="VBZ" wid="2">is</w>
  <w id="3" lemma="|not|" pos="RB" wid="3">not</w>
  <w id="4" lemma="|a|" pos="DT" wid="4">a</w>
  <w id="5" lemma="|change|" pos="NN" wid="5">change</w>
  <w id="6" lemma="|in|" pos="IN" wid="6">in</w>
  <w id="7" lemma="|Jesus|" pos="NNP" wid="7">Jesus</w>
  <w id="8" lemma="|but|" pos="CC" wid="8">but</w>
  <w id="9" lemma="|the|" pos="DT" wid="9">the</w>
  <w id="10" lemma="|revelation|" pos="NN" wid="10">revelation</w>
  <w id="11" lemma="|of|" pos="IN" wid="11">of</w>
  <w id="12" lemma="|he|" pos="PRP$" wid="12">his</w>
  <w id="13" lemma="|divinity|" pos="NN" wid="13">divinity</w>
  <w id="14" lemma="|:|" pos=":" wid="14">:</w>
  <w id="15" lemma="|``|" pos="``" wid="15">``</w>
  <w id="16" lemma="|the|" pos="DT" wid="16">the</w>
  <w id="17" lemma="|profound|" pos="JJ" wid="17">profound</w>
  <w id="18" lemma="|interpenetration|" pos="NN" wid="18">interpenetration</w>
  <w id="19" lemma="|of|" pos="IN" wid="19">of</w>
  <w id="20" lemma="|he|" pos="PRP$" wid="20">his</w>
  <w id="21" lemma="|be|" pos="VBG" wid="21">being</w>
  <w id="22" lemma="|with|" pos="IN" wid="22">with</w>
  <w id="23" lemma="|God|" pos="NNP" wid="23">God</w>
  <w id="24" lemma="|,|" pos="," wid="24">,</w>
  <w id="25" lemma="|which|" pos="WDT" wid="25">which</w>
  <w id="26" lemma="|then|" pos="RB" wid="26">then</w>
  <w id="27" lemma="|become|" pos="VBZ" wid="27">becomes</w>
  <w id="28" lemma="|pure|" pos="JJ" wid="28">pure</w>
  <w id="29" lemma="|light|" pos="NN" wid="29">light</w>
  <w id="30" lemma="|.|" pos="." wid="30">.</w>
</sentence>
<sentence id="12">
  <w id="0" lemma="|in|" pos="IN" wid="0">In</w>
  <w id="1" lemma="|he|" pos="PRP$" wid="1">his</w>
  <w id="2" lemma="|oneness|" pos="NN" wid="2">oneness</w>
  <w id="3" lemma="|with|" pos="IN" wid="3">with</w>
  <w id="4" lemma="|the|" pos="DT" wid="4">the</w>
  <w id="5" lemma="|Father|" pos="NNP" wid="5">Father</w>
  <w id="6" lemma="|,|" pos="," wid="6">,</w>
  <w id="7" lemma="|Jesus|" pos="NNP" wid="7">Jesus</w>
  <w id="8" lemma="|be|" pos="VBZ" wid="8">is</w>
  <w id="9" lemma="|himself|" pos="PRP" wid="9">himself</w>
  <w id="10" lemma="|`|" pos="``" wid="10">`</w>
  <w id="11" lemma="|light|" pos="NN" wid="11">light</w>
  <w id="12" lemma="|from|" pos="IN" wid="12">from</w>
  <w id="13" lemma="|light|" pos="NN" wid="13">light</w>
  <w id="14" lemma="|'''|" pos="CD" wid="14">'''</w>
  <w id="15" lemma="|-lrb-|" pos="-LRB-" wid="15">-LRB-</w>
  <w id="16" lemma="|Jesus|" pos="NNP" wid="16">Jesus</w>
  <w id="17" lemma="|of|" pos="IN" wid="17">of</w>
  <w id="18" lemma="|Nazareth|" pos="NNP" wid="18">Nazareth</w>
  <w id="19" lemma="|:|" pos=":" wid="19">:</w>
  <w id="20" lemma="|from|" pos="IN" wid="20">From</w>
  <w id="21" lemma="|the|" pos="DT" wid="21">the</w>
  <w id="22" lemma="|Baptism|" pos="NNP" wid="22">Baptism</w>
  <w id="23" lemma="|in|" pos="IN" wid="23">in</w>
  <w id="24" lemma="|the|" pos="DT" wid="24">the</w>
  <w id="25" lemma="|Jordan|" pos="NNP" wid="25">Jordan</w>
  <w id="26" lemma="|to|" pos="TO" wid="26">to</w>
  <w id="27" lemma="|the|" pos="DT" wid="27">the</w>
  <w id="28" lemma="|Transfiguration|" pos="NNP" wid="28">Transfiguration</w>
  <w id="29" lemma="|,|" pos="," wid="29">,</w>
  <w id="30" lemma="|Doubleday|" pos="NNP" wid="30">Doubleday</w>
  <w id="31" lemma="|,|" pos="," wid="31">,</w>
  <w id="32" lemma="|New|" pos="NNP" wid="32">New</w>
  <w id="33" lemma="|York|" pos="NNP" wid="33">York</w>
  <w id="34" lemma="|,|" pos="," wid="34">,</w>
  <w id="35" lemma="|2007|" pos="CD" wid="35">2007</w>
  <w id="36" lemma="|,|" pos="," wid="36">,</w>
  <w id="37" lemma="|p.|" pos="NN" wid="37">p.</w>
  <w id="38" lemma="|310|" pos="CD" wid="38">310</w>
  <w id="39" lemma="|-rrb-|" pos="-RRB-" wid="39">-RRB-</w>
  <w id="40" lemma="|.|" pos="." wid="40">.</w>
</sentence>
<sentence id="13">
  <w id="0" lemma="|Peter|" pos="NNP" wid="0">Peter</w>
  <w id="1" lemma="|,|" pos="," wid="1">,</w>
  <w id="2" lemma="|James|" pos="NNP" wid="2">James</w>
  <w id="3" lemma="|and|" pos="CC" wid="3">and</w>
  <w id="4" lemma="|John|" pos="NNP" wid="4">John</w>
  <w id="5" lemma="|,|" pos="," wid="5">,</w>
  <w id="6" lemma="|contemplate|" pos="VBG" wid="6">contemplating</w>
  <w id="7" lemma="|the|" pos="DT" wid="7">the</w>
  <w id="8" lemma="|divinity|" pos="NN" wid="8">divinity</w>
  <w id="9" lemma="|of|" pos="IN" wid="9">of</w>
  <w id="10" lemma="|the|" pos="DT" wid="10">the</w>
  <w id="11" lemma="|Lord|" pos="NNP" wid="11">Lord</w>
  <w id="12" lemma="|,|" pos="," wid="12">,</w>
  <w id="13" lemma="|be|" pos="VBP" wid="13">are</w>
  <w id="14" lemma="|ready|" pos="JJ" wid="14">ready</w>
  <w id="15" lemma="|to|" pos="TO" wid="15">to</w>
  <w id="16" lemma="|face|" pos="VB" wid="16">face</w>
  <w id="17" lemma="|the|" pos="DT" wid="17">the</w>
  <w id="18" lemma="|scandal|" pos="NN" wid="18">scandal</w>
  <w id="19" lemma="|of|" pos="IN" wid="19">of</w>
  <w id="20" lemma="|the|" pos="DT" wid="20">the</w>
  <w id="21" lemma="|Cross|" pos="NNP" wid="21">Cross</w>
  <w id="22" lemma="|,|" pos="," wid="22">,</w>
  <w id="23" lemma="|as|" pos="IN" wid="23">as</w>
  <w id="24" lemma="|it|" pos="PRP" wid="24">it</w>
  <w id="25" lemma="|be|" pos="VBZ" wid="25">is</w>
  <w id="26" lemma="|sing|" pos="VBN" wid="26">sung</w>
  <w id="27" lemma="|in|" pos="IN" wid="27">in</w>
  <w id="28" lemma="|a|" pos="DT" wid="28">an</w>
  <w id="29" lemma="|ancient|" pos="JJ" wid="29">ancient</w>
  <w id="30" lemma="|hymn|" pos="NN" wid="30">hymn</w>
  <w id="31" lemma="|:|" pos=":" wid="31">:</w>
  <w id="32" lemma="|``|" pos="``" wid="32">``</w>
  <w id="33" lemma="|you|" pos="PRP" wid="33">You</w>
  <w id="34" lemma="|be|" pos="VBD" wid="34">were</w>
  <w id="35" lemma="|transfigure|" pos="VBN" wid="35">transfigured</w>
  <w id="36" lemma="|on|" pos="IN" wid="36">on</w>
  <w id="37" lemma="|the|" pos="DT" wid="37">the</w>
  <w id="38" lemma="|mountain|" pos="NN" wid="38">mountain</w>
  <w id="39" lemma="|and|" pos="CC" wid="39">and</w>
  <w id="40" lemma="|you|" pos="PRP$" wid="40">your</w>
  <w id="41" lemma="|disciple|" pos="NNS" wid="41">disciples</w>
  <w id="42" lemma="|,|" pos="," wid="42">,</w>
  <w id="43" lemma="|insofar|" pos="RB" wid="43">insofar</w>
  <w id="44" lemma="|as|" pos="IN" wid="44">as</w>
  <w id="45" lemma="|they|" pos="PRP" wid="45">they</w>
  <w id="46" lemma="|be|" pos="VBD" wid="46">were</w>
  <w id="47" lemma="|able|" pos="JJ" wid="47">able</w>
  <w id="48" lemma="|,|" pos="," wid="48">,</w>
  <w id="49" lemma="|contemplate|" pos="VBD" wid="49">contemplated</w>
  <w id="50" lemma="|you|" pos="PRP$" wid="50">your</w>
  <w id="51" lemma="|glory|" pos="NN" wid="51">glory</w>
  <w id="52" lemma="|,|" pos="," wid="52">,</w>
  <w id="53" lemma="|in|" pos="IN" wid="53">in</w>
  <w id="54" lemma="|order|" pos="NN" wid="54">order</w>
  <w id="55" lemma="|that|" pos="IN" wid="55">that</w>
  <w id="56" lemma="|,|" pos="," wid="56">,</w>
  <w id="57" lemma="|on|" pos="IN" wid="57">on</w>
  <w id="58" lemma="|see|" pos="VBG" wid="58">seeing</w>
  <w id="59" lemma="|you|" pos="PRP" wid="59">you</w>
  <w id="60" lemma="|crucify|" pos="VBD" wid="60">crucified</w>
  <w id="61" lemma="|,|" pos="," wid="61">,</w>
  <w id="62" lemma="|they|" pos="PRP" wid="62">they</w>
  <w id="63" lemma="|would|" pos="MD" wid="63">would</w>
  <w id="64" lemma="|understand|" pos="VB" wid="64">understand</w>
  <w id="65" lemma="|that|" pos="DT" wid="65">that</w>
  <w id="66" lemma="|you|" pos="PRP$" wid="66">your</w>
  <w id="67" lemma="|passion|" pos="NN" wid="67">Passion</w>
  <w id="68" lemma="|be|" pos="VBD" wid="68">was</w>
  <w id="69" lemma="|voluntary|" pos="JJ" wid="69">voluntary</w>
  <w id="70" lemma="|and|" pos="CC" wid="70">and</w>
  <w id="71" lemma="|proclaim|" pos="VB" wid="71">proclaim</w>
  <w id="72" lemma="|to|" pos="TO" wid="72">to</w>
  <w id="73" lemma="|the|" pos="DT" wid="73">the</w>
  <w id="74" lemma="|world|" pos="NN" wid="74">world</w>
  <w id="75" lemma="|that|" pos="IN" wid="75">that</w>
  <w id="76" lemma="|you|" pos="PRP" wid="76">you</w>
  <w id="77" lemma="|be|" pos="VBP" wid="77">are</w>
  <w id="78" lemma="|truly|" pos="RB" wid="78">truly</w>
  <w id="79" lemma="|the|" pos="DT" wid="79">the</w>
  <w id="80" lemma="|splendour|" pos="NN" wid="80">splendour</w>
  <w id="81" lemma="|of|" pos="IN" wid="81">of</w>
  <w id="82" lemma="|the|" pos="DT" wid="82">the</w>
  <w id="83" lemma="|Father|" pos="NNP" wid="83">Father</w>
  <w id="84" lemma="|''|" pos="''" wid="84">''</w>
  <w id="85" lemma="|-lrb-|" pos="-LRB-" wid="85">-LRB-</w>
  <w id="86" lemma="|Κοντάκιον|" pos="NNP" wid="86">Κοντάκιον</w>
  <w id="87" lemma="|είς|" pos="FW" wid="87">είς</w>
  <w id="88" lemma="|τήν|" pos="FW" wid="88">τήν</w>
  <w id="89" lemma="|Μεταμόρφωσιν|" pos="NNP" wid="89">Μεταμόρφωσιν</w>
  <w id="90" lemma="|,|" pos="," wid="90">,</w>
  <w id="91" lemma="|in|" pos="IN" wid="91">in</w>
  <w id="92" lemma="|:|" pos=":" wid="92">:</w>
  <w id="93" lemma="|μηναια|" pos="NN" wid="93">Μηναια</w>
  <w id="94" lemma="|,|" pos="," wid="94">,</w>
  <w id="95" lemma="|t.|" pos="NN" wid="95">t.</w>
  <w id="96" lemma="|6|" pos="CD" wid="96">6</w>
  <w id="97" lemma="|,|" pos="," wid="97">,</w>
  <w id="98" lemma="|Rome|" pos="NNP" wid="98">Rome</w>
  <w id="99" lemma="|1901|" pos="CD" wid="99">1901</w>
  <w id="100" lemma="|,|" pos="," wid="100">,</w>
  <w id="101" lemma="|341|" pos="CD" wid="101">341</w>
  <w id="102" lemma="|-rrb-|" pos="-RRB-" wid="102">-RRB-</w>
  <w id="103" lemma="|.|" pos="." wid="103">.</w>
</sentence>
<sentence id="14">
  <w id="0" lemma="|Dear|" pos="NNP" wid="0">Dear</w>
  <w id="1" lemma="|friend|" pos="NNS" wid="1">friends</w>
  <w id="2" lemma="|,|" pos="," wid="2">,</w>
  <w id="3" lemma="|let|" pos="VB" wid="3">let</w>
  <w id="4" lemma="|we|" pos="PRP" wid="4">us</w>
  <w id="5" lemma="|too|" pos="RB" wid="5">too</w>
  <w id="6" lemma="|share|" pos="NN" wid="6">share</w>
  <w id="7" lemma="|in|" pos="IN" wid="7">in</w>
  <w id="8" lemma="|this|" pos="DT" wid="8">this</w>
  <w id="9" lemma="|vision|" pos="NN" wid="9">vision</w>
  <w id="10" lemma="|and|" pos="CC" wid="10">and</w>
  <w id="11" lemma="|in|" pos="IN" wid="11">in</w>
  <w id="12" lemma="|this|" pos="DT" wid="12">this</w>
  <w id="13" lemma="|supernatural|" pos="JJ" wid="13">supernatural</w>
  <w id="14" lemma="|gift|" pos="NN" wid="14">gift</w>
  <w id="15" lemma="|,|" pos="," wid="15">,</w>
  <w id="16" lemma="|make|" pos="VBG" wid="16">making</w>
  <w id="17" lemma="|room|" pos="NN" wid="17">room</w>
  <w id="18" lemma="|for|" pos="IN" wid="18">for</w>
  <w id="19" lemma="|prayer|" pos="NN" wid="19">prayer</w>
  <w id="20" lemma="|,|" pos="," wid="20">,</w>
  <w id="21" lemma="|and|" pos="CC" wid="21">and</w>
  <w id="22" lemma="|for|" pos="IN" wid="22">for</w>
  <w id="23" lemma="|listen|" pos="VBG" wid="23">listening</w>
  <w id="24" lemma="|to|" pos="TO" wid="24">to</w>
  <w id="25" lemma="|the|" pos="DT" wid="25">the</w>
  <w id="26" lemma="|word|" pos="NN" wid="26">Word</w>
  <w id="27" lemma="|of|" pos="IN" wid="27">of</w>
  <w id="28" lemma="|God|" pos="NNP" wid="28">God</w>
  <w id="29" lemma="|.|" pos="." wid="29">.</w>
</sentence>
<sentence id="15">
  <w id="0" lemma="|further|" pos="RB" wid="0">Further</w>
  <w id="1" lemma="|,|" pos="," wid="1">,</w>
  <w id="2" lemma="|especially|" pos="RB" wid="2">especially</w>
  <w id="3" lemma="|in|" pos="IN" wid="3">in</w>
  <w id="4" lemma="|this|" pos="DT" wid="4">this</w>
  <w id="5" lemma="|season|" pos="NN" wid="5">Season</w>
  <w id="6" lemma="|of|" pos="IN" wid="6">of</w>
  <w id="7" lemma="|Lent|" pos="NNP" wid="7">Lent</w>
  <w id="8" lemma="|,|" pos="," wid="8">,</w>
  <w id="9" lemma="|I|" pos="PRP" wid="9">I</w>
  <w id="10" lemma="|urge|" pos="VBP" wid="10">urge</w>
  <w id="11" lemma="|you|" pos="PRP" wid="11">you</w>
  <w id="12" lemma="|,|" pos="," wid="12">,</w>
  <w id="13" lemma="|as|" pos="IN" wid="13">as</w>
  <w id="14" lemma="|the|" pos="DT" wid="14">the</w>
  <w id="15" lemma="|Servant|" pos="NNP" wid="15">Servant</w>
  <w id="16" lemma="|of|" pos="IN" wid="16">of</w>
  <w id="17" lemma="|God|" pos="NNP" wid="17">God</w>
  <w id="18" lemma="|Paul|" pos="NNP" wid="18">Paul</w>
  <w id="19" lemma="|VI|" pos="NNP" wid="19">VI</w>
  <w id="20" lemma="|write|" pos="VBD" wid="20">wrote</w>
  <w id="21" lemma="|,|" pos="," wid="21">,</w>
  <w id="22" lemma="|``|" pos="``" wid="22">``</w>
  <w id="23" lemma="|to|" pos="TO" wid="23">to</w>
  <w id="24" lemma="|respond|" pos="VB" wid="24">respond</w>
  <w id="25" lemma="|to|" pos="TO" wid="25">to</w>
  <w id="26" lemma="|the|" pos="DT" wid="26">the</w>
  <w id="27" lemma="|divine|" pos="JJ" wid="27">divine</w>
  <w id="28" lemma="|precept|" pos="NN" wid="28">precept</w>
  <w id="29" lemma="|of|" pos="IN" wid="29">of</w>
  <w id="30" lemma="|penitence|" pos="NN" wid="30">penitence</w>
  <w id="31" lemma="|by|" pos="IN" wid="31">by</w>
  <w id="32" lemma="|some|" pos="DT" wid="32">some</w>
  <w id="33" lemma="|voluntary|" pos="JJ" wid="33">voluntary</w>
  <w id="34" lemma="|act|" pos="NN" wid="34">act</w>
  <w id="35" lemma="|,|" pos="," wid="35">,</w>
  <w id="36" lemma="|apart|" pos="RB" wid="36">apart</w>
  <w id="37" lemma="|from|" pos="IN" wid="37">from</w>
  <w id="38" lemma="|the|" pos="DT" wid="38">the</w>
  <w id="39" lemma="|renunciation|" pos="NN" wid="39">renunciation</w>
  <w id="40" lemma="|impose|" pos="VBN" wid="40">imposed</w>
  <w id="41" lemma="|by|" pos="IN" wid="41">by</w>
  <w id="42" lemma="|the|" pos="DT" wid="42">the</w>
  <w id="43" lemma="|burden|" pos="NNS" wid="43">burdens</w>
  <w id="44" lemma="|of|" pos="IN" wid="44">of</w>
  <w id="45" lemma="|everyday|" pos="JJ" wid="45">everyday</w>
  <w id="46" lemma="|life|" pos="NN" wid="46">life</w>
  <w id="47" lemma="|''|" pos="''" wid="47">''</w>
  <w id="48" lemma="|-lrb-|" pos="-LRB-" wid="48">-LRB-</w>
  <w id="49" lemma="|Apostolic|" pos="NNP" wid="49">Apostolic</w>
  <w id="50" lemma="|Constitution|" pos="NNP" wid="50">Constitution</w>
  <w id="51" lemma="|Pænitemini|" pos="NNP" wid="51">Pænitemini</w>
  <w id="52" lemma="|,|" pos="," wid="52">,</w>
  <w id="53" lemma="|17|" pos="CD" wid="53">17</w>
  <w id="54" lemma="|February|" pos="NNP" wid="54">February</w>
  <w id="55" lemma="|1966|" pos="CD" wid="55">1966</w>
  <w id="56" lemma="|,|" pos="," wid="56">,</w>
  <w id="57" lemma="|III|" pos="NNP" wid="57">III</w>
  <w id="58" lemma="|,|" pos="," wid="58">,</w>
  <w id="59" lemma="|c|" pos="NN" wid="59">c</w>
  <w id="60" lemma="|:|" pos=":" wid="60">:</w>
  <w id="61" lemma="|aas|" pos="NN" wid="61">AAS</w>
  <w id="62" lemma="|58|" pos="CD" wid="62">58</w>
  <w id="63" lemma="|-lsb-|" pos="-LRB-" wid="63">-LSB-</w>
  <w id="64" lemma="|1966|" pos="CD" wid="64">1966</w>
  <w id="65" lemma="|-rsb-|" pos="-RRB-" wid="65">-RSB-</w>
  <w id="66" lemma="|,|" pos="," wid="66">,</w>
  <w id="67" lemma="|182|" pos="CD" wid="67">182</w>
  <w id="68" lemma="|-rrb-|" pos="-RRB-" wid="68">-RRB-</w>
  <w id="69" lemma="|.|" pos="." wid="69">.</w>
</sentence>
<sentence id="16">
  <w id="0" lemma="|let|" pos="VB" wid="0">Let</w>
  <w id="1" lemma="|we|" pos="PRP" wid="1">us</w>
  <w id="2" lemma="|invoke|" pos="VB" wid="2">invoke</w>
  <w id="3" lemma="|the|" pos="DT" wid="3">the</w>
  <w id="4" lemma="|Virgin|" pos="NNP" wid="4">Virgin</w>
  <w id="5" lemma="|Mary|" pos="NNP" wid="5">Mary</w>
  <w id="6" lemma="|so|" pos="IN" wid="6">so</w>
  <w id="7" lemma="|that|" pos="IN" wid="7">that</w>
  <w id="8" lemma="|she|" pos="PRP" wid="8">she</w>
  <w id="9" lemma="|may|" pos="MD" wid="9">may</w>
  <w id="10" lemma="|help|" pos="VB" wid="10">help</w>
  <w id="11" lemma="|we|" pos="PRP" wid="11">us</w>
  <w id="12" lemma="|always|" pos="RB" wid="12">always</w>
  <w id="13" lemma="|to|" pos="TO" wid="13">to</w>
  <w id="14" lemma="|listen|" pos="VB" wid="14">listen</w>
  <w id="15" lemma="|to|" pos="TO" wid="15">to</w>
  <w id="16" lemma="|and|" pos="CC" wid="16">and</w>
  <w id="17" lemma="|follow|" pos="VB" wid="17">follow</w>
  <w id="18" lemma="|the|" pos="DT" wid="18">the</w>
  <w id="19" lemma="|Lord|" pos="NNP" wid="19">Lord</w>
  <w id="20" lemma="|Jesus|" pos="NNP" wid="20">Jesus</w>
  <w id="21" lemma="|,|" pos="," wid="21">,</w>
  <w id="22" lemma="|even|" pos="RB" wid="22">even</w>
  <w id="23" lemma="|to|" pos="TO" wid="23">to</w>
  <w id="24" lemma="|the|" pos="DT" wid="24">the</w>
  <w id="25" lemma="|passion|" pos="NN" wid="25">Passion</w>
  <w id="26" lemma="|and|" pos="CC" wid="26">and</w>
  <w id="27" lemma="|the|" pos="DT" wid="27">the</w>
  <w id="28" lemma="|Cross|" pos="NNP" wid="28">Cross</w>
  <w id="29" lemma="|,|" pos="," wid="29">,</w>
  <w id="30" lemma="|in|" pos="IN" wid="30">in</w>
  <w id="31" lemma="|order|" pos="NN" wid="31">order</w>
  <w id="32" lemma="|to|" pos="TO" wid="32">to</w>
  <w id="33" lemma="|also|" pos="RB" wid="33">also</w>
  <w id="34" lemma="|participate|" pos="VB" wid="34">participate</w>
  <w id="35" lemma="|in|" pos="IN" wid="35">in</w>
  <w id="36" lemma="|he|" pos="PRP$" wid="36">his</w>
  <w id="37" lemma="|glory|" pos="NN" wid="37">glory</w>
  <w id="38" lemma="|.|" pos="." wid="38">.</w>
</sentence>
<sentence id="17">
  <w id="0" lemma="|in|" pos="IN" wid="0">In</w>
  <w id="1" lemma="|the|" pos="DT" wid="1">the</w>
  <w id="2" lemma="|past|" pos="JJ" wid="2">past</w>
  <w id="3" lemma="|few|" pos="JJ" wid="3">few</w>
  <w id="4" lemma="|day|" pos="NNS" wid="4">days</w>
  <w id="5" lemma="|the|" pos="DT" wid="5">the</w>
  <w id="6" lemma="|disturbing|" pos="JJ" wid="6">disturbing</w>
  <w id="7" lemma="|news|" pos="NN" wid="7">news</w>
  <w id="8" lemma="|from|" pos="IN" wid="8">from</w>
  <w id="9" lemma="|Libya|" pos="NNP" wid="9">Libya</w>
  <w id="10" lemma="|have|" pos="VBZ" wid="10">has</w>
  <w id="11" lemma="|give|" pos="VBN" wid="11">given</w>
  <w id="12" lemma="|rise|" pos="NN" wid="12">rise</w>
  <w id="13" lemma="|to|" pos="TO" wid="13">to</w>
  <w id="14" lemma="|keen|" pos="VB" wid="14">keen</w>
  <w id="15" lemma="|anxiety|" pos="NN" wid="15">anxiety</w>
  <w id="16" lemma="|and|" pos="CC" wid="16">and</w>
  <w id="17" lemma="|fear|" pos="NNS" wid="17">fears</w>
  <w id="18" lemma="|also|" pos="RB" wid="18">also</w>
  <w id="19" lemma="|in|" pos="IN" wid="19">in</w>
  <w id="20" lemma="|I|" pos="PRP" wid="20">me</w>
  <w id="21" lemma="|.|" pos="." wid="21">.</w>
</sentence>
<sentence id="18">
  <w id="0" lemma="|I|" pos="PRP" wid="0">I</w>
  <w id="1" lemma="|say|" pos="VBD" wid="1">said</w>
  <w id="2" lemma="|special|" pos="JJ" wid="2">special</w>
  <w id="3" lemma="|prayer|" pos="NNS" wid="3">prayers</w>
  <w id="4" lemma="|to|" pos="TO" wid="4">to</w>
  <w id="5" lemma="|the|" pos="DT" wid="5">the</w>
  <w id="6" lemma="|Lord|" pos="NNP" wid="6">Lord</w>
  <w id="7" lemma="|about|" pos="IN" wid="7">about</w>
  <w id="8" lemma="|it|" pos="PRP" wid="8">it</w>
  <w id="9" lemma="|during|" pos="IN" wid="9">during</w>
  <w id="10" lemma="|the|" pos="DT" wid="10">the</w>
  <w id="11" lemma="|week|" pos="NN" wid="11">week</w>
  <w id="12" lemma="|of|" pos="IN" wid="12">of</w>
  <w id="13" lemma="|spiritual|" pos="JJ" wid="13">Spiritual</w>
  <w id="14" lemma="|exercise|" pos="NNS" wid="14">Exercises</w>
  <w id="15" lemma="|.|" pos="." wid="15">.</w>
</sentence>
<sentence id="19">
  <w id="0" lemma="|I|" pos="PRP" wid="0">I</w>
  <w id="1" lemma="|be|" pos="VBP" wid="1">am</w>
  <w id="2" lemma="|now|" pos="RB" wid="2">now</w>
  <w id="3" lemma="|follow|" pos="VBG" wid="3">following</w>
  <w id="4" lemma="|the|" pos="DT" wid="4">the</w>
  <w id="5" lemma="|latest|" pos="JJS" wid="5">latest</w>
  <w id="6" lemma="|event|" pos="NNS" wid="6">events</w>
  <w id="7" lemma="|with|" pos="IN" wid="7">with</w>
  <w id="8" lemma="|deep|" pos="JJ" wid="8">deep</w>
  <w id="9" lemma="|apprehension|" pos="NN" wid="9">apprehension</w>
  <w id="10" lemma="|,|" pos="," wid="10">,</w>
  <w id="11" lemma="|I|" pos="PRP" wid="11">I</w>
  <w id="12" lemma="|be|" pos="VBP" wid="12">am</w>
  <w id="13" lemma="|pray|" pos="VBG" wid="13">praying</w>
  <w id="14" lemma="|for|" pos="IN" wid="14">for</w>
  <w id="15" lemma="|those|" pos="DT" wid="15">those</w>
  <w id="16" lemma="|involve|" pos="VBN" wid="16">involved</w>
  <w id="17" lemma="|in|" pos="IN" wid="17">in</w>
  <w id="18" lemma="|the|" pos="DT" wid="18">the</w>
  <w id="19" lemma="|dramatic|" pos="JJ" wid="19">dramatic</w>
  <w id="20" lemma="|situation|" pos="NN" wid="20">situation</w>
  <w id="21" lemma="|in|" pos="IN" wid="21">in</w>
  <w id="22" lemma="|this|" pos="DT" wid="22">this</w>
  <w id="23" lemma="|country|" pos="NN" wid="23">country</w>
  <w id="24" lemma="|and|" pos="CC" wid="24">and</w>
  <w id="25" lemma="|I|" pos="PRP" wid="25">I</w>
  <w id="26" lemma="|address|" pos="VBP" wid="26">address</w>
  <w id="27" lemma="|a|" pos="DT" wid="27">a</w>
  <w id="28" lemma="|pressing|" pos="JJ" wid="28">pressing</w>
  <w id="29" lemma="|appeal|" pos="NN" wid="29">appeal</w>
  <w id="30" lemma="|to|" pos="TO" wid="30">to</w>
  <w id="31" lemma="|all|" pos="DT" wid="31">all</w>
  <w id="32" lemma="|who|" pos="WP" wid="32">who</w>
  <w id="33" lemma="|have|" pos="VBP" wid="33">have</w>
  <w id="34" lemma="|political|" pos="JJ" wid="34">political</w>
  <w id="35" lemma="|and|" pos="CC" wid="35">and</w>
  <w id="36" lemma="|military|" pos="JJ" wid="36">military</w>
  <w id="37" lemma="|responsibility|" pos="NNS" wid="37">responsibilities</w>
  <w id="38" lemma="|,|" pos="," wid="38">,</w>
  <w id="39" lemma="|so|" pos="IN" wid="39">so</w>
  <w id="40" lemma="|that|" pos="IN" wid="40">that</w>
  <w id="41" lemma="|they|" pos="PRP" wid="41">they</w>
  <w id="42" lemma="|may|" pos="MD" wid="42">may</w>
  <w id="43" lemma="|first|" pos="RB" wid="43">first</w>
  <w id="44" lemma="|of|" pos="IN" wid="44">of</w>
  <w id="45" lemma="|all|" pos="DT" wid="45">all</w>
  <w id="46" lemma="|have|" pos="VBP" wid="46">have</w>
  <w id="47" lemma="|at|" pos="IN" wid="47">at</w>
  <w id="48" lemma="|heart|" pos="NN" wid="48">heart</w>
  <w id="49" lemma="|the|" pos="DT" wid="49">the</w>
  <w id="50" lemma="|safety|" pos="NN" wid="50">safety</w>
  <w id="51" lemma="|and|" pos="CC" wid="51">and</w>
  <w id="52" lemma="|security|" pos="NN" wid="52">security</w>
  <w id="53" lemma="|of|" pos="IN" wid="53">of</w>
  <w id="54" lemma="|citizen|" pos="NNS" wid="54">citizens</w>
  <w id="55" lemma="|and|" pos="CC" wid="55">and</w>
  <w id="56" lemma="|guarantee|" pos="VB" wid="56">guarantee</w>
  <w id="57" lemma="|they|" pos="PRP$" wid="57">their</w>
  <w id="58" lemma="|access|" pos="NN" wid="58">access</w>
  <w id="59" lemma="|to|" pos="TO" wid="59">to</w>
  <w id="60" lemma="|humanitarian|" pos="JJ" wid="60">humanitarian</w>
  <w id="61" lemma="|aid|" pos="NN" wid="61">aid</w>
  <w id="62" lemma="|.|" pos="." wid="62">.</w>
</sentence>
<sentence id="20">
  <w id="0" lemma="|I|" pos="PRP" wid="0">I</w>
  <w id="1" lemma="|would|" pos="MD" wid="1">would</w>
  <w id="2" lemma="|like|" pos="VB" wid="2">like</w>
  <w id="3" lemma="|to|" pos="TO" wid="3">to</w>
  <w id="4" lemma="|assure|" pos="VB" wid="4">assure</w>
  <w id="5" lemma="|the|" pos="DT" wid="5">the</w>
  <w id="6" lemma="|people|" pos="NNS" wid="6">people</w>
  <w id="7" lemma="|of|" pos="IN" wid="7">of</w>
  <w id="8" lemma="|my|" pos="PRP$" wid="8">my</w>
  <w id="9" lemma="|heartfelt|" pos="JJ" wid="9">heartfelt</w>
  <w id="10" lemma="|closeness|" pos="NN" wid="10">closeness</w>
  <w id="11" lemma="|,|" pos="," wid="11">,</w>
  <w id="12" lemma="|while|" pos="IN" wid="12">while</w>
  <w id="13" lemma="|I|" pos="PRP" wid="13">I</w>
  <w id="14" lemma="|ask|" pos="VBP" wid="14">ask</w>
  <w id="15" lemma="|God|" pos="NNP" wid="15">God</w>
  <w id="16" lemma="|to|" pos="TO" wid="16">to</w>
  <w id="17" lemma="|obtain|" pos="VB" wid="17">obtain</w>
  <w id="18" lemma="|that|" pos="IN" wid="18">that</w>
  <w id="19" lemma="|a|" pos="DT" wid="19">a</w>
  <w id="20" lemma="|horizon|" pos="NN" wid="20">horizon</w>
  <w id="21" lemma="|of|" pos="IN" wid="21">of</w>
  <w id="22" lemma="|peace|" pos="NN" wid="22">peace</w>
  <w id="23" lemma="|and|" pos="CC" wid="23">and</w>
  <w id="24" lemma="|concord|" pos="NN" wid="24">concord</w>
  <w id="25" lemma="|may|" pos="MD" wid="25">may</w>
  <w id="26" lemma="|dawn|" pos="NN" wid="26">dawn</w>
  <w id="27" lemma="|as|" pos="RB" wid="27">as</w>
  <w id="28" lemma="|soon|" pos="RB" wid="28">soon</w>
  <w id="29" lemma="|as|" pos="IN" wid="29">as</w>
  <w id="30" lemma="|possible|" pos="JJ" wid="30">possible</w>
  <w id="31" lemma="|on|" pos="IN" wid="31">on</w>
  <w id="32" lemma="|Libya|" pos="NNP" wid="32">Libya</w>
  <w id="33" lemma="|and|" pos="CC" wid="33">and</w>
  <w id="34" lemma="|on|" pos="IN" wid="34">on</w>
  <w id="35" lemma="|the|" pos="DT" wid="35">the</w>
  <w id="36" lemma="|entire|" pos="JJ" wid="36">entire</w>
  <w id="37" lemma="|region|" pos="NN" wid="37">region</w>
  <w id="38" lemma="|of|" pos="IN" wid="38">of</w>
  <w id="39" lemma="|North|" pos="NNP" wid="39">North</w>
  <w id="40" lemma="|Africa|" pos="NNP" wid="40">Africa</w>
  <w id="41" lemma="|.|" pos="." wid="41">.</w>
</sentence>
<sentence id="21">
  <w id="0" lemma="|after|" pos="IN" wid="0">After</w>
  <w id="1" lemma="|the|" pos="DT" wid="1">the</w>
  <w id="2" lemma="|Angelus|" pos="NNP" wid="2">Angelus</w>
  <w id="3" lemma="|:|" pos=":" wid="3">:</w>
  <w id="4" lemma="|I|" pos="PRP" wid="4">I</w>
  <w id="5" lemma="|be|" pos="VBP" wid="5">am</w>
  <w id="6" lemma="|pleased|" pos="JJ" wid="6">pleased</w>
  <w id="7" lemma="|to|" pos="TO" wid="7">to</w>
  <w id="8" lemma="|greet|" pos="VB" wid="8">greet</w>
  <w id="9" lemma="|the|" pos="DT" wid="9">the</w>
  <w id="10" lemma="|english-speaking|" pos="JJ" wid="10">English-speaking</w>
  <w id="11" lemma="|pilgrim|" pos="NNS" wid="11">pilgrims</w>
  <w id="12" lemma="|present|" pos="JJ" wid="12">present</w>
  <w id="13" lemma="|at|" pos="IN" wid="13">at</w>
  <w id="14" lemma="|this|" pos="DT" wid="14">this</w>
  <w id="15" lemma="|angelus|" pos="JJ" wid="15">Angelus</w>
  <w id="16" lemma="|prayer|" pos="NN" wid="16">prayer</w>
  <w id="17" lemma="|.|" pos="." wid="17">.</w>
</sentence>
<sentence id="22">
  <w id="0" lemma="|as|" pos="IN" wid="0">As</w>
  <w id="1" lemma="|we|" pos="PRP" wid="1">we</w>
  <w id="2" lemma="|continue|" pos="VBP" wid="2">continue</w>
  <w id="3" lemma="|we|" pos="PRP$" wid="3">our</w>
  <w id="4" lemma="|journey|" pos="NN" wid="4">journey</w>
  <w id="5" lemma="|through|" pos="IN" wid="5">through</w>
  <w id="6" lemma="|Lent|" pos="NNP" wid="6">Lent</w>
  <w id="7" lemma="|,|" pos="," wid="7">,</w>
  <w id="8" lemma="|today|" pos="NN" wid="8">today</w>
  <w id="9" lemma="|at|" pos="IN" wid="9">at</w>
  <w id="10" lemma="|Mass|" pos="NNP" wid="10">Mass</w>
  <w id="11" lemma="|we|" pos="PRP" wid="11">we</w>
  <w id="12" lemma="|recall|" pos="VBP" wid="12">recall</w>
  <w id="13" lemma="|the|" pos="DT" wid="13">the</w>
  <w id="14" lemma="|transfiguration|" pos="NN" wid="14">Transfiguration</w>
  <w id="15" lemma="|of|" pos="IN" wid="15">of</w>
  <w id="16" lemma="|the|" pos="DT" wid="16">the</w>
  <w id="17" lemma="|Lord|" pos="NNP" wid="17">Lord</w>
  <w id="18" lemma="|and|" pos="CC" wid="18">and</w>
  <w id="19" lemma="|how|" pos="WRB" wid="19">how</w>
  <w id="20" lemma="|it|" pos="PRP" wid="20">it</w>
  <w id="21" lemma="|prepare|" pos="VBD" wid="21">prepared</w>
  <w id="22" lemma="|the|" pos="DT" wid="22">the</w>
  <w id="23" lemma="|Apostles|" pos="NNPS" wid="23">Apostles</w>
  <w id="24" lemma="|for|" pos="IN" wid="24">for</w>
  <w id="25" lemma="|the|" pos="DT" wid="25">the</w>
  <w id="26" lemma="|come|" pos="VBG" wid="26">coming</w>
  <w id="27" lemma="|scandal|" pos="NN" wid="27">scandal</w>
  <w id="28" lemma="|of|" pos="IN" wid="28">of</w>
  <w id="29" lemma="|the|" pos="DT" wid="29">the</w>
  <w id="30" lemma="|Cross|" pos="NNP" wid="30">Cross</w>
  <w id="31" lemma="|.|" pos="." wid="31">.</w>
</sentence>
<sentence id="23">
  <w id="0" lemma="|strengthen|" pos="VBN" wid="0">Strengthened</w>
  <w id="1" lemma="|by|" pos="IN" wid="1">by</w>
  <w id="2" lemma="|we|" pos="PRP$" wid="2">our</w>
  <w id="3" lemma="|faith|" pos="NN" wid="3">faith</w>
  <w id="4" lemma="|in|" pos="IN" wid="4">in</w>
  <w id="5" lemma="|Jesus|" pos="NNP" wid="5">Jesus</w>
  <w id="6" lemma="|,|" pos="," wid="6">,</w>
  <w id="7" lemma="|true|" pos="JJ" wid="7">true</w>
  <w id="8" lemma="|God|" pos="NNP" wid="8">God</w>
  <w id="9" lemma="|and|" pos="CC" wid="9">and</w>
  <w id="10" lemma="|true|" pos="JJ" wid="10">true</w>
  <w id="11" lemma="|man|" pos="NN" wid="11">man</w>
  <w id="12" lemma="|,|" pos="," wid="12">,</w>
  <w id="13" lemma="|may|" pos="MD" wid="13">may</w>
  <w id="14" lemma="|we|" pos="PRP" wid="14">we</w>
  <w id="15" lemma="|be|" pos="VB" wid="15">be</w>
  <w id="16" lemma="|inspire|" pos="VBN" wid="16">inspired</w>
  <w id="17" lemma="|,|" pos="," wid="17">,</w>
  <w id="18" lemma="|not|" pos="RB" wid="18">not</w>
  <w id="19" lemma="|scandalize|" pos="VBN" wid="19">scandalized</w>
  <w id="20" lemma="|,|" pos="," wid="20">,</w>
  <w id="21" lemma="|by|" pos="IN" wid="21">by</w>
  <w id="22" lemma="|the|" pos="DT" wid="22">the</w>
  <w id="23" lemma="|Cross|" pos="NNP" wid="23">Cross</w>
  <w id="24" lemma="|give|" pos="VBN" wid="24">given</w>
  <w id="25" lemma="|to|" pos="TO" wid="25">to</w>
  <w id="26" lemma="|we|" pos="PRP$" wid="26">our</w>
  <w id="27" lemma="|Saviour|" pos="NNP" wid="27">Saviour</w>
  <w id="28" lemma="|and|" pos="CC" wid="28">and</w>
  <w id="29" lemma="|to|" pos="TO" wid="29">to</w>
  <w id="30" lemma="|we|" pos="PRP$" wid="30">our</w>
  <w id="31" lemma="|fellow|" pos="JJ" wid="31">fellow</w>
  <w id="32" lemma="|christian|" pos="NNS" wid="32">Christians</w>
  <w id="33" lemma="|who|" pos="WP" wid="33">who</w>
  <w id="34" lemma="|suffer|" pos="VBP" wid="34">suffer</w>
  <w id="35" lemma="|with|" pos="IN" wid="35">with</w>
  <w id="36" lemma="|he|" pos="PRP" wid="36">him</w>
  <w id="37" lemma="|throughout|" pos="IN" wid="37">throughout</w>
  <w id="38" lemma="|the|" pos="DT" wid="38">the</w>
  <w id="39" lemma="|world|" pos="NN" wid="39">world</w>
  <w id="40" lemma="|.|" pos="." wid="40">.</w>
</sentence>
<sentence id="24">
  <w id="0" lemma="|especially|" pos="RB" wid="0">Especially</w>
  <w id="1" lemma="|during|" pos="IN" wid="1">during</w>
  <w id="2" lemma="|this|" pos="DT" wid="2">this</w>
  <w id="3" lemma="|holy|" pos="JJ" wid="3">holy</w>
  <w id="4" lemma="|season|" pos="NN" wid="4">season</w>
  <w id="5" lemma="|,|" pos="," wid="5">,</w>
  <w id="6" lemma="|I|" pos="PRP" wid="6">I</w>
  <w id="7" lemma="|invoke|" pos="VBP" wid="7">invoke</w>
  <w id="8" lemma="|upon|" pos="IN" wid="8">upon</w>
  <w id="9" lemma="|you|" pos="PRP" wid="9">you</w>
  <w id="10" lemma="|and|" pos="CC" wid="10">and</w>
  <w id="11" lemma="|you|" pos="PRP$" wid="11">your</w>
  <w id="12" lemma="|family|" pos="NNS" wid="12">families</w>
  <w id="13" lemma="|God|" pos="NNP" wid="13">God</w>
  <w id="14" lemma="|'s|" pos="POS" wid="14">'s</w>
  <w id="15" lemma="|abundant|" pos="JJ" wid="15">abundant</w>
  <w id="16" lemma="|blessing|" pos="NNS" wid="16">blessings</w>
  <w id="17" lemma="|!|" pos="." wid="17">!</w>
</sentence>
<sentence id="25">
  <w id="0" lemma="|I|" pos="PRP" wid="0">I</w>
  <w id="1" lemma="|wish|" pos="VBP" wid="1">wish</w>
  <w id="2" lemma="|you|" pos="PRP" wid="2">you</w>
  <w id="3" lemma="|all|" pos="PDT" wid="3">all</w>
  <w id="4" lemma="|a|" pos="DT" wid="4">a</w>
  <w id="5" lemma="|good|" pos="JJ" wid="5">good</w>
  <w id="6" lemma="|Sunday|" pos="NNP" wid="6">Sunday</w>
  <w id="7" lemma="|.|" pos="." wid="7">.</w>
</sentence>
<sentence id="26">
  <w id="0" lemma="|thank|" pos="VB" wid="0">Thank</w>
  <w id="1" lemma="|you|" pos="PRP" wid="1">you</w>
  <w id="2" lemma="|all|" pos="DT" wid="2">all</w>
  <w id="3" lemma="|.|" pos="." wid="3">.</w>
</sentence>
</corpus>