<corpus id="0">
<sentence id="0">
  <w id="0" lemma="|Dear|" pos="NNP" wid="0">Dear</w>
  <w id="1" lemma="|Brothers|" pos="NNPS" wid="1">Brothers</w>
  <w id="2" lemma="|and|" pos="CC" wid="2">and</w>
  <w id="3" lemma="|sister|" pos="NNS" wid="3">Sisters</w>
  <w id="4" lemma="|,|" pos="," wid="4">,</w>
  <w id="5" lemma="|today|" pos="NN" wid="5">Today</w>
  <w id="6" lemma="|,|" pos="," wid="6">,</w>
  <w id="7" lemma="|the|" pos="DT" wid="7">the</w>
  <w id="8" lemma="|solemnity|" pos="NN" wid="8">Solemnity</w>
  <w id="9" lemma="|of|" pos="IN" wid="9">of</w>
  <w id="10" lemma="|the|" pos="DT" wid="10">the</w>
  <w id="11" lemma="|assumption|" pos="NN" wid="11">Assumption</w>
  <w id="12" lemma="|,|" pos="," wid="12">,</w>
  <w id="13" lemma="|we|" pos="PRP" wid="13">we</w>
  <w id="14" lemma="|contemplate|" pos="VBP" wid="14">contemplate</w>
  <w id="15" lemma="|the|" pos="DT" wid="15">the</w>
  <w id="16" lemma="|mystery|" pos="NN" wid="16">mystery</w>
  <w id="17" lemma="|of|" pos="IN" wid="17">of</w>
  <w id="18" lemma="|Mary|" pos="NNP" wid="18">Mary</w>
  <w id="19" lemma="|'s|" pos="POS" wid="19">'s</w>
  <w id="20" lemma="|passage|" pos="NN" wid="20">passage</w>
  <w id="21" lemma="|from|" pos="IN" wid="21">from</w>
  <w id="22" lemma="|this|" pos="DT" wid="22">this</w>
  <w id="23" lemma="|world|" pos="NN" wid="23">world</w>
  <w id="24" lemma="|to|" pos="TO" wid="24">to</w>
  <w id="25" lemma="|Paradise|" pos="NNP" wid="25">Paradise</w>
  <w id="26" lemma="|:|" pos=":" wid="26">:</w>
  <w id="27" lemma="|we|" pos="PRP" wid="27">we</w>
  <w id="28" lemma="|celebrate|" pos="VBP" wid="28">celebrate</w>
  <w id="29" lemma="|,|" pos="," wid="29">,</w>
  <w id="30" lemma="|we|" pos="PRP" wid="30">we</w>
  <w id="31" lemma="|could|" pos="MD" wid="31">could</w>
  <w id="32" lemma="|say|" pos="VB" wid="32">say</w>
  <w id="33" lemma="|,|" pos="," wid="33">,</w>
  <w id="34" lemma="|she|" pos="PRP$" wid="34">her</w>
  <w id="35" lemma="|``|" pos="``" wid="35">``</w>
  <w id="36" lemma="|Pasch|" pos="NNP" wid="36">Pasch</w>
  <w id="37" lemma="|''|" pos="''" wid="37">''</w>
  <w id="38" lemma="|.|" pos="." wid="38">.</w>
</sentence>
<sentence id="1">
  <w id="0" lemma="|just|" pos="RB" wid="0">Just</w>
  <w id="1" lemma="|as|" pos="IN" wid="1">as</w>
  <w id="2" lemma="|Christ|" pos="NNP" wid="2">Christ</w>
  <w id="3" lemma="|rise|" pos="VBD" wid="3">rose</w>
  <w id="4" lemma="|from|" pos="IN" wid="4">from</w>
  <w id="5" lemma="|the|" pos="DT" wid="5">the</w>
  <w id="6" lemma="|dead|" pos="NN" wid="6">dead</w>
  <w id="7" lemma="|with|" pos="IN" wid="7">with</w>
  <w id="8" lemma="|he|" pos="PRP$" wid="8">his</w>
  <w id="9" lemma="|glorious|" pos="JJ" wid="9">glorious</w>
  <w id="10" lemma="|body|" pos="NN" wid="10">Body</w>
  <w id="11" lemma="|and|" pos="CC" wid="11">and</w>
  <w id="12" lemma="|ascend|" pos="VBD" wid="12">ascended</w>
  <w id="13" lemma="|into|" pos="IN" wid="13">into</w>
  <w id="14" lemma="|Heaven|" pos="NNP" wid="14">Heaven</w>
  <w id="15" lemma="|,|" pos="," wid="15">,</w>
  <w id="16" lemma="|the|" pos="DT" wid="16">the</w>
  <w id="17" lemma="|Holy|" pos="NNP" wid="17">Holy</w>
  <w id="18" lemma="|Virgin|" pos="NNP" wid="18">Virgin</w>
  <w id="19" lemma="|,|" pos="," wid="19">,</w>
  <w id="20" lemma="|completely|" pos="RB" wid="20">completely</w>
  <w id="21" lemma="|unite|" pos="VBN" wid="21">united</w>
  <w id="22" lemma="|to|" pos="TO" wid="22">to</w>
  <w id="23" lemma="|he|" pos="PRP" wid="23">him</w>
  <w id="24" lemma="|,|" pos="," wid="24">,</w>
  <w id="25" lemma="|be|" pos="VBD" wid="25">was</w>
  <w id="26" lemma="|assume|" pos="VBN" wid="26">assumed</w>
  <w id="27" lemma="|into|" pos="IN" wid="27">into</w>
  <w id="28" lemma="|heavenly|" pos="JJ" wid="28">heavenly</w>
  <w id="29" lemma="|glory|" pos="NN" wid="29">glory</w>
  <w id="30" lemma="|in|" pos="IN" wid="30">in</w>
  <w id="31" lemma="|she|" pos="PRP$" wid="31">her</w>
  <w id="32" lemma="|entire|" pos="JJ" wid="32">entire</w>
  <w id="33" lemma="|person|" pos="NN" wid="33">person</w>
  <w id="34" lemma="|.|" pos="." wid="34">.</w>
</sentence>
<sentence id="2">
  <w id="0" lemma="|in|" pos="IN" wid="0">In</w>
  <w id="1" lemma="|this|" pos="DT" wid="1">this</w>
  <w id="2" lemma="|too|" pos="RB" wid="2">too</w>
  <w id="3" lemma="|,|" pos="," wid="3">,</w>
  <w id="4" lemma="|the|" pos="DT" wid="4">the</w>
  <w id="5" lemma="|Mother|" pos="NNP" wid="5">Mother</w>
  <w id="6" lemma="|resemble|" pos="VBD" wid="6">resembled</w>
  <w id="7" lemma="|she|" pos="PRP" wid="7">her</w>
  <w id="8" lemma="|Son|" pos="NNP" wid="8">Son</w>
  <w id="9" lemma="|very|" pos="RB" wid="9">very</w>
  <w id="10" lemma="|closely|" pos="RB" wid="10">closely</w>
  <w id="11" lemma="|,|" pos="," wid="11">,</w>
  <w id="12" lemma="|lead|" pos="VBG" wid="12">leading</w>
  <w id="13" lemma="|the|" pos="DT" wid="13">the</w>
  <w id="14" lemma="|way|" pos="NN" wid="14">way</w>
  <w id="15" lemma="|for|" pos="IN" wid="15">for</w>
  <w id="16" lemma="|we|" pos="PRP" wid="16">us</w>
  <w id="17" lemma="|.|" pos="." wid="17">.</w>
</sentence>
<sentence id="3">
  <w id="0" lemma="|alongside|" pos="IN" wid="0">Alongside</w>
  <w id="1" lemma="|Jesus|" pos="NNP" wid="1">Jesus</w>
  <w id="2" lemma="|,|" pos="," wid="2">,</w>
  <w id="3" lemma="|the|" pos="DT" wid="3">the</w>
  <w id="4" lemma="|new|" pos="JJ" wid="4">new</w>
  <w id="5" lemma="|Adam|" pos="NNP" wid="5">Adam</w>
  <w id="6" lemma="|,|" pos="," wid="6">,</w>
  <w id="7" lemma="|``|" pos="``" wid="7">``</w>
  <w id="8" lemma="|first|" pos="JJ" wid="8">first</w>
  <w id="9" lemma="|fruit|" pos="NNS" wid="9">fruits</w>
  <w id="10" lemma="|''|" pos="''" wid="10">''</w>
  <w id="11" lemma="|of|" pos="IN" wid="11">of</w>
  <w id="12" lemma="|those|" pos="DT" wid="12">those</w>
  <w id="13" lemma="|who|" pos="WP" wid="13">who</w>
  <w id="14" lemma="|have|" pos="VBP" wid="14">have</w>
  <w id="15" lemma="|rise|" pos="VBN" wid="15">risen</w>
  <w id="16" lemma="|-lrb-|" pos="-LRB-" wid="16">-LRB-</w>
  <w id="17" lemma="|cf|" pos="NN" wid="17">cf</w>
  <w id="18" lemma="|.|" pos="." wid="18">.</w>
</sentence>
<sentence id="4">
  <w id="0" lemma="|I|" pos="PRP" wid="0">I</w>
  <w id="1" lemma="|cor|" pos="VBP" wid="1">Cor</w>
  <w id="2" lemma="|15|" pos="CD" wid="2">15</w>
  <w id="3" lemma="|:|" pos=":" wid="3">:</w>
  <w id="4" lemma="|20|" pos="CD" wid="4">20</w>
  <w id="5" lemma="|,|" pos="," wid="5">,</w>
  <w id="6" lemma="|23|" pos="CD" wid="6">23</w>
  <w id="7" lemma="|-rrb-|" pos="-RRB-" wid="7">-RRB-</w>
  <w id="8" lemma="|,|" pos="," wid="8">,</w>
  <w id="9" lemma="|Our|" pos="NNP" wid="9">Our</w>
  <w id="10" lemma="|Lady|" pos="NNP" wid="10">Lady</w>
  <w id="11" lemma="|,|" pos="," wid="11">,</w>
  <w id="12" lemma="|the|" pos="DT" wid="12">the</w>
  <w id="13" lemma="|new|" pos="JJ" wid="13">new</w>
  <w id="14" lemma="|Eve|" pos="NNP" wid="14">Eve</w>
  <w id="15" lemma="|,|" pos="," wid="15">,</w>
  <w id="16" lemma="|appear|" pos="VBZ" wid="16">appears</w>
  <w id="17" lemma="|as|" pos="IN" wid="17">as</w>
  <w id="18" lemma="|``|" pos="``" wid="18">``</w>
  <w id="19" lemma="|the|" pos="DT" wid="19">the</w>
  <w id="20" lemma="|beginning|" pos="NN" wid="20">beginning</w>
  <w id="21" lemma="|and|" pos="CC" wid="21">and</w>
  <w id="22" lemma="|image|" pos="NN" wid="22">image</w>
  <w id="23" lemma="|of|" pos="IN" wid="23">of</w>
  <w id="24" lemma="|the|" pos="DT" wid="24">the</w>
  <w id="25" lemma="|Church|" pos="NNP" wid="25">Church</w>
  <w id="26" lemma="|''|" pos="''" wid="26">''</w>
  <w id="27" lemma="|-lrb-|" pos="-LRB-" wid="27">-LRB-</w>
  <w id="28" lemma="|preface|" pos="NN" wid="28">Preface</w>
  <w id="29" lemma="|-rrb-|" pos="-RRB-" wid="29">-RRB-</w>
  <w id="30" lemma="|,|" pos="," wid="30">,</w>
  <w id="31" lemma="|``|" pos="``" wid="31">``</w>
  <w id="32" lemma="|sign|" pos="NN" wid="32">sign</w>
  <w id="33" lemma="|of|" pos="IN" wid="33">of</w>
  <w id="34" lemma="|certain|" pos="JJ" wid="34">certain</w>
  <w id="35" lemma="|hope|" pos="NN" wid="35">hope</w>
  <w id="36" lemma="|''|" pos="''" wid="36">''</w>
  <w id="37" lemma="|for|" pos="IN" wid="37">for</w>
  <w id="38" lemma="|all|" pos="DT" wid="38">all</w>
  <w id="39" lemma="|christian|" pos="NNS" wid="39">Christians</w>
  <w id="40" lemma="|on|" pos="IN" wid="40">on</w>
  <w id="41" lemma="|they|" pos="PRP$" wid="41">their</w>
  <w id="42" lemma="|earthly|" pos="JJ" wid="42">earthly</w>
  <w id="43" lemma="|pilgrimage|" pos="NN" wid="43">pilgrimage</w>
  <w id="44" lemma="|-lrb-|" pos="-LRB-" wid="44">-LRB-</w>
  <w id="45" lemma="|cf|" pos="NN" wid="45">cf</w>
  <w id="46" lemma="|.|" pos="." wid="46">.</w>
</sentence>
<sentence id="5">
  <w id="0" lemma="|lumen|" pos="NN" wid="0">Lumen</w>
  <w id="1" lemma="|gentium|" pos="NN" wid="1">Gentium</w>
  <w id="2" lemma="|,|" pos="," wid="2">,</w>
  <w id="3" lemma="|n.|" pos="NN" wid="3">n.</w>
  <w id="4" lemma="|68|" pos="CD" wid="4">68</w>
  <w id="5" lemma="|-rrb-|" pos="-RRB-" wid="5">-RRB-</w>
  <w id="6" lemma="|.|" pos="." wid="6">.</w>
</sentence>
<sentence id="6">
  <w id="0" lemma="|the|" pos="DT" wid="0">The</w>
  <w id="1" lemma="|solemnity|" pos="NN" wid="1">Solemnity</w>
  <w id="2" lemma="|of|" pos="IN" wid="2">of</w>
  <w id="3" lemma="|the|" pos="DT" wid="3">the</w>
  <w id="4" lemma="|assumption|" pos="NN" wid="4">Assumption</w>
  <w id="5" lemma="|,|" pos="," wid="5">,</w>
  <w id="6" lemma="|so|" pos="RB" wid="6">so</w>
  <w id="7" lemma="|dear|" pos="RB" wid="7">dear</w>
  <w id="8" lemma="|to|" pos="TO" wid="8">to</w>
  <w id="9" lemma="|popular|" pos="JJ" wid="9">popular</w>
  <w id="10" lemma="|tradition|" pos="NN" wid="10">tradition</w>
  <w id="11" lemma="|,|" pos="," wid="11">,</w>
  <w id="12" lemma="|serve|" pos="VBZ" wid="12">serves</w>
  <w id="13" lemma="|as|" pos="IN" wid="13">as</w>
  <w id="14" lemma="|a|" pos="DT" wid="14">a</w>
  <w id="15" lemma="|useful|" pos="JJ" wid="15">useful</w>
  <w id="16" lemma="|occasion|" pos="NN" wid="16">occasion</w>
  <w id="17" lemma="|for|" pos="IN" wid="17">for</w>
  <w id="18" lemma="|all|" pos="DT" wid="18">all</w>
  <w id="19" lemma="|believer|" pos="NNS" wid="19">believers</w>
  <w id="20" lemma="|to|" pos="TO" wid="20">to</w>
  <w id="21" lemma="|meditate|" pos="VB" wid="21">meditate</w>
  <w id="22" lemma="|on|" pos="IN" wid="22">on</w>
  <w id="23" lemma="|the|" pos="DT" wid="23">the</w>
  <w id="24" lemma="|true|" pos="JJ" wid="24">true</w>
  <w id="25" lemma="|sense|" pos="NN" wid="25">sense</w>
  <w id="26" lemma="|and|" pos="CC" wid="26">and</w>
  <w id="27" lemma="|value|" pos="NN" wid="27">value</w>
  <w id="28" lemma="|of|" pos="IN" wid="28">of</w>
  <w id="29" lemma="|human|" pos="JJ" wid="29">human</w>
  <w id="30" lemma="|existence|" pos="NN" wid="30">existence</w>
  <w id="31" lemma="|in|" pos="IN" wid="31">in</w>
  <w id="32" lemma="|view|" pos="NN" wid="32">view</w>
  <w id="33" lemma="|of|" pos="IN" wid="33">of</w>
  <w id="34" lemma="|eternity|" pos="NN" wid="34">eternity</w>
  <w id="35" lemma="|.|" pos="." wid="35">.</w>
</sentence>
<sentence id="7">
  <w id="0" lemma="|Dear|" pos="NNP" wid="0">Dear</w>
  <w id="1" lemma="|brother|" pos="NNS" wid="1">brothers</w>
  <w id="2" lemma="|and|" pos="CC" wid="2">and</w>
  <w id="3" lemma="|sister|" pos="NNS" wid="3">sisters</w>
  <w id="4" lemma="|,|" pos="," wid="4">,</w>
  <w id="5" lemma="|Heaven|" pos="NNP" wid="5">Heaven</w>
  <w id="6" lemma="|be|" pos="VBZ" wid="6">is</w>
  <w id="7" lemma="|we|" pos="PRP$" wid="7">our</w>
  <w id="8" lemma="|final|" pos="JJ" wid="8">final</w>
  <w id="9" lemma="|dwelling|" pos="NN" wid="9">dwelling</w>
  <w id="10" lemma="|place|" pos="NN" wid="10">place</w>
  <w id="11" lemma="|;|" pos=":" wid="11">;</w>
  <w id="12" lemma="|from|" pos="IN" wid="12">from</w>
  <w id="13" lemma="|there|" pos="RB" wid="13">there</w>
  <w id="14" lemma="|,|" pos="," wid="14">,</w>
  <w id="15" lemma="|Mary|" pos="NNP" wid="15">Mary</w>
  <w id="16" lemma="|encourage|" pos="VBZ" wid="16">encourages</w>
  <w id="17" lemma="|we|" pos="PRP" wid="17">us</w>
  <w id="18" lemma="|by|" pos="IN" wid="18">by</w>
  <w id="19" lemma="|she|" pos="PRP$" wid="19">her</w>
  <w id="20" lemma="|example|" pos="NN" wid="20">example</w>
  <w id="21" lemma="|to|" pos="TO" wid="21">to</w>
  <w id="22" lemma="|welcome|" pos="VB" wid="22">welcome</w>
  <w id="23" lemma="|God|" pos="NNP" wid="23">God</w>
  <w id="24" lemma="|'s|" pos="POS" wid="24">'s</w>
  <w id="25" lemma="|will|" pos="NN" wid="25">will</w>
  <w id="26" lemma="|,|" pos="," wid="26">,</w>
  <w id="27" lemma="|so|" pos="RB" wid="27">so</w>
  <w id="28" lemma="|as|" pos="RB" wid="28">as</w>
  <w id="29" lemma="|not|" pos="RB" wid="29">not</w>
  <w id="30" lemma="|to|" pos="TO" wid="30">to</w>
  <w id="31" lemma="|allow|" pos="VB" wid="31">allow</w>
  <w id="32" lemma="|ourselves|" pos="PRP" wid="32">ourselves</w>
  <w id="33" lemma="|to|" pos="TO" wid="33">to</w>
  <w id="34" lemma="|be|" pos="VB" wid="34">be</w>
  <w id="35" lemma="|seduce|" pos="VBN" wid="35">seduced</w>
  <w id="36" lemma="|by|" pos="IN" wid="36">by</w>
  <w id="37" lemma="|the|" pos="DT" wid="37">the</w>
  <w id="38" lemma="|deceptive|" pos="JJ" wid="38">deceptive</w>
  <w id="39" lemma="|attraction|" pos="NN" wid="39">attraction</w>
  <w id="40" lemma="|to|" pos="TO" wid="40">to</w>
  <w id="41" lemma="|what|" pos="WP" wid="41">what</w>
  <w id="42" lemma="|be|" pos="VBZ" wid="42">is</w>
  <w id="43" lemma="|transitory|" pos="JJ" wid="43">transitory</w>
  <w id="44" lemma="|and|" pos="CC" wid="44">and</w>
  <w id="45" lemma="|fleeting|" pos="JJ" wid="45">fleeting</w>
  <w id="46" lemma="|,|" pos="," wid="46">,</w>
  <w id="47" lemma="|and|" pos="CC" wid="47">and</w>
  <w id="48" lemma="|not|" pos="RB" wid="48">not</w>
  <w id="49" lemma="|to|" pos="TO" wid="49">to</w>
  <w id="50" lemma="|give|" pos="VB" wid="50">give</w>
  <w id="51" lemma="|in|" pos="RP" wid="51">in</w>
  <w id="52" lemma="|to|" pos="TO" wid="52">to</w>
  <w id="53" lemma="|the|" pos="DT" wid="53">the</w>
  <w id="54" lemma="|temptation|" pos="NNS" wid="54">temptations</w>
  <w id="55" lemma="|of|" pos="IN" wid="55">of</w>
  <w id="56" lemma="|selfishness|" pos="NN" wid="56">selfishness</w>
  <w id="57" lemma="|and|" pos="CC" wid="57">and</w>
  <w id="58" lemma="|evil|" pos="NN" wid="58">evil</w>
  <w id="59" lemma="|which|" pos="WDT" wid="59">which</w>
  <w id="60" lemma="|extinguish|" pos="VBP" wid="60">extinguish</w>
  <w id="61" lemma="|the|" pos="DT" wid="61">the</w>
  <w id="62" lemma="|joy|" pos="NN" wid="62">joy</w>
  <w id="63" lemma="|of|" pos="IN" wid="63">of</w>
  <w id="64" lemma="|life|" pos="NN" wid="64">life</w>
  <w id="65" lemma="|in|" pos="IN" wid="65">in</w>
  <w id="66" lemma="|the|" pos="DT" wid="66">the</w>
  <w id="67" lemma="|heart|" pos="NN" wid="67">heart</w>
  <w id="68" lemma="|.|" pos="." wid="68">.</w>
</sentence>
<sentence id="8">
  <w id="0" lemma="|I|" pos="PRP" wid="0">I</w>
  <w id="1" lemma="|invoke|" pos="VBP" wid="1">invoke</w>
  <w id="2" lemma="|the|" pos="DT" wid="2">the</w>
  <w id="3" lemma="|help|" pos="NN" wid="3">help</w>
  <w id="4" lemma="|of|" pos="IN" wid="4">of</w>
  <w id="5" lemma="|Mary|" pos="NNP" wid="5">Mary</w>
  <w id="6" lemma="|assume|" pos="VBD" wid="6">assumed</w>
  <w id="7" lemma="|into|" pos="IN" wid="7">into</w>
  <w id="8" lemma="|Heaven|" pos="NNP" wid="8">Heaven</w>
  <w id="9" lemma="|especially|" pos="RB" wid="9">especially</w>
  <w id="10" lemma="|for|" pos="IN" wid="10">for</w>
  <w id="11" lemma="|the|" pos="DT" wid="11">the</w>
  <w id="12" lemma="|young|" pos="JJ" wid="12">young</w>
  <w id="13" lemma="|people|" pos="NNS" wid="13">people</w>
  <w id="14" lemma="|who|" pos="WP" wid="14">who</w>
  <w id="15" lemma="|be|" pos="VBP" wid="15">are</w>
  <w id="16" lemma="|participate|" pos="VBG" wid="16">participating</w>
  <w id="17" lemma="|in|" pos="IN" wid="17">in</w>
  <w id="18" lemma="|World|" pos="NNP" wid="18">World</w>
  <w id="19" lemma="|Youth|" pos="NNP" wid="19">Youth</w>
  <w id="20" lemma="|Day|" pos="NNP" wid="20">Day</w>
  <w id="21" lemma="|who|" pos="WP" wid="21">who</w>
  <w id="22" lemma="|,|" pos="," wid="22">,</w>
  <w id="23" lemma="|transfer|" pos="VBG" wid="23">transferring</w>
  <w id="24" lemma="|from|" pos="IN" wid="24">from</w>
  <w id="25" lemma="|other|" pos="JJ" wid="25">other</w>
  <w id="26" lemma="|german|" pos="JJ" wid="26">German</w>
  <w id="27" lemma="|diocese|" pos="NNS" wid="27">Dioceses</w>
  <w id="28" lemma="|where|" pos="WRB" wid="28">where</w>
  <w id="29" lemma="|they|" pos="PRP" wid="29">they</w>
  <w id="30" lemma="|be|" pos="VBD" wid="30">were</w>
  <w id="31" lemma="|guest|" pos="NNS" wid="31">guests</w>
  <w id="32" lemma="|for|" pos="IN" wid="32">for</w>
  <w id="33" lemma="|some|" pos="DT" wid="33">some</w>
  <w id="34" lemma="|day|" pos="NNS" wid="34">days</w>
  <w id="35" lemma="|or|" pos="CC" wid="35">or</w>
  <w id="36" lemma="|those|" pos="DT" wid="36">those</w>
  <w id="37" lemma="|come|" pos="VBG" wid="37">coming</w>
  <w id="38" lemma="|directly|" pos="RB" wid="38">directly</w>
  <w id="39" lemma="|from|" pos="IN" wid="39">from</w>
  <w id="40" lemma="|they|" pos="PRP$" wid="40">their</w>
  <w id="41" lemma="|own|" pos="JJ" wid="41">own</w>
  <w id="42" lemma="|country|" pos="NNS" wid="42">countries</w>
  <w id="43" lemma="|,|" pos="," wid="43">,</w>
  <w id="44" lemma="|be|" pos="VBP" wid="44">are</w>
  <w id="45" lemma="|meet|" pos="VBG" wid="45">meeting</w>
  <w id="46" lemma="|from|" pos="IN" wid="46">from</w>
  <w id="47" lemma="|today|" pos="NN" wid="47">today</w>
  <w id="48" lemma="|on|" pos="IN" wid="48">on</w>
  <w id="49" lemma="|in|" pos="IN" wid="49">in</w>
  <w id="50" lemma="|Cologne|" pos="NNP" wid="50">Cologne</w>
  <w id="51" lemma="|.|" pos="." wid="51">.</w>
</sentence>
<sentence id="9">
  <w id="0" lemma="|God|" pos="NNP" wid="0">God</w>
  <w id="1" lemma="|willing|" pos="JJ" wid="1">willing</w>
  <w id="2" lemma="|,|" pos="," wid="2">,</w>
  <w id="3" lemma="|I|" pos="PRP" wid="3">I</w>
  <w id="4" lemma="|will|" pos="MD" wid="4">will</w>
  <w id="5" lemma="|join|" pos="VB" wid="5">join</w>
  <w id="6" lemma="|they|" pos="PRP" wid="6">them</w>
  <w id="7" lemma="|on|" pos="IN" wid="7">on</w>
  <w id="8" lemma="|Thursday|" pos="NNP" wid="8">Thursday</w>
  <w id="9" lemma="|to|" pos="TO" wid="9">to</w>
  <w id="10" lemma="|live|" pos="VB" wid="10">live</w>
  <w id="11" lemma="|together|" pos="RB" wid="11">together</w>
  <w id="12" lemma="|the|" pos="DT" wid="12">the</w>
  <w id="13" lemma="|various|" pos="JJ" wid="13">various</w>
  <w id="14" lemma="|moment|" pos="NNS" wid="14">moments</w>
  <w id="15" lemma="|of|" pos="IN" wid="15">of</w>
  <w id="16" lemma="|this|" pos="DT" wid="16">this</w>
  <w id="17" lemma="|extraordinary|" pos="JJ" wid="17">extraordinary</w>
  <w id="18" lemma="|ecclesial|" pos="JJ" wid="18">ecclesial</w>
  <w id="19" lemma="|event|" pos="NN" wid="19">event</w>
  <w id="20" lemma="|.|" pos="." wid="20">.</w>
</sentence>
<sentence id="10">
  <w id="0" lemma="|the|" pos="DT" wid="0">The</w>
  <w id="1" lemma="|highlight|" pos="NN" wid="1">highlight</w>
  <w id="2" lemma="|of|" pos="IN" wid="2">of</w>
  <w id="3" lemma="|World|" pos="NNP" wid="3">World</w>
  <w id="4" lemma="|Youth|" pos="NNP" wid="4">Youth</w>
  <w id="5" lemma="|Day|" pos="NNP" wid="5">Day</w>
  <w id="6" lemma="|will|" pos="MD" wid="6">will</w>
  <w id="7" lemma="|be|" pos="VB" wid="7">be</w>
  <w id="8" lemma="|the|" pos="DT" wid="8">the</w>
  <w id="9" lemma="|solemn|" pos="JJ" wid="9">solemn</w>
  <w id="10" lemma="|prayer|" pos="NN" wid="10">Prayer</w>
  <w id="11" lemma="|vigil|" pos="NN" wid="11">Vigil</w>
  <w id="12" lemma="|on|" pos="IN" wid="12">on</w>
  <w id="13" lemma="|Saturday|" pos="NNP" wid="13">Saturday</w>
  <w id="14" lemma="|evening|" pos="NN" wid="14">evening</w>
  <w id="15" lemma="|and|" pos="CC" wid="15">and</w>
  <w id="16" lemma="|the|" pos="DT" wid="16">the</w>
  <w id="17" lemma="|Eucharistic|" pos="NNP" wid="17">Eucharistic</w>
  <w id="18" lemma="|Celebration|" pos="NNP" wid="18">Celebration</w>
  <w id="19" lemma="|on|" pos="IN" wid="19">on</w>
  <w id="20" lemma="|Sunday|" pos="NNP" wid="20">Sunday</w>
  <w id="21" lemma="|,|" pos="," wid="21">,</w>
  <w id="22" lemma="|21|" pos="CD" wid="22">21</w>
  <w id="23" lemma="|August|" pos="NNP" wid="23">August</w>
  <w id="24" lemma="|.|" pos="." wid="24">.</w>
</sentence>
<sentence id="11">
  <w id="0" lemma="|May|" pos="NNP" wid="0">May</w>
  <w id="1" lemma="|the|" pos="DT" wid="1">the</w>
  <w id="2" lemma="|Most|" pos="NNP" wid="2">Most</w>
  <w id="3" lemma="|Holy|" pos="NNP" wid="3">Holy</w>
  <w id="4" lemma="|Virgin|" pos="NNP" wid="4">Virgin</w>
  <w id="5" lemma="|enable|" pos="VB" wid="5">enable</w>
  <w id="6" lemma="|all|" pos="PDT" wid="6">all</w>
  <w id="7" lemma="|those|" pos="DT" wid="7">those</w>
  <w id="8" lemma="|who|" pos="WP" wid="8">who</w>
  <w id="9" lemma="|be|" pos="VBP" wid="9">are</w>
  <w id="10" lemma="|take|" pos="VBG" wid="10">taking</w>
  <w id="11" lemma="|part|" pos="NN" wid="11">part</w>
  <w id="12" lemma="|to|" pos="TO" wid="12">to</w>
  <w id="13" lemma="|follow|" pos="VB" wid="13">follow</w>
  <w id="14" lemma="|the|" pos="DT" wid="14">the</w>
  <w id="15" lemma="|example|" pos="NN" wid="15">example</w>
  <w id="16" lemma="|of|" pos="IN" wid="16">of</w>
  <w id="17" lemma="|the|" pos="DT" wid="17">the</w>
  <w id="18" lemma="|Magi|" pos="NNPS" wid="18">Magi</w>
  <w id="19" lemma="|in|" pos="IN" wid="19">in</w>
  <w id="20" lemma="|order|" pos="NN" wid="20">order</w>
  <w id="21" lemma="|to|" pos="TO" wid="21">to</w>
  <w id="22" lemma="|meet|" pos="VB" wid="22">meet</w>
  <w id="23" lemma="|Christ|" pos="NNP" wid="23">Christ</w>
  <w id="24" lemma="|present|" pos="JJ" wid="24">present</w>
  <w id="25" lemma="|especially|" pos="RB" wid="25">especially</w>
  <w id="26" lemma="|in|" pos="IN" wid="26">in</w>
  <w id="27" lemma="|the|" pos="DT" wid="27">the</w>
  <w id="28" lemma="|eucharist|" pos="NN" wid="28">Eucharist</w>
  <w id="29" lemma="|,|" pos="," wid="29">,</w>
  <w id="30" lemma="|and|" pos="CC" wid="30">and</w>
  <w id="31" lemma="|to|" pos="TO" wid="31">to</w>
  <w id="32" lemma="|return|" pos="VB" wid="32">return</w>
  <w id="33" lemma="|to|" pos="TO" wid="33">to</w>
  <w id="34" lemma="|they|" pos="PRP$" wid="34">their</w>
  <w id="35" lemma="|city|" pos="NNS" wid="35">cities</w>
  <w id="36" lemma="|and|" pos="CC" wid="36">and</w>
  <w id="37" lemma="|native|" pos="JJ" wid="37">native</w>
  <w id="38" lemma="|land|" pos="NNS" wid="38">lands</w>
  <w id="39" lemma="|with|" pos="IN" wid="39">with</w>
  <w id="40" lemma="|the|" pos="DT" wid="40">the</w>
  <w id="41" lemma="|active|" pos="JJ" wid="41">active</w>
  <w id="42" lemma="|proposal|" pos="NN" wid="42">proposal</w>
  <w id="43" lemma="|to|" pos="TO" wid="43">to</w>
  <w id="44" lemma="|witness|" pos="NN" wid="44">witness</w>
  <w id="45" lemma="|to|" pos="TO" wid="45">to</w>
  <w id="46" lemma="|the|" pos="DT" wid="46">the</w>
  <w id="47" lemma="|newness|" pos="NN" wid="47">newness</w>
  <w id="48" lemma="|and|" pos="CC" wid="48">and</w>
  <w id="49" lemma="|joy|" pos="NN" wid="49">joy</w>
  <w id="50" lemma="|of|" pos="IN" wid="50">of</w>
  <w id="51" lemma="|the|" pos="DT" wid="51">the</w>
  <w id="52" lemma="|Gospel|" pos="NNP" wid="52">Gospel</w>
  <w id="53" lemma="|.|" pos="." wid="53">.</w>
</sentence>
<sentence id="12">
  <w id="0" lemma="|after|" pos="IN" wid="0">After</w>
  <w id="1" lemma="|the|" pos="DT" wid="1">the</w>
  <w id="2" lemma="|Angelus|" pos="NNP" wid="2">Angelus</w>
  <w id="3" lemma="|,|" pos="," wid="3">,</w>
  <w id="4" lemma="|the|" pos="DT" wid="4">the</w>
  <w id="5" lemma="|Pope|" pos="NNP" wid="5">Pope</w>
  <w id="6" lemma="|say|" pos="VBD" wid="6">said</w>
  <w id="7" lemma="|:|" pos=":" wid="7">:</w>
  <w id="8" lemma="|I|" pos="PRP" wid="8">I</w>
  <w id="9" lemma="|wish|" pos="VBP" wid="9">wish</w>
  <w id="10" lemma="|to|" pos="TO" wid="10">to</w>
  <w id="11" lemma="|express|" pos="VB" wid="11">express</w>
  <w id="12" lemma="|my|" pos="PRP$" wid="12">my</w>
  <w id="13" lemma="|spiritual|" pos="JJ" wid="13">spiritual</w>
  <w id="14" lemma="|closeness|" pos="NN" wid="14">closeness</w>
  <w id="15" lemma="|to|" pos="TO" wid="15">to</w>
  <w id="16" lemma="|the|" pos="DT" wid="16">the</w>
  <w id="17" lemma="|dear|" pos="RB" wid="17">dear</w>
  <w id="18" lemma="|people|" pos="NNS" wid="18">people</w>
  <w id="19" lemma="|of|" pos="IN" wid="19">of</w>
  <w id="20" lemma="|Cyprus|" pos="NNP" wid="20">Cyprus</w>
  <w id="21" lemma="|,|" pos="," wid="21">,</w>
  <w id="22" lemma="|particularly|" pos="RB" wid="22">particularly</w>
  <w id="23" lemma="|try|" pos="VBN" wid="23">tried</w>
  <w id="24" lemma="|by|" pos="IN" wid="24">by</w>
  <w id="25" lemma="|the|" pos="DT" wid="25">the</w>
  <w id="26" lemma="|plane|" pos="NN" wid="26">plane</w>
  <w id="27" lemma="|crash|" pos="NN" wid="27">crash</w>
  <w id="28" lemma="|that|" pos="WDT" wid="28">that</w>
  <w id="29" lemma="|cause|" pos="VBD" wid="29">caused</w>
  <w id="30" lemma="|the|" pos="DT" wid="30">the</w>
  <w id="31" lemma="|death|" pos="NN" wid="31">death</w>
  <w id="32" lemma="|of|" pos="IN" wid="32">of</w>
  <w id="33" lemma="|121|" pos="CD" wid="33">121</w>
  <w id="34" lemma="|people|" pos="NNS" wid="34">people</w>
  <w id="35" lemma="|.|" pos="." wid="35">.</w>
</sentence>
<sentence id="13">
  <w id="0" lemma="|as|" pos="IN" wid="0">As</w>
  <w id="1" lemma="|I|" pos="PRP" wid="1">I</w>
  <w id="2" lemma="|entrust|" pos="VBP" wid="2">entrust</w>
  <w id="3" lemma="|the|" pos="DT" wid="3">the</w>
  <w id="4" lemma="|victim|" pos="NNS" wid="4">victims</w>
  <w id="5" lemma="|of|" pos="IN" wid="5">of</w>
  <w id="6" lemma="|the|" pos="DT" wid="6">the</w>
  <w id="7" lemma="|disaster|" pos="NN" wid="7">disaster</w>
  <w id="8" lemma="|to|" pos="TO" wid="8">to</w>
  <w id="9" lemma="|the|" pos="DT" wid="9">the</w>
  <w id="10" lemma="|Lord|" pos="NNP" wid="10">Lord</w>
  <w id="11" lemma="|-|" pos=":" wid="11">-</w>
  <w id="12" lemma="|among|" pos="IN" wid="12">among</w>
  <w id="13" lemma="|they|" pos="PRP" wid="13">them</w>
  <w id="14" lemma="|48|" pos="CD" wid="14">48</w>
  <w id="15" lemma="|child|" pos="NNS" wid="15">children</w>
  <w id="16" lemma="|who|" pos="WP" wid="16">who</w>
  <w id="17" lemma="|be|" pos="VBD" wid="17">were</w>
  <w id="18" lemma="|return|" pos="VBG" wid="18">returning</w>
  <w id="19" lemma="|from|" pos="IN" wid="19">from</w>
  <w id="20" lemma="|vacation|" pos="NN" wid="20">vacation</w>
  <w id="21" lemma="|on|" pos="IN" wid="21">on</w>
  <w id="22" lemma="|the|" pos="DT" wid="22">the</w>
  <w id="23" lemma="|Island|" pos="NNP" wid="23">Island</w>
  <w id="24" lemma="|-|" pos=":" wid="24">-</w>
  <w id="25" lemma="|I|" pos="PRP" wid="25">I</w>
  <w id="26" lemma="|assure|" pos="VBP" wid="26">assure</w>
  <w id="27" lemma="|my|" pos="PRP$" wid="27">my</w>
  <w id="28" lemma="|special|" pos="JJ" wid="28">special</w>
  <w id="29" lemma="|remembrance|" pos="NN" wid="29">remembrance</w>
  <w id="30" lemma="|in|" pos="IN" wid="30">in</w>
  <w id="31" lemma="|prayer|" pos="NN" wid="31">prayer</w>
  <w id="32" lemma="|for|" pos="IN" wid="32">for</w>
  <w id="33" lemma="|the|" pos="DT" wid="33">the</w>
  <w id="34" lemma="|deceased|" pos="JJ" wid="34">deceased</w>
  <w id="35" lemma="|,|" pos="," wid="35">,</w>
  <w id="36" lemma="|for|" pos="IN" wid="36">for</w>
  <w id="37" lemma="|they|" pos="PRP$" wid="37">their</w>
  <w id="38" lemma="|family|" pos="NN" wid="38">family</w>
  <w id="39" lemma="|member|" pos="NNS" wid="39">members</w>
  <w id="40" lemma="|and|" pos="CC" wid="40">and</w>
  <w id="41" lemma="|for|" pos="IN" wid="41">for</w>
  <w id="42" lemma="|those|" pos="DT" wid="42">those</w>
  <w id="43" lemma="|who|" pos="WP" wid="43">who</w>
  <w id="44" lemma="|be|" pos="VBP" wid="44">are</w>
  <w id="45" lemma="|grieve|" pos="VBG" wid="45">grieving</w>
  <w id="46" lemma="|as|" pos="IN" wid="46">as</w>
  <w id="47" lemma="|a|" pos="DT" wid="47">a</w>
  <w id="48" lemma="|result|" pos="NN" wid="48">result</w>
  <w id="49" lemma="|of|" pos="IN" wid="49">of</w>
  <w id="50" lemma="|this|" pos="DT" wid="50">this</w>
  <w id="51" lemma="|tragedy|" pos="NN" wid="51">tragedy</w>
  <w id="52" lemma="|.|" pos="." wid="52">.</w>
</sentence>
</corpus>