<corpus id="0">
<sentence id="0">
  <w id="0" lemma="|Dear|" pos="NNP" wid="0">Dear</w>
  <w id="1" lemma="|Brothers|" pos="NNPS" wid="1">Brothers</w>
  <w id="2" lemma="|and|" pos="CC" wid="2">and</w>
  <w id="3" lemma="|sister|" pos="NNS" wid="3">Sisters</w>
  <w id="4" lemma="|,|" pos="," wid="4">,</w>
  <w id="5" lemma="|the|" pos="DT" wid="5">The</w>
  <w id="6" lemma="|book|" pos="NN" wid="6">book</w>
  <w id="7" lemma="|of|" pos="IN" wid="7">of</w>
  <w id="8" lemma="|the|" pos="DT" wid="8">the</w>
  <w id="9" lemma="|act|" pos="NNS" wid="9">Acts</w>
  <w id="10" lemma="|of|" pos="IN" wid="10">of</w>
  <w id="11" lemma="|the|" pos="DT" wid="11">the</w>
  <w id="12" lemma="|Apostles|" pos="NNPS" wid="12">Apostles</w>
  <w id="13" lemma="|state|" pos="VBZ" wid="13">states</w>
  <w id="14" lemma="|that|" pos="IN" wid="14">that</w>
  <w id="15" lemma="|after|" pos="IN" wid="15">after</w>
  <w id="16" lemma="|a|" pos="DT" wid="16">a</w>
  <w id="17" lemma="|first|" pos="JJ" wid="17">first</w>
  <w id="18" lemma="|violent|" pos="JJ" wid="18">violent</w>
  <w id="19" lemma="|persecution|" pos="NN" wid="19">persecution</w>
  <w id="20" lemma="|,|" pos="," wid="20">,</w>
  <w id="21" lemma="|the|" pos="DT" wid="21">the</w>
  <w id="22" lemma="|christian|" pos="JJ" wid="22">Christian</w>
  <w id="23" lemma="|community|" pos="NN" wid="23">community</w>
  <w id="24" lemma="|of|" pos="IN" wid="24">of</w>
  <w id="25" lemma="|Jerusalem|" pos="NNP" wid="25">Jerusalem</w>
  <w id="26" lemma="|,|" pos="," wid="26">,</w>
  <w id="27" lemma="|except|" pos="IN" wid="27">except</w>
  <w id="28" lemma="|for|" pos="IN" wid="28">for</w>
  <w id="29" lemma="|the|" pos="DT" wid="29">the</w>
  <w id="30" lemma="|Apostles|" pos="NNPS" wid="30">Apostles</w>
  <w id="31" lemma="|,|" pos="," wid="31">,</w>
  <w id="32" lemma="|spread|" pos="VBN" wid="32">spread</w>
  <w id="33" lemma="|to|" pos="TO" wid="33">to</w>
  <w id="34" lemma="|the|" pos="DT" wid="34">the</w>
  <w id="35" lemma="|surrounding|" pos="JJ" wid="35">surrounding</w>
  <w id="36" lemma="|area|" pos="NNS" wid="36">areas</w>
  <w id="37" lemma="|.|" pos="." wid="37">.</w>
</sentence>
<sentence id="1">
  <w id="0" lemma="|Philip|" pos="NNP" wid="0">Philip</w>
  <w id="1" lemma="|,|" pos="," wid="1">,</w>
  <w id="2" lemma="|one|" pos="CD" wid="2">one</w>
  <w id="3" lemma="|of|" pos="IN" wid="3">of</w>
  <w id="4" lemma="|the|" pos="DT" wid="4">the</w>
  <w id="5" lemma="|deacon|" pos="NNS" wid="5">deacons</w>
  <w id="6" lemma="|,|" pos="," wid="6">,</w>
  <w id="7" lemma="|arrive|" pos="VBD" wid="7">arrived</w>
  <w id="8" lemma="|in|" pos="IN" wid="8">in</w>
  <w id="9" lemma="|a|" pos="DT" wid="9">a</w>
  <w id="10" lemma="|city|" pos="NN" wid="10">city</w>
  <w id="11" lemma="|of|" pos="IN" wid="11">of</w>
  <w id="12" lemma="|Samaria|" pos="NNP" wid="12">Samaria</w>
  <w id="13" lemma="|.|" pos="." wid="13">.</w>
</sentence>
<sentence id="2">
  <w id="0" lemma="|there|" pos="EX" wid="0">There</w>
  <w id="1" lemma="|he|" pos="PRP" wid="1">he</w>
  <w id="2" lemma="|preach|" pos="VBD" wid="2">preached</w>
  <w id="3" lemma="|the|" pos="DT" wid="3">the</w>
  <w id="4" lemma="|Risen|" pos="NNP" wid="4">Risen</w>
  <w id="5" lemma="|Christ|" pos="NNP" wid="5">Christ</w>
  <w id="6" lemma="|,|" pos="," wid="6">,</w>
  <w id="7" lemma="|and|" pos="CC" wid="7">and</w>
  <w id="8" lemma="|he|" pos="PRP$" wid="8">his</w>
  <w id="9" lemma="|proclamation|" pos="NN" wid="9">proclamation</w>
  <w id="10" lemma="|be|" pos="VBD" wid="10">was</w>
  <w id="11" lemma="|support|" pos="VBN" wid="11">supported</w>
  <w id="12" lemma="|by|" pos="IN" wid="12">by</w>
  <w id="13" lemma="|numerous|" pos="JJ" wid="13">numerous</w>
  <w id="14" lemma="|healing|" pos="NNS" wid="14">healings</w>
  <w id="15" lemma="|,|" pos="," wid="15">,</w>
  <w id="16" lemma="|so|" pos="IN" wid="16">so</w>
  <w id="17" lemma="|that|" pos="IN" wid="17">that</w>
  <w id="18" lemma="|the|" pos="DT" wid="18">the</w>
  <w id="19" lemma="|outcome|" pos="NN" wid="19">outcome</w>
  <w id="20" lemma="|of|" pos="IN" wid="20">of</w>
  <w id="21" lemma="|the|" pos="DT" wid="21">the</w>
  <w id="22" lemma="|episode|" pos="NN" wid="22">episode</w>
  <w id="23" lemma="|be|" pos="VBD" wid="23">was</w>
  <w id="24" lemma="|very|" pos="RB" wid="24">very</w>
  <w id="25" lemma="|positive|" pos="JJ" wid="25">positive</w>
  <w id="26" lemma="|:|" pos=":" wid="26">:</w>
  <w id="27" lemma="|``|" pos="``" wid="27">``</w>
  <w id="28" lemma="|there|" pos="EX" wid="28">there</w>
  <w id="29" lemma="|be|" pos="VBD" wid="29">was</w>
  <w id="30" lemma="|much|" pos="JJ" wid="30">much</w>
  <w id="31" lemma="|joy|" pos="NN" wid="31">joy</w>
  <w id="32" lemma="|in|" pos="IN" wid="32">in</w>
  <w id="33" lemma="|that|" pos="DT" wid="33">that</w>
  <w id="34" lemma="|city|" pos="NN" wid="34">city</w>
  <w id="35" lemma="|''|" pos="''" wid="35">''</w>
  <w id="36" lemma="|-lrb-|" pos="-LRB-" wid="36">-LRB-</w>
  <w id="37" lemma="|act|" pos="NNS" wid="37">Acts</w>
  <w id="38" lemma="|8:8|" pos="CD" wid="38">8:8</w>
  <w id="39" lemma="|-rrb-|" pos="-RRB-" wid="39">-RRB-</w>
  <w id="40" lemma="|.|" pos="." wid="40">.</w>
</sentence>
<sentence id="3">
  <w id="0" lemma="|we|" pos="PRP" wid="0">We</w>
  <w id="1" lemma="|be|" pos="VBP" wid="1">are</w>
  <w id="2" lemma="|repeatedly|" pos="RB" wid="2">repeatedly</w>
  <w id="3" lemma="|impress|" pos="VBN" wid="3">impressed</w>
  <w id="4" lemma="|in|" pos="IN" wid="4">in</w>
  <w id="5" lemma="|a|" pos="DT" wid="5">a</w>
  <w id="6" lemma="|profound|" pos="JJ" wid="6">profound</w>
  <w id="7" lemma="|way|" pos="NN" wid="7">way</w>
  <w id="8" lemma="|by|" pos="IN" wid="8">by</w>
  <w id="9" lemma="|this|" pos="DT" wid="9">this</w>
  <w id="10" lemma="|expression|" pos="NN" wid="10">expression</w>
  <w id="11" lemma="|,|" pos="," wid="11">,</w>
  <w id="12" lemma="|which|" pos="WDT" wid="12">which</w>
  <w id="13" lemma="|in|" pos="IN" wid="13">in</w>
  <w id="14" lemma="|essence|" pos="NN" wid="14">essence</w>
  <w id="15" lemma="|communicate|" pos="VBZ" wid="15">communicates</w>
  <w id="16" lemma="|a|" pos="DT" wid="16">a</w>
  <w id="17" lemma="|sense|" pos="NN" wid="17">sense</w>
  <w id="18" lemma="|of|" pos="IN" wid="18">of</w>
  <w id="19" lemma="|hope|" pos="NN" wid="19">hope</w>
  <w id="20" lemma="|,|" pos="," wid="20">,</w>
  <w id="21" lemma="|as|" pos="IN" wid="21">as</w>
  <w id="22" lemma="|if|" pos="IN" wid="22">if</w>
  <w id="23" lemma="|say|" pos="VBG" wid="23">saying</w>
  <w id="24" lemma="|:|" pos=":" wid="24">:</w>
  <w id="25" lemma="|it|" pos="PRP" wid="25">It</w>
  <w id="26" lemma="|be|" pos="VBZ" wid="26">is</w>
  <w id="27" lemma="|possible|" pos="JJ" wid="27">possible</w>
  <w id="28" lemma="|!|" pos="." wid="28">!</w>
</sentence>
<sentence id="4">
  <w id="0" lemma="|it|" pos="PRP" wid="0">It</w>
  <w id="1" lemma="|be|" pos="VBZ" wid="1">is</w>
  <w id="2" lemma="|possible|" pos="JJ" wid="2">possible</w>
  <w id="3" lemma="|for|" pos="IN" wid="3">for</w>
  <w id="4" lemma="|humanity|" pos="NN" wid="4">humanity</w>
  <w id="5" lemma="|to|" pos="TO" wid="5">to</w>
  <w id="6" lemma="|know|" pos="VB" wid="6">know</w>
  <w id="7" lemma="|true|" pos="JJ" wid="7">true</w>
  <w id="8" lemma="|joy|" pos="NN" wid="8">joy</w>
  <w id="9" lemma="|,|" pos="," wid="9">,</w>
  <w id="10" lemma="|because|" pos="IN" wid="10">because</w>
  <w id="11" lemma="|wherever|" pos="WRB" wid="11">wherever</w>
  <w id="12" lemma="|the|" pos="DT" wid="12">the</w>
  <w id="13" lemma="|Gospel|" pos="NNP" wid="13">Gospel</w>
  <w id="14" lemma="|come|" pos="VBZ" wid="14">comes</w>
  <w id="15" lemma="|,|" pos="," wid="15">,</w>
  <w id="16" lemma="|life|" pos="NN" wid="16">life</w>
  <w id="17" lemma="|flourish|" pos="NNS" wid="17">flourishes</w>
  <w id="18" lemma="|,|" pos="," wid="18">,</w>
  <w id="19" lemma="|just|" pos="RB" wid="19">just</w>
  <w id="20" lemma="|as|" pos="IN" wid="20">as</w>
  <w id="21" lemma="|arid|" pos="JJ" wid="21">arid</w>
  <w id="22" lemma="|ground|" pos="NN" wid="22">ground</w>
  <w id="23" lemma="|,|" pos="," wid="23">,</w>
  <w id="24" lemma="|irrigate|" pos="VBN" wid="24">irrigated</w>
  <w id="25" lemma="|by|" pos="IN" wid="25">by</w>
  <w id="26" lemma="|rain|" pos="NN" wid="26">rain</w>
  <w id="27" lemma="|,|" pos="," wid="27">,</w>
  <w id="28" lemma="|immediately|" pos="RB" wid="28">immediately</w>
  <w id="29" lemma="|turn|" pos="VBZ" wid="29">turns</w>
  <w id="30" lemma="|back|" pos="RB" wid="30">back</w>
  <w id="31" lemma="|to|" pos="TO" wid="31">to</w>
  <w id="32" lemma="|green|" pos="NN" wid="32">green</w>
  <w id="33" lemma="|.|" pos="." wid="33">.</w>
</sentence>
<sentence id="5">
  <w id="0" lemma="|with|" pos="IN" wid="0">With</w>
  <w id="1" lemma="|the|" pos="DT" wid="1">the</w>
  <w id="2" lemma="|strength|" pos="NN" wid="2">strength</w>
  <w id="3" lemma="|of|" pos="IN" wid="3">of</w>
  <w id="4" lemma="|the|" pos="DT" wid="4">the</w>
  <w id="5" lemma="|Holy|" pos="NNP" wid="5">Holy</w>
  <w id="6" lemma="|Spirit|" pos="NNP" wid="6">Spirit</w>
  <w id="7" lemma="|,|" pos="," wid="7">,</w>
  <w id="8" lemma="|Philip|" pos="NNP" wid="8">Philip</w>
  <w id="9" lemma="|and|" pos="CC" wid="9">and</w>
  <w id="10" lemma="|the|" pos="DT" wid="10">the</w>
  <w id="11" lemma="|other|" pos="JJ" wid="11">other</w>
  <w id="12" lemma="|disciple|" pos="NNS" wid="12">disciples</w>
  <w id="13" lemma="|accomplish|" pos="VBN" wid="13">accomplished</w>
  <w id="14" lemma="|in|" pos="IN" wid="14">in</w>
  <w id="15" lemma="|the|" pos="DT" wid="15">the</w>
  <w id="16" lemma="|village|" pos="NNS" wid="16">villages</w>
  <w id="17" lemma="|of|" pos="IN" wid="17">of</w>
  <w id="18" lemma="|Palestine|" pos="NNP" wid="18">Palestine</w>
  <w id="19" lemma="|what|" pos="WP" wid="19">what</w>
  <w id="20" lemma="|Jesus|" pos="NNP" wid="20">Jesus</w>
  <w id="21" lemma="|have|" pos="VBD" wid="21">had</w>
  <w id="22" lemma="|do|" pos="VBN" wid="22">done</w>
  <w id="23" lemma="|:|" pos=":" wid="23">:</w>
  <w id="24" lemma="|they|" pos="PRP" wid="24">They</w>
  <w id="25" lemma="|preach|" pos="VBD" wid="25">preached</w>
  <w id="26" lemma="|the|" pos="DT" wid="26">the</w>
  <w id="27" lemma="|Good|" pos="NNP" wid="27">Good</w>
  <w id="28" lemma="|News|" pos="NNP" wid="28">News</w>
  <w id="29" lemma="|and|" pos="CC" wid="29">and</w>
  <w id="30" lemma="|work|" pos="VBD" wid="30">worked</w>
  <w id="31" lemma="|miraculous|" pos="JJ" wid="31">miraculous</w>
  <w id="32" lemma="|sign|" pos="NNS" wid="32">signs</w>
  <w id="33" lemma="|.|" pos="." wid="33">.</w>
</sentence>
<sentence id="6">
  <w id="0" lemma="|it|" pos="PRP" wid="0">It</w>
  <w id="1" lemma="|be|" pos="VBD" wid="1">was</w>
  <w id="2" lemma="|the|" pos="DT" wid="2">the</w>
  <w id="3" lemma="|Lord|" pos="NNP" wid="3">Lord</w>
  <w id="4" lemma="|who|" pos="WP" wid="4">who</w>
  <w id="5" lemma="|act|" pos="VBD" wid="5">acted</w>
  <w id="6" lemma="|through|" pos="IN" wid="6">through</w>
  <w id="7" lemma="|they|" pos="PRP" wid="7">them</w>
  <w id="8" lemma="|.|" pos="." wid="8">.</w>
</sentence>
<sentence id="7">
  <w id="0" lemma="|as|" pos="IN" wid="0">As</w>
  <w id="1" lemma="|Jesus|" pos="NNP" wid="1">Jesus</w>
  <w id="2" lemma="|proclaim|" pos="VBD" wid="2">proclaimed</w>
  <w id="3" lemma="|the|" pos="DT" wid="3">the</w>
  <w id="4" lemma="|come|" pos="VBG" wid="4">coming</w>
  <w id="5" lemma="|of|" pos="IN" wid="5">of</w>
  <w id="6" lemma="|the|" pos="DT" wid="6">the</w>
  <w id="7" lemma="|Kingdom|" pos="NNP" wid="7">Kingdom</w>
  <w id="8" lemma="|of|" pos="IN" wid="8">of</w>
  <w id="9" lemma="|God|" pos="NNP" wid="9">God</w>
  <w id="10" lemma="|,|" pos="," wid="10">,</w>
  <w id="11" lemma="|so|" pos="IN" wid="11">so</w>
  <w id="12" lemma="|the|" pos="DT" wid="12">the</w>
  <w id="13" lemma="|disciple|" pos="NNS" wid="13">disciples</w>
  <w id="14" lemma="|proclaim|" pos="VBD" wid="14">proclaimed</w>
  <w id="15" lemma="|the|" pos="DT" wid="15">the</w>
  <w id="16" lemma="|Risen|" pos="NNP" wid="16">Risen</w>
  <w id="17" lemma="|Jesus|" pos="NNP" wid="17">Jesus</w>
  <w id="18" lemma="|,|" pos="," wid="18">,</w>
  <w id="19" lemma="|profess|" pos="VBG" wid="19">professing</w>
  <w id="20" lemma="|that|" pos="IN" wid="20">that</w>
  <w id="21" lemma="|he|" pos="PRP" wid="21">he</w>
  <w id="22" lemma="|be|" pos="VBZ" wid="22">is</w>
  <w id="23" lemma="|the|" pos="DT" wid="23">the</w>
  <w id="24" lemma="|Christ|" pos="NNP" wid="24">Christ</w>
  <w id="25" lemma="|,|" pos="," wid="25">,</w>
  <w id="26" lemma="|the|" pos="DT" wid="26">the</w>
  <w id="27" lemma="|Son|" pos="NNP" wid="27">Son</w>
  <w id="28" lemma="|of|" pos="IN" wid="28">of</w>
  <w id="29" lemma="|God|" pos="NNP" wid="29">God</w>
  <w id="30" lemma="|,|" pos="," wid="30">,</w>
  <w id="31" lemma="|baptize|" pos="VBG" wid="31">baptizing</w>
  <w id="32" lemma="|in|" pos="IN" wid="32">in</w>
  <w id="33" lemma="|he|" pos="PRP$" wid="33">his</w>
  <w id="34" lemma="|name|" pos="NN" wid="34">name</w>
  <w id="35" lemma="|and|" pos="CC" wid="35">and</w>
  <w id="36" lemma="|drive|" pos="VBG" wid="36">driving</w>
  <w id="37" lemma="|out|" pos="RP" wid="37">out</w>
  <w id="38" lemma="|every|" pos="DT" wid="38">every</w>
  <w id="39" lemma="|illness|" pos="NN" wid="39">illness</w>
  <w id="40" lemma="|of|" pos="IN" wid="40">of</w>
  <w id="41" lemma="|body|" pos="NN" wid="41">body</w>
  <w id="42" lemma="|and|" pos="CC" wid="42">and</w>
  <w id="43" lemma="|spirit|" pos="NN" wid="43">spirit</w>
  <w id="44" lemma="|.|" pos="." wid="44">.</w>
</sentence>
<sentence id="8">
  <w id="0" lemma="|``|" pos="``" wid="0">``</w>
  <w id="1" lemma="|there|" pos="EX" wid="1">There</w>
  <w id="2" lemma="|be|" pos="VBD" wid="2">was</w>
  <w id="3" lemma="|much|" pos="JJ" wid="3">much</w>
  <w id="4" lemma="|joy|" pos="NN" wid="4">joy</w>
  <w id="5" lemma="|in|" pos="IN" wid="5">in</w>
  <w id="6" lemma="|that|" pos="DT" wid="6">that</w>
  <w id="7" lemma="|city|" pos="NN" wid="7">city</w>
  <w id="8" lemma="|''|" pos="''" wid="8">''</w>
  <w id="9" lemma="|.|" pos="." wid="9">.</w>
</sentence>
<sentence id="9">
  <w id="0" lemma="|read|" pos="VBG" wid="0">Reading</w>
  <w id="1" lemma="|this|" pos="DT" wid="1">this</w>
  <w id="2" lemma="|passage|" pos="NN" wid="2">passage</w>
  <w id="3" lemma="|,|" pos="," wid="3">,</w>
  <w id="4" lemma="|one|" pos="CD" wid="4">one</w>
  <w id="5" lemma="|think|" pos="VBZ" wid="5">thinks</w>
  <w id="6" lemma="|spontaneously|" pos="RB" wid="6">spontaneously</w>
  <w id="7" lemma="|of|" pos="IN" wid="7">of</w>
  <w id="8" lemma="|the|" pos="DT" wid="8">the</w>
  <w id="9" lemma="|healing|" pos="NN" wid="9">healing</w>
  <w id="10" lemma="|power|" pos="NN" wid="10">power</w>
  <w id="11" lemma="|of|" pos="IN" wid="11">of</w>
  <w id="12" lemma="|the|" pos="DT" wid="12">the</w>
  <w id="13" lemma="|Gospel|" pos="NNP" wid="13">Gospel</w>
  <w id="14" lemma="|,|" pos="," wid="14">,</w>
  <w id="15" lemma="|which|" pos="WDT" wid="15">which</w>
  <w id="16" lemma="|throughout|" pos="IN" wid="16">throughout</w>
  <w id="17" lemma="|the|" pos="DT" wid="17">the</w>
  <w id="18" lemma="|century|" pos="NNS" wid="18">centuries</w>
  <w id="19" lemma="|have|" pos="VBZ" wid="19">has</w>
  <w id="20" lemma="|``|" pos="``" wid="20">``</w>
  <w id="21" lemma="|water|" pos="VBN" wid="21">watered</w>
  <w id="22" lemma="|''|" pos="''" wid="22">''</w>
  <w id="23" lemma="|so|" pos="RB" wid="23">so</w>
  <w id="24" lemma="|many|" pos="JJ" wid="24">many</w>
  <w id="25" lemma="|population|" pos="NNS" wid="25">populations</w>
  <w id="26" lemma="|,|" pos="," wid="26">,</w>
  <w id="27" lemma="|like|" pos="IN" wid="27">like</w>
  <w id="28" lemma="|a|" pos="DT" wid="28">a</w>
  <w id="29" lemma="|beneficent|" pos="JJ" wid="29">beneficent</w>
  <w id="30" lemma="|river|" pos="NN" wid="30">river</w>
  <w id="31" lemma="|.|" pos="." wid="31">.</w>
</sentence>
<sentence id="10">
  <w id="0" lemma="|several|" pos="JJ" wid="0">Several</w>
  <w id="1" lemma="|great|" pos="JJ" wid="1">great</w>
  <w id="2" lemma="|man|" pos="NNS" wid="2">men</w>
  <w id="3" lemma="|and|" pos="CC" wid="3">and</w>
  <w id="4" lemma="|woman|" pos="NNS" wid="4">women</w>
  <w id="5" lemma="|saint|" pos="NNS" wid="5">saints</w>
  <w id="6" lemma="|bring|" pos="VBD" wid="6">brought</w>
  <w id="7" lemma="|hope|" pos="NN" wid="7">hope</w>
  <w id="8" lemma="|and|" pos="CC" wid="8">and</w>
  <w id="9" lemma="|peace|" pos="NN" wid="9">peace</w>
  <w id="10" lemma="|to|" pos="TO" wid="10">to</w>
  <w id="11" lemma="|entire|" pos="JJ" wid="11">entire</w>
  <w id="12" lemma="|city|" pos="NNS" wid="12">cities</w>
  <w id="13" lemma="|--|" pos=":" wid="13">--</w>
  <w id="14" lemma="|we|" pos="PRP" wid="14">we</w>
  <w id="15" lemma="|think|" pos="VBP" wid="15">think</w>
  <w id="16" lemma="|of|" pos="IN" wid="16">of</w>
  <w id="17" lemma="|Charles|" pos="NNP" wid="17">Charles</w>
  <w id="18" lemma="|Borromeo|" pos="NNP" wid="18">Borromeo</w>
  <w id="19" lemma="|in|" pos="IN" wid="19">in</w>
  <w id="20" lemma="|Milan|" pos="NNP" wid="20">Milan</w>
  <w id="21" lemma="|at|" pos="IN" wid="21">at</w>
  <w id="22" lemma="|the|" pos="DT" wid="22">the</w>
  <w id="23" lemma="|time|" pos="NN" wid="23">time</w>
  <w id="24" lemma="|of|" pos="IN" wid="24">of</w>
  <w id="25" lemma="|the|" pos="DT" wid="25">the</w>
  <w id="26" lemma="|plague|" pos="VBP" wid="26">plague</w>
  <w id="27" lemma="|,|" pos="," wid="27">,</w>
  <w id="28" lemma="|of|" pos="IN" wid="28">of</w>
  <w id="29" lemma="|bl|" pos="NN" wid="29">Bl</w>
  <w id="30" lemma="|.|" pos="." wid="30">.</w>
</sentence>
<sentence id="11">
  <w id="0" lemma="|Mother|" pos="NNP" wid="0">Mother</w>
  <w id="1" lemma="|Teresa|" pos="NNP" wid="1">Teresa</w>
  <w id="2" lemma="|of|" pos="IN" wid="2">of</w>
  <w id="3" lemma="|Calcutta|" pos="NNP" wid="3">Calcutta</w>
  <w id="4" lemma="|,|" pos="," wid="4">,</w>
  <w id="5" lemma="|and|" pos="CC" wid="5">and</w>
  <w id="6" lemma="|of|" pos="IN" wid="6">of</w>
  <w id="7" lemma="|so|" pos="RB" wid="7">so</w>
  <w id="8" lemma="|many|" pos="JJ" wid="8">many</w>
  <w id="9" lemma="|missionary|" pos="NNS" wid="9">missionaries</w>
  <w id="10" lemma="|,|" pos="," wid="10">,</w>
  <w id="11" lemma="|whose|" pos="WP$" wid="11">whose</w>
  <w id="12" lemma="|name|" pos="NNS" wid="12">names</w>
  <w id="13" lemma="|be|" pos="VBP" wid="13">are</w>
  <w id="14" lemma="|know|" pos="VBN" wid="14">known</w>
  <w id="15" lemma="|by|" pos="IN" wid="15">by</w>
  <w id="16" lemma="|God|" pos="NNP" wid="16">God</w>
  <w id="17" lemma="|,|" pos="," wid="17">,</w>
  <w id="18" lemma="|who|" pos="WP" wid="18">who</w>
  <w id="19" lemma="|have|" pos="VBP" wid="19">have</w>
  <w id="20" lemma="|give|" pos="VBN" wid="20">given</w>
  <w id="21" lemma="|they|" pos="PRP$" wid="21">their</w>
  <w id="22" lemma="|life|" pos="NNS" wid="22">lives</w>
  <w id="23" lemma="|to|" pos="TO" wid="23">to</w>
  <w id="24" lemma="|bring|" pos="VB" wid="24">bring</w>
  <w id="25" lemma="|the|" pos="DT" wid="25">the</w>
  <w id="26" lemma="|proclamation|" pos="NN" wid="26">proclamation</w>
  <w id="27" lemma="|of|" pos="IN" wid="27">of</w>
  <w id="28" lemma="|Christ|" pos="NNP" wid="28">Christ</w>
  <w id="29" lemma="|and|" pos="CC" wid="29">and</w>
  <w id="30" lemma="|make|" pos="VB" wid="30">make</w>
  <w id="31" lemma="|profound|" pos="JJ" wid="31">profound</w>
  <w id="32" lemma="|joy|" pos="NN" wid="32">joy</w>
  <w id="33" lemma="|flower|" pos="NN" wid="33">flower</w>
  <w id="34" lemma="|among|" pos="IN" wid="34">among</w>
  <w id="35" lemma="|man|" pos="NNS" wid="35">men</w>
  <w id="36" lemma="|.|" pos="." wid="36">.</w>
</sentence>
<sentence id="12">
  <w id="0" lemma="|while|" pos="IN" wid="0">While</w>
  <w id="1" lemma="|the|" pos="DT" wid="1">the</w>
  <w id="2" lemma="|power|" pos="NNS" wid="2">powers</w>
  <w id="3" lemma="|of|" pos="IN" wid="3">of</w>
  <w id="4" lemma="|this|" pos="DT" wid="4">this</w>
  <w id="5" lemma="|world|" pos="NN" wid="5">world</w>
  <w id="6" lemma="|seek|" pos="VBD" wid="6">sought</w>
  <w id="7" lemma="|to|" pos="TO" wid="7">to</w>
  <w id="8" lemma="|conquer|" pos="VB" wid="8">conquer</w>
  <w id="9" lemma="|new|" pos="JJ" wid="9">new</w>
  <w id="10" lemma="|territory|" pos="NNS" wid="10">territories</w>
  <w id="11" lemma="|for|" pos="IN" wid="11">for</w>
  <w id="12" lemma="|political|" pos="JJ" wid="12">political</w>
  <w id="13" lemma="|and|" pos="CC" wid="13">and</w>
  <w id="14" lemma="|economic|" pos="JJ" wid="14">economic</w>
  <w id="15" lemma="|interest|" pos="NNS" wid="15">interests</w>
  <w id="16" lemma="|,|" pos="," wid="16">,</w>
  <w id="17" lemma="|Christ|" pos="NNP" wid="17">Christ</w>
  <w id="18" lemma="|'s|" pos="POS" wid="18">'s</w>
  <w id="19" lemma="|messenger|" pos="NNS" wid="19">messengers</w>
  <w id="20" lemma="|go|" pos="VBD" wid="20">went</w>
  <w id="21" lemma="|everywhere|" pos="RB" wid="21">everywhere</w>
  <w id="22" lemma="|with|" pos="IN" wid="22">with</w>
  <w id="23" lemma="|the|" pos="DT" wid="23">the</w>
  <w id="24" lemma="|aim|" pos="NN" wid="24">aim</w>
  <w id="25" lemma="|of|" pos="IN" wid="25">of</w>
  <w id="26" lemma="|bring|" pos="VBG" wid="26">bringing</w>
  <w id="27" lemma="|Christ|" pos="NNP" wid="27">Christ</w>
  <w id="28" lemma="|to|" pos="TO" wid="28">to</w>
  <w id="29" lemma="|man|" pos="NNS" wid="29">men</w>
  <w id="30" lemma="|and|" pos="CC" wid="30">and</w>
  <w id="31" lemma="|man|" pos="NNS" wid="31">men</w>
  <w id="32" lemma="|to|" pos="TO" wid="32">to</w>
  <w id="33" lemma="|Christ|" pos="NNP" wid="33">Christ</w>
  <w id="34" lemma="|,|" pos="," wid="34">,</w>
  <w id="35" lemma="|know|" pos="VBG" wid="35">knowing</w>
  <w id="36" lemma="|that|" pos="IN" wid="36">that</w>
  <w id="37" lemma="|he|" pos="PRP" wid="37">he</w>
  <w id="38" lemma="|alone|" pos="RB" wid="38">alone</w>
  <w id="39" lemma="|can|" pos="MD" wid="39">can</w>
  <w id="40" lemma="|give|" pos="VB" wid="40">give</w>
  <w id="41" lemma="|true|" pos="JJ" wid="41">true</w>
  <w id="42" lemma="|freedom|" pos="NN" wid="42">freedom</w>
  <w id="43" lemma="|and|" pos="CC" wid="43">and</w>
  <w id="44" lemma="|eternal|" pos="JJ" wid="44">eternal</w>
  <w id="45" lemma="|life|" pos="NN" wid="45">life</w>
  <w id="46" lemma="|.|" pos="." wid="46">.</w>
</sentence>
<sentence id="13">
  <w id="0" lemma="|today|" pos="NN" wid="0">Today</w>
  <w id="1" lemma="|too|" pos="RB" wid="1">too</w>
  <w id="2" lemma="|the|" pos="DT" wid="2">the</w>
  <w id="3" lemma="|Church|" pos="NNP" wid="3">Church</w>
  <w id="4" lemma="|'s|" pos="POS" wid="4">'s</w>
  <w id="5" lemma="|vocation|" pos="NN" wid="5">vocation</w>
  <w id="6" lemma="|be|" pos="VBZ" wid="6">is</w>
  <w id="7" lemma="|evangelization|" pos="NN" wid="7">evangelization</w>
  <w id="8" lemma="|:|" pos=":" wid="8">:</w>
  <w id="9" lemma="|whether|" pos="IN" wid="9">whether</w>
  <w id="10" lemma="|it|" pos="PRP" wid="10">it</w>
  <w id="11" lemma="|be|" pos="VB" wid="11">be</w>
  <w id="12" lemma="|to|" pos="TO" wid="12">to</w>
  <w id="13" lemma="|population|" pos="NNS" wid="13">populations</w>
  <w id="14" lemma="|which|" pos="WDT" wid="14">which</w>
  <w id="15" lemma="|have|" pos="VBP" wid="15">have</w>
  <w id="16" lemma="|not|" pos="RB" wid="16">not</w>
  <w id="17" lemma="|yet|" pos="RB" wid="17">yet</w>
  <w id="18" lemma="|be|" pos="VBN" wid="18">been</w>
  <w id="19" lemma="|``|" pos="``" wid="19">``</w>
  <w id="20" lemma="|irrigate|" pos="VBN" wid="20">irrigated</w>
  <w id="21" lemma="|''|" pos="''" wid="21">''</w>
  <w id="22" lemma="|by|" pos="IN" wid="22">by</w>
  <w id="23" lemma="|the|" pos="DT" wid="23">the</w>
  <w id="24" lemma="|live|" pos="VBG" wid="24">living</w>
  <w id="25" lemma="|water|" pos="NN" wid="25">water</w>
  <w id="26" lemma="|of|" pos="IN" wid="26">of</w>
  <w id="27" lemma="|the|" pos="DT" wid="27">the</w>
  <w id="28" lemma="|Gospel|" pos="NNP" wid="28">Gospel</w>
  <w id="29" lemma="|,|" pos="," wid="29">,</w>
  <w id="30" lemma="|or|" pos="CC" wid="30">or</w>
  <w id="31" lemma="|to|" pos="TO" wid="31">to</w>
  <w id="32" lemma="|those|" pos="DT" wid="32">those</w>
  <w id="33" lemma="|that|" pos="IN" wid="33">that</w>
  <w id="34" lemma="|,|" pos="," wid="34">,</w>
  <w id="35" lemma="|though|" pos="IN" wid="35">though</w>
  <w id="36" lemma="|have|" pos="VBG" wid="36">having</w>
  <w id="37" lemma="|ancient|" pos="JJ" wid="37">ancient</w>
  <w id="38" lemma="|Christian|" pos="NNP" wid="38">Christian</w>
  <w id="39" lemma="|root|" pos="NNS" wid="39">roots</w>
  <w id="40" lemma="|,|" pos="," wid="40">,</w>
  <w id="41" lemma="|be|" pos="VBP" wid="41">are</w>
  <w id="42" lemma="|in|" pos="IN" wid="42">in</w>
  <w id="43" lemma="|need|" pos="NN" wid="43">need</w>
  <w id="44" lemma="|of|" pos="IN" wid="44">of</w>
  <w id="45" lemma="|new|" pos="JJ" wid="45">new</w>
  <w id="46" lemma="|nourishment|" pos="NN" wid="46">nourishment</w>
  <w id="47" lemma="|to|" pos="TO" wid="47">to</w>
  <w id="48" lemma="|bear|" pos="VB" wid="48">bear</w>
  <w id="49" lemma="|new|" pos="JJ" wid="49">new</w>
  <w id="50" lemma="|fruit|" pos="NN" wid="50">fruit</w>
  <w id="51" lemma="|and|" pos="CC" wid="51">and</w>
  <w id="52" lemma="|rediscover|" pos="VB" wid="52">rediscover</w>
  <w id="53" lemma="|the|" pos="DT" wid="53">the</w>
  <w id="54" lemma="|beauty|" pos="NN" wid="54">beauty</w>
  <w id="55" lemma="|and|" pos="CC" wid="55">and</w>
  <w id="56" lemma="|joy|" pos="NN" wid="56">joy</w>
  <w id="57" lemma="|of|" pos="IN" wid="57">of</w>
  <w id="58" lemma="|the|" pos="DT" wid="58">the</w>
  <w id="59" lemma="|faith|" pos="NN" wid="59">faith</w>
  <w id="60" lemma="|.|" pos="." wid="60">.</w>
</sentence>
<sentence id="14">
  <w id="0" lemma="|Dear|" pos="NNP" wid="0">Dear</w>
  <w id="1" lemma="|friend|" pos="NNS" wid="1">friends</w>
  <w id="2" lemma="|,|" pos="," wid="2">,</w>
  <w id="3" lemma="|bl|" pos="NN" wid="3">Bl</w>
  <w id="4" lemma="|.|" pos="." wid="4">.</w>
</sentence>
<sentence id="15">
  <w id="0" lemma="|John|" pos="NNP" wid="0">John</w>
  <w id="1" lemma="|Paul|" pos="NNP" wid="1">Paul</w>
  <w id="2" lemma="|II|" pos="NNP" wid="2">II</w>
  <w id="3" lemma="|be|" pos="VBD" wid="3">was</w>
  <w id="4" lemma="|a|" pos="DT" wid="4">a</w>
  <w id="5" lemma="|great|" pos="JJ" wid="5">great</w>
  <w id="6" lemma="|missionary|" pos="JJ" wid="6">missionary</w>
  <w id="7" lemma="|,|" pos="," wid="7">,</w>
  <w id="8" lemma="|as|" pos="IN" wid="8">as</w>
  <w id="9" lemma="|a|" pos="DT" wid="9">an</w>
  <w id="10" lemma="|exhibition|" pos="NN" wid="10">exhibition</w>
  <w id="11" lemma="|open|" pos="JJ" wid="11">open</w>
  <w id="12" lemma="|now|" pos="RB" wid="12">now</w>
  <w id="13" lemma="|in|" pos="IN" wid="13">in</w>
  <w id="14" lemma="|Rome|" pos="NNP" wid="14">Rome</w>
  <w id="15" lemma="|also|" pos="RB" wid="15">also</w>
  <w id="16" lemma="|document|" pos="NNS" wid="16">documents</w>
  <w id="17" lemma="|.|" pos="." wid="17">.</w>
</sentence>
<sentence id="16">
  <w id="0" lemma="|he|" pos="PRP" wid="0">He</w>
  <w id="1" lemma="|re-launch|" pos="VBD" wid="1">re-launched</w>
  <w id="2" lemma="|the|" pos="DT" wid="2">the</w>
  <w id="3" lemma="|mission|" pos="NN" wid="3">mission</w>
  <w id="4" lemma="|ad|" pos="NN" wid="4">ad</w>
  <w id="5" lemma="|gente|" pos="NNS" wid="5">gentes</w>
  <w id="6" lemma="|and|" pos="CC" wid="6">and</w>
  <w id="7" lemma="|,|" pos="," wid="7">,</w>
  <w id="8" lemma="|at|" pos="IN" wid="8">at</w>
  <w id="9" lemma="|the|" pos="DT" wid="9">the</w>
  <w id="10" lemma="|same|" pos="JJ" wid="10">same</w>
  <w id="11" lemma="|time|" pos="NN" wid="11">time</w>
  <w id="12" lemma="|,|" pos="," wid="12">,</w>
  <w id="13" lemma="|promote|" pos="VBD" wid="13">promoted</w>
  <w id="14" lemma="|the|" pos="DT" wid="14">the</w>
  <w id="15" lemma="|new|" pos="JJ" wid="15">new</w>
  <w id="16" lemma="|evangelization|" pos="NN" wid="16">evangelization</w>
  <w id="17" lemma="|.|" pos="." wid="17">.</w>
</sentence>
<sentence id="17">
  <w id="0" lemma="|let|" pos="VB" wid="0">Let</w>
  <w id="1" lemma="|we|" pos="PRP" wid="1">us</w>
  <w id="2" lemma="|entrust|" pos="VB" wid="2">entrust</w>
  <w id="3" lemma="|both|" pos="DT" wid="3">both</w>
  <w id="4" lemma="|to|" pos="TO" wid="4">to</w>
  <w id="5" lemma="|the|" pos="DT" wid="5">the</w>
  <w id="6" lemma="|intercession|" pos="NN" wid="6">intercession</w>
  <w id="7" lemma="|of|" pos="IN" wid="7">of</w>
  <w id="8" lemma="|Mary|" pos="NNP" wid="8">Mary</w>
  <w id="9" lemma="|Most|" pos="NNP" wid="9">Most</w>
  <w id="10" lemma="|Holy|" pos="NNP" wid="10">Holy</w>
  <w id="11" lemma="|.|" pos="." wid="11">.</w>
</sentence>
<sentence id="18">
  <w id="0" lemma="|May|" pos="NNP" wid="0">May</w>
  <w id="1" lemma="|Christ|" pos="NNP" wid="1">Christ</w>
  <w id="2" lemma="|'s|" pos="POS" wid="2">'s</w>
  <w id="3" lemma="|Mother|" pos="NNP" wid="3">Mother</w>
  <w id="4" lemma="|accompany|" pos="VB" wid="4">accompany</w>
  <w id="5" lemma="|the|" pos="DT" wid="5">the</w>
  <w id="6" lemma="|proclamation|" pos="NN" wid="6">proclamation</w>
  <w id="7" lemma="|of|" pos="IN" wid="7">of</w>
  <w id="8" lemma="|the|" pos="DT" wid="8">the</w>
  <w id="9" lemma="|Gospel|" pos="NNP" wid="9">Gospel</w>
  <w id="10" lemma="|always|" pos="RB" wid="10">always</w>
  <w id="11" lemma="|and|" pos="CC" wid="11">and</w>
  <w id="12" lemma="|everywhere|" pos="RB" wid="12">everywhere</w>
  <w id="13" lemma="|,|" pos="," wid="13">,</w>
  <w id="14" lemma="|so|" pos="IN" wid="14">so</w>
  <w id="15" lemma="|that|" pos="IN" wid="15">that</w>
  <w id="16" lemma="|the|" pos="DT" wid="16">the</w>
  <w id="17" lemma="|place|" pos="NNS" wid="17">places</w>
  <w id="18" lemma="|where|" pos="WRB" wid="18">where</w>
  <w id="19" lemma="|man|" pos="NNS" wid="19">men</w>
  <w id="20" lemma="|rediscover|" pos="VBP" wid="20">rediscover</w>
  <w id="21" lemma="|the|" pos="DT" wid="21">the</w>
  <w id="22" lemma="|joy|" pos="NN" wid="22">joy</w>
  <w id="23" lemma="|of|" pos="IN" wid="23">of</w>
  <w id="24" lemma="|living|" pos="NN" wid="24">living</w>
  <w id="25" lemma="|as|" pos="IN" wid="25">as</w>
  <w id="26" lemma="|child|" pos="NNS" wid="26">children</w>
  <w id="27" lemma="|of|" pos="IN" wid="27">of</w>
  <w id="28" lemma="|God|" pos="NNP" wid="28">God</w>
  <w id="29" lemma="|will|" pos="MD" wid="29">will</w>
  <w id="30" lemma="|multiply|" pos="VB" wid="30">multiply</w>
  <w id="31" lemma="|and|" pos="CC" wid="31">and</w>
  <w id="32" lemma="|spread|" pos="VB" wid="32">spread</w>
  <w id="33" lemma="|in|" pos="IN" wid="33">in</w>
  <w id="34" lemma="|the|" pos="DT" wid="34">the</w>
  <w id="35" lemma="|world|" pos="NN" wid="35">world</w>
  <w id="36" lemma="|.|" pos="." wid="36">.</w>
</sentence>
<sentence id="19">
  <w id="0" lemma="|after|" pos="IN" wid="0">After</w>
  <w id="1" lemma="|the|" pos="DT" wid="1">the</w>
  <w id="2" lemma="|Regina|" pos="NNP" wid="2">Regina</w>
  <w id="3" lemma="|Caeli|" pos="NNP" wid="3">Caeli</w>
  <w id="4" lemma="|:|" pos=":" wid="4">:</w>
  <w id="5" lemma="|I|" pos="PRP" wid="5">I</w>
  <w id="6" lemma="|address|" pos="VBP" wid="6">address</w>
  <w id="7" lemma="|my|" pos="PRP$" wid="7">my</w>
  <w id="8" lemma="|greet|" pos="VBG" wid="8">greeting</w>
  <w id="9" lemma="|to|" pos="TO" wid="9">to</w>
  <w id="10" lemma="|all|" pos="PDT" wid="10">all</w>
  <w id="11" lemma="|the|" pos="DT" wid="11">the</w>
  <w id="12" lemma="|Poles|" pos="NNPS" wid="12">Poles</w>
  <w id="13" lemma="|.|" pos="." wid="13">.</w>
</sentence>
<sentence id="20">
  <w id="0" lemma="|yesterday|" pos="NN" wid="0">Yesterday</w>
  <w id="1" lemma="|be|" pos="VBD" wid="1">was</w>
  <w id="2" lemma="|the|" pos="DT" wid="2">the</w>
  <w id="3" lemma="|30th|" pos="JJ" wid="3">30th</w>
  <w id="4" lemma="|anniversary|" pos="NN" wid="4">anniversary</w>
  <w id="5" lemma="|of|" pos="IN" wid="5">of</w>
  <w id="6" lemma="|the|" pos="DT" wid="6">the</w>
  <w id="7" lemma="|death|" pos="NN" wid="7">death</w>
  <w id="8" lemma="|of|" pos="IN" wid="8">of</w>
  <w id="9" lemma="|Cardinal|" pos="NNP" wid="9">Cardinal</w>
  <w id="10" lemma="|Stefan|" pos="NNP" wid="10">Stefan</w>
  <w id="11" lemma="|Wyszynski|" pos="NNP" wid="11">Wyszynski</w>
  <w id="12" lemma="|,|" pos="," wid="12">,</w>
  <w id="13" lemma="|Primate|" pos="NNP" wid="13">Primate</w>
  <w id="14" lemma="|of|" pos="IN" wid="14">of</w>
  <w id="15" lemma="|the|" pos="DT" wid="15">the</w>
  <w id="16" lemma="|Millennium|" pos="NNP" wid="16">Millennium</w>
  <w id="17" lemma="|.|" pos="." wid="17">.</w>
</sentence>
<sentence id="21">
  <w id="0" lemma="|invoke|" pos="VBG" wid="0">Invoking</w>
  <w id="1" lemma="|the|" pos="DT" wid="1">the</w>
  <w id="2" lemma="|gift|" pos="NN" wid="2">gift</w>
  <w id="3" lemma="|of|" pos="IN" wid="3">of</w>
  <w id="4" lemma="|he|" pos="PRP$" wid="4">his</w>
  <w id="5" lemma="|beatification|" pos="NN" wid="5">Beatification</w>
  <w id="6" lemma="|,|" pos="," wid="6">,</w>
  <w id="7" lemma="|let|" pos="VB" wid="7">let</w>
  <w id="8" lemma="|we|" pos="PRP" wid="8">us</w>
  <w id="9" lemma="|learn|" pos="VB" wid="9">learn</w>
  <w id="10" lemma="|from|" pos="IN" wid="10">from</w>
  <w id="11" lemma="|he|" pos="PRP" wid="11">him</w>
  <w id="12" lemma="|total|" pos="JJ" wid="12">total</w>
  <w id="13" lemma="|abandonment|" pos="NN" wid="13">abandonment</w>
  <w id="14" lemma="|to|" pos="TO" wid="14">to</w>
  <w id="15" lemma="|the|" pos="DT" wid="15">the</w>
  <w id="16" lemma="|Mother|" pos="NNP" wid="16">Mother</w>
  <w id="17" lemma="|of|" pos="IN" wid="17">of</w>
  <w id="18" lemma="|God|" pos="NNP" wid="18">God</w>
  <w id="19" lemma="|.|" pos="." wid="19">.</w>
</sentence>
<sentence id="22">
  <w id="0" lemma="|May|" pos="NNP" wid="0">May</w>
  <w id="1" lemma="|he|" pos="PRP$" wid="1">his</w>
  <w id="2" lemma="|trust|" pos="NN" wid="2">trust</w>
  <w id="3" lemma="|,|" pos="," wid="3">,</w>
  <w id="4" lemma="|express|" pos="VBN" wid="4">expressed</w>
  <w id="5" lemma="|in|" pos="IN" wid="5">in</w>
  <w id="6" lemma="|the|" pos="DT" wid="6">the</w>
  <w id="7" lemma="|word|" pos="NNS" wid="7">words</w>
  <w id="8" lemma="|,|" pos="," wid="8">,</w>
  <w id="9" lemma="|``|" pos="``" wid="9">``</w>
  <w id="10" lemma="|I|" pos="PRP" wid="10">I</w>
  <w id="11" lemma="|have|" pos="VBP" wid="11">have</w>
  <w id="12" lemma="|put|" pos="VBN" wid="12">put</w>
  <w id="13" lemma="|everything|" pos="NN" wid="13">everything</w>
  <w id="14" lemma="|in|" pos="IN" wid="14">in</w>
  <w id="15" lemma="|Mary|" pos="NNP" wid="15">Mary</w>
  <w id="16" lemma="|''|" pos="''" wid="16">''</w>
  <w id="17" lemma="|,|" pos="," wid="17">,</w>
  <w id="18" lemma="|be|" pos="VB" wid="18">be</w>
  <w id="19" lemma="|a|" pos="DT" wid="19">a</w>
  <w id="20" lemma="|particular|" pos="JJ" wid="20">particular</w>
  <w id="21" lemma="|example|" pos="NN" wid="21">example</w>
  <w id="22" lemma="|for|" pos="IN" wid="22">for</w>
  <w id="23" lemma="|we|" pos="PRP" wid="23">us</w>
  <w id="24" lemma="|.|" pos="." wid="24">.</w>
</sentence>
<sentence id="23">
  <w id="0" lemma="|we|" pos="PRP" wid="0">We</w>
  <w id="1" lemma="|recall|" pos="VBP" wid="1">recall</w>
  <w id="2" lemma="|this|" pos="DT" wid="2">this</w>
  <w id="3" lemma="|at|" pos="IN" wid="3">at</w>
  <w id="4" lemma="|the|" pos="DT" wid="4">the</w>
  <w id="5" lemma="|end|" pos="NN" wid="5">end</w>
  <w id="6" lemma="|of|" pos="IN" wid="6">of</w>
  <w id="7" lemma="|the|" pos="DT" wid="7">the</w>
  <w id="8" lemma="|month|" pos="NN" wid="8">month</w>
  <w id="9" lemma="|of|" pos="IN" wid="9">of</w>
  <w id="10" lemma="|May|" pos="NNP" wid="10">May</w>
  <w id="11" lemma="|which|" pos="WDT" wid="11">which</w>
  <w id="12" lemma="|be|" pos="VBZ" wid="12">is</w>
  <w id="13" lemma="|dedicate|" pos="VBN" wid="13">dedicated</w>
  <w id="14" lemma="|in|" pos="IN" wid="14">in</w>
  <w id="15" lemma="|a|" pos="DT" wid="15">a</w>
  <w id="16" lemma="|particular|" pos="JJ" wid="16">particular</w>
  <w id="17" lemma="|way|" pos="NN" wid="17">way</w>
  <w id="18" lemma="|to|" pos="TO" wid="18">to</w>
  <w id="19" lemma="|Our|" pos="NNP" wid="19">Our</w>
  <w id="20" lemma="|Lady|" pos="NNP" wid="20">Lady</w>
  <w id="21" lemma="|.|" pos="." wid="21">.</w>
</sentence>
<sentence id="24">
  <w id="0" lemma="|I|" pos="PRP" wid="0">I</w>
  <w id="1" lemma="|bless|" pos="VBP" wid="1">bless</w>
  <w id="2" lemma="|you|" pos="PRP" wid="2">you</w>
  <w id="3" lemma="|from|" pos="IN" wid="3">from</w>
  <w id="4" lemma="|my|" pos="PRP$" wid="4">my</w>
  <w id="5" lemma="|heart|" pos="NN" wid="5">heart</w>
  <w id="6" lemma="|.|" pos="." wid="6">.</w>
</sentence>
<sentence id="25">
  <w id="0" lemma="|I|" pos="PRP" wid="0">I</w>
  <w id="1" lemma="|greet|" pos="VBP" wid="1">greet</w>
  <w id="2" lemma="|the|" pos="DT" wid="2">the</w>
  <w id="3" lemma="|english-speaking|" pos="JJ" wid="3">English-speaking</w>
  <w id="4" lemma="|visitor|" pos="NNS" wid="4">visitors</w>
  <w id="5" lemma="|and|" pos="CC" wid="5">and</w>
  <w id="6" lemma="|pilgrim|" pos="NNS" wid="6">pilgrims</w>
  <w id="7" lemma="|at|" pos="IN" wid="7">at</w>
  <w id="8" lemma="|today|" pos="NN" wid="8">today</w>
  <w id="9" lemma="|'s|" pos="POS" wid="9">'s</w>
  <w id="10" lemma="|Regina|" pos="NNP" wid="10">Regina</w>
  <w id="11" lemma="|Caeli|" pos="NNP" wid="11">Caeli</w>
  <w id="12" lemma="|,|" pos="," wid="12">,</w>
  <w id="13" lemma="|especially|" pos="RB" wid="13">especially</w>
  <w id="14" lemma="|those|" pos="DT" wid="14">those</w>
  <w id="15" lemma="|from|" pos="IN" wid="15">from</w>
  <w id="16" lemma="|Sioux|" pos="NNP" wid="16">Sioux</w>
  <w id="17" lemma="|Falls|" pos="NNP" wid="17">Falls</w>
  <w id="18" lemma="|,|" pos="," wid="18">,</w>
  <w id="19" lemma="|South|" pos="NNP" wid="19">South</w>
  <w id="20" lemma="|Dakota|" pos="NNP" wid="20">Dakota</w>
  <w id="21" lemma="|.|" pos="." wid="21">.</w>
</sentence>
<sentence id="26">
  <w id="0" lemma="|in|" pos="IN" wid="0">In</w>
  <w id="1" lemma="|the|" pos="DT" wid="1">the</w>
  <w id="2" lemma="|Gospel|" pos="NNP" wid="2">Gospel</w>
  <w id="3" lemma="|today|" pos="NN" wid="3">today</w>
  <w id="4" lemma="|,|" pos="," wid="4">,</w>
  <w id="5" lemma="|we|" pos="PRP$" wid="5">our</w>
  <w id="6" lemma="|Lord|" pos="NNP" wid="6">Lord</w>
  <w id="7" lemma="|declare|" pos="VBZ" wid="7">declares</w>
  <w id="8" lemma="|:|" pos=":" wid="8">:</w>
  <w id="9" lemma="|``|" pos="``" wid="9">``</w>
  <w id="10" lemma="|I|" pos="PRP" wid="10">I</w>
  <w id="11" lemma="|will|" pos="MD" wid="11">will</w>
  <w id="12" lemma="|not|" pos="RB" wid="12">not</w>
  <w id="13" lemma="|leave|" pos="VB" wid="13">leave</w>
  <w id="14" lemma="|you|" pos="PRP" wid="14">you</w>
  <w id="15" lemma="|orphan|" pos="NNS" wid="15">orphans</w>
  <w id="16" lemma="|''|" pos="''" wid="16">''</w>
  <w id="17" lemma="|,|" pos="," wid="17">,</w>
  <w id="18" lemma="|promise|" pos="VBG" wid="18">promising</w>
  <w id="19" lemma="|that|" pos="IN" wid="19">that</w>
  <w id="20" lemma="|the|" pos="DT" wid="20">the</w>
  <w id="21" lemma="|gift|" pos="NN" wid="21">gift</w>
  <w id="22" lemma="|of|" pos="IN" wid="22">of</w>
  <w id="23" lemma="|the|" pos="DT" wid="23">the</w>
  <w id="24" lemma="|Holy|" pos="NNP" wid="24">Holy</w>
  <w id="25" lemma="|Spirit|" pos="NNP" wid="25">Spirit</w>
  <w id="26" lemma="|will|" pos="MD" wid="26">will</w>
  <w id="27" lemma="|make|" pos="VB" wid="27">make</w>
  <w id="28" lemma="|we|" pos="PRP" wid="28">us</w>
  <w id="29" lemma="|adopt|" pos="VBN" wid="29">adopted</w>
  <w id="30" lemma="|child|" pos="NNS" wid="30">children</w>
  <w id="31" lemma="|of|" pos="IN" wid="31">of</w>
  <w id="32" lemma="|God|" pos="NNP" wid="32">God</w>
  <w id="33" lemma="|.|" pos="." wid="33">.</w>
</sentence>
<sentence id="27">
  <w id="0" lemma="|let|" pos="VB" wid="0">Let</w>
  <w id="1" lemma="|we|" pos="PRP" wid="1">us</w>
  <w id="2" lemma="|pray|" pos="VB" wid="2">pray</w>
  <w id="3" lemma="|that|" pos="IN" wid="3">that</w>
  <w id="4" lemma="|we|" pos="PRP" wid="4">we</w>
  <w id="5" lemma="|may|" pos="MD" wid="5">may</w>
  <w id="6" lemma="|be|" pos="VB" wid="6">be</w>
  <w id="7" lemma="|faithful|" pos="JJ" wid="7">faithful</w>
  <w id="8" lemma="|to|" pos="TO" wid="8">to</w>
  <w id="9" lemma="|that|" pos="DT" wid="9">that</w>
  <w id="10" lemma="|gift|" pos="NN" wid="10">gift</w>
  <w id="11" lemma="|and|" pos="CC" wid="11">and</w>
  <w id="12" lemma="|live|" pos="VB" wid="12">live</w>
  <w id="13" lemma="|fully|" pos="RB" wid="13">fully</w>
  <w id="14" lemma="|the|" pos="DT" wid="14">the</w>
  <w id="15" lemma="|new|" pos="JJ" wid="15">new</w>
  <w id="16" lemma="|life|" pos="NN" wid="16">life</w>
  <w id="17" lemma="|that|" pos="IN" wid="17">that</w>
  <w id="18" lemma="|Christ|" pos="NNP" wid="18">Christ</w>
  <w id="19" lemma="|offer|" pos="VBZ" wid="19">offers</w>
  <w id="20" lemma="|we|" pos="PRP" wid="20">us</w>
  <w id="21" lemma="|.|" pos="." wid="21">.</w>
</sentence>
<sentence id="28">
  <w id="0" lemma="|May|" pos="NNP" wid="0">May</w>
  <w id="1" lemma="|God|" pos="NNP" wid="1">God</w>
  <w id="2" lemma="|bless|" pos="VB" wid="2">bless</w>
  <w id="3" lemma="|you|" pos="PRP" wid="3">you</w>
  <w id="4" lemma="|all|" pos="DT" wid="4">all</w>
  <w id="5" lemma="|!|" pos="." wid="5">!</w>
</sentence>
</corpus>