<corpus id="0">
<sentence id="0">
  <w id="0" lemma="|Dear|" pos="NNP" wid="0">Dear</w>
  <w id="1" lemma="|Brothers|" pos="NNPS" wid="1">Brothers</w>
  <w id="2" lemma="|and|" pos="CC" wid="2">and</w>
  <w id="3" lemma="|sister|" pos="NNS" wid="3">Sisters</w>
  <w id="4" lemma="|,|" pos="," wid="4">,</w>
  <w id="5" lemma="|in|" pos="IN" wid="5">In</w>
  <w id="6" lemma="|these|" pos="DT" wid="6">these</w>
  <w id="7" lemma="|last|" pos="JJ" wid="7">last</w>
  <w id="8" lemma="|day|" pos="NNS" wid="8">days</w>
  <w id="9" lemma="|of|" pos="IN" wid="9">of</w>
  <w id="10" lemma="|Advent|" pos="NNP" wid="10">Advent</w>
  <w id="11" lemma="|the|" pos="DT" wid="11">the</w>
  <w id="12" lemma="|liturgy|" pos="NN" wid="12">liturgy</w>
  <w id="13" lemma="|invite|" pos="VBZ" wid="13">invites</w>
  <w id="14" lemma="|we|" pos="PRP" wid="14">us</w>
  <w id="15" lemma="|to|" pos="TO" wid="15">to</w>
  <w id="16" lemma="|contemplate|" pos="VB" wid="16">contemplate</w>
  <w id="17" lemma="|in|" pos="IN" wid="17">in</w>
  <w id="18" lemma="|a|" pos="DT" wid="18">a</w>
  <w id="19" lemma="|special|" pos="JJ" wid="19">special</w>
  <w id="20" lemma="|way|" pos="NN" wid="20">way</w>
  <w id="21" lemma="|the|" pos="DT" wid="21">the</w>
  <w id="22" lemma="|Virgin|" pos="NNP" wid="22">Virgin</w>
  <w id="23" lemma="|Mary|" pos="NNP" wid="23">Mary</w>
  <w id="24" lemma="|and|" pos="CC" wid="24">and</w>
  <w id="25" lemma="|St|" pos="NNP" wid="25">St</w>
  <w id="26" lemma="|Joseph|" pos="NNP" wid="26">Joseph</w>
  <w id="27" lemma="|,|" pos="," wid="27">,</w>
  <w id="28" lemma="|who|" pos="WP" wid="28">who</w>
  <w id="29" lemma="|live|" pos="VBD" wid="29">lived</w>
  <w id="30" lemma="|with|" pos="IN" wid="30">with</w>
  <w id="31" lemma="|unique|" pos="JJ" wid="31">unique</w>
  <w id="32" lemma="|intensity|" pos="NN" wid="32">intensity</w>
  <w id="33" lemma="|the|" pos="DT" wid="33">the</w>
  <w id="34" lemma="|period|" pos="NN" wid="34">period</w>
  <w id="35" lemma="|of|" pos="IN" wid="35">of</w>
  <w id="36" lemma="|expectation|" pos="NN" wid="36">expectation</w>
  <w id="37" lemma="|and|" pos="CC" wid="37">and</w>
  <w id="38" lemma="|preparation|" pos="NN" wid="38">preparation</w>
  <w id="39" lemma="|for|" pos="IN" wid="39">for</w>
  <w id="40" lemma="|Jesus|" pos="NNP" wid="40">Jesus</w>
  <w id="41" lemma="|'|" pos="POS" wid="41">'</w>
  <w id="42" lemma="|birth|" pos="NN" wid="42">birth</w>
  <w id="43" lemma="|.|" pos="." wid="43">.</w>
</sentence>
<sentence id="1">
  <w id="0" lemma="|today|" pos="NN" wid="0">Today</w>
  <w id="1" lemma="|,|" pos="," wid="1">,</w>
  <w id="2" lemma="|I|" pos="PRP" wid="2">I</w>
  <w id="3" lemma="|would|" pos="MD" wid="3">would</w>
  <w id="4" lemma="|like|" pos="VB" wid="4">like</w>
  <w id="5" lemma="|to|" pos="TO" wid="5">to</w>
  <w id="6" lemma="|turn|" pos="VB" wid="6">turn</w>
  <w id="7" lemma="|my|" pos="PRP$" wid="7">my</w>
  <w id="8" lemma="|gaze|" pos="VB" wid="8">gaze</w>
  <w id="9" lemma="|to|" pos="TO" wid="9">to</w>
  <w id="10" lemma="|the|" pos="DT" wid="10">the</w>
  <w id="11" lemma="|figure|" pos="NN" wid="11">figure</w>
  <w id="12" lemma="|of|" pos="IN" wid="12">of</w>
  <w id="13" lemma="|St|" pos="NNP" wid="13">St</w>
  <w id="14" lemma="|Joseph|" pos="NNP" wid="14">Joseph</w>
  <w id="15" lemma="|.|" pos="." wid="15">.</w>
</sentence>
<sentence id="2">
  <w id="0" lemma="|in|" pos="IN" wid="0">In</w>
  <w id="1" lemma="|today|" pos="NN" wid="1">today</w>
  <w id="2" lemma="|'s|" pos="POS" wid="2">'s</w>
  <w id="3" lemma="|Gospel|" pos="NNP" wid="3">Gospel</w>
  <w id="4" lemma="|St|" pos="NNP" wid="4">St</w>
  <w id="5" lemma="|Luke|" pos="NNP" wid="5">Luke</w>
  <w id="6" lemma="|present|" pos="VBZ" wid="6">presents</w>
  <w id="7" lemma="|the|" pos="DT" wid="7">the</w>
  <w id="8" lemma="|Virgin|" pos="NNP" wid="8">Virgin</w>
  <w id="9" lemma="|Mary|" pos="NNP" wid="9">Mary</w>
  <w id="10" lemma="|as|" pos="IN" wid="10">as</w>
  <w id="11" lemma="|``|" pos="``" wid="11">``</w>
  <w id="12" lemma="|a|" pos="DT" wid="12">a</w>
  <w id="13" lemma="|virgin|" pos="JJ" wid="13">virgin</w>
  <w id="14" lemma="|betrothed|" pos="NN" wid="14">betrothed</w>
  <w id="15" lemma="|to|" pos="TO" wid="15">to</w>
  <w id="16" lemma="|a|" pos="DT" wid="16">a</w>
  <w id="17" lemma="|man|" pos="NN" wid="17">man</w>
  <w id="18" lemma="|name|" pos="VBN" wid="18">named</w>
  <w id="19" lemma="|Joseph|" pos="NNP" wid="19">Joseph</w>
  <w id="20" lemma="|,|" pos="," wid="20">,</w>
  <w id="21" lemma="|of|" pos="IN" wid="21">of</w>
  <w id="22" lemma="|the|" pos="DT" wid="22">the</w>
  <w id="23" lemma="|house|" pos="NN" wid="23">house</w>
  <w id="24" lemma="|of|" pos="IN" wid="24">of</w>
  <w id="25" lemma="|David|" pos="NNP" wid="25">David</w>
  <w id="26" lemma="|''|" pos="''" wid="26">''</w>
  <w id="27" lemma="|-lrb-|" pos="-LRB-" wid="27">-LRB-</w>
  <w id="28" lemma="|cf|" pos="NN" wid="28">cf</w>
  <w id="29" lemma="|.|" pos="." wid="29">.</w>
</sentence>
<sentence id="3">
  <w id="0" lemma="|lk|" pos="NN" wid="0">Lk</w>
  <w id="1" lemma="|1|" pos="CD" wid="1">1</w>
  <w id="2" lemma="|:|" pos=":" wid="2">:</w>
  <w id="3" lemma="|27|" pos="CD" wid="3">27</w>
  <w id="4" lemma="|-rrb-|" pos="-RRB-" wid="4">-RRB-</w>
  <w id="5" lemma="|.|" pos="." wid="5">.</w>
</sentence>
<sentence id="4">
  <w id="0" lemma="|the|" pos="DT" wid="0">The</w>
  <w id="1" lemma="|Evangelist|" pos="NNP" wid="1">Evangelist</w>
  <w id="2" lemma="|Matthew|" pos="NNP" wid="2">Matthew</w>
  <w id="3" lemma="|,|" pos="," wid="3">,</w>
  <w id="4" lemma="|however|" pos="RB" wid="4">however</w>
  <w id="5" lemma="|,|" pos="," wid="5">,</w>
  <w id="6" lemma="|place|" pos="VBZ" wid="6">places</w>
  <w id="7" lemma="|a|" pos="DT" wid="7">a</w>
  <w id="8" lemma="|greater|" pos="JJR" wid="8">greater</w>
  <w id="9" lemma="|emphasis|" pos="NN" wid="9">emphasis</w>
  <w id="10" lemma="|on|" pos="IN" wid="10">on</w>
  <w id="11" lemma="|the|" pos="DT" wid="11">the</w>
  <w id="12" lemma="|putative|" pos="JJ" wid="12">putative</w>
  <w id="13" lemma="|father|" pos="NN" wid="13">father</w>
  <w id="14" lemma="|of|" pos="IN" wid="14">of</w>
  <w id="15" lemma="|Jesus|" pos="NNP" wid="15">Jesus</w>
  <w id="16" lemma="|,|" pos="," wid="16">,</w>
  <w id="17" lemma="|stress|" pos="VBG" wid="17">stressing</w>
  <w id="18" lemma="|that|" pos="IN" wid="18">that</w>
  <w id="19" lemma="|through|" pos="IN" wid="19">through</w>
  <w id="20" lemma="|he|" pos="PRP" wid="20">him</w>
  <w id="21" lemma="|the|" pos="DT" wid="21">the</w>
  <w id="22" lemma="|Child|" pos="NNP" wid="22">Child</w>
  <w id="23" lemma="|belong|" pos="VBD" wid="23">belonged</w>
  <w id="24" lemma="|legally|" pos="RB" wid="24">legally</w>
  <w id="25" lemma="|to|" pos="TO" wid="25">to</w>
  <w id="26" lemma="|the|" pos="DT" wid="26">the</w>
  <w id="27" lemma="|lineage|" pos="NN" wid="27">lineage</w>
  <w id="28" lemma="|of|" pos="IN" wid="28">of</w>
  <w id="29" lemma="|David|" pos="NNP" wid="29">David</w>
  <w id="30" lemma="|and|" pos="CC" wid="30">and</w>
  <w id="31" lemma="|thus|" pos="RB" wid="31">thus</w>
  <w id="32" lemma="|fulfil|" pos="VBD" wid="32">fulfilled</w>
  <w id="33" lemma="|the|" pos="DT" wid="33">the</w>
  <w id="34" lemma="|scriptural|" pos="JJ" wid="34">Scriptural</w>
  <w id="35" lemma="|prophecy|" pos="NN" wid="35">prophecy</w>
  <w id="36" lemma="|that|" pos="IN" wid="36">that</w>
  <w id="37" lemma="|the|" pos="DT" wid="37">the</w>
  <w id="38" lemma="|Messiah|" pos="NNP" wid="38">Messiah</w>
  <w id="39" lemma="|would|" pos="MD" wid="39">would</w>
  <w id="40" lemma="|be|" pos="VB" wid="40">be</w>
  <w id="41" lemma="|a|" pos="DT" wid="41">a</w>
  <w id="42" lemma="|``|" pos="``" wid="42">``</w>
  <w id="43" lemma="|son|" pos="NN" wid="43">son</w>
  <w id="44" lemma="|of|" pos="IN" wid="44">of</w>
  <w id="45" lemma="|David|" pos="NNP" wid="45">David</w>
  <w id="46" lemma="|''|" pos="''" wid="46">''</w>
  <w id="47" lemma="|.|" pos="." wid="47">.</w>
</sentence>
<sentence id="5">
  <w id="0" lemma="|but|" pos="CC" wid="0">But</w>
  <w id="1" lemma="|Joseph|" pos="NNP" wid="1">Joseph</w>
  <w id="2" lemma="|'s|" pos="POS" wid="2">'s</w>
  <w id="3" lemma="|role|" pos="NN" wid="3">role</w>
  <w id="4" lemma="|can|" pos="MD" wid="4">can</w>
  <w id="5" lemma="|not|" pos="RB" wid="5">not</w>
  <w id="6" lemma="|be|" pos="VB" wid="6">be</w>
  <w id="7" lemma="|reduce|" pos="VBN" wid="7">reduced</w>
  <w id="8" lemma="|to|" pos="TO" wid="8">to</w>
  <w id="9" lemma="|this|" pos="DT" wid="9">this</w>
  <w id="10" lemma="|legal|" pos="JJ" wid="10">legal</w>
  <w id="11" lemma="|aspect|" pos="NN" wid="11">aspect</w>
  <w id="12" lemma="|.|" pos="." wid="12">.</w>
</sentence>
<sentence id="6">
  <w id="0" lemma="|he|" pos="PRP" wid="0">He</w>
  <w id="1" lemma="|be|" pos="VBD" wid="1">was</w>
  <w id="2" lemma="|the|" pos="DT" wid="2">the</w>
  <w id="3" lemma="|model|" pos="NN" wid="3">model</w>
  <w id="4" lemma="|of|" pos="IN" wid="4">of</w>
  <w id="5" lemma="|a|" pos="DT" wid="5">a</w>
  <w id="6" lemma="|``|" pos="``" wid="6">``</w>
  <w id="7" lemma="|just|" pos="RB" wid="7">just</w>
  <w id="8" lemma="|''|" pos="''" wid="8">''</w>
  <w id="9" lemma="|man|" pos="NN" wid="9">man</w>
  <w id="10" lemma="|-lrb-|" pos="-LRB-" wid="10">-LRB-</w>
  <w id="11" lemma="|mt|" pos="NN" wid="11">Mt</w>
  <w id="12" lemma="|1|" pos="CD" wid="12">1</w>
  <w id="13" lemma="|:|" pos=":" wid="13">:</w>
  <w id="14" lemma="|19|" pos="CD" wid="14">19</w>
  <w id="15" lemma="|-rrb-|" pos="-RRB-" wid="15">-RRB-</w>
  <w id="16" lemma="|who|" pos="WP" wid="16">who</w>
  <w id="17" lemma="|,|" pos="," wid="17">,</w>
  <w id="18" lemma="|in|" pos="IN" wid="18">in</w>
  <w id="19" lemma="|perfect|" pos="JJ" wid="19">perfect</w>
  <w id="20" lemma="|harmony|" pos="NN" wid="20">harmony</w>
  <w id="21" lemma="|with|" pos="IN" wid="21">with</w>
  <w id="22" lemma="|he|" pos="PRP$" wid="22">his</w>
  <w id="23" lemma="|wife|" pos="NN" wid="23">wife</w>
  <w id="24" lemma="|,|" pos="," wid="24">,</w>
  <w id="25" lemma="|welcome|" pos="VBD" wid="25">welcomed</w>
  <w id="26" lemma="|the|" pos="DT" wid="26">the</w>
  <w id="27" lemma="|Son|" pos="NNP" wid="27">Son</w>
  <w id="28" lemma="|of|" pos="IN" wid="28">of</w>
  <w id="29" lemma="|God|" pos="NNP" wid="29">God</w>
  <w id="30" lemma="|make|" pos="VBD" wid="30">made</w>
  <w id="31" lemma="|man|" pos="NN" wid="31">man</w>
  <w id="32" lemma="|and|" pos="CC" wid="32">and</w>
  <w id="33" lemma="|watch|" pos="VBD" wid="33">watched</w>
  <w id="34" lemma="|over|" pos="IN" wid="34">over</w>
  <w id="35" lemma="|he|" pos="PRP$" wid="35">his</w>
  <w id="36" lemma="|human|" pos="JJ" wid="36">human</w>
  <w id="37" lemma="|growth|" pos="NN" wid="37">growth</w>
  <w id="38" lemma="|.|" pos="." wid="38">.</w>
</sentence>
<sentence id="7">
  <w id="0" lemma="|it|" pos="PRP" wid="0">It</w>
  <w id="1" lemma="|be|" pos="VBZ" wid="1">is</w>
  <w id="2" lemma="|therefore|" pos="RB" wid="2">therefore</w>
  <w id="3" lemma="|particularly|" pos="RB" wid="3">particularly</w>
  <w id="4" lemma="|appropriate|" pos="JJ" wid="4">appropriate</w>
  <w id="5" lemma="|in|" pos="IN" wid="5">in</w>
  <w id="6" lemma="|the|" pos="DT" wid="6">the</w>
  <w id="7" lemma="|day|" pos="NNS" wid="7">days</w>
  <w id="8" lemma="|that|" pos="WDT" wid="8">that</w>
  <w id="9" lemma="|precede|" pos="VBP" wid="9">precede</w>
  <w id="10" lemma="|Christmas|" pos="NNP" wid="10">Christmas</w>
  <w id="11" lemma="|to|" pos="TO" wid="11">to</w>
  <w id="12" lemma="|establish|" pos="VB" wid="12">establish</w>
  <w id="13" lemma="|a|" pos="DT" wid="13">a</w>
  <w id="14" lemma="|sort|" pos="NN" wid="14">sort</w>
  <w id="15" lemma="|of|" pos="IN" wid="15">of</w>
  <w id="16" lemma="|spiritual|" pos="JJ" wid="16">spiritual</w>
  <w id="17" lemma="|conversation|" pos="NN" wid="17">conversation</w>
  <w id="18" lemma="|with|" pos="IN" wid="18">with</w>
  <w id="19" lemma="|St|" pos="NNP" wid="19">St</w>
  <w id="20" lemma="|Joseph|" pos="NNP" wid="20">Joseph</w>
  <w id="21" lemma="|,|" pos="," wid="21">,</w>
  <w id="22" lemma="|so|" pos="IN" wid="22">so</w>
  <w id="23" lemma="|that|" pos="IN" wid="23">that</w>
  <w id="24" lemma="|he|" pos="PRP" wid="24">he</w>
  <w id="25" lemma="|may|" pos="MD" wid="25">may</w>
  <w id="26" lemma="|help|" pos="VB" wid="26">help</w>
  <w id="27" lemma="|we|" pos="PRP" wid="27">us</w>
  <w id="28" lemma="|live|" pos="VB" wid="28">live</w>
  <w id="29" lemma="|to|" pos="TO" wid="29">to</w>
  <w id="30" lemma="|the|" pos="DT" wid="30">the</w>
  <w id="31" lemma="|full|" pos="JJ" wid="31">full</w>
  <w id="32" lemma="|this|" pos="DT" wid="32">this</w>
  <w id="33" lemma="|great|" pos="JJ" wid="33">great</w>
  <w id="34" lemma="|mystery|" pos="NN" wid="34">mystery</w>
  <w id="35" lemma="|of|" pos="IN" wid="35">of</w>
  <w id="36" lemma="|faith|" pos="NN" wid="36">faith</w>
  <w id="37" lemma="|.|" pos="." wid="37">.</w>
</sentence>
<sentence id="8">
  <w id="0" lemma="|Beloved|" pos="NNP" wid="0">Beloved</w>
  <w id="1" lemma="|Pope|" pos="NNP" wid="1">Pope</w>
  <w id="2" lemma="|John|" pos="NNP" wid="2">John</w>
  <w id="3" lemma="|Paul|" pos="NNP" wid="3">Paul</w>
  <w id="4" lemma="|II|" pos="NNP" wid="4">II</w>
  <w id="5" lemma="|,|" pos="," wid="5">,</w>
  <w id="6" lemma="|who|" pos="WP" wid="6">who</w>
  <w id="7" lemma="|be|" pos="VBD" wid="7">was</w>
  <w id="8" lemma="|very|" pos="RB" wid="8">very</w>
  <w id="9" lemma="|devoted|" pos="JJ" wid="9">devoted</w>
  <w id="10" lemma="|to|" pos="TO" wid="10">to</w>
  <w id="11" lemma="|St|" pos="NNP" wid="11">St</w>
  <w id="12" lemma="|Joseph|" pos="NNP" wid="12">Joseph</w>
  <w id="13" lemma="|,|" pos="," wid="13">,</w>
  <w id="14" lemma="|leave|" pos="VBD" wid="14">left</w>
  <w id="15" lemma="|we|" pos="PRP" wid="15">us</w>
  <w id="16" lemma="|a|" pos="DT" wid="16">a</w>
  <w id="17" lemma="|wonderful|" pos="JJ" wid="17">wonderful</w>
  <w id="18" lemma="|meditation|" pos="NN" wid="18">meditation</w>
  <w id="19" lemma="|dedicate|" pos="VBN" wid="19">dedicated</w>
  <w id="20" lemma="|to|" pos="TO" wid="20">to</w>
  <w id="21" lemma="|he|" pos="PRP" wid="21">him</w>
  <w id="22" lemma="|in|" pos="IN" wid="22">in</w>
  <w id="23" lemma="|the|" pos="DT" wid="23">the</w>
  <w id="24" lemma="|Apostolic|" pos="NNP" wid="24">Apostolic</w>
  <w id="25" lemma="|Exhortation|" pos="NNP" wid="25">Exhortation</w>
  <w id="26" lemma="|Redemptoris|" pos="NNP" wid="26">Redemptoris</w>
  <w id="27" lemma="|Custos|" pos="NNP" wid="27">Custos</w>
  <w id="28" lemma="|,|" pos="," wid="28">,</w>
  <w id="29" lemma="|''|" pos="''" wid="29">''</w>
  <w id="30" lemma="|the|" pos="DT" wid="30">The</w>
  <w id="31" lemma="|Guardian|" pos="NNP" wid="31">Guardian</w>
  <w id="32" lemma="|of|" pos="IN" wid="32">of</w>
  <w id="33" lemma="|the|" pos="DT" wid="33">the</w>
  <w id="34" lemma="|Redeemer|" pos="NNP" wid="34">Redeemer</w>
  <w id="35" lemma="|''|" pos="''" wid="35">''</w>
  <w id="36" lemma="|.|" pos="." wid="36">.</w>
</sentence>
<sentence id="9">
  <w id="0" lemma="|among|" pos="IN" wid="0">Among</w>
  <w id="1" lemma="|the|" pos="DT" wid="1">the</w>
  <w id="2" lemma="|many|" pos="JJ" wid="2">many</w>
  <w id="3" lemma="|aspect|" pos="NNS" wid="3">aspects</w>
  <w id="4" lemma="|on|" pos="IN" wid="4">on</w>
  <w id="5" lemma="|which|" pos="WDT" wid="5">which</w>
  <w id="6" lemma="|this|" pos="DT" wid="6">this</w>
  <w id="7" lemma="|Document|" pos="NNP" wid="7">Document</w>
  <w id="8" lemma="|shed|" pos="VBZ" wid="8">sheds</w>
  <w id="9" lemma="|light|" pos="JJ" wid="9">light</w>
  <w id="10" lemma="|,|" pos="," wid="10">,</w>
  <w id="11" lemma="|the|" pos="DT" wid="11">the</w>
  <w id="12" lemma="|silence|" pos="NN" wid="12">silence</w>
  <w id="13" lemma="|of|" pos="IN" wid="13">of</w>
  <w id="14" lemma="|St|" pos="NNP" wid="14">St</w>
  <w id="15" lemma="|Joseph|" pos="NNP" wid="15">Joseph</w>
  <w id="16" lemma="|be|" pos="VBZ" wid="16">is</w>
  <w id="17" lemma="|give|" pos="VBN" wid="17">given</w>
  <w id="18" lemma="|a|" pos="DT" wid="18">a</w>
  <w id="19" lemma="|special|" pos="JJ" wid="19">special</w>
  <w id="20" lemma="|emphasis|" pos="NN" wid="20">emphasis</w>
  <w id="21" lemma="|.|" pos="." wid="21">.</w>
</sentence>
<sentence id="10">
  <w id="0" lemma="|he|" pos="PRP$" wid="0">His</w>
  <w id="1" lemma="|silence|" pos="NN" wid="1">silence</w>
  <w id="2" lemma="|be|" pos="VBZ" wid="2">is</w>
  <w id="3" lemma="|steep|" pos="VBN" wid="3">steeped</w>
  <w id="4" lemma="|in|" pos="IN" wid="4">in</w>
  <w id="5" lemma="|contemplation|" pos="NN" wid="5">contemplation</w>
  <w id="6" lemma="|of|" pos="IN" wid="6">of</w>
  <w id="7" lemma="|the|" pos="DT" wid="7">the</w>
  <w id="8" lemma="|mystery|" pos="NN" wid="8">mystery</w>
  <w id="9" lemma="|of|" pos="IN" wid="9">of</w>
  <w id="10" lemma="|God|" pos="NNP" wid="10">God</w>
  <w id="11" lemma="|in|" pos="IN" wid="11">in</w>
  <w id="12" lemma="|a|" pos="DT" wid="12">an</w>
  <w id="13" lemma="|attitude|" pos="NN" wid="13">attitude</w>
  <w id="14" lemma="|of|" pos="IN" wid="14">of</w>
  <w id="15" lemma="|total|" pos="JJ" wid="15">total</w>
  <w id="16" lemma="|availability|" pos="NN" wid="16">availability</w>
  <w id="17" lemma="|to|" pos="TO" wid="17">to</w>
  <w id="18" lemma="|the|" pos="DT" wid="18">the</w>
  <w id="19" lemma="|divine|" pos="JJ" wid="19">divine</w>
  <w id="20" lemma="|desire|" pos="NNS" wid="20">desires</w>
  <w id="21" lemma="|.|" pos="." wid="21">.</w>
</sentence>
<sentence id="11">
  <w id="0" lemma="|in|" pos="IN" wid="0">In</w>
  <w id="1" lemma="|other|" pos="JJ" wid="1">other</w>
  <w id="2" lemma="|word|" pos="NNS" wid="2">words</w>
  <w id="3" lemma="|,|" pos="," wid="3">,</w>
  <w id="4" lemma="|St|" pos="NNP" wid="4">St</w>
  <w id="5" lemma="|Joseph|" pos="NNP" wid="5">Joseph</w>
  <w id="6" lemma="|'s|" pos="POS" wid="6">'s</w>
  <w id="7" lemma="|silence|" pos="NN" wid="7">silence</w>
  <w id="8" lemma="|do|" pos="VBZ" wid="8">does</w>
  <w id="9" lemma="|not|" pos="RB" wid="9">not</w>
  <w id="10" lemma="|express|" pos="VB" wid="10">express</w>
  <w id="11" lemma="|a|" pos="DT" wid="11">an</w>
  <w id="12" lemma="|inner|" pos="JJ" wid="12">inner</w>
  <w id="13" lemma="|emptiness|" pos="NN" wid="13">emptiness</w>
  <w id="14" lemma="|but|" pos="CC" wid="14">but</w>
  <w id="15" lemma="|,|" pos="," wid="15">,</w>
  <w id="16" lemma="|on|" pos="IN" wid="16">on</w>
  <w id="17" lemma="|the|" pos="DT" wid="17">the</w>
  <w id="18" lemma="|contrary|" pos="NN" wid="18">contrary</w>
  <w id="19" lemma="|,|" pos="," wid="19">,</w>
  <w id="20" lemma="|the|" pos="DT" wid="20">the</w>
  <w id="21" lemma="|fullness|" pos="NN" wid="21">fullness</w>
  <w id="22" lemma="|of|" pos="IN" wid="22">of</w>
  <w id="23" lemma="|the|" pos="DT" wid="23">the</w>
  <w id="24" lemma="|faith|" pos="NN" wid="24">faith</w>
  <w id="25" lemma="|he|" pos="PRP" wid="25">he</w>
  <w id="26" lemma="|bear|" pos="VBZ" wid="26">bears</w>
  <w id="27" lemma="|in|" pos="IN" wid="27">in</w>
  <w id="28" lemma="|he|" pos="PRP$" wid="28">his</w>
  <w id="29" lemma="|heart|" pos="NN" wid="29">heart</w>
  <w id="30" lemma="|and|" pos="CC" wid="30">and</w>
  <w id="31" lemma="|which|" pos="WDT" wid="31">which</w>
  <w id="32" lemma="|guide|" pos="NNS" wid="32">guides</w>
  <w id="33" lemma="|he|" pos="PRP$" wid="33">his</w>
  <w id="34" lemma="|every|" pos="DT" wid="34">every</w>
  <w id="35" lemma="|thought|" pos="NN" wid="35">thought</w>
  <w id="36" lemma="|and|" pos="CC" wid="36">and</w>
  <w id="37" lemma="|action|" pos="NN" wid="37">action</w>
  <w id="38" lemma="|.|" pos="." wid="38">.</w>
</sentence>
<sentence id="12">
  <w id="0" lemma="|it|" pos="PRP" wid="0">It</w>
  <w id="1" lemma="|be|" pos="VBZ" wid="1">is</w>
  <w id="2" lemma="|a|" pos="DT" wid="2">a</w>
  <w id="3" lemma="|silence|" pos="NN" wid="3">silence</w>
  <w id="4" lemma="|thanks|" pos="NNS" wid="4">thanks</w>
  <w id="5" lemma="|to|" pos="TO" wid="5">to</w>
  <w id="6" lemma="|which|" pos="WDT" wid="6">which</w>
  <w id="7" lemma="|Joseph|" pos="NNP" wid="7">Joseph</w>
  <w id="8" lemma="|,|" pos="," wid="8">,</w>
  <w id="9" lemma="|in|" pos="IN" wid="9">in</w>
  <w id="10" lemma="|unison|" pos="NN" wid="10">unison</w>
  <w id="11" lemma="|with|" pos="IN" wid="11">with</w>
  <w id="12" lemma="|Mary|" pos="NNP" wid="12">Mary</w>
  <w id="13" lemma="|,|" pos="," wid="13">,</w>
  <w id="14" lemma="|watch|" pos="VBZ" wid="14">watches</w>
  <w id="15" lemma="|over|" pos="IN" wid="15">over</w>
  <w id="16" lemma="|the|" pos="DT" wid="16">the</w>
  <w id="17" lemma="|Word|" pos="NNP" wid="17">Word</w>
  <w id="18" lemma="|of|" pos="IN" wid="18">of</w>
  <w id="19" lemma="|God|" pos="NNP" wid="19">God</w>
  <w id="20" lemma="|,|" pos="," wid="20">,</w>
  <w id="21" lemma="|know|" pos="VBN" wid="21">known</w>
  <w id="22" lemma="|through|" pos="IN" wid="22">through</w>
  <w id="23" lemma="|the|" pos="DT" wid="23">the</w>
  <w id="24" lemma="|Sacred|" pos="NNP" wid="24">Sacred</w>
  <w id="25" lemma="|Scriptures|" pos="NNPS" wid="25">Scriptures</w>
  <w id="26" lemma="|,|" pos="," wid="26">,</w>
  <w id="27" lemma="|continuously|" pos="RB" wid="27">continuously</w>
  <w id="28" lemma="|compare|" pos="VBG" wid="28">comparing</w>
  <w id="29" lemma="|it|" pos="PRP" wid="29">it</w>
  <w id="30" lemma="|with|" pos="IN" wid="30">with</w>
  <w id="31" lemma="|the|" pos="DT" wid="31">the</w>
  <w id="32" lemma="|event|" pos="NNS" wid="32">events</w>
  <w id="33" lemma="|of|" pos="IN" wid="33">of</w>
  <w id="34" lemma="|the|" pos="DT" wid="34">the</w>
  <w id="35" lemma="|life|" pos="NN" wid="35">life</w>
  <w id="36" lemma="|of|" pos="IN" wid="36">of</w>
  <w id="37" lemma="|Jesus|" pos="NNP" wid="37">Jesus</w>
  <w id="38" lemma="|;|" pos=":" wid="38">;</w>
  <w id="39" lemma="|a|" pos="DT" wid="39">a</w>
  <w id="40" lemma="|silence|" pos="NN" wid="40">silence</w>
  <w id="41" lemma="|weave|" pos="VBN" wid="41">woven</w>
  <w id="42" lemma="|of|" pos="IN" wid="42">of</w>
  <w id="43" lemma="|constant|" pos="JJ" wid="43">constant</w>
  <w id="44" lemma="|prayer|" pos="NN" wid="44">prayer</w>
  <w id="45" lemma="|,|" pos="," wid="45">,</w>
  <w id="46" lemma="|a|" pos="DT" wid="46">a</w>
  <w id="47" lemma="|prayer|" pos="NN" wid="47">prayer</w>
  <w id="48" lemma="|of|" pos="IN" wid="48">of</w>
  <w id="49" lemma="|blessing|" pos="NN" wid="49">blessing</w>
  <w id="50" lemma="|of|" pos="IN" wid="50">of</w>
  <w id="51" lemma="|the|" pos="DT" wid="51">the</w>
  <w id="52" lemma="|Lord|" pos="NNP" wid="52">Lord</w>
  <w id="53" lemma="|,|" pos="," wid="53">,</w>
  <w id="54" lemma="|of|" pos="IN" wid="54">of</w>
  <w id="55" lemma="|the|" pos="DT" wid="55">the</w>
  <w id="56" lemma="|adoration|" pos="NN" wid="56">adoration</w>
  <w id="57" lemma="|of|" pos="IN" wid="57">of</w>
  <w id="58" lemma="|he|" pos="PRP$" wid="58">his</w>
  <w id="59" lemma="|holy|" pos="JJ" wid="59">holy</w>
  <w id="60" lemma="|will|" pos="NN" wid="60">will</w>
  <w id="61" lemma="|and|" pos="CC" wid="61">and</w>
  <w id="62" lemma="|of|" pos="IN" wid="62">of</w>
  <w id="63" lemma="|unreserved|" pos="JJ" wid="63">unreserved</w>
  <w id="64" lemma="|entrustment|" pos="NN" wid="64">entrustment</w>
  <w id="65" lemma="|to|" pos="TO" wid="65">to</w>
  <w id="66" lemma="|he|" pos="PRP$" wid="66">his</w>
  <w id="67" lemma="|providence|" pos="NN" wid="67">providence</w>
  <w id="68" lemma="|.|" pos="." wid="68">.</w>
</sentence>
<sentence id="13">
  <w id="0" lemma="|it|" pos="PRP" wid="0">It</w>
  <w id="1" lemma="|be|" pos="VBZ" wid="1">is</w>
  <w id="2" lemma="|no|" pos="DT" wid="2">no</w>
  <w id="3" lemma="|exaggeration|" pos="NN" wid="3">exaggeration</w>
  <w id="4" lemma="|to|" pos="TO" wid="4">to</w>
  <w id="5" lemma="|think|" pos="VB" wid="5">think</w>
  <w id="6" lemma="|that|" pos="IN" wid="6">that</w>
  <w id="7" lemma="|it|" pos="PRP" wid="7">it</w>
  <w id="8" lemma="|be|" pos="VBD" wid="8">was</w>
  <w id="9" lemma="|precisely|" pos="RB" wid="9">precisely</w>
  <w id="10" lemma="|from|" pos="IN" wid="10">from</w>
  <w id="11" lemma="|he|" pos="PRP$" wid="11">his</w>
  <w id="12" lemma="|``|" pos="``" wid="12">``</w>
  <w id="13" lemma="|father|" pos="NN" wid="13">father</w>
  <w id="14" lemma="|''|" pos="''" wid="14">''</w>
  <w id="15" lemma="|Joseph|" pos="NNP" wid="15">Joseph</w>
  <w id="16" lemma="|that|" pos="IN" wid="16">that</w>
  <w id="17" lemma="|Jesus|" pos="NNP" wid="17">Jesus</w>
  <w id="18" lemma="|learn|" pos="VBD" wid="18">learned</w>
  <w id="19" lemma="|-|" pos=":" wid="19">-</w>
  <w id="20" lemma="|at|" pos="IN" wid="20">at</w>
  <w id="21" lemma="|the|" pos="DT" wid="21">the</w>
  <w id="22" lemma="|human|" pos="JJ" wid="22">human</w>
  <w id="23" lemma="|level|" pos="NN" wid="23">level</w>
  <w id="24" lemma="|-|" pos=":" wid="24">-</w>
  <w id="25" lemma="|that|" pos="IN" wid="25">that</w>
  <w id="26" lemma="|steadfast|" pos="JJ" wid="26">steadfast</w>
  <w id="27" lemma="|interiority|" pos="NN" wid="27">interiority</w>
  <w id="28" lemma="|which|" pos="WDT" wid="28">which</w>
  <w id="29" lemma="|be|" pos="VBZ" wid="29">is</w>
  <w id="30" lemma="|a|" pos="DT" wid="30">a</w>
  <w id="31" lemma="|presupposition|" pos="NN" wid="31">presupposition</w>
  <w id="32" lemma="|of|" pos="IN" wid="32">of</w>
  <w id="33" lemma="|authentic|" pos="JJ" wid="33">authentic</w>
  <w id="34" lemma="|justice|" pos="NN" wid="34">justice</w>
  <w id="35" lemma="|,|" pos="," wid="35">,</w>
  <w id="36" lemma="|the|" pos="DT" wid="36">the</w>
  <w id="37" lemma="|``|" pos="``" wid="37">``</w>
  <w id="38" lemma="|superior|" pos="JJ" wid="38">superior</w>
  <w id="39" lemma="|justice|" pos="NN" wid="39">justice</w>
  <w id="40" lemma="|''|" pos="''" wid="40">''</w>
  <w id="41" lemma="|which|" pos="WDT" wid="41">which</w>
  <w id="42" lemma="|he|" pos="PRP" wid="42">he</w>
  <w id="43" lemma="|be|" pos="VBD" wid="43">was</w>
  <w id="44" lemma="|one|" pos="CD" wid="44">one</w>
  <w id="45" lemma="|day|" pos="NN" wid="45">day</w>
  <w id="46" lemma="|to|" pos="TO" wid="46">to</w>
  <w id="47" lemma="|teach|" pos="VB" wid="47">teach</w>
  <w id="48" lemma="|he|" pos="PRP$" wid="48">his</w>
  <w id="49" lemma="|disciple|" pos="NNS" wid="49">disciples</w>
  <w id="50" lemma="|-lrb-|" pos="-LRB-" wid="50">-LRB-</w>
  <w id="51" lemma="|cf|" pos="NN" wid="51">cf</w>
  <w id="52" lemma="|.|" pos="." wid="52">.</w>
</sentence>
<sentence id="14">
  <w id="0" lemma="|mt|" pos="NN" wid="0">Mt</w>
  <w id="1" lemma="|5|" pos="CD" wid="1">5</w>
  <w id="2" lemma="|:|" pos=":" wid="2">:</w>
  <w id="3" lemma="|20|" pos="CD" wid="3">20</w>
  <w id="4" lemma="|-rrb-|" pos="-RRB-" wid="4">-RRB-</w>
  <w id="5" lemma="|.|" pos="." wid="5">.</w>
</sentence>
<sentence id="15">
  <w id="0" lemma="|let|" pos="VB" wid="0">Let</w>
  <w id="1" lemma="|we|" pos="PRP" wid="1">us</w>
  <w id="2" lemma="|allow|" pos="VB" wid="2">allow</w>
  <w id="3" lemma="|ourselves|" pos="PRP" wid="3">ourselves</w>
  <w id="4" lemma="|to|" pos="TO" wid="4">to</w>
  <w id="5" lemma="|be|" pos="VB" wid="5">be</w>
  <w id="6" lemma="|``|" pos="``" wid="6">``</w>
  <w id="7" lemma="|fill|" pos="VBN" wid="7">filled</w>
  <w id="8" lemma="|''|" pos="''" wid="8">''</w>
  <w id="9" lemma="|with|" pos="IN" wid="9">with</w>
  <w id="10" lemma="|St|" pos="NNP" wid="10">St</w>
  <w id="11" lemma="|Joseph|" pos="NNP" wid="11">Joseph</w>
  <w id="12" lemma="|'s|" pos="POS" wid="12">'s</w>
  <w id="13" lemma="|silence|" pos="NN" wid="13">silence</w>
  <w id="14" lemma="|!|" pos="." wid="14">!</w>
</sentence>
<sentence id="16">
  <w id="0" lemma="|in|" pos="IN" wid="0">In</w>
  <w id="1" lemma="|a|" pos="DT" wid="1">a</w>
  <w id="2" lemma="|world|" pos="NN" wid="2">world</w>
  <w id="3" lemma="|that|" pos="WDT" wid="3">that</w>
  <w id="4" lemma="|be|" pos="VBZ" wid="4">is</w>
  <w id="5" lemma="|often|" pos="RB" wid="5">often</w>
  <w id="6" lemma="|too|" pos="RB" wid="6">too</w>
  <w id="7" lemma="|noisy|" pos="JJ" wid="7">noisy</w>
  <w id="8" lemma="|,|" pos="," wid="8">,</w>
  <w id="9" lemma="|that|" pos="WDT" wid="9">that</w>
  <w id="10" lemma="|encourage|" pos="VBZ" wid="10">encourages</w>
  <w id="11" lemma="|neither|" pos="CC" wid="11">neither</w>
  <w id="12" lemma="|recollection|" pos="NN" wid="12">recollection</w>
  <w id="13" lemma="|nor|" pos="CC" wid="13">nor</w>
  <w id="14" lemma="|listen|" pos="VBG" wid="14">listening</w>
  <w id="15" lemma="|to|" pos="TO" wid="15">to</w>
  <w id="16" lemma="|God|" pos="NNP" wid="16">God</w>
  <w id="17" lemma="|'s|" pos="POS" wid="17">'s</w>
  <w id="18" lemma="|voice|" pos="NN" wid="18">voice</w>
  <w id="19" lemma="|,|" pos="," wid="19">,</w>
  <w id="20" lemma="|we|" pos="PRP" wid="20">we</w>
  <w id="21" lemma="|be|" pos="VBP" wid="21">are</w>
  <w id="22" lemma="|in|" pos="IN" wid="22">in</w>
  <w id="23" lemma="|such|" pos="JJ" wid="23">such</w>
  <w id="24" lemma="|deep|" pos="JJ" wid="24">deep</w>
  <w id="25" lemma="|need|" pos="NN" wid="25">need</w>
  <w id="26" lemma="|of|" pos="IN" wid="26">of</w>
  <w id="27" lemma="|it|" pos="PRP" wid="27">it</w>
  <w id="28" lemma="|.|" pos="." wid="28">.</w>
</sentence>
<sentence id="17">
  <w id="0" lemma="|during|" pos="IN" wid="0">During</w>
  <w id="1" lemma="|this|" pos="DT" wid="1">this</w>
  <w id="2" lemma="|season|" pos="NN" wid="2">season</w>
  <w id="3" lemma="|of|" pos="IN" wid="3">of</w>
  <w id="4" lemma="|preparation|" pos="NN" wid="4">preparation</w>
  <w id="5" lemma="|for|" pos="IN" wid="5">for</w>
  <w id="6" lemma="|Christmas|" pos="NNP" wid="6">Christmas</w>
  <w id="7" lemma="|,|" pos="," wid="7">,</w>
  <w id="8" lemma="|let|" pos="VB" wid="8">let</w>
  <w id="9" lemma="|we|" pos="PRP" wid="9">us</w>
  <w id="10" lemma="|cultivate|" pos="VB" wid="10">cultivate</w>
  <w id="11" lemma="|inner|" pos="JJ" wid="11">inner</w>
  <w id="12" lemma="|recollection|" pos="NN" wid="12">recollection</w>
  <w id="13" lemma="|in|" pos="IN" wid="13">in</w>
  <w id="14" lemma="|order|" pos="NN" wid="14">order</w>
  <w id="15" lemma="|to|" pos="TO" wid="15">to</w>
  <w id="16" lemma="|welcome|" pos="VB" wid="16">welcome</w>
  <w id="17" lemma="|and|" pos="CC" wid="17">and</w>
  <w id="18" lemma="|cherish|" pos="VB" wid="18">cherish</w>
  <w id="19" lemma="|Jesus|" pos="NNP" wid="19">Jesus</w>
  <w id="20" lemma="|in|" pos="IN" wid="20">in</w>
  <w id="21" lemma="|we|" pos="PRP$" wid="21">our</w>
  <w id="22" lemma="|own|" pos="JJ" wid="22">own</w>
  <w id="23" lemma="|life|" pos="NNS" wid="23">lives</w>
  <w id="24" lemma="|.|" pos="." wid="24">.</w>
</sentence>
<sentence id="18">
  <w id="0" lemma="|after|" pos="IN" wid="0">After</w>
  <w id="1" lemma="|the|" pos="DT" wid="1">the</w>
  <w id="2" lemma="|Angelus|" pos="NNP" wid="2">Angelus</w>
  <w id="3" lemma="|:|" pos=":" wid="3">:</w>
  <w id="4" lemma="|on|" pos="IN" wid="4">On</w>
  <w id="5" lemma="|this|" pos="DT" wid="5">this</w>
  <w id="6" lemma="|fourth|" pos="JJ" wid="6">Fourth</w>
  <w id="7" lemma="|Sunday|" pos="NNP" wid="7">Sunday</w>
  <w id="8" lemma="|of|" pos="IN" wid="8">of</w>
  <w id="9" lemma="|Advent|" pos="NNP" wid="9">Advent</w>
  <w id="10" lemma="|I|" pos="PRP" wid="10">I</w>
  <w id="11" lemma="|welcome|" pos="VBP" wid="11">welcome</w>
  <w id="12" lemma="|all|" pos="PDT" wid="12">all</w>
  <w id="13" lemma="|the|" pos="DT" wid="13">the</w>
  <w id="14" lemma="|english-speaking|" pos="JJ" wid="14">English-speaking</w>
  <w id="15" lemma="|pilgrim|" pos="NNS" wid="15">pilgrims</w>
  <w id="16" lemma="|and|" pos="CC" wid="16">and</w>
  <w id="17" lemma="|visitor|" pos="NNS" wid="17">visitors</w>
  <w id="18" lemma="|present|" pos="JJ" wid="18">present</w>
  <w id="19" lemma="|for|" pos="IN" wid="19">for</w>
  <w id="20" lemma="|the|" pos="DT" wid="20">the</w>
  <w id="21" lemma="|Angelus|" pos="NNP" wid="21">Angelus</w>
  <w id="22" lemma="|.|" pos="." wid="22">.</w>
</sentence>
<sentence id="19">
  <w id="0" lemma="|as|" pos="IN" wid="0">As</w>
  <w id="1" lemma="|the|" pos="DT" wid="1">the</w>
  <w id="2" lemma="|celebration|" pos="NN" wid="2">celebration</w>
  <w id="3" lemma="|of|" pos="IN" wid="3">of</w>
  <w id="4" lemma="|Our|" pos="NNP" wid="4">Our</w>
  <w id="5" lemma="|Lord|" pos="NNP" wid="5">Lord</w>
  <w id="6" lemma="|'s|" pos="POS" wid="6">'s</w>
  <w id="7" lemma="|birth|" pos="NN" wid="7">birth</w>
  <w id="8" lemma="|draw|" pos="VBZ" wid="8">draws</w>
  <w id="9" lemma="|near|" pos="IN" wid="9">near</w>
  <w id="10" lemma="|let|" pos="VB" wid="10">let</w>
  <w id="11" lemma="|we|" pos="PRP" wid="11">us</w>
  <w id="12" lemma="|join|" pos="VB" wid="12">join</w>
  <w id="13" lemma="|with|" pos="IN" wid="13">with</w>
  <w id="14" lemma="|Mary|" pos="NNP" wid="14">Mary</w>
  <w id="15" lemma="|in|" pos="IN" wid="15">in</w>
  <w id="16" lemma="|prayerful|" pos="JJ" wid="16">prayerful</w>
  <w id="17" lemma="|trust|" pos="NN" wid="17">trust</w>
  <w id="18" lemma="|,|" pos="," wid="18">,</w>
  <w id="19" lemma="|ready|" pos="JJ" wid="19">ready</w>
  <w id="20" lemma="|to|" pos="TO" wid="20">to</w>
  <w id="21" lemma="|embrace|" pos="VB" wid="21">embrace</w>
  <w id="22" lemma="|God|" pos="NNP" wid="22">God</w>
  <w id="23" lemma="|'s|" pos="POS" wid="23">'s</w>
  <w id="24" lemma="|will|" pos="NN" wid="24">will</w>
  <w id="25" lemma="|as|" pos="IN" wid="25">as</w>
  <w id="26" lemma="|a|" pos="DT" wid="26">a</w>
  <w id="27" lemma="|sign|" pos="NN" wid="27">sign</w>
  <w id="28" lemma="|of|" pos="IN" wid="28">of</w>
  <w id="29" lemma="|hope|" pos="NN" wid="29">hope</w>
  <w id="30" lemma="|for|" pos="IN" wid="30">for</w>
  <w id="31" lemma="|we|" pos="PRP$" wid="31">our</w>
  <w id="32" lemma="|world|" pos="NN" wid="32">world</w>
  <w id="33" lemma="|.|" pos="." wid="33">.</w>
</sentence>
<sentence id="20">
  <w id="0" lemma="|during|" pos="IN" wid="0">During</w>
  <w id="1" lemma="|these|" pos="DT" wid="1">these</w>
  <w id="2" lemma="|last|" pos="JJ" wid="2">last</w>
  <w id="3" lemma="|day|" pos="NNS" wid="3">days</w>
  <w id="4" lemma="|of|" pos="IN" wid="4">of</w>
  <w id="5" lemma="|the|" pos="DT" wid="5">the</w>
  <w id="6" lemma="|holy|" pos="JJ" wid="6">holy</w>
  <w id="7" lemma="|season|" pos="NN" wid="7">season</w>
  <w id="8" lemma="|of|" pos="IN" wid="8">of</w>
  <w id="9" lemma="|Advent|" pos="NNP" wid="9">Advent</w>
  <w id="10" lemma="|,|" pos="," wid="10">,</w>
  <w id="11" lemma="|I|" pos="PRP" wid="11">I</w>
  <w id="12" lemma="|invoke|" pos="VBP" wid="12">invoke</w>
  <w id="13" lemma="|upon|" pos="IN" wid="13">upon</w>
  <w id="14" lemma="|you|" pos="PRP" wid="14">you</w>
  <w id="15" lemma="|and|" pos="CC" wid="15">and</w>
  <w id="16" lemma="|you|" pos="PRP$" wid="16">your</w>
  <w id="17" lemma="|family|" pos="NNS" wid="17">families</w>
  <w id="18" lemma="|God|" pos="NNP" wid="18">God</w>
  <w id="19" lemma="|'s|" pos="POS" wid="19">'s</w>
  <w id="20" lemma="|abundant|" pos="JJ" wid="20">abundant</w>
  <w id="21" lemma="|blessing|" pos="NNS" wid="21">Blessings</w>
  <w id="22" lemma="|of|" pos="IN" wid="22">of</w>
  <w id="23" lemma="|joy|" pos="NN" wid="23">joy</w>
  <w id="24" lemma="|and|" pos="CC" wid="24">and</w>
  <w id="25" lemma="|peace|" pos="NN" wid="25">peace</w>
  <w id="26" lemma="|.|" pos="." wid="26">.</w>
</sentence>
<sentence id="21">
  <w id="0" lemma="|thank|" pos="VB" wid="0">Thank</w>
  <w id="1" lemma="|you|" pos="PRP" wid="1">you</w>
  <w id="2" lemma="|all|" pos="DT" wid="2">all</w>
  <w id="3" lemma="|for|" pos="IN" wid="3">for</w>
  <w id="4" lemma="|this|" pos="DT" wid="4">this</w>
  <w id="5" lemma="|pleasant|" pos="JJ" wid="5">pleasant</w>
  <w id="6" lemma="|visit|" pos="NN" wid="6">visit</w>
  <w id="7" lemma="|.|" pos="." wid="7">.</w>
</sentence>
<sentence id="22">
  <w id="0" lemma="|have|" pos="VBP" wid="0">Have</w>
  <w id="1" lemma="|a|" pos="DT" wid="1">a</w>
  <w id="2" lemma="|good|" pos="JJ" wid="2">good</w>
  <w id="3" lemma="|Sunday|" pos="NNP" wid="3">Sunday</w>
  <w id="4" lemma="|!|" pos="." wid="4">!</w>
</sentence>
</corpus>