<corpus id="0">
<sentence id="0">
  <w id="0" lemma="|Dear|" pos="NNP" wid="0">Dear</w>
  <w id="1" lemma="|Brothers|" pos="NNPS" wid="1">Brothers</w>
  <w id="2" lemma="|and|" pos="CC" wid="2">and</w>
  <w id="3" lemma="|sister|" pos="NNS" wid="3">Sisters</w>
  <w id="4" lemma="|,|" pos="," wid="4">,</w>
  <w id="5" lemma="|the|" pos="DT" wid="5">The</w>
  <w id="6" lemma="|gospel|" pos="NN" wid="6">Gospel</w>
  <w id="7" lemma="|of|" pos="IN" wid="7">of</w>
  <w id="8" lemma="|this|" pos="DT" wid="8">this</w>
  <w id="9" lemma="|Sunday|" pos="NNP" wid="9">Sunday</w>
  <w id="10" lemma="|,|" pos="," wid="10">,</w>
  <w id="11" lemma="|the|" pos="DT" wid="11">the</w>
  <w id="12" lemma="|Fifth|" pos="NNP" wid="12">Fifth</w>
  <w id="13" lemma="|of|" pos="IN" wid="13">of</w>
  <w id="14" lemma="|Easter|" pos="NNP" wid="14">Easter</w>
  <w id="15" lemma="|,|" pos="," wid="15">,</w>
  <w id="16" lemma="|propose|" pos="VBZ" wid="16">proposes</w>
  <w id="17" lemma="|a|" pos="DT" wid="17">a</w>
  <w id="18" lemma="|twofold|" pos="JJ" wid="18">twofold</w>
  <w id="19" lemma="|commandment|" pos="NN" wid="19">commandment</w>
  <w id="20" lemma="|of|" pos="IN" wid="20">of</w>
  <w id="21" lemma="|faith|" pos="NN" wid="21">faith</w>
  <w id="22" lemma="|:|" pos=":" wid="22">:</w>
  <w id="23" lemma="|to|" pos="TO" wid="23">to</w>
  <w id="24" lemma="|believe|" pos="VB" wid="24">believe</w>
  <w id="25" lemma="|in|" pos="IN" wid="25">in</w>
  <w id="26" lemma="|God|" pos="NNP" wid="26">God</w>
  <w id="27" lemma="|and|" pos="CC" wid="27">and</w>
  <w id="28" lemma="|to|" pos="TO" wid="28">to</w>
  <w id="29" lemma="|believe|" pos="VB" wid="29">believe</w>
  <w id="30" lemma="|in|" pos="IN" wid="30">in</w>
  <w id="31" lemma="|Jesus|" pos="NNP" wid="31">Jesus</w>
  <w id="32" lemma="|.|" pos="." wid="32">.</w>
</sentence>
<sentence id="1">
  <w id="0" lemma="|in|" pos="IN" wid="0">In</w>
  <w id="1" lemma="|fact|" pos="NN" wid="1">fact</w>
  <w id="2" lemma="|,|" pos="," wid="2">,</w>
  <w id="3" lemma="|the|" pos="DT" wid="3">the</w>
  <w id="4" lemma="|Lord|" pos="NNP" wid="4">Lord</w>
  <w id="5" lemma="|say|" pos="VBD" wid="5">said</w>
  <w id="6" lemma="|to|" pos="TO" wid="6">to</w>
  <w id="7" lemma="|he|" pos="PRP$" wid="7">his</w>
  <w id="8" lemma="|disciple|" pos="NNS" wid="8">disciples</w>
  <w id="9" lemma="|:|" pos=":" wid="9">:</w>
  <w id="10" lemma="|``|" pos="``" wid="10">``</w>
  <w id="11" lemma="|Believe|" pos="NNP" wid="11">Believe</w>
  <w id="12" lemma="|in|" pos="IN" wid="12">in</w>
  <w id="13" lemma="|God|" pos="NNP" wid="13">God</w>
  <w id="14" lemma="|,|" pos="," wid="14">,</w>
  <w id="15" lemma="|believe|" pos="VBP" wid="15">believe</w>
  <w id="16" lemma="|also|" pos="RB" wid="16">also</w>
  <w id="17" lemma="|in|" pos="IN" wid="17">in</w>
  <w id="18" lemma="|I|" pos="PRP" wid="18">me</w>
  <w id="19" lemma="|''|" pos="''" wid="19">''</w>
  <w id="20" lemma="|-lrb-|" pos="-LRB-" wid="20">-LRB-</w>
  <w id="21" lemma="|jn|" pos="NN" wid="21">Jn</w>
  <w id="22" lemma="|14:1|" pos="CD" wid="22">14:1</w>
  <w id="23" lemma="|-rrb-|" pos="-RRB-" wid="23">-RRB-</w>
  <w id="24" lemma="|.|" pos="." wid="24">.</w>
</sentence>
<sentence id="2">
  <w id="0" lemma="|they|" pos="PRP" wid="0">They</w>
  <w id="1" lemma="|be|" pos="VBP" wid="1">are</w>
  <w id="2" lemma="|not|" pos="RB" wid="2">not</w>
  <w id="3" lemma="|two|" pos="CD" wid="3">two</w>
  <w id="4" lemma="|separate|" pos="JJ" wid="4">separate</w>
  <w id="5" lemma="|act|" pos="NNS" wid="5">acts</w>
  <w id="6" lemma="|but|" pos="CC" wid="6">but</w>
  <w id="7" lemma="|one|" pos="CD" wid="7">one</w>
  <w id="8" lemma="|single|" pos="JJ" wid="8">single</w>
  <w id="9" lemma="|act|" pos="NN" wid="9">act</w>
  <w id="10" lemma="|of|" pos="IN" wid="10">of</w>
  <w id="11" lemma="|faith|" pos="NN" wid="11">faith</w>
  <w id="12" lemma="|,|" pos="," wid="12">,</w>
  <w id="13" lemma="|full|" pos="JJ" wid="13">full</w>
  <w id="14" lemma="|adherence|" pos="NN" wid="14">adherence</w>
  <w id="15" lemma="|to|" pos="TO" wid="15">to</w>
  <w id="16" lemma="|salvation|" pos="NN" wid="16">salvation</w>
  <w id="17" lemma="|work|" pos="VBN" wid="17">wrought</w>
  <w id="18" lemma="|by|" pos="IN" wid="18">by</w>
  <w id="19" lemma="|God|" pos="NNP" wid="19">God</w>
  <w id="20" lemma="|the|" pos="DT" wid="20">the</w>
  <w id="21" lemma="|Father|" pos="NNP" wid="21">Father</w>
  <w id="22" lemma="|through|" pos="IN" wid="22">through</w>
  <w id="23" lemma="|he|" pos="PRP$" wid="23">his</w>
  <w id="24" lemma="|only-begotten|" pos="JJ" wid="24">Only-begotten</w>
  <w id="25" lemma="|Son|" pos="NNP" wid="25">Son</w>
  <w id="26" lemma="|.|" pos="." wid="26">.</w>
</sentence>
<sentence id="3">
  <w id="0" lemma="|the|" pos="DT" wid="0">The</w>
  <w id="1" lemma="|new|" pos="JJ" wid="1">New</w>
  <w id="2" lemma="|testament|" pos="NN" wid="2">Testament</w>
  <w id="3" lemma="|put|" pos="VBZ" wid="3">puts</w>
  <w id="4" lemma="|a|" pos="DT" wid="4">an</w>
  <w id="5" lemma="|end|" pos="NN" wid="5">end</w>
  <w id="6" lemma="|to|" pos="TO" wid="6">to</w>
  <w id="7" lemma="|the|" pos="DT" wid="7">the</w>
  <w id="8" lemma="|Father|" pos="NNP" wid="8">Father</w>
  <w id="9" lemma="|'s|" pos="POS" wid="9">'s</w>
  <w id="10" lemma="|invisibility|" pos="NN" wid="10">invisibility</w>
  <w id="11" lemma="|.|" pos="." wid="11">.</w>
</sentence>
<sentence id="4">
  <w id="0" lemma="|God|" pos="NNP" wid="0">God</w>
  <w id="1" lemma="|have|" pos="VBZ" wid="1">has</w>
  <w id="2" lemma="|show|" pos="VBN" wid="2">shown</w>
  <w id="3" lemma="|he|" pos="PRP$" wid="3">his</w>
  <w id="4" lemma="|face|" pos="NN" wid="4">face</w>
  <w id="5" lemma="|,|" pos="," wid="5">,</w>
  <w id="6" lemma="|as|" pos="IN" wid="6">as</w>
  <w id="7" lemma="|Jesus|" pos="NNP" wid="7">Jesus</w>
  <w id="8" lemma="|'|" pos="POS" wid="8">'</w>
  <w id="9" lemma="|answer|" pos="NN" wid="9">answer</w>
  <w id="10" lemma="|to|" pos="TO" wid="10">to</w>
  <w id="11" lemma="|the|" pos="DT" wid="11">the</w>
  <w id="12" lemma="|Apostle|" pos="NNP" wid="12">Apostle</w>
  <w id="13" lemma="|Philip|" pos="NNP" wid="13">Philip</w>
  <w id="14" lemma="|confirm|" pos="VBZ" wid="14">confirms</w>
  <w id="15" lemma="|:|" pos=":" wid="15">:</w>
  <w id="16" lemma="|``|" pos="``" wid="16">``</w>
  <w id="17" lemma="|he|" pos="PRP" wid="17">He</w>
  <w id="18" lemma="|who|" pos="WP" wid="18">who</w>
  <w id="19" lemma="|have|" pos="VBZ" wid="19">has</w>
  <w id="20" lemma="|see|" pos="VBN" wid="20">seen</w>
  <w id="21" lemma="|I|" pos="PRP" wid="21">me</w>
  <w id="22" lemma="|have|" pos="VBZ" wid="22">has</w>
  <w id="23" lemma="|see|" pos="VBN" wid="23">seen</w>
  <w id="24" lemma="|the|" pos="DT" wid="24">the</w>
  <w id="25" lemma="|Father|" pos="NNP" wid="25">Father</w>
  <w id="26" lemma="|''|" pos="''" wid="26">''</w>
  <w id="27" lemma="|-lrb-|" pos="-LRB-" wid="27">-LRB-</w>
  <w id="28" lemma="|jn|" pos="NN" wid="28">Jn</w>
  <w id="29" lemma="|14:9|" pos="CD" wid="29">14:9</w>
  <w id="30" lemma="|-rrb-|" pos="-RRB-" wid="30">-RRB-</w>
  <w id="31" lemma="|.|" pos="." wid="31">.</w>
</sentence>
<sentence id="5">
  <w id="0" lemma="|with|" pos="IN" wid="0">With</w>
  <w id="1" lemma="|he|" pos="PRP$" wid="1">his</w>
  <w id="2" lemma="|incarnation|" pos="NN" wid="2">Incarnation</w>
  <w id="3" lemma="|,|" pos="," wid="3">,</w>
  <w id="4" lemma="|death|" pos="NN" wid="4">death</w>
  <w id="5" lemma="|and|" pos="CC" wid="5">and</w>
  <w id="6" lemma="|resurrection|" pos="NN" wid="6">Resurrection</w>
  <w id="7" lemma="|,|" pos="," wid="7">,</w>
  <w id="8" lemma="|the|" pos="DT" wid="8">the</w>
  <w id="9" lemma="|Son|" pos="NNP" wid="9">Son</w>
  <w id="10" lemma="|of|" pos="IN" wid="10">of</w>
  <w id="11" lemma="|God|" pos="NNP" wid="11">God</w>
  <w id="12" lemma="|have|" pos="VBZ" wid="12">has</w>
  <w id="13" lemma="|free|" pos="VBN" wid="13">freed</w>
  <w id="14" lemma="|we|" pos="PRP" wid="14">us</w>
  <w id="15" lemma="|from|" pos="IN" wid="15">from</w>
  <w id="16" lemma="|the|" pos="DT" wid="16">the</w>
  <w id="17" lemma="|slavery|" pos="NN" wid="17">slavery</w>
  <w id="18" lemma="|of|" pos="IN" wid="18">of</w>
  <w id="19" lemma="|sin|" pos="NN" wid="19">sin</w>
  <w id="20" lemma="|to|" pos="TO" wid="20">to</w>
  <w id="21" lemma="|give|" pos="VB" wid="21">give</w>
  <w id="22" lemma="|we|" pos="PRP" wid="22">us</w>
  <w id="23" lemma="|the|" pos="DT" wid="23">the</w>
  <w id="24" lemma="|freedom|" pos="NN" wid="24">freedom</w>
  <w id="25" lemma="|of|" pos="IN" wid="25">of</w>
  <w id="26" lemma="|the|" pos="DT" wid="26">the</w>
  <w id="27" lemma="|child|" pos="NNS" wid="27">children</w>
  <w id="28" lemma="|of|" pos="IN" wid="28">of</w>
  <w id="29" lemma="|God|" pos="NNP" wid="29">God</w>
  <w id="30" lemma="|and|" pos="CC" wid="30">and</w>
  <w id="31" lemma="|he|" pos="PRP" wid="31">he</w>
  <w id="32" lemma="|have|" pos="VBZ" wid="32">has</w>
  <w id="33" lemma="|show|" pos="VBN" wid="33">shown</w>
  <w id="34" lemma="|we|" pos="PRP" wid="34">us</w>
  <w id="35" lemma="|the|" pos="DT" wid="35">the</w>
  <w id="36" lemma="|face|" pos="NN" wid="36">face</w>
  <w id="37" lemma="|of|" pos="IN" wid="37">of</w>
  <w id="38" lemma="|God|" pos="NNP" wid="38">God</w>
  <w id="39" lemma="|,|" pos="," wid="39">,</w>
  <w id="40" lemma="|which|" pos="WDT" wid="40">which</w>
  <w id="41" lemma="|be|" pos="VBZ" wid="41">is</w>
  <w id="42" lemma="|love|" pos="NN" wid="42">love</w>
  <w id="43" lemma="|:|" pos=":" wid="43">:</w>
  <w id="44" lemma="|God|" pos="NNP" wid="44">God</w>
  <w id="45" lemma="|can|" pos="MD" wid="45">can</w>
  <w id="46" lemma="|be|" pos="VB" wid="46">be</w>
  <w id="47" lemma="|see|" pos="VBN" wid="47">seen</w>
  <w id="48" lemma="|,|" pos="," wid="48">,</w>
  <w id="49" lemma="|he|" pos="PRP" wid="49">he</w>
  <w id="50" lemma="|be|" pos="VBZ" wid="50">is</w>
  <w id="51" lemma="|visible|" pos="JJ" wid="51">visible</w>
  <w id="52" lemma="|in|" pos="IN" wid="52">in</w>
  <w id="53" lemma="|Christ|" pos="NNP" wid="53">Christ</w>
  <w id="54" lemma="|.|" pos="." wid="54">.</w>
</sentence>
<sentence id="6">
  <w id="0" lemma="|St|" pos="NNP" wid="0">St</w>
  <w id="1" lemma="|Teresa|" pos="NNP" wid="1">Teresa</w>
  <w id="2" lemma="|of|" pos="IN" wid="2">of</w>
  <w id="3" lemma="|Avila|" pos="NNP" wid="3">Avila</w>
  <w id="4" lemma="|write|" pos="VBD" wid="4">wrote</w>
  <w id="5" lemma="|:|" pos=":" wid="5">:</w>
  <w id="6" lemma="|``|" pos="``" wid="6">``</w>
  <w id="7" lemma="|the|" pos="DT" wid="7">the</w>
  <w id="8" lemma="|last|" pos="JJ" wid="8">last</w>
  <w id="9" lemma="|thing|" pos="NN" wid="9">thing</w>
  <w id="10" lemma="|we|" pos="PRP" wid="10">we</w>
  <w id="11" lemma="|should|" pos="MD" wid="11">should</w>
  <w id="12" lemma="|do|" pos="VB" wid="12">do</w>
  <w id="13" lemma="|be|" pos="VBZ" wid="13">is</w>
  <w id="14" lemma="|to|" pos="TO" wid="14">to</w>
  <w id="15" lemma="|withdraw|" pos="VB" wid="15">withdraw</w>
  <w id="16" lemma="|from|" pos="IN" wid="16">from</w>
  <w id="17" lemma="|we|" pos="PRP$" wid="17">our</w>
  <w id="18" lemma="|greatest|" pos="JJS" wid="18">greatest</w>
  <w id="19" lemma="|good|" pos="NN" wid="19">good</w>
  <w id="20" lemma="|and|" pos="CC" wid="20">and</w>
  <w id="21" lemma="|blessing|" pos="NN" wid="21">blessing</w>
  <w id="22" lemma="|,|" pos="," wid="22">,</w>
  <w id="23" lemma="|which|" pos="WDT" wid="23">which</w>
  <w id="24" lemma="|be|" pos="VBZ" wid="24">is</w>
  <w id="25" lemma="|the|" pos="DT" wid="25">the</w>
  <w id="26" lemma="|most|" pos="RBS" wid="26">most</w>
  <w id="27" lemma="|sacred|" pos="JJ" wid="27">sacred</w>
  <w id="28" lemma="|humanity|" pos="NN" wid="28">humanity</w>
  <w id="29" lemma="|of|" pos="IN" wid="29">of</w>
  <w id="30" lemma="|Our|" pos="NNP" wid="30">Our</w>
  <w id="31" lemma="|Lord|" pos="NNP" wid="31">Lord</w>
  <w id="32" lemma="|Jesus|" pos="NNP" wid="32">Jesus</w>
  <w id="33" lemma="|Christ|" pos="NNP" wid="33">Christ</w>
  <w id="34" lemma="|''|" pos="''" wid="34">''</w>
  <w id="35" lemma="|-lrb-|" pos="-LRB-" wid="35">-LRB-</w>
  <w id="36" lemma="|cf|" pos="NN" wid="36">cf</w>
  <w id="37" lemma="|.|" pos="." wid="37">.</w>
</sentence>
<sentence id="7">
  <w id="0" lemma="|the|" pos="DT" wid="0">The</w>
  <w id="1" lemma="|Interior|" pos="NNP" wid="1">Interior</w>
  <w id="2" lemma="|Castle|" pos="NNP" wid="2">Castle</w>
  <w id="3" lemma="|,|" pos="," wid="3">,</w>
  <w id="4" lemma="|6|" pos="CD" wid="4">6</w>
  <w id="5" lemma="|,|" pos="," wid="5">,</w>
  <w id="6" lemma="|ch|" pos="NN" wid="6">ch</w>
  <w id="7" lemma="|.|" pos="." wid="7">.</w>
</sentence>
<sentence id="8">
  <w id="0" lemma="|7|" pos="CD" wid="0">7</w>
  <w id="1" lemma="|-rrb-|" pos="-RRB-" wid="1">-RRB-</w>
  <w id="2" lemma="|.|" pos="." wid="2">.</w>
</sentence>
<sentence id="9">
  <w id="0" lemma="|therefore|" pos="RB" wid="0">Therefore</w>
  <w id="1" lemma="|,|" pos="," wid="1">,</w>
  <w id="2" lemma="|only|" pos="RB" wid="2">only</w>
  <w id="3" lemma="|by|" pos="IN" wid="3">by</w>
  <w id="4" lemma="|believe|" pos="VBG" wid="4">believing</w>
  <w id="5" lemma="|in|" pos="IN" wid="5">in</w>
  <w id="6" lemma="|Christ|" pos="NNP" wid="6">Christ</w>
  <w id="7" lemma="|,|" pos="," wid="7">,</w>
  <w id="8" lemma="|by|" pos="IN" wid="8">by</w>
  <w id="9" lemma="|remain|" pos="VBG" wid="9">remaining</w>
  <w id="10" lemma="|united|" pos="JJ" wid="10">united</w>
  <w id="11" lemma="|to|" pos="TO" wid="11">to</w>
  <w id="12" lemma="|he|" pos="PRP" wid="12">him</w>
  <w id="13" lemma="|,|" pos="," wid="13">,</w>
  <w id="14" lemma="|may|" pos="MD" wid="14">may</w>
  <w id="15" lemma="|the|" pos="DT" wid="15">the</w>
  <w id="16" lemma="|disciple|" pos="NNS" wid="16">disciples</w>
  <w id="17" lemma="|,|" pos="," wid="17">,</w>
  <w id="18" lemma="|among|" pos="IN" wid="18">among</w>
  <w id="19" lemma="|whom|" pos="WP" wid="19">whom</w>
  <w id="20" lemma="|we|" pos="PRP" wid="20">we</w>
  <w id="21" lemma="|too|" pos="RB" wid="21">too</w>
  <w id="22" lemma="|be|" pos="VBP" wid="22">are</w>
  <w id="23" lemma="|,|" pos="," wid="23">,</w>
  <w id="24" lemma="|continue|" pos="VBP" wid="24">continue</w>
  <w id="25" lemma="|they|" pos="PRP$" wid="25">their</w>
  <w id="26" lemma="|permanent|" pos="JJ" wid="26">permanent</w>
  <w id="27" lemma="|action|" pos="NN" wid="27">action</w>
  <w id="28" lemma="|in|" pos="IN" wid="28">in</w>
  <w id="29" lemma="|history|" pos="NN" wid="29">history</w>
  <w id="30" lemma="|:|" pos=":" wid="30">:</w>
  <w id="31" lemma="|``|" pos="``" wid="31">``</w>
  <w id="32" lemma="|truly|" pos="RB" wid="32">Truly</w>
  <w id="33" lemma="|,|" pos="," wid="33">,</w>
  <w id="34" lemma="|truly|" pos="RB" wid="34">truly</w>
  <w id="35" lemma="|,|" pos="," wid="35">,</w>
  <w id="36" lemma="|I|" pos="PRP" wid="36">I</w>
  <w id="37" lemma="|say|" pos="VBP" wid="37">say</w>
  <w id="38" lemma="|to|" pos="TO" wid="38">to</w>
  <w id="39" lemma="|you|" pos="PRP" wid="39">you</w>
  <w id="40" lemma="|,|" pos="," wid="40">,</w>
  <w id="41" lemma="|''|" pos="''" wid="41">''</w>
  <w id="42" lemma="|say|" pos="VBZ" wid="42">says</w>
  <w id="43" lemma="|the|" pos="DT" wid="43">the</w>
  <w id="44" lemma="|Lord|" pos="NNP" wid="44">Lord</w>
  <w id="45" lemma="|,|" pos="," wid="45">,</w>
  <w id="46" lemma="|``|" pos="``" wid="46">``</w>
  <w id="47" lemma="|he|" pos="PRP" wid="47">he</w>
  <w id="48" lemma="|who|" pos="WP" wid="48">who</w>
  <w id="49" lemma="|believe|" pos="VBZ" wid="49">believes</w>
  <w id="50" lemma="|in|" pos="IN" wid="50">in</w>
  <w id="51" lemma="|I|" pos="PRP" wid="51">me</w>
  <w id="52" lemma="|will|" pos="MD" wid="52">will</w>
  <w id="53" lemma="|also|" pos="RB" wid="53">also</w>
  <w id="54" lemma="|do|" pos="VB" wid="54">do</w>
  <w id="55" lemma="|the|" pos="DT" wid="55">the</w>
  <w id="56" lemma="|work|" pos="NNS" wid="56">works</w>
  <w id="57" lemma="|that|" pos="IN" wid="57">that</w>
  <w id="58" lemma="|I|" pos="PRP" wid="58">I</w>
  <w id="59" lemma="|do|" pos="VBP" wid="59">do</w>
  <w id="60" lemma="|''|" pos="''" wid="60">''</w>
  <w id="61" lemma="|-lrb-|" pos="-LRB-" wid="61">-LRB-</w>
  <w id="62" lemma="|jn|" pos="NN" wid="62">Jn</w>
  <w id="63" lemma="|14:12|" pos="CD" wid="63">14:12</w>
  <w id="64" lemma="|-rrb-|" pos="-RRB-" wid="64">-RRB-</w>
  <w id="65" lemma="|.|" pos="." wid="65">.</w>
</sentence>
<sentence id="10">
  <w id="0" lemma="|faith|" pos="NN" wid="0">Faith</w>
  <w id="1" lemma="|in|" pos="IN" wid="1">in</w>
  <w id="2" lemma="|Jesus|" pos="NNP" wid="2">Jesus</w>
  <w id="3" lemma="|entail|" pos="VBZ" wid="3">entails</w>
  <w id="4" lemma="|follow|" pos="VBG" wid="4">following</w>
  <w id="5" lemma="|he|" pos="PRP" wid="5">him</w>
  <w id="6" lemma="|daily|" pos="RB" wid="6">daily</w>
  <w id="7" lemma="|,|" pos="," wid="7">,</w>
  <w id="8" lemma="|in|" pos="IN" wid="8">in</w>
  <w id="9" lemma="|the|" pos="DT" wid="9">the</w>
  <w id="10" lemma="|simple|" pos="JJ" wid="10">simple</w>
  <w id="11" lemma="|action|" pos="NNS" wid="11">actions</w>
  <w id="12" lemma="|that|" pos="WDT" wid="12">that</w>
  <w id="13" lemma="|make|" pos="VBP" wid="13">make</w>
  <w id="14" lemma="|up|" pos="RP" wid="14">up</w>
  <w id="15" lemma="|we|" pos="PRP$" wid="15">our</w>
  <w id="16" lemma="|day|" pos="NN" wid="16">day</w>
  <w id="17" lemma="|.|" pos="." wid="17">.</w>
</sentence>
<sentence id="11">
  <w id="0" lemma="|``|" pos="``" wid="0">``</w>
  <w id="1" lemma="|it|" pos="PRP" wid="1">It</w>
  <w id="2" lemma="|be|" pos="VBZ" wid="2">is</w>
  <w id="3" lemma="|part|" pos="NN" wid="3">part</w>
  <w id="4" lemma="|of|" pos="IN" wid="4">of</w>
  <w id="5" lemma="|the|" pos="DT" wid="5">the</w>
  <w id="6" lemma="|mystery|" pos="NN" wid="6">mystery</w>
  <w id="7" lemma="|of|" pos="IN" wid="7">of</w>
  <w id="8" lemma="|God|" pos="NNP" wid="8">God</w>
  <w id="9" lemma="|that|" pos="IN" wid="9">that</w>
  <w id="10" lemma="|he|" pos="PRP" wid="10">he</w>
  <w id="11" lemma="|act|" pos="VBZ" wid="11">acts</w>
  <w id="12" lemma="|so|" pos="RB" wid="12">so</w>
  <w id="13" lemma="|gently|" pos="RB" wid="13">gently</w>
  <w id="14" lemma="|,|" pos="," wid="14">,</w>
  <w id="15" lemma="|that|" pos="IN" wid="15">that</w>
  <w id="16" lemma="|he|" pos="PRP" wid="16">he</w>
  <w id="17" lemma="|only|" pos="RB" wid="17">only</w>
  <w id="18" lemma="|gradually|" pos="RB" wid="18">gradually</w>
  <w id="19" lemma="|build|" pos="VBZ" wid="19">builds</w>
  <w id="20" lemma="|up|" pos="RP" wid="20">up</w>
  <w id="21" lemma="|he|" pos="PRP$" wid="21">his</w>
  <w id="22" lemma="|history|" pos="NN" wid="22">history</w>
  <w id="23" lemma="|within|" pos="IN" wid="23">within</w>
  <w id="24" lemma="|the|" pos="DT" wid="24">the</w>
  <w id="25" lemma="|great|" pos="JJ" wid="25">great</w>
  <w id="26" lemma="|history|" pos="NN" wid="26">history</w>
  <w id="27" lemma="|of|" pos="IN" wid="27">of</w>
  <w id="28" lemma="|mankind|" pos="NN" wid="28">mankind</w>
  <w id="29" lemma="|;|" pos=":" wid="29">;</w>
  <w id="30" lemma="|that|" pos="IN" wid="30">that</w>
  <w id="31" lemma="|he|" pos="PRP" wid="31">he</w>
  <w id="32" lemma="|become|" pos="VBZ" wid="32">becomes</w>
  <w id="33" lemma="|man|" pos="NN" wid="33">man</w>
  <w id="34" lemma="|and|" pos="CC" wid="34">and</w>
  <w id="35" lemma="|so|" pos="RB" wid="35">so</w>
  <w id="36" lemma="|can|" pos="MD" wid="36">can</w>
  <w id="37" lemma="|be|" pos="VB" wid="37">be</w>
  <w id="38" lemma="|overlook|" pos="VBN" wid="38">overlooked</w>
  <w id="39" lemma="|by|" pos="IN" wid="39">by</w>
  <w id="40" lemma="|he|" pos="PRP$" wid="40">his</w>
  <w id="41" lemma="|contemporary|" pos="NNS" wid="41">contemporaries</w>
  <w id="42" lemma="|and|" pos="CC" wid="42">and</w>
  <w id="43" lemma="|by|" pos="IN" wid="43">by</w>
  <w id="44" lemma="|the|" pos="DT" wid="44">the</w>
  <w id="45" lemma="|decisive|" pos="JJ" wid="45">decisive</w>
  <w id="46" lemma="|force|" pos="NNS" wid="46">forces</w>
  <w id="47" lemma="|within|" pos="IN" wid="47">within</w>
  <w id="48" lemma="|history|" pos="NN" wid="48">history</w>
  <w id="49" lemma="|;|" pos=":" wid="49">;</w>
  <w id="50" lemma="|that|" pos="IN" wid="50">that</w>
  <w id="51" lemma="|he|" pos="PRP" wid="51">he</w>
  <w id="52" lemma="|suffer|" pos="VBZ" wid="52">suffers</w>
  <w id="53" lemma="|and|" pos="CC" wid="53">and</w>
  <w id="54" lemma="|die|" pos="VBZ" wid="54">dies</w>
  <w id="55" lemma="|and|" pos="CC" wid="55">and</w>
  <w id="56" lemma="|that|" pos="IN" wid="56">that</w>
  <w id="57" lemma="|,|" pos="," wid="57">,</w>
  <w id="58" lemma="|have|" pos="VBG" wid="58">having</w>
  <w id="59" lemma="|rise|" pos="VBN" wid="59">risen</w>
  <w id="60" lemma="|again|" pos="RB" wid="60">again</w>
  <w id="61" lemma="|,|" pos="," wid="61">,</w>
  <w id="62" lemma="|he|" pos="PRP" wid="62">he</w>
  <w id="63" lemma="|choose|" pos="VBZ" wid="63">chooses</w>
  <w id="64" lemma="|to|" pos="TO" wid="64">to</w>
  <w id="65" lemma="|come|" pos="VB" wid="65">come</w>
  <w id="66" lemma="|to|" pos="TO" wid="66">to</w>
  <w id="67" lemma="|mankind|" pos="NN" wid="67">mankind</w>
  <w id="68" lemma="|only|" pos="RB" wid="68">only</w>
  <w id="69" lemma="|through|" pos="IN" wid="69">through</w>
  <w id="70" lemma="|the|" pos="DT" wid="70">the</w>
  <w id="71" lemma="|faith|" pos="NN" wid="71">faith</w>
  <w id="72" lemma="|of|" pos="IN" wid="72">of</w>
  <w id="73" lemma="|the|" pos="DT" wid="73">the</w>
  <w id="74" lemma="|disciple|" pos="NNS" wid="74">disciples</w>
  <w id="75" lemma="|to|" pos="TO" wid="75">to</w>
  <w id="76" lemma="|whom|" pos="WP" wid="76">whom</w>
  <w id="77" lemma="|he|" pos="PRP" wid="77">he</w>
  <w id="78" lemma="|reveal|" pos="VBZ" wid="78">reveals</w>
  <w id="79" lemma="|himself|" pos="PRP" wid="79">himself</w>
  <w id="80" lemma="|;|" pos=":" wid="80">;</w>
  <w id="81" lemma="|that|" pos="IN" wid="81">that</w>
  <w id="82" lemma="|he|" pos="PRP" wid="82">he</w>
  <w id="83" lemma="|continue|" pos="VBZ" wid="83">continues</w>
  <w id="84" lemma="|to|" pos="TO" wid="84">to</w>
  <w id="85" lemma="|knock|" pos="VB" wid="85">knock</w>
  <w id="86" lemma="|gently|" pos="RB" wid="86">gently</w>
  <w id="87" lemma="|at|" pos="IN" wid="87">at</w>
  <w id="88" lemma="|the|" pos="DT" wid="88">the</w>
  <w id="89" lemma="|door|" pos="NNS" wid="89">doors</w>
  <w id="90" lemma="|of|" pos="IN" wid="90">of</w>
  <w id="91" lemma="|we|" pos="PRP$" wid="91">our</w>
  <w id="92" lemma="|heart|" pos="NNS" wid="92">hearts</w>
  <w id="93" lemma="|and|" pos="CC" wid="93">and</w>
  <w id="94" lemma="|slowly|" pos="RB" wid="94">slowly</w>
  <w id="95" lemma="|open|" pos="VBZ" wid="95">opens</w>
  <w id="96" lemma="|we|" pos="PRP$" wid="96">our</w>
  <w id="97" lemma="|eye|" pos="NNS" wid="97">eyes</w>
  <w id="98" lemma="|if|" pos="IN" wid="98">if</w>
  <w id="99" lemma="|we|" pos="PRP" wid="99">we</w>
  <w id="100" lemma="|open|" pos="VBP" wid="100">open</w>
  <w id="101" lemma="|we|" pos="PRP$" wid="101">our</w>
  <w id="102" lemma="|door|" pos="NNS" wid="102">doors</w>
  <w id="103" lemma="|to|" pos="TO" wid="103">to</w>
  <w id="104" lemma="|he|" pos="PRP" wid="104">him</w>
  <w id="105" lemma="|''|" pos="''" wid="105">''</w>
  <w id="106" lemma="|-lrb-|" pos="-LRB-" wid="106">-LRB-</w>
  <w id="107" lemma="|Jesus|" pos="NNP" wid="107">Jesus</w>
  <w id="108" lemma="|of|" pos="IN" wid="108">of</w>
  <w id="109" lemma="|Nazareth|" pos="NNP" wid="109">Nazareth</w>
  <w id="110" lemma="|II|" pos="NNP" wid="110">II</w>
  <w id="111" lemma="|,|" pos="," wid="111">,</w>
  <w id="112" lemma="|2011|" pos="CD" wid="112">2011</w>
  <w id="113" lemma="|,|" pos="," wid="113">,</w>
  <w id="114" lemma="|p.|" pos="NN" wid="114">p.</w>
  <w id="115" lemma="|276|" pos="CD" wid="115">276</w>
  <w id="116" lemma="|-rrb-|" pos="-RRB-" wid="116">-RRB-</w>
  <w id="117" lemma="|.|" pos="." wid="117">.</w>
</sentence>
<sentence id="12">
  <w id="0" lemma="|St|" pos="NNP" wid="0">St</w>
  <w id="1" lemma="|Augustine|" pos="NNP" wid="1">Augustine</w>
  <w id="2" lemma="|say|" pos="VBZ" wid="2">says</w>
  <w id="3" lemma="|that|" pos="IN" wid="3">that</w>
  <w id="4" lemma="|``|" pos="``" wid="4">``</w>
  <w id="5" lemma="|it|" pos="PRP" wid="5">it</w>
  <w id="6" lemma="|be|" pos="VBD" wid="6">was</w>
  <w id="7" lemma="|necessary|" pos="JJ" wid="7">necessary</w>
  <w id="8" lemma="|for|" pos="IN" wid="8">for</w>
  <w id="9" lemma="|Jesus|" pos="NNP" wid="9">Jesus</w>
  <w id="10" lemma="|to|" pos="TO" wid="10">to</w>
  <w id="11" lemma="|say|" pos="VB" wid="11">say</w>
  <w id="12" lemma="|:|" pos=":" wid="12">:</w>
  <w id="13" lemma="|`|" pos="``" wid="13">`</w>
  <w id="14" lemma="|I|" pos="PRP" wid="14">I</w>
  <w id="15" lemma="|be|" pos="VBP" wid="15">am</w>
  <w id="16" lemma="|the|" pos="DT" wid="16">the</w>
  <w id="17" lemma="|way|" pos="NN" wid="17">way</w>
  <w id="18" lemma="|,|" pos="," wid="18">,</w>
  <w id="19" lemma="|the|" pos="DT" wid="19">the</w>
  <w id="20" lemma="|truth|" pos="NN" wid="20">truth</w>
  <w id="21" lemma="|,|" pos="," wid="21">,</w>
  <w id="22" lemma="|and|" pos="CC" wid="22">and</w>
  <w id="23" lemma="|the|" pos="DT" wid="23">the</w>
  <w id="24" lemma="|life|" pos="NN" wid="24">life</w>
  <w id="25" lemma="|'|" pos="''" wid="25">'</w>
  <w id="26" lemma="|-lrb-|" pos="-LRB-" wid="26">-LRB-</w>
  <w id="27" lemma="|jn|" pos="NN" wid="27">Jn</w>
  <w id="28" lemma="|14:6|" pos="CD" wid="28">14:6</w>
  <w id="29" lemma="|-rrb-|" pos="-RRB-" wid="29">-RRB-</w>
  <w id="30" lemma="|because|" pos="IN" wid="30">because</w>
  <w id="31" lemma="|once|" pos="RB" wid="31">once</w>
  <w id="32" lemma="|the|" pos="DT" wid="32">the</w>
  <w id="33" lemma="|way|" pos="NN" wid="33">way</w>
  <w id="34" lemma="|be|" pos="VBD" wid="34">was</w>
  <w id="35" lemma="|know|" pos="VBN" wid="35">known</w>
  <w id="36" lemma="|,|" pos="," wid="36">,</w>
  <w id="37" lemma="|the|" pos="DT" wid="37">the</w>
  <w id="38" lemma="|end|" pos="NN" wid="38">end</w>
  <w id="39" lemma="|remain|" pos="VBD" wid="39">remained</w>
  <w id="40" lemma="|to|" pos="TO" wid="40">to</w>
  <w id="41" lemma="|be|" pos="VB" wid="41">be</w>
  <w id="42" lemma="|know|" pos="VBN" wid="42">known</w>
  <w id="43" lemma="|''|" pos="''" wid="43">''</w>
  <w id="44" lemma="|-lrb-|" pos="-LRB-" wid="44">-LRB-</w>
  <w id="45" lemma="|cf|" pos="NN" wid="45">cf</w>
  <w id="46" lemma="|.|" pos="." wid="46">.</w>
</sentence>
<sentence id="13">
  <w id="0" lemma="|in|" pos="IN" wid="0">In</w>
  <w id="1" lemma="|Evangelium|" pos="NNP" wid="1">Evangelium</w>
  <w id="2" lemma="|Iohannis|" pos="NNP" wid="2">Iohannis</w>
  <w id="3" lemma="|Tractatus|" pos="NNP" wid="3">Tractatus</w>
  <w id="4" lemma="|,|" pos="," wid="4">,</w>
  <w id="5" lemma="|69|" pos="CD" wid="5">69</w>
  <w id="6" lemma="|,|" pos="," wid="6">,</w>
  <w id="7" lemma="|2|" pos="CD" wid="7">2</w>
  <w id="8" lemma="|:|" pos=":" wid="8">:</w>
  <w id="9" lemma="|ccl|" pos="NN" wid="9">CCL</w>
  <w id="10" lemma="|36|" pos="CD" wid="10">36</w>
  <w id="11" lemma="|,|" pos="," wid="11">,</w>
  <w id="12" lemma="|500|" pos="CD" wid="12">500</w>
  <w id="13" lemma="|-rrb-|" pos="-RRB-" wid="13">-RRB-</w>
  <w id="14" lemma="|,|" pos="," wid="14">,</w>
  <w id="15" lemma="|and|" pos="CC" wid="15">and</w>
  <w id="16" lemma="|the|" pos="DT" wid="16">the</w>
  <w id="17" lemma="|end|" pos="NN" wid="17">end</w>
  <w id="18" lemma="|be|" pos="VBZ" wid="18">is</w>
  <w id="19" lemma="|the|" pos="DT" wid="19">the</w>
  <w id="20" lemma="|Father|" pos="NNP" wid="20">Father</w>
  <w id="21" lemma="|.|" pos="." wid="21">.</w>
</sentence>
<sentence id="14">
  <w id="0" lemma="|for|" pos="IN" wid="0">For</w>
  <w id="1" lemma="|christian|" pos="NNS" wid="1">Christians</w>
  <w id="2" lemma="|,|" pos="," wid="2">,</w>
  <w id="3" lemma="|for|" pos="IN" wid="3">for</w>
  <w id="4" lemma="|each|" pos="DT" wid="4">each</w>
  <w id="5" lemma="|one|" pos="CD" wid="5">one</w>
  <w id="6" lemma="|of|" pos="IN" wid="6">of</w>
  <w id="7" lemma="|we|" pos="PRP" wid="7">us</w>
  <w id="8" lemma="|,|" pos="," wid="8">,</w>
  <w id="9" lemma="|hence|" pos="RB" wid="9">hence</w>
  <w id="10" lemma="|,|" pos="," wid="10">,</w>
  <w id="11" lemma="|the|" pos="DT" wid="11">the</w>
  <w id="12" lemma="|way|" pos="NN" wid="12">way</w>
  <w id="13" lemma="|to|" pos="TO" wid="13">to</w>
  <w id="14" lemma="|the|" pos="DT" wid="14">the</w>
  <w id="15" lemma="|Father|" pos="NNP" wid="15">Father</w>
  <w id="16" lemma="|be|" pos="VBZ" wid="16">is</w>
  <w id="17" lemma="|to|" pos="TO" wid="17">to</w>
  <w id="18" lemma="|allow|" pos="VB" wid="18">allow</w>
  <w id="19" lemma="|ourselves|" pos="PRP" wid="19">ourselves</w>
  <w id="20" lemma="|to|" pos="TO" wid="20">to</w>
  <w id="21" lemma="|be|" pos="VB" wid="21">be</w>
  <w id="22" lemma="|guide|" pos="VBN" wid="22">guided</w>
  <w id="23" lemma="|by|" pos="IN" wid="23">by</w>
  <w id="24" lemma="|Jesus|" pos="NNP" wid="24">Jesus</w>
  <w id="25" lemma="|,|" pos="," wid="25">,</w>
  <w id="26" lemma="|by|" pos="IN" wid="26">by</w>
  <w id="27" lemma="|he|" pos="PRP$" wid="27">his</w>
  <w id="28" lemma="|word|" pos="NN" wid="28">word</w>
  <w id="29" lemma="|of|" pos="IN" wid="29">of</w>
  <w id="30" lemma="|truth|" pos="NN" wid="30">truth</w>
  <w id="31" lemma="|,|" pos="," wid="31">,</w>
  <w id="32" lemma="|and|" pos="CC" wid="32">and</w>
  <w id="33" lemma="|to|" pos="TO" wid="33">to</w>
  <w id="34" lemma="|receive|" pos="VB" wid="34">receive</w>
  <w id="35" lemma="|the|" pos="DT" wid="35">the</w>
  <w id="36" lemma="|gift|" pos="NN" wid="36">gift</w>
  <w id="37" lemma="|of|" pos="IN" wid="37">of</w>
  <w id="38" lemma="|he|" pos="PRP$" wid="38">his</w>
  <w id="39" lemma="|life|" pos="NN" wid="39">life</w>
  <w id="40" lemma="|.|" pos="." wid="40">.</w>
</sentence>
<sentence id="15">
  <w id="0" lemma="|let|" pos="VB" wid="0">Let</w>
  <w id="1" lemma="|we|" pos="PRP" wid="1">us</w>
  <w id="2" lemma="|make|" pos="VB" wid="2">make</w>
  <w id="3" lemma="|St|" pos="NNP" wid="3">St</w>
  <w id="4" lemma="|Bonaventure|" pos="NNP" wid="4">Bonaventure</w>
  <w id="5" lemma="|'s|" pos="POS" wid="5">'s</w>
  <w id="6" lemma="|invitation|" pos="NN" wid="6">invitation</w>
  <w id="7" lemma="|we|" pos="PRP$" wid="7">our</w>
  <w id="8" lemma="|own|" pos="JJ" wid="8">own</w>
  <w id="9" lemma="|:|" pos=":" wid="9">:</w>
  <w id="10" lemma="|``|" pos="``" wid="10">``</w>
  <w id="11" lemma="|Open|" pos="NNP" wid="11">Open</w>
  <w id="12" lemma="|,|" pos="," wid="12">,</w>
  <w id="13" lemma="|therefore|" pos="RB" wid="13">therefore</w>
  <w id="14" lemma="|,|" pos="," wid="14">,</w>
  <w id="15" lemma="|you|" pos="PRP$" wid="15">your</w>
  <w id="16" lemma="|eye|" pos="NNS" wid="16">eyes</w>
  <w id="17" lemma="|,|" pos="," wid="17">,</w>
  <w id="18" lemma="|lend|" pos="VB" wid="18">lend</w>
  <w id="19" lemma="|you|" pos="PRP$" wid="19">your</w>
  <w id="20" lemma="|spiritual|" pos="JJ" wid="20">spiritual</w>
  <w id="21" lemma="|ear|" pos="NN" wid="21">ear</w>
  <w id="22" lemma="|,|" pos="," wid="22">,</w>
  <w id="23" lemma="|open|" pos="VB" wid="23">open</w>
  <w id="24" lemma="|you|" pos="PRP$" wid="24">your</w>
  <w id="25" lemma="|lip|" pos="NNS" wid="25">lips</w>
  <w id="26" lemma="|and|" pos="CC" wid="26">and</w>
  <w id="27" lemma="|dispose|" pos="VB" wid="27">dispose</w>
  <w id="28" lemma="|you|" pos="PRP$" wid="28">your</w>
  <w id="29" lemma="|heart|" pos="NN" wid="29">heart</w>
  <w id="30" lemma="|,|" pos="," wid="30">,</w>
  <w id="31" lemma="|so|" pos="IN" wid="31">so</w>
  <w id="32" lemma="|that|" pos="IN" wid="32">that</w>
  <w id="33" lemma="|you|" pos="PRP" wid="33">you</w>
  <w id="34" lemma="|will|" pos="MD" wid="34">will</w>
  <w id="35" lemma="|be|" pos="VB" wid="35">be</w>
  <w id="36" lemma="|able|" pos="JJ" wid="36">able</w>
  <w id="37" lemma="|to|" pos="TO" wid="37">to</w>
  <w id="38" lemma="|see|" pos="VB" wid="38">see</w>
  <w id="39" lemma="|,|" pos="," wid="39">,</w>
  <w id="40" lemma="|hear|" pos="VB" wid="40">hear</w>
  <w id="41" lemma="|,|" pos="," wid="41">,</w>
  <w id="42" lemma="|praise|" pos="VB" wid="42">praise</w>
  <w id="43" lemma="|,|" pos="," wid="43">,</w>
  <w id="44" lemma="|love|" pos="VB" wid="44">love</w>
  <w id="45" lemma="|,|" pos="," wid="45">,</w>
  <w id="46" lemma="|venerate|" pos="VB" wid="46">venerate</w>
  <w id="47" lemma="|,|" pos="," wid="47">,</w>
  <w id="48" lemma="|glorify|" pos="VB" wid="48">glorify</w>
  <w id="49" lemma="|,|" pos="," wid="49">,</w>
  <w id="50" lemma="|honour|" pos="VB" wid="50">honour</w>
  <w id="51" lemma="|you|" pos="PRP$" wid="51">your</w>
  <w id="52" lemma="|God|" pos="NNP" wid="52">God</w>
  <w id="53" lemma="|in|" pos="IN" wid="53">in</w>
  <w id="54" lemma="|all|" pos="DT" wid="54">all</w>
  <w id="55" lemma="|creature|" pos="NNS" wid="55">creatures</w>
  <w id="56" lemma="|''|" pos="''" wid="56">''</w>
  <w id="57" lemma="|-lrb-|" pos="-LRB-" wid="57">-LRB-</w>
  <w id="58" lemma="|itinerarium|" pos="FW" wid="58">Itinerarium</w>
  <w id="59" lemma="|mentis|" pos="FW" wid="59">mentis</w>
  <w id="60" lemma="|in|" pos="IN" wid="60">in</w>
  <w id="61" lemma="|Deum|" pos="NNP" wid="61">Deum</w>
  <w id="62" lemma="|,|" pos="," wid="62">,</w>
  <w id="63" lemma="|i|" pos="FW" wid="63">i</w>
  <w id="64" lemma="|,|" pos="," wid="64">,</w>
  <w id="65" lemma="|15|" pos="CD" wid="65">15</w>
  <w id="66" lemma="|-rrb-|" pos="-RRB-" wid="66">-RRB-</w>
  <w id="67" lemma="|.|" pos="." wid="67">.</w>
</sentence>
<sentence id="16">
  <w id="0" lemma="|Dear|" pos="NNP" wid="0">Dear</w>
  <w id="1" lemma="|friend|" pos="NNS" wid="1">friends</w>
  <w id="2" lemma="|,|" pos="," wid="2">,</w>
  <w id="3" lemma="|the|" pos="DT" wid="3">the</w>
  <w id="4" lemma="|commitment|" pos="NN" wid="4">commitment</w>
  <w id="5" lemma="|to|" pos="TO" wid="5">to</w>
  <w id="6" lemma="|proclaim|" pos="VB" wid="6">proclaim</w>
  <w id="7" lemma="|Jesus|" pos="NNP" wid="7">Jesus</w>
  <w id="8" lemma="|Christ|" pos="NNP" wid="8">Christ</w>
  <w id="9" lemma="|,|" pos="," wid="9">,</w>
  <w id="10" lemma="|``|" pos="``" wid="10">``</w>
  <w id="11" lemma="|the|" pos="DT" wid="11">the</w>
  <w id="12" lemma="|way|" pos="NN" wid="12">way</w>
  <w id="13" lemma="|,|" pos="," wid="13">,</w>
  <w id="14" lemma="|the|" pos="DT" wid="14">the</w>
  <w id="15" lemma="|truth|" pos="NN" wid="15">truth</w>
  <w id="16" lemma="|,|" pos="," wid="16">,</w>
  <w id="17" lemma="|and|" pos="CC" wid="17">and</w>
  <w id="18" lemma="|the|" pos="DT" wid="18">the</w>
  <w id="19" lemma="|life|" pos="NN" wid="19">life</w>
  <w id="20" lemma="|''|" pos="''" wid="20">''</w>
  <w id="21" lemma="|-lrb-|" pos="-LRB-" wid="21">-LRB-</w>
  <w id="22" lemma="|jn|" pos="FW" wid="22">Jn</w>
  <w id="23" lemma="|14:6|" pos="FW" wid="23">14:6</w>
  <w id="24" lemma="|-rrb-|" pos="-RRB-" wid="24">-RRB-</w>
  <w id="25" lemma="|,|" pos="," wid="25">,</w>
  <w id="26" lemma="|be|" pos="VBZ" wid="26">is</w>
  <w id="27" lemma="|the|" pos="DT" wid="27">the</w>
  <w id="28" lemma="|main|" pos="JJ" wid="28">main</w>
  <w id="29" lemma="|task|" pos="NN" wid="29">task</w>
  <w id="30" lemma="|of|" pos="IN" wid="30">of</w>
  <w id="31" lemma="|the|" pos="DT" wid="31">the</w>
  <w id="32" lemma="|Church|" pos="NNP" wid="32">Church</w>
  <w id="33" lemma="|.|" pos="." wid="33">.</w>
</sentence>
<sentence id="17">
  <w id="0" lemma="|let|" pos="VB" wid="0">Let</w>
  <w id="1" lemma="|we|" pos="PRP" wid="1">us</w>
  <w id="2" lemma="|invoke|" pos="VB" wid="2">invoke</w>
  <w id="3" lemma="|the|" pos="DT" wid="3">the</w>
  <w id="4" lemma="|Virgin|" pos="NNP" wid="4">Virgin</w>
  <w id="5" lemma="|Mary|" pos="NNP" wid="5">Mary</w>
  <w id="6" lemma="|that|" pos="IN" wid="6">that</w>
  <w id="7" lemma="|she|" pos="PRP" wid="7">she</w>
  <w id="8" lemma="|may|" pos="MD" wid="8">may</w>
  <w id="9" lemma="|always|" pos="RB" wid="9">always</w>
  <w id="10" lemma="|assist|" pos="VB" wid="10">assist</w>
  <w id="11" lemma="|the|" pos="DT" wid="11">the</w>
  <w id="12" lemma="|Pastors|" pos="NNPS" wid="12">Pastors</w>
  <w id="13" lemma="|and|" pos="CC" wid="13">and</w>
  <w id="14" lemma="|those|" pos="DT" wid="14">those</w>
  <w id="15" lemma="|in|" pos="IN" wid="15">in</w>
  <w id="16" lemma="|the|" pos="DT" wid="16">the</w>
  <w id="17" lemma="|different|" pos="JJ" wid="17">different</w>
  <w id="18" lemma="|ministry|" pos="NNS" wid="18">ministries</w>
  <w id="19" lemma="|to|" pos="TO" wid="19">to</w>
  <w id="20" lemma="|proclaim|" pos="VB" wid="20">proclaim</w>
  <w id="21" lemma="|the|" pos="DT" wid="21">the</w>
  <w id="22" lemma="|Good|" pos="NNP" wid="22">Good</w>
  <w id="23" lemma="|News|" pos="NNP" wid="23">News</w>
  <w id="24" lemma="|of|" pos="IN" wid="24">of</w>
  <w id="25" lemma="|salvation|" pos="NN" wid="25">salvation</w>
  <w id="26" lemma="|,|" pos="," wid="26">,</w>
  <w id="27" lemma="|that|" pos="IN" wid="27">that</w>
  <w id="28" lemma="|the|" pos="DT" wid="28">the</w>
  <w id="29" lemma="|word|" pos="NN" wid="29">Word</w>
  <w id="30" lemma="|of|" pos="IN" wid="30">of</w>
  <w id="31" lemma="|God|" pos="NNP" wid="31">God</w>
  <w id="32" lemma="|may|" pos="MD" wid="32">may</w>
  <w id="33" lemma="|be|" pos="VB" wid="33">be</w>
  <w id="34" lemma="|spread|" pos="VBN" wid="34">spread</w>
  <w id="35" lemma="|and|" pos="CC" wid="35">and</w>
  <w id="36" lemma="|the|" pos="DT" wid="36">the</w>
  <w id="37" lemma="|number|" pos="NN" wid="37">number</w>
  <w id="38" lemma="|of|" pos="IN" wid="38">of</w>
  <w id="39" lemma="|disciple|" pos="NNS" wid="39">disciples</w>
  <w id="40" lemma="|multiply|" pos="VBN" wid="40">multiplied</w>
  <w id="41" lemma="|-lrb-|" pos="-LRB-" wid="41">-LRB-</w>
  <w id="42" lemma="|cf|" pos="NN" wid="42">cf</w>
  <w id="43" lemma="|.|" pos="." wid="43">.</w>
</sentence>
<sentence id="18">
  <w id="0" lemma="|act|" pos="NNS" wid="0">Acts</w>
  <w id="1" lemma="|6:7|" pos="CD" wid="1">6:7</w>
  <w id="2" lemma="|-rrb-|" pos="-RRB-" wid="2">-RRB-</w>
  <w id="3" lemma="|after|" pos="IN" wid="3">After</w>
  <w id="4" lemma="|the|" pos="DT" wid="4">the</w>
  <w id="5" lemma="|Regina|" pos="NNP" wid="5">Regina</w>
  <w id="6" lemma="|Caeli|" pos="NNP" wid="6">Caeli</w>
  <w id="7" lemma="|:|" pos=":" wid="7">:</w>
  <w id="8" lemma="|I|" pos="PRP" wid="8">I</w>
  <w id="9" lemma="|share|" pos="VBP" wid="9">share</w>
  <w id="10" lemma="|in|" pos="IN" wid="10">in</w>
  <w id="11" lemma="|the|" pos="DT" wid="11">the</w>
  <w id="12" lemma="|joy|" pos="NN" wid="12">joy</w>
  <w id="13" lemma="|of|" pos="IN" wid="13">of</w>
  <w id="14" lemma="|the|" pos="DT" wid="14">the</w>
  <w id="15" lemma="|Church|" pos="NNP" wid="15">Church</w>
  <w id="16" lemma="|in|" pos="IN" wid="16">in</w>
  <w id="17" lemma="|Portugal|" pos="NNP" wid="17">Portugal</w>
  <w id="18" lemma="|for|" pos="IN" wid="18">for</w>
  <w id="19" lemma="|the|" pos="DT" wid="19">the</w>
  <w id="20" lemma="|Beatification|" pos="NNP" wid="20">Beatification</w>
  <w id="21" lemma="|of|" pos="IN" wid="21">of</w>
  <w id="22" lemma="|Mother|" pos="NNP" wid="22">Mother</w>
  <w id="23" lemma="|Maria|" pos="NNP" wid="23">Maria</w>
  <w id="24" lemma="|Clara|" pos="NNP" wid="24">Clara</w>
  <w id="25" lemma="|of|" pos="IN" wid="25">of</w>
  <w id="26" lemma="|the|" pos="DT" wid="26">the</w>
  <w id="27" lemma="|Child|" pos="NNP" wid="27">Child</w>
  <w id="28" lemma="|Jesus|" pos="NNP" wid="28">Jesus</w>
  <w id="29" lemma="|,|" pos="," wid="29">,</w>
  <w id="30" lemma="|which|" pos="WDT" wid="30">which</w>
  <w id="31" lemma="|take|" pos="VBD" wid="31">took</w>
  <w id="32" lemma="|place|" pos="NN" wid="32">place</w>
  <w id="33" lemma="|in|" pos="IN" wid="33">in</w>
  <w id="34" lemma="|Lisbon|" pos="NNP" wid="34">Lisbon</w>
  <w id="35" lemma="|,|" pos="," wid="35">,</w>
  <w id="36" lemma="|on|" pos="IN" wid="36">on</w>
  <w id="37" lemma="|21|" pos="CD" wid="37">21</w>
  <w id="38" lemma="|May|" pos="NNP" wid="38">May</w>
  <w id="39" lemma="|;|" pos=":" wid="39">;</w>
  <w id="40" lemma="|and|" pos="CC" wid="40">and</w>
  <w id="41" lemma="|in|" pos="IN" wid="41">in</w>
  <w id="42" lemma="|that|" pos="DT" wid="42">that</w>
  <w id="43" lemma="|of|" pos="IN" wid="43">of</w>
  <w id="44" lemma="|Brazil|" pos="NNP" wid="44">Brazil</w>
  <w id="45" lemma="|for|" pos="IN" wid="45">for</w>
  <w id="46" lemma="|the|" pos="DT" wid="46">the</w>
  <w id="47" lemma="|proclamation|" pos="NN" wid="47">proclamation</w>
  <w id="48" lemma="|as|" pos="IN" wid="48">as</w>
  <w id="49" lemma="|Blessed|" pos="NNP" wid="49">Blessed</w>
  <w id="50" lemma="|of|" pos="IN" wid="50">of</w>
  <w id="51" lemma="|Sr|" pos="NNP" wid="51">Sr</w>
  <w id="52" lemma="|Dulce|" pos="NNP" wid="52">Dulce</w>
  <w id="53" lemma="|Lopes|" pos="NNP" wid="53">Lopes</w>
  <w id="54" lemma="|Pontes|" pos="NNP" wid="54">Pontes</w>
  <w id="55" lemma="|,|" pos="," wid="55">,</w>
  <w id="56" lemma="|on|" pos="IN" wid="56">on</w>
  <w id="57" lemma="|22|" pos="CD" wid="57">22</w>
  <w id="58" lemma="|May|" pos="NNP" wid="58">May</w>
  <w id="59" lemma="|,|" pos="," wid="59">,</w>
  <w id="60" lemma="|in|" pos="IN" wid="60">in</w>
  <w id="61" lemma="|São|" pos="NNP" wid="61">São</w>
  <w id="62" lemma="|Salvado|" pos="NNP" wid="62">Salvado</w>
  <w id="63" lemma="|da|" pos="NNP" wid="63">da</w>
  <w id="64" lemma="|Bahia|" pos="NNP" wid="64">Bahia</w>
  <w id="65" lemma="|.|" pos="." wid="65">.</w>
</sentence>
<sentence id="19">
  <w id="0" lemma="|I|" pos="PRP" wid="0">I</w>
  <w id="1" lemma="|welcome|" pos="VBP" wid="1">welcome</w>
  <w id="2" lemma="|all|" pos="PDT" wid="2">all</w>
  <w id="3" lemma="|the|" pos="DT" wid="3">the</w>
  <w id="4" lemma="|english-speaking|" pos="JJ" wid="4">English-speaking</w>
  <w id="5" lemma="|visitor|" pos="NNS" wid="5">visitors</w>
  <w id="6" lemma="|who|" pos="WP" wid="6">who</w>
  <w id="7" lemma="|join|" pos="VBP" wid="7">join</w>
  <w id="8" lemma="|we|" pos="PRP" wid="8">us</w>
  <w id="9" lemma="|for|" pos="IN" wid="9">for</w>
  <w id="10" lemma="|this|" pos="DT" wid="10">this</w>
  <w id="11" lemma="|Regina|" pos="NNP" wid="11">Regina</w>
  <w id="12" lemma="|Caeli|" pos="NNP" wid="12">Caeli</w>
  <w id="13" lemma="|prayer|" pos="NN" wid="13">prayer</w>
  <w id="14" lemma="|.|" pos="." wid="14">.</w>
</sentence>
<sentence id="20">
  <w id="0" lemma="|in|" pos="IN" wid="0">In</w>
  <w id="1" lemma="|a|" pos="DT" wid="1">a</w>
  <w id="2" lemma="|special|" pos="JJ" wid="2">special</w>
  <w id="3" lemma="|way|" pos="NN" wid="3">way</w>
  <w id="4" lemma="|I|" pos="PRP" wid="4">I</w>
  <w id="5" lemma="|greet|" pos="VBP" wid="5">greet</w>
  <w id="6" lemma="|the|" pos="DT" wid="6">the</w>
  <w id="7" lemma="|participant|" pos="NNS" wid="7">participants</w>
  <w id="8" lemma="|in|" pos="IN" wid="8">in</w>
  <w id="9" lemma="|the|" pos="DT" wid="9">the</w>
  <w id="10" lemma="|leadership|" pos="NN" wid="10">leadership</w>
  <w id="11" lemma="|training|" pos="NN" wid="11">training</w>
  <w id="12" lemma="|course|" pos="NN" wid="12">course</w>
  <w id="13" lemma="|offer|" pos="VBN" wid="13">offered</w>
  <w id="14" lemma="|by|" pos="IN" wid="14">by</w>
  <w id="15" lemma="|the|" pos="DT" wid="15">the</w>
  <w id="16" lemma="|Saint|" pos="NNP" wid="16">Saint</w>
  <w id="17" lemma="|Egidio|" pos="NNP" wid="17">Egidio</w>
  <w id="18" lemma="|community|" pos="NN" wid="18">community</w>
  <w id="19" lemma="|,|" pos="," wid="19">,</w>
  <w id="20" lemma="|assure|" pos="VBG" wid="20">assuring</w>
  <w id="21" lemma="|they|" pos="PRP" wid="21">them</w>
  <w id="22" lemma="|of|" pos="IN" wid="22">of</w>
  <w id="23" lemma="|my|" pos="PRP$" wid="23">my</w>
  <w id="24" lemma="|prayer|" pos="NNS" wid="24">prayers</w>
  <w id="25" lemma="|for|" pos="IN" wid="25">for</w>
  <w id="26" lemma="|they|" pos="PRP$" wid="26">their</w>
  <w id="27" lemma="|effort|" pos="NNS" wid="27">efforts</w>
  <w id="28" lemma="|to|" pos="TO" wid="28">to</w>
  <w id="29" lemma="|proclaim|" pos="VB" wid="29">proclaim</w>
  <w id="30" lemma="|the|" pos="DT" wid="30">the</w>
  <w id="31" lemma="|Gospel|" pos="NNP" wid="31">Gospel</w>
  <w id="32" lemma="|and|" pos="CC" wid="32">and</w>
  <w id="33" lemma="|serve|" pos="VB" wid="33">serve</w>
  <w id="34" lemma="|the|" pos="DT" wid="34">the</w>
  <w id="35" lemma="|poor|" pos="JJ" wid="35">poor</w>
  <w id="36" lemma="|and|" pos="CC" wid="36">and</w>
  <w id="37" lemma="|needy|" pos="JJ" wid="37">needy</w>
  <w id="38" lemma="|in|" pos="IN" wid="38">in</w>
  <w id="39" lemma="|they|" pos="PRP$" wid="39">their</w>
  <w id="40" lemma="|native|" pos="JJ" wid="40">native</w>
  <w id="41" lemma="|country|" pos="NNS" wid="41">countries</w>
  <w id="42" lemma="|.|" pos="." wid="42">.</w>
</sentence>
<sentence id="21">
  <w id="0" lemma="|also|" pos="RB" wid="0">Also</w>
  <w id="1" lemma="|in|" pos="IN" wid="1">in</w>
  <w id="2" lemma="|these|" pos="DT" wid="2">these</w>
  <w id="3" lemma="|day|" pos="NNS" wid="3">days</w>
  <w id="4" lemma="|the|" pos="DT" wid="4">the</w>
  <w id="5" lemma="|International|" pos="NNP" wid="5">International</w>
  <w id="6" lemma="|Ecumenical|" pos="NNP" wid="6">Ecumenical</w>
  <w id="7" lemma="|Peace|" pos="NNP" wid="7">Peace</w>
  <w id="8" lemma="|Convocation|" pos="NNP" wid="8">Convocation</w>
  <w id="9" lemma="|,|" pos="," wid="9">,</w>
  <w id="10" lemma="|organize|" pos="VBN" wid="10">organized</w>
  <w id="11" lemma="|by|" pos="IN" wid="11">by</w>
  <w id="12" lemma="|the|" pos="DT" wid="12">the</w>
  <w id="13" lemma="|World|" pos="NNP" wid="13">World</w>
  <w id="14" lemma="|Council|" pos="NNP" wid="14">Council</w>
  <w id="15" lemma="|of|" pos="IN" wid="15">of</w>
  <w id="16" lemma="|Churches|" pos="NNP" wid="16">Churches</w>
  <w id="17" lemma="|,|" pos="," wid="17">,</w>
  <w id="18" lemma="|be|" pos="VBZ" wid="18">is</w>
  <w id="19" lemma="|meet|" pos="VBG" wid="19">meeting</w>
  <w id="20" lemma="|in|" pos="IN" wid="20">in</w>
  <w id="21" lemma="|Kingston|" pos="NNP" wid="21">Kingston</w>
  <w id="22" lemma="|,|" pos="," wid="22">,</w>
  <w id="23" lemma="|Jamaica|" pos="NNP" wid="23">Jamaica</w>
  <w id="24" lemma="|.|" pos="." wid="24">.</w>
</sentence>
<sentence id="22">
  <w id="0" lemma="|the|" pos="DT" wid="0">The</w>
  <w id="1" lemma="|Convocation|" pos="NNP" wid="1">Convocation</w>
  <w id="2" lemma="|be|" pos="VBZ" wid="2">is</w>
  <w id="3" lemma="|the|" pos="DT" wid="3">the</w>
  <w id="4" lemma="|culmination|" pos="NN" wid="4">culmination</w>
  <w id="5" lemma="|of|" pos="IN" wid="5">of</w>
  <w id="6" lemma="|a|" pos="DT" wid="6">a</w>
  <w id="7" lemma="|decade-long|" pos="JJ" wid="7">decade-long</w>
  <w id="8" lemma="|programme|" pos="NN" wid="8">programme</w>
  <w id="9" lemma="|aim|" pos="VBN" wid="9">aimed</w>
  <w id="10" lemma="|at|" pos="IN" wid="10">at</w>
  <w id="11" lemma="|combate|" pos="VBG" wid="11">combating</w>
  <w id="12" lemma="|all|" pos="DT" wid="12">all</w>
  <w id="13" lemma="|form|" pos="NNS" wid="13">forms</w>
  <w id="14" lemma="|of|" pos="IN" wid="14">of</w>
  <w id="15" lemma="|violence|" pos="NN" wid="15">violence</w>
  <w id="16" lemma="|.|" pos="." wid="16">.</w>
</sentence>
<sentence id="23">
  <w id="0" lemma="|let|" pos="VB" wid="0">Let</w>
  <w id="1" lemma="|we|" pos="PRP" wid="1">us</w>
  <w id="2" lemma="|join|" pos="VB" wid="2">join</w>
  <w id="3" lemma="|in|" pos="IN" wid="3">in</w>
  <w id="4" lemma="|prayer|" pos="NN" wid="4">prayer</w>
  <w id="5" lemma="|for|" pos="IN" wid="5">for</w>
  <w id="6" lemma="|this|" pos="DT" wid="6">this</w>
  <w id="7" lemma="|noble|" pos="JJ" wid="7">noble</w>
  <w id="8" lemma="|intention|" pos="NN" wid="8">intention</w>
  <w id="9" lemma="|,|" pos="," wid="9">,</w>
  <w id="10" lemma="|and|" pos="CC" wid="10">and</w>
  <w id="11" lemma="|recommit|" pos="VB" wid="11">recommit</w>
  <w id="12" lemma="|ourselves|" pos="PRP" wid="12">ourselves</w>
  <w id="13" lemma="|to|" pos="TO" wid="13">to</w>
  <w id="14" lemma="|eliminate|" pos="VBG" wid="14">eliminating</w>
  <w id="15" lemma="|violence|" pos="NN" wid="15">violence</w>
  <w id="16" lemma="|in|" pos="IN" wid="16">in</w>
  <w id="17" lemma="|family|" pos="NNS" wid="17">families</w>
  <w id="18" lemma="|,|" pos="," wid="18">,</w>
  <w id="19" lemma="|in|" pos="IN" wid="19">in</w>
  <w id="20" lemma="|society|" pos="NN" wid="20">society</w>
  <w id="21" lemma="|and|" pos="CC" wid="21">and</w>
  <w id="22" lemma="|in|" pos="IN" wid="22">in</w>
  <w id="23" lemma="|the|" pos="DT" wid="23">the</w>
  <w id="24" lemma="|international|" pos="JJ" wid="24">international</w>
  <w id="25" lemma="|community|" pos="NN" wid="25">community</w>
  <w id="26" lemma="|.|" pos="." wid="26">.</w>
</sentence>
<sentence id="24">
  <w id="0" lemma="|Dear|" pos="NNP" wid="0">Dear</w>
  <w id="1" lemma="|friend|" pos="NNS" wid="1">friends</w>
  <w id="2" lemma="|,|" pos="," wid="2">,</w>
  <w id="3" lemma="|in|" pos="IN" wid="3">in</w>
  <w id="4" lemma="|the|" pos="DT" wid="4">the</w>
  <w id="5" lemma="|joy|" pos="NN" wid="5">joy</w>
  <w id="6" lemma="|of|" pos="IN" wid="6">of</w>
  <w id="7" lemma="|this|" pos="DT" wid="7">this</w>
  <w id="8" lemma="|Easter|" pos="NNP" wid="8">Easter</w>
  <w id="9" lemma="|season|" pos="NN" wid="9">Season</w>
  <w id="10" lemma="|,|" pos="," wid="10">,</w>
  <w id="11" lemma="|may|" pos="MD" wid="11">may</w>
  <w id="12" lemma="|we|" pos="PRP" wid="12">we</w>
  <w id="13" lemma="|be|" pos="VB" wid="13">be</w>
  <w id="14" lemma="|strengthen|" pos="VBN" wid="14">strengthened</w>
  <w id="15" lemma="|by|" pos="IN" wid="15">by</w>
  <w id="16" lemma="|the|" pos="DT" wid="16">the</w>
  <w id="17" lemma="|Risen|" pos="NNP" wid="17">Risen</w>
  <w id="18" lemma="|Lord|" pos="NNP" wid="18">Lord</w>
  <w id="19" lemma="|to|" pos="TO" wid="19">to</w>
  <w id="20" lemma="|follow|" pos="VB" wid="20">follow</w>
  <w id="21" lemma="|he|" pos="PRP" wid="21">him</w>
  <w id="22" lemma="|faithfully|" pos="RB" wid="22">faithfully</w>
  <w id="23" lemma="|and|" pos="CC" wid="23">and</w>
  <w id="24" lemma="|to|" pos="TO" wid="24">to</w>
  <w id="25" lemma="|share|" pos="VB" wid="25">share</w>
  <w id="26" lemma="|in|" pos="IN" wid="26">in</w>
  <w id="27" lemma="|he|" pos="PRP$" wid="27">his</w>
  <w id="28" lemma="|life|" pos="NN" wid="28">life</w>
  <w id="29" lemma="|.|" pos="." wid="29">.</w>
</sentence>
<sentence id="25">
  <w id="0" lemma="|upon|" pos="IN" wid="0">Upon</w>
  <w id="1" lemma="|you|" pos="PRP" wid="1">you</w>
  <w id="2" lemma="|and|" pos="CC" wid="2">and</w>
  <w id="3" lemma="|you|" pos="PRP$" wid="3">your</w>
  <w id="4" lemma="|family|" pos="NNS" wid="4">families</w>
  <w id="5" lemma="|I|" pos="PRP" wid="5">I</w>
  <w id="6" lemma="|invoke|" pos="VBP" wid="6">invoke</w>
  <w id="7" lemma="|God|" pos="NNP" wid="7">God</w>
  <w id="8" lemma="|'s|" pos="POS" wid="8">'s</w>
  <w id="9" lemma="|abundant|" pos="JJ" wid="9">abundant</w>
  <w id="10" lemma="|blessing|" pos="NNS" wid="10">blessings</w>
  <w id="11" lemma="|.|" pos="." wid="11">.</w>
</sentence>
<sentence id="26">
  <w id="0" lemma="|to|" pos="TO" wid="0">To</w>
  <w id="1" lemma="|a|" pos="DT" wid="1">a</w>
  <w id="2" lemma="|group|" pos="NN" wid="2">group</w>
  <w id="3" lemma="|of|" pos="IN" wid="3">of</w>
  <w id="4" lemma="|pilgrim|" pos="NNS" wid="4">pilgrims</w>
  <w id="5" lemma="|from|" pos="IN" wid="5">from</w>
  <w id="6" lemma="|the|" pos="DT" wid="6">the</w>
  <w id="7" lemma="|pro-life|" pos="JJ" wid="7">pro-life</w>
  <w id="8" lemma="|movement|" pos="NN" wid="8">movement</w>
  <w id="9" lemma="|:|" pos=":" wid="9">:</w>
  <w id="10" lemma="|Dear|" pos="NNP" wid="10">Dear</w>
  <w id="11" lemma="|friend|" pos="NNS" wid="11">friends</w>
  <w id="12" lemma="|,|" pos="," wid="12">,</w>
  <w id="13" lemma="|I|" pos="PRP" wid="13">I</w>
  <w id="14" lemma="|congratulate|" pos="VBP" wid="14">congratulate</w>
  <w id="15" lemma="|you|" pos="PRP" wid="15">you</w>
  <w id="16" lemma="|in|" pos="IN" wid="16">in</w>
  <w id="17" lemma="|particular|" pos="JJ" wid="17">particular</w>
  <w id="18" lemma="|for|" pos="IN" wid="18">for</w>
  <w id="19" lemma="|the|" pos="DT" wid="19">the</w>
  <w id="20" lemma="|commitment|" pos="NN" wid="20">commitment</w>
  <w id="21" lemma="|with|" pos="IN" wid="21">with</w>
  <w id="22" lemma="|which|" pos="WDT" wid="22">which</w>
  <w id="23" lemma="|you|" pos="PRP" wid="23">you</w>
  <w id="24" lemma="|help|" pos="VBP" wid="24">help</w>
  <w id="25" lemma="|woman|" pos="NNS" wid="25">women</w>
  <w id="26" lemma="|who|" pos="WP" wid="26">who</w>
  <w id="27" lemma="|face|" pos="VBP" wid="27">face</w>
  <w id="28" lemma="|difficult|" pos="JJ" wid="28">difficult</w>
  <w id="29" lemma="|pregnancy|" pos="NNS" wid="29">pregnancies</w>
  <w id="30" lemma="|,|" pos="," wid="30">,</w>
  <w id="31" lemma="|engage|" pos="VBD" wid="31">engaged</w>
  <w id="32" lemma="|couple|" pos="NNS" wid="32">couples</w>
  <w id="33" lemma="|and|" pos="CC" wid="33">and</w>
  <w id="34" lemma="|married|" pos="JJ" wid="34">married</w>
  <w id="35" lemma="|people|" pos="NNS" wid="35">people</w>
  <w id="36" lemma="|who|" pos="WP" wid="36">who</w>
  <w id="37" lemma="|desire|" pos="VBP" wid="37">desire</w>
  <w id="38" lemma="|responsible|" pos="JJ" wid="38">responsible</w>
  <w id="39" lemma="|procreation|" pos="NN" wid="39">procreation</w>
  <w id="40" lemma="|;|" pos=":" wid="40">;</w>
  <w id="41" lemma="|in|" pos="IN" wid="41">In</w>
  <w id="42" lemma="|so|" pos="RB" wid="42">so</w>
  <w id="43" lemma="|do|" pos="VBG" wid="43">doing</w>
  <w id="44" lemma="|,|" pos="," wid="44">,</w>
  <w id="45" lemma="|you|" pos="PRP" wid="45">you</w>
  <w id="46" lemma="|work|" pos="VBP" wid="46">work</w>
  <w id="47" lemma="|concretely|" pos="RB" wid="47">concretely</w>
  <w id="48" lemma="|for|" pos="IN" wid="48">for</w>
  <w id="49" lemma="|the|" pos="DT" wid="49">the</w>
  <w id="50" lemma="|culture|" pos="NN" wid="50">culture</w>
  <w id="51" lemma="|of|" pos="IN" wid="51">of</w>
  <w id="52" lemma="|life|" pos="NN" wid="52">life</w>
  <w id="53" lemma="|.|" pos="." wid="53">.</w>
</sentence>
<sentence id="27">
  <w id="0" lemma="|I|" pos="PRP" wid="0">I</w>
  <w id="1" lemma="|ask|" pos="VBP" wid="1">ask</w>
  <w id="2" lemma="|the|" pos="DT" wid="2">the</w>
  <w id="3" lemma="|Lord|" pos="NNP" wid="3">Lord</w>
  <w id="4" lemma="|that|" pos="IN" wid="4">that</w>
  <w id="5" lemma="|,|" pos="," wid="5">,</w>
  <w id="6" lemma="|thanks|" pos="NNS" wid="6">thanks</w>
  <w id="7" lemma="|also|" pos="RB" wid="7">also</w>
  <w id="8" lemma="|to|" pos="TO" wid="8">to</w>
  <w id="9" lemma="|you|" pos="PRP$" wid="9">your</w>
  <w id="10" lemma="|contribution|" pos="NN" wid="10">contribution</w>
  <w id="11" lemma="|,|" pos="," wid="11">,</w>
  <w id="12" lemma="|the|" pos="DT" wid="12">the</w>
  <w id="13" lemma="|``|" pos="``" wid="13">``</w>
  <w id="14" lemma="|yes|" pos="RB" wid="14">yes</w>
  <w id="15" lemma="|to|" pos="TO" wid="15">to</w>
  <w id="16" lemma="|life|" pos="NN" wid="16">life</w>
  <w id="17" lemma="|''|" pos="''" wid="17">''</w>
  <w id="18" lemma="|will|" pos="MD" wid="18">will</w>
  <w id="19" lemma="|be|" pos="VB" wid="19">be</w>
  <w id="20" lemma="|a|" pos="DT" wid="20">a</w>
  <w id="21" lemma="|motive|" pos="NN" wid="21">motive</w>
  <w id="22" lemma="|for|" pos="IN" wid="22">for</w>
  <w id="23" lemma="|unity|" pos="NN" wid="23">unity</w>
  <w id="24" lemma="|in|" pos="IN" wid="24">in</w>
  <w id="25" lemma="|Italy|" pos="NNP" wid="25">Italy</w>
  <w id="26" lemma="|and|" pos="CC" wid="26">and</w>
  <w id="27" lemma="|in|" pos="IN" wid="27">in</w>
  <w id="28" lemma="|every|" pos="DT" wid="28">every</w>
  <w id="29" lemma="|country|" pos="NN" wid="29">country</w>
  <w id="30" lemma="|of|" pos="IN" wid="30">of</w>
  <w id="31" lemma="|the|" pos="DT" wid="31">the</w>
  <w id="32" lemma="|world|" pos="NN" wid="32">world</w>
  <w id="33" lemma="|.|" pos="." wid="33">.</w>
</sentence>
<sentence id="28">
  <w id="0" lemma="|I|" pos="PRP" wid="0">I</w>
  <w id="1" lemma="|bless|" pos="VBP" wid="1">bless</w>
  <w id="2" lemma="|the|" pos="DT" wid="2">the</w>
  <w id="3" lemma="|child|" pos="NNS" wid="3">children</w>
  <w id="4" lemma="|accompany|" pos="VBN" wid="4">accompanied</w>
  <w id="5" lemma="|by|" pos="IN" wid="5">by</w>
  <w id="6" lemma="|UNITALSI|" pos="NNP" wid="6">UNITALSI</w>
  <w id="7" lemma="|,|" pos="," wid="7">,</w>
  <w id="8" lemma="|who|" pos="WP" wid="8">who</w>
  <w id="9" lemma="|by|" pos="IN" wid="9">by</w>
  <w id="10" lemma="|overcome|" pos="VBG" wid="10">overcoming</w>
  <w id="11" lemma="|debilitating|" pos="JJ" wid="11">debilitating</w>
  <w id="12" lemma="|illness|" pos="NNS" wid="12">illnesses</w>
  <w id="13" lemma="|make|" pos="VBP" wid="13">make</w>
  <w id="14" lemma="|themselves|" pos="PRP" wid="14">themselves</w>
  <w id="15" lemma="|witness|" pos="NNS" wid="15">witnesses</w>
  <w id="16" lemma="|of|" pos="IN" wid="16">of</w>
  <w id="17" lemma="|peace|" pos="NN" wid="17">peace</w>
  <w id="18" lemma="|.|" pos="." wid="18">.</w>
</sentence>
<sentence id="29">
  <w id="0" lemma="|I|" pos="PRP" wid="0">I</w>
  <w id="1" lemma="|encourage|" pos="VBP" wid="1">encourage</w>
  <w id="2" lemma="|the|" pos="DT" wid="2">the</w>
  <w id="3" lemma="|sick|" pos="JJ" wid="3">sick</w>
  <w id="4" lemma="|and|" pos="CC" wid="4">and</w>
  <w id="5" lemma="|the|" pos="DT" wid="5">the</w>
  <w id="6" lemma="|volunteer|" pos="NNS" wid="6">volunteers</w>
  <w id="7" lemma="|present|" pos="JJ" wid="7">present</w>
  <w id="8" lemma="|on|" pos="IN" wid="8">on</w>
  <w id="9" lemma="|the|" pos="DT" wid="9">the</w>
  <w id="10" lemma="|occasion|" pos="NN" wid="10">occasion</w>
  <w id="11" lemma="|of|" pos="IN" wid="11">of</w>
  <w id="12" lemma="|the|" pos="DT" wid="12">the</w>
  <w id="13" lemma="|national|" pos="JJ" wid="13">National</w>
  <w id="14" lemma="|week|" pos="NN" wid="14">Week</w>
  <w id="15" lemma="|of|" pos="IN" wid="15">of</w>
  <w id="16" lemma="|multiple|" pos="JJ" wid="16">Multiple</w>
  <w id="17" lemma="|sclerosis|" pos="NN" wid="17">Sclerosis</w>
  <w id="18" lemma="|.|" pos="." wid="18">.</w>
</sentence>
<sentence id="30">
  <w id="0" lemma="|to|" pos="TO" wid="0">To</w>
  <w id="1" lemma="|everyone|" pos="NN" wid="1">everyone</w>
  <w id="2" lemma="|I|" pos="PRP" wid="2">I</w>
  <w id="3" lemma="|wish|" pos="VBP" wid="3">wish</w>
  <w id="4" lemma="|a|" pos="DT" wid="4">a</w>
  <w id="5" lemma="|good|" pos="JJ" wid="5">good</w>
  <w id="6" lemma="|Sunday|" pos="NNP" wid="6">Sunday</w>
  <w id="7" lemma="|and|" pos="CC" wid="7">and</w>
  <w id="8" lemma="|a|" pos="DT" wid="8">a</w>
  <w id="9" lemma="|good|" pos="JJ" wid="9">good</w>
  <w id="10" lemma="|week|" pos="NN" wid="10">week</w>
  <w id="11" lemma="|.|" pos="." wid="11">.</w>
</sentence>
<sentence id="31">
  <w id="0" lemma="|thank|" pos="VB" wid="0">Thank</w>
  <w id="1" lemma="|you|" pos="PRP" wid="1">you</w>
  <w id="2" lemma="|for|" pos="IN" wid="2">for</w>
  <w id="3" lemma="|come|" pos="VBG" wid="3">coming</w>
  <w id="4" lemma="|.|" pos="." wid="4">.</w>
</sentence>
</corpus>