<corpus id="0">
<sentence id="0">
  <w id="0" lemma="|Dear|" pos="NNP" wid="0">Dear</w>
  <w id="1" lemma="|Brothers|" pos="NNPS" wid="1">Brothers</w>
  <w id="2" lemma="|and|" pos="CC" wid="2">and</w>
  <w id="3" lemma="|sister|" pos="NNS" wid="3">Sisters</w>
  <w id="4" lemma="|,|" pos="," wid="4">,</w>
  <w id="5" lemma="|good|" pos="JJ" wid="5">Good</w>
  <w id="6" lemma="|morning|" pos="NN" wid="6">morning</w>
  <w id="7" lemma="|!|" pos="." wid="7">!</w>
</sentence>
<sentence id="1">
  <w id="0" lemma="|this|" pos="DT" wid="0">This</w>
  <w id="1" lemma="|morning|" pos="NN" wid="1">morning</w>
  <w id="2" lemma="|I|" pos="PRP" wid="2">I</w>
  <w id="3" lemma="|make|" pos="VBD" wid="3">made</w>
  <w id="4" lemma="|my|" pos="PRP$" wid="4">my</w>
  <w id="5" lemma="|first|" pos="JJ" wid="5">first</w>
  <w id="6" lemma="|visit|" pos="NN" wid="6">visit</w>
  <w id="7" lemma="|to|" pos="TO" wid="7">to</w>
  <w id="8" lemma="|a|" pos="DT" wid="8">a</w>
  <w id="9" lemma="|parish|" pos="NN" wid="9">parish</w>
  <w id="10" lemma="|in|" pos="IN" wid="10">in</w>
  <w id="11" lemma="|the|" pos="DT" wid="11">the</w>
  <w id="12" lemma="|Diocese|" pos="NNP" wid="12">Diocese</w>
  <w id="13" lemma="|of|" pos="IN" wid="13">of</w>
  <w id="14" lemma="|Rome|" pos="NNP" wid="14">Rome</w>
  <w id="15" lemma="|.|" pos="." wid="15">.</w>
</sentence>
<sentence id="2">
  <w id="0" lemma="|I|" pos="PRP" wid="0">I</w>
  <w id="1" lemma="|thank|" pos="VBP" wid="1">thank</w>
  <w id="2" lemma="|the|" pos="DT" wid="2">the</w>
  <w id="3" lemma="|Lord|" pos="NNP" wid="3">Lord</w>
  <w id="4" lemma="|and|" pos="CC" wid="4">and</w>
  <w id="5" lemma="|I|" pos="PRP" wid="5">I</w>
  <w id="6" lemma="|ask|" pos="VBP" wid="6">ask</w>
  <w id="7" lemma="|you|" pos="PRP" wid="7">you</w>
  <w id="8" lemma="|to|" pos="TO" wid="8">to</w>
  <w id="9" lemma="|pray|" pos="VB" wid="9">pray</w>
  <w id="10" lemma="|for|" pos="IN" wid="10">for</w>
  <w id="11" lemma="|my|" pos="PRP$" wid="11">my</w>
  <w id="12" lemma="|pastoral|" pos="JJ" wid="12">pastoral</w>
  <w id="13" lemma="|service|" pos="NN" wid="13">service</w>
  <w id="14" lemma="|to|" pos="TO" wid="14">to</w>
  <w id="15" lemma="|this|" pos="DT" wid="15">this</w>
  <w id="16" lemma="|Church|" pos="NNP" wid="16">Church</w>
  <w id="17" lemma="|of|" pos="IN" wid="17">of</w>
  <w id="18" lemma="|Rome|" pos="NNP" wid="18">Rome</w>
  <w id="19" lemma="|whose|" pos="WP$" wid="19">whose</w>
  <w id="20" lemma="|mission|" pos="NN" wid="20">mission</w>
  <w id="21" lemma="|be|" pos="VBZ" wid="21">is</w>
  <w id="22" lemma="|to|" pos="TO" wid="22">to</w>
  <w id="23" lemma="|preside|" pos="VB" wid="23">preside</w>
  <w id="24" lemma="|in|" pos="IN" wid="24">in</w>
  <w id="25" lemma="|universal|" pos="JJ" wid="25">universal</w>
  <w id="26" lemma="|charity|" pos="NN" wid="26">charity</w>
  <w id="27" lemma="|.|" pos="." wid="27">.</w>
</sentence>
<sentence id="3">
  <w id="0" lemma="|today|" pos="NN" wid="0">Today</w>
  <w id="1" lemma="|be|" pos="VBZ" wid="1">is</w>
  <w id="2" lemma="|the|" pos="DT" wid="2">the</w>
  <w id="3" lemma="|Sunday|" pos="NNP" wid="3">Sunday</w>
  <w id="4" lemma="|of|" pos="IN" wid="4">of</w>
  <w id="5" lemma="|the|" pos="DT" wid="5">the</w>
  <w id="6" lemma="|Most|" pos="NNP" wid="6">Most</w>
  <w id="7" lemma="|Holy|" pos="NNP" wid="7">Holy</w>
  <w id="8" lemma="|Trinity|" pos="NNP" wid="8">Trinity</w>
  <w id="9" lemma="|.|" pos="." wid="9">.</w>
</sentence>
<sentence id="4">
  <w id="0" lemma="|the|" pos="DT" wid="0">The</w>
  <w id="1" lemma="|light|" pos="NN" wid="1">light</w>
  <w id="2" lemma="|of|" pos="IN" wid="2">of</w>
  <w id="3" lemma="|Eastertide|" pos="NNP" wid="3">Eastertide</w>
  <w id="4" lemma="|and|" pos="CC" wid="4">and</w>
  <w id="5" lemma="|of|" pos="IN" wid="5">of</w>
  <w id="6" lemma="|Pentecost|" pos="NNP" wid="6">Pentecost</w>
  <w id="7" lemma="|renew|" pos="VBZ" wid="7">renews</w>
  <w id="8" lemma="|in|" pos="IN" wid="8">in</w>
  <w id="9" lemma="|we|" pos="PRP" wid="9">us</w>
  <w id="10" lemma="|every|" pos="DT" wid="10">every</w>
  <w id="11" lemma="|year|" pos="NN" wid="11">year</w>
  <w id="12" lemma="|the|" pos="DT" wid="12">the</w>
  <w id="13" lemma="|joy|" pos="NN" wid="13">joy</w>
  <w id="14" lemma="|and|" pos="CC" wid="14">and</w>
  <w id="15" lemma="|amazement|" pos="NN" wid="15">amazement</w>
  <w id="16" lemma="|of|" pos="IN" wid="16">of</w>
  <w id="17" lemma="|faith|" pos="NN" wid="17">faith</w>
  <w id="18" lemma="|:|" pos=":" wid="18">:</w>
  <w id="19" lemma="|let|" pos="VB" wid="19">let</w>
  <w id="20" lemma="|we|" pos="PRP" wid="20">us</w>
  <w id="21" lemma="|recognize|" pos="VB" wid="21">recognize</w>
  <w id="22" lemma="|that|" pos="IN" wid="22">that</w>
  <w id="23" lemma="|God|" pos="NNP" wid="23">God</w>
  <w id="24" lemma="|be|" pos="VBZ" wid="24">is</w>
  <w id="25" lemma="|not|" pos="RB" wid="25">not</w>
  <w id="26" lemma="|something|" pos="NN" wid="26">something</w>
  <w id="27" lemma="|vague|" pos="JJ" wid="27">vague</w>
  <w id="28" lemma="|,|" pos="," wid="28">,</w>
  <w id="29" lemma="|we|" pos="PRP$" wid="29">our</w>
  <w id="30" lemma="|God|" pos="NNP" wid="30">God</w>
  <w id="31" lemma="|be|" pos="VBZ" wid="31">is</w>
  <w id="32" lemma="|not|" pos="RB" wid="32">not</w>
  <w id="33" lemma="|a|" pos="DT" wid="33">a</w>
  <w id="34" lemma="|God|" pos="NNP" wid="34">God</w>
  <w id="35" lemma="|``|" pos="``" wid="35">``</w>
  <w id="36" lemma="|spray|" pos="NN" wid="36">spray</w>
  <w id="37" lemma="|''|" pos="''" wid="37">''</w>
  <w id="38" lemma="|,|" pos="," wid="38">,</w>
  <w id="39" lemma="|he|" pos="PRP" wid="39">he</w>
  <w id="40" lemma="|be|" pos="VBZ" wid="40">is</w>
  <w id="41" lemma="|tangible|" pos="JJ" wid="41">tangible</w>
  <w id="42" lemma="|;|" pos=":" wid="42">;</w>
  <w id="43" lemma="|he|" pos="PRP" wid="43">he</w>
  <w id="44" lemma="|be|" pos="VBZ" wid="44">is</w>
  <w id="45" lemma="|not|" pos="RB" wid="45">not</w>
  <w id="46" lemma="|abstract|" pos="JJ" wid="46">abstract</w>
  <w id="47" lemma="|but|" pos="CC" wid="47">but</w>
  <w id="48" lemma="|have|" pos="VBZ" wid="48">has</w>
  <w id="49" lemma="|a|" pos="DT" wid="49">a</w>
  <w id="50" lemma="|name|" pos="NN" wid="50">name</w>
  <w id="51" lemma="|:|" pos=":" wid="51">:</w>
  <w id="52" lemma="|``|" pos="``" wid="52">``</w>
  <w id="53" lemma="|God|" pos="NNP" wid="53">God</w>
  <w id="54" lemma="|be|" pos="VBZ" wid="54">is</w>
  <w id="55" lemma="|love|" pos="NN" wid="55">love</w>
  <w id="56" lemma="|''|" pos="''" wid="56">''</w>
  <w id="57" lemma="|.|" pos="." wid="57">.</w>
</sentence>
<sentence id="5">
  <w id="0" lemma="|he|" pos="PRP$" wid="0">His</w>
  <w id="1" lemma="|be|" pos="VBZ" wid="1">is</w>
  <w id="2" lemma="|not|" pos="RB" wid="2">not</w>
  <w id="3" lemma="|a|" pos="DT" wid="3">a</w>
  <w id="4" lemma="|sentimental|" pos="JJ" wid="4">sentimental</w>
  <w id="5" lemma="|,|" pos="," wid="5">,</w>
  <w id="6" lemma="|emotional|" pos="JJ" wid="6">emotional</w>
  <w id="7" lemma="|kind|" pos="NN" wid="7">kind</w>
  <w id="8" lemma="|of|" pos="IN" wid="8">of</w>
  <w id="9" lemma="|love|" pos="NN" wid="9">love</w>
  <w id="10" lemma="|but|" pos="CC" wid="10">but</w>
  <w id="11" lemma="|the|" pos="DT" wid="11">the</w>
  <w id="12" lemma="|love|" pos="NN" wid="12">love</w>
  <w id="13" lemma="|of|" pos="IN" wid="13">of</w>
  <w id="14" lemma="|the|" pos="DT" wid="14">the</w>
  <w id="15" lemma="|Father|" pos="NNP" wid="15">Father</w>
  <w id="16" lemma="|who|" pos="WP" wid="16">who</w>
  <w id="17" lemma="|be|" pos="VBZ" wid="17">is</w>
  <w id="18" lemma="|the|" pos="DT" wid="18">the</w>
  <w id="19" lemma="|origin|" pos="NN" wid="19">origin</w>
  <w id="20" lemma="|of|" pos="IN" wid="20">of</w>
  <w id="21" lemma="|all|" pos="DT" wid="21">all</w>
  <w id="22" lemma="|life|" pos="NN" wid="22">life</w>
  <w id="23" lemma="|,|" pos="," wid="23">,</w>
  <w id="24" lemma="|the|" pos="DT" wid="24">the</w>
  <w id="25" lemma="|love|" pos="NN" wid="25">love</w>
  <w id="26" lemma="|of|" pos="IN" wid="26">of</w>
  <w id="27" lemma="|the|" pos="DT" wid="27">the</w>
  <w id="28" lemma="|Son|" pos="NNP" wid="28">Son</w>
  <w id="29" lemma="|who|" pos="WP" wid="29">who</w>
  <w id="30" lemma="|die|" pos="VBZ" wid="30">dies</w>
  <w id="31" lemma="|on|" pos="IN" wid="31">on</w>
  <w id="32" lemma="|the|" pos="DT" wid="32">the</w>
  <w id="33" lemma="|Cross|" pos="NNP" wid="33">Cross</w>
  <w id="34" lemma="|and|" pos="CC" wid="34">and</w>
  <w id="35" lemma="|be|" pos="VBZ" wid="35">is</w>
  <w id="36" lemma="|raise|" pos="VBN" wid="36">raised</w>
  <w id="37" lemma="|,|" pos="," wid="37">,</w>
  <w id="38" lemma="|the|" pos="DT" wid="38">the</w>
  <w id="39" lemma="|love|" pos="NN" wid="39">love</w>
  <w id="40" lemma="|of|" pos="IN" wid="40">of</w>
  <w id="41" lemma="|the|" pos="DT" wid="41">the</w>
  <w id="42" lemma="|spirit|" pos="NN" wid="42">Spirit</w>
  <w id="43" lemma="|who|" pos="WP" wid="43">who</w>
  <w id="44" lemma="|renew|" pos="VBZ" wid="44">renews</w>
  <w id="45" lemma="|human|" pos="JJ" wid="45">human</w>
  <w id="46" lemma="|being|" pos="NNS" wid="46">beings</w>
  <w id="47" lemma="|and|" pos="CC" wid="47">and</w>
  <w id="48" lemma="|the|" pos="DT" wid="48">the</w>
  <w id="49" lemma="|world|" pos="NN" wid="49">world</w>
  <w id="50" lemma="|.|" pos="." wid="50">.</w>
</sentence>
<sentence id="6">
  <w id="0" lemma="|think|" pos="VBG" wid="0">Thinking</w>
  <w id="1" lemma="|that|" pos="IN" wid="1">that</w>
  <w id="2" lemma="|God|" pos="NNP" wid="2">God</w>
  <w id="3" lemma="|be|" pos="VBZ" wid="3">is</w>
  <w id="4" lemma="|love|" pos="NN" wid="4">love</w>
  <w id="5" lemma="|do|" pos="VBZ" wid="5">does</w>
  <w id="6" lemma="|we|" pos="PRP" wid="6">us</w>
  <w id="7" lemma="|so|" pos="RB" wid="7">so</w>
  <w id="8" lemma="|much|" pos="RB" wid="8">much</w>
  <w id="9" lemma="|good|" pos="JJ" wid="9">good</w>
  <w id="10" lemma="|,|" pos="," wid="10">,</w>
  <w id="11" lemma="|because|" pos="IN" wid="11">because</w>
  <w id="12" lemma="|it|" pos="PRP" wid="12">it</w>
  <w id="13" lemma="|teach|" pos="VBZ" wid="13">teaches</w>
  <w id="14" lemma="|we|" pos="PRP" wid="14">us</w>
  <w id="15" lemma="|to|" pos="TO" wid="15">to</w>
  <w id="16" lemma="|love|" pos="VB" wid="16">love</w>
  <w id="17" lemma="|,|" pos="," wid="17">,</w>
  <w id="18" lemma="|to|" pos="TO" wid="18">to</w>
  <w id="19" lemma="|give|" pos="VB" wid="19">give</w>
  <w id="20" lemma="|ourselves|" pos="PRP" wid="20">ourselves</w>
  <w id="21" lemma="|to|" pos="TO" wid="21">to</w>
  <w id="22" lemma="|other|" pos="NNS" wid="22">others</w>
  <w id="23" lemma="|as|" pos="IN" wid="23">as</w>
  <w id="24" lemma="|Jesus|" pos="NNP" wid="24">Jesus</w>
  <w id="25" lemma="|give|" pos="VBD" wid="25">gave</w>
  <w id="26" lemma="|himself|" pos="PRP" wid="26">himself</w>
  <w id="27" lemma="|to|" pos="TO" wid="27">to</w>
  <w id="28" lemma="|we|" pos="PRP" wid="28">us</w>
  <w id="29" lemma="|and|" pos="CC" wid="29">and</w>
  <w id="30" lemma="|walk|" pos="VBZ" wid="30">walks</w>
  <w id="31" lemma="|with|" pos="IN" wid="31">with</w>
  <w id="32" lemma="|we|" pos="PRP" wid="32">us</w>
  <w id="33" lemma="|.|" pos="." wid="33">.</w>
</sentence>
<sentence id="7">
  <w id="0" lemma="|Jesus|" pos="NNP" wid="0">Jesus</w>
  <w id="1" lemma="|walk|" pos="VBZ" wid="1">walks</w>
  <w id="2" lemma="|beside|" pos="IN" wid="2">beside</w>
  <w id="3" lemma="|we|" pos="PRP" wid="3">us</w>
  <w id="4" lemma="|on|" pos="IN" wid="4">on</w>
  <w id="5" lemma="|the|" pos="DT" wid="5">the</w>
  <w id="6" lemma="|road|" pos="NN" wid="6">road</w>
  <w id="7" lemma="|through|" pos="IN" wid="7">through</w>
  <w id="8" lemma="|life|" pos="NN" wid="8">life</w>
  <w id="9" lemma="|.|" pos="." wid="9">.</w>
</sentence>
<sentence id="8">
  <w id="0" lemma="|the|" pos="DT" wid="0">The</w>
  <w id="1" lemma="|Most|" pos="NNP" wid="1">Most</w>
  <w id="2" lemma="|Holy|" pos="NNP" wid="2">Holy</w>
  <w id="3" lemma="|Trinity|" pos="NNP" wid="3">Trinity</w>
  <w id="4" lemma="|be|" pos="VBZ" wid="4">is</w>
  <w id="5" lemma="|not|" pos="RB" wid="5">not</w>
  <w id="6" lemma="|the|" pos="DT" wid="6">the</w>
  <w id="7" lemma="|product|" pos="NN" wid="7">product</w>
  <w id="8" lemma="|of|" pos="IN" wid="8">of</w>
  <w id="9" lemma="|human|" pos="JJ" wid="9">human</w>
  <w id="10" lemma="|reasoning|" pos="NN" wid="10">reasoning</w>
  <w id="11" lemma="|but|" pos="CC" wid="11">but</w>
  <w id="12" lemma="|the|" pos="DT" wid="12">the</w>
  <w id="13" lemma="|face|" pos="NN" wid="13">face</w>
  <w id="14" lemma="|with|" pos="IN" wid="14">with</w>
  <w id="15" lemma="|which|" pos="WDT" wid="15">which</w>
  <w id="16" lemma="|God|" pos="NNP" wid="16">God</w>
  <w id="17" lemma="|actually|" pos="RB" wid="17">actually</w>
  <w id="18" lemma="|reveal|" pos="VBD" wid="18">revealed</w>
  <w id="19" lemma="|himself|" pos="PRP" wid="19">himself</w>
  <w id="20" lemma="|,|" pos="," wid="20">,</w>
  <w id="21" lemma="|not|" pos="RB" wid="21">not</w>
  <w id="22" lemma="|from|" pos="IN" wid="22">from</w>
  <w id="23" lemma="|the|" pos="DT" wid="23">the</w>
  <w id="24" lemma="|height|" pos="NNS" wid="24">heights</w>
  <w id="25" lemma="|of|" pos="IN" wid="25">of</w>
  <w id="26" lemma="|a|" pos="DT" wid="26">a</w>
  <w id="27" lemma="|throne|" pos="NN" wid="27">throne</w>
  <w id="28" lemma="|,|" pos="," wid="28">,</w>
  <w id="29" lemma="|but|" pos="CC" wid="29">but</w>
  <w id="30" lemma="|walk|" pos="VBG" wid="30">walking</w>
  <w id="31" lemma="|with|" pos="IN" wid="31">with</w>
  <w id="32" lemma="|humanity|" pos="NN" wid="32">humanity</w>
  <w id="33" lemma="|.|" pos="." wid="33">.</w>
</sentence>
<sentence id="9">
  <w id="0" lemma="|it|" pos="PRP" wid="0">It</w>
  <w id="1" lemma="|be|" pos="VBZ" wid="1">is</w>
  <w id="2" lemma="|Jesus|" pos="NNP" wid="2">Jesus</w>
  <w id="3" lemma="|himself|" pos="PRP" wid="3">himself</w>
  <w id="4" lemma="|who|" pos="WP" wid="4">who</w>
  <w id="5" lemma="|reveal|" pos="VBD" wid="5">revealed</w>
  <w id="6" lemma="|the|" pos="DT" wid="6">the</w>
  <w id="7" lemma="|Father|" pos="NNP" wid="7">Father</w>
  <w id="8" lemma="|to|" pos="TO" wid="8">to</w>
  <w id="9" lemma="|we|" pos="PRP" wid="9">us</w>
  <w id="10" lemma="|and|" pos="CC" wid="10">and</w>
  <w id="11" lemma="|who|" pos="WP" wid="11">who</w>
  <w id="12" lemma="|promise|" pos="VBD" wid="12">promised</w>
  <w id="13" lemma="|we|" pos="PRP" wid="13">us</w>
  <w id="14" lemma="|the|" pos="DT" wid="14">the</w>
  <w id="15" lemma="|holy|" pos="JJ" wid="15">Holy</w>
  <w id="16" lemma="|spirit|" pos="NN" wid="16">Spirit</w>
  <w id="17" lemma="|.|" pos="." wid="17">.</w>
</sentence>
<sentence id="10">
  <w id="0" lemma="|God|" pos="NNP" wid="0">God</w>
  <w id="1" lemma="|walk|" pos="VBD" wid="1">walked</w>
  <w id="2" lemma="|with|" pos="IN" wid="2">with</w>
  <w id="3" lemma="|he|" pos="PRP$" wid="3">his</w>
  <w id="4" lemma="|people|" pos="NNS" wid="4">people</w>
  <w id="5" lemma="|in|" pos="IN" wid="5">in</w>
  <w id="6" lemma="|the|" pos="DT" wid="6">the</w>
  <w id="7" lemma="|history|" pos="NN" wid="7">history</w>
  <w id="8" lemma="|of|" pos="IN" wid="8">of</w>
  <w id="9" lemma="|the|" pos="DT" wid="9">the</w>
  <w id="10" lemma="|People|" pos="NNP" wid="10">People</w>
  <w id="11" lemma="|of|" pos="IN" wid="11">of</w>
  <w id="12" lemma="|Israel|" pos="NNP" wid="12">Israel</w>
  <w id="13" lemma="|and|" pos="CC" wid="13">and</w>
  <w id="14" lemma="|Jesus|" pos="NNP" wid="14">Jesus</w>
  <w id="15" lemma="|have|" pos="VBZ" wid="15">has</w>
  <w id="16" lemma="|always|" pos="RB" wid="16">always</w>
  <w id="17" lemma="|walk|" pos="VBN" wid="17">walked</w>
  <w id="18" lemma="|with|" pos="IN" wid="18">with</w>
  <w id="19" lemma="|we|" pos="PRP" wid="19">us</w>
  <w id="20" lemma="|and|" pos="CC" wid="20">and</w>
  <w id="21" lemma="|promise|" pos="VBD" wid="21">promised</w>
  <w id="22" lemma="|we|" pos="PRP" wid="22">us</w>
  <w id="23" lemma="|the|" pos="DT" wid="23">the</w>
  <w id="24" lemma="|holy|" pos="JJ" wid="24">Holy</w>
  <w id="25" lemma="|spirit|" pos="NN" wid="25">Spirit</w>
  <w id="26" lemma="|who|" pos="WP" wid="26">who</w>
  <w id="27" lemma="|be|" pos="VBZ" wid="27">is</w>
  <w id="28" lemma="|fire|" pos="NN" wid="28">fire</w>
  <w id="29" lemma="|,|" pos="," wid="29">,</w>
  <w id="30" lemma="|who|" pos="WP" wid="30">who</w>
  <w id="31" lemma="|teach|" pos="VBZ" wid="31">teaches</w>
  <w id="32" lemma="|we|" pos="PRP" wid="32">us</w>
  <w id="33" lemma="|everything|" pos="NN" wid="33">everything</w>
  <w id="34" lemma="|we|" pos="PRP" wid="34">we</w>
  <w id="35" lemma="|do|" pos="VBP" wid="35">do</w>
  <w id="36" lemma="|not|" pos="RB" wid="36">not</w>
  <w id="37" lemma="|know|" pos="VB" wid="37">know</w>
  <w id="38" lemma="|and|" pos="CC" wid="38">and</w>
  <w id="39" lemma="|from|" pos="IN" wid="39">from</w>
  <w id="40" lemma="|within|" pos="IN" wid="40">within</w>
  <w id="41" lemma="|we|" pos="PRP" wid="41">us</w>
  <w id="42" lemma="|guide|" pos="NNS" wid="42">guides</w>
  <w id="43" lemma="|we|" pos="PRP" wid="43">us</w>
  <w id="44" lemma="|,|" pos="," wid="44">,</w>
  <w id="45" lemma="|give|" pos="VBZ" wid="45">gives</w>
  <w id="46" lemma="|we|" pos="PRP" wid="46">us</w>
  <w id="47" lemma="|good|" pos="JJ" wid="47">good</w>
  <w id="48" lemma="|idea|" pos="NNS" wid="48">ideas</w>
  <w id="49" lemma="|and|" pos="CC" wid="49">and</w>
  <w id="50" lemma="|good|" pos="JJ" wid="50">good</w>
  <w id="51" lemma="|inspiration|" pos="NNS" wid="51">inspirations</w>
  <w id="52" lemma="|.|" pos="." wid="52">.</w>
</sentence>
<sentence id="11">
  <w id="0" lemma="|today|" pos="NN" wid="0">Today</w>
  <w id="1" lemma="|we|" pos="PRP" wid="1">we</w>
  <w id="2" lemma="|do|" pos="VBP" wid="2">do</w>
  <w id="3" lemma="|not|" pos="RB" wid="3">not</w>
  <w id="4" lemma="|praise|" pos="VB" wid="4">praise</w>
  <w id="5" lemma="|God|" pos="NNP" wid="5">God</w>
  <w id="6" lemma="|for|" pos="IN" wid="6">for</w>
  <w id="7" lemma="|a|" pos="DT" wid="7">a</w>
  <w id="8" lemma="|specific|" pos="JJ" wid="8">specific</w>
  <w id="9" lemma="|mystery|" pos="NN" wid="9">mystery</w>
  <w id="10" lemma="|,|" pos="," wid="10">,</w>
  <w id="11" lemma="|but|" pos="CC" wid="11">but</w>
  <w id="12" lemma="|for|" pos="IN" wid="12">for</w>
  <w id="13" lemma="|himself|" pos="PRP" wid="13">himself</w>
  <w id="14" lemma="|,|" pos="," wid="14">,</w>
  <w id="15" lemma="|``|" pos="``" wid="15">``</w>
  <w id="16" lemma="|for|" pos="IN" wid="16">for</w>
  <w id="17" lemma="|he|" pos="PRP$" wid="17">his</w>
  <w id="18" lemma="|immense|" pos="JJ" wid="18">immense</w>
  <w id="19" lemma="|glory|" pos="NN" wid="19">glory</w>
  <w id="20" lemma="|''|" pos="''" wid="20">''</w>
  <w id="21" lemma="|,|" pos="," wid="21">,</w>
  <w id="22" lemma="|as|" pos="IN" wid="22">as</w>
  <w id="23" lemma="|the|" pos="DT" wid="23">the</w>
  <w id="24" lemma="|liturgical|" pos="JJ" wid="24">liturgical</w>
  <w id="25" lemma="|hymn|" pos="NN" wid="25">hymn</w>
  <w id="26" lemma="|say|" pos="VBZ" wid="26">says</w>
  <w id="27" lemma="|.|" pos="." wid="27">.</w>
</sentence>
<sentence id="12">
  <w id="0" lemma="|we|" pos="PRP" wid="0">We</w>
  <w id="1" lemma="|praise|" pos="VBP" wid="1">praise</w>
  <w id="2" lemma="|he|" pos="PRP" wid="2">him</w>
  <w id="3" lemma="|and|" pos="CC" wid="3">and</w>
  <w id="4" lemma="|we|" pos="PRP" wid="4">we</w>
  <w id="5" lemma="|thank|" pos="VBP" wid="5">thank</w>
  <w id="6" lemma="|he|" pos="PRP" wid="6">him</w>
  <w id="7" lemma="|because|" pos="IN" wid="7">because</w>
  <w id="8" lemma="|he|" pos="PRP" wid="8">he</w>
  <w id="9" lemma="|be|" pos="VBZ" wid="9">is</w>
  <w id="10" lemma="|Love|" pos="NNP" wid="10">Love</w>
  <w id="11" lemma="|,|" pos="," wid="11">,</w>
  <w id="12" lemma="|and|" pos="CC" wid="12">and</w>
  <w id="13" lemma="|because|" pos="IN" wid="13">because</w>
  <w id="14" lemma="|he|" pos="PRP" wid="14">he</w>
  <w id="15" lemma="|call|" pos="VBZ" wid="15">calls</w>
  <w id="16" lemma="|we|" pos="PRP" wid="16">us</w>
  <w id="17" lemma="|to|" pos="TO" wid="17">to</w>
  <w id="18" lemma="|enter|" pos="VB" wid="18">enter</w>
  <w id="19" lemma="|into|" pos="IN" wid="19">into</w>
  <w id="20" lemma="|the|" pos="DT" wid="20">the</w>
  <w id="21" lemma="|embrace|" pos="VB" wid="21">embrace</w>
  <w id="22" lemma="|of|" pos="IN" wid="22">of</w>
  <w id="23" lemma="|he|" pos="PRP$" wid="23">his</w>
  <w id="24" lemma="|communion|" pos="NN" wid="24">communion</w>
  <w id="25" lemma="|which|" pos="WDT" wid="25">which</w>
  <w id="26" lemma="|be|" pos="VBZ" wid="26">is</w>
  <w id="27" lemma="|eternal|" pos="JJ" wid="27">eternal</w>
  <w id="28" lemma="|life|" pos="NN" wid="28">life</w>
  <w id="29" lemma="|.|" pos="." wid="29">.</w>
</sentence>
<sentence id="13">
  <w id="0" lemma="|let|" pos="VB" wid="0">Let</w>
  <w id="1" lemma="|we|" pos="PRP" wid="1">us</w>
  <w id="2" lemma="|entrust|" pos="VB" wid="2">entrust</w>
  <w id="3" lemma="|we|" pos="PRP$" wid="3">our</w>
  <w id="4" lemma="|praise|" pos="NN" wid="4">praise</w>
  <w id="5" lemma="|to|" pos="TO" wid="5">to</w>
  <w id="6" lemma="|the|" pos="DT" wid="6">the</w>
  <w id="7" lemma="|hand|" pos="NNS" wid="7">hands</w>
  <w id="8" lemma="|of|" pos="IN" wid="8">of</w>
  <w id="9" lemma="|the|" pos="DT" wid="9">the</w>
  <w id="10" lemma="|Virgin|" pos="NNP" wid="10">Virgin</w>
  <w id="11" lemma="|Mary|" pos="NNP" wid="11">Mary</w>
  <w id="12" lemma="|.|" pos="." wid="12">.</w>
</sentence>
<sentence id="14">
  <w id="0" lemma="|she|" pos="PRP" wid="0">She</w>
  <w id="1" lemma="|,|" pos="," wid="1">,</w>
  <w id="2" lemma="|the|" pos="DT" wid="2">the</w>
  <w id="3" lemma="|most|" pos="RBS" wid="3">most</w>
  <w id="4" lemma="|humble|" pos="JJ" wid="4">humble</w>
  <w id="5" lemma="|of|" pos="IN" wid="5">of</w>
  <w id="6" lemma="|creature|" pos="NNS" wid="6">creatures</w>
  <w id="7" lemma="|,|" pos="," wid="7">,</w>
  <w id="8" lemma="|thanks|" pos="NNS" wid="8">thanks</w>
  <w id="9" lemma="|to|" pos="TO" wid="9">to</w>
  <w id="10" lemma="|Christ|" pos="NNP" wid="10">Christ</w>
  <w id="11" lemma="|have|" pos="VBZ" wid="11">has</w>
  <w id="12" lemma="|already|" pos="RB" wid="12">already</w>
  <w id="13" lemma="|arrive|" pos="VBN" wid="13">arrived</w>
  <w id="14" lemma="|at|" pos="IN" wid="14">at</w>
  <w id="15" lemma="|the|" pos="DT" wid="15">the</w>
  <w id="16" lemma="|destination|" pos="NN" wid="16">destination</w>
  <w id="17" lemma="|of|" pos="IN" wid="17">of</w>
  <w id="18" lemma="|the|" pos="DT" wid="18">the</w>
  <w id="19" lemma="|earthly|" pos="JJ" wid="19">earthly</w>
  <w id="20" lemma="|pilgrimage|" pos="NN" wid="20">pilgrimage</w>
  <w id="21" lemma="|:|" pos=":" wid="21">:</w>
  <w id="22" lemma="|she|" pos="PRP" wid="22">she</w>
  <w id="23" lemma="|be|" pos="VBZ" wid="23">is</w>
  <w id="24" lemma="|already|" pos="RB" wid="24">already</w>
  <w id="25" lemma="|in|" pos="IN" wid="25">in</w>
  <w id="26" lemma="|the|" pos="DT" wid="26">the</w>
  <w id="27" lemma="|glory|" pos="NN" wid="27">glory</w>
  <w id="28" lemma="|of|" pos="IN" wid="28">of</w>
  <w id="29" lemma="|the|" pos="DT" wid="29">the</w>
  <w id="30" lemma="|Trinity|" pos="NNP" wid="30">Trinity</w>
  <w id="31" lemma="|.|" pos="." wid="31">.</w>
</sentence>
<sentence id="15">
  <w id="0" lemma="|for|" pos="IN" wid="0">For</w>
  <w id="1" lemma="|this|" pos="DT" wid="1">this</w>
  <w id="2" lemma="|reason|" pos="NN" wid="2">reason</w>
  <w id="3" lemma="|Mary|" pos="NNP" wid="3">Mary</w>
  <w id="4" lemma="|we|" pos="PRP$" wid="4">our</w>
  <w id="5" lemma="|Mother|" pos="NNP" wid="5">Mother</w>
  <w id="6" lemma="|,|" pos="," wid="6">,</w>
  <w id="7" lemma="|Our|" pos="NNP" wid="7">Our</w>
  <w id="8" lemma="|Lady|" pos="NNP" wid="8">Lady</w>
  <w id="9" lemma="|,|" pos="," wid="9">,</w>
  <w id="10" lemma="|shine|" pos="VBZ" wid="10">shines</w>
  <w id="11" lemma="|out|" pos="RP" wid="11">out</w>
  <w id="12" lemma="|for|" pos="IN" wid="12">for</w>
  <w id="13" lemma="|we|" pos="PRP" wid="13">us</w>
  <w id="14" lemma="|as|" pos="IN" wid="14">as</w>
  <w id="15" lemma="|a|" pos="DT" wid="15">a</w>
  <w id="16" lemma="|sign|" pos="NN" wid="16">sign</w>
  <w id="17" lemma="|of|" pos="IN" wid="17">of</w>
  <w id="18" lemma="|sure|" pos="JJ" wid="18">sure</w>
  <w id="19" lemma="|hope|" pos="NN" wid="19">hope</w>
  <w id="20" lemma="|.|" pos="." wid="20">.</w>
</sentence>
<sentence id="16">
  <w id="0" lemma="|she|" pos="PRP" wid="0">She</w>
  <w id="1" lemma="|be|" pos="VBZ" wid="1">is</w>
  <w id="2" lemma="|the|" pos="DT" wid="2">the</w>
  <w id="3" lemma="|Mother|" pos="NNP" wid="3">Mother</w>
  <w id="4" lemma="|of|" pos="IN" wid="4">of</w>
  <w id="5" lemma="|Hope|" pos="NNP" wid="5">Hope</w>
  <w id="6" lemma="|;|" pos=":" wid="6">;</w>
  <w id="7" lemma="|on|" pos="IN" wid="7">on</w>
  <w id="8" lemma="|we|" pos="PRP$" wid="8">our</w>
  <w id="9" lemma="|journey|" pos="NN" wid="9">journey</w>
  <w id="10" lemma="|,|" pos="," wid="10">,</w>
  <w id="11" lemma="|on|" pos="IN" wid="11">on</w>
  <w id="12" lemma="|we|" pos="PRP$" wid="12">our</w>
  <w id="13" lemma="|way|" pos="NN" wid="13">way</w>
  <w id="14" lemma="|,|" pos="," wid="14">,</w>
  <w id="15" lemma="|she|" pos="PRP" wid="15">she</w>
  <w id="16" lemma="|be|" pos="VBZ" wid="16">is</w>
  <w id="17" lemma="|Mother|" pos="NNP" wid="17">Mother</w>
  <w id="18" lemma="|of|" pos="IN" wid="18">of</w>
  <w id="19" lemma="|Hope|" pos="NNP" wid="19">Hope</w>
  <w id="20" lemma="|.|" pos="." wid="20">.</w>
</sentence>
<sentence id="17">
  <w id="0" lemma="|she|" pos="PRP" wid="0">She</w>
  <w id="1" lemma="|be|" pos="VBZ" wid="1">is</w>
  <w id="2" lemma="|also|" pos="RB" wid="2">also</w>
  <w id="3" lemma="|the|" pos="DT" wid="3">the</w>
  <w id="4" lemma="|Mother|" pos="NNP" wid="4">Mother</w>
  <w id="5" lemma="|who|" pos="WP" wid="5">who</w>
  <w id="6" lemma="|comfort|" pos="NNS" wid="6">comforts</w>
  <w id="7" lemma="|we|" pos="PRP" wid="7">us</w>
  <w id="8" lemma="|,|" pos="," wid="8">,</w>
  <w id="9" lemma="|the|" pos="DT" wid="9">the</w>
  <w id="10" lemma="|mother|" pos="NN" wid="10">Mother</w>
  <w id="11" lemma="|of|" pos="IN" wid="11">of</w>
  <w id="12" lemma="|consolation|" pos="NN" wid="12">consolation</w>
  <w id="13" lemma="|and|" pos="CC" wid="13">and</w>
  <w id="14" lemma="|the|" pos="DT" wid="14">the</w>
  <w id="15" lemma="|Mother|" pos="NNP" wid="15">Mother</w>
  <w id="16" lemma="|who|" pos="WP" wid="16">who</w>
  <w id="17" lemma="|accompany|" pos="VBZ" wid="17">accompanies</w>
  <w id="18" lemma="|we|" pos="PRP" wid="18">us</w>
  <w id="19" lemma="|on|" pos="IN" wid="19">on</w>
  <w id="20" lemma="|the|" pos="DT" wid="20">the</w>
  <w id="21" lemma="|journey|" pos="NN" wid="21">journey</w>
  <w id="22" lemma="|.|" pos="." wid="22">.</w>
</sentence>
<sentence id="18">
  <w id="0" lemma="|let|" pos="VB" wid="0">Let</w>
  <w id="1" lemma="|we|" pos="PRP" wid="1">us</w>
  <w id="2" lemma="|now|" pos="RB" wid="2">now</w>
  <w id="3" lemma="|pray|" pos="VBP" wid="3">pray</w>
  <w id="4" lemma="|to|" pos="TO" wid="4">to</w>
  <w id="5" lemma="|we|" pos="PRP$" wid="5">Our</w>
  <w id="6" lemma="|lady|" pos="NN" wid="6">Lady</w>
  <w id="7" lemma="|all|" pos="RB" wid="7">all</w>
  <w id="8" lemma="|together|" pos="RB" wid="8">together</w>
  <w id="9" lemma="|,|" pos="," wid="9">,</w>
  <w id="10" lemma="|to|" pos="TO" wid="10">to</w>
  <w id="11" lemma="|Our|" pos="NNP" wid="11">Our</w>
  <w id="12" lemma="|Mother|" pos="NNP" wid="12">Mother</w>
  <w id="13" lemma="|who|" pos="WP" wid="13">who</w>
  <w id="14" lemma="|accompany|" pos="VBZ" wid="14">accompanies</w>
  <w id="15" lemma="|we|" pos="PRP" wid="15">us</w>
  <w id="16" lemma="|on|" pos="IN" wid="16">on</w>
  <w id="17" lemma="|the|" pos="DT" wid="17">the</w>
  <w id="18" lemma="|way|" pos="NN" wid="18">way</w>
  <w id="19" lemma="|.|" pos="." wid="19">.</w>
</sentence>
<sentence id="19">
  <w id="0" lemma="|after|" pos="IN" wid="0">After</w>
  <w id="1" lemma="|the|" pos="DT" wid="1">the</w>
  <w id="2" lemma="|Angelus|" pos="NNP" wid="2">Angelus</w>
  <w id="3" lemma="|:|" pos=":" wid="3">:</w>
  <w id="4" lemma="|Dear|" pos="NNP" wid="4">Dear</w>
  <w id="5" lemma="|Brothers|" pos="NNPS" wid="5">Brothers</w>
  <w id="6" lemma="|and|" pos="CC" wid="6">and</w>
  <w id="7" lemma="|sister|" pos="NNS" wid="7">Sisters</w>
  <w id="8" lemma="|,|" pos="," wid="8">,</w>
  <w id="9" lemma="|Fr|" pos="NNP" wid="9">Fr</w>
  <w id="10" lemma="|Giuseppe|" pos="NNP" wid="10">Giuseppe</w>
  <w id="11" lemma="|Puglisi|" pos="NNP" wid="11">Puglisi</w>
  <w id="12" lemma="|,|" pos="," wid="12">,</w>
  <w id="13" lemma="|a|" pos="DT" wid="13">a</w>
  <w id="14" lemma="|priest|" pos="NN" wid="14">priest</w>
  <w id="15" lemma="|and|" pos="CC" wid="15">and</w>
  <w id="16" lemma="|martyr|" pos="NN" wid="16">martyr</w>
  <w id="17" lemma="|,|" pos="," wid="17">,</w>
  <w id="18" lemma="|kill|" pos="VBN" wid="18">killed</w>
  <w id="19" lemma="|by|" pos="IN" wid="19">by</w>
  <w id="20" lemma="|the|" pos="DT" wid="20">the</w>
  <w id="21" lemma="|Mafia|" pos="NNP" wid="21">Mafia</w>
  <w id="22" lemma="|in|" pos="IN" wid="22">in</w>
  <w id="23" lemma="|1993|" pos="CD" wid="23">1993</w>
  <w id="24" lemma="|,|" pos="," wid="24">,</w>
  <w id="25" lemma="|be|" pos="VBD" wid="25">was</w>
  <w id="26" lemma="|beatify|" pos="VBN" wid="26">beatified</w>
  <w id="27" lemma="|yesterday|" pos="NN" wid="27">yesterday</w>
  <w id="28" lemma="|in|" pos="IN" wid="28">in</w>
  <w id="29" lemma="|Palermo|" pos="NNP" wid="29">Palermo</w>
  <w id="30" lemma="|.|" pos="." wid="30">.</w>
</sentence>
<sentence id="20">
  <w id="0" lemma="|Fr|" pos="NNP" wid="0">Fr</w>
  <w id="1" lemma="|Puglisi|" pos="NNP" wid="1">Puglisi</w>
  <w id="2" lemma="|be|" pos="VBD" wid="2">was</w>
  <w id="3" lemma="|a|" pos="DT" wid="3">an</w>
  <w id="4" lemma="|exemplary|" pos="JJ" wid="4">exemplary</w>
  <w id="5" lemma="|priest|" pos="NN" wid="5">priest</w>
  <w id="6" lemma="|,|" pos="," wid="6">,</w>
  <w id="7" lemma="|especially|" pos="RB" wid="7">especially</w>
  <w id="8" lemma="|dedicate|" pos="VBN" wid="8">dedicated</w>
  <w id="9" lemma="|to|" pos="TO" wid="9">to</w>
  <w id="10" lemma="|the|" pos="DT" wid="10">the</w>
  <w id="11" lemma="|pastoral|" pos="JJ" wid="11">pastoral</w>
  <w id="12" lemma="|care|" pos="NN" wid="12">care</w>
  <w id="13" lemma="|of|" pos="IN" wid="13">of</w>
  <w id="14" lemma="|youth|" pos="NN" wid="14">youth</w>
  <w id="15" lemma="|.|" pos="." wid="15">.</w>
</sentence>
<sentence id="21">
  <w id="0" lemma="|in|" pos="IN" wid="0">In</w>
  <w id="1" lemma="|teaching|" pos="NN" wid="1">teaching</w>
  <w id="2" lemma="|boy|" pos="NNS" wid="2">boys</w>
  <w id="3" lemma="|in|" pos="IN" wid="3">in</w>
  <w id="4" lemma="|accordance|" pos="NN" wid="4">accordance</w>
  <w id="5" lemma="|with|" pos="IN" wid="5">with</w>
  <w id="6" lemma="|the|" pos="DT" wid="6">the</w>
  <w id="7" lemma="|Gospel|" pos="NNP" wid="7">Gospel</w>
  <w id="8" lemma="|he|" pos="PRP" wid="8">he</w>
  <w id="9" lemma="|save|" pos="VBD" wid="9">saved</w>
  <w id="10" lemma="|they|" pos="PRP" wid="10">them</w>
  <w id="11" lemma="|from|" pos="IN" wid="11">from</w>
  <w id="12" lemma="|the|" pos="DT" wid="12">the</w>
  <w id="13" lemma="|criminal|" pos="JJ" wid="13">criminal</w>
  <w id="14" lemma="|underworld|" pos="NN" wid="14">underworld</w>
  <w id="15" lemma="|and|" pos="CC" wid="15">and</w>
  <w id="16" lemma="|thus|" pos="RB" wid="16">thus</w>
  <w id="17" lemma="|the|" pos="DT" wid="17">the</w>
  <w id="18" lemma="|latter|" pos="JJ" wid="18">latter</w>
  <w id="19" lemma="|seek|" pos="VBD" wid="19">sought</w>
  <w id="20" lemma="|to|" pos="TO" wid="20">to</w>
  <w id="21" lemma="|get|" pos="VB" wid="21">get</w>
  <w id="22" lemma="|the|" pos="DT" wid="22">the</w>
  <w id="23" lemma="|better|" pos="JJR" wid="23">better</w>
  <w id="24" lemma="|of|" pos="IN" wid="24">of</w>
  <w id="25" lemma="|he|" pos="PRP" wid="25">him</w>
  <w id="26" lemma="|by|" pos="IN" wid="26">by</w>
  <w id="27" lemma="|kill|" pos="VBG" wid="27">killing</w>
  <w id="28" lemma="|he|" pos="PRP" wid="28">him</w>
  <w id="29" lemma="|.|" pos="." wid="29">.</w>
</sentence>
<sentence id="22">
  <w id="0" lemma="|however|" pos="RB" wid="0">However</w>
  <w id="1" lemma="|,|" pos="," wid="1">,</w>
  <w id="2" lemma="|in|" pos="IN" wid="2">in</w>
  <w id="3" lemma="|fact|" pos="NN" wid="3">fact</w>
  <w id="4" lemma="|it|" pos="PRP" wid="4">it</w>
  <w id="5" lemma="|be|" pos="VBZ" wid="5">is</w>
  <w id="6" lemma="|he|" pos="PRP" wid="6">he</w>
  <w id="7" lemma="|who|" pos="WP" wid="7">who</w>
  <w id="8" lemma="|win|" pos="VBD" wid="8">won</w>
  <w id="9" lemma="|,|" pos="," wid="9">,</w>
  <w id="10" lemma="|with|" pos="IN" wid="10">with</w>
  <w id="11" lemma="|the|" pos="DT" wid="11">the</w>
  <w id="12" lemma="|Risen|" pos="NNP" wid="12">Risen</w>
  <w id="13" lemma="|Christ|" pos="NNP" wid="13">Christ</w>
  <w id="14" lemma="|.|" pos="." wid="14">.</w>
</sentence>
<sentence id="23">
  <w id="0" lemma="|I|" pos="PRP" wid="0">I</w>
  <w id="1" lemma="|think|" pos="VBP" wid="1">think</w>
  <w id="2" lemma="|of|" pos="IN" wid="2">of</w>
  <w id="3" lemma="|all|" pos="PDT" wid="3">all</w>
  <w id="4" lemma="|the|" pos="DT" wid="4">the</w>
  <w id="5" lemma="|suffering|" pos="NN" wid="5">suffering</w>
  <w id="6" lemma="|of|" pos="IN" wid="6">of</w>
  <w id="7" lemma="|man|" pos="NNS" wid="7">men</w>
  <w id="8" lemma="|and|" pos="CC" wid="8">and</w>
  <w id="9" lemma="|woman|" pos="NNS" wid="9">women</w>
  <w id="10" lemma="|,|" pos="," wid="10">,</w>
  <w id="11" lemma="|and|" pos="CC" wid="11">and</w>
  <w id="12" lemma="|also|" pos="RB" wid="12">also</w>
  <w id="13" lemma="|of|" pos="IN" wid="13">of</w>
  <w id="14" lemma="|child|" pos="NNS" wid="14">children</w>
  <w id="15" lemma="|,|" pos="," wid="15">,</w>
  <w id="16" lemma="|who|" pos="WP" wid="16">who</w>
  <w id="17" lemma="|be|" pos="VBP" wid="17">are</w>
  <w id="18" lemma="|exploit|" pos="VBN" wid="18">exploited</w>
  <w id="19" lemma="|by|" pos="IN" wid="19">by</w>
  <w id="20" lemma="|so|" pos="RB" wid="20">so</w>
  <w id="21" lemma="|many|" pos="JJ" wid="21">many</w>
  <w id="22" lemma="|form|" pos="NNS" wid="22">forms</w>
  <w id="23" lemma="|of|" pos="IN" wid="23">of</w>
  <w id="24" lemma="|mafia|" pos="NN" wid="24">mafia</w>
  <w id="25" lemma="|,|" pos="," wid="25">,</w>
  <w id="26" lemma="|which|" pos="WDT" wid="26">which</w>
  <w id="27" lemma="|exploit|" pos="VBP" wid="27">exploit</w>
  <w id="28" lemma="|they|" pos="PRP" wid="28">them</w>
  <w id="29" lemma="|by|" pos="IN" wid="29">by</w>
  <w id="30" lemma="|force|" pos="VBG" wid="30">forcing</w>
  <w id="31" lemma="|they|" pos="PRP" wid="31">them</w>
  <w id="32" lemma="|to|" pos="TO" wid="32">to</w>
  <w id="33" lemma="|do|" pos="VB" wid="33">do</w>
  <w id="34" lemma="|a|" pos="DT" wid="34">a</w>
  <w id="35" lemma="|job|" pos="NN" wid="35">job</w>
  <w id="36" lemma="|that|" pos="WDT" wid="36">that</w>
  <w id="37" lemma="|enslave|" pos="VBZ" wid="37">enslaves</w>
  <w id="38" lemma="|they|" pos="PRP" wid="38">them</w>
  <w id="39" lemma="|,|" pos="," wid="39">,</w>
  <w id="40" lemma="|with|" pos="IN" wid="40">with</w>
  <w id="41" lemma="|prostitution|" pos="NN" wid="41">prostitution</w>
  <w id="42" lemma="|,|" pos="," wid="42">,</w>
  <w id="43" lemma="|with|" pos="IN" wid="43">with</w>
  <w id="44" lemma="|so|" pos="RB" wid="44">so</w>
  <w id="45" lemma="|many|" pos="JJ" wid="45">many</w>
  <w id="46" lemma="|social|" pos="JJ" wid="46">social</w>
  <w id="47" lemma="|pressure|" pos="NNS" wid="47">pressures</w>
  <w id="48" lemma="|.|" pos="." wid="48">.</w>
</sentence>
<sentence id="24">
  <w id="0" lemma="|behind|" pos="IN" wid="0">Behind</w>
  <w id="1" lemma="|this|" pos="DT" wid="1">this</w>
  <w id="2" lemma="|exploitation|" pos="NN" wid="2">exploitation</w>
  <w id="3" lemma="|,|" pos="," wid="3">,</w>
  <w id="4" lemma="|behind|" pos="IN" wid="4">behind</w>
  <w id="5" lemma="|this|" pos="DT" wid="5">this</w>
  <w id="6" lemma="|slavery|" pos="NN" wid="6">slavery</w>
  <w id="7" lemma="|,|" pos="," wid="7">,</w>
  <w id="8" lemma="|there|" pos="EX" wid="8">there</w>
  <w id="9" lemma="|be|" pos="VBP" wid="9">are</w>
  <w id="10" lemma="|``|" pos="``" wid="10">``</w>
  <w id="11" lemma="|mafia|" pos="NNS" wid="11">mafias</w>
  <w id="12" lemma="|''|" pos="''" wid="12">''</w>
  <w id="13" lemma="|.|" pos="." wid="13">.</w>
</sentence>
<sentence id="25">
  <w id="0" lemma="|let|" pos="VB" wid="0">Let</w>
  <w id="1" lemma="|we|" pos="PRP" wid="1">us</w>
  <w id="2" lemma="|pray|" pos="VB" wid="2">pray</w>
  <w id="3" lemma="|the|" pos="DT" wid="3">the</w>
  <w id="4" lemma="|Lord|" pos="NNP" wid="4">Lord</w>
  <w id="5" lemma="|to|" pos="TO" wid="5">to</w>
  <w id="6" lemma="|convert|" pos="VB" wid="6">convert</w>
  <w id="7" lemma="|the|" pos="DT" wid="7">the</w>
  <w id="8" lemma="|heart|" pos="NN" wid="8">heart</w>
  <w id="9" lemma="|of|" pos="IN" wid="9">of</w>
  <w id="10" lemma="|these|" pos="DT" wid="10">these</w>
  <w id="11" lemma="|people|" pos="NNS" wid="11">people</w>
  <w id="12" lemma="|.|" pos="." wid="12">.</w>
</sentence>
<sentence id="26">
  <w id="0" lemma="|they|" pos="PRP" wid="0">They</w>
  <w id="1" lemma="|can|" pos="MD" wid="1">can</w>
  <w id="2" lemma="|not|" pos="RB" wid="2">not</w>
  <w id="3" lemma="|do|" pos="VB" wid="3">do</w>
  <w id="4" lemma="|this|" pos="DT" wid="4">this</w>
  <w id="5" lemma="|!|" pos="." wid="5">!</w>
</sentence>
<sentence id="27">
  <w id="0" lemma="|they|" pos="PRP" wid="0">They</w>
  <w id="1" lemma="|can|" pos="MD" wid="1">can</w>
  <w id="2" lemma="|not|" pos="RB" wid="2">not</w>
  <w id="3" lemma="|make|" pos="VB" wid="3">make</w>
  <w id="4" lemma="|slave|" pos="NNS" wid="4">slaves</w>
  <w id="5" lemma="|of|" pos="IN" wid="5">of</w>
  <w id="6" lemma="|we|" pos="PRP" wid="6">us</w>
  <w id="7" lemma="|,|" pos="," wid="7">,</w>
  <w id="8" lemma="|brother|" pos="NNS" wid="8">brothers</w>
  <w id="9" lemma="|and|" pos="CC" wid="9">and</w>
  <w id="10" lemma="|sister|" pos="NNS" wid="10">sisters</w>
  <w id="11" lemma="|!|" pos="." wid="11">!</w>
</sentence>
<sentence id="28">
  <w id="0" lemma="|we|" pos="PRP" wid="0">We</w>
  <w id="1" lemma="|must|" pos="MD" wid="1">must</w>
  <w id="2" lemma="|pray|" pos="VB" wid="2">pray</w>
  <w id="3" lemma="|the|" pos="DT" wid="3">the</w>
  <w id="4" lemma="|Lord|" pos="NNP" wid="4">Lord</w>
  <w id="5" lemma="|!|" pos="." wid="5">!</w>
</sentence>
<sentence id="29">
  <w id="0" lemma="|let|" pos="VB" wid="0">Let</w>
  <w id="1" lemma="|we|" pos="PRP" wid="1">us</w>
  <w id="2" lemma="|pray|" pos="VB" wid="2">pray</w>
  <w id="3" lemma="|that|" pos="IN" wid="3">that</w>
  <w id="4" lemma="|these|" pos="DT" wid="4">these</w>
  <w id="5" lemma="|member|" pos="NNS" wid="5">members</w>
  <w id="6" lemma="|of|" pos="IN" wid="6">of</w>
  <w id="7" lemma="|the|" pos="DT" wid="7">the</w>
  <w id="8" lemma="|Mafia|" pos="NNP" wid="8">Mafia</w>
  <w id="9" lemma="|be|" pos="VB" wid="9">be</w>
  <w id="10" lemma="|convert|" pos="VBN" wid="10">converted</w>
  <w id="11" lemma="|to|" pos="TO" wid="11">to</w>
  <w id="12" lemma="|God|" pos="NNP" wid="12">God</w>
  <w id="13" lemma="|and|" pos="CC" wid="13">and</w>
  <w id="14" lemma="|let|" pos="VB" wid="14">let</w>
  <w id="15" lemma="|we|" pos="PRP" wid="15">us</w>
  <w id="16" lemma="|praise|" pos="VB" wid="16">praise</w>
  <w id="17" lemma="|God|" pos="NNP" wid="17">God</w>
  <w id="18" lemma="|for|" pos="IN" wid="18">for</w>
  <w id="19" lemma="|the|" pos="DT" wid="19">the</w>
  <w id="20" lemma="|luminous|" pos="JJ" wid="20">luminous</w>
  <w id="21" lemma="|witness|" pos="NN" wid="21">witness</w>
  <w id="22" lemma="|bear|" pos="VBN" wid="22">borne</w>
  <w id="23" lemma="|by|" pos="IN" wid="23">by</w>
  <w id="24" lemma="|Fr|" pos="NNP" wid="24">Fr</w>
  <w id="25" lemma="|Giuseppe|" pos="NNP" wid="25">Giuseppe</w>
  <w id="26" lemma="|Puglisi|" pos="NNP" wid="26">Puglisi</w>
  <w id="27" lemma="|,|" pos="," wid="27">,</w>
  <w id="28" lemma="|and|" pos="CC" wid="28">and</w>
  <w id="29" lemma="|let|" pos="VB" wid="29">let</w>
  <w id="30" lemma="|we|" pos="PRP" wid="30">us</w>
  <w id="31" lemma="|set|" pos="VB" wid="31">set</w>
  <w id="32" lemma="|store|" pos="NN" wid="32">store</w>
  <w id="33" lemma="|by|" pos="IN" wid="33">by</w>
  <w id="34" lemma="|he|" pos="PRP$" wid="34">his</w>
  <w id="35" lemma="|example|" pos="NN" wid="35">example</w>
  <w id="36" lemma="|!|" pos="." wid="36">!</w>
</sentence>
<sentence id="30">
  <w id="0" lemma="|I|" pos="PRP" wid="0">I</w>
  <w id="1" lemma="|greet|" pos="VBP" wid="1">greet</w>
  <w id="2" lemma="|with|" pos="IN" wid="2">with</w>
  <w id="3" lemma="|affection|" pos="NN" wid="3">affection</w>
  <w id="4" lemma="|all|" pos="PDT" wid="4">all</w>
  <w id="5" lemma="|the|" pos="DT" wid="5">the</w>
  <w id="6" lemma="|pilgrim|" pos="NNS" wid="6">pilgrims</w>
  <w id="7" lemma="|present|" pos="JJ" wid="7">present</w>
  <w id="8" lemma="|,|" pos="," wid="8">,</w>
  <w id="9" lemma="|the|" pos="DT" wid="9">the</w>
  <w id="10" lemma="|family|" pos="NNS" wid="10">families</w>
  <w id="11" lemma="|,|" pos="," wid="11">,</w>
  <w id="12" lemma="|the|" pos="DT" wid="12">the</w>
  <w id="13" lemma="|parish|" pos="NN" wid="13">parish</w>
  <w id="14" lemma="|group|" pos="NNS" wid="14">groups</w>
  <w id="15" lemma="|who|" pos="WP" wid="15">who</w>
  <w id="16" lemma="|have|" pos="VBP" wid="16">have</w>
  <w id="17" lemma="|come|" pos="VBN" wid="17">come</w>
  <w id="18" lemma="|from|" pos="IN" wid="18">from</w>
  <w id="19" lemma="|Italy|" pos="NNP" wid="19">Italy</w>
  <w id="20" lemma="|,|" pos="," wid="20">,</w>
  <w id="21" lemma="|Spain|" pos="NNP" wid="21">Spain</w>
  <w id="22" lemma="|,|" pos="," wid="22">,</w>
  <w id="23" lemma="|France|" pos="NNP" wid="23">France</w>
  <w id="24" lemma="|and|" pos="CC" wid="24">and</w>
  <w id="25" lemma="|so|" pos="RB" wid="25">so</w>
  <w id="26" lemma="|many|" pos="JJ" wid="26">many</w>
  <w id="27" lemma="|other|" pos="JJ" wid="27">other</w>
  <w id="28" lemma="|country|" pos="NNS" wid="28">countries</w>
  <w id="29" lemma="|.|" pos="." wid="29">.</w>
</sentence>
<sentence id="31">
  <w id="0" lemma="|I|" pos="PRP" wid="0">I</w>
  <w id="1" lemma="|greet|" pos="VBP" wid="1">greet</w>
  <w id="2" lemma="|in|" pos="IN" wid="2">in</w>
  <w id="3" lemma="|particular|" pos="JJ" wid="3">particular</w>
  <w id="4" lemma="|the|" pos="DT" wid="4">the</w>
  <w id="5" lemma="|Associazione|" pos="NNP" wid="5">Associazione</w>
  <w id="6" lemma="|Nazionale|" pos="NNP" wid="6">Nazionale</w>
  <w id="7" lemma="|San|" pos="NNP" wid="7">San</w>
  <w id="8" lemma="|Paolo|" pos="NNP" wid="8">Paolo</w>
  <w id="9" lemma="|degli|" pos="FW" wid="9">degli</w>
  <w id="10" lemma="|oratori|" pos="FW" wid="10">Oratori</w>
  <w id="11" lemma="|e|" pos="SYM" wid="11">e</w>
  <w id="12" lemma="|dei|" pos="FW" wid="12">dei</w>
  <w id="13" lemma="|Circoli|" pos="NNP" wid="13">Circoli</w>
  <w id="14" lemma="|Giovanili|" pos="NNP" wid="14">Giovanili</w>
  <w id="15" lemma="|,|" pos="," wid="15">,</w>
  <w id="16" lemma="|found|" pos="VBD" wid="16">founded</w>
  <w id="17" lemma="|50|" pos="CD" wid="17">50</w>
  <w id="18" lemma="|year|" pos="NNS" wid="18">years</w>
  <w id="19" lemma="|to|" pos="TO" wid="19">to</w>
  <w id="20" lemma="|serve|" pos="VB" wid="20">serve</w>
  <w id="21" lemma="|youth|" pos="NN" wid="21">youth</w>
  <w id="22" lemma="|.|" pos="." wid="22">.</w>
</sentence>
<sentence id="32">
  <w id="0" lemma="|Dear|" pos="NNP" wid="0">Dear</w>
  <w id="1" lemma="|friend|" pos="NNS" wid="1">friends</w>
  <w id="2" lemma="|,|" pos="," wid="2">,</w>
  <w id="3" lemma="|may|" pos="MD" wid="3">may</w>
  <w id="4" lemma="|St|" pos="NNP" wid="4">St</w>
  <w id="5" lemma="|Philip|" pos="NNP" wid="5">Philip</w>
  <w id="6" lemma="|Neri|" pos="NNP" wid="6">Neri</w>
  <w id="7" lemma="|,|" pos="," wid="7">,</w>
  <w id="8" lemma="|whom|" pos="WP" wid="8">whom</w>
  <w id="9" lemma="|we|" pos="PRP" wid="9">we</w>
  <w id="10" lemma="|be|" pos="VBP" wid="10">are</w>
  <w id="11" lemma="|commemorate|" pos="VBG" wid="11">commemorating</w>
  <w id="12" lemma="|today|" pos="NN" wid="12">today</w>
  <w id="13" lemma="|,|" pos="," wid="13">,</w>
  <w id="14" lemma="|and|" pos="CC" wid="14">and</w>
  <w id="15" lemma="|Blessed|" pos="NNP" wid="15">Blessed</w>
  <w id="16" lemma="|Giuseppe|" pos="NNP" wid="16">Giuseppe</w>
  <w id="17" lemma="|Puglisi|" pos="NNP" wid="17">Puglisi</w>
  <w id="18" lemma="|,|" pos="," wid="18">,</w>
  <w id="19" lemma="|sustain|" pos="VB" wid="19">sustain</w>
  <w id="20" lemma="|you|" pos="PRP$" wid="20">your</w>
  <w id="21" lemma="|commitment|" pos="NN" wid="21">commitment</w>
  <w id="22" lemma="|.|" pos="." wid="22">.</w>
</sentence>
<sentence id="33">
  <w id="0" lemma="|I|" pos="PRP" wid="0">I</w>
  <w id="1" lemma="|greet|" pos="VBP" wid="1">greet</w>
  <w id="2" lemma="|the|" pos="DT" wid="2">the</w>
  <w id="3" lemma="|group|" pos="NN" wid="3">group</w>
  <w id="4" lemma="|of|" pos="IN" wid="4">of</w>
  <w id="5" lemma="|Chinese|" pos="NNP" wid="5">Chinese</w>
  <w id="6" lemma="|Catholics|" pos="NNPS" wid="6">Catholics</w>
  <w id="7" lemma="|present|" pos="VBP" wid="7">present</w>
  <w id="8" lemma="|here|" pos="RB" wid="8">here</w>
  <w id="9" lemma="|who|" pos="WP" wid="9">who</w>
  <w id="10" lemma="|be|" pos="VBP" wid="10">are</w>
  <w id="11" lemma="|gather|" pos="VBN" wid="11">gathered</w>
  <w id="12" lemma="|in|" pos="IN" wid="12">in</w>
  <w id="13" lemma="|Rome|" pos="NNP" wid="13">Rome</w>
  <w id="14" lemma="|to|" pos="TO" wid="14">to</w>
  <w id="15" lemma="|pray|" pos="VB" wid="15">pray</w>
  <w id="16" lemma="|for|" pos="IN" wid="16">for</w>
  <w id="17" lemma="|the|" pos="DT" wid="17">the</w>
  <w id="18" lemma="|Church|" pos="NNP" wid="18">Church</w>
  <w id="19" lemma="|in|" pos="IN" wid="19">in</w>
  <w id="20" lemma="|China|" pos="NNP" wid="20">China</w>
  <w id="21" lemma="|,|" pos="," wid="21">,</w>
  <w id="22" lemma="|invoke|" pos="VBG" wid="22">invoking</w>
  <w id="23" lemma="|the|" pos="DT" wid="23">the</w>
  <w id="24" lemma="|intercession|" pos="NN" wid="24">intercession</w>
  <w id="25" lemma="|of|" pos="IN" wid="25">of</w>
  <w id="26" lemma="|Mary|" pos="NNP" wid="26">Mary</w>
  <w id="27" lemma="|,|" pos="," wid="27">,</w>
  <w id="28" lemma="|help|" pos="NN" wid="28">Help</w>
  <w id="29" lemma="|of|" pos="IN" wid="29">of</w>
  <w id="30" lemma="|christian|" pos="NNS" wid="30">Christians</w>
  <w id="31" lemma="|.|" pos="." wid="31">.</w>
</sentence>
<sentence id="34">
  <w id="0" lemma="|I|" pos="PRP" wid="0">I</w>
  <w id="1" lemma="|address|" pos="VBP" wid="1">address</w>
  <w id="2" lemma="|a|" pos="DT" wid="2">a</w>
  <w id="3" lemma="|thought|" pos="NN" wid="3">thought</w>
  <w id="4" lemma="|to|" pos="TO" wid="4">to</w>
  <w id="5" lemma="|all|" pos="PDT" wid="5">all</w>
  <w id="6" lemma="|those|" pos="DT" wid="6">those</w>
  <w id="7" lemma="|who|" pos="WP" wid="7">who</w>
  <w id="8" lemma="|be|" pos="VBP" wid="8">are</w>
  <w id="9" lemma="|promote|" pos="VBG" wid="9">promoting</w>
  <w id="10" lemma="|the|" pos="DT" wid="10">the</w>
  <w id="11" lemma="|``|" pos="``" wid="11">``</w>
  <w id="12" lemma="|day|" pos="NN" wid="12">Day</w>
  <w id="13" lemma="|of|" pos="IN" wid="13">of</w>
  <w id="14" lemma="|Relief|" pos="NNP" wid="14">Relief</w>
  <w id="15" lemma="|''|" pos="''" wid="15">''</w>
  <w id="16" lemma="|for|" pos="IN" wid="16">for</w>
  <w id="17" lemma="|the|" pos="DT" wid="17">the</w>
  <w id="18" lemma="|sick|" pos="JJ" wid="18">sick</w>
  <w id="19" lemma="|who|" pos="WP" wid="19">who</w>
  <w id="20" lemma="|be|" pos="VBP" wid="20">are</w>
  <w id="21" lemma="|travel|" pos="VBG" wid="21">travelling</w>
  <w id="22" lemma="|on|" pos="IN" wid="22">on</w>
  <w id="23" lemma="|the|" pos="DT" wid="23">the</w>
  <w id="24" lemma="|last|" pos="JJ" wid="24">last</w>
  <w id="25" lemma="|stretch|" pos="NN" wid="25">stretch</w>
  <w id="26" lemma="|of|" pos="IN" wid="26">of</w>
  <w id="27" lemma="|they|" pos="PRP$" wid="27">their</w>
  <w id="28" lemma="|earthly|" pos="JJ" wid="28">earthly</w>
  <w id="29" lemma="|journey|" pos="NN" wid="29">journey</w>
  <w id="30" lemma="|;|" pos=":" wid="30">;</w>
  <w id="31" lemma="|as|" pos="RB" wid="31">as</w>
  <w id="32" lemma="|well|" pos="RB" wid="32">well</w>
  <w id="33" lemma="|as|" pos="IN" wid="33">as</w>
  <w id="34" lemma="|the|" pos="DT" wid="34">the</w>
  <w id="35" lemma="|Associazione|" pos="NNP" wid="35">Associazione</w>
  <w id="36" lemma="|Italiana|" pos="NNP" wid="36">Italiana</w>
  <w id="37" lemma="|Sclerosi|" pos="NNP" wid="37">Sclerosi</w>
  <w id="38" lemma="|Multipla|" pos="NNP" wid="38">Multipla</w>
  <w id="39" lemma="|.|" pos="." wid="39">.</w>
</sentence>
<sentence id="35">
  <w id="0" lemma="|thank|" pos="VB" wid="0">Thank</w>
  <w id="1" lemma="|you|" pos="PRP" wid="1">you</w>
  <w id="2" lemma="|for|" pos="IN" wid="2">for</w>
  <w id="3" lemma="|you|" pos="PRP$" wid="3">your</w>
  <w id="4" lemma="|dedication|" pos="NN" wid="4">dedication</w>
  <w id="5" lemma="|!|" pos="." wid="5">!</w>
</sentence>
<sentence id="36">
  <w id="0" lemma="|I|" pos="PRP" wid="0">I</w>
  <w id="1" lemma="|greet|" pos="VBP" wid="1">greet</w>
  <w id="2" lemma="|the|" pos="DT" wid="2">the</w>
  <w id="3" lemma="|Associazione|" pos="NNP" wid="3">Associazione</w>
  <w id="4" lemma="|Nazionale|" pos="NNP" wid="4">Nazionale</w>
  <w id="5" lemma="|Arma|" pos="NNP" wid="5">Arma</w>
  <w id="6" lemma="|di|" pos="NNP" wid="6">di</w>
  <w id="7" lemma="|Cavalleria|" pos="NNP" wid="7">Cavalleria</w>
  <w id="8" lemma="|,|" pos="," wid="8">,</w>
  <w id="9" lemma="|and|" pos="CC" wid="9">and</w>
  <w id="10" lemma="|the|" pos="DT" wid="10">the</w>
  <w id="11" lemma="|faithful|" pos="NN" wid="11">faithful</w>
  <w id="12" lemma="|from|" pos="IN" wid="12">from</w>
  <w id="13" lemma="|Fiumicello|" pos="NNP" wid="13">Fiumicello</w>
  <w id="14" lemma="|near|" pos="IN" wid="14">near</w>
  <w id="15" lemma="|Padua|" pos="NNP" wid="15">Padua</w>
  <w id="16" lemma="|.|" pos="." wid="16">.</w>
</sentence>
<sentence id="37">
  <w id="0" lemma="|have|" pos="VBP" wid="0">Have</w>
  <w id="1" lemma="|a|" pos="DT" wid="1">a</w>
  <w id="2" lemma="|good|" pos="JJ" wid="2">good</w>
  <w id="3" lemma="|Sunday|" pos="NNP" wid="3">Sunday</w>
  <w id="4" lemma="|and|" pos="CC" wid="4">and</w>
  <w id="5" lemma="|a|" pos="DT" wid="5">a</w>
  <w id="6" lemma="|good|" pos="JJ" wid="6">good</w>
  <w id="7" lemma="|lunch|" pos="NN" wid="7">lunch</w>
  <w id="8" lemma="|!|" pos="." wid="8">!</w>
</sentence>
</corpus>