<corpus id="0">
<sentence id="0">
  <w id="0" lemma="|Dear|" pos="NNP" wid="0">Dear</w>
  <w id="1" lemma="|Brothers|" pos="NNPS" wid="1">Brothers</w>
  <w id="2" lemma="|and|" pos="CC" wid="2">and</w>
  <w id="3" lemma="|sister|" pos="NNS" wid="3">Sisters</w>
  <w id="4" lemma="|,|" pos="," wid="4">,</w>
  <w id="5" lemma="|happy|" pos="JJ" wid="5">Happy</w>
  <w id="6" lemma="|Sunday|" pos="NNP" wid="6">Sunday</w>
  <w id="7" lemma="|!|" pos="." wid="7">!</w>
</sentence>
<sentence id="1">
  <w id="0" lemma="|the|" pos="DT" wid="0">The</w>
  <w id="1" lemma="|Liturgy|" pos="NNP" wid="1">Liturgy</w>
  <w id="2" lemma="|today|" pos="NN" wid="2">today</w>
  <w id="3" lemma="|,|" pos="," wid="3">,</w>
  <w id="4" lemma="|the|" pos="DT" wid="4">the</w>
  <w id="5" lemma="|Second|" pos="NNP" wid="5">Second</w>
  <w id="6" lemma="|Sunday|" pos="NNP" wid="6">Sunday</w>
  <w id="7" lemma="|after|" pos="IN" wid="7">after</w>
  <w id="8" lemma="|Christmas|" pos="NNP" wid="8">Christmas</w>
  <w id="9" lemma="|,|" pos="," wid="9">,</w>
  <w id="10" lemma="|present|" pos="VBZ" wid="10">presents</w>
  <w id="11" lemma="|we|" pos="PRP" wid="11">us</w>
  <w id="12" lemma="|the|" pos="DT" wid="12">the</w>
  <w id="13" lemma="|Prologue|" pos="NNP" wid="13">Prologue</w>
  <w id="14" lemma="|of|" pos="IN" wid="14">of</w>
  <w id="15" lemma="|the|" pos="DT" wid="15">the</w>
  <w id="16" lemma="|Gospel|" pos="NNP" wid="16">Gospel</w>
  <w id="17" lemma="|of|" pos="IN" wid="17">of</w>
  <w id="18" lemma="|St|" pos="NNP" wid="18">St</w>
  <w id="19" lemma="|John|" pos="NNP" wid="19">John</w>
  <w id="20" lemma="|,|" pos="," wid="20">,</w>
  <w id="21" lemma="|in|" pos="IN" wid="21">in</w>
  <w id="22" lemma="|which|" pos="WDT" wid="22">which</w>
  <w id="23" lemma="|it|" pos="PRP" wid="23">it</w>
  <w id="24" lemma="|be|" pos="VBZ" wid="24">is</w>
  <w id="25" lemma="|proclaim|" pos="VBN" wid="25">proclaimed</w>
  <w id="26" lemma="|that|" pos="IN" wid="26">that</w>
  <w id="27" lemma="|``|" pos="``" wid="27">``</w>
  <w id="28" lemma="|the|" pos="DT" wid="28">the</w>
  <w id="29" lemma="|word|" pos="NN" wid="29">Word</w>
  <w id="30" lemma="|''|" pos="''" wid="30">''</w>
  <w id="31" lemma="|--|" pos=":" wid="31">--</w>
  <w id="32" lemma="|that|" pos="DT" wid="32">that</w>
  <w id="33" lemma="|be|" pos="VBZ" wid="33">is</w>
  <w id="34" lemma="|,|" pos="," wid="34">,</w>
  <w id="35" lemma="|the|" pos="DT" wid="35">the</w>
  <w id="36" lemma="|creative|" pos="JJ" wid="36">creative</w>
  <w id="37" lemma="|word|" pos="NN" wid="37">Word</w>
  <w id="38" lemma="|of|" pos="IN" wid="38">of</w>
  <w id="39" lemma="|God|" pos="NNP" wid="39">God</w>
  <w id="40" lemma="|--|" pos=":" wid="40">--</w>
  <w id="41" lemma="|``|" pos="``" wid="41">``</w>
  <w id="42" lemma="|become|" pos="VBD" wid="42">became</w>
  <w id="43" lemma="|flesh|" pos="NN" wid="43">flesh</w>
  <w id="44" lemma="|and|" pos="CC" wid="44">and</w>
  <w id="45" lemma="|dwelt|" pos="NN" wid="45">dwelt</w>
  <w id="46" lemma="|among|" pos="IN" wid="46">among</w>
  <w id="47" lemma="|we|" pos="PRP" wid="47">us</w>
  <w id="48" lemma="|''|" pos="''" wid="48">''</w>
  <w id="49" lemma="|-lrb-|" pos="-LRB-" wid="49">-LRB-</w>
  <w id="50" lemma="|jn|" pos="NN" wid="50">Jn</w>
  <w id="51" lemma="|1:14|" pos="CD" wid="51">1:14</w>
  <w id="52" lemma="|-rrb-|" pos="-RRB-" wid="52">-RRB-</w>
  <w id="53" lemma="|.|" pos="." wid="53">.</w>
</sentence>
<sentence id="2">
  <w id="0" lemma="|in|" pos="IN" wid="0">In</w>
  <w id="1" lemma="|other|" pos="JJ" wid="1">other</w>
  <w id="2" lemma="|word|" pos="NNS" wid="2">words</w>
  <w id="3" lemma="|,|" pos="," wid="3">,</w>
  <w id="4" lemma="|that|" pos="IN" wid="4">that</w>
  <w id="5" lemma="|Word|" pos="NNP" wid="5">Word</w>
  <w id="6" lemma="|,|" pos="," wid="6">,</w>
  <w id="7" lemma="|which|" pos="WDT" wid="7">which</w>
  <w id="8" lemma="|dwell|" pos="VBZ" wid="8">dwells</w>
  <w id="9" lemma="|in|" pos="IN" wid="9">in</w>
  <w id="10" lemma="|heaven|" pos="NN" wid="10">heaven</w>
  <w id="11" lemma="|in|" pos="IN" wid="11">in</w>
  <w id="12" lemma="|the|" pos="DT" wid="12">the</w>
  <w id="13" lemma="|dimension|" pos="NN" wid="13">dimension</w>
  <w id="14" lemma="|of|" pos="IN" wid="14">of</w>
  <w id="15" lemma="|God|" pos="NNP" wid="15">God</w>
  <w id="16" lemma="|,|" pos="," wid="16">,</w>
  <w id="17" lemma="|come|" pos="VBD" wid="17">came</w>
  <w id="18" lemma="|upon|" pos="IN" wid="18">upon</w>
  <w id="19" lemma="|the|" pos="DT" wid="19">the</w>
  <w id="20" lemma="|earth|" pos="NN" wid="20">earth</w>
  <w id="21" lemma="|so|" pos="IN" wid="21">so</w>
  <w id="22" lemma="|that|" pos="IN" wid="22">that</w>
  <w id="23" lemma="|we|" pos="PRP" wid="23">we</w>
  <w id="24" lemma="|should|" pos="MD" wid="24">should</w>
  <w id="25" lemma="|hear|" pos="VB" wid="25">hear</w>
  <w id="26" lemma="|it|" pos="PRP" wid="26">it</w>
  <w id="27" lemma="|and|" pos="CC" wid="27">and</w>
  <w id="28" lemma="|we|" pos="PRP" wid="28">we</w>
  <w id="29" lemma="|could|" pos="MD" wid="29">could</w>
  <w id="30" lemma="|know|" pos="VB" wid="30">know</w>
  <w id="31" lemma="|and|" pos="CC" wid="31">and</w>
  <w id="32" lemma="|physically|" pos="RB" wid="32">physically</w>
  <w id="33" lemma="|touch|" pos="VB" wid="33">touch</w>
  <w id="34" lemma="|the|" pos="DT" wid="34">the</w>
  <w id="35" lemma="|love|" pos="NN" wid="35">Love</w>
  <w id="36" lemma="|of|" pos="IN" wid="36">of</w>
  <w id="37" lemma="|the|" pos="DT" wid="37">the</w>
  <w id="38" lemma="|Father|" pos="NNP" wid="38">Father</w>
  <w id="39" lemma="|.|" pos="." wid="39">.</w>
</sentence>
<sentence id="3">
  <w id="0" lemma="|the|" pos="DT" wid="0">The</w>
  <w id="1" lemma="|Word|" pos="NNP" wid="1">Word</w>
  <w id="2" lemma="|of|" pos="IN" wid="2">of</w>
  <w id="3" lemma="|God|" pos="NNP" wid="3">God</w>
  <w id="4" lemma="|be|" pos="VBZ" wid="4">is</w>
  <w id="5" lemma="|he|" pos="PRP$" wid="5">his</w>
  <w id="6" lemma="|only|" pos="JJ" wid="6">Only</w>
  <w id="7" lemma="|Begotten|" pos="NNP" wid="7">Begotten</w>
  <w id="8" lemma="|Son|" pos="NNP" wid="8">Son</w>
  <w id="9" lemma="|,|" pos="," wid="9">,</w>
  <w id="10" lemma="|have|" pos="VBG" wid="10">having</w>
  <w id="11" lemma="|become|" pos="VBN" wid="11">become</w>
  <w id="12" lemma="|man|" pos="NN" wid="12">man</w>
  <w id="13" lemma="|,|" pos="," wid="13">,</w>
  <w id="14" lemma="|full|" pos="JJ" wid="14">full</w>
  <w id="15" lemma="|of|" pos="IN" wid="15">of</w>
  <w id="16" lemma="|love|" pos="NN" wid="16">love</w>
  <w id="17" lemma="|and|" pos="CC" wid="17">and</w>
  <w id="18" lemma="|devotion|" pos="NN" wid="18">devotion</w>
  <w id="19" lemma="|-lrb-|" pos="-LRB-" wid="19">-LRB-</w>
  <w id="20" lemma="|cf|" pos="NN" wid="20">cf</w>
  <w id="21" lemma="|.|" pos="." wid="21">.</w>
</sentence>
<sentence id="4">
  <w id="0" lemma="|jn|" pos="NN" wid="0">Jn</w>
  <w id="1" lemma="|1:14|" pos="CD" wid="1">1:14</w>
  <w id="2" lemma="|-rrb-|" pos="-RRB-" wid="2">-RRB-</w>
  <w id="3" lemma="|;|" pos=":" wid="3">;</w>
  <w id="4" lemma="|it|" pos="PRP" wid="4">it</w>
  <w id="5" lemma="|be|" pos="VBZ" wid="5">is</w>
  <w id="6" lemma="|Jesus|" pos="NNP" wid="6">Jesus</w>
  <w id="7" lemma="|himself|" pos="PRP" wid="7">himself</w>
  <w id="8" lemma="|.|" pos="." wid="8">.</w>
</sentence>
<sentence id="5">
  <w id="0" lemma="|the|" pos="DT" wid="0">The</w>
  <w id="1" lemma="|evangelist|" pos="NN" wid="1">Evangelist</w>
  <w id="2" lemma="|do|" pos="VBZ" wid="2">does</w>
  <w id="3" lemma="|not|" pos="RB" wid="3">not</w>
  <w id="4" lemma="|hide|" pos="VB" wid="4">hide</w>
  <w id="5" lemma="|the|" pos="DT" wid="5">the</w>
  <w id="6" lemma="|dramatic|" pos="JJ" wid="6">dramatic</w>
  <w id="7" lemma="|nature|" pos="NN" wid="7">nature</w>
  <w id="8" lemma="|of|" pos="IN" wid="8">of</w>
  <w id="9" lemma="|the|" pos="DT" wid="9">the</w>
  <w id="10" lemma="|incarnation|" pos="NN" wid="10">Incarnation</w>
  <w id="11" lemma="|of|" pos="IN" wid="11">of</w>
  <w id="12" lemma="|the|" pos="DT" wid="12">the</w>
  <w id="13" lemma="|Son|" pos="NNP" wid="13">Son</w>
  <w id="14" lemma="|of|" pos="IN" wid="14">of</w>
  <w id="15" lemma="|God|" pos="NNP" wid="15">God</w>
  <w id="16" lemma="|,|" pos="," wid="16">,</w>
  <w id="17" lemma="|emphasize|" pos="VBG" wid="17">emphasizing</w>
  <w id="18" lemma="|that|" pos="IN" wid="18">that</w>
  <w id="19" lemma="|the|" pos="DT" wid="19">the</w>
  <w id="20" lemma="|gift|" pos="NN" wid="20">gift</w>
  <w id="21" lemma="|of|" pos="IN" wid="21">of</w>
  <w id="22" lemma="|God|" pos="NNP" wid="22">God</w>
  <w id="23" lemma="|'s|" pos="POS" wid="23">'s</w>
  <w id="24" lemma="|love|" pos="NN" wid="24">love</w>
  <w id="25" lemma="|be|" pos="VBZ" wid="25">is</w>
  <w id="26" lemma="|mark|" pos="VBN" wid="26">marked</w>
  <w id="27" lemma="|by|" pos="IN" wid="27">by</w>
  <w id="28" lemma="|mankind|" pos="NN" wid="28">mankind</w>
  <w id="29" lemma="|'s|" pos="POS" wid="29">'s</w>
  <w id="30" lemma="|failure|" pos="NN" wid="30">failure</w>
  <w id="31" lemma="|to|" pos="TO" wid="31">to</w>
  <w id="32" lemma="|receive|" pos="VB" wid="32">receive</w>
  <w id="33" lemma="|it|" pos="PRP" wid="33">it</w>
  <w id="34" lemma="|.|" pos="." wid="34">.</w>
</sentence>
<sentence id="6">
  <w id="0" lemma="|the|" pos="DT" wid="0">The</w>
  <w id="1" lemma="|Word|" pos="NNP" wid="1">Word</w>
  <w id="2" lemma="|be|" pos="VBZ" wid="2">is</w>
  <w id="3" lemma="|the|" pos="DT" wid="3">the</w>
  <w id="4" lemma="|light|" pos="NN" wid="4">light</w>
  <w id="5" lemma="|,|" pos="," wid="5">,</w>
  <w id="6" lemma="|yet|" pos="RB" wid="6">yet</w>
  <w id="7" lemma="|mankind|" pos="NN" wid="7">mankind</w>
  <w id="8" lemma="|preferred|" pos="JJ" wid="8">preferred</w>
  <w id="9" lemma="|darkness|" pos="NN" wid="9">darkness</w>
  <w id="10" lemma="|;|" pos=":" wid="10">;</w>
  <w id="11" lemma="|the|" pos="DT" wid="11">the</w>
  <w id="12" lemma="|Word|" pos="NNP" wid="12">Word</w>
  <w id="13" lemma="|come|" pos="VBD" wid="13">came</w>
  <w id="14" lemma="|among|" pos="IN" wid="14">among</w>
  <w id="15" lemma="|he|" pos="PRP$" wid="15">his</w>
  <w id="16" lemma="|own|" pos="JJ" wid="16">own</w>
  <w id="17" lemma="|,|" pos="," wid="17">,</w>
  <w id="18" lemma="|but|" pos="CC" wid="18">but</w>
  <w id="19" lemma="|they|" pos="PRP" wid="19">they</w>
  <w id="20" lemma="|receive|" pos="VBD" wid="20">received</w>
  <w id="21" lemma="|he|" pos="PRP" wid="21">him</w>
  <w id="22" lemma="|not|" pos="RB" wid="22">not</w>
  <w id="23" lemma="|-lrb-|" pos="-LRB-" wid="23">-LRB-</w>
  <w id="24" lemma="|cf|" pos="NN" wid="24">cf</w>
  <w id="25" lemma="|.|" pos="." wid="25">.</w>
</sentence>
<sentence id="7">
  <w id="0" lemma="|vv|" pos="NN" wid="0">vv</w>
  <w id="1" lemma="|.|" pos="." wid="1">.</w>
</sentence>
<sentence id="8">
  <w id="0" lemma="|9-10|" pos="CD" wid="0">9-10</w>
  <w id="1" lemma="|-rrb-|" pos="-RRB-" wid="1">-RRB-</w>
  <w id="2" lemma="|.|" pos="." wid="2">.</w>
</sentence>
<sentence id="9">
  <w id="0" lemma="|they|" pos="PRP" wid="0">They</w>
  <w id="1" lemma="|close|" pos="VBD" wid="1">closed</w>
  <w id="2" lemma="|the|" pos="DT" wid="2">the</w>
  <w id="3" lemma="|door|" pos="NN" wid="3">door</w>
  <w id="4" lemma="|in|" pos="IN" wid="4">in</w>
  <w id="5" lemma="|the|" pos="DT" wid="5">the</w>
  <w id="6" lemma="|face|" pos="NN" wid="6">face</w>
  <w id="7" lemma="|of|" pos="IN" wid="7">of</w>
  <w id="8" lemma="|God|" pos="NNP" wid="8">God</w>
  <w id="9" lemma="|'s|" pos="POS" wid="9">'s</w>
  <w id="10" lemma="|Son|" pos="NNP" wid="10">Son</w>
  <w id="11" lemma="|.|" pos="." wid="11">.</w>
</sentence>
<sentence id="10">
  <w id="0" lemma="|it|" pos="PRP" wid="0">It</w>
  <w id="1" lemma="|be|" pos="VBZ" wid="1">is</w>
  <w id="2" lemma="|the|" pos="DT" wid="2">the</w>
  <w id="3" lemma="|mystery|" pos="NN" wid="3">mystery</w>
  <w id="4" lemma="|of|" pos="IN" wid="4">of</w>
  <w id="5" lemma="|evil|" pos="NN" wid="5">evil</w>
  <w id="6" lemma="|that|" pos="WDT" wid="6">that</w>
  <w id="7" lemma="|undermine|" pos="VBZ" wid="7">undermines</w>
  <w id="8" lemma="|we|" pos="PRP$" wid="8">our</w>
  <w id="9" lemma="|life|" pos="NN" wid="9">life</w>
  <w id="10" lemma="|too|" pos="RB" wid="10">too</w>
  <w id="11" lemma="|,|" pos="," wid="11">,</w>
  <w id="12" lemma="|and|" pos="CC" wid="12">and</w>
  <w id="13" lemma="|it|" pos="PRP" wid="13">it</w>
  <w id="14" lemma="|require|" pos="VBZ" wid="14">requires</w>
  <w id="15" lemma="|vigilance|" pos="NN" wid="15">vigilance</w>
  <w id="16" lemma="|and|" pos="CC" wid="16">and</w>
  <w id="17" lemma="|attention|" pos="NN" wid="17">attention</w>
  <w id="18" lemma="|on|" pos="IN" wid="18">on</w>
  <w id="19" lemma="|we|" pos="PRP$" wid="19">our</w>
  <w id="20" lemma="|part|" pos="NN" wid="20">part</w>
  <w id="21" lemma="|so|" pos="IN" wid="21">so</w>
  <w id="22" lemma="|that|" pos="IN" wid="22">that</w>
  <w id="23" lemma="|it|" pos="PRP" wid="23">it</w>
  <w id="24" lemma="|do|" pos="VBZ" wid="24">does</w>
  <w id="25" lemma="|not|" pos="RB" wid="25">not</w>
  <w id="26" lemma="|prevail|" pos="VB" wid="26">prevail</w>
  <w id="27" lemma="|.|" pos="." wid="27">.</w>
</sentence>
<sentence id="11">
  <w id="0" lemma="|the|" pos="DT" wid="0">The</w>
  <w id="1" lemma="|Book|" pos="NNP" wid="1">Book</w>
  <w id="2" lemma="|of|" pos="IN" wid="2">of</w>
  <w id="3" lemma="|Genesis|" pos="NNP" wid="3">Genesis</w>
  <w id="4" lemma="|offer|" pos="VBZ" wid="4">offers</w>
  <w id="5" lemma="|a|" pos="DT" wid="5">a</w>
  <w id="6" lemma="|nice|" pos="JJ" wid="6">nice</w>
  <w id="7" lemma="|phrase|" pos="NN" wid="7">phrase</w>
  <w id="8" lemma="|that|" pos="WDT" wid="8">that</w>
  <w id="9" lemma="|let|" pos="VBZ" wid="9">lets</w>
  <w id="10" lemma="|we|" pos="PRP" wid="10">us</w>
  <w id="11" lemma="|understand|" pos="VB" wid="11">understand</w>
  <w id="12" lemma="|this|" pos="DT" wid="12">this</w>
  <w id="13" lemma="|:|" pos=":" wid="13">:</w>
  <w id="14" lemma="|it|" pos="PRP" wid="14">it</w>
  <w id="15" lemma="|say|" pos="VBZ" wid="15">says</w>
  <w id="16" lemma="|that|" pos="IN" wid="16">that</w>
  <w id="17" lemma="|sin|" pos="NN" wid="17">sin</w>
  <w id="18" lemma="|be|" pos="VBZ" wid="18">is</w>
  <w id="19" lemma="|``|" pos="``" wid="19">``</w>
  <w id="20" lemma="|couch|" pos="VBG" wid="20">couching</w>
  <w id="21" lemma="|at|" pos="IN" wid="21">at</w>
  <w id="22" lemma="|the|" pos="DT" wid="22">the</w>
  <w id="23" lemma="|door|" pos="NN" wid="23">door</w>
  <w id="24" lemma="|''|" pos="''" wid="24">''</w>
  <w id="25" lemma="|-lrb-|" pos="-LRB-" wid="25">-LRB-</w>
  <w id="26" lemma="|cf|" pos="NN" wid="26">cf</w>
  <w id="27" lemma="|.|" pos="." wid="27">.</w>
</sentence>
<sentence id="12">
  <w id="0" lemma="|4:7|" pos="CD" wid="0">4:7</w>
  <w id="1" lemma="|-rrb-|" pos="-RRB-" wid="1">-RRB-</w>
  <w id="2" lemma="|.|" pos="." wid="2">.</w>
</sentence>
<sentence id="13">
  <w id="0" lemma="|woe|" pos="NN" wid="0">Woe</w>
  <w id="1" lemma="|to|" pos="TO" wid="1">to</w>
  <w id="2" lemma="|we|" pos="PRP" wid="2">us</w>
  <w id="3" lemma="|should|" pos="MD" wid="3">should</w>
  <w id="4" lemma="|we|" pos="PRP" wid="4">we</w>
  <w id="5" lemma="|let|" pos="VB" wid="5">let</w>
  <w id="6" lemma="|it|" pos="PRP" wid="6">it</w>
  <w id="7" lemma="|enter|" pos="VB" wid="7">enter</w>
  <w id="8" lemma="|;|" pos=":" wid="8">;</w>
  <w id="9" lemma="|lest|" pos="IN" wid="9">lest</w>
  <w id="10" lemma="|sin|" pos="NN" wid="10">sin</w>
  <w id="11" lemma="|would|" pos="MD" wid="11">would</w>
  <w id="12" lemma="|close|" pos="VB" wid="12">close</w>
  <w id="13" lemma="|we|" pos="PRP$" wid="13">our</w>
  <w id="14" lemma="|door|" pos="NN" wid="14">door</w>
  <w id="15" lemma="|to|" pos="TO" wid="15">to</w>
  <w id="16" lemma="|anyone|" pos="NN" wid="16">anyone</w>
  <w id="17" lemma="|else|" pos="RB" wid="17">else</w>
  <w id="18" lemma="|.|" pos="." wid="18">.</w>
</sentence>
<sentence id="14">
  <w id="0" lemma="|instead|" pos="RB" wid="0">Instead</w>
  <w id="1" lemma="|we|" pos="PRP" wid="1">we</w>
  <w id="2" lemma="|be|" pos="VBP" wid="2">are</w>
  <w id="3" lemma="|call|" pos="VBN" wid="3">called</w>
  <w id="4" lemma="|to|" pos="TO" wid="4">to</w>
  <w id="5" lemma="|open|" pos="VB" wid="5">open</w>
  <w id="6" lemma="|wide|" pos="JJ" wid="6">wide</w>
  <w id="7" lemma="|the|" pos="DT" wid="7">the</w>
  <w id="8" lemma="|door|" pos="NN" wid="8">door</w>
  <w id="9" lemma="|of|" pos="IN" wid="9">of</w>
  <w id="10" lemma="|we|" pos="PRP$" wid="10">our</w>
  <w id="11" lemma="|heart|" pos="NN" wid="11">heart</w>
  <w id="12" lemma="|to|" pos="TO" wid="12">to</w>
  <w id="13" lemma="|the|" pos="DT" wid="13">the</w>
  <w id="14" lemma="|word|" pos="NN" wid="14">Word</w>
  <w id="15" lemma="|of|" pos="IN" wid="15">of</w>
  <w id="16" lemma="|God|" pos="NNP" wid="16">God</w>
  <w id="17" lemma="|,|" pos="," wid="17">,</w>
  <w id="18" lemma="|to|" pos="TO" wid="18">to</w>
  <w id="19" lemma="|Jesus|" pos="NNP" wid="19">Jesus</w>
  <w id="20" lemma="|,|" pos="," wid="20">,</w>
  <w id="21" lemma="|in|" pos="IN" wid="21">in</w>
  <w id="22" lemma="|order|" pos="NN" wid="22">order</w>
  <w id="23" lemma="|to|" pos="TO" wid="23">to</w>
  <w id="24" lemma="|become|" pos="VB" wid="24">become</w>
  <w id="25" lemma="|he|" pos="PRP$" wid="25">his</w>
  <w id="26" lemma="|child|" pos="NNS" wid="26">children</w>
  <w id="27" lemma="|in|" pos="IN" wid="27">in</w>
  <w id="28" lemma="|this|" pos="DT" wid="28">this</w>
  <w id="29" lemma="|way|" pos="NN" wid="29">way</w>
  <w id="30" lemma="|.|" pos="." wid="30">.</w>
</sentence>
<sentence id="15">
  <w id="0" lemma="|on|" pos="IN" wid="0">On</w>
  <w id="1" lemma="|Christmas|" pos="NNP" wid="1">Christmas</w>
  <w id="2" lemma="|Day|" pos="NNP" wid="2">Day</w>
  <w id="3" lemma="|this|" pos="DT" wid="3">this</w>
  <w id="4" lemma="|solemn|" pos="JJ" wid="4">solemn</w>
  <w id="5" lemma="|beginning|" pos="NN" wid="5">beginning</w>
  <w id="6" lemma="|of|" pos="IN" wid="6">of</w>
  <w id="7" lemma="|the|" pos="DT" wid="7">the</w>
  <w id="8" lemma="|Gospel|" pos="NNP" wid="8">Gospel</w>
  <w id="9" lemma="|of|" pos="IN" wid="9">of</w>
  <w id="10" lemma="|John|" pos="NNP" wid="10">John</w>
  <w id="11" lemma="|be|" pos="VBD" wid="11">was</w>
  <w id="12" lemma="|proclaim|" pos="VBN" wid="12">proclaimed</w>
  <w id="13" lemma="|;|" pos=":" wid="13">;</w>
  <w id="14" lemma="|today|" pos="NN" wid="14">today</w>
  <w id="15" lemma="|it|" pos="PRP" wid="15">it</w>
  <w id="16" lemma="|be|" pos="VBZ" wid="16">is</w>
  <w id="17" lemma="|offer|" pos="VBN" wid="17">offered</w>
  <w id="18" lemma="|to|" pos="TO" wid="18">to</w>
  <w id="19" lemma="|we|" pos="PRP" wid="19">us</w>
  <w id="20" lemma="|once|" pos="RB" wid="20">once</w>
  <w id="21" lemma="|again|" pos="RB" wid="21">again</w>
  <w id="22" lemma="|.|" pos="." wid="22">.</w>
</sentence>
<sentence id="16">
  <w id="0" lemma="|it|" pos="PRP" wid="0">It</w>
  <w id="1" lemma="|be|" pos="VBZ" wid="1">is</w>
  <w id="2" lemma="|the|" pos="DT" wid="2">the</w>
  <w id="3" lemma="|invitation|" pos="NN" wid="3">invitation</w>
  <w id="4" lemma="|of|" pos="IN" wid="4">of</w>
  <w id="5" lemma="|the|" pos="DT" wid="5">the</w>
  <w id="6" lemma="|Holy|" pos="NNP" wid="6">Holy</w>
  <w id="7" lemma="|Mother|" pos="NNP" wid="7">Mother</w>
  <w id="8" lemma="|Church|" pos="NNP" wid="8">Church</w>
  <w id="9" lemma="|to|" pos="TO" wid="9">to</w>
  <w id="10" lemma="|welcome|" pos="VB" wid="10">welcome</w>
  <w id="11" lemma="|this|" pos="DT" wid="11">this</w>
  <w id="12" lemma="|word|" pos="NN" wid="12">Word</w>
  <w id="13" lemma="|of|" pos="IN" wid="13">of</w>
  <w id="14" lemma="|salvation|" pos="NN" wid="14">salvation</w>
  <w id="15" lemma="|,|" pos="," wid="15">,</w>
  <w id="16" lemma="|this|" pos="DT" wid="16">this</w>
  <w id="17" lemma="|mystery|" pos="NN" wid="17">mystery</w>
  <w id="18" lemma="|of|" pos="IN" wid="18">of</w>
  <w id="19" lemma="|light|" pos="NN" wid="19">light</w>
  <w id="20" lemma="|.|" pos="." wid="20">.</w>
</sentence>
<sentence id="17">
  <w id="0" lemma="|if|" pos="IN" wid="0">If</w>
  <w id="1" lemma="|we|" pos="PRP" wid="1">we</w>
  <w id="2" lemma="|welcome|" pos="VBP" wid="2">welcome</w>
  <w id="3" lemma="|he|" pos="PRP" wid="3">him</w>
  <w id="4" lemma="|,|" pos="," wid="4">,</w>
  <w id="5" lemma="|if|" pos="IN" wid="5">if</w>
  <w id="6" lemma="|we|" pos="PRP" wid="6">we</w>
  <w id="7" lemma="|welcome|" pos="VBP" wid="7">welcome</w>
  <w id="8" lemma="|Jesus|" pos="NNP" wid="8">Jesus</w>
  <w id="9" lemma="|,|" pos="," wid="9">,</w>
  <w id="10" lemma="|we|" pos="PRP" wid="10">we</w>
  <w id="11" lemma="|will|" pos="MD" wid="11">will</w>
  <w id="12" lemma="|grow|" pos="VB" wid="12">grow</w>
  <w id="13" lemma="|in|" pos="IN" wid="13">in</w>
  <w id="14" lemma="|the|" pos="DT" wid="14">the</w>
  <w id="15" lemma="|knowledge|" pos="NN" wid="15">knowledge</w>
  <w id="16" lemma="|and|" pos="CC" wid="16">and</w>
  <w id="17" lemma="|the|" pos="DT" wid="17">the</w>
  <w id="18" lemma="|love|" pos="NN" wid="18">love</w>
  <w id="19" lemma="|of|" pos="IN" wid="19">of</w>
  <w id="20" lemma="|the|" pos="DT" wid="20">the</w>
  <w id="21" lemma="|Lord|" pos="NNP" wid="21">Lord</w>
  <w id="22" lemma="|,|" pos="," wid="22">,</w>
  <w id="23" lemma="|we|" pos="PRP" wid="23">we</w>
  <w id="24" lemma="|will|" pos="MD" wid="24">will</w>
  <w id="25" lemma="|learn|" pos="VB" wid="25">learn</w>
  <w id="26" lemma="|to|" pos="TO" wid="26">to</w>
  <w id="27" lemma="|be|" pos="VB" wid="27">be</w>
  <w id="28" lemma="|merciful|" pos="JJ" wid="28">merciful</w>
  <w id="29" lemma="|like|" pos="IN" wid="29">like</w>
  <w id="30" lemma="|he|" pos="PRP" wid="30">him</w>
  <w id="31" lemma="|.|" pos="." wid="31">.</w>
</sentence>
<sentence id="18">
  <w id="0" lemma="|particularly|" pos="RB" wid="0">Particularly</w>
  <w id="1" lemma="|in|" pos="IN" wid="1">in</w>
  <w id="2" lemma="|this|" pos="DT" wid="2">this</w>
  <w id="3" lemma="|Holy|" pos="NNP" wid="3">Holy</w>
  <w id="4" lemma="|Year|" pos="NNP" wid="4">Year</w>
  <w id="5" lemma="|of|" pos="IN" wid="5">of</w>
  <w id="6" lemma="|Mercy|" pos="NNP" wid="6">Mercy</w>
  <w id="7" lemma="|,|" pos="," wid="7">,</w>
  <w id="8" lemma="|let|" pos="VB" wid="8">let</w>
  <w id="9" lemma="|we|" pos="PRP" wid="9">us</w>
  <w id="10" lemma="|allow|" pos="VB" wid="10">allow</w>
  <w id="11" lemma="|the|" pos="DT" wid="11">the</w>
  <w id="12" lemma="|Gospel|" pos="NNP" wid="12">Gospel</w>
  <w id="13" lemma="|to|" pos="TO" wid="13">to</w>
  <w id="14" lemma="|become|" pos="VB" wid="14">become</w>
  <w id="15" lemma="|ever|" pos="RB" wid="15">ever</w>
  <w id="16" lemma="|more|" pos="JJR" wid="16">more</w>
  <w id="17" lemma="|incarnate|" pos="NN" wid="17">incarnate</w>
  <w id="18" lemma="|in|" pos="IN" wid="18">in</w>
  <w id="19" lemma="|we|" pos="PRP$" wid="19">our</w>
  <w id="20" lemma="|life|" pos="NNS" wid="20">lives</w>
  <w id="21" lemma="|as|" pos="RB" wid="21">as</w>
  <w id="22" lemma="|well|" pos="RB" wid="22">well</w>
  <w id="23" lemma="|.|" pos="." wid="23">.</w>
</sentence>
<sentence id="19">
  <w id="0" lemma="|approach|" pos="VBG" wid="0">Approaching</w>
  <w id="1" lemma="|the|" pos="DT" wid="1">the</w>
  <w id="2" lemma="|Gospel|" pos="NNP" wid="2">Gospel</w>
  <w id="3" lemma="|,|" pos="," wid="3">,</w>
  <w id="4" lemma="|contemplate|" pos="VBG" wid="4">contemplating</w>
  <w id="5" lemma="|it|" pos="PRP" wid="5">it</w>
  <w id="6" lemma="|,|" pos="," wid="6">,</w>
  <w id="7" lemma="|and|" pos="CC" wid="7">and</w>
  <w id="8" lemma="|embody|" pos="VBG" wid="8">embodying</w>
  <w id="9" lemma="|it|" pos="PRP" wid="9">it</w>
  <w id="10" lemma="|in|" pos="IN" wid="10">in</w>
  <w id="11" lemma="|daily|" pos="JJ" wid="11">daily</w>
  <w id="12" lemma="|life|" pos="NN" wid="12">life</w>
  <w id="13" lemma="|be|" pos="VBZ" wid="13">is</w>
  <w id="14" lemma="|the|" pos="DT" wid="14">the</w>
  <w id="15" lemma="|best|" pos="JJS" wid="15">best</w>
  <w id="16" lemma="|way|" pos="NN" wid="16">way</w>
  <w id="17" lemma="|to|" pos="TO" wid="17">to</w>
  <w id="18" lemma="|come|" pos="VB" wid="18">come</w>
  <w id="19" lemma="|to|" pos="TO" wid="19">to</w>
  <w id="20" lemma="|know|" pos="VB" wid="20">know</w>
  <w id="21" lemma="|Jesus|" pos="NNP" wid="21">Jesus</w>
  <w id="22" lemma="|and|" pos="CC" wid="22">and</w>
  <w id="23" lemma="|to|" pos="TO" wid="23">to</w>
  <w id="24" lemma="|bring|" pos="VB" wid="24">bring</w>
  <w id="25" lemma="|he|" pos="PRP" wid="25">him</w>
  <w id="26" lemma="|to|" pos="TO" wid="26">to</w>
  <w id="27" lemma="|other|" pos="NNS" wid="27">others</w>
  <w id="28" lemma="|.|" pos="." wid="28">.</w>
</sentence>
<sentence id="20">
  <w id="0" lemma="|this|" pos="DT" wid="0">This</w>
  <w id="1" lemma="|be|" pos="VBZ" wid="1">is</w>
  <w id="2" lemma="|the|" pos="DT" wid="2">the</w>
  <w id="3" lemma="|vocation|" pos="NN" wid="3">vocation</w>
  <w id="4" lemma="|and|" pos="CC" wid="4">and</w>
  <w id="5" lemma="|the|" pos="DT" wid="5">the</w>
  <w id="6" lemma="|joy|" pos="NN" wid="6">joy</w>
  <w id="7" lemma="|of|" pos="IN" wid="7">of</w>
  <w id="8" lemma="|every|" pos="DT" wid="8">every</w>
  <w id="9" lemma="|baptize|" pos="VBN" wid="9">baptized</w>
  <w id="10" lemma="|person|" pos="NN" wid="10">person</w>
  <w id="11" lemma="|:|" pos=":" wid="11">:</w>
  <w id="12" lemma="|to|" pos="TO" wid="12">to</w>
  <w id="13" lemma="|reveal|" pos="VB" wid="13">reveal</w>
  <w id="14" lemma="|and|" pos="CC" wid="14">and</w>
  <w id="15" lemma="|give|" pos="VB" wid="15">give</w>
  <w id="16" lemma="|Jesus|" pos="NNP" wid="16">Jesus</w>
  <w id="17" lemma="|to|" pos="TO" wid="17">to</w>
  <w id="18" lemma="|other|" pos="NNS" wid="18">others</w>
  <w id="19" lemma="|;|" pos=":" wid="19">;</w>
  <w id="20" lemma="|but|" pos="CC" wid="20">but</w>
  <w id="21" lemma="|in|" pos="IN" wid="21">in</w>
  <w id="22" lemma="|order|" pos="NN" wid="22">order</w>
  <w id="23" lemma="|to|" pos="TO" wid="23">to</w>
  <w id="24" lemma="|do|" pos="VB" wid="24">do</w>
  <w id="25" lemma="|this|" pos="DT" wid="25">this</w>
  <w id="26" lemma="|we|" pos="PRP" wid="26">we</w>
  <w id="27" lemma="|must|" pos="MD" wid="27">must</w>
  <w id="28" lemma="|know|" pos="VB" wid="28">know</w>
  <w id="29" lemma="|he|" pos="PRP" wid="29">him</w>
  <w id="30" lemma="|and|" pos="CC" wid="30">and</w>
  <w id="31" lemma="|bear|" pos="VB" wid="31">bear</w>
  <w id="32" lemma="|he|" pos="PRP" wid="32">him</w>
  <w id="33" lemma="|within|" pos="IN" wid="33">within</w>
  <w id="34" lemma="|we|" pos="PRP" wid="34">us</w>
  <w id="35" lemma="|,|" pos="," wid="35">,</w>
  <w id="36" lemma="|as|" pos="IN" wid="36">as</w>
  <w id="37" lemma="|the|" pos="DT" wid="37">the</w>
  <w id="38" lemma="|Lord|" pos="NNP" wid="38">Lord</w>
  <w id="39" lemma="|of|" pos="IN" wid="39">of</w>
  <w id="40" lemma="|we|" pos="PRP$" wid="40">our</w>
  <w id="41" lemma="|life|" pos="NN" wid="41">life</w>
  <w id="42" lemma="|.|" pos="." wid="42">.</w>
</sentence>
<sentence id="21">
  <w id="0" lemma="|he|" pos="PRP" wid="0">He</w>
  <w id="1" lemma="|protect|" pos="VBZ" wid="1">protects</w>
  <w id="2" lemma="|we|" pos="PRP" wid="2">us</w>
  <w id="3" lemma="|from|" pos="IN" wid="3">from</w>
  <w id="4" lemma="|the|" pos="DT" wid="4">the</w>
  <w id="5" lemma="|evil|" pos="NN" wid="5">evil</w>
  <w id="6" lemma="|one|" pos="CD" wid="6">one</w>
  <w id="7" lemma="|,|" pos="," wid="7">,</w>
  <w id="8" lemma="|from|" pos="IN" wid="8">from</w>
  <w id="9" lemma="|the|" pos="DT" wid="9">the</w>
  <w id="10" lemma="|devil|" pos="NNP" wid="10">devil</w>
  <w id="11" lemma="|,|" pos="," wid="11">,</w>
  <w id="12" lemma="|who|" pos="WP" wid="12">who</w>
  <w id="13" lemma="|be|" pos="VBZ" wid="13">is</w>
  <w id="14" lemma="|always|" pos="RB" wid="14">always</w>
  <w id="15" lemma="|lurk|" pos="VBG" wid="15">lurking</w>
  <w id="16" lemma="|at|" pos="IN" wid="16">at</w>
  <w id="17" lemma="|we|" pos="PRP$" wid="17">our</w>
  <w id="18" lemma="|door|" pos="NN" wid="18">door</w>
  <w id="19" lemma="|,|" pos="," wid="19">,</w>
  <w id="20" lemma="|at|" pos="IN" wid="20">at</w>
  <w id="21" lemma="|we|" pos="PRP$" wid="21">our</w>
  <w id="22" lemma="|heart|" pos="NN" wid="22">heart</w>
  <w id="23" lemma="|,|" pos="," wid="23">,</w>
  <w id="24" lemma="|and|" pos="CC" wid="24">and</w>
  <w id="25" lemma="|want|" pos="VBZ" wid="25">wants</w>
  <w id="26" lemma="|to|" pos="TO" wid="26">to</w>
  <w id="27" lemma="|get|" pos="VB" wid="27">get</w>
  <w id="28" lemma="|in|" pos="IN" wid="28">in</w>
  <w id="29" lemma="|.|" pos="." wid="29">.</w>
</sentence>
<sentence id="22">
  <w id="0" lemma="|with|" pos="IN" wid="0">With</w>
  <w id="1" lemma="|a|" pos="DT" wid="1">a</w>
  <w id="2" lemma="|renew|" pos="VBN" wid="2">renewed</w>
  <w id="3" lemma="|impetus|" pos="NN" wid="3">impetus</w>
  <w id="4" lemma="|of|" pos="IN" wid="4">of</w>
  <w id="5" lemma="|filial|" pos="JJ" wid="5">filial</w>
  <w id="6" lemma="|abandon|" pos="VB" wid="6">abandon</w>
  <w id="7" lemma="|,|" pos="," wid="7">,</w>
  <w id="8" lemma="|let|" pos="VB" wid="8">let</w>
  <w id="9" lemma="|we|" pos="PRP" wid="9">us</w>
  <w id="10" lemma="|entrust|" pos="VB" wid="10">entrust</w>
  <w id="11" lemma="|ourselves|" pos="PRP" wid="11">ourselves</w>
  <w id="12" lemma="|once|" pos="RB" wid="12">once</w>
  <w id="13" lemma="|again|" pos="RB" wid="13">again</w>
  <w id="14" lemma="|to|" pos="TO" wid="14">to</w>
  <w id="15" lemma="|Mary|" pos="NNP" wid="15">Mary</w>
  <w id="16" lemma="|:|" pos=":" wid="16">:</w>
  <w id="17" lemma="|may|" pos="MD" wid="17">may</w>
  <w id="18" lemma="|we|" pos="PRP" wid="18">we</w>
  <w id="19" lemma="|contemplate|" pos="VB" wid="19">contemplate</w>
  <w id="20" lemma="|she|" pos="PRP$" wid="20">her</w>
  <w id="21" lemma="|gentle|" pos="JJ" wid="21">gentle</w>
  <w id="22" lemma="|image|" pos="NN" wid="22">image</w>
  <w id="23" lemma="|as|" pos="IN" wid="23">as</w>
  <w id="24" lemma="|the|" pos="DT" wid="24">the</w>
  <w id="25" lemma="|Mother|" pos="NNP" wid="25">Mother</w>
  <w id="26" lemma="|of|" pos="IN" wid="26">of</w>
  <w id="27" lemma="|Jesus|" pos="NNP" wid="27">Jesus</w>
  <w id="28" lemma="|and|" pos="CC" wid="28">and</w>
  <w id="29" lemma="|we|" pos="PRP$" wid="29">our</w>
  <w id="30" lemma="|Mother|" pos="NNP" wid="30">Mother</w>
  <w id="31" lemma="|in|" pos="IN" wid="31">in</w>
  <w id="32" lemma="|the|" pos="DT" wid="32">the</w>
  <w id="33" lemma="|nativity|" pos="NN" wid="33">nativity</w>
  <w id="34" lemma="|scene|" pos="NN" wid="34">scene</w>
  <w id="35" lemma="|during|" pos="IN" wid="35">during</w>
  <w id="36" lemma="|these|" pos="DT" wid="36">these</w>
  <w id="37" lemma="|day|" pos="NNS" wid="37">days</w>
  <w id="38" lemma="|.|" pos="." wid="38">.</w>
</sentence>
<sentence id="23">
  <w id="0" lemma="|after|" pos="IN" wid="0">After</w>
  <w id="1" lemma="|the|" pos="DT" wid="1">the</w>
  <w id="2" lemma="|Angelus|" pos="NNP" wid="2">Angelus</w>
  <w id="3" lemma="|:|" pos=":" wid="3">:</w>
  <w id="4" lemma="|Dear|" pos="NNP" wid="4">Dear</w>
  <w id="5" lemma="|brother|" pos="NNS" wid="5">brothers</w>
  <w id="6" lemma="|and|" pos="CC" wid="6">and</w>
  <w id="7" lemma="|sister|" pos="NNS" wid="7">sisters</w>
  <w id="8" lemma="|,|" pos="," wid="8">,</w>
  <w id="9" lemma="|I|" pos="PRP" wid="9">I</w>
  <w id="10" lemma="|address|" pos="VBP" wid="10">address</w>
  <w id="11" lemma="|a|" pos="DT" wid="11">a</w>
  <w id="12" lemma="|cordial|" pos="JJ" wid="12">cordial</w>
  <w id="13" lemma="|greet|" pos="VBG" wid="13">greeting</w>
  <w id="14" lemma="|to|" pos="TO" wid="14">to</w>
  <w id="15" lemma="|you|" pos="PRP" wid="15">you</w>
  <w id="16" lemma="|,|" pos="," wid="16">,</w>
  <w id="17" lemma="|the|" pos="DT" wid="17">the</w>
  <w id="18" lemma="|faithful|" pos="NN" wid="18">faithful</w>
  <w id="19" lemma="|of|" pos="IN" wid="19">of</w>
  <w id="20" lemma="|Rome|" pos="NNP" wid="20">Rome</w>
  <w id="21" lemma="|and|" pos="CC" wid="21">and</w>
  <w id="22" lemma="|pilgrim|" pos="NNS" wid="22">pilgrims</w>
  <w id="23" lemma="|from|" pos="IN" wid="23">from</w>
  <w id="24" lemma="|Italy|" pos="NNP" wid="24">Italy</w>
  <w id="25" lemma="|and|" pos="CC" wid="25">and</w>
  <w id="26" lemma="|from|" pos="IN" wid="26">from</w>
  <w id="27" lemma="|other|" pos="JJ" wid="27">other</w>
  <w id="28" lemma="|country|" pos="NNS" wid="28">countries</w>
  <w id="29" lemma="|.|" pos="." wid="29">.</w>
</sentence>
<sentence id="24">
  <w id="0" lemma="|I|" pos="PRP" wid="0">I</w>
  <w id="1" lemma="|greet|" pos="VBP" wid="1">greet</w>
  <w id="2" lemma="|the|" pos="DT" wid="2">the</w>
  <w id="3" lemma="|family|" pos="NNS" wid="3">families</w>
  <w id="4" lemma="|,|" pos="," wid="4">,</w>
  <w id="5" lemma="|association|" pos="NNS" wid="5">associations</w>
  <w id="6" lemma="|,|" pos="," wid="6">,</w>
  <w id="7" lemma="|various|" pos="JJ" wid="7">various</w>
  <w id="8" lemma="|parish|" pos="NN" wid="8">parish</w>
  <w id="9" lemma="|group|" pos="NNS" wid="9">groups</w>
  <w id="10" lemma="|,|" pos="," wid="10">,</w>
  <w id="11" lemma="|in|" pos="IN" wid="11">in</w>
  <w id="12" lemma="|particular|" pos="JJ" wid="12">particular</w>
  <w id="13" lemma="|that|" pos="IN" wid="13">that</w>
  <w id="14" lemma="|of|" pos="IN" wid="14">of</w>
  <w id="15" lemma="|Monzambano|" pos="NNP" wid="15">Monzambano</w>
  <w id="16" lemma="|,|" pos="," wid="16">,</w>
  <w id="17" lemma="|the|" pos="DT" wid="17">the</w>
  <w id="18" lemma="|confirmand|" pos="NNS" wid="18">confirmands</w>
  <w id="19" lemma="|of|" pos="IN" wid="19">of</w>
  <w id="20" lemma="|Bonate|" pos="NNP" wid="20">Bonate</w>
  <w id="21" lemma="|Sotto|" pos="NNP" wid="21">Sotto</w>
  <w id="22" lemma="|and|" pos="CC" wid="22">and</w>
  <w id="23" lemma="|the|" pos="DT" wid="23">the</w>
  <w id="24" lemma="|young|" pos="JJ" wid="24">young</w>
  <w id="25" lemma="|people|" pos="NNS" wid="25">people</w>
  <w id="26" lemma="|of|" pos="IN" wid="26">of</w>
  <w id="27" lemma="|Maleo|" pos="NNP" wid="27">Maleo</w>
  <w id="28" lemma="|.|" pos="." wid="28">.</w>
</sentence>
<sentence id="25">
  <w id="0" lemma="|on|" pos="IN" wid="0">On</w>
  <w id="1" lemma="|this|" pos="DT" wid="1">this</w>
  <w id="2" lemma="|first|" pos="JJ" wid="2">first</w>
  <w id="3" lemma="|Sunday|" pos="NNP" wid="3">Sunday</w>
  <w id="4" lemma="|of|" pos="IN" wid="4">of</w>
  <w id="5" lemma="|the|" pos="DT" wid="5">the</w>
  <w id="6" lemma="|year|" pos="NN" wid="6">year</w>
  <w id="7" lemma="|I|" pos="PRP" wid="7">I</w>
  <w id="8" lemma="|renew|" pos="VBP" wid="8">renew</w>
  <w id="9" lemma="|to|" pos="TO" wid="9">to</w>
  <w id="10" lemma="|everyone|" pos="NN" wid="10">everyone</w>
  <w id="11" lemma="|wish|" pos="NNS" wid="11">wishes</w>
  <w id="12" lemma="|of|" pos="IN" wid="12">of</w>
  <w id="13" lemma="|peace|" pos="NN" wid="13">peace</w>
  <w id="14" lemma="|and|" pos="CC" wid="14">and</w>
  <w id="15" lemma="|goodness|" pos="NN" wid="15">goodness</w>
  <w id="16" lemma="|in|" pos="IN" wid="16">in</w>
  <w id="17" lemma="|the|" pos="DT" wid="17">the</w>
  <w id="18" lemma="|Lord|" pos="NNP" wid="18">Lord</w>
  <w id="19" lemma="|.|" pos="." wid="19">.</w>
</sentence>
<sentence id="26">
  <w id="0" lemma="|in|" pos="IN" wid="0">In</w>
  <w id="1" lemma="|glad|" pos="JJ" wid="1">glad</w>
  <w id="2" lemma="|moment|" pos="NNS" wid="2">moments</w>
  <w id="3" lemma="|and|" pos="CC" wid="3">and</w>
  <w id="4" lemma="|in|" pos="IN" wid="4">in</w>
  <w id="5" lemma="|sad|" pos="JJ" wid="5">sad</w>
  <w id="6" lemma="|one|" pos="NNS" wid="6">ones</w>
  <w id="7" lemma="|,|" pos="," wid="7">,</w>
  <w id="8" lemma="|let|" pos="VB" wid="8">let</w>
  <w id="9" lemma="|we|" pos="PRP" wid="9">us</w>
  <w id="10" lemma="|entrust|" pos="VB" wid="10">entrust</w>
  <w id="11" lemma="|ourselves|" pos="PRP" wid="11">ourselves</w>
  <w id="12" lemma="|to|" pos="TO" wid="12">to</w>
  <w id="13" lemma="|he|" pos="PRP" wid="13">him</w>
  <w id="14" lemma="|,|" pos="," wid="14">,</w>
  <w id="15" lemma="|who|" pos="WP" wid="15">who</w>
  <w id="16" lemma="|be|" pos="VBZ" wid="16">is</w>
  <w id="17" lemma="|we|" pos="PRP$" wid="17">our</w>
  <w id="18" lemma="|mercy|" pos="NN" wid="18">mercy</w>
  <w id="19" lemma="|and|" pos="CC" wid="19">and</w>
  <w id="20" lemma="|we|" pos="PRP$" wid="20">our</w>
  <w id="21" lemma="|hope|" pos="NN" wid="21">hope</w>
  <w id="22" lemma="|!|" pos="." wid="22">!</w>
</sentence>
<sentence id="27">
  <w id="0" lemma="|I|" pos="PRP" wid="0">I</w>
  <w id="1" lemma="|also|" pos="RB" wid="1">also</w>
  <w id="2" lemma="|recall|" pos="VBP" wid="2">recall</w>
  <w id="3" lemma="|the|" pos="DT" wid="3">the</w>
  <w id="4" lemma="|commitment|" pos="NN" wid="4">commitment</w>
  <w id="5" lemma="|that|" pos="IN" wid="5">that</w>
  <w id="6" lemma="|we|" pos="PRP" wid="6">we</w>
  <w id="7" lemma="|undertake|" pos="VBD" wid="7">undertook</w>
  <w id="8" lemma="|on|" pos="IN" wid="8">on</w>
  <w id="9" lemma="|New|" pos="NNP" wid="9">New</w>
  <w id="10" lemma="|Year|" pos="NNP" wid="10">Year</w>
  <w id="11" lemma="|'s|" pos="POS" wid="11">'s</w>
  <w id="12" lemma="|day|" pos="NN" wid="12">Day</w>
  <w id="13" lemma="|,|" pos="," wid="13">,</w>
  <w id="14" lemma="|the|" pos="DT" wid="14">the</w>
  <w id="15" lemma="|Day|" pos="NNP" wid="15">Day</w>
  <w id="16" lemma="|of|" pos="IN" wid="16">of</w>
  <w id="17" lemma="|Peace|" pos="NNP" wid="17">Peace</w>
  <w id="18" lemma="|:|" pos=":" wid="18">:</w>
  <w id="19" lemma="|``|" pos="``" wid="19">``</w>
  <w id="20" lemma="|Overcome|" pos="NNP" wid="20">Overcome</w>
  <w id="21" lemma="|Indifference|" pos="NNP" wid="21">Indifference</w>
  <w id="22" lemma="|and|" pos="CC" wid="22">and</w>
  <w id="23" lemma="|Win|" pos="NNP" wid="23">Win</w>
  <w id="24" lemma="|Peace|" pos="NNP" wid="24">Peace</w>
  <w id="25" lemma="|''|" pos="''" wid="25">''</w>
  <w id="26" lemma="|;|" pos=":" wid="26">;</w>
  <w id="27" lemma="|by|" pos="IN" wid="27">by</w>
  <w id="28" lemma="|the|" pos="DT" wid="28">the</w>
  <w id="29" lemma="|grace|" pos="NN" wid="29">grace</w>
  <w id="30" lemma="|of|" pos="IN" wid="30">of</w>
  <w id="31" lemma="|God|" pos="NNP" wid="31">God</w>
  <w id="32" lemma="|,|" pos="," wid="32">,</w>
  <w id="33" lemma="|we|" pos="PRP" wid="33">we</w>
  <w id="34" lemma="|will|" pos="MD" wid="34">will</w>
  <w id="35" lemma="|be|" pos="VB" wid="35">be</w>
  <w id="36" lemma="|able|" pos="JJ" wid="36">able</w>
  <w id="37" lemma="|to|" pos="TO" wid="37">to</w>
  <w id="38" lemma="|put|" pos="VB" wid="38">put</w>
  <w id="39" lemma="|it|" pos="PRP" wid="39">it</w>
  <w id="40" lemma="|into|" pos="IN" wid="40">into</w>
  <w id="41" lemma="|practice|" pos="NN" wid="41">practice</w>
  <w id="42" lemma="|.|" pos="." wid="42">.</w>
</sentence>
<sentence id="28">
  <w id="0" lemma="|I|" pos="PRP" wid="0">I</w>
  <w id="1" lemma="|recall|" pos="VBP" wid="1">recall</w>
  <w id="2" lemma="|as|" pos="RB" wid="2">as</w>
  <w id="3" lemma="|well|" pos="RB" wid="3">well</w>
  <w id="4" lemma="|the|" pos="DT" wid="4">the</w>
  <w id="5" lemma="|advice|" pos="NN" wid="5">advice</w>
  <w id="6" lemma="|that|" pos="IN" wid="6">that</w>
  <w id="7" lemma="|I|" pos="PRP" wid="7">I</w>
  <w id="8" lemma="|have|" pos="VBP" wid="8">have</w>
  <w id="9" lemma="|so|" pos="RB" wid="9">so</w>
  <w id="10" lemma="|often|" pos="RB" wid="10">often</w>
  <w id="11" lemma="|give|" pos="VBN" wid="11">given</w>
  <w id="12" lemma="|you|" pos="PRP" wid="12">you</w>
  <w id="13" lemma="|:|" pos=":" wid="13">:</w>
  <w id="14" lemma="|every|" pos="DT" wid="14">every</w>
  <w id="15" lemma="|day|" pos="NN" wid="15">day</w>
  <w id="16" lemma="|read|" pos="VBD" wid="16">read</w>
  <w id="17" lemma="|a|" pos="DT" wid="17">a</w>
  <w id="18" lemma="|passage|" pos="NN" wid="18">passage</w>
  <w id="19" lemma="|of|" pos="IN" wid="19">of</w>
  <w id="20" lemma="|the|" pos="DT" wid="20">the</w>
  <w id="21" lemma="|Gospel|" pos="NNP" wid="21">Gospel</w>
  <w id="22" lemma="|,|" pos="," wid="22">,</w>
  <w id="23" lemma="|a|" pos="DT" wid="23">a</w>
  <w id="24" lemma="|verse|" pos="NN" wid="24">verse</w>
  <w id="25" lemma="|of|" pos="IN" wid="25">of</w>
  <w id="26" lemma="|the|" pos="DT" wid="26">the</w>
  <w id="27" lemma="|Gospel|" pos="NNP" wid="27">Gospel</w>
  <w id="28" lemma="|,|" pos="," wid="28">,</w>
  <w id="29" lemma="|in|" pos="IN" wid="29">in</w>
  <w id="30" lemma="|order|" pos="NN" wid="30">order</w>
  <w id="31" lemma="|to|" pos="TO" wid="31">to</w>
  <w id="32" lemma="|know|" pos="VB" wid="32">know</w>
  <w id="33" lemma="|Jesus|" pos="NNP" wid="33">Jesus</w>
  <w id="34" lemma="|better|" pos="RBR" wid="34">better</w>
  <w id="35" lemma="|,|" pos="," wid="35">,</w>
  <w id="36" lemma="|to|" pos="TO" wid="36">to</w>
  <w id="37" lemma="|open|" pos="VB" wid="37">open</w>
  <w id="38" lemma="|we|" pos="PRP$" wid="38">our</w>
  <w id="39" lemma="|heart|" pos="NNS" wid="39">hearts</w>
  <w id="40" lemma="|wide|" pos="JJ" wid="40">wide</w>
  <w id="41" lemma="|to|" pos="TO" wid="41">to</w>
  <w id="42" lemma="|Jesus|" pos="NNP" wid="42">Jesus</w>
  <w id="43" lemma="|,|" pos="," wid="43">,</w>
  <w id="44" lemma="|and|" pos="CC" wid="44">and</w>
  <w id="45" lemma="|in|" pos="IN" wid="45">in</w>
  <w id="46" lemma="|this|" pos="DT" wid="46">this</w>
  <w id="47" lemma="|way|" pos="NN" wid="47">way</w>
  <w id="48" lemma="|we|" pos="PRP" wid="48">we</w>
  <w id="49" lemma="|can|" pos="MD" wid="49">can</w>
  <w id="50" lemma="|help|" pos="VB" wid="50">help</w>
  <w id="51" lemma="|other|" pos="NNS" wid="51">others</w>
  <w id="52" lemma="|to|" pos="TO" wid="52">to</w>
  <w id="53" lemma="|know|" pos="VB" wid="53">know</w>
  <w id="54" lemma="|he|" pos="PRP" wid="54">him</w>
  <w id="55" lemma="|better|" pos="JJR" wid="55">better</w>
  <w id="56" lemma="|.|" pos="." wid="56">.</w>
</sentence>
<sentence id="29">
  <w id="0" lemma="|carry|" pos="VB" wid="0">Carry</w>
  <w id="1" lemma="|a|" pos="DT" wid="1">a</w>
  <w id="2" lemma="|small|" pos="JJ" wid="2">small</w>
  <w id="3" lemma="|Gospel|" pos="NNP" wid="3">Gospel</w>
  <w id="4" lemma="|in|" pos="IN" wid="4">in</w>
  <w id="5" lemma="|you|" pos="PRP$" wid="5">your</w>
  <w id="6" lemma="|pocket|" pos="NN" wid="6">pocket</w>
  <w id="7" lemma="|,|" pos="," wid="7">,</w>
  <w id="8" lemma="|in|" pos="IN" wid="8">in</w>
  <w id="9" lemma="|you|" pos="PRP$" wid="9">your</w>
  <w id="10" lemma="|purse|" pos="NN" wid="10">purse</w>
  <w id="11" lemma="|:|" pos=":" wid="11">:</w>
  <w id="12" lemma="|it|" pos="PRP" wid="12">it</w>
  <w id="13" lemma="|will|" pos="MD" wid="13">will</w>
  <w id="14" lemma="|do|" pos="VB" wid="14">do</w>
  <w id="15" lemma="|you|" pos="PRP" wid="15">you</w>
  <w id="16" lemma="|good|" pos="JJ" wid="16">good</w>
  <w id="17" lemma="|.|" pos="." wid="17">.</w>
</sentence>
<sentence id="30">
  <w id="0" lemma="|do|" pos="VBP" wid="0">Do</w>
  <w id="1" lemma="|not|" pos="RB" wid="1">not</w>
  <w id="2" lemma="|forget|" pos="VB" wid="2">forget</w>
  <w id="3" lemma="|:|" pos=":" wid="3">:</w>
  <w id="4" lemma="|read|" pos="VB" wid="4">read</w>
  <w id="5" lemma="|a|" pos="DT" wid="5">a</w>
  <w id="6" lemma="|passage|" pos="NN" wid="6">passage</w>
  <w id="7" lemma="|of|" pos="IN" wid="7">of</w>
  <w id="8" lemma="|the|" pos="DT" wid="8">the</w>
  <w id="9" lemma="|Gospel|" pos="NNP" wid="9">Gospel</w>
  <w id="10" lemma="|each|" pos="DT" wid="10">each</w>
  <w id="11" lemma="|day|" pos="NN" wid="11">day</w>
  <w id="12" lemma="|.|" pos="." wid="12">.</w>
</sentence>
<sentence id="31">
  <w id="0" lemma="|I|" pos="PRP" wid="0">I</w>
  <w id="1" lemma="|wish|" pos="VBP" wid="1">wish</w>
  <w id="2" lemma="|you|" pos="PRP" wid="2">you</w>
  <w id="3" lemma="|a|" pos="DT" wid="3">a</w>
  <w id="4" lemma="|happy|" pos="JJ" wid="4">happy</w>
  <w id="5" lemma="|Sunday|" pos="NNP" wid="5">Sunday</w>
  <w id="6" lemma="|and|" pos="CC" wid="6">and</w>
  <w id="7" lemma="|a|" pos="DT" wid="7">a</w>
  <w id="8" lemma="|good|" pos="JJ" wid="8">good</w>
  <w id="9" lemma="|lunch|" pos="NN" wid="9">lunch</w>
  <w id="10" lemma="|.|" pos="." wid="10">.</w>
</sentence>
<sentence id="32">
  <w id="0" lemma="|and|" pos="CC" wid="0">And</w>
  <w id="1" lemma="|please|" pos="VB" wid="1">please</w>
  <w id="2" lemma="|,|" pos="," wid="2">,</w>
  <w id="3" lemma="|please|" pos="VB" wid="3">please</w>
  <w id="4" lemma="|,|" pos="," wid="4">,</w>
  <w id="5" lemma="|do|" pos="VBP" wid="5">do</w>
  <w id="6" lemma="|not|" pos="RB" wid="6">not</w>
  <w id="7" lemma="|forget|" pos="VB" wid="7">forget</w>
  <w id="8" lemma="|to|" pos="TO" wid="8">to</w>
  <w id="9" lemma="|pray|" pos="VB" wid="9">pray</w>
  <w id="10" lemma="|for|" pos="IN" wid="10">for</w>
  <w id="11" lemma="|I|" pos="PRP" wid="11">me</w>
  <w id="12" lemma="|.|" pos="." wid="12">.</w>
</sentence>
<sentence id="33">
  <w id="0" lemma="|Arrivederci|" pos="NNP" wid="0">Arrivederci</w>
  <w id="1" lemma="|.|" pos="." wid="1">.</w>
</sentence>
</corpus>