<corpus id="0">
<sentence id="0">
  <w id="0" lemma="|Multimedia|" pos="NNP" wid="0">Multimedia</w>
  <w id="1" lemma="|Photo|" pos="NNP" wid="1">Photo</w>
  <w id="2" lemma="|Gallery|" pos="NNP" wid="2">Gallery</w>
  <w id="3" lemma="|6:30|" pos="CD" wid="3">6:30</w>
  <w id="4" lemma="|departure|" pos="NN" wid="4">Departure</w>
  <w id="5" lemma="|by|" pos="IN" wid="5">by</w>
  <w id="6" lemma="|car|" pos="NN" wid="6">car</w>
  <w id="7" lemma="|from|" pos="IN" wid="7">from</w>
  <w id="8" lemma="|the|" pos="DT" wid="8">the</w>
  <w id="9" lemma="|Vatican|" pos="NNP" wid="9">Vatican</w>
  <w id="10" lemma="|for|" pos="IN" wid="10">for</w>
  <w id="11" lemma="|Ciampino|" pos="NNP" wid="11">Ciampino</w>
  <w id="12" lemma="|airport|" pos="NN" wid="12">airport</w>
  <w id="13" lemma="|7:00|" pos="CD" wid="13">7:00</w>
  <w id="14" lemma="|take-off|" pos="NN" wid="14">Take-off</w>
  <w id="15" lemma="|from|" pos="IN" wid="15">from</w>
  <w id="16" lemma="|Ciampino|" pos="NNP" wid="16">Ciampino</w>
  <w id="17" lemma="|for|" pos="IN" wid="17">for</w>
  <w id="18" lemma="|``|" pos="``" wid="18">``</w>
  <w id="19" lemma="|Torino|" pos="NNP" wid="19">Torino</w>
  <w id="20" lemma="|Caselle|" pos="NNP" wid="20">Caselle</w>
  <w id="21" lemma="|''|" pos="''" wid="21">''</w>
  <w id="22" lemma="|airport|" pos="NN" wid="22">airport</w>
  <w id="23" lemma="|8:00|" pos="CD" wid="23">8:00</w>
  <w id="24" lemma="|arrival|" pos="NN" wid="24">Arrival</w>
  <w id="25" lemma="|at|" pos="IN" wid="25">at</w>
  <w id="26" lemma="|``|" pos="``" wid="26">``</w>
  <w id="27" lemma="|Torino|" pos="NNP" wid="27">Torino</w>
  <w id="28" lemma="|Caselle|" pos="NNP" wid="28">Caselle</w>
  <w id="29" lemma="|''|" pos="''" wid="29">''</w>
  <w id="30" lemma="|airport|" pos="NN" wid="30">airport</w>
  <w id="31" lemma="|The|" pos="NNP" wid="31">The</w>
  <w id="32" lemma="|Holy|" pos="NNP" wid="32">Holy</w>
  <w id="33" lemma="|Father|" pos="NNP" wid="33">Father</w>
  <w id="34" lemma="|be|" pos="VBZ" wid="34">is</w>
  <w id="35" lemma="|welcome|" pos="VBN" wid="35">welcomed</w>
  <w id="36" lemma="|by|" pos="IN" wid="36">by</w>
  <w id="37" lemma="|:|" pos=":" wid="37">:</w>
  <w id="38" lemma="|-|" pos=":" wid="38">-</w>
  <w id="39" lemma="|h.e|" pos="NN" wid="39">H.E</w>
  <w id="40" lemma="|.|" pos="." wid="40">.</w>
</sentence>
<sentence id="1">
  <w id="0" lemma="|msgr|" pos="RB" wid="0">Msgr</w>
  <w id="1" lemma="|.|" pos="." wid="1">.</w>
</sentence>
<sentence id="2">
  <w id="0" lemma="|Cesare|" pos="NNP" wid="0">Cesare</w>
  <w id="1" lemma="|Nosiglia|" pos="NNP" wid="1">Nosiglia</w>
  <w id="2" lemma="|,|" pos="," wid="2">,</w>
  <w id="3" lemma="|Archbishop|" pos="NNP" wid="3">Archbishop</w>
  <w id="4" lemma="|of|" pos="IN" wid="4">of</w>
  <w id="5" lemma="|Turin|" pos="NNP" wid="5">Turin</w>
  <w id="6" lemma="|-|" pos=":" wid="6">-</w>
  <w id="7" lemma="|hon|" pos="NN" wid="7">Hon</w>
  <w id="8" lemma="|.|" pos="." wid="8">.</w>
</sentence>
<sentence id="3">
  <w id="0" lemma="|Sergio|" pos="NNP" wid="0">Sergio</w>
  <w id="1" lemma="|Chiamparino|" pos="NNP" wid="1">Chiamparino</w>
  <w id="2" lemma="|,|" pos="," wid="2">,</w>
  <w id="3" lemma="|President|" pos="NNP" wid="3">President</w>
  <w id="4" lemma="|of|" pos="IN" wid="4">of</w>
  <w id="5" lemma="|the|" pos="DT" wid="5">the</w>
  <w id="6" lemma="|Piedmont|" pos="NNP" wid="6">Piedmont</w>
  <w id="7" lemma="|Regional|" pos="NNP" wid="7">Regional</w>
  <w id="8" lemma="|Administration|" pos="NNP" wid="8">Administration</w>
  <w id="9" lemma="|-|" pos=":" wid="9">-</w>
  <w id="10" lemma="|Dr.|" pos="NNP" wid="10">Dr.</w>
  <w id="11" lemma="|Paola|" pos="NNP" wid="11">Paola</w>
  <w id="12" lemma="|Basilone|" pos="NNP" wid="12">Basilone</w>
  <w id="13" lemma="|,|" pos="," wid="13">,</w>
  <w id="14" lemma="|Prefect|" pos="NNP" wid="14">Prefect</w>
  <w id="15" lemma="|of|" pos="IN" wid="15">of</w>
  <w id="16" lemma="|Turin|" pos="NNP" wid="16">Turin</w>
  <w id="17" lemma="|-|" pos=":" wid="17">-</w>
  <w id="18" lemma="|hon|" pos="NN" wid="18">Hon</w>
  <w id="19" lemma="|.|" pos="." wid="19">.</w>
</sentence>
<sentence id="4">
  <w id="0" lemma="|Piero|" pos="NNP" wid="0">Piero</w>
  <w id="1" lemma="|Fassino|" pos="NNP" wid="1">Fassino</w>
  <w id="2" lemma="|,|" pos="," wid="2">,</w>
  <w id="3" lemma="|Mayor|" pos="NNP" wid="3">Mayor</w>
  <w id="4" lemma="|of|" pos="IN" wid="4">of</w>
  <w id="5" lemma="|Turin|" pos="NNP" wid="5">Turin</w>
  <w id="6" lemma="|transfer|" pos="NN" wid="6">Transfer</w>
  <w id="7" lemma="|by|" pos="IN" wid="7">by</w>
  <w id="8" lemma="|car|" pos="NN" wid="8">car</w>
  <w id="9" lemma="|to|" pos="TO" wid="9">to</w>
  <w id="10" lemma="|Piazzetta|" pos="NNP" wid="10">Piazzetta</w>
  <w id="11" lemma="|Reale|" pos="NNP" wid="11">Reale</w>
  <w id="12" lemma="|.|" pos="." wid="12">.</w>
</sentence>
<sentence id="5">
  <w id="0" lemma="|the|" pos="DT" wid="0">The</w>
  <w id="1" lemma="|Holy|" pos="NNP" wid="1">Holy</w>
  <w id="2" lemma="|Father|" pos="NNP" wid="2">Father</w>
  <w id="3" lemma="|ride|" pos="NNS" wid="3">rides</w>
  <w id="4" lemma="|the|" pos="DT" wid="4">the</w>
  <w id="5" lemma="|popemobile|" pos="NN" wid="5">Popemobile</w>
  <w id="6" lemma="|from|" pos="IN" wid="6">from</w>
  <w id="7" lemma="|piazza|" pos="NN" wid="7">piazza</w>
  <w id="8" lemma="|Rebaudengo|" pos="NNP" wid="8">Rebaudengo</w>
  <w id="9" lemma="|Piazzetta|" pos="NNP" wid="9">Piazzetta</w>
  <w id="10" lemma="|Reale|" pos="NNP" wid="10">Reale</w>
  <w id="11" lemma="|:|" pos=":" wid="11">:</w>
  <w id="12" lemma="|meet|" pos="VBG" wid="12">Meeting</w>
  <w id="13" lemma="|with|" pos="IN" wid="13">with</w>
  <w id="14" lemma="|the|" pos="DT" wid="14">the</w>
  <w id="15" lemma="|world|" pos="NN" wid="15">world</w>
  <w id="16" lemma="|of|" pos="IN" wid="16">of</w>
  <w id="17" lemma="|labour|" pos="NN" wid="17">labour</w>
  <w id="18" lemma="|-lsb-|" pos="-LRB-" wid="18">-LSB-</w>
  <w id="19" lemma="|Arabic|" pos="NNP" wid="19">Arabic</w>
  <w id="20" lemma="|,|" pos="," wid="20">,</w>
  <w id="21" lemma="|English|" pos="NNP" wid="21">English</w>
  <w id="22" lemma="|,|" pos="," wid="22">,</w>
  <w id="23" lemma="|French|" pos="NNP" wid="23">French</w>
  <w id="24" lemma="|,|" pos="," wid="24">,</w>
  <w id="25" lemma="|German|" pos="NNP" wid="25">German</w>
  <w id="26" lemma="|,|" pos="," wid="26">,</w>
  <w id="27" lemma="|Italian|" pos="NNP" wid="27">Italian</w>
  <w id="28" lemma="|,|" pos="," wid="28">,</w>
  <w id="29" lemma="|Portuguese|" pos="NNP" wid="29">Portuguese</w>
  <w id="30" lemma="|,|" pos="," wid="30">,</w>
  <w id="31" lemma="|Spanish|" pos="NNP" wid="31">Spanish</w>
  <w id="32" lemma="|-rsb-|" pos="-RRB-" wid="32">-RSB-</w>
  <w id="33" lemma="|greeting|" pos="NNS" wid="33">Greetings</w>
  <w id="34" lemma="|by|" pos="IN" wid="34">by</w>
  <w id="35" lemma="|a|" pos="DT" wid="35">a</w>
  <w id="36" lemma="|woman|" pos="NN" wid="36">woman</w>
  <w id="37" lemma="|labourer|" pos="NN" wid="37">labourer</w>
  <w id="38" lemma="|,|" pos="," wid="38">,</w>
  <w id="39" lemma="|a|" pos="DT" wid="39">a</w>
  <w id="40" lemma="|farmer|" pos="NN" wid="40">farmer</w>
  <w id="41" lemma="|and|" pos="CC" wid="41">and</w>
  <w id="42" lemma="|a|" pos="DT" wid="42">a</w>
  <w id="43" lemma="|businessman|" pos="NN" wid="43">businessman</w>
  <w id="44" lemma="|at|" pos="IN" wid="44">At</w>
  <w id="45" lemma="|the|" pos="DT" wid="45">the</w>
  <w id="46" lemma="|conclusion|" pos="NN" wid="46">conclusion</w>
  <w id="47" lemma="|of|" pos="IN" wid="47">of</w>
  <w id="48" lemma="|the|" pos="DT" wid="48">the</w>
  <w id="49" lemma="|meeting|" pos="NN" wid="49">meeting</w>
  <w id="50" lemma="|,|" pos="," wid="50">,</w>
  <w id="51" lemma="|the|" pos="DT" wid="51">the</w>
  <w id="52" lemma="|Holy|" pos="NNP" wid="52">Holy</w>
  <w id="53" lemma="|Father|" pos="NNP" wid="53">Father</w>
  <w id="54" lemma="|walk|" pos="VBZ" wid="54">walks</w>
  <w id="55" lemma="|into|" pos="IN" wid="55">into</w>
  <w id="56" lemma="|the|" pos="DT" wid="56">the</w>
  <w id="57" lemma="|Cathedral|" pos="NNP" wid="57">Cathedral</w>
  <w id="58" lemma="|9:15|" pos="CD" wid="58">9:15</w>
  <w id="59" lemma="|inside|" pos="IN" wid="59">Inside</w>
  <w id="60" lemma="|the|" pos="DT" wid="60">the</w>
  <w id="61" lemma="|cathedral|" pos="NN" wid="61">Cathedral</w>
  <w id="62" lemma="|:|" pos=":" wid="62">:</w>
  <w id="63" lemma="|prayer|" pos="NN" wid="63">Prayer</w>
  <w id="64" lemma="|before|" pos="IN" wid="64">before</w>
  <w id="65" lemma="|the|" pos="DT" wid="65">the</w>
  <w id="66" lemma="|holy|" pos="JJ" wid="66">Holy</w>
  <w id="67" lemma="|shroud|" pos="NN" wid="67">Shroud</w>
  <w id="68" lemma="|and|" pos="CC" wid="68">and</w>
  <w id="69" lemma="|before|" pos="IN" wid="69">before</w>
  <w id="70" lemma="|the|" pos="DT" wid="70">the</w>
  <w id="71" lemma="|altar|" pos="NN" wid="71">altar</w>
  <w id="72" lemma="|of|" pos="IN" wid="72">of</w>
  <w id="73" lemma="|Blessed|" pos="NNP" wid="73">Blessed</w>
  <w id="74" lemma="|Pier|" pos="NNP" wid="74">Pier</w>
  <w id="75" lemma="|Giorgio|" pos="NNP" wid="75">Giorgio</w>
  <w id="76" lemma="|Frassati|" pos="NNP" wid="76">Frassati</w>
  <w id="77" lemma="|.|" pos="." wid="77">.</w>
</sentence>
<sentence id="6">
  <w id="0" lemma="|attend|" pos="VBG" wid="0">Attending</w>
  <w id="1" lemma="|at|" pos="IN" wid="1">at</w>
  <w id="2" lemma="|the|" pos="DT" wid="2">the</w>
  <w id="3" lemma="|moment|" pos="NN" wid="3">moment</w>
  <w id="4" lemma="|of|" pos="IN" wid="4">of</w>
  <w id="5" lemma="|prayer|" pos="NN" wid="5">prayer</w>
  <w id="6" lemma="|:|" pos=":" wid="6">:</w>
  <w id="7" lemma="|cloistered|" pos="JJ" wid="7">cloistered</w>
  <w id="8" lemma="|sister|" pos="NNS" wid="8">sisters</w>
  <w id="9" lemma="|and|" pos="CC" wid="9">and</w>
  <w id="10" lemma="|priest|" pos="NNS" wid="10">priests</w>
  <w id="11" lemma="|,|" pos="," wid="11">,</w>
  <w id="12" lemma="|guest|" pos="NNS" wid="12">guests</w>
  <w id="13" lemma="|at|" pos="IN" wid="13">at</w>
  <w id="14" lemma="|the|" pos="DT" wid="14">the</w>
  <w id="15" lemma="|Diocesan|" pos="NNP" wid="15">Diocesan</w>
  <w id="16" lemma="|Clergy|" pos="NNP" wid="16">Clergy</w>
  <w id="17" lemma="|house|" pos="NNS" wid="17">houses</w>
  <w id="18" lemma="|,|" pos="," wid="18">,</w>
  <w id="19" lemma="|the|" pos="DT" wid="19">the</w>
  <w id="20" lemma="|Chapter|" pos="NNP" wid="20">Chapter</w>
  <w id="21" lemma="|of|" pos="IN" wid="21">of</w>
  <w id="22" lemma="|Canons|" pos="NNP" wid="22">Canons</w>
  <w id="23" lemma="|,|" pos="," wid="23">,</w>
  <w id="24" lemma="|the|" pos="DT" wid="24">the</w>
  <w id="25" lemma="|shroud|" pos="NN" wid="25">Shroud</w>
  <w id="26" lemma="|Commission|" pos="NNP" wid="26">Commission</w>
  <w id="27" lemma="|,|" pos="," wid="27">,</w>
  <w id="28" lemma="|some|" pos="DT" wid="28">some</w>
  <w id="29" lemma="|of|" pos="IN" wid="29">of</w>
  <w id="30" lemma="|the|" pos="DT" wid="30">the</w>
  <w id="31" lemma="|relative|" pos="NNS" wid="31">relatives</w>
  <w id="32" lemma="|of|" pos="IN" wid="32">of</w>
  <w id="33" lemma="|Blessed|" pos="NNP" wid="33">Blessed</w>
  <w id="34" lemma="|Piergiorgio|" pos="NNP" wid="34">Piergiorgio</w>
  <w id="35" lemma="|Frassati|" pos="NNP" wid="35">Frassati</w>
  <w id="36" lemma="|,|" pos="," wid="36">,</w>
  <w id="37" lemma="|Cardinal|" pos="NNP" wid="37">Cardinal</w>
  <w id="38" lemma="|Poletto|" pos="NNP" wid="38">Poletto</w>
  <w id="39" lemma="|and|" pos="CC" wid="39">and</w>
  <w id="40" lemma="|the|" pos="DT" wid="40">the</w>
  <w id="41" lemma="|bishop|" pos="NNS" wid="41">bishops</w>
  <w id="42" lemma="|of|" pos="IN" wid="42">of</w>
  <w id="43" lemma="|the|" pos="DT" wid="43">the</w>
  <w id="44" lemma="|Episcopal|" pos="NNP" wid="44">Episcopal</w>
  <w id="45" lemma="|Conference|" pos="NNP" wid="45">Conference</w>
  <w id="46" lemma="|of|" pos="IN" wid="46">of</w>
  <w id="47" lemma="|Piedmont|" pos="NNP" wid="47">Piedmont</w>
  <w id="48" lemma="|and|" pos="CC" wid="48">and</w>
  <w id="49" lemma="|Valle|" pos="NNP" wid="49">Valle</w>
  <w id="50" lemma="|d'Aosta|" pos="NNP" wid="50">d'Aosta</w>
  <w id="51" lemma="|10:00|" pos="CD" wid="51">10:00</w>
  <w id="52" lemma="|The|" pos="NNP" wid="52">The</w>
  <w id="53" lemma="|Holy|" pos="NNP" wid="53">Holy</w>
  <w id="54" lemma="|Father|" pos="NNP" wid="54">Father</w>
  <w id="55" lemma="|leave|" pos="VBZ" wid="55">leaves</w>
  <w id="56" lemma="|the|" pos="DT" wid="56">the</w>
  <w id="57" lemma="|cathedral|" pos="NN" wid="57">Cathedral</w>
  <w id="58" lemma="|and|" pos="CC" wid="58">and</w>
  <w id="59" lemma="|ride|" pos="NNS" wid="59">rides</w>
  <w id="60" lemma="|to|" pos="TO" wid="60">to</w>
  <w id="61" lemma="|Piazza|" pos="NNP" wid="61">Piazza</w>
  <w id="62" lemma="|Vittorio|" pos="NNP" wid="62">Vittorio</w>
  <w id="63" lemma="|10:45|" pos="CD" wid="63">10:45</w>
  <w id="64" lemma="|Piazza|" pos="NNP" wid="64">Piazza</w>
  <w id="65" lemma="|Vittorio|" pos="NNP" wid="65">Vittorio</w>
  <w id="66" lemma="|:|" pos=":" wid="66">:</w>
  <w id="67" lemma="|Eucharistic|" pos="NNP" wid="67">Eucharistic</w>
  <w id="68" lemma="|Concelebration|" pos="NNP" wid="68">Concelebration</w>
  <w id="69" lemma="|-lsb-|" pos="-LRB-" wid="69">-LSB-</w>
  <w id="70" lemma="|Arabic|" pos="NNP" wid="70">Arabic</w>
  <w id="71" lemma="|,|" pos="," wid="71">,</w>
  <w id="72" lemma="|English|" pos="NNP" wid="72">English</w>
  <w id="73" lemma="|,|" pos="," wid="73">,</w>
  <w id="74" lemma="|French|" pos="NNP" wid="74">French</w>
  <w id="75" lemma="|,|" pos="," wid="75">,</w>
  <w id="76" lemma="|German|" pos="NNP" wid="76">German</w>
  <w id="77" lemma="|,|" pos="," wid="77">,</w>
  <w id="78" lemma="|Italian|" pos="NNP" wid="78">Italian</w>
  <w id="79" lemma="|,|" pos="," wid="79">,</w>
  <w id="80" lemma="|Portuguese|" pos="NNP" wid="80">Portuguese</w>
  <w id="81" lemma="|,|" pos="," wid="81">,</w>
  <w id="82" lemma="|Spanish|" pos="NNP" wid="82">Spanish</w>
  <w id="83" lemma="|-rsb-|" pos="-RRB-" wid="83">-RSB-</w>
  <w id="84" lemma="|Angelus|" pos="NNP" wid="84">Angelus</w>
  <w id="85" lemma="|-lsb-|" pos="-LRB-" wid="85">-LSB-</w>
  <w id="86" lemma="|Arabic|" pos="NNP" wid="86">Arabic</w>
  <w id="87" lemma="|,|" pos="," wid="87">,</w>
  <w id="88" lemma="|Croatian|" pos="NNP" wid="88">Croatian</w>
  <w id="89" lemma="|,|" pos="," wid="89">,</w>
  <w id="90" lemma="|English|" pos="NNP" wid="90">English</w>
  <w id="91" lemma="|,|" pos="," wid="91">,</w>
  <w id="92" lemma="|French|" pos="NNP" wid="92">French</w>
  <w id="93" lemma="|,|" pos="," wid="93">,</w>
  <w id="94" lemma="|German|" pos="NNP" wid="94">German</w>
  <w id="95" lemma="|,|" pos="," wid="95">,</w>
  <w id="96" lemma="|Italian|" pos="NNP" wid="96">Italian</w>
  <w id="97" lemma="|,|" pos="," wid="97">,</w>
  <w id="98" lemma="|Portuguese|" pos="NNP" wid="98">Portuguese</w>
  <w id="99" lemma="|,|" pos="," wid="99">,</w>
  <w id="100" lemma="|Spanish|" pos="NNP" wid="100">Spanish</w>
  <w id="101" lemma="|-rsb-|" pos="-RRB-" wid="101">-RSB-</w>
  <w id="102" lemma="|Thanksgiving|" pos="NNP" wid="102">Thanksgiving</w>
  <w id="103" lemma="|address|" pos="NN" wid="103">address</w>
  <w id="104" lemma="|of|" pos="IN" wid="104">of</w>
  <w id="105" lemma="|h.e|" pos="NN" wid="105">H.E</w>
  <w id="106" lemma="|.|" pos="." wid="106">.</w>
</sentence>
<sentence id="7">
  <w id="0" lemma="|msgr|" pos="RB" wid="0">Msgr</w>
  <w id="1" lemma="|.|" pos="." wid="1">.</w>
</sentence>
<sentence id="8">
  <w id="0" lemma="|Cesare|" pos="NNP" wid="0">Cesare</w>
  <w id="1" lemma="|Nosiglia|" pos="NNP" wid="1">Nosiglia</w>
  <w id="2" lemma="|,|" pos="," wid="2">,</w>
  <w id="3" lemma="|Archbishop|" pos="NNP" wid="3">Archbishop</w>
  <w id="4" lemma="|of|" pos="IN" wid="4">of</w>
  <w id="5" lemma="|Turin|" pos="NNP" wid="5">Turin</w>
  <w id="6" lemma="|at|" pos="IN" wid="6">At</w>
  <w id="7" lemma="|the|" pos="DT" wid="7">the</w>
  <w id="8" lemma="|conclusion|" pos="NN" wid="8">conclusion</w>
  <w id="9" lemma="|of|" pos="IN" wid="9">of</w>
  <w id="10" lemma="|the|" pos="DT" wid="10">the</w>
  <w id="11" lemma="|Eucharistic|" pos="NNP" wid="11">Eucharistic</w>
  <w id="12" lemma="|Celebration|" pos="NNP" wid="12">Celebration</w>
  <w id="13" lemma="|,|" pos="," wid="13">,</w>
  <w id="14" lemma="|the|" pos="DT" wid="14">the</w>
  <w id="15" lemma="|Holy|" pos="NNP" wid="15">Holy</w>
  <w id="16" lemma="|Father|" pos="NNP" wid="16">Father</w>
  <w id="17" lemma="|transfer|" pos="NNS" wid="17">transfers</w>
  <w id="18" lemma="|to|" pos="TO" wid="18">to</w>
  <w id="19" lemma="|the|" pos="DT" wid="19">the</w>
  <w id="20" lemma="|Archbishop|" pos="NNP" wid="20">Archbishop</w>
  <w id="21" lemma="|'s|" pos="POS" wid="21">'s</w>
  <w id="22" lemma="|residence|" pos="NN" wid="22">residence</w>
  <w id="23" lemma="|along|" pos="IN" wid="23">Along</w>
  <w id="24" lemma="|the|" pos="DT" wid="24">the</w>
  <w id="25" lemma="|way|" pos="NN" wid="25">way</w>
  <w id="26" lemma="|,|" pos="," wid="26">,</w>
  <w id="27" lemma="|as|" pos="IN" wid="27">as</w>
  <w id="28" lemma="|the|" pos="DT" wid="28">the</w>
  <w id="29" lemma="|Holy|" pos="NNP" wid="29">Holy</w>
  <w id="30" lemma="|Father|" pos="NNP" wid="30">Father</w>
  <w id="31" lemma="|pass|" pos="VBZ" wid="31">passes</w>
  <w id="32" lemma="|by|" pos="IN" wid="32">by</w>
  <w id="33" lemma="|,|" pos="," wid="33">,</w>
  <w id="34" lemma="|student|" pos="NNS" wid="34">students</w>
  <w id="35" lemma="|from|" pos="IN" wid="35">from</w>
  <w id="36" lemma="|the|" pos="DT" wid="36">the</w>
  <w id="37" lemma="|nearby|" pos="JJ" wid="37">nearby</w>
  <w id="38" lemma="|military|" pos="JJ" wid="38">Military</w>
  <w id="39" lemma="|formation|" pos="NN" wid="39">Formation</w>
  <w id="40" lemma="|College|" pos="NNP" wid="40">College</w>
  <w id="41" lemma="|line|" pos="NN" wid="41">line</w>
  <w id="42" lemma="|up|" pos="RB" wid="42">up</w>
  <w id="43" lemma="|13:00|" pos="CD" wid="43">13:00</w>
  <w id="44" lemma="|at|" pos="IN" wid="44">At</w>
  <w id="45" lemma="|the|" pos="DT" wid="45">the</w>
  <w id="46" lemma="|Archbishop|" pos="NNP" wid="46">Archbishop</w>
  <w id="47" lemma="|'s|" pos="POS" wid="47">'s</w>
  <w id="48" lemma="|residence|" pos="NN" wid="48">residence</w>
  <w id="49" lemma="|:|" pos=":" wid="49">:</w>
  <w id="50" lemma="|luncheon|" pos="NN" wid="50">luncheon</w>
  <w id="51" lemma="|with|" pos="IN" wid="51">with</w>
  <w id="52" lemma="|young|" pos="JJ" wid="52">young</w>
  <w id="53" lemma="|detainee|" pos="NNS" wid="53">detainees</w>
  <w id="54" lemma="|from|" pos="IN" wid="54">from</w>
  <w id="55" lemma="|the|" pos="DT" wid="55">the</w>
  <w id="56" lemma="|``|" pos="``" wid="56">``</w>
  <w id="57" lemma="|ferrante|" pos="FW" wid="57">Ferrante</w>
  <w id="58" lemma="|aporti|" pos="FW" wid="58">Aporti</w>
  <w id="59" lemma="|''|" pos="''" wid="59">''</w>
  <w id="60" lemma="|penitentiary|" pos="NN" wid="60">penitentiary</w>
  <w id="61" lemma="|for|" pos="IN" wid="61">for</w>
  <w id="62" lemma="|minor|" pos="NNS" wid="62">minors</w>
  <w id="63" lemma="|,|" pos="," wid="63">,</w>
  <w id="64" lemma="|several|" pos="JJ" wid="64">several</w>
  <w id="65" lemma="|immigrant|" pos="NNS" wid="65">immigrants</w>
  <w id="66" lemma="|and|" pos="CC" wid="66">and</w>
  <w id="67" lemma="|homeless|" pos="JJ" wid="67">homeless</w>
  <w id="68" lemma="|people|" pos="NNS" wid="68">people</w>
  <w id="69" lemma="|,|" pos="," wid="69">,</w>
  <w id="70" lemma="|and|" pos="CC" wid="70">and</w>
  <w id="71" lemma="|a|" pos="DT" wid="71">a</w>
  <w id="72" lemma="|rom|" pos="NN" wid="72">Rom</w>
  <w id="73" lemma="|family|" pos="NN" wid="73">family</w>
  <w id="74" lemma="|14:30|" pos="CD" wid="74">14:30</w>
  <w id="75" lemma="|the|" pos="DT" wid="75">The</w>
  <w id="76" lemma="|Holy|" pos="NNP" wid="76">Holy</w>
  <w id="77" lemma="|Father|" pos="NNP" wid="77">Father</w>
  <w id="78" lemma="|depart|" pos="VBZ" wid="78">departs</w>
  <w id="79" lemma="|from|" pos="IN" wid="79">from</w>
  <w id="80" lemma="|the|" pos="DT" wid="80">the</w>
  <w id="81" lemma="|Archbishop|" pos="NNP" wid="81">Archbishop</w>
  <w id="82" lemma="|'|" pos="POS" wid="82">'</w>
  <w id="83" lemma="|residence|" pos="NN" wid="83">residence</w>
  <w id="84" lemma="|for|" pos="IN" wid="84">for</w>
  <w id="85" lemma="|the|" pos="DT" wid="85">the</w>
  <w id="86" lemma="|shrine|" pos="NN" wid="86">Shrine</w>
  <w id="87" lemma="|of|" pos="IN" wid="87">of</w>
  <w id="88" lemma="|the|" pos="DT" wid="88">the</w>
  <w id="89" lemma="|consolata|" pos="FW" wid="89">Consolata</w>
  <w id="90" lemma="|14:40|" pos="FW" wid="90">14:40</w>
  <w id="91" lemma="|shrine|" pos="NN" wid="91">Shrine</w>
  <w id="92" lemma="|of|" pos="IN" wid="92">of</w>
  <w id="93" lemma="|the|" pos="DT" wid="93">the</w>
  <w id="94" lemma="|Consolata|" pos="NNP" wid="94">Consolata</w>
  <w id="95" lemma="|:|" pos=":" wid="95">:</w>
  <w id="96" lemma="|private|" pos="JJ" wid="96">Private</w>
  <w id="97" lemma="|visit|" pos="NN" wid="97">visit</w>
  <w id="98" lemma="|and|" pos="CC" wid="98">and</w>
  <w id="99" lemma="|prayer|" pos="NN" wid="99">prayer</w>
  <w id="100" lemma="|at|" pos="IN" wid="100">At</w>
  <w id="101" lemma="|the|" pos="DT" wid="101">the</w>
  <w id="102" lemma="|Shrine|" pos="NNP" wid="102">Shrine</w>
  <w id="103" lemma="|the|" pos="DT" wid="103">the</w>
  <w id="104" lemma="|priest|" pos="NNS" wid="104">priests</w>
  <w id="105" lemma="|,|" pos="," wid="105">,</w>
  <w id="106" lemma="|guest|" pos="NNS" wid="106">guests</w>
  <w id="107" lemma="|at|" pos="IN" wid="107">at</w>
  <w id="108" lemma="|the|" pos="DT" wid="108">the</w>
  <w id="109" lemma="|house|" pos="NN" wid="109">house</w>
  <w id="110" lemma="|,|" pos="," wid="110">,</w>
  <w id="111" lemma="|be|" pos="VBP" wid="111">are</w>
  <w id="112" lemma="|present|" pos="JJ" wid="112">present</w>
  <w id="113" lemma="|14:45|" pos="CD" wid="113">14:45</w>
  <w id="114" lemma="|the|" pos="DT" wid="114">The</w>
  <w id="115" lemma="|Holy|" pos="NNP" wid="115">Holy</w>
  <w id="116" lemma="|Father|" pos="NNP" wid="116">Father</w>
  <w id="117" lemma="|leave|" pos="VBZ" wid="117">leaves</w>
  <w id="118" lemma="|the|" pos="DT" wid="118">the</w>
  <w id="119" lemma="|shrine|" pos="NN" wid="119">Shrine</w>
  <w id="120" lemma="|and|" pos="CC" wid="120">and</w>
  <w id="121" lemma="|proceeds|" pos="NNS" wid="121">proceeds</w>
  <w id="122" lemma="|to|" pos="TO" wid="122">to</w>
  <w id="123" lemma="|the|" pos="DT" wid="123">the</w>
  <w id="124" lemma="|basilica|" pos="NN" wid="124">Basilica</w>
  <w id="125" lemma="|of|" pos="IN" wid="125">of</w>
  <w id="126" lemma="|Maria|" pos="NNP" wid="126">Maria</w>
  <w id="127" lemma="|Ausiliatrice|" pos="NNP" wid="127">Ausiliatrice</w>
  <w id="128" lemma="|15:00|" pos="CD" wid="128">15:00</w>
  <w id="129" lemma="|basilica|" pos="NN" wid="129">Basilica</w>
  <w id="130" lemma="|of|" pos="IN" wid="130">of</w>
  <w id="131" lemma="|Maria|" pos="NNP" wid="131">Maria</w>
  <w id="132" lemma="|Ausiliatrice|" pos="NNP" wid="132">Ausiliatrice</w>
  <w id="133" lemma="|:|" pos=":" wid="133">:</w>
  <w id="134" lemma="|meet|" pos="VBG" wid="134">Meeting</w>
  <w id="135" lemma="|with|" pos="IN" wid="135">with</w>
  <w id="136" lemma="|the|" pos="DT" wid="136">the</w>
  <w id="137" lemma="|Salesians|" pos="NNPS" wid="137">Salesians</w>
  <w id="138" lemma="|and|" pos="CC" wid="138">and</w>
  <w id="139" lemma="|the|" pos="DT" wid="139">the</w>
  <w id="140" lemma="|daughter|" pos="NNS" wid="140">Daughters</w>
  <w id="141" lemma="|of|" pos="IN" wid="141">of</w>
  <w id="142" lemma="|Mary|" pos="NNP" wid="142">Mary</w>
  <w id="143" lemma="|help|" pos="NN" wid="143">Help</w>
  <w id="144" lemma="|of|" pos="IN" wid="144">of</w>
  <w id="145" lemma="|christian|" pos="NNS" wid="145">Christians</w>
  <w id="146" lemma="|-lsb-|" pos="-LRB-" wid="146">-LSB-</w>
  <w id="147" lemma="|Arabic|" pos="NNP" wid="147">Arabic</w>
  <w id="148" lemma="|,|" pos="," wid="148">,</w>
  <w id="149" lemma="|English|" pos="NNP" wid="149">English</w>
  <w id="150" lemma="|,|" pos="," wid="150">,</w>
  <w id="151" lemma="|French|" pos="NNP" wid="151">French</w>
  <w id="152" lemma="|,|" pos="," wid="152">,</w>
  <w id="153" lemma="|German|" pos="NNP" wid="153">German</w>
  <w id="154" lemma="|,|" pos="," wid="154">,</w>
  <w id="155" lemma="|Italian|" pos="NNP" wid="155">Italian</w>
  <w id="156" lemma="|,|" pos="," wid="156">,</w>
  <w id="157" lemma="|Portuguese|" pos="NNP" wid="157">Portuguese</w>
  <w id="158" lemma="|,|" pos="," wid="158">,</w>
  <w id="159" lemma="|Spanish|" pos="NNP" wid="159">Spanish</w>
  <w id="160" lemma="|-rsb-|" pos="-RRB-" wid="160">-RSB-</w>
  <w id="161" lemma="|in|" pos="IN" wid="161">In</w>
  <w id="162" lemma="|the|" pos="DT" wid="162">the</w>
  <w id="163" lemma="|square|" pos="NN" wid="163">square</w>
  <w id="164" lemma="|in|" pos="IN" wid="164">in</w>
  <w id="165" lemma="|front|" pos="NN" wid="165">front</w>
  <w id="166" lemma="|of|" pos="IN" wid="166">of</w>
  <w id="167" lemma="|the|" pos="DT" wid="167">the</w>
  <w id="168" lemma="|basilica|" pos="NN" wid="168">Basilica</w>
  <w id="169" lemma="|the|" pos="DT" wid="169">the</w>
  <w id="170" lemma="|Holy|" pos="NNP" wid="170">Holy</w>
  <w id="171" lemma="|Father|" pos="NNP" wid="171">Father</w>
  <w id="172" lemma="|greet|" pos="VBZ" wid="172">greets</w>
  <w id="173" lemma="|the|" pos="DT" wid="173">the</w>
  <w id="174" lemma="|young|" pos="JJ" wid="174">young</w>
  <w id="175" lemma="|educator|" pos="NNS" wid="175">educators</w>
  <w id="176" lemma="|and|" pos="CC" wid="176">and</w>
  <w id="177" lemma="|animator|" pos="NNS" wid="177">animators</w>
  <w id="178" lemma="|of|" pos="IN" wid="178">of</w>
  <w id="179" lemma="|the|" pos="DT" wid="179">the</w>
  <w id="180" lemma="|oratory|" pos="NNS" wid="180">oratories</w>
  <w id="181" lemma="|Greetings|" pos="NNP" wid="181">Greetings</w>
  <w id="182" lemma="|by|" pos="IN" wid="182">by</w>
  <w id="183" lemma="|Father|" pos="NNP" wid="183">Father</w>
  <w id="184" lemma="|Ángel|" pos="NNP" wid="184">Ángel</w>
  <w id="185" lemma="|Fernández|" pos="NNP" wid="185">Fernández</w>
  <w id="186" lemma="|Artime|" pos="NNP" wid="186">Artime</w>
  <w id="187" lemma="|,|" pos="," wid="187">,</w>
  <w id="188" lemma="|Major|" pos="NNP" wid="188">Major</w>
  <w id="189" lemma="|Rector|" pos="NNP" wid="189">Rector</w>
  <w id="190" lemma="|of|" pos="IN" wid="190">of</w>
  <w id="191" lemma="|the|" pos="DT" wid="191">the</w>
  <w id="192" lemma="|Salesians|" pos="NNPS" wid="192">Salesians</w>
  <w id="193" lemma="|and|" pos="CC" wid="193">and</w>
  <w id="194" lemma="|by|" pos="IN" wid="194">by</w>
  <w id="195" lemma="|Sister|" pos="NNP" wid="195">Sister</w>
  <w id="196" lemma="|Yvonne|" pos="NNP" wid="196">Yvonne</w>
  <w id="197" lemma="|Reungoat|" pos="NNP" wid="197">Reungoat</w>
  <w id="198" lemma="|,|" pos="," wid="198">,</w>
  <w id="199" lemma="|Superior|" pos="NNP" wid="199">Superior</w>
  <w id="200" lemma="|General|" pos="NNP" wid="200">General</w>
  <w id="201" lemma="|of|" pos="IN" wid="201">of</w>
  <w id="202" lemma="|the|" pos="DT" wid="202">the</w>
  <w id="203" lemma="|daughter|" pos="NNS" wid="203">Daughters</w>
  <w id="204" lemma="|of|" pos="IN" wid="204">of</w>
  <w id="205" lemma="|Mary|" pos="NNP" wid="205">Mary</w>
  <w id="206" lemma="|,|" pos="," wid="206">,</w>
  <w id="207" lemma="|help|" pos="NN" wid="207">Help</w>
  <w id="208" lemma="|of|" pos="IN" wid="208">of</w>
  <w id="209" lemma="|christian|" pos="NNS" wid="209">Christians</w>
  <w id="210" lemma="|.|" pos="." wid="210">.</w>
</sentence>
<sentence id="9">
  <w id="0" lemma="|16:00|" pos="CD" wid="0">16:00</w>
  <w id="1" lemma="|the|" pos="DT" wid="1">The</w>
  <w id="2" lemma="|Holy|" pos="NNP" wid="2">Holy</w>
  <w id="3" lemma="|Father|" pos="NNP" wid="3">Father</w>
  <w id="4" lemma="|proceeds|" pos="NNS" wid="4">proceeds</w>
  <w id="5" lemma="|to|" pos="TO" wid="5">to</w>
  <w id="6" lemma="|the|" pos="DT" wid="6">the</w>
  <w id="7" lemma="|Church|" pos="NNP" wid="7">Church</w>
  <w id="8" lemma="|of|" pos="IN" wid="8">of</w>
  <w id="9" lemma="|Cottolengo|" pos="NNP" wid="9">Cottolengo</w>
  <w id="10" lemma="|Church|" pos="NNP" wid="10">Church</w>
  <w id="11" lemma="|of|" pos="IN" wid="11">of</w>
  <w id="12" lemma="|Cottolengo|" pos="NNP" wid="12">Cottolengo</w>
  <w id="13" lemma="|:|" pos=":" wid="13">:</w>
  <w id="14" lemma="|meet|" pos="VBG" wid="14">Meeting</w>
  <w id="15" lemma="|with|" pos="IN" wid="15">with</w>
  <w id="16" lemma="|the|" pos="DT" wid="16">the</w>
  <w id="17" lemma="|sick|" pos="JJ" wid="17">sick</w>
  <w id="18" lemma="|and|" pos="CC" wid="18">and</w>
  <w id="19" lemma="|disabled|" pos="JJ" wid="19">disabled</w>
  <w id="20" lemma="|-lsb-|" pos="-LRB-" wid="20">-LSB-</w>
  <w id="21" lemma="|Arabic|" pos="NNP" wid="21">Arabic</w>
  <w id="22" lemma="|,|" pos="," wid="22">,</w>
  <w id="23" lemma="|English|" pos="NNP" wid="23">English</w>
  <w id="24" lemma="|,|" pos="," wid="24">,</w>
  <w id="25" lemma="|French|" pos="NNP" wid="25">French</w>
  <w id="26" lemma="|,|" pos="," wid="26">,</w>
  <w id="27" lemma="|German|" pos="NNP" wid="27">German</w>
  <w id="28" lemma="|,|" pos="," wid="28">,</w>
  <w id="29" lemma="|Italian|" pos="NNP" wid="29">Italian</w>
  <w id="30" lemma="|,|" pos="," wid="30">,</w>
  <w id="31" lemma="|Portuguese|" pos="NNP" wid="31">Portuguese</w>
  <w id="32" lemma="|,|" pos="," wid="32">,</w>
  <w id="33" lemma="|Spanish|" pos="NNP" wid="33">Spanish</w>
  <w id="34" lemma="|-rsb-|" pos="-RRB-" wid="34">-RSB-</w>
  <w id="35" lemma="|Greeting|" pos="NNP" wid="35">Greeting</w>
  <w id="36" lemma="|by|" pos="IN" wid="36">by</w>
  <w id="37" lemma="|Father|" pos="NNP" wid="37">Father</w>
  <w id="38" lemma="|Lino|" pos="NNP" wid="38">Lino</w>
  <w id="39" lemma="|Piano|" pos="NNP" wid="39">Piano</w>
  <w id="40" lemma="|,|" pos="," wid="40">,</w>
  <w id="41" lemma="|Father|" pos="NNP" wid="41">Father</w>
  <w id="42" lemma="|of|" pos="IN" wid="42">of</w>
  <w id="43" lemma="|the|" pos="DT" wid="43">the</w>
  <w id="44" lemma="|Little|" pos="NNP" wid="44">Little</w>
  <w id="45" lemma="|House|" pos="NNP" wid="45">House</w>
  <w id="46" lemma="|and|" pos="CC" wid="46">and</w>
  <w id="47" lemma="|by|" pos="IN" wid="47">by</w>
  <w id="48" lemma="|one|" pos="CD" wid="48">one</w>
  <w id="49" lemma="|of|" pos="IN" wid="49">of</w>
  <w id="50" lemma="|the|" pos="DT" wid="50">the</w>
  <w id="51" lemma="|sick|" pos="JJ" wid="51">sick</w>
  <w id="52" lemma="|17:30|" pos="CD" wid="52">17:30</w>
  <w id="53" lemma="|at|" pos="IN" wid="53">At</w>
  <w id="54" lemma="|the|" pos="DT" wid="54">the</w>
  <w id="55" lemma="|conclusion|" pos="NN" wid="55">conclusion</w>
  <w id="56" lemma="|of|" pos="IN" wid="56">of</w>
  <w id="57" lemma="|the|" pos="DT" wid="57">the</w>
  <w id="58" lemma="|meeting|" pos="NN" wid="58">meeting</w>
  <w id="59" lemma="|with|" pos="IN" wid="59">with</w>
  <w id="60" lemma="|the|" pos="DT" wid="60">the</w>
  <w id="61" lemma="|sick|" pos="JJ" wid="61">sick</w>
  <w id="62" lemma="|,|" pos="," wid="62">,</w>
  <w id="63" lemma="|the|" pos="DT" wid="63">the</w>
  <w id="64" lemma="|Holy|" pos="NNP" wid="64">Holy</w>
  <w id="65" lemma="|Father|" pos="NNP" wid="65">Father</w>
  <w id="66" lemma="|leave|" pos="VBZ" wid="66">leaves</w>
  <w id="67" lemma="|the|" pos="DT" wid="67">the</w>
  <w id="68" lemma="|Cottolengo|" pos="NNP" wid="68">Cottolengo</w>
  <w id="69" lemma="|and|" pos="CC" wid="69">and</w>
  <w id="70" lemma="|proceeds|" pos="NNS" wid="70">proceeds</w>
  <w id="71" lemma="|to|" pos="TO" wid="71">to</w>
  <w id="72" lemma="|Piazza|" pos="NNP" wid="72">Piazza</w>
  <w id="73" lemma="|Vittorio|" pos="NNP" wid="73">Vittorio</w>
  <w id="74" lemma="|18:00|" pos="NNP" wid="74">18:00</w>
  <w id="75" lemma="|Piazza|" pos="NNP" wid="75">Piazza</w>
  <w id="76" lemma="|Vittorio|" pos="NNP" wid="76">Vittorio</w>
  <w id="77" lemma="|:|" pos=":" wid="77">:</w>
  <w id="78" lemma="|meet|" pos="VBG" wid="78">Meeting</w>
  <w id="79" lemma="|with|" pos="IN" wid="79">with</w>
  <w id="80" lemma="|the|" pos="DT" wid="80">the</w>
  <w id="81" lemma="|child|" pos="NNS" wid="81">children</w>
  <w id="82" lemma="|and|" pos="CC" wid="82">and</w>
  <w id="83" lemma="|young|" pos="JJ" wid="83">young</w>
  <w id="84" lemma="|people|" pos="NNS" wid="84">people</w>
  <w id="85" lemma="|-lsb-|" pos="-LRB-" wid="85">-LSB-</w>
  <w id="86" lemma="|Arabic|" pos="NNP" wid="86">Arabic</w>
  <w id="87" lemma="|,|" pos="," wid="87">,</w>
  <w id="88" lemma="|English|" pos="NNP" wid="88">English</w>
  <w id="89" lemma="|,|" pos="," wid="89">,</w>
  <w id="90" lemma="|French|" pos="NNP" wid="90">French</w>
  <w id="91" lemma="|,|" pos="," wid="91">,</w>
  <w id="92" lemma="|German|" pos="NNP" wid="92">German</w>
  <w id="93" lemma="|,|" pos="," wid="93">,</w>
  <w id="94" lemma="|Italian|" pos="NNP" wid="94">Italian</w>
  <w id="95" lemma="|,|" pos="," wid="95">,</w>
  <w id="96" lemma="|Portuguese|" pos="NNP" wid="96">Portuguese</w>
  <w id="97" lemma="|,|" pos="," wid="97">,</w>
  <w id="98" lemma="|Spanish|" pos="NNP" wid="98">Spanish</w>
  <w id="99" lemma="|-rsb-|" pos="-RRB-" wid="99">-RSB-</w>
  <w id="100" lemma="|greeting|" pos="NNS" wid="100">Greetings</w>
  <w id="101" lemma="|and|" pos="CC" wid="101">and</w>
  <w id="102" lemma="|question|" pos="NNS" wid="102">questions</w>
  <w id="103" lemma="|by|" pos="IN" wid="103">by</w>
  <w id="104" lemma="|a|" pos="DT" wid="104">a</w>
  <w id="105" lemma="|group|" pos="NN" wid="105">group</w>
  <w id="106" lemma="|of|" pos="IN" wid="106">of</w>
  <w id="107" lemma="|young|" pos="JJ" wid="107">young</w>
  <w id="108" lemma="|people|" pos="NNS" wid="108">people</w>
  <w id="109" lemma="|at|" pos="IN" wid="109">At</w>
  <w id="110" lemma="|the|" pos="DT" wid="110">the</w>
  <w id="111" lemma="|conclusion|" pos="NN" wid="111">conclusion</w>
  <w id="112" lemma="|of|" pos="IN" wid="112">of</w>
  <w id="113" lemma="|the|" pos="DT" wid="113">the</w>
  <w id="114" lemma="|meeting|" pos="NN" wid="114">meeting</w>
  <w id="115" lemma="|with|" pos="IN" wid="115">with</w>
  <w id="116" lemma="|the|" pos="DT" wid="116">the</w>
  <w id="117" lemma="|youth|" pos="NN" wid="117">youth</w>
  <w id="118" lemma="|,|" pos="," wid="118">,</w>
  <w id="119" lemma="|the|" pos="DT" wid="119">the</w>
  <w id="120" lemma="|Holy|" pos="NNP" wid="120">Holy</w>
  <w id="121" lemma="|Father|" pos="NNP" wid="121">Father</w>
  <w id="122" lemma="|return|" pos="VBZ" wid="122">returns</w>
  <w id="123" lemma="|to|" pos="TO" wid="123">to</w>
  <w id="124" lemma="|the|" pos="DT" wid="124">the</w>
  <w id="125" lemma="|Archbishop|" pos="NNP" wid="125">Archbishop</w>
  <w id="126" lemma="|'s|" pos="POS" wid="126">'s</w>
  <w id="127" lemma="|residence|" pos="NN" wid="127">residence</w>
  <w id="128" lemma="|19:30|" pos="CD" wid="128">19:30</w>
  <w id="129" lemma="|at|" pos="IN" wid="129">At</w>
  <w id="130" lemma="|the|" pos="DT" wid="130">the</w>
  <w id="131" lemma="|Archbishop|" pos="NNP" wid="131">Archbishop</w>
  <w id="132" lemma="|'s|" pos="POS" wid="132">'s</w>
  <w id="133" lemma="|residence|" pos="NN" wid="133">residence</w>
  <w id="134" lemma="|:|" pos=":" wid="134">:</w>
  <w id="135" lemma="|dinner|" pos="NN" wid="135">dinner</w>
  <w id="136" lemma="|and|" pos="CC" wid="136">and</w>
  <w id="137" lemma="|rest|" pos="NN" wid="137">rest</w>
  <w id="138" lemma="|8:45|" pos="CD" wid="138">8:45</w>
  <w id="139" lemma="|the|" pos="DT" wid="139">The</w>
  <w id="140" lemma="|Holy|" pos="NNP" wid="140">Holy</w>
  <w id="141" lemma="|Father|" pos="NNP" wid="141">Father</w>
  <w id="142" lemma="|leave|" pos="VBZ" wid="142">leaves</w>
  <w id="143" lemma="|the|" pos="DT" wid="143">the</w>
  <w id="144" lemma="|Archbishop|" pos="NNP" wid="144">Archbishop</w>
  <w id="145" lemma="|'s|" pos="POS" wid="145">'s</w>
  <w id="146" lemma="|residence|" pos="NN" wid="146">residence</w>
  <w id="147" lemma="|for|" pos="IN" wid="147">for</w>
  <w id="148" lemma="|the|" pos="DT" wid="148">the</w>
  <w id="149" lemma="|Waldensian|" pos="NNP" wid="149">Waldensian</w>
  <w id="150" lemma="|Temple|" pos="NNP" wid="150">Temple</w>
  <w id="151" lemma="|in|" pos="IN" wid="151">in</w>
  <w id="152" lemma="|Corso|" pos="NNP" wid="152">Corso</w>
  <w id="153" lemma="|Vittorio|" pos="NNP" wid="153">Vittorio</w>
  <w id="154" lemma="|Emanuele|" pos="NNP" wid="154">Emanuele</w>
  <w id="155" lemma="|II|" pos="NNP" wid="155">II</w>
  <w id="156" lemma="|9:00|" pos="CD" wid="156">9:00</w>
  <w id="157" lemma="|at|" pos="IN" wid="157">At</w>
  <w id="158" lemma="|the|" pos="DT" wid="158">the</w>
  <w id="159" lemma="|entrance|" pos="NN" wid="159">entrance</w>
  <w id="160" lemma="|of|" pos="IN" wid="160">of</w>
  <w id="161" lemma="|the|" pos="DT" wid="161">the</w>
  <w id="162" lemma="|Temple|" pos="NNP" wid="162">Temple</w>
  <w id="163" lemma="|the|" pos="DT" wid="163">the</w>
  <w id="164" lemma="|Holy|" pos="NNP" wid="164">Holy</w>
  <w id="165" lemma="|Father|" pos="NNP" wid="165">Father</w>
  <w id="166" lemma="|be|" pos="VBZ" wid="166">is</w>
  <w id="167" lemma="|welcome|" pos="VBN" wid="167">welcomed</w>
  <w id="168" lemma="|by|" pos="IN" wid="168">by</w>
  <w id="169" lemma="|:|" pos=":" wid="169">:</w>
  <w id="170" lemma="|-|" pos=":" wid="170">-</w>
  <w id="171" lemma="|Pastor|" pos="NNP" wid="171">Pastor</w>
  <w id="172" lemma="|Eugenio|" pos="NNP" wid="172">Eugenio</w>
  <w id="173" lemma="|Bernardini|" pos="NNP" wid="173">Bernardini</w>
  <w id="174" lemma="|,|" pos="," wid="174">,</w>
  <w id="175" lemma="|Moderator|" pos="NNP" wid="175">Moderator</w>
  <w id="176" lemma="|of|" pos="IN" wid="176">of</w>
  <w id="177" lemma="|the|" pos="DT" wid="177">the</w>
  <w id="178" lemma="|tavola|" pos="FW" wid="178">Tavola</w>
  <w id="179" lemma="|valdese|" pos="FW" wid="179">Valdese</w>
  <w id="180" lemma="|-|" pos=":" wid="180">-</w>
  <w id="181" lemma="|president|" pos="NN" wid="181">President</w>
  <w id="182" lemma="|of|" pos="IN" wid="182">of</w>
  <w id="183" lemma="|the|" pos="DT" wid="183">the</w>
  <w id="184" lemma="|Consistory|" pos="NNP" wid="184">Consistory</w>
  <w id="185" lemma="|of|" pos="IN" wid="185">of</w>
  <w id="186" lemma="|the|" pos="DT" wid="186">the</w>
  <w id="187" lemma="|Waldensian|" pos="NNP" wid="187">Waldensian</w>
  <w id="188" lemma="|Evangelical|" pos="NNP" wid="188">Evangelical</w>
  <w id="189" lemma="|Church|" pos="NNP" wid="189">Church</w>
  <w id="190" lemma="|-|" pos=":" wid="190">-</w>
  <w id="191" lemma="|Pastor|" pos="NNP" wid="191">Pastor</w>
  <w id="192" lemma="|Paolo|" pos="NNP" wid="192">Paolo</w>
  <w id="193" lemma="|Ribet|" pos="NNP" wid="193">Ribet</w>
  <w id="194" lemma="|Inside|" pos="NNP" wid="194">Inside</w>
  <w id="195" lemma="|the|" pos="DT" wid="195">the</w>
  <w id="196" lemma="|Temple|" pos="NNP" wid="196">Temple</w>
  <w id="197" lemma="|:|" pos=":" wid="197">:</w>
  <w id="198" lemma="|greeting|" pos="NN" wid="198">Greeting</w>
  <w id="199" lemma="|of|" pos="IN" wid="199">of</w>
  <w id="200" lemma="|Pastor|" pos="NNP" wid="200">Pastor</w>
  <w id="201" lemma="|Paolo|" pos="NNP" wid="201">Paolo</w>
  <w id="202" lemma="|Ribet|" pos="NNP" wid="202">Ribet</w>
  <w id="203" lemma="|Greeting|" pos="NNP" wid="203">Greeting</w>
  <w id="204" lemma="|of|" pos="IN" wid="204">of</w>
  <w id="205" lemma="|Pastor|" pos="NNP" wid="205">Pastor</w>
  <w id="206" lemma="|Eugenio|" pos="NNP" wid="206">Eugenio</w>
  <w id="207" lemma="|Bernardini|" pos="NNP" wid="207">Bernardini</w>
  <w id="208" lemma="|Address|" pos="NNP" wid="208">Address</w>
  <w id="209" lemma="|of|" pos="IN" wid="209">of</w>
  <w id="210" lemma="|the|" pos="DT" wid="210">the</w>
  <w id="211" lemma="|Holy|" pos="NNP" wid="211">Holy</w>
  <w id="212" lemma="|Father|" pos="NNP" wid="212">Father</w>
  <w id="213" lemma="|-lsb-|" pos="-LRB-" wid="213">-LSB-</w>
  <w id="214" lemma="|Arabic|" pos="NNP" wid="214">Arabic</w>
  <w id="215" lemma="|,|" pos="," wid="215">,</w>
  <w id="216" lemma="|English|" pos="NNP" wid="216">English</w>
  <w id="217" lemma="|,|" pos="," wid="217">,</w>
  <w id="218" lemma="|French|" pos="NNP" wid="218">French</w>
  <w id="219" lemma="|,|" pos="," wid="219">,</w>
  <w id="220" lemma="|German|" pos="NNP" wid="220">German</w>
  <w id="221" lemma="|,|" pos="," wid="221">,</w>
  <w id="222" lemma="|Italian|" pos="NNP" wid="222">Italian</w>
  <w id="223" lemma="|,|" pos="," wid="223">,</w>
  <w id="224" lemma="|Portuguese|" pos="NNP" wid="224">Portuguese</w>
  <w id="225" lemma="|,|" pos="," wid="225">,</w>
  <w id="226" lemma="|Spanish|" pos="NNP" wid="226">Spanish</w>
  <w id="227" lemma="|-rsb-|" pos="-RRB-" wid="227">-RSB-</w>
  <w id="228" lemma="|Choir|" pos="NNP" wid="228">Choir</w>
  <w id="229" lemma="|Chant|" pos="NNP" wid="229">Chant</w>
  <w id="230" lemma="|and|" pos="CC" wid="230">and</w>
  <w id="231" lemma="|prayer|" pos="NN" wid="231">prayer</w>
  <w id="232" lemma="|of|" pos="IN" wid="232">of</w>
  <w id="233" lemma="|Our|" pos="NNP" wid="233">Our</w>
  <w id="234" lemma="|Father|" pos="NNP" wid="234">Father</w>
  <w id="235" lemma="|at|" pos="IN" wid="235">At</w>
  <w id="236" lemma="|the|" pos="DT" wid="236">the</w>
  <w id="237" lemma="|conclusion|" pos="NN" wid="237">conclusion</w>
  <w id="238" lemma="|of|" pos="IN" wid="238">of</w>
  <w id="239" lemma="|the|" pos="DT" wid="239">the</w>
  <w id="240" lemma="|meeting|" pos="NN" wid="240">meeting</w>
  <w id="241" lemma="|,|" pos="," wid="241">,</w>
  <w id="242" lemma="|the|" pos="DT" wid="242">the</w>
  <w id="243" lemma="|Holy|" pos="NNP" wid="243">Holy</w>
  <w id="244" lemma="|Father|" pos="NNP" wid="244">Father</w>
  <w id="245" lemma="|walk|" pos="VBZ" wid="245">walks</w>
  <w id="246" lemma="|into|" pos="IN" wid="246">into</w>
  <w id="247" lemma="|a|" pos="DT" wid="247">a</w>
  <w id="248" lemma="|different|" pos="JJ" wid="248">different</w>
  <w id="249" lemma="|room|" pos="NN" wid="249">room</w>
  <w id="250" lemma="|where|" pos="WRB" wid="250">where</w>
  <w id="251" lemma="|he|" pos="PRP" wid="251">he</w>
  <w id="252" lemma="|meet|" pos="VBZ" wid="252">meets</w>
  <w id="253" lemma="|a|" pos="DT" wid="253">a</w>
  <w id="254" lemma="|delegation|" pos="NN" wid="254">Delegation</w>
  <w id="255" lemma="|for|" pos="IN" wid="255">for</w>
  <w id="256" lemma="|the|" pos="DT" wid="256">the</w>
  <w id="257" lemma="|exchange|" pos="NN" wid="257">exchange</w>
  <w id="258" lemma="|of|" pos="IN" wid="258">of</w>
  <w id="259" lemma="|gift|" pos="NNS" wid="259">gifts</w>
  <w id="260" lemma="|10:15|" pos="CD" wid="260">10:15</w>
  <w id="261" lemma="|the|" pos="DT" wid="261">The</w>
  <w id="262" lemma="|Holy|" pos="NNP" wid="262">Holy</w>
  <w id="263" lemma="|Father|" pos="NNP" wid="263">Father</w>
  <w id="264" lemma="|leave|" pos="VBZ" wid="264">leaves</w>
  <w id="265" lemma="|the|" pos="DT" wid="265">the</w>
  <w id="266" lemma="|Waldensian|" pos="NNP" wid="266">Waldensian</w>
  <w id="267" lemma="|Church|" pos="NNP" wid="267">Church</w>
  <w id="268" lemma="|and|" pos="CC" wid="268">and</w>
  <w id="269" lemma="|return|" pos="NNS" wid="269">returns</w>
  <w id="270" lemma="|to|" pos="TO" wid="270">to</w>
  <w id="271" lemma="|the|" pos="DT" wid="271">the</w>
  <w id="272" lemma="|Archbishop|" pos="NNP" wid="272">Archbishop</w>
  <w id="273" lemma="|'s|" pos="POS" wid="273">'s</w>
  <w id="274" lemma="|residence|" pos="NN" wid="274">residence</w>
  <w id="275" lemma="|The|" pos="NNP" wid="275">The</w>
  <w id="276" lemma="|Holy|" pos="NNP" wid="276">Holy</w>
  <w id="277" lemma="|Father|" pos="NNP" wid="277">Father</w>
  <w id="278" lemma="|meet|" pos="VBZ" wid="278">meets</w>
  <w id="279" lemma="|privately|" pos="RB" wid="279">privately</w>
  <w id="280" lemma="|some|" pos="DT" wid="280">some</w>
  <w id="281" lemma="|relative|" pos="NNS" wid="281">relatives</w>
  <w id="282" lemma="|;|" pos=":" wid="282">;</w>
  <w id="283" lemma="|he|" pos="PRP" wid="283">he</w>
  <w id="284" lemma="|celebrate|" pos="VBZ" wid="284">celebrates</w>
  <w id="285" lemma="|Mass|" pos="NNP" wid="285">Mass</w>
  <w id="286" lemma="|for|" pos="IN" wid="286">for</w>
  <w id="287" lemma="|they|" pos="PRP" wid="287">them</w>
  <w id="288" lemma="|in|" pos="IN" wid="288">in</w>
  <w id="289" lemma="|the|" pos="DT" wid="289">the</w>
  <w id="290" lemma="|chapel|" pos="NN" wid="290">Chapel</w>
  <w id="291" lemma="|of|" pos="IN" wid="291">of</w>
  <w id="292" lemma="|the|" pos="DT" wid="292">the</w>
  <w id="293" lemma="|Archbishop|" pos="NNP" wid="293">Archbishop</w>
  <w id="294" lemma="|'s|" pos="POS" wid="294">'s</w>
  <w id="295" lemma="|residence|" pos="NN" wid="295">residence</w>
  <w id="296" lemma="|and|" pos="CC" wid="296">and</w>
  <w id="297" lemma="|have|" pos="VBZ" wid="297">has</w>
  <w id="298" lemma="|lunch|" pos="NN" wid="298">lunch</w>
  <w id="299" lemma="|with|" pos="IN" wid="299">with</w>
  <w id="300" lemma="|they|" pos="PRP" wid="300">them</w>
  <w id="301" lemma="|in|" pos="IN" wid="301">in</w>
  <w id="302" lemma="|the|" pos="DT" wid="302">the</w>
  <w id="303" lemma="|Archbishop|" pos="NNP" wid="303">Archbishop</w>
  <w id="304" lemma="|'s|" pos="POS" wid="304">'s</w>
  <w id="305" lemma="|residence|" pos="NN" wid="305">residence</w>
  <w id="306" lemma="|16:30|" pos="CD" wid="306">16:30</w>
  <w id="307" lemma="|before|" pos="IN" wid="307">Before</w>
  <w id="308" lemma="|leave|" pos="VBG" wid="308">leaving</w>
  <w id="309" lemma="|the|" pos="DT" wid="309">the</w>
  <w id="310" lemma="|Archbishop|" pos="NNP" wid="310">Archbishop</w>
  <w id="311" lemma="|'s|" pos="POS" wid="311">'s</w>
  <w id="312" lemma="|residence|" pos="NN" wid="312">residence</w>
  <w id="313" lemma="|,|" pos="," wid="313">,</w>
  <w id="314" lemma="|the|" pos="DT" wid="314">the</w>
  <w id="315" lemma="|Holy|" pos="NNP" wid="315">Holy</w>
  <w id="316" lemma="|Father|" pos="NNP" wid="316">Father</w>
  <w id="317" lemma="|briefly|" pos="NN" wid="317">briefly</w>
  <w id="318" lemma="|meet|" pos="VBZ" wid="318">meets</w>
  <w id="319" lemma="|the|" pos="DT" wid="319">the</w>
  <w id="320" lemma="|member|" pos="NNS" wid="320">members</w>
  <w id="321" lemma="|of|" pos="IN" wid="321">of</w>
  <w id="322" lemma="|the|" pos="DT" wid="322">the</w>
  <w id="323" lemma="|Committee|" pos="NNP" wid="323">Committee</w>
  <w id="324" lemma="|of|" pos="IN" wid="324">of</w>
  <w id="325" lemma="|the|" pos="DT" wid="325">the</w>
  <w id="326" lemma="|Exposition|" pos="NNP" wid="326">Exposition</w>
  <w id="327" lemma="|,|" pos="," wid="327">,</w>
  <w id="328" lemma="|organizer|" pos="NNS" wid="328">organizers</w>
  <w id="329" lemma="|and|" pos="CC" wid="329">and</w>
  <w id="330" lemma="|supporter|" pos="NNS" wid="330">supporters</w>
  <w id="331" lemma="|of|" pos="IN" wid="331">of</w>
  <w id="332" lemma="|the|" pos="DT" wid="332">the</w>
  <w id="333" lemma="|visit|" pos="NN" wid="333">visit</w>
  <w id="334" lemma="|17:00|" pos="CD" wid="334">17:00</w>
  <w id="335" lemma="|the|" pos="DT" wid="335">The</w>
  <w id="336" lemma="|Holy|" pos="NNP" wid="336">Holy</w>
  <w id="337" lemma="|Father|" pos="NNP" wid="337">Father</w>
  <w id="338" lemma="|depart|" pos="VBZ" wid="338">departs</w>
  <w id="339" lemma="|from|" pos="IN" wid="339">from</w>
  <w id="340" lemma="|the|" pos="DT" wid="340">the</w>
  <w id="341" lemma="|Archbishop|" pos="NNP" wid="341">Archbishop</w>
  <w id="342" lemma="|'s|" pos="POS" wid="342">'s</w>
  <w id="343" lemma="|residence|" pos="NN" wid="343">residence</w>
  <w id="344" lemma="|for|" pos="IN" wid="344">for</w>
  <w id="345" lemma="|``|" pos="``" wid="345">``</w>
  <w id="346" lemma="|Torino|" pos="NNP" wid="346">Torino</w>
  <w id="347" lemma="|Caselle|" pos="NNP" wid="347">Caselle</w>
  <w id="348" lemma="|''|" pos="''" wid="348">''</w>
  <w id="349" lemma="|airport|" pos="NN" wid="349">airport</w>
  <w id="350" lemma="|.|" pos="." wid="350">.</w>
</sentence>
<sentence id="10">
  <w id="0" lemma="|along|" pos="IN" wid="0">Along</w>
  <w id="1" lemma="|the|" pos="DT" wid="1">the</w>
  <w id="2" lemma="|route|" pos="NN" wid="2">route</w>
  <w id="3" lemma="|to|" pos="TO" wid="3">to</w>
  <w id="4" lemma="|the|" pos="DT" wid="4">the</w>
  <w id="5" lemma="|airport|" pos="NN" wid="5">airport</w>
  <w id="6" lemma="|,|" pos="," wid="6">,</w>
  <w id="7" lemma="|the|" pos="DT" wid="7">the</w>
  <w id="8" lemma="|Holy|" pos="NNP" wid="8">Holy</w>
  <w id="9" lemma="|Father|" pos="NNP" wid="9">Father</w>
  <w id="10" lemma="|be|" pos="VBZ" wid="10">is</w>
  <w id="11" lemma="|greet|" pos="VBN" wid="11">greeted</w>
  <w id="12" lemma="|by|" pos="IN" wid="12">by</w>
  <w id="13" lemma="|the|" pos="DT" wid="13">the</w>
  <w id="14" lemma="|youth|" pos="NN" wid="14">youth</w>
  <w id="15" lemma="|of|" pos="IN" wid="15">of</w>
  <w id="16" lemma="|the|" pos="DT" wid="16">the</w>
  <w id="17" lemma="|Estate|" pos="NNP" wid="17">Estate</w>
  <w id="18" lemma="|Ragazzi|" pos="NNP" wid="18">Ragazzi</w>
  <w id="19" lemma="|17:30|" pos="CD" wid="19">17:30</w>
  <w id="20" lemma="|take-off|" pos="NN" wid="20">Take-off</w>
  <w id="21" lemma="|from|" pos="IN" wid="21">from</w>
  <w id="22" lemma="|``|" pos="``" wid="22">``</w>
  <w id="23" lemma="|Torino|" pos="NNP" wid="23">Torino</w>
  <w id="24" lemma="|Caselle|" pos="NNP" wid="24">Caselle</w>
  <w id="25" lemma="|''|" pos="''" wid="25">''</w>
  <w id="26" lemma="|airport|" pos="NN" wid="26">airport</w>
  <w id="27" lemma="|18:30|" pos="CD" wid="27">18:30</w>
  <w id="28" lemma="|landing|" pos="NN" wid="28">Landing</w>
  <w id="29" lemma="|at|" pos="IN" wid="29">at</w>
  <w id="30" lemma="|Ciampino|" pos="NNP" wid="30">Ciampino</w>
  <w id="31" lemma="|Airport|" pos="NNP" wid="31">Airport</w>
  <w id="32" lemma="|transfer|" pos="NN" wid="32">Transfer</w>
  <w id="33" lemma="|by|" pos="IN" wid="33">by</w>
  <w id="34" lemma="|car|" pos="NN" wid="34">car</w>
  <w id="35" lemma="|to|" pos="TO" wid="35">to</w>
  <w id="36" lemma="|the|" pos="DT" wid="36">the</w>
  <w id="37" lemma="|Vatican|" pos="NNP" wid="37">Vatican</w>
</sentence>
</corpus>