<corpus id="0">
<sentence id="0">
  <w id="0" lemma="|Dear|" pos="NNP" wid="0">Dear</w>
  <w id="1" lemma="|Brothers|" pos="NNPS" wid="1">Brothers</w>
  <w id="2" lemma="|and|" pos="CC" wid="2">and</w>
  <w id="3" lemma="|sister|" pos="NNS" wid="3">Sisters</w>
  <w id="4" lemma="|,|" pos="," wid="4">,</w>
  <w id="5" lemma="|good|" pos="JJ" wid="5">Good</w>
  <w id="6" lemma="|morning|" pos="NN" wid="6">morning</w>
  <w id="7" lemma="|!|" pos="." wid="7">!</w>
</sentence>
<sentence id="1">
  <w id="0" lemma="|we|" pos="PRP" wid="0">We</w>
  <w id="1" lemma="|hear|" pos="VBD" wid="1">heard</w>
  <w id="2" lemma="|in|" pos="IN" wid="2">in</w>
  <w id="3" lemma="|the|" pos="DT" wid="3">the</w>
  <w id="4" lemma="|Reading|" pos="NNP" wid="4">Reading</w>
  <w id="5" lemma="|of|" pos="IN" wid="5">of</w>
  <w id="6" lemma="|the|" pos="DT" wid="6">the</w>
  <w id="7" lemma="|passage|" pos="NN" wid="7">passage</w>
  <w id="8" lemma="|from|" pos="IN" wid="8">from</w>
  <w id="9" lemma="|the|" pos="DT" wid="9">the</w>
  <w id="10" lemma="|Book|" pos="NNP" wid="10">Book</w>
  <w id="11" lemma="|of|" pos="IN" wid="11">of</w>
  <w id="12" lemma="|Psalms|" pos="NNP" wid="12">Psalms</w>
  <w id="13" lemma="|:|" pos=":" wid="13">:</w>
  <w id="14" lemma="|``|" pos="``" wid="14">``</w>
  <w id="15" lemma="|the|" pos="DT" wid="15">the</w>
  <w id="16" lemma="|Lord|" pos="NNP" wid="16">Lord</w>
  <w id="17" lemma="|who|" pos="WP" wid="17">who</w>
  <w id="18" lemma="|give|" pos="VBZ" wid="18">gives</w>
  <w id="19" lemma="|I|" pos="PRP" wid="19">me</w>
  <w id="20" lemma="|counsel|" pos="NN" wid="20">counsel</w>
  <w id="21" lemma="|;|" pos=":" wid="21">;</w>
  <w id="22" lemma="|in|" pos="IN" wid="22">in</w>
  <w id="23" lemma="|the|" pos="DT" wid="23">the</w>
  <w id="24" lemma="|night|" pos="NN" wid="24">night</w>
  <w id="25" lemma="|also|" pos="RB" wid="25">also</w>
  <w id="26" lemma="|my|" pos="PRP$" wid="26">my</w>
  <w id="27" lemma="|heart|" pos="NN" wid="27">heart</w>
  <w id="28" lemma="|instruct|" pos="VBZ" wid="28">instructs</w>
  <w id="29" lemma="|I|" pos="PRP" wid="29">me</w>
  <w id="30" lemma="|''|" pos="''" wid="30">''</w>
  <w id="31" lemma="|-lrb-|" pos="-LRB-" wid="31">-LRB-</w>
  <w id="32" lemma="|ps|" pos="NN" wid="32">Ps</w>
  <w id="33" lemma="|16|" pos="CD" wid="33">16</w>
  <w id="34" lemma="|-lsb-|" pos="-LRB-" wid="34">-LSB-</w>
  <w id="35" lemma="|15|" pos="CD" wid="35">15</w>
  <w id="36" lemma="|-rsb-|" pos="-RRB-" wid="36">-RSB-</w>
  <w id="37" lemma="|:7|" pos="CD" wid="37">:7</w>
  <w id="38" lemma="|-rrb-|" pos="-RRB-" wid="38">-RRB-</w>
  <w id="39" lemma="|.|" pos="." wid="39">.</w>
</sentence>
<sentence id="2">
  <w id="0" lemma="|this|" pos="DT" wid="0">This</w>
  <w id="1" lemma="|be|" pos="VBZ" wid="1">is</w>
  <w id="2" lemma="|another|" pos="DT" wid="2">another</w>
  <w id="3" lemma="|gift|" pos="NN" wid="3">gift</w>
  <w id="4" lemma="|of|" pos="IN" wid="4">of</w>
  <w id="5" lemma="|the|" pos="DT" wid="5">the</w>
  <w id="6" lemma="|holy|" pos="JJ" wid="6">Holy</w>
  <w id="7" lemma="|spirit|" pos="NN" wid="7">Spirit</w>
  <w id="8" lemma="|:|" pos=":" wid="8">:</w>
  <w id="9" lemma="|the|" pos="DT" wid="9">the</w>
  <w id="10" lemma="|gift|" pos="NN" wid="10">gift</w>
  <w id="11" lemma="|of|" pos="IN" wid="11">of</w>
  <w id="12" lemma="|counsel|" pos="NN" wid="12">counsel</w>
  <w id="13" lemma="|.|" pos="." wid="13">.</w>
</sentence>
<sentence id="3">
  <w id="0" lemma="|we|" pos="PRP" wid="0">We</w>
  <w id="1" lemma="|know|" pos="VBP" wid="1">know</w>
  <w id="2" lemma="|how|" pos="WRB" wid="2">how</w>
  <w id="3" lemma="|important|" pos="JJ" wid="3">important</w>
  <w id="4" lemma="|it|" pos="PRP" wid="4">it</w>
  <w id="5" lemma="|be|" pos="VBZ" wid="5">is</w>
  <w id="6" lemma="|in|" pos="IN" wid="6">in</w>
  <w id="7" lemma="|the|" pos="DT" wid="7">the</w>
  <w id="8" lemma="|most|" pos="RBS" wid="8">most</w>
  <w id="9" lemma="|delicate|" pos="JJ" wid="9">delicate</w>
  <w id="10" lemma="|moment|" pos="NNS" wid="10">moments</w>
  <w id="11" lemma="|to|" pos="TO" wid="11">to</w>
  <w id="12" lemma="|be|" pos="VB" wid="12">be</w>
  <w id="13" lemma="|able|" pos="JJ" wid="13">able</w>
  <w id="14" lemma="|to|" pos="TO" wid="14">to</w>
  <w id="15" lemma="|count|" pos="VB" wid="15">count</w>
  <w id="16" lemma="|on|" pos="IN" wid="16">on</w>
  <w id="17" lemma="|the|" pos="DT" wid="17">the</w>
  <w id="18" lemma="|advice|" pos="NN" wid="18">advice</w>
  <w id="19" lemma="|of|" pos="IN" wid="19">of</w>
  <w id="20" lemma="|people|" pos="NNS" wid="20">people</w>
  <w id="21" lemma="|who|" pos="WP" wid="21">who</w>
  <w id="22" lemma="|be|" pos="VBP" wid="22">are</w>
  <w id="23" lemma="|wise|" pos="JJ" wid="23">wise</w>
  <w id="24" lemma="|and|" pos="CC" wid="24">and</w>
  <w id="25" lemma="|who|" pos="WP" wid="25">who</w>
  <w id="26" lemma="|love|" pos="VBP" wid="26">love</w>
  <w id="27" lemma="|we|" pos="PRP" wid="27">us</w>
  <w id="28" lemma="|.|" pos="." wid="28">.</w>
</sentence>
<sentence id="4">
  <w id="0" lemma="|now|" pos="RB" wid="0">Now</w>
  <w id="1" lemma="|,|" pos="," wid="1">,</w>
  <w id="2" lemma="|through|" pos="IN" wid="2">through</w>
  <w id="3" lemma="|the|" pos="DT" wid="3">the</w>
  <w id="4" lemma="|gift|" pos="NN" wid="4">gift</w>
  <w id="5" lemma="|of|" pos="IN" wid="5">of</w>
  <w id="6" lemma="|counsel|" pos="NN" wid="6">counsel</w>
  <w id="7" lemma="|,|" pos="," wid="7">,</w>
  <w id="8" lemma="|it|" pos="PRP" wid="8">it</w>
  <w id="9" lemma="|be|" pos="VBZ" wid="9">is</w>
  <w id="10" lemma="|God|" pos="NNP" wid="10">God</w>
  <w id="11" lemma="|himself|" pos="PRP" wid="11">himself</w>
  <w id="12" lemma="|,|" pos="," wid="12">,</w>
  <w id="13" lemma="|through|" pos="IN" wid="13">through</w>
  <w id="14" lemma="|he|" pos="PRP$" wid="14">his</w>
  <w id="15" lemma="|spirit|" pos="NN" wid="15">spirit</w>
  <w id="16" lemma="|,|" pos="," wid="16">,</w>
  <w id="17" lemma="|who|" pos="WP" wid="17">who</w>
  <w id="18" lemma="|enlighten|" pos="VBZ" wid="18">enlightens</w>
  <w id="19" lemma="|we|" pos="PRP$" wid="19">our</w>
  <w id="20" lemma="|heart|" pos="NN" wid="20">heart</w>
  <w id="21" lemma="|so|" pos="RB" wid="21">so</w>
  <w id="22" lemma="|as|" pos="IN" wid="22">as</w>
  <w id="23" lemma="|to|" pos="TO" wid="23">to</w>
  <w id="24" lemma="|make|" pos="VB" wid="24">make</w>
  <w id="25" lemma="|we|" pos="PRP" wid="25">us</w>
  <w id="26" lemma="|understand|" pos="VB" wid="26">understand</w>
  <w id="27" lemma="|the|" pos="DT" wid="27">the</w>
  <w id="28" lemma="|right|" pos="JJ" wid="28">right</w>
  <w id="29" lemma="|way|" pos="NN" wid="29">way</w>
  <w id="30" lemma="|to|" pos="TO" wid="30">to</w>
  <w id="31" lemma="|speak|" pos="VB" wid="31">speak</w>
  <w id="32" lemma="|and|" pos="CC" wid="32">and</w>
  <w id="33" lemma="|to|" pos="TO" wid="33">to</w>
  <w id="34" lemma="|behave|" pos="VB" wid="34">behave</w>
  <w id="35" lemma="|and|" pos="CC" wid="35">and</w>
  <w id="36" lemma="|the|" pos="DT" wid="36">the</w>
  <w id="37" lemma="|way|" pos="NN" wid="37">way</w>
  <w id="38" lemma="|to|" pos="TO" wid="38">to</w>
  <w id="39" lemma="|follow|" pos="VB" wid="39">follow</w>
  <w id="40" lemma="|.|" pos="." wid="40">.</w>
</sentence>
<sentence id="5">
  <w id="0" lemma="|but|" pos="CC" wid="0">But</w>
  <w id="1" lemma="|how|" pos="WRB" wid="1">how</w>
  <w id="2" lemma="|do|" pos="VBZ" wid="2">does</w>
  <w id="3" lemma="|this|" pos="DT" wid="3">this</w>
  <w id="4" lemma="|gift|" pos="NN" wid="4">gift</w>
  <w id="5" lemma="|work|" pos="NN" wid="5">work</w>
  <w id="6" lemma="|in|" pos="IN" wid="6">in</w>
  <w id="7" lemma="|we|" pos="PRP" wid="7">us</w>
  <w id="8" lemma="|?|" pos="." wid="8">?</w>
</sentence>
<sentence id="6">
  <w id="0" lemma="|1|" pos="CD" wid="0">1</w>
  <w id="1" lemma="|.|" pos="." wid="1">.</w>
</sentence>
<sentence id="7">
  <w id="0" lemma="|when|" pos="WRB" wid="0">When</w>
  <w id="1" lemma="|we|" pos="PRP" wid="1">we</w>
  <w id="2" lemma="|receive|" pos="VBP" wid="2">receive</w>
  <w id="3" lemma="|and|" pos="CC" wid="3">and</w>
  <w id="4" lemma="|welcome|" pos="VBP" wid="4">welcome</w>
  <w id="5" lemma="|he|" pos="PRP" wid="5">him</w>
  <w id="6" lemma="|into|" pos="IN" wid="6">into</w>
  <w id="7" lemma="|we|" pos="PRP$" wid="7">our</w>
  <w id="8" lemma="|heart|" pos="NN" wid="8">heart</w>
  <w id="9" lemma="|,|" pos="," wid="9">,</w>
  <w id="10" lemma="|the|" pos="DT" wid="10">the</w>
  <w id="11" lemma="|Holy|" pos="NNP" wid="11">Holy</w>
  <w id="12" lemma="|Spirit|" pos="NNP" wid="12">Spirit</w>
  <w id="13" lemma="|immediately|" pos="RB" wid="13">immediately</w>
  <w id="14" lemma="|begin|" pos="VBZ" wid="14">begins</w>
  <w id="15" lemma="|to|" pos="TO" wid="15">to</w>
  <w id="16" lemma="|make|" pos="VB" wid="16">make</w>
  <w id="17" lemma="|we|" pos="PRP" wid="17">us</w>
  <w id="18" lemma="|sensitive|" pos="JJ" wid="18">sensitive</w>
  <w id="19" lemma="|to|" pos="TO" wid="19">to</w>
  <w id="20" lemma="|he|" pos="PRP$" wid="20">his</w>
  <w id="21" lemma="|voice|" pos="NN" wid="21">voice</w>
  <w id="22" lemma="|and|" pos="CC" wid="22">and</w>
  <w id="23" lemma="|to|" pos="TO" wid="23">to</w>
  <w id="24" lemma="|guide|" pos="VB" wid="24">guide</w>
  <w id="25" lemma="|we|" pos="PRP$" wid="25">our</w>
  <w id="26" lemma="|thought|" pos="NNS" wid="26">thoughts</w>
  <w id="27" lemma="|,|" pos="," wid="27">,</w>
  <w id="28" lemma="|we|" pos="PRP$" wid="28">our</w>
  <w id="29" lemma="|feeling|" pos="NNS" wid="29">feelings</w>
  <w id="30" lemma="|and|" pos="CC" wid="30">and</w>
  <w id="31" lemma="|we|" pos="PRP$" wid="31">our</w>
  <w id="32" lemma="|intention|" pos="NNS" wid="32">intentions</w>
  <w id="33" lemma="|accord|" pos="VBG" wid="33">according</w>
  <w id="34" lemma="|to|" pos="TO" wid="34">to</w>
  <w id="35" lemma="|the|" pos="DT" wid="35">the</w>
  <w id="36" lemma="|heart|" pos="NN" wid="36">heart</w>
  <w id="37" lemma="|of|" pos="IN" wid="37">of</w>
  <w id="38" lemma="|God|" pos="NNP" wid="38">God</w>
  <w id="39" lemma="|.|" pos="." wid="39">.</w>
</sentence>
<sentence id="8">
  <w id="0" lemma="|at|" pos="IN" wid="0">At</w>
  <w id="1" lemma="|the|" pos="DT" wid="1">the</w>
  <w id="2" lemma="|same|" pos="JJ" wid="2">same</w>
  <w id="3" lemma="|time|" pos="NN" wid="3">time</w>
  <w id="4" lemma="|,|" pos="," wid="4">,</w>
  <w id="5" lemma="|he|" pos="PRP" wid="5">he</w>
  <w id="6" lemma="|lead|" pos="VBZ" wid="6">leads</w>
  <w id="7" lemma="|we|" pos="PRP" wid="7">us</w>
  <w id="8" lemma="|more|" pos="JJR" wid="8">more</w>
  <w id="9" lemma="|and|" pos="CC" wid="9">and</w>
  <w id="10" lemma="|more|" pos="JJR" wid="10">more</w>
  <w id="11" lemma="|to|" pos="TO" wid="11">to</w>
  <w id="12" lemma="|turn|" pos="VB" wid="12">turn</w>
  <w id="13" lemma="|we|" pos="PRP$" wid="13">our</w>
  <w id="14" lemma="|interior|" pos="NN" wid="14">interior</w>
  <w id="15" lemma="|gaze|" pos="VB" wid="15">gaze</w>
  <w id="16" lemma="|to|" pos="TO" wid="16">to</w>
  <w id="17" lemma="|Jesus|" pos="NNP" wid="17">Jesus</w>
  <w id="18" lemma="|,|" pos="," wid="18">,</w>
  <w id="19" lemma="|as|" pos="IN" wid="19">as</w>
  <w id="20" lemma="|the|" pos="DT" wid="20">the</w>
  <w id="21" lemma="|model|" pos="NN" wid="21">model</w>
  <w id="22" lemma="|of|" pos="IN" wid="22">of</w>
  <w id="23" lemma="|we|" pos="PRP$" wid="23">our</w>
  <w id="24" lemma="|way|" pos="NN" wid="24">way</w>
  <w id="25" lemma="|of|" pos="IN" wid="25">of</w>
  <w id="26" lemma="|act|" pos="VBG" wid="26">acting</w>
  <w id="27" lemma="|and|" pos="CC" wid="27">and</w>
  <w id="28" lemma="|of|" pos="IN" wid="28">of</w>
  <w id="29" lemma="|relate|" pos="VBG" wid="29">relating</w>
  <w id="30" lemma="|with|" pos="IN" wid="30">with</w>
  <w id="31" lemma="|God|" pos="NNP" wid="31">God</w>
  <w id="32" lemma="|the|" pos="DT" wid="32">the</w>
  <w id="33" lemma="|Father|" pos="NNP" wid="33">Father</w>
  <w id="34" lemma="|and|" pos="CC" wid="34">and</w>
  <w id="35" lemma="|with|" pos="IN" wid="35">with</w>
  <w id="36" lemma="|the|" pos="DT" wid="36">the</w>
  <w id="37" lemma="|brethren|" pos="NNS" wid="37">brethren</w>
  <w id="38" lemma="|.|" pos="." wid="38">.</w>
</sentence>
<sentence id="9">
  <w id="0" lemma="|Counsel|" pos="NNP" wid="0">Counsel</w>
  <w id="1" lemma="|,|" pos="," wid="1">,</w>
  <w id="2" lemma="|then|" pos="RB" wid="2">then</w>
  <w id="3" lemma="|,|" pos="," wid="3">,</w>
  <w id="4" lemma="|be|" pos="VBZ" wid="4">is</w>
  <w id="5" lemma="|the|" pos="DT" wid="5">the</w>
  <w id="6" lemma="|gift|" pos="NN" wid="6">gift</w>
  <w id="7" lemma="|through|" pos="IN" wid="7">through</w>
  <w id="8" lemma="|which|" pos="WDT" wid="8">which</w>
  <w id="9" lemma="|the|" pos="DT" wid="9">the</w>
  <w id="10" lemma="|Holy|" pos="NNP" wid="10">Holy</w>
  <w id="11" lemma="|Spirit|" pos="NNP" wid="11">Spirit</w>
  <w id="12" lemma="|enable|" pos="VBZ" wid="12">enables</w>
  <w id="13" lemma="|we|" pos="PRP$" wid="13">our</w>
  <w id="14" lemma="|conscience|" pos="NN" wid="14">conscience</w>
  <w id="15" lemma="|to|" pos="TO" wid="15">to</w>
  <w id="16" lemma="|make|" pos="VB" wid="16">make</w>
  <w id="17" lemma="|a|" pos="DT" wid="17">a</w>
  <w id="18" lemma="|concrete|" pos="JJ" wid="18">concrete</w>
  <w id="19" lemma="|choice|" pos="NN" wid="19">choice</w>
  <w id="20" lemma="|in|" pos="IN" wid="20">in</w>
  <w id="21" lemma="|communion|" pos="NN" wid="21">communion</w>
  <w id="22" lemma="|with|" pos="IN" wid="22">with</w>
  <w id="23" lemma="|God|" pos="NNP" wid="23">God</w>
  <w id="24" lemma="|,|" pos="," wid="24">,</w>
  <w id="25" lemma="|accord|" pos="VBG" wid="25">according</w>
  <w id="26" lemma="|to|" pos="TO" wid="26">to</w>
  <w id="27" lemma="|the|" pos="DT" wid="27">the</w>
  <w id="28" lemma="|logic|" pos="NN" wid="28">logic</w>
  <w id="29" lemma="|of|" pos="IN" wid="29">of</w>
  <w id="30" lemma="|Jesus|" pos="NNP" wid="30">Jesus</w>
  <w id="31" lemma="|and|" pos="CC" wid="31">and</w>
  <w id="32" lemma="|he|" pos="PRP$" wid="32">his</w>
  <w id="33" lemma="|Gospel|" pos="NNP" wid="33">Gospel</w>
  <w id="34" lemma="|.|" pos="." wid="34">.</w>
</sentence>
<sentence id="10">
  <w id="0" lemma="|in|" pos="IN" wid="0">In</w>
  <w id="1" lemma="|this|" pos="DT" wid="1">this</w>
  <w id="2" lemma="|way|" pos="NN" wid="2">way</w>
  <w id="3" lemma="|,|" pos="," wid="3">,</w>
  <w id="4" lemma="|the|" pos="DT" wid="4">the</w>
  <w id="5" lemma="|Spirit|" pos="NNP" wid="5">Spirit</w>
  <w id="6" lemma="|make|" pos="VBZ" wid="6">makes</w>
  <w id="7" lemma="|we|" pos="PRP" wid="7">us</w>
  <w id="8" lemma="|grow|" pos="VB" wid="8">grow</w>
  <w id="9" lemma="|interiorly|" pos="RB" wid="9">interiorly</w>
  <w id="10" lemma="|,|" pos="," wid="10">,</w>
  <w id="11" lemma="|he|" pos="PRP" wid="11">he</w>
  <w id="12" lemma="|make|" pos="VBZ" wid="12">makes</w>
  <w id="13" lemma="|we|" pos="PRP" wid="13">us</w>
  <w id="14" lemma="|grow|" pos="VB" wid="14">grow</w>
  <w id="15" lemma="|positively|" pos="RB" wid="15">positively</w>
  <w id="16" lemma="|,|" pos="," wid="16">,</w>
  <w id="17" lemma="|he|" pos="PRP" wid="17">he</w>
  <w id="18" lemma="|make|" pos="VBZ" wid="18">makes</w>
  <w id="19" lemma="|we|" pos="PRP" wid="19">us</w>
  <w id="20" lemma="|grow|" pos="VB" wid="20">grow</w>
  <w id="21" lemma="|in|" pos="IN" wid="21">in</w>
  <w id="22" lemma="|the|" pos="DT" wid="22">the</w>
  <w id="23" lemma="|community|" pos="NN" wid="23">community</w>
  <w id="24" lemma="|and|" pos="CC" wid="24">and</w>
  <w id="25" lemma="|he|" pos="PRP" wid="25">he</w>
  <w id="26" lemma="|help|" pos="VBZ" wid="26">helps</w>
  <w id="27" lemma="|we|" pos="PRP" wid="27">us</w>
  <w id="28" lemma="|not|" pos="RB" wid="28">not</w>
  <w id="29" lemma="|to|" pos="TO" wid="29">to</w>
  <w id="30" lemma="|fall|" pos="VB" wid="30">fall</w>
  <w id="31" lemma="|prey|" pos="NN" wid="31">prey</w>
  <w id="32" lemma="|to|" pos="TO" wid="32">to</w>
  <w id="33" lemma="|self-centredness|" pos="NN" wid="33">self-centredness</w>
  <w id="34" lemma="|and|" pos="CC" wid="34">and</w>
  <w id="35" lemma="|one|" pos="NN" wid="35">one</w>
  <w id="36" lemma="|'s|" pos="POS" wid="36">'s</w>
  <w id="37" lemma="|own|" pos="JJ" wid="37">own</w>
  <w id="38" lemma="|way|" pos="NN" wid="38">way</w>
  <w id="39" lemma="|of|" pos="IN" wid="39">of</w>
  <w id="40" lemma="|see|" pos="VBG" wid="40">seeing</w>
  <w id="41" lemma="|thing|" pos="NNS" wid="41">things</w>
  <w id="42" lemma="|.|" pos="." wid="42">.</w>
</sentence>
<sentence id="11">
  <w id="0" lemma="|thus|" pos="RB" wid="0">Thus</w>
  <w id="1" lemma="|the|" pos="DT" wid="1">the</w>
  <w id="2" lemma="|spirit|" pos="NN" wid="2">Spirit</w>
  <w id="3" lemma="|help|" pos="VBZ" wid="3">helps</w>
  <w id="4" lemma="|we|" pos="PRP" wid="4">us</w>
  <w id="5" lemma="|to|" pos="TO" wid="5">to</w>
  <w id="6" lemma="|grow|" pos="VB" wid="6">grow</w>
  <w id="7" lemma="|and|" pos="CC" wid="7">and</w>
  <w id="8" lemma="|also|" pos="RB" wid="8">also</w>
  <w id="9" lemma="|to|" pos="TO" wid="9">to</w>
  <w id="10" lemma="|live|" pos="VB" wid="10">live</w>
  <w id="11" lemma="|in|" pos="IN" wid="11">in</w>
  <w id="12" lemma="|community|" pos="NN" wid="12">community</w>
  <w id="13" lemma="|.|" pos="." wid="13">.</w>
</sentence>
<sentence id="12">
  <w id="0" lemma="|the|" pos="DT" wid="0">The</w>
  <w id="1" lemma="|essential|" pos="JJ" wid="1">essential</w>
  <w id="2" lemma="|condition|" pos="NN" wid="2">condition</w>
  <w id="3" lemma="|for|" pos="IN" wid="3">for</w>
  <w id="4" lemma="|preserve|" pos="VBG" wid="4">preserving</w>
  <w id="5" lemma="|this|" pos="DT" wid="5">this</w>
  <w id="6" lemma="|gift|" pos="NN" wid="6">gift</w>
  <w id="7" lemma="|be|" pos="VBZ" wid="7">is</w>
  <w id="8" lemma="|prayer|" pos="NN" wid="8">prayer</w>
  <w id="9" lemma="|.|" pos="." wid="9">.</w>
</sentence>
<sentence id="13">
  <w id="0" lemma="|we|" pos="PRP" wid="0">We</w>
  <w id="1" lemma="|always|" pos="RB" wid="1">always</w>
  <w id="2" lemma="|return|" pos="VB" wid="2">return</w>
  <w id="3" lemma="|to|" pos="TO" wid="3">to</w>
  <w id="4" lemma="|the|" pos="DT" wid="4">the</w>
  <w id="5" lemma="|same|" pos="JJ" wid="5">same</w>
  <w id="6" lemma="|theme|" pos="NN" wid="6">theme</w>
  <w id="7" lemma="|:|" pos=":" wid="7">:</w>
  <w id="8" lemma="|prayer|" pos="NN" wid="8">prayer</w>
  <w id="9" lemma="|!|" pos="." wid="9">!</w>
</sentence>
<sentence id="14">
  <w id="0" lemma="|yet|" pos="CC" wid="0">Yet</w>
  <w id="1" lemma="|prayer|" pos="NN" wid="1">prayer</w>
  <w id="2" lemma="|be|" pos="VBZ" wid="2">is</w>
  <w id="3" lemma="|so|" pos="RB" wid="3">so</w>
  <w id="4" lemma="|important|" pos="JJ" wid="4">important</w>
  <w id="5" lemma="|.|" pos="." wid="5">.</w>
</sentence>
<sentence id="15">
  <w id="0" lemma="|to|" pos="TO" wid="0">To</w>
  <w id="1" lemma="|pray|" pos="VB" wid="1">pray</w>
  <w id="2" lemma="|with|" pos="IN" wid="2">with</w>
  <w id="3" lemma="|the|" pos="DT" wid="3">the</w>
  <w id="4" lemma="|prayer|" pos="NNS" wid="4">prayers</w>
  <w id="5" lemma="|that|" pos="IN" wid="5">that</w>
  <w id="6" lemma="|we|" pos="PRP" wid="6">we</w>
  <w id="7" lemma="|all|" pos="DT" wid="7">all</w>
  <w id="8" lemma="|learn|" pos="VBD" wid="8">learned</w>
  <w id="9" lemma="|as|" pos="IN" wid="9">as</w>
  <w id="10" lemma="|child|" pos="NNS" wid="10">children</w>
  <w id="11" lemma="|,|" pos="," wid="11">,</w>
  <w id="12" lemma="|but|" pos="CC" wid="12">but</w>
  <w id="13" lemma="|also|" pos="RB" wid="13">also</w>
  <w id="14" lemma="|to|" pos="TO" wid="14">to</w>
  <w id="15" lemma="|pray|" pos="VB" wid="15">pray</w>
  <w id="16" lemma="|in|" pos="IN" wid="16">in</w>
  <w id="17" lemma="|we|" pos="PRP$" wid="17">our</w>
  <w id="18" lemma="|own|" pos="JJ" wid="18">own</w>
  <w id="19" lemma="|word|" pos="NNS" wid="19">words</w>
  <w id="20" lemma="|.|" pos="." wid="20">.</w>
</sentence>
<sentence id="16">
  <w id="0" lemma="|to|" pos="TO" wid="0">To</w>
  <w id="1" lemma="|ask|" pos="VB" wid="1">ask</w>
  <w id="2" lemma="|the|" pos="DT" wid="2">the</w>
  <w id="3" lemma="|Lord|" pos="NNP" wid="3">Lord</w>
  <w id="4" lemma="|:|" pos=":" wid="4">:</w>
  <w id="5" lemma="|``|" pos="``" wid="5">``</w>
  <w id="6" lemma="|Lord|" pos="NNP" wid="6">Lord</w>
  <w id="7" lemma="|,|" pos="," wid="7">,</w>
  <w id="8" lemma="|help|" pos="VB" wid="8">help</w>
  <w id="9" lemma="|I|" pos="PRP" wid="9">me</w>
  <w id="10" lemma="|,|" pos="," wid="10">,</w>
  <w id="11" lemma="|give|" pos="VB" wid="11">give</w>
  <w id="12" lemma="|I|" pos="PRP" wid="12">me</w>
  <w id="13" lemma="|counsel|" pos="NN" wid="13">counsel</w>
  <w id="14" lemma="|,|" pos="," wid="14">,</w>
  <w id="15" lemma="|what|" pos="WP" wid="15">what</w>
  <w id="16" lemma="|must|" pos="MD" wid="16">must</w>
  <w id="17" lemma="|I|" pos="PRP" wid="17">I</w>
  <w id="18" lemma="|do|" pos="VB" wid="18">do</w>
  <w id="19" lemma="|now|" pos="RB" wid="19">now</w>
  <w id="20" lemma="|?|" pos="." wid="20">?</w>
  <w id="21" lemma="|''|" pos="''" wid="21">''</w>
  <w id="22" lemma="|.|" pos="." wid="22">.</w>
</sentence>
<sentence id="17">
  <w id="0" lemma="|and|" pos="CC" wid="0">And</w>
  <w id="1" lemma="|through|" pos="IN" wid="1">through</w>
  <w id="2" lemma="|prayer|" pos="NN" wid="2">prayer</w>
  <w id="3" lemma="|we|" pos="PRP" wid="3">we</w>
  <w id="4" lemma="|make|" pos="VBP" wid="4">make</w>
  <w id="5" lemma="|space|" pos="NN" wid="5">space</w>
  <w id="6" lemma="|so|" pos="IN" wid="6">so</w>
  <w id="7" lemma="|that|" pos="IN" wid="7">that</w>
  <w id="8" lemma="|the|" pos="DT" wid="8">the</w>
  <w id="9" lemma="|spirit|" pos="NN" wid="9">Spirit</w>
  <w id="10" lemma="|may|" pos="MD" wid="10">may</w>
  <w id="11" lemma="|come|" pos="VB" wid="11">come</w>
  <w id="12" lemma="|and|" pos="CC" wid="12">and</w>
  <w id="13" lemma="|help|" pos="VB" wid="13">help</w>
  <w id="14" lemma="|we|" pos="PRP" wid="14">us</w>
  <w id="15" lemma="|in|" pos="IN" wid="15">in</w>
  <w id="16" lemma="|that|" pos="DT" wid="16">that</w>
  <w id="17" lemma="|moment|" pos="NN" wid="17">moment</w>
  <w id="18" lemma="|,|" pos="," wid="18">,</w>
  <w id="19" lemma="|that|" pos="IN" wid="19">that</w>
  <w id="20" lemma="|he|" pos="PRP" wid="20">he</w>
  <w id="21" lemma="|may|" pos="MD" wid="21">may</w>
  <w id="22" lemma="|counsel|" pos="NN" wid="22">counsel</w>
  <w id="23" lemma="|we|" pos="PRP" wid="23">us</w>
  <w id="24" lemma="|on|" pos="IN" wid="24">on</w>
  <w id="25" lemma="|what|" pos="WP" wid="25">what</w>
  <w id="26" lemma="|we|" pos="PRP" wid="26">we</w>
  <w id="27" lemma="|all|" pos="DT" wid="27">all</w>
  <w id="28" lemma="|must|" pos="MD" wid="28">must</w>
  <w id="29" lemma="|do|" pos="VB" wid="29">do</w>
  <w id="30" lemma="|.|" pos="." wid="30">.</w>
</sentence>
<sentence id="18">
  <w id="0" lemma="|prayer|" pos="NN" wid="0">Prayer</w>
  <w id="1" lemma="|!|" pos="." wid="1">!</w>
</sentence>
<sentence id="19">
  <w id="0" lemma="|never|" pos="RB" wid="0">Never</w>
  <w id="1" lemma="|forget|" pos="VB" wid="1">forget</w>
  <w id="2" lemma="|prayer|" pos="NN" wid="2">prayer</w>
  <w id="3" lemma="|.|" pos="." wid="3">.</w>
</sentence>
<sentence id="20">
  <w id="0" lemma="|never|" pos="RB" wid="0">Never</w>
  <w id="1" lemma="|!|" pos="." wid="1">!</w>
</sentence>
<sentence id="21">
  <w id="0" lemma="|no|" pos="DT" wid="0">No</w>
  <w id="1" lemma="|one|" pos="NN" wid="1">one</w>
  <w id="2" lemma="|,|" pos="," wid="2">,</w>
  <w id="3" lemma="|no|" pos="DT" wid="3">no</w>
  <w id="4" lemma="|one|" pos="NN" wid="4">one</w>
  <w id="5" lemma="|realize|" pos="VBZ" wid="5">realizes</w>
  <w id="6" lemma="|when|" pos="WRB" wid="6">when</w>
  <w id="7" lemma="|we|" pos="PRP" wid="7">we</w>
  <w id="8" lemma="|pray|" pos="VBP" wid="8">pray</w>
  <w id="9" lemma="|on|" pos="IN" wid="9">on</w>
  <w id="10" lemma="|the|" pos="DT" wid="10">the</w>
  <w id="11" lemma="|bus|" pos="NN" wid="11">bus</w>
  <w id="12" lemma="|,|" pos="," wid="12">,</w>
  <w id="13" lemma="|on|" pos="IN" wid="13">on</w>
  <w id="14" lemma="|the|" pos="DT" wid="14">the</w>
  <w id="15" lemma="|road|" pos="NN" wid="15">road</w>
  <w id="16" lemma="|:|" pos=":" wid="16">:</w>
  <w id="17" lemma="|we|" pos="PRP" wid="17">we</w>
  <w id="18" lemma="|pray|" pos="VBP" wid="18">pray</w>
  <w id="19" lemma="|in|" pos="IN" wid="19">in</w>
  <w id="20" lemma="|the|" pos="DT" wid="20">the</w>
  <w id="21" lemma="|silence|" pos="NN" wid="21">silence</w>
  <w id="22" lemma="|of|" pos="IN" wid="22">of</w>
  <w id="23" lemma="|we|" pos="PRP$" wid="23">our</w>
  <w id="24" lemma="|heart|" pos="NN" wid="24">heart</w>
  <w id="25" lemma="|.|" pos="." wid="25">.</w>
</sentence>
<sentence id="22">
  <w id="0" lemma="|let|" pos="VB" wid="0">Let</w>
  <w id="1" lemma="|we|" pos="PRP" wid="1">us</w>
  <w id="2" lemma="|take|" pos="VB" wid="2">take</w>
  <w id="3" lemma="|advantage|" pos="NN" wid="3">advantage</w>
  <w id="4" lemma="|of|" pos="IN" wid="4">of</w>
  <w id="5" lemma="|these|" pos="DT" wid="5">these</w>
  <w id="6" lemma="|moment|" pos="NNS" wid="6">moments</w>
  <w id="7" lemma="|to|" pos="TO" wid="7">to</w>
  <w id="8" lemma="|pray|" pos="VB" wid="8">pray</w>
  <w id="9" lemma="|,|" pos="," wid="9">,</w>
  <w id="10" lemma="|pray|" pos="VB" wid="10">pray</w>
  <w id="11" lemma="|that|" pos="IN" wid="11">that</w>
  <w id="12" lemma="|the|" pos="DT" wid="12">the</w>
  <w id="13" lemma="|spirit|" pos="NN" wid="13">Spirit</w>
  <w id="14" lemma="|give|" pos="VBP" wid="14">give</w>
  <w id="15" lemma="|we|" pos="PRP" wid="15">us</w>
  <w id="16" lemma="|the|" pos="DT" wid="16">the</w>
  <w id="17" lemma="|gift|" pos="NN" wid="17">gift</w>
  <w id="18" lemma="|of|" pos="IN" wid="18">of</w>
  <w id="19" lemma="|counsel|" pos="NN" wid="19">counsel</w>
  <w id="20" lemma="|.|" pos="." wid="20">.</w>
</sentence>
<sentence id="23">
  <w id="0" lemma="|in|" pos="IN" wid="0">In</w>
  <w id="1" lemma="|intimacy|" pos="NN" wid="1">intimacy</w>
  <w id="2" lemma="|with|" pos="IN" wid="2">with</w>
  <w id="3" lemma="|God|" pos="NNP" wid="3">God</w>
  <w id="4" lemma="|and|" pos="CC" wid="4">and</w>
  <w id="5" lemma="|in|" pos="IN" wid="5">in</w>
  <w id="6" lemma="|listen|" pos="VBG" wid="6">listening</w>
  <w id="7" lemma="|to|" pos="TO" wid="7">to</w>
  <w id="8" lemma="|he|" pos="PRP$" wid="8">his</w>
  <w id="9" lemma="|word|" pos="NN" wid="9">Word</w>
  <w id="10" lemma="|,|" pos="," wid="10">,</w>
  <w id="11" lemma="|little|" pos="JJ" wid="11">little</w>
  <w id="12" lemma="|by|" pos="IN" wid="12">by</w>
  <w id="13" lemma="|little|" pos="JJ" wid="13">little</w>
  <w id="14" lemma="|we|" pos="PRP" wid="14">we</w>
  <w id="15" lemma="|put|" pos="VBP" wid="15">put</w>
  <w id="16" lemma="|aside|" pos="RB" wid="16">aside</w>
  <w id="17" lemma="|we|" pos="PRP$" wid="17">our</w>
  <w id="18" lemma="|own|" pos="JJ" wid="18">own</w>
  <w id="19" lemma="|way|" pos="NN" wid="19">way</w>
  <w id="20" lemma="|of|" pos="IN" wid="20">of</w>
  <w id="21" lemma="|thinking|" pos="NN" wid="21">thinking</w>
  <w id="22" lemma="|,|" pos="," wid="22">,</w>
  <w id="23" lemma="|which|" pos="WDT" wid="23">which</w>
  <w id="24" lemma="|be|" pos="VBZ" wid="24">is</w>
  <w id="25" lemma="|most|" pos="RBS" wid="25">most</w>
  <w id="26" lemma="|often|" pos="RB" wid="26">often</w>
  <w id="27" lemma="|dictate|" pos="VBN" wid="27">dictated</w>
  <w id="28" lemma="|by|" pos="IN" wid="28">by</w>
  <w id="29" lemma="|we|" pos="PRP$" wid="29">our</w>
  <w id="30" lemma="|closure|" pos="NNS" wid="30">closures</w>
  <w id="31" lemma="|,|" pos="," wid="31">,</w>
  <w id="32" lemma="|by|" pos="IN" wid="32">by</w>
  <w id="33" lemma="|we|" pos="PRP$" wid="33">our</w>
  <w id="34" lemma="|prejudice|" pos="NN" wid="34">prejudice</w>
  <w id="35" lemma="|and|" pos="CC" wid="35">and</w>
  <w id="36" lemma="|by|" pos="IN" wid="36">by</w>
  <w id="37" lemma="|we|" pos="PRP$" wid="37">our</w>
  <w id="38" lemma="|ambition|" pos="NNS" wid="38">ambitions</w>
  <w id="39" lemma="|,|" pos="," wid="39">,</w>
  <w id="40" lemma="|and|" pos="CC" wid="40">and</w>
  <w id="41" lemma="|we|" pos="PRP" wid="41">we</w>
  <w id="42" lemma="|learn|" pos="VBP" wid="42">learn</w>
  <w id="43" lemma="|instead|" pos="RB" wid="43">instead</w>
  <w id="44" lemma="|to|" pos="TO" wid="44">to</w>
  <w id="45" lemma="|ask|" pos="VB" wid="45">ask</w>
  <w id="46" lemma="|the|" pos="DT" wid="46">the</w>
  <w id="47" lemma="|Lord|" pos="NNP" wid="47">Lord</w>
  <w id="48" lemma="|:|" pos=":" wid="48">:</w>
  <w id="49" lemma="|what|" pos="WP" wid="49">what</w>
  <w id="50" lemma="|be|" pos="VBZ" wid="50">is</w>
  <w id="51" lemma="|you|" pos="PRP$" wid="51">your</w>
  <w id="52" lemma="|desire|" pos="NN" wid="52">desire</w>
  <w id="53" lemma="|?|" pos="." wid="53">?</w>
</sentence>
<sentence id="24">
  <w id="0" lemma="|what|" pos="WP" wid="0">What</w>
  <w id="1" lemma="|be|" pos="VBZ" wid="1">is</w>
  <w id="2" lemma="|you|" pos="PRP$" wid="2">your</w>
  <w id="3" lemma="|will|" pos="NN" wid="3">will</w>
  <w id="4" lemma="|?|" pos="." wid="4">?</w>
</sentence>
<sentence id="25">
  <w id="0" lemma="|what|" pos="WP" wid="0">What</w>
  <w id="1" lemma="|please|" pos="VBZ" wid="1">pleases</w>
  <w id="2" lemma="|you|" pos="PRP" wid="2">you</w>
  <w id="3" lemma="|?|" pos="." wid="3">?</w>
</sentence>
<sentence id="26">
  <w id="0" lemma="|in|" pos="IN" wid="0">In</w>
  <w id="1" lemma="|this|" pos="DT" wid="1">this</w>
  <w id="2" lemma="|way|" pos="NN" wid="2">way</w>
  <w id="3" lemma="|a|" pos="DT" wid="3">a</w>
  <w id="4" lemma="|deep|" pos="JJ" wid="4">deep</w>
  <w id="5" lemma="|,|" pos="," wid="5">,</w>
  <w id="6" lemma="|almost|" pos="RB" wid="6">almost</w>
  <w id="7" lemma="|connatural|" pos="JJ" wid="7">connatural</w>
  <w id="8" lemma="|harmony|" pos="NN" wid="8">harmony</w>
  <w id="9" lemma="|in|" pos="IN" wid="9">in</w>
  <w id="10" lemma="|the|" pos="DT" wid="10">the</w>
  <w id="11" lemma="|spirit|" pos="NN" wid="11">Spirit</w>
  <w id="12" lemma="|grow|" pos="VBZ" wid="12">grows</w>
  <w id="13" lemma="|and|" pos="CC" wid="13">and</w>
  <w id="14" lemma="|develop|" pos="VBZ" wid="14">develops</w>
  <w id="15" lemma="|within|" pos="IN" wid="15">within</w>
  <w id="16" lemma="|we|" pos="PRP" wid="16">us</w>
  <w id="17" lemma="|and|" pos="CC" wid="17">and</w>
  <w id="18" lemma="|we|" pos="PRP" wid="18">we</w>
  <w id="19" lemma="|experience|" pos="VBP" wid="19">experience</w>
  <w id="20" lemma="|how|" pos="WRB" wid="20">how</w>
  <w id="21" lemma="|true|" pos="JJ" wid="21">true</w>
  <w id="22" lemma="|the|" pos="DT" wid="22">the</w>
  <w id="23" lemma="|word|" pos="NNS" wid="23">words</w>
  <w id="24" lemma="|of|" pos="IN" wid="24">of</w>
  <w id="25" lemma="|Jesus|" pos="NNP" wid="25">Jesus</w>
  <w id="26" lemma="|be|" pos="VBP" wid="26">are</w>
  <w id="27" lemma="|that|" pos="WDT" wid="27">that</w>
  <w id="28" lemma="|be|" pos="VBP" wid="28">are</w>
  <w id="29" lemma="|report|" pos="VBN" wid="29">reported</w>
  <w id="30" lemma="|in|" pos="IN" wid="30">in</w>
  <w id="31" lemma="|the|" pos="DT" wid="31">the</w>
  <w id="32" lemma="|Gospel|" pos="NNP" wid="32">Gospel</w>
  <w id="33" lemma="|of|" pos="IN" wid="33">of</w>
  <w id="34" lemma="|Matthew|" pos="NNP" wid="34">Matthew</w>
  <w id="35" lemma="|:|" pos=":" wid="35">:</w>
  <w id="36" lemma="|``|" pos="``" wid="36">``</w>
  <w id="37" lemma="|do|" pos="VBP" wid="37">do</w>
  <w id="38" lemma="|not|" pos="RB" wid="38">not</w>
  <w id="39" lemma="|be|" pos="VB" wid="39">be</w>
  <w id="40" lemma="|anxious|" pos="JJ" wid="40">anxious</w>
  <w id="41" lemma="|how|" pos="WRB" wid="41">how</w>
  <w id="42" lemma="|you|" pos="PRP" wid="42">you</w>
  <w id="43" lemma="|be|" pos="VBP" wid="43">are</w>
  <w id="44" lemma="|to|" pos="TO" wid="44">to</w>
  <w id="45" lemma="|speak|" pos="VB" wid="45">speak</w>
  <w id="46" lemma="|or|" pos="CC" wid="46">or</w>
  <w id="47" lemma="|what|" pos="WP" wid="47">what</w>
  <w id="48" lemma="|you|" pos="PRP" wid="48">you</w>
  <w id="49" lemma="|be|" pos="VBP" wid="49">are</w>
  <w id="50" lemma="|to|" pos="TO" wid="50">to</w>
  <w id="51" lemma="|say|" pos="VB" wid="51">say</w>
  <w id="52" lemma="|;|" pos=":" wid="52">;</w>
  <w id="53" lemma="|for|" pos="IN" wid="53">for</w>
  <w id="54" lemma="|what|" pos="WP" wid="54">what</w>
  <w id="55" lemma="|you|" pos="PRP" wid="55">you</w>
  <w id="56" lemma="|be|" pos="VBP" wid="56">are</w>
  <w id="57" lemma="|to|" pos="TO" wid="57">to</w>
  <w id="58" lemma="|say|" pos="VB" wid="58">say</w>
  <w id="59" lemma="|will|" pos="MD" wid="59">will</w>
  <w id="60" lemma="|be|" pos="VB" wid="60">be</w>
  <w id="61" lemma="|give|" pos="VBN" wid="61">given</w>
  <w id="62" lemma="|to|" pos="TO" wid="62">to</w>
  <w id="63" lemma="|you|" pos="PRP" wid="63">you</w>
  <w id="64" lemma="|in|" pos="IN" wid="64">in</w>
  <w id="65" lemma="|that|" pos="DT" wid="65">that</w>
  <w id="66" lemma="|hour|" pos="NN" wid="66">hour</w>
  <w id="67" lemma="|;|" pos=":" wid="67">;</w>
  <w id="68" lemma="|for|" pos="IN" wid="68">for</w>
  <w id="69" lemma="|it|" pos="PRP" wid="69">it</w>
  <w id="70" lemma="|be|" pos="VBZ" wid="70">is</w>
  <w id="71" lemma="|not|" pos="RB" wid="71">not</w>
  <w id="72" lemma="|you|" pos="PRP" wid="72">you</w>
  <w id="73" lemma="|who|" pos="WP" wid="73">who</w>
  <w id="74" lemma="|speak|" pos="VBP" wid="74">speak</w>
  <w id="75" lemma="|but|" pos="CC" wid="75">but</w>
  <w id="76" lemma="|the|" pos="DT" wid="76">the</w>
  <w id="77" lemma="|spirit|" pos="NN" wid="77">spirit</w>
  <w id="78" lemma="|of|" pos="IN" wid="78">of</w>
  <w id="79" lemma="|you|" pos="PRP$" wid="79">your</w>
  <w id="80" lemma="|Father|" pos="NNP" wid="80">Father</w>
  <w id="81" lemma="|speaking|" pos="NN" wid="81">speaking</w>
  <w id="82" lemma="|through|" pos="IN" wid="82">through</w>
  <w id="83" lemma="|you|" pos="PRP" wid="83">you</w>
  <w id="84" lemma="|''|" pos="''" wid="84">''</w>
  <w id="85" lemma="|-lrb-|" pos="-LRB-" wid="85">-LRB-</w>
  <w id="86" lemma="|10:19|" pos="CD" wid="86">10:19</w>
  <w id="87" lemma="|-20|" pos="CD" wid="87">-20</w>
  <w id="88" lemma="|-rrb-|" pos="-RRB-" wid="88">-RRB-</w>
  <w id="89" lemma="|.|" pos="." wid="89">.</w>
</sentence>
<sentence id="27">
  <w id="0" lemma="|it|" pos="PRP" wid="0">It</w>
  <w id="1" lemma="|be|" pos="VBZ" wid="1">is</w>
  <w id="2" lemma="|the|" pos="DT" wid="2">the</w>
  <w id="3" lemma="|spirit|" pos="NN" wid="3">Spirit</w>
  <w id="4" lemma="|who|" pos="WP" wid="4">who</w>
  <w id="5" lemma="|counsel|" pos="VBZ" wid="5">counsels</w>
  <w id="6" lemma="|we|" pos="PRP" wid="6">us</w>
  <w id="7" lemma="|,|" pos="," wid="7">,</w>
  <w id="8" lemma="|but|" pos="CC" wid="8">but</w>
  <w id="9" lemma="|we|" pos="PRP" wid="9">we</w>
  <w id="10" lemma="|have|" pos="VBP" wid="10">have</w>
  <w id="11" lemma="|to|" pos="TO" wid="11">to</w>
  <w id="12" lemma="|make|" pos="VB" wid="12">make</w>
  <w id="13" lemma="|room|" pos="NN" wid="13">room</w>
  <w id="14" lemma="|for|" pos="IN" wid="14">for</w>
  <w id="15" lemma="|the|" pos="DT" wid="15">the</w>
  <w id="16" lemma="|spirit|" pos="NN" wid="16">Spirit</w>
  <w id="17" lemma="|,|" pos="," wid="17">,</w>
  <w id="18" lemma="|so|" pos="IN" wid="18">so</w>
  <w id="19" lemma="|that|" pos="IN" wid="19">that</w>
  <w id="20" lemma="|he|" pos="PRP" wid="20">he</w>
  <w id="21" lemma="|may|" pos="MD" wid="21">may</w>
  <w id="22" lemma="|counsel|" pos="NN" wid="22">counsel</w>
  <w id="23" lemma="|we|" pos="PRP" wid="23">us</w>
  <w id="24" lemma="|.|" pos="." wid="24">.</w>
</sentence>
<sentence id="28">
  <w id="0" lemma="|and|" pos="CC" wid="0">And</w>
  <w id="1" lemma="|to|" pos="TO" wid="1">to</w>
  <w id="2" lemma="|give|" pos="VB" wid="2">give</w>
  <w id="3" lemma="|space|" pos="NN" wid="3">space</w>
  <w id="4" lemma="|be|" pos="VBZ" wid="4">is</w>
  <w id="5" lemma="|to|" pos="TO" wid="5">to</w>
  <w id="6" lemma="|pray|" pos="VB" wid="6">pray</w>
  <w id="7" lemma="|,|" pos="," wid="7">,</w>
  <w id="8" lemma="|to|" pos="TO" wid="8">to</w>
  <w id="9" lemma="|pray|" pos="VB" wid="9">pray</w>
  <w id="10" lemma="|that|" pos="IN" wid="10">that</w>
  <w id="11" lemma="|he|" pos="PRP" wid="11">he</w>
  <w id="12" lemma="|come|" pos="VB" wid="12">come</w>
  <w id="13" lemma="|and|" pos="CC" wid="13">and</w>
  <w id="14" lemma="|help|" pos="VB" wid="14">help</w>
  <w id="15" lemma="|we|" pos="PRP" wid="15">us</w>
  <w id="16" lemma="|always|" pos="RB" wid="16">always</w>
  <w id="17" lemma="|.|" pos="." wid="17">.</w>
</sentence>
<sentence id="29">
  <w id="0" lemma="|3|" pos="LS" wid="0">3</w>
  <w id="1" lemma="|.|" pos="." wid="1">.</w>
</sentence>
<sentence id="30">
  <w id="0" lemma="|as|" pos="IN" wid="0">As</w>
  <w id="1" lemma="|with|" pos="IN" wid="1">with</w>
  <w id="2" lemma="|all|" pos="DT" wid="2">all</w>
  <w id="3" lemma="|of|" pos="IN" wid="3">of</w>
  <w id="4" lemma="|the|" pos="DT" wid="4">the</w>
  <w id="5" lemma="|other|" pos="JJ" wid="5">other</w>
  <w id="6" lemma="|gift|" pos="NNS" wid="6">gifts</w>
  <w id="7" lemma="|of|" pos="IN" wid="7">of</w>
  <w id="8" lemma="|the|" pos="DT" wid="8">the</w>
  <w id="9" lemma="|spirit|" pos="NN" wid="9">Spirit</w>
  <w id="10" lemma="|,|" pos="," wid="10">,</w>
  <w id="11" lemma="|then|" pos="RB" wid="11">then</w>
  <w id="12" lemma="|,|" pos="," wid="12">,</w>
  <w id="13" lemma="|counsel|" pos="NN" wid="13">counsel</w>
  <w id="14" lemma="|too|" pos="RB" wid="14">too</w>
  <w id="15" lemma="|constitute|" pos="VBZ" wid="15">constitutes</w>
  <w id="16" lemma="|a|" pos="DT" wid="16">a</w>
  <w id="17" lemma="|treasure|" pos="NN" wid="17">treasure</w>
  <w id="18" lemma="|for|" pos="IN" wid="18">for</w>
  <w id="19" lemma="|the|" pos="DT" wid="19">the</w>
  <w id="20" lemma="|whole|" pos="JJ" wid="20">whole</w>
  <w id="21" lemma="|Christian|" pos="NNP" wid="21">Christian</w>
  <w id="22" lemma="|community|" pos="NN" wid="22">community</w>
  <w id="23" lemma="|.|" pos="." wid="23">.</w>
</sentence>
<sentence id="31">
  <w id="0" lemma="|the|" pos="DT" wid="0">The</w>
  <w id="1" lemma="|Lord|" pos="NNP" wid="1">Lord</w>
  <w id="2" lemma="|do|" pos="VBZ" wid="2">does</w>
  <w id="3" lemma="|not|" pos="RB" wid="3">not</w>
  <w id="4" lemma="|only|" pos="RB" wid="4">only</w>
  <w id="5" lemma="|speak|" pos="VB" wid="5">speak</w>
  <w id="6" lemma="|to|" pos="TO" wid="6">to</w>
  <w id="7" lemma="|we|" pos="PRP" wid="7">us</w>
  <w id="8" lemma="|in|" pos="IN" wid="8">in</w>
  <w id="9" lemma="|the|" pos="DT" wid="9">the</w>
  <w id="10" lemma="|intimacy|" pos="NN" wid="10">intimacy</w>
  <w id="11" lemma="|of|" pos="IN" wid="11">of</w>
  <w id="12" lemma="|the|" pos="DT" wid="12">the</w>
  <w id="13" lemma="|heart|" pos="NN" wid="13">heart</w>
  <w id="14" lemma="|;|" pos=":" wid="14">;</w>
  <w id="15" lemma="|yes|" pos="RB" wid="15">yes</w>
  <w id="16" lemma="|,|" pos="," wid="16">,</w>
  <w id="17" lemma="|he|" pos="PRP" wid="17">he</w>
  <w id="18" lemma="|speak|" pos="VBZ" wid="18">speaks</w>
  <w id="19" lemma="|to|" pos="TO" wid="19">to</w>
  <w id="20" lemma="|we|" pos="PRP" wid="20">us</w>
  <w id="21" lemma="|,|" pos="," wid="21">,</w>
  <w id="22" lemma="|but|" pos="CC" wid="22">but</w>
  <w id="23" lemma="|not|" pos="RB" wid="23">not</w>
  <w id="24" lemma="|only|" pos="RB" wid="24">only</w>
  <w id="25" lemma="|there|" pos="RB" wid="25">there</w>
  <w id="26" lemma="|;|" pos=":" wid="26">;</w>
  <w id="27" lemma="|he|" pos="PRP" wid="27">he</w>
  <w id="28" lemma="|also|" pos="RB" wid="28">also</w>
  <w id="29" lemma="|speak|" pos="VBZ" wid="29">speaks</w>
  <w id="30" lemma="|to|" pos="TO" wid="30">to</w>
  <w id="31" lemma="|we|" pos="PRP" wid="31">us</w>
  <w id="32" lemma="|through|" pos="IN" wid="32">through</w>
  <w id="33" lemma="|the|" pos="DT" wid="33">the</w>
  <w id="34" lemma="|voice|" pos="NN" wid="34">voice</w>
  <w id="35" lemma="|and|" pos="CC" wid="35">and</w>
  <w id="36" lemma="|witness|" pos="NN" wid="36">witness</w>
  <w id="37" lemma="|of|" pos="IN" wid="37">of</w>
  <w id="38" lemma="|the|" pos="DT" wid="38">the</w>
  <w id="39" lemma="|brethren|" pos="NNS" wid="39">brethren</w>
  <w id="40" lemma="|.|" pos="." wid="40">.</w>
</sentence>
<sentence id="32">
  <w id="0" lemma="|it|" pos="PRP" wid="0">It</w>
  <w id="1" lemma="|be|" pos="VBZ" wid="1">is</w>
  <w id="2" lemma="|truly|" pos="RB" wid="2">truly</w>
  <w id="3" lemma="|a|" pos="DT" wid="3">a</w>
  <w id="4" lemma="|great|" pos="JJ" wid="4">great</w>
  <w id="5" lemma="|gift|" pos="NN" wid="5">gift</w>
  <w id="6" lemma="|to|" pos="TO" wid="6">to</w>
  <w id="7" lemma="|be|" pos="VB" wid="7">be</w>
  <w id="8" lemma="|able|" pos="JJ" wid="8">able</w>
  <w id="9" lemma="|to|" pos="TO" wid="9">to</w>
  <w id="10" lemma="|meet|" pos="VB" wid="10">meet</w>
  <w id="11" lemma="|man|" pos="NNS" wid="11">men</w>
  <w id="12" lemma="|and|" pos="CC" wid="12">and</w>
  <w id="13" lemma="|woman|" pos="NNS" wid="13">women</w>
  <w id="14" lemma="|of|" pos="IN" wid="14">of</w>
  <w id="15" lemma="|faith|" pos="NN" wid="15">faith</w>
  <w id="16" lemma="|who|" pos="WP" wid="16">who</w>
  <w id="17" lemma="|,|" pos="," wid="17">,</w>
  <w id="18" lemma="|especially|" pos="RB" wid="18">especially</w>
  <w id="19" lemma="|in|" pos="IN" wid="19">in</w>
  <w id="20" lemma="|the|" pos="DT" wid="20">the</w>
  <w id="21" lemma="|most|" pos="RBS" wid="21">most</w>
  <w id="22" lemma="|complicated|" pos="JJ" wid="22">complicated</w>
  <w id="23" lemma="|and|" pos="CC" wid="23">and</w>
  <w id="24" lemma="|important|" pos="JJ" wid="24">important</w>
  <w id="25" lemma="|stage|" pos="NNS" wid="25">stages</w>
  <w id="26" lemma="|of|" pos="IN" wid="26">of</w>
  <w id="27" lemma="|we|" pos="PRP$" wid="27">our</w>
  <w id="28" lemma="|life|" pos="NNS" wid="28">lives</w>
  <w id="29" lemma="|,|" pos="," wid="29">,</w>
  <w id="30" lemma="|help|" pos="VB" wid="30">help</w>
  <w id="31" lemma="|we|" pos="PRP" wid="31">us</w>
  <w id="32" lemma="|to|" pos="TO" wid="32">to</w>
  <w id="33" lemma="|bring|" pos="VB" wid="33">bring</w>
  <w id="34" lemma="|light|" pos="NN" wid="34">light</w>
  <w id="35" lemma="|to|" pos="TO" wid="35">to</w>
  <w id="36" lemma="|we|" pos="PRP$" wid="36">our</w>
  <w id="37" lemma="|heart|" pos="NN" wid="37">heart</w>
  <w id="38" lemma="|and|" pos="CC" wid="38">and</w>
  <w id="39" lemma="|to|" pos="TO" wid="39">to</w>
  <w id="40" lemma="|recognize|" pos="VB" wid="40">recognize</w>
  <w id="41" lemma="|the|" pos="DT" wid="41">the</w>
  <w id="42" lemma="|Lord|" pos="NNP" wid="42">Lord</w>
  <w id="43" lemma="|'s|" pos="POS" wid="43">'s</w>
  <w id="44" lemma="|will|" pos="NN" wid="44">will</w>
  <w id="45" lemma="|!|" pos="." wid="45">!</w>
</sentence>
<sentence id="33">
  <w id="0" lemma="|I|" pos="PRP" wid="0">I</w>
  <w id="1" lemma="|remember|" pos="VBP" wid="1">remember</w>
  <w id="2" lemma="|once|" pos="RB" wid="2">once</w>
  <w id="3" lemma="|at|" pos="IN" wid="3">at</w>
  <w id="4" lemma="|the|" pos="DT" wid="4">the</w>
  <w id="5" lemma="|Shrine|" pos="NNP" wid="5">Shrine</w>
  <w id="6" lemma="|of|" pos="IN" wid="6">of</w>
  <w id="7" lemma="|Luján|" pos="NNP" wid="7">Luján</w>
  <w id="8" lemma="|I|" pos="PRP" wid="8">I</w>
  <w id="9" lemma="|be|" pos="VBD" wid="9">was</w>
  <w id="10" lemma="|in|" pos="IN" wid="10">in</w>
  <w id="11" lemma="|the|" pos="DT" wid="11">the</w>
  <w id="12" lemma="|confessional|" pos="NN" wid="12">confessional</w>
  <w id="13" lemma="|,|" pos="," wid="13">,</w>
  <w id="14" lemma="|where|" pos="WRB" wid="14">where</w>
  <w id="15" lemma="|there|" pos="EX" wid="15">there</w>
  <w id="16" lemma="|be|" pos="VBD" wid="16">was</w>
  <w id="17" lemma="|a|" pos="DT" wid="17">a</w>
  <w id="18" lemma="|long|" pos="JJ" wid="18">long</w>
  <w id="19" lemma="|queue|" pos="NN" wid="19">queue</w>
  <w id="20" lemma="|.|" pos="." wid="20">.</w>
</sentence>
<sentence id="34">
  <w id="0" lemma="|there|" pos="EX" wid="0">There</w>
  <w id="1" lemma="|be|" pos="VBD" wid="1">was</w>
  <w id="2" lemma="|even|" pos="RB" wid="2">even</w>
  <w id="3" lemma="|a|" pos="DT" wid="3">a</w>
  <w id="4" lemma="|very|" pos="RB" wid="4">very</w>
  <w id="5" lemma="|modern|" pos="JJ" wid="5">modern</w>
  <w id="6" lemma="|young|" pos="JJ" wid="6">young</w>
  <w id="7" lemma="|man|" pos="NN" wid="7">man</w>
  <w id="8" lemma="|,|" pos="," wid="8">,</w>
  <w id="9" lemma="|with|" pos="IN" wid="9">with</w>
  <w id="10" lemma="|earring|" pos="NNS" wid="10">earrings</w>
  <w id="11" lemma="|,|" pos="," wid="11">,</w>
  <w id="12" lemma="|tattoo|" pos="NNS" wid="12">tattoos</w>
  <w id="13" lemma="|,|" pos="," wid="13">,</w>
  <w id="14" lemma="|all|" pos="PDT" wid="14">all</w>
  <w id="15" lemma="|these|" pos="DT" wid="15">these</w>
  <w id="16" lemma="|thing|" pos="NNS" wid="16">things</w>
  <w id="17" lemma="|...|" pos=":" wid="17">...</w>
  <w id="18" lemma="|.|" pos="." wid="18">.</w>
</sentence>
<sentence id="35">
  <w id="0" lemma="|and|" pos="CC" wid="0">And</w>
  <w id="1" lemma="|he|" pos="PRP" wid="1">he</w>
  <w id="2" lemma="|come|" pos="VBD" wid="2">came</w>
  <w id="3" lemma="|to|" pos="TO" wid="3">to</w>
  <w id="4" lemma="|tell|" pos="VB" wid="4">tell</w>
  <w id="5" lemma="|I|" pos="PRP" wid="5">me</w>
  <w id="6" lemma="|what|" pos="WP" wid="6">what</w>
  <w id="7" lemma="|be|" pos="VBD" wid="7">was</w>
  <w id="8" lemma="|happen|" pos="VBG" wid="8">happening</w>
  <w id="9" lemma="|to|" pos="TO" wid="9">to</w>
  <w id="10" lemma="|he|" pos="PRP" wid="10">him</w>
  <w id="11" lemma="|.|" pos="." wid="11">.</w>
</sentence>
<sentence id="36">
  <w id="0" lemma="|it|" pos="PRP" wid="0">It</w>
  <w id="1" lemma="|be|" pos="VBD" wid="1">was</w>
  <w id="2" lemma="|a|" pos="DT" wid="2">a</w>
  <w id="3" lemma="|big|" pos="JJ" wid="3">big</w>
  <w id="4" lemma="|and|" pos="CC" wid="4">and</w>
  <w id="5" lemma="|difficult|" pos="JJ" wid="5">difficult</w>
  <w id="6" lemma="|problem|" pos="NN" wid="6">problem</w>
  <w id="7" lemma="|.|" pos="." wid="7">.</w>
</sentence>
<sentence id="37">
  <w id="0" lemma="|and|" pos="CC" wid="0">And</w>
  <w id="1" lemma="|he|" pos="PRP" wid="1">he</w>
  <w id="2" lemma="|say|" pos="VBD" wid="2">said</w>
  <w id="3" lemma="|to|" pos="TO" wid="3">to</w>
  <w id="4" lemma="|I|" pos="PRP" wid="4">me</w>
  <w id="5" lemma="|:|" pos=":" wid="5">:</w>
  <w id="6" lemma="|``|" pos="``" wid="6">``</w>
  <w id="7" lemma="|I|" pos="PRP" wid="7">I</w>
  <w id="8" lemma="|tell|" pos="VBD" wid="8">told</w>
  <w id="9" lemma="|my|" pos="PRP$" wid="9">my</w>
  <w id="10" lemma="|mother|" pos="NN" wid="10">mother</w>
  <w id="11" lemma="|all|" pos="PDT" wid="11">all</w>
  <w id="12" lemma="|this|" pos="DT" wid="12">this</w>
  <w id="13" lemma="|and|" pos="CC" wid="13">and</w>
  <w id="14" lemma="|my|" pos="PRP$" wid="14">my</w>
  <w id="15" lemma="|mother|" pos="NN" wid="15">mother</w>
  <w id="16" lemma="|say|" pos="VBD" wid="16">said</w>
  <w id="17" lemma="|to|" pos="TO" wid="17">to</w>
  <w id="18" lemma="|I|" pos="PRP" wid="18">me</w>
  <w id="19" lemma="|,|" pos="," wid="19">,</w>
  <w id="20" lemma="|go|" pos="VB" wid="20">go</w>
  <w id="21" lemma="|to|" pos="TO" wid="21">to</w>
  <w id="22" lemma="|we|" pos="PRP$" wid="22">Our</w>
  <w id="23" lemma="|lady|" pos="NN" wid="23">Lady</w>
  <w id="24" lemma="|and|" pos="CC" wid="24">and</w>
  <w id="25" lemma="|she|" pos="PRP" wid="25">she</w>
  <w id="26" lemma="|will|" pos="MD" wid="26">will</w>
  <w id="27" lemma="|tell|" pos="VB" wid="27">tell</w>
  <w id="28" lemma="|you|" pos="PRP" wid="28">you</w>
  <w id="29" lemma="|what|" pos="WP" wid="29">what</w>
  <w id="30" lemma="|you|" pos="PRP" wid="30">you</w>
  <w id="31" lemma="|must|" pos="MD" wid="31">must</w>
  <w id="32" lemma="|do|" pos="VB" wid="32">do</w>
  <w id="33" lemma="|''|" pos="''" wid="33">''</w>
  <w id="34" lemma="|.|" pos="." wid="34">.</w>
</sentence>
<sentence id="38">
  <w id="0" lemma="|here|" pos="RB" wid="0">Here</w>
  <w id="1" lemma="|be|" pos="VBZ" wid="1">is</w>
  <w id="2" lemma="|a|" pos="DT" wid="2">a</w>
  <w id="3" lemma="|woman|" pos="NN" wid="3">woman</w>
  <w id="4" lemma="|who|" pos="WP" wid="4">who</w>
  <w id="5" lemma="|have|" pos="VBD" wid="5">had</w>
  <w id="6" lemma="|the|" pos="DT" wid="6">the</w>
  <w id="7" lemma="|gift|" pos="NN" wid="7">gift</w>
  <w id="8" lemma="|of|" pos="IN" wid="8">of</w>
  <w id="9" lemma="|counsel|" pos="NN" wid="9">counsel</w>
  <w id="10" lemma="|.|" pos="." wid="10">.</w>
</sentence>
<sentence id="39">
  <w id="0" lemma="|she|" pos="PRP" wid="0">She</w>
  <w id="1" lemma="|do|" pos="VBD" wid="1">did</w>
  <w id="2" lemma="|not|" pos="RB" wid="2">not</w>
  <w id="3" lemma="|know|" pos="VB" wid="3">know</w>
  <w id="4" lemma="|how|" pos="WRB" wid="4">how</w>
  <w id="5" lemma="|to|" pos="TO" wid="5">to</w>
  <w id="6" lemma="|help|" pos="VB" wid="6">help</w>
  <w id="7" lemma="|she|" pos="PRP$" wid="7">her</w>
  <w id="8" lemma="|son|" pos="NN" wid="8">son</w>
  <w id="9" lemma="|out|" pos="IN" wid="9">out</w>
  <w id="10" lemma="|of|" pos="IN" wid="10">of</w>
  <w id="11" lemma="|he|" pos="PRP$" wid="11">his</w>
  <w id="12" lemma="|problem|" pos="NN" wid="12">problem</w>
  <w id="13" lemma="|,|" pos="," wid="13">,</w>
  <w id="14" lemma="|but|" pos="CC" wid="14">but</w>
  <w id="15" lemma="|she|" pos="PRP" wid="15">she</w>
  <w id="16" lemma="|indicate|" pos="VBD" wid="16">indicated</w>
  <w id="17" lemma="|the|" pos="DT" wid="17">the</w>
  <w id="18" lemma="|right|" pos="JJ" wid="18">right</w>
  <w id="19" lemma="|road|" pos="NN" wid="19">road</w>
  <w id="20" lemma="|:|" pos=":" wid="20">:</w>
  <w id="21" lemma="|go|" pos="VB" wid="21">go</w>
  <w id="22" lemma="|to|" pos="TO" wid="22">to</w>
  <w id="23" lemma="|we|" pos="PRP$" wid="23">Our</w>
  <w id="24" lemma="|lady|" pos="NN" wid="24">Lady</w>
  <w id="25" lemma="|and|" pos="CC" wid="25">and</w>
  <w id="26" lemma="|she|" pos="PRP" wid="26">she</w>
  <w id="27" lemma="|will|" pos="MD" wid="27">will</w>
  <w id="28" lemma="|tell|" pos="VB" wid="28">tell</w>
  <w id="29" lemma="|you|" pos="PRP" wid="29">you</w>
  <w id="30" lemma="|.|" pos="." wid="30">.</w>
</sentence>
<sentence id="40">
  <w id="0" lemma="|this|" pos="DT" wid="0">This</w>
  <w id="1" lemma="|be|" pos="VBZ" wid="1">is</w>
  <w id="2" lemma="|the|" pos="DT" wid="2">the</w>
  <w id="3" lemma="|gift|" pos="NN" wid="3">gift</w>
  <w id="4" lemma="|of|" pos="IN" wid="4">of</w>
  <w id="5" lemma="|counsel|" pos="NN" wid="5">counsel</w>
  <w id="6" lemma="|.|" pos="." wid="6">.</w>
</sentence>
<sentence id="41">
  <w id="0" lemma="|that|" pos="DT" wid="0">That</w>
  <w id="1" lemma="|humble|" pos="JJ" wid="1">humble</w>
  <w id="2" lemma="|,|" pos="," wid="2">,</w>
  <w id="3" lemma="|simple|" pos="JJ" wid="3">simple</w>
  <w id="4" lemma="|woman|" pos="NN" wid="4">woman</w>
  <w id="5" lemma="|,|" pos="," wid="5">,</w>
  <w id="6" lemma="|give|" pos="VBD" wid="6">gave</w>
  <w id="7" lemma="|she|" pos="PRP$" wid="7">her</w>
  <w id="8" lemma="|son|" pos="NN" wid="8">son</w>
  <w id="9" lemma="|the|" pos="DT" wid="9">the</w>
  <w id="10" lemma="|truest|" pos="JJS" wid="10">truest</w>
  <w id="11" lemma="|counsel|" pos="NN" wid="11">counsel</w>
  <w id="12" lemma="|.|" pos="." wid="12">.</w>
</sentence>
<sentence id="42">
  <w id="0" lemma="|in|" pos="IN" wid="0">In</w>
  <w id="1" lemma="|fact|" pos="NN" wid="1">fact</w>
  <w id="2" lemma="|,|" pos="," wid="2">,</w>
  <w id="3" lemma="|this|" pos="DT" wid="3">this</w>
  <w id="4" lemma="|young|" pos="JJ" wid="4">young</w>
  <w id="5" lemma="|man|" pos="NN" wid="5">man</w>
  <w id="6" lemma="|say|" pos="VBD" wid="6">said</w>
  <w id="7" lemma="|to|" pos="TO" wid="7">to</w>
  <w id="8" lemma="|I|" pos="PRP" wid="8">me</w>
  <w id="9" lemma="|:|" pos=":" wid="9">:</w>
  <w id="10" lemma="|``|" pos="``" wid="10">``</w>
  <w id="11" lemma="|I|" pos="PRP" wid="11">I</w>
  <w id="12" lemma="|look|" pos="VBD" wid="12">looked</w>
  <w id="13" lemma="|at|" pos="IN" wid="13">at</w>
  <w id="14" lemma="|Our|" pos="NNP" wid="14">Our</w>
  <w id="15" lemma="|Lady|" pos="NNP" wid="15">Lady</w>
  <w id="16" lemma="|and|" pos="CC" wid="16">and</w>
  <w id="17" lemma="|I|" pos="PRP" wid="17">I</w>
  <w id="18" lemma="|feel|" pos="VBD" wid="18">felt</w>
  <w id="19" lemma="|that|" pos="IN" wid="19">that</w>
  <w id="20" lemma="|I|" pos="PRP" wid="20">I</w>
  <w id="21" lemma="|have|" pos="VBD" wid="21">had</w>
  <w id="22" lemma="|to|" pos="TO" wid="22">to</w>
  <w id="23" lemma="|do|" pos="VB" wid="23">do</w>
  <w id="24" lemma="|this|" pos="DT" wid="24">this</w>
  <w id="25" lemma="|,|" pos="," wid="25">,</w>
  <w id="26" lemma="|this|" pos="DT" wid="26">this</w>
  <w id="27" lemma="|and|" pos="CC" wid="27">and</w>
  <w id="28" lemma="|this|" pos="DT" wid="28">this</w>
  <w id="29" lemma="|...|" pos=":" wid="29">...</w>
  <w id="30" lemma="|''|" pos="''" wid="30">''</w>
  <w id="31" lemma="|.|" pos="." wid="31">.</w>
</sentence>
<sentence id="43">
  <w id="0" lemma="|I|" pos="PRP" wid="0">I</w>
  <w id="1" lemma="|do|" pos="VBD" wid="1">did</w>
  <w id="2" lemma="|not|" pos="RB" wid="2">not</w>
  <w id="3" lemma="|have|" pos="VB" wid="3">have</w>
  <w id="4" lemma="|to|" pos="TO" wid="4">to</w>
  <w id="5" lemma="|speak|" pos="VB" wid="5">speak</w>
  <w id="6" lemma="|,|" pos="," wid="6">,</w>
  <w id="7" lemma="|he|" pos="PRP$" wid="7">his</w>
  <w id="8" lemma="|mother|" pos="NN" wid="8">mother</w>
  <w id="9" lemma="|and|" pos="CC" wid="9">and</w>
  <w id="10" lemma="|the|" pos="DT" wid="10">the</w>
  <w id="11" lemma="|boy|" pos="NN" wid="11">boy</w>
  <w id="12" lemma="|himself|" pos="PRP" wid="12">himself</w>
  <w id="13" lemma="|have|" pos="VBD" wid="13">had</w>
  <w id="14" lemma="|already|" pos="RB" wid="14">already</w>
  <w id="15" lemma="|say|" pos="VBN" wid="15">said</w>
  <w id="16" lemma="|everything|" pos="NN" wid="16">everything</w>
  <w id="17" lemma="|.|" pos="." wid="17">.</w>
</sentence>
<sentence id="44">
  <w id="0" lemma="|this|" pos="DT" wid="0">This</w>
  <w id="1" lemma="|be|" pos="VBZ" wid="1">is</w>
  <w id="2" lemma="|the|" pos="DT" wid="2">the</w>
  <w id="3" lemma="|gift|" pos="NN" wid="3">gift</w>
  <w id="4" lemma="|of|" pos="IN" wid="4">of</w>
  <w id="5" lemma="|counsel|" pos="NN" wid="5">counsel</w>
  <w id="6" lemma="|.|" pos="." wid="6">.</w>
</sentence>
<sentence id="45">
  <w id="0" lemma="|you|" pos="PRP" wid="0">You</w>
  <w id="1" lemma="|mother|" pos="NNS" wid="1">mothers</w>
  <w id="2" lemma="|who|" pos="WP" wid="2">who</w>
  <w id="3" lemma="|have|" pos="VBP" wid="3">have</w>
  <w id="4" lemma="|this|" pos="DT" wid="4">this</w>
  <w id="5" lemma="|gift|" pos="NN" wid="5">gift</w>
  <w id="6" lemma="|,|" pos="," wid="6">,</w>
  <w id="7" lemma="|ask|" pos="VB" wid="7">ask</w>
  <w id="8" lemma="|it|" pos="PRP" wid="8">it</w>
  <w id="9" lemma="|for|" pos="IN" wid="9">for</w>
  <w id="10" lemma="|you|" pos="PRP$" wid="10">your</w>
  <w id="11" lemma="|child|" pos="NNS" wid="11">children</w>
  <w id="12" lemma="|,|" pos="," wid="12">,</w>
  <w id="13" lemma="|the|" pos="DT" wid="13">the</w>
  <w id="14" lemma="|gift|" pos="NN" wid="14">gift</w>
  <w id="15" lemma="|of|" pos="IN" wid="15">of</w>
  <w id="16" lemma="|give|" pos="VBG" wid="16">giving</w>
  <w id="17" lemma="|good|" pos="JJ" wid="17">good</w>
  <w id="18" lemma="|counsel|" pos="NN" wid="18">counsel</w>
  <w id="19" lemma="|to|" pos="TO" wid="19">to</w>
  <w id="20" lemma="|you|" pos="PRP$" wid="20">your</w>
  <w id="21" lemma="|child|" pos="NNS" wid="21">children</w>
  <w id="22" lemma="|be|" pos="VBZ" wid="22">is</w>
  <w id="23" lemma="|a|" pos="DT" wid="23">a</w>
  <w id="24" lemma="|gift|" pos="NN" wid="24">gift</w>
  <w id="25" lemma="|of|" pos="IN" wid="25">of</w>
  <w id="26" lemma="|God|" pos="NNP" wid="26">God</w>
  <w id="27" lemma="|.|" pos="." wid="27">.</w>
</sentence>
<sentence id="46">
  <w id="0" lemma="|Dear|" pos="NNP" wid="0">Dear</w>
  <w id="1" lemma="|friend|" pos="NNS" wid="1">friends</w>
  <w id="2" lemma="|,|" pos="," wid="2">,</w>
  <w id="3" lemma="|Psalm|" pos="NNP" wid="3">Psalm</w>
  <w id="4" lemma="|16|" pos="CD" wid="4">16</w>
  <w id="5" lemma="|-lsb-|" pos="-LRB-" wid="5">-LSB-</w>
  <w id="6" lemma="|15|" pos="CD" wid="6">15</w>
  <w id="7" lemma="|-rsb-|" pos="-RRB-" wid="7">-RSB-</w>
  <w id="8" lemma="|,|" pos="," wid="8">,</w>
  <w id="9" lemma="|which|" pos="WDT" wid="9">which</w>
  <w id="10" lemma="|we|" pos="PRP" wid="10">we</w>
  <w id="11" lemma="|hear|" pos="VBD" wid="11">heard</w>
  <w id="12" lemma="|,|" pos="," wid="12">,</w>
  <w id="13" lemma="|invite|" pos="VBZ" wid="13">invites</w>
  <w id="14" lemma="|we|" pos="PRP" wid="14">us</w>
  <w id="15" lemma="|to|" pos="TO" wid="15">to</w>
  <w id="16" lemma="|pray|" pos="VB" wid="16">pray</w>
  <w id="17" lemma="|with|" pos="IN" wid="17">with</w>
  <w id="18" lemma="|these|" pos="DT" wid="18">these</w>
  <w id="19" lemma="|word|" pos="NNS" wid="19">words</w>
  <w id="20" lemma="|:|" pos=":" wid="20">:</w>
  <w id="21" lemma="|``|" pos="``" wid="21">``</w>
  <w id="22" lemma="|I|" pos="PRP" wid="22">I</w>
  <w id="23" lemma="|bless|" pos="VBP" wid="23">bless</w>
  <w id="24" lemma="|the|" pos="DT" wid="24">the</w>
  <w id="25" lemma="|Lord|" pos="NNP" wid="25">Lord</w>
  <w id="26" lemma="|who|" pos="WP" wid="26">who</w>
  <w id="27" lemma="|give|" pos="VBZ" wid="27">gives</w>
  <w id="28" lemma="|I|" pos="PRP" wid="28">me</w>
  <w id="29" lemma="|counsel|" pos="NN" wid="29">counsel</w>
  <w id="30" lemma="|;|" pos=":" wid="30">;</w>
  <w id="31" lemma="|in|" pos="IN" wid="31">in</w>
  <w id="32" lemma="|the|" pos="DT" wid="32">the</w>
  <w id="33" lemma="|night|" pos="NN" wid="33">night</w>
  <w id="34" lemma="|also|" pos="RB" wid="34">also</w>
  <w id="35" lemma="|my|" pos="PRP$" wid="35">my</w>
  <w id="36" lemma="|heart|" pos="NN" wid="36">heart</w>
  <w id="37" lemma="|instruct|" pos="VBZ" wid="37">instructs</w>
  <w id="38" lemma="|I|" pos="PRP" wid="38">me</w>
  <w id="39" lemma="|.|" pos="." wid="39">.</w>
</sentence>
<sentence id="47">
  <w id="0" lemma="|I|" pos="PRP" wid="0">I</w>
  <w id="1" lemma="|keep|" pos="VBP" wid="1">keep</w>
  <w id="2" lemma="|the|" pos="DT" wid="2">the</w>
  <w id="3" lemma="|Lord|" pos="NNP" wid="3">Lord</w>
  <w id="4" lemma="|always|" pos="RB" wid="4">always</w>
  <w id="5" lemma="|before|" pos="IN" wid="5">before</w>
  <w id="6" lemma="|I|" pos="PRP" wid="6">me</w>
  <w id="7" lemma="|;|" pos=":" wid="7">;</w>
  <w id="8" lemma="|because|" pos="IN" wid="8">because</w>
  <w id="9" lemma="|he|" pos="PRP" wid="9">he</w>
  <w id="10" lemma="|be|" pos="VBZ" wid="10">is</w>
  <w id="11" lemma="|at|" pos="IN" wid="11">at</w>
  <w id="12" lemma="|my|" pos="PRP$" wid="12">my</w>
  <w id="13" lemma="|right|" pos="JJ" wid="13">right</w>
  <w id="14" lemma="|hand|" pos="NN" wid="14">hand</w>
  <w id="15" lemma="|,|" pos="," wid="15">,</w>
  <w id="16" lemma="|I|" pos="PRP" wid="16">I</w>
  <w id="17" lemma="|shall|" pos="MD" wid="17">shall</w>
  <w id="18" lemma="|not|" pos="RB" wid="18">not</w>
  <w id="19" lemma="|be|" pos="VB" wid="19">be</w>
  <w id="20" lemma="|move|" pos="VBN" wid="20">moved</w>
  <w id="21" lemma="|''|" pos="''" wid="21">''</w>
  <w id="22" lemma="|-lrb-|" pos="-LRB-" wid="22">-LRB-</w>
  <w id="23" lemma="|vv|" pos="NN" wid="23">vv</w>
  <w id="24" lemma="|.|" pos="." wid="24">.</w>
</sentence>
<sentence id="48">
  <w id="0" lemma="|7-8|" pos="CD" wid="0">7-8</w>
  <w id="1" lemma="|-rrb-|" pos="-RRB-" wid="1">-RRB-</w>
  <w id="2" lemma="|.|" pos="." wid="2">.</w>
</sentence>
<sentence id="49">
  <w id="0" lemma="|May|" pos="NNP" wid="0">May</w>
  <w id="1" lemma="|the|" pos="DT" wid="1">the</w>
  <w id="2" lemma="|Spirit|" pos="NNP" wid="2">Spirit</w>
  <w id="3" lemma="|always|" pos="RB" wid="3">always</w>
  <w id="4" lemma="|pour|" pos="VBP" wid="4">pour</w>
  <w id="5" lemma="|this|" pos="DT" wid="5">this</w>
  <w id="6" lemma="|certainty|" pos="NN" wid="6">certainty</w>
  <w id="7" lemma="|into|" pos="IN" wid="7">into</w>
  <w id="8" lemma="|we|" pos="PRP$" wid="8">our</w>
  <w id="9" lemma="|heart|" pos="NN" wid="9">heart</w>
  <w id="10" lemma="|and|" pos="CC" wid="10">and</w>
  <w id="11" lemma="|fill|" pos="VB" wid="11">fill</w>
  <w id="12" lemma="|we|" pos="PRP" wid="12">us</w>
  <w id="13" lemma="|thus|" pos="RB" wid="13">thus</w>
  <w id="14" lemma="|with|" pos="IN" wid="14">with</w>
  <w id="15" lemma="|the|" pos="DT" wid="15">the</w>
  <w id="16" lemma="|consolation|" pos="NN" wid="16">consolation</w>
  <w id="17" lemma="|of|" pos="IN" wid="17">of</w>
  <w id="18" lemma="|he|" pos="PRP$" wid="18">his</w>
  <w id="19" lemma="|peace|" pos="NN" wid="19">peace</w>
  <w id="20" lemma="|!|" pos="." wid="20">!</w>
</sentence>
<sentence id="50">
  <w id="0" lemma="|always|" pos="RB" wid="0">Always</w>
  <w id="1" lemma="|ask|" pos="VB" wid="1">ask</w>
  <w id="2" lemma="|for|" pos="IN" wid="2">for</w>
  <w id="3" lemma="|the|" pos="DT" wid="3">the</w>
  <w id="4" lemma="|gift|" pos="NN" wid="4">gift</w>
  <w id="5" lemma="|of|" pos="IN" wid="5">of</w>
  <w id="6" lemma="|counsel|" pos="NN" wid="6">counsel</w>
  <w id="7" lemma="|.|" pos="." wid="7">.</w>
</sentence>
<sentence id="51">
  <w id="0" lemma="|greeting|" pos="NNS" wid="0">Greetings</w>
  <w id="1" lemma="|:|" pos=":" wid="1">:</w>
  <w id="2" lemma="|I|" pos="PRP" wid="2">I</w>
  <w id="3" lemma="|greet|" pos="VB" wid="3">greet</w>
  <w id="4" lemma="|all|" pos="PDT" wid="4">all</w>
  <w id="5" lemma="|the|" pos="DT" wid="5">the</w>
  <w id="6" lemma="|english-speaking|" pos="JJ" wid="6">English-speaking</w>
  <w id="7" lemma="|pilgrim|" pos="NNS" wid="7">pilgrims</w>
  <w id="8" lemma="|take|" pos="VBG" wid="8">taking</w>
  <w id="9" lemma="|part|" pos="NN" wid="9">part</w>
  <w id="10" lemma="|in|" pos="IN" wid="10">in</w>
  <w id="11" lemma="|today|" pos="NN" wid="11">today</w>
  <w id="12" lemma="|'s|" pos="POS" wid="12">'s</w>
  <w id="13" lemma="|audience|" pos="NN" wid="13">Audience</w>
  <w id="14" lemma="|,|" pos="," wid="14">,</w>
  <w id="15" lemma="|include|" pos="VBG" wid="15">including</w>
  <w id="16" lemma="|those|" pos="DT" wid="16">those</w>
  <w id="17" lemma="|from|" pos="IN" wid="17">from</w>
  <w id="18" lemma="|England|" pos="NNP" wid="18">England</w>
  <w id="19" lemma="|and|" pos="CC" wid="19">and</w>
  <w id="20" lemma="|Wales|" pos="NNP" wid="20">Wales</w>
  <w id="21" lemma="|,|" pos="," wid="21">,</w>
  <w id="22" lemma="|Scotland|" pos="NNP" wid="22">Scotland</w>
  <w id="23" lemma="|,|" pos="," wid="23">,</w>
  <w id="24" lemma="|Ireland|" pos="NNP" wid="24">Ireland</w>
  <w id="25" lemma="|,|" pos="," wid="25">,</w>
  <w id="26" lemma="|Sweden|" pos="NNP" wid="26">Sweden</w>
  <w id="27" lemma="|,|" pos="," wid="27">,</w>
  <w id="28" lemma="|Denmark|" pos="NNP" wid="28">Denmark</w>
  <w id="29" lemma="|,|" pos="," wid="29">,</w>
  <w id="30" lemma="|Finland|" pos="NNP" wid="30">Finland</w>
  <w id="31" lemma="|,|" pos="," wid="31">,</w>
  <w id="32" lemma="|Slovakia|" pos="NNP" wid="32">Slovakia</w>
  <w id="33" lemma="|,|" pos="," wid="33">,</w>
  <w id="34" lemma="|Korea|" pos="NNP" wid="34">Korea</w>
  <w id="35" lemma="|,|" pos="," wid="35">,</w>
  <w id="36" lemma="|the|" pos="DT" wid="36">the</w>
  <w id="37" lemma="|Philippines|" pos="NNPS" wid="37">Philippines</w>
  <w id="38" lemma="|,|" pos="," wid="38">,</w>
  <w id="39" lemma="|China|" pos="NNP" wid="39">China</w>
  <w id="40" lemma="|,|" pos="," wid="40">,</w>
  <w id="41" lemma="|India|" pos="NNP" wid="41">India</w>
  <w id="42" lemma="|,|" pos="," wid="42">,</w>
  <w id="43" lemma="|Canada|" pos="NNP" wid="43">Canada</w>
  <w id="44" lemma="|and|" pos="CC" wid="44">and</w>
  <w id="45" lemma="|the|" pos="DT" wid="45">the</w>
  <w id="46" lemma="|United|" pos="NNP" wid="46">United</w>
  <w id="47" lemma="|States|" pos="NNPS" wid="47">States</w>
  <w id="48" lemma="|.|" pos="." wid="48">.</w>
</sentence>
<sentence id="52">
  <w id="0" lemma="|upon|" pos="IN" wid="0">Upon</w>
  <w id="1" lemma="|all|" pos="DT" wid="1">all</w>
  <w id="2" lemma="|of|" pos="IN" wid="2">of</w>
  <w id="3" lemma="|you|" pos="PRP" wid="3">you</w>
  <w id="4" lemma="|,|" pos="," wid="4">,</w>
  <w id="5" lemma="|and|" pos="CC" wid="5">and</w>
  <w id="6" lemma="|upon|" pos="IN" wid="6">upon</w>
  <w id="7" lemma="|you|" pos="PRP$" wid="7">your</w>
  <w id="8" lemma="|family|" pos="NNS" wid="8">families</w>
  <w id="9" lemma="|,|" pos="," wid="9">,</w>
  <w id="10" lemma="|I|" pos="PRP" wid="10">I</w>
  <w id="11" lemma="|invoke|" pos="VBP" wid="11">invoke</w>
  <w id="12" lemma="|the|" pos="DT" wid="12">the</w>
  <w id="13" lemma="|joy|" pos="NN" wid="13">joy</w>
  <w id="14" lemma="|and|" pos="CC" wid="14">and</w>
  <w id="15" lemma="|peace|" pos="NN" wid="15">peace</w>
  <w id="16" lemma="|of|" pos="IN" wid="16">of</w>
  <w id="17" lemma="|the|" pos="DT" wid="17">the</w>
  <w id="18" lemma="|Risen|" pos="NNP" wid="18">Risen</w>
  <w id="19" lemma="|Lord|" pos="NNP" wid="19">Lord</w>
  <w id="20" lemma="|.|" pos="." wid="20">.</w>
</sentence>
<sentence id="53">
  <w id="0" lemma="|God|" pos="NNP" wid="0">God</w>
  <w id="1" lemma="|bless|" pos="VB" wid="1">bless</w>
  <w id="2" lemma="|you|" pos="PRP" wid="2">you</w>
  <w id="3" lemma="|all|" pos="DT" wid="3">all</w>
  <w id="4" lemma="|!|" pos="." wid="4">!</w>
</sentence>
<sentence id="54">
  <w id="0" lemma="|I|" pos="PRP" wid="0">I</w>
  <w id="1" lemma="|greet|" pos="VBP" wid="1">greet</w>
  <w id="2" lemma="|with|" pos="IN" wid="2">with</w>
  <w id="3" lemma="|affection|" pos="NN" wid="3">affection</w>
  <w id="4" lemma="|all|" pos="DT" wid="4">all</w>
  <w id="5" lemma="|german-speaking|" pos="JJ" wid="5">German-speaking</w>
  <w id="6" lemma="|pilgrim|" pos="NNS" wid="6">pilgrims</w>
  <w id="7" lemma="|,|" pos="," wid="7">,</w>
  <w id="8" lemma="|especially|" pos="RB" wid="8">especially</w>
  <w id="9" lemma="|the|" pos="DT" wid="9">the</w>
  <w id="10" lemma="|family|" pos="NNS" wid="10">families</w>
  <w id="11" lemma="|and|" pos="CC" wid="11">and</w>
  <w id="12" lemma="|friend|" pos="NNS" wid="12">friends</w>
  <w id="13" lemma="|of|" pos="IN" wid="13">of</w>
  <w id="14" lemma="|the|" pos="DT" wid="14">the</w>
  <w id="15" lemma="|new|" pos="JJ" wid="15">new</w>
  <w id="16" lemma="|swiss|" pos="JJ" wid="16">Swiss</w>
  <w id="17" lemma="|guard|" pos="NNS" wid="17">Guards</w>
  <w id="18" lemma="|who|" pos="WP" wid="18">who</w>
  <w id="19" lemma="|yesterday|" pos="NN" wid="19">yesterday</w>
  <w id="20" lemma="|take|" pos="VBD" wid="20">took</w>
  <w id="21" lemma="|they|" pos="PRP$" wid="21">their</w>
  <w id="22" lemma="|oath|" pos="NN" wid="22">oath</w>
  <w id="23" lemma="|.|" pos="." wid="23">.</w>
</sentence>
<sentence id="55">
  <w id="0" lemma="|Dear|" pos="NNP" wid="0">Dear</w>
  <w id="1" lemma="|friend|" pos="NNS" wid="1">friends</w>
  <w id="2" lemma="|,|" pos="," wid="2">,</w>
  <w id="3" lemma="|the|" pos="DT" wid="3">the</w>
  <w id="4" lemma="|Holy|" pos="NNP" wid="4">Holy</w>
  <w id="5" lemma="|Spirit|" pos="NNP" wid="5">Spirit</w>
  <w id="6" lemma="|will|" pos="MD" wid="6">will</w>
  <w id="7" lemma="|chase|" pos="VB" wid="7">chase</w>
  <w id="8" lemma="|away|" pos="RB" wid="8">away</w>
  <w id="9" lemma="|every|" pos="DT" wid="9">every</w>
  <w id="10" lemma="|fear|" pos="NN" wid="10">fear</w>
  <w id="11" lemma="|.|" pos="." wid="11">.</w>
</sentence>
<sentence id="56">
  <w id="0" lemma="|let|" pos="VB" wid="0">Let</w>
  <w id="1" lemma="|we|" pos="PRP" wid="1">us</w>
  <w id="2" lemma="|entrust|" pos="VB" wid="2">entrust</w>
  <w id="3" lemma="|ourselves|" pos="PRP" wid="3">ourselves</w>
  <w id="4" lemma="|to|" pos="TO" wid="4">to</w>
  <w id="5" lemma="|he|" pos="PRP" wid="5">Him</w>
  <w id="6" lemma="|and|" pos="CC" wid="6">and</w>
  <w id="7" lemma="|joyously|" pos="RB" wid="7">joyously</w>
  <w id="8" lemma="|follow|" pos="VB" wid="8">follow</w>
  <w id="9" lemma="|what|" pos="WP" wid="9">what</w>
  <w id="10" lemma="|Jesus|" pos="NNP" wid="10">Jesus</w>
  <w id="11" lemma="|tell|" pos="VBZ" wid="11">tells</w>
  <w id="12" lemma="|we|" pos="PRP" wid="12">us</w>
  <w id="13" lemma="|in|" pos="IN" wid="13">in</w>
  <w id="14" lemma="|the|" pos="DT" wid="14">the</w>
  <w id="15" lemma="|Gospel|" pos="NNP" wid="15">Gospel</w>
  <w id="16" lemma="|.|" pos="." wid="16">.</w>
</sentence>
<sentence id="57">
  <w id="0" lemma="|May|" pos="NNP" wid="0">May</w>
  <w id="1" lemma="|God|" pos="NNP" wid="1">God</w>
  <w id="2" lemma="|bless|" pos="VB" wid="2">bless</w>
  <w id="3" lemma="|you|" pos="PRP" wid="3">you</w>
  <w id="4" lemma="|and|" pos="CC" wid="4">and</w>
  <w id="5" lemma="|you|" pos="PRP$" wid="5">your</w>
  <w id="6" lemma="|family|" pos="NNS" wid="6">families</w>
  <w id="7" lemma="|.|" pos="." wid="7">.</w>
</sentence>
<sentence id="58">
  <w id="0" lemma="|Dear|" pos="NNP" wid="0">Dear</w>
  <w id="1" lemma="|italian-speaking|" pos="JJ" wid="1">Italian-speaking</w>
  <w id="2" lemma="|pilgrim|" pos="NNS" wid="2">pilgrims</w>
  <w id="3" lemma="|,|" pos="," wid="3">,</w>
  <w id="4" lemma="|welcome|" pos="RB" wid="4">welcome</w>
  <w id="5" lemma="|!|" pos="." wid="5">!</w>
</sentence>
<sentence id="59">
  <w id="0" lemma="|I|" pos="PRP" wid="0">I</w>
  <w id="1" lemma="|be|" pos="VBP" wid="1">am</w>
  <w id="2" lemma="|delighted|" pos="JJ" wid="2">delighted</w>
  <w id="3" lemma="|to|" pos="TO" wid="3">to</w>
  <w id="4" lemma="|welcome|" pos="VB" wid="4">welcome</w>
  <w id="5" lemma="|the|" pos="DT" wid="5">the</w>
  <w id="6" lemma="|pilgrimage|" pos="NN" wid="6">pilgrimage</w>
  <w id="7" lemma="|be|" pos="VBG" wid="7">being</w>
  <w id="8" lemma="|promote|" pos="VBN" wid="8">promoted</w>
  <w id="9" lemma="|by|" pos="IN" wid="9">by</w>
  <w id="10" lemma="|the|" pos="DT" wid="10">the</w>
  <w id="11" lemma="|vocationist|" pos="JJ" wid="11">Vocationist</w>
  <w id="12" lemma="|father|" pos="NNS" wid="12">Fathers</w>
  <w id="13" lemma="|for|" pos="IN" wid="13">for</w>
  <w id="14" lemma="|the|" pos="DT" wid="14">the</w>
  <w id="15" lemma="|centenary|" pos="JJ" wid="15">centenary</w>
  <w id="16" lemma="|of|" pos="IN" wid="16">of</w>
  <w id="17" lemma="|they|" pos="PRP$" wid="17">their</w>
  <w id="18" lemma="|Founder|" pos="NNP" wid="18">Founder</w>
  <w id="19" lemma="|'s|" pos="POS" wid="19">'s</w>
  <w id="20" lemma="|Priestly|" pos="NNP" wid="20">Priestly</w>
  <w id="21" lemma="|Ordination|" pos="NNP" wid="21">Ordination</w>
  <w id="22" lemma="|;|" pos=":" wid="22">;</w>
  <w id="23" lemma="|the|" pos="DT" wid="23">the</w>
  <w id="24" lemma="|faithful|" pos="NN" wid="24">faithful</w>
  <w id="25" lemma="|of|" pos="IN" wid="25">of</w>
  <w id="26" lemma="|the|" pos="DT" wid="26">the</w>
  <w id="27" lemma="|Archdiocese|" pos="NNP" wid="27">Archdiocese</w>
  <w id="28" lemma="|of|" pos="IN" wid="28">of</w>
  <w id="29" lemma="|Pisa|" pos="NNP" wid="29">Pisa</w>
  <w id="30" lemma="|and|" pos="CC" wid="30">and</w>
  <w id="31" lemma="|the|" pos="DT" wid="31">the</w>
  <w id="32" lemma="|Mater|" pos="NNP" wid="32">Mater</w>
  <w id="33" lemma="|Misericordia|" pos="NNP" wid="33">Misericordia</w>
  <w id="34" lemma="|Institute|" pos="NNP" wid="34">Institute</w>
  <w id="35" lemma="|who|" pos="WP" wid="35">who</w>
  <w id="36" lemma="|will|" pos="MD" wid="36">will</w>
  <w id="37" lemma="|celebrate|" pos="VB" wid="37">celebrate</w>
  <w id="38" lemma="|they|" pos="PRP$" wid="38">their</w>
  <w id="39" lemma="|General|" pos="NNP" wid="39">General</w>
  <w id="40" lemma="|Chapter|" pos="NNP" wid="40">Chapter</w>
  <w id="41" lemma="|.|" pos="." wid="41">.</w>
</sentence>
<sentence id="60">
  <w id="0" lemma="|I|" pos="PRP" wid="0">I</w>
  <w id="1" lemma="|greet|" pos="VBP" wid="1">greet</w>
  <w id="2" lemma="|religious|" pos="JJ" wid="2">religious</w>
  <w id="3" lemma="|nurse|" pos="NNS" wid="3">nurses</w>
  <w id="4" lemma="|from|" pos="IN" wid="4">from</w>
  <w id="5" lemma="|the|" pos="DT" wid="5">the</w>
  <w id="6" lemma="|various|" pos="JJ" wid="6">various</w>
  <w id="7" lemma="|congregation|" pos="NNS" wid="7">Congregations</w>
  <w id="8" lemma="|;|" pos=":" wid="8">;</w>
  <w id="9" lemma="|pilgrim|" pos="NNS" wid="9">pilgrims</w>
  <w id="10" lemma="|and|" pos="CC" wid="10">and</w>
  <w id="11" lemma="|sick|" pos="JJ" wid="11">sick</w>
  <w id="12" lemma="|from|" pos="IN" wid="12">from</w>
  <w id="13" lemma="|the|" pos="DT" wid="13">the</w>
  <w id="14" lemma="|Congregazione|" pos="NNP" wid="14">Congregazione</w>
  <w id="15" lemma="|Mariana|" pos="NNP" wid="15">Mariana</w>
  <w id="16" lemma="|delle|" pos="JJ" wid="16">delle</w>
  <w id="17" lemma="|case|" pos="NN" wid="17">Case</w>
  <w id="18" lemma="|di|" pos="FW" wid="18">di</w>
  <w id="19" lemma="|carita|" pos="FW" wid="19">Carita</w>
  <w id="20" lemma="|;|" pos=":" wid="20">;</w>
  <w id="21" lemma="|detainee|" pos="NNS" wid="21">detainees</w>
  <w id="22" lemma="|from|" pos="IN" wid="22">from</w>
  <w id="23" lemma="|Viterbo|" pos="NNP" wid="23">Viterbo</w>
  <w id="24" lemma="|;|" pos=":" wid="24">;</w>
  <w id="25" lemma="|volunteer|" pos="NNS" wid="25">volunteers</w>
  <w id="26" lemma="|from|" pos="IN" wid="26">from</w>
  <w id="27" lemma="|the|" pos="DT" wid="27">the</w>
  <w id="28" lemma="|Red|" pos="NNP" wid="28">Red</w>
  <w id="29" lemma="|Cross|" pos="NNP" wid="29">Cross</w>
  <w id="30" lemma="|on|" pos="IN" wid="30">on</w>
  <w id="31" lemma="|the|" pos="DT" wid="31">the</w>
  <w id="32" lemma="|150th|" pos="JJ" wid="32">150th</w>
  <w id="33" lemma="|anniversary|" pos="NN" wid="33">anniversary</w>
  <w id="34" lemma="|of|" pos="IN" wid="34">of</w>
  <w id="35" lemma="|its|" pos="PRP$" wid="35">its</w>
  <w id="36" lemma="|foundation|" pos="NN" wid="36">foundation</w>
  <w id="37" lemma="|;|" pos=":" wid="37">;</w>
  <w id="38" lemma="|the|" pos="DT" wid="38">the</w>
  <w id="39" lemma="|Opera|" pos="NNP" wid="39">Opera</w>
  <w id="40" lemma="|Don|" pos="NNP" wid="40">Don</w>
  <w id="41" lemma="|Guanella|" pos="NNP" wid="41">Guanella</w>
  <w id="42" lemma="|of|" pos="IN" wid="42">of</w>
  <w id="43" lemma="|Naples|" pos="NNP" wid="43">Naples</w>
  <w id="44" lemma="|on|" pos="IN" wid="44">on</w>
  <w id="45" lemma="|they|" pos="PRP$" wid="45">their</w>
  <w id="46" lemma="|50th|" pos="JJ" wid="46">50th</w>
  <w id="47" lemma="|anniversary|" pos="NN" wid="47">anniversary</w>
  <w id="48" lemma="|;|" pos=":" wid="48">;</w>
  <w id="49" lemma="|and|" pos="CC" wid="49">and</w>
  <w id="50" lemma="|the|" pos="DT" wid="50">the</w>
  <w id="51" lemma="|family|" pos="NNS" wid="51">families</w>
  <w id="52" lemma="|of|" pos="IN" wid="52">of</w>
  <w id="53" lemma="|young|" pos="JJ" wid="53">young</w>
  <w id="54" lemma="|people|" pos="NNS" wid="54">people</w>
  <w id="55" lemma="|from|" pos="IN" wid="55">from</w>
  <w id="56" lemma="|San|" pos="NNP" wid="56">San</w>
  <w id="57" lemma="|Patrignano|" pos="NNP" wid="57">Patrignano</w>
  <w id="58" lemma="|,|" pos="," wid="58">,</w>
  <w id="59" lemma="|whom|" pos="WP" wid="59">whom</w>
  <w id="60" lemma="|I|" pos="PRP" wid="60">I</w>
  <w id="61" lemma="|join|" pos="VBP" wid="61">join</w>
  <w id="62" lemma="|in|" pos="IN" wid="62">in</w>
  <w id="63" lemma="|say|" pos="VBG" wid="63">saying</w>
  <w id="64" lemma="|no|" pos="DT" wid="64">no</w>
  <w id="65" lemma="|to|" pos="TO" wid="65">to</w>
  <w id="66" lemma="|every|" pos="DT" wid="66">every</w>
  <w id="67" lemma="|form|" pos="NN" wid="67">form</w>
  <w id="68" lemma="|of|" pos="IN" wid="68">of</w>
  <w id="69" lemma="|drug|" pos="NNS" wid="69">drugs</w>
  <w id="70" lemma="|.|" pos="." wid="70">.</w>
</sentence>
<sentence id="61">
  <w id="0" lemma="|and|" pos="CC" wid="0">And</w>
  <w id="1" lemma="|perhaps|" pos="RB" wid="1">perhaps</w>
  <w id="2" lemma="|it|" pos="PRP" wid="2">it</w>
  <w id="3" lemma="|will|" pos="MD" wid="3">will</w>
  <w id="4" lemma="|do|" pos="VB" wid="4">do</w>
  <w id="5" lemma="|some|" pos="DT" wid="5">some</w>
  <w id="6" lemma="|good|" pos="JJ" wid="6">good</w>
  <w id="7" lemma="|for|" pos="IN" wid="7">for</w>
  <w id="8" lemma="|everyone|" pos="NN" wid="8">everyone</w>
  <w id="9" lemma="|to|" pos="TO" wid="9">to</w>
  <w id="10" lemma="|say|" pos="VB" wid="10">say</w>
  <w id="11" lemma="|this|" pos="DT" wid="11">this</w>
  <w id="12" lemma="|,|" pos="," wid="12">,</w>
  <w id="13" lemma="|simply|" pos="RB" wid="13">simply</w>
  <w id="14" lemma="|:|" pos=":" wid="14">:</w>
  <w id="15" lemma="|no|" pos="DT" wid="15">no</w>
  <w id="16" lemma="|to|" pos="TO" wid="16">to</w>
  <w id="17" lemma="|every|" pos="DT" wid="17">every</w>
  <w id="18" lemma="|kind|" pos="NN" wid="18">kind</w>
  <w id="19" lemma="|of|" pos="IN" wid="19">of</w>
  <w id="20" lemma="|drug|" pos="NNS" wid="20">drugs</w>
  <w id="21" lemma="|!|" pos="." wid="21">!</w>
</sentence>
<sentence id="62">
  <w id="0" lemma="|I|" pos="PRP" wid="0">I</w>
  <w id="1" lemma="|also|" pos="RB" wid="1">also</w>
  <w id="2" lemma="|greet|" pos="VBP" wid="2">greet</w>
  <w id="3" lemma="|the|" pos="DT" wid="3">the</w>
  <w id="4" lemma="|Gruppo|" pos="NNP" wid="4">Gruppo</w>
  <w id="5" lemma="|Confcommercio|" pos="NNP" wid="5">Confcommercio</w>
  <w id="6" lemma="|Ascom|" pos="NNP" wid="6">Ascom</w>
  <w id="7" lemma="|from|" pos="IN" wid="7">from</w>
  <w id="8" lemma="|Padua|" pos="NNP" wid="8">Padua</w>
  <w id="9" lemma="|and|" pos="CC" wid="9">and</w>
  <w id="10" lemma="|I|" pos="PRP" wid="10">I</w>
  <w id="11" lemma="|encourage|" pos="VBP" wid="11">encourage</w>
  <w id="12" lemma="|they|" pos="PRP" wid="12">them</w>
  <w id="13" lemma="|in|" pos="IN" wid="13">in</w>
  <w id="14" lemma="|these|" pos="DT" wid="14">these</w>
  <w id="15" lemma="|difficult|" pos="JJ" wid="15">difficult</w>
  <w id="16" lemma="|economic|" pos="JJ" wid="16">economic</w>
  <w id="17" lemma="|time|" pos="NNS" wid="17">times</w>
  <w id="18" lemma="|.|" pos="." wid="18">.</w>
</sentence>
<sentence id="63">
  <w id="0" lemma="|May|" pos="NNP" wid="0">May</w>
  <w id="1" lemma="|economic|" pos="JJ" wid="1">economic</w>
  <w id="2" lemma="|difficulty|" pos="NNS" wid="2">difficulties</w>
  <w id="3" lemma="|not|" pos="RB" wid="3">not</w>
  <w id="4" lemma="|take|" pos="VB" wid="4">take</w>
  <w id="5" lemma="|away|" pos="RB" wid="5">away</w>
  <w id="6" lemma="|from|" pos="IN" wid="6">from</w>
  <w id="7" lemma="|we|" pos="PRP$" wid="7">our</w>
  <w id="8" lemma="|life|" pos="NNS" wid="8">lives</w>
  <w id="9" lemma="|!|" pos="." wid="9">!</w>
</sentence>
<sentence id="64">
  <w id="0" lemma="|may|" pos="MD" wid="0">May</w>
  <w id="1" lemma="|the|" pos="DT" wid="1">the</w>
  <w id="2" lemma="|visit|" pos="NN" wid="2">visit</w>
  <w id="3" lemma="|to|" pos="TO" wid="3">to</w>
  <w id="4" lemma="|the|" pos="DT" wid="4">the</w>
  <w id="5" lemma="|Tombs|" pos="NNP" wid="5">Tombs</w>
  <w id="6" lemma="|of|" pos="IN" wid="6">of</w>
  <w id="7" lemma="|the|" pos="DT" wid="7">the</w>
  <w id="8" lemma="|Apostles|" pos="NNPS" wid="8">Apostles</w>
  <w id="9" lemma="|increase|" pos="NN" wid="9">increase</w>
  <w id="10" lemma="|in|" pos="IN" wid="10">in</w>
  <w id="11" lemma="|everyone|" pos="NN" wid="11">everyone</w>
  <w id="12" lemma="|the|" pos="DT" wid="12">the</w>
  <w id="13" lemma="|Easter|" pos="NNP" wid="13">Easter</w>
  <w id="14" lemma="|joy|" pos="NN" wid="14">joy</w>
  <w id="15" lemma="|of|" pos="IN" wid="15">of</w>
  <w id="16" lemma="|the|" pos="DT" wid="16">the</w>
  <w id="17" lemma="|resurrection|" pos="NN" wid="17">Resurrection</w>
  <w id="18" lemma="|which|" pos="WDT" wid="18">which</w>
  <w id="19" lemma="|be|" pos="VBZ" wid="19">is</w>
  <w id="20" lemma="|also|" pos="RB" wid="20">also</w>
  <w id="21" lemma="|reveal|" pos="VBN" wid="21">revealed</w>
  <w id="22" lemma="|in|" pos="IN" wid="22">in</w>
  <w id="23" lemma="|real|" pos="JJ" wid="23">real</w>
  <w id="24" lemma="|act|" pos="NNS" wid="24">acts</w>
  <w id="25" lemma="|of|" pos="IN" wid="25">of</w>
  <w id="26" lemma="|charity|" pos="NN" wid="26">charity</w>
  <w id="27" lemma="|.|" pos="." wid="27">.</w>
</sentence>
<sentence id="65">
  <w id="0" lemma="|tomorrow|" pos="NN" wid="0">Tomorrow</w>
  <w id="1" lemma="|the|" pos="DT" wid="1">the</w>
  <w id="2" lemma="|Church|" pos="NNP" wid="2">Church</w>
  <w id="3" lemma="|raise|" pos="VBZ" wid="3">raises</w>
  <w id="4" lemma="|the|" pos="DT" wid="4">the</w>
  <w id="5" lemma="|prayer|" pos="NN" wid="5">prayer</w>
  <w id="6" lemma="|of|" pos="IN" wid="6">of</w>
  <w id="7" lemma="|``|" pos="``" wid="7">``</w>
  <w id="8" lemma="|Supplication|" pos="NNP" wid="8">Supplication</w>
  <w id="9" lemma="|''|" pos="''" wid="9">''</w>
  <w id="10" lemma="|to|" pos="TO" wid="10">to</w>
  <w id="11" lemma="|we|" pos="PRP$" wid="11">Our</w>
  <w id="12" lemma="|lady|" pos="NN" wid="12">Lady</w>
  <w id="13" lemma="|of|" pos="IN" wid="13">of</w>
  <w id="14" lemma="|the|" pos="DT" wid="14">the</w>
  <w id="15" lemma="|Rosary|" pos="NNP" wid="15">Rosary</w>
  <w id="16" lemma="|of|" pos="IN" wid="16">of</w>
  <w id="17" lemma="|Pompei|" pos="NNP" wid="17">Pompei</w>
  <w id="18" lemma="|.|" pos="." wid="18">.</w>
</sentence>
<sentence id="66">
  <w id="0" lemma="|the|" pos="DT" wid="0">The</w>
  <w id="1" lemma="|Secretary|" pos="NNP" wid="1">Secretary</w>
  <w id="2" lemma="|of|" pos="IN" wid="2">of</w>
  <w id="3" lemma="|State|" pos="NNP" wid="3">State</w>
  <w id="4" lemma="|,|" pos="," wid="4">,</w>
  <w id="5" lemma="|Cardinal|" pos="NNP" wid="5">Cardinal</w>
  <w id="6" lemma="|Parolin|" pos="NNP" wid="6">Parolin</w>
  <w id="7" lemma="|,|" pos="," wid="7">,</w>
  <w id="8" lemma="|will|" pos="MD" wid="8">will</w>
  <w id="9" lemma="|travel|" pos="VB" wid="9">travel</w>
  <w id="10" lemma="|to|" pos="TO" wid="10">to</w>
  <w id="11" lemma="|that|" pos="DT" wid="11">that</w>
  <w id="12" lemma="|famous|" pos="JJ" wid="12">famous</w>
  <w id="13" lemma="|Shrine|" pos="NNP" wid="13">Shrine</w>
  <w id="14" lemma="|for|" pos="IN" wid="14">for</w>
  <w id="15" lemma="|the|" pos="DT" wid="15">the</w>
  <w id="16" lemma="|occasion|" pos="NN" wid="16">occasion</w>
  <w id="17" lemma="|;|" pos=":" wid="17">;</w>
  <w id="18" lemma="|I|" pos="PRP" wid="18">I</w>
  <w id="19" lemma="|invite|" pos="VBP" wid="19">invite</w>
  <w id="20" lemma="|everyone|" pos="NN" wid="20">everyone</w>
  <w id="21" lemma="|to|" pos="TO" wid="21">to</w>
  <w id="22" lemma="|invoke|" pos="VB" wid="22">invoke</w>
  <w id="23" lemma="|Mary|" pos="NNP" wid="23">Mary</w>
  <w id="24" lemma="|'s|" pos="POS" wid="24">'s</w>
  <w id="25" lemma="|intercession|" pos="NN" wid="25">intercession</w>
  <w id="26" lemma="|,|" pos="," wid="26">,</w>
  <w id="27" lemma="|that|" pos="IN" wid="27">that</w>
  <w id="28" lemma="|the|" pos="DT" wid="28">the</w>
  <w id="29" lemma="|Lord|" pos="NNP" wid="29">Lord</w>
  <w id="30" lemma="|may|" pos="MD" wid="30">may</w>
  <w id="31" lemma="|grant|" pos="VB" wid="31">grant</w>
  <w id="32" lemma="|mercy|" pos="NN" wid="32">mercy</w>
  <w id="33" lemma="|and|" pos="CC" wid="33">and</w>
  <w id="34" lemma="|peace|" pos="NN" wid="34">peace</w>
  <w id="35" lemma="|to|" pos="TO" wid="35">to</w>
  <w id="36" lemma="|the|" pos="DT" wid="36">the</w>
  <w id="37" lemma="|Church|" pos="NNP" wid="37">Church</w>
  <w id="38" lemma="|and|" pos="CC" wid="38">and</w>
  <w id="39" lemma="|to|" pos="TO" wid="39">to</w>
  <w id="40" lemma="|the|" pos="DT" wid="40">the</w>
  <w id="41" lemma="|whole|" pos="JJ" wid="41">whole</w>
  <w id="42" lemma="|world|" pos="NN" wid="42">world</w>
  <w id="43" lemma="|.|" pos="." wid="43">.</w>
</sentence>
<sentence id="67">
  <w id="0" lemma="|I|" pos="PRP" wid="0">I</w>
  <w id="1" lemma="|especially|" pos="RB" wid="1">especially</w>
  <w id="2" lemma="|entrust|" pos="VB" wid="2">entrust</w>
  <w id="3" lemma="|to|" pos="TO" wid="3">to</w>
  <w id="4" lemma="|Our|" pos="NNP" wid="4">Our</w>
  <w id="5" lemma="|Mother|" pos="NNP" wid="5">Mother</w>
  <w id="6" lemma="|young|" pos="JJ" wid="6">young</w>
  <w id="7" lemma="|people|" pos="NNS" wid="7">people</w>
  <w id="8" lemma="|,|" pos="," wid="8">,</w>
  <w id="9" lemma="|the|" pos="DT" wid="9">the</w>
  <w id="10" lemma="|sick|" pos="JJ" wid="10">sick</w>
  <w id="11" lemma="|and|" pos="CC" wid="11">and</w>
  <w id="12" lemma="|newlywed|" pos="NNS" wid="12">newlyweds</w>
  <w id="13" lemma="|,|" pos="," wid="13">,</w>
  <w id="14" lemma="|who|" pos="WP" wid="14">who</w>
  <w id="15" lemma="|be|" pos="VBP" wid="15">are</w>
  <w id="16" lemma="|present|" pos="JJ" wid="16">present</w>
  <w id="17" lemma="|here|" pos="RB" wid="17">here</w>
  <w id="18" lemma="|today|" pos="NN" wid="18">today</w>
  <w id="19" lemma="|and|" pos="CC" wid="19">and</w>
  <w id="20" lemma="|I|" pos="PRP" wid="20">I</w>
  <w id="21" lemma="|exhort|" pos="VBP" wid="21">exhort</w>
  <w id="22" lemma="|everyone|" pos="NN" wid="22">everyone</w>
  <w id="23" lemma="|to|" pos="TO" wid="23">to</w>
  <w id="24" lemma="|treasure|" pos="NN" wid="24">treasure</w>
  <w id="25" lemma="|the|" pos="DT" wid="25">the</w>
  <w id="26" lemma="|prayer|" pos="NN" wid="26">prayer</w>
  <w id="27" lemma="|of|" pos="IN" wid="27">of</w>
  <w id="28" lemma="|the|" pos="DT" wid="28">the</w>
  <w id="29" lemma="|Rosary|" pos="NNP" wid="29">Rosary</w>
  <w id="30" lemma="|in|" pos="IN" wid="30">in</w>
  <w id="31" lemma="|this|" pos="DT" wid="31">this</w>
  <w id="32" lemma="|month|" pos="NN" wid="32">month</w>
  <w id="33" lemma="|of|" pos="IN" wid="33">of</w>
  <w id="34" lemma="|May|" pos="NNP" wid="34">May</w>
  <w id="35" lemma="|.|" pos="." wid="35">.</w>
</sentence>
</corpus>