<corpus id="0">
<sentence id="0">
  <w id="0" lemma="|-lrb-|" pos="-LRB-" wid="0">-LRB-</w>
  <w id="1" lemma="|by|" pos="IN" wid="1">by</w>
  <w id="2" lemma="|L'Osservatore|" pos="NNP" wid="2">L'Osservatore</w>
  <w id="3" lemma="|Romano|" pos="NNP" wid="3">Romano</w>
  <w id="4" lemma="|,|" pos="," wid="4">,</w>
  <w id="5" lemma="|Weekly|" pos="NNP" wid="5">Weekly</w>
  <w id="6" lemma="|ed|" pos="VBD" wid="6">ed</w>
  <w id="7" lemma="|.|" pos="." wid="7">.</w>
</sentence>
<sentence id="1">
  <w id="0" lemma="|in|" pos="IN" wid="0">in</w>
  <w id="1" lemma="|English|" pos="NNP" wid="1">English</w>
  <w id="2" lemma="|,|" pos="," wid="2">,</w>
  <w id="3" lemma="|n.|" pos="NNP" wid="3">n.</w>
  <w id="4" lemma="|15|" pos="CD" wid="4">15</w>
  <w id="5" lemma="|,|" pos="," wid="5">,</w>
  <w id="6" lemma="|10|" pos="CD" wid="6">10</w>
  <w id="7" lemma="|April|" pos="NNP" wid="7">April</w>
  <w id="8" lemma="|2013|" pos="CD" wid="8">2013</w>
  <w id="9" lemma="|-rrb-|" pos="-RRB-" wid="9">-RRB-</w>
  <w id="10" lemma="|complain|" pos="VBG" wid="10">Complaining</w>
  <w id="11" lemma="|damages|" pos="NNS" wid="11">damages</w>
  <w id="12" lemma="|the|" pos="DT" wid="12">the</w>
  <w id="13" lemma="|heart|" pos="NN" wid="13">heart</w>
  <w id="14" lemma="|,|" pos="," wid="14">,</w>
  <w id="15" lemma="|not|" pos="RB" wid="15">not</w>
  <w id="16" lemma="|only|" pos="RB" wid="16">only</w>
  <w id="17" lemma="|we|" pos="PRP$" wid="17">our</w>
  <w id="18" lemma="|complaint|" pos="NNS" wid="18">complaints</w>
  <w id="19" lemma="|of|" pos="IN" wid="19">of</w>
  <w id="20" lemma="|other|" pos="NNS" wid="20">others</w>
  <w id="21" lemma="|,|" pos="," wid="21">,</w>
  <w id="22" lemma="|``|" pos="``" wid="22">``</w>
  <w id="23" lemma="|but|" pos="CC" wid="23">but</w>
  <w id="24" lemma="|also|" pos="RB" wid="24">also</w>
  <w id="25" lemma="|they|" pos="PRP$" wid="25">their</w>
  <w id="26" lemma="|complaint|" pos="NNS" wid="26">complaints</w>
  <w id="27" lemma="|of|" pos="IN" wid="27">of</w>
  <w id="28" lemma="|we|" pos="PRP" wid="28">us</w>
  <w id="29" lemma="|,|" pos="," wid="29">,</w>
  <w id="30" lemma="|when|" pos="WRB" wid="30">when</w>
  <w id="31" lemma="|everything|" pos="NN" wid="31">everything</w>
  <w id="32" lemma="|seem|" pos="VBZ" wid="32">seems</w>
  <w id="33" lemma="|to|" pos="TO" wid="33">to</w>
  <w id="34" lemma="|have|" pos="VB" wid="34">have</w>
  <w id="35" lemma="|turn|" pos="VBN" wid="35">turned</w>
  <w id="36" lemma="|sour|" pos="JJ" wid="36">sour</w>
  <w id="37" lemma="|''|" pos="''" wid="37">''</w>
  <w id="38" lemma="|.|" pos="." wid="38">.</w>
</sentence>
<sentence id="2">
  <w id="0" lemma="|with|" pos="IN" wid="0">With</w>
  <w id="1" lemma="|this|" pos="DT" wid="1">this</w>
  <w id="2" lemma="|thought|" pos="NN" wid="2">thought</w>
  <w id="3" lemma="|on|" pos="IN" wid="3">on</w>
  <w id="4" lemma="|daily|" pos="JJ" wid="4">daily</w>
  <w id="5" lemma="|life|" pos="NN" wid="5">life</w>
  <w id="6" lemma="|Pope|" pos="NNP" wid="6">Pope</w>
  <w id="7" lemma="|Francis|" pos="NNP" wid="7">Francis</w>
  <w id="8" lemma="|reflect|" pos="VBD" wid="8">reflected</w>
  <w id="9" lemma="|on|" pos="IN" wid="9">on</w>
  <w id="10" lemma="|the|" pos="DT" wid="10">the</w>
  <w id="11" lemma="|story|" pos="NN" wid="11">story</w>
  <w id="12" lemma="|of|" pos="IN" wid="12">of</w>
  <w id="13" lemma="|the|" pos="DT" wid="13">the</w>
  <w id="14" lemma="|disciple|" pos="NNS" wid="14">disciples</w>
  <w id="15" lemma="|at|" pos="IN" wid="15">at</w>
  <w id="16" lemma="|Emmaus|" pos="NNP" wid="16">Emmaus</w>
  <w id="17" lemma="|--|" pos=":" wid="17">--</w>
  <w id="18" lemma="|recount|" pos="VBN" wid="18">recounted</w>
  <w id="19" lemma="|by|" pos="IN" wid="19">by</w>
  <w id="20" lemma="|the|" pos="DT" wid="20">the</w>
  <w id="21" lemma="|Evangelist|" pos="NNP" wid="21">Evangelist</w>
  <w id="22" lemma="|Luke|" pos="NNP" wid="22">Luke</w>
  <w id="23" lemma="|-lrb-|" pos="-LRB-" wid="23">-LRB-</w>
  <w id="24" lemma="|24:13|" pos="CD" wid="24">24:13</w>
  <w id="25" lemma="|-35|" pos="CD" wid="25">-35</w>
  <w id="26" lemma="|-rrb-|" pos="-RRB-" wid="26">-RRB-</w>
  <w id="27" lemma="|--|" pos=":" wid="27">--</w>
  <w id="28" lemma="|in|" pos="IN" wid="28">in</w>
  <w id="29" lemma="|he|" pos="PRP$" wid="29">his</w>
  <w id="30" lemma="|Homily|" pos="NNP" wid="30">Homily</w>
  <w id="31" lemma="|on|" pos="IN" wid="31">on</w>
  <w id="32" lemma="|Wednesday|" pos="NNP" wid="32">Wednesday</w>
  <w id="33" lemma="|morning|" pos="NN" wid="33">morning</w>
  <w id="34" lemma="|,|" pos="," wid="34">,</w>
  <w id="35" lemma="|3|" pos="CD" wid="35">3</w>
  <w id="36" lemma="|April|" pos="NNP" wid="36">April</w>
  <w id="37" lemma="|,|" pos="," wid="37">,</w>
  <w id="38" lemma="|at|" pos="IN" wid="38">at</w>
  <w id="39" lemma="|Mass|" pos="NNP" wid="39">Mass</w>
  <w id="40" lemma="|in|" pos="IN" wid="40">in</w>
  <w id="41" lemma="|the|" pos="DT" wid="41">the</w>
  <w id="42" lemma="|chapel|" pos="NN" wid="42">Chapel</w>
  <w id="43" lemma="|of|" pos="IN" wid="43">of</w>
  <w id="44" lemma="|the|" pos="DT" wid="44">the</w>
  <w id="45" lemma="|Domus|" pos="NNP" wid="45">Domus</w>
  <w id="46" lemma="|Sanctae|" pos="NNP" wid="46">Sanctae</w>
  <w id="47" lemma="|Marthae|" pos="NNP" wid="47">Marthae</w>
  <w id="48" lemma="|.|" pos="." wid="48">.</w>
</sentence>
<sentence id="3">
  <w id="0" lemma="|present|" pos="JJ" wid="0">Present</w>
  <w id="1" lemma="|be|" pos="VBD" wid="1">were</w>
  <w id="2" lemma="|the|" pos="DT" wid="2">the</w>
  <w id="3" lemma="|employee|" pos="NNS" wid="3">employees</w>
  <w id="4" lemma="|of|" pos="IN" wid="4">of</w>
  <w id="5" lemma="|the|" pos="DT" wid="5">the</w>
  <w id="6" lemma="|Domus|" pos="NNP" wid="6">Domus</w>
  <w id="7" lemma="|Romana|" pos="NNP" wid="7">Romana</w>
  <w id="8" lemma="|Sacerdotalis|" pos="NNP" wid="8">Sacerdotalis</w>
  <w id="9" lemma="|.|" pos="." wid="9">.</w>
</sentence>
<sentence id="4">
  <w id="0" lemma="|the|" pos="DT" wid="0">The</w>
  <w id="1" lemma="|Pope|" pos="NNP" wid="1">Pope</w>
  <w id="2" lemma="|speak|" pos="VBD" wid="2">spoke</w>
  <w id="3" lemma="|about|" pos="IN" wid="3">about</w>
  <w id="4" lemma="|the|" pos="DT" wid="4">the</w>
  <w id="5" lemma="|disciple|" pos="NNS" wid="5">disciples</w>
  <w id="6" lemma="|'|" pos="POS" wid="6">'</w>
  <w id="7" lemma="|dismay|" pos="NN" wid="7">dismay</w>
  <w id="8" lemma="|at|" pos="IN" wid="8">at</w>
  <w id="9" lemma="|the|" pos="DT" wid="9">the</w>
  <w id="10" lemma="|death|" pos="NN" wid="10">death</w>
  <w id="11" lemma="|of|" pos="IN" wid="11">of</w>
  <w id="12" lemma="|the|" pos="DT" wid="12">the</w>
  <w id="13" lemma="|teacher|" pos="NN" wid="13">Teacher</w>
  <w id="14" lemma="|which|" pos="WDT" wid="14">which</w>
  <w id="15" lemma="|be|" pos="VBD" wid="15">was</w>
  <w id="16" lemma="|so|" pos="RB" wid="16">so</w>
  <w id="17" lemma="|overwhelming|" pos="JJ" wid="17">overwhelming</w>
  <w id="18" lemma="|.|" pos="." wid="18">.</w>
</sentence>
<sentence id="5">
  <w id="0" lemma="|``|" pos="``" wid="0">``</w>
  <w id="1" lemma="|they|" pos="PRP" wid="1">They</w>
  <w id="2" lemma="|think|" pos="VBD" wid="2">thought</w>
  <w id="3" lemma="|it|" pos="PRP" wid="3">it</w>
  <w id="4" lemma="|best|" pos="JJS" wid="4">best</w>
  <w id="5" lemma="|to|" pos="TO" wid="5">to</w>
  <w id="6" lemma="|leave|" pos="VB" wid="6">leave</w>
  <w id="7" lemma="|the|" pos="DT" wid="7">the</w>
  <w id="8" lemma="|city|" pos="NN" wid="8">city</w>
  <w id="9" lemma="|.|" pos="." wid="9">.</w>
</sentence>
<sentence id="6">
  <w id="0" lemma="|yet|" pos="RB" wid="0">Yet</w>
  <w id="1" lemma="|,|" pos="," wid="1">,</w>
  <w id="2" lemma="|the|" pos="DT" wid="2">the</w>
  <w id="3" lemma="|poor|" pos="JJ" wid="3">poor</w>
  <w id="4" lemma="|thing|" pos="NNS" wid="4">things</w>
  <w id="5" lemma="|be|" pos="VBD" wid="5">were</w>
  <w id="6" lemma="|still|" pos="RB" wid="6">still</w>
  <w id="7" lemma="|talk|" pos="VBG" wid="7">talking</w>
  <w id="8" lemma="|about|" pos="IN" wid="8">about</w>
  <w id="9" lemma="|it|" pos="PRP" wid="9">it</w>
  <w id="10" lemma="|,|" pos="," wid="10">,</w>
  <w id="11" lemma="|be|" pos="VBD" wid="11">were</w>
  <w id="12" lemma="|not|" pos="RB" wid="12">n't</w>
  <w id="13" lemma="|they|" pos="PRP" wid="13">they</w>
  <w id="14" lemma="|?|" pos="." wid="14">?</w>
</sentence>
<sentence id="7">
  <w id="0" lemma="|and|" pos="CC" wid="0">And</w>
  <w id="1" lemma="|they|" pos="PRP" wid="1">they</w>
  <w id="2" lemma="|be|" pos="VBD" wid="2">were</w>
  <w id="3" lemma="|complain|" pos="VBG" wid="3">complaining</w>
  <w id="4" lemma="|.|" pos="." wid="4">.</w>
</sentence>
<sentence id="8">
  <w id="0" lemma="|it|" pos="PRP" wid="0">It</w>
  <w id="1" lemma="|could|" pos="MD" wid="1">could</w>
  <w id="2" lemma="|be|" pos="VB" wid="2">be</w>
  <w id="3" lemma="|say|" pos="VBD" wid="3">said</w>
  <w id="4" lemma="|that|" pos="IN" wid="4">that</w>
  <w id="5" lemma="|this|" pos="DT" wid="5">this</w>
  <w id="6" lemma="|be|" pos="VBD" wid="6">was</w>
  <w id="7" lemma="|more|" pos="JJR" wid="7">more</w>
  <w id="8" lemma="|or|" pos="CC" wid="8">or</w>
  <w id="9" lemma="|less|" pos="JJR" wid="9">less</w>
  <w id="10" lemma="|the|" pos="DT" wid="10">the</w>
  <w id="11" lemma="|day|" pos="NN" wid="11">day</w>
  <w id="12" lemma="|of|" pos="IN" wid="12">of</w>
  <w id="13" lemma="|complaint|" pos="NN" wid="13">complaint</w>
  <w id="14" lemma="|''|" pos="''" wid="14">''</w>
  <w id="15" lemma="|.|" pos="." wid="15">.</w>
</sentence>
<sentence id="9">
  <w id="0" lemma="|but|" pos="CC" wid="0">But</w>
  <w id="1" lemma="|they|" pos="PRP$" wid="1">their</w>
  <w id="2" lemma="|word|" pos="NNS" wid="2">words</w>
  <w id="3" lemma="|do|" pos="VBD" wid="3">did</w>
  <w id="4" lemma="|no|" pos="RB" wid="4">no</w>
  <w id="5" lemma="|more|" pos="JJR" wid="5">more</w>
  <w id="6" lemma="|than|" pos="IN" wid="6">than</w>
  <w id="7" lemma="|cause|" pos="VB" wid="7">cause</w>
  <w id="8" lemma="|they|" pos="PRP" wid="8">them</w>
  <w id="9" lemma="|to|" pos="TO" wid="9">to</w>
  <w id="10" lemma="|withdraw|" pos="VB" wid="10">withdraw</w>
  <w id="11" lemma="|into|" pos="IN" wid="11">into</w>
  <w id="12" lemma="|themselves|" pos="PRP" wid="12">themselves</w>
  <w id="13" lemma="|.|" pos="." wid="13">.</w>
</sentence>
<sentence id="10">
  <w id="0" lemma="|in|" pos="IN" wid="0">In</w>
  <w id="1" lemma="|they|" pos="PRP$" wid="1">their</w>
  <w id="2" lemma="|heart|" pos="NNS" wid="2">hearts</w>
  <w id="3" lemma="|they|" pos="PRP" wid="3">they</w>
  <w id="4" lemma="|be|" pos="VBD" wid="4">were</w>
  <w id="5" lemma="|think|" pos="VBG" wid="5">thinking</w>
  <w id="6" lemma="|:|" pos=":" wid="6">:</w>
  <w id="7" lemma="|``|" pos="``" wid="7">``</w>
  <w id="8" lemma="|we|" pos="PRP" wid="8">we</w>
  <w id="9" lemma="|have|" pos="VBD" wid="9">had</w>
  <w id="10" lemma="|such|" pos="JJ" wid="10">such</w>
  <w id="11" lemma="|great|" pos="JJ" wid="11">great</w>
  <w id="12" lemma="|hope|" pos="NNS" wid="12">hopes</w>
  <w id="13" lemma="|,|" pos="," wid="13">,</w>
  <w id="14" lemma="|but|" pos="CC" wid="14">but</w>
  <w id="15" lemma="|everything|" pos="NN" wid="15">everything</w>
  <w id="16" lemma="|have|" pos="VBZ" wid="16">has</w>
  <w id="17" lemma="|fail|" pos="VBN" wid="17">failed</w>
  <w id="18" lemma="|''|" pos="''" wid="18">''</w>
  <w id="19" lemma="|.|" pos="." wid="19">.</w>
</sentence>
<sentence id="11">
  <w id="0" lemma="|and|" pos="CC" wid="0">And</w>
  <w id="1" lemma="|in|" pos="IN" wid="1">in</w>
  <w id="2" lemma="|this|" pos="DT" wid="2">this</w>
  <w id="3" lemma="|situation|" pos="NN" wid="3">situation</w>
  <w id="4" lemma="|,|" pos="," wid="4">,</w>
  <w id="5" lemma="|the|" pos="DT" wid="5">the</w>
  <w id="6" lemma="|Pope|" pos="NNP" wid="6">Pope</w>
  <w id="7" lemma="|say|" pos="VBD" wid="7">said</w>
  <w id="8" lemma="|,|" pos="," wid="8">,</w>
  <w id="9" lemma="|``|" pos="``" wid="9">``</w>
  <w id="10" lemma="|they|" pos="PRP" wid="10">they</w>
  <w id="11" lemma="|be|" pos="VBD" wid="11">were</w>
  <w id="12" lemma="|stew|" pos="VBG" wid="12">stewing</w>
  <w id="13" lemma="|they|" pos="PRP$" wid="13">their</w>
  <w id="14" lemma="|life|" pos="NN" wid="14">life</w>
  <w id="15" lemma="|in|" pos="IN" wid="15">in</w>
  <w id="16" lemma="|the|" pos="DT" wid="16">the</w>
  <w id="17" lemma="|juice|" pos="NN" wid="17">juice</w>
  <w id="18" lemma="|of|" pos="IN" wid="18">of</w>
  <w id="19" lemma="|they|" pos="PRP$" wid="19">their</w>
  <w id="20" lemma="|complaint|" pos="NNS" wid="20">complaints</w>
  <w id="21" lemma="|and|" pos="CC" wid="21">and</w>
  <w id="22" lemma="|be|" pos="VBD" wid="22">were</w>
  <w id="23" lemma="|go|" pos="VBG" wid="23">going</w>
  <w id="24" lemma="|on|" pos="IN" wid="24">on</w>
  <w id="25" lemma="|and|" pos="CC" wid="25">and</w>
  <w id="26" lemma="|on|" pos="IN" wid="26">on</w>
  <w id="27" lemma="|like|" pos="IN" wid="27">like</w>
  <w id="28" lemma="|that|" pos="DT" wid="28">that</w>
  <w id="29" lemma="|''|" pos="''" wid="29">''</w>
  <w id="30" lemma="|.|" pos="." wid="30">.</w>
</sentence>
<sentence id="12">
  <w id="0" lemma="|hence|" pos="RB" wid="0">Hence</w>
  <w id="1" lemma="|the|" pos="DT" wid="1">the</w>
  <w id="2" lemma="|reference|" pos="NN" wid="2">reference</w>
  <w id="3" lemma="|to|" pos="TO" wid="3">to</w>
  <w id="4" lemma="|all|" pos="DT" wid="4">all</w>
  <w id="5" lemma="|of|" pos="IN" wid="5">of</w>
  <w id="6" lemma="|we|" pos="PRP" wid="6">us</w>
  <w id="7" lemma="|.|" pos="." wid="7">.</w>
</sentence>
<sentence id="13">
  <w id="0" lemma="|``|" pos="``" wid="0">``</w>
  <w id="1" lemma="|I|" pos="PRP" wid="1">I</w>
  <w id="2" lemma="|think|" pos="VBP" wid="2">think</w>
  <w id="3" lemma="|''|" pos="''" wid="3">''</w>
  <w id="4" lemma="|,|" pos="," wid="4">,</w>
  <w id="5" lemma="|he|" pos="PRP" wid="5">he</w>
  <w id="6" lemma="|add|" pos="VBD" wid="6">added</w>
  <w id="7" lemma="|,|" pos="," wid="7">,</w>
  <w id="8" lemma="|that|" pos="IN" wid="8">that</w>
  <w id="9" lemma="|``|" pos="``" wid="9">``</w>
  <w id="10" lemma="|so|" pos="RB" wid="10">so</w>
  <w id="11" lemma="|often|" pos="RB" wid="11">often</w>
  <w id="12" lemma="|when|" pos="WRB" wid="12">when</w>
  <w id="13" lemma="|,|" pos="," wid="13">,</w>
  <w id="14" lemma="|when|" pos="WRB" wid="14">when</w>
  <w id="15" lemma="|we|" pos="PRP" wid="15">we</w>
  <w id="16" lemma="|encounter|" pos="VBP" wid="16">encounter</w>
  <w id="17" lemma="|the|" pos="DT" wid="17">the</w>
  <w id="18" lemma="|Cross|" pos="NNP" wid="18">Cross</w>
  <w id="19" lemma="|,|" pos="," wid="19">,</w>
  <w id="20" lemma="|we|" pos="PRP" wid="20">we</w>
  <w id="21" lemma="|too|" pos="RB" wid="21">too</w>
  <w id="22" lemma="|incur|" pos="VBP" wid="22">incur</w>
  <w id="23" lemma="|this|" pos="DT" wid="23">this</w>
  <w id="24" lemma="|risk|" pos="NN" wid="24">risk</w>
  <w id="25" lemma="|of|" pos="IN" wid="25">of</w>
  <w id="26" lemma="|withdraw|" pos="VBG" wid="26">withdrawing</w>
  <w id="27" lemma="|into|" pos="IN" wid="27">into</w>
  <w id="28" lemma="|complaint|" pos="NN" wid="28">complaint</w>
  <w id="29" lemma="|''|" pos="''" wid="29">''</w>
  <w id="30" lemma="|.|" pos="." wid="30">.</w>
</sentence>
<sentence id="14">
  <w id="0" lemma="|yet|" pos="RB" wid="0">Yet</w>
  <w id="1" lemma="|at|" pos="IN" wid="1">at</w>
  <w id="2" lemma="|that|" pos="DT" wid="2">that</w>
  <w id="3" lemma="|very|" pos="JJ" wid="3">very</w>
  <w id="4" lemma="|moment|" pos="NN" wid="4">moment</w>
  <w id="5" lemma="|the|" pos="DT" wid="5">the</w>
  <w id="6" lemma="|Lord|" pos="NNP" wid="6">Lord</w>
  <w id="7" lemma="|be|" pos="VBZ" wid="7">is</w>
  <w id="8" lemma="|``|" pos="``" wid="8">``</w>
  <w id="9" lemma="|close|" pos="JJ" wid="9">close</w>
  <w id="10" lemma="|to|" pos="TO" wid="10">to</w>
  <w id="11" lemma="|we|" pos="PRP" wid="11">us</w>
  <w id="12" lemma="|,|" pos="," wid="12">,</w>
  <w id="13" lemma="|though|" pos="IN" wid="13">though</w>
  <w id="14" lemma="|we|" pos="PRP" wid="14">we</w>
  <w id="15" lemma="|do|" pos="VBP" wid="15">do</w>
  <w id="16" lemma="|not|" pos="RB" wid="16">not</w>
  <w id="17" lemma="|recognize|" pos="VB" wid="17">recognize</w>
  <w id="18" lemma="|he|" pos="PRP" wid="18">him</w>
  <w id="19" lemma="|.|" pos="." wid="19">.</w>
</sentence>
<sentence id="15">
  <w id="0" lemma="|he|" pos="PRP" wid="0">He</w>
  <w id="1" lemma="|walk|" pos="VBZ" wid="1">walks</w>
  <w id="2" lemma="|beside|" pos="IN" wid="2">beside</w>
  <w id="3" lemma="|we|" pos="PRP" wid="3">us</w>
  <w id="4" lemma="|,|" pos="," wid="4">,</w>
  <w id="5" lemma="|though|" pos="IN" wid="5">though</w>
  <w id="6" lemma="|we|" pos="PRP" wid="6">we</w>
  <w id="7" lemma="|do|" pos="VBP" wid="7">do</w>
  <w id="8" lemma="|not|" pos="RB" wid="8">not</w>
  <w id="9" lemma="|recognize|" pos="VB" wid="9">recognize</w>
  <w id="10" lemma="|he|" pos="PRP" wid="10">him</w>
  <w id="11" lemma="|.|" pos="." wid="11">.</w>
</sentence>
<sentence id="16">
  <w id="0" lemma="|he|" pos="PRP" wid="0">He</w>
  <w id="1" lemma="|speak|" pos="VBZ" wid="1">speaks</w>
  <w id="2" lemma="|to|" pos="TO" wid="2">to</w>
  <w id="3" lemma="|we|" pos="PRP" wid="3">us</w>
  <w id="4" lemma="|as|" pos="RB" wid="4">as</w>
  <w id="5" lemma="|well|" pos="RB" wid="5">well</w>
  <w id="6" lemma="|,|" pos="," wid="6">,</w>
  <w id="7" lemma="|although|" pos="IN" wid="7">although</w>
  <w id="8" lemma="|we|" pos="PRP" wid="8">we</w>
  <w id="9" lemma="|do|" pos="VBP" wid="9">do</w>
  <w id="10" lemma="|not|" pos="RB" wid="10">not</w>
  <w id="11" lemma="|hear|" pos="VB" wid="11">hear</w>
  <w id="12" lemma="|he|" pos="PRP" wid="12">him</w>
  <w id="13" lemma="|''|" pos="''" wid="13">''</w>
  <w id="14" lemma="|.|" pos="." wid="14">.</w>
</sentence>
<sentence id="17">
  <w id="0" lemma="|for|" pos="IN" wid="0">For</w>
  <w id="1" lemma="|we|" pos="PRP" wid="1">us</w>
  <w id="2" lemma="|,|" pos="," wid="2">,</w>
  <w id="3" lemma="|the|" pos="DT" wid="3">the</w>
  <w id="4" lemma="|complaint|" pos="NN" wid="4">complaint</w>
  <w id="5" lemma="|be|" pos="VBZ" wid="5">is</w>
  <w id="6" lemma="|``|" pos="``" wid="6">``</w>
  <w id="7" lemma="|something|" pos="NN" wid="7">something</w>
  <w id="8" lemma="|certain|" pos="JJ" wid="8">certain</w>
  <w id="9" lemma="|.|" pos="." wid="9">.</w>
</sentence>
<sentence id="18">
  <w id="0" lemma="|it|" pos="PRP" wid="0">It</w>
  <w id="1" lemma="|be|" pos="VBZ" wid="1">is</w>
  <w id="2" lemma="|my|" pos="PRP$" wid="2">my</w>
  <w id="3" lemma="|truth|" pos="NN" wid="3">truth</w>
  <w id="4" lemma="|:|" pos=":" wid="4">:</w>
  <w id="5" lemma="|failure|" pos="NN" wid="5">failure</w>
  <w id="6" lemma="|.|" pos="." wid="6">.</w>
</sentence>
<sentence id="19">
  <w id="0" lemma="|Hope|" pos="NNP" wid="0">Hope</w>
  <w id="1" lemma="|be|" pos="VBZ" wid="1">is</w>
  <w id="2" lemma="|go|" pos="VBN" wid="2">gone</w>
  <w id="3" lemma="|''|" pos="''" wid="3">''</w>
  <w id="4" lemma="|.|" pos="." wid="4">.</w>
</sentence>
<sentence id="20">
  <w id="0" lemma="|and|" pos="CC" wid="0">And</w>
  <w id="1" lemma="|with|" pos="IN" wid="1">with</w>
  <w id="2" lemma="|these|" pos="DT" wid="2">these</w>
  <w id="3" lemma="|thought|" pos="NNS" wid="3">thoughts</w>
  <w id="4" lemma="|the|" pos="DT" wid="4">the</w>
  <w id="5" lemma="|disciple|" pos="NNS" wid="5">disciples</w>
  <w id="6" lemma="|continue|" pos="VBN" wid="6">continued</w>
  <w id="7" lemma="|on|" pos="IN" wid="7">on</w>
  <w id="8" lemma="|they|" pos="PRP$" wid="8">their</w>
  <w id="9" lemma="|way|" pos="NN" wid="9">way</w>
  <w id="10" lemma="|.|" pos="." wid="10">.</w>
</sentence>
<sentence id="21">
  <w id="0" lemma="|``|" pos="``" wid="0">``</w>
  <w id="1" lemma="|what|" pos="WP" wid="1">What</w>
  <w id="2" lemma="|do|" pos="VBD" wid="2">did</w>
  <w id="3" lemma="|Jesus|" pos="NNP" wid="3">Jesus</w>
  <w id="4" lemma="|do|" pos="VB" wid="4">do</w>
  <w id="5" lemma="|?|" pos="." wid="5">?</w>
</sentence>
<sentence id="22">
  <w id="0" lemma="|he|" pos="PRP" wid="0">He</w>
  <w id="1" lemma="|be|" pos="VBD" wid="1">was</w>
  <w id="2" lemma="|patient|" pos="NN" wid="2">patient</w>
  <w id="3" lemma="|.|" pos="." wid="3">.</w>
</sentence>
<sentence id="23">
  <w id="0" lemma="|first|" pos="RB" wid="0">First</w>
  <w id="1" lemma="|he|" pos="PRP" wid="1">he</w>
  <w id="2" lemma="|listen|" pos="VBD" wid="2">listened</w>
  <w id="3" lemma="|and|" pos="CC" wid="3">and</w>
  <w id="4" lemma="|then|" pos="RB" wid="4">then</w>
  <w id="5" lemma="|slowly|" pos="RB" wid="5">slowly</w>
  <w id="6" lemma="|begin|" pos="VBD" wid="6">began</w>
  <w id="7" lemma="|to|" pos="TO" wid="7">to</w>
  <w id="8" lemma="|explain|" pos="VB" wid="8">explain</w>
  <w id="9" lemma="|to|" pos="TO" wid="9">to</w>
  <w id="10" lemma="|they|" pos="PRP" wid="10">them</w>
  <w id="11" lemma="|.|" pos="." wid="11">.</w>
</sentence>
<sentence id="24">
  <w id="0" lemma="|in|" pos="IN" wid="0">In</w>
  <w id="1" lemma="|the|" pos="DT" wid="1">the</w>
  <w id="2" lemma="|end|" pos="NN" wid="2">end</w>
  <w id="3" lemma="|,|" pos="," wid="3">,</w>
  <w id="4" lemma="|he|" pos="PRP" wid="4">he</w>
  <w id="5" lemma="|let|" pos="VBD" wid="5">let</w>
  <w id="6" lemma="|they|" pos="PRP" wid="6">them</w>
  <w id="7" lemma="|see|" pos="VB" wid="7">see</w>
  <w id="8" lemma="|he|" pos="PRP" wid="8">him</w>
  <w id="9" lemma="|''|" pos="''" wid="9">''</w>
  <w id="10" lemma="|.|" pos="." wid="10">.</w>
</sentence>
<sentence id="25">
  <w id="0" lemma="|Jesus|" pos="NNP" wid="0">Jesus</w>
  <w id="1" lemma="|``|" pos="``" wid="1">``</w>
  <w id="2" lemma="|do|" pos="VBZ" wid="2">does</w>
  <w id="3" lemma="|the|" pos="DT" wid="3">the</w>
  <w id="4" lemma="|same|" pos="JJ" wid="4">same</w>
  <w id="5" lemma="|with|" pos="IN" wid="5">with</w>
  <w id="6" lemma="|we|" pos="PRP" wid="6">us</w>
  <w id="7" lemma="|.|" pos="." wid="7">.</w>
</sentence>
<sentence id="26">
  <w id="0" lemma="|even|" pos="RB" wid="0">Even</w>
  <w id="1" lemma="|in|" pos="IN" wid="1">in</w>
  <w id="2" lemma="|the|" pos="DT" wid="2">the</w>
  <w id="3" lemma="|darkest|" pos="JJS" wid="3">darkest</w>
  <w id="4" lemma="|moment|" pos="NNS" wid="4">moments</w>
  <w id="5" lemma="|he|" pos="PRP" wid="5">he</w>
  <w id="6" lemma="|be|" pos="VBZ" wid="6">is</w>
  <w id="7" lemma="|always|" pos="RB" wid="7">always</w>
  <w id="8" lemma="|beside|" pos="IN" wid="8">beside</w>
  <w id="9" lemma="|we|" pos="PRP" wid="9">us</w>
  <w id="10" lemma="|,|" pos="," wid="10">,</w>
  <w id="11" lemma="|he|" pos="PRP" wid="11">he</w>
  <w id="12" lemma="|walk|" pos="VBZ" wid="12">walks</w>
  <w id="13" lemma="|beside|" pos="IN" wid="13">beside</w>
  <w id="14" lemma="|we|" pos="PRP" wid="14">us</w>
  <w id="15" lemma="|.|" pos="." wid="15">.</w>
</sentence>
<sentence id="27">
  <w id="0" lemma="|and|" pos="CC" wid="0">And</w>
  <w id="1" lemma="|in|" pos="IN" wid="1">in</w>
  <w id="2" lemma="|the|" pos="DT" wid="2">the</w>
  <w id="3" lemma="|end|" pos="NN" wid="3">end</w>
  <w id="4" lemma="|he|" pos="PRP" wid="4">he</w>
  <w id="5" lemma="|reveal|" pos="VBZ" wid="5">reveals</w>
  <w id="6" lemma="|to|" pos="TO" wid="6">to</w>
  <w id="7" lemma="|we|" pos="PRP" wid="7">us</w>
  <w id="8" lemma="|he|" pos="PRP$" wid="8">his</w>
  <w id="9" lemma="|presence|" pos="NN" wid="9">presence</w>
  <w id="10" lemma="|''|" pos="''" wid="10">''</w>
  <w id="11" lemma="|.|" pos="." wid="11">.</w>
</sentence>
<sentence id="28">
  <w id="0" lemma="|complain|" pos="VBG" wid="0">Complaining</w>
  <w id="1" lemma="|``|" pos="``" wid="1">``</w>
  <w id="2" lemma="|be|" pos="VBZ" wid="2">is</w>
  <w id="3" lemma="|bad|" pos="JJ" wid="3">bad</w>
  <w id="4" lemma="|''|" pos="''" wid="4">''</w>
  <w id="5" lemma="|,|" pos="," wid="5">,</w>
  <w id="6" lemma="|the|" pos="DT" wid="6">the</w>
  <w id="7" lemma="|Pope|" pos="NNP" wid="7">Pope</w>
  <w id="8" lemma="|say|" pos="VBD" wid="8">said</w>
  <w id="9" lemma="|,|" pos="," wid="9">,</w>
  <w id="10" lemma="|because|" pos="IN" wid="10">because</w>
  <w id="11" lemma="|``|" pos="``" wid="11">``</w>
  <w id="12" lemma="|it|" pos="PRP" wid="12">it</w>
  <w id="13" lemma="|do|" pos="VBZ" wid="13">does</w>
  <w id="14" lemma="|away|" pos="RB" wid="14">away</w>
  <w id="15" lemma="|with|" pos="IN" wid="15">with</w>
  <w id="16" lemma="|hope|" pos="NN" wid="16">hope</w>
  <w id="17" lemma="|''|" pos="''" wid="17">''</w>
  <w id="18" lemma="|.|" pos="." wid="18">.</w>
</sentence>
<sentence id="29">
  <w id="0" lemma="|Pope|" pos="NNP" wid="0">Pope</w>
  <w id="1" lemma="|Francis|" pos="NNP" wid="1">Francis</w>
  <w id="2" lemma="|urge|" pos="VBD" wid="2">urged</w>
  <w id="3" lemma="|those|" pos="DT" wid="3">those</w>
  <w id="4" lemma="|present|" pos="JJ" wid="4">present</w>
  <w id="5" lemma="|to|" pos="TO" wid="5">to</w>
  <w id="6" lemma="|resist|" pos="VB" wid="6">resist</w>
  <w id="7" lemma="|enter|" pos="VBG" wid="7">entering</w>
  <w id="8" lemma="|``|" pos="``" wid="8">``</w>
  <w id="9" lemma="|this|" pos="DT" wid="9">this</w>
  <w id="10" lemma="|game|" pos="NN" wid="10">game</w>
  <w id="11" lemma="|of|" pos="IN" wid="11">of</w>
  <w id="12" lemma="|live|" pos="VBG" wid="12">living</w>
  <w id="13" lemma="|on|" pos="IN" wid="13">on</w>
  <w id="14" lemma="|complaint|" pos="NN" wid="14">complaint</w>
  <w id="15" lemma="|''|" pos="''" wid="15">''</w>
  <w id="16" lemma="|.|" pos="." wid="16">.</w>
</sentence>
<sentence id="30">
  <w id="0" lemma="|the|" pos="DT" wid="0">The</w>
  <w id="1" lemma="|Lord|" pos="NNP" wid="1">Lord</w>
  <w id="2" lemma="|'s|" pos="POS" wid="2">'s</w>
  <w id="3" lemma="|presence|" pos="NN" wid="3">presence</w>
  <w id="4" lemma="|be|" pos="VBD" wid="4">was</w>
  <w id="5" lemma="|make|" pos="VBN" wid="5">made</w>
  <w id="6" lemma="|visible|" pos="JJ" wid="6">visible</w>
  <w id="7" lemma="|``|" pos="``" wid="7">``</w>
  <w id="8" lemma="|when|" pos="WRB" wid="8">when</w>
  <w id="9" lemma="|he|" pos="PRP" wid="9">he</w>
  <w id="10" lemma="|break|" pos="VBD" wid="10">broke</w>
  <w id="11" lemma="|the|" pos="DT" wid="11">the</w>
  <w id="12" lemma="|bread|" pos="NN" wid="12">bread</w>
  <w id="13" lemma="|''|" pos="''" wid="13">''</w>
  <w id="14" lemma="|.|" pos="." wid="14">.</w>
</sentence>
<sentence id="31">
  <w id="0" lemma="|then|" pos="RB" wid="0">Then</w>
  <w id="1" lemma="|,|" pos="," wid="1">,</w>
  <w id="2" lemma="|the|" pos="DT" wid="2">the</w>
  <w id="3" lemma="|disciple|" pos="NNS" wid="3">disciples</w>
  <w id="4" lemma="|could|" pos="MD" wid="4">could</w>
  <w id="5" lemma="|see|" pos="VB" wid="5">see</w>
  <w id="6" lemma="|``|" pos="``" wid="6">``</w>
  <w id="7" lemma="|the|" pos="DT" wid="7">the</w>
  <w id="8" lemma="|wound|" pos="NNS" wid="8">wounds</w>
  <w id="9" lemma="|''|" pos="''" wid="9">''</w>
  <w id="10" lemma="|,|" pos="," wid="10">,</w>
  <w id="11" lemma="|and|" pos="CC" wid="11">and</w>
  <w id="12" lemma="|then|" pos="RB" wid="12">then</w>
  <w id="13" lemma="|``|" pos="``" wid="13">``</w>
  <w id="14" lemma="|he|" pos="PRP" wid="14">he</w>
  <w id="15" lemma="|disappear|" pos="VBD" wid="15">disappeared</w>
  <w id="16" lemma="|''|" pos="''" wid="16">''</w>
  <w id="17" lemma="|.|" pos="." wid="17">.</w>
</sentence>
<sentence id="32">
  <w id="0" lemma="|we|" pos="PRP" wid="0">We</w>
  <w id="1" lemma="|must|" pos="MD" wid="1">must</w>
  <w id="2" lemma="|have|" pos="VB" wid="2">have</w>
  <w id="3" lemma="|hope|" pos="NN" wid="3">hope</w>
  <w id="4" lemma="|and|" pos="CC" wid="4">and</w>
  <w id="5" lemma="|trust|" pos="NN" wid="5">trust</w>
  <w id="6" lemma="|in|" pos="IN" wid="6">in</w>
  <w id="7" lemma="|God|" pos="NNP" wid="7">God</w>
  <w id="8" lemma="|who|" pos="WP" wid="8">who</w>
  <w id="9" lemma="|``|" pos="``" wid="9">``</w>
  <w id="10" lemma="|always|" pos="RB" wid="10">always</w>
  <w id="11" lemma="|move|" pos="VBZ" wid="11">moves</w>
  <w id="12" lemma="|with|" pos="IN" wid="12">with</w>
  <w id="13" lemma="|we|" pos="PRP" wid="13">us</w>
  <w id="14" lemma="|along|" pos="IN" wid="14">along</w>
  <w id="15" lemma="|we|" pos="PRP$" wid="15">our</w>
  <w id="16" lemma="|path|" pos="NN" wid="16">path</w>
  <w id="17" lemma="|''|" pos="''" wid="17">''</w>
  <w id="18" lemma="|,|" pos="," wid="18">,</w>
  <w id="19" lemma="|even|" pos="RB" wid="19">even</w>
  <w id="20" lemma="|at|" pos="IN" wid="20">at</w>
  <w id="21" lemma="|the|" pos="DT" wid="21">the</w>
  <w id="22" lemma="|darkest|" pos="JJS" wid="22">darkest</w>
  <w id="23" lemma="|hour|" pos="NN" wid="23">hour</w>
  <w id="24" lemma="|.|" pos="." wid="24">.</w>
</sentence>
<sentence id="33">
  <w id="0" lemma="|``|" pos="``" wid="0">``</w>
  <w id="1" lemma="|we|" pos="PRP" wid="1">We</w>
  <w id="2" lemma="|may|" pos="MD" wid="2">may</w>
  <w id="3" lemma="|be|" pos="VB" wid="3">be</w>
  <w id="4" lemma="|sure|" pos="JJ" wid="4">sure</w>
  <w id="5" lemma="|''|" pos="''" wid="5">''</w>
  <w id="6" lemma="|,|" pos="," wid="6">,</w>
  <w id="7" lemma="|he|" pos="PRP" wid="7">he</w>
  <w id="8" lemma="|repeat|" pos="VBD" wid="8">repeated</w>
  <w id="9" lemma="|,|" pos="," wid="9">,</w>
  <w id="10" lemma="|``|" pos="``" wid="10">``</w>
  <w id="11" lemma="|we|" pos="PRP" wid="11">we</w>
  <w id="12" lemma="|may|" pos="MD" wid="12">may</w>
  <w id="13" lemma="|be|" pos="VB" wid="13">be</w>
  <w id="14" lemma="|sure|" pos="JJ" wid="14">sure</w>
  <w id="15" lemma="|that|" pos="IN" wid="15">that</w>
  <w id="16" lemma="|the|" pos="DT" wid="16">the</w>
  <w id="17" lemma="|Lord|" pos="NNP" wid="17">Lord</w>
  <w id="18" lemma="|never|" pos="RB" wid="18">never</w>
  <w id="19" lemma="|abandon|" pos="VBZ" wid="19">abandons</w>
  <w id="20" lemma="|we|" pos="PRP" wid="20">us</w>
  <w id="21" lemma="|...|" pos=":" wid="21">...</w>
  <w id="22" lemma="|.|" pos="." wid="22">.</w>
</sentence>
<sentence id="34">
  <w id="0" lemma="|let|" pos="VB" wid="0">Let</w>
  <w id="1" lemma="|we|" pos="PRP" wid="1">us</w>
  <w id="2" lemma="|not|" pos="RB" wid="2">not</w>
  <w id="3" lemma="|seek|" pos="VB" wid="3">seek</w>
  <w id="4" lemma="|refuge|" pos="NN" wid="4">refuge</w>
  <w id="5" lemma="|in|" pos="IN" wid="5">in</w>
  <w id="6" lemma="|complaint|" pos="NN" wid="6">complaint</w>
  <w id="7" lemma="|.|" pos="." wid="7">.</w>
</sentence>
<sentence id="35">
  <w id="0" lemma="|it|" pos="PRP" wid="0">It</w>
  <w id="1" lemma="|harm|" pos="VBZ" wid="1">harms</w>
  <w id="2" lemma="|we|" pos="PRP$" wid="2">our</w>
  <w id="3" lemma="|heart|" pos="NN" wid="3">heart</w>
  <w id="4" lemma="|''|" pos="''" wid="4">''</w>
  <w id="5" lemma="|.|" pos="." wid="5">.</w>
</sentence>
</corpus>