<corpus id="0">
<sentence id="0">
  <w id="0" lemma="|.|" pos="." wid="0">.</w>
</sentence>
<sentence id="1">
  <w id="0" lemma="|Dear|" pos="NNP" wid="0">Dear</w>
  <w id="1" lemma="|Brothers|" pos="NNPS" wid="1">Brothers</w>
  <w id="2" lemma="|and|" pos="CC" wid="2">and</w>
  <w id="3" lemma="|sister|" pos="NNS" wid="3">Sisters</w>
  <w id="4" lemma="|,|" pos="," wid="4">,</w>
  <w id="5" lemma="|good|" pos="JJ" wid="5">Good</w>
  <w id="6" lemma="|morning|" pos="NN" wid="6">morning</w>
  <w id="7" lemma="|and|" pos="CC" wid="7">and</w>
  <w id="8" lemma="|happy|" pos="JJ" wid="8">Happy</w>
  <w id="9" lemma="|Easter|" pos="NNP" wid="9">Easter</w>
  <w id="10" lemma="|,|" pos="," wid="10">,</w>
  <w id="11" lemma="|On|" pos="NNP" wid="11">On</w>
  <w id="12" lemma="|this|" pos="DT" wid="12">this</w>
  <w id="13" lemma="|Easter|" pos="NNP" wid="13">Easter</w>
  <w id="14" lemma="|Monday|" pos="NNP" wid="14">Monday</w>
  <w id="15" lemma="|the|" pos="DT" wid="15">the</w>
  <w id="16" lemma="|gospel|" pos="NN" wid="16">Gospel</w>
  <w id="17" lemma="|-lrb-|" pos="-LRB-" wid="17">-LRB-</w>
  <w id="18" lemma="|cf|" pos="NN" wid="18">cf</w>
  <w id="19" lemma="|.|" pos="." wid="19">.</w>
</sentence>
<sentence id="2">
  <w id="0" lemma="|mt|" pos="FW" wid="0">Mt</w>
  <w id="1" lemma="|28:8|" pos="FW" wid="1">28:8</w>
  <w id="2" lemma="|-15|" pos="CD" wid="2">-15</w>
  <w id="3" lemma="|-rrb-|" pos="-RRB-" wid="3">-RRB-</w>
  <w id="4" lemma="|present|" pos="VBZ" wid="4">presents</w>
  <w id="5" lemma="|to|" pos="TO" wid="5">to</w>
  <w id="6" lemma="|we|" pos="PRP" wid="6">us</w>
  <w id="7" lemma="|the|" pos="DT" wid="7">the</w>
  <w id="8" lemma="|narrative|" pos="NN" wid="8">narrative</w>
  <w id="9" lemma="|of|" pos="IN" wid="9">of</w>
  <w id="10" lemma="|the|" pos="DT" wid="10">the</w>
  <w id="11" lemma="|woman|" pos="NNS" wid="11">women</w>
  <w id="12" lemma="|who|" pos="WP" wid="12">who</w>
  <w id="13" lemma="|,|" pos="," wid="13">,</w>
  <w id="14" lemma="|on|" pos="IN" wid="14">on</w>
  <w id="15" lemma="|arrive|" pos="VBG" wid="15">arriving</w>
  <w id="16" lemma="|at|" pos="IN" wid="16">at</w>
  <w id="17" lemma="|Jesus|" pos="NNP" wid="17">Jesus</w>
  <w id="18" lemma="|'|" pos="POS" wid="18">'</w>
  <w id="19" lemma="|tomb|" pos="NN" wid="19">tomb</w>
  <w id="20" lemma="|,|" pos="," wid="20">,</w>
  <w id="21" lemma="|find|" pos="VB" wid="21">find</w>
  <w id="22" lemma="|it|" pos="PRP" wid="22">it</w>
  <w id="23" lemma="|empty|" pos="VB" wid="23">empty</w>
  <w id="24" lemma="|and|" pos="CC" wid="24">and</w>
  <w id="25" lemma="|see|" pos="VB" wid="25">see</w>
  <w id="26" lemma="|a|" pos="DT" wid="26">an</w>
  <w id="27" lemma="|Angel|" pos="NNP" wid="27">Angel</w>
  <w id="28" lemma="|who|" pos="WP" wid="28">who</w>
  <w id="29" lemma="|announce|" pos="VBZ" wid="29">announces</w>
  <w id="30" lemma="|to|" pos="TO" wid="30">to</w>
  <w id="31" lemma="|they|" pos="PRP" wid="31">them</w>
  <w id="32" lemma="|that|" pos="IN" wid="32">that</w>
  <w id="33" lemma="|he|" pos="PRP" wid="33">He</w>
  <w id="34" lemma="|be|" pos="VBZ" wid="34">is</w>
  <w id="35" lemma="|rise|" pos="VBN" wid="35">risen</w>
  <w id="36" lemma="|.|" pos="." wid="36">.</w>
</sentence>
<sentence id="3">
  <w id="0" lemma="|and|" pos="CC" wid="0">And</w>
  <w id="1" lemma="|as|" pos="IN" wid="1">as</w>
  <w id="2" lemma="|they|" pos="PRP" wid="2">they</w>
  <w id="3" lemma="|run|" pos="VBP" wid="3">run</w>
  <w id="4" lemma="|to|" pos="TO" wid="4">to</w>
  <w id="5" lemma="|tell|" pos="VB" wid="5">tell</w>
  <w id="6" lemma="|this|" pos="DT" wid="6">this</w>
  <w id="7" lemma="|news|" pos="NN" wid="7">news</w>
  <w id="8" lemma="|to|" pos="TO" wid="8">to</w>
  <w id="9" lemma="|the|" pos="DT" wid="9">the</w>
  <w id="10" lemma="|disciple|" pos="NNS" wid="10">disciples</w>
  <w id="11" lemma="|,|" pos="," wid="11">,</w>
  <w id="12" lemma="|they|" pos="PRP" wid="12">they</w>
  <w id="13" lemma="|encounter|" pos="VBP" wid="13">encounter</w>
  <w id="14" lemma="|Jesus|" pos="NNP" wid="14">Jesus</w>
  <w id="15" lemma="|himself|" pos="PRP" wid="15">himself</w>
  <w id="16" lemma="|who|" pos="WP" wid="16">who</w>
  <w id="17" lemma="|say|" pos="VBZ" wid="17">says</w>
  <w id="18" lemma="|to|" pos="TO" wid="18">to</w>
  <w id="19" lemma="|they|" pos="PRP" wid="19">them</w>
  <w id="20" lemma="|:|" pos=":" wid="20">:</w>
  <w id="21" lemma="|``|" pos="``" wid="21">``</w>
  <w id="22" lemma="|go|" pos="VB" wid="22">Go</w>
  <w id="23" lemma="|and|" pos="CC" wid="23">and</w>
  <w id="24" lemma="|tell|" pos="VB" wid="24">tell</w>
  <w id="25" lemma="|my|" pos="PRP$" wid="25">my</w>
  <w id="26" lemma="|brethren|" pos="NNS" wid="26">brethren</w>
  <w id="27" lemma="|to|" pos="TO" wid="27">to</w>
  <w id="28" lemma="|go|" pos="VB" wid="28">go</w>
  <w id="29" lemma="|to|" pos="TO" wid="29">to</w>
  <w id="30" lemma="|Galilee|" pos="NNP" wid="30">Galilee</w>
  <w id="31" lemma="|,|" pos="," wid="31">,</w>
  <w id="32" lemma="|and|" pos="CC" wid="32">and</w>
  <w id="33" lemma="|there|" pos="RB" wid="33">there</w>
  <w id="34" lemma="|they|" pos="PRP" wid="34">they</w>
  <w id="35" lemma="|will|" pos="MD" wid="35">will</w>
  <w id="36" lemma="|see|" pos="VB" wid="36">see</w>
  <w id="37" lemma="|I|" pos="PRP" wid="37">me</w>
  <w id="38" lemma="|''|" pos="''" wid="38">''</w>
  <w id="39" lemma="|-lrb-|" pos="-LRB-" wid="39">-LRB-</w>
  <w id="40" lemma="|v.|" pos="CC" wid="40">v.</w>
  <w id="41" lemma="|10|" pos="CD" wid="41">10</w>
  <w id="42" lemma="|-rrb-|" pos="-RRB-" wid="42">-RRB-</w>
  <w id="43" lemma="|.|" pos="." wid="43">.</w>
</sentence>
<sentence id="4">
  <w id="0" lemma="|Galilee|" pos="NNP" wid="0">Galilee</w>
  <w id="1" lemma="|be|" pos="VBZ" wid="1">is</w>
  <w id="2" lemma="|the|" pos="DT" wid="2">the</w>
  <w id="3" lemma="|``|" pos="``" wid="3">``</w>
  <w id="4" lemma="|periphery|" pos="NN" wid="4">periphery</w>
  <w id="5" lemma="|''|" pos="''" wid="5">''</w>
  <w id="6" lemma="|where|" pos="WRB" wid="6">where</w>
  <w id="7" lemma="|Jesus|" pos="NNP" wid="7">Jesus</w>
  <w id="8" lemma="|begin|" pos="VBD" wid="8">began</w>
  <w id="9" lemma="|he|" pos="PRP$" wid="9">his</w>
  <w id="10" lemma="|preaching|" pos="NN" wid="10">preaching</w>
  <w id="11" lemma="|;|" pos=":" wid="11">;</w>
  <w id="12" lemma="|and|" pos="CC" wid="12">and</w>
  <w id="13" lemma="|from|" pos="IN" wid="13">from</w>
  <w id="14" lemma="|there|" pos="EX" wid="14">there</w>
  <w id="15" lemma="|he|" pos="PRP" wid="15">He</w>
  <w id="16" lemma="|will|" pos="MD" wid="16">will</w>
  <w id="17" lemma="|share|" pos="VB" wid="17">share</w>
  <w id="18" lemma="|the|" pos="DT" wid="18">the</w>
  <w id="19" lemma="|Gospel|" pos="NNP" wid="19">Gospel</w>
  <w id="20" lemma="|of|" pos="IN" wid="20">of</w>
  <w id="21" lemma="|the|" pos="DT" wid="21">the</w>
  <w id="22" lemma="|Resurrection|" pos="NNP" wid="22">Resurrection</w>
  <w id="23" lemma="|,|" pos="," wid="23">,</w>
  <w id="24" lemma="|for|" pos="IN" wid="24">for</w>
  <w id="25" lemma="|it|" pos="PRP" wid="25">it</w>
  <w id="26" lemma="|to|" pos="TO" wid="26">to</w>
  <w id="27" lemma="|be|" pos="VB" wid="27">be</w>
  <w id="28" lemma="|proclaim|" pos="VBN" wid="28">proclaimed</w>
  <w id="29" lemma="|to|" pos="TO" wid="29">to</w>
  <w id="30" lemma="|all|" pos="DT" wid="30">all</w>
  <w id="31" lemma="|,|" pos="," wid="31">,</w>
  <w id="32" lemma="|and|" pos="CC" wid="32">and</w>
  <w id="33" lemma="|that|" pos="DT" wid="33">that</w>
  <w id="34" lemma="|everyone|" pos="NN" wid="34">everyone</w>
  <w id="35" lemma="|might|" pos="MD" wid="35">might</w>
  <w id="36" lemma="|encounter|" pos="VB" wid="36">encounter</w>
  <w id="37" lemma="|he|" pos="PRP" wid="37">Him</w>
  <w id="38" lemma="|,|" pos="," wid="38">,</w>
  <w id="39" lemma="|the|" pos="DT" wid="39">the</w>
  <w id="40" lemma="|Risen|" pos="NNP" wid="40">Risen</w>
  <w id="41" lemma="|one|" pos="CD" wid="41">One</w>
  <w id="42" lemma="|,|" pos="," wid="42">,</w>
  <w id="43" lemma="|present|" pos="JJ" wid="43">present</w>
  <w id="44" lemma="|and|" pos="CC" wid="44">and</w>
  <w id="45" lemma="|work|" pos="VBG" wid="45">working</w>
  <w id="46" lemma="|in|" pos="IN" wid="46">in</w>
  <w id="47" lemma="|history|" pos="NN" wid="47">history</w>
  <w id="48" lemma="|.|" pos="." wid="48">.</w>
</sentence>
<sentence id="5">
  <w id="0" lemma="|today|" pos="NN" wid="0">Today</w>
  <w id="1" lemma="|too|" pos="RB" wid="1">too</w>
  <w id="2" lemma="|he|" pos="PRP" wid="2">He</w>
  <w id="3" lemma="|be|" pos="VBZ" wid="3">is</w>
  <w id="4" lemma="|with|" pos="IN" wid="4">with</w>
  <w id="5" lemma="|we|" pos="PRP" wid="5">us</w>
  <w id="6" lemma="|,|" pos="," wid="6">,</w>
  <w id="7" lemma="|here|" pos="RB" wid="7">here</w>
  <w id="8" lemma="|in|" pos="IN" wid="8">in</w>
  <w id="9" lemma="|the|" pos="DT" wid="9">the</w>
  <w id="10" lemma="|Square|" pos="NNP" wid="10">Square</w>
  <w id="11" lemma="|.|" pos="." wid="11">.</w>
</sentence>
<sentence id="6">
  <w id="0" lemma="|this|" pos="DT" wid="0">This</w>
  <w id="1" lemma="|,|" pos="," wid="1">,</w>
  <w id="2" lemma="|therefore|" pos="RB" wid="2">therefore</w>
  <w id="3" lemma="|,|" pos="," wid="3">,</w>
  <w id="4" lemma="|be|" pos="VBZ" wid="4">is</w>
  <w id="5" lemma="|the|" pos="DT" wid="5">the</w>
  <w id="6" lemma="|proclamation|" pos="NN" wid="6">proclamation</w>
  <w id="7" lemma="|that|" pos="IN" wid="7">that</w>
  <w id="8" lemma="|the|" pos="DT" wid="8">the</w>
  <w id="9" lemma="|Church|" pos="NNP" wid="9">Church</w>
  <w id="10" lemma="|repeat|" pos="NNS" wid="10">repeats</w>
  <w id="11" lemma="|from|" pos="IN" wid="11">from</w>
  <w id="12" lemma="|the|" pos="DT" wid="12">the</w>
  <w id="13" lemma="|first|" pos="JJ" wid="13">first</w>
  <w id="14" lemma="|day|" pos="NN" wid="14">day</w>
  <w id="15" lemma="|:|" pos=":" wid="15">:</w>
  <w id="16" lemma="|``|" pos="``" wid="16">``</w>
  <w id="17" lemma="|Christ|" pos="NNP" wid="17">Christ</w>
  <w id="18" lemma="|be|" pos="VBZ" wid="18">is</w>
  <w id="19" lemma="|rise|" pos="VBN" wid="19">risen</w>
  <w id="20" lemma="|!|" pos="." wid="20">!</w>
  <w id="21" lemma="|''|" pos="''" wid="21">''</w>
  <w id="22" lemma="|.|" pos="." wid="22">.</w>
</sentence>
<sentence id="7">
  <w id="0" lemma="|and|" pos="CC" wid="0">And</w>
  <w id="1" lemma="|,|" pos="," wid="1">,</w>
  <w id="2" lemma="|in|" pos="IN" wid="2">in</w>
  <w id="3" lemma="|he|" pos="PRP" wid="3">Him</w>
  <w id="4" lemma="|,|" pos="," wid="4">,</w>
  <w id="5" lemma="|through|" pos="IN" wid="5">through</w>
  <w id="6" lemma="|Baptism|" pos="NNP" wid="6">Baptism</w>
  <w id="7" lemma="|,|" pos="," wid="7">,</w>
  <w id="8" lemma="|we|" pos="PRP" wid="8">we</w>
  <w id="9" lemma="|too|" pos="RB" wid="9">too</w>
  <w id="10" lemma="|be|" pos="VBP" wid="10">are</w>
  <w id="11" lemma="|rise|" pos="VBN" wid="11">risen</w>
  <w id="12" lemma="|,|" pos="," wid="12">,</w>
  <w id="13" lemma="|we|" pos="PRP" wid="13">we</w>
  <w id="14" lemma="|have|" pos="VBP" wid="14">have</w>
  <w id="15" lemma="|pass|" pos="VBN" wid="15">passed</w>
  <w id="16" lemma="|from|" pos="IN" wid="16">from</w>
  <w id="17" lemma="|death|" pos="NN" wid="17">death</w>
  <w id="18" lemma="|to|" pos="TO" wid="18">to</w>
  <w id="19" lemma="|life|" pos="NN" wid="19">life</w>
  <w id="20" lemma="|,|" pos="," wid="20">,</w>
  <w id="21" lemma="|from|" pos="IN" wid="21">from</w>
  <w id="22" lemma="|the|" pos="DT" wid="22">the</w>
  <w id="23" lemma="|slavery|" pos="NN" wid="23">slavery</w>
  <w id="24" lemma="|of|" pos="IN" wid="24">of</w>
  <w id="25" lemma="|sin|" pos="NN" wid="25">sin</w>
  <w id="26" lemma="|to|" pos="TO" wid="26">to</w>
  <w id="27" lemma="|the|" pos="DT" wid="27">the</w>
  <w id="28" lemma="|freedom|" pos="NN" wid="28">freedom</w>
  <w id="29" lemma="|of|" pos="IN" wid="29">of</w>
  <w id="30" lemma="|love|" pos="NN" wid="30">love</w>
  <w id="31" lemma="|.|" pos="." wid="31">.</w>
</sentence>
<sentence id="8">
  <w id="0" lemma="|behold|" pos="VB" wid="0">Behold</w>
  <w id="1" lemma="|the|" pos="DT" wid="1">the</w>
  <w id="2" lemma="|Good|" pos="NNP" wid="2">Good</w>
  <w id="3" lemma="|News|" pos="NNP" wid="3">News</w>
  <w id="4" lemma="|that|" pos="IN" wid="4">that</w>
  <w id="5" lemma="|we|" pos="PRP" wid="5">we</w>
  <w id="6" lemma="|be|" pos="VBP" wid="6">are</w>
  <w id="7" lemma="|call|" pos="VBN" wid="7">called</w>
  <w id="8" lemma="|to|" pos="TO" wid="8">to</w>
  <w id="9" lemma="|take|" pos="VB" wid="9">take</w>
  <w id="10" lemma="|to|" pos="TO" wid="10">to</w>
  <w id="11" lemma="|other|" pos="NNS" wid="11">others</w>
  <w id="12" lemma="|and|" pos="CC" wid="12">and</w>
  <w id="13" lemma="|to|" pos="TO" wid="13">to</w>
  <w id="14" lemma="|every|" pos="DT" wid="14">every</w>
  <w id="15" lemma="|place|" pos="NN" wid="15">place</w>
  <w id="16" lemma="|,|" pos="," wid="16">,</w>
  <w id="17" lemma="|inspire|" pos="VBN" wid="17">inspired</w>
  <w id="18" lemma="|by|" pos="IN" wid="18">by</w>
  <w id="19" lemma="|the|" pos="DT" wid="19">the</w>
  <w id="20" lemma="|holy|" pos="JJ" wid="20">Holy</w>
  <w id="21" lemma="|spirit|" pos="NN" wid="21">Spirit</w>
  <w id="22" lemma="|.|" pos="." wid="22">.</w>
</sentence>
<sentence id="9">
  <w id="0" lemma="|faith|" pos="NN" wid="0">Faith</w>
  <w id="1" lemma="|in|" pos="IN" wid="1">in</w>
  <w id="2" lemma="|the|" pos="DT" wid="2">the</w>
  <w id="3" lemma="|resurrection|" pos="NN" wid="3">Resurrection</w>
  <w id="4" lemma="|of|" pos="IN" wid="4">of</w>
  <w id="5" lemma="|Jesus|" pos="NNP" wid="5">Jesus</w>
  <w id="6" lemma="|and|" pos="CC" wid="6">and</w>
  <w id="7" lemma="|the|" pos="DT" wid="7">the</w>
  <w id="8" lemma="|hope|" pos="NN" wid="8">hope</w>
  <w id="9" lemma="|that|" pos="IN" wid="9">that</w>
  <w id="10" lemma="|he|" pos="PRP" wid="10">He</w>
  <w id="11" lemma="|bring|" pos="VBD" wid="11">brought</w>
  <w id="12" lemma="|we|" pos="PRP" wid="12">us</w>
  <w id="13" lemma="|be|" pos="VBZ" wid="13">is</w>
  <w id="14" lemma="|the|" pos="DT" wid="14">the</w>
  <w id="15" lemma="|most|" pos="RBS" wid="15">most</w>
  <w id="16" lemma="|beautiful|" pos="JJ" wid="16">beautiful</w>
  <w id="17" lemma="|gift|" pos="NN" wid="17">gift</w>
  <w id="18" lemma="|that|" pos="IN" wid="18">that</w>
  <w id="19" lemma="|the|" pos="DT" wid="19">the</w>
  <w id="20" lemma="|Christian|" pos="NNP" wid="20">Christian</w>
  <w id="21" lemma="|can|" pos="MD" wid="21">can</w>
  <w id="22" lemma="|and|" pos="CC" wid="22">and</w>
  <w id="23" lemma="|must|" pos="MD" wid="23">must</w>
  <w id="24" lemma="|give|" pos="VB" wid="24">give</w>
  <w id="25" lemma="|to|" pos="TO" wid="25">to</w>
  <w id="26" lemma="|he|" pos="PRP$" wid="26">his</w>
  <w id="27" lemma="|brother|" pos="NNS" wid="27">brothers</w>
  <w id="28" lemma="|.|" pos="." wid="28">.</w>
</sentence>
<sentence id="10">
  <w id="0" lemma="|to|" pos="TO" wid="0">To</w>
  <w id="1" lemma="|all|" pos="DT" wid="1">all</w>
  <w id="2" lemma="|and|" pos="CC" wid="2">and</w>
  <w id="3" lemma="|to|" pos="TO" wid="3">to</w>
  <w id="4" lemma="|each|" pos="DT" wid="4">each</w>
  <w id="5" lemma="|,|" pos="," wid="5">,</w>
  <w id="6" lemma="|therefore|" pos="RB" wid="6">therefore</w>
  <w id="7" lemma="|,|" pos="," wid="7">,</w>
  <w id="8" lemma="|let|" pos="VB" wid="8">let</w>
  <w id="9" lemma="|we|" pos="PRP" wid="9">us</w>
  <w id="10" lemma="|not|" pos="RB" wid="10">not</w>
  <w id="11" lemma="|tire|" pos="NN" wid="11">tire</w>
  <w id="12" lemma="|of|" pos="IN" wid="12">of</w>
  <w id="13" lemma="|say|" pos="VBG" wid="13">saying</w>
  <w id="14" lemma="|:|" pos=":" wid="14">:</w>
  <w id="15" lemma="|Christ|" pos="NNP" wid="15">Christ</w>
  <w id="16" lemma="|be|" pos="VBZ" wid="16">is</w>
  <w id="17" lemma="|rise|" pos="VBN" wid="17">risen</w>
  <w id="18" lemma="|!|" pos="." wid="18">!</w>
</sentence>
<sentence id="11">
  <w id="0" lemma="|let|" pos="VB" wid="0">Let</w>
  <w id="1" lemma="|we|" pos="PRP" wid="1">us</w>
  <w id="2" lemma="|repeat|" pos="VB" wid="2">repeat</w>
  <w id="3" lemma="|it|" pos="PRP" wid="3">it</w>
  <w id="4" lemma="|all|" pos="RB" wid="4">all</w>
  <w id="5" lemma="|together|" pos="RB" wid="5">together</w>
  <w id="6" lemma="|,|" pos="," wid="6">,</w>
  <w id="7" lemma="|today|" pos="NN" wid="7">today</w>
  <w id="8" lemma="|here|" pos="RB" wid="8">here</w>
  <w id="9" lemma="|in|" pos="IN" wid="9">in</w>
  <w id="10" lemma="|the|" pos="DT" wid="10">the</w>
  <w id="11" lemma="|Square|" pos="NNP" wid="11">Square</w>
  <w id="12" lemma="|:|" pos=":" wid="12">:</w>
  <w id="13" lemma="|Christ|" pos="NNP" wid="13">Christ</w>
  <w id="14" lemma="|be|" pos="VBZ" wid="14">is</w>
  <w id="15" lemma="|rise|" pos="VBN" wid="15">risen</w>
  <w id="16" lemma="|!|" pos="." wid="16">!</w>
</sentence>
<sentence id="12">
  <w id="0" lemma="|let|" pos="VB" wid="0">Let</w>
  <w id="1" lemma="|we|" pos="PRP" wid="1">us</w>
  <w id="2" lemma="|repeat|" pos="VB" wid="2">repeat</w>
  <w id="3" lemma="|it|" pos="PRP" wid="3">it</w>
  <w id="4" lemma="|with|" pos="IN" wid="4">with</w>
  <w id="5" lemma="|word|" pos="NNS" wid="5">words</w>
  <w id="6" lemma="|,|" pos="," wid="6">,</w>
  <w id="7" lemma="|but|" pos="CC" wid="7">but</w>
  <w id="8" lemma="|above|" pos="IN" wid="8">above</w>
  <w id="9" lemma="|all|" pos="DT" wid="9">all</w>
  <w id="10" lemma="|with|" pos="IN" wid="10">with</w>
  <w id="11" lemma="|the|" pos="DT" wid="11">the</w>
  <w id="12" lemma="|witness|" pos="NN" wid="12">witness</w>
  <w id="13" lemma="|of|" pos="IN" wid="13">of</w>
  <w id="14" lemma="|we|" pos="PRP$" wid="14">our</w>
  <w id="15" lemma="|life|" pos="NNS" wid="15">lives</w>
  <w id="16" lemma="|.|" pos="." wid="16">.</w>
</sentence>
<sentence id="13">
  <w id="0" lemma="|the|" pos="DT" wid="0">The</w>
  <w id="1" lemma="|happy|" pos="JJ" wid="1">happy</w>
  <w id="2" lemma="|news|" pos="NN" wid="2">news</w>
  <w id="3" lemma="|of|" pos="IN" wid="3">of</w>
  <w id="4" lemma="|the|" pos="DT" wid="4">the</w>
  <w id="5" lemma="|resurrection|" pos="NN" wid="5">Resurrection</w>
  <w id="6" lemma="|should|" pos="MD" wid="6">should</w>
  <w id="7" lemma="|shine|" pos="VB" wid="7">shine</w>
  <w id="8" lemma="|on|" pos="IN" wid="8">on</w>
  <w id="9" lemma="|we|" pos="PRP$" wid="9">our</w>
  <w id="10" lemma="|face|" pos="NNS" wid="10">faces</w>
  <w id="11" lemma="|,|" pos="," wid="11">,</w>
  <w id="12" lemma="|in|" pos="IN" wid="12">in</w>
  <w id="13" lemma="|we|" pos="PRP$" wid="13">our</w>
  <w id="14" lemma="|feeling|" pos="NNS" wid="14">feelings</w>
  <w id="15" lemma="|and|" pos="CC" wid="15">and</w>
  <w id="16" lemma="|attitude|" pos="NNS" wid="16">attitudes</w>
  <w id="17" lemma="|,|" pos="," wid="17">,</w>
  <w id="18" lemma="|in|" pos="IN" wid="18">in</w>
  <w id="19" lemma="|the|" pos="DT" wid="19">the</w>
  <w id="20" lemma="|way|" pos="NN" wid="20">way</w>
  <w id="21" lemma="|we|" pos="PRP" wid="21">we</w>
  <w id="22" lemma="|treat|" pos="VBP" wid="22">treat</w>
  <w id="23" lemma="|other|" pos="NNS" wid="23">others</w>
  <w id="24" lemma="|.|" pos="." wid="24">.</w>
</sentence>
<sentence id="14">
  <w id="0" lemma="|we|" pos="PRP" wid="0">We</w>
  <w id="1" lemma="|proclaim|" pos="VBP" wid="1">proclaim</w>
  <w id="2" lemma="|the|" pos="DT" wid="2">the</w>
  <w id="3" lemma="|resurrection|" pos="NN" wid="3">Resurrection</w>
  <w id="4" lemma="|of|" pos="IN" wid="4">of</w>
  <w id="5" lemma="|Christ|" pos="NNP" wid="5">Christ</w>
  <w id="6" lemma="|when|" pos="WRB" wid="6">when</w>
  <w id="7" lemma="|he|" pos="PRP$" wid="7">his</w>
  <w id="8" lemma="|light|" pos="NN" wid="8">light</w>
  <w id="9" lemma="|illuminate|" pos="VBZ" wid="9">illuminates</w>
  <w id="10" lemma="|the|" pos="DT" wid="10">the</w>
  <w id="11" lemma="|dark|" pos="JJ" wid="11">dark</w>
  <w id="12" lemma="|moment|" pos="NNS" wid="12">moments</w>
  <w id="13" lemma="|of|" pos="IN" wid="13">of</w>
  <w id="14" lemma="|we|" pos="PRP$" wid="14">our</w>
  <w id="15" lemma="|life|" pos="NN" wid="15">life</w>
  <w id="16" lemma="|and|" pos="CC" wid="16">and</w>
  <w id="17" lemma="|we|" pos="PRP" wid="17">we</w>
  <w id="18" lemma="|can|" pos="MD" wid="18">can</w>
  <w id="19" lemma="|share|" pos="VB" wid="19">share</w>
  <w id="20" lemma="|that|" pos="IN" wid="20">that</w>
  <w id="21" lemma="|with|" pos="IN" wid="21">with</w>
  <w id="22" lemma="|other|" pos="NNS" wid="22">others</w>
  <w id="23" lemma="|:|" pos=":" wid="23">:</w>
  <w id="24" lemma="|when|" pos="WRB" wid="24">when</w>
  <w id="25" lemma="|we|" pos="PRP" wid="25">we</w>
  <w id="26" lemma="|know|" pos="VBP" wid="26">know</w>
  <w id="27" lemma="|how|" pos="WRB" wid="27">how</w>
  <w id="28" lemma="|to|" pos="TO" wid="28">to</w>
  <w id="29" lemma="|smile|" pos="VB" wid="29">smile</w>
  <w id="30" lemma="|with|" pos="IN" wid="30">with</w>
  <w id="31" lemma="|those|" pos="DT" wid="31">those</w>
  <w id="32" lemma="|who|" pos="WP" wid="32">who</w>
  <w id="33" lemma="|smile|" pos="VBP" wid="33">smile</w>
  <w id="34" lemma="|and|" pos="CC" wid="34">and</w>
  <w id="35" lemma="|weep|" pos="NN" wid="35">weep</w>
  <w id="36" lemma="|with|" pos="IN" wid="36">with</w>
  <w id="37" lemma="|those|" pos="DT" wid="37">those</w>
  <w id="38" lemma="|who|" pos="WP" wid="38">who</w>
  <w id="39" lemma="|weep|" pos="NN" wid="39">weep</w>
  <w id="40" lemma="|;|" pos=":" wid="40">;</w>
  <w id="41" lemma="|when|" pos="WRB" wid="41">when</w>
  <w id="42" lemma="|we|" pos="PRP" wid="42">we</w>
  <w id="43" lemma="|walk|" pos="VBP" wid="43">walk</w>
  <w id="44" lemma="|beside|" pos="IN" wid="44">beside</w>
  <w id="45" lemma="|those|" pos="DT" wid="45">those</w>
  <w id="46" lemma="|who|" pos="WP" wid="46">who</w>
  <w id="47" lemma="|be|" pos="VBP" wid="47">are</w>
  <w id="48" lemma="|sad|" pos="JJ" wid="48">sad</w>
  <w id="49" lemma="|and|" pos="CC" wid="49">and</w>
  <w id="50" lemma="|in|" pos="IN" wid="50">in</w>
  <w id="51" lemma="|danger|" pos="NN" wid="51">danger</w>
  <w id="52" lemma="|of|" pos="IN" wid="52">of</w>
  <w id="53" lemma="|lose|" pos="VBG" wid="53">losing</w>
  <w id="54" lemma="|hope|" pos="NN" wid="54">hope</w>
  <w id="55" lemma="|;|" pos=":" wid="55">;</w>
  <w id="56" lemma="|when|" pos="WRB" wid="56">when</w>
  <w id="57" lemma="|we|" pos="PRP" wid="57">we</w>
  <w id="58" lemma="|recount|" pos="VBP" wid="58">recount</w>
  <w id="59" lemma="|we|" pos="PRP$" wid="59">our</w>
  <w id="60" lemma="|experience|" pos="NN" wid="60">experience</w>
  <w id="61" lemma="|of|" pos="IN" wid="61">of</w>
  <w id="62" lemma="|faith|" pos="NN" wid="62">faith</w>
  <w id="63" lemma="|with|" pos="IN" wid="63">with</w>
  <w id="64" lemma="|those|" pos="DT" wid="64">those</w>
  <w id="65" lemma="|who|" pos="WP" wid="65">who</w>
  <w id="66" lemma="|be|" pos="VBP" wid="66">are</w>
  <w id="67" lemma="|search|" pos="VBG" wid="67">searching</w>
  <w id="68" lemma="|for|" pos="IN" wid="68">for</w>
  <w id="69" lemma="|meaning|" pos="NN" wid="69">meaning</w>
  <w id="70" lemma="|and|" pos="CC" wid="70">and</w>
  <w id="71" lemma="|for|" pos="IN" wid="71">for</w>
  <w id="72" lemma="|happiness|" pos="NN" wid="72">happiness</w>
  <w id="73" lemma="|.|" pos="." wid="73">.</w>
</sentence>
<sentence id="15">
  <w id="0" lemma="|with|" pos="IN" wid="0">With</w>
  <w id="1" lemma="|we|" pos="PRP$" wid="1">our</w>
  <w id="2" lemma="|attitude|" pos="NN" wid="2">attitude</w>
  <w id="3" lemma="|,|" pos="," wid="3">,</w>
  <w id="4" lemma="|with|" pos="IN" wid="4">with</w>
  <w id="5" lemma="|we|" pos="PRP$" wid="5">our</w>
  <w id="6" lemma="|witness|" pos="NN" wid="6">witness</w>
  <w id="7" lemma="|,|" pos="," wid="7">,</w>
  <w id="8" lemma="|with|" pos="IN" wid="8">with</w>
  <w id="9" lemma="|we|" pos="PRP$" wid="9">our</w>
  <w id="10" lemma="|life|" pos="NN" wid="10">life</w>
  <w id="11" lemma="|,|" pos="," wid="11">,</w>
  <w id="12" lemma="|we|" pos="PRP" wid="12">we</w>
  <w id="13" lemma="|say|" pos="VBP" wid="13">say</w>
  <w id="14" lemma="|:|" pos=":" wid="14">:</w>
  <w id="15" lemma="|Jesus|" pos="NNP" wid="15">Jesus</w>
  <w id="16" lemma="|be|" pos="VBZ" wid="16">is</w>
  <w id="17" lemma="|rise|" pos="VBN" wid="17">risen</w>
  <w id="18" lemma="|!|" pos="." wid="18">!</w>
</sentence>
<sentence id="16">
  <w id="0" lemma="|let|" pos="VB" wid="0">Let</w>
  <w id="1" lemma="|we|" pos="PRP" wid="1">us</w>
  <w id="2" lemma="|say|" pos="VB" wid="2">say</w>
  <w id="3" lemma="|it|" pos="PRP" wid="3">it</w>
  <w id="4" lemma="|with|" pos="IN" wid="4">with</w>
  <w id="5" lemma="|all|" pos="DT" wid="5">all</w>
  <w id="6" lemma="|we|" pos="PRP$" wid="6">our</w>
  <w id="7" lemma="|soul|" pos="NN" wid="7">soul</w>
  <w id="8" lemma="|.|" pos="." wid="8">.</w>
</sentence>
<sentence id="17">
  <w id="0" lemma="|we|" pos="PRP" wid="0">We</w>
  <w id="1" lemma="|be|" pos="VBP" wid="1">are</w>
  <w id="2" lemma="|in|" pos="IN" wid="2">in</w>
  <w id="3" lemma="|day|" pos="NNS" wid="3">days</w>
  <w id="4" lemma="|of|" pos="IN" wid="4">of</w>
  <w id="5" lemma="|the|" pos="DT" wid="5">the</w>
  <w id="6" lemma="|Easter|" pos="NNP" wid="6">Easter</w>
  <w id="7" lemma="|Octave|" pos="NNP" wid="7">Octave</w>
  <w id="8" lemma="|,|" pos="," wid="8">,</w>
  <w id="9" lemma="|during|" pos="IN" wid="9">during</w>
  <w id="10" lemma="|which|" pos="WDT" wid="10">which</w>
  <w id="11" lemma="|the|" pos="DT" wid="11">the</w>
  <w id="12" lemma="|joyful|" pos="JJ" wid="12">joyful</w>
  <w id="13" lemma="|atmosphere|" pos="NN" wid="13">atmosphere</w>
  <w id="14" lemma="|of|" pos="IN" wid="14">of</w>
  <w id="15" lemma="|the|" pos="DT" wid="15">the</w>
  <w id="16" lemma="|resurrection|" pos="NN" wid="16">Resurrection</w>
  <w id="17" lemma="|accompany|" pos="VBZ" wid="17">accompanies</w>
  <w id="18" lemma="|we|" pos="PRP" wid="18">us</w>
  <w id="19" lemma="|.|" pos="." wid="19">.</w>
</sentence>
<sentence id="18">
  <w id="0" lemma="|it|" pos="PRP" wid="0">It</w>
  <w id="1" lemma="|be|" pos="VBZ" wid="1">'s</w>
  <w id="2" lemma="|curious|" pos="JJ" wid="2">curious</w>
  <w id="3" lemma="|how|" pos="WRB" wid="3">how</w>
  <w id="4" lemma="|the|" pos="DT" wid="4">the</w>
  <w id="5" lemma="|Liturgy|" pos="NNP" wid="5">Liturgy</w>
  <w id="6" lemma="|consider|" pos="VBZ" wid="6">considers</w>
  <w id="7" lemma="|the|" pos="DT" wid="7">the</w>
  <w id="8" lemma="|entire|" pos="JJ" wid="8">entire</w>
  <w id="9" lemma="|Octave|" pos="NNP" wid="9">Octave</w>
  <w id="10" lemma="|as|" pos="IN" wid="10">as</w>
  <w id="11" lemma="|one|" pos="CD" wid="11">one</w>
  <w id="12" lemma="|single|" pos="JJ" wid="12">single</w>
  <w id="13" lemma="|day|" pos="NN" wid="13">day</w>
  <w id="14" lemma="|,|" pos="," wid="14">,</w>
  <w id="15" lemma="|in|" pos="IN" wid="15">in</w>
  <w id="16" lemma="|order|" pos="NN" wid="16">order</w>
  <w id="17" lemma="|to|" pos="TO" wid="17">to</w>
  <w id="18" lemma="|help|" pos="VB" wid="18">help</w>
  <w id="19" lemma="|we|" pos="PRP" wid="19">us</w>
  <w id="20" lemma="|centre|" pos="VB" wid="20">centre</w>
  <w id="21" lemma="|into|" pos="IN" wid="21">into</w>
  <w id="22" lemma="|the|" pos="DT" wid="22">the</w>
  <w id="23" lemma="|Mystery|" pos="NNP" wid="23">Mystery</w>
  <w id="24" lemma="|,|" pos="," wid="24">,</w>
  <w id="25" lemma="|so|" pos="IN" wid="25">so</w>
  <w id="26" lemma="|that|" pos="IN" wid="26">that</w>
  <w id="27" lemma="|he|" pos="PRP$" wid="27">his</w>
  <w id="28" lemma="|grace|" pos="NN" wid="28">grace</w>
  <w id="29" lemma="|may|" pos="MD" wid="29">may</w>
  <w id="30" lemma="|impress|" pos="VB" wid="30">impress</w>
  <w id="31" lemma="|itself|" pos="PRP" wid="31">itself</w>
  <w id="32" lemma="|on|" pos="IN" wid="32">on</w>
  <w id="33" lemma="|we|" pos="PRP$" wid="33">our</w>
  <w id="34" lemma="|heart|" pos="NNS" wid="34">hearts</w>
  <w id="35" lemma="|and|" pos="CC" wid="35">and</w>
  <w id="36" lemma="|we|" pos="PRP$" wid="36">our</w>
  <w id="37" lemma="|life|" pos="NNS" wid="37">lives</w>
  <w id="38" lemma="|.|" pos="." wid="38">.</w>
</sentence>
<sentence id="19">
  <w id="0" lemma="|Easter|" pos="NNP" wid="0">Easter</w>
  <w id="1" lemma="|be|" pos="VBZ" wid="1">is</w>
  <w id="2" lemma="|the|" pos="DT" wid="2">the</w>
  <w id="3" lemma="|event|" pos="NN" wid="3">event</w>
  <w id="4" lemma="|that|" pos="WDT" wid="4">that</w>
  <w id="5" lemma="|bring|" pos="VBD" wid="5">brought</w>
  <w id="6" lemma="|radical|" pos="JJ" wid="6">radical</w>
  <w id="7" lemma="|news|" pos="NN" wid="7">news</w>
  <w id="8" lemma="|for|" pos="IN" wid="8">for</w>
  <w id="9" lemma="|every|" pos="DT" wid="9">every</w>
  <w id="10" lemma="|human|" pos="JJ" wid="10">human</w>
  <w id="11" lemma="|being|" pos="NN" wid="11">being</w>
  <w id="12" lemma="|,|" pos="," wid="12">,</w>
  <w id="13" lemma="|for|" pos="IN" wid="13">for</w>
  <w id="14" lemma="|history|" pos="NN" wid="14">history</w>
  <w id="15" lemma="|and|" pos="CC" wid="15">and</w>
  <w id="16" lemma="|for|" pos="IN" wid="16">for</w>
  <w id="17" lemma="|the|" pos="DT" wid="17">the</w>
  <w id="18" lemma="|world|" pos="NN" wid="18">world</w>
  <w id="19" lemma="|:|" pos=":" wid="19">:</w>
  <w id="20" lemma="|the|" pos="DT" wid="20">the</w>
  <w id="21" lemma="|triumph|" pos="NN" wid="21">triumph</w>
  <w id="22" lemma="|of|" pos="IN" wid="22">of</w>
  <w id="23" lemma="|life|" pos="NN" wid="23">life</w>
  <w id="24" lemma="|over|" pos="IN" wid="24">over</w>
  <w id="25" lemma="|death|" pos="NN" wid="25">death</w>
  <w id="26" lemma="|;|" pos=":" wid="26">;</w>
  <w id="27" lemma="|it|" pos="PRP" wid="27">it</w>
  <w id="28" lemma="|be|" pos="VBZ" wid="28">is</w>
  <w id="29" lemma="|the|" pos="DT" wid="29">the</w>
  <w id="30" lemma="|feast|" pos="NN" wid="30">feast</w>
  <w id="31" lemma="|of|" pos="IN" wid="31">of</w>
  <w id="32" lemma="|reawaken|" pos="VBG" wid="32">reawakening</w>
  <w id="33" lemma="|and|" pos="CC" wid="33">and</w>
  <w id="34" lemma="|of|" pos="IN" wid="34">of</w>
  <w id="35" lemma="|rebirth|" pos="NN" wid="35">rebirth</w>
  <w id="36" lemma="|.|" pos="." wid="36">.</w>
</sentence>
<sentence id="20">
  <w id="0" lemma="|let|" pos="VB" wid="0">Let</w>
  <w id="1" lemma="|we|" pos="PRP" wid="1">us</w>
  <w id="2" lemma="|allow|" pos="VB" wid="2">allow</w>
  <w id="3" lemma="|we|" pos="PRP$" wid="3">our</w>
  <w id="4" lemma="|life|" pos="NNS" wid="4">lives</w>
  <w id="5" lemma="|to|" pos="TO" wid="5">to</w>
  <w id="6" lemma="|be|" pos="VB" wid="6">be</w>
  <w id="7" lemma="|conquer|" pos="VBN" wid="7">conquered</w>
  <w id="8" lemma="|and|" pos="CC" wid="8">and</w>
  <w id="9" lemma="|transform|" pos="VBN" wid="9">transformed</w>
  <w id="10" lemma="|by|" pos="IN" wid="10">by</w>
  <w id="11" lemma="|the|" pos="DT" wid="11">the</w>
  <w id="12" lemma="|resurrection|" pos="NN" wid="12">Resurrection</w>
  <w id="13" lemma="|!|" pos="." wid="13">!</w>
</sentence>
<sentence id="21">
  <w id="0" lemma="|let|" pos="VB" wid="0">Let</w>
  <w id="1" lemma="|we|" pos="PRP" wid="1">us</w>
  <w id="2" lemma="|ask|" pos="VB" wid="2">ask</w>
  <w id="3" lemma="|the|" pos="DT" wid="3">the</w>
  <w id="4" lemma="|Virgin|" pos="NNP" wid="4">Virgin</w>
  <w id="5" lemma="|Mother|" pos="NNP" wid="5">Mother</w>
  <w id="6" lemma="|,|" pos="," wid="6">,</w>
  <w id="7" lemma="|the|" pos="DT" wid="7">the</w>
  <w id="8" lemma="|silent|" pos="JJ" wid="8">silent</w>
  <w id="9" lemma="|witness|" pos="NN" wid="9">witness</w>
  <w id="10" lemma="|of|" pos="IN" wid="10">of</w>
  <w id="11" lemma="|the|" pos="DT" wid="11">the</w>
  <w id="12" lemma="|death|" pos="NN" wid="12">death</w>
  <w id="13" lemma="|and|" pos="CC" wid="13">and</w>
  <w id="14" lemma="|resurrection|" pos="NN" wid="14">Resurrection</w>
  <w id="15" lemma="|of|" pos="IN" wid="15">of</w>
  <w id="16" lemma="|she|" pos="PRP$" wid="16">her</w>
  <w id="17" lemma="|Son|" pos="NNP" wid="17">Son</w>
  <w id="18" lemma="|,|" pos="," wid="18">,</w>
  <w id="19" lemma="|to|" pos="TO" wid="19">to</w>
  <w id="20" lemma="|foster|" pos="VB" wid="20">foster</w>
  <w id="21" lemma="|the|" pos="DT" wid="21">the</w>
  <w id="22" lemma="|growth|" pos="NN" wid="22">growth</w>
  <w id="23" lemma="|of|" pos="IN" wid="23">of</w>
  <w id="24" lemma="|Paschal|" pos="NNP" wid="24">Paschal</w>
  <w id="25" lemma="|joy|" pos="NN" wid="25">joy</w>
  <w id="26" lemma="|in|" pos="IN" wid="26">in</w>
  <w id="27" lemma="|we|" pos="PRP" wid="27">us</w>
  <w id="28" lemma="|.|" pos="." wid="28">.</w>
</sentence>
<sentence id="22">
  <w id="0" lemma="|let|" pos="VB" wid="0">Let</w>
  <w id="1" lemma="|we|" pos="PRP" wid="1">us</w>
  <w id="2" lemma="|do|" pos="VB" wid="2">do</w>
  <w id="3" lemma="|it|" pos="PRP" wid="3">it</w>
  <w id="4" lemma="|now|" pos="RB" wid="4">now</w>
  <w id="5" lemma="|with|" pos="IN" wid="5">with</w>
  <w id="6" lemma="|the|" pos="DT" wid="6">the</w>
  <w id="7" lemma="|recitation|" pos="NN" wid="7">recitation</w>
  <w id="8" lemma="|of|" pos="IN" wid="8">of</w>
  <w id="9" lemma="|the|" pos="DT" wid="9">the</w>
  <w id="10" lemma="|Regina|" pos="NNP" wid="10">Regina</w>
  <w id="11" lemma="|Caeli|" pos="NNP" wid="11">Caeli</w>
  <w id="12" lemma="|,|" pos="," wid="12">,</w>
  <w id="13" lemma="|which|" pos="WDT" wid="13">which</w>
  <w id="14" lemma="|in|" pos="IN" wid="14">in</w>
  <w id="15" lemma="|the|" pos="DT" wid="15">the</w>
  <w id="16" lemma="|Easter|" pos="NNP" wid="16">Easter</w>
  <w id="17" lemma="|season|" pos="NN" wid="17">Season</w>
  <w id="18" lemma="|substitute|" pos="VBZ" wid="18">substitutes</w>
  <w id="19" lemma="|the|" pos="DT" wid="19">the</w>
  <w id="20" lemma="|prayer|" pos="NN" wid="20">prayer</w>
  <w id="21" lemma="|of|" pos="IN" wid="21">of</w>
  <w id="22" lemma="|the|" pos="DT" wid="22">the</w>
  <w id="23" lemma="|Angelus|" pos="NNP" wid="23">Angelus</w>
  <w id="24" lemma="|.|" pos="." wid="24">.</w>
</sentence>
<sentence id="23">
  <w id="0" lemma="|in|" pos="IN" wid="0">In</w>
  <w id="1" lemma="|this|" pos="DT" wid="1">this</w>
  <w id="2" lemma="|prayer|" pos="NN" wid="2">prayer</w>
  <w id="3" lemma="|,|" pos="," wid="3">,</w>
  <w id="4" lemma="|express|" pos="VBN" wid="4">expressed</w>
  <w id="5" lemma="|by|" pos="IN" wid="5">by</w>
  <w id="6" lemma="|the|" pos="DT" wid="6">the</w>
  <w id="7" lemma="|Alleluia|" pos="NNP" wid="7">Alleluia</w>
  <w id="8" lemma="|,|" pos="," wid="8">,</w>
  <w id="9" lemma="|we|" pos="PRP" wid="9">we</w>
  <w id="10" lemma="|turn|" pos="VBP" wid="10">turn</w>
  <w id="11" lemma="|to|" pos="TO" wid="11">to</w>
  <w id="12" lemma="|Mary|" pos="NNP" wid="12">Mary</w>
  <w id="13" lemma="|invite|" pos="VBG" wid="13">inviting</w>
  <w id="14" lemma="|she|" pos="PRP" wid="14">her</w>
  <w id="15" lemma="|to|" pos="TO" wid="15">to</w>
  <w id="16" lemma="|rejoice|" pos="VB" wid="16">rejoice</w>
  <w id="17" lemma="|,|" pos="," wid="17">,</w>
  <w id="18" lemma="|because|" pos="IN" wid="18">because</w>
  <w id="19" lemma="|the|" pos="DT" wid="19">the</w>
  <w id="20" lemma="|one|" pos="CD" wid="20">One</w>
  <w id="21" lemma="|whom|" pos="WP" wid="21">whom</w>
  <w id="22" lemma="|she|" pos="PRP" wid="22">she</w>
  <w id="23" lemma="|carry|" pos="VBD" wid="23">carried</w>
  <w id="24" lemma="|in|" pos="IN" wid="24">in</w>
  <w id="25" lemma="|she|" pos="PRP$" wid="25">her</w>
  <w id="26" lemma="|womb|" pos="NN" wid="26">womb</w>
  <w id="27" lemma="|be|" pos="VBZ" wid="27">is</w>
  <w id="28" lemma="|Risen|" pos="NNP" wid="28">Risen</w>
  <w id="29" lemma="|as|" pos="IN" wid="29">as</w>
  <w id="30" lemma="|he|" pos="PRP" wid="30">He</w>
  <w id="31" lemma="|promise|" pos="VBD" wid="31">promised</w>
  <w id="32" lemma="|,|" pos="," wid="32">,</w>
  <w id="33" lemma="|and|" pos="CC" wid="33">and</w>
  <w id="34" lemma="|we|" pos="PRP" wid="34">we</w>
  <w id="35" lemma="|entrust|" pos="VBP" wid="35">entrust</w>
  <w id="36" lemma="|ourselves|" pos="PRP" wid="36">ourselves</w>
  <w id="37" lemma="|to|" pos="TO" wid="37">to</w>
  <w id="38" lemma="|she|" pos="PRP$" wid="38">her</w>
  <w id="39" lemma="|intercession|" pos="NN" wid="39">intercession</w>
  <w id="40" lemma="|.|" pos="." wid="40">.</w>
</sentence>
<sentence id="24">
  <w id="0" lemma="|in|" pos="IN" wid="0">In</w>
  <w id="1" lemma="|fact|" pos="NN" wid="1">fact</w>
  <w id="2" lemma="|,|" pos="," wid="2">,</w>
  <w id="3" lemma="|we|" pos="PRP$" wid="3">our</w>
  <w id="4" lemma="|joy|" pos="NN" wid="4">joy</w>
  <w id="5" lemma="|be|" pos="VBZ" wid="5">is</w>
  <w id="6" lemma="|a|" pos="DT" wid="6">a</w>
  <w id="7" lemma="|reflection|" pos="NN" wid="7">reflection</w>
  <w id="8" lemma="|of|" pos="IN" wid="8">of</w>
  <w id="9" lemma="|Mary|" pos="NNP" wid="9">Mary</w>
  <w id="10" lemma="|'s|" pos="POS" wid="10">'s</w>
  <w id="11" lemma="|joy|" pos="NN" wid="11">joy</w>
  <w id="12" lemma="|,|" pos="," wid="12">,</w>
  <w id="13" lemma="|for|" pos="IN" wid="13">for</w>
  <w id="14" lemma="|it|" pos="PRP" wid="14">it</w>
  <w id="15" lemma="|be|" pos="VBZ" wid="15">is</w>
  <w id="16" lemma="|she|" pos="PRP" wid="16">she</w>
  <w id="17" lemma="|who|" pos="WP" wid="17">who</w>
  <w id="18" lemma="|guard|" pos="VBD" wid="18">guarded</w>
  <w id="19" lemma="|and|" pos="CC" wid="19">and</w>
  <w id="20" lemma="|guard|" pos="NNS" wid="20">guards</w>
  <w id="21" lemma="|with|" pos="IN" wid="21">with</w>
  <w id="22" lemma="|faith|" pos="NN" wid="22">faith</w>
  <w id="23" lemma="|the|" pos="DT" wid="23">the</w>
  <w id="24" lemma="|event|" pos="NNS" wid="24">events</w>
  <w id="25" lemma="|of|" pos="IN" wid="25">of</w>
  <w id="26" lemma="|Jesus|" pos="NNP" wid="26">Jesus</w>
  <w id="27" lemma="|.|" pos="." wid="27">.</w>
</sentence>
<sentence id="25">
  <w id="0" lemma="|let|" pos="VB" wid="0">Let</w>
  <w id="1" lemma="|we|" pos="PRP" wid="1">us</w>
  <w id="2" lemma="|therefore|" pos="RB" wid="2">therefore</w>
  <w id="3" lemma="|recite|" pos="VBP" wid="3">recite</w>
  <w id="4" lemma="|this|" pos="DT" wid="4">this</w>
  <w id="5" lemma="|prayer|" pos="NN" wid="5">prayer</w>
  <w id="6" lemma="|with|" pos="IN" wid="6">with</w>
  <w id="7" lemma="|the|" pos="DT" wid="7">the</w>
  <w id="8" lemma="|emotion|" pos="NN" wid="8">emotion</w>
  <w id="9" lemma="|of|" pos="IN" wid="9">of</w>
  <w id="10" lemma="|child|" pos="NNS" wid="10">children</w>
  <w id="11" lemma="|who|" pos="WP" wid="11">who</w>
  <w id="12" lemma="|be|" pos="VBP" wid="12">are</w>
  <w id="13" lemma="|happy|" pos="JJ" wid="13">happy</w>
  <w id="14" lemma="|because|" pos="IN" wid="14">because</w>
  <w id="15" lemma="|they|" pos="PRP$" wid="15">their</w>
  <w id="16" lemma="|mother|" pos="NN" wid="16">mother</w>
  <w id="17" lemma="|be|" pos="VBZ" wid="17">is</w>
  <w id="18" lemma="|happy|" pos="JJ" wid="18">happy</w>
  <w id="19" lemma="|.|" pos="." wid="19">.</w>
</sentence>
<sentence id="26">
  <w id="0" lemma="|after|" pos="IN" wid="0">After</w>
  <w id="1" lemma="|the|" pos="DT" wid="1">the</w>
  <w id="2" lemma="|Regina|" pos="NNP" wid="2">Regina</w>
  <w id="3" lemma="|Caeli|" pos="NNP" wid="3">Caeli</w>
  <w id="4" lemma="|:|" pos=":" wid="4">:</w>
  <w id="5" lemma="|in|" pos="IN" wid="5">In</w>
  <w id="6" lemma="|this|" pos="DT" wid="6">this</w>
  <w id="7" lemma="|beautiful|" pos="JJ" wid="7">beautiful</w>
  <w id="8" lemma="|Easter|" pos="NNP" wid="8">Easter</w>
  <w id="9" lemma="|climate|" pos="NN" wid="9">climate</w>
  <w id="10" lemma="|,|" pos="," wid="10">,</w>
  <w id="11" lemma="|I|" pos="PRP" wid="11">I</w>
  <w id="12" lemma="|cordially|" pos="RB" wid="12">cordially</w>
  <w id="13" lemma="|greet|" pos="VB" wid="13">greet</w>
  <w id="14" lemma="|all|" pos="DT" wid="14">all</w>
  <w id="15" lemma="|of|" pos="IN" wid="15">of</w>
  <w id="16" lemma="|you|" pos="PRP" wid="16">you</w>
  <w id="17" lemma="|,|" pos="," wid="17">,</w>
  <w id="18" lemma="|dear|" pos="RB" wid="18">dear</w>
  <w id="19" lemma="|pilgrim|" pos="NNS" wid="19">pilgrims</w>
  <w id="20" lemma="|from|" pos="IN" wid="20">from</w>
  <w id="21" lemma="|Italy|" pos="NNP" wid="21">Italy</w>
  <w id="22" lemma="|and|" pos="CC" wid="22">and</w>
  <w id="23" lemma="|various|" pos="JJ" wid="23">various</w>
  <w id="24" lemma="|part|" pos="NNS" wid="24">parts</w>
  <w id="25" lemma="|of|" pos="IN" wid="25">of</w>
  <w id="26" lemma="|the|" pos="DT" wid="26">the</w>
  <w id="27" lemma="|world|" pos="NN" wid="27">world</w>
  <w id="28" lemma="|to|" pos="TO" wid="28">to</w>
  <w id="29" lemma="|participate|" pos="VB" wid="29">participate</w>
  <w id="30" lemma="|in|" pos="IN" wid="30">in</w>
  <w id="31" lemma="|this|" pos="DT" wid="31">this</w>
  <w id="32" lemma="|moment|" pos="NN" wid="32">moment</w>
  <w id="33" lemma="|of|" pos="IN" wid="33">of</w>
  <w id="34" lemma="|prayer|" pos="NN" wid="34">prayer</w>
  <w id="35" lemma="|.|" pos="." wid="35">.</w>
</sentence>
<sentence id="27">
  <w id="0" lemma="|in|" pos="IN" wid="0">In</w>
  <w id="1" lemma="|particular|" pos="JJ" wid="1">particular</w>
  <w id="2" lemma="|,|" pos="," wid="2">,</w>
  <w id="3" lemma="|I|" pos="PRP" wid="3">I</w>
  <w id="4" lemma="|be|" pos="VBP" wid="4">am</w>
  <w id="5" lemma="|delighted|" pos="JJ" wid="5">delighted</w>
  <w id="6" lemma="|to|" pos="TO" wid="6">to</w>
  <w id="7" lemma="|welcome|" pos="VB" wid="7">welcome</w>
  <w id="8" lemma="|a|" pos="DT" wid="8">a</w>
  <w id="9" lemma="|delegation|" pos="NN" wid="9">Delegation</w>
  <w id="10" lemma="|from|" pos="IN" wid="10">from</w>
  <w id="11" lemma="|the|" pos="DT" wid="11">the</w>
  <w id="12" lemma="|shalom|" pos="FW" wid="12">Shalom</w>
  <w id="13" lemma="|Movement|" pos="NNP" wid="13">Movement</w>
  <w id="14" lemma="|,|" pos="," wid="14">,</w>
  <w id="15" lemma="|who|" pos="WP" wid="15">who</w>
  <w id="16" lemma="|have|" pos="VBP" wid="16">have</w>
  <w id="17" lemma="|arrive|" pos="VBN" wid="17">arrived</w>
  <w id="18" lemma="|at|" pos="IN" wid="18">at</w>
  <w id="19" lemma="|the|" pos="DT" wid="19">the</w>
  <w id="20" lemma="|last|" pos="JJ" wid="20">last</w>
  <w id="21" lemma="|stage|" pos="NN" wid="21">stage</w>
  <w id="22" lemma="|of|" pos="IN" wid="22">of</w>
  <w id="23" lemma="|they|" pos="PRP$" wid="23">their</w>
  <w id="24" lemma="|solidarity|" pos="NN" wid="24">solidarity</w>
  <w id="25" lemma="|relay|" pos="NN" wid="25">relay</w>
  <w id="26" lemma="|to|" pos="TO" wid="26">to</w>
  <w id="27" lemma="|raise|" pos="VB" wid="27">raise</w>
  <w id="28" lemma="|public|" pos="JJ" wid="28">public</w>
  <w id="29" lemma="|awareness|" pos="NN" wid="29">awareness</w>
  <w id="30" lemma="|concern|" pos="VBG" wid="30">concerning</w>
  <w id="31" lemma="|the|" pos="DT" wid="31">the</w>
  <w id="32" lemma="|persecution|" pos="NN" wid="32">persecution</w>
  <w id="33" lemma="|of|" pos="IN" wid="33">of</w>
  <w id="34" lemma="|christian|" pos="NNS" wid="34">Christians</w>
  <w id="35" lemma="|around|" pos="IN" wid="35">around</w>
  <w id="36" lemma="|the|" pos="DT" wid="36">the</w>
  <w id="37" lemma="|world|" pos="NN" wid="37">world</w>
  <w id="38" lemma="|.|" pos="." wid="38">.</w>
</sentence>
<sentence id="28">
  <w id="0" lemma="|the|" pos="DT" wid="0">The</w>
  <w id="1" lemma="|itinerary|" pos="NN" wid="1">itinerary</w>
  <w id="2" lemma="|of|" pos="IN" wid="2">of</w>
  <w id="3" lemma="|you|" pos="PRP$" wid="3">your</w>
  <w id="4" lemma="|travels|" pos="NNS" wid="4">travels</w>
  <w id="5" lemma="|be|" pos="VBZ" wid="5">is</w>
  <w id="6" lemma="|over|" pos="RB" wid="6">over</w>
  <w id="7" lemma="|,|" pos="," wid="7">,</w>
  <w id="8" lemma="|but|" pos="CC" wid="8">but</w>
  <w id="9" lemma="|the|" pos="DT" wid="9">the</w>
  <w id="10" lemma="|spiritual|" pos="JJ" wid="10">spiritual</w>
  <w id="11" lemma="|journey|" pos="NN" wid="11">journey</w>
  <w id="12" lemma="|of|" pos="IN" wid="12">of</w>
  <w id="13" lemma="|intense|" pos="JJ" wid="13">intense</w>
  <w id="14" lemma="|prayer|" pos="NN" wid="14">prayer</w>
  <w id="15" lemma="|must|" pos="MD" wid="15">must</w>
  <w id="16" lemma="|continue|" pos="VB" wid="16">continue</w>
  <w id="17" lemma="|for|" pos="IN" wid="17">for</w>
  <w id="18" lemma="|everyone|" pos="NN" wid="18">everyone</w>
  <w id="19" lemma="|,|" pos="," wid="19">,</w>
  <w id="20" lemma="|we|" pos="PRP$" wid="20">our</w>
  <w id="21" lemma="|concrete|" pos="JJ" wid="21">concrete</w>
  <w id="22" lemma="|participation|" pos="NN" wid="22">participation</w>
  <w id="23" lemma="|and|" pos="CC" wid="23">and</w>
  <w id="24" lemma="|tangible|" pos="JJ" wid="24">tangible</w>
  <w id="25" lemma="|help|" pos="NN" wid="25">help</w>
  <w id="26" lemma="|in|" pos="IN" wid="26">in</w>
  <w id="27" lemma="|the|" pos="DT" wid="27">the</w>
  <w id="28" lemma="|defence|" pos="NN" wid="28">defence</w>
  <w id="29" lemma="|and|" pos="CC" wid="29">and</w>
  <w id="30" lemma="|protection|" pos="NN" wid="30">protection</w>
  <w id="31" lemma="|of|" pos="IN" wid="31">of</w>
  <w id="32" lemma="|we|" pos="PRP$" wid="32">our</w>
  <w id="33" lemma="|brother|" pos="NNS" wid="33">brothers</w>
  <w id="34" lemma="|and|" pos="CC" wid="34">and</w>
  <w id="35" lemma="|sister|" pos="NNS" wid="35">sisters</w>
  <w id="36" lemma="|,|" pos="," wid="36">,</w>
  <w id="37" lemma="|who|" pos="WP" wid="37">who</w>
  <w id="38" lemma="|be|" pos="VBP" wid="38">are</w>
  <w id="39" lemma="|be|" pos="VBG" wid="39">being</w>
  <w id="40" lemma="|persecute|" pos="VBN" wid="40">persecuted</w>
  <w id="41" lemma="|,|" pos="," wid="41">,</w>
  <w id="42" lemma="|exile|" pos="VBN" wid="42">exiled</w>
  <w id="43" lemma="|,|" pos="," wid="43">,</w>
  <w id="44" lemma="|kill|" pos="VBN" wid="44">killed</w>
  <w id="45" lemma="|,|" pos="," wid="45">,</w>
  <w id="46" lemma="|decapitate|" pos="VBN" wid="46">decapitated</w>
  <w id="47" lemma="|for|" pos="IN" wid="47">for</w>
  <w id="48" lemma="|the|" pos="DT" wid="48">the</w>
  <w id="49" lemma="|sole|" pos="JJ" wid="49">sole</w>
  <w id="50" lemma="|reason|" pos="NN" wid="50">reason</w>
  <w id="51" lemma="|that|" pos="IN" wid="51">that</w>
  <w id="52" lemma="|they|" pos="PRP" wid="52">they</w>
  <w id="53" lemma="|be|" pos="VBP" wid="53">are</w>
  <w id="54" lemma="|Christian|" pos="NNP" wid="54">Christian</w>
  <w id="55" lemma="|.|" pos="." wid="55">.</w>
</sentence>
<sentence id="29">
  <w id="0" lemma="|they|" pos="PRP" wid="0">They</w>
  <w id="1" lemma="|be|" pos="VBP" wid="1">are</w>
  <w id="2" lemma="|we|" pos="PRP$" wid="2">our</w>
  <w id="3" lemma="|martyr|" pos="NNS" wid="3">martyrs</w>
  <w id="4" lemma="|of|" pos="IN" wid="4">of</w>
  <w id="5" lemma="|today|" pos="NN" wid="5">today</w>
  <w id="6" lemma="|,|" pos="," wid="6">,</w>
  <w id="7" lemma="|and|" pos="CC" wid="7">and</w>
  <w id="8" lemma="|they|" pos="PRP" wid="8">they</w>
  <w id="9" lemma="|be|" pos="VBP" wid="9">are</w>
  <w id="10" lemma="|so|" pos="RB" wid="10">so</w>
  <w id="11" lemma="|many|" pos="JJ" wid="11">many</w>
  <w id="12" lemma="|,|" pos="," wid="12">,</w>
  <w id="13" lemma="|we|" pos="PRP" wid="13">we</w>
  <w id="14" lemma="|could|" pos="MD" wid="14">could</w>
  <w id="15" lemma="|say|" pos="VB" wid="15">say</w>
  <w id="16" lemma="|that|" pos="IN" wid="16">that</w>
  <w id="17" lemma="|they|" pos="PRP" wid="17">they</w>
  <w id="18" lemma="|be|" pos="VBP" wid="18">are</w>
  <w id="19" lemma="|more|" pos="RBR" wid="19">more</w>
  <w id="20" lemma="|numerous|" pos="JJ" wid="20">numerous</w>
  <w id="21" lemma="|than|" pos="IN" wid="21">than</w>
  <w id="22" lemma="|in|" pos="IN" wid="22">in</w>
  <w id="23" lemma="|the|" pos="DT" wid="23">the</w>
  <w id="24" lemma="|early|" pos="JJ" wid="24">early</w>
  <w id="25" lemma="|century|" pos="NNS" wid="25">centuries</w>
  <w id="26" lemma="|.|" pos="." wid="26">.</w>
</sentence>
<sentence id="30">
  <w id="0" lemma="|I|" pos="PRP" wid="0">I</w>
  <w id="1" lemma="|hope|" pos="VBP" wid="1">hope</w>
  <w id="2" lemma="|that|" pos="IN" wid="2">that</w>
  <w id="3" lemma="|the|" pos="DT" wid="3">the</w>
  <w id="4" lemma="|international|" pos="JJ" wid="4">international</w>
  <w id="5" lemma="|community|" pos="NN" wid="5">community</w>
  <w id="6" lemma="|will|" pos="MD" wid="6">will</w>
  <w id="7" lemma="|not|" pos="RB" wid="7">not</w>
  <w id="8" lemma="|remain|" pos="VB" wid="8">remain</w>
  <w id="9" lemma="|mute|" pos="JJ" wid="9">mute</w>
  <w id="10" lemma="|and|" pos="CC" wid="10">and</w>
  <w id="11" lemma="|inert|" pos="JJ" wid="11">inert</w>
  <w id="12" lemma="|before|" pos="IN" wid="12">before</w>
  <w id="13" lemma="|such|" pos="PDT" wid="13">such</w>
  <w id="14" lemma="|a|" pos="DT" wid="14">an</w>
  <w id="15" lemma="|unacceptable|" pos="JJ" wid="15">unacceptable</w>
  <w id="16" lemma="|crime|" pos="NN" wid="16">crime</w>
  <w id="17" lemma="|,|" pos="," wid="17">,</w>
  <w id="18" lemma="|which|" pos="WDT" wid="18">which</w>
  <w id="19" lemma="|be|" pos="VBZ" wid="19">is</w>
  <w id="20" lemma="|a|" pos="DT" wid="20">a</w>
  <w id="21" lemma="|worrying|" pos="JJ" wid="21">worrying</w>
  <w id="22" lemma="|deviation|" pos="NN" wid="22">deviation</w>
  <w id="23" lemma="|from|" pos="IN" wid="23">from</w>
  <w id="24" lemma="|the|" pos="DT" wid="24">the</w>
  <w id="25" lemma="|most|" pos="RBS" wid="25">most</w>
  <w id="26" lemma="|basic|" pos="JJ" wid="26">basic</w>
  <w id="27" lemma="|human|" pos="JJ" wid="27">human</w>
  <w id="28" lemma="|rights|" pos="NNS" wid="28">rights</w>
  <w id="29" lemma="|.|" pos="." wid="29">.</w>
</sentence>
<sentence id="31">
  <w id="0" lemma="|I|" pos="PRP" wid="0">I</w>
  <w id="1" lemma="|sincerely|" pos="RB" wid="1">sincerely</w>
  <w id="2" lemma="|hope|" pos="VBP" wid="2">hope</w>
  <w id="3" lemma="|that|" pos="IN" wid="3">that</w>
  <w id="4" lemma="|the|" pos="DT" wid="4">the</w>
  <w id="5" lemma="|international|" pos="JJ" wid="5">international</w>
  <w id="6" lemma="|community|" pos="NN" wid="6">community</w>
  <w id="7" lemma="|do|" pos="VBZ" wid="7">does</w>
  <w id="8" lemma="|not|" pos="RB" wid="8">not</w>
  <w id="9" lemma="|turn|" pos="VB" wid="9">turn</w>
  <w id="10" lemma="|a|" pos="DT" wid="10">a</w>
  <w id="11" lemma="|blind|" pos="JJ" wid="11">blind</w>
  <w id="12" lemma="|eye|" pos="NN" wid="12">eye</w>
  <w id="13" lemma="|to|" pos="TO" wid="13">to</w>
  <w id="14" lemma="|this|" pos="DT" wid="14">this</w>
  <w id="15" lemma="|.|" pos="." wid="15">.</w>
</sentence>
<sentence id="32">
  <w id="0" lemma="|I|" pos="PRP" wid="0">I</w>
  <w id="1" lemma="|hope|" pos="VBP" wid="1">hope</w>
  <w id="2" lemma="|that|" pos="IN" wid="2">that</w>
  <w id="3" lemma="|each|" pos="DT" wid="3">each</w>
  <w id="4" lemma="|of|" pos="IN" wid="4">of</w>
  <w id="5" lemma="|you|" pos="PRP" wid="5">you</w>
  <w id="6" lemma="|may|" pos="MD" wid="6">may</w>
  <w id="7" lemma="|live|" pos="VB" wid="7">live</w>
  <w id="8" lemma="|in|" pos="IN" wid="8">in</w>
  <w id="9" lemma="|joy|" pos="NN" wid="9">joy</w>
  <w id="10" lemma="|and|" pos="CC" wid="10">and</w>
  <w id="11" lemma="|serenity|" pos="NN" wid="11">serenity</w>
  <w id="12" lemma="|this|" pos="DT" wid="12">this</w>
  <w id="13" lemma="|Week|" pos="NNP" wid="13">Week</w>
  <w id="14" lemma="|throughout|" pos="IN" wid="14">throughout</w>
  <w id="15" lemma="|which|" pos="WDT" wid="15">which</w>
  <w id="16" lemma="|the|" pos="DT" wid="16">the</w>
  <w id="17" lemma="|joy|" pos="NN" wid="17">joy</w>
  <w id="18" lemma="|of|" pos="IN" wid="18">of</w>
  <w id="19" lemma="|the|" pos="DT" wid="19">the</w>
  <w id="20" lemma="|resurrection|" pos="NN" wid="20">Resurrection</w>
  <w id="21" lemma="|of|" pos="IN" wid="21">of</w>
  <w id="22" lemma="|Christ|" pos="NNP" wid="22">Christ</w>
  <w id="23" lemma="|extend|" pos="VBZ" wid="23">extends</w>
  <w id="24" lemma="|.|" pos="." wid="24">.</w>
</sentence>
<sentence id="33">
  <w id="0" lemma="|in|" pos="IN" wid="0">In</w>
  <w id="1" lemma="|order|" pos="NN" wid="1">order</w>
  <w id="2" lemma="|to|" pos="TO" wid="2">to</w>
  <w id="3" lemma="|live|" pos="VB" wid="3">live</w>
  <w id="4" lemma="|this|" pos="DT" wid="4">this</w>
  <w id="5" lemma="|time|" pos="NN" wid="5">time</w>
  <w id="6" lemma="|more|" pos="RBR" wid="6">more</w>
  <w id="7" lemma="|intensely|" pos="RB" wid="7">intensely</w>
  <w id="8" lemma="|--|" pos=":" wid="8">--</w>
  <w id="9" lemma="|and|" pos="CC" wid="9">and</w>
  <w id="10" lemma="|I|" pos="PRP" wid="10">I</w>
  <w id="11" lemma="|constantly|" pos="RB" wid="11">constantly</w>
  <w id="12" lemma="|return|" pos="VB" wid="12">return</w>
  <w id="13" lemma="|to|" pos="TO" wid="13">to</w>
  <w id="14" lemma="|this|" pos="DT" wid="14">this</w>
  <w id="15" lemma="|very|" pos="JJ" wid="15">very</w>
  <w id="16" lemma="|point|" pos="NN" wid="16">point</w>
  <w id="17" lemma="|--|" pos=":" wid="17">--</w>
  <w id="18" lemma="|it|" pos="PRP" wid="18">it</w>
  <w id="19" lemma="|will|" pos="MD" wid="19">will</w>
  <w id="20" lemma="|do|" pos="VB" wid="20">do</w>
  <w id="21" lemma="|we|" pos="PRP" wid="21">us</w>
  <w id="22" lemma="|good|" pos="JJ" wid="22">good</w>
  <w id="23" lemma="|to|" pos="TO" wid="23">to</w>
  <w id="24" lemma="|read|" pos="VB" wid="24">read</w>
  <w id="25" lemma="|a|" pos="DT" wid="25">a</w>
  <w id="26" lemma="|passage|" pos="NN" wid="26">passage</w>
  <w id="27" lemma="|of|" pos="IN" wid="27">of</w>
  <w id="28" lemma="|the|" pos="DT" wid="28">the</w>
  <w id="29" lemma="|Gospel|" pos="NNP" wid="29">Gospel</w>
  <w id="30" lemma="|every|" pos="DT" wid="30">every</w>
  <w id="31" lemma="|day|" pos="NN" wid="31">day</w>
  <w id="32" lemma="|about|" pos="IN" wid="32">about</w>
  <w id="33" lemma="|the|" pos="DT" wid="33">the</w>
  <w id="34" lemma="|event|" pos="NN" wid="34">event</w>
  <w id="35" lemma="|of|" pos="IN" wid="35">of</w>
  <w id="36" lemma="|the|" pos="DT" wid="36">the</w>
  <w id="37" lemma="|resurrection|" pos="NN" wid="37">Resurrection</w>
  <w id="38" lemma="|.|" pos="." wid="38">.</w>
</sentence>
<sentence id="34">
  <w id="0" lemma="|every|" pos="DT" wid="0">Every</w>
  <w id="1" lemma="|day|" pos="NN" wid="1">day</w>
  <w id="2" lemma="|a|" pos="DT" wid="2">a</w>
  <w id="3" lemma="|little|" pos="JJ" wid="3">little</w>
  <w id="4" lemma="|passage|" pos="NN" wid="4">passage</w>
  <w id="5" lemma="|.|" pos="." wid="5">.</w>
</sentence>
<sentence id="35">
  <w id="0" lemma="|a|" pos="DT" wid="0">A</w>
  <w id="1" lemma="|happy|" pos="JJ" wid="1">happy</w>
  <w id="2" lemma="|and|" pos="CC" wid="2">and</w>
  <w id="3" lemma="|holy|" pos="JJ" wid="3">holy</w>
  <w id="4" lemma="|Easter|" pos="NNP" wid="4">Easter</w>
  <w id="5" lemma="|to|" pos="TO" wid="5">to</w>
  <w id="6" lemma="|you|" pos="PRP" wid="6">you</w>
  <w id="7" lemma="|all|" pos="DT" wid="7">all</w>
  <w id="8" lemma="|!|" pos="." wid="8">!</w>
</sentence>
<sentence id="36">
  <w id="0" lemma="|please|" pos="VB" wid="0">Please</w>
  <w id="1" lemma="|,|" pos="," wid="1">,</w>
  <w id="2" lemma="|do|" pos="VBP" wid="2">do</w>
  <w id="3" lemma="|not|" pos="RB" wid="3">not</w>
  <w id="4" lemma="|forget|" pos="VB" wid="4">forget</w>
  <w id="5" lemma="|to|" pos="TO" wid="5">to</w>
  <w id="6" lemma="|pray|" pos="VB" wid="6">pray</w>
  <w id="7" lemma="|for|" pos="IN" wid="7">for</w>
  <w id="8" lemma="|I|" pos="PRP" wid="8">me</w>
  <w id="9" lemma="|.|" pos="." wid="9">.</w>
</sentence>
<sentence id="37">
  <w id="0" lemma="|have|" pos="VBP" wid="0">Have</w>
  <w id="1" lemma="|a|" pos="DT" wid="1">a</w>
  <w id="2" lemma="|good|" pos="JJ" wid="2">good</w>
  <w id="3" lemma="|lunch|" pos="NN" wid="3">lunch</w>
  <w id="4" lemma="|and|" pos="CC" wid="4">and</w>
  <w id="5" lemma="|arrivedercus|" pos="NNS" wid="5">arrivederci</w>
  <w id="6" lemma="|!|" pos="." wid="6">!</w>
</sentence>
</corpus>