<corpus id="0">
<sentence id="0">
  <w id="0" lemma="|-lrb-|" pos="-LRB-" wid="0">-LRB-</w>
  <w id="1" lemma="|by|" pos="IN" wid="1">by</w>
  <w id="2" lemma="|L'Osservatore|" pos="NNP" wid="2">L'Osservatore</w>
  <w id="3" lemma="|Romano|" pos="NNP" wid="3">Romano</w>
  <w id="4" lemma="|,|" pos="," wid="4">,</w>
  <w id="5" lemma="|Weekly|" pos="NNP" wid="5">Weekly</w>
  <w id="6" lemma="|ed|" pos="VBD" wid="6">ed</w>
  <w id="7" lemma="|.|" pos="." wid="7">.</w>
</sentence>
<sentence id="1">
  <w id="0" lemma="|in|" pos="IN" wid="0">in</w>
  <w id="1" lemma="|English|" pos="NNP" wid="1">English</w>
  <w id="2" lemma="|,|" pos="," wid="2">,</w>
  <w id="3" lemma="|n.|" pos="NNP" wid="3">n.</w>
  <w id="4" lemma="|26|" pos="CD" wid="4">26</w>
  <w id="5" lemma="|,|" pos="," wid="5">,</w>
  <w id="6" lemma="|26|" pos="CD" wid="6">26</w>
  <w id="7" lemma="|June|" pos="NNP" wid="7">June</w>
  <w id="8" lemma="|2013|" pos="CD" wid="8">2013</w>
  <w id="9" lemma="|-rrb-|" pos="-RRB-" wid="9">-RRB-</w>
  <w id="10" lemma="|``'|" pos="CD" wid="10">``'</w>
  <w id="11" lemma="|nothing|" pos="NN" wid="11">Nothing</w>
  <w id="12" lemma="|'|" pos="''" wid="12">'</w>
  <w id="13" lemma="|be|" pos="VBZ" wid="13">is</w>
  <w id="14" lemma="|the|" pos="DT" wid="14">the</w>
  <w id="15" lemma="|seed|" pos="NN" wid="15">seed</w>
  <w id="16" lemma="|of|" pos="IN" wid="16">of</w>
  <w id="17" lemma="|war|" pos="NN" wid="17">war</w>
  <w id="18" lemma="|,|" pos="," wid="18">,</w>
  <w id="19" lemma="|always|" pos="RB" wid="19">always</w>
  <w id="20" lemma="|;|" pos=":" wid="20">;</w>
  <w id="21" lemma="|for|" pos="IN" wid="21">for</w>
  <w id="22" lemma="|it|" pos="PRP" wid="22">it</w>
  <w id="23" lemma="|be|" pos="VBZ" wid="23">is</w>
  <w id="24" lemma="|the|" pos="DT" wid="24">the</w>
  <w id="25" lemma="|seed|" pos="NN" wid="25">seed</w>
  <w id="26" lemma="|of|" pos="IN" wid="26">of</w>
  <w id="27" lemma="|egoism|" pos="NN" wid="27">egoism</w>
  <w id="28" lemma="|.|" pos="." wid="28">.</w>
</sentence>
<sentence id="2">
  <w id="0" lemma="|`|" pos="``" wid="0">`</w>
  <w id="1" lemma="|all|" pos="DT" wid="1">All</w>
  <w id="2" lemma="|'|" pos="''" wid="2">'</w>
  <w id="3" lemma="|,|" pos="," wid="3">,</w>
  <w id="4" lemma="|that|" pos="IN" wid="4">that</w>
  <w id="5" lemma="|great|" pos="JJ" wid="5">great</w>
  <w id="6" lemma="|one|" pos="CD" wid="6">one</w>
  <w id="7" lemma="|,|" pos="," wid="7">,</w>
  <w id="8" lemma="|be|" pos="VBZ" wid="8">is</w>
  <w id="9" lemma="|Jesus|" pos="NNP" wid="9">Jesus</w>
  <w id="10" lemma="|''|" pos="''" wid="10">''</w>
  <w id="11" lemma="|.|" pos="." wid="11">.</w>
</sentence>
<sentence id="3">
  <w id="0" lemma="|meekness|" pos="NN" wid="0">Meekness</w>
  <w id="1" lemma="|and|" pos="CC" wid="1">and</w>
  <w id="2" lemma="|magnanimity|" pos="NN" wid="2">magnanimity</w>
  <w id="3" lemma="|be|" pos="VBP" wid="3">are</w>
  <w id="4" lemma="|found|" pos="VBN" wid="4">founded</w>
  <w id="5" lemma="|on|" pos="IN" wid="5">on</w>
  <w id="6" lemma="|the|" pos="DT" wid="6">the</w>
  <w id="7" lemma="|right|" pos="JJ" wid="7">right</w>
  <w id="8" lemma="|understanding|" pos="NN" wid="8">understanding</w>
  <w id="9" lemma="|this|" pos="DT" wid="9">this</w>
  <w id="10" lemma="|pair|" pos="NN" wid="10">pair</w>
  <w id="11" lemma="|that|" pos="WDT" wid="11">that</w>
  <w id="12" lemma="|distinguish|" pos="VBZ" wid="12">distinguishes</w>
  <w id="13" lemma="|christian|" pos="NNS" wid="13">Christians</w>
  <w id="14" lemma="|.|" pos="." wid="14">.</w>
</sentence>
<sentence id="4">
  <w id="0" lemma="|Pope|" pos="NNP" wid="0">Pope</w>
  <w id="1" lemma="|Francis|" pos="NNP" wid="1">Francis</w>
  <w id="2" lemma="|say|" pos="VBD" wid="2">said</w>
  <w id="3" lemma="|this|" pos="DT" wid="3">this</w>
  <w id="4" lemma="|on|" pos="IN" wid="4">on</w>
  <w id="5" lemma="|Monday|" pos="NNP" wid="5">Monday</w>
  <w id="6" lemma="|morning|" pos="NN" wid="6">morning</w>
  <w id="7" lemma="|,|" pos="," wid="7">,</w>
  <w id="8" lemma="|17|" pos="CD" wid="8">17</w>
  <w id="9" lemma="|June|" pos="NNP" wid="9">June</w>
  <w id="10" lemma="|,|" pos="," wid="10">,</w>
  <w id="11" lemma="|at|" pos="IN" wid="11">at</w>
  <w id="12" lemma="|Mass|" pos="NNP" wid="12">Mass</w>
  <w id="13" lemma="|in|" pos="IN" wid="13">in</w>
  <w id="14" lemma="|the|" pos="DT" wid="14">the</w>
  <w id="15" lemma="|chapel|" pos="NN" wid="15">Chapel</w>
  <w id="16" lemma="|of|" pos="IN" wid="16">of</w>
  <w id="17" lemma="|the|" pos="DT" wid="17">the</w>
  <w id="18" lemma="|Domus|" pos="NNP" wid="18">Domus</w>
  <w id="19" lemma="|Sanctae|" pos="NNP" wid="19">Sanctae</w>
  <w id="20" lemma="|Marthae|" pos="NNP" wid="20">Marthae</w>
  <w id="21" lemma="|.|" pos="." wid="21">.</w>
</sentence>
<sentence id="5">
  <w id="0" lemma="|among|" pos="IN" wid="0">Among</w>
  <w id="1" lemma="|the|" pos="DT" wid="1">the</w>
  <w id="2" lemma="|concelebrant|" pos="NNS" wid="2">concelebrants</w>
  <w id="3" lemma="|be|" pos="VBD" wid="3">was</w>
  <w id="4" lemma="|Cardinal|" pos="NNP" wid="4">Cardinal</w>
  <w id="5" lemma="|Attilio|" pos="NNP" wid="5">Attilio</w>
  <w id="6" lemma="|Nicora|" pos="NNP" wid="6">Nicora</w>
  <w id="7" lemma="|,|" pos="," wid="7">,</w>
  <w id="8" lemma="|president|" pos="NN" wid="8">president</w>
  <w id="9" lemma="|of|" pos="IN" wid="9">of</w>
  <w id="10" lemma="|the|" pos="DT" wid="10">the</w>
  <w id="11" lemma="|Vatican|" pos="NNP" wid="11">Vatican</w>
  <w id="12" lemma="|'s|" pos="POS" wid="12">'s</w>
  <w id="13" lemma="|Financial|" pos="NNP" wid="13">Financial</w>
  <w id="14" lemma="|Information|" pos="NNP" wid="14">Information</w>
  <w id="15" lemma="|Authority|" pos="NNP" wid="15">Authority</w>
  <w id="16" lemma="|,|" pos="," wid="16">,</w>
  <w id="17" lemma="|as|" pos="RB" wid="17">as</w>
  <w id="18" lemma="|well|" pos="RB" wid="18">well</w>
  <w id="19" lemma="|as|" pos="IN" wid="19">as</w>
  <w id="20" lemma="|a|" pos="DT" wid="20">a</w>
  <w id="21" lemma="|group|" pos="NN" wid="21">group</w>
  <w id="22" lemma="|of|" pos="IN" wid="22">of</w>
  <w id="23" lemma="|he|" pos="PRP$" wid="23">his</w>
  <w id="24" lemma="|collaborator|" pos="NNS" wid="24">collaborators</w>
  <w id="25" lemma="|and|" pos="CC" wid="25">and</w>
  <w id="26" lemma="|staff|" pos="NN" wid="26">staff</w>
  <w id="27" lemma="|of|" pos="IN" wid="27">of</w>
  <w id="28" lemma="|the|" pos="DT" wid="28">the</w>
  <w id="29" lemma="|Vatican|" pos="NNP" wid="29">Vatican</w>
  <w id="30" lemma="|Museums|" pos="NNPS" wid="30">Museums</w>
  <w id="31" lemma="|.|" pos="." wid="31">.</w>
</sentence>
<sentence id="6">
  <w id="0" lemma="|comment|" pos="VBG" wid="0">Commenting</w>
  <w id="1" lemma="|on|" pos="IN" wid="1">on</w>
  <w id="2" lemma="|the|" pos="DT" wid="2">the</w>
  <w id="3" lemma="|day|" pos="NN" wid="3">day</w>
  <w id="4" lemma="|'s|" pos="POS" wid="4">'s</w>
  <w id="5" lemma="|reading|" pos="NNS" wid="5">readings</w>
  <w id="6" lemma="|--|" pos=":" wid="6">--</w>
  <w id="7" lemma="|draw|" pos="VBN" wid="7">drawn</w>
  <w id="8" lemma="|from|" pos="IN" wid="8">from</w>
  <w id="9" lemma="|St|" pos="NNP" wid="9">St</w>
  <w id="10" lemma="|Paul|" pos="NNP" wid="10">Paul</w>
  <w id="11" lemma="|'s|" pos="POS" wid="11">'s</w>
  <w id="12" lemma="|Second|" pos="NNP" wid="12">Second</w>
  <w id="13" lemma="|Letter|" pos="NNP" wid="13">Letter</w>
  <w id="14" lemma="|to|" pos="TO" wid="14">to</w>
  <w id="15" lemma="|the|" pos="DT" wid="15">the</w>
  <w id="16" lemma="|Corinthians|" pos="NNPS" wid="16">Corinthians</w>
  <w id="17" lemma="|-lrb-|" pos="-LRB-" wid="17">-LRB-</w>
  <w id="18" lemma="|6:1|" pos="CD" wid="18">6:1</w>
  <w id="19" lemma="|-10|" pos="CD" wid="19">-10</w>
  <w id="20" lemma="|-rrb-|" pos="-RRB-" wid="20">-RRB-</w>
  <w id="21" lemma="|and|" pos="CC" wid="21">and</w>
  <w id="22" lemma="|the|" pos="DT" wid="22">the</w>
  <w id="23" lemma="|Gospel|" pos="NNP" wid="23">Gospel</w>
  <w id="24" lemma="|of|" pos="IN" wid="24">of</w>
  <w id="25" lemma="|Matthew|" pos="NNP" wid="25">Matthew</w>
  <w id="26" lemma="|-lrb-|" pos="-LRB-" wid="26">-LRB-</w>
  <w id="27" lemma="|5:38|" pos="CD" wid="27">5:38</w>
  <w id="28" lemma="|-42|" pos="CD" wid="28">-42</w>
  <w id="29" lemma="|-rrb-|" pos="-RRB-" wid="29">-RRB-</w>
  <w id="30" lemma="|--|" pos=":" wid="30">--</w>
  <w id="31" lemma="|the|" pos="DT" wid="31">the</w>
  <w id="32" lemma="|Pontiff|" pos="NNP" wid="32">Pontiff</w>
  <w id="33" lemma="|linger|" pos="VBD" wid="33">lingered</w>
  <w id="34" lemma="|on|" pos="IN" wid="34">on</w>
  <w id="35" lemma="|the|" pos="DT" wid="35">the</w>
  <w id="36" lemma="|significance|" pos="NN" wid="36">significance</w>
  <w id="37" lemma="|of|" pos="IN" wid="37">of</w>
  <w id="38" lemma="|what|" pos="WP" wid="38">what</w>
  <w id="39" lemma="|he|" pos="PRP" wid="39">he</w>
  <w id="40" lemma="|define|" pos="VBD" wid="40">defined</w>
  <w id="41" lemma="|``|" pos="``" wid="41">``</w>
  <w id="42" lemma="|a|" pos="DT" wid="42">a</w>
  <w id="43" lemma="|classic|" pos="NN" wid="43">classic</w>
  <w id="44" lemma="|''|" pos="''" wid="44">''</w>
  <w id="45" lemma="|of|" pos="IN" wid="45">of</w>
  <w id="46" lemma="|the|" pos="DT" wid="46">the</w>
  <w id="47" lemma="|Gospel|" pos="NNP" wid="47">Gospel</w>
  <w id="48" lemma="|teaching|" pos="NNS" wid="48">teachings</w>
  <w id="49" lemma="|:|" pos=":" wid="49">:</w>
  <w id="50" lemma="|that|" pos="DT" wid="50">that</w>
  <w id="51" lemma="|be|" pos="VBZ" wid="51">is</w>
  <w id="52" lemma="|,|" pos="," wid="52">,</w>
  <w id="53" lemma="|the|" pos="DT" wid="53">the</w>
  <w id="54" lemma="|meaning|" pos="NN" wid="54">meaning</w>
  <w id="55" lemma="|of|" pos="IN" wid="55">of</w>
  <w id="56" lemma="|what|" pos="WP" wid="56">what</w>
  <w id="57" lemma="|Jesus|" pos="NNP" wid="57">Jesus</w>
  <w id="58" lemma="|say|" pos="VBZ" wid="58">says</w>
  <w id="59" lemma="|regard|" pos="VBG" wid="59">regarding</w>
  <w id="60" lemma="|the|" pos="DT" wid="60">the</w>
  <w id="61" lemma="|strike|" pos="NN" wid="61">strike</w>
  <w id="62" lemma="|on|" pos="IN" wid="62">on</w>
  <w id="63" lemma="|the|" pos="DT" wid="63">the</w>
  <w id="64" lemma="|cheek|" pos="NN" wid="64">cheek</w>
  <w id="65" lemma="|,|" pos="," wid="65">,</w>
  <w id="66" lemma="|to|" pos="TO" wid="66">to</w>
  <w id="67" lemma="|which|" pos="WDT" wid="67">which</w>
  <w id="68" lemma="|the|" pos="DT" wid="68">the</w>
  <w id="69" lemma="|Christian|" pos="NNP" wid="69">Christian</w>
  <w id="70" lemma="|respond|" pos="VBZ" wid="70">responds</w>
  <w id="71" lemma="|by|" pos="IN" wid="71">by</w>
  <w id="72" lemma="|offer|" pos="VBG" wid="72">offering</w>
  <w id="73" lemma="|the|" pos="DT" wid="73">the</w>
  <w id="74" lemma="|other|" pos="JJ" wid="74">other</w>
  <w id="75" lemma="|cheek|" pos="NN" wid="75">cheek</w>
  <w id="76" lemma="|.|" pos="." wid="76">.</w>
</sentence>
<sentence id="7">
  <w id="0" lemma="|this|" pos="DT" wid="0">This</w>
  <w id="1" lemma="|be|" pos="VBZ" wid="1">is</w>
  <w id="2" lemma="|something|" pos="NN" wid="2">something</w>
  <w id="3" lemma="|that|" pos="WDT" wid="3">that</w>
  <w id="4" lemma="|go|" pos="VBZ" wid="4">goes</w>
  <w id="5" lemma="|against|" pos="IN" wid="5">against</w>
  <w id="6" lemma="|the|" pos="DT" wid="6">the</w>
  <w id="7" lemma="|world|" pos="NN" wid="7">world</w>
  <w id="8" lemma="|'s|" pos="POS" wid="8">'s</w>
  <w id="9" lemma="|logic|" pos="NN" wid="9">logic</w>
  <w id="10" lemma="|,|" pos="," wid="10">,</w>
  <w id="11" lemma="|the|" pos="DT" wid="11">the</w>
  <w id="12" lemma="|Pope|" pos="NNP" wid="12">Pope</w>
  <w id="13" lemma="|say|" pos="VBD" wid="13">said</w>
  <w id="14" lemma="|.|" pos="." wid="14">.</w>
</sentence>
<sentence id="8">
  <w id="0" lemma="|such|" pos="JJ" wid="0">Such</w>
  <w id="1" lemma="|a|" pos="DT" wid="1">a</w>
  <w id="2" lemma="|logic|" pos="NN" wid="2">logic</w>
  <w id="3" lemma="|respond|" pos="VBZ" wid="3">responds</w>
  <w id="4" lemma="|to|" pos="TO" wid="4">to</w>
  <w id="5" lemma="|a|" pos="DT" wid="5">an</w>
  <w id="6" lemma="|offence|" pos="NN" wid="6">offence</w>
  <w id="7" lemma="|with|" pos="IN" wid="7">with</w>
  <w id="8" lemma="|a|" pos="DT" wid="8">an</w>
  <w id="9" lemma="|equal|" pos="JJ" wid="9">equal</w>
  <w id="10" lemma="|and|" pos="CC" wid="10">and</w>
  <w id="11" lemma="|adverse|" pos="JJ" wid="11">adverse</w>
  <w id="12" lemma="|reaction|" pos="NN" wid="12">reaction</w>
  <w id="13" lemma="|,|" pos="," wid="13">,</w>
  <w id="14" lemma="|because|" pos="IN" wid="14">because</w>
  <w id="15" lemma="|``|" pos="``" wid="15">``</w>
  <w id="16" lemma="|we|" pos="PRP" wid="16">we</w>
  <w id="17" lemma="|must|" pos="MD" wid="17">must</w>
  <w id="18" lemma="|defend|" pos="VB" wid="18">defend</w>
  <w id="19" lemma="|ourselves|" pos="PRP" wid="19">ourselves</w>
  <w id="20" lemma="|,|" pos="," wid="20">,</w>
  <w id="21" lemma="|we|" pos="PRP" wid="21">we</w>
  <w id="22" lemma="|must|" pos="MD" wid="22">must</w>
  <w id="23" lemma="|fight|" pos="VB" wid="23">fight</w>
  <w id="24" lemma="|,|" pos="," wid="24">,</w>
  <w id="25" lemma="|we|" pos="PRP" wid="25">we</w>
  <w id="26" lemma="|have|" pos="VBP" wid="26">have</w>
  <w id="27" lemma="|to|" pos="TO" wid="27">to</w>
  <w id="28" lemma="|defend|" pos="VB" wid="28">defend</w>
  <w id="29" lemma="|we|" pos="PRP$" wid="29">our</w>
  <w id="30" lemma="|ground|" pos="NN" wid="30">ground</w>
  <w id="31" lemma="|.|" pos="." wid="31">.</w>
</sentence>
<sentence id="9">
  <w id="0" lemma="|and|" pos="CC" wid="0">And</w>
  <w id="1" lemma="|if|" pos="IN" wid="1">if</w>
  <w id="2" lemma="|someone|" pos="NN" wid="2">someone</w>
  <w id="3" lemma="|strike|" pos="VBZ" wid="3">strikes</w>
  <w id="4" lemma="|we|" pos="PRP" wid="4">us</w>
  <w id="5" lemma="|once|" pos="RB" wid="5">once</w>
  <w id="6" lemma="|,|" pos="," wid="6">,</w>
  <w id="7" lemma="|we|" pos="PRP" wid="7">we</w>
  <w id="8" lemma="|will|" pos="MD" wid="8">will</w>
  <w id="9" lemma="|strike|" pos="VB" wid="9">strike</w>
  <w id="10" lemma="|they|" pos="PRP" wid="10">them</w>
  <w id="11" lemma="|twice|" pos="RB" wid="11">twice</w>
  <w id="12" lemma="|and|" pos="CC" wid="12">and</w>
  <w id="13" lemma="|so|" pos="RB" wid="13">so</w>
  <w id="14" lemma="|defend|" pos="VB" wid="14">defend</w>
  <w id="15" lemma="|ourselves|" pos="PRP" wid="15">ourselves</w>
  <w id="16" lemma="|.|" pos="." wid="16">.</w>
</sentence>
<sentence id="10">
  <w id="0" lemma="|that|" pos="DT" wid="0">That</w>
  <w id="1" lemma="|be|" pos="VBZ" wid="1">is</w>
  <w id="2" lemma="|the|" pos="DT" wid="2">the</w>
  <w id="3" lemma="|thinking|" pos="NN" wid="3">thinking</w>
  <w id="4" lemma="|,|" pos="," wid="4">,</w>
  <w id="5" lemma="|it|" pos="PRP" wid="5">it</w>
  <w id="6" lemma="|be|" pos="VBZ" wid="6">'s</w>
  <w id="7" lemma="|normal|" pos="JJ" wid="7">normal</w>
  <w id="8" lemma="|,|" pos="," wid="8">,</w>
  <w id="9" lemma="|right|" pos="JJ" wid="9">right</w>
  <w id="10" lemma="|?|" pos="." wid="10">?</w>
</sentence>
<sentence id="11">
  <w id="0" lemma="|yet|" pos="RB" wid="0">Yet</w>
  <w id="1" lemma="|,|" pos="," wid="1">,</w>
  <w id="2" lemma="|Jesus|" pos="NNP" wid="2">Jesus</w>
  <w id="3" lemma="|go|" pos="VBZ" wid="3">goes</w>
  <w id="4" lemma="|beyond|" pos="IN" wid="4">beyond</w>
  <w id="5" lemma="|this|" pos="DT" wid="5">this</w>
  <w id="6" lemma="|and|" pos="CC" wid="6">and</w>
  <w id="7" lemma="|say|" pos="VBZ" wid="7">says</w>
  <w id="8" lemma="|that|" pos="IN" wid="8">that</w>
  <w id="9" lemma="|after|" pos="IN" wid="9">after</w>
  <w id="10" lemma="|we|" pos="PRP" wid="10">we</w>
  <w id="11" lemma="|have|" pos="VBP" wid="11">have</w>
  <w id="12" lemma="|be|" pos="VBN" wid="12">been</w>
  <w id="13" lemma="|strike|" pos="VBN" wid="13">struck</w>
  <w id="14" lemma="|,|" pos="," wid="14">,</w>
  <w id="15" lemma="|one|" pos="CD" wid="15">one</w>
  <w id="16" lemma="|ought|" pos="MD" wid="16">ought</w>
  <w id="17" lemma="|to|" pos="TO" wid="17">to</w>
  <w id="18" lemma="|pause|" pos="VB" wid="18">pause</w>
  <w id="19" lemma="|for|" pos="IN" wid="19">for</w>
  <w id="20" lemma="|a|" pos="DT" wid="20">a</w>
  <w id="21" lemma="|while|" pos="NN" wid="21">while</w>
  <w id="22" lemma="|together|" pos="RB" wid="22">together</w>
  <w id="23" lemma="|with|" pos="IN" wid="23">with</w>
  <w id="24" lemma="|the|" pos="DT" wid="24">the</w>
  <w id="25" lemma="|other|" pos="JJ" wid="25">other</w>
  <w id="26" lemma="|person|" pos="NN" wid="26">person</w>
  <w id="27" lemma="|,|" pos="," wid="27">,</w>
  <w id="28" lemma="|to|" pos="TO" wid="28">to</w>
  <w id="29" lemma="|dedicate|" pos="VB" wid="29">dedicate</w>
  <w id="30" lemma="|some|" pos="DT" wid="30">some</w>
  <w id="31" lemma="|time|" pos="NN" wid="31">time</w>
  <w id="32" lemma="|to|" pos="TO" wid="32">to</w>
  <w id="33" lemma="|the|" pos="DT" wid="33">the</w>
  <w id="34" lemma="|person|" pos="NN" wid="34">person</w>
  <w id="35" lemma="|,|" pos="," wid="35">,</w>
  <w id="36" lemma="|the|" pos="DT" wid="36">the</w>
  <w id="37" lemma="|Pontiff|" pos="NNP" wid="37">Pontiff</w>
  <w id="38" lemma="|say|" pos="VBD" wid="38">said</w>
  <w id="39" lemma="|.|" pos="." wid="39">.</w>
</sentence>
<sentence id="12">
  <w id="0" lemma="|and|" pos="CC" wid="0">And</w>
  <w id="1" lemma="|if|" pos="IN" wid="1">if</w>
  <w id="2" lemma="|he|" pos="PRP" wid="2">he</w>
  <w id="3" lemma="|ask|" pos="VBZ" wid="3">asks</w>
  <w id="4" lemma="|for|" pos="IN" wid="4">for</w>
  <w id="5" lemma="|something|" pos="NN" wid="5">something</w>
  <w id="6" lemma="|,|" pos="," wid="6">,</w>
  <w id="7" lemma="|we|" pos="PRP" wid="7">we</w>
  <w id="8" lemma="|ought|" pos="MD" wid="8">ought</w>
  <w id="9" lemma="|to|" pos="TO" wid="9">to</w>
  <w id="10" lemma="|give|" pos="VB" wid="10">give</w>
  <w id="11" lemma="|he|" pos="PRP" wid="11">him</w>
  <w id="12" lemma="|even|" pos="RB" wid="12">even</w>
  <w id="13" lemma="|more|" pos="RBR" wid="13">more</w>
  <w id="14" lemma="|.|" pos="." wid="14">.</w>
</sentence>
<sentence id="13">
  <w id="0" lemma="|this|" pos="DT" wid="0">This</w>
  <w id="1" lemma="|be|" pos="VBZ" wid="1">is</w>
  <w id="2" lemma="|Jesus|" pos="NNP" wid="2">Jesus</w>
  <w id="3" lemma="|'|" pos="POS" wid="3">'</w>
  <w id="4" lemma="|law|" pos="NN" wid="4">law</w>
  <w id="5" lemma="|:|" pos=":" wid="5">:</w>
  <w id="6" lemma="|``|" pos="``" wid="6">``</w>
  <w id="7" lemma="|the|" pos="DT" wid="7">the</w>
  <w id="8" lemma="|justice|" pos="NN" wid="8">justice</w>
  <w id="9" lemma="|that|" pos="WDT" wid="9">that</w>
  <w id="10" lemma="|deliver|" pos="VBZ" wid="10">delivers</w>
  <w id="11" lemma="|be|" pos="VBZ" wid="11">is</w>
  <w id="12" lemma="|another|" pos="DT" wid="12">another</w>
  <w id="13" lemma="|justice|" pos="NN" wid="13">justice</w>
  <w id="14" lemma="|,|" pos="," wid="14">,</w>
  <w id="15" lemma="|totally|" pos="RB" wid="15">totally</w>
  <w id="16" lemma="|different|" pos="JJ" wid="16">different</w>
  <w id="17" lemma="|from|" pos="IN" wid="17">from</w>
  <w id="18" lemma="|`|" pos="``" wid="18">`</w>
  <w id="19" lemma="|a|" pos="DT" wid="19">an</w>
  <w id="20" lemma="|eye|" pos="NN" wid="20">eye</w>
  <w id="21" lemma="|for|" pos="IN" wid="21">for</w>
  <w id="22" lemma="|a|" pos="DT" wid="22">an</w>
  <w id="23" lemma="|eye|" pos="NN" wid="23">eye</w>
  <w id="24" lemma="|,|" pos="," wid="24">,</w>
  <w id="25" lemma="|and|" pos="CC" wid="25">and</w>
  <w id="26" lemma="|a|" pos="DT" wid="26">a</w>
  <w id="27" lemma="|tooth|" pos="NN" wid="27">tooth</w>
  <w id="28" lemma="|for|" pos="IN" wid="28">for</w>
  <w id="29" lemma="|a|" pos="DT" wid="29">a</w>
  <w id="30" lemma="|tooth|" pos="NN" wid="30">tooth</w>
  <w id="31" lemma="|'|" pos="''" wid="31">'</w>
  <w id="32" lemma="|''|" pos="''" wid="32">''</w>
  <w id="33" lemma="|.|" pos="." wid="33">.</w>
</sentence>
<sentence id="14">
  <w id="0" lemma="|then|" pos="RB" wid="0">Then</w>
  <w id="1" lemma="|the|" pos="DT" wid="1">the</w>
  <w id="2" lemma="|Holy|" pos="NNP" wid="2">Holy</w>
  <w id="3" lemma="|Father|" pos="NNP" wid="3">Father</w>
  <w id="4" lemma="|call|" pos="VBD" wid="4">called</w>
  <w id="5" lemma="|attention|" pos="NN" wid="5">attention</w>
  <w id="6" lemma="|to|" pos="TO" wid="6">to</w>
  <w id="7" lemma="|the|" pos="DT" wid="7">the</w>
  <w id="8" lemma="|phrase|" pos="NN" wid="8">phrase</w>
  <w id="9" lemma="|with|" pos="IN" wid="9">with</w>
  <w id="10" lemma="|which|" pos="WDT" wid="10">which</w>
  <w id="11" lemma="|Paul|" pos="NNP" wid="11">Paul</w>
  <w id="12" lemma="|conclude|" pos="VBZ" wid="12">concludes</w>
  <w id="13" lemma="|the|" pos="DT" wid="13">the</w>
  <w id="14" lemma="|passage|" pos="NN" wid="14">passage</w>
  <w id="15" lemma="|read|" pos="NN" wid="15">read</w>
  <w id="16" lemma="|in|" pos="IN" wid="16">in</w>
  <w id="17" lemma="|the|" pos="DT" wid="17">the</w>
  <w id="18" lemma="|Liturgy|" pos="NNP" wid="18">Liturgy</w>
  <w id="19" lemma="|.|" pos="." wid="19">.</w>
</sentence>
<sentence id="15">
  <w id="0" lemma="|for|" pos="IN" wid="0">For</w>
  <w id="1" lemma="|,|" pos="," wid="1">,</w>
  <w id="2" lemma="|he|" pos="PRP" wid="2">he</w>
  <w id="3" lemma="|explain|" pos="VBD" wid="3">explained</w>
  <w id="4" lemma="|,|" pos="," wid="4">,</w>
  <w id="5" lemma="|``|" pos="``" wid="5">``</w>
  <w id="6" lemma="|he|" pos="PRP" wid="6">he</w>
  <w id="7" lemma="|give|" pos="VBZ" wid="7">gives</w>
  <w id="8" lemma="|we|" pos="PRP" wid="8">us</w>
  <w id="9" lemma="|a|" pos="DT" wid="9">an</w>
  <w id="10" lemma="|expression|" pos="NN" wid="10">expression</w>
  <w id="11" lemma="|that|" pos="WDT" wid="11">that</w>
  <w id="12" lemma="|may|" pos="MD" wid="12">may</w>
  <w id="13" lemma="|help|" pos="VB" wid="13">help</w>
  <w id="14" lemma="|we|" pos="PRP" wid="14">us</w>
  <w id="15" lemma="|to|" pos="TO" wid="15">to</w>
  <w id="16" lemma="|understand|" pos="VB" wid="16">understand</w>
  <w id="17" lemma="|the|" pos="DT" wid="17">the</w>
  <w id="18" lemma="|meaning|" pos="NN" wid="18">meaning</w>
  <w id="19" lemma="|of|" pos="IN" wid="19">of</w>
  <w id="20" lemma="|the|" pos="DT" wid="20">the</w>
  <w id="21" lemma="|blow|" pos="NN" wid="21">blow</w>
  <w id="22" lemma="|to|" pos="TO" wid="22">to</w>
  <w id="23" lemma="|the|" pos="DT" wid="23">the</w>
  <w id="24" lemma="|cheek|" pos="NN" wid="24">cheek</w>
  <w id="25" lemma="|and|" pos="CC" wid="25">and</w>
  <w id="26" lemma="|other|" pos="JJ" wid="26">other</w>
  <w id="27" lemma="|such|" pos="JJ" wid="27">such</w>
  <w id="28" lemma="|thing|" pos="NNS" wid="28">things</w>
  <w id="29" lemma="|.|" pos="." wid="29">.</w>
</sentence>
<sentence id="16">
  <w id="0" lemma="|in|" pos="IN" wid="0">In</w>
  <w id="1" lemma="|fact|" pos="NN" wid="1">fact</w>
  <w id="2" lemma="|,|" pos="," wid="2">,</w>
  <w id="3" lemma="|he|" pos="PRP" wid="3">he</w>
  <w id="4" lemma="|end|" pos="VBZ" wid="4">ends</w>
  <w id="5" lemma="|with|" pos="IN" wid="5">with</w>
  <w id="6" lemma="|these|" pos="DT" wid="6">these</w>
  <w id="7" lemma="|word|" pos="NNS" wid="7">words</w>
  <w id="8" lemma="|:|" pos=":" wid="8">:</w>
  <w id="9" lemma="|`|" pos="``" wid="9">`</w>
  <w id="10" lemma="|as|" pos="IN" wid="10">as</w>
  <w id="11" lemma="|-lsb-|" pos="-LRB-" wid="11">-LSB-</w>
  <w id="12" lemma="|people|" pos="NNS" wid="12">people</w>
  <w id="13" lemma="|-rsb-|" pos="-RRB-" wid="13">-RSB-</w>
  <w id="14" lemma="|have|" pos="VBG" wid="14">having</w>
  <w id="15" lemma="|nothing|" pos="NN" wid="15">nothing</w>
  <w id="16" lemma="|,|" pos="," wid="16">,</w>
  <w id="17" lemma="|and|" pos="CC" wid="17">and</w>
  <w id="18" lemma="|yet|" pos="RB" wid="18">yet</w>
  <w id="19" lemma="|possess|" pos="VBG" wid="19">possessing</w>
  <w id="20" lemma="|everything|" pos="NN" wid="20">everything</w>
  <w id="21" lemma="|'|" pos="''" wid="21">'</w>
  <w id="22" lemma="|''|" pos="''" wid="22">''</w>
  <w id="23" lemma="|.|" pos="." wid="23">.</w>
</sentence>
</corpus>