<corpus id="0">
<sentence id="0">
  <w id="0" lemma="|Dear|" pos="NNP" wid="0">Dear</w>
  <w id="1" lemma="|Brothers|" pos="NNPS" wid="1">Brothers</w>
  <w id="2" lemma="|and|" pos="CC" wid="2">and</w>
  <w id="3" lemma="|sister|" pos="NNS" wid="3">Sisters</w>
  <w id="4" lemma="|,|" pos="," wid="4">,</w>
  <w id="5" lemma="|we|" pos="PRP" wid="5">We</w>
  <w id="6" lemma="|have|" pos="VBP" wid="6">have</w>
  <w id="7" lemma="|already|" pos="RB" wid="7">already</w>
  <w id="8" lemma="|have|" pos="VBN" wid="8">had</w>
  <w id="9" lemma="|occasion|" pos="NN" wid="9">occasion</w>
  <w id="10" lemma="|to|" pos="TO" wid="10">to</w>
  <w id="11" lemma="|point|" pos="VB" wid="11">point</w>
  <w id="12" lemma="|out|" pos="RP" wid="12">out</w>
  <w id="13" lemma="|that|" pos="IN" wid="13">that</w>
  <w id="14" lemma="|the|" pos="DT" wid="14">the</w>
  <w id="15" lemma="|three|" pos="CD" wid="15">three</w>
  <w id="16" lemma="|sacrament|" pos="NNS" wid="16">Sacraments</w>
  <w id="17" lemma="|of|" pos="IN" wid="17">of</w>
  <w id="18" lemma="|baptism|" pos="NN" wid="18">Baptism</w>
  <w id="19" lemma="|,|" pos="," wid="19">,</w>
  <w id="20" lemma="|confirmation|" pos="NN" wid="20">Confirmation</w>
  <w id="21" lemma="|and|" pos="CC" wid="21">and</w>
  <w id="22" lemma="|the|" pos="DT" wid="22">the</w>
  <w id="23" lemma="|Eucharist|" pos="NNP" wid="23">Eucharist</w>
  <w id="24" lemma="|together|" pos="RB" wid="24">together</w>
  <w id="25" lemma="|constitute|" pos="VBP" wid="25">constitute</w>
  <w id="26" lemma="|the|" pos="DT" wid="26">the</w>
  <w id="27" lemma="|mystery|" pos="NN" wid="27">mystery</w>
  <w id="28" lemma="|of|" pos="IN" wid="28">of</w>
  <w id="29" lemma="|``|" pos="``" wid="29">``</w>
  <w id="30" lemma="|christian|" pos="JJ" wid="30">Christian</w>
  <w id="31" lemma="|initiation|" pos="NN" wid="31">initiation</w>
  <w id="32" lemma="|''|" pos="''" wid="32">''</w>
  <w id="33" lemma="|,|" pos="," wid="33">,</w>
  <w id="34" lemma="|a|" pos="DT" wid="34">a</w>
  <w id="35" lemma="|single|" pos="JJ" wid="35">single</w>
  <w id="36" lemma="|great|" pos="JJ" wid="36">great</w>
  <w id="37" lemma="|event|" pos="NN" wid="37">event</w>
  <w id="38" lemma="|of|" pos="IN" wid="38">of</w>
  <w id="39" lemma="|grace|" pos="NN" wid="39">grace</w>
  <w id="40" lemma="|that|" pos="WDT" wid="40">that</w>
  <w id="41" lemma="|regenerate|" pos="VBZ" wid="41">regenerates</w>
  <w id="42" lemma="|we|" pos="PRP" wid="42">us</w>
  <w id="43" lemma="|in|" pos="IN" wid="43">in</w>
  <w id="44" lemma="|Christ|" pos="NNP" wid="44">Christ</w>
  <w id="45" lemma="|.|" pos="." wid="45">.</w>
</sentence>
<sentence id="1">
  <w id="0" lemma="|this|" pos="DT" wid="0">This</w>
  <w id="1" lemma="|be|" pos="VBZ" wid="1">is</w>
  <w id="2" lemma="|the|" pos="DT" wid="2">the</w>
  <w id="3" lemma="|fundamental|" pos="JJ" wid="3">fundamental</w>
  <w id="4" lemma="|vocation|" pos="NN" wid="4">vocation</w>
  <w id="5" lemma="|which|" pos="WDT" wid="5">which</w>
  <w id="6" lemma="|unite|" pos="VBZ" wid="6">unites</w>
  <w id="7" lemma="|everyone|" pos="NN" wid="7">everyone</w>
  <w id="8" lemma="|in|" pos="IN" wid="8">in</w>
  <w id="9" lemma="|the|" pos="DT" wid="9">the</w>
  <w id="10" lemma="|Church|" pos="NNP" wid="10">Church</w>
  <w id="11" lemma="|as|" pos="IN" wid="11">as</w>
  <w id="12" lemma="|disciple|" pos="NNS" wid="12">disciples</w>
  <w id="13" lemma="|of|" pos="IN" wid="13">of</w>
  <w id="14" lemma="|the|" pos="DT" wid="14">the</w>
  <w id="15" lemma="|Lord|" pos="NNP" wid="15">Lord</w>
  <w id="16" lemma="|Jesus|" pos="NNP" wid="16">Jesus</w>
  <w id="17" lemma="|.|" pos="." wid="17">.</w>
</sentence>
<sentence id="2">
  <w id="0" lemma="|there|" pos="EX" wid="0">There</w>
  <w id="1" lemma="|be|" pos="VBP" wid="1">are</w>
  <w id="2" lemma="|then|" pos="RB" wid="2">then</w>
  <w id="3" lemma="|two|" pos="CD" wid="3">two</w>
  <w id="4" lemma="|sacrament|" pos="NNS" wid="4">Sacraments</w>
  <w id="5" lemma="|which|" pos="WDT" wid="5">which</w>
  <w id="6" lemma="|correspond|" pos="VBP" wid="6">correspond</w>
  <w id="7" lemma="|to|" pos="TO" wid="7">to</w>
  <w id="8" lemma="|two|" pos="CD" wid="8">two</w>
  <w id="9" lemma="|specific|" pos="JJ" wid="9">specific</w>
  <w id="10" lemma="|vocation|" pos="NNS" wid="10">vocations</w>
  <w id="11" lemma="|:|" pos=":" wid="11">:</w>
  <w id="12" lemma="|holy|" pos="JJ" wid="12">Holy</w>
  <w id="13" lemma="|order|" pos="NNS" wid="13">Orders</w>
  <w id="14" lemma="|and|" pos="CC" wid="14">and</w>
  <w id="15" lemma="|Matrimony|" pos="NNP" wid="15">Matrimony</w>
  <w id="16" lemma="|.|" pos="." wid="16">.</w>
</sentence>
<sentence id="3">
  <w id="0" lemma="|they|" pos="PRP" wid="0">They</w>
  <w id="1" lemma="|constitute|" pos="VBP" wid="1">constitute</w>
  <w id="2" lemma="|two|" pos="CD" wid="2">two</w>
  <w id="3" lemma="|great|" pos="JJ" wid="3">great</w>
  <w id="4" lemma="|path|" pos="NNS" wid="4">paths</w>
  <w id="5" lemma="|by|" pos="IN" wid="5">by</w>
  <w id="6" lemma="|which|" pos="WDT" wid="6">which</w>
  <w id="7" lemma="|the|" pos="DT" wid="7">the</w>
  <w id="8" lemma="|Christian|" pos="NNP" wid="8">Christian</w>
  <w id="9" lemma="|can|" pos="MD" wid="9">can</w>
  <w id="10" lemma="|make|" pos="VB" wid="10">make</w>
  <w id="11" lemma="|he|" pos="PRP$" wid="11">his</w>
  <w id="12" lemma="|life|" pos="NN" wid="12">life</w>
  <w id="13" lemma="|a|" pos="DT" wid="13">a</w>
  <w id="14" lemma="|gift|" pos="NN" wid="14">gift</w>
  <w id="15" lemma="|of|" pos="IN" wid="15">of</w>
  <w id="16" lemma="|love|" pos="NN" wid="16">love</w>
  <w id="17" lemma="|,|" pos="," wid="17">,</w>
  <w id="18" lemma="|after|" pos="IN" wid="18">after</w>
  <w id="19" lemma="|the|" pos="DT" wid="19">the</w>
  <w id="20" lemma="|example|" pos="NN" wid="20">example</w>
  <w id="21" lemma="|and|" pos="CC" wid="21">and</w>
  <w id="22" lemma="|in|" pos="IN" wid="22">in</w>
  <w id="23" lemma="|the|" pos="DT" wid="23">the</w>
  <w id="24" lemma="|name|" pos="NN" wid="24">name</w>
  <w id="25" lemma="|of|" pos="IN" wid="25">of</w>
  <w id="26" lemma="|Christ|" pos="NNP" wid="26">Christ</w>
  <w id="27" lemma="|,|" pos="," wid="27">,</w>
  <w id="28" lemma="|and|" pos="CC" wid="28">and</w>
  <w id="29" lemma="|thus|" pos="RB" wid="29">thus</w>
  <w id="30" lemma="|cooperate|" pos="VBP" wid="30">cooperate</w>
  <w id="31" lemma="|in|" pos="IN" wid="31">in</w>
  <w id="32" lemma="|the|" pos="DT" wid="32">the</w>
  <w id="33" lemma="|building|" pos="NN" wid="33">building</w>
  <w id="34" lemma="|up|" pos="RP" wid="34">up</w>
  <w id="35" lemma="|of|" pos="IN" wid="35">of</w>
  <w id="36" lemma="|the|" pos="DT" wid="36">the</w>
  <w id="37" lemma="|Church|" pos="NNP" wid="37">Church</w>
  <w id="38" lemma="|.|" pos="." wid="38">.</w>
</sentence>
<sentence id="4">
  <w id="0" lemma="|holy|" pos="JJ" wid="0">Holy</w>
  <w id="1" lemma="|order|" pos="NNS" wid="1">Orders</w>
  <w id="2" lemma="|,|" pos="," wid="2">,</w>
  <w id="3" lemma="|in|" pos="IN" wid="3">in</w>
  <w id="4" lemma="|its|" pos="PRP$" wid="4">its</w>
  <w id="5" lemma="|three|" pos="CD" wid="5">three</w>
  <w id="6" lemma="|grade|" pos="NNS" wid="6">grades</w>
  <w id="7" lemma="|of|" pos="IN" wid="7">of</w>
  <w id="8" lemma="|bishop|" pos="NN" wid="8">bishop</w>
  <w id="9" lemma="|,|" pos="," wid="9">,</w>
  <w id="10" lemma="|priest|" pos="NN" wid="10">priest</w>
  <w id="11" lemma="|and|" pos="CC" wid="11">and</w>
  <w id="12" lemma="|deacon|" pos="NN" wid="12">deacon</w>
  <w id="13" lemma="|,|" pos="," wid="13">,</w>
  <w id="14" lemma="|be|" pos="VBZ" wid="14">is</w>
  <w id="15" lemma="|the|" pos="DT" wid="15">the</w>
  <w id="16" lemma="|sacrament|" pos="NN" wid="16">Sacrament</w>
  <w id="17" lemma="|that|" pos="WDT" wid="17">that</w>
  <w id="18" lemma="|enable|" pos="VBZ" wid="18">enables</w>
  <w id="19" lemma="|a|" pos="DT" wid="19">a</w>
  <w id="20" lemma="|man|" pos="NN" wid="20">man</w>
  <w id="21" lemma="|to|" pos="TO" wid="21">to</w>
  <w id="22" lemma="|exercise|" pos="VB" wid="22">exercise</w>
  <w id="23" lemma="|the|" pos="DT" wid="23">the</w>
  <w id="24" lemma="|ministry|" pos="NN" wid="24">ministry</w>
  <w id="25" lemma="|which|" pos="WDT" wid="25">which</w>
  <w id="26" lemma="|the|" pos="DT" wid="26">the</w>
  <w id="27" lemma="|Lord|" pos="NNP" wid="27">Lord</w>
  <w id="28" lemma="|Jesus|" pos="NNP" wid="28">Jesus</w>
  <w id="29" lemma="|entrust|" pos="VBD" wid="29">entrusted</w>
  <w id="30" lemma="|to|" pos="TO" wid="30">to</w>
  <w id="31" lemma="|the|" pos="DT" wid="31">the</w>
  <w id="32" lemma="|Apostles|" pos="NNPS" wid="32">Apostles</w>
  <w id="33" lemma="|,|" pos="," wid="33">,</w>
  <w id="34" lemma="|to|" pos="TO" wid="34">to</w>
  <w id="35" lemma="|shepherd|" pos="VB" wid="35">shepherd</w>
  <w id="36" lemma="|he|" pos="PRP$" wid="36">his</w>
  <w id="37" lemma="|flock|" pos="NN" wid="37">flock</w>
  <w id="38" lemma="|,|" pos="," wid="38">,</w>
  <w id="39" lemma="|in|" pos="IN" wid="39">in</w>
  <w id="40" lemma="|the|" pos="DT" wid="40">the</w>
  <w id="41" lemma="|power|" pos="NN" wid="41">power</w>
  <w id="42" lemma="|of|" pos="IN" wid="42">of</w>
  <w id="43" lemma="|he|" pos="PRP$" wid="43">his</w>
  <w id="44" lemma="|spirit|" pos="NN" wid="44">Spirit</w>
  <w id="45" lemma="|and|" pos="CC" wid="45">and</w>
  <w id="46" lemma="|accord|" pos="VBG" wid="46">according</w>
  <w id="47" lemma="|to|" pos="TO" wid="47">to</w>
  <w id="48" lemma="|he|" pos="PRP$" wid="48">his</w>
  <w id="49" lemma="|Heart|" pos="NNP" wid="49">Heart</w>
  <w id="50" lemma="|.|" pos="." wid="50">.</w>
</sentence>
<sentence id="5">
  <w id="0" lemma="|tend|" pos="VBG" wid="0">Tending</w>
  <w id="1" lemma="|Jesus|" pos="NNP" wid="1">Jesus</w>
  <w id="2" lemma="|'|" pos="POS" wid="2">'</w>
  <w id="3" lemma="|flock|" pos="NN" wid="3">flock</w>
  <w id="4" lemma="|not|" pos="RB" wid="4">not</w>
  <w id="5" lemma="|by|" pos="IN" wid="5">by</w>
  <w id="6" lemma="|the|" pos="DT" wid="6">the</w>
  <w id="7" lemma="|power|" pos="NN" wid="7">power</w>
  <w id="8" lemma="|of|" pos="IN" wid="8">of</w>
  <w id="9" lemma="|human|" pos="JJ" wid="9">human</w>
  <w id="10" lemma="|strength|" pos="NN" wid="10">strength</w>
  <w id="11" lemma="|or|" pos="CC" wid="11">or</w>
  <w id="12" lemma="|by|" pos="IN" wid="12">by</w>
  <w id="13" lemma="|one|" pos="NN" wid="13">one</w>
  <w id="14" lemma="|'s|" pos="POS" wid="14">'s</w>
  <w id="15" lemma="|own|" pos="JJ" wid="15">own</w>
  <w id="16" lemma="|power|" pos="NN" wid="16">power</w>
  <w id="17" lemma="|,|" pos="," wid="17">,</w>
  <w id="18" lemma="|but|" pos="CC" wid="18">but</w>
  <w id="19" lemma="|by|" pos="IN" wid="19">by</w>
  <w id="20" lemma="|the|" pos="DT" wid="20">the</w>
  <w id="21" lemma="|Spirit|" pos="NNP" wid="21">Spirit</w>
  <w id="22" lemma="|'s|" pos="POS" wid="22">'s</w>
  <w id="23" lemma="|and|" pos="CC" wid="23">and</w>
  <w id="24" lemma="|accord|" pos="VBG" wid="24">according</w>
  <w id="25" lemma="|to|" pos="TO" wid="25">to</w>
  <w id="26" lemma="|he|" pos="PRP$" wid="26">his</w>
  <w id="27" lemma="|Heart|" pos="NNP" wid="27">Heart</w>
  <w id="28" lemma="|,|" pos="," wid="28">,</w>
  <w id="29" lemma="|the|" pos="DT" wid="29">the</w>
  <w id="30" lemma="|Heart|" pos="NNP" wid="30">Heart</w>
  <w id="31" lemma="|of|" pos="IN" wid="31">of</w>
  <w id="32" lemma="|Jesus|" pos="NNP" wid="32">Jesus</w>
  <w id="33" lemma="|which|" pos="WDT" wid="33">which</w>
  <w id="34" lemma="|be|" pos="VBZ" wid="34">is</w>
  <w id="35" lemma="|a|" pos="DT" wid="35">a</w>
  <w id="36" lemma="|heart|" pos="NN" wid="36">heart</w>
  <w id="37" lemma="|of|" pos="IN" wid="37">of</w>
  <w id="38" lemma="|love|" pos="NN" wid="38">love</w>
  <w id="39" lemma="|.|" pos="." wid="39">.</w>
</sentence>
<sentence id="6">
  <w id="0" lemma="|the|" pos="DT" wid="0">The</w>
  <w id="1" lemma="|priest|" pos="NN" wid="1">priest</w>
  <w id="2" lemma="|,|" pos="," wid="2">,</w>
  <w id="3" lemma="|the|" pos="DT" wid="3">the</w>
  <w id="4" lemma="|bishop|" pos="NN" wid="4">bishop</w>
  <w id="5" lemma="|,|" pos="," wid="5">,</w>
  <w id="6" lemma="|the|" pos="DT" wid="6">the</w>
  <w id="7" lemma="|deacon|" pos="NN" wid="7">deacon</w>
  <w id="8" lemma="|must|" pos="MD" wid="8">must</w>
  <w id="9" lemma="|shepherd|" pos="VB" wid="9">shepherd</w>
  <w id="10" lemma="|the|" pos="DT" wid="10">the</w>
  <w id="11" lemma="|Lord|" pos="NNP" wid="11">Lord</w>
  <w id="12" lemma="|'s|" pos="POS" wid="12">'s</w>
  <w id="13" lemma="|flock|" pos="NN" wid="13">flock</w>
  <w id="14" lemma="|with|" pos="IN" wid="14">with</w>
  <w id="15" lemma="|love|" pos="NN" wid="15">love</w>
  <w id="16" lemma="|.|" pos="." wid="16">.</w>
</sentence>
<sentence id="7">
  <w id="0" lemma="|it|" pos="PRP" wid="0">It</w>
  <w id="1" lemma="|be|" pos="VBZ" wid="1">is</w>
  <w id="2" lemma="|useless|" pos="JJ" wid="2">useless</w>
  <w id="3" lemma="|if|" pos="IN" wid="3">if</w>
  <w id="4" lemma="|it|" pos="PRP" wid="4">it</w>
  <w id="5" lemma="|be|" pos="VBZ" wid="5">is</w>
  <w id="6" lemma="|not|" pos="RB" wid="6">not</w>
  <w id="7" lemma="|do|" pos="VBN" wid="7">done</w>
  <w id="8" lemma="|with|" pos="IN" wid="8">with</w>
  <w id="9" lemma="|love|" pos="NN" wid="9">love</w>
  <w id="10" lemma="|.|" pos="." wid="10">.</w>
</sentence>
<sentence id="8">
  <w id="0" lemma="|and|" pos="CC" wid="0">And</w>
  <w id="1" lemma="|in|" pos="IN" wid="1">in</w>
  <w id="2" lemma="|this|" pos="DT" wid="2">this</w>
  <w id="3" lemma="|sense|" pos="NN" wid="3">sense</w>
  <w id="4" lemma="|,|" pos="," wid="4">,</w>
  <w id="5" lemma="|the|" pos="DT" wid="5">the</w>
  <w id="6" lemma="|minister|" pos="NNS" wid="6">ministers</w>
  <w id="7" lemma="|who|" pos="WP" wid="7">who</w>
  <w id="8" lemma="|be|" pos="VBP" wid="8">are</w>
  <w id="9" lemma="|choose|" pos="VBN" wid="9">chosen</w>
  <w id="10" lemma="|and|" pos="CC" wid="10">and</w>
  <w id="11" lemma="|consecrate|" pos="VBN" wid="11">consecrated</w>
  <w id="12" lemma="|for|" pos="IN" wid="12">for</w>
  <w id="13" lemma="|this|" pos="DT" wid="13">this</w>
  <w id="14" lemma="|service|" pos="NN" wid="14">service</w>
  <w id="15" lemma="|extend|" pos="VBP" wid="15">extend</w>
  <w id="16" lemma="|Jesus|" pos="NNP" wid="16">Jesus</w>
  <w id="17" lemma="|'|" pos="POS" wid="17">'</w>
  <w id="18" lemma="|presence|" pos="NN" wid="18">presence</w>
  <w id="19" lemma="|in|" pos="IN" wid="19">in</w>
  <w id="20" lemma="|time|" pos="NN" wid="20">time</w>
  <w id="21" lemma="|,|" pos="," wid="21">,</w>
  <w id="22" lemma="|if|" pos="IN" wid="22">if</w>
  <w id="23" lemma="|they|" pos="PRP" wid="23">they</w>
  <w id="24" lemma="|do|" pos="VBP" wid="24">do</w>
  <w id="25" lemma="|so|" pos="RB" wid="25">so</w>
  <w id="26" lemma="|by|" pos="IN" wid="26">by</w>
  <w id="27" lemma="|the|" pos="DT" wid="27">the</w>
  <w id="28" lemma="|power|" pos="NN" wid="28">power</w>
  <w id="29" lemma="|of|" pos="IN" wid="29">of</w>
  <w id="30" lemma="|the|" pos="DT" wid="30">the</w>
  <w id="31" lemma="|Holy|" pos="NNP" wid="31">Holy</w>
  <w id="32" lemma="|Spirit|" pos="NNP" wid="32">Spirit</w>
  <w id="33" lemma="|,|" pos="," wid="33">,</w>
  <w id="34" lemma="|in|" pos="IN" wid="34">in</w>
  <w id="35" lemma="|God|" pos="NNP" wid="35">God</w>
  <w id="36" lemma="|'s|" pos="POS" wid="36">'s</w>
  <w id="37" lemma="|name|" pos="NN" wid="37">name</w>
  <w id="38" lemma="|and|" pos="CC" wid="38">and</w>
  <w id="39" lemma="|with|" pos="IN" wid="39">with</w>
  <w id="40" lemma="|love|" pos="NN" wid="40">love</w>
  <w id="41" lemma="|.|" pos="." wid="41">.</w>
</sentence>
<sentence id="9">
  <w id="0" lemma="|1|" pos="CD" wid="0">1</w>
  <w id="1" lemma="|.|" pos="." wid="1">.</w>
</sentence>
<sentence id="10">
  <w id="0" lemma="|a|" pos="DT" wid="0">A</w>
  <w id="1" lemma="|first|" pos="JJ" wid="1">first</w>
  <w id="2" lemma="|aspect|" pos="NN" wid="2">aspect</w>
  <w id="3" lemma="|.|" pos="." wid="3">.</w>
</sentence>
<sentence id="11">
  <w id="0" lemma="|those|" pos="DT" wid="0">Those</w>
  <w id="1" lemma="|who|" pos="WP" wid="1">who</w>
  <w id="2" lemma="|be|" pos="VBP" wid="2">are</w>
  <w id="3" lemma="|ordain|" pos="VBN" wid="3">ordained</w>
  <w id="4" lemma="|be|" pos="VBP" wid="4">are</w>
  <w id="5" lemma="|place|" pos="VBN" wid="5">placed</w>
  <w id="6" lemma="|at|" pos="IN" wid="6">at</w>
  <w id="7" lemma="|the|" pos="DT" wid="7">the</w>
  <w id="8" lemma="|head|" pos="NN" wid="8">head</w>
  <w id="9" lemma="|of|" pos="IN" wid="9">of</w>
  <w id="10" lemma="|the|" pos="DT" wid="10">the</w>
  <w id="11" lemma="|community|" pos="NN" wid="11">community</w>
  <w id="12" lemma="|.|" pos="." wid="12">.</w>
</sentence>
<sentence id="12">
  <w id="0" lemma="|they|" pos="PRP" wid="0">They</w>
  <w id="1" lemma="|be|" pos="VBP" wid="1">are</w>
  <w id="2" lemma="|``|" pos="``" wid="2">``</w>
  <w id="3" lemma="|at|" pos="IN" wid="3">at</w>
  <w id="4" lemma="|the|" pos="DT" wid="4">the</w>
  <w id="5" lemma="|head|" pos="NN" wid="5">head</w>
  <w id="6" lemma="|''|" pos="''" wid="6">''</w>
  <w id="7" lemma="|,|" pos="," wid="7">,</w>
  <w id="8" lemma="|yes|" pos="UH" wid="8">yes</w>
  <w id="9" lemma="|,|" pos="," wid="9">,</w>
  <w id="10" lemma="|but|" pos="CC" wid="10">but</w>
  <w id="11" lemma="|for|" pos="IN" wid="11">for</w>
  <w id="12" lemma="|Jesus|" pos="NNP" wid="12">Jesus</w>
  <w id="13" lemma="|this|" pos="DT" wid="13">this</w>
  <w id="14" lemma="|mean|" pos="VBZ" wid="14">means</w>
  <w id="15" lemma="|place|" pos="VBG" wid="15">placing</w>
  <w id="16" lemma="|one|" pos="NNS" wid="16">ones</w>
  <w id="17" lemma="|authority|" pos="NN" wid="17">authority</w>
  <w id="18" lemma="|at|" pos="IN" wid="18">at</w>
  <w id="19" lemma="|the|" pos="DT" wid="19">the</w>
  <w id="20" lemma="|service|" pos="NN" wid="20">service</w>
  <w id="21" lemma="|-lsb-|" pos="-LRB-" wid="21">-LSB-</w>
  <w id="22" lemma="|of|" pos="IN" wid="22">of</w>
  <w id="23" lemma="|the|" pos="DT" wid="23">the</w>
  <w id="24" lemma="|community|" pos="NN" wid="24">community</w>
  <w id="25" lemma="|-rsb-|" pos="-RRB-" wid="25">-RSB-</w>
  <w id="26" lemma="|,|" pos="," wid="26">,</w>
  <w id="27" lemma="|as|" pos="IN" wid="27">as</w>
  <w id="28" lemma="|Jesus|" pos="NNP" wid="28">Jesus</w>
  <w id="29" lemma="|himself|" pos="PRP" wid="29">himself</w>
  <w id="30" lemma="|show|" pos="VBD" wid="30">showed</w>
  <w id="31" lemma="|and|" pos="CC" wid="31">and</w>
  <w id="32" lemma="|teach|" pos="VBD" wid="32">taught</w>
  <w id="33" lemma="|he|" pos="PRP$" wid="33">his</w>
  <w id="34" lemma="|disciple|" pos="NNS" wid="34">disciples</w>
  <w id="35" lemma="|with|" pos="IN" wid="35">with</w>
  <w id="36" lemma="|these|" pos="DT" wid="36">these</w>
  <w id="37" lemma="|word|" pos="NNS" wid="37">words</w>
  <w id="38" lemma="|:|" pos=":" wid="38">:</w>
  <w id="39" lemma="|``|" pos="``" wid="39">``</w>
  <w id="40" lemma="|you|" pos="PRP" wid="40">You</w>
  <w id="41" lemma="|know|" pos="VBP" wid="41">know</w>
  <w id="42" lemma="|that|" pos="IN" wid="42">that</w>
  <w id="43" lemma="|the|" pos="DT" wid="43">the</w>
  <w id="44" lemma="|ruler|" pos="NNS" wid="44">rulers</w>
  <w id="45" lemma="|of|" pos="IN" wid="45">of</w>
  <w id="46" lemma="|the|" pos="DT" wid="46">the</w>
  <w id="47" lemma="|Gentiles|" pos="NNPS" wid="47">Gentiles</w>
  <w id="48" lemma="|lord|" pos="VBD" wid="48">lord</w>
  <w id="49" lemma="|it|" pos="PRP" wid="49">it</w>
  <w id="50" lemma="|over|" pos="IN" wid="50">over</w>
  <w id="51" lemma="|they|" pos="PRP" wid="51">them</w>
  <w id="52" lemma="|,|" pos="," wid="52">,</w>
  <w id="53" lemma="|and|" pos="CC" wid="53">and</w>
  <w id="54" lemma="|they|" pos="PRP$" wid="54">their</w>
  <w id="55" lemma="|great|" pos="JJ" wid="55">great</w>
  <w id="56" lemma="|man|" pos="NNS" wid="56">men</w>
  <w id="57" lemma="|exercise|" pos="NN" wid="57">exercise</w>
  <w id="58" lemma="|authority|" pos="NN" wid="58">authority</w>
  <w id="59" lemma="|over|" pos="IN" wid="59">over</w>
  <w id="60" lemma="|they|" pos="PRP" wid="60">them</w>
  <w id="61" lemma="|.|" pos="." wid="61">.</w>
</sentence>
<sentence id="13">
  <w id="0" lemma="|it|" pos="PRP" wid="0">It</w>
  <w id="1" lemma="|shall|" pos="MD" wid="1">shall</w>
  <w id="2" lemma="|not|" pos="RB" wid="2">not</w>
  <w id="3" lemma="|be|" pos="VB" wid="3">be</w>
  <w id="4" lemma="|so|" pos="RB" wid="4">so</w>
  <w id="5" lemma="|among|" pos="IN" wid="5">among</w>
  <w id="6" lemma="|you|" pos="PRP" wid="6">you</w>
  <w id="7" lemma="|;|" pos=":" wid="7">;</w>
  <w id="8" lemma="|but|" pos="CC" wid="8">but</w>
  <w id="9" lemma="|whoever|" pos="WP" wid="9">whoever</w>
  <w id="10" lemma="|would|" pos="MD" wid="10">would</w>
  <w id="11" lemma="|be|" pos="VB" wid="11">be</w>
  <w id="12" lemma="|great|" pos="JJ" wid="12">great</w>
  <w id="13" lemma="|among|" pos="IN" wid="13">among</w>
  <w id="14" lemma="|you|" pos="PRP" wid="14">you</w>
  <w id="15" lemma="|must|" pos="MD" wid="15">must</w>
  <w id="16" lemma="|be|" pos="VB" wid="16">be</w>
  <w id="17" lemma="|you|" pos="PRP$" wid="17">your</w>
  <w id="18" lemma="|servant|" pos="NN" wid="18">servant</w>
  <w id="19" lemma="|,|" pos="," wid="19">,</w>
  <w id="20" lemma="|and|" pos="CC" wid="20">and</w>
  <w id="21" lemma="|whoever|" pos="WP" wid="21">whoever</w>
  <w id="22" lemma="|would|" pos="MD" wid="22">would</w>
  <w id="23" lemma="|be|" pos="VB" wid="23">be</w>
  <w id="24" lemma="|first|" pos="JJ" wid="24">first</w>
  <w id="25" lemma="|among|" pos="IN" wid="25">among</w>
  <w id="26" lemma="|you|" pos="PRP" wid="26">you</w>
  <w id="27" lemma="|must|" pos="MD" wid="27">must</w>
  <w id="28" lemma="|be|" pos="VB" wid="28">be</w>
  <w id="29" lemma="|you|" pos="PRP$" wid="29">your</w>
  <w id="30" lemma="|slave|" pos="NN" wid="30">slave</w>
  <w id="31" lemma="|;|" pos=":" wid="31">;</w>
  <w id="32" lemma="|even|" pos="RB" wid="32">even</w>
  <w id="33" lemma="|as|" pos="IN" wid="33">as</w>
  <w id="34" lemma="|the|" pos="DT" wid="34">the</w>
  <w id="35" lemma="|Son|" pos="NNP" wid="35">Son</w>
  <w id="36" lemma="|of|" pos="IN" wid="36">of</w>
  <w id="37" lemma="|man|" pos="NN" wid="37">man</w>
  <w id="38" lemma="|come|" pos="VBD" wid="38">came</w>
  <w id="39" lemma="|not|" pos="RB" wid="39">not</w>
  <w id="40" lemma="|to|" pos="TO" wid="40">to</w>
  <w id="41" lemma="|be|" pos="VB" wid="41">be</w>
  <w id="42" lemma="|serve|" pos="VBN" wid="42">served</w>
  <w id="43" lemma="|but|" pos="CC" wid="43">but</w>
  <w id="44" lemma="|to|" pos="TO" wid="44">to</w>
  <w id="45" lemma="|serve|" pos="VB" wid="45">serve</w>
  <w id="46" lemma="|,|" pos="," wid="46">,</w>
  <w id="47" lemma="|and|" pos="CC" wid="47">and</w>
  <w id="48" lemma="|to|" pos="TO" wid="48">to</w>
  <w id="49" lemma="|give|" pos="VB" wid="49">give</w>
  <w id="50" lemma="|he|" pos="PRP$" wid="50">his</w>
  <w id="51" lemma="|life|" pos="NN" wid="51">life</w>
  <w id="52" lemma="|as|" pos="IN" wid="52">as</w>
  <w id="53" lemma="|a|" pos="DT" wid="53">a</w>
  <w id="54" lemma="|ransom|" pos="NN" wid="54">ransom</w>
  <w id="55" lemma="|for|" pos="IN" wid="55">for</w>
  <w id="56" lemma="|many|" pos="JJ" wid="56">many</w>
  <w id="57" lemma="|''|" pos="''" wid="57">''</w>
  <w id="58" lemma="|-lrb-|" pos="-LRB-" wid="58">-LRB-</w>
  <w id="59" lemma="|mt|" pos="FW" wid="59">Mt</w>
  <w id="60" lemma="|20:25|" pos="FW" wid="60">20:25</w>
  <w id="61" lemma="|-28|" pos="CD" wid="61">-28</w>
  <w id="62" lemma="|/|" pos=":" wid="62">/</w>
  <w id="63" lemma="|mk|" pos="NN" wid="63">Mk</w>
  <w id="64" lemma="|10:42|" pos="CD" wid="64">10:42</w>
  <w id="65" lemma="|-45|" pos="CD" wid="65">-45</w>
  <w id="66" lemma="|-rrb-|" pos="-RRB-" wid="66">-RRB-</w>
  <w id="67" lemma="|.|" pos="." wid="67">.</w>
</sentence>
<sentence id="14">
  <w id="0" lemma="|a|" pos="DT" wid="0">A</w>
  <w id="1" lemma="|bishop|" pos="NN" wid="1">bishop</w>
  <w id="2" lemma="|who|" pos="WP" wid="2">who</w>
  <w id="3" lemma="|be|" pos="VBZ" wid="3">is</w>
  <w id="4" lemma="|not|" pos="RB" wid="4">not</w>
  <w id="5" lemma="|at|" pos="IN" wid="5">at</w>
  <w id="6" lemma="|the|" pos="DT" wid="6">the</w>
  <w id="7" lemma="|service|" pos="NN" wid="7">service</w>
  <w id="8" lemma="|of|" pos="IN" wid="8">of</w>
  <w id="9" lemma="|the|" pos="DT" wid="9">the</w>
  <w id="10" lemma="|community|" pos="NN" wid="10">community</w>
  <w id="11" lemma="|fail|" pos="VBZ" wid="11">fails</w>
  <w id="12" lemma="|to|" pos="TO" wid="12">to</w>
  <w id="13" lemma="|perform|" pos="VB" wid="13">perform</w>
  <w id="14" lemma="|he|" pos="PRP$" wid="14">his</w>
  <w id="15" lemma="|duty|" pos="NN" wid="15">duty</w>
  <w id="16" lemma="|;|" pos=":" wid="16">;</w>
  <w id="17" lemma="|a|" pos="DT" wid="17">a</w>
  <w id="18" lemma="|priest|" pos="NN" wid="18">priest</w>
  <w id="19" lemma="|who|" pos="WP" wid="19">who</w>
  <w id="20" lemma="|be|" pos="VBZ" wid="20">is</w>
  <w id="21" lemma="|not|" pos="RB" wid="21">not</w>
  <w id="22" lemma="|at|" pos="IN" wid="22">at</w>
  <w id="23" lemma="|the|" pos="DT" wid="23">the</w>
  <w id="24" lemma="|service|" pos="NN" wid="24">service</w>
  <w id="25" lemma="|of|" pos="IN" wid="25">of</w>
  <w id="26" lemma="|he|" pos="PRP$" wid="26">his</w>
  <w id="27" lemma="|community|" pos="NN" wid="27">community</w>
  <w id="28" lemma="|fail|" pos="VBZ" wid="28">fails</w>
  <w id="29" lemma="|to|" pos="TO" wid="29">to</w>
  <w id="30" lemma="|perform|" pos="VB" wid="30">perform</w>
  <w id="31" lemma="|he|" pos="PRP$" wid="31">his</w>
  <w id="32" lemma="|duty|" pos="NN" wid="32">duty</w>
  <w id="33" lemma="|,|" pos="," wid="33">,</w>
  <w id="34" lemma="|he|" pos="PRP" wid="34">he</w>
  <w id="35" lemma="|err|" pos="VBZ" wid="35">errs</w>
  <w id="36" lemma="|.|" pos="." wid="36">.</w>
</sentence>
<sentence id="15">
  <w id="0" lemma="|2|" pos="CD" wid="0">2</w>
  <w id="1" lemma="|.|" pos="." wid="1">.</w>
</sentence>
<sentence id="16">
  <w id="0" lemma="|another|" pos="DT" wid="0">Another</w>
  <w id="1" lemma="|characteristic|" pos="NN" wid="1">characteristic</w>
  <w id="2" lemma="|which|" pos="WDT" wid="2">which</w>
  <w id="3" lemma="|also|" pos="RB" wid="3">also</w>
  <w id="4" lemma="|derive|" pos="VBZ" wid="4">derives</w>
  <w id="5" lemma="|from|" pos="IN" wid="5">from</w>
  <w id="6" lemma="|this|" pos="DT" wid="6">this</w>
  <w id="7" lemma="|sacramental|" pos="JJ" wid="7">sacramental</w>
  <w id="8" lemma="|union|" pos="NN" wid="8">union</w>
  <w id="9" lemma="|with|" pos="IN" wid="9">with</w>
  <w id="10" lemma="|Christ|" pos="NNP" wid="10">Christ</w>
  <w id="11" lemma="|be|" pos="VBZ" wid="11">is</w>
  <w id="12" lemma="|a|" pos="DT" wid="12">a</w>
  <w id="13" lemma="|passionate|" pos="JJ" wid="13">passionate</w>
  <w id="14" lemma="|love|" pos="NN" wid="14">love</w>
  <w id="15" lemma="|for|" pos="IN" wid="15">for</w>
  <w id="16" lemma="|the|" pos="DT" wid="16">the</w>
  <w id="17" lemma="|Church|" pos="NNP" wid="17">Church</w>
  <w id="18" lemma="|.|" pos="." wid="18">.</w>
</sentence>
<sentence id="17">
  <w id="0" lemma="|let|" pos="VB" wid="0">Let</w>
  <w id="1" lemma="|we|" pos="PRP" wid="1">us</w>
  <w id="2" lemma="|think|" pos="VB" wid="2">think</w>
  <w id="3" lemma="|of|" pos="IN" wid="3">of</w>
  <w id="4" lemma="|that|" pos="DT" wid="4">that</w>
  <w id="5" lemma="|passage|" pos="NN" wid="5">passage</w>
  <w id="6" lemma="|from|" pos="IN" wid="6">from</w>
  <w id="7" lemma="|the|" pos="DT" wid="7">the</w>
  <w id="8" lemma="|Letter|" pos="NNP" wid="8">Letter</w>
  <w id="9" lemma="|to|" pos="TO" wid="9">to</w>
  <w id="10" lemma="|the|" pos="DT" wid="10">the</w>
  <w id="11" lemma="|Ephesians|" pos="NNPS" wid="11">Ephesians</w>
  <w id="12" lemma="|in|" pos="IN" wid="12">in</w>
  <w id="13" lemma="|which|" pos="WDT" wid="13">which</w>
  <w id="14" lemma="|St|" pos="NNP" wid="14">St</w>
  <w id="15" lemma="|Paul|" pos="NNP" wid="15">Paul</w>
  <w id="16" lemma="|state|" pos="VBZ" wid="16">states</w>
  <w id="17" lemma="|that|" pos="IN" wid="17">that</w>
  <w id="18" lemma="|Christ|" pos="NNP" wid="18">Christ</w>
  <w id="19" lemma="|``|" pos="``" wid="19">``</w>
  <w id="20" lemma="|love|" pos="VBD" wid="20">loved</w>
  <w id="21" lemma="|the|" pos="DT" wid="21">the</w>
  <w id="22" lemma="|Church|" pos="NNP" wid="22">Church</w>
  <w id="23" lemma="|and|" pos="CC" wid="23">and</w>
  <w id="24" lemma="|give|" pos="VBD" wid="24">gave</w>
  <w id="25" lemma="|himself|" pos="PRP" wid="25">himself</w>
  <w id="26" lemma="|up|" pos="RP" wid="26">up</w>
  <w id="27" lemma="|for|" pos="IN" wid="27">for</w>
  <w id="28" lemma="|she|" pos="PRP" wid="28">her</w>
  <w id="29" lemma="|,|" pos="," wid="29">,</w>
  <w id="30" lemma="|that|" pos="IN" wid="30">that</w>
  <w id="31" lemma="|he|" pos="PRP" wid="31">he</w>
  <w id="32" lemma="|might|" pos="MD" wid="32">might</w>
  <w id="33" lemma="|sanctify|" pos="VB" wid="33">sanctify</w>
  <w id="34" lemma="|she|" pos="PRP" wid="34">her</w>
  <w id="35" lemma="|,|" pos="," wid="35">,</w>
  <w id="36" lemma="|have|" pos="VBG" wid="36">having</w>
  <w id="37" lemma="|cleanse|" pos="VBN" wid="37">cleansed</w>
  <w id="38" lemma="|she|" pos="PRP" wid="38">her</w>
  <w id="39" lemma="|by|" pos="IN" wid="39">by</w>
  <w id="40" lemma="|the|" pos="DT" wid="40">the</w>
  <w id="41" lemma="|wash|" pos="VBG" wid="41">washing</w>
  <w id="42" lemma="|of|" pos="IN" wid="42">of</w>
  <w id="43" lemma="|water|" pos="NN" wid="43">water</w>
  <w id="44" lemma="|with|" pos="IN" wid="44">with</w>
  <w id="45" lemma="|the|" pos="DT" wid="45">the</w>
  <w id="46" lemma="|word|" pos="NN" wid="46">word</w>
  <w id="47" lemma="|,|" pos="," wid="47">,</w>
  <w id="48" lemma="|that|" pos="IN" wid="48">that</w>
  <w id="49" lemma="|he|" pos="PRP" wid="49">he</w>
  <w id="50" lemma="|might|" pos="MD" wid="50">might</w>
  <w id="51" lemma="|present|" pos="VB" wid="51">present</w>
  <w id="52" lemma="|the|" pos="DT" wid="52">the</w>
  <w id="53" lemma="|Church|" pos="NNP" wid="53">Church</w>
  <w id="54" lemma="|to|" pos="TO" wid="54">to</w>
  <w id="55" lemma="|himself|" pos="PRP" wid="55">himself</w>
  <w id="56" lemma="|in|" pos="IN" wid="56">in</w>
  <w id="57" lemma="|splendour|" pos="NN" wid="57">splendour</w>
  <w id="58" lemma="|,|" pos="," wid="58">,</w>
  <w id="59" lemma="|without|" pos="IN" wid="59">without</w>
  <w id="60" lemma="|spot|" pos="NN" wid="60">spot</w>
  <w id="61" lemma="|or|" pos="CC" wid="61">or</w>
  <w id="62" lemma="|wrinkle|" pos="NN" wid="62">wrinkle</w>
  <w id="63" lemma="|or|" pos="CC" wid="63">or</w>
  <w id="64" lemma="|any|" pos="DT" wid="64">any</w>
  <w id="65" lemma="|such|" pos="JJ" wid="65">such</w>
  <w id="66" lemma="|thing|" pos="NN" wid="66">thing</w>
  <w id="67" lemma="|''|" pos="''" wid="67">''</w>
  <w id="68" lemma="|-lrb-|" pos="-LRB-" wid="68">-LRB-</w>
  <w id="69" lemma="|5:25|" pos="CD" wid="69">5:25</w>
  <w id="70" lemma="|-27|" pos="CD" wid="70">-27</w>
  <w id="71" lemma="|-rrb-|" pos="-RRB-" wid="71">-RRB-</w>
  <w id="72" lemma="|.|" pos="." wid="72">.</w>
</sentence>
<sentence id="18">
  <w id="0" lemma="|through|" pos="IN" wid="0">Through</w>
  <w id="1" lemma="|holy|" pos="JJ" wid="1">Holy</w>
  <w id="2" lemma="|order|" pos="NNS" wid="2">Orders</w>
  <w id="3" lemma="|the|" pos="DT" wid="3">the</w>
  <w id="4" lemma="|minister|" pos="NN" wid="4">minister</w>
  <w id="5" lemma="|dedicate|" pos="VBZ" wid="5">dedicates</w>
  <w id="6" lemma="|himself|" pos="PRP" wid="6">himself</w>
  <w id="7" lemma="|entirely|" pos="RB" wid="7">entirely</w>
  <w id="8" lemma="|to|" pos="TO" wid="8">to</w>
  <w id="9" lemma="|he|" pos="PRP$" wid="9">his</w>
  <w id="10" lemma="|community|" pos="NN" wid="10">community</w>
  <w id="11" lemma="|and|" pos="CC" wid="11">and</w>
  <w id="12" lemma="|love|" pos="VBZ" wid="12">loves</w>
  <w id="13" lemma="|it|" pos="PRP" wid="13">it</w>
  <w id="14" lemma="|with|" pos="IN" wid="14">with</w>
  <w id="15" lemma="|all|" pos="PDT" wid="15">all</w>
  <w id="16" lemma="|he|" pos="PRP$" wid="16">his</w>
  <w id="17" lemma="|heart|" pos="NN" wid="17">heart</w>
  <w id="18" lemma="|:|" pos=":" wid="18">:</w>
  <w id="19" lemma="|it|" pos="PRP" wid="19">it</w>
  <w id="20" lemma="|be|" pos="VBZ" wid="20">is</w>
  <w id="21" lemma="|he|" pos="PRP$" wid="21">his</w>
  <w id="22" lemma="|family|" pos="NN" wid="22">family</w>
  <w id="23" lemma="|.|" pos="." wid="23">.</w>
</sentence>
<sentence id="19">
  <w id="0" lemma="|the|" pos="DT" wid="0">The</w>
  <w id="1" lemma="|bishop|" pos="NN" wid="1">bishop</w>
  <w id="2" lemma="|and|" pos="CC" wid="2">and</w>
  <w id="3" lemma="|the|" pos="DT" wid="3">the</w>
  <w id="4" lemma="|priest|" pos="NN" wid="4">priest</w>
  <w id="5" lemma="|love|" pos="NN" wid="5">love</w>
  <w id="6" lemma="|the|" pos="DT" wid="6">the</w>
  <w id="7" lemma="|Church|" pos="NNP" wid="7">Church</w>
  <w id="8" lemma="|in|" pos="IN" wid="8">in</w>
  <w id="9" lemma="|they|" pos="PRP$" wid="9">their</w>
  <w id="10" lemma="|own|" pos="JJ" wid="10">own</w>
  <w id="11" lemma="|community|" pos="NN" wid="11">community</w>
  <w id="12" lemma="|,|" pos="," wid="12">,</w>
  <w id="13" lemma="|they|" pos="PRP" wid="13">they</w>
  <w id="14" lemma="|love|" pos="VBP" wid="14">love</w>
  <w id="15" lemma="|it|" pos="PRP" wid="15">it</w>
  <w id="16" lemma="|greatly|" pos="RB" wid="16">greatly</w>
  <w id="17" lemma="|.|" pos="." wid="17">.</w>
</sentence>
<sentence id="20">
  <w id="0" lemma="|how|" pos="WRB" wid="0">How</w>
  <w id="1" lemma="|?|" pos="." wid="1">?</w>
</sentence>
<sentence id="21">
  <w id="0" lemma="|as|" pos="IN" wid="0">As</w>
  <w id="1" lemma="|Christ|" pos="NNP" wid="1">Christ</w>
  <w id="2" lemma="|love|" pos="VBZ" wid="2">loves</w>
  <w id="3" lemma="|the|" pos="DT" wid="3">the</w>
  <w id="4" lemma="|Church|" pos="NNP" wid="4">Church</w>
  <w id="5" lemma="|.|" pos="." wid="5">.</w>
</sentence>
<sentence id="22">
  <w id="0" lemma="|St|" pos="NNP" wid="0">St</w>
  <w id="1" lemma="|Paul|" pos="NNP" wid="1">Paul</w>
  <w id="2" lemma="|will|" pos="MD" wid="2">will</w>
  <w id="3" lemma="|say|" pos="VB" wid="3">say</w>
  <w id="4" lemma="|the|" pos="DT" wid="4">the</w>
  <w id="5" lemma="|same|" pos="JJ" wid="5">same</w>
  <w id="6" lemma="|of|" pos="IN" wid="6">of</w>
  <w id="7" lemma="|marriage|" pos="NN" wid="7">marriage</w>
  <w id="8" lemma="|:|" pos=":" wid="8">:</w>
  <w id="9" lemma="|the|" pos="DT" wid="9">the</w>
  <w id="10" lemma="|husband|" pos="NN" wid="10">husband</w>
  <w id="11" lemma="|be|" pos="VBZ" wid="11">is</w>
  <w id="12" lemma="|to|" pos="TO" wid="12">to</w>
  <w id="13" lemma="|love|" pos="VB" wid="13">love</w>
  <w id="14" lemma="|he|" pos="PRP$" wid="14">his</w>
  <w id="15" lemma="|wife|" pos="NN" wid="15">wife</w>
  <w id="16" lemma="|as|" pos="IN" wid="16">as</w>
  <w id="17" lemma="|Christ|" pos="NNP" wid="17">Christ</w>
  <w id="18" lemma="|love|" pos="VBZ" wid="18">loves</w>
  <w id="19" lemma="|the|" pos="DT" wid="19">the</w>
  <w id="20" lemma="|Church|" pos="NNP" wid="20">Church</w>
  <w id="21" lemma="|.|" pos="." wid="21">.</w>
</sentence>
<sentence id="23">
  <w id="0" lemma="|it|" pos="PRP" wid="0">It</w>
  <w id="1" lemma="|be|" pos="VBZ" wid="1">is</w>
  <w id="2" lemma="|a|" pos="DT" wid="2">a</w>
  <w id="3" lemma="|great|" pos="JJ" wid="3">great</w>
  <w id="4" lemma="|mystery|" pos="NN" wid="4">mystery</w>
  <w id="5" lemma="|of|" pos="IN" wid="5">of</w>
  <w id="6" lemma="|love|" pos="NN" wid="6">love</w>
  <w id="7" lemma="|:|" pos=":" wid="7">:</w>
  <w id="8" lemma="|this|" pos="DT" wid="8">this</w>
  <w id="9" lemma="|of|" pos="IN" wid="9">of</w>
  <w id="10" lemma="|priestly|" pos="JJ" wid="10">priestly</w>
  <w id="11" lemma="|ministry|" pos="NN" wid="11">ministry</w>
  <w id="12" lemma="|and|" pos="CC" wid="12">and</w>
  <w id="13" lemma="|that|" pos="DT" wid="13">that</w>
  <w id="14" lemma="|of|" pos="IN" wid="14">of</w>
  <w id="15" lemma="|matrimony|" pos="NN" wid="15">matrimony</w>
  <w id="16" lemma="|be|" pos="VBP" wid="16">are</w>
  <w id="17" lemma="|two|" pos="CD" wid="17">two</w>
  <w id="18" lemma="|sacrament|" pos="NNS" wid="18">Sacraments</w>
  <w id="19" lemma="|,|" pos="," wid="19">,</w>
  <w id="20" lemma="|pathway|" pos="NNS" wid="20">pathways</w>
  <w id="21" lemma="|which|" pos="WDT" wid="21">which</w>
  <w id="22" lemma="|people|" pos="NNS" wid="22">people</w>
  <w id="23" lemma="|normally|" pos="RB" wid="23">normally</w>
  <w id="24" lemma="|take|" pos="VBP" wid="24">take</w>
  <w id="25" lemma="|to|" pos="TO" wid="25">to</w>
  <w id="26" lemma="|go|" pos="VB" wid="26">go</w>
  <w id="27" lemma="|to|" pos="TO" wid="27">to</w>
  <w id="28" lemma="|the|" pos="DT" wid="28">the</w>
  <w id="29" lemma="|Lord|" pos="NNP" wid="29">Lord</w>
  <w id="30" lemma="|.|" pos="." wid="30">.</w>
</sentence>
<sentence id="24">
  <w id="0" lemma="|3|" pos="LS" wid="0">3</w>
  <w id="1" lemma="|.|" pos="." wid="1">.</w>
</sentence>
<sentence id="25">
  <w id="0" lemma="|a|" pos="DT" wid="0">A</w>
  <w id="1" lemma="|final|" pos="JJ" wid="1">final</w>
  <w id="2" lemma="|aspect|" pos="NN" wid="2">aspect</w>
  <w id="3" lemma="|.|" pos="." wid="3">.</w>
</sentence>
<sentence id="26">
  <w id="0" lemma="|the|" pos="DT" wid="0">The</w>
  <w id="1" lemma="|Apostle|" pos="NNP" wid="1">Apostle</w>
  <w id="2" lemma="|Paul|" pos="NNP" wid="2">Paul</w>
  <w id="3" lemma="|recommend|" pos="VBZ" wid="3">recommends</w>
  <w id="4" lemma="|to|" pos="TO" wid="4">to</w>
  <w id="5" lemma="|the|" pos="DT" wid="5">the</w>
  <w id="6" lemma="|disciple|" pos="NN" wid="6">disciple</w>
  <w id="7" lemma="|Timothy|" pos="NNP" wid="7">Timothy</w>
  <w id="8" lemma="|that|" pos="IN" wid="8">that</w>
  <w id="9" lemma="|he|" pos="PRP" wid="9">he</w>
  <w id="10" lemma="|not|" pos="RB" wid="10">not</w>
  <w id="11" lemma="|neglect|" pos="NN" wid="11">neglect</w>
  <w id="12" lemma="|,|" pos="," wid="12">,</w>
  <w id="13" lemma="|indeed|" pos="RB" wid="13">indeed</w>
  <w id="14" lemma="|,|" pos="," wid="14">,</w>
  <w id="15" lemma="|that|" pos="IN" wid="15">that</w>
  <w id="16" lemma="|he|" pos="PRP" wid="16">he</w>
  <w id="17" lemma="|always|" pos="RB" wid="17">always</w>
  <w id="18" lemma="|rekindle|" pos="VBP" wid="18">rekindle</w>
  <w id="19" lemma="|the|" pos="DT" wid="19">the</w>
  <w id="20" lemma="|gift|" pos="NN" wid="20">gift</w>
  <w id="21" lemma="|that|" pos="WDT" wid="21">that</w>
  <w id="22" lemma="|be|" pos="VBZ" wid="22">is</w>
  <w id="23" lemma="|within|" pos="IN" wid="23">within</w>
  <w id="24" lemma="|he|" pos="PRP" wid="24">him</w>
  <w id="25" lemma="|.|" pos="." wid="25">.</w>
</sentence>
<sentence id="27">
  <w id="0" lemma="|the|" pos="DT" wid="0">The</w>
  <w id="1" lemma="|gift|" pos="NN" wid="1">gift</w>
  <w id="2" lemma="|that|" pos="IN" wid="2">that</w>
  <w id="3" lemma="|he|" pos="PRP" wid="3">he</w>
  <w id="4" lemma="|have|" pos="VBZ" wid="4">has</w>
  <w id="5" lemma="|be|" pos="VBN" wid="5">been</w>
  <w id="6" lemma="|give|" pos="VBN" wid="6">given</w>
  <w id="7" lemma="|through|" pos="IN" wid="7">through</w>
  <w id="8" lemma="|the|" pos="DT" wid="8">the</w>
  <w id="9" lemma="|lay|" pos="VBG" wid="9">laying</w>
  <w id="10" lemma="|on|" pos="RP" wid="10">on</w>
  <w id="11" lemma="|of|" pos="IN" wid="11">of</w>
  <w id="12" lemma="|hand|" pos="NNS" wid="12">hands</w>
  <w id="13" lemma="|-lrb-|" pos="-LRB-" wid="13">-LRB-</w>
  <w id="14" lemma="|cf|" pos="NN" wid="14">cf</w>
  <w id="15" lemma="|.|" pos="." wid="15">.</w>
</sentence>
<sentence id="28">
  <w id="0" lemma="|1|" pos="CD" wid="0">1</w>
  <w id="1" lemma="|Tim|" pos="NNP" wid="1">Tim</w>
  <w id="2" lemma="|4:14|" pos="CD" wid="2">4:14</w>
  <w id="3" lemma="|;|" pos=":" wid="3">;</w>
  <w id="4" lemma="|2|" pos="CD" wid="4">2</w>
  <w id="5" lemma="|Tim|" pos="NNP" wid="5">Tim</w>
  <w id="6" lemma="|1:6|" pos="CD" wid="6">1:6</w>
  <w id="7" lemma="|-rrb-|" pos="-RRB-" wid="7">-RRB-</w>
  <w id="8" lemma="|.|" pos="." wid="8">.</w>
</sentence>
<sentence id="29">
  <w id="0" lemma="|when|" pos="WRB" wid="0">When</w>
  <w id="1" lemma="|the|" pos="DT" wid="1">the</w>
  <w id="2" lemma="|ministry|" pos="NN" wid="2">ministry</w>
  <w id="3" lemma="|be|" pos="VBZ" wid="3">is</w>
  <w id="4" lemma="|not|" pos="RB" wid="4">not</w>
  <w id="5" lemma="|foster|" pos="VBN" wid="5">fostered</w>
  <w id="6" lemma="|--|" pos=":" wid="6">--</w>
  <w id="7" lemma="|the|" pos="DT" wid="7">the</w>
  <w id="8" lemma="|ministry|" pos="NN" wid="8">ministry</w>
  <w id="9" lemma="|of|" pos="IN" wid="9">of</w>
  <w id="10" lemma="|the|" pos="DT" wid="10">the</w>
  <w id="11" lemma="|bishop|" pos="NN" wid="11">bishop</w>
  <w id="12" lemma="|,|" pos="," wid="12">,</w>
  <w id="13" lemma="|the|" pos="DT" wid="13">the</w>
  <w id="14" lemma="|ministry|" pos="NN" wid="14">ministry</w>
  <w id="15" lemma="|of|" pos="IN" wid="15">of</w>
  <w id="16" lemma="|the|" pos="DT" wid="16">the</w>
  <w id="17" lemma="|priest|" pos="NN" wid="17">priest</w>
  <w id="18" lemma="|--|" pos=":" wid="18">--</w>
  <w id="19" lemma="|through|" pos="IN" wid="19">through</w>
  <w id="20" lemma="|prayer|" pos="NN" wid="20">prayer</w>
  <w id="21" lemma="|,|" pos="," wid="21">,</w>
  <w id="22" lemma="|through|" pos="IN" wid="22">through</w>
  <w id="23" lemma="|listen|" pos="VBG" wid="23">listening</w>
  <w id="24" lemma="|to|" pos="TO" wid="24">to</w>
  <w id="25" lemma="|the|" pos="DT" wid="25">the</w>
  <w id="26" lemma="|word|" pos="NN" wid="26">Word</w>
  <w id="27" lemma="|of|" pos="IN" wid="27">of</w>
  <w id="28" lemma="|God|" pos="NNP" wid="28">God</w>
  <w id="29" lemma="|,|" pos="," wid="29">,</w>
  <w id="30" lemma="|through|" pos="IN" wid="30">through</w>
  <w id="31" lemma="|the|" pos="DT" wid="31">the</w>
  <w id="32" lemma="|daily|" pos="JJ" wid="32">daily</w>
  <w id="33" lemma="|celebration|" pos="NN" wid="33">celebration</w>
  <w id="34" lemma="|of|" pos="IN" wid="34">of</w>
  <w id="35" lemma="|the|" pos="DT" wid="35">the</w>
  <w id="36" lemma="|eucharist|" pos="NN" wid="36">Eucharist</w>
  <w id="37" lemma="|and|" pos="CC" wid="37">and</w>
  <w id="38" lemma="|also|" pos="RB" wid="38">also</w>
  <w id="39" lemma="|through|" pos="IN" wid="39">through</w>
  <w id="40" lemma="|regularly|" pos="RB" wid="40">regularly</w>
  <w id="41" lemma="|go|" pos="VBG" wid="41">going</w>
  <w id="42" lemma="|to|" pos="TO" wid="42">to</w>
  <w id="43" lemma="|the|" pos="DT" wid="43">the</w>
  <w id="44" lemma="|Sacrament|" pos="NNP" wid="44">Sacrament</w>
  <w id="45" lemma="|of|" pos="IN" wid="45">of</w>
  <w id="46" lemma="|Penance|" pos="NNP" wid="46">Penance</w>
  <w id="47" lemma="|,|" pos="," wid="47">,</w>
  <w id="48" lemma="|he|" pos="PRP" wid="48">he</w>
  <w id="49" lemma="|inevitably|" pos="RB" wid="49">inevitably</w>
  <w id="50" lemma="|end|" pos="VBZ" wid="50">ends</w>
  <w id="51" lemma="|up|" pos="RP" wid="51">up</w>
  <w id="52" lemma="|lose|" pos="VBG" wid="52">losing</w>
  <w id="53" lemma="|sight|" pos="NN" wid="53">sight</w>
  <w id="54" lemma="|of|" pos="IN" wid="54">of</w>
  <w id="55" lemma="|the|" pos="DT" wid="55">the</w>
  <w id="56" lemma="|authentic|" pos="JJ" wid="56">authentic</w>
  <w id="57" lemma="|meaning|" pos="NN" wid="57">meaning</w>
  <w id="58" lemma="|of|" pos="IN" wid="58">of</w>
  <w id="59" lemma="|he|" pos="PRP$" wid="59">his</w>
  <w id="60" lemma="|own|" pos="JJ" wid="60">own</w>
  <w id="61" lemma="|service|" pos="NN" wid="61">service</w>
  <w id="62" lemma="|and|" pos="CC" wid="62">and</w>
  <w id="63" lemma="|the|" pos="DT" wid="63">the</w>
  <w id="64" lemma="|joy|" pos="NN" wid="64">joy</w>
  <w id="65" lemma="|which|" pos="WDT" wid="65">which</w>
  <w id="66" lemma="|come|" pos="VBZ" wid="66">comes</w>
  <w id="67" lemma="|from|" pos="IN" wid="67">from</w>
  <w id="68" lemma="|a|" pos="DT" wid="68">a</w>
  <w id="69" lemma="|profound|" pos="JJ" wid="69">profound</w>
  <w id="70" lemma="|communion|" pos="NN" wid="70">communion</w>
  <w id="71" lemma="|with|" pos="IN" wid="71">with</w>
  <w id="72" lemma="|Jesus|" pos="NNP" wid="72">Jesus</w>
  <w id="73" lemma="|.|" pos="." wid="73">.</w>
</sentence>
<sentence id="30">
  <w id="0" lemma="|4|" pos="LS" wid="0">4</w>
  <w id="1" lemma="|.|" pos="." wid="1">.</w>
</sentence>
<sentence id="31">
  <w id="0" lemma="|the|" pos="DT" wid="0">The</w>
  <w id="1" lemma="|bishop|" pos="NN" wid="1">bishop</w>
  <w id="2" lemma="|who|" pos="WP" wid="2">who</w>
  <w id="3" lemma="|do|" pos="VBZ" wid="3">does</w>
  <w id="4" lemma="|not|" pos="RB" wid="4">not</w>
  <w id="5" lemma="|pray|" pos="VB" wid="5">pray</w>
  <w id="6" lemma="|,|" pos="," wid="6">,</w>
  <w id="7" lemma="|the|" pos="DT" wid="7">the</w>
  <w id="8" lemma="|bishop|" pos="NN" wid="8">bishop</w>
  <w id="9" lemma="|who|" pos="WP" wid="9">who</w>
  <w id="10" lemma="|do|" pos="VBZ" wid="10">does</w>
  <w id="11" lemma="|not|" pos="RB" wid="11">not</w>
  <w id="12" lemma="|listen|" pos="VB" wid="12">listen</w>
  <w id="13" lemma="|to|" pos="TO" wid="13">to</w>
  <w id="14" lemma="|the|" pos="DT" wid="14">the</w>
  <w id="15" lemma="|word|" pos="NN" wid="15">Word</w>
  <w id="16" lemma="|of|" pos="IN" wid="16">of</w>
  <w id="17" lemma="|God|" pos="NNP" wid="17">God</w>
  <w id="18" lemma="|,|" pos="," wid="18">,</w>
  <w id="19" lemma="|who|" pos="WP" wid="19">who</w>
  <w id="20" lemma="|do|" pos="VBZ" wid="20">does</w>
  <w id="21" lemma="|not|" pos="RB" wid="21">not</w>
  <w id="22" lemma="|celebrate|" pos="VB" wid="22">celebrate</w>
  <w id="23" lemma="|every|" pos="DT" wid="23">every</w>
  <w id="24" lemma="|day|" pos="NN" wid="24">day</w>
  <w id="25" lemma="|,|" pos="," wid="25">,</w>
  <w id="26" lemma="|who|" pos="WP" wid="26">who</w>
  <w id="27" lemma="|do|" pos="VBZ" wid="27">does</w>
  <w id="28" lemma="|not|" pos="RB" wid="28">not</w>
  <w id="29" lemma="|regularly|" pos="RB" wid="29">regularly</w>
  <w id="30" lemma="|confess|" pos="VB" wid="30">confess</w>
  <w id="31" lemma="|--|" pos=":" wid="31">--</w>
  <w id="32" lemma="|and|" pos="CC" wid="32">and</w>
  <w id="33" lemma="|the|" pos="DT" wid="33">the</w>
  <w id="34" lemma="|same|" pos="JJ" wid="34">same</w>
  <w id="35" lemma="|be|" pos="VBZ" wid="35">is</w>
  <w id="36" lemma="|true|" pos="JJ" wid="36">true</w>
  <w id="37" lemma="|for|" pos="IN" wid="37">for</w>
  <w id="38" lemma="|the|" pos="DT" wid="38">the</w>
  <w id="39" lemma="|priest|" pos="NN" wid="39">priest</w>
  <w id="40" lemma="|who|" pos="WP" wid="40">who</w>
  <w id="41" lemma="|do|" pos="VBZ" wid="41">does</w>
  <w id="42" lemma="|not|" pos="RB" wid="42">not</w>
  <w id="43" lemma="|do|" pos="VB" wid="43">do</w>
  <w id="44" lemma="|these|" pos="DT" wid="44">these</w>
  <w id="45" lemma="|thing|" pos="NNS" wid="45">things</w>
  <w id="46" lemma="|--|" pos=":" wid="46">--</w>
  <w id="47" lemma="|in|" pos="IN" wid="47">in</w>
  <w id="48" lemma="|the|" pos="DT" wid="48">the</w>
  <w id="49" lemma="|long|" pos="JJ" wid="49">long</w>
  <w id="50" lemma="|run|" pos="NN" wid="50">run</w>
  <w id="51" lemma="|lose|" pos="VBP" wid="51">lose</w>
  <w id="52" lemma="|they|" pos="PRP$" wid="52">their</w>
  <w id="53" lemma="|union|" pos="NN" wid="53">union</w>
  <w id="54" lemma="|with|" pos="IN" wid="54">with</w>
  <w id="55" lemma="|Jesus|" pos="NNP" wid="55">Jesus</w>
  <w id="56" lemma="|and|" pos="CC" wid="56">and</w>
  <w id="57" lemma="|become|" pos="VB" wid="57">become</w>
  <w id="58" lemma="|so|" pos="RB" wid="58">so</w>
  <w id="59" lemma="|mediocre|" pos="JJ" wid="59">mediocre</w>
  <w id="60" lemma="|that|" pos="IN" wid="60">that</w>
  <w id="61" lemma="|they|" pos="PRP" wid="61">they</w>
  <w id="62" lemma="|do|" pos="VBP" wid="62">do</w>
  <w id="63" lemma="|not|" pos="RB" wid="63">not</w>
  <w id="64" lemma="|benefit|" pos="VB" wid="64">benefit</w>
  <w id="65" lemma="|the|" pos="DT" wid="65">the</w>
  <w id="66" lemma="|Church|" pos="NNP" wid="66">Church</w>
  <w id="67" lemma="|.|" pos="." wid="67">.</w>
</sentence>
<sentence id="32">
  <w id="0" lemma="|that|" pos="DT" wid="0">That</w>
  <w id="1" lemma="|be|" pos="VBZ" wid="1">is</w>
  <w id="2" lemma="|why|" pos="WRB" wid="2">why</w>
  <w id="3" lemma="|we|" pos="PRP" wid="3">we</w>
  <w id="4" lemma="|must|" pos="MD" wid="4">must</w>
  <w id="5" lemma="|help|" pos="VB" wid="5">help</w>
  <w id="6" lemma="|bishop|" pos="NNS" wid="6">bishops</w>
  <w id="7" lemma="|and|" pos="CC" wid="7">and</w>
  <w id="8" lemma="|priest|" pos="NNS" wid="8">priests</w>
  <w id="9" lemma="|to|" pos="TO" wid="9">to</w>
  <w id="10" lemma="|pray|" pos="VB" wid="10">pray</w>
  <w id="11" lemma="|,|" pos="," wid="11">,</w>
  <w id="12" lemma="|to|" pos="TO" wid="12">to</w>
  <w id="13" lemma="|listen|" pos="VB" wid="13">listen</w>
  <w id="14" lemma="|to|" pos="TO" wid="14">to</w>
  <w id="15" lemma="|the|" pos="DT" wid="15">the</w>
  <w id="16" lemma="|word|" pos="NN" wid="16">Word</w>
  <w id="17" lemma="|of|" pos="IN" wid="17">of</w>
  <w id="18" lemma="|God|" pos="NNP" wid="18">God</w>
  <w id="19" lemma="|which|" pos="WDT" wid="19">which</w>
  <w id="20" lemma="|be|" pos="VBZ" wid="20">is</w>
  <w id="21" lemma="|one|" pos="PRP" wid="21">one</w>
  <w id="22" lemma="|'s|" pos="POS" wid="22">'s</w>
  <w id="23" lemma="|daily|" pos="JJ" wid="23">daily</w>
  <w id="24" lemma="|nourishment|" pos="NN" wid="24">nourishment</w>
  <w id="25" lemma="|,|" pos="," wid="25">,</w>
  <w id="26" lemma="|to|" pos="TO" wid="26">to</w>
  <w id="27" lemma="|celebrate|" pos="VB" wid="27">celebrate</w>
  <w id="28" lemma="|the|" pos="DT" wid="28">the</w>
  <w id="29" lemma="|Eucharist|" pos="NNP" wid="29">Eucharist</w>
  <w id="30" lemma="|each|" pos="DT" wid="30">each</w>
  <w id="31" lemma="|day|" pos="NN" wid="31">day</w>
  <w id="32" lemma="|and|" pos="CC" wid="32">and</w>
  <w id="33" lemma="|to|" pos="TO" wid="33">to</w>
  <w id="34" lemma="|confess|" pos="VB" wid="34">confess</w>
  <w id="35" lemma="|regularly|" pos="RB" wid="35">regularly</w>
  <w id="36" lemma="|.|" pos="." wid="36">.</w>
</sentence>
<sentence id="33">
  <w id="0" lemma="|this|" pos="DT" wid="0">This</w>
  <w id="1" lemma="|be|" pos="VBZ" wid="1">is</w>
  <w id="2" lemma="|so|" pos="RB" wid="2">so</w>
  <w id="3" lemma="|important|" pos="JJ" wid="3">important</w>
  <w id="4" lemma="|precisely|" pos="RB" wid="4">precisely</w>
  <w id="5" lemma="|because|" pos="IN" wid="5">because</w>
  <w id="6" lemma="|it|" pos="PRP" wid="6">it</w>
  <w id="7" lemma="|concern|" pos="VBZ" wid="7">concerns</w>
  <w id="8" lemma="|the|" pos="DT" wid="8">the</w>
  <w id="9" lemma="|sanctification|" pos="NN" wid="9">sanctification</w>
  <w id="10" lemma="|of|" pos="IN" wid="10">of</w>
  <w id="11" lemma="|bishop|" pos="NNS" wid="11">bishops</w>
  <w id="12" lemma="|and|" pos="CC" wid="12">and</w>
  <w id="13" lemma="|priest|" pos="NNS" wid="13">priests</w>
  <w id="14" lemma="|.|" pos="." wid="14">.</w>
</sentence>
<sentence id="34">
  <w id="0" lemma="|5|" pos="CD" wid="0">5</w>
  <w id="1" lemma="|.|" pos="." wid="1">.</w>
</sentence>
<sentence id="35">
  <w id="0" lemma="|I|" pos="PRP" wid="0">I</w>
  <w id="1" lemma="|would|" pos="MD" wid="1">would</w>
  <w id="2" lemma="|like|" pos="VB" wid="2">like</w>
  <w id="3" lemma="|to|" pos="TO" wid="3">to</w>
  <w id="4" lemma="|conclude|" pos="VB" wid="4">conclude</w>
  <w id="5" lemma="|with|" pos="IN" wid="5">with</w>
  <w id="6" lemma="|something|" pos="NN" wid="6">something</w>
  <w id="7" lemma="|which|" pos="WDT" wid="7">which</w>
  <w id="8" lemma="|come|" pos="VBZ" wid="8">comes</w>
  <w id="9" lemma="|to|" pos="TO" wid="9">to</w>
  <w id="10" lemma="|mind|" pos="VB" wid="10">mind</w>
  <w id="11" lemma="|:|" pos=":" wid="11">:</w>
  <w id="12" lemma="|how|" pos="WRB" wid="12">how</w>
  <w id="13" lemma="|do|" pos="VBZ" wid="13">does</w>
  <w id="14" lemma="|one|" pos="CD" wid="14">one</w>
  <w id="15" lemma="|become|" pos="VB" wid="15">become</w>
  <w id="16" lemma="|a|" pos="DT" wid="16">a</w>
  <w id="17" lemma="|priest|" pos="NN" wid="17">priest</w>
  <w id="18" lemma="|,|" pos="," wid="18">,</w>
  <w id="19" lemma="|where|" pos="WRB" wid="19">where</w>
  <w id="20" lemma="|be|" pos="VBZ" wid="20">is</w>
  <w id="21" lemma="|access|" pos="NN" wid="21">access</w>
  <w id="22" lemma="|to|" pos="TO" wid="22">to</w>
  <w id="23" lemma="|the|" pos="DT" wid="23">the</w>
  <w id="24" lemma="|priesthood|" pos="NN" wid="24">priesthood</w>
  <w id="25" lemma="|sell|" pos="VBN" wid="25">sold</w>
  <w id="26" lemma="|?|" pos="." wid="26">?</w>
</sentence>
<sentence id="36">
  <w id="0" lemma="|no|" pos="DT" wid="0">No</w>
  <w id="1" lemma="|.|" pos="." wid="1">.</w>
</sentence>
<sentence id="37">
  <w id="0" lemma="|it|" pos="PRP" wid="0">It</w>
  <w id="1" lemma="|be|" pos="VBZ" wid="1">is</w>
  <w id="2" lemma="|not|" pos="RB" wid="2">not</w>
  <w id="3" lemma="|sell|" pos="VBN" wid="3">sold</w>
  <w id="4" lemma="|.|" pos="." wid="4">.</w>
</sentence>
<sentence id="38">
  <w id="0" lemma="|this|" pos="DT" wid="0">This</w>
  <w id="1" lemma="|be|" pos="VBZ" wid="1">is</w>
  <w id="2" lemma="|a|" pos="DT" wid="2">an</w>
  <w id="3" lemma="|initiative|" pos="NN" wid="3">initiative</w>
  <w id="4" lemma="|which|" pos="WDT" wid="4">which</w>
  <w id="5" lemma="|the|" pos="DT" wid="5">the</w>
  <w id="6" lemma="|Lord|" pos="NNP" wid="6">Lord</w>
  <w id="7" lemma="|take|" pos="VBZ" wid="7">takes</w>
  <w id="8" lemma="|.|" pos="." wid="8">.</w>
</sentence>
<sentence id="39">
  <w id="0" lemma="|the|" pos="DT" wid="0">The</w>
  <w id="1" lemma="|Lord|" pos="NNP" wid="1">Lord</w>
  <w id="2" lemma="|call|" pos="VBZ" wid="2">calls</w>
  <w id="3" lemma="|.|" pos="." wid="3">.</w>
</sentence>
<sentence id="40">
  <w id="0" lemma="|he|" pos="PRP" wid="0">He</w>
  <w id="1" lemma="|call|" pos="VBZ" wid="1">calls</w>
  <w id="2" lemma="|each|" pos="DT" wid="2">each</w>
  <w id="3" lemma="|of|" pos="IN" wid="3">of</w>
  <w id="4" lemma="|those|" pos="DT" wid="4">those</w>
  <w id="5" lemma="|whom|" pos="WP" wid="5">whom</w>
  <w id="6" lemma="|he|" pos="PRP" wid="6">he</w>
  <w id="7" lemma="|will|" pos="NNS" wid="7">wills</w>
  <w id="8" lemma="|to|" pos="TO" wid="8">to</w>
  <w id="9" lemma="|become|" pos="VB" wid="9">become</w>
  <w id="10" lemma="|priest|" pos="NNS" wid="10">priests</w>
  <w id="11" lemma="|.|" pos="." wid="11">.</w>
</sentence>
<sentence id="41">
  <w id="0" lemma="|perhaps|" pos="RB" wid="0">Perhaps</w>
  <w id="1" lemma="|there|" pos="EX" wid="1">there</w>
  <w id="2" lemma="|be|" pos="VBP" wid="2">are</w>
  <w id="3" lemma="|some|" pos="DT" wid="3">some</w>
  <w id="4" lemma="|young|" pos="JJ" wid="4">young</w>
  <w id="5" lemma="|man|" pos="NNS" wid="5">men</w>
  <w id="6" lemma="|present|" pos="VBP" wid="6">present</w>
  <w id="7" lemma="|here|" pos="RB" wid="7">here</w>
  <w id="8" lemma="|who|" pos="WP" wid="8">who</w>
  <w id="9" lemma="|have|" pos="VBP" wid="9">have</w>
  <w id="10" lemma="|hear|" pos="VBN" wid="10">heard</w>
  <w id="11" lemma="|this|" pos="DT" wid="11">this</w>
  <w id="12" lemma="|call|" pos="NN" wid="12">call</w>
  <w id="13" lemma="|in|" pos="IN" wid="13">in</w>
  <w id="14" lemma="|they|" pos="PRP$" wid="14">their</w>
  <w id="15" lemma="|heart|" pos="NNS" wid="15">hearts</w>
  <w id="16" lemma="|,|" pos="," wid="16">,</w>
  <w id="17" lemma="|the|" pos="DT" wid="17">the</w>
  <w id="18" lemma="|aspiration|" pos="NN" wid="18">aspiration</w>
  <w id="19" lemma="|to|" pos="TO" wid="19">to</w>
  <w id="20" lemma="|become|" pos="VB" wid="20">become</w>
  <w id="21" lemma="|a|" pos="DT" wid="21">a</w>
  <w id="22" lemma="|priest|" pos="NN" wid="22">priest</w>
  <w id="23" lemma="|,|" pos="," wid="23">,</w>
  <w id="24" lemma="|the|" pos="DT" wid="24">the</w>
  <w id="25" lemma="|desire|" pos="NN" wid="25">desire</w>
  <w id="26" lemma="|to|" pos="TO" wid="26">to</w>
  <w id="27" lemma="|serve|" pos="VB" wid="27">serve</w>
  <w id="28" lemma="|other|" pos="NNS" wid="28">others</w>
  <w id="29" lemma="|in|" pos="IN" wid="29">in</w>
  <w id="30" lemma="|the|" pos="DT" wid="30">the</w>
  <w id="31" lemma="|thing|" pos="NNS" wid="31">things</w>
  <w id="32" lemma="|of|" pos="IN" wid="32">of</w>
  <w id="33" lemma="|God|" pos="NNP" wid="33">God</w>
  <w id="34" lemma="|,|" pos="," wid="34">,</w>
  <w id="35" lemma="|the|" pos="DT" wid="35">the</w>
  <w id="36" lemma="|desire|" pos="NN" wid="36">desire</w>
  <w id="37" lemma="|to|" pos="TO" wid="37">to</w>
  <w id="38" lemma="|spend|" pos="VB" wid="38">spend</w>
  <w id="39" lemma="|one|" pos="PRP" wid="39">one</w>
  <w id="40" lemma="|'s|" pos="POS" wid="40">'s</w>
  <w id="41" lemma="|entire|" pos="JJ" wid="41">entire</w>
  <w id="42" lemma="|life|" pos="NN" wid="42">life</w>
  <w id="43" lemma="|in|" pos="IN" wid="43">in</w>
  <w id="44" lemma="|service|" pos="NN" wid="44">service</w>
  <w id="45" lemma="|in|" pos="IN" wid="45">in</w>
  <w id="46" lemma="|order|" pos="NN" wid="46">order</w>
  <w id="47" lemma="|to|" pos="TO" wid="47">to</w>
  <w id="48" lemma="|catechize|" pos="VB" wid="48">catechize</w>
  <w id="49" lemma="|,|" pos="," wid="49">,</w>
  <w id="50" lemma="|baptize|" pos="VB" wid="50">baptize</w>
  <w id="51" lemma="|,|" pos="," wid="51">,</w>
  <w id="52" lemma="|forgive|" pos="VB" wid="52">forgive</w>
  <w id="53" lemma="|,|" pos="," wid="53">,</w>
  <w id="54" lemma="|celebrate|" pos="VB" wid="54">celebrate</w>
  <w id="55" lemma="|the|" pos="DT" wid="55">the</w>
  <w id="56" lemma="|Eucharist|" pos="NNP" wid="56">Eucharist</w>
  <w id="57" lemma="|,|" pos="," wid="57">,</w>
  <w id="58" lemma="|heal|" pos="VBP" wid="58">heal</w>
  <w id="59" lemma="|the|" pos="DT" wid="59">the</w>
  <w id="60" lemma="|sick|" pos="JJ" wid="60">sick</w>
  <w id="61" lemma="|...|" pos=":" wid="61">...</w>
  <w id="62" lemma="|the|" pos="DT" wid="62">the</w>
  <w id="63" lemma="|whole|" pos="NN" wid="63">whole</w>
  <w id="64" lemma="|of|" pos="IN" wid="64">of</w>
  <w id="65" lemma="|one|" pos="NN" wid="65">one</w>
  <w id="66" lemma="|'s|" pos="POS" wid="66">'s</w>
  <w id="67" lemma="|life|" pos="NN" wid="67">life</w>
  <w id="68" lemma="|in|" pos="IN" wid="68">in</w>
  <w id="69" lemma="|this|" pos="DT" wid="69">this</w>
  <w id="70" lemma="|way|" pos="NN" wid="70">way</w>
  <w id="71" lemma="|.|" pos="." wid="71">.</w>
</sentence>
<sentence id="42">
  <w id="0" lemma="|if|" pos="IN" wid="0">If</w>
  <w id="1" lemma="|some|" pos="DT" wid="1">some</w>
  <w id="2" lemma="|of|" pos="IN" wid="2">of</w>
  <w id="3" lemma="|you|" pos="PRP" wid="3">you</w>
  <w id="4" lemma="|have|" pos="VBP" wid="4">have</w>
  <w id="5" lemma="|hear|" pos="VBN" wid="5">heard</w>
  <w id="6" lemma="|this|" pos="DT" wid="6">this</w>
  <w id="7" lemma="|call|" pos="NN" wid="7">call</w>
  <w id="8" lemma="|in|" pos="IN" wid="8">in</w>
  <w id="9" lemma="|you|" pos="PRP$" wid="9">your</w>
  <w id="10" lemma="|heart|" pos="NN" wid="10">heart</w>
  <w id="11" lemma="|,|" pos="," wid="11">,</w>
  <w id="12" lemma="|it|" pos="PRP" wid="12">it</w>
  <w id="13" lemma="|be|" pos="VBZ" wid="13">is</w>
  <w id="14" lemma="|Jesus|" pos="NNP" wid="14">Jesus</w>
  <w id="15" lemma="|who|" pos="WP" wid="15">who</w>
  <w id="16" lemma="|have|" pos="VBZ" wid="16">has</w>
  <w id="17" lemma="|place|" pos="VBN" wid="17">placed</w>
  <w id="18" lemma="|it|" pos="PRP" wid="18">it</w>
  <w id="19" lemma="|there|" pos="RB" wid="19">there</w>
  <w id="20" lemma="|.|" pos="." wid="20">.</w>
</sentence>
<sentence id="43">
  <w id="0" lemma="|pay|" pos="VB" wid="0">Pay</w>
  <w id="1" lemma="|attention|" pos="NN" wid="1">attention</w>
  <w id="2" lemma="|to|" pos="TO" wid="2">to</w>
  <w id="3" lemma="|this|" pos="DT" wid="3">this</w>
  <w id="4" lemma="|invitation|" pos="NN" wid="4">invitation</w>
  <w id="5" lemma="|and|" pos="CC" wid="5">and</w>
  <w id="6" lemma="|pray|" pos="VB" wid="6">pray</w>
  <w id="7" lemma="|that|" pos="IN" wid="7">that</w>
  <w id="8" lemma="|it|" pos="PRP" wid="8">it</w>
  <w id="9" lemma="|might|" pos="MD" wid="9">might</w>
  <w id="10" lemma="|grow|" pos="VB" wid="10">grow</w>
  <w id="11" lemma="|and|" pos="CC" wid="11">and</w>
  <w id="12" lemma="|bear|" pos="VB" wid="12">bear</w>
  <w id="13" lemma="|fruit|" pos="NN" wid="13">fruit</w>
  <w id="14" lemma="|for|" pos="IN" wid="14">for</w>
  <w id="15" lemma="|the|" pos="DT" wid="15">the</w>
  <w id="16" lemma="|whole|" pos="JJ" wid="16">whole</w>
  <w id="17" lemma="|Church|" pos="NNP" wid="17">Church</w>
  <w id="18" lemma="|.|" pos="." wid="18">.</w>
</sentence>
<sentence id="44">
  <w id="0" lemma="|greeting|" pos="NNS" wid="0">Greetings</w>
  <w id="1" lemma="|:|" pos=":" wid="1">:</w>
  <w id="2" lemma="|I|" pos="PRP" wid="2">I</w>
  <w id="3" lemma="|greet|" pos="VB" wid="3">greet</w>
  <w id="4" lemma="|all|" pos="PDT" wid="4">all</w>
  <w id="5" lemma="|the|" pos="DT" wid="5">the</w>
  <w id="6" lemma="|english-speaking|" pos="JJ" wid="6">English-speaking</w>
  <w id="7" lemma="|pilgrim|" pos="NNS" wid="7">pilgrims</w>
  <w id="8" lemma="|present|" pos="JJ" wid="8">present</w>
  <w id="9" lemma="|at|" pos="IN" wid="9">at</w>
  <w id="10" lemma="|today|" pos="NN" wid="10">today</w>
  <w id="11" lemma="|'s|" pos="POS" wid="11">'s</w>
  <w id="12" lemma="|audience|" pos="NN" wid="12">Audience</w>
  <w id="13" lemma="|,|" pos="," wid="13">,</w>
  <w id="14" lemma="|include|" pos="VBG" wid="14">including</w>
  <w id="15" lemma="|those|" pos="DT" wid="15">those</w>
  <w id="16" lemma="|from|" pos="IN" wid="16">from</w>
  <w id="17" lemma="|the|" pos="DT" wid="17">the</w>
  <w id="18" lemma="|United|" pos="NNP" wid="18">United</w>
  <w id="19" lemma="|Kingdom|" pos="NNP" wid="19">Kingdom</w>
  <w id="20" lemma="|,|" pos="," wid="20">,</w>
  <w id="21" lemma="|England|" pos="NNP" wid="21">England</w>
  <w id="22" lemma="|,|" pos="," wid="22">,</w>
  <w id="23" lemma="|Australia|" pos="NNP" wid="23">Australia</w>
  <w id="24" lemma="|,|" pos="," wid="24">,</w>
  <w id="25" lemma="|Denmark|" pos="NNP" wid="25">Denmark</w>
  <w id="26" lemma="|,|" pos="," wid="26">,</w>
  <w id="27" lemma="|Malta|" pos="NNP" wid="27">Malta</w>
  <w id="28" lemma="|,|" pos="," wid="28">,</w>
  <w id="29" lemma="|China|" pos="NNP" wid="29">China</w>
  <w id="30" lemma="|,|" pos="," wid="30">,</w>
  <w id="31" lemma="|Japan|" pos="NNP" wid="31">Japan</w>
  <w id="32" lemma="|and|" pos="CC" wid="32">and</w>
  <w id="33" lemma="|the|" pos="DT" wid="33">the</w>
  <w id="34" lemma="|United|" pos="NNP" wid="34">United</w>
  <w id="35" lemma="|States|" pos="NNPS" wid="35">States</w>
  <w id="36" lemma="|.|" pos="." wid="36">.</w>
</sentence>
<sentence id="45">
  <w id="0" lemma="|upon|" pos="IN" wid="0">Upon</w>
  <w id="1" lemma="|you|" pos="PRP" wid="1">you</w>
  <w id="2" lemma="|and|" pos="CC" wid="2">and</w>
  <w id="3" lemma="|you|" pos="PRP$" wid="3">your</w>
  <w id="4" lemma="|family|" pos="NNS" wid="4">families</w>
  <w id="5" lemma="|I|" pos="PRP" wid="5">I</w>
  <w id="6" lemma="|invoke|" pos="VBP" wid="6">invoke</w>
  <w id="7" lemma="|joy|" pos="NN" wid="7">joy</w>
  <w id="8" lemma="|and|" pos="CC" wid="8">and</w>
  <w id="9" lemma="|peace|" pos="NN" wid="9">peace</w>
  <w id="10" lemma="|in|" pos="IN" wid="10">in</w>
  <w id="11" lemma="|Christ|" pos="NNP" wid="11">Christ</w>
  <w id="12" lemma="|we|" pos="PRP$" wid="12">our</w>
  <w id="13" lemma="|Lord|" pos="NNP" wid="13">Lord</w>
  <w id="14" lemma="|.|" pos="." wid="14">.</w>
</sentence>
<sentence id="46">
  <w id="0" lemma="|I|" pos="PRP" wid="0">I</w>
  <w id="1" lemma="|address|" pos="VBP" wid="1">address</w>
  <w id="2" lemma="|a|" pos="DT" wid="2">a</w>
  <w id="3" lemma="|special|" pos="JJ" wid="3">special</w>
  <w id="4" lemma="|thought|" pos="NN" wid="4">thought</w>
  <w id="5" lemma="|to|" pos="TO" wid="5">to</w>
  <w id="6" lemma="|the|" pos="DT" wid="6">the</w>
  <w id="7" lemma="|young|" pos="JJ" wid="7">young</w>
  <w id="8" lemma="|people|" pos="NNS" wid="8">people</w>
  <w id="9" lemma="|,|" pos="," wid="9">,</w>
  <w id="10" lemma="|the|" pos="DT" wid="10">the</w>
  <w id="11" lemma="|sick|" pos="JJ" wid="11">sick</w>
  <w id="12" lemma="|,|" pos="," wid="12">,</w>
  <w id="13" lemma="|and|" pos="CC" wid="13">and</w>
  <w id="14" lemma="|newlywed|" pos="NNS" wid="14">newlyweds</w>
  <w id="15" lemma="|.|" pos="." wid="15">.</w>
</sentence>
<sentence id="47">
  <w id="0" lemma="|yesterday|" pos="NN" wid="0">Yesterday</w>
  <w id="1" lemma="|we|" pos="PRP" wid="1">we</w>
  <w id="2" lemma="|celebrate|" pos="VBD" wid="2">celebrated</w>
  <w id="3" lemma="|the|" pos="DT" wid="3">the</w>
  <w id="4" lemma="|solemnity|" pos="NN" wid="4">Solemnity</w>
  <w id="5" lemma="|of|" pos="IN" wid="5">of</w>
  <w id="6" lemma="|the|" pos="DT" wid="6">the</w>
  <w id="7" lemma="|annunciation|" pos="NN" wid="7">Annunciation</w>
  <w id="8" lemma="|of|" pos="IN" wid="8">of</w>
  <w id="9" lemma="|the|" pos="DT" wid="9">the</w>
  <w id="10" lemma="|Lord|" pos="NNP" wid="10">Lord</w>
  <w id="11" lemma="|to|" pos="TO" wid="11">to</w>
  <w id="12" lemma="|the|" pos="DT" wid="12">the</w>
  <w id="13" lemma="|Virgin|" pos="NNP" wid="13">Virgin</w>
  <w id="14" lemma="|Mary|" pos="NNP" wid="14">Mary</w>
  <w id="15" lemma="|.|" pos="." wid="15">.</w>
</sentence>
<sentence id="48">
  <w id="0" lemma="|Dear|" pos="NNP" wid="0">Dear</w>
  <w id="1" lemma="|young|" pos="JJ" wid="1">young</w>
  <w id="2" lemma="|people|" pos="NNS" wid="2">people</w>
  <w id="3" lemma="|,|" pos="," wid="3">,</w>
  <w id="4" lemma="|especially|" pos="RB" wid="4">especially</w>
  <w id="5" lemma="|the|" pos="DT" wid="5">the</w>
  <w id="6" lemma="|scout|" pos="NNS" wid="6">scouts</w>
  <w id="7" lemma="|who|" pos="WP" wid="7">who</w>
  <w id="8" lemma="|be|" pos="VBP" wid="8">are</w>
  <w id="9" lemma="|present|" pos="JJ" wid="9">present</w>
  <w id="10" lemma="|,|" pos="," wid="10">,</w>
  <w id="11" lemma="|may|" pos="MD" wid="11">may</w>
  <w id="12" lemma="|you|" pos="PRP" wid="12">you</w>
  <w id="13" lemma="|know|" pos="VB" wid="13">know</w>
  <w id="14" lemma="|how|" pos="WRB" wid="14">how</w>
  <w id="15" lemma="|to|" pos="TO" wid="15">to</w>
  <w id="16" lemma="|listen|" pos="VB" wid="16">listen</w>
  <w id="17" lemma="|to|" pos="TO" wid="17">to</w>
  <w id="18" lemma="|the|" pos="DT" wid="18">the</w>
  <w id="19" lemma="|will|" pos="NN" wid="19">will</w>
  <w id="20" lemma="|of|" pos="IN" wid="20">of</w>
  <w id="21" lemma="|God|" pos="NNP" wid="21">God</w>
  <w id="22" lemma="|as|" pos="IN" wid="22">as</w>
  <w id="23" lemma="|Mary|" pos="NNP" wid="23">Mary</w>
  <w id="24" lemma="|do|" pos="VBD" wid="24">did</w>
  <w id="25" lemma="|;|" pos=":" wid="25">;</w>
  <w id="26" lemma="|dear|" pos="RB" wid="26">dear</w>
  <w id="27" lemma="|sick|" pos="JJ" wid="27">sick</w>
  <w id="28" lemma="|,|" pos="," wid="28">,</w>
  <w id="29" lemma="|may|" pos="MD" wid="29">may</w>
  <w id="30" lemma="|you|" pos="PRP" wid="30">you</w>
  <w id="31" lemma="|not|" pos="RB" wid="31">not</w>
  <w id="32" lemma="|become|" pos="VB" wid="32">become</w>
  <w id="33" lemma="|discourage|" pos="VBN" wid="33">discouraged</w>
  <w id="34" lemma="|in|" pos="IN" wid="34">in</w>
  <w id="35" lemma="|difficult|" pos="JJ" wid="35">difficult</w>
  <w id="36" lemma="|time|" pos="NNS" wid="36">times</w>
  <w id="37" lemma="|,|" pos="," wid="37">,</w>
  <w id="38" lemma="|know|" pos="VBG" wid="38">knowing</w>
  <w id="39" lemma="|that|" pos="IN" wid="39">that</w>
  <w id="40" lemma="|the|" pos="DT" wid="40">the</w>
  <w id="41" lemma="|Lord|" pos="NNP" wid="41">Lord</w>
  <w id="42" lemma="|never|" pos="RB" wid="42">never</w>
  <w id="43" lemma="|give|" pos="VBZ" wid="43">gives</w>
  <w id="44" lemma="|a|" pos="DT" wid="44">a</w>
  <w id="45" lemma="|cross|" pos="NN" wid="45">cross</w>
  <w id="46" lemma="|that|" pos="WDT" wid="46">that</w>
  <w id="47" lemma="|surpass|" pos="VBZ" wid="47">surpasses</w>
  <w id="48" lemma="|one|" pos="PRP" wid="48">one</w>
  <w id="49" lemma="|'s|" pos="POS" wid="49">'s</w>
  <w id="50" lemma="|strength|" pos="NN" wid="50">strength</w>
  <w id="51" lemma="|;|" pos=":" wid="51">;</w>
  <w id="52" lemma="|and|" pos="CC" wid="52">and</w>
  <w id="53" lemma="|may|" pos="MD" wid="53">may</w>
  <w id="54" lemma="|you|" pos="PRP" wid="54">you</w>
  <w id="55" lemma="|,|" pos="," wid="55">,</w>
  <w id="56" lemma="|dear|" pos="RB" wid="56">dear</w>
  <w id="57" lemma="|newlywed|" pos="NNS" wid="57">newlyweds</w>
  <w id="58" lemma="|,|" pos="," wid="58">,</w>
  <w id="59" lemma="|build|" pos="VB" wid="59">build</w>
  <w id="60" lemma="|you|" pos="PRP$" wid="60">your</w>
  <w id="61" lemma="|married|" pos="JJ" wid="61">married</w>
  <w id="62" lemma="|life|" pos="NN" wid="62">life</w>
  <w id="63" lemma="|on|" pos="IN" wid="63">on</w>
  <w id="64" lemma="|the|" pos="DT" wid="64">the</w>
  <w id="65" lemma="|solid|" pos="JJ" wid="65">solid</w>
  <w id="66" lemma="|rock|" pos="NN" wid="66">rock</w>
  <w id="67" lemma="|of|" pos="IN" wid="67">of</w>
  <w id="68" lemma="|God|" pos="NNP" wid="68">God</w>
  <w id="69" lemma="|'s|" pos="POS" wid="69">'s</w>
  <w id="70" lemma="|word|" pos="NN" wid="70">Word</w>
  <w id="71" lemma="|.|" pos="." wid="71">.</w>
</sentence>
</corpus>