<corpus id="0">
<sentence id="0">
  <w id="0" lemma="|-lrb-|" pos="-LRB-" wid="0">-LRB-</w>
  <w id="1" lemma="|by|" pos="IN" wid="1">by</w>
  <w id="2" lemma="|L'Osservatore|" pos="NNP" wid="2">L'Osservatore</w>
  <w id="3" lemma="|Romano|" pos="NNP" wid="3">Romano</w>
  <w id="4" lemma="|,|" pos="," wid="4">,</w>
  <w id="5" lemma="|Weekly|" pos="NNP" wid="5">Weekly</w>
  <w id="6" lemma="|ed|" pos="VBD" wid="6">ed</w>
  <w id="7" lemma="|.|" pos="." wid="7">.</w>
</sentence>
<sentence id="1">
  <w id="0" lemma="|in|" pos="IN" wid="0">in</w>
  <w id="1" lemma="|English|" pos="NNP" wid="1">English</w>
  <w id="2" lemma="|,|" pos="," wid="2">,</w>
  <w id="3" lemma="|n.|" pos="NNP" wid="3">n.</w>
  <w id="4" lemma="|26|" pos="CD" wid="4">26</w>
  <w id="5" lemma="|,|" pos="," wid="5">,</w>
  <w id="6" lemma="|26|" pos="CD" wid="6">26</w>
  <w id="7" lemma="|June|" pos="NNP" wid="7">June</w>
  <w id="8" lemma="|2013|" pos="CD" wid="8">2013</w>
  <w id="9" lemma="|-rrb-|" pos="-RRB-" wid="9">-RRB-</w>
  <w id="10" lemma="|``|" pos="``" wid="10">``</w>
  <w id="11" lemma="|intellectual|" pos="NNS" wid="11">Intellectuals</w>
  <w id="12" lemma="|with|" pos="IN" wid="12">with</w>
  <w id="13" lemma="|no|" pos="DT" wid="13">no</w>
  <w id="14" lemma="|talent|" pos="NN" wid="14">talent</w>
  <w id="15" lemma="|and|" pos="CC" wid="15">and</w>
  <w id="16" lemma="|ethicist|" pos="NNS" wid="16">ethicists</w>
  <w id="17" lemma="|without|" pos="IN" wid="17">without</w>
  <w id="18" lemma="|goodness|" pos="NN" wid="18">goodness</w>
  <w id="19" lemma="|''|" pos="''" wid="19">''</w>
  <w id="20" lemma="|.|" pos="." wid="20">.</w>
</sentence>
<sentence id="2">
  <w id="0" lemma="|these|" pos="DT" wid="0">These</w>
  <w id="1" lemma="|be|" pos="VBP" wid="1">are</w>
  <w id="2" lemma="|the|" pos="DT" wid="2">the</w>
  <w id="3" lemma="|kind|" pos="NNS" wid="3">kinds</w>
  <w id="4" lemma="|of|" pos="IN" wid="4">of</w>
  <w id="5" lemma="|``|" pos="``" wid="5">``</w>
  <w id="6" lemma="|hypocrite|" pos="NNS" wid="6">hypocrites</w>
  <w id="7" lemma="|whom|" pos="WP" wid="7">whom</w>
  <w id="8" lemma="|Jesus|" pos="NNP" wid="8">Jesus</w>
  <w id="9" lemma="|so|" pos="RB" wid="9">so</w>
  <w id="10" lemma="|often|" pos="RB" wid="10">often</w>
  <w id="11" lemma="|reproach|" pos="VBN" wid="11">reproached</w>
  <w id="12" lemma="|''|" pos="''" wid="12">''</w>
  <w id="13" lemma="|.|" pos="." wid="13">.</w>
</sentence>
<sentence id="3">
  <w id="0" lemma="|Pope|" pos="NNP" wid="0">Pope</w>
  <w id="1" lemma="|Francis|" pos="NNP" wid="1">Francis</w>
  <w id="2" lemma="|identify|" pos="VBD" wid="2">identified</w>
  <w id="3" lemma="|they|" pos="PRP" wid="3">them</w>
  <w id="4" lemma="|in|" pos="IN" wid="4">in</w>
  <w id="5" lemma="|he|" pos="PRP$" wid="5">his</w>
  <w id="6" lemma="|Mass|" pos="NNP" wid="6">Mass</w>
  <w id="7" lemma="|on|" pos="IN" wid="7">on</w>
  <w id="8" lemma="|Wednesday|" pos="NNP" wid="8">Wednesday</w>
  <w id="9" lemma="|morning|" pos="NN" wid="9">morning</w>
  <w id="10" lemma="|,|" pos="," wid="10">,</w>
  <w id="11" lemma="|18|" pos="CD" wid="11">18</w>
  <w id="12" lemma="|June|" pos="NNP" wid="12">June</w>
  <w id="13" lemma="|,|" pos="," wid="13">,</w>
  <w id="14" lemma="|in|" pos="IN" wid="14">in</w>
  <w id="15" lemma="|the|" pos="DT" wid="15">the</w>
  <w id="16" lemma="|chapel|" pos="NN" wid="16">Chapel</w>
  <w id="17" lemma="|of|" pos="IN" wid="17">of</w>
  <w id="18" lemma="|the|" pos="DT" wid="18">the</w>
  <w id="19" lemma="|Domus|" pos="NNP" wid="19">Domus</w>
  <w id="20" lemma="|Sanctae|" pos="NNP" wid="20">Sanctae</w>
  <w id="21" lemma="|Marthae|" pos="NNP" wid="21">Marthae</w>
  <w id="22" lemma="|.|" pos="." wid="22">.</w>
</sentence>
<sentence id="4">
  <w id="0" lemma="|concelebrate|" pos="VBG" wid="0">Concelebrating</w>
  <w id="1" lemma="|with|" pos="IN" wid="1">with</w>
  <w id="2" lemma="|he|" pos="PRP" wid="2">him</w>
  <w id="3" lemma="|be|" pos="VBD" wid="3">were</w>
  <w id="4" lemma="|among|" pos="IN" wid="4">among</w>
  <w id="5" lemma="|other|" pos="NNS" wid="5">others</w>
  <w id="6" lemma="|Cardinal|" pos="NNP" wid="6">Cardinal</w>
  <w id="7" lemma="|Marc|" pos="NNP" wid="7">Marc</w>
  <w id="8" lemma="|Ouellet|" pos="NNP" wid="8">Ouellet</w>
  <w id="9" lemma="|,|" pos="," wid="9">,</w>
  <w id="10" lemma="|Prefect|" pos="NNP" wid="10">Prefect</w>
  <w id="11" lemma="|of|" pos="IN" wid="11">of</w>
  <w id="12" lemma="|the|" pos="DT" wid="12">the</w>
  <w id="13" lemma="|congregation|" pos="NN" wid="13">Congregation</w>
  <w id="14" lemma="|for|" pos="IN" wid="14">for</w>
  <w id="15" lemma="|bishop|" pos="NNS" wid="15">Bishops</w>
  <w id="16" lemma="|,|" pos="," wid="16">,</w>
  <w id="17" lemma="|and|" pos="CC" wid="17">and</w>
  <w id="18" lemma="|Archbishop|" pos="NNP" wid="18">Archbishop</w>
  <w id="19" lemma="|Vincenzo|" pos="NNP" wid="19">Vincenzo</w>
  <w id="20" lemma="|Paglia|" pos="NNP" wid="20">Paglia</w>
  <w id="21" lemma="|,|" pos="," wid="21">,</w>
  <w id="22" lemma="|President|" pos="NNP" wid="22">President</w>
  <w id="23" lemma="|of|" pos="IN" wid="23">of</w>
  <w id="24" lemma="|the|" pos="DT" wid="24">the</w>
  <w id="25" lemma="|Pontifical|" pos="NNP" wid="25">Pontifical</w>
  <w id="26" lemma="|Council|" pos="NNP" wid="26">Council</w>
  <w id="27" lemma="|for|" pos="IN" wid="27">for</w>
  <w id="28" lemma="|the|" pos="DT" wid="28">the</w>
  <w id="29" lemma="|Family|" pos="NNP" wid="29">Family</w>
  <w id="30" lemma="|.|" pos="." wid="30">.</w>
</sentence>
<sentence id="5">
  <w id="0" lemma="|with|" pos="IN" wid="0">With</w>
  <w id="1" lemma="|they|" pos="PRP" wid="1">them</w>
  <w id="2" lemma="|be|" pos="VBD" wid="2">were</w>
  <w id="3" lemma="|two|" pos="CD" wid="3">two</w>
  <w id="4" lemma="|group|" pos="NNS" wid="4">groups</w>
  <w id="5" lemma="|of|" pos="IN" wid="5">of</w>
  <w id="6" lemma="|official|" pos="NNS" wid="6">officials</w>
  <w id="7" lemma="|and|" pos="CC" wid="7">and</w>
  <w id="8" lemma="|staff|" pos="NN" wid="8">staff</w>
  <w id="9" lemma="|of|" pos="IN" wid="9">of</w>
  <w id="10" lemma="|they|" pos="PRP$" wid="10">their</w>
  <w id="11" lemma="|respective|" pos="JJ" wid="11">respective</w>
  <w id="12" lemma="|dicastery|" pos="NNS" wid="12">dicasteries</w>
  <w id="13" lemma="|.|" pos="." wid="13">.</w>
</sentence>
<sentence id="6">
  <w id="0" lemma="|``|" pos="``" wid="0">``</w>
  <w id="1" lemma="|the|" pos="DT" wid="1">The</w>
  <w id="2" lemma="|Lord|" pos="NNP" wid="2">Lord</w>
  <w id="3" lemma="|talk|" pos="NNS" wid="3">talks</w>
  <w id="4" lemma="|of|" pos="IN" wid="4">of</w>
  <w id="5" lemma="|hypocrisy|" pos="NN" wid="5">hypocrisy</w>
  <w id="6" lemma="|on|" pos="IN" wid="6">on</w>
  <w id="7" lemma="|many|" pos="JJ" wid="7">many</w>
  <w id="8" lemma="|occasion|" pos="NNS" wid="8">occasions</w>
  <w id="9" lemma="|''|" pos="''" wid="9">''</w>
  <w id="10" lemma="|,|" pos="," wid="10">,</w>
  <w id="11" lemma="|the|" pos="DT" wid="11">the</w>
  <w id="12" lemma="|Pope|" pos="NNP" wid="12">Pope</w>
  <w id="13" lemma="|say|" pos="VBD" wid="13">said</w>
  <w id="14" lemma="|,|" pos="," wid="14">,</w>
  <w id="15" lemma="|and|" pos="CC" wid="15">and</w>
  <w id="16" lemma="|``|" pos="``" wid="16">``</w>
  <w id="17" lemma="|condemn|" pos="VBZ" wid="17">condemns</w>
  <w id="18" lemma="|hypocrite|" pos="NNS" wid="18">hypocrites</w>
  <w id="19" lemma="|''|" pos="''" wid="19">''</w>
  <w id="20" lemma="|.|" pos="." wid="20">.</w>
</sentence>
<sentence id="7">
  <w id="0" lemma="|then|" pos="RB" wid="0">Then</w>
  <w id="1" lemma="|he|" pos="PRP" wid="1">he</w>
  <w id="2" lemma="|list|" pos="VBD" wid="2">listed</w>
  <w id="3" lemma="|three|" pos="CD" wid="3">three</w>
  <w id="4" lemma="|of|" pos="IN" wid="4">of</w>
  <w id="5" lemma="|the|" pos="DT" wid="5">the</w>
  <w id="6" lemma="|most|" pos="RBS" wid="6">most</w>
  <w id="7" lemma="|important|" pos="JJ" wid="7">important</w>
  <w id="8" lemma="|episode|" pos="NNS" wid="8">episodes</w>
  <w id="9" lemma="|.|" pos="." wid="9">.</w>
</sentence>
<sentence id="8">
  <w id="0" lemma="|the|" pos="DT" wid="0">The</w>
  <w id="1" lemma="|first|" pos="JJ" wid="1">first</w>
  <w id="2" lemma="|be|" pos="VBD" wid="2">was</w>
  <w id="3" lemma="|when|" pos="WRB" wid="3">when</w>
  <w id="4" lemma="|the|" pos="DT" wid="4">the</w>
  <w id="5" lemma="|Pharisees|" pos="NNPS" wid="5">Pharisees</w>
  <w id="6" lemma="|,|" pos="," wid="6">,</w>
  <w id="7" lemma="|wish|" pos="VBG" wid="7">wishing</w>
  <w id="8" lemma="|to|" pos="TO" wid="8">to</w>
  <w id="9" lemma="|put|" pos="VB" wid="9">put</w>
  <w id="10" lemma="|Jesus|" pos="NNP" wid="10">Jesus</w>
  <w id="11" lemma="|to|" pos="TO" wid="11">to</w>
  <w id="12" lemma="|the|" pos="DT" wid="12">the</w>
  <w id="13" lemma="|test|" pos="NN" wid="13">test</w>
  <w id="14" lemma="|,|" pos="," wid="14">,</w>
  <w id="15" lemma="|ask|" pos="VBD" wid="15">asked</w>
  <w id="16" lemma="|he|" pos="PRP" wid="16">him</w>
  <w id="17" lemma="|if|" pos="IN" wid="17">if</w>
  <w id="18" lemma="|it|" pos="PRP" wid="18">it</w>
  <w id="19" lemma="|be|" pos="VBD" wid="19">were</w>
  <w id="20" lemma="|licit|" pos="JJ" wid="20">licit</w>
  <w id="21" lemma="|to|" pos="TO" wid="21">to</w>
  <w id="22" lemma="|pay|" pos="VB" wid="22">pay</w>
  <w id="23" lemma="|tax|" pos="NNS" wid="23">taxes</w>
  <w id="24" lemma="|to|" pos="TO" wid="24">to</w>
  <w id="25" lemma="|Caesar|" pos="NNP" wid="25">Caesar</w>
  <w id="26" lemma="|.|" pos="." wid="26">.</w>
</sentence>
<sentence id="9">
  <w id="0" lemma="|the|" pos="DT" wid="0">The</w>
  <w id="1" lemma="|second|" pos="NN" wid="1">second</w>
  <w id="2" lemma="|be|" pos="VBD" wid="2">was</w>
  <w id="3" lemma="|when|" pos="WRB" wid="3">when</w>
  <w id="4" lemma="|the|" pos="DT" wid="4">the</w>
  <w id="5" lemma="|Sadducees|" pos="NNPS" wid="5">Sadducees</w>
  <w id="6" lemma="|put|" pos="VBD" wid="6">put</w>
  <w id="7" lemma="|to|" pos="TO" wid="7">to</w>
  <w id="8" lemma="|he|" pos="PRP" wid="8">him</w>
  <w id="9" lemma="|the|" pos="DT" wid="9">the</w>
  <w id="10" lemma="|case|" pos="NN" wid="10">case</w>
  <w id="11" lemma="|of|" pos="IN" wid="11">of</w>
  <w id="12" lemma="|the|" pos="DT" wid="12">the</w>
  <w id="13" lemma="|woman|" pos="NN" wid="13">woman</w>
  <w id="14" lemma="|widow|" pos="VBD" wid="14">widowed</w>
  <w id="15" lemma="|seven|" pos="CD" wid="15">seven</w>
  <w id="16" lemma="|time|" pos="NNS" wid="16">times</w>
  <w id="17" lemma="|.|" pos="." wid="17">.</w>
</sentence>
<sentence id="10">
  <w id="0" lemma="|the|" pos="DT" wid="0">The</w>
  <w id="1" lemma="|Pope|" pos="NNP" wid="1">Pope</w>
  <w id="2" lemma="|see|" pos="VBZ" wid="2">sees</w>
  <w id="3" lemma="|in|" pos="IN" wid="3">in</w>
  <w id="4" lemma="|these|" pos="DT" wid="4">these</w>
  <w id="5" lemma="|early|" pos="JJ" wid="5">early</w>
  <w id="6" lemma="|episode|" pos="NNS" wid="6">episodes</w>
  <w id="7" lemma="|a|" pos="DT" wid="7">a</w>
  <w id="8" lemma="|specific|" pos="JJ" wid="8">specific</w>
  <w id="9" lemma="|class|" pos="NN" wid="9">class</w>
  <w id="10" lemma="|of|" pos="IN" wid="10">of</w>
  <w id="11" lemma="|hypocrite|" pos="NNS" wid="11">hypocrites</w>
  <w id="12" lemma="|;|" pos=":" wid="12">;</w>
  <w id="13" lemma="|those|" pos="DT" wid="13">those</w>
  <w id="14" lemma="|who|" pos="WP" wid="14">who</w>
  <w id="15" lemma="|``|" pos="``" wid="15">``</w>
  <w id="16" lemma="|take|" pos="VBD" wid="16">took</w>
  <w id="17" lemma="|the|" pos="DT" wid="17">the</w>
  <w id="18" lemma="|path|" pos="NN" wid="18">path</w>
  <w id="19" lemma="|of|" pos="IN" wid="19">of</w>
  <w id="20" lemma="|casuistry|" pos="NN" wid="20">casuistry</w>
  <w id="21" lemma="|''|" pos="''" wid="21">''</w>
  <w id="22" lemma="|,|" pos="," wid="22">,</w>
  <w id="23" lemma="|wish|" pos="VBG" wid="23">wishing</w>
  <w id="24" lemma="|thereby|" pos="RB" wid="24">thereby</w>
  <w id="25" lemma="|``|" pos="``" wid="25">``</w>
  <w id="26" lemma="|to|" pos="TO" wid="26">to</w>
  <w id="27" lemma="|ensnare|" pos="VB" wid="27">ensnare</w>
  <w id="28" lemma="|Jesus|" pos="NNP" wid="28">Jesus</w>
  <w id="29" lemma="|''|" pos="''" wid="29">''</w>
  <w id="30" lemma="|.|" pos="." wid="30">.</w>
</sentence>
<sentence id="11">
  <w id="0" lemma="|the|" pos="DT" wid="0">The</w>
  <w id="1" lemma="|third|" pos="JJ" wid="1">third</w>
  <w id="2" lemma="|reference|" pos="NN" wid="2">reference</w>
  <w id="3" lemma="|to|" pos="TO" wid="3">to</w>
  <w id="4" lemma="|hypocrite|" pos="NNS" wid="4">hypocrites</w>
  <w id="5" lemma="|be|" pos="VBZ" wid="5">is</w>
  <w id="6" lemma="|when|" pos="WRB" wid="6">when</w>
  <w id="7" lemma="|Christ|" pos="NNP" wid="7">Christ</w>
  <w id="8" lemma="|address|" pos="VBD" wid="8">addressed</w>
  <w id="9" lemma="|a|" pos="DT" wid="9">a</w>
  <w id="10" lemma="|remark|" pos="NN" wid="10">remark</w>
  <w id="11" lemma="|to|" pos="TO" wid="11">to</w>
  <w id="12" lemma="|the|" pos="DT" wid="12">the</w>
  <w id="13" lemma="|scribe|" pos="NNS" wid="13">scribes</w>
  <w id="14" lemma="|which|" pos="WDT" wid="14">which</w>
  <w id="15" lemma="|the|" pos="DT" wid="15">the</w>
  <w id="16" lemma="|Pope|" pos="NNP" wid="16">Pope</w>
  <w id="17" lemma="|sum|" pos="VBD" wid="17">summed</w>
  <w id="18" lemma="|up|" pos="RP" wid="18">up</w>
  <w id="19" lemma="|:|" pos=":" wid="19">:</w>
  <w id="20" lemma="|``|" pos="``" wid="20">``</w>
  <w id="21" lemma="|hypocrite|" pos="NNS" wid="21">hypocrites</w>
  <w id="22" lemma="|,|" pos="," wid="22">,</w>
  <w id="23" lemma="|you|" pos="PRP" wid="23">you</w>
  <w id="24" lemma="|who|" pos="WP" wid="24">who</w>
  <w id="25" lemma="|do|" pos="VBP" wid="25">do</w>
  <w id="26" lemma="|not|" pos="RB" wid="26">not</w>
  <w id="27" lemma="|enter|" pos="VB" wid="27">enter</w>
  <w id="28" lemma="|the|" pos="DT" wid="28">the</w>
  <w id="29" lemma="|kingdom|" pos="NN" wid="29">kingdom</w>
  <w id="30" lemma="|of|" pos="IN" wid="30">of</w>
  <w id="31" lemma="|heaven|" pos="NN" wid="31">heaven</w>
  <w id="32" lemma="|and|" pos="CC" wid="32">and</w>
  <w id="33" lemma="|do|" pos="VBP" wid="33">do</w>
  <w id="34" lemma="|not|" pos="RB" wid="34">not</w>
  <w id="35" lemma="|let|" pos="VB" wid="35">let</w>
  <w id="36" lemma="|other|" pos="NNS" wid="36">others</w>
  <w id="37" lemma="|enter|" pos="VB" wid="37">enter</w>
  <w id="38" lemma="|it|" pos="PRP" wid="38">it</w>
  <w id="39" lemma="|;|" pos=":" wid="39">;</w>
  <w id="40" lemma="|hypocrite|" pos="NNS" wid="40">hypocrites</w>
  <w id="41" lemma="|,|" pos="," wid="41">,</w>
  <w id="42" lemma="|you|" pos="PRP" wid="42">you</w>
  <w id="43" lemma="|who|" pos="WP" wid="43">who</w>
  <w id="44" lemma="|make|" pos="VBP" wid="44">make</w>
  <w id="45" lemma="|you|" pos="PRP$" wid="45">your</w>
  <w id="46" lemma="|phylactery|" pos="NNS" wid="46">phylacteries</w>
  <w id="47" lemma="|large|" pos="JJ" wid="47">large</w>
  <w id="48" lemma="|and|" pos="CC" wid="48">and</w>
  <w id="49" lemma="|you|" pos="PRP$" wid="49">your</w>
  <w id="50" lemma="|fringe|" pos="NNS" wid="50">fringes</w>
  <w id="51" lemma="|long|" pos="RB" wid="51">long</w>
  <w id="52" lemma="|''|" pos="''" wid="52">''</w>
  <w id="53" lemma="|.|" pos="." wid="53">.</w>
</sentence>
<sentence id="12">
  <w id="0" lemma="|these|" pos="DT" wid="0">These</w>
  <w id="1" lemma="|be|" pos="VBP" wid="1">are</w>
  <w id="2" lemma="|the|" pos="DT" wid="2">the</w>
  <w id="3" lemma="|hypocrite|" pos="NNS" wid="3">hypocrites</w>
  <w id="4" lemma="|who|" pos="WP" wid="4">who</w>
  <w id="5" lemma="|take|" pos="VBP" wid="5">take</w>
  <w id="6" lemma="|the|" pos="DT" wid="6">the</w>
  <w id="7" lemma="|road|" pos="NN" wid="7">road</w>
  <w id="8" lemma="|of|" pos="IN" wid="8">of</w>
  <w id="9" lemma="|precept|" pos="NNS" wid="9">precepts</w>
  <w id="10" lemma="|pass|" pos="VBG" wid="10">passing</w>
  <w id="11" lemma="|through|" pos="IN" wid="11">through</w>
  <w id="12" lemma="|``|" pos="``" wid="12">``</w>
  <w id="13" lemma="|so|" pos="RB" wid="13">so</w>
  <w id="14" lemma="|many|" pos="JJ" wid="14">many</w>
  <w id="15" lemma="|precept|" pos="NNS" wid="15">precepts</w>
  <w id="16" lemma="|that|" pos="IN" wid="16">that</w>
  <w id="17" lemma="|God|" pos="NNP" wid="17">God</w>
  <w id="18" lemma="|'s|" pos="POS" wid="18">'s</w>
  <w id="19" lemma="|word|" pos="NN" wid="19">word</w>
  <w id="20" lemma="|do|" pos="VBZ" wid="20">does</w>
  <w id="21" lemma="|not|" pos="RB" wid="21">not</w>
  <w id="22" lemma="|seem|" pos="VB" wid="22">seem</w>
  <w id="23" lemma="|fertile|" pos="JJ" wid="23">fertile</w>
  <w id="24" lemma="|''|" pos="''" wid="24">''</w>
  <w id="25" lemma="|.|" pos="." wid="25">.</w>
</sentence>
<sentence id="13">
  <w id="0" lemma="|they|" pos="PRP" wid="0">They</w>
  <w id="1" lemma="|choose|" pos="VBP" wid="1">choose</w>
  <w id="2" lemma="|``|" pos="``" wid="2">``</w>
  <w id="3" lemma="|the|" pos="DT" wid="3">the</w>
  <w id="4" lemma="|road|" pos="NN" wid="4">road</w>
  <w id="5" lemma="|of|" pos="IN" wid="5">of</w>
  <w id="6" lemma="|vanity|" pos="NN" wid="6">vanity</w>
  <w id="7" lemma="|''|" pos="''" wid="7">''</w>
  <w id="8" lemma="|,|" pos="," wid="8">,</w>
  <w id="9" lemma="|with|" pos="IN" wid="9">with</w>
  <w id="10" lemma="|they|" pos="PRP$" wid="10">their</w>
  <w id="11" lemma="|phylactery|" pos="NNS" wid="11">phylacteries</w>
  <w id="12" lemma="|and|" pos="CC" wid="12">and</w>
  <w id="13" lemma="|fringe|" pos="NNS" wid="13">fringes</w>
  <w id="14" lemma="|.|" pos="." wid="14">.</w>
</sentence>
<sentence id="14">
  <w id="0" lemma="|``|" pos="``" wid="0">``</w>
  <w id="1" lemma="|they|" pos="PRP" wid="1">They</w>
  <w id="2" lemma="|grow|" pos="VBP" wid="2">grow</w>
  <w id="3" lemma="|vain|" pos="JJ" wid="3">vain</w>
  <w id="4" lemma="|and|" pos="CC" wid="4">and</w>
  <w id="5" lemma="|end|" pos="NN" wid="5">end</w>
  <w id="6" lemma="|by|" pos="IN" wid="6">by</w>
  <w id="7" lemma="|make|" pos="VBG" wid="7">making</w>
  <w id="8" lemma="|themselves|" pos="PRP" wid="8">themselves</w>
  <w id="9" lemma="|ridiculous|" pos="JJ" wid="9">ridiculous</w>
  <w id="10" lemma="|''|" pos="''" wid="10">''</w>
  <w id="11" lemma="|.|" pos="." wid="11">.</w>
</sentence>
<sentence id="15">
  <w id="0" lemma="|``|" pos="``" wid="0">``</w>
  <w id="1" lemma="|the|" pos="DT" wid="1">The</w>
  <w id="2" lemma="|former|" pos="JJ" wid="2">former</w>
  <w id="3" lemma="|be|" pos="VBP" wid="3">are</w>
  <w id="4" lemma="|the|" pos="DT" wid="4">the</w>
  <w id="5" lemma="|hypocrite|" pos="NNS" wid="5">hypocrites</w>
  <w id="6" lemma="|of|" pos="IN" wid="6">of</w>
  <w id="7" lemma="|casuistry|" pos="NN" wid="7">casuistry</w>
  <w id="8" lemma="|,|" pos="," wid="8">,</w>
  <w id="9" lemma="|intellectual|" pos="NNS" wid="9">intellectuals</w>
  <w id="10" lemma="|of|" pos="IN" wid="10">of</w>
  <w id="11" lemma="|casuistry|" pos="NN" wid="11">casuistry</w>
  <w id="12" lemma="|''|" pos="''" wid="12">''</w>
  <w id="13" lemma="|,|" pos="," wid="13">,</w>
  <w id="14" lemma="|the|" pos="DT" wid="14">the</w>
  <w id="15" lemma="|Pope|" pos="NNP" wid="15">Pope</w>
  <w id="16" lemma="|say|" pos="VBD" wid="16">said</w>
  <w id="17" lemma="|,|" pos="," wid="17">,</w>
  <w id="18" lemma="|who|" pos="WP" wid="18">who</w>
  <w id="19" lemma="|``|" pos="``" wid="19">``</w>
  <w id="20" lemma="|do|" pos="VBP" wid="20">do</w>
  <w id="21" lemma="|not|" pos="RB" wid="21">not</w>
  <w id="22" lemma="|have|" pos="VB" wid="22">have</w>
  <w id="23" lemma="|the|" pos="DT" wid="23">the</w>
  <w id="24" lemma="|intelligence|" pos="NN" wid="24">intelligence</w>
  <w id="25" lemma="|to|" pos="TO" wid="25">to</w>
  <w id="26" lemma="|find|" pos="VB" wid="26">find</w>
  <w id="27" lemma="|or|" pos="CC" wid="27">or</w>
  <w id="28" lemma="|explain|" pos="VB" wid="28">explain</w>
  <w id="29" lemma="|God|" pos="NNP" wid="29">God</w>
  <w id="30" lemma="|''|" pos="''" wid="30">''</w>
  <w id="31" lemma="|.|" pos="." wid="31">.</w>
</sentence>
<sentence id="16">
  <w id="0" lemma="|they|" pos="PRP" wid="0">They</w>
  <w id="1" lemma="|be|" pos="VBP" wid="1">are</w>
  <w id="2" lemma="|stick|" pos="VBN" wid="2">stuck</w>
  <w id="3" lemma="|in|" pos="IN" wid="3">in</w>
  <w id="4" lemma="|casuistry|" pos="NN" wid="4">casuistry</w>
  <w id="5" lemma="|.|" pos="." wid="5">.</w>
</sentence>
<sentence id="17">
  <w id="0" lemma="|the|" pos="DT" wid="0">The</w>
  <w id="1" lemma="|latter|" pos="JJ" wid="1">latter</w>
  <w id="2" lemma="|be|" pos="VBP" wid="2">are</w>
  <w id="3" lemma="|the|" pos="DT" wid="3">the</w>
  <w id="4" lemma="|hypocrite|" pos="NNS" wid="4">hypocrites</w>
  <w id="5" lemma="|of|" pos="IN" wid="5">of</w>
  <w id="6" lemma="|precept|" pos="NNS" wid="6">precepts</w>
  <w id="7" lemma="|who|" pos="WP" wid="7">who</w>
  <w id="8" lemma="|``|" pos="``" wid="8">``</w>
  <w id="9" lemma="|lead|" pos="VBP" wid="9">lead</w>
  <w id="10" lemma="|the|" pos="DT" wid="10">the</w>
  <w id="11" lemma="|People|" pos="NNP" wid="11">People</w>
  <w id="12" lemma="|of|" pos="IN" wid="12">of</w>
  <w id="13" lemma="|God|" pos="NNP" wid="13">God</w>
  <w id="14" lemma="|down|" pos="IN" wid="14">down</w>
  <w id="15" lemma="|a|" pos="DT" wid="15">a</w>
  <w id="16" lemma="|dead-end|" pos="JJ" wid="16">dead-end</w>
  <w id="17" lemma="|road|" pos="NN" wid="17">road</w>
  <w id="18" lemma="|.|" pos="." wid="18">.</w>
</sentence>
<sentence id="18">
  <w id="0" lemma="|they|" pos="PRP" wid="0">They</w>
  <w id="1" lemma="|be|" pos="VBP" wid="1">are</w>
  <w id="2" lemma="|ethicist|" pos="NNS" wid="2">ethicists</w>
  <w id="3" lemma="|without|" pos="IN" wid="3">without</w>
  <w id="4" lemma="|goodness|" pos="NN" wid="4">goodness</w>
  <w id="5" lemma="|.|" pos="." wid="5">.</w>
</sentence>
<sentence id="19">
  <w id="0" lemma="|they|" pos="PRP" wid="0">They</w>
  <w id="1" lemma="|do|" pos="VBP" wid="1">do</w>
  <w id="2" lemma="|not|" pos="RB" wid="2">not</w>
  <w id="3" lemma="|know|" pos="VB" wid="3">know</w>
  <w id="4" lemma="|what|" pos="WP" wid="4">what</w>
  <w id="5" lemma="|goodness|" pos="NN" wid="5">goodness</w>
  <w id="6" lemma="|be|" pos="VBZ" wid="6">is</w>
  <w id="7" lemma="|...|" pos=":" wid="7">...</w>
  <w id="8" lemma="|.|" pos="." wid="8">.</w>
</sentence>
<sentence id="20">
  <w id="0" lemma="|this|" pos="DT" wid="0">this</w>
  <w id="1" lemma="|,|" pos="," wid="1">,</w>
  <w id="2" lemma="|that|" pos="IN" wid="2">that</w>
  <w id="3" lemma="|and|" pos="CC" wid="3">and</w>
  <w id="4" lemma="|the|" pos="DT" wid="4">the</w>
  <w id="5" lemma="|other|" pos="JJ" wid="5">other</w>
  <w id="6" lemma="|must|" pos="MD" wid="6">must</w>
  <w id="7" lemma="|all|" pos="DT" wid="7">all</w>
  <w id="8" lemma="|be|" pos="VB" wid="8">be</w>
  <w id="9" lemma="|do|" pos="VBN" wid="9">done</w>
  <w id="10" lemma="|.|" pos="." wid="10">.</w>
</sentence>
<sentence id="21">
  <w id="0" lemma="|they|" pos="PRP" wid="0">They</w>
  <w id="1" lemma="|pile|" pos="VBP" wid="1">pile</w>
  <w id="2" lemma="|on|" pos="IN" wid="2">on</w>
  <w id="3" lemma="|precept|" pos="NNS" wid="3">precepts</w>
  <w id="4" lemma="|''|" pos="''" wid="4">''</w>
  <w id="5" lemma="|,|" pos="," wid="5">,</w>
  <w id="6" lemma="|but|" pos="CC" wid="6">but</w>
  <w id="7" lemma="|``|" pos="``" wid="7">``</w>
  <w id="8" lemma="|without|" pos="IN" wid="8">without</w>
  <w id="9" lemma="|goodness|" pos="NN" wid="9">goodness</w>
  <w id="10" lemma="|''|" pos="''" wid="10">''</w>
  <w id="11" lemma="|.|" pos="." wid="11">.</w>
</sentence>
<sentence id="22">
  <w id="0" lemma="|they|" pos="PRP" wid="0">They</w>
  <w id="1" lemma="|adorn|" pos="VBP" wid="1">adorn</w>
  <w id="2" lemma="|themselves|" pos="PRP" wid="2">themselves</w>
  <w id="3" lemma="|with|" pos="IN" wid="3">with</w>
  <w id="4" lemma="|drapery|" pos="NN" wid="4">drapery</w>
  <w id="5" lemma="|,|" pos="," wid="5">,</w>
  <w id="6" lemma="|with|" pos="IN" wid="6">with</w>
  <w id="7" lemma="|so|" pos="RB" wid="7">so</w>
  <w id="8" lemma="|many|" pos="JJ" wid="8">many</w>
  <w id="9" lemma="|thing|" pos="NNS" wid="9">things</w>
  <w id="10" lemma="|...|" pos=":" wid="10">...</w>
  <w id="11" lemma="|yet|" pos="RB" wid="11">yet</w>
  <w id="12" lemma="|``|" pos="``" wid="12">``</w>
  <w id="13" lemma="|they|" pos="PRP" wid="13">they</w>
  <w id="14" lemma="|have|" pos="VBP" wid="14">have</w>
  <w id="15" lemma="|no|" pos="DT" wid="15">no</w>
  <w id="16" lemma="|sense|" pos="NN" wid="16">sense</w>
  <w id="17" lemma="|of|" pos="IN" wid="17">of</w>
  <w id="18" lemma="|beauty|" pos="NN" wid="18">beauty</w>
  <w id="19" lemma="|.|" pos="." wid="19">.</w>
</sentence>
<sentence id="23">
  <w id="0" lemma="|they|" pos="PRP" wid="0">They</w>
  <w id="1" lemma="|can|" pos="MD" wid="1">can</w>
  <w id="2" lemma="|only|" pos="RB" wid="2">only</w>
  <w id="3" lemma="|manage|" pos="VB" wid="3">manage</w>
  <w id="4" lemma="|a|" pos="DT" wid="4">a</w>
  <w id="5" lemma="|museum|" pos="NN" wid="5">museum</w>
  <w id="6" lemma="|display|" pos="NN" wid="6">display</w>
  <w id="7" lemma="|type|" pos="NN" wid="7">type</w>
  <w id="8" lemma="|of|" pos="IN" wid="8">of</w>
  <w id="9" lemma="|beauty|" pos="NN" wid="9">beauty</w>
  <w id="10" lemma="|''|" pos="''" wid="10">''</w>
  <w id="11" lemma="|.|" pos="." wid="11">.</w>
</sentence>
<sentence id="24">
  <w id="0" lemma="|draw|" pos="VBG" wid="0">Drawing</w>
  <w id="1" lemma="|on|" pos="IN" wid="1">on</w>
  <w id="2" lemma="|the|" pos="DT" wid="2">the</w>
  <w id="3" lemma="|day|" pos="NN" wid="3">day</w>
  <w id="4" lemma="|'s|" pos="POS" wid="4">'s</w>
  <w id="5" lemma="|gospel|" pos="NN" wid="5">Gospel</w>
  <w id="6" lemma="|-lrb-|" pos="-LRB-" wid="6">-LRB-</w>
  <w id="7" lemma="|mt|" pos="NN" wid="7">Mt</w>
  <w id="8" lemma="|6:1|" pos="CD" wid="8">6:1</w>
  <w id="9" lemma="|-6|" pos="CD" wid="9">-6</w>
  <w id="10" lemma="|,|" pos="," wid="10">,</w>
  <w id="11" lemma="|16-18|" pos="CD" wid="11">16-18</w>
  <w id="12" lemma="|-rrb-|" pos="-RRB-" wid="12">-RRB-</w>
  <w id="13" lemma="|,|" pos="," wid="13">,</w>
  <w id="14" lemma="|the|" pos="DT" wid="14">the</w>
  <w id="15" lemma="|Holy|" pos="NNP" wid="15">Holy</w>
  <w id="16" lemma="|Father|" pos="NNP" wid="16">Father</w>
  <w id="17" lemma="|say|" pos="VBD" wid="17">said</w>
  <w id="18" lemma="|:|" pos=":" wid="18">:</w>
  <w id="19" lemma="|``|" pos="``" wid="19">``</w>
  <w id="20" lemma="|the|" pos="DT" wid="20">the</w>
  <w id="21" lemma="|Lord|" pos="NNP" wid="21">Lord</w>
  <w id="22" lemma="|mention|" pos="VBZ" wid="22">mentions</w>
  <w id="23" lemma="|another|" pos="DT" wid="23">another</w>
  <w id="24" lemma="|class|" pos="NN" wid="24">class</w>
  <w id="25" lemma="|of|" pos="IN" wid="25">of</w>
  <w id="26" lemma="|hypocrite|" pos="NNS" wid="26">hypocrites</w>
  <w id="27" lemma="|,|" pos="," wid="27">,</w>
  <w id="28" lemma="|those|" pos="DT" wid="28">those</w>
  <w id="29" lemma="|concern|" pos="VBN" wid="29">concerned</w>
  <w id="30" lemma="|with|" pos="IN" wid="30">with</w>
  <w id="31" lemma="|the|" pos="DT" wid="31">the</w>
  <w id="32" lemma="|sacred|" pos="JJ" wid="32">sacred</w>
  <w id="33" lemma="|''|" pos="''" wid="33">''</w>
  <w id="34" lemma="|.|" pos="." wid="34">.</w>
</sentence>
<sentence id="25">
  <w id="0" lemma="|this|" pos="DT" wid="0">This</w>
  <w id="1" lemma="|form|" pos="NN" wid="1">form</w>
  <w id="2" lemma="|of|" pos="IN" wid="2">of</w>
  <w id="3" lemma="|hypocrisy|" pos="NN" wid="3">hypocrisy</w>
  <w id="4" lemma="|,|" pos="," wid="4">,</w>
  <w id="5" lemma="|he|" pos="PRP" wid="5">he</w>
  <w id="6" lemma="|warn|" pos="VBD" wid="6">warned</w>
  <w id="7" lemma="|,|" pos="," wid="7">,</w>
  <w id="8" lemma="|be|" pos="VBZ" wid="8">is</w>
  <w id="9" lemma="|the|" pos="DT" wid="9">the</w>
  <w id="10" lemma="|most|" pos="RBS" wid="10">most</w>
  <w id="11" lemma="|serious|" pos="JJ" wid="11">serious</w>
  <w id="12" lemma="|one|" pos="CD" wid="12">one</w>
  <w id="13" lemma="|,|" pos="," wid="13">,</w>
  <w id="14" lemma="|for|" pos="IN" wid="14">for</w>
  <w id="15" lemma="|it|" pos="PRP" wid="15">it</w>
  <w id="16" lemma="|touch|" pos="NNS" wid="16">touches</w>
  <w id="17" lemma="|on|" pos="IN" wid="17">on</w>
  <w id="18" lemma="|sin|" pos="NN" wid="18">sin</w>
  <w id="19" lemma="|against|" pos="IN" wid="19">against</w>
  <w id="20" lemma="|the|" pos="DT" wid="20">the</w>
  <w id="21" lemma="|holy|" pos="JJ" wid="21">Holy</w>
  <w id="22" lemma="|spirit|" pos="NN" wid="22">Spirit</w>
  <w id="23" lemma="|.|" pos="." wid="23">.</w>
</sentence>
<sentence id="26">
  <w id="0" lemma="|the|" pos="DT" wid="0">The</w>
  <w id="1" lemma="|Lord|" pos="NNP" wid="1">Lord</w>
  <w id="2" lemma="|,|" pos="," wid="2">,</w>
  <w id="3" lemma="|he|" pos="PRP" wid="3">he</w>
  <w id="4" lemma="|continue|" pos="VBD" wid="4">continued</w>
  <w id="5" lemma="|,|" pos="," wid="5">,</w>
  <w id="6" lemma="|``|" pos="``" wid="6">``</w>
  <w id="7" lemma="|speak|" pos="VBZ" wid="7">speaks</w>
  <w id="8" lemma="|of|" pos="IN" wid="8">of</w>
  <w id="9" lemma="|fasting|" pos="NN" wid="9">fasting</w>
  <w id="10" lemma="|,|" pos="," wid="10">,</w>
  <w id="11" lemma="|prayer|" pos="NN" wid="11">prayer</w>
  <w id="12" lemma="|and|" pos="CC" wid="12">and</w>
  <w id="13" lemma="|alms-giving|" pos="NN" wid="13">alms-giving</w>
  <w id="14" lemma="|,|" pos="," wid="14">,</w>
  <w id="15" lemma="|the|" pos="DT" wid="15">the</w>
  <w id="16" lemma="|three|" pos="CD" wid="16">three</w>
  <w id="17" lemma="|pillar|" pos="NNS" wid="17">pillars</w>
  <w id="18" lemma="|of|" pos="IN" wid="18">of</w>
  <w id="19" lemma="|christian|" pos="JJ" wid="19">Christian</w>
  <w id="20" lemma="|piety|" pos="NN" wid="20">piety</w>
  <w id="21" lemma="|...|" pos=":" wid="21">...</w>
  <w id="22" lemma="|.|" pos="." wid="22">.</w>
</sentence>
<sentence id="27">
  <w id="0" lemma="|there|" pos="EX" wid="0">There</w>
  <w id="1" lemma="|be|" pos="VBP" wid="1">are</w>
  <w id="2" lemma="|hypocrite|" pos="NNS" wid="2">hypocrites</w>
  <w id="3" lemma="|in|" pos="IN" wid="3">in</w>
  <w id="4" lemma="|this|" pos="DT" wid="4">this</w>
  <w id="5" lemma="|area|" pos="NN" wid="5">area</w>
  <w id="6" lemma="|who|" pos="WP" wid="6">who</w>
  <w id="7" lemma="|strut|" pos="VBP" wid="7">strut</w>
  <w id="8" lemma="|about|" pos="IN" wid="8">about</w>
  <w id="9" lemma="|''|" pos="''" wid="9">''</w>
  <w id="10" lemma="|,|" pos="," wid="10">,</w>
  <w id="11" lemma="|make|" pos="VBG" wid="11">making</w>
  <w id="12" lemma="|a|" pos="DT" wid="12">a</w>
  <w id="13" lemma="|show|" pos="NN" wid="13">show</w>
  <w id="14" lemma="|of|" pos="IN" wid="14">of</w>
  <w id="15" lemma="|do|" pos="VBG" wid="15">doing</w>
  <w id="16" lemma="|all|" pos="PDT" wid="16">all</w>
  <w id="17" lemma="|these|" pos="DT" wid="17">these</w>
  <w id="18" lemma="|thing|" pos="NNS" wid="18">things</w>
  <w id="19" lemma="|.|" pos="." wid="19">.</w>
</sentence>
<sentence id="28">
  <w id="0" lemma="|``|" pos="``" wid="0">``</w>
  <w id="1" lemma="|they|" pos="PRP" wid="1">They</w>
  <w id="2" lemma="|know|" pos="VBP" wid="2">know</w>
  <w id="3" lemma="|nothing|" pos="NN" wid="3">nothing</w>
  <w id="4" lemma="|of|" pos="IN" wid="4">of</w>
  <w id="5" lemma="|beauty|" pos="NN" wid="5">beauty</w>
  <w id="6" lemma="|,|" pos="," wid="6">,</w>
  <w id="7" lemma="|they|" pos="PRP" wid="7">they</w>
  <w id="8" lemma="|know|" pos="VBP" wid="8">know</w>
  <w id="9" lemma="|nothing|" pos="NN" wid="9">nothing</w>
  <w id="10" lemma="|of|" pos="IN" wid="10">of</w>
  <w id="11" lemma="|love|" pos="NN" wid="11">love</w>
  <w id="12" lemma="|,|" pos="," wid="12">,</w>
  <w id="13" lemma="|they|" pos="PRP" wid="13">they</w>
  <w id="14" lemma="|know|" pos="VBP" wid="14">know</w>
  <w id="15" lemma="|nothing|" pos="NN" wid="15">nothing</w>
  <w id="16" lemma="|of|" pos="IN" wid="16">of</w>
  <w id="17" lemma="|truth|" pos="NN" wid="17">truth</w>
  <w id="18" lemma="|;|" pos=":" wid="18">;</w>
  <w id="19" lemma="|they|" pos="PRP" wid="19">they</w>
  <w id="20" lemma="|be|" pos="VBP" wid="20">are</w>
  <w id="21" lemma="|petty|" pos="JJ" wid="21">petty</w>
  <w id="22" lemma="|,|" pos="," wid="22">,</w>
  <w id="23" lemma="|they|" pos="PRP" wid="23">they</w>
  <w id="24" lemma="|be|" pos="VBP" wid="24">are</w>
  <w id="25" lemma="|cowardly|" pos="JJ" wid="25">cowardly</w>
  <w id="26" lemma="|''|" pos="''" wid="26">''</w>
  <w id="27" lemma="|.|" pos="." wid="27">.</w>
</sentence>
<sentence id="29">
  <w id="0" lemma="|we|" pos="PRP" wid="0">We</w>
  <w id="1" lemma="|be|" pos="VBP" wid="1">are</w>
  <w id="2" lemma="|all|" pos="DT" wid="2">all</w>
  <w id="3" lemma="|,|" pos="," wid="3">,</w>
  <w id="4" lemma="|without|" pos="IN" wid="4">without</w>
  <w id="5" lemma="|exception|" pos="NN" wid="5">exception</w>
  <w id="6" lemma="|,|" pos="," wid="6">,</w>
  <w id="7" lemma="|tempt|" pos="VBN" wid="7">tempted</w>
  <w id="8" lemma="|by|" pos="IN" wid="8">by</w>
  <w id="9" lemma="|hypocrisy|" pos="NN" wid="9">hypocrisy</w>
  <w id="10" lemma="|,|" pos="," wid="10">,</w>
  <w id="11" lemma="|the|" pos="DT" wid="11">the</w>
  <w id="12" lemma="|Holy|" pos="NNP" wid="12">Holy</w>
  <w id="13" lemma="|Father|" pos="NNP" wid="13">Father</w>
  <w id="14" lemma="|say|" pos="VBD" wid="14">said</w>
  <w id="15" lemma="|,|" pos="," wid="15">,</w>
  <w id="16" lemma="|but|" pos="CC" wid="16">but</w>
  <w id="17" lemma="|Paul|" pos="NNP" wid="17">Paul</w>
  <w id="18" lemma="|offer|" pos="VBZ" wid="18">offers</w>
  <w id="19" lemma="|we|" pos="PRP" wid="19">us</w>
  <w id="20" lemma="|help|" pos="NN" wid="20">help</w>
  <w id="21" lemma="|to|" pos="TO" wid="21">to</w>
  <w id="22" lemma="|resist|" pos="VB" wid="22">resist</w>
  <w id="23" lemma="|it|" pos="PRP" wid="23">it</w>
  <w id="24" lemma="|-lrb-|" pos="-LRB-" wid="24">-LRB-</w>
  <w id="25" lemma="|2|" pos="CD" wid="25">2</w>
  <w id="26" lemma="|cor|" pos="NN" wid="26">Cor</w>
  <w id="27" lemma="|9:6|" pos="CD" wid="27">9:6</w>
  <w id="28" lemma="|-11|" pos="CD" wid="28">-11</w>
  <w id="29" lemma="|-rrb-|" pos="-RRB-" wid="29">-RRB-</w>
  <w id="30" lemma="|.|" pos="." wid="30">.</w>
</sentence>
<sentence id="30">
  <w id="0" lemma="|the|" pos="DT" wid="0">The</w>
  <w id="1" lemma="|Apostle|" pos="NNP" wid="1">Apostle</w>
  <w id="2" lemma="|``|" pos="``" wid="2">``</w>
  <w id="3" lemma="|talk|" pos="NNS" wid="3">talks</w>
  <w id="4" lemma="|to|" pos="TO" wid="4">to</w>
  <w id="5" lemma="|we|" pos="PRP" wid="5">us</w>
  <w id="6" lemma="|of|" pos="IN" wid="6">of</w>
  <w id="7" lemma="|broadmindedness|" pos="NN" wid="7">broadmindedness</w>
  <w id="8" lemma="|,|" pos="," wid="8">,</w>
  <w id="9" lemma="|of|" pos="IN" wid="9">of</w>
  <w id="10" lemma="|joy|" pos="NN" wid="10">joy</w>
  <w id="11" lemma="|''|" pos="''" wid="11">''</w>
  <w id="12" lemma="|;|" pos=":" wid="12">;</w>
  <w id="13" lemma="|for|" pos="IN" wid="13">for</w>
  <w id="14" lemma="|``|" pos="``" wid="14">``</w>
  <w id="15" lemma="|we|" pos="PRP" wid="15">we</w>
  <w id="16" lemma="|all|" pos="RB" wid="16">all</w>
  <w id="17" lemma="|also|" pos="RB" wid="17">also</w>
  <w id="18" lemma="|have|" pos="VBP" wid="18">have</w>
  <w id="19" lemma="|grace|" pos="NN" wid="19">grace</w>
  <w id="20" lemma="|,|" pos="," wid="20">,</w>
  <w id="21" lemma="|the|" pos="DT" wid="21">the</w>
  <w id="22" lemma="|grace|" pos="NN" wid="22">grace</w>
  <w id="23" lemma="|that|" pos="WDT" wid="23">that</w>
  <w id="24" lemma="|come|" pos="VBZ" wid="24">comes</w>
  <w id="25" lemma="|from|" pos="IN" wid="25">from</w>
  <w id="26" lemma="|Jesus|" pos="NNP" wid="26">Jesus</w>
  <w id="27" lemma="|Christ|" pos="NNP" wid="27">Christ</w>
  <w id="28" lemma="|,|" pos="," wid="28">,</w>
  <w id="29" lemma="|the|" pos="DT" wid="29">the</w>
  <w id="30" lemma="|grace|" pos="NN" wid="30">grace</w>
  <w id="31" lemma="|of|" pos="IN" wid="31">of</w>
  <w id="32" lemma="|joy|" pos="NN" wid="32">joy</w>
  <w id="33" lemma="|,|" pos="," wid="33">,</w>
  <w id="34" lemma="|the|" pos="DT" wid="34">the</w>
  <w id="35" lemma="|grace|" pos="NN" wid="35">grace</w>
  <w id="36" lemma="|of|" pos="IN" wid="36">of</w>
  <w id="37" lemma="|magnanimity|" pos="NN" wid="37">magnanimity</w>
  <w id="38" lemma="|''|" pos="''" wid="38">''</w>
  <w id="39" lemma="|.|" pos="." wid="39">.</w>
</sentence>
<sentence id="31">
  <w id="0" lemma="|after|" pos="IN" wid="0">After</w>
  <w id="1" lemma="|deplore|" pos="VBG" wid="1">deploring</w>
  <w id="2" lemma="|the|" pos="DT" wid="2">the</w>
  <w id="3" lemma="|harm|" pos="NN" wid="3">harm</w>
  <w id="4" lemma="|to|" pos="TO" wid="4">to</w>
  <w id="5" lemma="|all|" pos="DT" wid="5">all</w>
  <w id="6" lemma="|cause|" pos="VBN" wid="6">caused</w>
  <w id="7" lemma="|by|" pos="IN" wid="7">by</w>
  <w id="8" lemma="|``|" pos="``" wid="8">``</w>
  <w id="9" lemma="|hypocrisy|" pos="NN" wid="9">hypocrisy</w>
  <w id="10" lemma="|in|" pos="IN" wid="10">in</w>
  <w id="11" lemma="|the|" pos="DT" wid="11">the</w>
  <w id="12" lemma="|Church|" pos="NNP" wid="12">Church</w>
  <w id="13" lemma="|''|" pos="''" wid="13">''</w>
  <w id="14" lemma="|,|" pos="," wid="14">,</w>
  <w id="15" lemma="|Pope|" pos="NNP" wid="15">Pope</w>
  <w id="16" lemma="|Francis|" pos="NNP" wid="16">Francis</w>
  <w id="17" lemma="|end|" pos="VBD" wid="17">ended</w>
  <w id="18" lemma="|by|" pos="IN" wid="18">by</w>
  <w id="19" lemma="|suggest|" pos="VBG" wid="19">suggesting</w>
  <w id="20" lemma="|a|" pos="DT" wid="20">a</w>
  <w id="21" lemma="|prayer|" pos="NN" wid="21">prayer</w>
  <w id="22" lemma="|:|" pos=":" wid="22">:</w>
  <w id="23" lemma="|``|" pos="``" wid="23">``</w>
  <w id="24" lemma="|let|" pos="VB" wid="24">Let</w>
  <w id="25" lemma="|we|" pos="PRP" wid="25">us</w>
  <w id="26" lemma="|ask|" pos="VB" wid="26">ask</w>
  <w id="27" lemma="|the|" pos="DT" wid="27">the</w>
  <w id="28" lemma="|Lord|" pos="NNP" wid="28">Lord</w>
  <w id="29" lemma="|to|" pos="TO" wid="29">to</w>
  <w id="30" lemma="|save|" pos="VB" wid="30">save</w>
  <w id="31" lemma="|we|" pos="PRP" wid="31">us</w>
  <w id="32" lemma="|from|" pos="IN" wid="32">from</w>
  <w id="33" lemma="|every|" pos="DT" wid="33">every</w>
  <w id="34" lemma="|form|" pos="NN" wid="34">form</w>
  <w id="35" lemma="|of|" pos="IN" wid="35">of</w>
  <w id="36" lemma="|hypocrisy|" pos="NN" wid="36">hypocrisy</w>
  <w id="37" lemma="|and|" pos="CC" wid="37">and</w>
  <w id="38" lemma="|to|" pos="TO" wid="38">to</w>
  <w id="39" lemma="|give|" pos="VB" wid="39">give</w>
  <w id="40" lemma="|we|" pos="PRP" wid="40">us</w>
  <w id="41" lemma="|the|" pos="DT" wid="41">the</w>
  <w id="42" lemma="|grace|" pos="NN" wid="42">grace</w>
  <w id="43" lemma="|of|" pos="IN" wid="43">of</w>
  <w id="44" lemma="|love|" pos="NN" wid="44">love</w>
  <w id="45" lemma="|,|" pos="," wid="45">,</w>
  <w id="46" lemma="|broadmindedness|" pos="NN" wid="46">broadmindedness</w>
  <w id="47" lemma="|,|" pos="," wid="47">,</w>
  <w id="48" lemma="|magnanimity|" pos="NN" wid="48">magnanimity</w>
  <w id="49" lemma="|and|" pos="CC" wid="49">and</w>
  <w id="50" lemma="|joy|" pos="NN" wid="50">joy</w>
  <w id="51" lemma="|''|" pos="''" wid="51">''</w>
  <w id="52" lemma="|.|" pos="." wid="52">.</w>
</sentence>
</corpus>