<corpus id="0">
<sentence id="0">
  <w id="0" lemma="|Dear|" pos="NNP" wid="0">Dear</w>
  <w id="1" lemma="|Brothers|" pos="NNPS" wid="1">Brothers</w>
  <w id="2" lemma="|and|" pos="CC" wid="2">and</w>
  <w id="3" lemma="|sister|" pos="NNS" wid="3">Sisters</w>
  <w id="4" lemma="|,|" pos="," wid="4">,</w>
  <w id="5" lemma="|good|" pos="JJ" wid="5">Good</w>
  <w id="6" lemma="|morning|" pos="NN" wid="6">morning</w>
  <w id="7" lemma="|,|" pos="," wid="7">,</w>
  <w id="8" lemma="|Today|" pos="NNP" wid="8">Today</w>
  <w id="9" lemma="|'s|" pos="POS" wid="9">'s</w>
  <w id="10" lemma="|gospel|" pos="NN" wid="10">Gospel</w>
  <w id="11" lemma="|-lrb-|" pos="-LRB-" wid="11">-LRB-</w>
  <w id="12" lemma="|cf|" pos="NN" wid="12">cf</w>
  <w id="13" lemma="|.|" pos="." wid="13">.</w>
</sentence>
<sentence id="1">
  <w id="0" lemma="|mk|" pos="NN" wid="0">Mk</w>
  <w id="1" lemma="|1:29|" pos="CD" wid="1">1:29</w>
  <w id="2" lemma="|-39|" pos="CD" wid="2">-39</w>
  <w id="3" lemma="|-rrb-|" pos="-RRB-" wid="3">-RRB-</w>
  <w id="4" lemma="|present|" pos="VBZ" wid="4">presents</w>
  <w id="5" lemma="|we|" pos="PRP" wid="5">us</w>
  <w id="6" lemma="|Jesus|" pos="NNP" wid="6">Jesus</w>
  <w id="7" lemma="|who|" pos="WP" wid="7">who</w>
  <w id="8" lemma="|,|" pos="," wid="8">,</w>
  <w id="9" lemma="|after|" pos="IN" wid="9">after</w>
  <w id="10" lemma="|have|" pos="VBG" wid="10">having</w>
  <w id="11" lemma="|preach|" pos="VBN" wid="11">preached</w>
  <w id="12" lemma="|in|" pos="IN" wid="12">in</w>
  <w id="13" lemma="|the|" pos="DT" wid="13">the</w>
  <w id="14" lemma="|synagogue|" pos="NN" wid="14">Synagogue</w>
  <w id="15" lemma="|on|" pos="IN" wid="15">on</w>
  <w id="16" lemma="|the|" pos="DT" wid="16">the</w>
  <w id="17" lemma="|Sabbath|" pos="NNP" wid="17">Sabbath</w>
  <w id="18" lemma="|,|" pos="," wid="18">,</w>
  <w id="19" lemma="|heal|" pos="VBZ" wid="19">heals</w>
  <w id="20" lemma="|many|" pos="JJ" wid="20">many</w>
  <w id="21" lemma="|sick|" pos="JJ" wid="21">sick</w>
  <w id="22" lemma="|people|" pos="NNS" wid="22">people</w>
  <w id="23" lemma="|.|" pos="." wid="23">.</w>
</sentence>
<sentence id="2">
  <w id="0" lemma="|preaching|" pos="NN" wid="0">Preaching</w>
  <w id="1" lemma="|and|" pos="CC" wid="1">and</w>
  <w id="2" lemma="|healing|" pos="NN" wid="2">healing</w>
  <w id="3" lemma="|:|" pos=":" wid="3">:</w>
  <w id="4" lemma="|this|" pos="DT" wid="4">this</w>
  <w id="5" lemma="|be|" pos="VBD" wid="5">was</w>
  <w id="6" lemma="|Jesus|" pos="NNP" wid="6">Jesus</w>
  <w id="7" lemma="|'|" pos="POS" wid="7">'</w>
  <w id="8" lemma="|principle|" pos="NN" wid="8">principle</w>
  <w id="9" lemma="|activity|" pos="NN" wid="9">activity</w>
  <w id="10" lemma="|in|" pos="IN" wid="10">in</w>
  <w id="11" lemma="|he|" pos="PRP$" wid="11">his</w>
  <w id="12" lemma="|public|" pos="JJ" wid="12">public</w>
  <w id="13" lemma="|ministry|" pos="NN" wid="13">ministry</w>
  <w id="14" lemma="|.|" pos="." wid="14">.</w>
</sentence>
<sentence id="3">
  <w id="0" lemma="|with|" pos="IN" wid="0">With</w>
  <w id="1" lemma="|he|" pos="PRP$" wid="1">his</w>
  <w id="2" lemma="|preach|" pos="VBG" wid="2">preaching</w>
  <w id="3" lemma="|he|" pos="PRP" wid="3">he</w>
  <w id="4" lemma="|proclaim|" pos="VBZ" wid="4">proclaims</w>
  <w id="5" lemma="|the|" pos="DT" wid="5">the</w>
  <w id="6" lemma="|Kingdom|" pos="NNP" wid="6">Kingdom</w>
  <w id="7" lemma="|of|" pos="IN" wid="7">of</w>
  <w id="8" lemma="|God|" pos="NNP" wid="8">God</w>
  <w id="9" lemma="|,|" pos="," wid="9">,</w>
  <w id="10" lemma="|and|" pos="CC" wid="10">and</w>
  <w id="11" lemma="|with|" pos="IN" wid="11">with</w>
  <w id="12" lemma="|he|" pos="PRP$" wid="12">his</w>
  <w id="13" lemma="|healing|" pos="NN" wid="13">healing</w>
  <w id="14" lemma="|he|" pos="PRP" wid="14">he</w>
  <w id="15" lemma="|show|" pos="VBZ" wid="15">shows</w>
  <w id="16" lemma="|that|" pos="IN" wid="16">that</w>
  <w id="17" lemma="|it|" pos="PRP" wid="17">it</w>
  <w id="18" lemma="|be|" pos="VBZ" wid="18">is</w>
  <w id="19" lemma="|near|" pos="IN" wid="19">near</w>
  <w id="20" lemma="|,|" pos="," wid="20">,</w>
  <w id="21" lemma="|that|" pos="IN" wid="21">that</w>
  <w id="22" lemma="|the|" pos="DT" wid="22">the</w>
  <w id="23" lemma="|Kingdom|" pos="NNP" wid="23">Kingdom</w>
  <w id="24" lemma="|of|" pos="IN" wid="24">of</w>
  <w id="25" lemma="|God|" pos="NNP" wid="25">God</w>
  <w id="26" lemma="|be|" pos="VBZ" wid="26">is</w>
  <w id="27" lemma="|in|" pos="IN" wid="27">in</w>
  <w id="28" lemma="|we|" pos="PRP$" wid="28">our</w>
  <w id="29" lemma="|midst|" pos="NN" wid="29">midst</w>
  <w id="30" lemma="|.|" pos="." wid="30">.</w>
</sentence>
<sentence id="4">
  <w id="0" lemma="|enter|" pos="VBG" wid="0">Entering</w>
  <w id="1" lemma="|the|" pos="DT" wid="1">the</w>
  <w id="2" lemma="|house|" pos="NN" wid="2">house</w>
  <w id="3" lemma="|of|" pos="IN" wid="3">of</w>
  <w id="4" lemma="|Simon|" pos="NNP" wid="4">Simon</w>
  <w id="5" lemma="|Peter|" pos="NNP" wid="5">Peter</w>
  <w id="6" lemma="|,|" pos="," wid="6">,</w>
  <w id="7" lemma="|Jesus|" pos="NNP" wid="7">Jesus</w>
  <w id="8" lemma="|see|" pos="VBZ" wid="8">sees</w>
  <w id="9" lemma="|that|" pos="IN" wid="9">that</w>
  <w id="10" lemma="|he|" pos="PRP$" wid="10">his</w>
  <w id="11" lemma="|mother-in-law|" pos="NN" wid="11">mother-in-law</w>
  <w id="12" lemma="|be|" pos="VBZ" wid="12">is</w>
  <w id="13" lemma="|in|" pos="IN" wid="13">in</w>
  <w id="14" lemma="|bed|" pos="NN" wid="14">bed</w>
  <w id="15" lemma="|with|" pos="IN" wid="15">with</w>
  <w id="16" lemma="|a|" pos="DT" wid="16">a</w>
  <w id="17" lemma="|fever|" pos="NN" wid="17">fever</w>
  <w id="18" lemma="|;|" pos=":" wid="18">;</w>
  <w id="19" lemma="|he|" pos="PRP" wid="19">he</w>
  <w id="20" lemma="|immediately|" pos="RB" wid="20">immediately</w>
  <w id="21" lemma="|take|" pos="VBZ" wid="21">takes</w>
  <w id="22" lemma="|she|" pos="PRP" wid="22">her</w>
  <w id="23" lemma="|by|" pos="IN" wid="23">by</w>
  <w id="24" lemma="|the|" pos="DT" wid="24">the</w>
  <w id="25" lemma="|hand|" pos="NN" wid="25">hand</w>
  <w id="26" lemma="|,|" pos="," wid="26">,</w>
  <w id="27" lemma="|heal|" pos="VBZ" wid="27">heals</w>
  <w id="28" lemma="|she|" pos="PRP" wid="28">her</w>
  <w id="29" lemma="|,|" pos="," wid="29">,</w>
  <w id="30" lemma="|and|" pos="CC" wid="30">and</w>
  <w id="31" lemma="|raise|" pos="VBZ" wid="31">raises</w>
  <w id="32" lemma="|she|" pos="PRP" wid="32">her</w>
  <w id="33" lemma="|.|" pos="." wid="33">.</w>
</sentence>
<sentence id="5">
  <w id="0" lemma="|after|" pos="IN" wid="0">After</w>
  <w id="1" lemma="|sunset|" pos="NN" wid="1">sunset</w>
  <w id="2" lemma="|,|" pos="," wid="2">,</w>
  <w id="3" lemma="|since|" pos="IN" wid="3">since</w>
  <w id="4" lemma="|the|" pos="DT" wid="4">the</w>
  <w id="5" lemma="|Sabbath|" pos="NNP" wid="5">Sabbath</w>
  <w id="6" lemma="|be|" pos="VBZ" wid="6">is</w>
  <w id="7" lemma="|over|" pos="IN" wid="7">over</w>
  <w id="8" lemma="|the|" pos="DT" wid="8">the</w>
  <w id="9" lemma="|people|" pos="NNS" wid="9">people</w>
  <w id="10" lemma="|can|" pos="MD" wid="10">can</w>
  <w id="11" lemma="|go|" pos="VB" wid="11">go</w>
  <w id="12" lemma="|out|" pos="RB" wid="12">out</w>
  <w id="13" lemma="|and|" pos="CC" wid="13">and</w>
  <w id="14" lemma="|bring|" pos="VB" wid="14">bring</w>
  <w id="15" lemma="|the|" pos="DT" wid="15">the</w>
  <w id="16" lemma="|sick|" pos="JJ" wid="16">sick</w>
  <w id="17" lemma="|to|" pos="TO" wid="17">to</w>
  <w id="18" lemma="|he|" pos="PRP" wid="18">Him</w>
  <w id="19" lemma="|;|" pos=":" wid="19">;</w>
  <w id="20" lemma="|he|" pos="PRP" wid="20">He</w>
  <w id="21" lemma="|heal|" pos="VBZ" wid="21">heals</w>
  <w id="22" lemma="|a|" pos="DT" wid="22">a</w>
  <w id="23" lemma="|multitude|" pos="NN" wid="23">multitude</w>
  <w id="24" lemma="|of|" pos="IN" wid="24">of</w>
  <w id="25" lemma="|people|" pos="NNS" wid="25">people</w>
  <w id="26" lemma="|afflict|" pos="VBN" wid="26">afflicted</w>
  <w id="27" lemma="|with|" pos="IN" wid="27">with</w>
  <w id="28" lemma="|malady|" pos="NNS" wid="28">maladies</w>
  <w id="29" lemma="|of|" pos="IN" wid="29">of</w>
  <w id="30" lemma="|every|" pos="DT" wid="30">every</w>
  <w id="31" lemma="|kind|" pos="NN" wid="31">kind</w>
  <w id="32" lemma="|:|" pos=":" wid="32">:</w>
  <w id="33" lemma="|physical|" pos="JJ" wid="33">physical</w>
  <w id="34" lemma="|,|" pos="," wid="34">,</w>
  <w id="35" lemma="|psychological|" pos="JJ" wid="35">psychological</w>
  <w id="36" lemma="|,|" pos="," wid="36">,</w>
  <w id="37" lemma="|and|" pos="CC" wid="37">and</w>
  <w id="38" lemma="|spiritual|" pos="JJ" wid="38">spiritual</w>
  <w id="39" lemma="|.|" pos="." wid="39">.</w>
</sentence>
<sentence id="6">
  <w id="0" lemma="|have|" pos="VBG" wid="0">Having</w>
  <w id="1" lemma="|come|" pos="VBN" wid="1">come</w>
  <w id="2" lemma="|to|" pos="TO" wid="2">to</w>
  <w id="3" lemma="|earth|" pos="NN" wid="3">earth</w>
  <w id="4" lemma="|to|" pos="TO" wid="4">to</w>
  <w id="5" lemma="|proclaim|" pos="VB" wid="5">proclaim</w>
  <w id="6" lemma="|and|" pos="CC" wid="6">and</w>
  <w id="7" lemma="|to|" pos="TO" wid="7">to</w>
  <w id="8" lemma="|realize|" pos="VB" wid="8">realize</w>
  <w id="9" lemma="|the|" pos="DT" wid="9">the</w>
  <w id="10" lemma="|salvation|" pos="NN" wid="10">salvation</w>
  <w id="11" lemma="|of|" pos="IN" wid="11">of</w>
  <w id="12" lemma="|the|" pos="DT" wid="12">the</w>
  <w id="13" lemma="|whole|" pos="JJ" wid="13">whole</w>
  <w id="14" lemma="|man|" pos="NN" wid="14">man</w>
  <w id="15" lemma="|and|" pos="CC" wid="15">and</w>
  <w id="16" lemma="|of|" pos="IN" wid="16">of</w>
  <w id="17" lemma="|all|" pos="DT" wid="17">all</w>
  <w id="18" lemma="|people|" pos="NNS" wid="18">people</w>
  <w id="19" lemma="|,|" pos="," wid="19">,</w>
  <w id="20" lemma="|Jesus|" pos="NNP" wid="20">Jesus</w>
  <w id="21" lemma="|show|" pos="VBZ" wid="21">shows</w>
  <w id="22" lemma="|a|" pos="DT" wid="22">a</w>
  <w id="23" lemma="|particular|" pos="JJ" wid="23">particular</w>
  <w id="24" lemma="|predilection|" pos="NN" wid="24">predilection</w>
  <w id="25" lemma="|for|" pos="IN" wid="25">for</w>
  <w id="26" lemma="|those|" pos="DT" wid="26">those</w>
  <w id="27" lemma="|who|" pos="WP" wid="27">who</w>
  <w id="28" lemma="|be|" pos="VBP" wid="28">are</w>
  <w id="29" lemma="|wound|" pos="VBN" wid="29">wounded</w>
  <w id="30" lemma="|in|" pos="IN" wid="30">in</w>
  <w id="31" lemma="|body|" pos="NN" wid="31">body</w>
  <w id="32" lemma="|and|" pos="CC" wid="32">and</w>
  <w id="33" lemma="|in|" pos="IN" wid="33">in</w>
  <w id="34" lemma="|spirit|" pos="NN" wid="34">spirit</w>
  <w id="35" lemma="|:|" pos=":" wid="35">:</w>
  <w id="36" lemma="|the|" pos="DT" wid="36">the</w>
  <w id="37" lemma="|poor|" pos="JJ" wid="37">poor</w>
  <w id="38" lemma="|,|" pos="," wid="38">,</w>
  <w id="39" lemma="|the|" pos="DT" wid="39">the</w>
  <w id="40" lemma="|sinner|" pos="NNS" wid="40">sinners</w>
  <w id="41" lemma="|,|" pos="," wid="41">,</w>
  <w id="42" lemma="|the|" pos="DT" wid="42">the</w>
  <w id="43" lemma="|possess|" pos="VBN" wid="43">possessed</w>
  <w id="44" lemma="|,|" pos="," wid="44">,</w>
  <w id="45" lemma="|the|" pos="DT" wid="45">the</w>
  <w id="46" lemma="|sick|" pos="JJ" wid="46">sick</w>
  <w id="47" lemma="|,|" pos="," wid="47">,</w>
  <w id="48" lemma="|the|" pos="DT" wid="48">the</w>
  <w id="49" lemma="|marginalize|" pos="VBN" wid="49">marginalized</w>
  <w id="50" lemma="|.|" pos="." wid="50">.</w>
</sentence>
<sentence id="7">
  <w id="0" lemma="|thus|" pos="RB" wid="0">Thus</w>
  <w id="1" lemma="|,|" pos="," wid="1">,</w>
  <w id="2" lemma="|he|" pos="PRP" wid="2">He</w>
  <w id="3" lemma="|reveal|" pos="VBZ" wid="3">reveals</w>
  <w id="4" lemma="|himself|" pos="PRP" wid="4">Himself</w>
  <w id="5" lemma="|as|" pos="IN" wid="5">as</w>
  <w id="6" lemma="|a|" pos="DT" wid="6">a</w>
  <w id="7" lemma="|doctor|" pos="NN" wid="7">doctor</w>
  <w id="8" lemma="|both|" pos="DT" wid="8">both</w>
  <w id="9" lemma="|of|" pos="IN" wid="9">of</w>
  <w id="10" lemma="|soul|" pos="NNS" wid="10">souls</w>
  <w id="11" lemma="|and|" pos="CC" wid="11">and</w>
  <w id="12" lemma="|of|" pos="IN" wid="12">of</w>
  <w id="13" lemma="|body|" pos="NNS" wid="13">bodies</w>
  <w id="14" lemma="|,|" pos="," wid="14">,</w>
  <w id="15" lemma="|the|" pos="DT" wid="15">the</w>
  <w id="16" lemma="|Good|" pos="NNP" wid="16">Good</w>
  <w id="17" lemma="|Samaritan|" pos="NNP" wid="17">Samaritan</w>
  <w id="18" lemma="|of|" pos="IN" wid="18">of</w>
  <w id="19" lemma="|man|" pos="NN" wid="19">man</w>
  <w id="20" lemma="|.|" pos="." wid="20">.</w>
</sentence>
<sentence id="8">
  <w id="0" lemma="|he|" pos="PRP" wid="0">He</w>
  <w id="1" lemma="|be|" pos="VBZ" wid="1">is</w>
  <w id="2" lemma="|the|" pos="DT" wid="2">the</w>
  <w id="3" lemma="|true|" pos="JJ" wid="3">true</w>
  <w id="4" lemma="|Saviour|" pos="NNP" wid="4">Saviour</w>
  <w id="5" lemma="|:|" pos=":" wid="5">:</w>
  <w id="6" lemma="|Jesus|" pos="NNP" wid="6">Jesus</w>
  <w id="7" lemma="|save|" pos="VBZ" wid="7">saves</w>
  <w id="8" lemma="|,|" pos="," wid="8">,</w>
  <w id="9" lemma="|Jesus|" pos="NNP" wid="9">Jesus</w>
  <w id="10" lemma="|cure|" pos="NNS" wid="10">cures</w>
  <w id="11" lemma="|,|" pos="," wid="11">,</w>
  <w id="12" lemma="|Jesus|" pos="NNP" wid="12">Jesus</w>
  <w id="13" lemma="|heal|" pos="NNS" wid="13">heals</w>
  <w id="14" lemma="|.|" pos="." wid="14">.</w>
</sentence>
<sentence id="9">
  <w id="0" lemma="|the|" pos="DT" wid="0">The</w>
  <w id="1" lemma="|reality|" pos="NN" wid="1">reality</w>
  <w id="2" lemma="|of|" pos="IN" wid="2">of</w>
  <w id="3" lemma="|Christ|" pos="NNP" wid="3">Christ</w>
  <w id="4" lemma="|'s|" pos="POS" wid="4">'s</w>
  <w id="5" lemma="|healing|" pos="NN" wid="5">healing</w>
  <w id="6" lemma="|of|" pos="IN" wid="6">of</w>
  <w id="7" lemma="|the|" pos="DT" wid="7">the</w>
  <w id="8" lemma="|sick|" pos="JJ" wid="8">sick</w>
  <w id="9" lemma="|invite|" pos="VBZ" wid="9">invites</w>
  <w id="10" lemma="|we|" pos="PRP" wid="10">us</w>
  <w id="11" lemma="|to|" pos="TO" wid="11">to</w>
  <w id="12" lemma="|reflect|" pos="VB" wid="12">reflect</w>
  <w id="13" lemma="|on|" pos="IN" wid="13">on</w>
  <w id="14" lemma="|the|" pos="DT" wid="14">the</w>
  <w id="15" lemma="|meaning|" pos="NN" wid="15">meaning</w>
  <w id="16" lemma="|and|" pos="CC" wid="16">and</w>
  <w id="17" lemma="|virtue|" pos="NN" wid="17">virtue</w>
  <w id="18" lemma="|of|" pos="IN" wid="18">of</w>
  <w id="19" lemma="|illness|" pos="NN" wid="19">illness</w>
  <w id="20" lemma="|.|" pos="." wid="20">.</w>
</sentence>
<sentence id="10">
  <w id="0" lemma="|this|" pos="DT" wid="0">This</w>
  <w id="1" lemma="|also|" pos="RB" wid="1">also</w>
  <w id="2" lemma="|remind|" pos="VBZ" wid="2">reminds</w>
  <w id="3" lemma="|we|" pos="PRP" wid="3">us</w>
  <w id="4" lemma="|of|" pos="IN" wid="4">of</w>
  <w id="5" lemma="|the|" pos="DT" wid="5">the</w>
  <w id="6" lemma="|World|" pos="NNP" wid="6">World</w>
  <w id="7" lemma="|Day|" pos="NNP" wid="7">Day</w>
  <w id="8" lemma="|of|" pos="IN" wid="8">of</w>
  <w id="9" lemma="|the|" pos="DT" wid="9">the</w>
  <w id="10" lemma="|Sick|" pos="NNP" wid="10">Sick</w>
  <w id="11" lemma="|,|" pos="," wid="11">,</w>
  <w id="12" lemma="|which|" pos="WDT" wid="12">which</w>
  <w id="13" lemma="|we|" pos="PRP" wid="13">we</w>
  <w id="14" lemma="|shall|" pos="MD" wid="14">shall</w>
  <w id="15" lemma="|celebrate|" pos="VB" wid="15">celebrate</w>
  <w id="16" lemma="|on|" pos="IN" wid="16">on</w>
  <w id="17" lemma="|Wednesday|" pos="NNP" wid="17">Wednesday</w>
  <w id="18" lemma="|,|" pos="," wid="18">,</w>
  <w id="19" lemma="|11|" pos="CD" wid="19">11</w>
  <w id="20" lemma="|February|" pos="NNP" wid="20">February</w>
  <w id="21" lemma="|,|" pos="," wid="21">,</w>
  <w id="22" lemma="|the|" pos="DT" wid="22">the</w>
  <w id="23" lemma="|liturgical|" pos="JJ" wid="23">liturgical</w>
  <w id="24" lemma="|memorial|" pos="NN" wid="24">memorial</w>
  <w id="25" lemma="|of|" pos="IN" wid="25">of</w>
  <w id="26" lemma="|we|" pos="PRP$" wid="26">Our</w>
  <w id="27" lemma="|lady|" pos="NN" wid="27">Lady</w>
  <w id="28" lemma="|of|" pos="IN" wid="28">of</w>
  <w id="29" lemma="|Lourdes|" pos="NNP" wid="29">Lourdes</w>
  <w id="30" lemma="|.|" pos="." wid="30">.</w>
</sentence>
<sentence id="11">
  <w id="0" lemma="|I|" pos="PRP" wid="0">I</w>
  <w id="1" lemma="|bless|" pos="VBP" wid="1">bless</w>
  <w id="2" lemma="|the|" pos="DT" wid="2">the</w>
  <w id="3" lemma="|initiative|" pos="NNS" wid="3">initiatives</w>
  <w id="4" lemma="|prepare|" pos="VBN" wid="4">prepared</w>
  <w id="5" lemma="|for|" pos="IN" wid="5">for</w>
  <w id="6" lemma="|this|" pos="DT" wid="6">this</w>
  <w id="7" lemma="|day|" pos="NN" wid="7">Day</w>
  <w id="8" lemma="|,|" pos="," wid="8">,</w>
  <w id="9" lemma="|in|" pos="IN" wid="9">in</w>
  <w id="10" lemma="|particular|" pos="JJ" wid="10">particular</w>
  <w id="11" lemma="|the|" pos="DT" wid="11">the</w>
  <w id="12" lemma="|Vigil|" pos="NNP" wid="12">Vigil</w>
  <w id="13" lemma="|that|" pos="WDT" wid="13">that</w>
  <w id="14" lemma="|will|" pos="MD" wid="14">will</w>
  <w id="15" lemma="|take|" pos="VB" wid="15">take</w>
  <w id="16" lemma="|place|" pos="NN" wid="16">place</w>
  <w id="17" lemma="|in|" pos="IN" wid="17">in</w>
  <w id="18" lemma="|Rome|" pos="NNP" wid="18">Rome</w>
  <w id="19" lemma="|on|" pos="IN" wid="19">on</w>
  <w id="20" lemma="|the|" pos="DT" wid="20">the</w>
  <w id="21" lemma="|evening|" pos="NN" wid="21">evening</w>
  <w id="22" lemma="|of|" pos="IN" wid="22">of</w>
  <w id="23" lemma="|10|" pos="CD" wid="23">10</w>
  <w id="24" lemma="|February|" pos="NNP" wid="24">February</w>
  <w id="25" lemma="|.|" pos="." wid="25">.</w>
</sentence>
<sentence id="12">
  <w id="0" lemma="|let|" pos="VB" wid="0">Let</w>
  <w id="1" lemma="|we|" pos="PRP" wid="1">us</w>
  <w id="2" lemma="|also|" pos="RB" wid="2">also</w>
  <w id="3" lemma="|remember|" pos="VBP" wid="3">remember</w>
  <w id="4" lemma="|the|" pos="DT" wid="4">the</w>
  <w id="5" lemma="|President|" pos="NNP" wid="5">President</w>
  <w id="6" lemma="|of|" pos="IN" wid="6">of</w>
  <w id="7" lemma="|the|" pos="DT" wid="7">the</w>
  <w id="8" lemma="|Pontifical|" pos="NNP" wid="8">Pontifical</w>
  <w id="9" lemma="|Council|" pos="NNP" wid="9">Council</w>
  <w id="10" lemma="|for|" pos="IN" wid="10">for</w>
  <w id="11" lemma="|Health|" pos="NNP" wid="11">Health</w>
  <w id="12" lemma="|Care|" pos="NNP" wid="12">Care</w>
  <w id="13" lemma="|Workers|" pos="NNP" wid="13">Workers</w>
  <w id="14" lemma="|-lrb-|" pos="-LRB-" wid="14">-LRB-</w>
  <w id="15" lemma="|Health|" pos="NNP" wid="15">Health</w>
  <w id="16" lemma="|Pastoral|" pos="NNP" wid="16">Pastoral</w>
  <w id="17" lemma="|Care|" pos="NNP" wid="17">Care</w>
  <w id="18" lemma="|-rrb-|" pos="-RRB-" wid="18">-RRB-</w>
  <w id="19" lemma="|,|" pos="," wid="19">,</w>
  <w id="20" lemma="|Archbishop|" pos="NNP" wid="20">Archbishop</w>
  <w id="21" lemma="|Zygmunt|" pos="NNP" wid="21">Zygmunt</w>
  <w id="22" lemma="|Zimowski|" pos="NNP" wid="22">Zimowski</w>
  <w id="23" lemma="|,|" pos="," wid="23">,</w>
  <w id="24" lemma="|who|" pos="WP" wid="24">who</w>
  <w id="25" lemma="|be|" pos="VBZ" wid="25">is</w>
  <w id="26" lemma="|very|" pos="RB" wid="26">very</w>
  <w id="27" lemma="|sick|" pos="JJ" wid="27">sick</w>
  <w id="28" lemma="|in|" pos="IN" wid="28">in</w>
  <w id="29" lemma="|Poland|" pos="NNP" wid="29">Poland</w>
  <w id="30" lemma="|.|" pos="." wid="30">.</w>
</sentence>
<sentence id="13">
  <w id="0" lemma="|a|" pos="DT" wid="0">A</w>
  <w id="1" lemma="|prayer|" pos="NN" wid="1">prayer</w>
  <w id="2" lemma="|for|" pos="IN" wid="2">for</w>
  <w id="3" lemma="|he|" pos="PRP" wid="3">him</w>
  <w id="4" lemma="|,|" pos="," wid="4">,</w>
  <w id="5" lemma="|for|" pos="IN" wid="5">for</w>
  <w id="6" lemma="|he|" pos="PRP$" wid="6">his</w>
  <w id="7" lemma="|health|" pos="NN" wid="7">health</w>
  <w id="8" lemma="|,|" pos="," wid="8">,</w>
  <w id="9" lemma="|because|" pos="IN" wid="9">because</w>
  <w id="10" lemma="|it|" pos="PRP" wid="10">it</w>
  <w id="11" lemma="|be|" pos="VBD" wid="11">was</w>
  <w id="12" lemma="|he|" pos="PRP" wid="12">he</w>
  <w id="13" lemma="|who|" pos="WP" wid="13">who</w>
  <w id="14" lemma="|organize|" pos="VBD" wid="14">organized</w>
  <w id="15" lemma="|this|" pos="DT" wid="15">this</w>
  <w id="16" lemma="|day|" pos="NN" wid="16">Day</w>
  <w id="17" lemma="|,|" pos="," wid="17">,</w>
  <w id="18" lemma="|and|" pos="CC" wid="18">and</w>
  <w id="19" lemma="|he|" pos="PRP" wid="19">he</w>
  <w id="20" lemma="|accompany|" pos="VBZ" wid="20">accompanies</w>
  <w id="21" lemma="|we|" pos="PRP" wid="21">us</w>
  <w id="22" lemma="|in|" pos="IN" wid="22">in</w>
  <w id="23" lemma="|he|" pos="PRP$" wid="23">his</w>
  <w id="24" lemma="|suffering|" pos="NN" wid="24">suffering</w>
  <w id="25" lemma="|on|" pos="IN" wid="25">on</w>
  <w id="26" lemma="|this|" pos="DT" wid="26">this</w>
  <w id="27" lemma="|day|" pos="NN" wid="27">Day</w>
  <w id="28" lemma="|.|" pos="." wid="28">.</w>
</sentence>
<sentence id="14">
  <w id="0" lemma="|let|" pos="VB" wid="0">Let</w>
  <w id="1" lemma="|we|" pos="PRP" wid="1">us</w>
  <w id="2" lemma="|pray|" pos="VB" wid="2">pray</w>
  <w id="3" lemma="|for|" pos="IN" wid="3">for</w>
  <w id="4" lemma="|Archbishop|" pos="NNP" wid="4">Archbishop</w>
  <w id="5" lemma="|Zimowski|" pos="NNP" wid="5">Zimowski</w>
  <w id="6" lemma="|.|" pos="." wid="6">.</w>
</sentence>
<sentence id="15">
  <w id="0" lemma="|the|" pos="DT" wid="0">The</w>
  <w id="1" lemma="|salvific|" pos="JJ" wid="1">salvific</w>
  <w id="2" lemma="|work|" pos="NN" wid="2">work</w>
  <w id="3" lemma="|of|" pos="IN" wid="3">of</w>
  <w id="4" lemma="|Christ|" pos="NNP" wid="4">Christ</w>
  <w id="5" lemma="|be|" pos="VBZ" wid="5">is</w>
  <w id="6" lemma="|not|" pos="RB" wid="6">not</w>
  <w id="7" lemma="|exhaust|" pos="VBN" wid="7">exhausted</w>
  <w id="8" lemma="|with|" pos="IN" wid="8">with</w>
  <w id="9" lemma="|he|" pos="PRP$" wid="9">his</w>
  <w id="10" lemma="|person|" pos="NN" wid="10">Person</w>
  <w id="11" lemma="|and|" pos="CC" wid="11">and</w>
  <w id="12" lemma="|in|" pos="IN" wid="12">in</w>
  <w id="13" lemma="|the|" pos="DT" wid="13">the</w>
  <w id="14" lemma="|span|" pos="NN" wid="14">span</w>
  <w id="15" lemma="|of|" pos="IN" wid="15">of</w>
  <w id="16" lemma="|he|" pos="PRP$" wid="16">his</w>
  <w id="17" lemma="|earthly|" pos="JJ" wid="17">earthly</w>
  <w id="18" lemma="|life|" pos="NN" wid="18">life</w>
  <w id="19" lemma="|;|" pos=":" wid="19">;</w>
  <w id="20" lemma="|it|" pos="PRP" wid="20">it</w>
  <w id="21" lemma="|continue|" pos="VBZ" wid="21">continues</w>
  <w id="22" lemma="|through|" pos="IN" wid="22">through</w>
  <w id="23" lemma="|the|" pos="DT" wid="23">the</w>
  <w id="24" lemma="|Church|" pos="NNP" wid="24">Church</w>
  <w id="25" lemma="|,|" pos="," wid="25">,</w>
  <w id="26" lemma="|the|" pos="DT" wid="26">the</w>
  <w id="27" lemma="|sacrament|" pos="NN" wid="27">sacrament</w>
  <w id="28" lemma="|of|" pos="IN" wid="28">of</w>
  <w id="29" lemma="|God|" pos="NNP" wid="29">God</w>
  <w id="30" lemma="|'s|" pos="POS" wid="30">'s</w>
  <w id="31" lemma="|love|" pos="NN" wid="31">love</w>
  <w id="32" lemma="|and|" pos="CC" wid="32">and</w>
  <w id="33" lemma="|tenderness|" pos="NN" wid="33">tenderness</w>
  <w id="34" lemma="|for|" pos="IN" wid="34">for</w>
  <w id="35" lemma="|mankind|" pos="NN" wid="35">mankind</w>
  <w id="36" lemma="|.|" pos="." wid="36">.</w>
</sentence>
<sentence id="16">
  <w id="0" lemma="|in|" pos="IN" wid="0">In</w>
  <w id="1" lemma="|send|" pos="VBG" wid="1">sending</w>
  <w id="2" lemma="|he|" pos="PRP$" wid="2">his</w>
  <w id="3" lemma="|disciple|" pos="NNS" wid="3">disciples</w>
  <w id="4" lemma="|on|" pos="IN" wid="4">on</w>
  <w id="5" lemma="|mission|" pos="NN" wid="5">mission</w>
  <w id="6" lemma="|,|" pos="," wid="6">,</w>
  <w id="7" lemma="|Jesus|" pos="NNP" wid="7">Jesus</w>
  <w id="8" lemma="|confer|" pos="VBZ" wid="8">confers</w>
  <w id="9" lemma="|a|" pos="DT" wid="9">a</w>
  <w id="10" lemma="|double|" pos="JJ" wid="10">double</w>
  <w id="11" lemma="|mandate|" pos="NN" wid="11">mandate</w>
  <w id="12" lemma="|on|" pos="IN" wid="12">on</w>
  <w id="13" lemma="|they|" pos="PRP" wid="13">them</w>
  <w id="14" lemma="|:|" pos=":" wid="14">:</w>
  <w id="15" lemma="|to|" pos="TO" wid="15">to</w>
  <w id="16" lemma="|proclaim|" pos="VB" wid="16">proclaim</w>
  <w id="17" lemma="|the|" pos="DT" wid="17">the</w>
  <w id="18" lemma="|gospel|" pos="NN" wid="18">Gospel</w>
  <w id="19" lemma="|of|" pos="IN" wid="19">of</w>
  <w id="20" lemma="|salvation|" pos="NN" wid="20">salvation</w>
  <w id="21" lemma="|and|" pos="CC" wid="21">and</w>
  <w id="22" lemma="|to|" pos="TO" wid="22">to</w>
  <w id="23" lemma="|heal|" pos="VB" wid="23">heal</w>
  <w id="24" lemma="|the|" pos="DT" wid="24">the</w>
  <w id="25" lemma="|sick|" pos="JJ" wid="25">sick</w>
  <w id="26" lemma="|-lrb-|" pos="-LRB-" wid="26">-LRB-</w>
  <w id="27" lemma="|cf|" pos="NN" wid="27">cf</w>
  <w id="28" lemma="|.|" pos="." wid="28">.</w>
</sentence>
<sentence id="17">
  <w id="0" lemma="|mt|" pos="FW" wid="0">Mt</w>
  <w id="1" lemma="|10:7|" pos="FW" wid="1">10:7</w>
  <w id="2" lemma="|-8|" pos="CD" wid="2">-8</w>
  <w id="3" lemma="|-rrb-|" pos="-RRB-" wid="3">-RRB-</w>
  <w id="4" lemma="|.|" pos="." wid="4">.</w>
</sentence>
<sentence id="18">
  <w id="0" lemma="|Faithful|" pos="NNP" wid="0">Faithful</w>
  <w id="1" lemma="|to|" pos="TO" wid="1">to</w>
  <w id="2" lemma="|this|" pos="DT" wid="2">this</w>
  <w id="3" lemma="|teaching|" pos="NN" wid="3">teaching</w>
  <w id="4" lemma="|,|" pos="," wid="4">,</w>
  <w id="5" lemma="|the|" pos="DT" wid="5">the</w>
  <w id="6" lemma="|Church|" pos="NNP" wid="6">Church</w>
  <w id="7" lemma="|have|" pos="VBZ" wid="7">has</w>
  <w id="8" lemma="|always|" pos="RB" wid="8">always</w>
  <w id="9" lemma="|consider|" pos="VBN" wid="9">considered</w>
  <w id="10" lemma="|caring|" pos="NN" wid="10">caring</w>
  <w id="11" lemma="|for|" pos="IN" wid="11">for</w>
  <w id="12" lemma="|the|" pos="DT" wid="12">the</w>
  <w id="13" lemma="|sick|" pos="JJ" wid="13">sick</w>
  <w id="14" lemma="|a|" pos="DT" wid="14">an</w>
  <w id="15" lemma="|integral|" pos="JJ" wid="15">integral</w>
  <w id="16" lemma="|part|" pos="NN" wid="16">part</w>
  <w id="17" lemma="|of|" pos="IN" wid="17">of</w>
  <w id="18" lemma="|she|" pos="PRP$" wid="18">her</w>
  <w id="19" lemma="|mission|" pos="NN" wid="19">mission</w>
  <w id="20" lemma="|.|" pos="." wid="20">.</w>
</sentence>
<sentence id="19">
  <w id="0" lemma="|``|" pos="``" wid="0">``</w>
  <w id="1" lemma="|the|" pos="DT" wid="1">The</w>
  <w id="2" lemma="|poor|" pos="JJ" wid="2">poor</w>
  <w id="3" lemma="|and|" pos="CC" wid="3">and</w>
  <w id="4" lemma="|the|" pos="DT" wid="4">the</w>
  <w id="5" lemma="|suffering|" pos="NN" wid="5">suffering</w>
  <w id="6" lemma="|you|" pos="PRP" wid="6">you</w>
  <w id="7" lemma="|will|" pos="MD" wid="7">will</w>
  <w id="8" lemma="|always|" pos="RB" wid="8">always</w>
  <w id="9" lemma="|have|" pos="VB" wid="9">have</w>
  <w id="10" lemma="|with|" pos="IN" wid="10">with</w>
  <w id="11" lemma="|you|" pos="PRP" wid="11">you</w>
  <w id="12" lemma="|''|" pos="''" wid="12">''</w>
  <w id="13" lemma="|,|" pos="," wid="13">,</w>
  <w id="14" lemma="|Jesus|" pos="NNP" wid="14">Jesus</w>
  <w id="15" lemma="|admonish|" pos="VBZ" wid="15">admonishes</w>
  <w id="16" lemma="|-lrb-|" pos="-LRB-" wid="16">-LRB-</w>
  <w id="17" lemma="|cf|" pos="NN" wid="17">cf</w>
  <w id="18" lemma="|.|" pos="." wid="18">.</w>
</sentence>
<sentence id="20">
  <w id="0" lemma="|mt|" pos="FW" wid="0">Mt</w>
  <w id="1" lemma="|26:11|" pos="FW" wid="1">26:11</w>
  <w id="2" lemma="|-rrb-|" pos="-RRB-" wid="2">-RRB-</w>
  <w id="3" lemma="|,|" pos="," wid="3">,</w>
  <w id="4" lemma="|and|" pos="CC" wid="4">and</w>
  <w id="5" lemma="|the|" pos="DT" wid="5">the</w>
  <w id="6" lemma="|Church|" pos="NNP" wid="6">Church</w>
  <w id="7" lemma="|continually|" pos="RB" wid="7">continually</w>
  <w id="8" lemma="|find|" pos="VBZ" wid="8">finds</w>
  <w id="9" lemma="|they|" pos="PRP" wid="9">them</w>
  <w id="10" lemma="|along|" pos="IN" wid="10">along</w>
  <w id="11" lemma="|she|" pos="PRP$" wid="11">her</w>
  <w id="12" lemma="|path|" pos="NN" wid="12">path</w>
  <w id="13" lemma="|,|" pos="," wid="13">,</w>
  <w id="14" lemma="|consider|" pos="VBG" wid="14">considering</w>
  <w id="15" lemma="|those|" pos="DT" wid="15">those</w>
  <w id="16" lemma="|who|" pos="WP" wid="16">who</w>
  <w id="17" lemma="|be|" pos="VBP" wid="17">are</w>
  <w id="18" lemma="|sick|" pos="JJ" wid="18">sick</w>
  <w id="19" lemma="|as|" pos="IN" wid="19">as</w>
  <w id="20" lemma="|a|" pos="DT" wid="20">a</w>
  <w id="21" lemma="|privileged|" pos="JJ" wid="21">privileged</w>
  <w id="22" lemma="|way|" pos="NN" wid="22">way</w>
  <w id="23" lemma="|to|" pos="TO" wid="23">to</w>
  <w id="24" lemma="|encounter|" pos="VB" wid="24">encounter</w>
  <w id="25" lemma="|Christ|" pos="NNP" wid="25">Christ</w>
  <w id="26" lemma="|,|" pos="," wid="26">,</w>
  <w id="27" lemma="|to|" pos="TO" wid="27">to</w>
  <w id="28" lemma="|welcome|" pos="VB" wid="28">welcome</w>
  <w id="29" lemma="|and|" pos="CC" wid="29">and</w>
  <w id="30" lemma="|serve|" pos="VB" wid="30">serve</w>
  <w id="31" lemma="|he|" pos="PRP" wid="31">him</w>
  <w id="32" lemma="|.|" pos="." wid="32">.</w>
</sentence>
<sentence id="21">
  <w id="0" lemma="|to|" pos="TO" wid="0">To</w>
  <w id="1" lemma="|treat|" pos="VB" wid="1">treat</w>
  <w id="2" lemma="|the|" pos="DT" wid="2">the</w>
  <w id="3" lemma="|sick|" pos="JJ" wid="3">sick</w>
  <w id="4" lemma="|,|" pos="," wid="4">,</w>
  <w id="5" lemma="|to|" pos="TO" wid="5">to</w>
  <w id="6" lemma="|welcome|" pos="VB" wid="6">welcome</w>
  <w id="7" lemma="|they|" pos="PRP" wid="7">them</w>
  <w id="8" lemma="|,|" pos="," wid="8">,</w>
  <w id="9" lemma="|to|" pos="TO" wid="9">to</w>
  <w id="10" lemma="|serve|" pos="VB" wid="10">serve</w>
  <w id="11" lemma="|they|" pos="PRP" wid="11">them</w>
  <w id="12" lemma="|,|" pos="," wid="12">,</w>
  <w id="13" lemma="|be|" pos="VBZ" wid="13">is</w>
  <w id="14" lemma="|to|" pos="TO" wid="14">to</w>
  <w id="15" lemma="|serve|" pos="VB" wid="15">serve</w>
  <w id="16" lemma="|Christ|" pos="NNP" wid="16">Christ</w>
  <w id="17" lemma="|:|" pos=":" wid="17">:</w>
  <w id="18" lemma="|the|" pos="DT" wid="18">the</w>
  <w id="19" lemma="|sick|" pos="JJ" wid="19">sick</w>
  <w id="20" lemma="|be|" pos="VBP" wid="20">are</w>
  <w id="21" lemma="|the|" pos="DT" wid="21">the</w>
  <w id="22" lemma="|flesh|" pos="NN" wid="22">flesh</w>
  <w id="23" lemma="|of|" pos="IN" wid="23">of</w>
  <w id="24" lemma="|Christ|" pos="NNP" wid="24">Christ</w>
  <w id="25" lemma="|.|" pos="." wid="25">.</w>
</sentence>
<sentence id="22">
  <w id="0" lemma="|this|" pos="DT" wid="0">This</w>
  <w id="1" lemma="|also|" pos="RB" wid="1">also</w>
  <w id="2" lemma="|occur|" pos="VBZ" wid="2">occurs</w>
  <w id="3" lemma="|in|" pos="IN" wid="3">in</w>
  <w id="4" lemma="|we|" pos="PRP$" wid="4">our</w>
  <w id="5" lemma="|own|" pos="JJ" wid="5">own</w>
  <w id="6" lemma="|time|" pos="NN" wid="6">time</w>
  <w id="7" lemma="|,|" pos="," wid="7">,</w>
  <w id="8" lemma="|when|" pos="WRB" wid="8">when</w>
  <w id="9" lemma="|,|" pos="," wid="9">,</w>
  <w id="10" lemma="|notwithstanding|" pos="IN" wid="10">notwithstanding</w>
  <w id="11" lemma="|the|" pos="DT" wid="11">the</w>
  <w id="12" lemma="|many|" pos="JJ" wid="12">many</w>
  <w id="13" lemma="|scientific|" pos="JJ" wid="13">scientific</w>
  <w id="14" lemma="|break-through|" pos="NNS" wid="14">break-throughs</w>
  <w id="15" lemma="|,|" pos="," wid="15">,</w>
  <w id="16" lemma="|the|" pos="DT" wid="16">the</w>
  <w id="17" lemma="|interior|" pos="JJ" wid="17">interior</w>
  <w id="18" lemma="|and|" pos="CC" wid="18">and</w>
  <w id="19" lemma="|physical|" pos="JJ" wid="19">physical</w>
  <w id="20" lemma="|suffering|" pos="NN" wid="20">suffering</w>
  <w id="21" lemma="|of|" pos="IN" wid="21">of</w>
  <w id="22" lemma="|people|" pos="NNS" wid="22">people</w>
  <w id="23" lemma="|raise|" pos="VBZ" wid="23">raises</w>
  <w id="24" lemma="|serious|" pos="JJ" wid="24">serious</w>
  <w id="25" lemma="|question|" pos="NNS" wid="25">questions</w>
  <w id="26" lemma="|about|" pos="IN" wid="26">about</w>
  <w id="27" lemma="|the|" pos="DT" wid="27">the</w>
  <w id="28" lemma="|meaning|" pos="NN" wid="28">meaning</w>
  <w id="29" lemma="|of|" pos="IN" wid="29">of</w>
  <w id="30" lemma="|illness|" pos="NN" wid="30">illness</w>
  <w id="31" lemma="|and|" pos="CC" wid="31">and</w>
  <w id="32" lemma="|pain|" pos="NN" wid="32">pain</w>
  <w id="33" lemma="|,|" pos="," wid="33">,</w>
  <w id="34" lemma="|and|" pos="CC" wid="34">and</w>
  <w id="35" lemma="|about|" pos="IN" wid="35">about</w>
  <w id="36" lemma="|the|" pos="DT" wid="36">the</w>
  <w id="37" lemma="|reason|" pos="NN" wid="37">reason</w>
  <w id="38" lemma="|for|" pos="IN" wid="38">for</w>
  <w id="39" lemma="|death|" pos="NN" wid="39">death</w>
  <w id="40" lemma="|.|" pos="." wid="40">.</w>
</sentence>
<sentence id="23">
  <w id="0" lemma="|they|" pos="PRP" wid="0">They</w>
  <w id="1" lemma="|be|" pos="VBP" wid="1">are</w>
  <w id="2" lemma="|existential|" pos="JJ" wid="2">existential</w>
  <w id="3" lemma="|question|" pos="NNS" wid="3">questions</w>
  <w id="4" lemma="|,|" pos="," wid="4">,</w>
  <w id="5" lemma="|to|" pos="TO" wid="5">to</w>
  <w id="6" lemma="|which|" pos="WDT" wid="6">which</w>
  <w id="7" lemma="|the|" pos="DT" wid="7">the</w>
  <w id="8" lemma="|pastoral|" pos="JJ" wid="8">pastoral</w>
  <w id="9" lemma="|action|" pos="NN" wid="9">action</w>
  <w id="10" lemma="|of|" pos="IN" wid="10">of</w>
  <w id="11" lemma="|the|" pos="DT" wid="11">the</w>
  <w id="12" lemma="|Church|" pos="NNP" wid="12">Church</w>
  <w id="13" lemma="|must|" pos="MD" wid="13">must</w>
  <w id="14" lemma="|respond|" pos="VB" wid="14">respond</w>
  <w id="15" lemma="|with|" pos="IN" wid="15">with</w>
  <w id="16" lemma="|the|" pos="DT" wid="16">the</w>
  <w id="17" lemma="|light|" pos="NN" wid="17">light</w>
  <w id="18" lemma="|of|" pos="IN" wid="18">of</w>
  <w id="19" lemma="|faith|" pos="NN" wid="19">faith</w>
  <w id="20" lemma="|,|" pos="," wid="20">,</w>
  <w id="21" lemma="|have|" pos="VBG" wid="21">having</w>
  <w id="22" lemma="|before|" pos="IN" wid="22">before</w>
  <w id="23" lemma="|she|" pos="PRP$" wid="23">her</w>
  <w id="24" lemma="|eye|" pos="NNS" wid="24">eyes</w>
  <w id="25" lemma="|the|" pos="DT" wid="25">the</w>
  <w id="26" lemma="|Crucifixion|" pos="NNP" wid="26">Crucifixion</w>
  <w id="27" lemma="|,|" pos="," wid="27">,</w>
  <w id="28" lemma="|in|" pos="IN" wid="28">in</w>
  <w id="29" lemma="|which|" pos="WDT" wid="29">which</w>
  <w id="30" lemma="|appear|" pos="VBZ" wid="30">appears</w>
  <w id="31" lemma="|the|" pos="DT" wid="31">the</w>
  <w id="32" lemma="|whole|" pos="NN" wid="32">whole</w>
  <w id="33" lemma="|of|" pos="IN" wid="33">of</w>
  <w id="34" lemma="|the|" pos="DT" wid="34">the</w>
  <w id="35" lemma="|salvific|" pos="JJ" wid="35">salvific</w>
  <w id="36" lemma="|mystery|" pos="NN" wid="36">mystery</w>
  <w id="37" lemma="|of|" pos="IN" wid="37">of</w>
  <w id="38" lemma="|God|" pos="NNP" wid="38">God</w>
  <w id="39" lemma="|the|" pos="DT" wid="39">the</w>
  <w id="40" lemma="|Father|" pos="NNP" wid="40">Father</w>
  <w id="41" lemma="|,|" pos="," wid="41">,</w>
  <w id="42" lemma="|who|" pos="WP" wid="42">who</w>
  <w id="43" lemma="|out|" pos="IN" wid="43">out</w>
  <w id="44" lemma="|of|" pos="IN" wid="44">of</w>
  <w id="45" lemma="|love|" pos="NN" wid="45">love</w>
  <w id="46" lemma="|for|" pos="IN" wid="46">for</w>
  <w id="47" lemma="|human|" pos="JJ" wid="47">human</w>
  <w id="48" lemma="|being|" pos="NNS" wid="48">beings</w>
  <w id="49" lemma="|do|" pos="VBD" wid="49">did</w>
  <w id="50" lemma="|not|" pos="RB" wid="50">not</w>
  <w id="51" lemma="|spare|" pos="VB" wid="51">spare</w>
  <w id="52" lemma="|he|" pos="PRP$" wid="52">his</w>
  <w id="53" lemma="|own|" pos="JJ" wid="53">own</w>
  <w id="54" lemma="|Son|" pos="NNP" wid="54">Son</w>
  <w id="55" lemma="|-lrb-|" pos="-LRB-" wid="55">-LRB-</w>
  <w id="56" lemma="|cf|" pos="FW" wid="56">cf</w>
  <w id="57" lemma="|.|" pos="." wid="57">.</w>
</sentence>
<sentence id="24">
  <w id="0" lemma="|rm|" pos="NN" wid="0">Rm</w>
  <w id="1" lemma="|8:32|" pos="CD" wid="1">8:32</w>
  <w id="2" lemma="|-rrb-|" pos="-RRB-" wid="2">-RRB-</w>
  <w id="3" lemma="|.|" pos="." wid="3">.</w>
</sentence>
<sentence id="25">
  <w id="0" lemma="|therefore|" pos="RB" wid="0">Therefore</w>
  <w id="1" lemma="|,|" pos="," wid="1">,</w>
  <w id="2" lemma="|each|" pos="DT" wid="2">each</w>
  <w id="3" lemma="|one|" pos="CD" wid="3">one</w>
  <w id="4" lemma="|of|" pos="IN" wid="4">of</w>
  <w id="5" lemma="|we|" pos="PRP" wid="5">us</w>
  <w id="6" lemma="|be|" pos="VBZ" wid="6">is</w>
  <w id="7" lemma="|call|" pos="VBN" wid="7">called</w>
  <w id="8" lemma="|to|" pos="TO" wid="8">to</w>
  <w id="9" lemma="|bear|" pos="VB" wid="9">bear</w>
  <w id="10" lemma="|the|" pos="DT" wid="10">the</w>
  <w id="11" lemma="|light|" pos="NN" wid="11">light</w>
  <w id="12" lemma="|of|" pos="IN" wid="12">of</w>
  <w id="13" lemma="|the|" pos="DT" wid="13">the</w>
  <w id="14" lemma="|word|" pos="NN" wid="14">Word</w>
  <w id="15" lemma="|of|" pos="IN" wid="15">of</w>
  <w id="16" lemma="|God|" pos="NNP" wid="16">God</w>
  <w id="17" lemma="|and|" pos="CC" wid="17">and</w>
  <w id="18" lemma="|the|" pos="DT" wid="18">the</w>
  <w id="19" lemma="|power|" pos="NN" wid="19">power</w>
  <w id="20" lemma="|of|" pos="IN" wid="20">of</w>
  <w id="21" lemma="|grace|" pos="NN" wid="21">grace</w>
  <w id="22" lemma="|to|" pos="TO" wid="22">to</w>
  <w id="23" lemma="|those|" pos="DT" wid="23">those</w>
  <w id="24" lemma="|who|" pos="WP" wid="24">who</w>
  <w id="25" lemma="|suffer|" pos="VBP" wid="25">suffer</w>
  <w id="26" lemma="|,|" pos="," wid="26">,</w>
  <w id="27" lemma="|and|" pos="CC" wid="27">and</w>
  <w id="28" lemma="|to|" pos="TO" wid="28">to</w>
  <w id="29" lemma="|those|" pos="DT" wid="29">those</w>
  <w id="30" lemma="|who|" pos="WP" wid="30">who</w>
  <w id="31" lemma="|assist|" pos="VBP" wid="31">assist</w>
  <w id="32" lemma="|they|" pos="PRP" wid="32">them</w>
  <w id="33" lemma="|--|" pos=":" wid="33">--</w>
  <w id="34" lemma="|family|" pos="NN" wid="34">family</w>
  <w id="35" lemma="|,|" pos="," wid="35">,</w>
  <w id="36" lemma="|doctor|" pos="NNS" wid="36">doctors</w>
  <w id="37" lemma="|,|" pos="," wid="37">,</w>
  <w id="38" lemma="|nurse|" pos="NNS" wid="38">nurses</w>
  <w id="39" lemma="|--|" pos=":" wid="39">--</w>
  <w id="40" lemma="|so|" pos="IN" wid="40">so</w>
  <w id="41" lemma="|that|" pos="IN" wid="41">that</w>
  <w id="42" lemma="|the|" pos="DT" wid="42">the</w>
  <w id="43" lemma="|service|" pos="NN" wid="43">service</w>
  <w id="44" lemma="|to|" pos="TO" wid="44">to</w>
  <w id="45" lemma="|the|" pos="DT" wid="45">the</w>
  <w id="46" lemma="|sick|" pos="JJ" wid="46">sick</w>
  <w id="47" lemma="|might|" pos="MD" wid="47">might</w>
  <w id="48" lemma="|always|" pos="RB" wid="48">always</w>
  <w id="49" lemma="|be|" pos="VB" wid="49">be</w>
  <w id="50" lemma="|better|" pos="RBR" wid="50">better</w>
  <w id="51" lemma="|accomplish|" pos="VBN" wid="51">accomplished</w>
  <w id="52" lemma="|with|" pos="IN" wid="52">with</w>
  <w id="53" lemma="|more|" pos="JJR" wid="53">more</w>
  <w id="54" lemma="|humanity|" pos="NN" wid="54">humanity</w>
  <w id="55" lemma="|,|" pos="," wid="55">,</w>
  <w id="56" lemma="|with|" pos="IN" wid="56">with</w>
  <w id="57" lemma="|generous|" pos="JJ" wid="57">generous</w>
  <w id="58" lemma="|dedication|" pos="NN" wid="58">dedication</w>
  <w id="59" lemma="|,|" pos="," wid="59">,</w>
  <w id="60" lemma="|with|" pos="IN" wid="60">with</w>
  <w id="61" lemma="|evangelical|" pos="JJ" wid="61">evangelical</w>
  <w id="62" lemma="|love|" pos="NN" wid="62">love</w>
  <w id="63" lemma="|,|" pos="," wid="63">,</w>
  <w id="64" lemma="|with|" pos="IN" wid="64">with</w>
  <w id="65" lemma="|tenderness|" pos="NN" wid="65">tenderness</w>
  <w id="66" lemma="|.|" pos="." wid="66">.</w>
</sentence>
<sentence id="26">
  <w id="0" lemma="|Mother|" pos="NNP" wid="0">Mother</w>
  <w id="1" lemma="|Church|" pos="NNP" wid="1">Church</w>
  <w id="2" lemma="|,|" pos="," wid="2">,</w>
  <w id="3" lemma="|through|" pos="IN" wid="3">through</w>
  <w id="4" lemma="|we|" pos="PRP$" wid="4">our</w>
  <w id="5" lemma="|hand|" pos="NNS" wid="5">hands</w>
  <w id="6" lemma="|,|" pos="," wid="6">,</w>
  <w id="7" lemma="|caress|" pos="VBZ" wid="7">caresses</w>
  <w id="8" lemma="|we|" pos="PRP$" wid="8">our</w>
  <w id="9" lemma="|suffering|" pos="NN" wid="9">suffering</w>
  <w id="10" lemma="|and|" pos="CC" wid="10">and</w>
  <w id="11" lemma="|treat|" pos="VBZ" wid="11">treats</w>
  <w id="12" lemma="|we|" pos="PRP$" wid="12">our</w>
  <w id="13" lemma="|wound|" pos="NNS" wid="13">wounds</w>
  <w id="14" lemma="|,|" pos="," wid="14">,</w>
  <w id="15" lemma="|and|" pos="CC" wid="15">and</w>
  <w id="16" lemma="|do|" pos="VBZ" wid="16">does</w>
  <w id="17" lemma="|so|" pos="RB" wid="17">so</w>
  <w id="18" lemma="|with|" pos="IN" wid="18">with</w>
  <w id="19" lemma="|the|" pos="DT" wid="19">the</w>
  <w id="20" lemma="|tenderness|" pos="NN" wid="20">tenderness</w>
  <w id="21" lemma="|of|" pos="IN" wid="21">of</w>
  <w id="22" lemma="|a|" pos="DT" wid="22">a</w>
  <w id="23" lemma="|mother|" pos="NN" wid="23">mother</w>
  <w id="24" lemma="|.|" pos="." wid="24">.</w>
</sentence>
<sentence id="27">
  <w id="0" lemma="|let|" pos="VB" wid="0">Let</w>
  <w id="1" lemma="|we|" pos="PRP" wid="1">us</w>
  <w id="2" lemma="|pray|" pos="VB" wid="2">pray</w>
  <w id="3" lemma="|to|" pos="TO" wid="3">to</w>
  <w id="4" lemma="|Mary|" pos="NNP" wid="4">Mary</w>
  <w id="5" lemma="|,|" pos="," wid="5">,</w>
  <w id="6" lemma="|Health|" pos="NNP" wid="6">Health</w>
  <w id="7" lemma="|of|" pos="IN" wid="7">of</w>
  <w id="8" lemma="|the|" pos="DT" wid="8">the</w>
  <w id="9" lemma="|Sick|" pos="NNP" wid="9">Sick</w>
  <w id="10" lemma="|,|" pos="," wid="10">,</w>
  <w id="11" lemma="|that|" pos="IN" wid="11">that</w>
  <w id="12" lemma="|every|" pos="DT" wid="12">every</w>
  <w id="13" lemma="|person|" pos="NN" wid="13">person</w>
  <w id="14" lemma="|who|" pos="WP" wid="14">who</w>
  <w id="15" lemma="|be|" pos="VBZ" wid="15">is</w>
  <w id="16" lemma="|sick|" pos="JJ" wid="16">sick</w>
  <w id="17" lemma="|might|" pos="NN" wid="17">might</w>
  <w id="18" lemma="|experience|" pos="NN" wid="18">experience</w>
  <w id="19" lemma="|,|" pos="," wid="19">,</w>
  <w id="20" lemma="|thanks|" pos="NNS" wid="20">thanks</w>
  <w id="21" lemma="|to|" pos="TO" wid="21">to</w>
  <w id="22" lemma="|the|" pos="DT" wid="22">the</w>
  <w id="23" lemma="|care|" pos="NN" wid="23">care</w>
  <w id="24" lemma="|of|" pos="IN" wid="24">of</w>
  <w id="25" lemma="|those|" pos="DT" wid="25">those</w>
  <w id="26" lemma="|who|" pos="WP" wid="26">who</w>
  <w id="27" lemma="|be|" pos="VBP" wid="27">are</w>
  <w id="28" lemma="|close|" pos="JJ" wid="28">close</w>
  <w id="29" lemma="|to|" pos="TO" wid="29">to</w>
  <w id="30" lemma="|they|" pos="PRP" wid="30">them</w>
  <w id="31" lemma="|,|" pos="," wid="31">,</w>
  <w id="32" lemma="|the|" pos="DT" wid="32">the</w>
  <w id="33" lemma="|power|" pos="NN" wid="33">power</w>
  <w id="34" lemma="|of|" pos="IN" wid="34">of</w>
  <w id="35" lemma="|God|" pos="NNP" wid="35">God</w>
  <w id="36" lemma="|'s|" pos="POS" wid="36">'s</w>
  <w id="37" lemma="|love|" pos="NN" wid="37">love</w>
  <w id="38" lemma="|and|" pos="CC" wid="38">and</w>
  <w id="39" lemma="|the|" pos="DT" wid="39">the</w>
  <w id="40" lemma="|comfort|" pos="NN" wid="40">comfort</w>
  <w id="41" lemma="|of|" pos="IN" wid="41">of</w>
  <w id="42" lemma="|she|" pos="PRP$" wid="42">her</w>
  <w id="43" lemma="|maternal|" pos="JJ" wid="43">maternal</w>
  <w id="44" lemma="|tenderness|" pos="NN" wid="44">tenderness</w>
  <w id="45" lemma="|.|" pos="." wid="45">.</w>
</sentence>
<sentence id="28">
  <w id="0" lemma="|after|" pos="IN" wid="0">After</w>
  <w id="1" lemma="|the|" pos="DT" wid="1">the</w>
  <w id="2" lemma="|Angelus|" pos="NNP" wid="2">Angelus</w>
  <w id="3" lemma="|:|" pos=":" wid="3">:</w>
  <w id="4" lemma="|Dear|" pos="NNP" wid="4">Dear</w>
  <w id="5" lemma="|brother|" pos="NNS" wid="5">brothers</w>
  <w id="6" lemma="|and|" pos="CC" wid="6">and</w>
  <w id="7" lemma="|sister|" pos="NNS" wid="7">sisters</w>
  <w id="8" lemma="|,|" pos="," wid="8">,</w>
  <w id="9" lemma="|today|" pos="NN" wid="9">today</w>
  <w id="10" lemma="|,|" pos="," wid="10">,</w>
  <w id="11" lemma="|8|" pos="CD" wid="11">8</w>
  <w id="12" lemma="|February|" pos="NNP" wid="12">February</w>
  <w id="13" lemma="|,|" pos="," wid="13">,</w>
  <w id="14" lemma="|be|" pos="VBZ" wid="14">is</w>
  <w id="15" lemma="|the|" pos="DT" wid="15">the</w>
  <w id="16" lemma="|Feast|" pos="NNP" wid="16">Feast</w>
  <w id="17" lemma="|of|" pos="IN" wid="17">of</w>
  <w id="18" lemma="|St|" pos="NNP" wid="18">St</w>
  <w id="19" lemma="|Josephine|" pos="NNP" wid="19">Josephine</w>
  <w id="20" lemma="|Bakhita|" pos="NNP" wid="20">Bakhita</w>
  <w id="21" lemma="|,|" pos="," wid="21">,</w>
  <w id="22" lemma="|a|" pos="DT" wid="22">a</w>
  <w id="23" lemma="|sudanese|" pos="JJ" wid="23">Sudanese</w>
  <w id="24" lemma="|nun|" pos="NN" wid="24">nun</w>
  <w id="25" lemma="|,|" pos="," wid="25">,</w>
  <w id="26" lemma="|who|" pos="WP" wid="26">who</w>
  <w id="27" lemma="|as|" pos="IN" wid="27">as</w>
  <w id="28" lemma="|a|" pos="DT" wid="28">a</w>
  <w id="29" lemma="|child|" pos="NN" wid="29">child</w>
  <w id="30" lemma="|have|" pos="VBD" wid="30">had</w>
  <w id="31" lemma="|the|" pos="DT" wid="31">the</w>
  <w id="32" lemma="|traumatic|" pos="JJ" wid="32">traumatic</w>
  <w id="33" lemma="|experience|" pos="NN" wid="33">experience</w>
  <w id="34" lemma="|of|" pos="IN" wid="34">of</w>
  <w id="35" lemma="|be|" pos="VBG" wid="35">being</w>
  <w id="36" lemma="|a|" pos="DT" wid="36">a</w>
  <w id="37" lemma="|victim|" pos="NN" wid="37">victim</w>
  <w id="38" lemma="|of|" pos="IN" wid="38">of</w>
  <w id="39" lemma="|human|" pos="JJ" wid="39">human</w>
  <w id="40" lemma="|trafficking|" pos="NN" wid="40">trafficking</w>
  <w id="41" lemma="|.|" pos="." wid="41">.</w>
</sentence>
<sentence id="29">
  <w id="0" lemma="|the|" pos="DT" wid="0">The</w>
  <w id="1" lemma="|union|" pos="NNS" wid="1">Unions</w>
  <w id="2" lemma="|of|" pos="IN" wid="2">of</w>
  <w id="3" lemma="|Superiors|" pos="NNP" wid="3">Superiors</w>
  <w id="4" lemma="|and|" pos="CC" wid="4">and</w>
  <w id="5" lemma="|Superiors|" pos="NNP" wid="5">Superiors</w>
  <w id="6" lemma="|General|" pos="NNP" wid="6">General</w>
  <w id="7" lemma="|of|" pos="IN" wid="7">of</w>
  <w id="8" lemma="|Religious|" pos="NNP" wid="8">Religious</w>
  <w id="9" lemma="|Institutes|" pos="NNP" wid="9">Institutes</w>
  <w id="10" lemma="|have|" pos="VBP" wid="10">have</w>
  <w id="11" lemma="|organize|" pos="VBN" wid="11">organized</w>
  <w id="12" lemma="|the|" pos="DT" wid="12">the</w>
  <w id="13" lemma="|day|" pos="NN" wid="13">Day</w>
  <w id="14" lemma="|of|" pos="IN" wid="14">of</w>
  <w id="15" lemma="|prayer|" pos="NN" wid="15">Prayer</w>
  <w id="16" lemma="|and|" pos="CC" wid="16">and</w>
  <w id="17" lemma="|awareness|" pos="NN" wid="17">Awareness</w>
  <w id="18" lemma="|against|" pos="IN" wid="18">against</w>
  <w id="19" lemma="|human|" pos="JJ" wid="19">Human</w>
  <w id="20" lemma="|trafficking|" pos="NN" wid="20">Trafficking</w>
  <w id="21" lemma="|.|" pos="." wid="21">.</w>
</sentence>
<sentence id="30">
  <w id="0" lemma="|I|" pos="PRP" wid="0">I</w>
  <w id="1" lemma="|encourage|" pos="VBP" wid="1">encourage</w>
  <w id="2" lemma="|those|" pos="DT" wid="2">those</w>
  <w id="3" lemma="|who|" pos="WP" wid="3">who</w>
  <w id="4" lemma="|work|" pos="VBP" wid="4">work</w>
  <w id="5" lemma="|help|" pos="VBG" wid="5">helping</w>
  <w id="6" lemma="|the|" pos="DT" wid="6">the</w>
  <w id="7" lemma="|man|" pos="NNS" wid="7">men</w>
  <w id="8" lemma="|,|" pos="," wid="8">,</w>
  <w id="9" lemma="|woman|" pos="NNS" wid="9">women</w>
  <w id="10" lemma="|and|" pos="CC" wid="10">and</w>
  <w id="11" lemma="|child|" pos="NNS" wid="11">children</w>
  <w id="12" lemma="|who|" pos="WP" wid="12">who</w>
  <w id="13" lemma="|be|" pos="VBP" wid="13">are</w>
  <w id="14" lemma="|enslave|" pos="VBN" wid="14">enslaved</w>
  <w id="15" lemma="|,|" pos="," wid="15">,</w>
  <w id="16" lemma="|exploit|" pos="VBN" wid="16">exploited</w>
  <w id="17" lemma="|,|" pos="," wid="17">,</w>
  <w id="18" lemma="|abuse|" pos="VBN" wid="18">abused</w>
  <w id="19" lemma="|as|" pos="IN" wid="19">as</w>
  <w id="20" lemma="|instrument|" pos="NNS" wid="20">instruments</w>
  <w id="21" lemma="|of|" pos="IN" wid="21">of</w>
  <w id="22" lemma="|work|" pos="NN" wid="22">work</w>
  <w id="23" lemma="|or|" pos="CC" wid="23">or</w>
  <w id="24" lemma="|pleasure|" pos="NN" wid="24">pleasure</w>
  <w id="25" lemma="|,|" pos="," wid="25">,</w>
  <w id="26" lemma="|who|" pos="WP" wid="26">who</w>
  <w id="27" lemma="|be|" pos="VBP" wid="27">are</w>
  <w id="28" lemma="|often|" pos="RB" wid="28">often</w>
  <w id="29" lemma="|tortured|" pos="JJ" wid="29">tortured</w>
  <w id="30" lemma="|and|" pos="CC" wid="30">and</w>
  <w id="31" lemma="|mutilate|" pos="VBN" wid="31">mutilated</w>
  <w id="32" lemma="|.|" pos="." wid="32">.</w>
</sentence>
<sentence id="31">
  <w id="0" lemma="|it|" pos="PRP" wid="0">It</w>
  <w id="1" lemma="|be|" pos="VBZ" wid="1">is</w>
  <w id="2" lemma="|my|" pos="PRP$" wid="2">my</w>
  <w id="3" lemma="|hope|" pos="NN" wid="3">hope</w>
  <w id="4" lemma="|that|" pos="IN" wid="4">that</w>
  <w id="5" lemma="|government|" pos="NN" wid="5">government</w>
  <w id="6" lemma="|leader|" pos="NNS" wid="6">leaders</w>
  <w id="7" lemma="|may|" pos="MD" wid="7">may</w>
  <w id="8" lemma="|work|" pos="VB" wid="8">work</w>
  <w id="9" lemma="|decisively|" pos="RB" wid="9">decisively</w>
  <w id="10" lemma="|to|" pos="TO" wid="10">to</w>
  <w id="11" lemma="|remove|" pos="VB" wid="11">remove</w>
  <w id="12" lemma="|the|" pos="DT" wid="12">the</w>
  <w id="13" lemma="|cause|" pos="NNS" wid="13">causes</w>
  <w id="14" lemma="|of|" pos="IN" wid="14">of</w>
  <w id="15" lemma="|this|" pos="DT" wid="15">this</w>
  <w id="16" lemma="|disgraceful|" pos="JJ" wid="16">disgraceful</w>
  <w id="17" lemma="|scourge|" pos="NN" wid="17">scourge</w>
  <w id="18" lemma="|,|" pos="," wid="18">,</w>
  <w id="19" lemma="|it|" pos="PRP" wid="19">it</w>
  <w id="20" lemma="|be|" pos="VBZ" wid="20">is</w>
  <w id="21" lemma="|a|" pos="DT" wid="21">a</w>
  <w id="22" lemma="|scourge|" pos="NN" wid="22">scourge</w>
  <w id="23" lemma="|unworthy|" pos="NN" wid="23">unworthy</w>
  <w id="24" lemma="|of|" pos="IN" wid="24">of</w>
  <w id="25" lemma="|society|" pos="NN" wid="25">society</w>
  <w id="26" lemma="|.|" pos="." wid="26">.</w>
</sentence>
<sentence id="32">
  <w id="0" lemma="|May|" pos="NNP" wid="0">May</w>
  <w id="1" lemma="|each|" pos="DT" wid="1">each</w>
  <w id="2" lemma="|one|" pos="CD" wid="2">one</w>
  <w id="3" lemma="|of|" pos="IN" wid="3">of</w>
  <w id="4" lemma="|we|" pos="PRP" wid="4">us</w>
  <w id="5" lemma="|feel|" pos="VBP" wid="5">feel</w>
  <w id="6" lemma="|commit|" pos="VBN" wid="6">committed</w>
  <w id="7" lemma="|to|" pos="TO" wid="7">to</w>
  <w id="8" lemma="|be|" pos="VBG" wid="8">being</w>
  <w id="9" lemma="|a|" pos="DT" wid="9">a</w>
  <w id="10" lemma="|voice|" pos="NN" wid="10">voice</w>
  <w id="11" lemma="|for|" pos="IN" wid="11">for</w>
  <w id="12" lemma="|we|" pos="PRP$" wid="12">our</w>
  <w id="13" lemma="|brother|" pos="NNS" wid="13">brothers</w>
  <w id="14" lemma="|and|" pos="CC" wid="14">and</w>
  <w id="15" lemma="|sister|" pos="NNS" wid="15">sisters</w>
  <w id="16" lemma="|,|" pos="," wid="16">,</w>
  <w id="17" lemma="|who|" pos="WP" wid="17">who</w>
  <w id="18" lemma="|have|" pos="VBP" wid="18">have</w>
  <w id="19" lemma="|be|" pos="VBN" wid="19">been</w>
  <w id="20" lemma="|humiliate|" pos="VBN" wid="20">humiliated</w>
  <w id="21" lemma="|in|" pos="IN" wid="21">in</w>
  <w id="22" lemma="|they|" pos="PRP$" wid="22">their</w>
  <w id="23" lemma="|dignity|" pos="NN" wid="23">dignity</w>
  <w id="24" lemma="|.|" pos="." wid="24">.</w>
</sentence>
<sentence id="33">
  <w id="0" lemma="|let|" pos="VB" wid="0">Let</w>
  <w id="1" lemma="|we|" pos="PRP" wid="1">us</w>
  <w id="2" lemma="|all|" pos="DT" wid="2">all</w>
  <w id="3" lemma="|pray|" pos="NN" wid="3">pray</w>
  <w id="4" lemma="|to|" pos="TO" wid="4">to</w>
  <w id="5" lemma="|Our|" pos="NNP" wid="5">Our</w>
  <w id="6" lemma="|Lady|" pos="NNP" wid="6">Lady</w>
  <w id="7" lemma="|for|" pos="IN" wid="7">for</w>
  <w id="8" lemma="|they|" pos="PRP" wid="8">them</w>
  <w id="9" lemma="|and|" pos="CC" wid="9">and</w>
  <w id="10" lemma="|for|" pos="IN" wid="10">for</w>
  <w id="11" lemma="|they|" pos="PRP$" wid="11">their</w>
  <w id="12" lemma="|family|" pos="NN" wid="12">family</w>
  <w id="13" lemma="|member|" pos="NNS" wid="13">members</w>
  <w id="14" lemma="|.|" pos="." wid="14">.</w>
</sentence>
<sentence id="34">
  <w id="0" lemma="|-lsb-|" pos="-LRB-" wid="0">-LSB-</w>
  <w id="1" lemma="|Hail|" pos="NNP" wid="1">Hail</w>
  <w id="2" lemma="|Mary|" pos="NNP" wid="2">Mary</w>
  <w id="3" lemma="|...|" pos=":" wid="3">...</w>
  <w id="4" lemma="|-rsb-|" pos="-RRB-" wid="4">-RSB-</w>
  <w id="5" lemma="|I|" pos="PRP" wid="5">I</w>
  <w id="6" lemma="|wish|" pos="VBP" wid="6">wish</w>
  <w id="7" lemma="|everyone|" pos="NN" wid="7">everyone</w>
  <w id="8" lemma="|a|" pos="DT" wid="8">a</w>
  <w id="9" lemma="|happy|" pos="JJ" wid="9">happy</w>
  <w id="10" lemma="|Sunday|" pos="NNP" wid="10">Sunday</w>
  <w id="11" lemma="|.|" pos="." wid="11">.</w>
</sentence>
<sentence id="35">
  <w id="0" lemma="|please|" pos="VB" wid="0">Please</w>
  <w id="1" lemma="|do|" pos="VBP" wid="1">do</w>
  <w id="2" lemma="|not|" pos="RB" wid="2">not</w>
  <w id="3" lemma="|forget|" pos="VB" wid="3">forget</w>
  <w id="4" lemma="|to|" pos="TO" wid="4">to</w>
  <w id="5" lemma="|pray|" pos="VB" wid="5">pray</w>
  <w id="6" lemma="|for|" pos="IN" wid="6">for</w>
  <w id="7" lemma="|I|" pos="PRP" wid="7">me</w>
  <w id="8" lemma="|.|" pos="." wid="8">.</w>
</sentence>
<sentence id="36">
  <w id="0" lemma="|have|" pos="VBP" wid="0">Have</w>
  <w id="1" lemma="|a|" pos="DT" wid="1">a</w>
  <w id="2" lemma="|good|" pos="JJ" wid="2">good</w>
  <w id="3" lemma="|lunch|" pos="NN" wid="3">lunch</w>
  <w id="4" lemma="|and|" pos="CC" wid="4">and</w>
  <w id="5" lemma="|arrivedercus|" pos="NNS" wid="5">arrivederci</w>
  <w id="6" lemma="|!|" pos="." wid="6">!</w>
</sentence>
</corpus>