<corpus id="0">
<sentence id="0">
  <w id="0" lemma="|Photo|" pos="NNP" wid="0">Photo</w>
  <w id="1" lemma="|Gallery|" pos="NNP" wid="1">Gallery</w>
  <w id="2" lemma="|Indications|" pos="NNPS" wid="2">Indications</w>
  <w id="3" lemma="|Video|" pos="NNP" wid="3">Video</w>
  <w id="4" lemma="|message|" pos="NN" wid="4">message</w>
  <w id="5" lemma="|of|" pos="IN" wid="5">of</w>
  <w id="6" lemma="|the|" pos="DT" wid="6">the</w>
  <w id="7" lemma="|Holy|" pos="NNP" wid="7">Holy</w>
  <w id="8" lemma="|Father|" pos="NNP" wid="8">Father</w>
  <w id="9" lemma="|at|" pos="IN" wid="9">at</w>
  <w id="10" lemma="|the|" pos="DT" wid="10">the</w>
  <w id="11" lemma="|vigil|" pos="NN" wid="11">vigil</w>
  <w id="12" lemma="|of|" pos="IN" wid="12">of</w>
  <w id="13" lemma="|he|" pos="PRP$" wid="13">his</w>
  <w id="14" lemma="|journey|" pos="NN" wid="14">journey</w>
  <w id="15" lemma="|Multimedia|" pos="NNP" wid="15">Multimedia</w>
  <w id="16" lemma="|7:30|" pos="CD" wid="16">7:30</w>
  <w id="17" lemma="|departure|" pos="NN" wid="17">Departure</w>
  <w id="18" lemma="|from|" pos="IN" wid="18">from</w>
  <w id="19" lemma="|Rome|" pos="NNP" wid="19">Rome</w>
  <w id="20" lemma="|'s|" pos="POS" wid="20">'s</w>
  <w id="21" lemma="|Fiumicino|" pos="NNP" wid="21">Fiumicino</w>
  <w id="22" lemma="|airport|" pos="NN" wid="22">airport</w>
  <w id="23" lemma="|for|" pos="IN" wid="23">for</w>
  <w id="24" lemma="|Sarajevo|" pos="NNP" wid="24">Sarajevo</w>
  <w id="25" lemma="|Greeting|" pos="NNP" wid="25">Greeting</w>
  <w id="26" lemma="|to|" pos="TO" wid="26">to</w>
  <w id="27" lemma="|journalist|" pos="NNS" wid="27">journalists</w>
  <w id="28" lemma="|during|" pos="IN" wid="28">during</w>
  <w id="29" lemma="|the|" pos="DT" wid="29">the</w>
  <w id="30" lemma="|flight|" pos="NN" wid="30">flight</w>
  <w id="31" lemma="|to|" pos="TO" wid="31">to</w>
  <w id="32" lemma="|Sarajevo|" pos="NNP" wid="32">Sarajevo</w>
  <w id="33" lemma="|-lsb-|" pos="-LRB-" wid="33">-LSB-</w>
  <w id="34" lemma="|German|" pos="NNP" wid="34">German</w>
  <w id="35" lemma="|,|" pos="," wid="35">,</w>
  <w id="36" lemma="|Italian|" pos="NNP" wid="36">Italian</w>
  <w id="37" lemma="|-rsb-|" pos="-RRB-" wid="37">-RSB-</w>
  <w id="38" lemma="|9:00|" pos="CD" wid="38">9:00</w>
  <w id="39" lemma="|Official|" pos="NNP" wid="39">Official</w>
  <w id="40" lemma="|welcome|" pos="VBG" wid="40">welcoming</w>
  <w id="41" lemma="|at|" pos="IN" wid="41">at</w>
  <w id="42" lemma="|the|" pos="DT" wid="42">the</w>
  <w id="43" lemma="|international|" pos="JJ" wid="43">international</w>
  <w id="44" lemma="|airport|" pos="NN" wid="44">airport</w>
  <w id="45" lemma="|of|" pos="IN" wid="45">of</w>
  <w id="46" lemma="|Sarajevo|" pos="NNP" wid="46">Sarajevo</w>
  <w id="47" lemma="|9:30|" pos="CD" wid="47">9:30</w>
  <w id="48" lemma="|Welcoming|" pos="NNP" wid="48">Welcoming</w>
  <w id="49" lemma="|ceremony|" pos="NN" wid="49">ceremony</w>
  <w id="50" lemma="|in|" pos="IN" wid="50">in</w>
  <w id="51" lemma="|the|" pos="DT" wid="51">the</w>
  <w id="52" lemma="|square|" pos="NN" wid="52">square</w>
  <w id="53" lemma="|in|" pos="IN" wid="53">in</w>
  <w id="54" lemma="|front|" pos="NN" wid="54">front</w>
  <w id="55" lemma="|of|" pos="IN" wid="55">of</w>
  <w id="56" lemma="|the|" pos="DT" wid="56">the</w>
  <w id="57" lemma="|Presidential|" pos="NNP" wid="57">Presidential</w>
  <w id="58" lemma="|Palace|" pos="NNP" wid="58">Palace</w>
  <w id="59" lemma="|Courtesy|" pos="NNP" wid="59">Courtesy</w>
  <w id="60" lemma="|visit|" pos="NN" wid="60">visit</w>
  <w id="61" lemma="|to|" pos="TO" wid="61">to</w>
  <w id="62" lemma="|the|" pos="DT" wid="62">the</w>
  <w id="63" lemma="|President|" pos="NNP" wid="63">President</w>
  <w id="64" lemma="|of|" pos="IN" wid="64">of</w>
  <w id="65" lemma="|the|" pos="DT" wid="65">the</w>
  <w id="66" lemma="|Republic|" pos="NNP" wid="66">Republic</w>
  <w id="67" lemma="|in|" pos="IN" wid="67">in</w>
  <w id="68" lemma="|the|" pos="DT" wid="68">the</w>
  <w id="69" lemma="|Presidential|" pos="NNP" wid="69">Presidential</w>
  <w id="70" lemma="|Palace|" pos="NNP" wid="70">Palace</w>
  <w id="71" lemma="|10:10|" pos="CD" wid="71">10:10</w>
  <w id="72" lemma="|meet|" pos="VBG" wid="72">Meeting</w>
  <w id="73" lemma="|with|" pos="IN" wid="73">with</w>
  <w id="74" lemma="|Authorities|" pos="NNP" wid="74">Authorities</w>
  <w id="75" lemma="|and|" pos="CC" wid="75">and</w>
  <w id="76" lemma="|the|" pos="DT" wid="76">the</w>
  <w id="77" lemma="|Diplomatic|" pos="NNP" wid="77">Diplomatic</w>
  <w id="78" lemma="|Corps|" pos="NNP" wid="78">Corps</w>
  <w id="79" lemma="|-lsb-|" pos="-LRB-" wid="79">-LSB-</w>
  <w id="80" lemma="|Arabic|" pos="NNP" wid="80">Arabic</w>
  <w id="81" lemma="|,|" pos="," wid="81">,</w>
  <w id="82" lemma="|Croatian|" pos="NNP" wid="82">Croatian</w>
  <w id="83" lemma="|,|" pos="," wid="83">,</w>
  <w id="84" lemma="|English|" pos="NNP" wid="84">English</w>
  <w id="85" lemma="|,|" pos="," wid="85">,</w>
  <w id="86" lemma="|French|" pos="NNP" wid="86">French</w>
  <w id="87" lemma="|,|" pos="," wid="87">,</w>
  <w id="88" lemma="|German|" pos="NNP" wid="88">German</w>
  <w id="89" lemma="|,|" pos="," wid="89">,</w>
  <w id="90" lemma="|Italian|" pos="NNP" wid="90">Italian</w>
  <w id="91" lemma="|,|" pos="," wid="91">,</w>
  <w id="92" lemma="|Polish|" pos="NNP" wid="92">Polish</w>
  <w id="93" lemma="|,|" pos="," wid="93">,</w>
  <w id="94" lemma="|Portuguese|" pos="NNP" wid="94">Portuguese</w>
  <w id="95" lemma="|,|" pos="," wid="95">,</w>
  <w id="96" lemma="|Spanish|" pos="NNP" wid="96">Spanish</w>
  <w id="97" lemma="|-rsb-|" pos="-RRB-" wid="97">-RSB-</w>
  <w id="98" lemma="|11:00|" pos="CD" wid="98">11:00</w>
  <w id="99" lemma="|Holy|" pos="NNP" wid="99">Holy</w>
  <w id="100" lemma="|Mass|" pos="NNP" wid="100">Mass</w>
  <w id="101" lemma="|at|" pos="IN" wid="101">at</w>
  <w id="102" lemma="|Koševo|" pos="NNP" wid="102">Koševo</w>
  <w id="103" lemma="|Stadium|" pos="NNP" wid="103">Stadium</w>
  <w id="104" lemma="|-lsb-|" pos="-LRB-" wid="104">-LSB-</w>
  <w id="105" lemma="|Arabic|" pos="NNP" wid="105">Arabic</w>
  <w id="106" lemma="|,|" pos="," wid="106">,</w>
  <w id="107" lemma="|Croatian|" pos="NNP" wid="107">Croatian</w>
  <w id="108" lemma="|,|" pos="," wid="108">,</w>
  <w id="109" lemma="|English|" pos="NNP" wid="109">English</w>
  <w id="110" lemma="|,|" pos="," wid="110">,</w>
  <w id="111" lemma="|French|" pos="NNP" wid="111">French</w>
  <w id="112" lemma="|,|" pos="," wid="112">,</w>
  <w id="113" lemma="|German|" pos="NNP" wid="113">German</w>
  <w id="114" lemma="|,|" pos="," wid="114">,</w>
  <w id="115" lemma="|Italian|" pos="NNP" wid="115">Italian</w>
  <w id="116" lemma="|,|" pos="," wid="116">,</w>
  <w id="117" lemma="|Polish|" pos="NNP" wid="117">Polish</w>
  <w id="118" lemma="|,|" pos="," wid="118">,</w>
  <w id="119" lemma="|Portuguese|" pos="NNP" wid="119">Portuguese</w>
  <w id="120" lemma="|,|" pos="," wid="120">,</w>
  <w id="121" lemma="|Spanish|" pos="NNP" wid="121">Spanish</w>
  <w id="122" lemma="|-rsb-|" pos="-RRB-" wid="122">-RSB-</w>
  <w id="123" lemma="|13:15|" pos="CD" wid="123">13:15</w>
  <w id="124" lemma="|meet|" pos="VBG" wid="124">Meeting</w>
  <w id="125" lemma="|and|" pos="CC" wid="125">and</w>
  <w id="126" lemma="|luncheon|" pos="NN" wid="126">luncheon</w>
  <w id="127" lemma="|with|" pos="IN" wid="127">with</w>
  <w id="128" lemma="|the|" pos="DT" wid="128">the</w>
  <w id="129" lemma="|bishop|" pos="NNS" wid="129">Bishops</w>
  <w id="130" lemma="|of|" pos="IN" wid="130">of</w>
  <w id="131" lemma="|Bosnia|" pos="NNP" wid="131">Bosnia</w>
  <w id="132" lemma="|and|" pos="CC" wid="132">and</w>
  <w id="133" lemma="|Herzegovina|" pos="NNP" wid="133">Herzegovina</w>
  <w id="134" lemma="|and|" pos="CC" wid="134">and</w>
  <w id="135" lemma="|the|" pos="DT" wid="135">the</w>
  <w id="136" lemma="|papal|" pos="JJ" wid="136">Papal</w>
  <w id="137" lemma="|entourage|" pos="NN" wid="137">Entourage</w>
  <w id="138" lemma="|at|" pos="IN" wid="138">at</w>
  <w id="139" lemma="|the|" pos="DT" wid="139">the</w>
  <w id="140" lemma="|Apostolic|" pos="NNP" wid="140">Apostolic</w>
  <w id="141" lemma="|Nunciature|" pos="NNP" wid="141">Nunciature</w>
  <w id="142" lemma="|16:20|" pos="CD" wid="142">16:20</w>
  <w id="143" lemma="|meet|" pos="VBG" wid="143">Meeting</w>
  <w id="144" lemma="|with|" pos="IN" wid="144">with</w>
  <w id="145" lemma="|priest|" pos="NNS" wid="145">priests</w>
  <w id="146" lemma="|,|" pos="," wid="146">,</w>
  <w id="147" lemma="|man|" pos="NNS" wid="147">men</w>
  <w id="148" lemma="|and|" pos="CC" wid="148">and</w>
  <w id="149" lemma="|woman|" pos="NNS" wid="149">women</w>
  <w id="150" lemma="|religious|" pos="JJ" wid="150">religious</w>
  <w id="151" lemma="|and|" pos="CC" wid="151">and</w>
  <w id="152" lemma="|seminarian|" pos="NNS" wid="152">seminarians</w>
  <w id="153" lemma="|gather|" pos="VBN" wid="153">gathered</w>
  <w id="154" lemma="|in|" pos="IN" wid="154">in</w>
  <w id="155" lemma="|the|" pos="DT" wid="155">the</w>
  <w id="156" lemma="|Cathedral|" pos="NNP" wid="156">Cathedral</w>
  <w id="157" lemma="|-lsb-|" pos="-LRB-" wid="157">-LSB-</w>
  <w id="158" lemma="|Arabic|" pos="NNP" wid="158">Arabic</w>
  <w id="159" lemma="|,|" pos="," wid="159">,</w>
  <w id="160" lemma="|Croatian|" pos="NNP" wid="160">Croatian</w>
  <w id="161" lemma="|,|" pos="," wid="161">,</w>
  <w id="162" lemma="|English|" pos="NNP" wid="162">English</w>
  <w id="163" lemma="|,|" pos="," wid="163">,</w>
  <w id="164" lemma="|French|" pos="NNP" wid="164">French</w>
  <w id="165" lemma="|,|" pos="," wid="165">,</w>
  <w id="166" lemma="|German|" pos="NNP" wid="166">German</w>
  <w id="167" lemma="|,|" pos="," wid="167">,</w>
  <w id="168" lemma="|Italian|" pos="NNP" wid="168">Italian</w>
  <w id="169" lemma="|,|" pos="," wid="169">,</w>
  <w id="170" lemma="|Polish|" pos="NNP" wid="170">Polish</w>
  <w id="171" lemma="|,|" pos="," wid="171">,</w>
  <w id="172" lemma="|Portuguese|" pos="NNP" wid="172">Portuguese</w>
  <w id="173" lemma="|,|" pos="," wid="173">,</w>
  <w id="174" lemma="|Spanish|" pos="NNP" wid="174">Spanish</w>
  <w id="175" lemma="|-rsb-|" pos="-RRB-" wid="175">-RSB-</w>
  <w id="176" lemma="|17:30|" pos="CD" wid="176">17:30</w>
  <w id="177" lemma="|Ecumenical|" pos="NNP" wid="177">Ecumenical</w>
  <w id="178" lemma="|and|" pos="CC" wid="178">and</w>
  <w id="179" lemma="|Interreligious|" pos="NNP" wid="179">Interreligious</w>
  <w id="180" lemma="|meet|" pos="VBG" wid="180">Meeting</w>
  <w id="181" lemma="|at|" pos="IN" wid="181">at</w>
  <w id="182" lemma="|the|" pos="DT" wid="182">the</w>
  <w id="183" lemma="|franciscan|" pos="JJ" wid="183">Franciscan</w>
  <w id="184" lemma="|International|" pos="NNP" wid="184">International</w>
  <w id="185" lemma="|Study|" pos="NNP" wid="185">Study</w>
  <w id="186" lemma="|Centre|" pos="NNP" wid="186">Centre</w>
  <w id="187" lemma="|-lsb-|" pos="-LRB-" wid="187">-LSB-</w>
  <w id="188" lemma="|Arabic|" pos="NNP" wid="188">Arabic</w>
  <w id="189" lemma="|,|" pos="," wid="189">,</w>
  <w id="190" lemma="|Croatian|" pos="NNP" wid="190">Croatian</w>
  <w id="191" lemma="|,|" pos="," wid="191">,</w>
  <w id="192" lemma="|English|" pos="NNP" wid="192">English</w>
  <w id="193" lemma="|,|" pos="," wid="193">,</w>
  <w id="194" lemma="|French|" pos="NNP" wid="194">French</w>
  <w id="195" lemma="|,|" pos="," wid="195">,</w>
  <w id="196" lemma="|German|" pos="NNP" wid="196">German</w>
  <w id="197" lemma="|,|" pos="," wid="197">,</w>
  <w id="198" lemma="|Italian|" pos="NNP" wid="198">Italian</w>
  <w id="199" lemma="|,|" pos="," wid="199">,</w>
  <w id="200" lemma="|Polish|" pos="NNP" wid="200">Polish</w>
  <w id="201" lemma="|,|" pos="," wid="201">,</w>
  <w id="202" lemma="|Portuguese|" pos="NNP" wid="202">Portuguese</w>
  <w id="203" lemma="|,|" pos="," wid="203">,</w>
  <w id="204" lemma="|Spanish|" pos="NNP" wid="204">Spanish</w>
  <w id="205" lemma="|-rsb-|" pos="-RRB-" wid="205">-RSB-</w>
  <w id="206" lemma="|18:30|" pos="CD" wid="206">18:30</w>
  <w id="207" lemma="|meet|" pos="VBG" wid="207">Meeting</w>
  <w id="208" lemma="|with|" pos="IN" wid="208">with</w>
  <w id="209" lemma="|the|" pos="DT" wid="209">the</w>
  <w id="210" lemma="|young|" pos="JJ" wid="210">young</w>
  <w id="211" lemma="|people|" pos="NNS" wid="211">people</w>
  <w id="212" lemma="|at|" pos="IN" wid="212">at</w>
  <w id="213" lemma="|the|" pos="DT" wid="213">the</w>
  <w id="214" lemma="|``|" pos="``" wid="214">``</w>
  <w id="215" lemma="|John|" pos="NNP" wid="215">John</w>
  <w id="216" lemma="|Paul|" pos="NNP" wid="216">Paul</w>
  <w id="217" lemma="|II|" pos="NNP" wid="217">II</w>
  <w id="218" lemma="|''|" pos="''" wid="218">''</w>
  <w id="219" lemma="|Diocesan|" pos="NNP" wid="219">Diocesan</w>
  <w id="220" lemma="|Youth|" pos="NNP" wid="220">Youth</w>
  <w id="221" lemma="|Centre|" pos="NNP" wid="221">Centre</w>
  <w id="222" lemma="|-lsb-|" pos="-LRB-" wid="222">-LSB-</w>
  <w id="223" lemma="|Arabic|" pos="NNP" wid="223">Arabic</w>
  <w id="224" lemma="|,|" pos="," wid="224">,</w>
  <w id="225" lemma="|Croatian|" pos="NNP" wid="225">Croatian</w>
  <w id="226" lemma="|,|" pos="," wid="226">,</w>
  <w id="227" lemma="|English|" pos="NNP" wid="227">English</w>
  <w id="228" lemma="|,|" pos="," wid="228">,</w>
  <w id="229" lemma="|French|" pos="NNP" wid="229">French</w>
  <w id="230" lemma="|,|" pos="," wid="230">,</w>
  <w id="231" lemma="|German|" pos="NNP" wid="231">German</w>
  <w id="232" lemma="|,|" pos="," wid="232">,</w>
  <w id="233" lemma="|Italian|" pos="NNP" wid="233">Italian</w>
  <w id="234" lemma="|,|" pos="," wid="234">,</w>
  <w id="235" lemma="|Polish|" pos="NNP" wid="235">Polish</w>
  <w id="236" lemma="|,|" pos="," wid="236">,</w>
  <w id="237" lemma="|Portuguese|" pos="NNP" wid="237">Portuguese</w>
  <w id="238" lemma="|,|" pos="," wid="238">,</w>
  <w id="239" lemma="|Spanish|" pos="NNP" wid="239">Spanish</w>
  <w id="240" lemma="|-rsb-|" pos="-RRB-" wid="240">-RSB-</w>
  <w id="241" lemma="|19:45|" pos="CD" wid="241">19:45</w>
  <w id="242" lemma="|Farewell|" pos="NNP" wid="242">Farewell</w>
  <w id="243" lemma="|ceremony|" pos="NN" wid="243">ceremony</w>
  <w id="244" lemma="|at|" pos="IN" wid="244">at</w>
  <w id="245" lemma="|the|" pos="DT" wid="245">the</w>
  <w id="246" lemma="|international|" pos="JJ" wid="246">international</w>
  <w id="247" lemma="|airport|" pos="NN" wid="247">airport</w>
  <w id="248" lemma="|of|" pos="IN" wid="248">of</w>
  <w id="249" lemma="|sarajevo|" pos="FW" wid="249">Sarajevo</w>
  <w id="250" lemma="|20:00|" pos="FW" wid="250">20:00</w>
  <w id="251" lemma="|departure|" pos="NN" wid="251">Departure</w>
  <w id="252" lemma="|by|" pos="IN" wid="252">by</w>
  <w id="253" lemma="|plane|" pos="NN" wid="253">plane</w>
  <w id="254" lemma="|for|" pos="IN" wid="254">for</w>
  <w id="255" lemma="|Rome|" pos="NNP" wid="255">Rome</w>
  <w id="256" lemma="|In-flight|" pos="NNP" wid="256">In-flight</w>
  <w id="257" lemma="|Press|" pos="NNP" wid="257">Press</w>
  <w id="258" lemma="|Conference|" pos="NNP" wid="258">Conference</w>
  <w id="259" lemma="|from|" pos="IN" wid="259">from</w>
  <w id="260" lemma="|Sarajevo|" pos="NNP" wid="260">Sarajevo</w>
  <w id="261" lemma="|to|" pos="TO" wid="261">to</w>
  <w id="262" lemma="|Rome|" pos="NNP" wid="262">Rome</w>
  <w id="263" lemma="|-lsb-|" pos="-LRB-" wid="263">-LSB-</w>
  <w id="264" lemma="|Arabic|" pos="NNP" wid="264">Arabic</w>
  <w id="265" lemma="|,|" pos="," wid="265">,</w>
  <w id="266" lemma="|English|" pos="NNP" wid="266">English</w>
  <w id="267" lemma="|,|" pos="," wid="267">,</w>
  <w id="268" lemma="|French|" pos="NNP" wid="268">French</w>
  <w id="269" lemma="|,|" pos="," wid="269">,</w>
  <w id="270" lemma="|German|" pos="NNP" wid="270">German</w>
  <w id="271" lemma="|,|" pos="," wid="271">,</w>
  <w id="272" lemma="|Italian|" pos="NNP" wid="272">Italian</w>
  <w id="273" lemma="|,|" pos="," wid="273">,</w>
  <w id="274" lemma="|Polish|" pos="NNP" wid="274">Polish</w>
  <w id="275" lemma="|,|" pos="," wid="275">,</w>
  <w id="276" lemma="|Portuguese|" pos="NNP" wid="276">Portuguese</w>
  <w id="277" lemma="|,|" pos="," wid="277">,</w>
  <w id="278" lemma="|Spanish|" pos="NNP" wid="278">Spanish</w>
  <w id="279" lemma="|-rsb-|" pos="-RRB-" wid="279">-RSB-</w>
  <w id="280" lemma="|21:20|" pos="CD" wid="280">21:20</w>
  <w id="281" lemma="|Arrival|" pos="NNP" wid="281">Arrival</w>
  <w id="282" lemma="|at|" pos="IN" wid="282">at</w>
  <w id="283" lemma="|Ciampino|" pos="NNP" wid="283">Ciampino</w>
  <w id="284" lemma="|Airport|" pos="NNP" wid="284">Airport</w>
  <w id="285" lemma="|in|" pos="IN" wid="285">in</w>
  <w id="286" lemma="|Rome|" pos="NNP" wid="286">Rome</w>
  <w id="287" lemma="|Time|" pos="NNP" wid="287">Time</w>
  <w id="288" lemma="|lag|" pos="NN" wid="288">lag</w>
  <w id="289" lemma="|Rome|" pos="NNP" wid="289">Rome</w>
  <w id="290" lemma="|:|" pos=":" wid="290">:</w>
  <w id="291" lemma="|+2|" pos="CD" wid="291">+2</w>
  <w id="292" lemma="|h|" pos="NN" wid="292">h</w>
  <w id="293" lemma="|UTC|" pos="NNP" wid="293">UTC</w>
  <w id="294" lemma="|Sarajevo|" pos="NNP" wid="294">Sarajevo</w>
  <w id="295" lemma="|:|" pos=":" wid="295">:</w>
  <w id="296" lemma="|+2|" pos="CD" wid="296">+2</w>
  <w id="297" lemma="|h|" pos="NN" wid="297">h</w>
  <w id="298" lemma="|utc|" pos="NN" wid="298">UTC</w>
</sentence>
</corpus>