<corpus id="0">
<sentence id="0">
  <w id="0" lemma="|-lrb-|" pos="-LRB-" wid="0">-LRB-</w>
  <w id="1" lemma="|by|" pos="IN" wid="1">by</w>
  <w id="2" lemma="|L'Osservatore|" pos="NNP" wid="2">L'Osservatore</w>
  <w id="3" lemma="|Romano|" pos="NNP" wid="3">Romano</w>
  <w id="4" lemma="|,|" pos="," wid="4">,</w>
  <w id="5" lemma="|Weekly|" pos="NNP" wid="5">Weekly</w>
  <w id="6" lemma="|ed|" pos="VBD" wid="6">ed</w>
  <w id="7" lemma="|.|" pos="." wid="7">.</w>
</sentence>
<sentence id="1">
  <w id="0" lemma="|in|" pos="IN" wid="0">in</w>
  <w id="1" lemma="|English|" pos="NNP" wid="1">English</w>
  <w id="2" lemma="|,|" pos="," wid="2">,</w>
  <w id="3" lemma="|n.|" pos="NNP" wid="3">n.</w>
  <w id="4" lemma="|15|" pos="CD" wid="4">15</w>
  <w id="5" lemma="|,|" pos="," wid="5">,</w>
  <w id="6" lemma="|10|" pos="CD" wid="6">10</w>
  <w id="7" lemma="|April|" pos="NNP" wid="7">April</w>
  <w id="8" lemma="|2013|" pos="CD" wid="8">2013</w>
  <w id="9" lemma="|-rrb-|" pos="-RRB-" wid="9">-RRB-</w>
  <w id="10" lemma="|only|" pos="RB" wid="10">Only</w>
  <w id="11" lemma="|the|" pos="DT" wid="11">the</w>
  <w id="12" lemma="|name|" pos="NN" wid="12">name</w>
  <w id="13" lemma="|of|" pos="IN" wid="13">of</w>
  <w id="14" lemma="|Jesus|" pos="NNP" wid="14">Jesus</w>
  <w id="15" lemma="|be|" pos="VBZ" wid="15">is</w>
  <w id="16" lemma="|we|" pos="PRP$" wid="16">our</w>
  <w id="17" lemma="|salvation|" pos="NN" wid="17">salvation</w>
  <w id="18" lemma="|.|" pos="." wid="18">.</w>
</sentence>
<sentence id="2">
  <w id="0" lemma="|only|" pos="RB" wid="0">Only</w>
  <w id="1" lemma="|he|" pos="PRP" wid="1">he</w>
  <w id="2" lemma="|can|" pos="MD" wid="2">can</w>
  <w id="3" lemma="|save|" pos="VB" wid="3">save</w>
  <w id="4" lemma="|we|" pos="PRP" wid="4">us</w>
  <w id="5" lemma="|.|" pos="." wid="5">.</w>
</sentence>
<sentence id="3">
  <w id="0" lemma="|and|" pos="CC" wid="0">And</w>
  <w id="1" lemma="|no|" pos="DT" wid="1">no</w>
  <w id="2" lemma="|one|" pos="NN" wid="2">one</w>
  <w id="3" lemma="|else|" pos="RB" wid="3">else</w>
  <w id="4" lemma="|.|" pos="." wid="4">.</w>
</sentence>
<sentence id="4">
  <w id="0" lemma="|even|" pos="RB" wid="0">Even</w>
  <w id="1" lemma="|less|" pos="RBR" wid="1">less</w>
  <w id="2" lemma="|modern|" pos="JJ" wid="2">modern</w>
  <w id="3" lemma="|``|" pos="``" wid="3">``</w>
  <w id="4" lemma="|magician|" pos="NNS" wid="4">magicians</w>
  <w id="5" lemma="|''|" pos="''" wid="5">''</w>
  <w id="6" lemma="|with|" pos="IN" wid="6">with</w>
  <w id="7" lemma="|they|" pos="PRP$" wid="7">their</w>
  <w id="8" lemma="|improbable|" pos="JJ" wid="8">improbable</w>
  <w id="9" lemma="|tarot|" pos="NN" wid="9">tarot</w>
  <w id="10" lemma="|card|" pos="NN" wid="10">card</w>
  <w id="11" lemma="|prophecy|" pos="NNS" wid="11">prophecies</w>
  <w id="12" lemma="|who|" pos="WP" wid="12">who</w>
  <w id="13" lemma="|bewitch|" pos="VBP" wid="13">bewitch</w>
  <w id="14" lemma="|and|" pos="CC" wid="14">and</w>
  <w id="15" lemma="|delude|" pos="VBP" wid="15">delude</w>
  <w id="16" lemma="|man|" pos="NNS" wid="16">men</w>
  <w id="17" lemma="|and|" pos="CC" wid="17">and</w>
  <w id="18" lemma="|woman|" pos="NNS" wid="18">women</w>
  <w id="19" lemma="|today|" pos="NN" wid="19">today</w>
  <w id="20" lemma="|.|" pos="." wid="20">.</w>
</sentence>
<sentence id="5">
  <w id="0" lemma="|it|" pos="PRP" wid="0">It</w>
  <w id="1" lemma="|be|" pos="VBD" wid="1">was</w>
  <w id="2" lemma="|on|" pos="IN" wid="2">on</w>
  <w id="3" lemma="|the|" pos="DT" wid="3">the</w>
  <w id="4" lemma="|name|" pos="NN" wid="4">name</w>
  <w id="5" lemma="|of|" pos="IN" wid="5">of</w>
  <w id="6" lemma="|Jesus|" pos="NNP" wid="6">Jesus</w>
  <w id="7" lemma="|-lrb-|" pos="-LRB-" wid="7">-LRB-</w>
  <w id="8" lemma="|cf|" pos="FW" wid="8">cf</w>
  <w id="9" lemma="|.|" pos="." wid="9">.</w>
</sentence>
<sentence id="6">
  <w id="0" lemma="|act|" pos="NNS" wid="0">Acts</w>
  <w id="1" lemma="|4:1|" pos="CD" wid="1">4:1</w>
  <w id="2" lemma="|-12|" pos="CD" wid="2">-12</w>
  <w id="3" lemma="|-rrb-|" pos="-RRB-" wid="3">-RRB-</w>
  <w id="4" lemma="|that|" pos="IN" wid="4">that</w>
  <w id="5" lemma="|Pope|" pos="NNP" wid="5">Pope</w>
  <w id="6" lemma="|Francis|" pos="NNP" wid="6">Francis</w>
  <w id="7" lemma="|focus|" pos="VBD" wid="7">focused</w>
  <w id="8" lemma="|he|" pos="PRP$" wid="8">his</w>
  <w id="9" lemma="|reflection|" pos="NN" wid="9">reflection</w>
  <w id="10" lemma="|on|" pos="IN" wid="10">on</w>
  <w id="11" lemma="|Friday|" pos="NNP" wid="11">Friday</w>
  <w id="12" lemma="|morning|" pos="NN" wid="12">morning</w>
  <w id="13" lemma="|,|" pos="," wid="13">,</w>
  <w id="14" lemma="|5|" pos="CD" wid="14">5</w>
  <w id="15" lemma="|April|" pos="NNP" wid="15">April</w>
  <w id="16" lemma="|,|" pos="," wid="16">,</w>
  <w id="17" lemma="|in|" pos="IN" wid="17">in</w>
  <w id="18" lemma="|the|" pos="DT" wid="18">the</w>
  <w id="19" lemma="|Octave|" pos="NNP" wid="19">Octave</w>
  <w id="20" lemma="|of|" pos="IN" wid="20">of</w>
  <w id="21" lemma="|Easter|" pos="NNP" wid="21">Easter</w>
  <w id="22" lemma="|,|" pos="," wid="22">,</w>
  <w id="23" lemma="|at|" pos="IN" wid="23">at</w>
  <w id="24" lemma="|Mass|" pos="NNP" wid="24">Mass</w>
  <w id="25" lemma="|in|" pos="IN" wid="25">in</w>
  <w id="26" lemma="|the|" pos="DT" wid="26">the</w>
  <w id="27" lemma="|chapel|" pos="NN" wid="27">Chapel</w>
  <w id="28" lemma="|of|" pos="IN" wid="28">of</w>
  <w id="29" lemma="|the|" pos="DT" wid="29">the</w>
  <w id="30" lemma="|Domus|" pos="NNP" wid="30">Domus</w>
  <w id="31" lemma="|Sanctae|" pos="NNP" wid="31">Sanctae</w>
  <w id="32" lemma="|Marthae|" pos="NNP" wid="32">Marthae</w>
  <w id="33" lemma="|.|" pos="." wid="33">.</w>
</sentence>
<sentence id="7">
  <w id="0" lemma="|present|" pos="JJ" wid="0">Present</w>
  <w id="1" lemma="|be|" pos="VBD" wid="1">were</w>
  <w id="2" lemma="|the|" pos="DT" wid="2">the</w>
  <w id="3" lemma="|sediari|" pos="FW" wid="3">Sediari</w>
  <w id="4" lemma="|pontifici|" pos="FW" wid="4">pontifici</w>
  <w id="5" lemma="|-lrb-|" pos="-LRB-" wid="5">-LRB-</w>
  <w id="6" lemma="|the|" pos="DT" wid="6">the</w>
  <w id="7" lemma="|pontifical|" pos="JJ" wid="7">pontifical</w>
  <w id="8" lemma="|chair-bearer|" pos="NNS" wid="8">chair-bearers</w>
  <w id="9" lemma="|-rrb-|" pos="-RRB-" wid="9">-RRB-</w>
  <w id="10" lemma="|and|" pos="CC" wid="10">and</w>
  <w id="11" lemma="|employee|" pos="NNS" wid="11">employees</w>
  <w id="12" lemma="|and|" pos="CC" wid="12">and</w>
  <w id="13" lemma="|religious|" pos="JJ" wid="13">religious</w>
  <w id="14" lemma="|of|" pos="IN" wid="14">of</w>
  <w id="15" lemma="|the|" pos="DT" wid="15">the</w>
  <w id="16" lemma="|St|" pos="NNP" wid="16">St</w>
  <w id="17" lemma="|John|" pos="NNP" wid="17">John</w>
  <w id="18" lemma="|of|" pos="IN" wid="18">of</w>
  <w id="19" lemma="|God|" pos="NNP" wid="19">God</w>
  <w id="20" lemma="|Brothers|" pos="NNPS" wid="20">Brothers</w>
  <w id="21" lemma="|who|" pos="WP" wid="21">who</w>
  <w id="22" lemma="|work|" pos="VBP" wid="22">work</w>
  <w id="23" lemma="|at|" pos="IN" wid="23">at</w>
  <w id="24" lemma="|the|" pos="DT" wid="24">the</w>
  <w id="25" lemma="|Vatican|" pos="NNP" wid="25">Vatican</w>
  <w id="26" lemma="|Pharmacy|" pos="NNP" wid="26">Pharmacy</w>
  <w id="27" lemma="|.|" pos="." wid="27">.</w>
</sentence>
<sentence id="8">
  <w id="0" lemma="|Pope|" pos="NNP" wid="0">Pope</w>
  <w id="1" lemma="|Francis|" pos="NNP" wid="1">Francis</w>
  <w id="2" lemma="|explain|" pos="VBD" wid="2">explained</w>
  <w id="3" lemma="|that|" pos="IN" wid="3">that</w>
  <w id="4" lemma="|``|" pos="``" wid="4">``</w>
  <w id="5" lemma="|Peter|" pos="NNP" wid="5">Peter</w>
  <w id="6" lemma="|reveal|" pos="VBZ" wid="6">reveals</w>
  <w id="7" lemma="|a|" pos="DT" wid="7">a</w>
  <w id="8" lemma="|truth|" pos="NN" wid="8">truth</w>
  <w id="9" lemma="|when|" pos="WRB" wid="9">when</w>
  <w id="10" lemma="|he|" pos="PRP" wid="10">he</w>
  <w id="11" lemma="|say|" pos="VBZ" wid="11">says</w>
  <w id="12" lemma="|:|" pos=":" wid="12">:</w>
  <w id="13" lemma="|`|" pos="``" wid="13">`</w>
  <w id="14" lemma="|by|" pos="IN" wid="14">by</w>
  <w id="15" lemma="|the|" pos="DT" wid="15">the</w>
  <w id="16" lemma="|name|" pos="NN" wid="16">name</w>
  <w id="17" lemma="|of|" pos="IN" wid="17">of</w>
  <w id="18" lemma="|Jesus|" pos="NNP" wid="18">Jesus</w>
  <w id="19" lemma="|Christ|" pos="NNP" wid="19">Christ</w>
  <w id="20" lemma="|of|" pos="IN" wid="20">of</w>
  <w id="21" lemma="|Nazareth|" pos="NNP" wid="21">Nazareth</w>
  <w id="22" lemma="|'|" pos="POS" wid="22">'</w>
  <w id="23" lemma="|.|" pos="." wid="23">.</w>
</sentence>
<sentence id="9">
  <w id="0" lemma="|because|" pos="IN" wid="0">Because</w>
  <w id="1" lemma="|he|" pos="PRP" wid="1">he</w>
  <w id="2" lemma="|answer|" pos="VBZ" wid="2">answers</w>
  <w id="3" lemma="|inspire|" pos="VBN" wid="3">inspired</w>
  <w id="4" lemma="|by|" pos="IN" wid="4">by</w>
  <w id="5" lemma="|the|" pos="DT" wid="5">the</w>
  <w id="6" lemma="|holy|" pos="JJ" wid="6">Holy</w>
  <w id="7" lemma="|spirit|" pos="NN" wid="7">Spirit</w>
  <w id="8" lemma="|''|" pos="''" wid="8">''</w>
  <w id="9" lemma="|.|" pos="." wid="9">.</w>
</sentence>
<sentence id="10">
  <w id="0" lemma="|in|" pos="IN" wid="0">In</w>
  <w id="1" lemma="|fact|" pos="NN" wid="1">fact</w>
  <w id="2" lemma="|we|" pos="PRP" wid="2">we</w>
  <w id="3" lemma="|,|" pos="," wid="3">,</w>
  <w id="4" lemma="|he|" pos="PRP" wid="4">he</w>
  <w id="5" lemma="|continue|" pos="VBD" wid="5">continued</w>
  <w id="6" lemma="|,|" pos="," wid="6">,</w>
  <w id="7" lemma="|``|" pos="``" wid="7">``</w>
  <w id="8" lemma="|can|" pos="MD" wid="8">can</w>
  <w id="9" lemma="|not|" pos="RB" wid="9">not</w>
  <w id="10" lemma="|profess|" pos="VB" wid="10">profess</w>
  <w id="11" lemma="|Jesus|" pos="NNP" wid="11">Jesus</w>
  <w id="12" lemma="|,|" pos="," wid="12">,</w>
  <w id="13" lemma="|we|" pos="PRP" wid="13">we</w>
  <w id="14" lemma="|can|" pos="MD" wid="14">can</w>
  <w id="15" lemma="|not|" pos="RB" wid="15">not</w>
  <w id="16" lemma="|speak|" pos="VB" wid="16">speak</w>
  <w id="17" lemma="|of|" pos="IN" wid="17">of</w>
  <w id="18" lemma="|Jesus|" pos="NNP" wid="18">Jesus</w>
  <w id="19" lemma="|,|" pos="," wid="19">,</w>
  <w id="20" lemma="|we|" pos="PRP" wid="20">we</w>
  <w id="21" lemma="|can|" pos="MD" wid="21">can</w>
  <w id="22" lemma="|not|" pos="RB" wid="22">not</w>
  <w id="23" lemma="|say|" pos="VB" wid="23">say</w>
  <w id="24" lemma="|anything|" pos="NN" wid="24">anything</w>
  <w id="25" lemma="|about|" pos="IN" wid="25">about</w>
  <w id="26" lemma="|Jesus|" pos="NNP" wid="26">Jesus</w>
  <w id="27" lemma="|without|" pos="IN" wid="27">without</w>
  <w id="28" lemma="|the|" pos="DT" wid="28">the</w>
  <w id="29" lemma="|holy|" pos="JJ" wid="29">Holy</w>
  <w id="30" lemma="|spirit|" pos="NN" wid="30">Spirit</w>
  <w id="31" lemma="|''|" pos="''" wid="31">''</w>
  <w id="32" lemma="|.|" pos="." wid="32">.</w>
</sentence>
<sentence id="11">
  <w id="0" lemma="|it|" pos="PRP" wid="0">It</w>
  <w id="1" lemma="|be|" pos="VBZ" wid="1">is</w>
  <w id="2" lemma="|the|" pos="DT" wid="2">the</w>
  <w id="3" lemma="|Holy|" pos="NNP" wid="3">Holy</w>
  <w id="4" lemma="|Spirit|" pos="NNP" wid="4">Spirit</w>
  <w id="5" lemma="|himself|" pos="PRP" wid="5">himself</w>
  <w id="6" lemma="|``|" pos="``" wid="6">``</w>
  <w id="7" lemma="|who|" pos="WP" wid="7">who</w>
  <w id="8" lemma="|urge|" pos="VBZ" wid="8">urges</w>
  <w id="9" lemma="|we|" pos="PRP" wid="9">us</w>
  <w id="10" lemma="|to|" pos="TO" wid="10">to</w>
  <w id="11" lemma="|profess|" pos="VB" wid="11">profess</w>
  <w id="12" lemma="|Jesus|" pos="NNP" wid="12">Jesus</w>
  <w id="13" lemma="|or|" pos="CC" wid="13">or</w>
  <w id="14" lemma="|to|" pos="TO" wid="14">to</w>
  <w id="15" lemma="|talk|" pos="VB" wid="15">talk</w>
  <w id="16" lemma="|about|" pos="IN" wid="16">about</w>
  <w id="17" lemma="|Jesus|" pos="NNP" wid="17">Jesus</w>
  <w id="18" lemma="|or|" pos="CC" wid="18">or</w>
  <w id="19" lemma="|to|" pos="TO" wid="19">to</w>
  <w id="20" lemma="|have|" pos="VB" wid="20">have</w>
  <w id="21" lemma="|trust|" pos="NN" wid="21">trust</w>
  <w id="22" lemma="|in|" pos="IN" wid="22">in</w>
  <w id="23" lemma="|Jesus|" pos="NNP" wid="23">Jesus</w>
  <w id="24" lemma="|''|" pos="''" wid="24">''</w>
  <w id="25" lemma="|.|" pos="." wid="25">.</w>
</sentence>
<sentence id="12">
  <w id="0" lemma="|and|" pos="CC" wid="0">And</w>
  <w id="1" lemma="|be|" pos="VBZ" wid="1">is</w>
  <w id="2" lemma="|it|" pos="PRP" wid="2">it</w>
  <w id="3" lemma="|Jesus|" pos="NNP" wid="3">Jesus</w>
  <w id="4" lemma="|himself|" pos="PRP" wid="4">himself</w>
  <w id="5" lemma="|who|" pos="WP" wid="5">who</w>
  <w id="6" lemma="|be|" pos="VBZ" wid="6">is</w>
  <w id="7" lemma="|beside|" pos="IN" wid="7">beside</w>
  <w id="8" lemma="|we|" pos="PRP" wid="8">us</w>
  <w id="9" lemma="|``|" pos="``" wid="9">``</w>
  <w id="10" lemma="|on|" pos="IN" wid="10">on</w>
  <w id="11" lemma="|we|" pos="PRP$" wid="11">our</w>
  <w id="12" lemma="|journey|" pos="NN" wid="12">journey</w>
  <w id="13" lemma="|through|" pos="IN" wid="13">through</w>
  <w id="14" lemma="|life|" pos="NN" wid="14">life</w>
  <w id="15" lemma="|,|" pos="," wid="15">,</w>
  <w id="16" lemma="|always|" pos="RB" wid="16">always</w>
  <w id="17" lemma="|''|" pos="''" wid="17">''</w>
  <w id="18" lemma="|.|" pos="." wid="18">.</w>
</sentence>
<sentence id="13">
  <w id="0" lemma="|the|" pos="DT" wid="0">The</w>
  <w id="1" lemma="|Pope|" pos="NNP" wid="1">Pope</w>
  <w id="2" lemma="|then|" pos="RB" wid="2">then</w>
  <w id="3" lemma="|recount|" pos="VBD" wid="3">recounted</w>
  <w id="4" lemma="|a|" pos="DT" wid="4">a</w>
  <w id="5" lemma="|personal|" pos="JJ" wid="5">personal</w>
  <w id="6" lemma="|experience|" pos="NN" wid="6">experience</w>
  <w id="7" lemma="|link|" pos="VBN" wid="7">linked</w>
  <w id="8" lemma="|to|" pos="TO" wid="8">to</w>
  <w id="9" lemma="|he|" pos="PRP$" wid="9">his</w>
  <w id="10" lemma="|memory|" pos="NN" wid="10">memory</w>
  <w id="11" lemma="|of|" pos="IN" wid="11">of</w>
  <w id="12" lemma="|a|" pos="DT" wid="12">a</w>
  <w id="13" lemma="|man|" pos="NN" wid="13">man</w>
  <w id="14" lemma="|,|" pos="," wid="14">,</w>
  <w id="15" lemma="|the|" pos="DT" wid="15">the</w>
  <w id="16" lemma="|father|" pos="NN" wid="16">father</w>
  <w id="17" lemma="|of|" pos="IN" wid="17">of</w>
  <w id="18" lemma="|eight|" pos="CD" wid="18">eight</w>
  <w id="19" lemma="|,|" pos="," wid="19">,</w>
  <w id="20" lemma="|who|" pos="WP" wid="20">who</w>
  <w id="21" lemma="|work|" pos="VBD" wid="21">worked</w>
  <w id="22" lemma="|for|" pos="IN" wid="22">for</w>
  <w id="23" lemma="|30|" pos="CD" wid="23">30</w>
  <w id="24" lemma="|year|" pos="NNS" wid="24">years</w>
  <w id="25" lemma="|in|" pos="IN" wid="25">in</w>
  <w id="26" lemma="|the|" pos="DT" wid="26">the</w>
  <w id="27" lemma="|Archiepiscopal|" pos="NNP" wid="27">Archiepiscopal</w>
  <w id="28" lemma="|Curia|" pos="NNP" wid="28">Curia</w>
  <w id="29" lemma="|of|" pos="IN" wid="29">of</w>
  <w id="30" lemma="|Buenos|" pos="NNP" wid="30">Buenos</w>
  <w id="31" lemma="|Aires|" pos="NNP" wid="31">Aires</w>
  <w id="32" lemma="|.|" pos="." wid="32">.</w>
</sentence>
<sentence id="14">
  <w id="0" lemma="|``|" pos="``" wid="0">``</w>
  <w id="1" lemma="|before|" pos="IN" wid="1">Before</w>
  <w id="2" lemma="|go|" pos="VBG" wid="2">going</w>
  <w id="3" lemma="|out|" pos="RP" wid="3">out</w>
  <w id="4" lemma="|,|" pos="," wid="4">,</w>
  <w id="5" lemma="|before|" pos="IN" wid="5">before</w>
  <w id="6" lemma="|go|" pos="VBG" wid="6">going</w>
  <w id="7" lemma="|to|" pos="TO" wid="7">to</w>
  <w id="8" lemma="|do|" pos="VB" wid="8">do</w>
  <w id="9" lemma="|any|" pos="DT" wid="9">any</w>
  <w id="10" lemma="|of|" pos="IN" wid="10">of</w>
  <w id="11" lemma="|the|" pos="DT" wid="11">the</w>
  <w id="12" lemma="|thing|" pos="NNS" wid="12">things</w>
  <w id="13" lemma="|he|" pos="PRP" wid="13">he</w>
  <w id="14" lemma="|have|" pos="VBD" wid="14">had</w>
  <w id="15" lemma="|to|" pos="TO" wid="15">to</w>
  <w id="16" lemma="|do|" pos="VB" wid="16">do</w>
  <w id="17" lemma="|''|" pos="''" wid="17">''</w>
  <w id="18" lemma="|,|" pos="," wid="18">,</w>
  <w id="19" lemma="|the|" pos="DT" wid="19">the</w>
  <w id="20" lemma="|Holy|" pos="NNP" wid="20">Holy</w>
  <w id="21" lemma="|Father|" pos="NNP" wid="21">Father</w>
  <w id="22" lemma="|say|" pos="VBD" wid="22">said</w>
  <w id="23" lemma="|,|" pos="," wid="23">,</w>
  <w id="24" lemma="|``|" pos="``" wid="24">``</w>
  <w id="25" lemma="|he|" pos="PRP" wid="25">he</w>
  <w id="26" lemma="|would|" pos="MD" wid="26">would</w>
  <w id="27" lemma="|whisper|" pos="VB" wid="27">whisper</w>
  <w id="28" lemma="|to|" pos="TO" wid="28">to</w>
  <w id="29" lemma="|himself|" pos="PRP" wid="29">himself</w>
  <w id="30" lemma="|:|" pos=":" wid="30">:</w>
  <w id="31" lemma="|`|" pos="``" wid="31">`</w>
  <w id="32" lemma="|Jesus|" pos="NNP" wid="32">Jesus</w>
  <w id="33" lemma="|!|" pos="." wid="33">!</w>
  <w id="34" lemma="|'|" pos="''" wid="34">'</w>
  <w id="35" lemma="|.|" pos="." wid="35">.</w>
</sentence>
<sentence id="15">
  <w id="0" lemma="|I|" pos="PRP" wid="0">I</w>
  <w id="1" lemma="|once|" pos="RB" wid="1">once</w>
  <w id="2" lemma="|ask|" pos="VBD" wid="2">asked</w>
  <w id="3" lemma="|he|" pos="PRP" wid="3">him</w>
  <w id="4" lemma="|`|" pos="``" wid="4">`</w>
  <w id="5" lemma="|why|" pos="WRB" wid="5">Why</w>
  <w id="6" lemma="|do|" pos="VBP" wid="6">do</w>
  <w id="7" lemma="|you|" pos="PRP" wid="7">you</w>
  <w id="8" lemma="|keep|" pos="VB" wid="8">keep</w>
  <w id="9" lemma="|say|" pos="VBG" wid="9">saying</w>
  <w id="10" lemma="|Jesus|" pos="NNP" wid="10">Jesus</w>
  <w id="11" lemma="|?|" pos="." wid="11">?</w>
  <w id="12" lemma="|'|" pos="''" wid="12">'</w>
  <w id="13" lemma="|.|" pos="." wid="13">.</w>
</sentence>
<sentence id="16">
  <w id="0" lemma="|`|" pos="``" wid="0">`</w>
  <w id="1" lemma="|when|" pos="WRB" wid="1">When</w>
  <w id="2" lemma="|I|" pos="PRP" wid="2">I</w>
  <w id="3" lemma="|say|" pos="VBP" wid="3">say</w>
  <w id="4" lemma="|Jesus|" pos="NNP" wid="4">Jesus</w>
  <w id="5" lemma="|'|" pos="POS" wid="5">'</w>
  <w id="6" lemma="|,|" pos="," wid="6">,</w>
  <w id="7" lemma="|this|" pos="DT" wid="7">this</w>
  <w id="8" lemma="|humble|" pos="JJ" wid="8">humble</w>
  <w id="9" lemma="|man|" pos="NN" wid="9">man</w>
  <w id="10" lemma="|answer|" pos="VBD" wid="10">answered</w>
  <w id="11" lemma="|I|" pos="PRP" wid="11">me</w>
  <w id="12" lemma="|,|" pos="," wid="12">,</w>
  <w id="13" lemma="|`|" pos="``" wid="13">`</w>
  <w id="14" lemma="|I|" pos="PRP" wid="14">I</w>
  <w id="15" lemma="|feel|" pos="VBP" wid="15">feel</w>
  <w id="16" lemma="|strong|" pos="JJ" wid="16">strong</w>
  <w id="17" lemma="|'|" pos="''" wid="17">'</w>
  <w id="18" lemma="|,|" pos="," wid="18">,</w>
  <w id="19" lemma="|I|" pos="PRP" wid="19">I</w>
  <w id="20" lemma="|feel|" pos="VBP" wid="20">feel</w>
  <w id="21" lemma="|able|" pos="JJ" wid="21">able</w>
  <w id="22" lemma="|to|" pos="TO" wid="22">to</w>
  <w id="23" lemma="|work|" pos="VB" wid="23">work</w>
  <w id="24" lemma="|because|" pos="IN" wid="24">because</w>
  <w id="25" lemma="|I|" pos="PRP" wid="25">I</w>
  <w id="26" lemma="|know|" pos="VBP" wid="26">know</w>
  <w id="27" lemma="|he|" pos="PRP" wid="27">he</w>
  <w id="28" lemma="|be|" pos="VBZ" wid="28">is</w>
  <w id="29" lemma="|beside|" pos="IN" wid="29">beside</w>
  <w id="30" lemma="|I|" pos="PRP" wid="30">me</w>
  <w id="31" lemma="|,|" pos="," wid="31">,</w>
  <w id="32" lemma="|that|" pos="IN" wid="32">that</w>
  <w id="33" lemma="|he|" pos="PRP" wid="33">he</w>
  <w id="34" lemma="|be|" pos="VBZ" wid="34">is</w>
  <w id="35" lemma="|preserve|" pos="VBG" wid="35">preserving</w>
  <w id="36" lemma="|I|" pos="PRP" wid="36">me</w>
  <w id="37" lemma="|'''|" pos="CD" wid="37">'''</w>
  <w id="38" lemma="|.|" pos="." wid="38">.</w>
</sentence>
<sentence id="17">
  <w id="0" lemma="|this|" pos="DT" wid="0">This</w>
  <w id="1" lemma="|man|" pos="NN" wid="1">man</w>
  <w id="2" lemma="|,|" pos="," wid="2">,</w>
  <w id="3" lemma="|the|" pos="DT" wid="3">the</w>
  <w id="4" lemma="|Pope|" pos="NNP" wid="4">Pope</w>
  <w id="5" lemma="|say|" pos="VBD" wid="5">said</w>
  <w id="6" lemma="|,|" pos="," wid="6">,</w>
  <w id="7" lemma="|``|" pos="``" wid="7">``</w>
  <w id="8" lemma="|have|" pos="VBD" wid="8">had</w>
  <w id="9" lemma="|not|" pos="RB" wid="9">not</w>
  <w id="10" lemma="|study|" pos="VBN" wid="10">studied</w>
  <w id="11" lemma="|theology|" pos="NN" wid="11">theology</w>
  <w id="12" lemma="|.|" pos="." wid="12">.</w>
</sentence>
<sentence id="18">
  <w id="0" lemma="|he|" pos="PRP" wid="0">He</w>
  <w id="1" lemma="|have|" pos="VBD" wid="1">had</w>
  <w id="2" lemma="|only|" pos="RB" wid="2">only</w>
  <w id="3" lemma="|the|" pos="DT" wid="3">the</w>
  <w id="4" lemma="|grace|" pos="NN" wid="4">grace</w>
  <w id="5" lemma="|of|" pos="IN" wid="5">of</w>
  <w id="6" lemma="|Baptism|" pos="NNP" wid="6">Baptism</w>
  <w id="7" lemma="|and|" pos="CC" wid="7">and</w>
  <w id="8" lemma="|the|" pos="DT" wid="8">the</w>
  <w id="9" lemma="|power|" pos="NN" wid="9">power</w>
  <w id="10" lemma="|of|" pos="IN" wid="10">of</w>
  <w id="11" lemma="|the|" pos="DT" wid="11">the</w>
  <w id="12" lemma="|spirit|" pos="NN" wid="12">Spirit</w>
  <w id="13" lemma="|.|" pos="." wid="13">.</w>
</sentence>
<sentence id="19">
  <w id="0" lemma="|he|" pos="PRP$" wid="0">His</w>
  <w id="1" lemma="|witness|" pos="NN" wid="1">witness</w>
  <w id="2" lemma="|do|" pos="VBD" wid="2">did</w>
  <w id="3" lemma="|so|" pos="RB" wid="3">so</w>
  <w id="4" lemma="|much|" pos="RB" wid="4">much</w>
  <w id="5" lemma="|good|" pos="JJ" wid="5">good</w>
  <w id="6" lemma="|for|" pos="IN" wid="6">for</w>
  <w id="7" lemma="|I|" pos="PRP" wid="7">me</w>
  <w id="8" lemma="|.|" pos="." wid="8">.</w>
</sentence>
<sentence id="20">
  <w id="0" lemma="|the|" pos="DT" wid="0">The</w>
  <w id="1" lemma="|name|" pos="NN" wid="1">name</w>
  <w id="2" lemma="|of|" pos="IN" wid="2">of</w>
  <w id="3" lemma="|Jesus|" pos="NNP" wid="3">Jesus</w>
  <w id="4" lemma="|.|" pos="." wid="4">.</w>
</sentence>
<sentence id="21">
  <w id="0" lemma="|there|" pos="EX" wid="0">There</w>
  <w id="1" lemma="|be|" pos="VBZ" wid="1">is</w>
  <w id="2" lemma="|no|" pos="DT" wid="2">no</w>
  <w id="3" lemma="|other|" pos="JJ" wid="3">other</w>
  <w id="4" lemma="|name|" pos="NN" wid="4">name</w>
  <w id="5" lemma="|.|" pos="." wid="5">.</w>
</sentence>
<sentence id="22">
  <w id="0" lemma="|perhaps|" pos="RB" wid="0">Perhaps</w>
  <w id="1" lemma="|it|" pos="PRP" wid="1">it</w>
  <w id="2" lemma="|will|" pos="MD" wid="2">will</w>
  <w id="3" lemma="|to|" pos="TO" wid="3">to</w>
  <w id="4" lemma="|do|" pos="VB" wid="4">do</w>
  <w id="5" lemma="|good|" pos="JJ" wid="5">good</w>
  <w id="6" lemma="|to|" pos="TO" wid="6">to</w>
  <w id="7" lemma="|all|" pos="DT" wid="7">all</w>
  <w id="8" lemma="|of|" pos="IN" wid="8">of</w>
  <w id="9" lemma="|we|" pos="PRP" wid="9">us</w>
  <w id="10" lemma="|''|" pos="''" wid="10">''</w>
  <w id="11" lemma="|,|" pos="," wid="11">,</w>
  <w id="12" lemma="|who|" pos="WP" wid="12">who</w>
  <w id="13" lemma="|live|" pos="VBP" wid="13">live</w>
  <w id="14" lemma="|in|" pos="IN" wid="14">in</w>
  <w id="15" lemma="|a|" pos="DT" wid="15">a</w>
  <w id="16" lemma="|``|" pos="``" wid="16">``</w>
  <w id="17" lemma="|world|" pos="NN" wid="17">world</w>
  <w id="18" lemma="|that|" pos="WDT" wid="18">that</w>
  <w id="19" lemma="|offer|" pos="VBZ" wid="19">offers</w>
  <w id="20" lemma="|we|" pos="PRP" wid="20">us</w>
  <w id="21" lemma="|such|" pos="PDT" wid="21">such</w>
  <w id="22" lemma="|a|" pos="DT" wid="22">a</w>
  <w id="23" lemma="|multitude|" pos="NN" wid="23">multitude</w>
  <w id="24" lemma="|of|" pos="IN" wid="24">of</w>
  <w id="25" lemma="|`|" pos="``" wid="25">`</w>
  <w id="26" lemma="|saviours|" pos="FW" wid="26">saviours</w>
  <w id="27" lemma="|'''|" pos="FW" wid="27">'''</w>
  <w id="28" lemma="|,|" pos="," wid="28">,</w>
  <w id="29" lemma="|the|" pos="DT" wid="29">the</w>
  <w id="30" lemma="|Pope|" pos="NNP" wid="30">Pope</w>
  <w id="31" lemma="|say|" pos="VBD" wid="31">said</w>
  <w id="32" lemma="|.|" pos="." wid="32">.</w>
</sentence>
<sentence id="23">
  <w id="0" lemma="|Whenever|" pos="NNP" wid="0">Whenever</w>
  <w id="1" lemma="|there|" pos="EX" wid="1">there</w>
  <w id="2" lemma="|be|" pos="VBP" wid="2">are</w>
  <w id="3" lemma="|problem|" pos="NNS" wid="3">problems</w>
  <w id="4" lemma="|,|" pos="," wid="4">,</w>
  <w id="5" lemma="|he|" pos="PRP" wid="5">he</w>
  <w id="6" lemma="|note|" pos="VBD" wid="6">noted</w>
  <w id="7" lemma="|,|" pos="," wid="7">,</w>
  <w id="8" lemma="|``|" pos="``" wid="8">``</w>
  <w id="9" lemma="|people|" pos="NNS" wid="9">people</w>
  <w id="10" lemma="|do|" pos="VBP" wid="10">do</w>
  <w id="11" lemma="|not|" pos="RB" wid="11">not</w>
  <w id="12" lemma="|commend|" pos="VB" wid="12">commend</w>
  <w id="13" lemma="|themselves|" pos="PRP" wid="13">themselves</w>
  <w id="14" lemma="|to|" pos="TO" wid="14">to</w>
  <w id="15" lemma="|Jesus|" pos="NNP" wid="15">Jesus</w>
  <w id="16" lemma="|,|" pos="," wid="16">,</w>
  <w id="17" lemma="|but|" pos="CC" wid="17">but</w>
  <w id="18" lemma="|to|" pos="TO" wid="18">to</w>
  <w id="19" lemma="|other|" pos="NNS" wid="19">others</w>
  <w id="20" lemma="|''|" pos="''" wid="20">''</w>
  <w id="21" lemma="|,|" pos="," wid="21">,</w>
  <w id="22" lemma="|even|" pos="RB" wid="22">even</w>
  <w id="23" lemma="|turn|" pos="VBG" wid="23">turning</w>
  <w id="24" lemma="|to|" pos="TO" wid="24">to</w>
  <w id="25" lemma="|self-styled|" pos="JJ" wid="25">self-styled</w>
  <w id="26" lemma="|``|" pos="``" wid="26">``</w>
  <w id="27" lemma="|magician|" pos="NNS" wid="27">magicians</w>
  <w id="28" lemma="|''|" pos="''" wid="28">''</w>
  <w id="29" lemma="|,|" pos="," wid="29">,</w>
  <w id="30" lemma="|``|" pos="``" wid="30">``</w>
  <w id="31" lemma="|that|" pos="IN" wid="31">that</w>
  <w id="32" lemma="|they|" pos="PRP" wid="32">they</w>
  <w id="33" lemma="|may|" pos="MD" wid="33">may</w>
  <w id="34" lemma="|resolve|" pos="VB" wid="34">resolve</w>
  <w id="35" lemma="|matter|" pos="NNS" wid="35">matters</w>
  <w id="36" lemma="|''|" pos="''" wid="36">''</w>
  <w id="37" lemma="|.|" pos="." wid="37">.</w>
</sentence>
<sentence id="24">
  <w id="0" lemma="|people|" pos="NNS" wid="0">People</w>
  <w id="1" lemma="|``|" pos="``" wid="1">``</w>
  <w id="2" lemma="|consult|" pos="VB" wid="2">consult</w>
  <w id="3" lemma="|tarot|" pos="NN" wid="3">tarot</w>
  <w id="4" lemma="|card|" pos="NNS" wid="4">cards</w>
  <w id="5" lemma="|''|" pos="''" wid="5">''</w>
  <w id="6" lemma="|,|" pos="," wid="6">,</w>
  <w id="7" lemma="|to|" pos="TO" wid="7">to</w>
  <w id="8" lemma="|know|" pos="VB" wid="8">know</w>
  <w id="9" lemma="|what|" pos="WP" wid="9">what</w>
  <w id="10" lemma="|to|" pos="TO" wid="10">to</w>
  <w id="11" lemma="|do|" pos="VB" wid="11">do</w>
  <w id="12" lemma="|.|" pos="." wid="12">.</w>
</sentence>
<sentence id="25">
  <w id="0" lemma="|but|" pos="CC" wid="0">But</w>
  <w id="1" lemma="|there|" pos="EX" wid="1">there</w>
  <w id="2" lemma="|be|" pos="VBZ" wid="2">is</w>
  <w id="3" lemma="|no|" pos="DT" wid="3">no</w>
  <w id="4" lemma="|salvation|" pos="NN" wid="4">salvation</w>
  <w id="5" lemma="|there|" pos="RB" wid="5">there</w>
  <w id="6" lemma="|:|" pos=":" wid="6">:</w>
  <w id="7" lemma="|it|" pos="PRP" wid="7">it</w>
  <w id="8" lemma="|be|" pos="VBZ" wid="8">is</w>
  <w id="9" lemma="|``|" pos="``" wid="9">``</w>
  <w id="10" lemma="|in|" pos="IN" wid="10">in</w>
  <w id="11" lemma="|the|" pos="DT" wid="11">the</w>
  <w id="12" lemma="|name|" pos="NN" wid="12">name</w>
  <w id="13" lemma="|of|" pos="IN" wid="13">of</w>
  <w id="14" lemma="|Jesus|" pos="NNP" wid="14">Jesus</w>
  <w id="15" lemma="|.|" pos="." wid="15">.</w>
</sentence>
<sentence id="26">
  <w id="0" lemma="|and|" pos="CC" wid="0">And</w>
  <w id="1" lemma="|we|" pos="PRP" wid="1">we</w>
  <w id="2" lemma="|should|" pos="MD" wid="2">should</w>
  <w id="3" lemma="|bear|" pos="VB" wid="3">bear</w>
  <w id="4" lemma="|witness|" pos="NN" wid="4">witness</w>
  <w id="5" lemma="|to|" pos="TO" wid="5">to</w>
  <w id="6" lemma="|this|" pos="DT" wid="6">this</w>
  <w id="7" lemma="|!|" pos="." wid="7">!</w>
</sentence>
<sentence id="27">
  <w id="0" lemma="|he|" pos="PRP" wid="0">He</w>
  <w id="1" lemma="|be|" pos="VBZ" wid="1">is</w>
  <w id="2" lemma="|the|" pos="DT" wid="2">the</w>
  <w id="3" lemma="|one|" pos="CD" wid="3">one</w>
  <w id="4" lemma="|Saviour|" pos="NNP" wid="4">Saviour</w>
  <w id="5" lemma="|''|" pos="''" wid="5">''</w>
  <w id="6" lemma="|.|" pos="." wid="6">.</w>
</sentence>
<sentence id="28">
  <w id="0" lemma="|then|" pos="RB" wid="0">Then</w>
  <w id="1" lemma="|he|" pos="PRP" wid="1">he</w>
  <w id="2" lemma="|speak|" pos="VBD" wid="2">spoke</w>
  <w id="3" lemma="|of|" pos="IN" wid="3">of</w>
  <w id="4" lemma="|Mary|" pos="NNP" wid="4">Mary</w>
  <w id="5" lemma="|.|" pos="." wid="5">.</w>
</sentence>
<sentence id="29">
  <w id="0" lemma="|``|" pos="``" wid="0">``</w>
  <w id="1" lemma="|we|" pos="PRP$" wid="1">Our</w>
  <w id="2" lemma="|lady|" pos="NN" wid="2">Lady</w>
  <w id="3" lemma="|''|" pos="''" wid="3">''</w>
  <w id="4" lemma="|,|" pos="," wid="4">,</w>
  <w id="5" lemma="|Pope|" pos="NNP" wid="5">Pope</w>
  <w id="6" lemma="|Francis|" pos="NNP" wid="6">Francis</w>
  <w id="7" lemma="|say|" pos="VBD" wid="7">said</w>
  <w id="8" lemma="|,|" pos="," wid="8">,</w>
  <w id="9" lemma="|``|" pos="``" wid="9">``</w>
  <w id="10" lemma="|always|" pos="RB" wid="10">always</w>
  <w id="11" lemma="|take|" pos="VBZ" wid="11">takes</w>
  <w id="12" lemma="|we|" pos="PRP" wid="12">us</w>
  <w id="13" lemma="|to|" pos="TO" wid="13">to</w>
  <w id="14" lemma="|Jesus|" pos="NNP" wid="14">Jesus</w>
  <w id="15" lemma="|.|" pos="." wid="15">.</w>
</sentence>
<sentence id="30">
  <w id="0" lemma="|call|" pos="VB" wid="0">Call</w>
  <w id="1" lemma="|upon|" pos="IN" wid="1">upon</w>
  <w id="2" lemma="|we|" pos="PRP$" wid="2">Our</w>
  <w id="3" lemma="|lady|" pos="NN" wid="3">Lady</w>
  <w id="4" lemma="|,|" pos="," wid="4">,</w>
  <w id="5" lemma="|and|" pos="CC" wid="5">and</w>
  <w id="6" lemma="|she|" pos="PRP" wid="6">she</w>
  <w id="7" lemma="|will|" pos="MD" wid="7">will</w>
  <w id="8" lemma="|do|" pos="VB" wid="8">do</w>
  <w id="9" lemma="|what|" pos="WP" wid="9">what</w>
  <w id="10" lemma="|she|" pos="PRP" wid="10">she</w>
  <w id="11" lemma="|do|" pos="VBD" wid="11">did</w>
  <w id="12" lemma="|at|" pos="IN" wid="12">at</w>
  <w id="13" lemma="|Cana|" pos="NNP" wid="13">Cana</w>
  <w id="14" lemma="|:|" pos=":" wid="14">:</w>
  <w id="15" lemma="|`|" pos="``" wid="15">`</w>
  <w id="16" lemma="|do|" pos="VBP" wid="16">Do</w>
  <w id="17" lemma="|whatever|" pos="WDT" wid="17">whatever</w>
  <w id="18" lemma="|he|" pos="PRP" wid="18">he</w>
  <w id="19" lemma="|tell|" pos="VBZ" wid="19">tells</w>
  <w id="20" lemma="|you|" pos="PRP" wid="20">you</w>
  <w id="21" lemma="|!|" pos="." wid="21">!</w>
</sentence>
<sentence id="31">
  <w id="0" lemma="|'''|" pos="NN" wid="0">'''</w>
  <w id="1" lemma="|.|" pos="." wid="1">.</w>
</sentence>
<sentence id="32">
  <w id="0" lemma="|she|" pos="PRP" wid="0">She</w>
  <w id="1" lemma="|``|" pos="``" wid="1">``</w>
  <w id="2" lemma="|be|" pos="VBD" wid="2">was</w>
  <w id="3" lemma="|the|" pos="DT" wid="3">the</w>
  <w id="4" lemma="|first|" pos="JJ" wid="4">first</w>
  <w id="5" lemma="|person|" pos="NN" wid="5">person</w>
  <w id="6" lemma="|to|" pos="TO" wid="6">to</w>
  <w id="7" lemma="|act|" pos="VB" wid="7">act</w>
  <w id="8" lemma="|in|" pos="IN" wid="8">in</w>
  <w id="9" lemma="|the|" pos="DT" wid="9">the</w>
  <w id="10" lemma="|name|" pos="NN" wid="10">name</w>
  <w id="11" lemma="|of|" pos="IN" wid="11">of</w>
  <w id="12" lemma="|Jesus|" pos="NNP" wid="12">Jesus</w>
  <w id="13" lemma="|''|" pos="''" wid="13">''</w>
  <w id="14" lemma="|.|" pos="." wid="14">.</w>
</sentence>
<sentence id="33">
  <w id="0" lemma="|he|" pos="PRP" wid="0">He</w>
  <w id="1" lemma="|finish|" pos="VBD" wid="1">finished</w>
  <w id="2" lemma="|,|" pos="," wid="2">,</w>
  <w id="3" lemma="|``|" pos="``" wid="3">``</w>
  <w id="4" lemma="|today|" pos="NN" wid="4">Today</w>
  <w id="5" lemma="|--|" pos=":" wid="5">--</w>
  <w id="6" lemma="|a|" pos="DT" wid="6">a</w>
  <w id="7" lemma="|day|" pos="NN" wid="7">day</w>
  <w id="8" lemma="|in|" pos="IN" wid="8">in</w>
  <w id="9" lemma="|the|" pos="DT" wid="9">the</w>
  <w id="10" lemma="|week|" pos="NN" wid="10">week</w>
  <w id="11" lemma="|of|" pos="IN" wid="11">of</w>
  <w id="12" lemma="|the|" pos="DT" wid="12">the</w>
  <w id="13" lemma="|Lord|" pos="NNP" wid="13">Lord</w>
  <w id="14" lemma="|'s|" pos="POS" wid="14">'s</w>
  <w id="15" lemma="|resurrection|" pos="NN" wid="15">Resurrection</w>
  <w id="16" lemma="|--|" pos=":" wid="16">--</w>
  <w id="17" lemma="|I|" pos="PRP" wid="17">I</w>
  <w id="18" lemma="|would|" pos="MD" wid="18">would</w>
  <w id="19" lemma="|like|" pos="VB" wid="19">like</w>
  <w id="20" lemma="|we|" pos="PRP" wid="20">us</w>
  <w id="21" lemma="|to|" pos="TO" wid="21">to</w>
  <w id="22" lemma="|carry|" pos="VB" wid="22">carry</w>
  <w id="23" lemma="|this|" pos="DT" wid="23">this</w>
  <w id="24" lemma="|in|" pos="IN" wid="24">in</w>
  <w id="25" lemma="|we|" pos="PRP$" wid="25">our</w>
  <w id="26" lemma="|heart|" pos="NN" wid="26">heart</w>
  <w id="27" lemma="|:|" pos=":" wid="27">:</w>
  <w id="28" lemma="|I|" pos="PRP" wid="28">I</w>
  <w id="29" lemma="|entrust|" pos="VBP" wid="29">entrust</w>
  <w id="30" lemma="|myself|" pos="PRP" wid="30">myself</w>
  <w id="31" lemma="|to|" pos="TO" wid="31">to</w>
  <w id="32" lemma="|the|" pos="DT" wid="32">the</w>
  <w id="33" lemma="|name|" pos="NN" wid="33">name</w>
  <w id="34" lemma="|of|" pos="IN" wid="34">of</w>
  <w id="35" lemma="|Jesus|" pos="NNP" wid="35">Jesus</w>
  <w id="36" lemma="|;|" pos=":" wid="36">;</w>
  <w id="37" lemma="|I|" pos="PRP" wid="37">I</w>
  <w id="38" lemma="|pray|" pos="VBP" wid="38">pray</w>
  <w id="39" lemma="|,|" pos="," wid="39">,</w>
  <w id="40" lemma="|`|" pos="``" wid="40">`</w>
  <w id="41" lemma="|Jesus|" pos="NNP" wid="41">Jesus</w>
  <w id="42" lemma="|,|" pos="," wid="42">,</w>
  <w id="43" lemma="|Jesus|" pos="NNP" wid="43">Jesus</w>
  <w id="44" lemma="|!|" pos="." wid="44">!</w>
  <w id="45" lemma="|'|" pos="''" wid="45">'</w>
  <w id="46" lemma="|''|" pos="''" wid="46">''</w>
  <w id="47" lemma="|.|" pos="." wid="47">.</w>
</sentence>
</corpus>