<corpus id="0">
<sentence id="0">
  <w id="0" lemma="|Dear|" pos="NNP" wid="0">Dear</w>
  <w id="1" lemma="|Brothers|" pos="NNPS" wid="1">Brothers</w>
  <w id="2" lemma="|and|" pos="CC" wid="2">and</w>
  <w id="3" lemma="|sister|" pos="NNS" wid="3">Sisters</w>
  <w id="4" lemma="|,|" pos="," wid="4">,</w>
  <w id="5" lemma="|good|" pos="JJ" wid="5">Good</w>
  <w id="6" lemma="|morning|" pos="NN" wid="6">morning</w>
  <w id="7" lemma="|!|" pos="." wid="7">!</w>
</sentence>
<sentence id="1">
  <w id="0" lemma="|the|" pos="DT" wid="0">The</w>
  <w id="1" lemma="|liturgy|" pos="NN" wid="1">liturgy</w>
  <w id="2" lemma="|for|" pos="IN" wid="2">for</w>
  <w id="3" lemma="|today|" pos="NN" wid="3">today</w>
  <w id="4" lemma="|,|" pos="," wid="4">,</w>
  <w id="5" lemma="|the|" pos="DT" wid="5">the</w>
  <w id="6" lemma="|fourth|" pos="JJ" wid="6">Fourth</w>
  <w id="7" lemma="|and|" pos="CC" wid="7">and</w>
  <w id="8" lemma="|last|" pos="JJ" wid="8">last</w>
  <w id="9" lemma="|Sunday|" pos="NNP" wid="9">Sunday</w>
  <w id="10" lemma="|of|" pos="IN" wid="10">of</w>
  <w id="11" lemma="|Advent|" pos="NNP" wid="11">Advent</w>
  <w id="12" lemma="|,|" pos="," wid="12">,</w>
  <w id="13" lemma="|be|" pos="VBZ" wid="13">is</w>
  <w id="14" lemma="|characterize|" pos="VBN" wid="14">characterized</w>
  <w id="15" lemma="|by|" pos="IN" wid="15">by</w>
  <w id="16" lemma="|the|" pos="DT" wid="16">the</w>
  <w id="17" lemma="|theme|" pos="NN" wid="17">theme</w>
  <w id="18" lemma="|of|" pos="IN" wid="18">of</w>
  <w id="19" lemma="|closeness|" pos="NN" wid="19">closeness</w>
  <w id="20" lemma="|,|" pos="," wid="20">,</w>
  <w id="21" lemma="|God|" pos="NNP" wid="21">God</w>
  <w id="22" lemma="|'s|" pos="POS" wid="22">'s</w>
  <w id="23" lemma="|closeness|" pos="NN" wid="23">closeness</w>
  <w id="24" lemma="|to|" pos="TO" wid="24">to</w>
  <w id="25" lemma="|humanity|" pos="NN" wid="25">humanity</w>
  <w id="26" lemma="|.|" pos="." wid="26">.</w>
</sentence>
<sentence id="2">
  <w id="0" lemma="|the|" pos="DT" wid="0">The</w>
  <w id="1" lemma="|gospel|" pos="NN" wid="1">Gospel</w>
  <w id="2" lemma="|passage|" pos="NN" wid="2">passage</w>
  <w id="3" lemma="|-lrb-|" pos="-LRB-" wid="3">-LRB-</w>
  <w id="4" lemma="|cf|" pos="NN" wid="4">cf</w>
  <w id="5" lemma="|.|" pos="." wid="5">.</w>
</sentence>
<sentence id="3">
  <w id="0" lemma="|mt|" pos="IN" wid="0">Mt</w>
  <w id="1" lemma="|1:18|" pos="CD" wid="1">1:18</w>
  <w id="2" lemma="|-24|" pos="CD" wid="2">-24</w>
  <w id="3" lemma="|-rrb-|" pos="-RRB-" wid="3">-RRB-</w>
  <w id="4" lemma="|show|" pos="VBZ" wid="4">shows</w>
  <w id="5" lemma="|we|" pos="PRP" wid="5">us</w>
  <w id="6" lemma="|two|" pos="CD" wid="6">two</w>
  <w id="7" lemma="|people|" pos="NNS" wid="7">people</w>
  <w id="8" lemma="|,|" pos="," wid="8">,</w>
  <w id="9" lemma="|the|" pos="DT" wid="9">the</w>
  <w id="10" lemma="|two|" pos="CD" wid="10">two</w>
  <w id="11" lemma="|people|" pos="NNS" wid="11">people</w>
  <w id="12" lemma="|who|" pos="WP" wid="12">who</w>
  <w id="13" lemma="|,|" pos="," wid="13">,</w>
  <w id="14" lemma="|more|" pos="JJR" wid="14">more</w>
  <w id="15" lemma="|than|" pos="IN" wid="15">than</w>
  <w id="16" lemma="|anyone|" pos="NN" wid="16">anyone</w>
  <w id="17" lemma="|else|" pos="RB" wid="17">else</w>
  <w id="18" lemma="|,|" pos="," wid="18">,</w>
  <w id="19" lemma="|be|" pos="VBD" wid="19">were</w>
  <w id="20" lemma="|involve|" pos="VBN" wid="20">involved</w>
  <w id="21" lemma="|in|" pos="IN" wid="21">in</w>
  <w id="22" lemma="|this|" pos="DT" wid="22">this</w>
  <w id="23" lemma="|mystery|" pos="NN" wid="23">mystery</w>
  <w id="24" lemma="|of|" pos="IN" wid="24">of</w>
  <w id="25" lemma="|love|" pos="NN" wid="25">love</w>
  <w id="26" lemma="|:|" pos=":" wid="26">:</w>
  <w id="27" lemma="|the|" pos="DT" wid="27">the</w>
  <w id="28" lemma="|Virgin|" pos="NNP" wid="28">Virgin</w>
  <w id="29" lemma="|Mary|" pos="NNP" wid="29">Mary</w>
  <w id="30" lemma="|and|" pos="CC" wid="30">and</w>
  <w id="31" lemma="|she|" pos="PRP$" wid="31">her</w>
  <w id="32" lemma="|husband|" pos="NN" wid="32">husband</w>
  <w id="33" lemma="|,|" pos="," wid="33">,</w>
  <w id="34" lemma="|Joseph|" pos="NNP" wid="34">Joseph</w>
  <w id="35" lemma="|.|" pos="." wid="35">.</w>
</sentence>
<sentence id="4">
  <w id="0" lemma="|a|" pos="DT" wid="0">A</w>
  <w id="1" lemma="|mystery|" pos="NN" wid="1">mystery</w>
  <w id="2" lemma="|of|" pos="IN" wid="2">of</w>
  <w id="3" lemma="|love|" pos="NN" wid="3">love</w>
  <w id="4" lemma="|,|" pos="," wid="4">,</w>
  <w id="5" lemma="|the|" pos="DT" wid="5">the</w>
  <w id="6" lemma="|mystery|" pos="NN" wid="6">mystery</w>
  <w id="7" lemma="|of|" pos="IN" wid="7">of</w>
  <w id="8" lemma="|God|" pos="NNP" wid="8">God</w>
  <w id="9" lemma="|'s|" pos="POS" wid="9">'s</w>
  <w id="10" lemma="|closeness|" pos="NN" wid="10">closeness</w>
  <w id="11" lemma="|to|" pos="TO" wid="11">to</w>
  <w id="12" lemma="|humanity|" pos="NN" wid="12">humanity</w>
  <w id="13" lemma="|.|" pos="." wid="13">.</w>
</sentence>
<sentence id="5">
  <w id="0" lemma="|Mary|" pos="NNP" wid="0">Mary</w>
  <w id="1" lemma="|be|" pos="VBZ" wid="1">is</w>
  <w id="2" lemma="|present|" pos="VBN" wid="2">presented</w>
  <w id="3" lemma="|in|" pos="IN" wid="3">in</w>
  <w id="4" lemma="|the|" pos="DT" wid="4">the</w>
  <w id="5" lemma="|light|" pos="NN" wid="5">light</w>
  <w id="6" lemma="|of|" pos="IN" wid="6">of</w>
  <w id="7" lemma="|the|" pos="DT" wid="7">the</w>
  <w id="8" lemma="|prophet|" pos="NN" wid="8">prophet</w>
  <w id="9" lemma="|who|" pos="WP" wid="9">who</w>
  <w id="10" lemma="|say|" pos="VBZ" wid="10">says</w>
  <w id="11" lemma="|:|" pos=":" wid="11">:</w>
  <w id="12" lemma="|``|" pos="``" wid="12">``</w>
  <w id="13" lemma="|Behold|" pos="NNP" wid="13">Behold</w>
  <w id="14" lemma="|,|" pos="," wid="14">,</w>
  <w id="15" lemma="|a|" pos="DT" wid="15">a</w>
  <w id="16" lemma="|virgin|" pos="JJ" wid="16">virgin</w>
  <w id="17" lemma="|shall|" pos="MD" wid="17">shall</w>
  <w id="18" lemma="|conceive|" pos="VB" wid="18">conceive</w>
  <w id="19" lemma="|and|" pos="CC" wid="19">and</w>
  <w id="20" lemma="|bear|" pos="VB" wid="20">bear</w>
  <w id="21" lemma="|a|" pos="DT" wid="21">a</w>
  <w id="22" lemma="|son|" pos="NN" wid="22">son</w>
  <w id="23" lemma="|''|" pos="''" wid="23">''</w>
  <w id="24" lemma="|-lrb-|" pos="-LRB-" wid="24">-LRB-</w>
  <w id="25" lemma="|v.|" pos="CC" wid="25">v.</w>
  <w id="26" lemma="|23|" pos="CD" wid="26">23</w>
  <w id="27" lemma="|-rrb-|" pos="-RRB-" wid="27">-RRB-</w>
  <w id="28" lemma="|.|" pos="." wid="28">.</w>
</sentence>
<sentence id="6">
  <w id="0" lemma="|Matthew|" pos="NNP" wid="0">Matthew</w>
  <w id="1" lemma="|the|" pos="DT" wid="1">the</w>
  <w id="2" lemma="|Evangelist|" pos="NNP" wid="2">Evangelist</w>
  <w id="3" lemma="|recognize|" pos="VBZ" wid="3">recognizes</w>
  <w id="4" lemma="|that|" pos="IN" wid="4">that</w>
  <w id="5" lemma="|this|" pos="DT" wid="5">this</w>
  <w id="6" lemma="|happen|" pos="VBD" wid="6">happened</w>
  <w id="7" lemma="|in|" pos="IN" wid="7">in</w>
  <w id="8" lemma="|Mary|" pos="NNP" wid="8">Mary</w>
  <w id="9" lemma="|,|" pos="," wid="9">,</w>
  <w id="10" lemma="|who|" pos="WP" wid="10">who</w>
  <w id="11" lemma="|conceive|" pos="VBD" wid="11">conceived</w>
  <w id="12" lemma="|Jesus|" pos="NNP" wid="12">Jesus</w>
  <w id="13" lemma="|through|" pos="IN" wid="13">through</w>
  <w id="14" lemma="|the|" pos="DT" wid="14">the</w>
  <w id="15" lemma="|holy|" pos="JJ" wid="15">Holy</w>
  <w id="16" lemma="|spirit|" pos="NN" wid="16">Spirit</w>
  <w id="17" lemma="|-lrb-|" pos="-LRB-" wid="17">-LRB-</w>
  <w id="18" lemma="|cf|" pos="NN" wid="18">cf</w>
  <w id="19" lemma="|.|" pos="." wid="19">.</w>
</sentence>
<sentence id="7">
  <w id="0" lemma="|v.|" pos="CC" wid="0">v.</w>
  <w id="1" lemma="|18|" pos="CD" wid="1">18</w>
  <w id="2" lemma="|-rrb-|" pos="-RRB-" wid="2">-RRB-</w>
  <w id="3" lemma="|.|" pos="." wid="3">.</w>
</sentence>
<sentence id="8">
  <w id="0" lemma="|the|" pos="DT" wid="0">The</w>
  <w id="1" lemma="|Son|" pos="NNP" wid="1">Son</w>
  <w id="2" lemma="|of|" pos="IN" wid="2">of</w>
  <w id="3" lemma="|God|" pos="NNP" wid="3">God</w>
  <w id="4" lemma="|``|" pos="``" wid="4">``</w>
  <w id="5" lemma="|come|" pos="VBZ" wid="5">comes</w>
  <w id="6" lemma="|''|" pos="''" wid="6">''</w>
  <w id="7" lemma="|into|" pos="IN" wid="7">into</w>
  <w id="8" lemma="|she|" pos="PRP$" wid="8">her</w>
  <w id="9" lemma="|womb|" pos="NN" wid="9">womb</w>
  <w id="10" lemma="|in|" pos="IN" wid="10">in</w>
  <w id="11" lemma="|order|" pos="NN" wid="11">order</w>
  <w id="12" lemma="|to|" pos="TO" wid="12">to</w>
  <w id="13" lemma="|become|" pos="VB" wid="13">become</w>
  <w id="14" lemma="|man|" pos="NN" wid="14">man</w>
  <w id="15" lemma="|,|" pos="," wid="15">,</w>
  <w id="16" lemma="|and|" pos="CC" wid="16">and</w>
  <w id="17" lemma="|she|" pos="PRP" wid="17">she</w>
  <w id="18" lemma="|welcome|" pos="VBZ" wid="18">welcomes</w>
  <w id="19" lemma="|he|" pos="PRP" wid="19">him</w>
  <w id="20" lemma="|.|" pos="." wid="20">.</w>
</sentence>
<sentence id="9">
  <w id="0" lemma="|thus|" pos="RB" wid="0">Thus</w>
  <w id="1" lemma="|,|" pos="," wid="1">,</w>
  <w id="2" lemma="|in|" pos="IN" wid="2">in</w>
  <w id="3" lemma="|a|" pos="DT" wid="3">a</w>
  <w id="4" lemma="|unique|" pos="JJ" wid="4">unique</w>
  <w id="5" lemma="|way|" pos="NN" wid="5">way</w>
  <w id="6" lemma="|,|" pos="," wid="6">,</w>
  <w id="7" lemma="|God|" pos="NNP" wid="7">God</w>
  <w id="8" lemma="|draw|" pos="VBD" wid="8">drew</w>
  <w id="9" lemma="|near|" pos="IN" wid="9">near</w>
  <w id="10" lemma="|to|" pos="TO" wid="10">to</w>
  <w id="11" lemma="|mankind|" pos="NN" wid="11">mankind</w>
  <w id="12" lemma="|,|" pos="," wid="12">,</w>
  <w id="13" lemma="|take|" pos="VBG" wid="13">taking</w>
  <w id="14" lemma="|on|" pos="IN" wid="14">on</w>
  <w id="15" lemma="|flesh|" pos="NN" wid="15">flesh</w>
  <w id="16" lemma="|through|" pos="IN" wid="16">through</w>
  <w id="17" lemma="|a|" pos="DT" wid="17">a</w>
  <w id="18" lemma="|woman|" pos="NN" wid="18">woman</w>
  <w id="19" lemma="|:|" pos=":" wid="19">:</w>
  <w id="20" lemma="|God|" pos="NNP" wid="20">God</w>
  <w id="21" lemma="|draw|" pos="VBD" wid="21">drew</w>
  <w id="22" lemma="|near|" pos="IN" wid="22">near</w>
  <w id="23" lemma="|to|" pos="TO" wid="23">to</w>
  <w id="24" lemma="|we|" pos="PRP" wid="24">us</w>
  <w id="25" lemma="|and|" pos="CC" wid="25">and</w>
  <w id="26" lemma="|take|" pos="VBD" wid="26">took</w>
  <w id="27" lemma="|on|" pos="IN" wid="27">on</w>
  <w id="28" lemma="|flesh|" pos="NN" wid="28">flesh</w>
  <w id="29" lemma="|through|" pos="IN" wid="29">through</w>
  <w id="30" lemma="|a|" pos="DT" wid="30">a</w>
  <w id="31" lemma="|woman|" pos="NN" wid="31">woman</w>
  <w id="32" lemma="|.|" pos="." wid="32">.</w>
</sentence>
<sentence id="10">
  <w id="0" lemma="|to|" pos="TO" wid="0">To</w>
  <w id="1" lemma="|we|" pos="PRP" wid="1">us</w>
  <w id="2" lemma="|too|" pos="RB" wid="2">too</w>
  <w id="3" lemma="|,|" pos="," wid="3">,</w>
  <w id="4" lemma="|in|" pos="IN" wid="4">in</w>
  <w id="5" lemma="|a|" pos="DT" wid="5">a</w>
  <w id="6" lemma="|different|" pos="JJ" wid="6">different</w>
  <w id="7" lemma="|way|" pos="NN" wid="7">way</w>
  <w id="8" lemma="|,|" pos="," wid="8">,</w>
  <w id="9" lemma="|God|" pos="NNP" wid="9">God</w>
  <w id="10" lemma="|draw|" pos="VBZ" wid="10">draws</w>
  <w id="11" lemma="|near|" pos="IN" wid="11">near</w>
  <w id="12" lemma="|with|" pos="IN" wid="12">with</w>
  <w id="13" lemma="|he|" pos="PRP$" wid="13">his</w>
  <w id="14" lemma="|grace|" pos="NN" wid="14">grace</w>
  <w id="15" lemma="|in|" pos="IN" wid="15">in</w>
  <w id="16" lemma="|order|" pos="NN" wid="16">order</w>
  <w id="17" lemma="|to|" pos="TO" wid="17">to</w>
  <w id="18" lemma="|enter|" pos="VB" wid="18">enter</w>
  <w id="19" lemma="|we|" pos="PRP$" wid="19">our</w>
  <w id="20" lemma="|life|" pos="NN" wid="20">life</w>
  <w id="21" lemma="|and|" pos="CC" wid="21">and</w>
  <w id="22" lemma="|offer|" pos="VB" wid="22">offer</w>
  <w id="23" lemma="|we|" pos="PRP" wid="23">us</w>
  <w id="24" lemma="|the|" pos="DT" wid="24">the</w>
  <w id="25" lemma="|gift|" pos="NN" wid="25">gift</w>
  <w id="26" lemma="|of|" pos="IN" wid="26">of</w>
  <w id="27" lemma="|he|" pos="PRP$" wid="27">his</w>
  <w id="28" lemma="|Son|" pos="NNP" wid="28">Son</w>
  <w id="29" lemma="|.|" pos="." wid="29">.</w>
</sentence>
<sentence id="11">
  <w id="0" lemma="|what|" pos="WP" wid="0">What</w>
  <w id="1" lemma="|do|" pos="VBP" wid="1">do</w>
  <w id="2" lemma="|we|" pos="PRP" wid="2">we</w>
  <w id="3" lemma="|do|" pos="VB" wid="3">do</w>
  <w id="4" lemma="|?|" pos="." wid="4">?</w>
</sentence>
<sentence id="12">
  <w id="0" lemma="|do|" pos="VBP" wid="0">Do</w>
  <w id="1" lemma="|we|" pos="PRP" wid="1">we</w>
  <w id="2" lemma="|welcome|" pos="VB" wid="2">welcome</w>
  <w id="3" lemma="|he|" pos="PRP" wid="3">him</w>
  <w id="4" lemma="|,|" pos="," wid="4">,</w>
  <w id="5" lemma="|let|" pos="VB" wid="5">let</w>
  <w id="6" lemma="|he|" pos="PRP" wid="6">him</w>
  <w id="7" lemma="|draw|" pos="VB" wid="7">draw</w>
  <w id="8" lemma="|near|" pos="IN" wid="8">near</w>
  <w id="9" lemma="|,|" pos="," wid="9">,</w>
  <w id="10" lemma="|or|" pos="CC" wid="10">or</w>
  <w id="11" lemma="|do|" pos="VBP" wid="11">do</w>
  <w id="12" lemma="|we|" pos="PRP" wid="12">we</w>
  <w id="13" lemma="|reject|" pos="VB" wid="13">reject</w>
  <w id="14" lemma="|he|" pos="PRP" wid="14">him</w>
  <w id="15" lemma="|,|" pos="," wid="15">,</w>
  <w id="16" lemma="|push|" pos="VB" wid="16">push</w>
  <w id="17" lemma="|he|" pos="PRP" wid="17">him</w>
  <w id="18" lemma="|away|" pos="RB" wid="18">away</w>
  <w id="19" lemma="|?|" pos="." wid="19">?</w>
</sentence>
<sentence id="13">
  <w id="0" lemma="|as|" pos="IN" wid="0">As</w>
  <w id="1" lemma="|Mary|" pos="NNP" wid="1">Mary</w>
  <w id="2" lemma="|,|" pos="," wid="2">,</w>
  <w id="3" lemma="|freely|" pos="RB" wid="3">freely</w>
  <w id="4" lemma="|offer|" pos="VBG" wid="4">offering</w>
  <w id="5" lemma="|herself|" pos="PRP" wid="5">herself</w>
  <w id="6" lemma="|to|" pos="TO" wid="6">to</w>
  <w id="7" lemma="|the|" pos="DT" wid="7">the</w>
  <w id="8" lemma="|lord|" pos="NN" wid="8">Lord</w>
  <w id="9" lemma="|of|" pos="IN" wid="9">of</w>
  <w id="10" lemma="|history|" pos="NN" wid="10">history</w>
  <w id="11" lemma="|,|" pos="," wid="11">,</w>
  <w id="12" lemma="|allow|" pos="VBD" wid="12">allowed</w>
  <w id="13" lemma="|he|" pos="PRP" wid="13">him</w>
  <w id="14" lemma="|to|" pos="TO" wid="14">to</w>
  <w id="15" lemma="|change|" pos="VB" wid="15">change</w>
  <w id="16" lemma="|the|" pos="DT" wid="16">the</w>
  <w id="17" lemma="|destiny|" pos="NN" wid="17">destiny</w>
  <w id="18" lemma="|of|" pos="IN" wid="18">of</w>
  <w id="19" lemma="|mankind|" pos="NN" wid="19">mankind</w>
  <w id="20" lemma="|,|" pos="," wid="20">,</w>
  <w id="21" lemma="|so|" pos="RB" wid="21">so</w>
  <w id="22" lemma="|too|" pos="RB" wid="22">too</w>
  <w id="23" lemma="|can|" pos="MD" wid="23">can</w>
  <w id="24" lemma="|we|" pos="PRP" wid="24">we</w>
  <w id="25" lemma="|,|" pos="," wid="25">,</w>
  <w id="26" lemma="|by|" pos="IN" wid="26">by</w>
  <w id="27" lemma="|welcome|" pos="VBG" wid="27">welcoming</w>
  <w id="28" lemma="|Jesus|" pos="NNP" wid="28">Jesus</w>
  <w id="29" lemma="|and|" pos="CC" wid="29">and</w>
  <w id="30" lemma="|seek|" pos="VBG" wid="30">seeking</w>
  <w id="31" lemma="|to|" pos="TO" wid="31">to</w>
  <w id="32" lemma="|follow|" pos="VB" wid="32">follow</w>
  <w id="33" lemma="|he|" pos="PRP" wid="33">him</w>
  <w id="34" lemma="|each|" pos="DT" wid="34">each</w>
  <w id="35" lemma="|day|" pos="NN" wid="35">day</w>
  <w id="36" lemma="|,|" pos="," wid="36">,</w>
  <w id="37" lemma="|cooperate|" pos="VBP" wid="37">cooperate</w>
  <w id="38" lemma="|in|" pos="IN" wid="38">in</w>
  <w id="39" lemma="|he|" pos="PRP$" wid="39">his</w>
  <w id="40" lemma="|salvific|" pos="JJ" wid="40">salvific</w>
  <w id="41" lemma="|plan|" pos="NN" wid="41">plan</w>
  <w id="42" lemma="|for|" pos="IN" wid="42">for</w>
  <w id="43" lemma="|we|" pos="PRP" wid="43">us</w>
  <w id="44" lemma="|and|" pos="CC" wid="44">and</w>
  <w id="45" lemma="|for|" pos="IN" wid="45">for</w>
  <w id="46" lemma="|the|" pos="DT" wid="46">the</w>
  <w id="47" lemma="|world|" pos="NN" wid="47">world</w>
  <w id="48" lemma="|.|" pos="." wid="48">.</w>
</sentence>
<sentence id="14">
  <w id="0" lemma="|Mary|" pos="NNP" wid="0">Mary</w>
  <w id="1" lemma="|thus|" pos="RB" wid="1">thus</w>
  <w id="2" lemma="|appear|" pos="VBZ" wid="2">appears</w>
  <w id="3" lemma="|to|" pos="TO" wid="3">to</w>
  <w id="4" lemma="|we|" pos="PRP" wid="4">us</w>
  <w id="5" lemma="|as|" pos="IN" wid="5">as</w>
  <w id="6" lemma="|a|" pos="DT" wid="6">a</w>
  <w id="7" lemma="|model|" pos="NN" wid="7">model</w>
  <w id="8" lemma="|to|" pos="TO" wid="8">to</w>
  <w id="9" lemma="|look|" pos="VB" wid="9">look</w>
  <w id="10" lemma="|to|" pos="TO" wid="10">to</w>
  <w id="11" lemma="|and|" pos="CC" wid="11">and</w>
  <w id="12" lemma="|upon|" pos="IN" wid="12">upon</w>
  <w id="13" lemma="|whose|" pos="WP$" wid="13">whose</w>
  <w id="14" lemma="|support|" pos="NN" wid="14">support</w>
  <w id="15" lemma="|we|" pos="PRP" wid="15">we</w>
  <w id="16" lemma="|can|" pos="MD" wid="16">can</w>
  <w id="17" lemma="|count|" pos="VB" wid="17">count</w>
  <w id="18" lemma="|in|" pos="IN" wid="18">in</w>
  <w id="19" lemma="|we|" pos="PRP$" wid="19">our</w>
  <w id="20" lemma="|search|" pos="NN" wid="20">search</w>
  <w id="21" lemma="|for|" pos="IN" wid="21">for</w>
  <w id="22" lemma="|God|" pos="NNP" wid="22">God</w>
  <w id="23" lemma="|,|" pos="," wid="23">,</w>
  <w id="24" lemma="|in|" pos="IN" wid="24">in</w>
  <w id="25" lemma="|we|" pos="PRP$" wid="25">our</w>
  <w id="26" lemma="|closeness|" pos="NN" wid="26">closeness</w>
  <w id="27" lemma="|to|" pos="TO" wid="27">to</w>
  <w id="28" lemma="|God|" pos="NNP" wid="28">God</w>
  <w id="29" lemma="|,|" pos="," wid="29">,</w>
  <w id="30" lemma="|in|" pos="IN" wid="30">in</w>
  <w id="31" lemma="|thus|" pos="RB" wid="31">thus</w>
  <w id="32" lemma="|allow|" pos="VBG" wid="32">allowing</w>
  <w id="33" lemma="|God|" pos="NNP" wid="33">God</w>
  <w id="34" lemma="|to|" pos="TO" wid="34">to</w>
  <w id="35" lemma="|draw|" pos="VB" wid="35">draw</w>
  <w id="36" lemma="|close|" pos="RB" wid="36">close</w>
  <w id="37" lemma="|to|" pos="TO" wid="37">to</w>
  <w id="38" lemma="|we|" pos="PRP" wid="38">us</w>
  <w id="39" lemma="|and|" pos="CC" wid="39">and</w>
  <w id="40" lemma="|in|" pos="IN" wid="40">in</w>
  <w id="41" lemma="|we|" pos="PRP$" wid="41">our</w>
  <w id="42" lemma="|commitment|" pos="NN" wid="42">commitment</w>
  <w id="43" lemma="|to|" pos="TO" wid="43">to</w>
  <w id="44" lemma="|build|" pos="VB" wid="44">build</w>
  <w id="45" lemma="|the|" pos="DT" wid="45">the</w>
  <w id="46" lemma="|culture|" pos="NN" wid="46">culture</w>
  <w id="47" lemma="|of|" pos="IN" wid="47">of</w>
  <w id="48" lemma="|love|" pos="NN" wid="48">love</w>
  <w id="49" lemma="|.|" pos="." wid="49">.</w>
</sentence>
<sentence id="15">
  <w id="0" lemma="|the|" pos="DT" wid="0">The</w>
  <w id="1" lemma="|other|" pos="JJ" wid="1">other</w>
  <w id="2" lemma="|protagonist|" pos="NN" wid="2">protagonist</w>
  <w id="3" lemma="|of|" pos="IN" wid="3">of</w>
  <w id="4" lemma="|today|" pos="NN" wid="4">today</w>
  <w id="5" lemma="|'s|" pos="POS" wid="5">'s</w>
  <w id="6" lemma="|Gospel|" pos="NNP" wid="6">Gospel</w>
  <w id="7" lemma="|be|" pos="VBZ" wid="7">is</w>
  <w id="8" lemma="|Saint|" pos="NNP" wid="8">Saint</w>
  <w id="9" lemma="|Joseph|" pos="NNP" wid="9">Joseph</w>
  <w id="10" lemma="|.|" pos="." wid="10">.</w>
</sentence>
<sentence id="16">
  <w id="0" lemma="|the|" pos="DT" wid="0">The</w>
  <w id="1" lemma="|Evangelist|" pos="NNP" wid="1">Evangelist</w>
  <w id="2" lemma="|highlight|" pos="VBZ" wid="2">highlights</w>
  <w id="3" lemma="|that|" pos="IN" wid="3">that</w>
  <w id="4" lemma="|alone|" pos="RB" wid="4">alone</w>
  <w id="5" lemma="|,|" pos="," wid="5">,</w>
  <w id="6" lemma="|Joseph|" pos="NNP" wid="6">Joseph</w>
  <w id="7" lemma="|can|" pos="MD" wid="7">can</w>
  <w id="8" lemma="|not|" pos="RB" wid="8">not</w>
  <w id="9" lemma="|explain|" pos="VB" wid="9">explain</w>
  <w id="10" lemma="|to|" pos="TO" wid="10">to</w>
  <w id="11" lemma="|himself|" pos="PRP" wid="11">himself</w>
  <w id="12" lemma="|the|" pos="DT" wid="12">the</w>
  <w id="13" lemma="|event|" pos="NN" wid="13">event</w>
  <w id="14" lemma="|which|" pos="WDT" wid="14">which</w>
  <w id="15" lemma="|he|" pos="PRP" wid="15">he</w>
  <w id="16" lemma="|see|" pos="VBZ" wid="16">sees</w>
  <w id="17" lemma="|take|" pos="VBG" wid="17">taking</w>
  <w id="18" lemma="|place|" pos="NN" wid="18">place</w>
  <w id="19" lemma="|before|" pos="IN" wid="19">before</w>
  <w id="20" lemma="|he|" pos="PRP$" wid="20">his</w>
  <w id="21" lemma="|eye|" pos="NNS" wid="21">eyes</w>
  <w id="22" lemma="|,|" pos="," wid="22">,</w>
  <w id="23" lemma="|namely|" pos="RB" wid="23">namely</w>
  <w id="24" lemma="|,|" pos="," wid="24">,</w>
  <w id="25" lemma="|Mary|" pos="NNP" wid="25">Mary</w>
  <w id="26" lemma="|'s|" pos="POS" wid="26">'s</w>
  <w id="27" lemma="|pregnancy|" pos="NN" wid="27">pregnancy</w>
  <w id="28" lemma="|.|" pos="." wid="28">.</w>
</sentence>
<sentence id="17">
  <w id="0" lemma="|just|" pos="RB" wid="0">Just</w>
  <w id="1" lemma="|then|" pos="RB" wid="1">then</w>
  <w id="2" lemma="|,|" pos="," wid="2">,</w>
  <w id="3" lemma="|in|" pos="IN" wid="3">in</w>
  <w id="4" lemma="|that|" pos="DT" wid="4">that</w>
  <w id="5" lemma="|moment|" pos="NN" wid="5">moment</w>
  <w id="6" lemma="|of|" pos="IN" wid="6">of</w>
  <w id="7" lemma="|doubt|" pos="NN" wid="7">doubt</w>
  <w id="8" lemma="|,|" pos="," wid="8">,</w>
  <w id="9" lemma="|even|" pos="RB" wid="9">even</w>
  <w id="10" lemma="|anguish|" pos="NN" wid="10">anguish</w>
  <w id="11" lemma="|,|" pos="," wid="11">,</w>
  <w id="12" lemma="|God|" pos="NNP" wid="12">God</w>
  <w id="13" lemma="|approach|" pos="VBZ" wid="13">approaches</w>
  <w id="14" lemma="|he|" pos="PRP" wid="14">him</w>
  <w id="15" lemma="|--|" pos=":" wid="15">--</w>
  <w id="16" lemma="|he|" pos="PRP" wid="16">him</w>
  <w id="17" lemma="|too|" pos="RB" wid="17">too</w>
  <w id="18" lemma="|--|" pos=":" wid="18">--</w>
  <w id="19" lemma="|through|" pos="IN" wid="19">through</w>
  <w id="20" lemma="|he|" pos="PRP$" wid="20">his</w>
  <w id="21" lemma="|messenger|" pos="NN" wid="21">messenger</w>
  <w id="22" lemma="|and|" pos="CC" wid="22">and</w>
  <w id="23" lemma="|-lsb-|" pos="-LRB-" wid="23">-LSB-</w>
  <w id="24" lemma="|Joseph|" pos="NNP" wid="24">Joseph</w>
  <w id="25" lemma="|-rsb-|" pos="-RRB-" wid="25">-RSB-</w>
  <w id="26" lemma="|be|" pos="VBZ" wid="26">is</w>
  <w id="27" lemma="|enlighten|" pos="VBN" wid="27">enlightened</w>
  <w id="28" lemma="|about|" pos="IN" wid="28">about</w>
  <w id="29" lemma="|the|" pos="DT" wid="29">the</w>
  <w id="30" lemma="|nature|" pos="NN" wid="30">nature</w>
  <w id="31" lemma="|of|" pos="IN" wid="31">of</w>
  <w id="32" lemma="|this|" pos="DT" wid="32">this</w>
  <w id="33" lemma="|maternity|" pos="NN" wid="33">maternity</w>
  <w id="34" lemma="|:|" pos=":" wid="34">:</w>
  <w id="35" lemma="|``|" pos="``" wid="35">``</w>
  <w id="36" lemma="|the|" pos="DT" wid="36">the</w>
  <w id="37" lemma="|child|" pos="NN" wid="37">child</w>
  <w id="38" lemma="|conceive|" pos="VBN" wid="38">conceived</w>
  <w id="39" lemma="|in|" pos="IN" wid="39">in</w>
  <w id="40" lemma="|she|" pos="PRP" wid="40">her</w>
  <w id="41" lemma="|be|" pos="VBZ" wid="41">is</w>
  <w id="42" lemma="|of|" pos="IN" wid="42">of</w>
  <w id="43" lemma="|the|" pos="DT" wid="43">the</w>
  <w id="44" lemma="|holy|" pos="JJ" wid="44">Holy</w>
  <w id="45" lemma="|spirit|" pos="NN" wid="45">Spirit</w>
  <w id="46" lemma="|''|" pos="''" wid="46">''</w>
  <w id="47" lemma="|-lrb-|" pos="-LRB-" wid="47">-LRB-</w>
  <w id="48" lemma="|cf|" pos="NN" wid="48">cf</w>
  <w id="49" lemma="|.|" pos="." wid="49">.</w>
</sentence>
<sentence id="18">
  <w id="0" lemma="|v.|" pos="CC" wid="0">v.</w>
  <w id="1" lemma="|20|" pos="CD" wid="1">20</w>
  <w id="2" lemma="|-rrb-|" pos="-RRB-" wid="2">-RRB-</w>
  <w id="3" lemma="|.|" pos="." wid="3">.</w>
</sentence>
<sentence id="19">
  <w id="0" lemma="|thus|" pos="RB" wid="0">Thus</w>
  <w id="1" lemma="|,|" pos="," wid="1">,</w>
  <w id="2" lemma="|in|" pos="IN" wid="2">in</w>
  <w id="3" lemma="|face|" pos="VBG" wid="3">facing</w>
  <w id="4" lemma="|this|" pos="DT" wid="4">this</w>
  <w id="5" lemma="|extraordinary|" pos="JJ" wid="5">extraordinary</w>
  <w id="6" lemma="|event|" pos="NN" wid="6">event</w>
  <w id="7" lemma="|,|" pos="," wid="7">,</w>
  <w id="8" lemma="|which|" pos="WDT" wid="8">which</w>
  <w id="9" lemma="|surely|" pos="RB" wid="9">surely</w>
  <w id="10" lemma="|give|" pos="VBD" wid="10">gave</w>
  <w id="11" lemma="|rise|" pos="NN" wid="11">rise</w>
  <w id="12" lemma="|to|" pos="TO" wid="12">to</w>
  <w id="13" lemma="|many|" pos="JJ" wid="13">many</w>
  <w id="14" lemma="|question|" pos="NNS" wid="14">questions</w>
  <w id="15" lemma="|in|" pos="IN" wid="15">in</w>
  <w id="16" lemma="|he|" pos="PRP$" wid="16">his</w>
  <w id="17" lemma="|heart|" pos="NN" wid="17">heart</w>
  <w id="18" lemma="|,|" pos="," wid="18">,</w>
  <w id="19" lemma="|he|" pos="PRP" wid="19">he</w>
  <w id="20" lemma="|trust|" pos="NNS" wid="20">trusts</w>
  <w id="21" lemma="|totally|" pos="RB" wid="21">totally</w>
  <w id="22" lemma="|in|" pos="IN" wid="22">in</w>
  <w id="23" lemma="|God|" pos="NNP" wid="23">God</w>
  <w id="24" lemma="|who|" pos="WP" wid="24">who</w>
  <w id="25" lemma="|have|" pos="VBZ" wid="25">has</w>
  <w id="26" lemma="|draw|" pos="VBN" wid="26">drawn</w>
  <w id="27" lemma="|near|" pos="IN" wid="27">near</w>
  <w id="28" lemma="|to|" pos="TO" wid="28">to</w>
  <w id="29" lemma="|he|" pos="PRP" wid="29">him</w>
  <w id="30" lemma="|,|" pos="," wid="30">,</w>
  <w id="31" lemma="|and|" pos="CC" wid="31">and</w>
  <w id="32" lemma="|after|" pos="IN" wid="32">after</w>
  <w id="33" lemma="|he|" pos="PRP$" wid="33">his</w>
  <w id="34" lemma="|invitation|" pos="NN" wid="34">invitation</w>
  <w id="35" lemma="|,|" pos="," wid="35">,</w>
  <w id="36" lemma="|do|" pos="VBZ" wid="36">does</w>
  <w id="37" lemma="|not|" pos="RB" wid="37">not</w>
  <w id="38" lemma="|repudiate|" pos="VB" wid="38">repudiate</w>
  <w id="39" lemma="|he|" pos="PRP$" wid="39">his</w>
  <w id="40" lemma="|betrothed|" pos="NN" wid="40">betrothed</w>
  <w id="41" lemma="|,|" pos="," wid="41">,</w>
  <w id="42" lemma="|but|" pos="CC" wid="42">but</w>
  <w id="43" lemma="|take|" pos="VBZ" wid="43">takes</w>
  <w id="44" lemma="|she|" pos="PRP" wid="44">her</w>
  <w id="45" lemma="|to|" pos="TO" wid="45">to</w>
  <w id="46" lemma="|he|" pos="PRP" wid="46">him</w>
  <w id="47" lemma="|and|" pos="CC" wid="47">and</w>
  <w id="48" lemma="|take|" pos="VBZ" wid="48">takes</w>
  <w id="49" lemma="|Mary|" pos="NNP" wid="49">Mary</w>
  <w id="50" lemma="|to|" pos="TO" wid="50">to</w>
  <w id="51" lemma="|wife|" pos="NN" wid="51">wife</w>
  <w id="52" lemma="|.|" pos="." wid="52">.</w>
</sentence>
<sentence id="20">
  <w id="0" lemma="|in|" pos="IN" wid="0">In</w>
  <w id="1" lemma="|accept|" pos="VBG" wid="1">accepting</w>
  <w id="2" lemma="|Mary|" pos="NNP" wid="2">Mary</w>
  <w id="3" lemma="|,|" pos="," wid="3">,</w>
  <w id="4" lemma="|Joseph|" pos="NNP" wid="4">Joseph</w>
  <w id="5" lemma="|knowingly|" pos="RB" wid="5">knowingly</w>
  <w id="6" lemma="|and|" pos="CC" wid="6">and</w>
  <w id="7" lemma="|lovingly|" pos="RB" wid="7">lovingly</w>
  <w id="8" lemma="|receive|" pos="VBZ" wid="8">receives</w>
  <w id="9" lemma="|he|" pos="PRP" wid="9">Him</w>
  <w id="10" lemma="|who|" pos="WP" wid="10">who</w>
  <w id="11" lemma="|have|" pos="VBZ" wid="11">has</w>
  <w id="12" lemma="|be|" pos="VBN" wid="12">been</w>
  <w id="13" lemma="|conceive|" pos="VBN" wid="13">conceived</w>
  <w id="14" lemma="|in|" pos="IN" wid="14">in</w>
  <w id="15" lemma="|she|" pos="PRP" wid="15">her</w>
  <w id="16" lemma="|through|" pos="IN" wid="16">through</w>
  <w id="17" lemma="|the|" pos="DT" wid="17">the</w>
  <w id="18" lemma="|wondrous|" pos="JJ" wid="18">wondrous</w>
  <w id="19" lemma="|work|" pos="NN" wid="19">work</w>
  <w id="20" lemma="|of|" pos="IN" wid="20">of</w>
  <w id="21" lemma="|God|" pos="NNP" wid="21">God</w>
  <w id="22" lemma="|,|" pos="," wid="22">,</w>
  <w id="23" lemma="|for|" pos="IN" wid="23">for</w>
  <w id="24" lemma="|whom|" pos="WP" wid="24">whom</w>
  <w id="25" lemma="|nothing|" pos="NN" wid="25">nothing</w>
  <w id="26" lemma="|be|" pos="VBZ" wid="26">is</w>
  <w id="27" lemma="|impossible|" pos="JJ" wid="27">impossible</w>
  <w id="28" lemma="|.|" pos="." wid="28">.</w>
</sentence>
<sentence id="21">
  <w id="0" lemma="|Joseph|" pos="NNP" wid="0">Joseph</w>
  <w id="1" lemma="|,|" pos="," wid="1">,</w>
  <w id="2" lemma="|a|" pos="DT" wid="2">a</w>
  <w id="3" lemma="|just|" pos="RB" wid="3">just</w>
  <w id="4" lemma="|and|" pos="CC" wid="4">and</w>
  <w id="5" lemma="|humble|" pos="JJ" wid="5">humble</w>
  <w id="6" lemma="|man|" pos="NN" wid="6">man</w>
  <w id="7" lemma="|-lrb-|" pos="-LRB-" wid="7">-LRB-</w>
  <w id="8" lemma="|cf|" pos="NN" wid="8">cf</w>
  <w id="9" lemma="|.|" pos="." wid="9">.</w>
</sentence>
<sentence id="22">
  <w id="0" lemma="|v.|" pos="CC" wid="0">v.</w>
  <w id="1" lemma="|19|" pos="CD" wid="1">19</w>
  <w id="2" lemma="|-rrb-|" pos="-RRB-" wid="2">-RRB-</w>
  <w id="3" lemma="|,|" pos="," wid="3">,</w>
  <w id="4" lemma="|teach|" pos="VBZ" wid="4">teaches</w>
  <w id="5" lemma="|we|" pos="PRP" wid="5">us</w>
  <w id="6" lemma="|to|" pos="TO" wid="6">to</w>
  <w id="7" lemma="|always|" pos="RB" wid="7">always</w>
  <w id="8" lemma="|trust|" pos="VB" wid="8">trust</w>
  <w id="9" lemma="|in|" pos="IN" wid="9">in</w>
  <w id="10" lemma="|God|" pos="NNP" wid="10">God</w>
  <w id="11" lemma="|,|" pos="," wid="11">,</w>
  <w id="12" lemma="|who|" pos="WP" wid="12">who</w>
  <w id="13" lemma="|draw|" pos="VBZ" wid="13">draws</w>
  <w id="14" lemma="|near|" pos="JJ" wid="14">near</w>
  <w id="15" lemma="|to|" pos="TO" wid="15">to</w>
  <w id="16" lemma="|we|" pos="PRP" wid="16">us</w>
  <w id="17" lemma="|:|" pos=":" wid="17">:</w>
  <w id="18" lemma="|when|" pos="WRB" wid="18">when</w>
  <w id="19" lemma="|God|" pos="NNP" wid="19">God</w>
  <w id="20" lemma="|approach|" pos="VBZ" wid="20">approaches</w>
  <w id="21" lemma="|we|" pos="PRP" wid="21">us</w>
  <w id="22" lemma="|,|" pos="," wid="22">,</w>
  <w id="23" lemma="|we|" pos="PRP" wid="23">we</w>
  <w id="24" lemma="|must|" pos="MD" wid="24">must</w>
  <w id="25" lemma="|entrust|" pos="VB" wid="25">entrust</w>
  <w id="26" lemma="|ourselves|" pos="PRP" wid="26">ourselves</w>
  <w id="27" lemma="|to|" pos="TO" wid="27">to</w>
  <w id="28" lemma="|he|" pos="PRP" wid="28">him</w>
  <w id="29" lemma="|.|" pos="." wid="29">.</w>
</sentence>
<sentence id="23">
  <w id="0" lemma="|Joseph|" pos="NNP" wid="0">Joseph</w>
  <w id="1" lemma="|teach|" pos="VBZ" wid="1">teaches</w>
  <w id="2" lemma="|we|" pos="PRP" wid="2">us</w>
  <w id="3" lemma="|to|" pos="TO" wid="3">to</w>
  <w id="4" lemma="|allow|" pos="VB" wid="4">allow</w>
  <w id="5" lemma="|ourselves|" pos="PRP" wid="5">ourselves</w>
  <w id="6" lemma="|to|" pos="TO" wid="6">to</w>
  <w id="7" lemma="|be|" pos="VB" wid="7">be</w>
  <w id="8" lemma="|guide|" pos="VBN" wid="8">guided</w>
  <w id="9" lemma="|by|" pos="IN" wid="9">by</w>
  <w id="10" lemma="|he|" pos="PRP" wid="10">Him</w>
  <w id="11" lemma="|with|" pos="IN" wid="11">with</w>
  <w id="12" lemma="|willing|" pos="JJ" wid="12">willing</w>
  <w id="13" lemma="|obedience|" pos="NN" wid="13">obedience</w>
  <w id="14" lemma="|.|" pos="." wid="14">.</w>
</sentence>
<sentence id="24">
  <w id="0" lemma="|these|" pos="DT" wid="0">These</w>
  <w id="1" lemma="|two|" pos="CD" wid="1">two</w>
  <w id="2" lemma="|figure|" pos="NNS" wid="2">figures</w>
  <w id="3" lemma="|,|" pos="," wid="3">,</w>
  <w id="4" lemma="|Mary|" pos="NNP" wid="4">Mary</w>
  <w id="5" lemma="|and|" pos="CC" wid="5">and</w>
  <w id="6" lemma="|Joseph|" pos="NNP" wid="6">Joseph</w>
  <w id="7" lemma="|,|" pos="," wid="7">,</w>
  <w id="8" lemma="|who|" pos="WP" wid="8">who</w>
  <w id="9" lemma="|be|" pos="VBD" wid="9">were</w>
  <w id="10" lemma="|the|" pos="DT" wid="10">the</w>
  <w id="11" lemma="|first|" pos="JJ" wid="11">first</w>
  <w id="12" lemma="|to|" pos="TO" wid="12">to</w>
  <w id="13" lemma="|welcome|" pos="VB" wid="13">welcome</w>
  <w id="14" lemma="|Jesus|" pos="NNP" wid="14">Jesus</w>
  <w id="15" lemma="|through|" pos="IN" wid="15">through</w>
  <w id="16" lemma="|faith|" pos="NN" wid="16">faith</w>
  <w id="17" lemma="|,|" pos="," wid="17">,</w>
  <w id="18" lemma="|introduce|" pos="VB" wid="18">introduce</w>
  <w id="19" lemma="|we|" pos="PRP" wid="19">us</w>
  <w id="20" lemma="|to|" pos="TO" wid="20">to</w>
  <w id="21" lemma="|the|" pos="DT" wid="21">the</w>
  <w id="22" lemma="|mystery|" pos="NN" wid="22">mystery</w>
  <w id="23" lemma="|of|" pos="IN" wid="23">of</w>
  <w id="24" lemma="|Christmas|" pos="NNP" wid="24">Christmas</w>
  <w id="25" lemma="|.|" pos="." wid="25">.</w>
</sentence>
<sentence id="25">
  <w id="0" lemma="|Mary|" pos="NNP" wid="0">Mary</w>
  <w id="1" lemma="|help|" pos="VBZ" wid="1">helps</w>
  <w id="2" lemma="|we|" pos="PRP" wid="2">us</w>
  <w id="3" lemma="|to|" pos="TO" wid="3">to</w>
  <w id="4" lemma="|assume|" pos="VB" wid="4">assume</w>
  <w id="5" lemma="|a|" pos="DT" wid="5">an</w>
  <w id="6" lemma="|attitude|" pos="NN" wid="6">attitude</w>
  <w id="7" lemma="|of|" pos="IN" wid="7">of</w>
  <w id="8" lemma="|openness|" pos="NN" wid="8">openness</w>
  <w id="9" lemma="|in|" pos="IN" wid="9">in</w>
  <w id="10" lemma="|order|" pos="NN" wid="10">order</w>
  <w id="11" lemma="|to|" pos="TO" wid="11">to</w>
  <w id="12" lemma="|welcome|" pos="VB" wid="12">welcome</w>
  <w id="13" lemma="|the|" pos="DT" wid="13">the</w>
  <w id="14" lemma="|Son|" pos="NNP" wid="14">Son</w>
  <w id="15" lemma="|of|" pos="IN" wid="15">of</w>
  <w id="16" lemma="|God|" pos="NNP" wid="16">God</w>
  <w id="17" lemma="|into|" pos="IN" wid="17">into</w>
  <w id="18" lemma="|we|" pos="PRP$" wid="18">our</w>
  <w id="19" lemma="|concrete|" pos="JJ" wid="19">concrete</w>
  <w id="20" lemma="|life|" pos="NN" wid="20">life</w>
  <w id="21" lemma="|,|" pos="," wid="21">,</w>
  <w id="22" lemma="|in|" pos="IN" wid="22">in</w>
  <w id="23" lemma="|we|" pos="PRP$" wid="23">our</w>
  <w id="24" lemma="|flesh|" pos="NN" wid="24">flesh</w>
  <w id="25" lemma="|.|" pos="." wid="25">.</w>
</sentence>
<sentence id="26">
  <w id="0" lemma="|Joseph|" pos="NNP" wid="0">Joseph</w>
  <w id="1" lemma="|spur|" pos="VBZ" wid="1">spurs</w>
  <w id="2" lemma="|we|" pos="PRP" wid="2">us</w>
  <w id="3" lemma="|to|" pos="TO" wid="3">to</w>
  <w id="4" lemma="|always|" pos="RB" wid="4">always</w>
  <w id="5" lemma="|seek|" pos="VB" wid="5">seek</w>
  <w id="6" lemma="|God|" pos="NNP" wid="6">God</w>
  <w id="7" lemma="|'s|" pos="POS" wid="7">'s</w>
  <w id="8" lemma="|will|" pos="NN" wid="8">will</w>
  <w id="9" lemma="|and|" pos="CC" wid="9">and</w>
  <w id="10" lemma="|to|" pos="TO" wid="10">to</w>
  <w id="11" lemma="|follow|" pos="VB" wid="11">follow</w>
  <w id="12" lemma="|it|" pos="PRP" wid="12">it</w>
  <w id="13" lemma="|with|" pos="IN" wid="13">with</w>
  <w id="14" lemma="|full|" pos="JJ" wid="14">full</w>
  <w id="15" lemma="|trust|" pos="NN" wid="15">trust</w>
  <w id="16" lemma="|.|" pos="." wid="16">.</w>
</sentence>
<sentence id="27">
  <w id="0" lemma="|both|" pos="DT" wid="0">Both</w>
  <w id="1" lemma="|allow|" pos="VBP" wid="1">allow</w>
  <w id="2" lemma="|God|" pos="NNP" wid="2">God</w>
  <w id="3" lemma="|to|" pos="TO" wid="3">to</w>
  <w id="4" lemma="|draw|" pos="VB" wid="4">draw</w>
  <w id="5" lemma="|near|" pos="IN" wid="5">near</w>
  <w id="6" lemma="|to|" pos="TO" wid="6">to</w>
  <w id="7" lemma="|they|" pos="PRP" wid="7">them</w>
  <w id="8" lemma="|.|" pos="." wid="8">.</w>
</sentence>
<sentence id="28">
  <w id="0" lemma="|```|" pos="NNP" wid="0">```</w>
  <w id="1" lemma="|Behold|" pos="NNP" wid="1">Behold</w>
  <w id="2" lemma="|,|" pos="," wid="2">,</w>
  <w id="3" lemma="|a|" pos="DT" wid="3">a</w>
  <w id="4" lemma="|virgin|" pos="JJ" wid="4">virgin</w>
  <w id="5" lemma="|shall|" pos="MD" wid="5">shall</w>
  <w id="6" lemma="|conceive|" pos="VB" wid="6">conceive</w>
  <w id="7" lemma="|and|" pos="CC" wid="7">and</w>
  <w id="8" lemma="|bear|" pos="VB" wid="8">bear</w>
  <w id="9" lemma="|a|" pos="DT" wid="9">a</w>
  <w id="10" lemma="|son|" pos="NN" wid="10">son</w>
  <w id="11" lemma="|,|" pos="," wid="11">,</w>
  <w id="12" lemma="|and|" pos="CC" wid="12">and</w>
  <w id="13" lemma="|he|" pos="PRP$" wid="13">his</w>
  <w id="14" lemma="|name|" pos="NN" wid="14">name</w>
  <w id="15" lemma="|shall|" pos="MD" wid="15">shall</w>
  <w id="16" lemma="|be|" pos="VB" wid="16">be</w>
  <w id="17" lemma="|call|" pos="VBN" wid="17">called</w>
  <w id="18" lemma="|Emmanuel|" pos="NNP" wid="18">Emmanuel</w>
  <w id="19" lemma="|'|" pos="POS" wid="19">'</w>
  <w id="20" lemma="|,|" pos="," wid="20">,</w>
  <w id="21" lemma="|which|" pos="WDT" wid="21">which</w>
  <w id="22" lemma="|mean|" pos="VBZ" wid="22">means</w>
  <w id="23" lemma="|,|" pos="," wid="23">,</w>
  <w id="24" lemma="|god-with-us|" pos="JJ" wid="24">God-with-us</w>
  <w id="25" lemma="|''|" pos="''" wid="25">''</w>
  <w id="26" lemma="|-lrb-|" pos="-LRB-" wid="26">-LRB-</w>
  <w id="27" lemma="|mt|" pos="NN" wid="27">Mt</w>
  <w id="28" lemma="|1:23|" pos="CD" wid="28">1:23</w>
  <w id="29" lemma="|-rrb-|" pos="-RRB-" wid="29">-RRB-</w>
  <w id="30" lemma="|.|" pos="." wid="30">.</w>
</sentence>
<sentence id="29">
  <w id="0" lemma="|thus|" pos="RB" wid="0">Thus</w>
  <w id="1" lemma="|the|" pos="DT" wid="1">the</w>
  <w id="2" lemma="|angel|" pos="NN" wid="2">angel</w>
  <w id="3" lemma="|say|" pos="VBZ" wid="3">says</w>
  <w id="4" lemma="|:|" pos=":" wid="4">:</w>
  <w id="5" lemma="|``|" pos="``" wid="5">``</w>
  <w id="6" lemma="|the|" pos="DT" wid="6">the</w>
  <w id="7" lemma="|child|" pos="NN" wid="7">child</w>
  <w id="8" lemma="|shall|" pos="MD" wid="8">shall</w>
  <w id="9" lemma="|be|" pos="VB" wid="9">be</w>
  <w id="10" lemma="|call|" pos="VBN" wid="10">called</w>
  <w id="11" lemma="|Emmanuel|" pos="NNP" wid="11">Emmanuel</w>
  <w id="12" lemma="|,|" pos="," wid="12">,</w>
  <w id="13" lemma="|which|" pos="WDT" wid="13">which</w>
  <w id="14" lemma="|mean|" pos="VBZ" wid="14">means</w>
  <w id="15" lemma="|god-with-us|" pos="NN" wid="15">God-with-us</w>
  <w id="16" lemma="|''|" pos="''" wid="16">''</w>
  <w id="17" lemma="|,|" pos="," wid="17">,</w>
  <w id="18" lemma="|in|" pos="IN" wid="18">in</w>
  <w id="19" lemma="|other|" pos="JJ" wid="19">other</w>
  <w id="20" lemma="|word|" pos="NNS" wid="20">words</w>
  <w id="21" lemma="|,|" pos="," wid="21">,</w>
  <w id="22" lemma="|God|" pos="NNP" wid="22">God</w>
  <w id="23" lemma="|near|" pos="IN" wid="23">near</w>
  <w id="24" lemma="|to|" pos="TO" wid="24">to</w>
  <w id="25" lemma="|we|" pos="PRP" wid="25">us</w>
  <w id="26" lemma="|.|" pos="." wid="26">.</w>
</sentence>
<sentence id="30">
  <w id="0" lemma="|and|" pos="CC" wid="0">And</w>
  <w id="1" lemma="|to|" pos="TO" wid="1">to</w>
  <w id="2" lemma="|God|" pos="NNP" wid="2">God</w>
  <w id="3" lemma="|who|" pos="WP" wid="3">who</w>
  <w id="4" lemma="|draw|" pos="VBZ" wid="4">draws</w>
  <w id="5" lemma="|near|" pos="IN" wid="5">near</w>
  <w id="6" lemma="|,|" pos="," wid="6">,</w>
  <w id="7" lemma="|do|" pos="VBP" wid="7">do</w>
  <w id="8" lemma="|I|" pos="PRP" wid="8">I</w>
  <w id="9" lemma="|open|" pos="VB" wid="9">open</w>
  <w id="10" lemma="|the|" pos="DT" wid="10">the</w>
  <w id="11" lemma="|door|" pos="NN" wid="11">door</w>
  <w id="12" lemma="|--|" pos=":" wid="12">--</w>
  <w id="13" lemma="|to|" pos="TO" wid="13">to</w>
  <w id="14" lemma="|the|" pos="DT" wid="14">the</w>
  <w id="15" lemma="|Lord|" pos="NNP" wid="15">Lord</w>
  <w id="16" lemma="|--|" pos=":" wid="16">--</w>
  <w id="17" lemma="|when|" pos="WRB" wid="17">when</w>
  <w id="18" lemma="|I|" pos="PRP" wid="18">I</w>
  <w id="19" lemma="|sense|" pos="VBP" wid="19">sense</w>
  <w id="20" lemma="|a|" pos="DT" wid="20">an</w>
  <w id="21" lemma="|interior|" pos="JJ" wid="21">interior</w>
  <w id="22" lemma="|inspiration|" pos="NN" wid="22">inspiration</w>
  <w id="23" lemma="|,|" pos="," wid="23">,</w>
  <w id="24" lemma="|when|" pos="WRB" wid="24">when</w>
  <w id="25" lemma="|I|" pos="PRP" wid="25">I</w>
  <w id="26" lemma="|hear|" pos="VBP" wid="26">hear</w>
  <w id="27" lemma="|he|" pos="PRP" wid="27">him</w>
  <w id="28" lemma="|ask|" pos="VB" wid="28">ask</w>
  <w id="29" lemma="|I|" pos="PRP" wid="29">me</w>
  <w id="30" lemma="|to|" pos="TO" wid="30">to</w>
  <w id="31" lemma="|do|" pos="VB" wid="31">do</w>
  <w id="32" lemma="|something|" pos="NN" wid="32">something</w>
  <w id="33" lemma="|more|" pos="JJR" wid="33">more</w>
  <w id="34" lemma="|for|" pos="IN" wid="34">for</w>
  <w id="35" lemma="|other|" pos="NNS" wid="35">others</w>
  <w id="36" lemma="|,|" pos="," wid="36">,</w>
  <w id="37" lemma="|when|" pos="WRB" wid="37">when</w>
  <w id="38" lemma="|he|" pos="PRP" wid="38">he</w>
  <w id="39" lemma="|call|" pos="VBZ" wid="39">calls</w>
  <w id="40" lemma="|I|" pos="PRP" wid="40">me</w>
  <w id="41" lemma="|to|" pos="TO" wid="41">to</w>
  <w id="42" lemma="|pray|" pos="VB" wid="42">pray</w>
  <w id="43" lemma="|?|" pos="." wid="43">?</w>
</sentence>
<sentence id="31">
  <w id="0" lemma="|god-with-us|" pos="JJ" wid="0">God-with-us</w>
  <w id="1" lemma="|,|" pos="," wid="1">,</w>
  <w id="2" lemma="|God|" pos="NNP" wid="2">God</w>
  <w id="3" lemma="|who|" pos="WP" wid="3">who</w>
  <w id="4" lemma="|draw|" pos="VBZ" wid="4">draws</w>
  <w id="5" lemma="|near|" pos="IN" wid="5">near</w>
  <w id="6" lemma="|.|" pos="." wid="6">.</w>
</sentence>
<sentence id="32">
  <w id="0" lemma="|this|" pos="DT" wid="0">This</w>
  <w id="1" lemma="|message|" pos="NN" wid="1">message</w>
  <w id="2" lemma="|of|" pos="IN" wid="2">of</w>
  <w id="3" lemma="|hope|" pos="NN" wid="3">hope</w>
  <w id="4" lemma="|,|" pos="," wid="4">,</w>
  <w id="5" lemma="|which|" pos="WDT" wid="5">which</w>
  <w id="6" lemma="|be|" pos="VBZ" wid="6">is</w>
  <w id="7" lemma="|fulfil|" pos="VBN" wid="7">fulfilled</w>
  <w id="8" lemma="|at|" pos="IN" wid="8">at</w>
  <w id="9" lemma="|Christmas|" pos="NNP" wid="9">Christmas</w>
  <w id="10" lemma="|,|" pos="," wid="10">,</w>
  <w id="11" lemma="|lead|" pos="VBZ" wid="11">leads</w>
  <w id="12" lemma="|to|" pos="TO" wid="12">to</w>
  <w id="13" lemma="|fulfilment|" pos="NN" wid="13">fulfilment</w>
  <w id="14" lemma="|of|" pos="IN" wid="14">of</w>
  <w id="15" lemma="|the|" pos="DT" wid="15">the</w>
  <w id="16" lemma="|expectation|" pos="NN" wid="16">expectation</w>
  <w id="17" lemma="|of|" pos="IN" wid="17">of</w>
  <w id="18" lemma="|God|" pos="NNP" wid="18">God</w>
  <w id="19" lemma="|in|" pos="IN" wid="19">in</w>
  <w id="20" lemma="|each|" pos="DT" wid="20">each</w>
  <w id="21" lemma="|one|" pos="CD" wid="21">one</w>
  <w id="22" lemma="|of|" pos="IN" wid="22">of</w>
  <w id="23" lemma="|we|" pos="PRP" wid="23">us</w>
  <w id="24" lemma="|too|" pos="RB" wid="24">too</w>
  <w id="25" lemma="|,|" pos="," wid="25">,</w>
  <w id="26" lemma="|in|" pos="IN" wid="26">in</w>
  <w id="27" lemma="|all|" pos="DT" wid="27">all</w>
  <w id="28" lemma="|the|" pos="DT" wid="28">the</w>
  <w id="29" lemma="|Church|" pos="NNP" wid="29">Church</w>
  <w id="30" lemma="|,|" pos="," wid="30">,</w>
  <w id="31" lemma="|and|" pos="CC" wid="31">and</w>
  <w id="32" lemma="|in|" pos="IN" wid="32">in</w>
  <w id="33" lemma="|the|" pos="DT" wid="33">the</w>
  <w id="34" lemma="|many|" pos="JJ" wid="34">many</w>
  <w id="35" lemma="|little|" pos="JJ" wid="35">little</w>
  <w id="36" lemma="|one|" pos="NNS" wid="36">ones</w>
  <w id="37" lemma="|whom|" pos="WP" wid="37">whom</w>
  <w id="38" lemma="|the|" pos="DT" wid="38">the</w>
  <w id="39" lemma="|world|" pos="NN" wid="39">world</w>
  <w id="40" lemma="|scorn|" pos="VBZ" wid="40">scorns</w>
  <w id="41" lemma="|,|" pos="," wid="41">,</w>
  <w id="42" lemma="|but|" pos="CC" wid="42">but</w>
  <w id="43" lemma="|whom|" pos="WP" wid="43">whom</w>
  <w id="44" lemma="|God|" pos="NNP" wid="44">God</w>
  <w id="45" lemma="|also|" pos="RB" wid="45">also</w>
  <w id="46" lemma="|love|" pos="VBZ" wid="46">loves</w>
  <w id="47" lemma="|and|" pos="CC" wid="47">and</w>
  <w id="48" lemma="|to|" pos="TO" wid="48">to</w>
  <w id="49" lemma="|whom|" pos="WP" wid="49">whom</w>
  <w id="50" lemma="|God|" pos="NNP" wid="50">God</w>
  <w id="51" lemma="|draw|" pos="VBZ" wid="51">draws</w>
  <w id="52" lemma="|near|" pos="IN" wid="52">near</w>
  <w id="53" lemma="|.|" pos="." wid="53">.</w>
</sentence>
<sentence id="33">
  <w id="0" lemma="|after|" pos="IN" wid="0">After</w>
  <w id="1" lemma="|the|" pos="DT" wid="1">the</w>
  <w id="2" lemma="|Angelus|" pos="NNP" wid="2">Angelus</w>
  <w id="3" lemma="|:|" pos=":" wid="3">:</w>
  <w id="4" lemma="|Dear|" pos="NNP" wid="4">Dear</w>
  <w id="5" lemma="|brother|" pos="NNS" wid="5">brothers</w>
  <w id="6" lemma="|and|" pos="CC" wid="6">and</w>
  <w id="7" lemma="|sister|" pos="NNS" wid="7">sisters</w>
  <w id="8" lemma="|,|" pos="," wid="8">,</w>
  <w id="9" lemma="|I|" pos="PRP" wid="9">I</w>
  <w id="10" lemma="|greet|" pos="VBP" wid="10">greet</w>
  <w id="11" lemma="|everyone|" pos="NN" wid="11">everyone</w>
  <w id="12" lemma="|,|" pos="," wid="12">,</w>
  <w id="13" lemma="|the|" pos="DT" wid="13">the</w>
  <w id="14" lemma="|faithful|" pos="NN" wid="14">faithful</w>
  <w id="15" lemma="|of|" pos="IN" wid="15">of</w>
  <w id="16" lemma="|Rome|" pos="NNP" wid="16">Rome</w>
  <w id="17" lemma="|and|" pos="CC" wid="17">and</w>
  <w id="18" lemma="|pilgrim|" pos="NNS" wid="18">pilgrims</w>
  <w id="19" lemma="|from|" pos="IN" wid="19">from</w>
  <w id="20" lemma="|other|" pos="JJ" wid="20">other</w>
  <w id="21" lemma="|country|" pos="NNS" wid="21">countries</w>
  <w id="22" lemma="|,|" pos="," wid="22">,</w>
  <w id="23" lemma="|family|" pos="NNS" wid="23">families</w>
  <w id="24" lemma="|,|" pos="," wid="24">,</w>
  <w id="25" lemma="|parish|" pos="NN" wid="25">parish</w>
  <w id="26" lemma="|group|" pos="NNS" wid="26">groups</w>
  <w id="27" lemma="|and|" pos="CC" wid="27">and</w>
  <w id="28" lemma="|association|" pos="NNS" wid="28">associations</w>
  <w id="29" lemma="|.|" pos="." wid="29">.</w>
</sentence>
<sentence id="34">
  <w id="0" lemma="|I|" pos="PRP" wid="0">I</w>
  <w id="1" lemma="|ask|" pos="VBP" wid="1">ask</w>
  <w id="2" lemma="|all|" pos="DT" wid="2">all</w>
  <w id="3" lemma="|of|" pos="IN" wid="3">of</w>
  <w id="4" lemma="|you|" pos="PRP" wid="4">you</w>
  <w id="5" lemma="|to|" pos="TO" wid="5">to</w>
  <w id="6" lemma="|pray|" pos="VB" wid="6">pray</w>
  <w id="7" lemma="|that|" pos="IN" wid="7">that</w>
  <w id="8" lemma="|the|" pos="DT" wid="8">the</w>
  <w id="9" lemma="|dialogue|" pos="NN" wid="9">dialogue</w>
  <w id="10" lemma="|in|" pos="IN" wid="10">in</w>
  <w id="11" lemma="|the|" pos="DT" wid="11">the</w>
  <w id="12" lemma="|democratic|" pos="JJ" wid="12">Democratic</w>
  <w id="13" lemma="|republic|" pos="NN" wid="13">Republic</w>
  <w id="14" lemma="|of|" pos="IN" wid="14">of</w>
  <w id="15" lemma="|Congo|" pos="NNP" wid="15">Congo</w>
  <w id="16" lemma="|may|" pos="MD" wid="16">may</w>
  <w id="17" lemma="|unfold|" pos="VB" wid="17">unfold</w>
  <w id="18" lemma="|peacefully|" pos="RB" wid="18">peacefully</w>
  <w id="19" lemma="|so|" pos="RB" wid="19">so</w>
  <w id="20" lemma="|as|" pos="IN" wid="20">as</w>
  <w id="21" lemma="|to|" pos="TO" wid="21">to</w>
  <w id="22" lemma="|avoid|" pos="VB" wid="22">avoid</w>
  <w id="23" lemma="|all|" pos="DT" wid="23">all</w>
  <w id="24" lemma="|type|" pos="NNS" wid="24">types</w>
  <w id="25" lemma="|of|" pos="IN" wid="25">of</w>
  <w id="26" lemma="|violence|" pos="NN" wid="26">violence</w>
  <w id="27" lemma="|and|" pos="CC" wid="27">and</w>
  <w id="28" lemma="|for|" pos="IN" wid="28">for</w>
  <w id="29" lemma="|the|" pos="DT" wid="29">the</w>
  <w id="30" lemma="|good|" pos="NN" wid="30">good</w>
  <w id="31" lemma="|of|" pos="IN" wid="31">of</w>
  <w id="32" lemma="|the|" pos="DT" wid="32">the</w>
  <w id="33" lemma="|entire|" pos="JJ" wid="33">entire</w>
  <w id="34" lemma="|country|" pos="NN" wid="34">country</w>
  <w id="35" lemma="|.|" pos="." wid="35">.</w>
</sentence>
<sentence id="35">
  <w id="0" lemma="|I|" pos="PRP" wid="0">I</w>
  <w id="1" lemma="|would|" pos="MD" wid="1">would</w>
  <w id="2" lemma="|like|" pos="VB" wid="2">like</w>
  <w id="3" lemma="|to|" pos="TO" wid="3">to</w>
  <w id="4" lemma="|thank|" pos="VB" wid="4">thank</w>
  <w id="5" lemma="|all|" pos="PDT" wid="5">all</w>
  <w id="6" lemma="|the|" pos="DT" wid="6">the</w>
  <w id="7" lemma="|people|" pos="NNS" wid="7">people</w>
  <w id="8" lemma="|and|" pos="CC" wid="8">and</w>
  <w id="9" lemma="|institution|" pos="NNS" wid="9">institutions</w>
  <w id="10" lemma="|who|" pos="WP" wid="10">who</w>
  <w id="11" lemma="|express|" pos="VBD" wid="11">expressed</w>
  <w id="12" lemma="|they|" pos="PRP$" wid="12">their</w>
  <w id="13" lemma="|best|" pos="JJS" wid="13">best</w>
  <w id="14" lemma="|wish|" pos="NNS" wid="14">wishes</w>
  <w id="15" lemma="|to|" pos="TO" wid="15">to</w>
  <w id="16" lemma="|I|" pos="PRP" wid="16">me</w>
  <w id="17" lemma="|yesterday|" pos="NN" wid="17">yesterday</w>
  <w id="18" lemma="|.|" pos="." wid="18">.</w>
</sentence>
<sentence id="36">
  <w id="0" lemma="|thank|" pos="VB" wid="0">Thank</w>
  <w id="1" lemma="|you|" pos="PRP" wid="1">you</w>
  <w id="2" lemma="|very|" pos="RB" wid="2">very</w>
  <w id="3" lemma="|much|" pos="RB" wid="3">much</w>
  <w id="4" lemma="|!|" pos="." wid="4">!</w>
</sentence>
<sentence id="37">
  <w id="0" lemma="|I|" pos="PRP" wid="0">I</w>
  <w id="1" lemma="|wish|" pos="VBP" wid="1">wish</w>
  <w id="2" lemma="|everyone|" pos="NN" wid="2">everyone</w>
  <w id="3" lemma="|a|" pos="DT" wid="3">a</w>
  <w id="4" lemma="|happy|" pos="JJ" wid="4">happy</w>
  <w id="5" lemma="|Sunday|" pos="NNP" wid="5">Sunday</w>
  <w id="6" lemma="|.|" pos="." wid="6">.</w>
</sentence>
<sentence id="38">
  <w id="0" lemma="|the|" pos="DT" wid="0">The</w>
  <w id="1" lemma="|weather|" pos="NN" wid="1">weather</w>
  <w id="2" lemma="|be|" pos="VBZ" wid="2">is</w>
  <w id="3" lemma="|beautiful|" pos="JJ" wid="3">beautiful</w>
  <w id="4" lemma="|.|" pos="." wid="4">.</w>
</sentence>
<sentence id="39">
  <w id="0" lemma="|Next|" pos="NNP" wid="0">Next</w>
  <w id="1" lemma="|Sunday|" pos="NNP" wid="1">Sunday</w>
  <w id="2" lemma="|will|" pos="MD" wid="2">will</w>
  <w id="3" lemma="|be|" pos="VB" wid="3">be</w>
  <w id="4" lemma="|Christmas|" pos="NNP" wid="4">Christmas</w>
  <w id="5" lemma="|.|" pos="." wid="5">.</w>
</sentence>
<sentence id="40">
  <w id="0" lemma="|this|" pos="DT" wid="0">This</w>
  <w id="1" lemma="|week|" pos="NN" wid="1">week</w>
  <w id="2" lemma="|--|" pos=":" wid="2">--</w>
  <w id="3" lemma="|I|" pos="PRP" wid="3">I</w>
  <w id="4" lemma="|ask|" pos="VBP" wid="4">ask</w>
  <w id="5" lemma="|--|" pos=":" wid="5">--</w>
  <w id="6" lemma="|let|" pos="VB" wid="6">let</w>
  <w id="7" lemma="|we|" pos="PRP" wid="7">us</w>
  <w id="8" lemma="|try|" pos="VB" wid="8">try</w>
  <w id="9" lemma="|to|" pos="TO" wid="9">to</w>
  <w id="10" lemma="|find|" pos="VB" wid="10">find</w>
  <w id="11" lemma="|a|" pos="DT" wid="11">a</w>
  <w id="12" lemma="|few|" pos="JJ" wid="12">few</w>
  <w id="13" lemma="|moment|" pos="NNS" wid="13">moments</w>
  <w id="14" lemma="|to|" pos="TO" wid="14">to</w>
  <w id="15" lemma="|stop|" pos="VB" wid="15">stop</w>
  <w id="16" lemma="|,|" pos="," wid="16">,</w>
  <w id="17" lemma="|be|" pos="VB" wid="17">be</w>
  <w id="18" lemma="|silent|" pos="JJ" wid="18">silent</w>
  <w id="19" lemma="|,|" pos="," wid="19">,</w>
  <w id="20" lemma="|and|" pos="CC" wid="20">and</w>
  <w id="21" lemma="|imagine|" pos="VB" wid="21">imagine</w>
  <w id="22" lemma="|Our|" pos="NNP" wid="22">Our</w>
  <w id="23" lemma="|Lady|" pos="NNP" wid="23">Lady</w>
  <w id="24" lemma="|and|" pos="CC" wid="24">and</w>
  <w id="25" lemma="|Saint|" pos="NNP" wid="25">Saint</w>
  <w id="26" lemma="|Joseph|" pos="NNP" wid="26">Joseph</w>
  <w id="27" lemma="|who|" pos="WP" wid="27">who</w>
  <w id="28" lemma="|be|" pos="VBP" wid="28">are</w>
  <w id="29" lemma="|on|" pos="IN" wid="29">on</w>
  <w id="30" lemma="|they|" pos="PRP$" wid="30">their</w>
  <w id="31" lemma="|way|" pos="NN" wid="31">way</w>
  <w id="32" lemma="|to|" pos="TO" wid="32">to</w>
  <w id="33" lemma="|Bethlehem|" pos="NNP" wid="33">Bethlehem</w>
  <w id="34" lemma="|.|" pos="." wid="34">.</w>
</sentence>
<sentence id="41">
  <w id="0" lemma="|imagine|" pos="VB" wid="0">Imagine</w>
  <w id="1" lemma="|how|" pos="WRB" wid="1">how</w>
  <w id="2" lemma="|they|" pos="PRP" wid="2">they</w>
  <w id="3" lemma="|travel|" pos="VBP" wid="3">travel</w>
  <w id="4" lemma="|:|" pos=":" wid="4">:</w>
  <w id="5" lemma="|the|" pos="DT" wid="5">the</w>
  <w id="6" lemma="|journey|" pos="NN" wid="6">journey</w>
  <w id="7" lemma="|,|" pos="," wid="7">,</w>
  <w id="8" lemma="|the|" pos="DT" wid="8">the</w>
  <w id="9" lemma="|hardship|" pos="NNS" wid="9">hardships</w>
  <w id="10" lemma="|,|" pos="," wid="10">,</w>
  <w id="11" lemma="|but|" pos="CC" wid="11">but</w>
  <w id="12" lemma="|also|" pos="RB" wid="12">also</w>
  <w id="13" lemma="|the|" pos="DT" wid="13">the</w>
  <w id="14" lemma="|joy|" pos="NN" wid="14">joy</w>
  <w id="15" lemma="|,|" pos="," wid="15">,</w>
  <w id="16" lemma="|the|" pos="DT" wid="16">the</w>
  <w id="17" lemma="|emotion|" pos="NN" wid="17">emotion</w>
  <w id="18" lemma="|,|" pos="," wid="18">,</w>
  <w id="19" lemma="|and|" pos="CC" wid="19">and</w>
  <w id="20" lemma="|they|" pos="PRP$" wid="20">their</w>
  <w id="21" lemma="|distress|" pos="NN" wid="21">distress</w>
  <w id="22" lemma="|at|" pos="IN" wid="22">at</w>
  <w id="23" lemma="|find|" pos="VBG" wid="23">finding</w>
  <w id="24" lemma="|no|" pos="DT" wid="24">no</w>
  <w id="25" lemma="|room|" pos="NN" wid="25">room</w>
  <w id="26" lemma="|,|" pos="," wid="26">,</w>
  <w id="27" lemma="|the|" pos="DT" wid="27">the</w>
  <w id="28" lemma="|worrying|" pos="JJ" wid="28">worrying</w>
  <w id="29" lemma="|...|" pos=":" wid="29">...</w>
  <w id="30" lemma="|,|" pos="," wid="30">,</w>
  <w id="31" lemma="|and|" pos="CC" wid="31">and</w>
  <w id="32" lemma="|so|" pos="RB" wid="32">so</w>
  <w id="33" lemma="|on|" pos="RB" wid="33">on</w>
  <w id="34" lemma="|.|" pos="." wid="34">.</w>
</sentence>
<sentence id="42">
  <w id="0" lemma="|in|" pos="IN" wid="0">In</w>
  <w id="1" lemma="|this|" pos="DT" wid="1">this</w>
  <w id="2" lemma="|the|" pos="DT" wid="2">the</w>
  <w id="3" lemma="|Nativity|" pos="NNP" wid="3">Nativity</w>
  <w id="4" lemma="|help|" pos="VBZ" wid="4">helps</w>
  <w id="5" lemma="|we|" pos="PRP" wid="5">us</w>
  <w id="6" lemma="|a|" pos="DT" wid="6">a</w>
  <w id="7" lemma="|great|" pos="JJ" wid="7">great</w>
  <w id="8" lemma="|deal|" pos="NN" wid="8">deal</w>
  <w id="9" lemma="|.|" pos="." wid="9">.</w>
</sentence>
<sentence id="43">
  <w id="0" lemma="|let|" pos="VB" wid="0">Let</w>
  <w id="1" lemma="|we|" pos="PRP" wid="1">us</w>
  <w id="2" lemma="|try|" pos="VB" wid="2">try</w>
  <w id="3" lemma="|to|" pos="TO" wid="3">to</w>
  <w id="4" lemma="|partake|" pos="VB" wid="4">partake</w>
  <w id="5" lemma="|of|" pos="IN" wid="5">of</w>
  <w id="6" lemma="|the|" pos="DT" wid="6">the</w>
  <w id="7" lemma="|true|" pos="JJ" wid="7">true</w>
  <w id="8" lemma="|Christmas|" pos="NNP" wid="8">Christmas</w>
  <w id="9" lemma="|,|" pos="," wid="9">,</w>
  <w id="10" lemma="|that|" pos="DT" wid="10">that</w>
  <w id="11" lemma="|of|" pos="IN" wid="11">of</w>
  <w id="12" lemma="|Jesus|" pos="NNP" wid="12">Jesus</w>
  <w id="13" lemma="|,|" pos="," wid="13">,</w>
  <w id="14" lemma="|who|" pos="WP" wid="14">who</w>
  <w id="15" lemma="|draw|" pos="VBZ" wid="15">draws</w>
  <w id="16" lemma="|near|" pos="JJ" wid="16">near</w>
  <w id="17" lemma="|to|" pos="TO" wid="17">to</w>
  <w id="18" lemma="|we|" pos="PRP" wid="18">us</w>
  <w id="19" lemma="|--|" pos=":" wid="19">--</w>
  <w id="20" lemma="|god-with-us|" pos="JJ" wid="20">God-with-us</w>
  <w id="21" lemma="|,|" pos="," wid="21">,</w>
  <w id="22" lemma="|close|" pos="JJ" wid="22">close</w>
  <w id="23" lemma="|to|" pos="TO" wid="23">to</w>
  <w id="24" lemma="|we|" pos="PRP" wid="24">us</w>
  <w id="25" lemma="|--|" pos=":" wid="25">--</w>
  <w id="26" lemma="|in|" pos="IN" wid="26">in</w>
  <w id="27" lemma="|order|" pos="NN" wid="27">order</w>
  <w id="28" lemma="|to|" pos="TO" wid="28">to</w>
  <w id="29" lemma="|receive|" pos="VB" wid="29">receive</w>
  <w id="30" lemma="|the|" pos="DT" wid="30">the</w>
  <w id="31" lemma="|grace|" pos="NN" wid="31">grace</w>
  <w id="32" lemma="|of|" pos="IN" wid="32">of</w>
  <w id="33" lemma="|this|" pos="DT" wid="33">this</w>
  <w id="34" lemma="|celebration|" pos="NN" wid="34">celebration</w>
  <w id="35" lemma="|,|" pos="," wid="35">,</w>
  <w id="36" lemma="|which|" pos="WDT" wid="36">which</w>
  <w id="37" lemma="|be|" pos="VBZ" wid="37">is</w>
  <w id="38" lemma="|a|" pos="DT" wid="38">a</w>
  <w id="39" lemma="|grace|" pos="NN" wid="39">grace</w>
  <w id="40" lemma="|of|" pos="IN" wid="40">of</w>
  <w id="41" lemma="|closeness|" pos="NN" wid="41">closeness</w>
  <w id="42" lemma="|,|" pos="," wid="42">,</w>
  <w id="43" lemma="|love|" pos="NN" wid="43">love</w>
  <w id="44" lemma="|,|" pos="," wid="44">,</w>
  <w id="45" lemma="|humility|" pos="NN" wid="45">humility</w>
  <w id="46" lemma="|and|" pos="CC" wid="46">and</w>
  <w id="47" lemma="|tenderness|" pos="NN" wid="47">tenderness</w>
  <w id="48" lemma="|.|" pos="." wid="48">.</w>
</sentence>
<sentence id="44">
  <w id="0" lemma="|in|" pos="IN" wid="0">In</w>
  <w id="1" lemma="|those|" pos="DT" wid="1">those</w>
  <w id="2" lemma="|moment|" pos="NNS" wid="2">moments</w>
  <w id="3" lemma="|,|" pos="," wid="3">,</w>
  <w id="4" lemma="|remember|" pos="VBP" wid="4">remember</w>
  <w id="5" lemma="|also|" pos="RB" wid="5">also</w>
  <w id="6" lemma="|to|" pos="TO" wid="6">to</w>
  <w id="7" lemma="|pray|" pos="VB" wid="7">pray</w>
  <w id="8" lemma="|for|" pos="IN" wid="8">for</w>
  <w id="9" lemma="|I|" pos="PRP" wid="9">me</w>
  <w id="10" lemma="|.|" pos="." wid="10">.</w>
</sentence>
<sentence id="45">
  <w id="0" lemma="|enjoy|" pos="VB" wid="0">Enjoy</w>
  <w id="1" lemma="|you|" pos="PRP$" wid="1">your</w>
  <w id="2" lemma="|lunch|" pos="NN" wid="2">lunch</w>
  <w id="3" lemma="|.|" pos="." wid="3">.</w>
</sentence>
<sentence id="46">
  <w id="0" lemma="|Arrivederci|" pos="NNP" wid="0">Arrivederci</w>
  <w id="1" lemma="|!|" pos="." wid="1">!</w>
</sentence>
</corpus>