<corpus id="0">
<sentence id="0">
  <w id="0" lemma="|Dear|" pos="NNP" wid="0">Dear</w>
  <w id="1" lemma="|Brothers|" pos="NNPS" wid="1">Brothers</w>
  <w id="2" lemma="|and|" pos="CC" wid="2">and</w>
  <w id="3" lemma="|sister|" pos="NNS" wid="3">Sisters</w>
  <w id="4" lemma="|,|" pos="," wid="4">,</w>
  <w id="5" lemma="|at|" pos="IN" wid="5">At</w>
  <w id="6" lemma="|the|" pos="DT" wid="6">the</w>
  <w id="7" lemma="|end|" pos="NN" wid="7">end</w>
  <w id="8" lemma="|of|" pos="IN" wid="8">of</w>
  <w id="9" lemma="|this|" pos="DT" wid="9">this</w>
  <w id="10" lemma="|solemn|" pos="JJ" wid="10">solemn</w>
  <w id="11" lemma="|celebration|" pos="NN" wid="11">celebration</w>
  <w id="12" lemma="|,|" pos="," wid="12">,</w>
  <w id="13" lemma="|I|" pos="PRP" wid="13">I</w>
  <w id="14" lemma="|would|" pos="MD" wid="14">would</w>
  <w id="15" lemma="|like|" pos="VB" wid="15">like</w>
  <w id="16" lemma="|to|" pos="TO" wid="16">to</w>
  <w id="17" lemma="|greet|" pos="VB" wid="17">greet</w>
  <w id="18" lemma="|the|" pos="DT" wid="18">the</w>
  <w id="19" lemma="|pilgrim|" pos="NNS" wid="19">pilgrims</w>
  <w id="20" lemma="|who|" pos="WP" wid="20">who</w>
  <w id="21" lemma="|have|" pos="VBP" wid="21">have</w>
  <w id="22" lemma="|come|" pos="VBN" wid="22">come</w>
  <w id="23" lemma="|from|" pos="IN" wid="23">from</w>
  <w id="24" lemma="|Italy|" pos="NNP" wid="24">Italy</w>
  <w id="25" lemma="|and|" pos="CC" wid="25">and</w>
  <w id="26" lemma="|from|" pos="IN" wid="26">from</w>
  <w id="27" lemma="|various|" pos="JJ" wid="27">various</w>
  <w id="28" lemma="|country|" pos="NNS" wid="28">countries</w>
  <w id="29" lemma="|,|" pos="," wid="29">,</w>
  <w id="30" lemma="|with|" pos="IN" wid="30">with</w>
  <w id="31" lemma="|a|" pos="DT" wid="31">a</w>
  <w id="32" lemma="|deferential|" pos="JJ" wid="32">deferential</w>
  <w id="33" lemma="|thought|" pos="NN" wid="33">thought</w>
  <w id="34" lemma="|for|" pos="IN" wid="34">for</w>
  <w id="35" lemma="|the|" pos="DT" wid="35">the</w>
  <w id="36" lemma="|official|" pos="JJ" wid="36">official</w>
  <w id="37" lemma="|delegation|" pos="NNS" wid="37">Delegations</w>
  <w id="38" lemma="|.|" pos="." wid="38">.</w>
</sentence>
<sentence id="1">
  <w id="0" lemma="|in|" pos="IN" wid="0">In</w>
  <w id="1" lemma="|particular|" pos="JJ" wid="1">particular</w>
  <w id="2" lemma="|,|" pos="," wid="2">,</w>
  <w id="3" lemma="|I|" pos="PRP" wid="3">I</w>
  <w id="4" lemma="|greet|" pos="VBP" wid="4">greet</w>
  <w id="5" lemma="|the|" pos="DT" wid="5">the</w>
  <w id="6" lemma="|faithful|" pos="NN" wid="6">faithful</w>
  <w id="7" lemma="|from|" pos="IN" wid="7">from</w>
  <w id="8" lemma="|the|" pos="DT" wid="8">the</w>
  <w id="9" lemma="|Dioceses|" pos="NNP" wid="9">Dioceses</w>
  <w id="10" lemma="|of|" pos="IN" wid="10">of</w>
  <w id="11" lemma="|Brescia|" pos="NNP" wid="11">Brescia</w>
  <w id="12" lemma="|,|" pos="," wid="12">,</w>
  <w id="13" lemma="|Milan|" pos="NNP" wid="13">Milan</w>
  <w id="14" lemma="|and|" pos="CC" wid="14">and</w>
  <w id="15" lemma="|Rome|" pos="NNP" wid="15">Rome</w>
  <w id="16" lemma="|,|" pos="," wid="16">,</w>
  <w id="17" lemma="|link|" pos="VBN" wid="17">linked</w>
  <w id="18" lemma="|in|" pos="IN" wid="18">in</w>
  <w id="19" lemma="|a|" pos="DT" wid="19">a</w>
  <w id="20" lemma="|meaningful|" pos="JJ" wid="20">meaningful</w>
  <w id="21" lemma="|way|" pos="NN" wid="21">way</w>
  <w id="22" lemma="|to|" pos="TO" wid="22">to</w>
  <w id="23" lemma="|the|" pos="DT" wid="23">the</w>
  <w id="24" lemma="|life|" pos="NN" wid="24">life</w>
  <w id="25" lemma="|and|" pos="CC" wid="25">and</w>
  <w id="26" lemma="|to|" pos="TO" wid="26">to</w>
  <w id="27" lemma="|the|" pos="DT" wid="27">the</w>
  <w id="28" lemma="|ministry|" pos="NN" wid="28">ministry</w>
  <w id="29" lemma="|of|" pos="IN" wid="29">of</w>
  <w id="30" lemma="|Pope|" pos="NNP" wid="30">Pope</w>
  <w id="31" lemma="|Montini|" pos="NNP" wid="31">Montini</w>
  <w id="32" lemma="|.|" pos="." wid="32">.</w>
</sentence>
<sentence id="2">
  <w id="0" lemma="|I|" pos="PRP" wid="0">I</w>
  <w id="1" lemma="|thank|" pos="VBP" wid="1">thank</w>
  <w id="2" lemma="|everyone|" pos="NN" wid="2">everyone</w>
  <w id="3" lemma="|for|" pos="IN" wid="3">for</w>
  <w id="4" lemma="|you|" pos="PRP$" wid="4">your</w>
  <w id="5" lemma="|presence|" pos="NN" wid="5">presence</w>
  <w id="6" lemma="|and|" pos="CC" wid="6">and</w>
  <w id="7" lemma="|I|" pos="PRP" wid="7">I</w>
  <w id="8" lemma="|beseech|" pos="VBP" wid="8">beseech</w>
  <w id="9" lemma="|you|" pos="PRP" wid="9">you</w>
  <w id="10" lemma="|to|" pos="TO" wid="10">to</w>
  <w id="11" lemma="|faithfully|" pos="RB" wid="11">faithfully</w>
  <w id="12" lemma="|follow|" pos="VB" wid="12">follow</w>
  <w id="13" lemma="|the|" pos="DT" wid="13">the</w>
  <w id="14" lemma="|teaching|" pos="NNS" wid="14">teachings</w>
  <w id="15" lemma="|and|" pos="CC" wid="15">and</w>
  <w id="16" lemma="|the|" pos="DT" wid="16">the</w>
  <w id="17" lemma="|example|" pos="NN" wid="17">example</w>
  <w id="18" lemma="|of|" pos="IN" wid="18">of</w>
  <w id="19" lemma="|the|" pos="DT" wid="19">the</w>
  <w id="20" lemma="|new|" pos="JJ" wid="20">new</w>
  <w id="21" lemma="|Blessed|" pos="NNP" wid="21">Blessed</w>
  <w id="22" lemma="|.|" pos="." wid="22">.</w>
</sentence>
<sentence id="3">
  <w id="0" lemma="|he|" pos="PRP" wid="0">He</w>
  <w id="1" lemma="|be|" pos="VBD" wid="1">was</w>
  <w id="2" lemma="|a|" pos="DT" wid="2">a</w>
  <w id="3" lemma="|strenuous|" pos="JJ" wid="3">strenuous</w>
  <w id="4" lemma="|supporter|" pos="NN" wid="4">supporter</w>
  <w id="5" lemma="|of|" pos="IN" wid="5">of</w>
  <w id="6" lemma="|the|" pos="DT" wid="6">the</w>
  <w id="7" lemma="|missione|" pos="NN" wid="7">missione</w>
  <w id="8" lemma="|ad|" pos="NN" wid="8">ad</w>
  <w id="9" lemma="|gente|" pos="NNS" wid="9">gentes</w>
  <w id="10" lemma="|;|" pos=":" wid="10">;</w>
  <w id="11" lemma="|testimony|" pos="NN" wid="11">testimony</w>
  <w id="12" lemma="|of|" pos="IN" wid="12">of</w>
  <w id="13" lemma="|which|" pos="WDT" wid="13">which</w>
  <w id="14" lemma="|be|" pos="VBZ" wid="14">is</w>
  <w id="15" lemma="|above|" pos="IN" wid="15">above</w>
  <w id="16" lemma="|all|" pos="PDT" wid="16">all</w>
  <w id="17" lemma="|the|" pos="DT" wid="17">the</w>
  <w id="18" lemma="|Apostolic|" pos="NNP" wid="18">Apostolic</w>
  <w id="19" lemma="|Exhortation|" pos="NNP" wid="19">Exhortation</w>
  <w id="20" lemma="|Evangelii|" pos="NNP" wid="20">Evangelii</w>
  <w id="21" lemma="|Nuntiandi|" pos="NNP" wid="21">Nuntiandi</w>
  <w id="22" lemma="|,|" pos="," wid="22">,</w>
  <w id="23" lemma="|with|" pos="IN" wid="23">with</w>
  <w id="24" lemma="|which|" pos="WDT" wid="24">which</w>
  <w id="25" lemma="|he|" pos="PRP" wid="25">he</w>
  <w id="26" lemma="|intend|" pos="VBD" wid="26">intended</w>
  <w id="27" lemma="|to|" pos="TO" wid="27">to</w>
  <w id="28" lemma="|reawaken|" pos="VB" wid="28">reawaken</w>
  <w id="29" lemma="|the|" pos="DT" wid="29">the</w>
  <w id="30" lemma="|passion|" pos="NN" wid="30">passion</w>
  <w id="31" lemma="|for|" pos="IN" wid="31">for</w>
  <w id="32" lemma="|and|" pos="CC" wid="32">and</w>
  <w id="33" lemma="|commitment|" pos="NN" wid="33">commitment</w>
  <w id="34" lemma="|to|" pos="TO" wid="34">to</w>
  <w id="35" lemma="|the|" pos="DT" wid="35">the</w>
  <w id="36" lemma="|Church|" pos="NNP" wid="36">Church</w>
  <w id="37" lemma="|'s|" pos="POS" wid="37">'s</w>
  <w id="38" lemma="|mission|" pos="NN" wid="38">mission</w>
  <w id="39" lemma="|.|" pos="." wid="39">.</w>
</sentence>
<sentence id="4">
  <w id="0" lemma="|this|" pos="DT" wid="0">This</w>
  <w id="1" lemma="|Exhortation|" pos="NNP" wid="1">Exhortation</w>
  <w id="2" lemma="|be|" pos="VBZ" wid="2">is</w>
  <w id="3" lemma="|still|" pos="RB" wid="3">still</w>
  <w id="4" lemma="|current|" pos="JJ" wid="4">current</w>
  <w id="5" lemma="|,|" pos="," wid="5">,</w>
  <w id="6" lemma="|it|" pos="PRP" wid="6">it</w>
  <w id="7" lemma="|retain|" pos="VBZ" wid="7">retains</w>
  <w id="8" lemma="|all|" pos="DT" wid="8">all</w>
  <w id="9" lemma="|of|" pos="IN" wid="9">of</w>
  <w id="10" lemma="|its|" pos="PRP$" wid="10">its</w>
  <w id="11" lemma="|relevance|" pos="NN" wid="11">relevance</w>
  <w id="12" lemma="|!|" pos="." wid="12">!</w>
</sentence>
<sentence id="5">
  <w id="0" lemma="|it|" pos="PRP" wid="0">It</w>
  <w id="1" lemma="|be|" pos="VBZ" wid="1">is</w>
  <w id="2" lemma="|important|" pos="JJ" wid="2">important</w>
  <w id="3" lemma="|to|" pos="TO" wid="3">to</w>
  <w id="4" lemma="|consider|" pos="VB" wid="4">consider</w>
  <w id="5" lemma="|this|" pos="DT" wid="5">this</w>
  <w id="6" lemma="|aspect|" pos="NN" wid="6">aspect</w>
  <w id="7" lemma="|of|" pos="IN" wid="7">of</w>
  <w id="8" lemma="|the|" pos="DT" wid="8">the</w>
  <w id="9" lemma="|Pontificate|" pos="NNP" wid="9">Pontificate</w>
  <w id="10" lemma="|of|" pos="IN" wid="10">of</w>
  <w id="11" lemma="|Paul|" pos="NNP" wid="11">Paul</w>
  <w id="12" lemma="|VI|" pos="NNP" wid="12">VI</w>
  <w id="13" lemma="|today|" pos="NN" wid="13">today</w>
  <w id="14" lemma="|,|" pos="," wid="14">,</w>
  <w id="15" lemma="|as|" pos="IN" wid="15">as</w>
  <w id="16" lemma="|World|" pos="NNP" wid="16">World</w>
  <w id="17" lemma="|Mission|" pos="NNP" wid="17">Mission</w>
  <w id="18" lemma="|Sunday|" pos="NNP" wid="18">Sunday</w>
  <w id="19" lemma="|be|" pos="VBZ" wid="19">is</w>
  <w id="20" lemma="|celebrate|" pos="VBN" wid="20">celebrated</w>
  <w id="21" lemma="|.|" pos="." wid="21">.</w>
</sentence>
<sentence id="6">
  <w id="0" lemma="|before|" pos="IN" wid="0">Before</w>
  <w id="1" lemma="|we|" pos="PRP" wid="1">we</w>
  <w id="2" lemma="|,|" pos="," wid="2">,</w>
  <w id="3" lemma="|everyone|" pos="NN" wid="3">everyone</w>
  <w id="4" lemma="|together|" pos="RB" wid="4">together</w>
  <w id="5" lemma="|,|" pos="," wid="5">,</w>
  <w id="6" lemma="|invoke|" pos="VB" wid="6">invoke</w>
  <w id="7" lemma="|we|" pos="PRP$" wid="7">Our</w>
  <w id="8" lemma="|lady|" pos="NN" wid="8">Lady</w>
  <w id="9" lemma="|with|" pos="IN" wid="9">with</w>
  <w id="10" lemma="|the|" pos="DT" wid="10">the</w>
  <w id="11" lemma="|Angelus|" pos="NNP" wid="11">Angelus</w>
  <w id="12" lemma="|prayer|" pos="NN" wid="12">prayer</w>
  <w id="13" lemma="|,|" pos="," wid="13">,</w>
  <w id="14" lemma="|I|" pos="PRP" wid="14">I</w>
  <w id="15" lemma="|would|" pos="MD" wid="15">would</w>
  <w id="16" lemma="|like|" pos="VB" wid="16">like</w>
  <w id="17" lemma="|to|" pos="TO" wid="17">to</w>
  <w id="18" lemma="|underline|" pos="VB" wid="18">underline</w>
  <w id="19" lemma="|Blessed|" pos="NNP" wid="19">Blessed</w>
  <w id="20" lemma="|Paul|" pos="NNP" wid="20">Paul</w>
  <w id="21" lemma="|VI|" pos="NNP" wid="21">VI</w>
  <w id="22" lemma="|'s|" pos="POS" wid="22">'s</w>
  <w id="23" lemma="|profound|" pos="JJ" wid="23">profound</w>
  <w id="24" lemma="|Marian|" pos="NNP" wid="24">Marian</w>
  <w id="25" lemma="|devotion|" pos="NN" wid="25">devotion</w>
  <w id="26" lemma="|.|" pos="." wid="26">.</w>
</sentence>
<sentence id="7">
  <w id="0" lemma="|the|" pos="DT" wid="0">The</w>
  <w id="1" lemma="|Christian|" pos="NNP" wid="1">Christian</w>
  <w id="2" lemma="|people|" pos="NNS" wid="2">people</w>
  <w id="3" lemma="|will|" pos="MD" wid="3">will</w>
  <w id="4" lemma="|always|" pos="RB" wid="4">always</w>
  <w id="5" lemma="|be|" pos="VB" wid="5">be</w>
  <w id="6" lemma="|grateful|" pos="JJ" wid="6">grateful</w>
  <w id="7" lemma="|to|" pos="TO" wid="7">to</w>
  <w id="8" lemma="|this|" pos="DT" wid="8">this</w>
  <w id="9" lemma="|Pontiff|" pos="NNP" wid="9">Pontiff</w>
  <w id="10" lemma="|for|" pos="IN" wid="10">for</w>
  <w id="11" lemma="|the|" pos="DT" wid="11">the</w>
  <w id="12" lemma="|Apostolic|" pos="NNP" wid="12">Apostolic</w>
  <w id="13" lemma="|Exhortation|" pos="NNP" wid="13">Exhortation</w>
  <w id="14" lemma="|Marialis|" pos="NNP" wid="14">Marialis</w>
  <w id="15" lemma="|Cultus|" pos="NNP" wid="15">Cultus</w>
  <w id="16" lemma="|and|" pos="CC" wid="16">and</w>
  <w id="17" lemma="|for|" pos="IN" wid="17">for</w>
  <w id="18" lemma="|he|" pos="PRP$" wid="18">his</w>
  <w id="19" lemma="|have|" pos="VBG" wid="19">having</w>
  <w id="20" lemma="|proclaim|" pos="VBN" wid="20">proclaimed</w>
  <w id="21" lemma="|Mary|" pos="NNP" wid="21">Mary</w>
  <w id="22" lemma="|``|" pos="``" wid="22">``</w>
  <w id="23" lemma="|Mother|" pos="NNP" wid="23">Mother</w>
  <w id="24" lemma="|of|" pos="IN" wid="24">of</w>
  <w id="25" lemma="|the|" pos="DT" wid="25">the</w>
  <w id="26" lemma="|Church|" pos="NNP" wid="26">Church</w>
  <w id="27" lemma="|''|" pos="''" wid="27">''</w>
  <w id="28" lemma="|,|" pos="," wid="28">,</w>
  <w id="29" lemma="|on|" pos="IN" wid="29">on</w>
  <w id="30" lemma="|the|" pos="DT" wid="30">the</w>
  <w id="31" lemma="|occasion|" pos="NN" wid="31">occasion</w>
  <w id="32" lemma="|of|" pos="IN" wid="32">of</w>
  <w id="33" lemma="|the|" pos="DT" wid="33">the</w>
  <w id="34" lemma="|closing|" pos="NN" wid="34">closing</w>
  <w id="35" lemma="|of|" pos="IN" wid="35">of</w>
  <w id="36" lemma="|the|" pos="DT" wid="36">the</w>
  <w id="37" lemma="|Second|" pos="NNP" wid="37">Second</w>
  <w id="38" lemma="|Vatican|" pos="NNP" wid="38">Vatican</w>
  <w id="39" lemma="|Council|" pos="NNP" wid="39">Council</w>
  <w id="40" lemma="|.|" pos="." wid="40">.</w>
</sentence>
<sentence id="8">
  <w id="0" lemma="|May|" pos="NNP" wid="0">May</w>
  <w id="1" lemma="|Mary|" pos="NNP" wid="1">Mary</w>
  <w id="2" lemma="|,|" pos="," wid="2">,</w>
  <w id="3" lemma="|Queen|" pos="NNP" wid="3">Queen</w>
  <w id="4" lemma="|of|" pos="IN" wid="4">of</w>
  <w id="5" lemma="|Saints|" pos="NNP" wid="5">Saints</w>
  <w id="6" lemma="|and|" pos="CC" wid="6">and</w>
  <w id="7" lemma="|Mother|" pos="NNP" wid="7">Mother</w>
  <w id="8" lemma="|of|" pos="IN" wid="8">of</w>
  <w id="9" lemma="|the|" pos="DT" wid="9">the</w>
  <w id="10" lemma="|Church|" pos="NNP" wid="10">Church</w>
  <w id="11" lemma="|,|" pos="," wid="11">,</w>
  <w id="12" lemma="|help|" pos="VB" wid="12">help</w>
  <w id="13" lemma="|we|" pos="PRP" wid="13">us</w>
  <w id="14" lemma="|to|" pos="TO" wid="14">to</w>
  <w id="15" lemma="|faithfully|" pos="RB" wid="15">faithfully</w>
  <w id="16" lemma="|realize|" pos="VB" wid="16">realize</w>
  <w id="17" lemma="|the|" pos="DT" wid="17">the</w>
  <w id="18" lemma="|will|" pos="NN" wid="18">will</w>
  <w id="19" lemma="|of|" pos="IN" wid="19">of</w>
  <w id="20" lemma="|the|" pos="DT" wid="20">the</w>
  <w id="21" lemma="|Lord|" pos="NNP" wid="21">Lord</w>
  <w id="22" lemma="|in|" pos="IN" wid="22">in</w>
  <w id="23" lemma="|we|" pos="PRP$" wid="23">our</w>
  <w id="24" lemma="|life|" pos="NN" wid="24">life</w>
  <w id="25" lemma="|,|" pos="," wid="25">,</w>
  <w id="26" lemma="|as|" pos="IN" wid="26">as</w>
  <w id="27" lemma="|the|" pos="DT" wid="27">the</w>
  <w id="28" lemma="|new|" pos="JJ" wid="28">new</w>
  <w id="29" lemma="|Blessed|" pos="NNP" wid="29">Blessed</w>
  <w id="30" lemma="|do|" pos="VBD" wid="30">did</w>
  <w id="31" lemma="|.|" pos="." wid="31">.</w>
</sentence>
</corpus>