<corpus id="0">
<sentence id="0">
  <w id="0" lemma="|Dear|" pos="NNP" wid="0">Dear</w>
  <w id="1" lemma="|Brothers|" pos="NNPS" wid="1">Brothers</w>
  <w id="2" lemma="|and|" pos="CC" wid="2">and</w>
  <w id="3" lemma="|sister|" pos="NNS" wid="3">Sisters</w>
  <w id="4" lemma="|,|" pos="," wid="4">,</w>
  <w id="5" lemma="|good|" pos="JJ" wid="5">Good</w>
  <w id="6" lemma="|morning|" pos="NN" wid="6">morning</w>
  <w id="7" lemma="|,|" pos="," wid="7">,</w>
  <w id="8" lemma="|this|" pos="DT" wid="8">This</w>
  <w id="9" lemma="|second|" pos="JJ" wid="9">second</w>
  <w id="10" lemma="|Sunday|" pos="NNP" wid="10">Sunday</w>
  <w id="11" lemma="|of|" pos="IN" wid="11">of</w>
  <w id="12" lemma="|Advent|" pos="NNP" wid="12">Advent</w>
  <w id="13" lemma="|fall|" pos="VBZ" wid="13">falls</w>
  <w id="14" lemma="|on|" pos="IN" wid="14">on</w>
  <w id="15" lemma="|the|" pos="DT" wid="15">the</w>
  <w id="16" lemma="|day|" pos="NN" wid="16">day</w>
  <w id="17" lemma="|of|" pos="IN" wid="17">of</w>
  <w id="18" lemma="|the|" pos="DT" wid="18">the</w>
  <w id="19" lemma="|solemnity|" pos="NN" wid="19">Solemnity</w>
  <w id="20" lemma="|of|" pos="IN" wid="20">of</w>
  <w id="21" lemma="|the|" pos="DT" wid="21">the</w>
  <w id="22" lemma="|immaculate|" pos="JJ" wid="22">Immaculate</w>
  <w id="23" lemma="|conception|" pos="NN" wid="23">Conception</w>
  <w id="24" lemma="|of|" pos="IN" wid="24">of</w>
  <w id="25" lemma="|Mary|" pos="NNP" wid="25">Mary</w>
  <w id="26" lemma="|,|" pos="," wid="26">,</w>
  <w id="27" lemma="|and|" pos="CC" wid="27">and</w>
  <w id="28" lemma="|thus|" pos="RB" wid="28">thus</w>
  <w id="29" lemma="|we|" pos="PRP$" wid="29">our</w>
  <w id="30" lemma="|gaze|" pos="VBP" wid="30">gaze</w>
  <w id="31" lemma="|be|" pos="VBZ" wid="31">is</w>
  <w id="32" lemma="|draw|" pos="VBN" wid="32">drawn</w>
  <w id="33" lemma="|to|" pos="TO" wid="33">to</w>
  <w id="34" lemma="|the|" pos="DT" wid="34">the</w>
  <w id="35" lemma="|beauty|" pos="NN" wid="35">beauty</w>
  <w id="36" lemma="|of|" pos="IN" wid="36">of</w>
  <w id="37" lemma="|the|" pos="DT" wid="37">the</w>
  <w id="38" lemma="|Mother|" pos="NNP" wid="38">Mother</w>
  <w id="39" lemma="|of|" pos="IN" wid="39">of</w>
  <w id="40" lemma="|Jesus|" pos="NNP" wid="40">Jesus</w>
  <w id="41" lemma="|,|" pos="," wid="41">,</w>
  <w id="42" lemma="|we|" pos="PRP$" wid="42">our</w>
  <w id="43" lemma="|Mother|" pos="NNP" wid="43">Mother</w>
  <w id="44" lemma="|!|" pos="." wid="44">!</w>
</sentence>
<sentence id="1">
  <w id="0" lemma="|with|" pos="IN" wid="0">With</w>
  <w id="1" lemma="|great|" pos="JJ" wid="1">great</w>
  <w id="2" lemma="|joy|" pos="NN" wid="2">joy</w>
  <w id="3" lemma="|the|" pos="DT" wid="3">the</w>
  <w id="4" lemma="|Church|" pos="NNP" wid="4">Church</w>
  <w id="5" lemma="|contemplate|" pos="VBZ" wid="5">contemplates</w>
  <w id="6" lemma="|she|" pos="PRP" wid="6">her</w>
  <w id="7" lemma="|``|" pos="``" wid="7">``</w>
  <w id="8" lemma="|full|" pos="JJ" wid="8">full</w>
  <w id="9" lemma="|of|" pos="IN" wid="9">of</w>
  <w id="10" lemma="|grace|" pos="NN" wid="10">grace</w>
  <w id="11" lemma="|''|" pos="''" wid="11">''</w>
  <w id="12" lemma="|-lrb-|" pos="-LRB-" wid="12">-LRB-</w>
  <w id="13" lemma="|lk|" pos="NN" wid="13">Lk</w>
  <w id="14" lemma="|1:28|" pos="CD" wid="14">1:28</w>
  <w id="15" lemma="|-rrb-|" pos="-RRB-" wid="15">-RRB-</w>
  <w id="16" lemma="|,|" pos="," wid="16">,</w>
  <w id="17" lemma="|and|" pos="CC" wid="17">and</w>
  <w id="18" lemma="|start|" pos="VBG" wid="18">starting</w>
  <w id="19" lemma="|with|" pos="IN" wid="19">with</w>
  <w id="20" lemma="|these|" pos="DT" wid="20">these</w>
  <w id="21" lemma="|word|" pos="NNS" wid="21">words</w>
  <w id="22" lemma="|we|" pos="PRP" wid="22">we</w>
  <w id="23" lemma="|salute|" pos="VBP" wid="23">salute</w>
  <w id="24" lemma="|she|" pos="PRP" wid="24">her</w>
  <w id="25" lemma="|together|" pos="RB" wid="25">together</w>
  <w id="26" lemma="|:|" pos=":" wid="26">:</w>
  <w id="27" lemma="|``|" pos="``" wid="27">``</w>
  <w id="28" lemma="|full|" pos="JJ" wid="28">Full</w>
  <w id="29" lemma="|of|" pos="IN" wid="29">of</w>
  <w id="30" lemma="|grace|" pos="NN" wid="30">grace</w>
  <w id="31" lemma="|!|" pos="." wid="31">!</w>
  <w id="32" lemma="|''|" pos="''" wid="32">''</w>
</sentence>
<sentence id="2">
  <w id="0" lemma="|let|" pos="VB" wid="0">Let</w>
  <w id="1" lemma="|we|" pos="PRP" wid="1">us</w>
  <w id="2" lemma="|say|" pos="VB" wid="2">say</w>
  <w id="3" lemma="|it|" pos="PRP" wid="3">it</w>
  <w id="4" lemma="|three|" pos="CD" wid="4">three</w>
  <w id="5" lemma="|time|" pos="NNS" wid="5">times</w>
  <w id="6" lemma="|:|" pos=":" wid="6">:</w>
  <w id="7" lemma="|``|" pos="``" wid="7">``</w>
  <w id="8" lemma="|full|" pos="JJ" wid="8">Full</w>
  <w id="9" lemma="|of|" pos="IN" wid="9">of</w>
  <w id="10" lemma="|grace|" pos="NN" wid="10">grace</w>
  <w id="11" lemma="|!|" pos="." wid="11">!</w>
  <w id="12" lemma="|''|" pos="''" wid="12">''</w>
  <w id="13" lemma="|.|" pos="." wid="13">.</w>
</sentence>
<sentence id="3">
  <w id="0" lemma="|everyone|" pos="NN" wid="0">Everyone</w>
  <w id="1" lemma="|:|" pos=":" wid="1">:</w>
  <w id="2" lemma="|full|" pos="JJ" wid="2">Full</w>
  <w id="3" lemma="|of|" pos="IN" wid="3">of</w>
  <w id="4" lemma="|grace|" pos="NN" wid="4">grace</w>
  <w id="5" lemma="|!|" pos="." wid="5">!</w>
</sentence>
<sentence id="4">
  <w id="0" lemma="|full|" pos="JJ" wid="0">Full</w>
  <w id="1" lemma="|of|" pos="IN" wid="1">of</w>
  <w id="2" lemma="|grace|" pos="NN" wid="2">grace</w>
  <w id="3" lemma="|!|" pos="." wid="3">!</w>
</sentence>
<sentence id="5">
  <w id="0" lemma="|full|" pos="JJ" wid="0">Full</w>
  <w id="1" lemma="|of|" pos="IN" wid="1">of</w>
  <w id="2" lemma="|grace|" pos="NN" wid="2">grace</w>
  <w id="3" lemma="|!|" pos="." wid="3">!</w>
</sentence>
<sentence id="6">
  <w id="0" lemma="|this|" pos="DT" wid="0">This</w>
  <w id="1" lemma="|be|" pos="VBZ" wid="1">is</w>
  <w id="2" lemma="|how|" pos="WRB" wid="2">how</w>
  <w id="3" lemma="|God|" pos="NNP" wid="3">God</w>
  <w id="4" lemma="|see|" pos="VBD" wid="4">saw</w>
  <w id="5" lemma="|she|" pos="PRP" wid="5">her</w>
  <w id="6" lemma="|from|" pos="IN" wid="6">from</w>
  <w id="7" lemma="|the|" pos="DT" wid="7">the</w>
  <w id="8" lemma="|first|" pos="JJ" wid="8">first</w>
  <w id="9" lemma="|moment|" pos="NN" wid="9">moment</w>
  <w id="10" lemma="|of|" pos="IN" wid="10">of</w>
  <w id="11" lemma="|he|" pos="PRP$" wid="11">his</w>
  <w id="12" lemma="|loving|" pos="JJ" wid="12">loving</w>
  <w id="13" lemma="|design|" pos="NN" wid="13">design</w>
  <w id="14" lemma="|.|" pos="." wid="14">.</w>
</sentence>
<sentence id="7">
  <w id="0" lemma="|he|" pos="PRP" wid="0">He</w>
  <w id="1" lemma="|see|" pos="VBD" wid="1">saw</w>
  <w id="2" lemma="|she|" pos="PRP" wid="2">her</w>
  <w id="3" lemma="|as|" pos="IN" wid="3">as</w>
  <w id="4" lemma="|beautiful|" pos="JJ" wid="4">beautiful</w>
  <w id="5" lemma="|,|" pos="," wid="5">,</w>
  <w id="6" lemma="|full|" pos="JJ" wid="6">full</w>
  <w id="7" lemma="|of|" pos="IN" wid="7">of</w>
  <w id="8" lemma="|grace|" pos="NN" wid="8">grace</w>
  <w id="9" lemma="|.|" pos="." wid="9">.</w>
</sentence>
<sentence id="8">
  <w id="0" lemma="|we|" pos="PRP$" wid="0">Our</w>
  <w id="1" lemma="|Mother|" pos="NNP" wid="1">Mother</w>
  <w id="2" lemma="|be|" pos="VBZ" wid="2">is</w>
  <w id="3" lemma="|beautiful|" pos="JJ" wid="3">beautiful</w>
  <w id="4" lemma="|!|" pos="." wid="4">!</w>
</sentence>
<sentence id="9">
  <w id="0" lemma="|Mary|" pos="NNP" wid="0">Mary</w>
  <w id="1" lemma="|sustain|" pos="VBZ" wid="1">sustains</w>
  <w id="2" lemma="|we|" pos="PRP$" wid="2">our</w>
  <w id="3" lemma="|journey|" pos="NN" wid="3">journey</w>
  <w id="4" lemma="|toward|" pos="IN" wid="4">toward</w>
  <w id="5" lemma="|Christmas|" pos="NNP" wid="5">Christmas</w>
  <w id="6" lemma="|,|" pos="," wid="6">,</w>
  <w id="7" lemma="|for|" pos="IN" wid="7">for</w>
  <w id="8" lemma="|she|" pos="PRP" wid="8">she</w>
  <w id="9" lemma="|teach|" pos="VBZ" wid="9">teaches</w>
  <w id="10" lemma="|we|" pos="PRP" wid="10">us</w>
  <w id="11" lemma="|how|" pos="WRB" wid="11">how</w>
  <w id="12" lemma="|to|" pos="TO" wid="12">to</w>
  <w id="13" lemma="|live|" pos="VB" wid="13">live</w>
  <w id="14" lemma="|this|" pos="DT" wid="14">this</w>
  <w id="15" lemma="|Advent|" pos="NNP" wid="15">Advent</w>
  <w id="16" lemma="|season|" pos="NN" wid="16">Season</w>
  <w id="17" lemma="|in|" pos="IN" wid="17">in</w>
  <w id="18" lemma="|expectation|" pos="NN" wid="18">expectation</w>
  <w id="19" lemma="|of|" pos="IN" wid="19">of</w>
  <w id="20" lemma="|the|" pos="DT" wid="20">the</w>
  <w id="21" lemma="|Lord|" pos="NNP" wid="21">Lord</w>
  <w id="22" lemma="|.|" pos="." wid="22">.</w>
</sentence>
<sentence id="10">
  <w id="0" lemma="|for|" pos="IN" wid="0">For</w>
  <w id="1" lemma="|this|" pos="DT" wid="1">this</w>
  <w id="2" lemma="|time|" pos="NN" wid="2">time</w>
  <w id="3" lemma="|of|" pos="IN" wid="3">of</w>
  <w id="4" lemma="|Advent|" pos="NNP" wid="4">Advent</w>
  <w id="5" lemma="|be|" pos="VBZ" wid="5">is</w>
  <w id="6" lemma="|a|" pos="DT" wid="6">a</w>
  <w id="7" lemma="|time|" pos="NN" wid="7">time</w>
  <w id="8" lemma="|of|" pos="IN" wid="8">of</w>
  <w id="9" lemma="|wait|" pos="VBG" wid="9">waiting</w>
  <w id="10" lemma="|for|" pos="IN" wid="10">for</w>
  <w id="11" lemma="|the|" pos="DT" wid="11">the</w>
  <w id="12" lemma="|Lord|" pos="NNP" wid="12">Lord</w>
  <w id="13" lemma="|,|" pos="," wid="13">,</w>
  <w id="14" lemma="|who|" pos="WP" wid="14">who</w>
  <w id="15" lemma="|will|" pos="MD" wid="15">will</w>
  <w id="16" lemma="|visit|" pos="VB" wid="16">visit</w>
  <w id="17" lemma="|we|" pos="PRP" wid="17">us</w>
  <w id="18" lemma="|all|" pos="DT" wid="18">all</w>
  <w id="19" lemma="|on|" pos="IN" wid="19">on</w>
  <w id="20" lemma="|the|" pos="DT" wid="20">the</w>
  <w id="21" lemma="|feast|" pos="NN" wid="21">feast</w>
  <w id="22" lemma="|,|" pos="," wid="22">,</w>
  <w id="23" lemma="|but|" pos="CC" wid="23">but</w>
  <w id="24" lemma="|also|" pos="RB" wid="24">also</w>
  <w id="25" lemma="|,|" pos="," wid="25">,</w>
  <w id="26" lemma="|each|" pos="DT" wid="26">each</w>
  <w id="27" lemma="|one|" pos="CD" wid="27">one</w>
  <w id="28" lemma="|,|" pos="," wid="28">,</w>
  <w id="29" lemma="|in|" pos="IN" wid="29">in</w>
  <w id="30" lemma="|we|" pos="PRP$" wid="30">our</w>
  <w id="31" lemma="|own|" pos="JJ" wid="31">own</w>
  <w id="32" lemma="|heart|" pos="NNS" wid="32">hearts</w>
  <w id="33" lemma="|.|" pos="." wid="33">.</w>
</sentence>
<sentence id="11">
  <w id="0" lemma="|the|" pos="DT" wid="0">The</w>
  <w id="1" lemma="|Lord|" pos="NNP" wid="1">Lord</w>
  <w id="2" lemma="|be|" pos="VBZ" wid="2">is</w>
  <w id="3" lemma="|come|" pos="VBG" wid="3">coming</w>
  <w id="4" lemma="|!|" pos="." wid="4">!</w>
</sentence>
<sentence id="12">
  <w id="0" lemma="|let|" pos="VB" wid="0">Let</w>
  <w id="1" lemma="|we|" pos="PRP" wid="1">us</w>
  <w id="2" lemma="|wait|" pos="VB" wid="2">wait</w>
  <w id="3" lemma="|for|" pos="IN" wid="3">for</w>
  <w id="4" lemma="|he|" pos="PRP" wid="4">him</w>
  <w id="5" lemma="|!|" pos="." wid="5">!</w>
</sentence>
<sentence id="13">
  <w id="0" lemma="|the|" pos="DT" wid="0">The</w>
  <w id="1" lemma="|Gospel|" pos="NNP" wid="1">Gospel</w>
  <w id="2" lemma="|of|" pos="IN" wid="2">of</w>
  <w id="3" lemma="|St|" pos="NNP" wid="3">St</w>
  <w id="4" lemma="|Luke|" pos="NNP" wid="4">Luke</w>
  <w id="5" lemma="|present|" pos="VBZ" wid="5">presents</w>
  <w id="6" lemma="|we|" pos="PRP" wid="6">us</w>
  <w id="7" lemma="|with|" pos="IN" wid="7">with</w>
  <w id="8" lemma="|Mary|" pos="NNP" wid="8">Mary</w>
  <w id="9" lemma="|,|" pos="," wid="9">,</w>
  <w id="10" lemma="|a|" pos="DT" wid="10">a</w>
  <w id="11" lemma="|girl|" pos="NN" wid="11">girl</w>
  <w id="12" lemma="|from|" pos="IN" wid="12">from</w>
  <w id="13" lemma="|Nazareth|" pos="NNP" wid="13">Nazareth</w>
  <w id="14" lemma="|,|" pos="," wid="14">,</w>
  <w id="15" lemma="|a|" pos="DT" wid="15">a</w>
  <w id="16" lemma="|small|" pos="JJ" wid="16">small</w>
  <w id="17" lemma="|town|" pos="NN" wid="17">town</w>
  <w id="18" lemma="|in|" pos="IN" wid="18">in</w>
  <w id="19" lemma="|Galilee|" pos="NNP" wid="19">Galilee</w>
  <w id="20" lemma="|,|" pos="," wid="20">,</w>
  <w id="21" lemma="|in|" pos="IN" wid="21">in</w>
  <w id="22" lemma="|the|" pos="DT" wid="22">the</w>
  <w id="23" lemma="|outskirts|" pos="NNS" wid="23">outskirts</w>
  <w id="24" lemma="|of|" pos="IN" wid="24">of</w>
  <w id="25" lemma="|the|" pos="DT" wid="25">the</w>
  <w id="26" lemma="|Roman|" pos="NNP" wid="26">Roman</w>
  <w id="27" lemma="|Empire|" pos="NNP" wid="27">Empire</w>
  <w id="28" lemma="|and|" pos="CC" wid="28">and</w>
  <w id="29" lemma="|on|" pos="IN" wid="29">on</w>
  <w id="30" lemma="|the|" pos="DT" wid="30">the</w>
  <w id="31" lemma="|outskirts|" pos="NNS" wid="31">outskirts</w>
  <w id="32" lemma="|of|" pos="IN" wid="32">of</w>
  <w id="33" lemma="|Israel|" pos="NNP" wid="33">Israel</w>
  <w id="34" lemma="|as|" pos="RB" wid="34">as</w>
  <w id="35" lemma="|well|" pos="RB" wid="35">well</w>
  <w id="36" lemma="|.|" pos="." wid="36">.</w>
</sentence>
<sentence id="14">
  <w id="0" lemma="|a|" pos="DT" wid="0">A</w>
  <w id="1" lemma="|village|" pos="NN" wid="1">village</w>
  <w id="2" lemma="|.|" pos="." wid="2">.</w>
</sentence>
<sentence id="15">
  <w id="0" lemma="|yet|" pos="RB" wid="0">Yet</w>
  <w id="1" lemma="|the|" pos="DT" wid="1">the</w>
  <w id="2" lemma="|Lord|" pos="NNP" wid="2">Lord</w>
  <w id="3" lemma="|'s|" pos="POS" wid="3">'s</w>
  <w id="4" lemma="|gaze|" pos="VBP" wid="4">gaze</w>
  <w id="5" lemma="|rest|" pos="VBN" wid="5">rested</w>
  <w id="6" lemma="|on|" pos="IN" wid="6">on</w>
  <w id="7" lemma="|she|" pos="PRP" wid="7">her</w>
  <w id="8" lemma="|,|" pos="," wid="8">,</w>
  <w id="9" lemma="|on|" pos="IN" wid="9">on</w>
  <w id="10" lemma="|this|" pos="DT" wid="10">this</w>
  <w id="11" lemma="|little|" pos="JJ" wid="11">little</w>
  <w id="12" lemma="|girl|" pos="NN" wid="12">girl</w>
  <w id="13" lemma="|from|" pos="IN" wid="13">from</w>
  <w id="14" lemma="|that|" pos="DT" wid="14">that</w>
  <w id="15" lemma="|distant|" pos="JJ" wid="15">distant</w>
  <w id="16" lemma="|village|" pos="NN" wid="16">village</w>
  <w id="17" lemma="|,|" pos="," wid="17">,</w>
  <w id="18" lemma="|on|" pos="IN" wid="18">on</w>
  <w id="19" lemma="|the|" pos="DT" wid="19">the</w>
  <w id="20" lemma="|one|" pos="CD" wid="20">one</w>
  <w id="21" lemma="|he|" pos="PRP" wid="21">he</w>
  <w id="22" lemma="|have|" pos="VBD" wid="22">had</w>
  <w id="23" lemma="|choose|" pos="VBN" wid="23">chosen</w>
  <w id="24" lemma="|to|" pos="TO" wid="24">to</w>
  <w id="25" lemma="|be|" pos="VB" wid="25">be</w>
  <w id="26" lemma="|the|" pos="DT" wid="26">the</w>
  <w id="27" lemma="|mother|" pos="NN" wid="27">mother</w>
  <w id="28" lemma="|of|" pos="IN" wid="28">of</w>
  <w id="29" lemma="|he|" pos="PRP$" wid="29">his</w>
  <w id="30" lemma="|Son|" pos="NNP" wid="30">Son</w>
  <w id="31" lemma="|.|" pos="." wid="31">.</w>
</sentence>
<sentence id="16">
  <w id="0" lemma="|in|" pos="IN" wid="0">In</w>
  <w id="1" lemma="|view|" pos="NN" wid="1">view</w>
  <w id="2" lemma="|of|" pos="IN" wid="2">of</w>
  <w id="3" lemma="|this|" pos="DT" wid="3">this</w>
  <w id="4" lemma="|motherhood|" pos="NN" wid="4">motherhood</w>
  <w id="5" lemma="|,|" pos="," wid="5">,</w>
  <w id="6" lemma="|Mary|" pos="NNP" wid="6">Mary</w>
  <w id="7" lemma="|be|" pos="VBD" wid="7">was</w>
  <w id="8" lemma="|preserve|" pos="VBN" wid="8">preserved</w>
  <w id="9" lemma="|from|" pos="IN" wid="9">from</w>
  <w id="10" lemma="|original|" pos="JJ" wid="10">original</w>
  <w id="11" lemma="|sin|" pos="NN" wid="11">sin</w>
  <w id="12" lemma="|,|" pos="," wid="12">,</w>
  <w id="13" lemma="|from|" pos="IN" wid="13">from</w>
  <w id="14" lemma="|that|" pos="DT" wid="14">that</w>
  <w id="15" lemma="|fracture|" pos="NN" wid="15">fracture</w>
  <w id="16" lemma="|in|" pos="IN" wid="16">in</w>
  <w id="17" lemma="|communion|" pos="NN" wid="17">communion</w>
  <w id="18" lemma="|with|" pos="IN" wid="18">with</w>
  <w id="19" lemma="|God|" pos="NNP" wid="19">God</w>
  <w id="20" lemma="|,|" pos="," wid="20">,</w>
  <w id="21" lemma="|with|" pos="IN" wid="21">with</w>
  <w id="22" lemma="|other|" pos="NNS" wid="22">others</w>
  <w id="23" lemma="|and|" pos="CC" wid="23">and</w>
  <w id="24" lemma="|with|" pos="IN" wid="24">with</w>
  <w id="25" lemma="|creation|" pos="NN" wid="25">creation</w>
  <w id="26" lemma="|,|" pos="," wid="26">,</w>
  <w id="27" lemma="|which|" pos="WDT" wid="27">which</w>
  <w id="28" lemma="|deeply|" pos="RB" wid="28">deeply</w>
  <w id="29" lemma="|wound|" pos="NNS" wid="29">wounds</w>
  <w id="30" lemma="|every|" pos="DT" wid="30">every</w>
  <w id="31" lemma="|human|" pos="JJ" wid="31">human</w>
  <w id="32" lemma="|being|" pos="NN" wid="32">being</w>
  <w id="33" lemma="|.|" pos="." wid="33">.</w>
</sentence>
<sentence id="17">
  <w id="0" lemma="|but|" pos="CC" wid="0">But</w>
  <w id="1" lemma="|this|" pos="DT" wid="1">this</w>
  <w id="2" lemma="|fracture|" pos="NN" wid="2">fracture</w>
  <w id="3" lemma="|be|" pos="VBD" wid="3">was</w>
  <w id="4" lemma="|heal|" pos="VBN" wid="4">healed</w>
  <w id="5" lemma="|in|" pos="IN" wid="5">in</w>
  <w id="6" lemma="|advance|" pos="NN" wid="6">advance</w>
  <w id="7" lemma="|in|" pos="IN" wid="7">in</w>
  <w id="8" lemma="|the|" pos="DT" wid="8">the</w>
  <w id="9" lemma="|Mother|" pos="NNP" wid="9">Mother</w>
  <w id="10" lemma="|of|" pos="IN" wid="10">of</w>
  <w id="11" lemma="|the|" pos="DT" wid="11">the</w>
  <w id="12" lemma="|one|" pos="NN" wid="12">One</w>
  <w id="13" lemma="|who|" pos="WP" wid="13">who</w>
  <w id="14" lemma="|come|" pos="VBD" wid="14">came</w>
  <w id="15" lemma="|to|" pos="TO" wid="15">to</w>
  <w id="16" lemma="|free|" pos="VB" wid="16">free</w>
  <w id="17" lemma="|we|" pos="PRP" wid="17">us</w>
  <w id="18" lemma="|from|" pos="IN" wid="18">from</w>
  <w id="19" lemma="|the|" pos="DT" wid="19">the</w>
  <w id="20" lemma="|slavery|" pos="NN" wid="20">slavery</w>
  <w id="21" lemma="|of|" pos="IN" wid="21">of</w>
  <w id="22" lemma="|sin|" pos="NN" wid="22">sin</w>
  <w id="23" lemma="|.|" pos="." wid="23">.</w>
</sentence>
<sentence id="18">
  <w id="0" lemma="|the|" pos="DT" wid="0">The</w>
  <w id="1" lemma="|Immaculata|" pos="NNP" wid="1">Immaculata</w>
  <w id="2" lemma="|be|" pos="VBD" wid="2">was</w>
  <w id="3" lemma="|write|" pos="VBN" wid="3">written</w>
  <w id="4" lemma="|in|" pos="IN" wid="4">in</w>
  <w id="5" lemma="|God|" pos="NNP" wid="5">God</w>
  <w id="6" lemma="|'s|" pos="POS" wid="6">'s</w>
  <w id="7" lemma="|design|" pos="NN" wid="7">design</w>
  <w id="8" lemma="|;|" pos=":" wid="8">;</w>
  <w id="9" lemma="|she|" pos="PRP" wid="9">she</w>
  <w id="10" lemma="|be|" pos="VBZ" wid="10">is</w>
  <w id="11" lemma="|the|" pos="DT" wid="11">the</w>
  <w id="12" lemma="|fruit|" pos="NN" wid="12">fruit</w>
  <w id="13" lemma="|of|" pos="IN" wid="13">of</w>
  <w id="14" lemma="|God|" pos="NNP" wid="14">God</w>
  <w id="15" lemma="|'s|" pos="POS" wid="15">'s</w>
  <w id="16" lemma="|love|" pos="NN" wid="16">love</w>
  <w id="17" lemma="|that|" pos="WDT" wid="17">that</w>
  <w id="18" lemma="|save|" pos="VBZ" wid="18">saves</w>
  <w id="19" lemma="|the|" pos="DT" wid="19">the</w>
  <w id="20" lemma="|world|" pos="NN" wid="20">world</w>
  <w id="21" lemma="|.|" pos="." wid="21">.</w>
</sentence>
<sentence id="19">
  <w id="0" lemma="|and|" pos="CC" wid="0">And</w>
  <w id="1" lemma="|Our|" pos="NNP" wid="1">Our</w>
  <w id="2" lemma="|Lady|" pos="NNP" wid="2">Lady</w>
  <w id="3" lemma="|never|" pos="RB" wid="3">never</w>
  <w id="4" lemma="|distance|" pos="VBD" wid="4">distanced</w>
  <w id="5" lemma="|herself|" pos="PRP" wid="5">herself</w>
  <w id="6" lemma="|from|" pos="IN" wid="6">from</w>
  <w id="7" lemma="|that|" pos="DT" wid="7">that</w>
  <w id="8" lemma="|love|" pos="NN" wid="8">love</w>
  <w id="9" lemma="|:|" pos=":" wid="9">:</w>
  <w id="10" lemma="|throughout|" pos="IN" wid="10">throughout</w>
  <w id="11" lemma="|she|" pos="PRP$" wid="11">her</w>
  <w id="12" lemma="|life|" pos="NN" wid="12">life</w>
  <w id="13" lemma="|she|" pos="PRP$" wid="13">her</w>
  <w id="14" lemma="|whole|" pos="JJ" wid="14">whole</w>
  <w id="15" lemma="|being|" pos="NN" wid="15">being</w>
  <w id="16" lemma="|be|" pos="VBZ" wid="16">is</w>
  <w id="17" lemma="|a|" pos="DT" wid="17">a</w>
  <w id="18" lemma="|``|" pos="``" wid="18">``</w>
  <w id="19" lemma="|yes|" pos="UH" wid="19">yes</w>
  <w id="20" lemma="|''|" pos="''" wid="20">''</w>
  <w id="21" lemma="|to|" pos="TO" wid="21">to</w>
  <w id="22" lemma="|that|" pos="DT" wid="22">that</w>
  <w id="23" lemma="|love|" pos="NN" wid="23">love</w>
  <w id="24" lemma="|,|" pos="," wid="24">,</w>
  <w id="25" lemma="|it|" pos="PRP" wid="25">it</w>
  <w id="26" lemma="|be|" pos="VBZ" wid="26">is</w>
  <w id="27" lemma="|the|" pos="DT" wid="27">the</w>
  <w id="28" lemma="|``|" pos="``" wid="28">``</w>
  <w id="29" lemma="|yes|" pos="UH" wid="29">yes</w>
  <w id="30" lemma="|''|" pos="''" wid="30">''</w>
  <w id="31" lemma="|to|" pos="TO" wid="31">to</w>
  <w id="32" lemma="|God|" pos="NNP" wid="32">God</w>
  <w id="33" lemma="|.|" pos="." wid="33">.</w>
</sentence>
<sentence id="20">
  <w id="0" lemma="|but|" pos="CC" wid="0">But</w>
  <w id="1" lemma="|that|" pos="DT" wid="1">that</w>
  <w id="2" lemma="|do|" pos="VBD" wid="2">did</w>
  <w id="3" lemma="|not|" pos="RB" wid="3">n't</w>
  <w id="4" lemma="|make|" pos="VB" wid="4">make</w>
  <w id="5" lemma="|life|" pos="NN" wid="5">life</w>
  <w id="6" lemma="|easy|" pos="JJ" wid="6">easy</w>
  <w id="7" lemma="|for|" pos="IN" wid="7">for</w>
  <w id="8" lemma="|she|" pos="PRP" wid="8">her</w>
  <w id="9" lemma="|!|" pos="." wid="9">!</w>
</sentence>
<sentence id="21">
  <w id="0" lemma="|when|" pos="WRB" wid="0">When</w>
  <w id="1" lemma="|the|" pos="DT" wid="1">the</w>
  <w id="2" lemma="|Angel|" pos="NNP" wid="2">Angel</w>
  <w id="3" lemma="|call|" pos="VBZ" wid="3">calls</w>
  <w id="4" lemma="|she|" pos="PRP" wid="4">her</w>
  <w id="5" lemma="|``|" pos="``" wid="5">``</w>
  <w id="6" lemma="|full|" pos="JJ" wid="6">full</w>
  <w id="7" lemma="|of|" pos="IN" wid="7">of</w>
  <w id="8" lemma="|grace|" pos="NN" wid="8">grace</w>
  <w id="9" lemma="|''|" pos="''" wid="9">''</w>
  <w id="10" lemma="|-lrb-|" pos="-LRB-" wid="10">-LRB-</w>
  <w id="11" lemma="|lk|" pos="NN" wid="11">Lk</w>
  <w id="12" lemma="|1:28|" pos="CD" wid="12">1:28</w>
  <w id="13" lemma="|-rrb-|" pos="-RRB-" wid="13">-RRB-</w>
  <w id="14" lemma="|,|" pos="," wid="14">,</w>
  <w id="15" lemma="|she|" pos="PRP" wid="15">she</w>
  <w id="16" lemma="|be|" pos="VBZ" wid="16">is</w>
  <w id="17" lemma="|``|" pos="``" wid="17">``</w>
  <w id="18" lemma="|greatly|" pos="RB" wid="18">greatly</w>
  <w id="19" lemma="|troubled|" pos="JJ" wid="19">troubled</w>
  <w id="20" lemma="|''|" pos="''" wid="20">''</w>
  <w id="21" lemma="|for|" pos="IN" wid="21">for</w>
  <w id="22" lemma="|in|" pos="IN" wid="22">in</w>
  <w id="23" lemma="|she|" pos="PRP$" wid="23">her</w>
  <w id="24" lemma="|humility|" pos="NN" wid="24">humility</w>
  <w id="25" lemma="|she|" pos="PRP" wid="25">she</w>
  <w id="26" lemma="|feel|" pos="VBZ" wid="26">feels</w>
  <w id="27" lemma="|she|" pos="PRP" wid="27">she</w>
  <w id="28" lemma="|be|" pos="VBZ" wid="28">is</w>
  <w id="29" lemma="|nothing|" pos="NN" wid="29">nothing</w>
  <w id="30" lemma="|before|" pos="IN" wid="30">before</w>
  <w id="31" lemma="|God|" pos="NNP" wid="31">God</w>
  <w id="32" lemma="|.|" pos="." wid="32">.</w>
</sentence>
<sentence id="22">
  <w id="0" lemma="|the|" pos="DT" wid="0">The</w>
  <w id="1" lemma="|Angel|" pos="NNP" wid="1">Angel</w>
  <w id="2" lemma="|console|" pos="VBZ" wid="2">consoles</w>
  <w id="3" lemma="|she|" pos="PRP" wid="3">her</w>
  <w id="4" lemma="|:|" pos=":" wid="4">:</w>
  <w id="5" lemma="|``|" pos="``" wid="5">``</w>
  <w id="6" lemma="|do|" pos="VBP" wid="6">Do</w>
  <w id="7" lemma="|not|" pos="RB" wid="7">not</w>
  <w id="8" lemma="|be|" pos="VB" wid="8">be</w>
  <w id="9" lemma="|afraid|" pos="JJ" wid="9">afraid</w>
  <w id="10" lemma="|,|" pos="," wid="10">,</w>
  <w id="11" lemma="|Mary|" pos="NNP" wid="11">Mary</w>
  <w id="12" lemma="|,|" pos="," wid="12">,</w>
  <w id="13" lemma="|for|" pos="IN" wid="13">for</w>
  <w id="14" lemma="|you|" pos="PRP" wid="14">you</w>
  <w id="15" lemma="|have|" pos="VBP" wid="15">have</w>
  <w id="16" lemma="|find|" pos="VBN" wid="16">found</w>
  <w id="17" lemma="|favour|" pos="NN" wid="17">favour</w>
  <w id="18" lemma="|with|" pos="IN" wid="18">with</w>
  <w id="19" lemma="|God|" pos="NNP" wid="19">God</w>
  <w id="20" lemma="|.|" pos="." wid="20">.</w>
</sentence>
<sentence id="23">
  <w id="0" lemma="|and|" pos="CC" wid="0">And</w>
  <w id="1" lemma="|behold|" pos="RB" wid="1">behold</w>
  <w id="2" lemma="|,|" pos="," wid="2">,</w>
  <w id="3" lemma="|you|" pos="PRP" wid="3">you</w>
  <w id="4" lemma="|will|" pos="MD" wid="4">will</w>
  <w id="5" lemma="|conceive|" pos="VB" wid="5">conceive</w>
  <w id="6" lemma="|in|" pos="IN" wid="6">in</w>
  <w id="7" lemma="|you|" pos="PRP$" wid="7">your</w>
  <w id="8" lemma="|womb|" pos="NN" wid="8">womb</w>
  <w id="9" lemma="|and|" pos="CC" wid="9">and</w>
  <w id="10" lemma="|bear|" pos="VB" wid="10">bear</w>
  <w id="11" lemma="|a|" pos="DT" wid="11">a</w>
  <w id="12" lemma="|son|" pos="NN" wid="12">son</w>
  <w id="13" lemma="|,|" pos="," wid="13">,</w>
  <w id="14" lemma="|and|" pos="CC" wid="14">and</w>
  <w id="15" lemma="|you|" pos="PRP" wid="15">you</w>
  <w id="16" lemma="|shall|" pos="MD" wid="16">shall</w>
  <w id="17" lemma="|call|" pos="VB" wid="17">call</w>
  <w id="18" lemma="|he|" pos="PRP$" wid="18">his</w>
  <w id="19" lemma="|name|" pos="NN" wid="19">name</w>
  <w id="20" lemma="|Jesus|" pos="NNP" wid="20">Jesus</w>
  <w id="21" lemma="|''|" pos="''" wid="21">''</w>
  <w id="22" lemma="|-lrb-|" pos="-LRB-" wid="22">-LRB-</w>
  <w id="23" lemma="|v.|" pos="CC" wid="23">v.</w>
  <w id="24" lemma="|30,31|" pos="CD" wid="24">30,31</w>
  <w id="25" lemma="|-rrb-|" pos="-RRB-" wid="25">-RRB-</w>
  <w id="26" lemma="|.|" pos="." wid="26">.</w>
</sentence>
<sentence id="24">
  <w id="0" lemma="|this|" pos="DT" wid="0">This</w>
  <w id="1" lemma="|announcement|" pos="NN" wid="1">announcement</w>
  <w id="2" lemma="|trouble|" pos="NNS" wid="2">troubles</w>
  <w id="3" lemma="|she|" pos="PRP" wid="3">her</w>
  <w id="4" lemma="|even|" pos="RB" wid="4">even</w>
  <w id="5" lemma="|more|" pos="RBR" wid="5">more</w>
  <w id="6" lemma="|because|" pos="IN" wid="6">because</w>
  <w id="7" lemma="|she|" pos="PRP" wid="7">she</w>
  <w id="8" lemma="|be|" pos="VBD" wid="8">was</w>
  <w id="9" lemma="|not|" pos="RB" wid="9">not</w>
  <w id="10" lemma="|yet|" pos="RB" wid="10">yet</w>
  <w id="11" lemma="|marry|" pos="VBN" wid="11">married</w>
  <w id="12" lemma="|to|" pos="TO" wid="12">to</w>
  <w id="13" lemma="|Joseph|" pos="NNP" wid="13">Joseph</w>
  <w id="14" lemma="|;|" pos=":" wid="14">;</w>
  <w id="15" lemma="|but|" pos="CC" wid="15">but</w>
  <w id="16" lemma="|the|" pos="DT" wid="16">the</w>
  <w id="17" lemma="|Angel|" pos="NNP" wid="17">Angel</w>
  <w id="18" lemma="|add|" pos="VBZ" wid="18">adds</w>
  <w id="19" lemma="|:|" pos=":" wid="19">:</w>
  <w id="20" lemma="|``|" pos="``" wid="20">``</w>
  <w id="21" lemma="|the|" pos="DT" wid="21">The</w>
  <w id="22" lemma="|Holy|" pos="NNP" wid="22">Holy</w>
  <w id="23" lemma="|Spirit|" pos="NNP" wid="23">Spirit</w>
  <w id="24" lemma="|will|" pos="MD" wid="24">will</w>
  <w id="25" lemma="|come|" pos="VB" wid="25">come</w>
  <w id="26" lemma="|upon|" pos="IN" wid="26">upon</w>
  <w id="27" lemma="|you|" pos="PRP" wid="27">you</w>
  <w id="28" lemma="|...|" pos=":" wid="28">...</w>
  <w id="29" lemma="|therefore|" pos="RB" wid="29">therefore</w>
  <w id="30" lemma="|the|" pos="DT" wid="30">the</w>
  <w id="31" lemma="|child|" pos="NN" wid="31">child</w>
  <w id="32" lemma="|to|" pos="TO" wid="32">to</w>
  <w id="33" lemma="|be|" pos="VB" wid="33">be</w>
  <w id="34" lemma="|bear|" pos="VBN" wid="34">born</w>
  <w id="35" lemma="|will|" pos="MD" wid="35">will</w>
  <w id="36" lemma="|be|" pos="VB" wid="36">be</w>
  <w id="37" lemma="|call|" pos="VBN" wid="37">called</w>
  <w id="38" lemma="|holy|" pos="JJ" wid="38">holy</w>
  <w id="39" lemma="|,|" pos="," wid="39">,</w>
  <w id="40" lemma="|the|" pos="DT" wid="40">the</w>
  <w id="41" lemma="|Son|" pos="NNP" wid="41">Son</w>
  <w id="42" lemma="|of|" pos="IN" wid="42">of</w>
  <w id="43" lemma="|God|" pos="NNP" wid="43">God</w>
  <w id="44" lemma="|''|" pos="''" wid="44">''</w>
  <w id="45" lemma="|-lrb-|" pos="-LRB-" wid="45">-LRB-</w>
  <w id="46" lemma="|v.|" pos="CC" wid="46">v.</w>
  <w id="47" lemma="|35|" pos="CD" wid="47">35</w>
  <w id="48" lemma="|-rrb-|" pos="-RRB-" wid="48">-RRB-</w>
  <w id="49" lemma="|.|" pos="." wid="49">.</w>
</sentence>
<sentence id="25">
  <w id="0" lemma="|Mary|" pos="NNP" wid="0">Mary</w>
  <w id="1" lemma="|listen|" pos="VBZ" wid="1">listens</w>
  <w id="2" lemma="|,|" pos="," wid="2">,</w>
  <w id="3" lemma="|interiorly|" pos="RB" wid="3">interiorly</w>
  <w id="4" lemma="|obey|" pos="VBZ" wid="4">obeys</w>
  <w id="5" lemma="|and|" pos="CC" wid="5">and</w>
  <w id="6" lemma="|respond|" pos="VBZ" wid="6">responds</w>
  <w id="7" lemma="|:|" pos=":" wid="7">:</w>
  <w id="8" lemma="|``|" pos="``" wid="8">``</w>
  <w id="9" lemma="|Behold|" pos="NNP" wid="9">Behold</w>
  <w id="10" lemma="|,|" pos="," wid="10">,</w>
  <w id="11" lemma="|I|" pos="PRP" wid="11">I</w>
  <w id="12" lemma="|be|" pos="VBP" wid="12">am</w>
  <w id="13" lemma="|the|" pos="DT" wid="13">the</w>
  <w id="14" lemma="|handmaid|" pos="NN" wid="14">handmaid</w>
  <w id="15" lemma="|of|" pos="IN" wid="15">of</w>
  <w id="16" lemma="|the|" pos="DT" wid="16">the</w>
  <w id="17" lemma="|Lord|" pos="NNP" wid="17">Lord</w>
  <w id="18" lemma="|;|" pos=":" wid="18">;</w>
  <w id="19" lemma="|let|" pos="VB" wid="19">let</w>
  <w id="20" lemma="|it|" pos="PRP" wid="20">it</w>
  <w id="21" lemma="|be|" pos="VB" wid="21">be</w>
  <w id="22" lemma="|to|" pos="TO" wid="22">to</w>
  <w id="23" lemma="|I|" pos="PRP" wid="23">me</w>
  <w id="24" lemma="|accord|" pos="VBG" wid="24">according</w>
  <w id="25" lemma="|to|" pos="TO" wid="25">to</w>
  <w id="26" lemma="|you|" pos="PRP$" wid="26">your</w>
  <w id="27" lemma="|word|" pos="NN" wid="27">word</w>
  <w id="28" lemma="|''|" pos="''" wid="28">''</w>
  <w id="29" lemma="|-lrb-|" pos="-LRB-" wid="29">-LRB-</w>
  <w id="30" lemma="|v.|" pos="CC" wid="30">v.</w>
  <w id="31" lemma="|38|" pos="CD" wid="31">38</w>
  <w id="32" lemma="|-rrb-|" pos="-RRB-" wid="32">-RRB-</w>
  <w id="33" lemma="|.|" pos="." wid="33">.</w>
</sentence>
<sentence id="26">
  <w id="0" lemma="|the|" pos="DT" wid="0">The</w>
  <w id="1" lemma="|mystery|" pos="NN" wid="1">mystery</w>
  <w id="2" lemma="|of|" pos="IN" wid="2">of</w>
  <w id="3" lemma="|this|" pos="DT" wid="3">this</w>
  <w id="4" lemma="|girl|" pos="NN" wid="4">girl</w>
  <w id="5" lemma="|from|" pos="IN" wid="5">from</w>
  <w id="6" lemma="|Nazareth|" pos="NNP" wid="6">Nazareth</w>
  <w id="7" lemma="|,|" pos="," wid="7">,</w>
  <w id="8" lemma="|who|" pos="WP" wid="8">who</w>
  <w id="9" lemma="|be|" pos="VBZ" wid="9">is</w>
  <w id="10" lemma="|in|" pos="IN" wid="10">in</w>
  <w id="11" lemma="|the|" pos="DT" wid="11">the</w>
  <w id="12" lemma="|heart|" pos="NN" wid="12">heart</w>
  <w id="13" lemma="|of|" pos="IN" wid="13">of</w>
  <w id="14" lemma="|God|" pos="NNP" wid="14">God</w>
  <w id="15" lemma="|,|" pos="," wid="15">,</w>
  <w id="16" lemma="|be|" pos="VBZ" wid="16">is</w>
  <w id="17" lemma="|not|" pos="RB" wid="17">not</w>
  <w id="18" lemma="|estrange|" pos="VBN" wid="18">estranged</w>
  <w id="19" lemma="|from|" pos="IN" wid="19">from</w>
  <w id="20" lemma="|we|" pos="PRP" wid="20">us</w>
  <w id="21" lemma="|.|" pos="." wid="21">.</w>
</sentence>
<sentence id="27">
  <w id="0" lemma="|she|" pos="PRP" wid="0">She</w>
  <w id="1" lemma="|be|" pos="VBZ" wid="1">is</w>
  <w id="2" lemma="|not|" pos="RB" wid="2">not</w>
  <w id="3" lemma="|there|" pos="RB" wid="3">there</w>
  <w id="4" lemma="|and|" pos="CC" wid="4">and</w>
  <w id="5" lemma="|we|" pos="PRP" wid="5">we</w>
  <w id="6" lemma="|over|" pos="RB" wid="6">over</w>
  <w id="7" lemma="|here|" pos="RB" wid="7">here</w>
  <w id="8" lemma="|.|" pos="." wid="8">.</w>
</sentence>
<sentence id="28">
  <w id="0" lemma="|no|" pos="RB" wid="0">No</w>
  <w id="1" lemma="|,|" pos="," wid="1">,</w>
  <w id="2" lemma="|we|" pos="PRP" wid="2">we</w>
  <w id="3" lemma="|be|" pos="VBP" wid="3">are</w>
  <w id="4" lemma="|connect|" pos="VBN" wid="4">connected</w>
  <w id="5" lemma="|.|" pos="." wid="5">.</w>
</sentence>
<sentence id="29">
  <w id="0" lemma="|indeed|" pos="RB" wid="0">Indeed</w>
  <w id="1" lemma="|,|" pos="," wid="1">,</w>
  <w id="2" lemma="|God|" pos="NNP" wid="2">God</w>
  <w id="3" lemma="|rest|" pos="VBZ" wid="3">rests</w>
  <w id="4" lemma="|he|" pos="PRP$" wid="4">his</w>
  <w id="5" lemma="|loving|" pos="JJ" wid="5">loving</w>
  <w id="6" lemma="|gaze|" pos="VBP" wid="6">gaze</w>
  <w id="7" lemma="|on|" pos="IN" wid="7">on</w>
  <w id="8" lemma="|every|" pos="DT" wid="8">every</w>
  <w id="9" lemma="|man|" pos="NN" wid="9">man</w>
  <w id="10" lemma="|and|" pos="CC" wid="10">and</w>
  <w id="11" lemma="|every|" pos="DT" wid="11">every</w>
  <w id="12" lemma="|woman|" pos="NN" wid="12">woman</w>
  <w id="13" lemma="|!|" pos="." wid="13">!</w>
</sentence>
<sentence id="30">
  <w id="0" lemma="|by|" pos="IN" wid="0">By</w>
  <w id="1" lemma="|name|" pos="NN" wid="1">name</w>
  <w id="2" lemma="|and|" pos="CC" wid="2">and</w>
  <w id="3" lemma="|surname|" pos="NN" wid="3">surname</w>
  <w id="4" lemma="|.|" pos="." wid="4">.</w>
</sentence>
<sentence id="31">
  <w id="0" lemma="|he|" pos="PRP$" wid="0">His</w>
  <w id="1" lemma="|gaze|" pos="VB" wid="1">gaze</w>
  <w id="2" lemma="|of|" pos="IN" wid="2">of</w>
  <w id="3" lemma="|love|" pos="NN" wid="3">love</w>
  <w id="4" lemma="|be|" pos="VBZ" wid="4">is</w>
  <w id="5" lemma="|on|" pos="IN" wid="5">on</w>
  <w id="6" lemma="|every|" pos="DT" wid="6">every</w>
  <w id="7" lemma="|one|" pos="CD" wid="7">one</w>
  <w id="8" lemma="|of|" pos="IN" wid="8">of</w>
  <w id="9" lemma="|we|" pos="PRP" wid="9">us</w>
  <w id="10" lemma="|.|" pos="." wid="10">.</w>
</sentence>
<sentence id="32">
  <w id="0" lemma="|the|" pos="DT" wid="0">The</w>
  <w id="1" lemma="|Apostle|" pos="NNP" wid="1">Apostle</w>
  <w id="2" lemma="|Paul|" pos="NNP" wid="2">Paul</w>
  <w id="3" lemma="|state|" pos="VBZ" wid="3">states</w>
  <w id="4" lemma="|that|" pos="IN" wid="4">that</w>
  <w id="5" lemma="|God|" pos="NNP" wid="5">God</w>
  <w id="6" lemma="|``|" pos="``" wid="6">``</w>
  <w id="7" lemma="|choose|" pos="VBD" wid="7">chose</w>
  <w id="8" lemma="|we|" pos="PRP" wid="8">us</w>
  <w id="9" lemma="|in|" pos="IN" wid="9">in</w>
  <w id="10" lemma="|he|" pos="PRP" wid="10">him</w>
  <w id="11" lemma="|before|" pos="IN" wid="11">before</w>
  <w id="12" lemma="|the|" pos="DT" wid="12">the</w>
  <w id="13" lemma="|foundation|" pos="NN" wid="13">foundation</w>
  <w id="14" lemma="|of|" pos="IN" wid="14">of</w>
  <w id="15" lemma="|the|" pos="DT" wid="15">the</w>
  <w id="16" lemma="|world|" pos="NN" wid="16">world</w>
  <w id="17" lemma="|,|" pos="," wid="17">,</w>
  <w id="18" lemma="|that|" pos="IN" wid="18">that</w>
  <w id="19" lemma="|we|" pos="PRP" wid="19">we</w>
  <w id="20" lemma="|should|" pos="MD" wid="20">should</w>
  <w id="21" lemma="|be|" pos="VB" wid="21">be</w>
  <w id="22" lemma="|holy|" pos="JJ" wid="22">holy</w>
  <w id="23" lemma="|and|" pos="CC" wid="23">and</w>
  <w id="24" lemma="|blameless|" pos="JJ" wid="24">blameless</w>
  <w id="25" lemma="|before|" pos="IN" wid="25">before</w>
  <w id="26" lemma="|he|" pos="PRP" wid="26">him</w>
  <w id="27" lemma="|''|" pos="''" wid="27">''</w>
  <w id="28" lemma="|-lrb-|" pos="-LRB-" wid="28">-LRB-</w>
  <w id="29" lemma="|eph|" pos="NN" wid="29">Eph</w>
  <w id="30" lemma="|1:4|" pos="CD" wid="30">1:4</w>
  <w id="31" lemma="|-rrb-|" pos="-RRB-" wid="31">-RRB-</w>
  <w id="32" lemma="|.|" pos="." wid="32">.</w>
</sentence>
<sentence id="33">
  <w id="0" lemma="|we|" pos="PRP" wid="0">We</w>
  <w id="1" lemma="|too|" pos="RB" wid="1">too</w>
  <w id="2" lemma="|,|" pos="," wid="2">,</w>
  <w id="3" lemma="|from|" pos="IN" wid="3">from</w>
  <w id="4" lemma="|all|" pos="DT" wid="4">all</w>
  <w id="5" lemma="|time|" pos="NN" wid="5">time</w>
  <w id="6" lemma="|,|" pos="," wid="6">,</w>
  <w id="7" lemma="|be|" pos="VBD" wid="7">were</w>
  <w id="8" lemma="|choose|" pos="VBN" wid="8">chosen</w>
  <w id="9" lemma="|by|" pos="IN" wid="9">by</w>
  <w id="10" lemma="|God|" pos="NNP" wid="10">God</w>
  <w id="11" lemma="|to|" pos="TO" wid="11">to</w>
  <w id="12" lemma="|live|" pos="VB" wid="12">live</w>
  <w id="13" lemma="|a|" pos="DT" wid="13">a</w>
  <w id="14" lemma="|holy|" pos="JJ" wid="14">holy</w>
  <w id="15" lemma="|life|" pos="NN" wid="15">life</w>
  <w id="16" lemma="|,|" pos="," wid="16">,</w>
  <w id="17" lemma="|free|" pos="JJ" wid="17">free</w>
  <w id="18" lemma="|of|" pos="IN" wid="18">of</w>
  <w id="19" lemma="|sin|" pos="NN" wid="19">sin</w>
  <w id="20" lemma="|.|" pos="." wid="20">.</w>
</sentence>
<sentence id="34">
  <w id="0" lemma="|it|" pos="PRP" wid="0">It</w>
  <w id="1" lemma="|be|" pos="VBZ" wid="1">is</w>
  <w id="2" lemma="|a|" pos="DT" wid="2">a</w>
  <w id="3" lemma="|plan|" pos="NN" wid="3">plan</w>
  <w id="4" lemma="|of|" pos="IN" wid="4">of</w>
  <w id="5" lemma="|love|" pos="NN" wid="5">love</w>
  <w id="6" lemma="|that|" pos="IN" wid="6">that</w>
  <w id="7" lemma="|God|" pos="NNP" wid="7">God</w>
  <w id="8" lemma="|renew|" pos="VBZ" wid="8">renews</w>
  <w id="9" lemma="|every|" pos="DT" wid="9">every</w>
  <w id="10" lemma="|time|" pos="NN" wid="10">time</w>
  <w id="11" lemma="|we|" pos="PRP" wid="11">we</w>
  <w id="12" lemma="|come|" pos="VBP" wid="12">come</w>
  <w id="13" lemma="|to|" pos="TO" wid="13">to</w>
  <w id="14" lemma="|he|" pos="PRP" wid="14">him</w>
  <w id="15" lemma="|,|" pos="," wid="15">,</w>
  <w id="16" lemma="|especially|" pos="RB" wid="16">especially</w>
  <w id="17" lemma="|through|" pos="IN" wid="17">through</w>
  <w id="18" lemma="|the|" pos="DT" wid="18">the</w>
  <w id="19" lemma="|Sacraments|" pos="NNPS" wid="19">Sacraments</w>
  <w id="20" lemma="|.|" pos="." wid="20">.</w>
</sentence>
<sentence id="35">
  <w id="0" lemma="|on|" pos="IN" wid="0">On</w>
  <w id="1" lemma="|this|" pos="DT" wid="1">this</w>
  <w id="2" lemma="|solemnity|" pos="NN" wid="2">Solemnity</w>
  <w id="3" lemma="|,|" pos="," wid="3">,</w>
  <w id="4" lemma="|then|" pos="RB" wid="4">then</w>
  <w id="5" lemma="|,|" pos="," wid="5">,</w>
  <w id="6" lemma="|by|" pos="IN" wid="6">by</w>
  <w id="7" lemma="|contemplate|" pos="VBG" wid="7">contemplating</w>
  <w id="8" lemma="|we|" pos="PRP$" wid="8">our</w>
  <w id="9" lemma="|beautiful|" pos="JJ" wid="9">beautiful</w>
  <w id="10" lemma="|immaculate|" pos="JJ" wid="10">Immaculate</w>
  <w id="11" lemma="|mother|" pos="NN" wid="11">Mother</w>
  <w id="12" lemma="|,|" pos="," wid="12">,</w>
  <w id="13" lemma="|let|" pos="VB" wid="13">let</w>
  <w id="14" lemma="|we|" pos="PRP" wid="14">us</w>
  <w id="15" lemma="|also|" pos="RB" wid="15">also</w>
  <w id="16" lemma="|recognize|" pos="VBP" wid="16">recognize</w>
  <w id="17" lemma="|we|" pos="PRP$" wid="17">our</w>
  <w id="18" lemma="|truest|" pos="JJS" wid="18">truest</w>
  <w id="19" lemma="|destiny|" pos="NN" wid="19">destiny</w>
  <w id="20" lemma="|,|" pos="," wid="20">,</w>
  <w id="21" lemma="|we|" pos="PRP$" wid="21">our</w>
  <w id="22" lemma="|deepest|" pos="JJS" wid="22">deepest</w>
  <w id="23" lemma="|vocation|" pos="NN" wid="23">vocation</w>
  <w id="24" lemma="|:|" pos=":" wid="24">:</w>
  <w id="25" lemma="|to|" pos="TO" wid="25">to</w>
  <w id="26" lemma="|be|" pos="VB" wid="26">be</w>
  <w id="27" lemma="|love|" pos="VBN" wid="27">loved</w>
  <w id="28" lemma="|,|" pos="," wid="28">,</w>
  <w id="29" lemma="|to|" pos="TO" wid="29">to</w>
  <w id="30" lemma="|be|" pos="VB" wid="30">be</w>
  <w id="31" lemma="|transform|" pos="VBN" wid="31">transformed</w>
  <w id="32" lemma="|by|" pos="IN" wid="32">by</w>
  <w id="33" lemma="|love|" pos="NN" wid="33">love</w>
  <w id="34" lemma="|,|" pos="," wid="34">,</w>
  <w id="35" lemma="|to|" pos="TO" wid="35">to</w>
  <w id="36" lemma="|be|" pos="VB" wid="36">be</w>
  <w id="37" lemma="|transform|" pos="VBN" wid="37">transformed</w>
  <w id="38" lemma="|by|" pos="IN" wid="38">by</w>
  <w id="39" lemma="|the|" pos="DT" wid="39">the</w>
  <w id="40" lemma="|beauty|" pos="NN" wid="40">beauty</w>
  <w id="41" lemma="|of|" pos="IN" wid="41">of</w>
  <w id="42" lemma="|God|" pos="NNP" wid="42">God</w>
  <w id="43" lemma="|.|" pos="." wid="43">.</w>
</sentence>
<sentence id="36">
  <w id="0" lemma="|let|" pos="VB" wid="0">Let</w>
  <w id="1" lemma="|we|" pos="PRP" wid="1">us</w>
  <w id="2" lemma="|look|" pos="VB" wid="2">look</w>
  <w id="3" lemma="|to|" pos="TO" wid="3">to</w>
  <w id="4" lemma="|she|" pos="PRP" wid="4">her</w>
  <w id="5" lemma="|,|" pos="," wid="5">,</w>
  <w id="6" lemma="|we|" pos="PRP$" wid="6">our</w>
  <w id="7" lemma="|Mother|" pos="NNP" wid="7">Mother</w>
  <w id="8" lemma="|,|" pos="," wid="8">,</w>
  <w id="9" lemma="|and|" pos="CC" wid="9">and</w>
  <w id="10" lemma="|allow|" pos="VB" wid="10">allow</w>
  <w id="11" lemma="|she|" pos="PRP" wid="11">her</w>
  <w id="12" lemma="|to|" pos="TO" wid="12">to</w>
  <w id="13" lemma="|look|" pos="VB" wid="13">look</w>
  <w id="14" lemma="|upon|" pos="IN" wid="14">upon</w>
  <w id="15" lemma="|we|" pos="PRP" wid="15">us</w>
  <w id="16" lemma="|,|" pos="," wid="16">,</w>
  <w id="17" lemma="|for|" pos="IN" wid="17">for</w>
  <w id="18" lemma="|she|" pos="PRP" wid="18">she</w>
  <w id="19" lemma="|be|" pos="VBZ" wid="19">is</w>
  <w id="20" lemma="|we|" pos="PRP$" wid="20">our</w>
  <w id="21" lemma="|mother|" pos="NN" wid="21">mother</w>
  <w id="22" lemma="|and|" pos="CC" wid="22">and</w>
  <w id="23" lemma="|she|" pos="PRP" wid="23">she</w>
  <w id="24" lemma="|love|" pos="VBZ" wid="24">loves</w>
  <w id="25" lemma="|we|" pos="PRP" wid="25">us</w>
  <w id="26" lemma="|so|" pos="RB" wid="26">so</w>
  <w id="27" lemma="|much|" pos="RB" wid="27">much</w>
  <w id="28" lemma="|;|" pos=":" wid="28">;</w>
  <w id="29" lemma="|let|" pos="VB" wid="29">let</w>
  <w id="30" lemma="|we|" pos="PRP" wid="30">us</w>
  <w id="31" lemma="|allow|" pos="VB" wid="31">allow</w>
  <w id="32" lemma="|ourselves|" pos="PRP" wid="32">ourselves</w>
  <w id="33" lemma="|to|" pos="TO" wid="33">to</w>
  <w id="34" lemma="|be|" pos="VB" wid="34">be</w>
  <w id="35" lemma="|watch|" pos="VBN" wid="35">watched</w>
  <w id="36" lemma="|over|" pos="RP" wid="36">over</w>
  <w id="37" lemma="|by|" pos="IN" wid="37">by</w>
  <w id="38" lemma="|she|" pos="PRP" wid="38">her</w>
  <w id="39" lemma="|so|" pos="IN" wid="39">so</w>
  <w id="40" lemma="|that|" pos="IN" wid="40">that</w>
  <w id="41" lemma="|we|" pos="PRP" wid="41">we</w>
  <w id="42" lemma="|may|" pos="MD" wid="42">may</w>
  <w id="43" lemma="|learn|" pos="VB" wid="43">learn</w>
  <w id="44" lemma="|how|" pos="WRB" wid="44">how</w>
  <w id="45" lemma="|to|" pos="TO" wid="45">to</w>
  <w id="46" lemma="|be|" pos="VB" wid="46">be</w>
  <w id="47" lemma="|more|" pos="RBR" wid="47">more</w>
  <w id="48" lemma="|humble|" pos="JJ" wid="48">humble</w>
  <w id="49" lemma="|,|" pos="," wid="49">,</w>
  <w id="50" lemma="|and|" pos="CC" wid="50">and</w>
  <w id="51" lemma="|also|" pos="RB" wid="51">also</w>
  <w id="52" lemma="|more|" pos="RBR" wid="52">more</w>
  <w id="53" lemma="|courageous|" pos="JJ" wid="53">courageous</w>
  <w id="54" lemma="|in|" pos="IN" wid="54">in</w>
  <w id="55" lemma="|follow|" pos="VBG" wid="55">following</w>
  <w id="56" lemma="|the|" pos="DT" wid="56">the</w>
  <w id="57" lemma="|word|" pos="NN" wid="57">Word</w>
  <w id="58" lemma="|of|" pos="IN" wid="58">of</w>
  <w id="59" lemma="|God|" pos="NNP" wid="59">God</w>
  <w id="60" lemma="|;|" pos=":" wid="60">;</w>
  <w id="61" lemma="|to|" pos="TO" wid="61">to</w>
  <w id="62" lemma="|welcome|" pos="VB" wid="62">welcome</w>
  <w id="63" lemma="|the|" pos="DT" wid="63">the</w>
  <w id="64" lemma="|tender|" pos="NN" wid="64">tender</w>
  <w id="65" lemma="|embrace|" pos="VB" wid="65">embrace</w>
  <w id="66" lemma="|of|" pos="IN" wid="66">of</w>
  <w id="67" lemma="|she|" pos="PRP$" wid="67">her</w>
  <w id="68" lemma="|Son|" pos="NNP" wid="68">Son</w>
  <w id="69" lemma="|Jesus|" pos="NNP" wid="69">Jesus</w>
  <w id="70" lemma="|,|" pos="," wid="70">,</w>
  <w id="71" lemma="|a|" pos="DT" wid="71">an</w>
  <w id="72" lemma="|embrace|" pos="VBP" wid="72">embrace</w>
  <w id="73" lemma="|that|" pos="DT" wid="73">that</w>
  <w id="74" lemma="|give|" pos="VBZ" wid="74">gives</w>
  <w id="75" lemma="|we|" pos="PRP" wid="75">us</w>
  <w id="76" lemma="|life|" pos="NN" wid="76">life</w>
  <w id="77" lemma="|,|" pos="," wid="77">,</w>
  <w id="78" lemma="|hope|" pos="NN" wid="78">hope</w>
  <w id="79" lemma="|and|" pos="CC" wid="79">and</w>
  <w id="80" lemma="|peace|" pos="NN" wid="80">peace</w>
  <w id="81" lemma="|.|" pos="." wid="81">.</w>
</sentence>
<sentence id="37">
  <w id="0" lemma="|after|" pos="IN" wid="0">After</w>
  <w id="1" lemma="|the|" pos="DT" wid="1">the</w>
  <w id="2" lemma="|Angelus|" pos="NNP" wid="2">Angelus</w>
  <w id="3" lemma="|:|" pos=":" wid="3">:</w>
  <w id="4" lemma="|let|" pos="VB" wid="4">Let</w>
  <w id="5" lemma="|we|" pos="PRP" wid="5">us</w>
  <w id="6" lemma="|join|" pos="VB" wid="6">join</w>
  <w id="7" lemma="|in|" pos="IN" wid="7">in</w>
  <w id="8" lemma="|spirit|" pos="NN" wid="8">spirit</w>
  <w id="9" lemma="|with|" pos="IN" wid="9">with</w>
  <w id="10" lemma="|the|" pos="DT" wid="10">the</w>
  <w id="11" lemma="|Church|" pos="NNP" wid="11">Church</w>
  <w id="12" lemma="|in|" pos="IN" wid="12">in</w>
  <w id="13" lemma="|North|" pos="NNP" wid="13">North</w>
  <w id="14" lemma="|America|" pos="NNP" wid="14">America</w>
  <w id="15" lemma="|which|" pos="WDT" wid="15">which</w>
  <w id="16" lemma="|be|" pos="VBZ" wid="16">is</w>
  <w id="17" lemma="|today|" pos="NN" wid="17">today</w>
  <w id="18" lemma="|remember|" pos="VBG" wid="18">remembering</w>
  <w id="19" lemma="|the|" pos="DT" wid="19">the</w>
  <w id="20" lemma="|foundation|" pos="NN" wid="20">foundation</w>
  <w id="21" lemma="|of|" pos="IN" wid="21">of</w>
  <w id="22" lemma="|its|" pos="PRP$" wid="22">its</w>
  <w id="23" lemma="|first|" pos="JJ" wid="23">first</w>
  <w id="24" lemma="|parish|" pos="NN" wid="24">parish</w>
  <w id="25" lemma="|Notre-Dame|" pos="NNP" wid="25">Notre-Dame</w>
  <w id="26" lemma="|de|" pos="FW" wid="26">de</w>
  <w id="27" lemma="|québec|" pos="FW" wid="27">Québec</w>
  <w id="28" lemma="|350|" pos="CD" wid="28">350</w>
  <w id="29" lemma="|year|" pos="NNS" wid="29">years</w>
  <w id="30" lemma="|ago|" pos="RB" wid="30">ago</w>
  <w id="31" lemma="|.|" pos="." wid="31">.</w>
</sentence>
<sentence id="38">
  <w id="0" lemma="|let|" pos="VB" wid="0">Let</w>
  <w id="1" lemma="|we|" pos="PRP" wid="1">us</w>
  <w id="2" lemma="|give|" pos="VB" wid="2">give</w>
  <w id="3" lemma="|thanks|" pos="NNS" wid="3">thanks</w>
  <w id="4" lemma="|for|" pos="IN" wid="4">for</w>
  <w id="5" lemma="|the|" pos="DT" wid="5">the</w>
  <w id="6" lemma="|ground|" pos="NN" wid="6">ground</w>
  <w id="7" lemma="|cover|" pos="VBD" wid="7">covered</w>
  <w id="8" lemma="|since|" pos="IN" wid="8">since</w>
  <w id="9" lemma="|then|" pos="RB" wid="9">then</w>
  <w id="10" lemma="|,|" pos="," wid="10">,</w>
  <w id="11" lemma="|especially|" pos="RB" wid="11">especially</w>
  <w id="12" lemma="|for|" pos="IN" wid="12">for</w>
  <w id="13" lemma="|the|" pos="DT" wid="13">the</w>
  <w id="14" lemma="|saint|" pos="NNS" wid="14">saints</w>
  <w id="15" lemma="|and|" pos="CC" wid="15">and</w>
  <w id="16" lemma="|martyr|" pos="NNS" wid="16">martyrs</w>
  <w id="17" lemma="|who|" pos="WP" wid="17">who</w>
  <w id="18" lemma="|make|" pos="VBD" wid="18">made</w>
  <w id="19" lemma="|those|" pos="DT" wid="19">those</w>
  <w id="20" lemma="|land|" pos="NNS" wid="20">lands</w>
  <w id="21" lemma="|fertile|" pos="JJ" wid="21">fertile</w>
  <w id="22" lemma="|.|" pos="." wid="22">.</w>
</sentence>
<sentence id="39">
  <w id="0" lemma="|I|" pos="PRP" wid="0">I</w>
  <w id="1" lemma="|warmly|" pos="RB" wid="1">warmly</w>
  <w id="2" lemma="|bless|" pos="VBP" wid="2">bless</w>
  <w id="3" lemma="|all|" pos="PDT" wid="3">all</w>
  <w id="4" lemma="|the|" pos="DT" wid="4">the</w>
  <w id="5" lemma="|faithful|" pos="NN" wid="5">faithful</w>
  <w id="6" lemma="|celebrate|" pos="VBG" wid="6">celebrating</w>
  <w id="7" lemma="|this|" pos="DT" wid="7">this</w>
  <w id="8" lemma="|jubilee|" pos="NN" wid="8">jubilee</w>
  <w id="9" lemma="|.|" pos="." wid="9">.</w>
</sentence>
<sentence id="40">
  <w id="0" lemma="|this|" pos="DT" wid="0">This</w>
  <w id="1" lemma="|afternoon|" pos="NN" wid="1">afternoon</w>
  <w id="2" lemma="|,|" pos="," wid="2">,</w>
  <w id="3" lemma="|follow|" pos="VBG" wid="3">following</w>
  <w id="4" lemma="|a|" pos="DT" wid="4">an</w>
  <w id="5" lemma="|old|" pos="JJ" wid="5">old</w>
  <w id="6" lemma="|tradition|" pos="NN" wid="6">tradition</w>
  <w id="7" lemma="|,|" pos="," wid="7">,</w>
  <w id="8" lemma="|I|" pos="PRP" wid="8">I</w>
  <w id="9" lemma="|will|" pos="MD" wid="9">will</w>
  <w id="10" lemma="|go|" pos="VB" wid="10">go</w>
  <w id="11" lemma="|to|" pos="TO" wid="11">to</w>
  <w id="12" lemma="|Piazza|" pos="NNP" wid="12">Piazza</w>
  <w id="13" lemma="|di|" pos="NNP" wid="13">di</w>
  <w id="14" lemma="|Spagna|" pos="NNP" wid="14">Spagna</w>
  <w id="15" lemma="|to|" pos="TO" wid="15">to</w>
  <w id="16" lemma="|pray|" pos="VB" wid="16">pray</w>
  <w id="17" lemma="|at|" pos="IN" wid="17">at</w>
  <w id="18" lemma="|the|" pos="DT" wid="18">the</w>
  <w id="19" lemma="|foot|" pos="NN" wid="19">foot</w>
  <w id="20" lemma="|of|" pos="IN" wid="20">of</w>
  <w id="21" lemma="|the|" pos="DT" wid="21">the</w>
  <w id="22" lemma="|monument|" pos="NN" wid="22">monument</w>
  <w id="23" lemma="|to|" pos="TO" wid="23">to</w>
  <w id="24" lemma="|the|" pos="DT" wid="24">the</w>
  <w id="25" lemma="|immaculate|" pos="JJ" wid="25">Immaculate</w>
  <w id="26" lemma="|conception|" pos="NN" wid="26">Conception</w>
  <w id="27" lemma="|.|" pos="." wid="27">.</w>
</sentence>
<sentence id="41">
  <w id="0" lemma="|I|" pos="PRP" wid="0">I</w>
  <w id="1" lemma="|ask|" pos="VBP" wid="1">ask</w>
  <w id="2" lemma="|you|" pos="PRP" wid="2">you</w>
  <w id="3" lemma="|to|" pos="TO" wid="3">to</w>
  <w id="4" lemma="|join|" pos="VB" wid="4">join</w>
  <w id="5" lemma="|I|" pos="PRP" wid="5">me</w>
  <w id="6" lemma="|spiritually|" pos="RB" wid="6">spiritually</w>
  <w id="7" lemma="|in|" pos="IN" wid="7">in</w>
  <w id="8" lemma="|this|" pos="DT" wid="8">this</w>
  <w id="9" lemma="|pilgrimage|" pos="NN" wid="9">pilgrimage</w>
  <w id="10" lemma="|,|" pos="," wid="10">,</w>
  <w id="11" lemma="|a|" pos="DT" wid="11">an</w>
  <w id="12" lemma="|act|" pos="NN" wid="12">act</w>
  <w id="13" lemma="|of|" pos="IN" wid="13">of</w>
  <w id="14" lemma="|fililal|" pos="JJ" wid="14">fililal</w>
  <w id="15" lemma="|devotion|" pos="NN" wid="15">devotion</w>
  <w id="16" lemma="|to|" pos="TO" wid="16">to</w>
  <w id="17" lemma="|Mary|" pos="NNP" wid="17">Mary</w>
  <w id="18" lemma="|in|" pos="IN" wid="18">in</w>
  <w id="19" lemma="|order|" pos="NN" wid="19">order</w>
  <w id="20" lemma="|to|" pos="TO" wid="20">to</w>
  <w id="21" lemma="|entrust|" pos="VB" wid="21">entrust</w>
  <w id="22" lemma="|the|" pos="DT" wid="22">the</w>
  <w id="23" lemma="|city|" pos="NN" wid="23">city</w>
  <w id="24" lemma="|of|" pos="IN" wid="24">of</w>
  <w id="25" lemma="|Rome|" pos="NNP" wid="25">Rome</w>
  <w id="26" lemma="|,|" pos="," wid="26">,</w>
  <w id="27" lemma="|the|" pos="DT" wid="27">the</w>
  <w id="28" lemma="|church|" pos="NN" wid="28">Church</w>
  <w id="29" lemma="|and|" pos="CC" wid="29">and</w>
  <w id="30" lemma="|humanity|" pos="NN" wid="30">humanity</w>
  <w id="31" lemma="|as|" pos="IN" wid="31">as</w>
  <w id="32" lemma="|a|" pos="DT" wid="32">a</w>
  <w id="33" lemma="|whole|" pos="NN" wid="33">whole</w>
  <w id="34" lemma="|to|" pos="TO" wid="34">to</w>
  <w id="35" lemma="|she|" pos="PRP" wid="35">her</w>
  <w id="36" lemma="|.|" pos="." wid="36">.</w>
</sentence>
<sentence id="42">
  <w id="0" lemma="|before|" pos="IN" wid="0">Before</w>
  <w id="1" lemma="|return|" pos="VBG" wid="1">returning</w>
  <w id="2" lemma="|,|" pos="," wid="2">,</w>
  <w id="3" lemma="|I|" pos="PRP" wid="3">I</w>
  <w id="4" lemma="|shall|" pos="MD" wid="4">shall</w>
  <w id="5" lemma="|stop|" pos="VB" wid="5">stop</w>
  <w id="6" lemma="|briefly|" pos="NN" wid="6">briefly</w>
  <w id="7" lemma="|at|" pos="IN" wid="7">at</w>
  <w id="8" lemma="|St|" pos="NNP" wid="8">St</w>
  <w id="9" lemma="|Mary|" pos="NNP" wid="9">Mary</w>
  <w id="10" lemma="|Major|" pos="NNP" wid="10">Major</w>
  <w id="11" lemma="|to|" pos="TO" wid="11">to</w>
  <w id="12" lemma="|pray|" pos="VB" wid="12">pray</w>
  <w id="13" lemma="|to|" pos="TO" wid="13">to</w>
  <w id="14" lemma="|Salus|" pos="NNP" wid="14">Salus</w>
  <w id="15" lemma="|Populi|" pos="NNP" wid="15">Populi</w>
  <w id="16" lemma="|Romani|" pos="NNP" wid="16">Romani</w>
  <w id="17" lemma="|and|" pos="CC" wid="17">and</w>
  <w id="18" lemma="|I|" pos="PRP" wid="18">I</w>
  <w id="19" lemma="|will|" pos="MD" wid="19">will</w>
  <w id="20" lemma="|pray|" pos="VB" wid="20">pray</w>
  <w id="21" lemma="|for|" pos="IN" wid="21">for</w>
  <w id="22" lemma="|all|" pos="DT" wid="22">all</w>
  <w id="23" lemma="|of|" pos="IN" wid="23">of</w>
  <w id="24" lemma="|you|" pos="PRP" wid="24">you</w>
  <w id="25" lemma="|,|" pos="," wid="25">,</w>
  <w id="26" lemma="|for|" pos="IN" wid="26">for</w>
  <w id="27" lemma="|all|" pos="PDT" wid="27">all</w>
  <w id="28" lemma="|the|" pos="DT" wid="28">the</w>
  <w id="29" lemma="|people|" pos="NNS" wid="29">people</w>
  <w id="30" lemma="|of|" pos="IN" wid="30">of</w>
  <w id="31" lemma="|Rome|" pos="NNP" wid="31">Rome</w>
  <w id="32" lemma="|.|" pos="." wid="32">.</w>
</sentence>
<sentence id="43">
  <w id="0" lemma="|I|" pos="PRP" wid="0">I</w>
  <w id="1" lemma="|wish|" pos="VBP" wid="1">wish</w>
  <w id="2" lemma="|everyone|" pos="NN" wid="2">everyone</w>
  <w id="3" lemma="|a|" pos="DT" wid="3">a</w>
  <w id="4" lemma="|happy|" pos="JJ" wid="4">happy</w>
  <w id="5" lemma="|Sunday|" pos="NNP" wid="5">Sunday</w>
  <w id="6" lemma="|and|" pos="CC" wid="6">and</w>
  <w id="7" lemma="|a|" pos="DT" wid="7">a</w>
  <w id="8" lemma="|good|" pos="JJ" wid="8">good</w>
  <w id="9" lemma="|feast|" pos="NN" wid="9">feast</w>
  <w id="10" lemma="|of|" pos="IN" wid="10">of</w>
  <w id="11" lemma="|we|" pos="PRP$" wid="11">our</w>
  <w id="12" lemma="|Mother|" pos="NNP" wid="12">Mother</w>
  <w id="13" lemma="|.|" pos="." wid="13">.</w>
</sentence>
<sentence id="44">
  <w id="0" lemma="|have|" pos="VBP" wid="0">Have</w>
  <w id="1" lemma="|a|" pos="DT" wid="1">a</w>
  <w id="2" lemma="|good|" pos="JJ" wid="2">good</w>
  <w id="3" lemma="|lunch|" pos="NN" wid="3">lunch</w>
  <w id="4" lemma="|and|" pos="CC" wid="4">and</w>
  <w id="5" lemma="|see|" pos="VB" wid="5">see</w>
  <w id="6" lemma="|you|" pos="PRP" wid="6">you</w>
  <w id="7" lemma="|soon|" pos="RB" wid="7">soon</w>
  <w id="8" lemma="|.|" pos="." wid="8">.</w>
</sentence>
</corpus>