<corpus id="0">
<sentence id="0">
  <w id="0" lemma="|21|" pos="CD" wid="0">21</w>
  <w id="1" lemma="|.|" pos="." wid="1">.</w>
</sentence>
<sentence id="1">
  <w id="0" lemma="|humble|" pos="JJ" wid="0">Humble</w>
  <w id="1" lemma="|prayer|" pos="NN" wid="1">prayer</w>
  <w id="2" lemma="|obtain|" pos="NNS" wid="2">obtains</w>
  <w id="3" lemma="|mercy|" pos="NN" wid="3">mercy</w>
  <w id="4" lemma="|-lrb-|" pos="-LRB-" wid="4">-LRB-</w>
  <w id="5" lemma="|cf|" pos="NN" wid="5">cf</w>
  <w id="6" lemma="|lk|" pos="NN" wid="6">Lk</w>
  <w id="7" lemma="|18:9|" pos="CD" wid="7">18:9</w>
  <w id="8" lemma="|-14|" pos="CD" wid="8">-14</w>
  <w id="9" lemma="|-rrb-|" pos="-RRB-" wid="9">-RRB-</w>
  <w id="10" lemma="|Dear|" pos="NNP" wid="10">Dear</w>
  <w id="11" lemma="|Brothers|" pos="NNPS" wid="11">Brothers</w>
  <w id="12" lemma="|and|" pos="CC" wid="12">and</w>
  <w id="13" lemma="|sister|" pos="NNS" wid="13">Sisters</w>
  <w id="14" lemma="|,|" pos="," wid="14">,</w>
  <w id="15" lemma="|good|" pos="JJ" wid="15">Good</w>
  <w id="16" lemma="|morning|" pos="NN" wid="16">morning</w>
  <w id="17" lemma="|!|" pos="." wid="17">!</w>
</sentence>
<sentence id="2">
  <w id="0" lemma="|last|" pos="JJ" wid="0">Last</w>
  <w id="1" lemma="|Wednesday|" pos="NNP" wid="1">Wednesday</w>
  <w id="2" lemma="|we|" pos="PRP" wid="2">we</w>
  <w id="3" lemma="|listen|" pos="VBD" wid="3">listened</w>
  <w id="4" lemma="|to|" pos="TO" wid="4">to</w>
  <w id="5" lemma="|the|" pos="DT" wid="5">the</w>
  <w id="6" lemma="|parable|" pos="NN" wid="6">parable</w>
  <w id="7" lemma="|of|" pos="IN" wid="7">of</w>
  <w id="8" lemma="|the|" pos="DT" wid="8">the</w>
  <w id="9" lemma="|judge|" pos="NN" wid="9">judge</w>
  <w id="10" lemma="|and|" pos="CC" wid="10">and</w>
  <w id="11" lemma="|the|" pos="DT" wid="11">the</w>
  <w id="12" lemma="|widow|" pos="NN" wid="12">widow</w>
  <w id="13" lemma="|,|" pos="," wid="13">,</w>
  <w id="14" lemma="|on|" pos="IN" wid="14">on</w>
  <w id="15" lemma="|the|" pos="DT" wid="15">the</w>
  <w id="16" lemma="|need|" pos="NN" wid="16">need</w>
  <w id="17" lemma="|to|" pos="TO" wid="17">to</w>
  <w id="18" lemma="|pray|" pos="VB" wid="18">pray</w>
  <w id="19" lemma="|with|" pos="IN" wid="19">with</w>
  <w id="20" lemma="|perseverance|" pos="NN" wid="20">perseverance</w>
  <w id="21" lemma="|.|" pos="." wid="21">.</w>
</sentence>
<sentence id="3">
  <w id="0" lemma="|today|" pos="NN" wid="0">Today</w>
  <w id="1" lemma="|,|" pos="," wid="1">,</w>
  <w id="2" lemma="|with|" pos="IN" wid="2">with</w>
  <w id="3" lemma="|another|" pos="DT" wid="3">another</w>
  <w id="4" lemma="|parable|" pos="NN" wid="4">parable</w>
  <w id="5" lemma="|,|" pos="," wid="5">,</w>
  <w id="6" lemma="|Jesus|" pos="NNP" wid="6">Jesus</w>
  <w id="7" lemma="|want|" pos="VBZ" wid="7">wants</w>
  <w id="8" lemma="|to|" pos="TO" wid="8">to</w>
  <w id="9" lemma="|show|" pos="VB" wid="9">show</w>
  <w id="10" lemma="|we|" pos="PRP" wid="10">us</w>
  <w id="11" lemma="|the|" pos="DT" wid="11">the</w>
  <w id="12" lemma="|right|" pos="JJ" wid="12">right</w>
  <w id="13" lemma="|attitude|" pos="NN" wid="13">attitude</w>
  <w id="14" lemma="|for|" pos="IN" wid="14">for</w>
  <w id="15" lemma="|prayer|" pos="NN" wid="15">prayer</w>
  <w id="16" lemma="|and|" pos="CC" wid="16">and</w>
  <w id="17" lemma="|for|" pos="IN" wid="17">for</w>
  <w id="18" lemma="|invoke|" pos="VBG" wid="18">invoking</w>
  <w id="19" lemma="|the|" pos="DT" wid="19">the</w>
  <w id="20" lemma="|mercy|" pos="NN" wid="20">mercy</w>
  <w id="21" lemma="|of|" pos="IN" wid="21">of</w>
  <w id="22" lemma="|the|" pos="DT" wid="22">the</w>
  <w id="23" lemma="|Father|" pos="NNP" wid="23">Father</w>
  <w id="24" lemma="|;|" pos=":" wid="24">;</w>
  <w id="25" lemma="|how|" pos="WRB" wid="25">how</w>
  <w id="26" lemma="|one|" pos="PRP" wid="26">one</w>
  <w id="27" lemma="|must|" pos="MD" wid="27">must</w>
  <w id="28" lemma="|pray|" pos="VB" wid="28">pray</w>
  <w id="29" lemma="|;|" pos=":" wid="29">;</w>
  <w id="30" lemma="|the|" pos="DT" wid="30">the</w>
  <w id="31" lemma="|right|" pos="JJ" wid="31">right</w>
  <w id="32" lemma="|attitude|" pos="NN" wid="32">attitude</w>
  <w id="33" lemma="|for|" pos="IN" wid="33">for</w>
  <w id="34" lemma="|prayer|" pos="NN" wid="34">prayer</w>
  <w id="35" lemma="|.|" pos="." wid="35">.</w>
</sentence>
<sentence id="4">
  <w id="0" lemma="|it|" pos="PRP" wid="0">It</w>
  <w id="1" lemma="|be|" pos="VBZ" wid="1">is</w>
  <w id="2" lemma="|the|" pos="DT" wid="2">the</w>
  <w id="3" lemma="|parable|" pos="NN" wid="3">parable</w>
  <w id="4" lemma="|of|" pos="IN" wid="4">of</w>
  <w id="5" lemma="|the|" pos="DT" wid="5">the</w>
  <w id="6" lemma="|pharisee|" pos="NN" wid="6">pharisee</w>
  <w id="7" lemma="|and|" pos="CC" wid="7">and</w>
  <w id="8" lemma="|the|" pos="DT" wid="8">the</w>
  <w id="9" lemma="|tax|" pos="NN" wid="9">tax</w>
  <w id="10" lemma="|collector|" pos="NN" wid="10">collector</w>
  <w id="11" lemma="|-lrb-|" pos="-LRB-" wid="11">-LRB-</w>
  <w id="12" lemma="|cf|" pos="NN" wid="12">cf</w>
  <w id="13" lemma="|.|" pos="." wid="13">.</w>
</sentence>
<sentence id="5">
  <w id="0" lemma="|lk|" pos="FW" wid="0">Lk</w>
  <w id="1" lemma="|18:9|" pos="FW" wid="1">18:9</w>
  <w id="2" lemma="|-14|" pos="CD" wid="2">-14</w>
  <w id="3" lemma="|-rrb-|" pos="-RRB-" wid="3">-RRB-</w>
  <w id="4" lemma="|.|" pos="." wid="4">.</w>
</sentence>
<sentence id="6">
  <w id="0" lemma="|both|" pos="DT" wid="0">Both</w>
  <w id="1" lemma="|man|" pos="NNS" wid="1">men</w>
  <w id="2" lemma="|go|" pos="VBD" wid="2">went</w>
  <w id="3" lemma="|up|" pos="RB" wid="3">up</w>
  <w id="4" lemma="|into|" pos="IN" wid="4">into</w>
  <w id="5" lemma="|the|" pos="DT" wid="5">the</w>
  <w id="6" lemma="|Temple|" pos="NNP" wid="6">Temple</w>
  <w id="7" lemma="|to|" pos="TO" wid="7">to</w>
  <w id="8" lemma="|pray|" pos="VB" wid="8">pray</w>
  <w id="9" lemma="|,|" pos="," wid="9">,</w>
  <w id="10" lemma="|but|" pos="CC" wid="10">but</w>
  <w id="11" lemma="|they|" pos="PRP" wid="11">they</w>
  <w id="12" lemma="|do|" pos="VBP" wid="12">do</w>
  <w id="13" lemma="|so|" pos="RB" wid="13">so</w>
  <w id="14" lemma="|in|" pos="IN" wid="14">in</w>
  <w id="15" lemma="|very|" pos="RB" wid="15">very</w>
  <w id="16" lemma="|different|" pos="JJ" wid="16">different</w>
  <w id="17" lemma="|way|" pos="NNS" wid="17">ways</w>
  <w id="18" lemma="|,|" pos="," wid="18">,</w>
  <w id="19" lemma="|obtain|" pos="VBG" wid="19">obtaining</w>
  <w id="20" lemma="|opposite|" pos="JJ" wid="20">opposite</w>
  <w id="21" lemma="|result|" pos="NNS" wid="21">results</w>
  <w id="22" lemma="|.|" pos="." wid="22">.</w>
</sentence>
<sentence id="7">
  <w id="0" lemma="|the|" pos="DT" wid="0">The</w>
  <w id="1" lemma="|pharisee|" pos="NN" wid="1">pharisee</w>
  <w id="2" lemma="|stand|" pos="VBD" wid="2">stood</w>
  <w id="3" lemma="|and|" pos="CC" wid="3">and</w>
  <w id="4" lemma="|pray|" pos="VBD" wid="4">prayed</w>
  <w id="5" lemma="|use|" pos="VBG" wid="5">using</w>
  <w id="6" lemma="|many|" pos="JJ" wid="6">many</w>
  <w id="7" lemma="|word|" pos="NNS" wid="7">words</w>
  <w id="8" lemma="|.|" pos="." wid="8">.</w>
</sentence>
<sentence id="8">
  <w id="0" lemma="|he|" pos="PRP$" wid="0">His</w>
  <w id="1" lemma="|be|" pos="VBZ" wid="1">is</w>
  <w id="2" lemma="|yes|" pos="RB" wid="2">yes</w>
  <w id="3" lemma="|,|" pos="," wid="3">,</w>
  <w id="4" lemma="|a|" pos="DT" wid="4">a</w>
  <w id="5" lemma="|prayer|" pos="NN" wid="5">prayer</w>
  <w id="6" lemma="|of|" pos="IN" wid="6">of</w>
  <w id="7" lemma="|thanksgive|" pos="VBG" wid="7">thanksgiving</w>
  <w id="8" lemma="|to|" pos="TO" wid="8">to</w>
  <w id="9" lemma="|God|" pos="NNP" wid="9">God</w>
  <w id="10" lemma="|,|" pos="," wid="10">,</w>
  <w id="11" lemma="|but|" pos="CC" wid="11">but</w>
  <w id="12" lemma="|it|" pos="PRP" wid="12">it</w>
  <w id="13" lemma="|be|" pos="VBZ" wid="13">is</w>
  <w id="14" lemma="|really|" pos="RB" wid="14">really</w>
  <w id="15" lemma="|just|" pos="RB" wid="15">just</w>
  <w id="16" lemma="|a|" pos="DT" wid="16">a</w>
  <w id="17" lemma="|display|" pos="NN" wid="17">display</w>
  <w id="18" lemma="|of|" pos="IN" wid="18">of</w>
  <w id="19" lemma="|he|" pos="PRP$" wid="19">his</w>
  <w id="20" lemma="|own|" pos="JJ" wid="20">own</w>
  <w id="21" lemma="|merit|" pos="NNS" wid="21">merits</w>
  <w id="22" lemma="|,|" pos="," wid="22">,</w>
  <w id="23" lemma="|with|" pos="IN" wid="23">with</w>
  <w id="24" lemma="|a|" pos="DT" wid="24">a</w>
  <w id="25" lemma="|sense|" pos="NN" wid="25">sense</w>
  <w id="26" lemma="|of|" pos="IN" wid="26">of</w>
  <w id="27" lemma="|superiority|" pos="NN" wid="27">superiority</w>
  <w id="28" lemma="|over|" pos="IN" wid="28">over</w>
  <w id="29" lemma="|``|" pos="``" wid="29">``</w>
  <w id="30" lemma="|other|" pos="JJ" wid="30">other</w>
  <w id="31" lemma="|man|" pos="NNS" wid="31">men</w>
  <w id="32" lemma="|''|" pos="''" wid="32">''</w>
  <w id="33" lemma="|,|" pos="," wid="33">,</w>
  <w id="34" lemma="|whom|" pos="WP" wid="34">whom</w>
  <w id="35" lemma="|he|" pos="PRP" wid="35">he</w>
  <w id="36" lemma="|describe|" pos="VBZ" wid="36">describes</w>
  <w id="37" lemma="|as|" pos="IN" wid="37">as</w>
  <w id="38" lemma="|``|" pos="``" wid="38">``</w>
  <w id="39" lemma="|extortioner|" pos="NNS" wid="39">extortioners</w>
  <w id="40" lemma="|,|" pos="," wid="40">,</w>
  <w id="41" lemma="|unjust|" pos="JJ" wid="41">unjust</w>
  <w id="42" lemma="|,|" pos="," wid="42">,</w>
  <w id="43" lemma="|adulterer|" pos="NNS" wid="43">adulterers</w>
  <w id="44" lemma="|,|" pos="," wid="44">,</w>
  <w id="45" lemma="|or|" pos="CC" wid="45">or</w>
  <w id="46" lemma="|even|" pos="RB" wid="46">even</w>
  <w id="47" lemma="|,|" pos="," wid="47">,</w>
  <w id="48" lemma="|''|" pos="''" wid="48">''</w>
  <w id="49" lemma="|for|" pos="IN" wid="49">for</w>
  <w id="50" lemma="|example|" pos="NN" wid="50">example</w>
  <w id="51" lemma="|,|" pos="," wid="51">,</w>
  <w id="52" lemma="|refer|" pos="VBG" wid="52">referring</w>
  <w id="53" lemma="|to|" pos="TO" wid="53">to</w>
  <w id="54" lemma="|the|" pos="DT" wid="54">the</w>
  <w id="55" lemma="|other|" pos="JJ" wid="55">other</w>
  <w id="56" lemma="|one|" pos="CD" wid="56">one</w>
  <w id="57" lemma="|there|" pos="RB" wid="57">there</w>
  <w id="58" lemma="|,|" pos="," wid="58">,</w>
  <w id="59" lemma="|``|" pos="``" wid="59">``</w>
  <w id="60" lemma="|like|" pos="IN" wid="60">like</w>
  <w id="61" lemma="|this|" pos="DT" wid="61">this</w>
  <w id="62" lemma="|tax|" pos="NN" wid="62">tax</w>
  <w id="63" lemma="|collector|" pos="NN" wid="63">collector</w>
  <w id="64" lemma="|''|" pos="''" wid="64">''</w>
  <w id="65" lemma="|-lrb-|" pos="-LRB-" wid="65">-LRB-</w>
  <w id="66" lemma="|v.|" pos="CC" wid="66">v.</w>
  <w id="67" lemma="|11|" pos="CD" wid="67">11</w>
  <w id="68" lemma="|-rrb-|" pos="-RRB-" wid="68">-RRB-</w>
  <w id="69" lemma="|.|" pos="." wid="69">.</w>
</sentence>
<sentence id="9">
  <w id="0" lemma="|but|" pos="CC" wid="0">But</w>
  <w id="1" lemma="|this|" pos="DT" wid="1">this</w>
  <w id="2" lemma="|be|" pos="VBZ" wid="2">is</w>
  <w id="3" lemma="|the|" pos="DT" wid="3">the</w>
  <w id="4" lemma="|real|" pos="JJ" wid="4">real</w>
  <w id="5" lemma="|problem|" pos="NN" wid="5">problem</w>
  <w id="6" lemma="|:|" pos=":" wid="6">:</w>
  <w id="7" lemma="|that|" pos="DT" wid="7">that</w>
  <w id="8" lemma="|pharisee|" pos="NN" wid="8">pharisee</w>
  <w id="9" lemma="|pray|" pos="VBZ" wid="9">prays</w>
  <w id="10" lemma="|to|" pos="TO" wid="10">to</w>
  <w id="11" lemma="|God|" pos="NNP" wid="11">God</w>
  <w id="12" lemma="|,|" pos="," wid="12">,</w>
  <w id="13" lemma="|but|" pos="CC" wid="13">but</w>
  <w id="14" lemma="|in|" pos="IN" wid="14">in</w>
  <w id="15" lemma="|truth|" pos="NN" wid="15">truth</w>
  <w id="16" lemma="|he|" pos="PRP" wid="16">he</w>
  <w id="17" lemma="|be|" pos="VBZ" wid="17">is</w>
  <w id="18" lemma="|just|" pos="RB" wid="18">just</w>
  <w id="19" lemma="|self-lauditory|" pos="JJ" wid="19">self-lauditory</w>
  <w id="20" lemma="|.|" pos="." wid="20">.</w>
</sentence>
<sentence id="10">
  <w id="0" lemma="|he|" pos="PRP" wid="0">He</w>
  <w id="1" lemma="|be|" pos="VBZ" wid="1">is</w>
  <w id="2" lemma="|pray|" pos="VBG" wid="2">praying</w>
  <w id="3" lemma="|to|" pos="TO" wid="3">to</w>
  <w id="4" lemma="|himself|" pos="PRP" wid="4">himself</w>
  <w id="5" lemma="|!|" pos="." wid="5">!</w>
</sentence>
<sentence id="11">
  <w id="0" lemma="|instead|" pos="RB" wid="0">Instead</w>
  <w id="1" lemma="|of|" pos="IN" wid="1">of</w>
  <w id="2" lemma="|have|" pos="VBG" wid="2">having</w>
  <w id="3" lemma="|the|" pos="DT" wid="3">the</w>
  <w id="4" lemma="|Lord|" pos="NNP" wid="4">Lord</w>
  <w id="5" lemma="|before|" pos="IN" wid="5">before</w>
  <w id="6" lemma="|he|" pos="PRP$" wid="6">his</w>
  <w id="7" lemma="|eye|" pos="NNS" wid="7">eyes</w>
  <w id="8" lemma="|,|" pos="," wid="8">,</w>
  <w id="9" lemma="|he|" pos="PRP" wid="9">he</w>
  <w id="10" lemma="|have|" pos="VBZ" wid="10">has</w>
  <w id="11" lemma="|a|" pos="DT" wid="11">a</w>
  <w id="12" lemma="|mirror|" pos="NN" wid="12">mirror</w>
  <w id="13" lemma="|.|" pos="." wid="13">.</w>
</sentence>
<sentence id="12">
  <w id="0" lemma="|although|" pos="IN" wid="0">Although</w>
  <w id="1" lemma="|he|" pos="PRP" wid="1">he</w>
  <w id="2" lemma="|be|" pos="VBZ" wid="2">is</w>
  <w id="3" lemma="|stand|" pos="VBG" wid="3">standing</w>
  <w id="4" lemma="|in|" pos="IN" wid="4">in</w>
  <w id="5" lemma="|the|" pos="DT" wid="5">the</w>
  <w id="6" lemma="|Temple|" pos="NNP" wid="6">Temple</w>
  <w id="7" lemma="|,|" pos="," wid="7">,</w>
  <w id="8" lemma="|he|" pos="PRP" wid="8">he</w>
  <w id="9" lemma="|do|" pos="VBZ" wid="9">does</w>
  <w id="10" lemma="|not|" pos="RB" wid="10">n't</w>
  <w id="11" lemma="|feel|" pos="VB" wid="11">feel</w>
  <w id="12" lemma="|the|" pos="DT" wid="12">the</w>
  <w id="13" lemma="|need|" pos="NN" wid="13">need</w>
  <w id="14" lemma="|to|" pos="TO" wid="14">to</w>
  <w id="15" lemma="|prostrate|" pos="VB" wid="15">prostrate</w>
  <w id="16" lemma="|himself|" pos="PRP" wid="16">himself</w>
  <w id="17" lemma="|before|" pos="IN" wid="17">before</w>
  <w id="18" lemma="|the|" pos="DT" wid="18">the</w>
  <w id="19" lemma="|majesty|" pos="NN" wid="19">majesty</w>
  <w id="20" lemma="|of|" pos="IN" wid="20">of</w>
  <w id="21" lemma="|God|" pos="NNP" wid="21">God</w>
  <w id="22" lemma="|;|" pos=":" wid="22">;</w>
  <w id="23" lemma="|he|" pos="PRP" wid="23">he</w>
  <w id="24" lemma="|remain|" pos="VBZ" wid="24">remains</w>
  <w id="25" lemma="|standing|" pos="JJ" wid="25">standing</w>
  <w id="26" lemma="|,|" pos="," wid="26">,</w>
  <w id="27" lemma="|he|" pos="PRP" wid="27">he</w>
  <w id="28" lemma="|feel|" pos="VBZ" wid="28">feels</w>
  <w id="29" lemma="|secure|" pos="JJ" wid="29">secure</w>
  <w id="30" lemma="|,|" pos="," wid="30">,</w>
  <w id="31" lemma="|as|" pos="IN" wid="31">as</w>
  <w id="32" lemma="|if|" pos="IN" wid="32">if</w>
  <w id="33" lemma="|he|" pos="PRP" wid="33">he</w>
  <w id="34" lemma="|be|" pos="VBD" wid="34">were</w>
  <w id="35" lemma="|the|" pos="DT" wid="35">the</w>
  <w id="36" lemma="|master|" pos="NN" wid="36">master</w>
  <w id="37" lemma="|of|" pos="IN" wid="37">of</w>
  <w id="38" lemma="|the|" pos="DT" wid="38">the</w>
  <w id="39" lemma="|Temple|" pos="NNP" wid="39">Temple</w>
  <w id="40" lemma="|!|" pos="." wid="40">!</w>
</sentence>
<sentence id="13">
  <w id="0" lemma="|he|" pos="PRP" wid="0">He</w>
  <w id="1" lemma="|list|" pos="VBZ" wid="1">lists</w>
  <w id="2" lemma="|all|" pos="PDT" wid="2">all</w>
  <w id="3" lemma="|the|" pos="DT" wid="3">the</w>
  <w id="4" lemma="|good|" pos="JJ" wid="4">good</w>
  <w id="5" lemma="|work|" pos="NNS" wid="5">works</w>
  <w id="6" lemma="|he|" pos="PRP" wid="6">he</w>
  <w id="7" lemma="|have|" pos="VBZ" wid="7">has</w>
  <w id="8" lemma="|do|" pos="VBN" wid="8">done</w>
  <w id="9" lemma="|:|" pos=":" wid="9">:</w>
  <w id="10" lemma="|he|" pos="PRP" wid="10">he</w>
  <w id="11" lemma="|be|" pos="VBZ" wid="11">is</w>
  <w id="12" lemma="|beyond|" pos="IN" wid="12">beyond</w>
  <w id="13" lemma="|reproach|" pos="NN" wid="13">reproach</w>
  <w id="14" lemma="|,|" pos="," wid="14">,</w>
  <w id="15" lemma="|observe|" pos="VBG" wid="15">observing</w>
  <w id="16" lemma="|the|" pos="DT" wid="16">the</w>
  <w id="17" lemma="|law|" pos="NN" wid="17">Law</w>
  <w id="18" lemma="|beyond|" pos="IN" wid="18">beyond</w>
  <w id="19" lemma="|measure|" pos="NN" wid="19">measure</w>
  <w id="20" lemma="|,|" pos="," wid="20">,</w>
  <w id="21" lemma="|he|" pos="PRP" wid="21">he</w>
  <w id="22" lemma="|fast|" pos="VBZ" wid="22">fasts</w>
  <w id="23" lemma="|``|" pos="``" wid="23">``</w>
  <w id="24" lemma="|twice|" pos="RB" wid="24">twice</w>
  <w id="25" lemma="|a|" pos="DT" wid="25">a</w>
  <w id="26" lemma="|week|" pos="NN" wid="26">week</w>
  <w id="27" lemma="|''|" pos="''" wid="27">''</w>
  <w id="28" lemma="|and|" pos="CC" wid="28">and</w>
  <w id="29" lemma="|pay|" pos="VBZ" wid="29">pays</w>
  <w id="30" lemma="|``|" pos="``" wid="30">``</w>
  <w id="31" lemma="|tithe|" pos="NNS" wid="31">tithes</w>
  <w id="32" lemma="|''|" pos="''" wid="32">''</w>
  <w id="33" lemma="|on|" pos="IN" wid="33">on</w>
  <w id="34" lemma="|all|" pos="DT" wid="34">all</w>
  <w id="35" lemma="|he|" pos="PRP" wid="35">he</w>
  <w id="36" lemma="|possess|" pos="VBZ" wid="36">possesses</w>
  <w id="37" lemma="|.|" pos="." wid="37">.</w>
</sentence>
<sentence id="14">
  <w id="0" lemma="|in|" pos="IN" wid="0">In</w>
  <w id="1" lemma="|short|" pos="JJ" wid="1">short</w>
  <w id="2" lemma="|,|" pos="," wid="2">,</w>
  <w id="3" lemma="|rather|" pos="RB" wid="3">rather</w>
  <w id="4" lemma="|than|" pos="IN" wid="4">than</w>
  <w id="5" lemma="|prayer|" pos="NN" wid="5">prayer</w>
  <w id="6" lemma="|,|" pos="," wid="6">,</w>
  <w id="7" lemma="|he|" pos="PRP" wid="7">he</w>
  <w id="8" lemma="|be|" pos="VBZ" wid="8">is</w>
  <w id="9" lemma="|satisfy|" pos="VBN" wid="9">satisfied</w>
  <w id="10" lemma="|with|" pos="IN" wid="10">with</w>
  <w id="11" lemma="|he|" pos="PRP$" wid="11">his</w>
  <w id="12" lemma="|observance|" pos="NN" wid="12">observance</w>
  <w id="13" lemma="|of|" pos="IN" wid="13">of</w>
  <w id="14" lemma="|the|" pos="DT" wid="14">the</w>
  <w id="15" lemma="|precept|" pos="NNS" wid="15">precepts</w>
  <w id="16" lemma="|.|" pos="." wid="16">.</w>
</sentence>
<sentence id="15">
  <w id="0" lemma="|yet|" pos="RB" wid="0">Yet</w>
  <w id="1" lemma="|,|" pos="," wid="1">,</w>
  <w id="2" lemma="|he|" pos="PRP$" wid="2">his</w>
  <w id="3" lemma="|attitude|" pos="NN" wid="3">attitude</w>
  <w id="4" lemma="|and|" pos="CC" wid="4">and</w>
  <w id="5" lemma="|he|" pos="PRP$" wid="5">his</w>
  <w id="6" lemma="|word|" pos="NNS" wid="6">words</w>
  <w id="7" lemma="|be|" pos="VBP" wid="7">are</w>
  <w id="8" lemma="|far|" pos="RB" wid="8">far</w>
  <w id="9" lemma="|from|" pos="IN" wid="9">from</w>
  <w id="10" lemma="|the|" pos="DT" wid="10">the</w>
  <w id="11" lemma="|way|" pos="NN" wid="11">way</w>
  <w id="12" lemma="|of|" pos="IN" wid="12">of</w>
  <w id="13" lemma="|God|" pos="NNP" wid="13">God</w>
  <w id="14" lemma="|'s|" pos="POS" wid="14">'s</w>
  <w id="15" lemma="|word|" pos="NNS" wid="15">words</w>
  <w id="16" lemma="|and|" pos="CC" wid="16">and</w>
  <w id="17" lemma="|action|" pos="NNS" wid="17">actions</w>
  <w id="18" lemma="|,|" pos="," wid="18">,</w>
  <w id="19" lemma="|the|" pos="DT" wid="19">the</w>
  <w id="20" lemma="|God|" pos="NNP" wid="20">God</w>
  <w id="21" lemma="|who|" pos="WP" wid="21">who</w>
  <w id="22" lemma="|love|" pos="VBZ" wid="22">loves</w>
  <w id="23" lemma="|all|" pos="DT" wid="23">all</w>
  <w id="24" lemma="|man|" pos="NNS" wid="24">men</w>
  <w id="25" lemma="|and|" pos="CC" wid="25">and</w>
  <w id="26" lemma="|do|" pos="VBZ" wid="26">does</w>
  <w id="27" lemma="|not|" pos="RB" wid="27">not</w>
  <w id="28" lemma="|despise|" pos="VB" wid="28">despise</w>
  <w id="29" lemma="|sinner|" pos="NNS" wid="29">sinners</w>
  <w id="30" lemma="|.|" pos="." wid="30">.</w>
</sentence>
<sentence id="16">
  <w id="0" lemma="|on|" pos="IN" wid="0">On</w>
  <w id="1" lemma="|the|" pos="DT" wid="1">the</w>
  <w id="2" lemma="|contrary|" pos="NN" wid="2">contrary</w>
  <w id="3" lemma="|,|" pos="," wid="3">,</w>
  <w id="4" lemma="|this|" pos="DT" wid="4">this</w>
  <w id="5" lemma="|pharisee|" pos="NN" wid="5">pharisee</w>
  <w id="6" lemma="|despise|" pos="VBZ" wid="6">despises</w>
  <w id="7" lemma="|sinner|" pos="NNS" wid="7">sinners</w>
  <w id="8" lemma="|,|" pos="," wid="8">,</w>
  <w id="9" lemma="|even|" pos="RB" wid="9">even</w>
  <w id="10" lemma="|by|" pos="IN" wid="10">by</w>
  <w id="11" lemma="|indicate|" pos="VBG" wid="11">indicating</w>
  <w id="12" lemma="|the|" pos="DT" wid="12">the</w>
  <w id="13" lemma="|other|" pos="JJ" wid="13">other</w>
  <w id="14" lemma="|one|" pos="CD" wid="14">one</w>
  <w id="15" lemma="|there|" pos="RB" wid="15">there</w>
  <w id="16" lemma="|.|" pos="." wid="16">.</w>
</sentence>
<sentence id="17">
  <w id="0" lemma="|in|" pos="IN" wid="0">In</w>
  <w id="1" lemma="|short|" pos="JJ" wid="1">short</w>
  <w id="2" lemma="|,|" pos="," wid="2">,</w>
  <w id="3" lemma="|the|" pos="DT" wid="3">the</w>
  <w id="4" lemma="|pharisee|" pos="NN" wid="4">pharisee</w>
  <w id="5" lemma="|,|" pos="," wid="5">,</w>
  <w id="6" lemma="|who|" pos="WP" wid="6">who</w>
  <w id="7" lemma="|hold|" pos="VBZ" wid="7">holds</w>
  <w id="8" lemma="|himself|" pos="PRP" wid="8">himself</w>
  <w id="9" lemma="|to|" pos="TO" wid="9">to</w>
  <w id="10" lemma="|be|" pos="VB" wid="10">be</w>
  <w id="11" lemma="|just|" pos="RB" wid="11">just</w>
  <w id="12" lemma="|,|" pos="," wid="12">,</w>
  <w id="13" lemma="|neglect|" pos="VBZ" wid="13">neglects</w>
  <w id="14" lemma="|the|" pos="DT" wid="14">the</w>
  <w id="15" lemma="|most|" pos="RBS" wid="15">most</w>
  <w id="16" lemma="|important|" pos="JJ" wid="16">important</w>
  <w id="17" lemma="|commandment|" pos="NN" wid="17">commandment</w>
  <w id="18" lemma="|:|" pos=":" wid="18">:</w>
  <w id="19" lemma="|love|" pos="NN" wid="19">love</w>
  <w id="20" lemma="|of|" pos="IN" wid="20">of</w>
  <w id="21" lemma="|God|" pos="NNP" wid="21">God</w>
  <w id="22" lemma="|and|" pos="CC" wid="22">and</w>
  <w id="23" lemma="|of|" pos="IN" wid="23">of</w>
  <w id="24" lemma="|neighbour|" pos="NN" wid="24">neighbour</w>
  <w id="25" lemma="|.|" pos="." wid="25">.</w>
</sentence>
<sentence id="18">
  <w id="0" lemma="|it|" pos="PRP" wid="0">It</w>
  <w id="1" lemma="|be|" pos="VBZ" wid="1">is</w>
  <w id="2" lemma="|not|" pos="RB" wid="2">not</w>
  <w id="3" lemma="|enough|" pos="RB" wid="3">enough</w>
  <w id="4" lemma="|,|" pos="," wid="4">,</w>
  <w id="5" lemma="|therefore|" pos="RB" wid="5">therefore</w>
  <w id="6" lemma="|,|" pos="," wid="6">,</w>
  <w id="7" lemma="|to|" pos="TO" wid="7">to</w>
  <w id="8" lemma="|ask|" pos="VB" wid="8">ask</w>
  <w id="9" lemma="|how|" pos="WRB" wid="9">how</w>
  <w id="10" lemma="|much|" pos="JJ" wid="10">much</w>
  <w id="11" lemma="|we|" pos="PRP" wid="11">we</w>
  <w id="12" lemma="|pray|" pos="VBP" wid="12">pray</w>
  <w id="13" lemma="|,|" pos="," wid="13">,</w>
  <w id="14" lemma="|we|" pos="PRP" wid="14">we</w>
  <w id="15" lemma="|have|" pos="VBP" wid="15">have</w>
  <w id="16" lemma="|to|" pos="TO" wid="16">to</w>
  <w id="17" lemma="|ask|" pos="VB" wid="17">ask</w>
  <w id="18" lemma="|ourselves|" pos="PRP" wid="18">ourselves</w>
  <w id="19" lemma="|how|" pos="WRB" wid="19">how</w>
  <w id="20" lemma="|we|" pos="PRP" wid="20">we</w>
  <w id="21" lemma="|pray|" pos="VBP" wid="21">pray</w>
  <w id="22" lemma="|,|" pos="," wid="22">,</w>
  <w id="23" lemma="|or|" pos="CC" wid="23">or</w>
  <w id="24" lemma="|better|" pos="JJR" wid="24">better</w>
  <w id="25" lemma="|,|" pos="," wid="25">,</w>
  <w id="26" lemma="|in|" pos="IN" wid="26">in</w>
  <w id="27" lemma="|what|" pos="WDT" wid="27">what</w>
  <w id="28" lemma="|state|" pos="NN" wid="28">state</w>
  <w id="29" lemma="|we|" pos="PRP$" wid="29">our</w>
  <w id="30" lemma="|heart|" pos="NN" wid="30">heart</w>
  <w id="31" lemma="|be|" pos="VBZ" wid="31">is</w>
  <w id="32" lemma="|:|" pos=":" wid="32">:</w>
  <w id="33" lemma="|it|" pos="PRP" wid="33">it</w>
  <w id="34" lemma="|be|" pos="VBZ" wid="34">is</w>
  <w id="35" lemma="|important|" pos="JJ" wid="35">important</w>
  <w id="36" lemma="|to|" pos="TO" wid="36">to</w>
  <w id="37" lemma="|examine|" pos="VB" wid="37">examine</w>
  <w id="38" lemma="|it|" pos="PRP" wid="38">it</w>
  <w id="39" lemma="|so|" pos="RB" wid="39">so</w>
  <w id="40" lemma="|as|" pos="IN" wid="40">as</w>
  <w id="41" lemma="|to|" pos="TO" wid="41">to</w>
  <w id="42" lemma="|evaluate|" pos="VB" wid="42">evaluate</w>
  <w id="43" lemma="|we|" pos="PRP$" wid="43">our</w>
  <w id="44" lemma="|thought|" pos="NNS" wid="44">thoughts</w>
  <w id="45" lemma="|,|" pos="," wid="45">,</w>
  <w id="46" lemma="|we|" pos="PRP$" wid="46">our</w>
  <w id="47" lemma="|feeling|" pos="NNS" wid="47">feelings</w>
  <w id="48" lemma="|,|" pos="," wid="48">,</w>
  <w id="49" lemma="|and|" pos="CC" wid="49">and</w>
  <w id="50" lemma="|root|" pos="VB" wid="50">root</w>
  <w id="51" lemma="|out|" pos="RP" wid="51">out</w>
  <w id="52" lemma="|arrogance|" pos="NN" wid="52">arrogance</w>
  <w id="53" lemma="|and|" pos="CC" wid="53">and</w>
  <w id="54" lemma="|hypocrisy|" pos="NN" wid="54">hypocrisy</w>
  <w id="55" lemma="|.|" pos="." wid="55">.</w>
</sentence>
<sentence id="19">
  <w id="0" lemma="|but|" pos="CC" wid="0">But</w>
  <w id="1" lemma="|,|" pos="," wid="1">,</w>
  <w id="2" lemma="|I|" pos="PRP" wid="2">I</w>
  <w id="3" lemma="|ask|" pos="VBP" wid="3">ask</w>
  <w id="4" lemma="|myself|" pos="PRP" wid="4">myself</w>
  <w id="5" lemma="|:|" pos=":" wid="5">:</w>
  <w id="6" lemma="|can|" pos="MD" wid="6">can</w>
  <w id="7" lemma="|one|" pos="CD" wid="7">one</w>
  <w id="8" lemma="|pray|" pos="NN" wid="8">pray</w>
  <w id="9" lemma="|with|" pos="IN" wid="9">with</w>
  <w id="10" lemma="|arrogance|" pos="NN" wid="10">arrogance</w>
  <w id="11" lemma="|?|" pos="." wid="11">?</w>
</sentence>
<sentence id="20">
  <w id="0" lemma="|no|" pos="DT" wid="0">No</w>
  <w id="1" lemma="|.|" pos="." wid="1">.</w>
</sentence>
<sentence id="21">
  <w id="0" lemma="|can|" pos="MD" wid="0">Can</w>
  <w id="1" lemma="|one|" pos="CD" wid="1">one</w>
  <w id="2" lemma="|pray|" pos="NN" wid="2">pray</w>
  <w id="3" lemma="|with|" pos="IN" wid="3">with</w>
  <w id="4" lemma="|hypocrisy|" pos="NN" wid="4">hypocrisy</w>
  <w id="5" lemma="|?|" pos="." wid="5">?</w>
</sentence>
<sentence id="22">
  <w id="0" lemma="|no|" pos="DT" wid="0">No</w>
  <w id="1" lemma="|.|" pos="." wid="1">.</w>
</sentence>
<sentence id="23">
  <w id="0" lemma="|we|" pos="PRP" wid="0">We</w>
  <w id="1" lemma="|must|" pos="MD" wid="1">must</w>
  <w id="2" lemma="|only|" pos="RB" wid="2">only</w>
  <w id="3" lemma="|pray|" pos="VB" wid="3">pray</w>
  <w id="4" lemma="|by|" pos="IN" wid="4">by</w>
  <w id="5" lemma="|place|" pos="VBG" wid="5">placing</w>
  <w id="6" lemma="|ourselves|" pos="PRP" wid="6">ourselves</w>
  <w id="7" lemma="|before|" pos="IN" wid="7">before</w>
  <w id="8" lemma="|God|" pos="NNP" wid="8">God</w>
  <w id="9" lemma="|just|" pos="RB" wid="9">just</w>
  <w id="10" lemma="|as|" pos="IN" wid="10">as</w>
  <w id="11" lemma="|we|" pos="PRP" wid="11">we</w>
  <w id="12" lemma="|be|" pos="VBP" wid="12">are</w>
  <w id="13" lemma="|.|" pos="." wid="13">.</w>
</sentence>
<sentence id="24">
  <w id="0" lemma="|not|" pos="RB" wid="0">Not</w>
  <w id="1" lemma="|like|" pos="IN" wid="1">like</w>
  <w id="2" lemma="|the|" pos="DT" wid="2">the</w>
  <w id="3" lemma="|pharisee|" pos="NN" wid="3">pharisee</w>
  <w id="4" lemma="|who|" pos="WP" wid="4">who</w>
  <w id="5" lemma="|pray|" pos="VBZ" wid="5">prays</w>
  <w id="6" lemma="|with|" pos="IN" wid="6">with</w>
  <w id="7" lemma="|arrogance|" pos="NN" wid="7">arrogance</w>
  <w id="8" lemma="|and|" pos="CC" wid="8">and</w>
  <w id="9" lemma="|hypocrisy|" pos="NN" wid="9">hypocrisy</w>
  <w id="10" lemma="|.|" pos="." wid="10">.</w>
</sentence>
<sentence id="25">
  <w id="0" lemma="|we|" pos="PRP" wid="0">We</w>
  <w id="1" lemma="|be|" pos="VBP" wid="1">are</w>
  <w id="2" lemma="|all|" pos="DT" wid="2">all</w>
  <w id="3" lemma="|take|" pos="VBN" wid="3">taken</w>
  <w id="4" lemma="|up|" pos="RP" wid="4">up</w>
  <w id="5" lemma="|by|" pos="IN" wid="5">by</w>
  <w id="6" lemma="|the|" pos="DT" wid="6">the</w>
  <w id="7" lemma="|phrenetic|" pos="JJ" wid="7">phrenetic</w>
  <w id="8" lemma="|pace|" pos="NN" wid="8">pace</w>
  <w id="9" lemma="|of|" pos="IN" wid="9">of</w>
  <w id="10" lemma="|daily|" pos="JJ" wid="10">daily</w>
  <w id="11" lemma="|life|" pos="NN" wid="11">life</w>
  <w id="12" lemma="|,|" pos="," wid="12">,</w>
  <w id="13" lemma="|often|" pos="RB" wid="13">often</w>
  <w id="14" lemma="|at|" pos="IN" wid="14">at</w>
  <w id="15" lemma="|the|" pos="DT" wid="15">the</w>
  <w id="16" lemma="|mercy|" pos="NN" wid="16">mercy</w>
  <w id="17" lemma="|of|" pos="IN" wid="17">of</w>
  <w id="18" lemma="|feeling|" pos="NNS" wid="18">feelings</w>
  <w id="19" lemma="|,|" pos="," wid="19">,</w>
  <w id="20" lemma="|daze|" pos="VBN" wid="20">dazed</w>
  <w id="21" lemma="|and|" pos="CC" wid="21">and</w>
  <w id="22" lemma="|confuse|" pos="VBN" wid="22">confused</w>
  <w id="23" lemma="|.|" pos="." wid="23">.</w>
</sentence>
<sentence id="26">
  <w id="0" lemma="|it|" pos="PRP" wid="0">It</w>
  <w id="1" lemma="|be|" pos="VBZ" wid="1">is</w>
  <w id="2" lemma="|necessary|" pos="JJ" wid="2">necessary</w>
  <w id="3" lemma="|to|" pos="TO" wid="3">to</w>
  <w id="4" lemma="|learn|" pos="VB" wid="4">learn</w>
  <w id="5" lemma="|how|" pos="WRB" wid="5">how</w>
  <w id="6" lemma="|to|" pos="TO" wid="6">to</w>
  <w id="7" lemma="|rediscover|" pos="VB" wid="7">rediscover</w>
  <w id="8" lemma="|the|" pos="DT" wid="8">the</w>
  <w id="9" lemma="|path|" pos="NN" wid="9">path</w>
  <w id="10" lemma="|to|" pos="TO" wid="10">to</w>
  <w id="11" lemma="|we|" pos="PRP$" wid="11">our</w>
  <w id="12" lemma="|heart|" pos="NN" wid="12">heart</w>
  <w id="13" lemma="|,|" pos="," wid="13">,</w>
  <w id="14" lemma="|to|" pos="TO" wid="14">to</w>
  <w id="15" lemma="|recover|" pos="VB" wid="15">recover</w>
  <w id="16" lemma="|the|" pos="DT" wid="16">the</w>
  <w id="17" lemma="|value|" pos="NN" wid="17">value</w>
  <w id="18" lemma="|of|" pos="IN" wid="18">of</w>
  <w id="19" lemma="|intimacy|" pos="NN" wid="19">intimacy</w>
  <w id="20" lemma="|and|" pos="CC" wid="20">and</w>
  <w id="21" lemma="|silence|" pos="NN" wid="21">silence</w>
  <w id="22" lemma="|,|" pos="," wid="22">,</w>
  <w id="23" lemma="|because|" pos="IN" wid="23">because</w>
  <w id="24" lemma="|the|" pos="DT" wid="24">the</w>
  <w id="25" lemma="|God|" pos="NNP" wid="25">God</w>
  <w id="26" lemma="|who|" pos="WP" wid="26">who</w>
  <w id="27" lemma="|encounter|" pos="VBZ" wid="27">encounters</w>
  <w id="28" lemma="|we|" pos="PRP" wid="28">us</w>
  <w id="29" lemma="|and|" pos="CC" wid="29">and</w>
  <w id="30" lemma="|speak|" pos="VBZ" wid="30">speaks</w>
  <w id="31" lemma="|to|" pos="TO" wid="31">to</w>
  <w id="32" lemma="|we|" pos="PRP" wid="32">us</w>
  <w id="33" lemma="|be|" pos="VBZ" wid="33">is</w>
  <w id="34" lemma="|there|" pos="RB" wid="34">there</w>
  <w id="35" lemma="|.|" pos="." wid="35">.</w>
</sentence>
<sentence id="27">
  <w id="0" lemma="|only|" pos="RB" wid="0">Only</w>
  <w id="1" lemma="|by|" pos="IN" wid="1">by</w>
  <w id="2" lemma="|begin|" pos="VBG" wid="2">beginning</w>
  <w id="3" lemma="|there|" pos="EX" wid="3">there</w>
  <w id="4" lemma="|can|" pos="MD" wid="4">can</w>
  <w id="5" lemma="|we|" pos="PRP" wid="5">we</w>
  <w id="6" lemma="|in|" pos="IN" wid="6">in</w>
  <w id="7" lemma="|we|" pos="PRP$" wid="7">our</w>
  <w id="8" lemma="|turn|" pos="NN" wid="8">turn</w>
  <w id="9" lemma="|encounter|" pos="NN" wid="9">encounter</w>
  <w id="10" lemma="|other|" pos="NNS" wid="10">others</w>
  <w id="11" lemma="|and|" pos="CC" wid="11">and</w>
  <w id="12" lemma="|speak|" pos="VB" wid="12">speak</w>
  <w id="13" lemma="|with|" pos="IN" wid="13">with</w>
  <w id="14" lemma="|they|" pos="PRP" wid="14">them</w>
  <w id="15" lemma="|.|" pos="." wid="15">.</w>
</sentence>
<sentence id="28">
  <w id="0" lemma="|the|" pos="DT" wid="0">The</w>
  <w id="1" lemma="|pharisee|" pos="NN" wid="1">pharisee</w>
  <w id="2" lemma="|walk|" pos="VBD" wid="2">walked</w>
  <w id="3" lemma="|toward|" pos="IN" wid="3">toward</w>
  <w id="4" lemma="|the|" pos="DT" wid="4">the</w>
  <w id="5" lemma="|Temple|" pos="NNP" wid="5">Temple</w>
  <w id="6" lemma="|,|" pos="," wid="6">,</w>
  <w id="7" lemma="|sure|" pos="JJ" wid="7">sure</w>
  <w id="8" lemma="|of|" pos="IN" wid="8">of</w>
  <w id="9" lemma="|himself|" pos="PRP" wid="9">himself</w>
  <w id="10" lemma="|,|" pos="," wid="10">,</w>
  <w id="11" lemma="|but|" pos="CC" wid="11">but</w>
  <w id="12" lemma="|he|" pos="PRP" wid="12">he</w>
  <w id="13" lemma="|be|" pos="VBD" wid="13">was</w>
  <w id="14" lemma="|unaware|" pos="JJ" wid="14">unaware</w>
  <w id="15" lemma="|of|" pos="IN" wid="15">of</w>
  <w id="16" lemma="|the|" pos="DT" wid="16">the</w>
  <w id="17" lemma="|fact|" pos="NN" wid="17">fact</w>
  <w id="18" lemma="|that|" pos="IN" wid="18">that</w>
  <w id="19" lemma="|he|" pos="PRP$" wid="19">his</w>
  <w id="20" lemma="|heart|" pos="NN" wid="20">heart</w>
  <w id="21" lemma="|have|" pos="VBD" wid="21">had</w>
  <w id="22" lemma="|lose|" pos="VBN" wid="22">lost</w>
  <w id="23" lemma="|the|" pos="DT" wid="23">the</w>
  <w id="24" lemma="|way|" pos="NN" wid="24">way</w>
  <w id="25" lemma="|.|" pos="." wid="25">.</w>
</sentence>
<sentence id="29">
  <w id="0" lemma="|instead|" pos="RB" wid="0">Instead</w>
  <w id="1" lemma="|the|" pos="DT" wid="1">the</w>
  <w id="2" lemma="|tax|" pos="NN" wid="2">tax</w>
  <w id="3" lemma="|collector|" pos="NN" wid="3">collector</w>
  <w id="4" lemma="|--|" pos=":" wid="4">--</w>
  <w id="5" lemma="|the|" pos="DT" wid="5">the</w>
  <w id="6" lemma="|other|" pos="JJ" wid="6">other</w>
  <w id="7" lemma="|man|" pos="NN" wid="7">man</w>
  <w id="8" lemma="|--|" pos=":" wid="8">--</w>
  <w id="9" lemma="|present|" pos="VBZ" wid="9">presents</w>
  <w id="10" lemma="|himself|" pos="PRP" wid="10">himself</w>
  <w id="11" lemma="|in|" pos="IN" wid="11">in</w>
  <w id="12" lemma="|the|" pos="DT" wid="12">the</w>
  <w id="13" lemma="|Temple|" pos="NNP" wid="13">Temple</w>
  <w id="14" lemma="|with|" pos="IN" wid="14">with</w>
  <w id="15" lemma="|a|" pos="DT" wid="15">a</w>
  <w id="16" lemma="|humble|" pos="JJ" wid="16">humble</w>
  <w id="17" lemma="|and|" pos="CC" wid="17">and</w>
  <w id="18" lemma="|repentant|" pos="JJ" wid="18">repentant</w>
  <w id="19" lemma="|spirit|" pos="NN" wid="19">spirit</w>
  <w id="20" lemma="|:|" pos=":" wid="20">:</w>
  <w id="21" lemma="|``|" pos="``" wid="21">``</w>
  <w id="22" lemma="|stand|" pos="VBG" wid="22">standing</w>
  <w id="23" lemma="|far|" pos="RB" wid="23">far</w>
  <w id="24" lemma="|off|" pos="RB" wid="24">off</w>
  <w id="25" lemma="|,|" pos="," wid="25">,</w>
  <w id="26" lemma="|would|" pos="MD" wid="26">would</w>
  <w id="27" lemma="|not|" pos="RB" wid="27">not</w>
  <w id="28" lemma="|even|" pos="RB" wid="28">even</w>
  <w id="29" lemma="|lift|" pos="VB" wid="29">lift</w>
  <w id="30" lemma="|up|" pos="RP" wid="30">up</w>
  <w id="31" lemma="|he|" pos="PRP$" wid="31">his</w>
  <w id="32" lemma="|eye|" pos="NNS" wid="32">eyes</w>
  <w id="33" lemma="|to|" pos="TO" wid="33">to</w>
  <w id="34" lemma="|heaven|" pos="NN" wid="34">heaven</w>
  <w id="35" lemma="|,|" pos="," wid="35">,</w>
  <w id="36" lemma="|but|" pos="CC" wid="36">but</w>
  <w id="37" lemma="|beat|" pos="VBD" wid="37">beat</w>
  <w id="38" lemma="|he|" pos="PRP$" wid="38">his</w>
  <w id="39" lemma="|breast|" pos="NN" wid="39">breast</w>
  <w id="40" lemma="|''|" pos="''" wid="40">''</w>
  <w id="41" lemma="|-lrb-|" pos="-LRB-" wid="41">-LRB-</w>
  <w id="42" lemma="|v.|" pos="CC" wid="42">v.</w>
  <w id="43" lemma="|13|" pos="CD" wid="43">13</w>
  <w id="44" lemma="|-rrb-|" pos="-RRB-" wid="44">-RRB-</w>
  <w id="45" lemma="|.|" pos="." wid="45">.</w>
</sentence>
<sentence id="30">
  <w id="0" lemma="|he|" pos="PRP$" wid="0">His</w>
  <w id="1" lemma="|prayer|" pos="NN" wid="1">prayer</w>
  <w id="2" lemma="|be|" pos="VBD" wid="2">was</w>
  <w id="3" lemma="|very|" pos="RB" wid="3">very</w>
  <w id="4" lemma="|brief|" pos="JJ" wid="4">brief</w>
  <w id="5" lemma="|,|" pos="," wid="5">,</w>
  <w id="6" lemma="|not|" pos="RB" wid="6">not</w>
  <w id="7" lemma="|long|" pos="RB" wid="7">long</w>
  <w id="8" lemma="|like|" pos="IN" wid="8">like</w>
  <w id="9" lemma="|that|" pos="DT" wid="9">that</w>
  <w id="10" lemma="|of|" pos="IN" wid="10">of</w>
  <w id="11" lemma="|the|" pos="DT" wid="11">the</w>
  <w id="12" lemma="|pharisee|" pos="NN" wid="12">pharisee</w>
  <w id="13" lemma="|:|" pos=":" wid="13">:</w>
  <w id="14" lemma="|``|" pos="``" wid="14">``</w>
  <w id="15" lemma="|God|" pos="NNP" wid="15">God</w>
  <w id="16" lemma="|,|" pos="," wid="16">,</w>
  <w id="17" lemma="|be|" pos="VB" wid="17">be</w>
  <w id="18" lemma="|merciful|" pos="JJ" wid="18">merciful</w>
  <w id="19" lemma="|to|" pos="TO" wid="19">to</w>
  <w id="20" lemma="|I|" pos="PRP" wid="20">me</w>
  <w id="21" lemma="|a|" pos="DT" wid="21">a</w>
  <w id="22" lemma="|sinner|" pos="NN" wid="22">sinner</w>
  <w id="23" lemma="|''|" pos="''" wid="23">''</w>
  <w id="24" lemma="|.|" pos="." wid="24">.</w>
</sentence>
<sentence id="31">
  <w id="0" lemma="|nothing|" pos="NN" wid="0">Nothing</w>
  <w id="1" lemma="|more|" pos="JJR" wid="1">more</w>
  <w id="2" lemma="|.|" pos="." wid="2">.</w>
</sentence>
<sentence id="32">
  <w id="0" lemma="|a|" pos="DT" wid="0">A</w>
  <w id="1" lemma="|beautiful|" pos="JJ" wid="1">beautiful</w>
  <w id="2" lemma="|prayer|" pos="NN" wid="2">prayer</w>
  <w id="3" lemma="|!|" pos="." wid="3">!</w>
</sentence>
<sentence id="33">
  <w id="0" lemma="|indeed|" pos="RB" wid="0">Indeed</w>
  <w id="1" lemma="|,|" pos="," wid="1">,</w>
  <w id="2" lemma="|tax|" pos="NN" wid="2">tax</w>
  <w id="3" lemma="|collector|" pos="NNS" wid="3">collectors</w>
  <w id="4" lemma="|--|" pos=":" wid="4">--</w>
  <w id="5" lemma="|then|" pos="RB" wid="5">then</w>
  <w id="6" lemma="|call|" pos="VBN" wid="6">called</w>
  <w id="7" lemma="|``|" pos="``" wid="7">``</w>
  <w id="8" lemma="|publican|" pos="NNS" wid="8">publicans</w>
  <w id="9" lemma="|''|" pos="''" wid="9">''</w>
  <w id="10" lemma="|--|" pos=":" wid="10">--</w>
  <w id="11" lemma="|be|" pos="VBD" wid="11">were</w>
  <w id="12" lemma="|consider|" pos="VBN" wid="12">considered</w>
  <w id="13" lemma="|impure|" pos="JJ" wid="13">impure</w>
  <w id="14" lemma="|,|" pos="," wid="14">,</w>
  <w id="15" lemma="|subject|" pos="JJ" wid="15">subject</w>
  <w id="16" lemma="|to|" pos="TO" wid="16">to</w>
  <w id="17" lemma="|foreign|" pos="JJ" wid="17">foreign</w>
  <w id="18" lemma="|ruler|" pos="NNS" wid="18">rulers</w>
  <w id="19" lemma="|;|" pos=":" wid="19">;</w>
  <w id="20" lemma="|they|" pos="PRP" wid="20">they</w>
  <w id="21" lemma="|be|" pos="VBD" wid="21">were</w>
  <w id="22" lemma="|dislike|" pos="VBN" wid="22">disliked</w>
  <w id="23" lemma="|by|" pos="IN" wid="23">by</w>
  <w id="24" lemma="|the|" pos="DT" wid="24">the</w>
  <w id="25" lemma="|people|" pos="NNS" wid="25">people</w>
  <w id="26" lemma="|and|" pos="CC" wid="26">and</w>
  <w id="27" lemma="|socially|" pos="RB" wid="27">socially</w>
  <w id="28" lemma="|associate|" pos="VBN" wid="28">associated</w>
  <w id="29" lemma="|with|" pos="IN" wid="29">with</w>
  <w id="30" lemma="|``|" pos="``" wid="30">``</w>
  <w id="31" lemma="|sinner|" pos="NNS" wid="31">sinners</w>
  <w id="32" lemma="|''|" pos="''" wid="32">''</w>
  <w id="33" lemma="|.|" pos="." wid="33">.</w>
</sentence>
<sentence id="34">
  <w id="0" lemma="|the|" pos="DT" wid="0">The</w>
  <w id="1" lemma="|parable|" pos="NN" wid="1">parable</w>
  <w id="2" lemma="|teach|" pos="VBZ" wid="2">teaches</w>
  <w id="3" lemma="|we|" pos="PRP" wid="3">us</w>
  <w id="4" lemma="|that|" pos="IN" wid="4">that</w>
  <w id="5" lemma="|a|" pos="DT" wid="5">a</w>
  <w id="6" lemma="|man|" pos="NN" wid="6">man</w>
  <w id="7" lemma="|be|" pos="VBZ" wid="7">is</w>
  <w id="8" lemma="|just|" pos="RB" wid="8">just</w>
  <w id="9" lemma="|or|" pos="CC" wid="9">or</w>
  <w id="10" lemma="|sinful|" pos="JJ" wid="10">sinful</w>
  <w id="11" lemma="|not|" pos="RB" wid="11">not</w>
  <w id="12" lemma="|because|" pos="IN" wid="12">because</w>
  <w id="13" lemma="|of|" pos="IN" wid="13">of</w>
  <w id="14" lemma="|he|" pos="PRP$" wid="14">his</w>
  <w id="15" lemma="|social|" pos="JJ" wid="15">social</w>
  <w id="16" lemma="|class|" pos="NN" wid="16">class</w>
  <w id="17" lemma="|,|" pos="," wid="17">,</w>
  <w id="18" lemma="|but|" pos="CC" wid="18">but</w>
  <w id="19" lemma="|because|" pos="IN" wid="19">because</w>
  <w id="20" lemma="|of|" pos="IN" wid="20">of</w>
  <w id="21" lemma="|he|" pos="PRP$" wid="21">his</w>
  <w id="22" lemma="|way|" pos="NN" wid="22">way</w>
  <w id="23" lemma="|of|" pos="IN" wid="23">of</w>
  <w id="24" lemma="|relate|" pos="VBG" wid="24">relating</w>
  <w id="25" lemma="|to|" pos="TO" wid="25">to</w>
  <w id="26" lemma="|God|" pos="NNP" wid="26">God</w>
  <w id="27" lemma="|and|" pos="CC" wid="27">and</w>
  <w id="28" lemma="|how|" pos="WRB" wid="28">how</w>
  <w id="29" lemma="|he|" pos="PRP" wid="29">he</w>
  <w id="30" lemma="|relate|" pos="VBZ" wid="30">relates</w>
  <w id="31" lemma="|to|" pos="TO" wid="31">to</w>
  <w id="32" lemma="|he|" pos="PRP$" wid="32">his</w>
  <w id="33" lemma="|brother|" pos="NNS" wid="33">brothers</w>
  <w id="34" lemma="|and|" pos="CC" wid="34">and</w>
  <w id="35" lemma="|sister|" pos="NNS" wid="35">sisters</w>
  <w id="36" lemma="|.|" pos="." wid="36">.</w>
</sentence>
<sentence id="35">
  <w id="0" lemma="|gesture|" pos="NNS" wid="0">Gestures</w>
  <w id="1" lemma="|of|" pos="IN" wid="1">of</w>
  <w id="2" lemma="|repentance|" pos="NN" wid="2">repentance</w>
  <w id="3" lemma="|and|" pos="CC" wid="3">and</w>
  <w id="4" lemma="|the|" pos="DT" wid="4">the</w>
  <w id="5" lemma="|few|" pos="JJ" wid="5">few</w>
  <w id="6" lemma="|and|" pos="CC" wid="6">and</w>
  <w id="7" lemma="|brief|" pos="JJ" wid="7">brief</w>
  <w id="8" lemma="|word|" pos="NNS" wid="8">words</w>
  <w id="9" lemma="|of|" pos="IN" wid="9">of</w>
  <w id="10" lemma="|the|" pos="DT" wid="10">the</w>
  <w id="11" lemma="|tax|" pos="NN" wid="11">tax</w>
  <w id="12" lemma="|collector|" pos="NN" wid="12">collector</w>
  <w id="13" lemma="|bear|" pos="NN" wid="13">bear</w>
  <w id="14" lemma="|witness|" pos="NN" wid="14">witness</w>
  <w id="15" lemma="|to|" pos="TO" wid="15">to</w>
  <w id="16" lemma="|he|" pos="PRP$" wid="16">his</w>
  <w id="17" lemma="|awareness|" pos="NN" wid="17">awareness</w>
  <w id="18" lemma="|of|" pos="IN" wid="18">of</w>
  <w id="19" lemma="|he|" pos="PRP$" wid="19">his</w>
  <w id="20" lemma="|own|" pos="JJ" wid="20">own</w>
  <w id="21" lemma="|miserable|" pos="JJ" wid="21">miserable</w>
  <w id="22" lemma="|condition|" pos="NN" wid="22">condition</w>
  <w id="23" lemma="|.|" pos="." wid="23">.</w>
</sentence>
<sentence id="36">
  <w id="0" lemma="|he|" pos="PRP$" wid="0">His</w>
  <w id="1" lemma="|prayer|" pos="NN" wid="1">prayer</w>
  <w id="2" lemma="|be|" pos="VBZ" wid="2">is</w>
  <w id="3" lemma="|essential|" pos="JJ" wid="3">essential</w>
  <w id="4" lemma="|.|" pos="." wid="4">.</w>
</sentence>
<sentence id="37">
  <w id="0" lemma="|he|" pos="PRP" wid="0">He</w>
  <w id="1" lemma="|act|" pos="VBZ" wid="1">acts</w>
  <w id="2" lemma="|out|" pos="IN" wid="2">out</w>
  <w id="3" lemma="|of|" pos="IN" wid="3">of</w>
  <w id="4" lemma="|humility|" pos="NN" wid="4">humility</w>
  <w id="5" lemma="|,|" pos="," wid="5">,</w>
  <w id="6" lemma="|certain|" pos="JJ" wid="6">certain</w>
  <w id="7" lemma="|only|" pos="RB" wid="7">only</w>
  <w id="8" lemma="|that|" pos="IN" wid="8">that</w>
  <w id="9" lemma="|he|" pos="PRP" wid="9">he</w>
  <w id="10" lemma="|be|" pos="VBZ" wid="10">is</w>
  <w id="11" lemma="|a|" pos="DT" wid="11">a</w>
  <w id="12" lemma="|sinner|" pos="NN" wid="12">sinner</w>
  <w id="13" lemma="|in|" pos="IN" wid="13">in</w>
  <w id="14" lemma="|need|" pos="NN" wid="14">need</w>
  <w id="15" lemma="|of|" pos="IN" wid="15">of</w>
  <w id="16" lemma="|mercy|" pos="NN" wid="16">mercy</w>
  <w id="17" lemma="|.|" pos="." wid="17">.</w>
</sentence>
<sentence id="38">
  <w id="0" lemma="|if|" pos="IN" wid="0">If</w>
  <w id="1" lemma="|the|" pos="DT" wid="1">the</w>
  <w id="2" lemma="|pharisee|" pos="NN" wid="2">pharisee</w>
  <w id="3" lemma="|ask|" pos="VBD" wid="3">asked</w>
  <w id="4" lemma="|for|" pos="IN" wid="4">for</w>
  <w id="5" lemma="|nothing|" pos="NN" wid="5">nothing</w>
  <w id="6" lemma="|because|" pos="IN" wid="6">because</w>
  <w id="7" lemma="|he|" pos="PRP" wid="7">he</w>
  <w id="8" lemma="|already|" pos="RB" wid="8">already</w>
  <w id="9" lemma="|have|" pos="VBD" wid="9">had</w>
  <w id="10" lemma="|everything|" pos="NN" wid="10">everything</w>
  <w id="11" lemma="|,|" pos="," wid="11">,</w>
  <w id="12" lemma="|the|" pos="DT" wid="12">the</w>
  <w id="13" lemma="|tax|" pos="NN" wid="13">tax</w>
  <w id="14" lemma="|collector|" pos="NN" wid="14">collector</w>
  <w id="15" lemma="|can|" pos="MD" wid="15">can</w>
  <w id="16" lemma="|only|" pos="RB" wid="16">only</w>
  <w id="17" lemma="|beg|" pos="VB" wid="17">beg</w>
  <w id="18" lemma="|for|" pos="IN" wid="18">for</w>
  <w id="19" lemma="|the|" pos="DT" wid="19">the</w>
  <w id="20" lemma="|mercy|" pos="NN" wid="20">mercy</w>
  <w id="21" lemma="|of|" pos="IN" wid="21">of</w>
  <w id="22" lemma="|God|" pos="NNP" wid="22">God</w>
  <w id="23" lemma="|.|" pos="." wid="23">.</w>
</sentence>
<sentence id="39">
  <w id="0" lemma="|and|" pos="CC" wid="0">And</w>
  <w id="1" lemma="|this|" pos="DT" wid="1">this</w>
  <w id="2" lemma="|be|" pos="VBZ" wid="2">is</w>
  <w id="3" lemma="|beautiful|" pos="JJ" wid="3">beautiful</w>
  <w id="4" lemma="|:|" pos=":" wid="4">:</w>
  <w id="5" lemma="|to|" pos="TO" wid="5">to</w>
  <w id="6" lemma="|beg|" pos="VB" wid="6">beg</w>
  <w id="7" lemma="|for|" pos="IN" wid="7">for</w>
  <w id="8" lemma="|the|" pos="DT" wid="8">the</w>
  <w id="9" lemma="|mercy|" pos="NN" wid="9">mercy</w>
  <w id="10" lemma="|of|" pos="IN" wid="10">of</w>
  <w id="11" lemma="|God|" pos="NNP" wid="11">God</w>
  <w id="12" lemma="|!|" pos="." wid="12">!</w>
</sentence>
<sentence id="40">
  <w id="0" lemma="|present|" pos="VBG" wid="0">Presenting</w>
  <w id="1" lemma="|himself|" pos="PRP" wid="1">himself</w>
  <w id="2" lemma="|with|" pos="IN" wid="2">with</w>
  <w id="3" lemma="|``|" pos="``" wid="3">``</w>
  <w id="4" lemma="|empty|" pos="JJ" wid="4">empty</w>
  <w id="5" lemma="|hand|" pos="NNS" wid="5">hands</w>
  <w id="6" lemma="|''|" pos="''" wid="6">''</w>
  <w id="7" lemma="|,|" pos="," wid="7">,</w>
  <w id="8" lemma="|with|" pos="IN" wid="8">with</w>
  <w id="9" lemma="|a|" pos="DT" wid="9">a</w>
  <w id="10" lemma="|bare|" pos="JJ" wid="10">bare</w>
  <w id="11" lemma="|heart|" pos="NN" wid="11">heart</w>
  <w id="12" lemma="|and|" pos="CC" wid="12">and</w>
  <w id="13" lemma="|acknowledge|" pos="VBG" wid="13">acknowledging</w>
  <w id="14" lemma="|himself|" pos="PRP" wid="14">himself</w>
  <w id="15" lemma="|to|" pos="TO" wid="15">to</w>
  <w id="16" lemma="|be|" pos="VB" wid="16">be</w>
  <w id="17" lemma="|a|" pos="DT" wid="17">a</w>
  <w id="18" lemma="|sinner|" pos="NN" wid="18">sinner</w>
  <w id="19" lemma="|,|" pos="," wid="19">,</w>
  <w id="20" lemma="|the|" pos="DT" wid="20">the</w>
  <w id="21" lemma="|tax|" pos="NN" wid="21">tax</w>
  <w id="22" lemma="|collector|" pos="NN" wid="22">collector</w>
  <w id="23" lemma="|show|" pos="VBZ" wid="23">shows</w>
  <w id="24" lemma="|we|" pos="PRP" wid="24">us</w>
  <w id="25" lemma="|all|" pos="PDT" wid="25">all</w>
  <w id="26" lemma="|the|" pos="DT" wid="26">the</w>
  <w id="27" lemma="|condition|" pos="NN" wid="27">condition</w>
  <w id="28" lemma="|that|" pos="WDT" wid="28">that</w>
  <w id="29" lemma="|be|" pos="VBZ" wid="29">is</w>
  <w id="30" lemma="|necessary|" pos="JJ" wid="30">necessary</w>
  <w id="31" lemma="|in|" pos="IN" wid="31">in</w>
  <w id="32" lemma="|order|" pos="NN" wid="32">order</w>
  <w id="33" lemma="|to|" pos="TO" wid="33">to</w>
  <w id="34" lemma="|receive|" pos="VB" wid="34">receive</w>
  <w id="35" lemma="|the|" pos="DT" wid="35">the</w>
  <w id="36" lemma="|Lord|" pos="NNP" wid="36">Lord</w>
  <w id="37" lemma="|'s|" pos="POS" wid="37">'s</w>
  <w id="38" lemma="|forgiveness|" pos="NN" wid="38">forgiveness</w>
  <w id="39" lemma="|.|" pos="." wid="39">.</w>
</sentence>
<sentence id="41">
  <w id="0" lemma="|in|" pos="IN" wid="0">In</w>
  <w id="1" lemma="|the|" pos="DT" wid="1">the</w>
  <w id="2" lemma="|end|" pos="NN" wid="2">end</w>
  <w id="3" lemma="|,|" pos="," wid="3">,</w>
  <w id="4" lemma="|he|" pos="PRP" wid="4">he</w>
  <w id="5" lemma="|be|" pos="VBZ" wid="5">is</w>
  <w id="6" lemma="|the|" pos="DT" wid="6">the</w>
  <w id="7" lemma="|one|" pos="CD" wid="7">one</w>
  <w id="8" lemma="|,|" pos="," wid="8">,</w>
  <w id="9" lemma="|so|" pos="RB" wid="9">so</w>
  <w id="10" lemma="|despise|" pos="VBN" wid="10">despised</w>
  <w id="11" lemma="|,|" pos="," wid="11">,</w>
  <w id="12" lemma="|who|" pos="WP" wid="12">who</w>
  <w id="13" lemma="|become|" pos="VBZ" wid="13">becomes</w>
  <w id="14" lemma="|a|" pos="DT" wid="14">an</w>
  <w id="15" lemma="|icon|" pos="NN" wid="15">icon</w>
  <w id="16" lemma="|of|" pos="IN" wid="16">of</w>
  <w id="17" lemma="|the|" pos="DT" wid="17">the</w>
  <w id="18" lemma="|true|" pos="JJ" wid="18">true</w>
  <w id="19" lemma="|believer|" pos="NN" wid="19">believer</w>
  <w id="20" lemma="|.|" pos="." wid="20">.</w>
</sentence>
<sentence id="42">
  <w id="0" lemma="|Jesus|" pos="NNP" wid="0">Jesus</w>
  <w id="1" lemma="|conclude|" pos="VBZ" wid="1">concludes</w>
  <w id="2" lemma="|the|" pos="DT" wid="2">the</w>
  <w id="3" lemma="|parable|" pos="NN" wid="3">parable</w>
  <w id="4" lemma="|with|" pos="IN" wid="4">with</w>
  <w id="5" lemma="|the|" pos="DT" wid="5">the</w>
  <w id="6" lemma="|judgment|" pos="NN" wid="6">judgment</w>
  <w id="7" lemma="|:|" pos=":" wid="7">:</w>
  <w id="8" lemma="|``|" pos="``" wid="8">``</w>
  <w id="9" lemma="|I|" pos="PRP" wid="9">I</w>
  <w id="10" lemma="|tell|" pos="VBP" wid="10">tell</w>
  <w id="11" lemma="|you|" pos="PRP" wid="11">you</w>
  <w id="12" lemma="|,|" pos="," wid="12">,</w>
  <w id="13" lemma="|this|" pos="DT" wid="13">this</w>
  <w id="14" lemma="|man|" pos="NN" wid="14">man</w>
  <w id="15" lemma="|go|" pos="VBD" wid="15">went</w>
  <w id="16" lemma="|down|" pos="RB" wid="16">down</w>
  <w id="17" lemma="|to|" pos="TO" wid="17">to</w>
  <w id="18" lemma="|he|" pos="PRP$" wid="18">his</w>
  <w id="19" lemma="|house|" pos="NN" wid="19">house</w>
  <w id="20" lemma="|justify|" pos="VBD" wid="20">justified</w>
  <w id="21" lemma="|rather|" pos="RB" wid="21">rather</w>
  <w id="22" lemma="|than|" pos="IN" wid="22">than</w>
  <w id="23" lemma="|the|" pos="DT" wid="23">the</w>
  <w id="24" lemma="|other|" pos="JJ" wid="24">other</w>
  <w id="25" lemma="|;|" pos=":" wid="25">;</w>
  <w id="26" lemma="|for|" pos="IN" wid="26">for</w>
  <w id="27" lemma="|every|" pos="DT" wid="27">every</w>
  <w id="28" lemma="|one|" pos="NN" wid="28">one</w>
  <w id="29" lemma="|who|" pos="WP" wid="29">who</w>
  <w id="30" lemma="|exalt|" pos="VBZ" wid="30">exalts</w>
  <w id="31" lemma="|himself|" pos="PRP" wid="31">himself</w>
  <w id="32" lemma="|will|" pos="MD" wid="32">will</w>
  <w id="33" lemma="|be|" pos="VB" wid="33">be</w>
  <w id="34" lemma="|humble|" pos="VBN" wid="34">humbled</w>
  <w id="35" lemma="|,|" pos="," wid="35">,</w>
  <w id="36" lemma="|but|" pos="CC" wid="36">but</w>
  <w id="37" lemma="|he|" pos="PRP" wid="37">he</w>
  <w id="38" lemma="|who|" pos="WP" wid="38">who</w>
  <w id="39" lemma="|humble|" pos="VBZ" wid="39">humbles</w>
  <w id="40" lemma="|himself|" pos="PRP" wid="40">himself</w>
  <w id="41" lemma="|will|" pos="MD" wid="41">will</w>
  <w id="42" lemma="|be|" pos="VB" wid="42">be</w>
  <w id="43" lemma="|exalt|" pos="VBN" wid="43">exalted</w>
  <w id="44" lemma="|''|" pos="''" wid="44">''</w>
  <w id="45" lemma="|-lrb-|" pos="-LRB-" wid="45">-LRB-</w>
  <w id="46" lemma="|v.|" pos="CC" wid="46">v.</w>
  <w id="47" lemma="|14|" pos="CD" wid="47">14</w>
  <w id="48" lemma="|-rrb-|" pos="-RRB-" wid="48">-RRB-</w>
  <w id="49" lemma="|.|" pos="." wid="49">.</w>
</sentence>
<sentence id="43">
  <w id="0" lemma="|of|" pos="IN" wid="0">Of</w>
  <w id="1" lemma="|these|" pos="DT" wid="1">these</w>
  <w id="2" lemma="|two|" pos="CD" wid="2">two</w>
  <w id="3" lemma="|,|" pos="," wid="3">,</w>
  <w id="4" lemma="|who|" pos="WP" wid="4">who</w>
  <w id="5" lemma="|be|" pos="VBZ" wid="5">is</w>
  <w id="6" lemma="|the|" pos="DT" wid="6">the</w>
  <w id="7" lemma="|corrupt|" pos="JJ" wid="7">corrupt</w>
  <w id="8" lemma="|one|" pos="CD" wid="8">one</w>
  <w id="9" lemma="|?|" pos="." wid="9">?</w>
</sentence>
<sentence id="44">
  <w id="0" lemma="|the|" pos="DT" wid="0">The</w>
  <w id="1" lemma="|pharisee|" pos="NN" wid="1">pharisee</w>
  <w id="2" lemma="|.|" pos="." wid="2">.</w>
</sentence>
<sentence id="45">
  <w id="0" lemma="|the|" pos="DT" wid="0">The</w>
  <w id="1" lemma="|pharisee|" pos="NN" wid="1">pharisee</w>
  <w id="2" lemma="|be|" pos="VBZ" wid="2">is</w>
  <w id="3" lemma="|the|" pos="DT" wid="3">the</w>
  <w id="4" lemma="|very|" pos="JJ" wid="4">very</w>
  <w id="5" lemma="|icon|" pos="NN" wid="5">icon</w>
  <w id="6" lemma="|of|" pos="IN" wid="6">of</w>
  <w id="7" lemma="|a|" pos="DT" wid="7">a</w>
  <w id="8" lemma="|corrupt|" pos="JJ" wid="8">corrupt</w>
  <w id="9" lemma="|person|" pos="NN" wid="9">person</w>
  <w id="10" lemma="|who|" pos="WP" wid="10">who</w>
  <w id="11" lemma="|pretend|" pos="VBZ" wid="11">pretends</w>
  <w id="12" lemma="|to|" pos="TO" wid="12">to</w>
  <w id="13" lemma="|pray|" pos="VB" wid="13">pray</w>
  <w id="14" lemma="|,|" pos="," wid="14">,</w>
  <w id="15" lemma="|but|" pos="CC" wid="15">but</w>
  <w id="16" lemma="|only|" pos="RB" wid="16">only</w>
  <w id="17" lemma="|manage|" pos="VBZ" wid="17">manages</w>
  <w id="18" lemma="|to|" pos="TO" wid="18">to</w>
  <w id="19" lemma="|strut|" pos="VB" wid="19">strut</w>
  <w id="20" lemma="|in|" pos="IN" wid="20">in</w>
  <w id="21" lemma="|front|" pos="NN" wid="21">front</w>
  <w id="22" lemma="|of|" pos="IN" wid="22">of</w>
  <w id="23" lemma="|a|" pos="DT" wid="23">a</w>
  <w id="24" lemma="|mirror|" pos="NN" wid="24">mirror</w>
  <w id="25" lemma="|.|" pos="." wid="25">.</w>
</sentence>
<sentence id="46">
  <w id="0" lemma="|he|" pos="PRP" wid="0">He</w>
  <w id="1" lemma="|be|" pos="VBZ" wid="1">is</w>
  <w id="2" lemma="|corrupt|" pos="JJ" wid="2">corrupt</w>
  <w id="3" lemma="|and|" pos="CC" wid="3">and</w>
  <w id="4" lemma="|he|" pos="PRP" wid="4">he</w>
  <w id="5" lemma="|be|" pos="VBZ" wid="5">is</w>
  <w id="6" lemma="|pretend|" pos="VBG" wid="6">pretending</w>
  <w id="7" lemma="|to|" pos="TO" wid="7">to</w>
  <w id="8" lemma="|pray|" pos="VB" wid="8">pray</w>
  <w id="9" lemma="|.|" pos="." wid="9">.</w>
</sentence>
<sentence id="47">
  <w id="0" lemma="|thus|" pos="RB" wid="0">Thus</w>
  <w id="1" lemma="|,|" pos="," wid="1">,</w>
  <w id="2" lemma="|in|" pos="IN" wid="2">in</w>
  <w id="3" lemma="|life|" pos="NN" wid="3">life</w>
  <w id="4" lemma="|whoever|" pos="WP" wid="4">whoever</w>
  <w id="5" lemma="|believe|" pos="VBZ" wid="5">believes</w>
  <w id="6" lemma="|himself|" pos="PRP" wid="6">himself</w>
  <w id="7" lemma="|to|" pos="TO" wid="7">to</w>
  <w id="8" lemma="|be|" pos="VB" wid="8">be</w>
  <w id="9" lemma="|just|" pos="RB" wid="9">just</w>
  <w id="10" lemma="|and|" pos="CC" wid="10">and</w>
  <w id="11" lemma="|criticise|" pos="VBZ" wid="11">criticises</w>
  <w id="12" lemma="|other|" pos="NNS" wid="12">others</w>
  <w id="13" lemma="|and|" pos="CC" wid="13">and</w>
  <w id="14" lemma="|despise|" pos="VBZ" wid="14">despises</w>
  <w id="15" lemma="|they|" pos="PRP" wid="15">them</w>
  <w id="16" lemma="|,|" pos="," wid="16">,</w>
  <w id="17" lemma="|be|" pos="VBZ" wid="17">is</w>
  <w id="18" lemma="|corrupt|" pos="JJ" wid="18">corrupt</w>
  <w id="19" lemma="|and|" pos="CC" wid="19">and</w>
  <w id="20" lemma="|a|" pos="DT" wid="20">a</w>
  <w id="21" lemma="|hypocrite|" pos="NN" wid="21">hypocrite</w>
  <w id="22" lemma="|.|" pos="." wid="22">.</w>
</sentence>
<sentence id="48">
  <w id="0" lemma="|pride|" pos="NN" wid="0">Pride</w>
  <w id="1" lemma="|compromise|" pos="VBZ" wid="1">compromises</w>
  <w id="2" lemma="|every|" pos="DT" wid="2">every</w>
  <w id="3" lemma="|good|" pos="JJ" wid="3">good</w>
  <w id="4" lemma="|deed|" pos="NN" wid="4">deed</w>
  <w id="5" lemma="|,|" pos="," wid="5">,</w>
  <w id="6" lemma="|empty|" pos="VBZ" wid="6">empties</w>
  <w id="7" lemma="|prayer|" pos="NN" wid="7">prayer</w>
  <w id="8" lemma="|,|" pos="," wid="8">,</w>
  <w id="9" lemma="|create|" pos="VBZ" wid="9">creates</w>
  <w id="10" lemma="|distance|" pos="NN" wid="10">distance</w>
  <w id="11" lemma="|from|" pos="IN" wid="11">from</w>
  <w id="12" lemma="|God|" pos="NNP" wid="12">God</w>
  <w id="13" lemma="|and|" pos="CC" wid="13">and</w>
  <w id="14" lemma="|from|" pos="IN" wid="14">from</w>
  <w id="15" lemma="|other|" pos="NNS" wid="15">others</w>
  <w id="16" lemma="|.|" pos="." wid="16">.</w>
</sentence>
<sentence id="49">
  <w id="0" lemma="|if|" pos="IN" wid="0">If</w>
  <w id="1" lemma="|God|" pos="NNP" wid="1">God</w>
  <w id="2" lemma="|prefer|" pos="VBZ" wid="2">prefers</w>
  <w id="3" lemma="|humility|" pos="NN" wid="3">humility</w>
  <w id="4" lemma="|it|" pos="PRP" wid="4">it</w>
  <w id="5" lemma="|be|" pos="VBZ" wid="5">is</w>
  <w id="6" lemma="|not|" pos="RB" wid="6">not</w>
  <w id="7" lemma="|to|" pos="TO" wid="7">to</w>
  <w id="8" lemma="|dishearten|" pos="VB" wid="8">dishearten</w>
  <w id="9" lemma="|we|" pos="PRP" wid="9">us</w>
  <w id="10" lemma="|:|" pos=":" wid="10">:</w>
  <w id="11" lemma="|rather|" pos="RB" wid="11">rather</w>
  <w id="12" lemma="|,|" pos="," wid="12">,</w>
  <w id="13" lemma="|humility|" pos="NN" wid="13">humility</w>
  <w id="14" lemma="|be|" pos="VBZ" wid="14">is</w>
  <w id="15" lemma="|the|" pos="DT" wid="15">the</w>
  <w id="16" lemma="|necessary|" pos="JJ" wid="16">necessary</w>
  <w id="17" lemma="|condition|" pos="NN" wid="17">condition</w>
  <w id="18" lemma="|to|" pos="TO" wid="18">to</w>
  <w id="19" lemma="|be|" pos="VB" wid="19">be</w>
  <w id="20" lemma="|raise|" pos="VBN" wid="20">raised</w>
  <w id="21" lemma="|by|" pos="IN" wid="21">by</w>
  <w id="22" lemma="|he|" pos="PRP" wid="22">Him</w>
  <w id="23" lemma="|,|" pos="," wid="23">,</w>
  <w id="24" lemma="|so|" pos="RB" wid="24">so</w>
  <w id="25" lemma="|as|" pos="IN" wid="25">as</w>
  <w id="26" lemma="|to|" pos="TO" wid="26">to</w>
  <w id="27" lemma="|experience|" pos="VB" wid="27">experience</w>
  <w id="28" lemma="|the|" pos="DT" wid="28">the</w>
  <w id="29" lemma="|mercy|" pos="NN" wid="29">mercy</w>
  <w id="30" lemma="|that|" pos="WDT" wid="30">that</w>
  <w id="31" lemma="|come|" pos="VBZ" wid="31">comes</w>
  <w id="32" lemma="|to|" pos="TO" wid="32">to</w>
  <w id="33" lemma="|fill|" pos="VB" wid="33">fill</w>
  <w id="34" lemma="|we|" pos="PRP$" wid="34">our</w>
  <w id="35" lemma="|emptiness|" pos="NN" wid="35">emptiness</w>
  <w id="36" lemma="|.|" pos="." wid="36">.</w>
</sentence>
<sentence id="50">
  <w id="0" lemma="|if|" pos="IN" wid="0">If</w>
  <w id="1" lemma="|the|" pos="DT" wid="1">the</w>
  <w id="2" lemma="|prayer|" pos="NN" wid="2">prayer</w>
  <w id="3" lemma="|of|" pos="IN" wid="3">of</w>
  <w id="4" lemma="|the|" pos="DT" wid="4">the</w>
  <w id="5" lemma="|proud|" pos="NN" wid="5">proud</w>
  <w id="6" lemma="|do|" pos="VBZ" wid="6">does</w>
  <w id="7" lemma="|not|" pos="RB" wid="7">not</w>
  <w id="8" lemma="|reach|" pos="VB" wid="8">reach</w>
  <w id="9" lemma="|God|" pos="NNP" wid="9">God</w>
  <w id="10" lemma="|'s|" pos="POS" wid="10">'s</w>
  <w id="11" lemma="|heart|" pos="NN" wid="11">heart</w>
  <w id="12" lemma="|,|" pos="," wid="12">,</w>
  <w id="13" lemma="|the|" pos="DT" wid="13">the</w>
  <w id="14" lemma="|humility|" pos="NN" wid="14">humility</w>
  <w id="15" lemma="|of|" pos="IN" wid="15">of</w>
  <w id="16" lemma="|the|" pos="DT" wid="16">the</w>
  <w id="17" lemma="|poor|" pos="NN" wid="17">poor</w>
  <w id="18" lemma="|open|" pos="VBZ" wid="18">opens</w>
  <w id="19" lemma="|it|" pos="PRP" wid="19">it</w>
  <w id="20" lemma="|wide|" pos="JJ" wid="20">wide</w>
  <w id="21" lemma="|.|" pos="." wid="21">.</w>
</sentence>
<sentence id="51">
  <w id="0" lemma="|God|" pos="NNP" wid="0">God</w>
  <w id="1" lemma="|have|" pos="VBZ" wid="1">has</w>
  <w id="2" lemma="|a|" pos="DT" wid="2">a</w>
  <w id="3" lemma="|weakness|" pos="NN" wid="3">weakness</w>
  <w id="4" lemma="|for|" pos="IN" wid="4">for</w>
  <w id="5" lemma="|the|" pos="DT" wid="5">the</w>
  <w id="6" lemma="|humble|" pos="JJ" wid="6">humble</w>
  <w id="7" lemma="|one|" pos="NNS" wid="7">ones</w>
  <w id="8" lemma="|.|" pos="." wid="8">.</w>
</sentence>
<sentence id="52">
  <w id="0" lemma="|before|" pos="IN" wid="0">Before</w>
  <w id="1" lemma="|a|" pos="DT" wid="1">a</w>
  <w id="2" lemma="|humble|" pos="JJ" wid="2">humble</w>
  <w id="3" lemma="|heart|" pos="NN" wid="3">heart</w>
  <w id="4" lemma="|,|" pos="," wid="4">,</w>
  <w id="5" lemma="|God|" pos="NNP" wid="5">God</w>
  <w id="6" lemma="|open|" pos="VBZ" wid="6">opens</w>
  <w id="7" lemma="|he|" pos="PRP$" wid="7">his</w>
  <w id="8" lemma="|heart|" pos="NN" wid="8">heart</w>
  <w id="9" lemma="|entirely|" pos="RB" wid="9">entirely</w>
  <w id="10" lemma="|.|" pos="." wid="10">.</w>
</sentence>
<sentence id="53">
  <w id="0" lemma="|it|" pos="PRP" wid="0">It</w>
  <w id="1" lemma="|be|" pos="VBZ" wid="1">is</w>
  <w id="2" lemma="|this|" pos="DT" wid="2">this</w>
  <w id="3" lemma="|humility|" pos="NN" wid="3">humility</w>
  <w id="4" lemma="|that|" pos="IN" wid="4">that</w>
  <w id="5" lemma="|the|" pos="DT" wid="5">the</w>
  <w id="6" lemma="|Virgin|" pos="NNP" wid="6">Virgin</w>
  <w id="7" lemma="|Mary|" pos="NNP" wid="7">Mary</w>
  <w id="8" lemma="|express|" pos="VBZ" wid="8">expresses</w>
  <w id="9" lemma="|in|" pos="IN" wid="9">in</w>
  <w id="10" lemma="|the|" pos="DT" wid="10">the</w>
  <w id="11" lemma="|canticle|" pos="NN" wid="11">Canticle</w>
  <w id="12" lemma="|of|" pos="IN" wid="12">of</w>
  <w id="13" lemma="|the|" pos="DT" wid="13">the</w>
  <w id="14" lemma="|Magnificat|" pos="NNP" wid="14">Magnificat</w>
  <w id="15" lemma="|:|" pos=":" wid="15">:</w>
  <w id="16" lemma="|``|" pos="``" wid="16">``</w>
  <w id="17" lemma="|he|" pos="PRP" wid="17">he</w>
  <w id="18" lemma="|have|" pos="VBZ" wid="18">has</w>
  <w id="19" lemma="|regard|" pos="VBN" wid="19">regarded</w>
  <w id="20" lemma="|the|" pos="DT" wid="20">the</w>
  <w id="21" lemma="|low|" pos="JJ" wid="21">low</w>
  <w id="22" lemma="|estate|" pos="NN" wid="22">estate</w>
  <w id="23" lemma="|of|" pos="IN" wid="23">of</w>
  <w id="24" lemma="|he|" pos="PRP$" wid="24">his</w>
  <w id="25" lemma="|handmaiden|" pos="NN" wid="25">handmaiden</w>
  <w id="26" lemma="|-lsb-|" pos="-LRB-" wid="26">-LSB-</w>
  <w id="27" lemma="|...|" pos=":" wid="27">...</w>
  <w id="28" lemma="|-rsb-|" pos="-RRB-" wid="28">-RSB-</w>
  <w id="29" lemma="|he|" pos="PRP$" wid="29">his</w>
  <w id="30" lemma="|mercy|" pos="NN" wid="30">mercy</w>
  <w id="31" lemma="|be|" pos="VBZ" wid="31">is</w>
  <w id="32" lemma="|on|" pos="IN" wid="32">on</w>
  <w id="33" lemma="|those|" pos="DT" wid="33">those</w>
  <w id="34" lemma="|who|" pos="WP" wid="34">who</w>
  <w id="35" lemma="|fear|" pos="VBP" wid="35">fear</w>
  <w id="36" lemma="|he|" pos="PRP" wid="36">him</w>
  <w id="37" lemma="|from|" pos="IN" wid="37">from</w>
  <w id="38" lemma="|generation|" pos="NN" wid="38">generation</w>
  <w id="39" lemma="|to|" pos="TO" wid="39">to</w>
  <w id="40" lemma="|generation|" pos="NN" wid="40">generation</w>
  <w id="41" lemma="|''|" pos="''" wid="41">''</w>
  <w id="42" lemma="|-lrb-|" pos="-LRB-" wid="42">-LRB-</w>
  <w id="43" lemma="|lk|" pos="NN" wid="43">Lk</w>
  <w id="44" lemma="|1:48|" pos="CD" wid="44">1:48</w>
  <w id="45" lemma="|,|" pos="," wid="45">,</w>
  <w id="46" lemma="|50|" pos="CD" wid="46">50</w>
  <w id="47" lemma="|-rrb-|" pos="-RRB-" wid="47">-RRB-</w>
  <w id="48" lemma="|.|" pos="." wid="48">.</w>
</sentence>
<sentence id="54">
  <w id="0" lemma="|let|" pos="VB" wid="0">Let</w>
  <w id="1" lemma="|she|" pos="PRP" wid="1">her</w>
  <w id="2" lemma="|help|" pos="VB" wid="2">help</w>
  <w id="3" lemma="|we|" pos="PRP" wid="3">us</w>
  <w id="4" lemma="|,|" pos="," wid="4">,</w>
  <w id="5" lemma="|we|" pos="PRP$" wid="5">our</w>
  <w id="6" lemma="|Mother|" pos="NNP" wid="6">Mother</w>
  <w id="7" lemma="|,|" pos="," wid="7">,</w>
  <w id="8" lemma="|to|" pos="TO" wid="8">to</w>
  <w id="9" lemma="|pray|" pos="VB" wid="9">pray</w>
  <w id="10" lemma="|with|" pos="IN" wid="10">with</w>
  <w id="11" lemma="|a|" pos="DT" wid="11">a</w>
  <w id="12" lemma="|humble|" pos="JJ" wid="12">humble</w>
  <w id="13" lemma="|heart|" pos="NN" wid="13">heart</w>
  <w id="14" lemma="|.|" pos="." wid="14">.</w>
</sentence>
<sentence id="55">
  <w id="0" lemma="|and|" pos="CC" wid="0">And</w>
  <w id="1" lemma="|we|" pos="PRP" wid="1">we</w>
  <w id="2" lemma="|,|" pos="," wid="2">,</w>
  <w id="3" lemma="|let|" pos="VB" wid="3">let</w>
  <w id="4" lemma="|we|" pos="PRP" wid="4">us</w>
  <w id="5" lemma="|repeat|" pos="VB" wid="5">repeat</w>
  <w id="6" lemma="|that|" pos="DT" wid="6">that</w>
  <w id="7" lemma="|beautiful|" pos="JJ" wid="7">beautiful</w>
  <w id="8" lemma="|prayer|" pos="NN" wid="8">prayer</w>
  <w id="9" lemma="|three|" pos="CD" wid="9">three</w>
  <w id="10" lemma="|time|" pos="NNS" wid="10">times</w>
  <w id="11" lemma="|:|" pos=":" wid="11">:</w>
  <w id="12" lemma="|``|" pos="``" wid="12">``</w>
  <w id="13" lemma="|oh|" pos="UH" wid="13">Oh</w>
  <w id="14" lemma="|God|" pos="NNP" wid="14">God</w>
  <w id="15" lemma="|,|" pos="," wid="15">,</w>
  <w id="16" lemma="|be|" pos="VB" wid="16">be</w>
  <w id="17" lemma="|merciful|" pos="JJ" wid="17">merciful</w>
  <w id="18" lemma="|to|" pos="TO" wid="18">to</w>
  <w id="19" lemma="|I|" pos="PRP" wid="19">me</w>
  <w id="20" lemma="|a|" pos="DT" wid="20">a</w>
  <w id="21" lemma="|sinner|" pos="NN" wid="21">sinner</w>
  <w id="22" lemma="|''|" pos="''" wid="22">''</w>
  <w id="23" lemma="|.|" pos="." wid="23">.</w>
</sentence>
<sentence id="56">
  <w id="0" lemma="|special|" pos="JJ" wid="0">Special</w>
  <w id="1" lemma="|greeting|" pos="NNS" wid="1">greetings</w>
  <w id="2" lemma="|:|" pos=":" wid="2">:</w>
  <w id="3" lemma="|I|" pos="PRP" wid="3">I</w>
  <w id="4" lemma="|greet|" pos="VBP" wid="4">greet</w>
  <w id="5" lemma="|the|" pos="DT" wid="5">the</w>
  <w id="6" lemma="|english-speaking|" pos="JJ" wid="6">English-speaking</w>
  <w id="7" lemma="|pilgrim|" pos="NNS" wid="7">pilgrims</w>
  <w id="8" lemma="|and|" pos="CC" wid="8">and</w>
  <w id="9" lemma="|visitor|" pos="NNS" wid="9">visitors</w>
  <w id="10" lemma="|take|" pos="VBG" wid="10">taking</w>
  <w id="11" lemma="|part|" pos="NN" wid="11">part</w>
  <w id="12" lemma="|in|" pos="IN" wid="12">in</w>
  <w id="13" lemma="|today|" pos="NN" wid="13">today</w>
  <w id="14" lemma="|'s|" pos="POS" wid="14">'s</w>
  <w id="15" lemma="|audience|" pos="NN" wid="15">Audience</w>
  <w id="16" lemma="|,|" pos="," wid="16">,</w>
  <w id="17" lemma="|particularly|" pos="RB" wid="17">particularly</w>
  <w id="18" lemma="|those|" pos="DT" wid="18">those</w>
  <w id="19" lemma="|from|" pos="IN" wid="19">from</w>
  <w id="20" lemma="|England|" pos="NNP" wid="20">England</w>
  <w id="21" lemma="|,|" pos="," wid="21">,</w>
  <w id="22" lemma="|Ireland|" pos="NNP" wid="22">Ireland</w>
  <w id="23" lemma="|,|" pos="," wid="23">,</w>
  <w id="24" lemma="|Scotland|" pos="NNP" wid="24">Scotland</w>
  <w id="25" lemma="|,|" pos="," wid="25">,</w>
  <w id="26" lemma="|Norway|" pos="NNP" wid="26">Norway</w>
  <w id="27" lemma="|,|" pos="," wid="27">,</w>
  <w id="28" lemma="|Sweden|" pos="NNP" wid="28">Sweden</w>
  <w id="29" lemma="|,|" pos="," wid="29">,</w>
  <w id="30" lemma="|Vietnam|" pos="NNP" wid="30">Vietnam</w>
  <w id="31" lemma="|,|" pos="," wid="31">,</w>
  <w id="32" lemma="|China|" pos="NNP" wid="32">China</w>
  <w id="33" lemma="|,|" pos="," wid="33">,</w>
  <w id="34" lemma="|Indonesia|" pos="NNP" wid="34">Indonesia</w>
  <w id="35" lemma="|,|" pos="," wid="35">,</w>
  <w id="36" lemma="|the|" pos="DT" wid="36">the</w>
  <w id="37" lemma="|Philippines|" pos="NNPS" wid="37">Philippines</w>
  <w id="38" lemma="|,|" pos="," wid="38">,</w>
  <w id="39" lemma="|Nigeria|" pos="NNP" wid="39">Nigeria</w>
  <w id="40" lemma="|,|" pos="," wid="40">,</w>
  <w id="41" lemma="|Canada|" pos="NNP" wid="41">Canada</w>
  <w id="42" lemma="|and|" pos="CC" wid="42">and</w>
  <w id="43" lemma="|the|" pos="DT" wid="43">the</w>
  <w id="44" lemma="|United|" pos="NNP" wid="44">United</w>
  <w id="45" lemma="|States|" pos="NNPS" wid="45">States</w>
  <w id="46" lemma="|of|" pos="IN" wid="46">of</w>
  <w id="47" lemma="|America|" pos="NNP" wid="47">America</w>
  <w id="48" lemma="|.|" pos="." wid="48">.</w>
</sentence>
<sentence id="57">
  <w id="0" lemma="|with|" pos="IN" wid="0">With</w>
  <w id="1" lemma="|prayerful|" pos="JJ" wid="1">prayerful</w>
  <w id="2" lemma="|good|" pos="JJ" wid="2">good</w>
  <w id="3" lemma="|wish|" pos="NNS" wid="3">wishes</w>
  <w id="4" lemma="|that|" pos="IN" wid="4">that</w>
  <w id="5" lemma="|the|" pos="DT" wid="5">the</w>
  <w id="6" lemma="|present|" pos="JJ" wid="6">present</w>
  <w id="7" lemma="|jubilee|" pos="NN" wid="7">Jubilee</w>
  <w id="8" lemma="|of|" pos="IN" wid="8">of</w>
  <w id="9" lemma="|mercy|" pos="NN" wid="9">Mercy</w>
  <w id="10" lemma="|may|" pos="MD" wid="10">may</w>
  <w id="11" lemma="|be|" pos="VB" wid="11">be</w>
  <w id="12" lemma="|a|" pos="DT" wid="12">a</w>
  <w id="13" lemma="|moment|" pos="NN" wid="13">moment</w>
  <w id="14" lemma="|of|" pos="IN" wid="14">of</w>
  <w id="15" lemma="|grace|" pos="NN" wid="15">grace</w>
  <w id="16" lemma="|and|" pos="CC" wid="16">and</w>
  <w id="17" lemma="|spiritual|" pos="JJ" wid="17">spiritual</w>
  <w id="18" lemma="|renewal|" pos="NN" wid="18">renewal</w>
  <w id="19" lemma="|for|" pos="IN" wid="19">for</w>
  <w id="20" lemma="|you|" pos="PRP" wid="20">you</w>
  <w id="21" lemma="|and|" pos="CC" wid="21">and</w>
  <w id="22" lemma="|you|" pos="PRP$" wid="22">your</w>
  <w id="23" lemma="|family|" pos="NNS" wid="23">families</w>
  <w id="24" lemma="|,|" pos="," wid="24">,</w>
  <w id="25" lemma="|I|" pos="PRP" wid="25">I</w>
  <w id="26" lemma="|invoke|" pos="VBP" wid="26">invoke</w>
  <w id="27" lemma="|upon|" pos="IN" wid="27">upon</w>
  <w id="28" lemma="|all|" pos="DT" wid="28">all</w>
  <w id="29" lemma="|of|" pos="IN" wid="29">of</w>
  <w id="30" lemma="|you|" pos="PRP" wid="30">you</w>
  <w id="31" lemma="|joy|" pos="NN" wid="31">joy</w>
  <w id="32" lemma="|and|" pos="CC" wid="32">and</w>
  <w id="33" lemma="|peace|" pos="NN" wid="33">peace</w>
  <w id="34" lemma="|in|" pos="IN" wid="34">in</w>
  <w id="35" lemma="|we|" pos="PRP$" wid="35">our</w>
  <w id="36" lemma="|Lord|" pos="NNP" wid="36">Lord</w>
  <w id="37" lemma="|Jesus|" pos="NNP" wid="37">Jesus</w>
  <w id="38" lemma="|Christ|" pos="NNP" wid="38">Christ</w>
  <w id="39" lemma="|.|" pos="." wid="39">.</w>
</sentence>
<sentence id="58">
  <w id="0" lemma="|Friday|" pos="NNP" wid="0">Friday</w>
  <w id="1" lemma="|be|" pos="VBZ" wid="1">is</w>
  <w id="2" lemma="|the|" pos="DT" wid="2">the</w>
  <w id="3" lemma="|solemnity|" pos="NN" wid="3">Solemnity</w>
  <w id="4" lemma="|of|" pos="IN" wid="4">of</w>
  <w id="5" lemma="|the|" pos="DT" wid="5">the</w>
  <w id="6" lemma="|Most|" pos="NNP" wid="6">Most</w>
  <w id="7" lemma="|Sacred|" pos="NNP" wid="7">Sacred</w>
  <w id="8" lemma="|Heart|" pos="NNP" wid="8">Heart</w>
  <w id="9" lemma="|of|" pos="IN" wid="9">of</w>
  <w id="10" lemma="|Jesus|" pos="NNP" wid="10">Jesus</w>
  <w id="11" lemma="|,|" pos="," wid="11">,</w>
  <w id="12" lemma="|this|" pos="DT" wid="12">this</w>
  <w id="13" lemma="|year|" pos="NN" wid="13">year</w>
  <w id="14" lemma="|enrich|" pos="VBN" wid="14">enriched</w>
  <w id="15" lemma="|by|" pos="IN" wid="15">by</w>
  <w id="16" lemma="|the|" pos="DT" wid="16">the</w>
  <w id="17" lemma="|Jubilee|" pos="NNP" wid="17">Jubilee</w>
  <w id="18" lemma="|of|" pos="IN" wid="18">of</w>
  <w id="19" lemma="|Priests|" pos="NNPS" wid="19">Priests</w>
  <w id="20" lemma="|.|" pos="." wid="20">.</w>
</sentence>
<sentence id="59">
  <w id="0" lemma="|I|" pos="PRP" wid="0">I</w>
  <w id="1" lemma="|invite|" pos="VBP" wid="1">invite</w>
  <w id="2" lemma="|you|" pos="PRP" wid="2">you</w>
  <w id="3" lemma="|all|" pos="DT" wid="3">all</w>
  <w id="4" lemma="|to|" pos="TO" wid="4">to</w>
  <w id="5" lemma="|pray|" pos="VB" wid="5">pray</w>
  <w id="6" lemma="|throughout|" pos="IN" wid="6">throughout</w>
  <w id="7" lemma="|the|" pos="DT" wid="7">the</w>
  <w id="8" lemma="|month|" pos="NN" wid="8">month</w>
  <w id="9" lemma="|of|" pos="IN" wid="9">of</w>
  <w id="10" lemma="|June|" pos="NNP" wid="10">June</w>
  <w id="11" lemma="|to|" pos="TO" wid="11">to</w>
  <w id="12" lemma="|the|" pos="DT" wid="12">the</w>
  <w id="13" lemma="|Heart|" pos="NNP" wid="13">Heart</w>
  <w id="14" lemma="|of|" pos="IN" wid="14">of</w>
  <w id="15" lemma="|Jesus|" pos="NNP" wid="15">Jesus</w>
  <w id="16" lemma="|and|" pos="CC" wid="16">and</w>
  <w id="17" lemma="|to|" pos="TO" wid="17">to</w>
  <w id="18" lemma="|support|" pos="VB" wid="18">support</w>
  <w id="19" lemma="|you|" pos="PRP$" wid="19">your</w>
  <w id="20" lemma="|priest|" pos="NNS" wid="20">priests</w>
  <w id="21" lemma="|with|" pos="IN" wid="21">with</w>
  <w id="22" lemma="|closeness|" pos="NN" wid="22">closeness</w>
  <w id="23" lemma="|and|" pos="CC" wid="23">and</w>
  <w id="24" lemma="|warmth|" pos="NN" wid="24">warmth</w>
  <w id="25" lemma="|that|" pos="IN" wid="25">that</w>
  <w id="26" lemma="|they|" pos="PRP" wid="26">they</w>
  <w id="27" lemma="|may|" pos="MD" wid="27">may</w>
  <w id="28" lemma="|ever|" pos="RB" wid="28">ever</w>
  <w id="29" lemma="|more|" pos="RBR" wid="29">more</w>
  <w id="30" lemma="|clearly|" pos="RB" wid="30">clearly</w>
  <w id="31" lemma="|reflect|" pos="VBP" wid="31">reflect</w>
  <w id="32" lemma="|that|" pos="IN" wid="32">that</w>
  <w id="33" lemma="|Heart|" pos="NNP" wid="33">Heart</w>
  <w id="34" lemma="|fill|" pos="VBD" wid="34">filled</w>
  <w id="35" lemma="|with|" pos="IN" wid="35">with</w>
  <w id="36" lemma="|merciful|" pos="JJ" wid="36">merciful</w>
  <w id="37" lemma="|love|" pos="NN" wid="37">love</w>
  <w id="38" lemma="|.|" pos="." wid="38">.</w>
</sentence>
<sentence id="60">
  <w id="0" lemma="|I|" pos="PRP" wid="0">I</w>
  <w id="1" lemma="|extend|" pos="VBP" wid="1">extend</w>
  <w id="2" lemma="|a|" pos="DT" wid="2">a</w>
  <w id="3" lemma="|special|" pos="JJ" wid="3">special</w>
  <w id="4" lemma="|thought|" pos="NN" wid="4">thought</w>
  <w id="5" lemma="|to|" pos="TO" wid="5">to</w>
  <w id="6" lemma="|young|" pos="JJ" wid="6">young</w>
  <w id="7" lemma="|people|" pos="NNS" wid="7">people</w>
  <w id="8" lemma="|,|" pos="," wid="8">,</w>
  <w id="9" lemma="|to|" pos="TO" wid="9">to</w>
  <w id="10" lemma="|the|" pos="DT" wid="10">the</w>
  <w id="11" lemma="|sick|" pos="JJ" wid="11">sick</w>
  <w id="12" lemma="|and|" pos="CC" wid="12">and</w>
  <w id="13" lemma="|to|" pos="TO" wid="13">to</w>
  <w id="14" lemma="|newlywed|" pos="NNS" wid="14">newlyweds</w>
  <w id="15" lemma="|.|" pos="." wid="15">.</w>
</sentence>
<sentence id="61">
  <w id="0" lemma="|Dear|" pos="NNP" wid="0">Dear</w>
  <w id="1" lemma="|young|" pos="JJ" wid="1">young</w>
  <w id="2" lemma="|people|" pos="NNS" wid="2">people</w>
  <w id="3" lemma="|,|" pos="," wid="3">,</w>
  <w id="4" lemma="|draw|" pos="VBP" wid="4">draw</w>
  <w id="5" lemma="|from|" pos="IN" wid="5">from</w>
  <w id="6" lemma="|the|" pos="DT" wid="6">the</w>
  <w id="7" lemma="|Heart|" pos="NNP" wid="7">Heart</w>
  <w id="8" lemma="|of|" pos="IN" wid="8">of</w>
  <w id="9" lemma="|Jesus|" pos="NNP" wid="9">Jesus</w>
  <w id="10" lemma="|the|" pos="DT" wid="10">the</w>
  <w id="11" lemma="|nourishment|" pos="NN" wid="11">nourishment</w>
  <w id="12" lemma="|for|" pos="IN" wid="12">for</w>
  <w id="13" lemma="|you|" pos="PRP$" wid="13">your</w>
  <w id="14" lemma="|spiritual|" pos="JJ" wid="14">spiritual</w>
  <w id="15" lemma="|life|" pos="NN" wid="15">life</w>
  <w id="16" lemma="|,|" pos="," wid="16">,</w>
  <w id="17" lemma="|the|" pos="DT" wid="17">the</w>
  <w id="18" lemma="|font|" pos="NN" wid="18">font</w>
  <w id="19" lemma="|of|" pos="IN" wid="19">of</w>
  <w id="20" lemma="|you|" pos="PRP$" wid="20">your</w>
  <w id="21" lemma="|hope|" pos="NN" wid="21">hope</w>
  <w id="22" lemma="|;|" pos=":" wid="22">;</w>
  <w id="23" lemma="|dear|" pos="RB" wid="23">dear</w>
  <w id="24" lemma="|sick|" pos="JJ" wid="24">sick</w>
  <w id="25" lemma="|people|" pos="NNS" wid="25">people</w>
  <w id="26" lemma="|,|" pos="," wid="26">,</w>
  <w id="27" lemma="|offer|" pos="VB" wid="27">offer</w>
  <w id="28" lemma="|up|" pos="RP" wid="28">up</w>
  <w id="29" lemma="|you|" pos="PRP$" wid="29">your</w>
  <w id="30" lemma="|suffering|" pos="NN" wid="30">suffering</w>
  <w id="31" lemma="|to|" pos="TO" wid="31">to</w>
  <w id="32" lemma="|the|" pos="DT" wid="32">the</w>
  <w id="33" lemma="|Lord|" pos="NNP" wid="33">Lord</w>
  <w id="34" lemma="|,|" pos="," wid="34">,</w>
  <w id="35" lemma="|that|" pos="IN" wid="35">that</w>
  <w id="36" lemma="|he|" pos="PRP" wid="36">he</w>
  <w id="37" lemma="|may|" pos="MD" wid="37">may</w>
  <w id="38" lemma="|continue|" pos="VB" wid="38">continue</w>
  <w id="39" lemma="|to|" pos="TO" wid="39">to</w>
  <w id="40" lemma="|spread|" pos="VB" wid="40">spread</w>
  <w id="41" lemma="|he|" pos="PRP$" wid="41">his</w>
  <w id="42" lemma="|love|" pos="NN" wid="42">love</w>
  <w id="43" lemma="|in|" pos="IN" wid="43">in</w>
  <w id="44" lemma="|the|" pos="DT" wid="44">the</w>
  <w id="45" lemma="|heart|" pos="NNS" wid="45">hearts</w>
  <w id="46" lemma="|of|" pos="IN" wid="46">of</w>
  <w id="47" lemma="|man|" pos="NNS" wid="47">men</w>
  <w id="48" lemma="|;|" pos=":" wid="48">;</w>
  <w id="49" lemma="|and|" pos="CC" wid="49">and</w>
  <w id="50" lemma="|you|" pos="PRP" wid="50">you</w>
  <w id="51" lemma="|,|" pos="," wid="51">,</w>
  <w id="52" lemma="|dear|" pos="RB" wid="52">dear</w>
  <w id="53" lemma="|newlywed|" pos="NNS" wid="53">newlyweds</w>
  <w id="54" lemma="|,|" pos="," wid="54">,</w>
  <w id="55" lemma="|approach|" pos="VBP" wid="55">approach</w>
  <w id="56" lemma="|the|" pos="DT" wid="56">the</w>
  <w id="57" lemma="|Eucharist|" pos="NNP" wid="57">Eucharist</w>
  <w id="58" lemma="|regularly|" pos="RB" wid="58">regularly</w>
  <w id="59" lemma="|,|" pos="," wid="59">,</w>
  <w id="60" lemma="|that|" pos="IN" wid="60">that</w>
  <w id="61" lemma="|,|" pos="," wid="61">,</w>
  <w id="62" lemma="|nourish|" pos="VBN" wid="62">nourished</w>
  <w id="63" lemma="|by|" pos="IN" wid="63">by</w>
  <w id="64" lemma="|Christ|" pos="NNP" wid="64">Christ</w>
  <w id="65" lemma="|,|" pos="," wid="65">,</w>
  <w id="66" lemma="|you|" pos="PRP" wid="66">you</w>
  <w id="67" lemma="|may|" pos="MD" wid="67">may</w>
  <w id="68" lemma="|be|" pos="VB" wid="68">be</w>
  <w id="69" lemma="|christian|" pos="JJ" wid="69">Christian</w>
  <w id="70" lemma="|family|" pos="NNS" wid="70">families</w>
  <w id="71" lemma="|touch|" pos="VBN" wid="71">touched</w>
  <w id="72" lemma="|by|" pos="IN" wid="72">by</w>
  <w id="73" lemma="|the|" pos="DT" wid="73">the</w>
  <w id="74" lemma="|love|" pos="NN" wid="74">love</w>
  <w id="75" lemma="|of|" pos="IN" wid="75">of</w>
  <w id="76" lemma="|the|" pos="DT" wid="76">the</w>
  <w id="77" lemma="|Sacred|" pos="NNP" wid="77">Sacred</w>
  <w id="78" lemma="|Heart|" pos="NNP" wid="78">Heart</w>
  <w id="79" lemma="|.|" pos="." wid="79">.</w>
</sentence>
</corpus>