<corpus id="0">
<sentence id="0">
  <w id="0" lemma="|Dear|" pos="NNP" wid="0">Dear</w>
  <w id="1" lemma="|Brothers|" pos="NNPS" wid="1">Brothers</w>
  <w id="2" lemma="|and|" pos="CC" wid="2">and</w>
  <w id="3" lemma="|sister|" pos="NNS" wid="3">Sisters</w>
  <w id="4" lemma="|,|" pos="," wid="4">,</w>
  <w id="5" lemma="|good|" pos="JJ" wid="5">Good</w>
  <w id="6" lemma="|morning|" pos="NN" wid="6">morning</w>
  <w id="7" lemma="|,|" pos="," wid="7">,</w>
  <w id="8" lemma="|Today|" pos="NNP" wid="8">Today</w>
  <w id="9" lemma="|we|" pos="PRP$" wid="9">our</w>
  <w id="10" lemma="|Sunday|" pos="NNP" wid="10">Sunday</w>
  <w id="11" lemma="|meeting|" pos="NN" wid="11">meeting</w>
  <w id="12" lemma="|for|" pos="IN" wid="12">for</w>
  <w id="13" lemma="|the|" pos="DT" wid="13">the</w>
  <w id="14" lemma="|Angelus|" pos="NNP" wid="14">Angelus</w>
  <w id="15" lemma="|be|" pos="VBZ" wid="15">is</w>
  <w id="16" lemma="|take|" pos="VBG" wid="16">taking</w>
  <w id="17" lemma="|place|" pos="NN" wid="17">place</w>
  <w id="18" lemma="|here|" pos="RB" wid="18">here</w>
  <w id="19" lemma="|in|" pos="IN" wid="19">in</w>
  <w id="20" lemma="|Castel|" pos="NNP" wid="20">Castel</w>
  <w id="21" lemma="|Gandolfo|" pos="NNP" wid="21">Gandolfo</w>
  <w id="22" lemma="|.|" pos="." wid="22">.</w>
</sentence>
<sentence id="1">
  <w id="0" lemma="|I|" pos="PRP" wid="0">I</w>
  <w id="1" lemma="|greet|" pos="VBP" wid="1">greet</w>
  <w id="2" lemma="|the|" pos="DT" wid="2">the</w>
  <w id="3" lemma="|inhabitant|" pos="NNS" wid="3">inhabitants</w>
  <w id="4" lemma="|of|" pos="IN" wid="4">of</w>
  <w id="5" lemma="|this|" pos="DT" wid="5">this</w>
  <w id="6" lemma="|beautiful|" pos="JJ" wid="6">beautiful</w>
  <w id="7" lemma="|little|" pos="JJ" wid="7">little</w>
  <w id="8" lemma="|town|" pos="NN" wid="8">town</w>
  <w id="9" lemma="|!|" pos="." wid="9">!</w>
</sentence>
<sentence id="2">
  <w id="0" lemma="|above|" pos="IN" wid="0">Above</w>
  <w id="1" lemma="|all|" pos="DT" wid="1">all</w>
  <w id="2" lemma="|,|" pos="," wid="2">,</w>
  <w id="3" lemma="|I|" pos="PRP" wid="3">I</w>
  <w id="4" lemma="|would|" pos="MD" wid="4">would</w>
  <w id="5" lemma="|like|" pos="VB" wid="5">like</w>
  <w id="6" lemma="|to|" pos="TO" wid="6">to</w>
  <w id="7" lemma="|thank|" pos="VB" wid="7">thank</w>
  <w id="8" lemma="|you|" pos="PRP" wid="8">you</w>
  <w id="9" lemma="|for|" pos="IN" wid="9">for</w>
  <w id="10" lemma="|you|" pos="PRP$" wid="10">your</w>
  <w id="11" lemma="|prayer|" pos="NNS" wid="11">prayers</w>
  <w id="12" lemma="|,|" pos="," wid="12">,</w>
  <w id="13" lemma="|and|" pos="CC" wid="13">and</w>
  <w id="14" lemma="|I|" pos="PRP" wid="14">I</w>
  <w id="15" lemma="|do|" pos="VBP" wid="15">do</w>
  <w id="16" lemma="|this|" pos="DT" wid="16">this</w>
  <w id="17" lemma="|with|" pos="IN" wid="17">with</w>
  <w id="18" lemma="|all|" pos="DT" wid="18">all</w>
  <w id="19" lemma="|of|" pos="IN" wid="19">of</w>
  <w id="20" lemma="|you|" pos="PRP" wid="20">you</w>
  <w id="21" lemma="|who|" pos="WP" wid="21">who</w>
  <w id="22" lemma="|have|" pos="VBP" wid="22">have</w>
  <w id="23" lemma="|come|" pos="VBN" wid="23">come</w>
  <w id="24" lemma="|here|" pos="RB" wid="24">here</w>
  <w id="25" lemma="|in|" pos="IN" wid="25">in</w>
  <w id="26" lemma="|large|" pos="JJ" wid="26">large</w>
  <w id="27" lemma="|number|" pos="NNS" wid="27">numbers</w>
  <w id="28" lemma="|as|" pos="IN" wid="28">as</w>
  <w id="29" lemma="|pilgrim|" pos="NNS" wid="29">pilgrims</w>
  <w id="30" lemma="|.|" pos="." wid="30">.</w>
</sentence>
<sentence id="3">
  <w id="0" lemma="|today|" pos="NN" wid="0">Today</w>
  <w id="1" lemma="|'s|" pos="POS" wid="1">'s</w>
  <w id="2" lemma="|gospel|" pos="NN" wid="2">Gospel</w>
  <w id="3" lemma="|--|" pos=":" wid="3">--</w>
  <w id="4" lemma="|we|" pos="PRP" wid="4">we</w>
  <w id="5" lemma="|be|" pos="VBP" wid="5">are</w>
  <w id="6" lemma="|at|" pos="IN" wid="6">at</w>
  <w id="7" lemma="|Chapter|" pos="NNP" wid="7">Chapter</w>
  <w id="8" lemma="|10|" pos="CD" wid="8">10</w>
  <w id="9" lemma="|of|" pos="IN" wid="9">of</w>
  <w id="10" lemma="|Luke|" pos="NNP" wid="10">Luke</w>
  <w id="11" lemma="|--|" pos=":" wid="11">--</w>
  <w id="12" lemma="|be|" pos="VBZ" wid="12">is</w>
  <w id="13" lemma="|the|" pos="DT" wid="13">the</w>
  <w id="14" lemma="|famous|" pos="JJ" wid="14">famous</w>
  <w id="15" lemma="|parable|" pos="NN" wid="15">Parable</w>
  <w id="16" lemma="|of|" pos="IN" wid="16">of</w>
  <w id="17" lemma="|the|" pos="DT" wid="17">the</w>
  <w id="18" lemma="|Good|" pos="NNP" wid="18">Good</w>
  <w id="19" lemma="|Samaritan|" pos="NNP" wid="19">Samaritan</w>
  <w id="20" lemma="|.|" pos="." wid="20">.</w>
</sentence>
<sentence id="4">
  <w id="0" lemma="|who|" pos="WP" wid="0">Who</w>
  <w id="1" lemma="|be|" pos="VBD" wid="1">was</w>
  <w id="2" lemma="|this|" pos="DT" wid="2">this</w>
  <w id="3" lemma="|man|" pos="NN" wid="3">man</w>
  <w id="4" lemma="|?|" pos="." wid="4">?</w>
</sentence>
<sentence id="5">
  <w id="0" lemma="|he|" pos="PRP" wid="0">He</w>
  <w id="1" lemma="|be|" pos="VBD" wid="1">was</w>
  <w id="2" lemma="|a|" pos="DT" wid="2">an</w>
  <w id="3" lemma="|ordinary|" pos="JJ" wid="3">ordinary</w>
  <w id="4" lemma="|person|" pos="NN" wid="4">person</w>
  <w id="5" lemma="|come|" pos="VBG" wid="5">coming</w>
  <w id="6" lemma="|down|" pos="RB" wid="6">down</w>
  <w id="7" lemma="|from|" pos="IN" wid="7">from</w>
  <w id="8" lemma="|Jerusalem|" pos="NNP" wid="8">Jerusalem</w>
  <w id="9" lemma="|on|" pos="IN" wid="9">on</w>
  <w id="10" lemma="|he|" pos="PRP$" wid="10">his</w>
  <w id="11" lemma="|way|" pos="NN" wid="11">way</w>
  <w id="12" lemma="|to|" pos="TO" wid="12">to</w>
  <w id="13" lemma="|Jericho|" pos="NNP" wid="13">Jericho</w>
  <w id="14" lemma="|on|" pos="IN" wid="14">on</w>
  <w id="15" lemma="|the|" pos="DT" wid="15">the</w>
  <w id="16" lemma="|road|" pos="NN" wid="16">road</w>
  <w id="17" lemma="|that|" pos="WDT" wid="17">that</w>
  <w id="18" lemma="|cross|" pos="VBZ" wid="18">crosses</w>
  <w id="19" lemma="|the|" pos="DT" wid="19">the</w>
  <w id="20" lemma="|Judean|" pos="NNP" wid="20">Judean</w>
  <w id="21" lemma="|Desert|" pos="NNP" wid="21">Desert</w>
  <w id="22" lemma="|.|" pos="." wid="22">.</w>
</sentence>
<sentence id="6">
  <w id="0" lemma="|a|" pos="DT" wid="0">A</w>
  <w id="1" lemma="|short|" pos="JJ" wid="1">short</w>
  <w id="2" lemma="|time|" pos="NN" wid="2">time</w>
  <w id="3" lemma="|before|" pos="IN" wid="3">before</w>
  <w id="4" lemma="|,|" pos="," wid="4">,</w>
  <w id="5" lemma="|on|" pos="IN" wid="5">on</w>
  <w id="6" lemma="|that|" pos="DT" wid="6">that</w>
  <w id="7" lemma="|road|" pos="NN" wid="7">road</w>
  <w id="8" lemma="|a|" pos="DT" wid="8">a</w>
  <w id="9" lemma="|man|" pos="NN" wid="9">man</w>
  <w id="10" lemma="|have|" pos="VBD" wid="10">had</w>
  <w id="11" lemma="|be|" pos="VBN" wid="11">been</w>
  <w id="12" lemma="|attack|" pos="VBN" wid="12">attacked</w>
  <w id="13" lemma="|by|" pos="IN" wid="13">by</w>
  <w id="14" lemma="|brigand|" pos="NNS" wid="14">brigands</w>
  <w id="15" lemma="|,|" pos="," wid="15">,</w>
  <w id="16" lemma="|rob|" pos="VBN" wid="16">robbed</w>
  <w id="17" lemma="|,|" pos="," wid="17">,</w>
  <w id="18" lemma="|beat|" pos="VBN" wid="18">beaten</w>
  <w id="19" lemma="|and|" pos="CC" wid="19">and</w>
  <w id="20" lemma="|leave|" pos="VBN" wid="20">left</w>
  <w id="21" lemma="|half|" pos="JJ" wid="21">half</w>
  <w id="22" lemma="|dead|" pos="NN" wid="22">dead</w>
  <w id="23" lemma="|by|" pos="IN" wid="23">by</w>
  <w id="24" lemma="|the|" pos="DT" wid="24">the</w>
  <w id="25" lemma="|wayside|" pos="NN" wid="25">wayside</w>
  <w id="26" lemma="|.|" pos="." wid="26">.</w>
</sentence>
<sentence id="7">
  <w id="0" lemma="|before|" pos="IN" wid="0">Before</w>
  <w id="1" lemma="|the|" pos="DT" wid="1">the</w>
  <w id="2" lemma="|Samaritan|" pos="NNP" wid="2">Samaritan</w>
  <w id="3" lemma="|arrive|" pos="VBD" wid="3">arrived</w>
  <w id="4" lemma="|,|" pos="," wid="4">,</w>
  <w id="5" lemma="|a|" pos="DT" wid="5">a</w>
  <w id="6" lemma="|priest|" pos="NN" wid="6">priest</w>
  <w id="7" lemma="|as|" pos="RB" wid="7">as</w>
  <w id="8" lemma="|well|" pos="RB" wid="8">well</w>
  <w id="9" lemma="|as|" pos="IN" wid="9">as</w>
  <w id="10" lemma="|a|" pos="DT" wid="10">a</w>
  <w id="11" lemma="|Levite|" pos="NNP" wid="11">Levite</w>
  <w id="12" lemma="|have|" pos="VBD" wid="12">had</w>
  <w id="13" lemma="|pass|" pos="VBN" wid="13">passed</w>
  <w id="14" lemma="|by|" pos="IN" wid="14">by</w>
  <w id="15" lemma="|,|" pos="," wid="15">,</w>
  <w id="16" lemma="|that|" pos="DT" wid="16">that</w>
  <w id="17" lemma="|be|" pos="VBZ" wid="17">is</w>
  <w id="18" lemma="|,|" pos="," wid="18">,</w>
  <w id="19" lemma="|two|" pos="CD" wid="19">two</w>
  <w id="20" lemma="|people|" pos="NNS" wid="20">people</w>
  <w id="21" lemma="|associate|" pos="VBN" wid="21">associated</w>
  <w id="22" lemma="|with|" pos="IN" wid="22">with</w>
  <w id="23" lemma="|worship|" pos="NN" wid="23">worship</w>
  <w id="24" lemma="|in|" pos="IN" wid="24">in</w>
  <w id="25" lemma="|the|" pos="DT" wid="25">the</w>
  <w id="26" lemma="|Lord|" pos="NNP" wid="26">Lord</w>
  <w id="27" lemma="|'s|" pos="POS" wid="27">'s</w>
  <w id="28" lemma="|Temple|" pos="NNP" wid="28">Temple</w>
  <w id="29" lemma="|.|" pos="." wid="29">.</w>
</sentence>
<sentence id="8">
  <w id="0" lemma="|they|" pos="PRP" wid="0">They</w>
  <w id="1" lemma="|see|" pos="VBD" wid="1">saw</w>
  <w id="2" lemma="|the|" pos="DT" wid="2">the</w>
  <w id="3" lemma="|poor|" pos="JJ" wid="3">poor</w>
  <w id="4" lemma="|man|" pos="NN" wid="4">man</w>
  <w id="5" lemma="|,|" pos="," wid="5">,</w>
  <w id="6" lemma="|but|" pos="CC" wid="6">but</w>
  <w id="7" lemma="|pass|" pos="VBD" wid="7">passed</w>
  <w id="8" lemma="|he|" pos="PRP" wid="8">him</w>
  <w id="9" lemma="|by|" pos="IN" wid="9">by</w>
  <w id="10" lemma="|without|" pos="IN" wid="10">without</w>
  <w id="11" lemma="|stop|" pos="VBG" wid="11">stopping</w>
  <w id="12" lemma="|.|" pos="." wid="12">.</w>
</sentence>
<sentence id="9">
  <w id="0" lemma="|instead|" pos="RB" wid="0">Instead</w>
  <w id="1" lemma="|,|" pos="," wid="1">,</w>
  <w id="2" lemma="|when|" pos="WRB" wid="2">when</w>
  <w id="3" lemma="|the|" pos="DT" wid="3">the</w>
  <w id="4" lemma="|Samaritan|" pos="NNP" wid="4">Samaritan</w>
  <w id="5" lemma="|see|" pos="VBD" wid="5">saw</w>
  <w id="6" lemma="|that|" pos="DT" wid="6">that</w>
  <w id="7" lemma="|man|" pos="NN" wid="7">man</w>
  <w id="8" lemma="|,|" pos="," wid="8">,</w>
  <w id="9" lemma="|``|" pos="``" wid="9">``</w>
  <w id="10" lemma="|he|" pos="PRP" wid="10">he</w>
  <w id="11" lemma="|have|" pos="VBD" wid="11">had</w>
  <w id="12" lemma="|compassion|" pos="NN" wid="12">compassion</w>
  <w id="13" lemma="|''|" pos="''" wid="13">''</w>
  <w id="14" lemma="|-lrb-|" pos="-LRB-" wid="14">-LRB-</w>
  <w id="15" lemma="|lk|" pos="NN" wid="15">Lk</w>
  <w id="16" lemma="|10:33|" pos="CD" wid="16">10:33</w>
  <w id="17" lemma="|-rrb-|" pos="-RRB-" wid="17">-RRB-</w>
  <w id="18" lemma="|,|" pos="," wid="18">,</w>
  <w id="19" lemma="|the|" pos="DT" wid="19">the</w>
  <w id="20" lemma="|Gospel|" pos="NNP" wid="20">Gospel</w>
  <w id="21" lemma="|say|" pos="VBZ" wid="21">says</w>
  <w id="22" lemma="|.|" pos="." wid="22">.</w>
</sentence>
<sentence id="10">
  <w id="0" lemma="|he|" pos="PRP" wid="0">He</w>
  <w id="1" lemma="|go|" pos="VBD" wid="1">went</w>
  <w id="2" lemma="|to|" pos="TO" wid="2">to</w>
  <w id="3" lemma="|he|" pos="PRP" wid="3">him</w>
  <w id="4" lemma="|and|" pos="CC" wid="4">and</w>
  <w id="5" lemma="|bind|" pos="VBD" wid="5">bound</w>
  <w id="6" lemma="|up|" pos="RP" wid="6">up</w>
  <w id="7" lemma="|he|" pos="PRP$" wid="7">his</w>
  <w id="8" lemma="|wound|" pos="NNS" wid="8">wounds</w>
  <w id="9" lemma="|,|" pos="," wid="9">,</w>
  <w id="10" lemma="|pour|" pos="VBG" wid="10">pouring</w>
  <w id="11" lemma="|oil|" pos="NN" wid="11">oil</w>
  <w id="12" lemma="|and|" pos="CC" wid="12">and</w>
  <w id="13" lemma="|wine|" pos="NN" wid="13">wine</w>
  <w id="14" lemma="|on|" pos="IN" wid="14">on</w>
  <w id="15" lemma="|they|" pos="PRP" wid="15">them</w>
  <w id="16" lemma="|;|" pos=":" wid="16">;</w>
  <w id="17" lemma="|then|" pos="RB" wid="17">then</w>
  <w id="18" lemma="|he|" pos="PRP" wid="18">he</w>
  <w id="19" lemma="|set|" pos="VBD" wid="19">set</w>
  <w id="20" lemma="|he|" pos="PRP" wid="20">him</w>
  <w id="21" lemma="|on|" pos="IN" wid="21">on</w>
  <w id="22" lemma="|he|" pos="PRP$" wid="22">his</w>
  <w id="23" lemma="|own|" pos="JJ" wid="23">own</w>
  <w id="24" lemma="|mount|" pos="VB" wid="24">mount</w>
  <w id="25" lemma="|,|" pos="," wid="25">,</w>
  <w id="26" lemma="|take|" pos="VBD" wid="26">took</w>
  <w id="27" lemma="|he|" pos="PRP" wid="27">him</w>
  <w id="28" lemma="|to|" pos="TO" wid="28">to</w>
  <w id="29" lemma="|a|" pos="DT" wid="29">an</w>
  <w id="30" lemma="|inn|" pos="NN" wid="30">inn</w>
  <w id="31" lemma="|and|" pos="CC" wid="31">and</w>
  <w id="32" lemma="|pay|" pos="VBN" wid="32">paid</w>
  <w id="33" lemma="|for|" pos="IN" wid="33">for</w>
  <w id="34" lemma="|he|" pos="PRP$" wid="34">his</w>
  <w id="35" lemma="|board|" pos="NN" wid="35">board</w>
  <w id="36" lemma="|and|" pos="CC" wid="36">and</w>
  <w id="37" lemma="|lodging|" pos="NN" wid="37">lodging</w>
  <w id="38" lemma="|...|" pos=":" wid="38">...</w>
  <w id="39" lemma="|in|" pos="IN" wid="39">in</w>
  <w id="40" lemma="|short|" pos="JJ" wid="40">short</w>
  <w id="41" lemma="|,|" pos="," wid="41">,</w>
  <w id="42" lemma="|he|" pos="PRP" wid="42">he</w>
  <w id="43" lemma="|take|" pos="VBD" wid="43">took</w>
  <w id="44" lemma="|care|" pos="NN" wid="44">care</w>
  <w id="45" lemma="|of|" pos="IN" wid="45">of</w>
  <w id="46" lemma="|he|" pos="PRP" wid="46">him</w>
  <w id="47" lemma="|:|" pos=":" wid="47">:</w>
  <w id="48" lemma="|this|" pos="DT" wid="48">this</w>
  <w id="49" lemma="|be|" pos="VBZ" wid="49">is</w>
  <w id="50" lemma="|the|" pos="DT" wid="50">the</w>
  <w id="51" lemma="|example|" pos="NN" wid="51">example</w>
  <w id="52" lemma="|of|" pos="IN" wid="52">of</w>
  <w id="53" lemma="|love|" pos="NN" wid="53">love</w>
  <w id="54" lemma="|of|" pos="IN" wid="54">of</w>
  <w id="55" lemma="|neighbour|" pos="NN" wid="55">neighbour</w>
  <w id="56" lemma="|.|" pos="." wid="56">.</w>
</sentence>
<sentence id="11">
  <w id="0" lemma="|however|" pos="RB" wid="0">However</w>
  <w id="1" lemma="|,|" pos="," wid="1">,</w>
  <w id="2" lemma="|why|" pos="WRB" wid="2">why</w>
  <w id="3" lemma="|do|" pos="VBZ" wid="3">does</w>
  <w id="4" lemma="|Jesus|" pos="NNP" wid="4">Jesus</w>
  <w id="5" lemma="|choose|" pos="VB" wid="5">choose</w>
  <w id="6" lemma="|a|" pos="DT" wid="6">a</w>
  <w id="7" lemma="|Samaritan|" pos="NNP" wid="7">Samaritan</w>
  <w id="8" lemma="|to|" pos="TO" wid="8">to</w>
  <w id="9" lemma="|play|" pos="VB" wid="9">play</w>
  <w id="10" lemma="|the|" pos="DT" wid="10">the</w>
  <w id="11" lemma="|lead|" pos="NN" wid="11">lead</w>
  <w id="12" lemma="|in|" pos="IN" wid="12">in</w>
  <w id="13" lemma="|the|" pos="DT" wid="13">the</w>
  <w id="14" lemma="|parable|" pos="NN" wid="14">parable</w>
  <w id="15" lemma="|?|" pos="." wid="15">?</w>
</sentence>
<sentence id="12">
  <w id="0" lemma="|because|" pos="IN" wid="0">Because</w>
  <w id="1" lemma="|samaritan|" pos="NNS" wid="1">Samaritans</w>
  <w id="2" lemma="|be|" pos="VBD" wid="2">were</w>
  <w id="3" lemma="|despise|" pos="VBN" wid="3">despised</w>
  <w id="4" lemma="|by|" pos="IN" wid="4">by</w>
  <w id="5" lemma="|jew|" pos="NNS" wid="5">Jews</w>
  <w id="6" lemma="|on|" pos="IN" wid="6">on</w>
  <w id="7" lemma="|account|" pos="NN" wid="7">account</w>
  <w id="8" lemma="|of|" pos="IN" wid="8">of</w>
  <w id="9" lemma="|they|" pos="PRP$" wid="9">their</w>
  <w id="10" lemma="|different|" pos="JJ" wid="10">different</w>
  <w id="11" lemma="|religious|" pos="JJ" wid="11">religious</w>
  <w id="12" lemma="|tradition|" pos="NNS" wid="12">traditions</w>
  <w id="13" lemma="|;|" pos=":" wid="13">;</w>
  <w id="14" lemma="|and|" pos="CC" wid="14">and</w>
  <w id="15" lemma="|yet|" pos="RB" wid="15">yet</w>
  <w id="16" lemma="|Jesus|" pos="NNP" wid="16">Jesus</w>
  <w id="17" lemma="|show|" pos="VBZ" wid="17">shows</w>
  <w id="18" lemma="|that|" pos="IN" wid="18">that</w>
  <w id="19" lemma="|the|" pos="DT" wid="19">the</w>
  <w id="20" lemma="|heart|" pos="NN" wid="20">heart</w>
  <w id="21" lemma="|of|" pos="IN" wid="21">of</w>
  <w id="22" lemma="|that|" pos="DT" wid="22">that</w>
  <w id="23" lemma="|Samaritan|" pos="NNP" wid="23">Samaritan</w>
  <w id="24" lemma="|be|" pos="VBD" wid="24">was</w>
  <w id="25" lemma="|good|" pos="JJ" wid="25">good</w>
  <w id="26" lemma="|and|" pos="CC" wid="26">and</w>
  <w id="27" lemma="|generous|" pos="JJ" wid="27">generous</w>
  <w id="28" lemma="|and|" pos="CC" wid="28">and</w>
  <w id="29" lemma="|that|" pos="DT" wid="29">that</w>
  <w id="30" lemma="|--|" pos=":" wid="30">--</w>
  <w id="31" lemma="|unlike|" pos="IN" wid="31">unlike</w>
  <w id="32" lemma="|the|" pos="DT" wid="32">the</w>
  <w id="33" lemma="|priest|" pos="NN" wid="33">priest</w>
  <w id="34" lemma="|and|" pos="CC" wid="34">and</w>
  <w id="35" lemma="|the|" pos="DT" wid="35">the</w>
  <w id="36" lemma="|Levite|" pos="NNP" wid="36">Levite</w>
  <w id="37" lemma="|--|" pos=":" wid="37">--</w>
  <w id="38" lemma="|he|" pos="PRP" wid="38">he</w>
  <w id="39" lemma="|put|" pos="VBZ" wid="39">puts</w>
  <w id="40" lemma="|into|" pos="IN" wid="40">into</w>
  <w id="41" lemma="|practice|" pos="NN" wid="41">practice</w>
  <w id="42" lemma="|the|" pos="DT" wid="42">the</w>
  <w id="43" lemma="|will|" pos="NN" wid="43">will</w>
  <w id="44" lemma="|of|" pos="IN" wid="44">of</w>
  <w id="45" lemma="|God|" pos="NNP" wid="45">God</w>
  <w id="46" lemma="|who|" pos="WP" wid="46">who</w>
  <w id="47" lemma="|want|" pos="VBZ" wid="47">wants</w>
  <w id="48" lemma="|mercy|" pos="NN" wid="48">mercy</w>
  <w id="49" lemma="|rather|" pos="RB" wid="49">rather</w>
  <w id="50" lemma="|than|" pos="IN" wid="50">than</w>
  <w id="51" lemma="|sacrifice|" pos="NNS" wid="51">sacrifices</w>
  <w id="52" lemma="|-lrb-|" pos="-LRB-" wid="52">-LRB-</w>
  <w id="53" lemma="|cf|" pos="NN" wid="53">cf</w>
  <w id="54" lemma="|.|" pos="." wid="54">.</w>
</sentence>
<sentence id="13">
  <w id="0" lemma="|mk|" pos="NN" wid="0">Mk</w>
  <w id="1" lemma="|12:33|" pos="CD" wid="1">12:33</w>
  <w id="2" lemma="|-rrb-|" pos="-RRB-" wid="2">-RRB-</w>
  <w id="3" lemma="|.|" pos="." wid="3">.</w>
</sentence>
<sentence id="14">
  <w id="0" lemma="|God|" pos="NNP" wid="0">God</w>
  <w id="1" lemma="|always|" pos="RB" wid="1">always</w>
  <w id="2" lemma="|want|" pos="VBZ" wid="2">wants</w>
  <w id="3" lemma="|mercy|" pos="NN" wid="3">mercy</w>
  <w id="4" lemma="|and|" pos="CC" wid="4">and</w>
  <w id="5" lemma="|do|" pos="VBZ" wid="5">does</w>
  <w id="6" lemma="|not|" pos="RB" wid="6">not</w>
  <w id="7" lemma="|condemn|" pos="VB" wid="7">condemn</w>
  <w id="8" lemma="|it|" pos="PRP" wid="8">it</w>
  <w id="9" lemma="|in|" pos="IN" wid="9">in</w>
  <w id="10" lemma="|anyone|" pos="NN" wid="10">anyone</w>
  <w id="11" lemma="|.|" pos="." wid="11">.</w>
</sentence>
<sentence id="15">
  <w id="0" lemma="|he|" pos="PRP" wid="0">He</w>
  <w id="1" lemma="|want|" pos="VBZ" wid="1">wants</w>
  <w id="2" lemma="|heartfelt|" pos="JJ" wid="2">heartfelt</w>
  <w id="3" lemma="|mercy|" pos="NN" wid="3">mercy</w>
  <w id="4" lemma="|because|" pos="IN" wid="4">because</w>
  <w id="5" lemma="|he|" pos="PRP" wid="5">he</w>
  <w id="6" lemma="|be|" pos="VBZ" wid="6">is</w>
  <w id="7" lemma="|merciful|" pos="JJ" wid="7">merciful</w>
  <w id="8" lemma="|and|" pos="CC" wid="8">and</w>
  <w id="9" lemma="|can|" pos="MD" wid="9">can</w>
  <w id="10" lemma="|understand|" pos="VB" wid="10">understand</w>
  <w id="11" lemma="|well|" pos="RB" wid="11">well</w>
  <w id="12" lemma="|we|" pos="PRP$" wid="12">our</w>
  <w id="13" lemma="|misery|" pos="NN" wid="13">misery</w>
  <w id="14" lemma="|,|" pos="," wid="14">,</w>
  <w id="15" lemma="|we|" pos="PRP$" wid="15">our</w>
  <w id="16" lemma="|difficulty|" pos="NNS" wid="16">difficulties</w>
  <w id="17" lemma="|and|" pos="CC" wid="17">and</w>
  <w id="18" lemma="|also|" pos="RB" wid="18">also</w>
  <w id="19" lemma="|we|" pos="PRP$" wid="19">our</w>
  <w id="20" lemma="|sin|" pos="NNS" wid="20">sins</w>
  <w id="21" lemma="|.|" pos="." wid="21">.</w>
</sentence>
<sentence id="16">
  <w id="0" lemma="|he|" pos="PRP" wid="0">He</w>
  <w id="1" lemma="|give|" pos="VBZ" wid="1">gives</w>
  <w id="2" lemma="|all|" pos="DT" wid="2">all</w>
  <w id="3" lemma="|of|" pos="IN" wid="3">of</w>
  <w id="4" lemma="|we|" pos="PRP" wid="4">us</w>
  <w id="5" lemma="|this|" pos="DT" wid="5">this</w>
  <w id="6" lemma="|merciful|" pos="JJ" wid="6">merciful</w>
  <w id="7" lemma="|heart|" pos="NN" wid="7">heart</w>
  <w id="8" lemma="|of|" pos="IN" wid="8">of</w>
  <w id="9" lemma="|he|" pos="PRP$" wid="9">his</w>
  <w id="10" lemma="|!|" pos="." wid="10">!</w>
</sentence>
<sentence id="17">
  <w id="0" lemma="|the|" pos="DT" wid="0">The</w>
  <w id="1" lemma="|Samaritan|" pos="NNP" wid="1">Samaritan</w>
  <w id="2" lemma="|do|" pos="VBZ" wid="2">does</w>
  <w id="3" lemma="|precisely|" pos="RB" wid="3">precisely</w>
  <w id="4" lemma="|this|" pos="DT" wid="4">this</w>
  <w id="5" lemma="|:|" pos=":" wid="5">:</w>
  <w id="6" lemma="|he|" pos="PRP" wid="6">he</w>
  <w id="7" lemma="|really|" pos="RB" wid="7">really</w>
  <w id="8" lemma="|imitate|" pos="VBZ" wid="8">imitates</w>
  <w id="9" lemma="|the|" pos="DT" wid="9">the</w>
  <w id="10" lemma="|mercy|" pos="NN" wid="10">mercy</w>
  <w id="11" lemma="|of|" pos="IN" wid="11">of</w>
  <w id="12" lemma="|God|" pos="NNP" wid="12">God</w>
  <w id="13" lemma="|,|" pos="," wid="13">,</w>
  <w id="14" lemma="|mercy|" pos="NN" wid="14">mercy</w>
  <w id="15" lemma="|for|" pos="IN" wid="15">for</w>
  <w id="16" lemma="|those|" pos="DT" wid="16">those</w>
  <w id="17" lemma="|in|" pos="IN" wid="17">in</w>
  <w id="18" lemma="|need|" pos="NN" wid="18">need</w>
  <w id="19" lemma="|.|" pos="." wid="19">.</w>
</sentence>
<sentence id="18">
  <w id="0" lemma="|a|" pos="DT" wid="0">A</w>
  <w id="1" lemma="|man|" pos="NN" wid="1">man</w>
  <w id="2" lemma="|who|" pos="WP" wid="2">who</w>
  <w id="3" lemma="|live|" pos="VBD" wid="3">lived</w>
  <w id="4" lemma="|to|" pos="TO" wid="4">to</w>
  <w id="5" lemma="|the|" pos="DT" wid="5">the</w>
  <w id="6" lemma="|full|" pos="JJ" wid="6">full</w>
  <w id="7" lemma="|this|" pos="DT" wid="7">this</w>
  <w id="8" lemma="|gospel|" pos="NN" wid="8">Gospel</w>
  <w id="9" lemma="|of|" pos="IN" wid="9">of</w>
  <w id="10" lemma="|the|" pos="DT" wid="10">the</w>
  <w id="11" lemma="|Good|" pos="NNP" wid="11">Good</w>
  <w id="12" lemma="|Samaritan|" pos="NNP" wid="12">Samaritan</w>
  <w id="13" lemma="|be|" pos="VBZ" wid="13">is</w>
  <w id="14" lemma="|the|" pos="DT" wid="14">the</w>
  <w id="15" lemma="|Saint|" pos="NNP" wid="15">Saint</w>
  <w id="16" lemma="|we|" pos="PRP" wid="16">we</w>
  <w id="17" lemma="|be|" pos="VBP" wid="17">are</w>
  <w id="18" lemma="|commemorate|" pos="VBG" wid="18">commemorating</w>
  <w id="19" lemma="|today|" pos="NN" wid="19">today</w>
  <w id="20" lemma="|:|" pos=":" wid="20">:</w>
  <w id="21" lemma="|St|" pos="NNP" wid="21">St</w>
  <w id="22" lemma="|Camillus|" pos="NNP" wid="22">Camillus</w>
  <w id="23" lemma="|de|" pos="IN" wid="23">de</w>
  <w id="24" lemma="|Lellis|" pos="NNP" wid="24">Lellis</w>
  <w id="25" lemma="|,|" pos="," wid="25">,</w>
  <w id="26" lemma="|Founder|" pos="NNP" wid="26">Founder</w>
  <w id="27" lemma="|of|" pos="IN" wid="27">of</w>
  <w id="28" lemma="|the|" pos="DT" wid="28">the</w>
  <w id="29" lemma="|Clerks|" pos="NNPS" wid="29">Clerks</w>
  <w id="30" lemma="|regular|" pos="JJ" wid="30">Regular</w>
  <w id="31" lemma="|Ministers|" pos="NNPS" wid="31">Ministers</w>
  <w id="32" lemma="|to|" pos="TO" wid="32">to</w>
  <w id="33" lemma="|the|" pos="DT" wid="33">the</w>
  <w id="34" lemma="|Sick|" pos="NNP" wid="34">Sick</w>
  <w id="35" lemma="|,|" pos="," wid="35">,</w>
  <w id="36" lemma="|Patron|" pos="NNP" wid="36">Patron</w>
  <w id="37" lemma="|of|" pos="IN" wid="37">of</w>
  <w id="38" lemma="|ill|" pos="JJ" wid="38">ill</w>
  <w id="39" lemma="|people|" pos="NNS" wid="39">people</w>
  <w id="40" lemma="|and|" pos="CC" wid="40">and</w>
  <w id="41" lemma="|health-care|" pos="JJ" wid="41">health-care</w>
  <w id="42" lemma="|worker|" pos="NNS" wid="42">workers</w>
  <w id="43" lemma="|.|" pos="." wid="43">.</w>
</sentence>
<sentence id="19">
  <w id="0" lemma="|St|" pos="NNP" wid="0">St</w>
  <w id="1" lemma="|Camillus|" pos="NNP" wid="1">Camillus</w>
  <w id="2" lemma="|die|" pos="VBD" wid="2">died</w>
  <w id="3" lemma="|on|" pos="IN" wid="3">on</w>
  <w id="4" lemma="|14|" pos="CD" wid="4">14</w>
  <w id="5" lemma="|July|" pos="NNP" wid="5">July</w>
  <w id="6" lemma="|1614|" pos="CD" wid="6">1614</w>
  <w id="7" lemma="|:|" pos=":" wid="7">:</w>
  <w id="8" lemma="|this|" pos="DT" wid="8">this</w>
  <w id="9" lemma="|very|" pos="JJ" wid="9">very</w>
  <w id="10" lemma="|day|" pos="NN" wid="10">day</w>
  <w id="11" lemma="|he|" pos="PRP$" wid="11">his</w>
  <w id="12" lemma="|fourth|" pos="JJ" wid="12">fourth</w>
  <w id="13" lemma="|centenary|" pos="JJ" wid="13">centenary</w>
  <w id="14" lemma="|be|" pos="VBZ" wid="14">is</w>
  <w id="15" lemma="|be|" pos="VBG" wid="15">being</w>
  <w id="16" lemma="|inaugurate|" pos="VBN" wid="16">inaugurated</w>
  <w id="17" lemma="|and|" pos="CC" wid="17">and</w>
  <w id="18" lemma="|will|" pos="MD" wid="18">will</w>
  <w id="19" lemma="|end|" pos="VB" wid="19">end</w>
  <w id="20" lemma="|in|" pos="IN" wid="20">in</w>
  <w id="21" lemma="|a|" pos="DT" wid="21">a</w>
  <w id="22" lemma="|year|" pos="NN" wid="22">year</w>
  <w id="23" lemma="|.|" pos="." wid="23">.</w>
</sentence>
<sentence id="20">
  <w id="0" lemma="|I|" pos="PRP" wid="0">I</w>
  <w id="1" lemma="|greet|" pos="VBP" wid="1">greet</w>
  <w id="2" lemma="|with|" pos="IN" wid="2">with</w>
  <w id="3" lemma="|deep|" pos="JJ" wid="3">deep</w>
  <w id="4" lemma="|affection|" pos="NN" wid="4">affection</w>
  <w id="5" lemma="|all|" pos="PDT" wid="5">all</w>
  <w id="6" lemma="|the|" pos="DT" wid="6">the</w>
  <w id="7" lemma="|spiritual|" pos="JJ" wid="7">spiritual</w>
  <w id="8" lemma="|son|" pos="NNS" wid="8">sons</w>
  <w id="9" lemma="|and|" pos="CC" wid="9">and</w>
  <w id="10" lemma="|daughter|" pos="NNS" wid="10">daughters</w>
  <w id="11" lemma="|of|" pos="IN" wid="11">of</w>
  <w id="12" lemma="|St|" pos="NNP" wid="12">St</w>
  <w id="13" lemma="|Camillus|" pos="NNP" wid="13">Camillus</w>
  <w id="14" lemma="|who|" pos="WP" wid="14">who</w>
  <w id="15" lemma="|live|" pos="VBP" wid="15">live</w>
  <w id="16" lemma="|by|" pos="IN" wid="16">by</w>
  <w id="17" lemma="|he|" pos="PRP$" wid="17">his</w>
  <w id="18" lemma="|charism|" pos="NN" wid="18">charism</w>
  <w id="19" lemma="|of|" pos="IN" wid="19">of</w>
  <w id="20" lemma="|charity|" pos="NN" wid="20">charity</w>
  <w id="21" lemma="|in|" pos="IN" wid="21">in</w>
  <w id="22" lemma="|daily|" pos="JJ" wid="22">daily</w>
  <w id="23" lemma="|contact|" pos="NN" wid="23">contact</w>
  <w id="24" lemma="|with|" pos="IN" wid="24">with</w>
  <w id="25" lemma="|the|" pos="DT" wid="25">the</w>
  <w id="26" lemma="|sick|" pos="JJ" wid="26">sick</w>
  <w id="27" lemma="|.|" pos="." wid="27">.</w>
</sentence>
<sentence id="21">
  <w id="0" lemma="|be|" pos="VB" wid="0">Be</w>
  <w id="1" lemma="|``|" pos="``" wid="1">``</w>
  <w id="2" lemma="|good|" pos="JJ" wid="2">Good</w>
  <w id="3" lemma="|samaritan|" pos="NNS" wid="3">Samaritans</w>
  <w id="4" lemma="|''|" pos="''" wid="4">''</w>
  <w id="5" lemma="|as|" pos="IN" wid="5">as</w>
  <w id="6" lemma="|he|" pos="PRP" wid="6">he</w>
  <w id="7" lemma="|be|" pos="VBD" wid="7">was</w>
  <w id="8" lemma="|!|" pos="." wid="8">!</w>
</sentence>
<sentence id="22">
  <w id="0" lemma="|and|" pos="CC" wid="0">And</w>
  <w id="1" lemma="|I|" pos="PRP" wid="1">I</w>
  <w id="2" lemma="|hope|" pos="VBP" wid="2">hope</w>
  <w id="3" lemma="|that|" pos="IN" wid="3">that</w>
  <w id="4" lemma="|doctor|" pos="NNS" wid="4">doctors</w>
  <w id="5" lemma="|,|" pos="," wid="5">,</w>
  <w id="6" lemma="|nurse|" pos="NNS" wid="6">nurses</w>
  <w id="7" lemma="|and|" pos="CC" wid="7">and</w>
  <w id="8" lemma="|all|" pos="PDT" wid="8">all</w>
  <w id="9" lemma="|those|" pos="DT" wid="9">those</w>
  <w id="10" lemma="|who|" pos="WP" wid="10">who</w>
  <w id="11" lemma="|work|" pos="VBP" wid="11">work</w>
  <w id="12" lemma="|in|" pos="IN" wid="12">in</w>
  <w id="13" lemma="|hospital|" pos="NNS" wid="13">hospitals</w>
  <w id="14" lemma="|and|" pos="CC" wid="14">and</w>
  <w id="15" lemma="|clinic|" pos="NNS" wid="15">clinics</w>
  <w id="16" lemma="|may|" pos="MD" wid="16">may</w>
  <w id="17" lemma="|also|" pos="RB" wid="17">also</w>
  <w id="18" lemma="|be|" pos="VB" wid="18">be</w>
  <w id="19" lemma="|inspire|" pos="VBN" wid="19">inspired</w>
  <w id="20" lemma="|by|" pos="IN" wid="20">by</w>
  <w id="21" lemma="|the|" pos="DT" wid="21">the</w>
  <w id="22" lemma="|same|" pos="JJ" wid="22">same</w>
  <w id="23" lemma="|spirit|" pos="NN" wid="23">spirit</w>
  <w id="24" lemma="|.|" pos="." wid="24">.</w>
</sentence>
<sentence id="23">
  <w id="0" lemma="|let|" pos="VB" wid="0">Let</w>
  <w id="1" lemma="|we|" pos="PRP" wid="1">us</w>
  <w id="2" lemma="|entrust|" pos="VB" wid="2">entrust</w>
  <w id="3" lemma="|this|" pos="DT" wid="3">this</w>
  <w id="4" lemma="|intention|" pos="NN" wid="4">intention</w>
  <w id="5" lemma="|to|" pos="TO" wid="5">to</w>
  <w id="6" lemma="|the|" pos="DT" wid="6">the</w>
  <w id="7" lemma="|intercession|" pos="NN" wid="7">intercession</w>
  <w id="8" lemma="|of|" pos="IN" wid="8">of</w>
  <w id="9" lemma="|Mary|" pos="NNP" wid="9">Mary</w>
  <w id="10" lemma="|Most|" pos="NNP" wid="10">Most</w>
  <w id="11" lemma="|Holy|" pos="NNP" wid="11">Holy</w>
  <w id="12" lemma="|.|" pos="." wid="12">.</w>
</sentence>
<sentence id="24">
  <w id="0" lemma="|moreover|" pos="RB" wid="0">Moreover</w>
  <w id="1" lemma="|I|" pos="PRP" wid="1">I</w>
  <w id="2" lemma="|would|" pos="MD" wid="2">would</w>
  <w id="3" lemma="|like|" pos="VB" wid="3">like</w>
  <w id="4" lemma="|to|" pos="TO" wid="4">to</w>
  <w id="5" lemma="|entrust|" pos="VB" wid="5">entrust</w>
  <w id="6" lemma="|another|" pos="DT" wid="6">another</w>
  <w id="7" lemma="|intention|" pos="NN" wid="7">intention</w>
  <w id="8" lemma="|to|" pos="TO" wid="8">to</w>
  <w id="9" lemma="|Our|" pos="NNP" wid="9">Our</w>
  <w id="10" lemma="|Lady|" pos="NNP" wid="10">Lady</w>
  <w id="11" lemma="|,|" pos="," wid="11">,</w>
  <w id="12" lemma="|together|" pos="RB" wid="12">together</w>
  <w id="13" lemma="|with|" pos="IN" wid="13">with</w>
  <w id="14" lemma="|you|" pos="PRP" wid="14">you</w>
  <w id="15" lemma="|all|" pos="DT" wid="15">all</w>
  <w id="16" lemma="|.|" pos="." wid="16">.</w>
</sentence>
<sentence id="25">
  <w id="0" lemma="|the|" pos="DT" wid="0">The</w>
  <w id="1" lemma="|World|" pos="NNP" wid="1">World</w>
  <w id="2" lemma="|Youth|" pos="NNP" wid="2">Youth</w>
  <w id="3" lemma="|Day|" pos="NNP" wid="3">Day</w>
  <w id="4" lemma="|in|" pos="IN" wid="4">in</w>
  <w id="5" lemma="|Rio|" pos="NNP" wid="5">Rio</w>
  <w id="6" lemma="|de|" pos="IN" wid="6">de</w>
  <w id="7" lemma="|Janeiro|" pos="NNP" wid="7">Janeiro</w>
  <w id="8" lemma="|be|" pos="VBZ" wid="8">is</w>
  <w id="9" lemma="|now|" pos="RB" wid="9">now</w>
  <w id="10" lemma="|at|" pos="IN" wid="10">at</w>
  <w id="11" lemma="|hand|" pos="NN" wid="11">hand</w>
  <w id="12" lemma="|.|" pos="." wid="12">.</w>
</sentence>
<sentence id="26">
  <w id="0" lemma="|one|" pos="CD" wid="0">One</w>
  <w id="1" lemma="|can|" pos="MD" wid="1">can</w>
  <w id="2" lemma="|see|" pos="VB" wid="2">see</w>
  <w id="3" lemma="|that|" pos="IN" wid="3">that</w>
  <w id="4" lemma="|there|" pos="EX" wid="4">there</w>
  <w id="5" lemma="|be|" pos="VBP" wid="5">are</w>
  <w id="6" lemma="|many|" pos="JJ" wid="6">many</w>
  <w id="7" lemma="|young|" pos="JJ" wid="7">young</w>
  <w id="8" lemma="|people|" pos="NNS" wid="8">people</w>
  <w id="9" lemma="|here|" pos="RB" wid="9">here</w>
  <w id="10" lemma="|,|" pos="," wid="10">,</w>
  <w id="11" lemma="|but|" pos="CC" wid="11">but</w>
  <w id="12" lemma="|you|" pos="PRP" wid="12">you</w>
  <w id="13" lemma="|be|" pos="VBP" wid="13">are</w>
  <w id="14" lemma="|all|" pos="DT" wid="14">all</w>
  <w id="15" lemma="|young|" pos="JJ" wid="15">young</w>
  <w id="16" lemma="|at|" pos="IN" wid="16">at</w>
  <w id="17" lemma="|heart|" pos="NN" wid="17">heart</w>
  <w id="18" lemma="|!|" pos="." wid="18">!</w>
</sentence>
<sentence id="27">
  <w id="0" lemma="|I|" pos="PRP" wid="0">I</w>
  <w id="1" lemma="|shall|" pos="MD" wid="1">shall</w>
  <w id="2" lemma="|leave|" pos="VB" wid="2">leave</w>
  <w id="3" lemma="|in|" pos="IN" wid="3">in</w>
  <w id="4" lemma="|a|" pos="DT" wid="4">a</w>
  <w id="5" lemma="|week|" pos="NN" wid="5">week</w>
  <w id="6" lemma="|,|" pos="," wid="6">,</w>
  <w id="7" lemma="|but|" pos="CC" wid="7">but</w>
  <w id="8" lemma="|many|" pos="JJ" wid="8">many</w>
  <w id="9" lemma="|young|" pos="JJ" wid="9">young</w>
  <w id="10" lemma="|people|" pos="NNS" wid="10">people</w>
  <w id="11" lemma="|will|" pos="MD" wid="11">will</w>
  <w id="12" lemma="|set|" pos="VB" wid="12">set</w>
  <w id="13" lemma="|out|" pos="RP" wid="13">out</w>
  <w id="14" lemma="|for|" pos="IN" wid="14">for</w>
  <w id="15" lemma="|Brazil|" pos="NNP" wid="15">Brazil</w>
  <w id="16" lemma="|even|" pos="RB" wid="16">even</w>
  <w id="17" lemma="|sooner|" pos="RBR" wid="17">sooner</w>
  <w id="18" lemma="|.|" pos="." wid="18">.</w>
</sentence>
<sentence id="28">
  <w id="0" lemma="|let|" pos="VB" wid="0">Let</w>
  <w id="1" lemma="|we|" pos="PRP" wid="1">us</w>
  <w id="2" lemma="|therefore|" pos="RB" wid="2">therefore</w>
  <w id="3" lemma="|pray|" pos="VB" wid="3">pray</w>
  <w id="4" lemma="|for|" pos="IN" wid="4">for</w>
  <w id="5" lemma="|this|" pos="DT" wid="5">this</w>
  <w id="6" lemma="|great|" pos="JJ" wid="6">great</w>
  <w id="7" lemma="|pilgrimage|" pos="NN" wid="7">pilgrimage</w>
  <w id="8" lemma="|which|" pos="WDT" wid="8">which</w>
  <w id="9" lemma="|be|" pos="VBZ" wid="9">is</w>
  <w id="10" lemma="|begin|" pos="VBG" wid="10">beginning</w>
  <w id="11" lemma="|,|" pos="," wid="11">,</w>
  <w id="12" lemma="|that|" pos="IN" wid="12">that</w>
  <w id="13" lemma="|Our|" pos="NNP" wid="13">Our</w>
  <w id="14" lemma="|Lady|" pos="NNP" wid="14">Lady</w>
  <w id="15" lemma="|of|" pos="IN" wid="15">of</w>
  <w id="16" lemma="|Aparecida|" pos="NNP" wid="16">Aparecida</w>
  <w id="17" lemma="|,|" pos="," wid="17">,</w>
  <w id="18" lemma="|Patroness|" pos="NNP" wid="18">Patroness</w>
  <w id="19" lemma="|of|" pos="IN" wid="19">of</w>
  <w id="20" lemma="|Brazil|" pos="NNP" wid="20">Brazil</w>
  <w id="21" lemma="|,|" pos="," wid="21">,</w>
  <w id="22" lemma="|may|" pos="MD" wid="22">may</w>
  <w id="23" lemma="|guide|" pos="VB" wid="23">guide</w>
  <w id="24" lemma="|the|" pos="DT" wid="24">the</w>
  <w id="25" lemma="|footstep|" pos="NNS" wid="25">footsteps</w>
  <w id="26" lemma="|of|" pos="IN" wid="26">of</w>
  <w id="27" lemma="|the|" pos="DT" wid="27">the</w>
  <w id="28" lemma="|participant|" pos="NNS" wid="28">participants</w>
  <w id="29" lemma="|and|" pos="CC" wid="29">and</w>
  <w id="30" lemma="|open|" pos="VB" wid="30">open</w>
  <w id="31" lemma="|they|" pos="PRP$" wid="31">their</w>
  <w id="32" lemma="|heart|" pos="NNS" wid="32">hearts</w>
  <w id="33" lemma="|to|" pos="TO" wid="33">to</w>
  <w id="34" lemma="|accept|" pos="VBG" wid="34">accepting</w>
  <w id="35" lemma="|the|" pos="DT" wid="35">the</w>
  <w id="36" lemma="|mission|" pos="NN" wid="36">mission</w>
  <w id="37" lemma="|that|" pos="IN" wid="37">that</w>
  <w id="38" lemma="|Christ|" pos="NNP" wid="38">Christ</w>
  <w id="39" lemma="|will|" pos="MD" wid="39">will</w>
  <w id="40" lemma="|give|" pos="VB" wid="40">give</w>
  <w id="41" lemma="|they|" pos="PRP" wid="41">them</w>
  <w id="42" lemma="|.|" pos="." wid="42">.</w>
</sentence>
<sentence id="29">
  <w id="0" lemma="|after|" pos="IN" wid="0">After</w>
  <w id="1" lemma="|the|" pos="DT" wid="1">the</w>
  <w id="2" lemma="|Angelus|" pos="NNP" wid="2">Angelus</w>
  <w id="3" lemma="|Dear|" pos="NNP" wid="3">Dear</w>
  <w id="4" lemma="|Brothers|" pos="NNPS" wid="4">Brothers</w>
  <w id="5" lemma="|and|" pos="CC" wid="5">and</w>
  <w id="6" lemma="|sister|" pos="NNS" wid="6">Sisters</w>
  <w id="7" lemma="|,|" pos="," wid="7">,</w>
  <w id="8" lemma="|I|" pos="PRP" wid="8">I</w>
  <w id="9" lemma="|join|" pos="VBP" wid="9">join</w>
  <w id="10" lemma="|in|" pos="IN" wid="10">in</w>
  <w id="11" lemma="|prayer|" pos="NN" wid="11">prayer</w>
  <w id="12" lemma="|the|" pos="DT" wid="12">the</w>
  <w id="13" lemma="|Prelates|" pos="NNPS" wid="13">Prelates</w>
  <w id="14" lemma="|and|" pos="CC" wid="14">and</w>
  <w id="15" lemma="|faithful|" pos="NN" wid="15">faithful</w>
  <w id="16" lemma="|of|" pos="IN" wid="16">of</w>
  <w id="17" lemma="|the|" pos="DT" wid="17">the</w>
  <w id="18" lemma="|Church|" pos="NNP" wid="18">Church</w>
  <w id="19" lemma="|in|" pos="IN" wid="19">in</w>
  <w id="20" lemma="|Ukraine|" pos="NNP" wid="20">Ukraine</w>
  <w id="21" lemma="|,|" pos="," wid="21">,</w>
  <w id="22" lemma="|gather|" pos="VBN" wid="22">gathered</w>
  <w id="23" lemma="|in|" pos="IN" wid="23">in</w>
  <w id="24" lemma="|the|" pos="DT" wid="24">the</w>
  <w id="25" lemma="|Cathedral|" pos="NNP" wid="25">Cathedral</w>
  <w id="26" lemma="|of|" pos="IN" wid="26">of</w>
  <w id="27" lemma="|Lutsk|" pos="NNP" wid="27">Lutsk</w>
  <w id="28" lemma="|for|" pos="IN" wid="28">for</w>
  <w id="29" lemma="|a|" pos="DT" wid="29">a</w>
  <w id="30" lemma="|Holy|" pos="NNP" wid="30">Holy</w>
  <w id="31" lemma="|Mass|" pos="NNP" wid="31">Mass</w>
  <w id="32" lemma="|of|" pos="IN" wid="32">of</w>
  <w id="33" lemma="|suffrage|" pos="NN" wid="33">suffrage</w>
  <w id="34" lemma="|on|" pos="IN" wid="34">on</w>
  <w id="35" lemma="|the|" pos="DT" wid="35">the</w>
  <w id="36" lemma="|70th|" pos="JJ" wid="36">70th</w>
  <w id="37" lemma="|anniversary|" pos="NN" wid="37">anniversary</w>
  <w id="38" lemma="|of|" pos="IN" wid="38">of</w>
  <w id="39" lemma="|the|" pos="DT" wid="39">the</w>
  <w id="40" lemma="|Volhynia|" pos="NNP" wid="40">Volhynia</w>
  <w id="41" lemma="|massacre|" pos="NNS" wid="41">massacres</w>
  <w id="42" lemma="|.|" pos="." wid="42">.</w>
</sentence>
<sentence id="30">
  <w id="0" lemma="|these|" pos="DT" wid="0">These</w>
  <w id="1" lemma="|act|" pos="NNS" wid="1">acts</w>
  <w id="2" lemma="|,|" pos="," wid="2">,</w>
  <w id="3" lemma="|incite|" pos="VBN" wid="3">incited</w>
  <w id="4" lemma="|by|" pos="IN" wid="4">by</w>
  <w id="5" lemma="|the|" pos="DT" wid="5">the</w>
  <w id="6" lemma="|nationalist|" pos="JJ" wid="6">nationalist</w>
  <w id="7" lemma="|ideology|" pos="NN" wid="7">ideology</w>
  <w id="8" lemma="|in|" pos="IN" wid="8">in</w>
  <w id="9" lemma="|the|" pos="DT" wid="9">the</w>
  <w id="10" lemma="|tragic|" pos="JJ" wid="10">tragic</w>
  <w id="11" lemma="|context|" pos="NN" wid="11">context</w>
  <w id="12" lemma="|of|" pos="IN" wid="12">of</w>
  <w id="13" lemma="|the|" pos="DT" wid="13">the</w>
  <w id="14" lemma="|Second|" pos="NNP" wid="14">Second</w>
  <w id="15" lemma="|World|" pos="NNP" wid="15">World</w>
  <w id="16" lemma="|War|" pos="NNP" wid="16">War</w>
  <w id="17" lemma="|,|" pos="," wid="17">,</w>
  <w id="18" lemma="|take|" pos="VBD" wid="18">took</w>
  <w id="19" lemma="|a|" pos="DT" wid="19">a</w>
  <w id="20" lemma="|toll|" pos="NN" wid="20">toll</w>
  <w id="21" lemma="|of|" pos="IN" wid="21">of</w>
  <w id="22" lemma="|ten|" pos="NNS" wid="22">tens</w>
  <w id="23" lemma="|of|" pos="IN" wid="23">of</w>
  <w id="24" lemma="|thousand|" pos="NNS" wid="24">thousands</w>
  <w id="25" lemma="|of|" pos="IN" wid="25">of</w>
  <w id="26" lemma="|victim|" pos="NNS" wid="26">victims</w>
  <w id="27" lemma="|and|" pos="CC" wid="27">and</w>
  <w id="28" lemma="|wound|" pos="VBD" wid="28">wounded</w>
  <w id="29" lemma="|the|" pos="DT" wid="29">the</w>
  <w id="30" lemma="|brotherhood|" pos="NN" wid="30">brotherhood</w>
  <w id="31" lemma="|of|" pos="IN" wid="31">of</w>
  <w id="32" lemma="|two|" pos="CD" wid="32">two</w>
  <w id="33" lemma="|people|" pos="NNS" wid="33">peoples</w>
  <w id="34" lemma="|,|" pos="," wid="34">,</w>
  <w id="35" lemma="|the|" pos="DT" wid="35">the</w>
  <w id="36" lemma="|Polish|" pos="NNP" wid="36">Polish</w>
  <w id="37" lemma="|and|" pos="CC" wid="37">and</w>
  <w id="38" lemma="|the|" pos="DT" wid="38">the</w>
  <w id="39" lemma="|ukrainian|" pos="JJ" wid="39">Ukrainian</w>
  <w id="40" lemma="|.|" pos="." wid="40">.</w>
</sentence>
<sentence id="31">
  <w id="0" lemma="|I|" pos="PRP" wid="0">I</w>
  <w id="1" lemma="|entrust|" pos="VBP" wid="1">entrust</w>
  <w id="2" lemma="|the|" pos="DT" wid="2">the</w>
  <w id="3" lemma="|victim|" pos="NNS" wid="3">victims</w>
  <w id="4" lemma="|'|" pos="POS" wid="4">'</w>
  <w id="5" lemma="|soul|" pos="NNS" wid="5">souls</w>
  <w id="6" lemma="|to|" pos="TO" wid="6">to</w>
  <w id="7" lemma="|God|" pos="NNP" wid="7">God</w>
  <w id="8" lemma="|'s|" pos="POS" wid="8">'s</w>
  <w id="9" lemma="|mercy|" pos="NN" wid="9">mercy</w>
  <w id="10" lemma="|and|" pos="CC" wid="10">and</w>
  <w id="11" lemma="|for|" pos="IN" wid="11">for</w>
  <w id="12" lemma="|they|" pos="PRP$" wid="12">their</w>
  <w id="13" lemma="|people|" pos="NNS" wid="13">peoples</w>
  <w id="14" lemma="|I|" pos="PRP" wid="14">I</w>
  <w id="15" lemma="|ask|" pos="VBP" wid="15">ask</w>
  <w id="16" lemma="|the|" pos="DT" wid="16">the</w>
  <w id="17" lemma="|grace|" pos="NN" wid="17">grace</w>
  <w id="18" lemma="|of|" pos="IN" wid="18">of</w>
  <w id="19" lemma="|profound|" pos="JJ" wid="19">profound</w>
  <w id="20" lemma="|reconciliation|" pos="NN" wid="20">reconciliation</w>
  <w id="21" lemma="|and|" pos="CC" wid="21">and</w>
  <w id="22" lemma="|a|" pos="DT" wid="22">a</w>
  <w id="23" lemma="|serene|" pos="JJ" wid="23">serene</w>
  <w id="24" lemma="|future|" pos="NN" wid="24">future</w>
  <w id="25" lemma="|in|" pos="IN" wid="25">in</w>
  <w id="26" lemma="|hope|" pos="NN" wid="26">hope</w>
  <w id="27" lemma="|and|" pos="CC" wid="27">and</w>
  <w id="28" lemma="|in|" pos="IN" wid="28">in</w>
  <w id="29" lemma="|sincere|" pos="JJ" wid="29">sincere</w>
  <w id="30" lemma="|collaboration|" pos="NN" wid="30">collaboration</w>
  <w id="31" lemma="|for|" pos="IN" wid="31">for</w>
  <w id="32" lemma="|the|" pos="DT" wid="32">the</w>
  <w id="33" lemma="|common|" pos="JJ" wid="33">common</w>
  <w id="34" lemma="|edification|" pos="NN" wid="34">edification</w>
  <w id="35" lemma="|of|" pos="IN" wid="35">of</w>
  <w id="36" lemma="|the|" pos="DT" wid="36">the</w>
  <w id="37" lemma="|Kingdom|" pos="NNP" wid="37">Kingdom</w>
  <w id="38" lemma="|of|" pos="IN" wid="38">of</w>
  <w id="39" lemma="|God|" pos="NNP" wid="39">God</w>
  <w id="40" lemma="|.|" pos="." wid="40">.</w>
</sentence>
<sentence id="32">
  <w id="0" lemma="|I|" pos="PRP" wid="0">I</w>
  <w id="1" lemma="|be|" pos="VBP" wid="1">am</w>
  <w id="2" lemma="|also|" pos="RB" wid="2">also</w>
  <w id="3" lemma="|think|" pos="VBG" wid="3">thinking</w>
  <w id="4" lemma="|of|" pos="IN" wid="4">of</w>
  <w id="5" lemma="|the|" pos="DT" wid="5">the</w>
  <w id="6" lemma="|Pastors|" pos="NNPS" wid="6">Pastors</w>
  <w id="7" lemma="|and|" pos="CC" wid="7">and</w>
  <w id="8" lemma="|faithful|" pos="NN" wid="8">faithful</w>
  <w id="9" lemma="|who|" pos="WP" wid="9">who</w>
  <w id="10" lemma="|be|" pos="VBP" wid="10">are</w>
  <w id="11" lemma="|take|" pos="VBG" wid="11">taking</w>
  <w id="12" lemma="|part|" pos="NN" wid="12">part</w>
  <w id="13" lemma="|in|" pos="IN" wid="13">in</w>
  <w id="14" lemma="|the|" pos="DT" wid="14">the</w>
  <w id="15" lemma="|pilgrimage|" pos="NN" wid="15">pilgrimage</w>
  <w id="16" lemma="|of|" pos="IN" wid="16">of</w>
  <w id="17" lemma="|the|" pos="DT" wid="17">the</w>
  <w id="18" lemma="|Family|" pos="NNP" wid="18">Family</w>
  <w id="19" lemma="|of|" pos="IN" wid="19">of</w>
  <w id="20" lemma="|Radio|" pos="NNP" wid="20">Radio</w>
  <w id="21" lemma="|Maria|" pos="NNP" wid="21">Maria</w>
  <w id="22" lemma="|to|" pos="TO" wid="22">to</w>
  <w id="23" lemma="|Jasna|" pos="NNP" wid="23">Jasna</w>
  <w id="24" lemma="|Góra|" pos="NNP" wid="24">Góra</w>
  <w id="25" lemma="|,|" pos="," wid="25">,</w>
  <w id="26" lemma="|Cz|" pos="NNP" wid="26">Cz</w>
  <w id="27" lemma="|?|" pos="." wid="27">?</w>
</sentence>
<sentence id="33">
  <w id="0" lemma="|stochowa|" pos="NN" wid="0">stochowa</w>
  <w id="1" lemma="|.|" pos="." wid="1">.</w>
</sentence>
<sentence id="34">
  <w id="0" lemma="|I|" pos="PRP" wid="0">I</w>
  <w id="1" lemma="|entrust|" pos="VBP" wid="1">entrust</w>
  <w id="2" lemma="|you|" pos="PRP" wid="2">you</w>
  <w id="3" lemma="|to|" pos="TO" wid="3">to</w>
  <w id="4" lemma="|the|" pos="DT" wid="4">the</w>
  <w id="5" lemma="|protection|" pos="NN" wid="5">protection</w>
  <w id="6" lemma="|of|" pos="IN" wid="6">of</w>
  <w id="7" lemma="|the|" pos="DT" wid="7">the</w>
  <w id="8" lemma="|Mother|" pos="NNP" wid="8">Mother</w>
  <w id="9" lemma="|of|" pos="IN" wid="9">of</w>
  <w id="10" lemma="|God|" pos="NNP" wid="10">God</w>
  <w id="11" lemma="|and|" pos="CC" wid="11">and</w>
  <w id="12" lemma="|impart|" pos="VB" wid="12">impart</w>
  <w id="13" lemma="|to|" pos="TO" wid="13">to</w>
  <w id="14" lemma="|you|" pos="PRP" wid="14">you</w>
  <w id="15" lemma="|a|" pos="DT" wid="15">a</w>
  <w id="16" lemma="|heartfelt|" pos="JJ" wid="16">heartfelt</w>
  <w id="17" lemma="|blessing|" pos="NN" wid="17">blessing</w>
  <w id="18" lemma="|.|" pos="." wid="18">.</w>
</sentence>
<sentence id="35">
  <w id="0" lemma="|I|" pos="PRP" wid="0">I</w>
  <w id="1" lemma="|greet|" pos="VBP" wid="1">greet</w>
  <w id="2" lemma="|with|" pos="IN" wid="2">with</w>
  <w id="3" lemma="|affection|" pos="NN" wid="3">affection</w>
  <w id="4" lemma="|the|" pos="DT" wid="4">the</w>
  <w id="5" lemma="|faithful|" pos="NN" wid="5">faithful</w>
  <w id="6" lemma="|of|" pos="IN" wid="6">of</w>
  <w id="7" lemma="|the|" pos="DT" wid="7">the</w>
  <w id="8" lemma="|Diocese|" pos="NNP" wid="8">Diocese</w>
  <w id="9" lemma="|of|" pos="IN" wid="9">of</w>
  <w id="10" lemma="|Albano|" pos="NNP" wid="10">Albano</w>
  <w id="11" lemma="|!|" pos="." wid="11">!</w>
</sentence>
<sentence id="36">
  <w id="0" lemma="|I|" pos="PRP" wid="0">I</w>
  <w id="1" lemma="|invoke|" pos="VBP" wid="1">invoke</w>
  <w id="2" lemma="|upon|" pos="IN" wid="2">upon</w>
  <w id="3" lemma="|they|" pos="PRP" wid="3">them</w>
  <w id="4" lemma="|the|" pos="DT" wid="4">the</w>
  <w id="5" lemma="|protection|" pos="NN" wid="5">protection</w>
  <w id="6" lemma="|of|" pos="IN" wid="6">of</w>
  <w id="7" lemma="|St|" pos="NNP" wid="7">St</w>
  <w id="8" lemma="|Bonaventure|" pos="NNP" wid="8">Bonaventure</w>
  <w id="9" lemma="|,|" pos="," wid="9">,</w>
  <w id="10" lemma="|they|" pos="PRP$" wid="10">their</w>
  <w id="11" lemma="|patron|" pos="NN" wid="11">Patron</w>
  <w id="12" lemma="|,|" pos="," wid="12">,</w>
  <w id="13" lemma="|whose|" pos="WP$" wid="13">whose</w>
  <w id="14" lemma="|feast|" pos="NN" wid="14">feast</w>
  <w id="15" lemma="|the|" pos="DT" wid="15">the</w>
  <w id="16" lemma="|Church|" pos="NNP" wid="16">Church</w>
  <w id="17" lemma="|will|" pos="MD" wid="17">will</w>
  <w id="18" lemma="|be|" pos="VB" wid="18">be</w>
  <w id="19" lemma="|celebrate|" pos="VBG" wid="19">celebrating</w>
  <w id="20" lemma="|tomorrow|" pos="NN" wid="20">tomorrow</w>
  <w id="21" lemma="|.|" pos="." wid="21">.</w>
</sentence>
<sentence id="37">
  <w id="0" lemma="|may|" pos="MD" wid="0">May</w>
  <w id="1" lemma="|it|" pos="PRP" wid="1">it</w>
  <w id="2" lemma="|be|" pos="VB" wid="2">be</w>
  <w id="3" lemma="|a|" pos="DT" wid="3">a</w>
  <w id="4" lemma="|beautiful|" pos="JJ" wid="4">beautiful</w>
  <w id="5" lemma="|feast|" pos="NN" wid="5">feast</w>
  <w id="6" lemma="|with|" pos="IN" wid="6">with</w>
  <w id="7" lemma="|my|" pos="PRP$" wid="7">my</w>
  <w id="8" lemma="|good|" pos="JJ" wid="8">good</w>
  <w id="9" lemma="|wish|" pos="NNS" wid="9">wishes</w>
  <w id="10" lemma="|!|" pos="." wid="10">!</w>
</sentence>
<sentence id="38">
  <w id="0" lemma="|I|" pos="PRP" wid="0">I</w>
  <w id="1" lemma="|should|" pos="MD" wid="1">should</w>
  <w id="2" lemma="|like|" pos="VB" wid="2">like</w>
  <w id="3" lemma="|to|" pos="TO" wid="3">to</w>
  <w id="4" lemma="|send|" pos="VB" wid="4">send</w>
  <w id="5" lemma="|you|" pos="PRP" wid="5">you</w>
  <w id="6" lemma="|a|" pos="DT" wid="6">a</w>
  <w id="7" lemma="|cake|" pos="NN" wid="7">cake</w>
  <w id="8" lemma="|,|" pos="," wid="8">,</w>
  <w id="9" lemma="|but|" pos="CC" wid="9">but</w>
  <w id="10" lemma="|I|" pos="PRP" wid="10">I</w>
  <w id="11" lemma="|do|" pos="VBP" wid="11">do</w>
  <w id="12" lemma="|not|" pos="RB" wid="12">not</w>
  <w id="13" lemma="|know|" pos="VB" wid="13">know</w>
  <w id="14" lemma="|whether|" pos="IN" wid="14">whether</w>
  <w id="15" lemma="|such|" pos="PDT" wid="15">such</w>
  <w id="16" lemma="|a|" pos="DT" wid="16">a</w>
  <w id="17" lemma="|big|" pos="JJ" wid="17">big</w>
  <w id="18" lemma="|one|" pos="NN" wid="18">one</w>
  <w id="19" lemma="|can|" pos="MD" wid="19">can</w>
  <w id="20" lemma="|be|" pos="VB" wid="20">be</w>
  <w id="21" lemma="|make|" pos="VBN" wid="21">made</w>
  <w id="22" lemma="|.|" pos="." wid="22">.</w>
</sentence>
<sentence id="39">
  <w id="0" lemma="|I|" pos="PRP" wid="0">I</w>
  <w id="1" lemma="|greet|" pos="VBP" wid="1">greet</w>
  <w id="2" lemma="|all|" pos="PDT" wid="2">all</w>
  <w id="3" lemma="|the|" pos="DT" wid="3">the</w>
  <w id="4" lemma="|pilgrim|" pos="NNS" wid="4">pilgrims</w>
  <w id="5" lemma="|who|" pos="WP" wid="5">who</w>
  <w id="6" lemma="|be|" pos="VBP" wid="6">are</w>
  <w id="7" lemma="|present|" pos="JJ" wid="7">present</w>
  <w id="8" lemma="|here|" pos="RB" wid="8">here</w>
  <w id="9" lemma="|:|" pos=":" wid="9">:</w>
  <w id="10" lemma="|the|" pos="DT" wid="10">the</w>
  <w id="11" lemma="|parish|" pos="NN" wid="11">parish</w>
  <w id="12" lemma="|group|" pos="NNS" wid="12">groups</w>
  <w id="13" lemma="|,|" pos="," wid="13">,</w>
  <w id="14" lemma="|the|" pos="DT" wid="14">the</w>
  <w id="15" lemma="|family|" pos="NNS" wid="15">families</w>
  <w id="16" lemma="|,|" pos="," wid="16">,</w>
  <w id="17" lemma="|the|" pos="DT" wid="17">the</w>
  <w id="18" lemma="|young|" pos="JJ" wid="18">young</w>
  <w id="19" lemma="|people|" pos="NNS" wid="19">people</w>
  <w id="20" lemma="|,|" pos="," wid="20">,</w>
  <w id="21" lemma="|especially|" pos="RB" wid="21">especially</w>
  <w id="22" lemma="|those|" pos="DT" wid="22">those</w>
  <w id="23" lemma="|who|" pos="WP" wid="23">who</w>
  <w id="24" lemma="|have|" pos="VBP" wid="24">have</w>
  <w id="25" lemma="|come|" pos="VBN" wid="25">come</w>
  <w id="26" lemma="|from|" pos="IN" wid="26">from</w>
  <w id="27" lemma="|Ireland|" pos="NNP" wid="27">Ireland</w>
  <w id="28" lemma="|;|" pos=":" wid="28">;</w>
  <w id="29" lemma="|and|" pos="CC" wid="29">and</w>
  <w id="30" lemma="|the|" pos="DT" wid="30">the</w>
  <w id="31" lemma="|deaf|" pos="JJ" wid="31">deaf</w>
  <w id="32" lemma="|young|" pos="JJ" wid="32">young</w>
  <w id="33" lemma="|people|" pos="NNS" wid="33">people</w>
  <w id="34" lemma="|who|" pos="WP" wid="34">who</w>
  <w id="35" lemma="|be|" pos="VBP" wid="35">are</w>
  <w id="36" lemma="|take|" pos="VBG" wid="36">taking</w>
  <w id="37" lemma="|part|" pos="NN" wid="37">part</w>
  <w id="38" lemma="|in|" pos="IN" wid="38">in</w>
  <w id="39" lemma="|a|" pos="DT" wid="39">an</w>
  <w id="40" lemma="|international|" pos="JJ" wid="40">international</w>
  <w id="41" lemma="|meeting|" pos="NN" wid="41">meeting</w>
  <w id="42" lemma="|in|" pos="IN" wid="42">in</w>
  <w id="43" lemma="|Rome|" pos="NNP" wid="43">Rome</w>
  <w id="44" lemma="|.|" pos="." wid="44">.</w>
</sentence>
<sentence id="40">
  <w id="0" lemma="|I|" pos="PRP" wid="0">I</w>
  <w id="1" lemma="|greet|" pos="VBP" wid="1">greet</w>
  <w id="2" lemma="|the|" pos="DT" wid="2">the</w>
  <w id="3" lemma="|sister|" pos="NNS" wid="3">Sisters</w>
  <w id="4" lemma="|of|" pos="IN" wid="4">of</w>
  <w id="5" lemma="|St|" pos="NNP" wid="5">St</w>
  <w id="6" lemma="|Elizabeth|" pos="NNP" wid="6">Elizabeth</w>
  <w id="7" lemma="|,|" pos="," wid="7">,</w>
  <w id="8" lemma="|to|" pos="TO" wid="8">to</w>
  <w id="9" lemma="|whom|" pos="WP" wid="9">whom</w>
  <w id="10" lemma="|I|" pos="PRP" wid="10">I</w>
  <w id="11" lemma="|wish|" pos="VBP" wid="11">wish</w>
  <w id="12" lemma="|a|" pos="DT" wid="12">a</w>
  <w id="13" lemma="|fruitful|" pos="JJ" wid="13">fruitful</w>
  <w id="14" lemma="|spiritual|" pos="JJ" wid="14">spiritual</w>
  <w id="15" lemma="|renewal|" pos="NN" wid="15">renewal</w>
  <w id="16" lemma="|;|" pos=":" wid="16">;</w>
  <w id="17" lemma="|the|" pos="DT" wid="17">the</w>
  <w id="18" lemma="|Apostles|" pos="NNPS" wid="18">Apostles</w>
  <w id="19" lemma="|of|" pos="IN" wid="19">of</w>
  <w id="20" lemma="|the|" pos="DT" wid="20">the</w>
  <w id="21" lemma="|sacred|" pos="JJ" wid="21">Sacred</w>
  <w id="22" lemma="|Heart|" pos="NNP" wid="22">Heart</w>
  <w id="23" lemma="|of|" pos="IN" wid="23">of</w>
  <w id="24" lemma="|Jesus|" pos="NNP" wid="24">Jesus</w>
  <w id="25" lemma="|,|" pos="," wid="25">,</w>
  <w id="26" lemma="|with|" pos="IN" wid="26">with</w>
  <w id="27" lemma="|family|" pos="NNS" wid="27">families</w>
  <w id="28" lemma="|from|" pos="IN" wid="28">from</w>
  <w id="29" lemma="|various|" pos="JJ" wid="29">various</w>
  <w id="30" lemma="|nation|" pos="NNS" wid="30">nations</w>
  <w id="31" lemma="|;|" pos=":" wid="31">;</w>
  <w id="32" lemma="|the|" pos="DT" wid="32">the</w>
  <w id="33" lemma="|daughter|" pos="NNS" wid="33">Daughters</w>
  <w id="34" lemma="|of|" pos="IN" wid="34">of</w>
  <w id="35" lemma="|divine|" pos="JJ" wid="35">Divine</w>
  <w id="36" lemma="|charity|" pos="NN" wid="36">Charity</w>
  <w id="37" lemma="|,|" pos="," wid="37">,</w>
  <w id="38" lemma="|celebrate|" pos="VBG" wid="38">celebrating</w>
  <w id="39" lemma="|they|" pos="PRP$" wid="39">their</w>
  <w id="40" lemma="|General|" pos="NNP" wid="40">General</w>
  <w id="41" lemma="|chapter|" pos="NN" wid="41">chapter</w>
  <w id="42" lemma="|;|" pos=":" wid="42">;</w>
  <w id="43" lemma="|and|" pos="CC" wid="43">and</w>
  <w id="44" lemma="|the|" pos="DT" wid="44">the</w>
  <w id="45" lemma="|superior|" pos="NNS" wid="45">Superiors</w>
  <w id="46" lemma="|of|" pos="IN" wid="46">of</w>
  <w id="47" lemma="|the|" pos="DT" wid="47">the</w>
  <w id="48" lemma="|daughter|" pos="NNS" wid="48">Daughters</w>
  <w id="49" lemma="|of|" pos="IN" wid="49">of</w>
  <w id="50" lemma="|we|" pos="PRP$" wid="50">Our</w>
  <w id="51" lemma="|lady|" pos="NN" wid="51">Lady</w>
  <w id="52" lemma="|,|" pos="," wid="52">,</w>
  <w id="53" lemma="|help|" pos="NN" wid="53">Help</w>
  <w id="54" lemma="|of|" pos="IN" wid="54">of</w>
  <w id="55" lemma="|christian|" pos="NNS" wid="55">Christians</w>
  <w id="56" lemma="|.|" pos="." wid="56">.</w>
</sentence>
<sentence id="41">
  <w id="0" lemma="|I|" pos="PRP" wid="0">I</w>
  <w id="1" lemma="|wish|" pos="VBP" wid="1">wish</w>
  <w id="2" lemma="|you|" pos="PRP" wid="2">you</w>
  <w id="3" lemma="|all|" pos="PDT" wid="3">all</w>
  <w id="4" lemma="|a|" pos="DT" wid="4">a</w>
  <w id="5" lemma="|good|" pos="JJ" wid="5">good</w>
  <w id="6" lemma="|Sunday|" pos="NNP" wid="6">Sunday</w>
  <w id="7" lemma="|and|" pos="CC" wid="7">and</w>
  <w id="8" lemma="|a|" pos="DT" wid="8">a</w>
  <w id="9" lemma="|good|" pos="JJ" wid="9">good</w>
  <w id="10" lemma="|lunch|" pos="NN" wid="10">lunch</w>
  <w id="11" lemma="|!|" pos="." wid="11">!</w>
</sentence>
</corpus>