<corpus id="0">
<sentence id="0">
  <w id="0" lemma="|Dear|" pos="NNP" wid="0">Dear</w>
  <w id="1" lemma="|Brothers|" pos="NNPS" wid="1">Brothers</w>
  <w id="2" lemma="|and|" pos="CC" wid="2">and</w>
  <w id="3" lemma="|sister|" pos="NNS" wid="3">Sisters</w>
  <w id="4" lemma="|,|" pos="," wid="4">,</w>
  <w id="5" lemma="|good|" pos="JJ" wid="5">Good</w>
  <w id="6" lemma="|morning|" pos="NN" wid="6">morning</w>
  <w id="7" lemma="|!|" pos="." wid="7">!</w>
</sentence>
<sentence id="1">
  <w id="0" lemma="|we|" pos="PRP" wid="0">We</w>
  <w id="1" lemma="|be|" pos="VBP" wid="1">are</w>
  <w id="2" lemma="|resume|" pos="VBG" wid="2">resuming</w>
  <w id="3" lemma="|the|" pos="DT" wid="3">the</w>
  <w id="4" lemma="|series|" pos="NN" wid="4">series</w>
  <w id="5" lemma="|of|" pos="IN" wid="5">of</w>
  <w id="6" lemma="|we|" pos="PRP$" wid="6">our</w>
  <w id="7" lemma="|catechese|" pos="NNS" wid="7">catecheses</w>
  <w id="8" lemma="|after|" pos="IN" wid="8">after</w>
  <w id="9" lemma="|the|" pos="DT" wid="9">the</w>
  <w id="10" lemma="|August|" pos="NNP" wid="10">August</w>
  <w id="11" lemma="|holiday|" pos="NNS" wid="11">holidays</w>
  <w id="12" lemma="|,|" pos="," wid="12">,</w>
  <w id="13" lemma="|but|" pos="CC" wid="13">but</w>
  <w id="14" lemma="|today|" pos="NN" wid="14">today</w>
  <w id="15" lemma="|I|" pos="PRP" wid="15">I</w>
  <w id="16" lemma="|would|" pos="MD" wid="16">would</w>
  <w id="17" lemma="|like|" pos="VB" wid="17">like</w>
  <w id="18" lemma="|to|" pos="TO" wid="18">to</w>
  <w id="19" lemma="|talk|" pos="VB" wid="19">talk</w>
  <w id="20" lemma="|to|" pos="TO" wid="20">to</w>
  <w id="21" lemma="|you|" pos="PRP" wid="21">you</w>
  <w id="22" lemma="|about|" pos="IN" wid="22">about</w>
  <w id="23" lemma="|my|" pos="PRP$" wid="23">my</w>
  <w id="24" lemma="|journey|" pos="NN" wid="24">journey</w>
  <w id="25" lemma="|to|" pos="TO" wid="25">to</w>
  <w id="26" lemma="|Brazil|" pos="NNP" wid="26">Brazil</w>
  <w id="27" lemma="|for|" pos="IN" wid="27">for</w>
  <w id="28" lemma="|the|" pos="DT" wid="28">the</w>
  <w id="29" lemma="|World|" pos="NNP" wid="29">World</w>
  <w id="30" lemma="|Youth|" pos="NNP" wid="30">Youth</w>
  <w id="31" lemma="|Day|" pos="NNP" wid="31">Day</w>
  <w id="32" lemma="|.|" pos="." wid="32">.</w>
</sentence>
<sentence id="2">
  <w id="0" lemma="|more|" pos="JJR" wid="0">More</w>
  <w id="1" lemma="|than|" pos="IN" wid="1">than</w>
  <w id="2" lemma="|a|" pos="DT" wid="2">a</w>
  <w id="3" lemma="|month|" pos="NN" wid="3">month</w>
  <w id="4" lemma="|have|" pos="VBZ" wid="4">has</w>
  <w id="5" lemma="|pass|" pos="VBN" wid="5">passed</w>
  <w id="6" lemma="|but|" pos="CC" wid="6">but</w>
  <w id="7" lemma="|I|" pos="PRP" wid="7">I</w>
  <w id="8" lemma="|think|" pos="VBP" wid="8">think</w>
  <w id="9" lemma="|it|" pos="PRP" wid="9">it</w>
  <w id="10" lemma="|important|" pos="JJ" wid="10">important</w>
  <w id="11" lemma="|to|" pos="TO" wid="11">to</w>
  <w id="12" lemma="|go|" pos="VB" wid="12">go</w>
  <w id="13" lemma="|back|" pos="RB" wid="13">back</w>
  <w id="14" lemma="|to|" pos="TO" wid="14">to</w>
  <w id="15" lemma="|this|" pos="DT" wid="15">this</w>
  <w id="16" lemma="|event|" pos="NN" wid="16">event</w>
  <w id="17" lemma="|,|" pos="," wid="17">,</w>
  <w id="18" lemma="|and|" pos="CC" wid="18">and</w>
  <w id="19" lemma="|the|" pos="DT" wid="19">the</w>
  <w id="20" lemma="|distance|" pos="NN" wid="20">distance</w>
  <w id="21" lemma="|in|" pos="IN" wid="21">in</w>
  <w id="22" lemma="|time|" pos="NN" wid="22">time</w>
  <w id="23" lemma="|enable|" pos="VBZ" wid="23">enables</w>
  <w id="24" lemma="|we|" pos="PRP" wid="24">us</w>
  <w id="25" lemma="|to|" pos="TO" wid="25">to</w>
  <w id="26" lemma="|get|" pos="VB" wid="26">get</w>
  <w id="27" lemma="|a|" pos="DT" wid="27">a</w>
  <w id="28" lemma="|better|" pos="JJR" wid="28">better</w>
  <w id="29" lemma="|grasp|" pos="NN" wid="29">grasp</w>
  <w id="30" lemma="|of|" pos="IN" wid="30">of</w>
  <w id="31" lemma="|its|" pos="PRP$" wid="31">its</w>
  <w id="32" lemma="|meaning|" pos="NN" wid="32">meaning</w>
  <w id="33" lemma="|.|" pos="." wid="33">.</w>
</sentence>
<sentence id="3">
  <w id="0" lemma="|first|" pos="RB" wid="0">First</w>
  <w id="1" lemma="|of|" pos="IN" wid="1">of</w>
  <w id="2" lemma="|all|" pos="DT" wid="2">all</w>
  <w id="3" lemma="|I|" pos="PRP" wid="3">I</w>
  <w id="4" lemma="|want|" pos="VBP" wid="4">want</w>
  <w id="5" lemma="|to|" pos="TO" wid="5">to</w>
  <w id="6" lemma="|thank|" pos="VB" wid="6">thank</w>
  <w id="7" lemma="|the|" pos="DT" wid="7">the</w>
  <w id="8" lemma="|Lord|" pos="NNP" wid="8">Lord</w>
  <w id="9" lemma="|because|" pos="IN" wid="9">because</w>
  <w id="10" lemma="|it|" pos="PRP" wid="10">it</w>
  <w id="11" lemma="|be|" pos="VBZ" wid="11">is</w>
  <w id="12" lemma="|he|" pos="PRP" wid="12">he</w>
  <w id="13" lemma="|who|" pos="WP" wid="13">who</w>
  <w id="14" lemma="|direct|" pos="VBD" wid="14">directed</w>
  <w id="15" lemma="|everything|" pos="NN" wid="15">everything</w>
  <w id="16" lemma="|with|" pos="IN" wid="16">with</w>
  <w id="17" lemma="|he|" pos="PRP$" wid="17">his</w>
  <w id="18" lemma="|Providence|" pos="NNP" wid="18">Providence</w>
  <w id="19" lemma="|.|" pos="." wid="19">.</w>
</sentence>
<sentence id="4">
  <w id="0" lemma="|since|" pos="IN" wid="0">Since</w>
  <w id="1" lemma="|I|" pos="PRP" wid="1">I</w>
  <w id="2" lemma="|come|" pos="VBP" wid="2">come</w>
  <w id="3" lemma="|from|" pos="IN" wid="3">from</w>
  <w id="4" lemma="|the|" pos="DT" wid="4">the</w>
  <w id="5" lemma="|Americas|" pos="NNPS" wid="5">Americas</w>
  <w id="6" lemma="|it|" pos="PRP" wid="6">it</w>
  <w id="7" lemma="|be|" pos="VBD" wid="7">was</w>
  <w id="8" lemma="|a|" pos="DT" wid="8">a</w>
  <w id="9" lemma="|beautiful|" pos="JJ" wid="9">beautiful</w>
  <w id="10" lemma="|gift|" pos="NN" wid="10">gift</w>
  <w id="11" lemma="|!|" pos="." wid="11">!</w>
</sentence>
<sentence id="5">
  <w id="0" lemma="|and|" pos="CC" wid="0">And</w>
  <w id="1" lemma="|for|" pos="IN" wid="1">for</w>
  <w id="2" lemma="|this|" pos="DT" wid="2">this</w>
  <w id="3" lemma="|I|" pos="PRP" wid="3">I</w>
  <w id="4" lemma="|also|" pos="RB" wid="4">also</w>
  <w id="5" lemma="|thank|" pos="VBP" wid="5">thank</w>
  <w id="6" lemma="|Our|" pos="NNP" wid="6">Our</w>
  <w id="7" lemma="|Lady|" pos="NNP" wid="7">Lady</w>
  <w id="8" lemma="|of|" pos="IN" wid="8">of</w>
  <w id="9" lemma="|Aparecida|" pos="NNP" wid="9">Aparecida</w>
  <w id="10" lemma="|,|" pos="," wid="10">,</w>
  <w id="11" lemma="|who|" pos="WP" wid="11">who</w>
  <w id="12" lemma="|accompany|" pos="VBD" wid="12">accompanied</w>
  <w id="13" lemma="|this|" pos="DT" wid="13">this</w>
  <w id="14" lemma="|whole|" pos="JJ" wid="14">whole</w>
  <w id="15" lemma="|journey|" pos="NN" wid="15">journey</w>
  <w id="16" lemma="|.|" pos="." wid="16">.</w>
</sentence>
<sentence id="6">
  <w id="0" lemma="|I|" pos="PRP" wid="0">I</w>
  <w id="1" lemma="|make|" pos="VBD" wid="1">made</w>
  <w id="2" lemma="|the|" pos="DT" wid="2">the</w>
  <w id="3" lemma="|pilgrimage|" pos="NN" wid="3">pilgrimage</w>
  <w id="4" lemma="|to|" pos="TO" wid="4">to</w>
  <w id="5" lemma="|Brazil|" pos="NNP" wid="5">Brazil</w>
  <w id="6" lemma="|'s|" pos="POS" wid="6">'s</w>
  <w id="7" lemma="|important|" pos="JJ" wid="7">important</w>
  <w id="8" lemma="|national|" pos="JJ" wid="8">national</w>
  <w id="9" lemma="|shrine|" pos="NN" wid="9">shrine</w>
  <w id="10" lemma="|and|" pos="CC" wid="10">and</w>
  <w id="11" lemma="|its|" pos="PRP$" wid="11">its</w>
  <w id="12" lemma="|venerable|" pos="JJ" wid="12">venerable</w>
  <w id="13" lemma="|image|" pos="NN" wid="13">image</w>
  <w id="14" lemma="|be|" pos="VBD" wid="14">was</w>
  <w id="15" lemma="|ever|" pos="RB" wid="15">ever</w>
  <w id="16" lemma="|present|" pos="JJ" wid="16">present</w>
  <w id="17" lemma="|on|" pos="IN" wid="17">on</w>
  <w id="18" lemma="|the|" pos="DT" wid="18">the</w>
  <w id="19" lemma="|dais|" pos="NN" wid="19">dais</w>
  <w id="20" lemma="|of|" pos="IN" wid="20">of</w>
  <w id="21" lemma="|WYD|" pos="NNP" wid="21">WYD</w>
  <w id="22" lemma="|.|" pos="." wid="22">.</w>
</sentence>
<sentence id="7">
  <w id="0" lemma="|I|" pos="PRP" wid="0">I</w>
  <w id="1" lemma="|be|" pos="VBD" wid="1">was</w>
  <w id="2" lemma="|very|" pos="RB" wid="2">very</w>
  <w id="3" lemma="|glad|" pos="JJ" wid="3">glad</w>
  <w id="4" lemma="|about|" pos="IN" wid="4">about</w>
  <w id="5" lemma="|this|" pos="DT" wid="5">this</w>
  <w id="6" lemma="|because|" pos="IN" wid="6">because</w>
  <w id="7" lemma="|Our|" pos="NNP" wid="7">Our</w>
  <w id="8" lemma="|Lady|" pos="NNP" wid="8">Lady</w>
  <w id="9" lemma="|of|" pos="IN" wid="9">of</w>
  <w id="10" lemma="|Aparecida|" pos="NNP" wid="10">Aparecida</w>
  <w id="11" lemma="|be|" pos="VBZ" wid="11">is</w>
  <w id="12" lemma="|not|" pos="RB" wid="12">not</w>
  <w id="13" lemma="|only|" pos="RB" wid="13">only</w>
  <w id="14" lemma="|extremely|" pos="RB" wid="14">extremely</w>
  <w id="15" lemma="|important|" pos="JJ" wid="15">important</w>
  <w id="16" lemma="|to|" pos="TO" wid="16">to</w>
  <w id="17" lemma="|the|" pos="DT" wid="17">the</w>
  <w id="18" lemma="|history|" pos="NN" wid="18">history</w>
  <w id="19" lemma="|of|" pos="IN" wid="19">of</w>
  <w id="20" lemma="|the|" pos="DT" wid="20">the</w>
  <w id="21" lemma="|Church|" pos="NNP" wid="21">Church</w>
  <w id="22" lemma="|in|" pos="IN" wid="22">in</w>
  <w id="23" lemma="|Brazil|" pos="NNP" wid="23">Brazil</w>
  <w id="24" lemma="|but|" pos="CC" wid="24">but</w>
  <w id="25" lemma="|also|" pos="RB" wid="25">also</w>
  <w id="26" lemma="|to|" pos="TO" wid="26">to</w>
  <w id="27" lemma="|the|" pos="DT" wid="27">the</w>
  <w id="28" lemma="|whole|" pos="NN" wid="28">whole</w>
  <w id="29" lemma="|of|" pos="IN" wid="29">of</w>
  <w id="30" lemma="|Latin|" pos="NNP" wid="30">Latin</w>
  <w id="31" lemma="|America|" pos="NNP" wid="31">America</w>
  <w id="32" lemma="|.|" pos="." wid="32">.</w>
</sentence>
<sentence id="8">
  <w id="0" lemma="|in|" pos="IN" wid="0">In</w>
  <w id="1" lemma="|Aparecida|" pos="NNP" wid="1">Aparecida</w>
  <w id="2" lemma="|we|" pos="PRP" wid="2">we</w>
  <w id="3" lemma="|bishop|" pos="NNS" wid="3">Bishops</w>
  <w id="4" lemma="|of|" pos="IN" wid="4">of</w>
  <w id="5" lemma="|Latin|" pos="NNP" wid="5">Latin</w>
  <w id="6" lemma="|America|" pos="NNP" wid="6">America</w>
  <w id="7" lemma="|and|" pos="CC" wid="7">and</w>
  <w id="8" lemma="|of|" pos="IN" wid="8">of</w>
  <w id="9" lemma="|the|" pos="DT" wid="9">the</w>
  <w id="10" lemma="|Caribbean|" pos="NNP" wid="10">Caribbean</w>
  <w id="11" lemma="|have|" pos="VBD" wid="11">had</w>
  <w id="12" lemma="|celebrate|" pos="VBN" wid="12">celebrated</w>
  <w id="13" lemma="|a|" pos="DT" wid="13">a</w>
  <w id="14" lemma="|General|" pos="NNP" wid="14">General</w>
  <w id="15" lemma="|Assembly|" pos="NNP" wid="15">Assembly</w>
  <w id="16" lemma="|with|" pos="IN" wid="16">with</w>
  <w id="17" lemma="|Pope|" pos="NNP" wid="17">Pope</w>
  <w id="18" lemma="|Benedict|" pos="NNP" wid="18">Benedict</w>
  <w id="19" lemma="|:|" pos=":" wid="19">:</w>
  <w id="20" lemma="|it|" pos="PRP" wid="20">it</w>
  <w id="21" lemma="|be|" pos="VBD" wid="21">was</w>
  <w id="22" lemma="|a|" pos="DT" wid="22">a</w>
  <w id="23" lemma="|highly|" pos="RB" wid="23">highly</w>
  <w id="24" lemma="|significant|" pos="JJ" wid="24">significant</w>
  <w id="25" lemma="|step|" pos="NN" wid="25">step</w>
  <w id="26" lemma="|on|" pos="IN" wid="26">on</w>
  <w id="27" lemma="|the|" pos="DT" wid="27">the</w>
  <w id="28" lemma="|pastoral|" pos="JJ" wid="28">pastoral</w>
  <w id="29" lemma="|journey|" pos="NN" wid="29">journey</w>
  <w id="30" lemma="|in|" pos="IN" wid="30">in</w>
  <w id="31" lemma="|this|" pos="DT" wid="31">this</w>
  <w id="32" lemma="|part|" pos="NN" wid="32">part</w>
  <w id="33" lemma="|of|" pos="IN" wid="33">of</w>
  <w id="34" lemma="|the|" pos="DT" wid="34">the</w>
  <w id="35" lemma="|world|" pos="NN" wid="35">world</w>
  <w id="36" lemma="|,|" pos="," wid="36">,</w>
  <w id="37" lemma="|where|" pos="WRB" wid="37">where</w>
  <w id="38" lemma="|most|" pos="JJS" wid="38">most</w>
  <w id="39" lemma="|of|" pos="IN" wid="39">of</w>
  <w id="40" lemma="|the|" pos="DT" wid="40">the</w>
  <w id="41" lemma="|Catholic|" pos="NNP" wid="41">Catholic</w>
  <w id="42" lemma="|Church|" pos="NNP" wid="42">Church</w>
  <w id="43" lemma="|'s|" pos="POS" wid="43">'s</w>
  <w id="44" lemma="|faithful|" pos="NN" wid="44">faithful</w>
  <w id="45" lemma="|live|" pos="VB" wid="45">live</w>
  <w id="46" lemma="|.|" pos="." wid="46">.</w>
</sentence>
<sentence id="9">
  <w id="0" lemma="|although|" pos="IN" wid="0">Although</w>
  <w id="1" lemma="|I|" pos="PRP" wid="1">I</w>
  <w id="2" lemma="|have|" pos="VBP" wid="2">have</w>
  <w id="3" lemma="|already|" pos="RB" wid="3">already</w>
  <w id="4" lemma="|do|" pos="VBN" wid="4">done</w>
  <w id="5" lemma="|so|" pos="RB" wid="5">so</w>
  <w id="6" lemma="|,|" pos="," wid="6">,</w>
  <w id="7" lemma="|I|" pos="PRP" wid="7">I</w>
  <w id="8" lemma="|wish|" pos="VBP" wid="8">wish</w>
  <w id="9" lemma="|to|" pos="TO" wid="9">to</w>
  <w id="10" lemma="|renew|" pos="VB" wid="10">renew</w>
  <w id="11" lemma="|my|" pos="PRP$" wid="11">my</w>
  <w id="12" lemma="|thanks|" pos="NNS" wid="12">thanks</w>
  <w id="13" lemma="|to|" pos="TO" wid="13">to</w>
  <w id="14" lemma="|all|" pos="PDT" wid="14">all</w>
  <w id="15" lemma="|the|" pos="DT" wid="15">the</w>
  <w id="16" lemma="|civil|" pos="JJ" wid="16">civil</w>
  <w id="17" lemma="|and|" pos="CC" wid="17">and</w>
  <w id="18" lemma="|ecclesiastical|" pos="JJ" wid="18">ecclesiastical</w>
  <w id="19" lemma="|authority|" pos="NNS" wid="19">authorities</w>
  <w id="20" lemma="|,|" pos="," wid="20">,</w>
  <w id="21" lemma="|to|" pos="TO" wid="21">to</w>
  <w id="22" lemma="|the|" pos="DT" wid="22">the</w>
  <w id="23" lemma="|volunteer|" pos="NNS" wid="23">volunteers</w>
  <w id="24" lemma="|,|" pos="," wid="24">,</w>
  <w id="25" lemma="|to|" pos="TO" wid="25">to</w>
  <w id="26" lemma="|the|" pos="DT" wid="26">the</w>
  <w id="27" lemma="|security|" pos="NN" wid="27">security</w>
  <w id="28" lemma="|force|" pos="NNS" wid="28">forces</w>
  <w id="29" lemma="|.|" pos="." wid="29">.</w>
</sentence>
<sentence id="10">
  <w id="0" lemma="|to|" pos="TO" wid="0">to</w>
  <w id="1" lemma="|the|" pos="DT" wid="1">the</w>
  <w id="2" lemma="|parish|" pos="JJ" wid="2">parish</w>
  <w id="3" lemma="|community|" pos="NNS" wid="3">communities</w>
  <w id="4" lemma="|of|" pos="IN" wid="4">of</w>
  <w id="5" lemma="|Rio|" pos="NNP" wid="5">Rio</w>
  <w id="6" lemma="|de|" pos="IN" wid="6">de</w>
  <w id="7" lemma="|Janeiro|" pos="NNP" wid="7">Janeiro</w>
  <w id="8" lemma="|and|" pos="CC" wid="8">and</w>
  <w id="9" lemma="|of|" pos="IN" wid="9">of</w>
  <w id="10" lemma="|the|" pos="DT" wid="10">the</w>
  <w id="11" lemma="|other|" pos="JJ" wid="11">other</w>
  <w id="12" lemma="|city|" pos="NNS" wid="12">cities</w>
  <w id="13" lemma="|of|" pos="IN" wid="13">of</w>
  <w id="14" lemma="|Brazil|" pos="NNP" wid="14">Brazil</w>
  <w id="15" lemma="|where|" pos="WRB" wid="15">where</w>
  <w id="16" lemma="|the|" pos="DT" wid="16">the</w>
  <w id="17" lemma="|pilgrim|" pos="NNS" wid="17">pilgrims</w>
  <w id="18" lemma="|be|" pos="VBD" wid="18">were</w>
  <w id="19" lemma="|welcome|" pos="VBN" wid="19">welcomed</w>
  <w id="20" lemma="|with|" pos="IN" wid="20">with</w>
  <w id="21" lemma="|magnanimous|" pos="JJ" wid="21">magnanimous</w>
  <w id="22" lemma="|brotherhood|" pos="NN" wid="22">brotherhood</w>
  <w id="23" lemma="|.|" pos="." wid="23">.</w>
</sentence>
<sentence id="11">
  <w id="0" lemma="|in|" pos="IN" wid="0">In</w>
  <w id="1" lemma="|fact|" pos="NN" wid="1">fact</w>
  <w id="2" lemma="|the|" pos="DT" wid="2">the</w>
  <w id="3" lemma="|hospitality|" pos="NN" wid="3">hospitality</w>
  <w id="4" lemma="|of|" pos="IN" wid="4">of</w>
  <w id="5" lemma="|the|" pos="DT" wid="5">the</w>
  <w id="6" lemma="|brazilian|" pos="JJ" wid="6">Brazilian</w>
  <w id="7" lemma="|family|" pos="NNS" wid="7">families</w>
  <w id="8" lemma="|and|" pos="CC" wid="8">and</w>
  <w id="9" lemma="|parish|" pos="NNS" wid="9">parishes</w>
  <w id="10" lemma="|be|" pos="VBD" wid="10">was</w>
  <w id="11" lemma="|one|" pos="CD" wid="11">one</w>
  <w id="12" lemma="|of|" pos="IN" wid="12">of</w>
  <w id="13" lemma="|the|" pos="DT" wid="13">the</w>
  <w id="14" lemma="|most|" pos="RBS" wid="14">most</w>
  <w id="15" lemma="|beautiful|" pos="JJ" wid="15">beautiful</w>
  <w id="16" lemma="|feature|" pos="NNS" wid="16">features</w>
  <w id="17" lemma="|of|" pos="IN" wid="17">of</w>
  <w id="18" lemma="|this|" pos="DT" wid="18">this</w>
  <w id="19" lemma="|wyd|" pos="NN" wid="19">WYD</w>
  <w id="20" lemma="|.|" pos="." wid="20">.</w>
</sentence>
<sentence id="12">
  <w id="0" lemma="|good|" pos="JJ" wid="0">Good</w>
  <w id="1" lemma="|people|" pos="NNS" wid="1">people</w>
  <w id="2" lemma="|these|" pos="DT" wid="2">these</w>
  <w id="3" lemma="|brazilian|" pos="NNS" wid="3">Brazilians</w>
  <w id="4" lemma="|!|" pos="." wid="4">!</w>
</sentence>
<sentence id="13">
  <w id="0" lemma="|good|" pos="JJ" wid="0">Good</w>
  <w id="1" lemma="|people|" pos="NNS" wid="1">people</w>
  <w id="2" lemma="|!|" pos="." wid="2">!</w>
</sentence>
<sentence id="14">
  <w id="0" lemma="|they|" pos="PRP" wid="0">They</w>
  <w id="1" lemma="|truly|" pos="RB" wid="1">truly</w>
  <w id="2" lemma="|have|" pos="VBP" wid="2">have</w>
  <w id="3" lemma="|a|" pos="DT" wid="3">a</w>
  <w id="4" lemma="|great|" pos="JJ" wid="4">great</w>
  <w id="5" lemma="|heart|" pos="NN" wid="5">heart</w>
  <w id="6" lemma="|.|" pos="." wid="6">.</w>
</sentence>
<sentence id="15">
  <w id="0" lemma="|go|" pos="VBG" wid="0">Going</w>
  <w id="1" lemma="|on|" pos="IN" wid="1">on</w>
  <w id="2" lemma="|pilgrimage|" pos="NN" wid="2">pilgrimage</w>
  <w id="3" lemma="|always|" pos="RB" wid="3">always</w>
  <w id="4" lemma="|entail|" pos="VBZ" wid="4">entails</w>
  <w id="5" lemma="|hardship|" pos="NNS" wid="5">hardships</w>
  <w id="6" lemma="|but|" pos="CC" wid="6">but</w>
  <w id="7" lemma="|be|" pos="VBG" wid="7">being</w>
  <w id="8" lemma="|welcome|" pos="VBN" wid="8">welcomed</w>
  <w id="9" lemma="|help|" pos="VBZ" wid="9">helps</w>
  <w id="10" lemma="|one|" pos="CD" wid="10">one</w>
  <w id="11" lemma="|to|" pos="TO" wid="11">to</w>
  <w id="12" lemma="|get|" pos="VB" wid="12">get</w>
  <w id="13" lemma="|the|" pos="DT" wid="13">the</w>
  <w id="14" lemma="|better|" pos="JJR" wid="14">better</w>
  <w id="15" lemma="|of|" pos="IN" wid="15">of</w>
  <w id="16" lemma="|they|" pos="PRP" wid="16">them</w>
  <w id="17" lemma="|and|" pos="CC" wid="17">and</w>
  <w id="18" lemma="|indeed|" pos="RB" wid="18">indeed</w>
  <w id="19" lemma="|turn|" pos="VBZ" wid="19">turns</w>
  <w id="20" lemma="|they|" pos="PRP" wid="20">them</w>
  <w id="21" lemma="|into|" pos="IN" wid="21">into</w>
  <w id="22" lemma="|opportunity|" pos="NNS" wid="22">opportunities</w>
  <w id="23" lemma="|for|" pos="IN" wid="23">for</w>
  <w id="24" lemma="|acquaintance|" pos="NN" wid="24">acquaintance</w>
  <w id="25" lemma="|and|" pos="CC" wid="25">and</w>
  <w id="26" lemma="|friendship|" pos="NN" wid="26">friendship</w>
  <w id="27" lemma="|.|" pos="." wid="27">.</w>
</sentence>
<sentence id="16">
  <w id="0" lemma="|bond|" pos="NNS" wid="0">Bonds</w>
  <w id="1" lemma="|be|" pos="VBP" wid="1">are</w>
  <w id="2" lemma="|forge|" pos="VBN" wid="2">forged</w>
  <w id="3" lemma="|that|" pos="IN" wid="3">that</w>
  <w id="4" lemma="|subsequently|" pos="RB" wid="4">subsequently</w>
  <w id="5" lemma="|endure|" pos="VB" wid="5">endure</w>
  <w id="6" lemma="|,|" pos="," wid="6">,</w>
  <w id="7" lemma="|especially|" pos="RB" wid="7">especially</w>
  <w id="8" lemma="|in|" pos="IN" wid="8">in</w>
  <w id="9" lemma="|prayer|" pos="NN" wid="9">prayer</w>
  <w id="10" lemma="|.|" pos="." wid="10">.</w>
</sentence>
<sentence id="17">
  <w id="0" lemma="|in|" pos="IN" wid="0">In</w>
  <w id="1" lemma="|this|" pos="DT" wid="1">this</w>
  <w id="2" lemma="|way|" pos="NN" wid="2">way</w>
  <w id="3" lemma="|too|" pos="RB" wid="3">too</w>
  <w id="4" lemma="|the|" pos="DT" wid="4">the</w>
  <w id="5" lemma="|Church|" pos="NNP" wid="5">Church</w>
  <w id="6" lemma="|develop|" pos="VBZ" wid="6">develops</w>
  <w id="7" lemma="|throughout|" pos="IN" wid="7">throughout</w>
  <w id="8" lemma="|the|" pos="DT" wid="8">the</w>
  <w id="9" lemma="|world|" pos="NN" wid="9">world</w>
  <w id="10" lemma="|as|" pos="IN" wid="10">as</w>
  <w id="11" lemma="|a|" pos="DT" wid="11">a</w>
  <w id="12" lemma="|network|" pos="NN" wid="12">network</w>
  <w id="13" lemma="|of|" pos="IN" wid="13">of</w>
  <w id="14" lemma="|true|" pos="JJ" wid="14">true</w>
  <w id="15" lemma="|friendship|" pos="NNS" wid="15">friendships</w>
  <w id="16" lemma="|in|" pos="IN" wid="16">in</w>
  <w id="17" lemma="|Jesus|" pos="NNP" wid="17">Jesus</w>
  <w id="18" lemma="|Christ|" pos="NNP" wid="18">Christ</w>
  <w id="19" lemma="|,|" pos="," wid="19">,</w>
  <w id="20" lemma="|a|" pos="DT" wid="20">a</w>
  <w id="21" lemma="|net|" pos="NN" wid="21">net</w>
  <w id="22" lemma="|which|" pos="WDT" wid="22">which</w>
  <w id="23" lemma="|as|" pos="IN" wid="23">as</w>
  <w id="24" lemma="|it|" pos="PRP" wid="24">it</w>
  <w id="25" lemma="|catch|" pos="VBZ" wid="25">catches</w>
  <w id="26" lemma="|you|" pos="PRP" wid="26">you</w>
  <w id="27" lemma="|set|" pos="VBZ" wid="27">sets</w>
  <w id="28" lemma="|you|" pos="PRP" wid="28">you</w>
  <w id="29" lemma="|free|" pos="JJ" wid="29">free</w>
  <w id="30" lemma="|.|" pos="." wid="30">.</w>
</sentence>
<sentence id="18">
  <w id="0" lemma="|hence|" pos="RB" wid="0">Hence</w>
  <w id="1" lemma="|,|" pos="," wid="1">,</w>
  <w id="2" lemma="|hospitality|" pos="NN" wid="2">hospitality</w>
  <w id="3" lemma="|:|" pos=":" wid="3">:</w>
  <w id="4" lemma="|and|" pos="CC" wid="4">and</w>
  <w id="5" lemma="|this|" pos="DT" wid="5">this</w>
  <w id="6" lemma="|be|" pos="VBZ" wid="6">is</w>
  <w id="7" lemma="|the|" pos="DT" wid="7">the</w>
  <w id="8" lemma="|first|" pos="JJ" wid="8">first</w>
  <w id="9" lemma="|word|" pos="NN" wid="9">word</w>
  <w id="10" lemma="|that|" pos="WDT" wid="10">that</w>
  <w id="11" lemma="|result|" pos="VBZ" wid="11">results</w>
  <w id="12" lemma="|from|" pos="IN" wid="12">from</w>
  <w id="13" lemma="|the|" pos="DT" wid="13">the</w>
  <w id="14" lemma="|experience|" pos="NN" wid="14">experience</w>
  <w id="15" lemma="|of|" pos="IN" wid="15">of</w>
  <w id="16" lemma="|the|" pos="DT" wid="16">the</w>
  <w id="17" lemma="|visit|" pos="NN" wid="17">visit</w>
  <w id="18" lemma="|to|" pos="TO" wid="18">to</w>
  <w id="19" lemma="|Brazil|" pos="NNP" wid="19">Brazil</w>
  <w id="20" lemma="|.|" pos="." wid="20">.</w>
</sentence>
<sentence id="19">
  <w id="0" lemma="|hospitality|" pos="NN" wid="0">Hospitality</w>
  <w id="1" lemma="|!|" pos="." wid="1">!</w>
</sentence>
<sentence id="20">
  <w id="0" lemma="|another|" pos="DT" wid="0">Another</w>
  <w id="1" lemma="|word|" pos="NN" wid="1">word</w>
  <w id="2" lemma="|that|" pos="WDT" wid="2">that</w>
  <w id="3" lemma="|sum|" pos="VBZ" wid="3">sums</w>
  <w id="4" lemma="|it|" pos="PRP" wid="4">it</w>
  <w id="5" lemma="|up|" pos="RP" wid="5">up</w>
  <w id="6" lemma="|can|" pos="MD" wid="6">can</w>
  <w id="7" lemma="|be|" pos="VB" wid="7">be</w>
  <w id="8" lemma="|celebration|" pos="NN" wid="8">celebration</w>
  <w id="9" lemma="|.|" pos="." wid="9">.</w>
</sentence>
<sentence id="21">
  <w id="0" lemma="|the|" pos="DT" wid="0">The</w>
  <w id="1" lemma="|WYD|" pos="NNP" wid="1">WYD</w>
  <w id="2" lemma="|be|" pos="VBZ" wid="2">is</w>
  <w id="3" lemma="|always|" pos="RB" wid="3">always</w>
  <w id="4" lemma="|a|" pos="DT" wid="4">a</w>
  <w id="5" lemma="|festive|" pos="JJ" wid="5">festive</w>
  <w id="6" lemma="|celebration|" pos="NN" wid="6">celebration</w>
  <w id="7" lemma="|because|" pos="IN" wid="7">because</w>
  <w id="8" lemma="|a|" pos="DT" wid="8">a</w>
  <w id="9" lemma="|real|" pos="JJ" wid="9">real</w>
  <w id="10" lemma="|celebration|" pos="NN" wid="10">celebration</w>
  <w id="11" lemma="|be|" pos="VBZ" wid="11">is</w>
  <w id="12" lemma="|when|" pos="WRB" wid="12">when</w>
  <w id="13" lemma="|a|" pos="DT" wid="13">a</w>
  <w id="14" lemma="|city|" pos="NN" wid="14">city</w>
  <w id="15" lemma="|be|" pos="VBZ" wid="15">is</w>
  <w id="16" lemma="|fill|" pos="VBN" wid="16">filled</w>
  <w id="17" lemma="|with|" pos="IN" wid="17">with</w>
  <w id="18" lemma="|young|" pos="JJ" wid="18">young</w>
  <w id="19" lemma="|people|" pos="NNS" wid="19">people</w>
  <w id="20" lemma="|who|" pos="WP" wid="20">who</w>
  <w id="21" lemma="|walk|" pos="VBP" wid="21">walk</w>
  <w id="22" lemma="|through|" pos="IN" wid="22">through</w>
  <w id="23" lemma="|the|" pos="DT" wid="23">the</w>
  <w id="24" lemma="|street|" pos="NNS" wid="24">streets</w>
  <w id="25" lemma="|hold|" pos="VBG" wid="25">holding</w>
  <w id="26" lemma="|the|" pos="DT" wid="26">the</w>
  <w id="27" lemma="|flag|" pos="NNS" wid="27">flags</w>
  <w id="28" lemma="|of|" pos="IN" wid="28">of</w>
  <w id="29" lemma="|the|" pos="DT" wid="29">the</w>
  <w id="30" lemma="|whole|" pos="JJ" wid="30">whole</w>
  <w id="31" lemma="|world|" pos="NN" wid="31">world</w>
  <w id="32" lemma="|greet|" pos="VBG" wid="32">greeting</w>
  <w id="33" lemma="|each|" pos="DT" wid="33">each</w>
  <w id="34" lemma="|other|" pos="JJ" wid="34">other</w>
  <w id="35" lemma="|,|" pos="," wid="35">,</w>
  <w id="36" lemma="|embrace|" pos="VBG" wid="36">embracing</w>
  <w id="37" lemma="|each|" pos="DT" wid="37">each</w>
  <w id="38" lemma="|other|" pos="JJ" wid="38">other</w>
  <w id="39" lemma="|.|" pos="." wid="39">.</w>
</sentence>
<sentence id="22">
  <w id="0" lemma="|it|" pos="PRP" wid="0">It</w>
  <w id="1" lemma="|be|" pos="VBZ" wid="1">is</w>
  <w id="2" lemma="|a|" pos="DT" wid="2">a</w>
  <w id="3" lemma="|sign|" pos="NN" wid="3">sign</w>
  <w id="4" lemma="|for|" pos="IN" wid="4">for</w>
  <w id="5" lemma="|all|" pos="DT" wid="5">all</w>
  <w id="6" lemma="|,|" pos="," wid="6">,</w>
  <w id="7" lemma="|not|" pos="RB" wid="7">not</w>
  <w id="8" lemma="|only|" pos="RB" wid="8">only</w>
  <w id="9" lemma="|for|" pos="IN" wid="9">for</w>
  <w id="10" lemma="|believer|" pos="NNS" wid="10">believers</w>
  <w id="11" lemma="|.|" pos="." wid="11">.</w>
</sentence>
<sentence id="23">
  <w id="0" lemma="|however|" pos="RB" wid="0">However</w>
  <w id="1" lemma="|,|" pos="," wid="1">,</w>
  <w id="2" lemma="|then|" pos="RB" wid="2">then</w>
  <w id="3" lemma="|there|" pos="EX" wid="3">there</w>
  <w id="4" lemma="|be|" pos="VBZ" wid="4">is</w>
  <w id="5" lemma="|the|" pos="DT" wid="5">the</w>
  <w id="6" lemma="|greater|" pos="JJR" wid="6">greater</w>
  <w id="7" lemma="|celebration|" pos="NN" wid="7">celebration</w>
  <w id="8" lemma="|which|" pos="WDT" wid="8">which</w>
  <w id="9" lemma="|be|" pos="VBZ" wid="9">is</w>
  <w id="10" lemma="|the|" pos="DT" wid="10">the</w>
  <w id="11" lemma="|feast|" pos="NN" wid="11">feast</w>
  <w id="12" lemma="|of|" pos="IN" wid="12">of</w>
  <w id="13" lemma="|faith|" pos="NN" wid="13">faith</w>
  <w id="14" lemma="|,|" pos="," wid="14">,</w>
  <w id="15" lemma="|when|" pos="WRB" wid="15">when</w>
  <w id="16" lemma="|together|" pos="RB" wid="16">together</w>
  <w id="17" lemma="|we|" pos="PRP" wid="17">we</w>
  <w id="18" lemma="|praise|" pos="VBP" wid="18">praise</w>
  <w id="19" lemma="|the|" pos="DT" wid="19">the</w>
  <w id="20" lemma="|Lord|" pos="NNP" wid="20">Lord</w>
  <w id="21" lemma="|,|" pos="," wid="21">,</w>
  <w id="22" lemma="|sing|" pos="VB" wid="22">sing</w>
  <w id="23" lemma="|,|" pos="," wid="23">,</w>
  <w id="24" lemma="|listen|" pos="VB" wid="24">listen</w>
  <w id="25" lemma="|to|" pos="TO" wid="25">to</w>
  <w id="26" lemma="|the|" pos="DT" wid="26">the</w>
  <w id="27" lemma="|word|" pos="NN" wid="27">word</w>
  <w id="28" lemma="|of|" pos="IN" wid="28">of</w>
  <w id="29" lemma="|God|" pos="NNP" wid="29">God</w>
  <w id="30" lemma="|,|" pos="," wid="30">,</w>
  <w id="31" lemma="|remain|" pos="VBP" wid="31">remain</w>
  <w id="32" lemma="|in|" pos="IN" wid="32">in</w>
  <w id="33" lemma="|the|" pos="DT" wid="33">the</w>
  <w id="34" lemma="|silence|" pos="NN" wid="34">silence</w>
  <w id="35" lemma="|of|" pos="IN" wid="35">of</w>
  <w id="36" lemma="|worship|" pos="NN" wid="36">worship</w>
  <w id="37" lemma="|:|" pos=":" wid="37">:</w>
  <w id="38" lemma="|all|" pos="PDT" wid="38">all</w>
  <w id="39" lemma="|this|" pos="DT" wid="39">this</w>
  <w id="40" lemma="|be|" pos="VBZ" wid="40">is</w>
  <w id="41" lemma="|the|" pos="DT" wid="41">the</w>
  <w id="42" lemma="|culmination|" pos="NN" wid="42">culmination</w>
  <w id="43" lemma="|of|" pos="IN" wid="43">of</w>
  <w id="44" lemma="|the|" pos="DT" wid="44">the</w>
  <w id="45" lemma="|WYD|" pos="NNP" wid="45">WYD</w>
  <w id="46" lemma="|,|" pos="," wid="46">,</w>
  <w id="47" lemma="|it|" pos="PRP" wid="47">it</w>
  <w id="48" lemma="|be|" pos="VBZ" wid="48">is</w>
  <w id="49" lemma="|the|" pos="DT" wid="49">the</w>
  <w id="50" lemma="|true|" pos="JJ" wid="50">true</w>
  <w id="51" lemma="|purpose|" pos="NN" wid="51">purpose</w>
  <w id="52" lemma="|of|" pos="IN" wid="52">of</w>
  <w id="53" lemma="|this|" pos="DT" wid="53">this</w>
  <w id="54" lemma="|important|" pos="JJ" wid="54">important</w>
  <w id="55" lemma="|pilgrimage|" pos="NN" wid="55">pilgrimage</w>
  <w id="56" lemma="|and|" pos="CC" wid="56">and</w>
  <w id="57" lemma="|be|" pos="VBZ" wid="57">is</w>
  <w id="58" lemma="|live|" pos="VBN" wid="58">lived</w>
  <w id="59" lemma="|in|" pos="IN" wid="59">in</w>
  <w id="60" lemma="|a|" pos="DT" wid="60">a</w>
  <w id="61" lemma="|special|" pos="JJ" wid="61">special</w>
  <w id="62" lemma="|way|" pos="NN" wid="62">way</w>
  <w id="63" lemma="|in|" pos="IN" wid="63">in</w>
  <w id="64" lemma="|the|" pos="DT" wid="64">the</w>
  <w id="65" lemma="|great|" pos="JJ" wid="65">great</w>
  <w id="66" lemma="|prayer|" pos="NN" wid="66">Prayer</w>
  <w id="67" lemma="|vigil|" pos="NN" wid="67">Vigil</w>
  <w id="68" lemma="|on|" pos="IN" wid="68">on</w>
  <w id="69" lemma="|the|" pos="DT" wid="69">the</w>
  <w id="70" lemma="|Saturday|" pos="NNP" wid="70">Saturday</w>
  <w id="71" lemma="|evening|" pos="NN" wid="71">evening</w>
  <w id="72" lemma="|and|" pos="CC" wid="72">and</w>
  <w id="73" lemma="|in|" pos="IN" wid="73">in</w>
  <w id="74" lemma="|the|" pos="DT" wid="74">the</w>
  <w id="75" lemma="|closing|" pos="NN" wid="75">closing</w>
  <w id="76" lemma="|Mass|" pos="NNP" wid="76">Mass</w>
  <w id="77" lemma="|.|" pos="." wid="77">.</w>
</sentence>
<sentence id="24">
  <w id="0" lemma="|so|" pos="RB" wid="0">So</w>
  <w id="1" lemma="|:|" pos=":" wid="1">:</w>
  <w id="2" lemma="|this|" pos="DT" wid="2">this</w>
  <w id="3" lemma="|be|" pos="VBZ" wid="3">is</w>
  <w id="4" lemma="|the|" pos="DT" wid="4">the</w>
  <w id="5" lemma="|great|" pos="JJ" wid="5">great</w>
  <w id="6" lemma="|celebration|" pos="NN" wid="6">celebration</w>
  <w id="7" lemma="|,|" pos="," wid="7">,</w>
  <w id="8" lemma="|the|" pos="DT" wid="8">the</w>
  <w id="9" lemma="|celebration|" pos="NN" wid="9">celebration</w>
  <w id="10" lemma="|of|" pos="IN" wid="10">of</w>
  <w id="11" lemma="|faith|" pos="NN" wid="11">faith</w>
  <w id="12" lemma="|and|" pos="CC" wid="12">and</w>
  <w id="13" lemma="|of|" pos="IN" wid="13">of</w>
  <w id="14" lemma="|brotherhood|" pos="NN" wid="14">brotherhood</w>
  <w id="15" lemma="|which|" pos="WDT" wid="15">which</w>
  <w id="16" lemma="|begin|" pos="VBZ" wid="16">begins</w>
  <w id="17" lemma="|in|" pos="IN" wid="17">in</w>
  <w id="18" lemma="|this|" pos="DT" wid="18">this</w>
  <w id="19" lemma="|world|" pos="NN" wid="19">world</w>
  <w id="20" lemma="|and|" pos="CC" wid="20">and</w>
  <w id="21" lemma="|will|" pos="MD" wid="21">will</w>
  <w id="22" lemma="|never|" pos="RB" wid="22">never</w>
  <w id="23" lemma="|come|" pos="VB" wid="23">come</w>
  <w id="24" lemma="|to|" pos="TO" wid="24">to</w>
  <w id="25" lemma="|a|" pos="DT" wid="25">an</w>
  <w id="26" lemma="|end|" pos="NN" wid="26">end</w>
  <w id="27" lemma="|.|" pos="." wid="27">.</w>
</sentence>
<sentence id="25">
  <w id="0" lemma="|however|" pos="RB" wid="0">However</w>
  <w id="1" lemma="|it|" pos="PRP" wid="1">it</w>
  <w id="2" lemma="|be|" pos="VBZ" wid="2">is</w>
  <w id="3" lemma="|only|" pos="RB" wid="3">only</w>
  <w id="4" lemma="|possible|" pos="JJ" wid="4">possible</w>
  <w id="5" lemma="|with|" pos="IN" wid="5">with</w>
  <w id="6" lemma="|the|" pos="DT" wid="6">the</w>
  <w id="7" lemma="|Lord|" pos="NNP" wid="7">Lord</w>
  <w id="8" lemma="|!|" pos="." wid="8">!</w>
</sentence>
<sentence id="26">
  <w id="0" lemma="|without|" pos="IN" wid="0">Without</w>
  <w id="1" lemma="|God|" pos="NNP" wid="1">God</w>
  <w id="2" lemma="|'s|" pos="POS" wid="2">'s</w>
  <w id="3" lemma="|love|" pos="NN" wid="3">love</w>
  <w id="4" lemma="|there|" pos="EX" wid="4">there</w>
  <w id="5" lemma="|be|" pos="VBZ" wid="5">is</w>
  <w id="6" lemma="|no|" pos="DT" wid="6">no</w>
  <w id="7" lemma="|true|" pos="JJ" wid="7">true</w>
  <w id="8" lemma="|celebration|" pos="NN" wid="8">celebration</w>
  <w id="9" lemma="|for|" pos="IN" wid="9">for</w>
  <w id="10" lemma="|man|" pos="NN" wid="10">man</w>
  <w id="11" lemma="|!|" pos="." wid="11">!</w>
</sentence>
<sentence id="27">
  <w id="0" lemma="|hospitality|" pos="NN" wid="0">Hospitality</w>
  <w id="1" lemma="|,|" pos="," wid="1">,</w>
  <w id="2" lemma="|celebration|" pos="NN" wid="2">celebration</w>
  <w id="3" lemma="|--|" pos=":" wid="3">--</w>
  <w id="4" lemma="|but|" pos="CC" wid="4">but</w>
  <w id="5" lemma="|a|" pos="DT" wid="5">a</w>
  <w id="6" lemma="|third|" pos="JJ" wid="6">third</w>
  <w id="7" lemma="|element|" pos="NN" wid="7">element</w>
  <w id="8" lemma="|can|" pos="MD" wid="8">can</w>
  <w id="9" lemma="|not|" pos="RB" wid="9">not</w>
  <w id="10" lemma="|be|" pos="VB" wid="10">be</w>
  <w id="11" lemma="|omit|" pos="VBN" wid="11">omitted</w>
  <w id="12" lemma="|:|" pos=":" wid="12">:</w>
  <w id="13" lemma="|mission|" pos="NN" wid="13">mission</w>
  <w id="14" lemma="|.|" pos="." wid="14">.</w>
</sentence>
<sentence id="28">
  <w id="0" lemma="|this|" pos="DT" wid="0">This</w>
  <w id="1" lemma="|WYD|" pos="NNP" wid="1">WYD</w>
  <w id="2" lemma="|be|" pos="VBD" wid="2">was</w>
  <w id="3" lemma="|mark|" pos="VBN" wid="3">marked</w>
  <w id="4" lemma="|by|" pos="IN" wid="4">by</w>
  <w id="5" lemma="|a|" pos="DT" wid="5">a</w>
  <w id="6" lemma="|missionary|" pos="JJ" wid="6">missionary</w>
  <w id="7" lemma="|theme|" pos="NN" wid="7">theme</w>
  <w id="8" lemma="|:|" pos=":" wid="8">:</w>
  <w id="9" lemma="|``|" pos="``" wid="9">``</w>
  <w id="10" lemma="|go|" pos="VB" wid="10">Go</w>
  <w id="11" lemma="|...|" pos=":" wid="11">...</w>
  <w id="12" lemma="|and|" pos="CC" wid="12">and</w>
  <w id="13" lemma="|make|" pos="VB" wid="13">make</w>
  <w id="14" lemma="|disciple|" pos="NNS" wid="14">disciples</w>
  <w id="15" lemma="|of|" pos="IN" wid="15">of</w>
  <w id="16" lemma="|all|" pos="DT" wid="16">all</w>
  <w id="17" lemma="|nation|" pos="NNS" wid="17">nations</w>
  <w id="18" lemma="|''|" pos="''" wid="18">''</w>
  <w id="19" lemma="|.|" pos="." wid="19">.</w>
</sentence>
<sentence id="29">
  <w id="0" lemma="|we|" pos="PRP" wid="0">We</w>
  <w id="1" lemma="|hear|" pos="VBD" wid="1">heard</w>
  <w id="2" lemma="|Jesus|" pos="NNP" wid="2">Jesus</w>
  <w id="3" lemma="|'|" pos="POS" wid="3">'</w>
  <w id="4" lemma="|word|" pos="NNS" wid="4">words</w>
  <w id="5" lemma="|:|" pos=":" wid="5">:</w>
  <w id="6" lemma="|it|" pos="PRP" wid="6">it</w>
  <w id="7" lemma="|be|" pos="VBZ" wid="7">is</w>
  <w id="8" lemma="|the|" pos="DT" wid="8">the</w>
  <w id="9" lemma="|mission|" pos="NN" wid="9">mission</w>
  <w id="10" lemma="|that|" pos="IN" wid="10">that</w>
  <w id="11" lemma="|he|" pos="PRP" wid="11">he</w>
  <w id="12" lemma="|give|" pos="VBZ" wid="12">gives</w>
  <w id="13" lemma="|to|" pos="TO" wid="13">to</w>
  <w id="14" lemma="|everyone|" pos="NN" wid="14">everyone</w>
  <w id="15" lemma="|!|" pos="." wid="15">!</w>
</sentence>
<sentence id="30">
  <w id="0" lemma="|this|" pos="DT" wid="0">This</w>
  <w id="1" lemma="|be|" pos="VBZ" wid="1">is</w>
  <w id="2" lemma="|the|" pos="DT" wid="2">the</w>
  <w id="3" lemma="|mandate|" pos="NN" wid="3">mandate</w>
  <w id="4" lemma="|the|" pos="DT" wid="4">the</w>
  <w id="5" lemma="|Risen|" pos="NNP" wid="5">Risen</w>
  <w id="6" lemma="|Christ|" pos="NNP" wid="6">Christ</w>
  <w id="7" lemma="|give|" pos="VBD" wid="7">gave</w>
  <w id="8" lemma="|to|" pos="TO" wid="8">to</w>
  <w id="9" lemma="|he|" pos="PRP$" wid="9">his</w>
  <w id="10" lemma="|disciple|" pos="NNS" wid="10">disciples</w>
  <w id="11" lemma="|:|" pos=":" wid="11">:</w>
  <w id="12" lemma="|``|" pos="``" wid="12">``</w>
  <w id="13" lemma="|Go|" pos="NNP" wid="13">Go</w>
  <w id="14" lemma="|''|" pos="''" wid="14">''</w>
  <w id="15" lemma="|,|" pos="," wid="15">,</w>
  <w id="16" lemma="|go|" pos="VBP" wid="16">go</w>
  <w id="17" lemma="|out|" pos="IN" wid="17">out</w>
  <w id="18" lemma="|of|" pos="IN" wid="18">of</w>
  <w id="19" lemma="|yourselve|" pos="NNS" wid="19">yourselves</w>
  <w id="20" lemma="|,|" pos="," wid="20">,</w>
  <w id="21" lemma="|go|" pos="VBP" wid="21">go</w>
  <w id="22" lemma="|out|" pos="IN" wid="22">out</w>
  <w id="23" lemma="|of|" pos="IN" wid="23">of</w>
  <w id="24" lemma="|every|" pos="DT" wid="24">every</w>
  <w id="25" lemma="|form|" pos="NN" wid="25">form</w>
  <w id="26" lemma="|of|" pos="IN" wid="26">of</w>
  <w id="27" lemma="|closure|" pos="NN" wid="27">closure</w>
  <w id="28" lemma="|to|" pos="TO" wid="28">to</w>
  <w id="29" lemma="|bring|" pos="VB" wid="29">bring</w>
  <w id="30" lemma="|the|" pos="DT" wid="30">the</w>
  <w id="31" lemma="|light|" pos="NN" wid="31">light</w>
  <w id="32" lemma="|and|" pos="CC" wid="32">and</w>
  <w id="33" lemma="|love|" pos="NN" wid="33">love</w>
  <w id="34" lemma="|of|" pos="IN" wid="34">of</w>
  <w id="35" lemma="|the|" pos="DT" wid="35">the</w>
  <w id="36" lemma="|gospel|" pos="NN" wid="36">Gospel</w>
  <w id="37" lemma="|to|" pos="TO" wid="37">to</w>
  <w id="38" lemma="|everyone|" pos="NN" wid="38">everyone</w>
  <w id="39" lemma="|,|" pos="," wid="39">,</w>
  <w id="40" lemma="|to|" pos="TO" wid="40">to</w>
  <w id="41" lemma="|the|" pos="DT" wid="41">the</w>
  <w id="42" lemma="|very|" pos="JJ" wid="42">very</w>
  <w id="43" lemma="|end|" pos="NNS" wid="43">ends</w>
  <w id="44" lemma="|of|" pos="IN" wid="44">of</w>
  <w id="45" lemma="|existence|" pos="NN" wid="45">existence</w>
  <w id="46" lemma="|!|" pos="." wid="46">!</w>
</sentence>
<sentence id="31">
  <w id="0" lemma="|and|" pos="CC" wid="0">And</w>
  <w id="1" lemma="|it|" pos="PRP" wid="1">it</w>
  <w id="2" lemma="|be|" pos="VBD" wid="2">was</w>
  <w id="3" lemma="|precisely|" pos="RB" wid="3">precisely</w>
  <w id="4" lemma="|this|" pos="DT" wid="4">this</w>
  <w id="5" lemma="|mandate|" pos="NN" wid="5">mandate</w>
  <w id="6" lemma="|of|" pos="IN" wid="6">of</w>
  <w id="7" lemma="|Jesus|" pos="NNP" wid="7">Jesus</w>
  <w id="8" lemma="|that|" pos="IN" wid="8">that</w>
  <w id="9" lemma="|I|" pos="PRP" wid="9">I</w>
  <w id="10" lemma="|entrust|" pos="VBD" wid="10">entrusted</w>
  <w id="11" lemma="|to|" pos="TO" wid="11">to</w>
  <w id="12" lemma="|the|" pos="DT" wid="12">the</w>
  <w id="13" lemma="|young|" pos="JJ" wid="13">young</w>
  <w id="14" lemma="|people|" pos="NNS" wid="14">people</w>
  <w id="15" lemma="|who|" pos="WP" wid="15">who</w>
  <w id="16" lemma="|fill|" pos="VBD" wid="16">filled</w>
  <w id="17" lemma="|the|" pos="DT" wid="17">the</w>
  <w id="18" lemma="|beach|" pos="NN" wid="18">beach</w>
  <w id="19" lemma="|of|" pos="IN" wid="19">of</w>
  <w id="20" lemma="|Copacabana|" pos="NNP" wid="20">Copacabana</w>
  <w id="21" lemma="|as|" pos="RB" wid="21">as</w>
  <w id="22" lemma="|far|" pos="RB" wid="22">far</w>
  <w id="23" lemma="|as|" pos="IN" wid="23">as</w>
  <w id="24" lemma="|the|" pos="DT" wid="24">the</w>
  <w id="25" lemma="|eye|" pos="NN" wid="25">eye</w>
  <w id="26" lemma="|could|" pos="MD" wid="26">could</w>
  <w id="27" lemma="|see|" pos="VB" wid="27">see</w>
  <w id="28" lemma="|.|" pos="." wid="28">.</w>
</sentence>
<sentence id="32">
  <w id="0" lemma="|a|" pos="DT" wid="0">A</w>
  <w id="1" lemma="|symbolic|" pos="JJ" wid="1">symbolic</w>
  <w id="2" lemma="|place|" pos="NN" wid="2">place</w>
  <w id="3" lemma="|,|" pos="," wid="3">,</w>
  <w id="4" lemma="|the|" pos="DT" wid="4">the</w>
  <w id="5" lemma="|shore|" pos="NN" wid="5">shore</w>
  <w id="6" lemma="|of|" pos="IN" wid="6">of</w>
  <w id="7" lemma="|the|" pos="DT" wid="7">the</w>
  <w id="8" lemma="|ocean|" pos="NN" wid="8">ocean</w>
  <w id="9" lemma="|,|" pos="," wid="9">,</w>
  <w id="10" lemma="|reminiscent|" pos="JJ" wid="10">reminiscent</w>
  <w id="11" lemma="|of|" pos="IN" wid="11">of</w>
  <w id="12" lemma="|the|" pos="DT" wid="12">the</w>
  <w id="13" lemma="|shore|" pos="NN" wid="13">shore</w>
  <w id="14" lemma="|of|" pos="IN" wid="14">of</w>
  <w id="15" lemma="|the|" pos="DT" wid="15">the</w>
  <w id="16" lemma="|Sea|" pos="NNP" wid="16">Sea</w>
  <w id="17" lemma="|of|" pos="IN" wid="17">of</w>
  <w id="18" lemma="|Galilee|" pos="NNP" wid="18">Galilee</w>
  <w id="19" lemma="|.|" pos="." wid="19">.</w>
</sentence>
<sentence id="33">
  <w id="0" lemma="|yes|" pos="RB" wid="0">Yes</w>
  <w id="1" lemma="|,|" pos="," wid="1">,</w>
  <w id="2" lemma="|for|" pos="IN" wid="2">for</w>
  <w id="3" lemma="|today|" pos="NN" wid="3">today</w>
  <w id="4" lemma="|too|" pos="RB" wid="4">too</w>
  <w id="5" lemma="|the|" pos="DT" wid="5">the</w>
  <w id="6" lemma="|Lord|" pos="NNP" wid="6">Lord</w>
  <w id="7" lemma="|repeat|" pos="NNS" wid="7">repeats</w>
  <w id="8" lemma="|:|" pos=":" wid="8">:</w>
  <w id="9" lemma="|``|" pos="``" wid="9">``</w>
  <w id="10" lemma="|go|" pos="VB" wid="10">Go</w>
  <w id="11" lemma="|...|" pos=":" wid="11">...</w>
  <w id="12" lemma="|''|" pos="''" wid="12">''</w>
  <w id="13" lemma="|,|" pos="," wid="13">,</w>
  <w id="14" lemma="|and|" pos="CC" wid="14">and</w>
  <w id="15" lemma="|he|" pos="PRP" wid="15">he</w>
  <w id="16" lemma="|add|" pos="VBZ" wid="16">adds</w>
  <w id="17" lemma="|:|" pos=":" wid="17">:</w>
  <w id="18" lemma="|``|" pos="``" wid="18">``</w>
  <w id="19" lemma="|I|" pos="PRP" wid="19">I</w>
  <w id="20" lemma="|be|" pos="VBP" wid="20">am</w>
  <w id="21" lemma="|with|" pos="IN" wid="21">with</w>
  <w id="22" lemma="|you|" pos="PRP" wid="22">you</w>
  <w id="23" lemma="|,|" pos="," wid="23">,</w>
  <w id="24" lemma="|always|" pos="RB" wid="24">always</w>
  <w id="25" lemma="|''|" pos="''" wid="25">''</w>
  <w id="26" lemma="|.|" pos="." wid="26">.</w>
</sentence>
<sentence id="34">
  <w id="0" lemma="|this|" pos="DT" wid="0">This</w>
  <w id="1" lemma="|be|" pos="VBZ" wid="1">is</w>
  <w id="2" lemma="|fundamental|" pos="JJ" wid="2">fundamental</w>
  <w id="3" lemma="|!|" pos="." wid="3">!</w>
</sentence>
<sentence id="35">
  <w id="0" lemma="|only|" pos="RB" wid="0">Only</w>
  <w id="1" lemma="|with|" pos="IN" wid="1">with</w>
  <w id="2" lemma="|Christ|" pos="NNP" wid="2">Christ</w>
  <w id="3" lemma="|can|" pos="MD" wid="3">can</w>
  <w id="4" lemma="|we|" pos="PRP" wid="4">we</w>
  <w id="5" lemma="|bear|" pos="VB" wid="5">bear</w>
  <w id="6" lemma="|the|" pos="DT" wid="6">the</w>
  <w id="7" lemma="|Gospel|" pos="NNP" wid="7">Gospel</w>
  <w id="8" lemma="|.|" pos="." wid="8">.</w>
</sentence>
<sentence id="36">
  <w id="0" lemma="|without|" pos="IN" wid="0">Without</w>
  <w id="1" lemma="|he|" pos="PRP" wid="1">him</w>
  <w id="2" lemma="|we|" pos="PRP" wid="2">we</w>
  <w id="3" lemma="|can|" pos="MD" wid="3">can</w>
  <w id="4" lemma="|do|" pos="VB" wid="4">do</w>
  <w id="5" lemma="|nothing|" pos="NN" wid="5">nothing</w>
  <w id="6" lemma="|--|" pos=":" wid="6">--</w>
  <w id="7" lemma="|he|" pos="PRP" wid="7">he</w>
  <w id="8" lemma="|himself|" pos="PRP" wid="8">himself</w>
  <w id="9" lemma="|say|" pos="VBD" wid="9">said</w>
  <w id="10" lemma="|so|" pos="RB" wid="10">so</w>
  <w id="11" lemma="|-lrb-|" pos="-LRB-" wid="11">-LRB-</w>
  <w id="12" lemma="|cf|" pos="NN" wid="12">cf</w>
  <w id="13" lemma="|.|" pos="." wid="13">.</w>
</sentence>
<sentence id="37">
  <w id="0" lemma="|jn|" pos="FW" wid="0">Jn</w>
  <w id="1" lemma="|15:5|" pos="FW" wid="1">15:5</w>
  <w id="2" lemma="|-rrb-|" pos="-RRB-" wid="2">-RRB-</w>
  <w id="3" lemma="|.|" pos="." wid="3">.</w>
</sentence>
<sentence id="38">
  <w id="0" lemma="|whereas|" pos="IN" wid="0">Whereas</w>
  <w id="1" lemma="|with|" pos="IN" wid="1">with</w>
  <w id="2" lemma="|he|" pos="PRP" wid="2">him</w>
  <w id="3" lemma="|,|" pos="," wid="3">,</w>
  <w id="4" lemma="|unite|" pos="VBN" wid="4">united</w>
  <w id="5" lemma="|with|" pos="IN" wid="5">with</w>
  <w id="6" lemma="|he|" pos="PRP" wid="6">him</w>
  <w id="7" lemma="|we|" pos="PRP" wid="7">we</w>
  <w id="8" lemma="|can|" pos="MD" wid="8">can</w>
  <w id="9" lemma="|do|" pos="VB" wid="9">do</w>
  <w id="10" lemma="|so|" pos="RB" wid="10">so</w>
  <w id="11" lemma="|much|" pos="JJ" wid="11">much</w>
  <w id="12" lemma="|.|" pos="." wid="12">.</w>
</sentence>
<sentence id="39">
  <w id="0" lemma="|and|" pos="CC" wid="0">And</w>
  <w id="1" lemma="|a|" pos="DT" wid="1">a</w>
  <w id="2" lemma="|boy|" pos="NN" wid="2">boy</w>
  <w id="3" lemma="|,|" pos="," wid="3">,</w>
  <w id="4" lemma="|a|" pos="DT" wid="4">a</w>
  <w id="5" lemma="|girl|" pos="NN" wid="5">girl</w>
  <w id="6" lemma="|who|" pos="WP" wid="6">who</w>
  <w id="7" lemma="|in|" pos="IN" wid="7">in</w>
  <w id="8" lemma="|the|" pos="DT" wid="8">the</w>
  <w id="9" lemma="|eye|" pos="NNS" wid="9">eyes</w>
  <w id="10" lemma="|of|" pos="IN" wid="10">of</w>
  <w id="11" lemma="|the|" pos="DT" wid="11">the</w>
  <w id="12" lemma="|world|" pos="NN" wid="12">world</w>
  <w id="13" lemma="|count|" pos="NNS" wid="13">counts</w>
  <w id="14" lemma="|for|" pos="IN" wid="14">for</w>
  <w id="15" lemma="|little|" pos="JJ" wid="15">little</w>
  <w id="16" lemma="|or|" pos="CC" wid="16">or</w>
  <w id="17" lemma="|nothing|" pos="NN" wid="17">nothing</w>
  <w id="18" lemma="|,|" pos="," wid="18">,</w>
  <w id="19" lemma="|in|" pos="IN" wid="19">in</w>
  <w id="20" lemma="|God|" pos="NNP" wid="20">God</w>
  <w id="21" lemma="|'s|" pos="POS" wid="21">'s</w>
  <w id="22" lemma="|eye|" pos="NNS" wid="22">eyes</w>
  <w id="23" lemma="|be|" pos="VBZ" wid="23">is</w>
  <w id="24" lemma="|a|" pos="DT" wid="24">an</w>
  <w id="25" lemma="|apostle|" pos="NN" wid="25">apostle</w>
  <w id="26" lemma="|of|" pos="IN" wid="26">of</w>
  <w id="27" lemma="|the|" pos="DT" wid="27">the</w>
  <w id="28" lemma="|Kingdom|" pos="NNP" wid="28">Kingdom</w>
  <w id="29" lemma="|,|" pos="," wid="29">,</w>
  <w id="30" lemma="|be|" pos="VBZ" wid="30">is</w>
  <w id="31" lemma="|a|" pos="DT" wid="31">a</w>
  <w id="32" lemma="|hope|" pos="NN" wid="32">hope</w>
  <w id="33" lemma="|for|" pos="IN" wid="33">for</w>
  <w id="34" lemma="|God|" pos="NNP" wid="34">God</w>
  <w id="35" lemma="|!|" pos="." wid="35">!</w>
</sentence>
<sentence id="40">
  <w id="0" lemma="|I|" pos="PRP" wid="0">I</w>
  <w id="1" lemma="|would|" pos="MD" wid="1">would</w>
  <w id="2" lemma="|like|" pos="VB" wid="2">like</w>
  <w id="3" lemma="|to|" pos="TO" wid="3">to</w>
  <w id="4" lemma="|ask|" pos="VB" wid="4">ask</w>
  <w id="5" lemma="|all|" pos="DT" wid="5">all</w>
  <w id="6" lemma="|young|" pos="JJ" wid="6">young</w>
  <w id="7" lemma="|people|" pos="NNS" wid="7">people</w>
  <w id="8" lemma="|forcefully|" pos="RB" wid="8">forcefully</w>
  <w id="9" lemma="|,|" pos="," wid="9">,</w>
  <w id="10" lemma="|but|" pos="CC" wid="10">but</w>
  <w id="11" lemma="|I|" pos="PRP" wid="11">I</w>
  <w id="12" lemma="|do|" pos="VBP" wid="12">do</w>
  <w id="13" lemma="|not|" pos="RB" wid="13">n't</w>
  <w id="14" lemma="|know|" pos="VB" wid="14">know</w>
  <w id="15" lemma="|if|" pos="IN" wid="15">if</w>
  <w id="16" lemma="|there|" pos="EX" wid="16">there</w>
  <w id="17" lemma="|be|" pos="VBP" wid="17">are</w>
  <w id="18" lemma="|any|" pos="DT" wid="18">any</w>
  <w id="19" lemma="|young|" pos="JJ" wid="19">young</w>
  <w id="20" lemma="|people|" pos="NNS" wid="20">people</w>
  <w id="21" lemma="|in|" pos="IN" wid="21">in</w>
  <w id="22" lemma="|the|" pos="DT" wid="22">the</w>
  <w id="23" lemma="|Square|" pos="NNP" wid="23">Square</w>
  <w id="24" lemma="|today|" pos="NN" wid="24">today</w>
  <w id="25" lemma="|.|" pos="." wid="25">.</w>
</sentence>
<sentence id="41">
  <w id="0" lemma="|be|" pos="VBP" wid="0">Are</w>
  <w id="1" lemma="|there|" pos="EX" wid="1">there</w>
  <w id="2" lemma="|any|" pos="DT" wid="2">any</w>
  <w id="3" lemma="|young|" pos="JJ" wid="3">young</w>
  <w id="4" lemma="|people|" pos="NNS" wid="4">people</w>
  <w id="5" lemma="|in|" pos="IN" wid="5">in</w>
  <w id="6" lemma="|the|" pos="DT" wid="6">the</w>
  <w id="7" lemma="|Square|" pos="NNP" wid="7">Square</w>
  <w id="8" lemma="|?|" pos="." wid="8">?</w>
</sentence>
<sentence id="42">
  <w id="0" lemma="|there|" pos="EX" wid="0">There</w>
  <w id="1" lemma="|be|" pos="VBP" wid="1">are</w>
  <w id="2" lemma="|a|" pos="DT" wid="2">a</w>
  <w id="3" lemma="|few|" pos="JJ" wid="3">few</w>
  <w id="4" lemma="|!|" pos="." wid="4">!</w>
</sentence>
<sentence id="43">
  <w id="0" lemma="|I|" pos="PRP" wid="0">I</w>
  <w id="1" lemma="|would|" pos="MD" wid="1">would</w>
  <w id="2" lemma="|like|" pos="VB" wid="2">like</w>
  <w id="3" lemma="|to|" pos="TO" wid="3">to</w>
  <w id="4" lemma="|ask|" pos="VB" wid="4">ask</w>
  <w id="5" lemma="|all|" pos="DT" wid="5">all</w>
  <w id="6" lemma="|of|" pos="IN" wid="6">of</w>
  <w id="7" lemma="|you|" pos="PRP" wid="7">you</w>
  <w id="8" lemma="|forcefully|" pos="RB" wid="8">forcefully</w>
  <w id="9" lemma="|:|" pos=":" wid="9">:</w>
  <w id="10" lemma="|do|" pos="VBP" wid="10">do</w>
  <w id="11" lemma="|you|" pos="PRP" wid="11">you</w>
  <w id="12" lemma="|want|" pos="VB" wid="12">want</w>
  <w id="13" lemma="|to|" pos="TO" wid="13">to</w>
  <w id="14" lemma="|be|" pos="VB" wid="14">be</w>
  <w id="15" lemma="|a|" pos="DT" wid="15">a</w>
  <w id="16" lemma="|hope|" pos="NN" wid="16">hope</w>
  <w id="17" lemma="|for|" pos="IN" wid="17">for</w>
  <w id="18" lemma="|God|" pos="NNP" wid="18">God</w>
  <w id="19" lemma="|?|" pos="." wid="19">?</w>
</sentence>
<sentence id="44">
  <w id="0" lemma="|do|" pos="VBP" wid="0">Do</w>
  <w id="1" lemma="|you|" pos="PRP" wid="1">you</w>
  <w id="2" lemma="|yourselve|" pos="NNS" wid="2">yourselves</w>
  <w id="3" lemma="|want|" pos="VBP" wid="3">want</w>
  <w id="4" lemma="|to|" pos="TO" wid="4">to</w>
  <w id="5" lemma="|be|" pos="VB" wid="5">be</w>
  <w id="6" lemma="|a|" pos="DT" wid="6">a</w>
  <w id="7" lemma="|hope|" pos="NN" wid="7">hope</w>
  <w id="8" lemma="|?|" pos="." wid="8">?</w>
</sentence>
<sentence id="45">
  <w id="0" lemma="|-lsb-|" pos="-LRB-" wid="0">-LSB-</w>
  <w id="1" lemma="|Youth|" pos="NNP" wid="1">Youth</w>
  <w id="2" lemma="|:|" pos=":" wid="2">:</w>
  <w id="3" lemma="|``|" pos="``" wid="3">``</w>
  <w id="4" lemma="|yes|" pos="UH" wid="4">yes</w>
  <w id="5" lemma="|!|" pos="." wid="5">!</w>
  <w id="6" lemma="|''|" pos="''" wid="6">''</w>
  <w id="7" lemma="|-rsb-|" pos="-RRB-" wid="7">-RSB-</w>
  <w id="8" lemma="|.|" pos="." wid="8">.</w>
</sentence>
<sentence id="46">
  <w id="0" lemma="|do|" pos="VBP" wid="0">Do</w>
  <w id="1" lemma="|you|" pos="PRP" wid="1">you</w>
  <w id="2" lemma="|want|" pos="VB" wid="2">want</w>
  <w id="3" lemma="|to|" pos="TO" wid="3">to</w>
  <w id="4" lemma="|be|" pos="VB" wid="4">be</w>
  <w id="5" lemma="|a|" pos="DT" wid="5">a</w>
  <w id="6" lemma="|hope|" pos="NN" wid="6">hope</w>
  <w id="7" lemma="|for|" pos="IN" wid="7">for</w>
  <w id="8" lemma="|the|" pos="DT" wid="8">the</w>
  <w id="9" lemma="|Church|" pos="NNP" wid="9">Church</w>
  <w id="10" lemma="|?|" pos="." wid="10">?</w>
</sentence>
<sentence id="47">
  <w id="0" lemma="|-lsb-|" pos="-LRB-" wid="0">-LSB-</w>
  <w id="1" lemma="|youth|" pos="NN" wid="1">youth</w>
  <w id="2" lemma="|:|" pos=":" wid="2">:</w>
  <w id="3" lemma="|``|" pos="``" wid="3">``</w>
  <w id="4" lemma="|yes|" pos="UH" wid="4">yes</w>
  <w id="5" lemma="|!|" pos="." wid="5">!</w>
  <w id="6" lemma="|''|" pos="''" wid="6">''</w>
  <w id="7" lemma="|-rsb-|" pos="-RRB-" wid="7">-RSB-</w>
  <w id="8" lemma="|.|" pos="." wid="8">.</w>
</sentence>
<sentence id="48">
  <w id="0" lemma="|a|" pos="DT" wid="0">A</w>
  <w id="1" lemma="|young|" pos="JJ" wid="1">young</w>
  <w id="2" lemma="|heart|" pos="NN" wid="2">heart</w>
  <w id="3" lemma="|that|" pos="WDT" wid="3">that</w>
  <w id="4" lemma="|welcome|" pos="VBZ" wid="4">welcomes</w>
  <w id="5" lemma="|Christ|" pos="NNP" wid="5">Christ</w>
  <w id="6" lemma="|'s|" pos="POS" wid="6">'s</w>
  <w id="7" lemma="|love|" pos="NN" wid="7">love</w>
  <w id="8" lemma="|become|" pos="VBZ" wid="8">becomes</w>
  <w id="9" lemma="|hope|" pos="NN" wid="9">hope</w>
  <w id="10" lemma="|for|" pos="IN" wid="10">for</w>
  <w id="11" lemma="|other|" pos="NNS" wid="11">others</w>
  <w id="12" lemma="|,|" pos="," wid="12">,</w>
  <w id="13" lemma="|it|" pos="PRP" wid="13">it</w>
  <w id="14" lemma="|be|" pos="VBZ" wid="14">is</w>
  <w id="15" lemma="|a|" pos="DT" wid="15">an</w>
  <w id="16" lemma="|immense|" pos="JJ" wid="16">immense</w>
  <w id="17" lemma="|force|" pos="NN" wid="17">force</w>
  <w id="18" lemma="|!|" pos="." wid="18">!</w>
</sentence>
<sentence id="49">
  <w id="0" lemma="|but|" pos="CC" wid="0">But</w>
  <w id="1" lemma="|you|" pos="PRP" wid="1">you</w>
  <w id="2" lemma="|,|" pos="," wid="2">,</w>
  <w id="3" lemma="|boy|" pos="NNS" wid="3">boys</w>
  <w id="4" lemma="|and|" pos="CC" wid="4">and</w>
  <w id="5" lemma="|girl|" pos="NNS" wid="5">girls</w>
  <w id="6" lemma="|,|" pos="," wid="6">,</w>
  <w id="7" lemma="|all|" pos="DT" wid="7">all</w>
  <w id="8" lemma="|young|" pos="JJ" wid="8">young</w>
  <w id="9" lemma="|people|" pos="NNS" wid="9">people</w>
  <w id="10" lemma="|,|" pos="," wid="10">,</w>
  <w id="11" lemma="|you|" pos="PRP" wid="11">you</w>
  <w id="12" lemma="|must|" pos="MD" wid="12">must</w>
  <w id="13" lemma="|transform|" pos="VB" wid="13">transform</w>
  <w id="14" lemma="|we|" pos="PRP" wid="14">us</w>
  <w id="15" lemma="|and|" pos="CC" wid="15">and</w>
  <w id="16" lemma="|yourselve|" pos="VBZ" wid="16">yourselves</w>
  <w id="17" lemma="|into|" pos="IN" wid="17">into</w>
  <w id="18" lemma="|hope|" pos="NN" wid="18">hope</w>
  <w id="19" lemma="|!|" pos="." wid="19">!</w>
</sentence>
<sentence id="50">
  <w id="0" lemma="|open|" pos="VB" wid="0">Open</w>
  <w id="1" lemma="|the|" pos="DT" wid="1">the</w>
  <w id="2" lemma="|door|" pos="NNS" wid="2">doors</w>
  <w id="3" lemma="|to|" pos="TO" wid="3">to</w>
  <w id="4" lemma="|a|" pos="DT" wid="4">a</w>
  <w id="5" lemma="|new|" pos="JJ" wid="5">new</w>
  <w id="6" lemma="|world|" pos="NN" wid="6">world</w>
  <w id="7" lemma="|of|" pos="IN" wid="7">of</w>
  <w id="8" lemma="|hope|" pos="NN" wid="8">hope</w>
  <w id="9" lemma="|.|" pos="." wid="9">.</w>
</sentence>
<sentence id="51">
  <w id="0" lemma="|this|" pos="DT" wid="0">This</w>
  <w id="1" lemma="|be|" pos="VBZ" wid="1">is</w>
  <w id="2" lemma="|you|" pos="PRP$" wid="2">your</w>
  <w id="3" lemma="|task|" pos="NN" wid="3">task</w>
  <w id="4" lemma="|.|" pos="." wid="4">.</w>
</sentence>
<sentence id="52">
  <w id="0" lemma="|do|" pos="VBP" wid="0">Do</w>
  <w id="1" lemma="|you|" pos="PRP" wid="1">you</w>
  <w id="2" lemma="|want|" pos="VB" wid="2">want</w>
  <w id="3" lemma="|to|" pos="TO" wid="3">to</w>
  <w id="4" lemma="|be|" pos="VB" wid="4">be</w>
  <w id="5" lemma="|hope|" pos="NN" wid="5">hope</w>
  <w id="6" lemma="|for|" pos="IN" wid="6">for</w>
  <w id="7" lemma="|we|" pos="PRP" wid="7">us</w>
  <w id="8" lemma="|all|" pos="DT" wid="8">all</w>
  <w id="9" lemma="|?|" pos="." wid="9">?</w>
</sentence>
<sentence id="53">
  <w id="0" lemma="|-lsb-|" pos="-LRB-" wid="0">-LSB-</w>
  <w id="1" lemma="|youth|" pos="NN" wid="1">youth</w>
  <w id="2" lemma="|:|" pos=":" wid="2">:</w>
  <w id="3" lemma="|``|" pos="``" wid="3">``</w>
  <w id="4" lemma="|yes|" pos="UH" wid="4">yes</w>
  <w id="5" lemma="|!|" pos="." wid="5">!</w>
  <w id="6" lemma="|''|" pos="''" wid="6">''</w>
  <w id="7" lemma="|-rsb-|" pos="-RRB-" wid="7">-RSB-</w>
</sentence>
<sentence id="54">
  <w id="0" lemma="|let|" pos="VB" wid="0">Let</w>
  <w id="1" lemma="|we|" pos="PRP" wid="1">us</w>
  <w id="2" lemma="|think|" pos="VB" wid="2">think</w>
  <w id="3" lemma="|of|" pos="IN" wid="3">of</w>
  <w id="4" lemma="|the|" pos="DT" wid="4">the</w>
  <w id="5" lemma="|meaning|" pos="NN" wid="5">meaning</w>
  <w id="6" lemma="|of|" pos="IN" wid="6">of</w>
  <w id="7" lemma="|that|" pos="DT" wid="7">that</w>
  <w id="8" lemma="|multitude|" pos="NN" wid="8">multitude</w>
  <w id="9" lemma="|of|" pos="IN" wid="9">of</w>
  <w id="10" lemma="|young|" pos="JJ" wid="10">young</w>
  <w id="11" lemma="|people|" pos="NNS" wid="11">people</w>
  <w id="12" lemma="|who|" pos="WP" wid="12">who</w>
  <w id="13" lemma="|encounter|" pos="VBD" wid="13">encountered</w>
  <w id="14" lemma="|the|" pos="DT" wid="14">the</w>
  <w id="15" lemma="|Risen|" pos="NNP" wid="15">Risen</w>
  <w id="16" lemma="|Christ|" pos="NNP" wid="16">Christ</w>
  <w id="17" lemma="|in|" pos="IN" wid="17">in</w>
  <w id="18" lemma="|Rio|" pos="NNP" wid="18">Rio</w>
  <w id="19" lemma="|de|" pos="IN" wid="19">de</w>
  <w id="20" lemma="|Janeiro|" pos="NNP" wid="20">Janeiro</w>
  <w id="21" lemma="|and|" pos="CC" wid="21">and</w>
  <w id="22" lemma="|who|" pos="WP" wid="22">who</w>
  <w id="23" lemma="|bring|" pos="VBP" wid="23">bring</w>
  <w id="24" lemma="|he|" pos="PRP$" wid="24">his</w>
  <w id="25" lemma="|love|" pos="NN" wid="25">love</w>
  <w id="26" lemma="|to|" pos="TO" wid="26">to</w>
  <w id="27" lemma="|everyday|" pos="JJ" wid="27">everyday</w>
  <w id="28" lemma="|life|" pos="NN" wid="28">life</w>
  <w id="29" lemma="|,|" pos="," wid="29">,</w>
  <w id="30" lemma="|who|" pos="WP" wid="30">who</w>
  <w id="31" lemma="|live|" pos="VBP" wid="31">live</w>
  <w id="32" lemma="|it|" pos="PRP" wid="32">it</w>
  <w id="33" lemma="|and|" pos="CC" wid="33">and</w>
  <w id="34" lemma="|communicate|" pos="VB" wid="34">communicate</w>
  <w id="35" lemma="|it|" pos="PRP" wid="35">it</w>
  <w id="36" lemma="|.|" pos="." wid="36">.</w>
</sentence>
<sentence id="55">
  <w id="0" lemma="|they|" pos="PRP" wid="0">They</w>
  <w id="1" lemma="|be|" pos="VBP" wid="1">are</w>
  <w id="2" lemma="|not|" pos="RB" wid="2">not</w>
  <w id="3" lemma="|go|" pos="VBG" wid="3">going</w>
  <w id="4" lemma="|to|" pos="TO" wid="4">to</w>
  <w id="5" lemma="|end|" pos="VB" wid="5">end</w>
  <w id="6" lemma="|up|" pos="RP" wid="6">up</w>
  <w id="7" lemma="|in|" pos="IN" wid="7">in</w>
  <w id="8" lemma="|the|" pos="DT" wid="8">the</w>
  <w id="9" lemma="|newspaper|" pos="NNS" wid="9">newspapers</w>
  <w id="10" lemma="|because|" pos="IN" wid="10">because</w>
  <w id="11" lemma="|they|" pos="PRP" wid="11">they</w>
  <w id="12" lemma="|do|" pos="VBP" wid="12">do</w>
  <w id="13" lemma="|not|" pos="RB" wid="13">n't</w>
  <w id="14" lemma="|perpetrate|" pos="VB" wid="14">perpetrate</w>
  <w id="15" lemma="|act|" pos="NNS" wid="15">acts</w>
  <w id="16" lemma="|of|" pos="IN" wid="16">of</w>
  <w id="17" lemma="|violence|" pos="NN" wid="17">violence</w>
  <w id="18" lemma="|,|" pos="," wid="18">,</w>
  <w id="19" lemma="|they|" pos="PRP" wid="19">they</w>
  <w id="20" lemma="|do|" pos="VBP" wid="20">do</w>
  <w id="21" lemma="|not|" pos="RB" wid="21">n't</w>
  <w id="22" lemma="|give|" pos="VB" wid="22">give</w>
  <w id="23" lemma="|rise|" pos="NN" wid="23">rise</w>
  <w id="24" lemma="|to|" pos="TO" wid="24">to</w>
  <w id="25" lemma="|scandal|" pos="NN" wid="25">scandal</w>
  <w id="26" lemma="|and|" pos="CC" wid="26">and</w>
  <w id="27" lemma="|so|" pos="IN" wid="27">so</w>
  <w id="28" lemma="|they|" pos="PRP" wid="28">they</w>
  <w id="29" lemma="|do|" pos="VBP" wid="29">do</w>
  <w id="30" lemma="|not|" pos="RB" wid="30">n't</w>
  <w id="31" lemma="|make|" pos="VB" wid="31">make</w>
  <w id="32" lemma="|news|" pos="NN" wid="32">news</w>
  <w id="33" lemma="|.|" pos="." wid="33">.</w>
</sentence>
<sentence id="56">
  <w id="0" lemma="|yet|" pos="RB" wid="0">Yet</w>
  <w id="1" lemma="|if|" pos="IN" wid="1">if</w>
  <w id="2" lemma="|they|" pos="PRP" wid="2">they</w>
  <w id="3" lemma="|stay|" pos="VBP" wid="3">stay</w>
  <w id="4" lemma="|unite|" pos="VBN" wid="4">united</w>
  <w id="5" lemma="|to|" pos="TO" wid="5">to</w>
  <w id="6" lemma="|Jesus|" pos="NNP" wid="6">Jesus</w>
  <w id="7" lemma="|they|" pos="PRP" wid="7">they</w>
  <w id="8" lemma="|build|" pos="VBP" wid="8">build</w>
  <w id="9" lemma="|he|" pos="PRP$" wid="9">his</w>
  <w id="10" lemma="|Kingdom|" pos="NNP" wid="10">Kingdom</w>
  <w id="11" lemma="|,|" pos="," wid="11">,</w>
  <w id="12" lemma="|they|" pos="PRP" wid="12">they</w>
  <w id="13" lemma="|build|" pos="VBP" wid="13">build</w>
  <w id="14" lemma="|brotherhood|" pos="NN" wid="14">brotherhood</w>
  <w id="15" lemma="|,|" pos="," wid="15">,</w>
  <w id="16" lemma="|sharing|" pos="NN" wid="16">sharing</w>
  <w id="17" lemma="|,|" pos="," wid="17">,</w>
  <w id="18" lemma="|work|" pos="VBZ" wid="18">works</w>
  <w id="19" lemma="|of|" pos="IN" wid="19">of</w>
  <w id="20" lemma="|mercy|" pos="NN" wid="20">mercy</w>
  <w id="21" lemma="|,|" pos="," wid="21">,</w>
  <w id="22" lemma="|they|" pos="PRP" wid="22">they</w>
  <w id="23" lemma="|be|" pos="VBP" wid="23">are</w>
  <w id="24" lemma="|a|" pos="DT" wid="24">a</w>
  <w id="25" lemma="|powerful|" pos="JJ" wid="25">powerful</w>
  <w id="26" lemma="|force|" pos="NN" wid="26">force</w>
  <w id="27" lemma="|to|" pos="TO" wid="27">to</w>
  <w id="28" lemma="|make|" pos="VB" wid="28">make</w>
  <w id="29" lemma="|the|" pos="DT" wid="29">the</w>
  <w id="30" lemma="|world|" pos="NN" wid="30">world</w>
  <w id="31" lemma="|more|" pos="RBR" wid="31">more</w>
  <w id="32" lemma="|just|" pos="RB" wid="32">just</w>
  <w id="33" lemma="|and|" pos="CC" wid="33">and</w>
  <w id="34" lemma="|more|" pos="RBR" wid="34">more</w>
  <w id="35" lemma="|beautiful|" pos="JJ" wid="35">beautiful</w>
  <w id="36" lemma="|,|" pos="," wid="36">,</w>
  <w id="37" lemma="|to|" pos="TO" wid="37">to</w>
  <w id="38" lemma="|transform|" pos="VB" wid="38">transform</w>
  <w id="39" lemma="|it|" pos="PRP" wid="39">it</w>
  <w id="40" lemma="|!|" pos="." wid="40">!</w>
</sentence>
<sentence id="57">
  <w id="0" lemma="|I|" pos="PRP" wid="0">I</w>
  <w id="1" lemma="|would|" pos="MD" wid="1">would</w>
  <w id="2" lemma="|now|" pos="RB" wid="2">now</w>
  <w id="3" lemma="|like|" pos="VB" wid="3">like</w>
  <w id="4" lemma="|to|" pos="TO" wid="4">to</w>
  <w id="5" lemma="|ask|" pos="VB" wid="5">ask</w>
  <w id="6" lemma="|the|" pos="DT" wid="6">the</w>
  <w id="7" lemma="|young|" pos="JJ" wid="7">young</w>
  <w id="8" lemma="|man|" pos="NNS" wid="8">men</w>
  <w id="9" lemma="|and|" pos="CC" wid="9">and</w>
  <w id="10" lemma="|woman|" pos="NNS" wid="10">women</w>
  <w id="11" lemma="|who|" pos="WP" wid="11">who</w>
  <w id="12" lemma="|be|" pos="VBP" wid="12">are</w>
  <w id="13" lemma="|here|" pos="RB" wid="13">here</w>
  <w id="14" lemma="|in|" pos="IN" wid="14">in</w>
  <w id="15" lemma="|the|" pos="DT" wid="15">the</w>
  <w id="16" lemma="|Square|" pos="NNP" wid="16">Square</w>
  <w id="17" lemma="|:|" pos=":" wid="17">:</w>
  <w id="18" lemma="|do|" pos="VBP" wid="18">do</w>
  <w id="19" lemma="|you|" pos="PRP" wid="19">you</w>
  <w id="20" lemma="|have|" pos="VB" wid="20">have</w>
  <w id="21" lemma="|the|" pos="DT" wid="21">the</w>
  <w id="22" lemma="|courage|" pos="NN" wid="22">courage</w>
  <w id="23" lemma="|to|" pos="TO" wid="23">to</w>
  <w id="24" lemma="|take|" pos="VB" wid="24">take</w>
  <w id="25" lemma="|up|" pos="RP" wid="25">up</w>
  <w id="26" lemma="|this|" pos="DT" wid="26">this</w>
  <w id="27" lemma="|challenge|" pos="NN" wid="27">challenge</w>
  <w id="28" lemma="|?|" pos="." wid="28">?</w>
</sentence>
<sentence id="58">
  <w id="0" lemma="|-lsb-|" pos="-LRB-" wid="0">-LSB-</w>
  <w id="1" lemma="|youth|" pos="NN" wid="1">youth</w>
  <w id="2" lemma="|:|" pos=":" wid="2">:</w>
  <w id="3" lemma="|``|" pos="``" wid="3">``</w>
  <w id="4" lemma="|yes|" pos="UH" wid="4">yes</w>
  <w id="5" lemma="|!|" pos="." wid="5">!</w>
  <w id="6" lemma="|''|" pos="''" wid="6">''</w>
  <w id="7" lemma="|-rsb-|" pos="-RRB-" wid="7">-RSB-</w>
  <w id="8" lemma="|.|" pos="." wid="8">.</w>
</sentence>
<sentence id="59">
  <w id="0" lemma="|do|" pos="VBP" wid="0">Do</w>
  <w id="1" lemma="|you|" pos="PRP" wid="1">you</w>
  <w id="2" lemma="|have|" pos="VB" wid="2">have</w>
  <w id="3" lemma="|the|" pos="DT" wid="3">the</w>
  <w id="4" lemma="|courage|" pos="NN" wid="4">courage</w>
  <w id="5" lemma="|or|" pos="CC" wid="5">or</w>
  <w id="6" lemma="|not|" pos="RB" wid="6">not</w>
  <w id="7" lemma="|?|" pos="." wid="7">?</w>
</sentence>
<sentence id="60">
  <w id="0" lemma="|I|" pos="PRP" wid="0">I</w>
  <w id="1" lemma="|do|" pos="VBD" wid="1">did</w>
  <w id="2" lemma="|not|" pos="RB" wid="2">not</w>
  <w id="3" lemma="|hear|" pos="VB" wid="3">hear</w>
  <w id="4" lemma="|very|" pos="RB" wid="4">very</w>
  <w id="5" lemma="|well|" pos="RB" wid="5">well</w>
  <w id="6" lemma="|...|" pos=":" wid="6">...</w>
  <w id="7" lemma="|-lsb-|" pos="-LRB-" wid="7">-LSB-</w>
  <w id="8" lemma="|youth|" pos="NN" wid="8">youth</w>
  <w id="9" lemma="|:|" pos=":" wid="9">:</w>
  <w id="10" lemma="|``|" pos="``" wid="10">``</w>
  <w id="11" lemma="|yes|" pos="UH" wid="11">yes</w>
  <w id="12" lemma="|!|" pos="." wid="12">!</w>
  <w id="13" lemma="|''|" pos="''" wid="13">''</w>
  <w id="14" lemma="|-rsb-|" pos="-RRB-" wid="14">-RSB-</w>
</sentence>
<sentence id="61">
  <w id="0" lemma="|be|" pos="VBP" wid="0">Are</w>
  <w id="1" lemma="|you|" pos="PRP" wid="1">you</w>
  <w id="2" lemma="|ready|" pos="JJ" wid="2">ready</w>
  <w id="3" lemma="|to|" pos="TO" wid="3">to</w>
  <w id="4" lemma="|be|" pos="VB" wid="4">be</w>
  <w id="5" lemma="|this|" pos="DT" wid="5">this</w>
  <w id="6" lemma="|force|" pos="NN" wid="6">force</w>
  <w id="7" lemma="|of|" pos="IN" wid="7">of</w>
  <w id="8" lemma="|love|" pos="NN" wid="8">love</w>
  <w id="9" lemma="|and|" pos="CC" wid="9">and</w>
  <w id="10" lemma="|mercy|" pos="NN" wid="10">mercy</w>
  <w id="11" lemma="|that|" pos="WDT" wid="11">that</w>
  <w id="12" lemma="|be|" pos="VBZ" wid="12">is</w>
  <w id="13" lemma="|brave|" pos="VB" wid="13">brave</w>
  <w id="14" lemma="|enough|" pos="RB" wid="14">enough</w>
  <w id="15" lemma="|to|" pos="TO" wid="15">to</w>
  <w id="16" lemma="|want|" pos="VB" wid="16">want</w>
  <w id="17" lemma="|to|" pos="TO" wid="17">to</w>
  <w id="18" lemma="|transform|" pos="VB" wid="18">transform</w>
  <w id="19" lemma="|the|" pos="DT" wid="19">the</w>
  <w id="20" lemma="|world|" pos="NN" wid="20">world</w>
  <w id="21" lemma="|?|" pos="." wid="21">?</w>
</sentence>
<sentence id="62">
  <w id="0" lemma="|-lsb-|" pos="-LRB-" wid="0">-LSB-</w>
  <w id="1" lemma="|youth|" pos="NN" wid="1">youth</w>
  <w id="2" lemma="|:|" pos=":" wid="2">:</w>
  <w id="3" lemma="|``|" pos="``" wid="3">``</w>
  <w id="4" lemma="|yes|" pos="UH" wid="4">yes</w>
  <w id="5" lemma="|''|" pos="''" wid="5">''</w>
  <w id="6" lemma="|!|" pos="." wid="6">!</w>
  <w id="7" lemma="|-rsb-|" pos="-RRB-" wid="7">-RSB-</w>
</sentence>
<sentence id="63">
  <w id="0" lemma="|Dear|" pos="NNP" wid="0">Dear</w>
  <w id="1" lemma="|friend|" pos="NNS" wid="1">friends</w>
  <w id="2" lemma="|,|" pos="," wid="2">,</w>
  <w id="3" lemma="|the|" pos="DT" wid="3">the</w>
  <w id="4" lemma="|experience|" pos="NN" wid="4">experience</w>
  <w id="5" lemma="|of|" pos="IN" wid="5">of</w>
  <w id="6" lemma="|WYD|" pos="NNP" wid="6">WYD</w>
  <w id="7" lemma="|remind|" pos="VBZ" wid="7">reminds</w>
  <w id="8" lemma="|we|" pos="PRP" wid="8">us</w>
  <w id="9" lemma="|of|" pos="IN" wid="9">of</w>
  <w id="10" lemma="|history|" pos="NN" wid="10">history</w>
  <w id="11" lemma="|'s|" pos="POS" wid="11">'s</w>
  <w id="12" lemma="|truly|" pos="RB" wid="12">truly</w>
  <w id="13" lemma="|great|" pos="JJ" wid="13">great</w>
  <w id="14" lemma="|piece|" pos="NN" wid="14">piece</w>
  <w id="15" lemma="|of|" pos="IN" wid="15">of</w>
  <w id="16" lemma="|news|" pos="NN" wid="16">news</w>
  <w id="17" lemma="|:|" pos=":" wid="17">:</w>
  <w id="18" lemma="|the|" pos="DT" wid="18">the</w>
  <w id="19" lemma="|Good|" pos="NNP" wid="19">Good</w>
  <w id="20" lemma="|News|" pos="NNP" wid="20">News</w>
  <w id="21" lemma="|.|" pos="." wid="21">.</w>
</sentence>
<sentence id="64">
  <w id="0" lemma="|even|" pos="RB" wid="0">Even</w>
  <w id="1" lemma="|if|" pos="IN" wid="1">if</w>
  <w id="2" lemma="|it|" pos="PRP" wid="2">it</w>
  <w id="3" lemma="|be|" pos="VBZ" wid="3">is</w>
  <w id="4" lemma="|not|" pos="RB" wid="4">not</w>
  <w id="5" lemma="|splash|" pos="VBN" wid="5">splashed</w>
  <w id="6" lemma="|across|" pos="IN" wid="6">across</w>
  <w id="7" lemma="|the|" pos="DT" wid="7">the</w>
  <w id="8" lemma="|newspaper|" pos="NNS" wid="8">newspapers</w>
  <w id="9" lemma="|and|" pos="CC" wid="9">and</w>
  <w id="10" lemma="|do|" pos="VBZ" wid="10">does</w>
  <w id="11" lemma="|not|" pos="RB" wid="11">not</w>
  <w id="12" lemma="|appear|" pos="VB" wid="12">appear</w>
  <w id="13" lemma="|on|" pos="IN" wid="13">on</w>
  <w id="14" lemma="|television|" pos="NN" wid="14">television</w>
  <w id="15" lemma="|we|" pos="PRP" wid="15">we</w>
  <w id="16" lemma="|be|" pos="VBP" wid="16">are</w>
  <w id="17" lemma="|love|" pos="VBN" wid="17">loved</w>
  <w id="18" lemma="|by|" pos="IN" wid="18">by</w>
  <w id="19" lemma="|God|" pos="NNP" wid="19">God</w>
  <w id="20" lemma="|who|" pos="WP" wid="20">who</w>
  <w id="21" lemma="|be|" pos="VBZ" wid="21">is</w>
  <w id="22" lemma="|we|" pos="PRP$" wid="22">our</w>
  <w id="23" lemma="|Father|" pos="NNP" wid="23">Father</w>
  <w id="24" lemma="|and|" pos="CC" wid="24">and</w>
  <w id="25" lemma="|who|" pos="WP" wid="25">who</w>
  <w id="26" lemma="|send|" pos="VBD" wid="26">sent</w>
  <w id="27" lemma="|he|" pos="PRP$" wid="27">his</w>
  <w id="28" lemma="|Son|" pos="NNP" wid="28">Son</w>
  <w id="29" lemma="|Jesus|" pos="NNP" wid="29">Jesus</w>
  <w id="30" lemma="|to|" pos="TO" wid="30">to</w>
  <w id="31" lemma="|make|" pos="VB" wid="31">make</w>
  <w id="32" lemma="|himself|" pos="PRP" wid="32">himself</w>
  <w id="33" lemma="|close|" pos="RB" wid="33">close</w>
  <w id="34" lemma="|to|" pos="TO" wid="34">to</w>
  <w id="35" lemma="|each|" pos="DT" wid="35">each</w>
  <w id="36" lemma="|one|" pos="CD" wid="36">one</w>
  <w id="37" lemma="|of|" pos="IN" wid="37">of</w>
  <w id="38" lemma="|we|" pos="PRP" wid="38">us</w>
  <w id="39" lemma="|and|" pos="CC" wid="39">and</w>
  <w id="40" lemma="|to|" pos="TO" wid="40">to</w>
  <w id="41" lemma="|save|" pos="VB" wid="41">save</w>
  <w id="42" lemma="|we|" pos="PRP" wid="42">us</w>
  <w id="43" lemma="|.|" pos="." wid="43">.</w>
</sentence>
<sentence id="65">
  <w id="0" lemma="|he|" pos="PRP" wid="0">He</w>
  <w id="1" lemma="|send|" pos="VBD" wid="1">sent</w>
  <w id="2" lemma="|Jesus|" pos="NNP" wid="2">Jesus</w>
  <w id="3" lemma="|to|" pos="TO" wid="3">to</w>
  <w id="4" lemma="|save|" pos="VB" wid="4">save</w>
  <w id="5" lemma="|we|" pos="PRP" wid="5">us</w>
  <w id="6" lemma="|,|" pos="," wid="6">,</w>
  <w id="7" lemma="|to|" pos="TO" wid="7">to</w>
  <w id="8" lemma="|forgive|" pos="VB" wid="8">forgive</w>
  <w id="9" lemma="|all|" pos="DT" wid="9">all</w>
  <w id="10" lemma="|of|" pos="IN" wid="10">of</w>
  <w id="11" lemma="|we|" pos="PRP" wid="11">us</w>
  <w id="12" lemma="|,|" pos="," wid="12">,</w>
  <w id="13" lemma="|for|" pos="IN" wid="13">for</w>
  <w id="14" lemma="|he|" pos="PRP" wid="14">he</w>
  <w id="15" lemma="|always|" pos="RB" wid="15">always</w>
  <w id="16" lemma="|forgive|" pos="VBZ" wid="16">forgives</w>
  <w id="17" lemma="|:|" pos=":" wid="17">:</w>
  <w id="18" lemma="|he|" pos="PRP" wid="18">he</w>
  <w id="19" lemma="|always|" pos="RB" wid="19">always</w>
  <w id="20" lemma="|pardon|" pos="VBZ" wid="20">pardons</w>
  <w id="21" lemma="|because|" pos="IN" wid="21">because</w>
  <w id="22" lemma="|he|" pos="PRP" wid="22">he</w>
  <w id="23" lemma="|be|" pos="VBZ" wid="23">is</w>
  <w id="24" lemma="|good|" pos="JJ" wid="24">good</w>
  <w id="25" lemma="|and|" pos="CC" wid="25">and</w>
  <w id="26" lemma="|merciful|" pos="JJ" wid="26">merciful</w>
  <w id="27" lemma="|.|" pos="." wid="27">.</w>
</sentence>
<sentence id="66">
  <w id="0" lemma="|remember|" pos="VB" wid="0">Remember</w>
  <w id="1" lemma="|:|" pos=":" wid="1">:</w>
  <w id="2" lemma="|hospitality|" pos="NN" wid="2">hospitality</w>
  <w id="3" lemma="|,|" pos="," wid="3">,</w>
  <w id="4" lemma="|celebration|" pos="NN" wid="4">celebration</w>
  <w id="5" lemma="|and|" pos="CC" wid="5">and</w>
  <w id="6" lemma="|mission|" pos="NN" wid="6">mission</w>
  <w id="7" lemma="|.|" pos="." wid="7">.</w>
</sentence>
<sentence id="67">
  <w id="0" lemma="|three|" pos="CD" wid="0">Three</w>
  <w id="1" lemma="|word|" pos="NNS" wid="1">words</w>
  <w id="2" lemma="|:|" pos=":" wid="2">:</w>
  <w id="3" lemma="|hospitality|" pos="NN" wid="3">Hospitality</w>
  <w id="4" lemma="|,|" pos="," wid="4">,</w>
  <w id="5" lemma="|celebration|" pos="NN" wid="5">celebration</w>
  <w id="6" lemma="|and|" pos="CC" wid="6">and</w>
  <w id="7" lemma="|mission|" pos="NN" wid="7">mission</w>
  <w id="8" lemma="|.|" pos="." wid="8">.</w>
</sentence>
<sentence id="68">
  <w id="0" lemma="|May|" pos="NNP" wid="0">May</w>
  <w id="1" lemma="|these|" pos="DT" wid="1">these</w>
  <w id="2" lemma="|word|" pos="NNS" wid="2">words</w>
  <w id="3" lemma="|not|" pos="RB" wid="3">not</w>
  <w id="4" lemma="|only|" pos="RB" wid="4">only</w>
  <w id="5" lemma="|be|" pos="VB" wid="5">be</w>
  <w id="6" lemma="|a|" pos="DT" wid="6">a</w>
  <w id="7" lemma="|memory|" pos="NN" wid="7">memory</w>
  <w id="8" lemma="|of|" pos="IN" wid="8">of</w>
  <w id="9" lemma="|what|" pos="WP" wid="9">what</w>
  <w id="10" lemma="|happen|" pos="VBD" wid="10">happened</w>
  <w id="11" lemma="|in|" pos="IN" wid="11">in</w>
  <w id="12" lemma="|Rio|" pos="NNP" wid="12">Rio</w>
  <w id="13" lemma="|but|" pos="CC" wid="13">but</w>
  <w id="14" lemma="|may|" pos="MD" wid="14">may</w>
  <w id="15" lemma="|they|" pos="PRP" wid="15">they</w>
  <w id="16" lemma="|also|" pos="RB" wid="16">also</w>
  <w id="17" lemma="|be|" pos="VB" wid="17">be</w>
  <w id="18" lemma="|the|" pos="DT" wid="18">the</w>
  <w id="19" lemma="|soul|" pos="NN" wid="19">soul</w>
  <w id="20" lemma="|of|" pos="IN" wid="20">of</w>
  <w id="21" lemma="|we|" pos="PRP$" wid="21">our</w>
  <w id="22" lemma="|life|" pos="NN" wid="22">life</w>
  <w id="23" lemma="|and|" pos="CC" wid="23">and</w>
  <w id="24" lemma="|of|" pos="IN" wid="24">of</w>
  <w id="25" lemma="|the|" pos="DT" wid="25">the</w>
  <w id="26" lemma="|life|" pos="NN" wid="26">life</w>
  <w id="27" lemma="|of|" pos="IN" wid="27">of</w>
  <w id="28" lemma="|we|" pos="PRP$" wid="28">our</w>
  <w id="29" lemma="|community|" pos="NNS" wid="29">communities</w>
  <w id="30" lemma="|.|" pos="." wid="30">.</w>
</sentence>
<sentence id="69">
  <w id="0" lemma="|to|" pos="TO" wid="0">To</w>
  <w id="1" lemma="|special|" pos="JJ" wid="1">special</w>
  <w id="2" lemma="|group|" pos="NNS" wid="2">groups</w>
  <w id="3" lemma="|I|" pos="PRP" wid="3">I</w>
  <w id="4" lemma="|offer|" pos="VBP" wid="4">offer</w>
  <w id="5" lemma="|a|" pos="DT" wid="5">an</w>
  <w id="6" lemma="|affectionate|" pos="JJ" wid="6">affectionate</w>
  <w id="7" lemma="|greet|" pos="VBG" wid="7">greeting</w>
  <w id="8" lemma="|to|" pos="TO" wid="8">to</w>
  <w id="9" lemma="|all|" pos="PDT" wid="9">all</w>
  <w id="10" lemma="|the|" pos="DT" wid="10">the</w>
  <w id="11" lemma="|english-speaking|" pos="JJ" wid="11">English-speaking</w>
  <w id="12" lemma="|pilgrim|" pos="NNS" wid="12">pilgrims</w>
  <w id="13" lemma="|and|" pos="CC" wid="13">and</w>
  <w id="14" lemma="|visitor|" pos="NNS" wid="14">visitors</w>
  <w id="15" lemma="|present|" pos="JJ" wid="15">present</w>
  <w id="16" lemma="|at|" pos="IN" wid="16">at</w>
  <w id="17" lemma="|today|" pos="NN" wid="17">today</w>
  <w id="18" lemma="|'s|" pos="POS" wid="18">'s</w>
  <w id="19" lemma="|audience|" pos="NN" wid="19">Audience</w>
  <w id="20" lemma="|,|" pos="," wid="20">,</w>
  <w id="21" lemma="|include|" pos="VBG" wid="21">including</w>
  <w id="22" lemma="|those|" pos="DT" wid="22">those</w>
  <w id="23" lemma="|from|" pos="IN" wid="23">from</w>
  <w id="24" lemma="|England|" pos="NNP" wid="24">England</w>
  <w id="25" lemma="|,|" pos="," wid="25">,</w>
  <w id="26" lemma="|Wales|" pos="NNP" wid="26">Wales</w>
  <w id="27" lemma="|,|" pos="," wid="27">,</w>
  <w id="28" lemma="|Malta|" pos="NNP" wid="28">Malta</w>
  <w id="29" lemma="|,|" pos="," wid="29">,</w>
  <w id="30" lemma="|Ethiopia|" pos="NNP" wid="30">Ethiopia</w>
  <w id="31" lemma="|,|" pos="," wid="31">,</w>
  <w id="32" lemma="|Australia|" pos="NNP" wid="32">Australia</w>
  <w id="33" lemma="|,|" pos="," wid="33">,</w>
  <w id="34" lemma="|South|" pos="NNP" wid="34">South</w>
  <w id="35" lemma="|Korea|" pos="NNP" wid="35">Korea</w>
  <w id="36" lemma="|,|" pos="," wid="36">,</w>
  <w id="37" lemma="|Canada|" pos="NNP" wid="37">Canada</w>
  <w id="38" lemma="|and|" pos="CC" wid="38">and</w>
  <w id="39" lemma="|the|" pos="DT" wid="39">the</w>
  <w id="40" lemma="|United|" pos="NNP" wid="40">United</w>
  <w id="41" lemma="|States|" pos="NNPS" wid="41">States</w>
  <w id="42" lemma="|.|" pos="." wid="42">.</w>
</sentence>
<sentence id="70">
  <w id="0" lemma="|May|" pos="NNP" wid="0">May</w>
  <w id="1" lemma="|you|" pos="PRP$" wid="1">your</w>
  <w id="2" lemma="|stay|" pos="NN" wid="2">stay</w>
  <w id="3" lemma="|in|" pos="IN" wid="3">in</w>
  <w id="4" lemma="|the|" pos="DT" wid="4">the</w>
  <w id="5" lemma="|Eternal|" pos="NNP" wid="5">Eternal</w>
  <w id="6" lemma="|City|" pos="NNP" wid="6">City</w>
  <w id="7" lemma="|confirm|" pos="VBP" wid="7">confirm</w>
  <w id="8" lemma="|you|" pos="PRP" wid="8">you</w>
  <w id="9" lemma="|in|" pos="IN" wid="9">in</w>
  <w id="10" lemma="|love|" pos="NN" wid="10">love</w>
  <w id="11" lemma="|for|" pos="IN" wid="11">for</w>
  <w id="12" lemma="|we|" pos="PRP$" wid="12">our</w>
  <w id="13" lemma="|Lord|" pos="NNP" wid="13">Lord</w>
  <w id="14" lemma="|and|" pos="CC" wid="14">and</w>
  <w id="15" lemma="|he|" pos="PRP$" wid="15">his</w>
  <w id="16" lemma="|Church|" pos="NNP" wid="16">Church</w>
  <w id="17" lemma="|.|" pos="." wid="17">.</w>
</sentence>
<sentence id="71">
  <w id="0" lemma="|God|" pos="NNP" wid="0">God</w>
  <w id="1" lemma="|bless|" pos="VB" wid="1">bless</w>
  <w id="2" lemma="|you|" pos="PRP" wid="2">you</w>
  <w id="3" lemma="|all|" pos="DT" wid="3">all</w>
  <w id="4" lemma="|!|" pos="." wid="4">!</w>
</sentence>
<sentence id="72">
  <w id="0" lemma="|I|" pos="PRP" wid="0">I</w>
  <w id="1" lemma="|address|" pos="VBP" wid="1">address</w>
  <w id="2" lemma="|a|" pos="DT" wid="2">an</w>
  <w id="3" lemma="|affectionate|" pos="JJ" wid="3">affectionate</w>
  <w id="4" lemma="|thought|" pos="NN" wid="4">thought</w>
  <w id="5" lemma="|to|" pos="TO" wid="5">to</w>
  <w id="6" lemma="|the|" pos="DT" wid="6">the</w>
  <w id="7" lemma="|woman|" pos="NNS" wid="7">women</w>
  <w id="8" lemma="|religious|" pos="JJ" wid="8">religious</w>
  <w id="9" lemma="|who|" pos="WP" wid="9">who</w>
  <w id="10" lemma="|be|" pos="VBP" wid="10">are</w>
  <w id="11" lemma="|here|" pos="RB" wid="11">here</w>
  <w id="12" lemma="|,|" pos="," wid="12">,</w>
  <w id="13" lemma="|and|" pos="CC" wid="13">and</w>
  <w id="14" lemma="|likewise|" pos="RB" wid="14">likewise</w>
  <w id="15" lemma="|to|" pos="TO" wid="15">to</w>
  <w id="16" lemma="|the|" pos="DT" wid="16">the</w>
  <w id="17" lemma="|young|" pos="JJ" wid="17">young</w>
  <w id="18" lemma="|people|" pos="NNS" wid="18">people</w>
  <w id="19" lemma="|,|" pos="," wid="19">,</w>
  <w id="20" lemma="|the|" pos="DT" wid="20">the</w>
  <w id="21" lemma="|sick|" pos="JJ" wid="21">sick</w>
  <w id="22" lemma="|and|" pos="CC" wid="22">and</w>
  <w id="23" lemma="|the|" pos="DT" wid="23">the</w>
  <w id="24" lemma="|newlywed|" pos="NNS" wid="24">newlyweds</w>
  <w id="25" lemma="|.|" pos="." wid="25">.</w>
</sentence>
<sentence id="73">
  <w id="0" lemma="|I|" pos="PRP" wid="0">I</w>
  <w id="1" lemma="|urge|" pos="VBP" wid="1">urge</w>
  <w id="2" lemma="|each|" pos="DT" wid="2">each</w>
  <w id="3" lemma="|one|" pos="CD" wid="3">one</w>
  <w id="4" lemma="|to|" pos="TO" wid="4">to</w>
  <w id="5" lemma="|welcome|" pos="VB" wid="5">welcome</w>
  <w id="6" lemma="|increasingly|" pos="RB" wid="6">increasingly</w>
  <w id="7" lemma="|God|" pos="NNP" wid="7">God</w>
  <w id="8" lemma="|'s|" pos="POS" wid="8">'s</w>
  <w id="9" lemma="|love|" pos="NN" wid="9">love</w>
  <w id="10" lemma="|,|" pos="," wid="10">,</w>
  <w id="11" lemma="|the|" pos="DT" wid="11">the</w>
  <w id="12" lemma="|source|" pos="NN" wid="12">source</w>
  <w id="13" lemma="|and|" pos="CC" wid="13">and</w>
  <w id="14" lemma="|cause|" pos="NN" wid="14">cause</w>
  <w id="15" lemma="|of|" pos="IN" wid="15">of</w>
  <w id="16" lemma="|we|" pos="PRP$" wid="16">our</w>
  <w id="17" lemma="|true|" pos="JJ" wid="17">true</w>
  <w id="18" lemma="|joy|" pos="NN" wid="18">joy</w>
  <w id="19" lemma="|.|" pos="." wid="19">.</w>
</sentence>
<sentence id="74">
  <w id="0" lemma="|we|" pos="PRP" wid="0">We</w>
  <w id="1" lemma="|must|" pos="MD" wid="1">must</w>
  <w id="2" lemma="|share|" pos="VB" wid="2">share</w>
  <w id="3" lemma="|this|" pos="DT" wid="3">this</w>
  <w id="4" lemma="|love|" pos="NN" wid="4">love</w>
  <w id="5" lemma="|that|" pos="WDT" wid="5">that</w>
  <w id="6" lemma="|change|" pos="VBZ" wid="6">changes</w>
  <w id="7" lemma="|life|" pos="NN" wid="7">life</w>
  <w id="8" lemma="|,|" pos="," wid="8">,</w>
  <w id="9" lemma="|especially|" pos="RB" wid="9">especially</w>
  <w id="10" lemma="|with|" pos="IN" wid="10">with</w>
  <w id="11" lemma="|the|" pos="DT" wid="11">the</w>
  <w id="12" lemma="|weakest|" pos="JJS" wid="12">weakest</w>
  <w id="13" lemma="|and|" pos="CC" wid="13">and</w>
  <w id="14" lemma="|neediest|" pos="JJS" wid="14">neediest</w>
  <w id="15" lemma="|people|" pos="NNS" wid="15">people</w>
  <w id="16" lemma="|.|" pos="." wid="16">.</w>
</sentence>
<sentence id="75">
  <w id="0" lemma="|the|" pos="DT" wid="0">The</w>
  <w id="1" lemma="|love|" pos="NN" wid="1">love</w>
  <w id="2" lemma="|of|" pos="IN" wid="2">of</w>
  <w id="3" lemma="|God|" pos="NNP" wid="3">God</w>
  <w id="4" lemma="|change|" pos="NNS" wid="4">changes</w>
  <w id="5" lemma="|life|" pos="NN" wid="5">life</w>
  <w id="6" lemma="|!|" pos="." wid="6">!</w>
</sentence>
<sentence id="76">
  <w id="0" lemma="|it|" pos="PRP" wid="0">It</w>
  <w id="1" lemma="|change|" pos="VBZ" wid="1">changes</w>
  <w id="2" lemma="|all|" pos="DT" wid="2">all</w>
  <w id="3" lemma="|of|" pos="IN" wid="3">of</w>
  <w id="4" lemma="|we|" pos="PRP" wid="4">us</w>
  <w id="5" lemma="|,|" pos="," wid="5">,</w>
  <w id="6" lemma="|it|" pos="PRP" wid="6">it</w>
  <w id="7" lemma="|make|" pos="VBZ" wid="7">makes</w>
  <w id="8" lemma="|we|" pos="PRP" wid="8">us</w>
  <w id="9" lemma="|good|" pos="JJ" wid="9">good</w>
  <w id="10" lemma="|,|" pos="," wid="10">,</w>
  <w id="11" lemma="|happier|" pos="JJR" wid="11">happier</w>
  <w id="12" lemma="|people|" pos="NNS" wid="12">people</w>
  <w id="13" lemma="|.|" pos="." wid="13">.</w>
</sentence>
<sentence id="77">
  <w id="0" lemma="|do|" pos="VBP" wid="0">Do</w>
  <w id="1" lemma="|not|" pos="RB" wid="1">not</w>
  <w id="2" lemma="|forget|" pos="VB" wid="2">forget</w>
  <w id="3" lemma="|that|" pos="IN" wid="3">that</w>
  <w id="4" lemma="|in|" pos="IN" wid="4">in</w>
  <w id="5" lemma="|spread|" pos="VBG" wid="5">spreading</w>
  <w id="6" lemma="|divine|" pos="JJ" wid="6">divine</w>
  <w id="7" lemma="|charity|" pos="NN" wid="7">charity</w>
  <w id="8" lemma="|each|" pos="DT" wid="8">each</w>
  <w id="9" lemma="|one|" pos="CD" wid="9">one</w>
  <w id="10" lemma="|of|" pos="IN" wid="10">of</w>
  <w id="11" lemma="|we|" pos="PRP" wid="11">us</w>
  <w id="12" lemma="|contribute|" pos="VBZ" wid="12">contributes</w>
  <w id="13" lemma="|to|" pos="TO" wid="13">to</w>
  <w id="14" lemma="|build|" pos="VBG" wid="14">building</w>
  <w id="15" lemma="|a|" pos="DT" wid="15">a</w>
  <w id="16" lemma="|more|" pos="RBR" wid="16">more</w>
  <w id="17" lemma="|just|" pos="JJ" wid="17">just</w>
  <w id="18" lemma="|and|" pos="CC" wid="18">and</w>
  <w id="19" lemma="|solidary|" pos="JJ" wid="19">solidary</w>
  <w id="20" lemma="|world|" pos="NN" wid="20">world</w>
  <w id="21" lemma="|.|" pos="." wid="21">.</w>
</sentence>
<sentence id="78">
  <w id="0" lemma="|next|" pos="JJ" wid="0">Next</w>
  <w id="1" lemma="|Saturday|" pos="NNP" wid="1">Saturday</w>
  <w id="2" lemma="|we|" pos="PRP" wid="2">we</w>
  <w id="3" lemma="|shall|" pos="MD" wid="3">shall</w>
  <w id="4" lemma="|be|" pos="VB" wid="4">be</w>
  <w id="5" lemma="|celebrate|" pos="VBG" wid="5">celebrating</w>
  <w id="6" lemma="|together|" pos="RB" wid="6">together</w>
  <w id="7" lemma="|a|" pos="DT" wid="7">a</w>
  <w id="8" lemma="|special|" pos="JJ" wid="8">special</w>
  <w id="9" lemma="|day|" pos="NN" wid="9">Day</w>
  <w id="10" lemma="|of|" pos="IN" wid="10">of</w>
  <w id="11" lemma="|fasting|" pos="NN" wid="11">Fasting</w>
  <w id="12" lemma="|and|" pos="CC" wid="12">and</w>
  <w id="13" lemma="|prayer|" pos="NN" wid="13">Prayer</w>
  <w id="14" lemma="|for|" pos="IN" wid="14">for</w>
  <w id="15" lemma="|Peace|" pos="NNP" wid="15">Peace</w>
  <w id="16" lemma="|in|" pos="IN" wid="16">in</w>
  <w id="17" lemma="|Syria|" pos="NNP" wid="17">Syria</w>
  <w id="18" lemma="|,|" pos="," wid="18">,</w>
  <w id="19" lemma="|in|" pos="IN" wid="19">in</w>
  <w id="20" lemma="|the|" pos="DT" wid="20">the</w>
  <w id="21" lemma="|Middle|" pos="NNP" wid="21">Middle</w>
  <w id="22" lemma="|East|" pos="NNP" wid="22">East</w>
  <w id="23" lemma="|and|" pos="CC" wid="23">and</w>
  <w id="24" lemma="|throughout|" pos="IN" wid="24">throughout</w>
  <w id="25" lemma="|the|" pos="DT" wid="25">the</w>
  <w id="26" lemma="|world|" pos="NN" wid="26">world</w>
  <w id="27" lemma="|.|" pos="." wid="27">.</w>
</sentence>
<sentence id="79">
  <w id="0" lemma="|it|" pos="PRP" wid="0">It</w>
  <w id="1" lemma="|be|" pos="VBZ" wid="1">is</w>
  <w id="2" lemma="|for|" pos="IN" wid="2">for</w>
  <w id="3" lemma="|peace|" pos="NN" wid="3">peace</w>
  <w id="4" lemma="|in|" pos="IN" wid="4">in</w>
  <w id="5" lemma="|we|" pos="PRP$" wid="5">our</w>
  <w id="6" lemma="|heart|" pos="NNS" wid="6">hearts</w>
  <w id="7" lemma="|too|" pos="RB" wid="7">too</w>
  <w id="8" lemma="|,|" pos="," wid="8">,</w>
  <w id="9" lemma="|because|" pos="IN" wid="9">because</w>
  <w id="10" lemma="|peace|" pos="NN" wid="10">peace</w>
  <w id="11" lemma="|begin|" pos="VBZ" wid="11">begins</w>
  <w id="12" lemma="|in|" pos="IN" wid="12">in</w>
  <w id="13" lemma="|the|" pos="DT" wid="13">the</w>
  <w id="14" lemma="|heart|" pos="NN" wid="14">heart</w>
  <w id="15" lemma="|!|" pos="." wid="15">!</w>
</sentence>
<sentence id="80">
  <w id="0" lemma="|I|" pos="PRP" wid="0">I</w>
  <w id="1" lemma="|renew|" pos="VBP" wid="1">renew</w>
  <w id="2" lemma="|my|" pos="PRP$" wid="2">my</w>
  <w id="3" lemma="|invitation|" pos="NN" wid="3">invitation</w>
  <w id="4" lemma="|to|" pos="TO" wid="4">to</w>
  <w id="5" lemma="|the|" pos="DT" wid="5">the</w>
  <w id="6" lemma="|whole|" pos="JJ" wid="6">whole</w>
  <w id="7" lemma="|Church|" pos="NNP" wid="7">Church</w>
  <w id="8" lemma="|to|" pos="TO" wid="8">to</w>
  <w id="9" lemma="|live|" pos="VB" wid="9">live</w>
  <w id="10" lemma="|this|" pos="DT" wid="10">this</w>
  <w id="11" lemma="|day|" pos="NN" wid="11">day</w>
  <w id="12" lemma="|intensely|" pos="RB" wid="12">intensely</w>
  <w id="13" lemma="|and|" pos="CC" wid="13">and</w>
  <w id="14" lemma="|from|" pos="IN" wid="14">from</w>
  <w id="15" lemma="|this|" pos="DT" wid="15">this</w>
  <w id="16" lemma="|moment|" pos="NN" wid="16">moment</w>
  <w id="17" lemma="|I|" pos="PRP" wid="17">I</w>
  <w id="18" lemma="|express|" pos="VBP" wid="18">express</w>
  <w id="19" lemma="|my|" pos="PRP$" wid="19">my</w>
  <w id="20" lemma="|gratitude|" pos="NN" wid="20">gratitude</w>
  <w id="21" lemma="|to|" pos="TO" wid="21">to</w>
  <w id="22" lemma="|other|" pos="JJ" wid="22">other</w>
  <w id="23" lemma="|Christian|" pos="NNP" wid="23">Christian</w>
  <w id="24" lemma="|brother|" pos="NNS" wid="24">brothers</w>
  <w id="25" lemma="|and|" pos="CC" wid="25">and</w>
  <w id="26" lemma="|sister|" pos="NNS" wid="26">sisters</w>
  <w id="27" lemma="|,|" pos="," wid="27">,</w>
  <w id="28" lemma="|to|" pos="TO" wid="28">to</w>
  <w id="29" lemma="|brother|" pos="NNS" wid="29">brothers</w>
  <w id="30" lemma="|and|" pos="CC" wid="30">and</w>
  <w id="31" lemma="|sister|" pos="NNS" wid="31">sisters</w>
  <w id="32" lemma="|of|" pos="IN" wid="32">of</w>
  <w id="33" lemma="|other|" pos="JJ" wid="33">other</w>
  <w id="34" lemma="|religion|" pos="NNS" wid="34">religions</w>
  <w id="35" lemma="|and|" pos="CC" wid="35">and</w>
  <w id="36" lemma="|to|" pos="TO" wid="36">to</w>
  <w id="37" lemma="|the|" pos="DT" wid="37">the</w>
  <w id="38" lemma="|man|" pos="NNS" wid="38">men</w>
  <w id="39" lemma="|and|" pos="CC" wid="39">and</w>
  <w id="40" lemma="|woman|" pos="NNS" wid="40">women</w>
  <w id="41" lemma="|of|" pos="IN" wid="41">of</w>
  <w id="42" lemma="|good|" pos="JJ" wid="42">good</w>
  <w id="43" lemma="|will|" pos="NN" wid="43">will</w>
  <w id="44" lemma="|who|" pos="WP" wid="44">who</w>
  <w id="45" lemma="|wish|" pos="VBP" wid="45">wish</w>
  <w id="46" lemma="|to|" pos="TO" wid="46">to</w>
  <w id="47" lemma="|join|" pos="VB" wid="47">join</w>
  <w id="48" lemma="|we|" pos="PRP" wid="48">us</w>
  <w id="49" lemma="|at|" pos="IN" wid="49">at</w>
  <w id="50" lemma="|this|" pos="DT" wid="50">this</w>
  <w id="51" lemma="|event|" pos="NN" wid="51">event</w>
  <w id="52" lemma="|in|" pos="IN" wid="52">in</w>
  <w id="53" lemma="|the|" pos="DT" wid="53">the</w>
  <w id="54" lemma="|place|" pos="NNS" wid="54">places</w>
  <w id="55" lemma="|and|" pos="CC" wid="55">and</w>
  <w id="56" lemma="|way|" pos="NNS" wid="56">ways</w>
  <w id="57" lemma="|that|" pos="WDT" wid="57">that</w>
  <w id="58" lemma="|be|" pos="VBP" wid="58">are</w>
  <w id="59" lemma="|proper|" pos="JJ" wid="59">proper</w>
  <w id="60" lemma="|to|" pos="TO" wid="60">to</w>
  <w id="61" lemma="|they|" pos="PRP" wid="61">them</w>
  <w id="62" lemma="|.|" pos="." wid="62">.</w>
</sentence>
<sentence id="81">
  <w id="0" lemma="|I|" pos="PRP" wid="0">I</w>
  <w id="1" lemma="|urge|" pos="VBP" wid="1">urge</w>
  <w id="2" lemma="|the|" pos="DT" wid="2">the</w>
  <w id="3" lemma="|faithful|" pos="NN" wid="3">faithful</w>
  <w id="4" lemma="|of|" pos="IN" wid="4">of</w>
  <w id="5" lemma="|Rome|" pos="NNP" wid="5">Rome</w>
  <w id="6" lemma="|and|" pos="CC" wid="6">and</w>
  <w id="7" lemma="|pilgrim|" pos="NNS" wid="7">pilgrims</w>
  <w id="8" lemma="|in|" pos="IN" wid="8">in</w>
  <w id="9" lemma="|particular|" pos="JJ" wid="9">particular</w>
  <w id="10" lemma="|to|" pos="TO" wid="10">to</w>
  <w id="11" lemma="|take|" pos="VB" wid="11">take</w>
  <w id="12" lemma="|part|" pos="NN" wid="12">part</w>
  <w id="13" lemma="|in|" pos="IN" wid="13">in</w>
  <w id="14" lemma="|the|" pos="DT" wid="14">the</w>
  <w id="15" lemma="|prayer|" pos="NN" wid="15">Prayer</w>
  <w id="16" lemma="|vigil|" pos="NN" wid="16">Vigil</w>
  <w id="17" lemma="|,|" pos="," wid="17">,</w>
  <w id="18" lemma="|here|" pos="RB" wid="18">here</w>
  <w id="19" lemma="|,|" pos="," wid="19">,</w>
  <w id="20" lemma="|in|" pos="IN" wid="20">in</w>
  <w id="21" lemma="|St|" pos="NNP" wid="21">St</w>
  <w id="22" lemma="|Peter|" pos="NNP" wid="22">Peter</w>
  <w id="23" lemma="|'s|" pos="POS" wid="23">'s</w>
  <w id="24" lemma="|Square|" pos="NNP" wid="24">Square</w>
  <w id="25" lemma="|at|" pos="IN" wid="25">at</w>
  <w id="26" lemma="|7:00|" pos="CD" wid="26">7:00</w>
  <w id="27" lemma="|p.m.|" pos="RB" wid="27">p.m.</w>
  <w id="28" lemma="|,|" pos="," wid="28">,</w>
  <w id="29" lemma="|to|" pos="TO" wid="29">to</w>
  <w id="30" lemma="|pray|" pos="VB" wid="30">pray</w>
  <w id="31" lemma="|the|" pos="DT" wid="31">the</w>
  <w id="32" lemma="|Lord|" pos="NNP" wid="32">Lord</w>
  <w id="33" lemma="|for|" pos="IN" wid="33">for</w>
  <w id="34" lemma="|the|" pos="DT" wid="34">the</w>
  <w id="35" lemma="|great|" pos="JJ" wid="35">great</w>
  <w id="36" lemma="|gift|" pos="NN" wid="36">gift</w>
  <w id="37" lemma="|of|" pos="IN" wid="37">of</w>
  <w id="38" lemma="|peace|" pos="NN" wid="38">peace</w>
  <w id="39" lemma="|.|" pos="." wid="39">.</w>
</sentence>
<sentence id="82">
  <w id="0" lemma="|may|" pos="MD" wid="0">May</w>
  <w id="1" lemma="|the|" pos="DT" wid="1">the</w>
  <w id="2" lemma="|earnest|" pos="JJ" wid="2">earnest</w>
  <w id="3" lemma="|cry|" pos="NN" wid="3">cry</w>
  <w id="4" lemma="|for|" pos="IN" wid="4">for</w>
  <w id="5" lemma="|peace|" pos="NN" wid="5">peace</w>
  <w id="6" lemma="|resound|" pos="VBP" wid="6">resound</w>
  <w id="7" lemma="|throughout|" pos="IN" wid="7">throughout</w>
  <w id="8" lemma="|the|" pos="DT" wid="8">the</w>
  <w id="9" lemma="|earth|" pos="NN" wid="9">earth</w>
  <w id="10" lemma="|!|" pos="." wid="10">!</w>
</sentence>
</corpus>