<corpus id="0">
<sentence id="0">
  <w id="0" lemma="|Dear|" pos="NNP" wid="0">Dear</w>
  <w id="1" lemma="|Brothers|" pos="NNPS" wid="1">Brothers</w>
  <w id="2" lemma="|and|" pos="CC" wid="2">and</w>
  <w id="3" lemma="|sister|" pos="NNS" wid="3">Sisters</w>
  <w id="4" lemma="|,|" pos="," wid="4">,</w>
  <w id="5" lemma="|good|" pos="JJ" wid="5">Good</w>
  <w id="6" lemma="|morning|" pos="NN" wid="6">morning</w>
  <w id="7" lemma="|!|" pos="." wid="7">!</w>
</sentence>
<sentence id="1">
  <w id="0" lemma="|today|" pos="NN" wid="0">Today</w>
  <w id="1" lemma="|,|" pos="," wid="1">,</w>
  <w id="2" lemma="|in|" pos="IN" wid="2">in</w>
  <w id="3" lemma="|Italy|" pos="NNP" wid="3">Italy</w>
  <w id="4" lemma="|and|" pos="CC" wid="4">and</w>
  <w id="5" lemma="|in|" pos="IN" wid="5">in</w>
  <w id="6" lemma="|other|" pos="JJ" wid="6">other</w>
  <w id="7" lemma="|country|" pos="NNS" wid="7">countries</w>
  <w id="8" lemma="|,|" pos="," wid="8">,</w>
  <w id="9" lemma="|we|" pos="PRP" wid="9">we</w>
  <w id="10" lemma="|be|" pos="VBP" wid="10">are</w>
  <w id="11" lemma="|celebrate|" pos="VBG" wid="11">celebrating</w>
  <w id="12" lemma="|the|" pos="DT" wid="12">the</w>
  <w id="13" lemma="|ascension|" pos="NN" wid="13">Ascension</w>
  <w id="14" lemma="|of|" pos="IN" wid="14">of</w>
  <w id="15" lemma="|Jesus|" pos="NNP" wid="15">Jesus</w>
  <w id="16" lemma="|into|" pos="IN" wid="16">into</w>
  <w id="17" lemma="|Heaven|" pos="NNP" wid="17">Heaven</w>
  <w id="18" lemma="|,|" pos="," wid="18">,</w>
  <w id="19" lemma="|which|" pos="WDT" wid="19">which</w>
  <w id="20" lemma="|occur|" pos="VBD" wid="20">occurred</w>
  <w id="21" lemma="|40|" pos="CD" wid="21">40</w>
  <w id="22" lemma="|day|" pos="NNS" wid="22">days</w>
  <w id="23" lemma="|after|" pos="IN" wid="23">after</w>
  <w id="24" lemma="|Easter|" pos="NNP" wid="24">Easter</w>
  <w id="25" lemma="|.|" pos="." wid="25">.</w>
</sentence>
<sentence id="2">
  <w id="0" lemma="|let|" pos="VB" wid="0">Let</w>
  <w id="1" lemma="|we|" pos="PRP" wid="1">us</w>
  <w id="2" lemma="|contemplate|" pos="VB" wid="2">contemplate</w>
  <w id="3" lemma="|the|" pos="DT" wid="3">the</w>
  <w id="4" lemma="|mystery|" pos="NN" wid="4">mystery</w>
  <w id="5" lemma="|of|" pos="IN" wid="5">of</w>
  <w id="6" lemma="|Jesus|" pos="NNP" wid="6">Jesus</w>
  <w id="7" lemma="|who|" pos="WP" wid="7">who</w>
  <w id="8" lemma="|leave|" pos="VBZ" wid="8">leaves</w>
  <w id="9" lemma="|we|" pos="PRP$" wid="9">our</w>
  <w id="10" lemma="|earthly|" pos="JJ" wid="10">earthly</w>
  <w id="11" lemma="|space|" pos="NN" wid="11">space</w>
  <w id="12" lemma="|to|" pos="TO" wid="12">to</w>
  <w id="13" lemma="|enter|" pos="VB" wid="13">enter</w>
  <w id="14" lemma="|the|" pos="DT" wid="14">the</w>
  <w id="15" lemma="|fullness|" pos="NN" wid="15">fullness</w>
  <w id="16" lemma="|of|" pos="IN" wid="16">of</w>
  <w id="17" lemma="|the|" pos="DT" wid="17">the</w>
  <w id="18" lemma="|glory|" pos="NN" wid="18">glory</w>
  <w id="19" lemma="|of|" pos="IN" wid="19">of</w>
  <w id="20" lemma="|God|" pos="NNP" wid="20">God</w>
  <w id="21" lemma="|,|" pos="," wid="21">,</w>
  <w id="22" lemma="|take|" pos="VBG" wid="22">taking</w>
  <w id="23" lemma="|we|" pos="PRP$" wid="23">our</w>
  <w id="24" lemma="|humanity|" pos="NN" wid="24">humanity</w>
  <w id="25" lemma="|with|" pos="IN" wid="25">with</w>
  <w id="26" lemma="|he|" pos="PRP" wid="26">him</w>
  <w id="27" lemma="|.|" pos="." wid="27">.</w>
</sentence>
<sentence id="3">
  <w id="0" lemma="|in|" pos="IN" wid="0">In</w>
  <w id="1" lemma="|other|" pos="JJ" wid="1">other</w>
  <w id="2" lemma="|word|" pos="NNS" wid="2">words</w>
  <w id="3" lemma="|,|" pos="," wid="3">,</w>
  <w id="4" lemma="|we|" pos="PRP$" wid="4">our</w>
  <w id="5" lemma="|humanity|" pos="NN" wid="5">humanity</w>
  <w id="6" lemma="|enter|" pos="VBZ" wid="6">enters</w>
  <w id="7" lemma="|heaven|" pos="NN" wid="7">heaven</w>
  <w id="8" lemma="|for|" pos="IN" wid="8">for</w>
  <w id="9" lemma="|the|" pos="DT" wid="9">the</w>
  <w id="10" lemma="|first|" pos="JJ" wid="10">first</w>
  <w id="11" lemma="|time|" pos="NN" wid="11">time</w>
  <w id="12" lemma="|.|" pos="." wid="12">.</w>
</sentence>
<sentence id="4">
  <w id="0" lemma="|the|" pos="DT" wid="0">The</w>
  <w id="1" lemma="|Gospel|" pos="NNP" wid="1">Gospel</w>
  <w id="2" lemma="|of|" pos="IN" wid="2">of</w>
  <w id="3" lemma="|Luke|" pos="NNP" wid="3">Luke</w>
  <w id="4" lemma="|describe|" pos="VBZ" wid="4">describes</w>
  <w id="5" lemma="|the|" pos="DT" wid="5">the</w>
  <w id="6" lemma="|reaction|" pos="NN" wid="6">reaction</w>
  <w id="7" lemma="|of|" pos="IN" wid="7">of</w>
  <w id="8" lemma="|the|" pos="DT" wid="8">the</w>
  <w id="9" lemma="|disciple|" pos="NNS" wid="9">disciples</w>
  <w id="10" lemma="|before|" pos="IN" wid="10">before</w>
  <w id="11" lemma="|the|" pos="DT" wid="11">the</w>
  <w id="12" lemma="|Lord|" pos="NNP" wid="12">Lord</w>
  <w id="13" lemma="|who|" pos="WP" wid="13">who</w>
  <w id="14" lemma="|``|" pos="``" wid="14">``</w>
  <w id="15" lemma="|part|" pos="VBD" wid="15">parted</w>
  <w id="16" lemma="|from|" pos="IN" wid="16">from</w>
  <w id="17" lemma="|they|" pos="PRP" wid="17">them</w>
  <w id="18" lemma="|and|" pos="CC" wid="18">and</w>
  <w id="19" lemma="|be|" pos="VBD" wid="19">was</w>
  <w id="20" lemma="|carry|" pos="VBN" wid="20">carried</w>
  <w id="21" lemma="|up|" pos="RP" wid="21">up</w>
  <w id="22" lemma="|into|" pos="IN" wid="22">into</w>
  <w id="23" lemma="|heaven|" pos="NN" wid="23">heaven</w>
  <w id="24" lemma="|''|" pos="''" wid="24">''</w>
  <w id="25" lemma="|-lrb-|" pos="-LRB-" wid="25">-LRB-</w>
  <w id="26" lemma="|24:51|" pos="CD" wid="26">24:51</w>
  <w id="27" lemma="|-rrb-|" pos="-RRB-" wid="27">-RRB-</w>
  <w id="28" lemma="|.|" pos="." wid="28">.</w>
</sentence>
<sentence id="5">
  <w id="0" lemma="|they|" pos="PRP" wid="0">They</w>
  <w id="1" lemma="|have|" pos="VBD" wid="1">had</w>
  <w id="2" lemma="|no|" pos="DT" wid="2">no</w>
  <w id="3" lemma="|sorrow|" pos="NN" wid="3">sorrow</w>
  <w id="4" lemma="|nor|" pos="CC" wid="4">nor</w>
  <w id="5" lemma="|dismay|" pos="NN" wid="5">dismay</w>
  <w id="6" lemma="|,|" pos="," wid="6">,</w>
  <w id="7" lemma="|but|" pos="CC" wid="7">but</w>
  <w id="8" lemma="|``|" pos="``" wid="8">``</w>
  <w id="9" lemma="|they|" pos="PRP" wid="9">they</w>
  <w id="10" lemma="|worship|" pos="VBD" wid="10">worshiped</w>
  <w id="11" lemma="|he|" pos="PRP" wid="11">him</w>
  <w id="12" lemma="|,|" pos="," wid="12">,</w>
  <w id="13" lemma="|and|" pos="CC" wid="13">and</w>
  <w id="14" lemma="|return|" pos="VBD" wid="14">returned</w>
  <w id="15" lemma="|to|" pos="TO" wid="15">to</w>
  <w id="16" lemma="|Jerusalem|" pos="NNP" wid="16">Jerusalem</w>
  <w id="17" lemma="|with|" pos="IN" wid="17">with</w>
  <w id="18" lemma="|great|" pos="JJ" wid="18">great</w>
  <w id="19" lemma="|joy|" pos="NN" wid="19">joy</w>
  <w id="20" lemma="|''|" pos="''" wid="20">''</w>
  <w id="21" lemma="|-lrb-|" pos="-LRB-" wid="21">-LRB-</w>
  <w id="22" lemma="|v.|" pos="CC" wid="22">v.</w>
  <w id="23" lemma="|52|" pos="CD" wid="23">52</w>
  <w id="24" lemma="|-rrb-|" pos="-RRB-" wid="24">-RRB-</w>
  <w id="25" lemma="|.|" pos="." wid="25">.</w>
</sentence>
<sentence id="6">
  <w id="0" lemma="|it|" pos="PRP" wid="0">It</w>
  <w id="1" lemma="|be|" pos="VBD" wid="1">was</w>
  <w id="2" lemma="|the|" pos="DT" wid="2">the</w>
  <w id="3" lemma="|return|" pos="NN" wid="3">return</w>
  <w id="4" lemma="|of|" pos="IN" wid="4">of</w>
  <w id="5" lemma="|those|" pos="DT" wid="5">those</w>
  <w id="6" lemma="|who|" pos="WP" wid="6">who</w>
  <w id="7" lemma="|no|" pos="RB" wid="7">no</w>
  <w id="8" lemma="|longer|" pos="RB" wid="8">longer</w>
  <w id="9" lemma="|fear|" pos="VBD" wid="9">feared</w>
  <w id="10" lemma="|the|" pos="DT" wid="10">the</w>
  <w id="11" lemma="|city|" pos="NN" wid="11">city</w>
  <w id="12" lemma="|that|" pos="WDT" wid="12">that</w>
  <w id="13" lemma="|have|" pos="VBD" wid="13">had</w>
  <w id="14" lemma="|reject|" pos="VBN" wid="14">rejected</w>
  <w id="15" lemma="|the|" pos="DT" wid="15">the</w>
  <w id="16" lemma="|Master|" pos="NNP" wid="16">Master</w>
  <w id="17" lemma="|,|" pos="," wid="17">,</w>
  <w id="18" lemma="|who|" pos="WP" wid="18">who</w>
  <w id="19" lemma="|have|" pos="VBD" wid="19">had</w>
  <w id="20" lemma="|see|" pos="VBN" wid="20">seen</w>
  <w id="21" lemma="|Judas|" pos="NNP" wid="21">Judas</w>
  <w id="22" lemma="|'|" pos="POS" wid="22">'</w>
  <w id="23" lemma="|betrayal|" pos="NN" wid="23">betrayal</w>
  <w id="24" lemma="|and|" pos="CC" wid="24">and</w>
  <w id="25" lemma="|Peter|" pos="NNP" wid="25">Peter</w>
  <w id="26" lemma="|'s|" pos="POS" wid="26">'s</w>
  <w id="27" lemma="|denial|" pos="NN" wid="27">denial</w>
  <w id="28" lemma="|;|" pos=":" wid="28">;</w>
  <w id="29" lemma="|who|" pos="WP" wid="29">who</w>
  <w id="30" lemma="|have|" pos="VBD" wid="30">had</w>
  <w id="31" lemma="|see|" pos="VBN" wid="31">seen</w>
  <w id="32" lemma="|the|" pos="DT" wid="32">the</w>
  <w id="33" lemma="|dispersion|" pos="NN" wid="33">dispersion</w>
  <w id="34" lemma="|of|" pos="IN" wid="34">of</w>
  <w id="35" lemma="|the|" pos="DT" wid="35">the</w>
  <w id="36" lemma="|disciple|" pos="NNS" wid="36">disciples</w>
  <w id="37" lemma="|and|" pos="CC" wid="37">and</w>
  <w id="38" lemma="|the|" pos="DT" wid="38">the</w>
  <w id="39" lemma="|brutality|" pos="NN" wid="39">brutality</w>
  <w id="40" lemma="|of|" pos="IN" wid="40">of</w>
  <w id="41" lemma="|a|" pos="DT" wid="41">a</w>
  <w id="42" lemma="|power|" pos="NN" wid="42">power</w>
  <w id="43" lemma="|that|" pos="WDT" wid="43">that</w>
  <w id="44" lemma="|feel|" pos="VBD" wid="44">felt</w>
  <w id="45" lemma="|threaten|" pos="VBN" wid="45">threatened</w>
  <w id="46" lemma="|.|" pos="." wid="46">.</w>
</sentence>
<sentence id="7">
  <w id="0" lemma="|since|" pos="IN" wid="0">Since</w>
  <w id="1" lemma="|that|" pos="DT" wid="1">that</w>
  <w id="2" lemma="|day|" pos="NN" wid="2">day</w>
  <w id="3" lemma="|,|" pos="," wid="3">,</w>
  <w id="4" lemma="|the|" pos="DT" wid="4">the</w>
  <w id="5" lemma="|Apostles|" pos="NNPS" wid="5">Apostles</w>
  <w id="6" lemma="|and|" pos="CC" wid="6">and</w>
  <w id="7" lemma="|every|" pos="DT" wid="7">every</w>
  <w id="8" lemma="|disciple|" pos="NN" wid="8">disciple</w>
  <w id="9" lemma="|of|" pos="IN" wid="9">of</w>
  <w id="10" lemma="|Christ|" pos="NNP" wid="10">Christ</w>
  <w id="11" lemma="|have|" pos="VBP" wid="11">have</w>
  <w id="12" lemma="|be|" pos="VBN" wid="12">been</w>
  <w id="13" lemma="|able|" pos="JJ" wid="13">able</w>
  <w id="14" lemma="|to|" pos="TO" wid="14">to</w>
  <w id="15" lemma="|live|" pos="VB" wid="15">live</w>
  <w id="16" lemma="|in|" pos="IN" wid="16">in</w>
  <w id="17" lemma="|Jerusalem|" pos="NNP" wid="17">Jerusalem</w>
  <w id="18" lemma="|and|" pos="CC" wid="18">and</w>
  <w id="19" lemma="|in|" pos="IN" wid="19">in</w>
  <w id="20" lemma="|all|" pos="DT" wid="20">all</w>
  <w id="21" lemma="|city|" pos="NNS" wid="21">cities</w>
  <w id="22" lemma="|of|" pos="IN" wid="22">of</w>
  <w id="23" lemma="|the|" pos="DT" wid="23">the</w>
  <w id="24" lemma="|world|" pos="NN" wid="24">world</w>
  <w id="25" lemma="|,|" pos="," wid="25">,</w>
  <w id="26" lemma="|even|" pos="RB" wid="26">even</w>
  <w id="27" lemma="|in|" pos="IN" wid="27">in</w>
  <w id="28" lemma="|those|" pos="DT" wid="28">those</w>
  <w id="29" lemma="|most|" pos="RBS" wid="29">most</w>
  <w id="30" lemma="|afflict|" pos="VBN" wid="30">afflicted</w>
  <w id="31" lemma="|by|" pos="IN" wid="31">by</w>
  <w id="32" lemma="|injustice|" pos="NN" wid="32">injustice</w>
  <w id="33" lemma="|and|" pos="CC" wid="33">and</w>
  <w id="34" lemma="|violence|" pos="NN" wid="34">violence</w>
  <w id="35" lemma="|,|" pos="," wid="35">,</w>
  <w id="36" lemma="|because|" pos="IN" wid="36">because</w>
  <w id="37" lemma="|above|" pos="IN" wid="37">above</w>
  <w id="38" lemma="|every|" pos="DT" wid="38">every</w>
  <w id="39" lemma="|city|" pos="NN" wid="39">city</w>
  <w id="40" lemma="|there|" pos="EX" wid="40">there</w>
  <w id="41" lemma="|be|" pos="VBZ" wid="41">is</w>
  <w id="42" lemma="|the|" pos="DT" wid="42">the</w>
  <w id="43" lemma="|same|" pos="JJ" wid="43">same</w>
  <w id="44" lemma="|heaven|" pos="NN" wid="44">heaven</w>
  <w id="45" lemma="|and|" pos="CC" wid="45">and</w>
  <w id="46" lemma="|every|" pos="DT" wid="46">every</w>
  <w id="47" lemma="|inhabitant|" pos="NN" wid="47">inhabitant</w>
  <w id="48" lemma="|can|" pos="MD" wid="48">can</w>
  <w id="49" lemma="|lift|" pos="VB" wid="49">lift</w>
  <w id="50" lemma="|he|" pos="PRP$" wid="50">his</w>
  <w id="51" lemma="|or|" pos="CC" wid="51">or</w>
  <w id="52" lemma="|she|" pos="PRP" wid="52">her</w>
  <w id="53" lemma="|gaze|" pos="VBP" wid="53">gaze</w>
  <w id="54" lemma="|with|" pos="IN" wid="54">with</w>
  <w id="55" lemma="|hope|" pos="NN" wid="55">hope</w>
  <w id="56" lemma="|.|" pos="." wid="56">.</w>
</sentence>
<sentence id="8">
  <w id="0" lemma="|Jesus|" pos="NNP" wid="0">Jesus</w>
  <w id="1" lemma="|,|" pos="," wid="1">,</w>
  <w id="2" lemma="|God|" pos="NNP" wid="2">God</w>
  <w id="3" lemma="|,|" pos="," wid="3">,</w>
  <w id="4" lemma="|be|" pos="VBZ" wid="4">is</w>
  <w id="5" lemma="|true|" pos="JJ" wid="5">true</w>
  <w id="6" lemma="|man|" pos="NN" wid="6">man</w>
  <w id="7" lemma="|,|" pos="," wid="7">,</w>
  <w id="8" lemma="|with|" pos="IN" wid="8">with</w>
  <w id="9" lemma="|he|" pos="PRP$" wid="9">his</w>
  <w id="10" lemma="|human|" pos="JJ" wid="10">human</w>
  <w id="11" lemma="|body|" pos="NN" wid="11">body</w>
  <w id="12" lemma="|,|" pos="," wid="12">,</w>
  <w id="13" lemma="|he|" pos="PRP" wid="13">he</w>
  <w id="14" lemma="|be|" pos="VBZ" wid="14">is</w>
  <w id="15" lemma="|in|" pos="IN" wid="15">in</w>
  <w id="16" lemma="|heaven|" pos="NN" wid="16">heaven</w>
  <w id="17" lemma="|!|" pos="." wid="17">!</w>
</sentence>
<sentence id="9">
  <w id="0" lemma="|this|" pos="DT" wid="0">This</w>
  <w id="1" lemma="|be|" pos="VBZ" wid="1">is</w>
  <w id="2" lemma="|we|" pos="PRP$" wid="2">our</w>
  <w id="3" lemma="|hope|" pos="NN" wid="3">hope</w>
  <w id="4" lemma="|,|" pos="," wid="4">,</w>
  <w id="5" lemma="|it|" pos="PRP" wid="5">it</w>
  <w id="6" lemma="|be|" pos="VBZ" wid="6">is</w>
  <w id="7" lemma="|still|" pos="RB" wid="7">still</w>
  <w id="8" lemma="|ours|" pos="JJ" wid="8">ours</w>
  <w id="9" lemma="|,|" pos="," wid="9">,</w>
  <w id="10" lemma="|and|" pos="CC" wid="10">and</w>
  <w id="11" lemma="|we|" pos="PRP" wid="11">we</w>
  <w id="12" lemma="|be|" pos="VBP" wid="12">are</w>
  <w id="13" lemma="|firm|" pos="JJ" wid="13">firm</w>
  <w id="14" lemma="|in|" pos="IN" wid="14">in</w>
  <w id="15" lemma="|this|" pos="DT" wid="15">this</w>
  <w id="16" lemma="|hope|" pos="NN" wid="16">hope</w>
  <w id="17" lemma="|if|" pos="IN" wid="17">if</w>
  <w id="18" lemma="|we|" pos="PRP" wid="18">we</w>
  <w id="19" lemma="|look|" pos="VBP" wid="19">look</w>
  <w id="20" lemma="|to|" pos="TO" wid="20">to</w>
  <w id="21" lemma="|heaven|" pos="NN" wid="21">heaven</w>
  <w id="22" lemma="|.|" pos="." wid="22">.</w>
</sentence>
<sentence id="10">
  <w id="0" lemma="|in|" pos="IN" wid="0">In</w>
  <w id="1" lemma="|this|" pos="DT" wid="1">this</w>
  <w id="2" lemma="|heaven|" pos="NN" wid="2">heaven</w>
  <w id="3" lemma="|live|" pos="VBZ" wid="3">lives</w>
  <w id="4" lemma="|that|" pos="IN" wid="4">that</w>
  <w id="5" lemma="|God|" pos="NNP" wid="5">God</w>
  <w id="6" lemma="|who|" pos="WP" wid="6">who</w>
  <w id="7" lemma="|reveal|" pos="VBD" wid="7">revealed</w>
  <w id="8" lemma="|himself|" pos="PRP" wid="8">himself</w>
  <w id="9" lemma="|so|" pos="RB" wid="9">so</w>
  <w id="10" lemma="|closely|" pos="RB" wid="10">closely</w>
  <w id="11" lemma="|as|" pos="IN" wid="11">as</w>
  <w id="12" lemma="|to|" pos="TO" wid="12">to</w>
  <w id="13" lemma="|take|" pos="VB" wid="13">take</w>
  <w id="14" lemma="|on|" pos="RP" wid="14">on</w>
  <w id="15" lemma="|the|" pos="DT" wid="15">the</w>
  <w id="16" lemma="|face|" pos="NN" wid="16">face</w>
  <w id="17" lemma="|of|" pos="IN" wid="17">of</w>
  <w id="18" lemma="|a|" pos="DT" wid="18">a</w>
  <w id="19" lemma="|man|" pos="NN" wid="19">man</w>
  <w id="20" lemma="|,|" pos="," wid="20">,</w>
  <w id="21" lemma="|Jesus|" pos="NNP" wid="21">Jesus</w>
  <w id="22" lemma="|of|" pos="IN" wid="22">of</w>
  <w id="23" lemma="|Nazareth|" pos="NNP" wid="23">Nazareth</w>
  <w id="24" lemma="|.|" pos="." wid="24">.</w>
</sentence>
<sentence id="11">
  <w id="0" lemma="|he|" pos="PRP" wid="0">He</w>
  <w id="1" lemma="|remain|" pos="VBZ" wid="1">remains</w>
  <w id="2" lemma="|for|" pos="IN" wid="2">for</w>
  <w id="3" lemma="|we|" pos="PRP" wid="3">us</w>
  <w id="4" lemma="|always|" pos="RB" wid="4">always</w>
  <w id="5" lemma="|the|" pos="DT" wid="5">the</w>
  <w id="6" lemma="|god-with-us|" pos="NN" wid="6">God-with-us</w>
  <w id="7" lemma="|--|" pos=":" wid="7">--</w>
  <w id="8" lemma="|let|" pos="VB" wid="8">let</w>
  <w id="9" lemma="|we|" pos="PRP" wid="9">us</w>
  <w id="10" lemma="|remember|" pos="VB" wid="10">remember</w>
  <w id="11" lemma="|this|" pos="DT" wid="11">this</w>
  <w id="12" lemma="|:|" pos=":" wid="12">:</w>
  <w id="13" lemma="|Emmanuel|" pos="NNP" wid="13">Emmanuel</w>
  <w id="14" lemma="|,|" pos="," wid="14">,</w>
  <w id="15" lemma="|God|" pos="NNP" wid="15">God</w>
  <w id="16" lemma="|with|" pos="IN" wid="16">with</w>
  <w id="17" lemma="|we|" pos="PRP" wid="17">us</w>
  <w id="18" lemma="|--|" pos=":" wid="18">--</w>
  <w id="19" lemma="|and|" pos="CC" wid="19">and</w>
  <w id="20" lemma="|he|" pos="PRP" wid="20">he</w>
  <w id="21" lemma="|never|" pos="RB" wid="21">never</w>
  <w id="22" lemma="|leave|" pos="VBZ" wid="22">leaves</w>
  <w id="23" lemma="|we|" pos="PRP" wid="23">us</w>
  <w id="24" lemma="|alone|" pos="RB" wid="24">alone</w>
  <w id="25" lemma="|!|" pos="." wid="25">!</w>
</sentence>
<sentence id="12">
  <w id="0" lemma="|we|" pos="PRP" wid="0">We</w>
  <w id="1" lemma="|can|" pos="MD" wid="1">can</w>
  <w id="2" lemma="|look|" pos="VB" wid="2">look</w>
  <w id="3" lemma="|to|" pos="TO" wid="3">to</w>
  <w id="4" lemma="|heaven|" pos="NN" wid="4">heaven</w>
  <w id="5" lemma="|in|" pos="IN" wid="5">in</w>
  <w id="6" lemma="|order|" pos="NN" wid="6">order</w>
  <w id="7" lemma="|to|" pos="TO" wid="7">to</w>
  <w id="8" lemma="|recognize|" pos="VB" wid="8">recognize</w>
  <w id="9" lemma="|we|" pos="PRP$" wid="9">our</w>
  <w id="10" lemma="|future|" pos="NN" wid="10">future</w>
  <w id="11" lemma="|before|" pos="IN" wid="11">before</w>
  <w id="12" lemma="|we|" pos="PRP" wid="12">us</w>
  <w id="13" lemma="|.|" pos="." wid="13">.</w>
</sentence>
<sentence id="13">
  <w id="0" lemma="|in|" pos="IN" wid="0">In</w>
  <w id="1" lemma="|the|" pos="DT" wid="1">the</w>
  <w id="2" lemma="|ascension|" pos="NN" wid="2">Ascension</w>
  <w id="3" lemma="|of|" pos="IN" wid="3">of</w>
  <w id="4" lemma="|Jesus|" pos="NNP" wid="4">Jesus</w>
  <w id="5" lemma="|,|" pos="," wid="5">,</w>
  <w id="6" lemma="|Crucified|" pos="NNP" wid="6">Crucified</w>
  <w id="7" lemma="|and|" pos="CC" wid="7">and</w>
  <w id="8" lemma="|Risen|" pos="NNP" wid="8">Risen</w>
  <w id="9" lemma="|,|" pos="," wid="9">,</w>
  <w id="10" lemma="|there|" pos="EX" wid="10">there</w>
  <w id="11" lemma="|be|" pos="VBZ" wid="11">is</w>
  <w id="12" lemma="|the|" pos="DT" wid="12">the</w>
  <w id="13" lemma="|promise|" pos="NN" wid="13">promise</w>
  <w id="14" lemma="|of|" pos="IN" wid="14">of</w>
  <w id="15" lemma="|we|" pos="PRP$" wid="15">our</w>
  <w id="16" lemma="|participation|" pos="NN" wid="16">participation</w>
  <w id="17" lemma="|in|" pos="IN" wid="17">in</w>
  <w id="18" lemma="|the|" pos="DT" wid="18">the</w>
  <w id="19" lemma="|fullness|" pos="NN" wid="19">fullness</w>
  <w id="20" lemma="|of|" pos="IN" wid="20">of</w>
  <w id="21" lemma="|life|" pos="NN" wid="21">life</w>
  <w id="22" lemma="|with|" pos="IN" wid="22">with</w>
  <w id="23" lemma="|God|" pos="NNP" wid="23">God</w>
  <w id="24" lemma="|.|" pos="." wid="24">.</w>
</sentence>
<sentence id="14">
  <w id="0" lemma="|before|" pos="IN" wid="0">Before</w>
  <w id="1" lemma="|depart|" pos="VBG" wid="1">departing</w>
  <w id="2" lemma="|from|" pos="IN" wid="2">from</w>
  <w id="3" lemma="|he|" pos="PRP$" wid="3">his</w>
  <w id="4" lemma="|friend|" pos="NNS" wid="4">friends</w>
  <w id="5" lemma="|,|" pos="," wid="5">,</w>
  <w id="6" lemma="|Jesus|" pos="NNP" wid="6">Jesus</w>
  <w id="7" lemma="|,|" pos="," wid="7">,</w>
  <w id="8" lemma="|refer|" pos="VBG" wid="8">referring</w>
  <w id="9" lemma="|to|" pos="TO" wid="9">to</w>
  <w id="10" lemma="|the|" pos="DT" wid="10">the</w>
  <w id="11" lemma="|event|" pos="NN" wid="11">event</w>
  <w id="12" lemma="|of|" pos="IN" wid="12">of</w>
  <w id="13" lemma="|he|" pos="PRP$" wid="13">his</w>
  <w id="14" lemma="|death|" pos="NN" wid="14">death</w>
  <w id="15" lemma="|and|" pos="CC" wid="15">and</w>
  <w id="16" lemma="|resurrection|" pos="NN" wid="16">Resurrection</w>
  <w id="17" lemma="|,|" pos="," wid="17">,</w>
  <w id="18" lemma="|say|" pos="VBD" wid="18">said</w>
  <w id="19" lemma="|to|" pos="TO" wid="19">to</w>
  <w id="20" lemma="|they|" pos="PRP" wid="20">them</w>
  <w id="21" lemma="|:|" pos=":" wid="21">:</w>
  <w id="22" lemma="|``|" pos="``" wid="22">``</w>
  <w id="23" lemma="|you|" pos="PRP" wid="23">You</w>
  <w id="24" lemma="|be|" pos="VBP" wid="24">are</w>
  <w id="25" lemma="|witness|" pos="NNS" wid="25">witnesses</w>
  <w id="26" lemma="|of|" pos="IN" wid="26">of</w>
  <w id="27" lemma="|these|" pos="DT" wid="27">these</w>
  <w id="28" lemma="|thing|" pos="NNS" wid="28">things</w>
  <w id="29" lemma="|''|" pos="''" wid="29">''</w>
  <w id="30" lemma="|-lrb-|" pos="-LRB-" wid="30">-LRB-</w>
  <w id="31" lemma="|v.|" pos="CC" wid="31">v.</w>
  <w id="32" lemma="|48|" pos="CD" wid="32">48</w>
  <w id="33" lemma="|-rrb-|" pos="-RRB-" wid="33">-RRB-</w>
  <w id="34" lemma="|.|" pos="." wid="34">.</w>
</sentence>
<sentence id="15">
  <w id="0" lemma="|in|" pos="IN" wid="0">In</w>
  <w id="1" lemma="|other|" pos="JJ" wid="1">other</w>
  <w id="2" lemma="|word|" pos="NNS" wid="2">words</w>
  <w id="3" lemma="|the|" pos="DT" wid="3">the</w>
  <w id="4" lemma="|disciple|" pos="NNS" wid="4">disciples</w>
  <w id="5" lemma="|,|" pos="," wid="5">,</w>
  <w id="6" lemma="|the|" pos="DT" wid="6">the</w>
  <w id="7" lemma="|Apostles|" pos="NNPS" wid="7">Apostles</w>
  <w id="8" lemma="|,|" pos="," wid="8">,</w>
  <w id="9" lemma="|be|" pos="VBD" wid="9">were</w>
  <w id="10" lemma="|witness|" pos="NNS" wid="10">witnesses</w>
  <w id="11" lemma="|of|" pos="IN" wid="11">of</w>
  <w id="12" lemma="|the|" pos="DT" wid="12">the</w>
  <w id="13" lemma="|death|" pos="NN" wid="13">death</w>
  <w id="14" lemma="|and|" pos="CC" wid="14">and</w>
  <w id="15" lemma="|resurrection|" pos="NN" wid="15">Resurrection</w>
  <w id="16" lemma="|of|" pos="IN" wid="16">of</w>
  <w id="17" lemma="|Christ|" pos="NNP" wid="17">Christ</w>
  <w id="18" lemma="|,|" pos="," wid="18">,</w>
  <w id="19" lemma="|on|" pos="IN" wid="19">on</w>
  <w id="20" lemma="|that|" pos="DT" wid="20">that</w>
  <w id="21" lemma="|day|" pos="NN" wid="21">day</w>
  <w id="22" lemma="|,|" pos="," wid="22">,</w>
  <w id="23" lemma="|also|" pos="RB" wid="23">also</w>
  <w id="24" lemma="|of|" pos="IN" wid="24">of</w>
  <w id="25" lemma="|the|" pos="DT" wid="25">the</w>
  <w id="26" lemma="|ascension|" pos="NN" wid="26">Ascension</w>
  <w id="27" lemma="|of|" pos="IN" wid="27">of</w>
  <w id="28" lemma="|Christ|" pos="NNP" wid="28">Christ</w>
  <w id="29" lemma="|.|" pos="." wid="29">.</w>
</sentence>
<sentence id="16">
  <w id="0" lemma="|in|" pos="IN" wid="0">In</w>
  <w id="1" lemma="|fact|" pos="NN" wid="1">fact</w>
  <w id="2" lemma="|,|" pos="," wid="2">,</w>
  <w id="3" lemma="|after|" pos="IN" wid="3">after</w>
  <w id="4" lemma="|see|" pos="VBG" wid="4">seeing</w>
  <w id="5" lemma="|they|" pos="PRP$" wid="5">their</w>
  <w id="6" lemma="|Lord|" pos="NNP" wid="6">Lord</w>
  <w id="7" lemma="|ascend|" pos="NN" wid="7">ascend</w>
  <w id="8" lemma="|into|" pos="IN" wid="8">into</w>
  <w id="9" lemma="|heaven|" pos="NN" wid="9">heaven</w>
  <w id="10" lemma="|,|" pos="," wid="10">,</w>
  <w id="11" lemma="|the|" pos="DT" wid="11">the</w>
  <w id="12" lemma="|disciple|" pos="NNS" wid="12">disciples</w>
  <w id="13" lemma="|return|" pos="VBD" wid="13">returned</w>
  <w id="14" lemma="|to|" pos="TO" wid="14">to</w>
  <w id="15" lemma="|the|" pos="DT" wid="15">the</w>
  <w id="16" lemma="|city|" pos="NN" wid="16">city</w>
  <w id="17" lemma="|as|" pos="IN" wid="17">as</w>
  <w id="18" lemma="|witness|" pos="NNS" wid="18">witnesses</w>
  <w id="19" lemma="|joyfully|" pos="RB" wid="19">joyfully</w>
  <w id="20" lemma="|proclaim|" pos="VBG" wid="20">proclaiming</w>
  <w id="21" lemma="|to|" pos="TO" wid="21">to</w>
  <w id="22" lemma="|all|" pos="PDT" wid="22">all</w>
  <w id="23" lemma="|the|" pos="DT" wid="23">the</w>
  <w id="24" lemma="|new|" pos="JJ" wid="24">new</w>
  <w id="25" lemma="|life|" pos="NN" wid="25">life</w>
  <w id="26" lemma="|which|" pos="WDT" wid="26">which</w>
  <w id="27" lemma="|come|" pos="VBZ" wid="27">comes</w>
  <w id="28" lemma="|from|" pos="IN" wid="28">from</w>
  <w id="29" lemma="|the|" pos="DT" wid="29">the</w>
  <w id="30" lemma="|Crucified|" pos="NNP" wid="30">Crucified</w>
  <w id="31" lemma="|and|" pos="CC" wid="31">and</w>
  <w id="32" lemma="|Risen|" pos="NNP" wid="32">Risen</w>
  <w id="33" lemma="|one|" pos="CD" wid="33">One</w>
  <w id="34" lemma="|,|" pos="," wid="34">,</w>
  <w id="35" lemma="|in|" pos="IN" wid="35">in</w>
  <w id="36" lemma="|whose|" pos="WP$" wid="36">whose</w>
  <w id="37" lemma="|name|" pos="NN" wid="37">name</w>
  <w id="38" lemma="|``|" pos="``" wid="38">``</w>
  <w id="39" lemma="|repentance|" pos="NN" wid="39">repentance</w>
  <w id="40" lemma="|and|" pos="CC" wid="40">and</w>
  <w id="41" lemma="|forgiveness|" pos="NN" wid="41">forgiveness</w>
  <w id="42" lemma="|of|" pos="IN" wid="42">of</w>
  <w id="43" lemma="|sin|" pos="NNS" wid="43">sins</w>
  <w id="44" lemma="|should|" pos="MD" wid="44">should</w>
  <w id="45" lemma="|be|" pos="VB" wid="45">be</w>
  <w id="46" lemma="|preach|" pos="VBN" wid="46">preached</w>
  <w id="47" lemma="|to|" pos="TO" wid="47">to</w>
  <w id="48" lemma="|all|" pos="DT" wid="48">all</w>
  <w id="49" lemma="|nation|" pos="NNS" wid="49">nations</w>
  <w id="50" lemma="|''|" pos="''" wid="50">''</w>
  <w id="51" lemma="|-lrb-|" pos="-LRB-" wid="51">-LRB-</w>
  <w id="52" lemma="|cf|" pos="NN" wid="52">cf</w>
  <w id="53" lemma="|.|" pos="." wid="53">.</w>
</sentence>
<sentence id="17">
  <w id="0" lemma="|v.|" pos="CC" wid="0">v.</w>
  <w id="1" lemma="|47|" pos="CD" wid="1">47</w>
  <w id="2" lemma="|-rrb-|" pos="-RRB-" wid="2">-RRB-</w>
  <w id="3" lemma="|.|" pos="." wid="3">.</w>
</sentence>
<sentence id="18">
  <w id="0" lemma="|this|" pos="DT" wid="0">This</w>
  <w id="1" lemma="|be|" pos="VBZ" wid="1">is</w>
  <w id="2" lemma="|the|" pos="DT" wid="2">the</w>
  <w id="3" lemma="|witness|" pos="NN" wid="3">witness</w>
  <w id="4" lemma="|--|" pos=":" wid="4">--</w>
  <w id="5" lemma="|bear|" pos="VBN" wid="5">born</w>
  <w id="6" lemma="|not|" pos="RB" wid="6">not</w>
  <w id="7" lemma="|only|" pos="RB" wid="7">only</w>
  <w id="8" lemma="|with|" pos="IN" wid="8">with</w>
  <w id="9" lemma="|word|" pos="NNS" wid="9">words</w>
  <w id="10" lemma="|but|" pos="CC" wid="10">but</w>
  <w id="11" lemma="|with|" pos="IN" wid="11">with</w>
  <w id="12" lemma="|everyday|" pos="JJ" wid="12">everyday</w>
  <w id="13" lemma="|life|" pos="NN" wid="13">life</w>
  <w id="14" lemma="|--|" pos=":" wid="14">--</w>
  <w id="15" lemma="|the|" pos="DT" wid="15">the</w>
  <w id="16" lemma="|witness|" pos="NN" wid="16">witness</w>
  <w id="17" lemma="|that|" pos="IN" wid="17">that</w>
  <w id="18" lemma="|every|" pos="DT" wid="18">every</w>
  <w id="19" lemma="|Sunday|" pos="NNP" wid="19">Sunday</w>
  <w id="20" lemma="|should|" pos="MD" wid="20">should</w>
  <w id="21" lemma="|flow|" pos="VB" wid="21">flow</w>
  <w id="22" lemma="|from|" pos="IN" wid="22">from</w>
  <w id="23" lemma="|we|" pos="PRP$" wid="23">our</w>
  <w id="24" lemma="|church|" pos="NNS" wid="24">churches</w>
  <w id="25" lemma="|so|" pos="RB" wid="25">so</w>
  <w id="26" lemma="|as|" pos="IN" wid="26">as</w>
  <w id="27" lemma="|to|" pos="TO" wid="27">to</w>
  <w id="28" lemma="|enter|" pos="VB" wid="28">enter</w>
  <w id="29" lemma="|during|" pos="IN" wid="29">during</w>
  <w id="30" lemma="|the|" pos="DT" wid="30">the</w>
  <w id="31" lemma="|week|" pos="NN" wid="31">week</w>
  <w id="32" lemma="|into|" pos="IN" wid="32">into</w>
  <w id="33" lemma="|home|" pos="NNS" wid="33">homes</w>
  <w id="34" lemma="|,|" pos="," wid="34">,</w>
  <w id="35" lemma="|office|" pos="NNS" wid="35">offices</w>
  <w id="36" lemma="|,|" pos="," wid="36">,</w>
  <w id="37" lemma="|school|" pos="NNS" wid="37">schools</w>
  <w id="38" lemma="|,|" pos="," wid="38">,</w>
  <w id="39" lemma="|meeting|" pos="NN" wid="39">meeting</w>
  <w id="40" lemma="|and|" pos="CC" wid="40">and</w>
  <w id="41" lemma="|recreational|" pos="JJ" wid="41">recreational</w>
  <w id="42" lemma="|place|" pos="NNS" wid="42">places</w>
  <w id="43" lemma="|,|" pos="," wid="43">,</w>
  <w id="44" lemma="|hospital|" pos="NNS" wid="44">hospitals</w>
  <w id="45" lemma="|,|" pos="," wid="45">,</w>
  <w id="46" lemma="|prison|" pos="NNS" wid="46">prisons</w>
  <w id="47" lemma="|,|" pos="," wid="47">,</w>
  <w id="48" lemma="|home|" pos="NNS" wid="48">homes</w>
  <w id="49" lemma="|for|" pos="IN" wid="49">for</w>
  <w id="50" lemma="|the|" pos="DT" wid="50">the</w>
  <w id="51" lemma="|elderly|" pos="JJ" wid="51">elderly</w>
  <w id="52" lemma="|,|" pos="," wid="52">,</w>
  <w id="53" lemma="|in|" pos="IN" wid="53">in</w>
  <w id="54" lemma="|place|" pos="NNS" wid="54">places</w>
  <w id="55" lemma="|crowd|" pos="VBN" wid="55">crowded</w>
  <w id="56" lemma="|with|" pos="IN" wid="56">with</w>
  <w id="57" lemma="|immigrant|" pos="NNS" wid="57">immigrants</w>
  <w id="58" lemma="|,|" pos="," wid="58">,</w>
  <w id="59" lemma="|in|" pos="IN" wid="59">in</w>
  <w id="60" lemma="|the|" pos="DT" wid="60">the</w>
  <w id="61" lemma="|periphery|" pos="NNS" wid="61">peripheries</w>
  <w id="62" lemma="|of|" pos="IN" wid="62">of</w>
  <w id="63" lemma="|the|" pos="DT" wid="63">the</w>
  <w id="64" lemma="|city|" pos="NN" wid="64">city</w>
  <w id="65" lemma="|...|" pos=":" wid="65">...</w>
  <w id="66" lemma="|.|" pos="." wid="66">.</w>
</sentence>
<sentence id="19">
  <w id="0" lemma="|we|" pos="PRP" wid="0">We</w>
  <w id="1" lemma="|must|" pos="MD" wid="1">must</w>
  <w id="2" lemma="|bear|" pos="VB" wid="2">bear</w>
  <w id="3" lemma="|this|" pos="DT" wid="3">this</w>
  <w id="4" lemma="|witness|" pos="NN" wid="4">witness</w>
  <w id="5" lemma="|every|" pos="DT" wid="5">every</w>
  <w id="6" lemma="|week|" pos="NN" wid="6">week</w>
  <w id="7" lemma="|:|" pos=":" wid="7">:</w>
  <w id="8" lemma="|Christ|" pos="NNP" wid="8">Christ</w>
  <w id="9" lemma="|be|" pos="VBZ" wid="9">is</w>
  <w id="10" lemma="|with|" pos="IN" wid="10">with</w>
  <w id="11" lemma="|we|" pos="PRP" wid="11">us</w>
  <w id="12" lemma="|:|" pos=":" wid="12">:</w>
  <w id="13" lemma="|Jesus|" pos="NNP" wid="13">Jesus</w>
  <w id="14" lemma="|rise|" pos="VBD" wid="14">rose</w>
  <w id="15" lemma="|to|" pos="TO" wid="15">to</w>
  <w id="16" lemma="|heaven|" pos="NN" wid="16">heaven</w>
  <w id="17" lemma="|,|" pos="," wid="17">,</w>
  <w id="18" lemma="|he|" pos="PRP" wid="18">he</w>
  <w id="19" lemma="|be|" pos="VBZ" wid="19">is</w>
  <w id="20" lemma="|with|" pos="IN" wid="20">with</w>
  <w id="21" lemma="|we|" pos="PRP" wid="21">us</w>
  <w id="22" lemma="|:|" pos=":" wid="22">:</w>
  <w id="23" lemma="|Christ|" pos="NNP" wid="23">Christ</w>
  <w id="24" lemma="|live|" pos="VBZ" wid="24">lives</w>
  <w id="25" lemma="|!|" pos="." wid="25">!</w>
</sentence>
<sentence id="20">
  <w id="0" lemma="|Jesus|" pos="NNP" wid="0">Jesus</w>
  <w id="1" lemma="|assure|" pos="VBD" wid="1">assured</w>
  <w id="2" lemma="|we|" pos="PRP" wid="2">us</w>
  <w id="3" lemma="|that|" pos="IN" wid="3">that</w>
  <w id="4" lemma="|in|" pos="IN" wid="4">in</w>
  <w id="5" lemma="|this|" pos="DT" wid="5">this</w>
  <w id="6" lemma="|proclamation|" pos="NN" wid="6">proclamation</w>
  <w id="7" lemma="|and|" pos="CC" wid="7">and</w>
  <w id="8" lemma="|in|" pos="IN" wid="8">in</w>
  <w id="9" lemma="|this|" pos="DT" wid="9">this</w>
  <w id="10" lemma="|witness|" pos="NN" wid="10">witness</w>
  <w id="11" lemma="|we|" pos="PRP" wid="11">we</w>
  <w id="12" lemma="|shall|" pos="MD" wid="12">shall</w>
  <w id="13" lemma="|be|" pos="VB" wid="13">be</w>
  <w id="14" lemma="|``|" pos="``" wid="14">``</w>
  <w id="15" lemma="|clothe|" pos="VBN" wid="15">clothed</w>
  <w id="16" lemma="|with|" pos="IN" wid="16">with</w>
  <w id="17" lemma="|power|" pos="NN" wid="17">power</w>
  <w id="18" lemma="|from|" pos="IN" wid="18">from</w>
  <w id="19" lemma="|on|" pos="IN" wid="19">on</w>
  <w id="20" lemma="|high|" pos="JJ" wid="20">high</w>
  <w id="21" lemma="|''|" pos="''" wid="21">''</w>
  <w id="22" lemma="|-lrb-|" pos="-LRB-" wid="22">-LRB-</w>
  <w id="23" lemma="|v.|" pos="CC" wid="23">v.</w>
  <w id="24" lemma="|49|" pos="CD" wid="24">49</w>
  <w id="25" lemma="|-rrb-|" pos="-RRB-" wid="25">-RRB-</w>
  <w id="26" lemma="|,|" pos="," wid="26">,</w>
  <w id="27" lemma="|that|" pos="DT" wid="27">that</w>
  <w id="28" lemma="|be|" pos="VBZ" wid="28">is</w>
  <w id="29" lemma="|,|" pos="," wid="29">,</w>
  <w id="30" lemma="|with|" pos="IN" wid="30">with</w>
  <w id="31" lemma="|the|" pos="DT" wid="31">the</w>
  <w id="32" lemma="|power|" pos="NN" wid="32">power</w>
  <w id="33" lemma="|of|" pos="IN" wid="33">of</w>
  <w id="34" lemma="|the|" pos="DT" wid="34">the</w>
  <w id="35" lemma="|holy|" pos="JJ" wid="35">Holy</w>
  <w id="36" lemma="|spirit|" pos="NN" wid="36">Spirit</w>
  <w id="37" lemma="|.|" pos="." wid="37">.</w>
</sentence>
<sentence id="21">
  <w id="0" lemma="|here|" pos="RB" wid="0">Here</w>
  <w id="1" lemma="|be|" pos="VBZ" wid="1">is</w>
  <w id="2" lemma="|the|" pos="DT" wid="2">the</w>
  <w id="3" lemma="|secret|" pos="NN" wid="3">secret</w>
  <w id="4" lemma="|to|" pos="TO" wid="4">to</w>
  <w id="5" lemma="|this|" pos="DT" wid="5">this</w>
  <w id="6" lemma="|mission|" pos="NN" wid="6">mission</w>
  <w id="7" lemma="|:|" pos=":" wid="7">:</w>
  <w id="8" lemma="|the|" pos="DT" wid="8">the</w>
  <w id="9" lemma="|presence|" pos="NN" wid="9">presence</w>
  <w id="10" lemma="|among|" pos="IN" wid="10">among</w>
  <w id="11" lemma="|we|" pos="PRP" wid="11">us</w>
  <w id="12" lemma="|of|" pos="IN" wid="12">of</w>
  <w id="13" lemma="|the|" pos="DT" wid="13">the</w>
  <w id="14" lemma="|Risen|" pos="NNP" wid="14">Risen</w>
  <w id="15" lemma="|Lord|" pos="NNP" wid="15">Lord</w>
  <w id="16" lemma="|,|" pos="," wid="16">,</w>
  <w id="17" lemma="|who|" pos="WP" wid="17">who</w>
  <w id="18" lemma="|with|" pos="IN" wid="18">with</w>
  <w id="19" lemma="|the|" pos="DT" wid="19">the</w>
  <w id="20" lemma="|gift|" pos="NN" wid="20">gift</w>
  <w id="21" lemma="|of|" pos="IN" wid="21">of</w>
  <w id="22" lemma="|the|" pos="DT" wid="22">the</w>
  <w id="23" lemma="|Holy|" pos="NNP" wid="23">Holy</w>
  <w id="24" lemma="|Spirit|" pos="NNP" wid="24">Spirit</w>
  <w id="25" lemma="|,|" pos="," wid="25">,</w>
  <w id="26" lemma="|continue|" pos="VBZ" wid="26">continues</w>
  <w id="27" lemma="|to|" pos="TO" wid="27">to</w>
  <w id="28" lemma="|open|" pos="VB" wid="28">open</w>
  <w id="29" lemma="|we|" pos="PRP$" wid="29">our</w>
  <w id="30" lemma="|mind|" pos="NNS" wid="30">minds</w>
  <w id="31" lemma="|and|" pos="CC" wid="31">and</w>
  <w id="32" lemma="|we|" pos="PRP$" wid="32">our</w>
  <w id="33" lemma="|heart|" pos="NNS" wid="33">hearts</w>
  <w id="34" lemma="|,|" pos="," wid="34">,</w>
  <w id="35" lemma="|to|" pos="TO" wid="35">to</w>
  <w id="36" lemma="|proclaim|" pos="VB" wid="36">proclaim</w>
  <w id="37" lemma="|he|" pos="PRP$" wid="37">his</w>
  <w id="38" lemma="|love|" pos="NN" wid="38">love</w>
  <w id="39" lemma="|and|" pos="CC" wid="39">and</w>
  <w id="40" lemma="|he|" pos="PRP$" wid="40">his</w>
  <w id="41" lemma="|mercy|" pos="NN" wid="41">mercy</w>
  <w id="42" lemma="|even|" pos="RB" wid="42">even</w>
  <w id="43" lemma="|in|" pos="IN" wid="43">in</w>
  <w id="44" lemma="|the|" pos="DT" wid="44">the</w>
  <w id="45" lemma="|most|" pos="RBS" wid="45">most</w>
  <w id="46" lemma="|resistant|" pos="JJ" wid="46">resistant</w>
  <w id="47" lemma="|area|" pos="NNS" wid="47">areas</w>
  <w id="48" lemma="|of|" pos="IN" wid="48">of</w>
  <w id="49" lemma="|we|" pos="PRP$" wid="49">our</w>
  <w id="50" lemma="|city|" pos="NNS" wid="50">cities</w>
  <w id="51" lemma="|.|" pos="." wid="51">.</w>
</sentence>
<sentence id="22">
  <w id="0" lemma="|the|" pos="DT" wid="0">The</w>
  <w id="1" lemma="|holy|" pos="JJ" wid="1">Holy</w>
  <w id="2" lemma="|spirit|" pos="NN" wid="2">Spirit</w>
  <w id="3" lemma="|be|" pos="VBZ" wid="3">is</w>
  <w id="4" lemma="|the|" pos="DT" wid="4">the</w>
  <w id="5" lemma="|true|" pos="JJ" wid="5">true</w>
  <w id="6" lemma="|artisan|" pos="NN" wid="6">artisan</w>
  <w id="7" lemma="|of|" pos="IN" wid="7">of</w>
  <w id="8" lemma="|the|" pos="DT" wid="8">the</w>
  <w id="9" lemma="|multiform|" pos="JJ" wid="9">multiform</w>
  <w id="10" lemma="|witness|" pos="NN" wid="10">witness</w>
  <w id="11" lemma="|that|" pos="IN" wid="11">that</w>
  <w id="12" lemma="|the|" pos="DT" wid="12">the</w>
  <w id="13" lemma="|Church|" pos="NNP" wid="13">Church</w>
  <w id="14" lemma="|and|" pos="CC" wid="14">and</w>
  <w id="15" lemma="|every|" pos="DT" wid="15">every</w>
  <w id="16" lemma="|baptize|" pos="VBN" wid="16">baptized</w>
  <w id="17" lemma="|person|" pos="NN" wid="17">person</w>
  <w id="18" lemma="|render|" pos="VBZ" wid="18">renders</w>
  <w id="19" lemma="|in|" pos="IN" wid="19">in</w>
  <w id="20" lemma="|the|" pos="DT" wid="20">the</w>
  <w id="21" lemma="|world|" pos="NN" wid="21">world</w>
  <w id="22" lemma="|.|" pos="." wid="22">.</w>
</sentence>
<sentence id="23">
  <w id="0" lemma="|therefore|" pos="RB" wid="0">Therefore</w>
  <w id="1" lemma="|,|" pos="," wid="1">,</w>
  <w id="2" lemma="|we|" pos="PRP" wid="2">we</w>
  <w id="3" lemma="|must|" pos="MD" wid="3">must</w>
  <w id="4" lemma="|never|" pos="RB" wid="4">never</w>
  <w id="5" lemma="|neglect|" pos="NN" wid="5">neglect</w>
  <w id="6" lemma="|to|" pos="TO" wid="6">to</w>
  <w id="7" lemma="|meditate|" pos="VB" wid="7">meditate</w>
  <w id="8" lemma="|in|" pos="IN" wid="8">in</w>
  <w id="9" lemma="|prayer|" pos="NN" wid="9">prayer</w>
  <w id="10" lemma="|in|" pos="IN" wid="10">in</w>
  <w id="11" lemma="|order|" pos="NN" wid="11">order</w>
  <w id="12" lemma="|to|" pos="TO" wid="12">to</w>
  <w id="13" lemma="|praise|" pos="VB" wid="13">praise</w>
  <w id="14" lemma="|God|" pos="NNP" wid="14">God</w>
  <w id="15" lemma="|and|" pos="CC" wid="15">and</w>
  <w id="16" lemma="|invoke|" pos="VB" wid="16">invoke</w>
  <w id="17" lemma="|the|" pos="DT" wid="17">the</w>
  <w id="18" lemma="|gift|" pos="NN" wid="18">gift</w>
  <w id="19" lemma="|of|" pos="IN" wid="19">of</w>
  <w id="20" lemma="|the|" pos="DT" wid="20">the</w>
  <w id="21" lemma="|holy|" pos="JJ" wid="21">Holy</w>
  <w id="22" lemma="|spirit|" pos="NN" wid="22">Spirit</w>
  <w id="23" lemma="|.|" pos="." wid="23">.</w>
</sentence>
<sentence id="24">
  <w id="0" lemma="|this|" pos="DT" wid="0">This</w>
  <w id="1" lemma="|week|" pos="NN" wid="1">week</w>
  <w id="2" lemma="|,|" pos="," wid="2">,</w>
  <w id="3" lemma="|which|" pos="WDT" wid="3">which</w>
  <w id="4" lemma="|lead|" pos="VBZ" wid="4">leads</w>
  <w id="5" lemma="|we|" pos="PRP" wid="5">us</w>
  <w id="6" lemma="|to|" pos="TO" wid="6">to</w>
  <w id="7" lemma="|the|" pos="DT" wid="7">the</w>
  <w id="8" lemma="|Feast|" pos="NNP" wid="8">Feast</w>
  <w id="9" lemma="|of|" pos="IN" wid="9">of</w>
  <w id="10" lemma="|Pentecost|" pos="NNP" wid="10">Pentecost</w>
  <w id="11" lemma="|,|" pos="," wid="11">,</w>
  <w id="12" lemma="|let|" pos="VB" wid="12">let</w>
  <w id="13" lemma="|we|" pos="PRP" wid="13">us</w>
  <w id="14" lemma="|remain|" pos="VB" wid="14">remain</w>
  <w id="15" lemma="|spiritually|" pos="RB" wid="15">spiritually</w>
  <w id="16" lemma="|in|" pos="IN" wid="16">in</w>
  <w id="17" lemma="|the|" pos="DT" wid="17">the</w>
  <w id="18" lemma="|Upper|" pos="NNP" wid="18">Upper</w>
  <w id="19" lemma="|Room|" pos="NNP" wid="19">Room</w>
  <w id="20" lemma="|,|" pos="," wid="20">,</w>
  <w id="21" lemma="|together|" pos="RB" wid="21">together</w>
  <w id="22" lemma="|with|" pos="IN" wid="22">with</w>
  <w id="23" lemma="|the|" pos="DT" wid="23">the</w>
  <w id="24" lemma="|Virgin|" pos="NNP" wid="24">Virgin</w>
  <w id="25" lemma="|Mary|" pos="NNP" wid="25">Mary</w>
  <w id="26" lemma="|,|" pos="," wid="26">,</w>
  <w id="27" lemma="|to|" pos="TO" wid="27">to</w>
  <w id="28" lemma="|receive|" pos="VB" wid="28">receive</w>
  <w id="29" lemma="|the|" pos="DT" wid="29">the</w>
  <w id="30" lemma="|Holy|" pos="NNP" wid="30">Holy</w>
  <w id="31" lemma="|Spirit|" pos="NNP" wid="31">Spirit</w>
  <w id="32" lemma="|.|" pos="." wid="32">.</w>
</sentence>
<sentence id="25">
  <w id="0" lemma="|let|" pos="VB" wid="0">Let</w>
  <w id="1" lemma="|we|" pos="PRP" wid="1">us</w>
  <w id="2" lemma="|do|" pos="VB" wid="2">do</w>
  <w id="3" lemma="|so|" pos="RB" wid="3">so</w>
  <w id="4" lemma="|now|" pos="RB" wid="4">now</w>
  <w id="5" lemma="|too|" pos="RB" wid="5">too</w>
  <w id="6" lemma="|,|" pos="," wid="6">,</w>
  <w id="7" lemma="|in|" pos="IN" wid="7">in</w>
  <w id="8" lemma="|communion|" pos="NN" wid="8">communion</w>
  <w id="9" lemma="|with|" pos="IN" wid="9">with</w>
  <w id="10" lemma="|the|" pos="DT" wid="10">the</w>
  <w id="11" lemma="|faithful|" pos="NN" wid="11">faithful</w>
  <w id="12" lemma="|gather|" pos="VBN" wid="12">gathered</w>
  <w id="13" lemma="|in|" pos="IN" wid="13">in</w>
  <w id="14" lemma="|the|" pos="DT" wid="14">the</w>
  <w id="15" lemma="|Shrine|" pos="NNP" wid="15">Shrine</w>
  <w id="16" lemma="|of|" pos="IN" wid="16">of</w>
  <w id="17" lemma="|Pompeii|" pos="NNP" wid="17">Pompeii</w>
  <w id="18" lemma="|for|" pos="IN" wid="18">for</w>
  <w id="19" lemma="|the|" pos="DT" wid="19">the</w>
  <w id="20" lemma="|traditional|" pos="JJ" wid="20">traditional</w>
  <w id="21" lemma="|supplication|" pos="NN" wid="21">Supplication</w>
  <w id="22" lemma="|.|" pos="." wid="22">.</w>
</sentence>
<sentence id="26">
  <w id="0" lemma="|after|" pos="IN" wid="0">After</w>
  <w id="1" lemma="|the|" pos="DT" wid="1">the</w>
  <w id="2" lemma="|Regina|" pos="NNP" wid="2">Regina</w>
  <w id="3" lemma="|Caeli|" pos="NNP" wid="3">Caeli</w>
  <w id="4" lemma="|:|" pos=":" wid="4">:</w>
  <w id="5" lemma="|Dear|" pos="NNP" wid="5">Dear</w>
  <w id="6" lemma="|brother|" pos="NNS" wid="6">brothers</w>
  <w id="7" lemma="|and|" pos="CC" wid="7">and</w>
  <w id="8" lemma="|sister|" pos="NNS" wid="8">sisters</w>
  <w id="9" lemma="|,|" pos="," wid="9">,</w>
  <w id="10" lemma="|today|" pos="NN" wid="10">today</w>
  <w id="11" lemma="|be|" pos="VBZ" wid="11">is</w>
  <w id="12" lemma="|the|" pos="DT" wid="12">the</w>
  <w id="13" lemma="|50th|" pos="JJ" wid="13">50th</w>
  <w id="14" lemma="|World|" pos="NNP" wid="14">World</w>
  <w id="15" lemma="|Communications|" pos="NNP" wid="15">Communications</w>
  <w id="16" lemma="|Day|" pos="NNP" wid="16">Day</w>
  <w id="17" lemma="|,|" pos="," wid="17">,</w>
  <w id="18" lemma="|call|" pos="VBD" wid="18">called</w>
  <w id="19" lemma="|for|" pos="IN" wid="19">for</w>
  <w id="20" lemma="|by|" pos="IN" wid="20">by</w>
  <w id="21" lemma="|the|" pos="DT" wid="21">the</w>
  <w id="22" lemma="|Second|" pos="NNP" wid="22">Second</w>
  <w id="23" lemma="|Vatican|" pos="NNP" wid="23">Vatican</w>
  <w id="24" lemma="|Council|" pos="NNP" wid="24">Council</w>
  <w id="25" lemma="|.|" pos="." wid="25">.</w>
</sentence>
<sentence id="27">
  <w id="0" lemma="|the|" pos="DT" wid="0">The</w>
  <w id="1" lemma="|Council|" pos="NNP" wid="1">Council</w>
  <w id="2" lemma="|father|" pos="NNS" wid="2">Fathers</w>
  <w id="3" lemma="|,|" pos="," wid="3">,</w>
  <w id="4" lemma="|reflect|" pos="VBG" wid="4">reflecting</w>
  <w id="5" lemma="|on|" pos="IN" wid="5">on</w>
  <w id="6" lemma="|the|" pos="DT" wid="6">the</w>
  <w id="7" lemma="|Church|" pos="NNP" wid="7">Church</w>
  <w id="8" lemma="|of|" pos="IN" wid="8">of</w>
  <w id="9" lemma="|the|" pos="DT" wid="9">the</w>
  <w id="10" lemma="|contemporary|" pos="JJ" wid="10">contemporary</w>
  <w id="11" lemma="|world|" pos="NN" wid="11">world</w>
  <w id="12" lemma="|,|" pos="," wid="12">,</w>
  <w id="13" lemma="|understand|" pos="VBD" wid="13">understood</w>
  <w id="14" lemma="|the|" pos="DT" wid="14">the</w>
  <w id="15" lemma="|crucial|" pos="JJ" wid="15">crucial</w>
  <w id="16" lemma="|importance|" pos="NN" wid="16">importance</w>
  <w id="17" lemma="|of|" pos="IN" wid="17">of</w>
  <w id="18" lemma="|communication|" pos="NNS" wid="18">communications</w>
  <w id="19" lemma="|,|" pos="," wid="19">,</w>
  <w id="20" lemma="|which|" pos="WDT" wid="20">which</w>
  <w id="21" lemma="|``|" pos="``" wid="21">``</w>
  <w id="22" lemma="|build|" pos="VB" wid="22">build</w>
  <w id="23" lemma="|bridge|" pos="NNS" wid="23">bridges</w>
  <w id="24" lemma="|between|" pos="IN" wid="24">between</w>
  <w id="25" lemma="|individual|" pos="NNS" wid="25">individuals</w>
  <w id="26" lemma="|and|" pos="CC" wid="26">and</w>
  <w id="27" lemma="|within|" pos="IN" wid="27">within</w>
  <w id="28" lemma="|family|" pos="NNS" wid="28">families</w>
  <w id="29" lemma="|,|" pos="," wid="29">,</w>
  <w id="30" lemma="|social|" pos="JJ" wid="30">social</w>
  <w id="31" lemma="|group|" pos="NNS" wid="31">groups</w>
  <w id="32" lemma="|and|" pos="CC" wid="32">and</w>
  <w id="33" lemma="|people|" pos="NNS" wid="33">peoples</w>
  <w id="34" lemma="|.|" pos="." wid="34">.</w>
</sentence>
<sentence id="28">
  <w id="0" lemma="|this|" pos="DT" wid="0">This</w>
  <w id="1" lemma="|be|" pos="VBZ" wid="1">is</w>
  <w id="2" lemma="|possible|" pos="JJ" wid="2">possible</w>
  <w id="3" lemma="|both|" pos="CC" wid="3">both</w>
  <w id="4" lemma="|in|" pos="IN" wid="4">in</w>
  <w id="5" lemma="|the|" pos="DT" wid="5">the</w>
  <w id="6" lemma="|material|" pos="NN" wid="6">material</w>
  <w id="7" lemma="|world|" pos="NN" wid="7">world</w>
  <w id="8" lemma="|and|" pos="CC" wid="8">and</w>
  <w id="9" lemma="|the|" pos="DT" wid="9">the</w>
  <w id="10" lemma="|digital|" pos="JJ" wid="10">digital</w>
  <w id="11" lemma="|world|" pos="NN" wid="11">world</w>
  <w id="12" lemma="|''|" pos="''" wid="12">''</w>
  <w id="13" lemma="|-lrb-|" pos="-LRB-" wid="13">-LRB-</w>
  <w id="14" lemma="|message|" pos="NN" wid="14">Message</w>
  <w id="15" lemma="|2016|" pos="CD" wid="15">2016</w>
  <w id="16" lemma="|-rrb-|" pos="-RRB-" wid="16">-RRB-</w>
  <w id="17" lemma="|.|" pos="." wid="17">.</w>
</sentence>
<sentence id="29">
  <w id="0" lemma="|I|" pos="PRP" wid="0">I</w>
  <w id="1" lemma="|address|" pos="VBP" wid="1">address</w>
  <w id="2" lemma="|a|" pos="DT" wid="2">a</w>
  <w id="3" lemma="|cordial|" pos="JJ" wid="3">cordial</w>
  <w id="4" lemma="|greet|" pos="VBG" wid="4">greeting</w>
  <w id="5" lemma="|to|" pos="TO" wid="5">to</w>
  <w id="6" lemma="|all|" pos="PDT" wid="6">all</w>
  <w id="7" lemma="|those|" pos="DT" wid="7">those</w>
  <w id="8" lemma="|employ|" pos="VBN" wid="8">employed</w>
  <w id="9" lemma="|in|" pos="IN" wid="9">in</w>
  <w id="10" lemma="|communication|" pos="NNS" wid="10">communications</w>
  <w id="11" lemma="|,|" pos="," wid="11">,</w>
  <w id="12" lemma="|and|" pos="CC" wid="12">and</w>
  <w id="13" lemma="|I|" pos="PRP" wid="13">I</w>
  <w id="14" lemma="|hope|" pos="VBP" wid="14">hope</w>
  <w id="15" lemma="|that|" pos="IN" wid="15">that</w>
  <w id="16" lemma="|we|" pos="PRP$" wid="16">our</w>
  <w id="17" lemma="|way|" pos="NN" wid="17">way</w>
  <w id="18" lemma="|of|" pos="IN" wid="18">of</w>
  <w id="19" lemma="|communicate|" pos="VBG" wid="19">communicating</w>
  <w id="20" lemma="|in|" pos="IN" wid="20">in</w>
  <w id="21" lemma="|the|" pos="DT" wid="21">the</w>
  <w id="22" lemma="|Church|" pos="NNP" wid="22">Church</w>
  <w id="23" lemma="|may|" pos="MD" wid="23">may</w>
  <w id="24" lemma="|always|" pos="RB" wid="24">always</w>
  <w id="25" lemma="|have|" pos="VB" wid="25">have</w>
  <w id="26" lemma="|a|" pos="DT" wid="26">a</w>
  <w id="27" lemma="|clear|" pos="JJ" wid="27">clear</w>
  <w id="28" lemma="|gospel|" pos="NN" wid="28">Gospel</w>
  <w id="29" lemma="|style|" pos="NN" wid="29">style</w>
  <w id="30" lemma="|,|" pos="," wid="30">,</w>
  <w id="31" lemma="|a|" pos="DT" wid="31">an</w>
  <w id="32" lemma="|approach|" pos="NN" wid="32">approach</w>
  <w id="33" lemma="|which|" pos="WDT" wid="33">which</w>
  <w id="34" lemma="|unite|" pos="VBZ" wid="34">unites</w>
  <w id="35" lemma="|truth|" pos="NN" wid="35">truth</w>
  <w id="36" lemma="|and|" pos="CC" wid="36">and</w>
  <w id="37" lemma="|mercy|" pos="NN" wid="37">mercy</w>
  <w id="38" lemma="|.|" pos="." wid="38">.</w>
</sentence>
<sentence id="30">
  <w id="0" lemma="|Today|" pos="NNP" wid="0">Today</w>
  <w id="1" lemma="|Mother|" pos="NNP" wid="1">Mother</w>
  <w id="2" lemma="|'s|" pos="POS" wid="2">'s</w>
  <w id="3" lemma="|Day|" pos="NNP" wid="3">Day</w>
  <w id="4" lemma="|be|" pos="VBZ" wid="4">is</w>
  <w id="5" lemma="|be|" pos="VBG" wid="5">being</w>
  <w id="6" lemma="|celebrate|" pos="VBN" wid="6">celebrated</w>
  <w id="7" lemma="|in|" pos="IN" wid="7">in</w>
  <w id="8" lemma="|many|" pos="JJ" wid="8">many</w>
  <w id="9" lemma="|country|" pos="NNS" wid="9">countries</w>
  <w id="10" lemma="|;|" pos=":" wid="10">;</w>
  <w id="11" lemma="|let|" pos="VB" wid="11">let</w>
  <w id="12" lemma="|we|" pos="PRP" wid="12">us</w>
  <w id="13" lemma="|recall|" pos="VB" wid="13">recall</w>
  <w id="14" lemma="|with|" pos="IN" wid="14">with</w>
  <w id="15" lemma="|gratitude|" pos="NN" wid="15">gratitude</w>
  <w id="16" lemma="|and|" pos="CC" wid="16">and</w>
  <w id="17" lemma="|affection|" pos="NN" wid="17">affection</w>
  <w id="18" lemma="|all|" pos="DT" wid="18">all</w>
  <w id="19" lemma="|mother|" pos="NNS" wid="19">mothers</w>
  <w id="20" lemma="|--|" pos=":" wid="20">--</w>
  <w id="21" lemma="|those|" pos="DT" wid="21">those</w>
  <w id="22" lemma="|who|" pos="WP" wid="22">who</w>
  <w id="23" lemma="|be|" pos="VBP" wid="23">are</w>
  <w id="24" lemma="|here|" pos="RB" wid="24">here</w>
  <w id="25" lemma="|today|" pos="NN" wid="25">today</w>
  <w id="26" lemma="|in|" pos="IN" wid="26">in</w>
  <w id="27" lemma="|the|" pos="DT" wid="27">the</w>
  <w id="28" lemma="|Square|" pos="NNP" wid="28">Square</w>
  <w id="29" lemma="|,|" pos="," wid="29">,</w>
  <w id="30" lemma="|we|" pos="PRP$" wid="30">our</w>
  <w id="31" lemma="|mother|" pos="NNS" wid="31">mothers</w>
  <w id="32" lemma="|,|" pos="," wid="32">,</w>
  <w id="33" lemma="|those|" pos="DT" wid="33">those</w>
  <w id="34" lemma="|who|" pos="WP" wid="34">who</w>
  <w id="35" lemma="|be|" pos="VBP" wid="35">are</w>
  <w id="36" lemma="|still|" pos="RB" wid="36">still</w>
  <w id="37" lemma="|among|" pos="IN" wid="37">among</w>
  <w id="38" lemma="|we|" pos="PRP" wid="38">us</w>
  <w id="39" lemma="|and|" pos="CC" wid="39">and</w>
  <w id="40" lemma="|those|" pos="DT" wid="40">those</w>
  <w id="41" lemma="|who|" pos="WP" wid="41">who</w>
  <w id="42" lemma="|have|" pos="VBP" wid="42">have</w>
  <w id="43" lemma="|go|" pos="VBN" wid="43">gone</w>
  <w id="44" lemma="|to|" pos="TO" wid="44">to</w>
  <w id="45" lemma="|heaven|" pos="NN" wid="45">heaven</w>
  <w id="46" lemma="|--|" pos=":" wid="46">--</w>
  <w id="47" lemma="|entrust|" pos="VBG" wid="47">entrusting</w>
  <w id="48" lemma="|they|" pos="PRP" wid="48">them</w>
  <w id="49" lemma="|to|" pos="TO" wid="49">to</w>
  <w id="50" lemma="|Mary|" pos="NNP" wid="50">Mary</w>
  <w id="51" lemma="|,|" pos="," wid="51">,</w>
  <w id="52" lemma="|Mother|" pos="NNP" wid="52">Mother</w>
  <w id="53" lemma="|of|" pos="IN" wid="53">of</w>
  <w id="54" lemma="|Jesus|" pos="NNP" wid="54">Jesus</w>
  <w id="55" lemma="|.|" pos="." wid="55">.</w>
</sentence>
<sentence id="31">
  <w id="0" lemma="|together|" pos="RB" wid="0">Together</w>
  <w id="1" lemma="|,|" pos="," wid="1">,</w>
  <w id="2" lemma="|for|" pos="IN" wid="2">for</w>
  <w id="3" lemma="|all|" pos="DT" wid="3">all</w>
  <w id="4" lemma="|mother|" pos="NNS" wid="4">mothers</w>
  <w id="5" lemma="|,|" pos="," wid="5">,</w>
  <w id="6" lemma="|let|" pos="VB" wid="6">let</w>
  <w id="7" lemma="|we|" pos="PRP" wid="7">us</w>
  <w id="8" lemma="|pray|" pos="VB" wid="8">pray</w>
  <w id="9" lemma="|the|" pos="DT" wid="9">the</w>
  <w id="10" lemma="|Hail|" pos="NNP" wid="10">Hail</w>
  <w id="11" lemma="|Mary|" pos="NNP" wid="11">Mary</w>
  <w id="12" lemma="|...|" pos=":" wid="12">...</w>
  <w id="13" lemma="|.|" pos="." wid="13">.</w>
</sentence>
<sentence id="32">
  <w id="0" lemma="|I|" pos="PRP" wid="0">I</w>
  <w id="1" lemma="|wish|" pos="VBP" wid="1">wish</w>
  <w id="2" lemma="|everyone|" pos="NN" wid="2">everyone</w>
  <w id="3" lemma="|a|" pos="DT" wid="3">a</w>
  <w id="4" lemma="|happy|" pos="JJ" wid="4">happy</w>
  <w id="5" lemma="|Sunday|" pos="NNP" wid="5">Sunday</w>
  <w id="6" lemma="|.|" pos="." wid="6">.</w>
</sentence>
<sentence id="33">
  <w id="0" lemma="|please|" pos="VB" wid="0">Please</w>
  <w id="1" lemma="|,|" pos="," wid="1">,</w>
  <w id="2" lemma="|do|" pos="VBP" wid="2">do</w>
  <w id="3" lemma="|not|" pos="RB" wid="3">not</w>
  <w id="4" lemma="|forget|" pos="VB" wid="4">forget</w>
  <w id="5" lemma="|to|" pos="TO" wid="5">to</w>
  <w id="6" lemma="|pray|" pos="VB" wid="6">pray</w>
  <w id="7" lemma="|for|" pos="IN" wid="7">for</w>
  <w id="8" lemma="|I|" pos="PRP" wid="8">me</w>
  <w id="9" lemma="|.|" pos="." wid="9">.</w>
</sentence>
<sentence id="34">
  <w id="0" lemma="|enjoy|" pos="VB" wid="0">Enjoy</w>
  <w id="1" lemma="|you|" pos="PRP$" wid="1">your</w>
  <w id="2" lemma="|lunch|" pos="NN" wid="2">lunch</w>
  <w id="3" lemma="|.|" pos="." wid="3">.</w>
</sentence>
<sentence id="35">
  <w id="0" lemma="|Arrivederci|" pos="NNP" wid="0">Arrivederci</w>
  <w id="1" lemma="|!|" pos="." wid="1">!</w>
</sentence>
</corpus>