<corpus id="0">
<sentence id="0">
  <w id="0" lemma="|Dear|" pos="NNP" wid="0">Dear</w>
  <w id="1" lemma="|Brothers|" pos="NNPS" wid="1">Brothers</w>
  <w id="2" lemma="|and|" pos="CC" wid="2">and</w>
  <w id="3" lemma="|sister|" pos="NNS" wid="3">Sisters</w>
  <w id="4" lemma="|,|" pos="," wid="4">,</w>
  <w id="5" lemma="|good|" pos="JJ" wid="5">Good</w>
  <w id="6" lemma="|morning|" pos="NN" wid="6">morning</w>
  <w id="7" lemma="|!|" pos="." wid="7">!</w>
</sentence>
<sentence id="1">
  <w id="0" lemma="|today|" pos="NN" wid="0">Today</w>
  <w id="1" lemma="|I|" pos="PRP" wid="1">I</w>
  <w id="2" lemma="|would|" pos="MD" wid="2">would</w>
  <w id="3" lemma="|like|" pos="VB" wid="3">like</w>
  <w id="4" lemma="|to|" pos="TO" wid="4">to</w>
  <w id="5" lemma="|reflect|" pos="VB" wid="5">reflect</w>
  <w id="6" lemma="|on|" pos="IN" wid="6">on</w>
  <w id="7" lemma="|another|" pos="DT" wid="7">another</w>
  <w id="8" lemma="|term|" pos="NN" wid="8">term</w>
  <w id="9" lemma="|by|" pos="IN" wid="9">by</w>
  <w id="10" lemma="|which|" pos="WDT" wid="10">which</w>
  <w id="11" lemma="|the|" pos="DT" wid="11">the</w>
  <w id="12" lemma="|Second|" pos="NNP" wid="12">Second</w>
  <w id="13" lemma="|Vatican|" pos="NNP" wid="13">Vatican</w>
  <w id="14" lemma="|Council|" pos="NNP" wid="14">Council</w>
  <w id="15" lemma="|define|" pos="VBD" wid="15">defined</w>
  <w id="16" lemma="|the|" pos="DT" wid="16">the</w>
  <w id="17" lemma="|Church|" pos="NNP" wid="17">Church</w>
  <w id="18" lemma="|:|" pos=":" wid="18">:</w>
  <w id="19" lemma="|``|" pos="``" wid="19">``</w>
  <w id="20" lemma="|people|" pos="NNS" wid="20">People</w>
  <w id="21" lemma="|of|" pos="IN" wid="21">of</w>
  <w id="22" lemma="|God|" pos="NNP" wid="22">God</w>
  <w id="23" lemma="|''|" pos="''" wid="23">''</w>
  <w id="24" lemma="|-lrb-|" pos="-LRB-" wid="24">-LRB-</w>
  <w id="25" lemma="|cf|" pos="NN" wid="25">cf</w>
  <w id="26" lemma="|.|" pos="." wid="26">.</w>
</sentence>
<sentence id="2">
  <w id="0" lemma="|Dogmatic|" pos="NNP" wid="0">Dogmatic</w>
  <w id="1" lemma="|Constitution|" pos="NNP" wid="1">Constitution</w>
  <w id="2" lemma="|Lumen|" pos="NNP" wid="2">Lumen</w>
  <w id="3" lemma="|Gentium|" pos="NNP" wid="3">Gentium</w>
  <w id="4" lemma="|,|" pos="," wid="4">,</w>
  <w id="5" lemma="|n.|" pos="NNP" wid="5">n.</w>
  <w id="6" lemma="|9|" pos="CD" wid="6">9</w>
  <w id="7" lemma="|;|" pos=":" wid="7">;</w>
  <w id="8" lemma="|the|" pos="DT" wid="8">The</w>
  <w id="9" lemma="|catechism|" pos="NN" wid="9">Catechism</w>
  <w id="10" lemma="|of|" pos="IN" wid="10">of</w>
  <w id="11" lemma="|the|" pos="DT" wid="11">the</w>
  <w id="12" lemma="|Catholic|" pos="NNP" wid="12">Catholic</w>
  <w id="13" lemma="|Church|" pos="NNP" wid="13">Church</w>
  <w id="14" lemma="|,|" pos="," wid="14">,</w>
  <w id="15" lemma="|n.|" pos="NNP" wid="15">n.</w>
  <w id="16" lemma="|782|" pos="CD" wid="16">782</w>
  <w id="17" lemma="|-rrb-|" pos="-RRB-" wid="17">-RRB-</w>
  <w id="18" lemma="|.|" pos="." wid="18">.</w>
</sentence>
<sentence id="3">
  <w id="0" lemma="|and|" pos="CC" wid="0">And</w>
  <w id="1" lemma="|I|" pos="PRP" wid="1">I</w>
  <w id="2" lemma="|do|" pos="VBP" wid="2">do</w>
  <w id="3" lemma="|so|" pos="RB" wid="3">so</w>
  <w id="4" lemma="|with|" pos="IN" wid="4">with</w>
  <w id="5" lemma="|several|" pos="JJ" wid="5">several</w>
  <w id="6" lemma="|question|" pos="NNS" wid="6">questions</w>
  <w id="7" lemma="|for|" pos="IN" wid="7">for</w>
  <w id="8" lemma="|each|" pos="DT" wid="8">each</w>
  <w id="9" lemma="|one|" pos="CD" wid="9">one</w>
  <w id="10" lemma="|of|" pos="IN" wid="10">of</w>
  <w id="11" lemma="|you|" pos="PRP" wid="11">you</w>
  <w id="12" lemma="|to|" pos="TO" wid="12">to</w>
  <w id="13" lemma="|reflect|" pos="VB" wid="13">reflect</w>
  <w id="14" lemma="|on|" pos="IN" wid="14">on</w>
  <w id="15" lemma="|.|" pos="." wid="15">.</w>
</sentence>
<sentence id="4">
  <w id="0" lemma="|1|" pos="CD" wid="0">1</w>
  <w id="1" lemma="|.|" pos="." wid="1">.</w>
</sentence>
<sentence id="5">
  <w id="0" lemma="|what|" pos="WP" wid="0">What</w>
  <w id="1" lemma="|do|" pos="VBZ" wid="1">does</w>
  <w id="2" lemma="|``|" pos="``" wid="2">``</w>
  <w id="3" lemma="|people|" pos="NNS" wid="3">People</w>
  <w id="4" lemma="|of|" pos="IN" wid="4">of</w>
  <w id="5" lemma="|God|" pos="NNP" wid="5">God</w>
  <w id="6" lemma="|''|" pos="''" wid="6">''</w>
  <w id="7" lemma="|mean|" pos="VB" wid="7">mean</w>
  <w id="8" lemma="|?|" pos="." wid="8">?</w>
</sentence>
<sentence id="6">
  <w id="0" lemma="|first|" pos="RB" wid="0">First</w>
  <w id="1" lemma="|of|" pos="IN" wid="1">of</w>
  <w id="2" lemma="|all|" pos="DT" wid="2">all</w>
  <w id="3" lemma="|it|" pos="PRP" wid="3">it</w>
  <w id="4" lemma="|mean|" pos="VBZ" wid="4">means</w>
  <w id="5" lemma="|that|" pos="IN" wid="5">that</w>
  <w id="6" lemma="|God|" pos="NNP" wid="6">God</w>
  <w id="7" lemma="|do|" pos="VBZ" wid="7">does</w>
  <w id="8" lemma="|not|" pos="RB" wid="8">not</w>
  <w id="9" lemma="|belong|" pos="VB" wid="9">belong</w>
  <w id="10" lemma="|in|" pos="IN" wid="10">in</w>
  <w id="11" lemma="|a|" pos="DT" wid="11">a</w>
  <w id="12" lemma="|special|" pos="JJ" wid="12">special</w>
  <w id="13" lemma="|way|" pos="NN" wid="13">way</w>
  <w id="14" lemma="|to|" pos="TO" wid="14">to</w>
  <w id="15" lemma="|any|" pos="DT" wid="15">any</w>
  <w id="16" lemma="|one|" pos="CD" wid="16">one</w>
  <w id="17" lemma="|people|" pos="NNS" wid="17">people</w>
  <w id="18" lemma="|;|" pos=":" wid="18">;</w>
  <w id="19" lemma="|for|" pos="IN" wid="19">for</w>
  <w id="20" lemma="|it|" pos="PRP" wid="20">it</w>
  <w id="21" lemma="|be|" pos="VBZ" wid="21">is</w>
  <w id="22" lemma="|he|" pos="PRP" wid="22">He</w>
  <w id="23" lemma="|who|" pos="WP" wid="23">who</w>
  <w id="24" lemma="|call|" pos="VBZ" wid="24">calls</w>
  <w id="25" lemma="|we|" pos="PRP" wid="25">us</w>
  <w id="26" lemma="|,|" pos="," wid="26">,</w>
  <w id="27" lemma="|convoke|" pos="VBZ" wid="27">convokes</w>
  <w id="28" lemma="|we|" pos="PRP" wid="28">us</w>
  <w id="29" lemma="|,|" pos="," wid="29">,</w>
  <w id="30" lemma="|invite|" pos="VBZ" wid="30">invites</w>
  <w id="31" lemma="|we|" pos="PRP" wid="31">us</w>
  <w id="32" lemma="|to|" pos="TO" wid="32">to</w>
  <w id="33" lemma="|be|" pos="VB" wid="33">be</w>
  <w id="34" lemma="|part|" pos="NN" wid="34">part</w>
  <w id="35" lemma="|of|" pos="IN" wid="35">of</w>
  <w id="36" lemma="|he|" pos="PRP$" wid="36">his</w>
  <w id="37" lemma="|people|" pos="NNS" wid="37">people</w>
  <w id="38" lemma="|,|" pos="," wid="38">,</w>
  <w id="39" lemma="|and|" pos="CC" wid="39">and</w>
  <w id="40" lemma="|this|" pos="DT" wid="40">this</w>
  <w id="41" lemma="|invitation|" pos="NN" wid="41">invitation</w>
  <w id="42" lemma="|be|" pos="VBZ" wid="42">is</w>
  <w id="43" lemma="|address|" pos="VBN" wid="43">addressed</w>
  <w id="44" lemma="|to|" pos="TO" wid="44">to</w>
  <w id="45" lemma="|all|" pos="DT" wid="45">all</w>
  <w id="46" lemma="|,|" pos="," wid="46">,</w>
  <w id="47" lemma="|without|" pos="IN" wid="47">without</w>
  <w id="48" lemma="|distinction|" pos="NN" wid="48">distinction</w>
  <w id="49" lemma="|,|" pos="," wid="49">,</w>
  <w id="50" lemma="|for|" pos="IN" wid="50">for</w>
  <w id="51" lemma="|the|" pos="DT" wid="51">the</w>
  <w id="52" lemma="|mercy|" pos="NN" wid="52">mercy</w>
  <w id="53" lemma="|of|" pos="IN" wid="53">of</w>
  <w id="54" lemma="|God|" pos="NNP" wid="54">God</w>
  <w id="55" lemma="|``|" pos="``" wid="55">``</w>
  <w id="56" lemma="|desire|" pos="NNS" wid="56">desires</w>
  <w id="57" lemma="|all|" pos="DT" wid="57">all</w>
  <w id="58" lemma="|man|" pos="NNS" wid="58">men</w>
  <w id="59" lemma="|to|" pos="TO" wid="59">to</w>
  <w id="60" lemma="|be|" pos="VB" wid="60">be</w>
  <w id="61" lemma="|save|" pos="VBN" wid="61">saved</w>
  <w id="62" lemma="|''|" pos="''" wid="62">''</w>
  <w id="63" lemma="|-lrb-|" pos="-LRB-" wid="63">-LRB-</w>
  <w id="64" lemma="|1|" pos="CD" wid="64">1</w>
  <w id="65" lemma="|Tim|" pos="NNP" wid="65">Tim</w>
  <w id="66" lemma="|2:4|" pos="CD" wid="66">2:4</w>
  <w id="67" lemma="|-rrb-|" pos="-RRB-" wid="67">-RRB-</w>
  <w id="68" lemma="|.|" pos="." wid="68">.</w>
</sentence>
<sentence id="7">
  <w id="0" lemma="|Jesus|" pos="NNP" wid="0">Jesus</w>
  <w id="1" lemma="|do|" pos="VBZ" wid="1">does</w>
  <w id="2" lemma="|not|" pos="RB" wid="2">not</w>
  <w id="3" lemma="|tell|" pos="VB" wid="3">tell</w>
  <w id="4" lemma="|the|" pos="DT" wid="4">the</w>
  <w id="5" lemma="|Apostles|" pos="NNPS" wid="5">Apostles</w>
  <w id="6" lemma="|or|" pos="CC" wid="6">or</w>
  <w id="7" lemma="|we|" pos="PRP" wid="7">us</w>
  <w id="8" lemma="|to|" pos="TO" wid="8">to</w>
  <w id="9" lemma="|form|" pos="VB" wid="9">form</w>
  <w id="10" lemma="|a|" pos="DT" wid="10">an</w>
  <w id="11" lemma="|exclusive|" pos="JJ" wid="11">exclusive</w>
  <w id="12" lemma="|group|" pos="NN" wid="12">group</w>
  <w id="13" lemma="|,|" pos="," wid="13">,</w>
  <w id="14" lemma="|a|" pos="DT" wid="14">a</w>
  <w id="15" lemma="|group|" pos="NN" wid="15">group</w>
  <w id="16" lemma="|of|" pos="IN" wid="16">of</w>
  <w id="17" lemma="|the|" pos="DT" wid="17">the</w>
  <w id="18" lemma="|elite|" pos="NN" wid="18">elite</w>
  <w id="19" lemma="|.|" pos="." wid="19">.</w>
</sentence>
<sentence id="8">
  <w id="0" lemma="|Jesus|" pos="NNP" wid="0">Jesus</w>
  <w id="1" lemma="|say|" pos="VBZ" wid="1">says</w>
  <w id="2" lemma="|:|" pos=":" wid="2">:</w>
  <w id="3" lemma="|go|" pos="VB" wid="3">go</w>
  <w id="4" lemma="|out|" pos="RB" wid="4">out</w>
  <w id="5" lemma="|and|" pos="CC" wid="5">and</w>
  <w id="6" lemma="|make|" pos="VB" wid="6">make</w>
  <w id="7" lemma="|disciple|" pos="NNS" wid="7">disciples</w>
  <w id="8" lemma="|of|" pos="IN" wid="8">of</w>
  <w id="9" lemma="|all|" pos="DT" wid="9">all</w>
  <w id="10" lemma="|people|" pos="NNS" wid="10">people</w>
  <w id="11" lemma="|-lrb-|" pos="-LRB-" wid="11">-LRB-</w>
  <w id="12" lemma="|cf|" pos="NN" wid="12">cf</w>
  <w id="13" lemma="|.|" pos="." wid="13">.</w>
</sentence>
<sentence id="9">
  <w id="0" lemma="|mt|" pos="NN" wid="0">Mt</w>
  <w id="1" lemma="|28:19|" pos="CD" wid="1">28:19</w>
  <w id="2" lemma="|-rrb-|" pos="-RRB-" wid="2">-RRB-</w>
  <w id="3" lemma="|.|" pos="." wid="3">.</w>
</sentence>
<sentence id="10">
  <w id="0" lemma="|St|" pos="NNP" wid="0">St</w>
  <w id="1" lemma="|Paul|" pos="NNP" wid="1">Paul</w>
  <w id="2" lemma="|say|" pos="VBZ" wid="2">says</w>
  <w id="3" lemma="|that|" pos="IN" wid="3">that</w>
  <w id="4" lemma="|in|" pos="IN" wid="4">in</w>
  <w id="5" lemma="|the|" pos="DT" wid="5">the</w>
  <w id="6" lemma="|People|" pos="NNP" wid="6">People</w>
  <w id="7" lemma="|of|" pos="IN" wid="7">of</w>
  <w id="8" lemma="|God|" pos="NNP" wid="8">God</w>
  <w id="9" lemma="|,|" pos="," wid="9">,</w>
  <w id="10" lemma="|in|" pos="IN" wid="10">in</w>
  <w id="11" lemma="|the|" pos="DT" wid="11">the</w>
  <w id="12" lemma="|Church|" pos="NNP" wid="12">Church</w>
  <w id="13" lemma="|,|" pos="," wid="13">,</w>
  <w id="14" lemma="|``|" pos="``" wid="14">``</w>
  <w id="15" lemma="|there|" pos="EX" wid="15">there</w>
  <w id="16" lemma="|be|" pos="VBZ" wid="16">is</w>
  <w id="17" lemma="|neither|" pos="CC" wid="17">neither</w>
  <w id="18" lemma="|jew|" pos="NN" wid="18">Jew</w>
  <w id="19" lemma="|nor|" pos="CC" wid="19">nor</w>
  <w id="20" lemma="|greek|" pos="JJ" wid="20">Greek</w>
  <w id="21" lemma="|...|" pos=":" wid="21">...</w>
  <w id="22" lemma="|for|" pos="IN" wid="22">for</w>
  <w id="23" lemma="|you|" pos="PRP" wid="23">you</w>
  <w id="24" lemma="|be|" pos="VBP" wid="24">are</w>
  <w id="25" lemma="|all|" pos="DT" wid="25">all</w>
  <w id="26" lemma="|one|" pos="CD" wid="26">one</w>
  <w id="27" lemma="|in|" pos="IN" wid="27">in</w>
  <w id="28" lemma="|Christ|" pos="NNP" wid="28">Christ</w>
  <w id="29" lemma="|Jesus|" pos="NNP" wid="29">Jesus</w>
  <w id="30" lemma="|''|" pos="''" wid="30">''</w>
  <w id="31" lemma="|-lrb-|" pos="-LRB-" wid="31">-LRB-</w>
  <w id="32" lemma="|gal|" pos="NN" wid="32">Gal</w>
  <w id="33" lemma="|3:28|" pos="CD" wid="33">3:28</w>
  <w id="34" lemma="|-rrb-|" pos="-RRB-" wid="34">-RRB-</w>
  <w id="35" lemma="|.|" pos="." wid="35">.</w>
</sentence>
<sentence id="11">
  <w id="0" lemma="|I|" pos="PRP" wid="0">I</w>
  <w id="1" lemma="|would|" pos="MD" wid="1">would</w>
  <w id="2" lemma="|also|" pos="RB" wid="2">also</w>
  <w id="3" lemma="|like|" pos="VB" wid="3">like</w>
  <w id="4" lemma="|to|" pos="TO" wid="4">to</w>
  <w id="5" lemma="|say|" pos="VB" wid="5">say</w>
  <w id="6" lemma="|to|" pos="TO" wid="6">to</w>
  <w id="7" lemma="|anyone|" pos="NN" wid="7">anyone</w>
  <w id="8" lemma="|who|" pos="WP" wid="8">who</w>
  <w id="9" lemma="|feel|" pos="VBZ" wid="9">feels</w>
  <w id="10" lemma="|far|" pos="RB" wid="10">far</w>
  <w id="11" lemma="|away|" pos="RB" wid="11">away</w>
  <w id="12" lemma="|from|" pos="IN" wid="12">from</w>
  <w id="13" lemma="|God|" pos="NNP" wid="13">God</w>
  <w id="14" lemma="|and|" pos="CC" wid="14">and</w>
  <w id="15" lemma="|the|" pos="DT" wid="15">the</w>
  <w id="16" lemma="|Church|" pos="NNP" wid="16">Church</w>
  <w id="17" lemma="|,|" pos="," wid="17">,</w>
  <w id="18" lemma="|to|" pos="TO" wid="18">to</w>
  <w id="19" lemma="|anyone|" pos="NN" wid="19">anyone</w>
  <w id="20" lemma="|who|" pos="WP" wid="20">who</w>
  <w id="21" lemma="|be|" pos="VBZ" wid="21">is</w>
  <w id="22" lemma="|timid|" pos="JJ" wid="22">timid</w>
  <w id="23" lemma="|or|" pos="CC" wid="23">or</w>
  <w id="24" lemma="|indifferent|" pos="JJ" wid="24">indifferent</w>
  <w id="25" lemma="|,|" pos="," wid="25">,</w>
  <w id="26" lemma="|to|" pos="TO" wid="26">to</w>
  <w id="27" lemma="|those|" pos="DT" wid="27">those</w>
  <w id="28" lemma="|who|" pos="WP" wid="28">who</w>
  <w id="29" lemma="|think|" pos="VBP" wid="29">think</w>
  <w id="30" lemma="|they|" pos="PRP" wid="30">they</w>
  <w id="31" lemma="|can|" pos="MD" wid="31">can</w>
  <w id="32" lemma="|no|" pos="RB" wid="32">no</w>
  <w id="33" lemma="|longer|" pos="JJR" wid="33">longer</w>
  <w id="34" lemma="|change|" pos="NN" wid="34">change</w>
  <w id="35" lemma="|:|" pos=":" wid="35">:</w>
  <w id="36" lemma="|the|" pos="DT" wid="36">the</w>
  <w id="37" lemma="|Lord|" pos="NNP" wid="37">Lord</w>
  <w id="38" lemma="|call|" pos="VBZ" wid="38">calls</w>
  <w id="39" lemma="|you|" pos="PRP" wid="39">you</w>
  <w id="40" lemma="|too|" pos="RB" wid="40">too</w>
  <w id="41" lemma="|to|" pos="TO" wid="41">to</w>
  <w id="42" lemma="|become|" pos="VB" wid="42">become</w>
  <w id="43" lemma="|part|" pos="NN" wid="43">part</w>
  <w id="44" lemma="|in|" pos="IN" wid="44">in</w>
  <w id="45" lemma="|he|" pos="PRP$" wid="45">his</w>
  <w id="46" lemma="|people|" pos="NNS" wid="46">people</w>
  <w id="47" lemma="|and|" pos="CC" wid="47">and</w>
  <w id="48" lemma="|he|" pos="PRP" wid="48">he</w>
  <w id="49" lemma="|do|" pos="VBZ" wid="49">does</w>
  <w id="50" lemma="|this|" pos="DT" wid="50">this</w>
  <w id="51" lemma="|with|" pos="IN" wid="51">with</w>
  <w id="52" lemma="|great|" pos="JJ" wid="52">great</w>
  <w id="53" lemma="|respect|" pos="NN" wid="53">respect</w>
  <w id="54" lemma="|and|" pos="CC" wid="54">and</w>
  <w id="55" lemma="|love|" pos="NN" wid="55">love</w>
  <w id="56" lemma="|!|" pos="." wid="56">!</w>
</sentence>
<sentence id="12">
  <w id="0" lemma="|he|" pos="PRP" wid="0">He</w>
  <w id="1" lemma="|invite|" pos="VBZ" wid="1">invites</w>
  <w id="2" lemma="|we|" pos="PRP" wid="2">us</w>
  <w id="3" lemma="|to|" pos="TO" wid="3">to</w>
  <w id="4" lemma="|be|" pos="VB" wid="4">be</w>
  <w id="5" lemma="|part|" pos="NN" wid="5">part</w>
  <w id="6" lemma="|of|" pos="IN" wid="6">of</w>
  <w id="7" lemma="|this|" pos="DT" wid="7">this</w>
  <w id="8" lemma="|people|" pos="NNS" wid="8">people</w>
  <w id="9" lemma="|,|" pos="," wid="9">,</w>
  <w id="10" lemma="|the|" pos="DT" wid="10">the</w>
  <w id="11" lemma="|People|" pos="NNP" wid="11">People</w>
  <w id="12" lemma="|of|" pos="IN" wid="12">of</w>
  <w id="13" lemma="|God|" pos="NNP" wid="13">God</w>
  <w id="14" lemma="|!|" pos="." wid="14">!</w>
</sentence>
<sentence id="13">
  <w id="0" lemma="|2|" pos="CD" wid="0">2</w>
  <w id="1" lemma="|.|" pos="." wid="1">.</w>
</sentence>
<sentence id="14">
  <w id="0" lemma="|how|" pos="WRB" wid="0">How</w>
  <w id="1" lemma="|do|" pos="VBZ" wid="1">does</w>
  <w id="2" lemma="|one|" pos="CD" wid="2">one</w>
  <w id="3" lemma="|become|" pos="VB" wid="3">become</w>
  <w id="4" lemma="|a|" pos="DT" wid="4">a</w>
  <w id="5" lemma="|member|" pos="NN" wid="5">member</w>
  <w id="6" lemma="|of|" pos="IN" wid="6">of</w>
  <w id="7" lemma="|this|" pos="DT" wid="7">this</w>
  <w id="8" lemma="|people|" pos="NNS" wid="8">people</w>
  <w id="9" lemma="|?|" pos="." wid="9">?</w>
</sentence>
<sentence id="15">
  <w id="0" lemma="|it|" pos="PRP" wid="0">It</w>
  <w id="1" lemma="|be|" pos="VBZ" wid="1">is</w>
  <w id="2" lemma="|not|" pos="RB" wid="2">not</w>
  <w id="3" lemma="|through|" pos="IN" wid="3">through</w>
  <w id="4" lemma="|physical|" pos="JJ" wid="4">physical</w>
  <w id="5" lemma="|birth|" pos="NN" wid="5">birth</w>
  <w id="6" lemma="|,|" pos="," wid="6">,</w>
  <w id="7" lemma="|but|" pos="CC" wid="7">but</w>
  <w id="8" lemma="|through|" pos="IN" wid="8">through</w>
  <w id="9" lemma="|a|" pos="DT" wid="9">a</w>
  <w id="10" lemma="|new|" pos="JJ" wid="10">new</w>
  <w id="11" lemma="|birth|" pos="NN" wid="11">birth</w>
  <w id="12" lemma="|.|" pos="." wid="12">.</w>
</sentence>
<sentence id="16">
  <w id="0" lemma="|in|" pos="IN" wid="0">In</w>
  <w id="1" lemma="|the|" pos="DT" wid="1">the</w>
  <w id="2" lemma="|Gospel|" pos="NNP" wid="2">Gospel</w>
  <w id="3" lemma="|,|" pos="," wid="3">,</w>
  <w id="4" lemma="|Jesus|" pos="NNP" wid="4">Jesus</w>
  <w id="5" lemma="|tell|" pos="VBZ" wid="5">tells</w>
  <w id="6" lemma="|Nicodemus|" pos="NNP" wid="6">Nicodemus</w>
  <w id="7" lemma="|that|" pos="IN" wid="7">that</w>
  <w id="8" lemma="|he|" pos="PRP" wid="8">he</w>
  <w id="9" lemma="|need|" pos="VBZ" wid="9">needs</w>
  <w id="10" lemma="|to|" pos="TO" wid="10">to</w>
  <w id="11" lemma="|be|" pos="VB" wid="11">be</w>
  <w id="12" lemma="|bear|" pos="VBN" wid="12">born</w>
  <w id="13" lemma="|from|" pos="IN" wid="13">from</w>
  <w id="14" lemma="|on|" pos="IN" wid="14">on</w>
  <w id="15" lemma="|high|" pos="JJ" wid="15">high</w>
  <w id="16" lemma="|,|" pos="," wid="16">,</w>
  <w id="17" lemma="|from|" pos="IN" wid="17">from</w>
  <w id="18" lemma="|water|" pos="NN" wid="18">water</w>
  <w id="19" lemma="|and|" pos="CC" wid="19">and</w>
  <w id="20" lemma="|from|" pos="IN" wid="20">from</w>
  <w id="21" lemma="|the|" pos="DT" wid="21">the</w>
  <w id="22" lemma="|spirit|" pos="NN" wid="22">Spirit</w>
  <w id="23" lemma="|in|" pos="IN" wid="23">in</w>
  <w id="24" lemma="|order|" pos="NN" wid="24">order</w>
  <w id="25" lemma="|to|" pos="TO" wid="25">to</w>
  <w id="26" lemma="|enter|" pos="VB" wid="26">enter</w>
  <w id="27" lemma="|the|" pos="DT" wid="27">the</w>
  <w id="28" lemma="|Kingdom|" pos="NNP" wid="28">Kingdom</w>
  <w id="29" lemma="|of|" pos="IN" wid="29">of</w>
  <w id="30" lemma="|God|" pos="NNP" wid="30">God</w>
  <w id="31" lemma="|-lrb-|" pos="-LRB-" wid="31">-LRB-</w>
  <w id="32" lemma="|cf|" pos="FW" wid="32">cf</w>
  <w id="33" lemma="|.|" pos="." wid="33">.</w>
</sentence>
<sentence id="17">
  <w id="0" lemma="|jn|" pos="FW" wid="0">Jn</w>
  <w id="1" lemma="|3:3|" pos="FW" wid="1">3:3</w>
  <w id="2" lemma="|-5|" pos="CD" wid="2">-5</w>
  <w id="3" lemma="|-rrb-|" pos="-RRB-" wid="3">-RRB-</w>
  <w id="4" lemma="|.|" pos="." wid="4">.</w>
</sentence>
<sentence id="18">
  <w id="0" lemma="|it|" pos="PRP" wid="0">It</w>
  <w id="1" lemma="|be|" pos="VBZ" wid="1">is</w>
  <w id="2" lemma="|through|" pos="IN" wid="2">through</w>
  <w id="3" lemma="|Baptism|" pos="NNP" wid="3">Baptism</w>
  <w id="4" lemma="|that|" pos="IN" wid="4">that</w>
  <w id="5" lemma="|we|" pos="PRP" wid="5">we</w>
  <w id="6" lemma="|be|" pos="VBP" wid="6">are</w>
  <w id="7" lemma="|introduce|" pos="VBN" wid="7">introduced</w>
  <w id="8" lemma="|into|" pos="IN" wid="8">into</w>
  <w id="9" lemma="|this|" pos="DT" wid="9">this</w>
  <w id="10" lemma="|people|" pos="NNS" wid="10">people</w>
  <w id="11" lemma="|,|" pos="," wid="11">,</w>
  <w id="12" lemma="|through|" pos="IN" wid="12">through</w>
  <w id="13" lemma="|faith|" pos="NN" wid="13">faith</w>
  <w id="14" lemma="|in|" pos="IN" wid="14">in</w>
  <w id="15" lemma="|Christ|" pos="NNP" wid="15">Christ</w>
  <w id="16" lemma="|,|" pos="," wid="16">,</w>
  <w id="17" lemma="|a|" pos="DT" wid="17">a</w>
  <w id="18" lemma="|gift|" pos="NN" wid="18">gift</w>
  <w id="19" lemma="|from|" pos="IN" wid="19">from</w>
  <w id="20" lemma="|God|" pos="NNP" wid="20">God</w>
  <w id="21" lemma="|that|" pos="WDT" wid="21">that</w>
  <w id="22" lemma="|must|" pos="MD" wid="22">must</w>
  <w id="23" lemma="|be|" pos="VB" wid="23">be</w>
  <w id="24" lemma="|nourish|" pos="VBN" wid="24">nourished</w>
  <w id="25" lemma="|and|" pos="CC" wid="25">and</w>
  <w id="26" lemma="|cultivate|" pos="VBN" wid="26">cultivated</w>
  <w id="27" lemma="|throughout|" pos="IN" wid="27">throughout</w>
  <w id="28" lemma="|we|" pos="PRP$" wid="28">our</w>
  <w id="29" lemma="|life|" pos="NN" wid="29">life</w>
  <w id="30" lemma="|.|" pos="." wid="30">.</w>
</sentence>
<sentence id="19">
  <w id="0" lemma="|let|" pos="VB" wid="0">Let</w>
  <w id="1" lemma="|we|" pos="PRP" wid="1">us</w>
  <w id="2" lemma="|ask|" pos="VB" wid="2">ask</w>
  <w id="3" lemma="|ourselves|" pos="PRP" wid="3">ourselves</w>
  <w id="4" lemma="|:|" pos=":" wid="4">:</w>
  <w id="5" lemma="|how|" pos="WRB" wid="5">how</w>
  <w id="6" lemma="|do|" pos="VBP" wid="6">do</w>
  <w id="7" lemma="|I|" pos="PRP" wid="7">I</w>
  <w id="8" lemma="|make|" pos="VB" wid="8">make</w>
  <w id="9" lemma="|this|" pos="DT" wid="9">this</w>
  <w id="10" lemma="|faith|" pos="NN" wid="10">faith</w>
  <w id="11" lemma="|that|" pos="IN" wid="11">that</w>
  <w id="12" lemma="|I|" pos="PRP" wid="12">I</w>
  <w id="13" lemma="|receive|" pos="VBD" wid="13">received</w>
  <w id="14" lemma="|in|" pos="IN" wid="14">in</w>
  <w id="15" lemma="|my|" pos="PRP$" wid="15">my</w>
  <w id="16" lemma="|Baptism|" pos="NNP" wid="16">Baptism</w>
  <w id="17" lemma="|grow|" pos="VB" wid="17">grow</w>
  <w id="18" lemma="|?|" pos="." wid="18">?</w>
</sentence>
<sentence id="20">
  <w id="0" lemma="|how|" pos="WRB" wid="0">How</w>
  <w id="1" lemma="|do|" pos="VBP" wid="1">do</w>
  <w id="2" lemma="|I|" pos="PRP" wid="2">I</w>
  <w id="3" lemma="|make|" pos="VB" wid="3">make</w>
  <w id="4" lemma="|this|" pos="DT" wid="4">this</w>
  <w id="5" lemma="|faith|" pos="NN" wid="5">faith</w>
  <w id="6" lemma="|that|" pos="IN" wid="6">that</w>
  <w id="7" lemma="|I|" pos="PRP" wid="7">I</w>
  <w id="8" lemma="|receive|" pos="VBD" wid="8">received</w>
  <w id="9" lemma="|and|" pos="CC" wid="9">and</w>
  <w id="10" lemma="|that|" pos="DT" wid="10">that</w>
  <w id="11" lemma="|belong|" pos="VBZ" wid="11">belongs</w>
  <w id="12" lemma="|to|" pos="TO" wid="12">to</w>
  <w id="13" lemma="|the|" pos="DT" wid="13">the</w>
  <w id="14" lemma="|People|" pos="NNP" wid="14">People</w>
  <w id="15" lemma="|of|" pos="IN" wid="15">of</w>
  <w id="16" lemma="|God|" pos="NNP" wid="16">God</w>
  <w id="17" lemma="|grow|" pos="VB" wid="17">grow</w>
  <w id="18" lemma="|?|" pos="." wid="18">?</w>
</sentence>
<sentence id="21">
  <w id="0" lemma="|3|" pos="LS" wid="0">3</w>
  <w id="1" lemma="|.|" pos="." wid="1">.</w>
</sentence>
<sentence id="22">
  <w id="0" lemma="|another|" pos="DT" wid="0">Another</w>
  <w id="1" lemma="|question|" pos="NN" wid="1">question</w>
  <w id="2" lemma="|:|" pos=":" wid="2">:</w>
  <w id="3" lemma="|what|" pos="WP" wid="3">what</w>
  <w id="4" lemma="|be|" pos="VBZ" wid="4">is</w>
  <w id="5" lemma="|the|" pos="DT" wid="5">the</w>
  <w id="6" lemma="|law|" pos="NN" wid="6">law</w>
  <w id="7" lemma="|of|" pos="IN" wid="7">of</w>
  <w id="8" lemma="|the|" pos="DT" wid="8">the</w>
  <w id="9" lemma="|People|" pos="NNP" wid="9">People</w>
  <w id="10" lemma="|of|" pos="IN" wid="10">of</w>
  <w id="11" lemma="|God|" pos="NNP" wid="11">God</w>
  <w id="12" lemma="|?|" pos="." wid="12">?</w>
</sentence>
<sentence id="23">
  <w id="0" lemma="|it|" pos="PRP" wid="0">It</w>
  <w id="1" lemma="|be|" pos="VBZ" wid="1">is</w>
  <w id="2" lemma="|the|" pos="DT" wid="2">the</w>
  <w id="3" lemma="|law|" pos="NN" wid="3">law</w>
  <w id="4" lemma="|of|" pos="IN" wid="4">of</w>
  <w id="5" lemma="|love|" pos="NN" wid="5">love</w>
  <w id="6" lemma="|,|" pos="," wid="6">,</w>
  <w id="7" lemma="|love|" pos="NN" wid="7">love</w>
  <w id="8" lemma="|for|" pos="IN" wid="8">for</w>
  <w id="9" lemma="|god|" pos="NN" wid="9">God</w>
  <w id="10" lemma="|and|" pos="CC" wid="10">and</w>
  <w id="11" lemma="|love|" pos="NN" wid="11">love</w>
  <w id="12" lemma="|for|" pos="IN" wid="12">for</w>
  <w id="13" lemma="|neighbour|" pos="NN" wid="13">neighbour</w>
  <w id="14" lemma="|accord|" pos="VBG" wid="14">according</w>
  <w id="15" lemma="|to|" pos="TO" wid="15">to</w>
  <w id="16" lemma="|the|" pos="DT" wid="16">the</w>
  <w id="17" lemma="|new|" pos="JJ" wid="17">new</w>
  <w id="18" lemma="|commandment|" pos="NN" wid="18">commandment</w>
  <w id="19" lemma="|that|" pos="IN" wid="19">that</w>
  <w id="20" lemma="|the|" pos="DT" wid="20">the</w>
  <w id="21" lemma="|Lord|" pos="NNP" wid="21">Lord</w>
  <w id="22" lemma="|leave|" pos="VBD" wid="22">left</w>
  <w id="23" lemma="|to|" pos="TO" wid="23">to</w>
  <w id="24" lemma="|we|" pos="PRP" wid="24">us</w>
  <w id="25" lemma="|-lrb-|" pos="-LRB-" wid="25">-LRB-</w>
  <w id="26" lemma="|cf|" pos="NN" wid="26">cf</w>
  <w id="27" lemma="|.|" pos="." wid="27">.</w>
</sentence>
<sentence id="24">
  <w id="0" lemma="|jn|" pos="FW" wid="0">Jn</w>
  <w id="1" lemma="|13:34|" pos="FW" wid="1">13:34</w>
  <w id="2" lemma="|-rrb-|" pos="-RRB-" wid="2">-RRB-</w>
  <w id="3" lemma="|.|" pos="." wid="3">.</w>
</sentence>
<sentence id="25">
  <w id="0" lemma="|it|" pos="PRP" wid="0">It</w>
  <w id="1" lemma="|be|" pos="VBZ" wid="1">is</w>
  <w id="2" lemma="|a|" pos="DT" wid="2">a</w>
  <w id="3" lemma="|love|" pos="NN" wid="3">love</w>
  <w id="4" lemma="|,|" pos="," wid="4">,</w>
  <w id="5" lemma="|however|" pos="RB" wid="5">however</w>
  <w id="6" lemma="|,|" pos="," wid="6">,</w>
  <w id="7" lemma="|that|" pos="WDT" wid="7">that</w>
  <w id="8" lemma="|be|" pos="VBZ" wid="8">is</w>
  <w id="9" lemma="|not|" pos="RB" wid="9">not</w>
  <w id="10" lemma="|sterile|" pos="JJ" wid="10">sterile</w>
  <w id="11" lemma="|sentimentality|" pos="NN" wid="11">sentimentality</w>
  <w id="12" lemma="|or|" pos="CC" wid="12">or</w>
  <w id="13" lemma="|something|" pos="NN" wid="13">something</w>
  <w id="14" lemma="|vague|" pos="JJ" wid="14">vague</w>
  <w id="15" lemma="|,|" pos="," wid="15">,</w>
  <w id="16" lemma="|but|" pos="CC" wid="16">but</w>
  <w id="17" lemma="|the|" pos="DT" wid="17">the</w>
  <w id="18" lemma="|acknowledgment|" pos="NN" wid="18">acknowledgment</w>
  <w id="19" lemma="|of|" pos="IN" wid="19">of</w>
  <w id="20" lemma="|God|" pos="NNP" wid="20">God</w>
  <w id="21" lemma="|as|" pos="IN" wid="21">as</w>
  <w id="22" lemma="|the|" pos="DT" wid="22">the</w>
  <w id="23" lemma="|one|" pos="CD" wid="23">one</w>
  <w id="24" lemma="|lord|" pos="NN" wid="24">Lord</w>
  <w id="25" lemma="|of|" pos="IN" wid="25">of</w>
  <w id="26" lemma="|life|" pos="NN" wid="26">life</w>
  <w id="27" lemma="|and|" pos="CC" wid="27">and</w>
  <w id="28" lemma="|,|" pos="," wid="28">,</w>
  <w id="29" lemma="|at|" pos="IN" wid="29">at</w>
  <w id="30" lemma="|the|" pos="DT" wid="30">the</w>
  <w id="31" lemma="|same|" pos="JJ" wid="31">same</w>
  <w id="32" lemma="|time|" pos="NN" wid="32">time</w>
  <w id="33" lemma="|,|" pos="," wid="33">,</w>
  <w id="34" lemma="|the|" pos="DT" wid="34">the</w>
  <w id="35" lemma="|acceptance|" pos="NN" wid="35">acceptance</w>
  <w id="36" lemma="|of|" pos="IN" wid="36">of</w>
  <w id="37" lemma="|the|" pos="DT" wid="37">the</w>
  <w id="38" lemma="|other|" pos="JJ" wid="38">other</w>
  <w id="39" lemma="|as|" pos="IN" wid="39">as</w>
  <w id="40" lemma="|my|" pos="PRP$" wid="40">my</w>
  <w id="41" lemma="|true|" pos="JJ" wid="41">true</w>
  <w id="42" lemma="|brother|" pos="NN" wid="42">brother</w>
  <w id="43" lemma="|,|" pos="," wid="43">,</w>
  <w id="44" lemma="|overcome|" pos="VBG" wid="44">overcoming</w>
  <w id="45" lemma="|division|" pos="NN" wid="45">division</w>
  <w id="46" lemma="|,|" pos="," wid="46">,</w>
  <w id="47" lemma="|rivalry|" pos="NN" wid="47">rivalry</w>
  <w id="48" lemma="|,|" pos="," wid="48">,</w>
  <w id="49" lemma="|misunderstanding|" pos="NN" wid="49">misunderstanding</w>
  <w id="50" lemma="|,|" pos="," wid="50">,</w>
  <w id="51" lemma="|selfishness|" pos="NN" wid="51">selfishness</w>
  <w id="52" lemma="|;|" pos=":" wid="52">;</w>
  <w id="53" lemma="|these|" pos="DT" wid="53">these</w>
  <w id="54" lemma="|two|" pos="CD" wid="54">two</w>
  <w id="55" lemma="|thing|" pos="NNS" wid="55">things</w>
  <w id="56" lemma="|go|" pos="VBP" wid="56">go</w>
  <w id="57" lemma="|together|" pos="RB" wid="57">together</w>
  <w id="58" lemma="|.|" pos="." wid="58">.</w>
</sentence>
<sentence id="26">
  <w id="0" lemma="|oh|" pos="UH" wid="0">Oh</w>
  <w id="1" lemma="|how|" pos="WRB" wid="1">how</w>
  <w id="2" lemma="|much|" pos="RB" wid="2">much</w>
  <w id="3" lemma="|more|" pos="JJR" wid="3">more</w>
  <w id="4" lemma="|of|" pos="IN" wid="4">of</w>
  <w id="5" lemma="|the|" pos="DT" wid="5">the</w>
  <w id="6" lemma="|journey|" pos="NN" wid="6">journey</w>
  <w id="7" lemma="|do|" pos="VBP" wid="7">do</w>
  <w id="8" lemma="|we|" pos="PRP" wid="8">we</w>
  <w id="9" lemma="|have|" pos="VB" wid="9">have</w>
  <w id="10" lemma="|to|" pos="TO" wid="10">to</w>
  <w id="11" lemma="|make|" pos="VB" wid="11">make</w>
  <w id="12" lemma="|in|" pos="IN" wid="12">in</w>
  <w id="13" lemma="|order|" pos="NN" wid="13">order</w>
  <w id="14" lemma="|to|" pos="TO" wid="14">to</w>
  <w id="15" lemma="|actually|" pos="RB" wid="15">actually</w>
  <w id="16" lemma="|live|" pos="VB" wid="16">live</w>
  <w id="17" lemma="|the|" pos="DT" wid="17">the</w>
  <w id="18" lemma="|new|" pos="JJ" wid="18">new</w>
  <w id="19" lemma="|law|" pos="NN" wid="19">law</w>
  <w id="20" lemma="|--|" pos=":" wid="20">--</w>
  <w id="21" lemma="|the|" pos="DT" wid="21">the</w>
  <w id="22" lemma="|law|" pos="NN" wid="22">law</w>
  <w id="23" lemma="|of|" pos="IN" wid="23">of</w>
  <w id="24" lemma="|the|" pos="DT" wid="24">the</w>
  <w id="25" lemma="|holy|" pos="JJ" wid="25">Holy</w>
  <w id="26" lemma="|spirit|" pos="NN" wid="26">Spirit</w>
  <w id="27" lemma="|who|" pos="WP" wid="27">who</w>
  <w id="28" lemma="|act|" pos="VBZ" wid="28">acts</w>
  <w id="29" lemma="|in|" pos="IN" wid="29">in</w>
  <w id="30" lemma="|we|" pos="PRP" wid="30">us</w>
  <w id="31" lemma="|,|" pos="," wid="31">,</w>
  <w id="32" lemma="|the|" pos="DT" wid="32">the</w>
  <w id="33" lemma="|law|" pos="NN" wid="33">law</w>
  <w id="34" lemma="|of|" pos="IN" wid="34">of</w>
  <w id="35" lemma="|charity|" pos="NN" wid="35">charity</w>
  <w id="36" lemma="|,|" pos="," wid="36">,</w>
  <w id="37" lemma="|of|" pos="IN" wid="37">of</w>
  <w id="38" lemma="|love|" pos="NN" wid="38">love</w>
  <w id="39" lemma="|!|" pos="." wid="39">!</w>
</sentence>
<sentence id="27">
  <w id="0" lemma="|look|" pos="VBG" wid="0">Looking</w>
  <w id="1" lemma="|in|" pos="IN" wid="1">in</w>
  <w id="2" lemma="|newspaper|" pos="NNS" wid="2">newspapers</w>
  <w id="3" lemma="|or|" pos="CC" wid="3">or</w>
  <w id="4" lemma="|on|" pos="IN" wid="4">on</w>
  <w id="5" lemma="|television|" pos="NN" wid="5">television</w>
  <w id="6" lemma="|we|" pos="PRP" wid="6">we</w>
  <w id="7" lemma="|see|" pos="VBP" wid="7">see</w>
  <w id="8" lemma="|so|" pos="RB" wid="8">so</w>
  <w id="9" lemma="|many|" pos="JJ" wid="9">many</w>
  <w id="10" lemma="|war|" pos="NNS" wid="10">wars</w>
  <w id="11" lemma="|between|" pos="IN" wid="11">between</w>
  <w id="12" lemma="|christian|" pos="NNS" wid="12">Christians</w>
  <w id="13" lemma="|:|" pos=":" wid="13">:</w>
  <w id="14" lemma="|how|" pos="WRB" wid="14">how</w>
  <w id="15" lemma="|do|" pos="VBZ" wid="15">does</w>
  <w id="16" lemma="|this|" pos="DT" wid="16">this</w>
  <w id="17" lemma="|happen|" pos="VB" wid="17">happen</w>
  <w id="18" lemma="|?|" pos="." wid="18">?</w>
</sentence>
<sentence id="28">
  <w id="0" lemma="|within|" pos="IN" wid="0">Within</w>
  <w id="1" lemma="|the|" pos="DT" wid="1">the</w>
  <w id="2" lemma="|People|" pos="NNP" wid="2">People</w>
  <w id="3" lemma="|of|" pos="IN" wid="3">of</w>
  <w id="4" lemma="|God|" pos="NNP" wid="4">God</w>
  <w id="5" lemma="|,|" pos="," wid="5">,</w>
  <w id="6" lemma="|there|" pos="EX" wid="6">there</w>
  <w id="7" lemma="|be|" pos="VBP" wid="7">are</w>
  <w id="8" lemma="|so|" pos="RB" wid="8">so</w>
  <w id="9" lemma="|many|" pos="JJ" wid="9">many</w>
  <w id="10" lemma="|war|" pos="NNS" wid="10">wars</w>
  <w id="11" lemma="|!|" pos="." wid="11">!</w>
</sentence>
<sentence id="29">
  <w id="0" lemma="|how|" pos="WRB" wid="0">How</w>
  <w id="1" lemma="|many|" pos="JJ" wid="1">many</w>
  <w id="2" lemma="|war|" pos="NNS" wid="2">wars</w>
  <w id="3" lemma="|of|" pos="IN" wid="3">of</w>
  <w id="4" lemma="|envy|" pos="NN" wid="4">envy</w>
  <w id="5" lemma="|,|" pos="," wid="5">,</w>
  <w id="6" lemma="|of|" pos="IN" wid="6">of</w>
  <w id="7" lemma="|jealousy|" pos="NN" wid="7">jealousy</w>
  <w id="8" lemma="|,|" pos="," wid="8">,</w>
  <w id="9" lemma="|be|" pos="VBP" wid="9">are</w>
  <w id="10" lemma="|wage|" pos="VBN" wid="10">waged</w>
  <w id="11" lemma="|in|" pos="IN" wid="11">in</w>
  <w id="12" lemma="|neighbourhood|" pos="NNS" wid="12">neighbourhoods</w>
  <w id="13" lemma="|,|" pos="," wid="13">,</w>
  <w id="14" lemma="|in|" pos="IN" wid="14">in</w>
  <w id="15" lemma="|the|" pos="DT" wid="15">the</w>
  <w id="16" lemma="|workplace|" pos="NN" wid="16">workplace</w>
  <w id="17" lemma="|!|" pos="." wid="17">!</w>
</sentence>
<sentence id="30">
  <w id="0" lemma="|even|" pos="RB" wid="0">Even</w>
  <w id="1" lemma="|within|" pos="IN" wid="1">within</w>
  <w id="2" lemma="|the|" pos="DT" wid="2">the</w>
  <w id="3" lemma="|family|" pos="NN" wid="3">family</w>
  <w id="4" lemma="|itself|" pos="PRP" wid="4">itself</w>
  <w id="5" lemma="|,|" pos="," wid="5">,</w>
  <w id="6" lemma="|there|" pos="EX" wid="6">there</w>
  <w id="7" lemma="|be|" pos="VBP" wid="7">are</w>
  <w id="8" lemma="|so|" pos="RB" wid="8">so</w>
  <w id="9" lemma="|many|" pos="JJ" wid="9">many</w>
  <w id="10" lemma="|internal|" pos="JJ" wid="10">internal</w>
  <w id="11" lemma="|war|" pos="NNS" wid="11">wars</w>
  <w id="12" lemma="|!|" pos="." wid="12">!</w>
</sentence>
<sentence id="31">
  <w id="0" lemma="|we|" pos="PRP" wid="0">We</w>
  <w id="1" lemma="|must|" pos="MD" wid="1">must</w>
  <w id="2" lemma="|ask|" pos="VB" wid="2">ask</w>
  <w id="3" lemma="|the|" pos="DT" wid="3">the</w>
  <w id="4" lemma="|Lord|" pos="NNP" wid="4">Lord</w>
  <w id="5" lemma="|to|" pos="TO" wid="5">to</w>
  <w id="6" lemma="|make|" pos="VB" wid="6">make</w>
  <w id="7" lemma="|we|" pos="PRP" wid="7">us</w>
  <w id="8" lemma="|correctly|" pos="RB" wid="8">correctly</w>
  <w id="9" lemma="|understand|" pos="VBP" wid="9">understand</w>
  <w id="10" lemma="|this|" pos="DT" wid="10">this</w>
  <w id="11" lemma="|law|" pos="NN" wid="11">law</w>
  <w id="12" lemma="|of|" pos="IN" wid="12">of</w>
  <w id="13" lemma="|love|" pos="NN" wid="13">love</w>
  <w id="14" lemma="|.|" pos="." wid="14">.</w>
</sentence>
<sentence id="32">
  <w id="0" lemma="|how|" pos="WRB" wid="0">How</w>
  <w id="1" lemma="|beautiful|" pos="JJ" wid="1">beautiful</w>
  <w id="2" lemma="|it|" pos="PRP" wid="2">it</w>
  <w id="3" lemma="|be|" pos="VBZ" wid="3">is</w>
  <w id="4" lemma="|to|" pos="TO" wid="4">to</w>
  <w id="5" lemma="|love|" pos="VB" wid="5">love</w>
  <w id="6" lemma="|one|" pos="CD" wid="6">one</w>
  <w id="7" lemma="|another|" pos="DT" wid="7">another</w>
  <w id="8" lemma="|as|" pos="IN" wid="8">as</w>
  <w id="9" lemma="|true|" pos="JJ" wid="9">true</w>
  <w id="10" lemma="|brother|" pos="NNS" wid="10">brothers</w>
  <w id="11" lemma="|and|" pos="CC" wid="11">and</w>
  <w id="12" lemma="|sister|" pos="NNS" wid="12">sisters</w>
  <w id="13" lemma="|.|" pos="." wid="13">.</w>
</sentence>
<sentence id="33">
  <w id="0" lemma="|how|" pos="WRB" wid="0">How</w>
  <w id="1" lemma="|beautiful|" pos="JJ" wid="1">beautiful</w>
  <w id="2" lemma="|!|" pos="." wid="2">!</w>
</sentence>
<sentence id="34">
  <w id="0" lemma="|Let|" pos="NNP" wid="0">Let</w>
  <w id="1" lemma="|'s|" pos="POS" wid="1">'s</w>
  <w id="2" lemma="|do|" pos="VBP" wid="2">do</w>
  <w id="3" lemma="|something|" pos="NN" wid="3">something</w>
  <w id="4" lemma="|today|" pos="NN" wid="4">today</w>
  <w id="5" lemma="|.|" pos="." wid="5">.</w>
</sentence>
<sentence id="35">
  <w id="0" lemma="|we|" pos="PRP" wid="0">We</w>
  <w id="1" lemma="|may|" pos="MD" wid="1">may</w>
  <w id="2" lemma="|all|" pos="DT" wid="2">all</w>
  <w id="3" lemma="|have|" pos="VBP" wid="3">have</w>
  <w id="4" lemma="|likes|" pos="NN" wid="4">likes</w>
  <w id="5" lemma="|and|" pos="CC" wid="5">and</w>
  <w id="6" lemma="|dislikes|" pos="NN" wid="6">dislikes</w>
  <w id="7" lemma="|;|" pos=":" wid="7">;</w>
  <w id="8" lemma="|many|" pos="JJ" wid="8">many</w>
  <w id="9" lemma="|of|" pos="IN" wid="9">of</w>
  <w id="10" lemma="|we|" pos="PRP" wid="10">us</w>
  <w id="11" lemma="|be|" pos="VBP" wid="11">are</w>
  <w id="12" lemma="|perhaps|" pos="RB" wid="12">perhaps</w>
  <w id="13" lemma="|a|" pos="DT" wid="13">a</w>
  <w id="14" lemma="|little|" pos="RB" wid="14">little</w>
  <w id="15" lemma="|angry|" pos="JJ" wid="15">angry</w>
  <w id="16" lemma="|with|" pos="IN" wid="16">with</w>
  <w id="17" lemma="|someone|" pos="NN" wid="17">someone</w>
  <w id="18" lemma="|;|" pos=":" wid="18">;</w>
  <w id="19" lemma="|then|" pos="RB" wid="19">then</w>
  <w id="20" lemma="|let|" pos="VB" wid="20">let</w>
  <w id="21" lemma="|we|" pos="PRP" wid="21">us</w>
  <w id="22" lemma="|say|" pos="VB" wid="22">say</w>
  <w id="23" lemma="|to|" pos="TO" wid="23">to</w>
  <w id="24" lemma="|the|" pos="DT" wid="24">the</w>
  <w id="25" lemma="|Lord|" pos="NNP" wid="25">Lord</w>
  <w id="26" lemma="|:|" pos=":" wid="26">:</w>
  <w id="27" lemma="|Lord|" pos="NNP" wid="27">Lord</w>
  <w id="28" lemma="|,|" pos="," wid="28">,</w>
  <w id="29" lemma="|I|" pos="PRP" wid="29">I</w>
  <w id="30" lemma="|be|" pos="VBP" wid="30">am</w>
  <w id="31" lemma="|angry|" pos="JJ" wid="31">angry</w>
  <w id="32" lemma="|with|" pos="IN" wid="32">with</w>
  <w id="33" lemma="|this|" pos="DT" wid="33">this</w>
  <w id="34" lemma="|or|" pos="CC" wid="34">or</w>
  <w id="35" lemma="|that|" pos="DT" wid="35">that</w>
  <w id="36" lemma="|person|" pos="NN" wid="36">person</w>
  <w id="37" lemma="|;|" pos=":" wid="37">;</w>
  <w id="38" lemma="|I|" pos="PRP" wid="38">I</w>
  <w id="39" lemma="|be|" pos="VBP" wid="39">am</w>
  <w id="40" lemma="|pray|" pos="VBG" wid="40">praying</w>
  <w id="41" lemma="|to|" pos="TO" wid="41">to</w>
  <w id="42" lemma="|you|" pos="PRP" wid="42">you</w>
  <w id="43" lemma="|for|" pos="IN" wid="43">for</w>
  <w id="44" lemma="|he|" pos="PRP" wid="44">him</w>
  <w id="45" lemma="|or|" pos="CC" wid="45">or</w>
  <w id="46" lemma="|she|" pos="PRP" wid="46">her</w>
  <w id="47" lemma="|.|" pos="." wid="47">.</w>
</sentence>
<sentence id="36">
  <w id="0" lemma="|to|" pos="TO" wid="0">To</w>
  <w id="1" lemma="|pray|" pos="VB" wid="1">pray</w>
  <w id="2" lemma="|for|" pos="IN" wid="2">for</w>
  <w id="3" lemma="|those|" pos="DT" wid="3">those</w>
  <w id="4" lemma="|with|" pos="IN" wid="4">with</w>
  <w id="5" lemma="|whom|" pos="WP" wid="5">whom</w>
  <w id="6" lemma="|we|" pos="PRP" wid="6">we</w>
  <w id="7" lemma="|be|" pos="VBP" wid="7">are</w>
  <w id="8" lemma="|angry|" pos="JJ" wid="8">angry</w>
  <w id="9" lemma="|be|" pos="VBZ" wid="9">is</w>
  <w id="10" lemma="|a|" pos="DT" wid="10">a</w>
  <w id="11" lemma="|beautiful|" pos="JJ" wid="11">beautiful</w>
  <w id="12" lemma="|step|" pos="NN" wid="12">step</w>
  <w id="13" lemma="|towards|" pos="IN" wid="13">towards</w>
  <w id="14" lemma="|that|" pos="DT" wid="14">that</w>
  <w id="15" lemma="|law|" pos="NN" wid="15">law</w>
  <w id="16" lemma="|of|" pos="IN" wid="16">of</w>
  <w id="17" lemma="|love|" pos="NN" wid="17">love</w>
  <w id="18" lemma="|.|" pos="." wid="18">.</w>
</sentence>
<sentence id="37">
  <w id="0" lemma="|shall|" pos="VB" wid="0">Shall</w>
  <w id="1" lemma="|we|" pos="PRP" wid="1">we</w>
  <w id="2" lemma="|take|" pos="VB" wid="2">take</w>
  <w id="3" lemma="|it|" pos="PRP" wid="3">it</w>
  <w id="4" lemma="|?|" pos="." wid="4">?</w>
</sentence>
<sentence id="38">
  <w id="0" lemma="|Let|" pos="NNP" wid="0">Let</w>
  <w id="1" lemma="|'s|" pos="POS" wid="1">'s</w>
  <w id="2" lemma="|take|" pos="VB" wid="2">take</w>
  <w id="3" lemma="|it|" pos="PRP" wid="3">it</w>
  <w id="4" lemma="|today|" pos="NN" wid="4">today</w>
  <w id="5" lemma="|!|" pos="." wid="5">!</w>
</sentence>
<sentence id="39">
  <w id="0" lemma="|4|" pos="LS" wid="0">4</w>
  <w id="1" lemma="|.|" pos="." wid="1">.</w>
</sentence>
<sentence id="40">
  <w id="0" lemma="|what|" pos="WP" wid="0">What</w>
  <w id="1" lemma="|be|" pos="VBZ" wid="1">is</w>
  <w id="2" lemma="|this|" pos="DT" wid="2">this</w>
  <w id="3" lemma="|people|" pos="NN" wid="3">people</w>
  <w id="4" lemma="|'s|" pos="POS" wid="4">'s</w>
  <w id="5" lemma="|mission|" pos="NN" wid="5">mission</w>
  <w id="6" lemma="|?|" pos="." wid="6">?</w>
</sentence>
<sentence id="41">
  <w id="0" lemma="|it|" pos="PRP" wid="0">It</w>
  <w id="1" lemma="|be|" pos="VBZ" wid="1">is</w>
  <w id="2" lemma="|to|" pos="TO" wid="2">to</w>
  <w id="3" lemma="|bring|" pos="VB" wid="3">bring</w>
  <w id="4" lemma="|the|" pos="DT" wid="4">the</w>
  <w id="5" lemma="|hope|" pos="NN" wid="5">hope</w>
  <w id="6" lemma="|and|" pos="CC" wid="6">and</w>
  <w id="7" lemma="|salvation|" pos="NN" wid="7">salvation</w>
  <w id="8" lemma="|of|" pos="IN" wid="8">of</w>
  <w id="9" lemma="|God|" pos="NNP" wid="9">God</w>
  <w id="10" lemma="|to|" pos="TO" wid="10">to</w>
  <w id="11" lemma="|the|" pos="DT" wid="11">the</w>
  <w id="12" lemma="|world|" pos="NN" wid="12">world</w>
  <w id="13" lemma="|:|" pos=":" wid="13">:</w>
  <w id="14" lemma="|to|" pos="TO" wid="14">to</w>
  <w id="15" lemma="|be|" pos="VB" wid="15">be</w>
  <w id="16" lemma="|a|" pos="DT" wid="16">a</w>
  <w id="17" lemma="|sign|" pos="NN" wid="17">sign</w>
  <w id="18" lemma="|of|" pos="IN" wid="18">of</w>
  <w id="19" lemma="|the|" pos="DT" wid="19">the</w>
  <w id="20" lemma="|love|" pos="NN" wid="20">love</w>
  <w id="21" lemma="|of|" pos="IN" wid="21">of</w>
  <w id="22" lemma="|God|" pos="NNP" wid="22">God</w>
  <w id="23" lemma="|who|" pos="WP" wid="23">who</w>
  <w id="24" lemma="|call|" pos="VBZ" wid="24">calls</w>
  <w id="25" lemma="|everyone|" pos="NN" wid="25">everyone</w>
  <w id="26" lemma="|to|" pos="TO" wid="26">to</w>
  <w id="27" lemma="|friendship|" pos="NN" wid="27">friendship</w>
  <w id="28" lemma="|with|" pos="IN" wid="28">with</w>
  <w id="29" lemma="|he|" pos="PRP" wid="29">Him</w>
  <w id="30" lemma="|;|" pos=":" wid="30">;</w>
  <w id="31" lemma="|to|" pos="TO" wid="31">to</w>
  <w id="32" lemma="|be|" pos="VB" wid="32">be</w>
  <w id="33" lemma="|the|" pos="DT" wid="33">the</w>
  <w id="34" lemma="|leaven|" pos="NN" wid="34">leaven</w>
  <w id="35" lemma="|that|" pos="WDT" wid="35">that</w>
  <w id="36" lemma="|make|" pos="VBZ" wid="36">makes</w>
  <w id="37" lemma="|the|" pos="DT" wid="37">the</w>
  <w id="38" lemma="|dough|" pos="JJ" wid="38">dough</w>
  <w id="39" lemma="|rise|" pos="NN" wid="39">rise</w>
  <w id="40" lemma="|,|" pos="," wid="40">,</w>
  <w id="41" lemma="|the|" pos="DT" wid="41">the</w>
  <w id="42" lemma="|salt|" pos="NN" wid="42">salt</w>
  <w id="43" lemma="|that|" pos="WDT" wid="43">that</w>
  <w id="44" lemma="|give|" pos="VBZ" wid="44">gives</w>
  <w id="45" lemma="|flavour|" pos="NN" wid="45">flavour</w>
  <w id="46" lemma="|and|" pos="CC" wid="46">and</w>
  <w id="47" lemma="|preserve|" pos="VBZ" wid="47">preserves</w>
  <w id="48" lemma="|from|" pos="IN" wid="48">from</w>
  <w id="49" lemma="|corruption|" pos="NN" wid="49">corruption</w>
  <w id="50" lemma="|,|" pos="," wid="50">,</w>
  <w id="51" lemma="|to|" pos="TO" wid="51">to</w>
  <w id="52" lemma="|be|" pos="VB" wid="52">be</w>
  <w id="53" lemma="|a|" pos="DT" wid="53">a</w>
  <w id="54" lemma="|light|" pos="NN" wid="54">light</w>
  <w id="55" lemma="|that|" pos="WDT" wid="55">that</w>
  <w id="56" lemma="|enlighten|" pos="VBZ" wid="56">enlightens</w>
  <w id="57" lemma="|.|" pos="." wid="57">.</w>
</sentence>
<sentence id="42">
  <w id="0" lemma="|look|" pos="VB" wid="0">Look</w>
  <w id="1" lemma="|around|" pos="IN" wid="1">around</w>
  <w id="2" lemma="|we|" pos="PRP" wid="2">us</w>
  <w id="3" lemma="|--|" pos=":" wid="3">--</w>
  <w id="4" lemma="|it|" pos="PRP" wid="4">it</w>
  <w id="5" lemma="|be|" pos="VBZ" wid="5">is</w>
  <w id="6" lemma="|enough|" pos="JJ" wid="6">enough</w>
  <w id="7" lemma="|to|" pos="TO" wid="7">to</w>
  <w id="8" lemma="|open|" pos="VB" wid="8">open</w>
  <w id="9" lemma="|a|" pos="DT" wid="9">a</w>
  <w id="10" lemma="|newspaper|" pos="NN" wid="10">newspaper</w>
  <w id="11" lemma="|,|" pos="," wid="11">,</w>
  <w id="12" lemma="|as|" pos="IN" wid="12">as</w>
  <w id="13" lemma="|I|" pos="PRP" wid="13">I</w>
  <w id="14" lemma="|say|" pos="VBD" wid="14">said</w>
  <w id="15" lemma="|--|" pos=":" wid="15">--</w>
  <w id="16" lemma="|we|" pos="PRP" wid="16">we</w>
  <w id="17" lemma="|see|" pos="VBP" wid="17">see</w>
  <w id="18" lemma="|the|" pos="DT" wid="18">the</w>
  <w id="19" lemma="|presence|" pos="NN" wid="19">presence</w>
  <w id="20" lemma="|of|" pos="IN" wid="20">of</w>
  <w id="21" lemma="|evil|" pos="NN" wid="21">evil</w>
  <w id="22" lemma="|,|" pos="," wid="22">,</w>
  <w id="23" lemma="|the|" pos="DT" wid="23">the</w>
  <w id="24" lemma="|Devil|" pos="NNP" wid="24">Devil</w>
  <w id="25" lemma="|be|" pos="VBZ" wid="25">is</w>
  <w id="26" lemma="|act|" pos="VBG" wid="26">acting</w>
  <w id="27" lemma="|.|" pos="." wid="27">.</w>
</sentence>
<sentence id="43">
  <w id="0" lemma="|however|" pos="RB" wid="0">However</w>
  <w id="1" lemma="|,|" pos="," wid="1">,</w>
  <w id="2" lemma="|I|" pos="PRP" wid="2">I</w>
  <w id="3" lemma="|would|" pos="MD" wid="3">would</w>
  <w id="4" lemma="|like|" pos="VB" wid="4">like</w>
  <w id="5" lemma="|to|" pos="TO" wid="5">to</w>
  <w id="6" lemma="|say|" pos="VB" wid="6">say</w>
  <w id="7" lemma="|out|" pos="RP" wid="7">out</w>
  <w id="8" lemma="|loud|" pos="RB" wid="8">loud</w>
  <w id="9" lemma="|:|" pos=":" wid="9">:</w>
  <w id="10" lemma="|God|" pos="NNP" wid="10">God</w>
  <w id="11" lemma="|be|" pos="VBZ" wid="11">is</w>
  <w id="12" lemma="|stronger|" pos="JJR" wid="12">stronger</w>
  <w id="13" lemma="|!|" pos="." wid="13">!</w>
</sentence>
<sentence id="44">
  <w id="0" lemma="|do|" pos="VBP" wid="0">Do</w>
  <w id="1" lemma="|you|" pos="PRP" wid="1">you</w>
  <w id="2" lemma="|believe|" pos="VB" wid="2">believe</w>
  <w id="3" lemma="|this|" pos="DT" wid="3">this</w>
  <w id="4" lemma="|,|" pos="," wid="4">,</w>
  <w id="5" lemma="|that|" pos="IN" wid="5">that</w>
  <w id="6" lemma="|God|" pos="NNP" wid="6">God</w>
  <w id="7" lemma="|be|" pos="VBZ" wid="7">is</w>
  <w id="8" lemma="|stronger|" pos="JJR" wid="8">stronger</w>
  <w id="9" lemma="|?|" pos="." wid="9">?</w>
</sentence>
<sentence id="45">
  <w id="0" lemma="|let|" pos="VB" wid="0">Let</w>
  <w id="1" lemma="|we|" pos="PRP" wid="1">us</w>
  <w id="2" lemma="|say|" pos="VB" wid="2">say</w>
  <w id="3" lemma="|it|" pos="PRP" wid="3">it</w>
  <w id="4" lemma="|together|" pos="RB" wid="4">together</w>
  <w id="5" lemma="|,|" pos="," wid="5">,</w>
  <w id="6" lemma="|let|" pos="VB" wid="6">let</w>
  <w id="7" lemma="|we|" pos="PRP" wid="7">us</w>
  <w id="8" lemma="|say|" pos="VB" wid="8">say</w>
  <w id="9" lemma="|it|" pos="PRP" wid="9">it</w>
  <w id="10" lemma="|all|" pos="RB" wid="10">all</w>
  <w id="11" lemma="|together|" pos="RB" wid="11">together</w>
  <w id="12" lemma="|:|" pos=":" wid="12">:</w>
  <w id="13" lemma="|God|" pos="NNP" wid="13">God</w>
  <w id="14" lemma="|be|" pos="VBZ" wid="14">is</w>
  <w id="15" lemma="|stronger|" pos="JJR" wid="15">stronger</w>
  <w id="16" lemma="|!|" pos="." wid="16">!</w>
</sentence>
<sentence id="46">
  <w id="0" lemma="|and|" pos="CC" wid="0">And</w>
  <w id="1" lemma="|do|" pos="VBP" wid="1">do</w>
  <w id="2" lemma="|you|" pos="PRP" wid="2">you</w>
  <w id="3" lemma="|know|" pos="VB" wid="3">know</w>
  <w id="4" lemma="|why|" pos="WRB" wid="4">why</w>
  <w id="5" lemma="|he|" pos="PRP" wid="5">he</w>
  <w id="6" lemma="|be|" pos="VBZ" wid="6">is</w>
  <w id="7" lemma="|stronger|" pos="JJR" wid="7">stronger</w>
  <w id="8" lemma="|?|" pos="." wid="8">?</w>
</sentence>
<sentence id="47">
  <w id="0" lemma="|because|" pos="IN" wid="0">Because</w>
  <w id="1" lemma="|he|" pos="PRP" wid="1">He</w>
  <w id="2" lemma="|be|" pos="VBZ" wid="2">is</w>
  <w id="3" lemma="|Lord|" pos="NNP" wid="3">Lord</w>
  <w id="4" lemma="|,|" pos="," wid="4">,</w>
  <w id="5" lemma="|the|" pos="DT" wid="5">the</w>
  <w id="6" lemma="|only|" pos="JJ" wid="6">only</w>
  <w id="7" lemma="|Lord|" pos="NNP" wid="7">Lord</w>
  <w id="8" lemma="|.|" pos="." wid="8">.</w>
</sentence>
<sentence id="48">
  <w id="0" lemma="|and|" pos="CC" wid="0">And</w>
  <w id="1" lemma="|I|" pos="PRP" wid="1">I</w>
  <w id="2" lemma="|would|" pos="MD" wid="2">would</w>
  <w id="3" lemma="|like|" pos="VB" wid="3">like</w>
  <w id="4" lemma="|to|" pos="TO" wid="4">to</w>
  <w id="5" lemma="|add|" pos="VB" wid="5">add</w>
  <w id="6" lemma="|that|" pos="DT" wid="6">that</w>
  <w id="7" lemma="|reality|" pos="NN" wid="7">reality</w>
  <w id="8" lemma="|,|" pos="," wid="8">,</w>
  <w id="9" lemma="|at|" pos="IN" wid="9">at</w>
  <w id="10" lemma="|time|" pos="NNS" wid="10">times</w>
  <w id="11" lemma="|dark|" pos="JJ" wid="11">dark</w>
  <w id="12" lemma="|and|" pos="CC" wid="12">and</w>
  <w id="13" lemma="|marked|" pos="JJ" wid="13">marked</w>
  <w id="14" lemma="|by|" pos="IN" wid="14">by</w>
  <w id="15" lemma="|evil|" pos="NN" wid="15">evil</w>
  <w id="16" lemma="|,|" pos="," wid="16">,</w>
  <w id="17" lemma="|can|" pos="MD" wid="17">can</w>
  <w id="18" lemma="|change|" pos="VB" wid="18">change</w>
  <w id="19" lemma="|,|" pos="," wid="19">,</w>
  <w id="20" lemma="|if|" pos="IN" wid="20">if</w>
  <w id="21" lemma="|we|" pos="PRP" wid="21">we</w>
  <w id="22" lemma="|first|" pos="RB" wid="22">first</w>
  <w id="23" lemma="|bring|" pos="VBP" wid="23">bring</w>
  <w id="24" lemma="|the|" pos="DT" wid="24">the</w>
  <w id="25" lemma="|light|" pos="NN" wid="25">light</w>
  <w id="26" lemma="|of|" pos="IN" wid="26">of</w>
  <w id="27" lemma="|the|" pos="DT" wid="27">the</w>
  <w id="28" lemma="|Gospel|" pos="NNP" wid="28">Gospel</w>
  <w id="29" lemma="|especially|" pos="RB" wid="29">especially</w>
  <w id="30" lemma="|through|" pos="IN" wid="30">through</w>
  <w id="31" lemma="|we|" pos="PRP$" wid="31">our</w>
  <w id="32" lemma="|life|" pos="NNS" wid="32">lives</w>
  <w id="33" lemma="|.|" pos="." wid="33">.</w>
</sentence>
<sentence id="49">
  <w id="0" lemma="|if|" pos="IN" wid="0">If</w>
  <w id="1" lemma="|in|" pos="IN" wid="1">in</w>
  <w id="2" lemma="|a|" pos="DT" wid="2">a</w>
  <w id="3" lemma="|stadium|" pos="NN" wid="3">stadium</w>
  <w id="4" lemma="|--|" pos=":" wid="4">--</w>
  <w id="5" lemma="|say|" pos="VBP" wid="5">say</w>
  <w id="6" lemma="|the|" pos="DT" wid="6">the</w>
  <w id="7" lemma="|Olympic|" pos="NNP" wid="7">Olympic</w>
  <w id="8" lemma="|stadium|" pos="NN" wid="8">stadium</w>
  <w id="9" lemma="|in|" pos="IN" wid="9">in</w>
  <w id="10" lemma="|Rome|" pos="NNP" wid="10">Rome</w>
  <w id="11" lemma="|or|" pos="CC" wid="11">or</w>
  <w id="12" lemma="|the|" pos="DT" wid="12">the</w>
  <w id="13" lemma="|San|" pos="NNP" wid="13">San</w>
  <w id="14" lemma="|Lorenzo|" pos="NNP" wid="14">Lorenzo</w>
  <w id="15" lemma="|in|" pos="IN" wid="15">in</w>
  <w id="16" lemma="|Buenos|" pos="NNP" wid="16">Buenos</w>
  <w id="17" lemma="|Aires|" pos="NNP" wid="17">Aires</w>
  <w id="18" lemma="|--|" pos=":" wid="18">--</w>
  <w id="19" lemma="|on|" pos="IN" wid="19">on</w>
  <w id="20" lemma="|a|" pos="DT" wid="20">a</w>
  <w id="21" lemma="|dark|" pos="JJ" wid="21">dark</w>
  <w id="22" lemma="|night|" pos="NN" wid="22">night</w>
  <w id="23" lemma="|,|" pos="," wid="23">,</w>
  <w id="24" lemma="|if|" pos="IN" wid="24">if</w>
  <w id="25" lemma="|someone|" pos="NN" wid="25">someone</w>
  <w id="26" lemma="|turn|" pos="VBZ" wid="26">turns</w>
  <w id="27" lemma="|on|" pos="IN" wid="27">on</w>
  <w id="28" lemma="|a|" pos="DT" wid="28">a</w>
  <w id="29" lemma="|light|" pos="NN" wid="29">light</w>
  <w id="30" lemma="|,|" pos="," wid="30">,</w>
  <w id="31" lemma="|you|" pos="PRP" wid="31">you</w>
  <w id="32" lemma="|can|" pos="MD" wid="32">can</w>
  <w id="33" lemma="|barely|" pos="RB" wid="33">barely</w>
  <w id="34" lemma="|see|" pos="VB" wid="34">see</w>
  <w id="35" lemma="|it|" pos="PRP" wid="35">it</w>
  <w id="36" lemma="|but|" pos="CC" wid="36">but</w>
  <w id="37" lemma="|if|" pos="IN" wid="37">if</w>
  <w id="38" lemma="|the|" pos="DT" wid="38">the</w>
  <w id="39" lemma="|other|" pos="JJ" wid="39">other</w>
  <w id="40" lemma="|70,000|" pos="CD" wid="40">70,000</w>
  <w id="41" lemma="|spectator|" pos="NNS" wid="41">spectators</w>
  <w id="42" lemma="|turn|" pos="VBP" wid="42">turn</w>
  <w id="43" lemma="|on|" pos="RP" wid="43">on</w>
  <w id="44" lemma="|they|" pos="PRP$" wid="44">their</w>
  <w id="45" lemma="|own|" pos="JJ" wid="45">own</w>
  <w id="46" lemma="|light|" pos="NN" wid="46">light</w>
  <w id="47" lemma="|,|" pos="," wid="47">,</w>
  <w id="48" lemma="|the|" pos="DT" wid="48">the</w>
  <w id="49" lemma="|whole|" pos="JJ" wid="49">whole</w>
  <w id="50" lemma="|stadium|" pos="NN" wid="50">stadium</w>
  <w id="51" lemma="|shine|" pos="VBZ" wid="51">shines</w>
  <w id="52" lemma="|.|" pos="." wid="52">.</w>
</sentence>
<sentence id="50">
  <w id="0" lemma="|let|" pos="VB" wid="0">Let</w>
  <w id="1" lemma="|we|" pos="PRP$" wid="1">our</w>
  <w id="2" lemma="|life|" pos="NNS" wid="2">lives</w>
  <w id="3" lemma="|together|" pos="RB" wid="3">together</w>
  <w id="4" lemma="|be|" pos="VB" wid="4">be</w>
  <w id="5" lemma="|the|" pos="DT" wid="5">the</w>
  <w id="6" lemma="|one|" pos="CD" wid="6">one</w>
  <w id="7" lemma="|light|" pos="NN" wid="7">light</w>
  <w id="8" lemma="|of|" pos="IN" wid="8">of</w>
  <w id="9" lemma="|Christ|" pos="NNP" wid="9">Christ</w>
  <w id="10" lemma="|;|" pos=":" wid="10">;</w>
  <w id="11" lemma="|together|" pos="RB" wid="11">together</w>
  <w id="12" lemma="|we|" pos="PRP" wid="12">we</w>
  <w id="13" lemma="|will|" pos="MD" wid="13">will</w>
  <w id="14" lemma="|carry|" pos="VB" wid="14">carry</w>
  <w id="15" lemma="|the|" pos="DT" wid="15">the</w>
  <w id="16" lemma="|light|" pos="NN" wid="16">light</w>
  <w id="17" lemma="|of|" pos="IN" wid="17">of</w>
  <w id="18" lemma="|the|" pos="DT" wid="18">the</w>
  <w id="19" lemma="|Gospel|" pos="NNP" wid="19">Gospel</w>
  <w id="20" lemma="|to|" pos="TO" wid="20">to</w>
  <w id="21" lemma="|the|" pos="DT" wid="21">the</w>
  <w id="22" lemma="|whole|" pos="NN" wid="22">whole</w>
  <w id="23" lemma="|of|" pos="IN" wid="23">of</w>
  <w id="24" lemma="|reality|" pos="NN" wid="24">reality</w>
  <w id="25" lemma="|.|" pos="." wid="25">.</w>
</sentence>
<sentence id="51">
  <w id="0" lemma="|5|" pos="CD" wid="0">5</w>
  <w id="1" lemma="|.|" pos="." wid="1">.</w>
</sentence>
<sentence id="52">
  <w id="0" lemma="|what|" pos="WP" wid="0">What</w>
  <w id="1" lemma="|be|" pos="VBZ" wid="1">is</w>
  <w id="2" lemma="|the|" pos="DT" wid="2">the</w>
  <w id="3" lemma="|destination|" pos="NN" wid="3">destination</w>
  <w id="4" lemma="|of|" pos="IN" wid="4">of</w>
  <w id="5" lemma="|this|" pos="DT" wid="5">this</w>
  <w id="6" lemma="|People|" pos="NNP" wid="6">People</w>
  <w id="7" lemma="|?|" pos="." wid="7">?</w>
</sentence>
<sentence id="53">
  <w id="0" lemma="|we|" pos="PRP$" wid="0">Our</w>
  <w id="1" lemma="|destination|" pos="NN" wid="1">destination</w>
  <w id="2" lemma="|be|" pos="VBZ" wid="2">is</w>
  <w id="3" lemma="|the|" pos="DT" wid="3">the</w>
  <w id="4" lemma="|Kingdom|" pos="NNP" wid="4">Kingdom</w>
  <w id="5" lemma="|of|" pos="IN" wid="5">of</w>
  <w id="6" lemma="|God|" pos="NNP" wid="6">God</w>
  <w id="7" lemma="|,|" pos="," wid="7">,</w>
  <w id="8" lemma="|which|" pos="WDT" wid="8">which</w>
  <w id="9" lemma="|God|" pos="NNP" wid="9">God</w>
  <w id="10" lemma="|himself|" pos="PRP" wid="10">himself</w>
  <w id="11" lemma="|inaugurate|" pos="VBD" wid="11">inaugurated</w>
  <w id="12" lemma="|on|" pos="IN" wid="12">on</w>
  <w id="13" lemma="|this|" pos="DT" wid="13">this</w>
  <w id="14" lemma="|earth|" pos="NN" wid="14">earth</w>
  <w id="15" lemma="|and|" pos="CC" wid="15">and</w>
  <w id="16" lemma="|which|" pos="WDT" wid="16">which</w>
  <w id="17" lemma="|must|" pos="MD" wid="17">must</w>
  <w id="18" lemma="|be|" pos="VB" wid="18">be</w>
  <w id="19" lemma="|extend|" pos="VBN" wid="19">extended</w>
  <w id="20" lemma="|until|" pos="IN" wid="20">until</w>
  <w id="21" lemma="|its|" pos="PRP$" wid="21">its</w>
  <w id="22" lemma="|fulfillment|" pos="NN" wid="22">fulfillment</w>
  <w id="23" lemma="|,|" pos="," wid="23">,</w>
  <w id="24" lemma="|when|" pos="WRB" wid="24">when</w>
  <w id="25" lemma="|Christ|" pos="NNP" wid="25">Christ</w>
  <w id="26" lemma="|,|" pos="," wid="26">,</w>
  <w id="27" lemma="|we|" pos="PRP$" wid="27">our</w>
  <w id="28" lemma="|life|" pos="NN" wid="28">life</w>
  <w id="29" lemma="|,|" pos="," wid="29">,</w>
  <w id="30" lemma="|shall|" pos="MD" wid="30">shall</w>
  <w id="31" lemma="|appear|" pos="VB" wid="31">appear</w>
  <w id="32" lemma="|-lrb-|" pos="-LRB-" wid="32">-LRB-</w>
  <w id="33" lemma="|cf|" pos="NN" wid="33">cf</w>
  <w id="34" lemma="|.|" pos="." wid="34">.</w>
</sentence>
<sentence id="54">
  <w id="0" lemma="|lumen|" pos="NN" wid="0">Lumen</w>
  <w id="1" lemma="|gentium|" pos="NN" wid="1">Gentium</w>
  <w id="2" lemma="|,|" pos="," wid="2">,</w>
  <w id="3" lemma="|n.|" pos="NN" wid="3">n.</w>
  <w id="4" lemma="|9|" pos="CD" wid="4">9</w>
  <w id="5" lemma="|-rrb-|" pos="-RRB-" wid="5">-RRB-</w>
  <w id="6" lemma="|.|" pos="." wid="6">.</w>
</sentence>
<sentence id="55">
  <w id="0" lemma="|the|" pos="DT" wid="0">The</w>
  <w id="1" lemma="|end|" pos="NN" wid="1">end</w>
  <w id="2" lemma="|then|" pos="RB" wid="2">then</w>
  <w id="3" lemma="|be|" pos="VBZ" wid="3">is</w>
  <w id="4" lemma="|full|" pos="JJ" wid="4">full</w>
  <w id="5" lemma="|communion|" pos="NN" wid="5">communion</w>
  <w id="6" lemma="|with|" pos="IN" wid="6">with</w>
  <w id="7" lemma="|the|" pos="DT" wid="7">the</w>
  <w id="8" lemma="|Lord|" pos="NNP" wid="8">Lord</w>
  <w id="9" lemma="|,|" pos="," wid="9">,</w>
  <w id="10" lemma="|familiarity|" pos="NN" wid="10">familiarity</w>
  <w id="11" lemma="|with|" pos="IN" wid="11">with</w>
  <w id="12" lemma="|the|" pos="DT" wid="12">the</w>
  <w id="13" lemma="|Lord|" pos="NNP" wid="13">Lord</w>
  <w id="14" lemma="|,|" pos="," wid="14">,</w>
  <w id="15" lemma="|entry|" pos="NN" wid="15">entry</w>
  <w id="16" lemma="|into|" pos="IN" wid="16">into</w>
  <w id="17" lemma="|he|" pos="PRP$" wid="17">his</w>
  <w id="18" lemma="|own|" pos="JJ" wid="18">own</w>
  <w id="19" lemma="|divine|" pos="JJ" wid="19">divine</w>
  <w id="20" lemma="|life|" pos="NN" wid="20">life</w>
  <w id="21" lemma="|,|" pos="," wid="21">,</w>
  <w id="22" lemma="|where|" pos="WRB" wid="22">where</w>
  <w id="23" lemma="|we|" pos="PRP" wid="23">we</w>
  <w id="24" lemma="|will|" pos="MD" wid="24">will</w>
  <w id="25" lemma="|live|" pos="VB" wid="25">live</w>
  <w id="26" lemma="|in|" pos="IN" wid="26">in</w>
  <w id="27" lemma="|the|" pos="DT" wid="27">the</w>
  <w id="28" lemma="|joy|" pos="NN" wid="28">joy</w>
  <w id="29" lemma="|of|" pos="IN" wid="29">of</w>
  <w id="30" lemma="|he|" pos="PRP$" wid="30">his</w>
  <w id="31" lemma="|love|" pos="NN" wid="31">love</w>
  <w id="32" lemma="|beyond|" pos="IN" wid="32">beyond</w>
  <w id="33" lemma="|measure|" pos="NN" wid="33">measure</w>
  <w id="34" lemma="|,|" pos="," wid="34">,</w>
  <w id="35" lemma="|a|" pos="DT" wid="35">a</w>
  <w id="36" lemma="|full|" pos="JJ" wid="36">full</w>
  <w id="37" lemma="|joy|" pos="NN" wid="37">joy</w>
  <w id="38" lemma="|.|" pos="." wid="38">.</w>
</sentence>
<sentence id="56">
  <w id="0" lemma="|Dear|" pos="NNP" wid="0">Dear</w>
  <w id="1" lemma="|brother|" pos="NNS" wid="1">brothers</w>
  <w id="2" lemma="|and|" pos="CC" wid="2">and</w>
  <w id="3" lemma="|sister|" pos="NNS" wid="3">sisters</w>
  <w id="4" lemma="|,|" pos="," wid="4">,</w>
  <w id="5" lemma="|be|" pos="VBG" wid="5">being</w>
  <w id="6" lemma="|the|" pos="DT" wid="6">the</w>
  <w id="7" lemma="|Church|" pos="NNP" wid="7">Church</w>
  <w id="8" lemma="|,|" pos="," wid="8">,</w>
  <w id="9" lemma="|to|" pos="TO" wid="9">to</w>
  <w id="10" lemma="|be|" pos="VB" wid="10">be</w>
  <w id="11" lemma="|the|" pos="DT" wid="11">the</w>
  <w id="12" lemma="|People|" pos="NNP" wid="12">People</w>
  <w id="13" lemma="|of|" pos="IN" wid="13">of</w>
  <w id="14" lemma="|God|" pos="NNP" wid="14">God</w>
  <w id="15" lemma="|,|" pos="," wid="15">,</w>
  <w id="16" lemma="|in|" pos="IN" wid="16">in</w>
  <w id="17" lemma="|accordance|" pos="NN" wid="17">accordance</w>
  <w id="18" lemma="|with|" pos="IN" wid="18">with</w>
  <w id="19" lemma="|the|" pos="DT" wid="19">the</w>
  <w id="20" lemma="|Father|" pos="NNP" wid="20">Father</w>
  <w id="21" lemma="|'s|" pos="POS" wid="21">'s</w>
  <w id="22" lemma="|great|" pos="JJ" wid="22">great</w>
  <w id="23" lemma="|design|" pos="NN" wid="23">design</w>
  <w id="24" lemma="|of|" pos="IN" wid="24">of</w>
  <w id="25" lemma="|love|" pos="NN" wid="25">love</w>
  <w id="26" lemma="|,|" pos="," wid="26">,</w>
  <w id="27" lemma="|mean|" pos="VBZ" wid="27">means</w>
  <w id="28" lemma="|to|" pos="TO" wid="28">to</w>
  <w id="29" lemma="|be|" pos="VB" wid="29">be</w>
  <w id="30" lemma="|the|" pos="DT" wid="30">the</w>
  <w id="31" lemma="|leaven|" pos="NN" wid="31">leaven</w>
  <w id="32" lemma="|of|" pos="IN" wid="32">of</w>
  <w id="33" lemma="|God|" pos="NNP" wid="33">God</w>
  <w id="34" lemma="|in|" pos="IN" wid="34">in</w>
  <w id="35" lemma="|this|" pos="DT" wid="35">this</w>
  <w id="36" lemma="|humanity|" pos="NN" wid="36">humanity</w>
  <w id="37" lemma="|of|" pos="IN" wid="37">of</w>
  <w id="38" lemma="|ours|" pos="PRP" wid="38">ours</w>
  <w id="39" lemma="|.|" pos="." wid="39">.</w>
</sentence>
<sentence id="57">
  <w id="0" lemma="|it|" pos="PRP" wid="0">It</w>
  <w id="1" lemma="|mean|" pos="VBZ" wid="1">means</w>
  <w id="2" lemma="|to|" pos="TO" wid="2">to</w>
  <w id="3" lemma="|proclaim|" pos="VB" wid="3">proclaim</w>
  <w id="4" lemma="|and|" pos="CC" wid="4">and</w>
  <w id="5" lemma="|to|" pos="TO" wid="5">to</w>
  <w id="6" lemma="|bring|" pos="VB" wid="6">bring</w>
  <w id="7" lemma="|the|" pos="DT" wid="7">the</w>
  <w id="8" lemma="|God|" pos="NNP" wid="8">God</w>
  <w id="9" lemma="|'s|" pos="POS" wid="9">'s</w>
  <w id="10" lemma="|salvation|" pos="NN" wid="10">salvation</w>
  <w id="11" lemma="|to|" pos="TO" wid="11">to</w>
  <w id="12" lemma="|this|" pos="DT" wid="12">this</w>
  <w id="13" lemma="|world|" pos="NN" wid="13">world</w>
  <w id="14" lemma="|of|" pos="IN" wid="14">of</w>
  <w id="15" lemma="|ours|" pos="PRP" wid="15">ours</w>
  <w id="16" lemma="|,|" pos="," wid="16">,</w>
  <w id="17" lemma="|so|" pos="RB" wid="17">so</w>
  <w id="18" lemma="|often|" pos="RB" wid="18">often</w>
  <w id="19" lemma="|lead|" pos="VBD" wid="19">led</w>
  <w id="20" lemma="|astray|" pos="RB" wid="20">astray</w>
  <w id="21" lemma="|,|" pos="," wid="21">,</w>
  <w id="22" lemma="|in|" pos="IN" wid="22">in</w>
  <w id="23" lemma="|need|" pos="NN" wid="23">need</w>
  <w id="24" lemma="|of|" pos="IN" wid="24">of</w>
  <w id="25" lemma="|answer|" pos="NNS" wid="25">answers</w>
  <w id="26" lemma="|that|" pos="WDT" wid="26">that</w>
  <w id="27" lemma="|give|" pos="VBP" wid="27">give</w>
  <w id="28" lemma="|courage|" pos="NN" wid="28">courage</w>
  <w id="29" lemma="|,|" pos="," wid="29">,</w>
  <w id="30" lemma="|hope|" pos="NN" wid="30">hope</w>
  <w id="31" lemma="|and|" pos="CC" wid="31">and</w>
  <w id="32" lemma="|new|" pos="JJ" wid="32">new</w>
  <w id="33" lemma="|vigour|" pos="NN" wid="33">vigour</w>
  <w id="34" lemma="|for|" pos="IN" wid="34">for</w>
  <w id="35" lemma="|the|" pos="DT" wid="35">the</w>
  <w id="36" lemma="|journey|" pos="NN" wid="36">journey</w>
  <w id="37" lemma="|.|" pos="." wid="37">.</w>
</sentence>
<sentence id="58">
  <w id="0" lemma="|May|" pos="NNP" wid="0">May</w>
  <w id="1" lemma="|the|" pos="DT" wid="1">the</w>
  <w id="2" lemma="|Church|" pos="NNP" wid="2">Church</w>
  <w id="3" lemma="|be|" pos="VB" wid="3">be</w>
  <w id="4" lemma="|a|" pos="DT" wid="4">a</w>
  <w id="5" lemma="|place|" pos="NN" wid="5">place</w>
  <w id="6" lemma="|of|" pos="IN" wid="6">of</w>
  <w id="7" lemma="|God|" pos="NNP" wid="7">God</w>
  <w id="8" lemma="|'s|" pos="POS" wid="8">'s</w>
  <w id="9" lemma="|mercy|" pos="NN" wid="9">mercy</w>
  <w id="10" lemma="|and|" pos="CC" wid="10">and</w>
  <w id="11" lemma="|hope|" pos="NN" wid="11">hope</w>
  <w id="12" lemma="|,|" pos="," wid="12">,</w>
  <w id="13" lemma="|where|" pos="WRB" wid="13">where</w>
  <w id="14" lemma="|all|" pos="DT" wid="14">all</w>
  <w id="15" lemma="|feel|" pos="VBP" wid="15">feel</w>
  <w id="16" lemma="|welcome|" pos="VBN" wid="16">welcomed</w>
  <w id="17" lemma="|,|" pos="," wid="17">,</w>
  <w id="18" lemma="|love|" pos="VBN" wid="18">loved</w>
  <w id="19" lemma="|,|" pos="," wid="19">,</w>
  <w id="20" lemma="|forgive|" pos="VBN" wid="20">forgiven</w>
  <w id="21" lemma="|and|" pos="CC" wid="21">and</w>
  <w id="22" lemma="|encourage|" pos="VBN" wid="22">encouraged</w>
  <w id="23" lemma="|to|" pos="TO" wid="23">to</w>
  <w id="24" lemma="|live|" pos="VB" wid="24">live</w>
  <w id="25" lemma="|accord|" pos="VBG" wid="25">according</w>
  <w id="26" lemma="|to|" pos="TO" wid="26">to</w>
  <w id="27" lemma="|the|" pos="DT" wid="27">the</w>
  <w id="28" lemma="|good|" pos="JJ" wid="28">good</w>
  <w id="29" lemma="|life|" pos="NN" wid="29">life</w>
  <w id="30" lemma="|of|" pos="IN" wid="30">of</w>
  <w id="31" lemma="|the|" pos="DT" wid="31">the</w>
  <w id="32" lemma="|Gospel|" pos="NNP" wid="32">Gospel</w>
  <w id="33" lemma="|.|" pos="." wid="33">.</w>
</sentence>
<sentence id="59">
  <w id="0" lemma="|and|" pos="CC" wid="0">And</w>
  <w id="1" lemma="|to|" pos="TO" wid="1">to</w>
  <w id="2" lemma="|make|" pos="VB" wid="2">make</w>
  <w id="3" lemma="|other|" pos="NNS" wid="3">others</w>
  <w id="4" lemma="|feel|" pos="VB" wid="4">feel</w>
  <w id="5" lemma="|welcome|" pos="VBN" wid="5">welcomed</w>
  <w id="6" lemma="|,|" pos="," wid="6">,</w>
  <w id="7" lemma="|love|" pos="VBN" wid="7">loved</w>
  <w id="8" lemma="|,|" pos="," wid="8">,</w>
  <w id="9" lemma="|forgive|" pos="VBN" wid="9">forgiven</w>
  <w id="10" lemma="|and|" pos="CC" wid="10">and</w>
  <w id="11" lemma="|encourage|" pos="VBN" wid="11">encouraged</w>
  <w id="12" lemma="|,|" pos="," wid="12">,</w>
  <w id="13" lemma="|the|" pos="DT" wid="13">the</w>
  <w id="14" lemma="|Church|" pos="NNP" wid="14">Church</w>
  <w id="15" lemma="|must|" pos="MD" wid="15">must</w>
  <w id="16" lemma="|be|" pos="VB" wid="16">be</w>
  <w id="17" lemma="|with|" pos="IN" wid="17">with</w>
  <w id="18" lemma="|door|" pos="NNS" wid="18">doors</w>
  <w id="19" lemma="|wide|" pos="JJ" wid="19">wide</w>
  <w id="20" lemma="|open|" pos="NN" wid="20">open</w>
  <w id="21" lemma="|so|" pos="IN" wid="21">so</w>
  <w id="22" lemma="|that|" pos="IN" wid="22">that</w>
  <w id="23" lemma="|all|" pos="DT" wid="23">all</w>
  <w id="24" lemma="|may|" pos="MD" wid="24">may</w>
  <w id="25" lemma="|enter|" pos="VB" wid="25">enter</w>
  <w id="26" lemma="|.|" pos="." wid="26">.</w>
</sentence>
<sentence id="60">
  <w id="0" lemma="|and|" pos="CC" wid="0">And</w>
  <w id="1" lemma="|we|" pos="PRP" wid="1">we</w>
  <w id="2" lemma="|must|" pos="MD" wid="2">must</w>
  <w id="3" lemma="|go|" pos="VB" wid="3">go</w>
  <w id="4" lemma="|out|" pos="RP" wid="4">out</w>
  <w id="5" lemma="|through|" pos="IN" wid="5">through</w>
  <w id="6" lemma="|these|" pos="DT" wid="6">these</w>
  <w id="7" lemma="|door|" pos="NNS" wid="7">doors</w>
  <w id="8" lemma="|and|" pos="CC" wid="8">and</w>
  <w id="9" lemma="|proclaim|" pos="VB" wid="9">proclaim</w>
  <w id="10" lemma="|the|" pos="DT" wid="10">the</w>
  <w id="11" lemma="|Gospel|" pos="NNP" wid="11">Gospel</w>
  <w id="12" lemma="|.|" pos="." wid="12">.</w>
</sentence>
<sentence id="61">
  <w id="0" lemma="|greeting|" pos="NNS" wid="0">Greetings</w>
  <w id="1" lemma="|:|" pos=":" wid="1">:</w>
  <w id="2" lemma="|I|" pos="PRP" wid="2">I</w>
  <w id="3" lemma="|offer|" pos="VBP" wid="3">offer</w>
  <w id="4" lemma="|a|" pos="DT" wid="4">an</w>
  <w id="5" lemma="|affectionate|" pos="JJ" wid="5">affectionate</w>
  <w id="6" lemma="|greet|" pos="VBG" wid="6">greeting</w>
  <w id="7" lemma="|to|" pos="TO" wid="7">to</w>
  <w id="8" lemma="|all|" pos="PDT" wid="8">all</w>
  <w id="9" lemma="|the|" pos="DT" wid="9">the</w>
  <w id="10" lemma="|english-speaking|" pos="JJ" wid="10">English-speaking</w>
  <w id="11" lemma="|pilgrim|" pos="NNS" wid="11">pilgrims</w>
  <w id="12" lemma="|and|" pos="CC" wid="12">and</w>
  <w id="13" lemma="|visitor|" pos="NNS" wid="13">visitors</w>
  <w id="14" lemma="|present|" pos="JJ" wid="14">present</w>
  <w id="15" lemma="|at|" pos="IN" wid="15">at</w>
  <w id="16" lemma="|today|" pos="NN" wid="16">today</w>
  <w id="17" lemma="|'s|" pos="POS" wid="17">'s</w>
  <w id="18" lemma="|audience|" pos="NN" wid="18">Audience</w>
  <w id="19" lemma="|,|" pos="," wid="19">,</w>
  <w id="20" lemma="|include|" pos="VBG" wid="20">including</w>
  <w id="21" lemma="|those|" pos="DT" wid="21">those</w>
  <w id="22" lemma="|from|" pos="IN" wid="22">from</w>
  <w id="23" lemma="|England|" pos="NNP" wid="23">England</w>
  <w id="24" lemma="|,|" pos="," wid="24">,</w>
  <w id="25" lemma="|Scotland|" pos="NNP" wid="25">Scotland</w>
  <w id="26" lemma="|,|" pos="," wid="26">,</w>
  <w id="27" lemma="|Ireland|" pos="NNP" wid="27">Ireland</w>
  <w id="28" lemma="|,|" pos="," wid="28">,</w>
  <w id="29" lemma="|Malta|" pos="NNP" wid="29">Malta</w>
  <w id="30" lemma="|,|" pos="," wid="30">,</w>
  <w id="31" lemma="|Australia|" pos="NNP" wid="31">Australia</w>
  <w id="32" lemma="|,|" pos="," wid="32">,</w>
  <w id="33" lemma="|Japan|" pos="NNP" wid="33">Japan</w>
  <w id="34" lemma="|,|" pos="," wid="34">,</w>
  <w id="35" lemma="|South|" pos="NNP" wid="35">South</w>
  <w id="36" lemma="|Korea|" pos="NNP" wid="36">Korea</w>
  <w id="37" lemma="|,|" pos="," wid="37">,</w>
  <w id="38" lemma="|Vietnam|" pos="NNP" wid="38">Vietnam</w>
  <w id="39" lemma="|and|" pos="CC" wid="39">and</w>
  <w id="40" lemma="|the|" pos="DT" wid="40">the</w>
  <w id="41" lemma="|United|" pos="NNP" wid="41">United</w>
  <w id="42" lemma="|States|" pos="NNPS" wid="42">States</w>
  <w id="43" lemma="|.|" pos="." wid="43">.</w>
</sentence>
<sentence id="62">
  <w id="0" lemma="|May|" pos="NNP" wid="0">May</w>
  <w id="1" lemma="|you|" pos="PRP$" wid="1">your</w>
  <w id="2" lemma="|stay|" pos="NN" wid="2">stay</w>
  <w id="3" lemma="|in|" pos="IN" wid="3">in</w>
  <w id="4" lemma="|the|" pos="DT" wid="4">the</w>
  <w id="5" lemma="|Eternal|" pos="NNP" wid="5">Eternal</w>
  <w id="6" lemma="|City|" pos="NNP" wid="6">City</w>
  <w id="7" lemma="|confirm|" pos="VBP" wid="7">confirm</w>
  <w id="8" lemma="|you|" pos="PRP" wid="8">you</w>
  <w id="9" lemma="|in|" pos="IN" wid="9">in</w>
  <w id="10" lemma="|love|" pos="NN" wid="10">love</w>
  <w id="11" lemma="|for|" pos="IN" wid="11">for</w>
  <w id="12" lemma="|we|" pos="PRP$" wid="12">our</w>
  <w id="13" lemma="|Lord|" pos="NNP" wid="13">Lord</w>
  <w id="14" lemma="|and|" pos="CC" wid="14">and</w>
  <w id="15" lemma="|he|" pos="PRP$" wid="15">his</w>
  <w id="16" lemma="|Church|" pos="NNP" wid="16">Church</w>
  <w id="17" lemma="|.|" pos="." wid="17">.</w>
</sentence>
<sentence id="63">
  <w id="0" lemma="|God|" pos="NNP" wid="0">God</w>
  <w id="1" lemma="|bless|" pos="VB" wid="1">bless</w>
  <w id="2" lemma="|you|" pos="PRP" wid="2">you</w>
  <w id="3" lemma="|all|" pos="DT" wid="3">all</w>
  <w id="4" lemma="|!|" pos="." wid="4">!</w>
</sentence>
<sentence id="64">
  <w id="0" lemma="|today|" pos="NN" wid="0">Today</w>
  <w id="1" lemma="|throughout|" pos="IN" wid="1">throughout</w>
  <w id="2" lemma="|the|" pos="DT" wid="2">the</w>
  <w id="3" lemma="|world|" pos="NN" wid="3">world</w>
  <w id="4" lemma="|the|" pos="DT" wid="4">the</w>
  <w id="5" lemma="|World|" pos="NNP" wid="5">World</w>
  <w id="6" lemma="|Day|" pos="NNP" wid="6">Day</w>
  <w id="7" lemma="|against|" pos="IN" wid="7">Against</w>
  <w id="8" lemma="|Child|" pos="NNP" wid="8">Child</w>
  <w id="9" lemma="|Labour|" pos="NNP" wid="9">Labour</w>
  <w id="10" lemma="|be|" pos="VBZ" wid="10">is</w>
  <w id="11" lemma="|be|" pos="VBG" wid="11">being</w>
  <w id="12" lemma="|celebrate|" pos="VBN" wid="12">celebrated</w>
  <w id="13" lemma="|with|" pos="IN" wid="13">with</w>
  <w id="14" lemma="|a|" pos="DT" wid="14">a</w>
  <w id="15" lemma="|special|" pos="JJ" wid="15">special</w>
  <w id="16" lemma="|reference|" pos="NN" wid="16">reference</w>
  <w id="17" lemma="|to|" pos="TO" wid="17">to</w>
  <w id="18" lemma="|the|" pos="DT" wid="18">the</w>
  <w id="19" lemma="|exploitation|" pos="NN" wid="19">exploitation</w>
  <w id="20" lemma="|of|" pos="IN" wid="20">of</w>
  <w id="21" lemma="|child|" pos="NNS" wid="21">children</w>
  <w id="22" lemma="|in|" pos="IN" wid="22">in</w>
  <w id="23" lemma="|domestic|" pos="JJ" wid="23">domestic</w>
  <w id="24" lemma="|work|" pos="NN" wid="24">work</w>
  <w id="25" lemma="|:|" pos=":" wid="25">:</w>
  <w id="26" lemma="|a|" pos="DT" wid="26">a</w>
  <w id="27" lemma="|deplorable|" pos="JJ" wid="27">deplorable</w>
  <w id="28" lemma="|and|" pos="CC" wid="28">and</w>
  <w id="29" lemma="|constantly|" pos="RB" wid="29">constantly</w>
  <w id="30" lemma="|increase|" pos="VBG" wid="30">increasing</w>
  <w id="31" lemma="|phenomenon|" pos="NN" wid="31">phenomenon</w>
  <w id="32" lemma="|,|" pos="," wid="32">,</w>
  <w id="33" lemma="|particularly|" pos="RB" wid="33">particularly</w>
  <w id="34" lemma="|in|" pos="IN" wid="34">in</w>
  <w id="35" lemma="|poor|" pos="JJ" wid="35">poor</w>
  <w id="36" lemma="|country|" pos="NNS" wid="36">countries</w>
  <w id="37" lemma="|.|" pos="." wid="37">.</w>
</sentence>
<sentence id="65">
  <w id="0" lemma="|there|" pos="EX" wid="0">There</w>
  <w id="1" lemma="|be|" pos="VBP" wid="1">are</w>
  <w id="2" lemma="|million|" pos="NNS" wid="2">millions</w>
  <w id="3" lemma="|of|" pos="IN" wid="3">of</w>
  <w id="4" lemma="|minor|" pos="NNS" wid="4">minors</w>
  <w id="5" lemma="|,|" pos="," wid="5">,</w>
  <w id="6" lemma="|mostly|" pos="RB" wid="6">mostly</w>
  <w id="7" lemma="|young|" pos="JJ" wid="7">young</w>
  <w id="8" lemma="|girl|" pos="NNS" wid="8">girls</w>
  <w id="9" lemma="|,|" pos="," wid="9">,</w>
  <w id="10" lemma="|who|" pos="WP" wid="10">who</w>
  <w id="11" lemma="|be|" pos="VBP" wid="11">are</w>
  <w id="12" lemma="|victim|" pos="NNS" wid="12">victims</w>
  <w id="13" lemma="|of|" pos="IN" wid="13">of</w>
  <w id="14" lemma="|this|" pos="DT" wid="14">this</w>
  <w id="15" lemma="|hidden|" pos="JJ" wid="15">hidden</w>
  <w id="16" lemma="|form|" pos="NN" wid="16">form</w>
  <w id="17" lemma="|of|" pos="IN" wid="17">of</w>
  <w id="18" lemma="|exploitation|" pos="NN" wid="18">exploitation</w>
  <w id="19" lemma="|that|" pos="WDT" wid="19">that</w>
  <w id="20" lemma="|often|" pos="RB" wid="20">often</w>
  <w id="21" lemma="|entail|" pos="VBZ" wid="21">entails</w>
  <w id="22" lemma="|abuse|" pos="NN" wid="22">abuse</w>
  <w id="23" lemma="|as|" pos="RB" wid="23">as</w>
  <w id="24" lemma="|well|" pos="RB" wid="24">well</w>
  <w id="25" lemma="|,|" pos="," wid="25">,</w>
  <w id="26" lemma="|mistreatment|" pos="NN" wid="26">mistreatment</w>
  <w id="27" lemma="|and|" pos="CC" wid="27">and</w>
  <w id="28" lemma="|discrimination|" pos="NN" wid="28">discrimination</w>
  <w id="29" lemma="|.|" pos="." wid="29">.</w>
</sentence>
<sentence id="66">
  <w id="0" lemma="|this|" pos="DT" wid="0">This</w>
  <w id="1" lemma="|really|" pos="RB" wid="1">really</w>
  <w id="2" lemma="|be|" pos="VBZ" wid="2">is</w>
  <w id="3" lemma="|slavery|" pos="NN" wid="3">slavery</w>
  <w id="4" lemma="|!|" pos="." wid="4">!</w>
</sentence>
<sentence id="67">
  <w id="0" lemma="|I|" pos="PRP" wid="0">I</w>
  <w id="1" lemma="|sincerely|" pos="RB" wid="1">sincerely</w>
  <w id="2" lemma="|hope|" pos="VBP" wid="2">hope</w>
  <w id="3" lemma="|that|" pos="IN" wid="3">that</w>
  <w id="4" lemma="|the|" pos="DT" wid="4">the</w>
  <w id="5" lemma="|international|" pos="JJ" wid="5">international</w>
  <w id="6" lemma="|community|" pos="NN" wid="6">community</w>
  <w id="7" lemma="|can|" pos="MD" wid="7">can</w>
  <w id="8" lemma="|initiate|" pos="VB" wid="8">initiate</w>
  <w id="9" lemma="|more|" pos="RBR" wid="9">more</w>
  <w id="10" lemma="|effective|" pos="JJ" wid="10">effective</w>
  <w id="11" lemma="|measure|" pos="NNS" wid="11">measures</w>
  <w id="12" lemma="|to|" pos="TO" wid="12">to</w>
  <w id="13" lemma="|confront|" pos="VB" wid="13">confront</w>
  <w id="14" lemma="|this|" pos="DT" wid="14">this</w>
  <w id="15" lemma="|real|" pos="JJ" wid="15">real</w>
  <w id="16" lemma="|scourge|" pos="NN" wid="16">scourge</w>
  <w id="17" lemma="|.|" pos="." wid="17">.</w>
</sentence>
<sentence id="68">
  <w id="0" lemma="|all|" pos="DT" wid="0">All</w>
  <w id="1" lemma="|child|" pos="NNS" wid="1">children</w>
  <w id="2" lemma="|must|" pos="MD" wid="2">must</w>
  <w id="3" lemma="|be|" pos="VB" wid="3">be</w>
  <w id="4" lemma="|able|" pos="JJ" wid="4">able</w>
  <w id="5" lemma="|to|" pos="TO" wid="5">to</w>
  <w id="6" lemma="|play|" pos="VB" wid="6">play</w>
  <w id="7" lemma="|,|" pos="," wid="7">,</w>
  <w id="8" lemma="|study|" pos="NN" wid="8">study</w>
  <w id="9" lemma="|,|" pos="," wid="9">,</w>
  <w id="10" lemma="|pray|" pos="VB" wid="10">pray</w>
  <w id="11" lemma="|and|" pos="CC" wid="11">and</w>
  <w id="12" lemma="|grow|" pos="VB" wid="12">grow</w>
  <w id="13" lemma="|,|" pos="," wid="13">,</w>
  <w id="14" lemma="|in|" pos="IN" wid="14">in</w>
  <w id="15" lemma="|they|" pos="PRP$" wid="15">their</w>
  <w id="16" lemma="|own|" pos="JJ" wid="16">own</w>
  <w id="17" lemma="|family|" pos="NNS" wid="17">families</w>
  <w id="18" lemma="|,|" pos="," wid="18">,</w>
  <w id="19" lemma="|and|" pos="CC" wid="19">and</w>
  <w id="20" lemma="|do|" pos="VBP" wid="20">do</w>
  <w id="21" lemma="|so|" pos="RB" wid="21">so</w>
  <w id="22" lemma="|in|" pos="IN" wid="22">in</w>
  <w id="23" lemma="|a|" pos="DT" wid="23">a</w>
  <w id="24" lemma="|harmonious|" pos="JJ" wid="24">harmonious</w>
  <w id="25" lemma="|context|" pos="NN" wid="25">context</w>
  <w id="26" lemma="|of|" pos="IN" wid="26">of</w>
  <w id="27" lemma="|love|" pos="NN" wid="27">love</w>
  <w id="28" lemma="|and|" pos="CC" wid="28">and</w>
  <w id="29" lemma="|serenity|" pos="NN" wid="29">serenity</w>
  <w id="30" lemma="|.|" pos="." wid="30">.</w>
</sentence>
<sentence id="69">
  <w id="0" lemma="|it|" pos="PRP" wid="0">It</w>
  <w id="1" lemma="|be|" pos="VBZ" wid="1">is</w>
  <w id="2" lemma="|they|" pos="PRP$" wid="2">their</w>
  <w id="3" lemma="|right|" pos="NN" wid="3">right</w>
  <w id="4" lemma="|and|" pos="CC" wid="4">and</w>
  <w id="5" lemma="|we|" pos="PRP$" wid="5">our</w>
  <w id="6" lemma="|duty|" pos="NN" wid="6">duty</w>
  <w id="7" lemma="|.|" pos="." wid="7">.</w>
</sentence>
<sentence id="70">
  <w id="0" lemma="|many|" pos="JJ" wid="0">Many</w>
  <w id="1" lemma="|people|" pos="NNS" wid="1">people</w>
  <w id="2" lemma="|instead|" pos="RB" wid="2">instead</w>
  <w id="3" lemma="|of|" pos="IN" wid="3">of</w>
  <w id="4" lemma="|let|" pos="VBG" wid="4">letting</w>
  <w id="5" lemma="|they|" pos="PRP" wid="5">them</w>
  <w id="6" lemma="|play|" pos="VB" wid="6">play</w>
  <w id="7" lemma="|make|" pos="VB" wid="7">make</w>
  <w id="8" lemma="|slave|" pos="NNS" wid="8">slaves</w>
  <w id="9" lemma="|of|" pos="IN" wid="9">of</w>
  <w id="10" lemma="|they|" pos="PRP" wid="10">them</w>
  <w id="11" lemma="|:|" pos=":" wid="11">:</w>
  <w id="12" lemma="|this|" pos="DT" wid="12">this</w>
  <w id="13" lemma="|be|" pos="VBZ" wid="13">is</w>
  <w id="14" lemma="|a|" pos="DT" wid="14">a</w>
  <w id="15" lemma="|scourge|" pos="NN" wid="15">scourge</w>
  <w id="16" lemma="|.|" pos="." wid="16">.</w>
</sentence>
<sentence id="71">
  <w id="0" lemma="|a|" pos="DT" wid="0">A</w>
  <w id="1" lemma="|serene|" pos="JJ" wid="1">serene</w>
  <w id="2" lemma="|childhood|" pos="NN" wid="2">childhood</w>
  <w id="3" lemma="|allow|" pos="VBZ" wid="3">allows</w>
  <w id="4" lemma="|child|" pos="NNS" wid="4">children</w>
  <w id="5" lemma="|to|" pos="TO" wid="5">to</w>
  <w id="6" lemma="|look|" pos="VB" wid="6">look</w>
  <w id="7" lemma="|forward|" pos="RB" wid="7">forward</w>
  <w id="8" lemma="|with|" pos="IN" wid="8">with</w>
  <w id="9" lemma="|confidence|" pos="NN" wid="9">confidence</w>
  <w id="10" lemma="|to|" pos="TO" wid="10">to</w>
  <w id="11" lemma="|life|" pos="NN" wid="11">life</w>
  <w id="12" lemma="|and|" pos="CC" wid="12">and</w>
  <w id="13" lemma="|the|" pos="DT" wid="13">the</w>
  <w id="14" lemma="|future|" pos="NN" wid="14">future</w>
  <w id="15" lemma="|.|" pos="." wid="15">.</w>
</sentence>
<sentence id="72">
  <w id="0" lemma="|woe|" pos="NN" wid="0">Woe</w>
  <w id="1" lemma="|to|" pos="TO" wid="1">to</w>
  <w id="2" lemma="|those|" pos="DT" wid="2">those</w>
  <w id="3" lemma="|who|" pos="WP" wid="3">who</w>
  <w id="4" lemma="|stifle|" pos="VBP" wid="4">stifle</w>
  <w id="5" lemma="|they|" pos="PRP$" wid="5">their</w>
  <w id="6" lemma="|joyful|" pos="JJ" wid="6">joyful</w>
  <w id="7" lemma="|impulse|" pos="NN" wid="7">impulse</w>
  <w id="8" lemma="|of|" pos="IN" wid="8">of</w>
  <w id="9" lemma="|hope|" pos="NN" wid="9">hope</w>
  <w id="10" lemma="|!|" pos="." wid="10">!</w>
</sentence>
</corpus>