<corpus id="0">
<sentence id="0">
  <w id="0" lemma="|the|" pos="DT" wid="0">The</w>
  <w id="1" lemma="|family|" pos="NN" wid="1">family</w>
  <w id="2" lemma="|-|" pos=":" wid="2">-</w>
  <w id="3" lemma="|26|" pos="CD" wid="3">26</w>
  <w id="4" lemma="|.|" pos="." wid="4">.</w>
</sentence>
<sentence id="1">
  <w id="0" lemma="|Community|" pos="NNP" wid="0">Community</w>
  <w id="1" lemma="|Dear|" pos="NNP" wid="1">Dear</w>
  <w id="2" lemma="|Brothers|" pos="NNPS" wid="2">Brothers</w>
  <w id="3" lemma="|and|" pos="CC" wid="3">and</w>
  <w id="4" lemma="|sister|" pos="NNS" wid="4">Sisters</w>
  <w id="5" lemma="|,|" pos="," wid="5">,</w>
  <w id="6" lemma="|good|" pos="JJ" wid="6">Good</w>
  <w id="7" lemma="|morning|" pos="NN" wid="7">morning</w>
  <w id="8" lemma="|!|" pos="." wid="8">!</w>
</sentence>
<sentence id="2">
  <w id="0" lemma="|today|" pos="NN" wid="0">Today</w>
  <w id="1" lemma="|I|" pos="PRP" wid="1">I</w>
  <w id="2" lemma="|would|" pos="MD" wid="2">would</w>
  <w id="3" lemma="|like|" pos="VB" wid="3">like</w>
  <w id="4" lemma="|to|" pos="TO" wid="4">to</w>
  <w id="5" lemma="|focus|" pos="VB" wid="5">focus</w>
  <w id="6" lemma="|we|" pos="PRP$" wid="6">our</w>
  <w id="7" lemma="|attention|" pos="NN" wid="7">attention</w>
  <w id="8" lemma="|on|" pos="IN" wid="8">on</w>
  <w id="9" lemma="|the|" pos="DT" wid="9">the</w>
  <w id="10" lemma="|connection|" pos="NN" wid="10">connection</w>
  <w id="11" lemma="|between|" pos="IN" wid="11">between</w>
  <w id="12" lemma="|the|" pos="DT" wid="12">the</w>
  <w id="13" lemma="|family|" pos="NN" wid="13">family</w>
  <w id="14" lemma="|and|" pos="CC" wid="14">and</w>
  <w id="15" lemma="|the|" pos="DT" wid="15">the</w>
  <w id="16" lemma="|Christian|" pos="NNP" wid="16">Christian</w>
  <w id="17" lemma="|community|" pos="NN" wid="17">community</w>
  <w id="18" lemma="|.|" pos="." wid="18">.</w>
</sentence>
<sentence id="3">
  <w id="0" lemma="|this|" pos="DT" wid="0">This</w>
  <w id="1" lemma="|bond|" pos="NN" wid="1">bond</w>
  <w id="2" lemma="|be|" pos="VBZ" wid="2">is</w>
  <w id="3" lemma="|natural|" pos="JJ" wid="3">natural</w>
  <w id="4" lemma="|,|" pos="," wid="4">,</w>
  <w id="5" lemma="|so|" pos="RB" wid="5">so</w>
  <w id="6" lemma="|to|" pos="TO" wid="6">to</w>
  <w id="7" lemma="|speak|" pos="VB" wid="7">speak</w>
  <w id="8" lemma="|,|" pos="," wid="8">,</w>
  <w id="9" lemma="|because|" pos="IN" wid="9">because</w>
  <w id="10" lemma="|the|" pos="DT" wid="10">the</w>
  <w id="11" lemma="|Church|" pos="NNP" wid="11">Church</w>
  <w id="12" lemma="|be|" pos="VBZ" wid="12">is</w>
  <w id="13" lemma="|a|" pos="DT" wid="13">a</w>
  <w id="14" lemma="|spiritual|" pos="JJ" wid="14">spiritual</w>
  <w id="15" lemma="|family|" pos="NN" wid="15">family</w>
  <w id="16" lemma="|and|" pos="CC" wid="16">and</w>
  <w id="17" lemma="|the|" pos="DT" wid="17">the</w>
  <w id="18" lemma="|family|" pos="NN" wid="18">family</w>
  <w id="19" lemma="|be|" pos="VBZ" wid="19">is</w>
  <w id="20" lemma="|the|" pos="DT" wid="20">the</w>
  <w id="21" lemma="|domestic|" pos="JJ" wid="21">domestic</w>
  <w id="22" lemma="|church|" pos="NN" wid="22">Church</w>
  <w id="23" lemma="|-lrb-|" pos="-LRB-" wid="23">-LRB-</w>
  <w id="24" lemma="|cf|" pos="NN" wid="24">cf</w>
  <w id="25" lemma="|.|" pos="." wid="25">.</w>
</sentence>
<sentence id="4">
  <w id="0" lemma="|lumen|" pos="NN" wid="0">Lumen</w>
  <w id="1" lemma="|gentium|" pos="NN" wid="1">Gentium</w>
  <w id="2" lemma="|,|" pos="," wid="2">,</w>
  <w id="3" lemma="|n.|" pos="NN" wid="3">n.</w>
  <w id="4" lemma="|9|" pos="CD" wid="4">9</w>
  <w id="5" lemma="|-rrb-|" pos="-RRB-" wid="5">-RRB-</w>
  <w id="6" lemma="|.|" pos="." wid="6">.</w>
</sentence>
<sentence id="5">
  <w id="0" lemma="|the|" pos="DT" wid="0">The</w>
  <w id="1" lemma="|Christian|" pos="NNP" wid="1">Christian</w>
  <w id="2" lemma="|community|" pos="NN" wid="2">community</w>
  <w id="3" lemma="|be|" pos="VBZ" wid="3">is</w>
  <w id="4" lemma="|the|" pos="DT" wid="4">the</w>
  <w id="5" lemma="|home|" pos="NN" wid="5">home</w>
  <w id="6" lemma="|of|" pos="IN" wid="6">of</w>
  <w id="7" lemma="|those|" pos="DT" wid="7">those</w>
  <w id="8" lemma="|who|" pos="WP" wid="8">who</w>
  <w id="9" lemma="|believe|" pos="VBP" wid="9">believe</w>
  <w id="10" lemma="|in|" pos="IN" wid="10">in</w>
  <w id="11" lemma="|Jesus|" pos="NNP" wid="11">Jesus</w>
  <w id="12" lemma="|as|" pos="IN" wid="12">as</w>
  <w id="13" lemma="|the|" pos="DT" wid="13">the</w>
  <w id="14" lemma="|font|" pos="NN" wid="14">font</w>
  <w id="15" lemma="|of|" pos="IN" wid="15">of</w>
  <w id="16" lemma="|brotherhood|" pos="NN" wid="16">brotherhood</w>
  <w id="17" lemma="|among|" pos="IN" wid="17">among</w>
  <w id="18" lemma="|all|" pos="DT" wid="18">all</w>
  <w id="19" lemma="|human|" pos="JJ" wid="19">human</w>
  <w id="20" lemma="|being|" pos="NNS" wid="20">beings</w>
  <w id="21" lemma="|.|" pos="." wid="21">.</w>
</sentence>
<sentence id="6">
  <w id="0" lemma="|the|" pos="DT" wid="0">The</w>
  <w id="1" lemma="|Church|" pos="NNP" wid="1">Church</w>
  <w id="2" lemma="|journey|" pos="NNS" wid="2">journeys</w>
  <w id="3" lemma="|among|" pos="IN" wid="3">among</w>
  <w id="4" lemma="|she|" pos="PRP$" wid="4">her</w>
  <w id="5" lemma="|people|" pos="NNS" wid="5">people</w>
  <w id="6" lemma="|,|" pos="," wid="6">,</w>
  <w id="7" lemma="|in|" pos="IN" wid="7">in</w>
  <w id="8" lemma="|the|" pos="DT" wid="8">the</w>
  <w id="9" lemma="|history|" pos="NN" wid="9">history</w>
  <w id="10" lemma="|of|" pos="IN" wid="10">of</w>
  <w id="11" lemma="|man|" pos="NNS" wid="11">men</w>
  <w id="12" lemma="|and|" pos="CC" wid="12">and</w>
  <w id="13" lemma="|woman|" pos="NNS" wid="13">women</w>
  <w id="14" lemma="|,|" pos="," wid="14">,</w>
  <w id="15" lemma="|of|" pos="IN" wid="15">of</w>
  <w id="16" lemma="|father|" pos="NNS" wid="16">fathers</w>
  <w id="17" lemma="|and|" pos="CC" wid="17">and</w>
  <w id="18" lemma="|mother|" pos="NNS" wid="18">mothers</w>
  <w id="19" lemma="|,|" pos="," wid="19">,</w>
  <w id="20" lemma="|of|" pos="IN" wid="20">of</w>
  <w id="21" lemma="|son|" pos="NNS" wid="21">sons</w>
  <w id="22" lemma="|and|" pos="CC" wid="22">and</w>
  <w id="23" lemma="|daughter|" pos="NNS" wid="23">daughters</w>
  <w id="24" lemma="|:|" pos=":" wid="24">:</w>
  <w id="25" lemma="|this|" pos="DT" wid="25">this</w>
  <w id="26" lemma="|be|" pos="VBZ" wid="26">is</w>
  <w id="27" lemma="|the|" pos="DT" wid="27">the</w>
  <w id="28" lemma="|history|" pos="NN" wid="28">history</w>
  <w id="29" lemma="|that|" pos="WDT" wid="29">that</w>
  <w id="30" lemma="|matter|" pos="VBZ" wid="30">matters</w>
  <w id="31" lemma="|to|" pos="TO" wid="31">to</w>
  <w id="32" lemma="|the|" pos="DT" wid="32">the</w>
  <w id="33" lemma="|Lord|" pos="NNP" wid="33">Lord</w>
  <w id="34" lemma="|.|" pos="." wid="34">.</w>
</sentence>
<sentence id="7">
  <w id="0" lemma="|the|" pos="DT" wid="0">The</w>
  <w id="1" lemma="|great|" pos="JJ" wid="1">great</w>
  <w id="2" lemma="|event|" pos="NNS" wid="2">events</w>
  <w id="3" lemma="|of|" pos="IN" wid="3">of</w>
  <w id="4" lemma="|worldly|" pos="JJ" wid="4">worldly</w>
  <w id="5" lemma="|power|" pos="NNS" wid="5">powers</w>
  <w id="6" lemma="|be|" pos="VBP" wid="6">are</w>
  <w id="7" lemma="|write|" pos="VBN" wid="7">written</w>
  <w id="8" lemma="|in|" pos="IN" wid="8">in</w>
  <w id="9" lemma="|history|" pos="NN" wid="9">history</w>
  <w id="10" lemma="|book|" pos="NNS" wid="10">books</w>
  <w id="11" lemma="|,|" pos="," wid="11">,</w>
  <w id="12" lemma="|and|" pos="CC" wid="12">and</w>
  <w id="13" lemma="|there|" pos="RB" wid="13">there</w>
  <w id="14" lemma="|they|" pos="PRP" wid="14">they</w>
  <w id="15" lemma="|will|" pos="MD" wid="15">will</w>
  <w id="16" lemma="|remain|" pos="VB" wid="16">remain</w>
  <w id="17" lemma="|.|" pos="." wid="17">.</w>
</sentence>
<sentence id="8">
  <w id="0" lemma="|but|" pos="CC" wid="0">But</w>
  <w id="1" lemma="|the|" pos="DT" wid="1">the</w>
  <w id="2" lemma="|history|" pos="NN" wid="2">history</w>
  <w id="3" lemma="|of|" pos="IN" wid="3">of</w>
  <w id="4" lemma="|human|" pos="JJ" wid="4">human</w>
  <w id="5" lemma="|feeling|" pos="NNS" wid="5">feelings</w>
  <w id="6" lemma="|be|" pos="VBZ" wid="6">is</w>
  <w id="7" lemma="|write|" pos="VBN" wid="7">written</w>
  <w id="8" lemma="|directly|" pos="RB" wid="8">directly</w>
  <w id="9" lemma="|in|" pos="IN" wid="9">in</w>
  <w id="10" lemma="|the|" pos="DT" wid="10">the</w>
  <w id="11" lemma="|heart|" pos="NN" wid="11">heart</w>
  <w id="12" lemma="|of|" pos="IN" wid="12">of</w>
  <w id="13" lemma="|God|" pos="NNP" wid="13">God</w>
  <w id="14" lemma="|;|" pos=":" wid="14">;</w>
  <w id="15" lemma="|and|" pos="CC" wid="15">and</w>
  <w id="16" lemma="|that|" pos="DT" wid="16">that</w>
  <w id="17" lemma="|be|" pos="VBZ" wid="17">is</w>
  <w id="18" lemma="|the|" pos="DT" wid="18">the</w>
  <w id="19" lemma="|history|" pos="NN" wid="19">history</w>
  <w id="20" lemma="|that|" pos="WDT" wid="20">that</w>
  <w id="21" lemma="|will|" pos="MD" wid="21">will</w>
  <w id="22" lemma="|endure|" pos="VB" wid="22">endure</w>
  <w id="23" lemma="|for|" pos="IN" wid="23">for</w>
  <w id="24" lemma="|eternity|" pos="NN" wid="24">eternity</w>
  <w id="25" lemma="|.|" pos="." wid="25">.</w>
</sentence>
<sentence id="9">
  <w id="0" lemma="|this|" pos="DT" wid="0">This</w>
  <w id="1" lemma="|be|" pos="VBZ" wid="1">is</w>
  <w id="2" lemma="|where|" pos="WRB" wid="2">where</w>
  <w id="3" lemma="|life|" pos="NN" wid="3">life</w>
  <w id="4" lemma="|and|" pos="CC" wid="4">and</w>
  <w id="5" lemma="|faith|" pos="NN" wid="5">faith</w>
  <w id="6" lemma="|be|" pos="VBP" wid="6">are</w>
  <w id="7" lemma="|located|" pos="JJ" wid="7">located</w>
  <w id="8" lemma="|.|" pos="." wid="8">.</w>
</sentence>
<sentence id="10">
  <w id="0" lemma="|the|" pos="DT" wid="0">The</w>
  <w id="1" lemma="|family|" pos="NN" wid="1">family</w>
  <w id="2" lemma="|be|" pos="VBZ" wid="2">is</w>
  <w id="3" lemma="|the|" pos="DT" wid="3">the</w>
  <w id="4" lemma="|place|" pos="NN" wid="4">place</w>
  <w id="5" lemma="|of|" pos="IN" wid="5">of</w>
  <w id="6" lemma="|we|" pos="PRP$" wid="6">our</w>
  <w id="7" lemma="|irreplaceable|" pos="JJ" wid="7">irreplaceable</w>
  <w id="8" lemma="|and|" pos="CC" wid="8">and</w>
  <w id="9" lemma="|indelible|" pos="JJ" wid="9">indelible</w>
  <w id="10" lemma="|initiation|" pos="NN" wid="10">initiation</w>
  <w id="11" lemma="|into|" pos="IN" wid="11">into</w>
  <w id="12" lemma="|this|" pos="DT" wid="12">this</w>
  <w id="13" lemma="|history|" pos="NN" wid="13">history</w>
  <w id="14" lemma="|...|" pos=":" wid="14">...</w>
  <w id="15" lemma="|into|" pos="IN" wid="15">into</w>
  <w id="16" lemma="|this|" pos="DT" wid="16">this</w>
  <w id="17" lemma="|history|" pos="NN" wid="17">history</w>
  <w id="18" lemma="|of|" pos="IN" wid="18">of</w>
  <w id="19" lemma="|life|" pos="NN" wid="19">life</w>
  <w id="20" lemma="|in|" pos="IN" wid="20">in</w>
  <w id="21" lemma="|its|" pos="PRP$" wid="21">its</w>
  <w id="22" lemma="|fullness|" pos="NN" wid="22">fullness</w>
  <w id="23" lemma="|,|" pos="," wid="23">,</w>
  <w id="24" lemma="|which|" pos="WDT" wid="24">which</w>
  <w id="25" lemma="|will|" pos="MD" wid="25">will</w>
  <w id="26" lemma="|culminate|" pos="VB" wid="26">culminate</w>
  <w id="27" lemma="|in|" pos="IN" wid="27">in</w>
  <w id="28" lemma="|heaven|" pos="NN" wid="28">heaven</w>
  <w id="29" lemma="|with|" pos="IN" wid="29">with</w>
  <w id="30" lemma="|the|" pos="DT" wid="30">the</w>
  <w id="31" lemma="|contemplation|" pos="NN" wid="31">contemplation</w>
  <w id="32" lemma="|of|" pos="IN" wid="32">of</w>
  <w id="33" lemma="|God|" pos="NNP" wid="33">God</w>
  <w id="34" lemma="|for|" pos="IN" wid="34">for</w>
  <w id="35" lemma="|all|" pos="DT" wid="35">all</w>
  <w id="36" lemma="|eternity|" pos="NN" wid="36">eternity</w>
  <w id="37" lemma="|,|" pos="," wid="37">,</w>
  <w id="38" lemma="|but|" pos="CC" wid="38">but</w>
  <w id="39" lemma="|which|" pos="WDT" wid="39">which</w>
  <w id="40" lemma="|begin|" pos="VBZ" wid="40">begins</w>
  <w id="41" lemma="|in|" pos="IN" wid="41">in</w>
  <w id="42" lemma="|the|" pos="DT" wid="42">the</w>
  <w id="43" lemma="|family|" pos="NN" wid="43">family</w>
  <w id="44" lemma="|!|" pos="." wid="44">!</w>
</sentence>
<sentence id="11">
  <w id="0" lemma="|and|" pos="CC" wid="0">And</w>
  <w id="1" lemma="|that|" pos="DT" wid="1">that</w>
  <w id="2" lemma="|be|" pos="VBZ" wid="2">is</w>
  <w id="3" lemma="|why|" pos="WRB" wid="3">why</w>
  <w id="4" lemma="|the|" pos="DT" wid="4">the</w>
  <w id="5" lemma="|family|" pos="NN" wid="5">family</w>
  <w id="6" lemma="|be|" pos="VBZ" wid="6">is</w>
  <w id="7" lemma="|so|" pos="RB" wid="7">so</w>
  <w id="8" lemma="|important|" pos="JJ" wid="8">important</w>
  <w id="9" lemma="|.|" pos="." wid="9">.</w>
</sentence>
<sentence id="12">
  <w id="0" lemma="|the|" pos="DT" wid="0">The</w>
  <w id="1" lemma="|Son|" pos="NNP" wid="1">Son</w>
  <w id="2" lemma="|of|" pos="IN" wid="2">of</w>
  <w id="3" lemma="|God|" pos="NNP" wid="3">God</w>
  <w id="4" lemma="|learn|" pos="VBD" wid="4">learned</w>
  <w id="5" lemma="|the|" pos="DT" wid="5">the</w>
  <w id="6" lemma="|human|" pos="JJ" wid="6">human</w>
  <w id="7" lemma="|story|" pos="NN" wid="7">story</w>
  <w id="8" lemma="|in|" pos="IN" wid="8">in</w>
  <w id="9" lemma="|this|" pos="DT" wid="9">this</w>
  <w id="10" lemma="|way|" pos="NN" wid="10">way</w>
  <w id="11" lemma="|,|" pos="," wid="11">,</w>
  <w id="12" lemma="|and|" pos="CC" wid="12">and</w>
  <w id="13" lemma="|he|" pos="PRP" wid="13">he</w>
  <w id="14" lemma="|walk|" pos="VBD" wid="14">walked</w>
  <w id="15" lemma="|in|" pos="IN" wid="15">in</w>
  <w id="16" lemma="|it|" pos="PRP" wid="16">it</w>
  <w id="17" lemma="|to|" pos="TO" wid="17">to</w>
  <w id="18" lemma="|the|" pos="DT" wid="18">the</w>
  <w id="19" lemma="|very|" pos="JJ" wid="19">very</w>
  <w id="20" lemma="|end|" pos="NN" wid="20">end</w>
  <w id="21" lemma="|-lrb-|" pos="-LRB-" wid="21">-LRB-</w>
  <w id="22" lemma="|cf|" pos="NN" wid="22">cf</w>
  <w id="23" lemma="|.|" pos="." wid="23">.</w>
</sentence>
<sentence id="13">
  <w id="0" lemma="|heb|" pos="NN" wid="0">Heb</w>
  <w id="1" lemma="|2:18|" pos="CD" wid="1">2:18</w>
  <w id="2" lemma="|;|" pos=":" wid="2">;</w>
  <w id="3" lemma="|5:8|" pos="CD" wid="3">5:8</w>
  <w id="4" lemma="|-rrb-|" pos="-RRB-" wid="4">-RRB-</w>
  <w id="5" lemma="|.|" pos="." wid="5">.</w>
</sentence>
<sentence id="14">
  <w id="0" lemma="|it|" pos="PRP" wid="0">It</w>
  <w id="1" lemma="|be|" pos="VBZ" wid="1">is</w>
  <w id="2" lemma="|beautiful|" pos="JJ" wid="2">beautiful</w>
  <w id="3" lemma="|to|" pos="TO" wid="3">to</w>
  <w id="4" lemma="|contemplate|" pos="VB" wid="4">contemplate</w>
  <w id="5" lemma="|Jesus|" pos="NNP" wid="5">Jesus</w>
  <w id="6" lemma="|and|" pos="CC" wid="6">and</w>
  <w id="7" lemma="|the|" pos="DT" wid="7">the</w>
  <w id="8" lemma="|sign|" pos="NNS" wid="8">signs</w>
  <w id="9" lemma="|of|" pos="IN" wid="9">of</w>
  <w id="10" lemma="|this|" pos="DT" wid="10">this</w>
  <w id="11" lemma="|bond|" pos="NN" wid="11">bond</w>
  <w id="12" lemma="|!|" pos="." wid="12">!</w>
</sentence>
<sentence id="15">
  <w id="0" lemma="|he|" pos="PRP" wid="0">He</w>
  <w id="1" lemma="|be|" pos="VBD" wid="1">was</w>
  <w id="2" lemma="|bear|" pos="VBN" wid="2">born</w>
  <w id="3" lemma="|into|" pos="IN" wid="3">into</w>
  <w id="4" lemma="|a|" pos="DT" wid="4">a</w>
  <w id="5" lemma="|family|" pos="NN" wid="5">family</w>
  <w id="6" lemma="|and|" pos="CC" wid="6">and</w>
  <w id="7" lemma="|there|" pos="EX" wid="7">there</w>
  <w id="8" lemma="|``|" pos="``" wid="8">``</w>
  <w id="9" lemma="|he|" pos="PRP" wid="9">he</w>
  <w id="10" lemma="|learn|" pos="VBD" wid="10">learned</w>
  <w id="11" lemma="|about|" pos="IN" wid="11">about</w>
  <w id="12" lemma="|the|" pos="DT" wid="12">the</w>
  <w id="13" lemma="|world|" pos="NN" wid="13">world</w>
  <w id="14" lemma="|''|" pos="''" wid="14">''</w>
  <w id="15" lemma="|:|" pos=":" wid="15">:</w>
  <w id="16" lemma="|one|" pos="CD" wid="16">one</w>
  <w id="17" lemma="|shop|" pos="NN" wid="17">shop</w>
  <w id="18" lemma="|,|" pos="," wid="18">,</w>
  <w id="19" lemma="|four|" pos="CD" wid="19">four</w>
  <w id="20" lemma="|home|" pos="NNS" wid="20">homes</w>
  <w id="21" lemma="|or|" pos="CC" wid="21">or</w>
  <w id="22" lemma="|so|" pos="RB" wid="22">so</w>
  <w id="23" lemma="|,|" pos="," wid="23">,</w>
  <w id="24" lemma="|a|" pos="DT" wid="24">a</w>
  <w id="25" lemma="|tiny|" pos="JJ" wid="25">tiny</w>
  <w id="26" lemma="|village|" pos="NN" wid="26">village</w>
  <w id="27" lemma="|.|" pos="." wid="27">.</w>
</sentence>
<sentence id="16">
  <w id="0" lemma="|yet|" pos="RB" wid="0">Yet</w>
  <w id="1" lemma="|,|" pos="," wid="1">,</w>
  <w id="2" lemma="|live|" pos="VBG" wid="2">living</w>
  <w id="3" lemma="|for|" pos="IN" wid="3">for</w>
  <w id="4" lemma="|30|" pos="CD" wid="4">30</w>
  <w id="5" lemma="|year|" pos="NNS" wid="5">years</w>
  <w id="6" lemma="|there|" pos="RB" wid="6">there</w>
  <w id="7" lemma="|,|" pos="," wid="7">,</w>
  <w id="8" lemma="|Jesus|" pos="NNP" wid="8">Jesus</w>
  <w id="9" lemma="|absorb|" pos="VBD" wid="9">absorbed</w>
  <w id="10" lemma="|the|" pos="DT" wid="10">the</w>
  <w id="11" lemma="|human|" pos="JJ" wid="11">human</w>
  <w id="12" lemma="|condition|" pos="NN" wid="12">condition</w>
  <w id="13" lemma="|,|" pos="," wid="13">,</w>
  <w id="14" lemma="|welcome|" pos="VBG" wid="14">welcoming</w>
  <w id="15" lemma="|it|" pos="PRP" wid="15">it</w>
  <w id="16" lemma="|in|" pos="IN" wid="16">in</w>
  <w id="17" lemma="|he|" pos="PRP$" wid="17">his</w>
  <w id="18" lemma="|communion|" pos="NN" wid="18">communion</w>
  <w id="19" lemma="|with|" pos="IN" wid="19">with</w>
  <w id="20" lemma="|the|" pos="DT" wid="20">the</w>
  <w id="21" lemma="|Father|" pos="NNP" wid="21">Father</w>
  <w id="22" lemma="|and|" pos="CC" wid="22">and</w>
  <w id="23" lemma="|in|" pos="IN" wid="23">in</w>
  <w id="24" lemma="|he|" pos="PRP$" wid="24">his</w>
  <w id="25" lemma="|apostolic|" pos="JJ" wid="25">apostolic</w>
  <w id="26" lemma="|mission|" pos="NN" wid="26">mission</w>
  <w id="27" lemma="|.|" pos="." wid="27">.</w>
</sentence>
<sentence id="17">
  <w id="0" lemma="|then|" pos="RB" wid="0">Then</w>
  <w id="1" lemma="|,|" pos="," wid="1">,</w>
  <w id="2" lemma="|when|" pos="WRB" wid="2">when</w>
  <w id="3" lemma="|he|" pos="PRP" wid="3">he</w>
  <w id="4" lemma="|leave|" pos="VBD" wid="4">left</w>
  <w id="5" lemma="|Nazareth|" pos="NNP" wid="5">Nazareth</w>
  <w id="6" lemma="|and|" pos="CC" wid="6">and</w>
  <w id="7" lemma="|begin|" pos="VBD" wid="7">began</w>
  <w id="8" lemma="|he|" pos="PRP$" wid="8">his</w>
  <w id="9" lemma="|public|" pos="JJ" wid="9">public</w>
  <w id="10" lemma="|ministry|" pos="NN" wid="10">ministry</w>
  <w id="11" lemma="|,|" pos="," wid="11">,</w>
  <w id="12" lemma="|Jesus|" pos="NNP" wid="12">Jesus</w>
  <w id="13" lemma="|form|" pos="VBD" wid="13">formed</w>
  <w id="14" lemma="|around|" pos="IN" wid="14">around</w>
  <w id="15" lemma="|he|" pos="PRP" wid="15">him</w>
  <w id="16" lemma="|a|" pos="DT" wid="16">a</w>
  <w id="17" lemma="|community|" pos="NN" wid="17">community</w>
  <w id="18" lemma="|,|" pos="," wid="18">,</w>
  <w id="19" lemma="|a|" pos="DT" wid="19">an</w>
  <w id="20" lemma="|``|" pos="``" wid="20">``</w>
  <w id="21" lemma="|assembly|" pos="NN" wid="21">assembly</w>
  <w id="22" lemma="|''|" pos="''" wid="22">''</w>
  <w id="23" lemma="|,|" pos="," wid="23">,</w>
  <w id="24" lemma="|that|" pos="DT" wid="24">that</w>
  <w id="25" lemma="|be|" pos="VBZ" wid="25">is</w>
  <w id="26" lemma="|,|" pos="," wid="26">,</w>
  <w id="27" lemma="|a|" pos="DT" wid="27">a</w>
  <w id="28" lemma="|con-vocation|" pos="NN" wid="28">con-vocation</w>
  <w id="29" lemma="|of|" pos="IN" wid="29">of</w>
  <w id="30" lemma="|people|" pos="NNS" wid="30">people</w>
  <w id="31" lemma="|.|" pos="." wid="31">.</w>
</sentence>
<sentence id="18">
  <w id="0" lemma="|this|" pos="DT" wid="0">This</w>
  <w id="1" lemma="|be|" pos="VBZ" wid="1">is</w>
  <w id="2" lemma="|the|" pos="DT" wid="2">the</w>
  <w id="3" lemma="|meaning|" pos="NN" wid="3">meaning</w>
  <w id="4" lemma="|of|" pos="IN" wid="4">of</w>
  <w id="5" lemma="|the|" pos="DT" wid="5">the</w>
  <w id="6" lemma="|word|" pos="NN" wid="6">word</w>
  <w id="7" lemma="|``|" pos="``" wid="7">``</w>
  <w id="8" lemma="|church|" pos="NN" wid="8">church</w>
  <w id="9" lemma="|''|" pos="''" wid="9">''</w>
  <w id="10" lemma="|.|" pos="." wid="10">.</w>
</sentence>
<sentence id="19">
  <w id="0" lemma="|in|" pos="IN" wid="0">In</w>
  <w id="1" lemma="|the|" pos="DT" wid="1">the</w>
  <w id="2" lemma="|Gospels|" pos="NNPS" wid="2">Gospels</w>
  <w id="3" lemma="|,|" pos="," wid="3">,</w>
  <w id="4" lemma="|the|" pos="DT" wid="4">the</w>
  <w id="5" lemma="|assembly|" pos="NN" wid="5">assembly</w>
  <w id="6" lemma="|of|" pos="IN" wid="6">of</w>
  <w id="7" lemma="|Jesus|" pos="NNP" wid="7">Jesus</w>
  <w id="8" lemma="|take|" pos="VBZ" wid="8">takes</w>
  <w id="9" lemma="|the|" pos="DT" wid="9">the</w>
  <w id="10" lemma="|form|" pos="NN" wid="10">form</w>
  <w id="11" lemma="|of|" pos="IN" wid="11">of</w>
  <w id="12" lemma="|a|" pos="DT" wid="12">a</w>
  <w id="13" lemma="|family|" pos="NN" wid="13">family</w>
  <w id="14" lemma="|and|" pos="CC" wid="14">and</w>
  <w id="15" lemma="|of|" pos="IN" wid="15">of</w>
  <w id="16" lemma="|a|" pos="DT" wid="16">a</w>
  <w id="17" lemma="|hospitable|" pos="JJ" wid="17">hospitable</w>
  <w id="18" lemma="|family|" pos="NN" wid="18">family</w>
  <w id="19" lemma="|,|" pos="," wid="19">,</w>
  <w id="20" lemma="|not|" pos="RB" wid="20">not</w>
  <w id="21" lemma="|a|" pos="DT" wid="21">an</w>
  <w id="22" lemma="|exclusive|" pos="JJ" wid="22">exclusive</w>
  <w id="23" lemma="|,|" pos="," wid="23">,</w>
  <w id="24" lemma="|closed|" pos="JJ" wid="24">closed</w>
  <w id="25" lemma="|sect|" pos="NN" wid="25">sect</w>
  <w id="26" lemma="|:|" pos=":" wid="26">:</w>
  <w id="27" lemma="|there|" pos="EX" wid="27">there</w>
  <w id="28" lemma="|we|" pos="PRP" wid="28">we</w>
  <w id="29" lemma="|find|" pos="VBP" wid="29">find</w>
  <w id="30" lemma="|Peter|" pos="NNP" wid="30">Peter</w>
  <w id="31" lemma="|and|" pos="CC" wid="31">and</w>
  <w id="32" lemma="|John|" pos="NNP" wid="32">John</w>
  <w id="33" lemma="|,|" pos="," wid="33">,</w>
  <w id="34" lemma="|but|" pos="CC" wid="34">but</w>
  <w id="35" lemma="|also|" pos="RB" wid="35">also</w>
  <w id="36" lemma="|the|" pos="DT" wid="36">the</w>
  <w id="37" lemma="|hungry|" pos="JJ" wid="37">hungry</w>
  <w id="38" lemma="|and|" pos="CC" wid="38">and</w>
  <w id="39" lemma="|the|" pos="DT" wid="39">the</w>
  <w id="40" lemma="|thirsty|" pos="JJ" wid="40">thirsty</w>
  <w id="41" lemma="|,|" pos="," wid="41">,</w>
  <w id="42" lemma="|the|" pos="DT" wid="42">the</w>
  <w id="43" lemma="|stranger|" pos="NN" wid="43">stranger</w>
  <w id="44" lemma="|and|" pos="CC" wid="44">and</w>
  <w id="45" lemma="|the|" pos="DT" wid="45">the</w>
  <w id="46" lemma="|persecute|" pos="VBN" wid="46">persecuted</w>
  <w id="47" lemma="|,|" pos="," wid="47">,</w>
  <w id="48" lemma="|the|" pos="DT" wid="48">the</w>
  <w id="49" lemma="|sinner|" pos="NN" wid="49">sinner</w>
  <w id="50" lemma="|and|" pos="CC" wid="50">and</w>
  <w id="51" lemma="|the|" pos="DT" wid="51">the</w>
  <w id="52" lemma="|tax|" pos="NN" wid="52">tax</w>
  <w id="53" lemma="|collector|" pos="NN" wid="53">collector</w>
  <w id="54" lemma="|,|" pos="," wid="54">,</w>
  <w id="55" lemma="|the|" pos="DT" wid="55">the</w>
  <w id="56" lemma="|pharisee|" pos="NN" wid="56">pharisee</w>
  <w id="57" lemma="|and|" pos="CC" wid="57">and</w>
  <w id="58" lemma="|the|" pos="DT" wid="58">the</w>
  <w id="59" lemma="|multitude|" pos="NN" wid="59">multitude</w>
  <w id="60" lemma="|.|" pos="." wid="60">.</w>
</sentence>
<sentence id="20">
  <w id="0" lemma="|and|" pos="CC" wid="0">And</w>
  <w id="1" lemma="|Jesus|" pos="NNP" wid="1">Jesus</w>
  <w id="2" lemma="|never|" pos="RB" wid="2">never</w>
  <w id="3" lemma="|stop|" pos="VBZ" wid="3">stops</w>
  <w id="4" lemma="|accept|" pos="VBG" wid="4">accepting</w>
  <w id="5" lemma="|and|" pos="CC" wid="5">and</w>
  <w id="6" lemma="|speak|" pos="VBG" wid="6">speaking</w>
  <w id="7" lemma="|to|" pos="TO" wid="7">to</w>
  <w id="8" lemma="|everyone|" pos="NN" wid="8">everyone</w>
  <w id="9" lemma="|,|" pos="," wid="9">,</w>
  <w id="10" lemma="|even|" pos="RB" wid="10">even</w>
  <w id="11" lemma="|those|" pos="DT" wid="11">those</w>
  <w id="12" lemma="|who|" pos="WP" wid="12">who</w>
  <w id="13" lemma="|no|" pos="RB" wid="13">no</w>
  <w id="14" lemma="|longer|" pos="RB" wid="14">longer</w>
  <w id="15" lemma="|expect|" pos="VB" wid="15">expect</w>
  <w id="16" lemma="|to|" pos="TO" wid="16">to</w>
  <w id="17" lemma="|encounter|" pos="VB" wid="17">encounter</w>
  <w id="18" lemma="|God|" pos="NNP" wid="18">God</w>
  <w id="19" lemma="|in|" pos="IN" wid="19">in</w>
  <w id="20" lemma="|this|" pos="DT" wid="20">this</w>
  <w id="21" lemma="|life|" pos="NN" wid="21">life</w>
  <w id="22" lemma="|.|" pos="." wid="22">.</w>
</sentence>
<sentence id="21">
  <w id="0" lemma="|that|" pos="DT" wid="0">That</w>
  <w id="1" lemma="|be|" pos="VBZ" wid="1">is</w>
  <w id="2" lemma="|a|" pos="DT" wid="2">an</w>
  <w id="3" lemma="|important|" pos="JJ" wid="3">important</w>
  <w id="4" lemma="|lesson|" pos="NN" wid="4">lesson</w>
  <w id="5" lemma="|for|" pos="IN" wid="5">for</w>
  <w id="6" lemma="|the|" pos="DT" wid="6">the</w>
  <w id="7" lemma="|Church|" pos="NNP" wid="7">Church</w>
  <w id="8" lemma="|!|" pos="." wid="8">!</w>
</sentence>
<sentence id="22">
  <w id="0" lemma="|the|" pos="DT" wid="0">The</w>
  <w id="1" lemma="|disciple|" pos="NNS" wid="1">disciples</w>
  <w id="2" lemma="|be|" pos="VBD" wid="2">were</w>
  <w id="3" lemma="|choose|" pos="VBN" wid="3">chosen</w>
  <w id="4" lemma="|to|" pos="TO" wid="4">to</w>
  <w id="5" lemma="|care|" pos="VB" wid="5">care</w>
  <w id="6" lemma="|for|" pos="IN" wid="6">for</w>
  <w id="7" lemma="|this|" pos="DT" wid="7">this</w>
  <w id="8" lemma="|assembly|" pos="NN" wid="8">assembly</w>
  <w id="9" lemma="|,|" pos="," wid="9">,</w>
  <w id="10" lemma="|for|" pos="IN" wid="10">for</w>
  <w id="11" lemma="|this|" pos="DT" wid="11">this</w>
  <w id="12" lemma="|family|" pos="NN" wid="12">family</w>
  <w id="13" lemma="|of|" pos="IN" wid="13">of</w>
  <w id="14" lemma="|God|" pos="NNP" wid="14">God</w>
  <w id="15" lemma="|'s|" pos="POS" wid="15">'s</w>
  <w id="16" lemma="|guest|" pos="NNS" wid="16">guests</w>
  <w id="17" lemma="|.|" pos="." wid="17">.</w>
</sentence>
<sentence id="23">
  <w id="0" lemma="|in|" pos="IN" wid="0">In</w>
  <w id="1" lemma="|order|" pos="NN" wid="1">order</w>
  <w id="2" lemma="|to|" pos="TO" wid="2">to</w>
  <w id="3" lemma="|maintain|" pos="VB" wid="3">maintain</w>
  <w id="4" lemma="|this|" pos="DT" wid="4">this</w>
  <w id="5" lemma="|reality|" pos="NN" wid="5">reality</w>
  <w id="6" lemma="|of|" pos="IN" wid="6">of</w>
  <w id="7" lemma="|the|" pos="DT" wid="7">the</w>
  <w id="8" lemma="|assembly|" pos="NN" wid="8">assembly</w>
  <w id="9" lemma="|of|" pos="IN" wid="9">of</w>
  <w id="10" lemma="|Jesus|" pos="NNP" wid="10">Jesus</w>
  <w id="11" lemma="|in|" pos="IN" wid="11">in</w>
  <w id="12" lemma="|today|" pos="NN" wid="12">today</w>
  <w id="13" lemma="|'s|" pos="POS" wid="13">'s</w>
  <w id="14" lemma="|situation|" pos="NN" wid="14">situation</w>
  <w id="15" lemma="|,|" pos="," wid="15">,</w>
  <w id="16" lemma="|it|" pos="PRP" wid="16">it</w>
  <w id="17" lemma="|be|" pos="VBZ" wid="17">is</w>
  <w id="18" lemma="|indispensable|" pos="JJ" wid="18">indispensable</w>
  <w id="19" lemma="|to|" pos="TO" wid="19">to</w>
  <w id="20" lemma="|renew|" pos="VB" wid="20">renew</w>
  <w id="21" lemma="|the|" pos="DT" wid="21">the</w>
  <w id="22" lemma="|covenant|" pos="NN" wid="22">covenant</w>
  <w id="23" lemma="|between|" pos="IN" wid="23">between</w>
  <w id="24" lemma="|the|" pos="DT" wid="24">the</w>
  <w id="25" lemma="|family|" pos="NN" wid="25">family</w>
  <w id="26" lemma="|and|" pos="CC" wid="26">and</w>
  <w id="27" lemma="|the|" pos="DT" wid="27">the</w>
  <w id="28" lemma="|Christian|" pos="NNP" wid="28">Christian</w>
  <w id="29" lemma="|community|" pos="NN" wid="29">community</w>
  <w id="30" lemma="|.|" pos="." wid="30">.</w>
</sentence>
<sentence id="24">
  <w id="0" lemma="|we|" pos="PRP" wid="0">We</w>
  <w id="1" lemma="|could|" pos="MD" wid="1">could</w>
  <w id="2" lemma="|say|" pos="VB" wid="2">say</w>
  <w id="3" lemma="|that|" pos="IN" wid="3">that</w>
  <w id="4" lemma="|the|" pos="DT" wid="4">the</w>
  <w id="5" lemma="|family|" pos="NN" wid="5">family</w>
  <w id="6" lemma="|and|" pos="CC" wid="6">and</w>
  <w id="7" lemma="|the|" pos="DT" wid="7">the</w>
  <w id="8" lemma="|parish|" pos="NN" wid="8">parish</w>
  <w id="9" lemma="|be|" pos="VBP" wid="9">are</w>
  <w id="10" lemma="|the|" pos="DT" wid="10">the</w>
  <w id="11" lemma="|two|" pos="CD" wid="11">two</w>
  <w id="12" lemma="|place|" pos="NNS" wid="12">places</w>
  <w id="13" lemma="|where|" pos="WRB" wid="13">where</w>
  <w id="14" lemma="|the|" pos="DT" wid="14">the</w>
  <w id="15" lemma="|communion|" pos="NN" wid="15">communion</w>
  <w id="16" lemma="|of|" pos="IN" wid="16">of</w>
  <w id="17" lemma="|love|" pos="NN" wid="17">love</w>
  <w id="18" lemma="|,|" pos="," wid="18">,</w>
  <w id="19" lemma="|which|" pos="WDT" wid="19">which</w>
  <w id="20" lemma="|find|" pos="VBZ" wid="20">finds</w>
  <w id="21" lemma="|its|" pos="PRP$" wid="21">its</w>
  <w id="22" lemma="|ultimate|" pos="JJ" wid="22">ultimate</w>
  <w id="23" lemma="|source|" pos="NN" wid="23">source</w>
  <w id="24" lemma="|in|" pos="IN" wid="24">in</w>
  <w id="25" lemma="|God|" pos="NNP" wid="25">God</w>
  <w id="26" lemma="|,|" pos="," wid="26">,</w>
  <w id="27" lemma="|take|" pos="VBZ" wid="27">takes</w>
  <w id="28" lemma="|place|" pos="NN" wid="28">place</w>
  <w id="29" lemma="|.|" pos="." wid="29">.</w>
</sentence>
<sentence id="25">
  <w id="0" lemma="|a|" pos="DT" wid="0">A</w>
  <w id="1" lemma="|Church|" pos="NNP" wid="1">Church</w>
  <w id="2" lemma="|truly|" pos="RB" wid="2">truly</w>
  <w id="3" lemma="|accord|" pos="VBG" wid="3">according</w>
  <w id="4" lemma="|to|" pos="TO" wid="4">to</w>
  <w id="5" lemma="|the|" pos="DT" wid="5">the</w>
  <w id="6" lemma="|gospel|" pos="NN" wid="6">Gospel</w>
  <w id="7" lemma="|can|" pos="MD" wid="7">can</w>
  <w id="8" lemma="|not|" pos="RB" wid="8">not</w>
  <w id="9" lemma="|but|" pos="CC" wid="9">but</w>
  <w id="10" lemma="|take|" pos="VB" wid="10">take</w>
  <w id="11" lemma="|the|" pos="DT" wid="11">the</w>
  <w id="12" lemma="|form|" pos="NN" wid="12">form</w>
  <w id="13" lemma="|of|" pos="IN" wid="13">of</w>
  <w id="14" lemma="|a|" pos="DT" wid="14">a</w>
  <w id="15" lemma="|hospitable|" pos="JJ" wid="15">hospitable</w>
  <w id="16" lemma="|home|" pos="NN" wid="16">home</w>
  <w id="17" lemma="|,|" pos="," wid="17">,</w>
  <w id="18" lemma="|with|" pos="IN" wid="18">with</w>
  <w id="19" lemma="|its|" pos="PRP$" wid="19">its</w>
  <w id="20" lemma="|door|" pos="NNS" wid="20">doors</w>
  <w id="21" lemma="|open|" pos="JJ" wid="21">open</w>
  <w id="22" lemma="|,|" pos="," wid="22">,</w>
  <w id="23" lemma="|always|" pos="RB" wid="23">always</w>
  <w id="24" lemma="|.|" pos="." wid="24">.</w>
</sentence>
<sentence id="26">
  <w id="0" lemma="|church|" pos="NNS" wid="0">Churches</w>
  <w id="1" lemma="|,|" pos="," wid="1">,</w>
  <w id="2" lemma="|parish|" pos="NNS" wid="2">parishes</w>
  <w id="3" lemma="|,|" pos="," wid="3">,</w>
  <w id="4" lemma="|institution|" pos="NNS" wid="4">institutions</w>
  <w id="5" lemma="|with|" pos="IN" wid="5">with</w>
  <w id="6" lemma="|closed|" pos="JJ" wid="6">closed</w>
  <w id="7" lemma="|door|" pos="NNS" wid="7">doors</w>
  <w id="8" lemma="|must|" pos="MD" wid="8">must</w>
  <w id="9" lemma="|never|" pos="RB" wid="9">never</w>
  <w id="10" lemma="|be|" pos="VB" wid="10">be</w>
  <w id="11" lemma="|call|" pos="VBN" wid="11">called</w>
  <w id="12" lemma="|church|" pos="NNS" wid="12">churches</w>
  <w id="13" lemma="|,|" pos="," wid="13">,</w>
  <w id="14" lemma="|they|" pos="PRP" wid="14">they</w>
  <w id="15" lemma="|should|" pos="MD" wid="15">should</w>
  <w id="16" lemma="|be|" pos="VB" wid="16">be</w>
  <w id="17" lemma="|call|" pos="VBN" wid="17">called</w>
  <w id="18" lemma="|museum|" pos="NNS" wid="18">museums</w>
  <w id="19" lemma="|!|" pos="." wid="19">!</w>
</sentence>
<sentence id="27">
  <w id="0" lemma="|and|" pos="CC" wid="0">And</w>
  <w id="1" lemma="|today|" pos="NN" wid="1">today</w>
  <w id="2" lemma="|,|" pos="," wid="2">,</w>
  <w id="3" lemma="|this|" pos="DT" wid="3">this</w>
  <w id="4" lemma="|covenant|" pos="NN" wid="4">covenant</w>
  <w id="5" lemma="|be|" pos="VBZ" wid="5">is</w>
  <w id="6" lemma="|crucial|" pos="JJ" wid="6">crucial</w>
  <w id="7" lemma="|.|" pos="." wid="7">.</w>
</sentence>
<sentence id="28">
  <w id="0" lemma="|``|" pos="``" wid="0">``</w>
  <w id="1" lemma="|against|" pos="IN" wid="1">Against</w>
  <w id="2" lemma="|the|" pos="DT" wid="2">the</w>
  <w id="3" lemma="|ideological|" pos="JJ" wid="3">ideological</w>
  <w id="4" lemma="|,|" pos="," wid="4">,</w>
  <w id="5" lemma="|financial|" pos="JJ" wid="5">financial</w>
  <w id="6" lemma="|and|" pos="CC" wid="6">and</w>
  <w id="7" lemma="|political|" pos="JJ" wid="7">political</w>
  <w id="8" lemma="|`|" pos="``" wid="8">`</w>
  <w id="9" lemma="|centre|" pos="NNS" wid="9">centres</w>
  <w id="10" lemma="|of|" pos="IN" wid="10">of</w>
  <w id="11" lemma="|power|" pos="NN" wid="11">power</w>
  <w id="12" lemma="|'|" pos="''" wid="12">'</w>
  <w id="13" lemma="|,|" pos="," wid="13">,</w>
  <w id="14" lemma="|we|" pos="PRP" wid="14">we</w>
  <w id="15" lemma="|place|" pos="VBP" wid="15">place</w>
  <w id="16" lemma="|we|" pos="PRP$" wid="16">our</w>
  <w id="17" lemma="|hope|" pos="NNS" wid="17">hopes</w>
  <w id="18" lemma="|in|" pos="IN" wid="18">in</w>
  <w id="19" lemma="|these|" pos="DT" wid="19">these</w>
  <w id="20" lemma="|centre|" pos="NNS" wid="20">centres</w>
  <w id="21" lemma="|of|" pos="IN" wid="21">of</w>
  <w id="22" lemma="|evangelize|" pos="VBG" wid="22">evangelizing</w>
  <w id="23" lemma="|love|" pos="NN" wid="23">love</w>
  <w id="24" lemma="|,|" pos="," wid="24">,</w>
  <w id="25" lemma="|rich|" pos="JJ" wid="25">rich</w>
  <w id="26" lemma="|in|" pos="IN" wid="26">in</w>
  <w id="27" lemma="|human|" pos="JJ" wid="27">human</w>
  <w id="28" lemma="|warmth|" pos="NN" wid="28">warmth</w>
  <w id="29" lemma="|,|" pos="," wid="29">,</w>
  <w id="30" lemma="|base|" pos="VBN" wid="30">based</w>
  <w id="31" lemma="|on|" pos="IN" wid="31">on</w>
  <w id="32" lemma="|solidarity|" pos="NN" wid="32">solidarity</w>
  <w id="33" lemma="|and|" pos="CC" wid="33">and</w>
  <w id="34" lemma="|participation|" pos="NN" wid="34">participation</w>
  <w id="35" lemma="|''|" pos="''" wid="35">''</w>
  <w id="36" lemma="|-lrb-|" pos="-LRB-" wid="36">-LRB-</w>
  <w id="37" lemma="|Pontifical|" pos="NNP" wid="37">Pontifical</w>
  <w id="38" lemma="|Council|" pos="NNP" wid="38">Council</w>
  <w id="39" lemma="|for|" pos="IN" wid="39">for</w>
  <w id="40" lemma="|the|" pos="DT" wid="40">the</w>
  <w id="41" lemma="|Family|" pos="NNP" wid="41">Family</w>
  <w id="42" lemma="|,|" pos="," wid="42">,</w>
  <w id="43" lemma="|The|" pos="NNP" wid="43">The</w>
  <w id="44" lemma="|Teachings|" pos="NNP" wid="44">Teachings</w>
  <w id="45" lemma="|of|" pos="IN" wid="45">of</w>
  <w id="46" lemma="|J.M|" pos="NNP" wid="46">J.M</w>
  <w id="47" lemma="|.|" pos="." wid="47">.</w>
</sentence>
<sentence id="29">
  <w id="0" lemma="|Bergoglio-Pope|" pos="NNP" wid="0">Bergoglio-Pope</w>
  <w id="1" lemma="|Francis|" pos="NNP" wid="1">Francis</w>
  <w id="2" lemma="|on|" pos="IN" wid="2">on</w>
  <w id="3" lemma="|the|" pos="DT" wid="3">the</w>
  <w id="4" lemma="|Family|" pos="NNP" wid="4">Family</w>
  <w id="5" lemma="|and|" pos="CC" wid="5">and</w>
  <w id="6" lemma="|Life|" pos="NNP" wid="6">Life</w>
  <w id="7" lemma="|1999-2014|" pos="CD" wid="7">1999-2014</w>
  <w id="8" lemma="|,|" pos="," wid="8">,</w>
  <w id="9" lemma="|lev|" pos="NN" wid="9">LEV</w>
  <w id="10" lemma="|2014|" pos="CD" wid="10">2014</w>
  <w id="11" lemma="|,|" pos="," wid="11">,</w>
  <w id="12" lemma="|189|" pos="CD" wid="12">189</w>
  <w id="13" lemma="|-rrb-|" pos="-RRB-" wid="13">-RRB-</w>
  <w id="14" lemma="|,|" pos="," wid="14">,</w>
  <w id="15" lemma="|and|" pos="CC" wid="15">and</w>
  <w id="16" lemma="|also|" pos="RB" wid="16">also</w>
  <w id="17" lemma="|on|" pos="IN" wid="17">on</w>
  <w id="18" lemma="|forgiveness|" pos="NN" wid="18">forgiveness</w>
  <w id="19" lemma="|among|" pos="IN" wid="19">among</w>
  <w id="20" lemma="|we|" pos="PRP" wid="20">us</w>
  <w id="21" lemma="|.|" pos="." wid="21">.</w>
</sentence>
<sentence id="30">
  <w id="0" lemma="|strengthen|" pos="VBG" wid="0">Strengthening</w>
  <w id="1" lemma="|the|" pos="DT" wid="1">the</w>
  <w id="2" lemma="|bond|" pos="NN" wid="2">bond</w>
  <w id="3" lemma="|between|" pos="IN" wid="3">between</w>
  <w id="4" lemma="|the|" pos="DT" wid="4">the</w>
  <w id="5" lemma="|family|" pos="NN" wid="5">family</w>
  <w id="6" lemma="|and|" pos="CC" wid="6">and</w>
  <w id="7" lemma="|the|" pos="DT" wid="7">the</w>
  <w id="8" lemma="|christian|" pos="JJ" wid="8">Christian</w>
  <w id="9" lemma="|community|" pos="NN" wid="9">community</w>
  <w id="10" lemma="|today|" pos="NN" wid="10">today</w>
  <w id="11" lemma="|be|" pos="VBZ" wid="11">is</w>
  <w id="12" lemma="|indispensable|" pos="JJ" wid="12">indispensable</w>
  <w id="13" lemma="|and|" pos="CC" wid="13">and</w>
  <w id="14" lemma="|urgent|" pos="JJ" wid="14">urgent</w>
  <w id="15" lemma="|.|" pos="." wid="15">.</w>
</sentence>
<sentence id="31">
  <w id="0" lemma="|certainly|" pos="RB" wid="0">Certainly</w>
  <w id="1" lemma="|,|" pos="," wid="1">,</w>
  <w id="2" lemma="|there|" pos="EX" wid="2">there</w>
  <w id="3" lemma="|be|" pos="VBZ" wid="3">is</w>
  <w id="4" lemma="|need|" pos="NN" wid="4">need</w>
  <w id="5" lemma="|for|" pos="IN" wid="5">for</w>
  <w id="6" lemma="|generous|" pos="JJ" wid="6">generous</w>
  <w id="7" lemma="|faith|" pos="NN" wid="7">faith</w>
  <w id="8" lemma="|in|" pos="IN" wid="8">in</w>
  <w id="9" lemma="|order|" pos="NN" wid="9">order</w>
  <w id="10" lemma="|to|" pos="TO" wid="10">to</w>
  <w id="11" lemma="|rediscover|" pos="VB" wid="11">rediscover</w>
  <w id="12" lemma="|the|" pos="DT" wid="12">the</w>
  <w id="13" lemma="|understanding|" pos="NN" wid="13">understanding</w>
  <w id="14" lemma="|and|" pos="CC" wid="14">and</w>
  <w id="15" lemma="|courage|" pos="NN" wid="15">courage</w>
  <w id="16" lemma="|to|" pos="TO" wid="16">to</w>
  <w id="17" lemma="|renew|" pos="VB" wid="17">renew</w>
  <w id="18" lemma="|this|" pos="DT" wid="18">this</w>
  <w id="19" lemma="|covenant|" pos="NN" wid="19">covenant</w>
  <w id="20" lemma="|.|" pos="." wid="20">.</w>
</sentence>
<sentence id="32">
  <w id="0" lemma="|family|" pos="NNS" wid="0">Families</w>
  <w id="1" lemma="|at|" pos="IN" wid="1">at</w>
  <w id="2" lemma="|time|" pos="NNS" wid="2">times</w>
  <w id="3" lemma="|draw|" pos="VBP" wid="3">draw</w>
  <w id="4" lemma="|back|" pos="RB" wid="4">back</w>
  <w id="5" lemma="|,|" pos="," wid="5">,</w>
  <w id="6" lemma="|say|" pos="VBG" wid="6">saying</w>
  <w id="7" lemma="|that|" pos="IN" wid="7">that</w>
  <w id="8" lemma="|they|" pos="PRP" wid="8">they</w>
  <w id="9" lemma="|can|" pos="MD" wid="9">can</w>
  <w id="10" lemma="|not|" pos="RB" wid="10">not</w>
  <w id="11" lemma="|live|" pos="VB" wid="11">live</w>
  <w id="12" lemma="|up|" pos="IN" wid="12">up</w>
  <w id="13" lemma="|to|" pos="TO" wid="13">to</w>
  <w id="14" lemma="|this|" pos="DT" wid="14">this</w>
  <w id="15" lemma="|:|" pos=":" wid="15">:</w>
  <w id="16" lemma="|``|" pos="``" wid="16">``</w>
  <w id="17" lemma="|Father|" pos="NNP" wid="17">Father</w>
  <w id="18" lemma="|,|" pos="," wid="18">,</w>
  <w id="19" lemma="|we|" pos="PRP" wid="19">we</w>
  <w id="20" lemma="|be|" pos="VBP" wid="20">are</w>
  <w id="21" lemma="|a|" pos="DT" wid="21">a</w>
  <w id="22" lemma="|poor|" pos="JJ" wid="22">poor</w>
  <w id="23" lemma="|family|" pos="NN" wid="23">family</w>
  <w id="24" lemma="|and|" pos="CC" wid="24">and</w>
  <w id="25" lemma="|even|" pos="RB" wid="25">even</w>
  <w id="26" lemma="|a|" pos="DT" wid="26">a</w>
  <w id="27" lemma="|little|" pos="RB" wid="27">little</w>
  <w id="28" lemma="|worse|" pos="JJ" wid="28">worse</w>
  <w id="29" lemma="|for|" pos="IN" wid="29">for</w>
  <w id="30" lemma="|the|" pos="DT" wid="30">the</w>
  <w id="31" lemma="|wear|" pos="NN" wid="31">wear</w>
  <w id="32" lemma="|''|" pos="''" wid="32">''</w>
  <w id="33" lemma="|,|" pos="," wid="33">,</w>
  <w id="34" lemma="|``|" pos="``" wid="34">``</w>
  <w id="35" lemma="|we|" pos="PRP" wid="35">We</w>
  <w id="36" lemma="|be|" pos="VBP" wid="36">are</w>
  <w id="37" lemma="|not|" pos="RB" wid="37">n't</w>
  <w id="38" lemma="|able|" pos="JJ" wid="38">able</w>
  <w id="39" lemma="|''|" pos="''" wid="39">''</w>
  <w id="40" lemma="|,|" pos="," wid="40">,</w>
  <w id="41" lemma="|``|" pos="``" wid="41">``</w>
  <w id="42" lemma="|we|" pos="PRP" wid="42">We</w>
  <w id="43" lemma="|already|" pos="RB" wid="43">already</w>
  <w id="44" lemma="|have|" pos="VBP" wid="44">have</w>
  <w id="45" lemma="|so|" pos="RB" wid="45">so</w>
  <w id="46" lemma="|many|" pos="JJ" wid="46">many</w>
  <w id="47" lemma="|problem|" pos="NNS" wid="47">problems</w>
  <w id="48" lemma="|at|" pos="IN" wid="48">at</w>
  <w id="49" lemma="|home|" pos="NN" wid="49">home</w>
  <w id="50" lemma="|''|" pos="''" wid="50">''</w>
  <w id="51" lemma="|,|" pos="," wid="51">,</w>
  <w id="52" lemma="|``|" pos="``" wid="52">``</w>
  <w id="53" lemma="|we|" pos="PRP" wid="53">We</w>
  <w id="54" lemma="|do|" pos="VBP" wid="54">do</w>
  <w id="55" lemma="|not|" pos="RB" wid="55">n't</w>
  <w id="56" lemma="|have|" pos="VB" wid="56">have</w>
  <w id="57" lemma="|the|" pos="DT" wid="57">the</w>
  <w id="58" lemma="|strength|" pos="NN" wid="58">strength</w>
  <w id="59" lemma="|''|" pos="''" wid="59">''</w>
  <w id="60" lemma="|.|" pos="." wid="60">.</w>
</sentence>
<sentence id="33">
  <w id="0" lemma="|this|" pos="DT" wid="0">This</w>
  <w id="1" lemma="|be|" pos="VBZ" wid="1">is</w>
  <w id="2" lemma="|true|" pos="JJ" wid="2">true</w>
  <w id="3" lemma="|.|" pos="." wid="3">.</w>
</sentence>
<sentence id="34">
  <w id="0" lemma="|but|" pos="CC" wid="0">But</w>
  <w id="1" lemma="|no|" pos="DT" wid="1">no</w>
  <w id="2" lemma="|one|" pos="NN" wid="2">one</w>
  <w id="3" lemma="|be|" pos="VBZ" wid="3">is</w>
  <w id="4" lemma="|worthy|" pos="JJ" wid="4">worthy</w>
  <w id="5" lemma="|,|" pos="," wid="5">,</w>
  <w id="6" lemma="|no|" pos="DT" wid="6">no</w>
  <w id="7" lemma="|one|" pos="NN" wid="7">one</w>
  <w id="8" lemma="|be|" pos="VBZ" wid="8">is</w>
  <w id="9" lemma="|able|" pos="JJ" wid="9">able</w>
  <w id="10" lemma="|to|" pos="TO" wid="10">to</w>
  <w id="11" lemma="|live|" pos="VB" wid="11">live</w>
  <w id="12" lemma="|up|" pos="RP" wid="12">up</w>
  <w id="13" lemma="|to|" pos="TO" wid="13">to</w>
  <w id="14" lemma="|it|" pos="PRP" wid="14">it</w>
  <w id="15" lemma="|,|" pos="," wid="15">,</w>
  <w id="16" lemma="|no|" pos="DT" wid="16">no</w>
  <w id="17" lemma="|one|" pos="NN" wid="17">one</w>
  <w id="18" lemma="|have|" pos="VBZ" wid="18">has</w>
  <w id="19" lemma="|the|" pos="DT" wid="19">the</w>
  <w id="20" lemma="|strength|" pos="NN" wid="20">strength</w>
  <w id="21" lemma="|!|" pos="." wid="21">!</w>
</sentence>
<sentence id="35">
  <w id="0" lemma="|without|" pos="IN" wid="0">Without</w>
  <w id="1" lemma="|the|" pos="DT" wid="1">the</w>
  <w id="2" lemma="|grace|" pos="NN" wid="2">grace</w>
  <w id="3" lemma="|of|" pos="IN" wid="3">of</w>
  <w id="4" lemma="|God|" pos="NNP" wid="4">God</w>
  <w id="5" lemma="|,|" pos="," wid="5">,</w>
  <w id="6" lemma="|we|" pos="PRP" wid="6">we</w>
  <w id="7" lemma="|can|" pos="MD" wid="7">can</w>
  <w id="8" lemma="|do|" pos="VB" wid="8">do</w>
  <w id="9" lemma="|nothing|" pos="NN" wid="9">nothing</w>
  <w id="10" lemma="|.|" pos="." wid="10">.</w>
</sentence>
<sentence id="36">
  <w id="0" lemma="|Everything|" pos="NNP" wid="0">Everything</w>
  <w id="1" lemma="|be|" pos="VBZ" wid="1">is</w>
  <w id="2" lemma="|give|" pos="VBN" wid="2">given</w>
  <w id="3" lemma="|to|" pos="TO" wid="3">to</w>
  <w id="4" lemma="|we|" pos="PRP" wid="4">us</w>
  <w id="5" lemma="|,|" pos="," wid="5">,</w>
  <w id="6" lemma="|give|" pos="VBN" wid="6">given</w>
  <w id="7" lemma="|freely|" pos="RB" wid="7">freely</w>
  <w id="8" lemma="|!|" pos="." wid="8">!</w>
</sentence>
<sentence id="37">
  <w id="0" lemma="|and|" pos="CC" wid="0">And</w>
  <w id="1" lemma="|the|" pos="DT" wid="1">the</w>
  <w id="2" lemma="|Lord|" pos="NNP" wid="2">Lord</w>
  <w id="3" lemma="|never|" pos="RB" wid="3">never</w>
  <w id="4" lemma="|come|" pos="VBZ" wid="4">comes</w>
  <w id="5" lemma="|into|" pos="IN" wid="5">into</w>
  <w id="6" lemma="|a|" pos="DT" wid="6">a</w>
  <w id="7" lemma="|new|" pos="JJ" wid="7">new</w>
  <w id="8" lemma="|family|" pos="NN" wid="8">family</w>
  <w id="9" lemma="|without|" pos="IN" wid="9">without</w>
  <w id="10" lemma="|work|" pos="VBG" wid="10">working</w>
  <w id="11" lemma="|some|" pos="DT" wid="11">some</w>
  <w id="12" lemma="|miracle|" pos="NN" wid="12">miracle</w>
  <w id="13" lemma="|.|" pos="." wid="13">.</w>
</sentence>
<sentence id="38">
  <w id="0" lemma="|let|" pos="VB" wid="0">Let</w>
  <w id="1" lemma="|we|" pos="PRP" wid="1">us</w>
  <w id="2" lemma="|remember|" pos="VB" wid="2">remember</w>
  <w id="3" lemma="|what|" pos="WP" wid="3">what</w>
  <w id="4" lemma="|he|" pos="PRP" wid="4">he</w>
  <w id="5" lemma="|do|" pos="VBD" wid="5">did</w>
  <w id="6" lemma="|at|" pos="IN" wid="6">at</w>
  <w id="7" lemma="|the|" pos="DT" wid="7">the</w>
  <w id="8" lemma="|wedding|" pos="NN" wid="8">wedding</w>
  <w id="9" lemma="|of|" pos="IN" wid="9">of</w>
  <w id="10" lemma="|Cana|" pos="NNP" wid="10">Cana</w>
  <w id="11" lemma="|!|" pos="." wid="11">!</w>
</sentence>
<sentence id="39">
  <w id="0" lemma="|yes|" pos="UH" wid="0">Yes</w>
  <w id="1" lemma="|,|" pos="," wid="1">,</w>
  <w id="2" lemma="|if|" pos="IN" wid="2">if</w>
  <w id="3" lemma="|we|" pos="PRP" wid="3">we</w>
  <w id="4" lemma="|place|" pos="VBP" wid="4">place</w>
  <w id="5" lemma="|ourselves|" pos="PRP" wid="5">ourselves</w>
  <w id="6" lemma="|in|" pos="IN" wid="6">in</w>
  <w id="7" lemma="|he|" pos="PRP$" wid="7">his</w>
  <w id="8" lemma="|hand|" pos="NNS" wid="8">hands</w>
  <w id="9" lemma="|,|" pos="," wid="9">,</w>
  <w id="10" lemma="|the|" pos="DT" wid="10">the</w>
  <w id="11" lemma="|Lord|" pos="NNP" wid="11">Lord</w>
  <w id="12" lemma="|will|" pos="MD" wid="12">will</w>
  <w id="13" lemma="|work|" pos="VB" wid="13">work</w>
  <w id="14" lemma="|miracle|" pos="NNS" wid="14">miracles</w>
  <w id="15" lemma="|for|" pos="IN" wid="15">for</w>
  <w id="16" lemma="|we|" pos="PRP" wid="16">us</w>
  <w id="17" lemma="|--|" pos=":" wid="17">--</w>
  <w id="18" lemma="|but|" pos="CC" wid="18">but</w>
  <w id="19" lemma="|they|" pos="PRP" wid="19">they</w>
  <w id="20" lemma="|be|" pos="VBP" wid="20">are</w>
  <w id="21" lemma="|miracle|" pos="NNS" wid="21">miracles</w>
  <w id="22" lemma="|of|" pos="IN" wid="22">of</w>
  <w id="23" lemma="|every|" pos="DT" wid="23">every</w>
  <w id="24" lemma="|day|" pos="NN" wid="24">day</w>
  <w id="25" lemma="|life|" pos="NN" wid="25">life</w>
  <w id="26" lemma="|!|" pos="." wid="26">!</w>
</sentence>
<sentence id="40">
  <w id="0" lemma="|--|" pos=":" wid="0">--</w>
  <w id="1" lemma="|when|" pos="WRB" wid="1">when</w>
  <w id="2" lemma="|the|" pos="DT" wid="2">the</w>
  <w id="3" lemma="|Lord|" pos="NNP" wid="3">Lord</w>
  <w id="4" lemma="|be|" pos="VBZ" wid="4">is</w>
  <w id="5" lemma="|there|" pos="RB" wid="5">there</w>
  <w id="6" lemma="|,|" pos="," wid="6">,</w>
  <w id="7" lemma="|present|" pos="JJ" wid="7">present</w>
  <w id="8" lemma="|in|" pos="IN" wid="8">in</w>
  <w id="9" lemma="|the|" pos="DT" wid="9">the</w>
  <w id="10" lemma="|family|" pos="NN" wid="10">family</w>
  <w id="11" lemma="|.|" pos="." wid="11">.</w>
</sentence>
<sentence id="41">
  <w id="0" lemma="|naturally|" pos="RB" wid="0">Naturally</w>
  <w id="1" lemma="|,|" pos="," wid="1">,</w>
  <w id="2" lemma="|the|" pos="DT" wid="2">the</w>
  <w id="3" lemma="|Christian|" pos="NNP" wid="3">Christian</w>
  <w id="4" lemma="|community|" pos="NN" wid="4">community</w>
  <w id="5" lemma="|must|" pos="MD" wid="5">must</w>
  <w id="6" lemma="|also|" pos="RB" wid="6">also</w>
  <w id="7" lemma="|do|" pos="VB" wid="7">do</w>
  <w id="8" lemma="|its|" pos="PRP$" wid="8">its</w>
  <w id="9" lemma="|part|" pos="NN" wid="9">part</w>
  <w id="10" lemma="|.|" pos="." wid="10">.</w>
</sentence>
<sentence id="42">
  <w id="0" lemma="|for|" pos="IN" wid="0">For</w>
  <w id="1" lemma="|example|" pos="NN" wid="1">example</w>
  <w id="2" lemma="|,|" pos="," wid="2">,</w>
  <w id="3" lemma="|overcome|" pos="VBG" wid="3">overcoming</w>
  <w id="4" lemma="|attitude|" pos="NNS" wid="4">attitudes</w>
  <w id="5" lemma="|that|" pos="WDT" wid="5">that</w>
  <w id="6" lemma="|give|" pos="VBP" wid="6">give</w>
  <w id="7" lemma="|too|" pos="RB" wid="7">too</w>
  <w id="8" lemma="|much|" pos="JJ" wid="8">much</w>
  <w id="9" lemma="|advice|" pos="NN" wid="9">advice</w>
  <w id="10" lemma="|or|" pos="CC" wid="10">or</w>
  <w id="11" lemma="|be|" pos="VBP" wid="11">are</w>
  <w id="12" lemma="|too|" pos="RB" wid="12">too</w>
  <w id="13" lemma="|managerial|" pos="JJ" wid="13">managerial</w>
  <w id="14" lemma="|,|" pos="," wid="14">,</w>
  <w id="15" lemma="|in|" pos="IN" wid="15">in</w>
  <w id="16" lemma="|order|" pos="NN" wid="16">order</w>
  <w id="17" lemma="|to|" pos="TO" wid="17">to</w>
  <w id="18" lemma="|foster|" pos="VB" wid="18">foster</w>
  <w id="19" lemma="|interpersonal|" pos="JJ" wid="19">interpersonal</w>
  <w id="20" lemma="|dialogue|" pos="NN" wid="20">dialogue</w>
  <w id="21" lemma="|and|" pos="CC" wid="21">and</w>
  <w id="22" lemma="|awareness|" pos="NN" wid="22">awareness</w>
  <w id="23" lemma="|and|" pos="CC" wid="23">and</w>
  <w id="24" lemma="|mutual|" pos="JJ" wid="24">mutual</w>
  <w id="25" lemma="|esteem|" pos="NN" wid="25">esteem</w>
  <w id="26" lemma="|.|" pos="." wid="26">.</w>
</sentence>
<sentence id="43">
  <w id="0" lemma="|May|" pos="NNP" wid="0">May</w>
  <w id="1" lemma="|family|" pos="NNS" wid="1">families</w>
  <w id="2" lemma="|take|" pos="VBP" wid="2">take</w>
  <w id="3" lemma="|the|" pos="DT" wid="3">the</w>
  <w id="4" lemma="|initiative|" pos="NN" wid="4">initiative</w>
  <w id="5" lemma="|and|" pos="CC" wid="5">and</w>
  <w id="6" lemma="|feel|" pos="VB" wid="6">feel</w>
  <w id="7" lemma="|the|" pos="DT" wid="7">the</w>
  <w id="8" lemma="|responsibility|" pos="NN" wid="8">responsibility</w>
  <w id="9" lemma="|for|" pos="IN" wid="9">for</w>
  <w id="10" lemma="|bring|" pos="VBG" wid="10">bringing</w>
  <w id="11" lemma="|they|" pos="PRP$" wid="11">their</w>
  <w id="12" lemma="|precious|" pos="JJ" wid="12">precious</w>
  <w id="13" lemma="|gift|" pos="NNS" wid="13">gifts</w>
  <w id="14" lemma="|to|" pos="TO" wid="14">to</w>
  <w id="15" lemma="|the|" pos="DT" wid="15">the</w>
  <w id="16" lemma="|community|" pos="NN" wid="16">community</w>
  <w id="17" lemma="|.|" pos="." wid="17">.</w>
</sentence>
<sentence id="44">
  <w id="0" lemma="|we|" pos="PRP" wid="0">We</w>
  <w id="1" lemma="|must|" pos="MD" wid="1">must</w>
  <w id="2" lemma="|all|" pos="RB" wid="2">all</w>
  <w id="3" lemma="|be|" pos="VB" wid="3">be</w>
  <w id="4" lemma="|aware|" pos="JJ" wid="4">aware</w>
  <w id="5" lemma="|that|" pos="IN" wid="5">that</w>
  <w id="6" lemma="|the|" pos="DT" wid="6">the</w>
  <w id="7" lemma="|christian|" pos="JJ" wid="7">Christian</w>
  <w id="8" lemma="|faith|" pos="NN" wid="8">faith</w>
  <w id="9" lemma="|be|" pos="VBZ" wid="9">is</w>
  <w id="10" lemma="|play|" pos="VBN" wid="10">played</w>
  <w id="11" lemma="|on|" pos="IN" wid="11">on</w>
  <w id="12" lemma="|a|" pos="DT" wid="12">an</w>
  <w id="13" lemma="|open|" pos="JJ" wid="13">open</w>
  <w id="14" lemma="|field|" pos="NN" wid="14">field</w>
  <w id="15" lemma="|of|" pos="IN" wid="15">of</w>
  <w id="16" lemma="|life|" pos="NN" wid="16">life</w>
  <w id="17" lemma="|share|" pos="VBN" wid="17">shared</w>
  <w id="18" lemma="|with|" pos="IN" wid="18">with</w>
  <w id="19" lemma="|all|" pos="DT" wid="19">all</w>
  <w id="20" lemma="|.|" pos="." wid="20">.</w>
</sentence>
<sentence id="45">
  <w id="0" lemma="|the|" pos="DT" wid="0">The</w>
  <w id="1" lemma="|family|" pos="NN" wid="1">family</w>
  <w id="2" lemma="|and|" pos="CC" wid="2">and</w>
  <w id="3" lemma="|the|" pos="DT" wid="3">the</w>
  <w id="4" lemma="|parish|" pos="NN" wid="4">parish</w>
  <w id="5" lemma="|must|" pos="MD" wid="5">must</w>
  <w id="6" lemma="|work|" pos="VB" wid="6">work</w>
  <w id="7" lemma="|the|" pos="DT" wid="7">the</w>
  <w id="8" lemma="|miracle|" pos="NN" wid="8">miracle</w>
  <w id="9" lemma="|of|" pos="IN" wid="9">of</w>
  <w id="10" lemma="|a|" pos="DT" wid="10">a</w>
  <w id="11" lemma="|more|" pos="RBR" wid="11">more</w>
  <w id="12" lemma="|communal|" pos="JJ" wid="12">communal</w>
  <w id="13" lemma="|life|" pos="NN" wid="13">life</w>
  <w id="14" lemma="|for|" pos="IN" wid="14">for</w>
  <w id="15" lemma="|the|" pos="DT" wid="15">the</w>
  <w id="16" lemma="|whole|" pos="NN" wid="16">whole</w>
  <w id="17" lemma="|of|" pos="IN" wid="17">of</w>
  <w id="18" lemma="|society|" pos="NN" wid="18">society</w>
  <w id="19" lemma="|.|" pos="." wid="19">.</w>
</sentence>
<sentence id="46">
  <w id="0" lemma="|at|" pos="IN" wid="0">At</w>
  <w id="1" lemma="|Cana|" pos="NNP" wid="1">Cana</w>
  <w id="2" lemma="|,|" pos="," wid="2">,</w>
  <w id="3" lemma="|there|" pos="EX" wid="3">there</w>
  <w id="4" lemma="|be|" pos="VBD" wid="4">was</w>
  <w id="5" lemma="|the|" pos="DT" wid="5">the</w>
  <w id="6" lemma="|Mother|" pos="NNP" wid="6">Mother</w>
  <w id="7" lemma="|of|" pos="IN" wid="7">of</w>
  <w id="8" lemma="|Jesus|" pos="NNP" wid="8">Jesus</w>
  <w id="9" lemma="|,|" pos="," wid="9">,</w>
  <w id="10" lemma="|the|" pos="DT" wid="10">the</w>
  <w id="11" lemma="|``|" pos="``" wid="11">``</w>
  <w id="12" lemma="|mother|" pos="NN" wid="12">mother</w>
  <w id="13" lemma="|of|" pos="IN" wid="13">of</w>
  <w id="14" lemma="|good|" pos="JJ" wid="14">good</w>
  <w id="15" lemma="|counsel|" pos="NN" wid="15">counsel</w>
  <w id="16" lemma="|''|" pos="''" wid="16">''</w>
  <w id="17" lemma="|.|" pos="." wid="17">.</w>
</sentence>
<sentence id="47">
  <w id="0" lemma="|let|" pos="VB" wid="0">Let</w>
  <w id="1" lemma="|we|" pos="PRP" wid="1">us</w>
  <w id="2" lemma="|listen|" pos="VB" wid="2">listen</w>
  <w id="3" lemma="|to|" pos="TO" wid="3">to</w>
  <w id="4" lemma="|she|" pos="PRP$" wid="4">her</w>
  <w id="5" lemma="|word|" pos="NNS" wid="5">words</w>
  <w id="6" lemma="|:|" pos=":" wid="6">:</w>
  <w id="7" lemma="|``|" pos="``" wid="7">``</w>
  <w id="8" lemma="|do|" pos="VBP" wid="8">Do</w>
  <w id="9" lemma="|whatever|" pos="WDT" wid="9">whatever</w>
  <w id="10" lemma="|he|" pos="PRP" wid="10">he</w>
  <w id="11" lemma="|tell|" pos="VBZ" wid="11">tells</w>
  <w id="12" lemma="|you|" pos="PRP" wid="12">you</w>
  <w id="13" lemma="|''|" pos="''" wid="13">''</w>
  <w id="14" lemma="|-lrb-|" pos="-LRB-" wid="14">-LRB-</w>
  <w id="15" lemma="|cf|" pos="NN" wid="15">cf</w>
  <w id="16" lemma="|.|" pos="." wid="16">.</w>
</sentence>
<sentence id="48">
  <w id="0" lemma="|jn|" pos="FW" wid="0">Jn</w>
  <w id="1" lemma="|2:5|" pos="FW" wid="1">2:5</w>
  <w id="2" lemma="|-rrb-|" pos="-RRB-" wid="2">-RRB-</w>
  <w id="3" lemma="|.|" pos="." wid="3">.</w>
</sentence>
<sentence id="49">
  <w id="0" lemma="|Dear|" pos="NNP" wid="0">Dear</w>
  <w id="1" lemma="|family|" pos="NNS" wid="1">families</w>
  <w id="2" lemma="|,|" pos="," wid="2">,</w>
  <w id="3" lemma="|dear|" pos="RB" wid="3">dear</w>
  <w id="4" lemma="|parish|" pos="JJ" wid="4">parish</w>
  <w id="5" lemma="|community|" pos="NNS" wid="5">communities</w>
  <w id="6" lemma="|,|" pos="," wid="6">,</w>
  <w id="7" lemma="|let|" pos="VB" wid="7">let</w>
  <w id="8" lemma="|we|" pos="PRP" wid="8">us</w>
  <w id="9" lemma="|allow|" pos="VB" wid="9">allow</w>
  <w id="10" lemma="|ourselves|" pos="PRP" wid="10">ourselves</w>
  <w id="11" lemma="|to|" pos="TO" wid="11">to</w>
  <w id="12" lemma="|be|" pos="VB" wid="12">be</w>
  <w id="13" lemma="|inspire|" pos="VBN" wid="13">inspired</w>
  <w id="14" lemma="|by|" pos="IN" wid="14">by</w>
  <w id="15" lemma="|this|" pos="DT" wid="15">this</w>
  <w id="16" lemma="|Mother|" pos="NNP" wid="16">Mother</w>
  <w id="17" lemma="|,|" pos="," wid="17">,</w>
  <w id="18" lemma="|let|" pos="VB" wid="18">let</w>
  <w id="19" lemma="|we|" pos="PRP" wid="19">us</w>
  <w id="20" lemma="|do|" pos="VB" wid="20">do</w>
  <w id="21" lemma="|whatever|" pos="WDT" wid="21">whatever</w>
  <w id="22" lemma="|Jesus|" pos="NNP" wid="22">Jesus</w>
  <w id="23" lemma="|tell|" pos="VBZ" wid="23">tells</w>
  <w id="24" lemma="|we|" pos="PRP" wid="24">us</w>
  <w id="25" lemma="|and|" pos="CC" wid="25">and</w>
  <w id="26" lemma="|we|" pos="PRP" wid="26">we</w>
  <w id="27" lemma="|will|" pos="MD" wid="27">will</w>
  <w id="28" lemma="|find|" pos="VB" wid="28">find</w>
  <w id="29" lemma="|the|" pos="DT" wid="29">the</w>
  <w id="30" lemma="|source|" pos="NN" wid="30">source</w>
  <w id="31" lemma="|of|" pos="IN" wid="31">of</w>
  <w id="32" lemma="|all|" pos="DT" wid="32">all</w>
  <w id="33" lemma="|miracle|" pos="NNS" wid="33">miracles</w>
  <w id="34" lemma="|,|" pos="," wid="34">,</w>
  <w id="35" lemma="|of|" pos="IN" wid="35">of</w>
  <w id="36" lemma="|every|" pos="DT" wid="36">every</w>
  <w id="37" lemma="|day|" pos="NN" wid="37">day</w>
  <w id="38" lemma="|miracle|" pos="NNS" wid="38">miracles</w>
  <w id="39" lemma="|!|" pos="." wid="39">!</w>
</sentence>
<sentence id="50">
  <w id="0" lemma="|thank|" pos="VB" wid="0">Thank</w>
  <w id="1" lemma="|you|" pos="PRP" wid="1">you</w>
  <w id="2" lemma="|!|" pos="." wid="2">!</w>
</sentence>
<sentence id="51">
  <w id="0" lemma="|special|" pos="JJ" wid="0">Special</w>
  <w id="1" lemma="|greeting|" pos="NNS" wid="1">greetings</w>
  <w id="2" lemma="|:|" pos=":" wid="2">:</w>
  <w id="3" lemma="|I|" pos="PRP" wid="3">I</w>
  <w id="4" lemma="|greet|" pos="VBP" wid="4">greet</w>
  <w id="5" lemma="|the|" pos="DT" wid="5">the</w>
  <w id="6" lemma="|english-speaking|" pos="JJ" wid="6">English-speaking</w>
  <w id="7" lemma="|pilgrim|" pos="NNS" wid="7">pilgrims</w>
  <w id="8" lemma="|and|" pos="CC" wid="8">and</w>
  <w id="9" lemma="|visitor|" pos="NNS" wid="9">visitors</w>
  <w id="10" lemma="|take|" pos="VBG" wid="10">taking</w>
  <w id="11" lemma="|part|" pos="NN" wid="11">part</w>
  <w id="12" lemma="|in|" pos="IN" wid="12">in</w>
  <w id="13" lemma="|today|" pos="NN" wid="13">today</w>
  <w id="14" lemma="|'s|" pos="POS" wid="14">'s</w>
  <w id="15" lemma="|audience|" pos="NN" wid="15">Audience</w>
  <w id="16" lemma="|,|" pos="," wid="16">,</w>
  <w id="17" lemma="|include|" pos="VBG" wid="17">including</w>
  <w id="18" lemma="|those|" pos="DT" wid="18">those</w>
  <w id="19" lemma="|from|" pos="IN" wid="19">from</w>
  <w id="20" lemma="|England|" pos="NNP" wid="20">England</w>
  <w id="21" lemma="|,|" pos="," wid="21">,</w>
  <w id="22" lemma="|Ireland|" pos="NNP" wid="22">Ireland</w>
  <w id="23" lemma="|,|" pos="," wid="23">,</w>
  <w id="24" lemma="|Norway|" pos="NNP" wid="24">Norway</w>
  <w id="25" lemma="|,|" pos="," wid="25">,</w>
  <w id="26" lemma="|Sweden|" pos="NNP" wid="26">Sweden</w>
  <w id="27" lemma="|,|" pos="," wid="27">,</w>
  <w id="28" lemma="|South|" pos="NNP" wid="28">South</w>
  <w id="29" lemma="|Africa|" pos="NNP" wid="29">Africa</w>
  <w id="30" lemma="|,|" pos="," wid="30">,</w>
  <w id="31" lemma="|China|" pos="NNP" wid="31">China</w>
  <w id="32" lemma="|,|" pos="," wid="32">,</w>
  <w id="33" lemma="|the|" pos="DT" wid="33">the</w>
  <w id="34" lemma="|Philippines|" pos="NNPS" wid="34">Philippines</w>
  <w id="35" lemma="|,|" pos="," wid="35">,</w>
  <w id="36" lemma="|Singapore|" pos="NNP" wid="36">Singapore</w>
  <w id="37" lemma="|and|" pos="CC" wid="37">and</w>
  <w id="38" lemma="|the|" pos="DT" wid="38">the</w>
  <w id="39" lemma="|United|" pos="NNP" wid="39">United</w>
  <w id="40" lemma="|States|" pos="NNPS" wid="40">States</w>
  <w id="41" lemma="|of|" pos="IN" wid="41">of</w>
  <w id="42" lemma="|America|" pos="NNP" wid="42">America</w>
  <w id="43" lemma="|.|" pos="." wid="43">.</w>
</sentence>
<sentence id="52">
  <w id="0" lemma="|upon|" pos="IN" wid="0">Upon</w>
  <w id="1" lemma="|all|" pos="DT" wid="1">all</w>
  <w id="2" lemma="|of|" pos="IN" wid="2">of</w>
  <w id="3" lemma="|you|" pos="PRP" wid="3">you</w>
  <w id="4" lemma="|,|" pos="," wid="4">,</w>
  <w id="5" lemma="|and|" pos="CC" wid="5">and</w>
  <w id="6" lemma="|you|" pos="PRP$" wid="6">your</w>
  <w id="7" lemma="|family|" pos="NNS" wid="7">families</w>
  <w id="8" lemma="|,|" pos="," wid="8">,</w>
  <w id="9" lemma="|I|" pos="PRP" wid="9">I</w>
  <w id="10" lemma="|invoke|" pos="VBP" wid="10">invoke</w>
  <w id="11" lemma="|a|" pos="DT" wid="11">an</w>
  <w id="12" lemma="|abundance|" pos="NN" wid="12">abundance</w>
  <w id="13" lemma="|of|" pos="IN" wid="13">of</w>
  <w id="14" lemma="|joy|" pos="NN" wid="14">joy</w>
  <w id="15" lemma="|and|" pos="CC" wid="15">and</w>
  <w id="16" lemma="|peace|" pos="NN" wid="16">peace</w>
  <w id="17" lemma="|in|" pos="IN" wid="17">in</w>
  <w id="18" lemma="|the|" pos="DT" wid="18">the</w>
  <w id="19" lemma="|Lord|" pos="NNP" wid="19">Lord</w>
  <w id="20" lemma="|Jesus|" pos="NNP" wid="20">Jesus</w>
  <w id="21" lemma="|.|" pos="." wid="21">.</w>
</sentence>
<sentence id="53">
  <w id="0" lemma="|God|" pos="NNP" wid="0">God</w>
  <w id="1" lemma="|bless|" pos="VB" wid="1">bless</w>
  <w id="2" lemma="|you|" pos="PRP" wid="2">you</w>
  <w id="3" lemma="|all|" pos="DT" wid="3">all</w>
  <w id="4" lemma="|!|" pos="." wid="4">!</w>
</sentence>
<sentence id="54">
  <w id="0" lemma="|I|" pos="PRP" wid="0">I</w>
  <w id="1" lemma="|address|" pos="VBP" wid="1">address</w>
  <w id="2" lemma="|a|" pos="DT" wid="2">a</w>
  <w id="3" lemma="|special|" pos="JJ" wid="3">special</w>
  <w id="4" lemma="|thought|" pos="NN" wid="4">thought</w>
  <w id="5" lemma="|to|" pos="TO" wid="5">to</w>
  <w id="6" lemma="|young|" pos="JJ" wid="6">young</w>
  <w id="7" lemma="|people|" pos="NNS" wid="7">people</w>
  <w id="8" lemma="|,|" pos="," wid="8">,</w>
  <w id="9" lemma="|to|" pos="TO" wid="9">to</w>
  <w id="10" lemma="|the|" pos="DT" wid="10">the</w>
  <w id="11" lemma="|sick|" pos="JJ" wid="11">sick</w>
  <w id="12" lemma="|and|" pos="CC" wid="12">and</w>
  <w id="13" lemma="|to|" pos="TO" wid="13">to</w>
  <w id="14" lemma="|newlywed|" pos="NNS" wid="14">newlyweds</w>
  <w id="15" lemma="|.|" pos="." wid="15">.</w>
</sentence>
<sentence id="55">
  <w id="0" lemma="|today|" pos="NN" wid="0">Today</w>
  <w id="1" lemma="|we|" pos="PRP" wid="1">we</w>
  <w id="2" lemma="|be|" pos="VBP" wid="2">are</w>
  <w id="3" lemma="|celebrate|" pos="VBG" wid="3">celebrating</w>
  <w id="4" lemma="|the|" pos="DT" wid="4">the</w>
  <w id="5" lemma="|liturgical|" pos="JJ" wid="5">liturgical</w>
  <w id="6" lemma="|memory|" pos="NN" wid="6">memory</w>
  <w id="7" lemma="|of|" pos="IN" wid="7">of</w>
  <w id="8" lemma="|the|" pos="DT" wid="8">the</w>
  <w id="9" lemma="|Jesuit|" pos="NNP" wid="9">Jesuit</w>
  <w id="10" lemma="|St|" pos="NNP" wid="10">St</w>
  <w id="11" lemma="|Peter|" pos="NNP" wid="11">Peter</w>
  <w id="12" lemma="|Claver|" pos="NNP" wid="12">Claver</w>
  <w id="13" lemma="|,|" pos="," wid="13">,</w>
  <w id="14" lemma="|patron|" pos="NN" wid="14">Patron</w>
  <w id="15" lemma="|of|" pos="IN" wid="15">of</w>
  <w id="16" lemma="|mission|" pos="NNS" wid="16">missions</w>
  <w id="17" lemma="|in|" pos="IN" wid="17">in</w>
  <w id="18" lemma="|Africa|" pos="NNP" wid="18">Africa</w>
  <w id="19" lemma="|.|" pos="." wid="19">.</w>
</sentence>
<sentence id="56">
  <w id="0" lemma="|Dear|" pos="NNP" wid="0">Dear</w>
  <w id="1" lemma="|young|" pos="JJ" wid="1">young</w>
  <w id="2" lemma="|people|" pos="NNS" wid="2">people</w>
  <w id="3" lemma="|,|" pos="," wid="3">,</w>
  <w id="4" lemma="|may|" pos="MD" wid="4">may</w>
  <w id="5" lemma="|he|" pos="PRP$" wid="5">his</w>
  <w id="6" lemma="|inexhaustible|" pos="JJ" wid="6">inexhaustible</w>
  <w id="7" lemma="|service|" pos="NN" wid="7">service</w>
  <w id="8" lemma="|to|" pos="TO" wid="8">to</w>
  <w id="9" lemma="|the|" pos="DT" wid="9">the</w>
  <w id="10" lemma="|least|" pos="JJS" wid="10">least</w>
  <w id="11" lemma="|spur|" pos="VB" wid="11">spur</w>
  <w id="12" lemma="|you|" pos="PRP" wid="12">you</w>
  <w id="13" lemma="|to|" pos="TO" wid="13">to</w>
  <w id="14" lemma="|choice|" pos="NNS" wid="14">choices</w>
  <w id="15" lemma="|of|" pos="IN" wid="15">of</w>
  <w id="16" lemma="|solidarity|" pos="NN" wid="16">solidarity</w>
  <w id="17" lemma="|towards|" pos="IN" wid="17">towards</w>
  <w id="18" lemma="|the|" pos="DT" wid="18">the</w>
  <w id="19" lemma="|neediest|" pos="JJS" wid="19">neediest</w>
  <w id="20" lemma="|;|" pos=":" wid="20">;</w>
  <w id="21" lemma="|may|" pos="MD" wid="21">may</w>
  <w id="22" lemma="|he|" pos="PRP$" wid="22">his</w>
  <w id="23" lemma="|spiritual|" pos="JJ" wid="23">spiritual</w>
  <w id="24" lemma="|vigour|" pos="NN" wid="24">vigour</w>
  <w id="25" lemma="|help|" pos="NN" wid="25">help</w>
  <w id="26" lemma="|you|" pos="PRP" wid="26">you</w>
  <w id="27" lemma="|,|" pos="," wid="27">,</w>
  <w id="28" lemma="|dear|" pos="RB" wid="28">dear</w>
  <w id="29" lemma="|sick|" pos="JJ" wid="29">sick</w>
  <w id="30" lemma="|people|" pos="NNS" wid="30">people</w>
  <w id="31" lemma="|,|" pos="," wid="31">,</w>
  <w id="32" lemma="|to|" pos="TO" wid="32">to</w>
  <w id="33" lemma="|face|" pos="VB" wid="33">face</w>
  <w id="34" lemma="|you|" pos="PRP$" wid="34">your</w>
  <w id="35" lemma="|cross|" pos="NN" wid="35">cross</w>
  <w id="36" lemma="|with|" pos="IN" wid="36">with</w>
  <w id="37" lemma="|courage|" pos="NN" wid="37">courage</w>
  <w id="38" lemma="|;|" pos=":" wid="38">;</w>
  <w id="39" lemma="|may|" pos="MD" wid="39">may</w>
  <w id="40" lemma="|he|" pos="PRP$" wid="40">his</w>
  <w id="41" lemma="|love|" pos="NN" wid="41">love</w>
  <w id="42" lemma="|for|" pos="IN" wid="42">for</w>
  <w id="43" lemma="|Christ|" pos="NNP" wid="43">Christ</w>
  <w id="44" lemma="|be|" pos="VB" wid="44">be</w>
  <w id="45" lemma="|a|" pos="DT" wid="45">a</w>
  <w id="46" lemma="|model|" pos="NN" wid="46">model</w>
  <w id="47" lemma="|for|" pos="IN" wid="47">for</w>
  <w id="48" lemma="|you|" pos="PRP" wid="48">you</w>
  <w id="49" lemma="|,|" pos="," wid="49">,</w>
  <w id="50" lemma="|dear|" pos="RB" wid="50">dear</w>
  <w id="51" lemma="|newlywed|" pos="NNS" wid="51">newlyweds</w>
  <w id="52" lemma="|,|" pos="," wid="52">,</w>
  <w id="53" lemma="|that|" pos="WDT" wid="53">that</w>
  <w id="54" lemma="|love|" pos="VBP" wid="54">love</w>
  <w id="55" lemma="|may|" pos="MD" wid="55">may</w>
  <w id="56" lemma="|be|" pos="VB" wid="56">be</w>
  <w id="57" lemma="|the|" pos="DT" wid="57">the</w>
  <w id="58" lemma="|centre|" pos="NN" wid="58">centre</w>
  <w id="59" lemma="|of|" pos="IN" wid="59">of</w>
  <w id="60" lemma="|you|" pos="PRP$" wid="60">your</w>
  <w id="61" lemma="|new|" pos="JJ" wid="61">new</w>
  <w id="62" lemma="|family|" pos="NN" wid="62">family</w>
  <w id="63" lemma="|.|" pos="." wid="63">.</w>
</sentence>
</corpus>