<corpus id="0">
<sentence id="0">
  <w id="0" lemma="|Dear|" pos="NNP" wid="0">Dear</w>
  <w id="1" lemma="|Brothers|" pos="NNPS" wid="1">Brothers</w>
  <w id="2" lemma="|and|" pos="CC" wid="2">and</w>
  <w id="3" lemma="|sister|" pos="NNS" wid="3">Sisters</w>
  <w id="4" lemma="|,|" pos="," wid="4">,</w>
  <w id="5" lemma="|good|" pos="JJ" wid="5">Good</w>
  <w id="6" lemma="|morning|" pos="NN" wid="6">morning</w>
  <w id="7" lemma="|!|" pos="." wid="7">!</w>
</sentence>
<sentence id="1">
  <w id="0" lemma="|the|" pos="DT" wid="0">The</w>
  <w id="1" lemma="|page|" pos="NN" wid="1">page</w>
  <w id="2" lemma="|of|" pos="IN" wid="2">of</w>
  <w id="3" lemma="|Luke|" pos="NNP" wid="3">Luke</w>
  <w id="4" lemma="|'s|" pos="POS" wid="4">'s</w>
  <w id="5" lemma="|Gospel|" pos="NNP" wid="5">Gospel</w>
  <w id="6" lemma="|choose|" pos="VBN" wid="6">chosen</w>
  <w id="7" lemma="|for|" pos="IN" wid="7">for</w>
  <w id="8" lemma="|this|" pos="DT" wid="8">this</w>
  <w id="9" lemma="|Sunday|" pos="NNP" wid="9">Sunday</w>
  <w id="10" lemma="|show|" pos="VBZ" wid="10">shows</w>
  <w id="11" lemma="|we|" pos="PRP" wid="11">us</w>
  <w id="12" lemma="|Jesus|" pos="NNP" wid="12">Jesus</w>
  <w id="13" lemma="|who|" pos="WP" wid="13">who</w>
  <w id="14" lemma="|,|" pos="," wid="14">,</w>
  <w id="15" lemma="|on|" pos="IN" wid="15">on</w>
  <w id="16" lemma="|he|" pos="PRP$" wid="16">his</w>
  <w id="17" lemma="|way|" pos="NN" wid="17">way</w>
  <w id="18" lemma="|to|" pos="TO" wid="18">to</w>
  <w id="19" lemma="|Jerusalem|" pos="NNP" wid="19">Jerusalem</w>
  <w id="20" lemma="|,|" pos="," wid="20">,</w>
  <w id="21" lemma="|enter|" pos="VBZ" wid="21">enters</w>
  <w id="22" lemma="|the|" pos="DT" wid="22">the</w>
  <w id="23" lemma="|city|" pos="NN" wid="23">city</w>
  <w id="24" lemma="|of|" pos="IN" wid="24">of</w>
  <w id="25" lemma="|Jericho|" pos="NNP" wid="25">Jericho</w>
  <w id="26" lemma="|.|" pos="." wid="26">.</w>
</sentence>
<sentence id="2">
  <w id="0" lemma="|this|" pos="DT" wid="0">This</w>
  <w id="1" lemma="|be|" pos="VBZ" wid="1">is</w>
  <w id="2" lemma="|the|" pos="DT" wid="2">the</w>
  <w id="3" lemma="|final|" pos="JJ" wid="3">final</w>
  <w id="4" lemma="|stage|" pos="NN" wid="4">stage</w>
  <w id="5" lemma="|of|" pos="IN" wid="5">of</w>
  <w id="6" lemma="|a|" pos="DT" wid="6">a</w>
  <w id="7" lemma="|journey|" pos="NN" wid="7">journey</w>
  <w id="8" lemma="|that|" pos="WDT" wid="8">that</w>
  <w id="9" lemma="|sum|" pos="VBZ" wid="9">sums</w>
  <w id="10" lemma="|up|" pos="RP" wid="10">up</w>
  <w id="11" lemma="|the|" pos="DT" wid="11">the</w>
  <w id="12" lemma="|meaning|" pos="NN" wid="12">meaning</w>
  <w id="13" lemma="|of|" pos="IN" wid="13">of</w>
  <w id="14" lemma="|the|" pos="DT" wid="14">the</w>
  <w id="15" lemma="|whole|" pos="NN" wid="15">whole</w>
  <w id="16" lemma="|of|" pos="IN" wid="16">of</w>
  <w id="17" lemma="|Jesus|" pos="NNP" wid="17">Jesus</w>
  <w id="18" lemma="|'|" pos="POS" wid="18">'</w>
  <w id="19" lemma="|life|" pos="NN" wid="19">life</w>
  <w id="20" lemma="|,|" pos="," wid="20">,</w>
  <w id="21" lemma="|which|" pos="WDT" wid="21">which</w>
  <w id="22" lemma="|be|" pos="VBD" wid="22">was</w>
  <w id="23" lemma="|dedicate|" pos="VBN" wid="23">dedicated</w>
  <w id="24" lemma="|to|" pos="TO" wid="24">to</w>
  <w id="25" lemma="|search|" pos="VBG" wid="25">searching</w>
  <w id="26" lemma="|and|" pos="CC" wid="26">and</w>
  <w id="27" lemma="|save|" pos="VBG" wid="27">saving</w>
  <w id="28" lemma="|the|" pos="DT" wid="28">the</w>
  <w id="29" lemma="|lost|" pos="JJ" wid="29">lost</w>
  <w id="30" lemma="|sheep|" pos="NN" wid="30">sheep</w>
  <w id="31" lemma="|of|" pos="IN" wid="31">of</w>
  <w id="32" lemma="|the|" pos="DT" wid="32">the</w>
  <w id="33" lemma="|house|" pos="NN" wid="33">house</w>
  <w id="34" lemma="|of|" pos="IN" wid="34">of</w>
  <w id="35" lemma="|Israel|" pos="NNP" wid="35">Israel</w>
  <w id="36" lemma="|.|" pos="." wid="36">.</w>
</sentence>
<sentence id="3">
  <w id="0" lemma="|but|" pos="CC" wid="0">But</w>
  <w id="1" lemma="|the|" pos="DT" wid="1">the</w>
  <w id="2" lemma="|more|" pos="JJR" wid="2">more</w>
  <w id="3" lemma="|the|" pos="DT" wid="3">the</w>
  <w id="4" lemma="|journey|" pos="NN" wid="4">journey</w>
  <w id="5" lemma="|come|" pos="VBZ" wid="5">comes</w>
  <w id="6" lemma="|to|" pos="TO" wid="6">to</w>
  <w id="7" lemma="|a|" pos="DT" wid="7">a</w>
  <w id="8" lemma="|close|" pos="NN" wid="8">close</w>
  <w id="9" lemma="|,|" pos="," wid="9">,</w>
  <w id="10" lemma="|the|" pos="DT" wid="10">the</w>
  <w id="11" lemma="|more|" pos="JJR" wid="11">more</w>
  <w id="12" lemma="|hostility|" pos="NN" wid="12">hostility</w>
  <w id="13" lemma="|envelop|" pos="VBZ" wid="13">envelops</w>
  <w id="14" lemma="|Jesus|" pos="NNP" wid="14">Jesus</w>
  <w id="15" lemma="|.|" pos="." wid="15">.</w>
</sentence>
<sentence id="4">
  <w id="0" lemma="|yet|" pos="RB" wid="0">Yet</w>
  <w id="1" lemma="|one|" pos="CD" wid="1">one</w>
  <w id="2" lemma="|of|" pos="IN" wid="2">of</w>
  <w id="3" lemma="|the|" pos="DT" wid="3">the</w>
  <w id="4" lemma="|most|" pos="RBS" wid="4">most</w>
  <w id="5" lemma="|joyful|" pos="JJ" wid="5">joyful</w>
  <w id="6" lemma="|event|" pos="NNS" wid="6">events</w>
  <w id="7" lemma="|recount|" pos="VBN" wid="7">recounted</w>
  <w id="8" lemma="|by|" pos="IN" wid="8">by</w>
  <w id="9" lemma="|St|" pos="NNP" wid="9">St</w>
  <w id="10" lemma="|Luke|" pos="NNP" wid="10">Luke</w>
  <w id="11" lemma="|happen|" pos="VBZ" wid="11">happens</w>
  <w id="12" lemma="|in|" pos="IN" wid="12">in</w>
  <w id="13" lemma="|Jericho|" pos="NNP" wid="13">Jericho</w>
  <w id="14" lemma="|:|" pos=":" wid="14">:</w>
  <w id="15" lemma="|the|" pos="DT" wid="15">the</w>
  <w id="16" lemma="|conversion|" pos="NN" wid="16">conversion</w>
  <w id="17" lemma="|of|" pos="IN" wid="17">of</w>
  <w id="18" lemma="|Zacchaeus|" pos="NNP" wid="18">Zacchaeus</w>
  <w id="19" lemma="|.|" pos="." wid="19">.</w>
</sentence>
<sentence id="5">
  <w id="0" lemma="|this|" pos="DT" wid="0">This</w>
  <w id="1" lemma="|man|" pos="NN" wid="1">man</w>
  <w id="2" lemma="|be|" pos="VBZ" wid="2">is</w>
  <w id="3" lemma="|a|" pos="DT" wid="3">a</w>
  <w id="4" lemma="|lost|" pos="JJ" wid="4">lost</w>
  <w id="5" lemma="|sheep|" pos="NN" wid="5">sheep</w>
  <w id="6" lemma="|,|" pos="," wid="6">,</w>
  <w id="7" lemma="|he|" pos="PRP" wid="7">he</w>
  <w id="8" lemma="|be|" pos="VBZ" wid="8">is</w>
  <w id="9" lemma="|despise|" pos="VBN" wid="9">despised</w>
  <w id="10" lemma="|and|" pos="CC" wid="10">and</w>
  <w id="11" lemma="|``|" pos="``" wid="11">``</w>
  <w id="12" lemma="|excommunicate|" pos="VBN" wid="12">excommunicated</w>
  <w id="13" lemma="|''|" pos="''" wid="13">''</w>
  <w id="14" lemma="|because|" pos="IN" wid="14">because</w>
  <w id="15" lemma="|he|" pos="PRP" wid="15">he</w>
  <w id="16" lemma="|be|" pos="VBZ" wid="16">is</w>
  <w id="17" lemma="|a|" pos="DT" wid="17">a</w>
  <w id="18" lemma="|tax|" pos="NN" wid="18">tax</w>
  <w id="19" lemma="|collector|" pos="NN" wid="19">collector</w>
  <w id="20" lemma="|,|" pos="," wid="20">,</w>
  <w id="21" lemma="|indeed|" pos="RB" wid="21">indeed</w>
  <w id="22" lemma="|he|" pos="PRP" wid="22">he</w>
  <w id="23" lemma="|be|" pos="VBZ" wid="23">is</w>
  <w id="24" lemma="|the|" pos="DT" wid="24">the</w>
  <w id="25" lemma="|head|" pos="NN" wid="25">head</w>
  <w id="26" lemma="|of|" pos="IN" wid="26">of</w>
  <w id="27" lemma="|the|" pos="DT" wid="27">the</w>
  <w id="28" lemma="|tax|" pos="NN" wid="28">tax</w>
  <w id="29" lemma="|collector|" pos="NNS" wid="29">collectors</w>
  <w id="30" lemma="|of|" pos="IN" wid="30">of</w>
  <w id="31" lemma="|the|" pos="DT" wid="31">the</w>
  <w id="32" lemma="|city|" pos="NN" wid="32">city</w>
  <w id="33" lemma="|,|" pos="," wid="33">,</w>
  <w id="34" lemma="|a|" pos="DT" wid="34">a</w>
  <w id="35" lemma="|friend|" pos="NN" wid="35">friend</w>
  <w id="36" lemma="|of|" pos="IN" wid="36">of</w>
  <w id="37" lemma="|the|" pos="DT" wid="37">the</w>
  <w id="38" lemma="|hate|" pos="VBN" wid="38">hated</w>
  <w id="39" lemma="|Roman|" pos="NNP" wid="39">Roman</w>
  <w id="40" lemma="|occupant|" pos="NNS" wid="40">occupants</w>
  <w id="41" lemma="|;|" pos=":" wid="41">;</w>
  <w id="42" lemma="|he|" pos="PRP" wid="42">he</w>
  <w id="43" lemma="|be|" pos="VBZ" wid="43">is</w>
  <w id="44" lemma="|a|" pos="DT" wid="44">a</w>
  <w id="45" lemma="|thief|" pos="NN" wid="45">thief</w>
  <w id="46" lemma="|and|" pos="CC" wid="46">and</w>
  <w id="47" lemma="|a|" pos="DT" wid="47">an</w>
  <w id="48" lemma="|exploiter|" pos="NN" wid="48">exploiter</w>
  <w id="49" lemma="|.|" pos="." wid="49">.</w>
</sentence>
<sentence id="6">
  <w id="0" lemma="|be|" pos="VBG" wid="0">Being</w>
  <w id="1" lemma="|short|" pos="JJ" wid="1">short</w>
  <w id="2" lemma="|in|" pos="IN" wid="2">in</w>
  <w id="3" lemma="|stature|" pos="NN" wid="3">stature</w>
  <w id="4" lemma="|and|" pos="CC" wid="4">and</w>
  <w id="5" lemma="|prevent|" pos="VBD" wid="5">prevented</w>
  <w id="6" lemma="|from|" pos="IN" wid="6">from</w>
  <w id="7" lemma="|approach|" pos="VBG" wid="7">approaching</w>
  <w id="8" lemma="|Jesus|" pos="NNP" wid="8">Jesus</w>
  <w id="9" lemma="|,|" pos="," wid="9">,</w>
  <w id="10" lemma="|most|" pos="RBS" wid="10">most</w>
  <w id="11" lemma="|likely|" pos="RB" wid="11">likely</w>
  <w id="12" lemma="|because|" pos="IN" wid="12">because</w>
  <w id="13" lemma="|of|" pos="IN" wid="13">of</w>
  <w id="14" lemma="|he|" pos="PRP$" wid="14">his</w>
  <w id="15" lemma="|bad|" pos="JJ" wid="15">bad</w>
  <w id="16" lemma="|reputation|" pos="NN" wid="16">reputation</w>
  <w id="17" lemma="|,|" pos="," wid="17">,</w>
  <w id="18" lemma="|Zacchaeus|" pos="NNP" wid="18">Zacchaeus</w>
  <w id="19" lemma="|climb|" pos="VBZ" wid="19">climbs</w>
  <w id="20" lemma="|a|" pos="DT" wid="20">a</w>
  <w id="21" lemma="|tree|" pos="NN" wid="21">tree</w>
  <w id="22" lemma="|to|" pos="TO" wid="22">to</w>
  <w id="23" lemma="|be|" pos="VB" wid="23">be</w>
  <w id="24" lemma="|able|" pos="JJ" wid="24">able</w>
  <w id="25" lemma="|to|" pos="TO" wid="25">to</w>
  <w id="26" lemma="|see|" pos="VB" wid="26">see</w>
  <w id="27" lemma="|the|" pos="DT" wid="27">the</w>
  <w id="28" lemma="|teacher|" pos="NN" wid="28">Teacher</w>
  <w id="29" lemma="|who|" pos="WP" wid="29">who</w>
  <w id="30" lemma="|be|" pos="VBZ" wid="30">is</w>
  <w id="31" lemma="|pass|" pos="VBG" wid="31">passing</w>
  <w id="32" lemma="|by|" pos="IN" wid="32">by</w>
  <w id="33" lemma="|.|" pos="." wid="33">.</w>
</sentence>
<sentence id="7">
  <w id="0" lemma="|this|" pos="DT" wid="0">This</w>
  <w id="1" lemma="|exterior|" pos="NN" wid="1">exterior</w>
  <w id="2" lemma="|action|" pos="NN" wid="2">action</w>
  <w id="3" lemma="|,|" pos="," wid="3">,</w>
  <w id="4" lemma="|which|" pos="WDT" wid="4">which</w>
  <w id="5" lemma="|be|" pos="VBZ" wid="5">is</w>
  <w id="6" lemma="|a|" pos="DT" wid="6">a</w>
  <w id="7" lemma="|bit|" pos="RB" wid="7">bit</w>
  <w id="8" lemma="|ridiculous|" pos="JJ" wid="8">ridiculous</w>
  <w id="9" lemma="|,|" pos="," wid="9">,</w>
  <w id="10" lemma="|express|" pos="VBZ" wid="10">expresses</w>
  <w id="11" lemma="|the|" pos="DT" wid="11">the</w>
  <w id="12" lemma="|interior|" pos="JJ" wid="12">interior</w>
  <w id="13" lemma="|act|" pos="NN" wid="13">act</w>
  <w id="14" lemma="|of|" pos="IN" wid="14">of</w>
  <w id="15" lemma="|a|" pos="DT" wid="15">a</w>
  <w id="16" lemma="|man|" pos="NN" wid="16">man</w>
  <w id="17" lemma="|seek|" pos="VBG" wid="17">seeking</w>
  <w id="18" lemma="|to|" pos="TO" wid="18">to</w>
  <w id="19" lemma="|bring|" pos="VB" wid="19">bring</w>
  <w id="20" lemma="|himself|" pos="PRP" wid="20">himself</w>
  <w id="21" lemma="|above|" pos="IN" wid="21">above</w>
  <w id="22" lemma="|the|" pos="DT" wid="22">the</w>
  <w id="23" lemma="|crowd|" pos="NN" wid="23">crowd</w>
  <w id="24" lemma="|in|" pos="IN" wid="24">in</w>
  <w id="25" lemma="|order|" pos="NN" wid="25">order</w>
  <w id="26" lemma="|to|" pos="TO" wid="26">to</w>
  <w id="27" lemma="|be|" pos="VB" wid="27">be</w>
  <w id="28" lemma="|near|" pos="IN" wid="28">near</w>
  <w id="29" lemma="|Jesus|" pos="NNP" wid="29">Jesus</w>
  <w id="30" lemma="|.|" pos="." wid="30">.</w>
</sentence>
<sentence id="8">
  <w id="0" lemma="|Zacchaeus|" pos="NNP" wid="0">Zacchaeus</w>
  <w id="1" lemma="|himself|" pos="PRP" wid="1">himself</w>
  <w id="2" lemma="|do|" pos="VBZ" wid="2">does</w>
  <w id="3" lemma="|not|" pos="RB" wid="3">not</w>
  <w id="4" lemma="|realize|" pos="VB" wid="4">realize</w>
  <w id="5" lemma="|the|" pos="DT" wid="5">the</w>
  <w id="6" lemma="|deep|" pos="JJ" wid="6">deep</w>
  <w id="7" lemma="|meaning|" pos="NN" wid="7">meaning</w>
  <w id="8" lemma="|of|" pos="IN" wid="8">of</w>
  <w id="9" lemma="|he|" pos="PRP$" wid="9">his</w>
  <w id="10" lemma="|action|" pos="NN" wid="10">action</w>
  <w id="11" lemma="|;|" pos=":" wid="11">;</w>
  <w id="12" lemma="|he|" pos="PRP" wid="12">he</w>
  <w id="13" lemma="|do|" pos="VBZ" wid="13">does</w>
  <w id="14" lemma="|not|" pos="RB" wid="14">n't</w>
  <w id="15" lemma="|understand|" pos="VB" wid="15">understand</w>
  <w id="16" lemma="|why|" pos="WRB" wid="16">why</w>
  <w id="17" lemma="|he|" pos="PRP" wid="17">he</w>
  <w id="18" lemma="|do|" pos="VBZ" wid="18">does</w>
  <w id="19" lemma="|it|" pos="PRP" wid="19">it</w>
  <w id="20" lemma="|,|" pos="," wid="20">,</w>
  <w id="21" lemma="|but|" pos="CC" wid="21">but</w>
  <w id="22" lemma="|he|" pos="PRP" wid="22">he</w>
  <w id="23" lemma="|do|" pos="VBZ" wid="23">does</w>
  <w id="24" lemma="|.|" pos="." wid="24">.</w>
</sentence>
<sentence id="9">
  <w id="0" lemma="|nor|" pos="CC" wid="0">Nor</w>
  <w id="1" lemma="|do|" pos="VBZ" wid="1">does</w>
  <w id="2" lemma="|he|" pos="PRP" wid="2">he</w>
  <w id="3" lemma="|dare|" pos="VB" wid="3">dare</w>
  <w id="4" lemma="|to|" pos="TO" wid="4">to</w>
  <w id="5" lemma="|hope|" pos="VB" wid="5">hope</w>
  <w id="6" lemma="|that|" pos="IN" wid="6">that</w>
  <w id="7" lemma="|the|" pos="DT" wid="7">the</w>
  <w id="8" lemma="|distance|" pos="NN" wid="8">distance</w>
  <w id="9" lemma="|which|" pos="WDT" wid="9">which</w>
  <w id="10" lemma="|separate|" pos="VBZ" wid="10">separates</w>
  <w id="11" lemma="|he|" pos="PRP" wid="11">him</w>
  <w id="12" lemma="|from|" pos="IN" wid="12">from</w>
  <w id="13" lemma="|the|" pos="DT" wid="13">the</w>
  <w id="14" lemma="|Lord|" pos="NNP" wid="14">Lord</w>
  <w id="15" lemma="|may|" pos="MD" wid="15">may</w>
  <w id="16" lemma="|be|" pos="VB" wid="16">be</w>
  <w id="17" lemma="|overcome|" pos="VBN" wid="17">overcome</w>
  <w id="18" lemma="|;|" pos=":" wid="18">;</w>
  <w id="19" lemma="|he|" pos="PRP" wid="19">he</w>
  <w id="20" lemma="|resign|" pos="VBZ" wid="20">resigns</w>
  <w id="21" lemma="|himself|" pos="PRP" wid="21">himself</w>
  <w id="22" lemma="|to|" pos="TO" wid="22">to</w>
  <w id="23" lemma="|see|" pos="VBG" wid="23">seeing</w>
  <w id="24" lemma="|he|" pos="PRP" wid="24">him</w>
  <w id="25" lemma="|only|" pos="RB" wid="25">only</w>
  <w id="26" lemma="|as|" pos="IN" wid="26">as</w>
  <w id="27" lemma="|he|" pos="PRP" wid="27">he</w>
  <w id="28" lemma="|pass|" pos="VBZ" wid="28">passes</w>
  <w id="29" lemma="|by|" pos="IN" wid="29">by</w>
  <w id="30" lemma="|.|" pos="." wid="30">.</w>
</sentence>
<sentence id="10">
  <w id="0" lemma="|but|" pos="CC" wid="0">But</w>
  <w id="1" lemma="|when|" pos="WRB" wid="1">when</w>
  <w id="2" lemma="|Jesus|" pos="NNP" wid="2">Jesus</w>
  <w id="3" lemma="|come|" pos="VBZ" wid="3">comes</w>
  <w id="4" lemma="|close|" pos="RB" wid="4">close</w>
  <w id="5" lemma="|to|" pos="TO" wid="5">to</w>
  <w id="6" lemma="|the|" pos="DT" wid="6">the</w>
  <w id="7" lemma="|tree|" pos="NN" wid="7">tree</w>
  <w id="8" lemma="|he|" pos="PRP" wid="8">he</w>
  <w id="9" lemma="|call|" pos="VBZ" wid="9">calls</w>
  <w id="10" lemma="|he|" pos="PRP" wid="10">him</w>
  <w id="11" lemma="|by|" pos="IN" wid="11">by</w>
  <w id="12" lemma="|name|" pos="NN" wid="12">name</w>
  <w id="13" lemma="|:|" pos=":" wid="13">:</w>
  <w id="14" lemma="|``|" pos="``" wid="14">``</w>
  <w id="15" lemma="|Zacchaeus|" pos="NNP" wid="15">Zacchaeus</w>
  <w id="16" lemma="|,|" pos="," wid="16">,</w>
  <w id="17" lemma="|make|" pos="VBP" wid="17">make</w>
  <w id="18" lemma="|haste|" pos="NN" wid="18">haste</w>
  <w id="19" lemma="|and|" pos="CC" wid="19">and</w>
  <w id="20" lemma="|come|" pos="VB" wid="20">come</w>
  <w id="21" lemma="|down|" pos="RP" wid="21">down</w>
  <w id="22" lemma="|;|" pos=":" wid="22">;</w>
  <w id="23" lemma="|for|" pos="IN" wid="23">for</w>
  <w id="24" lemma="|I|" pos="PRP" wid="24">I</w>
  <w id="25" lemma="|must|" pos="MD" wid="25">must</w>
  <w id="26" lemma="|stay|" pos="VB" wid="26">stay</w>
  <w id="27" lemma="|at|" pos="IN" wid="27">at</w>
  <w id="28" lemma="|you|" pos="PRP$" wid="28">your</w>
  <w id="29" lemma="|house|" pos="NN" wid="29">house</w>
  <w id="30" lemma="|today|" pos="NN" wid="30">today</w>
  <w id="31" lemma="|''|" pos="''" wid="31">''</w>
  <w id="32" lemma="|-lrb-|" pos="-LRB-" wid="32">-LRB-</w>
  <w id="33" lemma="|lk|" pos="NN" wid="33">Lk</w>
  <w id="34" lemma="|19:5|" pos="CD" wid="34">19:5</w>
  <w id="35" lemma="|-rrb-|" pos="-RRB-" wid="35">-RRB-</w>
  <w id="36" lemma="|.|" pos="." wid="36">.</w>
</sentence>
<sentence id="11">
  <w id="0" lemma="|the|" pos="DT" wid="0">The</w>
  <w id="1" lemma="|man|" pos="NN" wid="1">man</w>
  <w id="2" lemma="|of|" pos="IN" wid="2">of</w>
  <w id="3" lemma="|small|" pos="JJ" wid="3">small</w>
  <w id="4" lemma="|stature|" pos="NN" wid="4">stature</w>
  <w id="5" lemma="|,|" pos="," wid="5">,</w>
  <w id="6" lemma="|reject|" pos="VBN" wid="6">rejected</w>
  <w id="7" lemma="|by|" pos="IN" wid="7">by</w>
  <w id="8" lemma="|everyone|" pos="NN" wid="8">everyone</w>
  <w id="9" lemma="|and|" pos="CC" wid="9">and</w>
  <w id="10" lemma="|far|" pos="RB" wid="10">far</w>
  <w id="11" lemma="|from|" pos="IN" wid="11">from</w>
  <w id="12" lemma="|Jesus|" pos="NNP" wid="12">Jesus</w>
  <w id="13" lemma="|,|" pos="," wid="13">,</w>
  <w id="14" lemma="|be|" pos="VBZ" wid="14">is</w>
  <w id="15" lemma="|lose|" pos="VBN" wid="15">lost</w>
  <w id="16" lemma="|in|" pos="IN" wid="16">in</w>
  <w id="17" lemma="|anonymity|" pos="NN" wid="17">anonymity</w>
  <w id="18" lemma="|;|" pos=":" wid="18">;</w>
  <w id="19" lemma="|but|" pos="CC" wid="19">but</w>
  <w id="20" lemma="|Jesus|" pos="NNP" wid="20">Jesus</w>
  <w id="21" lemma="|call|" pos="VBZ" wid="21">calls</w>
  <w id="22" lemma="|he|" pos="PRP" wid="22">him</w>
  <w id="23" lemma="|.|" pos="." wid="23">.</w>
</sentence>
<sentence id="12">
  <w id="0" lemma="|and|" pos="CC" wid="0">And</w>
  <w id="1" lemma="|the|" pos="DT" wid="1">the</w>
  <w id="2" lemma="|name|" pos="NN" wid="2">name</w>
  <w id="3" lemma="|``|" pos="``" wid="3">``</w>
  <w id="4" lemma="|Zacchaeus|" pos="NNP" wid="4">Zacchaeus</w>
  <w id="5" lemma="|''|" pos="''" wid="5">''</w>
  <w id="6" lemma="|in|" pos="IN" wid="6">in</w>
  <w id="7" lemma="|the|" pos="DT" wid="7">the</w>
  <w id="8" lemma="|language|" pos="NN" wid="8">language</w>
  <w id="9" lemma="|of|" pos="IN" wid="9">of</w>
  <w id="10" lemma="|the|" pos="DT" wid="10">the</w>
  <w id="11" lemma="|time|" pos="NN" wid="11">time</w>
  <w id="12" lemma="|have|" pos="VBZ" wid="12">has</w>
  <w id="13" lemma="|a|" pos="DT" wid="13">a</w>
  <w id="14" lemma="|beautiful|" pos="JJ" wid="14">beautiful</w>
  <w id="15" lemma="|meaning|" pos="NN" wid="15">meaning</w>
  <w id="16" lemma="|,|" pos="," wid="16">,</w>
  <w id="17" lemma="|full|" pos="JJ" wid="17">full</w>
  <w id="18" lemma="|of|" pos="IN" wid="18">of</w>
  <w id="19" lemma="|allusion|" pos="NN" wid="19">allusion</w>
  <w id="20" lemma="|.|" pos="." wid="20">.</w>
</sentence>
<sentence id="13">
  <w id="0" lemma="|``|" pos="``" wid="0">``</w>
  <w id="1" lemma="|Zacchaeus|" pos="NNP" wid="1">Zacchaeus</w>
  <w id="2" lemma="|''|" pos="''" wid="2">''</w>
  <w id="3" lemma="|in|" pos="IN" wid="3">in</w>
  <w id="4" lemma="|fact|" pos="NN" wid="4">fact</w>
  <w id="5" lemma="|,|" pos="," wid="5">,</w>
  <w id="6" lemma="|mean|" pos="VBZ" wid="6">means</w>
  <w id="7" lemma="|``|" pos="``" wid="7">``</w>
  <w id="8" lemma="|God|" pos="NNP" wid="8">God</w>
  <w id="9" lemma="|remember|" pos="VBZ" wid="9">remembers</w>
  <w id="10" lemma="|''|" pos="''" wid="10">''</w>
  <w id="11" lemma="|.|" pos="." wid="11">.</w>
</sentence>
<sentence id="14">
  <w id="0" lemma="|so|" pos="RB" wid="0">So</w>
  <w id="1" lemma="|Jesus|" pos="NNP" wid="1">Jesus</w>
  <w id="2" lemma="|go|" pos="VBZ" wid="2">goes</w>
  <w id="3" lemma="|to|" pos="TO" wid="3">to</w>
  <w id="4" lemma="|Zacchaeus|" pos="NNP" wid="4">Zacchaeus</w>
  <w id="5" lemma="|'|" pos="POS" wid="5">'</w>
  <w id="6" lemma="|house|" pos="NN" wid="6">house</w>
  <w id="7" lemma="|,|" pos="," wid="7">,</w>
  <w id="8" lemma="|draw|" pos="VBG" wid="8">drawing</w>
  <w id="9" lemma="|criticism|" pos="NN" wid="9">criticism</w>
  <w id="10" lemma="|from|" pos="IN" wid="10">from</w>
  <w id="11" lemma="|all|" pos="PDT" wid="11">all</w>
  <w id="12" lemma="|the|" pos="DT" wid="12">the</w>
  <w id="13" lemma="|people|" pos="NNS" wid="13">people</w>
  <w id="14" lemma="|of|" pos="IN" wid="14">of</w>
  <w id="15" lemma="|Jericho|" pos="NNP" wid="15">Jericho</w>
  <w id="16" lemma="|-lrb-|" pos="-LRB-" wid="16">-LRB-</w>
  <w id="17" lemma="|even|" pos="RB" wid="17">even</w>
  <w id="18" lemma="|in|" pos="IN" wid="18">in</w>
  <w id="19" lemma="|those|" pos="DT" wid="19">those</w>
  <w id="20" lemma="|day|" pos="NNS" wid="20">days</w>
  <w id="21" lemma="|there|" pos="EX" wid="21">there</w>
  <w id="22" lemma="|be|" pos="VBD" wid="22">was</w>
  <w id="23" lemma="|a|" pos="DT" wid="23">a</w>
  <w id="24" lemma="|lot|" pos="NN" wid="24">lot</w>
  <w id="25" lemma="|of|" pos="IN" wid="25">of</w>
  <w id="26" lemma="|gossip|" pos="NN" wid="26">gossip</w>
  <w id="27" lemma="|!|" pos="." wid="27">!</w>
  <w id="28" lemma="|-rrb-|" pos="-RRB-" wid="28">-RRB-</w>
</sentence>
<sentence id="15">
  <w id="0" lemma="|,|" pos="," wid="0">,</w>
  <w id="1" lemma="|who|" pos="WP" wid="1">who</w>
  <w id="2" lemma="|say|" pos="VBD" wid="2">said</w>
  <w id="3" lemma="|:|" pos=":" wid="3">:</w>
  <w id="4" lemma="|how|" pos="WRB" wid="4">How</w>
  <w id="5" lemma="|can|" pos="MD" wid="5">can</w>
  <w id="6" lemma="|this|" pos="DT" wid="6">this</w>
  <w id="7" lemma="|be|" pos="VB" wid="7">be</w>
  <w id="8" lemma="|?|" pos="." wid="8">?</w>
</sentence>
<sentence id="16">
  <w id="0" lemma="|with|" pos="IN" wid="0">With</w>
  <w id="1" lemma="|all|" pos="PDT" wid="1">all</w>
  <w id="2" lemma="|the|" pos="DT" wid="2">the</w>
  <w id="3" lemma="|good|" pos="JJ" wid="3">good</w>
  <w id="4" lemma="|people|" pos="NNS" wid="4">people</w>
  <w id="5" lemma="|in|" pos="IN" wid="5">in</w>
  <w id="6" lemma="|the|" pos="DT" wid="6">the</w>
  <w id="7" lemma="|city|" pos="NN" wid="7">city</w>
  <w id="8" lemma="|,|" pos="," wid="8">,</w>
  <w id="9" lemma="|how|" pos="WRB" wid="9">how</w>
  <w id="10" lemma="|can|" pos="MD" wid="10">can</w>
  <w id="11" lemma="|he|" pos="PRP" wid="11">he</w>
  <w id="12" lemma="|go|" pos="VB" wid="12">go</w>
  <w id="13" lemma="|stay|" pos="NN" wid="13">stay</w>
  <w id="14" lemma="|with|" pos="IN" wid="14">with</w>
  <w id="15" lemma="|a|" pos="DT" wid="15">a</w>
  <w id="16" lemma="|tax|" pos="NN" wid="16">tax</w>
  <w id="17" lemma="|collector|" pos="NN" wid="17">collector</w>
  <w id="18" lemma="|?|" pos="." wid="18">?</w>
</sentence>
<sentence id="17">
  <w id="0" lemma="|yes|" pos="RB" wid="0">Yes</w>
  <w id="1" lemma="|,|" pos="," wid="1">,</w>
  <w id="2" lemma="|because|" pos="IN" wid="2">because</w>
  <w id="3" lemma="|he|" pos="PRP" wid="3">he</w>
  <w id="4" lemma="|be|" pos="VBD" wid="4">was</w>
  <w id="5" lemma="|lose|" pos="VBN" wid="5">lost</w>
  <w id="6" lemma="|.|" pos="." wid="6">.</w>
</sentence>
<sentence id="18">
  <w id="0" lemma="|Jesus|" pos="NNP" wid="0">Jesus</w>
  <w id="1" lemma="|say|" pos="VBD" wid="1">said</w>
  <w id="2" lemma="|:|" pos=":" wid="2">:</w>
  <w id="3" lemma="|``|" pos="``" wid="3">``</w>
  <w id="4" lemma="|today|" pos="NN" wid="4">Today</w>
  <w id="5" lemma="|salvation|" pos="NN" wid="5">salvation</w>
  <w id="6" lemma="|have|" pos="VBZ" wid="6">has</w>
  <w id="7" lemma="|come|" pos="VBN" wid="7">come</w>
  <w id="8" lemma="|to|" pos="TO" wid="8">to</w>
  <w id="9" lemma="|this|" pos="DT" wid="9">this</w>
  <w id="10" lemma="|house|" pos="NN" wid="10">house</w>
  <w id="11" lemma="|,|" pos="," wid="11">,</w>
  <w id="12" lemma="|since|" pos="IN" wid="12">since</w>
  <w id="13" lemma="|he|" pos="PRP" wid="13">he</w>
  <w id="14" lemma="|be|" pos="VBZ" wid="14">is</w>
  <w id="15" lemma="|also|" pos="RB" wid="15">also</w>
  <w id="16" lemma="|a|" pos="DT" wid="16">a</w>
  <w id="17" lemma="|son|" pos="NN" wid="17">son</w>
  <w id="18" lemma="|of|" pos="IN" wid="18">of</w>
  <w id="19" lemma="|Abraham|" pos="NNP" wid="19">Abraham</w>
  <w id="20" lemma="|''|" pos="''" wid="20">''</w>
  <w id="21" lemma="|-lrb-|" pos="-LRB-" wid="21">-LRB-</w>
  <w id="22" lemma="|lk|" pos="NN" wid="22">Lk</w>
  <w id="23" lemma="|19:9|" pos="CD" wid="23">19:9</w>
  <w id="24" lemma="|-rrb-|" pos="-RRB-" wid="24">-RRB-</w>
  <w id="25" lemma="|.|" pos="." wid="25">.</w>
</sentence>
<sentence id="19">
  <w id="0" lemma="|from|" pos="IN" wid="0">From</w>
  <w id="1" lemma="|that|" pos="DT" wid="1">that</w>
  <w id="2" lemma="|day|" pos="NN" wid="2">day</w>
  <w id="3" lemma="|forward|" pos="RB" wid="3">forward</w>
  <w id="4" lemma="|in|" pos="IN" wid="4">in</w>
  <w id="5" lemma="|Zacchaeus|" pos="NNP" wid="5">Zacchaeus</w>
  <w id="6" lemma="|'|" pos="POS" wid="6">'</w>
  <w id="7" lemma="|house|" pos="NN" wid="7">house</w>
  <w id="8" lemma="|joy|" pos="NN" wid="8">joy</w>
  <w id="9" lemma="|enter|" pos="VBD" wid="9">entered</w>
  <w id="10" lemma="|,|" pos="," wid="10">,</w>
  <w id="11" lemma="|peace|" pos="NN" wid="11">peace</w>
  <w id="12" lemma="|enter|" pos="VBD" wid="12">entered</w>
  <w id="13" lemma="|,|" pos="," wid="13">,</w>
  <w id="14" lemma="|salvation|" pos="NN" wid="14">salvation</w>
  <w id="15" lemma="|enter|" pos="VBD" wid="15">entered</w>
  <w id="16" lemma="|and|" pos="CC" wid="16">and</w>
  <w id="17" lemma="|Jesus|" pos="NNP" wid="17">Jesus</w>
  <w id="18" lemma="|enter|" pos="VBD" wid="18">entered</w>
  <w id="19" lemma="|.|" pos="." wid="19">.</w>
</sentence>
<sentence id="20">
  <w id="0" lemma="|there|" pos="EX" wid="0">There</w>
  <w id="1" lemma="|be|" pos="VBZ" wid="1">is</w>
  <w id="2" lemma="|no|" pos="DT" wid="2">no</w>
  <w id="3" lemma="|profession|" pos="NN" wid="3">profession</w>
  <w id="4" lemma="|or|" pos="CC" wid="4">or</w>
  <w id="5" lemma="|social|" pos="JJ" wid="5">social</w>
  <w id="6" lemma="|condition|" pos="NN" wid="6">condition</w>
  <w id="7" lemma="|,|" pos="," wid="7">,</w>
  <w id="8" lemma="|no|" pos="DT" wid="8">no</w>
  <w id="9" lemma="|sin|" pos="NN" wid="9">sin</w>
  <w id="10" lemma="|or|" pos="CC" wid="10">or</w>
  <w id="11" lemma="|crime|" pos="NN" wid="11">crime</w>
  <w id="12" lemma="|of|" pos="IN" wid="12">of</w>
  <w id="13" lemma="|any|" pos="DT" wid="13">any</w>
  <w id="14" lemma="|kind|" pos="NN" wid="14">kind</w>
  <w id="15" lemma="|that|" pos="WDT" wid="15">that</w>
  <w id="16" lemma="|can|" pos="MD" wid="16">can</w>
  <w id="17" lemma="|erase|" pos="VB" wid="17">erase</w>
  <w id="18" lemma="|from|" pos="IN" wid="18">from</w>
  <w id="19" lemma="|the|" pos="DT" wid="19">the</w>
  <w id="20" lemma="|memory|" pos="NN" wid="20">memory</w>
  <w id="21" lemma="|and|" pos="CC" wid="21">and</w>
  <w id="22" lemma="|the|" pos="DT" wid="22">the</w>
  <w id="23" lemma="|heart|" pos="NN" wid="23">heart</w>
  <w id="24" lemma="|of|" pos="IN" wid="24">of</w>
  <w id="25" lemma="|God|" pos="NNP" wid="25">God</w>
  <w id="26" lemma="|even|" pos="RB" wid="26">even</w>
  <w id="27" lemma="|one|" pos="CD" wid="27">one</w>
  <w id="28" lemma="|of|" pos="IN" wid="28">of</w>
  <w id="29" lemma="|he|" pos="PRP$" wid="29">his</w>
  <w id="30" lemma="|child|" pos="NNS" wid="30">children</w>
  <w id="31" lemma="|.|" pos="." wid="31">.</w>
</sentence>
<sentence id="21">
  <w id="0" lemma="|``|" pos="``" wid="0">``</w>
  <w id="1" lemma="|God|" pos="NNP" wid="1">God</w>
  <w id="2" lemma="|remember|" pos="VBZ" wid="2">remembers</w>
  <w id="3" lemma="|''|" pos="''" wid="3">''</w>
  <w id="4" lemma="|,|" pos="," wid="4">,</w>
  <w id="5" lemma="|always|" pos="RB" wid="5">always</w>
  <w id="6" lemma="|,|" pos="," wid="6">,</w>
  <w id="7" lemma="|he|" pos="PRP" wid="7">he</w>
  <w id="8" lemma="|never|" pos="RB" wid="8">never</w>
  <w id="9" lemma="|forget|" pos="VBZ" wid="9">forgets</w>
  <w id="10" lemma="|those|" pos="DT" wid="10">those</w>
  <w id="11" lemma="|who|" pos="WP" wid="11">who</w>
  <w id="12" lemma="|he|" pos="PRP" wid="12">he</w>
  <w id="13" lemma="|create|" pos="VBD" wid="13">created</w>
  <w id="14" lemma="|.|" pos="." wid="14">.</w>
</sentence>
<sentence id="22">
  <w id="0" lemma="|he|" pos="PRP" wid="0">He</w>
  <w id="1" lemma="|be|" pos="VBZ" wid="1">is</w>
  <w id="2" lemma="|the|" pos="DT" wid="2">the</w>
  <w id="3" lemma="|Father|" pos="NNP" wid="3">Father</w>
  <w id="4" lemma="|,|" pos="," wid="4">,</w>
  <w id="5" lemma="|who|" pos="WP" wid="5">who</w>
  <w id="6" lemma="|watchfully|" pos="RB" wid="6">watchfully</w>
  <w id="7" lemma="|and|" pos="CC" wid="7">and</w>
  <w id="8" lemma="|lovingly|" pos="RB" wid="8">lovingly</w>
  <w id="9" lemma="|wait|" pos="VBZ" wid="9">waits</w>
  <w id="10" lemma="|to|" pos="TO" wid="10">to</w>
  <w id="11" lemma="|see|" pos="VB" wid="11">see</w>
  <w id="12" lemma="|the|" pos="DT" wid="12">the</w>
  <w id="13" lemma="|desire|" pos="NN" wid="13">desire</w>
  <w id="14" lemma="|to|" pos="TO" wid="14">to</w>
  <w id="15" lemma="|return|" pos="VB" wid="15">return</w>
  <w id="16" lemma="|home|" pos="NN" wid="16">home</w>
  <w id="17" lemma="|be|" pos="VB" wid="17">be</w>
  <w id="18" lemma="|reborn|" pos="JJ" wid="18">reborn</w>
  <w id="19" lemma="|in|" pos="IN" wid="19">in</w>
  <w id="20" lemma="|the|" pos="DT" wid="20">the</w>
  <w id="21" lemma="|heart|" pos="NNS" wid="21">hearts</w>
  <w id="22" lemma="|of|" pos="IN" wid="22">of</w>
  <w id="23" lemma="|he|" pos="PRP$" wid="23">his</w>
  <w id="24" lemma="|child|" pos="NNS" wid="24">children</w>
  <w id="25" lemma="|.|" pos="." wid="25">.</w>
</sentence>
<sentence id="23">
  <w id="0" lemma="|and|" pos="CC" wid="0">And</w>
  <w id="1" lemma="|when|" pos="WRB" wid="1">when</w>
  <w id="2" lemma="|he|" pos="PRP" wid="2">he</w>
  <w id="3" lemma="|see|" pos="VBZ" wid="3">sees</w>
  <w id="4" lemma="|this|" pos="DT" wid="4">this</w>
  <w id="5" lemma="|desire|" pos="NN" wid="5">desire</w>
  <w id="6" lemma="|,|" pos="," wid="6">,</w>
  <w id="7" lemma="|even|" pos="RB" wid="7">even</w>
  <w id="8" lemma="|simply|" pos="RB" wid="8">simply</w>
  <w id="9" lemma="|hint|" pos="VBN" wid="9">hinted</w>
  <w id="10" lemma="|at|" pos="IN" wid="10">at</w>
  <w id="11" lemma="|and|" pos="CC" wid="11">and</w>
  <w id="12" lemma="|so|" pos="RB" wid="12">so</w>
  <w id="13" lemma="|often|" pos="RB" wid="13">often</w>
  <w id="14" lemma="|almost|" pos="RB" wid="14">almost</w>
  <w id="15" lemma="|unconsciously|" pos="RB" wid="15">unconsciously</w>
  <w id="16" lemma="|,|" pos="," wid="16">,</w>
  <w id="17" lemma="|immediately|" pos="RB" wid="17">immediately</w>
  <w id="18" lemma="|he|" pos="PRP" wid="18">he</w>
  <w id="19" lemma="|be|" pos="VBZ" wid="19">is</w>
  <w id="20" lemma="|there|" pos="RB" wid="20">there</w>
  <w id="21" lemma="|,|" pos="," wid="21">,</w>
  <w id="22" lemma="|and|" pos="CC" wid="22">and</w>
  <w id="23" lemma="|by|" pos="IN" wid="23">by</w>
  <w id="24" lemma="|he|" pos="PRP$" wid="24">his</w>
  <w id="25" lemma="|forgiveness|" pos="NN" wid="25">forgiveness</w>
  <w id="26" lemma="|he|" pos="PRP" wid="26">he</w>
  <w id="27" lemma="|lighten|" pos="VBZ" wid="27">lightens</w>
  <w id="28" lemma="|the|" pos="DT" wid="28">the</w>
  <w id="29" lemma="|path|" pos="NN" wid="29">path</w>
  <w id="30" lemma="|of|" pos="IN" wid="30">of</w>
  <w id="31" lemma="|conversion|" pos="NN" wid="31">conversion</w>
  <w id="32" lemma="|and|" pos="CC" wid="32">and</w>
  <w id="33" lemma="|return|" pos="NN" wid="33">return</w>
  <w id="34" lemma="|.|" pos="." wid="34">.</w>
</sentence>
<sentence id="24">
  <w id="0" lemma="|let|" pos="VB" wid="0">Let</w>
  <w id="1" lemma="|we|" pos="PRP" wid="1">us</w>
  <w id="2" lemma="|look|" pos="VB" wid="2">look</w>
  <w id="3" lemma="|at|" pos="IN" wid="3">at</w>
  <w id="4" lemma="|Zacchaeus|" pos="NNP" wid="4">Zacchaeus</w>
  <w id="5" lemma="|today|" pos="NN" wid="5">today</w>
  <w id="6" lemma="|in|" pos="IN" wid="6">in</w>
  <w id="7" lemma="|the|" pos="DT" wid="7">the</w>
  <w id="8" lemma="|tree|" pos="NN" wid="8">tree</w>
  <w id="9" lemma="|:|" pos=":" wid="9">:</w>
  <w id="10" lemma="|he|" pos="PRP$" wid="10">his</w>
  <w id="11" lemma="|be|" pos="VBZ" wid="11">is</w>
  <w id="12" lemma="|a|" pos="DT" wid="12">a</w>
  <w id="13" lemma="|ridiculous|" pos="JJ" wid="13">ridiculous</w>
  <w id="14" lemma="|act|" pos="NN" wid="14">act</w>
  <w id="15" lemma="|but|" pos="CC" wid="15">but</w>
  <w id="16" lemma="|it|" pos="PRP" wid="16">it</w>
  <w id="17" lemma="|be|" pos="VBZ" wid="17">is</w>
  <w id="18" lemma="|a|" pos="DT" wid="18">an</w>
  <w id="19" lemma="|act|" pos="NN" wid="19">act</w>
  <w id="20" lemma="|of|" pos="IN" wid="20">of</w>
  <w id="21" lemma="|salvation|" pos="NN" wid="21">salvation</w>
  <w id="22" lemma="|.|" pos="." wid="22">.</w>
</sentence>
<sentence id="25">
  <w id="0" lemma="|and|" pos="CC" wid="0">And</w>
  <w id="1" lemma="|I|" pos="PRP" wid="1">I</w>
  <w id="2" lemma="|say|" pos="VBP" wid="2">say</w>
  <w id="3" lemma="|to|" pos="TO" wid="3">to</w>
  <w id="4" lemma="|you|" pos="PRP" wid="4">you</w>
  <w id="5" lemma="|:|" pos=":" wid="5">:</w>
  <w id="6" lemma="|if|" pos="IN" wid="6">if</w>
  <w id="7" lemma="|you|" pos="PRP$" wid="7">your</w>
  <w id="8" lemma="|conscience|" pos="NN" wid="8">conscience</w>
  <w id="9" lemma="|be|" pos="VBZ" wid="9">is</w>
  <w id="10" lemma="|weigh|" pos="VBN" wid="10">weighed</w>
  <w id="11" lemma="|down|" pos="RP" wid="11">down</w>
  <w id="12" lemma="|,|" pos="," wid="12">,</w>
  <w id="13" lemma="|if|" pos="IN" wid="13">if</w>
  <w id="14" lemma="|you|" pos="PRP" wid="14">you</w>
  <w id="15" lemma="|be|" pos="VBP" wid="15">are</w>
  <w id="16" lemma="|ashamed|" pos="JJ" wid="16">ashamed</w>
  <w id="17" lemma="|of|" pos="IN" wid="17">of</w>
  <w id="18" lemma="|many|" pos="JJ" wid="18">many</w>
  <w id="19" lemma="|thing|" pos="NNS" wid="19">things</w>
  <w id="20" lemma="|that|" pos="IN" wid="20">that</w>
  <w id="21" lemma="|you|" pos="PRP" wid="21">you</w>
  <w id="22" lemma="|have|" pos="VBP" wid="22">have</w>
  <w id="23" lemma="|do|" pos="VBN" wid="23">done</w>
  <w id="24" lemma="|,|" pos="," wid="24">,</w>
  <w id="25" lemma="|stop|" pos="VB" wid="25">stop</w>
  <w id="26" lemma="|for|" pos="IN" wid="26">for</w>
  <w id="27" lemma="|a|" pos="DT" wid="27">a</w>
  <w id="28" lemma="|moment|" pos="NN" wid="28">moment</w>
  <w id="29" lemma="|,|" pos="," wid="29">,</w>
  <w id="30" lemma="|do|" pos="VBP" wid="30">do</w>
  <w id="31" lemma="|not|" pos="RB" wid="31">not</w>
  <w id="32" lemma="|be|" pos="VB" wid="32">be</w>
  <w id="33" lemma="|afraid|" pos="JJ" wid="33">afraid</w>
  <w id="34" lemma="|.|" pos="." wid="34">.</w>
</sentence>
<sentence id="26">
  <w id="0" lemma="|think|" pos="VB" wid="0">Think</w>
  <w id="1" lemma="|about|" pos="IN" wid="1">about</w>
  <w id="2" lemma="|the|" pos="DT" wid="2">the</w>
  <w id="3" lemma="|fact|" pos="NN" wid="3">fact</w>
  <w id="4" lemma="|that|" pos="IN" wid="4">that</w>
  <w id="5" lemma="|someone|" pos="NN" wid="5">someone</w>
  <w id="6" lemma="|be|" pos="VBZ" wid="6">is</w>
  <w id="7" lemma="|wait|" pos="VBG" wid="7">waiting</w>
  <w id="8" lemma="|for|" pos="IN" wid="8">for</w>
  <w id="9" lemma="|you|" pos="PRP" wid="9">you</w>
  <w id="10" lemma="|because|" pos="IN" wid="10">because</w>
  <w id="11" lemma="|he|" pos="PRP" wid="11">he</w>
  <w id="12" lemma="|have|" pos="VBZ" wid="12">has</w>
  <w id="13" lemma="|never|" pos="RB" wid="13">never</w>
  <w id="14" lemma="|cease|" pos="VBN" wid="14">ceased</w>
  <w id="15" lemma="|to|" pos="TO" wid="15">to</w>
  <w id="16" lemma="|remember|" pos="VB" wid="16">remember</w>
  <w id="17" lemma="|you|" pos="PRP" wid="17">you</w>
  <w id="18" lemma="|;|" pos=":" wid="18">;</w>
  <w id="19" lemma="|and|" pos="CC" wid="19">and</w>
  <w id="20" lemma="|this|" pos="DT" wid="20">this</w>
  <w id="21" lemma="|someone|" pos="NN" wid="21">someone</w>
  <w id="22" lemma="|be|" pos="VBZ" wid="22">is</w>
  <w id="23" lemma="|you|" pos="PRP$" wid="23">your</w>
  <w id="24" lemma="|Father|" pos="NNP" wid="24">Father</w>
  <w id="25" lemma="|,|" pos="," wid="25">,</w>
  <w id="26" lemma="|it|" pos="PRP" wid="26">it</w>
  <w id="27" lemma="|be|" pos="VBZ" wid="27">is</w>
  <w id="28" lemma="|God|" pos="NNP" wid="28">God</w>
  <w id="29" lemma="|who|" pos="WP" wid="29">who</w>
  <w id="30" lemma="|be|" pos="VBZ" wid="30">is</w>
  <w id="31" lemma="|wait|" pos="VBG" wid="31">waiting</w>
  <w id="32" lemma="|for|" pos="IN" wid="32">for</w>
  <w id="33" lemma="|you|" pos="PRP" wid="33">you</w>
  <w id="34" lemma="|!|" pos="." wid="34">!</w>
</sentence>
<sentence id="27">
  <w id="0" lemma="|climb|" pos="VB" wid="0">Climb</w>
  <w id="1" lemma="|up|" pos="RP" wid="1">up</w>
  <w id="2" lemma="|,|" pos="," wid="2">,</w>
  <w id="3" lemma="|as|" pos="IN" wid="3">as</w>
  <w id="4" lemma="|Zacchaeus|" pos="NNP" wid="4">Zacchaeus</w>
  <w id="5" lemma="|do|" pos="VBD" wid="5">did</w>
  <w id="6" lemma="|,|" pos="," wid="6">,</w>
  <w id="7" lemma="|climb|" pos="VB" wid="7">climb</w>
  <w id="8" lemma="|the|" pos="DT" wid="8">the</w>
  <w id="9" lemma="|tree|" pos="NN" wid="9">tree</w>
  <w id="10" lemma="|of|" pos="IN" wid="10">of</w>
  <w id="11" lemma="|desire|" pos="NN" wid="11">desire</w>
  <w id="12" lemma="|for|" pos="IN" wid="12">for</w>
  <w id="13" lemma="|forgiveness|" pos="NN" wid="13">forgiveness</w>
  <w id="14" lemma="|.|" pos="." wid="14">.</w>
</sentence>
<sentence id="28">
  <w id="0" lemma="|I|" pos="PRP" wid="0">I</w>
  <w id="1" lemma="|assure|" pos="VBP" wid="1">assure</w>
  <w id="2" lemma="|you|" pos="PRP" wid="2">you</w>
  <w id="3" lemma="|that|" pos="IN" wid="3">that</w>
  <w id="4" lemma="|you|" pos="PRP" wid="4">you</w>
  <w id="5" lemma="|will|" pos="MD" wid="5">will</w>
  <w id="6" lemma="|not|" pos="RB" wid="6">not</w>
  <w id="7" lemma="|be|" pos="VB" wid="7">be</w>
  <w id="8" lemma="|disappoint|" pos="VBN" wid="8">disappointed</w>
  <w id="9" lemma="|.|" pos="." wid="9">.</w>
</sentence>
<sentence id="29">
  <w id="0" lemma="|Jesus|" pos="NNP" wid="0">Jesus</w>
  <w id="1" lemma="|be|" pos="VBZ" wid="1">is</w>
  <w id="2" lemma="|merciful|" pos="JJ" wid="2">merciful</w>
  <w id="3" lemma="|and|" pos="CC" wid="3">and</w>
  <w id="4" lemma="|never|" pos="RB" wid="4">never</w>
  <w id="5" lemma="|grow|" pos="VBZ" wid="5">grows</w>
  <w id="6" lemma="|tired|" pos="JJ" wid="6">tired</w>
  <w id="7" lemma="|of|" pos="IN" wid="7">of</w>
  <w id="8" lemma="|forgive|" pos="VBG" wid="8">forgiving</w>
  <w id="9" lemma="|!|" pos="." wid="9">!</w>
</sentence>
<sentence id="30">
  <w id="0" lemma="|remember|" pos="VB" wid="0">Remember</w>
  <w id="1" lemma="|that|" pos="IN" wid="1">that</w>
  <w id="2" lemma="|this|" pos="DT" wid="2">this</w>
  <w id="3" lemma="|be|" pos="VBZ" wid="3">is</w>
  <w id="4" lemma="|the|" pos="DT" wid="4">the</w>
  <w id="5" lemma="|way|" pos="NN" wid="5">way</w>
  <w id="6" lemma="|Jesus|" pos="NNP" wid="6">Jesus</w>
  <w id="7" lemma="|be|" pos="VBZ" wid="7">is</w>
  <w id="8" lemma="|.|" pos="." wid="8">.</w>
</sentence>
<sentence id="31">
  <w id="0" lemma="|brothers|" pos="NN" wid="0">Brothers</w>
  <w id="1" lemma="|and|" pos="CC" wid="1">and</w>
  <w id="2" lemma="|sister|" pos="NNS" wid="2">sisters</w>
  <w id="3" lemma="|,|" pos="," wid="3">,</w>
  <w id="4" lemma="|let|" pos="VB" wid="4">let</w>
  <w id="5" lemma="|Jesus|" pos="NNP" wid="5">Jesus</w>
  <w id="6" lemma="|also|" pos="RB" wid="6">also</w>
  <w id="7" lemma="|call|" pos="VBP" wid="7">call</w>
  <w id="8" lemma="|we|" pos="PRP" wid="8">us</w>
  <w id="9" lemma="|by|" pos="IN" wid="9">by</w>
  <w id="10" lemma="|name|" pos="NN" wid="10">name</w>
  <w id="11" lemma="|!|" pos="." wid="11">!</w>
</sentence>
<sentence id="32">
  <w id="0" lemma="|in|" pos="IN" wid="0">In</w>
  <w id="1" lemma="|the|" pos="DT" wid="1">the</w>
  <w id="2" lemma="|depths|" pos="NNS" wid="2">depths</w>
  <w id="3" lemma="|of|" pos="IN" wid="3">of</w>
  <w id="4" lemma="|we|" pos="PRP$" wid="4">our</w>
  <w id="5" lemma="|heart|" pos="NNS" wid="5">hearts</w>
  <w id="6" lemma="|,|" pos="," wid="6">,</w>
  <w id="7" lemma="|let|" pos="VB" wid="7">let</w>
  <w id="8" lemma="|we|" pos="PRP" wid="8">us</w>
  <w id="9" lemma="|listen|" pos="VB" wid="9">listen</w>
  <w id="10" lemma="|to|" pos="TO" wid="10">to</w>
  <w id="11" lemma="|he|" pos="PRP$" wid="11">his</w>
  <w id="12" lemma="|voice|" pos="NN" wid="12">voice</w>
  <w id="13" lemma="|which|" pos="WDT" wid="13">which</w>
  <w id="14" lemma="|say|" pos="VBZ" wid="14">says</w>
  <w id="15" lemma="|:|" pos=":" wid="15">:</w>
  <w id="16" lemma="|``|" pos="``" wid="16">``</w>
  <w id="17" lemma="|today|" pos="NN" wid="17">Today</w>
  <w id="18" lemma="|I|" pos="PRP" wid="18">I</w>
  <w id="19" lemma="|must|" pos="MD" wid="19">must</w>
  <w id="20" lemma="|stop|" pos="VB" wid="20">stop</w>
  <w id="21" lemma="|at|" pos="IN" wid="21">at</w>
  <w id="22" lemma="|you|" pos="PRP$" wid="22">your</w>
  <w id="23" lemma="|house|" pos="NN" wid="23">house</w>
  <w id="24" lemma="|''|" pos="''" wid="24">''</w>
  <w id="25" lemma="|;|" pos=":" wid="25">;</w>
  <w id="26" lemma="|that|" pos="DT" wid="26">that</w>
  <w id="27" lemma="|be|" pos="VBZ" wid="27">is</w>
  <w id="28" lemma="|,|" pos="," wid="28">,</w>
  <w id="29" lemma="|in|" pos="IN" wid="29">in</w>
  <w id="30" lemma="|you|" pos="PRP$" wid="30">your</w>
  <w id="31" lemma="|heart|" pos="NN" wid="31">heart</w>
  <w id="32" lemma="|,|" pos="," wid="32">,</w>
  <w id="33" lemma="|in|" pos="IN" wid="33">in</w>
  <w id="34" lemma="|you|" pos="PRP$" wid="34">your</w>
  <w id="35" lemma="|life|" pos="NN" wid="35">life</w>
  <w id="36" lemma="|.|" pos="." wid="36">.</w>
</sentence>
<sentence id="33">
  <w id="0" lemma="|and|" pos="CC" wid="0">And</w>
  <w id="1" lemma="|let|" pos="VB" wid="1">let</w>
  <w id="2" lemma="|we|" pos="PRP" wid="2">us</w>
  <w id="3" lemma="|welcome|" pos="VB" wid="3">welcome</w>
  <w id="4" lemma="|he|" pos="PRP" wid="4">him</w>
  <w id="5" lemma="|with|" pos="IN" wid="5">with</w>
  <w id="6" lemma="|joy|" pos="NN" wid="6">joy</w>
  <w id="7" lemma="|.|" pos="." wid="7">.</w>
</sentence>
<sentence id="34">
  <w id="0" lemma="|he|" pos="PRP" wid="0">He</w>
  <w id="1" lemma="|can|" pos="MD" wid="1">can</w>
  <w id="2" lemma="|change|" pos="VB" wid="2">change</w>
  <w id="3" lemma="|we|" pos="PRP" wid="3">us</w>
  <w id="4" lemma="|,|" pos="," wid="4">,</w>
  <w id="5" lemma="|he|" pos="PRP" wid="5">he</w>
  <w id="6" lemma="|can|" pos="MD" wid="6">can</w>
  <w id="7" lemma="|transform|" pos="VB" wid="7">transform</w>
  <w id="8" lemma="|we|" pos="PRP$" wid="8">our</w>
  <w id="9" lemma="|stoney|" pos="NN" wid="9">stoney</w>
  <w id="10" lemma="|heart|" pos="NNS" wid="10">hearts</w>
  <w id="11" lemma="|into|" pos="IN" wid="11">into</w>
  <w id="12" lemma="|heart|" pos="NNS" wid="12">hearts</w>
  <w id="13" lemma="|of|" pos="IN" wid="13">of</w>
  <w id="14" lemma="|flesh|" pos="NN" wid="14">flesh</w>
  <w id="15" lemma="|,|" pos="," wid="15">,</w>
  <w id="16" lemma="|he|" pos="PRP" wid="16">he</w>
  <w id="17" lemma="|can|" pos="MD" wid="17">can</w>
  <w id="18" lemma="|free|" pos="VB" wid="18">free</w>
  <w id="19" lemma="|we|" pos="PRP" wid="19">us</w>
  <w id="20" lemma="|from|" pos="IN" wid="20">from</w>
  <w id="21" lemma="|selfishness|" pos="NN" wid="21">selfishness</w>
  <w id="22" lemma="|and|" pos="CC" wid="22">and</w>
  <w id="23" lemma="|make|" pos="VB" wid="23">make</w>
  <w id="24" lemma="|we|" pos="PRP$" wid="24">our</w>
  <w id="25" lemma="|life|" pos="NNS" wid="25">lives</w>
  <w id="26" lemma="|a|" pos="DT" wid="26">a</w>
  <w id="27" lemma="|gift|" pos="NN" wid="27">gift</w>
  <w id="28" lemma="|of|" pos="IN" wid="28">of</w>
  <w id="29" lemma="|love|" pos="NN" wid="29">love</w>
  <w id="30" lemma="|.|" pos="." wid="30">.</w>
</sentence>
<sentence id="35">
  <w id="0" lemma="|Jesus|" pos="NNP" wid="0">Jesus</w>
  <w id="1" lemma="|can|" pos="MD" wid="1">can</w>
  <w id="2" lemma="|do|" pos="VB" wid="2">do</w>
  <w id="3" lemma="|this|" pos="DT" wid="3">this</w>
  <w id="4" lemma="|;|" pos=":" wid="4">;</w>
  <w id="5" lemma="|let|" pos="VB" wid="5">let</w>
  <w id="6" lemma="|Jesus|" pos="NNP" wid="6">Jesus</w>
  <w id="7" lemma="|turn|" pos="VB" wid="7">turn</w>
  <w id="8" lemma="|he|" pos="PRP$" wid="8">his</w>
  <w id="9" lemma="|gaze|" pos="VBP" wid="9">gaze</w>
  <w id="10" lemma="|to|" pos="TO" wid="10">to</w>
  <w id="11" lemma="|you|" pos="PRP" wid="11">you</w>
  <w id="12" lemma="|!|" pos="." wid="12">!</w>
</sentence>
<sentence id="36">
  <w id="0" lemma="|after|" pos="IN" wid="0">After</w>
  <w id="1" lemma="|the|" pos="DT" wid="1">the</w>
  <w id="2" lemma="|Angelus|" pos="NNP" wid="2">Angelus</w>
  <w id="3" lemma="|:|" pos=":" wid="3">:</w>
  <w id="4" lemma="|Dear|" pos="NNP" wid="4">Dear</w>
  <w id="5" lemma="|brother|" pos="NNS" wid="5">brothers</w>
  <w id="6" lemma="|and|" pos="CC" wid="6">and</w>
  <w id="7" lemma="|sister|" pos="NNS" wid="7">sisters</w>
  <w id="8" lemma="|,|" pos="," wid="8">,</w>
  <w id="9" lemma="|I|" pos="PRP" wid="9">I</w>
  <w id="10" lemma="|greet|" pos="VBP" wid="10">greet</w>
  <w id="11" lemma="|with|" pos="IN" wid="11">with</w>
  <w id="12" lemma="|affection|" pos="NN" wid="12">affection</w>
  <w id="13" lemma="|all|" pos="PDT" wid="13">all</w>
  <w id="14" lemma="|the|" pos="DT" wid="14">the</w>
  <w id="15" lemma="|Romans|" pos="NNPS" wid="15">Romans</w>
  <w id="16" lemma="|and|" pos="CC" wid="16">and</w>
  <w id="17" lemma="|pilgrim|" pos="NNS" wid="17">pilgrims</w>
  <w id="18" lemma="|who|" pos="WP" wid="18">who</w>
  <w id="19" lemma="|be|" pos="VBP" wid="19">are</w>
  <w id="20" lemma="|present|" pos="JJ" wid="20">present</w>
  <w id="21" lemma="|,|" pos="," wid="21">,</w>
  <w id="22" lemma="|in|" pos="IN" wid="22">in</w>
  <w id="23" lemma="|particular|" pos="JJ" wid="23">particular</w>
  <w id="24" lemma="|family|" pos="NNS" wid="24">families</w>
  <w id="25" lemma="|,|" pos="," wid="25">,</w>
  <w id="26" lemma="|parish|" pos="NNS" wid="26">parishes</w>
  <w id="27" lemma="|,|" pos="," wid="27">,</w>
  <w id="28" lemma="|and|" pos="CC" wid="28">and</w>
  <w id="29" lemma="|the|" pos="DT" wid="29">the</w>
  <w id="30" lemma="|group|" pos="NNS" wid="30">groups</w>
  <w id="31" lemma="|from|" pos="IN" wid="31">from</w>
  <w id="32" lemma="|many|" pos="JJ" wid="32">many</w>
  <w id="33" lemma="|country|" pos="NNS" wid="33">countries</w>
  <w id="34" lemma="|all|" pos="DT" wid="34">all</w>
  <w id="35" lemma="|over|" pos="IN" wid="35">over</w>
  <w id="36" lemma="|the|" pos="DT" wid="36">the</w>
  <w id="37" lemma="|world|" pos="NN" wid="37">world</w>
  <w id="38" lemma="|.|" pos="." wid="38">.</w>
</sentence>
<sentence id="37">
  <w id="0" lemma="|I|" pos="PRP" wid="0">I</w>
  <w id="1" lemma="|wish|" pos="VBP" wid="1">wish</w>
  <w id="2" lemma="|everyone|" pos="NN" wid="2">everyone</w>
  <w id="3" lemma="|a|" pos="DT" wid="3">a</w>
  <w id="4" lemma="|good|" pos="JJ" wid="4">good</w>
  <w id="5" lemma="|Sunday|" pos="NNP" wid="5">Sunday</w>
  <w id="6" lemma="|and|" pos="CC" wid="6">and</w>
  <w id="7" lemma="|a|" pos="DT" wid="7">a</w>
  <w id="8" lemma="|good|" pos="JJ" wid="8">good</w>
  <w id="9" lemma="|lunch|" pos="NN" wid="9">lunch</w>
  <w id="10" lemma="|.|" pos="." wid="10">.</w>
</sentence>
<sentence id="38">
  <w id="0" lemma="|Goodbye|" pos="NNP" wid="0">Goodbye</w>
  <w id="1" lemma="|!|" pos="." wid="1">!</w>
</sentence>
</corpus>