<corpus id="0">
<sentence id="0">
  <w id="0" lemma="|Dear|" pos="NNP" wid="0">Dear</w>
  <w id="1" lemma="|Brothers|" pos="NNPS" wid="1">Brothers</w>
  <w id="2" lemma="|and|" pos="CC" wid="2">and</w>
  <w id="3" lemma="|sister|" pos="NNS" wid="3">Sisters</w>
  <w id="4" lemma="|,|" pos="," wid="4">,</w>
  <w id="5" lemma="|good|" pos="JJ" wid="5">Good</w>
  <w id="6" lemma="|morning|" pos="NN" wid="6">Morning</w>
  <w id="7" lemma="|,|" pos="," wid="7">,</w>
  <w id="8" lemma="|today|" pos="NN" wid="8">Today</w>
  <w id="9" lemma="|,|" pos="," wid="9">,</w>
  <w id="10" lemma="|1|" pos="CD" wid="10">1</w>
  <w id="11" lemma="|May|" pos="NNP" wid="11">May</w>
  <w id="12" lemma="|,|" pos="," wid="12">,</w>
  <w id="13" lemma="|we|" pos="PRP" wid="13">we</w>
  <w id="14" lemma="|celebrate|" pos="VBP" wid="14">celebrate</w>
  <w id="15" lemma="|St|" pos="NNP" wid="15">St</w>
  <w id="16" lemma="|Joseph|" pos="NNP" wid="16">Joseph</w>
  <w id="17" lemma="|the|" pos="DT" wid="17">the</w>
  <w id="18" lemma="|Worker|" pos="NNP" wid="18">Worker</w>
  <w id="19" lemma="|and|" pos="CC" wid="19">and</w>
  <w id="20" lemma="|begin|" pos="VB" wid="20">begin</w>
  <w id="21" lemma="|the|" pos="DT" wid="21">the</w>
  <w id="22" lemma="|month|" pos="NN" wid="22">month</w>
  <w id="23" lemma="|traditionally|" pos="RB" wid="23">traditionally</w>
  <w id="24" lemma="|dedicate|" pos="VBN" wid="24">dedicated</w>
  <w id="25" lemma="|to|" pos="TO" wid="25">to</w>
  <w id="26" lemma="|Our|" pos="NNP" wid="26">Our</w>
  <w id="27" lemma="|Lady|" pos="NNP" wid="27">Lady</w>
  <w id="28" lemma="|.|" pos="." wid="28">.</w>
</sentence>
<sentence id="1">
  <w id="0" lemma="|in|" pos="IN" wid="0">In</w>
  <w id="1" lemma="|we|" pos="PRP$" wid="1">our</w>
  <w id="2" lemma="|encounter|" pos="NN" wid="2">encounter</w>
  <w id="3" lemma="|this|" pos="DT" wid="3">this</w>
  <w id="4" lemma="|morning|" pos="NN" wid="4">morning</w>
  <w id="5" lemma="|,|" pos="," wid="5">,</w>
  <w id="6" lemma="|I|" pos="PRP" wid="6">I</w>
  <w id="7" lemma="|want|" pos="VBP" wid="7">want</w>
  <w id="8" lemma="|to|" pos="TO" wid="8">to</w>
  <w id="9" lemma="|focus|" pos="VB" wid="9">focus</w>
  <w id="10" lemma="|on|" pos="IN" wid="10">on</w>
  <w id="11" lemma="|these|" pos="DT" wid="11">these</w>
  <w id="12" lemma="|two|" pos="CD" wid="12">two</w>
  <w id="13" lemma="|figure|" pos="NNS" wid="13">figures</w>
  <w id="14" lemma="|,|" pos="," wid="14">,</w>
  <w id="15" lemma="|so|" pos="RB" wid="15">so</w>
  <w id="16" lemma="|important|" pos="JJ" wid="16">important</w>
  <w id="17" lemma="|in|" pos="IN" wid="17">in</w>
  <w id="18" lemma="|the|" pos="DT" wid="18">the</w>
  <w id="19" lemma="|life|" pos="NN" wid="19">life</w>
  <w id="20" lemma="|of|" pos="IN" wid="20">of</w>
  <w id="21" lemma="|Jesus|" pos="NNP" wid="21">Jesus</w>
  <w id="22" lemma="|,|" pos="," wid="22">,</w>
  <w id="23" lemma="|the|" pos="DT" wid="23">the</w>
  <w id="24" lemma="|Church|" pos="NNP" wid="24">Church</w>
  <w id="25" lemma="|and|" pos="CC" wid="25">and</w>
  <w id="26" lemma="|in|" pos="IN" wid="26">in</w>
  <w id="27" lemma="|we|" pos="PRP$" wid="27">our</w>
  <w id="28" lemma="|life|" pos="NNS" wid="28">lives</w>
  <w id="29" lemma="|,|" pos="," wid="29">,</w>
  <w id="30" lemma="|with|" pos="IN" wid="30">with</w>
  <w id="31" lemma="|two|" pos="CD" wid="31">two</w>
  <w id="32" lemma="|brief|" pos="JJ" wid="32">brief</w>
  <w id="33" lemma="|thought|" pos="NNS" wid="33">thoughts</w>
  <w id="34" lemma="|:|" pos=":" wid="34">:</w>
  <w id="35" lemma="|the|" pos="DT" wid="35">the</w>
  <w id="36" lemma="|first|" pos="JJ" wid="36">first</w>
  <w id="37" lemma="|on|" pos="IN" wid="37">on</w>
  <w id="38" lemma="|work|" pos="NN" wid="38">work</w>
  <w id="39" lemma="|,|" pos="," wid="39">,</w>
  <w id="40" lemma="|the|" pos="DT" wid="40">the</w>
  <w id="41" lemma="|second|" pos="JJ" wid="41">second</w>
  <w id="42" lemma="|on|" pos="IN" wid="42">on</w>
  <w id="43" lemma="|the|" pos="DT" wid="43">the</w>
  <w id="44" lemma="|contemplation|" pos="NN" wid="44">contemplation</w>
  <w id="45" lemma="|of|" pos="IN" wid="45">of</w>
  <w id="46" lemma="|Jesus|" pos="NNP" wid="46">Jesus</w>
  <w id="47" lemma="|.|" pos="." wid="47">.</w>
</sentence>
<sentence id="2">
  <w id="0" lemma="|1|" pos="CD" wid="0">1</w>
  <w id="1" lemma="|.|" pos="." wid="1">.</w>
</sentence>
<sentence id="3">
  <w id="0" lemma="|in|" pos="IN" wid="0">In</w>
  <w id="1" lemma="|the|" pos="DT" wid="1">the</w>
  <w id="2" lemma="|Gospel|" pos="NNP" wid="2">Gospel</w>
  <w id="3" lemma="|of|" pos="IN" wid="3">of</w>
  <w id="4" lemma="|St|" pos="NNP" wid="4">St</w>
  <w id="5" lemma="|Matthew|" pos="NNP" wid="5">Matthew</w>
  <w id="6" lemma="|,|" pos="," wid="6">,</w>
  <w id="7" lemma="|in|" pos="IN" wid="7">in</w>
  <w id="8" lemma="|one|" pos="CD" wid="8">one</w>
  <w id="9" lemma="|of|" pos="IN" wid="9">of</w>
  <w id="10" lemma="|the|" pos="DT" wid="10">the</w>
  <w id="11" lemma="|moment|" pos="NNS" wid="11">moments</w>
  <w id="12" lemma="|when|" pos="WRB" wid="12">when</w>
  <w id="13" lemma="|Jesus|" pos="NNP" wid="13">Jesus</w>
  <w id="14" lemma="|return|" pos="VBZ" wid="14">returns</w>
  <w id="15" lemma="|to|" pos="TO" wid="15">to</w>
  <w id="16" lemma="|he|" pos="PRP$" wid="16">his</w>
  <w id="17" lemma="|town|" pos="NN" wid="17">town</w>
  <w id="18" lemma="|,|" pos="," wid="18">,</w>
  <w id="19" lemma="|to|" pos="TO" wid="19">to</w>
  <w id="20" lemma="|Nazareth|" pos="NNP" wid="20">Nazareth</w>
  <w id="21" lemma="|,|" pos="," wid="21">,</w>
  <w id="22" lemma="|and|" pos="CC" wid="22">and</w>
  <w id="23" lemma="|speak|" pos="VBZ" wid="23">speaks</w>
  <w id="24" lemma="|in|" pos="IN" wid="24">in</w>
  <w id="25" lemma="|the|" pos="DT" wid="25">the</w>
  <w id="26" lemma="|Synagogue|" pos="NNP" wid="26">Synagogue</w>
  <w id="27" lemma="|,|" pos="," wid="27">,</w>
  <w id="28" lemma="|the|" pos="DT" wid="28">the</w>
  <w id="29" lemma="|amazement|" pos="NN" wid="29">amazement</w>
  <w id="30" lemma="|of|" pos="IN" wid="30">of</w>
  <w id="31" lemma="|he|" pos="PRP$" wid="31">his</w>
  <w id="32" lemma="|fellow|" pos="NN" wid="32">fellow</w>
  <w id="33" lemma="|townspeople|" pos="NN" wid="33">townspeople</w>
  <w id="34" lemma="|at|" pos="IN" wid="34">at</w>
  <w id="35" lemma="|he|" pos="PRP$" wid="35">his</w>
  <w id="36" lemma="|wisdom|" pos="NN" wid="36">wisdom</w>
  <w id="37" lemma="|be|" pos="VBZ" wid="37">is</w>
  <w id="38" lemma="|emphasize|" pos="VBN" wid="38">emphasized</w>
  <w id="39" lemma="|.|" pos="." wid="39">.</w>
</sentence>
<sentence id="4">
  <w id="0" lemma="|they|" pos="PRP" wid="0">They</w>
  <w id="1" lemma="|ask|" pos="VBD" wid="1">asked</w>
  <w id="2" lemma="|themselves|" pos="PRP" wid="2">themselves</w>
  <w id="3" lemma="|the|" pos="DT" wid="3">the</w>
  <w id="4" lemma="|question|" pos="NN" wid="4">question</w>
  <w id="5" lemma="|:|" pos=":" wid="5">:</w>
  <w id="6" lemma="|``|" pos="``" wid="6">``</w>
  <w id="7" lemma="|be|" pos="VBZ" wid="7">Is</w>
  <w id="8" lemma="|not|" pos="RB" wid="8">not</w>
  <w id="9" lemma="|this|" pos="DT" wid="9">this</w>
  <w id="10" lemma="|the|" pos="DT" wid="10">the</w>
  <w id="11" lemma="|carpenter|" pos="NN" wid="11">carpenter</w>
  <w id="12" lemma="|'s|" pos="POS" wid="12">'s</w>
  <w id="13" lemma="|son|" pos="NN" wid="13">son</w>
  <w id="14" lemma="|?|" pos="." wid="14">?</w>
  <w id="15" lemma="|''|" pos="''" wid="15">''</w>
</sentence>
<sentence id="5">
  <w id="0" lemma="|-lrb-|" pos="-LRB-" wid="0">-LRB-</w>
  <w id="1" lemma="|13:55|" pos="CD" wid="1">13:55</w>
  <w id="2" lemma="|-rrb-|" pos="-RRB-" wid="2">-RRB-</w>
  <w id="3" lemma="|.|" pos="." wid="3">.</w>
</sentence>
<sentence id="6">
  <w id="0" lemma="|Jesus|" pos="NNP" wid="0">Jesus</w>
  <w id="1" lemma="|come|" pos="VBZ" wid="1">comes</w>
  <w id="2" lemma="|into|" pos="IN" wid="2">into</w>
  <w id="3" lemma="|we|" pos="PRP$" wid="3">our</w>
  <w id="4" lemma="|history|" pos="NN" wid="4">history</w>
  <w id="5" lemma="|,|" pos="," wid="5">,</w>
  <w id="6" lemma="|he|" pos="PRP" wid="6">he</w>
  <w id="7" lemma="|come|" pos="VBZ" wid="7">comes</w>
  <w id="8" lemma="|among|" pos="IN" wid="8">among</w>
  <w id="9" lemma="|we|" pos="PRP" wid="9">us</w>
  <w id="10" lemma="|by|" pos="IN" wid="10">by</w>
  <w id="11" lemma="|be|" pos="VBG" wid="11">being</w>
  <w id="12" lemma="|bear|" pos="VBN" wid="12">born</w>
  <w id="13" lemma="|of|" pos="IN" wid="13">of</w>
  <w id="14" lemma="|Mary|" pos="NNP" wid="14">Mary</w>
  <w id="15" lemma="|by|" pos="IN" wid="15">by</w>
  <w id="16" lemma="|the|" pos="DT" wid="16">the</w>
  <w id="17" lemma="|power|" pos="NN" wid="17">power</w>
  <w id="18" lemma="|of|" pos="IN" wid="18">of</w>
  <w id="19" lemma="|God|" pos="NNP" wid="19">God</w>
  <w id="20" lemma="|,|" pos="," wid="20">,</w>
  <w id="21" lemma="|but|" pos="CC" wid="21">but</w>
  <w id="22" lemma="|with|" pos="IN" wid="22">with</w>
  <w id="23" lemma="|the|" pos="DT" wid="23">the</w>
  <w id="24" lemma="|presence|" pos="NN" wid="24">presence</w>
  <w id="25" lemma="|of|" pos="IN" wid="25">of</w>
  <w id="26" lemma="|St|" pos="NNP" wid="26">St</w>
  <w id="27" lemma="|Joseph|" pos="NNP" wid="27">Joseph</w>
  <w id="28" lemma="|,|" pos="," wid="28">,</w>
  <w id="29" lemma="|the|" pos="DT" wid="29">the</w>
  <w id="30" lemma="|legal|" pos="JJ" wid="30">legal</w>
  <w id="31" lemma="|father|" pos="NN" wid="31">father</w>
  <w id="32" lemma="|who|" pos="WP" wid="32">who</w>
  <w id="33" lemma="|care|" pos="VBZ" wid="33">cares</w>
  <w id="34" lemma="|for|" pos="IN" wid="34">for</w>
  <w id="35" lemma="|he|" pos="PRP" wid="35">him</w>
  <w id="36" lemma="|and|" pos="CC" wid="36">and</w>
  <w id="37" lemma="|also|" pos="RB" wid="37">also</w>
  <w id="38" lemma="|teach|" pos="VBZ" wid="38">teaches</w>
  <w id="39" lemma="|he|" pos="PRP" wid="39">him</w>
  <w id="40" lemma="|he|" pos="PRP$" wid="40">his</w>
  <w id="41" lemma="|trade|" pos="NN" wid="41">trade</w>
  <w id="42" lemma="|.|" pos="." wid="42">.</w>
</sentence>
<sentence id="7">
  <w id="0" lemma="|Jesus|" pos="NNP" wid="0">Jesus</w>
  <w id="1" lemma="|be|" pos="VBZ" wid="1">is</w>
  <w id="2" lemma="|bear|" pos="VBN" wid="2">born</w>
  <w id="3" lemma="|and|" pos="CC" wid="3">and</w>
  <w id="4" lemma="|live|" pos="VBZ" wid="4">lives</w>
  <w id="5" lemma="|in|" pos="IN" wid="5">in</w>
  <w id="6" lemma="|a|" pos="DT" wid="6">a</w>
  <w id="7" lemma="|family|" pos="NN" wid="7">family</w>
  <w id="8" lemma="|,|" pos="," wid="8">,</w>
  <w id="9" lemma="|in|" pos="IN" wid="9">in</w>
  <w id="10" lemma="|the|" pos="DT" wid="10">the</w>
  <w id="11" lemma="|Holy|" pos="NNP" wid="11">Holy</w>
  <w id="12" lemma="|Family|" pos="NNP" wid="12">Family</w>
  <w id="13" lemma="|,|" pos="," wid="13">,</w>
  <w id="14" lemma="|learn|" pos="VBG" wid="14">learning</w>
  <w id="15" lemma="|the|" pos="DT" wid="15">the</w>
  <w id="16" lemma="|carpenter|" pos="NN" wid="16">carpenter</w>
  <w id="17" lemma="|'s|" pos="POS" wid="17">'s</w>
  <w id="18" lemma="|craft|" pos="NN" wid="18">craft</w>
  <w id="19" lemma="|from|" pos="IN" wid="19">from</w>
  <w id="20" lemma="|St|" pos="NNP" wid="20">St</w>
  <w id="21" lemma="|Joseph|" pos="NNP" wid="21">Joseph</w>
  <w id="22" lemma="|in|" pos="IN" wid="22">in</w>
  <w id="23" lemma="|he|" pos="PRP$" wid="23">his</w>
  <w id="24" lemma="|workshop|" pos="NN" wid="24">workshop</w>
  <w id="25" lemma="|in|" pos="IN" wid="25">in</w>
  <w id="26" lemma="|Nazareth|" pos="NNP" wid="26">Nazareth</w>
  <w id="27" lemma="|,|" pos="," wid="27">,</w>
  <w id="28" lemma="|share|" pos="VBG" wid="28">sharing</w>
  <w id="29" lemma="|with|" pos="IN" wid="29">with</w>
  <w id="30" lemma="|he|" pos="PRP" wid="30">him</w>
  <w id="31" lemma="|the|" pos="DT" wid="31">the</w>
  <w id="32" lemma="|commitment|" pos="NN" wid="32">commitment</w>
  <w id="33" lemma="|,|" pos="," wid="33">,</w>
  <w id="34" lemma="|effort|" pos="NN" wid="34">effort</w>
  <w id="35" lemma="|,|" pos="," wid="35">,</w>
  <w id="36" lemma="|satisfaction|" pos="NN" wid="36">satisfaction</w>
  <w id="37" lemma="|and|" pos="CC" wid="37">and</w>
  <w id="38" lemma="|also|" pos="RB" wid="38">also</w>
  <w id="39" lemma="|the|" pos="DT" wid="39">the</w>
  <w id="40" lemma="|difficulty|" pos="NNS" wid="40">difficulties</w>
  <w id="41" lemma="|of|" pos="IN" wid="41">of</w>
  <w id="42" lemma="|every|" pos="DT" wid="42">every</w>
  <w id="43" lemma="|day|" pos="NN" wid="43">day</w>
  <w id="44" lemma="|.|" pos="." wid="44">.</w>
</sentence>
<sentence id="8">
  <w id="0" lemma="|this|" pos="DT" wid="0">This</w>
  <w id="1" lemma="|remind|" pos="VBZ" wid="1">reminds</w>
  <w id="2" lemma="|we|" pos="PRP" wid="2">us</w>
  <w id="3" lemma="|of|" pos="IN" wid="3">of</w>
  <w id="4" lemma="|the|" pos="DT" wid="4">the</w>
  <w id="5" lemma="|dignity|" pos="NN" wid="5">dignity</w>
  <w id="6" lemma="|and|" pos="CC" wid="6">and</w>
  <w id="7" lemma="|importance|" pos="NN" wid="7">importance</w>
  <w id="8" lemma="|of|" pos="IN" wid="8">of</w>
  <w id="9" lemma="|work|" pos="NN" wid="9">work</w>
  <w id="10" lemma="|.|" pos="." wid="10">.</w>
</sentence>
<sentence id="9">
  <w id="0" lemma="|the|" pos="DT" wid="0">The</w>
  <w id="1" lemma="|Book|" pos="NNP" wid="1">Book</w>
  <w id="2" lemma="|of|" pos="IN" wid="2">of</w>
  <w id="3" lemma="|Genesis|" pos="NNP" wid="3">Genesis</w>
  <w id="4" lemma="|tell|" pos="VBZ" wid="4">tells</w>
  <w id="5" lemma="|we|" pos="PRP" wid="5">us</w>
  <w id="6" lemma="|that|" pos="IN" wid="6">that</w>
  <w id="7" lemma="|God|" pos="NNP" wid="7">God</w>
  <w id="8" lemma="|create|" pos="VBD" wid="8">created</w>
  <w id="9" lemma="|man|" pos="NN" wid="9">man</w>
  <w id="10" lemma="|and|" pos="CC" wid="10">and</w>
  <w id="11" lemma="|woman|" pos="NN" wid="11">woman</w>
  <w id="12" lemma="|entrust|" pos="VBG" wid="12">entrusting</w>
  <w id="13" lemma="|they|" pos="PRP" wid="13">them</w>
  <w id="14" lemma="|with|" pos="IN" wid="14">with</w>
  <w id="15" lemma="|the|" pos="DT" wid="15">the</w>
  <w id="16" lemma="|task|" pos="NN" wid="16">task</w>
  <w id="17" lemma="|of|" pos="IN" wid="17">of</w>
  <w id="18" lemma="|fill|" pos="VBG" wid="18">filling</w>
  <w id="19" lemma="|the|" pos="DT" wid="19">the</w>
  <w id="20" lemma="|earth|" pos="NN" wid="20">earth</w>
  <w id="21" lemma="|and|" pos="CC" wid="21">and</w>
  <w id="22" lemma="|subdue|" pos="VBG" wid="22">subduing</w>
  <w id="23" lemma="|it|" pos="PRP" wid="23">it</w>
  <w id="24" lemma="|,|" pos="," wid="24">,</w>
  <w id="25" lemma="|which|" pos="WDT" wid="25">which</w>
  <w id="26" lemma="|do|" pos="VBZ" wid="26">does</w>
  <w id="27" lemma="|not|" pos="RB" wid="27">not</w>
  <w id="28" lemma="|mean|" pos="VB" wid="28">mean</w>
  <w id="29" lemma="|exploit|" pos="VBG" wid="29">exploiting</w>
  <w id="30" lemma="|it|" pos="PRP" wid="30">it</w>
  <w id="31" lemma="|but|" pos="CC" wid="31">but</w>
  <w id="32" lemma="|nurture|" pos="VBG" wid="32">nurturing</w>
  <w id="33" lemma="|and|" pos="CC" wid="33">and</w>
  <w id="34" lemma="|protect|" pos="VBG" wid="34">protecting</w>
  <w id="35" lemma="|it|" pos="PRP" wid="35">it</w>
  <w id="36" lemma="|,|" pos="," wid="36">,</w>
  <w id="37" lemma="|care|" pos="VBG" wid="37">caring</w>
  <w id="38" lemma="|for|" pos="IN" wid="38">for</w>
  <w id="39" lemma="|it|" pos="PRP" wid="39">it</w>
  <w id="40" lemma="|through|" pos="IN" wid="40">through</w>
  <w id="41" lemma="|they|" pos="PRP$" wid="41">their</w>
  <w id="42" lemma="|work|" pos="NN" wid="42">work</w>
  <w id="43" lemma="|-lrb-|" pos="-LRB-" wid="43">-LRB-</w>
  <w id="44" lemma="|cf|" pos="NN" wid="44">cf</w>
  <w id="45" lemma="|.|" pos="." wid="45">.</w>
</sentence>
<sentence id="10">
  <w id="0" lemma="|gen|" pos="NN" wid="0">Gen</w>
  <w id="1" lemma="|1:28|" pos="CD" wid="1">1:28</w>
  <w id="2" lemma="|;|" pos=":" wid="2">;</w>
  <w id="3" lemma="|2:15|" pos="CD" wid="3">2:15</w>
  <w id="4" lemma="|-rrb-|" pos="-RRB-" wid="4">-RRB-</w>
  <w id="5" lemma="|.|" pos="." wid="5">.</w>
</sentence>
<sentence id="11">
  <w id="0" lemma="|work|" pos="NN" wid="0">Work</w>
  <w id="1" lemma="|be|" pos="VBZ" wid="1">is</w>
  <w id="2" lemma="|part|" pos="NN" wid="2">part</w>
  <w id="3" lemma="|of|" pos="IN" wid="3">of</w>
  <w id="4" lemma="|God|" pos="NNP" wid="4">God</w>
  <w id="5" lemma="|'s|" pos="POS" wid="5">'s</w>
  <w id="6" lemma="|loving|" pos="JJ" wid="6">loving</w>
  <w id="7" lemma="|plan|" pos="NN" wid="7">plan</w>
  <w id="8" lemma="|,|" pos="," wid="8">,</w>
  <w id="9" lemma="|we|" pos="PRP" wid="9">we</w>
  <w id="10" lemma="|be|" pos="VBP" wid="10">are</w>
  <w id="11" lemma="|call|" pos="VBN" wid="11">called</w>
  <w id="12" lemma="|to|" pos="TO" wid="12">to</w>
  <w id="13" lemma="|cultivate|" pos="VB" wid="13">cultivate</w>
  <w id="14" lemma="|and|" pos="CC" wid="14">and</w>
  <w id="15" lemma="|care|" pos="VB" wid="15">care</w>
  <w id="16" lemma="|for|" pos="IN" wid="16">for</w>
  <w id="17" lemma="|all|" pos="PDT" wid="17">all</w>
  <w id="18" lemma="|the|" pos="DT" wid="18">the</w>
  <w id="19" lemma="|goods|" pos="NNS" wid="19">goods</w>
  <w id="20" lemma="|of|" pos="IN" wid="20">of</w>
  <w id="21" lemma="|creation|" pos="NN" wid="21">creation</w>
  <w id="22" lemma="|and|" pos="CC" wid="22">and</w>
  <w id="23" lemma="|in|" pos="IN" wid="23">in</w>
  <w id="24" lemma="|this|" pos="DT" wid="24">this</w>
  <w id="25" lemma="|way|" pos="NN" wid="25">way</w>
  <w id="26" lemma="|share|" pos="NN" wid="26">share</w>
  <w id="27" lemma="|in|" pos="IN" wid="27">in</w>
  <w id="28" lemma="|the|" pos="DT" wid="28">the</w>
  <w id="29" lemma="|work|" pos="NN" wid="29">work</w>
  <w id="30" lemma="|of|" pos="IN" wid="30">of</w>
  <w id="31" lemma="|creation|" pos="NN" wid="31">creation</w>
  <w id="32" lemma="|!|" pos="." wid="32">!</w>
</sentence>
<sentence id="12">
  <w id="0" lemma="|work|" pos="NN" wid="0">Work</w>
  <w id="1" lemma="|be|" pos="VBZ" wid="1">is</w>
  <w id="2" lemma="|fundamental|" pos="JJ" wid="2">fundamental</w>
  <w id="3" lemma="|to|" pos="TO" wid="3">to</w>
  <w id="4" lemma="|the|" pos="DT" wid="4">the</w>
  <w id="5" lemma="|dignity|" pos="NN" wid="5">dignity</w>
  <w id="6" lemma="|of|" pos="IN" wid="6">of</w>
  <w id="7" lemma="|a|" pos="DT" wid="7">a</w>
  <w id="8" lemma="|person|" pos="NN" wid="8">person</w>
  <w id="9" lemma="|.|" pos="." wid="9">.</w>
</sentence>
<sentence id="13">
  <w id="0" lemma="|work|" pos="NN" wid="0">Work</w>
  <w id="1" lemma="|,|" pos="," wid="1">,</w>
  <w id="2" lemma="|to|" pos="TO" wid="2">to</w>
  <w id="3" lemma="|use|" pos="VB" wid="3">use</w>
  <w id="4" lemma="|a|" pos="DT" wid="4">a</w>
  <w id="5" lemma="|metaphor|" pos="NN" wid="5">metaphor</w>
  <w id="6" lemma="|,|" pos="," wid="6">,</w>
  <w id="7" lemma="|``|" pos="``" wid="7">``</w>
  <w id="8" lemma="|anoint|" pos="VBZ" wid="8">anoints</w>
  <w id="9" lemma="|''|" pos="''" wid="9">''</w>
  <w id="10" lemma="|we|" pos="PRP" wid="10">us</w>
  <w id="11" lemma="|with|" pos="IN" wid="11">with</w>
  <w id="12" lemma="|dignity|" pos="NN" wid="12">dignity</w>
  <w id="13" lemma="|,|" pos="," wid="13">,</w>
  <w id="14" lemma="|fill|" pos="VBZ" wid="14">fills</w>
  <w id="15" lemma="|we|" pos="PRP" wid="15">us</w>
  <w id="16" lemma="|with|" pos="IN" wid="16">with</w>
  <w id="17" lemma="|dignity|" pos="NN" wid="17">dignity</w>
  <w id="18" lemma="|,|" pos="," wid="18">,</w>
  <w id="19" lemma="|make|" pos="VBZ" wid="19">makes</w>
  <w id="20" lemma="|we|" pos="PRP" wid="20">us</w>
  <w id="21" lemma="|similar|" pos="JJ" wid="21">similar</w>
  <w id="22" lemma="|to|" pos="TO" wid="22">to</w>
  <w id="23" lemma="|God|" pos="NNP" wid="23">God</w>
  <w id="24" lemma="|,|" pos="," wid="24">,</w>
  <w id="25" lemma="|who|" pos="WP" wid="25">who</w>
  <w id="26" lemma="|have|" pos="VBZ" wid="26">has</w>
  <w id="27" lemma="|work|" pos="VBN" wid="27">worked</w>
  <w id="28" lemma="|and|" pos="CC" wid="28">and</w>
  <w id="29" lemma="|still|" pos="RB" wid="29">still</w>
  <w id="30" lemma="|work|" pos="VBZ" wid="30">works</w>
  <w id="31" lemma="|,|" pos="," wid="31">,</w>
  <w id="32" lemma="|who|" pos="WP" wid="32">who</w>
  <w id="33" lemma="|always|" pos="RB" wid="33">always</w>
  <w id="34" lemma="|act|" pos="VBZ" wid="34">acts</w>
  <w id="35" lemma="|-lrb-|" pos="-LRB-" wid="35">-LRB-</w>
  <w id="36" lemma="|cf|" pos="NN" wid="36">cf</w>
  <w id="37" lemma="|.|" pos="." wid="37">.</w>
</sentence>
<sentence id="14">
  <w id="0" lemma="|jn|" pos="NN" wid="0">Jn</w>
  <w id="1" lemma="|5:17|" pos="CD" wid="1">5:17</w>
  <w id="2" lemma="|-rrb-|" pos="-RRB-" wid="2">-RRB-</w>
  <w id="3" lemma="|;|" pos=":" wid="3">;</w>
  <w id="4" lemma="|it|" pos="PRP" wid="4">it</w>
  <w id="5" lemma="|give|" pos="VBZ" wid="5">gives</w>
  <w id="6" lemma="|one|" pos="CD" wid="6">one</w>
  <w id="7" lemma="|the|" pos="DT" wid="7">the</w>
  <w id="8" lemma="|ability|" pos="NN" wid="8">ability</w>
  <w id="9" lemma="|to|" pos="TO" wid="9">to</w>
  <w id="10" lemma="|maintain|" pos="VB" wid="10">maintain</w>
  <w id="11" lemma="|oneself|" pos="NN" wid="11">oneself</w>
  <w id="12" lemma="|,|" pos="," wid="12">,</w>
  <w id="13" lemma="|one|" pos="NN" wid="13">one</w>
  <w id="14" lemma="|'s|" pos="POS" wid="14">'s</w>
  <w id="15" lemma="|family|" pos="NN" wid="15">family</w>
  <w id="16" lemma="|,|" pos="," wid="16">,</w>
  <w id="17" lemma="|to|" pos="TO" wid="17">to</w>
  <w id="18" lemma="|contribute|" pos="VB" wid="18">contribute</w>
  <w id="19" lemma="|to|" pos="TO" wid="19">to</w>
  <w id="20" lemma="|the|" pos="DT" wid="20">the</w>
  <w id="21" lemma="|growth|" pos="NN" wid="21">growth</w>
  <w id="22" lemma="|of|" pos="IN" wid="22">of</w>
  <w id="23" lemma="|one|" pos="NN" wid="23">one</w>
  <w id="24" lemma="|'s|" pos="POS" wid="24">'s</w>
  <w id="25" lemma="|own|" pos="JJ" wid="25">own</w>
  <w id="26" lemma="|nation|" pos="NN" wid="26">nation</w>
  <w id="27" lemma="|.|" pos="." wid="27">.</w>
</sentence>
<sentence id="15">
  <w id="0" lemma="|and|" pos="CC" wid="0">And</w>
  <w id="1" lemma="|here|" pos="RB" wid="1">here</w>
  <w id="2" lemma="|I|" pos="PRP" wid="2">I</w>
  <w id="3" lemma="|think|" pos="VBP" wid="3">think</w>
  <w id="4" lemma="|of|" pos="IN" wid="4">of</w>
  <w id="5" lemma="|the|" pos="DT" wid="5">the</w>
  <w id="6" lemma="|difficulty|" pos="NNS" wid="6">difficulties</w>
  <w id="7" lemma="|which|" pos="WDT" wid="7">which</w>
  <w id="8" lemma="|,|" pos="," wid="8">,</w>
  <w id="9" lemma="|in|" pos="IN" wid="9">in</w>
  <w id="10" lemma="|various|" pos="JJ" wid="10">various</w>
  <w id="11" lemma="|country|" pos="NNS" wid="11">countries</w>
  <w id="12" lemma="|,|" pos="," wid="12">,</w>
  <w id="13" lemma="|today|" pos="NN" wid="13">today</w>
  <w id="14" lemma="|afflict|" pos="VBP" wid="14">afflict</w>
  <w id="15" lemma="|the|" pos="DT" wid="15">the</w>
  <w id="16" lemma="|world|" pos="NN" wid="16">world</w>
  <w id="17" lemma="|of|" pos="IN" wid="17">of</w>
  <w id="18" lemma="|work|" pos="NN" wid="18">work</w>
  <w id="19" lemma="|and|" pos="CC" wid="19">and</w>
  <w id="20" lemma="|business|" pos="NN" wid="20">business</w>
  <w id="21" lemma="|today|" pos="NN" wid="21">today</w>
  <w id="22" lemma="|;|" pos=":" wid="22">;</w>
  <w id="23" lemma="|I|" pos="PRP" wid="23">I</w>
  <w id="24" lemma="|be|" pos="VBP" wid="24">am</w>
  <w id="25" lemma="|think|" pos="VBG" wid="25">thinking</w>
  <w id="26" lemma="|of|" pos="IN" wid="26">of</w>
  <w id="27" lemma="|how|" pos="WRB" wid="27">how</w>
  <w id="28" lemma="|many|" pos="JJ" wid="28">many</w>
  <w id="29" lemma="|,|" pos="," wid="29">,</w>
  <w id="30" lemma="|and|" pos="CC" wid="30">and</w>
  <w id="31" lemma="|not|" pos="RB" wid="31">not</w>
  <w id="32" lemma="|only|" pos="RB" wid="32">only</w>
  <w id="33" lemma="|young|" pos="JJ" wid="33">young</w>
  <w id="34" lemma="|people|" pos="NNS" wid="34">people</w>
  <w id="35" lemma="|,|" pos="," wid="35">,</w>
  <w id="36" lemma="|be|" pos="VBP" wid="36">are</w>
  <w id="37" lemma="|unemployed|" pos="JJ" wid="37">unemployed</w>
  <w id="38" lemma="|,|" pos="," wid="38">,</w>
  <w id="39" lemma="|often|" pos="RB" wid="39">often</w>
  <w id="40" lemma="|due|" pos="JJ" wid="40">due</w>
  <w id="41" lemma="|to|" pos="TO" wid="41">to</w>
  <w id="42" lemma="|a|" pos="DT" wid="42">a</w>
  <w id="43" lemma="|purely|" pos="RB" wid="43">purely</w>
  <w id="44" lemma="|economic|" pos="JJ" wid="44">economic</w>
  <w id="45" lemma="|conception|" pos="NN" wid="45">conception</w>
  <w id="46" lemma="|of|" pos="IN" wid="46">of</w>
  <w id="47" lemma="|society|" pos="NN" wid="47">society</w>
  <w id="48" lemma="|,|" pos="," wid="48">,</w>
  <w id="49" lemma="|which|" pos="WDT" wid="49">which</w>
  <w id="50" lemma="|seek|" pos="VBZ" wid="50">seeks</w>
  <w id="51" lemma="|profit|" pos="NN" wid="51">profit</w>
  <w id="52" lemma="|selfishly|" pos="RB" wid="52">selfishly</w>
  <w id="53" lemma="|,|" pos="," wid="53">,</w>
  <w id="54" lemma="|beyond|" pos="IN" wid="54">beyond</w>
  <w id="55" lemma="|the|" pos="DT" wid="55">the</w>
  <w id="56" lemma="|parametre|" pos="NNS" wid="56">parametres</w>
  <w id="57" lemma="|of|" pos="IN" wid="57">of</w>
  <w id="58" lemma="|social|" pos="JJ" wid="58">social</w>
  <w id="59" lemma="|justice|" pos="NN" wid="59">justice</w>
  <w id="60" lemma="|.|" pos="." wid="60">.</w>
</sentence>
<sentence id="16">
  <w id="0" lemma="|I|" pos="PRP" wid="0">I</w>
  <w id="1" lemma="|wish|" pos="VBP" wid="1">wish</w>
  <w id="2" lemma="|to|" pos="TO" wid="2">to</w>
  <w id="3" lemma="|extend|" pos="VB" wid="3">extend</w>
  <w id="4" lemma="|a|" pos="DT" wid="4">an</w>
  <w id="5" lemma="|invitation|" pos="NN" wid="5">invitation</w>
  <w id="6" lemma="|to|" pos="TO" wid="6">to</w>
  <w id="7" lemma="|solidarity|" pos="NN" wid="7">solidarity</w>
  <w id="8" lemma="|to|" pos="TO" wid="8">to</w>
  <w id="9" lemma="|everyone|" pos="NN" wid="9">everyone</w>
  <w id="10" lemma="|,|" pos="," wid="10">,</w>
  <w id="11" lemma="|and|" pos="CC" wid="11">and</w>
  <w id="12" lemma="|I|" pos="PRP" wid="12">I</w>
  <w id="13" lemma="|would|" pos="MD" wid="13">would</w>
  <w id="14" lemma="|like|" pos="VB" wid="14">like</w>
  <w id="15" lemma="|to|" pos="TO" wid="15">to</w>
  <w id="16" lemma="|encourage|" pos="VB" wid="16">encourage</w>
  <w id="17" lemma="|those|" pos="DT" wid="17">those</w>
  <w id="18" lemma="|in|" pos="IN" wid="18">in</w>
  <w id="19" lemma="|public|" pos="JJ" wid="19">public</w>
  <w id="20" lemma="|office|" pos="NN" wid="20">office</w>
  <w id="21" lemma="|to|" pos="TO" wid="21">to</w>
  <w id="22" lemma="|make|" pos="VB" wid="22">make</w>
  <w id="23" lemma="|every|" pos="DT" wid="23">every</w>
  <w id="24" lemma="|effort|" pos="NN" wid="24">effort</w>
  <w id="25" lemma="|to|" pos="TO" wid="25">to</w>
  <w id="26" lemma="|give|" pos="VB" wid="26">give</w>
  <w id="27" lemma="|new|" pos="JJ" wid="27">new</w>
  <w id="28" lemma="|impetus|" pos="NN" wid="28">impetus</w>
  <w id="29" lemma="|to|" pos="TO" wid="29">to</w>
  <w id="30" lemma="|employment|" pos="NN" wid="30">employment</w>
  <w id="31" lemma="|,|" pos="," wid="31">,</w>
  <w id="32" lemma="|this|" pos="DT" wid="32">this</w>
  <w id="33" lemma="|mean|" pos="VBZ" wid="33">means</w>
  <w id="34" lemma="|caring|" pos="NN" wid="34">caring</w>
  <w id="35" lemma="|for|" pos="IN" wid="35">for</w>
  <w id="36" lemma="|the|" pos="DT" wid="36">the</w>
  <w id="37" lemma="|dignity|" pos="NN" wid="37">dignity</w>
  <w id="38" lemma="|of|" pos="IN" wid="38">of</w>
  <w id="39" lemma="|the|" pos="DT" wid="39">the</w>
  <w id="40" lemma="|person|" pos="NN" wid="40">person</w>
  <w id="41" lemma="|,|" pos="," wid="41">,</w>
  <w id="42" lemma="|but|" pos="CC" wid="42">but</w>
  <w id="43" lemma="|above|" pos="IN" wid="43">above</w>
  <w id="44" lemma="|all|" pos="DT" wid="44">all</w>
  <w id="45" lemma="|I|" pos="PRP" wid="45">I</w>
  <w id="46" lemma="|would|" pos="MD" wid="46">would</w>
  <w id="47" lemma="|say|" pos="VB" wid="47">say</w>
  <w id="48" lemma="|do|" pos="VBP" wid="48">do</w>
  <w id="49" lemma="|not|" pos="RB" wid="49">not</w>
  <w id="50" lemma="|lose|" pos="VB" wid="50">lose</w>
  <w id="51" lemma="|hope|" pos="NN" wid="51">hope</w>
  <w id="52" lemma="|.|" pos="." wid="52">.</w>
</sentence>
<sentence id="17">
  <w id="0" lemma="|St|" pos="NNP" wid="0">St</w>
  <w id="1" lemma="|Joseph|" pos="NNP" wid="1">Joseph</w>
  <w id="2" lemma="|also|" pos="RB" wid="2">also</w>
  <w id="3" lemma="|experience|" pos="VBD" wid="3">experienced</w>
  <w id="4" lemma="|moment|" pos="NNS" wid="4">moments</w>
  <w id="5" lemma="|of|" pos="IN" wid="5">of</w>
  <w id="6" lemma="|difficulty|" pos="NN" wid="6">difficulty</w>
  <w id="7" lemma="|,|" pos="," wid="7">,</w>
  <w id="8" lemma="|but|" pos="CC" wid="8">but</w>
  <w id="9" lemma="|he|" pos="PRP" wid="9">he</w>
  <w id="10" lemma="|never|" pos="RB" wid="10">never</w>
  <w id="11" lemma="|lose|" pos="VBD" wid="11">lost</w>
  <w id="12" lemma="|faith|" pos="NN" wid="12">faith</w>
  <w id="13" lemma="|and|" pos="CC" wid="13">and</w>
  <w id="14" lemma="|be|" pos="VBD" wid="14">was</w>
  <w id="15" lemma="|able|" pos="JJ" wid="15">able</w>
  <w id="16" lemma="|to|" pos="TO" wid="16">to</w>
  <w id="17" lemma="|overcome|" pos="VB" wid="17">overcome</w>
  <w id="18" lemma="|they|" pos="PRP" wid="18">them</w>
  <w id="19" lemma="|,|" pos="," wid="19">,</w>
  <w id="20" lemma="|in|" pos="IN" wid="20">in</w>
  <w id="21" lemma="|the|" pos="DT" wid="21">the</w>
  <w id="22" lemma="|certainty|" pos="NN" wid="22">certainty</w>
  <w id="23" lemma="|that|" pos="IN" wid="23">that</w>
  <w id="24" lemma="|God|" pos="NNP" wid="24">God</w>
  <w id="25" lemma="|never|" pos="RB" wid="25">never</w>
  <w id="26" lemma="|abandon|" pos="VBZ" wid="26">abandons</w>
  <w id="27" lemma="|we|" pos="PRP" wid="27">us</w>
  <w id="28" lemma="|.|" pos="." wid="28">.</w>
</sentence>
<sentence id="18">
  <w id="0" lemma="|and|" pos="CC" wid="0">And</w>
  <w id="1" lemma="|then|" pos="RB" wid="1">then</w>
  <w id="2" lemma="|I|" pos="PRP" wid="2">I</w>
  <w id="3" lemma="|would|" pos="MD" wid="3">would</w>
  <w id="4" lemma="|like|" pos="VB" wid="4">like</w>
  <w id="5" lemma="|to|" pos="TO" wid="5">to</w>
  <w id="6" lemma="|speak|" pos="VB" wid="6">speak</w>
  <w id="7" lemma="|especially|" pos="RB" wid="7">especially</w>
  <w id="8" lemma="|to|" pos="TO" wid="8">to</w>
  <w id="9" lemma="|you|" pos="PRP" wid="9">you</w>
  <w id="10" lemma="|young|" pos="JJ" wid="10">young</w>
  <w id="11" lemma="|people|" pos="NNS" wid="11">people</w>
  <w id="12" lemma="|:|" pos=":" wid="12">:</w>
  <w id="13" lemma="|be|" pos="VB" wid="13">be</w>
  <w id="14" lemma="|commit|" pos="VBN" wid="14">committed</w>
  <w id="15" lemma="|to|" pos="TO" wid="15">to</w>
  <w id="16" lemma="|you|" pos="PRP$" wid="16">your</w>
  <w id="17" lemma="|daily|" pos="JJ" wid="17">daily</w>
  <w id="18" lemma="|duty|" pos="NNS" wid="18">duties</w>
  <w id="19" lemma="|,|" pos="," wid="19">,</w>
  <w id="20" lemma="|you|" pos="PRP$" wid="20">your</w>
  <w id="21" lemma="|study|" pos="NNS" wid="21">studies</w>
  <w id="22" lemma="|,|" pos="," wid="22">,</w>
  <w id="23" lemma="|you|" pos="PRP$" wid="23">your</w>
  <w id="24" lemma="|work|" pos="NN" wid="24">work</w>
  <w id="25" lemma="|,|" pos="," wid="25">,</w>
  <w id="26" lemma="|to|" pos="TO" wid="26">to</w>
  <w id="27" lemma="|relationship|" pos="NNS" wid="27">relationships</w>
  <w id="28" lemma="|of|" pos="IN" wid="28">of</w>
  <w id="29" lemma="|friendship|" pos="NN" wid="29">friendship</w>
  <w id="30" lemma="|,|" pos="," wid="30">,</w>
  <w id="31" lemma="|to|" pos="TO" wid="31">to</w>
  <w id="32" lemma="|help|" pos="VBG" wid="32">helping</w>
  <w id="33" lemma="|other|" pos="NNS" wid="33">others</w>
  <w id="34" lemma="|;|" pos=":" wid="34">;</w>
  <w id="35" lemma="|you|" pos="PRP$" wid="35">your</w>
  <w id="36" lemma="|future|" pos="NN" wid="36">future</w>
  <w id="37" lemma="|also|" pos="RB" wid="37">also</w>
  <w id="38" lemma="|depend|" pos="VBZ" wid="38">depends</w>
  <w id="39" lemma="|on|" pos="IN" wid="39">on</w>
  <w id="40" lemma="|how|" pos="WRB" wid="40">how</w>
  <w id="41" lemma="|you|" pos="PRP" wid="41">you</w>
  <w id="42" lemma="|live|" pos="VBP" wid="42">live</w>
  <w id="43" lemma="|these|" pos="DT" wid="43">these</w>
  <w id="44" lemma="|precious|" pos="JJ" wid="44">precious</w>
  <w id="45" lemma="|year|" pos="NNS" wid="45">years</w>
  <w id="46" lemma="|of|" pos="IN" wid="46">of</w>
  <w id="47" lemma="|you|" pos="PRP$" wid="47">your</w>
  <w id="48" lemma="|life|" pos="NN" wid="48">life</w>
  <w id="49" lemma="|.|" pos="." wid="49">.</w>
</sentence>
<sentence id="19">
  <w id="0" lemma="|do|" pos="VBP" wid="0">Do</w>
  <w id="1" lemma="|not|" pos="RB" wid="1">not</w>
  <w id="2" lemma="|be|" pos="VB" wid="2">be</w>
  <w id="3" lemma="|afraid|" pos="JJ" wid="3">afraid</w>
  <w id="4" lemma="|of|" pos="IN" wid="4">of</w>
  <w id="5" lemma="|commitment|" pos="NN" wid="5">commitment</w>
  <w id="6" lemma="|,|" pos="," wid="6">,</w>
  <w id="7" lemma="|of|" pos="IN" wid="7">of</w>
  <w id="8" lemma="|sacrifice|" pos="NN" wid="8">sacrifice</w>
  <w id="9" lemma="|and|" pos="CC" wid="9">and</w>
  <w id="10" lemma="|do|" pos="VBP" wid="10">do</w>
  <w id="11" lemma="|not|" pos="RB" wid="11">not</w>
  <w id="12" lemma="|view|" pos="VB" wid="12">view</w>
  <w id="13" lemma="|the|" pos="DT" wid="13">the</w>
  <w id="14" lemma="|future|" pos="NN" wid="14">future</w>
  <w id="15" lemma="|with|" pos="IN" wid="15">with</w>
  <w id="16" lemma="|fear|" pos="NN" wid="16">fear</w>
  <w id="17" lemma="|.|" pos="." wid="17">.</w>
</sentence>
<sentence id="20">
  <w id="0" lemma="|keep|" pos="VB" wid="0">Keep</w>
  <w id="1" lemma="|you|" pos="PRP$" wid="1">your</w>
  <w id="2" lemma="|hope|" pos="NN" wid="2">hope</w>
  <w id="3" lemma="|alive|" pos="JJ" wid="3">alive</w>
  <w id="4" lemma="|:|" pos=":" wid="4">:</w>
  <w id="5" lemma="|there|" pos="EX" wid="5">there</w>
  <w id="6" lemma="|be|" pos="VBZ" wid="6">is</w>
  <w id="7" lemma="|always|" pos="RB" wid="7">always</w>
  <w id="8" lemma="|a|" pos="DT" wid="8">a</w>
  <w id="9" lemma="|light|" pos="NN" wid="9">light</w>
  <w id="10" lemma="|on|" pos="IN" wid="10">on</w>
  <w id="11" lemma="|the|" pos="DT" wid="11">the</w>
  <w id="12" lemma="|horizon|" pos="NN" wid="12">horizon</w>
  <w id="13" lemma="|.|" pos="." wid="13">.</w>
</sentence>
<sentence id="21">
  <w id="0" lemma="|I|" pos="PRP" wid="0">I</w>
  <w id="1" lemma="|would|" pos="MD" wid="1">would</w>
  <w id="2" lemma="|like|" pos="VB" wid="2">like</w>
  <w id="3" lemma="|to|" pos="TO" wid="3">to</w>
  <w id="4" lemma="|add|" pos="VB" wid="4">add</w>
  <w id="5" lemma="|a|" pos="DT" wid="5">a</w>
  <w id="6" lemma="|word|" pos="NN" wid="6">word</w>
  <w id="7" lemma="|about|" pos="IN" wid="7">about</w>
  <w id="8" lemma="|another|" pos="DT" wid="8">another</w>
  <w id="9" lemma="|particular|" pos="JJ" wid="9">particular</w>
  <w id="10" lemma="|work|" pos="NN" wid="10">work</w>
  <w id="11" lemma="|situation|" pos="NN" wid="11">situation</w>
  <w id="12" lemma="|that|" pos="WDT" wid="12">that</w>
  <w id="13" lemma="|concern|" pos="VBZ" wid="13">concerns</w>
  <w id="14" lemma="|I|" pos="PRP" wid="14">me</w>
  <w id="15" lemma="|:|" pos=":" wid="15">:</w>
  <w id="16" lemma="|I|" pos="PRP" wid="16">I</w>
  <w id="17" lemma="|be|" pos="VBP" wid="17">am</w>
  <w id="18" lemma="|refer|" pos="VBG" wid="18">referring</w>
  <w id="19" lemma="|to|" pos="TO" wid="19">to</w>
  <w id="20" lemma="|what|" pos="WP" wid="20">what</w>
  <w id="21" lemma="|we|" pos="PRP" wid="21">we</w>
  <w id="22" lemma="|could|" pos="MD" wid="22">could</w>
  <w id="23" lemma="|define|" pos="VB" wid="23">define</w>
  <w id="24" lemma="|as|" pos="IN" wid="24">as</w>
  <w id="25" lemma="|``|" pos="``" wid="25">``</w>
  <w id="26" lemma="|slave|" pos="NN" wid="26">slave</w>
  <w id="27" lemma="|labour|" pos="NN" wid="27">labour</w>
  <w id="28" lemma="|''|" pos="''" wid="28">''</w>
  <w id="29" lemma="|,|" pos="," wid="29">,</w>
  <w id="30" lemma="|work|" pos="NN" wid="30">work</w>
  <w id="31" lemma="|that|" pos="WDT" wid="31">that</w>
  <w id="32" lemma="|enslave|" pos="VBZ" wid="32">enslaves</w>
  <w id="33" lemma="|.|" pos="." wid="33">.</w>
</sentence>
<sentence id="22">
  <w id="0" lemma="|how|" pos="WRB" wid="0">How</w>
  <w id="1" lemma="|many|" pos="JJ" wid="1">many</w>
  <w id="2" lemma="|people|" pos="NNS" wid="2">people</w>
  <w id="3" lemma="|worldwide|" pos="RB" wid="3">worldwide</w>
  <w id="4" lemma="|be|" pos="VBP" wid="4">are</w>
  <w id="5" lemma="|victim|" pos="NNS" wid="5">victims</w>
  <w id="6" lemma="|of|" pos="IN" wid="6">of</w>
  <w id="7" lemma="|this|" pos="DT" wid="7">this</w>
  <w id="8" lemma="|type|" pos="NN" wid="8">type</w>
  <w id="9" lemma="|of|" pos="IN" wid="9">of</w>
  <w id="10" lemma="|slavery|" pos="NN" wid="10">slavery</w>
  <w id="11" lemma="|,|" pos="," wid="11">,</w>
  <w id="12" lemma="|when|" pos="WRB" wid="12">when</w>
  <w id="13" lemma="|the|" pos="DT" wid="13">the</w>
  <w id="14" lemma="|person|" pos="NN" wid="14">person</w>
  <w id="15" lemma="|be|" pos="VBZ" wid="15">is</w>
  <w id="16" lemma="|at|" pos="IN" wid="16">at</w>
  <w id="17" lemma="|the|" pos="DT" wid="17">the</w>
  <w id="18" lemma="|service|" pos="NN" wid="18">service</w>
  <w id="19" lemma="|of|" pos="IN" wid="19">of</w>
  <w id="20" lemma="|he|" pos="PRP$" wid="20">his</w>
  <w id="21" lemma="|or|" pos="CC" wid="21">or</w>
  <w id="22" lemma="|she|" pos="PRP$" wid="22">her</w>
  <w id="23" lemma="|work|" pos="NN" wid="23">work</w>
  <w id="24" lemma="|,|" pos="," wid="24">,</w>
  <w id="25" lemma="|while|" pos="IN" wid="25">while</w>
  <w id="26" lemma="|work|" pos="NN" wid="26">work</w>
  <w id="27" lemma="|should|" pos="MD" wid="27">should</w>
  <w id="28" lemma="|offer|" pos="VB" wid="28">offer</w>
  <w id="29" lemma="|a|" pos="DT" wid="29">a</w>
  <w id="30" lemma="|service|" pos="NN" wid="30">service</w>
  <w id="31" lemma="|to|" pos="TO" wid="31">to</w>
  <w id="32" lemma="|people|" pos="NNS" wid="32">people</w>
  <w id="33" lemma="|so|" pos="IN" wid="33">so</w>
  <w id="34" lemma="|they|" pos="PRP" wid="34">they</w>
  <w id="35" lemma="|may|" pos="MD" wid="35">may</w>
  <w id="36" lemma="|have|" pos="VB" wid="36">have</w>
  <w id="37" lemma="|dignity|" pos="NN" wid="37">dignity</w>
  <w id="38" lemma="|.|" pos="." wid="38">.</w>
</sentence>
<sentence id="23">
  <w id="0" lemma="|I|" pos="PRP" wid="0">I</w>
  <w id="1" lemma="|ask|" pos="VBP" wid="1">ask</w>
  <w id="2" lemma="|my|" pos="PRP$" wid="2">my</w>
  <w id="3" lemma="|brother|" pos="NNS" wid="3">brothers</w>
  <w id="4" lemma="|and|" pos="CC" wid="4">and</w>
  <w id="5" lemma="|sister|" pos="NNS" wid="5">sisters</w>
  <w id="6" lemma="|in|" pos="IN" wid="6">in</w>
  <w id="7" lemma="|the|" pos="DT" wid="7">the</w>
  <w id="8" lemma="|faith|" pos="NN" wid="8">faith</w>
  <w id="9" lemma="|and|" pos="CC" wid="9">and</w>
  <w id="10" lemma="|all|" pos="DT" wid="10">all</w>
  <w id="11" lemma="|man|" pos="NNS" wid="11">men</w>
  <w id="12" lemma="|and|" pos="CC" wid="12">and</w>
  <w id="13" lemma="|woman|" pos="NNS" wid="13">women</w>
  <w id="14" lemma="|of|" pos="IN" wid="14">of</w>
  <w id="15" lemma="|good|" pos="JJ" wid="15">good</w>
  <w id="16" lemma="|will|" pos="NN" wid="16">will</w>
  <w id="17" lemma="|for|" pos="IN" wid="17">for</w>
  <w id="18" lemma="|a|" pos="DT" wid="18">a</w>
  <w id="19" lemma="|decisive|" pos="JJ" wid="19">decisive</w>
  <w id="20" lemma="|choice|" pos="NN" wid="20">choice</w>
  <w id="21" lemma="|to|" pos="TO" wid="21">to</w>
  <w id="22" lemma="|combat|" pos="VB" wid="22">combat</w>
  <w id="23" lemma="|the|" pos="DT" wid="23">the</w>
  <w id="24" lemma="|trafficking|" pos="NN" wid="24">trafficking</w>
  <w id="25" lemma="|in|" pos="IN" wid="25">in</w>
  <w id="26" lemma="|person|" pos="NNS" wid="26">persons</w>
  <w id="27" lemma="|,|" pos="," wid="27">,</w>
  <w id="28" lemma="|in|" pos="IN" wid="28">in</w>
  <w id="29" lemma="|which|" pos="WDT" wid="29">which</w>
  <w id="30" lemma="|``|" pos="``" wid="30">``</w>
  <w id="31" lemma="|slave|" pos="NN" wid="31">slave</w>
  <w id="32" lemma="|labour|" pos="NN" wid="32">labour</w>
  <w id="33" lemma="|''|" pos="''" wid="33">''</w>
  <w id="34" lemma="|exist|" pos="VBZ" wid="34">exists</w>
  <w id="35" lemma="|.|" pos="." wid="35">.</w>
</sentence>
<sentence id="24">
  <w id="0" lemma="|2|" pos="CD" wid="0">2</w>
  <w id="1" lemma="|.|" pos="." wid="1">.</w>
</sentence>
<sentence id="25">
  <w id="0" lemma="|with|" pos="IN" wid="0">With</w>
  <w id="1" lemma="|reference|" pos="NN" wid="1">reference</w>
  <w id="2" lemma="|to|" pos="TO" wid="2">to</w>
  <w id="3" lemma="|the|" pos="DT" wid="3">the</w>
  <w id="4" lemma="|second|" pos="JJ" wid="4">second</w>
  <w id="5" lemma="|thought|" pos="NN" wid="5">thought</w>
  <w id="6" lemma="|:|" pos=":" wid="6">:</w>
  <w id="7" lemma="|in|" pos="IN" wid="7">in</w>
  <w id="8" lemma="|the|" pos="DT" wid="8">the</w>
  <w id="9" lemma="|silence|" pos="NN" wid="9">silence</w>
  <w id="10" lemma="|of|" pos="IN" wid="10">of</w>
  <w id="11" lemma="|the|" pos="DT" wid="11">the</w>
  <w id="12" lemma="|daily|" pos="JJ" wid="12">daily</w>
  <w id="13" lemma="|routine|" pos="NN" wid="13">routine</w>
  <w id="14" lemma="|,|" pos="," wid="14">,</w>
  <w id="15" lemma="|St|" pos="NNP" wid="15">St</w>
  <w id="16" lemma="|Joseph|" pos="NNP" wid="16">Joseph</w>
  <w id="17" lemma="|,|" pos="," wid="17">,</w>
  <w id="18" lemma="|together|" pos="RB" wid="18">together</w>
  <w id="19" lemma="|with|" pos="IN" wid="19">with</w>
  <w id="20" lemma="|Mary|" pos="NNP" wid="20">Mary</w>
  <w id="21" lemma="|,|" pos="," wid="21">,</w>
  <w id="22" lemma="|share|" pos="VBP" wid="22">share</w>
  <w id="23" lemma="|a|" pos="DT" wid="23">a</w>
  <w id="24" lemma="|single|" pos="JJ" wid="24">single</w>
  <w id="25" lemma="|common|" pos="JJ" wid="25">common</w>
  <w id="26" lemma="|centre|" pos="NN" wid="26">centre</w>
  <w id="27" lemma="|of|" pos="IN" wid="27">of</w>
  <w id="28" lemma="|attention|" pos="NN" wid="28">attention</w>
  <w id="29" lemma="|:|" pos=":" wid="29">:</w>
  <w id="30" lemma="|Jesus|" pos="NNP" wid="30">Jesus</w>
  <w id="31" lemma="|.|" pos="." wid="31">.</w>
</sentence>
<sentence id="26">
  <w id="0" lemma="|they|" pos="PRP" wid="0">They</w>
  <w id="1" lemma="|accompany|" pos="VBP" wid="1">accompany</w>
  <w id="2" lemma="|and|" pos="CC" wid="2">and</w>
  <w id="3" lemma="|nurture|" pos="VBP" wid="3">nurture</w>
  <w id="4" lemma="|the|" pos="DT" wid="4">the</w>
  <w id="5" lemma="|growth|" pos="NN" wid="5">growth</w>
  <w id="6" lemma="|of|" pos="IN" wid="6">of</w>
  <w id="7" lemma="|the|" pos="DT" wid="7">the</w>
  <w id="8" lemma="|Son|" pos="NNP" wid="8">Son</w>
  <w id="9" lemma="|of|" pos="IN" wid="9">of</w>
  <w id="10" lemma="|God|" pos="NNP" wid="10">God</w>
  <w id="11" lemma="|make|" pos="VBD" wid="11">made</w>
  <w id="12" lemma="|man|" pos="NN" wid="12">man</w>
  <w id="13" lemma="|for|" pos="IN" wid="13">for</w>
  <w id="14" lemma="|we|" pos="PRP" wid="14">us</w>
  <w id="15" lemma="|with|" pos="IN" wid="15">with</w>
  <w id="16" lemma="|commitment|" pos="NN" wid="16">commitment</w>
  <w id="17" lemma="|and|" pos="CC" wid="17">and</w>
  <w id="18" lemma="|tenderness|" pos="NN" wid="18">tenderness</w>
  <w id="19" lemma="|,|" pos="," wid="19">,</w>
  <w id="20" lemma="|reflect|" pos="VBG" wid="20">reflecting</w>
  <w id="21" lemma="|on|" pos="IN" wid="21">on</w>
  <w id="22" lemma="|everything|" pos="NN" wid="22">everything</w>
  <w id="23" lemma="|that|" pos="WDT" wid="23">that</w>
  <w id="24" lemma="|happen|" pos="VBD" wid="24">happened</w>
  <w id="25" lemma="|.|" pos="." wid="25">.</w>
</sentence>
<sentence id="27">
  <w id="0" lemma="|in|" pos="IN" wid="0">In</w>
  <w id="1" lemma="|the|" pos="DT" wid="1">the</w>
  <w id="2" lemma="|Gospels|" pos="NNPS" wid="2">Gospels</w>
  <w id="3" lemma="|,|" pos="," wid="3">,</w>
  <w id="4" lemma="|St|" pos="NNP" wid="4">St</w>
  <w id="5" lemma="|Luke|" pos="NNP" wid="5">Luke</w>
  <w id="6" lemma="|twice|" pos="RB" wid="6">twice</w>
  <w id="7" lemma="|emphasize|" pos="VBZ" wid="7">emphasizes</w>
  <w id="8" lemma="|the|" pos="DT" wid="8">the</w>
  <w id="9" lemma="|attitude|" pos="NN" wid="9">attitude</w>
  <w id="10" lemma="|of|" pos="IN" wid="10">of</w>
  <w id="11" lemma="|Mary|" pos="NNP" wid="11">Mary</w>
  <w id="12" lemma="|,|" pos="," wid="12">,</w>
  <w id="13" lemma="|which|" pos="WDT" wid="13">which</w>
  <w id="14" lemma="|be|" pos="VBZ" wid="14">is</w>
  <w id="15" lemma="|also|" pos="RB" wid="15">also</w>
  <w id="16" lemma="|that|" pos="DT" wid="16">that</w>
  <w id="17" lemma="|of|" pos="IN" wid="17">of</w>
  <w id="18" lemma="|St|" pos="NNP" wid="18">St</w>
  <w id="19" lemma="|Joseph|" pos="NNP" wid="19">Joseph</w>
  <w id="20" lemma="|:|" pos=":" wid="20">:</w>
  <w id="21" lemma="|she|" pos="PRP" wid="21">she</w>
  <w id="22" lemma="|``|" pos="``" wid="22">``</w>
  <w id="23" lemma="|keep|" pos="VBD" wid="23">kept</w>
  <w id="24" lemma="|all|" pos="PDT" wid="24">all</w>
  <w id="25" lemma="|these|" pos="DT" wid="25">these</w>
  <w id="26" lemma="|thing|" pos="NNS" wid="26">things</w>
  <w id="27" lemma="|,|" pos="," wid="27">,</w>
  <w id="28" lemma="|ponder|" pos="VBG" wid="28">pondering</w>
  <w id="29" lemma="|they|" pos="PRP" wid="29">them</w>
  <w id="30" lemma="|in|" pos="IN" wid="30">in</w>
  <w id="31" lemma="|she|" pos="PRP$" wid="31">her</w>
  <w id="32" lemma="|heart|" pos="NN" wid="32">heart</w>
  <w id="33" lemma="|''|" pos="''" wid="33">''</w>
  <w id="34" lemma="|-lrb-|" pos="-LRB-" wid="34">-LRB-</w>
  <w id="35" lemma="|2:19,51|" pos="CD" wid="35">2:19,51</w>
  <w id="36" lemma="|-rrb-|" pos="-RRB-" wid="36">-RRB-</w>
  <w id="37" lemma="|.|" pos="." wid="37">.</w>
</sentence>
<sentence id="28">
  <w id="0" lemma="|to|" pos="TO" wid="0">To</w>
  <w id="1" lemma="|listen|" pos="VB" wid="1">listen</w>
  <w id="2" lemma="|to|" pos="TO" wid="2">to</w>
  <w id="3" lemma="|the|" pos="DT" wid="3">the</w>
  <w id="4" lemma="|Lord|" pos="NNP" wid="4">Lord</w>
  <w id="5" lemma="|,|" pos="," wid="5">,</w>
  <w id="6" lemma="|we|" pos="PRP" wid="6">we</w>
  <w id="7" lemma="|must|" pos="MD" wid="7">must</w>
  <w id="8" lemma="|learn|" pos="VB" wid="8">learn</w>
  <w id="9" lemma="|to|" pos="TO" wid="9">to</w>
  <w id="10" lemma="|contemplate|" pos="VB" wid="10">contemplate</w>
  <w id="11" lemma="|,|" pos="," wid="11">,</w>
  <w id="12" lemma="|feel|" pos="VB" wid="12">feel</w>
  <w id="13" lemma="|he|" pos="PRP$" wid="13">his</w>
  <w id="14" lemma="|constant|" pos="JJ" wid="14">constant</w>
  <w id="15" lemma="|presence|" pos="NN" wid="15">presence</w>
  <w id="16" lemma="|in|" pos="IN" wid="16">in</w>
  <w id="17" lemma="|we|" pos="PRP$" wid="17">our</w>
  <w id="18" lemma="|life|" pos="NNS" wid="18">lives</w>
  <w id="19" lemma="|and|" pos="CC" wid="19">and</w>
  <w id="20" lemma="|we|" pos="PRP" wid="20">we</w>
  <w id="21" lemma="|must|" pos="MD" wid="21">must</w>
  <w id="22" lemma="|stop|" pos="VB" wid="22">stop</w>
  <w id="23" lemma="|and|" pos="CC" wid="23">and</w>
  <w id="24" lemma="|converse|" pos="VB" wid="24">converse</w>
  <w id="25" lemma="|with|" pos="IN" wid="25">with</w>
  <w id="26" lemma="|he|" pos="PRP" wid="26">him</w>
  <w id="27" lemma="|,|" pos="," wid="27">,</w>
  <w id="28" lemma="|give|" pos="VB" wid="28">give</w>
  <w id="29" lemma="|he|" pos="PRP" wid="29">him</w>
  <w id="30" lemma="|space|" pos="NN" wid="30">space</w>
  <w id="31" lemma="|in|" pos="IN" wid="31">in</w>
  <w id="32" lemma="|prayer|" pos="NN" wid="32">prayer</w>
  <w id="33" lemma="|.|" pos="." wid="33">.</w>
</sentence>
<sentence id="29">
  <w id="0" lemma="|each|" pos="DT" wid="0">Each</w>
  <w id="1" lemma="|of|" pos="IN" wid="1">of</w>
  <w id="2" lemma="|we|" pos="PRP" wid="2">us</w>
  <w id="3" lemma="|,|" pos="," wid="3">,</w>
  <w id="4" lemma="|even|" pos="RB" wid="4">even</w>
  <w id="5" lemma="|you|" pos="PRP" wid="5">you</w>
  <w id="6" lemma="|boy|" pos="NNS" wid="6">boys</w>
  <w id="7" lemma="|and|" pos="CC" wid="7">and</w>
  <w id="8" lemma="|girl|" pos="NNS" wid="8">girls</w>
  <w id="9" lemma="|,|" pos="," wid="9">,</w>
  <w id="10" lemma="|young|" pos="JJ" wid="10">young</w>
  <w id="11" lemma="|people|" pos="NNS" wid="11">people</w>
  <w id="12" lemma="|,|" pos="," wid="12">,</w>
  <w id="13" lemma="|so|" pos="RB" wid="13">so</w>
  <w id="14" lemma="|many|" pos="JJ" wid="14">many</w>
  <w id="15" lemma="|of|" pos="IN" wid="15">of</w>
  <w id="16" lemma="|you|" pos="PRP" wid="16">you</w>
  <w id="17" lemma="|here|" pos="RB" wid="17">here</w>
  <w id="18" lemma="|this|" pos="DT" wid="18">this</w>
  <w id="19" lemma="|morning|" pos="NN" wid="19">morning</w>
  <w id="20" lemma="|,|" pos="," wid="20">,</w>
  <w id="21" lemma="|should|" pos="MD" wid="21">should</w>
  <w id="22" lemma="|ask|" pos="VB" wid="22">ask</w>
  <w id="23" lemma="|yourselve|" pos="NNS" wid="23">yourselves</w>
  <w id="24" lemma="|:|" pos=":" wid="24">:</w>
  <w id="25" lemma="|``|" pos="``" wid="25">``</w>
  <w id="26" lemma="|how|" pos="WRB" wid="26">how</w>
  <w id="27" lemma="|much|" pos="JJ" wid="27">much</w>
  <w id="28" lemma="|space|" pos="NN" wid="28">space</w>
  <w id="29" lemma="|do|" pos="VBP" wid="29">do</w>
  <w id="30" lemma="|I|" pos="PRP" wid="30">I</w>
  <w id="31" lemma="|give|" pos="VB" wid="31">give</w>
  <w id="32" lemma="|to|" pos="TO" wid="32">to</w>
  <w id="33" lemma="|the|" pos="DT" wid="33">the</w>
  <w id="34" lemma="|Lord|" pos="NNP" wid="34">Lord</w>
  <w id="35" lemma="|?|" pos="." wid="35">?</w>
</sentence>
<sentence id="30">
  <w id="0" lemma="|do|" pos="VBP" wid="0">Do</w>
  <w id="1" lemma="|I|" pos="PRP" wid="1">I</w>
  <w id="2" lemma="|stop|" pos="VB" wid="2">stop</w>
  <w id="3" lemma="|to|" pos="TO" wid="3">to</w>
  <w id="4" lemma="|talk|" pos="VB" wid="4">talk</w>
  <w id="5" lemma="|with|" pos="IN" wid="5">with</w>
  <w id="6" lemma="|he|" pos="PRP" wid="6">him</w>
  <w id="7" lemma="|?|" pos="." wid="7">?</w>
  <w id="8" lemma="|''|" pos="''" wid="8">''</w>
</sentence>
<sentence id="31">
  <w id="0" lemma="|ever|" pos="RB" wid="0">Ever</w>
  <w id="1" lemma="|since|" pos="IN" wid="1">since</w>
  <w id="2" lemma="|we|" pos="PRP" wid="2">we</w>
  <w id="3" lemma="|be|" pos="VBD" wid="3">were</w>
  <w id="4" lemma="|child|" pos="NNS" wid="4">children</w>
  <w id="5" lemma="|,|" pos="," wid="5">,</w>
  <w id="6" lemma="|we|" pos="PRP$" wid="6">our</w>
  <w id="7" lemma="|parent|" pos="NNS" wid="7">parents</w>
  <w id="8" lemma="|have|" pos="VBP" wid="8">have</w>
  <w id="9" lemma="|teach|" pos="VBN" wid="9">taught</w>
  <w id="10" lemma="|we|" pos="PRP" wid="10">us</w>
  <w id="11" lemma="|to|" pos="TO" wid="11">to</w>
  <w id="12" lemma="|start|" pos="VB" wid="12">start</w>
  <w id="13" lemma="|and|" pos="CC" wid="13">and</w>
  <w id="14" lemma="|end|" pos="VB" wid="14">end</w>
  <w id="15" lemma="|the|" pos="DT" wid="15">the</w>
  <w id="16" lemma="|day|" pos="NN" wid="16">day</w>
  <w id="17" lemma="|with|" pos="IN" wid="17">with</w>
  <w id="18" lemma="|a|" pos="DT" wid="18">a</w>
  <w id="19" lemma="|prayer|" pos="NN" wid="19">prayer</w>
  <w id="20" lemma="|,|" pos="," wid="20">,</w>
  <w id="21" lemma="|to|" pos="TO" wid="21">to</w>
  <w id="22" lemma="|teach|" pos="VB" wid="22">teach</w>
  <w id="23" lemma="|we|" pos="PRP" wid="23">us</w>
  <w id="24" lemma="|to|" pos="TO" wid="24">to</w>
  <w id="25" lemma="|feel|" pos="VB" wid="25">feel</w>
  <w id="26" lemma="|that|" pos="IN" wid="26">that</w>
  <w id="27" lemma="|the|" pos="DT" wid="27">the</w>
  <w id="28" lemma="|friendship|" pos="NN" wid="28">friendship</w>
  <w id="29" lemma="|and|" pos="CC" wid="29">and</w>
  <w id="30" lemma="|the|" pos="DT" wid="30">the</w>
  <w id="31" lemma="|love|" pos="NN" wid="31">love</w>
  <w id="32" lemma="|of|" pos="IN" wid="32">of</w>
  <w id="33" lemma="|God|" pos="NNP" wid="33">God</w>
  <w id="34" lemma="|accompany|" pos="VBZ" wid="34">accompanies</w>
  <w id="35" lemma="|we|" pos="PRP" wid="35">us</w>
  <w id="36" lemma="|.|" pos="." wid="36">.</w>
</sentence>
<sentence id="32">
  <w id="0" lemma="|let|" pos="VB" wid="0">Let</w>
  <w id="1" lemma="|we|" pos="PRP" wid="1">us</w>
  <w id="2" lemma="|remember|" pos="VB" wid="2">remember</w>
  <w id="3" lemma="|the|" pos="DT" wid="3">the</w>
  <w id="4" lemma="|Lord|" pos="NNP" wid="4">Lord</w>
  <w id="5" lemma="|more|" pos="RBR" wid="5">more</w>
  <w id="6" lemma="|in|" pos="IN" wid="6">in</w>
  <w id="7" lemma="|we|" pos="PRP$" wid="7">our</w>
  <w id="8" lemma="|daily|" pos="JJ" wid="8">daily</w>
  <w id="9" lemma="|life|" pos="NN" wid="9">life</w>
  <w id="10" lemma="|!|" pos="." wid="10">!</w>
</sentence>
<sentence id="33">
  <w id="0" lemma="|and|" pos="CC" wid="0">And</w>
  <w id="1" lemma="|in|" pos="IN" wid="1">in</w>
  <w id="2" lemma="|this|" pos="DT" wid="2">this</w>
  <w id="3" lemma="|month|" pos="NN" wid="3">month</w>
  <w id="4" lemma="|of|" pos="IN" wid="4">of</w>
  <w id="5" lemma="|May|" pos="NNP" wid="5">May</w>
  <w id="6" lemma="|,|" pos="," wid="6">,</w>
  <w id="7" lemma="|I|" pos="PRP" wid="7">I</w>
  <w id="8" lemma="|would|" pos="MD" wid="8">would</w>
  <w id="9" lemma="|like|" pos="VB" wid="9">like</w>
  <w id="10" lemma="|to|" pos="TO" wid="10">to</w>
  <w id="11" lemma="|recall|" pos="VB" wid="11">recall</w>
  <w id="12" lemma="|the|" pos="DT" wid="12">the</w>
  <w id="13" lemma="|importance|" pos="NN" wid="13">importance</w>
  <w id="14" lemma="|and|" pos="CC" wid="14">and</w>
  <w id="15" lemma="|beauty|" pos="NN" wid="15">beauty</w>
  <w id="16" lemma="|of|" pos="IN" wid="16">of</w>
  <w id="17" lemma="|the|" pos="DT" wid="17">the</w>
  <w id="18" lemma="|prayer|" pos="NN" wid="18">prayer</w>
  <w id="19" lemma="|of|" pos="IN" wid="19">of</w>
  <w id="20" lemma="|the|" pos="DT" wid="20">the</w>
  <w id="21" lemma="|Holy|" pos="NNP" wid="21">Holy</w>
  <w id="22" lemma="|Rosary|" pos="NNP" wid="22">Rosary</w>
  <w id="23" lemma="|.|" pos="." wid="23">.</w>
</sentence>
<sentence id="34">
  <w id="0" lemma="|recite|" pos="VBG" wid="0">Reciting</w>
  <w id="1" lemma="|the|" pos="DT" wid="1">the</w>
  <w id="2" lemma="|Hail|" pos="NNP" wid="2">Hail</w>
  <w id="3" lemma="|Mary|" pos="NNP" wid="3">Mary</w>
  <w id="4" lemma="|,|" pos="," wid="4">,</w>
  <w id="5" lemma="|we|" pos="PRP" wid="5">we</w>
  <w id="6" lemma="|be|" pos="VBP" wid="6">are</w>
  <w id="7" lemma="|lead|" pos="VBN" wid="7">led</w>
  <w id="8" lemma="|to|" pos="TO" wid="8">to</w>
  <w id="9" lemma="|contemplate|" pos="VB" wid="9">contemplate</w>
  <w id="10" lemma="|the|" pos="DT" wid="10">the</w>
  <w id="11" lemma="|mystery|" pos="NNS" wid="11">mysteries</w>
  <w id="12" lemma="|of|" pos="IN" wid="12">of</w>
  <w id="13" lemma="|Jesus|" pos="NNP" wid="13">Jesus</w>
  <w id="14" lemma="|,|" pos="," wid="14">,</w>
  <w id="15" lemma="|that|" pos="DT" wid="15">that</w>
  <w id="16" lemma="|be|" pos="VBZ" wid="16">is</w>
  <w id="17" lemma="|,|" pos="," wid="17">,</w>
  <w id="18" lemma="|to|" pos="TO" wid="18">to</w>
  <w id="19" lemma="|reflect|" pos="VB" wid="19">reflect</w>
  <w id="20" lemma="|on|" pos="IN" wid="20">on</w>
  <w id="21" lemma="|the|" pos="DT" wid="21">the</w>
  <w id="22" lemma="|key|" pos="JJ" wid="22">key</w>
  <w id="23" lemma="|moment|" pos="NNS" wid="23">moments</w>
  <w id="24" lemma="|of|" pos="IN" wid="24">of</w>
  <w id="25" lemma="|he|" pos="PRP$" wid="25">his</w>
  <w id="26" lemma="|life|" pos="NN" wid="26">life</w>
  <w id="27" lemma="|,|" pos="," wid="27">,</w>
  <w id="28" lemma="|so|" pos="IN" wid="28">so</w>
  <w id="29" lemma="|that|" pos="DT" wid="29">that</w>
  <w id="30" lemma="|,|" pos="," wid="30">,</w>
  <w id="31" lemma="|as|" pos="IN" wid="31">as</w>
  <w id="32" lemma="|with|" pos="IN" wid="32">with</w>
  <w id="33" lemma="|Mary|" pos="NNP" wid="33">Mary</w>
  <w id="34" lemma="|and|" pos="CC" wid="34">and</w>
  <w id="35" lemma="|St|" pos="NNP" wid="35">St</w>
  <w id="36" lemma="|Joseph|" pos="NNP" wid="36">Joseph</w>
  <w id="37" lemma="|,|" pos="," wid="37">,</w>
  <w id="38" lemma="|he|" pos="PRP" wid="38">he</w>
  <w id="39" lemma="|be|" pos="VBZ" wid="39">is</w>
  <w id="40" lemma="|the|" pos="DT" wid="40">the</w>
  <w id="41" lemma="|centre|" pos="NN" wid="41">centre</w>
  <w id="42" lemma="|of|" pos="IN" wid="42">of</w>
  <w id="43" lemma="|we|" pos="PRP$" wid="43">our</w>
  <w id="44" lemma="|thought|" pos="NNS" wid="44">thoughts</w>
  <w id="45" lemma="|,|" pos="," wid="45">,</w>
  <w id="46" lemma="|of|" pos="IN" wid="46">of</w>
  <w id="47" lemma="|we|" pos="PRP$" wid="47">our</w>
  <w id="48" lemma="|attention|" pos="NN" wid="48">attention</w>
  <w id="49" lemma="|and|" pos="CC" wid="49">and</w>
  <w id="50" lemma="|we|" pos="PRP$" wid="50">our</w>
  <w id="51" lemma="|action|" pos="NNS" wid="51">actions</w>
  <w id="52" lemma="|.|" pos="." wid="52">.</w>
</sentence>
<sentence id="35">
  <w id="0" lemma="|it|" pos="PRP" wid="0">It</w>
  <w id="1" lemma="|would|" pos="MD" wid="1">would</w>
  <w id="2" lemma="|be|" pos="VB" wid="2">be</w>
  <w id="3" lemma="|nice|" pos="JJ" wid="3">nice</w>
  <w id="4" lemma="|if|" pos="IN" wid="4">if</w>
  <w id="5" lemma="|,|" pos="," wid="5">,</w>
  <w id="6" lemma="|especially|" pos="RB" wid="6">especially</w>
  <w id="7" lemma="|in|" pos="IN" wid="7">in</w>
  <w id="8" lemma="|this|" pos="DT" wid="8">this</w>
  <w id="9" lemma="|month|" pos="NN" wid="9">month</w>
  <w id="10" lemma="|of|" pos="IN" wid="10">of</w>
  <w id="11" lemma="|May|" pos="NNP" wid="11">May</w>
  <w id="12" lemma="|,|" pos="," wid="12">,</w>
  <w id="13" lemma="|we|" pos="PRP" wid="13">we</w>
  <w id="14" lemma="|could|" pos="MD" wid="14">could</w>
  <w id="15" lemma="|pray|" pos="VB" wid="15">pray</w>
  <w id="16" lemma="|the|" pos="DT" wid="16">the</w>
  <w id="17" lemma="|Holy|" pos="NNP" wid="17">Holy</w>
  <w id="18" lemma="|Rosary|" pos="NNP" wid="18">Rosary</w>
  <w id="19" lemma="|together|" pos="RB" wid="19">together</w>
  <w id="20" lemma="|in|" pos="IN" wid="20">in</w>
  <w id="21" lemma="|the|" pos="DT" wid="21">the</w>
  <w id="22" lemma="|family|" pos="NN" wid="22">family</w>
  <w id="23" lemma="|,|" pos="," wid="23">,</w>
  <w id="24" lemma="|with|" pos="IN" wid="24">with</w>
  <w id="25" lemma="|friend|" pos="NNS" wid="25">friends</w>
  <w id="26" lemma="|,|" pos="," wid="26">,</w>
  <w id="27" lemma="|in|" pos="IN" wid="27">in</w>
  <w id="28" lemma="|the|" pos="DT" wid="28">the</w>
  <w id="29" lemma="|parish|" pos="NN" wid="29">parish</w>
  <w id="30" lemma="|,|" pos="," wid="30">,</w>
  <w id="31" lemma="|or|" pos="CC" wid="31">or</w>
  <w id="32" lemma="|some|" pos="DT" wid="32">some</w>
  <w id="33" lemma="|prayer|" pos="NN" wid="33">prayer</w>
  <w id="34" lemma="|to|" pos="TO" wid="34">to</w>
  <w id="35" lemma="|Jesus|" pos="NNP" wid="35">Jesus</w>
  <w id="36" lemma="|and|" pos="CC" wid="36">and</w>
  <w id="37" lemma="|the|" pos="DT" wid="37">the</w>
  <w id="38" lemma="|Virgin|" pos="NNP" wid="38">Virgin</w>
  <w id="39" lemma="|Mary|" pos="NNP" wid="39">Mary</w>
  <w id="40" lemma="|!|" pos="." wid="40">!</w>
</sentence>
<sentence id="36">
  <w id="0" lemma="|pray|" pos="VBG" wid="0">Praying</w>
  <w id="1" lemma="|together|" pos="RB" wid="1">together</w>
  <w id="2" lemma="|be|" pos="VBZ" wid="2">is</w>
  <w id="3" lemma="|a|" pos="DT" wid="3">a</w>
  <w id="4" lemma="|precious|" pos="JJ" wid="4">precious</w>
  <w id="5" lemma="|moment|" pos="NN" wid="5">moment</w>
  <w id="6" lemma="|that|" pos="WDT" wid="6">that</w>
  <w id="7" lemma="|further|" pos="RB" wid="7">further</w>
  <w id="8" lemma="|strengthen|" pos="VBZ" wid="8">strengthens</w>
  <w id="9" lemma="|family|" pos="NN" wid="9">family</w>
  <w id="10" lemma="|life|" pos="NN" wid="10">life</w>
  <w id="11" lemma="|,|" pos="," wid="11">,</w>
  <w id="12" lemma="|friendship|" pos="NN" wid="12">friendship</w>
  <w id="13" lemma="|!|" pos="." wid="13">!</w>
</sentence>
<sentence id="37">
  <w id="0" lemma="|let|" pos="VB" wid="0">Let</w>
  <w id="1" lemma="|we|" pos="PRP" wid="1">us</w>
  <w id="2" lemma="|learn|" pos="VB" wid="2">learn</w>
  <w id="3" lemma="|to|" pos="TO" wid="3">to</w>
  <w id="4" lemma="|pray|" pos="VB" wid="4">pray</w>
  <w id="5" lemma="|more|" pos="RBR" wid="5">more</w>
  <w id="6" lemma="|in|" pos="IN" wid="6">in</w>
  <w id="7" lemma="|the|" pos="DT" wid="7">the</w>
  <w id="8" lemma="|family|" pos="NN" wid="8">family</w>
  <w id="9" lemma="|and|" pos="CC" wid="9">and</w>
  <w id="10" lemma="|as|" pos="IN" wid="10">as</w>
  <w id="11" lemma="|a|" pos="DT" wid="11">a</w>
  <w id="12" lemma="|family|" pos="NN" wid="12">family</w>
  <w id="13" lemma="|!|" pos="." wid="13">!</w>
</sentence>
<sentence id="38">
  <w id="0" lemma="|Dear|" pos="NNP" wid="0">Dear</w>
  <w id="1" lemma="|brother|" pos="NNS" wid="1">brothers</w>
  <w id="2" lemma="|and|" pos="CC" wid="2">and</w>
  <w id="3" lemma="|sister|" pos="NNS" wid="3">sisters</w>
  <w id="4" lemma="|,|" pos="," wid="4">,</w>
  <w id="5" lemma="|let|" pos="VB" wid="5">let</w>
  <w id="6" lemma="|we|" pos="PRP" wid="6">us</w>
  <w id="7" lemma="|ask|" pos="VB" wid="7">ask</w>
  <w id="8" lemma="|St|" pos="NNP" wid="8">St</w>
  <w id="9" lemma="|Joseph|" pos="NNP" wid="9">Joseph</w>
  <w id="10" lemma="|and|" pos="CC" wid="10">and</w>
  <w id="11" lemma="|the|" pos="DT" wid="11">the</w>
  <w id="12" lemma="|Virgin|" pos="NNP" wid="12">Virgin</w>
  <w id="13" lemma="|Mary|" pos="NNP" wid="13">Mary</w>
  <w id="14" lemma="|to|" pos="TO" wid="14">to</w>
  <w id="15" lemma="|teach|" pos="VB" wid="15">teach</w>
  <w id="16" lemma="|we|" pos="PRP" wid="16">us</w>
  <w id="17" lemma="|to|" pos="TO" wid="17">to</w>
  <w id="18" lemma="|be|" pos="VB" wid="18">be</w>
  <w id="19" lemma="|faithful|" pos="JJ" wid="19">faithful</w>
  <w id="20" lemma="|to|" pos="TO" wid="20">to</w>
  <w id="21" lemma="|we|" pos="PRP$" wid="21">our</w>
  <w id="22" lemma="|daily|" pos="JJ" wid="22">daily</w>
  <w id="23" lemma="|task|" pos="NNS" wid="23">tasks</w>
  <w id="24" lemma="|,|" pos="," wid="24">,</w>
  <w id="25" lemma="|to|" pos="TO" wid="25">to</w>
  <w id="26" lemma="|live|" pos="VB" wid="26">live</w>
  <w id="27" lemma="|we|" pos="PRP$" wid="27">our</w>
  <w id="28" lemma="|faith|" pos="NN" wid="28">faith</w>
  <w id="29" lemma="|in|" pos="IN" wid="29">in</w>
  <w id="30" lemma="|the|" pos="DT" wid="30">the</w>
  <w id="31" lemma="|action|" pos="NNS" wid="31">actions</w>
  <w id="32" lemma="|of|" pos="IN" wid="32">of</w>
  <w id="33" lemma="|everyday|" pos="JJ" wid="33">everyday</w>
  <w id="34" lemma="|life|" pos="NN" wid="34">life</w>
  <w id="35" lemma="|and|" pos="CC" wid="35">and</w>
  <w id="36" lemma="|to|" pos="TO" wid="36">to</w>
  <w id="37" lemma="|give|" pos="VB" wid="37">give</w>
  <w id="38" lemma="|more|" pos="JJR" wid="38">more</w>
  <w id="39" lemma="|space|" pos="NN" wid="39">space</w>
  <w id="40" lemma="|to|" pos="TO" wid="40">to</w>
  <w id="41" lemma="|the|" pos="DT" wid="41">the</w>
  <w id="42" lemma="|Lord|" pos="NNP" wid="42">Lord</w>
  <w id="43" lemma="|in|" pos="IN" wid="43">in</w>
  <w id="44" lemma="|we|" pos="PRP$" wid="44">our</w>
  <w id="45" lemma="|life|" pos="NNS" wid="45">lives</w>
  <w id="46" lemma="|,|" pos="," wid="46">,</w>
  <w id="47" lemma="|to|" pos="TO" wid="47">to</w>
  <w id="48" lemma="|pause|" pos="VB" wid="48">pause</w>
  <w id="49" lemma="|to|" pos="TO" wid="49">to</w>
  <w id="50" lemma="|contemplate|" pos="VB" wid="50">contemplate</w>
  <w id="51" lemma="|he|" pos="PRP$" wid="51">his</w>
  <w id="52" lemma="|face|" pos="NN" wid="52">face</w>
  <w id="53" lemma="|.|" pos="." wid="53">.</w>
</sentence>
<sentence id="39">
  <w id="0" lemma="|thank|" pos="VB" wid="0">Thank</w>
  <w id="1" lemma="|you|" pos="PRP" wid="1">you</w>
  <w id="2" lemma="|.|" pos="." wid="2">.</w>
</sentence>
<sentence id="40">
  <w id="0" lemma="|greeting|" pos="NNS" wid="0">Greetings</w>
  <w id="1" lemma="|:|" pos=":" wid="1">:</w>
  <w id="2" lemma="|I|" pos="PRP" wid="2">I</w>
  <w id="3" lemma="|be|" pos="VBP" wid="3">am</w>
  <w id="4" lemma="|pleased|" pos="JJ" wid="4">pleased</w>
  <w id="5" lemma="|to|" pos="TO" wid="5">to</w>
  <w id="6" lemma="|greet|" pos="VB" wid="6">greet</w>
  <w id="7" lemma="|the|" pos="DT" wid="7">the</w>
  <w id="8" lemma="|many|" pos="JJ" wid="8">many</w>
  <w id="9" lemma="|pilgrimage|" pos="NN" wid="9">pilgrimage</w>
  <w id="10" lemma="|group|" pos="NNS" wid="10">groups</w>
  <w id="11" lemma="|present|" pos="JJ" wid="11">present</w>
  <w id="12" lemma="|at|" pos="IN" wid="12">at</w>
  <w id="13" lemma="|today|" pos="NN" wid="13">today</w>
  <w id="14" lemma="|'s|" pos="POS" wid="14">'s</w>
  <w id="15" lemma="|audience|" pos="NN" wid="15">Audience</w>
  <w id="16" lemma="|,|" pos="," wid="16">,</w>
  <w id="17" lemma="|include|" pos="VBG" wid="17">including</w>
  <w id="18" lemma="|those|" pos="DT" wid="18">those</w>
  <w id="19" lemma="|from|" pos="IN" wid="19">from</w>
  <w id="20" lemma="|the|" pos="DT" wid="20">the</w>
  <w id="21" lemma="|Archdiocese|" pos="NNP" wid="21">Archdiocese</w>
  <w id="22" lemma="|of|" pos="IN" wid="22">of</w>
  <w id="23" lemma="|Gwangju|" pos="NNP" wid="23">Gwangju</w>
  <w id="24" lemma="|in|" pos="IN" wid="24">in</w>
  <w id="25" lemma="|South|" pos="NNP" wid="25">South</w>
  <w id="26" lemma="|Korea|" pos="NNP" wid="26">Korea</w>
  <w id="27" lemma="|.|" pos="." wid="27">.</w>
</sentence>
<sentence id="41">
  <w id="0" lemma="|upon|" pos="IN" wid="0">Upon</w>
  <w id="1" lemma="|all|" pos="PDT" wid="1">all</w>
  <w id="2" lemma="|the|" pos="DT" wid="2">the</w>
  <w id="3" lemma="|english-speaking|" pos="JJ" wid="3">English-speaking</w>
  <w id="4" lemma="|visitor|" pos="NNS" wid="4">visitors</w>
  <w id="5" lemma="|,|" pos="," wid="5">,</w>
  <w id="6" lemma="|include|" pos="VBG" wid="6">including</w>
  <w id="7" lemma="|those|" pos="DT" wid="7">those</w>
  <w id="8" lemma="|from|" pos="IN" wid="8">from</w>
  <w id="9" lemma="|England|" pos="NNP" wid="9">England</w>
  <w id="10" lemma="|,|" pos="," wid="10">,</w>
  <w id="11" lemma="|Scotland|" pos="NNP" wid="11">Scotland</w>
  <w id="12" lemma="|,|" pos="," wid="12">,</w>
  <w id="13" lemma="|Denmark|" pos="NNP" wid="13">Denmark</w>
  <w id="14" lemma="|,|" pos="," wid="14">,</w>
  <w id="15" lemma="|Canada|" pos="NNP" wid="15">Canada</w>
  <w id="16" lemma="|and|" pos="CC" wid="16">and</w>
  <w id="17" lemma="|the|" pos="DT" wid="17">the</w>
  <w id="18" lemma="|United|" pos="NNP" wid="18">United</w>
  <w id="19" lemma="|States|" pos="NNPS" wid="19">States</w>
  <w id="20" lemma="|,|" pos="," wid="20">,</w>
  <w id="21" lemma="|I|" pos="PRP" wid="21">I</w>
  <w id="22" lemma="|invoke|" pos="VBP" wid="22">invoke</w>
  <w id="23" lemma="|the|" pos="DT" wid="23">the</w>
  <w id="24" lemma="|joy|" pos="NN" wid="24">joy</w>
  <w id="25" lemma="|and|" pos="CC" wid="25">and</w>
  <w id="26" lemma="|peace|" pos="NN" wid="26">peace</w>
  <w id="27" lemma="|of|" pos="IN" wid="27">of</w>
  <w id="28" lemma="|the|" pos="DT" wid="28">the</w>
  <w id="29" lemma="|Risen|" pos="NNP" wid="29">Risen</w>
  <w id="30" lemma="|Lord|" pos="NNP" wid="30">Lord</w>
  <w id="31" lemma="|.|" pos="." wid="31">.</w>
</sentence>
<sentence id="42">
  <w id="0" lemma="|finally|" pos="RB" wid="0">Finally</w>
  <w id="1" lemma="|I|" pos="PRP" wid="1">I</w>
  <w id="2" lemma="|would|" pos="MD" wid="2">would</w>
  <w id="3" lemma="|like|" pos="VB" wid="3">like</w>
  <w id="4" lemma="|to|" pos="TO" wid="4">to</w>
  <w id="5" lemma="|address|" pos="VB" wid="5">address</w>
  <w id="6" lemma="|,|" pos="," wid="6">,</w>
  <w id="7" lemma="|as|" pos="IN" wid="7">as</w>
  <w id="8" lemma="|be|" pos="VBZ" wid="8">is</w>
  <w id="9" lemma="|customary|" pos="JJ" wid="9">customary</w>
  <w id="10" lemma="|,|" pos="," wid="10">,</w>
  <w id="11" lemma="|the|" pos="DT" wid="11">the</w>
  <w id="12" lemma="|young|" pos="JJ" wid="12">young</w>
  <w id="13" lemma="|people|" pos="NNS" wid="13">people</w>
  <w id="14" lemma="|,|" pos="," wid="14">,</w>
  <w id="15" lemma="|the|" pos="DT" wid="15">the</w>
  <w id="16" lemma="|sick|" pos="JJ" wid="16">sick</w>
  <w id="17" lemma="|and|" pos="CC" wid="17">and</w>
  <w id="18" lemma="|the|" pos="DT" wid="18">the</w>
  <w id="19" lemma="|newlywed|" pos="NNS" wid="19">newlyweds</w>
  <w id="20" lemma="|.|" pos="." wid="20">.</w>
</sentence>
<sentence id="43">
  <w id="0" lemma="|Dear|" pos="NNP" wid="0">Dear</w>
  <w id="1" lemma="|young|" pos="JJ" wid="1">young</w>
  <w id="2" lemma="|people|" pos="NNS" wid="2">people</w>
  <w id="3" lemma="|,|" pos="," wid="3">,</w>
  <w id="4" lemma="|maybe|" pos="RB" wid="4">maybe</w>
  <w id="5" lemma="|you|" pos="PRP" wid="5">you</w>
  <w id="6" lemma="|be|" pos="VB" wid="6">be</w>
  <w id="7" lemma="|in|" pos="IN" wid="7">in</w>
  <w id="8" lemma="|love|" pos="NN" wid="8">love</w>
  <w id="9" lemma="|with|" pos="IN" wid="9">with</w>
  <w id="10" lemma="|Christ|" pos="NNP" wid="10">Christ</w>
  <w id="11" lemma="|in|" pos="IN" wid="11">in</w>
  <w id="12" lemma="|order|" pos="NN" wid="12">order</w>
  <w id="13" lemma="|to|" pos="TO" wid="13">to</w>
  <w id="14" lemma="|follow|" pos="VB" wid="14">follow</w>
  <w id="15" lemma="|he|" pos="PRP" wid="15">him</w>
  <w id="16" lemma="|with|" pos="IN" wid="16">with</w>
  <w id="17" lemma="|passion|" pos="NN" wid="17">passion</w>
  <w id="18" lemma="|and|" pos="CC" wid="18">and</w>
  <w id="19" lemma="|fidelity|" pos="NN" wid="19">fidelity</w>
  <w id="20" lemma="|.|" pos="." wid="20">.</w>
</sentence>
<sentence id="44">
  <w id="0" lemma="|you|" pos="PRP" wid="0">You</w>
  <w id="1" lemma="|,|" pos="," wid="1">,</w>
  <w id="2" lemma="|dear|" pos="RB" wid="2">dear</w>
  <w id="3" lemma="|sick|" pos="JJ" wid="3">sick</w>
  <w id="4" lemma="|people|" pos="NNS" wid="4">people</w>
  <w id="5" lemma="|,|" pos="," wid="5">,</w>
  <w id="6" lemma="|immerse|" pos="VB" wid="6">immerse</w>
  <w id="7" lemma="|you|" pos="PRP$" wid="7">your</w>
  <w id="8" lemma="|suffering|" pos="NN" wid="8">suffering</w>
  <w id="9" lemma="|in|" pos="IN" wid="9">in</w>
  <w id="10" lemma="|the|" pos="DT" wid="10">the</w>
  <w id="11" lemma="|mystery|" pos="NN" wid="11">mystery</w>
  <w id="12" lemma="|of|" pos="IN" wid="12">of</w>
  <w id="13" lemma="|love|" pos="NN" wid="13">love</w>
  <w id="14" lemma="|of|" pos="IN" wid="14">of</w>
  <w id="15" lemma="|the|" pos="DT" wid="15">the</w>
  <w id="16" lemma="|Blood|" pos="NNP" wid="16">Blood</w>
  <w id="17" lemma="|of|" pos="IN" wid="17">of</w>
  <w id="18" lemma="|the|" pos="DT" wid="18">the</w>
  <w id="19" lemma="|Redeemer|" pos="NNP" wid="19">Redeemer</w>
  <w id="20" lemma="|.|" pos="." wid="20">.</w>
</sentence>
<sentence id="45">
  <w id="0" lemma="|and|" pos="CC" wid="0">And</w>
  <w id="1" lemma="|you|" pos="PRP" wid="1">you</w>
  <w id="2" lemma="|,|" pos="," wid="2">,</w>
  <w id="3" lemma="|dear|" pos="RB" wid="3">dear</w>
  <w id="4" lemma="|newlywed|" pos="NNS" wid="4">newlyweds</w>
  <w id="5" lemma="|,|" pos="," wid="5">,</w>
  <w id="6" lemma="|with|" pos="IN" wid="6">with</w>
  <w id="7" lemma="|you|" pos="PRP$" wid="7">your</w>
  <w id="8" lemma="|mutual|" pos="JJ" wid="8">mutual</w>
  <w id="9" lemma="|and|" pos="CC" wid="9">and</w>
  <w id="10" lemma="|reciprocal|" pos="JJ" wid="10">reciprocal</w>
  <w id="11" lemma="|love|" pos="NN" wid="11">love</w>
  <w id="12" lemma="|,|" pos="," wid="12">,</w>
  <w id="13" lemma="|may|" pos="MD" wid="13">may</w>
  <w id="14" lemma="|you|" pos="PRP" wid="14">you</w>
  <w id="15" lemma="|be|" pos="VB" wid="15">be</w>
  <w id="16" lemma="|a|" pos="DT" wid="16">a</w>
  <w id="17" lemma="|meaningful|" pos="JJ" wid="17">meaningful</w>
  <w id="18" lemma="|sign|" pos="NN" wid="18">sign</w>
  <w id="19" lemma="|of|" pos="IN" wid="19">of</w>
  <w id="20" lemma="|love|" pos="NN" wid="20">love</w>
  <w id="21" lemma="|of|" pos="IN" wid="21">of</w>
  <w id="22" lemma="|Christ|" pos="NNP" wid="22">Christ</w>
  <w id="23" lemma="|for|" pos="IN" wid="23">for</w>
  <w id="24" lemma="|the|" pos="DT" wid="24">the</w>
  <w id="25" lemma="|Church|" pos="NNP" wid="25">Church</w>
  <w id="26" lemma="|.|" pos="." wid="26">.</w>
</sentence>
<sentence id="46">
  <w id="0" lemma="|thank|" pos="VB" wid="0">Thank</w>
  <w id="1" lemma="|you|" pos="PRP" wid="1">you</w>
  <w id="2" lemma="|.|" pos="." wid="2">.</w>
</sentence>
</corpus>