<corpus id="0">
<sentence id="0">
  <w id="0" lemma="|Dear|" pos="NNP" wid="0">Dear</w>
  <w id="1" lemma="|Brothers|" pos="NNPS" wid="1">Brothers</w>
  <w id="2" lemma="|and|" pos="CC" wid="2">and</w>
  <w id="3" lemma="|sister|" pos="NNS" wid="3">Sisters</w>
  <w id="4" lemma="|,|" pos="," wid="4">,</w>
  <w id="5" lemma="|good|" pos="JJ" wid="5">Good</w>
  <w id="6" lemma="|morning|" pos="NN" wid="6">morning</w>
  <w id="7" lemma="|!|" pos="." wid="7">!</w>
</sentence>
<sentence id="1">
  <w id="0" lemma="|moment|" pos="NNS" wid="0">Moments</w>
  <w id="1" lemma="|ago|" pos="RB" wid="1">ago</w>
  <w id="2" lemma="|in|" pos="IN" wid="2">in</w>
  <w id="3" lemma="|St|" pos="NNP" wid="3">St</w>
  <w id="4" lemma="|Peter|" pos="NNP" wid="4">Peter</w>
  <w id="5" lemma="|'s|" pos="POS" wid="5">'s</w>
  <w id="6" lemma="|basilica|" pos="NN" wid="6">Basilica</w>
  <w id="7" lemma="|,|" pos="," wid="7">,</w>
  <w id="8" lemma="|the|" pos="DT" wid="8">the</w>
  <w id="9" lemma="|eucharistic|" pos="JJ" wid="9">Eucharistic</w>
  <w id="10" lemma="|celebration|" pos="NN" wid="10">celebration</w>
  <w id="11" lemma="|,|" pos="," wid="11">,</w>
  <w id="12" lemma="|with|" pos="IN" wid="12">with</w>
  <w id="13" lemma="|which|" pos="WDT" wid="13">which</w>
  <w id="14" lemma="|we|" pos="PRP" wid="14">we</w>
  <w id="15" lemma="|open|" pos="VBD" wid="15">opened</w>
  <w id="16" lemma="|the|" pos="DT" wid="16">the</w>
  <w id="17" lemma="|Ordinary|" pos="NNP" wid="17">Ordinary</w>
  <w id="18" lemma="|General|" pos="NNP" wid="18">General</w>
  <w id="19" lemma="|Assembly|" pos="NNP" wid="19">Assembly</w>
  <w id="20" lemma="|of|" pos="IN" wid="20">of</w>
  <w id="21" lemma="|the|" pos="DT" wid="21">the</w>
  <w id="22" lemma="|synod|" pos="NN" wid="22">Synod</w>
  <w id="23" lemma="|of|" pos="IN" wid="23">of</w>
  <w id="24" lemma="|bishop|" pos="NNS" wid="24">Bishops</w>
  <w id="25" lemma="|,|" pos="," wid="25">,</w>
  <w id="26" lemma="|conclude|" pos="VBD" wid="26">concluded</w>
  <w id="27" lemma="|.|" pos="." wid="27">.</w>
</sentence>
<sentence id="2">
  <w id="0" lemma="|the|" pos="DT" wid="0">The</w>
  <w id="1" lemma="|Synod|" pos="NNP" wid="1">Synod</w>
  <w id="2" lemma="|father|" pos="NNS" wid="2">Fathers</w>
  <w id="3" lemma="|,|" pos="," wid="3">,</w>
  <w id="4" lemma="|come|" pos="VBG" wid="4">coming</w>
  <w id="5" lemma="|from|" pos="IN" wid="5">from</w>
  <w id="6" lemma="|every|" pos="DT" wid="6">every</w>
  <w id="7" lemma="|part|" pos="NN" wid="7">part</w>
  <w id="8" lemma="|of|" pos="IN" wid="8">of</w>
  <w id="9" lemma="|the|" pos="DT" wid="9">the</w>
  <w id="10" lemma="|world|" pos="NN" wid="10">world</w>
  <w id="11" lemma="|and|" pos="CC" wid="11">and</w>
  <w id="12" lemma="|meeting|" pos="NN" wid="12">meeting</w>
  <w id="13" lemma="|around|" pos="IN" wid="13">around</w>
  <w id="14" lemma="|the|" pos="DT" wid="14">the</w>
  <w id="15" lemma="|Successor|" pos="NNP" wid="15">Successor</w>
  <w id="16" lemma="|of|" pos="IN" wid="16">of</w>
  <w id="17" lemma="|Peter|" pos="NNP" wid="17">Peter</w>
  <w id="18" lemma="|,|" pos="," wid="18">,</w>
  <w id="19" lemma="|will|" pos="MD" wid="19">will</w>
  <w id="20" lemma="|reflect|" pos="VB" wid="20">reflect</w>
  <w id="21" lemma="|for|" pos="IN" wid="21">for</w>
  <w id="22" lemma="|three|" pos="CD" wid="22">three</w>
  <w id="23" lemma="|week|" pos="NNS" wid="23">weeks</w>
  <w id="24" lemma="|on|" pos="IN" wid="24">on</w>
  <w id="25" lemma="|the|" pos="DT" wid="25">the</w>
  <w id="26" lemma="|vocation|" pos="NN" wid="26">vocation</w>
  <w id="27" lemma="|and|" pos="CC" wid="27">and</w>
  <w id="28" lemma="|the|" pos="DT" wid="28">the</w>
  <w id="29" lemma="|mission|" pos="NN" wid="29">mission</w>
  <w id="30" lemma="|of|" pos="IN" wid="30">of</w>
  <w id="31" lemma="|the|" pos="DT" wid="31">the</w>
  <w id="32" lemma="|family|" pos="NN" wid="32">family</w>
  <w id="33" lemma="|in|" pos="IN" wid="33">in</w>
  <w id="34" lemma="|the|" pos="DT" wid="34">the</w>
  <w id="35" lemma="|Church|" pos="NNP" wid="35">Church</w>
  <w id="36" lemma="|and|" pos="CC" wid="36">and</w>
  <w id="37" lemma="|in|" pos="IN" wid="37">in</w>
  <w id="38" lemma="|society|" pos="NN" wid="38">society</w>
  <w id="39" lemma="|,|" pos="," wid="39">,</w>
  <w id="40" lemma="|for|" pos="IN" wid="40">for</w>
  <w id="41" lemma="|a|" pos="DT" wid="41">a</w>
  <w id="42" lemma="|careful|" pos="JJ" wid="42">careful</w>
  <w id="43" lemma="|spiritual|" pos="JJ" wid="43">spiritual</w>
  <w id="44" lemma="|and|" pos="CC" wid="44">and</w>
  <w id="45" lemma="|pastoral|" pos="JJ" wid="45">pastoral</w>
  <w id="46" lemma="|discernment|" pos="NN" wid="46">discernment</w>
  <w id="47" lemma="|.|" pos="." wid="47">.</w>
</sentence>
<sentence id="3">
  <w id="0" lemma="|we|" pos="PRP" wid="0">We</w>
  <w id="1" lemma="|will|" pos="MD" wid="1">will</w>
  <w id="2" lemma="|keep|" pos="VB" wid="2">keep</w>
  <w id="3" lemma="|we|" pos="PRP$" wid="3">our</w>
  <w id="4" lemma="|gaze|" pos="VB" wid="4">gaze</w>
  <w id="5" lemma="|fix|" pos="VBN" wid="5">fixed</w>
  <w id="6" lemma="|on|" pos="IN" wid="6">on</w>
  <w id="7" lemma="|Jesus|" pos="NNP" wid="7">Jesus</w>
  <w id="8" lemma="|so|" pos="RB" wid="8">so</w>
  <w id="9" lemma="|as|" pos="IN" wid="9">as</w>
  <w id="10" lemma="|to|" pos="TO" wid="10">to</w>
  <w id="11" lemma="|identify|" pos="VB" wid="11">identify</w>
  <w id="12" lemma="|,|" pos="," wid="12">,</w>
  <w id="13" lemma="|on|" pos="IN" wid="13">on</w>
  <w id="14" lemma="|the|" pos="DT" wid="14">the</w>
  <w id="15" lemma="|basis|" pos="NN" wid="15">basis</w>
  <w id="16" lemma="|of|" pos="IN" wid="16">of</w>
  <w id="17" lemma="|he|" pos="PRP$" wid="17">his</w>
  <w id="18" lemma="|teaching|" pos="NN" wid="18">teaching</w>
  <w id="19" lemma="|of|" pos="IN" wid="19">of</w>
  <w id="20" lemma="|truth|" pos="NN" wid="20">truth</w>
  <w id="21" lemma="|and|" pos="CC" wid="21">and</w>
  <w id="22" lemma="|mercy|" pos="NN" wid="22">mercy</w>
  <w id="23" lemma="|,|" pos="," wid="23">,</w>
  <w id="24" lemma="|the|" pos="DT" wid="24">the</w>
  <w id="25" lemma="|most|" pos="RBS" wid="25">most</w>
  <w id="26" lemma="|opportune|" pos="JJ" wid="26">opportune</w>
  <w id="27" lemma="|path|" pos="NNS" wid="27">paths</w>
  <w id="28" lemma="|for|" pos="IN" wid="28">for</w>
  <w id="29" lemma="|the|" pos="DT" wid="29">the</w>
  <w id="30" lemma="|appropriate|" pos="JJ" wid="30">appropriate</w>
  <w id="31" lemma="|commitment|" pos="NN" wid="31">commitment</w>
  <w id="32" lemma="|of|" pos="IN" wid="32">of</w>
  <w id="33" lemma="|the|" pos="DT" wid="33">the</w>
  <w id="34" lemma="|Church|" pos="NNP" wid="34">Church</w>
  <w id="35" lemma="|with|" pos="IN" wid="35">with</w>
  <w id="36" lemma="|family|" pos="NNS" wid="36">families</w>
  <w id="37" lemma="|and|" pos="CC" wid="37">and</w>
  <w id="38" lemma="|for|" pos="IN" wid="38">for</w>
  <w id="39" lemma="|family|" pos="NNS" wid="39">families</w>
  <w id="40" lemma="|,|" pos="," wid="40">,</w>
  <w id="41" lemma="|so|" pos="IN" wid="41">so</w>
  <w id="42" lemma="|that|" pos="IN" wid="42">that</w>
  <w id="43" lemma="|the|" pos="DT" wid="43">the</w>
  <w id="44" lemma="|original|" pos="JJ" wid="44">original</w>
  <w id="45" lemma="|plan|" pos="NN" wid="45">plan</w>
  <w id="46" lemma="|of|" pos="IN" wid="46">of</w>
  <w id="47" lemma="|the|" pos="DT" wid="47">the</w>
  <w id="48" lemma="|Creator|" pos="NNP" wid="48">Creator</w>
  <w id="49" lemma="|for|" pos="IN" wid="49">for</w>
  <w id="50" lemma="|man|" pos="NN" wid="50">man</w>
  <w id="51" lemma="|and|" pos="CC" wid="51">and</w>
  <w id="52" lemma="|woman|" pos="NN" wid="52">woman</w>
  <w id="53" lemma="|may|" pos="MD" wid="53">may</w>
  <w id="54" lemma="|be|" pos="VB" wid="54">be</w>
  <w id="55" lemma="|implement|" pos="VBN" wid="55">implemented</w>
  <w id="56" lemma="|and|" pos="CC" wid="56">and</w>
  <w id="57" lemma="|operate|" pos="VBP" wid="57">operate</w>
  <w id="58" lemma="|in|" pos="IN" wid="58">in</w>
  <w id="59" lemma="|all|" pos="DT" wid="59">all</w>
  <w id="60" lemma="|its|" pos="PRP$" wid="60">its</w>
  <w id="61" lemma="|beauty|" pos="NN" wid="61">beauty</w>
  <w id="62" lemma="|and|" pos="CC" wid="62">and</w>
  <w id="63" lemma="|its|" pos="PRP$" wid="63">its</w>
  <w id="64" lemma="|strength|" pos="NN" wid="64">strength</w>
  <w id="65" lemma="|in|" pos="IN" wid="65">in</w>
  <w id="66" lemma="|today|" pos="NN" wid="66">today</w>
  <w id="67" lemma="|'s|" pos="POS" wid="67">'s</w>
  <w id="68" lemma="|world|" pos="NN" wid="68">world</w>
  <w id="69" lemma="|.|" pos="." wid="69">.</w>
</sentence>
<sentence id="4">
  <w id="0" lemma="|this|" pos="DT" wid="0">This</w>
  <w id="1" lemma="|Sunday|" pos="NNP" wid="1">Sunday</w>
  <w id="2" lemma="|'s|" pos="POS" wid="2">'s</w>
  <w id="3" lemma="|Liturgy|" pos="NNP" wid="3">Liturgy</w>
  <w id="4" lemma="|present|" pos="VBZ" wid="4">presents</w>
  <w id="5" lemma="|again|" pos="RB" wid="5">again</w>
  <w id="6" lemma="|the|" pos="DT" wid="6">the</w>
  <w id="7" lemma="|fundamental|" pos="JJ" wid="7">fundamental</w>
  <w id="8" lemma="|text|" pos="NN" wid="8">text</w>
  <w id="9" lemma="|of|" pos="IN" wid="9">of</w>
  <w id="10" lemma="|the|" pos="DT" wid="10">the</w>
  <w id="11" lemma="|Book|" pos="NNP" wid="11">Book</w>
  <w id="12" lemma="|of|" pos="IN" wid="12">of</w>
  <w id="13" lemma="|Genesis|" pos="NNP" wid="13">Genesis</w>
  <w id="14" lemma="|on|" pos="IN" wid="14">on</w>
  <w id="15" lemma="|the|" pos="DT" wid="15">the</w>
  <w id="16" lemma="|complementarity|" pos="NN" wid="16">complementarity</w>
  <w id="17" lemma="|and|" pos="CC" wid="17">and</w>
  <w id="18" lemma="|reciprocity|" pos="NN" wid="18">reciprocity</w>
  <w id="19" lemma="|between|" pos="IN" wid="19">between</w>
  <w id="20" lemma="|man|" pos="NN" wid="20">man</w>
  <w id="21" lemma="|and|" pos="CC" wid="21">and</w>
  <w id="22" lemma="|woman|" pos="NN" wid="22">woman</w>
  <w id="23" lemma="|-lrb-|" pos="-LRB-" wid="23">-LRB-</w>
  <w id="24" lemma="|cf|" pos="NN" wid="24">cf</w>
  <w id="25" lemma="|.|" pos="." wid="25">.</w>
</sentence>
<sentence id="5">
  <w id="0" lemma="|gen|" pos="NN" wid="0">Gen</w>
  <w id="1" lemma="|2:18|" pos="CD" wid="1">2:18</w>
  <w id="2" lemma="|-24|" pos="CD" wid="2">-24</w>
  <w id="3" lemma="|-rrb-|" pos="-RRB-" wid="3">-RRB-</w>
  <w id="4" lemma="|.|" pos="." wid="4">.</w>
</sentence>
<sentence id="6">
  <w id="0" lemma="|therefore|" pos="RB" wid="0">Therefore</w>
  <w id="1" lemma="|--|" pos=":" wid="1">--</w>
  <w id="2" lemma="|the|" pos="DT" wid="2">the</w>
  <w id="3" lemma="|Bible|" pos="NNP" wid="3">Bible</w>
  <w id="4" lemma="|state|" pos="NNS" wid="4">states</w>
  <w id="5" lemma="|--|" pos=":" wid="5">--</w>
  <w id="6" lemma="|a|" pos="DT" wid="6">a</w>
  <w id="7" lemma="|man|" pos="NN" wid="7">man</w>
  <w id="8" lemma="|leave|" pos="VBZ" wid="8">leaves</w>
  <w id="9" lemma="|he|" pos="PRP$" wid="9">his</w>
  <w id="10" lemma="|father|" pos="NN" wid="10">father</w>
  <w id="11" lemma="|and|" pos="CC" wid="11">and</w>
  <w id="12" lemma="|he|" pos="PRP$" wid="12">his</w>
  <w id="13" lemma="|mother|" pos="NN" wid="13">mother</w>
  <w id="14" lemma="|and|" pos="CC" wid="14">and</w>
  <w id="15" lemma="|cleave|" pos="VBZ" wid="15">cleaves</w>
  <w id="16" lemma="|to|" pos="TO" wid="16">to</w>
  <w id="17" lemma="|he|" pos="PRP$" wid="17">his</w>
  <w id="18" lemma="|wife|" pos="NN" wid="18">wife</w>
  <w id="19" lemma="|,|" pos="," wid="19">,</w>
  <w id="20" lemma="|and|" pos="CC" wid="20">and</w>
  <w id="21" lemma="|the|" pos="DT" wid="21">the</w>
  <w id="22" lemma="|two|" pos="CD" wid="22">two</w>
  <w id="23" lemma="|become|" pos="VBN" wid="23">become</w>
  <w id="24" lemma="|one|" pos="CD" wid="24">one</w>
  <w id="25" lemma="|flesh|" pos="NN" wid="25">flesh</w>
  <w id="26" lemma="|,|" pos="," wid="26">,</w>
  <w id="27" lemma="|that|" pos="DT" wid="27">that</w>
  <w id="28" lemma="|be|" pos="VBZ" wid="28">is</w>
  <w id="29" lemma="|,|" pos="," wid="29">,</w>
  <w id="30" lemma="|one|" pos="CD" wid="30">one</w>
  <w id="31" lemma="|life|" pos="NN" wid="31">life</w>
  <w id="32" lemma="|,|" pos="," wid="32">,</w>
  <w id="33" lemma="|one|" pos="CD" wid="33">one</w>
  <w id="34" lemma="|existence|" pos="NN" wid="34">existence</w>
  <w id="35" lemma="|-lrb-|" pos="-LRB-" wid="35">-LRB-</w>
  <w id="36" lemma="|cf|" pos="NN" wid="36">cf</w>
  <w id="37" lemma="|.|" pos="." wid="37">.</w>
</sentence>
<sentence id="7">
  <w id="0" lemma="|v.|" pos="CC" wid="0">v.</w>
  <w id="1" lemma="|24|" pos="CD" wid="1">24</w>
  <w id="2" lemma="|-rrb-|" pos="-RRB-" wid="2">-RRB-</w>
  <w id="3" lemma="|.|" pos="." wid="3">.</w>
</sentence>
<sentence id="8">
  <w id="0" lemma="|in|" pos="IN" wid="0">In</w>
  <w id="1" lemma="|this|" pos="DT" wid="1">this</w>
  <w id="2" lemma="|unity|" pos="NN" wid="2">unity</w>
  <w id="3" lemma="|,|" pos="," wid="3">,</w>
  <w id="4" lemma="|spouse|" pos="NNS" wid="4">spouses</w>
  <w id="5" lemma="|pass|" pos="VBP" wid="5">pass</w>
  <w id="6" lemma="|on|" pos="IN" wid="6">on</w>
  <w id="7" lemma="|life|" pos="NN" wid="7">life</w>
  <w id="8" lemma="|to|" pos="TO" wid="8">to</w>
  <w id="9" lemma="|new|" pos="JJ" wid="9">new</w>
  <w id="10" lemma="|human|" pos="JJ" wid="10">human</w>
  <w id="11" lemma="|being|" pos="NNS" wid="11">beings</w>
  <w id="12" lemma="|:|" pos=":" wid="12">:</w>
  <w id="13" lemma="|they|" pos="PRP" wid="13">they</w>
  <w id="14" lemma="|become|" pos="VBP" wid="14">become</w>
  <w id="15" lemma="|parent|" pos="NNS" wid="15">parents</w>
  <w id="16" lemma="|.|" pos="." wid="16">.</w>
</sentence>
<sentence id="9">
  <w id="0" lemma="|they|" pos="PRP" wid="0">They</w>
  <w id="1" lemma="|participate|" pos="VBP" wid="1">participate</w>
  <w id="2" lemma="|in|" pos="IN" wid="2">in</w>
  <w id="3" lemma="|the|" pos="DT" wid="3">the</w>
  <w id="4" lemma="|creative|" pos="JJ" wid="4">creative</w>
  <w id="5" lemma="|power|" pos="NN" wid="5">power</w>
  <w id="6" lemma="|of|" pos="IN" wid="6">of</w>
  <w id="7" lemma="|God|" pos="NNP" wid="7">God</w>
  <w id="8" lemma="|himself|" pos="PRP" wid="8">himself</w>
  <w id="9" lemma="|.|" pos="." wid="9">.</w>
</sentence>
<sentence id="10">
  <w id="0" lemma="|but|" pos="CC" wid="0">But</w>
  <w id="1" lemma="|be|" pos="VB" wid="1">be</w>
  <w id="2" lemma="|mindful|" pos="JJ" wid="2">mindful</w>
  <w id="3" lemma="|!|" pos="." wid="3">!</w>
</sentence>
<sentence id="11">
  <w id="0" lemma="|God|" pos="NNP" wid="0">God</w>
  <w id="1" lemma="|be|" pos="VBZ" wid="1">is</w>
  <w id="2" lemma="|love|" pos="NN" wid="2">love</w>
  <w id="3" lemma="|,|" pos="," wid="3">,</w>
  <w id="4" lemma="|and|" pos="CC" wid="4">and</w>
  <w id="5" lemma="|one|" pos="CD" wid="5">one</w>
  <w id="6" lemma="|participate|" pos="VBZ" wid="6">participates</w>
  <w id="7" lemma="|in|" pos="IN" wid="7">in</w>
  <w id="8" lemma="|he|" pos="PRP$" wid="8">his</w>
  <w id="9" lemma="|work|" pos="NN" wid="9">work</w>
  <w id="10" lemma="|when|" pos="WRB" wid="10">when</w>
  <w id="11" lemma="|one|" pos="NN" wid="11">one</w>
  <w id="12" lemma="|love|" pos="VBZ" wid="12">loves</w>
  <w id="13" lemma="|with|" pos="IN" wid="13">with</w>
  <w id="14" lemma="|he|" pos="PRP" wid="14">Him</w>
  <w id="15" lemma="|and|" pos="CC" wid="15">and</w>
  <w id="16" lemma="|like|" pos="IN" wid="16">like</w>
  <w id="17" lemma="|he|" pos="PRP" wid="17">Him</w>
  <w id="18" lemma="|.|" pos="." wid="18">.</w>
</sentence>
<sentence id="12">
  <w id="0" lemma="|for|" pos="IN" wid="0">For</w>
  <w id="1" lemma="|this|" pos="DT" wid="1">this</w>
  <w id="2" lemma="|purpose|" pos="NN" wid="2">purpose</w>
  <w id="3" lemma="|--|" pos=":" wid="3">--</w>
  <w id="4" lemma="|St|" pos="NNP" wid="4">St</w>
  <w id="5" lemma="|Paul|" pos="NNP" wid="5">Paul</w>
  <w id="6" lemma="|state|" pos="NNS" wid="6">states</w>
  <w id="7" lemma="|--|" pos=":" wid="7">--</w>
  <w id="8" lemma="|love|" pos="NN" wid="8">love</w>
  <w id="9" lemma="|have|" pos="VBZ" wid="9">has</w>
  <w id="10" lemma="|be|" pos="VBN" wid="10">been</w>
  <w id="11" lemma="|pour|" pos="VBN" wid="11">poured</w>
  <w id="12" lemma="|into|" pos="IN" wid="12">into</w>
  <w id="13" lemma="|we|" pos="PRP$" wid="13">our</w>
  <w id="14" lemma="|heart|" pos="NNS" wid="14">hearts</w>
  <w id="15" lemma="|through|" pos="IN" wid="15">through</w>
  <w id="16" lemma="|the|" pos="DT" wid="16">the</w>
  <w id="17" lemma="|holy|" pos="JJ" wid="17">Holy</w>
  <w id="18" lemma="|spirit|" pos="NN" wid="18">Spirit</w>
  <w id="19" lemma="|who|" pos="WP" wid="19">who</w>
  <w id="20" lemma="|have|" pos="VBZ" wid="20">has</w>
  <w id="21" lemma="|be|" pos="VBN" wid="21">been</w>
  <w id="22" lemma="|give|" pos="VBN" wid="22">given</w>
  <w id="23" lemma="|to|" pos="TO" wid="23">to</w>
  <w id="24" lemma="|we|" pos="PRP" wid="24">us</w>
  <w id="25" lemma="|-lrb-|" pos="-LRB-" wid="25">-LRB-</w>
  <w id="26" lemma="|cf|" pos="NN" wid="26">cf</w>
  <w id="27" lemma="|.|" pos="." wid="27">.</w>
</sentence>
<sentence id="13">
  <w id="0" lemma="|rom|" pos="NN" wid="0">Rom</w>
  <w id="1" lemma="|5:5|" pos="CD" wid="1">5:5</w>
  <w id="2" lemma="|-rrb-|" pos="-RRB-" wid="2">-RRB-</w>
  <w id="3" lemma="|.|" pos="." wid="3">.</w>
</sentence>
<sentence id="14">
  <w id="0" lemma="|this|" pos="DT" wid="0">This</w>
  <w id="1" lemma="|be|" pos="VBZ" wid="1">is</w>
  <w id="2" lemma="|also|" pos="RB" wid="2">also</w>
  <w id="3" lemma="|the|" pos="DT" wid="3">the</w>
  <w id="4" lemma="|love|" pos="NN" wid="4">love</w>
  <w id="5" lemma="|which|" pos="WDT" wid="5">which</w>
  <w id="6" lemma="|be|" pos="VBZ" wid="6">is</w>
  <w id="7" lemma="|give|" pos="VBN" wid="7">given</w>
  <w id="8" lemma="|to|" pos="TO" wid="8">to</w>
  <w id="9" lemma="|spouse|" pos="NNS" wid="9">spouses</w>
  <w id="10" lemma="|in|" pos="IN" wid="10">in</w>
  <w id="11" lemma="|the|" pos="DT" wid="11">the</w>
  <w id="12" lemma="|Sacrament|" pos="NNP" wid="12">Sacrament</w>
  <w id="13" lemma="|of|" pos="IN" wid="13">of</w>
  <w id="14" lemma="|Marriage|" pos="NNP" wid="14">Marriage</w>
  <w id="15" lemma="|.|" pos="." wid="15">.</w>
</sentence>
<sentence id="15">
  <w id="0" lemma="|it|" pos="PRP" wid="0">It</w>
  <w id="1" lemma="|be|" pos="VBZ" wid="1">is</w>
  <w id="2" lemma="|love|" pos="NN" wid="2">love</w>
  <w id="3" lemma="|that|" pos="WDT" wid="3">that</w>
  <w id="4" lemma="|nourish|" pos="VBZ" wid="4">nourishes</w>
  <w id="5" lemma="|they|" pos="PRP$" wid="5">their</w>
  <w id="6" lemma="|relationship|" pos="NN" wid="6">relationship</w>
  <w id="7" lemma="|,|" pos="," wid="7">,</w>
  <w id="8" lemma="|through|" pos="IN" wid="8">through</w>
  <w id="9" lemma="|joy|" pos="NN" wid="9">joy</w>
  <w id="10" lemma="|and|" pos="CC" wid="10">and</w>
  <w id="11" lemma="|pain|" pos="NN" wid="11">pain</w>
  <w id="12" lemma="|,|" pos="," wid="12">,</w>
  <w id="13" lemma="|untroubled|" pos="JJ" wid="13">untroubled</w>
  <w id="14" lemma="|and|" pos="CC" wid="14">and</w>
  <w id="15" lemma="|difficult|" pos="JJ" wid="15">difficult</w>
  <w id="16" lemma="|moment|" pos="NNS" wid="16">moments</w>
  <w id="17" lemma="|.|" pos="." wid="17">.</w>
</sentence>
<sentence id="16">
  <w id="0" lemma="|it|" pos="PRP" wid="0">It</w>
  <w id="1" lemma="|be|" pos="VBZ" wid="1">is</w>
  <w id="2" lemma="|love|" pos="NN" wid="2">love</w>
  <w id="3" lemma="|that|" pos="WDT" wid="3">that</w>
  <w id="4" lemma="|give|" pos="VBZ" wid="4">gives</w>
  <w id="5" lemma="|rise|" pos="NN" wid="5">rise</w>
  <w id="6" lemma="|to|" pos="TO" wid="6">to</w>
  <w id="7" lemma="|the|" pos="DT" wid="7">the</w>
  <w id="8" lemma="|desire|" pos="NN" wid="8">desire</w>
  <w id="9" lemma="|to|" pos="TO" wid="9">to</w>
  <w id="10" lemma="|bear|" pos="VB" wid="10">bear</w>
  <w id="11" lemma="|child|" pos="NNS" wid="11">children</w>
  <w id="12" lemma="|,|" pos="," wid="12">,</w>
  <w id="13" lemma="|to|" pos="TO" wid="13">to</w>
  <w id="14" lemma="|await|" pos="VB" wid="14">await</w>
  <w id="15" lemma="|they|" pos="PRP" wid="15">them</w>
  <w id="16" lemma="|,|" pos="," wid="16">,</w>
  <w id="17" lemma="|welcome|" pos="VB" wid="17">welcome</w>
  <w id="18" lemma="|they|" pos="PRP" wid="18">them</w>
  <w id="19" lemma="|,|" pos="," wid="19">,</w>
  <w id="20" lemma="|raise|" pos="VB" wid="20">raise</w>
  <w id="21" lemma="|they|" pos="PRP" wid="21">them</w>
  <w id="22" lemma="|,|" pos="," wid="22">,</w>
  <w id="23" lemma="|teach|" pos="VB" wid="23">teach</w>
  <w id="24" lemma="|they|" pos="PRP" wid="24">them</w>
  <w id="25" lemma="|.|" pos="." wid="25">.</w>
</sentence>
<sentence id="17">
  <w id="0" lemma="|it|" pos="PRP" wid="0">It</w>
  <w id="1" lemma="|be|" pos="VBZ" wid="1">is</w>
  <w id="2" lemma="|the|" pos="DT" wid="2">the</w>
  <w id="3" lemma="|same|" pos="JJ" wid="3">same</w>
  <w id="4" lemma="|love|" pos="NN" wid="4">love</w>
  <w id="5" lemma="|which|" pos="WDT" wid="5">which</w>
  <w id="6" lemma="|,|" pos="," wid="6">,</w>
  <w id="7" lemma="|in|" pos="IN" wid="7">in</w>
  <w id="8" lemma="|today|" pos="NN" wid="8">today</w>
  <w id="9" lemma="|'s|" pos="POS" wid="9">'s</w>
  <w id="10" lemma="|Gospel|" pos="NNP" wid="10">Gospel</w>
  <w id="11" lemma="|,|" pos="," wid="11">,</w>
  <w id="12" lemma="|Jesus|" pos="NNP" wid="12">Jesus</w>
  <w id="13" lemma="|show|" pos="VBZ" wid="13">shows</w>
  <w id="14" lemma="|toward|" pos="IN" wid="14">toward</w>
  <w id="15" lemma="|child|" pos="NNS" wid="15">children</w>
  <w id="16" lemma="|:|" pos=":" wid="16">:</w>
  <w id="17" lemma="|``|" pos="``" wid="17">``</w>
  <w id="18" lemma="|let|" pos="VB" wid="18">Let</w>
  <w id="19" lemma="|the|" pos="DT" wid="19">the</w>
  <w id="20" lemma="|child|" pos="NNS" wid="20">children</w>
  <w id="21" lemma="|come|" pos="VBN" wid="21">come</w>
  <w id="22" lemma="|to|" pos="TO" wid="22">to</w>
  <w id="23" lemma="|I|" pos="PRP" wid="23">me</w>
  <w id="24" lemma="|,|" pos="," wid="24">,</w>
  <w id="25" lemma="|do|" pos="VBP" wid="25">do</w>
  <w id="26" lemma="|not|" pos="RB" wid="26">not</w>
  <w id="27" lemma="|hinder|" pos="VB" wid="27">hinder</w>
  <w id="28" lemma="|they|" pos="PRP" wid="28">them</w>
  <w id="29" lemma="|;|" pos=":" wid="29">;</w>
  <w id="30" lemma="|for|" pos="IN" wid="30">for</w>
  <w id="31" lemma="|to|" pos="TO" wid="31">to</w>
  <w id="32" lemma="|such|" pos="JJ" wid="32">such</w>
  <w id="33" lemma="|belong|" pos="VBZ" wid="33">belongs</w>
  <w id="34" lemma="|the|" pos="DT" wid="34">the</w>
  <w id="35" lemma="|kingdom|" pos="NN" wid="35">kingdom</w>
  <w id="36" lemma="|of|" pos="IN" wid="36">of</w>
  <w id="37" lemma="|God|" pos="NNP" wid="37">God</w>
  <w id="38" lemma="|''|" pos="''" wid="38">''</w>
  <w id="39" lemma="|-lrb-|" pos="-LRB-" wid="39">-LRB-</w>
  <w id="40" lemma="|mk|" pos="NN" wid="40">Mk</w>
  <w id="41" lemma="|10:14|" pos="CD" wid="41">10:14</w>
  <w id="42" lemma="|-rrb-|" pos="-RRB-" wid="42">-RRB-</w>
  <w id="43" lemma="|.|" pos="." wid="43">.</w>
</sentence>
<sentence id="18">
  <w id="0" lemma="|today|" pos="NN" wid="0">Today</w>
  <w id="1" lemma="|let|" pos="VBD" wid="1">let</w>
  <w id="2" lemma="|we|" pos="PRP" wid="2">us</w>
  <w id="3" lemma="|ask|" pos="VB" wid="3">ask</w>
  <w id="4" lemma="|the|" pos="DT" wid="4">the</w>
  <w id="5" lemma="|Lord|" pos="NNP" wid="5">Lord</w>
  <w id="6" lemma="|that|" pos="IN" wid="6">that</w>
  <w id="7" lemma="|all|" pos="DT" wid="7">all</w>
  <w id="8" lemma="|parent|" pos="NNS" wid="8">parents</w>
  <w id="9" lemma="|and|" pos="CC" wid="9">and</w>
  <w id="10" lemma="|educator|" pos="NNS" wid="10">educators</w>
  <w id="11" lemma="|of|" pos="IN" wid="11">of</w>
  <w id="12" lemma="|the|" pos="DT" wid="12">the</w>
  <w id="13" lemma="|world|" pos="NN" wid="13">world</w>
  <w id="14" lemma="|,|" pos="," wid="14">,</w>
  <w id="15" lemma="|as|" pos="RB" wid="15">as</w>
  <w id="16" lemma="|well|" pos="RB" wid="16">well</w>
  <w id="17" lemma="|as|" pos="IN" wid="17">as</w>
  <w id="18" lemma="|the|" pos="DT" wid="18">the</w>
  <w id="19" lemma="|whole|" pos="NN" wid="19">whole</w>
  <w id="20" lemma="|of|" pos="IN" wid="20">of</w>
  <w id="21" lemma="|society|" pos="NN" wid="21">society</w>
  <w id="22" lemma="|,|" pos="," wid="22">,</w>
  <w id="23" lemma="|make|" pos="VB" wid="23">make</w>
  <w id="24" lemma="|themselves|" pos="PRP" wid="24">themselves</w>
  <w id="25" lemma="|instrument|" pos="NNS" wid="25">instruments</w>
  <w id="26" lemma="|of|" pos="IN" wid="26">of</w>
  <w id="27" lemma="|welcome|" pos="JJ" wid="27">welcome</w>
  <w id="28" lemma="|and|" pos="CC" wid="28">and</w>
  <w id="29" lemma="|of|" pos="IN" wid="29">of</w>
  <w id="30" lemma="|that|" pos="DT" wid="30">that</w>
  <w id="31" lemma="|love|" pos="NN" wid="31">love</w>
  <w id="32" lemma="|with|" pos="IN" wid="32">with</w>
  <w id="33" lemma="|which|" pos="WDT" wid="33">which</w>
  <w id="34" lemma="|Jesus|" pos="NNP" wid="34">Jesus</w>
  <w id="35" lemma="|embrace|" pos="VBZ" wid="35">embraces</w>
  <w id="36" lemma="|the|" pos="DT" wid="36">the</w>
  <w id="37" lemma="|littlest|" pos="JJS" wid="37">littlest</w>
  <w id="38" lemma="|one|" pos="NNS" wid="38">ones</w>
  <w id="39" lemma="|.|" pos="." wid="39">.</w>
</sentence>
<sentence id="19">
  <w id="0" lemma="|he|" pos="PRP" wid="0">He</w>
  <w id="1" lemma="|look|" pos="VBZ" wid="1">looks</w>
  <w id="2" lemma="|into|" pos="IN" wid="2">into</w>
  <w id="3" lemma="|they|" pos="PRP$" wid="3">their</w>
  <w id="4" lemma="|heart|" pos="NNS" wid="4">hearts</w>
  <w id="5" lemma="|with|" pos="IN" wid="5">with</w>
  <w id="6" lemma="|the|" pos="DT" wid="6">the</w>
  <w id="7" lemma="|tenderness|" pos="NN" wid="7">tenderness</w>
  <w id="8" lemma="|and|" pos="CC" wid="8">and</w>
  <w id="9" lemma="|solicitude|" pos="NN" wid="9">solicitude</w>
  <w id="10" lemma="|of|" pos="IN" wid="10">of</w>
  <w id="11" lemma="|a|" pos="DT" wid="11">a</w>
  <w id="12" lemma="|father|" pos="NN" wid="12">father</w>
  <w id="13" lemma="|and|" pos="CC" wid="13">and</w>
  <w id="14" lemma="|of|" pos="IN" wid="14">of</w>
  <w id="15" lemma="|a|" pos="DT" wid="15">a</w>
  <w id="16" lemma="|mother|" pos="NN" wid="16">mother</w>
  <w id="17" lemma="|at|" pos="IN" wid="17">at</w>
  <w id="18" lemma="|the|" pos="DT" wid="18">the</w>
  <w id="19" lemma="|same|" pos="JJ" wid="19">same</w>
  <w id="20" lemma="|time|" pos="NN" wid="20">time</w>
  <w id="21" lemma="|.|" pos="." wid="21">.</w>
</sentence>
<sentence id="20">
  <w id="0" lemma="|I|" pos="PRP" wid="0">I</w>
  <w id="1" lemma="|think|" pos="VBP" wid="1">think</w>
  <w id="2" lemma="|of|" pos="IN" wid="2">of</w>
  <w id="3" lemma="|so|" pos="RB" wid="3">so</w>
  <w id="4" lemma="|many|" pos="JJ" wid="4">many</w>
  <w id="5" lemma="|child|" pos="NNS" wid="5">children</w>
  <w id="6" lemma="|who|" pos="WP" wid="6">who</w>
  <w id="7" lemma="|be|" pos="VBP" wid="7">are</w>
  <w id="8" lemma="|hungry|" pos="JJ" wid="8">hungry</w>
  <w id="9" lemma="|,|" pos="," wid="9">,</w>
  <w id="10" lemma="|abandon|" pos="VBN" wid="10">abandoned</w>
  <w id="11" lemma="|,|" pos="," wid="11">,</w>
  <w id="12" lemma="|exploit|" pos="VBN" wid="12">exploited</w>
  <w id="13" lemma="|,|" pos="," wid="13">,</w>
  <w id="14" lemma="|force|" pos="VBN" wid="14">forced</w>
  <w id="15" lemma="|into|" pos="IN" wid="15">into</w>
  <w id="16" lemma="|war|" pos="NN" wid="16">war</w>
  <w id="17" lemma="|,|" pos="," wid="17">,</w>
  <w id="18" lemma="|reject|" pos="VBD" wid="18">rejected</w>
  <w id="19" lemma="|.|" pos="." wid="19">.</w>
</sentence>
<sentence id="21">
  <w id="0" lemma="|it|" pos="PRP" wid="0">It</w>
  <w id="1" lemma="|be|" pos="VBZ" wid="1">is</w>
  <w id="2" lemma="|heartbreaking|" pos="JJ" wid="2">heartbreaking</w>
  <w id="3" lemma="|to|" pos="TO" wid="3">to</w>
  <w id="4" lemma="|see|" pos="VB" wid="4">see</w>
  <w id="5" lemma="|image|" pos="NNS" wid="5">images</w>
  <w id="6" lemma="|of|" pos="IN" wid="6">of</w>
  <w id="7" lemma="|unhappy|" pos="JJ" wid="7">unhappy</w>
  <w id="8" lemma="|child|" pos="NNS" wid="8">children</w>
  <w id="9" lemma="|,|" pos="," wid="9">,</w>
  <w id="10" lemma="|with|" pos="IN" wid="10">with</w>
  <w id="11" lemma="|a|" pos="DT" wid="11">a</w>
  <w id="12" lemma="|bewildered|" pos="JJ" wid="12">bewildered</w>
  <w id="13" lemma="|gaze|" pos="VBP" wid="13">gaze</w>
  <w id="14" lemma="|,|" pos="," wid="14">,</w>
  <w id="15" lemma="|who|" pos="WP" wid="15">who</w>
  <w id="16" lemma="|flee|" pos="VBP" wid="16">flee</w>
  <w id="17" lemma="|from|" pos="IN" wid="17">from</w>
  <w id="18" lemma="|poverty|" pos="NN" wid="18">poverty</w>
  <w id="19" lemma="|and|" pos="CC" wid="19">and</w>
  <w id="20" lemma="|conflict|" pos="NNS" wid="20">conflicts</w>
  <w id="21" lemma="|,|" pos="," wid="21">,</w>
  <w id="22" lemma="|knock|" pos="VBG" wid="22">knocking</w>
  <w id="23" lemma="|at|" pos="IN" wid="23">at</w>
  <w id="24" lemma="|we|" pos="PRP$" wid="24">our</w>
  <w id="25" lemma="|door|" pos="NNS" wid="25">doors</w>
  <w id="26" lemma="|and|" pos="CC" wid="26">and</w>
  <w id="27" lemma="|on|" pos="IN" wid="27">on</w>
  <w id="28" lemma="|we|" pos="PRP$" wid="28">our</w>
  <w id="29" lemma="|heart|" pos="NNS" wid="29">hearts</w>
  <w id="30" lemma="|,|" pos="," wid="30">,</w>
  <w id="31" lemma="|beg|" pos="VBG" wid="31">begging</w>
  <w id="32" lemma="|for|" pos="IN" wid="32">for</w>
  <w id="33" lemma="|help|" pos="NN" wid="33">help</w>
  <w id="34" lemma="|.|" pos="." wid="34">.</w>
</sentence>
<sentence id="22">
  <w id="0" lemma="|May|" pos="NNP" wid="0">May</w>
  <w id="1" lemma="|the|" pos="DT" wid="1">the</w>
  <w id="2" lemma="|Lord|" pos="NNP" wid="2">Lord</w>
  <w id="3" lemma="|help|" pos="VB" wid="3">help</w>
  <w id="4" lemma="|we|" pos="PRP" wid="4">us</w>
  <w id="5" lemma="|to|" pos="TO" wid="5">to</w>
  <w id="6" lemma="|be|" pos="VB" wid="6">be</w>
  <w id="7" lemma="|not|" pos="RB" wid="7">not</w>
  <w id="8" lemma="|a|" pos="DT" wid="8">a</w>
  <w id="9" lemma="|society-fortress|" pos="NN" wid="9">society-fortress</w>
  <w id="10" lemma="|,|" pos="," wid="10">,</w>
  <w id="11" lemma="|but|" pos="CC" wid="11">but</w>
  <w id="12" lemma="|a|" pos="DT" wid="12">a</w>
  <w id="13" lemma="|society-family|" pos="JJ" wid="13">society-family</w>
  <w id="14" lemma="|,|" pos="," wid="14">,</w>
  <w id="15" lemma="|able|" pos="JJ" wid="15">able</w>
  <w id="16" lemma="|to|" pos="TO" wid="16">to</w>
  <w id="17" lemma="|welcome|" pos="VB" wid="17">welcome</w>
  <w id="18" lemma="|,|" pos="," wid="18">,</w>
  <w id="19" lemma="|with|" pos="IN" wid="19">with</w>
  <w id="20" lemma="|appropriate|" pos="JJ" wid="20">appropriate</w>
  <w id="21" lemma="|rule|" pos="NNS" wid="21">rules</w>
  <w id="22" lemma="|,|" pos="," wid="22">,</w>
  <w id="23" lemma="|but|" pos="CC" wid="23">but</w>
  <w id="24" lemma="|to|" pos="TO" wid="24">to</w>
  <w id="25" lemma="|welcome|" pos="VB" wid="25">welcome</w>
  <w id="26" lemma="|,|" pos="," wid="26">,</w>
  <w id="27" lemma="|to|" pos="TO" wid="27">to</w>
  <w id="28" lemma="|always|" pos="RB" wid="28">always</w>
  <w id="29" lemma="|welcome|" pos="VB" wid="29">welcome</w>
  <w id="30" lemma="|,|" pos="," wid="30">,</w>
  <w id="31" lemma="|with|" pos="IN" wid="31">with</w>
  <w id="32" lemma="|love|" pos="NN" wid="32">love</w>
  <w id="33" lemma="|!|" pos="." wid="33">!</w>
</sentence>
<sentence id="23">
  <w id="0" lemma="|I|" pos="PRP" wid="0">I</w>
  <w id="1" lemma="|invite|" pos="VBP" wid="1">invite</w>
  <w id="2" lemma="|you|" pos="PRP" wid="2">you</w>
  <w id="3" lemma="|to|" pos="TO" wid="3">to</w>
  <w id="4" lemma="|support|" pos="VB" wid="4">support</w>
  <w id="5" lemma="|the|" pos="DT" wid="5">the</w>
  <w id="6" lemma="|work|" pos="NNS" wid="6">works</w>
  <w id="7" lemma="|of|" pos="IN" wid="7">of</w>
  <w id="8" lemma="|the|" pos="DT" wid="8">the</w>
  <w id="9" lemma="|synod|" pos="NN" wid="9">Synod</w>
  <w id="10" lemma="|with|" pos="IN" wid="10">with</w>
  <w id="11" lemma="|prayer|" pos="NN" wid="11">prayer</w>
  <w id="12" lemma="|,|" pos="," wid="12">,</w>
  <w id="13" lemma="|so|" pos="IN" wid="13">so</w>
  <w id="14" lemma="|that|" pos="IN" wid="14">that</w>
  <w id="15" lemma="|the|" pos="DT" wid="15">the</w>
  <w id="16" lemma="|holy|" pos="JJ" wid="16">Holy</w>
  <w id="17" lemma="|spirit|" pos="NN" wid="17">Spirit</w>
  <w id="18" lemma="|may|" pos="MD" wid="18">may</w>
  <w id="19" lemma="|render|" pos="VB" wid="19">render</w>
  <w id="20" lemma="|the|" pos="DT" wid="20">the</w>
  <w id="21" lemma="|Synod|" pos="NNP" wid="21">Synod</w>
  <w id="22" lemma="|father|" pos="NNS" wid="22">Fathers</w>
  <w id="23" lemma="|fully|" pos="RB" wid="23">fully</w>
  <w id="24" lemma="|docile|" pos="JJ" wid="24">docile</w>
  <w id="25" lemma="|to|" pos="TO" wid="25">to</w>
  <w id="26" lemma="|he|" pos="PRP$" wid="26">his</w>
  <w id="27" lemma="|inspiration|" pos="NN" wid="27">inspiration</w>
  <w id="28" lemma="|.|" pos="." wid="28">.</w>
</sentence>
<sentence id="24">
  <w id="0" lemma="|let|" pos="VB" wid="0">Let</w>
  <w id="1" lemma="|we|" pos="PRP" wid="1">us</w>
  <w id="2" lemma="|invoke|" pos="VB" wid="2">invoke</w>
  <w id="3" lemma="|the|" pos="DT" wid="3">the</w>
  <w id="4" lemma="|maternal|" pos="JJ" wid="4">maternal</w>
  <w id="5" lemma="|intercession|" pos="NN" wid="5">intercession</w>
  <w id="6" lemma="|of|" pos="IN" wid="6">of</w>
  <w id="7" lemma="|the|" pos="DT" wid="7">the</w>
  <w id="8" lemma="|Virgin|" pos="NNP" wid="8">Virgin</w>
  <w id="9" lemma="|Mary|" pos="NNP" wid="9">Mary</w>
  <w id="10" lemma="|,|" pos="," wid="10">,</w>
  <w id="11" lemma="|unite|" pos="VBG" wid="11">uniting</w>
  <w id="12" lemma="|we|" pos="PRP" wid="12">us</w>
  <w id="13" lemma="|spiritually|" pos="RB" wid="13">spiritually</w>
  <w id="14" lemma="|to|" pos="TO" wid="14">to</w>
  <w id="15" lemma="|those|" pos="DT" wid="15">those</w>
  <w id="16" lemma="|who|" pos="WP" wid="16">who</w>
  <w id="17" lemma="|,|" pos="," wid="17">,</w>
  <w id="18" lemma="|at|" pos="IN" wid="18">at</w>
  <w id="19" lemma="|this|" pos="DT" wid="19">this</w>
  <w id="20" lemma="|moment|" pos="NN" wid="20">moment</w>
  <w id="21" lemma="|,|" pos="," wid="21">,</w>
  <w id="22" lemma="|in|" pos="IN" wid="22">in</w>
  <w id="23" lemma="|the|" pos="DT" wid="23">the</w>
  <w id="24" lemma="|Shrine|" pos="NNP" wid="24">Shrine</w>
  <w id="25" lemma="|of|" pos="IN" wid="25">of</w>
  <w id="26" lemma="|Pompeii|" pos="NNP" wid="26">Pompeii</w>
  <w id="27" lemma="|,|" pos="," wid="27">,</w>
  <w id="28" lemma="|recite|" pos="VB" wid="28">recite</w>
  <w id="29" lemma="|the|" pos="DT" wid="29">the</w>
  <w id="30" lemma="|``|" pos="``" wid="30">``</w>
  <w id="31" lemma="|prayer|" pos="NN" wid="31">Prayer</w>
  <w id="32" lemma="|to|" pos="TO" wid="32">to</w>
  <w id="33" lemma="|we|" pos="PRP$" wid="33">Our</w>
  <w id="34" lemma="|lady|" pos="NN" wid="34">Lady</w>
  <w id="35" lemma="|of|" pos="IN" wid="35">of</w>
  <w id="36" lemma="|the|" pos="DT" wid="36">the</w>
  <w id="37" lemma="|Rosary|" pos="NNP" wid="37">Rosary</w>
  <w id="38" lemma="|''|" pos="''" wid="38">''</w>
  <w id="39" lemma="|.|" pos="." wid="39">.</w>
</sentence>
<sentence id="25">
  <w id="0" lemma="|after|" pos="IN" wid="0">After</w>
  <w id="1" lemma="|the|" pos="DT" wid="1">the</w>
  <w id="2" lemma="|Angelus|" pos="NNP" wid="2">Angelus</w>
  <w id="3" lemma="|:|" pos=":" wid="3">:</w>
  <w id="4" lemma="|Dear|" pos="NNP" wid="4">Dear</w>
  <w id="5" lemma="|brother|" pos="NNS" wid="5">brothers</w>
  <w id="6" lemma="|and|" pos="CC" wid="6">and</w>
  <w id="7" lemma="|sister|" pos="NNS" wid="7">sisters</w>
  <w id="8" lemma="|,|" pos="," wid="8">,</w>
  <w id="9" lemma="|yesterday|" pos="NN" wid="9">yesterday</w>
  <w id="10" lemma="|in|" pos="IN" wid="10">in</w>
  <w id="11" lemma="|Santander|" pos="NNP" wid="11">Santander</w>
  <w id="12" lemma="|,|" pos="," wid="12">,</w>
  <w id="13" lemma="|Spain|" pos="NNP" wid="13">Spain</w>
  <w id="14" lemma="|,|" pos="," wid="14">,</w>
  <w id="15" lemma="|Pio|" pos="NNP" wid="15">Pio</w>
  <w id="16" lemma="|Heredia|" pos="NNP" wid="16">Heredia</w>
  <w id="17" lemma="|and|" pos="CC" wid="17">and</w>
  <w id="18" lemma="|17|" pos="CD" wid="18">17</w>
  <w id="19" lemma="|man|" pos="NNS" wid="19">men</w>
  <w id="20" lemma="|and|" pos="CC" wid="20">and</w>
  <w id="21" lemma="|woman|" pos="NNS" wid="21">women</w>
  <w id="22" lemma="|companion|" pos="NNS" wid="22">companions</w>
  <w id="23" lemma="|of|" pos="IN" wid="23">of</w>
  <w id="24" lemma="|the|" pos="DT" wid="24">the</w>
  <w id="25" lemma="|Order|" pos="NNP" wid="25">Order</w>
  <w id="26" lemma="|of|" pos="IN" wid="26">of</w>
  <w id="27" lemma="|Cistercians|" pos="NNPS" wid="27">Cistercians</w>
  <w id="28" lemma="|of|" pos="IN" wid="28">of</w>
  <w id="29" lemma="|the|" pos="DT" wid="29">the</w>
  <w id="30" lemma="|strict|" pos="JJ" wid="30">Strict</w>
  <w id="31" lemma="|observance|" pos="NN" wid="31">Observance</w>
  <w id="32" lemma="|and|" pos="CC" wid="32">and</w>
  <w id="33" lemma="|of|" pos="IN" wid="33">of</w>
  <w id="34" lemma="|St|" pos="NNP" wid="34">St</w>
  <w id="35" lemma="|Bernard|" pos="NNP" wid="35">Bernard</w>
  <w id="36" lemma="|be|" pos="VBD" wid="36">were</w>
  <w id="37" lemma="|beatify|" pos="VBN" wid="37">beatified</w>
  <w id="38" lemma="|.|" pos="." wid="38">.</w>
</sentence>
<sentence id="26">
  <w id="0" lemma="|they|" pos="PRP" wid="0">They</w>
  <w id="1" lemma="|be|" pos="VBD" wid="1">were</w>
  <w id="2" lemma="|kill|" pos="VBN" wid="2">killed</w>
  <w id="3" lemma="|for|" pos="IN" wid="3">for</w>
  <w id="4" lemma="|they|" pos="PRP$" wid="4">their</w>
  <w id="5" lemma="|faith|" pos="NN" wid="5">faith</w>
  <w id="6" lemma="|during|" pos="IN" wid="6">during</w>
  <w id="7" lemma="|the|" pos="DT" wid="7">the</w>
  <w id="8" lemma="|spanish|" pos="JJ" wid="8">Spanish</w>
  <w id="9" lemma="|civil|" pos="JJ" wid="9">civil</w>
  <w id="10" lemma="|war|" pos="NN" wid="10">war</w>
  <w id="11" lemma="|and|" pos="CC" wid="11">and</w>
  <w id="12" lemma="|the|" pos="DT" wid="12">the</w>
  <w id="13" lemma="|religious|" pos="JJ" wid="13">religious</w>
  <w id="14" lemma="|persecution|" pos="NN" wid="14">persecution</w>
  <w id="15" lemma="|of|" pos="IN" wid="15">of</w>
  <w id="16" lemma="|the|" pos="DT" wid="16">the</w>
  <w id="17" lemma="|1930|" pos="NNS" wid="17">1930s</w>
  <w id="18" lemma="|.|" pos="." wid="18">.</w>
</sentence>
<sentence id="27">
  <w id="0" lemma="|let|" pos="VB" wid="0">Let</w>
  <w id="1" lemma="|we|" pos="PRP" wid="1">us</w>
  <w id="2" lemma="|praise|" pos="VB" wid="2">praise</w>
  <w id="3" lemma="|the|" pos="DT" wid="3">the</w>
  <w id="4" lemma="|Lord|" pos="NNP" wid="4">Lord</w>
  <w id="5" lemma="|for|" pos="IN" wid="5">for</w>
  <w id="6" lemma="|this|" pos="DT" wid="6">this</w>
  <w id="7" lemma="|courageous|" pos="JJ" wid="7">courageous</w>
  <w id="8" lemma="|witness|" pos="NNS" wid="8">witnesses</w>
  <w id="9" lemma="|,|" pos="," wid="9">,</w>
  <w id="10" lemma="|and|" pos="CC" wid="10">and</w>
  <w id="11" lemma="|through|" pos="IN" wid="11">through</w>
  <w id="12" lemma="|they|" pos="PRP$" wid="12">their</w>
  <w id="13" lemma="|intercession|" pos="NN" wid="13">intercession</w>
  <w id="14" lemma="|,|" pos="," wid="14">,</w>
  <w id="15" lemma="|let|" pos="VB" wid="15">let</w>
  <w id="16" lemma="|we|" pos="PRP" wid="16">us</w>
  <w id="17" lemma="|implore|" pos="VB" wid="17">implore</w>
  <w id="18" lemma="|that|" pos="IN" wid="18">that</w>
  <w id="19" lemma="|the|" pos="DT" wid="19">the</w>
  <w id="20" lemma="|world|" pos="NN" wid="20">world</w>
  <w id="21" lemma="|may|" pos="MD" wid="21">may</w>
  <w id="22" lemma="|be|" pos="VB" wid="22">be</w>
  <w id="23" lemma="|free|" pos="VBN" wid="23">freed</w>
  <w id="24" lemma="|from|" pos="IN" wid="24">from</w>
  <w id="25" lemma="|the|" pos="DT" wid="25">the</w>
  <w id="26" lemma="|scourge|" pos="NN" wid="26">scourge</w>
  <w id="27" lemma="|of|" pos="IN" wid="27">of</w>
  <w id="28" lemma="|war|" pos="NN" wid="28">war</w>
  <w id="29" lemma="|.|" pos="." wid="29">.</w>
</sentence>
<sentence id="28">
  <w id="0" lemma="|I|" pos="PRP" wid="0">I</w>
  <w id="1" lemma="|would|" pos="MD" wid="1">would</w>
  <w id="2" lemma="|like|" pos="VB" wid="2">like</w>
  <w id="3" lemma="|to|" pos="TO" wid="3">to</w>
  <w id="4" lemma="|address|" pos="VB" wid="4">address</w>
  <w id="5" lemma="|a|" pos="DT" wid="5">a</w>
  <w id="6" lemma="|prayer|" pos="NN" wid="6">prayer</w>
  <w id="7" lemma="|to|" pos="TO" wid="7">to</w>
  <w id="8" lemma="|the|" pos="DT" wid="8">the</w>
  <w id="9" lemma="|Lord|" pos="NNP" wid="9">Lord</w>
  <w id="10" lemma="|for|" pos="IN" wid="10">for</w>
  <w id="11" lemma="|the|" pos="DT" wid="11">the</w>
  <w id="12" lemma="|victim|" pos="NNS" wid="12">victims</w>
  <w id="13" lemma="|of|" pos="IN" wid="13">of</w>
  <w id="14" lemma="|the|" pos="DT" wid="14">the</w>
  <w id="15" lemma="|landslide|" pos="NN" wid="15">landslide</w>
  <w id="16" lemma="|that|" pos="WDT" wid="16">that</w>
  <w id="17" lemma="|devastate|" pos="VBD" wid="17">devastated</w>
  <w id="18" lemma="|a|" pos="DT" wid="18">an</w>
  <w id="19" lemma="|entire|" pos="JJ" wid="19">entire</w>
  <w id="20" lemma="|village|" pos="NN" wid="20">village</w>
  <w id="21" lemma="|in|" pos="IN" wid="21">in</w>
  <w id="22" lemma="|Guatemala|" pos="NNP" wid="22">Guatemala</w>
  <w id="23" lemma="|,|" pos="," wid="23">,</w>
  <w id="24" lemma="|as|" pos="RB" wid="24">as</w>
  <w id="25" lemma="|well|" pos="RB" wid="25">well</w>
  <w id="26" lemma="|as|" pos="IN" wid="26">as</w>
  <w id="27" lemma="|for|" pos="IN" wid="27">for</w>
  <w id="28" lemma="|those|" pos="DT" wid="28">those</w>
  <w id="29" lemma="|of|" pos="IN" wid="29">of</w>
  <w id="30" lemma="|the|" pos="DT" wid="30">the</w>
  <w id="31" lemma="|flooding|" pos="NN" wid="31">flooding</w>
  <w id="32" lemma="|that|" pos="WDT" wid="32">that</w>
  <w id="33" lemma="|have|" pos="VBZ" wid="33">has</w>
  <w id="34" lemma="|occur|" pos="VBN" wid="34">occurred</w>
  <w id="35" lemma="|in|" pos="IN" wid="35">in</w>
  <w id="36" lemma="|the|" pos="DT" wid="36">the</w>
  <w id="37" lemma="|French|" pos="NNP" wid="37">French</w>
  <w id="38" lemma="|Riviera|" pos="NNP" wid="38">Riviera</w>
  <w id="39" lemma="|.|" pos="." wid="39">.</w>
</sentence>
<sentence id="29">
  <w id="0" lemma="|let|" pos="VB" wid="0">Let</w>
  <w id="1" lemma="|we|" pos="PRP" wid="1">us</w>
  <w id="2" lemma="|also|" pos="RB" wid="2">also</w>
  <w id="3" lemma="|be|" pos="VB" wid="3">be</w>
  <w id="4" lemma="|close|" pos="JJ" wid="4">close</w>
  <w id="5" lemma="|to|" pos="TO" wid="5">to</w>
  <w id="6" lemma="|the|" pos="DT" wid="6">the</w>
  <w id="7" lemma="|people|" pos="NNS" wid="7">peoples</w>
  <w id="8" lemma="|hard|" pos="JJ" wid="8">hard</w>
  <w id="9" lemma="|hit|" pos="NN" wid="9">hit</w>
  <w id="10" lemma="|,|" pos="," wid="10">,</w>
  <w id="11" lemma="|with|" pos="IN" wid="11">with</w>
  <w id="12" lemma="|tangible|" pos="JJ" wid="12">tangible</w>
  <w id="13" lemma="|solidarity|" pos="NN" wid="13">solidarity</w>
  <w id="14" lemma="|.|" pos="." wid="14">.</w>
</sentence>
<sentence id="30">
  <w id="0" lemma="|I|" pos="PRP" wid="0">I</w>
  <w id="1" lemma="|thank|" pos="VBP" wid="1">thank</w>
  <w id="2" lemma="|all|" pos="DT" wid="2">all</w>
  <w id="3" lemma="|of|" pos="IN" wid="3">of</w>
  <w id="4" lemma="|you|" pos="PRP" wid="4">you</w>
  <w id="5" lemma="|who|" pos="WP" wid="5">who</w>
  <w id="6" lemma="|have|" pos="VBP" wid="6">have</w>
  <w id="7" lemma="|come|" pos="VBN" wid="7">come</w>
  <w id="8" lemma="|in|" pos="IN" wid="8">in</w>
  <w id="9" lemma="|such|" pos="JJ" wid="9">such</w>
  <w id="10" lemma="|number|" pos="NNS" wid="10">numbers</w>
  <w id="11" lemma="|from|" pos="IN" wid="11">from</w>
  <w id="12" lemma="|Rome|" pos="NNP" wid="12">Rome</w>
  <w id="13" lemma="|,|" pos="," wid="13">,</w>
  <w id="14" lemma="|from|" pos="IN" wid="14">from</w>
  <w id="15" lemma="|Italy|" pos="NNP" wid="15">Italy</w>
  <w id="16" lemma="|and|" pos="CC" wid="16">and</w>
  <w id="17" lemma="|from|" pos="IN" wid="17">from</w>
  <w id="18" lemma="|so|" pos="RB" wid="18">so</w>
  <w id="19" lemma="|many|" pos="JJ" wid="19">many</w>
  <w id="20" lemma="|part|" pos="NNS" wid="20">parts</w>
  <w id="21" lemma="|of|" pos="IN" wid="21">of</w>
  <w id="22" lemma="|the|" pos="DT" wid="22">the</w>
  <w id="23" lemma="|world|" pos="NN" wid="23">world</w>
  <w id="24" lemma="|.|" pos="." wid="24">.</w>
</sentence>
<sentence id="31">
  <w id="0" lemma="|I|" pos="PRP" wid="0">I</w>
  <w id="1" lemma="|greet|" pos="VBP" wid="1">greet</w>
  <w id="2" lemma="|the|" pos="DT" wid="2">the</w>
  <w id="3" lemma="|faithful|" pos="NN" wid="3">faithful</w>
  <w id="4" lemma="|from|" pos="IN" wid="4">from</w>
  <w id="5" lemma="|the|" pos="DT" wid="5">the</w>
  <w id="6" lemma="|Archdiocese|" pos="NNP" wid="6">Archdiocese</w>
  <w id="7" lemma="|of|" pos="IN" wid="7">of</w>
  <w id="8" lemma="|Paderborn|" pos="NNP" wid="8">Paderborn</w>
  <w id="9" lemma="|,|" pos="," wid="9">,</w>
  <w id="10" lemma="|Germany|" pos="NNP" wid="10">Germany</w>
  <w id="11" lemma="|,|" pos="," wid="11">,</w>
  <w id="12" lemma="|those|" pos="DT" wid="12">those</w>
  <w id="13" lemma="|from|" pos="IN" wid="13">from</w>
  <w id="14" lemma="|Porto|" pos="NNP" wid="14">Porto</w>
  <w id="15" lemma="|,|" pos="," wid="15">,</w>
  <w id="16" lemma="|Portugal|" pos="NNP" wid="16">Portugal</w>
  <w id="17" lemma="|,|" pos="," wid="17">,</w>
  <w id="18" lemma="|and|" pos="CC" wid="18">and</w>
  <w id="19" lemma="|the|" pos="DT" wid="19">the</w>
  <w id="20" lemma="|group|" pos="NN" wid="20">group</w>
  <w id="21" lemma="|from|" pos="IN" wid="21">from</w>
  <w id="22" lemma="|the|" pos="DT" wid="22">the</w>
  <w id="23" lemma="|Mekhitarist|" pos="NNP" wid="23">Mekhitarist</w>
  <w id="24" lemma="|college|" pos="NN" wid="24">college</w>
  <w id="25" lemma="|in|" pos="IN" wid="25">in</w>
  <w id="26" lemma="|Rome|" pos="NNP" wid="26">Rome</w>
  <w id="27" lemma="|.|" pos="." wid="27">.</w>
</sentence>
<sentence id="32">
  <w id="0" lemma="|on|" pos="IN" wid="0">On</w>
  <w id="1" lemma="|the|" pos="DT" wid="1">the</w>
  <w id="2" lemma="|Feast|" pos="NNP" wid="2">Feast</w>
  <w id="3" lemma="|Day|" pos="NNP" wid="3">Day</w>
  <w id="4" lemma="|of|" pos="IN" wid="4">of</w>
  <w id="5" lemma="|St|" pos="NNP" wid="5">St</w>
  <w id="6" lemma="|Francis|" pos="NNP" wid="6">Francis</w>
  <w id="7" lemma="|of|" pos="IN" wid="7">of</w>
  <w id="8" lemma="|Assisi|" pos="NNP" wid="8">Assisi</w>
  <w id="9" lemma="|,|" pos="," wid="9">,</w>
  <w id="10" lemma="|patron|" pos="NN" wid="10">patron</w>
  <w id="11" lemma="|saint|" pos="NN" wid="11">saint</w>
  <w id="12" lemma="|of|" pos="IN" wid="12">of</w>
  <w id="13" lemma="|Italy|" pos="NNP" wid="13">Italy</w>
  <w id="14" lemma="|,|" pos="," wid="14">,</w>
  <w id="15" lemma="|I|" pos="PRP" wid="15">I</w>
  <w id="16" lemma="|greet|" pos="VBP" wid="16">greet</w>
  <w id="17" lemma="|with|" pos="IN" wid="17">with</w>
  <w id="18" lemma="|special|" pos="JJ" wid="18">special</w>
  <w id="19" lemma="|affection|" pos="NN" wid="19">affection</w>
  <w id="20" lemma="|the|" pos="DT" wid="20">the</w>
  <w id="21" lemma="|italian|" pos="JJ" wid="21">Italian</w>
  <w id="22" lemma="|pilgrim|" pos="NNS" wid="22">pilgrims</w>
  <w id="23" lemma="|,|" pos="," wid="23">,</w>
  <w id="24" lemma="|in|" pos="IN" wid="24">in</w>
  <w id="25" lemma="|particular|" pos="JJ" wid="25">particular</w>
  <w id="26" lemma="|the|" pos="DT" wid="26">the</w>
  <w id="27" lemma="|faithful|" pos="NN" wid="27">faithful</w>
  <w id="28" lemma="|of|" pos="IN" wid="28">of</w>
  <w id="29" lemma="|Reggio|" pos="NNP" wid="29">Reggio</w>
  <w id="30" lemma="|Calabria|" pos="NNP" wid="30">Calabria</w>
  <w id="31" lemma="|,|" pos="," wid="31">,</w>
  <w id="32" lemma="|Bollate|" pos="NNP" wid="32">Bollate</w>
  <w id="33" lemma="|,|" pos="," wid="33">,</w>
  <w id="34" lemma="|Mozzanica|" pos="NNP" wid="34">Mozzanica</w>
  <w id="35" lemma="|,|" pos="," wid="35">,</w>
  <w id="36" lemma="|Castano|" pos="NNP" wid="36">Castano</w>
  <w id="37" lemma="|Primo|" pos="NNP" wid="37">Primo</w>
  <w id="38" lemma="|,|" pos="," wid="38">,</w>
  <w id="39" lemma="|Nule|" pos="NNP" wid="39">Nule</w>
  <w id="40" lemma="|and|" pos="CC" wid="40">and</w>
  <w id="41" lemma="|Parabita|" pos="NNP" wid="41">Parabita</w>
  <w id="42" lemma="|.|" pos="." wid="42">.</w>
</sentence>
<sentence id="33">
  <w id="0" lemma="|I|" pos="PRP" wid="0">I</w>
  <w id="1" lemma="|greet|" pos="VBP" wid="1">greet</w>
  <w id="2" lemma="|the|" pos="DT" wid="2">the</w>
  <w id="3" lemma="|youth|" pos="NN" wid="3">youth</w>
  <w id="4" lemma="|from|" pos="IN" wid="4">from</w>
  <w id="5" lemma="|Belvedere|" pos="NNP" wid="5">Belvedere</w>
  <w id="6" lemma="|di|" pos="NNP" wid="6">di</w>
  <w id="7" lemma="|Spinello|" pos="NNP" wid="7">Spinello</w>
  <w id="8" lemma="|and|" pos="CC" wid="8">and</w>
  <w id="9" lemma="|the|" pos="DT" wid="9">the</w>
  <w id="10" lemma="|Association|" pos="NNP" wid="10">Association</w>
  <w id="11" lemma="|for|" pos="IN" wid="11">for</w>
  <w id="12" lemma="|Pedestrian|" pos="NNP" wid="12">Pedestrian</w>
  <w id="13" lemma="|Rights|" pos="NNP" wid="13">Rights</w>
  <w id="14" lemma="|in|" pos="IN" wid="14">in</w>
  <w id="15" lemma="|Rome|" pos="NNP" wid="15">Rome</w>
  <w id="16" lemma="|and|" pos="CC" wid="16">and</w>
  <w id="17" lemma="|Lazio|" pos="NNP" wid="17">Lazio</w>
  <w id="18" lemma="|.|" pos="." wid="18">.</w>
</sentence>
<sentence id="34">
  <w id="0" lemma="|I|" pos="PRP" wid="0">I</w>
  <w id="1" lemma="|wish|" pos="VBP" wid="1">wish</w>
  <w id="2" lemma="|a|" pos="DT" wid="2">a</w>
  <w id="3" lemma="|happy|" pos="JJ" wid="3">happy</w>
  <w id="4" lemma="|Sunday|" pos="NNP" wid="4">Sunday</w>
  <w id="5" lemma="|to|" pos="TO" wid="5">to</w>
  <w id="6" lemma="|all|" pos="DT" wid="6">all</w>
  <w id="7" lemma="|,|" pos="," wid="7">,</w>
  <w id="8" lemma="|and|" pos="CC" wid="8">and</w>
  <w id="9" lemma="|please|" pos="VB" wid="9">please</w>
  <w id="10" lemma="|,|" pos="," wid="10">,</w>
  <w id="11" lemma="|do|" pos="VBP" wid="11">do</w>
  <w id="12" lemma="|not|" pos="RB" wid="12">n't</w>
  <w id="13" lemma="|forget|" pos="VB" wid="13">forget</w>
  <w id="14" lemma="|to|" pos="TO" wid="14">to</w>
  <w id="15" lemma="|pray|" pos="VB" wid="15">pray</w>
  <w id="16" lemma="|for|" pos="IN" wid="16">for</w>
  <w id="17" lemma="|I|" pos="PRP" wid="17">me</w>
  <w id="18" lemma="|.|" pos="." wid="18">.</w>
</sentence>
<sentence id="35">
  <w id="0" lemma="|enjoy|" pos="VB" wid="0">Enjoy</w>
  <w id="1" lemma="|you|" pos="PRP$" wid="1">your</w>
  <w id="2" lemma="|lunch|" pos="NN" wid="2">lunch</w>
  <w id="3" lemma="|!|" pos="." wid="3">!</w>
</sentence>
<sentence id="36">
  <w id="0" lemma="|Arrivederci|" pos="NNP" wid="0">Arrivederci</w>
  <w id="1" lemma="|!|" pos="." wid="1">!</w>
</sentence>
</corpus>