<corpus id="0">
<sentence id="0">
  <w id="0" lemma="|-lrb-|" pos="-LRB-" wid="0">-LRB-</w>
  <w id="1" lemma="|by|" pos="IN" wid="1">by</w>
  <w id="2" lemma="|L'Osservatore|" pos="NNP" wid="2">L'Osservatore</w>
  <w id="3" lemma="|Romano|" pos="NNP" wid="3">Romano</w>
  <w id="4" lemma="|,|" pos="," wid="4">,</w>
  <w id="5" lemma="|Weekly|" pos="NNP" wid="5">Weekly</w>
  <w id="6" lemma="|ed|" pos="VBD" wid="6">ed</w>
  <w id="7" lemma="|.|" pos="." wid="7">.</w>
</sentence>
<sentence id="1">
  <w id="0" lemma="|in|" pos="IN" wid="0">in</w>
  <w id="1" lemma="|English|" pos="NNP" wid="1">English</w>
  <w id="2" lemma="|,|" pos="," wid="2">,</w>
  <w id="3" lemma="|n.|" pos="NNP" wid="3">n.</w>
  <w id="4" lemma="|26|" pos="CD" wid="4">26</w>
  <w id="5" lemma="|,|" pos="," wid="5">,</w>
  <w id="6" lemma="|26|" pos="CD" wid="6">26</w>
  <w id="7" lemma="|June|" pos="NNP" wid="7">June</w>
  <w id="8" lemma="|2013|" pos="CD" wid="8">2013</w>
  <w id="9" lemma="|-rrb-|" pos="-RRB-" wid="9">-RRB-</w>
  <w id="10" lemma="|there|" pos="EX" wid="10">There</w>
  <w id="11" lemma="|be|" pos="VBZ" wid="11">is</w>
  <w id="12" lemma="|no|" pos="DT" wid="12">no</w>
  <w id="13" lemma="|need|" pos="NN" wid="13">need</w>
  <w id="14" lemma="|to|" pos="TO" wid="14">to</w>
  <w id="15" lemma="|fritter|" pos="VB" wid="15">fritter</w>
  <w id="16" lemma="|away|" pos="RP" wid="16">away</w>
  <w id="17" lemma="|word|" pos="NNS" wid="17">words</w>
  <w id="18" lemma="|in|" pos="IN" wid="18">in</w>
  <w id="19" lemma="|order|" pos="NN" wid="19">order</w>
  <w id="20" lemma="|to|" pos="TO" wid="20">to</w>
  <w id="21" lemma="|pray|" pos="VB" wid="21">pray</w>
  <w id="22" lemma="|:|" pos=":" wid="22">:</w>
  <w id="23" lemma="|the|" pos="DT" wid="23">the</w>
  <w id="24" lemma="|Lord|" pos="NNP" wid="24">Lord</w>
  <w id="25" lemma="|know|" pos="VBZ" wid="25">knows</w>
  <w id="26" lemma="|what|" pos="WP" wid="26">what</w>
  <w id="27" lemma="|we|" pos="PRP" wid="27">we</w>
  <w id="28" lemma="|want|" pos="VBP" wid="28">want</w>
  <w id="29" lemma="|to|" pos="TO" wid="29">to</w>
  <w id="30" lemma="|say|" pos="VB" wid="30">say</w>
  <w id="31" lemma="|to|" pos="TO" wid="31">to</w>
  <w id="32" lemma="|he|" pos="PRP" wid="32">him</w>
  <w id="33" lemma="|.|" pos="." wid="33">.</w>
</sentence>
<sentence id="2">
  <w id="0" lemma="|the|" pos="DT" wid="0">The</w>
  <w id="1" lemma="|important|" pos="JJ" wid="1">important</w>
  <w id="2" lemma="|thing|" pos="NN" wid="2">thing</w>
  <w id="3" lemma="|be|" pos="VBZ" wid="3">is</w>
  <w id="4" lemma="|that|" pos="IN" wid="4">that</w>
  <w id="5" lemma="|we|" pos="PRP$" wid="5">our</w>
  <w id="6" lemma="|first|" pos="JJ" wid="6">first</w>
  <w id="7" lemma="|word|" pos="NN" wid="7">word</w>
  <w id="8" lemma="|be|" pos="VB" wid="8">be</w>
  <w id="9" lemma="|``|" pos="``" wid="9">``</w>
  <w id="10" lemma="|Father|" pos="NNP" wid="10">Father</w>
  <w id="11" lemma="|''|" pos="''" wid="11">''</w>
  <w id="12" lemma="|.|" pos="." wid="12">.</w>
</sentence>
<sentence id="3">
  <w id="0" lemma="|Jesus|" pos="NNP" wid="0">Jesus</w>
  <w id="1" lemma="|'|" pos="POS" wid="1">'</w>
  <w id="2" lemma="|advice|" pos="NN" wid="2">advice</w>
  <w id="3" lemma="|to|" pos="TO" wid="3">to</w>
  <w id="4" lemma="|the|" pos="DT" wid="4">the</w>
  <w id="5" lemma="|Apostles|" pos="NNPS" wid="5">Apostles</w>
  <w id="6" lemma="|be|" pos="VBD" wid="6">was</w>
  <w id="7" lemma="|what|" pos="WP" wid="7">what</w>
  <w id="8" lemma="|Pope|" pos="NNP" wid="8">Pope</w>
  <w id="9" lemma="|Francis|" pos="NNP" wid="9">Francis</w>
  <w id="10" lemma="|,|" pos="," wid="10">,</w>
  <w id="11" lemma="|in|" pos="IN" wid="11">in</w>
  <w id="12" lemma="|turn|" pos="NN" wid="12">turn</w>
  <w id="13" lemma="|,|" pos="," wid="13">,</w>
  <w id="14" lemma="|offer|" pos="VBN" wid="14">offered</w>
  <w id="15" lemma="|during|" pos="IN" wid="15">during</w>
  <w id="16" lemma="|the|" pos="DT" wid="16">the</w>
  <w id="17" lemma="|homily|" pos="NN" wid="17">homily</w>
  <w id="18" lemma="|at|" pos="IN" wid="18">at</w>
  <w id="19" lemma="|Mass|" pos="NNP" wid="19">Mass</w>
  <w id="20" lemma="|on|" pos="IN" wid="20">on</w>
  <w id="21" lemma="|Thursday|" pos="NNP" wid="21">Thursday</w>
  <w id="22" lemma="|morning|" pos="NN" wid="22">morning</w>
  <w id="23" lemma="|,|" pos="," wid="23">,</w>
  <w id="24" lemma="|20|" pos="CD" wid="24">20</w>
  <w id="25" lemma="|June|" pos="NNP" wid="25">June</w>
  <w id="26" lemma="|,|" pos="," wid="26">,</w>
  <w id="27" lemma="|in|" pos="IN" wid="27">in</w>
  <w id="28" lemma="|the|" pos="DT" wid="28">the</w>
  <w id="29" lemma="|chapel|" pos="NN" wid="29">Chapel</w>
  <w id="30" lemma="|of|" pos="IN" wid="30">of</w>
  <w id="31" lemma="|the|" pos="DT" wid="31">the</w>
  <w id="32" lemma="|Domus|" pos="NNP" wid="32">Domus</w>
  <w id="33" lemma="|Sanctae|" pos="NNP" wid="33">Sanctae</w>
  <w id="34" lemma="|Marthae|" pos="NNP" wid="34">Marthae</w>
  <w id="35" lemma="|.|" pos="." wid="35">.</w>
</sentence>
<sentence id="4">
  <w id="0" lemma="|Concelebrating|" pos="NNP" wid="0">Concelebrating</w>
  <w id="1" lemma="|,|" pos="," wid="1">,</w>
  <w id="2" lemma="|among|" pos="IN" wid="2">among</w>
  <w id="3" lemma="|other|" pos="NNS" wid="3">others</w>
  <w id="4" lemma="|,|" pos="," wid="4">,</w>
  <w id="5" lemma="|be|" pos="VBD" wid="5">was</w>
  <w id="6" lemma="|Cardinal|" pos="NNP" wid="6">Cardinal</w>
  <w id="7" lemma="|Zenon|" pos="NNP" wid="7">Zenon</w>
  <w id="8" lemma="|Grocholewski|" pos="NNP" wid="8">Grocholewski</w>
  <w id="9" lemma="|,|" pos="," wid="9">,</w>
  <w id="10" lemma="|Prefect|" pos="NNP" wid="10">Prefect</w>
  <w id="11" lemma="|of|" pos="IN" wid="11">of</w>
  <w id="12" lemma="|the|" pos="DT" wid="12">the</w>
  <w id="13" lemma="|Congregation|" pos="NNP" wid="13">Congregation</w>
  <w id="14" lemma="|for|" pos="IN" wid="14">for</w>
  <w id="15" lemma="|Catholic|" pos="NNP" wid="15">Catholic</w>
  <w id="16" lemma="|Education|" pos="NNP" wid="16">Education</w>
  <w id="17" lemma="|,|" pos="," wid="17">,</w>
  <w id="18" lemma="|who|" pos="WP" wid="18">who</w>
  <w id="19" lemma="|be|" pos="VBD" wid="19">was</w>
  <w id="20" lemma="|accompany|" pos="VBN" wid="20">accompanied</w>
  <w id="21" lemma="|by|" pos="IN" wid="21">by</w>
  <w id="22" lemma="|some|" pos="DT" wid="22">some</w>
  <w id="23" lemma="|staff|" pos="NN" wid="23">staff</w>
  <w id="24" lemma="|from|" pos="IN" wid="24">from</w>
  <w id="25" lemma="|the|" pos="DT" wid="25">the</w>
  <w id="26" lemma="|dicastery|" pos="NN" wid="26">dicastery</w>
  <w id="27" lemma="|.|" pos="." wid="27">.</w>
</sentence>
<sentence id="5">
  <w id="0" lemma="|thus|" pos="RB" wid="0">Thus</w>
  <w id="1" lemma="|the|" pos="DT" wid="1">the</w>
  <w id="2" lemma="|Pontiff|" pos="NNP" wid="2">Pontiff</w>
  <w id="3" lemma="|repeat|" pos="VBD" wid="3">repeated</w>
  <w id="4" lemma="|Jesus|" pos="NNP" wid="4">Jesus</w>
  <w id="5" lemma="|'|" pos="POS" wid="5">'</w>
  <w id="6" lemma="|advice|" pos="NN" wid="6">advice</w>
  <w id="7" lemma="|to|" pos="TO" wid="7">to</w>
  <w id="8" lemma="|the|" pos="DT" wid="8">the</w>
  <w id="9" lemma="|Apostles|" pos="NNPS" wid="9">Apostles</w>
  <w id="10" lemma="|when|" pos="WRB" wid="10">when</w>
  <w id="11" lemma="|he|" pos="PRP" wid="11">he</w>
  <w id="12" lemma="|give|" pos="VBD" wid="12">gave</w>
  <w id="13" lemma="|they|" pos="PRP" wid="13">them</w>
  <w id="14" lemma="|the|" pos="DT" wid="14">the</w>
  <w id="15" lemma="|Our|" pos="NNP" wid="15">Our</w>
  <w id="16" lemma="|Father|" pos="NNP" wid="16">Father</w>
  <w id="17" lemma="|,|" pos="," wid="17">,</w>
  <w id="18" lemma="|accord|" pos="VBG" wid="18">according</w>
  <w id="19" lemma="|the|" pos="DT" wid="19">the</w>
  <w id="20" lemma="|Evangelist|" pos="NNP" wid="20">Evangelist</w>
  <w id="21" lemma="|Matthew|" pos="NNP" wid="21">Matthew</w>
  <w id="22" lemma="|'s|" pos="POS" wid="22">'s</w>
  <w id="23" lemma="|account|" pos="NN" wid="23">account</w>
  <w id="24" lemma="|-lrb-|" pos="-LRB-" wid="24">-LRB-</w>
  <w id="25" lemma="|6:7|" pos="CD" wid="25">6:7</w>
  <w id="26" lemma="|-15|" pos="CD" wid="26">-15</w>
  <w id="27" lemma="|-rrb-|" pos="-RRB-" wid="27">-RRB-</w>
  <w id="28" lemma="|.|" pos="." wid="28">.</w>
</sentence>
<sentence id="6">
  <w id="0" lemma="|in|" pos="IN" wid="0">In</w>
  <w id="1" lemma="|order|" pos="NN" wid="1">order</w>
  <w id="2" lemma="|to|" pos="TO" wid="2">to</w>
  <w id="3" lemma="|pray|" pos="VB" wid="3">pray</w>
  <w id="4" lemma="|,|" pos="," wid="4">,</w>
  <w id="5" lemma="|there|" pos="EX" wid="5">there</w>
  <w id="6" lemma="|be|" pos="VBZ" wid="6">is</w>
  <w id="7" lemma="|no|" pos="DT" wid="7">no</w>
  <w id="8" lemma="|need|" pos="NN" wid="8">need</w>
  <w id="9" lemma="|to|" pos="TO" wid="9">to</w>
  <w id="10" lemma="|make|" pos="VB" wid="10">make</w>
  <w id="11" lemma="|noise|" pos="NN" wid="11">noise</w>
  <w id="12" lemma="|or|" pos="CC" wid="12">or</w>
  <w id="13" lemma="|believe|" pos="VB" wid="13">believe</w>
  <w id="14" lemma="|that|" pos="IN" wid="14">that</w>
  <w id="15" lemma="|that|" pos="IN" wid="15">that</w>
  <w id="16" lemma="|it|" pos="PRP" wid="16">it</w>
  <w id="17" lemma="|be|" pos="VBZ" wid="17">is</w>
  <w id="18" lemma="|better|" pos="JJR" wid="18">better</w>
  <w id="19" lemma="|to|" pos="TO" wid="19">to</w>
  <w id="20" lemma="|use|" pos="VB" wid="20">use</w>
  <w id="21" lemma="|more|" pos="JJR" wid="21">more</w>
  <w id="22" lemma="|word|" pos="NNS" wid="22">words</w>
  <w id="23" lemma="|.|" pos="." wid="23">.</w>
</sentence>
<sentence id="7">
  <w id="0" lemma="|there|" pos="EX" wid="0">There</w>
  <w id="1" lemma="|be|" pos="VBZ" wid="1">is</w>
  <w id="2" lemma="|no|" pos="DT" wid="2">no</w>
  <w id="3" lemma="|need|" pos="NN" wid="3">need</w>
  <w id="4" lemma="|to|" pos="TO" wid="4">to</w>
  <w id="5" lemma="|trust|" pos="VB" wid="5">trust</w>
  <w id="6" lemma="|in|" pos="IN" wid="6">in</w>
  <w id="7" lemma="|noise|" pos="NN" wid="7">noise</w>
  <w id="8" lemma="|,|" pos="," wid="8">,</w>
  <w id="9" lemma="|the|" pos="DT" wid="9">the</w>
  <w id="10" lemma="|noise|" pos="NN" wid="10">noise</w>
  <w id="11" lemma="|of|" pos="IN" wid="11">of</w>
  <w id="12" lemma="|worldliness|" pos="NN" wid="12">worldliness</w>
  <w id="13" lemma="|which|" pos="WDT" wid="13">which</w>
  <w id="14" lemma="|Jesus|" pos="NNP" wid="14">Jesus</w>
  <w id="15" lemma="|point|" pos="VBD" wid="15">pointed</w>
  <w id="16" lemma="|out|" pos="RP" wid="16">out</w>
  <w id="17" lemma="|,|" pos="," wid="17">,</w>
  <w id="18" lemma="|``|" pos="``" wid="18">``</w>
  <w id="19" lemma="|to|" pos="TO" wid="19">to</w>
  <w id="20" lemma="|sound|" pos="VB" wid="20">sound</w>
  <w id="21" lemma="|the|" pos="DT" wid="21">the</w>
  <w id="22" lemma="|trumpet|" pos="NN" wid="22">trumpet</w>
  <w id="23" lemma="|''|" pos="''" wid="23">''</w>
  <w id="24" lemma="|or|" pos="CC" wid="24">or</w>
  <w id="25" lemma="|``|" pos="``" wid="25">``</w>
  <w id="26" lemma="|make|" pos="VBG" wid="26">making</w>
  <w id="27" lemma="|oneself|" pos="NN" wid="27">oneself</w>
  <w id="28" lemma="|see|" pos="VBN" wid="28">seen</w>
  <w id="29" lemma="|while|" pos="IN" wid="29">while</w>
  <w id="30" lemma="|fasting|" pos="NN" wid="30">fasting</w>
  <w id="31" lemma="|''|" pos="''" wid="31">''</w>
  <w id="32" lemma="|.|" pos="." wid="32">.</w>
</sentence>
<sentence id="8">
  <w id="0" lemma="|to|" pos="TO" wid="0">To</w>
  <w id="1" lemma="|pray|" pos="VB" wid="1">pray</w>
  <w id="2" lemma="|,|" pos="," wid="2">,</w>
  <w id="3" lemma="|the|" pos="DT" wid="3">the</w>
  <w id="4" lemma="|Holy|" pos="NNP" wid="4">Holy</w>
  <w id="5" lemma="|Father|" pos="NNP" wid="5">Father</w>
  <w id="6" lemma="|repeat|" pos="VBD" wid="6">repeated</w>
  <w id="7" lemma="|,|" pos="," wid="7">,</w>
  <w id="8" lemma="|there|" pos="EX" wid="8">there</w>
  <w id="9" lemma="|be|" pos="VBZ" wid="9">is</w>
  <w id="10" lemma="|no|" pos="DT" wid="10">no</w>
  <w id="11" lemma="|need|" pos="NN" wid="11">need</w>
  <w id="12" lemma="|to|" pos="TO" wid="12">to</w>
  <w id="13" lemma="|heap|" pos="NN" wid="13">heap</w>
  <w id="14" lemma="|up|" pos="RP" wid="14">up</w>
  <w id="15" lemma="|empty|" pos="JJ" wid="15">empty</w>
  <w id="16" lemma="|phrase|" pos="NNS" wid="16">phrases</w>
  <w id="17" lemma="|:|" pos=":" wid="17">:</w>
  <w id="18" lemma="|Jesus|" pos="NNP" wid="18">Jesus</w>
  <w id="19" lemma="|call|" pos="VBD" wid="19">called</w>
  <w id="20" lemma="|this|" pos="DT" wid="20">this</w>
  <w id="21" lemma="|a|" pos="DT" wid="21">a</w>
  <w id="22" lemma="|characteristic|" pos="NN" wid="22">characteristic</w>
  <w id="23" lemma="|of|" pos="IN" wid="23">of</w>
  <w id="24" lemma="|pagan|" pos="NNS" wid="24">pagans</w>
  <w id="25" lemma="|.|" pos="." wid="25">.</w>
</sentence>
<sentence id="9">
  <w id="0" lemma="|Pope|" pos="NNP" wid="0">Pope</w>
  <w id="1" lemma="|Francis|" pos="NNP" wid="1">Francis</w>
  <w id="2" lemma="|go|" pos="VBD" wid="2">went</w>
  <w id="3" lemma="|further|" pos="RBR" wid="3">further</w>
  <w id="4" lemma="|,|" pos="," wid="4">,</w>
  <w id="5" lemma="|confirm|" pos="VBG" wid="5">confirming</w>
  <w id="6" lemma="|that|" pos="IN" wid="6">that</w>
  <w id="7" lemma="|prayer|" pos="NN" wid="7">prayer</w>
  <w id="8" lemma="|must|" pos="MD" wid="8">must</w>
  <w id="9" lemma="|not|" pos="RB" wid="9">not</w>
  <w id="10" lemma="|be|" pos="VB" wid="10">be</w>
  <w id="11" lemma="|consider|" pos="VBN" wid="11">considered</w>
  <w id="12" lemma="|a|" pos="DT" wid="12">a</w>
  <w id="13" lemma="|magic|" pos="JJ" wid="13">magic</w>
  <w id="14" lemma="|formula|" pos="NN" wid="14">formula</w>
  <w id="15" lemma="|:|" pos=":" wid="15">:</w>
  <w id="16" lemma="|``|" pos="``" wid="16">``</w>
  <w id="17" lemma="|pray|" pos="VBG" wid="17">Praying</w>
  <w id="18" lemma="|be|" pos="VBZ" wid="18">is</w>
  <w id="19" lemma="|not|" pos="RB" wid="19">not</w>
  <w id="20" lemma="|something|" pos="NN" wid="20">something</w>
  <w id="21" lemma="|magic|" pos="NN" wid="21">magic</w>
  <w id="22" lemma="|;|" pos=":" wid="22">;</w>
  <w id="23" lemma="|one|" pos="PRP" wid="23">one</w>
  <w id="24" lemma="|do|" pos="VBZ" wid="24">does</w>
  <w id="25" lemma="|not|" pos="RB" wid="25">n't</w>
  <w id="26" lemma="|practice|" pos="VB" wid="26">practice</w>
  <w id="27" lemma="|magic|" pos="NN" wid="27">magic</w>
  <w id="28" lemma="|with|" pos="IN" wid="28">with</w>
  <w id="29" lemma="|prayer|" pos="NN" wid="29">prayer</w>
  <w id="30" lemma="|''|" pos="''" wid="30">''</w>
  <w id="31" lemma="|.|" pos="." wid="31">.</w>
</sentence>
<sentence id="10">
  <w id="0" lemma="|as|" pos="IN" wid="0">As</w>
  <w id="1" lemma="|he|" pos="PRP" wid="1">he</w>
  <w id="2" lemma="|often|" pos="RB" wid="2">often</w>
  <w id="3" lemma="|do|" pos="VBZ" wid="3">does</w>
  <w id="4" lemma="|,|" pos="," wid="4">,</w>
  <w id="5" lemma="|he|" pos="PRP" wid="5">he</w>
  <w id="6" lemma="|recount|" pos="VBD" wid="6">recounted</w>
  <w id="7" lemma="|he|" pos="PRP$" wid="7">his</w>
  <w id="8" lemma="|personal|" pos="JJ" wid="8">personal</w>
  <w id="9" lemma="|experience|" pos="NN" wid="9">experience</w>
  <w id="10" lemma="|.|" pos="." wid="10">.</w>
</sentence>
<sentence id="11">
  <w id="0" lemma="|he|" pos="PRP" wid="0">He</w>
  <w id="1" lemma="|say|" pos="VBD" wid="1">said</w>
  <w id="2" lemma="|that|" pos="IN" wid="2">that</w>
  <w id="3" lemma="|he|" pos="PRP" wid="3">he</w>
  <w id="4" lemma="|never|" pos="RB" wid="4">never</w>
  <w id="5" lemma="|turn|" pos="VBD" wid="5">turned</w>
  <w id="6" lemma="|to|" pos="TO" wid="6">to</w>
  <w id="7" lemma="|sorcerer|" pos="NNS" wid="7">sorcerers</w>
  <w id="8" lemma="|who|" pos="WP" wid="8">who</w>
  <w id="9" lemma="|promise|" pos="VBP" wid="9">promise</w>
  <w id="10" lemma="|magic|" pos="NN" wid="10">magic</w>
  <w id="11" lemma="|;|" pos=":" wid="11">;</w>
  <w id="12" lemma="|rather|" pos="RB" wid="12">rather</w>
  <w id="13" lemma="|he|" pos="PRP" wid="13">he</w>
  <w id="14" lemma="|know|" pos="VBD" wid="14">knew</w>
  <w id="15" lemma="|what|" pos="WP" wid="15">what</w>
  <w id="16" lemma="|happen|" pos="VBD" wid="16">happened</w>
  <w id="17" lemma="|in|" pos="IN" wid="17">in</w>
  <w id="18" lemma="|meeting|" pos="NNS" wid="18">meetings</w>
  <w id="19" lemma="|of|" pos="IN" wid="19">of</w>
  <w id="20" lemma="|this|" pos="DT" wid="20">this</w>
  <w id="21" lemma="|sort|" pos="NN" wid="21">sort</w>
  <w id="22" lemma="|:|" pos=":" wid="22">:</w>
  <w id="23" lemma="|many|" pos="JJ" wid="23">many</w>
  <w id="24" lemma="|word|" pos="NNS" wid="24">words</w>
  <w id="25" lemma="|be|" pos="VBP" wid="25">are</w>
  <w id="26" lemma="|use|" pos="VBN" wid="26">used</w>
  <w id="27" lemma="|to|" pos="TO" wid="27">to</w>
  <w id="28" lemma="|obtain|" pos="VB" wid="28">obtain</w>
  <w id="29" lemma="|``|" pos="``" wid="29">``</w>
  <w id="30" lemma="|heal|" pos="VBG" wid="30">healing</w>
  <w id="31" lemma="|one|" pos="CD" wid="31">one</w>
  <w id="32" lemma="|time|" pos="NN" wid="32">time</w>
  <w id="33" lemma="|and|" pos="CC" wid="33">and</w>
  <w id="34" lemma="|at|" pos="IN" wid="34">at</w>
  <w id="35" lemma="|another|" pos="DT" wid="35">another</w>
  <w id="36" lemma="|time|" pos="NN" wid="36">time</w>
  <w id="37" lemma="|something|" pos="NN" wid="37">something</w>
  <w id="38" lemma="|else|" pos="RB" wid="38">else</w>
  <w id="39" lemma="|''|" pos="''" wid="39">''</w>
  <w id="40" lemma="|with|" pos="IN" wid="40">with</w>
  <w id="41" lemma="|the|" pos="DT" wid="41">the</w>
  <w id="42" lemma="|help|" pos="NN" wid="42">help</w>
  <w id="43" lemma="|of|" pos="IN" wid="43">of</w>
  <w id="44" lemma="|magic|" pos="NN" wid="44">magic</w>
  <w id="45" lemma="|.|" pos="." wid="45">.</w>
</sentence>
<sentence id="12">
  <w id="0" lemma="|however|" pos="RB" wid="0">However</w>
  <w id="1" lemma="|,|" pos="," wid="1">,</w>
  <w id="2" lemma="|he|" pos="PRP" wid="2">he</w>
  <w id="3" lemma="|warn|" pos="VBD" wid="3">warned</w>
  <w id="4" lemma="|,|" pos="," wid="4">,</w>
  <w id="5" lemma="|``|" pos="``" wid="5">``</w>
  <w id="6" lemma="|this|" pos="DT" wid="6">this</w>
  <w id="7" lemma="|be|" pos="VBZ" wid="7">is</w>
  <w id="8" lemma="|pagan|" pos="NN" wid="8">pagan</w>
  <w id="9" lemma="|''|" pos="''" wid="9">''</w>
  <w id="10" lemma="|.|" pos="." wid="10">.</w>
</sentence>
<sentence id="13">
  <w id="0" lemma="|so|" pos="RB" wid="0">So</w>
  <w id="1" lemma="|how|" pos="WRB" wid="1">how</w>
  <w id="2" lemma="|should|" pos="MD" wid="2">should</w>
  <w id="3" lemma="|we|" pos="PRP" wid="3">we</w>
  <w id="4" lemma="|pray|" pos="VB" wid="4">pray</w>
  <w id="5" lemma="|?|" pos="." wid="5">?</w>
</sentence>
<sentence id="14">
  <w id="0" lemma="|Jesus|" pos="NNP" wid="0">Jesus</w>
  <w id="1" lemma="|have|" pos="VBZ" wid="1">has</w>
  <w id="2" lemma="|teach|" pos="VBN" wid="2">taught</w>
  <w id="3" lemma="|we|" pos="PRP" wid="3">us</w>
  <w id="4" lemma="|:|" pos=":" wid="4">:</w>
  <w id="5" lemma="|``|" pos="``" wid="5">``</w>
  <w id="6" lemma="|he|" pos="PRP" wid="6">he</w>
  <w id="7" lemma="|say|" pos="VBZ" wid="7">says</w>
  <w id="8" lemma="|that|" pos="IN" wid="8">that</w>
  <w id="9" lemma="|the|" pos="DT" wid="9">the</w>
  <w id="10" lemma="|Father|" pos="NNP" wid="10">Father</w>
  <w id="11" lemma="|who|" pos="WP" wid="11">who</w>
  <w id="12" lemma="|be|" pos="VBZ" wid="12">is</w>
  <w id="13" lemma="|in|" pos="IN" wid="13">in</w>
  <w id="14" lemma="|heaven|" pos="NN" wid="14">heaven</w>
  <w id="15" lemma="|`|" pos="``" wid="15">`</w>
  <w id="16" lemma="|know|" pos="VBZ" wid="16">knows</w>
  <w id="17" lemma="|what|" pos="WP" wid="17">what</w>
  <w id="18" lemma="|you|" pos="PRP" wid="18">you</w>
  <w id="19" lemma="|need|" pos="VBP" wid="19">need</w>
  <w id="20" lemma="|before|" pos="IN" wid="20">before</w>
  <w id="21" lemma="|you|" pos="PRP" wid="21">you</w>
  <w id="22" lemma="|ask|" pos="VBP" wid="22">ask</w>
  <w id="23" lemma="|he|" pos="PRP" wid="23">him</w>
  <w id="24" lemma="|''|" pos="''" wid="24">''</w>
  <w id="25" lemma="|.|" pos="." wid="25">.</w>
</sentence>
<sentence id="15">
  <w id="0" lemma="|therefore|" pos="RB" wid="0">Therefore</w>
  <w id="1" lemma="|,|" pos="," wid="1">,</w>
  <w id="2" lemma="|let|" pos="VB" wid="2">let</w>
  <w id="3" lemma="|we|" pos="PRP$" wid="3">our</w>
  <w id="4" lemma="|first|" pos="JJ" wid="4">first</w>
  <w id="5" lemma="|word|" pos="NN" wid="5">word</w>
  <w id="6" lemma="|be|" pos="VB" wid="6">be</w>
  <w id="7" lemma="|``'|" pos="NNP" wid="7">``'</w>
  <w id="8" lemma="|Father|" pos="NNP" wid="8">Father</w>
  <w id="9" lemma="|'|" pos="POS" wid="9">'</w>
  <w id="10" lemma="|.|" pos="." wid="10">.</w>
</sentence>
<sentence id="16">
  <w id="0" lemma="|this|" pos="DT" wid="0">This</w>
  <w id="1" lemma="|be|" pos="VBZ" wid="1">is</w>
  <w id="2" lemma="|the|" pos="DT" wid="2">the</w>
  <w id="3" lemma="|key|" pos="NN" wid="3">key</w>
  <w id="4" lemma="|to|" pos="TO" wid="4">to</w>
  <w id="5" lemma="|prayer|" pos="NN" wid="5">prayer</w>
  <w id="6" lemma="|.|" pos="." wid="6">.</w>
</sentence>
<sentence id="17">
  <w id="0" lemma="|without|" pos="IN" wid="0">Without</w>
  <w id="1" lemma="|speaking|" pos="NN" wid="1">speaking</w>
  <w id="2" lemma="|,|" pos="," wid="2">,</w>
  <w id="3" lemma="|without|" pos="IN" wid="3">without</w>
  <w id="4" lemma="|feel|" pos="VBG" wid="4">feeling</w>
  <w id="5" lemma="|this|" pos="DT" wid="5">this</w>
  <w id="6" lemma="|word|" pos="NN" wid="6">word</w>
  <w id="7" lemma="|,|" pos="," wid="7">,</w>
  <w id="8" lemma="|pray|" pos="VBG" wid="8">praying</w>
  <w id="9" lemma="|be|" pos="VBZ" wid="9">is</w>
  <w id="10" lemma="|not|" pos="RB" wid="10">not</w>
  <w id="11" lemma="|possible|" pos="JJ" wid="11">possible</w>
  <w id="12" lemma="|''|" pos="''" wid="12">''</w>
  <w id="13" lemma="|,|" pos="," wid="13">,</w>
  <w id="14" lemma="|the|" pos="DT" wid="14">the</w>
  <w id="15" lemma="|Bishop|" pos="NNP" wid="15">Bishop</w>
  <w id="16" lemma="|of|" pos="IN" wid="16">of</w>
  <w id="17" lemma="|Rome|" pos="NNP" wid="17">Rome</w>
  <w id="18" lemma="|explain|" pos="VBD" wid="18">explained</w>
  <w id="19" lemma="|.|" pos="." wid="19">.</w>
</sentence>
<sentence id="18">
  <w id="0" lemma="|then|" pos="RB" wid="0">Then</w>
  <w id="1" lemma="|he|" pos="PRP" wid="1">he</w>
  <w id="2" lemma="|ask|" pos="VBD" wid="2">asked</w>
  <w id="3" lemma="|:|" pos=":" wid="3">:</w>
  <w id="4" lemma="|``|" pos="``" wid="4">``</w>
  <w id="5" lemma="|to|" pos="TO" wid="5">To</w>
  <w id="6" lemma="|whom|" pos="WP" wid="6">whom</w>
  <w id="7" lemma="|do|" pos="VBP" wid="7">do</w>
  <w id="8" lemma="|I|" pos="PRP" wid="8">I</w>
  <w id="9" lemma="|pray|" pos="VB" wid="9">pray</w>
  <w id="10" lemma="|?|" pos="." wid="10">?</w>
</sentence>
<sentence id="19">
  <w id="0" lemma="|the|" pos="DT" wid="0">The</w>
  <w id="1" lemma="|almighty|" pos="JJ" wid="1">almighty</w>
  <w id="2" lemma="|God|" pos="NNP" wid="2">God</w>
  <w id="3" lemma="|?|" pos="." wid="3">?</w>
</sentence>
<sentence id="20">
  <w id="0" lemma="|he|" pos="PRP" wid="0">He</w>
  <w id="1" lemma="|be|" pos="VBZ" wid="1">is</w>
  <w id="2" lemma="|too|" pos="RB" wid="2">too</w>
  <w id="3" lemma="|far|" pos="RB" wid="3">far</w>
  <w id="4" lemma="|away|" pos="RB" wid="4">away</w>
  <w id="5" lemma="|.|" pos="." wid="5">.</w>
</sentence>
<sentence id="21">
  <w id="0" lemma="|I|" pos="PRP" wid="0">I</w>
  <w id="1" lemma="|do|" pos="VBP" wid="1">do</w>
  <w id="2" lemma="|not|" pos="RB" wid="2">n't</w>
  <w id="3" lemma="|feel|" pos="VB" wid="3">feel</w>
  <w id="4" lemma="|he|" pos="PRP" wid="4">him</w>
  <w id="5" lemma="|;|" pos=":" wid="5">;</w>
  <w id="6" lemma="|neither|" pos="CC" wid="6">neither</w>
  <w id="7" lemma="|do|" pos="VBD" wid="7">did</w>
  <w id="8" lemma="|Jesus|" pos="NNP" wid="8">Jesus</w>
  <w id="9" lemma="|feel|" pos="VB" wid="9">feel</w>
  <w id="10" lemma="|he|" pos="PRP" wid="10">him</w>
  <w id="11" lemma="|.|" pos="." wid="11">.</w>
</sentence>
<sentence id="22">
  <w id="0" lemma="|to|" pos="TO" wid="0">To</w>
  <w id="1" lemma="|whom|" pos="WP" wid="1">whom</w>
  <w id="2" lemma="|do|" pos="VBP" wid="2">do</w>
  <w id="3" lemma="|I|" pos="PRP" wid="3">I</w>
  <w id="4" lemma="|pray|" pos="VB" wid="4">pray</w>
  <w id="5" lemma="|?|" pos="." wid="5">?</w>
</sentence>
<sentence id="23">
  <w id="0" lemma="|the|" pos="DT" wid="0">The</w>
  <w id="1" lemma="|God|" pos="NNP" wid="1">God</w>
  <w id="2" lemma="|of|" pos="IN" wid="2">of</w>
  <w id="3" lemma="|the|" pos="DT" wid="3">the</w>
  <w id="4" lemma="|cosmos|" pos="NNS" wid="4">cosmos</w>
  <w id="5" lemma="|?|" pos="." wid="5">?</w>
</sentence>
<sentence id="24">
  <w id="0" lemma="|this|" pos="DT" wid="0">This</w>
  <w id="1" lemma="|be|" pos="VBZ" wid="1">is</w>
  <w id="2" lemma="|quite|" pos="RB" wid="2">quite</w>
  <w id="3" lemma="|frequent|" pos="JJ" wid="3">frequent</w>
  <w id="4" lemma="|nowadays|" pos="RB" wid="4">nowadays</w>
  <w id="5" lemma="|,|" pos="," wid="5">,</w>
  <w id="6" lemma="|be|" pos="VBZ" wid="6">is</w>
  <w id="7" lemma="|not|" pos="RB" wid="7">n't</w>
  <w id="8" lemma="|it|" pos="PRP" wid="8">it</w>
  <w id="9" lemma="|?|" pos="." wid="9">?</w>
</sentence>
<sentence id="25">
  <w id="0" lemma="|pray|" pos="VBG" wid="0">Praying</w>
  <w id="1" lemma="|to|" pos="TO" wid="1">to</w>
  <w id="2" lemma="|the|" pos="DT" wid="2">the</w>
  <w id="3" lemma="|cosmic|" pos="JJ" wid="3">cosmic</w>
  <w id="4" lemma="|God|" pos="NNP" wid="4">God</w>
  <w id="5" lemma="|.|" pos="." wid="5">.</w>
</sentence>
<sentence id="26">
  <w id="0" lemma="|this|" pos="DT" wid="0">This</w>
  <w id="1" lemma="|polytheistic|" pos="JJ" wid="1">polytheistic</w>
  <w id="2" lemma="|model|" pos="NN" wid="2">model</w>
  <w id="3" lemma="|come|" pos="VBZ" wid="3">comes</w>
  <w id="4" lemma="|with|" pos="IN" wid="4">with</w>
  <w id="5" lemma="|a|" pos="DT" wid="5">a</w>
  <w id="6" lemma="|superficial|" pos="JJ" wid="6">superficial</w>
  <w id="7" lemma="|culture|" pos="NN" wid="7">culture</w>
  <w id="8" lemma="|''|" pos="''" wid="8">''</w>
  <w id="9" lemma="|.|" pos="." wid="9">.</w>
</sentence>
<sentence id="27">
  <w id="0" lemma="|rather|" pos="RB" wid="0">Rather</w>
  <w id="1" lemma="|,|" pos="," wid="1">,</w>
  <w id="2" lemma="|we|" pos="PRP" wid="2">we</w>
  <w id="3" lemma="|must|" pos="MD" wid="3">must</w>
  <w id="4" lemma="|``|" pos="``" wid="4">``</w>
  <w id="5" lemma="|pray|" pos="VB" wid="5">pray</w>
  <w id="6" lemma="|to|" pos="TO" wid="6">to</w>
  <w id="7" lemma="|the|" pos="DT" wid="7">the</w>
  <w id="8" lemma="|Father|" pos="NNP" wid="8">Father</w>
  <w id="9" lemma="|''|" pos="''" wid="9">''</w>
  <w id="10" lemma="|,|" pos="," wid="10">,</w>
  <w id="11" lemma="|who|" pos="WP" wid="11">who</w>
  <w id="12" lemma="|beget|" pos="VBD" wid="12">begot</w>
  <w id="13" lemma="|we|" pos="PRP" wid="13">us</w>
  <w id="14" lemma="|.|" pos="." wid="14">.</w>
</sentence>
<sentence id="28">
  <w id="0" lemma="|but|" pos="CC" wid="0">But</w>
  <w id="1" lemma="|this|" pos="DT" wid="1">this</w>
  <w id="2" lemma="|be|" pos="VBZ" wid="2">is</w>
  <w id="3" lemma="|not|" pos="RB" wid="3">not</w>
  <w id="4" lemma="|all|" pos="DT" wid="4">all</w>
  <w id="5" lemma="|:|" pos=":" wid="5">:</w>
  <w id="6" lemma="|we|" pos="PRP" wid="6">we</w>
  <w id="7" lemma="|must|" pos="MD" wid="7">must</w>
  <w id="8" lemma="|pray|" pos="VB" wid="8">pray</w>
  <w id="9" lemma="|``|" pos="``" wid="9">``</w>
  <w id="10" lemma="|we|" pos="PRP$" wid="10">our</w>
  <w id="11" lemma="|''|" pos="''" wid="11">''</w>
  <w id="12" lemma="|Father|" pos="NNP" wid="12">Father</w>
  <w id="13" lemma="|,|" pos="," wid="13">,</w>
  <w id="14" lemma="|that|" pos="DT" wid="14">that</w>
  <w id="15" lemma="|be|" pos="VBZ" wid="15">is</w>
  <w id="16" lemma="|,|" pos="," wid="16">,</w>
  <w id="17" lemma="|not|" pos="RB" wid="17">not</w>
  <w id="18" lemma="|the|" pos="DT" wid="18">the</w>
  <w id="19" lemma="|Father|" pos="NNP" wid="19">Father</w>
  <w id="20" lemma="|of|" pos="IN" wid="20">of</w>
  <w id="21" lemma="|a|" pos="DT" wid="21">a</w>
  <w id="22" lemma="|generic|" pos="JJ" wid="22">generic</w>
  <w id="23" lemma="|and|" pos="CC" wid="23">and</w>
  <w id="24" lemma="|too|" pos="RB" wid="24">too</w>
  <w id="25" lemma="|anonymous|" pos="JJ" wid="25">anonymous</w>
  <w id="26" lemma="|``|" pos="``" wid="26">``</w>
  <w id="27" lemma="|all|" pos="DT" wid="27">all</w>
  <w id="28" lemma="|''|" pos="''" wid="28">''</w>
  <w id="29" lemma="|,|" pos="," wid="29">,</w>
  <w id="30" lemma="|but|" pos="CC" wid="30">but</w>
  <w id="31" lemma="|the|" pos="DT" wid="31">the</w>
  <w id="32" lemma="|one|" pos="CD" wid="32">One</w>
  <w id="33" lemma="|``|" pos="``" wid="33">``</w>
  <w id="34" lemma="|who|" pos="WP" wid="34">who</w>
  <w id="35" lemma="|beget|" pos="VBD" wid="35">begot</w>
  <w id="36" lemma="|you|" pos="PRP" wid="36">you</w>
  <w id="37" lemma="|,|" pos="," wid="37">,</w>
  <w id="38" lemma="|who|" pos="WP" wid="38">who</w>
  <w id="39" lemma="|give|" pos="VBD" wid="39">gave</w>
  <w id="40" lemma="|you|" pos="PRP" wid="40">you</w>
  <w id="41" lemma="|life|" pos="NN" wid="41">life</w>
  <w id="42" lemma="|,|" pos="," wid="42">,</w>
  <w id="43" lemma="|who|" pos="WP" wid="43">who</w>
  <w id="44" lemma="|give|" pos="VBD" wid="44">gave</w>
  <w id="45" lemma="|life|" pos="NN" wid="45">life</w>
  <w id="46" lemma="|to|" pos="TO" wid="46">to</w>
  <w id="47" lemma="|you|" pos="PRP" wid="47">you</w>
  <w id="48" lemma="|and|" pos="CC" wid="48">and</w>
  <w id="49" lemma="|I|" pos="PRP" wid="49">me</w>
  <w id="50" lemma="|''|" pos="''" wid="50">''</w>
  <w id="51" lemma="|.|" pos="." wid="51">.</w>
</sentence>
</corpus>