<corpus id="0">
<sentence id="0">
  <w id="0" lemma="|1|" pos="CD" wid="0">1</w>
  <w id="1" lemma="|.|" pos="." wid="1">.</w>
</sentence>
<sentence id="1">
  <w id="0" lemma="|why|" pos="WRB" wid="0">Why</w>
  <w id="1" lemma="|have|" pos="VBP" wid="1">have</w>
  <w id="2" lemma="|a|" pos="DT" wid="2">a</w>
  <w id="3" lemma="|Jubilee|" pos="NNP" wid="3">Jubilee</w>
  <w id="4" lemma="|of|" pos="IN" wid="4">of</w>
  <w id="5" lemma="|Mercy|" pos="NNP" wid="5">Mercy</w>
  <w id="6" lemma="|?|" pos="." wid="6">?</w>
</sentence>
<sentence id="2">
  <w id="0" lemma="|Dear|" pos="NNP" wid="0">Dear</w>
  <w id="1" lemma="|Brothers|" pos="NNPS" wid="1">Brothers</w>
  <w id="2" lemma="|and|" pos="CC" wid="2">and</w>
  <w id="3" lemma="|sister|" pos="NNS" wid="3">Sisters</w>
  <w id="4" lemma="|,|" pos="," wid="4">,</w>
  <w id="5" lemma="|good|" pos="JJ" wid="5">Good</w>
  <w id="6" lemma="|morning|" pos="NN" wid="6">morning</w>
  <w id="7" lemma="|,|" pos="," wid="7">,</w>
  <w id="8" lemma="|yesterday|" pos="NN" wid="8">Yesterday</w>
  <w id="9" lemma="|I|" pos="PRP" wid="9">I</w>
  <w id="10" lemma="|open|" pos="VBD" wid="10">opened</w>
  <w id="11" lemma="|here|" pos="RB" wid="11">here</w>
  <w id="12" lemma="|,|" pos="," wid="12">,</w>
  <w id="13" lemma="|in|" pos="IN" wid="13">in</w>
  <w id="14" lemma="|St|" pos="NNP" wid="14">St</w>
  <w id="15" lemma="|Peter|" pos="NNP" wid="15">Peter</w>
  <w id="16" lemma="|'s|" pos="POS" wid="16">'s</w>
  <w id="17" lemma="|basilica|" pos="NN" wid="17">Basilica</w>
  <w id="18" lemma="|,|" pos="," wid="18">,</w>
  <w id="19" lemma="|the|" pos="DT" wid="19">the</w>
  <w id="20" lemma="|Holy|" pos="NNP" wid="20">Holy</w>
  <w id="21" lemma="|Door|" pos="NNP" wid="21">Door</w>
  <w id="22" lemma="|of|" pos="IN" wid="22">of</w>
  <w id="23" lemma="|the|" pos="DT" wid="23">the</w>
  <w id="24" lemma="|Jubilee|" pos="NNP" wid="24">Jubilee</w>
  <w id="25" lemma="|of|" pos="IN" wid="25">of</w>
  <w id="26" lemma="|Mercy|" pos="NNP" wid="26">Mercy</w>
  <w id="27" lemma="|,|" pos="," wid="27">,</w>
  <w id="28" lemma="|after|" pos="IN" wid="28">after</w>
  <w id="29" lemma="|have|" pos="VBG" wid="29">having</w>
  <w id="30" lemma="|previously|" pos="RB" wid="30">previously</w>
  <w id="31" lemma="|open|" pos="VBN" wid="31">opened</w>
  <w id="32" lemma="|it|" pos="PRP" wid="32">it</w>
  <w id="33" lemma="|in|" pos="IN" wid="33">in</w>
  <w id="34" lemma="|the|" pos="DT" wid="34">the</w>
  <w id="35" lemma="|Cathedral|" pos="NNP" wid="35">Cathedral</w>
  <w id="36" lemma="|of|" pos="IN" wid="36">of</w>
  <w id="37" lemma="|Bangui|" pos="NNP" wid="37">Bangui</w>
  <w id="38" lemma="|,|" pos="," wid="38">,</w>
  <w id="39" lemma="|Central|" pos="NNP" wid="39">Central</w>
  <w id="40" lemma="|Africa|" pos="NNP" wid="40">Africa</w>
  <w id="41" lemma="|.|" pos="." wid="41">.</w>
</sentence>
<sentence id="3">
  <w id="0" lemma="|today|" pos="NN" wid="0">Today</w>
  <w id="1" lemma="|I|" pos="PRP" wid="1">I</w>
  <w id="2" lemma="|would|" pos="MD" wid="2">would</w>
  <w id="3" lemma="|like|" pos="VB" wid="3">like</w>
  <w id="4" lemma="|to|" pos="TO" wid="4">to</w>
  <w id="5" lemma="|reflect|" pos="VB" wid="5">reflect</w>
  <w id="6" lemma="|together|" pos="RB" wid="6">together</w>
  <w id="7" lemma="|with|" pos="IN" wid="7">with</w>
  <w id="8" lemma="|you|" pos="PRP" wid="8">you</w>
  <w id="9" lemma="|on|" pos="IN" wid="9">on</w>
  <w id="10" lemma="|the|" pos="DT" wid="10">the</w>
  <w id="11" lemma="|meaning|" pos="NN" wid="11">meaning</w>
  <w id="12" lemma="|of|" pos="IN" wid="12">of</w>
  <w id="13" lemma="|this|" pos="DT" wid="13">this</w>
  <w id="14" lemma="|Holy|" pos="NNP" wid="14">Holy</w>
  <w id="15" lemma="|Year|" pos="NNP" wid="15">Year</w>
  <w id="16" lemma="|,|" pos="," wid="16">,</w>
  <w id="17" lemma="|respond|" pos="VBG" wid="17">responding</w>
  <w id="18" lemma="|to|" pos="TO" wid="18">to</w>
  <w id="19" lemma="|the|" pos="DT" wid="19">the</w>
  <w id="20" lemma="|question|" pos="NN" wid="20">question</w>
  <w id="21" lemma="|:|" pos=":" wid="21">:</w>
  <w id="22" lemma="|why|" pos="WRB" wid="22">Why</w>
  <w id="23" lemma="|have|" pos="VBP" wid="23">have</w>
  <w id="24" lemma="|a|" pos="DT" wid="24">a</w>
  <w id="25" lemma="|Jubilee|" pos="NNP" wid="25">Jubilee</w>
  <w id="26" lemma="|of|" pos="IN" wid="26">of</w>
  <w id="27" lemma="|Mercy|" pos="NNP" wid="27">Mercy</w>
  <w id="28" lemma="|?|" pos="." wid="28">?</w>
</sentence>
<sentence id="4">
  <w id="0" lemma="|what|" pos="WP" wid="0">What</w>
  <w id="1" lemma="|do|" pos="VBZ" wid="1">does</w>
  <w id="2" lemma="|this|" pos="DT" wid="2">this</w>
  <w id="3" lemma="|mean|" pos="VB" wid="3">mean</w>
  <w id="4" lemma="|?|" pos="." wid="4">?</w>
</sentence>
<sentence id="5">
  <w id="0" lemma="|the|" pos="DT" wid="0">The</w>
  <w id="1" lemma="|Church|" pos="NNP" wid="1">Church</w>
  <w id="2" lemma="|be|" pos="VBZ" wid="2">is</w>
  <w id="3" lemma="|in|" pos="IN" wid="3">in</w>
  <w id="4" lemma="|need|" pos="NN" wid="4">need</w>
  <w id="5" lemma="|of|" pos="IN" wid="5">of</w>
  <w id="6" lemma="|this|" pos="DT" wid="6">this</w>
  <w id="7" lemma="|extraordinary|" pos="JJ" wid="7">extraordinary</w>
  <w id="8" lemma="|occasion|" pos="NN" wid="8">occasion</w>
  <w id="9" lemma="|.|" pos="." wid="9">.</w>
</sentence>
<sentence id="6">
  <w id="0" lemma="|I|" pos="PRP" wid="0">I</w>
  <w id="1" lemma="|be|" pos="VBP" wid="1">am</w>
  <w id="2" lemma="|not|" pos="RB" wid="2">not</w>
  <w id="3" lemma="|say|" pos="VBG" wid="3">saying</w>
  <w id="4" lemma="|:|" pos=":" wid="4">:</w>
  <w id="5" lemma="|this|" pos="DT" wid="5">this</w>
  <w id="6" lemma="|extraordinary|" pos="JJ" wid="6">extraordinary</w>
  <w id="7" lemma="|occasion|" pos="NN" wid="7">occasion</w>
  <w id="8" lemma="|be|" pos="VBZ" wid="8">is</w>
  <w id="9" lemma="|good|" pos="JJ" wid="9">good</w>
  <w id="10" lemma="|for|" pos="IN" wid="10">for</w>
  <w id="11" lemma="|the|" pos="DT" wid="11">the</w>
  <w id="12" lemma="|Church|" pos="NNP" wid="12">Church</w>
  <w id="13" lemma="|.|" pos="." wid="13">.</w>
</sentence>
<sentence id="7">
  <w id="0" lemma="|I|" pos="PRP" wid="0">I</w>
  <w id="1" lemma="|be|" pos="VBP" wid="1">am</w>
  <w id="2" lemma="|say|" pos="VBG" wid="2">saying</w>
  <w id="3" lemma="|:|" pos=":" wid="3">:</w>
  <w id="4" lemma="|the|" pos="DT" wid="4">the</w>
  <w id="5" lemma="|Church|" pos="NNP" wid="5">Church</w>
  <w id="6" lemma="|need|" pos="VBZ" wid="6">needs</w>
  <w id="7" lemma="|this|" pos="DT" wid="7">this</w>
  <w id="8" lemma="|extraordinary|" pos="JJ" wid="8">extraordinary</w>
  <w id="9" lemma="|occasion|" pos="NN" wid="9">occasion</w>
  <w id="10" lemma="|.|" pos="." wid="10">.</w>
</sentence>
<sentence id="8">
  <w id="0" lemma="|in|" pos="IN" wid="0">In</w>
  <w id="1" lemma="|this|" pos="DT" wid="1">this</w>
  <w id="2" lemma="|era|" pos="NN" wid="2">era</w>
  <w id="3" lemma="|of|" pos="IN" wid="3">of</w>
  <w id="4" lemma="|profound|" pos="JJ" wid="4">profound</w>
  <w id="5" lemma="|change|" pos="NNS" wid="5">changes</w>
  <w id="6" lemma="|,|" pos="," wid="6">,</w>
  <w id="7" lemma="|the|" pos="DT" wid="7">the</w>
  <w id="8" lemma="|Church|" pos="NNP" wid="8">Church</w>
  <w id="9" lemma="|be|" pos="VBZ" wid="9">is</w>
  <w id="10" lemma="|call|" pos="VBN" wid="10">called</w>
  <w id="11" lemma="|to|" pos="TO" wid="11">to</w>
  <w id="12" lemma="|offer|" pos="VB" wid="12">offer</w>
  <w id="13" lemma="|she|" pos="PRP$" wid="13">her</w>
  <w id="14" lemma="|particular|" pos="JJ" wid="14">particular</w>
  <w id="15" lemma="|contribution|" pos="NN" wid="15">contribution</w>
  <w id="16" lemma="|,|" pos="," wid="16">,</w>
  <w id="17" lemma="|render|" pos="VBG" wid="17">rendering</w>
  <w id="18" lemma="|visible|" pos="JJ" wid="18">visible</w>
  <w id="19" lemma="|the|" pos="DT" wid="19">the</w>
  <w id="20" lemma="|sign|" pos="NNS" wid="20">signs</w>
  <w id="21" lemma="|of|" pos="IN" wid="21">of</w>
  <w id="22" lemma="|the|" pos="DT" wid="22">the</w>
  <w id="23" lemma="|presence|" pos="NN" wid="23">presence</w>
  <w id="24" lemma="|and|" pos="CC" wid="24">and</w>
  <w id="25" lemma="|closeness|" pos="NN" wid="25">closeness</w>
  <w id="26" lemma="|of|" pos="IN" wid="26">of</w>
  <w id="27" lemma="|God|" pos="NNP" wid="27">God</w>
  <w id="28" lemma="|.|" pos="." wid="28">.</w>
</sentence>
<sentence id="9">
  <w id="0" lemma="|the|" pos="DT" wid="0">The</w>
  <w id="1" lemma="|Jubilee|" pos="NNP" wid="1">Jubilee</w>
  <w id="2" lemma="|be|" pos="VBZ" wid="2">is</w>
  <w id="3" lemma="|a|" pos="DT" wid="3">a</w>
  <w id="4" lemma="|favourable|" pos="JJ" wid="4">favourable</w>
  <w id="5" lemma="|time|" pos="NN" wid="5">time</w>
  <w id="6" lemma="|for|" pos="IN" wid="6">for</w>
  <w id="7" lemma="|all|" pos="DT" wid="7">all</w>
  <w id="8" lemma="|of|" pos="IN" wid="8">of</w>
  <w id="9" lemma="|we|" pos="PRP" wid="9">us</w>
  <w id="10" lemma="|,|" pos="," wid="10">,</w>
  <w id="11" lemma="|because|" pos="IN" wid="11">because</w>
  <w id="12" lemma="|by|" pos="IN" wid="12">by</w>
  <w id="13" lemma="|contemplate|" pos="VBG" wid="13">contemplating</w>
  <w id="14" lemma="|Divine|" pos="NNP" wid="14">Divine</w>
  <w id="15" lemma="|Mercy|" pos="NNP" wid="15">Mercy</w>
  <w id="16" lemma="|,|" pos="," wid="16">,</w>
  <w id="17" lemma="|which|" pos="WDT" wid="17">which</w>
  <w id="18" lemma="|overcome|" pos="VBZ" wid="18">overcomes</w>
  <w id="19" lemma="|all|" pos="DT" wid="19">all</w>
  <w id="20" lemma="|human|" pos="JJ" wid="20">human</w>
  <w id="21" lemma="|limitation|" pos="NNS" wid="21">limitations</w>
  <w id="22" lemma="|and|" pos="CC" wid="22">and</w>
  <w id="23" lemma="|shine|" pos="NNS" wid="23">shines</w>
  <w id="24" lemma="|in|" pos="IN" wid="24">in</w>
  <w id="25" lemma="|the|" pos="DT" wid="25">the</w>
  <w id="26" lemma="|darkness|" pos="NN" wid="26">darkness</w>
  <w id="27" lemma="|of|" pos="IN" wid="27">of</w>
  <w id="28" lemma="|sin|" pos="NN" wid="28">sin</w>
  <w id="29" lemma="|,|" pos="," wid="29">,</w>
  <w id="30" lemma="|we|" pos="PRP" wid="30">we</w>
  <w id="31" lemma="|be|" pos="VBP" wid="31">are</w>
  <w id="32" lemma="|able|" pos="JJ" wid="32">able</w>
  <w id="33" lemma="|to|" pos="TO" wid="33">to</w>
  <w id="34" lemma="|become|" pos="VB" wid="34">become</w>
  <w id="35" lemma="|more|" pos="RBR" wid="35">more</w>
  <w id="36" lemma="|certain|" pos="JJ" wid="36">certain</w>
  <w id="37" lemma="|and|" pos="CC" wid="37">and</w>
  <w id="38" lemma="|effective|" pos="JJ" wid="38">effective</w>
  <w id="39" lemma="|witness|" pos="NNS" wid="39">witnesses</w>
  <w id="40" lemma="|.|" pos="." wid="40">.</w>
</sentence>
<sentence id="10">
  <w id="0" lemma="|turn|" pos="VBG" wid="0">Turning</w>
  <w id="1" lemma="|we|" pos="PRP$" wid="1">our</w>
  <w id="2" lemma="|gaze|" pos="VB" wid="2">gaze</w>
  <w id="3" lemma="|to|" pos="TO" wid="3">to</w>
  <w id="4" lemma="|God|" pos="NNP" wid="4">God</w>
  <w id="5" lemma="|,|" pos="," wid="5">,</w>
  <w id="6" lemma="|merciful|" pos="JJ" wid="6">merciful</w>
  <w id="7" lemma="|Father|" pos="NNP" wid="7">Father</w>
  <w id="8" lemma="|,|" pos="," wid="8">,</w>
  <w id="9" lemma="|and|" pos="CC" wid="9">and</w>
  <w id="10" lemma="|to|" pos="TO" wid="10">to</w>
  <w id="11" lemma="|we|" pos="PRP$" wid="11">our</w>
  <w id="12" lemma="|brother|" pos="NNS" wid="12">brothers</w>
  <w id="13" lemma="|and|" pos="CC" wid="13">and</w>
  <w id="14" lemma="|sister|" pos="NNS" wid="14">sisters</w>
  <w id="15" lemma="|in|" pos="IN" wid="15">in</w>
  <w id="16" lemma="|need|" pos="NN" wid="16">need</w>
  <w id="17" lemma="|of|" pos="IN" wid="17">of</w>
  <w id="18" lemma="|mercy|" pos="NN" wid="18">mercy</w>
  <w id="19" lemma="|,|" pos="," wid="19">,</w>
  <w id="20" lemma="|mean|" pos="VBZ" wid="20">means</w>
  <w id="21" lemma="|focus|" pos="VBG" wid="21">focusing</w>
  <w id="22" lemma="|we|" pos="PRP$" wid="22">our</w>
  <w id="23" lemma="|attention|" pos="NN" wid="23">attention</w>
  <w id="24" lemma="|on|" pos="IN" wid="24">on</w>
  <w id="25" lemma="|the|" pos="DT" wid="25">the</w>
  <w id="26" lemma="|essential|" pos="JJ" wid="26">essential</w>
  <w id="27" lemma="|contents|" pos="NNS" wid="27">contents</w>
  <w id="28" lemma="|of|" pos="IN" wid="28">of</w>
  <w id="29" lemma="|the|" pos="DT" wid="29">the</w>
  <w id="30" lemma="|Gospel|" pos="NNP" wid="30">Gospel</w>
  <w id="31" lemma="|:|" pos=":" wid="31">:</w>
  <w id="32" lemma="|Jesus|" pos="NNP" wid="32">Jesus</w>
  <w id="33" lemma="|,|" pos="," wid="33">,</w>
  <w id="34" lemma="|Mercy|" pos="NNP" wid="34">Mercy</w>
  <w id="35" lemma="|make|" pos="VBD" wid="35">made</w>
  <w id="36" lemma="|flesh|" pos="NN" wid="36">flesh</w>
  <w id="37" lemma="|,|" pos="," wid="37">,</w>
  <w id="38" lemma="|who|" pos="WP" wid="38">who</w>
  <w id="39" lemma="|render|" pos="VBZ" wid="39">renders</w>
  <w id="40" lemma="|the|" pos="DT" wid="40">the</w>
  <w id="41" lemma="|great|" pos="JJ" wid="41">great</w>
  <w id="42" lemma="|mystery|" pos="NN" wid="42">mystery</w>
  <w id="43" lemma="|of|" pos="IN" wid="43">of</w>
  <w id="44" lemma="|the|" pos="DT" wid="44">the</w>
  <w id="45" lemma="|Trinitary|" pos="NNP" wid="45">Trinitary</w>
  <w id="46" lemma="|Love|" pos="NNP" wid="46">Love</w>
  <w id="47" lemma="|of|" pos="IN" wid="47">of</w>
  <w id="48" lemma="|God|" pos="NNP" wid="48">God</w>
  <w id="49" lemma="|visible|" pos="JJ" wid="49">visible</w>
  <w id="50" lemma="|to|" pos="TO" wid="50">to</w>
  <w id="51" lemma="|we|" pos="PRP$" wid="51">our</w>
  <w id="52" lemma="|eye|" pos="NNS" wid="52">eyes</w>
  <w id="53" lemma="|.|" pos="." wid="53">.</w>
</sentence>
<sentence id="11">
  <w id="0" lemma="|celebrate|" pos="VBG" wid="0">Celebrating</w>
  <w id="1" lemma="|a|" pos="DT" wid="1">a</w>
  <w id="2" lemma="|jubilee|" pos="NN" wid="2">Jubilee</w>
  <w id="3" lemma="|of|" pos="IN" wid="3">of</w>
  <w id="4" lemma="|mercy|" pos="NN" wid="4">Mercy</w>
  <w id="5" lemma="|be|" pos="VBZ" wid="5">is</w>
  <w id="6" lemma="|equivalent|" pos="JJ" wid="6">equivalent</w>
  <w id="7" lemma="|to|" pos="TO" wid="7">to</w>
  <w id="8" lemma="|place|" pos="VBG" wid="8">placing</w>
  <w id="9" lemma="|once|" pos="RB" wid="9">once</w>
  <w id="10" lemma="|again|" pos="RB" wid="10">again</w>
  <w id="11" lemma="|the|" pos="DT" wid="11">the</w>
  <w id="12" lemma="|specific|" pos="JJ" wid="12">specific</w>
  <w id="13" lemma="|nature|" pos="NN" wid="13">nature</w>
  <w id="14" lemma="|of|" pos="IN" wid="14">of</w>
  <w id="15" lemma="|the|" pos="DT" wid="15">the</w>
  <w id="16" lemma="|Christian|" pos="NNP" wid="16">Christian</w>
  <w id="17" lemma="|faith|" pos="NN" wid="17">faith</w>
  <w id="18" lemma="|,|" pos="," wid="18">,</w>
  <w id="19" lemma="|namely|" pos="RB" wid="19">namely</w>
  <w id="20" lemma="|Jesus|" pos="NNP" wid="20">Jesus</w>
  <w id="21" lemma="|Christ|" pos="NNP" wid="21">Christ</w>
  <w id="22" lemma="|,|" pos="," wid="22">,</w>
  <w id="23" lemma="|the|" pos="DT" wid="23">the</w>
  <w id="24" lemma="|merciful|" pos="JJ" wid="24">merciful</w>
  <w id="25" lemma="|God|" pos="NNP" wid="25">God</w>
  <w id="26" lemma="|,|" pos="," wid="26">,</w>
  <w id="27" lemma="|at|" pos="IN" wid="27">at</w>
  <w id="28" lemma="|the|" pos="DT" wid="28">the</w>
  <w id="29" lemma="|centre|" pos="NN" wid="29">centre</w>
  <w id="30" lemma="|of|" pos="IN" wid="30">of</w>
  <w id="31" lemma="|we|" pos="PRP$" wid="31">our</w>
  <w id="32" lemma="|personal|" pos="JJ" wid="32">personal</w>
  <w id="33" lemma="|life|" pos="NN" wid="33">life</w>
  <w id="34" lemma="|and|" pos="CC" wid="34">and</w>
  <w id="35" lemma="|that|" pos="DT" wid="35">that</w>
  <w id="36" lemma="|of|" pos="IN" wid="36">of</w>
  <w id="37" lemma="|we|" pos="PRP$" wid="37">our</w>
  <w id="38" lemma="|community|" pos="NNS" wid="38">communities</w>
  <w id="39" lemma="|.|" pos="." wid="39">.</w>
</sentence>
<sentence id="12">
  <w id="0" lemma="|it|" pos="PRP" wid="0">It</w>
  <w id="1" lemma="|be|" pos="VBZ" wid="1">is</w>
  <w id="2" lemma="|a|" pos="DT" wid="2">a</w>
  <w id="3" lemma="|Holy|" pos="NNP" wid="3">Holy</w>
  <w id="4" lemma="|Year|" pos="NNP" wid="4">Year</w>
  <w id="5" lemma="|,|" pos="," wid="5">,</w>
  <w id="6" lemma="|therefore|" pos="RB" wid="6">therefore</w>
  <w id="7" lemma="|,|" pos="," wid="7">,</w>
  <w id="8" lemma="|so|" pos="RB" wid="8">so</w>
  <w id="9" lemma="|as|" pos="IN" wid="9">as</w>
  <w id="10" lemma="|to|" pos="TO" wid="10">to</w>
  <w id="11" lemma="|live|" pos="VB" wid="11">live</w>
  <w id="12" lemma="|mercy|" pos="NN" wid="12">mercy</w>
  <w id="13" lemma="|.|" pos="." wid="13">.</w>
</sentence>
<sentence id="13">
  <w id="0" lemma="|yes|" pos="UH" wid="0">Yes</w>
  <w id="1" lemma="|,|" pos="," wid="1">,</w>
  <w id="2" lemma="|dear|" pos="RB" wid="2">dear</w>
  <w id="3" lemma="|brother|" pos="NNS" wid="3">brothers</w>
  <w id="4" lemma="|and|" pos="CC" wid="4">and</w>
  <w id="5" lemma="|sister|" pos="NNS" wid="5">sisters</w>
  <w id="6" lemma="|,|" pos="," wid="6">,</w>
  <w id="7" lemma="|this|" pos="DT" wid="7">this</w>
  <w id="8" lemma="|Holy|" pos="NNP" wid="8">Holy</w>
  <w id="9" lemma="|Year|" pos="NNP" wid="9">Year</w>
  <w id="10" lemma="|be|" pos="VBZ" wid="10">is</w>
  <w id="11" lemma="|offer|" pos="VBN" wid="11">offered</w>
  <w id="12" lemma="|to|" pos="TO" wid="12">to</w>
  <w id="13" lemma="|we|" pos="PRP" wid="13">us</w>
  <w id="14" lemma="|so|" pos="IN" wid="14">so</w>
  <w id="15" lemma="|that|" pos="IN" wid="15">that</w>
  <w id="16" lemma="|we|" pos="PRP" wid="16">we</w>
  <w id="17" lemma="|may|" pos="MD" wid="17">may</w>
  <w id="18" lemma="|experience|" pos="VB" wid="18">experience</w>
  <w id="19" lemma="|in|" pos="IN" wid="19">in</w>
  <w id="20" lemma="|we|" pos="PRP$" wid="20">our</w>
  <w id="21" lemma="|life|" pos="NNS" wid="21">lives</w>
  <w id="22" lemma="|the|" pos="DT" wid="22">the</w>
  <w id="23" lemma="|sweet|" pos="JJ" wid="23">sweet</w>
  <w id="24" lemma="|and|" pos="CC" wid="24">and</w>
  <w id="25" lemma="|gratifying|" pos="JJ" wid="25">gratifying</w>
  <w id="26" lemma="|touch|" pos="NN" wid="26">touch</w>
  <w id="27" lemma="|of|" pos="IN" wid="27">of</w>
  <w id="28" lemma="|God|" pos="NNP" wid="28">God</w>
  <w id="29" lemma="|'s|" pos="POS" wid="29">'s</w>
  <w id="30" lemma="|forgiveness|" pos="NN" wid="30">forgiveness</w>
  <w id="31" lemma="|,|" pos="," wid="31">,</w>
  <w id="32" lemma="|he|" pos="PRP$" wid="32">his</w>
  <w id="33" lemma="|presence|" pos="NN" wid="33">presence</w>
  <w id="34" lemma="|beside|" pos="IN" wid="34">beside</w>
  <w id="35" lemma="|we|" pos="PRP" wid="35">us</w>
  <w id="36" lemma="|and|" pos="CC" wid="36">and</w>
  <w id="37" lemma="|he|" pos="PRP$" wid="37">his</w>
  <w id="38" lemma="|closeness|" pos="NN" wid="38">closeness</w>
  <w id="39" lemma="|especially|" pos="RB" wid="39">especially</w>
  <w id="40" lemma="|in|" pos="IN" wid="40">in</w>
  <w id="41" lemma="|the|" pos="DT" wid="41">the</w>
  <w id="42" lemma="|moment|" pos="NNS" wid="42">moments</w>
  <w id="43" lemma="|of|" pos="IN" wid="43">of</w>
  <w id="44" lemma="|greatest|" pos="JJS" wid="44">greatest</w>
  <w id="45" lemma="|need|" pos="NN" wid="45">need</w>
  <w id="46" lemma="|.|" pos="." wid="46">.</w>
</sentence>
<sentence id="14">
  <w id="0" lemma="|this|" pos="DT" wid="0">This</w>
  <w id="1" lemma="|Jubilee|" pos="NNP" wid="1">Jubilee</w>
  <w id="2" lemma="|,|" pos="," wid="2">,</w>
  <w id="3" lemma="|in|" pos="IN" wid="3">in</w>
  <w id="4" lemma="|other|" pos="JJ" wid="4">other</w>
  <w id="5" lemma="|word|" pos="NNS" wid="5">words</w>
  <w id="6" lemma="|,|" pos="," wid="6">,</w>
  <w id="7" lemma="|be|" pos="VBZ" wid="7">is</w>
  <w id="8" lemma="|a|" pos="DT" wid="8">a</w>
  <w id="9" lemma="|privileged|" pos="JJ" wid="9">privileged</w>
  <w id="10" lemma="|moment|" pos="NN" wid="10">moment</w>
  <w id="11" lemma="|for|" pos="IN" wid="11">for</w>
  <w id="12" lemma="|the|" pos="DT" wid="12">the</w>
  <w id="13" lemma="|Church|" pos="NNP" wid="13">Church</w>
  <w id="14" lemma="|to|" pos="TO" wid="14">to</w>
  <w id="15" lemma="|learn|" pos="VB" wid="15">learn</w>
  <w id="16" lemma="|to|" pos="TO" wid="16">to</w>
  <w id="17" lemma="|choose|" pos="VB" wid="17">choose</w>
  <w id="18" lemma="|only|" pos="RB" wid="18">only</w>
  <w id="19" lemma="|``|" pos="``" wid="19">``</w>
  <w id="20" lemma="|what|" pos="WP" wid="20">what</w>
  <w id="21" lemma="|please|" pos="VBZ" wid="21">pleases</w>
  <w id="22" lemma="|God|" pos="NNP" wid="22">God</w>
  <w id="23" lemma="|most|" pos="JJS" wid="23">most</w>
  <w id="24" lemma="|''|" pos="''" wid="24">''</w>
  <w id="25" lemma="|.|" pos="." wid="25">.</w>
</sentence>
<sentence id="15">
  <w id="0" lemma="|what|" pos="WP" wid="0">What</w>
  <w id="1" lemma="|be|" pos="VBZ" wid="1">is</w>
  <w id="2" lemma="|it|" pos="PRP" wid="2">it</w>
  <w id="3" lemma="|that|" pos="IN" wid="3">that</w>
  <w id="4" lemma="|``|" pos="``" wid="4">``</w>
  <w id="5" lemma="|please|" pos="VBZ" wid="5">pleases</w>
  <w id="6" lemma="|God|" pos="NNP" wid="6">God</w>
  <w id="7" lemma="|most|" pos="JJS" wid="7">most</w>
  <w id="8" lemma="|''|" pos="''" wid="8">''</w>
  <w id="9" lemma="|?|" pos="." wid="9">?</w>
</sentence>
<sentence id="16">
  <w id="0" lemma="|forgive|" pos="VBG" wid="0">Forgiving</w>
  <w id="1" lemma="|he|" pos="PRP$" wid="1">his</w>
  <w id="2" lemma="|child|" pos="NNS" wid="2">children</w>
  <w id="3" lemma="|,|" pos="," wid="3">,</w>
  <w id="4" lemma="|have|" pos="VBG" wid="4">having</w>
  <w id="5" lemma="|mercy|" pos="NN" wid="5">mercy</w>
  <w id="6" lemma="|on|" pos="IN" wid="6">on</w>
  <w id="7" lemma="|they|" pos="PRP" wid="7">them</w>
  <w id="8" lemma="|,|" pos="," wid="8">,</w>
  <w id="9" lemma="|so|" pos="IN" wid="9">so</w>
  <w id="10" lemma="|that|" pos="IN" wid="10">that</w>
  <w id="11" lemma="|they|" pos="PRP" wid="11">they</w>
  <w id="12" lemma="|may|" pos="MD" wid="12">may</w>
  <w id="13" lemma="|in|" pos="IN" wid="13">in</w>
  <w id="14" lemma="|turn|" pos="NN" wid="14">turn</w>
  <w id="15" lemma="|forgive|" pos="VBP" wid="15">forgive</w>
  <w id="16" lemma="|they|" pos="PRP$" wid="16">their</w>
  <w id="17" lemma="|brother|" pos="NNS" wid="17">brothers</w>
  <w id="18" lemma="|and|" pos="CC" wid="18">and</w>
  <w id="19" lemma="|sister|" pos="NNS" wid="19">sisters</w>
  <w id="20" lemma="|,|" pos="," wid="20">,</w>
  <w id="21" lemma="|shine|" pos="VBG" wid="21">shining</w>
  <w id="22" lemma="|as|" pos="IN" wid="22">as</w>
  <w id="23" lemma="|a|" pos="DT" wid="23">a</w>
  <w id="24" lemma="|flame|" pos="NN" wid="24">flame</w>
  <w id="25" lemma="|of|" pos="IN" wid="25">of</w>
  <w id="26" lemma="|God|" pos="NNP" wid="26">God</w>
  <w id="27" lemma="|'s|" pos="POS" wid="27">'s</w>
  <w id="28" lemma="|mercy|" pos="NN" wid="28">mercy</w>
  <w id="29" lemma="|in|" pos="IN" wid="29">in</w>
  <w id="30" lemma="|the|" pos="DT" wid="30">the</w>
  <w id="31" lemma="|the|" pos="DT" wid="31">the</w>
  <w id="32" lemma="|world|" pos="NN" wid="32">world</w>
  <w id="33" lemma="|.|" pos="." wid="33">.</w>
</sentence>
<sentence id="17">
  <w id="0" lemma="|this|" pos="DT" wid="0">This</w>
  <w id="1" lemma="|be|" pos="VBZ" wid="1">is</w>
  <w id="2" lemma="|what|" pos="WP" wid="2">what</w>
  <w id="3" lemma="|please|" pos="VBZ" wid="3">pleases</w>
  <w id="4" lemma="|God|" pos="NNP" wid="4">God</w>
  <w id="5" lemma="|most|" pos="JJS" wid="5">most</w>
  <w id="6" lemma="|.|" pos="." wid="6">.</w>
</sentence>
<sentence id="18">
  <w id="0" lemma="|St|" pos="NNP" wid="0">St</w>
  <w id="1" lemma="|Ambrose|" pos="NNP" wid="1">Ambrose</w>
  <w id="2" lemma="|,|" pos="," wid="2">,</w>
  <w id="3" lemma="|in|" pos="IN" wid="3">in</w>
  <w id="4" lemma="|a|" pos="DT" wid="4">a</w>
  <w id="5" lemma="|theological|" pos="JJ" wid="5">theological</w>
  <w id="6" lemma="|book|" pos="NN" wid="6">book</w>
  <w id="7" lemma="|that|" pos="IN" wid="7">that</w>
  <w id="8" lemma="|he|" pos="PRP" wid="8">he</w>
  <w id="9" lemma="|write|" pos="VBD" wid="9">wrote</w>
  <w id="10" lemma="|about|" pos="IN" wid="10">about</w>
  <w id="11" lemma="|Adam|" pos="NNP" wid="11">Adam</w>
  <w id="12" lemma="|,|" pos="," wid="12">,</w>
  <w id="13" lemma="|take|" pos="VBZ" wid="13">takes</w>
  <w id="14" lemma="|up|" pos="RP" wid="14">up</w>
  <w id="15" lemma="|the|" pos="DT" wid="15">the</w>
  <w id="16" lemma="|story|" pos="NN" wid="16">story</w>
  <w id="17" lemma="|of|" pos="IN" wid="17">of</w>
  <w id="18" lemma="|the|" pos="DT" wid="18">the</w>
  <w id="19" lemma="|creation|" pos="NN" wid="19">creation</w>
  <w id="20" lemma="|of|" pos="IN" wid="20">of</w>
  <w id="21" lemma="|the|" pos="DT" wid="21">the</w>
  <w id="22" lemma="|world|" pos="NN" wid="22">world</w>
  <w id="23" lemma="|and|" pos="CC" wid="23">and</w>
  <w id="24" lemma="|say|" pos="VBZ" wid="24">says</w>
  <w id="25" lemma="|that|" pos="IN" wid="25">that</w>
  <w id="26" lemma="|each|" pos="DT" wid="26">each</w>
  <w id="27" lemma="|day|" pos="NN" wid="27">day</w>
  <w id="28" lemma="|after|" pos="IN" wid="28">after</w>
  <w id="29" lemma="|God|" pos="NNP" wid="29">God</w>
  <w id="30" lemma="|make|" pos="VBD" wid="30">made</w>
  <w id="31" lemma="|something|" pos="NN" wid="31">something</w>
  <w id="32" lemma="|--|" pos=":" wid="32">--</w>
  <w id="33" lemma="|the|" pos="DT" wid="33">the</w>
  <w id="34" lemma="|moon|" pos="NN" wid="34">moon</w>
  <w id="35" lemma="|,|" pos="," wid="35">,</w>
  <w id="36" lemma="|the|" pos="DT" wid="36">the</w>
  <w id="37" lemma="|sun|" pos="NN" wid="37">sun</w>
  <w id="38" lemma="|or|" pos="CC" wid="38">or</w>
  <w id="39" lemma="|the|" pos="DT" wid="39">the</w>
  <w id="40" lemma="|animal|" pos="NNS" wid="40">animals</w>
  <w id="41" lemma="|--|" pos=":" wid="41">--</w>
  <w id="42" lemma="|-lsb-|" pos="-LRB-" wid="42">-LSB-</w>
  <w id="43" lemma="|the|" pos="DT" wid="43">the</w>
  <w id="44" lemma="|Bible|" pos="NNP" wid="44">Bible</w>
  <w id="45" lemma="|-rsb-|" pos="-RRB-" wid="45">-RSB-</w>
  <w id="46" lemma="|say|" pos="VBZ" wid="46">says</w>
  <w id="47" lemma="|:|" pos=":" wid="47">:</w>
  <w id="48" lemma="|``|" pos="``" wid="48">``</w>
  <w id="49" lemma="|God|" pos="NNP" wid="49">God</w>
  <w id="50" lemma="|see|" pos="VBD" wid="50">saw</w>
  <w id="51" lemma="|that|" pos="IN" wid="51">that</w>
  <w id="52" lemma="|it|" pos="PRP" wid="52">it</w>
  <w id="53" lemma="|be|" pos="VBD" wid="53">was</w>
  <w id="54" lemma="|good|" pos="JJ" wid="54">good</w>
  <w id="55" lemma="|''|" pos="''" wid="55">''</w>
  <w id="56" lemma="|.|" pos="." wid="56">.</w>
</sentence>
<sentence id="19">
  <w id="0" lemma="|but|" pos="CC" wid="0">But</w>
  <w id="1" lemma="|when|" pos="WRB" wid="1">when</w>
  <w id="2" lemma="|he|" pos="PRP" wid="2">he</w>
  <w id="3" lemma="|make|" pos="VBD" wid="3">made</w>
  <w id="4" lemma="|man|" pos="NN" wid="4">man</w>
  <w id="5" lemma="|and|" pos="CC" wid="5">and</w>
  <w id="6" lemma="|woman|" pos="NN" wid="6">woman</w>
  <w id="7" lemma="|,|" pos="," wid="7">,</w>
  <w id="8" lemma="|the|" pos="DT" wid="8">the</w>
  <w id="9" lemma="|Bible|" pos="NNP" wid="9">Bible</w>
  <w id="10" lemma="|say|" pos="VBZ" wid="10">says</w>
  <w id="11" lemma="|:|" pos=":" wid="11">:</w>
  <w id="12" lemma="|``|" pos="``" wid="12">``</w>
  <w id="13" lemma="|he|" pos="PRP" wid="13">He</w>
  <w id="14" lemma="|see|" pos="VBD" wid="14">saw</w>
  <w id="15" lemma="|that|" pos="IN" wid="15">that</w>
  <w id="16" lemma="|it|" pos="PRP" wid="16">it</w>
  <w id="17" lemma="|be|" pos="VBD" wid="17">was</w>
  <w id="18" lemma="|very|" pos="RB" wid="18">very</w>
  <w id="19" lemma="|good|" pos="JJ" wid="19">good</w>
  <w id="20" lemma="|''|" pos="''" wid="20">''</w>
  <w id="21" lemma="|.|" pos="." wid="21">.</w>
</sentence>
<sentence id="20">
  <w id="0" lemma="|St|" pos="NNP" wid="0">St</w>
  <w id="1" lemma="|Ambrose|" pos="NNP" wid="1">Ambrose</w>
  <w id="2" lemma="|ask|" pos="VBZ" wid="2">asks</w>
  <w id="3" lemma="|himself|" pos="PRP" wid="3">himself</w>
  <w id="4" lemma="|:|" pos=":" wid="4">:</w>
  <w id="5" lemma="|``|" pos="``" wid="5">``</w>
  <w id="6" lemma="|why|" pos="WRB" wid="6">Why</w>
  <w id="7" lemma="|do|" pos="VBZ" wid="7">does</w>
  <w id="8" lemma="|he|" pos="PRP" wid="8">He</w>
  <w id="9" lemma="|say|" pos="VB" wid="9">say</w>
  <w id="10" lemma="|`|" pos="``" wid="10">`</w>
  <w id="11" lemma="|very|" pos="RB" wid="11">very</w>
  <w id="12" lemma="|good|" pos="JJ" wid="12">good</w>
  <w id="13" lemma="|'|" pos="''" wid="13">'</w>
  <w id="14" lemma="|?|" pos="." wid="14">?</w>
</sentence>
<sentence id="21">
  <w id="0" lemma="|why|" pos="WRB" wid="0">Why</w>
  <w id="1" lemma="|be|" pos="VBZ" wid="1">is</w>
  <w id="2" lemma="|God|" pos="NNP" wid="2">God</w>
  <w id="3" lemma="|so|" pos="RB" wid="3">so</w>
  <w id="4" lemma="|content|" pos="JJ" wid="4">content</w>
  <w id="5" lemma="|after|" pos="IN" wid="5">after</w>
  <w id="6" lemma="|the|" pos="DT" wid="6">the</w>
  <w id="7" lemma="|creation|" pos="NN" wid="7">creation</w>
  <w id="8" lemma="|of|" pos="IN" wid="8">of</w>
  <w id="9" lemma="|man|" pos="NN" wid="9">man</w>
  <w id="10" lemma="|and|" pos="CC" wid="10">and</w>
  <w id="11" lemma="|woman|" pos="NN" wid="11">woman</w>
  <w id="12" lemma="|?|" pos="." wid="12">?</w>
  <w id="13" lemma="|''|" pos="''" wid="13">''</w>
  <w id="14" lemma="|.|" pos="." wid="14">.</w>
</sentence>
<sentence id="22">
  <w id="0" lemma="|because|" pos="IN" wid="0">Because</w>
  <w id="1" lemma="|finally|" pos="RB" wid="1">finally</w>
  <w id="2" lemma="|he|" pos="PRP" wid="2">he</w>
  <w id="3" lemma="|have|" pos="VBD" wid="3">had</w>
  <w id="4" lemma="|someone|" pos="NN" wid="4">someone</w>
  <w id="5" lemma="|to|" pos="TO" wid="5">to</w>
  <w id="6" lemma="|forgive|" pos="VB" wid="6">forgive</w>
  <w id="7" lemma="|.|" pos="." wid="7">.</w>
</sentence>
<sentence id="23">
  <w id="0" lemma="|this|" pos="DT" wid="0">This</w>
  <w id="1" lemma="|be|" pos="VBZ" wid="1">is</w>
  <w id="2" lemma="|beautiful|" pos="JJ" wid="2">beautiful</w>
  <w id="3" lemma="|:|" pos=":" wid="3">:</w>
  <w id="4" lemma="|God|" pos="NNP" wid="4">God</w>
  <w id="5" lemma="|'s|" pos="POS" wid="5">'s</w>
  <w id="6" lemma="|joy|" pos="NN" wid="6">joy</w>
  <w id="7" lemma="|be|" pos="VBZ" wid="7">is</w>
  <w id="8" lemma="|forgiving|" pos="JJ" wid="8">forgiving</w>
  <w id="9" lemma="|,|" pos="," wid="9">,</w>
  <w id="10" lemma="|God|" pos="NNP" wid="10">God</w>
  <w id="11" lemma="|'s|" pos="POS" wid="11">'s</w>
  <w id="12" lemma="|being|" pos="NN" wid="12">being</w>
  <w id="13" lemma="|be|" pos="VBZ" wid="13">is</w>
  <w id="14" lemma="|mercy|" pos="NN" wid="14">mercy</w>
  <w id="15" lemma="|.|" pos="." wid="15">.</w>
</sentence>
<sentence id="24">
  <w id="0" lemma="|this|" pos="DT" wid="0">This</w>
  <w id="1" lemma="|be|" pos="VBZ" wid="1">is</w>
  <w id="2" lemma="|why|" pos="WRB" wid="2">why</w>
  <w id="3" lemma="|we|" pos="PRP" wid="3">we</w>
  <w id="4" lemma="|must|" pos="MD" wid="4">must</w>
  <w id="5" lemma="|open|" pos="VB" wid="5">open</w>
  <w id="6" lemma="|we|" pos="PRP$" wid="6">our</w>
  <w id="7" lemma="|heart|" pos="NNS" wid="7">hearts</w>
  <w id="8" lemma="|this|" pos="DT" wid="8">this</w>
  <w id="9" lemma="|year|" pos="NN" wid="9">year</w>
  <w id="10" lemma="|so|" pos="IN" wid="10">so</w>
  <w id="11" lemma="|that|" pos="IN" wid="11">that</w>
  <w id="12" lemma="|this|" pos="DT" wid="12">this</w>
  <w id="13" lemma="|love|" pos="NN" wid="13">love</w>
  <w id="14" lemma="|,|" pos="," wid="14">,</w>
  <w id="15" lemma="|this|" pos="DT" wid="15">this</w>
  <w id="16" lemma="|joy|" pos="NN" wid="16">joy</w>
  <w id="17" lemma="|of|" pos="IN" wid="17">of</w>
  <w id="18" lemma="|God|" pos="NNP" wid="18">God</w>
  <w id="19" lemma="|may|" pos="MD" wid="19">may</w>
  <w id="20" lemma="|fill|" pos="VB" wid="20">fill</w>
  <w id="21" lemma="|we|" pos="PRP" wid="21">us</w>
  <w id="22" lemma="|all|" pos="DT" wid="22">all</w>
  <w id="23" lemma="|with|" pos="IN" wid="23">with</w>
  <w id="24" lemma="|this|" pos="DT" wid="24">this</w>
  <w id="25" lemma="|mercy|" pos="NN" wid="25">mercy</w>
  <w id="26" lemma="|.|" pos="." wid="26">.</w>
</sentence>
<sentence id="25">
  <w id="0" lemma="|the|" pos="DT" wid="0">The</w>
  <w id="1" lemma="|Jubilee|" pos="NNP" wid="1">Jubilee</w>
  <w id="2" lemma="|will|" pos="MD" wid="2">will</w>
  <w id="3" lemma="|be|" pos="VB" wid="3">be</w>
  <w id="4" lemma="|a|" pos="DT" wid="4">a</w>
  <w id="5" lemma="|``|" pos="``" wid="5">``</w>
  <w id="6" lemma="|favourable|" pos="JJ" wid="6">favourable</w>
  <w id="7" lemma="|time|" pos="NN" wid="7">time</w>
  <w id="8" lemma="|''|" pos="''" wid="8">''</w>
  <w id="9" lemma="|for|" pos="IN" wid="9">for</w>
  <w id="10" lemma="|the|" pos="DT" wid="10">the</w>
  <w id="11" lemma="|Church|" pos="NNP" wid="11">Church</w>
  <w id="12" lemma="|if|" pos="IN" wid="12">if</w>
  <w id="13" lemma="|we|" pos="PRP" wid="13">we</w>
  <w id="14" lemma="|learn|" pos="VBP" wid="14">learn</w>
  <w id="15" lemma="|to|" pos="TO" wid="15">to</w>
  <w id="16" lemma="|choose|" pos="VB" wid="16">choose</w>
  <w id="17" lemma="|``|" pos="``" wid="17">``</w>
  <w id="18" lemma="|what|" pos="WP" wid="18">what</w>
  <w id="19" lemma="|please|" pos="VBZ" wid="19">pleases</w>
  <w id="20" lemma="|God|" pos="NNP" wid="20">God</w>
  <w id="21" lemma="|most|" pos="JJS" wid="21">most</w>
  <w id="22" lemma="|''|" pos="''" wid="22">''</w>
  <w id="23" lemma="|,|" pos="," wid="23">,</w>
  <w id="24" lemma="|without|" pos="IN" wid="24">without</w>
  <w id="25" lemma="|give|" pos="VBG" wid="25">giving</w>
  <w id="26" lemma="|in|" pos="RP" wid="26">in</w>
  <w id="27" lemma="|to|" pos="TO" wid="27">to</w>
  <w id="28" lemma="|the|" pos="DT" wid="28">the</w>
  <w id="29" lemma="|temptation|" pos="NN" wid="29">temptation</w>
  <w id="30" lemma="|of|" pos="IN" wid="30">of</w>
  <w id="31" lemma="|think|" pos="VBG" wid="31">thinking</w>
  <w id="32" lemma="|that|" pos="DT" wid="32">that</w>
  <w id="33" lemma="|something|" pos="NN" wid="33">something</w>
  <w id="34" lemma="|else|" pos="RB" wid="34">else</w>
  <w id="35" lemma="|be|" pos="VBZ" wid="35">is</w>
  <w id="36" lemma="|more|" pos="RBR" wid="36">more</w>
  <w id="37" lemma="|important|" pos="JJ" wid="37">important</w>
  <w id="38" lemma="|or|" pos="CC" wid="38">or</w>
  <w id="39" lemma="|primary|" pos="JJ" wid="39">primary</w>
  <w id="40" lemma="|.|" pos="." wid="40">.</w>
</sentence>
<sentence id="26">
  <w id="0" lemma="|nothing|" pos="NN" wid="0">Nothing</w>
  <w id="1" lemma="|be|" pos="VBZ" wid="1">is</w>
  <w id="2" lemma="|more|" pos="RBR" wid="2">more</w>
  <w id="3" lemma="|important|" pos="JJ" wid="3">important</w>
  <w id="4" lemma="|than|" pos="IN" wid="4">than</w>
  <w id="5" lemma="|choose|" pos="VBG" wid="5">choosing</w>
  <w id="6" lemma="|``|" pos="``" wid="6">``</w>
  <w id="7" lemma="|what|" pos="WP" wid="7">what</w>
  <w id="8" lemma="|please|" pos="VBZ" wid="8">pleases</w>
  <w id="9" lemma="|God|" pos="NNP" wid="9">God</w>
  <w id="10" lemma="|most|" pos="JJS" wid="10">most</w>
  <w id="11" lemma="|''|" pos="''" wid="11">''</w>
  <w id="12" lemma="|,|" pos="," wid="12">,</w>
  <w id="13" lemma="|in|" pos="IN" wid="13">in</w>
  <w id="14" lemma="|other|" pos="JJ" wid="14">other</w>
  <w id="15" lemma="|word|" pos="NNS" wid="15">words</w>
  <w id="16" lemma="|,|" pos="," wid="16">,</w>
  <w id="17" lemma="|he|" pos="PRP$" wid="17">his</w>
  <w id="18" lemma="|mercy|" pos="NN" wid="18">mercy</w>
  <w id="19" lemma="|,|" pos="," wid="19">,</w>
  <w id="20" lemma="|he|" pos="PRP$" wid="20">his</w>
  <w id="21" lemma="|love|" pos="NN" wid="21">love</w>
  <w id="22" lemma="|,|" pos="," wid="22">,</w>
  <w id="23" lemma="|he|" pos="PRP$" wid="23">his</w>
  <w id="24" lemma="|tenderness|" pos="NN" wid="24">tenderness</w>
  <w id="25" lemma="|,|" pos="," wid="25">,</w>
  <w id="26" lemma="|he|" pos="PRP$" wid="26">his</w>
  <w id="27" lemma="|embrace|" pos="VB" wid="27">embrace</w>
  <w id="28" lemma="|and|" pos="CC" wid="28">and</w>
  <w id="29" lemma="|he|" pos="PRP$" wid="29">his</w>
  <w id="30" lemma="|caress|" pos="NNS" wid="30">caresses</w>
  <w id="31" lemma="|!|" pos="." wid="31">!</w>
</sentence>
<sentence id="27">
  <w id="0" lemma="|the|" pos="DT" wid="0">The</w>
  <w id="1" lemma="|necessary|" pos="JJ" wid="1">necessary</w>
  <w id="2" lemma="|work|" pos="NN" wid="2">work</w>
  <w id="3" lemma="|of|" pos="IN" wid="3">of</w>
  <w id="4" lemma="|renew|" pos="VBG" wid="4">renewing</w>
  <w id="5" lemma="|the|" pos="DT" wid="5">the</w>
  <w id="6" lemma="|institution|" pos="NNS" wid="6">institutions</w>
  <w id="7" lemma="|and|" pos="CC" wid="7">and</w>
  <w id="8" lemma="|structure|" pos="NNS" wid="8">structures</w>
  <w id="9" lemma="|of|" pos="IN" wid="9">of</w>
  <w id="10" lemma="|the|" pos="DT" wid="10">the</w>
  <w id="11" lemma="|Church|" pos="NNP" wid="11">Church</w>
  <w id="12" lemma="|be|" pos="VBZ" wid="12">is</w>
  <w id="13" lemma="|also|" pos="RB" wid="13">also</w>
  <w id="14" lemma="|a|" pos="DT" wid="14">a</w>
  <w id="15" lemma="|way|" pos="NN" wid="15">way</w>
  <w id="16" lemma="|that|" pos="WDT" wid="16">that</w>
  <w id="17" lemma="|should|" pos="MD" wid="17">should</w>
  <w id="18" lemma="|lead|" pos="VB" wid="18">lead</w>
  <w id="19" lemma="|we|" pos="PRP" wid="19">us</w>
  <w id="20" lemma="|to|" pos="TO" wid="20">to</w>
  <w id="21" lemma="|make|" pos="VB" wid="21">make</w>
  <w id="22" lemma="|a|" pos="DT" wid="22">a</w>
  <w id="23" lemma="|living|" pos="NN" wid="23">living</w>
  <w id="24" lemma="|and|" pos="CC" wid="24">and</w>
  <w id="25" lemma="|vivify|" pos="VBG" wid="25">vivifying</w>
  <w id="26" lemma="|experience|" pos="NN" wid="26">experience</w>
  <w id="27" lemma="|of|" pos="IN" wid="27">of</w>
  <w id="28" lemma="|God|" pos="NNP" wid="28">God</w>
  <w id="29" lemma="|'s|" pos="POS" wid="29">'s</w>
  <w id="30" lemma="|mercy|" pos="NN" wid="30">mercy</w>
  <w id="31" lemma="|,|" pos="," wid="31">,</w>
  <w id="32" lemma="|which|" pos="WDT" wid="32">which</w>
  <w id="33" lemma="|alone|" pos="RB" wid="33">alone</w>
  <w id="34" lemma="|can|" pos="MD" wid="34">can</w>
  <w id="35" lemma="|guarantee|" pos="VB" wid="35">guarantee</w>
  <w id="36" lemma="|that|" pos="IN" wid="36">that</w>
  <w id="37" lemma="|the|" pos="DT" wid="37">the</w>
  <w id="38" lemma="|Church|" pos="NNP" wid="38">Church</w>
  <w id="39" lemma="|be|" pos="VBZ" wid="39">is</w>
  <w id="40" lemma="|that|" pos="DT" wid="40">that</w>
  <w id="41" lemma="|city|" pos="NN" wid="41">city</w>
  <w id="42" lemma="|set|" pos="VBN" wid="42">set</w>
  <w id="43" lemma="|on|" pos="IN" wid="43">on</w>
  <w id="44" lemma="|a|" pos="DT" wid="44">a</w>
  <w id="45" lemma="|hill|" pos="NN" wid="45">hill</w>
  <w id="46" lemma="|that|" pos="WDT" wid="46">that</w>
  <w id="47" lemma="|can|" pos="MD" wid="47">can</w>
  <w id="48" lemma="|not|" pos="RB" wid="48">not</w>
  <w id="49" lemma="|be|" pos="VB" wid="49">be</w>
  <w id="50" lemma="|hide|" pos="VBN" wid="50">hid</w>
  <w id="51" lemma="|-lrb-|" pos="-LRB-" wid="51">-LRB-</w>
  <w id="52" lemma="|cf|" pos="NN" wid="52">cf</w>
  <w id="53" lemma="|.|" pos="." wid="53">.</w>
</sentence>
<sentence id="28">
  <w id="0" lemma="|mt|" pos="NN" wid="0">Mt</w>
  <w id="1" lemma="|5:14|" pos="CD" wid="1">5:14</w>
  <w id="2" lemma="|-rrb-|" pos="-RRB-" wid="2">-RRB-</w>
  <w id="3" lemma="|.|" pos="." wid="3">.</w>
</sentence>
<sentence id="29">
  <w id="0" lemma="|only|" pos="RB" wid="0">Only</w>
  <w id="1" lemma="|a|" pos="DT" wid="1">a</w>
  <w id="2" lemma="|merciful|" pos="JJ" wid="2">merciful</w>
  <w id="3" lemma="|Church|" pos="NNP" wid="3">Church</w>
  <w id="4" lemma="|shine|" pos="VBZ" wid="4">shines</w>
  <w id="5" lemma="|!|" pos="." wid="5">!</w>
</sentence>
<sentence id="30">
  <w id="0" lemma="|should|" pos="MD" wid="0">Should</w>
  <w id="1" lemma="|we|" pos="PRP" wid="1">we</w>
  <w id="2" lemma="|forget|" pos="VB" wid="2">forget</w>
  <w id="3" lemma="|,|" pos="," wid="3">,</w>
  <w id="4" lemma="|for|" pos="IN" wid="4">for</w>
  <w id="5" lemma="|even|" pos="RB" wid="5">even</w>
  <w id="6" lemma="|just|" pos="RB" wid="6">just</w>
  <w id="7" lemma="|a|" pos="DT" wid="7">a</w>
  <w id="8" lemma="|moment|" pos="NN" wid="8">moment</w>
  <w id="9" lemma="|,|" pos="," wid="9">,</w>
  <w id="10" lemma="|that|" pos="IN" wid="10">that</w>
  <w id="11" lemma="|mercy|" pos="NN" wid="11">mercy</w>
  <w id="12" lemma="|be|" pos="VBZ" wid="12">is</w>
  <w id="13" lemma="|``|" pos="``" wid="13">``</w>
  <w id="14" lemma="|what|" pos="WP" wid="14">what</w>
  <w id="15" lemma="|please|" pos="VBZ" wid="15">pleases</w>
  <w id="16" lemma="|God|" pos="NNP" wid="16">God</w>
  <w id="17" lemma="|most|" pos="JJS" wid="17">most</w>
  <w id="18" lemma="|''|" pos="''" wid="18">''</w>
  <w id="19" lemma="|,|" pos="," wid="19">,</w>
  <w id="20" lemma="|we|" pos="PRP$" wid="20">our</w>
  <w id="21" lemma="|every|" pos="DT" wid="21">every</w>
  <w id="22" lemma="|effort|" pos="NN" wid="22">effort</w>
  <w id="23" lemma="|would|" pos="MD" wid="23">would</w>
  <w id="24" lemma="|be|" pos="VB" wid="24">be</w>
  <w id="25" lemma="|in|" pos="IN" wid="25">in</w>
  <w id="26" lemma="|vain|" pos="JJ" wid="26">vain</w>
  <w id="27" lemma="|,|" pos="," wid="27">,</w>
  <w id="28" lemma="|for|" pos="IN" wid="28">for</w>
  <w id="29" lemma="|we|" pos="PRP" wid="29">we</w>
  <w id="30" lemma="|would|" pos="MD" wid="30">would</w>
  <w id="31" lemma="|become|" pos="VB" wid="31">become</w>
  <w id="32" lemma="|slave|" pos="NNS" wid="32">slaves</w>
  <w id="33" lemma="|to|" pos="TO" wid="33">to</w>
  <w id="34" lemma="|we|" pos="PRP$" wid="34">our</w>
  <w id="35" lemma="|institution|" pos="NNS" wid="35">institutions</w>
  <w id="36" lemma="|and|" pos="CC" wid="36">and</w>
  <w id="37" lemma="|we|" pos="PRP$" wid="37">our</w>
  <w id="38" lemma="|structure|" pos="NNS" wid="38">structures</w>
  <w id="39" lemma="|,|" pos="," wid="39">,</w>
  <w id="40" lemma="|inasmuch|" pos="RB" wid="40">inasmuch</w>
  <w id="41" lemma="|as|" pos="IN" wid="41">as</w>
  <w id="42" lemma="|they|" pos="PRP" wid="42">they</w>
  <w id="43" lemma="|may|" pos="MD" wid="43">may</w>
  <w id="44" lemma="|be|" pos="VB" wid="44">be</w>
  <w id="45" lemma="|renew|" pos="VBN" wid="45">renewed</w>
  <w id="46" lemma="|.|" pos="." wid="46">.</w>
</sentence>
<sentence id="31">
  <w id="0" lemma="|but|" pos="CC" wid="0">But</w>
  <w id="1" lemma="|we|" pos="PRP" wid="1">we</w>
  <w id="2" lemma="|would|" pos="MD" wid="2">would</w>
  <w id="3" lemma="|always|" pos="RB" wid="3">always</w>
  <w id="4" lemma="|be|" pos="VB" wid="4">be</w>
  <w id="5" lemma="|slave|" pos="NNS" wid="5">slaves</w>
  <w id="6" lemma="|.|" pos="." wid="6">.</w>
</sentence>
<sentence id="32">
  <w id="0" lemma="|``|" pos="``" wid="0">``</w>
  <w id="1" lemma="|to|" pos="TO" wid="1">To</w>
  <w id="2" lemma="|experience|" pos="VB" wid="2">experience</w>
  <w id="3" lemma="|strongly|" pos="RB" wid="3">strongly</w>
  <w id="4" lemma="|within|" pos="IN" wid="4">within</w>
  <w id="5" lemma="|ourselves|" pos="PRP" wid="5">ourselves</w>
  <w id="6" lemma="|the|" pos="DT" wid="6">the</w>
  <w id="7" lemma="|joy|" pos="NN" wid="7">joy</w>
  <w id="8" lemma="|of|" pos="IN" wid="8">of</w>
  <w id="9" lemma="|have|" pos="VBG" wid="9">having</w>
  <w id="10" lemma="|be|" pos="VBN" wid="10">been</w>
  <w id="11" lemma="|find|" pos="VBN" wid="11">found</w>
  <w id="12" lemma="|by|" pos="IN" wid="12">by</w>
  <w id="13" lemma="|Jesus|" pos="NNP" wid="13">Jesus</w>
  <w id="14" lemma="|,|" pos="," wid="14">,</w>
  <w id="15" lemma="|the|" pos="DT" wid="15">the</w>
  <w id="16" lemma="|Good|" pos="NNP" wid="16">Good</w>
  <w id="17" lemma="|Shepherd|" pos="NNP" wid="17">Shepherd</w>
  <w id="18" lemma="|who|" pos="WP" wid="18">who</w>
  <w id="19" lemma="|have|" pos="VBZ" wid="19">has</w>
  <w id="20" lemma="|come|" pos="VBN" wid="20">come</w>
  <w id="21" lemma="|in|" pos="IN" wid="21">in</w>
  <w id="22" lemma="|search|" pos="NN" wid="22">search</w>
  <w id="23" lemma="|of|" pos="IN" wid="23">of</w>
  <w id="24" lemma="|we|" pos="PRP" wid="24">us</w>
  <w id="25" lemma="|because|" pos="IN" wid="25">because</w>
  <w id="26" lemma="|we|" pos="PRP" wid="26">we</w>
  <w id="27" lemma="|be|" pos="VBD" wid="27">were</w>
  <w id="28" lemma="|lose|" pos="VBN" wid="28">lost</w>
  <w id="29" lemma="|''|" pos="''" wid="29">''</w>
  <w id="30" lemma="|-lrb-|" pos="-LRB-" wid="30">-LRB-</w>
  <w id="31" lemma="|Homily|" pos="NNP" wid="31">Homily</w>
  <w id="32" lemma="|of|" pos="IN" wid="32">of</w>
  <w id="33" lemma="|First|" pos="NNP" wid="33">First</w>
  <w id="34" lemma="|Vespers|" pos="NNP" wid="34">Vespers</w>
  <w id="35" lemma="|of|" pos="IN" wid="35">of</w>
  <w id="36" lemma="|Divine|" pos="NNP" wid="36">Divine</w>
  <w id="37" lemma="|Mercy|" pos="NNP" wid="37">Mercy</w>
  <w id="38" lemma="|Sunday|" pos="NNP" wid="38">Sunday</w>
  <w id="39" lemma="|,|" pos="," wid="39">,</w>
  <w id="40" lemma="|11|" pos="CD" wid="40">11</w>
  <w id="41" lemma="|April|" pos="NNP" wid="41">April</w>
  <w id="42" lemma="|2015|" pos="CD" wid="42">2015</w>
  <w id="43" lemma="|-rrb-|" pos="-RRB-" wid="43">-RRB-</w>
  <w id="44" lemma="|:|" pos=":" wid="44">:</w>
  <w id="45" lemma="|this|" pos="DT" wid="45">this</w>
  <w id="46" lemma="|be|" pos="VBZ" wid="46">is</w>
  <w id="47" lemma="|the|" pos="DT" wid="47">the</w>
  <w id="48" lemma="|objective|" pos="NN" wid="48">objective</w>
  <w id="49" lemma="|that|" pos="IN" wid="49">that</w>
  <w id="50" lemma="|the|" pos="DT" wid="50">the</w>
  <w id="51" lemma="|Church|" pos="NNP" wid="51">Church</w>
  <w id="52" lemma="|establish|" pos="VBZ" wid="52">establishes</w>
  <w id="53" lemma="|for|" pos="IN" wid="53">for</w>
  <w id="54" lemma="|herself|" pos="PRP" wid="54">herself</w>
  <w id="55" lemma="|in|" pos="IN" wid="55">in</w>
  <w id="56" lemma="|this|" pos="DT" wid="56">this</w>
  <w id="57" lemma="|Holy|" pos="NNP" wid="57">Holy</w>
  <w id="58" lemma="|Year|" pos="NNP" wid="58">Year</w>
  <w id="59" lemma="|.|" pos="." wid="59">.</w>
</sentence>
<sentence id="33">
  <w id="0" lemma="|in|" pos="IN" wid="0">In</w>
  <w id="1" lemma="|this|" pos="DT" wid="1">this</w>
  <w id="2" lemma="|way|" pos="NN" wid="2">way</w>
  <w id="3" lemma="|we|" pos="PRP" wid="3">we</w>
  <w id="4" lemma="|will|" pos="MD" wid="4">will</w>
  <w id="5" lemma="|strengthen|" pos="VB" wid="5">strengthen</w>
  <w id="6" lemma="|in|" pos="IN" wid="6">in</w>
  <w id="7" lemma="|ourselves|" pos="PRP" wid="7">ourselves</w>
  <w id="8" lemma="|the|" pos="DT" wid="8">the</w>
  <w id="9" lemma="|certainty|" pos="NN" wid="9">certainty</w>
  <w id="10" lemma="|that|" pos="IN" wid="10">that</w>
  <w id="11" lemma="|mercy|" pos="NN" wid="11">mercy</w>
  <w id="12" lemma="|can|" pos="MD" wid="12">can</w>
  <w id="13" lemma="|truly|" pos="RB" wid="13">truly</w>
  <w id="14" lemma="|help|" pos="VB" wid="14">help</w>
  <w id="15" lemma="|in|" pos="IN" wid="15">in</w>
  <w id="16" lemma="|the|" pos="DT" wid="16">the</w>
  <w id="17" lemma="|edification|" pos="NN" wid="17">edification</w>
  <w id="18" lemma="|of|" pos="IN" wid="18">of</w>
  <w id="19" lemma="|a|" pos="DT" wid="19">a</w>
  <w id="20" lemma="|more|" pos="RBR" wid="20">more</w>
  <w id="21" lemma="|human|" pos="JJ" wid="21">human</w>
  <w id="22" lemma="|world|" pos="NN" wid="22">world</w>
  <w id="23" lemma="|.|" pos="." wid="23">.</w>
</sentence>
<sentence id="34">
  <w id="0" lemma="|especially|" pos="RB" wid="0">Especially</w>
  <w id="1" lemma="|in|" pos="IN" wid="1">in</w>
  <w id="2" lemma="|we|" pos="PRP$" wid="2">our</w>
  <w id="3" lemma="|time|" pos="NN" wid="3">time</w>
  <w id="4" lemma="|,|" pos="," wid="4">,</w>
  <w id="5" lemma="|in|" pos="IN" wid="5">in</w>
  <w id="6" lemma="|which|" pos="WDT" wid="6">which</w>
  <w id="7" lemma="|forgiveness|" pos="NN" wid="7">forgiveness</w>
  <w id="8" lemma="|be|" pos="VBZ" wid="8">is</w>
  <w id="9" lemma="|a|" pos="DT" wid="9">a</w>
  <w id="10" lemma="|rare|" pos="JJ" wid="10">rare</w>
  <w id="11" lemma="|guest|" pos="NN" wid="11">guest</w>
  <w id="12" lemma="|in|" pos="IN" wid="12">in</w>
  <w id="13" lemma="|the|" pos="DT" wid="13">the</w>
  <w id="14" lemma="|sphere|" pos="NNS" wid="14">spheres</w>
  <w id="15" lemma="|of|" pos="IN" wid="15">of</w>
  <w id="16" lemma="|human|" pos="JJ" wid="16">human</w>
  <w id="17" lemma="|life|" pos="NN" wid="17">life</w>
  <w id="18" lemma="|,|" pos="," wid="18">,</w>
  <w id="19" lemma="|the|" pos="DT" wid="19">the</w>
  <w id="20" lemma="|call|" pos="NN" wid="20">call</w>
  <w id="21" lemma="|to|" pos="TO" wid="21">to</w>
  <w id="22" lemma="|mercy|" pos="NN" wid="22">mercy</w>
  <w id="23" lemma="|be|" pos="VBZ" wid="23">is</w>
  <w id="24" lemma="|make|" pos="VBN" wid="24">made</w>
  <w id="25" lemma="|more|" pos="RBR" wid="25">more</w>
  <w id="26" lemma="|urgent|" pos="JJ" wid="26">urgent</w>
  <w id="27" lemma="|,|" pos="," wid="27">,</w>
  <w id="28" lemma="|and|" pos="CC" wid="28">and</w>
  <w id="29" lemma="|this|" pos="DT" wid="29">this</w>
  <w id="30" lemma="|be|" pos="VBZ" wid="30">is</w>
  <w id="31" lemma="|so|" pos="RB" wid="31">so</w>
  <w id="32" lemma="|in|" pos="IN" wid="32">in</w>
  <w id="33" lemma="|every|" pos="DT" wid="33">every</w>
  <w id="34" lemma="|place|" pos="NN" wid="34">place</w>
  <w id="35" lemma="|:|" pos=":" wid="35">:</w>
  <w id="36" lemma="|in|" pos="IN" wid="36">in</w>
  <w id="37" lemma="|society|" pos="NN" wid="37">society</w>
  <w id="38" lemma="|,|" pos="," wid="38">,</w>
  <w id="39" lemma="|in|" pos="IN" wid="39">in</w>
  <w id="40" lemma="|institution|" pos="NNS" wid="40">institutions</w>
  <w id="41" lemma="|,|" pos="," wid="41">,</w>
  <w id="42" lemma="|at|" pos="IN" wid="42">at</w>
  <w id="43" lemma="|work|" pos="NN" wid="43">work</w>
  <w id="44" lemma="|and|" pos="CC" wid="44">and</w>
  <w id="45" lemma="|even|" pos="RB" wid="45">even</w>
  <w id="46" lemma="|in|" pos="IN" wid="46">in</w>
  <w id="47" lemma="|the|" pos="DT" wid="47">the</w>
  <w id="48" lemma="|family|" pos="NN" wid="48">family</w>
  <w id="49" lemma="|.|" pos="." wid="49">.</w>
</sentence>
<sentence id="35">
  <w id="0" lemma="|of|" pos="IN" wid="0">Of</w>
  <w id="1" lemma="|course|" pos="NN" wid="1">course</w>
  <w id="2" lemma="|,|" pos="," wid="2">,</w>
  <w id="3" lemma="|someone|" pos="NN" wid="3">someone</w>
  <w id="4" lemma="|could|" pos="MD" wid="4">could</w>
  <w id="5" lemma="|object|" pos="VB" wid="5">object</w>
  <w id="6" lemma="|:|" pos=":" wid="6">:</w>
  <w id="7" lemma="|``|" pos="``" wid="7">``</w>
  <w id="8" lemma="|Father|" pos="NNP" wid="8">Father</w>
  <w id="9" lemma="|,|" pos="," wid="9">,</w>
  <w id="10" lemma="|should|" pos="MD" wid="10">should</w>
  <w id="11" lemma="|not|" pos="RB" wid="11">n't</w>
  <w id="12" lemma="|the|" pos="DT" wid="12">the</w>
  <w id="13" lemma="|Church|" pos="NNP" wid="13">Church</w>
  <w id="14" lemma="|do|" pos="VBP" wid="14">do</w>
  <w id="15" lemma="|something|" pos="NN" wid="15">something</w>
  <w id="16" lemma="|more|" pos="RBR" wid="16">more</w>
  <w id="17" lemma="|this|" pos="DT" wid="17">this</w>
  <w id="18" lemma="|year|" pos="NN" wid="18">Year</w>
  <w id="19" lemma="|?|" pos="." wid="19">?</w>
</sentence>
<sentence id="36">
  <w id="0" lemma="|it|" pos="PRP" wid="0">It</w>
  <w id="1" lemma="|be|" pos="VBZ" wid="1">is</w>
  <w id="2" lemma="|right|" pos="JJ" wid="2">right</w>
  <w id="3" lemma="|to|" pos="TO" wid="3">to</w>
  <w id="4" lemma="|contemplate|" pos="VB" wid="4">contemplate</w>
  <w id="5" lemma="|the|" pos="DT" wid="5">the</w>
  <w id="6" lemma="|mercy|" pos="NN" wid="6">mercy</w>
  <w id="7" lemma="|of|" pos="IN" wid="7">of</w>
  <w id="8" lemma="|God|" pos="NNP" wid="8">God</w>
  <w id="9" lemma="|,|" pos="," wid="9">,</w>
  <w id="10" lemma="|but|" pos="CC" wid="10">but</w>
  <w id="11" lemma="|there|" pos="EX" wid="11">there</w>
  <w id="12" lemma="|be|" pos="VBP" wid="12">are</w>
  <w id="13" lemma="|so|" pos="RB" wid="13">so</w>
  <w id="14" lemma="|many|" pos="JJ" wid="14">many</w>
  <w id="15" lemma="|urgent|" pos="JJ" wid="15">urgent</w>
  <w id="16" lemma="|need|" pos="NNS" wid="16">needs</w>
  <w id="17" lemma="|!|" pos="." wid="17">!</w>
  <w id="18" lemma="|''|" pos="''" wid="18">''</w>
  <w id="19" lemma="|.|" pos="." wid="19">.</w>
</sentence>
<sentence id="37">
  <w id="0" lemma="|it|" pos="PRP" wid="0">It</w>
  <w id="1" lemma="|be|" pos="VBZ" wid="1">is</w>
  <w id="2" lemma="|true|" pos="JJ" wid="2">true</w>
  <w id="3" lemma="|,|" pos="," wid="3">,</w>
  <w id="4" lemma="|there|" pos="EX" wid="4">there</w>
  <w id="5" lemma="|be|" pos="VBZ" wid="5">is</w>
  <w id="6" lemma="|much|" pos="JJ" wid="6">much</w>
  <w id="7" lemma="|to|" pos="TO" wid="7">to</w>
  <w id="8" lemma="|do|" pos="VB" wid="8">do</w>
  <w id="9" lemma="|,|" pos="," wid="9">,</w>
  <w id="10" lemma="|and|" pos="CC" wid="10">and</w>
  <w id="11" lemma="|I|" pos="PRP" wid="11">I</w>
  <w id="12" lemma="|for|" pos="IN" wid="12">for</w>
  <w id="13" lemma="|one|" pos="CD" wid="13">one</w>
  <w id="14" lemma="|never|" pos="RB" wid="14">never</w>
  <w id="15" lemma="|tire|" pos="NN" wid="15">tire</w>
  <w id="16" lemma="|of|" pos="IN" wid="16">of</w>
  <w id="17" lemma="|remember|" pos="VBG" wid="17">remembering</w>
  <w id="18" lemma="|this|" pos="DT" wid="18">this</w>
  <w id="19" lemma="|.|" pos="." wid="19">.</w>
</sentence>
<sentence id="38">
  <w id="0" lemma="|however|" pos="RB" wid="0">However</w>
  <w id="1" lemma="|,|" pos="," wid="1">,</w>
  <w id="2" lemma="|we|" pos="PRP" wid="2">we</w>
  <w id="3" lemma="|must|" pos="MD" wid="3">must</w>
  <w id="4" lemma="|bear|" pos="VB" wid="4">bear</w>
  <w id="5" lemma="|in|" pos="IN" wid="5">in</w>
  <w id="6" lemma="|mind|" pos="NN" wid="6">mind</w>
  <w id="7" lemma="|that|" pos="IN" wid="7">that</w>
  <w id="8" lemma="|whenever|" pos="WRB" wid="8">whenever</w>
  <w id="9" lemma="|mercy|" pos="NN" wid="9">mercy</w>
  <w id="10" lemma="|be|" pos="VBZ" wid="10">is</w>
  <w id="11" lemma="|obliviated|" pos="JJ" wid="11">obliviated</w>
  <w id="12" lemma="|self-love|" pos="NN" wid="12">self-love</w>
  <w id="13" lemma="|be|" pos="VBZ" wid="13">is</w>
  <w id="14" lemma="|at|" pos="IN" wid="14">at</w>
  <w id="15" lemma="|the|" pos="DT" wid="15">the</w>
  <w id="16" lemma="|root|" pos="NN" wid="16">root</w>
  <w id="17" lemma="|.|" pos="." wid="17">.</w>
</sentence>
<sentence id="39">
  <w id="0" lemma="|in|" pos="IN" wid="0">In</w>
  <w id="1" lemma="|the|" pos="DT" wid="1">the</w>
  <w id="2" lemma="|world|" pos="NN" wid="2">world</w>
  <w id="3" lemma="|,|" pos="," wid="3">,</w>
  <w id="4" lemma="|this|" pos="DT" wid="4">this</w>
  <w id="5" lemma="|take|" pos="VBZ" wid="5">takes</w>
  <w id="6" lemma="|the|" pos="DT" wid="6">the</w>
  <w id="7" lemma="|form|" pos="NN" wid="7">form</w>
  <w id="8" lemma="|of|" pos="IN" wid="8">of</w>
  <w id="9" lemma="|exclusively|" pos="RB" wid="9">exclusively</w>
  <w id="10" lemma="|seek|" pos="VBG" wid="10">seeking</w>
  <w id="11" lemma="|one|" pos="NN" wid="11">one</w>
  <w id="12" lemma="|'s|" pos="POS" wid="12">'s</w>
  <w id="13" lemma="|own|" pos="JJ" wid="13">own</w>
  <w id="14" lemma="|interest|" pos="NNS" wid="14">interests</w>
  <w id="15" lemma="|,|" pos="," wid="15">,</w>
  <w id="16" lemma="|pleasure|" pos="NNS" wid="16">pleasures</w>
  <w id="17" lemma="|and|" pos="CC" wid="17">and</w>
  <w id="18" lemma="|honour|" pos="NNS" wid="18">honours</w>
  <w id="19" lemma="|join|" pos="VBD" wid="19">joined</w>
  <w id="20" lemma="|with|" pos="IN" wid="20">with</w>
  <w id="21" lemma="|the|" pos="DT" wid="21">the</w>
  <w id="22" lemma="|desire|" pos="NN" wid="22">desire</w>
  <w id="23" lemma="|to|" pos="TO" wid="23">to</w>
  <w id="24" lemma="|accumulate|" pos="VB" wid="24">accumulate</w>
  <w id="25" lemma="|wealth|" pos="NN" wid="25">wealth</w>
  <w id="26" lemma="|,|" pos="," wid="26">,</w>
  <w id="27" lemma="|whereas|" pos="IN" wid="27">whereas</w>
  <w id="28" lemma="|in|" pos="IN" wid="28">in</w>
  <w id="29" lemma="|the|" pos="DT" wid="29">the</w>
  <w id="30" lemma="|life|" pos="NN" wid="30">life</w>
  <w id="31" lemma="|of|" pos="IN" wid="31">of</w>
  <w id="32" lemma="|a|" pos="DT" wid="32">a</w>
  <w id="33" lemma="|Christian|" pos="NNP" wid="33">Christian</w>
  <w id="34" lemma="|it|" pos="PRP" wid="34">it</w>
  <w id="35" lemma="|be|" pos="VBZ" wid="35">is</w>
  <w id="36" lemma="|often|" pos="RB" wid="36">often</w>
  <w id="37" lemma="|disguise|" pos="VBN" wid="37">disguised</w>
  <w id="38" lemma="|in|" pos="IN" wid="38">in</w>
  <w id="39" lemma="|hypocrisy|" pos="NN" wid="39">hypocrisy</w>
  <w id="40" lemma="|and|" pos="CC" wid="40">and</w>
  <w id="41" lemma="|worldliness|" pos="NN" wid="41">worldliness</w>
  <w id="42" lemma="|.|" pos="." wid="42">.</w>
</sentence>
<sentence id="40">
  <w id="0" lemma="|all|" pos="DT" wid="0">All</w>
  <w id="1" lemma="|of|" pos="IN" wid="1">of</w>
  <w id="2" lemma="|these|" pos="DT" wid="2">these</w>
  <w id="3" lemma="|thing|" pos="NNS" wid="3">things</w>
  <w id="4" lemma="|be|" pos="VBP" wid="4">are</w>
  <w id="5" lemma="|contrary|" pos="JJ" wid="5">contrary</w>
  <w id="6" lemma="|to|" pos="TO" wid="6">to</w>
  <w id="7" lemma="|mercy|" pos="NN" wid="7">mercy</w>
  <w id="8" lemma="|.|" pos="." wid="8">.</w>
</sentence>
<sentence id="41">
  <w id="0" lemma="|surge|" pos="NNS" wid="0">Surges</w>
  <w id="1" lemma="|of|" pos="IN" wid="1">of</w>
  <w id="2" lemma="|self-love|" pos="NN" wid="2">self-love</w>
  <w id="3" lemma="|,|" pos="," wid="3">,</w>
  <w id="4" lemma="|which|" pos="WDT" wid="4">which</w>
  <w id="5" lemma="|make|" pos="VBP" wid="5">make</w>
  <w id="6" lemma="|mercy|" pos="NN" wid="6">mercy</w>
  <w id="7" lemma="|a|" pos="DT" wid="7">a</w>
  <w id="8" lemma="|stranger|" pos="NN" wid="8">stranger</w>
  <w id="9" lemma="|in|" pos="IN" wid="9">in</w>
  <w id="10" lemma="|the|" pos="DT" wid="10">the</w>
  <w id="11" lemma="|world|" pos="NN" wid="11">world</w>
  <w id="12" lemma="|,|" pos="," wid="12">,</w>
  <w id="13" lemma="|be|" pos="VBP" wid="13">are</w>
  <w id="14" lemma="|so|" pos="RB" wid="14">so</w>
  <w id="15" lemma="|abundant|" pos="JJ" wid="15">abundant</w>
  <w id="16" lemma="|and|" pos="CC" wid="16">and</w>
  <w id="17" lemma="|numerous|" pos="JJ" wid="17">numerous</w>
  <w id="18" lemma="|that|" pos="IN" wid="18">that</w>
  <w id="19" lemma="|we|" pos="PRP" wid="19">we</w>
  <w id="20" lemma="|be|" pos="VBP" wid="20">are</w>
  <w id="21" lemma="|often|" pos="RB" wid="21">often</w>
  <w id="22" lemma="|unable|" pos="JJ" wid="22">unable</w>
  <w id="23" lemma="|to|" pos="TO" wid="23">to</w>
  <w id="24" lemma="|recognize|" pos="VB" wid="24">recognize</w>
  <w id="25" lemma="|they|" pos="PRP" wid="25">them</w>
  <w id="26" lemma="|as|" pos="IN" wid="26">as</w>
  <w id="27" lemma="|limitation|" pos="NNS" wid="27">limitations</w>
  <w id="28" lemma="|and|" pos="CC" wid="28">and</w>
  <w id="29" lemma="|as|" pos="IN" wid="29">as</w>
  <w id="30" lemma="|sin|" pos="NN" wid="30">sin</w>
  <w id="31" lemma="|.|" pos="." wid="31">.</w>
</sentence>
<sentence id="42">
  <w id="0" lemma="|this|" pos="DT" wid="0">This</w>
  <w id="1" lemma="|be|" pos="VBZ" wid="1">is</w>
  <w id="2" lemma="|why|" pos="WRB" wid="2">why</w>
  <w id="3" lemma="|it|" pos="PRP" wid="3">it</w>
  <w id="4" lemma="|be|" pos="VBZ" wid="4">is</w>
  <w id="5" lemma="|necessary|" pos="JJ" wid="5">necessary</w>
  <w id="6" lemma="|to|" pos="TO" wid="6">to</w>
  <w id="7" lemma="|recognize|" pos="VB" wid="7">recognize</w>
  <w id="8" lemma="|ourselves|" pos="PRP" wid="8">ourselves</w>
  <w id="9" lemma="|as|" pos="IN" wid="9">as</w>
  <w id="10" lemma="|sinner|" pos="NNS" wid="10">sinners</w>
  <w id="11" lemma="|,|" pos="," wid="11">,</w>
  <w id="12" lemma="|so|" pos="RB" wid="12">so</w>
  <w id="13" lemma="|as|" pos="IN" wid="13">as</w>
  <w id="14" lemma="|to|" pos="TO" wid="14">to</w>
  <w id="15" lemma="|strengthen|" pos="VB" wid="15">strengthen</w>
  <w id="16" lemma="|within|" pos="IN" wid="16">within</w>
  <w id="17" lemma="|we|" pos="PRP" wid="17">us</w>
  <w id="18" lemma="|the|" pos="DT" wid="18">the</w>
  <w id="19" lemma="|certainty|" pos="NN" wid="19">certainty</w>
  <w id="20" lemma="|of|" pos="IN" wid="20">of</w>
  <w id="21" lemma="|divine|" pos="JJ" wid="21">divine</w>
  <w id="22" lemma="|mercy|" pos="NN" wid="22">mercy</w>
  <w id="23" lemma="|.|" pos="." wid="23">.</w>
</sentence>
<sentence id="43">
  <w id="0" lemma="|``|" pos="``" wid="0">``</w>
  <w id="1" lemma="|Lord|" pos="NNP" wid="1">Lord</w>
  <w id="2" lemma="|,|" pos="," wid="2">,</w>
  <w id="3" lemma="|I|" pos="PRP" wid="3">I</w>
  <w id="4" lemma="|be|" pos="VBP" wid="4">am</w>
  <w id="5" lemma="|a|" pos="DT" wid="5">a</w>
  <w id="6" lemma="|sinful|" pos="JJ" wid="6">sinful</w>
  <w id="7" lemma="|man|" pos="NN" wid="7">man</w>
  <w id="8" lemma="|;|" pos=":" wid="8">;</w>
  <w id="9" lemma="|Lord|" pos="NNP" wid="9">Lord</w>
  <w id="10" lemma="|,|" pos="," wid="10">,</w>
  <w id="11" lemma="|I|" pos="PRP" wid="11">I</w>
  <w id="12" lemma="|be|" pos="VBP" wid="12">am</w>
  <w id="13" lemma="|a|" pos="DT" wid="13">a</w>
  <w id="14" lemma="|sinful|" pos="JJ" wid="14">sinful</w>
  <w id="15" lemma="|woman|" pos="NN" wid="15">woman</w>
  <w id="16" lemma="|:|" pos=":" wid="16">:</w>
  <w id="17" lemma="|come|" pos="VB" wid="17">come</w>
  <w id="18" lemma="|with|" pos="IN" wid="18">with</w>
  <w id="19" lemma="|you|" pos="PRP$" wid="19">your</w>
  <w id="20" lemma="|mercy|" pos="NN" wid="20">mercy</w>
  <w id="21" lemma="|''|" pos="''" wid="21">''</w>
  <w id="22" lemma="|.|" pos="." wid="22">.</w>
</sentence>
<sentence id="44">
  <w id="0" lemma="|this|" pos="DT" wid="0">This</w>
  <w id="1" lemma="|be|" pos="VBZ" wid="1">is</w>
  <w id="2" lemma="|a|" pos="DT" wid="2">a</w>
  <w id="3" lemma="|beautiful|" pos="JJ" wid="3">beautiful</w>
  <w id="4" lemma="|prayer|" pos="NN" wid="4">prayer</w>
  <w id="5" lemma="|.|" pos="." wid="5">.</w>
</sentence>
<sentence id="45">
  <w id="0" lemma="|it|" pos="PRP" wid="0">It</w>
  <w id="1" lemma="|be|" pos="VBZ" wid="1">is</w>
  <w id="2" lemma="|a|" pos="DT" wid="2">an</w>
  <w id="3" lemma="|easy|" pos="JJ" wid="3">easy</w>
  <w id="4" lemma="|prayer|" pos="NN" wid="4">prayer</w>
  <w id="5" lemma="|to|" pos="TO" wid="5">to</w>
  <w id="6" lemma="|say|" pos="VB" wid="6">say</w>
  <w id="7" lemma="|every|" pos="DT" wid="7">every</w>
  <w id="8" lemma="|day|" pos="NN" wid="8">day</w>
  <w id="9" lemma="|:|" pos=":" wid="9">:</w>
  <w id="10" lemma="|``|" pos="``" wid="10">``</w>
  <w id="11" lemma="|Lord|" pos="NNP" wid="11">Lord</w>
  <w id="12" lemma="|,|" pos="," wid="12">,</w>
  <w id="13" lemma="|I|" pos="PRP" wid="13">I</w>
  <w id="14" lemma="|be|" pos="VBP" wid="14">am</w>
  <w id="15" lemma="|a|" pos="DT" wid="15">a</w>
  <w id="16" lemma="|sinner|" pos="NN" wid="16">sinner</w>
  <w id="17" lemma="|:|" pos=":" wid="17">:</w>
  <w id="18" lemma="|come|" pos="VB" wid="18">come</w>
  <w id="19" lemma="|with|" pos="IN" wid="19">with</w>
  <w id="20" lemma="|you|" pos="PRP$" wid="20">your</w>
  <w id="21" lemma="|mercy|" pos="NN" wid="21">mercy</w>
  <w id="22" lemma="|''|" pos="''" wid="22">''</w>
  <w id="23" lemma="|.|" pos="." wid="23">.</w>
</sentence>
<sentence id="46">
  <w id="0" lemma="|Dear|" pos="NNP" wid="0">Dear</w>
  <w id="1" lemma="|brother|" pos="NNS" wid="1">brothers</w>
  <w id="2" lemma="|and|" pos="CC" wid="2">and</w>
  <w id="3" lemma="|sister|" pos="NNS" wid="3">sisters</w>
  <w id="4" lemma="|,|" pos="," wid="4">,</w>
  <w id="5" lemma="|I|" pos="PRP" wid="5">I</w>
  <w id="6" lemma="|hope|" pos="VBP" wid="6">hope</w>
  <w id="7" lemma="|that|" pos="IN" wid="7">that</w>
  <w id="8" lemma="|,|" pos="," wid="8">,</w>
  <w id="9" lemma="|in|" pos="IN" wid="9">in</w>
  <w id="10" lemma="|this|" pos="DT" wid="10">this</w>
  <w id="11" lemma="|Holy|" pos="NNP" wid="11">Holy</w>
  <w id="12" lemma="|Year|" pos="NNP" wid="12">Year</w>
  <w id="13" lemma="|,|" pos="," wid="13">,</w>
  <w id="14" lemma="|each|" pos="DT" wid="14">each</w>
  <w id="15" lemma="|one|" pos="CD" wid="15">one</w>
  <w id="16" lemma="|of|" pos="IN" wid="16">of</w>
  <w id="17" lemma="|we|" pos="PRP" wid="17">us</w>
  <w id="18" lemma="|may|" pos="MD" wid="18">may</w>
  <w id="19" lemma="|experience|" pos="VB" wid="19">experience</w>
  <w id="20" lemma="|God|" pos="NNP" wid="20">God</w>
  <w id="21" lemma="|'s|" pos="POS" wid="21">'s</w>
  <w id="22" lemma="|mercy|" pos="NN" wid="22">mercy</w>
  <w id="23" lemma="|,|" pos="," wid="23">,</w>
  <w id="24" lemma="|in|" pos="IN" wid="24">in</w>
  <w id="25" lemma="|order|" pos="NN" wid="25">order</w>
  <w id="26" lemma="|to|" pos="TO" wid="26">to</w>
  <w id="27" lemma="|be|" pos="VB" wid="27">be</w>
  <w id="28" lemma="|witness|" pos="NNS" wid="28">witnesses</w>
  <w id="29" lemma="|to|" pos="TO" wid="29">to</w>
  <w id="30" lemma="|``|" pos="``" wid="30">``</w>
  <w id="31" lemma="|what|" pos="WP" wid="31">what</w>
  <w id="32" lemma="|please|" pos="VBZ" wid="32">pleases</w>
  <w id="33" lemma="|God|" pos="NNP" wid="33">God</w>
  <w id="34" lemma="|most|" pos="JJS" wid="34">most</w>
  <w id="35" lemma="|''|" pos="''" wid="35">''</w>
  <w id="36" lemma="|.|" pos="." wid="36">.</w>
</sentence>
<sentence id="47">
  <w id="0" lemma="|be|" pos="VBZ" wid="0">Is</w>
  <w id="1" lemma="|it|" pos="PRP" wid="1">it</w>
  <w id="2" lemma="|naïve|" pos="JJ" wid="2">naïve</w>
  <w id="3" lemma="|to|" pos="TO" wid="3">to</w>
  <w id="4" lemma="|believe|" pos="VB" wid="4">believe</w>
  <w id="5" lemma="|that|" pos="IN" wid="5">that</w>
  <w id="6" lemma="|this|" pos="DT" wid="6">this</w>
  <w id="7" lemma="|can|" pos="MD" wid="7">can</w>
  <w id="8" lemma="|change|" pos="VB" wid="8">change</w>
  <w id="9" lemma="|the|" pos="DT" wid="9">the</w>
  <w id="10" lemma="|world|" pos="NN" wid="10">world</w>
  <w id="11" lemma="|?|" pos="." wid="11">?</w>
</sentence>
<sentence id="48">
  <w id="0" lemma="|yes|" pos="UH" wid="0">Yes</w>
  <w id="1" lemma="|,|" pos="," wid="1">,</w>
  <w id="2" lemma="|humanly|" pos="RB" wid="2">humanly</w>
  <w id="3" lemma="|speak|" pos="VBG" wid="3">speaking</w>
  <w id="4" lemma="|,|" pos="," wid="4">,</w>
  <w id="5" lemma="|it|" pos="PRP" wid="5">it</w>
  <w id="6" lemma="|be|" pos="VBZ" wid="6">is</w>
  <w id="7" lemma="|foolish|" pos="JJ" wid="7">foolish</w>
  <w id="8" lemma="|,|" pos="," wid="8">,</w>
  <w id="9" lemma="|but|" pos="CC" wid="9">but</w>
  <w id="10" lemma="|``|" pos="``" wid="10">``</w>
  <w id="11" lemma="|the|" pos="DT" wid="11">the</w>
  <w id="12" lemma="|foolishness|" pos="NN" wid="12">foolishness</w>
  <w id="13" lemma="|of|" pos="IN" wid="13">of</w>
  <w id="14" lemma="|God|" pos="NNP" wid="14">God</w>
  <w id="15" lemma="|be|" pos="VBZ" wid="15">is</w>
  <w id="16" lemma="|wiser|" pos="JJR" wid="16">wiser</w>
  <w id="17" lemma="|than|" pos="IN" wid="17">than</w>
  <w id="18" lemma="|man|" pos="NNS" wid="18">men</w>
  <w id="19" lemma="|,|" pos="," wid="19">,</w>
  <w id="20" lemma="|and|" pos="CC" wid="20">and</w>
  <w id="21" lemma="|the|" pos="DT" wid="21">the</w>
  <w id="22" lemma="|weakness|" pos="NN" wid="22">weakness</w>
  <w id="23" lemma="|of|" pos="IN" wid="23">of</w>
  <w id="24" lemma="|God|" pos="NNP" wid="24">God</w>
  <w id="25" lemma="|be|" pos="VBZ" wid="25">is</w>
  <w id="26" lemma="|stronger|" pos="JJR" wid="26">stronger</w>
  <w id="27" lemma="|than|" pos="IN" wid="27">than</w>
  <w id="28" lemma="|man|" pos="NNS" wid="28">men</w>
  <w id="29" lemma="|''|" pos="''" wid="29">''</w>
  <w id="30" lemma="|-lrb-|" pos="-LRB-" wid="30">-LRB-</w>
  <w id="31" lemma="|1|" pos="CD" wid="31">1</w>
  <w id="32" lemma="|cor|" pos="NN" wid="32">Cor</w>
  <w id="33" lemma="|1:25|" pos="CD" wid="33">1:25</w>
  <w id="34" lemma="|-rrb-|" pos="-RRB-" wid="34">-RRB-</w>
  <w id="35" lemma="|.|" pos="." wid="35">.</w>
</sentence>
<sentence id="49">
  <w id="0" lemma="|special|" pos="JJ" wid="0">Special</w>
  <w id="1" lemma="|greeting|" pos="NNS" wid="1">greetings</w>
  <w id="2" lemma="|:|" pos=":" wid="2">:</w>
  <w id="3" lemma="|I|" pos="PRP" wid="3">I</w>
  <w id="4" lemma="|greet|" pos="VBP" wid="4">greet</w>
  <w id="5" lemma="|the|" pos="DT" wid="5">the</w>
  <w id="6" lemma="|english-speaking|" pos="JJ" wid="6">English-speaking</w>
  <w id="7" lemma="|pilgrim|" pos="NNS" wid="7">pilgrims</w>
  <w id="8" lemma="|and|" pos="CC" wid="8">and</w>
  <w id="9" lemma="|visitor|" pos="NNS" wid="9">visitors</w>
  <w id="10" lemma="|take|" pos="VBG" wid="10">taking</w>
  <w id="11" lemma="|part|" pos="NN" wid="11">part</w>
  <w id="12" lemma="|in|" pos="IN" wid="12">in</w>
  <w id="13" lemma="|today|" pos="NN" wid="13">today</w>
  <w id="14" lemma="|'s|" pos="POS" wid="14">'s</w>
  <w id="15" lemma="|audience|" pos="NN" wid="15">Audience</w>
  <w id="16" lemma="|,|" pos="," wid="16">,</w>
  <w id="17" lemma="|include|" pos="VBG" wid="17">including</w>
  <w id="18" lemma="|those|" pos="DT" wid="18">those</w>
  <w id="19" lemma="|from|" pos="IN" wid="19">from</w>
  <w id="20" lemma="|Scotland|" pos="NNP" wid="20">Scotland</w>
  <w id="21" lemma="|,|" pos="," wid="21">,</w>
  <w id="22" lemma="|Denmark|" pos="NNP" wid="22">Denmark</w>
  <w id="23" lemma="|,|" pos="," wid="23">,</w>
  <w id="24" lemma="|Indonesia|" pos="NNP" wid="24">Indonesia</w>
  <w id="25" lemma="|,|" pos="," wid="25">,</w>
  <w id="26" lemma="|Japan|" pos="NNP" wid="26">Japan</w>
  <w id="27" lemma="|,|" pos="," wid="27">,</w>
  <w id="28" lemma="|Canada|" pos="NNP" wid="28">Canada</w>
  <w id="29" lemma="|and|" pos="CC" wid="29">and</w>
  <w id="30" lemma="|the|" pos="DT" wid="30">the</w>
  <w id="31" lemma="|United|" pos="NNP" wid="31">United</w>
  <w id="32" lemma="|States|" pos="NNPS" wid="32">States</w>
  <w id="33" lemma="|of|" pos="IN" wid="33">of</w>
  <w id="34" lemma="|America|" pos="NNP" wid="34">America</w>
  <w id="35" lemma="|.|" pos="." wid="35">.</w>
</sentence>
<sentence id="50">
  <w id="0" lemma="|my|" pos="PRP$" wid="0">My</w>
  <w id="1" lemma="|special|" pos="JJ" wid="1">special</w>
  <w id="2" lemma="|greet|" pos="VBG" wid="2">greeting</w>
  <w id="3" lemma="|go|" pos="VBZ" wid="3">goes</w>
  <w id="4" lemma="|to|" pos="TO" wid="4">to</w>
  <w id="5" lemma="|the|" pos="DT" wid="5">the</w>
  <w id="6" lemma="|international|" pos="JJ" wid="6">international</w>
  <w id="7" lemma="|team|" pos="NN" wid="7">team</w>
  <w id="8" lemma="|of|" pos="IN" wid="8">of</w>
  <w id="9" lemma="|the|" pos="DT" wid="9">the</w>
  <w id="10" lemma="|Galileo|" pos="NNP" wid="10">Galileo</w>
  <w id="11" lemma="|space|" pos="NN" wid="11">space</w>
  <w id="12" lemma="|programme|" pos="NN" wid="12">programme</w>
  <w id="13" lemma="|.|" pos="." wid="13">.</w>
</sentence>
<sentence id="51">
  <w id="0" lemma="|upon|" pos="IN" wid="0">Upon</w>
  <w id="1" lemma="|you|" pos="PRP" wid="1">you</w>
  <w id="2" lemma="|and|" pos="CC" wid="2">and</w>
  <w id="3" lemma="|you|" pos="PRP$" wid="3">your</w>
  <w id="4" lemma="|family|" pos="NNS" wid="4">families</w>
  <w id="5" lemma="|I|" pos="PRP" wid="5">I</w>
  <w id="6" lemma="|invoke|" pos="VBP" wid="6">invoke</w>
  <w id="7" lemma="|the|" pos="DT" wid="7">the</w>
  <w id="8" lemma="|Lord|" pos="NNP" wid="8">Lord</w>
  <w id="9" lemma="|'s|" pos="POS" wid="9">'s</w>
  <w id="10" lemma="|blessing|" pos="NNS" wid="10">blessings</w>
  <w id="11" lemma="|of|" pos="IN" wid="11">of</w>
  <w id="12" lemma="|joy|" pos="NN" wid="12">joy</w>
  <w id="13" lemma="|and|" pos="CC" wid="13">and</w>
  <w id="14" lemma="|peace|" pos="NN" wid="14">peace</w>
  <w id="15" lemma="|.|" pos="." wid="15">.</w>
</sentence>
<sentence id="52">
  <w id="0" lemma="|God|" pos="NNP" wid="0">God</w>
  <w id="1" lemma="|bless|" pos="VB" wid="1">bless</w>
  <w id="2" lemma="|you|" pos="PRP" wid="2">you</w>
  <w id="3" lemma="|all|" pos="DT" wid="3">all</w>
  <w id="4" lemma="|!|" pos="." wid="4">!</w>
</sentence>
</corpus>