<corpus id="0">
<sentence id="0">
  <w id="0" lemma="|Dear|" pos="NNP" wid="0">Dear</w>
  <w id="1" lemma="|Brothers|" pos="NNPS" wid="1">Brothers</w>
  <w id="2" lemma="|and|" pos="CC" wid="2">and</w>
  <w id="3" lemma="|sister|" pos="NNS" wid="3">Sisters</w>
  <w id="4" lemma="|,|" pos="," wid="4">,</w>
  <w id="5" lemma="|good|" pos="JJ" wid="5">Good</w>
  <w id="6" lemma="|morning|" pos="NN" wid="6">morning</w>
  <w id="7" lemma="|!|" pos="." wid="7">!</w>
</sentence>
<sentence id="1">
  <w id="0" lemma="|today|" pos="NN" wid="0">Today</w>
  <w id="1" lemma="|'s|" pos="POS" wid="1">'s</w>
  <w id="2" lemma="|Gospel|" pos="NNP" wid="2">Gospel</w>
  <w id="3" lemma="|account|" pos="NN" wid="3">account</w>
  <w id="4" lemma="|once|" pos="RB" wid="4">once</w>
  <w id="5" lemma="|again|" pos="RB" wid="5">again</w>
  <w id="6" lemma="|,|" pos="," wid="6">,</w>
  <w id="7" lemma="|like|" pos="IN" wid="7">like</w>
  <w id="8" lemma="|last|" pos="JJ" wid="8">last</w>
  <w id="9" lemma="|Sunday|" pos="NNP" wid="9">Sunday</w>
  <w id="10" lemma="|,|" pos="," wid="10">,</w>
  <w id="11" lemma="|bring|" pos="VBZ" wid="11">brings</w>
  <w id="12" lemma="|we|" pos="PRP" wid="12">us</w>
  <w id="13" lemma="|to|" pos="TO" wid="13">to</w>
  <w id="14" lemma="|the|" pos="DT" wid="14">the</w>
  <w id="15" lemma="|synagogue|" pos="NN" wid="15">synagogue</w>
  <w id="16" lemma="|of|" pos="IN" wid="16">of</w>
  <w id="17" lemma="|Nazareth|" pos="NNP" wid="17">Nazareth</w>
  <w id="18" lemma="|,|" pos="," wid="18">,</w>
  <w id="19" lemma="|the|" pos="DT" wid="19">the</w>
  <w id="20" lemma="|village|" pos="NN" wid="20">village</w>
  <w id="21" lemma="|in|" pos="IN" wid="21">in</w>
  <w id="22" lemma="|Galilee|" pos="NNP" wid="22">Galilee</w>
  <w id="23" lemma="|where|" pos="WRB" wid="23">where</w>
  <w id="24" lemma="|Jesus|" pos="NNP" wid="24">Jesus</w>
  <w id="25" lemma="|be|" pos="VBD" wid="25">was</w>
  <w id="26" lemma="|bring|" pos="VBN" wid="26">brought</w>
  <w id="27" lemma="|up|" pos="RP" wid="27">up</w>
  <w id="28" lemma="|in|" pos="IN" wid="28">in</w>
  <w id="29" lemma="|a|" pos="DT" wid="29">a</w>
  <w id="30" lemma="|family|" pos="NN" wid="30">family</w>
  <w id="31" lemma="|and|" pos="CC" wid="31">and</w>
  <w id="32" lemma="|be|" pos="VBD" wid="32">was</w>
  <w id="33" lemma="|know|" pos="VBN" wid="33">known</w>
  <w id="34" lemma="|by|" pos="IN" wid="34">by</w>
  <w id="35" lemma="|everyone|" pos="NN" wid="35">everyone</w>
  <w id="36" lemma="|.|" pos="." wid="36">.</w>
</sentence>
<sentence id="2">
  <w id="0" lemma="|he|" pos="PRP" wid="0">He</w>
  <w id="1" lemma="|,|" pos="," wid="1">,</w>
  <w id="2" lemma="|who|" pos="WP" wid="2">who</w>
  <w id="3" lemma="|leave|" pos="VBD" wid="3">left</w>
  <w id="4" lemma="|not|" pos="RB" wid="4">not</w>
  <w id="5" lemma="|long|" pos="RB" wid="5">long</w>
  <w id="6" lemma="|before|" pos="RB" wid="6">before</w>
  <w id="7" lemma="|to|" pos="TO" wid="7">to</w>
  <w id="8" lemma="|begin|" pos="VB" wid="8">begin</w>
  <w id="9" lemma="|he|" pos="PRP$" wid="9">his</w>
  <w id="10" lemma="|public|" pos="JJ" wid="10">public</w>
  <w id="11" lemma="|life|" pos="NN" wid="11">life</w>
  <w id="12" lemma="|,|" pos="," wid="12">,</w>
  <w id="13" lemma="|now|" pos="RB" wid="13">now</w>
  <w id="14" lemma="|return|" pos="NNS" wid="14">returns</w>
  <w id="15" lemma="|and|" pos="CC" wid="15">and</w>
  <w id="16" lemma="|for|" pos="IN" wid="16">for</w>
  <w id="17" lemma="|the|" pos="DT" wid="17">the</w>
  <w id="18" lemma="|first|" pos="JJ" wid="18">first</w>
  <w id="19" lemma="|time|" pos="NN" wid="19">time</w>
  <w id="20" lemma="|present|" pos="VBZ" wid="20">presents</w>
  <w id="21" lemma="|himself|" pos="PRP" wid="21">himself</w>
  <w id="22" lemma="|to|" pos="TO" wid="22">to</w>
  <w id="23" lemma="|the|" pos="DT" wid="23">the</w>
  <w id="24" lemma="|community|" pos="NN" wid="24">community</w>
  <w id="25" lemma="|,|" pos="," wid="25">,</w>
  <w id="26" lemma="|gather|" pos="VBN" wid="26">gathered</w>
  <w id="27" lemma="|in|" pos="IN" wid="27">in</w>
  <w id="28" lemma="|the|" pos="DT" wid="28">the</w>
  <w id="29" lemma="|synagogue|" pos="NN" wid="29">synagogue</w>
  <w id="30" lemma="|on|" pos="IN" wid="30">on</w>
  <w id="31" lemma="|the|" pos="DT" wid="31">the</w>
  <w id="32" lemma="|Sabbath|" pos="NNP" wid="32">Sabbath</w>
  <w id="33" lemma="|.|" pos="." wid="33">.</w>
</sentence>
<sentence id="3">
  <w id="0" lemma="|he|" pos="PRP" wid="0">He</w>
  <w id="1" lemma="|read|" pos="VBZ" wid="1">reads</w>
  <w id="2" lemma="|the|" pos="DT" wid="2">the</w>
  <w id="3" lemma="|passage|" pos="NN" wid="3">passage</w>
  <w id="4" lemma="|of|" pos="IN" wid="4">of</w>
  <w id="5" lemma="|the|" pos="DT" wid="5">the</w>
  <w id="6" lemma="|prophet|" pos="NN" wid="6">Prophet</w>
  <w id="7" lemma="|Isaiah|" pos="NNP" wid="7">Isaiah</w>
  <w id="8" lemma="|,|" pos="," wid="8">,</w>
  <w id="9" lemma="|who|" pos="WP" wid="9">who</w>
  <w id="10" lemma="|speak|" pos="VBZ" wid="10">speaks</w>
  <w id="11" lemma="|of|" pos="IN" wid="11">of</w>
  <w id="12" lemma="|the|" pos="DT" wid="12">the</w>
  <w id="13" lemma="|future|" pos="JJ" wid="13">future</w>
  <w id="14" lemma="|Messiah|" pos="NNP" wid="14">Messiah</w>
  <w id="15" lemma="|,|" pos="," wid="15">,</w>
  <w id="16" lemma="|and|" pos="CC" wid="16">and</w>
  <w id="17" lemma="|he|" pos="PRP" wid="17">he</w>
  <w id="18" lemma="|declare|" pos="VBZ" wid="18">declares</w>
  <w id="19" lemma="|at|" pos="IN" wid="19">at</w>
  <w id="20" lemma="|the|" pos="DT" wid="20">the</w>
  <w id="21" lemma="|end|" pos="NN" wid="21">end</w>
  <w id="22" lemma="|:|" pos=":" wid="22">:</w>
  <w id="23" lemma="|``|" pos="``" wid="23">``</w>
  <w id="24" lemma="|today|" pos="NN" wid="24">Today</w>
  <w id="25" lemma="|this|" pos="DT" wid="25">this</w>
  <w id="26" lemma="|scripture|" pos="NN" wid="26">scripture</w>
  <w id="27" lemma="|have|" pos="VBZ" wid="27">has</w>
  <w id="28" lemma="|be|" pos="VBN" wid="28">been</w>
  <w id="29" lemma="|fulfil|" pos="VBN" wid="29">fulfilled</w>
  <w id="30" lemma="|in|" pos="IN" wid="30">in</w>
  <w id="31" lemma="|you|" pos="PRP$" wid="31">your</w>
  <w id="32" lemma="|hearing|" pos="NN" wid="32">hearing</w>
  <w id="33" lemma="|''|" pos="''" wid="33">''</w>
  <w id="34" lemma="|-lrb-|" pos="-LRB-" wid="34">-LRB-</w>
  <w id="35" lemma="|lk|" pos="NN" wid="35">Lk</w>
  <w id="36" lemma="|4:21|" pos="CD" wid="36">4:21</w>
  <w id="37" lemma="|-rrb-|" pos="-RRB-" wid="37">-RRB-</w>
  <w id="38" lemma="|.|" pos="." wid="38">.</w>
</sentence>
<sentence id="4">
  <w id="0" lemma="|Jesus|" pos="NNP" wid="0">Jesus</w>
  <w id="1" lemma="|'|" pos="POS" wid="1">'</w>
  <w id="2" lemma="|compatriot|" pos="NNS" wid="2">compatriots</w>
  <w id="3" lemma="|,|" pos="," wid="3">,</w>
  <w id="4" lemma="|who|" pos="WP" wid="4">who</w>
  <w id="5" lemma="|be|" pos="VBD" wid="5">were</w>
  <w id="6" lemma="|at|" pos="IN" wid="6">at</w>
  <w id="7" lemma="|first|" pos="RB" wid="7">first</w>
  <w id="8" lemma="|astonish|" pos="VBN" wid="8">astonished</w>
  <w id="9" lemma="|and|" pos="CC" wid="9">and</w>
  <w id="10" lemma="|admire|" pos="VBD" wid="10">admired</w>
  <w id="11" lemma="|he|" pos="PRP" wid="11">him</w>
  <w id="12" lemma="|,|" pos="," wid="12">,</w>
  <w id="13" lemma="|now|" pos="RB" wid="13">now</w>
  <w id="14" lemma="|begin|" pos="VBP" wid="14">begin</w>
  <w id="15" lemma="|to|" pos="TO" wid="15">to</w>
  <w id="16" lemma="|look|" pos="VB" wid="16">look</w>
  <w id="17" lemma="|sideways|" pos="RB" wid="17">sideways</w>
  <w id="18" lemma="|,|" pos="," wid="18">,</w>
  <w id="19" lemma="|to|" pos="TO" wid="19">to</w>
  <w id="20" lemma="|murmur|" pos="VB" wid="20">murmur</w>
  <w id="21" lemma="|among|" pos="IN" wid="21">among</w>
  <w id="22" lemma="|themselves|" pos="PRP" wid="22">themselves</w>
  <w id="23" lemma="|and|" pos="CC" wid="23">and</w>
  <w id="24" lemma="|ask|" pos="VB" wid="24">ask</w>
  <w id="25" lemma="|:|" pos=":" wid="25">:</w>
  <w id="26" lemma="|why|" pos="WRB" wid="26">why</w>
  <w id="27" lemma="|do|" pos="VBZ" wid="27">does</w>
  <w id="28" lemma="|he|" pos="PRP" wid="28">he</w>
  <w id="29" lemma="|,|" pos="," wid="29">,</w>
  <w id="30" lemma="|who|" pos="WP" wid="30">who</w>
  <w id="31" lemma="|claim|" pos="VBZ" wid="31">claims</w>
  <w id="32" lemma="|to|" pos="TO" wid="32">to</w>
  <w id="33" lemma="|be|" pos="VB" wid="33">be</w>
  <w id="34" lemma="|the|" pos="DT" wid="34">the</w>
  <w id="35" lemma="|Lord|" pos="NNP" wid="35">Lord</w>
  <w id="36" lemma="|'s|" pos="POS" wid="36">'s</w>
  <w id="37" lemma="|Consecrated|" pos="NNP" wid="37">Consecrated</w>
  <w id="38" lemma="|,|" pos="," wid="38">,</w>
  <w id="39" lemma="|not|" pos="RB" wid="39">not</w>
  <w id="40" lemma="|repeat|" pos="NN" wid="40">repeat</w>
  <w id="41" lemma="|here|" pos="RB" wid="41">here</w>
  <w id="42" lemma="|in|" pos="IN" wid="42">in</w>
  <w id="43" lemma="|he|" pos="PRP$" wid="43">his</w>
  <w id="44" lemma="|homeland|" pos="NN" wid="44">homeland</w>
  <w id="45" lemma="|the|" pos="DT" wid="45">the</w>
  <w id="46" lemma="|wonder|" pos="NNS" wid="46">wonders</w>
  <w id="47" lemma="|they|" pos="PRP" wid="47">they</w>
  <w id="48" lemma="|say|" pos="VBP" wid="48">say</w>
  <w id="49" lemma="|he|" pos="PRP" wid="49">he</w>
  <w id="50" lemma="|work|" pos="VBD" wid="50">worked</w>
  <w id="51" lemma="|in|" pos="IN" wid="51">in</w>
  <w id="52" lemma="|Capernaum|" pos="NNP" wid="52">Capernaum</w>
  <w id="53" lemma="|and|" pos="CC" wid="53">and</w>
  <w id="54" lemma="|in|" pos="IN" wid="54">in</w>
  <w id="55" lemma="|nearby|" pos="JJ" wid="55">nearby</w>
  <w id="56" lemma="|village|" pos="NNS" wid="56">villages</w>
  <w id="57" lemma="|?|" pos="." wid="57">?</w>
</sentence>
<sentence id="5">
  <w id="0" lemma="|thus|" pos="RB" wid="0">Thus</w>
  <w id="1" lemma="|Jesus|" pos="NNP" wid="1">Jesus</w>
  <w id="2" lemma="|affirm|" pos="VBZ" wid="2">affirms</w>
  <w id="3" lemma="|:|" pos=":" wid="3">:</w>
  <w id="4" lemma="|``|" pos="``" wid="4">``</w>
  <w id="5" lemma="|no|" pos="DT" wid="5">no</w>
  <w id="6" lemma="|prophet|" pos="NN" wid="6">prophet</w>
  <w id="7" lemma="|be|" pos="VBZ" wid="7">is</w>
  <w id="8" lemma="|acceptable|" pos="JJ" wid="8">acceptable</w>
  <w id="9" lemma="|in|" pos="IN" wid="9">in</w>
  <w id="10" lemma="|he|" pos="PRP$" wid="10">his</w>
  <w id="11" lemma="|own|" pos="JJ" wid="11">own</w>
  <w id="12" lemma="|country|" pos="NN" wid="12">country</w>
  <w id="13" lemma="|''|" pos="''" wid="13">''</w>
  <w id="14" lemma="|,|" pos="," wid="14">,</w>
  <w id="15" lemma="|and|" pos="CC" wid="15">and</w>
  <w id="16" lemma="|he|" pos="PRP" wid="16">he</w>
  <w id="17" lemma="|refer|" pos="VBZ" wid="17">refers</w>
  <w id="18" lemma="|to|" pos="TO" wid="18">to</w>
  <w id="19" lemma="|the|" pos="DT" wid="19">the</w>
  <w id="20" lemma="|great|" pos="JJ" wid="20">great</w>
  <w id="21" lemma="|prophet|" pos="NNS" wid="21">prophets</w>
  <w id="22" lemma="|of|" pos="IN" wid="22">of</w>
  <w id="23" lemma="|the|" pos="DT" wid="23">the</w>
  <w id="24" lemma="|past|" pos="NN" wid="24">past</w>
  <w id="25" lemma="|,|" pos="," wid="25">,</w>
  <w id="26" lemma="|Elijah|" pos="NNP" wid="26">Elijah</w>
  <w id="27" lemma="|and|" pos="CC" wid="27">and</w>
  <w id="28" lemma="|Elisha|" pos="NNP" wid="28">Elisha</w>
  <w id="29" lemma="|,|" pos="," wid="29">,</w>
  <w id="30" lemma="|who|" pos="WP" wid="30">who</w>
  <w id="31" lemma="|have|" pos="VBD" wid="31">had</w>
  <w id="32" lemma="|work|" pos="VBN" wid="32">worked</w>
  <w id="33" lemma="|miracle|" pos="NNS" wid="33">miracles</w>
  <w id="34" lemma="|in|" pos="IN" wid="34">in</w>
  <w id="35" lemma="|favour|" pos="NN" wid="35">favour</w>
  <w id="36" lemma="|of|" pos="IN" wid="36">of</w>
  <w id="37" lemma="|the|" pos="DT" wid="37">the</w>
  <w id="38" lemma="|pagan|" pos="NNS" wid="38">pagans</w>
  <w id="39" lemma="|in|" pos="IN" wid="39">in</w>
  <w id="40" lemma="|order|" pos="NN" wid="40">order</w>
  <w id="41" lemma="|to|" pos="TO" wid="41">to</w>
  <w id="42" lemma="|denounce|" pos="VB" wid="42">denounce</w>
  <w id="43" lemma="|the|" pos="DT" wid="43">the</w>
  <w id="44" lemma="|incredulity|" pos="NN" wid="44">incredulity</w>
  <w id="45" lemma="|of|" pos="IN" wid="45">of</w>
  <w id="46" lemma="|they|" pos="PRP$" wid="46">their</w>
  <w id="47" lemma="|people|" pos="NNS" wid="47">people</w>
  <w id="48" lemma="|.|" pos="." wid="48">.</w>
</sentence>
<sentence id="6">
  <w id="0" lemma="|at|" pos="IN" wid="0">At</w>
  <w id="1" lemma="|this|" pos="DT" wid="1">this</w>
  <w id="2" lemma="|point|" pos="NN" wid="2">point</w>
  <w id="3" lemma="|those|" pos="DT" wid="3">those</w>
  <w id="4" lemma="|present|" pos="JJ" wid="4">present</w>
  <w id="5" lemma="|be|" pos="VBP" wid="5">are</w>
  <w id="6" lemma="|offend|" pos="VBN" wid="6">offended</w>
  <w id="7" lemma="|,|" pos="," wid="7">,</w>
  <w id="8" lemma="|rise|" pos="VB" wid="8">rise</w>
  <w id="9" lemma="|up|" pos="RP" wid="9">up</w>
  <w id="10" lemma="|,|" pos="," wid="10">,</w>
  <w id="11" lemma="|indignant|" pos="JJ" wid="11">indignant</w>
  <w id="12" lemma="|,|" pos="," wid="12">,</w>
  <w id="13" lemma="|and|" pos="CC" wid="13">and</w>
  <w id="14" lemma="|cast|" pos="VBD" wid="14">cast</w>
  <w id="15" lemma="|Jesus|" pos="NNP" wid="15">Jesus</w>
  <w id="16" lemma="|out|" pos="RP" wid="16">out</w>
  <w id="17" lemma="|and|" pos="CC" wid="17">and</w>
  <w id="18" lemma="|want|" pos="VBP" wid="18">want</w>
  <w id="19" lemma="|to|" pos="TO" wid="19">to</w>
  <w id="20" lemma="|throw|" pos="VB" wid="20">throw</w>
  <w id="21" lemma="|he|" pos="PRP" wid="21">him</w>
  <w id="22" lemma="|down|" pos="RB" wid="22">down</w>
  <w id="23" lemma="|from|" pos="IN" wid="23">from</w>
  <w id="24" lemma="|the|" pos="DT" wid="24">the</w>
  <w id="25" lemma="|precipice|" pos="NN" wid="25">precipice</w>
  <w id="26" lemma="|.|" pos="." wid="26">.</w>
</sentence>
<sentence id="7">
  <w id="0" lemma="|but|" pos="CC" wid="0">But</w>
  <w id="1" lemma="|he|" pos="PRP" wid="1">he</w>
  <w id="2" lemma="|,|" pos="," wid="2">,</w>
  <w id="3" lemma="|with|" pos="IN" wid="3">with</w>
  <w id="4" lemma="|the|" pos="DT" wid="4">the</w>
  <w id="5" lemma="|strength|" pos="NN" wid="5">strength</w>
  <w id="6" lemma="|of|" pos="IN" wid="6">of</w>
  <w id="7" lemma="|he|" pos="PRP$" wid="7">his</w>
  <w id="8" lemma="|peace|" pos="NN" wid="8">peace</w>
  <w id="9" lemma="|,|" pos="," wid="9">,</w>
  <w id="10" lemma="|``|" pos="``" wid="10">``</w>
  <w id="11" lemma="|pass|" pos="VBN" wid="11">passed</w>
  <w id="12" lemma="|through|" pos="IN" wid="12">through</w>
  <w id="13" lemma="|the|" pos="DT" wid="13">the</w>
  <w id="14" lemma="|midst|" pos="NN" wid="14">midst</w>
  <w id="15" lemma="|of|" pos="IN" wid="15">of</w>
  <w id="16" lemma="|they|" pos="PRP" wid="16">them</w>
  <w id="17" lemma="|and|" pos="CC" wid="17">and</w>
  <w id="18" lemma="|go|" pos="VBD" wid="18">went</w>
  <w id="19" lemma="|away|" pos="RB" wid="19">away</w>
  <w id="20" lemma="|''|" pos="''" wid="20">''</w>
  <w id="21" lemma="|-lrb-|" pos="-LRB-" wid="21">-LRB-</w>
  <w id="22" lemma="|cf|" pos="NN" wid="22">cf</w>
  <w id="23" lemma="|.|" pos="." wid="23">.</w>
</sentence>
<sentence id="8">
  <w id="0" lemma="|v.|" pos="CC" wid="0">v.</w>
  <w id="1" lemma="|30|" pos="CD" wid="1">30</w>
  <w id="2" lemma="|-rrb-|" pos="-RRB-" wid="2">-RRB-</w>
  <w id="3" lemma="|.|" pos="." wid="3">.</w>
</sentence>
<sentence id="9">
  <w id="0" lemma="|he|" pos="PRP$" wid="0">His</w>
  <w id="1" lemma="|time|" pos="NN" wid="1">time</w>
  <w id="2" lemma="|have|" pos="VBZ" wid="2">has</w>
  <w id="3" lemma="|not|" pos="RB" wid="3">not</w>
  <w id="4" lemma="|yet|" pos="RB" wid="4">yet</w>
  <w id="5" lemma="|come|" pos="VBN" wid="5">come</w>
  <w id="6" lemma="|.|" pos="." wid="6">.</w>
</sentence>
<sentence id="10">
  <w id="0" lemma="|this|" pos="DT" wid="0">This</w>
  <w id="1" lemma="|passage|" pos="NN" wid="1">passage</w>
  <w id="2" lemma="|of|" pos="IN" wid="2">of</w>
  <w id="3" lemma="|Luke|" pos="NNP" wid="3">Luke</w>
  <w id="4" lemma="|the|" pos="DT" wid="4">the</w>
  <w id="5" lemma="|evangelist|" pos="NN" wid="5">Evangelist</w>
  <w id="6" lemma="|be|" pos="VBZ" wid="6">is</w>
  <w id="7" lemma="|not|" pos="RB" wid="7">not</w>
  <w id="8" lemma="|simply|" pos="RB" wid="8">simply</w>
  <w id="9" lemma="|the|" pos="DT" wid="9">the</w>
  <w id="10" lemma="|account|" pos="NN" wid="10">account</w>
  <w id="11" lemma="|of|" pos="IN" wid="11">of</w>
  <w id="12" lemma="|a|" pos="DT" wid="12">an</w>
  <w id="13" lemma="|argument|" pos="NN" wid="13">argument</w>
  <w id="14" lemma="|between|" pos="IN" wid="14">between</w>
  <w id="15" lemma="|compatriot|" pos="NNS" wid="15">compatriots</w>
  <w id="16" lemma="|,|" pos="," wid="16">,</w>
  <w id="17" lemma="|as|" pos="RB" wid="17">as</w>
  <w id="18" lemma="|sometimes|" pos="RB" wid="18">sometimes</w>
  <w id="19" lemma="|happen|" pos="VBZ" wid="19">happens</w>
  <w id="20" lemma="|even|" pos="RB" wid="20">even</w>
  <w id="21" lemma="|in|" pos="IN" wid="21">in</w>
  <w id="22" lemma="|we|" pos="PRP$" wid="22">our</w>
  <w id="23" lemma="|neighbourhood|" pos="NNS" wid="23">neighbourhoods</w>
  <w id="24" lemma="|,|" pos="," wid="24">,</w>
  <w id="25" lemma="|arise|" pos="VBG" wid="25">arising</w>
  <w id="26" lemma="|from|" pos="IN" wid="26">from</w>
  <w id="27" lemma="|envy|" pos="NN" wid="27">envy</w>
  <w id="28" lemma="|and|" pos="CC" wid="28">and</w>
  <w id="29" lemma="|jealousy|" pos="NN" wid="29">jealousy</w>
  <w id="30" lemma="|,|" pos="," wid="30">,</w>
  <w id="31" lemma="|but|" pos="CC" wid="31">but</w>
  <w id="32" lemma="|it|" pos="PRP" wid="32">it</w>
  <w id="33" lemma="|highlight|" pos="VBZ" wid="33">highlights</w>
  <w id="34" lemma="|a|" pos="DT" wid="34">a</w>
  <w id="35" lemma="|temptation|" pos="NN" wid="35">temptation</w>
  <w id="36" lemma="|to|" pos="TO" wid="36">to</w>
  <w id="37" lemma="|which|" pos="WDT" wid="37">which</w>
  <w id="38" lemma="|a|" pos="DT" wid="38">a</w>
  <w id="39" lemma="|religious|" pos="JJ" wid="39">religious</w>
  <w id="40" lemma="|man|" pos="NN" wid="40">man</w>
  <w id="41" lemma="|be|" pos="VBZ" wid="41">is</w>
  <w id="42" lemma="|always|" pos="RB" wid="42">always</w>
  <w id="43" lemma="|expose|" pos="VBN" wid="43">exposed</w>
  <w id="44" lemma="|--|" pos=":" wid="44">--</w>
  <w id="45" lemma="|all|" pos="DT" wid="45">all</w>
  <w id="46" lemma="|of|" pos="IN" wid="46">of</w>
  <w id="47" lemma="|we|" pos="PRP" wid="47">us</w>
  <w id="48" lemma="|be|" pos="VBP" wid="48">are</w>
  <w id="49" lemma="|expose|" pos="VBN" wid="49">exposed</w>
  <w id="50" lemma="|--|" pos=":" wid="50">--</w>
  <w id="51" lemma="|and|" pos="CC" wid="51">and</w>
  <w id="52" lemma="|from|" pos="IN" wid="52">from</w>
  <w id="53" lemma="|which|" pos="WDT" wid="53">which</w>
  <w id="54" lemma="|it|" pos="PRP" wid="54">it</w>
  <w id="55" lemma="|be|" pos="VBZ" wid="55">is</w>
  <w id="56" lemma="|important|" pos="JJ" wid="56">important</w>
  <w id="57" lemma="|to|" pos="TO" wid="57">to</w>
  <w id="58" lemma="|keep|" pos="VB" wid="58">keep</w>
  <w id="59" lemma="|he|" pos="PRP$" wid="59">his</w>
  <w id="60" lemma="|distance|" pos="NN" wid="60">distance</w>
  <w id="61" lemma="|.|" pos="." wid="61">.</w>
</sentence>
<sentence id="11">
  <w id="0" lemma="|what|" pos="WP" wid="0">What</w>
  <w id="1" lemma="|be|" pos="VBZ" wid="1">is</w>
  <w id="2" lemma="|this|" pos="DT" wid="2">this</w>
  <w id="3" lemma="|temptation|" pos="NN" wid="3">temptation</w>
  <w id="4" lemma="|?|" pos="." wid="4">?</w>
</sentence>
<sentence id="12">
  <w id="0" lemma="|it|" pos="PRP" wid="0">It</w>
  <w id="1" lemma="|be|" pos="VBZ" wid="1">is</w>
  <w id="2" lemma="|the|" pos="DT" wid="2">the</w>
  <w id="3" lemma="|temptation|" pos="NN" wid="3">temptation</w>
  <w id="4" lemma="|to|" pos="TO" wid="4">to</w>
  <w id="5" lemma="|consider|" pos="VB" wid="5">consider</w>
  <w id="6" lemma="|religion|" pos="NN" wid="6">religion</w>
  <w id="7" lemma="|as|" pos="IN" wid="7">as</w>
  <w id="8" lemma="|a|" pos="DT" wid="8">a</w>
  <w id="9" lemma="|human|" pos="JJ" wid="9">human</w>
  <w id="10" lemma="|investment|" pos="NN" wid="10">investment</w>
  <w id="11" lemma="|and|" pos="CC" wid="11">and</w>
  <w id="12" lemma="|,|" pos="," wid="12">,</w>
  <w id="13" lemma="|consequently|" pos="RB" wid="13">consequently</w>
  <w id="14" lemma="|,|" pos="," wid="14">,</w>
  <w id="15" lemma="|``|" pos="``" wid="15">``</w>
  <w id="16" lemma="|negotiate|" pos="VB" wid="16">negotiate</w>
  <w id="17" lemma="|''|" pos="''" wid="17">''</w>
  <w id="18" lemma="|with|" pos="IN" wid="18">with</w>
  <w id="19" lemma="|God|" pos="NNP" wid="19">God</w>
  <w id="20" lemma="|,|" pos="," wid="20">,</w>
  <w id="21" lemma="|seek|" pos="VBG" wid="21">seeking</w>
  <w id="22" lemma="|one|" pos="NN" wid="22">one</w>
  <w id="23" lemma="|'s|" pos="POS" wid="23">'s</w>
  <w id="24" lemma="|own|" pos="JJ" wid="24">own</w>
  <w id="25" lemma="|interest|" pos="NN" wid="25">interest</w>
  <w id="26" lemma="|.|" pos="." wid="26">.</w>
</sentence>
<sentence id="13">
  <w id="0" lemma="|instead|" pos="RB" wid="0">Instead</w>
  <w id="1" lemma="|,|" pos="," wid="1">,</w>
  <w id="2" lemma="|true|" pos="JJ" wid="2">true</w>
  <w id="3" lemma="|religion|" pos="NN" wid="3">religion</w>
  <w id="4" lemma="|entail|" pos="VBZ" wid="4">entails</w>
  <w id="5" lemma="|accept|" pos="VBG" wid="5">accepting</w>
  <w id="6" lemma="|the|" pos="DT" wid="6">the</w>
  <w id="7" lemma="|revelation|" pos="NN" wid="7">revelation</w>
  <w id="8" lemma="|of|" pos="IN" wid="8">of</w>
  <w id="9" lemma="|a|" pos="DT" wid="9">a</w>
  <w id="10" lemma="|God|" pos="NNP" wid="10">God</w>
  <w id="11" lemma="|who|" pos="WP" wid="11">who</w>
  <w id="12" lemma="|be|" pos="VBZ" wid="12">is</w>
  <w id="13" lemma="|Father|" pos="NNP" wid="13">Father</w>
  <w id="14" lemma="|and|" pos="CC" wid="14">and</w>
  <w id="15" lemma="|who|" pos="WP" wid="15">who</w>
  <w id="16" lemma="|care|" pos="VBZ" wid="16">cares</w>
  <w id="17" lemma="|for|" pos="IN" wid="17">for</w>
  <w id="18" lemma="|each|" pos="DT" wid="18">each</w>
  <w id="19" lemma="|of|" pos="IN" wid="19">of</w>
  <w id="20" lemma="|he|" pos="PRP$" wid="20">his</w>
  <w id="21" lemma="|creature|" pos="NNS" wid="21">creatures</w>
  <w id="22" lemma="|,|" pos="," wid="22">,</w>
  <w id="23" lemma="|even|" pos="RB" wid="23">even</w>
  <w id="24" lemma="|the|" pos="DT" wid="24">the</w>
  <w id="25" lemma="|smallest|" pos="JJS" wid="25">smallest</w>
  <w id="26" lemma="|and|" pos="CC" wid="26">and</w>
  <w id="27" lemma="|most|" pos="RBS" wid="27">most</w>
  <w id="28" lemma="|insignificant|" pos="JJ" wid="28">insignificant</w>
  <w id="29" lemma="|in|" pos="IN" wid="29">in</w>
  <w id="30" lemma="|the|" pos="DT" wid="30">the</w>
  <w id="31" lemma="|eye|" pos="NNS" wid="31">eyes</w>
  <w id="32" lemma="|of|" pos="IN" wid="32">of</w>
  <w id="33" lemma="|man|" pos="NN" wid="33">man</w>
  <w id="34" lemma="|.|" pos="." wid="34">.</w>
</sentence>
<sentence id="14">
  <w id="0" lemma="|Jesus|" pos="NNP" wid="0">Jesus</w>
  <w id="1" lemma="|'|" pos="POS" wid="1">'</w>
  <w id="2" lemma="|prophetic|" pos="JJ" wid="2">prophetic</w>
  <w id="3" lemma="|ministry|" pos="NN" wid="3">ministry</w>
  <w id="4" lemma="|consist|" pos="VBZ" wid="4">consists</w>
  <w id="5" lemma="|precisely|" pos="RB" wid="5">precisely</w>
  <w id="6" lemma="|in|" pos="IN" wid="6">in</w>
  <w id="7" lemma="|this|" pos="DT" wid="7">this</w>
  <w id="8" lemma="|:|" pos=":" wid="8">:</w>
  <w id="9" lemma="|in|" pos="IN" wid="9">in</w>
  <w id="10" lemma="|declare|" pos="VBG" wid="10">declaring</w>
  <w id="11" lemma="|that|" pos="IN" wid="11">that</w>
  <w id="12" lemma="|no|" pos="DT" wid="12">no</w>
  <w id="13" lemma="|human|" pos="JJ" wid="13">human</w>
  <w id="14" lemma="|condition|" pos="NN" wid="14">condition</w>
  <w id="15" lemma="|can|" pos="MD" wid="15">can</w>
  <w id="16" lemma="|constitute|" pos="VB" wid="16">constitute</w>
  <w id="17" lemma="|a|" pos="DT" wid="17">a</w>
  <w id="18" lemma="|reason|" pos="NN" wid="18">reason</w>
  <w id="19" lemma="|for|" pos="IN" wid="19">for</w>
  <w id="20" lemma="|exclusion|" pos="NN" wid="20">exclusion</w>
  <w id="21" lemma="|--|" pos=":" wid="21">--</w>
  <w id="22" lemma="|no|" pos="DT" wid="22">no</w>
  <w id="23" lemma="|human|" pos="JJ" wid="23">human</w>
  <w id="24" lemma="|condition|" pos="NN" wid="24">condition</w>
  <w id="25" lemma="|can|" pos="MD" wid="25">can</w>
  <w id="26" lemma="|constitute|" pos="VB" wid="26">constitute</w>
  <w id="27" lemma="|a|" pos="DT" wid="27">a</w>
  <w id="28" lemma="|reason|" pos="NN" wid="28">reason</w>
  <w id="29" lemma="|for|" pos="IN" wid="29">for</w>
  <w id="30" lemma="|exclusion|" pos="NN" wid="30">exclusion</w>
  <w id="31" lemma="|!|" pos="." wid="31">!</w>
</sentence>
<sentence id="15">
  <w id="0" lemma="|--|" pos=":" wid="0">--</w>
  <w id="1" lemma="|from|" pos="IN" wid="1">from</w>
  <w id="2" lemma="|the|" pos="DT" wid="2">the</w>
  <w id="3" lemma="|Father|" pos="NNP" wid="3">Father</w>
  <w id="4" lemma="|'s|" pos="POS" wid="4">'s</w>
  <w id="5" lemma="|heart|" pos="NN" wid="5">heart</w>
  <w id="6" lemma="|,|" pos="," wid="6">,</w>
  <w id="7" lemma="|and|" pos="CC" wid="7">and</w>
  <w id="8" lemma="|that|" pos="IN" wid="8">that</w>
  <w id="9" lemma="|the|" pos="DT" wid="9">the</w>
  <w id="10" lemma="|only|" pos="JJ" wid="10">only</w>
  <w id="11" lemma="|privilege|" pos="NN" wid="11">privilege</w>
  <w id="12" lemma="|in|" pos="IN" wid="12">in</w>
  <w id="13" lemma="|the|" pos="DT" wid="13">the</w>
  <w id="14" lemma="|eye|" pos="NNS" wid="14">eyes</w>
  <w id="15" lemma="|of|" pos="IN" wid="15">of</w>
  <w id="16" lemma="|God|" pos="NNP" wid="16">God</w>
  <w id="17" lemma="|be|" pos="VBZ" wid="17">is</w>
  <w id="18" lemma="|that|" pos="DT" wid="18">that</w>
  <w id="19" lemma="|of|" pos="IN" wid="19">of</w>
  <w id="20" lemma="|not|" pos="RB" wid="20">not</w>
  <w id="21" lemma="|have|" pos="VBG" wid="21">having</w>
  <w id="22" lemma="|privilege|" pos="NNS" wid="22">privileges</w>
  <w id="23" lemma="|,|" pos="," wid="23">,</w>
  <w id="24" lemma="|of|" pos="IN" wid="24">of</w>
  <w id="25" lemma="|not|" pos="RB" wid="25">not</w>
  <w id="26" lemma="|have|" pos="VBG" wid="26">having</w>
  <w id="27" lemma="|godparent|" pos="NNS" wid="27">godparents</w>
  <w id="28" lemma="|,|" pos="," wid="28">,</w>
  <w id="29" lemma="|of|" pos="IN" wid="29">of</w>
  <w id="30" lemma="|be|" pos="VBG" wid="30">being</w>
  <w id="31" lemma="|abandon|" pos="VBN" wid="31">abandoned</w>
  <w id="32" lemma="|in|" pos="IN" wid="32">in</w>
  <w id="33" lemma="|he|" pos="PRP$" wid="33">his</w>
  <w id="34" lemma="|hand|" pos="NNS" wid="34">hands</w>
  <w id="35" lemma="|.|" pos="." wid="35">.</w>
</sentence>
<sentence id="16">
  <w id="0" lemma="|``|" pos="``" wid="0">``</w>
  <w id="1" lemma="|today|" pos="NN" wid="1">Today</w>
  <w id="2" lemma="|this|" pos="DT" wid="2">this</w>
  <w id="3" lemma="|scripture|" pos="NN" wid="3">scripture</w>
  <w id="4" lemma="|have|" pos="VBZ" wid="4">has</w>
  <w id="5" lemma="|be|" pos="VBN" wid="5">been</w>
  <w id="6" lemma="|fulfil|" pos="VBN" wid="6">fulfilled</w>
  <w id="7" lemma="|in|" pos="IN" wid="7">in</w>
  <w id="8" lemma="|you|" pos="PRP$" wid="8">your</w>
  <w id="9" lemma="|hearing|" pos="NN" wid="9">hearing</w>
  <w id="10" lemma="|''|" pos="''" wid="10">''</w>
  <w id="11" lemma="|-lrb-|" pos="-LRB-" wid="11">-LRB-</w>
  <w id="12" lemma="|lk|" pos="NN" wid="12">Lk</w>
  <w id="13" lemma="|4:21|" pos="CD" wid="13">4:21</w>
  <w id="14" lemma="|-rrb-|" pos="-RRB-" wid="14">-RRB-</w>
  <w id="15" lemma="|.|" pos="." wid="15">.</w>
</sentence>
<sentence id="17">
  <w id="0" lemma="|the|" pos="DT" wid="0">The</w>
  <w id="1" lemma="|`|" pos="``" wid="1">`</w>
  <w id="2" lemma="|today|" pos="NN" wid="2">today</w>
  <w id="3" lemma="|'|" pos="''" wid="3">'</w>
  <w id="4" lemma="|,|" pos="," wid="4">,</w>
  <w id="5" lemma="|proclaim|" pos="VBN" wid="5">proclaimed</w>
  <w id="6" lemma="|by|" pos="IN" wid="6">by</w>
  <w id="7" lemma="|Christ|" pos="NNP" wid="7">Christ</w>
  <w id="8" lemma="|that|" pos="DT" wid="8">that</w>
  <w id="9" lemma="|day|" pos="NN" wid="9">day</w>
  <w id="10" lemma="|,|" pos="," wid="10">,</w>
  <w id="11" lemma="|apply|" pos="VBZ" wid="11">applies</w>
  <w id="12" lemma="|to|" pos="TO" wid="12">to</w>
  <w id="13" lemma="|every|" pos="DT" wid="13">every</w>
  <w id="14" lemma="|age|" pos="NN" wid="14">age</w>
  <w id="15" lemma="|;|" pos=":" wid="15">;</w>
  <w id="16" lemma="|it|" pos="PRP" wid="16">it</w>
  <w id="17" lemma="|echo|" pos="NNS" wid="17">echoes</w>
  <w id="18" lemma="|for|" pos="IN" wid="18">for</w>
  <w id="19" lemma="|we|" pos="PRP" wid="19">us</w>
  <w id="20" lemma="|too|" pos="RB" wid="20">too</w>
  <w id="21" lemma="|in|" pos="IN" wid="21">in</w>
  <w id="22" lemma="|this|" pos="DT" wid="22">this</w>
  <w id="23" lemma="|Square|" pos="NNP" wid="23">Square</w>
  <w id="24" lemma="|,|" pos="," wid="24">,</w>
  <w id="25" lemma="|remind|" pos="VBG" wid="25">reminding</w>
  <w id="26" lemma="|we|" pos="PRP" wid="26">us</w>
  <w id="27" lemma="|of|" pos="IN" wid="27">of</w>
  <w id="28" lemma="|the|" pos="DT" wid="28">the</w>
  <w id="29" lemma="|relevance|" pos="NN" wid="29">relevance</w>
  <w id="30" lemma="|and|" pos="CC" wid="30">and</w>
  <w id="31" lemma="|necessity|" pos="NN" wid="31">necessity</w>
  <w id="32" lemma="|of|" pos="IN" wid="32">of</w>
  <w id="33" lemma="|the|" pos="DT" wid="33">the</w>
  <w id="34" lemma="|salvation|" pos="NN" wid="34">salvation</w>
  <w id="35" lemma="|Jesus|" pos="NNP" wid="35">Jesus</w>
  <w id="36" lemma="|bring|" pos="VBD" wid="36">brought</w>
  <w id="37" lemma="|to|" pos="TO" wid="37">to</w>
  <w id="38" lemma="|humanity|" pos="NN" wid="38">humanity</w>
  <w id="39" lemma="|.|" pos="." wid="39">.</w>
</sentence>
<sentence id="18">
  <w id="0" lemma="|God|" pos="NNP" wid="0">God</w>
  <w id="1" lemma="|come|" pos="VBZ" wid="1">comes</w>
  <w id="2" lemma="|to|" pos="TO" wid="2">to</w>
  <w id="3" lemma="|meet|" pos="VB" wid="3">meet</w>
  <w id="4" lemma="|the|" pos="DT" wid="4">the</w>
  <w id="5" lemma="|man|" pos="NNS" wid="5">men</w>
  <w id="6" lemma="|and|" pos="CC" wid="6">and</w>
  <w id="7" lemma="|woman|" pos="NNS" wid="7">women</w>
  <w id="8" lemma="|of|" pos="IN" wid="8">of</w>
  <w id="9" lemma="|all|" pos="DT" wid="9">all</w>
  <w id="10" lemma="|time|" pos="NNS" wid="10">times</w>
  <w id="11" lemma="|and|" pos="CC" wid="11">and</w>
  <w id="12" lemma="|place|" pos="NNS" wid="12">places</w>
  <w id="13" lemma="|,|" pos="," wid="13">,</w>
  <w id="14" lemma="|in|" pos="IN" wid="14">in</w>
  <w id="15" lemma="|they|" pos="PRP$" wid="15">their</w>
  <w id="16" lemma="|real|" pos="JJ" wid="16">real</w>
  <w id="17" lemma="|life|" pos="NN" wid="17">life</w>
  <w id="18" lemma="|situation|" pos="NNS" wid="18">situations</w>
  <w id="19" lemma="|.|" pos="." wid="19">.</w>
</sentence>
<sentence id="19">
  <w id="0" lemma="|he|" pos="PRP" wid="0">He</w>
  <w id="1" lemma="|also|" pos="RB" wid="1">also</w>
  <w id="2" lemma="|come|" pos="VBZ" wid="2">comes</w>
  <w id="3" lemma="|to|" pos="TO" wid="3">to</w>
  <w id="4" lemma="|meet|" pos="VB" wid="4">meet</w>
  <w id="5" lemma="|we|" pos="PRP" wid="5">us</w>
  <w id="6" lemma="|.|" pos="." wid="6">.</w>
</sentence>
<sentence id="20">
  <w id="0" lemma="|it|" pos="PRP" wid="0">It</w>
  <w id="1" lemma="|be|" pos="VBZ" wid="1">is</w>
  <w id="2" lemma="|always|" pos="RB" wid="2">always</w>
  <w id="3" lemma="|he|" pos="PRP" wid="3">he</w>
  <w id="4" lemma="|who|" pos="WP" wid="4">who</w>
  <w id="5" lemma="|take|" pos="VBZ" wid="5">takes</w>
  <w id="6" lemma="|the|" pos="DT" wid="6">the</w>
  <w id="7" lemma="|first|" pos="JJ" wid="7">first</w>
  <w id="8" lemma="|step|" pos="NN" wid="8">step</w>
  <w id="9" lemma="|:|" pos=":" wid="9">:</w>
  <w id="10" lemma="|he|" pos="PRP" wid="10">he</w>
  <w id="11" lemma="|come|" pos="VBZ" wid="11">comes</w>
  <w id="12" lemma="|to|" pos="TO" wid="12">to</w>
  <w id="13" lemma="|visit|" pos="VB" wid="13">visit</w>
  <w id="14" lemma="|we|" pos="PRP" wid="14">us</w>
  <w id="15" lemma="|with|" pos="IN" wid="15">with</w>
  <w id="16" lemma="|he|" pos="PRP$" wid="16">his</w>
  <w id="17" lemma="|mercy|" pos="NN" wid="17">mercy</w>
  <w id="18" lemma="|,|" pos="," wid="18">,</w>
  <w id="19" lemma="|to|" pos="TO" wid="19">to</w>
  <w id="20" lemma="|lift|" pos="VB" wid="20">lift</w>
  <w id="21" lemma="|we|" pos="PRP" wid="21">us</w>
  <w id="22" lemma="|up|" pos="RP" wid="22">up</w>
  <w id="23" lemma="|from|" pos="IN" wid="23">from</w>
  <w id="24" lemma="|the|" pos="DT" wid="24">the</w>
  <w id="25" lemma="|dust|" pos="NN" wid="25">dust</w>
  <w id="26" lemma="|of|" pos="IN" wid="26">of</w>
  <w id="27" lemma="|we|" pos="PRP$" wid="27">our</w>
  <w id="28" lemma="|sin|" pos="NNS" wid="28">sins</w>
  <w id="29" lemma="|;|" pos=":" wid="29">;</w>
  <w id="30" lemma="|he|" pos="PRP" wid="30">he</w>
  <w id="31" lemma="|come|" pos="VBZ" wid="31">comes</w>
  <w id="32" lemma="|to|" pos="TO" wid="32">to</w>
  <w id="33" lemma="|extend|" pos="VB" wid="33">extend</w>
  <w id="34" lemma="|a|" pos="DT" wid="34">a</w>
  <w id="35" lemma="|hand|" pos="NN" wid="35">hand</w>
  <w id="36" lemma="|to|" pos="TO" wid="36">to</w>
  <w id="37" lemma="|we|" pos="PRP" wid="37">us</w>
  <w id="38" lemma="|in|" pos="IN" wid="38">in</w>
  <w id="39" lemma="|order|" pos="NN" wid="39">order</w>
  <w id="40" lemma="|to|" pos="TO" wid="40">to</w>
  <w id="41" lemma="|enable|" pos="VB" wid="41">enable</w>
  <w id="42" lemma="|we|" pos="PRP" wid="42">us</w>
  <w id="43" lemma="|to|" pos="TO" wid="43">to</w>
  <w id="44" lemma="|return|" pos="VB" wid="44">return</w>
  <w id="45" lemma="|from|" pos="IN" wid="45">from</w>
  <w id="46" lemma="|the|" pos="DT" wid="46">the</w>
  <w id="47" lemma="|abyss|" pos="NN" wid="47">abyss</w>
  <w id="48" lemma="|into|" pos="IN" wid="48">into</w>
  <w id="49" lemma="|which|" pos="WDT" wid="49">which</w>
  <w id="50" lemma="|we|" pos="PRP$" wid="50">our</w>
  <w id="51" lemma="|pride|" pos="NN" wid="51">pride</w>
  <w id="52" lemma="|make|" pos="VBD" wid="52">made</w>
  <w id="53" lemma="|we|" pos="PRP" wid="53">us</w>
  <w id="54" lemma="|fall|" pos="NN" wid="54">fall</w>
  <w id="55" lemma="|,|" pos="," wid="55">,</w>
  <w id="56" lemma="|and|" pos="CC" wid="56">and</w>
  <w id="57" lemma="|he|" pos="PRP" wid="57">he</w>
  <w id="58" lemma="|invite|" pos="VBZ" wid="58">invites</w>
  <w id="59" lemma="|we|" pos="PRP" wid="59">us</w>
  <w id="60" lemma="|to|" pos="TO" wid="60">to</w>
  <w id="61" lemma="|receive|" pos="VB" wid="61">receive</w>
  <w id="62" lemma="|the|" pos="DT" wid="62">the</w>
  <w id="63" lemma="|comforting|" pos="JJ" wid="63">comforting</w>
  <w id="64" lemma="|truth|" pos="NN" wid="64">truth</w>
  <w id="65" lemma="|of|" pos="IN" wid="65">of</w>
  <w id="66" lemma="|the|" pos="DT" wid="66">the</w>
  <w id="67" lemma="|Gospel|" pos="NNP" wid="67">Gospel</w>
  <w id="68" lemma="|and|" pos="CC" wid="68">and</w>
  <w id="69" lemma="|to|" pos="TO" wid="69">to</w>
  <w id="70" lemma="|walk|" pos="VB" wid="70">walk</w>
  <w id="71" lemma="|on|" pos="IN" wid="71">on</w>
  <w id="72" lemma="|the|" pos="DT" wid="72">the</w>
  <w id="73" lemma="|path|" pos="NNS" wid="73">paths</w>
  <w id="74" lemma="|of|" pos="IN" wid="74">of</w>
  <w id="75" lemma="|good|" pos="NN" wid="75">good</w>
  <w id="76" lemma="|.|" pos="." wid="76">.</w>
</sentence>
<sentence id="21">
  <w id="0" lemma="|he|" pos="PRP" wid="0">He</w>
  <w id="1" lemma="|always|" pos="RB" wid="1">always</w>
  <w id="2" lemma="|come|" pos="VBZ" wid="2">comes</w>
  <w id="3" lemma="|to|" pos="TO" wid="3">to</w>
  <w id="4" lemma="|find|" pos="VB" wid="4">find</w>
  <w id="5" lemma="|we|" pos="PRP" wid="5">us</w>
  <w id="6" lemma="|,|" pos="," wid="6">,</w>
  <w id="7" lemma="|to|" pos="TO" wid="7">to</w>
  <w id="8" lemma="|look|" pos="VB" wid="8">look</w>
  <w id="9" lemma="|for|" pos="IN" wid="9">for</w>
  <w id="10" lemma="|we|" pos="PRP" wid="10">us</w>
  <w id="11" lemma="|.|" pos="." wid="11">.</w>
</sentence>
<sentence id="22">
  <w id="0" lemma="|let|" pos="VB" wid="0">Let</w>
  <w id="1" lemma="|we|" pos="PRP" wid="1">us</w>
  <w id="2" lemma="|return|" pos="VB" wid="2">return</w>
  <w id="3" lemma="|to|" pos="TO" wid="3">to</w>
  <w id="4" lemma="|the|" pos="DT" wid="4">the</w>
  <w id="5" lemma="|synagogue|" pos="NN" wid="5">synagogue</w>
  <w id="6" lemma="|.|" pos="." wid="6">.</w>
</sentence>
<sentence id="23">
  <w id="0" lemma="|surely|" pos="RB" wid="0">Surely</w>
  <w id="1" lemma="|that|" pos="DT" wid="1">that</w>
  <w id="2" lemma="|day|" pos="NN" wid="2">day</w>
  <w id="3" lemma="|,|" pos="," wid="3">,</w>
  <w id="4" lemma="|in|" pos="IN" wid="4">in</w>
  <w id="5" lemma="|the|" pos="DT" wid="5">the</w>
  <w id="6" lemma="|synagogue|" pos="NN" wid="6">synagogue</w>
  <w id="7" lemma="|of|" pos="IN" wid="7">of</w>
  <w id="8" lemma="|Nazareth|" pos="NNP" wid="8">Nazareth</w>
  <w id="9" lemma="|,|" pos="," wid="9">,</w>
  <w id="10" lemma="|Mary|" pos="NNP" wid="10">Mary</w>
  <w id="11" lemma="|,|" pos="," wid="11">,</w>
  <w id="12" lemma="|he|" pos="PRP$" wid="12">his</w>
  <w id="13" lemma="|Mother|" pos="NNP" wid="13">Mother</w>
  <w id="14" lemma="|,|" pos="," wid="14">,</w>
  <w id="15" lemma="|be|" pos="VBD" wid="15">was</w>
  <w id="16" lemma="|also|" pos="RB" wid="16">also</w>
  <w id="17" lemma="|there|" pos="RB" wid="17">there</w>
  <w id="18" lemma="|.|" pos="." wid="18">.</w>
</sentence>
<sentence id="24">
  <w id="0" lemma="|we|" pos="PRP" wid="0">We</w>
  <w id="1" lemma="|can|" pos="MD" wid="1">can</w>
  <w id="2" lemma="|imagine|" pos="VB" wid="2">imagine</w>
  <w id="3" lemma="|she|" pos="PRP$" wid="3">her</w>
  <w id="4" lemma="|heart|" pos="NN" wid="4">heart</w>
  <w id="5" lemma="|beating|" pos="NN" wid="5">beating</w>
  <w id="6" lemma="|,|" pos="," wid="6">,</w>
  <w id="7" lemma="|a|" pos="DT" wid="7">a</w>
  <w id="8" lemma="|small|" pos="JJ" wid="8">small</w>
  <w id="9" lemma="|foreboding|" pos="NN" wid="9">foreboding</w>
  <w id="10" lemma="|of|" pos="IN" wid="10">of</w>
  <w id="11" lemma="|what|" pos="WP" wid="11">what</w>
  <w id="12" lemma="|she|" pos="PRP" wid="12">she</w>
  <w id="13" lemma="|will|" pos="MD" wid="13">will</w>
  <w id="14" lemma="|suffer|" pos="VB" wid="14">suffer</w>
  <w id="15" lemma="|under|" pos="IN" wid="15">under</w>
  <w id="16" lemma="|the|" pos="DT" wid="16">the</w>
  <w id="17" lemma="|Cross|" pos="NNP" wid="17">Cross</w>
  <w id="18" lemma="|,|" pos="," wid="18">,</w>
  <w id="19" lemma="|see|" pos="VBG" wid="19">seeing</w>
  <w id="20" lemma="|Jesus|" pos="NNP" wid="20">Jesus</w>
  <w id="21" lemma="|,|" pos="," wid="21">,</w>
  <w id="22" lemma="|there|" pos="EX" wid="22">there</w>
  <w id="23" lemma="|in|" pos="IN" wid="23">in</w>
  <w id="24" lemma="|the|" pos="DT" wid="24">the</w>
  <w id="25" lemma="|synagogue|" pos="NN" wid="25">synagogue</w>
  <w id="26" lemma="|,|" pos="," wid="26">,</w>
  <w id="27" lemma="|first|" pos="RB" wid="27">first</w>
  <w id="28" lemma="|admire|" pos="VBD" wid="28">admired</w>
  <w id="29" lemma="|,|" pos="," wid="29">,</w>
  <w id="30" lemma="|then|" pos="RB" wid="30">then</w>
  <w id="31" lemma="|challenge|" pos="VBN" wid="31">challenged</w>
  <w id="32" lemma="|,|" pos="," wid="32">,</w>
  <w id="33" lemma="|then|" pos="RB" wid="33">then</w>
  <w id="34" lemma="|insult|" pos="VBN" wid="34">insulted</w>
  <w id="35" lemma="|,|" pos="," wid="35">,</w>
  <w id="36" lemma="|threaten|" pos="VBN" wid="36">threatened</w>
  <w id="37" lemma="|with|" pos="IN" wid="37">with</w>
  <w id="38" lemma="|death|" pos="NN" wid="38">death</w>
  <w id="39" lemma="|.|" pos="." wid="39">.</w>
</sentence>
<sentence id="25">
  <w id="0" lemma="|in|" pos="IN" wid="0">In</w>
  <w id="1" lemma="|she|" pos="PRP$" wid="1">her</w>
  <w id="2" lemma="|heart|" pos="NN" wid="2">heart</w>
  <w id="3" lemma="|,|" pos="," wid="3">,</w>
  <w id="4" lemma="|fill|" pos="VBN" wid="4">filled</w>
  <w id="5" lemma="|with|" pos="IN" wid="5">with</w>
  <w id="6" lemma="|faith|" pos="NN" wid="6">faith</w>
  <w id="7" lemma="|,|" pos="," wid="7">,</w>
  <w id="8" lemma="|she|" pos="PRP" wid="8">she</w>
  <w id="9" lemma="|keep|" pos="VBD" wid="9">kept</w>
  <w id="10" lemma="|every|" pos="DT" wid="10">every</w>
  <w id="11" lemma="|thing|" pos="NN" wid="11">thing</w>
  <w id="12" lemma="|.|" pos="." wid="12">.</w>
</sentence>
<sentence id="26">
  <w id="0" lemma="|may|" pos="MD" wid="0">May</w>
  <w id="1" lemma="|she|" pos="PRP" wid="1">she</w>
  <w id="2" lemma="|help|" pos="VB" wid="2">help</w>
  <w id="3" lemma="|we|" pos="PRP" wid="3">us</w>
  <w id="4" lemma="|to|" pos="TO" wid="4">to</w>
  <w id="5" lemma="|convert|" pos="VB" wid="5">convert</w>
  <w id="6" lemma="|from|" pos="IN" wid="6">from</w>
  <w id="7" lemma="|a|" pos="DT" wid="7">a</w>
  <w id="8" lemma="|god|" pos="NN" wid="8">god</w>
  <w id="9" lemma="|of|" pos="IN" wid="9">of</w>
  <w id="10" lemma="|miracle|" pos="NNS" wid="10">miracles</w>
  <w id="11" lemma="|to|" pos="TO" wid="11">to</w>
  <w id="12" lemma="|the|" pos="DT" wid="12">the</w>
  <w id="13" lemma="|miracle|" pos="NN" wid="13">miracle</w>
  <w id="14" lemma="|of|" pos="IN" wid="14">of</w>
  <w id="15" lemma="|God|" pos="NNP" wid="15">God</w>
  <w id="16" lemma="|,|" pos="," wid="16">,</w>
  <w id="17" lemma="|who|" pos="WP" wid="17">who</w>
  <w id="18" lemma="|be|" pos="VBZ" wid="18">is</w>
  <w id="19" lemma="|Jesus|" pos="NNP" wid="19">Jesus</w>
  <w id="20" lemma="|Christ|" pos="NNP" wid="20">Christ</w>
  <w id="21" lemma="|.|" pos="." wid="21">.</w>
</sentence>
<sentence id="27">
  <w id="0" lemma="|after|" pos="IN" wid="0">After</w>
  <w id="1" lemma="|the|" pos="DT" wid="1">the</w>
  <w id="2" lemma="|Angelus|" pos="NNP" wid="2">Angelus</w>
  <w id="3" lemma="|:|" pos=":" wid="3">:</w>
  <w id="4" lemma="|Dear|" pos="NNP" wid="4">Dear</w>
  <w id="5" lemma="|brother|" pos="NNS" wid="5">brothers</w>
  <w id="6" lemma="|and|" pos="CC" wid="6">and</w>
  <w id="7" lemma="|sister|" pos="NNS" wid="7">sisters</w>
  <w id="8" lemma="|,|" pos="," wid="8">,</w>
  <w id="9" lemma="|today|" pos="NN" wid="9">today</w>
  <w id="10" lemma="|we|" pos="PRP" wid="10">we</w>
  <w id="11" lemma="|celebrate|" pos="VBP" wid="11">celebrate</w>
  <w id="12" lemma="|World|" pos="NNP" wid="12">World</w>
  <w id="13" lemma="|Leprosy|" pos="NNP" wid="13">Leprosy</w>
  <w id="14" lemma="|Day|" pos="NNP" wid="14">Day</w>
  <w id="15" lemma="|.|" pos="." wid="15">.</w>
</sentence>
<sentence id="28">
  <w id="0" lemma="|this|" pos="DT" wid="0">This</w>
  <w id="1" lemma="|disease|" pos="NN" wid="1">disease</w>
  <w id="2" lemma="|,|" pos="," wid="2">,</w>
  <w id="3" lemma="|although|" pos="IN" wid="3">although</w>
  <w id="4" lemma="|in|" pos="IN" wid="4">in</w>
  <w id="5" lemma="|regression|" pos="NN" wid="5">regression</w>
  <w id="6" lemma="|,|" pos="," wid="6">,</w>
  <w id="7" lemma="|unfortunately|" pos="RB" wid="7">unfortunately</w>
  <w id="8" lemma="|continue|" pos="VBZ" wid="8">continues</w>
  <w id="9" lemma="|to|" pos="TO" wid="9">to</w>
  <w id="10" lemma="|afflict|" pos="VB" wid="10">afflict</w>
  <w id="11" lemma="|especially|" pos="RB" wid="11">especially</w>
  <w id="12" lemma="|people|" pos="NNS" wid="12">people</w>
  <w id="13" lemma="|who|" pos="WP" wid="13">who</w>
  <w id="14" lemma="|be|" pos="VBP" wid="14">are</w>
  <w id="15" lemma="|the|" pos="DT" wid="15">the</w>
  <w id="16" lemma="|poorest|" pos="JJS" wid="16">poorest</w>
  <w id="17" lemma="|and|" pos="CC" wid="17">and</w>
  <w id="18" lemma="|most|" pos="JJS" wid="18">most</w>
  <w id="19" lemma="|marginalize|" pos="VBN" wid="19">marginalized</w>
  <w id="20" lemma="|.|" pos="." wid="20">.</w>
</sentence>
<sentence id="29">
  <w id="0" lemma="|it|" pos="PRP" wid="0">It</w>
  <w id="1" lemma="|be|" pos="VBZ" wid="1">is</w>
  <w id="2" lemma="|important|" pos="JJ" wid="2">important</w>
  <w id="3" lemma="|to|" pos="TO" wid="3">to</w>
  <w id="4" lemma="|keep|" pos="VB" wid="4">keep</w>
  <w id="5" lemma="|solidarity|" pos="NN" wid="5">solidarity</w>
  <w id="6" lemma="|alive|" pos="JJ" wid="6">alive</w>
  <w id="7" lemma="|with|" pos="IN" wid="7">with</w>
  <w id="8" lemma="|these|" pos="DT" wid="8">these</w>
  <w id="9" lemma="|brother|" pos="NNS" wid="9">brothers</w>
  <w id="10" lemma="|and|" pos="CC" wid="10">and</w>
  <w id="11" lemma="|sister|" pos="NNS" wid="11">sisters</w>
  <w id="12" lemma="|,|" pos="," wid="12">,</w>
  <w id="13" lemma="|disable|" pos="VBN" wid="13">disabled</w>
  <w id="14" lemma="|as|" pos="IN" wid="14">as</w>
  <w id="15" lemma="|a|" pos="DT" wid="15">a</w>
  <w id="16" lemma="|result|" pos="NN" wid="16">result</w>
  <w id="17" lemma="|of|" pos="IN" wid="17">of</w>
  <w id="18" lemma="|this|" pos="DT" wid="18">this</w>
  <w id="19" lemma="|disease|" pos="NN" wid="19">disease</w>
  <w id="20" lemma="|.|" pos="." wid="20">.</w>
</sentence>
<sentence id="30">
  <w id="0" lemma="|let|" pos="VB" wid="0">Let</w>
  <w id="1" lemma="|we|" pos="PRP" wid="1">us</w>
  <w id="2" lemma="|assure|" pos="VB" wid="2">assure</w>
  <w id="3" lemma="|they|" pos="PRP" wid="3">them</w>
  <w id="4" lemma="|of|" pos="IN" wid="4">of</w>
  <w id="5" lemma="|we|" pos="PRP$" wid="5">our</w>
  <w id="6" lemma="|prayer|" pos="NNS" wid="6">prayers</w>
  <w id="7" lemma="|and|" pos="CC" wid="7">and</w>
  <w id="8" lemma="|let|" pos="VB" wid="8">let</w>
  <w id="9" lemma="|we|" pos="PRP" wid="9">us</w>
  <w id="10" lemma="|assure|" pos="VB" wid="10">assure</w>
  <w id="11" lemma="|we|" pos="PRP$" wid="11">our</w>
  <w id="12" lemma="|support|" pos="NN" wid="12">support</w>
  <w id="13" lemma="|to|" pos="TO" wid="13">to</w>
  <w id="14" lemma="|those|" pos="DT" wid="14">those</w>
  <w id="15" lemma="|who|" pos="WP" wid="15">who</w>
  <w id="16" lemma="|assist|" pos="VBP" wid="16">assist</w>
  <w id="17" lemma="|they|" pos="PRP" wid="17">them</w>
  <w id="18" lemma="|.|" pos="." wid="18">.</w>
</sentence>
<sentence id="31">
  <w id="0" lemma="|good|" pos="JJ" wid="0">Good</w>
  <w id="1" lemma="|lay|" pos="JJ" wid="1">lay</w>
  <w id="2" lemma="|people|" pos="NNS" wid="2">people</w>
  <w id="3" lemma="|,|" pos="," wid="3">,</w>
  <w id="4" lemma="|good|" pos="JJ" wid="4">good</w>
  <w id="5" lemma="|sister|" pos="NNS" wid="5">sisters</w>
  <w id="6" lemma="|,|" pos="," wid="6">,</w>
  <w id="7" lemma="|good|" pos="JJ" wid="7">good</w>
  <w id="8" lemma="|priest|" pos="NNS" wid="8">priests</w>
  <w id="9" lemma="|.|" pos="." wid="9">.</w>
</sentence>
<sentence id="32">
  <w id="0" lemma="|I|" pos="PRP" wid="0">I</w>
  <w id="1" lemma="|affectionately|" pos="RB" wid="1">affectionately</w>
  <w id="2" lemma="|greet|" pos="VB" wid="2">greet</w>
  <w id="3" lemma="|all|" pos="DT" wid="3">all</w>
  <w id="4" lemma="|of|" pos="IN" wid="4">of</w>
  <w id="5" lemma="|you|" pos="PRP" wid="5">you</w>
  <w id="6" lemma="|,|" pos="," wid="6">,</w>
  <w id="7" lemma="|dear|" pos="RB" wid="7">dear</w>
  <w id="8" lemma="|pilgrim|" pos="VBZ" wid="8">pilgrims</w>
  <w id="9" lemma="|from|" pos="IN" wid="9">from</w>
  <w id="10" lemma="|various|" pos="JJ" wid="10">various</w>
  <w id="11" lemma="|parish|" pos="NNS" wid="11">parishes</w>
  <w id="12" lemma="|in|" pos="IN" wid="12">in</w>
  <w id="13" lemma="|Italy|" pos="NNP" wid="13">Italy</w>
  <w id="14" lemma="|and|" pos="CC" wid="14">and</w>
  <w id="15" lemma="|other|" pos="JJ" wid="15">other</w>
  <w id="16" lemma="|country|" pos="NNS" wid="16">countries</w>
  <w id="17" lemma="|,|" pos="," wid="17">,</w>
  <w id="18" lemma="|as|" pos="RB" wid="18">as</w>
  <w id="19" lemma="|well|" pos="RB" wid="19">well</w>
  <w id="20" lemma="|as|" pos="IN" wid="20">as</w>
  <w id="21" lemma="|association|" pos="NNS" wid="21">associations</w>
  <w id="22" lemma="|and|" pos="CC" wid="22">and</w>
  <w id="23" lemma="|group|" pos="NNS" wid="23">groups</w>
  <w id="24" lemma="|.|" pos="." wid="24">.</w>
</sentence>
<sentence id="33">
  <w id="0" lemma="|now|" pos="RB" wid="0">Now</w>
  <w id="1" lemma="|I|" pos="PRP" wid="1">I</w>
  <w id="2" lemma="|greet|" pos="VBP" wid="2">greet</w>
  <w id="3" lemma="|the|" pos="DT" wid="3">the</w>
  <w id="4" lemma="|young|" pos="JJ" wid="4">young</w>
  <w id="5" lemma="|people|" pos="NNS" wid="5">people</w>
  <w id="6" lemma="|of|" pos="IN" wid="6">of</w>
  <w id="7" lemma="|Catholic|" pos="NNP" wid="7">Catholic</w>
  <w id="8" lemma="|Action|" pos="NNP" wid="8">Action</w>
  <w id="9" lemma="|of|" pos="IN" wid="9">of</w>
  <w id="10" lemma="|the|" pos="DT" wid="10">the</w>
  <w id="11" lemma="|Diocese|" pos="NNP" wid="11">Diocese</w>
  <w id="12" lemma="|of|" pos="IN" wid="12">of</w>
  <w id="13" lemma="|Rome|" pos="NNP" wid="13">Rome</w>
  <w id="14" lemma="|!|" pos="." wid="14">!</w>
</sentence>
<sentence id="34">
  <w id="0" lemma="|now|" pos="RB" wid="0">Now</w>
  <w id="1" lemma="|I|" pos="PRP" wid="1">I</w>
  <w id="2" lemma="|understand|" pos="VBP" wid="2">understand</w>
  <w id="3" lemma="|why|" pos="WRB" wid="3">why</w>
  <w id="4" lemma="|there|" pos="EX" wid="4">there</w>
  <w id="5" lemma="|be|" pos="VBD" wid="5">was</w>
  <w id="6" lemma="|such|" pos="PDT" wid="6">such</w>
  <w id="7" lemma="|a|" pos="DT" wid="7">a</w>
  <w id="8" lemma="|clamour|" pos="NN" wid="8">clamour</w>
  <w id="9" lemma="|in|" pos="IN" wid="9">in</w>
  <w id="10" lemma="|the|" pos="DT" wid="10">the</w>
  <w id="11" lemma="|Square|" pos="NNP" wid="11">Square</w>
  <w id="12" lemma="|!|" pos="." wid="12">!</w>
</sentence>
<sentence id="35">
  <w id="0" lemma="|Dear|" pos="NNP" wid="0">Dear</w>
  <w id="1" lemma="|young|" pos="JJ" wid="1">young</w>
  <w id="2" lemma="|people|" pos="NNS" wid="2">people</w>
  <w id="3" lemma="|,|" pos="," wid="3">,</w>
  <w id="4" lemma="|again|" pos="RB" wid="4">again</w>
  <w id="5" lemma="|this|" pos="DT" wid="5">this</w>
  <w id="6" lemma="|year|" pos="NN" wid="6">year</w>
  <w id="7" lemma="|,|" pos="," wid="7">,</w>
  <w id="8" lemma="|accompany|" pos="VBN" wid="8">accompanied</w>
  <w id="9" lemma="|by|" pos="IN" wid="9">by</w>
  <w id="10" lemma="|the|" pos="DT" wid="10">the</w>
  <w id="11" lemma="|Cardinal|" pos="NNP" wid="11">Cardinal</w>
  <w id="12" lemma="|Vicar|" pos="NNP" wid="12">Vicar</w>
  <w id="13" lemma="|and|" pos="CC" wid="13">and</w>
  <w id="14" lemma="|by|" pos="IN" wid="14">by</w>
  <w id="15" lemma="|you|" pos="PRP$" wid="15">your</w>
  <w id="16" lemma="|leader|" pos="NNS" wid="16">leaders</w>
  <w id="17" lemma="|,|" pos="," wid="17">,</w>
  <w id="18" lemma="|you|" pos="PRP" wid="18">you</w>
  <w id="19" lemma="|have|" pos="VBP" wid="19">have</w>
  <w id="20" lemma="|come|" pos="VBN" wid="20">come</w>
  <w id="21" lemma="|in|" pos="IN" wid="21">in</w>
  <w id="22" lemma="|great|" pos="JJ" wid="22">great</w>
  <w id="23" lemma="|number|" pos="NNS" wid="23">numbers</w>
  <w id="24" lemma="|at|" pos="IN" wid="24">at</w>
  <w id="25" lemma="|the|" pos="DT" wid="25">the</w>
  <w id="26" lemma="|end|" pos="NN" wid="26">end</w>
  <w id="27" lemma="|of|" pos="IN" wid="27">of</w>
  <w id="28" lemma="|you|" pos="PRP$" wid="28">your</w>
  <w id="29" lemma="|``|" pos="``" wid="29">``</w>
  <w id="30" lemma="|Caravan|" pos="NNP" wid="30">Caravan</w>
  <w id="31" lemma="|of|" pos="IN" wid="31">of</w>
  <w id="32" lemma="|Peace|" pos="NNP" wid="32">Peace</w>
  <w id="33" lemma="|''|" pos="''" wid="33">''</w>
  <w id="34" lemma="|.|" pos="." wid="34">.</w>
</sentence>
<sentence id="36">
  <w id="0" lemma="|this|" pos="DT" wid="0">This</w>
  <w id="1" lemma="|year|" pos="NN" wid="1">year</w>
  <w id="2" lemma="|you|" pos="PRP$" wid="2">your</w>
  <w id="3" lemma="|witness|" pos="NN" wid="3">witness</w>
  <w id="4" lemma="|of|" pos="IN" wid="4">of</w>
  <w id="5" lemma="|peace|" pos="NN" wid="5">peace</w>
  <w id="6" lemma="|,|" pos="," wid="6">,</w>
  <w id="7" lemma="|enliven|" pos="VBN" wid="7">enlivened</w>
  <w id="8" lemma="|by|" pos="IN" wid="8">by</w>
  <w id="9" lemma="|faith|" pos="NN" wid="9">faith</w>
  <w id="10" lemma="|in|" pos="IN" wid="10">in</w>
  <w id="11" lemma="|Jesus|" pos="NNP" wid="11">Jesus</w>
  <w id="12" lemma="|,|" pos="," wid="12">,</w>
  <w id="13" lemma="|shall|" pos="MD" wid="13">shall</w>
  <w id="14" lemma="|be|" pos="VB" wid="14">be</w>
  <w id="15" lemma="|even|" pos="RB" wid="15">even</w>
  <w id="16" lemma="|more|" pos="RBR" wid="16">more</w>
  <w id="17" lemma="|joyful|" pos="JJ" wid="17">joyful</w>
  <w id="18" lemma="|and|" pos="CC" wid="18">and</w>
  <w id="19" lemma="|aware|" pos="JJ" wid="19">aware</w>
  <w id="20" lemma="|,|" pos="," wid="20">,</w>
  <w id="21" lemma="|because|" pos="IN" wid="21">because</w>
  <w id="22" lemma="|it|" pos="PRP" wid="22">it</w>
  <w id="23" lemma="|be|" pos="VBZ" wid="23">is</w>
  <w id="24" lemma="|enrich|" pos="VBN" wid="24">enriched</w>
  <w id="25" lemma="|by|" pos="IN" wid="25">by</w>
  <w id="26" lemma="|the|" pos="DT" wid="26">the</w>
  <w id="27" lemma="|gesture|" pos="NN" wid="27">gesture</w>
  <w id="28" lemma="|you|" pos="PRP" wid="28">you</w>
  <w id="29" lemma="|have|" pos="VBP" wid="29">have</w>
  <w id="30" lemma="|just|" pos="RB" wid="30">just</w>
  <w id="31" lemma="|make|" pos="VBN" wid="31">made</w>
  <w id="32" lemma="|by|" pos="IN" wid="32">by</w>
  <w id="33" lemma="|pass|" pos="VBG" wid="33">passing</w>
  <w id="34" lemma="|through|" pos="IN" wid="34">through</w>
  <w id="35" lemma="|the|" pos="DT" wid="35">the</w>
  <w id="36" lemma="|Holy|" pos="NNP" wid="36">Holy</w>
  <w id="37" lemma="|Door|" pos="NNP" wid="37">Door</w>
  <w id="38" lemma="|.|" pos="." wid="38">.</w>
</sentence>
<sentence id="37">
  <w id="0" lemma="|I|" pos="PRP" wid="0">I</w>
  <w id="1" lemma="|encourage|" pos="VBP" wid="1">encourage</w>
  <w id="2" lemma="|you|" pos="PRP" wid="2">you</w>
  <w id="3" lemma="|to|" pos="TO" wid="3">to</w>
  <w id="4" lemma="|be|" pos="VB" wid="4">be</w>
  <w id="5" lemma="|instrument|" pos="NNS" wid="5">instruments</w>
  <w id="6" lemma="|of|" pos="IN" wid="6">of</w>
  <w id="7" lemma="|peace|" pos="NN" wid="7">peace</w>
  <w id="8" lemma="|and|" pos="CC" wid="8">and</w>
  <w id="9" lemma="|mercy|" pos="NN" wid="9">mercy</w>
  <w id="10" lemma="|among|" pos="IN" wid="10">among</w>
  <w id="11" lemma="|you|" pos="PRP$" wid="11">your</w>
  <w id="12" lemma="|peer|" pos="NNS" wid="12">peers</w>
  <w id="13" lemma="|!|" pos="." wid="13">!</w>
</sentence>
<sentence id="38">
  <w id="0" lemma="|now|" pos="RB" wid="0">Now</w>
  <w id="1" lemma="|let|" pos="VB" wid="1">let</w>
  <w id="2" lemma="|we|" pos="PRP" wid="2">us</w>
  <w id="3" lemma="|listen|" pos="VB" wid="3">listen</w>
  <w id="4" lemma="|to|" pos="TO" wid="4">to</w>
  <w id="5" lemma="|the|" pos="DT" wid="5">the</w>
  <w id="6" lemma="|message|" pos="NN" wid="6">message</w>
  <w id="7" lemma="|that|" pos="IN" wid="7">that</w>
  <w id="8" lemma="|you|" pos="PRP$" wid="8">your</w>
  <w id="9" lemma="|friend|" pos="NNS" wid="9">friends</w>
  <w id="10" lemma="|,|" pos="," wid="10">,</w>
  <w id="11" lemma="|here|" pos="RB" wid="11">here</w>
  <w id="12" lemma="|beside|" pos="IN" wid="12">beside</w>
  <w id="13" lemma="|I|" pos="PRP" wid="13">me</w>
  <w id="14" lemma="|,|" pos="," wid="14">,</w>
  <w id="15" lemma="|will|" pos="MD" wid="15">will</w>
  <w id="16" lemma="|read|" pos="VB" wid="16">read</w>
  <w id="17" lemma="|to|" pos="TO" wid="17">to</w>
  <w id="18" lemma="|we|" pos="PRP" wid="18">us</w>
  <w id="19" lemma="|...|" pos=":" wid="19">...</w>
  <w id="20" lemma="|and|" pos="CC" wid="20">And</w>
  <w id="21" lemma="|now|" pos="RB" wid="21">now</w>
  <w id="22" lemma="|the|" pos="DT" wid="22">the</w>
  <w id="23" lemma="|young|" pos="JJ" wid="23">young</w>
  <w id="24" lemma="|people|" pos="NNS" wid="24">people</w>
  <w id="25" lemma="|in|" pos="IN" wid="25">in</w>
  <w id="26" lemma="|the|" pos="DT" wid="26">the</w>
  <w id="27" lemma="|Square|" pos="NNP" wid="27">Square</w>
  <w id="28" lemma="|will|" pos="MD" wid="28">will</w>
  <w id="29" lemma="|let|" pos="VB" wid="29">let</w>
  <w id="30" lemma="|loose|" pos="VB" wid="30">loose</w>
  <w id="31" lemma="|the|" pos="DT" wid="31">the</w>
  <w id="32" lemma="|balloon|" pos="NNS" wid="32">balloons</w>
  <w id="33" lemma="|,|" pos="," wid="33">,</w>
  <w id="34" lemma="|a|" pos="DT" wid="34">a</w>
  <w id="35" lemma="|sign|" pos="NN" wid="35">sign</w>
  <w id="36" lemma="|of|" pos="IN" wid="36">of</w>
  <w id="37" lemma="|peace|" pos="NN" wid="37">peace</w>
  <w id="38" lemma="|.|" pos="." wid="38">.</w>
</sentence>
<sentence id="39">
  <w id="0" lemma="|I|" pos="PRP" wid="0">I</w>
  <w id="1" lemma="|wish|" pos="VBP" wid="1">wish</w>
  <w id="2" lemma="|to|" pos="TO" wid="2">to</w>
  <w id="3" lemma="|all|" pos="PDT" wid="3">all</w>
  <w id="4" lemma="|a|" pos="DT" wid="4">a</w>
  <w id="5" lemma="|good|" pos="JJ" wid="5">good</w>
  <w id="6" lemma="|Sunday|" pos="NNP" wid="6">Sunday</w>
  <w id="7" lemma="|and|" pos="CC" wid="7">and</w>
  <w id="8" lemma="|a|" pos="DT" wid="8">a</w>
  <w id="9" lemma="|good|" pos="JJ" wid="9">good</w>
  <w id="10" lemma="|lunch|" pos="NN" wid="10">lunch</w>
  <w id="11" lemma="|.|" pos="." wid="11">.</w>
</sentence>
<sentence id="40">
  <w id="0" lemma="|please|" pos="VB" wid="0">Please</w>
  <w id="1" lemma="|do|" pos="VBP" wid="1">do</w>
  <w id="2" lemma="|not|" pos="RB" wid="2">not</w>
  <w id="3" lemma="|forget|" pos="VB" wid="3">forget</w>
  <w id="4" lemma="|to|" pos="TO" wid="4">to</w>
  <w id="5" lemma="|pray|" pos="VB" wid="5">pray</w>
  <w id="6" lemma="|for|" pos="IN" wid="6">for</w>
  <w id="7" lemma="|I|" pos="PRP" wid="7">me</w>
  <w id="8" lemma="|.|" pos="." wid="8">.</w>
</sentence>
<sentence id="41">
  <w id="0" lemma="|Arrivederci|" pos="NNP" wid="0">Arrivederci</w>
  <w id="1" lemma="|!|" pos="." wid="1">!</w>
</sentence>
</corpus>