<corpus id="0">
<sentence id="0">
  <w id="0" lemma="|-lrb-|" pos="-LRB-" wid="0">-LRB-</w>
  <w id="1" lemma="|by|" pos="IN" wid="1">by</w>
  <w id="2" lemma="|L'Osservatore|" pos="NNP" wid="2">L'Osservatore</w>
  <w id="3" lemma="|Romano|" pos="NNP" wid="3">Romano</w>
  <w id="4" lemma="|,|" pos="," wid="4">,</w>
  <w id="5" lemma="|Weekly|" pos="NNP" wid="5">Weekly</w>
  <w id="6" lemma="|ed|" pos="VBD" wid="6">ed</w>
  <w id="7" lemma="|.|" pos="." wid="7">.</w>
</sentence>
<sentence id="1">
  <w id="0" lemma="|in|" pos="IN" wid="0">in</w>
  <w id="1" lemma="|English|" pos="NNP" wid="1">English</w>
  <w id="2" lemma="|,|" pos="," wid="2">,</w>
  <w id="3" lemma="|n.|" pos="NNP" wid="3">n.</w>
  <w id="4" lemma="|16|" pos="CD" wid="4">16</w>
  <w id="5" lemma="|,|" pos="," wid="5">,</w>
  <w id="6" lemma="|17|" pos="CD" wid="6">17</w>
  <w id="7" lemma="|April|" pos="NNP" wid="7">April</w>
  <w id="8" lemma="|2013|" pos="CD" wid="8">2013</w>
  <w id="9" lemma="|-rrb-|" pos="-RRB-" wid="9">-RRB-</w>
  <w id="10" lemma="|the|" pos="DT" wid="10">The</w>
  <w id="11" lemma="|temptation|" pos="NN" wid="11">temptation</w>
  <w id="12" lemma="|to|" pos="TO" wid="12">to</w>
  <w id="13" lemma="|gossip|" pos="NN" wid="13">gossip</w>
  <w id="14" lemma="|about|" pos="IN" wid="14">about</w>
  <w id="15" lemma="|other|" pos="NNS" wid="15">others</w>
  <w id="16" lemma="|and|" pos="CC" wid="16">and</w>
  <w id="17" lemma="|batter|" pos="VB" wid="17">batter</w>
  <w id="18" lemma="|they|" pos="PRP" wid="18">them</w>
  <w id="19" lemma="|they|" pos="PRP" wid="19">them</w>
  <w id="20" lemma="|with|" pos="IN" wid="20">with</w>
  <w id="21" lemma="|word|" pos="NNS" wid="21">words</w>
  <w id="22" lemma="|be|" pos="VBZ" wid="22">is</w>
  <w id="23" lemma="|always|" pos="RB" wid="23">always</w>
  <w id="24" lemma="|just|" pos="RB" wid="24">just</w>
  <w id="25" lemma="|round|" pos="VB" wid="25">round</w>
  <w id="26" lemma="|the|" pos="DT" wid="26">the</w>
  <w id="27" lemma="|corner|" pos="NN" wid="27">corner</w>
  <w id="28" lemma="|.|" pos="." wid="28">.</w>
</sentence>
<sentence id="2">
  <w id="0" lemma="|these|" pos="DT" wid="0">These</w>
  <w id="1" lemma="|``|" pos="``" wid="1">``</w>
  <w id="2" lemma="|be|" pos="VBP" wid="2">are</w>
  <w id="3" lemma="|daily|" pos="JJ" wid="3">daily</w>
  <w id="4" lemma="|temptation|" pos="NNS" wid="4">temptations</w>
  <w id="5" lemma="|,|" pos="," wid="5">,</w>
  <w id="6" lemma="|enemy|" pos="NNS" wid="6">enemies</w>
  <w id="7" lemma="|of|" pos="IN" wid="7">of</w>
  <w id="8" lemma="|gentleness|" pos="NN" wid="8">gentleness</w>
  <w id="9" lemma="|''|" pos="''" wid="9">''</w>
  <w id="10" lemma="|which|" pos="WDT" wid="10">which</w>
  <w id="11" lemma="|``|" pos="``" wid="11">``</w>
  <w id="12" lemma="|confront|" pos="VB" wid="12">confront</w>
  <w id="13" lemma="|we|" pos="PRP" wid="13">us</w>
  <w id="14" lemma="|all|" pos="DT" wid="14">all</w>
  <w id="15" lemma="|and|" pos="CC" wid="15">and</w>
  <w id="16" lemma="|I|" pos="PRP" wid="16">me</w>
  <w id="17" lemma="|too|" pos="RB" wid="17">too</w>
  <w id="18" lemma="|''|" pos="''" wid="18">''</w>
  <w id="19" lemma="|.|" pos="." wid="19">.</w>
</sentence>
<sentence id="3">
  <w id="0" lemma="|Pope|" pos="NNP" wid="0">Pope</w>
  <w id="1" lemma="|Francis|" pos="NNP" wid="1">Francis</w>
  <w id="2" lemma="|put|" pos="VBD" wid="2">put</w>
  <w id="3" lemma="|the|" pos="DT" wid="3">the</w>
  <w id="4" lemma="|faithful|" pos="NN" wid="4">faithful</w>
  <w id="5" lemma="|on|" pos="IN" wid="5">on</w>
  <w id="6" lemma="|guard|" pos="NN" wid="6">guard</w>
  <w id="7" lemma="|against|" pos="IN" wid="7">against</w>
  <w id="8" lemma="|they|" pos="PRP" wid="8">them</w>
  <w id="9" lemma="|at|" pos="IN" wid="9">at</w>
  <w id="10" lemma="|Mass|" pos="NNP" wid="10">Mass</w>
  <w id="11" lemma="|on|" pos="IN" wid="11">on</w>
  <w id="12" lemma="|Tuesday|" pos="NNP" wid="12">Tuesday</w>
  <w id="13" lemma="|morning|" pos="NN" wid="13">morning</w>
  <w id="14" lemma="|,|" pos="," wid="14">,</w>
  <w id="15" lemma="|9|" pos="CD" wid="15">9</w>
  <w id="16" lemma="|April|" pos="NNP" wid="16">April</w>
  <w id="17" lemma="|,|" pos="," wid="17">,</w>
  <w id="18" lemma="|in|" pos="IN" wid="18">in</w>
  <w id="19" lemma="|the|" pos="DT" wid="19">the</w>
  <w id="20" lemma="|chapel|" pos="NN" wid="20">Chapel</w>
  <w id="21" lemma="|of|" pos="IN" wid="21">of</w>
  <w id="22" lemma="|the|" pos="DT" wid="22">the</w>
  <w id="23" lemma="|Domus|" pos="NNP" wid="23">Domus</w>
  <w id="24" lemma="|Sanctae|" pos="NNP" wid="24">Sanctae</w>
  <w id="25" lemma="|Marthae|" pos="NNP" wid="25">Marthae</w>
  <w id="26" lemma="|,|" pos="," wid="26">,</w>
  <w id="27" lemma="|and|" pos="CC" wid="27">and</w>
  <w id="28" lemma="|point|" pos="VBD" wid="28">pointed</w>
  <w id="29" lemma="|to|" pos="TO" wid="29">to</w>
  <w id="30" lemma="|the|" pos="DT" wid="30">the</w>
  <w id="31" lemma="|way|" pos="NN" wid="31">way</w>
  <w id="32" lemma="|of|" pos="IN" wid="32">of</w>
  <w id="33" lemma="|gentleness|" pos="NN" wid="33">gentleness</w>
  <w id="34" lemma="|.|" pos="." wid="34">.</w>
</sentence>
<sentence id="4">
  <w id="0" lemma="|concelebrate|" pos="VBG" wid="0">Concelebrating</w>
  <w id="1" lemma="|be|" pos="VBD" wid="1">were</w>
  <w id="2" lemma="|Mons|" pos="NNP" wid="2">Mons</w>
  <w id="3" lemma="|.|" pos="." wid="3">.</w>
</sentence>
<sentence id="5">
  <w id="0" lemma="|Luigi|" pos="NNP" wid="0">Luigi</w>
  <w id="1" lemma="|Mistò|" pos="NNP" wid="1">Mistò</w>
  <w id="2" lemma="|,|" pos="," wid="2">,</w>
  <w id="3" lemma="|Secretary|" pos="NNP" wid="3">Secretary</w>
  <w id="4" lemma="|of|" pos="IN" wid="4">of</w>
  <w id="5" lemma="|the|" pos="DT" wid="5">the</w>
  <w id="6" lemma="|Administration|" pos="NNP" wid="6">Administration</w>
  <w id="7" lemma="|of|" pos="IN" wid="7">of</w>
  <w id="8" lemma="|the|" pos="DT" wid="8">the</w>
  <w id="9" lemma="|patrimony|" pos="NN" wid="9">Patrimony</w>
  <w id="10" lemma="|of|" pos="IN" wid="10">of</w>
  <w id="11" lemma="|the|" pos="DT" wid="11">the</w>
  <w id="12" lemma="|Apostolic|" pos="NNP" wid="12">Apostolic</w>
  <w id="13" lemma="|See|" pos="NNP" wid="13">See</w>
  <w id="14" lemma="|and|" pos="CC" wid="14">and</w>
  <w id="15" lemma="|President|" pos="NNP" wid="15">President</w>
  <w id="16" lemma="|of|" pos="IN" wid="16">of</w>
  <w id="17" lemma="|the|" pos="DT" wid="17">the</w>
  <w id="18" lemma="|Council|" pos="NNP" wid="18">Council</w>
  <w id="19" lemma="|of|" pos="IN" wid="19">of</w>
  <w id="20" lemma="|the|" pos="DT" wid="20">the</w>
  <w id="21" lemma="|Fondo|" pos="NNP" wid="21">Fondo</w>
  <w id="22" lemma="|Assistenza|" pos="NNP" wid="22">Assistenza</w>
  <w id="23" lemma="|Sanitaria|" pos="NNP" wid="23">Sanitaria</w>
  <w id="24" lemma="|-lrb-|" pos="-LRB-" wid="24">-LRB-</w>
  <w id="25" lemma="|FAS|" pos="NNP" wid="25">FAS</w>
  <w id="26" lemma="|-rrb-|" pos="-RRB-" wid="26">-RRB-</w>
  <w id="27" lemma="|,|" pos="," wid="27">,</w>
  <w id="28" lemma="|which|" pos="WDT" wid="28">which</w>
  <w id="29" lemma="|provide|" pos="VBZ" wid="29">provides</w>
  <w id="30" lemma="|Health-Care|" pos="NNP" wid="30">Health-Care</w>
  <w id="31" lemma="|Assistance|" pos="NNP" wid="31">Assistance</w>
  <w id="32" lemma="|for|" pos="IN" wid="32">for</w>
  <w id="33" lemma="|Vatican|" pos="NNP" wid="33">Vatican</w>
  <w id="34" lemma="|employee|" pos="NNS" wid="34">employees</w>
  <w id="35" lemma="|,|" pos="," wid="35">,</w>
  <w id="36" lemma="|and|" pos="CC" wid="36">and</w>
  <w id="37" lemma="|Mons|" pos="NNP" wid="37">Mons</w>
  <w id="38" lemma="|.|" pos="." wid="38">.</w>
</sentence>
<sentence id="6">
  <w id="0" lemma="|Paolo|" pos="NNP" wid="0">Paolo</w>
  <w id="1" lemma="|Nicolini|" pos="NNP" wid="1">Nicolini</w>
  <w id="2" lemma="|,|" pos="," wid="2">,</w>
  <w id="3" lemma="|Delegate|" pos="NNP" wid="3">Delegate</w>
  <w id="4" lemma="|for|" pos="IN" wid="4">for</w>
  <w id="5" lemma="|the|" pos="DT" wid="5">the</w>
  <w id="6" lemma="|Administrative-Management|" pos="NNP" wid="6">Administrative-Management</w>
  <w id="7" lemma="|Sectors|" pos="NNP" wid="7">Sectors</w>
  <w id="8" lemma="|of|" pos="IN" wid="8">of</w>
  <w id="9" lemma="|the|" pos="DT" wid="9">the</w>
  <w id="10" lemma="|Vatican|" pos="NNP" wid="10">Vatican</w>
  <w id="11" lemma="|Museums|" pos="NNPS" wid="11">Museums</w>
  <w id="12" lemma="|,|" pos="," wid="12">,</w>
  <w id="13" lemma="|on|" pos="IN" wid="13">on</w>
  <w id="14" lemma="|the|" pos="DT" wid="14">the</w>
  <w id="15" lemma="|25th|" pos="JJ" wid="15">25th</w>
  <w id="16" lemma="|anniversary|" pos="NN" wid="16">anniversary</w>
  <w id="17" lemma="|of|" pos="IN" wid="17">of</w>
  <w id="18" lemma="|he|" pos="PRP$" wid="18">his</w>
  <w id="19" lemma="|priestly|" pos="JJ" wid="19">priestly</w>
  <w id="20" lemma="|ordination|" pos="NN" wid="20">ordination</w>
  <w id="21" lemma="|.|" pos="." wid="21">.</w>
</sentence>
<sentence id="7">
  <w id="0" lemma="|take|" pos="VBG" wid="0">Taking</w>
  <w id="1" lemma="|part|" pos="NN" wid="1">part</w>
  <w id="2" lemma="|be|" pos="VBD" wid="2">were</w>
  <w id="3" lemma="|Giovanni|" pos="NNP" wid="3">Giovanni</w>
  <w id="4" lemma="|Amici|" pos="NNP" wid="4">Amici</w>
  <w id="5" lemma="|,|" pos="," wid="5">,</w>
  <w id="6" lemma="|Director|" pos="NNP" wid="6">Director</w>
  <w id="7" lemma="|of|" pos="IN" wid="7">of</w>
  <w id="8" lemma="|General|" pos="NNP" wid="8">General</w>
  <w id="9" lemma="|Services|" pos="NNPS" wid="9">Services</w>
  <w id="10" lemma="|of|" pos="IN" wid="10">of</w>
  <w id="11" lemma="|the|" pos="DT" wid="11">the</w>
  <w id="12" lemma="|Governorate|" pos="NNP" wid="12">Governorate</w>
  <w id="13" lemma="|of|" pos="IN" wid="13">of</w>
  <w id="14" lemma="|Vatican|" pos="NNP" wid="14">Vatican</w>
  <w id="15" lemma="|City|" pos="NNP" wid="15">City</w>
  <w id="16" lemma="|State|" pos="NNP" wid="16">State</w>
  <w id="17" lemma="|,|" pos="," wid="17">,</w>
  <w id="18" lemma="|and|" pos="CC" wid="18">and</w>
  <w id="19" lemma="|Paolo|" pos="NNP" wid="19">Paolo</w>
  <w id="20" lemma="|Sagretti|" pos="NNP" wid="20">Sagretti</w>
  <w id="21" lemma="|,|" pos="," wid="21">,</w>
  <w id="22" lemma="|on|" pos="IN" wid="22">on</w>
  <w id="23" lemma="|the|" pos="DT" wid="23">the</w>
  <w id="24" lemma="|staff|" pos="NN" wid="24">staff</w>
  <w id="25" lemma="|of|" pos="IN" wid="25">of</w>
  <w id="26" lemma="|the|" pos="DT" wid="26">the</w>
  <w id="27" lemma="|Floreria|" pos="NNP" wid="27">Floreria</w>
  <w id="28" lemma="|,|" pos="," wid="28">,</w>
  <w id="29" lemma="|with|" pos="IN" wid="29">with</w>
  <w id="30" lemma="|representative|" pos="NNS" wid="30">representatives</w>
  <w id="31" lemma="|of|" pos="IN" wid="31">of</w>
  <w id="32" lemma="|the|" pos="DT" wid="32">the</w>
  <w id="33" lemma="|goods|" pos="NNS" wid="33">goods</w>
  <w id="34" lemma="|transport|" pos="NN" wid="34">transport</w>
  <w id="35" lemma="|and|" pos="CC" wid="35">and</w>
  <w id="36" lemma="|delivery|" pos="NN" wid="36">delivery</w>
  <w id="37" lemma="|service|" pos="NNS" wid="37">services</w>
  <w id="38" lemma="|and|" pos="CC" wid="38">and</w>
  <w id="39" lemma="|member|" pos="NNS" wid="39">members</w>
  <w id="40" lemma="|of|" pos="IN" wid="40">of</w>
  <w id="41" lemma="|the|" pos="DT" wid="41">the</w>
  <w id="42" lemma="|Administrative|" pos="NNP" wid="42">Administrative</w>
  <w id="43" lemma="|Council|" pos="NNP" wid="43">Council</w>
  <w id="44" lemma="|of|" pos="IN" wid="44">of</w>
  <w id="45" lemma="|FAS|" pos="NNP" wid="45">FAS</w>
  <w id="46" lemma="|.|" pos="." wid="46">.</w>
</sentence>
<sentence id="8">
  <w id="0" lemma="|``|" pos="``" wid="0">``</w>
  <w id="1" lemma="|we|" pos="PRP" wid="1">We</w>
  <w id="2" lemma="|ask|" pos="VBD" wid="2">asked</w>
  <w id="3" lemma="|the|" pos="DT" wid="3">the</w>
  <w id="4" lemma="|Lord|" pos="NNP" wid="4">Lord</w>
  <w id="5" lemma="|''|" pos="''" wid="5">''</w>
  <w id="6" lemma="|,|" pos="," wid="6">,</w>
  <w id="7" lemma="|the|" pos="DT" wid="7">the</w>
  <w id="8" lemma="|Pope|" pos="NNP" wid="8">Pope</w>
  <w id="9" lemma="|say|" pos="VBD" wid="9">said</w>
  <w id="10" lemma="|in|" pos="IN" wid="10">in</w>
  <w id="11" lemma="|he|" pos="PRP$" wid="11">his</w>
  <w id="12" lemma="|homily|" pos="NN" wid="12">homily</w>
  <w id="13" lemma="|,|" pos="," wid="13">,</w>
  <w id="14" lemma="|``|" pos="``" wid="14">``</w>
  <w id="15" lemma="|to|" pos="TO" wid="15">to</w>
  <w id="16" lemma="|show|" pos="VB" wid="16">show</w>
  <w id="17" lemma="|the|" pos="DT" wid="17">the</w>
  <w id="18" lemma="|world|" pos="NN" wid="18">world</w>
  <w id="19" lemma="|the|" pos="DT" wid="19">the</w>
  <w id="20" lemma="|fullness|" pos="NN" wid="20">fullness</w>
  <w id="21" lemma="|of|" pos="IN" wid="21">of</w>
  <w id="22" lemma="|new|" pos="JJ" wid="22">new</w>
  <w id="23" lemma="|life|" pos="NN" wid="23">life</w>
  <w id="24" lemma="|''|" pos="''" wid="24">''</w>
  <w id="25" lemma="|.|" pos="." wid="25">.</w>
</sentence>
<sentence id="9">
  <w id="0" lemma="|after|" pos="IN" wid="0">After</w>
  <w id="1" lemma="|Jesus|" pos="NNP" wid="1">Jesus</w>
  <w id="2" lemma="|'|" pos="POS" wid="2">'</w>
  <w id="3" lemma="|resurrection|" pos="NN" wid="3">Resurrection</w>
  <w id="4" lemma="|a|" pos="DT" wid="4">a</w>
  <w id="5" lemma="|new|" pos="JJ" wid="5">new</w>
  <w id="6" lemma="|life|" pos="NN" wid="6">life</w>
  <w id="7" lemma="|begin|" pos="VBZ" wid="7">begins</w>
  <w id="8" lemma="|:|" pos=":" wid="8">:</w>
  <w id="9" lemma="|as|" pos="IN" wid="9">as</w>
  <w id="10" lemma="|Jesus|" pos="NNP" wid="10">Jesus</w>
  <w id="11" lemma="|tell|" pos="VBD" wid="11">told</w>
  <w id="12" lemma="|Nicodemus|" pos="NNP" wid="12">Nicodemus</w>
  <w id="13" lemma="|,|" pos="," wid="13">,</w>
  <w id="14" lemma="|who|" pos="WP" wid="14">who</w>
  <w id="15" lemma="|,|" pos="," wid="15">,</w>
  <w id="16" lemma="|Pope|" pos="NNP" wid="16">Pope</w>
  <w id="17" lemma="|Francis|" pos="NNP" wid="17">Francis</w>
  <w id="18" lemma="|explain|" pos="VBD" wid="18">explained</w>
  <w id="19" lemma="|,|" pos="," wid="19">,</w>
  <w id="20" lemma="|``|" pos="``" wid="20">``</w>
  <w id="21" lemma="|a|" pos="DT" wid="21">a</w>
  <w id="22" lemma="|little|" pos="JJ" wid="22">little</w>
  <w id="23" lemma="|earlier|" pos="NN" wid="23">earlier</w>
  <w id="24" lemma="|have|" pos="VBD" wid="24">had</w>
  <w id="25" lemma="|answer|" pos="VBN" wid="25">answered</w>
  <w id="26" lemma="|Jesus|" pos="NNP" wid="26">Jesus</w>
  <w id="27" lemma="|:|" pos=":" wid="27">:</w>
  <w id="28" lemma="|`|" pos="``" wid="28">`</w>
  <w id="29" lemma="|but|" pos="CC" wid="29">but</w>
  <w id="30" lemma="|how|" pos="WRB" wid="30">how</w>
  <w id="31" lemma="|can|" pos="MD" wid="31">can</w>
  <w id="32" lemma="|a|" pos="DT" wid="32">a</w>
  <w id="33" lemma="|man|" pos="NN" wid="33">man</w>
  <w id="34" lemma="|be|" pos="VB" wid="34">be</w>
  <w id="35" lemma="|bear|" pos="VBN" wid="35">born</w>
  <w id="36" lemma="|again|" pos="RB" wid="36">again</w>
  <w id="37" lemma="|,|" pos="," wid="37">,</w>
  <w id="38" lemma="|return|" pos="VB" wid="38">return</w>
  <w id="39" lemma="|to|" pos="TO" wid="39">to</w>
  <w id="40" lemma="|he|" pos="PRP$" wid="40">his</w>
  <w id="41" lemma="|mother|" pos="NN" wid="41">mother</w>
  <w id="42" lemma="|'s|" pos="POS" wid="42">'s</w>
  <w id="43" lemma="|womb|" pos="NN" wid="43">womb</w>
  <w id="44" lemma="|and|" pos="CC" wid="44">and</w>
  <w id="45" lemma="|be|" pos="VB" wid="45">be</w>
  <w id="46" lemma="|bear|" pos="VBN" wid="46">born</w>
  <w id="47" lemma="|anew|" pos="RB" wid="47">anew</w>
  <w id="48" lemma="|?|" pos="." wid="48">?</w>
  <w id="49" lemma="|'|" pos="''" wid="49">'</w>
  <w id="50" lemma="|.|" pos="." wid="50">.</w>
</sentence>
<sentence id="10">
  <w id="0" lemma="|Jesus|" pos="NNP" wid="0">Jesus</w>
  <w id="1" lemma="|be|" pos="VBD" wid="1">was</w>
  <w id="2" lemma="|speak|" pos="VBG" wid="2">speaking</w>
  <w id="3" lemma="|of|" pos="IN" wid="3">of</w>
  <w id="4" lemma="|another|" pos="DT" wid="4">another</w>
  <w id="5" lemma="|dimension|" pos="NN" wid="5">dimension</w>
  <w id="6" lemma="|:|" pos=":" wid="6">:</w>
  <w id="7" lemma="|`|" pos="``" wid="7">`</w>
  <w id="8" lemma="|to|" pos="TO" wid="8">to</w>
  <w id="9" lemma="|be|" pos="VB" wid="9">be</w>
  <w id="10" lemma="|bear|" pos="VBN" wid="10">born</w>
  <w id="11" lemma="|from|" pos="IN" wid="11">from</w>
  <w id="12" lemma="|on|" pos="IN" wid="12">on</w>
  <w id="13" lemma="|high|" pos="JJ" wid="13">high</w>
  <w id="14" lemma="|'|" pos="''" wid="14">'</w>
  <w id="15" lemma="|,|" pos="," wid="15">,</w>
  <w id="16" lemma="|to|" pos="TO" wid="16">to</w>
  <w id="17" lemma="|be|" pos="VB" wid="17">be</w>
  <w id="18" lemma="|bear|" pos="VBN" wid="18">born</w>
  <w id="19" lemma="|of|" pos="IN" wid="19">of</w>
  <w id="20" lemma="|the|" pos="DT" wid="20">the</w>
  <w id="21" lemma="|spirit|" pos="NN" wid="21">Spirit</w>
  <w id="22" lemma="|''|" pos="''" wid="22">''</w>
  <w id="23" lemma="|the|" pos="DT" wid="23">the</w>
  <w id="24" lemma="|Pope|" pos="NNP" wid="24">Pope</w>
  <w id="25" lemma="|say|" pos="VBD" wid="25">said</w>
  <w id="26" lemma="|.|" pos="." wid="26">.</w>
</sentence>
<sentence id="11">
  <w id="0" lemma="|``|" pos="``" wid="0">``</w>
  <w id="1" lemma="|it|" pos="PRP" wid="1">It</w>
  <w id="2" lemma="|be|" pos="VBZ" wid="2">is</w>
  <w id="3" lemma="|the|" pos="DT" wid="3">the</w>
  <w id="4" lemma="|new|" pos="JJ" wid="4">new</w>
  <w id="5" lemma="|life|" pos="NN" wid="5">life</w>
  <w id="6" lemma="|we|" pos="PRP" wid="6">we</w>
  <w id="7" lemma="|receive|" pos="VBD" wid="7">received</w>
  <w id="8" lemma="|in|" pos="IN" wid="8">in</w>
  <w id="9" lemma="|Baptism|" pos="NNP" wid="9">Baptism</w>
  <w id="10" lemma="|but|" pos="CC" wid="10">but</w>
  <w id="11" lemma="|which|" pos="WDT" wid="11">which</w>
  <w id="12" lemma="|we|" pos="PRP" wid="12">we</w>
  <w id="13" lemma="|must|" pos="MD" wid="13">must</w>
  <w id="14" lemma="|develop|" pos="VB" wid="14">develop</w>
  <w id="15" lemma="|''|" pos="''" wid="15">''</w>
  <w id="16" lemma="|.|" pos="." wid="16">.</w>
</sentence>
<sentence id="12">
  <w id="0" lemma="|``|" pos="``" wid="0">``</w>
  <w id="1" lemma="|we|" pos="PRP" wid="1">We</w>
  <w id="2" lemma="|must|" pos="MD" wid="2">must</w>
  <w id="3" lemma="|do|" pos="VB" wid="3">do</w>
  <w id="4" lemma="|we|" pos="PRP$" wid="4">our</w>
  <w id="5" lemma="|utmost|" pos="JJ" wid="5">utmost</w>
  <w id="6" lemma="|to|" pos="TO" wid="6">to</w>
  <w id="7" lemma="|ensure|" pos="VB" wid="7">ensure</w>
  <w id="8" lemma="|that|" pos="IN" wid="8">that</w>
  <w id="9" lemma="|this|" pos="DT" wid="9">this</w>
  <w id="10" lemma="|life|" pos="NN" wid="10">life</w>
  <w id="11" lemma="|develop|" pos="VBZ" wid="11">develops</w>
  <w id="12" lemma="|into|" pos="IN" wid="12">into</w>
  <w id="13" lemma="|new|" pos="JJ" wid="13">new</w>
  <w id="14" lemma="|life|" pos="NN" wid="14">life</w>
  <w id="15" lemma="|''|" pos="''" wid="15">''</w>
  <w id="16" lemma="|the|" pos="DT" wid="16">the</w>
  <w id="17" lemma="|Pope|" pos="NNP" wid="17">Pope</w>
  <w id="18" lemma="|say|" pos="VBD" wid="18">said</w>
  <w id="19" lemma="|.|" pos="." wid="19">.</w>
</sentence>
<sentence id="13">
  <w id="0" lemma="|and|" pos="CC" wid="0">And</w>
  <w id="1" lemma="|what|" pos="WP" wid="1">what</w>
  <w id="2" lemma="|will|" pos="MD" wid="2">will</w>
  <w id="3" lemma="|this|" pos="DT" wid="3">this</w>
  <w id="4" lemma="|new|" pos="JJ" wid="4">new</w>
  <w id="5" lemma="|life|" pos="NN" wid="5">life</w>
  <w id="6" lemma="|be|" pos="VB" wid="6">be</w>
  <w id="7" lemma="|like|" pos="IN" wid="7">like</w>
  <w id="8" lemma="|?|" pos="." wid="8">?</w>
</sentence>
<sentence id="14">
  <w id="0" lemma="|it|" pos="PRP" wid="0">It</w>
  <w id="1" lemma="|be|" pos="VBZ" wid="1">is</w>
  <w id="2" lemma="|not|" pos="RB" wid="2">not</w>
  <w id="3" lemma="|that|" pos="IN" wid="3">that</w>
  <w id="4" lemma="|we|" pos="PRP" wid="4">we</w>
  <w id="5" lemma="|say|" pos="VBP" wid="5">say</w>
  <w id="6" lemma="|today|" pos="NN" wid="6">today</w>
  <w id="7" lemma="|:|" pos=":" wid="7">:</w>
  <w id="8" lemma="|`|" pos="``" wid="8">`</w>
  <w id="9" lemma="|yes|" pos="UH" wid="9">Yes</w>
  <w id="10" lemma="|,|" pos="," wid="10">,</w>
  <w id="11" lemma="|I|" pos="PRP" wid="11">I</w>
  <w id="12" lemma="|be|" pos="VBD" wid="12">was</w>
  <w id="13" lemma="|bear|" pos="VBN" wid="13">born</w>
  <w id="14" lemma="|today|" pos="NN" wid="14">today</w>
  <w id="15" lemma="|,|" pos="," wid="15">,</w>
  <w id="16" lemma="|that|" pos="DT" wid="16">that</w>
  <w id="17" lemma="|be|" pos="VBZ" wid="17">'s</w>
  <w id="18" lemma="|that|" pos="IN" wid="18">that</w>
  <w id="19" lemma="|,|" pos="," wid="19">,</w>
  <w id="20" lemma="|I|" pos="PRP" wid="20">I</w>
  <w id="21" lemma="|be|" pos="VBP" wid="21">am</w>
  <w id="22" lemma="|start|" pos="VBG" wid="22">starting</w>
  <w id="23" lemma="|again|" pos="RB" wid="23">again</w>
  <w id="24" lemma="|'|" pos="''" wid="24">'</w>
  <w id="25" lemma="|.|" pos="." wid="25">.</w>
</sentence>
<sentence id="15">
  <w id="0" lemma="|it|" pos="PRP" wid="0">It</w>
  <w id="1" lemma="|be|" pos="VBZ" wid="1">is</w>
  <w id="2" lemma="|a|" pos="DT" wid="2">a</w>
  <w id="3" lemma="|journey|" pos="NN" wid="3">journey</w>
  <w id="4" lemma="|,|" pos="," wid="4">,</w>
  <w id="5" lemma="|a|" pos="DT" wid="5">an</w>
  <w id="6" lemma="|arduous|" pos="JJ" wid="6">arduous</w>
  <w id="7" lemma="|journey|" pos="NN" wid="7">journey</w>
  <w id="8" lemma="|we|" pos="PRP" wid="8">we</w>
  <w id="9" lemma="|must|" pos="MD" wid="9">must</w>
  <w id="10" lemma="|toil|" pos="VB" wid="10">toil</w>
  <w id="11" lemma="|to|" pos="TO" wid="11">to</w>
  <w id="12" lemma="|achieve|" pos="VB" wid="12">achieve</w>
  <w id="13" lemma="|.|" pos="." wid="13">.</w>
</sentence>
<sentence id="16">
  <w id="0" lemma="|yet|" pos="CC" wid="0">Yet</w>
  <w id="1" lemma="|it|" pos="PRP" wid="1">it</w>
  <w id="2" lemma="|do|" pos="VBZ" wid="2">does</w>
  <w id="3" lemma="|not|" pos="RB" wid="3">not</w>
  <w id="4" lemma="|only|" pos="RB" wid="4">only</w>
  <w id="5" lemma="|depend|" pos="VB" wid="5">depend</w>
  <w id="6" lemma="|on|" pos="IN" wid="6">on</w>
  <w id="7" lemma="|we|" pos="PRP" wid="7">us</w>
  <w id="8" lemma="|:|" pos=":" wid="8">:</w>
  <w id="9" lemma="|it|" pos="PRP" wid="9">it</w>
  <w id="10" lemma="|depend|" pos="VBZ" wid="10">depends</w>
  <w id="11" lemma="|mainly|" pos="RB" wid="11">mainly</w>
  <w id="12" lemma="|on|" pos="IN" wid="12">on</w>
  <w id="13" lemma="|the|" pos="DT" wid="13">the</w>
  <w id="14" lemma="|spirit|" pos="NN" wid="14">Spirit</w>
  <w id="15" lemma="|and|" pos="CC" wid="15">and</w>
  <w id="16" lemma="|we|" pos="PRP" wid="16">we</w>
  <w id="17" lemma="|must|" pos="MD" wid="17">must</w>
  <w id="18" lemma="|open|" pos="VB" wid="18">open</w>
  <w id="19" lemma="|ourselves|" pos="PRP" wid="19">ourselves</w>
  <w id="20" lemma="|to|" pos="TO" wid="20">to</w>
  <w id="21" lemma="|the|" pos="DT" wid="21">the</w>
  <w id="22" lemma="|spirit|" pos="NN" wid="22">Spirit</w>
  <w id="23" lemma="|so|" pos="IN" wid="23">so</w>
  <w id="24" lemma="|that|" pos="IN" wid="24">that</w>
  <w id="25" lemma="|he|" pos="PRP" wid="25">he</w>
  <w id="26" lemma="|create|" pos="VBZ" wid="26">creates</w>
  <w id="27" lemma="|this|" pos="DT" wid="27">this</w>
  <w id="28" lemma="|new|" pos="JJ" wid="28">new</w>
  <w id="29" lemma="|life|" pos="NN" wid="29">life</w>
  <w id="30" lemma="|within|" pos="IN" wid="30">within</w>
  <w id="31" lemma="|we|" pos="PRP" wid="31">us</w>
  <w id="32" lemma="|''|" pos="''" wid="32">''</w>
  <w id="33" lemma="|.|" pos="." wid="33">.</w>
</sentence>
<sentence id="17">
  <w id="0" lemma="|``|" pos="``" wid="0">``</w>
  <w id="1" lemma="|in|" pos="IN" wid="1">In</w>
  <w id="2" lemma="|the|" pos="DT" wid="2">the</w>
  <w id="3" lemma="|First|" pos="NNP" wid="3">First</w>
  <w id="4" lemma="|Reading|" pos="NNP" wid="4">Reading</w>
  <w id="5" lemma="|''|" pos="''" wid="5">''</w>
  <w id="6" lemma="|,|" pos="," wid="6">,</w>
  <w id="7" lemma="|Pope|" pos="NNP" wid="7">Pope</w>
  <w id="8" lemma="|Francis|" pos="NNP" wid="8">Francis</w>
  <w id="9" lemma="|say|" pos="VBD" wid="9">said</w>
  <w id="10" lemma="|,|" pos="," wid="10">,</w>
  <w id="11" lemma="|``|" pos="``" wid="11">``</w>
  <w id="12" lemma="|we|" pos="PRP" wid="12">we</w>
  <w id="13" lemma="|have|" pos="VBP" wid="13">have</w>
  <w id="14" lemma="|as|" pos="IN" wid="14">as</w>
  <w id="15" lemma="|it|" pos="PRP" wid="15">it</w>
  <w id="16" lemma="|be|" pos="VBD" wid="16">were</w>
  <w id="17" lemma="|a|" pos="DT" wid="17">a</w>
  <w id="18" lemma="|foretaste|" pos="NN" wid="18">foretaste</w>
  <w id="19" lemma="|,|" pos="," wid="19">,</w>
  <w id="20" lemma="|a|" pos="DT" wid="20">a</w>
  <w id="21" lemma="|preview|" pos="NN" wid="21">preview</w>
  <w id="22" lemma="|of|" pos="IN" wid="22">of</w>
  <w id="23" lemma="|what|" pos="WP" wid="23">what</w>
  <w id="24" lemma="|`|" pos="``" wid="24">`</w>
  <w id="25" lemma="|new|" pos="JJ" wid="25">new</w>
  <w id="26" lemma="|life|" pos="NN" wid="26">life</w>
  <w id="27" lemma="|'|" pos="''" wid="27">'</w>
  <w id="28" lemma="|will|" pos="MD" wid="28">will</w>
  <w id="29" lemma="|and|" pos="CC" wid="29">and</w>
  <w id="30" lemma="|should|" pos="MD" wid="30">should</w>
  <w id="31" lemma="|be|" pos="VB" wid="31">be</w>
  <w id="32" lemma="|like|" pos="IN" wid="32">like</w>
  <w id="33" lemma="|.|" pos="." wid="33">.</w>
</sentence>
<sentence id="18">
  <w id="0" lemma="|the|" pos="DT" wid="0">The</w>
  <w id="1" lemma="|multitude|" pos="NN" wid="1">multitude</w>
  <w id="2" lemma="|of|" pos="IN" wid="2">of</w>
  <w id="3" lemma="|those|" pos="DT" wid="3">those</w>
  <w id="4" lemma="|who|" pos="WP" wid="4">who</w>
  <w id="5" lemma="|have|" pos="VBD" wid="5">had</w>
  <w id="6" lemma="|become|" pos="VBN" wid="6">become</w>
  <w id="7" lemma="|believer|" pos="NNS" wid="7">believers</w>
  <w id="8" lemma="|be|" pos="VBD" wid="8">were</w>
  <w id="9" lemma="|of|" pos="IN" wid="9">of</w>
  <w id="10" lemma="|one|" pos="CD" wid="10">one</w>
  <w id="11" lemma="|heart|" pos="NN" wid="11">heart</w>
  <w id="12" lemma="|and|" pos="CC" wid="12">and</w>
  <w id="13" lemma="|one|" pos="CD" wid="13">one</w>
  <w id="14" lemma="|soul|" pos="NN" wid="14">soul</w>
  <w id="15" lemma="|:|" pos=":" wid="15">:</w>
  <w id="16" lemma="|that|" pos="DT" wid="16">that</w>
  <w id="17" lemma="|unity|" pos="NN" wid="17">unity</w>
  <w id="18" lemma="|,|" pos="," wid="18">,</w>
  <w id="19" lemma="|unanimity|" pos="NN" wid="19">unanimity</w>
  <w id="20" lemma="|and|" pos="CC" wid="20">and</w>
  <w id="21" lemma="|harmony|" pos="NN" wid="21">harmony</w>
  <w id="22" lemma="|of|" pos="IN" wid="22">of</w>
  <w id="23" lemma="|feeling|" pos="NNS" wid="23">feelings</w>
  <w id="24" lemma="|of|" pos="IN" wid="24">of</w>
  <w id="25" lemma="|love|" pos="NN" wid="25">love</w>
  <w id="26" lemma="|,|" pos="," wid="26">,</w>
  <w id="27" lemma="|mutual|" pos="JJ" wid="27">mutual</w>
  <w id="28" lemma="|love|" pos="NN" wid="28">love</w>
  <w id="29" lemma="|,|" pos="," wid="29">,</w>
  <w id="30" lemma="|think|" pos="VBG" wid="30">thinking</w>
  <w id="31" lemma="|``|" pos="``" wid="31">``</w>
  <w id="32" lemma="|other|" pos="NNS" wid="32">others</w>
  <w id="33" lemma="|be|" pos="VBP" wid="33">are</w>
  <w id="34" lemma="|better|" pos="JJR" wid="34">better</w>
  <w id="35" lemma="|than|" pos="IN" wid="35">than</w>
  <w id="36" lemma="|I|" pos="PRP" wid="36">me</w>
  <w id="37" lemma="|''|" pos="''" wid="37">''</w>
  <w id="38" lemma="|,|" pos="," wid="38">,</w>
  <w id="39" lemma="|and|" pos="CC" wid="39">and</w>
  <w id="40" lemma="|this|" pos="DT" wid="40">this</w>
  <w id="41" lemma="|be|" pos="VBZ" wid="41">is</w>
  <w id="42" lemma="|lovely|" pos="JJ" wid="42">lovely</w>
  <w id="43" lemma="|be|" pos="VBZ" wid="43">is</w>
  <w id="44" lemma="|not|" pos="RB" wid="44">n't</w>
  <w id="45" lemma="|it|" pos="PRP" wid="45">it</w>
  <w id="46" lemma="|?|" pos="." wid="46">?</w>
  <w id="47" lemma="|''|" pos="''" wid="47">''</w>
  <w id="48" lemma="|.|" pos="." wid="48">.</w>
</sentence>
<sentence id="19">
  <w id="0" lemma="|but|" pos="CC" wid="0">But</w>
  <w id="1" lemma="|this|" pos="DT" wid="1">this</w>
  <w id="2" lemma="|do|" pos="VBZ" wid="2">does</w>
  <w id="3" lemma="|not|" pos="RB" wid="3">not</w>
  <w id="4" lemma="|happen|" pos="VB" wid="4">happen</w>
  <w id="5" lemma="|automatically|" pos="RB" wid="5">automatically</w>
  <w id="6" lemma="|after|" pos="IN" wid="6">after</w>
  <w id="7" lemma="|Baptism|" pos="NNP" wid="7">Baptism</w>
  <w id="8" lemma="|.|" pos="." wid="8">.</w>
</sentence>
<sentence id="20">
  <w id="0" lemma="|it|" pos="PRP" wid="0">It</w>
  <w id="1" lemma="|must|" pos="MD" wid="1">must</w>
  <w id="2" lemma="|be|" pos="VB" wid="2">be</w>
  <w id="3" lemma="|bring|" pos="VBN" wid="3">brought</w>
  <w id="4" lemma="|about|" pos="RP" wid="4">about</w>
  <w id="5" lemma="|within|" pos="IN" wid="5">within</w>
  <w id="6" lemma="|we|" pos="PRP" wid="6">us</w>
  <w id="7" lemma="|,|" pos="," wid="7">,</w>
  <w id="8" lemma="|``|" pos="``" wid="8">``</w>
  <w id="9" lemma="|on|" pos="IN" wid="9">on</w>
  <w id="10" lemma="|the|" pos="DT" wid="10">the</w>
  <w id="11" lemma="|journey|" pos="NN" wid="11">journey</w>
  <w id="12" lemma="|through|" pos="IN" wid="12">through</w>
  <w id="13" lemma="|life|" pos="NN" wid="13">life</w>
  <w id="14" lemma="|by|" pos="IN" wid="14">by</w>
  <w id="15" lemma="|the|" pos="DT" wid="15">the</w>
  <w id="16" lemma="|spirit|" pos="NN" wid="16">Spirit</w>
  <w id="17" lemma="|''|" pos="''" wid="17">''</w>
  <w id="18" lemma="|.|" pos="." wid="18">.</w>
</sentence>
<sentence id="21">
  <w id="0" lemma="|``|" pos="``" wid="0">``</w>
  <w id="1" lemma="|this|" pos="DT" wid="1">This</w>
  <w id="2" lemma="|gentleness|" pos="NN" wid="2">gentleness</w>
  <w id="3" lemma="|be|" pos="VBZ" wid="3">is</w>
  <w id="4" lemma="|a|" pos="DT" wid="4">a</w>
  <w id="5" lemma="|somewhat|" pos="RB" wid="5">somewhat</w>
  <w id="6" lemma="|forget|" pos="VBN" wid="6">forgotten</w>
  <w id="7" lemma="|virtue|" pos="NN" wid="7">virtue</w>
  <w id="8" lemma="|:|" pos=":" wid="8">:</w>
  <w id="9" lemma="|be|" pos="VBG" wid="9">being</w>
  <w id="10" lemma="|gentle|" pos="JJ" wid="10">gentle</w>
  <w id="11" lemma="|,|" pos="," wid="11">,</w>
  <w id="12" lemma="|make|" pos="VBG" wid="12">making</w>
  <w id="13" lemma="|room|" pos="NN" wid="13">room</w>
  <w id="14" lemma="|for|" pos="IN" wid="14">for</w>
  <w id="15" lemma="|other|" pos="NNS" wid="15">others</w>
  <w id="16" lemma="|.|" pos="." wid="16">.</w>
</sentence>
<sentence id="22">
  <w id="0" lemma="|there|" pos="EX" wid="0">There</w>
  <w id="1" lemma="|be|" pos="VBP" wid="1">are</w>
  <w id="2" lemma="|so|" pos="RB" wid="2">so</w>
  <w id="3" lemma="|many|" pos="JJ" wid="3">many</w>
  <w id="4" lemma="|enemy|" pos="NNS" wid="4">enemies</w>
  <w id="5" lemma="|of|" pos="IN" wid="5">of</w>
  <w id="6" lemma="|gentleness|" pos="NN" wid="6">gentleness</w>
  <w id="7" lemma="|,|" pos="," wid="7">,</w>
  <w id="8" lemma="|be|" pos="VBP" wid="8">are</w>
  <w id="9" lemma="|not|" pos="RB" wid="9">n't</w>
  <w id="10" lemma="|there|" pos="RB" wid="10">there</w>
  <w id="11" lemma="|?|" pos="." wid="11">?</w>
</sentence>
<sentence id="23">
  <w id="0" lemma="|start|" pos="VBG" wid="0">Starting</w>
  <w id="1" lemma="|with|" pos="IN" wid="1">with</w>
  <w id="2" lemma="|gossip|" pos="NN" wid="2">gossip</w>
  <w id="3" lemma="|.|" pos="." wid="3">.</w>
</sentence>
<sentence id="24">
  <w id="0" lemma="|when|" pos="WRB" wid="0">When</w>
  <w id="1" lemma="|people|" pos="NNS" wid="1">people</w>
  <w id="2" lemma="|prefer|" pos="VBP" wid="2">prefer</w>
  <w id="3" lemma="|to|" pos="TO" wid="3">to</w>
  <w id="4" lemma="|tell|" pos="VB" wid="4">tell</w>
  <w id="5" lemma="|tale|" pos="NNS" wid="5">tales</w>
  <w id="6" lemma="|,|" pos="," wid="6">,</w>
  <w id="7" lemma="|to|" pos="TO" wid="7">to</w>
  <w id="8" lemma="|gossip|" pos="NN" wid="8">gossip</w>
  <w id="9" lemma="|about|" pos="IN" wid="9">about</w>
  <w id="10" lemma="|other|" pos="NNS" wid="10">others</w>
  <w id="11" lemma="|,|" pos="," wid="11">,</w>
  <w id="12" lemma="|to|" pos="TO" wid="12">to</w>
  <w id="13" lemma="|give|" pos="VB" wid="13">give</w>
  <w id="14" lemma="|other|" pos="NNS" wid="14">others</w>
  <w id="15" lemma="|a|" pos="DT" wid="15">a</w>
  <w id="16" lemma="|few|" pos="JJ" wid="16">few</w>
  <w id="17" lemma="|blow|" pos="NNS" wid="17">blows</w>
  <w id="18" lemma="|.|" pos="." wid="18">.</w>
</sentence>
<sentence id="25">
  <w id="0" lemma="|these|" pos="DT" wid="0">These</w>
  <w id="1" lemma="|be|" pos="VBP" wid="1">are</w>
  <w id="2" lemma="|daily|" pos="JJ" wid="2">daily</w>
  <w id="3" lemma="|event|" pos="NNS" wid="3">events</w>
  <w id="4" lemma="|that|" pos="WDT" wid="4">that</w>
  <w id="5" lemma="|happen|" pos="VBP" wid="5">happen</w>
  <w id="6" lemma="|to|" pos="TO" wid="6">to</w>
  <w id="7" lemma="|everyone|" pos="NN" wid="7">everyone</w>
  <w id="8" lemma="|,|" pos="," wid="8">,</w>
  <w id="9" lemma="|and|" pos="CC" wid="9">and</w>
  <w id="10" lemma="|to|" pos="TO" wid="10">to</w>
  <w id="11" lemma="|I|" pos="PRP" wid="11">me</w>
  <w id="12" lemma="|too|" pos="RB" wid="12">too</w>
  <w id="13" lemma="|''|" pos="''" wid="13">''</w>
  <w id="14" lemma="|.|" pos="." wid="14">.</w>
</sentence>
<sentence id="26">
  <w id="0" lemma="|``|" pos="``" wid="0">``</w>
  <w id="1" lemma="|they|" pos="PRP" wid="1">They</w>
  <w id="2" lemma="|be|" pos="VBP" wid="2">are</w>
  <w id="3" lemma="|temptation|" pos="NNS" wid="3">temptations</w>
  <w id="4" lemma="|of|" pos="IN" wid="4">of</w>
  <w id="5" lemma="|the|" pos="DT" wid="5">the</w>
  <w id="6" lemma="|Evil|" pos="NNP" wid="6">Evil</w>
  <w id="7" lemma="|one|" pos="CD" wid="7">One</w>
  <w id="8" lemma="|''|" pos="''" wid="8">''</w>
  <w id="9" lemma="|,|" pos="," wid="9">,</w>
  <w id="10" lemma="|he|" pos="PRP" wid="10">he</w>
  <w id="11" lemma="|continue|" pos="VBD" wid="11">continued</w>
  <w id="12" lemma="|,|" pos="," wid="12">,</w>
  <w id="13" lemma="|``|" pos="``" wid="13">``</w>
  <w id="14" lemma="|who|" pos="WP" wid="14">who</w>
  <w id="15" lemma="|do|" pos="VBZ" wid="15">does</w>
  <w id="16" lemma="|not|" pos="RB" wid="16">not</w>
  <w id="17" lemma="|want|" pos="VB" wid="17">want</w>
  <w id="18" lemma="|the|" pos="DT" wid="18">the</w>
  <w id="19" lemma="|spirit|" pos="NN" wid="19">Spirit</w>
  <w id="20" lemma="|to|" pos="TO" wid="20">to</w>
  <w id="21" lemma="|create|" pos="VB" wid="21">create</w>
  <w id="22" lemma="|this|" pos="DT" wid="22">this</w>
  <w id="23" lemma="|gentleness|" pos="NN" wid="23">gentleness</w>
  <w id="24" lemma="|,|" pos="," wid="24">,</w>
  <w id="25" lemma="|in|" pos="IN" wid="25">in</w>
  <w id="26" lemma="|Christian|" pos="NNP" wid="26">Christian</w>
  <w id="27" lemma="|community|" pos="NNS" wid="27">communities</w>
  <w id="28" lemma="|.|" pos="." wid="28">.</w>
</sentence>
<sentence id="27">
  <w id="0" lemma="|in|" pos="IN" wid="0">In</w>
  <w id="1" lemma="|the|" pos="DT" wid="1">the</w>
  <w id="2" lemma="|parish|" pos="NN" wid="2">parish</w>
  <w id="3" lemma="|the|" pos="DT" wid="3">the</w>
  <w id="4" lemma="|lady|" pos="NNS" wid="4">ladies</w>
  <w id="5" lemma="|of|" pos="IN" wid="5">of</w>
  <w id="6" lemma="|catechesis|" pos="NN" wid="6">catechesis</w>
  <w id="7" lemma="|quarrel|" pos="VBP" wid="7">quarrel</w>
  <w id="8" lemma="|with|" pos="IN" wid="8">with</w>
  <w id="9" lemma="|the|" pos="DT" wid="9">the</w>
  <w id="10" lemma="|lady|" pos="NNS" wid="10">ladies</w>
  <w id="11" lemma="|of|" pos="IN" wid="11">of</w>
  <w id="12" lemma="|Caritas|" pos="NNP" wid="12">Caritas</w>
  <w id="13" lemma="|''|" pos="''" wid="13">''</w>
  <w id="14" lemma="|.|" pos="." wid="14">.</w>
</sentence>
<sentence id="28">
  <w id="0" lemma="|these|" pos="DT" wid="0">These</w>
  <w id="1" lemma="|conflict|" pos="NNS" wid="1">conflicts</w>
  <w id="2" lemma="|always|" pos="RB" wid="2">always</w>
  <w id="3" lemma="|exist|" pos="VBP" wid="3">exist</w>
  <w id="4" lemma="|,|" pos="," wid="4">,</w>
  <w id="5" lemma="|in|" pos="IN" wid="5">in</w>
  <w id="6" lemma="|the|" pos="DT" wid="6">the</w>
  <w id="7" lemma="|family|" pos="NN" wid="7">family</w>
  <w id="8" lemma="|,|" pos="," wid="8">,</w>
  <w id="9" lemma="|in|" pos="IN" wid="9">in</w>
  <w id="10" lemma="|the|" pos="DT" wid="10">the</w>
  <w id="11" lemma="|neighbourhood|" pos="NN" wid="11">neighbourhood</w>
  <w id="12" lemma="|,|" pos="," wid="12">,</w>
  <w id="13" lemma="|even|" pos="RB" wid="13">even</w>
  <w id="14" lemma="|among|" pos="IN" wid="14">among</w>
  <w id="15" lemma="|friend|" pos="NNS" wid="15">friends</w>
  <w id="16" lemma="|.|" pos="." wid="16">.</w>
</sentence>
<sentence id="29">
  <w id="0" lemma="|and|" pos="CC" wid="0">And</w>
  <w id="1" lemma="|this|" pos="DT" wid="1">this</w>
  <w id="2" lemma="|be|" pos="VBZ" wid="2">is</w>
  <w id="3" lemma="|not|" pos="RB" wid="3">not</w>
  <w id="4" lemma="|new|" pos="JJ" wid="4">new</w>
  <w id="5" lemma="|life|" pos="NN" wid="5">life</w>
  <w id="6" lemma="|.|" pos="." wid="6">.</w>
</sentence>
<sentence id="30">
  <w id="0" lemma="|when|" pos="WRB" wid="0">When</w>
  <w id="1" lemma="|the|" pos="DT" wid="1">the</w>
  <w id="2" lemma="|spirit|" pos="NN" wid="2">Spirit</w>
  <w id="3" lemma="|cause|" pos="VBZ" wid="3">causes</w>
  <w id="4" lemma="|we|" pos="PRP" wid="4">us</w>
  <w id="5" lemma="|to|" pos="TO" wid="5">to</w>
  <w id="6" lemma="|be|" pos="VB" wid="6">be</w>
  <w id="7" lemma="|bear|" pos="VBN" wid="7">born</w>
  <w id="8" lemma="|to|" pos="TO" wid="8">to</w>
  <w id="9" lemma="|new|" pos="JJ" wid="9">new</w>
  <w id="10" lemma="|life|" pos="NN" wid="10">life</w>
  <w id="11" lemma="|,|" pos="," wid="11">,</w>
  <w id="12" lemma="|he|" pos="PRP" wid="12">he</w>
  <w id="13" lemma="|make|" pos="VBZ" wid="13">makes</w>
  <w id="14" lemma="|we|" pos="PRP" wid="14">us</w>
  <w id="15" lemma="|gentle|" pos="JJ" wid="15">gentle</w>
  <w id="16" lemma="|and|" pos="CC" wid="16">and</w>
  <w id="17" lemma="|kind|" pos="NN" wid="17">kind</w>
  <w id="18" lemma="|,|" pos="," wid="18">,</w>
  <w id="19" lemma="|not|" pos="RB" wid="19">not</w>
  <w id="20" lemma="|judgmental|" pos="JJ" wid="20">judgmental</w>
  <w id="21" lemma="|:|" pos=":" wid="21">:</w>
  <w id="22" lemma="|the|" pos="DT" wid="22">the</w>
  <w id="23" lemma="|only|" pos="JJ" wid="23">only</w>
  <w id="24" lemma="|Judge|" pos="NNP" wid="24">Judge</w>
  <w id="25" lemma="|be|" pos="VBZ" wid="25">is</w>
  <w id="26" lemma="|the|" pos="DT" wid="26">the</w>
  <w id="27" lemma="|Lord|" pos="NNP" wid="27">Lord</w>
  <w id="28" lemma="|''|" pos="''" wid="28">''</w>
  <w id="29" lemma="|.|" pos="." wid="29">.</w>
</sentence>
<sentence id="31">
  <w id="0" lemma="|the|" pos="DT" wid="0">The</w>
  <w id="1" lemma="|proposal|" pos="NN" wid="1">proposal</w>
  <w id="2" lemma="|to|" pos="TO" wid="2">to</w>
  <w id="3" lemma="|be|" pos="VB" wid="3">be</w>
  <w id="4" lemma="|silent|" pos="JJ" wid="4">silent</w>
  <w id="5" lemma="|fit|" pos="NNS" wid="5">fits</w>
  <w id="6" lemma="|in|" pos="IN" wid="6">in</w>
  <w id="7" lemma="|here|" pos="RB" wid="7">here</w>
  <w id="8" lemma="|.|" pos="." wid="8">.</w>
</sentence>
<sentence id="32">
  <w id="0" lemma="|``|" pos="``" wid="0">``</w>
  <w id="1" lemma="|if|" pos="IN" wid="1">If</w>
  <w id="2" lemma="|I|" pos="PRP" wid="2">I</w>
  <w id="3" lemma="|have|" pos="VBP" wid="3">have</w>
  <w id="4" lemma="|something|" pos="NN" wid="4">something</w>
  <w id="5" lemma="|to|" pos="TO" wid="5">to</w>
  <w id="6" lemma="|say|" pos="VB" wid="6">say</w>
  <w id="7" lemma="|,|" pos="," wid="7">,</w>
  <w id="8" lemma="|let|" pos="VB" wid="8">let</w>
  <w id="9" lemma="|I|" pos="PRP" wid="9">me</w>
  <w id="10" lemma="|say|" pos="VB" wid="10">say</w>
  <w id="11" lemma="|it|" pos="PRP" wid="11">it</w>
  <w id="12" lemma="|to|" pos="TO" wid="12">to</w>
  <w id="13" lemma="|the|" pos="DT" wid="13">the</w>
  <w id="14" lemma="|individual|" pos="NN" wid="14">individual</w>
  <w id="15" lemma="|,|" pos="," wid="15">,</w>
  <w id="16" lemma="|not|" pos="RB" wid="16">not</w>
  <w id="17" lemma="|to|" pos="TO" wid="17">to</w>
  <w id="18" lemma="|the|" pos="DT" wid="18">the</w>
  <w id="19" lemma="|entire|" pos="JJ" wid="19">entire</w>
  <w id="20" lemma="|neighbourhood|" pos="NN" wid="20">neighbourhood</w>
  <w id="21" lemma="|;|" pos=":" wid="21">;</w>
  <w id="22" lemma="|only|" pos="RB" wid="22">only</w>
  <w id="23" lemma="|to|" pos="TO" wid="23">to</w>
  <w id="24" lemma="|the|" pos="DT" wid="24">the</w>
  <w id="25" lemma="|one|" pos="NN" wid="25">one</w>
  <w id="26" lemma="|who|" pos="WP" wid="26">who</w>
  <w id="27" lemma="|can|" pos="MD" wid="27">can</w>
  <w id="28" lemma="|remedy|" pos="VB" wid="28">remedy</w>
  <w id="29" lemma="|the|" pos="DT" wid="29">the</w>
  <w id="30" lemma="|situation|" pos="NN" wid="30">situation</w>
  <w id="31" lemma="|''|" pos="''" wid="31">''</w>
  <w id="32" lemma="|.|" pos="." wid="32">.</w>
</sentence>
<sentence id="33">
  <w id="0" lemma="|``|" pos="``" wid="0">``</w>
  <w id="1" lemma="|this|" pos="DT" wid="1">This</w>
  <w id="2" lemma="|''|" pos="''" wid="2">''</w>
  <w id="3" lemma="|,|" pos="," wid="3">,</w>
  <w id="4" lemma="|Pope|" pos="NNP" wid="4">Pope</w>
  <w id="5" lemma="|Francis|" pos="NNP" wid="5">Francis</w>
  <w id="6" lemma="|conclude|" pos="VBD" wid="6">concluded</w>
  <w id="7" lemma="|,|" pos="," wid="7">,</w>
  <w id="8" lemma="|``|" pos="``" wid="8">``</w>
  <w id="9" lemma="|be|" pos="VBZ" wid="9">is</w>
  <w id="10" lemma="|only|" pos="RB" wid="10">only</w>
  <w id="11" lemma="|one|" pos="CD" wid="11">one</w>
  <w id="12" lemma="|step|" pos="NN" wid="12">step</w>
  <w id="13" lemma="|.|" pos="." wid="13">.</w>
</sentence>
<sentence id="34">
  <w id="0" lemma="|if|" pos="IN" wid="0">If</w>
  <w id="1" lemma="|,|" pos="," wid="1">,</w>
  <w id="2" lemma="|with|" pos="IN" wid="2">with</w>
  <w id="3" lemma="|the|" pos="DT" wid="3">the</w>
  <w id="4" lemma="|grace|" pos="NN" wid="4">grace</w>
  <w id="5" lemma="|of|" pos="IN" wid="5">of</w>
  <w id="6" lemma="|the|" pos="DT" wid="6">the</w>
  <w id="7" lemma="|spirit|" pos="NN" wid="7">Spirit</w>
  <w id="8" lemma="|,|" pos="," wid="8">,</w>
  <w id="9" lemma="|we|" pos="PRP" wid="9">we</w>
  <w id="10" lemma="|succeed|" pos="VBP" wid="10">succeed</w>
  <w id="11" lemma="|in|" pos="IN" wid="11">in</w>
  <w id="12" lemma="|never|" pos="RB" wid="12">never</w>
  <w id="13" lemma="|gossip|" pos="VBG" wid="13">gossiping</w>
  <w id="14" lemma="|,|" pos="," wid="14">,</w>
  <w id="15" lemma="|it|" pos="PRP" wid="15">it</w>
  <w id="16" lemma="|will|" pos="MD" wid="16">will</w>
  <w id="17" lemma="|be|" pos="VB" wid="17">be</w>
  <w id="18" lemma="|a|" pos="DT" wid="18">a</w>
  <w id="19" lemma="|great|" pos="JJ" wid="19">great</w>
  <w id="20" lemma="|and|" pos="CC" wid="20">and</w>
  <w id="21" lemma="|beautiful|" pos="JJ" wid="21">beautiful</w>
  <w id="22" lemma="|step|" pos="NN" wid="22">step</w>
  <w id="23" lemma="|ahead|" pos="RB" wid="23">ahead</w>
  <w id="24" lemma="|and|" pos="CC" wid="24">and</w>
  <w id="25" lemma="|will|" pos="MD" wid="25">will</w>
  <w id="26" lemma="|do|" pos="VB" wid="26">do</w>
  <w id="27" lemma="|everyone|" pos="NN" wid="27">everyone</w>
  <w id="28" lemma="|good|" pos="JJ" wid="28">good</w>
  <w id="29" lemma="|.|" pos="." wid="29">.</w>
</sentence>
<sentence id="35">
  <w id="0" lemma="|let|" pos="VB" wid="0">Let</w>
  <w id="1" lemma="|we|" pos="PRP" wid="1">us</w>
  <w id="2" lemma="|ask|" pos="VB" wid="2">ask</w>
  <w id="3" lemma="|the|" pos="DT" wid="3">the</w>
  <w id="4" lemma="|Lord|" pos="NNP" wid="4">Lord</w>
  <w id="5" lemma="|to|" pos="TO" wid="5">to</w>
  <w id="6" lemma="|show|" pos="VB" wid="6">show</w>
  <w id="7" lemma="|we|" pos="PRP" wid="7">us</w>
  <w id="8" lemma="|and|" pos="CC" wid="8">and</w>
  <w id="9" lemma="|the|" pos="DT" wid="9">the</w>
  <w id="10" lemma="|world|" pos="NN" wid="10">world</w>
  <w id="11" lemma="|the|" pos="DT" wid="11">the</w>
  <w id="12" lemma="|beauty|" pos="NN" wid="12">beauty</w>
  <w id="13" lemma="|and|" pos="CC" wid="13">and</w>
  <w id="14" lemma="|fullness|" pos="NN" wid="14">fullness</w>
  <w id="15" lemma="|of|" pos="IN" wid="15">of</w>
  <w id="16" lemma="|this|" pos="DT" wid="16">this</w>
  <w id="17" lemma="|new|" pos="JJ" wid="17">new</w>
  <w id="18" lemma="|life|" pos="NN" wid="18">life</w>
  <w id="19" lemma="|,|" pos="," wid="19">,</w>
  <w id="20" lemma="|of|" pos="IN" wid="20">of</w>
  <w id="21" lemma="|be|" pos="VBG" wid="21">being</w>
  <w id="22" lemma="|bear|" pos="VBN" wid="22">born</w>
  <w id="23" lemma="|of|" pos="IN" wid="23">of</w>
  <w id="24" lemma="|the|" pos="DT" wid="24">the</w>
  <w id="25" lemma="|spirit|" pos="NN" wid="25">Spirit</w>
  <w id="26" lemma="|,|" pos="," wid="26">,</w>
  <w id="27" lemma="|of|" pos="IN" wid="27">of</w>
  <w id="28" lemma="|treat|" pos="VBG" wid="28">treating</w>
  <w id="29" lemma="|each|" pos="DT" wid="29">each</w>
  <w id="30" lemma="|other|" pos="JJ" wid="30">other</w>
  <w id="31" lemma="|with|" pos="IN" wid="31">with</w>
  <w id="32" lemma="|kindness|" pos="NN" wid="32">kindness</w>
  <w id="33" lemma="|,|" pos="," wid="33">,</w>
  <w id="34" lemma="|with|" pos="IN" wid="34">with</w>
  <w id="35" lemma="|respect|" pos="NN" wid="35">respect</w>
  <w id="36" lemma="|.|" pos="." wid="36">.</w>
</sentence>
<sentence id="36">
  <w id="0" lemma="|let|" pos="VB" wid="0">Let</w>
  <w id="1" lemma="|we|" pos="PRP" wid="1">us</w>
  <w id="2" lemma="|ask|" pos="VB" wid="2">ask</w>
  <w id="3" lemma="|for|" pos="IN" wid="3">for</w>
  <w id="4" lemma="|this|" pos="DT" wid="4">this</w>
  <w id="5" lemma="|grace|" pos="NN" wid="5">grace</w>
  <w id="6" lemma="|for|" pos="IN" wid="6">for</w>
  <w id="7" lemma="|we|" pos="PRP" wid="7">us</w>
  <w id="8" lemma="|all|" pos="DT" wid="8">all</w>
  <w id="9" lemma="|.|" pos="." wid="9">.</w>
</sentence>
</corpus>