<corpus id="0">
<sentence id="0">
  <w id="0" lemma="|9|" pos="CD" wid="0">9</w>
  <w id="1" lemma="|.|" pos="." wid="1">.</w>
</sentence>
<sentence id="1">
  <w id="0" lemma="|mercy|" pos="NN" wid="0">Mercy</w>
  <w id="1" lemma="|and|" pos="CC" wid="1">and</w>
  <w id="2" lemma="|correction|" pos="NN" wid="2">correction</w>
  <w id="3" lemma="|Dear|" pos="NNP" wid="3">Dear</w>
  <w id="4" lemma="|Brothers|" pos="NNPS" wid="4">Brothers</w>
  <w id="5" lemma="|and|" pos="CC" wid="5">and</w>
  <w id="6" lemma="|sister|" pos="NNS" wid="6">Sisters</w>
  <w id="7" lemma="|,|" pos="," wid="7">,</w>
  <w id="8" lemma="|good|" pos="JJ" wid="8">Good</w>
  <w id="9" lemma="|morning|" pos="NN" wid="9">morning</w>
  <w id="10" lemma="|,|" pos="," wid="10">,</w>
  <w id="11" lemma="|in|" pos="IN" wid="11">In</w>
  <w id="12" lemma="|speak|" pos="VBG" wid="12">speaking</w>
  <w id="13" lemma="|about|" pos="IN" wid="13">about</w>
  <w id="14" lemma="|divine|" pos="JJ" wid="14">divine</w>
  <w id="15" lemma="|mercy|" pos="NN" wid="15">mercy</w>
  <w id="16" lemma="|,|" pos="," wid="16">,</w>
  <w id="17" lemma="|we|" pos="PRP" wid="17">we</w>
  <w id="18" lemma="|have|" pos="VBP" wid="18">have</w>
  <w id="19" lemma="|often|" pos="RB" wid="19">often</w>
  <w id="20" lemma="|evoke|" pos="VBN" wid="20">evoked</w>
  <w id="21" lemma="|the|" pos="DT" wid="21">the</w>
  <w id="22" lemma="|figure|" pos="NN" wid="22">figure</w>
  <w id="23" lemma="|of|" pos="IN" wid="23">of</w>
  <w id="24" lemma="|the|" pos="DT" wid="24">the</w>
  <w id="25" lemma="|father|" pos="NN" wid="25">father</w>
  <w id="26" lemma="|of|" pos="IN" wid="26">of</w>
  <w id="27" lemma="|a|" pos="DT" wid="27">a</w>
  <w id="28" lemma="|family|" pos="NN" wid="28">family</w>
  <w id="29" lemma="|,|" pos="," wid="29">,</w>
  <w id="30" lemma="|who|" pos="WP" wid="30">who</w>
  <w id="31" lemma="|love|" pos="VBZ" wid="31">loves</w>
  <w id="32" lemma="|he|" pos="PRP$" wid="32">his</w>
  <w id="33" lemma="|child|" pos="NNS" wid="33">children</w>
  <w id="34" lemma="|,|" pos="," wid="34">,</w>
  <w id="35" lemma="|help|" pos="VBZ" wid="35">helps</w>
  <w id="36" lemma="|they|" pos="PRP" wid="36">them</w>
  <w id="37" lemma="|,|" pos="," wid="37">,</w>
  <w id="38" lemma="|care|" pos="VBZ" wid="38">cares</w>
  <w id="39" lemma="|for|" pos="IN" wid="39">for</w>
  <w id="40" lemma="|they|" pos="PRP" wid="40">them</w>
  <w id="41" lemma="|,|" pos="," wid="41">,</w>
  <w id="42" lemma="|forgive|" pos="VBZ" wid="42">forgives</w>
  <w id="43" lemma="|they|" pos="PRP" wid="43">them</w>
  <w id="44" lemma="|.|" pos="." wid="44">.</w>
</sentence>
<sentence id="2">
  <w id="0" lemma="|as|" pos="IN" wid="0">As</w>
  <w id="1" lemma="|father|" pos="NN" wid="1">father</w>
  <w id="2" lemma="|,|" pos="," wid="2">,</w>
  <w id="3" lemma="|he|" pos="PRP" wid="3">he</w>
  <w id="4" lemma="|teach|" pos="VBZ" wid="4">teaches</w>
  <w id="5" lemma="|they|" pos="PRP" wid="5">them</w>
  <w id="6" lemma="|and|" pos="CC" wid="6">and</w>
  <w id="7" lemma="|correct|" pos="VBZ" wid="7">corrects</w>
  <w id="8" lemma="|they|" pos="PRP" wid="8">them</w>
  <w id="9" lemma="|when|" pos="WRB" wid="9">when</w>
  <w id="10" lemma="|they|" pos="PRP" wid="10">they</w>
  <w id="11" lemma="|make|" pos="VBP" wid="11">make</w>
  <w id="12" lemma="|mistake|" pos="NNS" wid="12">mistakes</w>
  <w id="13" lemma="|,|" pos="," wid="13">,</w>
  <w id="14" lemma="|help|" pos="VBG" wid="14">helping</w>
  <w id="15" lemma="|they|" pos="PRP" wid="15">them</w>
  <w id="16" lemma="|to|" pos="TO" wid="16">to</w>
  <w id="17" lemma="|develop|" pos="VB" wid="17">develop</w>
  <w id="18" lemma="|and|" pos="CC" wid="18">and</w>
  <w id="19" lemma="|grow|" pos="VB" wid="19">grow</w>
  <w id="20" lemma="|in|" pos="IN" wid="20">in</w>
  <w id="21" lemma="|goodness|" pos="NN" wid="21">goodness</w>
  <w id="22" lemma="|.|" pos="." wid="22">.</w>
</sentence>
<sentence id="3">
  <w id="0" lemma="|this|" pos="DT" wid="0">This</w>
  <w id="1" lemma="|be|" pos="VBZ" wid="1">is</w>
  <w id="2" lemma="|how|" pos="WRB" wid="2">how</w>
  <w id="3" lemma="|God|" pos="NNP" wid="3">God</w>
  <w id="4" lemma="|be|" pos="VBZ" wid="4">is</w>
  <w id="5" lemma="|present|" pos="VBN" wid="5">presented</w>
  <w id="6" lemma="|in|" pos="IN" wid="6">in</w>
  <w id="7" lemma="|the|" pos="DT" wid="7">the</w>
  <w id="8" lemma="|first|" pos="JJ" wid="8">first</w>
  <w id="9" lemma="|chapter|" pos="NN" wid="9">chapter</w>
  <w id="10" lemma="|of|" pos="IN" wid="10">of</w>
  <w id="11" lemma="|the|" pos="DT" wid="11">the</w>
  <w id="12" lemma="|book|" pos="NN" wid="12">Book</w>
  <w id="13" lemma="|of|" pos="IN" wid="13">of</w>
  <w id="14" lemma="|prophet|" pos="NN" wid="14">Prophet</w>
  <w id="15" lemma="|Isaiah|" pos="NNP" wid="15">Isaiah</w>
  <w id="16" lemma="|,|" pos="," wid="16">,</w>
  <w id="17" lemma="|in|" pos="IN" wid="17">in</w>
  <w id="18" lemma="|which|" pos="WDT" wid="18">which</w>
  <w id="19" lemma="|the|" pos="DT" wid="19">the</w>
  <w id="20" lemma="|Lord|" pos="NNP" wid="20">Lord</w>
  <w id="21" lemma="|,|" pos="," wid="21">,</w>
  <w id="22" lemma="|a|" pos="DT" wid="22">a</w>
  <w id="23" lemma="|loving|" pos="JJ" wid="23">loving</w>
  <w id="24" lemma="|but|" pos="CC" wid="24">but</w>
  <w id="25" lemma="|also|" pos="RB" wid="25">also</w>
  <w id="26" lemma="|a|" pos="DT" wid="26">a</w>
  <w id="27" lemma="|careful|" pos="JJ" wid="27">careful</w>
  <w id="28" lemma="|and|" pos="CC" wid="28">and</w>
  <w id="29" lemma="|strict|" pos="JJ" wid="29">strict</w>
  <w id="30" lemma="|father|" pos="NN" wid="30">father</w>
  <w id="31" lemma="|,|" pos="," wid="31">,</w>
  <w id="32" lemma="|turn|" pos="VBZ" wid="32">turns</w>
  <w id="33" lemma="|to|" pos="TO" wid="33">to</w>
  <w id="34" lemma="|Israel|" pos="NNP" wid="34">Israel</w>
  <w id="35" lemma="|,|" pos="," wid="35">,</w>
  <w id="36" lemma="|accuse|" pos="VBG" wid="36">accusing</w>
  <w id="37" lemma="|they|" pos="PRP" wid="37">them</w>
  <w id="38" lemma="|of|" pos="IN" wid="38">of</w>
  <w id="39" lemma="|disloyalty|" pos="NN" wid="39">disloyalty</w>
  <w id="40" lemma="|and|" pos="CC" wid="40">and</w>
  <w id="41" lemma="|corruption|" pos="NN" wid="41">corruption</w>
  <w id="42" lemma="|,|" pos="," wid="42">,</w>
  <w id="43" lemma="|in|" pos="IN" wid="43">in</w>
  <w id="44" lemma="|order|" pos="NN" wid="44">order</w>
  <w id="45" lemma="|to|" pos="TO" wid="45">to</w>
  <w id="46" lemma="|lead|" pos="VB" wid="46">lead</w>
  <w id="47" lemma="|they|" pos="PRP" wid="47">them</w>
  <w id="48" lemma="|back|" pos="RB" wid="48">back</w>
  <w id="49" lemma="|to|" pos="TO" wid="49">to</w>
  <w id="50" lemma="|the|" pos="DT" wid="50">the</w>
  <w id="51" lemma="|path|" pos="NN" wid="51">path</w>
  <w id="52" lemma="|of|" pos="IN" wid="52">of</w>
  <w id="53" lemma="|justice|" pos="NN" wid="53">justice</w>
  <w id="54" lemma="|.|" pos="." wid="54">.</w>
</sentence>
<sentence id="4">
  <w id="0" lemma="|this|" pos="DT" wid="0">This</w>
  <w id="1" lemma="|be|" pos="VBZ" wid="1">is</w>
  <w id="2" lemma="|how|" pos="WRB" wid="2">how</w>
  <w id="3" lemma="|we|" pos="PRP$" wid="3">our</w>
  <w id="4" lemma="|text|" pos="NN" wid="4">text</w>
  <w id="5" lemma="|begin|" pos="VBZ" wid="5">begins</w>
  <w id="6" lemma="|:|" pos=":" wid="6">:</w>
  <w id="7" lemma="|``|" pos="``" wid="7">``</w>
  <w id="8" lemma="|hear|" pos="VB" wid="8">Hear</w>
  <w id="9" lemma="|,|" pos="," wid="9">,</w>
  <w id="10" lemma="|o|" pos="NN" wid="10">O</w>
  <w id="11" lemma="|heaven|" pos="NNS" wid="11">heavens</w>
  <w id="12" lemma="|,|" pos="," wid="12">,</w>
  <w id="13" lemma="|and|" pos="CC" wid="13">and</w>
  <w id="14" lemma="|give|" pos="VB" wid="14">give</w>
  <w id="15" lemma="|ear|" pos="NN" wid="15">ear</w>
  <w id="16" lemma="|,|" pos="," wid="16">,</w>
  <w id="17" lemma="|o|" pos="NN" wid="17">O</w>
  <w id="18" lemma="|earth|" pos="NN" wid="18">earth</w>
  <w id="19" lemma="|;|" pos=":" wid="19">;</w>
  <w id="20" lemma="|/|" pos=":" wid="20">/</w>
  <w id="21" lemma="|for|" pos="IN" wid="21">for</w>
  <w id="22" lemma="|the|" pos="DT" wid="22">the</w>
  <w id="23" lemma="|Lord|" pos="NNP" wid="23">Lord</w>
  <w id="24" lemma="|have|" pos="VBZ" wid="24">has</w>
  <w id="25" lemma="|speak|" pos="VBN" wid="25">spoken</w>
  <w id="26" lemma="|:|" pos=":" wid="26">:</w>
  <w id="27" lemma="|/|" pos=":" wid="27">/</w>
  <w id="28" lemma="|`|" pos="``" wid="28">`</w>
  <w id="29" lemma="|son|" pos="NNS" wid="29">Sons</w>
  <w id="30" lemma="|have|" pos="VBP" wid="30">have</w>
  <w id="31" lemma="|I|" pos="PRP" wid="31">I</w>
  <w id="32" lemma="|rear|" pos="VBN" wid="32">reared</w>
  <w id="33" lemma="|and|" pos="CC" wid="33">and</w>
  <w id="34" lemma="|bring|" pos="VBN" wid="34">brought</w>
  <w id="35" lemma="|up|" pos="RP" wid="35">up</w>
  <w id="36" lemma="|,|" pos="," wid="36">,</w>
  <w id="37" lemma="|/|" pos=":" wid="37">/</w>
  <w id="38" lemma="|but|" pos="CC" wid="38">but</w>
  <w id="39" lemma="|they|" pos="PRP" wid="39">they</w>
  <w id="40" lemma="|have|" pos="VBP" wid="40">have</w>
  <w id="41" lemma="|rebel|" pos="VBN" wid="41">rebelled</w>
  <w id="42" lemma="|against|" pos="IN" wid="42">against</w>
  <w id="43" lemma="|I|" pos="PRP" wid="43">me</w>
  <w id="44" lemma="|.|" pos="." wid="44">.</w>
</sentence>
<sentence id="5">
  <w id="0" lemma="|/|" pos=":" wid="0">/</w>
  <w id="1" lemma="|the|" pos="DT" wid="1">The</w>
  <w id="2" lemma="|ox|" pos="NN" wid="2">ox</w>
  <w id="3" lemma="|know|" pos="VBZ" wid="3">knows</w>
  <w id="4" lemma="|its|" pos="PRP$" wid="4">its</w>
  <w id="5" lemma="|owner|" pos="NN" wid="5">owner</w>
  <w id="6" lemma="|,|" pos="," wid="6">,</w>
  <w id="7" lemma="|/|" pos=":" wid="7">/</w>
  <w id="8" lemma="|and|" pos="CC" wid="8">and</w>
  <w id="9" lemma="|the|" pos="DT" wid="9">the</w>
  <w id="10" lemma="|ass|" pos="NN" wid="10">ass</w>
  <w id="11" lemma="|its|" pos="PRP$" wid="11">its</w>
  <w id="12" lemma="|master|" pos="NN" wid="12">master</w>
  <w id="13" lemma="|'s|" pos="POS" wid="13">'s</w>
  <w id="14" lemma="|crib|" pos="NN" wid="14">crib</w>
  <w id="15" lemma="|;|" pos=":" wid="15">;</w>
  <w id="16" lemma="|/|" pos=":" wid="16">/</w>
  <w id="17" lemma="|but|" pos="CC" wid="17">but</w>
  <w id="18" lemma="|Israel|" pos="NNP" wid="18">Israel</w>
  <w id="19" lemma="|do|" pos="VBZ" wid="19">does</w>
  <w id="20" lemma="|not|" pos="RB" wid="20">not</w>
  <w id="21" lemma="|know|" pos="VB" wid="21">know</w>
  <w id="22" lemma="|,|" pos="," wid="22">,</w>
  <w id="23" lemma="|/|" pos=":" wid="23">/</w>
  <w id="24" lemma="|my|" pos="PRP$" wid="24">my</w>
  <w id="25" lemma="|people|" pos="NNS" wid="25">people</w>
  <w id="26" lemma="|do|" pos="VBZ" wid="26">does</w>
  <w id="27" lemma="|not|" pos="RB" wid="27">not</w>
  <w id="28" lemma="|understand|" pos="VB" wid="28">understand</w>
  <w id="29" lemma="|'''|" pos="NN" wid="29">'''</w>
  <w id="30" lemma="|-lrb-|" pos="-LRB-" wid="30">-LRB-</w>
  <w id="31" lemma="|1:2|" pos="CD" wid="31">1:2</w>
  <w id="32" lemma="|-3|" pos="CD" wid="32">-3</w>
  <w id="33" lemma="|-rrb-|" pos="-RRB-" wid="33">-RRB-</w>
  <w id="34" lemma="|.|" pos="." wid="34">.</w>
</sentence>
<sentence id="6">
  <w id="0" lemma="|through|" pos="IN" wid="0">Through</w>
  <w id="1" lemma="|the|" pos="DT" wid="1">the</w>
  <w id="2" lemma="|prophet|" pos="NN" wid="2">prophet</w>
  <w id="3" lemma="|,|" pos="," wid="3">,</w>
  <w id="4" lemma="|God|" pos="NNP" wid="4">God</w>
  <w id="5" lemma="|speak|" pos="VBZ" wid="5">speaks</w>
  <w id="6" lemma="|to|" pos="TO" wid="6">to</w>
  <w id="7" lemma="|the|" pos="DT" wid="7">the</w>
  <w id="8" lemma="|people|" pos="NNS" wid="8">people</w>
  <w id="9" lemma="|with|" pos="IN" wid="9">with</w>
  <w id="10" lemma="|the|" pos="DT" wid="10">the</w>
  <w id="11" lemma="|bitterness|" pos="NN" wid="11">bitterness</w>
  <w id="12" lemma="|of|" pos="IN" wid="12">of</w>
  <w id="13" lemma="|a|" pos="DT" wid="13">a</w>
  <w id="14" lemma="|disappointed|" pos="JJ" wid="14">disappointed</w>
  <w id="15" lemma="|father|" pos="NN" wid="15">father</w>
  <w id="16" lemma="|,|" pos="," wid="16">,</w>
  <w id="17" lemma="|who|" pos="WP" wid="17">who</w>
  <w id="18" lemma="|raise|" pos="VBD" wid="18">raised</w>
  <w id="19" lemma="|he|" pos="PRP$" wid="19">his</w>
  <w id="20" lemma="|child|" pos="NNS" wid="20">children</w>
  <w id="21" lemma="|,|" pos="," wid="21">,</w>
  <w id="22" lemma="|and|" pos="CC" wid="22">and</w>
  <w id="23" lemma="|now|" pos="RB" wid="23">now</w>
  <w id="24" lemma="|they|" pos="PRP" wid="24">they</w>
  <w id="25" lemma="|have|" pos="VBP" wid="25">have</w>
  <w id="26" lemma="|rebel|" pos="VBN" wid="26">rebelled</w>
  <w id="27" lemma="|against|" pos="IN" wid="27">against</w>
  <w id="28" lemma="|he|" pos="PRP" wid="28">him</w>
  <w id="29" lemma="|.|" pos="." wid="29">.</w>
</sentence>
<sentence id="7">
  <w id="0" lemma="|even|" pos="RB" wid="0">Even</w>
  <w id="1" lemma="|animal|" pos="NNS" wid="1">animals</w>
  <w id="2" lemma="|be|" pos="VBP" wid="2">are</w>
  <w id="3" lemma="|loyal|" pos="JJ" wid="3">loyal</w>
  <w id="4" lemma="|to|" pos="TO" wid="4">to</w>
  <w id="5" lemma="|they|" pos="PRP$" wid="5">their</w>
  <w id="6" lemma="|master|" pos="NN" wid="6">master</w>
  <w id="7" lemma="|and|" pos="CC" wid="7">and</w>
  <w id="8" lemma="|recognize|" pos="VBP" wid="8">recognize</w>
  <w id="9" lemma="|the|" pos="DT" wid="9">the</w>
  <w id="10" lemma="|hand|" pos="NN" wid="10">hand</w>
  <w id="11" lemma="|that|" pos="WDT" wid="11">that</w>
  <w id="12" lemma="|feed|" pos="VBZ" wid="12">feeds</w>
  <w id="13" lemma="|they|" pos="PRP" wid="13">them</w>
  <w id="14" lemma="|;|" pos=":" wid="14">;</w>
  <w id="15" lemma="|yet|" pos="RB" wid="15">yet</w>
  <w id="16" lemma="|,|" pos="," wid="16">,</w>
  <w id="17" lemma="|the|" pos="DT" wid="17">the</w>
  <w id="18" lemma="|people|" pos="NNS" wid="18">people</w>
  <w id="19" lemma="|no|" pos="RB" wid="19">no</w>
  <w id="20" lemma="|longer|" pos="RB" wid="20">longer</w>
  <w id="21" lemma="|recognize|" pos="VB" wid="21">recognize</w>
  <w id="22" lemma="|God|" pos="NNP" wid="22">God</w>
  <w id="23" lemma="|,|" pos="," wid="23">,</w>
  <w id="24" lemma="|they|" pos="PRP" wid="24">they</w>
  <w id="25" lemma="|refuse|" pos="VBP" wid="25">refuse</w>
  <w id="26" lemma="|to|" pos="TO" wid="26">to</w>
  <w id="27" lemma="|understand|" pos="VB" wid="27">understand</w>
  <w id="28" lemma="|.|" pos="." wid="28">.</w>
</sentence>
<sentence id="8">
  <w id="0" lemma="|although|" pos="IN" wid="0">Although</w>
  <w id="1" lemma="|wound|" pos="VBN" wid="1">wounded</w>
  <w id="2" lemma="|,|" pos="," wid="2">,</w>
  <w id="3" lemma="|God|" pos="NNP" wid="3">God</w>
  <w id="4" lemma="|let|" pos="VBZ" wid="4">lets</w>
  <w id="5" lemma="|love|" pos="NN" wid="5">love</w>
  <w id="6" lemma="|speak|" pos="VB" wid="6">speak</w>
  <w id="7" lemma="|,|" pos="," wid="7">,</w>
  <w id="8" lemma="|and|" pos="CC" wid="8">and</w>
  <w id="9" lemma="|he|" pos="PRP" wid="9">he</w>
  <w id="10" lemma="|appeal|" pos="NNS" wid="10">appeals</w>
  <w id="11" lemma="|to|" pos="TO" wid="11">to</w>
  <w id="12" lemma="|the|" pos="DT" wid="12">the</w>
  <w id="13" lemma="|conscience|" pos="NN" wid="13">conscience</w>
  <w id="14" lemma="|of|" pos="IN" wid="14">of</w>
  <w id="15" lemma="|these|" pos="DT" wid="15">these</w>
  <w id="16" lemma="|degenerate|" pos="JJ" wid="16">degenerate</w>
  <w id="17" lemma="|child|" pos="NNS" wid="17">children</w>
  <w id="18" lemma="|,|" pos="," wid="18">,</w>
  <w id="19" lemma="|that|" pos="IN" wid="19">that</w>
  <w id="20" lemma="|they|" pos="PRP" wid="20">they</w>
  <w id="21" lemma="|may|" pos="MD" wid="21">may</w>
  <w id="22" lemma="|mend|" pos="VB" wid="22">mend</w>
  <w id="23" lemma="|they|" pos="PRP$" wid="23">their</w>
  <w id="24" lemma="|way|" pos="NNS" wid="24">ways</w>
  <w id="25" lemma="|and|" pos="CC" wid="25">and</w>
  <w id="26" lemma="|allow|" pos="VB" wid="26">allow</w>
  <w id="27" lemma="|themselves|" pos="PRP" wid="27">themselves</w>
  <w id="28" lemma="|to|" pos="TO" wid="28">to</w>
  <w id="29" lemma="|be|" pos="VB" wid="29">be</w>
  <w id="30" lemma="|love|" pos="VBN" wid="30">loved</w>
  <w id="31" lemma="|again|" pos="RB" wid="31">again</w>
  <w id="32" lemma="|.|" pos="." wid="32">.</w>
</sentence>
<sentence id="9">
  <w id="0" lemma="|this|" pos="DT" wid="0">This</w>
  <w id="1" lemma="|be|" pos="VBZ" wid="1">is</w>
  <w id="2" lemma="|what|" pos="WP" wid="2">what</w>
  <w id="3" lemma="|God|" pos="NNP" wid="3">God</w>
  <w id="4" lemma="|do|" pos="VBZ" wid="4">does</w>
  <w id="5" lemma="|!|" pos="." wid="5">!</w>
</sentence>
<sentence id="10">
  <w id="0" lemma="|he|" pos="PRP" wid="0">He</w>
  <w id="1" lemma="|come|" pos="VBZ" wid="1">comes</w>
  <w id="2" lemma="|to|" pos="TO" wid="2">to</w>
  <w id="3" lemma="|meet|" pos="VB" wid="3">meet</w>
  <w id="4" lemma="|we|" pos="PRP" wid="4">us</w>
  <w id="5" lemma="|so|" pos="IN" wid="5">so</w>
  <w id="6" lemma="|that|" pos="IN" wid="6">that</w>
  <w id="7" lemma="|we|" pos="PRP" wid="7">we</w>
  <w id="8" lemma="|may|" pos="MD" wid="8">may</w>
  <w id="9" lemma="|allow|" pos="VB" wid="9">allow</w>
  <w id="10" lemma="|he|" pos="PRP" wid="10">him</w>
  <w id="11" lemma="|,|" pos="," wid="11">,</w>
  <w id="12" lemma="|we|" pos="PRP$" wid="12">our</w>
  <w id="13" lemma="|God|" pos="NNP" wid="13">God</w>
  <w id="14" lemma="|,|" pos="," wid="14">,</w>
  <w id="15" lemma="|to|" pos="TO" wid="15">to</w>
  <w id="16" lemma="|love|" pos="VB" wid="16">love</w>
  <w id="17" lemma="|we|" pos="PRP" wid="17">us</w>
  <w id="18" lemma="|.|" pos="." wid="18">.</w>
</sentence>
<sentence id="11">
  <w id="0" lemma="|the|" pos="DT" wid="0">The</w>
  <w id="1" lemma="|father-son|" pos="JJ" wid="1">father-son</w>
  <w id="2" lemma="|relationship|" pos="NN" wid="2">relationship</w>
  <w id="3" lemma="|,|" pos="," wid="3">,</w>
  <w id="4" lemma="|to|" pos="TO" wid="4">to</w>
  <w id="5" lemma="|which|" pos="WDT" wid="5">which</w>
  <w id="6" lemma="|the|" pos="DT" wid="6">the</w>
  <w id="7" lemma="|prophet|" pos="NNS" wid="7">prophets</w>
  <w id="8" lemma="|often|" pos="RB" wid="8">often</w>
  <w id="9" lemma="|refer|" pos="VBP" wid="9">refer</w>
  <w id="10" lemma="|in|" pos="IN" wid="10">in</w>
  <w id="11" lemma="|speak|" pos="VBG" wid="11">speaking</w>
  <w id="12" lemma="|about|" pos="IN" wid="12">about</w>
  <w id="13" lemma="|the|" pos="DT" wid="13">the</w>
  <w id="14" lemma="|Covenant|" pos="NNP" wid="14">Covenant</w>
  <w id="15" lemma="|relationship|" pos="NN" wid="15">relationship</w>
  <w id="16" lemma="|between|" pos="IN" wid="16">between</w>
  <w id="17" lemma="|God|" pos="NNP" wid="17">God</w>
  <w id="18" lemma="|and|" pos="CC" wid="18">and</w>
  <w id="19" lemma="|he|" pos="PRP$" wid="19">his</w>
  <w id="20" lemma="|people|" pos="NNS" wid="20">people</w>
  <w id="21" lemma="|,|" pos="," wid="21">,</w>
  <w id="22" lemma="|have|" pos="VBZ" wid="22">has</w>
  <w id="23" lemma="|be|" pos="VBN" wid="23">been</w>
  <w id="24" lemma="|distort|" pos="VBN" wid="24">distorted</w>
  <w id="25" lemma="|.|" pos="." wid="25">.</w>
</sentence>
<sentence id="12">
  <w id="0" lemma="|a|" pos="DT" wid="0">A</w>
  <w id="1" lemma="|parent|" pos="NN" wid="1">parent</w>
  <w id="2" lemma="|'s|" pos="POS" wid="2">'s</w>
  <w id="3" lemma="|mission|" pos="NN" wid="3">mission</w>
  <w id="4" lemma="|to|" pos="TO" wid="4">to</w>
  <w id="5" lemma="|educate|" pos="VB" wid="5">educate</w>
  <w id="6" lemma="|aim|" pos="NNS" wid="6">aims</w>
  <w id="7" lemma="|to|" pos="TO" wid="7">to</w>
  <w id="8" lemma="|raise|" pos="VB" wid="8">raise</w>
  <w id="9" lemma="|child|" pos="NNS" wid="9">children</w>
  <w id="10" lemma="|in|" pos="IN" wid="10">in</w>
  <w id="11" lemma="|freedom|" pos="NN" wid="11">freedom</w>
  <w id="12" lemma="|,|" pos="," wid="12">,</w>
  <w id="13" lemma="|teach|" pos="VBG" wid="13">teaching</w>
  <w id="14" lemma="|they|" pos="PRP" wid="14">them</w>
  <w id="15" lemma="|how|" pos="WRB" wid="15">how</w>
  <w id="16" lemma="|to|" pos="TO" wid="16">to</w>
  <w id="17" lemma="|be|" pos="VB" wid="17">be</w>
  <w id="18" lemma="|responsible|" pos="JJ" wid="18">responsible</w>
  <w id="19" lemma="|,|" pos="," wid="19">,</w>
  <w id="20" lemma="|able|" pos="JJ" wid="20">able</w>
  <w id="21" lemma="|to|" pos="TO" wid="21">to</w>
  <w id="22" lemma="|do|" pos="VB" wid="22">do</w>
  <w id="23" lemma="|good|" pos="JJ" wid="23">good</w>
  <w id="24" lemma="|thing|" pos="NNS" wid="24">things</w>
  <w id="25" lemma="|for|" pos="IN" wid="25">for</w>
  <w id="26" lemma="|themselves|" pos="PRP" wid="26">themselves</w>
  <w id="27" lemma="|and|" pos="CC" wid="27">and</w>
  <w id="28" lemma="|for|" pos="IN" wid="28">for</w>
  <w id="29" lemma="|other|" pos="NNS" wid="29">others</w>
  <w id="30" lemma="|.|" pos="." wid="30">.</w>
</sentence>
<sentence id="13">
  <w id="0" lemma="|but|" pos="CC" wid="0">But</w>
  <w id="1" lemma="|,|" pos="," wid="1">,</w>
  <w id="2" lemma="|because|" pos="IN" wid="2">because</w>
  <w id="3" lemma="|of|" pos="IN" wid="3">of</w>
  <w id="4" lemma="|sin|" pos="NN" wid="4">sin</w>
  <w id="5" lemma="|,|" pos="," wid="5">,</w>
  <w id="6" lemma="|freedom|" pos="NN" wid="6">freedom</w>
  <w id="7" lemma="|become|" pos="VBZ" wid="7">becomes</w>
  <w id="8" lemma="|the|" pos="DT" wid="8">the</w>
  <w id="9" lemma="|pretext|" pos="NN" wid="9">pretext</w>
  <w id="10" lemma="|of|" pos="IN" wid="10">of</w>
  <w id="11" lemma="|autonomy|" pos="NN" wid="11">autonomy</w>
  <w id="12" lemma="|,|" pos="," wid="12">,</w>
  <w id="13" lemma="|the|" pos="DT" wid="13">the</w>
  <w id="14" lemma="|pretext|" pos="NN" wid="14">pretext</w>
  <w id="15" lemma="|of|" pos="IN" wid="15">of</w>
  <w id="16" lemma="|pride|" pos="NN" wid="16">pride</w>
  <w id="17" lemma="|,|" pos="," wid="17">,</w>
  <w id="18" lemma="|and|" pos="CC" wid="18">and</w>
  <w id="19" lemma="|pride|" pos="NN" wid="19">pride</w>
  <w id="20" lemma="|lead|" pos="VBZ" wid="20">leads</w>
  <w id="21" lemma="|to|" pos="TO" wid="21">to</w>
  <w id="22" lemma="|opposition|" pos="NN" wid="22">opposition</w>
  <w id="23" lemma="|and|" pos="CC" wid="23">and</w>
  <w id="24" lemma="|the|" pos="DT" wid="24">the</w>
  <w id="25" lemma="|illusion|" pos="NN" wid="25">illusion</w>
  <w id="26" lemma="|of|" pos="IN" wid="26">of</w>
  <w id="27" lemma="|self-sufficiency|" pos="NN" wid="27">self-sufficiency</w>
  <w id="28" lemma="|.|" pos="." wid="28">.</w>
</sentence>
<sentence id="14">
  <w id="0" lemma="|thus|" pos="RB" wid="0">Thus</w>
  <w id="1" lemma="|God|" pos="NNP" wid="1">God</w>
  <w id="2" lemma="|reprimand|" pos="VBZ" wid="2">reprimands</w>
  <w id="3" lemma="|he|" pos="PRP$" wid="3">his</w>
  <w id="4" lemma="|people|" pos="NNS" wid="4">people</w>
  <w id="5" lemma="|:|" pos=":" wid="5">:</w>
  <w id="6" lemma="|``|" pos="``" wid="6">``</w>
  <w id="7" lemma="|you|" pos="PRP" wid="7">You</w>
  <w id="8" lemma="|have|" pos="VBP" wid="8">have</w>
  <w id="9" lemma="|lose|" pos="VBN" wid="9">lost</w>
  <w id="10" lemma="|you|" pos="PRP$" wid="10">your</w>
  <w id="11" lemma="|way|" pos="NN" wid="11">way</w>
  <w id="12" lemma="|''|" pos="''" wid="12">''</w>
  <w id="13" lemma="|.|" pos="." wid="13">.</w>
</sentence>
<sentence id="15">
  <w id="0" lemma="|lovingly|" pos="RB" wid="0">Lovingly</w>
  <w id="1" lemma="|and|" pos="CC" wid="1">and</w>
  <w id="2" lemma="|bitterly|" pos="RB" wid="2">bitterly</w>
  <w id="3" lemma="|he|" pos="PRP" wid="3">he</w>
  <w id="4" lemma="|say|" pos="VBZ" wid="4">says</w>
  <w id="5" lemma="|``|" pos="``" wid="5">``</w>
  <w id="6" lemma="|my|" pos="PRP$" wid="6">my</w>
  <w id="7" lemma="|''|" pos="''" wid="7">''</w>
  <w id="8" lemma="|people|" pos="NNS" wid="8">people</w>
  <w id="9" lemma="|.|" pos="." wid="9">.</w>
</sentence>
<sentence id="16">
  <w id="0" lemma="|God|" pos="NNP" wid="0">God</w>
  <w id="1" lemma="|never|" pos="RB" wid="1">never</w>
  <w id="2" lemma="|disown|" pos="VBZ" wid="2">disowns</w>
  <w id="3" lemma="|we|" pos="PRP" wid="3">us</w>
  <w id="4" lemma="|;|" pos=":" wid="4">;</w>
  <w id="5" lemma="|we|" pos="PRP" wid="5">we</w>
  <w id="6" lemma="|be|" pos="VBP" wid="6">are</w>
  <w id="7" lemma="|he|" pos="PRP$" wid="7">his</w>
  <w id="8" lemma="|people|" pos="NNS" wid="8">people</w>
  <w id="9" lemma="|.|" pos="." wid="9">.</w>
</sentence>
<sentence id="17">
  <w id="0" lemma="|even|" pos="RB" wid="0">Even</w>
  <w id="1" lemma="|the|" pos="DT" wid="1">the</w>
  <w id="2" lemma="|worst|" pos="JJS" wid="2">worst</w>
  <w id="3" lemma="|of|" pos="IN" wid="3">of</w>
  <w id="4" lemma="|man|" pos="NNS" wid="4">men</w>
  <w id="5" lemma="|,|" pos="," wid="5">,</w>
  <w id="6" lemma="|the|" pos="DT" wid="6">the</w>
  <w id="7" lemma="|worst|" pos="JJS" wid="7">worst</w>
  <w id="8" lemma="|of|" pos="IN" wid="8">of</w>
  <w id="9" lemma="|woman|" pos="NNS" wid="9">women</w>
  <w id="10" lemma="|,|" pos="," wid="10">,</w>
  <w id="11" lemma="|the|" pos="DT" wid="11">the</w>
  <w id="12" lemma="|worst|" pos="JJS" wid="12">worst</w>
  <w id="13" lemma="|of|" pos="IN" wid="13">of</w>
  <w id="14" lemma="|people|" pos="NNS" wid="14">people</w>
  <w id="15" lemma="|be|" pos="VBP" wid="15">are</w>
  <w id="16" lemma="|he|" pos="PRP$" wid="16">his</w>
  <w id="17" lemma="|child|" pos="NNS" wid="17">children</w>
  <w id="18" lemma="|.|" pos="." wid="18">.</w>
</sentence>
<sentence id="18">
  <w id="0" lemma="|this|" pos="DT" wid="0">This</w>
  <w id="1" lemma="|be|" pos="VBZ" wid="1">is</w>
  <w id="2" lemma="|God|" pos="NNP" wid="2">God</w>
  <w id="3" lemma="|:|" pos=":" wid="3">:</w>
  <w id="4" lemma="|he|" pos="PRP" wid="4">he</w>
  <w id="5" lemma="|never|" pos="RB" wid="5">never</w>
  <w id="6" lemma="|ever|" pos="RB" wid="6">ever</w>
  <w id="7" lemma="|disown|" pos="VBZ" wid="7">disowns</w>
  <w id="8" lemma="|we|" pos="PRP" wid="8">us</w>
  <w id="9" lemma="|!|" pos="." wid="9">!</w>
</sentence>
<sentence id="19">
  <w id="0" lemma="|he|" pos="PRP" wid="0">He</w>
  <w id="1" lemma="|always|" pos="RB" wid="1">always</w>
  <w id="2" lemma="|say|" pos="VBZ" wid="2">says</w>
  <w id="3" lemma="|:|" pos=":" wid="3">:</w>
  <w id="4" lemma="|``|" pos="``" wid="4">``</w>
  <w id="5" lemma="|come|" pos="VB" wid="5">Come</w>
  <w id="6" lemma="|,|" pos="," wid="6">,</w>
  <w id="7" lemma="|son|" pos="NN" wid="7">son</w>
  <w id="8" lemma="|,|" pos="," wid="8">,</w>
  <w id="9" lemma="|come|" pos="VB" wid="9">come</w>
  <w id="10" lemma="|daughter|" pos="NN" wid="10">daughter</w>
  <w id="11" lemma="|''|" pos="''" wid="11">''</w>
  <w id="12" lemma="|.|" pos="." wid="12">.</w>
</sentence>
<sentence id="20">
  <w id="0" lemma="|this|" pos="DT" wid="0">This</w>
  <w id="1" lemma="|be|" pos="VBZ" wid="1">is</w>
  <w id="2" lemma="|the|" pos="DT" wid="2">the</w>
  <w id="3" lemma="|love|" pos="NN" wid="3">love</w>
  <w id="4" lemma="|of|" pos="IN" wid="4">of</w>
  <w id="5" lemma="|we|" pos="PRP$" wid="5">our</w>
  <w id="6" lemma="|Father|" pos="NNP" wid="6">Father</w>
  <w id="7" lemma="|;|" pos=":" wid="7">;</w>
  <w id="8" lemma="|this|" pos="DT" wid="8">this</w>
  <w id="9" lemma="|be|" pos="VBZ" wid="9">is</w>
  <w id="10" lemma="|the|" pos="DT" wid="10">the</w>
  <w id="11" lemma="|mercy|" pos="NN" wid="11">mercy</w>
  <w id="12" lemma="|of|" pos="IN" wid="12">of</w>
  <w id="13" lemma="|God|" pos="NNP" wid="13">God</w>
  <w id="14" lemma="|.|" pos="." wid="14">.</w>
</sentence>
<sentence id="21">
  <w id="0" lemma="|have|" pos="VBG" wid="0">Having</w>
  <w id="1" lemma="|such|" pos="PDT" wid="1">such</w>
  <w id="2" lemma="|a|" pos="DT" wid="2">a</w>
  <w id="3" lemma="|Father|" pos="NNP" wid="3">Father</w>
  <w id="4" lemma="|give|" pos="VBZ" wid="4">gives</w>
  <w id="5" lemma="|we|" pos="PRP" wid="5">us</w>
  <w id="6" lemma="|hope|" pos="NN" wid="6">hope</w>
  <w id="7" lemma="|,|" pos="," wid="7">,</w>
  <w id="8" lemma="|give|" pos="VBZ" wid="8">gives</w>
  <w id="9" lemma="|we|" pos="PRP" wid="9">us</w>
  <w id="10" lemma="|confidence|" pos="NN" wid="10">confidence</w>
  <w id="11" lemma="|.|" pos="." wid="11">.</w>
</sentence>
<sentence id="22">
  <w id="0" lemma="|this|" pos="DT" wid="0">This</w>
  <w id="1" lemma="|belong|" pos="VBG" wid="1">belonging</w>
  <w id="2" lemma="|should|" pos="MD" wid="2">should</w>
  <w id="3" lemma="|be|" pos="VB" wid="3">be</w>
  <w id="4" lemma="|live|" pos="VBN" wid="4">lived</w>
  <w id="5" lemma="|out|" pos="RP" wid="5">out</w>
  <w id="6" lemma="|in|" pos="IN" wid="6">in</w>
  <w id="7" lemma="|trust|" pos="NN" wid="7">trust</w>
  <w id="8" lemma="|and|" pos="CC" wid="8">and</w>
  <w id="9" lemma="|obedience|" pos="NN" wid="9">obedience</w>
  <w id="10" lemma="|,|" pos="," wid="10">,</w>
  <w id="11" lemma="|with|" pos="IN" wid="11">with</w>
  <w id="12" lemma="|the|" pos="DT" wid="12">the</w>
  <w id="13" lemma="|knowledge|" pos="NN" wid="13">knowledge</w>
  <w id="14" lemma="|that|" pos="IN" wid="14">that</w>
  <w id="15" lemma="|everything|" pos="NN" wid="15">everything</w>
  <w id="16" lemma="|be|" pos="VBZ" wid="16">is</w>
  <w id="17" lemma="|a|" pos="DT" wid="17">a</w>
  <w id="18" lemma="|gift|" pos="NN" wid="18">gift</w>
  <w id="19" lemma="|that|" pos="WDT" wid="19">that</w>
  <w id="20" lemma="|come|" pos="VBZ" wid="20">comes</w>
  <w id="21" lemma="|from|" pos="IN" wid="21">from</w>
  <w id="22" lemma="|the|" pos="DT" wid="22">the</w>
  <w id="23" lemma="|Father|" pos="NNP" wid="23">Father</w>
  <w id="24" lemma="|'s|" pos="POS" wid="24">'s</w>
  <w id="25" lemma="|love|" pos="NN" wid="25">love</w>
  <w id="26" lemma="|.|" pos="." wid="26">.</w>
</sentence>
<sentence id="23">
  <w id="0" lemma="|instead|" pos="RB" wid="0">Instead</w>
  <w id="1" lemma="|,|" pos="," wid="1">,</w>
  <w id="2" lemma="|there|" pos="EX" wid="2">there</w>
  <w id="3" lemma="|be|" pos="VBZ" wid="3">is</w>
  <w id="4" lemma="|vanity|" pos="NN" wid="4">vanity</w>
  <w id="5" lemma="|,|" pos="," wid="5">,</w>
  <w id="6" lemma="|stupidity|" pos="NN" wid="6">stupidity</w>
  <w id="7" lemma="|and|" pos="CC" wid="7">and</w>
  <w id="8" lemma="|idolatry|" pos="NN" wid="8">idolatry</w>
  <w id="9" lemma="|.|" pos="." wid="9">.</w>
</sentence>
<sentence id="24">
  <w id="0" lemma="|this|" pos="DT" wid="0">This</w>
  <w id="1" lemma="|be|" pos="VBZ" wid="1">is</w>
  <w id="2" lemma="|why|" pos="WRB" wid="2">why</w>
  <w id="3" lemma="|the|" pos="DT" wid="3">the</w>
  <w id="4" lemma="|prophet|" pos="NN" wid="4">prophet</w>
  <w id="5" lemma="|now|" pos="RB" wid="5">now</w>
  <w id="6" lemma="|directly|" pos="RB" wid="6">directly</w>
  <w id="7" lemma="|address|" pos="VBZ" wid="7">addresses</w>
  <w id="8" lemma="|this|" pos="DT" wid="8">this</w>
  <w id="9" lemma="|people|" pos="NNS" wid="9">people</w>
  <w id="10" lemma="|with|" pos="IN" wid="10">with</w>
  <w id="11" lemma="|severe|" pos="JJ" wid="11">severe</w>
  <w id="12" lemma="|word|" pos="NNS" wid="12">words</w>
  <w id="13" lemma="|in|" pos="IN" wid="13">in</w>
  <w id="14" lemma="|order|" pos="NN" wid="14">order</w>
  <w id="15" lemma="|to|" pos="TO" wid="15">to</w>
  <w id="16" lemma="|help|" pos="VB" wid="16">help</w>
  <w id="17" lemma="|they|" pos="PRP" wid="17">them</w>
  <w id="18" lemma="|to|" pos="TO" wid="18">to</w>
  <w id="19" lemma="|understand|" pos="VB" wid="19">understand</w>
  <w id="20" lemma="|the|" pos="DT" wid="20">the</w>
  <w id="21" lemma="|gravity|" pos="NN" wid="21">gravity</w>
  <w id="22" lemma="|of|" pos="IN" wid="22">of</w>
  <w id="23" lemma="|they|" pos="PRP$" wid="23">their</w>
  <w id="24" lemma="|fault|" pos="NN" wid="24">fault</w>
  <w id="25" lemma="|:|" pos=":" wid="25">:</w>
  <w id="26" lemma="|``|" pos="``" wid="26">``</w>
  <w id="27" lemma="|ah|" pos="UH" wid="27">Ah</w>
  <w id="28" lemma="|,|" pos="," wid="28">,</w>
  <w id="29" lemma="|sinful|" pos="JJ" wid="29">sinful</w>
  <w id="30" lemma="|nation|" pos="NN" wid="30">nation</w>
  <w id="31" lemma="|,|" pos="," wid="31">,</w>
  <w id="32" lemma="|/|" pos=":" wid="32">/</w>
  <w id="33" lemma="|-lsb-|" pos="-LRB-" wid="33">-LSB-</w>
  <w id="34" lemma="|...|" pos=":" wid="34">...</w>
  <w id="35" lemma="|-rsb-|" pos="-RRB-" wid="35">-RSB-</w>
  <w id="36" lemma="|son|" pos="NNS" wid="36">sons</w>
  <w id="37" lemma="|who|" pos="WP" wid="37">who</w>
  <w id="38" lemma="|deal|" pos="VBP" wid="38">deal</w>
  <w id="39" lemma="|corruptly|" pos="RB" wid="39">corruptly</w>
  <w id="40" lemma="|!|" pos="." wid="40">!</w>
</sentence>
<sentence id="25">
  <w id="0" lemma="|/|" pos=":" wid="0">/</w>
  <w id="1" lemma="|they|" pos="PRP" wid="1">They</w>
  <w id="2" lemma="|have|" pos="VBP" wid="2">have</w>
  <w id="3" lemma="|forsake|" pos="VBN" wid="3">forsaken</w>
  <w id="4" lemma="|the|" pos="DT" wid="4">the</w>
  <w id="5" lemma="|Lord|" pos="NNP" wid="5">Lord</w>
  <w id="6" lemma="|,|" pos="," wid="6">,</w>
  <w id="7" lemma="|/|" pos=":" wid="7">/</w>
  <w id="8" lemma="|they|" pos="PRP" wid="8">they</w>
  <w id="9" lemma="|have|" pos="VBP" wid="9">have</w>
  <w id="10" lemma="|despise|" pos="VBN" wid="10">despised</w>
  <w id="11" lemma="|the|" pos="DT" wid="11">the</w>
  <w id="12" lemma="|Holy|" pos="NNP" wid="12">Holy</w>
  <w id="13" lemma="|one|" pos="CD" wid="13">One</w>
  <w id="14" lemma="|of|" pos="IN" wid="14">of</w>
  <w id="15" lemma="|Israel|" pos="NNP" wid="15">Israel</w>
  <w id="16" lemma="|,|" pos="," wid="16">,</w>
  <w id="17" lemma="|/|" pos=":" wid="17">/</w>
  <w id="18" lemma="|they|" pos="PRP" wid="18">they</w>
  <w id="19" lemma="|be|" pos="VBP" wid="19">are</w>
  <w id="20" lemma="|utterly|" pos="RB" wid="20">utterly</w>
  <w id="21" lemma="|estrange|" pos="VBN" wid="21">estranged</w>
  <w id="22" lemma="|''|" pos="''" wid="22">''</w>
  <w id="23" lemma="|-lrb-|" pos="-LRB-" wid="23">-LRB-</w>
  <w id="24" lemma="|v.|" pos="CC" wid="24">v.</w>
  <w id="25" lemma="|4|" pos="CD" wid="25">4</w>
  <w id="26" lemma="|-rrb-|" pos="-RRB-" wid="26">-RRB-</w>
  <w id="27" lemma="|.|" pos="." wid="27">.</w>
</sentence>
<sentence id="26">
  <w id="0" lemma="|the|" pos="DT" wid="0">The</w>
  <w id="1" lemma="|consequence|" pos="NN" wid="1">consequence</w>
  <w id="2" lemma="|of|" pos="IN" wid="2">of</w>
  <w id="3" lemma="|sin|" pos="NN" wid="3">sin</w>
  <w id="4" lemma="|be|" pos="VBZ" wid="4">is</w>
  <w id="5" lemma="|a|" pos="DT" wid="5">a</w>
  <w id="6" lemma="|state|" pos="NN" wid="6">state</w>
  <w id="7" lemma="|of|" pos="IN" wid="7">of</w>
  <w id="8" lemma="|suffering|" pos="NN" wid="8">suffering</w>
  <w id="9" lemma="|,|" pos="," wid="9">,</w>
  <w id="10" lemma="|of|" pos="IN" wid="10">of</w>
  <w id="11" lemma="|which|" pos="WDT" wid="11">which</w>
  <w id="12" lemma="|the|" pos="DT" wid="12">the</w>
  <w id="13" lemma="|country|" pos="NN" wid="13">country</w>
  <w id="14" lemma="|also|" pos="RB" wid="14">also</w>
  <w id="15" lemma="|feel|" pos="VBZ" wid="15">feels</w>
  <w id="16" lemma="|the|" pos="DT" wid="16">the</w>
  <w id="17" lemma="|effect|" pos="NNS" wid="17">effects</w>
  <w id="18" lemma="|,|" pos="," wid="18">,</w>
  <w id="19" lemma="|devastate|" pos="VBN" wid="19">devastated</w>
  <w id="20" lemma="|and|" pos="CC" wid="20">and</w>
  <w id="21" lemma="|render|" pos="VBN" wid="21">rendered</w>
  <w id="22" lemma="|desolate|" pos="JJ" wid="22">desolate</w>
  <w id="23" lemma="|,|" pos="," wid="23">,</w>
  <w id="24" lemma="|to|" pos="TO" wid="24">to</w>
  <w id="25" lemma="|the|" pos="DT" wid="25">the</w>
  <w id="26" lemma="|point|" pos="NN" wid="26">point</w>
  <w id="27" lemma="|that|" pos="IN" wid="27">that</w>
  <w id="28" lemma="|Zion|" pos="NNP" wid="28">Zion</w>
  <w id="29" lemma="|--|" pos=":" wid="29">--</w>
  <w id="30" lemma="|that|" pos="DT" wid="30">that</w>
  <w id="31" lemma="|be|" pos="VBZ" wid="31">is</w>
  <w id="32" lemma="|,|" pos="," wid="32">,</w>
  <w id="33" lemma="|Jerusalem|" pos="NNP" wid="33">Jerusalem</w>
  <w id="34" lemma="|--|" pos=":" wid="34">--</w>
  <w id="35" lemma="|become|" pos="VBZ" wid="35">becomes</w>
  <w id="36" lemma="|uninhabitable|" pos="JJ" wid="36">uninhabitable</w>
  <w id="37" lemma="|.|" pos="." wid="37">.</w>
</sentence>
<sentence id="27">
  <w id="0" lemma="|where|" pos="WRB" wid="0">Where</w>
  <w id="1" lemma="|God|" pos="NNP" wid="1">God</w>
  <w id="2" lemma="|and|" pos="CC" wid="2">and</w>
  <w id="3" lemma="|he|" pos="PRP$" wid="3">his</w>
  <w id="4" lemma="|paternity|" pos="NN" wid="4">paternity</w>
  <w id="5" lemma="|be|" pos="VBP" wid="5">are</w>
  <w id="6" lemma="|reject|" pos="VBN" wid="6">rejected</w>
  <w id="7" lemma="|,|" pos="," wid="7">,</w>
  <w id="8" lemma="|life|" pos="NN" wid="8">life</w>
  <w id="9" lemma="|be|" pos="VBZ" wid="9">is</w>
  <w id="10" lemma="|no|" pos="DT" wid="10">no</w>
  <w id="11" lemma="|longer|" pos="RBR" wid="11">longer</w>
  <w id="12" lemma="|possible|" pos="JJ" wid="12">possible</w>
  <w id="13" lemma="|,|" pos="," wid="13">,</w>
  <w id="14" lemma="|existence|" pos="NN" wid="14">existence</w>
  <w id="15" lemma="|lose|" pos="VBZ" wid="15">loses</w>
  <w id="16" lemma="|its|" pos="PRP$" wid="16">its</w>
  <w id="17" lemma="|root|" pos="NNS" wid="17">roots</w>
  <w id="18" lemma="|,|" pos="," wid="18">,</w>
  <w id="19" lemma="|everything|" pos="NN" wid="19">everything</w>
  <w id="20" lemma="|appear|" pos="VBZ" wid="20">appears</w>
  <w id="21" lemma="|deprave|" pos="VBN" wid="21">depraved</w>
  <w id="22" lemma="|and|" pos="CC" wid="22">and</w>
  <w id="23" lemma="|annihilate|" pos="VBN" wid="23">annihilated</w>
  <w id="24" lemma="|.|" pos="." wid="24">.</w>
</sentence>
<sentence id="28">
  <w id="0" lemma="|however|" pos="RB" wid="0">However</w>
  <w id="1" lemma="|,|" pos="," wid="1">,</w>
  <w id="2" lemma="|even|" pos="RB" wid="2">even</w>
  <w id="3" lemma="|this|" pos="DT" wid="3">this</w>
  <w id="4" lemma="|painful|" pos="JJ" wid="4">painful</w>
  <w id="5" lemma="|moment|" pos="NN" wid="5">moment</w>
  <w id="6" lemma="|be|" pos="VBZ" wid="6">is</w>
  <w id="7" lemma="|in|" pos="IN" wid="7">in</w>
  <w id="8" lemma="|view|" pos="NN" wid="8">view</w>
  <w id="9" lemma="|of|" pos="IN" wid="9">of</w>
  <w id="10" lemma="|salvation|" pos="NN" wid="10">salvation</w>
  <w id="11" lemma="|.|" pos="." wid="11">.</w>
</sentence>
<sentence id="29">
  <w id="0" lemma="|the|" pos="DT" wid="0">The</w>
  <w id="1" lemma="|purpose|" pos="NN" wid="1">purpose</w>
  <w id="2" lemma="|of|" pos="IN" wid="2">of</w>
  <w id="3" lemma="|trial|" pos="NN" wid="3">trial</w>
  <w id="4" lemma="|be|" pos="VBZ" wid="4">is</w>
  <w id="5" lemma="|that|" pos="IN" wid="5">that</w>
  <w id="6" lemma="|the|" pos="DT" wid="6">the</w>
  <w id="7" lemma="|people|" pos="NNS" wid="7">people</w>
  <w id="8" lemma="|may|" pos="MD" wid="8">may</w>
  <w id="9" lemma="|experience|" pos="VB" wid="9">experience</w>
  <w id="10" lemma="|the|" pos="DT" wid="10">the</w>
  <w id="11" lemma="|bitterness|" pos="NN" wid="11">bitterness</w>
  <w id="12" lemma="|of|" pos="IN" wid="12">of</w>
  <w id="13" lemma="|those|" pos="DT" wid="13">those</w>
  <w id="14" lemma="|who|" pos="WP" wid="14">who</w>
  <w id="15" lemma="|abandon|" pos="VBP" wid="15">abandon</w>
  <w id="16" lemma="|God|" pos="NNP" wid="16">God</w>
  <w id="17" lemma="|,|" pos="," wid="17">,</w>
  <w id="18" lemma="|and|" pos="CC" wid="18">and</w>
  <w id="19" lemma="|thus|" pos="RB" wid="19">thus</w>
  <w id="20" lemma="|confront|" pos="VBP" wid="20">confront</w>
  <w id="21" lemma="|the|" pos="DT" wid="21">the</w>
  <w id="22" lemma="|distressing|" pos="JJ" wid="22">distressing</w>
  <w id="23" lemma="|emptiness|" pos="NN" wid="23">emptiness</w>
  <w id="24" lemma="|of|" pos="IN" wid="24">of</w>
  <w id="25" lemma="|choosing|" pos="NN" wid="25">choosing</w>
  <w id="26" lemma="|death|" pos="NN" wid="26">death</w>
  <w id="27" lemma="|.|" pos="." wid="27">.</w>
</sentence>
<sentence id="30">
  <w id="0" lemma="|suffer|" pos="VBG" wid="0">Suffering</w>
  <w id="1" lemma="|,|" pos="," wid="1">,</w>
  <w id="2" lemma="|the|" pos="DT" wid="2">the</w>
  <w id="3" lemma="|inevitable|" pos="JJ" wid="3">inevitable</w>
  <w id="4" lemma="|consequence|" pos="NN" wid="4">consequence</w>
  <w id="5" lemma="|of|" pos="IN" wid="5">of</w>
  <w id="6" lemma="|a|" pos="DT" wid="6">a</w>
  <w id="7" lemma="|self-destructive|" pos="JJ" wid="7">self-destructive</w>
  <w id="8" lemma="|decision|" pos="NN" wid="8">decision</w>
  <w id="9" lemma="|,|" pos="," wid="9">,</w>
  <w id="10" lemma="|must|" pos="MD" wid="10">must</w>
  <w id="11" lemma="|make|" pos="VB" wid="11">make</w>
  <w id="12" lemma="|sinner|" pos="NNS" wid="12">sinners</w>
  <w id="13" lemma="|reflect|" pos="VBP" wid="13">reflect</w>
  <w id="14" lemma="|in|" pos="IN" wid="14">in</w>
  <w id="15" lemma="|order|" pos="NN" wid="15">order</w>
  <w id="16" lemma="|for|" pos="IN" wid="16">for</w>
  <w id="17" lemma="|they|" pos="PRP" wid="17">them</w>
  <w id="18" lemma="|to|" pos="TO" wid="18">to</w>
  <w id="19" lemma="|be|" pos="VB" wid="19">be</w>
  <w id="20" lemma="|open|" pos="JJ" wid="20">open</w>
  <w id="21" lemma="|to|" pos="TO" wid="21">to</w>
  <w id="22" lemma="|conversion|" pos="NN" wid="22">conversion</w>
  <w id="23" lemma="|and|" pos="CC" wid="23">and</w>
  <w id="24" lemma="|forgiveness|" pos="NN" wid="24">forgiveness</w>
  <w id="25" lemma="|.|" pos="." wid="25">.</w>
</sentence>
<sentence id="31">
  <w id="0" lemma="|this|" pos="DT" wid="0">This</w>
  <w id="1" lemma="|be|" pos="VBZ" wid="1">is</w>
  <w id="2" lemma="|the|" pos="DT" wid="2">the</w>
  <w id="3" lemma="|way|" pos="NN" wid="3">way</w>
  <w id="4" lemma="|of|" pos="IN" wid="4">of</w>
  <w id="5" lemma="|divine|" pos="JJ" wid="5">divine</w>
  <w id="6" lemma="|mercy|" pos="NN" wid="6">mercy</w>
  <w id="7" lemma="|.|" pos="." wid="7">.</w>
</sentence>
<sentence id="32">
  <w id="0" lemma="|God|" pos="NNP" wid="0">God</w>
  <w id="1" lemma="|do|" pos="VBZ" wid="1">does</w>
  <w id="2" lemma="|not|" pos="RB" wid="2">not</w>
  <w id="3" lemma="|deal|" pos="VB" wid="3">deal</w>
  <w id="4" lemma="|with|" pos="IN" wid="4">with</w>
  <w id="5" lemma="|we|" pos="PRP" wid="5">us</w>
  <w id="6" lemma="|accord|" pos="VBG" wid="6">according</w>
  <w id="7" lemma="|to|" pos="TO" wid="7">to</w>
  <w id="8" lemma="|we|" pos="PRP$" wid="8">our</w>
  <w id="9" lemma="|fault|" pos="NNS" wid="9">faults</w>
  <w id="10" lemma="|-lrb-|" pos="-LRB-" wid="10">-LRB-</w>
  <w id="11" lemma="|cf|" pos="NN" wid="11">cf</w>
  <w id="12" lemma="|.|" pos="." wid="12">.</w>
</sentence>
<sentence id="33">
  <w id="0" lemma="|ps|" pos="NN" wid="0">Ps</w>
  <w id="1" lemma="|103|" pos="CD" wid="1">103</w>
  <w id="2" lemma="|-lsb-|" pos="-LRB-" wid="2">-LSB-</w>
  <w id="3" lemma="|102|" pos="CD" wid="3">102</w>
  <w id="4" lemma="|-rsb-|" pos="-RRB-" wid="4">-RSB-</w>
  <w id="5" lemma="|:10|" pos="CD" wid="5">:10</w>
  <w id="6" lemma="|-rsb-|" pos="-RRB-" wid="6">-RSB-</w>
  <w id="7" lemma="|.|" pos="." wid="7">.</w>
</sentence>
<sentence id="34">
  <w id="0" lemma="|punishment|" pos="NN" wid="0">Punishment</w>
  <w id="1" lemma="|become|" pos="VBZ" wid="1">becomes</w>
  <w id="2" lemma="|a|" pos="DT" wid="2">an</w>
  <w id="3" lemma="|instrument|" pos="NN" wid="3">instrument</w>
  <w id="4" lemma="|to|" pos="TO" wid="4">to</w>
  <w id="5" lemma="|spur|" pos="VB" wid="5">spur</w>
  <w id="6" lemma="|reflection|" pos="NN" wid="6">reflection</w>
  <w id="7" lemma="|.|" pos="." wid="7">.</w>
</sentence>
<sentence id="35">
  <w id="0" lemma="|thus|" pos="RB" wid="0">Thus</w>
  <w id="1" lemma="|,|" pos="," wid="1">,</w>
  <w id="2" lemma="|one|" pos="PRP" wid="2">one</w>
  <w id="3" lemma="|can|" pos="MD" wid="3">can</w>
  <w id="4" lemma="|understand|" pos="VB" wid="4">understand</w>
  <w id="5" lemma="|that|" pos="IN" wid="5">that</w>
  <w id="6" lemma="|God|" pos="NNP" wid="6">God</w>
  <w id="7" lemma="|forgive|" pos="VBZ" wid="7">forgives</w>
  <w id="8" lemma="|he|" pos="PRP$" wid="8">his</w>
  <w id="9" lemma="|people|" pos="NNS" wid="9">people</w>
  <w id="10" lemma="|,|" pos="," wid="10">,</w>
  <w id="11" lemma="|he|" pos="PRP" wid="11">he</w>
  <w id="12" lemma="|forgive|" pos="VBZ" wid="12">forgives</w>
  <w id="13" lemma="|and|" pos="CC" wid="13">and</w>
  <w id="14" lemma="|do|" pos="VBZ" wid="14">does</w>
  <w id="15" lemma="|not|" pos="RB" wid="15">not</w>
  <w id="16" lemma="|destroy|" pos="VB" wid="16">destroy</w>
  <w id="17" lemma="|all|" pos="DT" wid="17">all</w>
  <w id="18" lemma="|,|" pos="," wid="18">,</w>
  <w id="19" lemma="|but|" pos="CC" wid="19">but</w>
  <w id="20" lemma="|always|" pos="RB" wid="20">always</w>
  <w id="21" lemma="|leave|" pos="VBZ" wid="21">leaves</w>
  <w id="22" lemma="|the|" pos="DT" wid="22">the</w>
  <w id="23" lemma="|door|" pos="NN" wid="23">door</w>
  <w id="24" lemma="|open|" pos="JJ" wid="24">open</w>
  <w id="25" lemma="|to|" pos="TO" wid="25">to</w>
  <w id="26" lemma="|hope|" pos="VB" wid="26">hope</w>
  <w id="27" lemma="|.|" pos="." wid="27">.</w>
</sentence>
<sentence id="36">
  <w id="0" lemma="|Salvation|" pos="NNP" wid="0">Salvation</w>
  <w id="1" lemma="|entail|" pos="VBZ" wid="1">entails</w>
  <w id="2" lemma="|the|" pos="DT" wid="2">the</w>
  <w id="3" lemma="|decision|" pos="NN" wid="3">decision</w>
  <w id="4" lemma="|to|" pos="TO" wid="4">to</w>
  <w id="5" lemma="|listen|" pos="VB" wid="5">listen</w>
  <w id="6" lemma="|and|" pos="CC" wid="6">and</w>
  <w id="7" lemma="|allow|" pos="VB" wid="7">allow</w>
  <w id="8" lemma="|oneself|" pos="NN" wid="8">oneself</w>
  <w id="9" lemma="|to|" pos="TO" wid="9">to</w>
  <w id="10" lemma="|convert|" pos="VB" wid="10">convert</w>
  <w id="11" lemma="|,|" pos="," wid="11">,</w>
  <w id="12" lemma="|but|" pos="CC" wid="12">but</w>
  <w id="13" lemma="|it|" pos="PRP" wid="13">it</w>
  <w id="14" lemma="|be|" pos="VBZ" wid="14">is</w>
  <w id="15" lemma="|always|" pos="RB" wid="15">always</w>
  <w id="16" lemma="|freely|" pos="RB" wid="16">freely</w>
  <w id="17" lemma="|give|" pos="VBN" wid="17">given</w>
  <w id="18" lemma="|.|" pos="." wid="18">.</w>
</sentence>
<sentence id="37">
  <w id="0" lemma="|therefore|" pos="RB" wid="0">Therefore</w>
  <w id="1" lemma="|the|" pos="DT" wid="1">the</w>
  <w id="2" lemma="|Lord|" pos="NNP" wid="2">Lord</w>
  <w id="3" lemma="|,|" pos="," wid="3">,</w>
  <w id="4" lemma="|in|" pos="IN" wid="4">in</w>
  <w id="5" lemma="|he|" pos="PRP$" wid="5">his</w>
  <w id="6" lemma="|mercy|" pos="NN" wid="6">mercy</w>
  <w id="7" lemma="|,|" pos="," wid="7">,</w>
  <w id="8" lemma="|indicate|" pos="VBZ" wid="8">indicates</w>
  <w id="9" lemma="|a|" pos="DT" wid="9">a</w>
  <w id="10" lemma="|path|" pos="NN" wid="10">path</w>
  <w id="11" lemma="|that|" pos="WDT" wid="11">that</w>
  <w id="12" lemma="|be|" pos="VBZ" wid="12">is</w>
  <w id="13" lemma="|not|" pos="RB" wid="13">not</w>
  <w id="14" lemma="|that|" pos="DT" wid="14">that</w>
  <w id="15" lemma="|of|" pos="IN" wid="15">of</w>
  <w id="16" lemma="|ritual|" pos="NN" wid="16">ritual</w>
  <w id="17" lemma="|sacrifice|" pos="NNS" wid="17">sacrifices</w>
  <w id="18" lemma="|,|" pos="," wid="18">,</w>
  <w id="19" lemma="|but|" pos="CC" wid="19">but</w>
  <w id="20" lemma="|rather|" pos="RB" wid="20">rather</w>
  <w id="21" lemma="|of|" pos="IN" wid="21">of</w>
  <w id="22" lemma="|justice|" pos="NN" wid="22">justice</w>
  <w id="23" lemma="|.|" pos="." wid="23">.</w>
</sentence>
<sentence id="38">
  <w id="0" lemma="|worship|" pos="NN" wid="0">Worship</w>
  <w id="1" lemma="|be|" pos="VBZ" wid="1">is</w>
  <w id="2" lemma="|criticize|" pos="VBN" wid="2">criticized</w>
  <w id="3" lemma="|not|" pos="RB" wid="3">not</w>
  <w id="4" lemma="|because|" pos="IN" wid="4">because</w>
  <w id="5" lemma="|it|" pos="PRP" wid="5">it</w>
  <w id="6" lemma="|be|" pos="VBZ" wid="6">is</w>
  <w id="7" lemma="|useless|" pos="JJ" wid="7">useless</w>
  <w id="8" lemma="|in|" pos="IN" wid="8">in</w>
  <w id="9" lemma="|itself|" pos="PRP" wid="9">itself</w>
  <w id="10" lemma="|,|" pos="," wid="10">,</w>
  <w id="11" lemma="|but|" pos="CC" wid="11">but</w>
  <w id="12" lemma="|because|" pos="RB" wid="12">because</w>
  <w id="13" lemma="|,|" pos="," wid="13">,</w>
  <w id="14" lemma="|instead|" pos="RB" wid="14">instead</w>
  <w id="15" lemma="|of|" pos="IN" wid="15">of</w>
  <w id="16" lemma="|express|" pos="VBG" wid="16">expressing</w>
  <w id="17" lemma="|conversion|" pos="NN" wid="17">conversion</w>
  <w id="18" lemma="|,|" pos="," wid="18">,</w>
  <w id="19" lemma="|it|" pos="PRP" wid="19">it</w>
  <w id="20" lemma="|put|" pos="VBZ" wid="20">puts</w>
  <w id="21" lemma="|itself|" pos="PRP" wid="21">itself</w>
  <w id="22" lemma="|forward|" pos="RB" wid="22">forward</w>
  <w id="23" lemma="|;|" pos=":" wid="23">;</w>
  <w id="24" lemma="|and|" pos="CC" wid="24">and</w>
  <w id="25" lemma="|it|" pos="PRP" wid="25">it</w>
  <w id="26" lemma="|thus|" pos="RB" wid="26">thus</w>
  <w id="27" lemma="|become|" pos="VBZ" wid="27">becomes</w>
  <w id="28" lemma="|a|" pos="DT" wid="28">a</w>
  <w id="29" lemma="|quest|" pos="NN" wid="29">quest</w>
  <w id="30" lemma="|for|" pos="IN" wid="30">for</w>
  <w id="31" lemma="|one|" pos="NN" wid="31">one</w>
  <w id="32" lemma="|'s|" pos="POS" wid="32">'s</w>
  <w id="33" lemma="|own|" pos="JJ" wid="33">own</w>
  <w id="34" lemma="|justice|" pos="NN" wid="34">justice</w>
  <w id="35" lemma="|,|" pos="," wid="35">,</w>
  <w id="36" lemma="|create|" pos="VBG" wid="36">creating</w>
  <w id="37" lemma="|the|" pos="DT" wid="37">the</w>
  <w id="38" lemma="|misleading|" pos="JJ" wid="38">misleading</w>
  <w id="39" lemma="|conviction|" pos="NN" wid="39">conviction</w>
  <w id="40" lemma="|that|" pos="IN" wid="40">that</w>
  <w id="41" lemma="|it|" pos="PRP" wid="41">it</w>
  <w id="42" lemma="|be|" pos="VBZ" wid="42">is</w>
  <w id="43" lemma="|the|" pos="DT" wid="43">the</w>
  <w id="44" lemma="|sacrifice|" pos="NNS" wid="44">sacrifices</w>
  <w id="45" lemma="|that|" pos="WDT" wid="45">that</w>
  <w id="46" lemma="|save|" pos="VBP" wid="46">save</w>
  <w id="47" lemma="|,|" pos="," wid="47">,</w>
  <w id="48" lemma="|not|" pos="RB" wid="48">not</w>
  <w id="49" lemma="|divine|" pos="JJ" wid="49">divine</w>
  <w id="50" lemma="|mercy|" pos="NN" wid="50">mercy</w>
  <w id="51" lemma="|that|" pos="WDT" wid="51">that</w>
  <w id="52" lemma="|forgive|" pos="VBZ" wid="52">forgives</w>
  <w id="53" lemma="|sin|" pos="NN" wid="53">sin</w>
  <w id="54" lemma="|.|" pos="." wid="54">.</w>
</sentence>
<sentence id="39">
  <w id="0" lemma="|to|" pos="TO" wid="0">To</w>
  <w id="1" lemma="|understand|" pos="VB" wid="1">understand</w>
  <w id="2" lemma="|this|" pos="DT" wid="2">this</w>
  <w id="3" lemma="|clearly|" pos="RB" wid="3">clearly</w>
  <w id="4" lemma="|:|" pos=":" wid="4">:</w>
  <w id="5" lemma="|when|" pos="WRB" wid="5">when</w>
  <w id="6" lemma="|a|" pos="DT" wid="6">a</w>
  <w id="7" lemma="|person|" pos="NN" wid="7">person</w>
  <w id="8" lemma="|be|" pos="VBZ" wid="8">is</w>
  <w id="9" lemma="|sick|" pos="JJ" wid="9">sick</w>
  <w id="10" lemma="|he|" pos="PRP" wid="10">he</w>
  <w id="11" lemma="|go|" pos="VBZ" wid="11">goes</w>
  <w id="12" lemma="|to|" pos="TO" wid="12">to</w>
  <w id="13" lemma="|the|" pos="DT" wid="13">the</w>
  <w id="14" lemma="|doctor|" pos="NN" wid="14">doctor</w>
  <w id="15" lemma="|;|" pos=":" wid="15">;</w>
  <w id="16" lemma="|when|" pos="WRB" wid="16">when</w>
  <w id="17" lemma="|a|" pos="DT" wid="17">a</w>
  <w id="18" lemma="|person|" pos="NN" wid="18">person</w>
  <w id="19" lemma="|feel|" pos="VBZ" wid="19">feels</w>
  <w id="20" lemma="|he|" pos="PRP" wid="20">he</w>
  <w id="21" lemma="|be|" pos="VBZ" wid="21">is</w>
  <w id="22" lemma="|a|" pos="DT" wid="22">a</w>
  <w id="23" lemma="|sinner|" pos="NN" wid="23">sinner</w>
  <w id="24" lemma="|he|" pos="PRP" wid="24">he</w>
  <w id="25" lemma="|go|" pos="VBZ" wid="25">goes</w>
  <w id="26" lemma="|to|" pos="TO" wid="26">to</w>
  <w id="27" lemma="|the|" pos="DT" wid="27">the</w>
  <w id="28" lemma="|Lord|" pos="NNP" wid="28">Lord</w>
  <w id="29" lemma="|.|" pos="." wid="29">.</w>
</sentence>
<sentence id="40">
  <w id="0" lemma="|if|" pos="IN" wid="0">If</w>
  <w id="1" lemma="|,|" pos="," wid="1">,</w>
  <w id="2" lemma="|instead|" pos="RB" wid="2">instead</w>
  <w id="3" lemma="|of|" pos="IN" wid="3">of</w>
  <w id="4" lemma="|go|" pos="VBG" wid="4">going</w>
  <w id="5" lemma="|to|" pos="TO" wid="5">to</w>
  <w id="6" lemma="|the|" pos="DT" wid="6">the</w>
  <w id="7" lemma="|doctor|" pos="NN" wid="7">doctor</w>
  <w id="8" lemma="|,|" pos="," wid="8">,</w>
  <w id="9" lemma="|he|" pos="PRP" wid="9">he</w>
  <w id="10" lemma="|go|" pos="VBZ" wid="10">goes</w>
  <w id="11" lemma="|to|" pos="TO" wid="11">to</w>
  <w id="12" lemma="|a|" pos="DT" wid="12">a</w>
  <w id="13" lemma="|sorcerer|" pos="NN" wid="13">sorcerer</w>
  <w id="14" lemma="|,|" pos="," wid="14">,</w>
  <w id="15" lemma="|he|" pos="PRP" wid="15">he</w>
  <w id="16" lemma="|be|" pos="VBZ" wid="16">is</w>
  <w id="17" lemma="|not|" pos="RB" wid="17">not</w>
  <w id="18" lemma="|heal|" pos="VBN" wid="18">healed</w>
  <w id="19" lemma="|.|" pos="." wid="19">.</w>
</sentence>
<sentence id="41">
  <w id="0" lemma="|so|" pos="RB" wid="0">So</w>
  <w id="1" lemma="|often|" pos="RB" wid="1">often</w>
  <w id="2" lemma="|we|" pos="PRP" wid="2">we</w>
  <w id="3" lemma="|do|" pos="VBP" wid="3">do</w>
  <w id="4" lemma="|not|" pos="RB" wid="4">not</w>
  <w id="5" lemma="|go|" pos="VB" wid="5">go</w>
  <w id="6" lemma="|to|" pos="TO" wid="6">to</w>
  <w id="7" lemma="|the|" pos="DT" wid="7">the</w>
  <w id="8" lemma="|Lord|" pos="NNP" wid="8">Lord</w>
  <w id="9" lemma="|,|" pos="," wid="9">,</w>
  <w id="10" lemma="|but|" pos="CC" wid="10">but</w>
  <w id="11" lemma="|prefer|" pos="VBP" wid="11">prefer</w>
  <w id="12" lemma="|to|" pos="TO" wid="12">to</w>
  <w id="13" lemma="|take|" pos="VB" wid="13">take</w>
  <w id="14" lemma="|the|" pos="DT" wid="14">the</w>
  <w id="15" lemma="|wrong|" pos="JJ" wid="15">wrong</w>
  <w id="16" lemma="|path|" pos="NN" wid="16">path</w>
  <w id="17" lemma="|,|" pos="," wid="17">,</w>
  <w id="18" lemma="|seek|" pos="VBG" wid="18">seeking</w>
  <w id="19" lemma="|justification|" pos="NNS" wid="19">justifications</w>
  <w id="20" lemma="|,|" pos="," wid="20">,</w>
  <w id="21" lemma="|justice|" pos="NN" wid="21">justice</w>
  <w id="22" lemma="|or|" pos="CC" wid="22">or</w>
  <w id="23" lemma="|peace|" pos="NN" wid="23">peace</w>
  <w id="24" lemma="|without|" pos="IN" wid="24">without</w>
  <w id="25" lemma="|he|" pos="PRP" wid="25">him</w>
  <w id="26" lemma="|.|" pos="." wid="26">.</w>
</sentence>
<sentence id="42">
  <w id="0" lemma="|God|" pos="NNP" wid="0">God</w>
  <w id="1" lemma="|,|" pos="," wid="1">,</w>
  <w id="2" lemma="|say|" pos="VBZ" wid="2">says</w>
  <w id="3" lemma="|the|" pos="DT" wid="3">the</w>
  <w id="4" lemma="|prophet|" pos="NN" wid="4">prophet</w>
  <w id="5" lemma="|Isaiah|" pos="NNP" wid="5">Isaiah</w>
  <w id="6" lemma="|,|" pos="," wid="6">,</w>
  <w id="7" lemma="|do|" pos="VBZ" wid="7">does</w>
  <w id="8" lemma="|not|" pos="RB" wid="8">not</w>
  <w id="9" lemma="|delight|" pos="VB" wid="9">delight</w>
  <w id="10" lemma="|in|" pos="IN" wid="10">in</w>
  <w id="11" lemma="|the|" pos="DT" wid="11">the</w>
  <w id="12" lemma="|blood|" pos="NN" wid="12">blood</w>
  <w id="13" lemma="|of|" pos="IN" wid="13">of</w>
  <w id="14" lemma="|bull|" pos="NNS" wid="14">bulls</w>
  <w id="15" lemma="|and|" pos="CC" wid="15">and</w>
  <w id="16" lemma="|of|" pos="IN" wid="16">of</w>
  <w id="17" lemma="|lamb|" pos="NNS" wid="17">lambs</w>
  <w id="18" lemma="|-lrb-|" pos="-LRB-" wid="18">-LRB-</w>
  <w id="19" lemma="|1:11|" pos="CD" wid="19">1:11</w>
  <w id="20" lemma="|-rrb-|" pos="-RRB-" wid="20">-RRB-</w>
  <w id="21" lemma="|,|" pos="," wid="21">,</w>
  <w id="22" lemma="|particularly|" pos="RB" wid="22">particularly</w>
  <w id="23" lemma="|if|" pos="IN" wid="23">if</w>
  <w id="24" lemma="|the|" pos="DT" wid="24">the</w>
  <w id="25" lemma="|offering|" pos="NN" wid="25">offering</w>
  <w id="26" lemma="|be|" pos="VBZ" wid="26">is</w>
  <w id="27" lemma="|make|" pos="VBN" wid="27">made</w>
  <w id="28" lemma="|by|" pos="IN" wid="28">by</w>
  <w id="29" lemma="|hand|" pos="NNS" wid="29">hands</w>
  <w id="30" lemma="|stain|" pos="VBN" wid="30">stained</w>
  <w id="31" lemma="|with|" pos="IN" wid="31">with</w>
  <w id="32" lemma="|we|" pos="PRP$" wid="32">our</w>
  <w id="33" lemma="|brother|" pos="NNS" wid="33">brothers</w>
  <w id="34" lemma="|'|" pos="POS" wid="34">'</w>
  <w id="35" lemma="|blood|" pos="NN" wid="35">blood</w>
  <w id="36" lemma="|-lrb-|" pos="-LRB-" wid="36">-LRB-</w>
  <w id="37" lemma="|v.|" pos="CC" wid="37">v.</w>
  <w id="38" lemma="|15|" pos="CD" wid="38">15</w>
  <w id="39" lemma="|-rrb-|" pos="-RRB-" wid="39">-RRB-</w>
  <w id="40" lemma="|.|" pos="." wid="40">.</w>
</sentence>
<sentence id="43">
  <w id="0" lemma="|I|" pos="PRP" wid="0">I</w>
  <w id="1" lemma="|be|" pos="VBP" wid="1">am</w>
  <w id="2" lemma="|think|" pos="VBG" wid="2">thinking</w>
  <w id="3" lemma="|of|" pos="IN" wid="3">of</w>
  <w id="4" lemma="|several|" pos="JJ" wid="4">several</w>
  <w id="5" lemma="|benefactor|" pos="NNS" wid="5">benefactors</w>
  <w id="6" lemma="|of|" pos="IN" wid="6">of</w>
  <w id="7" lemma="|the|" pos="DT" wid="7">the</w>
  <w id="8" lemma="|Church|" pos="NNP" wid="8">Church</w>
  <w id="9" lemma="|who|" pos="WP" wid="9">who</w>
  <w id="10" lemma="|come|" pos="VBP" wid="10">come</w>
  <w id="11" lemma="|with|" pos="IN" wid="11">with</w>
  <w id="12" lemma="|a|" pos="DT" wid="12">an</w>
  <w id="13" lemma="|offering|" pos="NN" wid="13">offering</w>
  <w id="14" lemma="|--|" pos=":" wid="14">--</w>
  <w id="15" lemma="|``|" pos="``" wid="15">``</w>
  <w id="16" lemma="|take|" pos="VB" wid="16">Take</w>
  <w id="17" lemma="|this|" pos="DT" wid="17">this</w>
  <w id="18" lemma="|offering|" pos="NN" wid="18">offering</w>
  <w id="19" lemma="|for|" pos="IN" wid="19">for</w>
  <w id="20" lemma="|the|" pos="DT" wid="20">the</w>
  <w id="21" lemma="|Church|" pos="NNP" wid="21">Church</w>
  <w id="22" lemma="|''|" pos="''" wid="22">''</w>
  <w id="23" lemma="|--|" pos=":" wid="23">--</w>
  <w id="24" lemma="|which|" pos="WDT" wid="24">which</w>
  <w id="25" lemma="|be|" pos="VBZ" wid="25">is</w>
  <w id="26" lemma="|the|" pos="DT" wid="26">the</w>
  <w id="27" lemma="|fruit|" pos="NN" wid="27">fruit</w>
  <w id="28" lemma="|of|" pos="IN" wid="28">of</w>
  <w id="29" lemma="|the|" pos="DT" wid="29">the</w>
  <w id="30" lemma="|blood|" pos="NN" wid="30">blood</w>
  <w id="31" lemma="|of|" pos="IN" wid="31">of</w>
  <w id="32" lemma="|so|" pos="RB" wid="32">so</w>
  <w id="33" lemma="|many|" pos="JJ" wid="33">many</w>
  <w id="34" lemma="|exploit|" pos="VBN" wid="34">exploited</w>
  <w id="35" lemma="|,|" pos="," wid="35">,</w>
  <w id="36" lemma="|mistreat|" pos="VBN" wid="36">mistreated</w>
  <w id="37" lemma="|,|" pos="," wid="37">,</w>
  <w id="38" lemma="|enslaved|" pos="JJ" wid="38">enslaved</w>
  <w id="39" lemma="|people|" pos="NNS" wid="39">people</w>
  <w id="40" lemma="|and|" pos="CC" wid="40">and</w>
  <w id="41" lemma="|they|" pos="PRP$" wid="41">their</w>
  <w id="42" lemma="|poorly|" pos="RB" wid="42">poorly</w>
  <w id="43" lemma="|pay|" pos="VBN" wid="43">paid</w>
  <w id="44" lemma="|work|" pos="NN" wid="44">work</w>
  <w id="45" lemma="|!|" pos="." wid="45">!</w>
</sentence>
<sentence id="44">
  <w id="0" lemma="|I|" pos="PRP" wid="0">I</w>
  <w id="1" lemma="|would|" pos="MD" wid="1">would</w>
  <w id="2" lemma="|say|" pos="VB" wid="2">say</w>
  <w id="3" lemma="|to|" pos="TO" wid="3">to</w>
  <w id="4" lemma="|these|" pos="DT" wid="4">these</w>
  <w id="5" lemma="|people|" pos="NNS" wid="5">people</w>
  <w id="6" lemma="|:|" pos=":" wid="6">:</w>
  <w id="7" lemma="|``|" pos="``" wid="7">``</w>
  <w id="8" lemma="|please|" pos="VB" wid="8">Please</w>
  <w id="9" lemma="|,|" pos="," wid="9">,</w>
  <w id="10" lemma="|take|" pos="VB" wid="10">take</w>
  <w id="11" lemma="|back|" pos="RP" wid="11">back</w>
  <w id="12" lemma="|you|" pos="PRP$" wid="12">your</w>
  <w id="13" lemma="|cheque|" pos="NN" wid="13">cheque</w>
  <w id="14" lemma="|,|" pos="," wid="14">,</w>
  <w id="15" lemma="|burn|" pos="VBP" wid="15">burn</w>
  <w id="16" lemma="|it|" pos="PRP" wid="16">it</w>
  <w id="17" lemma="|''|" pos="''" wid="17">''</w>
  <w id="18" lemma="|.|" pos="." wid="18">.</w>
</sentence>
<sentence id="45">
  <w id="0" lemma="|the|" pos="DT" wid="0">The</w>
  <w id="1" lemma="|People|" pos="NNP" wid="1">People</w>
  <w id="2" lemma="|of|" pos="IN" wid="2">of</w>
  <w id="3" lemma="|God|" pos="NNP" wid="3">God</w>
  <w id="4" lemma="|,|" pos="," wid="4">,</w>
  <w id="5" lemma="|namely|" pos="RB" wid="5">namely</w>
  <w id="6" lemma="|,|" pos="," wid="6">,</w>
  <w id="7" lemma="|the|" pos="DT" wid="7">the</w>
  <w id="8" lemma="|Church|" pos="NNP" wid="8">Church</w>
  <w id="9" lemma="|,|" pos="," wid="9">,</w>
  <w id="10" lemma="|do|" pos="VBZ" wid="10">does</w>
  <w id="11" lemma="|not|" pos="RB" wid="11">not</w>
  <w id="12" lemma="|need|" pos="VB" wid="12">need</w>
  <w id="13" lemma="|dirty|" pos="JJ" wid="13">dirty</w>
  <w id="14" lemma="|money|" pos="NN" wid="14">money</w>
  <w id="15" lemma="|.|" pos="." wid="15">.</w>
</sentence>
<sentence id="46">
  <w id="0" lemma="|they|" pos="PRP" wid="0">They</w>
  <w id="1" lemma="|need|" pos="VBP" wid="1">need</w>
  <w id="2" lemma="|heart|" pos="NNS" wid="2">hearts</w>
  <w id="3" lemma="|open|" pos="JJ" wid="3">open</w>
  <w id="4" lemma="|to|" pos="TO" wid="4">to</w>
  <w id="5" lemma="|the|" pos="DT" wid="5">the</w>
  <w id="6" lemma="|mercy|" pos="NN" wid="6">mercy</w>
  <w id="7" lemma="|of|" pos="IN" wid="7">of</w>
  <w id="8" lemma="|God|" pos="NNP" wid="8">God</w>
  <w id="9" lemma="|.|" pos="." wid="9">.</w>
</sentence>
<sentence id="47">
  <w id="0" lemma="|it|" pos="PRP" wid="0">It</w>
  <w id="1" lemma="|be|" pos="VBZ" wid="1">is</w>
  <w id="2" lemma="|important|" pos="JJ" wid="2">important</w>
  <w id="3" lemma="|to|" pos="TO" wid="3">to</w>
  <w id="4" lemma="|approach|" pos="VB" wid="4">approach</w>
  <w id="5" lemma="|God|" pos="NNP" wid="5">God</w>
  <w id="6" lemma="|with|" pos="IN" wid="6">with</w>
  <w id="7" lemma="|clean|" pos="JJ" wid="7">clean</w>
  <w id="8" lemma="|hand|" pos="NNS" wid="8">hands</w>
  <w id="9" lemma="|,|" pos="," wid="9">,</w>
  <w id="10" lemma="|avoid|" pos="VBG" wid="10">avoiding</w>
  <w id="11" lemma="|evil|" pos="NN" wid="11">evil</w>
  <w id="12" lemma="|and|" pos="CC" wid="12">and</w>
  <w id="13" lemma="|practise|" pos="VBG" wid="13">practising</w>
  <w id="14" lemma="|goodness|" pos="NN" wid="14">goodness</w>
  <w id="15" lemma="|and|" pos="CC" wid="15">and</w>
  <w id="16" lemma="|justice|" pos="NN" wid="16">justice</w>
  <w id="17" lemma="|.|" pos="." wid="17">.</w>
</sentence>
<sentence id="48">
  <w id="0" lemma="|the|" pos="DT" wid="0">The</w>
  <w id="1" lemma="|way|" pos="NN" wid="1">way</w>
  <w id="2" lemma="|the|" pos="DT" wid="2">the</w>
  <w id="3" lemma="|prophet|" pos="NN" wid="3">prophet</w>
  <w id="4" lemma="|conclude|" pos="VBZ" wid="4">concludes</w>
  <w id="5" lemma="|be|" pos="VBZ" wid="5">is</w>
  <w id="6" lemma="|beautiful|" pos="JJ" wid="6">beautiful</w>
  <w id="7" lemma="|:|" pos=":" wid="7">:</w>
  <w id="8" lemma="|``|" pos="``" wid="8">``</w>
  <w id="9" lemma="|cease|" pos="VB" wid="9">cease</w>
  <w id="10" lemma="|to|" pos="TO" wid="10">to</w>
  <w id="11" lemma="|do|" pos="VB" wid="11">do</w>
  <w id="12" lemma="|evil|" pos="NN" wid="12">evil</w>
  <w id="13" lemma="|,|" pos="," wid="13">,</w>
  <w id="14" lemma="|/|" pos=":" wid="14">/</w>
  <w id="15" lemma="|learn|" pos="VB" wid="15">learn</w>
  <w id="16" lemma="|to|" pos="TO" wid="16">to</w>
  <w id="17" lemma="|do|" pos="VB" wid="17">do</w>
  <w id="18" lemma="|good|" pos="JJ" wid="18">good</w>
  <w id="19" lemma="|;|" pos=":" wid="19">;</w>
  <w id="20" lemma="|/|" pos=":" wid="20">/</w>
  <w id="21" lemma="|seek|" pos="VB" wid="21">seek</w>
  <w id="22" lemma="|justice|" pos="NN" wid="22">justice</w>
  <w id="23" lemma="|,|" pos="," wid="23">,</w>
  <w id="24" lemma="|/|" pos=":" wid="24">/</w>
  <w id="25" lemma="|correct|" pos="JJ" wid="25">correct</w>
  <w id="26" lemma="|oppression|" pos="NN" wid="26">oppression</w>
  <w id="27" lemma="|;|" pos=":" wid="27">;</w>
  <w id="28" lemma="|/|" pos=":" wid="28">/</w>
  <w id="29" lemma="|defend|" pos="VB" wid="29">defend</w>
  <w id="30" lemma="|the|" pos="DT" wid="30">the</w>
  <w id="31" lemma="|fatherless|" pos="NN" wid="31">fatherless</w>
  <w id="32" lemma="|,|" pos="," wid="32">,</w>
  <w id="33" lemma="|/|" pos=":" wid="33">/</w>
  <w id="34" lemma="|plead|" pos="VB" wid="34">plead</w>
  <w id="35" lemma="|for|" pos="IN" wid="35">for</w>
  <w id="36" lemma="|the|" pos="DT" wid="36">the</w>
  <w id="37" lemma="|widow|" pos="NN" wid="37">widow</w>
  <w id="38" lemma="|''|" pos="''" wid="38">''</w>
  <w id="39" lemma="|-lrb-|" pos="-LRB-" wid="39">-LRB-</w>
  <w id="40" lemma="|vv|" pos="NN" wid="40">vv</w>
  <w id="41" lemma="|.|" pos="." wid="41">.</w>
</sentence>
<sentence id="49">
  <w id="0" lemma="|16-17|" pos="CD" wid="0">16-17</w>
  <w id="1" lemma="|-rrb-|" pos="-RRB-" wid="1">-RRB-</w>
  <w id="2" lemma="|.|" pos="." wid="2">.</w>
</sentence>
<sentence id="50">
  <w id="0" lemma="|think|" pos="VB" wid="0">Think</w>
  <w id="1" lemma="|of|" pos="IN" wid="1">of</w>
  <w id="2" lemma="|the|" pos="DT" wid="2">the</w>
  <w id="3" lemma="|many|" pos="JJ" wid="3">many</w>
  <w id="4" lemma="|refugee|" pos="NNS" wid="4">refugees</w>
  <w id="5" lemma="|who|" pos="WP" wid="5">who</w>
  <w id="6" lemma="|land|" pos="VBP" wid="6">land</w>
  <w id="7" lemma="|in|" pos="IN" wid="7">in</w>
  <w id="8" lemma="|Europe|" pos="NNP" wid="8">Europe</w>
  <w id="9" lemma="|and|" pos="CC" wid="9">and</w>
  <w id="10" lemma="|do|" pos="VBP" wid="10">do</w>
  <w id="11" lemma="|not|" pos="RB" wid="11">not</w>
  <w id="12" lemma="|know|" pos="VB" wid="12">know</w>
  <w id="13" lemma="|where|" pos="WRB" wid="13">where</w>
  <w id="14" lemma="|to|" pos="TO" wid="14">to</w>
  <w id="15" lemma="|go|" pos="VB" wid="15">go</w>
  <w id="16" lemma="|.|" pos="." wid="16">.</w>
</sentence>
<sentence id="51">
  <w id="0" lemma="|now|" pos="RB" wid="0">Now</w>
  <w id="1" lemma="|,|" pos="," wid="1">,</w>
  <w id="2" lemma="|the|" pos="DT" wid="2">the</w>
  <w id="3" lemma="|Lord|" pos="NNP" wid="3">Lord</w>
  <w id="4" lemma="|say|" pos="VBZ" wid="4">says</w>
  <w id="5" lemma="|,|" pos="," wid="5">,</w>
  <w id="6" lemma="|you|" pos="PRP$" wid="6">your</w>
  <w id="7" lemma="|sin|" pos="NNS" wid="7">sins</w>
  <w id="8" lemma="|,|" pos="," wid="8">,</w>
  <w id="9" lemma="|though|" pos="IN" wid="9">though</w>
  <w id="10" lemma="|they|" pos="PRP" wid="10">they</w>
  <w id="11" lemma="|be|" pos="VB" wid="11">be</w>
  <w id="12" lemma="|scarlet|" pos="JJ" wid="12">scarlet</w>
  <w id="13" lemma="|,|" pos="," wid="13">,</w>
  <w id="14" lemma="|shall|" pos="MD" wid="14">shall</w>
  <w id="15" lemma="|become|" pos="VB" wid="15">become</w>
  <w id="16" lemma="|white|" pos="JJ" wid="16">white</w>
  <w id="17" lemma="|as|" pos="IN" wid="17">as</w>
  <w id="18" lemma="|snow|" pos="NN" wid="18">snow</w>
  <w id="19" lemma="|,|" pos="," wid="19">,</w>
  <w id="20" lemma="|pure|" pos="JJ" wid="20">pure</w>
  <w id="21" lemma="|white|" pos="NN" wid="21">white</w>
  <w id="22" lemma="|like|" pos="IN" wid="22">like</w>
  <w id="23" lemma="|wool|" pos="NN" wid="23">wool</w>
  <w id="24" lemma="|,|" pos="," wid="24">,</w>
  <w id="25" lemma="|and|" pos="CC" wid="25">and</w>
  <w id="26" lemma="|the|" pos="DT" wid="26">the</w>
  <w id="27" lemma="|people|" pos="NNS" wid="27">people</w>
  <w id="28" lemma="|will|" pos="MD" wid="28">will</w>
  <w id="29" lemma="|be|" pos="VB" wid="29">be</w>
  <w id="30" lemma="|able|" pos="JJ" wid="30">able</w>
  <w id="31" lemma="|to|" pos="TO" wid="31">to</w>
  <w id="32" lemma="|eat|" pos="VB" wid="32">eat</w>
  <w id="33" lemma="|the|" pos="DT" wid="33">the</w>
  <w id="34" lemma="|good|" pos="NN" wid="34">good</w>
  <w id="35" lemma="|of|" pos="IN" wid="35">of</w>
  <w id="36" lemma="|the|" pos="DT" wid="36">the</w>
  <w id="37" lemma="|land|" pos="NN" wid="37">land</w>
  <w id="38" lemma="|and|" pos="CC" wid="38">and</w>
  <w id="39" lemma="|live|" pos="VBP" wid="39">live</w>
  <w id="40" lemma="|in|" pos="IN" wid="40">in</w>
  <w id="41" lemma="|peace|" pos="NN" wid="41">peace</w>
  <w id="42" lemma="|-lrb-|" pos="-LRB-" wid="42">-LRB-</w>
  <w id="43" lemma="|cf|" pos="NN" wid="43">cf</w>
  <w id="44" lemma="|.|" pos="." wid="44">.</w>
</sentence>
<sentence id="52">
  <w id="0" lemma="|v.|" pos="CC" wid="0">v.</w>
  <w id="1" lemma="|19|" pos="CD" wid="1">19</w>
  <w id="2" lemma="|-rrb-|" pos="-RRB-" wid="2">-RRB-</w>
  <w id="3" lemma="|.|" pos="." wid="3">.</w>
</sentence>
<sentence id="53">
  <w id="0" lemma="|this|" pos="DT" wid="0">This</w>
  <w id="1" lemma="|be|" pos="VBZ" wid="1">is</w>
  <w id="2" lemma="|the|" pos="DT" wid="2">the</w>
  <w id="3" lemma="|miracle|" pos="NN" wid="3">miracle</w>
  <w id="4" lemma="|of|" pos="IN" wid="4">of</w>
  <w id="5" lemma="|forgiveness|" pos="NN" wid="5">forgiveness</w>
  <w id="6" lemma="|that|" pos="IN" wid="6">that</w>
  <w id="7" lemma="|God|" pos="NNP" wid="7">God</w>
  <w id="8" lemma="|--|" pos=":" wid="8">--</w>
  <w id="9" lemma="|the|" pos="DT" wid="9">the</w>
  <w id="10" lemma="|forgiveness|" pos="NN" wid="10">forgiveness</w>
  <w id="11" lemma="|that|" pos="IN" wid="11">that</w>
  <w id="12" lemma="|God|" pos="NNP" wid="12">God</w>
  <w id="13" lemma="|as|" pos="IN" wid="13">as</w>
  <w id="14" lemma="|Father|" pos="NNP" wid="14">Father</w>
  <w id="15" lemma="|--|" pos=":" wid="15">--</w>
  <w id="16" lemma="|want|" pos="VBZ" wid="16">wants</w>
  <w id="17" lemma="|to|" pos="TO" wid="17">to</w>
  <w id="18" lemma="|give|" pos="VB" wid="18">give</w>
  <w id="19" lemma="|to|" pos="TO" wid="19">to</w>
  <w id="20" lemma="|he|" pos="PRP$" wid="20">his</w>
  <w id="21" lemma="|people|" pos="NNS" wid="21">people</w>
  <w id="22" lemma="|.|" pos="." wid="22">.</w>
</sentence>
<sentence id="54">
  <w id="0" lemma="|God|" pos="NNP" wid="0">God</w>
  <w id="1" lemma="|'s|" pos="POS" wid="1">'s</w>
  <w id="2" lemma="|mercy|" pos="NN" wid="2">mercy</w>
  <w id="3" lemma="|be|" pos="VBZ" wid="3">is</w>
  <w id="4" lemma="|offer|" pos="VBN" wid="4">offered</w>
  <w id="5" lemma="|to|" pos="TO" wid="5">to</w>
  <w id="6" lemma="|everyone|" pos="NN" wid="6">everyone</w>
  <w id="7" lemma="|,|" pos="," wid="7">,</w>
  <w id="8" lemma="|and|" pos="CC" wid="8">and</w>
  <w id="9" lemma="|the|" pos="DT" wid="9">the</w>
  <w id="10" lemma="|prophet|" pos="NN" wid="10">prophet</w>
  <w id="11" lemma="|'s|" pos="POS" wid="11">'s</w>
  <w id="12" lemma="|word|" pos="NNS" wid="12">words</w>
  <w id="13" lemma="|be|" pos="VBP" wid="13">are</w>
  <w id="14" lemma="|valid|" pos="JJ" wid="14">valid</w>
  <w id="15" lemma="|today|" pos="NN" wid="15">today</w>
  <w id="16" lemma="|for|" pos="IN" wid="16">for</w>
  <w id="17" lemma="|all|" pos="DT" wid="17">all</w>
  <w id="18" lemma="|of|" pos="IN" wid="18">of</w>
  <w id="19" lemma="|we|" pos="PRP" wid="19">us</w>
  <w id="20" lemma="|,|" pos="," wid="20">,</w>
  <w id="21" lemma="|who|" pos="WP" wid="21">who</w>
  <w id="22" lemma="|be|" pos="VBP" wid="22">are</w>
  <w id="23" lemma="|call|" pos="VBN" wid="23">called</w>
  <w id="24" lemma="|to|" pos="TO" wid="24">to</w>
  <w id="25" lemma="|live|" pos="VB" wid="25">live</w>
  <w id="26" lemma="|as|" pos="IN" wid="26">as</w>
  <w id="27" lemma="|Children|" pos="NNP" wid="27">Children</w>
  <w id="28" lemma="|of|" pos="IN" wid="28">of</w>
  <w id="29" lemma="|God|" pos="NNP" wid="29">God</w>
  <w id="30" lemma="|.|" pos="." wid="30">.</w>
</sentence>
<sentence id="55">
  <w id="0" lemma="|special|" pos="JJ" wid="0">Special</w>
  <w id="1" lemma="|greeting|" pos="NNS" wid="1">greetings</w>
  <w id="2" lemma="|:|" pos=":" wid="2">:</w>
  <w id="3" lemma="|I|" pos="PRP" wid="3">I</w>
  <w id="4" lemma="|greet|" pos="VBP" wid="4">greet</w>
  <w id="5" lemma="|the|" pos="DT" wid="5">the</w>
  <w id="6" lemma="|english-speaking|" pos="JJ" wid="6">English-speaking</w>
  <w id="7" lemma="|pilgrim|" pos="NNS" wid="7">pilgrims</w>
  <w id="8" lemma="|and|" pos="CC" wid="8">and</w>
  <w id="9" lemma="|visitor|" pos="NNS" wid="9">visitors</w>
  <w id="10" lemma="|at|" pos="IN" wid="10">at</w>
  <w id="11" lemma="|today|" pos="NN" wid="11">today</w>
  <w id="12" lemma="|'s|" pos="POS" wid="12">'s</w>
  <w id="13" lemma="|audience|" pos="NN" wid="13">Audience</w>
  <w id="14" lemma="|,|" pos="," wid="14">,</w>
  <w id="15" lemma="|include|" pos="VBG" wid="15">including</w>
  <w id="16" lemma="|those|" pos="DT" wid="16">those</w>
  <w id="17" lemma="|from|" pos="IN" wid="17">from</w>
  <w id="18" lemma="|Ireland|" pos="NNP" wid="18">Ireland</w>
  <w id="19" lemma="|,|" pos="," wid="19">,</w>
  <w id="20" lemma="|Cameroon|" pos="NNP" wid="20">Cameroon</w>
  <w id="21" lemma="|and|" pos="CC" wid="21">and</w>
  <w id="22" lemma="|the|" pos="DT" wid="22">the</w>
  <w id="23" lemma="|United|" pos="NNP" wid="23">United</w>
  <w id="24" lemma="|States|" pos="NNPS" wid="24">States</w>
  <w id="25" lemma="|of|" pos="IN" wid="25">of</w>
  <w id="26" lemma="|America|" pos="NNP" wid="26">America</w>
  <w id="27" lemma="|.|" pos="." wid="27">.</w>
</sentence>
<sentence id="56">
  <w id="0" lemma="|with|" pos="IN" wid="0">With</w>
  <w id="1" lemma="|prayerful|" pos="JJ" wid="1">prayerful</w>
  <w id="2" lemma="|good|" pos="JJ" wid="2">good</w>
  <w id="3" lemma="|wish|" pos="NNS" wid="3">wishes</w>
  <w id="4" lemma="|that|" pos="IN" wid="4">that</w>
  <w id="5" lemma="|the|" pos="DT" wid="5">the</w>
  <w id="6" lemma="|current|" pos="JJ" wid="6">current</w>
  <w id="7" lemma="|Jubilee|" pos="NNP" wid="7">Jubilee</w>
  <w id="8" lemma="|of|" pos="IN" wid="8">of</w>
  <w id="9" lemma="|Mercy|" pos="NNP" wid="9">Mercy</w>
  <w id="10" lemma="|will|" pos="MD" wid="10">will</w>
  <w id="11" lemma="|be|" pos="VB" wid="11">be</w>
  <w id="12" lemma="|for|" pos="IN" wid="12">for</w>
  <w id="13" lemma="|you|" pos="PRP" wid="13">you</w>
  <w id="14" lemma="|and|" pos="CC" wid="14">and</w>
  <w id="15" lemma="|you|" pos="PRP$" wid="15">your</w>
  <w id="16" lemma="|family|" pos="NNS" wid="16">families</w>
  <w id="17" lemma="|a|" pos="DT" wid="17">a</w>
  <w id="18" lemma="|moment|" pos="NN" wid="18">moment</w>
  <w id="19" lemma="|of|" pos="IN" wid="19">of</w>
  <w id="20" lemma="|grace|" pos="NN" wid="20">grace</w>
  <w id="21" lemma="|and|" pos="CC" wid="21">and</w>
  <w id="22" lemma="|spiritual|" pos="JJ" wid="22">spiritual</w>
  <w id="23" lemma="|renewal|" pos="NN" wid="23">renewal</w>
  <w id="24" lemma="|,|" pos="," wid="24">,</w>
  <w id="25" lemma="|I|" pos="PRP" wid="25">I</w>
  <w id="26" lemma="|invoke|" pos="VBP" wid="26">invoke</w>
  <w id="27" lemma="|upon|" pos="IN" wid="27">upon</w>
  <w id="28" lemma="|all|" pos="DT" wid="28">all</w>
  <w id="29" lemma="|of|" pos="IN" wid="29">of</w>
  <w id="30" lemma="|you|" pos="PRP" wid="30">you</w>
  <w id="31" lemma="|joy|" pos="NN" wid="31">joy</w>
  <w id="32" lemma="|and|" pos="CC" wid="32">and</w>
  <w id="33" lemma="|peace|" pos="NN" wid="33">peace</w>
  <w id="34" lemma="|in|" pos="IN" wid="34">in</w>
  <w id="35" lemma="|we|" pos="PRP$" wid="35">our</w>
  <w id="36" lemma="|Lord|" pos="NNP" wid="36">Lord</w>
  <w id="37" lemma="|Jesus|" pos="NNP" wid="37">Jesus</w>
  <w id="38" lemma="|Christ|" pos="NNP" wid="38">Christ</w>
  <w id="39" lemma="|.|" pos="." wid="39">.</w>
</sentence>
<sentence id="57">
  <w id="0" lemma="|God|" pos="NNP" wid="0">God</w>
  <w id="1" lemma="|bless|" pos="VB" wid="1">bless</w>
  <w id="2" lemma="|you|" pos="PRP" wid="2">you</w>
  <w id="3" lemma="|all|" pos="DT" wid="3">all</w>
  <w id="4" lemma="|!|" pos="." wid="4">!</w>
</sentence>
<sentence id="58">
  <w id="0" lemma="|I|" pos="PRP" wid="0">I</w>
  <w id="1" lemma="|greet|" pos="VBP" wid="1">greet</w>
  <w id="2" lemma="|the|" pos="DT" wid="2">the</w>
  <w id="3" lemma="|young|" pos="JJ" wid="3">young</w>
  <w id="4" lemma="|people|" pos="NNS" wid="4">people</w>
  <w id="5" lemma="|,|" pos="," wid="5">,</w>
  <w id="6" lemma="|the|" pos="DT" wid="6">the</w>
  <w id="7" lemma="|sick|" pos="JJ" wid="7">sick</w>
  <w id="8" lemma="|and|" pos="CC" wid="8">and</w>
  <w id="9" lemma="|newlywed|" pos="NNS" wid="9">newlyweds</w>
  <w id="10" lemma="|.|" pos="." wid="10">.</w>
</sentence>
<sentence id="59">
  <w id="0" lemma="|the|" pos="DT" wid="0">The</w>
  <w id="1" lemma="|day|" pos="NN" wid="1">day</w>
  <w id="2" lemma="|after|" pos="IN" wid="2">after</w>
  <w id="3" lemma="|tomorrow|" pos="NN" wid="3">tomorrow</w>
  <w id="4" lemma="|,|" pos="," wid="4">,</w>
  <w id="5" lemma="|the|" pos="DT" wid="5">the</w>
  <w id="6" lemma="|First|" pos="NNP" wid="6">First</w>
  <w id="7" lemma="|Friday|" pos="NNP" wid="7">Friday</w>
  <w id="8" lemma="|of|" pos="IN" wid="8">of</w>
  <w id="9" lemma="|the|" pos="DT" wid="9">the</w>
  <w id="10" lemma="|month|" pos="NN" wid="10">month</w>
  <w id="11" lemma="|,|" pos="," wid="11">,</w>
  <w id="12" lemma="|be|" pos="VBZ" wid="12">is</w>
  <w id="13" lemma="|dedicate|" pos="VBN" wid="13">dedicated</w>
  <w id="14" lemma="|to|" pos="TO" wid="14">to</w>
  <w id="15" lemma="|devotion|" pos="NN" wid="15">devotion</w>
  <w id="16" lemma="|to|" pos="TO" wid="16">to</w>
  <w id="17" lemma="|the|" pos="DT" wid="17">the</w>
  <w id="18" lemma="|Heart|" pos="NNP" wid="18">Heart</w>
  <w id="19" lemma="|of|" pos="IN" wid="19">of</w>
  <w id="20" lemma="|Jesus|" pos="NNP" wid="20">Jesus</w>
  <w id="21" lemma="|.|" pos="." wid="21">.</w>
</sentence>
<sentence id="60">
  <w id="0" lemma="|Dear|" pos="NNP" wid="0">Dear</w>
  <w id="1" lemma="|young|" pos="JJ" wid="1">young</w>
  <w id="2" lemma="|people|" pos="NNS" wid="2">people</w>
  <w id="3" lemma="|,|" pos="," wid="3">,</w>
  <w id="4" lemma="|may|" pos="MD" wid="4">may</w>
  <w id="5" lemma="|you|" pos="PRP" wid="5">you</w>
  <w id="6" lemma="|spend|" pos="VB" wid="6">spend</w>
  <w id="7" lemma="|the|" pos="DT" wid="7">the</w>
  <w id="8" lemma="|day|" pos="NN" wid="8">day</w>
  <w id="9" lemma="|in|" pos="IN" wid="9">in</w>
  <w id="10" lemma="|which|" pos="WDT" wid="10">which</w>
  <w id="11" lemma="|Jesus|" pos="NNP" wid="11">Jesus</w>
  <w id="12" lemma="|'|" pos="POS" wid="12">'</w>
  <w id="13" lemma="|death|" pos="NN" wid="13">death</w>
  <w id="14" lemma="|be|" pos="VBZ" wid="14">is</w>
  <w id="15" lemma="|commemorate|" pos="VBN" wid="15">commemorated</w>
  <w id="16" lemma="|,|" pos="," wid="16">,</w>
  <w id="17" lemma="|with|" pos="IN" wid="17">with</w>
  <w id="18" lemma="|particular|" pos="JJ" wid="18">particular</w>
  <w id="19" lemma="|spiritual|" pos="JJ" wid="19">spiritual</w>
  <w id="20" lemma="|intensity|" pos="NN" wid="20">intensity</w>
  <w id="21" lemma="|;|" pos=":" wid="21">;</w>
  <w id="22" lemma="|dear|" pos="RB" wid="22">dear</w>
  <w id="23" lemma="|sick|" pos="JJ" wid="23">sick</w>
  <w id="24" lemma="|people|" pos="NNS" wid="24">people</w>
  <w id="25" lemma="|,|" pos="," wid="25">,</w>
  <w id="26" lemma="|look|" pos="VB" wid="26">look</w>
  <w id="27" lemma="|to|" pos="TO" wid="27">to</w>
  <w id="28" lemma="|Christ|" pos="NNP" wid="28">Christ</w>
  <w id="29" lemma="|'s|" pos="POS" wid="29">'s</w>
  <w id="30" lemma="|Cross|" pos="NNP" wid="30">Cross</w>
  <w id="31" lemma="|as|" pos="IN" wid="31">as</w>
  <w id="32" lemma="|a|" pos="DT" wid="32">a</w>
  <w id="33" lemma="|support|" pos="NN" wid="33">support</w>
  <w id="34" lemma="|in|" pos="IN" wid="34">in</w>
  <w id="35" lemma="|you|" pos="PRP$" wid="35">your</w>
  <w id="36" lemma="|suffering|" pos="NN" wid="36">suffering</w>
  <w id="37" lemma="|;|" pos=":" wid="37">;</w>
  <w id="38" lemma="|dear|" pos="RB" wid="38">dear</w>
  <w id="39" lemma="|newlywed|" pos="NNS" wid="39">newlyweds</w>
  <w id="40" lemma="|,|" pos="," wid="40">,</w>
  <w id="41" lemma="|in|" pos="IN" wid="41">in</w>
  <w id="42" lemma="|you|" pos="PRP$" wid="42">your</w>
  <w id="43" lemma="|marital|" pos="JJ" wid="43">marital</w>
  <w id="44" lemma="|home|" pos="NN" wid="44">home</w>
  <w id="45" lemma="|,|" pos="," wid="45">,</w>
  <w id="46" lemma="|may|" pos="MD" wid="46">may</w>
  <w id="47" lemma="|you|" pos="PRP" wid="47">you</w>
  <w id="48" lemma="|abstain|" pos="VB" wid="48">abstain</w>
  <w id="49" lemma="|from|" pos="IN" wid="49">from</w>
  <w id="50" lemma="|vice|" pos="NN" wid="50">vice</w>
  <w id="51" lemma="|and|" pos="CC" wid="51">and</w>
  <w id="52" lemma="|practice|" pos="NN" wid="52">practice</w>
  <w id="53" lemma="|virtue|" pos="NN" wid="53">virtue</w>
  <w id="54" lemma="|.|" pos="." wid="54">.</w>
</sentence>
</corpus>