<corpus id="0">
<sentence id="0">
  <w id="0" lemma="|Dear|" pos="NNP" wid="0">Dear</w>
  <w id="1" lemma="|Brothers|" pos="NNPS" wid="1">Brothers</w>
  <w id="2" lemma="|and|" pos="CC" wid="2">and</w>
  <w id="3" lemma="|sister|" pos="NNS" wid="3">Sisters</w>
  <w id="4" lemma="|,|" pos="," wid="4">,</w>
  <w id="5" lemma="|good|" pos="JJ" wid="5">Good</w>
  <w id="6" lemma="|morning|" pos="NN" wid="6">morning</w>
  <w id="7" lemma="|!|" pos="." wid="7">!</w>
</sentence>
<sentence id="1">
  <w id="0" lemma="|in|" pos="IN" wid="0">In</w>
  <w id="1" lemma="|the|" pos="DT" wid="1">the</w>
  <w id="2" lemma="|Creed|" pos="NNP" wid="2">Creed</w>
  <w id="3" lemma="|,|" pos="," wid="3">,</w>
  <w id="4" lemma="|after|" pos="IN" wid="4">after</w>
  <w id="5" lemma="|profess|" pos="VBG" wid="5">professing</w>
  <w id="6" lemma="|:|" pos=":" wid="6">:</w>
  <w id="7" lemma="|``|" pos="``" wid="7">``</w>
  <w id="8" lemma="|I|" pos="PRP" wid="8">I</w>
  <w id="9" lemma="|believe|" pos="VBP" wid="9">believe</w>
  <w id="10" lemma="|in|" pos="IN" wid="10">in</w>
  <w id="11" lemma="|one|" pos="CD" wid="11">one</w>
  <w id="12" lemma="|Church|" pos="NNP" wid="12">Church</w>
  <w id="13" lemma="|''|" pos="''" wid="13">''</w>
  <w id="14" lemma="|,|" pos="," wid="14">,</w>
  <w id="15" lemma="|we|" pos="PRP" wid="15">we</w>
  <w id="16" lemma="|add|" pos="VBP" wid="16">add</w>
  <w id="17" lemma="|the|" pos="DT" wid="17">the</w>
  <w id="18" lemma="|adjective|" pos="JJ" wid="18">adjective</w>
  <w id="19" lemma="|``|" pos="``" wid="19">``</w>
  <w id="20" lemma="|holy|" pos="JJ" wid="20">holy</w>
  <w id="21" lemma="|''|" pos="''" wid="21">''</w>
  <w id="22" lemma="|;|" pos=":" wid="22">;</w>
  <w id="23" lemma="|we|" pos="PRP" wid="23">we</w>
  <w id="24" lemma="|affirm|" pos="VBP" wid="24">affirm</w>
  <w id="25" lemma="|the|" pos="DT" wid="25">the</w>
  <w id="26" lemma="|sanctity|" pos="NN" wid="26">sanctity</w>
  <w id="27" lemma="|of|" pos="IN" wid="27">of</w>
  <w id="28" lemma="|the|" pos="DT" wid="28">the</w>
  <w id="29" lemma="|Church|" pos="NNP" wid="29">Church</w>
  <w id="30" lemma="|,|" pos="," wid="30">,</w>
  <w id="31" lemma="|and|" pos="CC" wid="31">and</w>
  <w id="32" lemma="|this|" pos="DT" wid="32">this</w>
  <w id="33" lemma="|be|" pos="VBZ" wid="33">is</w>
  <w id="34" lemma="|a|" pos="DT" wid="34">a</w>
  <w id="35" lemma="|characteristic|" pos="NN" wid="35">characteristic</w>
  <w id="36" lemma="|that|" pos="WDT" wid="36">that</w>
  <w id="37" lemma="|have|" pos="VBZ" wid="37">has</w>
  <w id="38" lemma="|be|" pos="VBN" wid="38">been</w>
  <w id="39" lemma="|present|" pos="JJ" wid="39">present</w>
  <w id="40" lemma="|from|" pos="IN" wid="40">from</w>
  <w id="41" lemma="|the|" pos="DT" wid="41">the</w>
  <w id="42" lemma="|beginning|" pos="NN" wid="42">beginning</w>
  <w id="43" lemma="|in|" pos="IN" wid="43">in</w>
  <w id="44" lemma="|the|" pos="DT" wid="44">the</w>
  <w id="45" lemma="|consciousness|" pos="NN" wid="45">consciousness</w>
  <w id="46" lemma="|of|" pos="IN" wid="46">of</w>
  <w id="47" lemma="|early|" pos="JJ" wid="47">early</w>
  <w id="48" lemma="|christian|" pos="NNS" wid="48">Christians</w>
  <w id="49" lemma="|,|" pos="," wid="49">,</w>
  <w id="50" lemma="|who|" pos="WP" wid="50">who</w>
  <w id="51" lemma="|be|" pos="VBD" wid="51">were</w>
  <w id="52" lemma="|simply|" pos="RB" wid="52">simply</w>
  <w id="53" lemma="|call|" pos="VBN" wid="53">called</w>
  <w id="54" lemma="|``|" pos="``" wid="54">``</w>
  <w id="55" lemma="|the|" pos="DT" wid="55">the</w>
  <w id="56" lemma="|holy|" pos="JJ" wid="56">holy</w>
  <w id="57" lemma="|people|" pos="NNS" wid="57">people</w>
  <w id="58" lemma="|''|" pos="''" wid="58">''</w>
  <w id="59" lemma="|-lrb-|" pos="-LRB-" wid="59">-LRB-</w>
  <w id="60" lemma="|cf|" pos="NN" wid="60">cf</w>
  <w id="61" lemma="|.|" pos="." wid="61">.</w>
</sentence>
<sentence id="2">
  <w id="0" lemma="|act|" pos="NNS" wid="0">Acts</w>
  <w id="1" lemma="|9:13|" pos="CD" wid="1">9:13</w>
  <w id="2" lemma="|,|" pos="," wid="2">,</w>
  <w id="3" lemma="|32|" pos="CD" wid="3">32</w>
  <w id="4" lemma="|,|" pos="," wid="4">,</w>
  <w id="5" lemma="|41|" pos="CD" wid="5">41</w>
  <w id="6" lemma="|;|" pos=":" wid="6">;</w>
  <w id="7" lemma="|rom|" pos="NN" wid="7">Rom</w>
  <w id="8" lemma="|8:27|" pos="CD" wid="8">8:27</w>
  <w id="9" lemma="|;|" pos=":" wid="9">;</w>
  <w id="10" lemma="|1|" pos="CD" wid="10">1</w>
  <w id="11" lemma="|cor|" pos="NN" wid="11">Cor</w>
  <w id="12" lemma="|6:1|" pos="CD" wid="12">6:1</w>
  <w id="13" lemma="|-rrb-|" pos="-RRB-" wid="13">-RRB-</w>
  <w id="14" lemma="|,|" pos="," wid="14">,</w>
  <w id="15" lemma="|because|" pos="IN" wid="15">because</w>
  <w id="16" lemma="|they|" pos="PRP" wid="16">they</w>
  <w id="17" lemma="|be|" pos="VBD" wid="17">were</w>
  <w id="18" lemma="|certain|" pos="JJ" wid="18">certain</w>
  <w id="19" lemma="|that|" pos="IN" wid="19">that</w>
  <w id="20" lemma="|it|" pos="PRP" wid="20">it</w>
  <w id="21" lemma="|be|" pos="VBZ" wid="21">is</w>
  <w id="22" lemma="|the|" pos="DT" wid="22">the</w>
  <w id="23" lemma="|action|" pos="NN" wid="23">action</w>
  <w id="24" lemma="|of|" pos="IN" wid="24">of</w>
  <w id="25" lemma="|God|" pos="NNP" wid="25">God</w>
  <w id="26" lemma="|,|" pos="," wid="26">,</w>
  <w id="27" lemma="|the|" pos="DT" wid="27">the</w>
  <w id="28" lemma="|holy|" pos="JJ" wid="28">Holy</w>
  <w id="29" lemma="|spirit|" pos="NN" wid="29">Spirit</w>
  <w id="30" lemma="|that|" pos="WDT" wid="30">that</w>
  <w id="31" lemma="|sanctify|" pos="VBZ" wid="31">sanctifies</w>
  <w id="32" lemma="|the|" pos="DT" wid="32">the</w>
  <w id="33" lemma="|Church|" pos="NNP" wid="33">Church</w>
  <w id="34" lemma="|.|" pos="." wid="34">.</w>
</sentence>
<sentence id="3">
  <w id="0" lemma="|but|" pos="CC" wid="0">But</w>
  <w id="1" lemma="|in|" pos="IN" wid="1">in</w>
  <w id="2" lemma="|what|" pos="WDT" wid="2">what</w>
  <w id="3" lemma="|sense|" pos="NN" wid="3">sense</w>
  <w id="4" lemma="|be|" pos="VBZ" wid="4">is</w>
  <w id="5" lemma="|the|" pos="DT" wid="5">the</w>
  <w id="6" lemma="|Church|" pos="NNP" wid="6">Church</w>
  <w id="7" lemma="|holy|" pos="JJ" wid="7">holy</w>
  <w id="8" lemma="|if|" pos="IN" wid="8">if</w>
  <w id="9" lemma="|we|" pos="PRP" wid="9">we</w>
  <w id="10" lemma="|see|" pos="VBP" wid="10">see</w>
  <w id="11" lemma="|that|" pos="IN" wid="11">that</w>
  <w id="12" lemma="|the|" pos="DT" wid="12">the</w>
  <w id="13" lemma="|historical|" pos="JJ" wid="13">historical</w>
  <w id="14" lemma="|Church|" pos="NNP" wid="14">Church</w>
  <w id="15" lemma="|,|" pos="," wid="15">,</w>
  <w id="16" lemma="|on|" pos="IN" wid="16">on</w>
  <w id="17" lemma="|she|" pos="PRP$" wid="17">her</w>
  <w id="18" lemma="|long|" pos="JJ" wid="18">long</w>
  <w id="19" lemma="|journey|" pos="NN" wid="19">journey</w>
  <w id="20" lemma="|through|" pos="IN" wid="20">through</w>
  <w id="21" lemma="|the|" pos="DT" wid="21">the</w>
  <w id="22" lemma="|century|" pos="NNS" wid="22">centuries</w>
  <w id="23" lemma="|,|" pos="," wid="23">,</w>
  <w id="24" lemma="|have|" pos="VBZ" wid="24">has</w>
  <w id="25" lemma="|have|" pos="VBN" wid="25">had</w>
  <w id="26" lemma="|so|" pos="RB" wid="26">so</w>
  <w id="27" lemma="|many|" pos="JJ" wid="27">many</w>
  <w id="28" lemma="|difficulty|" pos="NNS" wid="28">difficulties</w>
  <w id="29" lemma="|,|" pos="," wid="29">,</w>
  <w id="30" lemma="|problem|" pos="NNS" wid="30">problems</w>
  <w id="31" lemma="|,|" pos="," wid="31">,</w>
  <w id="32" lemma="|dark|" pos="JJ" wid="32">dark</w>
  <w id="33" lemma="|moment|" pos="NNS" wid="33">moments</w>
  <w id="34" lemma="|?|" pos="." wid="34">?</w>
</sentence>
<sentence id="4">
  <w id="0" lemma="|how|" pos="WRB" wid="0">How</w>
  <w id="1" lemma="|can|" pos="MD" wid="1">can</w>
  <w id="2" lemma="|a|" pos="DT" wid="2">a</w>
  <w id="3" lemma="|Church|" pos="NNP" wid="3">Church</w>
  <w id="4" lemma="|consist|" pos="VBG" wid="4">consisting</w>
  <w id="5" lemma="|of|" pos="IN" wid="5">of</w>
  <w id="6" lemma="|human|" pos="JJ" wid="6">human</w>
  <w id="7" lemma="|being|" pos="NNS" wid="7">beings</w>
  <w id="8" lemma="|,|" pos="," wid="8">,</w>
  <w id="9" lemma="|of|" pos="IN" wid="9">of</w>
  <w id="10" lemma="|sinner|" pos="NNS" wid="10">sinners</w>
  <w id="11" lemma="|,|" pos="," wid="11">,</w>
  <w id="12" lemma="|be|" pos="VB" wid="12">be</w>
  <w id="13" lemma="|holy|" pos="JJ" wid="13">holy</w>
  <w id="14" lemma="|?|" pos="." wid="14">?</w>
</sentence>
<sentence id="5">
  <w id="0" lemma="|sinful|" pos="JJ" wid="0">Sinful</w>
  <w id="1" lemma="|man|" pos="NNS" wid="1">men</w>
  <w id="2" lemma="|,|" pos="," wid="2">,</w>
  <w id="3" lemma="|sinful|" pos="JJ" wid="3">sinful</w>
  <w id="4" lemma="|woman|" pos="NNS" wid="4">women</w>
  <w id="5" lemma="|,|" pos="," wid="5">,</w>
  <w id="6" lemma="|sinful|" pos="JJ" wid="6">sinful</w>
  <w id="7" lemma="|priest|" pos="NNS" wid="7">priests</w>
  <w id="8" lemma="|,|" pos="," wid="8">,</w>
  <w id="9" lemma="|sinful|" pos="JJ" wid="9">sinful</w>
  <w id="10" lemma="|sister|" pos="NNS" wid="10">sisters</w>
  <w id="11" lemma="|,|" pos="," wid="11">,</w>
  <w id="12" lemma="|sinful|" pos="JJ" wid="12">sinful</w>
  <w id="13" lemma="|bishop|" pos="NNS" wid="13">bishops</w>
  <w id="14" lemma="|,|" pos="," wid="14">,</w>
  <w id="15" lemma="|sinful|" pos="JJ" wid="15">sinful</w>
  <w id="16" lemma="|cardinal|" pos="NNS" wid="16">cardinals</w>
  <w id="17" lemma="|,|" pos="," wid="17">,</w>
  <w id="18" lemma="|a|" pos="DT" wid="18">a</w>
  <w id="19" lemma="|sinful|" pos="JJ" wid="19">sinful</w>
  <w id="20" lemma="|pope|" pos="NN" wid="20">pope</w>
  <w id="21" lemma="|?|" pos="." wid="21">?</w>
</sentence>
<sentence id="6">
  <w id="0" lemma="|everyone|" pos="NN" wid="0">Everyone</w>
  <w id="1" lemma="|.|" pos="." wid="1">.</w>
</sentence>
<sentence id="7">
  <w id="0" lemma="|how|" pos="WRB" wid="0">How</w>
  <w id="1" lemma="|can|" pos="MD" wid="1">can</w>
  <w id="2" lemma="|such|" pos="PDT" wid="2">such</w>
  <w id="3" lemma="|a|" pos="DT" wid="3">a</w>
  <w id="4" lemma="|Church|" pos="NNP" wid="4">Church</w>
  <w id="5" lemma="|be|" pos="VB" wid="5">be</w>
  <w id="6" lemma="|holy|" pos="JJ" wid="6">holy</w>
  <w id="7" lemma="|?|" pos="." wid="7">?</w>
</sentence>
<sentence id="8">
  <w id="0" lemma="|1|" pos="CD" wid="0">1</w>
  <w id="1" lemma="|.|" pos="." wid="1">.</w>
</sentence>
<sentence id="9">
  <w id="0" lemma="|to|" pos="TO" wid="0">To</w>
  <w id="1" lemma="|respond|" pos="VB" wid="1">respond</w>
  <w id="2" lemma="|to|" pos="TO" wid="2">to</w>
  <w id="3" lemma="|this|" pos="DT" wid="3">this</w>
  <w id="4" lemma="|question|" pos="NN" wid="4">question</w>
  <w id="5" lemma="|I|" pos="PRP" wid="5">I</w>
  <w id="6" lemma="|would|" pos="MD" wid="6">would</w>
  <w id="7" lemma="|like|" pos="VB" wid="7">like</w>
  <w id="8" lemma="|to|" pos="TO" wid="8">to</w>
  <w id="9" lemma="|be|" pos="VB" wid="9">be</w>
  <w id="10" lemma="|lead|" pos="VBN" wid="10">led</w>
  <w id="11" lemma="|by|" pos="IN" wid="11">by</w>
  <w id="12" lemma="|a|" pos="DT" wid="12">a</w>
  <w id="13" lemma="|passage|" pos="NN" wid="13">passage</w>
  <w id="14" lemma="|from|" pos="IN" wid="14">from</w>
  <w id="15" lemma="|the|" pos="DT" wid="15">the</w>
  <w id="16" lemma="|Letter|" pos="NNP" wid="16">Letter</w>
  <w id="17" lemma="|of|" pos="IN" wid="17">of</w>
  <w id="18" lemma="|St|" pos="NNP" wid="18">St</w>
  <w id="19" lemma="|Paul|" pos="NNP" wid="19">Paul</w>
  <w id="20" lemma="|to|" pos="TO" wid="20">to</w>
  <w id="21" lemma="|the|" pos="DT" wid="21">the</w>
  <w id="22" lemma="|christian|" pos="NNS" wid="22">Christians</w>
  <w id="23" lemma="|of|" pos="IN" wid="23">of</w>
  <w id="24" lemma="|Ephesus|" pos="NNP" wid="24">Ephesus</w>
  <w id="25" lemma="|.|" pos="." wid="25">.</w>
</sentence>
<sentence id="10">
  <w id="0" lemma="|the|" pos="DT" wid="0">The</w>
  <w id="1" lemma="|Apostle|" pos="NNP" wid="1">Apostle</w>
  <w id="2" lemma="|,|" pos="," wid="2">,</w>
  <w id="3" lemma="|take|" pos="VBG" wid="3">taking</w>
  <w id="4" lemma="|as|" pos="IN" wid="4">as</w>
  <w id="5" lemma="|a|" pos="DT" wid="5">an</w>
  <w id="6" lemma="|example|" pos="NN" wid="6">example</w>
  <w id="7" lemma="|family|" pos="NN" wid="7">family</w>
  <w id="8" lemma="|relationship|" pos="NNS" wid="8">relationships</w>
  <w id="9" lemma="|,|" pos="," wid="9">,</w>
  <w id="10" lemma="|state|" pos="VBZ" wid="10">states</w>
  <w id="11" lemma="|that|" pos="IN" wid="11">that</w>
  <w id="12" lemma="|``|" pos="``" wid="12">``</w>
  <w id="13" lemma="|Christ|" pos="NNP" wid="13">Christ</w>
  <w id="14" lemma="|love|" pos="VBD" wid="14">loved</w>
  <w id="15" lemma="|the|" pos="DT" wid="15">the</w>
  <w id="16" lemma="|Church|" pos="NNP" wid="16">Church</w>
  <w id="17" lemma="|and|" pos="CC" wid="17">and</w>
  <w id="18" lemma="|give|" pos="VBD" wid="18">gave</w>
  <w id="19" lemma="|himself|" pos="PRP" wid="19">himself</w>
  <w id="20" lemma="|up|" pos="RP" wid="20">up</w>
  <w id="21" lemma="|for|" pos="IN" wid="21">for</w>
  <w id="22" lemma="|she|" pos="PRP" wid="22">her</w>
  <w id="23" lemma="|,|" pos="," wid="23">,</w>
  <w id="24" lemma="|that|" pos="IN" wid="24">that</w>
  <w id="25" lemma="|he|" pos="PRP" wid="25">he</w>
  <w id="26" lemma="|might|" pos="MD" wid="26">might</w>
  <w id="27" lemma="|sanctify|" pos="VB" wid="27">sanctify</w>
  <w id="28" lemma="|she|" pos="PRP" wid="28">her</w>
  <w id="29" lemma="|''|" pos="''" wid="29">''</w>
  <w id="30" lemma="|-lrb-|" pos="-LRB-" wid="30">-LRB-</w>
  <w id="31" lemma="|5:25|" pos="CD" wid="31">5:25</w>
  <w id="32" lemma="|-26|" pos="CD" wid="32">-26</w>
  <w id="33" lemma="|-rrb-|" pos="-RRB-" wid="33">-RRB-</w>
  <w id="34" lemma="|.|" pos="." wid="34">.</w>
</sentence>
<sentence id="11">
  <w id="0" lemma="|Christ|" pos="NNP" wid="0">Christ</w>
  <w id="1" lemma="|love|" pos="VBD" wid="1">loved</w>
  <w id="2" lemma="|the|" pos="DT" wid="2">the</w>
  <w id="3" lemma="|Church|" pos="NNP" wid="3">Church</w>
  <w id="4" lemma="|,|" pos="," wid="4">,</w>
  <w id="5" lemma="|by|" pos="IN" wid="5">by</w>
  <w id="6" lemma="|give|" pos="VBG" wid="6">giving</w>
  <w id="7" lemma="|himself|" pos="PRP" wid="7">himself</w>
  <w id="8" lemma="|on|" pos="IN" wid="8">on</w>
  <w id="9" lemma="|the|" pos="DT" wid="9">the</w>
  <w id="10" lemma="|Cross|" pos="NNP" wid="10">Cross</w>
  <w id="11" lemma="|.|" pos="." wid="11">.</w>
</sentence>
<sentence id="12">
  <w id="0" lemma="|and|" pos="CC" wid="0">And</w>
  <w id="1" lemma="|this|" pos="DT" wid="1">this</w>
  <w id="2" lemma="|mean|" pos="VBZ" wid="2">means</w>
  <w id="3" lemma="|that|" pos="IN" wid="3">that</w>
  <w id="4" lemma="|the|" pos="DT" wid="4">the</w>
  <w id="5" lemma="|Church|" pos="NNP" wid="5">Church</w>
  <w id="6" lemma="|be|" pos="VBZ" wid="6">is</w>
  <w id="7" lemma="|holy|" pos="JJ" wid="7">holy</w>
  <w id="8" lemma="|because|" pos="IN" wid="8">because</w>
  <w id="9" lemma="|she|" pos="PRP" wid="9">she</w>
  <w id="10" lemma="|come|" pos="VBZ" wid="10">comes</w>
  <w id="11" lemma="|from|" pos="IN" wid="11">from</w>
  <w id="12" lemma="|God|" pos="NNP" wid="12">God</w>
  <w id="13" lemma="|who|" pos="WP" wid="13">who</w>
  <w id="14" lemma="|be|" pos="VBZ" wid="14">is</w>
  <w id="15" lemma="|holy|" pos="JJ" wid="15">holy</w>
  <w id="16" lemma="|,|" pos="," wid="16">,</w>
  <w id="17" lemma="|he|" pos="PRP" wid="17">he</w>
  <w id="18" lemma="|be|" pos="VBZ" wid="18">is</w>
  <w id="19" lemma="|faithful|" pos="JJ" wid="19">faithful</w>
  <w id="20" lemma="|to|" pos="TO" wid="20">to</w>
  <w id="21" lemma="|she|" pos="PRP" wid="21">her</w>
  <w id="22" lemma="|and|" pos="CC" wid="22">and</w>
  <w id="23" lemma="|do|" pos="VBZ" wid="23">does</w>
  <w id="24" lemma="|not|" pos="RB" wid="24">not</w>
  <w id="25" lemma="|abandon|" pos="VB" wid="25">abandon</w>
  <w id="26" lemma="|she|" pos="PRP" wid="26">her</w>
  <w id="27" lemma="|to|" pos="TO" wid="27">to</w>
  <w id="28" lemma="|the|" pos="DT" wid="28">the</w>
  <w id="29" lemma="|power|" pos="NN" wid="29">power</w>
  <w id="30" lemma="|of|" pos="IN" wid="30">of</w>
  <w id="31" lemma="|death|" pos="NN" wid="31">death</w>
  <w id="32" lemma="|and|" pos="CC" wid="32">and</w>
  <w id="33" lemma="|of|" pos="IN" wid="33">of</w>
  <w id="34" lemma="|evil|" pos="NN" wid="34">evil</w>
  <w id="35" lemma="|-lrb-|" pos="-LRB-" wid="35">-LRB-</w>
  <w id="36" lemma="|cf|" pos="NN" wid="36">cf</w>
  <w id="37" lemma="|.|" pos="." wid="37">.</w>
</sentence>
<sentence id="13">
  <w id="0" lemma="|mt|" pos="NN" wid="0">Mt</w>
  <w id="1" lemma="|16:18|" pos="CD" wid="1">16:18</w>
  <w id="2" lemma="|-rrb-|" pos="-RRB-" wid="2">-RRB-</w>
  <w id="3" lemma="|.|" pos="." wid="3">.</w>
</sentence>
<sentence id="14">
  <w id="0" lemma="|she|" pos="PRP" wid="0">She</w>
  <w id="1" lemma="|be|" pos="VBZ" wid="1">is</w>
  <w id="2" lemma="|holy|" pos="JJ" wid="2">holy</w>
  <w id="3" lemma="|because|" pos="IN" wid="3">because</w>
  <w id="4" lemma="|Jesus|" pos="NNP" wid="4">Jesus</w>
  <w id="5" lemma="|Christ|" pos="NNP" wid="5">Christ</w>
  <w id="6" lemma="|,|" pos="," wid="6">,</w>
  <w id="7" lemma="|the|" pos="DT" wid="7">the</w>
  <w id="8" lemma="|Holy|" pos="NNP" wid="8">Holy</w>
  <w id="9" lemma="|one|" pos="CD" wid="9">One</w>
  <w id="10" lemma="|of|" pos="IN" wid="10">of</w>
  <w id="11" lemma="|god|" pos="NN" wid="11">God</w>
  <w id="12" lemma="|-lrb-|" pos="-LRB-" wid="12">-LRB-</w>
  <w id="13" lemma="|cf|" pos="NN" wid="13">cf</w>
  <w id="14" lemma="|.|" pos="." wid="14">.</w>
</sentence>
<sentence id="15">
  <w id="0" lemma="|mk|" pos="NN" wid="0">Mk</w>
  <w id="1" lemma="|1:24|" pos="CD" wid="1">1:24</w>
  <w id="2" lemma="|-rrb-|" pos="-RRB-" wid="2">-RRB-</w>
  <w id="3" lemma="|,|" pos="," wid="3">,</w>
  <w id="4" lemma="|be|" pos="VBZ" wid="4">is</w>
  <w id="5" lemma="|indissolubly|" pos="RB" wid="5">indissolubly</w>
  <w id="6" lemma="|unite|" pos="VBN" wid="6">united</w>
  <w id="7" lemma="|to|" pos="TO" wid="7">to</w>
  <w id="8" lemma="|she|" pos="PRP$" wid="8">her</w>
  <w id="9" lemma="|-lrb-|" pos="-LRB-" wid="9">-LRB-</w>
  <w id="10" lemma="|cf|" pos="NN" wid="10">cf</w>
  <w id="11" lemma="|.|" pos="." wid="11">.</w>
</sentence>
<sentence id="16">
  <w id="0" lemma="|mt|" pos="FW" wid="0">Mt</w>
  <w id="1" lemma="|28:20|" pos="FW" wid="1">28:20</w>
  <w id="2" lemma="|-rrb-|" pos="-RRB-" wid="2">-RRB-</w>
  <w id="3" lemma="|;|" pos=":" wid="3">;</w>
  <w id="4" lemma="|she|" pos="NN" wid="4">She</w>
  <w id="5" lemma="|be|" pos="VBZ" wid="5">is</w>
  <w id="6" lemma="|holy|" pos="JJ" wid="6">holy</w>
  <w id="7" lemma="|because|" pos="IN" wid="7">because</w>
  <w id="8" lemma="|she|" pos="PRP" wid="8">she</w>
  <w id="9" lemma="|be|" pos="VBZ" wid="9">is</w>
  <w id="10" lemma="|guide|" pos="VBN" wid="10">guided</w>
  <w id="11" lemma="|by|" pos="IN" wid="11">by</w>
  <w id="12" lemma="|the|" pos="DT" wid="12">the</w>
  <w id="13" lemma="|holy|" pos="JJ" wid="13">Holy</w>
  <w id="14" lemma="|spirit|" pos="NN" wid="14">Spirit</w>
  <w id="15" lemma="|who|" pos="WP" wid="15">who</w>
  <w id="16" lemma="|purify|" pos="VBZ" wid="16">purifies</w>
  <w id="17" lemma="|,|" pos="," wid="17">,</w>
  <w id="18" lemma="|transform|" pos="VBZ" wid="18">transforms</w>
  <w id="19" lemma="|,|" pos="," wid="19">,</w>
  <w id="20" lemma="|renew|" pos="VBZ" wid="20">renews</w>
  <w id="21" lemma="|.|" pos="." wid="21">.</w>
</sentence>
<sentence id="17">
  <w id="0" lemma="|she|" pos="PRP" wid="0">She</w>
  <w id="1" lemma="|be|" pos="VBZ" wid="1">is</w>
  <w id="2" lemma="|not|" pos="RB" wid="2">not</w>
  <w id="3" lemma="|holy|" pos="JJ" wid="3">holy</w>
  <w id="4" lemma="|by|" pos="IN" wid="4">by</w>
  <w id="5" lemma="|she|" pos="PRP$" wid="5">her</w>
  <w id="6" lemma="|own|" pos="JJ" wid="6">own</w>
  <w id="7" lemma="|merit|" pos="NNS" wid="7">merits</w>
  <w id="8" lemma="|,|" pos="," wid="8">,</w>
  <w id="9" lemma="|but|" pos="CC" wid="9">but</w>
  <w id="10" lemma="|because|" pos="IN" wid="10">because</w>
  <w id="11" lemma="|God|" pos="NNP" wid="11">God</w>
  <w id="12" lemma="|make|" pos="VBZ" wid="12">makes</w>
  <w id="13" lemma="|she|" pos="PRP" wid="13">her</w>
  <w id="14" lemma="|holy|" pos="JJ" wid="14">holy</w>
  <w id="15" lemma="|,|" pos="," wid="15">,</w>
  <w id="16" lemma="|it|" pos="PRP" wid="16">it</w>
  <w id="17" lemma="|be|" pos="VBZ" wid="17">is</w>
  <w id="18" lemma="|the|" pos="DT" wid="18">the</w>
  <w id="19" lemma="|fruit|" pos="NN" wid="19">fruit</w>
  <w id="20" lemma="|of|" pos="IN" wid="20">of</w>
  <w id="21" lemma="|the|" pos="DT" wid="21">the</w>
  <w id="22" lemma="|holy|" pos="JJ" wid="22">Holy</w>
  <w id="23" lemma="|spirit|" pos="NN" wid="23">Spirit</w>
  <w id="24" lemma="|and|" pos="CC" wid="24">and</w>
  <w id="25" lemma="|of|" pos="IN" wid="25">of</w>
  <w id="26" lemma="|he|" pos="PRP$" wid="26">his</w>
  <w id="27" lemma="|gift|" pos="NNS" wid="27">gifts</w>
  <w id="28" lemma="|.|" pos="." wid="28">.</w>
</sentence>
<sentence id="18">
  <w id="0" lemma="|it|" pos="PRP" wid="0">It</w>
  <w id="1" lemma="|be|" pos="VBZ" wid="1">is</w>
  <w id="2" lemma="|not|" pos="RB" wid="2">not</w>
  <w id="3" lemma="|we|" pos="PRP" wid="3">we</w>
  <w id="4" lemma="|who|" pos="WP" wid="4">who</w>
  <w id="5" lemma="|make|" pos="VBP" wid="5">make</w>
  <w id="6" lemma="|she|" pos="PRP$" wid="6">her</w>
  <w id="7" lemma="|holy|" pos="JJ" wid="7">holy</w>
  <w id="8" lemma="|.|" pos="." wid="8">.</w>
</sentence>
<sentence id="19">
  <w id="0" lemma="|it|" pos="PRP" wid="0">It</w>
  <w id="1" lemma="|be|" pos="VBZ" wid="1">is</w>
  <w id="2" lemma="|God|" pos="NNP" wid="2">God</w>
  <w id="3" lemma="|,|" pos="," wid="3">,</w>
  <w id="4" lemma="|the|" pos="DT" wid="4">the</w>
  <w id="5" lemma="|Holy|" pos="NNP" wid="5">Holy</w>
  <w id="6" lemma="|Spirit|" pos="NNP" wid="6">Spirit</w>
  <w id="7" lemma="|,|" pos="," wid="7">,</w>
  <w id="8" lemma="|who|" pos="WP" wid="8">who</w>
  <w id="9" lemma="|in|" pos="IN" wid="9">in</w>
  <w id="10" lemma="|he|" pos="PRP$" wid="10">his</w>
  <w id="11" lemma="|love|" pos="NN" wid="11">love</w>
  <w id="12" lemma="|make|" pos="VBZ" wid="12">makes</w>
  <w id="13" lemma="|the|" pos="DT" wid="13">the</w>
  <w id="14" lemma="|Church|" pos="NNP" wid="14">Church</w>
  <w id="15" lemma="|holy|" pos="JJ" wid="15">holy</w>
  <w id="16" lemma="|.|" pos="." wid="16">.</w>
</sentence>
<sentence id="20">
  <w id="0" lemma="|2|" pos="CD" wid="0">2</w>
  <w id="1" lemma="|.|" pos="." wid="1">.</w>
</sentence>
<sentence id="21">
  <w id="0" lemma="|you|" pos="PRP" wid="0">You</w>
  <w id="1" lemma="|could|" pos="MD" wid="1">could</w>
  <w id="2" lemma="|say|" pos="VB" wid="2">say</w>
  <w id="3" lemma="|to|" pos="TO" wid="3">to</w>
  <w id="4" lemma="|I|" pos="PRP" wid="4">me</w>
  <w id="5" lemma="|:|" pos=":" wid="5">:</w>
  <w id="6" lemma="|but|" pos="CC" wid="6">but</w>
  <w id="7" lemma="|the|" pos="DT" wid="7">the</w>
  <w id="8" lemma="|Church|" pos="NNP" wid="8">Church</w>
  <w id="9" lemma="|be|" pos="VBZ" wid="9">is</w>
  <w id="10" lemma="|make|" pos="VBN" wid="10">made</w>
  <w id="11" lemma="|up|" pos="RP" wid="11">up</w>
  <w id="12" lemma="|of|" pos="IN" wid="12">of</w>
  <w id="13" lemma="|sinner|" pos="NNS" wid="13">sinners</w>
  <w id="14" lemma="|,|" pos="," wid="14">,</w>
  <w id="15" lemma="|we|" pos="PRP" wid="15">we</w>
  <w id="16" lemma="|see|" pos="VBP" wid="16">see</w>
  <w id="17" lemma="|they|" pos="PRP" wid="17">them</w>
  <w id="18" lemma="|everyday|" pos="JJ" wid="18">everyday</w>
  <w id="19" lemma="|.|" pos="." wid="19">.</w>
</sentence>
<sentence id="22">
  <w id="0" lemma="|and|" pos="CC" wid="0">And</w>
  <w id="1" lemma="|this|" pos="DT" wid="1">this</w>
  <w id="2" lemma="|be|" pos="VBZ" wid="2">is</w>
  <w id="3" lemma="|true|" pos="JJ" wid="3">true</w>
  <w id="4" lemma="|:|" pos=":" wid="4">:</w>
  <w id="5" lemma="|we|" pos="PRP" wid="5">we</w>
  <w id="6" lemma="|be|" pos="VBP" wid="6">are</w>
  <w id="7" lemma="|a|" pos="DT" wid="7">a</w>
  <w id="8" lemma="|Church|" pos="NNP" wid="8">Church</w>
  <w id="9" lemma="|of|" pos="IN" wid="9">of</w>
  <w id="10" lemma="|sinner|" pos="NNS" wid="10">sinners</w>
  <w id="11" lemma="|;|" pos=":" wid="11">;</w>
  <w id="12" lemma="|and|" pos="CC" wid="12">and</w>
  <w id="13" lemma="|we|" pos="PRP" wid="13">we</w>
  <w id="14" lemma="|sinner|" pos="NNS" wid="14">sinners</w>
  <w id="15" lemma="|be|" pos="VBP" wid="15">are</w>
  <w id="16" lemma="|call|" pos="VBN" wid="16">called</w>
  <w id="17" lemma="|to|" pos="TO" wid="17">to</w>
  <w id="18" lemma="|let|" pos="VB" wid="18">let</w>
  <w id="19" lemma="|ourselves|" pos="PRP" wid="19">ourselves</w>
  <w id="20" lemma="|be|" pos="VB" wid="20">be</w>
  <w id="21" lemma="|transform|" pos="VBN" wid="21">transformed</w>
  <w id="22" lemma="|,|" pos="," wid="22">,</w>
  <w id="23" lemma="|renew|" pos="VBN" wid="23">renewed</w>
  <w id="24" lemma="|,|" pos="," wid="24">,</w>
  <w id="25" lemma="|sanctify|" pos="VBN" wid="25">sanctified</w>
  <w id="26" lemma="|by|" pos="IN" wid="26">by</w>
  <w id="27" lemma="|God|" pos="NNP" wid="27">God</w>
  <w id="28" lemma="|.|" pos="." wid="28">.</w>
</sentence>
<sentence id="23">
  <w id="0" lemma="|there|" pos="EX" wid="0">There</w>
  <w id="1" lemma="|have|" pos="VBZ" wid="1">has</w>
  <w id="2" lemma="|be|" pos="VBN" wid="2">been</w>
  <w id="3" lemma="|in|" pos="IN" wid="3">in</w>
  <w id="4" lemma="|history|" pos="NN" wid="4">history</w>
  <w id="5" lemma="|the|" pos="DT" wid="5">the</w>
  <w id="6" lemma="|temptation|" pos="NN" wid="6">temptation</w>
  <w id="7" lemma="|for|" pos="IN" wid="7">for</w>
  <w id="8" lemma="|some|" pos="DT" wid="8">some</w>
  <w id="9" lemma="|to|" pos="TO" wid="9">to</w>
  <w id="10" lemma="|say|" pos="VB" wid="10">say</w>
  <w id="11" lemma="|:|" pos=":" wid="11">:</w>
  <w id="12" lemma="|the|" pos="DT" wid="12">the</w>
  <w id="13" lemma="|Church|" pos="NNP" wid="13">Church</w>
  <w id="14" lemma="|be|" pos="VBZ" wid="14">is</w>
  <w id="15" lemma="|only|" pos="RB" wid="15">only</w>
  <w id="16" lemma="|the|" pos="DT" wid="16">the</w>
  <w id="17" lemma="|Church|" pos="NNP" wid="17">Church</w>
  <w id="18" lemma="|of|" pos="IN" wid="18">of</w>
  <w id="19" lemma="|the|" pos="DT" wid="19">the</w>
  <w id="20" lemma="|pure|" pos="JJ" wid="20">pure</w>
  <w id="21" lemma="|,|" pos="," wid="21">,</w>
  <w id="22" lemma="|the|" pos="DT" wid="22">the</w>
  <w id="23" lemma="|perfectly|" pos="RB" wid="23">perfectly</w>
  <w id="24" lemma="|consistent|" pos="JJ" wid="24">consistent</w>
  <w id="25" lemma="|,|" pos="," wid="25">,</w>
  <w id="26" lemma="|and|" pos="CC" wid="26">and</w>
  <w id="27" lemma="|expel|" pos="VBZ" wid="27">expels</w>
  <w id="28" lemma="|all|" pos="PDT" wid="28">all</w>
  <w id="29" lemma="|the|" pos="DT" wid="29">the</w>
  <w id="30" lemma="|rest|" pos="NN" wid="30">rest</w>
  <w id="31" lemma="|.|" pos="." wid="31">.</w>
</sentence>
<sentence id="24">
  <w id="0" lemma="|this|" pos="DT" wid="0">This</w>
  <w id="1" lemma="|be|" pos="VBZ" wid="1">is</w>
  <w id="2" lemma="|not|" pos="RB" wid="2">not</w>
  <w id="3" lemma="|true|" pos="JJ" wid="3">true</w>
  <w id="4" lemma="|!|" pos="." wid="4">!</w>
</sentence>
<sentence id="25">
  <w id="0" lemma="|this|" pos="DT" wid="0">This</w>
  <w id="1" lemma="|be|" pos="VBZ" wid="1">is</w>
  <w id="2" lemma="|heresy|" pos="NN" wid="2">heresy</w>
  <w id="3" lemma="|!|" pos="." wid="3">!</w>
</sentence>
<sentence id="26">
  <w id="0" lemma="|the|" pos="DT" wid="0">The</w>
  <w id="1" lemma="|Church|" pos="NNP" wid="1">Church</w>
  <w id="2" lemma="|,|" pos="," wid="2">,</w>
  <w id="3" lemma="|that|" pos="WDT" wid="3">that</w>
  <w id="4" lemma="|be|" pos="VBZ" wid="4">is</w>
  <w id="5" lemma="|holy|" pos="JJ" wid="5">holy</w>
  <w id="6" lemma="|,|" pos="," wid="6">,</w>
  <w id="7" lemma="|do|" pos="VBZ" wid="7">does</w>
  <w id="8" lemma="|not|" pos="RB" wid="8">not</w>
  <w id="9" lemma="|reject|" pos="VB" wid="9">reject</w>
  <w id="10" lemma="|sinner|" pos="NNS" wid="10">sinners</w>
  <w id="11" lemma="|;|" pos=":" wid="11">;</w>
  <w id="12" lemma="|she|" pos="PRP" wid="12">she</w>
  <w id="13" lemma="|do|" pos="VBZ" wid="13">does</w>
  <w id="14" lemma="|not|" pos="RB" wid="14">not</w>
  <w id="15" lemma="|reject|" pos="VB" wid="15">reject</w>
  <w id="16" lemma="|we|" pos="PRP" wid="16">us</w>
  <w id="17" lemma="|all|" pos="DT" wid="17">all</w>
  <w id="18" lemma="|;|" pos=":" wid="18">;</w>
  <w id="19" lemma="|she|" pos="PRP" wid="19">she</w>
  <w id="20" lemma="|do|" pos="VBZ" wid="20">does</w>
  <w id="21" lemma="|not|" pos="RB" wid="21">not</w>
  <w id="22" lemma="|reject|" pos="VB" wid="22">reject</w>
  <w id="23" lemma="|because|" pos="IN" wid="23">because</w>
  <w id="24" lemma="|she|" pos="PRP" wid="24">she</w>
  <w id="25" lemma="|call|" pos="VBZ" wid="25">calls</w>
  <w id="26" lemma="|everyone|" pos="NN" wid="26">everyone</w>
  <w id="27" lemma="|,|" pos="," wid="27">,</w>
  <w id="28" lemma="|welcome|" pos="VBZ" wid="28">welcomes</w>
  <w id="29" lemma="|they|" pos="PRP" wid="29">them</w>
  <w id="30" lemma="|,|" pos="," wid="30">,</w>
  <w id="31" lemma="|be|" pos="VBZ" wid="31">is</w>
  <w id="32" lemma="|open|" pos="JJ" wid="32">open</w>
  <w id="33" lemma="|even|" pos="RB" wid="33">even</w>
  <w id="34" lemma="|to|" pos="TO" wid="34">to</w>
  <w id="35" lemma="|those|" pos="DT" wid="35">those</w>
  <w id="36" lemma="|furthest|" pos="JJS" wid="36">furthest</w>
  <w id="37" lemma="|from|" pos="IN" wid="37">from</w>
  <w id="38" lemma="|she|" pos="PRP" wid="38">her</w>
  <w id="39" lemma="|,|" pos="," wid="39">,</w>
  <w id="40" lemma="|she|" pos="PRP" wid="40">she</w>
  <w id="41" lemma="|call|" pos="VBZ" wid="41">calls</w>
  <w id="42" lemma="|everyone|" pos="NN" wid="42">everyone</w>
  <w id="43" lemma="|to|" pos="TO" wid="43">to</w>
  <w id="44" lemma="|allow|" pos="VB" wid="44">allow</w>
  <w id="45" lemma="|themselves|" pos="PRP" wid="45">themselves</w>
  <w id="46" lemma="|to|" pos="TO" wid="46">to</w>
  <w id="47" lemma="|be|" pos="VB" wid="47">be</w>
  <w id="48" lemma="|enfold|" pos="VBN" wid="48">enfolded</w>
  <w id="49" lemma="|by|" pos="IN" wid="49">by</w>
  <w id="50" lemma="|the|" pos="DT" wid="50">the</w>
  <w id="51" lemma="|mercy|" pos="NN" wid="51">mercy</w>
  <w id="52" lemma="|,|" pos="," wid="52">,</w>
  <w id="53" lemma="|the|" pos="DT" wid="53">the</w>
  <w id="54" lemma="|tenderness|" pos="NN" wid="54">tenderness</w>
  <w id="55" lemma="|and|" pos="CC" wid="55">and</w>
  <w id="56" lemma="|the|" pos="DT" wid="56">the</w>
  <w id="57" lemma="|forgiveness|" pos="NN" wid="57">forgiveness</w>
  <w id="58" lemma="|of|" pos="IN" wid="58">of</w>
  <w id="59" lemma="|the|" pos="DT" wid="59">the</w>
  <w id="60" lemma="|Father|" pos="NNP" wid="60">Father</w>
  <w id="61" lemma="|,|" pos="," wid="61">,</w>
  <w id="62" lemma="|who|" pos="WP" wid="62">who</w>
  <w id="63" lemma="|offer|" pos="VBZ" wid="63">offers</w>
  <w id="64" lemma="|everyone|" pos="NN" wid="64">everyone</w>
  <w id="65" lemma="|the|" pos="DT" wid="65">the</w>
  <w id="66" lemma="|possibility|" pos="NN" wid="66">possibility</w>
  <w id="67" lemma="|of|" pos="IN" wid="67">of</w>
  <w id="68" lemma="|meet|" pos="VBG" wid="68">meeting</w>
  <w id="69" lemma="|he|" pos="PRP" wid="69">him</w>
  <w id="70" lemma="|,|" pos="," wid="70">,</w>
  <w id="71" lemma="|of|" pos="IN" wid="71">of</w>
  <w id="72" lemma="|journey|" pos="VBG" wid="72">journeying</w>
  <w id="73" lemma="|toward|" pos="IN" wid="73">toward</w>
  <w id="74" lemma="|sanctity|" pos="NN" wid="74">sanctity</w>
  <w id="75" lemma="|.|" pos="." wid="75">.</w>
</sentence>
<sentence id="27">
  <w id="0" lemma="|``|" pos="``" wid="0">``</w>
  <w id="1" lemma="|well|" pos="UH" wid="1">Well</w>
  <w id="2" lemma="|!|" pos="." wid="2">!</w>
</sentence>
<sentence id="28">
  <w id="0" lemma="|Father|" pos="NNP" wid="0">Father</w>
  <w id="1" lemma="|,|" pos="," wid="1">,</w>
  <w id="2" lemma="|I|" pos="PRP" wid="2">I</w>
  <w id="3" lemma="|be|" pos="VBP" wid="3">am</w>
  <w id="4" lemma="|a|" pos="DT" wid="4">a</w>
  <w id="5" lemma="|sinner|" pos="NN" wid="5">sinner</w>
  <w id="6" lemma="|,|" pos="," wid="6">,</w>
  <w id="7" lemma="|I|" pos="PRP" wid="7">I</w>
  <w id="8" lemma="|have|" pos="VBP" wid="8">have</w>
  <w id="9" lemma="|tremendous|" pos="JJ" wid="9">tremendous</w>
  <w id="10" lemma="|sin|" pos="NNS" wid="10">sins</w>
  <w id="11" lemma="|,|" pos="," wid="11">,</w>
  <w id="12" lemma="|how|" pos="WRB" wid="12">how</w>
  <w id="13" lemma="|can|" pos="MD" wid="13">can</w>
  <w id="14" lemma="|I|" pos="PRP" wid="14">I</w>
  <w id="15" lemma="|possibly|" pos="RB" wid="15">possibly</w>
  <w id="16" lemma="|feel|" pos="VBP" wid="16">feel</w>
  <w id="17" lemma="|part|" pos="NN" wid="17">part</w>
  <w id="18" lemma="|of|" pos="IN" wid="18">of</w>
  <w id="19" lemma="|the|" pos="DT" wid="19">the</w>
  <w id="20" lemma="|Church|" pos="NNP" wid="20">Church</w>
  <w id="21" lemma="|?|" pos="." wid="21">?</w>
</sentence>
<sentence id="29">
  <w id="0" lemma="|Dear|" pos="NNP" wid="0">Dear</w>
  <w id="1" lemma="|brother|" pos="NN" wid="1">brother</w>
  <w id="2" lemma="|,|" pos="," wid="2">,</w>
  <w id="3" lemma="|dear|" pos="RB" wid="3">dear</w>
  <w id="4" lemma="|sister|" pos="NN" wid="4">sister</w>
  <w id="5" lemma="|,|" pos="," wid="5">,</w>
  <w id="6" lemma="|this|" pos="DT" wid="6">this</w>
  <w id="7" lemma="|be|" pos="VBZ" wid="7">is</w>
  <w id="8" lemma="|exactly|" pos="RB" wid="8">exactly</w>
  <w id="9" lemma="|what|" pos="WP" wid="9">what</w>
  <w id="10" lemma="|the|" pos="DT" wid="10">the</w>
  <w id="11" lemma="|Lord|" pos="NNP" wid="11">Lord</w>
  <w id="12" lemma="|want|" pos="VBZ" wid="12">wants</w>
  <w id="13" lemma="|,|" pos="," wid="13">,</w>
  <w id="14" lemma="|that|" pos="IN" wid="14">that</w>
  <w id="15" lemma="|you|" pos="PRP" wid="15">you</w>
  <w id="16" lemma="|say|" pos="VBP" wid="16">say</w>
  <w id="17" lemma="|to|" pos="TO" wid="17">to</w>
  <w id="18" lemma="|he|" pos="PRP" wid="18">him</w>
  <w id="19" lemma="|:|" pos=":" wid="19">:</w>
  <w id="20" lemma="|``|" pos="``" wid="20">``</w>
  <w id="21" lemma="|Lord|" pos="NNP" wid="21">Lord</w>
  <w id="22" lemma="|,|" pos="," wid="22">,</w>
  <w id="23" lemma="|here|" pos="RB" wid="23">here</w>
  <w id="24" lemma="|I|" pos="PRP" wid="24">I</w>
  <w id="25" lemma="|be|" pos="VBP" wid="25">am</w>
  <w id="26" lemma="|,|" pos="," wid="26">,</w>
  <w id="27" lemma="|with|" pos="IN" wid="27">with</w>
  <w id="28" lemma="|my|" pos="PRP$" wid="28">my</w>
  <w id="29" lemma="|sin|" pos="NNS" wid="29">sins</w>
  <w id="30" lemma="|''|" pos="''" wid="30">''</w>
  <w id="31" lemma="|.|" pos="." wid="31">.</w>
</sentence>
<sentence id="30">
  <w id="0" lemma="|be|" pos="VBZ" wid="0">Is</w>
  <w id="1" lemma="|one|" pos="CD" wid="1">one</w>
  <w id="2" lemma="|of|" pos="IN" wid="2">of</w>
  <w id="3" lemma="|you|" pos="PRP" wid="3">you</w>
  <w id="4" lemma="|here|" pos="RB" wid="4">here</w>
  <w id="5" lemma="|without|" pos="IN" wid="5">without</w>
  <w id="6" lemma="|sin|" pos="NN" wid="6">sin</w>
  <w id="7" lemma="|?|" pos="." wid="7">?</w>
</sentence>
<sentence id="31">
  <w id="0" lemma="|anyone|" pos="NN" wid="0">Anyone</w>
  <w id="1" lemma="|?|" pos="." wid="1">?</w>
</sentence>
<sentence id="32">
  <w id="0" lemma="|no|" pos="DT" wid="0">No</w>
  <w id="1" lemma="|one|" pos="NN" wid="1">one</w>
  <w id="2" lemma="|,|" pos="," wid="2">,</w>
  <w id="3" lemma="|not|" pos="RB" wid="3">not</w>
  <w id="4" lemma="|one|" pos="CD" wid="4">one</w>
  <w id="5" lemma="|of|" pos="IN" wid="5">of</w>
  <w id="6" lemma="|we|" pos="PRP" wid="6">us</w>
  <w id="7" lemma="|.|" pos="." wid="7">.</w>
</sentence>
<sentence id="33">
  <w id="0" lemma="|we|" pos="PRP" wid="0">We</w>
  <w id="1" lemma="|all|" pos="DT" wid="1">all</w>
  <w id="2" lemma="|carry|" pos="VBP" wid="2">carry</w>
  <w id="3" lemma="|we|" pos="PRP$" wid="3">our</w>
  <w id="4" lemma="|sin|" pos="NNS" wid="4">sins</w>
  <w id="5" lemma="|with|" pos="IN" wid="5">with</w>
  <w id="6" lemma="|we|" pos="PRP" wid="6">us</w>
  <w id="7" lemma="|.|" pos="." wid="7">.</w>
</sentence>
<sentence id="34">
  <w id="0" lemma="|but|" pos="CC" wid="0">But</w>
  <w id="1" lemma="|the|" pos="DT" wid="1">the</w>
  <w id="2" lemma="|Lord|" pos="NNP" wid="2">Lord</w>
  <w id="3" lemma="|want|" pos="VBZ" wid="3">wants</w>
  <w id="4" lemma="|to|" pos="TO" wid="4">to</w>
  <w id="5" lemma="|hear|" pos="VB" wid="5">hear</w>
  <w id="6" lemma="|we|" pos="PRP" wid="6">us</w>
  <w id="7" lemma="|say|" pos="VB" wid="7">say</w>
  <w id="8" lemma="|to|" pos="TO" wid="8">to</w>
  <w id="9" lemma="|he|" pos="PRP" wid="9">him</w>
  <w id="10" lemma="|:|" pos=":" wid="10">:</w>
  <w id="11" lemma="|``|" pos="``" wid="11">``</w>
  <w id="12" lemma="|forgive|" pos="VB" wid="12">Forgive</w>
  <w id="13" lemma="|I|" pos="PRP" wid="13">me</w>
  <w id="14" lemma="|,|" pos="," wid="14">,</w>
  <w id="15" lemma="|help|" pos="VB" wid="15">help</w>
  <w id="16" lemma="|I|" pos="PRP" wid="16">me</w>
  <w id="17" lemma="|to|" pos="TO" wid="17">to</w>
  <w id="18" lemma="|walk|" pos="VB" wid="18">walk</w>
  <w id="19" lemma="|,|" pos="," wid="19">,</w>
  <w id="20" lemma="|change|" pos="VB" wid="20">change</w>
  <w id="21" lemma="|my|" pos="PRP$" wid="21">my</w>
  <w id="22" lemma="|heart|" pos="NN" wid="22">heart</w>
  <w id="23" lemma="|!|" pos="." wid="23">!</w>
  <w id="24" lemma="|''|" pos="''" wid="24">''</w>
  <w id="25" lemma="|.|" pos="." wid="25">.</w>
</sentence>
<sentence id="35">
  <w id="0" lemma="|and|" pos="CC" wid="0">And</w>
  <w id="1" lemma="|the|" pos="DT" wid="1">the</w>
  <w id="2" lemma="|Lord|" pos="NNP" wid="2">Lord</w>
  <w id="3" lemma="|can|" pos="MD" wid="3">can</w>
  <w id="4" lemma="|change|" pos="VB" wid="4">change</w>
  <w id="5" lemma="|you|" pos="PRP$" wid="5">your</w>
  <w id="6" lemma="|heart|" pos="NN" wid="6">heart</w>
  <w id="7" lemma="|.|" pos="." wid="7">.</w>
</sentence>
<sentence id="36">
  <w id="0" lemma="|in|" pos="IN" wid="0">In</w>
  <w id="1" lemma="|the|" pos="DT" wid="1">the</w>
  <w id="2" lemma="|Church|" pos="NNP" wid="2">Church</w>
  <w id="3" lemma="|,|" pos="," wid="3">,</w>
  <w id="4" lemma="|the|" pos="DT" wid="4">the</w>
  <w id="5" lemma="|God|" pos="NNP" wid="5">God</w>
  <w id="6" lemma="|we|" pos="PRP" wid="6">we</w>
  <w id="7" lemma="|encounter|" pos="VBP" wid="7">encounter</w>
  <w id="8" lemma="|be|" pos="VBZ" wid="8">is</w>
  <w id="9" lemma="|not|" pos="RB" wid="9">not</w>
  <w id="10" lemma="|a|" pos="DT" wid="10">a</w>
  <w id="11" lemma="|merciless|" pos="JJ" wid="11">merciless</w>
  <w id="12" lemma="|judge|" pos="NN" wid="12">judge</w>
  <w id="13" lemma="|,|" pos="," wid="13">,</w>
  <w id="14" lemma="|but|" pos="CC" wid="14">but</w>
  <w id="15" lemma="|like|" pos="IN" wid="15">like</w>
  <w id="16" lemma="|the|" pos="DT" wid="16">the</w>
  <w id="17" lemma="|Father|" pos="NNP" wid="17">Father</w>
  <w id="18" lemma="|in|" pos="IN" wid="18">in</w>
  <w id="19" lemma="|the|" pos="DT" wid="19">the</w>
  <w id="20" lemma="|Gospel|" pos="NNP" wid="20">Gospel</w>
  <w id="21" lemma="|parable|" pos="NN" wid="21">parable</w>
  <w id="22" lemma="|.|" pos="." wid="22">.</w>
</sentence>
<sentence id="37">
  <w id="0" lemma="|you|" pos="PRP" wid="0">You</w>
  <w id="1" lemma="|may|" pos="MD" wid="1">may</w>
  <w id="2" lemma="|be|" pos="VB" wid="2">be</w>
  <w id="3" lemma="|like|" pos="IN" wid="3">like</w>
  <w id="4" lemma="|the|" pos="DT" wid="4">the</w>
  <w id="5" lemma="|son|" pos="NN" wid="5">son</w>
  <w id="6" lemma="|who|" pos="WP" wid="6">who</w>
  <w id="7" lemma="|leave|" pos="VBD" wid="7">left</w>
  <w id="8" lemma="|home|" pos="NN" wid="8">home</w>
  <w id="9" lemma="|,|" pos="," wid="9">,</w>
  <w id="10" lemma="|who|" pos="WP" wid="10">who</w>
  <w id="11" lemma="|sink|" pos="VBD" wid="11">sank</w>
  <w id="12" lemma="|to|" pos="TO" wid="12">to</w>
  <w id="13" lemma="|the|" pos="DT" wid="13">the</w>
  <w id="14" lemma="|depths|" pos="NNS" wid="14">depths</w>
  <w id="15" lemma="|,|" pos="," wid="15">,</w>
  <w id="16" lemma="|farthest|" pos="JJS" wid="16">farthest</w>
  <w id="17" lemma="|from|" pos="IN" wid="17">from</w>
  <w id="18" lemma="|the|" pos="DT" wid="18">the</w>
  <w id="19" lemma="|Gospel|" pos="NNP" wid="19">Gospel</w>
  <w id="20" lemma="|.|" pos="." wid="20">.</w>
</sentence>
<sentence id="38">
  <w id="0" lemma="|when|" pos="WRB" wid="0">When</w>
  <w id="1" lemma="|you|" pos="PRP" wid="1">you</w>
  <w id="2" lemma="|have|" pos="VBP" wid="2">have</w>
  <w id="3" lemma="|the|" pos="DT" wid="3">the</w>
  <w id="4" lemma="|strength|" pos="NN" wid="4">strength</w>
  <w id="5" lemma="|to|" pos="TO" wid="5">to</w>
  <w id="6" lemma="|say|" pos="VB" wid="6">say</w>
  <w id="7" lemma="|:|" pos=":" wid="7">:</w>
  <w id="8" lemma="|I|" pos="PRP" wid="8">I</w>
  <w id="9" lemma="|want|" pos="VBP" wid="9">want</w>
  <w id="10" lemma="|to|" pos="TO" wid="10">to</w>
  <w id="11" lemma="|come|" pos="VB" wid="11">come</w>
  <w id="12" lemma="|home|" pos="NN" wid="12">home</w>
  <w id="13" lemma="|,|" pos="," wid="13">,</w>
  <w id="14" lemma="|you|" pos="PRP" wid="14">you</w>
  <w id="15" lemma="|will|" pos="MD" wid="15">will</w>
  <w id="16" lemma="|find|" pos="VB" wid="16">find</w>
  <w id="17" lemma="|the|" pos="DT" wid="17">the</w>
  <w id="18" lemma="|door|" pos="NN" wid="18">door</w>
  <w id="19" lemma="|open|" pos="JJ" wid="19">open</w>
  <w id="20" lemma="|.|" pos="." wid="20">.</w>
</sentence>
<sentence id="39">
  <w id="0" lemma="|God|" pos="NNP" wid="0">God</w>
  <w id="1" lemma="|will|" pos="MD" wid="1">will</w>
  <w id="2" lemma="|come|" pos="VB" wid="2">come</w>
  <w id="3" lemma="|to|" pos="TO" wid="3">to</w>
  <w id="4" lemma="|meet|" pos="VB" wid="4">meet</w>
  <w id="5" lemma="|you|" pos="PRP" wid="5">you</w>
  <w id="6" lemma="|because|" pos="IN" wid="6">because</w>
  <w id="7" lemma="|he|" pos="PRP" wid="7">he</w>
  <w id="8" lemma="|be|" pos="VBZ" wid="8">is</w>
  <w id="9" lemma="|always|" pos="RB" wid="9">always</w>
  <w id="10" lemma="|wait|" pos="VBG" wid="10">waiting</w>
  <w id="11" lemma="|for|" pos="IN" wid="11">for</w>
  <w id="12" lemma="|you|" pos="PRP" wid="12">you</w>
  <w id="13" lemma="|,|" pos="," wid="13">,</w>
  <w id="14" lemma="|God|" pos="NNP" wid="14">God</w>
  <w id="15" lemma="|be|" pos="VBZ" wid="15">is</w>
  <w id="16" lemma="|always|" pos="RB" wid="16">always</w>
  <w id="17" lemma="|wait|" pos="VBG" wid="17">waiting</w>
  <w id="18" lemma="|for|" pos="IN" wid="18">for</w>
  <w id="19" lemma="|you|" pos="PRP" wid="19">you</w>
  <w id="20" lemma="|,|" pos="," wid="20">,</w>
  <w id="21" lemma="|God|" pos="NNP" wid="21">God</w>
  <w id="22" lemma="|embrace|" pos="VBZ" wid="22">embraces</w>
  <w id="23" lemma="|you|" pos="PRP" wid="23">you</w>
  <w id="24" lemma="|,|" pos="," wid="24">,</w>
  <w id="25" lemma="|kiss|" pos="NNS" wid="25">kisses</w>
  <w id="26" lemma="|you|" pos="PRP" wid="26">you</w>
  <w id="27" lemma="|and|" pos="CC" wid="27">and</w>
  <w id="28" lemma="|celebrate|" pos="VBZ" wid="28">celebrates</w>
  <w id="29" lemma="|.|" pos="." wid="29">.</w>
</sentence>
<sentence id="40">
  <w id="0" lemma="|that|" pos="DT" wid="0">That</w>
  <w id="1" lemma="|be|" pos="VBZ" wid="1">is</w>
  <w id="2" lemma="|how|" pos="WRB" wid="2">how</w>
  <w id="3" lemma="|the|" pos="DT" wid="3">the</w>
  <w id="4" lemma="|Lord|" pos="NNP" wid="4">Lord</w>
  <w id="5" lemma="|be|" pos="VBZ" wid="5">is</w>
  <w id="6" lemma="|,|" pos="," wid="6">,</w>
  <w id="7" lemma="|that|" pos="WDT" wid="7">that</w>
  <w id="8" lemma="|be|" pos="VBZ" wid="8">is</w>
  <w id="9" lemma="|how|" pos="WRB" wid="9">how</w>
  <w id="10" lemma="|the|" pos="DT" wid="10">the</w>
  <w id="11" lemma="|tenderness|" pos="NN" wid="11">tenderness</w>
  <w id="12" lemma="|of|" pos="IN" wid="12">of</w>
  <w id="13" lemma="|we|" pos="PRP$" wid="13">our</w>
  <w id="14" lemma="|Heavenly|" pos="NNP" wid="14">Heavenly</w>
  <w id="15" lemma="|Father|" pos="NNP" wid="15">Father</w>
  <w id="16" lemma="|be|" pos="VBZ" wid="16">is</w>
  <w id="17" lemma="|.|" pos="." wid="17">.</w>
</sentence>
<sentence id="41">
  <w id="0" lemma="|the|" pos="DT" wid="0">The</w>
  <w id="1" lemma="|Lord|" pos="NNP" wid="1">Lord</w>
  <w id="2" lemma="|want|" pos="VBZ" wid="2">wants</w>
  <w id="3" lemma="|we|" pos="PRP" wid="3">us</w>
  <w id="4" lemma="|to|" pos="TO" wid="4">to</w>
  <w id="5" lemma="|belong|" pos="VB" wid="5">belong</w>
  <w id="6" lemma="|to|" pos="TO" wid="6">to</w>
  <w id="7" lemma="|a|" pos="DT" wid="7">a</w>
  <w id="8" lemma="|Church|" pos="NNP" wid="8">Church</w>
  <w id="9" lemma="|that|" pos="WDT" wid="9">that</w>
  <w id="10" lemma="|know|" pos="VBZ" wid="10">knows</w>
  <w id="11" lemma="|how|" pos="WRB" wid="11">how</w>
  <w id="12" lemma="|to|" pos="TO" wid="12">to</w>
  <w id="13" lemma="|open|" pos="VB" wid="13">open</w>
  <w id="14" lemma="|she|" pos="PRP$" wid="14">her</w>
  <w id="15" lemma="|arm|" pos="NNS" wid="15">arms</w>
  <w id="16" lemma="|and|" pos="CC" wid="16">and</w>
  <w id="17" lemma="|welcome|" pos="JJ" wid="17">welcome</w>
  <w id="18" lemma="|everyone|" pos="NN" wid="18">everyone</w>
  <w id="19" lemma="|,|" pos="," wid="19">,</w>
  <w id="20" lemma="|that|" pos="WDT" wid="20">that</w>
  <w id="21" lemma="|be|" pos="VBZ" wid="21">is</w>
  <w id="22" lemma="|not|" pos="RB" wid="22">not</w>
  <w id="23" lemma="|a|" pos="DT" wid="23">a</w>
  <w id="24" lemma="|house|" pos="NN" wid="24">house</w>
  <w id="25" lemma="|for|" pos="IN" wid="25">for</w>
  <w id="26" lemma="|the|" pos="DT" wid="26">the</w>
  <w id="27" lemma="|few|" pos="JJ" wid="27">few</w>
  <w id="28" lemma="|,|" pos="," wid="28">,</w>
  <w id="29" lemma="|but|" pos="CC" wid="29">but</w>
  <w id="30" lemma="|a|" pos="DT" wid="30">a</w>
  <w id="31" lemma="|house|" pos="NN" wid="31">house</w>
  <w id="32" lemma="|for|" pos="IN" wid="32">for</w>
  <w id="33" lemma="|everyone|" pos="NN" wid="33">everyone</w>
  <w id="34" lemma="|,|" pos="," wid="34">,</w>
  <w id="35" lemma="|where|" pos="WRB" wid="35">where</w>
  <w id="36" lemma="|all|" pos="DT" wid="36">all</w>
  <w id="37" lemma="|can|" pos="MD" wid="37">can</w>
  <w id="38" lemma="|be|" pos="VB" wid="38">be</w>
  <w id="39" lemma="|renew|" pos="VBN" wid="39">renewed</w>
  <w id="40" lemma="|,|" pos="," wid="40">,</w>
  <w id="41" lemma="|transform|" pos="VBN" wid="41">transformed</w>
  <w id="42" lemma="|,|" pos="," wid="42">,</w>
  <w id="43" lemma="|sanctify|" pos="VBN" wid="43">sanctified</w>
  <w id="44" lemma="|by|" pos="IN" wid="44">by</w>
  <w id="45" lemma="|he|" pos="PRP$" wid="45">his</w>
  <w id="46" lemma="|love|" pos="NN" wid="46">love</w>
  <w id="47" lemma="|,|" pos="," wid="47">,</w>
  <w id="48" lemma="|the|" pos="DT" wid="48">the</w>
  <w id="49" lemma="|strongest|" pos="JJS" wid="49">strongest</w>
  <w id="50" lemma="|and|" pos="CC" wid="50">and</w>
  <w id="51" lemma="|the|" pos="DT" wid="51">the</w>
  <w id="52" lemma="|weakest|" pos="JJS" wid="52">weakest</w>
  <w id="53" lemma="|,|" pos="," wid="53">,</w>
  <w id="54" lemma="|sinner|" pos="NNS" wid="54">sinners</w>
  <w id="55" lemma="|,|" pos="," wid="55">,</w>
  <w id="56" lemma="|the|" pos="DT" wid="56">the</w>
  <w id="57" lemma="|indifferent|" pos="JJ" wid="57">indifferent</w>
  <w id="58" lemma="|,|" pos="," wid="58">,</w>
  <w id="59" lemma="|those|" pos="DT" wid="59">those</w>
  <w id="60" lemma="|who|" pos="WP" wid="60">who</w>
  <w id="61" lemma="|feel|" pos="VBP" wid="61">feel</w>
  <w id="62" lemma="|discourage|" pos="VBN" wid="62">discouraged</w>
  <w id="63" lemma="|or|" pos="CC" wid="63">or</w>
  <w id="64" lemma="|lose|" pos="VBN" wid="64">lost</w>
  <w id="65" lemma="|.|" pos="." wid="65">.</w>
</sentence>
<sentence id="42">
  <w id="0" lemma="|the|" pos="DT" wid="0">The</w>
  <w id="1" lemma="|Church|" pos="NNP" wid="1">Church</w>
  <w id="2" lemma="|offer|" pos="VBZ" wid="2">offers</w>
  <w id="3" lemma="|all|" pos="PDT" wid="3">all</w>
  <w id="4" lemma="|the|" pos="DT" wid="4">the</w>
  <w id="5" lemma="|possibility|" pos="NN" wid="5">possibility</w>
  <w id="6" lemma="|of|" pos="IN" wid="6">of</w>
  <w id="7" lemma="|follow|" pos="VBG" wid="7">following</w>
  <w id="8" lemma="|a|" pos="DT" wid="8">a</w>
  <w id="9" lemma="|path|" pos="NN" wid="9">path</w>
  <w id="10" lemma="|of|" pos="IN" wid="10">of</w>
  <w id="11" lemma="|holiness|" pos="NN" wid="11">holiness</w>
  <w id="12" lemma="|,|" pos="," wid="12">,</w>
  <w id="13" lemma="|that|" pos="WDT" wid="13">that</w>
  <w id="14" lemma="|be|" pos="VBZ" wid="14">is</w>
  <w id="15" lemma="|the|" pos="DT" wid="15">the</w>
  <w id="16" lemma="|path|" pos="NN" wid="16">path</w>
  <w id="17" lemma="|of|" pos="IN" wid="17">of</w>
  <w id="18" lemma="|the|" pos="DT" wid="18">the</w>
  <w id="19" lemma="|Christian|" pos="NNP" wid="19">Christian</w>
  <w id="20" lemma="|:|" pos=":" wid="20">:</w>
  <w id="21" lemma="|she|" pos="PRP" wid="21">she</w>
  <w id="22" lemma="|bring|" pos="VBZ" wid="22">brings</w>
  <w id="23" lemma="|we|" pos="PRP" wid="23">us</w>
  <w id="24" lemma="|to|" pos="TO" wid="24">to</w>
  <w id="25" lemma="|encounter|" pos="VB" wid="25">encounter</w>
  <w id="26" lemma="|Jesus|" pos="NNP" wid="26">Jesus</w>
  <w id="27" lemma="|Christ|" pos="NNP" wid="27">Christ</w>
  <w id="28" lemma="|in|" pos="IN" wid="28">in</w>
  <w id="29" lemma="|the|" pos="DT" wid="29">the</w>
  <w id="30" lemma="|sacrament|" pos="NNS" wid="30">Sacraments</w>
  <w id="31" lemma="|,|" pos="," wid="31">,</w>
  <w id="32" lemma="|especially|" pos="RB" wid="32">especially</w>
  <w id="33" lemma="|in|" pos="IN" wid="33">in</w>
  <w id="34" lemma="|Confession|" pos="NNP" wid="34">Confession</w>
  <w id="35" lemma="|and|" pos="CC" wid="35">and</w>
  <w id="36" lemma="|in|" pos="IN" wid="36">in</w>
  <w id="37" lemma="|the|" pos="DT" wid="37">the</w>
  <w id="38" lemma="|eucharist|" pos="NN" wid="38">Eucharist</w>
  <w id="39" lemma="|;|" pos=":" wid="39">;</w>
  <w id="40" lemma="|she|" pos="PRP" wid="40">she</w>
  <w id="41" lemma="|communicate|" pos="VBZ" wid="41">communicates</w>
  <w id="42" lemma="|the|" pos="DT" wid="42">the</w>
  <w id="43" lemma="|Word|" pos="NNP" wid="43">Word</w>
  <w id="44" lemma="|of|" pos="IN" wid="44">of</w>
  <w id="45" lemma="|God|" pos="NNP" wid="45">God</w>
  <w id="46" lemma="|to|" pos="TO" wid="46">to</w>
  <w id="47" lemma="|we|" pos="PRP" wid="47">us</w>
  <w id="48" lemma="|,|" pos="," wid="48">,</w>
  <w id="49" lemma="|she|" pos="PRP" wid="49">she</w>
  <w id="50" lemma="|let|" pos="VBZ" wid="50">lets</w>
  <w id="51" lemma="|we|" pos="PRP" wid="51">us</w>
  <w id="52" lemma="|live|" pos="VB" wid="52">live</w>
  <w id="53" lemma="|in|" pos="IN" wid="53">in</w>
  <w id="54" lemma="|charity|" pos="NN" wid="54">charity</w>
  <w id="55" lemma="|,|" pos="," wid="55">,</w>
  <w id="56" lemma="|in|" pos="IN" wid="56">in</w>
  <w id="57" lemma="|the|" pos="DT" wid="57">the</w>
  <w id="58" lemma="|love|" pos="NN" wid="58">love</w>
  <w id="59" lemma="|of|" pos="IN" wid="59">of</w>
  <w id="60" lemma="|God|" pos="NNP" wid="60">God</w>
  <w id="61" lemma="|for|" pos="IN" wid="61">for</w>
  <w id="62" lemma="|all|" pos="DT" wid="62">all</w>
  <w id="63" lemma="|.|" pos="." wid="63">.</w>
</sentence>
<sentence id="43">
  <w id="0" lemma="|let|" pos="VB" wid="0">Let</w>
  <w id="1" lemma="|we|" pos="PRP" wid="1">us</w>
  <w id="2" lemma="|ask|" pos="VB" wid="2">ask</w>
  <w id="3" lemma="|ourselves|" pos="PRP" wid="3">ourselves</w>
  <w id="4" lemma="|then|" pos="RB" wid="4">then</w>
  <w id="5" lemma="|,|" pos="," wid="5">,</w>
  <w id="6" lemma="|will|" pos="MD" wid="6">will</w>
  <w id="7" lemma="|we|" pos="PRP" wid="7">we</w>
  <w id="8" lemma="|let|" pos="VB" wid="8">let</w>
  <w id="9" lemma="|ourselves|" pos="PRP" wid="9">ourselves</w>
  <w id="10" lemma="|be|" pos="VB" wid="10">be</w>
  <w id="11" lemma="|sanctify|" pos="VBN" wid="11">sanctified</w>
  <w id="12" lemma="|?|" pos="." wid="12">?</w>
</sentence>
<sentence id="44">
  <w id="0" lemma="|be|" pos="VBP" wid="0">Are</w>
  <w id="1" lemma="|we|" pos="PRP" wid="1">we</w>
  <w id="2" lemma="|a|" pos="DT" wid="2">a</w>
  <w id="3" lemma="|Church|" pos="NNP" wid="3">Church</w>
  <w id="4" lemma="|that|" pos="WDT" wid="4">that</w>
  <w id="5" lemma="|call|" pos="VBZ" wid="5">calls</w>
  <w id="6" lemma="|and|" pos="CC" wid="6">and</w>
  <w id="7" lemma="|welcome|" pos="VBZ" wid="7">welcomes</w>
  <w id="8" lemma="|sinner|" pos="NNS" wid="8">sinners</w>
  <w id="9" lemma="|with|" pos="IN" wid="9">with</w>
  <w id="10" lemma="|open|" pos="JJ" wid="10">open</w>
  <w id="11" lemma="|arm|" pos="NNS" wid="11">arms</w>
  <w id="12" lemma="|,|" pos="," wid="12">,</w>
  <w id="13" lemma="|that|" pos="WDT" wid="13">that</w>
  <w id="14" lemma="|give|" pos="VBZ" wid="14">gives</w>
  <w id="15" lemma="|courage|" pos="NN" wid="15">courage</w>
  <w id="16" lemma="|and|" pos="CC" wid="16">and</w>
  <w id="17" lemma="|hope|" pos="NN" wid="17">hope</w>
  <w id="18" lemma="|,|" pos="," wid="18">,</w>
  <w id="19" lemma="|or|" pos="CC" wid="19">or</w>
  <w id="20" lemma="|be|" pos="VBP" wid="20">are</w>
  <w id="21" lemma="|we|" pos="PRP" wid="21">we</w>
  <w id="22" lemma="|a|" pos="DT" wid="22">a</w>
  <w id="23" lemma="|Church|" pos="NNP" wid="23">Church</w>
  <w id="24" lemma="|close|" pos="VBD" wid="24">closed</w>
  <w id="25" lemma="|in|" pos="RP" wid="25">in</w>
  <w id="26" lemma="|on|" pos="IN" wid="26">on</w>
  <w id="27" lemma="|herself|" pos="PRP" wid="27">herself</w>
  <w id="28" lemma="|?|" pos="." wid="28">?</w>
</sentence>
<sentence id="45">
  <w id="0" lemma="|be|" pos="VBP" wid="0">Are</w>
  <w id="1" lemma="|we|" pos="PRP" wid="1">we</w>
  <w id="2" lemma="|a|" pos="DT" wid="2">a</w>
  <w id="3" lemma="|Church|" pos="NNP" wid="3">Church</w>
  <w id="4" lemma="|where|" pos="WRB" wid="4">where</w>
  <w id="5" lemma="|the|" pos="DT" wid="5">the</w>
  <w id="6" lemma="|love|" pos="NN" wid="6">love</w>
  <w id="7" lemma="|of|" pos="IN" wid="7">of</w>
  <w id="8" lemma="|God|" pos="NNP" wid="8">God</w>
  <w id="9" lemma="|dwell|" pos="NNS" wid="9">dwells</w>
  <w id="10" lemma="|,|" pos="," wid="10">,</w>
  <w id="11" lemma="|where|" pos="WRB" wid="11">where</w>
  <w id="12" lemma="|one|" pos="NN" wid="12">one</w>
  <w id="13" lemma="|care|" pos="VBZ" wid="13">cares</w>
  <w id="14" lemma="|for|" pos="IN" wid="14">for</w>
  <w id="15" lemma="|the|" pos="DT" wid="15">the</w>
  <w id="16" lemma="|other|" pos="JJ" wid="16">other</w>
  <w id="17" lemma="|,|" pos="," wid="17">,</w>
  <w id="18" lemma="|where|" pos="WRB" wid="18">where</w>
  <w id="19" lemma="|one|" pos="NN" wid="19">one</w>
  <w id="20" lemma="|pray|" pos="VBZ" wid="20">prays</w>
  <w id="21" lemma="|for|" pos="IN" wid="21">for</w>
  <w id="22" lemma="|the|" pos="DT" wid="22">the</w>
  <w id="23" lemma="|other|" pos="NNS" wid="23">others</w>
  <w id="24" lemma="|?|" pos="." wid="24">?</w>
</sentence>
<sentence id="46">
  <w id="0" lemma="|3|" pos="LS" wid="0">3</w>
  <w id="1" lemma="|.|" pos="." wid="1">.</w>
</sentence>
<sentence id="47">
  <w id="0" lemma="|a|" pos="DT" wid="0">A</w>
  <w id="1" lemma="|final|" pos="JJ" wid="1">final</w>
  <w id="2" lemma="|question|" pos="NN" wid="2">question</w>
  <w id="3" lemma="|:|" pos=":" wid="3">:</w>
  <w id="4" lemma="|what|" pos="WP" wid="4">what</w>
  <w id="5" lemma="|can|" pos="MD" wid="5">can</w>
  <w id="6" lemma="|I|" pos="PRP" wid="6">I</w>
  <w id="7" lemma="|,|" pos="," wid="7">,</w>
  <w id="8" lemma="|a|" pos="DT" wid="8">a</w>
  <w id="9" lemma="|weak|" pos="JJ" wid="9">weak</w>
  <w id="10" lemma="|fragile|" pos="JJ" wid="10">fragile</w>
  <w id="11" lemma="|sinner|" pos="NN" wid="11">sinner</w>
  <w id="12" lemma="|,|" pos="," wid="12">,</w>
  <w id="13" lemma="|do|" pos="VB" wid="13">do</w>
  <w id="14" lemma="|?|" pos="." wid="14">?</w>
</sentence>
<sentence id="48">
  <w id="0" lemma="|God|" pos="NNP" wid="0">God</w>
  <w id="1" lemma="|say|" pos="VBZ" wid="1">says</w>
  <w id="2" lemma="|to|" pos="TO" wid="2">to</w>
  <w id="3" lemma="|you|" pos="PRP" wid="3">you</w>
  <w id="4" lemma="|:|" pos=":" wid="4">:</w>
  <w id="5" lemma="|do|" pos="VB" wid="5">do</w>
  <w id="6" lemma="|not|" pos="RB" wid="6">not</w>
  <w id="7" lemma="|be|" pos="VB" wid="7">be</w>
  <w id="8" lemma="|afraid|" pos="JJ" wid="8">afraid</w>
  <w id="9" lemma="|of|" pos="IN" wid="9">of</w>
  <w id="10" lemma="|holiness|" pos="NN" wid="10">holiness</w>
  <w id="11" lemma="|,|" pos="," wid="11">,</w>
  <w id="12" lemma="|do|" pos="VBP" wid="12">do</w>
  <w id="13" lemma="|not|" pos="RB" wid="13">not</w>
  <w id="14" lemma="|be|" pos="VB" wid="14">be</w>
  <w id="15" lemma="|afraid|" pos="JJ" wid="15">afraid</w>
  <w id="16" lemma="|to|" pos="TO" wid="16">to</w>
  <w id="17" lemma="|aim|" pos="VB" wid="17">aim</w>
  <w id="18" lemma="|high|" pos="JJ" wid="18">high</w>
  <w id="19" lemma="|,|" pos="," wid="19">,</w>
  <w id="20" lemma="|to|" pos="TO" wid="20">to</w>
  <w id="21" lemma="|let|" pos="VB" wid="21">let</w>
  <w id="22" lemma="|yourself|" pos="PRP" wid="22">yourself</w>
  <w id="23" lemma="|be|" pos="VB" wid="23">be</w>
  <w id="24" lemma="|love|" pos="VBN" wid="24">loved</w>
  <w id="25" lemma="|and|" pos="CC" wid="25">and</w>
  <w id="26" lemma="|purify|" pos="VBN" wid="26">purified</w>
  <w id="27" lemma="|by|" pos="IN" wid="27">by</w>
  <w id="28" lemma="|God|" pos="NNP" wid="28">God</w>
  <w id="29" lemma="|,|" pos="," wid="29">,</w>
  <w id="30" lemma="|do|" pos="VBP" wid="30">do</w>
  <w id="31" lemma="|not|" pos="RB" wid="31">not</w>
  <w id="32" lemma="|be|" pos="VB" wid="32">be</w>
  <w id="33" lemma="|afraid|" pos="JJ" wid="33">afraid</w>
  <w id="34" lemma="|to|" pos="TO" wid="34">to</w>
  <w id="35" lemma="|let|" pos="VB" wid="35">let</w>
  <w id="36" lemma="|yourself|" pos="PRP" wid="36">yourself</w>
  <w id="37" lemma="|be|" pos="VB" wid="37">be</w>
  <w id="38" lemma="|guide|" pos="VBN" wid="38">guided</w>
  <w id="39" lemma="|by|" pos="IN" wid="39">by</w>
  <w id="40" lemma="|the|" pos="DT" wid="40">the</w>
  <w id="41" lemma="|holy|" pos="JJ" wid="41">Holy</w>
  <w id="42" lemma="|spirit|" pos="NN" wid="42">Spirit</w>
  <w id="43" lemma="|.|" pos="." wid="43">.</w>
</sentence>
<sentence id="49">
  <w id="0" lemma="|let|" pos="VB" wid="0">Let</w>
  <w id="1" lemma="|we|" pos="PRP" wid="1">us</w>
  <w id="2" lemma="|be|" pos="VB" wid="2">be</w>
  <w id="3" lemma="|infect|" pos="VBN" wid="3">infected</w>
  <w id="4" lemma="|by|" pos="IN" wid="4">by</w>
  <w id="5" lemma="|the|" pos="DT" wid="5">the</w>
  <w id="6" lemma="|holiness|" pos="NN" wid="6">holiness</w>
  <w id="7" lemma="|of|" pos="IN" wid="7">of</w>
  <w id="8" lemma="|God|" pos="NNP" wid="8">God</w>
  <w id="9" lemma="|.|" pos="." wid="9">.</w>
</sentence>
<sentence id="50">
  <w id="0" lemma="|every|" pos="DT" wid="0">Every</w>
  <w id="1" lemma="|Christian|" pos="NNP" wid="1">Christian</w>
  <w id="2" lemma="|be|" pos="VBZ" wid="2">is</w>
  <w id="3" lemma="|call|" pos="VBN" wid="3">called</w>
  <w id="4" lemma="|to|" pos="TO" wid="4">to</w>
  <w id="5" lemma="|sanctity|" pos="NN" wid="5">sanctity</w>
  <w id="6" lemma="|-lrb-|" pos="-LRB-" wid="6">-LRB-</w>
  <w id="7" lemma="|cf|" pos="NN" wid="7">cf</w>
  <w id="8" lemma="|.|" pos="." wid="8">.</w>
</sentence>
<sentence id="51">
  <w id="0" lemma="|Dogmatic|" pos="NNP" wid="0">Dogmatic</w>
  <w id="1" lemma="|Constitution|" pos="NNP" wid="1">Constitution</w>
  <w id="2" lemma="|Lumen|" pos="NNP" wid="2">Lumen</w>
  <w id="3" lemma="|Gentium|" pos="NNP" wid="3">Gentium</w>
  <w id="4" lemma="|,|" pos="," wid="4">,</w>
  <w id="5" lemma="|nn|" pos="NNP" wid="5">nn</w>
  <w id="6" lemma="|.|" pos="." wid="6">.</w>
</sentence>
<sentence id="52">
  <w id="0" lemma="|19-42|" pos="CD" wid="0">19-42</w>
  <w id="1" lemma="|-rrb-|" pos="-RRB-" wid="1">-RRB-</w>
  <w id="2" lemma="|;|" pos=":" wid="2">;</w>
  <w id="3" lemma="|and|" pos="CC" wid="3">and</w>
  <w id="4" lemma="|sanctity|" pos="NN" wid="4">sanctity</w>
  <w id="5" lemma="|do|" pos="VBZ" wid="5">does</w>
  <w id="6" lemma="|not|" pos="RB" wid="6">not</w>
  <w id="7" lemma="|consist|" pos="VB" wid="7">consist</w>
  <w id="8" lemma="|especially|" pos="RB" wid="8">especially</w>
  <w id="9" lemma="|in|" pos="IN" wid="9">in</w>
  <w id="10" lemma="|do|" pos="VBG" wid="10">doing</w>
  <w id="11" lemma="|extraordinary|" pos="JJ" wid="11">extraordinary</w>
  <w id="12" lemma="|thing|" pos="NNS" wid="12">things</w>
  <w id="13" lemma="|,|" pos="," wid="13">,</w>
  <w id="14" lemma="|but|" pos="CC" wid="14">but</w>
  <w id="15" lemma="|in|" pos="IN" wid="15">in</w>
  <w id="16" lemma="|allow|" pos="VBG" wid="16">allowing</w>
  <w id="17" lemma="|God|" pos="NNP" wid="17">God</w>
  <w id="18" lemma="|to|" pos="TO" wid="18">to</w>
  <w id="19" lemma="|act|" pos="VB" wid="19">act</w>
  <w id="20" lemma="|.|" pos="." wid="20">.</w>
</sentence>
<sentence id="53">
  <w id="0" lemma="|it|" pos="PRP" wid="0">It</w>
  <w id="1" lemma="|be|" pos="VBZ" wid="1">is</w>
  <w id="2" lemma="|the|" pos="DT" wid="2">the</w>
  <w id="3" lemma="|meeting|" pos="NN" wid="3">meeting</w>
  <w id="4" lemma="|of|" pos="IN" wid="4">of</w>
  <w id="5" lemma="|we|" pos="PRP$" wid="5">our</w>
  <w id="6" lemma="|weakness|" pos="NN" wid="6">weakness</w>
  <w id="7" lemma="|with|" pos="IN" wid="7">with</w>
  <w id="8" lemma="|the|" pos="DT" wid="8">the</w>
  <w id="9" lemma="|strength|" pos="NN" wid="9">strength</w>
  <w id="10" lemma="|of|" pos="IN" wid="10">of</w>
  <w id="11" lemma="|he|" pos="PRP$" wid="11">his</w>
  <w id="12" lemma="|grace|" pos="NN" wid="12">grace</w>
  <w id="13" lemma="|,|" pos="," wid="13">,</w>
  <w id="14" lemma="|it|" pos="PRP" wid="14">it</w>
  <w id="15" lemma="|be|" pos="VBZ" wid="15">is</w>
  <w id="16" lemma="|have|" pos="VBG" wid="16">having</w>
  <w id="17" lemma="|faith|" pos="NN" wid="17">faith</w>
  <w id="18" lemma="|in|" pos="IN" wid="18">in</w>
  <w id="19" lemma="|he|" pos="PRP$" wid="19">his</w>
  <w id="20" lemma="|action|" pos="NN" wid="20">action</w>
  <w id="21" lemma="|that|" pos="WDT" wid="21">that</w>
  <w id="22" lemma="|allow|" pos="VBZ" wid="22">allows</w>
  <w id="23" lemma="|we|" pos="PRP" wid="23">us</w>
  <w id="24" lemma="|to|" pos="TO" wid="24">to</w>
  <w id="25" lemma="|live|" pos="VB" wid="25">live</w>
  <w id="26" lemma="|in|" pos="IN" wid="26">in</w>
  <w id="27" lemma="|charity|" pos="NN" wid="27">charity</w>
  <w id="28" lemma="|,|" pos="," wid="28">,</w>
  <w id="29" lemma="|to|" pos="TO" wid="29">to</w>
  <w id="30" lemma="|do|" pos="VB" wid="30">do</w>
  <w id="31" lemma="|everything|" pos="NN" wid="31">everything</w>
  <w id="32" lemma="|with|" pos="IN" wid="32">with</w>
  <w id="33" lemma="|joy|" pos="NN" wid="33">joy</w>
  <w id="34" lemma="|and|" pos="CC" wid="34">and</w>
  <w id="35" lemma="|humility|" pos="NN" wid="35">humility</w>
  <w id="36" lemma="|,|" pos="," wid="36">,</w>
  <w id="37" lemma="|for|" pos="IN" wid="37">for</w>
  <w id="38" lemma="|the|" pos="DT" wid="38">the</w>
  <w id="39" lemma="|glory|" pos="NN" wid="39">glory</w>
  <w id="40" lemma="|of|" pos="IN" wid="40">of</w>
  <w id="41" lemma="|God|" pos="NNP" wid="41">God</w>
  <w id="42" lemma="|and|" pos="CC" wid="42">and</w>
  <w id="43" lemma="|as|" pos="IN" wid="43">as</w>
  <w id="44" lemma="|a|" pos="DT" wid="44">a</w>
  <w id="45" lemma="|service|" pos="NN" wid="45">service</w>
  <w id="46" lemma="|to|" pos="TO" wid="46">to</w>
  <w id="47" lemma="|we|" pos="PRP$" wid="47">our</w>
  <w id="48" lemma="|neighbour|" pos="NN" wid="48">neighbour</w>
  <w id="49" lemma="|.|" pos="." wid="49">.</w>
</sentence>
<sentence id="54">
  <w id="0" lemma="|there|" pos="EX" wid="0">There</w>
  <w id="1" lemma="|be|" pos="VBZ" wid="1">is</w>
  <w id="2" lemma="|a|" pos="DT" wid="2">a</w>
  <w id="3" lemma="|celebrated|" pos="JJ" wid="3">celebrated</w>
  <w id="4" lemma="|saying|" pos="NN" wid="4">saying</w>
  <w id="5" lemma="|by|" pos="IN" wid="5">by</w>
  <w id="6" lemma="|the|" pos="DT" wid="6">the</w>
  <w id="7" lemma="|french|" pos="JJ" wid="7">French</w>
  <w id="8" lemma="|writer|" pos="NN" wid="8">writer</w>
  <w id="9" lemma="|Léon|" pos="NNP" wid="9">Léon</w>
  <w id="10" lemma="|Bloy|" pos="NNP" wid="10">Bloy</w>
  <w id="11" lemma="|,|" pos="," wid="11">,</w>
  <w id="12" lemma="|who|" pos="WP" wid="12">who</w>
  <w id="13" lemma="|in|" pos="IN" wid="13">in</w>
  <w id="14" lemma="|the|" pos="DT" wid="14">the</w>
  <w id="15" lemma="|last|" pos="JJ" wid="15">last</w>
  <w id="16" lemma="|moment|" pos="NNS" wid="16">moments</w>
  <w id="17" lemma="|of|" pos="IN" wid="17">of</w>
  <w id="18" lemma="|he|" pos="PRP$" wid="18">his</w>
  <w id="19" lemma="|life|" pos="NN" wid="19">life</w>
  <w id="20" lemma="|,|" pos="," wid="20">,</w>
  <w id="21" lemma="|say|" pos="VBD" wid="21">said</w>
  <w id="22" lemma="|:|" pos=":" wid="22">:</w>
  <w id="23" lemma="|``|" pos="``" wid="23">``</w>
  <w id="24" lemma="|the|" pos="DT" wid="24">The</w>
  <w id="25" lemma="|only|" pos="JJ" wid="25">only</w>
  <w id="26" lemma="|real|" pos="JJ" wid="26">real</w>
  <w id="27" lemma="|sadness|" pos="NN" wid="27">sadness</w>
  <w id="28" lemma="|in|" pos="IN" wid="28">in</w>
  <w id="29" lemma="|life|" pos="NN" wid="29">life</w>
  <w id="30" lemma="|be|" pos="VBZ" wid="30">is</w>
  <w id="31" lemma="|not|" pos="RB" wid="31">not</w>
  <w id="32" lemma="|become|" pos="VBG" wid="32">becoming</w>
  <w id="33" lemma="|a|" pos="DT" wid="33">a</w>
  <w id="34" lemma="|saint|" pos="NN" wid="34">saint</w>
  <w id="35" lemma="|''|" pos="''" wid="35">''</w>
  <w id="36" lemma="|.|" pos="." wid="36">.</w>
</sentence>
<sentence id="55">
  <w id="0" lemma="|let|" pos="VB" wid="0">Let</w>
  <w id="1" lemma="|we|" pos="PRP" wid="1">us</w>
  <w id="2" lemma="|not|" pos="RB" wid="2">not</w>
  <w id="3" lemma="|lose|" pos="VB" wid="3">lose</w>
  <w id="4" lemma="|the|" pos="DT" wid="4">the</w>
  <w id="5" lemma="|hope|" pos="NN" wid="5">hope</w>
  <w id="6" lemma="|of|" pos="IN" wid="6">of</w>
  <w id="7" lemma="|holiness|" pos="NN" wid="7">holiness</w>
  <w id="8" lemma="|,|" pos="," wid="8">,</w>
  <w id="9" lemma="|let|" pos="VB" wid="9">let</w>
  <w id="10" lemma="|we|" pos="PRP" wid="10">us</w>
  <w id="11" lemma="|follow|" pos="VB" wid="11">follow</w>
  <w id="12" lemma="|this|" pos="DT" wid="12">this</w>
  <w id="13" lemma="|path|" pos="NN" wid="13">path</w>
  <w id="14" lemma="|.|" pos="." wid="14">.</w>
</sentence>
<sentence id="56">
  <w id="0" lemma="|do|" pos="VBP" wid="0">Do</w>
  <w id="1" lemma="|we|" pos="PRP" wid="1">we</w>
  <w id="2" lemma="|want|" pos="VBP" wid="2">want</w>
  <w id="3" lemma="|to|" pos="TO" wid="3">to</w>
  <w id="4" lemma="|be|" pos="VB" wid="4">be</w>
  <w id="5" lemma="|saint|" pos="NNS" wid="5">saints</w>
  <w id="6" lemma="|?|" pos="." wid="6">?</w>
</sentence>
<sentence id="57">
  <w id="0" lemma="|the|" pos="DT" wid="0">The</w>
  <w id="1" lemma="|Lord|" pos="NNP" wid="1">Lord</w>
  <w id="2" lemma="|await|" pos="VBZ" wid="2">awaits</w>
  <w id="3" lemma="|we|" pos="PRP" wid="3">us</w>
  <w id="4" lemma="|,|" pos="," wid="4">,</w>
  <w id="5" lemma="|with|" pos="IN" wid="5">with</w>
  <w id="6" lemma="|open|" pos="JJ" wid="6">open</w>
  <w id="7" lemma="|arm|" pos="NNS" wid="7">arms</w>
  <w id="8" lemma="|;|" pos=":" wid="8">;</w>
  <w id="9" lemma="|he|" pos="PRP" wid="9">he</w>
  <w id="10" lemma="|wait|" pos="VBZ" wid="10">waits</w>
  <w id="11" lemma="|to|" pos="TO" wid="11">to</w>
  <w id="12" lemma="|accompany|" pos="VB" wid="12">accompany</w>
  <w id="13" lemma="|we|" pos="PRP" wid="13">us</w>
  <w id="14" lemma="|on|" pos="IN" wid="14">on</w>
  <w id="15" lemma="|the|" pos="DT" wid="15">the</w>
  <w id="16" lemma="|path|" pos="NN" wid="16">path</w>
  <w id="17" lemma="|to|" pos="TO" wid="17">to</w>
  <w id="18" lemma="|sanctity|" pos="NN" wid="18">sanctity</w>
  <w id="19" lemma="|.|" pos="." wid="19">.</w>
</sentence>
<sentence id="58">
  <w id="0" lemma="|let|" pos="VB" wid="0">Let</w>
  <w id="1" lemma="|we|" pos="PRP" wid="1">us</w>
  <w id="2" lemma="|live|" pos="VB" wid="2">live</w>
  <w id="3" lemma="|in|" pos="IN" wid="3">in</w>
  <w id="4" lemma="|the|" pos="DT" wid="4">the</w>
  <w id="5" lemma="|joy|" pos="NN" wid="5">joy</w>
  <w id="6" lemma="|of|" pos="IN" wid="6">of</w>
  <w id="7" lemma="|we|" pos="PRP$" wid="7">our</w>
  <w id="8" lemma="|faith|" pos="NN" wid="8">faith</w>
  <w id="9" lemma="|,|" pos="," wid="9">,</w>
  <w id="10" lemma="|let|" pos="VB" wid="10">let</w>
  <w id="11" lemma="|we|" pos="PRP" wid="11">us</w>
  <w id="12" lemma="|allow|" pos="VB" wid="12">allow</w>
  <w id="13" lemma="|ourselves|" pos="PRP" wid="13">ourselves</w>
  <w id="14" lemma="|to|" pos="TO" wid="14">to</w>
  <w id="15" lemma="|be|" pos="VB" wid="15">be</w>
  <w id="16" lemma="|love|" pos="VBN" wid="16">loved</w>
  <w id="17" lemma="|by|" pos="IN" wid="17">by</w>
  <w id="18" lemma="|the|" pos="DT" wid="18">the</w>
  <w id="19" lemma="|Lord|" pos="NNP" wid="19">Lord</w>
  <w id="20" lemma="|...|" pos=":" wid="20">...</w>
  <w id="21" lemma="|let|" pos="VB" wid="21">let</w>
  <w id="22" lemma="|we|" pos="PRP" wid="22">us</w>
  <w id="23" lemma="|ask|" pos="VB" wid="23">ask</w>
  <w id="24" lemma="|for|" pos="IN" wid="24">for</w>
  <w id="25" lemma="|this|" pos="DT" wid="25">this</w>
  <w id="26" lemma="|gift|" pos="NN" wid="26">gift</w>
  <w id="27" lemma="|from|" pos="IN" wid="27">from</w>
  <w id="28" lemma="|God|" pos="NNP" wid="28">God</w>
  <w id="29" lemma="|in|" pos="IN" wid="29">in</w>
  <w id="30" lemma="|prayer|" pos="NN" wid="30">prayer</w>
  <w id="31" lemma="|,|" pos="," wid="31">,</w>
  <w id="32" lemma="|for|" pos="IN" wid="32">for</w>
  <w id="33" lemma="|ourselves|" pos="PRP" wid="33">ourselves</w>
  <w id="34" lemma="|and|" pos="CC" wid="34">and</w>
  <w id="35" lemma="|for|" pos="IN" wid="35">for</w>
  <w id="36" lemma="|other|" pos="NNS" wid="36">others</w>
  <w id="37" lemma="|.|" pos="." wid="37">.</w>
</sentence>
<sentence id="59">
  <w id="0" lemma="|to|" pos="TO" wid="0">To</w>
  <w id="1" lemma="|special|" pos="JJ" wid="1">special</w>
  <w id="2" lemma="|group|" pos="NNS" wid="2">groups</w>
  <w id="3" lemma="|I|" pos="PRP" wid="3">I</w>
  <w id="4" lemma="|cordially|" pos="RB" wid="4">cordially</w>
  <w id="5" lemma="|greet|" pos="VBP" wid="5">greet</w>
  <w id="6" lemma="|the|" pos="DT" wid="6">the</w>
  <w id="7" lemma="|member|" pos="NNS" wid="7">members</w>
  <w id="8" lemma="|of|" pos="IN" wid="8">of</w>
  <w id="9" lemma="|the|" pos="DT" wid="9">the</w>
  <w id="10" lemma="|delegation|" pos="NN" wid="10">delegation</w>
  <w id="11" lemma="|from|" pos="IN" wid="11">from</w>
  <w id="12" lemma="|the|" pos="DT" wid="12">the</w>
  <w id="13" lemma="|International|" pos="NNP" wid="13">International</w>
  <w id="14" lemma="|Centre|" pos="NNP" wid="14">Centre</w>
  <w id="15" lemma="|for|" pos="IN" wid="15">for</w>
  <w id="16" lemma="|Interreligious|" pos="NNP" wid="16">Interreligious</w>
  <w id="17" lemma="|and|" pos="CC" wid="17">and</w>
  <w id="18" lemma="|Intercultural|" pos="NNP" wid="18">Intercultural</w>
  <w id="19" lemma="|Dialogue|" pos="NNP" wid="19">Dialogue</w>
  <w id="20" lemma="|in|" pos="IN" wid="20">in</w>
  <w id="21" lemma="|Vienna|" pos="NNP" wid="21">Vienna</w>
  <w id="22" lemma="|.|" pos="." wid="22">.</w>
</sentence>
<sentence id="60">
  <w id="0" lemma="|I|" pos="PRP" wid="0">I</w>
  <w id="1" lemma="|also|" pos="RB" wid="1">also</w>
  <w id="2" lemma="|welcome|" pos="VBP" wid="2">welcome</w>
  <w id="3" lemma="|the|" pos="DT" wid="3">the</w>
  <w id="4" lemma="|Buddhist|" pos="NNP" wid="4">Buddhist</w>
  <w id="5" lemma="|visitor|" pos="NNS" wid="5">visitors</w>
  <w id="6" lemma="|from|" pos="IN" wid="6">from</w>
  <w id="7" lemma="|Japan|" pos="NNP" wid="7">Japan</w>
  <w id="8" lemma="|,|" pos="," wid="8">,</w>
  <w id="9" lemma="|include|" pos="VBG" wid="9">including</w>
  <w id="10" lemma="|the|" pos="DT" wid="10">the</w>
  <w id="11" lemma="|delegation|" pos="NNS" wid="11">delegations</w>
  <w id="12" lemma="|from|" pos="IN" wid="12">from</w>
  <w id="13" lemma="|the|" pos="DT" wid="13">the</w>
  <w id="14" lemma="|Tendai|" pos="NNP" wid="14">Tendai</w>
  <w id="15" lemma="|denomination|" pos="NN" wid="15">denomination</w>
  <w id="16" lemma="|and|" pos="CC" wid="16">and</w>
  <w id="17" lemma="|the|" pos="DT" wid="17">the</w>
  <w id="18" lemma="|Nakano|" pos="NNP" wid="18">Nakano</w>
  <w id="19" lemma="|Dharma|" pos="NNP" wid="19">Dharma</w>
  <w id="20" lemma="|Center|" pos="NNP" wid="20">Center</w>
  <w id="21" lemma="|of|" pos="IN" wid="21">of</w>
  <w id="22" lemma="|Rissho|" pos="NNP" wid="22">Rissho</w>
  <w id="23" lemma="|Kosei-kai|" pos="NNP" wid="23">Kosei-kai</w>
  <w id="24" lemma="|.|" pos="." wid="24">.</w>
</sentence>
<sentence id="61">
  <w id="0" lemma="|upon|" pos="IN" wid="0">Upon</w>
  <w id="1" lemma="|all|" pos="PDT" wid="1">all</w>
  <w id="2" lemma="|the|" pos="DT" wid="2">the</w>
  <w id="3" lemma="|english-speaking|" pos="JJ" wid="3">English-speaking</w>
  <w id="4" lemma="|pilgrim|" pos="NNS" wid="4">pilgrims</w>
  <w id="5" lemma="|and|" pos="CC" wid="5">and</w>
  <w id="6" lemma="|visitor|" pos="NNS" wid="6">visitors</w>
  <w id="7" lemma="|present|" pos="JJ" wid="7">present</w>
  <w id="8" lemma="|at|" pos="IN" wid="8">at</w>
  <w id="9" lemma="|today|" pos="NN" wid="9">today</w>
  <w id="10" lemma="|'s|" pos="POS" wid="10">'s</w>
  <w id="11" lemma="|audience|" pos="NN" wid="11">Audience</w>
  <w id="12" lemma="|,|" pos="," wid="12">,</w>
  <w id="13" lemma="|include|" pos="VBG" wid="13">including</w>
  <w id="14" lemma="|those|" pos="DT" wid="14">those</w>
  <w id="15" lemma="|from|" pos="IN" wid="15">from</w>
  <w id="16" lemma="|Scotland|" pos="NNP" wid="16">Scotland</w>
  <w id="17" lemma="|,|" pos="," wid="17">,</w>
  <w id="18" lemma="|Benin|" pos="NNP" wid="18">Benin</w>
  <w id="19" lemma="|,|" pos="," wid="19">,</w>
  <w id="20" lemma="|Australia|" pos="NNP" wid="20">Australia</w>
  <w id="21" lemma="|,|" pos="," wid="21">,</w>
  <w id="22" lemma="|India|" pos="NNP" wid="22">India</w>
  <w id="23" lemma="|,|" pos="," wid="23">,</w>
  <w id="24" lemma="|Japan|" pos="NNP" wid="24">Japan</w>
  <w id="25" lemma="|,|" pos="," wid="25">,</w>
  <w id="26" lemma="|Canada|" pos="NNP" wid="26">Canada</w>
  <w id="27" lemma="|and|" pos="CC" wid="27">and</w>
  <w id="28" lemma="|the|" pos="DT" wid="28">the</w>
  <w id="29" lemma="|United|" pos="NNP" wid="29">United</w>
  <w id="30" lemma="|States|" pos="NNPS" wid="30">States</w>
  <w id="31" lemma="|I|" pos="PRP" wid="31">I</w>
  <w id="32" lemma="|invoke|" pos="VBP" wid="32">invoke</w>
  <w id="33" lemma="|God|" pos="NNP" wid="33">God</w>
  <w id="34" lemma="|'s|" pos="POS" wid="34">'s</w>
  <w id="35" lemma="|blessing|" pos="NNS" wid="35">blessings</w>
  <w id="36" lemma="|of|" pos="IN" wid="36">of</w>
  <w id="37" lemma="|joy|" pos="NN" wid="37">joy</w>
  <w id="38" lemma="|and|" pos="CC" wid="38">and</w>
  <w id="39" lemma="|peace|" pos="NN" wid="39">peace</w>
  <w id="40" lemma="|!|" pos="." wid="40">!</w>
</sentence>
<sentence id="62">
  <w id="0" lemma="|lastly|" pos="RB" wid="0">Lastly</w>
  <w id="1" lemma="|,|" pos="," wid="1">,</w>
  <w id="2" lemma="|a|" pos="DT" wid="2">an</w>
  <w id="3" lemma="|affectionate|" pos="JJ" wid="3">affectionate</w>
  <w id="4" lemma="|thought|" pos="NN" wid="4">thought</w>
  <w id="5" lemma="|go|" pos="VBZ" wid="5">goes</w>
  <w id="6" lemma="|to|" pos="TO" wid="6">to</w>
  <w id="7" lemma="|young|" pos="JJ" wid="7">young</w>
  <w id="8" lemma="|people|" pos="NNS" wid="8">people</w>
  <w id="9" lemma="|,|" pos="," wid="9">,</w>
  <w id="10" lemma="|to|" pos="TO" wid="10">to</w>
  <w id="11" lemma="|the|" pos="DT" wid="11">the</w>
  <w id="12" lemma="|sick|" pos="JJ" wid="12">sick</w>
  <w id="13" lemma="|and|" pos="CC" wid="13">and</w>
  <w id="14" lemma="|to|" pos="TO" wid="14">to</w>
  <w id="15" lemma="|newlywed|" pos="NNS" wid="15">newlyweds</w>
  <w id="16" lemma="|.|" pos="." wid="16">.</w>
</sentence>
<sentence id="63">
  <w id="0" lemma="|today|" pos="NN" wid="0">Today</w>
  <w id="1" lemma="|we|" pos="PRP" wid="1">we</w>
  <w id="2" lemma="|commemorate|" pos="VBP" wid="2">commemorate</w>
  <w id="3" lemma="|Guardian|" pos="NNP" wid="3">Guardian</w>
  <w id="4" lemma="|Angels|" pos="NNPS" wid="4">Angels</w>
  <w id="5" lemma="|.|" pos="." wid="5">.</w>
</sentence>
<sentence id="64">
  <w id="0" lemma="|May|" pos="NNP" wid="0">May</w>
  <w id="1" lemma="|they|" pos="PRP$" wid="1">their</w>
  <w id="2" lemma="|presence|" pos="NN" wid="2">presence</w>
  <w id="3" lemma="|strengthen|" pos="VB" wid="3">strengthen</w>
  <w id="4" lemma="|in|" pos="IN" wid="4">in</w>
  <w id="5" lemma="|each|" pos="DT" wid="5">each</w>
  <w id="6" lemma="|one|" pos="CD" wid="6">one</w>
  <w id="7" lemma="|of|" pos="IN" wid="7">of</w>
  <w id="8" lemma="|you|" pos="PRP" wid="8">you</w>
  <w id="9" lemma="|,|" pos="," wid="9">,</w>
  <w id="10" lemma="|dear|" pos="RB" wid="10">dear</w>
  <w id="11" lemma="|young|" pos="JJ" wid="11">young</w>
  <w id="12" lemma="|people|" pos="NNS" wid="12">people</w>
  <w id="13" lemma="|,|" pos="," wid="13">,</w>
  <w id="14" lemma="|the|" pos="DT" wid="14">the</w>
  <w id="15" lemma="|certainty|" pos="NN" wid="15">certainty</w>
  <w id="16" lemma="|that|" pos="IN" wid="16">that</w>
  <w id="17" lemma="|God|" pos="NNP" wid="17">God</w>
  <w id="18" lemma="|be|" pos="VBZ" wid="18">is</w>
  <w id="19" lemma="|accompany|" pos="VBG" wid="19">accompanying</w>
  <w id="20" lemma="|you|" pos="PRP" wid="20">you</w>
  <w id="21" lemma="|on|" pos="IN" wid="21">on</w>
  <w id="22" lemma="|the|" pos="DT" wid="22">the</w>
  <w id="23" lemma="|journey|" pos="NN" wid="23">journey</w>
  <w id="24" lemma="|of|" pos="IN" wid="24">of</w>
  <w id="25" lemma="|life|" pos="NN" wid="25">life</w>
  <w id="26" lemma="|;|" pos=":" wid="26">;</w>
  <w id="27" lemma="|may|" pos="MD" wid="27">may</w>
  <w id="28" lemma="|they|" pos="PRP" wid="28">they</w>
  <w id="29" lemma="|sustain|" pos="VB" wid="29">sustain</w>
  <w id="30" lemma="|you|" pos="PRP" wid="30">you</w>
  <w id="31" lemma="|,|" pos="," wid="31">,</w>
  <w id="32" lemma="|dear|" pos="RB" wid="32">dear</w>
  <w id="33" lemma="|sick|" pos="JJ" wid="33">sick</w>
  <w id="34" lemma="|people|" pos="NNS" wid="34">people</w>
  <w id="35" lemma="|,|" pos="," wid="35">,</w>
  <w id="36" lemma="|by|" pos="IN" wid="36">by</w>
  <w id="37" lemma="|alleviate|" pos="VBG" wid="37">alleviating</w>
  <w id="38" lemma="|you|" pos="PRP$" wid="38">your</w>
  <w id="39" lemma="|daily|" pos="JJ" wid="39">daily</w>
  <w id="40" lemma="|struggle|" pos="NN" wid="40">struggle</w>
  <w id="41" lemma="|;|" pos=":" wid="41">;</w>
  <w id="42" lemma="|and|" pos="CC" wid="42">and</w>
  <w id="43" lemma="|may|" pos="MD" wid="43">may</w>
  <w id="44" lemma="|they|" pos="PRP" wid="44">they</w>
  <w id="45" lemma="|help|" pos="VB" wid="45">help</w>
  <w id="46" lemma="|you|" pos="PRP" wid="46">you</w>
  <w id="47" lemma="|,|" pos="," wid="47">,</w>
  <w id="48" lemma="|dear|" pos="RB" wid="48">dear</w>
  <w id="49" lemma="|newlywed|" pos="NNS" wid="49">newlyweds</w>
  <w id="50" lemma="|,|" pos="," wid="50">,</w>
  <w id="51" lemma="|in|" pos="IN" wid="51">in</w>
  <w id="52" lemma="|build|" pos="VBG" wid="52">building</w>
  <w id="53" lemma="|you|" pos="PRP$" wid="53">your</w>
  <w id="54" lemma="|family|" pos="NN" wid="54">family</w>
  <w id="55" lemma="|upon|" pos="IN" wid="55">upon</w>
  <w id="56" lemma="|the|" pos="DT" wid="56">the</w>
  <w id="57" lemma="|love|" pos="NN" wid="57">love</w>
  <w id="58" lemma="|of|" pos="IN" wid="58">of</w>
  <w id="59" lemma="|God|" pos="NNP" wid="59">God</w>
  <w id="60" lemma="|.|" pos="." wid="60">.</w>
</sentence>
</corpus>