<corpus id="0">
<sentence id="0">
  <w id="0" lemma="|Dear|" pos="NNP" wid="0">Dear</w>
  <w id="1" lemma="|Brothers|" pos="NNPS" wid="1">Brothers</w>
  <w id="2" lemma="|and|" pos="CC" wid="2">and</w>
  <w id="3" lemma="|sister|" pos="NNS" wid="3">Sisters</w>
  <w id="4" lemma="|,|" pos="," wid="4">,</w>
  <w id="5" lemma="|good|" pos="JJ" wid="5">Good</w>
  <w id="6" lemma="|morning|" pos="NN" wid="6">morning</w>
  <w id="7" lemma="|!|" pos="." wid="7">!</w>
</sentence>
<sentence id="1">
  <w id="0" lemma="|the|" pos="DT" wid="0">The</w>
  <w id="1" lemma="|Gospel|" pos="NNP" wid="1">Gospel</w>
  <w id="2" lemma="|of|" pos="IN" wid="2">of</w>
  <w id="3" lemma="|this|" pos="DT" wid="3">this</w>
  <w id="4" lemma="|Fifth|" pos="NNP" wid="4">Fifth</w>
  <w id="5" lemma="|Sunday|" pos="NNP" wid="5">Sunday</w>
  <w id="6" lemma="|of|" pos="IN" wid="6">of</w>
  <w id="7" lemma="|Lent|" pos="NNP" wid="7">Lent</w>
  <w id="8" lemma="|-lrb-|" pos="-LRB-" wid="8">-LRB-</w>
  <w id="9" lemma="|cf|" pos="FW" wid="9">cf</w>
  <w id="10" lemma="|.|" pos="." wid="10">.</w>
</sentence>
<sentence id="2">
  <w id="0" lemma="|jn|" pos="FW" wid="0">Jn</w>
  <w id="1" lemma="|8:1|" pos="FW" wid="1">8:1</w>
  <w id="2" lemma="|-11|" pos="CD" wid="2">-11</w>
  <w id="3" lemma="|-rrb-|" pos="-RRB-" wid="3">-RRB-</w>
  <w id="4" lemma="|be|" pos="VBZ" wid="4">is</w>
  <w id="5" lemma="|so|" pos="RB" wid="5">so</w>
  <w id="6" lemma="|beautiful|" pos="JJ" wid="6">beautiful</w>
  <w id="7" lemma="|,|" pos="," wid="7">,</w>
  <w id="8" lemma="|I|" pos="PRP" wid="8">I</w>
  <w id="9" lemma="|really|" pos="RB" wid="9">really</w>
  <w id="10" lemma="|enjoy|" pos="VBP" wid="10">enjoy</w>
  <w id="11" lemma="|read|" pos="VBG" wid="11">reading</w>
  <w id="12" lemma="|and|" pos="CC" wid="12">and</w>
  <w id="13" lemma="|reread|" pos="VBG" wid="13">rereading</w>
  <w id="14" lemma="|it|" pos="PRP" wid="14">it</w>
  <w id="15" lemma="|.|" pos="." wid="15">.</w>
</sentence>
<sentence id="3">
  <w id="0" lemma="|it|" pos="PRP" wid="0">It</w>
  <w id="1" lemma="|present|" pos="VBZ" wid="1">presents</w>
  <w id="2" lemma="|the|" pos="DT" wid="2">the</w>
  <w id="3" lemma="|episode|" pos="NN" wid="3">episode</w>
  <w id="4" lemma="|of|" pos="IN" wid="4">of</w>
  <w id="5" lemma="|the|" pos="DT" wid="5">the</w>
  <w id="6" lemma="|adulterous|" pos="JJ" wid="6">adulterous</w>
  <w id="7" lemma="|woman|" pos="NN" wid="7">woman</w>
  <w id="8" lemma="|,|" pos="," wid="8">,</w>
  <w id="9" lemma="|highlight|" pos="VBG" wid="9">highlighting</w>
  <w id="10" lemma="|the|" pos="DT" wid="10">the</w>
  <w id="11" lemma="|theme|" pos="NN" wid="11">theme</w>
  <w id="12" lemma="|of|" pos="IN" wid="12">of</w>
  <w id="13" lemma="|the|" pos="DT" wid="13">the</w>
  <w id="14" lemma="|mercy|" pos="NN" wid="14">mercy</w>
  <w id="15" lemma="|of|" pos="IN" wid="15">of</w>
  <w id="16" lemma="|God|" pos="NNP" wid="16">God</w>
  <w id="17" lemma="|,|" pos="," wid="17">,</w>
  <w id="18" lemma="|who|" pos="WP" wid="18">who</w>
  <w id="19" lemma="|never|" pos="RB" wid="19">never</w>
  <w id="20" lemma="|want|" pos="VBZ" wid="20">wants</w>
  <w id="21" lemma="|the|" pos="DT" wid="21">the</w>
  <w id="22" lemma="|sinner|" pos="NN" wid="22">sinner</w>
  <w id="23" lemma="|to|" pos="TO" wid="23">to</w>
  <w id="24" lemma="|die|" pos="VB" wid="24">die</w>
  <w id="25" lemma="|,|" pos="," wid="25">,</w>
  <w id="26" lemma="|but|" pos="CC" wid="26">but</w>
  <w id="27" lemma="|that|" pos="IN" wid="27">that</w>
  <w id="28" lemma="|the|" pos="DT" wid="28">the</w>
  <w id="29" lemma="|sinner|" pos="NN" wid="29">sinner</w>
  <w id="30" lemma="|convert|" pos="VB" wid="30">convert</w>
  <w id="31" lemma="|and|" pos="CC" wid="31">and</w>
  <w id="32" lemma="|live|" pos="VB" wid="32">live</w>
  <w id="33" lemma="|.|" pos="." wid="33">.</w>
</sentence>
<sentence id="4">
  <w id="0" lemma="|the|" pos="DT" wid="0">The</w>
  <w id="1" lemma="|scene|" pos="NN" wid="1">scene</w>
  <w id="2" lemma="|unfold|" pos="VBZ" wid="2">unfolds</w>
  <w id="3" lemma="|on|" pos="IN" wid="3">on</w>
  <w id="4" lemma="|the|" pos="DT" wid="4">the</w>
  <w id="5" lemma="|Temple|" pos="NNP" wid="5">Temple</w>
  <w id="6" lemma="|grounds|" pos="NNS" wid="6">grounds</w>
  <w id="7" lemma="|.|" pos="." wid="7">.</w>
</sentence>
<sentence id="5">
  <w id="0" lemma="|imagine|" pos="VB" wid="0">Imagine</w>
  <w id="1" lemma="|that|" pos="IN" wid="1">that</w>
  <w id="2" lemma="|there|" pos="EX" wid="2">there</w>
  <w id="3" lemma="|on|" pos="IN" wid="3">on</w>
  <w id="4" lemma="|the|" pos="DT" wid="4">the</w>
  <w id="5" lemma="|parvis|" pos="NN" wid="5">parvis</w>
  <w id="6" lemma="|-lsb-|" pos="-LRB-" wid="6">-LSB-</w>
  <w id="7" lemma="|of|" pos="IN" wid="7">of</w>
  <w id="8" lemma="|St|" pos="NNP" wid="8">St</w>
  <w id="9" lemma="|Peter|" pos="NNP" wid="9">Peter</w>
  <w id="10" lemma="|'s|" pos="POS" wid="10">'s</w>
  <w id="11" lemma="|basilica|" pos="NN" wid="11">Basilica</w>
  <w id="12" lemma="|-rsb-|" pos="-RRB-" wid="12">-RSB-</w>
  <w id="13" lemma="|,|" pos="," wid="13">,</w>
  <w id="14" lemma="|Jesus|" pos="NNP" wid="14">Jesus</w>
  <w id="15" lemma="|be|" pos="VBZ" wid="15">is</w>
  <w id="16" lemma="|teach|" pos="VBG" wid="16">teaching</w>
  <w id="17" lemma="|the|" pos="DT" wid="17">the</w>
  <w id="18" lemma="|people|" pos="NNS" wid="18">people</w>
  <w id="19" lemma="|,|" pos="," wid="19">,</w>
  <w id="20" lemma="|when|" pos="WRB" wid="20">when</w>
  <w id="21" lemma="|several|" pos="JJ" wid="21">several</w>
  <w id="22" lemma="|scribe|" pos="NNS" wid="22">scribes</w>
  <w id="23" lemma="|and|" pos="CC" wid="23">and</w>
  <w id="24" lemma="|pharisee|" pos="NNS" wid="24">Pharisees</w>
  <w id="25" lemma="|arrive|" pos="VBP" wid="25">arrive</w>
  <w id="26" lemma="|,|" pos="," wid="26">,</w>
  <w id="27" lemma="|drag|" pos="VBG" wid="27">dragging</w>
  <w id="28" lemma="|before|" pos="IN" wid="28">before</w>
  <w id="29" lemma="|he|" pos="PRP" wid="29">him</w>
  <w id="30" lemma="|a|" pos="DT" wid="30">a</w>
  <w id="31" lemma="|woman|" pos="NN" wid="31">woman</w>
  <w id="32" lemma="|catch|" pos="VBN" wid="32">caught</w>
  <w id="33" lemma="|in|" pos="IN" wid="33">in</w>
  <w id="34" lemma="|adultery|" pos="NN" wid="34">adultery</w>
  <w id="35" lemma="|.|" pos="." wid="35">.</w>
</sentence>
<sentence id="6">
  <w id="0" lemma="|that|" pos="DT" wid="0">That</w>
  <w id="1" lemma="|woman|" pos="NN" wid="1">woman</w>
  <w id="2" lemma="|be|" pos="VBZ" wid="2">is</w>
  <w id="3" lemma="|thus|" pos="RB" wid="3">thus</w>
  <w id="4" lemma="|place|" pos="VBN" wid="4">placed</w>
  <w id="5" lemma="|between|" pos="IN" wid="5">between</w>
  <w id="6" lemma="|Jesus|" pos="NNP" wid="6">Jesus</w>
  <w id="7" lemma="|and|" pos="CC" wid="7">and</w>
  <w id="8" lemma="|the|" pos="DT" wid="8">the</w>
  <w id="9" lemma="|crowd|" pos="NN" wid="9">crowd</w>
  <w id="10" lemma="|-lrb-|" pos="-LRB-" wid="10">-LRB-</w>
  <w id="11" lemma="|cf|" pos="NN" wid="11">cf</w>
  <w id="12" lemma="|.|" pos="." wid="12">.</w>
</sentence>
<sentence id="7">
  <w id="0" lemma="|v.|" pos="CC" wid="0">v.</w>
  <w id="1" lemma="|3|" pos="LS" wid="1">3</w>
  <w id="2" lemma="|-rrb-|" pos="-RRB-" wid="2">-RRB-</w>
  <w id="3" lemma="|,|" pos="," wid="3">,</w>
  <w id="4" lemma="|between|" pos="IN" wid="4">between</w>
  <w id="5" lemma="|the|" pos="DT" wid="5">the</w>
  <w id="6" lemma="|mercy|" pos="NN" wid="6">mercy</w>
  <w id="7" lemma="|of|" pos="IN" wid="7">of</w>
  <w id="8" lemma="|the|" pos="DT" wid="8">the</w>
  <w id="9" lemma="|Son|" pos="NNP" wid="9">Son</w>
  <w id="10" lemma="|of|" pos="IN" wid="10">of</w>
  <w id="11" lemma="|God|" pos="NNP" wid="11">God</w>
  <w id="12" lemma="|and|" pos="CC" wid="12">and</w>
  <w id="13" lemma="|the|" pos="DT" wid="13">the</w>
  <w id="14" lemma="|violence|" pos="NN" wid="14">violence</w>
  <w id="15" lemma="|and|" pos="CC" wid="15">and</w>
  <w id="16" lemma="|anger|" pos="NN" wid="16">anger</w>
  <w id="17" lemma="|of|" pos="IN" wid="17">of</w>
  <w id="18" lemma="|she|" pos="PRP$" wid="18">her</w>
  <w id="19" lemma="|accuser|" pos="NNS" wid="19">accusers</w>
  <w id="20" lemma="|.|" pos="." wid="20">.</w>
</sentence>
<sentence id="8">
  <w id="0" lemma="|in|" pos="IN" wid="0">In</w>
  <w id="1" lemma="|fact|" pos="NN" wid="1">fact</w>
  <w id="2" lemma="|,|" pos="," wid="2">,</w>
  <w id="3" lemma="|they|" pos="PRP" wid="3">they</w>
  <w id="4" lemma="|do|" pos="VBD" wid="4">did</w>
  <w id="5" lemma="|not|" pos="RB" wid="5">not</w>
  <w id="6" lemma="|come|" pos="VBN" wid="6">come</w>
  <w id="7" lemma="|to|" pos="TO" wid="7">to</w>
  <w id="8" lemma="|the|" pos="DT" wid="8">the</w>
  <w id="9" lemma="|teacher|" pos="NN" wid="9">Teacher</w>
  <w id="10" lemma="|to|" pos="TO" wid="10">to</w>
  <w id="11" lemma="|ask|" pos="VB" wid="11">ask</w>
  <w id="12" lemma="|he|" pos="PRP$" wid="12">his</w>
  <w id="13" lemma="|opinion|" pos="NN" wid="13">opinion</w>
  <w id="14" lemma="|--|" pos=":" wid="14">--</w>
  <w id="15" lemma="|they|" pos="PRP" wid="15">they</w>
  <w id="16" lemma="|be|" pos="VBD" wid="16">were</w>
  <w id="17" lemma="|bad|" pos="JJ" wid="17">bad</w>
  <w id="18" lemma="|people|" pos="NNS" wid="18">people</w>
  <w id="19" lemma="|--|" pos=":" wid="19">--</w>
  <w id="20" lemma="|but|" pos="CC" wid="20">but</w>
  <w id="21" lemma="|to|" pos="TO" wid="21">to</w>
  <w id="22" lemma="|ensnare|" pos="VB" wid="22">ensnare</w>
  <w id="23" lemma="|he|" pos="PRP" wid="23">him</w>
  <w id="24" lemma="|.|" pos="." wid="24">.</w>
</sentence>
<sentence id="9">
  <w id="0" lemma="|indeed|" pos="RB" wid="0">Indeed</w>
  <w id="1" lemma="|,|" pos="," wid="1">,</w>
  <w id="2" lemma="|be|" pos="VBD" wid="2">were</w>
  <w id="3" lemma="|Jesus|" pos="NNP" wid="3">Jesus</w>
  <w id="4" lemma="|to|" pos="TO" wid="4">to</w>
  <w id="5" lemma="|follow|" pos="VB" wid="5">follow</w>
  <w id="6" lemma="|the|" pos="DT" wid="6">the</w>
  <w id="7" lemma="|stringent|" pos="JJ" wid="7">stringent</w>
  <w id="8" lemma="|law|" pos="NN" wid="8">law</w>
  <w id="9" lemma="|,|" pos="," wid="9">,</w>
  <w id="10" lemma="|approve|" pos="VBG" wid="10">approving</w>
  <w id="11" lemma="|that|" pos="IN" wid="11">that</w>
  <w id="12" lemma="|the|" pos="DT" wid="12">the</w>
  <w id="13" lemma="|woman|" pos="NN" wid="13">woman</w>
  <w id="14" lemma="|be|" pos="VB" wid="14">be</w>
  <w id="15" lemma="|stone|" pos="VBN" wid="15">stoned</w>
  <w id="16" lemma="|,|" pos="," wid="16">,</w>
  <w id="17" lemma="|he|" pos="PRP" wid="17">he</w>
  <w id="18" lemma="|would|" pos="MD" wid="18">would</w>
  <w id="19" lemma="|lose|" pos="VB" wid="19">lose</w>
  <w id="20" lemma="|he|" pos="PRP$" wid="20">his</w>
  <w id="21" lemma="|reputation|" pos="NN" wid="21">reputation</w>
  <w id="22" lemma="|of|" pos="IN" wid="22">of</w>
  <w id="23" lemma="|meekness|" pos="NN" wid="23">meekness</w>
  <w id="24" lemma="|and|" pos="CC" wid="24">and</w>
  <w id="25" lemma="|goodness|" pos="NN" wid="25">goodness</w>
  <w id="26" lemma="|which|" pos="WDT" wid="26">which</w>
  <w id="27" lemma="|so|" pos="RB" wid="27">so</w>
  <w id="28" lemma="|fascinate|" pos="VBD" wid="28">fascinated</w>
  <w id="29" lemma="|the|" pos="DT" wid="29">the</w>
  <w id="30" lemma="|people|" pos="NNS" wid="30">people</w>
  <w id="31" lemma="|;|" pos=":" wid="31">;</w>
  <w id="32" lemma="|however|" pos="RB" wid="32">however</w>
  <w id="33" lemma="|,|" pos="," wid="33">,</w>
  <w id="34" lemma="|be|" pos="VBD" wid="34">were</w>
  <w id="35" lemma="|he|" pos="PRP" wid="35">he</w>
  <w id="36" lemma="|to|" pos="TO" wid="36">to</w>
  <w id="37" lemma="|be|" pos="VB" wid="37">be</w>
  <w id="38" lemma="|merciful|" pos="JJ" wid="38">merciful</w>
  <w id="39" lemma="|,|" pos="," wid="39">,</w>
  <w id="40" lemma="|he|" pos="PRP" wid="40">he</w>
  <w id="41" lemma="|would|" pos="MD" wid="41">would</w>
  <w id="42" lemma="|be|" pos="VB" wid="42">be</w>
  <w id="43" lemma="|flout|" pos="VBG" wid="43">flouting</w>
  <w id="44" lemma="|the|" pos="DT" wid="44">the</w>
  <w id="45" lemma="|law|" pos="NN" wid="45">law</w>
  <w id="46" lemma="|,|" pos="," wid="46">,</w>
  <w id="47" lemma="|which|" pos="WDT" wid="47">which</w>
  <w id="48" lemma="|he|" pos="PRP" wid="48">he</w>
  <w id="49" lemma="|himself|" pos="PRP" wid="49">himself</w>
  <w id="50" lemma="|say|" pos="VBD" wid="50">said</w>
  <w id="51" lemma="|he|" pos="PRP" wid="51">he</w>
  <w id="52" lemma="|do|" pos="VBD" wid="52">did</w>
  <w id="53" lemma="|not|" pos="RB" wid="53">not</w>
  <w id="54" lemma="|wish|" pos="VB" wid="54">wish</w>
  <w id="55" lemma="|to|" pos="TO" wid="55">to</w>
  <w id="56" lemma="|abolish|" pos="VB" wid="56">abolish</w>
  <w id="57" lemma="|but|" pos="CC" wid="57">but</w>
  <w id="58" lemma="|fulfil|" pos="VB" wid="58">fulfil</w>
  <w id="59" lemma="|-lrb-|" pos="-LRB-" wid="59">-LRB-</w>
  <w id="60" lemma="|cf|" pos="NN" wid="60">cf</w>
  <w id="61" lemma="|.|" pos="." wid="61">.</w>
</sentence>
<sentence id="10">
  <w id="0" lemma="|mt|" pos="NN" wid="0">Mt</w>
  <w id="1" lemma="|5:17|" pos="CD" wid="1">5:17</w>
  <w id="2" lemma="|-rrb-|" pos="-RRB-" wid="2">-RRB-</w>
  <w id="3" lemma="|.|" pos="." wid="3">.</w>
</sentence>
<sentence id="11">
  <w id="0" lemma="|this|" pos="DT" wid="0">This</w>
  <w id="1" lemma="|be|" pos="VBZ" wid="1">is</w>
  <w id="2" lemma="|the|" pos="DT" wid="2">the</w>
  <w id="3" lemma="|situation|" pos="NN" wid="3">situation</w>
  <w id="4" lemma="|Jesus|" pos="NNP" wid="4">Jesus</w>
  <w id="5" lemma="|be|" pos="VBZ" wid="5">is</w>
  <w id="6" lemma="|place|" pos="VBN" wid="6">placed</w>
  <w id="7" lemma="|in|" pos="IN" wid="7">in</w>
  <w id="8" lemma="|.|" pos="." wid="8">.</w>
</sentence>
<sentence id="12">
  <w id="0" lemma="|this|" pos="DT" wid="0">This</w>
  <w id="1" lemma="|wicked|" pos="JJ" wid="1">wicked</w>
  <w id="2" lemma="|intention|" pos="NN" wid="2">intention</w>
  <w id="3" lemma="|be|" pos="VBD" wid="3">was</w>
  <w id="4" lemma="|hide|" pos="VBN" wid="4">hidden</w>
  <w id="5" lemma="|behind|" pos="IN" wid="5">behind</w>
  <w id="6" lemma="|the|" pos="DT" wid="6">the</w>
  <w id="7" lemma="|question|" pos="NN" wid="7">question</w>
  <w id="8" lemma="|that|" pos="IN" wid="8">that</w>
  <w id="9" lemma="|they|" pos="PRP" wid="9">they</w>
  <w id="10" lemma="|ask|" pos="VBD" wid="10">asked</w>
  <w id="11" lemma="|Jesus|" pos="NNP" wid="11">Jesus</w>
  <w id="12" lemma="|:|" pos=":" wid="12">:</w>
  <w id="13" lemma="|``|" pos="``" wid="13">``</w>
  <w id="14" lemma="|what|" pos="WP" wid="14">What</w>
  <w id="15" lemma="|do|" pos="VBP" wid="15">do</w>
  <w id="16" lemma="|you|" pos="PRP" wid="16">you</w>
  <w id="17" lemma="|say|" pos="VB" wid="17">say</w>
  <w id="18" lemma="|about|" pos="IN" wid="18">about</w>
  <w id="19" lemma="|she|" pos="PRP" wid="19">her</w>
  <w id="20" lemma="|?|" pos="." wid="20">?</w>
  <w id="21" lemma="|''|" pos="''" wid="21">''</w>
</sentence>
<sentence id="13">
  <w id="0" lemma="|-lrb-|" pos="-LRB-" wid="0">-LRB-</w>
  <w id="1" lemma="|jn|" pos="NN" wid="1">Jn</w>
  <w id="2" lemma="|8:5|" pos="CD" wid="2">8:5</w>
  <w id="3" lemma="|-rrb-|" pos="-RRB-" wid="3">-RRB-</w>
  <w id="4" lemma="|.|" pos="." wid="4">.</w>
</sentence>
<sentence id="14">
  <w id="0" lemma="|Jesus|" pos="NNP" wid="0">Jesus</w>
  <w id="1" lemma="|do|" pos="VBD" wid="1">did</w>
  <w id="2" lemma="|not|" pos="RB" wid="2">not</w>
  <w id="3" lemma="|respond|" pos="VB" wid="3">respond</w>
  <w id="4" lemma="|;|" pos=":" wid="4">;</w>
  <w id="5" lemma="|he|" pos="PRP" wid="5">he</w>
  <w id="6" lemma="|keep|" pos="VBD" wid="6">kept</w>
  <w id="7" lemma="|silent|" pos="JJ" wid="7">silent</w>
  <w id="8" lemma="|and|" pos="CC" wid="8">and</w>
  <w id="9" lemma="|make|" pos="VBD" wid="9">made</w>
  <w id="10" lemma="|a|" pos="DT" wid="10">a</w>
  <w id="11" lemma="|mysterious|" pos="JJ" wid="11">mysterious</w>
  <w id="12" lemma="|gesture|" pos="NN" wid="12">gesture</w>
  <w id="13" lemma="|:|" pos=":" wid="13">:</w>
  <w id="14" lemma="|he|" pos="PRP" wid="14">he</w>
  <w id="15" lemma="|``|" pos="``" wid="15">``</w>
  <w id="16" lemma="|bent|" pos="JJ" wid="16">bent</w>
  <w id="17" lemma="|down|" pos="NN" wid="17">down</w>
  <w id="18" lemma="|and|" pos="CC" wid="18">and</w>
  <w id="19" lemma="|write|" pos="VBD" wid="19">wrote</w>
  <w id="20" lemma="|with|" pos="IN" wid="20">with</w>
  <w id="21" lemma="|he|" pos="PRP$" wid="21">his</w>
  <w id="22" lemma="|finger|" pos="NN" wid="22">finger</w>
  <w id="23" lemma="|on|" pos="IN" wid="23">on</w>
  <w id="24" lemma="|the|" pos="DT" wid="24">the</w>
  <w id="25" lemma="|ground|" pos="NN" wid="25">ground</w>
  <w id="26" lemma="|''|" pos="''" wid="26">''</w>
  <w id="27" lemma="|-lrb-|" pos="-LRB-" wid="27">-LRB-</w>
  <w id="28" lemma="|v.|" pos="CC" wid="28">v.</w>
  <w id="29" lemma="|7|" pos="CD" wid="29">7</w>
  <w id="30" lemma="|-rrb-|" pos="-RRB-" wid="30">-RRB-</w>
  <w id="31" lemma="|.|" pos="." wid="31">.</w>
</sentence>
<sentence id="15">
  <w id="0" lemma="|perhaps|" pos="RB" wid="0">Perhaps</w>
  <w id="1" lemma="|he|" pos="PRP" wid="1">he</w>
  <w id="2" lemma="|be|" pos="VBD" wid="2">was</w>
  <w id="3" lemma="|draw|" pos="VBG" wid="3">drawing</w>
  <w id="4" lemma="|,|" pos="," wid="4">,</w>
  <w id="5" lemma="|some|" pos="DT" wid="5">some</w>
  <w id="6" lemma="|say|" pos="VBD" wid="6">said</w>
  <w id="7" lemma="|that|" pos="IN" wid="7">that</w>
  <w id="8" lemma="|he|" pos="PRP" wid="8">he</w>
  <w id="9" lemma="|write|" pos="VBD" wid="9">wrote</w>
  <w id="10" lemma="|down|" pos="RP" wid="10">down</w>
  <w id="11" lemma="|the|" pos="DT" wid="11">the</w>
  <w id="12" lemma="|sin|" pos="NNS" wid="12">sins</w>
  <w id="13" lemma="|of|" pos="IN" wid="13">of</w>
  <w id="14" lemma="|the|" pos="DT" wid="14">the</w>
  <w id="15" lemma="|Pharisees|" pos="NNPS" wid="15">Pharisees</w>
  <w id="16" lemma="|...|" pos=":" wid="16">...</w>
  <w id="17" lemma="|however|" pos="RB" wid="17">however</w>
  <w id="18" lemma="|,|" pos="," wid="18">,</w>
  <w id="19" lemma="|he|" pos="PRP" wid="19">he</w>
  <w id="20" lemma="|be|" pos="VBD" wid="20">was</w>
  <w id="21" lemma="|write|" pos="VBG" wid="21">writing</w>
  <w id="22" lemma="|,|" pos="," wid="22">,</w>
  <w id="23" lemma="|as|" pos="IN" wid="23">as</w>
  <w id="24" lemma="|if|" pos="IN" wid="24">if</w>
  <w id="25" lemma="|he|" pos="PRP" wid="25">he</w>
  <w id="26" lemma="|be|" pos="VBD" wid="26">were</w>
  <w id="27" lemma="|elsewhere|" pos="RB" wid="27">elsewhere</w>
  <w id="28" lemma="|.|" pos="." wid="28">.</w>
</sentence>
<sentence id="16">
  <w id="0" lemma="|in|" pos="IN" wid="0">In</w>
  <w id="1" lemma="|this|" pos="DT" wid="1">this</w>
  <w id="2" lemma="|way|" pos="NN" wid="2">way</w>
  <w id="3" lemma="|he|" pos="PRP" wid="3">he</w>
  <w id="4" lemma="|help|" pos="VBD" wid="4">helped</w>
  <w id="5" lemma="|everyone|" pos="NN" wid="5">everyone</w>
  <w id="6" lemma="|to|" pos="TO" wid="6">to</w>
  <w id="7" lemma="|calm|" pos="VB" wid="7">calm</w>
  <w id="8" lemma="|down|" pos="RP" wid="8">down</w>
  <w id="9" lemma="|,|" pos="," wid="9">,</w>
  <w id="10" lemma="|not|" pos="RB" wid="10">not</w>
  <w id="11" lemma="|to|" pos="TO" wid="11">to</w>
  <w id="12" lemma="|act|" pos="VB" wid="12">act</w>
  <w id="13" lemma="|on|" pos="IN" wid="13">on</w>
  <w id="14" lemma="|the|" pos="DT" wid="14">the</w>
  <w id="15" lemma="|wave|" pos="NN" wid="15">wave</w>
  <w id="16" lemma="|of|" pos="IN" wid="16">of</w>
  <w id="17" lemma="|impulsiveness|" pos="NN" wid="17">impulsiveness</w>
  <w id="18" lemma="|,|" pos="," wid="18">,</w>
  <w id="19" lemma="|and|" pos="CC" wid="19">and</w>
  <w id="20" lemma="|to|" pos="TO" wid="20">to</w>
  <w id="21" lemma="|seek|" pos="VB" wid="21">seek</w>
  <w id="22" lemma="|the|" pos="DT" wid="22">the</w>
  <w id="23" lemma="|justice|" pos="NN" wid="23">justice</w>
  <w id="24" lemma="|of|" pos="IN" wid="24">of</w>
  <w id="25" lemma="|God|" pos="NNP" wid="25">God</w>
  <w id="26" lemma="|.|" pos="." wid="26">.</w>
</sentence>
<sentence id="17">
  <w id="0" lemma="|but|" pos="CC" wid="0">But</w>
  <w id="1" lemma="|those|" pos="DT" wid="1">those</w>
  <w id="2" lemma="|wicked|" pos="JJ" wid="2">wicked</w>
  <w id="3" lemma="|man|" pos="NNS" wid="3">men</w>
  <w id="4" lemma="|persist|" pos="VBD" wid="4">persisted</w>
  <w id="5" lemma="|and|" pos="CC" wid="5">and</w>
  <w id="6" lemma="|wait|" pos="VBD" wid="6">waited</w>
  <w id="7" lemma="|for|" pos="IN" wid="7">for</w>
  <w id="8" lemma="|he|" pos="PRP" wid="8">him</w>
  <w id="9" lemma="|to|" pos="TO" wid="9">to</w>
  <w id="10" lemma="|answer|" pos="VB" wid="10">answer</w>
  <w id="11" lemma="|.|" pos="." wid="11">.</w>
</sentence>
<sentence id="18">
  <w id="0" lemma="|they|" pos="PRP" wid="0">They</w>
  <w id="1" lemma="|seem|" pos="VBD" wid="1">seemed</w>
  <w id="2" lemma="|to|" pos="TO" wid="2">to</w>
  <w id="3" lemma="|thirst|" pos="NN" wid="3">thirst</w>
  <w id="4" lemma="|for|" pos="IN" wid="4">for</w>
  <w id="5" lemma="|blood|" pos="NN" wid="5">blood</w>
  <w id="6" lemma="|.|" pos="." wid="6">.</w>
</sentence>
<sentence id="19">
  <w id="0" lemma="|then|" pos="RB" wid="0">Then</w>
  <w id="1" lemma="|Jesus|" pos="NNP" wid="1">Jesus</w>
  <w id="2" lemma="|look|" pos="VBD" wid="2">looked</w>
  <w id="3" lemma="|up|" pos="RB" wid="3">up</w>
  <w id="4" lemma="|and|" pos="CC" wid="4">and</w>
  <w id="5" lemma="|say|" pos="VBD" wid="5">said</w>
  <w id="6" lemma="|:|" pos=":" wid="6">:</w>
  <w id="7" lemma="|``|" pos="``" wid="7">``</w>
  <w id="8" lemma="|let|" pos="VB" wid="8">Let</w>
  <w id="9" lemma="|he|" pos="PRP" wid="9">him</w>
  <w id="10" lemma="|who|" pos="WP" wid="10">who</w>
  <w id="11" lemma="|be|" pos="VBZ" wid="11">is</w>
  <w id="12" lemma="|without|" pos="IN" wid="12">without</w>
  <w id="13" lemma="|sin|" pos="NN" wid="13">sin</w>
  <w id="14" lemma="|among|" pos="IN" wid="14">among</w>
  <w id="15" lemma="|you|" pos="PRP" wid="15">you</w>
  <w id="16" lemma="|be|" pos="VB" wid="16">be</w>
  <w id="17" lemma="|the|" pos="DT" wid="17">the</w>
  <w id="18" lemma="|first|" pos="JJ" wid="18">first</w>
  <w id="19" lemma="|to|" pos="TO" wid="19">to</w>
  <w id="20" lemma="|throw|" pos="VB" wid="20">throw</w>
  <w id="21" lemma="|a|" pos="DT" wid="21">a</w>
  <w id="22" lemma="|stone|" pos="NN" wid="22">stone</w>
  <w id="23" lemma="|at|" pos="IN" wid="23">at</w>
  <w id="24" lemma="|she|" pos="PRP$" wid="24">her</w>
  <w id="25" lemma="|''|" pos="''" wid="25">''</w>
  <w id="26" lemma="|-lrb-|" pos="-LRB-" wid="26">-LRB-</w>
  <w id="27" lemma="|v.|" pos="CC" wid="27">v.</w>
  <w id="28" lemma="|7|" pos="CD" wid="28">7</w>
  <w id="29" lemma="|-rrb-|" pos="-RRB-" wid="29">-RRB-</w>
  <w id="30" lemma="|.|" pos="." wid="30">.</w>
</sentence>
<sentence id="20">
  <w id="0" lemma="|this|" pos="DT" wid="0">This</w>
  <w id="1" lemma="|response|" pos="NN" wid="1">response</w>
  <w id="2" lemma="|confound|" pos="VBD" wid="2">confounded</w>
  <w id="3" lemma="|the|" pos="DT" wid="3">the</w>
  <w id="4" lemma="|accuser|" pos="NNS" wid="4">accusers</w>
  <w id="5" lemma="|,|" pos="," wid="5">,</w>
  <w id="6" lemma="|disarm|" pos="VBG" wid="6">disarming</w>
  <w id="7" lemma="|all|" pos="DT" wid="7">all</w>
  <w id="8" lemma="|of|" pos="IN" wid="8">of</w>
  <w id="9" lemma="|they|" pos="PRP" wid="9">them</w>
  <w id="10" lemma="|in|" pos="IN" wid="10">in</w>
  <w id="11" lemma="|the|" pos="DT" wid="11">the</w>
  <w id="12" lemma="|true|" pos="JJ" wid="12">true</w>
  <w id="13" lemma="|sense|" pos="NN" wid="13">sense</w>
  <w id="14" lemma="|of|" pos="IN" wid="14">of</w>
  <w id="15" lemma="|the|" pos="DT" wid="15">the</w>
  <w id="16" lemma="|word|" pos="NN" wid="16">word</w>
  <w id="17" lemma="|:|" pos=":" wid="17">:</w>
  <w id="18" lemma="|they|" pos="PRP" wid="18">they</w>
  <w id="19" lemma="|all|" pos="DT" wid="19">all</w>
  <w id="20" lemma="|lay|" pos="VBP" wid="20">lay</w>
  <w id="21" lemma="|down|" pos="RP" wid="21">down</w>
  <w id="22" lemma="|they|" pos="PRP$" wid="22">their</w>
  <w id="23" lemma="|``|" pos="``" wid="23">``</w>
  <w id="24" lemma="|weapon|" pos="NNS" wid="24">weapons</w>
  <w id="25" lemma="|''|" pos="''" wid="25">''</w>
  <w id="26" lemma="|,|" pos="," wid="26">,</w>
  <w id="27" lemma="|that|" pos="DT" wid="27">that</w>
  <w id="28" lemma="|be|" pos="VBZ" wid="28">is</w>
  <w id="29" lemma="|,|" pos="," wid="29">,</w>
  <w id="30" lemma="|the|" pos="DT" wid="30">the</w>
  <w id="31" lemma="|stone|" pos="NNS" wid="31">stones</w>
  <w id="32" lemma="|ready|" pos="JJ" wid="32">ready</w>
  <w id="33" lemma="|to|" pos="TO" wid="33">to</w>
  <w id="34" lemma="|be|" pos="VB" wid="34">be</w>
  <w id="35" lemma="|throw|" pos="VBN" wid="35">thrown</w>
  <w id="36" lemma="|,|" pos="," wid="36">,</w>
  <w id="37" lemma="|both|" pos="CC" wid="37">both</w>
  <w id="38" lemma="|the|" pos="DT" wid="38">the</w>
  <w id="39" lemma="|visible|" pos="JJ" wid="39">visible</w>
  <w id="40" lemma="|one|" pos="NNS" wid="40">ones</w>
  <w id="41" lemma="|against|" pos="IN" wid="41">against</w>
  <w id="42" lemma="|the|" pos="DT" wid="42">the</w>
  <w id="43" lemma="|woman|" pos="NN" wid="43">woman</w>
  <w id="44" lemma="|and|" pos="CC" wid="44">and</w>
  <w id="45" lemma="|those|" pos="DT" wid="45">those</w>
  <w id="46" lemma="|conceal|" pos="VBN" wid="46">concealed</w>
  <w id="47" lemma="|against|" pos="IN" wid="47">against</w>
  <w id="48" lemma="|Jesus|" pos="NNP" wid="48">Jesus</w>
  <w id="49" lemma="|.|" pos="." wid="49">.</w>
</sentence>
<sentence id="21">
  <w id="0" lemma="|while|" pos="IN" wid="0">While</w>
  <w id="1" lemma="|the|" pos="DT" wid="1">the</w>
  <w id="2" lemma="|Lord|" pos="NNP" wid="2">Lord</w>
  <w id="3" lemma="|continue|" pos="VBD" wid="3">continued</w>
  <w id="4" lemma="|to|" pos="TO" wid="4">to</w>
  <w id="5" lemma="|write|" pos="VB" wid="5">write</w>
  <w id="6" lemma="|on|" pos="IN" wid="6">on</w>
  <w id="7" lemma="|the|" pos="DT" wid="7">the</w>
  <w id="8" lemma="|ground|" pos="NN" wid="8">ground</w>
  <w id="9" lemma="|,|" pos="," wid="9">,</w>
  <w id="10" lemma="|to|" pos="TO" wid="10">to</w>
  <w id="11" lemma="|draw|" pos="VB" wid="11">draw</w>
  <w id="12" lemma="|,|" pos="," wid="12">,</w>
  <w id="13" lemma="|I|" pos="PRP" wid="13">I</w>
  <w id="14" lemma="|do|" pos="VBP" wid="14">do</w>
  <w id="15" lemma="|not|" pos="RB" wid="15">n't</w>
  <w id="16" lemma="|know|" pos="VB" wid="16">know</w>
  <w id="17" lemma="|...|" pos=":" wid="17">...</w>
  <w id="18" lemma="|.|" pos="." wid="18">.</w>
</sentence>
<sentence id="22">
  <w id="0" lemma="|the|" pos="DT" wid="0">The</w>
  <w id="1" lemma="|accuser|" pos="NNS" wid="1">accusers</w>
  <w id="2" lemma="|go|" pos="VBD" wid="2">went</w>
  <w id="3" lemma="|away|" pos="RB" wid="3">away</w>
  <w id="4" lemma="|,|" pos="," wid="4">,</w>
  <w id="5" lemma="|one|" pos="CD" wid="5">one</w>
  <w id="6" lemma="|after|" pos="IN" wid="6">after</w>
  <w id="7" lemma="|the|" pos="DT" wid="7">the</w>
  <w id="8" lemma="|other|" pos="JJ" wid="8">other</w>
  <w id="9" lemma="|,|" pos="," wid="9">,</w>
  <w id="10" lemma="|head|" pos="VBZ" wid="10">heads</w>
  <w id="11" lemma="|down|" pos="RP" wid="11">down</w>
  <w id="12" lemma="|,|" pos="," wid="12">,</w>
  <w id="13" lemma="|begin|" pos="VBG" wid="13">beginning</w>
  <w id="14" lemma="|with|" pos="IN" wid="14">with</w>
  <w id="15" lemma="|the|" pos="DT" wid="15">the</w>
  <w id="16" lemma="|eldest|" pos="JJS" wid="16">eldest</w>
  <w id="17" lemma="|,|" pos="," wid="17">,</w>
  <w id="18" lemma="|most|" pos="RBS" wid="18">most</w>
  <w id="19" lemma="|aware|" pos="JJ" wid="19">aware</w>
  <w id="20" lemma="|of|" pos="IN" wid="20">of</w>
  <w id="21" lemma="|not|" pos="RB" wid="21">not</w>
  <w id="22" lemma="|be|" pos="VBG" wid="22">being</w>
  <w id="23" lemma="|without|" pos="IN" wid="23">without</w>
  <w id="24" lemma="|sin|" pos="NN" wid="24">sin</w>
  <w id="25" lemma="|.|" pos="." wid="25">.</w>
</sentence>
<sentence id="23">
  <w id="0" lemma="|how|" pos="WRB" wid="0">How</w>
  <w id="1" lemma="|much|" pos="RB" wid="1">much</w>
  <w id="2" lemma="|good|" pos="JJ" wid="2">good</w>
  <w id="3" lemma="|it|" pos="PRP" wid="3">it</w>
  <w id="4" lemma="|do|" pos="VBZ" wid="4">does</w>
  <w id="5" lemma="|we|" pos="PRP" wid="5">us</w>
  <w id="6" lemma="|to|" pos="TO" wid="6">to</w>
  <w id="7" lemma="|be|" pos="VB" wid="7">be</w>
  <w id="8" lemma="|aware|" pos="JJ" wid="8">aware</w>
  <w id="9" lemma="|that|" pos="IN" wid="9">that</w>
  <w id="10" lemma="|we|" pos="PRP" wid="10">we</w>
  <w id="11" lemma="|too|" pos="RB" wid="11">too</w>
  <w id="12" lemma="|be|" pos="VBP" wid="12">are</w>
  <w id="13" lemma="|sinner|" pos="NNS" wid="13">sinners</w>
  <w id="14" lemma="|!|" pos="." wid="14">!</w>
</sentence>
<sentence id="24">
  <w id="0" lemma="|when|" pos="WRB" wid="0">When</w>
  <w id="1" lemma="|we|" pos="PRP" wid="1">we</w>
  <w id="2" lemma="|speak|" pos="VBP" wid="2">speak</w>
  <w id="3" lemma="|ill|" pos="RB" wid="3">ill</w>
  <w id="4" lemma="|of|" pos="IN" wid="4">of</w>
  <w id="5" lemma="|other|" pos="NNS" wid="5">others</w>
  <w id="6" lemma="|--|" pos=":" wid="6">--</w>
  <w id="7" lemma="|something|" pos="NN" wid="7">something</w>
  <w id="8" lemma="|we|" pos="PRP" wid="8">we</w>
  <w id="9" lemma="|know|" pos="VBP" wid="9">know</w>
  <w id="10" lemma="|well|" pos="RB" wid="10">well</w>
  <w id="11" lemma="|--|" pos=":" wid="11">--</w>
  <w id="12" lemma="|how|" pos="WRB" wid="12">how</w>
  <w id="13" lemma="|much|" pos="RB" wid="13">much</w>
  <w id="14" lemma="|good|" pos="JJ" wid="14">good</w>
  <w id="15" lemma="|it|" pos="PRP" wid="15">it</w>
  <w id="16" lemma="|will|" pos="MD" wid="16">will</w>
  <w id="17" lemma="|do|" pos="VB" wid="17">do</w>
  <w id="18" lemma="|we|" pos="PRP" wid="18">us</w>
  <w id="19" lemma="|to|" pos="TO" wid="19">to</w>
  <w id="20" lemma="|have|" pos="VB" wid="20">have</w>
  <w id="21" lemma="|the|" pos="DT" wid="21">the</w>
  <w id="22" lemma="|courage|" pos="NN" wid="22">courage</w>
  <w id="23" lemma="|to|" pos="TO" wid="23">to</w>
  <w id="24" lemma="|drop|" pos="VB" wid="24">drop</w>
  <w id="25" lemma="|down|" pos="RP" wid="25">down</w>
  <w id="26" lemma="|the|" pos="DT" wid="26">the</w>
  <w id="27" lemma="|stone|" pos="NNS" wid="27">stones</w>
  <w id="28" lemma="|we|" pos="PRP" wid="28">we</w>
  <w id="29" lemma="|have|" pos="VBP" wid="29">have</w>
  <w id="30" lemma="|to|" pos="TO" wid="30">to</w>
  <w id="31" lemma="|throw|" pos="VB" wid="31">throw</w>
  <w id="32" lemma="|at|" pos="IN" wid="32">at</w>
  <w id="33" lemma="|other|" pos="NNS" wid="33">others</w>
  <w id="34" lemma="|,|" pos="," wid="34">,</w>
  <w id="35" lemma="|and|" pos="CC" wid="35">and</w>
  <w id="36" lemma="|to|" pos="TO" wid="36">to</w>
  <w id="37" lemma="|think|" pos="VB" wid="37">think</w>
  <w id="38" lemma="|a|" pos="DT" wid="38">a</w>
  <w id="39" lemma="|little|" pos="JJ" wid="39">little</w>
  <w id="40" lemma="|about|" pos="IN" wid="40">about</w>
  <w id="41" lemma="|we|" pos="PRP$" wid="41">our</w>
  <w id="42" lemma="|own|" pos="JJ" wid="42">own</w>
  <w id="43" lemma="|sin|" pos="NNS" wid="43">sins</w>
  <w id="44" lemma="|!|" pos="." wid="44">!</w>
</sentence>
<sentence id="25">
  <w id="0" lemma="|only|" pos="RB" wid="0">Only</w>
  <w id="1" lemma="|the|" pos="DT" wid="1">the</w>
  <w id="2" lemma="|woman|" pos="NN" wid="2">woman</w>
  <w id="3" lemma="|and|" pos="CC" wid="3">and</w>
  <w id="4" lemma="|Jesus|" pos="NNP" wid="4">Jesus</w>
  <w id="5" lemma="|remain|" pos="VBD" wid="5">remained</w>
  <w id="6" lemma="|:|" pos=":" wid="6">:</w>
  <w id="7" lemma="|misery|" pos="NN" wid="7">misery</w>
  <w id="8" lemma="|and|" pos="CC" wid="8">and</w>
  <w id="9" lemma="|mercy|" pos="NN" wid="9">mercy</w>
  <w id="10" lemma="|.|" pos="." wid="10">.</w>
</sentence>
<sentence id="26">
  <w id="0" lemma="|how|" pos="WRB" wid="0">How</w>
  <w id="1" lemma="|often|" pos="RB" wid="1">often</w>
  <w id="2" lemma="|do|" pos="VBZ" wid="2">does</w>
  <w id="3" lemma="|this|" pos="DT" wid="3">this</w>
  <w id="4" lemma="|happen|" pos="VB" wid="4">happen</w>
  <w id="5" lemma="|to|" pos="TO" wid="5">to</w>
  <w id="6" lemma="|we|" pos="PRP" wid="6">us</w>
  <w id="7" lemma="|when|" pos="WRB" wid="7">when</w>
  <w id="8" lemma="|we|" pos="PRP" wid="8">we</w>
  <w id="9" lemma="|stop|" pos="VBP" wid="9">stop</w>
  <w id="10" lemma="|before|" pos="IN" wid="10">before</w>
  <w id="11" lemma="|the|" pos="DT" wid="11">the</w>
  <w id="12" lemma="|confessional|" pos="NN" wid="12">confessional</w>
  <w id="13" lemma="|,|" pos="," wid="13">,</w>
  <w id="14" lemma="|with|" pos="IN" wid="14">with</w>
  <w id="15" lemma="|shame|" pos="NN" wid="15">shame</w>
  <w id="16" lemma="|,|" pos="," wid="16">,</w>
  <w id="17" lemma="|to|" pos="TO" wid="17">to</w>
  <w id="18" lemma="|show|" pos="VB" wid="18">show</w>
  <w id="19" lemma="|we|" pos="PRP$" wid="19">our</w>
  <w id="20" lemma="|misery|" pos="NN" wid="20">misery</w>
  <w id="21" lemma="|and|" pos="CC" wid="21">and</w>
  <w id="22" lemma="|ask|" pos="VB" wid="22">ask</w>
  <w id="23" lemma="|for|" pos="IN" wid="23">for</w>
  <w id="24" lemma="|forgiveness|" pos="NN" wid="24">forgiveness</w>
  <w id="25" lemma="|!|" pos="." wid="25">!</w>
</sentence>
<sentence id="27">
  <w id="0" lemma="|``|" pos="``" wid="0">``</w>
  <w id="1" lemma="|Woman|" pos="NNP" wid="1">Woman</w>
  <w id="2" lemma="|,|" pos="," wid="2">,</w>
  <w id="3" lemma="|where|" pos="WRB" wid="3">where</w>
  <w id="4" lemma="|be|" pos="VBP" wid="4">are</w>
  <w id="5" lemma="|they|" pos="PRP" wid="5">they</w>
  <w id="6" lemma="|?|" pos="." wid="6">?</w>
  <w id="7" lemma="|''|" pos="''" wid="7">''</w>
</sentence>
<sentence id="28">
  <w id="0" lemma="|-lrb-|" pos="-LRB-" wid="0">-LRB-</w>
  <w id="1" lemma="|v.|" pos="CC" wid="1">v.</w>
  <w id="2" lemma="|10|" pos="CD" wid="2">10</w>
  <w id="3" lemma="|-rrb-|" pos="-RRB-" wid="3">-RRB-</w>
  <w id="4" lemma="|,|" pos="," wid="4">,</w>
  <w id="5" lemma="|Jesus|" pos="NNP" wid="5">Jesus</w>
  <w id="6" lemma="|say|" pos="VBD" wid="6">said</w>
  <w id="7" lemma="|to|" pos="TO" wid="7">to</w>
  <w id="8" lemma="|she|" pos="PRP" wid="8">her</w>
  <w id="9" lemma="|.|" pos="." wid="9">.</w>
</sentence>
<sentence id="29">
  <w id="0" lemma="|this|" pos="DT" wid="0">This</w>
  <w id="1" lemma="|question|" pos="NN" wid="1">question</w>
  <w id="2" lemma="|be|" pos="VBZ" wid="2">is</w>
  <w id="3" lemma="|enough|" pos="JJ" wid="3">enough</w>
  <w id="4" lemma="|,|" pos="," wid="4">,</w>
  <w id="5" lemma="|and|" pos="CC" wid="5">and</w>
  <w id="6" lemma="|he|" pos="PRP$" wid="6">his</w>
  <w id="7" lemma="|merciful|" pos="JJ" wid="7">merciful</w>
  <w id="8" lemma="|gaze|" pos="VBP" wid="8">gaze</w>
  <w id="9" lemma="|,|" pos="," wid="9">,</w>
  <w id="10" lemma="|full|" pos="JJ" wid="10">full</w>
  <w id="11" lemma="|of|" pos="IN" wid="11">of</w>
  <w id="12" lemma="|love|" pos="NN" wid="12">love</w>
  <w id="13" lemma="|,|" pos="," wid="13">,</w>
  <w id="14" lemma="|in|" pos="IN" wid="14">in</w>
  <w id="15" lemma="|order|" pos="NN" wid="15">order</w>
  <w id="16" lemma="|to|" pos="TO" wid="16">to</w>
  <w id="17" lemma="|let|" pos="VB" wid="17">let</w>
  <w id="18" lemma="|that|" pos="DT" wid="18">that</w>
  <w id="19" lemma="|person|" pos="NN" wid="19">person</w>
  <w id="20" lemma="|feel|" pos="NN" wid="20">feel</w>
  <w id="21" lemma="|--|" pos=":" wid="21">--</w>
  <w id="22" lemma="|perhaps|" pos="RB" wid="22">perhaps</w>
  <w id="23" lemma="|for|" pos="IN" wid="23">for</w>
  <w id="24" lemma="|the|" pos="DT" wid="24">the</w>
  <w id="25" lemma="|first|" pos="JJ" wid="25">first</w>
  <w id="26" lemma="|time|" pos="NN" wid="26">time</w>
  <w id="27" lemma="|--|" pos=":" wid="27">--</w>
  <w id="28" lemma="|that|" pos="IN" wid="28">that</w>
  <w id="29" lemma="|she|" pos="PRP" wid="29">she</w>
  <w id="30" lemma="|have|" pos="VBZ" wid="30">has</w>
  <w id="31" lemma="|dignity|" pos="NN" wid="31">dignity</w>
  <w id="32" lemma="|,|" pos="," wid="32">,</w>
  <w id="33" lemma="|that|" pos="IN" wid="33">that</w>
  <w id="34" lemma="|she|" pos="PRP" wid="34">she</w>
  <w id="35" lemma="|be|" pos="VBZ" wid="35">is</w>
  <w id="36" lemma="|not|" pos="RB" wid="36">not</w>
  <w id="37" lemma="|she|" pos="PRP$" wid="37">her</w>
  <w id="38" lemma="|sin|" pos="NN" wid="38">sin</w>
  <w id="39" lemma="|,|" pos="," wid="39">,</w>
  <w id="40" lemma="|she|" pos="PRP" wid="40">she</w>
  <w id="41" lemma="|have|" pos="VBZ" wid="41">has</w>
  <w id="42" lemma="|personal|" pos="JJ" wid="42">personal</w>
  <w id="43" lemma="|dignity|" pos="NN" wid="43">dignity</w>
  <w id="44" lemma="|;|" pos=":" wid="44">;</w>
  <w id="45" lemma="|that|" pos="IN" wid="45">that</w>
  <w id="46" lemma="|she|" pos="PRP" wid="46">she</w>
  <w id="47" lemma="|can|" pos="MD" wid="47">can</w>
  <w id="48" lemma="|change|" pos="VB" wid="48">change</w>
  <w id="49" lemma="|she|" pos="PRP$" wid="49">her</w>
  <w id="50" lemma="|life|" pos="NN" wid="50">life</w>
  <w id="51" lemma="|,|" pos="," wid="51">,</w>
  <w id="52" lemma="|she|" pos="PRP" wid="52">she</w>
  <w id="53" lemma="|can|" pos="MD" wid="53">can</w>
  <w id="54" lemma="|emerge|" pos="VB" wid="54">emerge</w>
  <w id="55" lemma="|from|" pos="IN" wid="55">from</w>
  <w id="56" lemma="|she|" pos="PRP$" wid="56">her</w>
  <w id="57" lemma="|slavery|" pos="NN" wid="57">slavery</w>
  <w id="58" lemma="|and|" pos="CC" wid="58">and</w>
  <w id="59" lemma="|walk|" pos="NN" wid="59">walk</w>
  <w id="60" lemma="|on|" pos="IN" wid="60">on</w>
  <w id="61" lemma="|a|" pos="DT" wid="61">a</w>
  <w id="62" lemma="|new|" pos="JJ" wid="62">new</w>
  <w id="63" lemma="|path|" pos="NN" wid="63">path</w>
  <w id="64" lemma="|.|" pos="." wid="64">.</w>
</sentence>
<sentence id="30">
  <w id="0" lemma="|Dear|" pos="NNP" wid="0">Dear</w>
  <w id="1" lemma="|brother|" pos="NNS" wid="1">brothers</w>
  <w id="2" lemma="|and|" pos="CC" wid="2">and</w>
  <w id="3" lemma="|sister|" pos="NNS" wid="3">sisters</w>
  <w id="4" lemma="|,|" pos="," wid="4">,</w>
  <w id="5" lemma="|that|" pos="DT" wid="5">that</w>
  <w id="6" lemma="|woman|" pos="NN" wid="6">woman</w>
  <w id="7" lemma="|represent|" pos="VBZ" wid="7">represents</w>
  <w id="8" lemma="|all|" pos="DT" wid="8">all</w>
  <w id="9" lemma="|of|" pos="IN" wid="9">of</w>
  <w id="10" lemma="|we|" pos="PRP" wid="10">us</w>
  <w id="11" lemma="|.|" pos="." wid="11">.</w>
</sentence>
<sentence id="31">
  <w id="0" lemma="|we|" pos="PRP" wid="0">We</w>
  <w id="1" lemma="|be|" pos="VBP" wid="1">are</w>
  <w id="2" lemma="|sinner|" pos="NNS" wid="2">sinners</w>
  <w id="3" lemma="|,|" pos="," wid="3">,</w>
  <w id="4" lemma="|mean|" pos="VBG" wid="4">meaning</w>
  <w id="5" lemma="|adulterer|" pos="NNS" wid="5">adulterers</w>
  <w id="6" lemma="|before|" pos="IN" wid="6">before</w>
  <w id="7" lemma="|God|" pos="NNP" wid="7">God</w>
  <w id="8" lemma="|,|" pos="," wid="8">,</w>
  <w id="9" lemma="|betrayer|" pos="NNS" wid="9">betrayers</w>
  <w id="10" lemma="|of|" pos="IN" wid="10">of</w>
  <w id="11" lemma="|he|" pos="PRP$" wid="11">his</w>
  <w id="12" lemma="|fidelity|" pos="NN" wid="12">fidelity</w>
  <w id="13" lemma="|.|" pos="." wid="13">.</w>
</sentence>
<sentence id="32">
  <w id="0" lemma="|she|" pos="PRP$" wid="0">Her</w>
  <w id="1" lemma="|experience|" pos="NN" wid="1">experience</w>
  <w id="2" lemma="|represent|" pos="VBZ" wid="2">represents</w>
  <w id="3" lemma="|God|" pos="NNP" wid="3">God</w>
  <w id="4" lemma="|'s|" pos="POS" wid="4">'s</w>
  <w id="5" lemma="|will|" pos="NN" wid="5">will</w>
  <w id="6" lemma="|for|" pos="IN" wid="6">for</w>
  <w id="7" lemma="|each|" pos="DT" wid="7">each</w>
  <w id="8" lemma="|of|" pos="IN" wid="8">of</w>
  <w id="9" lemma="|we|" pos="PRP" wid="9">us</w>
  <w id="10" lemma="|:|" pos=":" wid="10">:</w>
  <w id="11" lemma="|not|" pos="RB" wid="11">not</w>
  <w id="12" lemma="|we|" pos="PRP$" wid="12">our</w>
  <w id="13" lemma="|condemnation|" pos="NN" wid="13">condemnation</w>
  <w id="14" lemma="|but|" pos="CC" wid="14">but</w>
  <w id="15" lemma="|we|" pos="PRP$" wid="15">our</w>
  <w id="16" lemma="|salvation|" pos="NN" wid="16">salvation</w>
  <w id="17" lemma="|through|" pos="IN" wid="17">through</w>
  <w id="18" lemma="|Jesus|" pos="NNP" wid="18">Jesus</w>
  <w id="19" lemma="|.|" pos="." wid="19">.</w>
</sentence>
<sentence id="33">
  <w id="0" lemma="|he|" pos="PRP" wid="0">He</w>
  <w id="1" lemma="|be|" pos="VBZ" wid="1">is</w>
  <w id="2" lemma="|the|" pos="DT" wid="2">the</w>
  <w id="3" lemma="|grace|" pos="NN" wid="3">grace</w>
  <w id="4" lemma="|which|" pos="WDT" wid="4">which</w>
  <w id="5" lemma="|save|" pos="VBZ" wid="5">saves</w>
  <w id="6" lemma="|from|" pos="IN" wid="6">from</w>
  <w id="7" lemma="|sin|" pos="NN" wid="7">sin</w>
  <w id="8" lemma="|and|" pos="CC" wid="8">and</w>
  <w id="9" lemma="|from|" pos="IN" wid="9">from</w>
  <w id="10" lemma="|death|" pos="NN" wid="10">death</w>
  <w id="11" lemma="|.|" pos="." wid="11">.</w>
</sentence>
<sentence id="34">
  <w id="0" lemma="|on|" pos="IN" wid="0">On</w>
  <w id="1" lemma="|the|" pos="DT" wid="1">the</w>
  <w id="2" lemma="|ground|" pos="NN" wid="2">ground</w>
  <w id="3" lemma="|,|" pos="," wid="3">,</w>
  <w id="4" lemma="|in|" pos="IN" wid="4">in</w>
  <w id="5" lemma="|the|" pos="DT" wid="5">the</w>
  <w id="6" lemma="|dust|" pos="NN" wid="6">dust</w>
  <w id="7" lemma="|of|" pos="IN" wid="7">of</w>
  <w id="8" lemma="|which|" pos="WDT" wid="8">which</w>
  <w id="9" lemma="|every|" pos="DT" wid="9">every</w>
  <w id="10" lemma="|human|" pos="JJ" wid="10">human</w>
  <w id="11" lemma="|being|" pos="NN" wid="11">being</w>
  <w id="12" lemma="|be|" pos="VBZ" wid="12">is</w>
  <w id="13" lemma="|make|" pos="VBN" wid="13">made</w>
  <w id="14" lemma="|-lrb-|" pos="-LRB-" wid="14">-LRB-</w>
  <w id="15" lemma="|gen|" pos="NN" wid="15">Gen</w>
  <w id="16" lemma="|2:7|" pos="CD" wid="16">2:7</w>
  <w id="17" lemma="|-rrb-|" pos="-RRB-" wid="17">-RRB-</w>
  <w id="18" lemma="|,|" pos="," wid="18">,</w>
  <w id="19" lemma="|he|" pos="PRP" wid="19">he</w>
  <w id="20" lemma="|write|" pos="VBD" wid="20">wrote</w>
  <w id="21" lemma="|God|" pos="NNP" wid="21">God</w>
  <w id="22" lemma="|'s|" pos="POS" wid="22">'s</w>
  <w id="23" lemma="|sentence|" pos="NN" wid="23">sentence</w>
  <w id="24" lemma="|:|" pos=":" wid="24">:</w>
  <w id="25" lemma="|``|" pos="``" wid="25">``</w>
  <w id="26" lemma="|I|" pos="PRP" wid="26">I</w>
  <w id="27" lemma="|want|" pos="VBP" wid="27">want</w>
  <w id="28" lemma="|not|" pos="RB" wid="28">not</w>
  <w id="29" lemma="|that|" pos="IN" wid="29">that</w>
  <w id="30" lemma="|you|" pos="PRP" wid="30">you</w>
  <w id="31" lemma="|die|" pos="VBP" wid="31">die</w>
  <w id="32" lemma="|but|" pos="CC" wid="32">but</w>
  <w id="33" lemma="|that|" pos="IN" wid="33">that</w>
  <w id="34" lemma="|you|" pos="PRP" wid="34">you</w>
  <w id="35" lemma="|live|" pos="VBP" wid="35">live</w>
  <w id="36" lemma="|''|" pos="''" wid="36">''</w>
  <w id="37" lemma="|.|" pos="." wid="37">.</w>
</sentence>
<sentence id="35">
  <w id="0" lemma="|God|" pos="NNP" wid="0">God</w>
  <w id="1" lemma="|do|" pos="VBZ" wid="1">does</w>
  <w id="2" lemma="|not|" pos="RB" wid="2">not</w>
  <w id="3" lemma="|nail|" pos="VB" wid="3">nail</w>
  <w id="4" lemma="|we|" pos="PRP" wid="4">us</w>
  <w id="5" lemma="|to|" pos="TO" wid="5">to</w>
  <w id="6" lemma="|we|" pos="PRP$" wid="6">our</w>
  <w id="7" lemma="|sin|" pos="NN" wid="7">sin</w>
  <w id="8" lemma="|,|" pos="," wid="8">,</w>
  <w id="9" lemma="|he|" pos="PRP" wid="9">he</w>
  <w id="10" lemma="|do|" pos="VBZ" wid="10">does</w>
  <w id="11" lemma="|not|" pos="RB" wid="11">not</w>
  <w id="12" lemma="|identify|" pos="VB" wid="12">identify</w>
  <w id="13" lemma="|we|" pos="PRP" wid="13">us</w>
  <w id="14" lemma="|by|" pos="IN" wid="14">by</w>
  <w id="15" lemma="|the|" pos="DT" wid="15">the</w>
  <w id="16" lemma="|evil|" pos="NN" wid="16">evil</w>
  <w id="17" lemma="|we|" pos="PRP" wid="17">we</w>
  <w id="18" lemma="|have|" pos="VBP" wid="18">have</w>
  <w id="19" lemma="|commit|" pos="VBN" wid="19">committed</w>
  <w id="20" lemma="|.|" pos="." wid="20">.</w>
</sentence>
<sentence id="36">
  <w id="0" lemma="|we|" pos="PRP" wid="0">We</w>
  <w id="1" lemma="|have|" pos="VBP" wid="1">have</w>
  <w id="2" lemma="|a|" pos="DT" wid="2">a</w>
  <w id="3" lemma="|name|" pos="NN" wid="3">name</w>
  <w id="4" lemma="|,|" pos="," wid="4">,</w>
  <w id="5" lemma="|and|" pos="CC" wid="5">and</w>
  <w id="6" lemma="|God|" pos="NNP" wid="6">God</w>
  <w id="7" lemma="|do|" pos="VBZ" wid="7">does</w>
  <w id="8" lemma="|not|" pos="RB" wid="8">not</w>
  <w id="9" lemma="|identify|" pos="VB" wid="9">identify</w>
  <w id="10" lemma="|this|" pos="DT" wid="10">this</w>
  <w id="11" lemma="|name|" pos="NN" wid="11">name</w>
  <w id="12" lemma="|with|" pos="IN" wid="12">with</w>
  <w id="13" lemma="|the|" pos="DT" wid="13">the</w>
  <w id="14" lemma="|sin|" pos="NN" wid="14">sin</w>
  <w id="15" lemma="|we|" pos="PRP" wid="15">we</w>
  <w id="16" lemma="|have|" pos="VBP" wid="16">have</w>
  <w id="17" lemma="|commit|" pos="VBN" wid="17">committed</w>
  <w id="18" lemma="|.|" pos="." wid="18">.</w>
</sentence>
<sentence id="37">
  <w id="0" lemma="|he|" pos="PRP" wid="0">He</w>
  <w id="1" lemma="|want|" pos="VBZ" wid="1">wants</w>
  <w id="2" lemma="|to|" pos="TO" wid="2">to</w>
  <w id="3" lemma="|free|" pos="VB" wid="3">free</w>
  <w id="4" lemma="|we|" pos="PRP" wid="4">us</w>
  <w id="5" lemma="|,|" pos="," wid="5">,</w>
  <w id="6" lemma="|and|" pos="CC" wid="6">and</w>
  <w id="7" lemma="|want|" pos="VBZ" wid="7">wants</w>
  <w id="8" lemma="|that|" pos="IN" wid="8">that</w>
  <w id="9" lemma="|we|" pos="PRP" wid="9">we</w>
  <w id="10" lemma="|too|" pos="RB" wid="10">too</w>
  <w id="11" lemma="|want|" pos="VBP" wid="11">want</w>
  <w id="12" lemma="|it|" pos="PRP" wid="12">it</w>
  <w id="13" lemma="|together|" pos="RB" wid="13">together</w>
  <w id="14" lemma="|with|" pos="IN" wid="14">with</w>
  <w id="15" lemma="|he|" pos="PRP" wid="15">him</w>
  <w id="16" lemma="|.|" pos="." wid="16">.</w>
</sentence>
<sentence id="38">
  <w id="0" lemma="|he|" pos="PRP" wid="0">He</w>
  <w id="1" lemma="|want|" pos="VBZ" wid="1">wants</w>
  <w id="2" lemma="|we|" pos="PRP" wid="2">us</w>
  <w id="3" lemma="|to|" pos="TO" wid="3">to</w>
  <w id="4" lemma="|be|" pos="VB" wid="4">be</w>
  <w id="5" lemma="|free|" pos="JJ" wid="5">free</w>
  <w id="6" lemma="|to|" pos="TO" wid="6">to</w>
  <w id="7" lemma="|convert|" pos="VB" wid="7">convert</w>
  <w id="8" lemma="|from|" pos="IN" wid="8">from</w>
  <w id="9" lemma="|evil|" pos="NN" wid="9">evil</w>
  <w id="10" lemma="|to|" pos="TO" wid="10">to</w>
  <w id="11" lemma="|good|" pos="JJ" wid="11">good</w>
  <w id="12" lemma="|,|" pos="," wid="12">,</w>
  <w id="13" lemma="|and|" pos="CC" wid="13">and</w>
  <w id="14" lemma="|this|" pos="DT" wid="14">this</w>
  <w id="15" lemma="|be|" pos="VBZ" wid="15">is</w>
  <w id="16" lemma="|possible|" pos="JJ" wid="16">possible</w>
  <w id="17" lemma="|--|" pos=":" wid="17">--</w>
  <w id="18" lemma="|it|" pos="PRP" wid="18">it</w>
  <w id="19" lemma="|be|" pos="VBZ" wid="19">is</w>
  <w id="20" lemma="|possible|" pos="JJ" wid="20">possible</w>
  <w id="21" lemma="|!|" pos="." wid="21">!</w>
</sentence>
<sentence id="39">
  <w id="0" lemma="|--|" pos=":" wid="0">--</w>
  <w id="1" lemma="|with|" pos="IN" wid="1">with</w>
  <w id="2" lemma="|he|" pos="PRP$" wid="2">his</w>
  <w id="3" lemma="|grace|" pos="NN" wid="3">grace</w>
  <w id="4" lemma="|.|" pos="." wid="4">.</w>
</sentence>
<sentence id="40">
  <w id="0" lemma="|May|" pos="NNP" wid="0">May</w>
  <w id="1" lemma="|the|" pos="DT" wid="1">the</w>
  <w id="2" lemma="|Virgin|" pos="NNP" wid="2">Virgin</w>
  <w id="3" lemma="|Mary|" pos="NNP" wid="3">Mary</w>
  <w id="4" lemma="|help|" pos="VB" wid="4">help</w>
  <w id="5" lemma="|we|" pos="PRP" wid="5">us</w>
  <w id="6" lemma="|to|" pos="TO" wid="6">to</w>
  <w id="7" lemma="|entrust|" pos="VB" wid="7">entrust</w>
  <w id="8" lemma="|ourselves|" pos="PRP" wid="8">ourselves</w>
  <w id="9" lemma="|completely|" pos="RB" wid="9">completely</w>
  <w id="10" lemma="|to|" pos="TO" wid="10">to</w>
  <w id="11" lemma="|God|" pos="NNP" wid="11">God</w>
  <w id="12" lemma="|'s|" pos="POS" wid="12">'s</w>
  <w id="13" lemma="|mercy|" pos="NN" wid="13">mercy</w>
  <w id="14" lemma="|,|" pos="," wid="14">,</w>
  <w id="15" lemma="|in|" pos="IN" wid="15">in</w>
  <w id="16" lemma="|order|" pos="NN" wid="16">order</w>
  <w id="17" lemma="|to|" pos="TO" wid="17">to</w>
  <w id="18" lemma="|become|" pos="VB" wid="18">become</w>
  <w id="19" lemma="|new|" pos="JJ" wid="19">new</w>
  <w id="20" lemma="|creature|" pos="NNS" wid="20">creatures</w>
  <w id="21" lemma="|.|" pos="." wid="21">.</w>
</sentence>
<sentence id="41">
  <w id="0" lemma="|after|" pos="IN" wid="0">After</w>
  <w id="1" lemma="|the|" pos="DT" wid="1">the</w>
  <w id="2" lemma="|Angelus|" pos="NNP" wid="2">Angelus</w>
  <w id="3" lemma="|:|" pos=":" wid="3">:</w>
  <w id="4" lemma="|Dear|" pos="NNP" wid="4">Dear</w>
  <w id="5" lemma="|brother|" pos="NNS" wid="5">brothers</w>
  <w id="6" lemma="|and|" pos="CC" wid="6">and</w>
  <w id="7" lemma="|sister|" pos="NNS" wid="7">sisters</w>
  <w id="8" lemma="|,|" pos="," wid="8">,</w>
  <w id="9" lemma="|I|" pos="PRP" wid="9">I</w>
  <w id="10" lemma="|greet|" pos="VBP" wid="10">greet</w>
  <w id="11" lemma="|all|" pos="DT" wid="11">all</w>
  <w id="12" lemma="|of|" pos="IN" wid="12">of</w>
  <w id="13" lemma="|you|" pos="PRP" wid="13">you</w>
  <w id="14" lemma="|,|" pos="," wid="14">,</w>
  <w id="15" lemma="|from|" pos="IN" wid="15">from</w>
  <w id="16" lemma="|Rome|" pos="NNP" wid="16">Rome</w>
  <w id="17" lemma="|,|" pos="," wid="17">,</w>
  <w id="18" lemma="|from|" pos="IN" wid="18">from</w>
  <w id="19" lemma="|Italy|" pos="NNP" wid="19">Italy</w>
  <w id="20" lemma="|and|" pos="CC" wid="20">and</w>
  <w id="21" lemma="|from|" pos="IN" wid="21">from</w>
  <w id="22" lemma="|various|" pos="JJ" wid="22">various</w>
  <w id="23" lemma="|country|" pos="NNS" wid="23">countries</w>
  <w id="24" lemma="|,|" pos="," wid="24">,</w>
  <w id="25" lemma="|in|" pos="IN" wid="25">in</w>
  <w id="26" lemma="|particular|" pos="JJ" wid="26">particular</w>
  <w id="27" lemma="|pilgrim|" pos="NNS" wid="27">pilgrims</w>
  <w id="28" lemma="|from|" pos="IN" wid="28">from</w>
  <w id="29" lemma="|Seville|" pos="NNP" wid="29">Seville</w>
  <w id="30" lemma="|-lsb-|" pos="-LRB-" wid="30">-LSB-</w>
  <w id="31" lemma="|Spain|" pos="NNP" wid="31">Spain</w>
  <w id="32" lemma="|-rsb-|" pos="-RRB-" wid="32">-RSB-</w>
  <w id="33" lemma="|,|" pos="," wid="33">,</w>
  <w id="34" lemma="|Freiburg|" pos="NNP" wid="34">Freiburg</w>
  <w id="35" lemma="|,|" pos="," wid="35">,</w>
  <w id="36" lemma="|Germany|" pos="NNP" wid="36">Germany</w>
  <w id="37" lemma="|,|" pos="," wid="37">,</w>
  <w id="38" lemma="|Innsbruck|" pos="NNP" wid="38">Innsbruck</w>
  <w id="39" lemma="|-lsb-|" pos="-LRB-" wid="39">-LSB-</w>
  <w id="40" lemma="|Austria|" pos="NNP" wid="40">Austria</w>
  <w id="41" lemma="|-rsb-|" pos="-RRB-" wid="41">-RSB-</w>
  <w id="42" lemma="|and|" pos="CC" wid="42">and</w>
  <w id="43" lemma="|Ontario|" pos="NNP" wid="43">Ontario</w>
  <w id="44" lemma="|,|" pos="," wid="44">,</w>
  <w id="45" lemma="|Canada|" pos="NNP" wid="45">Canada</w>
  <w id="46" lemma="|.|" pos="." wid="46">.</w>
</sentence>
<sentence id="42">
  <w id="0" lemma="|now|" pos="RB" wid="0">Now</w>
  <w id="1" lemma="|I|" pos="PRP" wid="1">I</w>
  <w id="2" lemma="|would|" pos="MD" wid="2">would</w>
  <w id="3" lemma="|like|" pos="VB" wid="3">like</w>
  <w id="4" lemma="|to|" pos="TO" wid="4">to</w>
  <w id="5" lemma="|renew|" pos="VB" wid="5">renew</w>
  <w id="6" lemma="|the|" pos="DT" wid="6">the</w>
  <w id="7" lemma="|gesture|" pos="NN" wid="7">gesture</w>
  <w id="8" lemma="|of|" pos="IN" wid="8">of</w>
  <w id="9" lemma="|give|" pos="VBG" wid="9">giving</w>
  <w id="10" lemma="|you|" pos="PRP" wid="10">you</w>
  <w id="11" lemma="|a|" pos="DT" wid="11">a</w>
  <w id="12" lemma="|pocket-sized|" pos="JJ" wid="12">pocket-sized</w>
  <w id="13" lemma="|Gospel|" pos="NNP" wid="13">Gospel</w>
  <w id="14" lemma="|.|" pos="." wid="14">.</w>
</sentence>
<sentence id="43">
  <w id="0" lemma="|it|" pos="PRP" wid="0">It</w>
  <w id="1" lemma="|incorporate|" pos="VBZ" wid="1">incorporates</w>
  <w id="2" lemma="|the|" pos="DT" wid="2">the</w>
  <w id="3" lemma="|Gospel|" pos="NNP" wid="3">Gospel</w>
  <w id="4" lemma="|of|" pos="IN" wid="4">of</w>
  <w id="5" lemma="|Luke|" pos="NNP" wid="5">Luke</w>
  <w id="6" lemma="|,|" pos="," wid="6">,</w>
  <w id="7" lemma="|which|" pos="WDT" wid="7">which</w>
  <w id="8" lemma="|we|" pos="PRP" wid="8">we</w>
  <w id="9" lemma="|be|" pos="VBP" wid="9">are</w>
  <w id="10" lemma="|read|" pos="VBG" wid="10">reading</w>
  <w id="11" lemma="|on|" pos="IN" wid="11">on</w>
  <w id="12" lemma="|the|" pos="DT" wid="12">the</w>
  <w id="13" lemma="|sunday|" pos="NNS" wid="13">Sundays</w>
  <w id="14" lemma="|of|" pos="IN" wid="14">of</w>
  <w id="15" lemma="|this|" pos="DT" wid="15">this</w>
  <w id="16" lemma="|liturgical|" pos="JJ" wid="16">liturgical</w>
  <w id="17" lemma="|year|" pos="NN" wid="17">year</w>
  <w id="18" lemma="|.|" pos="." wid="18">.</w>
</sentence>
<sentence id="44">
  <w id="0" lemma="|the|" pos="DT" wid="0">The</w>
  <w id="1" lemma="|booklet|" pos="NN" wid="1">booklet</w>
  <w id="2" lemma="|be|" pos="VBZ" wid="2">is</w>
  <w id="3" lemma="|entitle|" pos="VBN" wid="3">entitled</w>
  <w id="4" lemma="|:|" pos=":" wid="4">:</w>
  <w id="5" lemma="|``|" pos="``" wid="5">``</w>
  <w id="6" lemma="|St|" pos="NNP" wid="6">St</w>
  <w id="7" lemma="|Luke|" pos="NNP" wid="7">Luke</w>
  <w id="8" lemma="|'s|" pos="POS" wid="8">'s</w>
  <w id="9" lemma="|gospel|" pos="NN" wid="9">Gospel</w>
  <w id="10" lemma="|of|" pos="IN" wid="10">of</w>
  <w id="11" lemma="|mercy|" pos="NN" wid="11">Mercy</w>
  <w id="12" lemma="|''|" pos="''" wid="12">''</w>
  <w id="13" lemma="|;|" pos=":" wid="13">;</w>
  <w id="14" lemma="|indeed|" pos="RB" wid="14">indeed</w>
  <w id="15" lemma="|,|" pos="," wid="15">,</w>
  <w id="16" lemma="|the|" pos="DT" wid="16">the</w>
  <w id="17" lemma="|Evangelist|" pos="NNP" wid="17">Evangelist</w>
  <w id="18" lemma="|recall|" pos="VBZ" wid="18">recalls</w>
  <w id="19" lemma="|the|" pos="DT" wid="19">the</w>
  <w id="20" lemma="|word|" pos="NNS" wid="20">words</w>
  <w id="21" lemma="|of|" pos="IN" wid="21">of</w>
  <w id="22" lemma="|Jesus|" pos="NNP" wid="22">Jesus</w>
  <w id="23" lemma="|:|" pos=":" wid="23">:</w>
  <w id="24" lemma="|``|" pos="``" wid="24">``</w>
  <w id="25" lemma="|be|" pos="VB" wid="25">Be</w>
  <w id="26" lemma="|merciful|" pos="JJ" wid="26">merciful</w>
  <w id="27" lemma="|,|" pos="," wid="27">,</w>
  <w id="28" lemma="|even|" pos="RB" wid="28">even</w>
  <w id="29" lemma="|as|" pos="IN" wid="29">as</w>
  <w id="30" lemma="|you|" pos="PRP$" wid="30">your</w>
  <w id="31" lemma="|Father|" pos="NNP" wid="31">Father</w>
  <w id="32" lemma="|be|" pos="VBZ" wid="32">is</w>
  <w id="33" lemma="|merciful|" pos="JJ" wid="33">merciful</w>
  <w id="34" lemma="|''|" pos="''" wid="34">''</w>
  <w id="35" lemma="|-lrb-|" pos="-LRB-" wid="35">-LRB-</w>
  <w id="36" lemma="|6:36|" pos="CD" wid="36">6:36</w>
  <w id="37" lemma="|-rrb-|" pos="-RRB-" wid="37">-RRB-</w>
  <w id="38" lemma="|,|" pos="," wid="38">,</w>
  <w id="39" lemma="|from|" pos="IN" wid="39">from</w>
  <w id="40" lemma="|which|" pos="WDT" wid="40">which</w>
  <w id="41" lemma="|the|" pos="DT" wid="41">the</w>
  <w id="42" lemma="|theme|" pos="NN" wid="42">theme</w>
  <w id="43" lemma="|of|" pos="IN" wid="43">of</w>
  <w id="44" lemma="|this|" pos="DT" wid="44">this</w>
  <w id="45" lemma="|Jubilee|" pos="NNP" wid="45">Jubilee</w>
  <w id="46" lemma="|Year|" pos="NNP" wid="46">Year</w>
  <w id="47" lemma="|be|" pos="VBZ" wid="47">is</w>
  <w id="48" lemma="|draw|" pos="VBN" wid="48">drawn</w>
  <w id="49" lemma="|.|" pos="." wid="49">.</w>
</sentence>
<sentence id="45">
  <w id="0" lemma="|it|" pos="PRP" wid="0">It</w>
  <w id="1" lemma="|will|" pos="MD" wid="1">will</w>
  <w id="2" lemma="|be|" pos="VB" wid="2">be</w>
  <w id="3" lemma="|distribute|" pos="VBN" wid="3">distributed</w>
  <w id="4" lemma="|free|" pos="JJ" wid="4">free</w>
  <w id="5" lemma="|of|" pos="IN" wid="5">of</w>
  <w id="6" lemma="|charge|" pos="NN" wid="6">charge</w>
  <w id="7" lemma="|by|" pos="IN" wid="7">by</w>
  <w id="8" lemma="|volunteer|" pos="NNS" wid="8">volunteers</w>
  <w id="9" lemma="|of|" pos="IN" wid="9">of</w>
  <w id="10" lemma="|the|" pos="DT" wid="10">the</w>
  <w id="11" lemma="|Santa|" pos="NNP" wid="11">Santa</w>
  <w id="12" lemma="|Marta|" pos="NNP" wid="12">Marta</w>
  <w id="13" lemma="|Paediatric|" pos="NNP" wid="13">Paediatric</w>
  <w id="14" lemma="|Dispensary|" pos="NNP" wid="14">Dispensary</w>
  <w id="15" lemma="|in|" pos="IN" wid="15">in</w>
  <w id="16" lemma="|the|" pos="DT" wid="16">the</w>
  <w id="17" lemma="|Vatican|" pos="NNP" wid="17">Vatican</w>
  <w id="18" lemma="|,|" pos="," wid="18">,</w>
  <w id="19" lemma="|and|" pos="CC" wid="19">and</w>
  <w id="20" lemma="|by|" pos="IN" wid="20">by</w>
  <w id="21" lemma="|some|" pos="DT" wid="21">some</w>
  <w id="22" lemma="|of|" pos="IN" wid="22">of</w>
  <w id="23" lemma="|the|" pos="DT" wid="23">the</w>
  <w id="24" lemma="|elderly|" pos="JJ" wid="24">elderly</w>
  <w id="25" lemma="|and|" pos="CC" wid="25">and</w>
  <w id="26" lemma="|grandparent|" pos="NNS" wid="26">grandparents</w>
  <w id="27" lemma="|from|" pos="IN" wid="27">from</w>
  <w id="28" lemma="|Rome|" pos="NNP" wid="28">Rome</w>
  <w id="29" lemma="|.|" pos="." wid="29">.</w>
</sentence>
<sentence id="46">
  <w id="0" lemma="|how|" pos="WRB" wid="0">How</w>
  <w id="1" lemma="|deserving|" pos="JJ" wid="1">deserving</w>
  <w id="2" lemma="|be|" pos="VBP" wid="2">are</w>
  <w id="3" lemma="|the|" pos="DT" wid="3">the</w>
  <w id="4" lemma="|grandfather|" pos="NNS" wid="4">grandfathers</w>
  <w id="5" lemma="|and|" pos="CC" wid="5">and</w>
  <w id="6" lemma="|grandmother|" pos="NNS" wid="6">grandmothers</w>
  <w id="7" lemma="|who|" pos="WP" wid="7">who</w>
  <w id="8" lemma="|pass|" pos="VBP" wid="8">pass</w>
  <w id="9" lemma="|the|" pos="DT" wid="9">the</w>
  <w id="10" lemma="|faith|" pos="NN" wid="10">faith</w>
  <w id="11" lemma="|on|" pos="IN" wid="11">on</w>
  <w id="12" lemma="|to|" pos="TO" wid="12">to</w>
  <w id="13" lemma="|they|" pos="PRP$" wid="13">their</w>
  <w id="14" lemma="|grandchild|" pos="NNS" wid="14">grandchildren</w>
  <w id="15" lemma="|!|" pos="." wid="15">!</w>
</sentence>
<sentence id="47">
  <w id="0" lemma="|I|" pos="PRP" wid="0">I</w>
  <w id="1" lemma="|encourage|" pos="VBP" wid="1">encourage</w>
  <w id="2" lemma="|you|" pos="PRP" wid="2">you</w>
  <w id="3" lemma="|to|" pos="TO" wid="3">to</w>
  <w id="4" lemma="|take|" pos="VB" wid="4">take</w>
  <w id="5" lemma="|up|" pos="RP" wid="5">up</w>
  <w id="6" lemma="|this|" pos="DT" wid="6">this</w>
  <w id="7" lemma="|gospel|" pos="NN" wid="7">Gospel</w>
  <w id="8" lemma="|and|" pos="CC" wid="8">and</w>
  <w id="9" lemma="|read|" pos="VB" wid="9">read</w>
  <w id="10" lemma="|it|" pos="PRP" wid="10">it</w>
  <w id="11" lemma="|,|" pos="," wid="11">,</w>
  <w id="12" lemma="|a|" pos="DT" wid="12">a</w>
  <w id="13" lemma="|passage|" pos="NN" wid="13">passage</w>
  <w id="14" lemma="|every|" pos="DT" wid="14">every</w>
  <w id="15" lemma="|day|" pos="NN" wid="15">day</w>
  <w id="16" lemma="|;|" pos=":" wid="16">;</w>
  <w id="17" lemma="|thus|" pos="RB" wid="17">thus</w>
  <w id="18" lemma="|the|" pos="DT" wid="18">the</w>
  <w id="19" lemma="|Father|" pos="NNP" wid="19">Father</w>
  <w id="20" lemma="|'s|" pos="POS" wid="20">'s</w>
  <w id="21" lemma="|mercy|" pos="NN" wid="21">mercy</w>
  <w id="22" lemma="|will|" pos="MD" wid="22">will</w>
  <w id="23" lemma="|dwell|" pos="VB" wid="23">dwell</w>
  <w id="24" lemma="|in|" pos="IN" wid="24">in</w>
  <w id="25" lemma="|you|" pos="PRP$" wid="25">your</w>
  <w id="26" lemma="|heart|" pos="NN" wid="26">heart</w>
  <w id="27" lemma="|and|" pos="CC" wid="27">and</w>
  <w id="28" lemma="|you|" pos="PRP" wid="28">you</w>
  <w id="29" lemma="|will|" pos="MD" wid="29">will</w>
  <w id="30" lemma="|be|" pos="VB" wid="30">be</w>
  <w id="31" lemma="|able|" pos="JJ" wid="31">able</w>
  <w id="32" lemma="|to|" pos="TO" wid="32">to</w>
  <w id="33" lemma="|offer|" pos="VB" wid="33">offer</w>
  <w id="34" lemma="|it|" pos="PRP" wid="34">it</w>
  <w id="35" lemma="|to|" pos="TO" wid="35">to</w>
  <w id="36" lemma="|those|" pos="DT" wid="36">those</w>
  <w id="37" lemma="|whom|" pos="WP" wid="37">whom</w>
  <w id="38" lemma="|you|" pos="PRP" wid="38">you</w>
  <w id="39" lemma="|meet|" pos="VBP" wid="39">meet</w>
  <w id="40" lemma="|.|" pos="." wid="40">.</w>
</sentence>
<sentence id="48">
  <w id="0" lemma="|at|" pos="IN" wid="0">At</w>
  <w id="1" lemma="|the|" pos="DT" wid="1">the</w>
  <w id="2" lemma="|end|" pos="NN" wid="2">end</w>
  <w id="3" lemma="|,|" pos="," wid="3">,</w>
  <w id="4" lemma="|on|" pos="IN" wid="4">on</w>
  <w id="5" lemma="|page|" pos="NN" wid="5">page</w>
  <w id="6" lemma="|123|" pos="CD" wid="6">123</w>
  <w id="7" lemma="|,|" pos="," wid="7">,</w>
  <w id="8" lemma="|there|" pos="EX" wid="8">there</w>
  <w id="9" lemma="|be|" pos="VBP" wid="9">are</w>
  <w id="10" lemma="|the|" pos="DT" wid="10">the</w>
  <w id="11" lemma="|seven|" pos="CD" wid="11">seven</w>
  <w id="12" lemma="|corporal|" pos="JJ" wid="12">corporal</w>
  <w id="13" lemma="|work|" pos="NNS" wid="13">works</w>
  <w id="14" lemma="|of|" pos="IN" wid="14">of</w>
  <w id="15" lemma="|mercy|" pos="NN" wid="15">mercy</w>
  <w id="16" lemma="|and|" pos="CC" wid="16">and</w>
  <w id="17" lemma="|the|" pos="DT" wid="17">the</w>
  <w id="18" lemma="|seven|" pos="CD" wid="18">seven</w>
  <w id="19" lemma="|spiritual|" pos="JJ" wid="19">spiritual</w>
  <w id="20" lemma="|work|" pos="NNS" wid="20">works</w>
  <w id="21" lemma="|of|" pos="IN" wid="21">of</w>
  <w id="22" lemma="|mercy|" pos="NN" wid="22">mercy</w>
  <w id="23" lemma="|.|" pos="." wid="23">.</w>
</sentence>
<sentence id="49">
  <w id="0" lemma="|it|" pos="PRP" wid="0">It</w>
  <w id="1" lemma="|would|" pos="MD" wid="1">would</w>
  <w id="2" lemma="|be|" pos="VB" wid="2">be</w>
  <w id="3" lemma="|beautiful|" pos="JJ" wid="3">beautiful</w>
  <w id="4" lemma="|if|" pos="IN" wid="4">if</w>
  <w id="5" lemma="|you|" pos="PRP" wid="5">you</w>
  <w id="6" lemma="|could|" pos="MD" wid="6">could</w>
  <w id="7" lemma="|memorize|" pos="VB" wid="7">memorize</w>
  <w id="8" lemma="|they|" pos="PRP" wid="8">them</w>
  <w id="9" lemma="|,|" pos="," wid="9">,</w>
  <w id="10" lemma="|so|" pos="IN" wid="10">so</w>
  <w id="11" lemma="|it|" pos="PRP" wid="11">it</w>
  <w id="12" lemma="|be|" pos="VBZ" wid="12">is</w>
  <w id="13" lemma="|easier|" pos="JJR" wid="13">easier</w>
  <w id="14" lemma="|to|" pos="TO" wid="14">to</w>
  <w id="15" lemma="|do|" pos="VB" wid="15">do</w>
  <w id="16" lemma="|they|" pos="PRP" wid="16">them</w>
  <w id="17" lemma="|!|" pos="." wid="17">!</w>
</sentence>
<sentence id="50">
  <w id="0" lemma="|I|" pos="PRP" wid="0">I</w>
  <w id="1" lemma="|encourage|" pos="VBP" wid="1">encourage</w>
  <w id="2" lemma="|you|" pos="PRP" wid="2">you</w>
  <w id="3" lemma="|to|" pos="TO" wid="3">to</w>
  <w id="4" lemma="|take|" pos="VB" wid="4">take</w>
  <w id="5" lemma="|up|" pos="RP" wid="5">up</w>
  <w id="6" lemma="|this|" pos="DT" wid="6">this</w>
  <w id="7" lemma="|Gospel|" pos="NNP" wid="7">Gospel</w>
  <w id="8" lemma="|,|" pos="," wid="8">,</w>
  <w id="9" lemma="|so|" pos="IN" wid="9">so</w>
  <w id="10" lemma="|that|" pos="IN" wid="10">that</w>
  <w id="11" lemma="|the|" pos="DT" wid="11">the</w>
  <w id="12" lemma="|Father|" pos="NNP" wid="12">Father</w>
  <w id="13" lemma="|'s|" pos="POS" wid="13">'s</w>
  <w id="14" lemma="|mercy|" pos="NN" wid="14">mercy</w>
  <w id="15" lemma="|may|" pos="MD" wid="15">may</w>
  <w id="16" lemma="|work|" pos="VB" wid="16">work</w>
  <w id="17" lemma="|within|" pos="IN" wid="17">within</w>
  <w id="18" lemma="|you|" pos="PRP" wid="18">you</w>
  <w id="19" lemma="|.|" pos="." wid="19">.</w>
</sentence>
<sentence id="51">
  <w id="0" lemma="|and|" pos="CC" wid="0">And</w>
  <w id="1" lemma="|you|" pos="PRP" wid="1">you</w>
  <w id="2" lemma="|volunteer|" pos="NNS" wid="2">volunteers</w>
  <w id="3" lemma="|,|" pos="," wid="3">,</w>
  <w id="4" lemma="|grandfather|" pos="NNS" wid="4">grandfathers</w>
  <w id="5" lemma="|and|" pos="CC" wid="5">and</w>
  <w id="6" lemma="|grandmother|" pos="NNS" wid="6">grandmothers</w>
  <w id="7" lemma="|who|" pos="WP" wid="7">who</w>
  <w id="8" lemma="|be|" pos="VBP" wid="8">are</w>
  <w id="9" lemma="|distribute|" pos="VBG" wid="9">distributing</w>
  <w id="10" lemma="|the|" pos="DT" wid="10">the</w>
  <w id="11" lemma="|Gospel|" pos="NNP" wid="11">Gospel</w>
  <w id="12" lemma="|,|" pos="," wid="12">,</w>
  <w id="13" lemma="|be|" pos="VB" wid="13">be</w>
  <w id="14" lemma="|sure|" pos="JJ" wid="14">sure</w>
  <w id="15" lemma="|that|" pos="IN" wid="15">that</w>
  <w id="16" lemma="|the|" pos="DT" wid="16">the</w>
  <w id="17" lemma="|people|" pos="NNS" wid="17">people</w>
  <w id="18" lemma="|who|" pos="WP" wid="18">who</w>
  <w id="19" lemma="|be|" pos="VBP" wid="19">are</w>
  <w id="20" lemma="|in|" pos="IN" wid="20">in</w>
  <w id="21" lemma="|Pius|" pos="NNP" wid="21">Pius</w>
  <w id="22" lemma="|xii|" pos="NNP" wid="22">xii</w>
  <w id="23" lemma="|Square|" pos="NNP" wid="23">Square</w>
  <w id="24" lemma="|--|" pos=":" wid="24">--</w>
  <w id="25" lemma="|you|" pos="PRP" wid="25">you</w>
  <w id="26" lemma="|see|" pos="VBP" wid="26">see</w>
  <w id="27" lemma="|they|" pos="PRP" wid="27">they</w>
  <w id="28" lemma="|could|" pos="MD" wid="28">could</w>
  <w id="29" lemma="|not|" pos="RB" wid="29">not</w>
  <w id="30" lemma="|enter|" pos="VB" wid="30">enter</w>
  <w id="31" lemma="|--|" pos=":" wid="31">--</w>
  <w id="32" lemma="|that|" pos="IN" wid="32">that</w>
  <w id="33" lemma="|they|" pos="PRP" wid="33">they</w>
  <w id="34" lemma="|too|" pos="RB" wid="34">too</w>
  <w id="35" lemma="|receive|" pos="VBP" wid="35">receive</w>
  <w id="36" lemma="|this|" pos="DT" wid="36">this</w>
  <w id="37" lemma="|gospel|" pos="NN" wid="37">Gospel</w>
  <w id="38" lemma="|.|" pos="." wid="38">.</w>
</sentence>
<sentence id="52">
  <w id="0" lemma="|I|" pos="PRP" wid="0">I</w>
  <w id="1" lemma="|wish|" pos="VBP" wid="1">wish</w>
  <w id="2" lemma="|everyone|" pos="NN" wid="2">everyone</w>
  <w id="3" lemma="|a|" pos="DT" wid="3">a</w>
  <w id="4" lemma="|happy|" pos="JJ" wid="4">happy</w>
  <w id="5" lemma="|Sunday|" pos="NNP" wid="5">Sunday</w>
  <w id="6" lemma="|.|" pos="." wid="6">.</w>
</sentence>
<sentence id="53">
  <w id="0" lemma="|please|" pos="VB" wid="0">Please</w>
  <w id="1" lemma="|,|" pos="," wid="1">,</w>
  <w id="2" lemma="|do|" pos="VBP" wid="2">do</w>
  <w id="3" lemma="|not|" pos="RB" wid="3">not</w>
  <w id="4" lemma="|forget|" pos="VB" wid="4">forget</w>
  <w id="5" lemma="|to|" pos="TO" wid="5">to</w>
  <w id="6" lemma="|pray|" pos="VB" wid="6">pray</w>
  <w id="7" lemma="|for|" pos="IN" wid="7">for</w>
  <w id="8" lemma="|I|" pos="PRP" wid="8">me</w>
  <w id="9" lemma="|.|" pos="." wid="9">.</w>
</sentence>
<sentence id="54">
  <w id="0" lemma="|enjoy|" pos="VB" wid="0">Enjoy</w>
  <w id="1" lemma="|you|" pos="PRP$" wid="1">your</w>
  <w id="2" lemma="|lunch|" pos="NN" wid="2">lunch</w>
  <w id="3" lemma="|.|" pos="." wid="3">.</w>
</sentence>
<sentence id="55">
  <w id="0" lemma="|Arrivederci|" pos="NNP" wid="0">Arrivederci</w>
  <w id="1" lemma="|!|" pos="." wid="1">!</w>
</sentence>
</corpus>