<corpus id="0">
<sentence id="0">
  <w id="0" lemma="|Dear|" pos="NNP" wid="0">Dear</w>
  <w id="1" lemma="|Brothers|" pos="NNPS" wid="1">Brothers</w>
  <w id="2" lemma="|and|" pos="CC" wid="2">and</w>
  <w id="3" lemma="|sister|" pos="NNS" wid="3">Sisters</w>
  <w id="4" lemma="|,|" pos="," wid="4">,</w>
  <w id="5" lemma="|good|" pos="JJ" wid="5">Good</w>
  <w id="6" lemma="|morning|" pos="NN" wid="6">morning</w>
  <w id="7" lemma="|!|" pos="." wid="7">!</w>
</sentence>
<sentence id="1">
  <w id="0" lemma="|you|" pos="PRP" wid="0">You</w>
  <w id="1" lemma="|be|" pos="VBD" wid="1">were</w>
  <w id="2" lemma="|very|" pos="RB" wid="2">very</w>
  <w id="3" lemma="|courageous|" pos="JJ" wid="3">courageous</w>
  <w id="4" lemma="|to|" pos="TO" wid="4">to</w>
  <w id="5" lemma="|come|" pos="VB" wid="5">come</w>
  <w id="6" lemma="|out|" pos="RP" wid="6">out</w>
  <w id="7" lemma="|today|" pos="NN" wid="7">today</w>
  <w id="8" lemma="|in|" pos="IN" wid="8">in</w>
  <w id="9" lemma="|this|" pos="DT" wid="9">this</w>
  <w id="10" lemma="|bad|" pos="JJ" wid="10">bad</w>
  <w id="11" lemma="|weather|" pos="NN" wid="11">weather</w>
  <w id="12" lemma="|:|" pos=":" wid="12">:</w>
  <w id="13" lemma="|my|" pos="PRP$" wid="13">my</w>
  <w id="14" lemma="|compliment|" pos="NNS" wid="14">compliments</w>
  <w id="15" lemma="|!|" pos="." wid="15">!</w>
</sentence>
<sentence id="2">
  <w id="0" lemma="|``|" pos="``" wid="0">``</w>
  <w id="1" lemma="|I|" pos="PRP" wid="1">I</w>
  <w id="2" lemma="|believe|" pos="VBP" wid="2">believe</w>
  <w id="3" lemma="|in|" pos="IN" wid="3">in</w>
  <w id="4" lemma="|one|" pos="CD" wid="4">one</w>
  <w id="5" lemma="|,|" pos="," wid="5">,</w>
  <w id="6" lemma="|holy|" pos="JJ" wid="6">holy</w>
  <w id="7" lemma="|,|" pos="," wid="7">,</w>
  <w id="8" lemma="|catholic|" pos="JJ" wid="8">catholic</w>
  <w id="9" lemma="|...|" pos=":" wid="9">...</w>
  <w id="10" lemma="|Church|" pos="NNP" wid="10">Church</w>
  <w id="11" lemma="|''|" pos="''" wid="11">''</w>
  <w id="12" lemma="|.|" pos="." wid="12">.</w>
</sentence>
<sentence id="3">
  <w id="0" lemma="|today|" pos="NN" wid="0">Today</w>
  <w id="1" lemma="|we|" pos="PRP" wid="1">we</w>
  <w id="2" lemma="|pause|" pos="VBP" wid="2">pause</w>
  <w id="3" lemma="|to|" pos="TO" wid="3">to</w>
  <w id="4" lemma="|reflect|" pos="VB" wid="4">reflect</w>
  <w id="5" lemma="|on|" pos="IN" wid="5">on</w>
  <w id="6" lemma="|this|" pos="DT" wid="6">this</w>
  <w id="7" lemma="|mark|" pos="NN" wid="7">mark</w>
  <w id="8" lemma="|of|" pos="IN" wid="8">of</w>
  <w id="9" lemma="|the|" pos="DT" wid="9">the</w>
  <w id="10" lemma="|church|" pos="NN" wid="10">Church</w>
  <w id="11" lemma="|:|" pos=":" wid="11">:</w>
  <w id="12" lemma="|we|" pos="PRP" wid="12">we</w>
  <w id="13" lemma="|say|" pos="VBP" wid="13">say</w>
  <w id="14" lemma="|she|" pos="PRP" wid="14">she</w>
  <w id="15" lemma="|be|" pos="VBZ" wid="15">is</w>
  <w id="16" lemma="|catholic|" pos="JJ" wid="16">catholic</w>
  <w id="17" lemma="|,|" pos="," wid="17">,</w>
  <w id="18" lemma="|it|" pos="PRP" wid="18">it</w>
  <w id="19" lemma="|be|" pos="VBZ" wid="19">is</w>
  <w id="20" lemma="|the|" pos="DT" wid="20">the</w>
  <w id="21" lemma="|year|" pos="NN" wid="21">Year</w>
  <w id="22" lemma="|of|" pos="IN" wid="22">of</w>
  <w id="23" lemma="|catholicity|" pos="NN" wid="23">Catholicity</w>
  <w id="24" lemma="|.|" pos="." wid="24">.</w>
</sentence>
<sentence id="4">
  <w id="0" lemma="|first|" pos="RB" wid="0">First</w>
  <w id="1" lemma="|of|" pos="IN" wid="1">of</w>
  <w id="2" lemma="|all|" pos="DT" wid="2">all</w>
  <w id="3" lemma="|:|" pos=":" wid="3">:</w>
  <w id="4" lemma="|what|" pos="WP" wid="4">what</w>
  <w id="5" lemma="|do|" pos="VBZ" wid="5">does</w>
  <w id="6" lemma="|catholic|" pos="JJ" wid="6">catholic</w>
  <w id="7" lemma="|mean|" pos="VB" wid="7">mean</w>
  <w id="8" lemma="|?|" pos="." wid="8">?</w>
</sentence>
<sentence id="5">
  <w id="0" lemma="|it|" pos="PRP" wid="0">It</w>
  <w id="1" lemma="|come|" pos="VBZ" wid="1">comes</w>
  <w id="2" lemma="|from|" pos="IN" wid="2">from</w>
  <w id="3" lemma="|the|" pos="DT" wid="3">the</w>
  <w id="4" lemma="|greek|" pos="JJ" wid="4">Greek</w>
  <w id="5" lemma="|``|" pos="``" wid="5">``</w>
  <w id="6" lemma="|kath|" pos="NN" wid="6">kath</w>
  <w id="7" lemma="|'|" pos="''" wid="7">'</w>
  <w id="8" lemma="|olon|" pos="NN" wid="8">olon</w>
  <w id="9" lemma="|''|" pos="''" wid="9">''</w>
  <w id="10" lemma="|which|" pos="WDT" wid="10">which</w>
  <w id="11" lemma="|mean|" pos="VBZ" wid="11">means</w>
  <w id="12" lemma="|``|" pos="``" wid="12">``</w>
  <w id="13" lemma="|accord|" pos="VBG" wid="13">according</w>
  <w id="14" lemma="|to|" pos="TO" wid="14">to</w>
  <w id="15" lemma="|the|" pos="DT" wid="15">the</w>
  <w id="16" lemma="|whole|" pos="NN" wid="16">whole</w>
  <w id="17" lemma="|''|" pos="''" wid="17">''</w>
  <w id="18" lemma="|,|" pos="," wid="18">,</w>
  <w id="19" lemma="|the|" pos="DT" wid="19">the</w>
  <w id="20" lemma="|totality|" pos="NN" wid="20">totality</w>
  <w id="21" lemma="|.|" pos="." wid="21">.</w>
</sentence>
<sentence id="6">
  <w id="0" lemma="|in|" pos="IN" wid="0">In</w>
  <w id="1" lemma="|what|" pos="WDT" wid="1">what</w>
  <w id="2" lemma="|sense|" pos="NN" wid="2">sense</w>
  <w id="3" lemma="|do|" pos="VBZ" wid="3">does</w>
  <w id="4" lemma="|this|" pos="DT" wid="4">this</w>
  <w id="5" lemma="|totality|" pos="NN" wid="5">totality</w>
  <w id="6" lemma="|apply|" pos="VB" wid="6">apply</w>
  <w id="7" lemma="|to|" pos="TO" wid="7">to</w>
  <w id="8" lemma="|the|" pos="DT" wid="8">the</w>
  <w id="9" lemma="|Church|" pos="NNP" wid="9">Church</w>
  <w id="10" lemma="|?|" pos="." wid="10">?</w>
</sentence>
<sentence id="7">
  <w id="0" lemma="|in|" pos="IN" wid="0">In</w>
  <w id="1" lemma="|what|" pos="WDT" wid="1">what</w>
  <w id="2" lemma="|sense|" pos="NN" wid="2">sense</w>
  <w id="3" lemma="|do|" pos="VBP" wid="3">do</w>
  <w id="4" lemma="|we|" pos="PRP" wid="4">we</w>
  <w id="5" lemma="|say|" pos="VB" wid="5">say</w>
  <w id="6" lemma="|the|" pos="DT" wid="6">the</w>
  <w id="7" lemma="|Church|" pos="NNP" wid="7">Church</w>
  <w id="8" lemma="|be|" pos="VBZ" wid="8">is</w>
  <w id="9" lemma="|catholic|" pos="JJ" wid="9">catholic</w>
  <w id="10" lemma="|?|" pos="." wid="10">?</w>
</sentence>
<sentence id="8">
  <w id="0" lemma="|I|" pos="PRP" wid="0">I</w>
  <w id="1" lemma="|would|" pos="MD" wid="1">would</w>
  <w id="2" lemma="|say|" pos="VB" wid="2">say</w>
  <w id="3" lemma="|there|" pos="EX" wid="3">there</w>
  <w id="4" lemma="|be|" pos="VBP" wid="4">are</w>
  <w id="5" lemma="|three|" pos="CD" wid="5">three</w>
  <w id="6" lemma="|basic|" pos="JJ" wid="6">basic</w>
  <w id="7" lemma="|meaning|" pos="NNS" wid="7">meanings</w>
  <w id="8" lemma="|.|" pos="." wid="8">.</w>
</sentence>
<sentence id="9">
  <w id="0" lemma="|1|" pos="CD" wid="0">1</w>
  <w id="1" lemma="|.|" pos="." wid="1">.</w>
</sentence>
<sentence id="10">
  <w id="0" lemma="|the|" pos="DT" wid="0">The</w>
  <w id="1" lemma="|first|" pos="JJ" wid="1">first</w>
  <w id="2" lemma="|.|" pos="." wid="2">.</w>
</sentence>
<sentence id="11">
  <w id="0" lemma="|the|" pos="DT" wid="0">The</w>
  <w id="1" lemma="|Church|" pos="NNP" wid="1">Church</w>
  <w id="2" lemma="|be|" pos="VBZ" wid="2">is</w>
  <w id="3" lemma="|catholic|" pos="JJ" wid="3">catholic</w>
  <w id="4" lemma="|because|" pos="IN" wid="4">because</w>
  <w id="5" lemma="|she|" pos="PRP" wid="5">she</w>
  <w id="6" lemma="|be|" pos="VBZ" wid="6">is</w>
  <w id="7" lemma="|the|" pos="DT" wid="7">the</w>
  <w id="8" lemma="|space|" pos="NN" wid="8">space</w>
  <w id="9" lemma="|,|" pos="," wid="9">,</w>
  <w id="10" lemma="|the|" pos="DT" wid="10">the</w>
  <w id="11" lemma="|home|" pos="NN" wid="11">home</w>
  <w id="12" lemma="|in|" pos="IN" wid="12">in</w>
  <w id="13" lemma="|which|" pos="WDT" wid="13">which</w>
  <w id="14" lemma="|the|" pos="DT" wid="14">the</w>
  <w id="15" lemma="|faith|" pos="NN" wid="15">faith</w>
  <w id="16" lemma="|be|" pos="VBZ" wid="16">is</w>
  <w id="17" lemma="|proclaim|" pos="VBN" wid="17">proclaimed</w>
  <w id="18" lemma="|to|" pos="TO" wid="18">to</w>
  <w id="19" lemma="|we|" pos="PRP" wid="19">us</w>
  <w id="20" lemma="|in|" pos="IN" wid="20">in</w>
  <w id="21" lemma="|its|" pos="PRP$" wid="21">its</w>
  <w id="22" lemma="|entirety|" pos="NN" wid="22">entirety</w>
  <w id="23" lemma="|,|" pos="," wid="23">,</w>
  <w id="24" lemma="|in|" pos="IN" wid="24">in</w>
  <w id="25" lemma="|which|" pos="WDT" wid="25">which</w>
  <w id="26" lemma="|the|" pos="DT" wid="26">the</w>
  <w id="27" lemma="|salvation|" pos="NN" wid="27">salvation</w>
  <w id="28" lemma="|bring|" pos="VBN" wid="28">brought</w>
  <w id="29" lemma="|to|" pos="TO" wid="29">to</w>
  <w id="30" lemma="|we|" pos="PRP" wid="30">us</w>
  <w id="31" lemma="|by|" pos="IN" wid="31">by</w>
  <w id="32" lemma="|Christ|" pos="NNP" wid="32">Christ</w>
  <w id="33" lemma="|be|" pos="VBZ" wid="33">is</w>
  <w id="34" lemma="|offer|" pos="VBN" wid="34">offered</w>
  <w id="35" lemma="|to|" pos="TO" wid="35">to</w>
  <w id="36" lemma="|everyone|" pos="NN" wid="36">everyone</w>
  <w id="37" lemma="|.|" pos="." wid="37">.</w>
</sentence>
<sentence id="12">
  <w id="0" lemma="|the|" pos="DT" wid="0">The</w>
  <w id="1" lemma="|Church|" pos="NNP" wid="1">Church</w>
  <w id="2" lemma="|enable|" pos="VBZ" wid="2">enables</w>
  <w id="3" lemma="|we|" pos="PRP" wid="3">us</w>
  <w id="4" lemma="|to|" pos="TO" wid="4">to</w>
  <w id="5" lemma="|encounter|" pos="VB" wid="5">encounter</w>
  <w id="6" lemma="|the|" pos="DT" wid="6">the</w>
  <w id="7" lemma="|mercy|" pos="NN" wid="7">mercy</w>
  <w id="8" lemma="|of|" pos="IN" wid="8">of</w>
  <w id="9" lemma="|God|" pos="NNP" wid="9">God</w>
  <w id="10" lemma="|which|" pos="WDT" wid="10">which</w>
  <w id="11" lemma="|transform|" pos="VBZ" wid="11">transforms</w>
  <w id="12" lemma="|we|" pos="PRP" wid="12">us</w>
  <w id="13" lemma="|,|" pos="," wid="13">,</w>
  <w id="14" lemma="|for|" pos="IN" wid="14">for</w>
  <w id="15" lemma="|in|" pos="IN" wid="15">in</w>
  <w id="16" lemma="|she|" pos="PRP$" wid="16">her</w>
  <w id="17" lemma="|Jesus|" pos="NNP" wid="17">Jesus</w>
  <w id="18" lemma="|Christ|" pos="NNP" wid="18">Christ</w>
  <w id="19" lemma="|be|" pos="VBZ" wid="19">is</w>
  <w id="20" lemma="|present|" pos="JJ" wid="20">present</w>
  <w id="21" lemma="|who|" pos="WP" wid="21">who</w>
  <w id="22" lemma="|have|" pos="VBZ" wid="22">has</w>
  <w id="23" lemma="|give|" pos="VBN" wid="23">given</w>
  <w id="24" lemma="|she|" pos="PRP" wid="24">her</w>
  <w id="25" lemma="|the|" pos="DT" wid="25">the</w>
  <w id="26" lemma="|true|" pos="JJ" wid="26">true</w>
  <w id="27" lemma="|confession|" pos="NN" wid="27">confession</w>
  <w id="28" lemma="|of|" pos="IN" wid="28">of</w>
  <w id="29" lemma="|faith|" pos="NN" wid="29">faith</w>
  <w id="30" lemma="|,|" pos="," wid="30">,</w>
  <w id="31" lemma="|the|" pos="DT" wid="31">the</w>
  <w id="32" lemma="|fullness|" pos="NN" wid="32">fullness</w>
  <w id="33" lemma="|of|" pos="IN" wid="33">of</w>
  <w id="34" lemma="|the|" pos="DT" wid="34">the</w>
  <w id="35" lemma="|sacramental|" pos="JJ" wid="35">sacramental</w>
  <w id="36" lemma="|life|" pos="NN" wid="36">life</w>
  <w id="37" lemma="|and|" pos="CC" wid="37">and</w>
  <w id="38" lemma="|the|" pos="DT" wid="38">the</w>
  <w id="39" lemma="|authenticity|" pos="NN" wid="39">authenticity</w>
  <w id="40" lemma="|of|" pos="IN" wid="40">of</w>
  <w id="41" lemma="|the|" pos="DT" wid="41">the</w>
  <w id="42" lemma="|ordain|" pos="VBN" wid="42">ordained</w>
  <w id="43" lemma="|ministry|" pos="NN" wid="43">ministry</w>
  <w id="44" lemma="|.|" pos="." wid="44">.</w>
</sentence>
<sentence id="13">
  <w id="0" lemma="|in|" pos="IN" wid="0">In</w>
  <w id="1" lemma="|the|" pos="DT" wid="1">the</w>
  <w id="2" lemma="|Church|" pos="NNP" wid="2">Church</w>
  <w id="3" lemma="|each|" pos="DT" wid="3">each</w>
  <w id="4" lemma="|one|" pos="CD" wid="4">one</w>
  <w id="5" lemma="|of|" pos="IN" wid="5">of</w>
  <w id="6" lemma="|we|" pos="PRP" wid="6">us</w>
  <w id="7" lemma="|find|" pos="VBZ" wid="7">finds</w>
  <w id="8" lemma="|what|" pos="WP" wid="8">what</w>
  <w id="9" lemma="|be|" pos="VBZ" wid="9">is</w>
  <w id="10" lemma="|need|" pos="VBN" wid="10">needed</w>
  <w id="11" lemma="|to|" pos="TO" wid="11">to</w>
  <w id="12" lemma="|believe|" pos="VB" wid="12">believe</w>
  <w id="13" lemma="|,|" pos="," wid="13">,</w>
  <w id="14" lemma="|to|" pos="TO" wid="14">to</w>
  <w id="15" lemma="|live|" pos="VB" wid="15">live</w>
  <w id="16" lemma="|as|" pos="IN" wid="16">as</w>
  <w id="17" lemma="|christian|" pos="NNS" wid="17">Christians</w>
  <w id="18" lemma="|,|" pos="," wid="18">,</w>
  <w id="19" lemma="|to|" pos="TO" wid="19">to</w>
  <w id="20" lemma="|become|" pos="VB" wid="20">become</w>
  <w id="21" lemma="|holy|" pos="JJ" wid="21">holy</w>
  <w id="22" lemma="|and|" pos="CC" wid="22">and</w>
  <w id="23" lemma="|to|" pos="TO" wid="23">to</w>
  <w id="24" lemma="|journey|" pos="NN" wid="24">journey</w>
  <w id="25" lemma="|to|" pos="TO" wid="25">to</w>
  <w id="26" lemma="|every|" pos="DT" wid="26">every</w>
  <w id="27" lemma="|place|" pos="NN" wid="27">place</w>
  <w id="28" lemma="|and|" pos="CC" wid="28">and</w>
  <w id="29" lemma="|through|" pos="IN" wid="29">through</w>
  <w id="30" lemma="|every|" pos="DT" wid="30">every</w>
  <w id="31" lemma="|age|" pos="NN" wid="31">age</w>
  <w id="32" lemma="|.|" pos="." wid="32">.</w>
</sentence>
<sentence id="14">
  <w id="0" lemma="|to|" pos="TO" wid="0">To</w>
  <w id="1" lemma="|give|" pos="VB" wid="1">give</w>
  <w id="2" lemma="|a|" pos="DT" wid="2">an</w>
  <w id="3" lemma="|example|" pos="NN" wid="3">example</w>
  <w id="4" lemma="|,|" pos="," wid="4">,</w>
  <w id="5" lemma="|we|" pos="PRP" wid="5">we</w>
  <w id="6" lemma="|can|" pos="MD" wid="6">can</w>
  <w id="7" lemma="|say|" pos="VB" wid="7">say</w>
  <w id="8" lemma="|that|" pos="IN" wid="8">that</w>
  <w id="9" lemma="|it|" pos="PRP" wid="9">it</w>
  <w id="10" lemma="|be|" pos="VBZ" wid="10">is</w>
  <w id="11" lemma="|like|" pos="IN" wid="11">like</w>
  <w id="12" lemma="|family|" pos="NN" wid="12">family</w>
  <w id="13" lemma="|life|" pos="NN" wid="13">life</w>
  <w id="14" lemma="|.|" pos="." wid="14">.</w>
</sentence>
<sentence id="15">
  <w id="0" lemma="|in|" pos="IN" wid="0">In</w>
  <w id="1" lemma="|the|" pos="DT" wid="1">the</w>
  <w id="2" lemma="|family|" pos="NN" wid="2">family</w>
  <w id="3" lemma="|,|" pos="," wid="3">,</w>
  <w id="4" lemma="|everything|" pos="NN" wid="4">everything</w>
  <w id="5" lemma="|that|" pos="WDT" wid="5">that</w>
  <w id="6" lemma="|enable|" pos="VBZ" wid="6">enables</w>
  <w id="7" lemma="|we|" pos="PRP" wid="7">us</w>
  <w id="8" lemma="|to|" pos="TO" wid="8">to</w>
  <w id="9" lemma="|grow|" pos="VB" wid="9">grow</w>
  <w id="10" lemma="|,|" pos="," wid="10">,</w>
  <w id="11" lemma="|to|" pos="TO" wid="11">to</w>
  <w id="12" lemma="|mature|" pos="VB" wid="12">mature</w>
  <w id="13" lemma="|and|" pos="CC" wid="13">and</w>
  <w id="14" lemma="|to|" pos="TO" wid="14">to</w>
  <w id="15" lemma="|live|" pos="VB" wid="15">live</w>
  <w id="16" lemma="|be|" pos="VBZ" wid="16">is</w>
  <w id="17" lemma="|give|" pos="VBN" wid="17">given</w>
  <w id="18" lemma="|to|" pos="TO" wid="18">to</w>
  <w id="19" lemma="|each|" pos="DT" wid="19">each</w>
  <w id="20" lemma="|of|" pos="IN" wid="20">of</w>
  <w id="21" lemma="|we|" pos="PRP" wid="21">us</w>
  <w id="22" lemma="|.|" pos="." wid="22">.</w>
</sentence>
<sentence id="16">
  <w id="0" lemma="|we|" pos="PRP" wid="0">We</w>
  <w id="1" lemma="|can|" pos="MD" wid="1">can</w>
  <w id="2" lemma="|not|" pos="RB" wid="2">not</w>
  <w id="3" lemma="|grow|" pos="VB" wid="3">grow</w>
  <w id="4" lemma="|up|" pos="RP" wid="4">up</w>
  <w id="5" lemma="|by|" pos="IN" wid="5">by</w>
  <w id="6" lemma="|ourselves|" pos="PRP" wid="6">ourselves</w>
  <w id="7" lemma="|,|" pos="," wid="7">,</w>
  <w id="8" lemma="|we|" pos="PRP" wid="8">we</w>
  <w id="9" lemma="|can|" pos="MD" wid="9">can</w>
  <w id="10" lemma="|not|" pos="RB" wid="10">not</w>
  <w id="11" lemma="|journey|" pos="NN" wid="11">journey</w>
  <w id="12" lemma="|on|" pos="IN" wid="12">on</w>
  <w id="13" lemma="|we|" pos="PRP$" wid="13">our</w>
  <w id="14" lemma="|own|" pos="JJ" wid="14">own</w>
  <w id="15" lemma="|,|" pos="," wid="15">,</w>
  <w id="16" lemma="|in|" pos="IN" wid="16">in</w>
  <w id="17" lemma="|isolation|" pos="NN" wid="17">isolation</w>
  <w id="18" lemma="|;|" pos=":" wid="18">;</w>
  <w id="19" lemma="|rather|" pos="RB" wid="19">rather</w>
  <w id="20" lemma="|,|" pos="," wid="20">,</w>
  <w id="21" lemma="|we|" pos="PRP" wid="21">we</w>
  <w id="22" lemma="|journey|" pos="NN" wid="22">journey</w>
  <w id="23" lemma="|and|" pos="CC" wid="23">and</w>
  <w id="24" lemma="|grow|" pos="VB" wid="24">grow</w>
  <w id="25" lemma="|in|" pos="IN" wid="25">in</w>
  <w id="26" lemma="|a|" pos="DT" wid="26">a</w>
  <w id="27" lemma="|community|" pos="NN" wid="27">community</w>
  <w id="28" lemma="|,|" pos="," wid="28">,</w>
  <w id="29" lemma="|in|" pos="IN" wid="29">in</w>
  <w id="30" lemma="|a|" pos="DT" wid="30">a</w>
  <w id="31" lemma="|family|" pos="NN" wid="31">family</w>
  <w id="32" lemma="|.|" pos="." wid="32">.</w>
</sentence>
<sentence id="17">
  <w id="0" lemma="|and|" pos="CC" wid="0">And</w>
  <w id="1" lemma="|so|" pos="IN" wid="1">so</w>
  <w id="2" lemma="|it|" pos="PRP" wid="2">it</w>
  <w id="3" lemma="|be|" pos="VBZ" wid="3">is</w>
  <w id="4" lemma="|in|" pos="IN" wid="4">in</w>
  <w id="5" lemma="|the|" pos="DT" wid="5">the</w>
  <w id="6" lemma="|Church|" pos="NNP" wid="6">Church</w>
  <w id="7" lemma="|!|" pos="." wid="7">!</w>
</sentence>
<sentence id="18">
  <w id="0" lemma="|in|" pos="IN" wid="0">In</w>
  <w id="1" lemma="|the|" pos="DT" wid="1">the</w>
  <w id="2" lemma="|church|" pos="NN" wid="2">Church</w>
  <w id="3" lemma="|we|" pos="PRP" wid="3">we</w>
  <w id="4" lemma="|can|" pos="MD" wid="4">can</w>
  <w id="5" lemma="|listen|" pos="VB" wid="5">listen</w>
  <w id="6" lemma="|to|" pos="TO" wid="6">to</w>
  <w id="7" lemma="|the|" pos="DT" wid="7">the</w>
  <w id="8" lemma="|word|" pos="NN" wid="8">Word</w>
  <w id="9" lemma="|of|" pos="IN" wid="9">of</w>
  <w id="10" lemma="|God|" pos="NNP" wid="10">God</w>
  <w id="11" lemma="|with|" pos="IN" wid="11">with</w>
  <w id="12" lemma="|the|" pos="DT" wid="12">the</w>
  <w id="13" lemma="|assurance|" pos="NN" wid="13">assurance</w>
  <w id="14" lemma="|that|" pos="IN" wid="14">that</w>
  <w id="15" lemma="|it|" pos="PRP" wid="15">it</w>
  <w id="16" lemma="|be|" pos="VBZ" wid="16">is</w>
  <w id="17" lemma="|the|" pos="DT" wid="17">the</w>
  <w id="18" lemma="|message|" pos="NN" wid="18">message</w>
  <w id="19" lemma="|that|" pos="IN" wid="19">that</w>
  <w id="20" lemma="|the|" pos="DT" wid="20">the</w>
  <w id="21" lemma="|Lord|" pos="NNP" wid="21">Lord</w>
  <w id="22" lemma="|have|" pos="VBZ" wid="22">has</w>
  <w id="23" lemma="|give|" pos="VBN" wid="23">given</w>
  <w id="24" lemma="|we|" pos="PRP" wid="24">us</w>
  <w id="25" lemma="|;|" pos=":" wid="25">;</w>
  <w id="26" lemma="|in|" pos="IN" wid="26">in</w>
  <w id="27" lemma="|the|" pos="DT" wid="27">the</w>
  <w id="28" lemma="|church|" pos="NN" wid="28">Church</w>
  <w id="29" lemma="|we|" pos="PRP" wid="29">we</w>
  <w id="30" lemma="|can|" pos="MD" wid="30">can</w>
  <w id="31" lemma="|encounter|" pos="VB" wid="31">encounter</w>
  <w id="32" lemma="|the|" pos="DT" wid="32">the</w>
  <w id="33" lemma="|Lord|" pos="NNP" wid="33">Lord</w>
  <w id="34" lemma="|in|" pos="IN" wid="34">in</w>
  <w id="35" lemma="|the|" pos="DT" wid="35">the</w>
  <w id="36" lemma="|Sacraments|" pos="NNP" wid="36">Sacraments</w>
  <w id="37" lemma="|,|" pos="," wid="37">,</w>
  <w id="38" lemma="|which|" pos="WDT" wid="38">which</w>
  <w id="39" lemma="|be|" pos="VBP" wid="39">are</w>
  <w id="40" lemma="|the|" pos="DT" wid="40">the</w>
  <w id="41" lemma="|open|" pos="JJ" wid="41">open</w>
  <w id="42" lemma="|window|" pos="NNS" wid="42">windows</w>
  <w id="43" lemma="|through|" pos="IN" wid="43">through</w>
  <w id="44" lemma="|which|" pos="WDT" wid="44">which</w>
  <w id="45" lemma="|the|" pos="DT" wid="45">the</w>
  <w id="46" lemma="|light|" pos="NN" wid="46">light</w>
  <w id="47" lemma="|of|" pos="IN" wid="47">of</w>
  <w id="48" lemma="|God|" pos="NNP" wid="48">God</w>
  <w id="49" lemma="|be|" pos="VBZ" wid="49">is</w>
  <w id="50" lemma="|give|" pos="VBN" wid="50">given</w>
  <w id="51" lemma="|to|" pos="TO" wid="51">to</w>
  <w id="52" lemma="|we|" pos="PRP" wid="52">us</w>
  <w id="53" lemma="|,|" pos="," wid="53">,</w>
  <w id="54" lemma="|stream|" pos="NNS" wid="54">streams</w>
  <w id="55" lemma="|from|" pos="IN" wid="55">from</w>
  <w id="56" lemma="|which|" pos="WDT" wid="56">which</w>
  <w id="57" lemma="|we|" pos="PRP" wid="57">we</w>
  <w id="58" lemma="|can|" pos="MD" wid="58">can</w>
  <w id="59" lemma="|draw|" pos="VB" wid="59">draw</w>
  <w id="60" lemma="|God|" pos="NNP" wid="60">God</w>
  <w id="61" lemma="|'s|" pos="POS" wid="61">'s</w>
  <w id="62" lemma="|very|" pos="JJ" wid="62">very</w>
  <w id="63" lemma="|life|" pos="NN" wid="63">life</w>
  <w id="64" lemma="|;|" pos=":" wid="64">;</w>
  <w id="65" lemma="|in|" pos="IN" wid="65">in</w>
  <w id="66" lemma="|the|" pos="DT" wid="66">the</w>
  <w id="67" lemma="|Church|" pos="NNP" wid="67">Church</w>
  <w id="68" lemma="|we|" pos="PRP" wid="68">we</w>
  <w id="69" lemma="|learn|" pos="VBP" wid="69">learn</w>
  <w id="70" lemma="|to|" pos="TO" wid="70">to</w>
  <w id="71" lemma="|live|" pos="VB" wid="71">live</w>
  <w id="72" lemma="|in|" pos="IN" wid="72">in</w>
  <w id="73" lemma="|the|" pos="DT" wid="73">the</w>
  <w id="74" lemma="|communion|" pos="NN" wid="74">communion</w>
  <w id="75" lemma="|and|" pos="CC" wid="75">and</w>
  <w id="76" lemma="|love|" pos="NN" wid="76">love</w>
  <w id="77" lemma="|that|" pos="WDT" wid="77">that</w>
  <w id="78" lemma="|come|" pos="VBZ" wid="78">comes</w>
  <w id="79" lemma="|from|" pos="IN" wid="79">from</w>
  <w id="80" lemma="|God|" pos="NNP" wid="80">God</w>
  <w id="81" lemma="|.|" pos="." wid="81">.</w>
</sentence>
<sentence id="19">
  <w id="0" lemma="|each|" pos="DT" wid="0">Each</w>
  <w id="1" lemma="|one|" pos="CD" wid="1">one</w>
  <w id="2" lemma="|of|" pos="IN" wid="2">of</w>
  <w id="3" lemma="|we|" pos="PRP" wid="3">us</w>
  <w id="4" lemma="|can|" pos="MD" wid="4">can</w>
  <w id="5" lemma="|ask|" pos="VB" wid="5">ask</w>
  <w id="6" lemma="|himself|" pos="PRP" wid="6">himself</w>
  <w id="7" lemma="|or|" pos="CC" wid="7">or</w>
  <w id="8" lemma="|herself|" pos="PRP" wid="8">herself</w>
  <w id="9" lemma="|today|" pos="NN" wid="9">today</w>
  <w id="10" lemma="|:|" pos=":" wid="10">:</w>
  <w id="11" lemma="|how|" pos="WRB" wid="11">how</w>
  <w id="12" lemma="|do|" pos="VBP" wid="12">do</w>
  <w id="13" lemma="|I|" pos="PRP" wid="13">I</w>
  <w id="14" lemma="|live|" pos="VB" wid="14">live</w>
  <w id="15" lemma="|in|" pos="IN" wid="15">in</w>
  <w id="16" lemma="|the|" pos="DT" wid="16">the</w>
  <w id="17" lemma="|Church|" pos="NNP" wid="17">Church</w>
  <w id="18" lemma="|?|" pos="." wid="18">?</w>
</sentence>
<sentence id="20">
  <w id="0" lemma="|when|" pos="WRB" wid="0">When</w>
  <w id="1" lemma="|I|" pos="PRP" wid="1">I</w>
  <w id="2" lemma="|go|" pos="VBP" wid="2">go</w>
  <w id="3" lemma="|to|" pos="TO" wid="3">to</w>
  <w id="4" lemma="|church|" pos="NN" wid="4">church</w>
  <w id="5" lemma="|,|" pos="," wid="5">,</w>
  <w id="6" lemma="|be|" pos="VBZ" wid="6">is</w>
  <w id="7" lemma="|it|" pos="PRP" wid="7">it</w>
  <w id="8" lemma="|as|" pos="IN" wid="8">as</w>
  <w id="9" lemma="|though|" pos="IN" wid="9">though</w>
  <w id="10" lemma="|I|" pos="PRP" wid="10">I</w>
  <w id="11" lemma="|be|" pos="VBD" wid="11">were</w>
  <w id="12" lemma="|at|" pos="IN" wid="12">at</w>
  <w id="13" lemma="|the|" pos="DT" wid="13">the</w>
  <w id="14" lemma="|stadium|" pos="NN" wid="14">stadium</w>
  <w id="15" lemma="|,|" pos="," wid="15">,</w>
  <w id="16" lemma="|at|" pos="IN" wid="16">at</w>
  <w id="17" lemma="|a|" pos="DT" wid="17">a</w>
  <w id="18" lemma="|football|" pos="NN" wid="18">football</w>
  <w id="19" lemma="|match|" pos="NN" wid="19">match</w>
  <w id="20" lemma="|?|" pos="." wid="20">?</w>
</sentence>
<sentence id="21">
  <w id="0" lemma="|be|" pos="VBZ" wid="0">Is</w>
  <w id="1" lemma="|it|" pos="PRP" wid="1">it</w>
  <w id="2" lemma="|as|" pos="IN" wid="2">as</w>
  <w id="3" lemma="|though|" pos="IN" wid="3">though</w>
  <w id="4" lemma="|I|" pos="PRP" wid="4">I</w>
  <w id="5" lemma="|be|" pos="VBD" wid="5">were</w>
  <w id="6" lemma="|at|" pos="IN" wid="6">at</w>
  <w id="7" lemma="|the|" pos="DT" wid="7">the</w>
  <w id="8" lemma="|cinema|" pos="NN" wid="8">cinema</w>
  <w id="9" lemma="|?|" pos="." wid="9">?</w>
</sentence>
<sentence id="22">
  <w id="0" lemma="|no|" pos="RB" wid="0">No</w>
  <w id="1" lemma="|,|" pos="," wid="1">,</w>
  <w id="2" lemma="|it|" pos="PRP" wid="2">it</w>
  <w id="3" lemma="|be|" pos="VBZ" wid="3">is</w>
  <w id="4" lemma="|something|" pos="NN" wid="4">something</w>
  <w id="5" lemma="|else|" pos="RB" wid="5">else</w>
  <w id="6" lemma="|.|" pos="." wid="6">.</w>
</sentence>
<sentence id="23">
  <w id="0" lemma="|how|" pos="WRB" wid="0">How</w>
  <w id="1" lemma="|do|" pos="VBP" wid="1">do</w>
  <w id="2" lemma="|I|" pos="PRP" wid="2">I</w>
  <w id="3" lemma="|go|" pos="VB" wid="3">go</w>
  <w id="4" lemma="|to|" pos="TO" wid="4">to</w>
  <w id="5" lemma="|church|" pos="NN" wid="5">church</w>
  <w id="6" lemma="|?|" pos="." wid="6">?</w>
</sentence>
<sentence id="24">
  <w id="0" lemma="|how|" pos="WRB" wid="0">How</w>
  <w id="1" lemma="|do|" pos="VBP" wid="1">do</w>
  <w id="2" lemma="|I|" pos="PRP" wid="2">I</w>
  <w id="3" lemma="|receive|" pos="VB" wid="3">receive</w>
  <w id="4" lemma="|the|" pos="DT" wid="4">the</w>
  <w id="5" lemma="|gift|" pos="NNS" wid="5">gifts</w>
  <w id="6" lemma="|that|" pos="IN" wid="6">that</w>
  <w id="7" lemma="|the|" pos="DT" wid="7">the</w>
  <w id="8" lemma="|Church|" pos="NNP" wid="8">Church</w>
  <w id="9" lemma="|offer|" pos="VBZ" wid="9">offers</w>
  <w id="10" lemma="|I|" pos="PRP" wid="10">me</w>
  <w id="11" lemma="|to|" pos="TO" wid="11">to</w>
  <w id="12" lemma="|grow|" pos="VB" wid="12">grow</w>
  <w id="13" lemma="|and|" pos="CC" wid="13">and</w>
  <w id="14" lemma="|mature|" pos="VB" wid="14">mature</w>
  <w id="15" lemma="|as|" pos="IN" wid="15">as</w>
  <w id="16" lemma="|a|" pos="DT" wid="16">a</w>
  <w id="17" lemma="|Christian|" pos="NNP" wid="17">Christian</w>
  <w id="18" lemma="|?|" pos="." wid="18">?</w>
</sentence>
<sentence id="25">
  <w id="0" lemma="|do|" pos="VBP" wid="0">Do</w>
  <w id="1" lemma="|I|" pos="PRP" wid="1">I</w>
  <w id="2" lemma="|participate|" pos="VB" wid="2">participate</w>
  <w id="3" lemma="|in|" pos="IN" wid="3">in</w>
  <w id="4" lemma="|the|" pos="DT" wid="4">the</w>
  <w id="5" lemma="|life|" pos="NN" wid="5">life</w>
  <w id="6" lemma="|of|" pos="IN" wid="6">of</w>
  <w id="7" lemma="|the|" pos="DT" wid="7">the</w>
  <w id="8" lemma="|community|" pos="NN" wid="8">community</w>
  <w id="9" lemma="|or|" pos="CC" wid="9">or</w>
  <w id="10" lemma="|do|" pos="VBP" wid="10">do</w>
  <w id="11" lemma="|I|" pos="PRP" wid="11">I</w>
  <w id="12" lemma="|go|" pos="VB" wid="12">go</w>
  <w id="13" lemma="|to|" pos="TO" wid="13">to</w>
  <w id="14" lemma="|church|" pos="NN" wid="14">church</w>
  <w id="15" lemma="|and|" pos="CC" wid="15">and</w>
  <w id="16" lemma="|withdraw|" pos="VB" wid="16">withdraw</w>
  <w id="17" lemma="|into|" pos="IN" wid="17">into</w>
  <w id="18" lemma="|my|" pos="PRP$" wid="18">my</w>
  <w id="19" lemma="|own|" pos="JJ" wid="19">own</w>
  <w id="20" lemma="|problem|" pos="NNS" wid="20">problems</w>
  <w id="21" lemma="|,|" pos="," wid="21">,</w>
  <w id="22" lemma="|isolate|" pos="VBG" wid="22">isolating</w>
  <w id="23" lemma="|myself|" pos="PRP" wid="23">myself</w>
  <w id="24" lemma="|from|" pos="IN" wid="24">from</w>
  <w id="25" lemma="|other|" pos="NNS" wid="25">others</w>
  <w id="26" lemma="|?|" pos="." wid="26">?</w>
</sentence>
<sentence id="26">
  <w id="0" lemma="|in|" pos="IN" wid="0">In</w>
  <w id="1" lemma="|this|" pos="DT" wid="1">this</w>
  <w id="2" lemma="|first|" pos="JJ" wid="2">first</w>
  <w id="3" lemma="|sense|" pos="NN" wid="3">sense</w>
  <w id="4" lemma="|,|" pos="," wid="4">,</w>
  <w id="5" lemma="|the|" pos="DT" wid="5">the</w>
  <w id="6" lemma="|Church|" pos="NNP" wid="6">Church</w>
  <w id="7" lemma="|be|" pos="VBZ" wid="7">is</w>
  <w id="8" lemma="|catholic|" pos="JJ" wid="8">catholic</w>
  <w id="9" lemma="|because|" pos="IN" wid="9">because</w>
  <w id="10" lemma="|she|" pos="PRP" wid="10">she</w>
  <w id="11" lemma="|be|" pos="VBZ" wid="11">is</w>
  <w id="12" lemma="|everyone|" pos="NN" wid="12">everyone</w>
  <w id="13" lemma="|'s|" pos="POS" wid="13">'s</w>
  <w id="14" lemma="|home|" pos="NN" wid="14">home</w>
  <w id="15" lemma="|.|" pos="." wid="15">.</w>
</sentence>
<sentence id="27">
  <w id="0" lemma="|everyone|" pos="NN" wid="0">Everyone</w>
  <w id="1" lemma="|be|" pos="VBZ" wid="1">is</w>
  <w id="2" lemma="|a|" pos="DT" wid="2">a</w>
  <w id="3" lemma="|child|" pos="NN" wid="3">child</w>
  <w id="4" lemma="|of|" pos="IN" wid="4">of</w>
  <w id="5" lemma="|the|" pos="DT" wid="5">the</w>
  <w id="6" lemma="|Church|" pos="NNP" wid="6">Church</w>
  <w id="7" lemma="|and|" pos="CC" wid="7">and</w>
  <w id="8" lemma="|in|" pos="IN" wid="8">in</w>
  <w id="9" lemma="|she|" pos="PRP" wid="9">her</w>
  <w id="10" lemma="|all|" pos="DT" wid="10">all</w>
  <w id="11" lemma="|find|" pos="VBP" wid="11">find</w>
  <w id="12" lemma="|they|" pos="PRP$" wid="12">their</w>
  <w id="13" lemma="|home|" pos="NN" wid="13">home</w>
  <w id="14" lemma="|.|" pos="." wid="14">.</w>
</sentence>
<sentence id="28">
  <w id="0" lemma="|2|" pos="CD" wid="0">2</w>
  <w id="1" lemma="|.|" pos="." wid="1">.</w>
</sentence>
<sentence id="29">
  <w id="0" lemma="|a|" pos="DT" wid="0">A</w>
  <w id="1" lemma="|second|" pos="JJ" wid="1">second</w>
  <w id="2" lemma="|meaning|" pos="NN" wid="2">meaning</w>
  <w id="3" lemma="|:|" pos=":" wid="3">:</w>
  <w id="4" lemma="|the|" pos="DT" wid="4">the</w>
  <w id="5" lemma="|Church|" pos="NNP" wid="5">Church</w>
  <w id="6" lemma="|be|" pos="VBZ" wid="6">is</w>
  <w id="7" lemma="|catholic|" pos="JJ" wid="7">catholic</w>
  <w id="8" lemma="|because|" pos="IN" wid="8">because</w>
  <w id="9" lemma="|she|" pos="PRP" wid="9">she</w>
  <w id="10" lemma="|be|" pos="VBZ" wid="10">is</w>
  <w id="11" lemma="|universal|" pos="JJ" wid="11">universal</w>
  <w id="12" lemma="|,|" pos="," wid="12">,</w>
  <w id="13" lemma="|she|" pos="PRP" wid="13">she</w>
  <w id="14" lemma="|be|" pos="VBZ" wid="14">is</w>
  <w id="15" lemma="|spread|" pos="VBN" wid="15">spread</w>
  <w id="16" lemma="|abroad|" pos="RB" wid="16">abroad</w>
  <w id="17" lemma="|through|" pos="IN" wid="17">through</w>
  <w id="18" lemma="|every|" pos="DT" wid="18">every</w>
  <w id="19" lemma="|part|" pos="NN" wid="19">part</w>
  <w id="20" lemma="|of|" pos="IN" wid="20">of</w>
  <w id="21" lemma="|the|" pos="DT" wid="21">the</w>
  <w id="22" lemma="|world|" pos="NN" wid="22">world</w>
  <w id="23" lemma="|and|" pos="CC" wid="23">and</w>
  <w id="24" lemma="|she|" pos="PRP" wid="24">she</w>
  <w id="25" lemma="|proclaim|" pos="VBZ" wid="25">proclaims</w>
  <w id="26" lemma="|the|" pos="DT" wid="26">the</w>
  <w id="27" lemma="|Gospel|" pos="NNP" wid="27">Gospel</w>
  <w id="28" lemma="|to|" pos="TO" wid="28">to</w>
  <w id="29" lemma="|every|" pos="DT" wid="29">every</w>
  <w id="30" lemma="|man|" pos="NN" wid="30">man</w>
  <w id="31" lemma="|and|" pos="CC" wid="31">and</w>
  <w id="32" lemma="|to|" pos="TO" wid="32">to</w>
  <w id="33" lemma="|every|" pos="DT" wid="33">every</w>
  <w id="34" lemma="|woman|" pos="NN" wid="34">woman</w>
  <w id="35" lemma="|.|" pos="." wid="35">.</w>
</sentence>
<sentence id="30">
  <w id="0" lemma="|the|" pos="DT" wid="0">The</w>
  <w id="1" lemma="|Church|" pos="NNP" wid="1">Church</w>
  <w id="2" lemma="|be|" pos="VBZ" wid="2">is</w>
  <w id="3" lemma="|not|" pos="RB" wid="3">not</w>
  <w id="4" lemma="|a|" pos="DT" wid="4">a</w>
  <w id="5" lemma="|group|" pos="NN" wid="5">group</w>
  <w id="6" lemma="|of|" pos="IN" wid="6">of</w>
  <w id="7" lemma="|elite|" pos="NN" wid="7">elite</w>
  <w id="8" lemma="|;|" pos=":" wid="8">;</w>
  <w id="9" lemma="|she|" pos="PRP" wid="9">she</w>
  <w id="10" lemma="|do|" pos="VBZ" wid="10">does</w>
  <w id="11" lemma="|not|" pos="RB" wid="11">not</w>
  <w id="12" lemma="|only|" pos="RB" wid="12">only</w>
  <w id="13" lemma="|concern|" pos="VB" wid="13">concern</w>
  <w id="14" lemma="|the|" pos="DT" wid="14">the</w>
  <w id="15" lemma="|few|" pos="JJ" wid="15">few</w>
  <w id="16" lemma="|.|" pos="." wid="16">.</w>
</sentence>
<sentence id="31">
  <w id="0" lemma="|the|" pos="DT" wid="0">The</w>
  <w id="1" lemma="|Church|" pos="NNP" wid="1">Church</w>
  <w id="2" lemma="|have|" pos="VBZ" wid="2">has</w>
  <w id="3" lemma="|no|" pos="DT" wid="3">no</w>
  <w id="4" lemma="|limit|" pos="NNS" wid="4">limits</w>
  <w id="5" lemma="|;|" pos=":" wid="5">;</w>
  <w id="6" lemma="|she|" pos="PRP" wid="6">she</w>
  <w id="7" lemma="|be|" pos="VBZ" wid="7">is</w>
  <w id="8" lemma="|send|" pos="VBN" wid="8">sent</w>
  <w id="9" lemma="|to|" pos="TO" wid="9">to</w>
  <w id="10" lemma="|the|" pos="DT" wid="10">the</w>
  <w id="11" lemma="|totality|" pos="NN" wid="11">totality</w>
  <w id="12" lemma="|of|" pos="IN" wid="12">of</w>
  <w id="13" lemma="|people|" pos="NNS" wid="13">people</w>
  <w id="14" lemma="|,|" pos="," wid="14">,</w>
  <w id="15" lemma="|to|" pos="TO" wid="15">to</w>
  <w id="16" lemma="|the|" pos="DT" wid="16">the</w>
  <w id="17" lemma="|totality|" pos="NN" wid="17">totality</w>
  <w id="18" lemma="|of|" pos="IN" wid="18">of</w>
  <w id="19" lemma="|the|" pos="DT" wid="19">the</w>
  <w id="20" lemma="|human|" pos="JJ" wid="20">human</w>
  <w id="21" lemma="|race|" pos="NN" wid="21">race</w>
  <w id="22" lemma="|.|" pos="." wid="22">.</w>
</sentence>
<sentence id="32">
  <w id="0" lemma="|and|" pos="CC" wid="0">And</w>
  <w id="1" lemma="|the|" pos="DT" wid="1">the</w>
  <w id="2" lemma="|one|" pos="CD" wid="2">one</w>
  <w id="3" lemma="|Church|" pos="NNP" wid="3">Church</w>
  <w id="4" lemma="|be|" pos="VBZ" wid="4">is</w>
  <w id="5" lemma="|present|" pos="JJ" wid="5">present</w>
  <w id="6" lemma="|even|" pos="RB" wid="6">even</w>
  <w id="7" lemma="|in|" pos="IN" wid="7">in</w>
  <w id="8" lemma="|she|" pos="PRP$" wid="8">her</w>
  <w id="9" lemma="|smallest|" pos="JJS" wid="9">smallest</w>
  <w id="10" lemma="|part|" pos="NNS" wid="10">parts</w>
  <w id="11" lemma="|.|" pos="." wid="11">.</w>
</sentence>
<sentence id="33">
  <w id="0" lemma="|everyone|" pos="NN" wid="0">Everyone</w>
  <w id="1" lemma="|can|" pos="MD" wid="1">can</w>
  <w id="2" lemma="|say|" pos="VB" wid="2">say</w>
  <w id="3" lemma="|:|" pos=":" wid="3">:</w>
  <w id="4" lemma="|in|" pos="IN" wid="4">in</w>
  <w id="5" lemma="|my|" pos="PRP$" wid="5">my</w>
  <w id="6" lemma="|parish|" pos="NN" wid="6">parish</w>
  <w id="7" lemma="|the|" pos="DT" wid="7">the</w>
  <w id="8" lemma="|Catholic|" pos="NNP" wid="8">Catholic</w>
  <w id="9" lemma="|Church|" pos="NNP" wid="9">Church</w>
  <w id="10" lemma="|be|" pos="VBZ" wid="10">is</w>
  <w id="11" lemma="|present|" pos="JJ" wid="11">present</w>
  <w id="12" lemma="|,|" pos="," wid="12">,</w>
  <w id="13" lemma="|since|" pos="IN" wid="13">since</w>
  <w id="14" lemma="|it|" pos="PRP" wid="14">it</w>
  <w id="15" lemma="|too|" pos="RB" wid="15">too</w>
  <w id="16" lemma="|be|" pos="VBZ" wid="16">is</w>
  <w id="17" lemma="|part|" pos="NN" wid="17">part</w>
  <w id="18" lemma="|of|" pos="IN" wid="18">of</w>
  <w id="19" lemma="|the|" pos="DT" wid="19">the</w>
  <w id="20" lemma="|universal|" pos="JJ" wid="20">universal</w>
  <w id="21" lemma="|Church|" pos="NNP" wid="21">Church</w>
  <w id="22" lemma="|,|" pos="," wid="22">,</w>
  <w id="23" lemma="|since|" pos="IN" wid="23">since</w>
  <w id="24" lemma="|it|" pos="PRP" wid="24">it</w>
  <w id="25" lemma="|too|" pos="RB" wid="25">too</w>
  <w id="26" lemma="|contain|" pos="VBZ" wid="26">contains</w>
  <w id="27" lemma="|the|" pos="DT" wid="27">the</w>
  <w id="28" lemma="|fullness|" pos="NN" wid="28">fullness</w>
  <w id="29" lemma="|of|" pos="IN" wid="29">of</w>
  <w id="30" lemma="|Christ|" pos="NNP" wid="30">Christ</w>
  <w id="31" lemma="|'s|" pos="POS" wid="31">'s</w>
  <w id="32" lemma="|gift|" pos="NNS" wid="32">gifts</w>
  <w id="33" lemma="|:|" pos=":" wid="33">:</w>
  <w id="34" lemma="|the|" pos="DT" wid="34">the</w>
  <w id="35" lemma="|faith|" pos="NN" wid="35">faith</w>
  <w id="36" lemma="|,|" pos="," wid="36">,</w>
  <w id="37" lemma="|the|" pos="DT" wid="37">the</w>
  <w id="38" lemma="|sacrament|" pos="NNS" wid="38">sacraments</w>
  <w id="39" lemma="|,|" pos="," wid="39">,</w>
  <w id="40" lemma="|the|" pos="DT" wid="40">the</w>
  <w id="41" lemma="|-lsb-|" pos="-LRB-" wid="41">-LSB-</w>
  <w id="42" lemma="|ordain|" pos="VBN" wid="42">ordained</w>
  <w id="43" lemma="|-rsb-|" pos="-RRB-" wid="43">-RSB-</w>
  <w id="44" lemma="|ministry|" pos="NN" wid="44">ministry</w>
  <w id="45" lemma="|;|" pos=":" wid="45">;</w>
  <w id="46" lemma="|it|" pos="PRP" wid="46">it</w>
  <w id="47" lemma="|be|" pos="VBZ" wid="47">is</w>
  <w id="48" lemma="|in|" pos="IN" wid="48">in</w>
  <w id="49" lemma="|communion|" pos="NN" wid="49">communion</w>
  <w id="50" lemma="|with|" pos="IN" wid="50">with</w>
  <w id="51" lemma="|the|" pos="DT" wid="51">the</w>
  <w id="52" lemma="|bishop|" pos="NN" wid="52">bishop</w>
  <w id="53" lemma="|,|" pos="," wid="53">,</w>
  <w id="54" lemma="|with|" pos="IN" wid="54">with</w>
  <w id="55" lemma="|the|" pos="DT" wid="55">the</w>
  <w id="56" lemma="|Pope|" pos="NNP" wid="56">Pope</w>
  <w id="57" lemma="|and|" pos="CC" wid="57">and</w>
  <w id="58" lemma="|it|" pos="PRP" wid="58">it</w>
  <w id="59" lemma="|be|" pos="VBZ" wid="59">is</w>
  <w id="60" lemma="|open|" pos="JJ" wid="60">open</w>
  <w id="61" lemma="|to|" pos="TO" wid="61">to</w>
  <w id="62" lemma="|everyone|" pos="NN" wid="62">everyone</w>
  <w id="63" lemma="|without|" pos="IN" wid="63">without</w>
  <w id="64" lemma="|distinction|" pos="NN" wid="64">distinction</w>
  <w id="65" lemma="|.|" pos="." wid="65">.</w>
</sentence>
<sentence id="34">
  <w id="0" lemma="|the|" pos="DT" wid="0">The</w>
  <w id="1" lemma="|Church|" pos="NNP" wid="1">Church</w>
  <w id="2" lemma="|do|" pos="VBZ" wid="2">does</w>
  <w id="3" lemma="|not|" pos="RB" wid="3">not</w>
  <w id="4" lemma="|rest|" pos="VB" wid="4">rest</w>
  <w id="5" lemma="|solely|" pos="RB" wid="5">solely</w>
  <w id="6" lemma="|beneath|" pos="IN" wid="6">beneath</w>
  <w id="7" lemma="|the|" pos="DT" wid="7">the</w>
  <w id="8" lemma="|shadow|" pos="NN" wid="8">shadow</w>
  <w id="9" lemma="|of|" pos="IN" wid="9">of</w>
  <w id="10" lemma="|we|" pos="PRP$" wid="10">our</w>
  <w id="11" lemma="|steeple|" pos="NN" wid="11">steeple</w>
  <w id="12" lemma="|;|" pos=":" wid="12">;</w>
  <w id="13" lemma="|rather|" pos="RB" wid="13">rather</w>
  <w id="14" lemma="|,|" pos="," wid="14">,</w>
  <w id="15" lemma="|she|" pos="PRP" wid="15">she</w>
  <w id="16" lemma="|embrace|" pos="VBZ" wid="16">embraces</w>
  <w id="17" lemma="|a|" pos="DT" wid="17">a</w>
  <w id="18" lemma="|vast|" pos="JJ" wid="18">vast</w>
  <w id="19" lemma="|number|" pos="NN" wid="19">number</w>
  <w id="20" lemma="|of|" pos="IN" wid="20">of</w>
  <w id="21" lemma="|people|" pos="NNS" wid="21">peoples</w>
  <w id="22" lemma="|and|" pos="CC" wid="22">and</w>
  <w id="23" lemma="|nation|" pos="NNS" wid="23">nations</w>
  <w id="24" lemma="|who|" pos="WP" wid="24">who</w>
  <w id="25" lemma="|profess|" pos="VBP" wid="25">profess</w>
  <w id="26" lemma="|the|" pos="DT" wid="26">the</w>
  <w id="27" lemma="|same|" pos="JJ" wid="27">same</w>
  <w id="28" lemma="|faith|" pos="NN" wid="28">faith</w>
  <w id="29" lemma="|,|" pos="," wid="29">,</w>
  <w id="30" lemma="|be|" pos="VBP" wid="30">are</w>
  <w id="31" lemma="|nourish|" pos="VBN" wid="31">nourished</w>
  <w id="32" lemma="|by|" pos="IN" wid="32">by</w>
  <w id="33" lemma="|the|" pos="DT" wid="33">the</w>
  <w id="34" lemma="|same|" pos="JJ" wid="34">same</w>
  <w id="35" lemma="|eucharist|" pos="NN" wid="35">Eucharist</w>
  <w id="36" lemma="|,|" pos="," wid="36">,</w>
  <w id="37" lemma="|and|" pos="CC" wid="37">and</w>
  <w id="38" lemma="|be|" pos="VBP" wid="38">are</w>
  <w id="39" lemma="|serve|" pos="VBN" wid="39">served</w>
  <w id="40" lemma="|by|" pos="IN" wid="40">by</w>
  <w id="41" lemma="|the|" pos="DT" wid="41">the</w>
  <w id="42" lemma="|same|" pos="JJ" wid="42">same</w>
  <w id="43" lemma="|pastor|" pos="NNS" wid="43">pastors</w>
  <w id="44" lemma="|.|" pos="." wid="44">.</w>
</sentence>
<sentence id="35">
  <w id="0" lemma="|to|" pos="TO" wid="0">To</w>
  <w id="1" lemma="|feel|" pos="VB" wid="1">feel</w>
  <w id="2" lemma="|that|" pos="IN" wid="2">that</w>
  <w id="3" lemma="|we|" pos="PRP" wid="3">we</w>
  <w id="4" lemma="|be|" pos="VBP" wid="4">are</w>
  <w id="5" lemma="|in|" pos="IN" wid="5">in</w>
  <w id="6" lemma="|communion|" pos="NN" wid="6">communion</w>
  <w id="7" lemma="|with|" pos="IN" wid="7">with</w>
  <w id="8" lemma="|the|" pos="DT" wid="8">the</w>
  <w id="9" lemma="|whole|" pos="JJ" wid="9">whole</w>
  <w id="10" lemma="|Church|" pos="NNP" wid="10">Church</w>
  <w id="11" lemma="|,|" pos="," wid="11">,</w>
  <w id="12" lemma="|with|" pos="IN" wid="12">with</w>
  <w id="13" lemma="|all|" pos="DT" wid="13">all</w>
  <w id="14" lemma="|of|" pos="IN" wid="14">of</w>
  <w id="15" lemma="|the|" pos="DT" wid="15">the</w>
  <w id="16" lemma="|Catholic|" pos="NNP" wid="16">Catholic</w>
  <w id="17" lemma="|community|" pos="NNS" wid="17">communities</w>
  <w id="18" lemma="|of|" pos="IN" wid="18">of</w>
  <w id="19" lemma="|the|" pos="DT" wid="19">the</w>
  <w id="20" lemma="|world|" pos="NN" wid="20">world</w>
  <w id="21" lemma="|great|" pos="JJ" wid="21">great</w>
  <w id="22" lemma="|and|" pos="CC" wid="22">and</w>
  <w id="23" lemma="|small|" pos="JJ" wid="23">small</w>
  <w id="24" lemma="|!|" pos="." wid="24">!</w>
</sentence>
<sentence id="36">
  <w id="0" lemma="|this|" pos="DT" wid="0">This</w>
  <w id="1" lemma="|be|" pos="VBZ" wid="1">is</w>
  <w id="2" lemma="|beautiful|" pos="JJ" wid="2">beautiful</w>
  <w id="3" lemma="|!|" pos="." wid="3">!</w>
</sentence>
<sentence id="37">
  <w id="0" lemma="|and|" pos="CC" wid="0">And</w>
  <w id="1" lemma="|then|" pos="RB" wid="1">then</w>
  <w id="2" lemma="|,|" pos="," wid="2">,</w>
  <w id="3" lemma="|to|" pos="TO" wid="3">to</w>
  <w id="4" lemma="|feel|" pos="VB" wid="4">feel</w>
  <w id="5" lemma="|we|" pos="PRP" wid="5">we</w>
  <w id="6" lemma="|be|" pos="VBP" wid="6">are</w>
  <w id="7" lemma="|all|" pos="DT" wid="7">all</w>
  <w id="8" lemma="|on|" pos="IN" wid="8">on</w>
  <w id="9" lemma="|mission|" pos="NN" wid="9">mission</w>
  <w id="10" lemma="|,|" pos="," wid="10">,</w>
  <w id="11" lemma="|great|" pos="JJ" wid="11">great</w>
  <w id="12" lemma="|and|" pos="CC" wid="12">and</w>
  <w id="13" lemma="|small|" pos="JJ" wid="13">small</w>
  <w id="14" lemma="|community|" pos="NNS" wid="14">communities</w>
  <w id="15" lemma="|alike|" pos="RB" wid="15">alike</w>
  <w id="16" lemma="|,|" pos="," wid="16">,</w>
  <w id="17" lemma="|that|" pos="IN" wid="17">that</w>
  <w id="18" lemma="|we|" pos="PRP" wid="18">we</w>
  <w id="19" lemma="|all|" pos="DT" wid="19">all</w>
  <w id="20" lemma="|must|" pos="MD" wid="20">must</w>
  <w id="21" lemma="|open|" pos="VB" wid="21">open</w>
  <w id="22" lemma="|we|" pos="PRP$" wid="22">our</w>
  <w id="23" lemma="|door|" pos="NNS" wid="23">doors</w>
  <w id="24" lemma="|and|" pos="CC" wid="24">and</w>
  <w id="25" lemma="|go|" pos="VB" wid="25">go</w>
  <w id="26" lemma="|out|" pos="RP" wid="26">out</w>
  <w id="27" lemma="|for|" pos="IN" wid="27">for</w>
  <w id="28" lemma="|the|" pos="DT" wid="28">the</w>
  <w id="29" lemma="|sake|" pos="NN" wid="29">sake</w>
  <w id="30" lemma="|of|" pos="IN" wid="30">of</w>
  <w id="31" lemma="|the|" pos="DT" wid="31">the</w>
  <w id="32" lemma="|Gospel|" pos="NNP" wid="32">Gospel</w>
  <w id="33" lemma="|.|" pos="." wid="33">.</w>
</sentence>
<sentence id="38">
  <w id="0" lemma="|let|" pos="VB" wid="0">Let</w>
  <w id="1" lemma="|we|" pos="PRP" wid="1">us</w>
  <w id="2" lemma="|ask|" pos="VB" wid="2">ask</w>
  <w id="3" lemma="|ourselves|" pos="PRP" wid="3">ourselves</w>
  <w id="4" lemma="|then|" pos="RB" wid="4">then</w>
  <w id="5" lemma="|:|" pos=":" wid="5">:</w>
  <w id="6" lemma="|what|" pos="WP" wid="6">what</w>
  <w id="7" lemma="|do|" pos="VBP" wid="7">do</w>
  <w id="8" lemma="|I|" pos="PRP" wid="8">I</w>
  <w id="9" lemma="|do|" pos="VB" wid="9">do</w>
  <w id="10" lemma="|in|" pos="IN" wid="10">in</w>
  <w id="11" lemma="|order|" pos="NN" wid="11">order</w>
  <w id="12" lemma="|to|" pos="TO" wid="12">to</w>
  <w id="13" lemma="|communicate|" pos="VB" wid="13">communicate</w>
  <w id="14" lemma="|to|" pos="TO" wid="14">to</w>
  <w id="15" lemma="|other|" pos="NNS" wid="15">others</w>
  <w id="16" lemma="|the|" pos="DT" wid="16">the</w>
  <w id="17" lemma="|joy|" pos="NN" wid="17">joy</w>
  <w id="18" lemma="|of|" pos="IN" wid="18">of</w>
  <w id="19" lemma="|encounter|" pos="VBG" wid="19">encountering</w>
  <w id="20" lemma="|the|" pos="DT" wid="20">the</w>
  <w id="21" lemma="|Lord|" pos="NNP" wid="21">Lord</w>
  <w id="22" lemma="|,|" pos="," wid="22">,</w>
  <w id="23" lemma="|the|" pos="DT" wid="23">the</w>
  <w id="24" lemma="|joy|" pos="NN" wid="24">joy</w>
  <w id="25" lemma="|of|" pos="IN" wid="25">of</w>
  <w id="26" lemma="|belong|" pos="VBG" wid="26">belonging</w>
  <w id="27" lemma="|to|" pos="TO" wid="27">to</w>
  <w id="28" lemma="|the|" pos="DT" wid="28">the</w>
  <w id="29" lemma="|Church|" pos="NNP" wid="29">Church</w>
  <w id="30" lemma="|?|" pos="." wid="30">?</w>
</sentence>
<sentence id="39">
  <w id="0" lemma="|proclaim|" pos="VBG" wid="0">Proclaiming</w>
  <w id="1" lemma="|and|" pos="CC" wid="1">and</w>
  <w id="2" lemma="|bear|" pos="VBG" wid="2">bearing</w>
  <w id="3" lemma="|witness|" pos="NN" wid="3">witness</w>
  <w id="4" lemma="|to|" pos="TO" wid="4">to</w>
  <w id="5" lemma="|the|" pos="DT" wid="5">the</w>
  <w id="6" lemma="|faith|" pos="NN" wid="6">faith</w>
  <w id="7" lemma="|be|" pos="VBZ" wid="7">is</w>
  <w id="8" lemma="|not|" pos="RB" wid="8">not</w>
  <w id="9" lemma="|the|" pos="DT" wid="9">the</w>
  <w id="10" lemma="|work|" pos="NN" wid="10">work</w>
  <w id="11" lemma="|of|" pos="IN" wid="11">of</w>
  <w id="12" lemma="|the|" pos="DT" wid="12">the</w>
  <w id="13" lemma="|few|" pos="JJ" wid="13">few</w>
  <w id="14" lemma="|;|" pos=":" wid="14">;</w>
  <w id="15" lemma="|it|" pos="PRP" wid="15">it</w>
  <w id="16" lemma="|also|" pos="RB" wid="16">also</w>
  <w id="17" lemma="|concern|" pos="VBZ" wid="17">concerns</w>
  <w id="18" lemma="|I|" pos="PRP" wid="18">me</w>
  <w id="19" lemma="|,|" pos="," wid="19">,</w>
  <w id="20" lemma="|you|" pos="PRP" wid="20">you</w>
  <w id="21" lemma="|,|" pos="," wid="21">,</w>
  <w id="22" lemma="|each|" pos="DT" wid="22">each</w>
  <w id="23" lemma="|one|" pos="CD" wid="23">one</w>
  <w id="24" lemma="|of|" pos="IN" wid="24">of</w>
  <w id="25" lemma="|we|" pos="PRP" wid="25">us</w>
  <w id="26" lemma="|!|" pos="." wid="26">!</w>
</sentence>
<sentence id="40">
  <w id="0" lemma="|3|" pos="LS" wid="0">3</w>
  <w id="1" lemma="|.|" pos="." wid="1">.</w>
</sentence>
<sentence id="41">
  <w id="0" lemma="|a|" pos="DT" wid="0">A</w>
  <w id="1" lemma="|third|" pos="JJ" wid="1">third</w>
  <w id="2" lemma="|and|" pos="CC" wid="2">and</w>
  <w id="3" lemma="|final|" pos="JJ" wid="3">final</w>
  <w id="4" lemma="|thought|" pos="NN" wid="4">thought</w>
  <w id="5" lemma="|:|" pos=":" wid="5">:</w>
  <w id="6" lemma="|the|" pos="DT" wid="6">the</w>
  <w id="7" lemma="|Church|" pos="NNP" wid="7">Church</w>
  <w id="8" lemma="|be|" pos="VBZ" wid="8">is</w>
  <w id="9" lemma="|catholic|" pos="JJ" wid="9">catholic</w>
  <w id="10" lemma="|,|" pos="," wid="10">,</w>
  <w id="11" lemma="|because|" pos="IN" wid="11">because</w>
  <w id="12" lemma="|she|" pos="PRP" wid="12">she</w>
  <w id="13" lemma="|be|" pos="VBZ" wid="13">is</w>
  <w id="14" lemma="|the|" pos="DT" wid="14">the</w>
  <w id="15" lemma="|``|" pos="``" wid="15">``</w>
  <w id="16" lemma="|home|" pos="NN" wid="16">home</w>
  <w id="17" lemma="|of|" pos="IN" wid="17">of</w>
  <w id="18" lemma="|harmony|" pos="NN" wid="18">harmony</w>
  <w id="19" lemma="|''|" pos="''" wid="19">''</w>
  <w id="20" lemma="|where|" pos="WRB" wid="20">where</w>
  <w id="21" lemma="|unity|" pos="NN" wid="21">unity</w>
  <w id="22" lemma="|and|" pos="CC" wid="22">and</w>
  <w id="23" lemma="|diversity|" pos="NN" wid="23">diversity</w>
  <w id="24" lemma="|know|" pos="VBP" wid="24">know</w>
  <w id="25" lemma="|how|" pos="WRB" wid="25">how</w>
  <w id="26" lemma="|to|" pos="TO" wid="26">to</w>
  <w id="27" lemma="|merge|" pos="VB" wid="27">merge</w>
  <w id="28" lemma="|in|" pos="IN" wid="28">in</w>
  <w id="29" lemma="|order|" pos="NN" wid="29">order</w>
  <w id="30" lemma="|to|" pos="TO" wid="30">to</w>
  <w id="31" lemma="|become|" pos="VB" wid="31">become</w>
  <w id="32" lemma="|a|" pos="DT" wid="32">a</w>
  <w id="33" lemma="|great|" pos="JJ" wid="33">great</w>
  <w id="34" lemma="|source|" pos="NN" wid="34">source</w>
  <w id="35" lemma="|of|" pos="IN" wid="35">of</w>
  <w id="36" lemma="|wealth|" pos="NN" wid="36">wealth</w>
  <w id="37" lemma="|.|" pos="." wid="37">.</w>
</sentence>
<sentence id="42">
  <w id="0" lemma="|let|" pos="VB" wid="0">Let</w>
  <w id="1" lemma="|we|" pos="PRP" wid="1">us</w>
  <w id="2" lemma="|think|" pos="VB" wid="2">think</w>
  <w id="3" lemma="|about|" pos="IN" wid="3">about</w>
  <w id="4" lemma="|the|" pos="DT" wid="4">the</w>
  <w id="5" lemma="|image|" pos="NN" wid="5">image</w>
  <w id="6" lemma="|of|" pos="IN" wid="6">of</w>
  <w id="7" lemma="|a|" pos="DT" wid="7">a</w>
  <w id="8" lemma="|symphony|" pos="NN" wid="8">symphony</w>
  <w id="9" lemma="|,|" pos="," wid="9">,</w>
  <w id="10" lemma="|which|" pos="WDT" wid="10">which</w>
  <w id="11" lemma="|imply|" pos="VBZ" wid="11">implies</w>
  <w id="12" lemma="|accord|" pos="NN" wid="12">accord</w>
  <w id="13" lemma="|,|" pos="," wid="13">,</w>
  <w id="14" lemma="|harmony|" pos="NN" wid="14">harmony</w>
  <w id="15" lemma="|,|" pos="," wid="15">,</w>
  <w id="16" lemma="|various|" pos="JJ" wid="16">various</w>
  <w id="17" lemma="|instrument|" pos="NNS" wid="17">instruments</w>
  <w id="18" lemma="|play|" pos="VBG" wid="18">playing</w>
  <w id="19" lemma="|together|" pos="RB" wid="19">together</w>
  <w id="20" lemma="|.|" pos="." wid="20">.</w>
</sentence>
<sentence id="43">
  <w id="0" lemma="|each|" pos="DT" wid="0">Each</w>
  <w id="1" lemma="|one|" pos="NN" wid="1">one</w>
  <w id="2" lemma="|preserve|" pos="VBZ" wid="2">preserves</w>
  <w id="3" lemma="|its|" pos="PRP$" wid="3">its</w>
  <w id="4" lemma="|own|" pos="JJ" wid="4">own</w>
  <w id="5" lemma="|unmistakable|" pos="JJ" wid="5">unmistakable</w>
  <w id="6" lemma="|timbre|" pos="NN" wid="6">timbre</w>
  <w id="7" lemma="|and|" pos="CC" wid="7">and</w>
  <w id="8" lemma="|the|" pos="DT" wid="8">the</w>
  <w id="9" lemma="|sound|" pos="NNS" wid="9">sounds</w>
  <w id="10" lemma="|characteristic|" pos="JJ" wid="10">characteristic</w>
  <w id="11" lemma="|of|" pos="IN" wid="11">of</w>
  <w id="12" lemma="|each|" pos="DT" wid="12">each</w>
  <w id="13" lemma="|blend|" pos="VB" wid="13">blend</w>
  <w id="14" lemma="|together|" pos="RB" wid="14">together</w>
  <w id="15" lemma="|around|" pos="IN" wid="15">around</w>
  <w id="16" lemma="|a|" pos="DT" wid="16">a</w>
  <w id="17" lemma="|common|" pos="JJ" wid="17">common</w>
  <w id="18" lemma="|theme|" pos="NN" wid="18">theme</w>
  <w id="19" lemma="|.|" pos="." wid="19">.</w>
</sentence>
<sentence id="44">
  <w id="0" lemma="|then|" pos="RB" wid="0">Then</w>
  <w id="1" lemma="|there|" pos="EX" wid="1">there</w>
  <w id="2" lemma="|be|" pos="VBZ" wid="2">is</w>
  <w id="3" lemma="|the|" pos="DT" wid="3">the</w>
  <w id="4" lemma="|one|" pos="NN" wid="4">one</w>
  <w id="5" lemma="|who|" pos="WP" wid="5">who</w>
  <w id="6" lemma="|direct|" pos="VBZ" wid="6">directs</w>
  <w id="7" lemma="|it|" pos="PRP" wid="7">it</w>
  <w id="8" lemma="|,|" pos="," wid="8">,</w>
  <w id="9" lemma="|the|" pos="DT" wid="9">the</w>
  <w id="10" lemma="|conductor|" pos="NN" wid="10">conductor</w>
  <w id="11" lemma="|,|" pos="," wid="11">,</w>
  <w id="12" lemma="|and|" pos="CC" wid="12">and</w>
  <w id="13" lemma="|as|" pos="IN" wid="13">as</w>
  <w id="14" lemma="|the|" pos="DT" wid="14">the</w>
  <w id="15" lemma="|symphony|" pos="NN" wid="15">symphony</w>
  <w id="16" lemma="|be|" pos="VBZ" wid="16">is</w>
  <w id="17" lemma="|perform|" pos="VBN" wid="17">performed</w>
  <w id="18" lemma="|all|" pos="DT" wid="18">all</w>
  <w id="19" lemma="|play|" pos="VBP" wid="19">play</w>
  <w id="20" lemma="|together|" pos="RB" wid="20">together</w>
  <w id="21" lemma="|in|" pos="IN" wid="21">in</w>
  <w id="22" lemma="|``|" pos="``" wid="22">``</w>
  <w id="23" lemma="|harmony|" pos="NN" wid="23">harmony</w>
  <w id="24" lemma="|''|" pos="''" wid="24">''</w>
  <w id="25" lemma="|,|" pos="," wid="25">,</w>
  <w id="26" lemma="|but|" pos="CC" wid="26">but</w>
  <w id="27" lemma="|the|" pos="DT" wid="27">the</w>
  <w id="28" lemma="|timbre|" pos="NN" wid="28">timbre</w>
  <w id="29" lemma="|of|" pos="IN" wid="29">of</w>
  <w id="30" lemma="|each|" pos="DT" wid="30">each</w>
  <w id="31" lemma="|individual|" pos="JJ" wid="31">individual</w>
  <w id="32" lemma="|instrument|" pos="NN" wid="32">instrument</w>
  <w id="33" lemma="|be|" pos="VBZ" wid="33">is</w>
  <w id="34" lemma="|never|" pos="RB" wid="34">never</w>
  <w id="35" lemma="|eliminate|" pos="VBN" wid="35">eliminated</w>
  <w id="36" lemma="|;|" pos=":" wid="36">;</w>
  <w id="37" lemma="|indeed|" pos="RB" wid="37">indeed</w>
  <w id="38" lemma="|,|" pos="," wid="38">,</w>
  <w id="39" lemma="|the|" pos="DT" wid="39">the</w>
  <w id="40" lemma="|uniqueness|" pos="NN" wid="40">uniqueness</w>
  <w id="41" lemma="|of|" pos="IN" wid="41">of</w>
  <w id="42" lemma="|each|" pos="DT" wid="42">each</w>
  <w id="43" lemma="|be|" pos="VBZ" wid="43">is</w>
  <w id="44" lemma="|greatly|" pos="RB" wid="44">greatly</w>
  <w id="45" lemma="|enhance|" pos="VBN" wid="45">enhanced</w>
  <w id="46" lemma="|!|" pos="." wid="46">!</w>
</sentence>
<sentence id="45">
  <w id="0" lemma="|it|" pos="PRP" wid="0">It</w>
  <w id="1" lemma="|be|" pos="VBZ" wid="1">is</w>
  <w id="2" lemma="|a|" pos="DT" wid="2">a</w>
  <w id="3" lemma="|beautiful|" pos="JJ" wid="3">beautiful</w>
  <w id="4" lemma="|image|" pos="NN" wid="4">image</w>
  <w id="5" lemma="|which|" pos="WDT" wid="5">which</w>
  <w id="6" lemma="|tell|" pos="VBZ" wid="6">tells</w>
  <w id="7" lemma="|we|" pos="PRP" wid="7">us</w>
  <w id="8" lemma="|that|" pos="IN" wid="8">that</w>
  <w id="9" lemma="|the|" pos="DT" wid="9">the</w>
  <w id="10" lemma="|Church|" pos="NNP" wid="10">Church</w>
  <w id="11" lemma="|be|" pos="VBZ" wid="11">is</w>
  <w id="12" lemma="|like|" pos="IN" wid="12">like</w>
  <w id="13" lemma="|a|" pos="DT" wid="13">a</w>
  <w id="14" lemma="|great|" pos="JJ" wid="14">great</w>
  <w id="15" lemma="|orchestra|" pos="NN" wid="15">orchestra</w>
  <w id="16" lemma="|in|" pos="IN" wid="16">in</w>
  <w id="17" lemma="|which|" pos="WDT" wid="17">which</w>
  <w id="18" lemma="|there|" pos="EX" wid="18">there</w>
  <w id="19" lemma="|be|" pos="VBZ" wid="19">is</w>
  <w id="20" lemma="|great|" pos="JJ" wid="20">great</w>
  <w id="21" lemma="|variety|" pos="NN" wid="21">variety</w>
  <w id="22" lemma="|.|" pos="." wid="22">.</w>
</sentence>
<sentence id="46">
  <w id="0" lemma="|we|" pos="PRP" wid="0">We</w>
  <w id="1" lemma="|be|" pos="VBP" wid="1">are</w>
  <w id="2" lemma="|not|" pos="RB" wid="2">not</w>
  <w id="3" lemma="|all|" pos="PDT" wid="3">all</w>
  <w id="4" lemma="|the|" pos="DT" wid="4">the</w>
  <w id="5" lemma="|same|" pos="JJ" wid="5">same</w>
  <w id="6" lemma="|and|" pos="CC" wid="6">and</w>
  <w id="7" lemma="|we|" pos="PRP" wid="7">we</w>
  <w id="8" lemma="|do|" pos="VBP" wid="8">do</w>
  <w id="9" lemma="|not|" pos="RB" wid="9">not</w>
  <w id="10" lemma="|all|" pos="DT" wid="10">all</w>
  <w id="11" lemma="|have|" pos="VBP" wid="11">have</w>
  <w id="12" lemma="|to|" pos="TO" wid="12">to</w>
  <w id="13" lemma="|be|" pos="VB" wid="13">be</w>
  <w id="14" lemma="|the|" pos="DT" wid="14">the</w>
  <w id="15" lemma="|same|" pos="JJ" wid="15">same</w>
  <w id="16" lemma="|.|" pos="." wid="16">.</w>
</sentence>
<sentence id="47">
  <w id="0" lemma="|we|" pos="PRP" wid="0">We</w>
  <w id="1" lemma="|be|" pos="VBP" wid="1">are</w>
  <w id="2" lemma="|all|" pos="RB" wid="2">all</w>
  <w id="3" lemma="|different|" pos="JJ" wid="3">different</w>
  <w id="4" lemma="|,|" pos="," wid="4">,</w>
  <w id="5" lemma="|varied|" pos="JJ" wid="5">varied</w>
  <w id="6" lemma="|,|" pos="," wid="6">,</w>
  <w id="7" lemma="|each|" pos="DT" wid="7">each</w>
  <w id="8" lemma="|of|" pos="IN" wid="8">of</w>
  <w id="9" lemma="|we|" pos="PRP" wid="9">us</w>
  <w id="10" lemma="|with|" pos="IN" wid="10">with</w>
  <w id="11" lemma="|he|" pos="PRP$" wid="11">his</w>
  <w id="12" lemma="|own|" pos="JJ" wid="12">own</w>
  <w id="13" lemma="|special|" pos="JJ" wid="13">special</w>
  <w id="14" lemma="|quality|" pos="NNS" wid="14">qualities</w>
  <w id="15" lemma="|.|" pos="." wid="15">.</w>
</sentence>
<sentence id="48">
  <w id="0" lemma="|and|" pos="CC" wid="0">And</w>
  <w id="1" lemma="|this|" pos="DT" wid="1">this</w>
  <w id="2" lemma="|be|" pos="VBZ" wid="2">is</w>
  <w id="3" lemma="|the|" pos="DT" wid="3">the</w>
  <w id="4" lemma="|beauty|" pos="NN" wid="4">beauty</w>
  <w id="5" lemma="|of|" pos="IN" wid="5">of</w>
  <w id="6" lemma="|the|" pos="DT" wid="6">the</w>
  <w id="7" lemma="|Church|" pos="NNP" wid="7">Church</w>
  <w id="8" lemma="|:|" pos=":" wid="8">:</w>
  <w id="9" lemma="|everyone|" pos="NN" wid="9">everyone</w>
  <w id="10" lemma="|bring|" pos="VBZ" wid="10">brings</w>
  <w id="11" lemma="|he|" pos="PRP$" wid="11">his</w>
  <w id="12" lemma="|own|" pos="JJ" wid="12">own</w>
  <w id="13" lemma="|gift|" pos="NN" wid="13">gift</w>
  <w id="14" lemma="|,|" pos="," wid="14">,</w>
  <w id="15" lemma="|which|" pos="WDT" wid="15">which</w>
  <w id="16" lemma="|God|" pos="NNP" wid="16">God</w>
  <w id="17" lemma="|have|" pos="VBZ" wid="17">has</w>
  <w id="18" lemma="|give|" pos="VBN" wid="18">given</w>
  <w id="19" lemma="|he|" pos="PRP" wid="19">him</w>
  <w id="20" lemma="|,|" pos="," wid="20">,</w>
  <w id="21" lemma="|for|" pos="IN" wid="21">for</w>
  <w id="22" lemma="|the|" pos="DT" wid="22">the</w>
  <w id="23" lemma="|sake|" pos="NN" wid="23">sake</w>
  <w id="24" lemma="|of|" pos="IN" wid="24">of</w>
  <w id="25" lemma="|enrich|" pos="VBG" wid="25">enriching</w>
  <w id="26" lemma="|other|" pos="NNS" wid="26">others</w>
  <w id="27" lemma="|.|" pos="." wid="27">.</w>
</sentence>
<sentence id="49">
  <w id="0" lemma="|and|" pos="CC" wid="0">And</w>
  <w id="1" lemma="|between|" pos="IN" wid="1">between</w>
  <w id="2" lemma="|the|" pos="DT" wid="2">the</w>
  <w id="3" lemma="|various|" pos="JJ" wid="3">various</w>
  <w id="4" lemma="|component|" pos="NNS" wid="4">components</w>
  <w id="5" lemma="|there|" pos="EX" wid="5">there</w>
  <w id="6" lemma="|be|" pos="VBZ" wid="6">is</w>
  <w id="7" lemma="|diversity|" pos="NN" wid="7">diversity</w>
  <w id="8" lemma="|;|" pos=":" wid="8">;</w>
  <w id="9" lemma="|however|" pos="RB" wid="9">however</w>
  <w id="10" lemma="|,|" pos="," wid="10">,</w>
  <w id="11" lemma="|it|" pos="PRP" wid="11">it</w>
  <w id="12" lemma="|be|" pos="VBZ" wid="12">is</w>
  <w id="13" lemma="|a|" pos="DT" wid="13">a</w>
  <w id="14" lemma="|diversity|" pos="NN" wid="14">diversity</w>
  <w id="15" lemma="|that|" pos="WDT" wid="15">that</w>
  <w id="16" lemma="|do|" pos="VBZ" wid="16">does</w>
  <w id="17" lemma="|not|" pos="RB" wid="17">not</w>
  <w id="18" lemma="|enter|" pos="VB" wid="18">enter</w>
  <w id="19" lemma="|into|" pos="IN" wid="19">into</w>
  <w id="20" lemma="|conflict|" pos="NN" wid="20">conflict</w>
  <w id="21" lemma="|and|" pos="CC" wid="21">and</w>
  <w id="22" lemma="|opposition|" pos="NN" wid="22">opposition</w>
  <w id="23" lemma="|.|" pos="." wid="23">.</w>
</sentence>
<sentence id="50">
  <w id="0" lemma="|it|" pos="PRP" wid="0">It</w>
  <w id="1" lemma="|be|" pos="VBZ" wid="1">is</w>
  <w id="2" lemma="|a|" pos="DT" wid="2">a</w>
  <w id="3" lemma="|variety|" pos="NN" wid="3">variety</w>
  <w id="4" lemma="|that|" pos="WDT" wid="4">that</w>
  <w id="5" lemma="|allow|" pos="VBZ" wid="5">allows</w>
  <w id="6" lemma="|the|" pos="DT" wid="6">the</w>
  <w id="7" lemma="|holy|" pos="JJ" wid="7">Holy</w>
  <w id="8" lemma="|spirit|" pos="NN" wid="8">Spirit</w>
  <w id="9" lemma="|to|" pos="TO" wid="9">to</w>
  <w id="10" lemma="|blend|" pos="VB" wid="10">blend</w>
  <w id="11" lemma="|it|" pos="PRP" wid="11">it</w>
  <w id="12" lemma="|into|" pos="IN" wid="12">into</w>
  <w id="13" lemma="|harmony|" pos="NN" wid="13">harmony</w>
  <w id="14" lemma="|.|" pos="." wid="14">.</w>
</sentence>
<sentence id="51">
  <w id="0" lemma="|he|" pos="PRP" wid="0">He</w>
  <w id="1" lemma="|be|" pos="VBZ" wid="1">is</w>
  <w id="2" lemma="|the|" pos="DT" wid="2">the</w>
  <w id="3" lemma="|true|" pos="JJ" wid="3">true</w>
  <w id="4" lemma="|``|" pos="``" wid="4">``</w>
  <w id="5" lemma="|Maestro|" pos="NNP" wid="5">Maestro</w>
  <w id="6" lemma="|''|" pos="''" wid="6">''</w>
  <w id="7" lemma="|.|" pos="." wid="7">.</w>
</sentence>
<sentence id="52">
  <w id="0" lemma="|he|" pos="PRP" wid="0">He</w>
  <w id="1" lemma="|be|" pos="VBZ" wid="1">is</w>
  <w id="2" lemma="|harmony|" pos="NN" wid="2">harmony</w>
  <w id="3" lemma="|.|" pos="." wid="3">.</w>
</sentence>
<sentence id="53">
  <w id="0" lemma="|and|" pos="CC" wid="0">And</w>
  <w id="1" lemma="|here|" pos="RB" wid="1">here</w>
  <w id="2" lemma="|let|" pos="VB" wid="2">let</w>
  <w id="3" lemma="|we|" pos="PRP" wid="3">us</w>
  <w id="4" lemma="|ask|" pos="VB" wid="4">ask</w>
  <w id="5" lemma="|ourselves|" pos="PRP" wid="5">ourselves</w>
  <w id="6" lemma="|:|" pos=":" wid="6">:</w>
  <w id="7" lemma="|in|" pos="IN" wid="7">in</w>
  <w id="8" lemma="|we|" pos="PRP$" wid="8">our</w>
  <w id="9" lemma="|community|" pos="NNS" wid="9">communities</w>
  <w id="10" lemma="|do|" pos="VBP" wid="10">do</w>
  <w id="11" lemma="|we|" pos="PRP" wid="11">we</w>
  <w id="12" lemma="|live|" pos="VB" wid="12">live</w>
  <w id="13" lemma="|in|" pos="IN" wid="13">in</w>
  <w id="14" lemma="|harmony|" pos="NN" wid="14">harmony</w>
  <w id="15" lemma="|or|" pos="CC" wid="15">or</w>
  <w id="16" lemma="|do|" pos="VBP" wid="16">do</w>
  <w id="17" lemma="|we|" pos="PRP" wid="17">we</w>
  <w id="18" lemma="|argue|" pos="VB" wid="18">argue</w>
  <w id="19" lemma="|amongst|" pos="IN" wid="19">amongst</w>
  <w id="20" lemma="|ourselves|" pos="PRP" wid="20">ourselves</w>
  <w id="21" lemma="|?|" pos="." wid="21">?</w>
</sentence>
<sentence id="54">
  <w id="0" lemma="|in|" pos="IN" wid="0">In</w>
  <w id="1" lemma="|my|" pos="PRP$" wid="1">my</w>
  <w id="2" lemma="|parish|" pos="NN" wid="2">parish</w>
  <w id="3" lemma="|community|" pos="NN" wid="3">community</w>
  <w id="4" lemma="|,|" pos="," wid="4">,</w>
  <w id="5" lemma="|in|" pos="IN" wid="5">in</w>
  <w id="6" lemma="|my|" pos="PRP$" wid="6">my</w>
  <w id="7" lemma="|movement|" pos="NN" wid="7">movement</w>
  <w id="8" lemma="|,|" pos="," wid="8">,</w>
  <w id="9" lemma="|in|" pos="IN" wid="9">in</w>
  <w id="10" lemma="|the|" pos="DT" wid="10">the</w>
  <w id="11" lemma="|place|" pos="NN" wid="11">place</w>
  <w id="12" lemma="|where|" pos="WRB" wid="12">where</w>
  <w id="13" lemma="|I|" pos="PRP" wid="13">I</w>
  <w id="14" lemma="|be|" pos="VBP" wid="14">am</w>
  <w id="15" lemma="|part|" pos="NN" wid="15">part</w>
  <w id="16" lemma="|of|" pos="IN" wid="16">of</w>
  <w id="17" lemma="|the|" pos="DT" wid="17">the</w>
  <w id="18" lemma="|Church|" pos="NNP" wid="18">Church</w>
  <w id="19" lemma="|,|" pos="," wid="19">,</w>
  <w id="20" lemma="|be|" pos="VBZ" wid="20">is</w>
  <w id="21" lemma="|there|" pos="RB" wid="21">there</w>
  <w id="22" lemma="|gossip|" pos="NN" wid="22">gossip</w>
  <w id="23" lemma="|?|" pos="." wid="23">?</w>
</sentence>
<sentence id="55">
  <w id="0" lemma="|if|" pos="IN" wid="0">If</w>
  <w id="1" lemma="|there|" pos="EX" wid="1">there</w>
  <w id="2" lemma="|be|" pos="VBZ" wid="2">is</w>
  <w id="3" lemma="|gossip|" pos="NN" wid="3">gossip</w>
  <w id="4" lemma="|,|" pos="," wid="4">,</w>
  <w id="5" lemma="|there|" pos="EX" wid="5">there</w>
  <w id="6" lemma="|be|" pos="VBZ" wid="6">is</w>
  <w id="7" lemma="|no|" pos="DT" wid="7">no</w>
  <w id="8" lemma="|harmony|" pos="NN" wid="8">harmony</w>
  <w id="9" lemma="|but|" pos="CC" wid="9">but</w>
  <w id="10" lemma="|rather|" pos="RB" wid="10">rather</w>
  <w id="11" lemma="|conflict|" pos="NN" wid="11">conflict</w>
  <w id="12" lemma="|.|" pos="." wid="12">.</w>
</sentence>
<sentence id="56">
  <w id="0" lemma="|and|" pos="CC" wid="0">And</w>
  <w id="1" lemma="|this|" pos="DT" wid="1">this</w>
  <w id="2" lemma="|be|" pos="VBZ" wid="2">is</w>
  <w id="3" lemma="|not|" pos="RB" wid="3">not</w>
  <w id="4" lemma="|the|" pos="DT" wid="4">the</w>
  <w id="5" lemma="|Church|" pos="NNP" wid="5">Church</w>
  <w id="6" lemma="|.|" pos="." wid="6">.</w>
</sentence>
<sentence id="57">
  <w id="0" lemma="|the|" pos="DT" wid="0">The</w>
  <w id="1" lemma="|Church|" pos="NNP" wid="1">Church</w>
  <w id="2" lemma="|be|" pos="VBZ" wid="2">is</w>
  <w id="3" lemma="|everyone|" pos="NN" wid="3">everyone</w>
  <w id="4" lemma="|in|" pos="IN" wid="4">in</w>
  <w id="5" lemma="|harmony|" pos="NN" wid="5">harmony</w>
  <w id="6" lemma="|:|" pos=":" wid="6">:</w>
  <w id="7" lemma="|never|" pos="RB" wid="7">never</w>
  <w id="8" lemma="|gossip|" pos="NN" wid="8">gossip</w>
  <w id="9" lemma="|about|" pos="IN" wid="9">about</w>
  <w id="10" lemma="|other|" pos="NNS" wid="10">others</w>
  <w id="11" lemma="|,|" pos="," wid="11">,</w>
  <w id="12" lemma="|never|" pos="RB" wid="12">never</w>
  <w id="13" lemma="|argue|" pos="VBP" wid="13">argue</w>
  <w id="14" lemma="|!|" pos="." wid="14">!</w>
</sentence>
<sentence id="58">
  <w id="0" lemma="|let|" pos="VB" wid="0">Let</w>
  <w id="1" lemma="|we|" pos="PRP" wid="1">us</w>
  <w id="2" lemma="|accept|" pos="VB" wid="2">accept</w>
  <w id="3" lemma="|other|" pos="NNS" wid="3">others</w>
  <w id="4" lemma="|,|" pos="," wid="4">,</w>
  <w id="5" lemma="|let|" pos="VB" wid="5">let</w>
  <w id="6" lemma="|we|" pos="PRP" wid="6">us</w>
  <w id="7" lemma="|accept|" pos="VB" wid="7">accept</w>
  <w id="8" lemma="|that|" pos="IN" wid="8">that</w>
  <w id="9" lemma="|there|" pos="EX" wid="9">there</w>
  <w id="10" lemma="|be|" pos="VBZ" wid="10">is</w>
  <w id="11" lemma="|a|" pos="DT" wid="11">a</w>
  <w id="12" lemma="|fitting|" pos="JJ" wid="12">fitting</w>
  <w id="13" lemma="|variety|" pos="NN" wid="13">variety</w>
  <w id="14" lemma="|,|" pos="," wid="14">,</w>
  <w id="15" lemma="|that|" pos="IN" wid="15">that</w>
  <w id="16" lemma="|this|" pos="DT" wid="16">this</w>
  <w id="17" lemma="|person|" pos="NN" wid="17">person</w>
  <w id="18" lemma="|be|" pos="VBZ" wid="18">is</w>
  <w id="19" lemma="|different|" pos="JJ" wid="19">different</w>
  <w id="20" lemma="|,|" pos="," wid="20">,</w>
  <w id="21" lemma="|that|" pos="IN" wid="21">that</w>
  <w id="22" lemma="|this|" pos="DT" wid="22">this</w>
  <w id="23" lemma="|person|" pos="NN" wid="23">person</w>
  <w id="24" lemma="|think|" pos="VBZ" wid="24">thinks</w>
  <w id="25" lemma="|about|" pos="IN" wid="25">about</w>
  <w id="26" lemma="|thing|" pos="NNS" wid="26">things</w>
  <w id="27" lemma="|in|" pos="IN" wid="27">in</w>
  <w id="28" lemma="|this|" pos="DT" wid="28">this</w>
  <w id="29" lemma="|way|" pos="NN" wid="29">way</w>
  <w id="30" lemma="|or|" pos="CC" wid="30">or</w>
  <w id="31" lemma="|that|" pos="DT" wid="31">that</w>
  <w id="32" lemma="|--|" pos=":" wid="32">--</w>
  <w id="33" lemma="|that|" pos="IN" wid="33">that</w>
  <w id="34" lemma="|within|" pos="IN" wid="34">within</w>
  <w id="35" lemma="|one|" pos="CD" wid="35">one</w>
  <w id="36" lemma="|and|" pos="CC" wid="36">and</w>
  <w id="37" lemma="|the|" pos="DT" wid="37">the</w>
  <w id="38" lemma="|same|" pos="JJ" wid="38">same</w>
  <w id="39" lemma="|faith|" pos="NN" wid="39">faith</w>
  <w id="40" lemma="|we|" pos="PRP" wid="40">we</w>
  <w id="41" lemma="|can|" pos="MD" wid="41">can</w>
  <w id="42" lemma="|think|" pos="VB" wid="42">think</w>
  <w id="43" lemma="|about|" pos="IN" wid="43">about</w>
  <w id="44" lemma="|thing|" pos="NNS" wid="44">things</w>
  <w id="45" lemma="|differently|" pos="RB" wid="45">differently</w>
  <w id="46" lemma="|--|" pos=":" wid="46">--</w>
  <w id="47" lemma="|or|" pos="CC" wid="47">or</w>
  <w id="48" lemma="|do|" pos="VBP" wid="48">do</w>
  <w id="49" lemma="|we|" pos="PRP" wid="49">we</w>
  <w id="50" lemma="|tend|" pos="VB" wid="50">tend</w>
  <w id="51" lemma="|to|" pos="TO" wid="51">to</w>
  <w id="52" lemma="|make|" pos="VB" wid="52">make</w>
  <w id="53" lemma="|everything|" pos="NN" wid="53">everything</w>
  <w id="54" lemma="|uniform|" pos="NN" wid="54">uniform</w>
  <w id="55" lemma="|?|" pos="." wid="55">?</w>
</sentence>
<sentence id="59">
  <w id="0" lemma="|but|" pos="CC" wid="0">But</w>
  <w id="1" lemma="|uniformity|" pos="NN" wid="1">uniformity</w>
  <w id="2" lemma="|kill|" pos="VBZ" wid="2">kills</w>
  <w id="3" lemma="|life|" pos="NN" wid="3">life</w>
  <w id="4" lemma="|.|" pos="." wid="4">.</w>
</sentence>
<sentence id="60">
  <w id="0" lemma="|the|" pos="DT" wid="0">The</w>
  <w id="1" lemma="|life|" pos="NN" wid="1">life</w>
  <w id="2" lemma="|of|" pos="IN" wid="2">of</w>
  <w id="3" lemma="|the|" pos="DT" wid="3">the</w>
  <w id="4" lemma="|Church|" pos="NNP" wid="4">Church</w>
  <w id="5" lemma="|be|" pos="VBZ" wid="5">is</w>
  <w id="6" lemma="|variety|" pos="NN" wid="6">variety</w>
  <w id="7" lemma="|,|" pos="," wid="7">,</w>
  <w id="8" lemma="|and|" pos="CC" wid="8">and</w>
  <w id="9" lemma="|when|" pos="WRB" wid="9">when</w>
  <w id="10" lemma="|we|" pos="PRP" wid="10">we</w>
  <w id="11" lemma="|want|" pos="VBP" wid="11">want</w>
  <w id="12" lemma="|to|" pos="TO" wid="12">to</w>
  <w id="13" lemma="|impose|" pos="VB" wid="13">impose</w>
  <w id="14" lemma="|this|" pos="DT" wid="14">this</w>
  <w id="15" lemma="|uniformity|" pos="NN" wid="15">uniformity</w>
  <w id="16" lemma="|on|" pos="IN" wid="16">on</w>
  <w id="17" lemma="|everyone|" pos="NN" wid="17">everyone</w>
  <w id="18" lemma="|we|" pos="PRP" wid="18">we</w>
  <w id="19" lemma="|kill|" pos="VBP" wid="19">kill</w>
  <w id="20" lemma="|the|" pos="DT" wid="20">the</w>
  <w id="21" lemma="|gift|" pos="NNS" wid="21">gifts</w>
  <w id="22" lemma="|of|" pos="IN" wid="22">of</w>
  <w id="23" lemma="|the|" pos="DT" wid="23">the</w>
  <w id="24" lemma="|holy|" pos="JJ" wid="24">Holy</w>
  <w id="25" lemma="|spirit|" pos="NN" wid="25">Spirit</w>
  <w id="26" lemma="|.|" pos="." wid="26">.</w>
</sentence>
<sentence id="61">
  <w id="0" lemma="|let|" pos="VB" wid="0">Let</w>
  <w id="1" lemma="|we|" pos="PRP" wid="1">us</w>
  <w id="2" lemma="|pray|" pos="VB" wid="2">pray</w>
  <w id="3" lemma="|to|" pos="TO" wid="3">to</w>
  <w id="4" lemma="|the|" pos="DT" wid="4">the</w>
  <w id="5" lemma="|Holy|" pos="NNP" wid="5">Holy</w>
  <w id="6" lemma="|Spirit|" pos="NNP" wid="6">Spirit</w>
  <w id="7" lemma="|,|" pos="," wid="7">,</w>
  <w id="8" lemma="|who|" pos="WP" wid="8">who</w>
  <w id="9" lemma="|be|" pos="VBZ" wid="9">is</w>
  <w id="10" lemma="|truly|" pos="RB" wid="10">truly</w>
  <w id="11" lemma="|the|" pos="DT" wid="11">the</w>
  <w id="12" lemma="|author|" pos="NN" wid="12">author</w>
  <w id="13" lemma="|of|" pos="IN" wid="13">of</w>
  <w id="14" lemma="|this|" pos="DT" wid="14">this</w>
  <w id="15" lemma="|unity|" pos="NN" wid="15">unity</w>
  <w id="16" lemma="|in|" pos="IN" wid="16">in</w>
  <w id="17" lemma="|variety|" pos="NN" wid="17">variety</w>
  <w id="18" lemma="|,|" pos="," wid="18">,</w>
  <w id="19" lemma="|of|" pos="IN" wid="19">of</w>
  <w id="20" lemma="|this|" pos="DT" wid="20">this</w>
  <w id="21" lemma="|harmony|" pos="NN" wid="21">harmony</w>
  <w id="22" lemma="|,|" pos="," wid="22">,</w>
  <w id="23" lemma="|that|" pos="IN" wid="23">that</w>
  <w id="24" lemma="|he|" pos="PRP" wid="24">he</w>
  <w id="25" lemma="|might|" pos="MD" wid="25">might</w>
  <w id="26" lemma="|make|" pos="VB" wid="26">make</w>
  <w id="27" lemma="|we|" pos="PRP" wid="27">us</w>
  <w id="28" lemma="|ever|" pos="RB" wid="28">ever</w>
  <w id="29" lemma="|more|" pos="RBR" wid="29">more</w>
  <w id="30" lemma="|``|" pos="``" wid="30">``</w>
  <w id="31" lemma="|catholic|" pos="JJ" wid="31">catholic</w>
  <w id="32" lemma="|''|" pos="''" wid="32">''</w>
  <w id="33" lemma="|in|" pos="IN" wid="33">in</w>
  <w id="34" lemma="|this|" pos="DT" wid="34">this</w>
  <w id="35" lemma="|church|" pos="NN" wid="35">Church</w>
  <w id="36" lemma="|which|" pos="WDT" wid="36">which</w>
  <w id="37" lemma="|be|" pos="VBZ" wid="37">is</w>
  <w id="38" lemma="|catholic|" pos="JJ" wid="38">catholic</w>
  <w id="39" lemma="|and|" pos="CC" wid="39">and</w>
  <w id="40" lemma="|universal|" pos="JJ" wid="40">universal</w>
  <w id="41" lemma="|!|" pos="." wid="41">!</w>
</sentence>
<sentence id="62">
  <w id="0" lemma="|thank|" pos="VB" wid="0">Thank</w>
  <w id="1" lemma="|you|" pos="PRP" wid="1">you</w>
  <w id="2" lemma="|.|" pos="." wid="2">.</w>
</sentence>
<sentence id="63">
  <w id="0" lemma="|to|" pos="TO" wid="0">To</w>
  <w id="1" lemma="|special|" pos="JJ" wid="1">special</w>
  <w id="2" lemma="|group|" pos="NNS" wid="2">groups</w>
  <w id="3" lemma="|I|" pos="PRP" wid="3">I</w>
  <w id="4" lemma="|cordially|" pos="RB" wid="4">cordially</w>
  <w id="5" lemma="|greet|" pos="VB" wid="5">greet</w>
  <w id="6" lemma="|all|" pos="PDT" wid="6">all</w>
  <w id="7" lemma="|the|" pos="DT" wid="7">the</w>
  <w id="8" lemma="|english-speaking|" pos="JJ" wid="8">English-speaking</w>
  <w id="9" lemma="|pilgrim|" pos="NNS" wid="9">pilgrims</w>
  <w id="10" lemma="|present|" pos="JJ" wid="10">present</w>
  <w id="11" lemma="|at|" pos="IN" wid="11">at</w>
  <w id="12" lemma="|today|" pos="NN" wid="12">today</w>
  <w id="13" lemma="|'s|" pos="POS" wid="13">'s</w>
  <w id="14" lemma="|audience|" pos="NN" wid="14">Audience</w>
  <w id="15" lemma="|,|" pos="," wid="15">,</w>
  <w id="16" lemma="|include|" pos="VBG" wid="16">including</w>
  <w id="17" lemma="|those|" pos="DT" wid="17">those</w>
  <w id="18" lemma="|from|" pos="IN" wid="18">from</w>
  <w id="19" lemma="|England|" pos="NNP" wid="19">England</w>
  <w id="20" lemma="|,|" pos="," wid="20">,</w>
  <w id="21" lemma="|Scotland|" pos="NNP" wid="21">Scotland</w>
  <w id="22" lemma="|,|" pos="," wid="22">,</w>
  <w id="23" lemma="|Ireland|" pos="NNP" wid="23">Ireland</w>
  <w id="24" lemma="|,|" pos="," wid="24">,</w>
  <w id="25" lemma="|Denmark|" pos="NNP" wid="25">Denmark</w>
  <w id="26" lemma="|,|" pos="," wid="26">,</w>
  <w id="27" lemma="|Sweden|" pos="NNP" wid="27">Sweden</w>
  <w id="28" lemma="|,|" pos="," wid="28">,</w>
  <w id="29" lemma="|Ghana|" pos="NNP" wid="29">Ghana</w>
  <w id="30" lemma="|,|" pos="," wid="30">,</w>
  <w id="31" lemma="|Nigeria|" pos="NNP" wid="31">Nigeria</w>
  <w id="32" lemma="|,|" pos="," wid="32">,</w>
  <w id="33" lemma="|Australia|" pos="NNP" wid="33">Australia</w>
  <w id="34" lemma="|,|" pos="," wid="34">,</w>
  <w id="35" lemma="|Indonesia|" pos="NNP" wid="35">Indonesia</w>
  <w id="36" lemma="|,|" pos="," wid="36">,</w>
  <w id="37" lemma="|the|" pos="DT" wid="37">the</w>
  <w id="38" lemma="|Philippines|" pos="NNPS" wid="38">Philippines</w>
  <w id="39" lemma="|,|" pos="," wid="39">,</w>
  <w id="40" lemma="|Canada|" pos="NNP" wid="40">Canada</w>
  <w id="41" lemma="|and|" pos="CC" wid="41">and</w>
  <w id="42" lemma="|the|" pos="DT" wid="42">the</w>
  <w id="43" lemma="|United|" pos="NNP" wid="43">United</w>
  <w id="44" lemma="|States|" pos="NNPS" wid="44">States</w>
  <w id="45" lemma="|.|" pos="." wid="45">.</w>
</sentence>
<sentence id="64">
  <w id="0" lemma="|my|" pos="PRP$" wid="0">My</w>
  <w id="1" lemma="|particular|" pos="JJ" wid="1">particular</w>
  <w id="2" lemma="|greet|" pos="VBG" wid="2">greeting</w>
  <w id="3" lemma="|go|" pos="VBZ" wid="3">goes</w>
  <w id="4" lemma="|to|" pos="TO" wid="4">to</w>
  <w id="5" lemma="|the|" pos="DT" wid="5">the</w>
  <w id="6" lemma="|new|" pos="JJ" wid="6">new</w>
  <w id="7" lemma="|student|" pos="NNS" wid="7">students</w>
  <w id="8" lemma="|of|" pos="IN" wid="8">of</w>
  <w id="9" lemma="|the|" pos="DT" wid="9">the</w>
  <w id="10" lemma="|Pontifical|" pos="NNP" wid="10">Pontifical</w>
  <w id="11" lemma="|Beda|" pos="NNP" wid="11">Beda</w>
  <w id="12" lemma="|College|" pos="NNP" wid="12">College</w>
  <w id="13" lemma="|.|" pos="." wid="13">.</w>
</sentence>
<sentence id="65">
  <w id="0" lemma="|upon|" pos="IN" wid="0">Upon</w>
  <w id="1" lemma="|all|" pos="DT" wid="1">all</w>
  <w id="2" lemma="|of|" pos="IN" wid="2">of</w>
  <w id="3" lemma="|you|" pos="PRP" wid="3">you</w>
  <w id="4" lemma="|,|" pos="," wid="4">,</w>
  <w id="5" lemma="|and|" pos="CC" wid="5">and</w>
  <w id="6" lemma="|you|" pos="PRP$" wid="6">your</w>
  <w id="7" lemma="|family|" pos="NNS" wid="7">families</w>
  <w id="8" lemma="|,|" pos="," wid="8">,</w>
  <w id="9" lemma="|I|" pos="PRP" wid="9">I</w>
  <w id="10" lemma="|invoke|" pos="VBP" wid="10">invoke</w>
  <w id="11" lemma="|God|" pos="NNP" wid="11">God</w>
  <w id="12" lemma="|'s|" pos="POS" wid="12">'s</w>
  <w id="13" lemma="|blessing|" pos="NNS" wid="13">blessings</w>
  <w id="14" lemma="|of|" pos="IN" wid="14">of</w>
  <w id="15" lemma="|joy|" pos="NN" wid="15">joy</w>
  <w id="16" lemma="|and|" pos="CC" wid="16">and</w>
  <w id="17" lemma="|peace|" pos="NN" wid="17">peace</w>
  <w id="18" lemma="|!|" pos="." wid="18">!</w>
</sentence>
<sentence id="66">
  <w id="0" lemma="|Dear|" pos="NNP" wid="0">Dear</w>
  <w id="1" lemma="|arabic-speaking|" pos="JJ" wid="1">Arabic-speaking</w>
  <w id="2" lemma="|faithful|" pos="NN" wid="2">faithful</w>
  <w id="3" lemma="|,|" pos="," wid="3">,</w>
  <w id="4" lemma="|one|" pos="CD" wid="4">one</w>
  <w id="5" lemma="|year|" pos="NN" wid="5">year</w>
  <w id="6" lemma="|ago|" pos="IN" wid="6">ago</w>
  <w id="7" lemma="|,|" pos="," wid="7">,</w>
  <w id="8" lemma="|10|" pos="CD" wid="8">10</w>
  <w id="9" lemma="|October|" pos="NNP" wid="9">October</w>
  <w id="10" lemma="|2012|" pos="CD" wid="10">2012</w>
  <w id="11" lemma="|,|" pos="," wid="11">,</w>
  <w id="12" lemma="|Pope|" pos="NNP" wid="12">Pope</w>
  <w id="13" lemma="|Benedict|" pos="NNP" wid="13">Benedict</w>
  <w id="14" lemma="|,|" pos="," wid="14">,</w>
  <w id="15" lemma="|after|" pos="IN" wid="15">after</w>
  <w id="16" lemma="|he|" pos="PRP$" wid="16">his</w>
  <w id="17" lemma="|journey|" pos="NN" wid="17">Journey</w>
  <w id="18" lemma="|to|" pos="TO" wid="18">to</w>
  <w id="19" lemma="|Lebanon|" pos="NNP" wid="19">Lebanon</w>
  <w id="20" lemma="|and|" pos="CC" wid="20">and</w>
  <w id="21" lemma="|consign|" pos="VBG" wid="21">consigning</w>
  <w id="22" lemma="|of|" pos="IN" wid="22">of</w>
  <w id="23" lemma="|the|" pos="DT" wid="23">the</w>
  <w id="24" lemma="|Apostolic|" pos="NNP" wid="24">Apostolic</w>
  <w id="25" lemma="|Exhortation|" pos="NNP" wid="25">Exhortation</w>
  <w id="26" lemma="|,|" pos="," wid="26">,</w>
  <w id="27" lemma="|The|" pos="NNP" wid="27">The</w>
  <w id="28" lemma="|Church|" pos="NNP" wid="28">Church</w>
  <w id="29" lemma="|in|" pos="IN" wid="29">in</w>
  <w id="30" lemma="|the|" pos="DT" wid="30">the</w>
  <w id="31" lemma="|Middle|" pos="NNP" wid="31">Middle</w>
  <w id="32" lemma="|East|" pos="NNP" wid="32">East</w>
  <w id="33" lemma="|:|" pos=":" wid="33">:</w>
  <w id="34" lemma="|Communion|" pos="NNP" wid="34">Communion</w>
  <w id="35" lemma="|and|" pos="CC" wid="35">and</w>
  <w id="36" lemma="|Witness|" pos="NNP" wid="36">Witness</w>
  <w id="37" lemma="|,|" pos="," wid="37">,</w>
  <w id="38" lemma="|he|" pos="PRP" wid="38">he</w>
  <w id="39" lemma="|introduce|" pos="VBD" wid="39">introduced</w>
  <w id="40" lemma="|the|" pos="DT" wid="40">the</w>
  <w id="41" lemma="|arabic|" pos="JJ" wid="41">Arabic</w>
  <w id="42" lemma="|language|" pos="NN" wid="42">language</w>
  <w id="43" lemma="|to|" pos="TO" wid="43">to</w>
  <w id="44" lemma="|the|" pos="DT" wid="44">the</w>
  <w id="45" lemma="|General|" pos="NNP" wid="45">General</w>
  <w id="46" lemma="|Audience|" pos="NNP" wid="46">Audience</w>
  <w id="47" lemma="|,|" pos="," wid="47">,</w>
  <w id="48" lemma="|as|" pos="IN" wid="48">as</w>
  <w id="49" lemma="|request|" pos="VBN" wid="49">requested</w>
  <w id="50" lemma="|by|" pos="IN" wid="50">by</w>
  <w id="51" lemma="|the|" pos="DT" wid="51">the</w>
  <w id="52" lemma="|Synod|" pos="NNP" wid="52">Synod</w>
  <w id="53" lemma="|father|" pos="NNS" wid="53">Fathers</w>
  <w id="54" lemma="|,|" pos="," wid="54">,</w>
  <w id="55" lemma="|in|" pos="IN" wid="55">in</w>
  <w id="56" lemma="|order|" pos="NN" wid="56">order</w>
  <w id="57" lemma="|to|" pos="TO" wid="57">to</w>
  <w id="58" lemma="|express|" pos="VB" wid="58">express</w>
  <w id="59" lemma="|to|" pos="TO" wid="59">to</w>
  <w id="60" lemma="|all|" pos="DT" wid="60">all</w>
  <w id="61" lemma="|christian|" pos="NNS" wid="61">Christians</w>
  <w id="62" lemma="|of|" pos="IN" wid="62">of</w>
  <w id="63" lemma="|the|" pos="DT" wid="63">the</w>
  <w id="64" lemma="|Middle|" pos="NNP" wid="64">Middle</w>
  <w id="65" lemma="|East|" pos="NNP" wid="65">East</w>
  <w id="66" lemma="|the|" pos="DT" wid="66">the</w>
  <w id="67" lemma="|closeness|" pos="NN" wid="67">closeness</w>
  <w id="68" lemma="|of|" pos="IN" wid="68">of</w>
  <w id="69" lemma="|the|" pos="DT" wid="69">the</w>
  <w id="70" lemma="|Catholic|" pos="NNP" wid="70">Catholic</w>
  <w id="71" lemma="|Church|" pos="NNP" wid="71">Church</w>
  <w id="72" lemma="|to|" pos="TO" wid="72">to</w>
  <w id="73" lemma="|she|" pos="PRP$" wid="73">her</w>
  <w id="74" lemma="|child|" pos="NNS" wid="74">children</w>
  <w id="75" lemma="|in|" pos="IN" wid="75">in</w>
  <w id="76" lemma="|the|" pos="DT" wid="76">the</w>
  <w id="77" lemma="|East|" pos="NNP" wid="77">East</w>
  <w id="78" lemma="|.|" pos="." wid="78">.</w>
</sentence>
<sentence id="67">
  <w id="0" lemma="|and|" pos="CC" wid="0">And</w>
  <w id="1" lemma="|today|" pos="NN" wid="1">today</w>
  <w id="2" lemma="|by|" pos="IN" wid="2">by</w>
  <w id="3" lemma="|speaking|" pos="NN" wid="3">speaking</w>
  <w id="4" lemma="|of|" pos="IN" wid="4">of</w>
  <w id="5" lemma="|the|" pos="DT" wid="5">the</w>
  <w id="6" lemma="|expression|" pos="NN" wid="6">expression</w>
  <w id="7" lemma="|:|" pos=":" wid="7">:</w>
  <w id="8" lemma="|``|" pos="``" wid="8">``</w>
  <w id="9" lemma="|I|" pos="PRP" wid="9">I</w>
  <w id="10" lemma="|believe|" pos="VBP" wid="10">believe</w>
  <w id="11" lemma="|in|" pos="IN" wid="11">in</w>
  <w id="12" lemma="|the|" pos="DT" wid="12">the</w>
  <w id="13" lemma="|Catholic|" pos="NNP" wid="13">Catholic</w>
  <w id="14" lemma="|Church|" pos="NNP" wid="14">Church</w>
  <w id="15" lemma="|''|" pos="''" wid="15">''</w>
  <w id="16" lemma="|,|" pos="," wid="16">,</w>
  <w id="17" lemma="|I|" pos="PRP" wid="17">I</w>
  <w id="18" lemma="|ask|" pos="VBP" wid="18">ask</w>
  <w id="19" lemma="|you|" pos="PRP" wid="19">you</w>
  <w id="20" lemma="|to|" pos="TO" wid="20">to</w>
  <w id="21" lemma="|pray|" pos="VB" wid="21">pray</w>
  <w id="22" lemma="|for|" pos="IN" wid="22">for</w>
  <w id="23" lemma="|peace|" pos="NN" wid="23">peace</w>
  <w id="24" lemma="|in|" pos="IN" wid="24">in</w>
  <w id="25" lemma="|the|" pos="DT" wid="25">the</w>
  <w id="26" lemma="|Middle|" pos="NNP" wid="26">Middle</w>
  <w id="27" lemma="|East|" pos="NNP" wid="27">East</w>
  <w id="28" lemma="|:|" pos=":" wid="28">:</w>
  <w id="29" lemma="|in|" pos="IN" wid="29">in</w>
  <w id="30" lemma="|Syria|" pos="NNP" wid="30">Syria</w>
  <w id="31" lemma="|,|" pos="," wid="31">,</w>
  <w id="32" lemma="|in|" pos="IN" wid="32">in</w>
  <w id="33" lemma="|Iraq|" pos="NNP" wid="33">Iraq</w>
  <w id="34" lemma="|,|" pos="," wid="34">,</w>
  <w id="35" lemma="|in|" pos="IN" wid="35">in</w>
  <w id="36" lemma="|Egypt|" pos="NNP" wid="36">Egypt</w>
  <w id="37" lemma="|,|" pos="," wid="37">,</w>
  <w id="38" lemma="|in|" pos="IN" wid="38">in</w>
  <w id="39" lemma="|Lebanon|" pos="NNP" wid="39">Lebanon</w>
  <w id="40" lemma="|and|" pos="CC" wid="40">and</w>
  <w id="41" lemma="|in|" pos="IN" wid="41">in</w>
  <w id="42" lemma="|the|" pos="DT" wid="42">the</w>
  <w id="43" lemma="|Holy|" pos="NNP" wid="43">Holy</w>
  <w id="44" lemma="|Land|" pos="NNP" wid="44">Land</w>
  <w id="45" lemma="|where|" pos="WRB" wid="45">where</w>
  <w id="46" lemma="|the|" pos="DT" wid="46">the</w>
  <w id="47" lemma="|Prince|" pos="NNP" wid="47">Prince</w>
  <w id="48" lemma="|of|" pos="IN" wid="48">of</w>
  <w id="49" lemma="|Peace|" pos="NNP" wid="49">Peace</w>
  <w id="50" lemma="|,|" pos="," wid="50">,</w>
  <w id="51" lemma="|Jesus|" pos="NNP" wid="51">Jesus</w>
  <w id="52" lemma="|Christ|" pos="NNP" wid="52">Christ</w>
  <w id="53" lemma="|,|" pos="," wid="53">,</w>
  <w id="54" lemma="|be|" pos="VBD" wid="54">was</w>
  <w id="55" lemma="|bear|" pos="VBN" wid="55">born</w>
  <w id="56" lemma="|.|" pos="." wid="56">.</w>
</sentence>
<sentence id="68">
  <w id="0" lemma="|pray|" pos="VB" wid="0">Pray</w>
  <w id="1" lemma="|that|" pos="IN" wid="1">that</w>
  <w id="2" lemma="|the|" pos="DT" wid="2">the</w>
  <w id="3" lemma="|light|" pos="NN" wid="3">light</w>
  <w id="4" lemma="|of|" pos="IN" wid="4">of</w>
  <w id="5" lemma="|Christ|" pos="NNP" wid="5">Christ</w>
  <w id="6" lemma="|reach|" pos="VBP" wid="6">reach</w>
  <w id="7" lemma="|every|" pos="DT" wid="7">every</w>
  <w id="8" lemma="|heart|" pos="NN" wid="8">heart</w>
  <w id="9" lemma="|and|" pos="CC" wid="9">and</w>
  <w id="10" lemma="|every|" pos="DT" wid="10">every</w>
  <w id="11" lemma="|place|" pos="NN" wid="11">place</w>
  <w id="12" lemma="|to|" pos="TO" wid="12">to</w>
  <w id="13" lemma="|the|" pos="DT" wid="13">the</w>
  <w id="14" lemma="|end|" pos="NNS" wid="14">ends</w>
  <w id="15" lemma="|of|" pos="IN" wid="15">of</w>
  <w id="16" lemma="|the|" pos="DT" wid="16">the</w>
  <w id="17" lemma="|earth|" pos="NN" wid="17">earth</w>
  <w id="18" lemma="|.|" pos="." wid="18">.</w>
</sentence>
<sentence id="69">
  <w id="0" lemma="|the|" pos="DT" wid="0">The</w>
  <w id="1" lemma="|blessing|" pos="NN" wid="1">blessing</w>
  <w id="2" lemma="|of|" pos="IN" wid="2">of</w>
  <w id="3" lemma="|the|" pos="DT" wid="3">the</w>
  <w id="4" lemma="|Lord|" pos="NNP" wid="4">Lord</w>
  <w id="5" lemma="|be|" pos="VB" wid="5">be</w>
  <w id="6" lemma="|with|" pos="IN" wid="6">with</w>
  <w id="7" lemma="|you|" pos="PRP" wid="7">you</w>
  <w id="8" lemma="|always|" pos="RB" wid="8">always</w>
  <w id="9" lemma="|!|" pos="." wid="9">!</w>
</sentence>
<sentence id="70">
  <w id="0" lemma="|then|" pos="RB" wid="0">Then</w>
  <w id="1" lemma="|I|" pos="PRP" wid="1">I</w>
  <w id="2" lemma="|turn|" pos="VBP" wid="2">turn</w>
  <w id="3" lemma="|my|" pos="PRP$" wid="3">my</w>
  <w id="4" lemma="|thought|" pos="NNS" wid="4">thoughts</w>
  <w id="5" lemma="|to|" pos="TO" wid="5">to</w>
  <w id="6" lemma="|the|" pos="DT" wid="6">the</w>
  <w id="7" lemma="|young|" pos="JJ" wid="7">young</w>
  <w id="8" lemma="|people|" pos="NNS" wid="8">people</w>
  <w id="9" lemma="|,|" pos="," wid="9">,</w>
  <w id="10" lemma="|to|" pos="TO" wid="10">to</w>
  <w id="11" lemma="|the|" pos="DT" wid="11">the</w>
  <w id="12" lemma="|sick|" pos="JJ" wid="12">sick</w>
  <w id="13" lemma="|and|" pos="CC" wid="13">and</w>
  <w id="14" lemma="|to|" pos="TO" wid="14">to</w>
  <w id="15" lemma="|newlywed|" pos="NNS" wid="15">newlyweds</w>
  <w id="16" lemma="|.|" pos="." wid="16">.</w>
</sentence>
<sentence id="71">
  <w id="0" lemma="|I|" pos="PRP" wid="0">I</w>
  <w id="1" lemma="|thank|" pos="VBP" wid="1">thank</w>
  <w id="2" lemma="|all|" pos="DT" wid="2">all</w>
  <w id="3" lemma="|of|" pos="IN" wid="3">of</w>
  <w id="4" lemma="|you|" pos="PRP" wid="4">you</w>
  <w id="5" lemma="|for|" pos="IN" wid="5">for</w>
  <w id="6" lemma="|come|" pos="VBG" wid="6">coming</w>
  <w id="7" lemma="|to|" pos="TO" wid="7">to</w>
  <w id="8" lemma="|this|" pos="DT" wid="8">this</w>
  <w id="9" lemma="|meeting|" pos="NN" wid="9">meeting</w>
  <w id="10" lemma="|,|" pos="," wid="10">,</w>
  <w id="11" lemma="|and|" pos="CC" wid="11">and</w>
  <w id="12" lemma="|I|" pos="PRP" wid="12">I</w>
  <w id="13" lemma="|encourage|" pos="VBP" wid="13">encourage</w>
  <w id="14" lemma="|you|" pos="PRP" wid="14">you</w>
  <w id="15" lemma="|to|" pos="TO" wid="15">to</w>
  <w id="16" lemma="|listen|" pos="VB" wid="16">listen</w>
  <w id="17" lemma="|to|" pos="TO" wid="17">to</w>
  <w id="18" lemma="|the|" pos="DT" wid="18">the</w>
  <w id="19" lemma="|``|" pos="``" wid="19">``</w>
  <w id="20" lemma="|wound|" pos="NNS" wid="20">wounds</w>
  <w id="21" lemma="|of|" pos="IN" wid="21">of</w>
  <w id="22" lemma="|Jesus|" pos="NNP" wid="22">Jesus</w>
  <w id="23" lemma="|''|" pos="''" wid="23">''</w>
  <w id="24" lemma="|,|" pos="," wid="24">,</w>
  <w id="25" lemma="|through|" pos="IN" wid="25">through</w>
  <w id="26" lemma="|a|" pos="DT" wid="26">a</w>
  <w id="27" lemma="|care|" pos="VBG" wid="27">caring</w>
  <w id="28" lemma="|attention|" pos="NN" wid="28">attention</w>
  <w id="29" lemma="|to|" pos="TO" wid="29">to</w>
  <w id="30" lemma="|the|" pos="DT" wid="30">the</w>
  <w id="31" lemma="|weakest|" pos="JJS" wid="31">weakest</w>
  <w id="32" lemma="|and|" pos="CC" wid="32">and</w>
  <w id="33" lemma="|most|" pos="JJS" wid="33">most</w>
  <w id="34" lemma="|in|" pos="IN" wid="34">in</w>
  <w id="35" lemma="|need|" pos="NN" wid="35">need</w>
  <w id="36" lemma="|.|" pos="." wid="36">.</w>
</sentence>
<sentence id="72">
  <w id="0" lemma="|with|" pos="IN" wid="0">With</w>
  <w id="1" lemma="|special|" pos="JJ" wid="1">special</w>
  <w id="2" lemma="|affection|" pos="NN" wid="2">affection</w>
  <w id="3" lemma="|,|" pos="," wid="3">,</w>
  <w id="4" lemma="|I|" pos="PRP" wid="4">I</w>
  <w id="5" lemma="|greet|" pos="VBP" wid="5">greet</w>
  <w id="6" lemma="|each|" pos="DT" wid="6">each</w>
  <w id="7" lemma="|of|" pos="IN" wid="7">of</w>
  <w id="8" lemma="|the|" pos="DT" wid="8">the</w>
  <w id="9" lemma="|bishop|" pos="NNS" wid="9">Bishops</w>
  <w id="10" lemma="|of|" pos="IN" wid="10">of</w>
  <w id="11" lemma="|the|" pos="DT" wid="11">the</w>
  <w id="12" lemma="|Church|" pos="NNP" wid="12">Church</w>
  <w id="13" lemma="|of|" pos="IN" wid="13">of</w>
  <w id="14" lemma="|the|" pos="DT" wid="14">the</w>
  <w id="15" lemma="|alexandrian|" pos="JJ" wid="15">Alexandrian</w>
  <w id="16" lemma="|tradition|" pos="NN" wid="16">tradition</w>
  <w id="17" lemma="|of|" pos="IN" wid="17">of</w>
  <w id="18" lemma="|Ethiopia|" pos="NNP" wid="18">Ethiopia</w>
  <w id="19" lemma="|and|" pos="CC" wid="19">and</w>
  <w id="20" lemma="|Eritrea|" pos="NNP" wid="20">Eritrea</w>
  <w id="21" lemma="|,|" pos="," wid="21">,</w>
  <w id="22" lemma="|to|" pos="TO" wid="22">to</w>
  <w id="23" lemma="|whom|" pos="WP" wid="23">whom</w>
  <w id="24" lemma="|I|" pos="PRP" wid="24">I</w>
  <w id="25" lemma="|remain|" pos="VBP" wid="25">remain</w>
  <w id="26" lemma="|particularly|" pos="RB" wid="26">particularly</w>
  <w id="27" lemma="|close|" pos="JJ" wid="27">close</w>
  <w id="28" lemma="|in|" pos="IN" wid="28">in</w>
  <w id="29" lemma="|prayer|" pos="NN" wid="29">prayer</w>
  <w id="30" lemma="|and|" pos="CC" wid="30">and</w>
  <w id="31" lemma="|suffering|" pos="NN" wid="31">suffering</w>
  <w id="32" lemma="|for|" pos="IN" wid="32">for</w>
  <w id="33" lemma="|the|" pos="DT" wid="33">the</w>
  <w id="34" lemma="|many|" pos="JJ" wid="34">many</w>
  <w id="35" lemma="|child|" pos="NNS" wid="35">children</w>
  <w id="36" lemma="|of|" pos="IN" wid="36">of</w>
  <w id="37" lemma="|they|" pos="PRP$" wid="37">their</w>
  <w id="38" lemma="|land|" pos="NN" wid="38">land</w>
  <w id="39" lemma="|who|" pos="WP" wid="39">who</w>
  <w id="40" lemma="|lose|" pos="VBD" wid="40">lost</w>
  <w id="41" lemma="|they|" pos="PRP$" wid="41">their</w>
  <w id="42" lemma="|life|" pos="NNS" wid="42">lives</w>
  <w id="43" lemma="|in|" pos="IN" wid="43">in</w>
  <w id="44" lemma="|the|" pos="DT" wid="44">the</w>
  <w id="45" lemma="|tragedy|" pos="NN" wid="45">tragedy</w>
  <w id="46" lemma="|of|" pos="IN" wid="46">of</w>
  <w id="47" lemma="|Lampedusa|" pos="NNP" wid="47">Lampedusa</w>
  <w id="48" lemma="|.|" pos="." wid="48">.</w>
</sentence>
</corpus>