<corpus id="0">
<sentence id="0">
  <w id="0" lemma="|Dear|" pos="NNP" wid="0">Dear</w>
  <w id="1" lemma="|Brothers|" pos="NNPS" wid="1">Brothers</w>
  <w id="2" lemma="|and|" pos="CC" wid="2">and</w>
  <w id="3" lemma="|sister|" pos="NNS" wid="3">Sisters</w>
  <w id="4" lemma="|,|" pos="," wid="4">,</w>
  <w id="5" lemma="|good|" pos="JJ" wid="5">Good</w>
  <w id="6" lemma="|morning|" pos="NN" wid="6">morning</w>
  <w id="7" lemma="|,|" pos="," wid="7">,</w>
  <w id="8" lemma="|the|" pos="DT" wid="8">The</w>
  <w id="9" lemma="|gift|" pos="NN" wid="9">gift</w>
  <w id="10" lemma="|of|" pos="IN" wid="10">of</w>
  <w id="11" lemma="|fear|" pos="NN" wid="11">fear</w>
  <w id="12" lemma="|of|" pos="IN" wid="12">of</w>
  <w id="13" lemma="|the|" pos="DT" wid="13">the</w>
  <w id="14" lemma="|Lord|" pos="NNP" wid="14">Lord</w>
  <w id="15" lemma="|,|" pos="," wid="15">,</w>
  <w id="16" lemma="|which|" pos="WDT" wid="16">which</w>
  <w id="17" lemma="|we|" pos="PRP" wid="17">we</w>
  <w id="18" lemma="|be|" pos="VBP" wid="18">are</w>
  <w id="19" lemma="|speak|" pos="VBG" wid="19">speaking</w>
  <w id="20" lemma="|about|" pos="IN" wid="20">about</w>
  <w id="21" lemma="|today|" pos="NN" wid="21">today</w>
  <w id="22" lemma="|,|" pos="," wid="22">,</w>
  <w id="23" lemma="|conclude|" pos="VBZ" wid="23">concludes</w>
  <w id="24" lemma="|the|" pos="DT" wid="24">the</w>
  <w id="25" lemma="|series|" pos="NN" wid="25">series</w>
  <w id="26" lemma="|of|" pos="IN" wid="26">of</w>
  <w id="27" lemma="|the|" pos="DT" wid="27">the</w>
  <w id="28" lemma="|seven|" pos="CD" wid="28">seven</w>
  <w id="29" lemma="|gift|" pos="NNS" wid="29">gifts</w>
  <w id="30" lemma="|of|" pos="IN" wid="30">of</w>
  <w id="31" lemma="|the|" pos="DT" wid="31">the</w>
  <w id="32" lemma="|holy|" pos="JJ" wid="32">Holy</w>
  <w id="33" lemma="|spirit|" pos="NN" wid="33">Spirit</w>
  <w id="34" lemma="|.|" pos="." wid="34">.</w>
</sentence>
<sentence id="1">
  <w id="0" lemma="|it|" pos="PRP" wid="0">It</w>
  <w id="1" lemma="|do|" pos="VBZ" wid="1">does</w>
  <w id="2" lemma="|not|" pos="RB" wid="2">not</w>
  <w id="3" lemma="|mean|" pos="VB" wid="3">mean</w>
  <w id="4" lemma="|be|" pos="VBG" wid="4">being</w>
  <w id="5" lemma="|afraid|" pos="JJ" wid="5">afraid</w>
  <w id="6" lemma="|of|" pos="IN" wid="6">of</w>
  <w id="7" lemma="|God|" pos="NNP" wid="7">God</w>
  <w id="8" lemma="|:|" pos=":" wid="8">:</w>
  <w id="9" lemma="|we|" pos="PRP" wid="9">we</w>
  <w id="10" lemma="|know|" pos="VBP" wid="10">know</w>
  <w id="11" lemma="|well|" pos="RB" wid="11">well</w>
  <w id="12" lemma="|that|" pos="IN" wid="12">that</w>
  <w id="13" lemma="|God|" pos="NNP" wid="13">God</w>
  <w id="14" lemma="|be|" pos="VBZ" wid="14">is</w>
  <w id="15" lemma="|Father|" pos="NNP" wid="15">Father</w>
  <w id="16" lemma="|,|" pos="," wid="16">,</w>
  <w id="17" lemma="|that|" pos="IN" wid="17">that</w>
  <w id="18" lemma="|he|" pos="PRP" wid="18">he</w>
  <w id="19" lemma="|love|" pos="VBZ" wid="19">loves</w>
  <w id="20" lemma="|we|" pos="PRP" wid="20">us</w>
  <w id="21" lemma="|and|" pos="CC" wid="21">and</w>
  <w id="22" lemma="|want|" pos="VBZ" wid="22">wants</w>
  <w id="23" lemma="|we|" pos="PRP$" wid="23">our</w>
  <w id="24" lemma="|salvation|" pos="NN" wid="24">salvation</w>
  <w id="25" lemma="|,|" pos="," wid="25">,</w>
  <w id="26" lemma="|and|" pos="CC" wid="26">and</w>
  <w id="27" lemma="|he|" pos="PRP" wid="27">he</w>
  <w id="28" lemma="|always|" pos="RB" wid="28">always</w>
  <w id="29" lemma="|forgive|" pos="VBZ" wid="29">forgives</w>
  <w id="30" lemma="|,|" pos="," wid="30">,</w>
  <w id="31" lemma="|always|" pos="RB" wid="31">always</w>
  <w id="32" lemma="|;|" pos=":" wid="32">;</w>
  <w id="33" lemma="|thus|" pos="RB" wid="33">thus</w>
  <w id="34" lemma="|,|" pos="," wid="34">,</w>
  <w id="35" lemma="|there|" pos="EX" wid="35">there</w>
  <w id="36" lemma="|be|" pos="VBZ" wid="36">is</w>
  <w id="37" lemma="|no|" pos="DT" wid="37">no</w>
  <w id="38" lemma="|reason|" pos="NN" wid="38">reason</w>
  <w id="39" lemma="|to|" pos="TO" wid="39">to</w>
  <w id="40" lemma="|be|" pos="VB" wid="40">be</w>
  <w id="41" lemma="|scared|" pos="JJ" wid="41">scared</w>
  <w id="42" lemma="|of|" pos="IN" wid="42">of</w>
  <w id="43" lemma="|he|" pos="PRP" wid="43">him</w>
  <w id="44" lemma="|!|" pos="." wid="44">!</w>
</sentence>
<sentence id="2">
  <w id="0" lemma="|fear|" pos="NN" wid="0">Fear</w>
  <w id="1" lemma="|of|" pos="IN" wid="1">of</w>
  <w id="2" lemma="|the|" pos="DT" wid="2">the</w>
  <w id="3" lemma="|Lord|" pos="NNP" wid="3">Lord</w>
  <w id="4" lemma="|,|" pos="," wid="4">,</w>
  <w id="5" lemma="|instead|" pos="RB" wid="5">instead</w>
  <w id="6" lemma="|,|" pos="," wid="6">,</w>
  <w id="7" lemma="|be|" pos="VBZ" wid="7">is</w>
  <w id="8" lemma="|the|" pos="DT" wid="8">the</w>
  <w id="9" lemma="|gift|" pos="NN" wid="9">gift</w>
  <w id="10" lemma="|of|" pos="IN" wid="10">of</w>
  <w id="11" lemma="|the|" pos="DT" wid="11">the</w>
  <w id="12" lemma="|holy|" pos="JJ" wid="12">Holy</w>
  <w id="13" lemma="|spirit|" pos="NN" wid="13">Spirit</w>
  <w id="14" lemma="|through|" pos="IN" wid="14">through</w>
  <w id="15" lemma="|whom|" pos="WP" wid="15">whom</w>
  <w id="16" lemma="|we|" pos="PRP" wid="16">we</w>
  <w id="17" lemma="|be|" pos="VBP" wid="17">are</w>
  <w id="18" lemma="|remind|" pos="VBN" wid="18">reminded</w>
  <w id="19" lemma="|of|" pos="IN" wid="19">of</w>
  <w id="20" lemma="|how|" pos="WRB" wid="20">how</w>
  <w id="21" lemma="|small|" pos="JJ" wid="21">small</w>
  <w id="22" lemma="|we|" pos="PRP" wid="22">we</w>
  <w id="23" lemma="|be|" pos="VBP" wid="23">are</w>
  <w id="24" lemma="|before|" pos="IN" wid="24">before</w>
  <w id="25" lemma="|God|" pos="NNP" wid="25">God</w>
  <w id="26" lemma="|and|" pos="CC" wid="26">and</w>
  <w id="27" lemma="|of|" pos="IN" wid="27">of</w>
  <w id="28" lemma="|he|" pos="PRP$" wid="28">his</w>
  <w id="29" lemma="|love|" pos="NN" wid="29">love</w>
  <w id="30" lemma="|and|" pos="CC" wid="30">and</w>
  <w id="31" lemma="|that|" pos="IN" wid="31">that</w>
  <w id="32" lemma="|we|" pos="PRP$" wid="32">our</w>
  <w id="33" lemma="|good|" pos="JJ" wid="33">good</w>
  <w id="34" lemma="|lie|" pos="NNS" wid="34">lies</w>
  <w id="35" lemma="|in|" pos="IN" wid="35">in</w>
  <w id="36" lemma="|humble|" pos="JJ" wid="36">humble</w>
  <w id="37" lemma="|,|" pos="," wid="37">,</w>
  <w id="38" lemma="|respectful|" pos="JJ" wid="38">respectful</w>
  <w id="39" lemma="|and|" pos="CC" wid="39">and</w>
  <w id="40" lemma="|trust|" pos="VBG" wid="40">trusting</w>
  <w id="41" lemma="|self-abandonment|" pos="NN" wid="41">self-abandonment</w>
  <w id="42" lemma="|into|" pos="IN" wid="42">into</w>
  <w id="43" lemma="|he|" pos="PRP$" wid="43">his</w>
  <w id="44" lemma="|hand|" pos="NNS" wid="44">hands</w>
  <w id="45" lemma="|.|" pos="." wid="45">.</w>
</sentence>
<sentence id="3">
  <w id="0" lemma="|this|" pos="DT" wid="0">This</w>
  <w id="1" lemma="|be|" pos="VBZ" wid="1">is</w>
  <w id="2" lemma="|fear|" pos="NN" wid="2">fear</w>
  <w id="3" lemma="|of|" pos="IN" wid="3">of</w>
  <w id="4" lemma="|the|" pos="DT" wid="4">the</w>
  <w id="5" lemma="|Lord|" pos="NNP" wid="5">Lord</w>
  <w id="6" lemma="|:|" pos=":" wid="6">:</w>
  <w id="7" lemma="|abandonment|" pos="NN" wid="7">abandonment</w>
  <w id="8" lemma="|in|" pos="IN" wid="8">in</w>
  <w id="9" lemma="|the|" pos="DT" wid="9">the</w>
  <w id="10" lemma="|goodness|" pos="NN" wid="10">goodness</w>
  <w id="11" lemma="|of|" pos="IN" wid="11">of</w>
  <w id="12" lemma="|we|" pos="PRP$" wid="12">our</w>
  <w id="13" lemma="|Father|" pos="NNP" wid="13">Father</w>
  <w id="14" lemma="|who|" pos="WP" wid="14">who</w>
  <w id="15" lemma="|love|" pos="VBZ" wid="15">loves</w>
  <w id="16" lemma="|we|" pos="PRP" wid="16">us</w>
  <w id="17" lemma="|so|" pos="RB" wid="17">so</w>
  <w id="18" lemma="|much|" pos="JJ" wid="18">much</w>
  <w id="19" lemma="|.|" pos="." wid="19">.</w>
</sentence>
<sentence id="4">
  <w id="0" lemma="|1|" pos="CD" wid="0">1</w>
  <w id="1" lemma="|.|" pos="." wid="1">.</w>
</sentence>
<sentence id="5">
  <w id="0" lemma="|when|" pos="WRB" wid="0">When</w>
  <w id="1" lemma="|the|" pos="DT" wid="1">the</w>
  <w id="2" lemma="|Holy|" pos="NNP" wid="2">Holy</w>
  <w id="3" lemma="|Spirit|" pos="NNP" wid="3">Spirit</w>
  <w id="4" lemma="|come|" pos="VBZ" wid="4">comes</w>
  <w id="5" lemma="|to|" pos="TO" wid="5">to</w>
  <w id="6" lemma="|dwell|" pos="VB" wid="6">dwell</w>
  <w id="7" lemma="|in|" pos="IN" wid="7">in</w>
  <w id="8" lemma="|we|" pos="PRP$" wid="8">our</w>
  <w id="9" lemma="|heart|" pos="NNS" wid="9">hearts</w>
  <w id="10" lemma="|,|" pos="," wid="10">,</w>
  <w id="11" lemma="|he|" pos="PRP" wid="11">he</w>
  <w id="12" lemma="|infuse|" pos="VBZ" wid="12">infuses</w>
  <w id="13" lemma="|we|" pos="PRP" wid="13">us</w>
  <w id="14" lemma="|with|" pos="IN" wid="14">with</w>
  <w id="15" lemma="|consolation|" pos="NN" wid="15">consolation</w>
  <w id="16" lemma="|and|" pos="CC" wid="16">and</w>
  <w id="17" lemma="|peace|" pos="NN" wid="17">peace</w>
  <w id="18" lemma="|,|" pos="," wid="18">,</w>
  <w id="19" lemma="|and|" pos="CC" wid="19">and</w>
  <w id="20" lemma="|he|" pos="PRP" wid="20">he</w>
  <w id="21" lemma="|lead|" pos="VBZ" wid="21">leads</w>
  <w id="22" lemma="|we|" pos="PRP" wid="22">us</w>
  <w id="23" lemma="|to|" pos="TO" wid="23">to</w>
  <w id="24" lemma="|the|" pos="DT" wid="24">the</w>
  <w id="25" lemma="|awareness|" pos="NN" wid="25">awareness</w>
  <w id="26" lemma="|of|" pos="IN" wid="26">of</w>
  <w id="27" lemma="|how|" pos="WRB" wid="27">how</w>
  <w id="28" lemma="|small|" pos="JJ" wid="28">small</w>
  <w id="29" lemma="|we|" pos="PRP" wid="29">we</w>
  <w id="30" lemma="|be|" pos="VBP" wid="30">are</w>
  <w id="31" lemma="|,|" pos="," wid="31">,</w>
  <w id="32" lemma="|with|" pos="IN" wid="32">with</w>
  <w id="33" lemma="|that|" pos="DT" wid="33">that</w>
  <w id="34" lemma="|attitude|" pos="NN" wid="34">attitude</w>
  <w id="35" lemma="|--|" pos=":" wid="35">--</w>
  <w id="36" lemma="|strongly|" pos="RB" wid="36">strongly</w>
  <w id="37" lemma="|recommend|" pos="VBN" wid="37">recommended</w>
  <w id="38" lemma="|by|" pos="IN" wid="38">by</w>
  <w id="39" lemma="|Jesus|" pos="NNP" wid="39">Jesus</w>
  <w id="40" lemma="|in|" pos="IN" wid="40">in</w>
  <w id="41" lemma="|the|" pos="DT" wid="41">the</w>
  <w id="42" lemma="|Gospel|" pos="NNP" wid="42">Gospel</w>
  <w id="43" lemma="|--|" pos=":" wid="43">--</w>
  <w id="44" lemma="|of|" pos="IN" wid="44">of</w>
  <w id="45" lemma="|one|" pos="CD" wid="45">one</w>
  <w id="46" lemma="|who|" pos="WP" wid="46">who</w>
  <w id="47" lemma="|place|" pos="VBZ" wid="47">places</w>
  <w id="48" lemma="|he|" pos="PRP$" wid="48">his</w>
  <w id="49" lemma="|every|" pos="DT" wid="49">every</w>
  <w id="50" lemma="|care|" pos="NN" wid="50">care</w>
  <w id="51" lemma="|and|" pos="CC" wid="51">and</w>
  <w id="52" lemma="|expectation|" pos="NN" wid="52">expectation</w>
  <w id="53" lemma="|in|" pos="IN" wid="53">in</w>
  <w id="54" lemma="|God|" pos="NNP" wid="54">God</w>
  <w id="55" lemma="|and|" pos="CC" wid="55">and</w>
  <w id="56" lemma="|feel|" pos="VBZ" wid="56">feels</w>
  <w id="57" lemma="|enfold|" pos="VBN" wid="57">enfolded</w>
  <w id="58" lemma="|and|" pos="CC" wid="58">and</w>
  <w id="59" lemma="|sustain|" pos="VBN" wid="59">sustained</w>
  <w id="60" lemma="|by|" pos="IN" wid="60">by</w>
  <w id="61" lemma="|he|" pos="PRP$" wid="61">his</w>
  <w id="62" lemma="|warmth|" pos="NN" wid="62">warmth</w>
  <w id="63" lemma="|and|" pos="CC" wid="63">and</w>
  <w id="64" lemma="|protection|" pos="NN" wid="64">protection</w>
  <w id="65" lemma="|,|" pos="," wid="65">,</w>
  <w id="66" lemma="|just|" pos="RB" wid="66">just</w>
  <w id="67" lemma="|as|" pos="IN" wid="67">as</w>
  <w id="68" lemma="|a|" pos="DT" wid="68">a</w>
  <w id="69" lemma="|child|" pos="NN" wid="69">child</w>
  <w id="70" lemma="|with|" pos="IN" wid="70">with</w>
  <w id="71" lemma="|he|" pos="PRP$" wid="71">his</w>
  <w id="72" lemma="|father|" pos="NN" wid="72">father</w>
  <w id="73" lemma="|!|" pos="." wid="73">!</w>
</sentence>
<sentence id="6">
  <w id="0" lemma="|this|" pos="DT" wid="0">This</w>
  <w id="1" lemma="|be|" pos="VBZ" wid="1">is</w>
  <w id="2" lemma="|what|" pos="WP" wid="2">what</w>
  <w id="3" lemma="|the|" pos="DT" wid="3">the</w>
  <w id="4" lemma="|holy|" pos="JJ" wid="4">Holy</w>
  <w id="5" lemma="|spirit|" pos="NN" wid="5">Spirit</w>
  <w id="6" lemma="|do|" pos="VBZ" wid="6">does</w>
  <w id="7" lemma="|in|" pos="IN" wid="7">in</w>
  <w id="8" lemma="|we|" pos="PRP$" wid="8">our</w>
  <w id="9" lemma="|heart|" pos="NNS" wid="9">hearts</w>
  <w id="10" lemma="|:|" pos=":" wid="10">:</w>
  <w id="11" lemma="|he|" pos="PRP" wid="11">he</w>
  <w id="12" lemma="|make|" pos="VBZ" wid="12">makes</w>
  <w id="13" lemma="|we|" pos="PRP" wid="13">us</w>
  <w id="14" lemma="|feel|" pos="VB" wid="14">feel</w>
  <w id="15" lemma="|like|" pos="IN" wid="15">like</w>
  <w id="16" lemma="|child|" pos="NNS" wid="16">children</w>
  <w id="17" lemma="|in|" pos="IN" wid="17">in</w>
  <w id="18" lemma="|the|" pos="DT" wid="18">the</w>
  <w id="19" lemma="|arm|" pos="NNS" wid="19">arms</w>
  <w id="20" lemma="|of|" pos="IN" wid="20">of</w>
  <w id="21" lemma="|we|" pos="PRP$" wid="21">our</w>
  <w id="22" lemma="|father|" pos="NN" wid="22">father</w>
  <w id="23" lemma="|.|" pos="." wid="23">.</w>
</sentence>
<sentence id="7">
  <w id="0" lemma="|in|" pos="IN" wid="0">In</w>
  <w id="1" lemma="|this|" pos="DT" wid="1">this</w>
  <w id="2" lemma="|sense|" pos="NN" wid="2">sense</w>
  <w id="3" lemma="|,|" pos="," wid="3">,</w>
  <w id="4" lemma="|then|" pos="RB" wid="4">then</w>
  <w id="5" lemma="|,|" pos="," wid="5">,</w>
  <w id="6" lemma="|we|" pos="PRP" wid="6">we</w>
  <w id="7" lemma="|correctly|" pos="RB" wid="7">correctly</w>
  <w id="8" lemma="|comprehend|" pos="VBD" wid="8">comprehend</w>
  <w id="9" lemma="|how|" pos="WRB" wid="9">how</w>
  <w id="10" lemma="|fear|" pos="NN" wid="10">fear</w>
  <w id="11" lemma="|of|" pos="IN" wid="11">of</w>
  <w id="12" lemma="|the|" pos="DT" wid="12">the</w>
  <w id="13" lemma="|Lord|" pos="NNP" wid="13">Lord</w>
  <w id="14" lemma="|in|" pos="IN" wid="14">in</w>
  <w id="15" lemma="|we|" pos="PRP" wid="15">us</w>
  <w id="16" lemma="|take|" pos="VBZ" wid="16">takes</w>
  <w id="17" lemma="|on|" pos="IN" wid="17">on</w>
  <w id="18" lemma="|the|" pos="DT" wid="18">the</w>
  <w id="19" lemma="|form|" pos="NN" wid="19">form</w>
  <w id="20" lemma="|of|" pos="IN" wid="20">of</w>
  <w id="21" lemma="|docility|" pos="NN" wid="21">docility</w>
  <w id="22" lemma="|,|" pos="," wid="22">,</w>
  <w id="23" lemma="|gratitude|" pos="NN" wid="23">gratitude</w>
  <w id="24" lemma="|and|" pos="CC" wid="24">and</w>
  <w id="25" lemma="|praise|" pos="NN" wid="25">praise</w>
  <w id="26" lemma="|,|" pos="," wid="26">,</w>
  <w id="27" lemma="|by|" pos="IN" wid="27">by</w>
  <w id="28" lemma="|fill|" pos="VBG" wid="28">filling</w>
  <w id="29" lemma="|we|" pos="PRP$" wid="29">our</w>
  <w id="30" lemma="|heart|" pos="NNS" wid="30">hearts</w>
  <w id="31" lemma="|with|" pos="IN" wid="31">with</w>
  <w id="32" lemma="|hope|" pos="NN" wid="32">hope</w>
  <w id="33" lemma="|.|" pos="." wid="33">.</w>
</sentence>
<sentence id="8">
  <w id="0" lemma="|indeed|" pos="RB" wid="0">Indeed</w>
  <w id="1" lemma="|,|" pos="," wid="1">,</w>
  <w id="2" lemma="|we|" pos="PRP" wid="2">we</w>
  <w id="3" lemma="|frequently|" pos="RB" wid="3">frequently</w>
  <w id="4" lemma="|fail|" pos="VBP" wid="4">fail</w>
  <w id="5" lemma="|to|" pos="TO" wid="5">to</w>
  <w id="6" lemma="|grasp|" pos="VB" wid="6">grasp</w>
  <w id="7" lemma="|the|" pos="DT" wid="7">the</w>
  <w id="8" lemma="|plan|" pos="NN" wid="8">plan</w>
  <w id="9" lemma="|of|" pos="IN" wid="9">of</w>
  <w id="10" lemma="|God|" pos="NNP" wid="10">God</w>
  <w id="11" lemma="|,|" pos="," wid="11">,</w>
  <w id="12" lemma="|and|" pos="CC" wid="12">and</w>
  <w id="13" lemma="|we|" pos="PRP" wid="13">we</w>
  <w id="14" lemma="|realize|" pos="VBP" wid="14">realize</w>
  <w id="15" lemma="|that|" pos="IN" wid="15">that</w>
  <w id="16" lemma="|we|" pos="PRP" wid="16">we</w>
  <w id="17" lemma="|be|" pos="VBP" wid="17">are</w>
  <w id="18" lemma="|not|" pos="RB" wid="18">not</w>
  <w id="19" lemma="|capable|" pos="JJ" wid="19">capable</w>
  <w id="20" lemma="|of|" pos="IN" wid="20">of</w>
  <w id="21" lemma="|assure|" pos="VBG" wid="21">assuring</w>
  <w id="22" lemma="|ourselves|" pos="PRP" wid="22">ourselves</w>
  <w id="23" lemma="|of|" pos="IN" wid="23">of</w>
  <w id="24" lemma="|happiness|" pos="NN" wid="24">happiness</w>
  <w id="25" lemma="|and|" pos="CC" wid="25">and</w>
  <w id="26" lemma="|eternal|" pos="JJ" wid="26">eternal</w>
  <w id="27" lemma="|life|" pos="NN" wid="27">life</w>
  <w id="28" lemma="|.|" pos="." wid="28">.</w>
</sentence>
<sentence id="9">
  <w id="0" lemma="|it|" pos="PRP" wid="0">It</w>
  <w id="1" lemma="|be|" pos="VBZ" wid="1">is</w>
  <w id="2" lemma="|precisely|" pos="RB" wid="2">precisely</w>
  <w id="3" lemma="|in|" pos="IN" wid="3">in</w>
  <w id="4" lemma="|experience|" pos="VBG" wid="4">experiencing</w>
  <w id="5" lemma="|we|" pos="PRP$" wid="5">our</w>
  <w id="6" lemma="|own|" pos="JJ" wid="6">own</w>
  <w id="7" lemma="|limitation|" pos="NNS" wid="7">limitations</w>
  <w id="8" lemma="|and|" pos="CC" wid="8">and</w>
  <w id="9" lemma="|we|" pos="PRP$" wid="9">our</w>
  <w id="10" lemma="|poverty|" pos="NN" wid="10">poverty</w>
  <w id="11" lemma="|,|" pos="," wid="11">,</w>
  <w id="12" lemma="|however|" pos="RB" wid="12">however</w>
  <w id="13" lemma="|,|" pos="," wid="13">,</w>
  <w id="14" lemma="|that|" pos="IN" wid="14">that</w>
  <w id="15" lemma="|the|" pos="DT" wid="15">the</w>
  <w id="16" lemma="|holy|" pos="JJ" wid="16">Holy</w>
  <w id="17" lemma="|spirit|" pos="NN" wid="17">Spirit</w>
  <w id="18" lemma="|comfort|" pos="NNS" wid="18">comforts</w>
  <w id="19" lemma="|we|" pos="PRP" wid="19">us</w>
  <w id="20" lemma="|and|" pos="CC" wid="20">and</w>
  <w id="21" lemma="|let|" pos="VBZ" wid="21">lets</w>
  <w id="22" lemma="|we|" pos="PRP" wid="22">us</w>
  <w id="23" lemma="|perceive|" pos="VB" wid="23">perceive</w>
  <w id="24" lemma="|that|" pos="IN" wid="24">that</w>
  <w id="25" lemma="|the|" pos="DT" wid="25">the</w>
  <w id="26" lemma="|only|" pos="RB" wid="26">only</w>
  <w id="27" lemma="|important|" pos="JJ" wid="27">important</w>
  <w id="28" lemma="|thing|" pos="NN" wid="28">thing</w>
  <w id="29" lemma="|be|" pos="VBZ" wid="29">is</w>
  <w id="30" lemma="|to|" pos="TO" wid="30">to</w>
  <w id="31" lemma="|allow|" pos="VB" wid="31">allow</w>
  <w id="32" lemma="|ourselves|" pos="PRP" wid="32">ourselves</w>
  <w id="33" lemma="|to|" pos="TO" wid="33">to</w>
  <w id="34" lemma="|be|" pos="VB" wid="34">be</w>
  <w id="35" lemma="|lead|" pos="VBN" wid="35">led</w>
  <w id="36" lemma="|by|" pos="IN" wid="36">by</w>
  <w id="37" lemma="|Jesus|" pos="NNP" wid="37">Jesus</w>
  <w id="38" lemma="|into|" pos="IN" wid="38">into</w>
  <w id="39" lemma="|the|" pos="DT" wid="39">the</w>
  <w id="40" lemma="|Father|" pos="NNP" wid="40">Father</w>
  <w id="41" lemma="|'s|" pos="POS" wid="41">'s</w>
  <w id="42" lemma="|arm|" pos="NNS" wid="42">arms</w>
  <w id="43" lemma="|.|" pos="." wid="43">.</w>
</sentence>
<sentence id="10">
  <w id="0" lemma="|2|" pos="CD" wid="0">2</w>
  <w id="1" lemma="|.|" pos="." wid="1">.</w>
</sentence>
<sentence id="11">
  <w id="0" lemma="|this|" pos="DT" wid="0">This</w>
  <w id="1" lemma="|be|" pos="VBZ" wid="1">is</w>
  <w id="2" lemma="|why|" pos="WRB" wid="2">why</w>
  <w id="3" lemma="|we|" pos="PRP" wid="3">we</w>
  <w id="4" lemma="|need|" pos="VBP" wid="4">need</w>
  <w id="5" lemma="|this|" pos="DT" wid="5">this</w>
  <w id="6" lemma="|gift|" pos="NN" wid="6">gift</w>
  <w id="7" lemma="|of|" pos="IN" wid="7">of</w>
  <w id="8" lemma="|the|" pos="DT" wid="8">the</w>
  <w id="9" lemma="|holy|" pos="JJ" wid="9">Holy</w>
  <w id="10" lemma="|spirit|" pos="NN" wid="10">Spirit</w>
  <w id="11" lemma="|so|" pos="RB" wid="11">so</w>
  <w id="12" lemma="|much|" pos="JJ" wid="12">much</w>
  <w id="13" lemma="|.|" pos="." wid="13">.</w>
</sentence>
<sentence id="12">
  <w id="0" lemma="|fear|" pos="NN" wid="0">Fear</w>
  <w id="1" lemma="|of|" pos="IN" wid="1">of</w>
  <w id="2" lemma="|the|" pos="DT" wid="2">the</w>
  <w id="3" lemma="|Lord|" pos="NNP" wid="3">Lord</w>
  <w id="4" lemma="|allow|" pos="VBZ" wid="4">allows</w>
  <w id="5" lemma="|we|" pos="PRP" wid="5">us</w>
  <w id="6" lemma="|to|" pos="TO" wid="6">to</w>
  <w id="7" lemma="|be|" pos="VB" wid="7">be</w>
  <w id="8" lemma="|aware|" pos="JJ" wid="8">aware</w>
  <w id="9" lemma="|that|" pos="IN" wid="9">that</w>
  <w id="10" lemma="|everything|" pos="NN" wid="10">everything</w>
  <w id="11" lemma="|come|" pos="VBZ" wid="11">comes</w>
  <w id="12" lemma="|from|" pos="IN" wid="12">from</w>
  <w id="13" lemma="|grace|" pos="NN" wid="13">grace</w>
  <w id="14" lemma="|and|" pos="CC" wid="14">and</w>
  <w id="15" lemma="|that|" pos="IN" wid="15">that</w>
  <w id="16" lemma="|we|" pos="PRP$" wid="16">our</w>
  <w id="17" lemma="|true|" pos="JJ" wid="17">true</w>
  <w id="18" lemma="|strength|" pos="NN" wid="18">strength</w>
  <w id="19" lemma="|lie|" pos="VBZ" wid="19">lies</w>
  <w id="20" lemma="|solely|" pos="RB" wid="20">solely</w>
  <w id="21" lemma="|in|" pos="IN" wid="21">in</w>
  <w id="22" lemma="|follow|" pos="VBG" wid="22">following</w>
  <w id="23" lemma="|the|" pos="DT" wid="23">the</w>
  <w id="24" lemma="|Lord|" pos="NNP" wid="24">Lord</w>
  <w id="25" lemma="|Jesus|" pos="NNP" wid="25">Jesus</w>
  <w id="26" lemma="|and|" pos="CC" wid="26">and</w>
  <w id="27" lemma="|in|" pos="IN" wid="27">in</w>
  <w id="28" lemma="|allow|" pos="VBG" wid="28">allowing</w>
  <w id="29" lemma="|the|" pos="DT" wid="29">the</w>
  <w id="30" lemma="|Father|" pos="NNP" wid="30">Father</w>
  <w id="31" lemma="|to|" pos="TO" wid="31">to</w>
  <w id="32" lemma="|bestow|" pos="VB" wid="32">bestow</w>
  <w id="33" lemma="|upon|" pos="IN" wid="33">upon</w>
  <w id="34" lemma="|we|" pos="PRP" wid="34">us</w>
  <w id="35" lemma="|he|" pos="PRP$" wid="35">his</w>
  <w id="36" lemma="|goodness|" pos="NN" wid="36">goodness</w>
  <w id="37" lemma="|and|" pos="CC" wid="37">and</w>
  <w id="38" lemma="|he|" pos="PRP$" wid="38">his</w>
  <w id="39" lemma="|mercy|" pos="NN" wid="39">mercy</w>
  <w id="40" lemma="|.|" pos="." wid="40">.</w>
</sentence>
<sentence id="13">
  <w id="0" lemma="|to|" pos="TO" wid="0">To</w>
  <w id="1" lemma="|open|" pos="VB" wid="1">open</w>
  <w id="2" lemma="|the|" pos="DT" wid="2">the</w>
  <w id="3" lemma="|heart|" pos="NN" wid="3">heart</w>
  <w id="4" lemma="|,|" pos="," wid="4">,</w>
  <w id="5" lemma="|so|" pos="IN" wid="5">so</w>
  <w id="6" lemma="|that|" pos="IN" wid="6">that</w>
  <w id="7" lemma="|the|" pos="DT" wid="7">the</w>
  <w id="8" lemma="|goodness|" pos="NN" wid="8">goodness</w>
  <w id="9" lemma="|and|" pos="CC" wid="9">and</w>
  <w id="10" lemma="|mercy|" pos="NN" wid="10">mercy</w>
  <w id="11" lemma="|of|" pos="IN" wid="11">of</w>
  <w id="12" lemma="|God|" pos="NNP" wid="12">God</w>
  <w id="13" lemma="|may|" pos="MD" wid="13">may</w>
  <w id="14" lemma="|come|" pos="VB" wid="14">come</w>
  <w id="15" lemma="|to|" pos="TO" wid="15">to</w>
  <w id="16" lemma="|we|" pos="PRP" wid="16">us</w>
  <w id="17" lemma="|.|" pos="." wid="17">.</w>
</sentence>
<sentence id="14">
  <w id="0" lemma="|this|" pos="DT" wid="0">This</w>
  <w id="1" lemma="|be|" pos="VBZ" wid="1">is</w>
  <w id="2" lemma="|what|" pos="WP" wid="2">what</w>
  <w id="3" lemma="|the|" pos="DT" wid="3">the</w>
  <w id="4" lemma="|holy|" pos="JJ" wid="4">Holy</w>
  <w id="5" lemma="|spirit|" pos="NN" wid="5">Spirit</w>
  <w id="6" lemma="|do|" pos="VBZ" wid="6">does</w>
  <w id="7" lemma="|through|" pos="IN" wid="7">through</w>
  <w id="8" lemma="|the|" pos="DT" wid="8">the</w>
  <w id="9" lemma="|gift|" pos="NN" wid="9">gift</w>
  <w id="10" lemma="|of|" pos="IN" wid="10">of</w>
  <w id="11" lemma="|fear|" pos="NN" wid="11">fear</w>
  <w id="12" lemma="|of|" pos="IN" wid="12">of</w>
  <w id="13" lemma="|the|" pos="DT" wid="13">the</w>
  <w id="14" lemma="|Lord|" pos="NNP" wid="14">Lord</w>
  <w id="15" lemma="|:|" pos=":" wid="15">:</w>
  <w id="16" lemma="|he|" pos="PRP" wid="16">he</w>
  <w id="17" lemma="|open|" pos="VBZ" wid="17">opens</w>
  <w id="18" lemma="|heart|" pos="NNS" wid="18">hearts</w>
  <w id="19" lemma="|.|" pos="." wid="19">.</w>
</sentence>
<sentence id="15">
  <w id="0" lemma="|the|" pos="DT" wid="0">The</w>
  <w id="1" lemma="|heart|" pos="NN" wid="1">heart</w>
  <w id="2" lemma="|open|" pos="VBZ" wid="2">opens</w>
  <w id="3" lemma="|so|" pos="IN" wid="3">so</w>
  <w id="4" lemma="|that|" pos="DT" wid="4">that</w>
  <w id="5" lemma="|forgiveness|" pos="NN" wid="5">forgiveness</w>
  <w id="6" lemma="|,|" pos="," wid="6">,</w>
  <w id="7" lemma="|mercy|" pos="NN" wid="7">mercy</w>
  <w id="8" lemma="|,|" pos="," wid="8">,</w>
  <w id="9" lemma="|goodness|" pos="NN" wid="9">goodness</w>
  <w id="10" lemma="|and|" pos="CC" wid="10">and</w>
  <w id="11" lemma="|the|" pos="DT" wid="11">the</w>
  <w id="12" lemma="|caress|" pos="NN" wid="12">caress</w>
  <w id="13" lemma="|of|" pos="IN" wid="13">of</w>
  <w id="14" lemma="|the|" pos="DT" wid="14">the</w>
  <w id="15" lemma="|Father|" pos="NNP" wid="15">Father</w>
  <w id="16" lemma="|may|" pos="MD" wid="16">may</w>
  <w id="17" lemma="|come|" pos="VB" wid="17">come</w>
  <w id="18" lemma="|to|" pos="TO" wid="18">to</w>
  <w id="19" lemma="|we|" pos="PRP" wid="19">us</w>
  <w id="20" lemma="|,|" pos="," wid="20">,</w>
  <w id="21" lemma="|for|" pos="IN" wid="21">for</w>
  <w id="22" lemma="|as|" pos="IN" wid="22">as</w>
  <w id="23" lemma="|child|" pos="NNS" wid="23">children</w>
  <w id="24" lemma="|we|" pos="PRP" wid="24">we</w>
  <w id="25" lemma="|be|" pos="VBP" wid="25">are</w>
  <w id="26" lemma="|infinitely|" pos="RB" wid="26">infinitely</w>
  <w id="27" lemma="|love|" pos="VBN" wid="27">loved</w>
  <w id="28" lemma="|.|" pos="." wid="28">.</w>
</sentence>
<sentence id="16">
  <w id="0" lemma="|3|" pos="LS" wid="0">3</w>
  <w id="1" lemma="|.|" pos="." wid="1">.</w>
</sentence>
<sentence id="17">
  <w id="0" lemma="|when|" pos="WRB" wid="0">When</w>
  <w id="1" lemma="|we|" pos="PRP" wid="1">we</w>
  <w id="2" lemma="|be|" pos="VBP" wid="2">are</w>
  <w id="3" lemma="|pervade|" pos="VBN" wid="3">pervaded</w>
  <w id="4" lemma="|by|" pos="IN" wid="4">by</w>
  <w id="5" lemma="|fear|" pos="NN" wid="5">fear</w>
  <w id="6" lemma="|of|" pos="IN" wid="6">of</w>
  <w id="7" lemma="|the|" pos="DT" wid="7">the</w>
  <w id="8" lemma="|Lord|" pos="NNP" wid="8">Lord</w>
  <w id="9" lemma="|,|" pos="," wid="9">,</w>
  <w id="10" lemma="|then|" pos="RB" wid="10">then</w>
  <w id="11" lemma="|we|" pos="PRP" wid="11">we</w>
  <w id="12" lemma="|be|" pos="VBP" wid="12">are</w>
  <w id="13" lemma="|lead|" pos="VBN" wid="13">led</w>
  <w id="14" lemma="|to|" pos="TO" wid="14">to</w>
  <w id="15" lemma="|follow|" pos="VB" wid="15">follow</w>
  <w id="16" lemma="|the|" pos="DT" wid="16">the</w>
  <w id="17" lemma="|Lord|" pos="NNP" wid="17">Lord</w>
  <w id="18" lemma="|with|" pos="IN" wid="18">with</w>
  <w id="19" lemma="|humility|" pos="NN" wid="19">humility</w>
  <w id="20" lemma="|,|" pos="," wid="20">,</w>
  <w id="21" lemma="|docility|" pos="NN" wid="21">docility</w>
  <w id="22" lemma="|and|" pos="CC" wid="22">and</w>
  <w id="23" lemma="|obedience|" pos="NN" wid="23">obedience</w>
  <w id="24" lemma="|.|" pos="." wid="24">.</w>
</sentence>
<sentence id="18">
  <w id="0" lemma="|this|" pos="DT" wid="0">This</w>
  <w id="1" lemma="|,|" pos="," wid="1">,</w>
  <w id="2" lemma="|however|" pos="RB" wid="2">however</w>
  <w id="3" lemma="|,|" pos="," wid="3">,</w>
  <w id="4" lemma="|be|" pos="VBZ" wid="4">is</w>
  <w id="5" lemma="|not|" pos="RB" wid="5">not</w>
  <w id="6" lemma="|a|" pos="DT" wid="6">an</w>
  <w id="7" lemma="|attitude|" pos="NN" wid="7">attitude</w>
  <w id="8" lemma="|of|" pos="IN" wid="8">of</w>
  <w id="9" lemma="|resignation|" pos="NN" wid="9">resignation</w>
  <w id="10" lemma="|,|" pos="," wid="10">,</w>
  <w id="11" lemma="|passivity|" pos="NN" wid="11">passivity</w>
  <w id="12" lemma="|or|" pos="CC" wid="12">or</w>
  <w id="13" lemma="|regret|" pos="NN" wid="13">regret</w>
  <w id="14" lemma="|,|" pos="," wid="14">,</w>
  <w id="15" lemma="|but|" pos="CC" wid="15">but</w>
  <w id="16" lemma="|one|" pos="CD" wid="16">one</w>
  <w id="17" lemma="|of|" pos="IN" wid="17">of</w>
  <w id="18" lemma="|the|" pos="DT" wid="18">the</w>
  <w id="19" lemma="|wonder|" pos="NN" wid="19">wonder</w>
  <w id="20" lemma="|and|" pos="CC" wid="20">and</w>
  <w id="21" lemma="|joy|" pos="NN" wid="21">joy</w>
  <w id="22" lemma="|of|" pos="IN" wid="22">of</w>
  <w id="23" lemma="|be|" pos="VBG" wid="23">being</w>
  <w id="24" lemma="|a|" pos="DT" wid="24">a</w>
  <w id="25" lemma="|child|" pos="NN" wid="25">child</w>
  <w id="26" lemma="|who|" pos="WP" wid="26">who</w>
  <w id="27" lemma="|know|" pos="VBZ" wid="27">knows</w>
  <w id="28" lemma="|he|" pos="PRP" wid="28">he</w>
  <w id="29" lemma="|be|" pos="VBZ" wid="29">is</w>
  <w id="30" lemma="|serve|" pos="VBN" wid="30">served</w>
  <w id="31" lemma="|and|" pos="CC" wid="31">and</w>
  <w id="32" lemma="|love|" pos="VBN" wid="32">loved</w>
  <w id="33" lemma="|by|" pos="IN" wid="33">by</w>
  <w id="34" lemma="|the|" pos="DT" wid="34">the</w>
  <w id="35" lemma="|Father|" pos="NNP" wid="35">Father</w>
  <w id="36" lemma="|.|" pos="." wid="36">.</w>
</sentence>
<sentence id="19">
  <w id="0" lemma="|fear|" pos="NN" wid="0">Fear</w>
  <w id="1" lemma="|of|" pos="IN" wid="1">of</w>
  <w id="2" lemma="|the|" pos="DT" wid="2">the</w>
  <w id="3" lemma="|Lord|" pos="NNP" wid="3">Lord</w>
  <w id="4" lemma="|,|" pos="," wid="4">,</w>
  <w id="5" lemma="|therefore|" pos="RB" wid="5">therefore</w>
  <w id="6" lemma="|,|" pos="," wid="6">,</w>
  <w id="7" lemma="|do|" pos="VBZ" wid="7">does</w>
  <w id="8" lemma="|not|" pos="RB" wid="8">not</w>
  <w id="9" lemma="|make|" pos="VB" wid="9">make</w>
  <w id="10" lemma="|of|" pos="IN" wid="10">of</w>
  <w id="11" lemma="|we|" pos="PRP" wid="11">us</w>
  <w id="12" lemma="|christian|" pos="NNS" wid="12">Christians</w>
  <w id="13" lemma="|who|" pos="WP" wid="13">who</w>
  <w id="14" lemma="|be|" pos="VBP" wid="14">are</w>
  <w id="15" lemma="|shy|" pos="JJ" wid="15">shy</w>
  <w id="16" lemma="|and|" pos="CC" wid="16">and</w>
  <w id="17" lemma="|submissive|" pos="JJ" wid="17">submissive</w>
  <w id="18" lemma="|,|" pos="," wid="18">,</w>
  <w id="19" lemma="|but|" pos="CC" wid="19">but</w>
  <w id="20" lemma="|stir|" pos="VBZ" wid="20">stirs</w>
  <w id="21" lemma="|in|" pos="IN" wid="21">in</w>
  <w id="22" lemma="|we|" pos="PRP" wid="22">us</w>
  <w id="23" lemma="|courage|" pos="NN" wid="23">courage</w>
  <w id="24" lemma="|and|" pos="CC" wid="24">and</w>
  <w id="25" lemma="|strength|" pos="NN" wid="25">strength</w>
  <w id="26" lemma="|!|" pos="." wid="26">!</w>
</sentence>
<sentence id="20">
  <w id="0" lemma="|it|" pos="PRP" wid="0">It</w>
  <w id="1" lemma="|be|" pos="VBZ" wid="1">is</w>
  <w id="2" lemma="|a|" pos="DT" wid="2">a</w>
  <w id="3" lemma="|gift|" pos="NN" wid="3">gift</w>
  <w id="4" lemma="|that|" pos="WDT" wid="4">that</w>
  <w id="5" lemma="|make|" pos="VBZ" wid="5">makes</w>
  <w id="6" lemma="|of|" pos="IN" wid="6">of</w>
  <w id="7" lemma="|we|" pos="PRP" wid="7">us</w>
  <w id="8" lemma="|christian|" pos="NNS" wid="8">Christians</w>
  <w id="9" lemma="|who|" pos="WP" wid="9">who</w>
  <w id="10" lemma="|be|" pos="VBP" wid="10">are</w>
  <w id="11" lemma="|convinced|" pos="JJ" wid="11">convinced</w>
  <w id="12" lemma="|,|" pos="," wid="12">,</w>
  <w id="13" lemma="|enthusiastic|" pos="JJ" wid="13">enthusiastic</w>
  <w id="14" lemma="|,|" pos="," wid="14">,</w>
  <w id="15" lemma="|who|" pos="WP" wid="15">who</w>
  <w id="16" lemma="|be|" pos="VBP" wid="16">are</w>
  <w id="17" lemma="|not|" pos="RB" wid="17">n't</w>
  <w id="18" lemma="|submissive|" pos="JJ" wid="18">submissive</w>
  <w id="19" lemma="|to|" pos="TO" wid="19">to</w>
  <w id="20" lemma="|the|" pos="DT" wid="20">the</w>
  <w id="21" lemma="|Lord|" pos="NNP" wid="21">Lord</w>
  <w id="22" lemma="|out|" pos="IN" wid="22">out</w>
  <w id="23" lemma="|of|" pos="IN" wid="23">of</w>
  <w id="24" lemma="|fear|" pos="NN" wid="24">fear</w>
  <w id="25" lemma="|but|" pos="CC" wid="25">but</w>
  <w id="26" lemma="|because|" pos="IN" wid="26">because</w>
  <w id="27" lemma="|we|" pos="PRP" wid="27">we</w>
  <w id="28" lemma="|be|" pos="VBP" wid="28">are</w>
  <w id="29" lemma="|move|" pos="VBN" wid="29">moved</w>
  <w id="30" lemma="|and|" pos="CC" wid="30">and</w>
  <w id="31" lemma="|conquer|" pos="VBN" wid="31">conquered</w>
  <w id="32" lemma="|by|" pos="IN" wid="32">by</w>
  <w id="33" lemma="|he|" pos="PRP$" wid="33">his</w>
  <w id="34" lemma="|love|" pos="NN" wid="34">love</w>
  <w id="35" lemma="|!|" pos="." wid="35">!</w>
</sentence>
<sentence id="21">
  <w id="0" lemma="|to|" pos="TO" wid="0">To</w>
  <w id="1" lemma="|be|" pos="VB" wid="1">be</w>
  <w id="2" lemma="|conquer|" pos="VBN" wid="2">conquered</w>
  <w id="3" lemma="|by|" pos="IN" wid="3">by</w>
  <w id="4" lemma="|the|" pos="DT" wid="4">the</w>
  <w id="5" lemma="|love|" pos="NN" wid="5">love</w>
  <w id="6" lemma="|of|" pos="IN" wid="6">of</w>
  <w id="7" lemma="|God|" pos="NNP" wid="7">God</w>
  <w id="8" lemma="|!|" pos="." wid="8">!</w>
</sentence>
<sentence id="22">
  <w id="0" lemma="|this|" pos="DT" wid="0">This</w>
  <w id="1" lemma="|be|" pos="VBZ" wid="1">is</w>
  <w id="2" lemma="|a|" pos="DT" wid="2">a</w>
  <w id="3" lemma="|beautiful|" pos="JJ" wid="3">beautiful</w>
  <w id="4" lemma="|thing|" pos="NN" wid="4">thing</w>
  <w id="5" lemma="|.|" pos="." wid="5">.</w>
</sentence>
<sentence id="23">
  <w id="0" lemma="|to|" pos="TO" wid="0">To</w>
  <w id="1" lemma="|allow|" pos="VB" wid="1">allow</w>
  <w id="2" lemma="|ourselves|" pos="PRP" wid="2">ourselves</w>
  <w id="3" lemma="|to|" pos="TO" wid="3">to</w>
  <w id="4" lemma="|be|" pos="VB" wid="4">be</w>
  <w id="5" lemma="|conquer|" pos="VBN" wid="5">conquered</w>
  <w id="6" lemma="|by|" pos="IN" wid="6">by</w>
  <w id="7" lemma="|this|" pos="DT" wid="7">this</w>
  <w id="8" lemma="|love|" pos="NN" wid="8">love</w>
  <w id="9" lemma="|of|" pos="IN" wid="9">of</w>
  <w id="10" lemma="|a|" pos="DT" wid="10">a</w>
  <w id="11" lemma="|father|" pos="NN" wid="11">father</w>
  <w id="12" lemma="|,|" pos="," wid="12">,</w>
  <w id="13" lemma="|who|" pos="WP" wid="13">who</w>
  <w id="14" lemma="|love|" pos="VBZ" wid="14">loves</w>
  <w id="15" lemma="|we|" pos="PRP" wid="15">us</w>
  <w id="16" lemma="|so|" pos="RB" wid="16">so</w>
  <w id="17" lemma="|,|" pos="," wid="17">,</w>
  <w id="18" lemma="|love|" pos="VBZ" wid="18">loves</w>
  <w id="19" lemma="|we|" pos="PRP" wid="19">us</w>
  <w id="20" lemma="|with|" pos="IN" wid="20">with</w>
  <w id="21" lemma="|all|" pos="PDT" wid="21">all</w>
  <w id="22" lemma="|he|" pos="PRP$" wid="22">his</w>
  <w id="23" lemma="|heart|" pos="NN" wid="23">heart</w>
  <w id="24" lemma="|.|" pos="." wid="24">.</w>
</sentence>
<sentence id="24">
  <w id="0" lemma="|yet|" pos="RB" wid="0">Yet</w>
  <w id="1" lemma="|,|" pos="," wid="1">,</w>
  <w id="2" lemma="|we|" pos="PRP" wid="2">we</w>
  <w id="3" lemma="|should|" pos="MD" wid="3">should</w>
  <w id="4" lemma="|take|" pos="VB" wid="4">take</w>
  <w id="5" lemma="|care|" pos="NN" wid="5">care</w>
  <w id="6" lemma="|,|" pos="," wid="6">,</w>
  <w id="7" lemma="|for|" pos="IN" wid="7">for</w>
  <w id="8" lemma="|the|" pos="DT" wid="8">the</w>
  <w id="9" lemma="|gift|" pos="NN" wid="9">gift</w>
  <w id="10" lemma="|of|" pos="IN" wid="10">of</w>
  <w id="11" lemma="|God|" pos="NNP" wid="11">God</w>
  <w id="12" lemma="|,|" pos="," wid="12">,</w>
  <w id="13" lemma="|the|" pos="DT" wid="13">the</w>
  <w id="14" lemma="|gift|" pos="NN" wid="14">gift</w>
  <w id="15" lemma="|of|" pos="IN" wid="15">of</w>
  <w id="16" lemma="|fear|" pos="NN" wid="16">fear</w>
  <w id="17" lemma="|of|" pos="IN" wid="17">of</w>
  <w id="18" lemma="|the|" pos="DT" wid="18">the</w>
  <w id="19" lemma="|Lord|" pos="NNP" wid="19">Lord</w>
  <w id="20" lemma="|be|" pos="VBZ" wid="20">is</w>
  <w id="21" lemma="|also|" pos="RB" wid="21">also</w>
  <w id="22" lemma="|a|" pos="DT" wid="22">an</w>
  <w id="23" lemma="|``|" pos="``" wid="23">``</w>
  <w id="24" lemma="|alarm|" pos="NN" wid="24">alarm</w>
  <w id="25" lemma="|''|" pos="''" wid="25">''</w>
  <w id="26" lemma="|against|" pos="IN" wid="26">against</w>
  <w id="27" lemma="|the|" pos="DT" wid="27">the</w>
  <w id="28" lemma="|obstinacy|" pos="NN" wid="28">obstinacy</w>
  <w id="29" lemma="|of|" pos="IN" wid="29">of</w>
  <w id="30" lemma="|sin|" pos="NN" wid="30">sin</w>
  <w id="31" lemma="|.|" pos="." wid="31">.</w>
</sentence>
<sentence id="25">
  <w id="0" lemma="|when|" pos="WRB" wid="0">When</w>
  <w id="1" lemma="|a|" pos="DT" wid="1">a</w>
  <w id="2" lemma="|person|" pos="NN" wid="2">person</w>
  <w id="3" lemma="|live|" pos="VBZ" wid="3">lives</w>
  <w id="4" lemma="|in|" pos="IN" wid="4">in</w>
  <w id="5" lemma="|evil|" pos="NN" wid="5">evil</w>
  <w id="6" lemma="|,|" pos="," wid="6">,</w>
  <w id="7" lemma="|when|" pos="WRB" wid="7">when</w>
  <w id="8" lemma="|one|" pos="CD" wid="8">one</w>
  <w id="9" lemma="|blaspheme|" pos="NNS" wid="9">blasphemes</w>
  <w id="10" lemma="|against|" pos="IN" wid="10">against</w>
  <w id="11" lemma="|God|" pos="NNP" wid="11">God</w>
  <w id="12" lemma="|,|" pos="," wid="12">,</w>
  <w id="13" lemma="|when|" pos="WRB" wid="13">when</w>
  <w id="14" lemma="|one|" pos="NN" wid="14">one</w>
  <w id="15" lemma="|exploit|" pos="VBZ" wid="15">exploits</w>
  <w id="16" lemma="|other|" pos="NNS" wid="16">others</w>
  <w id="17" lemma="|,|" pos="," wid="17">,</w>
  <w id="18" lemma="|when|" pos="WRB" wid="18">when</w>
  <w id="19" lemma="|he|" pos="PRP" wid="19">he</w>
  <w id="20" lemma="|tyrannize|" pos="VBZ" wid="20">tyrannizes</w>
  <w id="21" lemma="|they|" pos="PRP" wid="21">them</w>
  <w id="22" lemma="|,|" pos="," wid="22">,</w>
  <w id="23" lemma="|when|" pos="WRB" wid="23">when</w>
  <w id="24" lemma="|he|" pos="PRP" wid="24">he</w>
  <w id="25" lemma="|live|" pos="VBZ" wid="25">lives</w>
  <w id="26" lemma="|only|" pos="RB" wid="26">only</w>
  <w id="27" lemma="|for|" pos="IN" wid="27">for</w>
  <w id="28" lemma="|money|" pos="NN" wid="28">money</w>
  <w id="29" lemma="|,|" pos="," wid="29">,</w>
  <w id="30" lemma="|for|" pos="IN" wid="30">for</w>
  <w id="31" lemma="|vanity|" pos="NN" wid="31">vanity</w>
  <w id="32" lemma="|,|" pos="," wid="32">,</w>
  <w id="33" lemma="|or|" pos="CC" wid="33">or</w>
  <w id="34" lemma="|power|" pos="NN" wid="34">power</w>
  <w id="35" lemma="|,|" pos="," wid="35">,</w>
  <w id="36" lemma="|or|" pos="CC" wid="36">or</w>
  <w id="37" lemma="|pride|" pos="NN" wid="37">pride</w>
  <w id="38" lemma="|,|" pos="," wid="38">,</w>
  <w id="39" lemma="|then|" pos="RB" wid="39">then</w>
  <w id="40" lemma="|the|" pos="DT" wid="40">the</w>
  <w id="41" lemma="|holy|" pos="JJ" wid="41">holy</w>
  <w id="42" lemma="|fear|" pos="NN" wid="42">fear</w>
  <w id="43" lemma="|of|" pos="IN" wid="43">of</w>
  <w id="44" lemma="|God|" pos="NNP" wid="44">God</w>
  <w id="45" lemma="|send|" pos="VBZ" wid="45">sends</w>
  <w id="46" lemma="|we|" pos="PRP" wid="46">us</w>
  <w id="47" lemma="|a|" pos="DT" wid="47">a</w>
  <w id="48" lemma="|warning|" pos="NN" wid="48">warning</w>
  <w id="49" lemma="|:|" pos=":" wid="49">:</w>
  <w id="50" lemma="|be|" pos="VB" wid="50">be</w>
  <w id="51" lemma="|careful|" pos="JJ" wid="51">careful</w>
  <w id="52" lemma="|!|" pos="." wid="52">!</w>
</sentence>
<sentence id="26">
  <w id="0" lemma="|with|" pos="IN" wid="0">With</w>
  <w id="1" lemma="|all|" pos="PDT" wid="1">all</w>
  <w id="2" lemma="|this|" pos="DT" wid="2">this</w>
  <w id="3" lemma="|power|" pos="NN" wid="3">power</w>
  <w id="4" lemma="|,|" pos="," wid="4">,</w>
  <w id="5" lemma="|with|" pos="IN" wid="5">with</w>
  <w id="6" lemma="|all|" pos="PDT" wid="6">all</w>
  <w id="7" lemma="|this|" pos="DT" wid="7">this</w>
  <w id="8" lemma="|money|" pos="NN" wid="8">money</w>
  <w id="9" lemma="|,|" pos="," wid="9">,</w>
  <w id="10" lemma="|with|" pos="IN" wid="10">with</w>
  <w id="11" lemma="|all|" pos="DT" wid="11">all</w>
  <w id="12" lemma="|of|" pos="IN" wid="12">of</w>
  <w id="13" lemma="|you|" pos="PRP$" wid="13">your</w>
  <w id="14" lemma="|pride|" pos="NN" wid="14">pride</w>
  <w id="15" lemma="|,|" pos="," wid="15">,</w>
  <w id="16" lemma="|with|" pos="IN" wid="16">with</w>
  <w id="17" lemma="|all|" pos="DT" wid="17">all</w>
  <w id="18" lemma="|you|" pos="PRP$" wid="18">your</w>
  <w id="19" lemma="|vanity|" pos="NN" wid="19">vanity</w>
  <w id="20" lemma="|,|" pos="," wid="20">,</w>
  <w id="21" lemma="|you|" pos="PRP" wid="21">you</w>
  <w id="22" lemma="|will|" pos="MD" wid="22">will</w>
  <w id="23" lemma="|not|" pos="RB" wid="23">not</w>
  <w id="24" lemma="|be|" pos="VB" wid="24">be</w>
  <w id="25" lemma="|happy|" pos="JJ" wid="25">happy</w>
  <w id="26" lemma="|.|" pos="." wid="26">.</w>
</sentence>
<sentence id="27">
  <w id="0" lemma="|no|" pos="DT" wid="0">No</w>
  <w id="1" lemma="|one|" pos="NN" wid="1">one</w>
  <w id="2" lemma="|can|" pos="MD" wid="2">can</w>
  <w id="3" lemma="|take|" pos="VB" wid="3">take</w>
  <w id="4" lemma="|it|" pos="PRP" wid="4">it</w>
  <w id="5" lemma="|with|" pos="IN" wid="5">with</w>
  <w id="6" lemma="|they|" pos="PRP" wid="6">them</w>
  <w id="7" lemma="|to|" pos="TO" wid="7">to</w>
  <w id="8" lemma="|the|" pos="DT" wid="8">the</w>
  <w id="9" lemma="|other|" pos="JJ" wid="9">other</w>
  <w id="10" lemma="|side|" pos="NN" wid="10">side</w>
  <w id="11" lemma="|:|" pos=":" wid="11">:</w>
  <w id="12" lemma="|not|" pos="RB" wid="12">not</w>
  <w id="13" lemma="|the|" pos="DT" wid="13">the</w>
  <w id="14" lemma="|money|" pos="NN" wid="14">money</w>
  <w id="15" lemma="|,|" pos="," wid="15">,</w>
  <w id="16" lemma="|power|" pos="NN" wid="16">power</w>
  <w id="17" lemma="|,|" pos="," wid="17">,</w>
  <w id="18" lemma="|vanity|" pos="NN" wid="18">vanity</w>
  <w id="19" lemma="|or|" pos="CC" wid="19">or</w>
  <w id="20" lemma="|pride|" pos="NN" wid="20">pride</w>
  <w id="21" lemma="|.|" pos="." wid="21">.</w>
</sentence>
<sentence id="28">
  <w id="0" lemma="|nothing|" pos="NN" wid="0">Nothing</w>
  <w id="1" lemma="|!|" pos="." wid="1">!</w>
</sentence>
<sentence id="29">
  <w id="0" lemma="|we|" pos="PRP" wid="0">We</w>
  <w id="1" lemma="|can|" pos="MD" wid="1">can</w>
  <w id="2" lemma="|only|" pos="RB" wid="2">only</w>
  <w id="3" lemma="|take|" pos="VB" wid="3">take</w>
  <w id="4" lemma="|the|" pos="DT" wid="4">the</w>
  <w id="5" lemma="|love|" pos="NN" wid="5">love</w>
  <w id="6" lemma="|that|" pos="IN" wid="6">that</w>
  <w id="7" lemma="|God|" pos="NNP" wid="7">God</w>
  <w id="8" lemma="|the|" pos="DT" wid="8">the</w>
  <w id="9" lemma="|Father|" pos="NNP" wid="9">Father</w>
  <w id="10" lemma="|give|" pos="VBZ" wid="10">gives</w>
  <w id="11" lemma="|we|" pos="PRP" wid="11">us</w>
  <w id="12" lemma="|,|" pos="," wid="12">,</w>
  <w id="13" lemma="|God|" pos="NNP" wid="13">God</w>
  <w id="14" lemma="|'s|" pos="POS" wid="14">'s</w>
  <w id="15" lemma="|embrace|" pos="VBP" wid="15">embrace</w>
  <w id="16" lemma="|,|" pos="," wid="16">,</w>
  <w id="17" lemma="|accept|" pos="VBN" wid="17">accepted</w>
  <w id="18" lemma="|and|" pos="CC" wid="18">and</w>
  <w id="19" lemma="|receive|" pos="VBN" wid="19">received</w>
  <w id="20" lemma="|by|" pos="IN" wid="20">by</w>
  <w id="21" lemma="|we|" pos="PRP" wid="21">us</w>
  <w id="22" lemma="|with|" pos="IN" wid="22">with</w>
  <w id="23" lemma="|love|" pos="NN" wid="23">love</w>
  <w id="24" lemma="|.|" pos="." wid="24">.</w>
</sentence>
<sentence id="30">
  <w id="0" lemma="|and|" pos="CC" wid="0">And</w>
  <w id="1" lemma="|we|" pos="PRP" wid="1">we</w>
  <w id="2" lemma="|can|" pos="MD" wid="2">can</w>
  <w id="3" lemma="|take|" pos="VB" wid="3">take</w>
  <w id="4" lemma="|what|" pos="WP" wid="4">what</w>
  <w id="5" lemma="|we|" pos="PRP" wid="5">we</w>
  <w id="6" lemma="|have|" pos="VBP" wid="6">have</w>
  <w id="7" lemma="|do|" pos="VBN" wid="7">done</w>
  <w id="8" lemma="|for|" pos="IN" wid="8">for</w>
  <w id="9" lemma="|other|" pos="NNS" wid="9">others</w>
  <w id="10" lemma="|.|" pos="." wid="10">.</w>
</sentence>
<sentence id="31">
  <w id="0" lemma="|take|" pos="VB" wid="0">Take</w>
  <w id="1" lemma="|care|" pos="NN" wid="1">care</w>
  <w id="2" lemma="|not|" pos="RB" wid="2">not</w>
  <w id="3" lemma="|to|" pos="TO" wid="3">to</w>
  <w id="4" lemma="|place|" pos="VB" wid="4">place</w>
  <w id="5" lemma="|you|" pos="PRP$" wid="5">your</w>
  <w id="6" lemma="|hope|" pos="NN" wid="6">hope</w>
  <w id="7" lemma="|in|" pos="IN" wid="7">in</w>
  <w id="8" lemma="|money|" pos="NN" wid="8">money</w>
  <w id="9" lemma="|or|" pos="CC" wid="9">or</w>
  <w id="10" lemma="|pride|" pos="NN" wid="10">pride</w>
  <w id="11" lemma="|,|" pos="," wid="11">,</w>
  <w id="12" lemma="|power|" pos="NN" wid="12">power</w>
  <w id="13" lemma="|or|" pos="CC" wid="13">or</w>
  <w id="14" lemma="|vanity|" pos="NN" wid="14">vanity</w>
  <w id="15" lemma="|,|" pos="," wid="15">,</w>
  <w id="16" lemma="|because|" pos="IN" wid="16">because</w>
  <w id="17" lemma="|they|" pos="PRP" wid="17">they</w>
  <w id="18" lemma="|can|" pos="MD" wid="18">can</w>
  <w id="19" lemma="|promise|" pos="VB" wid="19">promise</w>
  <w id="20" lemma="|you|" pos="PRP" wid="20">you</w>
  <w id="21" lemma="|nothing|" pos="NN" wid="21">nothing</w>
  <w id="22" lemma="|good|" pos="JJ" wid="22">good</w>
  <w id="23" lemma="|!|" pos="." wid="23">!</w>
</sentence>
<sentence id="32">
  <w id="0" lemma="|I|" pos="PRP" wid="0">I</w>
  <w id="1" lemma="|be|" pos="VBP" wid="1">am</w>
  <w id="2" lemma="|think|" pos="VBG" wid="2">thinking</w>
  <w id="3" lemma="|,|" pos="," wid="3">,</w>
  <w id="4" lemma="|for|" pos="IN" wid="4">for</w>
  <w id="5" lemma="|example|" pos="NN" wid="5">example</w>
  <w id="6" lemma="|,|" pos="," wid="6">,</w>
  <w id="7" lemma="|of|" pos="IN" wid="7">of</w>
  <w id="8" lemma="|people|" pos="NNS" wid="8">people</w>
  <w id="9" lemma="|who|" pos="WP" wid="9">who</w>
  <w id="10" lemma="|have|" pos="VBP" wid="10">have</w>
  <w id="11" lemma="|responsibility|" pos="NN" wid="11">responsibility</w>
  <w id="12" lemma="|for|" pos="IN" wid="12">for</w>
  <w id="13" lemma="|other|" pos="NNS" wid="13">others</w>
  <w id="14" lemma="|and|" pos="CC" wid="14">and</w>
  <w id="15" lemma="|allow|" pos="VB" wid="15">allow</w>
  <w id="16" lemma="|themselves|" pos="PRP" wid="16">themselves</w>
  <w id="17" lemma="|to|" pos="TO" wid="17">to</w>
  <w id="18" lemma="|become|" pos="VB" wid="18">become</w>
  <w id="19" lemma="|corrupt|" pos="JJ" wid="19">corrupt</w>
  <w id="20" lemma="|;|" pos=":" wid="20">;</w>
  <w id="21" lemma="|do|" pos="VBP" wid="21">do</w>
  <w id="22" lemma="|you|" pos="PRP" wid="22">you</w>
  <w id="23" lemma="|think|" pos="VB" wid="23">think</w>
  <w id="24" lemma="|a|" pos="DT" wid="24">a</w>
  <w id="25" lemma="|corrupt|" pos="JJ" wid="25">corrupt</w>
  <w id="26" lemma="|person|" pos="NN" wid="26">person</w>
  <w id="27" lemma="|will|" pos="MD" wid="27">will</w>
  <w id="28" lemma="|be|" pos="VB" wid="28">be</w>
  <w id="29" lemma="|happy|" pos="JJ" wid="29">happy</w>
  <w id="30" lemma="|on|" pos="IN" wid="30">on</w>
  <w id="31" lemma="|the|" pos="DT" wid="31">the</w>
  <w id="32" lemma="|other|" pos="JJ" wid="32">other</w>
  <w id="33" lemma="|side|" pos="NN" wid="33">side</w>
  <w id="34" lemma="|?|" pos="." wid="34">?</w>
</sentence>
<sentence id="33">
  <w id="0" lemma="|no|" pos="RB" wid="0">No</w>
  <w id="1" lemma="|,|" pos="," wid="1">,</w>
  <w id="2" lemma="|all|" pos="PDT" wid="2">all</w>
  <w id="3" lemma="|the|" pos="DT" wid="3">the</w>
  <w id="4" lemma="|fruit|" pos="NN" wid="4">fruit</w>
  <w id="5" lemma="|of|" pos="IN" wid="5">of</w>
  <w id="6" lemma="|he|" pos="PRP$" wid="6">his</w>
  <w id="7" lemma="|corruption|" pos="NN" wid="7">corruption</w>
  <w id="8" lemma="|have|" pos="VBZ" wid="8">has</w>
  <w id="9" lemma="|corrupt|" pos="VBN" wid="9">corrupted</w>
  <w id="10" lemma="|he|" pos="PRP$" wid="10">his</w>
  <w id="11" lemma="|heart|" pos="NN" wid="11">heart</w>
  <w id="12" lemma="|and|" pos="CC" wid="12">and</w>
  <w id="13" lemma="|it|" pos="PRP" wid="13">it</w>
  <w id="14" lemma="|will|" pos="MD" wid="14">will</w>
  <w id="15" lemma="|be|" pos="VB" wid="15">be</w>
  <w id="16" lemma="|difficult|" pos="JJ" wid="16">difficult</w>
  <w id="17" lemma="|for|" pos="IN" wid="17">for</w>
  <w id="18" lemma="|he|" pos="PRP" wid="18">him</w>
  <w id="19" lemma="|to|" pos="TO" wid="19">to</w>
  <w id="20" lemma="|go|" pos="VB" wid="20">go</w>
  <w id="21" lemma="|to|" pos="TO" wid="21">to</w>
  <w id="22" lemma="|the|" pos="DT" wid="22">the</w>
  <w id="23" lemma="|Lord|" pos="NNP" wid="23">Lord</w>
  <w id="24" lemma="|.|" pos="." wid="24">.</w>
</sentence>
<sentence id="34">
  <w id="0" lemma="|I|" pos="PRP" wid="0">I</w>
  <w id="1" lemma="|be|" pos="VBP" wid="1">am</w>
  <w id="2" lemma="|think|" pos="VBG" wid="2">thinking</w>
  <w id="3" lemma="|of|" pos="IN" wid="3">of</w>
  <w id="4" lemma="|those|" pos="DT" wid="4">those</w>
  <w id="5" lemma="|who|" pos="WP" wid="5">who</w>
  <w id="6" lemma="|live|" pos="VBP" wid="6">live</w>
  <w id="7" lemma="|off|" pos="RP" wid="7">off</w>
  <w id="8" lemma="|human|" pos="JJ" wid="8">human</w>
  <w id="9" lemma="|trafficking|" pos="NN" wid="9">trafficking</w>
  <w id="10" lemma="|or|" pos="CC" wid="10">or</w>
  <w id="11" lemma="|slave|" pos="NN" wid="11">slave</w>
  <w id="12" lemma="|labour|" pos="NN" wid="12">labour</w>
  <w id="13" lemma="|;|" pos=":" wid="13">;</w>
  <w id="14" lemma="|do|" pos="VBP" wid="14">do</w>
  <w id="15" lemma="|you|" pos="PRP" wid="15">you</w>
  <w id="16" lemma="|think|" pos="VB" wid="16">think</w>
  <w id="17" lemma="|these|" pos="DT" wid="17">these</w>
  <w id="18" lemma="|people|" pos="NNS" wid="18">people</w>
  <w id="19" lemma="|who|" pos="WP" wid="19">who</w>
  <w id="20" lemma="|traffic|" pos="VBP" wid="20">traffic</w>
  <w id="21" lemma="|person|" pos="NNS" wid="21">persons</w>
  <w id="22" lemma="|,|" pos="," wid="22">,</w>
  <w id="23" lemma="|who|" pos="WP" wid="23">who</w>
  <w id="24" lemma="|exploit|" pos="VBP" wid="24">exploit</w>
  <w id="25" lemma="|people|" pos="NNS" wid="25">people</w>
  <w id="26" lemma="|through|" pos="IN" wid="26">through</w>
  <w id="27" lemma="|slave|" pos="NN" wid="27">slave</w>
  <w id="28" lemma="|labour|" pos="NN" wid="28">labour</w>
  <w id="29" lemma="|have|" pos="VBP" wid="29">have</w>
  <w id="30" lemma="|love|" pos="NN" wid="30">love</w>
  <w id="31" lemma="|for|" pos="IN" wid="31">for</w>
  <w id="32" lemma="|God|" pos="NNP" wid="32">God</w>
  <w id="33" lemma="|in|" pos="IN" wid="33">in</w>
  <w id="34" lemma="|they|" pos="PRP$" wid="34">their</w>
  <w id="35" lemma="|heart|" pos="NNS" wid="35">hearts</w>
  <w id="36" lemma="|?|" pos="." wid="36">?</w>
</sentence>
<sentence id="35">
  <w id="0" lemma="|no|" pos="RB" wid="0">No</w>
  <w id="1" lemma="|,|" pos="," wid="1">,</w>
  <w id="2" lemma="|they|" pos="PRP" wid="2">they</w>
  <w id="3" lemma="|have|" pos="VBP" wid="3">have</w>
  <w id="4" lemma="|not|" pos="RB" wid="4">n't</w>
  <w id="5" lemma="|fear|" pos="NN" wid="5">fear</w>
  <w id="6" lemma="|of|" pos="IN" wid="6">of</w>
  <w id="7" lemma="|the|" pos="DT" wid="7">the</w>
  <w id="8" lemma="|Lord|" pos="NNP" wid="8">Lord</w>
  <w id="9" lemma="|and|" pos="CC" wid="9">and</w>
  <w id="10" lemma="|they|" pos="PRP" wid="10">they</w>
  <w id="11" lemma="|be|" pos="VBP" wid="11">are</w>
  <w id="12" lemma="|not|" pos="RB" wid="12">not</w>
  <w id="13" lemma="|happy|" pos="JJ" wid="13">happy</w>
  <w id="14" lemma="|.|" pos="." wid="14">.</w>
</sentence>
<sentence id="36">
  <w id="0" lemma="|they|" pos="PRP" wid="0">They</w>
  <w id="1" lemma="|be|" pos="VBP" wid="1">are</w>
  <w id="2" lemma="|not|" pos="RB" wid="2">not</w>
  <w id="3" lemma="|.|" pos="." wid="3">.</w>
</sentence>
<sentence id="37">
  <w id="0" lemma="|I|" pos="PRP" wid="0">I</w>
  <w id="1" lemma="|be|" pos="VBP" wid="1">am</w>
  <w id="2" lemma="|think|" pos="VBG" wid="2">thinking</w>
  <w id="3" lemma="|of|" pos="IN" wid="3">of</w>
  <w id="4" lemma="|those|" pos="DT" wid="4">those</w>
  <w id="5" lemma="|who|" pos="WP" wid="5">who</w>
  <w id="6" lemma="|manufacture|" pos="VBP" wid="6">manufacture</w>
  <w id="7" lemma="|weapon|" pos="NNS" wid="7">weapons</w>
  <w id="8" lemma="|for|" pos="IN" wid="8">for</w>
  <w id="9" lemma="|foment|" pos="VBG" wid="9">fomenting</w>
  <w id="10" lemma="|war|" pos="NNS" wid="10">wars</w>
  <w id="11" lemma="|;|" pos=":" wid="11">;</w>
  <w id="12" lemma="|just|" pos="RB" wid="12">just</w>
  <w id="13" lemma="|think|" pos="VB" wid="13">think</w>
  <w id="14" lemma="|about|" pos="IN" wid="14">about</w>
  <w id="15" lemma="|what|" pos="WDT" wid="15">what</w>
  <w id="16" lemma="|kind|" pos="NN" wid="16">kind</w>
  <w id="17" lemma="|of|" pos="IN" wid="17">of</w>
  <w id="18" lemma="|job|" pos="NN" wid="18">job</w>
  <w id="19" lemma="|this|" pos="DT" wid="19">this</w>
  <w id="20" lemma="|be|" pos="VBZ" wid="20">is</w>
  <w id="21" lemma="|.|" pos="." wid="21">.</w>
</sentence>
<sentence id="38">
  <w id="0" lemma="|I|" pos="PRP" wid="0">I</w>
  <w id="1" lemma="|be|" pos="VBP" wid="1">am</w>
  <w id="2" lemma="|certain|" pos="JJ" wid="2">certain</w>
  <w id="3" lemma="|that|" pos="IN" wid="3">that</w>
  <w id="4" lemma="|if|" pos="IN" wid="4">if</w>
  <w id="5" lemma="|I|" pos="PRP" wid="5">I</w>
  <w id="6" lemma="|be|" pos="VBD" wid="6">were</w>
  <w id="7" lemma="|to|" pos="TO" wid="7">to</w>
  <w id="8" lemma="|ask|" pos="VB" wid="8">ask</w>
  <w id="9" lemma="|:|" pos=":" wid="9">:</w>
  <w id="10" lemma="|how|" pos="WRB" wid="10">how</w>
  <w id="11" lemma="|many|" pos="JJ" wid="11">many</w>
  <w id="12" lemma="|of|" pos="IN" wid="12">of</w>
  <w id="13" lemma="|you|" pos="PRP" wid="13">you</w>
  <w id="14" lemma="|manufacture|" pos="VBP" wid="14">manufacture</w>
  <w id="15" lemma="|weapon|" pos="NNS" wid="15">weapons</w>
  <w id="16" lemma="|?|" pos="." wid="16">?</w>
</sentence>
<sentence id="39">
  <w id="0" lemma="|no|" pos="DT" wid="0">No</w>
  <w id="1" lemma="|one|" pos="NN" wid="1">one</w>
  <w id="2" lemma="|,|" pos="," wid="2">,</w>
  <w id="3" lemma="|no|" pos="DT" wid="3">no</w>
  <w id="4" lemma="|one|" pos="NN" wid="4">one</w>
  <w id="5" lemma="|.|" pos="." wid="5">.</w>
</sentence>
<sentence id="40">
  <w id="0" lemma="|these|" pos="DT" wid="0">These</w>
  <w id="1" lemma="|weapon|" pos="NNS" wid="1">weapons</w>
  <w id="2" lemma="|manufacturer|" pos="NNS" wid="2">manufacturers</w>
  <w id="3" lemma="|do|" pos="VBP" wid="3">do</w>
  <w id="4" lemma="|not|" pos="RB" wid="4">n't</w>
  <w id="5" lemma="|come|" pos="VB" wid="5">come</w>
  <w id="6" lemma="|to|" pos="TO" wid="6">to</w>
  <w id="7" lemma="|hear|" pos="VB" wid="7">hear</w>
  <w id="8" lemma="|the|" pos="DT" wid="8">the</w>
  <w id="9" lemma="|Word|" pos="NNP" wid="9">Word</w>
  <w id="10" lemma="|of|" pos="IN" wid="10">of</w>
  <w id="11" lemma="|God|" pos="NNP" wid="11">God</w>
  <w id="12" lemma="|!|" pos="." wid="12">!</w>
</sentence>
<sentence id="41">
  <w id="0" lemma="|these|" pos="DT" wid="0">These</w>
  <w id="1" lemma="|people|" pos="NNS" wid="1">people</w>
  <w id="2" lemma="|manufacture|" pos="VBP" wid="2">manufacture</w>
  <w id="3" lemma="|death|" pos="NN" wid="3">death</w>
  <w id="4" lemma="|,|" pos="," wid="4">,</w>
  <w id="5" lemma="|they|" pos="PRP" wid="5">they</w>
  <w id="6" lemma="|be|" pos="VBP" wid="6">are</w>
  <w id="7" lemma="|merchant|" pos="NNS" wid="7">merchants</w>
  <w id="8" lemma="|of|" pos="IN" wid="8">of</w>
  <w id="9" lemma="|death|" pos="NN" wid="9">death</w>
  <w id="10" lemma="|and|" pos="CC" wid="10">and</w>
  <w id="11" lemma="|they|" pos="PRP" wid="11">they</w>
  <w id="12" lemma="|make|" pos="VBP" wid="12">make</w>
  <w id="13" lemma="|death|" pos="NN" wid="13">death</w>
  <w id="14" lemma="|into|" pos="IN" wid="14">into</w>
  <w id="15" lemma="|a|" pos="DT" wid="15">a</w>
  <w id="16" lemma="|piece|" pos="NN" wid="16">piece</w>
  <w id="17" lemma="|of|" pos="IN" wid="17">of</w>
  <w id="18" lemma="|merchandise|" pos="NN" wid="18">merchandise</w>
  <w id="19" lemma="|.|" pos="." wid="19">.</w>
</sentence>
<sentence id="42">
  <w id="0" lemma="|May|" pos="NNP" wid="0">May</w>
  <w id="1" lemma="|fear|" pos="NN" wid="1">fear</w>
  <w id="2" lemma="|of|" pos="IN" wid="2">of</w>
  <w id="3" lemma="|the|" pos="DT" wid="3">the</w>
  <w id="4" lemma="|Lord|" pos="NNP" wid="4">Lord</w>
  <w id="5" lemma="|make|" pos="VBP" wid="5">make</w>
  <w id="6" lemma="|they|" pos="PRP" wid="6">them</w>
  <w id="7" lemma="|understand|" pos="VB" wid="7">understand</w>
  <w id="8" lemma="|that|" pos="IN" wid="8">that</w>
  <w id="9" lemma="|one|" pos="CD" wid="9">one</w>
  <w id="10" lemma="|day|" pos="NN" wid="10">day</w>
  <w id="11" lemma="|all|" pos="DT" wid="11">all</w>
  <w id="12" lemma="|thing|" pos="NNS" wid="12">things</w>
  <w id="13" lemma="|will|" pos="MD" wid="13">will</w>
  <w id="14" lemma="|come|" pos="VB" wid="14">come</w>
  <w id="15" lemma="|to|" pos="TO" wid="15">to</w>
  <w id="16" lemma="|a|" pos="DT" wid="16">an</w>
  <w id="17" lemma="|end|" pos="NN" wid="17">end</w>
  <w id="18" lemma="|and|" pos="CC" wid="18">and</w>
  <w id="19" lemma="|they|" pos="PRP" wid="19">they</w>
  <w id="20" lemma="|will|" pos="MD" wid="20">will</w>
  <w id="21" lemma="|have|" pos="VB" wid="21">have</w>
  <w id="22" lemma="|to|" pos="TO" wid="22">to</w>
  <w id="23" lemma="|give|" pos="VB" wid="23">give</w>
  <w id="24" lemma="|account|" pos="NN" wid="24">account</w>
  <w id="25" lemma="|to|" pos="TO" wid="25">to</w>
  <w id="26" lemma="|God|" pos="NNP" wid="26">God</w>
  <w id="27" lemma="|.|" pos="." wid="27">.</w>
</sentence>
<sentence id="43">
  <w id="0" lemma="|Dear|" pos="NNP" wid="0">Dear</w>
  <w id="1" lemma="|friend|" pos="NNS" wid="1">friends</w>
  <w id="2" lemma="|,|" pos="," wid="2">,</w>
  <w id="3" lemma="|Psalm|" pos="NNP" wid="3">Psalm</w>
  <w id="4" lemma="|34|" pos="CD" wid="4">34</w>
  <w id="5" lemma="|tell|" pos="VBZ" wid="5">tells</w>
  <w id="6" lemma="|we|" pos="PRP" wid="6">us</w>
  <w id="7" lemma="|to|" pos="TO" wid="7">to</w>
  <w id="8" lemma="|pray|" pos="VB" wid="8">pray</w>
  <w id="9" lemma="|like|" pos="IN" wid="9">like</w>
  <w id="10" lemma="|this|" pos="DT" wid="10">this</w>
  <w id="11" lemma="|:|" pos=":" wid="11">:</w>
  <w id="12" lemma="|``|" pos="``" wid="12">``</w>
  <w id="13" lemma="|this|" pos="DT" wid="13">This</w>
  <w id="14" lemma="|poor|" pos="JJ" wid="14">poor</w>
  <w id="15" lemma="|man|" pos="NN" wid="15">man</w>
  <w id="16" lemma="|cry|" pos="VBD" wid="16">cried</w>
  <w id="17" lemma="|,|" pos="," wid="17">,</w>
  <w id="18" lemma="|and|" pos="CC" wid="18">and</w>
  <w id="19" lemma="|the|" pos="DT" wid="19">the</w>
  <w id="20" lemma="|Lord|" pos="NNP" wid="20">Lord</w>
  <w id="21" lemma="|hear|" pos="VBD" wid="21">heard</w>
  <w id="22" lemma="|he|" pos="PRP" wid="22">him</w>
  <w id="23" lemma="|,|" pos="," wid="23">,</w>
  <w id="24" lemma="|and|" pos="CC" wid="24">and</w>
  <w id="25" lemma="|save|" pos="VBD" wid="25">saved</w>
  <w id="26" lemma="|he|" pos="PRP" wid="26">him</w>
  <w id="27" lemma="|out|" pos="IN" wid="27">out</w>
  <w id="28" lemma="|of|" pos="IN" wid="28">of</w>
  <w id="29" lemma="|all|" pos="PDT" wid="29">all</w>
  <w id="30" lemma="|he|" pos="PRP$" wid="30">his</w>
  <w id="31" lemma="|trouble|" pos="NNS" wid="31">troubles</w>
  <w id="32" lemma="|.|" pos="." wid="32">.</w>
</sentence>
<sentence id="44">
  <w id="0" lemma="|the|" pos="DT" wid="0">The</w>
  <w id="1" lemma="|angel|" pos="NN" wid="1">angel</w>
  <w id="2" lemma="|of|" pos="IN" wid="2">of</w>
  <w id="3" lemma="|the|" pos="DT" wid="3">the</w>
  <w id="4" lemma="|Lord|" pos="NNP" wid="4">Lord</w>
  <w id="5" lemma="|encamp|" pos="NNS" wid="5">encamps</w>
  <w id="6" lemma="|around|" pos="IN" wid="6">around</w>
  <w id="7" lemma="|those|" pos="DT" wid="7">those</w>
  <w id="8" lemma="|who|" pos="WP" wid="8">who</w>
  <w id="9" lemma="|fear|" pos="VBP" wid="9">fear</w>
  <w id="10" lemma="|he|" pos="PRP" wid="10">him</w>
  <w id="11" lemma="|,|" pos="," wid="11">,</w>
  <w id="12" lemma="|and|" pos="CC" wid="12">and</w>
  <w id="13" lemma="|deliver|" pos="VBZ" wid="13">delivers</w>
  <w id="14" lemma="|they|" pos="PRP" wid="14">them</w>
  <w id="15" lemma="|''|" pos="''" wid="15">''</w>
  <w id="16" lemma="|-lrb-|" pos="-LRB-" wid="16">-LRB-</w>
  <w id="17" lemma="|vv|" pos="NN" wid="17">vv</w>
  <w id="18" lemma="|.|" pos="." wid="18">.</w>
</sentence>
<sentence id="45">
  <w id="0" lemma="|6-7|" pos="CD" wid="0">6-7</w>
  <w id="1" lemma="|-rrb-|" pos="-RRB-" wid="1">-RRB-</w>
  <w id="2" lemma="|.|" pos="." wid="2">.</w>
</sentence>
<sentence id="46">
  <w id="0" lemma="|let|" pos="VB" wid="0">Let</w>
  <w id="1" lemma="|we|" pos="PRP" wid="1">us</w>
  <w id="2" lemma="|ask|" pos="VB" wid="2">ask</w>
  <w id="3" lemma="|the|" pos="DT" wid="3">the</w>
  <w id="4" lemma="|Lord|" pos="NNP" wid="4">Lord</w>
  <w id="5" lemma="|for|" pos="IN" wid="5">for</w>
  <w id="6" lemma="|the|" pos="DT" wid="6">the</w>
  <w id="7" lemma="|grace|" pos="NN" wid="7">grace</w>
  <w id="8" lemma="|to|" pos="TO" wid="8">to</w>
  <w id="9" lemma="|unite|" pos="VB" wid="9">unite</w>
  <w id="10" lemma="|we|" pos="PRP$" wid="10">our</w>
  <w id="11" lemma="|voice|" pos="NN" wid="11">voice</w>
  <w id="12" lemma="|to|" pos="TO" wid="12">to</w>
  <w id="13" lemma="|that|" pos="DT" wid="13">that</w>
  <w id="14" lemma="|of|" pos="IN" wid="14">of</w>
  <w id="15" lemma="|the|" pos="DT" wid="15">the</w>
  <w id="16" lemma="|poor|" pos="JJ" wid="16">poor</w>
  <w id="17" lemma="|,|" pos="," wid="17">,</w>
  <w id="18" lemma="|to|" pos="TO" wid="18">to</w>
  <w id="19" lemma="|welcome|" pos="VB" wid="19">welcome</w>
  <w id="20" lemma="|the|" pos="DT" wid="20">the</w>
  <w id="21" lemma="|gift|" pos="NN" wid="21">gift</w>
  <w id="22" lemma="|of|" pos="IN" wid="22">of</w>
  <w id="23" lemma="|fear|" pos="NN" wid="23">fear</w>
  <w id="24" lemma="|of|" pos="IN" wid="24">of</w>
  <w id="25" lemma="|the|" pos="DT" wid="25">the</w>
  <w id="26" lemma="|Lord|" pos="NNP" wid="26">Lord</w>
  <w id="27" lemma="|and|" pos="CC" wid="27">and</w>
  <w id="28" lemma="|to|" pos="TO" wid="28">to</w>
  <w id="29" lemma="|be|" pos="VB" wid="29">be</w>
  <w id="30" lemma="|able|" pos="JJ" wid="30">able</w>
  <w id="31" lemma="|to|" pos="TO" wid="31">to</w>
  <w id="32" lemma="|recognize|" pos="VB" wid="32">recognize</w>
  <w id="33" lemma="|ourselves|" pos="PRP" wid="33">ourselves</w>
  <w id="34" lemma="|,|" pos="," wid="34">,</w>
  <w id="35" lemma="|together|" pos="RB" wid="35">together</w>
  <w id="36" lemma="|with|" pos="IN" wid="36">with</w>
  <w id="37" lemma="|they|" pos="PRP" wid="37">them</w>
  <w id="38" lemma="|,|" pos="," wid="38">,</w>
  <w id="39" lemma="|as|" pos="IN" wid="39">as</w>
  <w id="40" lemma="|cloak|" pos="VBN" wid="40">cloaked</w>
  <w id="41" lemma="|in|" pos="IN" wid="41">in</w>
  <w id="42" lemma="|the|" pos="DT" wid="42">the</w>
  <w id="43" lemma="|mercy|" pos="NN" wid="43">mercy</w>
  <w id="44" lemma="|and|" pos="CC" wid="44">and</w>
  <w id="45" lemma="|love|" pos="NN" wid="45">love</w>
  <w id="46" lemma="|of|" pos="IN" wid="46">of</w>
  <w id="47" lemma="|God|" pos="NNP" wid="47">God</w>
  <w id="48" lemma="|,|" pos="," wid="48">,</w>
  <w id="49" lemma="|who|" pos="WP" wid="49">who</w>
  <w id="50" lemma="|be|" pos="VBZ" wid="50">is</w>
  <w id="51" lemma="|we|" pos="PRP$" wid="51">our</w>
  <w id="52" lemma="|Father|" pos="NNP" wid="52">Father</w>
  <w id="53" lemma="|,|" pos="," wid="53">,</w>
  <w id="54" lemma="|we|" pos="PRP$" wid="54">our</w>
  <w id="55" lemma="|dad|" pos="NN" wid="55">dad</w>
  <w id="56" lemma="|.|" pos="." wid="56">.</w>
</sentence>
<sentence id="47">
  <w id="0" lemma="|let|" pos="VB" wid="0">Let</w>
  <w id="1" lemma="|it|" pos="PRP" wid="1">it</w>
  <w id="2" lemma="|be|" pos="VB" wid="2">be</w>
  <w id="3" lemma="|.|" pos="." wid="3">.</w>
</sentence>
<sentence id="48">
  <w id="0" lemma="|greeting|" pos="NNS" wid="0">Greetings</w>
  <w id="1" lemma="|:|" pos=":" wid="1">:</w>
  <w id="2" lemma="|I|" pos="PRP" wid="2">I</w>
  <w id="3" lemma="|greet|" pos="VB" wid="3">greet</w>
  <w id="4" lemma="|all|" pos="PDT" wid="4">all</w>
  <w id="5" lemma="|the|" pos="DT" wid="5">the</w>
  <w id="6" lemma="|english-speaking|" pos="JJ" wid="6">English-speaking</w>
  <w id="7" lemma="|pilgrim|" pos="NNS" wid="7">pilgrims</w>
  <w id="8" lemma="|take|" pos="VBG" wid="8">taking</w>
  <w id="9" lemma="|part|" pos="NN" wid="9">part</w>
  <w id="10" lemma="|in|" pos="IN" wid="10">in</w>
  <w id="11" lemma="|today|" pos="NN" wid="11">today</w>
  <w id="12" lemma="|'s|" pos="POS" wid="12">'s</w>
  <w id="13" lemma="|audience|" pos="NN" wid="13">Audience</w>
  <w id="14" lemma="|,|" pos="," wid="14">,</w>
  <w id="15" lemma="|include|" pos="VBG" wid="15">including</w>
  <w id="16" lemma="|those|" pos="DT" wid="16">those</w>
  <w id="17" lemma="|from|" pos="IN" wid="17">from</w>
  <w id="18" lemma="|England|" pos="NNP" wid="18">England</w>
  <w id="19" lemma="|and|" pos="CC" wid="19">and</w>
  <w id="20" lemma="|Wales|" pos="NNP" wid="20">Wales</w>
  <w id="21" lemma="|,|" pos="," wid="21">,</w>
  <w id="22" lemma="|Scotland|" pos="NNP" wid="22">Scotland</w>
  <w id="23" lemma="|,|" pos="," wid="23">,</w>
  <w id="24" lemma="|Sweden|" pos="NNP" wid="24">Sweden</w>
  <w id="25" lemma="|,|" pos="," wid="25">,</w>
  <w id="26" lemma="|Korea|" pos="NNP" wid="26">Korea</w>
  <w id="27" lemma="|,|" pos="," wid="27">,</w>
  <w id="28" lemma="|Malaysia|" pos="NNP" wid="28">Malaysia</w>
  <w id="29" lemma="|,|" pos="," wid="29">,</w>
  <w id="30" lemma="|Pakistan|" pos="NNP" wid="30">Pakistan</w>
  <w id="31" lemma="|,|" pos="," wid="31">,</w>
  <w id="32" lemma="|Japan|" pos="NNP" wid="32">Japan</w>
  <w id="33" lemma="|,|" pos="," wid="33">,</w>
  <w id="34" lemma="|the|" pos="DT" wid="34">the</w>
  <w id="35" lemma="|Philippines|" pos="NNPS" wid="35">Philippines</w>
  <w id="36" lemma="|,|" pos="," wid="36">,</w>
  <w id="37" lemma="|Australia|" pos="NNP" wid="37">Australia</w>
  <w id="38" lemma="|and|" pos="CC" wid="38">and</w>
  <w id="39" lemma="|the|" pos="DT" wid="39">the</w>
  <w id="40" lemma="|United|" pos="NNP" wid="40">United</w>
  <w id="41" lemma="|States|" pos="NNPS" wid="41">States</w>
  <w id="42" lemma="|.|" pos="." wid="42">.</w>
</sentence>
<sentence id="49">
  <w id="0" lemma="|upon|" pos="IN" wid="0">Upon</w>
  <w id="1" lemma="|all|" pos="DT" wid="1">all</w>
  <w id="2" lemma="|of|" pos="IN" wid="2">of</w>
  <w id="3" lemma="|you|" pos="PRP" wid="3">you</w>
  <w id="4" lemma="|,|" pos="," wid="4">,</w>
  <w id="5" lemma="|and|" pos="CC" wid="5">and</w>
  <w id="6" lemma="|upon|" pos="IN" wid="6">upon</w>
  <w id="7" lemma="|you|" pos="PRP$" wid="7">your</w>
  <w id="8" lemma="|family|" pos="NNS" wid="8">families</w>
  <w id="9" lemma="|,|" pos="," wid="9">,</w>
  <w id="10" lemma="|I|" pos="PRP" wid="10">I</w>
  <w id="11" lemma="|invoke|" pos="VBP" wid="11">invoke</w>
  <w id="12" lemma="|the|" pos="DT" wid="12">the</w>
  <w id="13" lemma="|grace|" pos="NN" wid="13">grace</w>
  <w id="14" lemma="|and|" pos="CC" wid="14">and</w>
  <w id="15" lemma="|peace|" pos="NN" wid="15">peace</w>
  <w id="16" lemma="|of|" pos="IN" wid="16">of</w>
  <w id="17" lemma="|the|" pos="DT" wid="17">the</w>
  <w id="18" lemma="|Lord|" pos="NNP" wid="18">Lord</w>
  <w id="19" lemma="|Jesus|" pos="NNP" wid="19">Jesus</w>
  <w id="20" lemma="|and|" pos="CC" wid="20">and</w>
  <w id="21" lemma="|the|" pos="DT" wid="21">the</w>
  <w id="22" lemma="|manifold|" pos="JJ" wid="22">manifold</w>
  <w id="23" lemma="|gift|" pos="NNS" wid="23">gifts</w>
  <w id="24" lemma="|of|" pos="IN" wid="24">of</w>
  <w id="25" lemma="|the|" pos="DT" wid="25">the</w>
  <w id="26" lemma="|holy|" pos="JJ" wid="26">Holy</w>
  <w id="27" lemma="|spirit|" pos="NN" wid="27">Spirit</w>
  <w id="28" lemma="|.|" pos="." wid="28">.</w>
</sentence>
<sentence id="50">
  <w id="0" lemma="|God|" pos="NNP" wid="0">God</w>
  <w id="1" lemma="|bless|" pos="VB" wid="1">bless</w>
  <w id="2" lemma="|you|" pos="PRP" wid="2">you</w>
  <w id="3" lemma="|all|" pos="DT" wid="3">all</w>
  <w id="4" lemma="|!|" pos="." wid="4">!</w>
</sentence>
<sentence id="51">
  <w id="0" lemma="|tomorrow|" pos="NN" wid="0">Tomorrow</w>
  <w id="1" lemma="|,|" pos="," wid="1">,</w>
  <w id="2" lemma="|12|" pos="CD" wid="2">12</w>
  <w id="3" lemma="|June|" pos="NNP" wid="3">June</w>
  <w id="4" lemma="|,|" pos="," wid="4">,</w>
  <w id="5" lemma="|we|" pos="PRP" wid="5">we</w>
  <w id="6" lemma="|celebrate|" pos="VBP" wid="6">celebrate</w>
  <w id="7" lemma="|the|" pos="DT" wid="7">the</w>
  <w id="8" lemma="|World|" pos="NNP" wid="8">World</w>
  <w id="9" lemma="|Day|" pos="NNP" wid="9">Day</w>
  <w id="10" lemma="|against|" pos="IN" wid="10">Against</w>
  <w id="11" lemma="|Child|" pos="NNP" wid="11">Child</w>
  <w id="12" lemma="|Labour|" pos="NNP" wid="12">Labour</w>
  <w id="13" lemma="|.|" pos="." wid="13">.</w>
</sentence>
<sentence id="52">
  <w id="0" lemma="|ten|" pos="NNS" wid="0">Tens</w>
  <w id="1" lemma="|of|" pos="IN" wid="1">of</w>
  <w id="2" lemma="|million|" pos="NNS" wid="2">millions</w>
  <w id="3" lemma="|of|" pos="IN" wid="3">of</w>
  <w id="4" lemma="|child|" pos="NNS" wid="4">children</w>
  <w id="5" lemma="|--|" pos=":" wid="5">--</w>
  <w id="6" lemma="|do|" pos="VBD" wid="6">did</w>
  <w id="7" lemma="|you|" pos="PRP" wid="7">you</w>
  <w id="8" lemma="|hear|" pos="VB" wid="8">hear</w>
  <w id="9" lemma="|that|" pos="DT" wid="9">that</w>
  <w id="10" lemma="|?|" pos="." wid="10">?</w>
</sentence>
<sentence id="53">
  <w id="0" lemma="|--|" pos=":" wid="0">--</w>
  <w id="1" lemma="|ten|" pos="NNS" wid="1">tens</w>
  <w id="2" lemma="|of|" pos="IN" wid="2">of</w>
  <w id="3" lemma="|million|" pos="NNS" wid="3">millions</w>
  <w id="4" lemma="|be|" pos="VBP" wid="4">are</w>
  <w id="5" lemma="|force|" pos="VBN" wid="5">forced</w>
  <w id="6" lemma="|to|" pos="TO" wid="6">to</w>
  <w id="7" lemma="|work|" pos="VB" wid="7">work</w>
  <w id="8" lemma="|in|" pos="IN" wid="8">in</w>
  <w id="9" lemma="|degrading|" pos="JJ" wid="9">degrading</w>
  <w id="10" lemma="|condition|" pos="NNS" wid="10">conditions</w>
  <w id="11" lemma="|,|" pos="," wid="11">,</w>
  <w id="12" lemma="|expose|" pos="VBN" wid="12">exposed</w>
  <w id="13" lemma="|to|" pos="TO" wid="13">to</w>
  <w id="14" lemma="|form|" pos="NNS" wid="14">forms</w>
  <w id="15" lemma="|of|" pos="IN" wid="15">of</w>
  <w id="16" lemma="|slavery|" pos="NN" wid="16">slavery</w>
  <w id="17" lemma="|and|" pos="CC" wid="17">and</w>
  <w id="18" lemma="|exploitation|" pos="NN" wid="18">exploitation</w>
  <w id="19" lemma="|,|" pos="," wid="19">,</w>
  <w id="20" lemma="|as|" pos="RB" wid="20">as</w>
  <w id="21" lemma="|well|" pos="RB" wid="21">well</w>
  <w id="22" lemma="|as|" pos="IN" wid="22">as</w>
  <w id="23" lemma="|abuse|" pos="NN" wid="23">abuse</w>
  <w id="24" lemma="|,|" pos="," wid="24">,</w>
  <w id="25" lemma="|maltreatment|" pos="NN" wid="25">maltreatment</w>
  <w id="26" lemma="|and|" pos="CC" wid="26">and</w>
  <w id="27" lemma="|discrimination|" pos="NN" wid="27">discrimination</w>
  <w id="28" lemma="|.|" pos="." wid="28">.</w>
</sentence>
<sentence id="54">
  <w id="0" lemma="|I|" pos="PRP" wid="0">I</w>
  <w id="1" lemma="|strongly|" pos="RB" wid="1">strongly</w>
  <w id="2" lemma="|hope|" pos="VBP" wid="2">hope</w>
  <w id="3" lemma="|that|" pos="IN" wid="3">that</w>
  <w id="4" lemma="|the|" pos="DT" wid="4">the</w>
  <w id="5" lemma="|international|" pos="JJ" wid="5">international</w>
  <w id="6" lemma="|community|" pos="NN" wid="6">community</w>
  <w id="7" lemma="|can|" pos="MD" wid="7">can</w>
  <w id="8" lemma="|extend|" pos="VB" wid="8">extend</w>
  <w id="9" lemma="|its|" pos="PRP$" wid="9">its</w>
  <w id="10" lemma="|social|" pos="JJ" wid="10">social</w>
  <w id="11" lemma="|protection|" pos="NN" wid="11">protection</w>
  <w id="12" lemma="|over|" pos="IN" wid="12">over</w>
  <w id="13" lemma="|minor|" pos="NNS" wid="13">minors</w>
  <w id="14" lemma="|in|" pos="IN" wid="14">in</w>
  <w id="15" lemma="|order|" pos="NN" wid="15">order</w>
  <w id="16" lemma="|to|" pos="TO" wid="16">to</w>
  <w id="17" lemma="|weaken|" pos="VB" wid="17">weaken</w>
  <w id="18" lemma="|this|" pos="DT" wid="18">this</w>
  <w id="19" lemma="|scourge|" pos="NN" wid="19">scourge</w>
  <w id="20" lemma="|of|" pos="IN" wid="20">of</w>
  <w id="21" lemma="|child|" pos="NN" wid="21">child</w>
  <w id="22" lemma="|exploitation|" pos="NN" wid="22">exploitation</w>
  <w id="23" lemma="|.|" pos="." wid="23">.</w>
</sentence>
<sentence id="55">
  <w id="0" lemma="|let|" pos="VB" wid="0">Let</w>
  <w id="1" lemma="|we|" pos="PRP" wid="1">us</w>
  <w id="2" lemma="|renew|" pos="VB" wid="2">renew</w>
  <w id="3" lemma="|we|" pos="PRP$" wid="3">our</w>
  <w id="4" lemma="|commitment|" pos="NN" wid="4">commitment</w>
  <w id="5" lemma="|,|" pos="," wid="5">,</w>
  <w id="6" lemma="|especially|" pos="RB" wid="6">especially</w>
  <w id="7" lemma="|family|" pos="NNS" wid="7">families</w>
  <w id="8" lemma="|,|" pos="," wid="8">,</w>
  <w id="9" lemma="|in|" pos="IN" wid="9">in</w>
  <w id="10" lemma="|order|" pos="NN" wid="10">order</w>
  <w id="11" lemma="|to|" pos="TO" wid="11">to</w>
  <w id="12" lemma="|ensure|" pos="VB" wid="12">ensure</w>
  <w id="13" lemma="|every|" pos="DT" wid="13">every</w>
  <w id="14" lemma="|boy|" pos="NN" wid="14">boy</w>
  <w id="15" lemma="|and|" pos="CC" wid="15">and</w>
  <w id="16" lemma="|girl|" pos="NN" wid="16">girl</w>
  <w id="17" lemma="|the|" pos="DT" wid="17">the</w>
  <w id="18" lemma="|safeguard|" pos="VBG" wid="18">safeguarding</w>
  <w id="19" lemma="|of|" pos="IN" wid="19">of</w>
  <w id="20" lemma="|he|" pos="PRP$" wid="20">his</w>
  <w id="21" lemma="|or|" pos="CC" wid="21">or</w>
  <w id="22" lemma="|she|" pos="PRP$" wid="22">her</w>
  <w id="23" lemma="|dignity|" pos="NN" wid="23">dignity</w>
  <w id="24" lemma="|and|" pos="CC" wid="24">and</w>
  <w id="25" lemma="|the|" pos="DT" wid="25">the</w>
  <w id="26" lemma="|opportunity|" pos="NN" wid="26">opportunity</w>
  <w id="27" lemma="|for|" pos="IN" wid="27">for</w>
  <w id="28" lemma="|healthy|" pos="JJ" wid="28">healthy</w>
  <w id="29" lemma="|development|" pos="NN" wid="29">development</w>
  <w id="30" lemma="|.|" pos="." wid="30">.</w>
</sentence>
<sentence id="56">
  <w id="0" lemma="|a|" pos="DT" wid="0">A</w>
  <w id="1" lemma="|serene|" pos="JJ" wid="1">serene</w>
  <w id="2" lemma="|childhood|" pos="NN" wid="2">childhood</w>
  <w id="3" lemma="|allow|" pos="VBZ" wid="3">allows</w>
  <w id="4" lemma="|child|" pos="NNS" wid="4">children</w>
  <w id="5" lemma="|to|" pos="TO" wid="5">to</w>
  <w id="6" lemma="|look|" pos="VB" wid="6">look</w>
  <w id="7" lemma="|out|" pos="RP" wid="7">out</w>
  <w id="8" lemma="|with|" pos="IN" wid="8">with</w>
  <w id="9" lemma="|trust|" pos="NN" wid="9">trust</w>
  <w id="10" lemma="|at|" pos="IN" wid="10">at</w>
  <w id="11" lemma="|life|" pos="NN" wid="11">life</w>
  <w id="12" lemma="|and|" pos="CC" wid="12">and</w>
  <w id="13" lemma="|the|" pos="DT" wid="13">the</w>
  <w id="14" lemma="|future|" pos="NN" wid="14">future</w>
  <w id="15" lemma="|.|" pos="." wid="15">.</w>
</sentence>
<sentence id="57">
  <w id="0" lemma="|I|" pos="PRP" wid="0">I</w>
  <w id="1" lemma="|invite|" pos="VBP" wid="1">invite</w>
  <w id="2" lemma="|all|" pos="DT" wid="2">all</w>
  <w id="3" lemma="|of|" pos="IN" wid="3">of</w>
  <w id="4" lemma="|you|" pos="PRP" wid="4">you</w>
  <w id="5" lemma="|to|" pos="TO" wid="5">to</w>
  <w id="6" lemma="|pray|" pos="VB" wid="6">pray</w>
  <w id="7" lemma="|to|" pos="TO" wid="7">to</w>
  <w id="8" lemma="|Our|" pos="NNP" wid="8">Our</w>
  <w id="9" lemma="|Lady|" pos="NNP" wid="9">Lady</w>
  <w id="10" lemma="|,|" pos="," wid="10">,</w>
  <w id="11" lemma="|who|" pos="WP" wid="11">who</w>
  <w id="12" lemma="|hold|" pos="VBD" wid="12">held</w>
  <w id="13" lemma="|the|" pos="DT" wid="13">the</w>
  <w id="14" lemma="|Child|" pos="NNP" wid="14">Child</w>
  <w id="15" lemma="|Jesus|" pos="NNP" wid="15">Jesus</w>
  <w id="16" lemma="|in|" pos="IN" wid="16">in</w>
  <w id="17" lemma="|she|" pos="PRP$" wid="17">her</w>
  <w id="18" lemma="|arm|" pos="NNS" wid="18">arms</w>
  <w id="19" lemma="|,|" pos="," wid="19">,</w>
  <w id="20" lemma="|for|" pos="IN" wid="20">for</w>
  <w id="21" lemma="|these|" pos="DT" wid="21">these</w>
  <w id="22" lemma="|boy|" pos="NNS" wid="22">boys</w>
  <w id="23" lemma="|and|" pos="CC" wid="23">and</w>
  <w id="24" lemma="|girl|" pos="NNS" wid="24">girls</w>
  <w id="25" lemma="|who|" pos="WP" wid="25">who</w>
  <w id="26" lemma="|be|" pos="VBP" wid="26">are</w>
  <w id="27" lemma="|be|" pos="VBG" wid="27">being</w>
  <w id="28" lemma="|exploit|" pos="VBN" wid="28">exploited</w>
  <w id="29" lemma="|through|" pos="IN" wid="29">through</w>
  <w id="30" lemma="|work|" pos="NN" wid="30">work</w>
  <w id="31" lemma="|and|" pos="CC" wid="31">and</w>
  <w id="32" lemma="|also|" pos="RB" wid="32">also</w>
  <w id="33" lemma="|abuse|" pos="NN" wid="33">abuse</w>
  <w id="34" lemma="|.|" pos="." wid="34">.</w>
</sentence>
<sentence id="58">
  <w id="0" lemma="|hail|" pos="VB" wid="0">Hail</w>
  <w id="1" lemma="|Mary|" pos="NNP" wid="1">Mary</w>
  <w id="2" lemma="|...|" pos=":" wid="2">...</w>
  <w id="3" lemma="|I|" pos="PRP" wid="3">I</w>
  <w id="4" lemma="|address|" pos="VBP" wid="4">address</w>
  <w id="5" lemma="|a|" pos="DT" wid="5">a</w>
  <w id="6" lemma="|special|" pos="JJ" wid="6">special</w>
  <w id="7" lemma="|thought|" pos="NN" wid="7">thought</w>
  <w id="8" lemma="|to|" pos="TO" wid="8">to</w>
  <w id="9" lemma="|young|" pos="JJ" wid="9">young</w>
  <w id="10" lemma="|people|" pos="NNS" wid="10">people</w>
  <w id="11" lemma="|,|" pos="," wid="11">,</w>
  <w id="12" lemma="|the|" pos="DT" wid="12">the</w>
  <w id="13" lemma="|sick|" pos="JJ" wid="13">sick</w>
  <w id="14" lemma="|and|" pos="CC" wid="14">and</w>
  <w id="15" lemma="|newlywed|" pos="NNS" wid="15">newlyweds</w>
  <w id="16" lemma="|.|" pos="." wid="16">.</w>
</sentence>
<sentence id="59">
  <w id="0" lemma="|in|" pos="IN" wid="0">In</w>
  <w id="1" lemma="|the|" pos="DT" wid="1">the</w>
  <w id="2" lemma="|month|" pos="NN" wid="2">month</w>
  <w id="3" lemma="|of|" pos="IN" wid="3">of</w>
  <w id="4" lemma="|June|" pos="NNP" wid="4">June</w>
  <w id="5" lemma="|the|" pos="DT" wid="5">the</w>
  <w id="6" lemma="|liturgy|" pos="NN" wid="6">liturgy</w>
  <w id="7" lemma="|invite|" pos="VBZ" wid="7">invites</w>
  <w id="8" lemma="|we|" pos="PRP" wid="8">us</w>
  <w id="9" lemma="|to|" pos="TO" wid="9">to</w>
  <w id="10" lemma="|pray|" pos="VB" wid="10">pray</w>
  <w id="11" lemma="|to|" pos="TO" wid="11">to</w>
  <w id="12" lemma="|the|" pos="DT" wid="12">the</w>
  <w id="13" lemma="|sacred|" pos="JJ" wid="13">Sacred</w>
  <w id="14" lemma="|Heart|" pos="NNP" wid="14">Heart</w>
  <w id="15" lemma="|of|" pos="IN" wid="15">of</w>
  <w id="16" lemma="|Jesus|" pos="NNP" wid="16">Jesus</w>
  <w id="17" lemma="|.|" pos="." wid="17">.</w>
</sentence>
<sentence id="60">
  <w id="0" lemma="|may|" pos="MD" wid="0">May</w>
  <w id="1" lemma="|this|" pos="DT" wid="1">this</w>
  <w id="2" lemma="|devotion|" pos="NN" wid="2">devotion</w>
  <w id="3" lemma="|teach|" pos="VBP" wid="3">teach</w>
  <w id="4" lemma="|you|" pos="PRP" wid="4">you</w>
  <w id="5" lemma="|,|" pos="," wid="5">,</w>
  <w id="6" lemma="|dear|" pos="RB" wid="6">dear</w>
  <w id="7" lemma="|young|" pos="JJ" wid="7">young</w>
  <w id="8" lemma="|people|" pos="NNS" wid="8">people</w>
  <w id="9" lemma="|,|" pos="," wid="9">,</w>
  <w id="10" lemma="|especially|" pos="RB" wid="10">especially</w>
  <w id="11" lemma="|couple|" pos="NNS" wid="11">couples</w>
  <w id="12" lemma="|from|" pos="IN" wid="12">from</w>
  <w id="13" lemma="|the|" pos="DT" wid="13">the</w>
  <w id="14" lemma="|Diocese|" pos="NNP" wid="14">Diocese</w>
  <w id="15" lemma="|of|" pos="IN" wid="15">of</w>
  <w id="16" lemma="|Oria|" pos="NNP" wid="16">Oria</w>
  <w id="17" lemma="|accompany|" pos="VBN" wid="17">accompanied</w>
  <w id="18" lemma="|by|" pos="IN" wid="18">by</w>
  <w id="19" lemma="|Bishop|" pos="NNP" wid="19">Bishop</w>
  <w id="20" lemma="|Vincenzo|" pos="NNP" wid="20">Vincenzo</w>
  <w id="21" lemma="|Pisanello|" pos="NNP" wid="21">Pisanello</w>
  <w id="22" lemma="|,|" pos="," wid="22">,</w>
  <w id="23" lemma="|to|" pos="TO" wid="23">to</w>
  <w id="24" lemma="|love|" pos="VB" wid="24">love</w>
  <w id="25" lemma="|with|" pos="IN" wid="25">with</w>
  <w id="26" lemma="|the|" pos="DT" wid="26">the</w>
  <w id="27" lemma="|same|" pos="JJ" wid="27">same</w>
  <w id="28" lemma="|intensity|" pos="NN" wid="28">intensity</w>
  <w id="29" lemma="|;|" pos=":" wid="29">;</w>
  <w id="30" lemma="|may|" pos="MD" wid="30">may</w>
  <w id="31" lemma="|it|" pos="PRP" wid="31">it</w>
  <w id="32" lemma="|make|" pos="VB" wid="32">make</w>
  <w id="33" lemma="|you|" pos="PRP" wid="33">you</w>
  <w id="34" lemma="|strong|" pos="JJ" wid="34">strong</w>
  <w id="35" lemma="|,|" pos="," wid="35">,</w>
  <w id="36" lemma="|dear|" pos="RB" wid="36">dear</w>
  <w id="37" lemma="|sick|" pos="JJ" wid="37">sick</w>
  <w id="38" lemma="|people|" pos="NNS" wid="38">people</w>
  <w id="39" lemma="|,|" pos="," wid="39">,</w>
  <w id="40" lemma="|in|" pos="IN" wid="40">in</w>
  <w id="41" lemma="|carry|" pos="VBG" wid="41">carrying</w>
  <w id="42" lemma="|you|" pos="PRP$" wid="42">your</w>
  <w id="43" lemma="|suffering|" pos="NN" wid="43">suffering</w>
  <w id="44" lemma="|cross|" pos="NN" wid="44">cross</w>
  <w id="45" lemma="|with|" pos="IN" wid="45">with</w>
  <w id="46" lemma="|patience|" pos="NN" wid="46">patience</w>
  <w id="47" lemma="|;|" pos=":" wid="47">;</w>
  <w id="48" lemma="|and|" pos="CC" wid="48">and</w>
  <w id="49" lemma="|may|" pos="MD" wid="49">may</w>
  <w id="50" lemma="|it|" pos="PRP" wid="50">it</w>
  <w id="51" lemma="|be|" pos="VB" wid="51">be</w>
  <w id="52" lemma="|a|" pos="DT" wid="52">a</w>
  <w id="53" lemma="|support|" pos="NN" wid="53">support</w>
  <w id="54" lemma="|to|" pos="TO" wid="54">to</w>
  <w id="55" lemma="|you|" pos="PRP" wid="55">you</w>
  <w id="56" lemma="|,|" pos="," wid="56">,</w>
  <w id="57" lemma="|dear|" pos="RB" wid="57">dear</w>
  <w id="58" lemma="|newlywed|" pos="NNS" wid="58">newlyweds</w>
  <w id="59" lemma="|,|" pos="," wid="59">,</w>
  <w id="60" lemma="|in|" pos="IN" wid="60">in</w>
  <w id="61" lemma="|build|" pos="VBG" wid="61">building</w>
  <w id="62" lemma="|you|" pos="PRP$" wid="62">your</w>
  <w id="63" lemma="|family|" pos="NN" wid="63">family</w>
  <w id="64" lemma="|on|" pos="IN" wid="64">on</w>
  <w id="65" lemma="|fidelity|" pos="NN" wid="65">fidelity</w>
  <w id="66" lemma="|and|" pos="CC" wid="66">and</w>
  <w id="67" lemma="|fear|" pos="NN" wid="67">fear</w>
  <w id="68" lemma="|of|" pos="IN" wid="68">of</w>
  <w id="69" lemma="|the|" pos="DT" wid="69">the</w>
  <w id="70" lemma="|Lord|" pos="NNP" wid="70">Lord</w>
  <w id="71" lemma="|.|" pos="." wid="71">.</w>
</sentence>
</corpus>