<corpus id="0">
<sentence id="0">
  <w id="0" lemma="|Dear|" pos="NNP" wid="0">Dear</w>
  <w id="1" lemma="|Brothers|" pos="NNPS" wid="1">Brothers</w>
  <w id="2" lemma="|and|" pos="CC" wid="2">and</w>
  <w id="3" lemma="|sister|" pos="NNS" wid="3">Sisters</w>
  <w id="4" lemma="|,|" pos="," wid="4">,</w>
  <w id="5" lemma="|1|" pos="CD" wid="5">1</w>
  <w id="6" lemma="|.|" pos="." wid="6">.</w>
</sentence>
<sentence id="1">
  <w id="0" lemma="|my|" pos="PRP$" wid="0">My</w>
  <w id="1" lemma="|thought|" pos="NNS" wid="1">thoughts</w>
  <w id="2" lemma="|turn|" pos="VBP" wid="2">turn</w>
  <w id="3" lemma="|once|" pos="RB" wid="3">once</w>
  <w id="4" lemma="|more|" pos="JJR" wid="4">more</w>
  <w id="5" lemma="|to|" pos="TO" wid="5">to</w>
  <w id="6" lemma="|the|" pos="DT" wid="6">the</w>
  <w id="7" lemma="|current|" pos="JJ" wid="7">current</w>
  <w id="8" lemma="|process|" pos="NN" wid="8">process</w>
  <w id="9" lemma="|of|" pos="IN" wid="9">of</w>
  <w id="10" lemma="|european|" pos="JJ" wid="10">European</w>
  <w id="11" lemma="|integration|" pos="NN" wid="11">integration</w>
  <w id="12" lemma="|and|" pos="CC" wid="12">and</w>
  <w id="13" lemma="|especially|" pos="RB" wid="13">especially</w>
  <w id="14" lemma="|to|" pos="TO" wid="14">to</w>
  <w id="15" lemma="|the|" pos="DT" wid="15">the</w>
  <w id="16" lemma="|determinant|" pos="NN" wid="16">determinant</w>
  <w id="17" lemma="|role|" pos="NN" wid="17">role</w>
  <w id="18" lemma="|of|" pos="IN" wid="18">of</w>
  <w id="19" lemma="|its|" pos="PRP$" wid="19">its</w>
  <w id="20" lemma="|institution|" pos="NNS" wid="20">institutions</w>
  <w id="21" lemma="|.|" pos="." wid="21">.</w>
</sentence>
<sentence id="2">
  <w id="0" lemma="|I|" pos="PRP" wid="0">I</w>
  <w id="1" lemma="|be|" pos="VBP" wid="1">am</w>
  <w id="2" lemma="|think|" pos="VBG" wid="2">thinking</w>
  <w id="3" lemma="|in|" pos="IN" wid="3">in</w>
  <w id="4" lemma="|the|" pos="DT" wid="4">the</w>
  <w id="5" lemma="|first|" pos="JJ" wid="5">first</w>
  <w id="6" lemma="|place|" pos="NN" wid="6">place</w>
  <w id="7" lemma="|of|" pos="IN" wid="7">of</w>
  <w id="8" lemma="|the|" pos="DT" wid="8">the</w>
  <w id="9" lemma="|European|" pos="NNP" wid="9">European</w>
  <w id="10" lemma="|Union|" pos="NNP" wid="10">Union</w>
  <w id="11" lemma="|,|" pos="," wid="11">,</w>
  <w id="12" lemma="|involve|" pos="VBN" wid="12">involved</w>
  <w id="13" lemma="|in|" pos="IN" wid="13">in</w>
  <w id="14" lemma="|seek|" pos="VBG" wid="14">seeking</w>
  <w id="15" lemma="|new|" pos="JJ" wid="15">new</w>
  <w id="16" lemma="|form|" pos="NNS" wid="16">forms</w>
  <w id="17" lemma="|of|" pos="IN" wid="17">of</w>
  <w id="18" lemma="|openness|" pos="NN" wid="18">openness</w>
  <w id="19" lemma="|,|" pos="," wid="19">,</w>
  <w id="20" lemma="|encounter|" pos="NN" wid="20">encounter</w>
  <w id="21" lemma="|and|" pos="CC" wid="21">and</w>
  <w id="22" lemma="|collaboration|" pos="NN" wid="22">collaboration</w>
  <w id="23" lemma="|between|" pos="IN" wid="23">between</w>
  <w id="24" lemma="|its|" pos="PRP$" wid="24">its</w>
  <w id="25" lemma="|member|" pos="NN" wid="25">member</w>
  <w id="26" lemma="|States|" pos="NNP" wid="26">States</w>
  <w id="27" lemma="|.|" pos="." wid="27">.</w>
</sentence>
<sentence id="3">
  <w id="0" lemma="|I|" pos="PRP" wid="0">I</w>
  <w id="1" lemma="|think|" pos="VBP" wid="1">think</w>
  <w id="2" lemma="|,|" pos="," wid="2">,</w>
  <w id="3" lemma="|moreover|" pos="RB" wid="3">moreover</w>
  <w id="4" lemma="|,|" pos="," wid="4">,</w>
  <w id="5" lemma="|of|" pos="IN" wid="5">of</w>
  <w id="6" lemma="|the|" pos="DT" wid="6">the</w>
  <w id="7" lemma="|Council|" pos="NNP" wid="7">Council</w>
  <w id="8" lemma="|of|" pos="IN" wid="8">of</w>
  <w id="9" lemma="|Europe|" pos="NNP" wid="9">Europe</w>
  <w id="10" lemma="|,|" pos="," wid="10">,</w>
  <w id="11" lemma="|with|" pos="IN" wid="11">with</w>
  <w id="12" lemma="|its|" pos="PRP$" wid="12">its</w>
  <w id="13" lemma="|headquarters|" pos="NN" wid="13">headquarters</w>
  <w id="14" lemma="|in|" pos="IN" wid="14">in</w>
  <w id="15" lemma="|Strasbourg|" pos="NNP" wid="15">Strasbourg</w>
  <w id="16" lemma="|and|" pos="CC" wid="16">and</w>
  <w id="17" lemma="|of|" pos="IN" wid="17">of</w>
  <w id="18" lemma="|the|" pos="DT" wid="18">the</w>
  <w id="19" lemma="|attached|" pos="JJ" wid="19">attached</w>
  <w id="20" lemma="|European|" pos="NNP" wid="20">European</w>
  <w id="21" lemma="|Court|" pos="NNP" wid="21">Court</w>
  <w id="22" lemma="|of|" pos="IN" wid="22">of</w>
  <w id="23" lemma="|Human|" pos="NNP" wid="23">Human</w>
  <w id="24" lemma="|Rights|" pos="NNP" wid="24">Rights</w>
  <w id="25" lemma="|,|" pos="," wid="25">,</w>
  <w id="26" lemma="|which|" pos="WDT" wid="26">which</w>
  <w id="27" lemma="|carry|" pos="VBP" wid="27">carry</w>
  <w id="28" lemma="|out|" pos="RP" wid="28">out</w>
  <w id="29" lemma="|the|" pos="DT" wid="29">the</w>
  <w id="30" lemma="|noble|" pos="JJ" wid="30">noble</w>
  <w id="31" lemma="|task|" pos="NN" wid="31">task</w>
  <w id="32" lemma="|of|" pos="IN" wid="32">of</w>
  <w id="33" lemma="|create|" pos="VBG" wid="33">creating</w>
  <w id="34" lemma="|a|" pos="DT" wid="34">a</w>
  <w id="35" lemma="|Europe|" pos="NNP" wid="35">Europe</w>
  <w id="36" lemma="|of|" pos="IN" wid="36">of</w>
  <w id="37" lemma="|freedom|" pos="NN" wid="37">freedom</w>
  <w id="38" lemma="|,|" pos="," wid="38">,</w>
  <w id="39" lemma="|justice|" pos="NN" wid="39">justice</w>
  <w id="40" lemma="|and|" pos="CC" wid="40">and</w>
  <w id="41" lemma="|solidarity|" pos="NN" wid="41">solidarity</w>
  <w id="42" lemma="|.|" pos="." wid="42">.</w>
</sentence>
<sentence id="4">
  <w id="0" lemma="|finally|" pos="RB" wid="0">Finally</w>
  <w id="1" lemma="|,|" pos="," wid="1">,</w>
  <w id="2" lemma="|it|" pos="PRP" wid="2">it</w>
  <w id="3" lemma="|be|" pos="VBZ" wid="3">is</w>
  <w id="4" lemma="|necessary|" pos="JJ" wid="4">necessary</w>
  <w id="5" lemma="|to|" pos="TO" wid="5">to</w>
  <w id="6" lemma="|mention|" pos="VB" wid="6">mention</w>
  <w id="7" lemma="|the|" pos="DT" wid="7">the</w>
  <w id="8" lemma="|Organization|" pos="NNP" wid="8">Organization</w>
  <w id="9" lemma="|for|" pos="IN" wid="9">for</w>
  <w id="10" lemma="|Security|" pos="NNP" wid="10">Security</w>
  <w id="11" lemma="|and|" pos="CC" wid="11">and</w>
  <w id="12" lemma="|Cooperation|" pos="NNP" wid="12">Cooperation</w>
  <w id="13" lemma="|in|" pos="IN" wid="13">in</w>
  <w id="14" lemma="|Europe|" pos="NNP" wid="14">Europe</w>
  <w id="15" lemma="|which|" pos="WDT" wid="15">which</w>
  <w id="16" lemma="|be|" pos="VBZ" wid="16">is</w>
  <w id="17" lemma="|commit|" pos="VBN" wid="17">committed</w>
  <w id="18" lemma="|to|" pos="TO" wid="18">to</w>
  <w id="19" lemma="|promote|" pos="VBG" wid="19">promoting</w>
  <w id="20" lemma="|the|" pos="DT" wid="20">the</w>
  <w id="21" lemma="|cause|" pos="NN" wid="21">cause</w>
  <w id="22" lemma="|of|" pos="IN" wid="22">of</w>
  <w id="23" lemma="|the|" pos="DT" wid="23">the</w>
  <w id="24" lemma="|fundamental|" pos="JJ" wid="24">fundamental</w>
  <w id="25" lemma="|freedom|" pos="NN" wid="25">freedom</w>
  <w id="26" lemma="|of|" pos="IN" wid="26">of</w>
  <w id="27" lemma="|the|" pos="DT" wid="27">the</w>
  <w id="28" lemma="|person|" pos="NNS" wid="28">persons</w>
  <w id="29" lemma="|and|" pos="CC" wid="29">and</w>
  <w id="30" lemma="|nation|" pos="NNS" wid="30">nations</w>
  <w id="31" lemma="|of|" pos="IN" wid="31">of</w>
  <w id="32" lemma="|the|" pos="DT" wid="32">the</w>
  <w id="33" lemma="|continent|" pos="NN" wid="33">continent</w>
  <w id="34" lemma="|.|" pos="." wid="34">.</w>
</sentence>
<sentence id="5">
  <w id="0" lemma="|2|" pos="CD" wid="0">2</w>
  <w id="1" lemma="|.|" pos="." wid="1">.</w>
</sentence>
<sentence id="6">
  <w id="0" lemma="|I|" pos="PRP" wid="0">I</w>
  <w id="1" lemma="|follow|" pos="VBP" wid="1">follow</w>
  <w id="2" lemma="|in|" pos="IN" wid="2">in</w>
  <w id="3" lemma="|prayer|" pos="NN" wid="3">prayer</w>
  <w id="4" lemma="|the|" pos="DT" wid="4">the</w>
  <w id="5" lemma="|laborious|" pos="JJ" wid="5">laborious</w>
  <w id="6" lemma="|draft|" pos="VBG" wid="6">drafting</w>
  <w id="7" lemma="|of|" pos="IN" wid="7">of</w>
  <w id="8" lemma="|the|" pos="DT" wid="8">the</w>
  <w id="9" lemma="|Constitutional|" pos="NNP" wid="9">Constitutional</w>
  <w id="10" lemma="|Treaty|" pos="NNP" wid="10">Treaty</w>
  <w id="11" lemma="|of|" pos="IN" wid="11">of</w>
  <w id="12" lemma="|the|" pos="DT" wid="12">the</w>
  <w id="13" lemma="|European|" pos="NNP" wid="13">European</w>
  <w id="14" lemma="|Union|" pos="NNP" wid="14">Union</w>
  <w id="15" lemma="|,|" pos="," wid="15">,</w>
  <w id="16" lemma="|now|" pos="RB" wid="16">now</w>
  <w id="17" lemma="|be|" pos="VBG" wid="17">being</w>
  <w id="18" lemma="|study|" pos="VBN" wid="18">studied</w>
  <w id="19" lemma="|by|" pos="IN" wid="19">by</w>
  <w id="20" lemma="|the|" pos="DT" wid="20">the</w>
  <w id="21" lemma="|government|" pos="NNS" wid="21">governments</w>
  <w id="22" lemma="|of|" pos="IN" wid="22">of</w>
  <w id="23" lemma="|the|" pos="DT" wid="23">the</w>
  <w id="24" lemma="|various|" pos="JJ" wid="24">various</w>
  <w id="25" lemma="|country|" pos="NNS" wid="25">countries</w>
  <w id="26" lemma="|.|" pos="." wid="26">.</w>
</sentence>
<sentence id="7">
  <w id="0" lemma="|I|" pos="PRP" wid="0">I</w>
  <w id="1" lemma="|be|" pos="VBP" wid="1">am</w>
  <w id="2" lemma="|confident|" pos="JJ" wid="2">confident</w>
  <w id="3" lemma="|that|" pos="IN" wid="3">that</w>
  <w id="4" lemma="|those|" pos="DT" wid="4">those</w>
  <w id="5" lemma="|who|" pos="WP" wid="5">who</w>
  <w id="6" lemma="|be|" pos="VBP" wid="6">are</w>
  <w id="7" lemma="|devote|" pos="VBG" wid="7">devoting</w>
  <w id="8" lemma="|they|" pos="PRP$" wid="8">their</w>
  <w id="9" lemma="|energy|" pos="NNS" wid="9">energies</w>
  <w id="10" lemma="|to|" pos="TO" wid="10">to</w>
  <w id="11" lemma="|it|" pos="PRP" wid="11">it</w>
  <w id="12" lemma="|will|" pos="MD" wid="12">will</w>
  <w id="13" lemma="|always|" pos="RB" wid="13">always</w>
  <w id="14" lemma="|be|" pos="VB" wid="14">be</w>
  <w id="15" lemma="|motivate|" pos="VBN" wid="15">motivated</w>
  <w id="16" lemma="|by|" pos="IN" wid="16">by</w>
  <w id="17" lemma="|the|" pos="DT" wid="17">the</w>
  <w id="18" lemma="|conviction|" pos="NN" wid="18">conviction</w>
  <w id="19" lemma="|that|" pos="IN" wid="19">that</w>
  <w id="20" lemma="|``|" pos="``" wid="20">``</w>
  <w id="21" lemma="|a|" pos="DT" wid="21">a</w>
  <w id="22" lemma="|proper|" pos="JJ" wid="22">proper</w>
  <w id="23" lemma="|order|" pos="VBG" wid="23">ordering</w>
  <w id="24" lemma="|of|" pos="IN" wid="24">of</w>
  <w id="25" lemma="|society|" pos="NN" wid="25">society</w>
  <w id="26" lemma="|must|" pos="MD" wid="26">must</w>
  <w id="27" lemma="|be|" pos="VB" wid="27">be</w>
  <w id="28" lemma="|root|" pos="VBN" wid="28">rooted</w>
  <w id="29" lemma="|in|" pos="IN" wid="29">in</w>
  <w id="30" lemma="|authentic|" pos="JJ" wid="30">authentic</w>
  <w id="31" lemma="|ethical|" pos="JJ" wid="31">ethical</w>
  <w id="32" lemma="|and|" pos="CC" wid="32">and</w>
  <w id="33" lemma="|civil|" pos="JJ" wid="33">civil</w>
  <w id="34" lemma="|value|" pos="NNS" wid="34">values</w>
  <w id="35" lemma="|share|" pos="VBN" wid="35">shared</w>
  <w id="36" lemma="|as|" pos="RB" wid="36">as</w>
  <w id="37" lemma="|widely|" pos="RB" wid="37">widely</w>
  <w id="38" lemma="|as|" pos="IN" wid="38">as</w>
  <w id="39" lemma="|possible|" pos="JJ" wid="39">possible</w>
  <w id="40" lemma="|by|" pos="IN" wid="40">by</w>
  <w id="41" lemma="|its|" pos="PRP$" wid="41">its</w>
  <w id="42" lemma="|citizen|" pos="NNS" wid="42">citizens</w>
  <w id="43" lemma="|''|" pos="''" wid="43">''</w>
  <w id="44" lemma="|-lrb-|" pos="-LRB-" wid="44">-LRB-</w>
  <w id="45" lemma="|Apostolic|" pos="NNP" wid="45">Apostolic</w>
  <w id="46" lemma="|Exhortation|" pos="NNP" wid="46">Exhortation</w>
  <w id="47" lemma="|Ecclesia|" pos="NNP" wid="47">Ecclesia</w>
  <w id="48" lemma="|in|" pos="IN" wid="48">in</w>
  <w id="49" lemma="|Europa|" pos="NNP" wid="49">Europa</w>
  <w id="50" lemma="|,|" pos="," wid="50">,</w>
  <w id="51" lemma="|n.|" pos="NN" wid="51">n.</w>
  <w id="52" lemma="|114|" pos="CD" wid="52">114</w>
  <w id="53" lemma="|-rrb-|" pos="-RRB-" wid="53">-RRB-</w>
  <w id="54" lemma="|.|" pos="." wid="54">.</w>
</sentence>
<sentence id="8">
  <w id="0" lemma="|for|" pos="IN" wid="0">For</w>
  <w id="1" lemma="|she|" pos="PRP$" wid="1">her</w>
  <w id="2" lemma="|part|" pos="NN" wid="2">part</w>
  <w id="3" lemma="|,|" pos="," wid="3">,</w>
  <w id="4" lemma="|the|" pos="DT" wid="4">the</w>
  <w id="5" lemma="|Catholic|" pos="NNP" wid="5">Catholic</w>
  <w id="6" lemma="|Church|" pos="NNP" wid="6">Church</w>
  <w id="7" lemma="|be|" pos="VBZ" wid="7">is</w>
  <w id="8" lemma="|convince|" pos="VBN" wid="8">convinced</w>
  <w id="9" lemma="|that|" pos="IN" wid="9">that</w>
  <w id="10" lemma="|the|" pos="DT" wid="10">the</w>
  <w id="11" lemma="|Gospel|" pos="NNP" wid="11">Gospel</w>
  <w id="12" lemma="|of|" pos="IN" wid="12">of</w>
  <w id="13" lemma="|Christ|" pos="NNP" wid="13">Christ</w>
  <w id="14" lemma="|,|" pos="," wid="14">,</w>
  <w id="15" lemma="|which|" pos="WDT" wid="15">which</w>
  <w id="16" lemma="|have|" pos="VBZ" wid="16">has</w>
  <w id="17" lemma="|be|" pos="VBN" wid="17">been</w>
  <w id="18" lemma="|a|" pos="DT" wid="18">a</w>
  <w id="19" lemma="|unifying|" pos="JJ" wid="19">unifying</w>
  <w id="20" lemma="|element|" pos="NN" wid="20">element</w>
  <w id="21" lemma="|of|" pos="IN" wid="21">of</w>
  <w id="22" lemma="|the|" pos="DT" wid="22">the</w>
  <w id="23" lemma="|european|" pos="JJ" wid="23">European</w>
  <w id="24" lemma="|people|" pos="NNS" wid="24">peoples</w>
  <w id="25" lemma="|for|" pos="IN" wid="25">for</w>
  <w id="26" lemma="|many|" pos="JJ" wid="26">many</w>
  <w id="27" lemma="|century|" pos="NNS" wid="27">centuries</w>
  <w id="28" lemma="|should|" pos="MD" wid="28">should</w>
  <w id="29" lemma="|be|" pos="VB" wid="29">be</w>
  <w id="30" lemma="|and|" pos="CC" wid="30">and</w>
  <w id="31" lemma="|continue|" pos="VB" wid="31">continue</w>
  <w id="32" lemma="|to|" pos="TO" wid="32">to</w>
  <w id="33" lemma="|be|" pos="VB" wid="33">be</w>
  <w id="34" lemma="|today|" pos="NN" wid="34">today</w>
  <w id="35" lemma="|too|" pos="RB" wid="35">too</w>
  <w id="36" lemma="|a|" pos="DT" wid="36">an</w>
  <w id="37" lemma="|inexhaustible|" pos="JJ" wid="37">inexhaustible</w>
  <w id="38" lemma="|source|" pos="NN" wid="38">source</w>
  <w id="39" lemma="|of|" pos="IN" wid="39">of</w>
  <w id="40" lemma="|spirituality|" pos="NN" wid="40">spirituality</w>
  <w id="41" lemma="|and|" pos="CC" wid="41">and</w>
  <w id="42" lemma="|fraternity|" pos="NN" wid="42">fraternity</w>
  <w id="43" lemma="|.|" pos="." wid="43">.</w>
</sentence>
<sentence id="9">
  <w id="0" lemma="|take|" pos="VBG" wid="0">Taking</w>
  <w id="1" lemma="|note|" pos="NN" wid="1">note</w>
  <w id="2" lemma="|of|" pos="IN" wid="2">of</w>
  <w id="3" lemma="|this|" pos="DT" wid="3">this</w>
  <w id="4" lemma="|be|" pos="VBZ" wid="4">is</w>
  <w id="5" lemma="|for|" pos="IN" wid="5">for</w>
  <w id="6" lemma="|the|" pos="DT" wid="6">the</w>
  <w id="7" lemma="|benefit|" pos="NN" wid="7">benefit</w>
  <w id="8" lemma="|of|" pos="IN" wid="8">of</w>
  <w id="9" lemma="|all|" pos="DT" wid="9">all</w>
  <w id="10" lemma="|,|" pos="," wid="10">,</w>
  <w id="11" lemma="|and|" pos="CC" wid="11">and</w>
  <w id="12" lemma="|a|" pos="DT" wid="12">an</w>
  <w id="13" lemma="|explicit|" pos="JJ" wid="13">explicit</w>
  <w id="14" lemma="|recognition|" pos="NN" wid="14">recognition</w>
  <w id="15" lemma="|of|" pos="IN" wid="15">of</w>
  <w id="16" lemma="|the|" pos="DT" wid="16">the</w>
  <w id="17" lemma="|christian|" pos="JJ" wid="17">Christian</w>
  <w id="18" lemma="|root|" pos="NNS" wid="18">roots</w>
  <w id="19" lemma="|of|" pos="IN" wid="19">of</w>
  <w id="20" lemma="|Europe|" pos="NNP" wid="20">Europe</w>
  <w id="21" lemma="|in|" pos="IN" wid="21">in</w>
  <w id="22" lemma="|the|" pos="DT" wid="22">the</w>
  <w id="23" lemma="|Treaty|" pos="NNP" wid="23">Treaty</w>
  <w id="24" lemma="|represent|" pos="VBZ" wid="24">represents</w>
  <w id="25" lemma="|the|" pos="DT" wid="25">the</w>
  <w id="26" lemma="|principle|" pos="NN" wid="26">principle</w>
  <w id="27" lemma="|guarantee|" pos="NN" wid="27">guarantee</w>
  <w id="28" lemma="|for|" pos="IN" wid="28">for</w>
  <w id="29" lemma="|the|" pos="DT" wid="29">the</w>
  <w id="30" lemma="|continent|" pos="NN" wid="30">continent</w>
  <w id="31" lemma="|'s|" pos="POS" wid="31">'s</w>
  <w id="32" lemma="|future|" pos="NN" wid="32">future</w>
  <w id="33" lemma="|.|" pos="." wid="33">.</w>
</sentence>
<sentence id="10">
  <w id="0" lemma="|3|" pos="LS" wid="0">3</w>
  <w id="1" lemma="|.|" pos="." wid="1">.</w>
</sentence>
<sentence id="11">
  <w id="0" lemma="|let|" pos="VB" wid="0">Let</w>
  <w id="1" lemma="|we|" pos="PRP" wid="1">us</w>
  <w id="2" lemma="|invoke|" pos="VB" wid="2">invoke</w>
  <w id="3" lemma="|Mary|" pos="NNP" wid="3">Mary</w>
  <w id="4" lemma="|Most|" pos="NNP" wid="4">Most</w>
  <w id="5" lemma="|Holy|" pos="NNP" wid="5">Holy</w>
  <w id="6" lemma="|,|" pos="," wid="6">,</w>
  <w id="7" lemma="|so|" pos="IN" wid="7">so</w>
  <w id="8" lemma="|that|" pos="IN" wid="8">that</w>
  <w id="9" lemma="|in|" pos="IN" wid="9">in</w>
  <w id="10" lemma="|the|" pos="DT" wid="10">the</w>
  <w id="11" lemma="|building|" pos="NN" wid="11">building</w>
  <w id="12" lemma="|of|" pos="IN" wid="12">of</w>
  <w id="13" lemma="|the|" pos="DT" wid="13">the</w>
  <w id="14" lemma="|Europe|" pos="NNP" wid="14">Europe</w>
  <w id="15" lemma="|of|" pos="IN" wid="15">of</w>
  <w id="16" lemma="|today|" pos="NN" wid="16">today</w>
  <w id="17" lemma="|and|" pos="CC" wid="17">and</w>
  <w id="18" lemma="|tomorrow|" pos="NN" wid="18">tomorrow</w>
  <w id="19" lemma="|,|" pos="," wid="19">,</w>
  <w id="20" lemma="|that|" pos="IN" wid="20">that</w>
  <w id="21" lemma="|spiritual|" pos="JJ" wid="21">spiritual</w>
  <w id="22" lemma="|inspiration|" pos="NN" wid="22">inspiration</w>
  <w id="23" lemma="|which|" pos="WDT" wid="23">which</w>
  <w id="24" lemma="|be|" pos="VBZ" wid="24">is</w>
  <w id="25" lemma="|indispensable|" pos="JJ" wid="25">indispensable</w>
  <w id="26" lemma="|to|" pos="TO" wid="26">to</w>
  <w id="27" lemma="|ensure|" pos="VB" wid="27">ensure</w>
  <w id="28" lemma="|authentic|" pos="JJ" wid="28">authentic</w>
  <w id="29" lemma="|action|" pos="NN" wid="29">action</w>
  <w id="30" lemma="|at|" pos="IN" wid="30">at</w>
  <w id="31" lemma="|the|" pos="DT" wid="31">the</w>
  <w id="32" lemma="|service|" pos="NN" wid="32">service</w>
  <w id="33" lemma="|of|" pos="IN" wid="33">of</w>
  <w id="34" lemma="|humanity|" pos="NN" wid="34">humanity</w>
  <w id="35" lemma="|,|" pos="," wid="35">,</w>
  <w id="36" lemma="|may|" pos="MD" wid="36">may</w>
  <w id="37" lemma="|never|" pos="RB" wid="37">never</w>
  <w id="38" lemma="|be|" pos="VB" wid="38">be</w>
  <w id="39" lemma="|lack|" pos="VBG" wid="39">lacking</w>
  <w id="40" lemma="|.|" pos="." wid="40">.</w>
</sentence>
<sentence id="12">
  <w id="0" lemma="|such|" pos="PDT" wid="0">Such</w>
  <w id="1" lemma="|a|" pos="DT" wid="1">an</w>
  <w id="2" lemma="|inspiration|" pos="NN" wid="2">inspiration</w>
  <w id="3" lemma="|find|" pos="VBZ" wid="3">finds</w>
  <w id="4" lemma="|in|" pos="IN" wid="4">in</w>
  <w id="5" lemma="|the|" pos="DT" wid="5">the</w>
  <w id="6" lemma="|Gospel|" pos="NNP" wid="6">Gospel</w>
  <w id="7" lemma="|a|" pos="DT" wid="7">a</w>
  <w id="8" lemma="|sure|" pos="JJ" wid="8">sure</w>
  <w id="9" lemma="|guarantee|" pos="NN" wid="9">guarantee</w>
  <w id="10" lemma="|in|" pos="IN" wid="10">in</w>
  <w id="11" lemma="|favour|" pos="NN" wid="11">favour</w>
  <w id="12" lemma="|of|" pos="IN" wid="12">of</w>
  <w id="13" lemma="|the|" pos="DT" wid="13">the</w>
  <w id="14" lemma="|freedom|" pos="NN" wid="14">freedom</w>
  <w id="15" lemma="|,|" pos="," wid="15">,</w>
  <w id="16" lemma="|justice|" pos="NN" wid="16">justice</w>
  <w id="17" lemma="|and|" pos="CC" wid="17">and</w>
  <w id="18" lemma="|peace|" pos="NN" wid="18">peace</w>
  <w id="19" lemma="|of|" pos="IN" wid="19">of</w>
  <w id="20" lemma="|all|" pos="DT" wid="20">all</w>
  <w id="21" lemma="|,|" pos="," wid="21">,</w>
  <w id="22" lemma="|believer|" pos="NNS" wid="22">believers</w>
  <w id="23" lemma="|and|" pos="CC" wid="23">and</w>
  <w id="24" lemma="|non-believer|" pos="NNS" wid="24">non-believers</w>
  <w id="25" lemma="|.|" pos="." wid="25">.</w>
</sentence>
<sentence id="13">
  <w id="0" lemma="|after|" pos="IN" wid="0">After</w>
  <w id="1" lemma="|the|" pos="DT" wid="1">the</w>
  <w id="2" lemma="|Angelus|" pos="NNP" wid="2">Angelus</w>
  <w id="3" lemma="|the|" pos="DT" wid="3">the</w>
  <w id="4" lemma="|Holy|" pos="NNP" wid="4">Holy</w>
  <w id="5" lemma="|Father|" pos="NNP" wid="5">Father</w>
  <w id="6" lemma="|greet|" pos="VBD" wid="6">greeted</w>
  <w id="7" lemma="|the|" pos="DT" wid="7">the</w>
  <w id="8" lemma="|pilgrim|" pos="NNS" wid="8">pilgrims</w>
  <w id="9" lemma="|in|" pos="IN" wid="9">in</w>
  <w id="10" lemma="|French|" pos="NNP" wid="10">French</w>
  <w id="11" lemma="|,|" pos="," wid="11">,</w>
  <w id="12" lemma="|English|" pos="NNP" wid="12">English</w>
  <w id="13" lemma="|,|" pos="," wid="13">,</w>
  <w id="14" lemma="|German|" pos="NNP" wid="14">German</w>
  <w id="15" lemma="|,|" pos="," wid="15">,</w>
  <w id="16" lemma="|Spanish|" pos="NNP" wid="16">Spanish</w>
  <w id="17" lemma="|,|" pos="," wid="17">,</w>
  <w id="18" lemma="|Portuguese|" pos="NNP" wid="18">Portuguese</w>
  <w id="19" lemma="|and|" pos="CC" wid="19">and</w>
  <w id="20" lemma="|Italian|" pos="NNP" wid="20">Italian</w>
  <w id="21" lemma="|.|" pos="." wid="21">.</w>
</sentence>
<sentence id="14">
  <w id="0" lemma="|to|" pos="TO" wid="0">To</w>
  <w id="1" lemma="|the|" pos="DT" wid="1">the</w>
  <w id="2" lemma="|english-speaking|" pos="JJ" wid="2">English-speaking</w>
  <w id="3" lemma="|pilgrim|" pos="NNS" wid="3">pilgrims</w>
  <w id="4" lemma="|he|" pos="PRP" wid="4">he</w>
  <w id="5" lemma="|say|" pos="VBD" wid="5">said</w>
  <w id="6" lemma="|:|" pos=":" wid="6">:</w>
  <w id="7" lemma="|I|" pos="PRP" wid="7">I</w>
  <w id="8" lemma="|be|" pos="VBP" wid="8">am</w>
  <w id="9" lemma="|pleased|" pos="JJ" wid="9">pleased</w>
  <w id="10" lemma="|to|" pos="TO" wid="10">to</w>
  <w id="11" lemma="|greet|" pos="VB" wid="11">greet</w>
  <w id="12" lemma="|the|" pos="DT" wid="12">the</w>
  <w id="13" lemma="|english-speaking|" pos="JJ" wid="13">English-speaking</w>
  <w id="14" lemma="|pilgrim|" pos="NNS" wid="14">pilgrims</w>
  <w id="15" lemma="|and|" pos="CC" wid="15">and</w>
  <w id="16" lemma="|visitor|" pos="NNS" wid="16">visitors</w>
  <w id="17" lemma="|present|" pos="JJ" wid="17">present</w>
  <w id="18" lemma="|at|" pos="IN" wid="18">at</w>
  <w id="19" lemma="|this|" pos="DT" wid="19">this</w>
  <w id="20" lemma="|angelus|" pos="JJ" wid="20">Angelus</w>
  <w id="21" lemma="|prayer|" pos="NN" wid="21">prayer</w>
  <w id="22" lemma="|.|" pos="." wid="22">.</w>
</sentence>
<sentence id="15">
  <w id="0" lemma="|upon|" pos="IN" wid="0">Upon</w>
  <w id="1" lemma="|you|" pos="PRP" wid="1">you</w>
  <w id="2" lemma="|and|" pos="CC" wid="2">and</w>
  <w id="3" lemma="|you|" pos="PRP$" wid="3">your</w>
  <w id="4" lemma="|family|" pos="NNS" wid="4">families</w>
  <w id="5" lemma="|I|" pos="PRP" wid="5">I</w>
  <w id="6" lemma="|cordially|" pos="RB" wid="6">cordially</w>
  <w id="7" lemma="|invoke|" pos="VBP" wid="7">invoke</w>
  <w id="8" lemma="|God|" pos="NNP" wid="8">God</w>
  <w id="9" lemma="|'s|" pos="POS" wid="9">'s</w>
  <w id="10" lemma="|blessing|" pos="NNS" wid="10">blessings</w>
  <w id="11" lemma="|of|" pos="IN" wid="11">of</w>
  <w id="12" lemma="|joy|" pos="NN" wid="12">joy</w>
  <w id="13" lemma="|and|" pos="CC" wid="13">and</w>
  <w id="14" lemma="|peace|" pos="NN" wid="14">peace</w>
  <w id="15" lemma="|.|" pos="." wid="15">.</w>
</sentence>
<sentence id="16">
  <w id="0" lemma="|©|" pos="NNP" wid="0">©</w>
  <w id="1" lemma="|Copyright|" pos="NNP" wid="1">Copyright</w>
  <w id="2" lemma="|2003|" pos="CD" wid="2">2003</w>
  <w id="3" lemma="|-|" pos=":" wid="3">-</w>
  <w id="4" lemma="|Libreria|" pos="NNP" wid="4">Libreria</w>
  <w id="5" lemma="|Editrice|" pos="NNP" wid="5">Editrice</w>
  <w id="6" lemma="|Vaticana|" pos="NNP" wid="6">Vaticana</w>
</sentence>
</corpus>