<corpus id="0">
<sentence id="0">
  <w id="0" lemma="|1|" pos="CD" wid="0">1</w>
  <w id="1" lemma="|.|" pos="." wid="1">.</w>
</sentence>
<sentence id="1">
  <w id="0" lemma="|the|" pos="DT" wid="0">The</w>
  <w id="1" lemma="|proclamation|" pos="NN" wid="1">proclamation</w>
  <w id="2" lemma="|''|" pos="''" wid="2">''</w>
  <w id="3" lemma="|Christ|" pos="NNP" wid="3">Christ</w>
  <w id="4" lemma="|my|" pos="PRP$" wid="4">my</w>
  <w id="5" lemma="|hope|" pos="NN" wid="5">hope</w>
  <w id="6" lemma="|be|" pos="VBZ" wid="6">is</w>
  <w id="7" lemma="|arise|" pos="VBN" wid="7">arisen</w>
  <w id="8" lemma="|!|" pos="." wid="8">!</w>
  <w id="9" lemma="|''|" pos="''" wid="9">''</w>
</sentence>
<sentence id="2">
  <w id="0" lemma="|-lrb-|" pos="-LRB-" wid="0">-LRB-</w>
  <w id="1" lemma="|sequence|" pos="NN" wid="1">Sequence</w>
  <w id="2" lemma="|-rrb-|" pos="-RRB-" wid="2">-RRB-</w>
  <w id="3" lemma="|continue|" pos="VBZ" wid="3">continues</w>
  <w id="4" lemma="|to|" pos="TO" wid="4">to</w>
  <w id="5" lemma="|echo|" pos="VB" wid="5">echo</w>
  <w id="6" lemma="|in|" pos="IN" wid="6">in</w>
  <w id="7" lemma="|today|" pos="NN" wid="7">today</w>
  <w id="8" lemma="|'s|" pos="POS" wid="8">'s</w>
  <w id="9" lemma="|liturgy|" pos="NN" wid="9">liturgy</w>
  <w id="10" lemma="|.|" pos="." wid="10">.</w>
</sentence>
<sentence id="3">
  <w id="0" lemma="|in|" pos="IN" wid="0">In</w>
  <w id="1" lemma="|this|" pos="DT" wid="1">this</w>
  <w id="2" lemma="|way|" pos="NN" wid="2">way</w>
  <w id="3" lemma="|the|" pos="DT" wid="3">the</w>
  <w id="4" lemma="|spiritual|" pos="JJ" wid="4">spiritual</w>
  <w id="5" lemma="|joy|" pos="NN" wid="5">joy</w>
  <w id="6" lemma="|of|" pos="IN" wid="6">of</w>
  <w id="7" lemma="|Easter|" pos="NNP" wid="7">Easter</w>
  <w id="8" lemma="|be|" pos="VBZ" wid="8">is</w>
  <w id="9" lemma="|prolonged|" pos="JJ" wid="9">prolonged</w>
  <w id="10" lemma="|and|" pos="CC" wid="10">and</w>
  <w id="11" lemma="|expand|" pos="NNS" wid="11">expands</w>
  <w id="12" lemma="|in|" pos="IN" wid="12">in</w>
  <w id="13" lemma="|the|" pos="DT" wid="13">the</w>
  <w id="14" lemma="|Church|" pos="NNP" wid="14">Church</w>
  <w id="15" lemma="|and|" pos="CC" wid="15">and</w>
  <w id="16" lemma="|in|" pos="IN" wid="16">in</w>
  <w id="17" lemma="|the|" pos="DT" wid="17">the</w>
  <w id="18" lemma="|heart|" pos="NNS" wid="18">hearts</w>
  <w id="19" lemma="|of|" pos="IN" wid="19">of</w>
  <w id="20" lemma="|the|" pos="DT" wid="20">the</w>
  <w id="21" lemma="|faithful|" pos="NN" wid="21">faithful</w>
  <w id="22" lemma="|.|" pos="." wid="22">.</w>
</sentence>
<sentence id="4">
  <w id="0" lemma="|Christ|" pos="NNP" wid="0">Christ</w>
  <w id="1" lemma="|'s|" pos="POS" wid="1">'s</w>
  <w id="2" lemma="|resurrection|" pos="NN" wid="2">Resurrection</w>
  <w id="3" lemma="|be|" pos="VBZ" wid="3">is</w>
  <w id="4" lemma="|the|" pos="DT" wid="4">the</w>
  <w id="5" lemma="|most|" pos="RBS" wid="5">most</w>
  <w id="6" lemma="|overwhelming|" pos="JJ" wid="6">overwhelming</w>
  <w id="7" lemma="|event|" pos="NN" wid="7">event</w>
  <w id="8" lemma="|in|" pos="IN" wid="8">in</w>
  <w id="9" lemma="|human|" pos="JJ" wid="9">human</w>
  <w id="10" lemma="|history|" pos="NN" wid="10">history</w>
  <w id="11" lemma="|.|" pos="." wid="11">.</w>
</sentence>
<sentence id="5">
  <w id="0" lemma="|this|" pos="DT" wid="0">This</w>
  <w id="1" lemma="|event|" pos="NN" wid="1">event</w>
  <w id="2" lemma="|give|" pos="VBD" wid="2">gave</w>
  <w id="3" lemma="|everyone|" pos="NN" wid="3">everyone</w>
  <w id="4" lemma="|new|" pos="JJ" wid="4">new</w>
  <w id="5" lemma="|hope|" pos="NN" wid="5">hope</w>
  <w id="6" lemma="|:|" pos=":" wid="6">:</w>
  <w id="7" lemma="|from|" pos="IN" wid="7">from</w>
  <w id="8" lemma="|now|" pos="RB" wid="8">now</w>
  <w id="9" lemma="|on|" pos="IN" wid="9">on</w>
  <w id="10" lemma="|hope|" pos="NN" wid="10">hope</w>
  <w id="11" lemma="|no|" pos="RB" wid="11">no</w>
  <w id="12" lemma="|longer|" pos="RB" wid="12">longer</w>
  <w id="13" lemma="|mean|" pos="VBZ" wid="13">means</w>
  <w id="14" lemma="|wait|" pos="VBG" wid="14">waiting</w>
  <w id="15" lemma="|for|" pos="IN" wid="15">for</w>
  <w id="16" lemma="|something|" pos="NN" wid="16">something</w>
  <w id="17" lemma="|to|" pos="TO" wid="17">to</w>
  <w id="18" lemma="|happen|" pos="VB" wid="18">happen</w>
  <w id="19" lemma="|.|" pos="." wid="19">.</w>
</sentence>
<sentence id="6">
  <w id="0" lemma="|it|" pos="PRP" wid="0">It</w>
  <w id="1" lemma="|mean|" pos="VBZ" wid="1">means</w>
  <w id="2" lemma="|be|" pos="VBG" wid="2">being</w>
  <w id="3" lemma="|certain|" pos="JJ" wid="3">certain</w>
  <w id="4" lemma="|that|" pos="IN" wid="4">that</w>
  <w id="5" lemma="|something|" pos="NN" wid="5">something</w>
  <w id="6" lemma="|have|" pos="VBZ" wid="6">has</w>
  <w id="7" lemma="|happen|" pos="VBN" wid="7">happened</w>
  <w id="8" lemma="|because|" pos="IN" wid="8">because</w>
  <w id="9" lemma="|``|" pos="``" wid="9">``</w>
  <w id="10" lemma="|the|" pos="DT" wid="10">the</w>
  <w id="11" lemma="|Lord|" pos="NNP" wid="11">Lord</w>
  <w id="12" lemma="|be|" pos="VBZ" wid="12">is</w>
  <w id="13" lemma="|rise|" pos="VBN" wid="13">risen</w>
  <w id="14" lemma="|and|" pos="CC" wid="14">and</w>
  <w id="15" lemma="|reign|" pos="VBZ" wid="15">reigns</w>
  <w id="16" lemma="|immortal|" pos="JJ" wid="16">immortal</w>
  <w id="17" lemma="|!|" pos="." wid="17">!</w>
</sentence>
<sentence id="7">
  <w id="0" lemma="|``|" pos="``" wid="0">``</w>
  <w id="1" lemma="|.|" pos="." wid="1">.</w>
</sentence>
<sentence id="8">
  <w id="0" lemma="|the|" pos="DT" wid="0">The</w>
  <w id="1" lemma="|word|" pos="NNS" wid="1">words</w>
  <w id="2" lemma="|that|" pos="WDT" wid="2">that</w>
  <w id="3" lemma="|proclaim|" pos="VBD" wid="3">proclaimed</w>
  <w id="4" lemma="|the|" pos="DT" wid="4">the</w>
  <w id="5" lemma="|resurrection|" pos="NN" wid="5">Resurrection</w>
  <w id="6" lemma="|be|" pos="VBD" wid="6">were</w>
  <w id="7" lemma="|speak|" pos="VBN" wid="7">spoken</w>
  <w id="8" lemma="|for|" pos="IN" wid="8">for</w>
  <w id="9" lemma="|the|" pos="DT" wid="9">the</w>
  <w id="10" lemma="|first|" pos="JJ" wid="10">first</w>
  <w id="11" lemma="|time|" pos="NN" wid="11">time</w>
  <w id="12" lemma="|by|" pos="IN" wid="12">by</w>
  <w id="13" lemma="|a|" pos="DT" wid="13">an</w>
  <w id="14" lemma="|angel|" pos="NN" wid="14">angel</w>
  <w id="15" lemma="|beside|" pos="IN" wid="15">beside</w>
  <w id="16" lemma="|Christ|" pos="NNP" wid="16">Christ</w>
  <w id="17" lemma="|'s|" pos="POS" wid="17">'s</w>
  <w id="18" lemma="|empty|" pos="JJ" wid="18">empty</w>
  <w id="19" lemma="|tomb|" pos="NN" wid="19">tomb</w>
  <w id="20" lemma="|.|" pos="." wid="20">.</w>
</sentence>
<sentence id="9">
  <w id="0" lemma="|to|" pos="TO" wid="0">To</w>
  <w id="1" lemma="|the|" pos="DT" wid="1">the</w>
  <w id="2" lemma="|woman|" pos="NNS" wid="2">women</w>
  <w id="3" lemma="|who|" pos="WP" wid="3">who</w>
  <w id="4" lemma="|have|" pos="VBD" wid="4">had</w>
  <w id="5" lemma="|go|" pos="VBN" wid="5">gone</w>
  <w id="6" lemma="|to|" pos="TO" wid="6">to</w>
  <w id="7" lemma="|the|" pos="DT" wid="7">the</w>
  <w id="8" lemma="|tomb|" pos="NN" wid="8">tomb</w>
  <w id="9" lemma="|at|" pos="IN" wid="9">at</w>
  <w id="10" lemma="|dawn|" pos="NN" wid="10">dawn</w>
  <w id="11" lemma="|on|" pos="IN" wid="11">on</w>
  <w id="12" lemma="|the|" pos="DT" wid="12">the</w>
  <w id="13" lemma="|day|" pos="NN" wid="13">day</w>
  <w id="14" lemma="|after|" pos="IN" wid="14">after</w>
  <w id="15" lemma="|the|" pos="DT" wid="15">the</w>
  <w id="16" lemma="|sabbath|" pos="NN" wid="16">sabbath</w>
  <w id="17" lemma="|he|" pos="PRP" wid="17">he</w>
  <w id="18" lemma="|say|" pos="VBD" wid="18">said</w>
  <w id="19" lemma="|:|" pos=":" wid="19">:</w>
  <w id="20" lemma="|``|" pos="``" wid="20">``</w>
  <w id="21" lemma="|he|" pos="PRP" wid="21">He</w>
  <w id="22" lemma="|be|" pos="VBZ" wid="22">is</w>
  <w id="23" lemma="|not|" pos="RB" wid="23">not</w>
  <w id="24" lemma="|here|" pos="RB" wid="24">here</w>
  <w id="25" lemma="|,|" pos="," wid="25">,</w>
  <w id="26" lemma="|for|" pos="IN" wid="26">for</w>
  <w id="27" lemma="|he|" pos="PRP" wid="27">he</w>
  <w id="28" lemma="|be|" pos="VBZ" wid="28">is</w>
  <w id="29" lemma="|rise|" pos="VBN" wid="29">risen</w>
  <w id="30" lemma="|''|" pos="''" wid="30">''</w>
  <w id="31" lemma="|-lrb-|" pos="-LRB-" wid="31">-LRB-</w>
  <w id="32" lemma="|mt|" pos="NN" wid="32">Mt</w>
  <w id="33" lemma="|28:6|" pos="CD" wid="33">28:6</w>
  <w id="34" lemma="|-rrb-|" pos="-RRB-" wid="34">-RRB-</w>
  <w id="35" lemma="|.|" pos="." wid="35">.</w>
</sentence>
<sentence id="10">
  <w id="0" lemma="|and|" pos="CC" wid="0">And</w>
  <w id="1" lemma="|``|" pos="``" wid="1">``</w>
  <w id="2" lemma="|with|" pos="IN" wid="2">with</w>
  <w id="3" lemma="|great|" pos="JJ" wid="3">great</w>
  <w id="4" lemma="|joy|" pos="NN" wid="4">joy</w>
  <w id="5" lemma="|-lsb-|" pos="-LRB-" wid="5">-LSB-</w>
  <w id="6" lemma="|they|" pos="PRP" wid="6">they</w>
  <w id="7" lemma="|-rsb-|" pos="-RRB-" wid="7">-RSB-</w>
  <w id="8" lemma="|run|" pos="VBD" wid="8">ran</w>
  <w id="9" lemma="|''|" pos="''" wid="9">''</w>
  <w id="10" lemma="|-lrb-|" pos="-LRB-" wid="10">-LRB-</w>
  <w id="11" lemma="|mt|" pos="NN" wid="11">Mt</w>
  <w id="12" lemma="|28:8|" pos="CD" wid="12">28:8</w>
  <w id="13" lemma="|-rrb-|" pos="-RRB-" wid="13">-RRB-</w>
  <w id="14" lemma="|to|" pos="TO" wid="14">to</w>
  <w id="15" lemma="|tell|" pos="VB" wid="15">tell</w>
  <w id="16" lemma="|he|" pos="PRP$" wid="16">his</w>
  <w id="17" lemma="|disciple|" pos="NNS" wid="17">disciples</w>
  <w id="18" lemma="|.|" pos="." wid="18">.</w>
</sentence>
<sentence id="11">
  <w id="0" lemma="|for|" pos="IN" wid="0">For</w>
  <w id="1" lemma="|the|" pos="DT" wid="1">the</w>
  <w id="2" lemma="|fearful|" pos="JJ" wid="2">fearful</w>
  <w id="3" lemma="|and|" pos="CC" wid="3">and</w>
  <w id="4" lemma="|discourage|" pos="VBN" wid="4">discouraged</w>
  <w id="5" lemma="|disciple|" pos="NNS" wid="5">disciples</w>
  <w id="6" lemma="|,|" pos="," wid="6">,</w>
  <w id="7" lemma="|the|" pos="DT" wid="7">the</w>
  <w id="8" lemma="|heavenly|" pos="JJ" wid="8">heavenly</w>
  <w id="9" lemma="|messenger|" pos="NN" wid="9">messenger</w>
  <w id="10" lemma="|'s|" pos="POS" wid="10">'s</w>
  <w id="11" lemma="|announcement|" pos="NN" wid="11">announcement</w>
  <w id="12" lemma="|,|" pos="," wid="12">,</w>
  <w id="13" lemma="|make|" pos="VBD" wid="13">made</w>
  <w id="14" lemma="|more|" pos="RBR" wid="14">more</w>
  <w id="15" lemma="|evident|" pos="JJ" wid="15">evident</w>
  <w id="16" lemma="|by|" pos="IN" wid="16">by</w>
  <w id="17" lemma="|the|" pos="DT" wid="17">the</w>
  <w id="18" lemma="|appearance|" pos="NNS" wid="18">appearances</w>
  <w id="19" lemma="|of|" pos="IN" wid="19">of</w>
  <w id="20" lemma="|the|" pos="DT" wid="20">the</w>
  <w id="21" lemma="|Risen|" pos="NNP" wid="21">Risen</w>
  <w id="22" lemma="|one|" pos="CD" wid="22">One</w>
  <w id="23" lemma="|,|" pos="," wid="23">,</w>
  <w id="24" lemma="|be|" pos="VBD" wid="24">was</w>
  <w id="25" lemma="|confirmation|" pos="NN" wid="25">confirmation</w>
  <w id="26" lemma="|of|" pos="IN" wid="26">of</w>
  <w id="27" lemma="|what|" pos="WP" wid="27">what</w>
  <w id="28" lemma="|the|" pos="DT" wid="28">the</w>
  <w id="29" lemma="|Lord|" pos="NNP" wid="29">Lord</w>
  <w id="30" lemma="|have|" pos="VBD" wid="30">had</w>
  <w id="31" lemma="|foretell|" pos="VBN" wid="31">foretold</w>
  <w id="32" lemma="|.|" pos="." wid="32">.</w>
</sentence>
<sentence id="12">
  <w id="0" lemma="|comfort|" pos="VBN" wid="0">Comforted</w>
  <w id="1" lemma="|by|" pos="IN" wid="1">by</w>
  <w id="2" lemma="|this|" pos="DT" wid="2">this</w>
  <w id="3" lemma="|certainty|" pos="NN" wid="3">certainty</w>
  <w id="4" lemma="|and|" pos="CC" wid="4">and</w>
  <w id="5" lemma="|fill|" pos="VBN" wid="5">filled</w>
  <w id="6" lemma="|with|" pos="IN" wid="6">with</w>
  <w id="7" lemma="|the|" pos="DT" wid="7">the</w>
  <w id="8" lemma="|Holy|" pos="NNP" wid="8">Holy</w>
  <w id="9" lemma="|Spirit|" pos="NNP" wid="9">Spirit</w>
  <w id="10" lemma="|,|" pos="," wid="10">,</w>
  <w id="11" lemma="|they|" pos="PRP" wid="11">they</w>
  <w id="12" lemma="|then|" pos="RB" wid="12">then</w>
  <w id="13" lemma="|set|" pos="VBD" wid="13">set</w>
  <w id="14" lemma="|out|" pos="RP" wid="14">out</w>
  <w id="15" lemma="|on|" pos="IN" wid="15">on</w>
  <w id="16" lemma="|the|" pos="DT" wid="16">the</w>
  <w id="17" lemma="|path|" pos="NNS" wid="17">paths</w>
  <w id="18" lemma="|of|" pos="IN" wid="18">of</w>
  <w id="19" lemma="|the|" pos="DT" wid="19">the</w>
  <w id="20" lemma="|world|" pos="NN" wid="20">world</w>
  <w id="21" lemma="|to|" pos="TO" wid="21">to</w>
  <w id="22" lemma="|ring|" pos="VB" wid="22">ring</w>
  <w id="23" lemma="|out|" pos="RP" wid="23">out</w>
  <w id="24" lemma="|the|" pos="DT" wid="24">the</w>
  <w id="25" lemma="|joyful|" pos="JJ" wid="25">joyful</w>
  <w id="26" lemma="|Easter|" pos="NNP" wid="26">Easter</w>
  <w id="27" lemma="|proclamation|" pos="NN" wid="27">proclamation</w>
  <w id="28" lemma="|.|" pos="." wid="28">.</w>
</sentence>
<sentence id="13">
  <w id="0" lemma="|2|" pos="CD" wid="0">2</w>
  <w id="1" lemma="|.|" pos="." wid="1">.</w>
</sentence>
<sentence id="14">
  <w id="0" lemma="|Dear|" pos="NNP" wid="0">Dear</w>
  <w id="1" lemma="|brother|" pos="NNS" wid="1">brothers</w>
  <w id="2" lemma="|and|" pos="CC" wid="2">and</w>
  <w id="3" lemma="|sister|" pos="NNS" wid="3">sisters</w>
  <w id="4" lemma="|,|" pos="," wid="4">,</w>
  <w id="5" lemma="|on|" pos="IN" wid="5">on</w>
  <w id="6" lemma="|this|" pos="DT" wid="6">this</w>
  <w id="7" lemma="|``|" pos="``" wid="7">``</w>
  <w id="8" lemma="|Monday|" pos="NNP" wid="8">Monday</w>
  <w id="9" lemma="|of|" pos="IN" wid="9">of</w>
  <w id="10" lemma="|the|" pos="DT" wid="10">the</w>
  <w id="11" lemma="|Angel|" pos="NNP" wid="11">Angel</w>
  <w id="12" lemma="|''|" pos="''" wid="12">''</w>
  <w id="13" lemma="|the|" pos="DT" wid="13">the</w>
  <w id="14" lemma="|liturgy|" pos="NN" wid="14">liturgy</w>
  <w id="15" lemma="|invite|" pos="VBZ" wid="15">invites</w>
  <w id="16" lemma="|we|" pos="PRP" wid="16">us</w>
  <w id="17" lemma="|to|" pos="TO" wid="17">to</w>
  <w id="18" lemma="|listen|" pos="VB" wid="18">listen</w>
  <w id="19" lemma="|again|" pos="RB" wid="19">again</w>
  <w id="20" lemma="|to|" pos="TO" wid="20">to</w>
  <w id="21" lemma="|the|" pos="DT" wid="21">the</w>
  <w id="22" lemma="|angel|" pos="NN" wid="22">angel</w>
  <w id="23" lemma="|'s|" pos="POS" wid="23">'s</w>
  <w id="24" lemma="|word|" pos="NNS" wid="24">words</w>
  <w id="25" lemma="|which|" pos="WDT" wid="25">which</w>
  <w id="26" lemma="|tell|" pos="VBP" wid="26">tell</w>
  <w id="27" lemma="|we|" pos="PRP" wid="27">us</w>
  <w id="28" lemma="|of|" pos="IN" wid="28">of</w>
  <w id="29" lemma="|that|" pos="DT" wid="29">that</w>
  <w id="30" lemma="|day|" pos="NN" wid="30">day</w>
  <w id="31" lemma="|'s|" pos="POS" wid="31">'s</w>
  <w id="32" lemma="|great|" pos="JJ" wid="32">great</w>
  <w id="33" lemma="|event|" pos="NN" wid="33">event</w>
  <w id="34" lemma="|.|" pos="." wid="34">.</w>
</sentence>
<sentence id="15">
  <w id="0" lemma="|in|" pos="IN" wid="0">In</w>
  <w id="1" lemma="|they|" pos="PRP" wid="1">them</w>
  <w id="2" lemma="|lie|" pos="VBZ" wid="2">lies</w>
  <w id="3" lemma="|the|" pos="DT" wid="3">the</w>
  <w id="4" lemma="|live|" pos="VBG" wid="4">living</w>
  <w id="5" lemma="|heart|" pos="NN" wid="5">heart</w>
  <w id="6" lemma="|of|" pos="IN" wid="6">of</w>
  <w id="7" lemma="|Christianity|" pos="NNP" wid="7">Christianity</w>
  <w id="8" lemma="|.|" pos="." wid="8">.</w>
</sentence>
<sentence id="16">
  <w id="0" lemma="|they|" pos="PRP" wid="0">They</w>
  <w id="1" lemma="|be|" pos="VBP" wid="1">are</w>
  <w id="2" lemma="|a|" pos="DT" wid="2">an</w>
  <w id="3" lemma="|indication|" pos="NN" wid="3">indication</w>
  <w id="4" lemma="|of|" pos="IN" wid="4">of</w>
  <w id="5" lemma="|the|" pos="DT" wid="5">the</w>
  <w id="6" lemma="|mystery|" pos="NN" wid="6">mystery</w>
  <w id="7" lemma="|which|" pos="WDT" wid="7">which</w>
  <w id="8" lemma="|explain|" pos="VBZ" wid="8">explains</w>
  <w id="9" lemma="|everything|" pos="NN" wid="9">everything</w>
  <w id="10" lemma="|.|" pos="." wid="10">.</w>
</sentence>
<sentence id="17">
  <w id="0" lemma="|after|" pos="IN" wid="0">After</w>
  <w id="1" lemma="|the|" pos="DT" wid="1">the</w>
  <w id="2" lemma="|rite|" pos="NNS" wid="2">rites</w>
  <w id="3" lemma="|of|" pos="IN" wid="3">of</w>
  <w id="4" lemma="|Holy|" pos="NNP" wid="4">Holy</w>
  <w id="5" lemma="|Week|" pos="NNP" wid="5">Week</w>
  <w id="6" lemma="|,|" pos="," wid="6">,</w>
  <w id="7" lemma="|we|" pos="PRP$" wid="7">our</w>
  <w id="8" lemma="|eye|" pos="NNS" wid="8">eyes</w>
  <w id="9" lemma="|now|" pos="RB" wid="9">now</w>
  <w id="10" lemma="|behold|" pos="VBP" wid="10">behold</w>
  <w id="11" lemma="|Christ|" pos="NNP" wid="11">Christ</w>
  <w id="12" lemma="|rise|" pos="VBN" wid="12">risen</w>
  <w id="13" lemma="|.|" pos="." wid="13">.</w>
</sentence>
<sentence id="18">
  <w id="0" lemma="|we|" pos="PRP" wid="0">We</w>
  <w id="1" lemma="|too|" pos="RB" wid="1">too</w>
  <w id="2" lemma="|be|" pos="VBP" wid="2">are</w>
  <w id="3" lemma="|call|" pos="VBN" wid="3">called</w>
  <w id="4" lemma="|to|" pos="TO" wid="4">to</w>
  <w id="5" lemma="|a|" pos="DT" wid="5">a</w>
  <w id="6" lemma="|personal|" pos="JJ" wid="6">personal</w>
  <w id="7" lemma="|encounter|" pos="NN" wid="7">encounter</w>
  <w id="8" lemma="|with|" pos="IN" wid="8">with</w>
  <w id="9" lemma="|he|" pos="PRP" wid="9">him</w>
  <w id="10" lemma="|and|" pos="CC" wid="10">and</w>
  <w id="11" lemma="|to|" pos="TO" wid="11">to</w>
  <w id="12" lemma="|become|" pos="VB" wid="12">become</w>
  <w id="13" lemma="|he|" pos="PRP$" wid="13">his</w>
  <w id="14" lemma="|herald|" pos="NNS" wid="14">heralds</w>
  <w id="15" lemma="|and|" pos="CC" wid="15">and</w>
  <w id="16" lemma="|witness|" pos="NNS" wid="16">witnesses</w>
  <w id="17" lemma="|,|" pos="," wid="17">,</w>
  <w id="18" lemma="|like|" pos="IN" wid="18">like</w>
  <w id="19" lemma="|the|" pos="DT" wid="19">the</w>
  <w id="20" lemma="|woman|" pos="NNS" wid="20">women</w>
  <w id="21" lemma="|and|" pos="CC" wid="21">and</w>
  <w id="22" lemma="|the|" pos="DT" wid="22">the</w>
  <w id="23" lemma="|disciple|" pos="NNS" wid="23">disciples</w>
  <w id="24" lemma="|.|" pos="." wid="24">.</w>
  <w id="25" lemma="|''|" pos="''" wid="25">''</w>
</sentence>
<sentence id="19">
  <w id="0" lemma="|Christ|" pos="NNP" wid="0">Christ</w>
  <w id="1" lemma="|my|" pos="PRP$" wid="1">my</w>
  <w id="2" lemma="|hope|" pos="NN" wid="2">hope</w>
  <w id="3" lemma="|be|" pos="VBZ" wid="3">is</w>
  <w id="4" lemma="|arise|" pos="VBN" wid="4">arisen</w>
  <w id="5" lemma="|!|" pos="." wid="5">!</w>
</sentence>
<sentence id="20">
  <w id="0" lemma="|``|" pos="``" wid="0">``</w>
  <w id="1" lemma="|,|" pos="," wid="1">,</w>
  <w id="2" lemma="|we|" pos="PRP" wid="2">we</w>
  <w id="3" lemma="|repeat|" pos="VBP" wid="3">repeat</w>
  <w id="4" lemma="|today|" pos="NN" wid="4">today</w>
  <w id="5" lemma="|,|" pos="," wid="5">,</w>
  <w id="6" lemma="|ask|" pos="VBG" wid="6">asking</w>
  <w id="7" lemma="|he|" pos="PRP" wid="7">him</w>
  <w id="8" lemma="|for|" pos="IN" wid="8">for</w>
  <w id="9" lemma="|the|" pos="DT" wid="9">the</w>
  <w id="10" lemma="|courage|" pos="NN" wid="10">courage</w>
  <w id="11" lemma="|of|" pos="IN" wid="11">of</w>
  <w id="12" lemma="|fidelity|" pos="NN" wid="12">fidelity</w>
  <w id="13" lemma="|and|" pos="CC" wid="13">and</w>
  <w id="14" lemma="|perseverance|" pos="NN" wid="14">perseverance</w>
  <w id="15" lemma="|in|" pos="IN" wid="15">in</w>
  <w id="16" lemma="|do|" pos="VBG" wid="16">doing</w>
  <w id="17" lemma="|good|" pos="JJ" wid="17">good</w>
  <w id="18" lemma="|.|" pos="." wid="18">.</w>
</sentence>
<sentence id="21">
  <w id="0" lemma="|above|" pos="IN" wid="0">Above</w>
  <w id="1" lemma="|all|" pos="DT" wid="1">all</w>
  <w id="2" lemma="|,|" pos="," wid="2">,</w>
  <w id="3" lemma="|let|" pos="VB" wid="3">let</w>
  <w id="4" lemma="|we|" pos="PRP" wid="4">us</w>
  <w id="5" lemma="|ask|" pos="VB" wid="5">ask</w>
  <w id="6" lemma="|for|" pos="IN" wid="6">for</w>
  <w id="7" lemma="|peace|" pos="NN" wid="7">peace</w>
  <w id="8" lemma="|,|" pos="," wid="8">,</w>
  <w id="9" lemma="|a|" pos="DT" wid="9">a</w>
  <w id="10" lemma="|gift|" pos="NN" wid="10">gift</w>
  <w id="11" lemma="|win|" pos="VBN" wid="11">won</w>
  <w id="12" lemma="|for|" pos="IN" wid="12">for</w>
  <w id="13" lemma="|we|" pos="PRP" wid="13">us</w>
  <w id="14" lemma="|by|" pos="IN" wid="14">by</w>
  <w id="15" lemma="|he|" pos="PRP$" wid="15">his</w>
  <w id="16" lemma="|death|" pos="NN" wid="16">Death</w>
  <w id="17" lemma="|and|" pos="CC" wid="17">and</w>
  <w id="18" lemma="|resurrection|" pos="NN" wid="18">Resurrection</w>
  <w id="19" lemma="|.|" pos="." wid="19">.</w>
</sentence>
<sentence id="22">
  <w id="0" lemma="|let|" pos="VB" wid="0">Let</w>
  <w id="1" lemma="|we|" pos="PRP" wid="1">us</w>
  <w id="2" lemma="|pray|" pos="VB" wid="2">pray</w>
  <w id="3" lemma="|that|" pos="IN" wid="3">that</w>
  <w id="4" lemma="|the|" pos="DT" wid="4">the</w>
  <w id="5" lemma="|precious|" pos="JJ" wid="5">precious</w>
  <w id="6" lemma="|gift|" pos="NN" wid="6">gift</w>
  <w id="7" lemma="|of|" pos="IN" wid="7">of</w>
  <w id="8" lemma="|peace|" pos="NN" wid="8">peace</w>
  <w id="9" lemma="|will|" pos="MD" wid="9">will</w>
  <w id="10" lemma="|be|" pos="VB" wid="10">be</w>
  <w id="11" lemma="|give|" pos="VBN" wid="11">given</w>
  <w id="12" lemma="|especially|" pos="RB" wid="12">especially</w>
  <w id="13" lemma="|to|" pos="TO" wid="13">to</w>
  <w id="14" lemma="|we|" pos="PRP$" wid="14">our</w>
  <w id="15" lemma="|brethren|" pos="NNS" wid="15">brethren</w>
  <w id="16" lemma="|in|" pos="IN" wid="16">in</w>
  <w id="17" lemma="|Kosovo|" pos="NNP" wid="17">Kosovo</w>
  <w id="18" lemma="|,|" pos="," wid="18">,</w>
  <w id="19" lemma="|where|" pos="WRB" wid="19">where</w>
  <w id="20" lemma="|the|" pos="DT" wid="20">the</w>
  <w id="21" lemma="|Easter|" pos="NNP" wid="21">Easter</w>
  <w id="22" lemma="|bell|" pos="NNS" wid="22">bells</w>
  <w id="23" lemma="|do|" pos="VBD" wid="23">did</w>
  <w id="24" lemma="|not|" pos="RB" wid="24">not</w>
  <w id="25" lemma="|ring|" pos="VB" wid="25">ring</w>
  <w id="26" lemma="|a|" pos="DT" wid="26">a</w>
  <w id="27" lemma="|festive|" pos="JJ" wid="27">festive</w>
  <w id="28" lemma="|peal|" pos="NN" wid="28">peal</w>
  <w id="29" lemma="|and|" pos="CC" wid="29">and</w>
  <w id="30" lemma="|,|" pos="," wid="30">,</w>
  <w id="31" lemma="|unfortunately|" pos="RB" wid="31">unfortunately</w>
  <w id="32" lemma="|,|" pos="," wid="32">,</w>
  <w id="33" lemma="|the|" pos="DT" wid="33">the</w>
  <w id="34" lemma="|war|" pos="NN" wid="34">war</w>
  <w id="35" lemma="|continue|" pos="VBZ" wid="35">continues</w>
  <w id="36" lemma="|with|" pos="IN" wid="36">with</w>
  <w id="37" lemma="|destruction|" pos="NN" wid="37">destruction</w>
  <w id="38" lemma="|,|" pos="," wid="38">,</w>
  <w id="39" lemma="|deportation|" pos="NN" wid="39">deportation</w>
  <w id="40" lemma="|and|" pos="CC" wid="40">and</w>
  <w id="41" lemma="|death|" pos="NN" wid="41">death</w>
  <w id="42" lemma="|.|" pos="." wid="42">.</w>
</sentence>
<sentence id="23">
  <w id="0" lemma="|3|" pos="LS" wid="0">3</w>
  <w id="1" lemma="|.|" pos="." wid="1">.</w>
</sentence>
<sentence id="24">
  <w id="0" lemma="|let|" pos="VB" wid="0">Let</w>
  <w id="1" lemma="|we|" pos="PRP" wid="1">us</w>
  <w id="2" lemma="|entrust|" pos="VB" wid="2">entrust</w>
  <w id="3" lemma="|we|" pos="PRP$" wid="3">our</w>
  <w id="4" lemma="|heartfelt|" pos="JJ" wid="4">heartfelt</w>
  <w id="5" lemma="|petition|" pos="NN" wid="5">petition</w>
  <w id="6" lemma="|to|" pos="TO" wid="6">to</w>
  <w id="7" lemma="|Mary|" pos="NNP" wid="7">Mary</w>
  <w id="8" lemma="|.|" pos="." wid="8">.</w>
</sentence>
<sentence id="25">
  <w id="0" lemma="|``|" pos="``" wid="0">``</w>
  <w id="1" lemma="|queen|" pos="NN" wid="1">Queen</w>
  <w id="2" lemma="|of|" pos="IN" wid="2">of</w>
  <w id="3" lemma="|heaven|" pos="NN" wid="3">heaven</w>
  <w id="4" lemma="|,|" pos="," wid="4">,</w>
  <w id="5" lemma="|you|" pos="PRP" wid="5">you</w>
  <w id="6" lemma="|who|" pos="WP" wid="6">who</w>
  <w id="7" lemma="|rejoice|" pos="VBP" wid="7">rejoice</w>
  <w id="8" lemma="|because|" pos="IN" wid="8">because</w>
  <w id="9" lemma="|the|" pos="DT" wid="9">the</w>
  <w id="10" lemma="|Son|" pos="NNP" wid="10">Son</w>
  <w id="11" lemma="|you|" pos="PRP" wid="11">you</w>
  <w id="12" lemma="|be|" pos="VBD" wid="12">were</w>
  <w id="13" lemma="|choose|" pos="VBN" wid="13">chosen</w>
  <w id="14" lemma="|to|" pos="TO" wid="14">to</w>
  <w id="15" lemma="|bear|" pos="VB" wid="15">bear</w>
  <w id="16" lemma="|have|" pos="VBZ" wid="16">has</w>
  <w id="17" lemma="|rise|" pos="VBN" wid="17">risen</w>
  <w id="18" lemma="|''|" pos="''" wid="18">''</w>
  <w id="19" lemma="|,|" pos="," wid="19">,</w>
  <w id="20" lemma="|obtain|" pos="VB" wid="20">obtain</w>
  <w id="21" lemma="|comfort|" pos="NN" wid="21">comfort</w>
  <w id="22" lemma="|and|" pos="CC" wid="22">and</w>
  <w id="23" lemma="|support|" pos="NN" wid="23">support</w>
  <w id="24" lemma="|for|" pos="IN" wid="24">for</w>
  <w id="25" lemma="|the|" pos="DT" wid="25">the</w>
  <w id="26" lemma="|refugee|" pos="NNS" wid="26">refugees</w>
  <w id="27" lemma="|and|" pos="CC" wid="27">and</w>
  <w id="28" lemma="|for|" pos="IN" wid="28">for</w>
  <w id="29" lemma="|those|" pos="DT" wid="29">those</w>
  <w id="30" lemma="|who|" pos="WP" wid="30">who</w>
  <w id="31" lemma="|be|" pos="VBP" wid="31">are</w>
  <w id="32" lemma="|suffer|" pos="VBG" wid="32">suffering</w>
  <w id="33" lemma="|because|" pos="IN" wid="33">because</w>
  <w id="34" lemma="|of|" pos="IN" wid="34">of</w>
  <w id="35" lemma="|the|" pos="DT" wid="35">the</w>
  <w id="36" lemma="|war|" pos="NN" wid="36">war</w>
  <w id="37" lemma="|.|" pos="." wid="37">.</w>
</sentence>
<sentence id="26">
  <w id="0" lemma="|obtain|" pos="VB" wid="0">Obtain</w>
  <w id="1" lemma="|serenity|" pos="NN" wid="1">serenity</w>
  <w id="2" lemma="|and|" pos="CC" wid="2">and</w>
  <w id="3" lemma="|peace|" pos="NN" wid="3">peace</w>
  <w id="4" lemma="|for|" pos="IN" wid="4">for</w>
  <w id="5" lemma="|the|" pos="DT" wid="5">the</w>
  <w id="6" lemma="|whole|" pos="JJ" wid="6">whole</w>
  <w id="7" lemma="|world|" pos="NN" wid="7">world</w>
  <w id="8" lemma="|.|" pos="." wid="8">.</w>
</sentence>
<sentence id="27">
  <w id="0" lemma="|after|" pos="IN" wid="0">After</w>
  <w id="1" lemma="|pray|" pos="VBG" wid="1">praying</w>
  <w id="2" lemma="|the|" pos="DT" wid="2">the</w>
  <w id="3" lemma="|Regina|" pos="NNP" wid="3">Regina</w>
  <w id="4" lemma="|Caeli|" pos="NNP" wid="4">Caeli</w>
  <w id="5" lemma="|the|" pos="DT" wid="5">the</w>
  <w id="6" lemma="|Holy|" pos="NNP" wid="6">Holy</w>
  <w id="7" lemma="|Father|" pos="NNP" wid="7">Father</w>
  <w id="8" lemma="|say|" pos="VBD" wid="8">said</w>
  <w id="9" lemma="|:|" pos=":" wid="9">:</w>
  <w id="10" lemma="|I|" pos="PRP" wid="10">I</w>
  <w id="11" lemma="|cordially|" pos="RB" wid="11">cordially</w>
  <w id="12" lemma="|greet|" pos="VBP" wid="12">greet</w>
  <w id="13" lemma="|the|" pos="DT" wid="13">the</w>
  <w id="14" lemma="|resident|" pos="NNS" wid="14">residents</w>
  <w id="15" lemma="|of|" pos="IN" wid="15">of</w>
  <w id="16" lemma="|Castel|" pos="NNP" wid="16">Castel</w>
  <w id="17" lemma="|Gandolfo|" pos="NNP" wid="17">Gandolfo</w>
  <w id="18" lemma="|,|" pos="," wid="18">,</w>
  <w id="19" lemma="|who|" pos="WP" wid="19">who</w>
  <w id="20" lemma="|always|" pos="RB" wid="20">always</w>
  <w id="21" lemma="|welcome|" pos="VBP" wid="21">welcome</w>
  <w id="22" lemma="|I|" pos="PRP" wid="22">me</w>
  <w id="23" lemma="|with|" pos="IN" wid="23">with</w>
  <w id="24" lemma="|great|" pos="JJ" wid="24">great</w>
  <w id="25" lemma="|kindness|" pos="NN" wid="25">kindness</w>
  <w id="26" lemma="|,|" pos="," wid="26">,</w>
  <w id="27" lemma="|and|" pos="CC" wid="27">and</w>
  <w id="28" lemma="|all|" pos="DT" wid="28">all</w>
  <w id="29" lemma="|who|" pos="WP" wid="29">who</w>
  <w id="30" lemma="|have|" pos="VBP" wid="30">have</w>
  <w id="31" lemma="|gather|" pos="VBN" wid="31">gathered</w>
  <w id="32" lemma="|here|" pos="RB" wid="32">here</w>
  <w id="33" lemma="|today|" pos="NN" wid="33">today</w>
  <w id="34" lemma="|for|" pos="IN" wid="34">for</w>
  <w id="35" lemma="|peaceful|" pos="JJ" wid="35">peaceful</w>
  <w id="36" lemma="|relaxation|" pos="NN" wid="36">relaxation</w>
  <w id="37" lemma="|.|" pos="." wid="37">.</w>
</sentence>
<sentence id="28">
  <w id="0" lemma="|however|" pos="RB" wid="0">However</w>
  <w id="1" lemma="|,|" pos="," wid="1">,</w>
  <w id="2" lemma="|we|" pos="PRP" wid="2">we</w>
  <w id="3" lemma="|can|" pos="MD" wid="3">can</w>
  <w id="4" lemma="|not|" pos="RB" wid="4">not</w>
  <w id="5" lemma="|forget|" pos="VB" wid="5">forget</w>
  <w id="6" lemma="|those|" pos="DT" wid="6">those</w>
  <w id="7" lemma="|who|" pos="WP" wid="7">who</w>
  <w id="8" lemma="|instead|" pos="RB" wid="8">instead</w>
  <w id="9" lemma="|be|" pos="VBP" wid="9">are</w>
  <w id="10" lemma="|experience|" pos="VBG" wid="10">experiencing</w>
  <w id="11" lemma="|moment|" pos="NNS" wid="11">moments</w>
  <w id="12" lemma="|of|" pos="IN" wid="12">of</w>
  <w id="13" lemma="|great|" pos="JJ" wid="13">great</w>
  <w id="14" lemma="|suffering|" pos="NN" wid="14">suffering</w>
  <w id="15" lemma="|.|" pos="." wid="15">.</w>
</sentence>
<sentence id="29">
  <w id="0" lemma="|I|" pos="PRP" wid="0">I</w>
  <w id="1" lemma="|be|" pos="VBP" wid="1">am</w>
  <w id="2" lemma="|think|" pos="VBG" wid="2">thinking</w>
  <w id="3" lemma="|affectionately|" pos="RB" wid="3">affectionately</w>
  <w id="4" lemma="|of|" pos="IN" wid="4">of</w>
  <w id="5" lemma="|the|" pos="DT" wid="5">the</w>
  <w id="6" lemma="|great|" pos="JJ" wid="6">great</w>
  <w id="7" lemma="|number|" pos="NN" wid="7">number</w>
  <w id="8" lemma="|of|" pos="IN" wid="8">of</w>
  <w id="9" lemma="|refugee|" pos="NNS" wid="9">refugees</w>
  <w id="10" lemma="|from|" pos="IN" wid="10">from</w>
  <w id="11" lemma="|Kosovo|" pos="NNP" wid="11">Kosovo</w>
  <w id="12" lemma="|,|" pos="," wid="12">,</w>
  <w id="13" lemma="|who|" pos="WP" wid="13">who</w>
  <w id="14" lemma="|find|" pos="VBP" wid="14">find</w>
  <w id="15" lemma="|themselves|" pos="PRP" wid="15">themselves</w>
  <w id="16" lemma="|in|" pos="IN" wid="16">in</w>
  <w id="17" lemma="|a|" pos="DT" wid="17">a</w>
  <w id="18" lemma="|tragic|" pos="JJ" wid="18">tragic</w>
  <w id="19" lemma="|situation|" pos="NN" wid="19">situation</w>
  <w id="20" lemma="|.|" pos="." wid="20">.</w>
</sentence>
<sentence id="30">
  <w id="0" lemma="|I|" pos="PRP" wid="0">I</w>
  <w id="1" lemma="|warmly|" pos="RB" wid="1">warmly</w>
  <w id="2" lemma="|thank|" pos="VBP" wid="2">thank</w>
  <w id="3" lemma="|those|" pos="DT" wid="3">those</w>
  <w id="4" lemma="|who|" pos="WP" wid="4">who</w>
  <w id="5" lemma="|be|" pos="VBP" wid="5">are</w>
  <w id="6" lemma="|generously|" pos="RB" wid="6">generously</w>
  <w id="7" lemma="|try|" pos="VBG" wid="7">trying</w>
  <w id="8" lemma="|to|" pos="TO" wid="8">to</w>
  <w id="9" lemma="|help|" pos="VB" wid="9">help</w>
  <w id="10" lemma="|they|" pos="PRP" wid="10">them</w>
  <w id="11" lemma="|.|" pos="." wid="11">.</w>
</sentence>
<sentence id="31">
  <w id="0" lemma="|I|" pos="PRP" wid="0">I</w>
  <w id="1" lemma="|express|" pos="VBP" wid="1">express</w>
  <w id="2" lemma="|my|" pos="PRP$" wid="2">my</w>
  <w id="3" lemma="|particular|" pos="JJ" wid="3">particular</w>
  <w id="4" lemma="|appreciation|" pos="NN" wid="4">appreciation</w>
  <w id="5" lemma="|of|" pos="IN" wid="5">of</w>
  <w id="6" lemma="|Italy|" pos="NNP" wid="6">Italy</w>
  <w id="7" lemma="|'s|" pos="POS" wid="7">'s</w>
  <w id="8" lemma="|effort|" pos="NNS" wid="8">efforts</w>
  <w id="9" lemma="|in|" pos="IN" wid="9">in</w>
  <w id="10" lemma="|Albania|" pos="NNP" wid="10">Albania</w>
  <w id="11" lemma="|,|" pos="," wid="11">,</w>
  <w id="12" lemma="|besides|" pos="IN" wid="12">besides</w>
  <w id="13" lemma="|in|" pos="IN" wid="13">in</w>
  <w id="14" lemma="|its|" pos="PRP$" wid="14">its</w>
  <w id="15" lemma="|national|" pos="JJ" wid="15">national</w>
  <w id="16" lemma="|territory|" pos="NN" wid="16">territory</w>
  <w id="17" lemma="|,|" pos="," wid="17">,</w>
  <w id="18" lemma="|in|" pos="IN" wid="18">in</w>
  <w id="19" lemma="|a|" pos="DT" wid="19">a</w>
  <w id="20" lemma="|vast|" pos="JJ" wid="20">vast</w>
  <w id="21" lemma="|and|" pos="CC" wid="21">and</w>
  <w id="22" lemma="|generous|" pos="JJ" wid="22">generous</w>
  <w id="23" lemma="|aid|" pos="NN" wid="23">aid</w>
  <w id="24" lemma="|operation|" pos="NN" wid="24">operation</w>
  <w id="25" lemma="|call|" pos="VBD" wid="25">called</w>
  <w id="26" lemma="|the|" pos="DT" wid="26">the</w>
  <w id="27" lemma="|``|" pos="``" wid="27">``</w>
  <w id="28" lemma="|Rainbow|" pos="NNP" wid="28">Rainbow</w>
  <w id="29" lemma="|Mission|" pos="NNP" wid="29">Mission</w>
  <w id="30" lemma="|''|" pos="''" wid="30">''</w>
  <w id="31" lemma="|.|" pos="." wid="31">.</w>
</sentence>
<sentence id="32">
  <w id="0" lemma="|I|" pos="PRP" wid="0">I</w>
  <w id="1" lemma="|encourage|" pos="VBP" wid="1">encourage</w>
  <w id="2" lemma="|public|" pos="JJ" wid="2">public</w>
  <w id="3" lemma="|and|" pos="CC" wid="3">and</w>
  <w id="4" lemma="|private|" pos="JJ" wid="4">private</w>
  <w id="5" lemma="|institution|" pos="NNS" wid="5">institutions</w>
  <w id="6" lemma="|,|" pos="," wid="6">,</w>
  <w id="7" lemma="|volunteer|" pos="NN" wid="7">volunteer</w>
  <w id="8" lemma="|organization|" pos="NNS" wid="8">organizations</w>
  <w id="9" lemma="|and|" pos="CC" wid="9">and</w>
  <w id="10" lemma="|individual|" pos="JJ" wid="10">individual</w>
  <w id="11" lemma="|citizen|" pos="NNS" wid="11">citizens</w>
  <w id="12" lemma="|to|" pos="TO" wid="12">to</w>
  <w id="13" lemma="|intensify|" pos="VB" wid="13">intensify</w>
  <w id="14" lemma="|they|" pos="PRP$" wid="14">their</w>
  <w id="15" lemma="|effort|" pos="NNS" wid="15">efforts</w>
  <w id="16" lemma="|to|" pos="TO" wid="16">to</w>
  <w id="17" lemma="|meet|" pos="VB" wid="17">meet</w>
  <w id="18" lemma="|the|" pos="DT" wid="18">the</w>
  <w id="19" lemma="|need|" pos="NNS" wid="19">needs</w>
  <w id="20" lemma="|of|" pos="IN" wid="20">of</w>
  <w id="21" lemma="|these|" pos="DT" wid="21">these</w>
  <w id="22" lemma="|brother|" pos="NNS" wid="22">brothers</w>
  <w id="23" lemma="|and|" pos="CC" wid="23">and</w>
  <w id="24" lemma="|sister|" pos="NNS" wid="24">sisters</w>
  <w id="25" lemma="|of|" pos="IN" wid="25">of</w>
  <w id="26" lemma="|ours|" pos="PRP" wid="26">ours</w>
  <w id="27" lemma="|who|" pos="WP" wid="27">who</w>
  <w id="28" lemma="|be|" pos="VBP" wid="28">are</w>
  <w id="29" lemma="|so|" pos="RB" wid="29">so</w>
  <w id="30" lemma="|harshly|" pos="RB" wid="30">harshly</w>
  <w id="31" lemma="|try|" pos="VBN" wid="31">tried</w>
  <w id="32" lemma="|.|" pos="." wid="32">.</w>
</sentence>
<sentence id="33">
  <w id="0" lemma="|the|" pos="DT" wid="0">The</w>
  <w id="1" lemma="|immaculate|" pos="JJ" wid="1">Immaculate</w>
  <w id="2" lemma="|will|" pos="NN" wid="2">will</w>
  <w id="3" lemma="|triumph|" pos="NN" wid="3">triumph</w>
  <w id="4" lemma="|.|" pos="." wid="4">.</w>
</sentence>
<sentence id="34">
  <w id="0" lemma="|happy|" pos="JJ" wid="0">Happy</w>
  <w id="1" lemma="|Easter|" pos="NNP" wid="1">Easter</w>
  <w id="2" lemma="|Monday|" pos="NNP" wid="2">Monday</w>
  <w id="3" lemma="|!|" pos="." wid="3">!</w>
</sentence>
</corpus>