<corpus id="0">
<sentence id="0">
  <w id="0" lemma="|1|" pos="CD" wid="0">1</w>
  <w id="1" lemma="|.|" pos="." wid="1">.</w>
</sentence>
<sentence id="1">
  <w id="0" lemma="|at|" pos="IN" wid="0">At</w>
  <w id="1" lemma="|we|" pos="PRP$" wid="1">our</w>
  <w id="2" lemma="|meeting|" pos="NN" wid="2">meeting</w>
  <w id="3" lemma="|today|" pos="NN" wid="3">today</w>
  <w id="4" lemma="|to|" pos="TO" wid="4">to</w>
  <w id="5" lemma="|recite|" pos="VB" wid="5">recite</w>
  <w id="6" lemma="|the|" pos="DT" wid="6">the</w>
  <w id="7" lemma="|Regina|" pos="NNP" wid="7">Regina</w>
  <w id="8" lemma="|Caeli|" pos="NNP" wid="8">Caeli</w>
  <w id="9" lemma="|together|" pos="RB" wid="9">together</w>
  <w id="10" lemma="|,|" pos="," wid="10">,</w>
  <w id="11" lemma="|I|" pos="PRP" wid="11">I</w>
  <w id="12" lemma="|wish|" pos="VBP" wid="12">wish</w>
  <w id="13" lemma="|to|" pos="TO" wid="13">to</w>
  <w id="14" lemma="|address|" pos="VB" wid="14">address</w>
  <w id="15" lemma="|the|" pos="DT" wid="15">the</w>
  <w id="16" lemma="|thought|" pos="NNS" wid="16">thoughts</w>
  <w id="17" lemma="|and|" pos="CC" wid="17">and</w>
  <w id="18" lemma="|heart|" pos="NNS" wid="18">hearts</w>
  <w id="19" lemma="|of|" pos="IN" wid="19">of</w>
  <w id="20" lemma="|all|" pos="PDT" wid="20">all</w>
  <w id="21" lemma="|those|" pos="DT" wid="21">those</w>
  <w id="22" lemma="|present|" pos="JJ" wid="22">present</w>
  <w id="23" lemma="|,|" pos="," wid="23">,</w>
  <w id="24" lemma="|and|" pos="CC" wid="24">and</w>
  <w id="25" lemma="|of|" pos="IN" wid="25">of</w>
  <w id="26" lemma="|those|" pos="DT" wid="26">those</w>
  <w id="27" lemma="|follow|" pos="VBG" wid="27">following</w>
  <w id="28" lemma="|we|" pos="PRP" wid="28">us</w>
  <w id="29" lemma="|on|" pos="IN" wid="29">on</w>
  <w id="30" lemma="|the|" pos="DT" wid="30">the</w>
  <w id="31" lemma="|radio|" pos="NN" wid="31">radio</w>
  <w id="32" lemma="|or|" pos="CC" wid="32">or</w>
  <w id="33" lemma="|television|" pos="NN" wid="33">television</w>
  <w id="34" lemma="|,|" pos="," wid="34">,</w>
  <w id="35" lemma="|towards|" pos="IN" wid="35">towards</w>
  <w id="36" lemma="|the|" pos="DT" wid="36">the</w>
  <w id="37" lemma="|boy|" pos="NNS" wid="37">boys</w>
  <w id="38" lemma="|and|" pos="CC" wid="38">and</w>
  <w id="39" lemma="|girl|" pos="NNS" wid="39">girls</w>
  <w id="40" lemma="|who|" pos="WP" wid="40">who</w>
  <w id="41" lemma="|this|" pos="DT" wid="41">this</w>
  <w id="42" lemma="|year|" pos="NN" wid="42">year</w>
  <w id="43" lemma="|receive|" pos="VBP" wid="43">receive</w>
  <w id="44" lemma="|Holy|" pos="NNP" wid="44">Holy</w>
  <w id="45" lemma="|Communion|" pos="NNP" wid="45">Communion</w>
  <w id="46" lemma="|for|" pos="IN" wid="46">for</w>
  <w id="47" lemma="|the|" pos="DT" wid="47">the</w>
  <w id="48" lemma="|first|" pos="JJ" wid="48">first</w>
  <w id="49" lemma="|time|" pos="NN" wid="49">time</w>
  <w id="50" lemma="|.|" pos="." wid="50">.</w>
</sentence>
<sentence id="2">
  <w id="0" lemma="|I|" pos="PRP" wid="0">I</w>
  <w id="1" lemma="|often|" pos="RB" wid="1">often</w>
  <w id="2" lemma="|happen|" pos="VBP" wid="2">happen</w>
  <w id="3" lemma="|to|" pos="TO" wid="3">to</w>
  <w id="4" lemma="|meet|" pos="VB" wid="4">meet</w>
  <w id="5" lemma="|they|" pos="PRP" wid="5">them</w>
  <w id="6" lemma="|,|" pos="," wid="6">,</w>
  <w id="7" lemma="|either|" pos="CC" wid="7">either</w>
  <w id="8" lemma="|at|" pos="IN" wid="8">at</w>
  <w id="9" lemma="|the|" pos="DT" wid="9">the</w>
  <w id="10" lemma="|Wednesday|" pos="NNP" wid="10">Wednesday</w>
  <w id="11" lemma="|audience|" pos="NNS" wid="11">audiences</w>
  <w id="12" lemma="|or|" pos="CC" wid="12">or</w>
  <w id="13" lemma="|on|" pos="IN" wid="13">on</w>
  <w id="14" lemma="|the|" pos="DT" wid="14">the</w>
  <w id="15" lemma="|occasion|" pos="NN" wid="15">occasion</w>
  <w id="16" lemma="|of|" pos="IN" wid="16">of</w>
  <w id="17" lemma="|pastoral|" pos="JJ" wid="17">pastoral</w>
  <w id="18" lemma="|visit|" pos="NNS" wid="18">visits</w>
  <w id="19" lemma="|to|" pos="TO" wid="19">to</w>
  <w id="20" lemma="|parish|" pos="NNS" wid="20">parishes</w>
  <w id="21" lemma="|,|" pos="," wid="21">,</w>
  <w id="22" lemma="|or|" pos="CC" wid="22">or</w>
  <w id="23" lemma="|in|" pos="IN" wid="23">in</w>
  <w id="24" lemma="|other|" pos="JJ" wid="24">other</w>
  <w id="25" lemma="|circumstance|" pos="NNS" wid="25">circumstances</w>
  <w id="26" lemma="|.|" pos="." wid="26">.</w>
</sentence>
<sentence id="3">
  <w id="0" lemma="|they|" pos="PRP" wid="0">They</w>
  <w id="1" lemma="|approach|" pos="VBP" wid="1">approach</w>
  <w id="2" lemma="|with|" pos="IN" wid="2">with</w>
  <w id="3" lemma="|the|" pos="DT" wid="3">the</w>
  <w id="4" lemma="|simplicity|" pos="NN" wid="4">simplicity</w>
  <w id="5" lemma="|of|" pos="IN" wid="5">of</w>
  <w id="6" lemma="|child|" pos="NNS" wid="6">children</w>
  <w id="7" lemma="|,|" pos="," wid="7">,</w>
  <w id="8" lemma="|they|" pos="PRP" wid="8">they</w>
  <w id="9" lemma="|speak|" pos="VBP" wid="9">speak</w>
  <w id="10" lemma="|of|" pos="IN" wid="10">of</w>
  <w id="11" lemma="|they|" pos="PRP$" wid="11">their</w>
  <w id="12" lemma="|forthcoming|" pos="JJ" wid="12">forthcoming</w>
  <w id="13" lemma="|meeting|" pos="NN" wid="13">meeting</w>
  <w id="14" lemma="|with|" pos="IN" wid="14">with</w>
  <w id="15" lemma="|Jesus|" pos="NNP" wid="15">Jesus</w>
  <w id="16" lemma="|and|" pos="CC" wid="16">and</w>
  <w id="17" lemma="|they|" pos="PRP" wid="17">they</w>
  <w id="18" lemma="|prepare|" pos="VBP" wid="18">prepare</w>
  <w id="19" lemma="|for|" pos="IN" wid="19">for</w>
  <w id="20" lemma="|that|" pos="DT" wid="20">that</w>
  <w id="21" lemma="|.|" pos="." wid="21">.</w>
</sentence>
<sentence id="4">
  <w id="0" lemma="|so|" pos="RB" wid="0">So</w>
  <w id="1" lemma="|many|" pos="JJ" wid="1">many</w>
  <w id="2" lemma="|time|" pos="NNS" wid="2">times</w>
  <w id="3" lemma="|they|" pos="PRP" wid="3">they</w>
  <w id="4" lemma="|add|" pos="VBP" wid="4">add</w>
  <w id="5" lemma="|that|" pos="IN" wid="5">that</w>
  <w id="6" lemma="|they|" pos="PRP" wid="6">they</w>
  <w id="7" lemma="|would|" pos="MD" wid="7">would</w>
  <w id="8" lemma="|like|" pos="VB" wid="8">like</w>
  <w id="9" lemma="|to|" pos="TO" wid="9">to</w>
  <w id="10" lemma="|receive|" pos="VB" wid="10">receive</w>
  <w id="11" lemma="|First|" pos="NNP" wid="11">First</w>
  <w id="12" lemma="|Communion|" pos="NNP" wid="12">Communion</w>
  <w id="13" lemma="|from|" pos="IN" wid="13">from</w>
  <w id="14" lemma="|my|" pos="PRP$" wid="14">my</w>
  <w id="15" lemma="|hand|" pos="NNS" wid="15">hands</w>
  <w id="16" lemma="|.|" pos="." wid="16">.</w>
</sentence>
<sentence id="5">
  <w id="0" lemma="|these|" pos="DT" wid="0">These</w>
  <w id="1" lemma="|boy|" pos="NNS" wid="1">boys</w>
  <w id="2" lemma="|and|" pos="CC" wid="2">and</w>
  <w id="3" lemma="|girl|" pos="NNS" wid="3">girls</w>
  <w id="4" lemma="|be|" pos="VBP" wid="4">are</w>
  <w id="5" lemma="|so|" pos="RB" wid="5">so</w>
  <w id="6" lemma="|dear|" pos="RB" wid="6">dear</w>
  <w id="7" lemma="|to|" pos="TO" wid="7">to</w>
  <w id="8" lemma="|I|" pos="PRP" wid="8">me</w>
  <w id="9" lemma="|;|" pos=":" wid="9">;</w>
  <w id="10" lemma="|I|" pos="PRP" wid="10">I</w>
  <w id="11" lemma="|think|" pos="VBP" wid="11">think</w>
  <w id="12" lemma="|they|" pos="PRP" wid="12">they</w>
  <w id="13" lemma="|be|" pos="VBP" wid="13">are</w>
  <w id="14" lemma="|dear|" pos="RB" wid="14">dear</w>
  <w id="15" lemma="|in|" pos="IN" wid="15">in</w>
  <w id="16" lemma="|the|" pos="DT" wid="16">the</w>
  <w id="17" lemma="|same|" pos="JJ" wid="17">same</w>
  <w id="18" lemma="|way|" pos="NN" wid="18">way</w>
  <w id="19" lemma="|to|" pos="TO" wid="19">to</w>
  <w id="20" lemma="|all|" pos="DT" wid="20">all</w>
  <w id="21" lemma="|of|" pos="IN" wid="21">of</w>
  <w id="22" lemma="|we|" pos="PRP" wid="22">us</w>
  <w id="23" lemma="|.|" pos="." wid="23">.</w>
</sentence>
<sentence id="6">
  <w id="0" lemma="|above|" pos="IN" wid="0">Above</w>
  <w id="1" lemma="|all|" pos="DT" wid="1">all</w>
  <w id="2" lemma="|they|" pos="PRP" wid="2">they</w>
  <w id="3" lemma="|be|" pos="VBP" wid="3">are</w>
  <w id="4" lemma="|dear|" pos="RB" wid="4">dear</w>
  <w id="5" lemma="|to|" pos="TO" wid="5">to</w>
  <w id="6" lemma="|the|" pos="DT" wid="6">the</w>
  <w id="7" lemma="|Lord|" pos="NNP" wid="7">Lord</w>
  <w id="8" lemma="|Jesus|" pos="NNP" wid="8">Jesus</w>
  <w id="9" lemma="|,|" pos="," wid="9">,</w>
  <w id="10" lemma="|who|" pos="WP" wid="10">who</w>
  <w id="11" lemma="|seem|" pos="VBZ" wid="11">seems</w>
  <w id="12" lemma="|to|" pos="TO" wid="12">to</w>
  <w id="13" lemma="|address|" pos="VB" wid="13">address</w>
  <w id="14" lemma="|to|" pos="TO" wid="14">to</w>
  <w id="15" lemma="|they|" pos="PRP" wid="15">them</w>
  <w id="16" lemma="|the|" pos="DT" wid="16">the</w>
  <w id="17" lemma="|word|" pos="NNS" wid="17">words</w>
  <w id="18" lemma="|that|" pos="IN" wid="18">that</w>
  <w id="19" lemma="|we|" pos="PRP" wid="19">we</w>
  <w id="20" lemma="|listen|" pos="VBP" wid="20">listen</w>
  <w id="21" lemma="|to|" pos="TO" wid="21">to</w>
  <w id="22" lemma="|in|" pos="IN" wid="22">in</w>
  <w id="23" lemma="|the|" pos="DT" wid="23">the</w>
  <w id="24" lemma="|Gospel|" pos="NNP" wid="24">Gospel</w>
  <w id="25" lemma="|today|" pos="NN" wid="25">today</w>
  <w id="26" lemma="|:|" pos=":" wid="26">:</w>
  <w id="27" lemma="|``|" pos="``" wid="27">``</w>
  <w id="28" lemma="|I|" pos="PRP" wid="28">I</w>
  <w id="29" lemma="|be|" pos="VBP" wid="29">am</w>
  <w id="30" lemma="|the|" pos="DT" wid="30">the</w>
  <w id="31" lemma="|vine|" pos="NN" wid="31">vine</w>
  <w id="32" lemma="|,|" pos="," wid="32">,</w>
  <w id="33" lemma="|you|" pos="PRP" wid="33">you</w>
  <w id="34" lemma="|be|" pos="VBP" wid="34">are</w>
  <w id="35" lemma="|the|" pos="DT" wid="35">the</w>
  <w id="36" lemma="|branch|" pos="NNS" wid="36">branches</w>
  <w id="37" lemma="|''|" pos="''" wid="37">''</w>
  <w id="38" lemma="|-lrb-|" pos="-LRB-" wid="38">-LRB-</w>
  <w id="39" lemma="|jn|" pos="NN" wid="39">Jn</w>
  <w id="40" lemma="|15:5|" pos="CD" wid="40">15:5</w>
  <w id="41" lemma="|-rrb-|" pos="-RRB-" wid="41">-RRB-</w>
  <w id="42" lemma="|.|" pos="." wid="42">.</w>
</sentence>
<sentence id="7">
  <w id="0" lemma="|``|" pos="``" wid="0">``</w>
  <w id="1" lemma="|abide|" pos="VB" wid="1">Abide</w>
  <w id="2" lemma="|in|" pos="IN" wid="2">in</w>
  <w id="3" lemma="|I|" pos="PRP" wid="3">me</w>
  <w id="4" lemma="|and|" pos="CC" wid="4">and</w>
  <w id="5" lemma="|I|" pos="PRP" wid="5">I</w>
  <w id="6" lemma="|in|" pos="IN" wid="6">in</w>
  <w id="7" lemma="|you|" pos="PRP" wid="7">you</w>
  <w id="8" lemma="|''|" pos="''" wid="8">''</w>
  <w id="9" lemma="|-lrb-|" pos="-LRB-" wid="9">-LRB-</w>
  <w id="10" lemma="|15:4|" pos="CD" wid="10">15:4</w>
  <w id="11" lemma="|-rrb-|" pos="-RRB-" wid="11">-RRB-</w>
  <w id="12" lemma="|.|" pos="." wid="12">.</w>
</sentence>
<sentence id="8">
  <w id="0" lemma="|how|" pos="WRB" wid="0">How</w>
  <w id="1" lemma="|important|" pos="JJ" wid="1">important</w>
  <w id="2" lemma="|in|" pos="IN" wid="2">in</w>
  <w id="3" lemma="|a|" pos="DT" wid="3">a</w>
  <w id="4" lemma="|young|" pos="JJ" wid="4">young</w>
  <w id="5" lemma="|Christian|" pos="NNP" wid="5">Christian</w>
  <w id="6" lemma="|'s|" pos="POS" wid="6">'s</w>
  <w id="7" lemma="|life|" pos="NN" wid="7">life</w>
  <w id="8" lemma="|be|" pos="VBZ" wid="8">is</w>
  <w id="9" lemma="|the|" pos="DT" wid="9">the</w>
  <w id="10" lemma="|moment|" pos="NN" wid="10">moment</w>
  <w id="11" lemma="|in|" pos="IN" wid="11">in</w>
  <w id="12" lemma="|which|" pos="WDT" wid="12">which</w>
  <w id="13" lemma="|he|" pos="PRP" wid="13">he</w>
  <w id="14" lemma="|be|" pos="VBZ" wid="14">is</w>
  <w id="15" lemma="|grant|" pos="VBN" wid="15">granted</w>
  <w id="16" lemma="|for|" pos="IN" wid="16">for</w>
  <w id="17" lemma="|the|" pos="DT" wid="17">the</w>
  <w id="18" lemma="|first|" pos="JJ" wid="18">first</w>
  <w id="19" lemma="|time|" pos="NN" wid="19">time</w>
  <w id="20" lemma="|the|" pos="DT" wid="20">the</w>
  <w id="21" lemma="|privilege|" pos="NN" wid="21">privilege</w>
  <w id="22" lemma="|of|" pos="IN" wid="22">of</w>
  <w id="23" lemma="|become|" pos="VBG" wid="23">becoming</w>
  <w id="24" lemma="|a|" pos="DT" wid="24">a</w>
  <w id="25" lemma="|participant|" pos="NN" wid="25">participant</w>
  <w id="26" lemma="|in|" pos="IN" wid="26">in</w>
  <w id="27" lemma="|this|" pos="DT" wid="27">this</w>
  <w id="28" lemma="|sacrament|" pos="NN" wid="28">sacrament</w>
  <w id="29" lemma="|in|" pos="IN" wid="29">in</w>
  <w id="30" lemma="|which|" pos="WDT" wid="30">which</w>
  <w id="31" lemma="|Jesus|" pos="NNP" wid="31">Jesus</w>
  <w id="32" lemma="|have|" pos="VBZ" wid="32">has</w>
  <w id="33" lemma="|leave|" pos="VBN" wid="33">left</w>
  <w id="34" lemma="|we|" pos="PRP" wid="34">us</w>
  <w id="35" lemma="|the|" pos="DT" wid="35">the</w>
  <w id="36" lemma="|visible|" pos="JJ" wid="36">visible</w>
  <w id="37" lemma="|sign|" pos="NN" wid="37">sign</w>
  <w id="38" lemma="|of|" pos="IN" wid="38">of</w>
  <w id="39" lemma="|he|" pos="PRP$" wid="39">his</w>
  <w id="40" lemma="|divine|" pos="JJ" wid="40">divine</w>
  <w id="41" lemma="|love|" pos="NN" wid="41">love</w>
  <w id="42" lemma="|;|" pos=":" wid="42">;</w>
  <w id="43" lemma="|that|" pos="WDT" wid="43">that</w>
  <w id="44" lemma="|love|" pos="VBP" wid="44">love</w>
  <w id="45" lemma="|with|" pos="IN" wid="45">with</w>
  <w id="46" lemma="|which|" pos="WDT" wid="46">which</w>
  <w id="47" lemma="|he|" pos="PRP" wid="47">he</w>
  <w id="48" lemma="|love|" pos="VBD" wid="48">loved</w>
  <w id="49" lemma="|we|" pos="PRP" wid="49">us</w>
  <w id="50" lemma="|up|" pos="IN" wid="50">up</w>
  <w id="51" lemma="|to|" pos="TO" wid="51">to</w>
  <w id="52" lemma="|death|" pos="NN" wid="52">death</w>
  <w id="53" lemma="|;|" pos=":" wid="53">;</w>
  <w id="54" lemma="|love|" pos="NN" wid="54">love</w>
  <w id="55" lemma="|which|" pos="WDT" wid="55">which</w>
  <w id="56" lemma="|be|" pos="VBZ" wid="56">is</w>
  <w id="57" lemma="|the|" pos="DT" wid="57">the</w>
  <w id="58" lemma="|greatest|" pos="JJS" wid="58">greatest</w>
  <w id="59" lemma="|expectation|" pos="NN" wid="59">expectation</w>
  <w id="60" lemma="|of|" pos="IN" wid="60">of</w>
  <w id="61" lemma="|the|" pos="DT" wid="61">the</w>
  <w id="62" lemma="|human|" pos="JJ" wid="62">human</w>
  <w id="63" lemma="|heart|" pos="NN" wid="63">heart</w>
  <w id="64" lemma="|.|" pos="." wid="64">.</w>
</sentence>
<sentence id="9">
  <w id="0" lemma="|when|" pos="WRB" wid="0">When</w>
  <w id="1" lemma="|true|" pos="JJ" wid="1">true</w>
  <w id="2" lemma="|love|" pos="NN" wid="2">love</w>
  <w id="3" lemma="|take|" pos="VBZ" wid="3">takes</w>
  <w id="4" lemma="|root|" pos="NN" wid="4">root</w>
  <w id="5" lemma="|in|" pos="IN" wid="5">in</w>
  <w id="6" lemma="|man|" pos="NN" wid="6">man</w>
  <w id="7" lemma="|'s|" pos="POS" wid="7">'s</w>
  <w id="8" lemma="|heart|" pos="NN" wid="8">heart</w>
  <w id="9" lemma="|it|" pos="PRP" wid="9">it</w>
  <w id="10" lemma="|become|" pos="VBZ" wid="10">becomes</w>
  <w id="11" lemma="|he|" pos="PRP$" wid="11">his</w>
  <w id="12" lemma="|greatest|" pos="JJS" wid="12">greatest</w>
  <w id="13" lemma="|strength|" pos="NN" wid="13">strength</w>
  <w id="14" lemma="|and|" pos="CC" wid="14">and</w>
  <w id="15" lemma="|power|" pos="NN" wid="15">power</w>
  <w id="16" lemma="|.|" pos="." wid="16">.</w>
</sentence>
<sentence id="10">
  <w id="0" lemma="|it|" pos="PRP" wid="0">It</w>
  <w id="1" lemma="|be|" pos="VBZ" wid="1">is</w>
  <w id="2" lemma="|this|" pos="DT" wid="2">this</w>
  <w id="3" lemma="|love|" pos="NN" wid="3">love</w>
  <w id="4" lemma="|that|" pos="IN" wid="4">that</w>
  <w id="5" lemma="|Christ|" pos="NNP" wid="5">Christ</w>
  <w id="6" lemma="|graft|" pos="VBZ" wid="6">grafts</w>
  <w id="7" lemma="|on|" pos="RP" wid="7">on</w>
  <w id="8" lemma="|to|" pos="TO" wid="8">to</w>
  <w id="9" lemma="|the|" pos="DT" wid="9">the</w>
  <w id="10" lemma="|heart|" pos="NNS" wid="10">hearts</w>
  <w id="11" lemma="|of|" pos="IN" wid="11">of</w>
  <w id="12" lemma="|child|" pos="NNS" wid="12">children</w>
  <w id="13" lemma="|by|" pos="IN" wid="13">by</w>
  <w id="14" lemma="|means|" pos="NNS" wid="14">means</w>
  <w id="15" lemma="|of|" pos="IN" wid="15">of</w>
  <w id="16" lemma="|the|" pos="DT" wid="16">the</w>
  <w id="17" lemma="|sacrament|" pos="NN" wid="17">Sacrament</w>
  <w id="18" lemma="|of|" pos="IN" wid="18">of</w>
  <w id="19" lemma="|he|" pos="PRP$" wid="19">his</w>
  <w id="20" lemma="|body|" pos="NN" wid="20">Body</w>
  <w id="21" lemma="|and|" pos="CC" wid="21">and</w>
  <w id="22" lemma="|of|" pos="IN" wid="22">of</w>
  <w id="23" lemma="|he|" pos="PRP$" wid="23">his</w>
  <w id="24" lemma="|Blood|" pos="NNP" wid="24">Blood</w>
  <w id="25" lemma="|.|" pos="." wid="25">.</w>
</sentence>
<sentence id="11">
  <w id="0" lemma="|2|" pos="CD" wid="0">2</w>
  <w id="1" lemma="|.|" pos="." wid="1">.</w>
</sentence>
<sentence id="12">
  <w id="0" lemma="|how|" pos="WRB" wid="0">How</w>
  <w id="1" lemma="|important|" pos="JJ" wid="1">important</w>
  <w id="2" lemma="|it|" pos="PRP" wid="2">it</w>
  <w id="3" lemma="|be|" pos="VBZ" wid="3">is</w>
  <w id="4" lemma="|for|" pos="IN" wid="4">for</w>
  <w id="5" lemma="|all|" pos="DT" wid="5">all</w>
  <w id="6" lemma="|of|" pos="IN" wid="6">of</w>
  <w id="7" lemma="|we|" pos="PRP" wid="7">us</w>
  <w id="8" lemma="|that|" pos="IN" wid="8">that</w>
  <w id="9" lemma="|the|" pos="DT" wid="9">the</w>
  <w id="10" lemma="|expectation|" pos="NN" wid="10">expectation</w>
  <w id="11" lemma="|of|" pos="IN" wid="11">of</w>
  <w id="12" lemma="|so|" pos="RB" wid="12">so</w>
  <w id="13" lemma="|many|" pos="JJ" wid="13">many</w>
  <w id="14" lemma="|child|" pos="NNS" wid="14">children</w>
  <w id="15" lemma="|'s|" pos="POS" wid="15">'s</w>
  <w id="16" lemma="|heart|" pos="NNS" wid="16">hearts</w>
  <w id="17" lemma="|should|" pos="MD" wid="17">should</w>
  <w id="18" lemma="|be|" pos="VB" wid="18">be</w>
  <w id="19" lemma="|fulfil|" pos="VBN" wid="19">fulfilled</w>
  <w id="20" lemma="|in|" pos="IN" wid="20">in</w>
  <w id="21" lemma="|this|" pos="DT" wid="21">this</w>
  <w id="22" lemma="|year|" pos="NN" wid="22">year</w>
  <w id="23" lemma="|and|" pos="CC" wid="23">and</w>
  <w id="24" lemma="|that|" pos="IN" wid="24">that</w>
  <w id="25" lemma="|First|" pos="NNP" wid="25">First</w>
  <w id="26" lemma="|Communion|" pos="NNP" wid="26">Communion</w>
  <w id="27" lemma="|should|" pos="MD" wid="27">should</w>
  <w id="28" lemma="|constitute|" pos="VB" wid="28">constitute</w>
  <w id="29" lemma="|for|" pos="IN" wid="29">for</w>
  <w id="30" lemma="|they|" pos="PRP" wid="30">them</w>
  <w id="31" lemma="|the|" pos="DT" wid="31">the</w>
  <w id="32" lemma="|beginning|" pos="NN" wid="32">beginning</w>
  <w id="33" lemma="|of|" pos="IN" wid="33">of</w>
  <w id="34" lemma="|that|" pos="DT" wid="34">that</w>
  <w id="35" lemma="|strength|" pos="NN" wid="35">strength</w>
  <w id="36" lemma="|of|" pos="IN" wid="36">of</w>
  <w id="37" lemma="|spirit|" pos="NN" wid="37">spirit</w>
  <w id="38" lemma="|to|" pos="TO" wid="38">to</w>
  <w id="39" lemma="|which|" pos="WDT" wid="39">which</w>
  <w id="40" lemma="|they|" pos="PRP" wid="40">they</w>
  <w id="41" lemma="|will|" pos="MD" wid="41">will</w>
  <w id="42" lemma="|be|" pos="VB" wid="42">be</w>
  <w id="43" lemma="|able|" pos="JJ" wid="43">able</w>
  <w id="44" lemma="|to|" pos="TO" wid="44">to</w>
  <w id="45" lemma="|refer|" pos="VB" wid="45">refer</w>
  <w id="46" lemma="|during|" pos="IN" wid="46">during</w>
  <w id="47" lemma="|the|" pos="DT" wid="47">the</w>
  <w id="48" lemma="|whole|" pos="NN" wid="48">whole</w>
  <w id="49" lemma="|of|" pos="IN" wid="49">of</w>
  <w id="50" lemma="|they|" pos="PRP$" wid="50">their</w>
  <w id="51" lemma="|life|" pos="NNS" wid="51">lives</w>
  <w id="52" lemma="|.|" pos="." wid="52">.</w>
</sentence>
<sentence id="13">
  <w id="0" lemma="|precisely|" pos="RB" wid="0">Precisely</w>
  <w id="1" lemma="|for|" pos="IN" wid="1">for</w>
  <w id="2" lemma="|this|" pos="DT" wid="2">this</w>
  <w id="3" lemma="|reason|" pos="NN" wid="3">reason</w>
  <w id="4" lemma="|,|" pos="," wid="4">,</w>
  <w id="5" lemma="|preparation|" pos="NN" wid="5">preparation</w>
  <w id="6" lemma="|for|" pos="IN" wid="6">for</w>
  <w id="7" lemma="|First|" pos="NNP" wid="7">First</w>
  <w id="8" lemma="|Communion|" pos="NNP" wid="8">Communion</w>
  <w id="9" lemma="|,|" pos="," wid="9">,</w>
  <w id="10" lemma="|which|" pos="WDT" wid="10">which</w>
  <w id="11" lemma="|in|" pos="IN" wid="11">in</w>
  <w id="12" lemma="|the|" pos="DT" wid="12">the</w>
  <w id="13" lemma="|first|" pos="JJ" wid="13">first</w>
  <w id="14" lemma="|place|" pos="NN" wid="14">place</w>
  <w id="15" lemma="|consist|" pos="VBZ" wid="15">consists</w>
  <w id="16" lemma="|in|" pos="IN" wid="16">in</w>
  <w id="17" lemma="|a|" pos="DT" wid="17">a</w>
  <w id="18" lemma="|sound|" pos="JJ" wid="18">sound</w>
  <w id="19" lemma="|catechesis|" pos="NN" wid="19">catechesis</w>
  <w id="20" lemma="|,|" pos="," wid="20">,</w>
  <w id="21" lemma="|be|" pos="VBZ" wid="21">is</w>
  <w id="22" lemma="|so|" pos="RB" wid="22">so</w>
  <w id="23" lemma="|opportune|" pos="JJ" wid="23">opportune</w>
  <w id="24" lemma="|and|" pos="CC" wid="24">and</w>
  <w id="25" lemma="|necessary|" pos="JJ" wid="25">necessary</w>
  <w id="26" lemma="|.|" pos="." wid="26">.</w>
</sentence>
<sentence id="14">
  <w id="0" lemma="|go|" pos="VBG" wid="0">Going</w>
  <w id="1" lemma="|back|" pos="RB" wid="1">back</w>
  <w id="2" lemma="|to|" pos="TO" wid="2">to</w>
  <w id="3" lemma="|my|" pos="PRP$" wid="3">my</w>
  <w id="4" lemma="|personal|" pos="JJ" wid="4">personal</w>
  <w id="5" lemma="|pastoral|" pos="JJ" wid="5">pastoral</w>
  <w id="6" lemma="|experience|" pos="NNS" wid="6">experiences</w>
  <w id="7" lemma="|as|" pos="IN" wid="7">as</w>
  <w id="8" lemma="|a|" pos="DT" wid="8">a</w>
  <w id="9" lemma="|young|" pos="JJ" wid="9">young</w>
  <w id="10" lemma="|priest|" pos="NN" wid="10">priest</w>
  <w id="11" lemma="|,|" pos="," wid="11">,</w>
  <w id="12" lemma="|I|" pos="PRP" wid="12">I</w>
  <w id="13" lemma="|remember|" pos="VBP" wid="13">remember</w>
  <w id="14" lemma="|how|" pos="WRB" wid="14">how</w>
  <w id="15" lemma="|much|" pos="JJ" wid="15">much</w>
  <w id="16" lemma="|joy|" pos="NN" wid="16">joy</w>
  <w id="17" lemma="|we|" pos="PRP" wid="17">we</w>
  <w id="18" lemma="|find|" pos="VBD" wid="18">found</w>
  <w id="19" lemma="|in|" pos="IN" wid="19">in</w>
  <w id="20" lemma="|this|" pos="DT" wid="20">this</w>
  <w id="21" lemma="|preparation|" pos="NN" wid="21">preparation</w>
  <w id="22" lemma="|,|" pos="," wid="22">,</w>
  <w id="23" lemma="|carry|" pos="VBD" wid="23">carried</w>
  <w id="24" lemma="|out|" pos="RP" wid="24">out</w>
  <w id="25" lemma="|together|" pos="RB" wid="25">together</w>
  <w id="26" lemma="|with|" pos="IN" wid="26">with</w>
  <w id="27" lemma="|the|" pos="DT" wid="27">the</w>
  <w id="28" lemma="|child|" pos="NNS" wid="28">children</w>
  <w id="29" lemma="|and|" pos="CC" wid="29">and</w>
  <w id="30" lemma="|they|" pos="PRP$" wid="30">their</w>
  <w id="31" lemma="|parent|" pos="NNS" wid="31">parents</w>
  <w id="32" lemma="|.|" pos="." wid="32">.</w>
</sentence>
<sentence id="15">
  <w id="0" lemma="|I|" pos="PRP" wid="0">I</w>
  <w id="1" lemma="|remember|" pos="VBP" wid="1">remember</w>
  <w id="2" lemma="|my|" pos="PRP$" wid="2">my</w>
  <w id="3" lemma="|first|" pos="JJ" wid="3">first</w>
  <w id="4" lemma="|parish|" pos="NN" wid="4">parish</w>
  <w id="5" lemma="|priest|" pos="NN" wid="5">priest</w>
  <w id="6" lemma="|,|" pos="," wid="6">,</w>
  <w id="7" lemma="|a|" pos="DT" wid="7">an</w>
  <w id="8" lemma="|elderly|" pos="JJ" wid="8">elderly</w>
  <w id="9" lemma="|man|" pos="NN" wid="9">man</w>
  <w id="10" lemma="|,|" pos="," wid="10">,</w>
  <w id="11" lemma="|who|" pos="WP" wid="11">who</w>
  <w id="12" lemma="|always|" pos="RB" wid="12">always</w>
  <w id="13" lemma="|speak|" pos="VBD" wid="13">spoke</w>
  <w id="14" lemma="|of|" pos="IN" wid="14">of</w>
  <w id="15" lemma="|it|" pos="PRP" wid="15">it</w>
  <w id="16" lemma="|as|" pos="IN" wid="16">as</w>
  <w id="17" lemma="|a|" pos="DT" wid="17">a</w>
  <w id="18" lemma="|pastoral|" pos="JJ" wid="18">pastoral</w>
  <w id="19" lemma="|task|" pos="NN" wid="19">task</w>
  <w id="20" lemma="|of|" pos="IN" wid="20">of</w>
  <w id="21" lemma="|particular|" pos="JJ" wid="21">particular</w>
  <w id="22" lemma="|importance|" pos="NN" wid="22">importance</w>
  <w id="23" lemma="|.|" pos="." wid="23">.</w>
</sentence>
<sentence id="16">
  <w id="0" lemma="|nor|" pos="CC" wid="0">Nor</w>
  <w id="1" lemma="|can|" pos="MD" wid="1">can</w>
  <w id="2" lemma="|it|" pos="PRP" wid="2">it</w>
  <w id="3" lemma="|be|" pos="VB" wid="3">be</w>
  <w id="4" lemma="|otherwise|" pos="RB" wid="4">otherwise</w>
  <w id="5" lemma="|:|" pos=":" wid="5">:</w>
  <w id="6" lemma="|by|" pos="IN" wid="6">by</w>
  <w id="7" lemma="|prepare|" pos="VBG" wid="7">preparing</w>
  <w id="8" lemma="|child|" pos="NNS" wid="8">children</w>
  <w id="9" lemma="|for|" pos="IN" wid="9">for</w>
  <w id="10" lemma="|First|" pos="NNP" wid="10">First</w>
  <w id="11" lemma="|Communion|" pos="NNP" wid="11">Communion</w>
  <w id="12" lemma="|we|" pos="PRP" wid="12">we</w>
  <w id="13" lemma="|introduce|" pos="VBP" wid="13">introduce</w>
  <w id="14" lemma="|they|" pos="PRP" wid="14">them</w>
  <w id="15" lemma="|into|" pos="IN" wid="15">into</w>
  <w id="16" lemma="|the|" pos="DT" wid="16">the</w>
  <w id="17" lemma="|principal|" pos="JJ" wid="17">principal</w>
  <w id="18" lemma="|mystery|" pos="NN" wid="18">mystery</w>
  <w id="19" lemma="|of|" pos="IN" wid="19">of</w>
  <w id="20" lemma="|christian|" pos="JJ" wid="20">Christian</w>
  <w id="21" lemma="|life|" pos="NN" wid="21">life</w>
  <w id="22" lemma="|.|" pos="." wid="22">.</w>
</sentence>
<sentence id="17">
  <w id="0" lemma="|we|" pos="PRP" wid="0">We</w>
  <w id="1" lemma="|show|" pos="VBP" wid="1">show</w>
  <w id="2" lemma="|how|" pos="WRB" wid="2">how</w>
  <w id="3" lemma="|great|" pos="JJ" wid="3">great</w>
  <w id="4" lemma="|be|" pos="VBZ" wid="4">is</w>
  <w id="5" lemma="|man|" pos="NN" wid="5">man</w>
  <w id="6" lemma="|'s|" pos="POS" wid="6">'s</w>
  <w id="7" lemma="|dignity|" pos="NN" wid="7">dignity</w>
  <w id="8" lemma="|,|" pos="," wid="8">,</w>
  <w id="9" lemma="|he|" pos="PRP$" wid="9">his</w>
  <w id="10" lemma="|immortal|" pos="JJ" wid="10">immortal</w>
  <w id="11" lemma="|soul|" pos="NN" wid="11">soul</w>
  <w id="12" lemma="|,|" pos="," wid="12">,</w>
  <w id="13" lemma="|if|" pos="IN" wid="13">if</w>
  <w id="14" lemma="|it|" pos="PRP" wid="14">it</w>
  <w id="15" lemma="|can|" pos="MD" wid="15">can</w>
  <w id="16" lemma="|become|" pos="VB" wid="16">become</w>
  <w id="17" lemma="|God|" pos="NNP" wid="17">God</w>
  <w id="18" lemma="|'s|" pos="POS" wid="18">'s</w>
  <w id="19" lemma="|house|" pos="NN" wid="19">house</w>
  <w id="20" lemma="|.|" pos="." wid="20">.</w>
</sentence>
<sentence id="18">
  <w id="0" lemma="|finally|" pos="RB" wid="0">Finally</w>
  <w id="1" lemma="|,|" pos="," wid="1">,</w>
  <w id="2" lemma="|we|" pos="PRP" wid="2">we</w>
  <w id="3" lemma="|form|" pos="VBP" wid="3">form</w>
  <w id="4" lemma="|in|" pos="IN" wid="4">in</w>
  <w id="5" lemma="|they|" pos="PRP" wid="5">them</w>
  <w id="6" lemma="|delicacy|" pos="NN" wid="6">delicacy</w>
  <w id="7" lemma="|of|" pos="IN" wid="7">of</w>
  <w id="8" lemma="|conscience|" pos="NN" wid="8">conscience</w>
  <w id="9" lemma="|when|" pos="WRB" wid="9">when</w>
  <w id="10" lemma="|preparation|" pos="NN" wid="10">preparation</w>
  <w id="11" lemma="|for|" pos="IN" wid="11">for</w>
  <w id="12" lemma="|First|" pos="NNP" wid="12">First</w>
  <w id="13" lemma="|Communion|" pos="NNP" wid="13">Communion</w>
  <w id="14" lemma="|be|" pos="VBZ" wid="14">is</w>
  <w id="15" lemma="|accompany|" pos="VBN" wid="15">accompanied</w>
  <w id="16" lemma="|by|" pos="IN" wid="16">by</w>
  <w id="17" lemma="|a|" pos="DT" wid="17">an</w>
  <w id="18" lemma="|examination|" pos="NN" wid="18">examination</w>
  <w id="19" lemma="|of|" pos="IN" wid="19">of</w>
  <w id="20" lemma="|conscience|" pos="NN" wid="20">conscience</w>
  <w id="21" lemma="|,|" pos="," wid="21">,</w>
  <w id="22" lemma="|repentance|" pos="NN" wid="22">repentance</w>
  <w id="23" lemma="|of|" pos="IN" wid="23">of</w>
  <w id="24" lemma="|sin|" pos="NNS" wid="24">sins</w>
  <w id="25" lemma="|,|" pos="," wid="25">,</w>
  <w id="26" lemma="|and|" pos="CC" wid="26">and</w>
  <w id="27" lemma="|the|" pos="DT" wid="27">the</w>
  <w id="28" lemma="|sacrament|" pos="NN" wid="28">sacrament</w>
  <w id="29" lemma="|of|" pos="IN" wid="29">of</w>
  <w id="30" lemma="|Penance|" pos="NNP" wid="30">Penance</w>
  <w id="31" lemma="|.|" pos="." wid="31">.</w>
</sentence>
<sentence id="19">
  <w id="0" lemma="|3|" pos="LS" wid="0">3</w>
  <w id="1" lemma="|.|" pos="." wid="1">.</w>
</sentence>
<sentence id="20">
  <w id="0" lemma="|he|" pos="PRP$" wid="0">His</w>
  <w id="1" lemma="|family|" pos="NN" wid="1">family</w>
  <w id="2" lemma="|must|" pos="MD" wid="2">must</w>
  <w id="3" lemma="|take|" pos="VB" wid="3">take</w>
  <w id="4" lemma="|part|" pos="NN" wid="4">part</w>
  <w id="5" lemma="|responsibly|" pos="RB" wid="5">responsibly</w>
  <w id="6" lemma="|in|" pos="IN" wid="6">in</w>
  <w id="7" lemma="|this|" pos="DT" wid="7">this</w>
  <w id="8" lemma="|important|" pos="JJ" wid="8">important</w>
  <w id="9" lemma="|event|" pos="NN" wid="9">event</w>
  <w id="10" lemma="|in|" pos="IN" wid="10">in</w>
  <w id="11" lemma="|the|" pos="DT" wid="11">the</w>
  <w id="12" lemma="|young|" pos="JJ" wid="12">young</w>
  <w id="13" lemma="|Christian|" pos="NNP" wid="13">Christian</w>
  <w id="14" lemma="|'s|" pos="POS" wid="14">'s</w>
  <w id="15" lemma="|life|" pos="NN" wid="15">life</w>
  <w id="16" lemma="|.|" pos="." wid="16">.</w>
</sentence>
<sentence id="21">
  <w id="0" lemma="|let|" pos="VB" wid="0">Let</w>
  <w id="1" lemma="|they|" pos="PRP" wid="1">them</w>
  <w id="2" lemma="|all|" pos="DT" wid="2">all</w>
  <w id="3" lemma="|,|" pos="," wid="3">,</w>
  <w id="4" lemma="|but|" pos="CC" wid="4">but</w>
  <w id="5" lemma="|particularly|" pos="RB" wid="5">particularly</w>
  <w id="6" lemma="|the|" pos="DT" wid="6">the</w>
  <w id="7" lemma="|parent|" pos="NNS" wid="7">parents</w>
  <w id="8" lemma="|,|" pos="," wid="8">,</w>
  <w id="9" lemma="|give|" pos="VBP" wid="9">give</w>
  <w id="10" lemma="|the|" pos="DT" wid="10">the</w>
  <w id="11" lemma="|utmost|" pos="JJ" wid="11">utmost</w>
  <w id="12" lemma="|importance|" pos="NN" wid="12">importance</w>
  <w id="13" lemma="|to|" pos="TO" wid="13">to</w>
  <w id="14" lemma="|what|" pos="WP" wid="14">what</w>
  <w id="15" lemma="|be|" pos="VBZ" wid="15">is</w>
  <w id="16" lemma="|essential|" pos="JJ" wid="16">essential</w>
  <w id="17" lemma="|,|" pos="," wid="17">,</w>
  <w id="18" lemma="|that|" pos="DT" wid="18">that</w>
  <w id="19" lemma="|be|" pos="VBZ" wid="19">is</w>
  <w id="20" lemma="|,|" pos="," wid="20">,</w>
  <w id="21" lemma="|to|" pos="TO" wid="21">to</w>
  <w id="22" lemma="|the|" pos="DT" wid="22">the</w>
  <w id="23" lemma="|strictly|" pos="RB" wid="23">strictly</w>
  <w id="24" lemma="|religious|" pos="JJ" wid="24">religious</w>
  <w id="25" lemma="|and|" pos="CC" wid="25">and</w>
  <w id="26" lemma="|sacramental|" pos="JJ" wid="26">sacramental</w>
  <w id="27" lemma="|content|" pos="NN" wid="27">content</w>
  <w id="28" lemma="|,|" pos="," wid="28">,</w>
  <w id="29" lemma="|so|" pos="IN" wid="29">so</w>
  <w id="30" lemma="|that|" pos="IN" wid="30">that</w>
  <w id="31" lemma="|the|" pos="DT" wid="31">the</w>
  <w id="32" lemma="|exterior|" pos="NN" wid="32">exterior</w>
  <w id="33" lemma="|aspect|" pos="NN" wid="33">aspect</w>
  <w id="34" lemma="|of|" pos="IN" wid="34">of</w>
  <w id="35" lemma="|First|" pos="NNP" wid="35">First</w>
  <w id="36" lemma="|Communion|" pos="NNP" wid="36">Communion</w>
  <w id="37" lemma="|may|" pos="MD" wid="37">may</w>
  <w id="38" lemma="|not|" pos="RB" wid="38">not</w>
  <w id="39" lemma="|overshadow|" pos="VB" wid="39">overshadow</w>
  <w id="40" lemma="|this|" pos="DT" wid="40">this</w>
  <w id="41" lemma="|content|" pos="NN" wid="41">content</w>
  <w id="42" lemma="|.|" pos="." wid="42">.</w>
</sentence>
<sentence id="22">
  <w id="0" lemma="|let|" pos="VB" wid="0">Let</w>
  <w id="1" lemma="|the|" pos="DT" wid="1">the</w>
  <w id="2" lemma="|exterior|" pos="NN" wid="2">exterior</w>
  <w id="3" lemma="|aspect|" pos="NN" wid="3">aspect</w>
  <w id="4" lemma="|,|" pos="," wid="4">,</w>
  <w id="5" lemma="|necessary|" pos="JJ" wid="5">necessary</w>
  <w id="6" lemma="|though|" pos="IN" wid="6">though</w>
  <w id="7" lemma="|it|" pos="PRP" wid="7">it</w>
  <w id="8" lemma="|be|" pos="VBZ" wid="8">is</w>
  <w id="9" lemma="|,|" pos="," wid="9">,</w>
  <w id="10" lemma="|be|" pos="VB" wid="10">be</w>
  <w id="11" lemma="|keep|" pos="VBN" wid="11">kept</w>
  <w id="12" lemma="|within|" pos="IN" wid="12">within</w>
  <w id="13" lemma="|fitting|" pos="JJ" wid="13">fitting</w>
  <w id="14" lemma="|limit|" pos="NNS" wid="14">limits</w>
  <w id="15" lemma="|.|" pos="." wid="15">.</w>
</sentence>
<sentence id="23">
  <w id="0" lemma="|First|" pos="NNP" wid="0">First</w>
  <w id="1" lemma="|Communion|" pos="NNP" wid="1">Communion</w>
  <w id="2" lemma="|must|" pos="MD" wid="2">must</w>
  <w id="3" lemma="|take|" pos="VB" wid="3">take</w>
  <w id="4" lemma="|place|" pos="NN" wid="4">place</w>
  <w id="5" lemma="|in|" pos="IN" wid="5">in</w>
  <w id="6" lemma="|the|" pos="DT" wid="6">the</w>
  <w id="7" lemma="|parish|" pos="NNS" wid="7">parishes</w>
  <w id="8" lemma="|of|" pos="IN" wid="8">of</w>
  <w id="9" lemma="|the|" pos="DT" wid="9">the</w>
  <w id="10" lemma="|child|" pos="NNS" wid="10">children</w>
  <w id="11" lemma="|who|" pos="WP" wid="11">who</w>
  <w id="12" lemma="|receive|" pos="VBP" wid="12">receive</w>
  <w id="13" lemma="|it|" pos="PRP" wid="13">it</w>
  <w id="14" lemma="|.|" pos="." wid="14">.</w>
</sentence>
<sentence id="24">
  <w id="0" lemma="|for|" pos="IN" wid="0">For</w>
  <w id="1" lemma="|,|" pos="," wid="1">,</w>
  <w id="2" lemma="|if|" pos="IN" wid="2">if</w>
  <w id="3" lemma="|it|" pos="PRP" wid="3">it</w>
  <w id="4" lemma="|be|" pos="VBZ" wid="4">is</w>
  <w id="5" lemma="|a|" pos="DT" wid="5">a</w>
  <w id="6" lemma="|very|" pos="RB" wid="6">very</w>
  <w id="7" lemma="|important|" pos="JJ" wid="7">important</w>
  <w id="8" lemma="|event|" pos="NN" wid="8">event</w>
  <w id="9" lemma="|for|" pos="IN" wid="9">for</w>
  <w id="10" lemma="|the|" pos="DT" wid="10">the</w>
  <w id="11" lemma="|life|" pos="NN" wid="11">life</w>
  <w id="12" lemma="|of|" pos="IN" wid="12">of</w>
  <w id="13" lemma="|a|" pos="DT" wid="13">a</w>
  <w id="14" lemma="|Christian|" pos="NNP" wid="14">Christian</w>
  <w id="15" lemma="|family|" pos="NN" wid="15">family</w>
  <w id="16" lemma="|,|" pos="," wid="16">,</w>
  <w id="17" lemma="|it|" pos="PRP" wid="17">it</w>
  <w id="18" lemma="|be|" pos="VBZ" wid="18">is</w>
  <w id="19" lemma="|so|" pos="RB" wid="19">so</w>
  <w id="20" lemma="|also|" pos="RB" wid="20">also</w>
  <w id="21" lemma="|for|" pos="IN" wid="21">for</w>
  <w id="22" lemma="|the|" pos="DT" wid="22">the</w>
  <w id="23" lemma="|life|" pos="NN" wid="23">life</w>
  <w id="24" lemma="|of|" pos="IN" wid="24">of</w>
  <w id="25" lemma="|the|" pos="DT" wid="25">the</w>
  <w id="26" lemma="|parish|" pos="NN" wid="26">parish</w>
  <w id="27" lemma="|.|" pos="." wid="27">.</w>
</sentence>
<sentence id="25">
  <w id="0" lemma="|since|" pos="IN" wid="0">Since</w>
  <w id="1" lemma="|these|" pos="DT" wid="1">these</w>
  <w id="2" lemma="|parish|" pos="NNS" wid="2">parishes</w>
  <w id="3" lemma="|be|" pos="VBP" wid="3">are</w>
  <w id="4" lemma="|part|" pos="NN" wid="4">part</w>
  <w id="5" lemma="|of|" pos="IN" wid="5">of</w>
  <w id="6" lemma="|the|" pos="DT" wid="6">the</w>
  <w id="7" lemma="|Diocese|" pos="NNP" wid="7">Diocese</w>
  <w id="8" lemma="|of|" pos="IN" wid="8">of</w>
  <w id="9" lemma="|Rome|" pos="NNP" wid="9">Rome</w>
  <w id="10" lemma="|,|" pos="," wid="10">,</w>
  <w id="11" lemma="|it|" pos="PRP" wid="11">it</w>
  <w id="12" lemma="|have|" pos="VBZ" wid="12">has</w>
  <w id="13" lemma="|be|" pos="VBN" wid="13">been</w>
  <w id="14" lemma="|arrange|" pos="VBN" wid="14">arranged</w>
  <w id="15" lemma="|,|" pos="," wid="15">,</w>
  <w id="16" lemma="|in|" pos="IN" wid="16">in</w>
  <w id="17" lemma="|agreement|" pos="NN" wid="17">agreement</w>
  <w id="18" lemma="|with|" pos="IN" wid="18">with</w>
  <w id="19" lemma="|the|" pos="DT" wid="19">the</w>
  <w id="20" lemma="|Cardinal|" pos="NNP" wid="20">Cardinal</w>
  <w id="21" lemma="|Vicar|" pos="NNP" wid="21">Vicar</w>
  <w id="22" lemma="|,|" pos="," wid="22">,</w>
  <w id="23" lemma="|that|" pos="IN" wid="23">that</w>
  <w id="24" lemma="|all|" pos="DT" wid="24">all</w>
  <w id="25" lemma="|child|" pos="NNS" wid="25">children</w>
  <w id="26" lemma="|who|" pos="WP" wid="26">who</w>
  <w id="27" lemma="|have|" pos="VBP" wid="27">have</w>
  <w id="28" lemma="|make|" pos="VBN" wid="28">made</w>
  <w id="29" lemma="|First|" pos="NNP" wid="29">First</w>
  <w id="30" lemma="|Communion|" pos="NNP" wid="30">Communion</w>
  <w id="31" lemma="|in|" pos="IN" wid="31">in</w>
  <w id="32" lemma="|they|" pos="PRP$" wid="32">their</w>
  <w id="33" lemma="|respective|" pos="JJ" wid="33">respective</w>
  <w id="34" lemma="|parish|" pos="NNS" wid="34">parishes</w>
  <w id="35" lemma="|will|" pos="MD" wid="35">will</w>
  <w id="36" lemma="|meet|" pos="VB" wid="36">meet</w>
  <w id="37" lemma="|in|" pos="IN" wid="37">in</w>
  <w id="38" lemma="|St|" pos="NNP" wid="38">St</w>
  <w id="39" lemma="|Peter|" pos="NNP" wid="39">Peter</w>
  <w id="40" lemma="|'s|" pos="POS" wid="40">'s</w>
  <w id="41" lemma="|Square|" pos="NNP" wid="41">Square</w>
  <w id="42" lemma="|,|" pos="," wid="42">,</w>
  <w id="43" lemma="|on|" pos="IN" wid="43">on</w>
  <w id="44" lemma="|14|" pos="CD" wid="44">14</w>
  <w id="45" lemma="|June|" pos="NNP" wid="45">June</w>
  <w id="46" lemma="|next|" pos="JJ" wid="46">next</w>
  <w id="47" lemma="|,|" pos="," wid="47">,</w>
  <w id="48" lemma="|the|" pos="DT" wid="48">the</w>
  <w id="49" lemma="|feast|" pos="NN" wid="49">feast</w>
  <w id="50" lemma="|of|" pos="IN" wid="50">of</w>
  <w id="51" lemma="|the|" pos="DT" wid="51">the</w>
  <w id="52" lemma="|Body|" pos="NNP" wid="52">Body</w>
  <w id="53" lemma="|and|" pos="CC" wid="53">and</w>
  <w id="54" lemma="|Blood|" pos="NNP" wid="54">Blood</w>
  <w id="55" lemma="|of|" pos="IN" wid="55">of</w>
  <w id="56" lemma="|the|" pos="DT" wid="56">the</w>
  <w id="57" lemma="|Lord|" pos="NNP" wid="57">Lord</w>
  <w id="58" lemma="|.|" pos="." wid="58">.</w>
</sentence>
<sentence id="26">
  <w id="0" lemma="|I|" pos="PRP" wid="0">I</w>
  <w id="1" lemma="|wish|" pos="VBP" wid="1">wish</w>
  <w id="2" lemma="|to|" pos="TO" wid="2">to</w>
  <w id="3" lemma="|celebrate|" pos="VB" wid="3">celebrate</w>
  <w id="4" lemma="|Holy|" pos="NNP" wid="4">Holy</w>
  <w id="5" lemma="|Mass|" pos="NNP" wid="5">Mass</w>
  <w id="6" lemma="|and|" pos="CC" wid="6">and</w>
  <w id="7" lemma="|distribute|" pos="VB" wid="7">distribute</w>
  <w id="8" lemma="|Communion|" pos="NNP" wid="8">Communion</w>
  <w id="9" lemma="|to|" pos="TO" wid="9">to</w>
  <w id="10" lemma="|a|" pos="DT" wid="10">a</w>
  <w id="11" lemma="|group|" pos="NN" wid="11">group</w>
  <w id="12" lemma="|of|" pos="IN" wid="12">of</w>
  <w id="13" lemma="|they|" pos="PRP$" wid="13">their</w>
  <w id="14" lemma="|representative|" pos="NNS" wid="14">representatives</w>
  <w id="15" lemma="|on|" pos="IN" wid="15">on</w>
  <w id="16" lemma="|the|" pos="DT" wid="16">the</w>
  <w id="17" lemma="|day|" pos="NN" wid="17">day</w>
  <w id="18" lemma="|which|" pos="WDT" wid="18">which</w>
  <w id="19" lemma="|be|" pos="VBZ" wid="19">is</w>
  <w id="20" lemma="|dedicate|" pos="VBN" wid="20">dedicated</w>
  <w id="21" lemma="|particularly|" pos="RB" wid="21">particularly</w>
  <w id="22" lemma="|to|" pos="TO" wid="22">to</w>
  <w id="23" lemma="|the|" pos="DT" wid="23">the</w>
  <w id="24" lemma="|eucharist|" pos="NN" wid="24">Eucharist</w>
  <w id="25" lemma="|.|" pos="." wid="25">.</w>
</sentence>
<sentence id="27">
  <w id="0" lemma="|thus|" pos="RB" wid="0">Thus</w>
  <w id="1" lemma="|,|" pos="," wid="1">,</w>
  <w id="2" lemma="|while|" pos="IN" wid="2">while</w>
  <w id="3" lemma="|the|" pos="DT" wid="3">the</w>
  <w id="4" lemma="|aspiration|" pos="NN" wid="4">aspiration</w>
  <w id="5" lemma="|of|" pos="IN" wid="5">of</w>
  <w id="6" lemma="|those|" pos="DT" wid="6">those</w>
  <w id="7" lemma="|child|" pos="NNS" wid="7">children</w>
  <w id="8" lemma="|who|" pos="WP" wid="8">who</w>
  <w id="9" lemma="|would|" pos="MD" wid="9">would</w>
  <w id="10" lemma="|have|" pos="VB" wid="10">have</w>
  <w id="11" lemma="|like|" pos="VBN" wid="11">liked</w>
  <w id="12" lemma="|to|" pos="TO" wid="12">to</w>
  <w id="13" lemma="|receive|" pos="VB" wid="13">receive</w>
  <w id="14" lemma="|First|" pos="NNP" wid="14">First</w>
  <w id="15" lemma="|Communion|" pos="NNP" wid="15">Communion</w>
  <w id="16" lemma="|from|" pos="IN" wid="16">from</w>
  <w id="17" lemma="|I|" pos="PRP" wid="17">me</w>
  <w id="18" lemma="|,|" pos="," wid="18">,</w>
  <w id="19" lemma="|be|" pos="VBZ" wid="19">is</w>
  <w id="20" lemma="|satisfy|" pos="VBN" wid="20">satisfied</w>
  <w id="21" lemma="|in|" pos="IN" wid="21">in</w>
  <w id="22" lemma="|a|" pos="DT" wid="22">a</w>
  <w id="23" lemma="|way|" pos="NN" wid="23">way</w>
  <w id="24" lemma="|,|" pos="," wid="24">,</w>
  <w id="25" lemma="|it|" pos="PRP" wid="25">it</w>
  <w id="26" lemma="|will|" pos="MD" wid="26">will</w>
  <w id="27" lemma="|be|" pos="VB" wid="27">be</w>
  <w id="28" lemma="|possible|" pos="JJ" wid="28">possible</w>
  <w id="29" lemma="|to|" pos="TO" wid="29">to</w>
  <w id="30" lemma="|realize|" pos="VB" wid="30">realize</w>
  <w id="31" lemma="|,|" pos="," wid="31">,</w>
  <w id="32" lemma="|at|" pos="IN" wid="32">at</w>
  <w id="33" lemma="|the|" pos="DT" wid="33">the</w>
  <w id="34" lemma="|same|" pos="JJ" wid="34">same</w>
  <w id="35" lemma="|time|" pos="NN" wid="35">time</w>
  <w id="36" lemma="|,|" pos="," wid="36">,</w>
  <w id="37" lemma="|a|" pos="DT" wid="37">a</w>
  <w id="38" lemma="|solemn|" pos="JJ" wid="38">solemn</w>
  <w id="39" lemma="|manifestation|" pos="NN" wid="39">manifestation</w>
  <w id="40" lemma="|of|" pos="IN" wid="40">of</w>
  <w id="41" lemma="|eucharistic|" pos="JJ" wid="41">eucharistic</w>
  <w id="42" lemma="|worship|" pos="NN" wid="42">worship</w>
  <w id="43" lemma="|,|" pos="," wid="43">,</w>
  <w id="44" lemma="|in|" pos="IN" wid="44">in</w>
  <w id="45" lemma="|obedience|" pos="NN" wid="45">obedience</w>
  <w id="46" lemma="|to|" pos="TO" wid="46">to</w>
  <w id="47" lemma="|the|" pos="DT" wid="47">the</w>
  <w id="48" lemma="|liturgical|" pos="JJ" wid="48">liturgical</w>
  <w id="49" lemma="|dignity|" pos="NN" wid="49">dignity</w>
  <w id="50" lemma="|of|" pos="IN" wid="50">of</w>
  <w id="51" lemma="|that|" pos="DT" wid="51">that</w>
  <w id="52" lemma="|stupendous|" pos="JJ" wid="52">stupendous</w>
  <w id="53" lemma="|day|" pos="NN" wid="53">day</w>
  <w id="54" lemma="|.|" pos="." wid="54">.</w>
</sentence>
<sentence id="28">
  <w id="0" lemma="|I|" pos="PRP" wid="0">I</w>
  <w id="1" lemma="|commend|" pos="VBP" wid="1">commend</w>
  <w id="2" lemma="|to|" pos="TO" wid="2">to</w>
  <w id="3" lemma="|the|" pos="DT" wid="3">the</w>
  <w id="4" lemma="|prayer|" pos="NNS" wid="4">prayers</w>
  <w id="5" lemma="|of|" pos="IN" wid="5">of</w>
  <w id="6" lemma="|all|" pos="PDT" wid="6">all</w>
  <w id="7" lemma="|those|" pos="DT" wid="7">those</w>
  <w id="8" lemma="|present|" pos="JJ" wid="8">present</w>
  <w id="9" lemma="|and|" pos="CC" wid="9">and</w>
  <w id="10" lemma="|of|" pos="IN" wid="10">of</w>
  <w id="11" lemma="|all|" pos="DT" wid="11">all</w>
  <w id="12" lemma="|Rome|" pos="NNP" wid="12">Rome</w>
  <w id="13" lemma="|the|" pos="DT" wid="13">the</w>
  <w id="14" lemma="|child|" pos="NNS" wid="14">children</w>
  <w id="15" lemma="|who|" pos="WP" wid="15">who</w>
  <w id="16" lemma="|approach|" pos="VBP" wid="16">approach</w>
  <w id="17" lemma="|the|" pos="DT" wid="17">the</w>
  <w id="18" lemma="|Lord|" pos="NNP" wid="18">Lord</w>
  <w id="19" lemma="|'s|" pos="POS" wid="19">'s</w>
  <w id="20" lemma="|Table|" pos="NNP" wid="20">Table</w>
  <w id="21" lemma="|for|" pos="IN" wid="21">for</w>
  <w id="22" lemma="|the|" pos="DT" wid="22">the</w>
  <w id="23" lemma="|first|" pos="JJ" wid="23">first</w>
  <w id="24" lemma="|time|" pos="NN" wid="24">time</w>
  <w id="25" lemma="|this|" pos="DT" wid="25">this</w>
  <w id="26" lemma="|year|" pos="NN" wid="26">year</w>
  <w id="27" lemma="|;|" pos=":" wid="27">;</w>
  <w id="28" lemma="|and|" pos="CC" wid="28">and</w>
  <w id="29" lemma="|I|" pos="PRP" wid="29">I</w>
  <w id="30" lemma="|commend|" pos="VBP" wid="30">commend</w>
  <w id="31" lemma="|even|" pos="RB" wid="31">even</w>
  <w id="32" lemma="|more|" pos="JJR" wid="32">more</w>
  <w id="33" lemma="|all|" pos="DT" wid="33">all</w>
  <w id="34" lemma="|child|" pos="NNS" wid="34">children</w>
  <w id="35" lemma="|in|" pos="IN" wid="35">in</w>
  <w id="36" lemma="|the|" pos="DT" wid="36">the</w>
  <w id="37" lemma="|world|" pos="NN" wid="37">world</w>
  <w id="38" lemma="|who|" pos="WP" wid="38">who</w>
  <w id="39" lemma="|,|" pos="," wid="39">,</w>
  <w id="40" lemma="|for|" pos="IN" wid="40">for</w>
  <w id="41" lemma="|some|" pos="DT" wid="41">some</w>
  <w id="42" lemma="|reason|" pos="NN" wid="42">reason</w>
  <w id="43" lemma="|,|" pos="," wid="43">,</w>
  <w id="44" lemma="|can|" pos="MD" wid="44">can</w>
  <w id="45" lemma="|not|" pos="RB" wid="45">not</w>
  <w id="46" lemma="|enjoy|" pos="VB" wid="46">enjoy</w>
  <w id="47" lemma="|the|" pos="DT" wid="47">the</w>
  <w id="48" lemma="|happiness|" pos="NN" wid="48">happiness</w>
  <w id="49" lemma="|of|" pos="IN" wid="49">of</w>
  <w id="50" lemma="|receive|" pos="VBG" wid="50">receiving</w>
  <w id="51" lemma="|Jesus|" pos="NNP" wid="51">Jesus</w>
  <w id="52" lemma="|sacramentally|" pos="RB" wid="52">sacramentally</w>
  <w id="53" lemma="|.|" pos="." wid="53">.</w>
</sentence>
<sentence id="29">
  <w id="0" lemma="|4|" pos="LS" wid="0">4</w>
  <w id="1" lemma="|.|" pos="." wid="1">.</w>
</sentence>
<sentence id="30">
  <w id="0" lemma="|my|" pos="PRP$" wid="0">My</w>
  <w id="1" lemma="|thought|" pos="NN" wid="1">thought</w>
  <w id="2" lemma="|then|" pos="RB" wid="2">then</w>
  <w id="3" lemma="|return|" pos="VBZ" wid="3">returns</w>
  <w id="4" lemma="|again|" pos="RB" wid="4">again</w>
  <w id="5" lemma="|to|" pos="TO" wid="5">to</w>
  <w id="6" lemma="|the|" pos="DT" wid="6">the</w>
  <w id="7" lemma="|dear|" pos="RB" wid="7">dear</w>
  <w id="8" lemma="|land|" pos="NN" wid="8">land</w>
  <w id="9" lemma="|of|" pos="IN" wid="9">of</w>
  <w id="10" lemma="|Uganda|" pos="NNP" wid="10">Uganda</w>
  <w id="11" lemma="|,|" pos="," wid="11">,</w>
  <w id="12" lemma="|from|" pos="IN" wid="12">from</w>
  <w id="13" lemma="|which|" pos="WDT" wid="13">which</w>
  <w id="14" lemma="|,|" pos="," wid="14">,</w>
  <w id="15" lemma="|unfortunately|" pos="RB" wid="15">unfortunately</w>
  <w id="16" lemma="|,|" pos="," wid="16">,</w>
  <w id="17" lemma="|there|" pos="EX" wid="17">there</w>
  <w id="18" lemma="|continue|" pos="VBZ" wid="18">continues</w>
  <w id="19" lemma="|to|" pos="TO" wid="19">to</w>
  <w id="20" lemma="|arrive|" pos="VB" wid="20">arrive</w>
  <w id="21" lemma="|painful|" pos="JJ" wid="21">painful</w>
  <w id="22" lemma="|news|" pos="NN" wid="22">news</w>
  <w id="23" lemma="|of|" pos="IN" wid="23">of</w>
  <w id="24" lemma="|loss|" pos="NNS" wid="24">losses</w>
  <w id="25" lemma="|of|" pos="IN" wid="25">of</w>
  <w id="26" lemma="|so|" pos="RB" wid="26">so</w>
  <w id="27" lemma="|many|" pos="JJ" wid="27">many</w>
  <w id="28" lemma="|human|" pos="JJ" wid="28">human</w>
  <w id="29" lemma="|life|" pos="NNS" wid="29">lives</w>
  <w id="30" lemma="|,|" pos="," wid="30">,</w>
  <w id="31" lemma="|include|" pos="VBG" wid="31">including</w>
  <w id="32" lemma="|those|" pos="DT" wid="32">those</w>
  <w id="33" lemma="|of|" pos="IN" wid="33">of</w>
  <w id="34" lemma="|some|" pos="DT" wid="34">some</w>
  <w id="35" lemma="|missionary|" pos="NNS" wid="35">missionaries</w>
  <w id="36" lemma="|kill|" pos="VBN" wid="36">killed</w>
  <w id="37" lemma="|by|" pos="IN" wid="37">by</w>
  <w id="38" lemma="|violence|" pos="NN" wid="38">violence</w>
  <w id="39" lemma="|and|" pos="CC" wid="39">and</w>
  <w id="40" lemma="|hatred|" pos="NN" wid="40">hatred</w>
  <w id="41" lemma="|while|" pos="IN" wid="41">while</w>
  <w id="42" lemma="|they|" pos="PRP" wid="42">they</w>
  <w id="43" lemma="|be|" pos="VBD" wid="43">were</w>
  <w id="44" lemma="|carry|" pos="VBG" wid="44">carrying</w>
  <w id="45" lemma="|out|" pos="RP" wid="45">out</w>
  <w id="46" lemma="|they|" pos="PRP$" wid="46">their</w>
  <w id="47" lemma="|mission|" pos="NN" wid="47">mission</w>
  <w id="48" lemma="|as|" pos="IN" wid="48">as</w>
  <w id="49" lemma="|gospel|" pos="NN" wid="49">Gospel</w>
  <w id="50" lemma="|worker|" pos="NNS" wid="50">workers</w>
  <w id="51" lemma="|and|" pos="CC" wid="51">and</w>
  <w id="52" lemma="|servant|" pos="NNS" wid="52">servants</w>
  <w id="53" lemma="|of|" pos="IN" wid="53">of</w>
  <w id="54" lemma="|brother|" pos="NNS" wid="54">brothers</w>
  <w id="55" lemma="|.|" pos="." wid="55">.</w>
</sentence>
<sentence id="31">
  <w id="0" lemma="|so|" pos="RB" wid="0">So</w>
  <w id="1" lemma="|please|" pos="VBP" wid="1">please</w>
  <w id="2" lemma="|join|" pos="VB" wid="2">join</w>
  <w id="3" lemma="|in|" pos="IN" wid="3">in</w>
  <w id="4" lemma="|my|" pos="PRP$" wid="4">my</w>
  <w id="5" lemma="|prayer|" pos="NN" wid="5">prayer</w>
  <w id="6" lemma="|for|" pos="IN" wid="6">for</w>
  <w id="7" lemma="|the|" pos="DT" wid="7">the</w>
  <w id="8" lemma="|soul|" pos="NNS" wid="8">souls</w>
  <w id="9" lemma="|of|" pos="IN" wid="9">of</w>
  <w id="10" lemma="|the|" pos="DT" wid="10">the</w>
  <w id="11" lemma="|victim|" pos="NNS" wid="11">victims</w>
  <w id="12" lemma="|,|" pos="," wid="12">,</w>
  <w id="13" lemma="|and|" pos="CC" wid="13">and</w>
  <w id="14" lemma="|implore|" pos="VBP" wid="14">implore</w>
  <w id="15" lemma="|from|" pos="IN" wid="15">from</w>
  <w id="16" lemma="|the|" pos="DT" wid="16">the</w>
  <w id="17" lemma="|Lord|" pos="NNP" wid="17">Lord</w>
  <w id="18" lemma="|courage|" pos="NN" wid="18">courage</w>
  <w id="19" lemma="|for|" pos="IN" wid="19">for</w>
  <w id="20" lemma="|all|" pos="PDT" wid="20">all</w>
  <w id="21" lemma="|those|" pos="DT" wid="21">those</w>
  <w id="22" lemma="|who|" pos="WP" wid="22">who</w>
  <w id="23" lemma="|be|" pos="VBP" wid="23">are</w>
  <w id="24" lemma="|still|" pos="RB" wid="24">still</w>
  <w id="25" lemma="|in|" pos="IN" wid="25">in</w>
  <w id="26" lemma="|danger|" pos="NN" wid="26">danger</w>
  <w id="27" lemma="|and|" pos="CC" wid="27">and</w>
  <w id="28" lemma="|difficulty|" pos="NNS" wid="28">difficulties</w>
  <w id="29" lemma="|.|" pos="." wid="29">.</w>
</sentence>
<sentence id="32">
  <w id="0" lemma="|I|" pos="PRP" wid="0">I</w>
  <w id="1" lemma="|be|" pos="VBP" wid="1">am</w>
  <w id="2" lemma="|close|" pos="JJ" wid="2">close</w>
  <w id="3" lemma="|,|" pos="," wid="3">,</w>
  <w id="4" lemma="|too|" pos="RB" wid="4">too</w>
  <w id="5" lemma="|,|" pos="," wid="5">,</w>
  <w id="6" lemma="|to|" pos="TO" wid="6">to</w>
  <w id="7" lemma="|all|" pos="PDT" wid="7">all</w>
  <w id="8" lemma="|the|" pos="DT" wid="8">the</w>
  <w id="9" lemma="|family|" pos="NNS" wid="9">families</w>
  <w id="10" lemma="|of|" pos="IN" wid="10">of</w>
  <w id="11" lemma="|missionary|" pos="NNS" wid="11">missionaries</w>
  <w id="12" lemma="|,|" pos="," wid="12">,</w>
  <w id="13" lemma="|religious|" pos="JJ" wid="13">religious</w>
  <w id="14" lemma="|and|" pos="CC" wid="14">and</w>
  <w id="15" lemma="|lay|" pos="JJ" wid="15">lay</w>
  <w id="16" lemma="|,|" pos="," wid="16">,</w>
  <w id="17" lemma="|who|" pos="WP" wid="17">who</w>
  <w id="18" lemma="|be|" pos="VBP" wid="18">are</w>
  <w id="19" lemma="|live|" pos="VBG" wid="19">living</w>
  <w id="20" lemma="|in|" pos="IN" wid="20">in</w>
  <w id="21" lemma="|concern|" pos="NN" wid="21">concern</w>
  <w id="22" lemma="|and|" pos="CC" wid="22">and</w>
  <w id="23" lemma="|anguish|" pos="NN" wid="23">anguish</w>
  <w id="24" lemma="|.|" pos="." wid="24">.</w>
</sentence>
<sentence id="33">
  <w id="0" lemma="|May|" pos="NNP" wid="0">May</w>
  <w id="1" lemma="|God|" pos="NNP" wid="1">God</w>
  <w id="2" lemma="|grant|" pos="NN" wid="2">grant</w>
  <w id="3" lemma="|Uganda|" pos="NNP" wid="3">Uganda</w>
  <w id="4" lemma="|and|" pos="CC" wid="4">and</w>
  <w id="5" lemma="|the|" pos="DT" wid="5">the</w>
  <w id="6" lemma="|whole|" pos="NN" wid="6">whole</w>
  <w id="7" lemma="|of|" pos="IN" wid="7">of</w>
  <w id="8" lemma="|Africa|" pos="NNP" wid="8">Africa</w>
  <w id="9" lemma="|better|" pos="JJR" wid="9">better</w>
  <w id="10" lemma="|day|" pos="NNS" wid="10">days</w>
  <w id="11" lemma="|,|" pos="," wid="11">,</w>
  <w id="12" lemma="|so|" pos="IN" wid="12">so</w>
  <w id="13" lemma="|that|" pos="IN" wid="13">that</w>
  <w id="14" lemma="|the|" pos="DT" wid="14">the</w>
  <w id="15" lemma="|desire|" pos="VBN" wid="15">desired</w>
  <w id="16" lemma="|complete|" pos="JJ" wid="16">complete</w>
  <w id="17" lemma="|development|" pos="NN" wid="17">development</w>
  <w id="18" lemma="|of|" pos="IN" wid="18">of</w>
  <w id="19" lemma="|those|" pos="DT" wid="19">those</w>
  <w id="20" lemma="|people|" pos="NNS" wid="20">peoples</w>
  <w id="21" lemma="|may|" pos="MD" wid="21">may</w>
  <w id="22" lemma="|take|" pos="VB" wid="22">take</w>
  <w id="23" lemma="|place|" pos="NN" wid="23">place</w>
  <w id="24" lemma="|in|" pos="IN" wid="24">in</w>
  <w id="25" lemma="|peace|" pos="NN" wid="25">peace</w>
  <w id="26" lemma="|and|" pos="CC" wid="26">and</w>
  <w id="27" lemma="|brotherhood|" pos="NN" wid="27">brotherhood</w>
  <w id="28" lemma="|.|" pos="." wid="28">.</w>
</sentence>
</corpus>