<corpus id="0">
<sentence id="0">
  <w id="0" lemma="|Dear|" pos="NNP" wid="0">Dear</w>
  <w id="1" lemma="|Brothers|" pos="NNPS" wid="1">Brothers</w>
  <w id="2" lemma="|and|" pos="CC" wid="2">and</w>
  <w id="3" lemma="|sister|" pos="NNS" wid="3">Sisters</w>
  <w id="4" lemma="|,|" pos="," wid="4">,</w>
  <w id="5" lemma="|1|" pos="CD" wid="5">1</w>
  <w id="6" lemma="|.|" pos="." wid="6">.</w>
</sentence>
<sentence id="1">
  <w id="0" lemma="|continue|" pos="VBG" wid="0">Continuing</w>
  <w id="1" lemma="|on|" pos="IN" wid="1">on</w>
  <w id="2" lemma="|my|" pos="PRP$" wid="2">my</w>
  <w id="3" lemma="|spiritual|" pos="JJ" wid="3">spiritual</w>
  <w id="4" lemma="|pilgrimage|" pos="NN" wid="4">pilgrimage</w>
  <w id="5" lemma="|to|" pos="TO" wid="5">to</w>
  <w id="6" lemma="|the|" pos="DT" wid="6">the</w>
  <w id="7" lemma="|Shrine|" pos="NNP" wid="7">Shrine</w>
  <w id="8" lemma="|of|" pos="IN" wid="8">of</w>
  <w id="9" lemma="|Pompei|" pos="NNP" wid="9">Pompei</w>
  <w id="10" lemma="|,|" pos="," wid="10">,</w>
  <w id="11" lemma="|which|" pos="WDT" wid="11">which</w>
  <w id="12" lemma="|I|" pos="PRP" wid="12">I</w>
  <w id="13" lemma="|be|" pos="VBP" wid="13">am</w>
  <w id="14" lemma="|look|" pos="VBG" wid="14">looking</w>
  <w id="15" lemma="|forward|" pos="RB" wid="15">forward</w>
  <w id="16" lemma="|to|" pos="TO" wid="16">to</w>
  <w id="17" lemma="|visit|" pos="VBG" wid="17">visiting</w>
  <w id="18" lemma="|,|" pos="," wid="18">,</w>
  <w id="19" lemma="|please|" pos="VB" wid="19">please</w>
  <w id="20" lemma="|God|" pos="NNP" wid="20">God</w>
  <w id="21" lemma="|,|" pos="," wid="21">,</w>
  <w id="22" lemma="|this|" pos="DT" wid="22">this</w>
  <w id="23" lemma="|come|" pos="VBG" wid="23">coming</w>
  <w id="24" lemma="|7|" pos="CD" wid="24">7</w>
  <w id="25" lemma="|October|" pos="NNP" wid="25">October</w>
  <w id="26" lemma="|,|" pos="," wid="26">,</w>
  <w id="27" lemma="|I|" pos="PRP" wid="27">I</w>
  <w id="28" lemma="|would|" pos="MD" wid="28">would</w>
  <w id="29" lemma="|like|" pos="VB" wid="29">like</w>
  <w id="30" lemma="|today|" pos="NN" wid="30">today</w>
  <w id="31" lemma="|to|" pos="TO" wid="31">to</w>
  <w id="32" lemma="|pause|" pos="VB" wid="32">pause</w>
  <w id="33" lemma="|and|" pos="CC" wid="33">and</w>
  <w id="34" lemma="|meditate|" pos="VB" wid="34">meditate</w>
  <w id="35" lemma="|on|" pos="IN" wid="35">on</w>
  <w id="36" lemma="|the|" pos="DT" wid="36">the</w>
  <w id="37" lemma="|mystery|" pos="NNS" wid="37">mysteries</w>
  <w id="38" lemma="|of|" pos="IN" wid="38">of</w>
  <w id="39" lemma="|the|" pos="DT" wid="39">the</w>
  <w id="40" lemma="|Rosary|" pos="NNP" wid="40">Rosary</w>
  <w id="41" lemma="|know|" pos="VBN" wid="41">known</w>
  <w id="42" lemma="|as|" pos="IN" wid="42">as</w>
  <w id="43" lemma="|``|" pos="``" wid="43">``</w>
  <w id="44" lemma="|the|" pos="DT" wid="44">the</w>
  <w id="45" lemma="|mystery|" pos="NNS" wid="45">mysteries</w>
  <w id="46" lemma="|of|" pos="IN" wid="46">of</w>
  <w id="47" lemma="|light|" pos="NN" wid="47">light</w>
  <w id="48" lemma="|''|" pos="''" wid="48">''</w>
  <w id="49" lemma="|.|" pos="." wid="49">.</w>
</sentence>
<sentence id="2">
  <w id="0" lemma="|they|" pos="PRP" wid="0">They</w>
  <w id="1" lemma="|integrate|" pos="VBP" wid="1">integrate</w>
  <w id="2" lemma="|the|" pos="DT" wid="2">the</w>
  <w id="3" lemma="|traditional|" pos="JJ" wid="3">traditional</w>
  <w id="4" lemma="|moment|" pos="NNS" wid="4">moments</w>
  <w id="5" lemma="|of|" pos="IN" wid="5">of</w>
  <w id="6" lemma="|the|" pos="DT" wid="6">the</w>
  <w id="7" lemma="|childhood|" pos="NN" wid="7">childhood</w>
  <w id="8" lemma="|,|" pos="," wid="8">,</w>
  <w id="9" lemma="|passion|" pos="NN" wid="9">passion</w>
  <w id="10" lemma="|and|" pos="CC" wid="10">and</w>
  <w id="11" lemma="|glory|" pos="NN" wid="11">glory</w>
  <w id="12" lemma="|of|" pos="IN" wid="12">of</w>
  <w id="13" lemma="|Christ|" pos="NNP" wid="13">Christ</w>
  <w id="14" lemma="|with|" pos="IN" wid="14">with</w>
  <w id="15" lemma="|those|" pos="DT" wid="15">those</w>
  <w id="16" lemma="|,|" pos="," wid="16">,</w>
  <w id="17" lemma="|equally|" pos="RB" wid="17">equally</w>
  <w id="18" lemma="|important|" pos="JJ" wid="18">important</w>
  <w id="19" lemma="|,|" pos="," wid="19">,</w>
  <w id="20" lemma="|of|" pos="IN" wid="20">of</w>
  <w id="21" lemma="|he|" pos="PRP$" wid="21">his</w>
  <w id="22" lemma="|``|" pos="``" wid="22">``</w>
  <w id="23" lemma="|public|" pos="JJ" wid="23">public</w>
  <w id="24" lemma="|life|" pos="NN" wid="24">life</w>
  <w id="25" lemma="|''|" pos="''" wid="25">''</w>
  <w id="26" lemma="|-lrb-|" pos="-LRB-" wid="26">-LRB-</w>
  <w id="27" lemma="|cf|" pos="NN" wid="27">cf</w>
  <w id="28" lemma="|.|" pos="." wid="28">.</w>
</sentence>
<sentence id="3">
  <w id="0" lemma="|Apostolic|" pos="NNP" wid="0">Apostolic</w>
  <w id="1" lemma="|Letter|" pos="NNP" wid="1">Letter</w>
  <w id="2" lemma="|Rosarium|" pos="NNP" wid="2">Rosarium</w>
  <w id="3" lemma="|Virginis|" pos="NNP" wid="3">Virginis</w>
  <w id="4" lemma="|Mariae|" pos="NNP" wid="4">Mariae</w>
  <w id="5" lemma="|,|" pos="," wid="5">,</w>
  <w id="6" lemma="|n.|" pos="NNP" wid="6">n.</w>
  <w id="7" lemma="|19|" pos="CD" wid="7">19</w>
  <w id="8" lemma="|-rrb-|" pos="-RRB-" wid="8">-RRB-</w>
  <w id="9" lemma="|.|" pos="." wid="9">.</w>
</sentence>
<sentence id="4">
  <w id="0" lemma="|it|" pos="PRP" wid="0">It</w>
  <w id="1" lemma="|be|" pos="VBZ" wid="1">is</w>
  <w id="2" lemma="|the|" pos="DT" wid="2">the</w>
  <w id="3" lemma="|season|" pos="NN" wid="3">season</w>
  <w id="4" lemma="|in|" pos="IN" wid="4">in</w>
  <w id="5" lemma="|which|" pos="WDT" wid="5">which</w>
  <w id="6" lemma="|Jesus|" pos="NNP" wid="6">Jesus</w>
  <w id="7" lemma="|,|" pos="," wid="7">,</w>
  <w id="8" lemma="|with|" pos="IN" wid="8">with</w>
  <w id="9" lemma="|the|" pos="DT" wid="9">the</w>
  <w id="10" lemma="|power|" pos="NN" wid="10">power</w>
  <w id="11" lemma="|of|" pos="IN" wid="11">of</w>
  <w id="12" lemma="|he|" pos="PRP$" wid="12">his</w>
  <w id="13" lemma="|word|" pos="NNS" wid="13">words</w>
  <w id="14" lemma="|and|" pos="CC" wid="14">and</w>
  <w id="15" lemma="|action|" pos="NNS" wid="15">actions</w>
  <w id="16" lemma="|,|" pos="," wid="16">,</w>
  <w id="17" lemma="|fully|" pos="RB" wid="17">fully</w>
  <w id="18" lemma="|reveal|" pos="VBZ" wid="18">reveals</w>
  <w id="19" lemma="|the|" pos="DT" wid="19">the</w>
  <w id="20" lemma="|``|" pos="``" wid="20">``</w>
  <w id="21" lemma="|face|" pos="NN" wid="21">face</w>
  <w id="22" lemma="|''|" pos="''" wid="22">''</w>
  <w id="23" lemma="|of|" pos="IN" wid="23">of</w>
  <w id="24" lemma="|the|" pos="DT" wid="24">the</w>
  <w id="25" lemma="|heavenly|" pos="JJ" wid="25">heavenly</w>
  <w id="26" lemma="|Father|" pos="NNP" wid="26">Father</w>
  <w id="27" lemma="|,|" pos="," wid="27">,</w>
  <w id="28" lemma="|inaugurate|" pos="VBG" wid="28">inaugurating</w>
  <w id="29" lemma="|he|" pos="PRP$" wid="29">his</w>
  <w id="30" lemma="|Kingdom|" pos="NNP" wid="30">Kingdom</w>
  <w id="31" lemma="|of|" pos="IN" wid="31">of</w>
  <w id="32" lemma="|love|" pos="NN" wid="32">love</w>
  <w id="33" lemma="|,|" pos="," wid="33">,</w>
  <w id="34" lemma="|justice|" pos="NN" wid="34">justice</w>
  <w id="35" lemma="|and|" pos="CC" wid="35">and</w>
  <w id="36" lemma="|peace|" pos="NN" wid="36">peace</w>
  <w id="37" lemma="|.|" pos="." wid="37">.</w>
</sentence>
<sentence id="5">
  <w id="0" lemma="|the|" pos="DT" wid="0">The</w>
  <w id="1" lemma="|Baptism|" pos="NNP" wid="1">Baptism</w>
  <w id="2" lemma="|in|" pos="IN" wid="2">in</w>
  <w id="3" lemma="|the|" pos="DT" wid="3">the</w>
  <w id="4" lemma="|Jordan|" pos="NNP" wid="4">Jordan</w>
  <w id="5" lemma="|,|" pos="," wid="5">,</w>
  <w id="6" lemma="|the|" pos="DT" wid="6">the</w>
  <w id="7" lemma="|wedding|" pos="NN" wid="7">wedding</w>
  <w id="8" lemma="|at|" pos="IN" wid="8">at</w>
  <w id="9" lemma="|Cana|" pos="NNP" wid="9">Cana</w>
  <w id="10" lemma="|,|" pos="," wid="10">,</w>
  <w id="11" lemma="|the|" pos="DT" wid="11">the</w>
  <w id="12" lemma="|proclamation|" pos="NN" wid="12">proclamation</w>
  <w id="13" lemma="|of|" pos="IN" wid="13">of</w>
  <w id="14" lemma="|the|" pos="DT" wid="14">the</w>
  <w id="15" lemma="|Kingdom|" pos="NNP" wid="15">Kingdom</w>
  <w id="16" lemma="|,|" pos="," wid="16">,</w>
  <w id="17" lemma="|the|" pos="DT" wid="17">the</w>
  <w id="18" lemma="|Transfiguration|" pos="NNP" wid="18">Transfiguration</w>
  <w id="19" lemma="|on|" pos="IN" wid="19">on</w>
  <w id="20" lemma="|Mount|" pos="NNP" wid="20">Mount</w>
  <w id="21" lemma="|Tabor|" pos="NNP" wid="21">Tabor</w>
  <w id="22" lemma="|and|" pos="CC" wid="22">and</w>
  <w id="23" lemma="|the|" pos="DT" wid="23">the</w>
  <w id="24" lemma="|institution|" pos="NN" wid="24">institution</w>
  <w id="25" lemma="|of|" pos="IN" wid="25">of</w>
  <w id="26" lemma="|the|" pos="DT" wid="26">the</w>
  <w id="27" lemma="|eucharist|" pos="NN" wid="27">Eucharist</w>
  <w id="28" lemma="|be|" pos="VBP" wid="28">are</w>
  <w id="29" lemma="|all|" pos="DT" wid="29">all</w>
  <w id="30" lemma="|moment|" pos="NNS" wid="30">moments</w>
  <w id="31" lemma="|of|" pos="IN" wid="31">of</w>
  <w id="32" lemma="|revelation|" pos="NN" wid="32">revelation</w>
  <w id="33" lemma="|:|" pos=":" wid="33">:</w>
  <w id="34" lemma="|``|" pos="``" wid="34">``</w>
  <w id="35" lemma="|luminous|" pos="JJ" wid="35">luminous</w>
  <w id="36" lemma="|''|" pos="''" wid="36">''</w>
  <w id="37" lemma="|mystery|" pos="NNS" wid="37">mysteries</w>
  <w id="38" lemma="|,|" pos="," wid="38">,</w>
  <w id="39" lemma="|precisely|" pos="RB" wid="39">precisely</w>
  <w id="40" lemma="|,|" pos="," wid="40">,</w>
  <w id="41" lemma="|that|" pos="WDT" wid="41">that</w>
  <w id="42" lemma="|be|" pos="VBP" wid="42">are</w>
  <w id="43" lemma="|radiant|" pos="JJ" wid="43">radiant</w>
  <w id="44" lemma="|with|" pos="IN" wid="44">with</w>
  <w id="45" lemma="|the|" pos="DT" wid="45">the</w>
  <w id="46" lemma="|splendour|" pos="NN" wid="46">splendour</w>
  <w id="47" lemma="|of|" pos="IN" wid="47">of</w>
  <w id="48" lemma="|the|" pos="DT" wid="48">the</w>
  <w id="49" lemma="|divine|" pos="JJ" wid="49">divine</w>
  <w id="50" lemma="|nature|" pos="NN" wid="50">nature</w>
  <w id="51" lemma="|of|" pos="IN" wid="51">of</w>
  <w id="52" lemma="|God|" pos="NNP" wid="52">God</w>
  <w id="53" lemma="|in|" pos="IN" wid="53">in</w>
  <w id="54" lemma="|Jesus|" pos="NNP" wid="54">Jesus</w>
  <w id="55" lemma="|Christ|" pos="NNP" wid="55">Christ</w>
  <w id="56" lemma="|.|" pos="." wid="56">.</w>
</sentence>
<sentence id="6">
  <w id="0" lemma="|2|" pos="CD" wid="0">2</w>
  <w id="1" lemma="|.|" pos="." wid="1">.</w>
</sentence>
<sentence id="7">
  <w id="0" lemma="|in|" pos="IN" wid="0">In</w>
  <w id="1" lemma="|these|" pos="DT" wid="1">these</w>
  <w id="2" lemma="|mystery|" pos="NNS" wid="2">mysteries</w>
  <w id="3" lemma="|,|" pos="," wid="3">,</w>
  <w id="4" lemma="|Mary|" pos="NNP" wid="4">Mary</w>
  <w id="5" lemma="|be|" pos="VBZ" wid="5">is</w>
  <w id="6" lemma="|present|" pos="JJ" wid="6">present</w>
  <w id="7" lemma="|mainly|" pos="RB" wid="7">mainly</w>
  <w id="8" lemma="|in|" pos="IN" wid="8">in</w>
  <w id="9" lemma="|the|" pos="DT" wid="9">the</w>
  <w id="10" lemma="|background|" pos="NN" wid="10">background</w>
  <w id="11" lemma="|except|" pos="IN" wid="11">except</w>
  <w id="12" lemma="|in|" pos="IN" wid="12">in</w>
  <w id="13" lemma="|one|" pos="CD" wid="13">one</w>
  <w id="14" lemma="|of|" pos="IN" wid="14">of</w>
  <w id="15" lemma="|they|" pos="PRP" wid="15">them</w>
  <w id="16" lemma="|,|" pos="," wid="16">,</w>
  <w id="17" lemma="|the|" pos="DT" wid="17">the</w>
  <w id="18" lemma="|wedding|" pos="NN" wid="18">wedding</w>
  <w id="19" lemma="|at|" pos="IN" wid="19">at</w>
  <w id="20" lemma="|Cana|" pos="NNP" wid="20">Cana</w>
  <w id="21" lemma="|,|" pos="," wid="21">,</w>
  <w id="22" lemma="|where|" pos="WRB" wid="22">where</w>
  <w id="23" lemma="|the|" pos="DT" wid="23">the</w>
  <w id="24" lemma="|``|" pos="``" wid="24">``</w>
  <w id="25" lemma="|Mother|" pos="NNP" wid="25">Mother</w>
  <w id="26" lemma="|of|" pos="IN" wid="26">of</w>
  <w id="27" lemma="|Jesus|" pos="NNP" wid="27">Jesus</w>
  <w id="28" lemma="|''|" pos="''" wid="28">''</w>
  <w id="29" lemma="|have|" pos="VBZ" wid="29">has</w>
  <w id="30" lemma="|a|" pos="DT" wid="30">a</w>
  <w id="31" lemma="|crucial|" pos="JJ" wid="31">crucial</w>
  <w id="32" lemma="|role|" pos="NN" wid="32">role</w>
  <w id="33" lemma="|.|" pos="." wid="33">.</w>
</sentence>
<sentence id="8">
  <w id="0" lemma="|indeed|" pos="RB" wid="0">Indeed</w>
  <w id="1" lemma="|,|" pos="," wid="1">,</w>
  <w id="2" lemma="|it|" pos="PRP" wid="2">it</w>
  <w id="3" lemma="|be|" pos="VBZ" wid="3">is</w>
  <w id="4" lemma="|she|" pos="PRP" wid="4">she</w>
  <w id="5" lemma="|who|" pos="WP" wid="5">who</w>
  <w id="6" lemma="|indicate|" pos="VBZ" wid="6">indicates</w>
  <w id="7" lemma="|to|" pos="TO" wid="7">to</w>
  <w id="8" lemma="|the|" pos="DT" wid="8">the</w>
  <w id="9" lemma="|Son|" pos="NNP" wid="9">Son</w>
  <w id="10" lemma="|that|" pos="IN" wid="10">that</w>
  <w id="11" lemma="|the|" pos="DT" wid="11">the</w>
  <w id="12" lemma="|wine|" pos="NN" wid="12">wine</w>
  <w id="13" lemma="|have|" pos="VBZ" wid="13">has</w>
  <w id="14" lemma="|run|" pos="VBN" wid="14">run</w>
  <w id="15" lemma="|out|" pos="RP" wid="15">out</w>
  <w id="16" lemma="|;|" pos=":" wid="16">;</w>
  <w id="17" lemma="|and|" pos="CC" wid="17">and</w>
  <w id="18" lemma="|when|" pos="WRB" wid="18">when</w>
  <w id="19" lemma="|he|" pos="PRP" wid="19">he</w>
  <w id="20" lemma="|reply|" pos="VBZ" wid="20">replies</w>
  <w id="21" lemma="|that|" pos="IN" wid="21">that</w>
  <w id="22" lemma="|``|" pos="``" wid="22">``</w>
  <w id="23" lemma="|he|" pos="PRP$" wid="23">his</w>
  <w id="24" lemma="|hour|" pos="NN" wid="24">hour</w>
  <w id="25" lemma="|''|" pos="''" wid="25">''</w>
  <w id="26" lemma="|have|" pos="VBZ" wid="26">has</w>
  <w id="27" lemma="|not|" pos="RB" wid="27">not</w>
  <w id="28" lemma="|yet|" pos="RB" wid="28">yet</w>
  <w id="29" lemma="|come|" pos="VBN" wid="29">come</w>
  <w id="30" lemma="|,|" pos="," wid="30">,</w>
  <w id="31" lemma="|she|" pos="PRP" wid="31">she</w>
  <w id="32" lemma="|prompt|" pos="VBZ" wid="32">prompts</w>
  <w id="33" lemma="|he|" pos="PRP" wid="33">him</w>
  <w id="34" lemma="|with|" pos="IN" wid="34">with</w>
  <w id="35" lemma="|maternal|" pos="JJ" wid="35">maternal</w>
  <w id="36" lemma="|urgency|" pos="NN" wid="36">urgency</w>
  <w id="37" lemma="|,|" pos="," wid="37">,</w>
  <w id="38" lemma="|say|" pos="VBG" wid="38">saying</w>
  <w id="39" lemma="|to|" pos="TO" wid="39">to</w>
  <w id="40" lemma="|the|" pos="DT" wid="40">the</w>
  <w id="41" lemma="|servant|" pos="NNS" wid="41">servants</w>
  <w id="42" lemma="|:|" pos=":" wid="42">:</w>
  <w id="43" lemma="|``|" pos="``" wid="43">``</w>
  <w id="44" lemma="|do|" pos="VBP" wid="44">Do</w>
  <w id="45" lemma="|whatever|" pos="WDT" wid="45">whatever</w>
  <w id="46" lemma="|he|" pos="PRP" wid="46">he</w>
  <w id="47" lemma="|tell|" pos="VBZ" wid="47">tells</w>
  <w id="48" lemma="|you|" pos="PRP" wid="48">you</w>
  <w id="49" lemma="|''|" pos="''" wid="49">''</w>
  <w id="50" lemma="|-lrb-|" pos="-LRB-" wid="50">-LRB-</w>
  <w id="51" lemma="|jn|" pos="NN" wid="51">Jn</w>
  <w id="52" lemma="|2|" pos="CD" wid="52">2</w>
  <w id="53" lemma="|:|" pos=":" wid="53">:</w>
  <w id="54" lemma="|5|" pos="CD" wid="54">5</w>
  <w id="55" lemma="|-rrb-|" pos="-RRB-" wid="55">-RRB-</w>
  <w id="56" lemma="|.|" pos="." wid="56">.</w>
</sentence>
<sentence id="9">
  <w id="0" lemma="|in|" pos="IN" wid="0">In</w>
  <w id="1" lemma="|this|" pos="DT" wid="1">this</w>
  <w id="2" lemma="|way|" pos="NN" wid="2">way</w>
  <w id="3" lemma="|she|" pos="PRP" wid="3">she</w>
  <w id="4" lemma="|show|" pos="VBZ" wid="4">shows</w>
  <w id="5" lemma="|that|" pos="IN" wid="5">that</w>
  <w id="6" lemma="|she|" pos="PRP" wid="6">she</w>
  <w id="7" lemma="|have|" pos="VBZ" wid="7">has</w>
  <w id="8" lemma="|more|" pos="JJR" wid="8">more</w>
  <w id="9" lemma="|insight|" pos="NN" wid="9">insight</w>
  <w id="10" lemma="|than|" pos="IN" wid="10">than</w>
  <w id="11" lemma="|anyone|" pos="NN" wid="11">anyone</w>
  <w id="12" lemma="|into|" pos="IN" wid="12">into</w>
  <w id="13" lemma="|the|" pos="DT" wid="13">the</w>
  <w id="14" lemma="|profound|" pos="JJ" wid="14">profound</w>
  <w id="15" lemma="|intention|" pos="NNS" wid="15">intentions</w>
  <w id="16" lemma="|of|" pos="IN" wid="16">of</w>
  <w id="17" lemma="|Jesus|" pos="NNP" wid="17">Jesus</w>
  <w id="18" lemma="|.|" pos="." wid="18">.</w>
</sentence>
<sentence id="10">
  <w id="0" lemma="|she|" pos="PRP" wid="0">She</w>
  <w id="1" lemma="|know|" pos="VBZ" wid="1">knows</w>
  <w id="2" lemma="|he|" pos="PRP" wid="2">him</w>
  <w id="3" lemma="|``|" pos="``" wid="3">``</w>
  <w id="4" lemma="|heart|" pos="NN" wid="4">heart</w>
  <w id="5" lemma="|to|" pos="TO" wid="5">to</w>
  <w id="6" lemma="|heart|" pos="NN" wid="6">heart</w>
  <w id="7" lemma="|''|" pos="''" wid="7">''</w>
  <w id="8" lemma="|,|" pos="," wid="8">,</w>
  <w id="9" lemma="|for|" pos="IN" wid="9">for</w>
  <w id="10" lemma="|from|" pos="IN" wid="10">from</w>
  <w id="11" lemma="|the|" pos="DT" wid="11">the</w>
  <w id="12" lemma="|outset|" pos="NN" wid="12">outset</w>
  <w id="13" lemma="|she|" pos="PRP" wid="13">she</w>
  <w id="14" lemma="|have|" pos="VBZ" wid="14">has</w>
  <w id="15" lemma="|cherish|" pos="VBN" wid="15">cherished</w>
  <w id="16" lemma="|and|" pos="CC" wid="16">and</w>
  <w id="17" lemma="|ponder|" pos="VBN" wid="17">pondered</w>
  <w id="18" lemma="|on|" pos="IN" wid="18">on</w>
  <w id="19" lemma="|he|" pos="PRP$" wid="19">his</w>
  <w id="20" lemma="|every|" pos="DT" wid="20">every</w>
  <w id="21" lemma="|act|" pos="NN" wid="21">act</w>
  <w id="22" lemma="|and|" pos="CC" wid="22">and</w>
  <w id="23" lemma="|he|" pos="PRP$" wid="23">his</w>
  <w id="24" lemma="|every|" pos="DT" wid="24">every</w>
  <w id="25" lemma="|word|" pos="NN" wid="25">word</w>
  <w id="26" lemma="|-lrb-|" pos="-LRB-" wid="26">-LRB-</w>
  <w id="27" lemma="|cf|" pos="NN" wid="27">cf</w>
  <w id="28" lemma="|.|" pos="." wid="28">.</w>
</sentence>
<sentence id="11">
  <w id="0" lemma="|lk|" pos="NN" wid="0">Lk</w>
  <w id="1" lemma="|2|" pos="CD" wid="1">2</w>
  <w id="2" lemma="|:|" pos=":" wid="2">:</w>
  <w id="3" lemma="|19|" pos="CD" wid="3">19</w>
  <w id="4" lemma="|,|" pos="," wid="4">,</w>
  <w id="5" lemma="|51|" pos="CD" wid="5">51</w>
  <w id="6" lemma="|-rrb-|" pos="-RRB-" wid="6">-RRB-</w>
  <w id="7" lemma="|.|" pos="." wid="7">.</w>
</sentence>
<sentence id="12">
  <w id="0" lemma="|this|" pos="DT" wid="0">This</w>
  <w id="1" lemma="|be|" pos="VBZ" wid="1">is</w>
  <w id="2" lemma="|why|" pos="WRB" wid="2">why</w>
  <w id="3" lemma="|the|" pos="DT" wid="3">the</w>
  <w id="4" lemma="|Virgin|" pos="NNP" wid="4">Virgin</w>
  <w id="5" lemma="|be|" pos="VBZ" wid="5">is</w>
  <w id="6" lemma="|the|" pos="DT" wid="6">the</w>
  <w id="7" lemma="|first|" pos="JJ" wid="7">first</w>
  <w id="8" lemma="|and|" pos="CC" wid="8">and</w>
  <w id="9" lemma="|most|" pos="RBS" wid="9">most</w>
  <w id="10" lemma="|important|" pos="JJ" wid="10">important</w>
  <w id="11" lemma="|teacher|" pos="NN" wid="11">teacher</w>
  <w id="12" lemma="|of|" pos="IN" wid="12">of</w>
  <w id="13" lemma="|christian|" pos="JJ" wid="13">Christian</w>
  <w id="14" lemma="|prayer|" pos="NN" wid="14">prayer</w>
  <w id="15" lemma="|:|" pos=":" wid="15">:</w>
  <w id="16" lemma="|at|" pos="IN" wid="16">at</w>
  <w id="17" lemma="|she|" pos="PRP$" wid="17">her</w>
  <w id="18" lemma="|school|" pos="NN" wid="18">school</w>
  <w id="19" lemma="|we|" pos="PRP" wid="19">we</w>
  <w id="20" lemma="|learn|" pos="VBP" wid="20">learn</w>
  <w id="21" lemma="|to|" pos="TO" wid="21">to</w>
  <w id="22" lemma="|contemplate|" pos="VB" wid="22">contemplate</w>
  <w id="23" lemma="|the|" pos="DT" wid="23">the</w>
  <w id="24" lemma="|face|" pos="NN" wid="24">face</w>
  <w id="25" lemma="|of|" pos="IN" wid="25">of</w>
  <w id="26" lemma="|the|" pos="DT" wid="26">the</w>
  <w id="27" lemma="|Lord|" pos="NNP" wid="27">Lord</w>
  <w id="28" lemma="|,|" pos="," wid="28">,</w>
  <w id="29" lemma="|to|" pos="TO" wid="29">to</w>
  <w id="30" lemma="|internalize|" pos="VB" wid="30">internalize</w>
  <w id="31" lemma="|he|" pos="PRP$" wid="31">his</w>
  <w id="32" lemma="|sentiment|" pos="NNS" wid="32">sentiments</w>
  <w id="33" lemma="|and|" pos="CC" wid="33">and</w>
  <w id="34" lemma="|to|" pos="TO" wid="34">to</w>
  <w id="35" lemma="|accept|" pos="VB" wid="35">accept</w>
  <w id="36" lemma="|he|" pos="PRP$" wid="36">his</w>
  <w id="37" lemma="|value|" pos="NNS" wid="37">values</w>
  <w id="38" lemma="|with|" pos="IN" wid="38">with</w>
  <w id="39" lemma="|generous|" pos="JJ" wid="39">generous</w>
  <w id="40" lemma="|coherence|" pos="NN" wid="40">coherence</w>
  <w id="41" lemma="|.|" pos="." wid="41">.</w>
</sentence>
<sentence id="13">
  <w id="0" lemma="|3|" pos="LS" wid="0">3</w>
  <w id="1" lemma="|.|" pos="." wid="1">.</w>
</sentence>
<sentence id="14">
  <w id="0" lemma="|Dear|" pos="NNP" wid="0">Dear</w>
  <w id="1" lemma="|brother|" pos="NNS" wid="1">brothers</w>
  <w id="2" lemma="|and|" pos="CC" wid="2">and</w>
  <w id="3" lemma="|sister|" pos="NNS" wid="3">sisters</w>
  <w id="4" lemma="|,|" pos="," wid="4">,</w>
  <w id="5" lemma="|let|" pos="VB" wid="5">let</w>
  <w id="6" lemma="|we|" pos="PRP" wid="6">us</w>
  <w id="7" lemma="|follow|" pos="VB" wid="7">follow</w>
  <w id="8" lemma="|Christ|" pos="NNP" wid="8">Christ</w>
  <w id="9" lemma="|on|" pos="IN" wid="9">on</w>
  <w id="10" lemma="|the|" pos="DT" wid="10">the</w>
  <w id="11" lemma="|journey|" pos="NN" wid="11">journey</w>
  <w id="12" lemma="|of|" pos="IN" wid="12">of</w>
  <w id="13" lemma="|he|" pos="PRP$" wid="13">his</w>
  <w id="14" lemma="|mystery|" pos="NNS" wid="14">mysteries</w>
  <w id="15" lemma="|of|" pos="IN" wid="15">of</w>
  <w id="16" lemma="|salvation|" pos="NN" wid="16">salvation</w>
  <w id="17" lemma="|with|" pos="IN" wid="17">with</w>
  <w id="18" lemma="|the|" pos="DT" wid="18">the</w>
  <w id="19" lemma="|burning|" pos="NN" wid="19">burning</w>
  <w id="20" lemma="|love|" pos="NN" wid="20">love</w>
  <w id="21" lemma="|of|" pos="IN" wid="21">of</w>
  <w id="22" lemma="|the|" pos="DT" wid="22">the</w>
  <w id="23" lemma="|Virgin|" pos="NNP" wid="23">Virgin</w>
  <w id="24" lemma="|Mary|" pos="NNP" wid="24">Mary</w>
  <w id="25" lemma="|.|" pos="." wid="25">.</w>
</sentence>
<sentence id="15">
  <w id="0" lemma="|in|" pos="IN" wid="0">In</w>
  <w id="1" lemma="|these|" pos="DT" wid="1">these</w>
  <w id="2" lemma="|last|" pos="JJ" wid="2">last</w>
  <w id="3" lemma="|week|" pos="NNS" wid="3">weeks</w>
  <w id="4" lemma="|of|" pos="IN" wid="4">of</w>
  <w id="5" lemma="|the|" pos="DT" wid="5">the</w>
  <w id="6" lemma="|year|" pos="NN" wid="6">Year</w>
  <w id="7" lemma="|of|" pos="IN" wid="7">of</w>
  <w id="8" lemma="|the|" pos="DT" wid="8">the</w>
  <w id="9" lemma="|Rosary|" pos="NNP" wid="9">Rosary</w>
  <w id="10" lemma="|,|" pos="," wid="10">,</w>
  <w id="11" lemma="|let|" pos="VB" wid="11">let</w>
  <w id="12" lemma="|we|" pos="PRP" wid="12">us</w>
  <w id="13" lemma="|feel|" pos="VB" wid="13">feel</w>
  <w id="14" lemma="|more|" pos="RBR" wid="14">more</w>
  <w id="15" lemma="|closely|" pos="RB" wid="15">closely</w>
  <w id="16" lemma="|united|" pos="JJ" wid="16">united</w>
  <w id="17" lemma="|than|" pos="IN" wid="17">than</w>
  <w id="18" lemma="|ever|" pos="RB" wid="18">ever</w>
  <w id="19" lemma="|as|" pos="IN" wid="19">as</w>
  <w id="20" lemma="|we|" pos="PRP" wid="20">we</w>
  <w id="21" lemma="|recite|" pos="VBP" wid="21">recite</w>
  <w id="22" lemma="|the|" pos="DT" wid="22">the</w>
  <w id="23" lemma="|holy|" pos="JJ" wid="23">holy</w>
  <w id="24" lemma="|Rosary|" pos="NNP" wid="24">Rosary</w>
  <w id="25" lemma="|for|" pos="IN" wid="25">for</w>
  <w id="26" lemma="|family|" pos="NNS" wid="26">families</w>
  <w id="27" lemma="|,|" pos="," wid="27">,</w>
  <w id="28" lemma="|and|" pos="CC" wid="28">and</w>
  <w id="29" lemma="|particularly|" pos="RB" wid="29">particularly</w>
  <w id="30" lemma="|for|" pos="IN" wid="30">for</w>
  <w id="31" lemma="|peace|" pos="NN" wid="31">peace</w>
  <w id="32" lemma="|in|" pos="IN" wid="32">in</w>
  <w id="33" lemma="|the|" pos="DT" wid="33">the</w>
  <w id="34" lemma="|world|" pos="NN" wid="34">world</w>
  <w id="35" lemma="|.|" pos="." wid="35">.</w>
</sentence>
<sentence id="16">
  <w id="0" lemma="|after|" pos="IN" wid="0">After</w>
  <w id="1" lemma="|the|" pos="DT" wid="1">the</w>
  <w id="2" lemma="|prayer|" pos="NN" wid="2">prayer</w>
  <w id="3" lemma="|of|" pos="IN" wid="3">of</w>
  <w id="4" lemma="|the|" pos="DT" wid="4">the</w>
  <w id="5" lemma="|Angelus|" pos="NNP" wid="5">Angelus</w>
  <w id="6" lemma="|the|" pos="DT" wid="6">the</w>
  <w id="7" lemma="|Holy|" pos="NNP" wid="7">Holy</w>
  <w id="8" lemma="|Father|" pos="NNP" wid="8">Father</w>
  <w id="9" lemma="|greet|" pos="VBD" wid="9">greeted</w>
  <w id="10" lemma="|the|" pos="DT" wid="10">the</w>
  <w id="11" lemma="|faithful|" pos="NN" wid="11">faithful</w>
  <w id="12" lemma="|in|" pos="IN" wid="12">in</w>
  <w id="13" lemma="|French|" pos="NNP" wid="13">French</w>
  <w id="14" lemma="|,|" pos="," wid="14">,</w>
  <w id="15" lemma="|English|" pos="NNP" wid="15">English</w>
  <w id="16" lemma="|,|" pos="," wid="16">,</w>
  <w id="17" lemma="|Spanish|" pos="NNP" wid="17">Spanish</w>
  <w id="18" lemma="|,|" pos="," wid="18">,</w>
  <w id="19" lemma="|German|" pos="NNP" wid="19">German</w>
  <w id="20" lemma="|and|" pos="CC" wid="20">and</w>
  <w id="21" lemma="|Italian|" pos="NNP" wid="21">Italian</w>
  <w id="22" lemma="|.|" pos="." wid="22">.</w>
</sentence>
<sentence id="17">
  <w id="0" lemma="|in|" pos="IN" wid="0">In</w>
  <w id="1" lemma="|English|" pos="NNP" wid="1">English</w>
  <w id="2" lemma="|he|" pos="PRP" wid="2">he</w>
  <w id="3" lemma="|say|" pos="VBD" wid="3">said</w>
  <w id="4" lemma="|:|" pos=":" wid="4">:</w>
  <w id="5" lemma="|I|" pos="PRP" wid="5">I</w>
  <w id="6" lemma="|be|" pos="VBP" wid="6">am</w>
  <w id="7" lemma="|pleased|" pos="JJ" wid="7">pleased</w>
  <w id="8" lemma="|to|" pos="TO" wid="8">to</w>
  <w id="9" lemma="|greet|" pos="VB" wid="9">greet</w>
  <w id="10" lemma="|the|" pos="DT" wid="10">the</w>
  <w id="11" lemma="|english-speaking|" pos="JJ" wid="11">English-speaking</w>
  <w id="12" lemma="|visitor|" pos="NNS" wid="12">visitors</w>
  <w id="13" lemma="|who|" pos="WP" wid="13">who</w>
  <w id="14" lemma="|have|" pos="VBP" wid="14">have</w>
  <w id="15" lemma="|pray|" pos="VBN" wid="15">prayed</w>
  <w id="16" lemma="|the|" pos="DT" wid="16">the</w>
  <w id="17" lemma="|Angelus|" pos="NNPS" wid="17">Angelus</w>
  <w id="18" lemma="|with|" pos="IN" wid="18">with</w>
  <w id="19" lemma="|we|" pos="PRP" wid="19">us</w>
  <w id="20" lemma="|today|" pos="NN" wid="20">today</w>
  <w id="21" lemma="|.|" pos="." wid="21">.</w>
</sentence>
<sentence id="18">
  <w id="0" lemma="|in|" pos="IN" wid="0">In</w>
  <w id="1" lemma="|a|" pos="DT" wid="1">a</w>
  <w id="2" lemma="|special|" pos="JJ" wid="2">special</w>
  <w id="3" lemma="|way|" pos="NN" wid="3">way</w>
  <w id="4" lemma="|,|" pos="," wid="4">,</w>
  <w id="5" lemma="|on|" pos="IN" wid="5">on</w>
  <w id="6" lemma="|the|" pos="DT" wid="6">the</w>
  <w id="7" lemma="|occasion|" pos="NN" wid="7">occasion</w>
  <w id="8" lemma="|of|" pos="IN" wid="8">of</w>
  <w id="9" lemma="|the|" pos="DT" wid="9">the</w>
  <w id="10" lemma="|upcome|" pos="VBG" wid="10">upcoming</w>
  <w id="11" lemma="|World|" pos="NNP" wid="11">World</w>
  <w id="12" lemma="|Maritime|" pos="NNP" wid="12">Maritime</w>
  <w id="13" lemma="|Day|" pos="NNP" wid="13">Day</w>
  <w id="14" lemma="|,|" pos="," wid="14">,</w>
  <w id="15" lemma="|I|" pos="PRP" wid="15">I</w>
  <w id="16" lemma="|wish|" pos="VBP" wid="16">wish</w>
  <w id="17" lemma="|to|" pos="TO" wid="17">to</w>
  <w id="18" lemma="|extend|" pos="VB" wid="18">extend</w>
  <w id="19" lemma="|my|" pos="PRP$" wid="19">my</w>
  <w id="20" lemma="|cordial|" pos="JJ" wid="20">cordial</w>
  <w id="21" lemma="|greeting|" pos="NNS" wid="21">greetings</w>
  <w id="22" lemma="|to|" pos="TO" wid="22">to</w>
  <w id="23" lemma="|seafarer|" pos="NNS" wid="23">Seafarers</w>
  <w id="24" lemma="|of|" pos="IN" wid="24">of</w>
  <w id="25" lemma="|all|" pos="DT" wid="25">all</w>
  <w id="26" lemma="|nation|" pos="NNS" wid="26">nations</w>
  <w id="27" lemma="|.|" pos="." wid="27">.</w>
</sentence>
<sentence id="19">
  <w id="0" lemma="|May|" pos="NNP" wid="0">May</w>
  <w id="1" lemma="|God|" pos="NNP" wid="1">God</w>
  <w id="2" lemma="|bless|" pos="VB" wid="2">bless</w>
  <w id="3" lemma="|you|" pos="PRP" wid="3">you</w>
  <w id="4" lemma="|in|" pos="IN" wid="4">in</w>
  <w id="5" lemma="|you|" pos="PRP$" wid="5">your</w>
  <w id="6" lemma="|work|" pos="NN" wid="6">work</w>
  <w id="7" lemma="|,|" pos="," wid="7">,</w>
  <w id="8" lemma="|and|" pos="CC" wid="8">and</w>
  <w id="9" lemma="|may|" pos="MD" wid="9">may</w>
  <w id="10" lemma="|Our|" pos="NNP" wid="10">Our</w>
  <w id="11" lemma="|Lady|" pos="NNP" wid="11">Lady</w>
  <w id="12" lemma="|,|" pos="," wid="12">,</w>
  <w id="13" lemma="|Star|" pos="NNP" wid="13">Star</w>
  <w id="14" lemma="|of|" pos="IN" wid="14">of</w>
  <w id="15" lemma="|the|" pos="DT" wid="15">the</w>
  <w id="16" lemma="|sea|" pos="NN" wid="16">Sea</w>
  <w id="17" lemma="|,|" pos="," wid="17">,</w>
  <w id="18" lemma="|guide|" pos="NN" wid="18">guide</w>
  <w id="19" lemma="|and|" pos="CC" wid="19">and</w>
  <w id="20" lemma="|protect|" pos="VB" wid="20">protect</w>
  <w id="21" lemma="|you|" pos="PRP" wid="21">you</w>
  <w id="22" lemma="|and|" pos="CC" wid="22">and</w>
  <w id="23" lemma="|you|" pos="PRP$" wid="23">your</w>
  <w id="24" lemma="|love|" pos="VBN" wid="24">loved</w>
  <w id="25" lemma="|one|" pos="NNS" wid="25">ones</w>
  <w id="26" lemma="|.|" pos="." wid="26">.</w>
</sentence>
<sentence id="20">
  <w id="0" lemma="|©|" pos="NNP" wid="0">©</w>
  <w id="1" lemma="|Copyright|" pos="NNP" wid="1">Copyright</w>
  <w id="2" lemma="|2003|" pos="CD" wid="2">2003</w>
  <w id="3" lemma="|-|" pos=":" wid="3">-</w>
  <w id="4" lemma="|Libreria|" pos="NNP" wid="4">Libreria</w>
  <w id="5" lemma="|Editrice|" pos="NNP" wid="5">Editrice</w>
  <w id="6" lemma="|Vaticana|" pos="NNP" wid="6">Vaticana</w>
</sentence>
</corpus>