<corpus id="0">
<sentence id="0">
  <w id="0" lemma="|1|" pos="CD" wid="0">1</w>
  <w id="1" lemma="|.|" pos="." wid="1">.</w>
</sentence>
<sentence id="1">
  <w id="0" lemma="|today|" pos="NN" wid="0">Today</w>
  <w id="1" lemma="|my|" pos="PRP$" wid="1">my</w>
  <w id="2" lemma="|thought|" pos="NNS" wid="2">thoughts</w>
  <w id="3" lemma="|be|" pos="VBP" wid="3">are</w>
  <w id="4" lemma="|with|" pos="IN" wid="4">with</w>
  <w id="5" lemma="|those|" pos="DT" wid="5">those</w>
  <w id="6" lemma="|take|" pos="VBG" wid="6">taking</w>
  <w id="7" lemma="|part|" pos="NN" wid="7">part</w>
  <w id="8" lemma="|in|" pos="IN" wid="8">in</w>
  <w id="9" lemma="|the|" pos="DT" wid="9">the</w>
  <w id="10" lemma="|national|" pos="JJ" wid="10">national</w>
  <w id="11" lemma="|meeting|" pos="NN" wid="11">meeting</w>
  <w id="12" lemma="|of|" pos="IN" wid="12">of</w>
  <w id="13" lemma="|Catholic|" pos="NNP" wid="13">Catholic</w>
  <w id="14" lemma="|association|" pos="NNS" wid="14">associations</w>
  <w id="15" lemma="|which|" pos="WDT" wid="15">which</w>
  <w id="16" lemma="|be|" pos="VBZ" wid="16">is</w>
  <w id="17" lemma="|take|" pos="VBG" wid="17">taking</w>
  <w id="18" lemma="|place|" pos="NN" wid="18">place</w>
  <w id="19" lemma="|in|" pos="IN" wid="19">in</w>
  <w id="20" lemma="|Genoa|" pos="NNP" wid="20">Genoa</w>
  <w id="21" lemma="|,|" pos="," wid="21">,</w>
  <w id="22" lemma="|to|" pos="TO" wid="22">to</w>
  <w id="23" lemma="|prepare|" pos="VB" wid="23">prepare</w>
  <w id="24" lemma="|for|" pos="IN" wid="24">for</w>
  <w id="25" lemma="|the|" pos="DT" wid="25">the</w>
  <w id="26" lemma="|impending|" pos="JJ" wid="26">impending</w>
  <w id="27" lemma="|meeting|" pos="NN" wid="27">meeting</w>
  <w id="28" lemma="|of|" pos="IN" wid="28">of</w>
  <w id="29" lemma="|government|" pos="NN" wid="29">government</w>
  <w id="30" lemma="|leader|" pos="NNS" wid="30">leaders</w>
  <w id="31" lemma="|.|" pos="." wid="31">.</w>
</sentence>
<sentence id="2">
  <w id="0" lemma="|in|" pos="IN" wid="0">In</w>
  <w id="1" lemma="|this|" pos="DT" wid="1">this</w>
  <w id="2" lemma="|way|" pos="NN" wid="2">way</w>
  <w id="3" lemma="|they|" pos="PRP" wid="3">they</w>
  <w id="4" lemma="|want|" pos="VBD" wid="4">wanted</w>
  <w id="5" lemma="|to|" pos="TO" wid="5">to</w>
  <w id="6" lemma="|fulfil|" pos="VB" wid="6">fulfil</w>
  <w id="7" lemma="|the|" pos="DT" wid="7">the</w>
  <w id="8" lemma="|task|" pos="NN" wid="8">task</w>
  <w id="9" lemma="|I|" pos="PRP" wid="9">I</w>
  <w id="10" lemma="|entrust|" pos="VBD" wid="10">entrusted</w>
  <w id="11" lemma="|to|" pos="TO" wid="11">to</w>
  <w id="12" lemma="|young|" pos="JJ" wid="12">young</w>
  <w id="13" lemma="|people|" pos="NNS" wid="13">people</w>
  <w id="14" lemma="|at|" pos="IN" wid="14">at</w>
  <w id="15" lemma="|Tor|" pos="NNP" wid="15">Tor</w>
  <w id="16" lemma="|Vergata|" pos="NNP" wid="16">Vergata</w>
  <w id="17" lemma="|:|" pos=":" wid="17">:</w>
  <w id="18" lemma="|``|" pos="``" wid="18">``</w>
  <w id="19" lemma="|you|" pos="PRP" wid="19">You</w>
  <w id="20" lemma="|will|" pos="MD" wid="20">will</w>
  <w id="21" lemma="|not|" pos="RB" wid="21">not</w>
  <w id="22" lemma="|be|" pos="VB" wid="22">be</w>
  <w id="23" lemma="|resign|" pos="VBN" wid="23">resigned</w>
  <w id="24" lemma="|''|" pos="''" wid="24">''</w>
  <w id="25" lemma="|,|" pos="," wid="25">,</w>
  <w id="26" lemma="|I|" pos="PRP" wid="26">I</w>
  <w id="27" lemma="|say|" pos="VBD" wid="27">said</w>
  <w id="28" lemma="|,|" pos="," wid="28">,</w>
  <w id="29" lemma="|``|" pos="``" wid="29">``</w>
  <w id="30" lemma="|to|" pos="TO" wid="30">to</w>
  <w id="31" lemma="|a|" pos="DT" wid="31">a</w>
  <w id="32" lemma="|world|" pos="NN" wid="32">world</w>
  <w id="33" lemma="|where|" pos="WRB" wid="33">where</w>
  <w id="34" lemma="|other|" pos="JJ" wid="34">other</w>
  <w id="35" lemma="|human|" pos="JJ" wid="35">human</w>
  <w id="36" lemma="|being|" pos="NNS" wid="36">beings</w>
  <w id="37" lemma="|die|" pos="NN" wid="37">die</w>
  <w id="38" lemma="|of|" pos="IN" wid="38">of</w>
  <w id="39" lemma="|hunger|" pos="NN" wid="39">hunger</w>
  <w id="40" lemma="|,|" pos="," wid="40">,</w>
  <w id="41" lemma="|remain|" pos="VBP" wid="41">remain</w>
  <w id="42" lemma="|illiterate|" pos="JJ" wid="42">illiterate</w>
  <w id="43" lemma="|and|" pos="CC" wid="43">and</w>
  <w id="44" lemma="|have|" pos="VBP" wid="44">have</w>
  <w id="45" lemma="|no|" pos="DT" wid="45">no</w>
  <w id="46" lemma="|work|" pos="NN" wid="46">work</w>
  <w id="47" lemma="|.|" pos="." wid="47">.</w>
</sentence>
<sentence id="3">
  <w id="0" lemma="|you|" pos="PRP" wid="0">You</w>
  <w id="1" lemma="|will|" pos="MD" wid="1">will</w>
  <w id="2" lemma="|defend|" pos="VB" wid="2">defend</w>
  <w id="3" lemma="|life|" pos="NN" wid="3">life</w>
  <w id="4" lemma="|at|" pos="IN" wid="4">at</w>
  <w id="5" lemma="|every|" pos="DT" wid="5">every</w>
  <w id="6" lemma="|moment|" pos="NN" wid="6">moment</w>
  <w id="7" lemma="|of|" pos="IN" wid="7">of</w>
  <w id="8" lemma="|its|" pos="PRP$" wid="8">its</w>
  <w id="9" lemma="|development|" pos="NN" wid="9">development</w>
  <w id="10" lemma="|;|" pos=":" wid="10">;</w>
  <w id="11" lemma="|you|" pos="PRP" wid="11">you</w>
  <w id="12" lemma="|will|" pos="MD" wid="12">will</w>
  <w id="13" lemma="|strive|" pos="VB" wid="13">strive</w>
  <w id="14" lemma="|with|" pos="IN" wid="14">with</w>
  <w id="15" lemma="|all|" pos="DT" wid="15">all</w>
  <w id="16" lemma="|you|" pos="PRP$" wid="16">your</w>
  <w id="17" lemma="|strength|" pos="NN" wid="17">strength</w>
  <w id="18" lemma="|to|" pos="TO" wid="18">to</w>
  <w id="19" lemma="|make|" pos="VB" wid="19">make</w>
  <w id="20" lemma="|this|" pos="DT" wid="20">this</w>
  <w id="21" lemma="|earth|" pos="NN" wid="21">earth</w>
  <w id="22" lemma="|ever|" pos="RB" wid="22">ever</w>
  <w id="23" lemma="|more|" pos="RBR" wid="23">more</w>
  <w id="24" lemma="|liveable|" pos="JJ" wid="24">liveable</w>
  <w id="25" lemma="|for|" pos="IN" wid="25">for</w>
  <w id="26" lemma="|all|" pos="DT" wid="26">all</w>
  <w id="27" lemma="|people|" pos="NNS" wid="27">people</w>
  <w id="28" lemma="|''|" pos="''" wid="28">''</w>
  <w id="29" lemma="|.|" pos="." wid="29">.</w>
</sentence>
<sentence id="4">
  <w id="0" lemma="|I|" pos="PRP" wid="0">I</w>
  <w id="1" lemma="|join|" pos="VBP" wid="1">join</w>
  <w id="2" lemma="|the|" pos="DT" wid="2">the</w>
  <w id="3" lemma="|bishop|" pos="NNS" wid="3">Bishops</w>
  <w id="4" lemma="|of|" pos="IN" wid="4">of</w>
  <w id="5" lemma="|Liguria|" pos="NNP" wid="5">Liguria</w>
  <w id="6" lemma="|-lsb-|" pos="-LRB-" wid="6">-LSB-</w>
  <w id="7" lemma="|the|" pos="DT" wid="7">the</w>
  <w id="8" lemma="|area|" pos="NN" wid="8">area</w>
  <w id="9" lemma="|around|" pos="IN" wid="9">around</w>
  <w id="10" lemma="|Genoa|" pos="NNP" wid="10">Genoa</w>
  <w id="11" lemma="|-rsb-|" pos="-RRB-" wid="11">-RSB-</w>
  <w id="12" lemma="|who|" pos="WP" wid="12">who</w>
  <w id="13" lemma="|,|" pos="," wid="13">,</w>
  <w id="14" lemma="|in|" pos="IN" wid="14">in</w>
  <w id="15" lemma="|a|" pos="DT" wid="15">a</w>
  <w id="16" lemma="|recent|" pos="JJ" wid="16">recent</w>
  <w id="17" lemma="|letter|" pos="NN" wid="17">letter</w>
  <w id="18" lemma="|address|" pos="VBN" wid="18">addressed</w>
  <w id="19" lemma="|to|" pos="TO" wid="19">to</w>
  <w id="20" lemma="|the|" pos="DT" wid="20">the</w>
  <w id="21" lemma="|faithful|" pos="NN" wid="21">faithful</w>
  <w id="22" lemma="|,|" pos="," wid="22">,</w>
  <w id="23" lemma="|express|" pos="VBP" wid="23">express</w>
  <w id="24" lemma="|the|" pos="DT" wid="24">the</w>
  <w id="25" lemma="|urgent|" pos="JJ" wid="25">urgent</w>
  <w id="26" lemma="|need|" pos="NN" wid="26">need</w>
  <w id="27" lemma="|to|" pos="TO" wid="27">to</w>
  <w id="28" lemma="|reawaken|" pos="VB" wid="28">reawaken</w>
  <w id="29" lemma="|a|" pos="DT" wid="29">a</w>
  <w id="30" lemma="|sense|" pos="NN" wid="30">sense</w>
  <w id="31" lemma="|of|" pos="IN" wid="31">of</w>
  <w id="32" lemma="|the|" pos="DT" wid="32">the</w>
  <w id="33" lemma="|urgent|" pos="JJ" wid="33">urgent</w>
  <w id="34" lemma="|need|" pos="NN" wid="34">need</w>
  <w id="35" lemma="|for|" pos="IN" wid="35">for</w>
  <w id="36" lemma="|a|" pos="DT" wid="36">a</w>
  <w id="37" lemma="|new|" pos="JJ" wid="37">new</w>
  <w id="38" lemma="|``|" pos="``" wid="38">``</w>
  <w id="39" lemma="|morality|" pos="NN" wid="39">morality</w>
  <w id="40" lemma="|'|" pos="''" wid="40">'</w>
  <w id="41" lemma="|in|" pos="IN" wid="41">in</w>
  <w id="42" lemma="|everyone|" pos="NN" wid="42">everyone</w>
  <w id="43" lemma="|,|" pos="," wid="43">,</w>
  <w id="44" lemma="|``|" pos="``" wid="44">``</w>
  <w id="45" lemma="|begin|" pos="VBG" wid="45">beginning</w>
  <w id="46" lemma="|with|" pos="IN" wid="46">with</w>
  <w id="47" lemma="|those|" pos="DT" wid="47">those</w>
  <w id="48" lemma="|responsible|" pos="JJ" wid="48">responsible</w>
  <w id="49" lemma="|for|" pos="IN" wid="49">for</w>
  <w id="50" lemma="|public|" pos="JJ" wid="50">public</w>
  <w id="51" lemma="|administration|" pos="NN" wid="51">administration</w>
  <w id="52" lemma="|''|" pos="''" wid="52">''</w>
  <w id="53" lemma="|.|" pos="." wid="53">.</w>
</sentence>
<sentence id="5">
  <w id="0" lemma="|the|" pos="DT" wid="0">The</w>
  <w id="1" lemma="|need|" pos="NN" wid="1">need</w>
  <w id="2" lemma="|become|" pos="VBZ" wid="2">becomes</w>
  <w id="3" lemma="|more|" pos="RBR" wid="3">more</w>
  <w id="4" lemma="|urgent|" pos="JJ" wid="4">urgent</w>
  <w id="5" lemma="|when|" pos="WRB" wid="5">when</w>
  <w id="6" lemma="|one|" pos="NN" wid="6">one</w>
  <w id="7" lemma="|consider|" pos="VBZ" wid="7">considers</w>
  <w id="8" lemma="|the|" pos="DT" wid="8">the</w>
  <w id="9" lemma="|serious|" pos="JJ" wid="9">serious</w>
  <w id="10" lemma="|,|" pos="," wid="10">,</w>
  <w id="11" lemma="|and|" pos="CC" wid="11">and</w>
  <w id="12" lemma="|even|" pos="RB" wid="12">even</w>
  <w id="13" lemma="|tragic|" pos="JJ" wid="13">tragic</w>
  <w id="14" lemma="|,|" pos="," wid="14">,</w>
  <w id="15" lemma="|problem|" pos="NNS" wid="15">problems</w>
  <w id="16" lemma="|in|" pos="IN" wid="16">in</w>
  <w id="17" lemma="|the|" pos="DT" wid="17">the</w>
  <w id="18" lemma="|economic/financial|" pos="NN" wid="18">economic/financial</w>
  <w id="19" lemma="|,|" pos="," wid="19">,</w>
  <w id="20" lemma="|health|" pos="NN" wid="20">health</w>
  <w id="21" lemma="|,|" pos="," wid="21">,</w>
  <w id="22" lemma="|social|" pos="JJ" wid="22">social</w>
  <w id="23" lemma="|,|" pos="," wid="23">,</w>
  <w id="24" lemma="|cultural|" pos="JJ" wid="24">cultural</w>
  <w id="25" lemma="|,|" pos="," wid="25">,</w>
  <w id="26" lemma="|environmental|" pos="JJ" wid="26">environmental</w>
  <w id="27" lemma="|and|" pos="CC" wid="27">and</w>
  <w id="28" lemma="|political|" pos="JJ" wid="28">political</w>
  <w id="29" lemma="|order|" pos="NNS" wid="29">orders</w>
  <w id="30" lemma="|.|" pos="." wid="30">.</w>
</sentence>
<sentence id="6">
  <w id="0" lemma="|in|" pos="IN" wid="0">In</w>
  <w id="1" lemma="|fact|" pos="NN" wid="1">fact</w>
  <w id="2" lemma="|,|" pos="," wid="2">,</w>
  <w id="3" lemma="|faith|" pos="NN" wid="3">faith</w>
  <w id="4" lemma="|can|" pos="MD" wid="4">can</w>
  <w id="5" lemma="|not|" pos="RB" wid="5">not</w>
  <w id="6" lemma="|leave|" pos="VB" wid="6">leave</w>
  <w id="7" lemma="|christian|" pos="NNS" wid="7">Christians</w>
  <w id="8" lemma="|indifferent|" pos="JJ" wid="8">indifferent</w>
  <w id="9" lemma="|to|" pos="TO" wid="9">to</w>
  <w id="10" lemma="|such|" pos="JJ" wid="10">such</w>
  <w id="11" lemma="|issue|" pos="NNS" wid="11">issues</w>
  <w id="12" lemma="|of|" pos="IN" wid="12">of</w>
  <w id="13" lemma="|world|" pos="NN" wid="13">world</w>
  <w id="14" lemma="|importance|" pos="NN" wid="14">importance</w>
  <w id="15" lemma="|.|" pos="." wid="15">.</w>
</sentence>
<sentence id="7">
  <w id="0" lemma="|it|" pos="PRP" wid="0">It</w>
  <w id="1" lemma="|incite|" pos="VBZ" wid="1">incites</w>
  <w id="2" lemma="|they|" pos="PRP" wid="2">them</w>
  <w id="3" lemma="|to|" pos="TO" wid="3">to</w>
  <w id="4" lemma="|challenge|" pos="VB" wid="4">challenge</w>
  <w id="5" lemma="|those|" pos="DT" wid="5">those</w>
  <w id="6" lemma="|responsible|" pos="JJ" wid="6">responsible</w>
  <w id="7" lemma="|for|" pos="IN" wid="7">for</w>
  <w id="8" lemma="|politics|" pos="NNS" wid="8">politics</w>
  <w id="9" lemma="|and|" pos="CC" wid="9">and</w>
  <w id="10" lemma="|economics|" pos="NNS" wid="10">economics</w>
  <w id="11" lemma="|with|" pos="IN" wid="11">with</w>
  <w id="12" lemma="|a|" pos="DT" wid="12">a</w>
  <w id="13" lemma="|purposeful|" pos="JJ" wid="13">purposeful</w>
  <w id="14" lemma="|spirit|" pos="NN" wid="14">spirit</w>
  <w id="15" lemma="|,|" pos="," wid="15">,</w>
  <w id="16" lemma="|ask|" pos="VBG" wid="16">asking</w>
  <w id="17" lemma="|that|" pos="IN" wid="17">that</w>
  <w id="18" lemma="|the|" pos="DT" wid="18">the</w>
  <w id="19" lemma="|present|" pos="JJ" wid="19">present</w>
  <w id="20" lemma="|process|" pos="NN" wid="20">process</w>
  <w id="21" lemma="|of|" pos="IN" wid="21">of</w>
  <w id="22" lemma="|globalization|" pos="NN" wid="22">globalization</w>
  <w id="23" lemma="|be|" pos="VB" wid="23">be</w>
  <w id="24" lemma="|firmly|" pos="RB" wid="24">firmly</w>
  <w id="25" lemma="|govern|" pos="VBN" wid="25">governed</w>
  <w id="26" lemma="|by|" pos="IN" wid="26">by</w>
  <w id="27" lemma="|the|" pos="DT" wid="27">the</w>
  <w id="28" lemma="|motive|" pos="NN" wid="28">motive</w>
  <w id="29" lemma="|of|" pos="IN" wid="29">of</w>
  <w id="30" lemma="|the|" pos="DT" wid="30">the</w>
  <w id="31" lemma="|common|" pos="JJ" wid="31">common</w>
  <w id="32" lemma="|good|" pos="NN" wid="32">good</w>
  <w id="33" lemma="|of|" pos="IN" wid="33">of</w>
  <w id="34" lemma="|citizen|" pos="NNS" wid="34">citizens</w>
  <w id="35" lemma="|across|" pos="IN" wid="35">across</w>
  <w id="36" lemma="|the|" pos="DT" wid="36">the</w>
  <w id="37" lemma="|world|" pos="NN" wid="37">world</w>
  <w id="38" lemma="|,|" pos="," wid="38">,</w>
  <w id="39" lemma="|base|" pos="VBN" wid="39">based</w>
  <w id="40" lemma="|on|" pos="IN" wid="40">on</w>
  <w id="41" lemma="|the|" pos="DT" wid="41">the</w>
  <w id="42" lemma="|indispensable|" pos="JJ" wid="42">indispensable</w>
  <w id="43" lemma="|requirement|" pos="NNS" wid="43">requirements</w>
  <w id="44" lemma="|of|" pos="IN" wid="44">of</w>
  <w id="45" lemma="|justice|" pos="NN" wid="45">justice</w>
  <w id="46" lemma="|and|" pos="CC" wid="46">and</w>
  <w id="47" lemma="|solidarity|" pos="NN" wid="47">solidarity</w>
  <w id="48" lemma="|.|" pos="." wid="48">.</w>
</sentence>
<sentence id="8">
  <w id="0" lemma="|2|" pos="CD" wid="0">2</w>
  <w id="1" lemma="|.|" pos="." wid="1">.</w>
</sentence>
<sentence id="9">
  <w id="0" lemma="|for|" pos="IN" wid="0">For</w>
  <w id="1" lemma="|this|" pos="DT" wid="1">this</w>
  <w id="2" lemma="|reason|" pos="NN" wid="2">reason</w>
  <w id="3" lemma="|,|" pos="," wid="3">,</w>
  <w id="4" lemma="|the|" pos="DT" wid="4">the</w>
  <w id="5" lemma="|richest|" pos="JJS" wid="5">richest</w>
  <w id="6" lemma="|and|" pos="CC" wid="6">and</w>
  <w id="7" lemma="|technologically|" pos="RB" wid="7">technologically</w>
  <w id="8" lemma="|most|" pos="RBS" wid="8">most</w>
  <w id="9" lemma="|advanced|" pos="JJ" wid="9">advanced</w>
  <w id="10" lemma="|people|" pos="NNS" wid="10">peoples</w>
  <w id="11" lemma="|,|" pos="," wid="11">,</w>
  <w id="12" lemma="|aware|" pos="JJ" wid="12">aware</w>
  <w id="13" lemma="|that|" pos="IN" wid="13">that</w>
  <w id="14" lemma="|God|" pos="NNP" wid="14">God</w>
  <w id="15" lemma="|the|" pos="DT" wid="15">the</w>
  <w id="16" lemma="|Creator|" pos="NNP" wid="16">Creator</w>
  <w id="17" lemma="|and|" pos="CC" wid="17">and</w>
  <w id="18" lemma="|Father|" pos="NNP" wid="18">Father</w>
  <w id="19" lemma="|want|" pos="VBZ" wid="19">wants</w>
  <w id="20" lemma="|to|" pos="TO" wid="20">to</w>
  <w id="21" lemma="|make|" pos="VB" wid="21">make</w>
  <w id="22" lemma="|humanity|" pos="NN" wid="22">humanity</w>
  <w id="23" lemma="|one|" pos="CD" wid="23">one</w>
  <w id="24" lemma="|family|" pos="NN" wid="24">family</w>
  <w id="25" lemma="|,|" pos="," wid="25">,</w>
  <w id="26" lemma="|must|" pos="MD" wid="26">must</w>
  <w id="27" lemma="|hear|" pos="VB" wid="27">hear</w>
  <w id="28" lemma="|the|" pos="DT" wid="28">the</w>
  <w id="29" lemma="|cry|" pos="NN" wid="29">cry</w>
  <w id="30" lemma="|of|" pos="IN" wid="30">of</w>
  <w id="31" lemma="|so|" pos="RB" wid="31">so</w>
  <w id="32" lemma="|many|" pos="JJ" wid="32">many</w>
  <w id="33" lemma="|poor|" pos="JJ" wid="33">poor</w>
  <w id="34" lemma="|people|" pos="NNS" wid="34">people</w>
  <w id="35" lemma="|of|" pos="IN" wid="35">of</w>
  <w id="36" lemma="|the|" pos="DT" wid="36">the</w>
  <w id="37" lemma="|world|" pos="NN" wid="37">world</w>
  <w id="38" lemma="|-|" pos=":" wid="38">-</w>
  <w id="39" lemma="|they|" pos="PRP" wid="39">they</w>
  <w id="40" lemma="|be|" pos="VBP" wid="40">are</w>
  <w id="41" lemma="|simply|" pos="RB" wid="41">simply</w>
  <w id="42" lemma="|ask|" pos="VBG" wid="42">asking</w>
  <w id="43" lemma="|for|" pos="IN" wid="43">for</w>
  <w id="44" lemma="|what|" pos="WP" wid="44">what</w>
  <w id="45" lemma="|be|" pos="VBZ" wid="45">is</w>
  <w id="46" lemma="|they|" pos="PRP$" wid="46">their</w>
  <w id="47" lemma="|sacrosanct|" pos="JJ" wid="47">sacrosanct</w>
  <w id="48" lemma="|right|" pos="NN" wid="48">right</w>
  <w id="49" lemma="|.|" pos="." wid="49">.</w>
</sentence>
<sentence id="10">
  <w id="0" lemma="|I|" pos="PRP" wid="0">I</w>
  <w id="1" lemma="|would|" pos="MD" wid="1">would</w>
  <w id="2" lemma="|like|" pos="VB" wid="2">like</w>
  <w id="3" lemma="|to|" pos="TO" wid="3">to</w>
  <w id="4" lemma="|assure|" pos="VB" wid="4">assure</w>
  <w id="5" lemma="|the|" pos="DT" wid="5">the</w>
  <w id="6" lemma="|leader|" pos="NNS" wid="6">leaders</w>
  <w id="7" lemma="|of|" pos="IN" wid="7">of</w>
  <w id="8" lemma="|government|" pos="NN" wid="8">government</w>
  <w id="9" lemma="|throughout|" pos="IN" wid="9">throughout</w>
  <w id="10" lemma="|the|" pos="DT" wid="10">the</w>
  <w id="11" lemma="|world|" pos="NN" wid="11">world</w>
  <w id="12" lemma="|and|" pos="CC" wid="12">and</w>
  <w id="13" lemma="|,|" pos="," wid="13">,</w>
  <w id="14" lemma="|in|" pos="IN" wid="14">in</w>
  <w id="15" lemma="|particular|" pos="JJ" wid="15">particular</w>
  <w id="16" lemma="|,|" pos="," wid="16">,</w>
  <w id="17" lemma="|those|" pos="DT" wid="17">those</w>
  <w id="18" lemma="|who|" pos="WP" wid="18">who</w>
  <w id="19" lemma="|will|" pos="MD" wid="19">will</w>
  <w id="20" lemma="|be|" pos="VB" wid="20">be</w>
  <w id="21" lemma="|meet|" pos="VBG" wid="21">meeting</w>
  <w id="22" lemma="|in|" pos="IN" wid="22">in</w>
  <w id="23" lemma="|Genoa|" pos="NNP" wid="23">Genoa</w>
  <w id="24" lemma="|,|" pos="," wid="24">,</w>
  <w id="25" lemma="|that|" pos="IN" wid="25">that</w>
  <w id="26" lemma="|the|" pos="DT" wid="26">the</w>
  <w id="27" lemma="|Church|" pos="NNP" wid="27">Church</w>
  <w id="28" lemma="|,|" pos="," wid="28">,</w>
  <w id="29" lemma="|along|" pos="IN" wid="29">along</w>
  <w id="30" lemma="|with|" pos="IN" wid="30">with</w>
  <w id="31" lemma="|people|" pos="NNS" wid="31">people</w>
  <w id="32" lemma="|of|" pos="IN" wid="32">of</w>
  <w id="33" lemma="|good|" pos="JJ" wid="33">good</w>
  <w id="34" lemma="|will|" pos="NN" wid="34">will</w>
  <w id="35" lemma="|,|" pos="," wid="35">,</w>
  <w id="36" lemma="|will|" pos="MD" wid="36">will</w>
  <w id="37" lemma="|do|" pos="VB" wid="37">do</w>
  <w id="38" lemma="|she|" pos="PRP$" wid="38">her</w>
  <w id="39" lemma="|utmost|" pos="JJ" wid="39">utmost</w>
  <w id="40" lemma="|to|" pos="TO" wid="40">to</w>
  <w id="41" lemma="|ensure|" pos="VB" wid="41">ensure</w>
  <w id="42" lemma="|that|" pos="IN" wid="42">that</w>
  <w id="43" lemma="|the|" pos="DT" wid="43">the</w>
  <w id="44" lemma="|real|" pos="JJ" wid="44">real</w>
  <w id="45" lemma="|winner|" pos="NN" wid="45">winner</w>
  <w id="46" lemma="|in|" pos="IN" wid="46">in</w>
  <w id="47" lemma="|the|" pos="DT" wid="47">the</w>
  <w id="48" lemma="|process|" pos="NN" wid="48">process</w>
  <w id="49" lemma="|be|" pos="VBZ" wid="49">is</w>
  <w id="50" lemma="|go|" pos="VBG" wid="50">going</w>
  <w id="51" lemma="|to|" pos="TO" wid="51">to</w>
  <w id="52" lemma="|be|" pos="VB" wid="52">be</w>
  <w id="53" lemma="|mankind|" pos="NN" wid="53">mankind</w>
  <w id="54" lemma="|.|" pos="." wid="54">.</w>
</sentence>
<sentence id="11">
  <w id="0" lemma="|in|" pos="IN" wid="0">In</w>
  <w id="1" lemma="|fact|" pos="NN" wid="1">fact</w>
  <w id="2" lemma="|,|" pos="," wid="2">,</w>
  <w id="3" lemma="|the|" pos="DT" wid="3">the</w>
  <w id="4" lemma="|common|" pos="JJ" wid="4">common</w>
  <w id="5" lemma="|destination|" pos="NN" wid="5">destination</w>
  <w id="6" lemma="|of|" pos="IN" wid="6">of</w>
  <w id="7" lemma="|earthly|" pos="JJ" wid="7">earthly</w>
  <w id="8" lemma="|goods|" pos="NNS" wid="8">goods</w>
  <w id="9" lemma="|be|" pos="VBZ" wid="9">is</w>
  <w id="10" lemma="|a|" pos="DT" wid="10">a</w>
  <w id="11" lemma="|cornerstone|" pos="NN" wid="11">cornerstone</w>
  <w id="12" lemma="|of|" pos="IN" wid="12">of</w>
  <w id="13" lemma="|the|" pos="DT" wid="13">the</w>
  <w id="14" lemma="|Church|" pos="NNP" wid="14">Church</w>
  <w id="15" lemma="|'s|" pos="POS" wid="15">'s</w>
  <w id="16" lemma="|social|" pos="JJ" wid="16">social</w>
  <w id="17" lemma="|teaching|" pos="NN" wid="17">teaching</w>
  <w id="18" lemma="|.|" pos="." wid="18">.</w>
</sentence>
<sentence id="12">
  <w id="0" lemma="|first|" pos="RB" wid="0">First</w>
  <w id="1" lemma="|of|" pos="IN" wid="1">of</w>
  <w id="2" lemma="|all|" pos="DT" wid="2">all</w>
  <w id="3" lemma="|,|" pos="," wid="3">,</w>
  <w id="4" lemma="|I|" pos="PRP" wid="4">I</w>
  <w id="5" lemma="|ask|" pos="VBP" wid="5">ask</w>
  <w id="6" lemma="|christian|" pos="NNS" wid="6">Christians</w>
  <w id="7" lemma="|to|" pos="TO" wid="7">to</w>
  <w id="8" lemma="|pray|" pos="VB" wid="8">pray</w>
  <w id="9" lemma="|particularly|" pos="RB" wid="9">particularly</w>
  <w id="10" lemma="|for|" pos="IN" wid="10">for</w>
  <w id="11" lemma="|government|" pos="NN" wid="11">government</w>
  <w id="12" lemma="|leader|" pos="NNS" wid="12">leaders</w>
  <w id="13" lemma="|.|" pos="." wid="13">.</w>
</sentence>
<sentence id="13">
  <w id="0" lemma="|I|" pos="PRP" wid="0">I</w>
  <w id="1" lemma="|urge|" pos="VBP" wid="1">urge</w>
  <w id="2" lemma="|leader|" pos="NNS" wid="2">leaders</w>
  <w id="3" lemma="|to|" pos="TO" wid="3">to</w>
  <w id="4" lemma="|work|" pos="VB" wid="4">work</w>
  <w id="5" lemma="|together|" pos="RB" wid="5">together</w>
  <w id="6" lemma="|to|" pos="TO" wid="6">to</w>
  <w id="7" lemma="|build|" pos="VB" wid="7">build</w>
  <w id="8" lemma="|a|" pos="DT" wid="8">a</w>
  <w id="9" lemma="|world|" pos="NN" wid="9">world</w>
  <w id="10" lemma="|attuned|" pos="JJ" wid="10">attuned</w>
  <w id="11" lemma="|to|" pos="TO" wid="11">to</w>
  <w id="12" lemma="|the|" pos="DT" wid="12">the</w>
  <w id="13" lemma="|demand|" pos="NNS" wid="13">demands</w>
  <w id="14" lemma="|of|" pos="IN" wid="14">of</w>
  <w id="15" lemma="|justice|" pos="NN" wid="15">justice</w>
  <w id="16" lemma="|and|" pos="CC" wid="16">and</w>
  <w id="17" lemma="|solidarity|" pos="NN" wid="17">solidarity</w>
  <w id="18" lemma="|.|" pos="." wid="18">.</w>
</sentence>
<sentence id="14">
  <w id="0" lemma="|christian|" pos="NNS" wid="0">Christians</w>
  <w id="1" lemma="|need|" pos="VBP" wid="1">need</w>
  <w id="2" lemma="|a|" pos="DT" wid="2">a</w>
  <w id="3" lemma="|strong|" pos="JJ" wid="3">strong</w>
  <w id="4" lemma="|moral|" pos="JJ" wid="4">moral</w>
  <w id="5" lemma="|and|" pos="CC" wid="5">and</w>
  <w id="6" lemma="|spiritual|" pos="JJ" wid="6">spiritual</w>
  <w id="7" lemma="|education|" pos="NN" wid="7">education</w>
  <w id="8" lemma="|,|" pos="," wid="8">,</w>
  <w id="9" lemma="|a|" pos="DT" wid="9">an</w>
  <w id="10" lemma="|in-depth|" pos="JJ" wid="10">in-depth</w>
  <w id="11" lemma="|knowledge|" pos="NN" wid="11">knowledge</w>
  <w id="12" lemma="|of|" pos="IN" wid="12">of</w>
  <w id="13" lemma="|the|" pos="DT" wid="13">the</w>
  <w id="14" lemma="|Church|" pos="NNP" wid="14">Church</w>
  <w id="15" lemma="|'s|" pos="POS" wid="15">'s</w>
  <w id="16" lemma="|social|" pos="JJ" wid="16">social</w>
  <w id="17" lemma="|doctrine|" pos="NN" wid="17">doctrine</w>
  <w id="18" lemma="|and|" pos="CC" wid="18">and</w>
  <w id="19" lemma="|great|" pos="JJ" wid="19">great</w>
  <w id="20" lemma="|love|" pos="NN" wid="20">love</w>
  <w id="21" lemma="|for|" pos="IN" wid="21">for</w>
  <w id="22" lemma="|Jesus|" pos="NNP" wid="22">Jesus</w>
  <w id="23" lemma="|Christ|" pos="NNP" wid="23">Christ</w>
  <w id="24" lemma="|,|" pos="," wid="24">,</w>
  <w id="25" lemma="|redeemer|" pos="NN" wid="25">redeemer</w>
  <w id="26" lemma="|of|" pos="IN" wid="26">of</w>
  <w id="27" lemma="|every|" pos="DT" wid="27">every</w>
  <w id="28" lemma="|human|" pos="JJ" wid="28">human</w>
  <w id="29" lemma="|being|" pos="NN" wid="29">being</w>
  <w id="30" lemma="|and|" pos="CC" wid="30">and</w>
  <w id="31" lemma="|of|" pos="IN" wid="31">of</w>
  <w id="32" lemma="|the|" pos="DT" wid="32">the</w>
  <w id="33" lemma="|whole|" pos="JJ" wid="33">whole</w>
  <w id="34" lemma="|human|" pos="JJ" wid="34">human</w>
  <w id="35" lemma="|person|" pos="NN" wid="35">person</w>
  <w id="36" lemma="|to|" pos="TO" wid="36">to</w>
  <w id="37" lemma="|be|" pos="VB" wid="37">be</w>
  <w id="38" lemma="|effective|" pos="JJ" wid="38">effective</w>
  <w id="39" lemma="|.|" pos="." wid="39">.</w>
</sentence>
<sentence id="15">
  <w id="0" lemma="|3|" pos="LS" wid="0">3</w>
  <w id="1" lemma="|.|" pos="." wid="1">.</w>
</sentence>
<sentence id="16">
  <w id="0" lemma="|I|" pos="PRP" wid="0">I</w>
  <w id="1" lemma="|be|" pos="VBP" wid="1">am</w>
  <w id="2" lemma="|confident|" pos="JJ" wid="2">confident</w>
  <w id="3" lemma="|that|" pos="IN" wid="3">that</w>
  <w id="4" lemma="|on|" pos="IN" wid="4">on</w>
  <w id="5" lemma="|this|" pos="DT" wid="5">this</w>
  <w id="6" lemma="|occasion|" pos="NN" wid="6">occasion</w>
  <w id="7" lemma="|too|" pos="RB" wid="7">too</w>
  <w id="8" lemma="|,|" pos="," wid="8">,</w>
  <w id="9" lemma="|Italy|" pos="NNP" wid="9">Italy</w>
  <w id="10" lemma="|will|" pos="MD" wid="10">will</w>
  <w id="11" lemma="|show|" pos="VB" wid="11">show</w>
  <w id="12" lemma="|she|" pos="PRP$" wid="12">her</w>
  <w id="13" lemma="|typical|" pos="JJ" wid="13">typical</w>
  <w id="14" lemma="|and|" pos="CC" wid="14">and</w>
  <w id="15" lemma="|exquisite|" pos="JJ" wid="15">exquisite</w>
  <w id="16" lemma="|hospitality|" pos="NN" wid="16">hospitality</w>
  <w id="17" lemma="|to|" pos="TO" wid="17">to</w>
  <w id="18" lemma="|all|" pos="DT" wid="18">all</w>
  <w id="19" lemma="|who|" pos="WP" wid="19">who</w>
  <w id="20" lemma="|arrive|" pos="VBP" wid="20">arrive</w>
  <w id="21" lemma="|in|" pos="IN" wid="21">in</w>
  <w id="22" lemma="|Genoa|" pos="NNP" wid="22">Genoa</w>
  <w id="23" lemma="|for|" pos="IN" wid="23">for</w>
  <w id="24" lemma="|the|" pos="DT" wid="24">the</w>
  <w id="25" lemma="|event|" pos="NN" wid="25">event</w>
  <w id="26" lemma="|,|" pos="," wid="26">,</w>
  <w id="27" lemma="|in|" pos="IN" wid="27">in</w>
  <w id="28" lemma="|a|" pos="DT" wid="28">an</w>
  <w id="29" lemma="|atmosphere|" pos="NN" wid="29">atmosphere</w>
  <w id="30" lemma="|of|" pos="IN" wid="30">of</w>
  <w id="31" lemma="|concord|" pos="NN" wid="31">concord</w>
  <w id="32" lemma="|and|" pos="CC" wid="32">and</w>
  <w id="33" lemma="|serenity|" pos="NN" wid="33">serenity</w>
  <w id="34" lemma="|.|" pos="." wid="34">.</w>
</sentence>
<sentence id="17">
  <w id="0" lemma="|let|" pos="VB" wid="0">Let</w>
  <w id="1" lemma="|we|" pos="PRP" wid="1">us</w>
  <w id="2" lemma="|ask|" pos="VB" wid="2">ask</w>
  <w id="3" lemma="|the|" pos="DT" wid="3">the</w>
  <w id="4" lemma="|Blessed|" pos="NNP" wid="4">Blessed</w>
  <w id="5" lemma="|Virgin|" pos="NNP" wid="5">Virgin</w>
  <w id="6" lemma="|Mary|" pos="NNP" wid="6">Mary</w>
  <w id="7" lemma="|to|" pos="TO" wid="7">to</w>
  <w id="8" lemma="|pour|" pos="VB" wid="8">pour</w>
  <w id="9" lemma="|into|" pos="IN" wid="9">into</w>
  <w id="10" lemma="|the|" pos="DT" wid="10">the</w>
  <w id="11" lemma="|heart|" pos="NN" wid="11">heart</w>
  <w id="12" lemma="|of|" pos="IN" wid="12">of</w>
  <w id="13" lemma="|each|" pos="DT" wid="13">each</w>
  <w id="14" lemma="|one|" pos="CD" wid="14">one</w>
  <w id="15" lemma="|sentiment|" pos="NNS" wid="15">sentiments</w>
  <w id="16" lemma="|of|" pos="IN" wid="16">of</w>
  <w id="17" lemma="|peace|" pos="NN" wid="17">peace</w>
  <w id="18" lemma="|and|" pos="CC" wid="18">and</w>
  <w id="19" lemma="|solidarity|" pos="NN" wid="19">solidarity</w>
  <w id="20" lemma="|,|" pos="," wid="20">,</w>
  <w id="21" lemma="|so|" pos="IN" wid="21">so</w>
  <w id="22" lemma="|that|" pos="IN" wid="22">that</w>
  <w id="23" lemma="|the|" pos="DT" wid="23">the</w>
  <w id="24" lemma="|come|" pos="VBG" wid="24">coming</w>
  <w id="25" lemma="|meeting|" pos="NN" wid="25">meeting</w>
  <w id="26" lemma="|may|" pos="MD" wid="26">may</w>
  <w id="27" lemma="|help|" pos="VB" wid="27">help</w>
  <w id="28" lemma="|prepare|" pos="VB" wid="28">prepare</w>
  <w id="29" lemma="|mature|" pos="JJ" wid="29">mature</w>
  <w id="30" lemma="|decision|" pos="NNS" wid="30">decisions</w>
  <w id="31" lemma="|that|" pos="WDT" wid="31">that</w>
  <w id="32" lemma="|will|" pos="MD" wid="32">will</w>
  <w id="33" lemma="|foster|" pos="VB" wid="33">foster</w>
  <w id="34" lemma="|the|" pos="DT" wid="34">the</w>
  <w id="35" lemma="|good|" pos="NN" wid="35">good</w>
  <w id="36" lemma="|of|" pos="IN" wid="36">of</w>
  <w id="37" lemma="|all|" pos="DT" wid="37">all</w>
  <w id="38" lemma="|humanity|" pos="NN" wid="38">humanity</w>
  <w id="39" lemma="|.|" pos="." wid="39">.</w>
</sentence>
<sentence id="18">
  <w id="0" lemma="|after|" pos="IN" wid="0">After</w>
  <w id="1" lemma="|lead|" pos="VBG" wid="1">leading</w>
  <w id="2" lemma="|the|" pos="DT" wid="2">the</w>
  <w id="3" lemma="|recitation|" pos="NN" wid="3">recitation</w>
  <w id="4" lemma="|of|" pos="IN" wid="4">of</w>
  <w id="5" lemma="|the|" pos="DT" wid="5">the</w>
  <w id="6" lemma="|Angelus|" pos="NNP" wid="6">Angelus</w>
  <w id="7" lemma="|,|" pos="," wid="7">,</w>
  <w id="8" lemma="|the|" pos="DT" wid="8">the</w>
  <w id="9" lemma="|Holy|" pos="NNP" wid="9">Holy</w>
  <w id="10" lemma="|Father|" pos="NNP" wid="10">Father</w>
  <w id="11" lemma="|greet|" pos="VBD" wid="11">greeted</w>
  <w id="12" lemma="|the|" pos="DT" wid="12">the</w>
  <w id="13" lemma="|faithful|" pos="NN" wid="13">faithful</w>
  <w id="14" lemma="|in|" pos="IN" wid="14">in</w>
  <w id="15" lemma="|French|" pos="NNP" wid="15">French</w>
  <w id="16" lemma="|,|" pos="," wid="16">,</w>
  <w id="17" lemma="|Spanish|" pos="NNP" wid="17">Spanish</w>
  <w id="18" lemma="|and|" pos="CC" wid="18">and</w>
  <w id="19" lemma="|Italian|" pos="NNP" wid="19">Italian</w>
  <w id="20" lemma="|:|" pos=":" wid="20">:</w>
  <w id="21" lemma="|my|" pos="PRP$" wid="21">My</w>
  <w id="22" lemma="|cordial|" pos="JJ" wid="22">cordial</w>
  <w id="23" lemma="|greeting|" pos="NNS" wid="23">greetings</w>
  <w id="24" lemma="|to|" pos="TO" wid="24">to</w>
  <w id="25" lemma="|you|" pos="PRP" wid="25">you</w>
  <w id="26" lemma="|,|" pos="," wid="26">,</w>
  <w id="27" lemma="|french-speaking|" pos="JJ" wid="27">French-speaking</w>
  <w id="28" lemma="|pilgrim|" pos="NNS" wid="28">pilgrims</w>
  <w id="29" lemma="|who|" pos="WP" wid="29">who</w>
  <w id="30" lemma="|have|" pos="VBP" wid="30">have</w>
  <w id="31" lemma="|come|" pos="VBN" wid="31">come</w>
  <w id="32" lemma="|to|" pos="TO" wid="32">to</w>
  <w id="33" lemma="|Rome|" pos="NNP" wid="33">Rome</w>
  <w id="34" lemma="|in|" pos="IN" wid="34">in</w>
  <w id="35" lemma="|this|" pos="DT" wid="35">this</w>
  <w id="36" lemma="|summer|" pos="NN" wid="36">summer</w>
  <w id="37" lemma="|period|" pos="NN" wid="37">period</w>
  <w id="38" lemma="|.|" pos="." wid="38">.</w>
</sentence>
<sentence id="19">
  <w id="0" lemma="|I|" pos="PRP" wid="0">I</w>
  <w id="1" lemma="|extend|" pos="VBP" wid="1">extend</w>
  <w id="2" lemma="|a|" pos="DT" wid="2">a</w>
  <w id="3" lemma="|special|" pos="JJ" wid="3">special</w>
  <w id="4" lemma="|greet|" pos="VBG" wid="4">greeting</w>
  <w id="5" lemma="|to|" pos="TO" wid="5">to</w>
  <w id="6" lemma="|the|" pos="DT" wid="6">the</w>
  <w id="7" lemma="|young|" pos="JJ" wid="7">young</w>
  <w id="8" lemma="|singer|" pos="NNS" wid="8">singers</w>
  <w id="9" lemma="|of|" pos="IN" wid="9">of</w>
  <w id="10" lemma="|Acadie|" pos="NNP" wid="10">Acadie</w>
  <w id="11" lemma="|.|" pos="." wid="11">.</w>
</sentence>
<sentence id="20">
  <w id="0" lemma="|may|" pos="MD" wid="0">May</w>
  <w id="1" lemma="|you|" pos="PRP" wid="1">you</w>
  <w id="2" lemma="|make|" pos="VB" wid="2">make</w>
  <w id="3" lemma="|this|" pos="DT" wid="3">this</w>
  <w id="4" lemma="|day|" pos="NNS" wid="4">days</w>
  <w id="5" lemma="|of|" pos="IN" wid="5">of</w>
  <w id="6" lemma="|rest|" pos="NN" wid="6">rest</w>
  <w id="7" lemma="|a|" pos="DT" wid="7">a</w>
  <w id="8" lemma="|time|" pos="NN" wid="8">time</w>
  <w id="9" lemma="|of|" pos="IN" wid="9">of</w>
  <w id="10" lemma="|spiritual|" pos="JJ" wid="10">spiritual</w>
  <w id="11" lemma="|renewal|" pos="NN" wid="11">renewal</w>
  <w id="12" lemma="|!|" pos="." wid="12">!</w>
</sentence>
<sentence id="21">
  <w id="0" lemma="|I|" pos="PRP" wid="0">I</w>
  <w id="1" lemma="|impart|" pos="VBP" wid="1">impart</w>
  <w id="2" lemma="|my|" pos="PRP$" wid="2">my</w>
  <w id="3" lemma="|apostolic|" pos="JJ" wid="3">Apostolic</w>
  <w id="4" lemma="|blessing|" pos="NN" wid="4">Blessing</w>
  <w id="5" lemma="|to|" pos="TO" wid="5">to</w>
  <w id="6" lemma="|you|" pos="PRP" wid="6">you</w>
  <w id="7" lemma="|all|" pos="DT" wid="7">all</w>
  <w id="8" lemma="|.|" pos="." wid="8">.</w>
</sentence>
<sentence id="22">
  <w id="0" lemma="|I|" pos="PRP" wid="0">I</w>
  <w id="1" lemma="|warmly|" pos="RB" wid="1">warmly</w>
  <w id="2" lemma="|greet|" pos="VBP" wid="2">greet</w>
  <w id="3" lemma="|the|" pos="DT" wid="3">the</w>
  <w id="4" lemma="|spanish-speaking|" pos="JJ" wid="4">Spanish-speaking</w>
  <w id="5" lemma="|pilgrim|" pos="NNS" wid="5">pilgrims</w>
  <w id="6" lemma="|,|" pos="," wid="6">,</w>
  <w id="7" lemma="|and|" pos="CC" wid="7">and</w>
  <w id="8" lemma="|especially|" pos="RB" wid="8">especially</w>
  <w id="9" lemma="|the|" pos="DT" wid="9">the</w>
  <w id="10" lemma="|seminarian|" pos="NNS" wid="10">seminarians</w>
  <w id="11" lemma="|and|" pos="CC" wid="11">and</w>
  <w id="12" lemma="|young|" pos="JJ" wid="12">young</w>
  <w id="13" lemma="|lay|" pos="JJ" wid="13">lay</w>
  <w id="14" lemma="|people|" pos="NNS" wid="14">people</w>
  <w id="15" lemma="|of|" pos="IN" wid="15">of</w>
  <w id="16" lemma="|the|" pos="DT" wid="16">the</w>
  <w id="17" lemma="|work|" pos="NN" wid="17">Work</w>
  <w id="18" lemma="|of|" pos="IN" wid="18">of</w>
  <w id="19" lemma="|the|" pos="DT" wid="19">the</w>
  <w id="20" lemma="|Church|" pos="NNP" wid="20">Church</w>
  <w id="21" lemma="|.|" pos="." wid="21">.</w>
</sentence>
<sentence id="23">
  <w id="0" lemma="|May|" pos="NNP" wid="0">May</w>
  <w id="1" lemma="|God|" pos="NNP" wid="1">God</w>
  <w id="2" lemma="|bless|" pos="VB" wid="2">bless</w>
  <w id="3" lemma="|you|" pos="PRP" wid="3">you</w>
  <w id="4" lemma="|,|" pos="," wid="4">,</w>
  <w id="5" lemma="|increase|" pos="VB" wid="5">increase</w>
  <w id="6" lemma="|you|" pos="PRP$" wid="6">your</w>
  <w id="7" lemma="|hope|" pos="NN" wid="7">hope</w>
  <w id="8" lemma="|and|" pos="CC" wid="8">and</w>
  <w id="9" lemma="|strengthen|" pos="VB" wid="9">strengthen</w>
  <w id="10" lemma="|the|" pos="DT" wid="10">the</w>
  <w id="11" lemma="|vocation|" pos="NN" wid="11">vocation</w>
  <w id="12" lemma="|of|" pos="IN" wid="12">of</w>
  <w id="13" lemma="|each|" pos="DT" wid="13">each</w>
  <w id="14" lemma="|one|" pos="CD" wid="14">one</w>
  <w id="15" lemma="|,|" pos="," wid="15">,</w>
  <w id="16" lemma="|and|" pos="CC" wid="16">and</w>
  <w id="17" lemma="|may|" pos="MD" wid="17">may</w>
  <w id="18" lemma="|you|" pos="PRP" wid="18">you</w>
  <w id="19" lemma="|witness|" pos="NN" wid="19">witness</w>
  <w id="20" lemma="|in|" pos="IN" wid="20">in</w>
  <w id="21" lemma="|this|" pos="DT" wid="21">this</w>
  <w id="22" lemma="|way|" pos="NN" wid="22">way</w>
  <w id="23" lemma="|to|" pos="TO" wid="23">to</w>
  <w id="24" lemma="|support|" pos="VBG" wid="24">supporting</w>
  <w id="25" lemma="|Christ|" pos="NNP" wid="25">Christ</w>
  <w id="26" lemma="|and|" pos="CC" wid="26">and</w>
  <w id="27" lemma="|he|" pos="PRP$" wid="27">his</w>
  <w id="28" lemma="|Church|" pos="NNP" wid="28">Church</w>
  <w id="29" lemma="|.|" pos="." wid="29">.</w>
</sentence>
<sentence id="24">
  <w id="0" lemma="|I|" pos="PRP" wid="0">I</w>
  <w id="1" lemma="|greet|" pos="VBP" wid="1">greet</w>
  <w id="2" lemma="|with|" pos="IN" wid="2">with</w>
  <w id="3" lemma="|affection|" pos="NN" wid="3">affection</w>
  <w id="4" lemma="|the|" pos="DT" wid="4">the</w>
  <w id="5" lemma="|italian-speaking|" pos="JJ" wid="5">Italian-speaking</w>
  <w id="6" lemma="|pilgrim|" pos="NNS" wid="6">pilgrims</w>
  <w id="7" lemma="|,|" pos="," wid="7">,</w>
  <w id="8" lemma="|and|" pos="CC" wid="8">and</w>
  <w id="9" lemma="|I|" pos="PRP" wid="9">I</w>
  <w id="10" lemma="|extend|" pos="VBP" wid="10">extend</w>
  <w id="11" lemma="|a|" pos="DT" wid="11">a</w>
  <w id="12" lemma="|cordial|" pos="JJ" wid="12">cordial</w>
  <w id="13" lemma="|thought|" pos="NN" wid="13">thought</w>
  <w id="14" lemma="|to|" pos="TO" wid="14">to</w>
  <w id="15" lemma="|the|" pos="DT" wid="15">the</w>
  <w id="16" lemma="|Romans|" pos="NNPS" wid="16">Romans</w>
  <w id="17" lemma="|and|" pos="CC" wid="17">and</w>
  <w id="18" lemma="|Italians|" pos="NNPS" wid="18">Italians</w>
  <w id="19" lemma="|who|" pos="WP" wid="19">who</w>
  <w id="20" lemma="|have|" pos="VBP" wid="20">have</w>
  <w id="21" lemma="|go|" pos="VBN" wid="21">gone</w>
  <w id="22" lemma="|on|" pos="IN" wid="22">on</w>
  <w id="23" lemma="|holiday|" pos="NN" wid="23">holiday</w>
  <w id="24" lemma="|.|" pos="." wid="24">.</w>
</sentence>
<sentence id="25">
  <w id="0" lemma="|I|" pos="PRP" wid="0">I</w>
  <w id="1" lemma="|invite|" pos="VBP" wid="1">invite</w>
  <w id="2" lemma="|all|" pos="DT" wid="2">all</w>
  <w id="3" lemma="|who|" pos="WP" wid="3">who</w>
  <w id="4" lemma="|will|" pos="MD" wid="4">will</w>
  <w id="5" lemma="|be|" pos="VB" wid="5">be</w>
  <w id="6" lemma="|travel|" pos="VBG" wid="6">travelling</w>
  <w id="7" lemma="|to|" pos="TO" wid="7">to</w>
  <w id="8" lemma="|be|" pos="VB" wid="8">be</w>
  <w id="9" lemma="|very|" pos="RB" wid="9">very</w>
  <w id="10" lemma="|careful|" pos="JJ" wid="10">careful</w>
  <w id="11" lemma="|.|" pos="." wid="11">.</w>
</sentence>
<sentence id="26">
  <w id="0" lemma="|tomorrow|" pos="NN" wid="0">Tomorrow</w>
  <w id="1" lemma="|I|" pos="PRP" wid="1">I</w>
  <w id="2" lemma="|be|" pos="VBP" wid="2">am</w>
  <w id="3" lemma="|go|" pos="VBG" wid="3">going</w>
  <w id="4" lemma="|away|" pos="RB" wid="4">away</w>
  <w id="5" lemma="|,|" pos="," wid="5">,</w>
  <w id="6" lemma="|to|" pos="TO" wid="6">to</w>
  <w id="7" lemma="|the|" pos="DT" wid="7">the</w>
  <w id="8" lemma="|Aosta|" pos="NNP" wid="8">Aosta</w>
  <w id="9" lemma="|Valley|" pos="NNP" wid="9">Valley</w>
  <w id="10" lemma="|,|" pos="," wid="10">,</w>
  <w id="11" lemma="|to|" pos="TO" wid="11">to</w>
  <w id="12" lemma="|spend|" pos="VB" wid="12">spend</w>
  <w id="13" lemma="|ten|" pos="CD" wid="13">ten</w>
  <w id="14" lemma="|day|" pos="NNS" wid="14">days</w>
  <w id="15" lemma="|in|" pos="IN" wid="15">in</w>
  <w id="16" lemma="|those|" pos="DT" wid="16">those</w>
  <w id="17" lemma="|beloved|" pos="JJ" wid="17">beloved</w>
  <w id="18" lemma="|mountain|" pos="NNS" wid="18">mountains</w>
  <w id="19" lemma="|.|" pos="." wid="19">.</w>
</sentence>
<sentence id="27">
  <w id="0" lemma="|I|" pos="PRP" wid="0">I</w>
  <w id="1" lemma="|will|" pos="MD" wid="1">will</w>
  <w id="2" lemma="|keep|" pos="VB" wid="2">keep</w>
  <w id="3" lemma="|everyone|" pos="NN" wid="3">everyone</w>
  <w id="4" lemma="|in|" pos="IN" wid="4">in</w>
  <w id="5" lemma="|my|" pos="PRP$" wid="5">my</w>
  <w id="6" lemma="|prayer|" pos="NNS" wid="6">prayers</w>
  <w id="7" lemma="|,|" pos="," wid="7">,</w>
  <w id="8" lemma="|and|" pos="CC" wid="8">and</w>
  <w id="9" lemma="|especially|" pos="RB" wid="9">especially</w>
  <w id="10" lemma="|the|" pos="DT" wid="10">the</w>
  <w id="11" lemma="|sick|" pos="JJ" wid="11">sick</w>
  <w id="12" lemma="|and|" pos="CC" wid="12">and</w>
  <w id="13" lemma="|the|" pos="DT" wid="13">the</w>
  <w id="14" lemma="|lonely|" pos="JJ" wid="14">lonely</w>
  <w id="15" lemma="|.|" pos="." wid="15">.</w>
</sentence>
<sentence id="28">
  <w id="0" lemma="|I|" pos="PRP" wid="0">I</w>
  <w id="1" lemma="|hope|" pos="VBP" wid="1">hope</w>
  <w id="2" lemma="|that|" pos="IN" wid="2">that</w>
  <w id="3" lemma="|each|" pos="DT" wid="3">each</w>
  <w id="4" lemma="|one|" pos="NN" wid="4">one</w>
  <w id="5" lemma="|may|" pos="MD" wid="5">may</w>
  <w id="6" lemma="|be|" pos="VB" wid="6">be</w>
  <w id="7" lemma="|able|" pos="JJ" wid="7">able</w>
  <w id="8" lemma="|to|" pos="TO" wid="8">to</w>
  <w id="9" lemma="|enjoy|" pos="VB" wid="9">enjoy</w>
  <w id="10" lemma="|a|" pos="DT" wid="10">a</w>
  <w id="11" lemma="|well-deserved|" pos="JJ" wid="11">well-deserved</w>
  <w id="12" lemma="|rest|" pos="NN" wid="12">rest</w>
  <w id="13" lemma="|during|" pos="IN" wid="13">during</w>
  <w id="14" lemma="|the|" pos="DT" wid="14">the</w>
  <w id="15" lemma="|summer|" pos="NN" wid="15">summer</w>
  <w id="16" lemma="|,|" pos="," wid="16">,</w>
  <w id="17" lemma="|even|" pos="RB" wid="17">even</w>
  <w id="18" lemma="|those|" pos="DT" wid="18">those</w>
  <w id="19" lemma="|who|" pos="WP" wid="19">who</w>
  <w id="20" lemma="|can|" pos="MD" wid="20">can</w>
  <w id="21" lemma="|not|" pos="RB" wid="21">not</w>
  <w id="22" lemma="|reasonably|" pos="RB" wid="22">reasonably</w>
  <w id="23" lemma="|leave|" pos="VB" wid="23">leave</w>
  <w id="24" lemma="|they|" pos="PRP$" wid="24">their</w>
  <w id="25" lemma="|city|" pos="NNS" wid="25">cities</w>
  <w id="26" lemma="|and|" pos="CC" wid="26">and</w>
  <w id="27" lemma="|country|" pos="NNS" wid="27">countries</w>
  <w id="28" lemma="|.|" pos="." wid="28">.</w>
</sentence>
</corpus>