<corpus id="0">
<sentence id="0">
  <w id="0" lemma="|at|" pos="IN" wid="0">At</w>
  <w id="1" lemma="|the|" pos="DT" wid="1">the</w>
  <w id="2" lemma="|end|" pos="NN" wid="2">end</w>
  <w id="3" lemma="|of|" pos="IN" wid="3">of</w>
  <w id="4" lemma="|this|" pos="DT" wid="4">this</w>
  <w id="5" lemma="|jubilee|" pos="NN" wid="5">Jubilee</w>
  <w id="6" lemma="|celebration|" pos="NN" wid="6">celebration</w>
  <w id="7" lemma="|,|" pos="," wid="7">,</w>
  <w id="8" lemma="|dear|" pos="RB" wid="8">dear</w>
  <w id="9" lemma="|Members|" pos="NNP" wid="9">Members</w>
  <w id="10" lemma="|of|" pos="IN" wid="10">of</w>
  <w id="11" lemma="|the|" pos="DT" wid="11">the</w>
  <w id="12" lemma="|Armed|" pos="NNP" wid="12">Armed</w>
  <w id="13" lemma="|Forces|" pos="NNP" wid="13">Forces</w>
  <w id="14" lemma="|and|" pos="CC" wid="14">and</w>
  <w id="15" lemma="|the|" pos="DT" wid="15">the</w>
  <w id="16" lemma="|Police|" pos="NNP" wid="16">Police</w>
  <w id="17" lemma="|,|" pos="," wid="17">,</w>
  <w id="18" lemma="|my|" pos="PRP$" wid="18">my</w>
  <w id="19" lemma="|thought|" pos="NNS" wid="19">thoughts</w>
  <w id="20" lemma="|turn|" pos="VBP" wid="20">turn</w>
  <w id="21" lemma="|in|" pos="RP" wid="21">in</w>
  <w id="22" lemma="|particular|" pos="JJ" wid="22">particular</w>
  <w id="23" lemma="|to|" pos="TO" wid="23">to</w>
  <w id="24" lemma="|you|" pos="PRP$" wid="24">your</w>
  <w id="25" lemma="|relative|" pos="NNS" wid="25">relatives</w>
  <w id="26" lemma="|.|" pos="." wid="26">.</w>
</sentence>
<sentence id="1">
  <w id="0" lemma="|in|" pos="IN" wid="0">In</w>
  <w id="1" lemma="|the|" pos="DT" wid="1">the</w>
  <w id="2" lemma="|Book|" pos="NNP" wid="2">Book</w>
  <w id="3" lemma="|of|" pos="IN" wid="3">of</w>
  <w id="4" lemma="|the|" pos="DT" wid="4">the</w>
  <w id="5" lemma="|act|" pos="NNS" wid="5">Acts</w>
  <w id="6" lemma="|of|" pos="IN" wid="6">of</w>
  <w id="7" lemma="|the|" pos="DT" wid="7">the</w>
  <w id="8" lemma="|Apostles|" pos="NNPS" wid="8">Apostles</w>
  <w id="9" lemma="|,|" pos="," wid="9">,</w>
  <w id="10" lemma="|a|" pos="DT" wid="10">an</w>
  <w id="11" lemma="|account|" pos="NN" wid="11">account</w>
  <w id="12" lemma="|be|" pos="VBZ" wid="12">is</w>
  <w id="13" lemma="|give|" pos="VBN" wid="13">given</w>
  <w id="14" lemma="|of|" pos="IN" wid="14">of</w>
  <w id="15" lemma="|St|" pos="NNP" wid="15">St</w>
  <w id="16" lemma="|Peter|" pos="NNP" wid="16">Peter</w>
  <w id="17" lemma="|'s|" pos="POS" wid="17">'s</w>
  <w id="18" lemma="|visit|" pos="NN" wid="18">visit</w>
  <w id="19" lemma="|to|" pos="TO" wid="19">to</w>
  <w id="20" lemma="|the|" pos="DT" wid="20">the</w>
  <w id="21" lemma="|centurion|" pos="NN" wid="21">centurion</w>
  <w id="22" lemma="|Cornelius|" pos="NNP" wid="22">Cornelius</w>
  <w id="23" lemma="|,|" pos="," wid="23">,</w>
  <w id="24" lemma="|``|" pos="``" wid="24">``</w>
  <w id="25" lemma="|a|" pos="DT" wid="25">a</w>
  <w id="26" lemma="|devout|" pos="JJ" wid="26">devout</w>
  <w id="27" lemma="|man|" pos="NN" wid="27">man</w>
  <w id="28" lemma="|who|" pos="WP" wid="28">who</w>
  <w id="29" lemma="|fear|" pos="VBD" wid="29">feared</w>
  <w id="30" lemma="|God|" pos="NNP" wid="30">God</w>
  <w id="31" lemma="|with|" pos="IN" wid="31">with</w>
  <w id="32" lemma="|all|" pos="DT" wid="32">all</w>
  <w id="33" lemma="|he|" pos="PRP$" wid="33">his</w>
  <w id="34" lemma="|household|" pos="NN" wid="34">household</w>
  <w id="35" lemma="|''|" pos="''" wid="35">''</w>
  <w id="36" lemma="|-lrb-|" pos="-LRB-" wid="36">-LRB-</w>
  <w id="37" lemma="|act|" pos="VBZ" wid="37">Acts</w>
  <w id="38" lemma="|10|" pos="CD" wid="38">10</w>
  <w id="39" lemma="|:|" pos=":" wid="39">:</w>
  <w id="40" lemma="|2|" pos="CD" wid="40">2</w>
  <w id="41" lemma="|-rrb-|" pos="-RRB-" wid="41">-RRB-</w>
  <w id="42" lemma="|.|" pos="." wid="42">.</w>
</sentence>
<sentence id="2">
  <w id="0" lemma="|he|" pos="PRP" wid="0">He</w>
  <w id="1" lemma="|accept|" pos="VBD" wid="1">accepted</w>
  <w id="2" lemma="|the|" pos="DT" wid="2">the</w>
  <w id="3" lemma="|proclamation|" pos="NN" wid="3">proclamation</w>
  <w id="4" lemma="|of|" pos="IN" wid="4">of</w>
  <w id="5" lemma="|Christ|" pos="NNP" wid="5">Christ</w>
  <w id="6" lemma="|'s|" pos="POS" wid="6">'s</w>
  <w id="7" lemma="|Gospel|" pos="NNP" wid="7">Gospel</w>
  <w id="8" lemma="|by|" pos="IN" wid="8">by</w>
  <w id="9" lemma="|Peter|" pos="NNP" wid="9">Peter</w>
  <w id="10" lemma="|,|" pos="," wid="10">,</w>
  <w id="11" lemma="|to|" pos="TO" wid="11">to</w>
  <w id="12" lemma="|whom|" pos="WP" wid="12">whom</w>
  <w id="13" lemma="|he|" pos="PRP" wid="13">he</w>
  <w id="14" lemma="|give|" pos="VBD" wid="14">gave</w>
  <w id="15" lemma="|hospitality|" pos="NN" wid="15">hospitality</w>
  <w id="16" lemma="|for|" pos="IN" wid="16">for</w>
  <w id="17" lemma="|several|" pos="JJ" wid="17">several</w>
  <w id="18" lemma="|day|" pos="NNS" wid="18">days</w>
  <w id="19" lemma="|,|" pos="," wid="19">,</w>
  <w id="20" lemma="|and|" pos="CC" wid="20">and</w>
  <w id="21" lemma="|receive|" pos="VBD" wid="21">received</w>
  <w id="22" lemma="|Baptism|" pos="NNP" wid="22">Baptism</w>
  <w id="23" lemma="|together|" pos="RB" wid="23">together</w>
  <w id="24" lemma="|with|" pos="IN" wid="24">with</w>
  <w id="25" lemma="|he|" pos="PRP$" wid="25">his</w>
  <w id="26" lemma="|family|" pos="NN" wid="26">family</w>
  <w id="27" lemma="|member|" pos="NNS" wid="27">members</w>
  <w id="28" lemma="|.|" pos="." wid="28">.</w>
</sentence>
<sentence id="3">
  <w id="0" lemma="|thus|" pos="RB" wid="0">Thus</w>
  <w id="1" lemma="|the|" pos="DT" wid="1">the</w>
  <w id="2" lemma="|first|" pos="JJ" wid="2">first</w>
  <w id="3" lemma="|pagan|" pos="NNS" wid="3">pagans</w>
  <w id="4" lemma="|to|" pos="TO" wid="4">to</w>
  <w id="5" lemma="|be|" pos="VB" wid="5">be</w>
  <w id="6" lemma="|baptize|" pos="VBN" wid="6">baptized</w>
  <w id="7" lemma="|by|" pos="IN" wid="7">by</w>
  <w id="8" lemma="|Peter|" pos="NNP" wid="8">Peter</w>
  <w id="9" lemma="|be|" pos="VBD" wid="9">were</w>
  <w id="10" lemma="|member|" pos="NNS" wid="10">members</w>
  <w id="11" lemma="|of|" pos="IN" wid="11">of</w>
  <w id="12" lemma="|a|" pos="DT" wid="12">a</w>
  <w id="13" lemma="|soldier|" pos="NN" wid="13">soldier</w>
  <w id="14" lemma="|'s|" pos="POS" wid="14">'s</w>
  <w id="15" lemma="|family|" pos="NN" wid="15">family</w>
  <w id="16" lemma="|.|" pos="." wid="16">.</w>
</sentence>
<sentence id="4">
  <w id="0" lemma="|it|" pos="PRP" wid="0">It</w>
  <w id="1" lemma="|be|" pos="VBZ" wid="1">is</w>
  <w id="2" lemma="|significant|" pos="JJ" wid="2">significant</w>
  <w id="3" lemma="|to|" pos="TO" wid="3">to</w>
  <w id="4" lemma="|remember|" pos="VB" wid="4">remember</w>
  <w id="5" lemma="|this|" pos="DT" wid="5">this</w>
  <w id="6" lemma="|today|" pos="NN" wid="6">today</w>
  <w id="7" lemma="|,|" pos="," wid="7">,</w>
  <w id="8" lemma="|in|" pos="IN" wid="8">in</w>
  <w id="9" lemma="|the|" pos="DT" wid="9">the</w>
  <w id="10" lemma="|context|" pos="NN" wid="10">context</w>
  <w id="11" lemma="|of|" pos="IN" wid="11">of</w>
  <w id="12" lemma="|you|" pos="PRP$" wid="12">your</w>
  <w id="13" lemma="|jubilee|" pos="NN" wid="13">Jubilee</w>
  <w id="14" lemma="|.|" pos="." wid="14">.</w>
</sentence>
<sentence id="5">
  <w id="0" lemma="|it|" pos="PRP" wid="0">It</w>
  <w id="1" lemma="|be|" pos="VBZ" wid="1">is</w>
  <w id="2" lemma="|not|" pos="RB" wid="2">not</w>
  <w id="3" lemma="|easy|" pos="JJ" wid="3">easy</w>
  <w id="4" lemma="|to|" pos="TO" wid="4">to</w>
  <w id="5" lemma="|be|" pos="VB" wid="5">be</w>
  <w id="6" lemma="|a|" pos="DT" wid="6">a</w>
  <w id="7" lemma="|soldier|" pos="NN" wid="7">soldier</w>
  <w id="8" lemma="|'s|" pos="POS" wid="8">'s</w>
  <w id="9" lemma="|family|" pos="NN" wid="9">family</w>
  <w id="10" lemma="|,|" pos="," wid="10">,</w>
  <w id="11" lemma="|because|" pos="IN" wid="11">because</w>
  <w id="12" lemma="|even|" pos="RB" wid="12">even</w>
  <w id="13" lemma="|the|" pos="DT" wid="13">the</w>
  <w id="14" lemma="|hardship|" pos="NNS" wid="14">hardships</w>
  <w id="15" lemma="|of|" pos="IN" wid="15">of</w>
  <w id="16" lemma="|he|" pos="PRP$" wid="16">his</w>
  <w id="17" lemma="|mission|" pos="NN" wid="17">mission</w>
  <w id="18" lemma="|must|" pos="MD" wid="18">must</w>
  <w id="19" lemma="|be|" pos="VB" wid="19">be</w>
  <w id="20" lemma="|share|" pos="VBN" wid="20">shared</w>
  <w id="21" lemma="|.|" pos="." wid="21">.</w>
</sentence>
<sentence id="6">
  <w id="0" lemma="|yet|" pos="RB" wid="0">Yet</w>
  <w id="1" lemma="|the|" pos="DT" wid="1">the</w>
  <w id="2" lemma="|family|" pos="NN" wid="2">family</w>
  <w id="3" lemma="|be|" pos="VBZ" wid="3">is</w>
  <w id="4" lemma="|the|" pos="DT" wid="4">the</w>
  <w id="5" lemma="|principal|" pos="JJ" wid="5">principal</w>
  <w id="6" lemma="|support|" pos="NN" wid="6">support</w>
  <w id="7" lemma="|of|" pos="IN" wid="7">of</w>
  <w id="8" lemma="|each|" pos="DT" wid="8">each</w>
  <w id="9" lemma="|one|" pos="CD" wid="9">one</w>
  <w id="10" lemma="|of|" pos="IN" wid="10">of</w>
  <w id="11" lemma="|you|" pos="PRP" wid="11">you</w>
  <w id="12" lemma="|,|" pos="," wid="12">,</w>
  <w id="13" lemma="|commit|" pos="VBN" wid="13">committed</w>
  <w id="14" lemma="|to|" pos="TO" wid="14">to</w>
  <w id="15" lemma="|defend|" pos="VBG" wid="15">defending</w>
  <w id="16" lemma="|peace|" pos="NN" wid="16">peace</w>
  <w id="17" lemma="|and|" pos="CC" wid="17">and</w>
  <w id="18" lemma="|life|" pos="NN" wid="18">life</w>
  <w id="19" lemma="|.|" pos="." wid="19">.</w>
</sentence>
<sentence id="7">
  <w id="0" lemma="|one|" pos="CD" wid="0">One</w>
  <w id="1" lemma="|defend|" pos="VBZ" wid="1">defends</w>
  <w id="2" lemma="|what|" pos="WDT" wid="2">what</w>
  <w id="3" lemma="|one|" pos="NN" wid="3">one</w>
  <w id="4" lemma="|love|" pos="VBZ" wid="4">loves</w>
  <w id="5" lemma="|and|" pos="CC" wid="5">and</w>
  <w id="6" lemma="|where|" pos="WRB" wid="6">where</w>
  <w id="7" lemma="|do|" pos="VBZ" wid="7">does</w>
  <w id="8" lemma="|one|" pos="CD" wid="8">one</w>
  <w id="9" lemma="|learn|" pos="VB" wid="9">learn</w>
  <w id="10" lemma="|to|" pos="TO" wid="10">to</w>
  <w id="11" lemma="|love|" pos="VB" wid="11">love</w>
  <w id="12" lemma="|peace|" pos="NN" wid="12">peace</w>
  <w id="13" lemma="|and|" pos="CC" wid="13">and</w>
  <w id="14" lemma="|life|" pos="NN" wid="14">life</w>
  <w id="15" lemma="|if|" pos="IN" wid="15">if</w>
  <w id="16" lemma="|not|" pos="RB" wid="16">not</w>
  <w id="17" lemma="|in|" pos="IN" wid="17">in</w>
  <w id="18" lemma="|the|" pos="DT" wid="18">the</w>
  <w id="19" lemma="|family|" pos="NN" wid="19">family</w>
  <w id="20" lemma="|?|" pos="." wid="20">?</w>
</sentence>
<sentence id="8">
  <w id="0" lemma="|therefore|" pos="RB" wid="0">Therefore</w>
  <w id="1" lemma="|,|" pos="," wid="1">,</w>
  <w id="2" lemma="|dear|" pos="RB" wid="2">dear</w>
  <w id="3" lemma="|family|" pos="NNS" wid="3">families</w>
  <w id="4" lemma="|,|" pos="," wid="4">,</w>
  <w id="5" lemma="|feel|" pos="VBP" wid="5">feel</w>
  <w id="6" lemma="|fully|" pos="RB" wid="6">fully</w>
  <w id="7" lemma="|involve|" pos="VBN" wid="7">involved</w>
  <w id="8" lemma="|in|" pos="IN" wid="8">in</w>
  <w id="9" lemma="|this|" pos="DT" wid="9">this</w>
  <w id="10" lemma="|mission|" pos="NN" wid="10">mission</w>
  <w id="11" lemma="|and|" pos="CC" wid="11">and</w>
  <w id="12" lemma="|collaborate|" pos="VBP" wid="12">collaborate</w>
  <w id="13" lemma="|in|" pos="IN" wid="13">in</w>
  <w id="14" lemma="|safeguard|" pos="VBG" wid="14">safeguarding</w>
  <w id="15" lemma="|justice|" pos="NN" wid="15">justice</w>
  <w id="16" lemma="|and|" pos="CC" wid="16">and</w>
  <w id="17" lemma="|peace|" pos="NN" wid="17">peace</w>
  <w id="18" lemma="|.|" pos="." wid="18">.</w>
</sentence>
<sentence id="9">
  <w id="0" lemma="|2|" pos="CD" wid="0">2</w>
  <w id="1" lemma="|.|" pos="." wid="1">.</w>
</sentence>
<sentence id="10">
  <w id="0" lemma="|on|" pos="IN" wid="0">On</w>
  <w id="1" lemma="|this|" pos="DT" wid="1">this</w>
  <w id="2" lemma="|day|" pos="NN" wid="2">day</w>
  <w id="3" lemma="|when|" pos="WRB" wid="3">when</w>
  <w id="4" lemma="|you|" pos="PRP" wid="4">you</w>
  <w id="5" lemma="|have|" pos="VBP" wid="5">have</w>
  <w id="6" lemma="|come|" pos="VBN" wid="6">come</w>
  <w id="7" lemma="|to|" pos="TO" wid="7">to</w>
  <w id="8" lemma="|make|" pos="VB" wid="8">make</w>
  <w id="9" lemma="|a|" pos="DT" wid="9">a</w>
  <w id="10" lemma="|Jubilee|" pos="NNP" wid="10">Jubilee</w>
  <w id="11" lemma="|act|" pos="NN" wid="11">act</w>
  <w id="12" lemma="|with|" pos="IN" wid="12">with</w>
  <w id="13" lemma="|you|" pos="PRP$" wid="13">your</w>
  <w id="14" lemma="|family|" pos="NNS" wid="14">families</w>
  <w id="15" lemma="|,|" pos="," wid="15">,</w>
  <w id="16" lemma="|I|" pos="PRP" wid="16">I</w>
  <w id="17" lemma="|cordially|" pos="RB" wid="17">cordially</w>
  <w id="18" lemma="|greet|" pos="VB" wid="18">greet</w>
  <w id="19" lemma="|you|" pos="PRP" wid="19">you</w>
  <w id="20" lemma="|all|" pos="DT" wid="20">all</w>
  <w id="21" lemma="|,|" pos="," wid="21">,</w>
  <w id="22" lemma="|member|" pos="NNS" wid="22">members</w>
  <w id="23" lemma="|of|" pos="IN" wid="23">of</w>
  <w id="24" lemma="|the|" pos="DT" wid="24">the</w>
  <w id="25" lemma="|armed|" pos="JJ" wid="25">armed</w>
  <w id="26" lemma="|force|" pos="NNS" wid="26">forces</w>
  <w id="27" lemma="|and|" pos="CC" wid="27">and</w>
  <w id="28" lemma="|of|" pos="IN" wid="28">of</w>
  <w id="29" lemma="|the|" pos="DT" wid="29">the</w>
  <w id="30" lemma="|police|" pos="NN" wid="30">police</w>
  <w id="31" lemma="|of|" pos="IN" wid="31">of</w>
  <w id="32" lemma="|Belgium|" pos="NNP" wid="32">Belgium</w>
  <w id="33" lemma="|,|" pos="," wid="33">,</w>
  <w id="34" lemma="|Benin|" pos="NNP" wid="34">Benin</w>
  <w id="35" lemma="|,|" pos="," wid="35">,</w>
  <w id="36" lemma="|Burkina|" pos="NNP" wid="36">Burkina</w>
  <w id="37" lemma="|Faso|" pos="NNP" wid="37">Faso</w>
  <w id="38" lemma="|,|" pos="," wid="38">,</w>
  <w id="39" lemma="|Cameroon|" pos="NNP" wid="39">Cameroon</w>
  <w id="40" lemma="|,|" pos="," wid="40">,</w>
  <w id="41" lemma="|Croatia|" pos="NNP" wid="41">Croatia</w>
  <w id="42" lemma="|,|" pos="," wid="42">,</w>
  <w id="43" lemma="|France|" pos="NNP" wid="43">France</w>
  <w id="44" lemma="|,|" pos="," wid="44">,</w>
  <w id="45" lemma="|Luxembourg|" pos="NNP" wid="45">Luxembourg</w>
  <w id="46" lemma="|,|" pos="," wid="46">,</w>
  <w id="47" lemma="|Romania|" pos="NNP" wid="47">Romania</w>
  <w id="48" lemma="|,|" pos="," wid="48">,</w>
  <w id="49" lemma="|Slovenia|" pos="NNP" wid="49">Slovenia</w>
  <w id="50" lemma="|,|" pos="," wid="50">,</w>
  <w id="51" lemma="|Canada|" pos="NNP" wid="51">Canada</w>
  <w id="52" lemma="|,|" pos="," wid="52">,</w>
  <w id="53" lemma="|the|" pos="DT" wid="53">the</w>
  <w id="54" lemma="|Netherlands|" pos="NNP" wid="54">Netherlands</w>
  <w id="55" lemma="|and|" pos="CC" wid="55">and</w>
  <w id="56" lemma="|Slovakia|" pos="NNP" wid="56">Slovakia</w>
  <w id="57" lemma="|.|" pos="." wid="57">.</w>
</sentence>
<sentence id="11">
  <w id="0" lemma="|May|" pos="NNP" wid="0">May</w>
  <w id="1" lemma="|this|" pos="DT" wid="1">this</w>
  <w id="2" lemma="|important|" pos="JJ" wid="2">important</w>
  <w id="3" lemma="|time|" pos="NN" wid="3">time</w>
  <w id="4" lemma="|be|" pos="VB" wid="4">be</w>
  <w id="5" lemma="|a|" pos="DT" wid="5">an</w>
  <w id="6" lemma="|opportunity|" pos="NN" wid="6">opportunity</w>
  <w id="7" lemma="|for|" pos="IN" wid="7">for</w>
  <w id="8" lemma="|you|" pos="PRP" wid="8">you</w>
  <w id="9" lemma="|to|" pos="TO" wid="9">to</w>
  <w id="10" lemma="|strengthen|" pos="VB" wid="10">strengthen</w>
  <w id="11" lemma="|you|" pos="PRP$" wid="11">your</w>
  <w id="12" lemma="|mission|" pos="NN" wid="12">mission</w>
  <w id="13" lemma="|in|" pos="IN" wid="13">in</w>
  <w id="14" lemma="|order|" pos="NN" wid="14">order</w>
  <w id="15" lemma="|to|" pos="TO" wid="15">to</w>
  <w id="16" lemma="|continue|" pos="VB" wid="16">continue</w>
  <w id="17" lemma="|the|" pos="DT" wid="17">the</w>
  <w id="18" lemma="|important|" pos="JJ" wid="18">important</w>
  <w id="19" lemma="|service|" pos="NN" wid="19">service</w>
  <w id="20" lemma="|you|" pos="PRP" wid="20">you</w>
  <w id="21" lemma="|carry|" pos="VBP" wid="21">carry</w>
  <w id="22" lemma="|out|" pos="RP" wid="22">out</w>
  <w id="23" lemma="|,|" pos="," wid="23">,</w>
  <w id="24" lemma="|attentive|" pos="JJ" wid="24">attentive</w>
  <w id="25" lemma="|to|" pos="TO" wid="25">to</w>
  <w id="26" lemma="|the|" pos="DT" wid="26">the</w>
  <w id="27" lemma="|need|" pos="NNS" wid="27">needs</w>
  <w id="28" lemma="|of|" pos="IN" wid="28">of</w>
  <w id="29" lemma="|all|" pos="PDT" wid="29">all</w>
  <w id="30" lemma="|you|" pos="PRP$" wid="30">your</w>
  <w id="31" lemma="|compatriot|" pos="NNS" wid="31">compatriots</w>
  <w id="32" lemma="|,|" pos="," wid="32">,</w>
  <w id="33" lemma="|to|" pos="TO" wid="33">to</w>
  <w id="34" lemma="|build|" pos="VB" wid="34">build</w>
  <w id="35" lemma="|a|" pos="DT" wid="35">an</w>
  <w id="36" lemma="|ever|" pos="RB" wid="36">ever</w>
  <w id="37" lemma="|more|" pos="RBR" wid="37">more</w>
  <w id="38" lemma="|peaceful|" pos="JJ" wid="38">peaceful</w>
  <w id="39" lemma="|and|" pos="CC" wid="39">and</w>
  <w id="40" lemma="|fraternal|" pos="JJ" wid="40">fraternal</w>
  <w id="41" lemma="|society|" pos="NN" wid="41">society</w>
  <w id="42" lemma="|!|" pos="." wid="42">!</w>
</sentence>
<sentence id="12">
  <w id="0" lemma="|I|" pos="PRP" wid="0">I</w>
  <w id="1" lemma="|hail|" pos="VBP" wid="1">hail</w>
  <w id="2" lemma="|you|" pos="PRP$" wid="2">your</w>
  <w id="3" lemma="|sense|" pos="NN" wid="3">sense</w>
  <w id="4" lemma="|of|" pos="IN" wid="4">of</w>
  <w id="5" lemma="|responsibility|" pos="NN" wid="5">responsibility</w>
  <w id="6" lemma="|,|" pos="," wid="6">,</w>
  <w id="7" lemma="|effort|" pos="NNS" wid="7">efforts</w>
  <w id="8" lemma="|and|" pos="CC" wid="8">and</w>
  <w id="9" lemma="|commitment|" pos="NNS" wid="9">commitments</w>
  <w id="10" lemma="|,|" pos="," wid="10">,</w>
  <w id="11" lemma="|and|" pos="CC" wid="11">and</w>
  <w id="12" lemma="|pray|" pos="VB" wid="12">pray</w>
  <w id="13" lemma="|with|" pos="IN" wid="13">with</w>
  <w id="14" lemma="|you|" pos="PRP" wid="14">you</w>
  <w id="15" lemma="|for|" pos="IN" wid="15">for</w>
  <w id="16" lemma="|all|" pos="DT" wid="16">all</w>
  <w id="17" lemma="|who|" pos="WP" wid="17">who</w>
  <w id="18" lemma="|die|" pos="VBD" wid="18">died</w>
  <w id="19" lemma="|or|" pos="CC" wid="19">or</w>
  <w id="20" lemma="|be|" pos="VBD" wid="20">were</w>
  <w id="21" lemma="|injure|" pos="VBN" wid="21">injured</w>
  <w id="22" lemma="|while|" pos="IN" wid="22">while</w>
  <w id="23" lemma="|carry|" pos="VBG" wid="23">carrying</w>
  <w id="24" lemma="|out|" pos="RP" wid="24">out</w>
  <w id="25" lemma="|they|" pos="PRP$" wid="25">their</w>
  <w id="26" lemma="|activity|" pos="NNS" wid="26">activities</w>
  <w id="27" lemma="|.|" pos="." wid="27">.</w>
</sentence>
<sentence id="13">
  <w id="0" lemma="|with|" pos="IN" wid="0">With</w>
  <w id="1" lemma="|my|" pos="PRP$" wid="1">my</w>
  <w id="2" lemma="|apostolic|" pos="JJ" wid="2">Apostolic</w>
  <w id="3" lemma="|blessing|" pos="NN" wid="3">Blessing</w>
  <w id="4" lemma="|!|" pos="." wid="4">!</w>
</sentence>
<sentence id="14">
  <w id="0" lemma="|I|" pos="PRP" wid="0">I</w>
  <w id="1" lemma="|greet|" pos="VBP" wid="1">greet</w>
  <w id="2" lemma="|the|" pos="DT" wid="2">the</w>
  <w id="3" lemma="|english-speaking|" pos="JJ" wid="3">English-speaking</w>
  <w id="4" lemma="|participant|" pos="NNS" wid="4">participants</w>
  <w id="5" lemma="|in|" pos="IN" wid="5">in</w>
  <w id="6" lemma="|this|" pos="DT" wid="6">this</w>
  <w id="7" lemma="|Jubilee|" pos="NNP" wid="7">Jubilee</w>
  <w id="8" lemma="|celebration|" pos="NN" wid="8">celebration</w>
  <w id="9" lemma="|for|" pos="IN" wid="9">for</w>
  <w id="10" lemma="|member|" pos="NNS" wid="10">Members</w>
  <w id="11" lemma="|of|" pos="IN" wid="11">of</w>
  <w id="12" lemma="|the|" pos="DT" wid="12">the</w>
  <w id="13" lemma="|Armed|" pos="NNP" wid="13">Armed</w>
  <w id="14" lemma="|Forces|" pos="NNP" wid="14">Forces</w>
  <w id="15" lemma="|and|" pos="CC" wid="15">and</w>
  <w id="16" lemma="|Police|" pos="NNP" wid="16">Police</w>
  <w id="17" lemma="|,|" pos="," wid="17">,</w>
  <w id="18" lemma="|especially|" pos="RB" wid="18">especially</w>
  <w id="19" lemma="|those|" pos="DT" wid="19">those</w>
  <w id="20" lemma="|from|" pos="IN" wid="20">from</w>
  <w id="21" lemma="|Australia|" pos="NNP" wid="21">Australia</w>
  <w id="22" lemma="|,|" pos="," wid="22">,</w>
  <w id="23" lemma="|Canada|" pos="NNP" wid="23">Canada</w>
  <w id="24" lemma="|,|" pos="," wid="24">,</w>
  <w id="25" lemma="|Great|" pos="NNP" wid="25">Great</w>
  <w id="26" lemma="|Britain|" pos="NNP" wid="26">Britain</w>
  <w id="27" lemma="|,|" pos="," wid="27">,</w>
  <w id="28" lemma="|Ireland|" pos="NNP" wid="28">Ireland</w>
  <w id="29" lemma="|,|" pos="," wid="29">,</w>
  <w id="30" lemma="|Korea|" pos="NNP" wid="30">Korea</w>
  <w id="31" lemma="|,|" pos="," wid="31">,</w>
  <w id="32" lemma="|Malawi|" pos="NNP" wid="32">Malawi</w>
  <w id="33" lemma="|,|" pos="," wid="33">,</w>
  <w id="34" lemma="|the|" pos="DT" wid="34">the</w>
  <w id="35" lemma="|Philippines|" pos="NNPS" wid="35">Philippines</w>
  <w id="36" lemma="|and|" pos="CC" wid="36">and</w>
  <w id="37" lemma="|the|" pos="DT" wid="37">the</w>
  <w id="38" lemma="|United|" pos="NNP" wid="38">United</w>
  <w id="39" lemma="|States|" pos="NNPS" wid="39">States</w>
  <w id="40" lemma="|of|" pos="IN" wid="40">of</w>
  <w id="41" lemma="|America|" pos="NNP" wid="41">America</w>
  <w id="42" lemma="|.|" pos="." wid="42">.</w>
</sentence>
<sentence id="15">
  <w id="0" lemma="|a|" pos="DT" wid="0">A</w>
  <w id="1" lemma="|particular|" pos="JJ" wid="1">particular</w>
  <w id="2" lemma="|greet|" pos="VBG" wid="2">greeting</w>
  <w id="3" lemma="|also|" pos="RB" wid="3">also</w>
  <w id="4" lemma="|go|" pos="VBZ" wid="4">goes</w>
  <w id="5" lemma="|to|" pos="TO" wid="5">to</w>
  <w id="6" lemma="|the|" pos="DT" wid="6">the</w>
  <w id="7" lemma="|representative|" pos="NNS" wid="7">representatives</w>
  <w id="8" lemma="|of|" pos="IN" wid="8">of</w>
  <w id="9" lemma="|the|" pos="DT" wid="9">the</w>
  <w id="10" lemma="|peace-keeping|" pos="JJ" wid="10">peace-keeping</w>
  <w id="11" lemma="|force|" pos="NN" wid="11">force</w>
  <w id="12" lemma="|in|" pos="IN" wid="12">in</w>
  <w id="13" lemma="|the|" pos="DT" wid="13">the</w>
  <w id="14" lemma="|Balkans|" pos="NNP" wid="14">Balkans</w>
  <w id="15" lemma="|,|" pos="," wid="15">,</w>
  <w id="16" lemma="|make|" pos="VBD" wid="16">made</w>
  <w id="17" lemma="|up|" pos="RP" wid="17">up</w>
  <w id="18" lemma="|of|" pos="IN" wid="18">of</w>
  <w id="19" lemma="|military|" pos="JJ" wid="19">military</w>
  <w id="20" lemma="|personnel|" pos="NNS" wid="20">personnel</w>
  <w id="21" lemma="|from|" pos="IN" wid="21">from</w>
  <w id="22" lemma="|38|" pos="CD" wid="22">38</w>
  <w id="23" lemma="|country|" pos="NNS" wid="23">countries</w>
  <w id="24" lemma="|.|" pos="." wid="24">.</w>
</sentence>
<sentence id="16">
  <w id="0" lemma="|the|" pos="DT" wid="0">The</w>
  <w id="1" lemma="|work|" pos="NN" wid="1">work</w>
  <w id="2" lemma="|and|" pos="CC" wid="2">and</w>
  <w id="3" lemma="|sacrifice|" pos="NN" wid="3">sacrifice</w>
  <w id="4" lemma="|of|" pos="IN" wid="4">of</w>
  <w id="5" lemma="|all|" pos="DT" wid="5">all</w>
  <w id="6" lemma="|of|" pos="IN" wid="6">of</w>
  <w id="7" lemma="|you|" pos="PRP" wid="7">you</w>
  <w id="8" lemma="|help|" pos="VBP" wid="8">help</w>
  <w id="9" lemma="|to|" pos="TO" wid="9">to</w>
  <w id="10" lemma="|ensure|" pos="VB" wid="10">ensure</w>
  <w id="11" lemma="|the|" pos="DT" wid="11">the</w>
  <w id="12" lemma="|peace|" pos="NN" wid="12">peace</w>
  <w id="13" lemma="|and|" pos="CC" wid="13">and</w>
  <w id="14" lemma="|security|" pos="NN" wid="14">security</w>
  <w id="15" lemma="|of|" pos="IN" wid="15">of</w>
  <w id="16" lemma="|individual|" pos="NNS" wid="16">individuals</w>
  <w id="17" lemma="|and|" pos="CC" wid="17">and</w>
  <w id="18" lemma="|society|" pos="NNS" wid="18">societies</w>
  <w id="19" lemma="|.|" pos="." wid="19">.</w>
</sentence>
<sentence id="17">
  <w id="0" lemma="|I|" pos="PRP" wid="0">I</w>
  <w id="1" lemma="|pray|" pos="VBP" wid="1">pray</w>
  <w id="2" lemma="|that|" pos="IN" wid="2">that</w>
  <w id="3" lemma="|you|" pos="PRP" wid="3">you</w>
  <w id="4" lemma="|yourselve|" pos="VBZ" wid="4">yourselves</w>
  <w id="5" lemma="|will|" pos="MD" wid="5">will</w>
  <w id="6" lemma="|always|" pos="RB" wid="6">always</w>
  <w id="7" lemma="|be|" pos="VB" wid="7">be</w>
  <w id="8" lemma="|keep|" pos="VBN" wid="8">kept</w>
  <w id="9" lemma="|safe|" pos="JJ" wid="9">safe</w>
  <w id="10" lemma="|as|" pos="IN" wid="10">as</w>
  <w id="11" lemma="|you|" pos="PRP" wid="11">you</w>
  <w id="12" lemma="|fulfil|" pos="VBP" wid="12">fulfil</w>
  <w id="13" lemma="|you|" pos="PRP$" wid="13">your</w>
  <w id="14" lemma="|professional|" pos="JJ" wid="14">professional</w>
  <w id="15" lemma="|duty|" pos="NNS" wid="15">duties</w>
  <w id="16" lemma="|,|" pos="," wid="16">,</w>
  <w id="17" lemma="|and|" pos="CC" wid="17">and</w>
  <w id="18" lemma="|that|" pos="IN" wid="18">that</w>
  <w id="19" lemma="|the|" pos="DT" wid="19">the</w>
  <w id="20" lemma="|divine|" pos="JJ" wid="20">divine</w>
  <w id="21" lemma="|gift|" pos="NNS" wid="21">gifts</w>
  <w id="22" lemma="|of|" pos="IN" wid="22">of</w>
  <w id="23" lemma="|wisdom|" pos="NN" wid="23">wisdom</w>
  <w id="24" lemma="|and|" pos="CC" wid="24">and</w>
  <w id="25" lemma="|strength|" pos="NN" wid="25">strength</w>
  <w id="26" lemma="|will|" pos="MD" wid="26">will</w>
  <w id="27" lemma="|ever|" pos="RB" wid="27">ever</w>
  <w id="28" lemma="|accompany|" pos="VB" wid="28">accompany</w>
  <w id="29" lemma="|you|" pos="PRP" wid="29">you</w>
  <w id="30" lemma="|in|" pos="IN" wid="30">in</w>
  <w id="31" lemma="|the|" pos="DT" wid="31">the</w>
  <w id="32" lemma="|service|" pos="NN" wid="32">service</w>
  <w id="33" lemma="|of|" pos="IN" wid="33">of</w>
  <w id="34" lemma="|you|" pos="PRP$" wid="34">your</w>
  <w id="35" lemma="|own|" pos="JJ" wid="35">own</w>
  <w id="36" lemma="|country|" pos="NNS" wid="36">countries</w>
  <w id="37" lemma="|and|" pos="CC" wid="37">and</w>
  <w id="38" lemma="|of|" pos="IN" wid="38">of</w>
  <w id="39" lemma="|you|" pos="PRP$" wid="39">your</w>
  <w id="40" lemma="|fellow|" pos="JJ" wid="40">fellow</w>
  <w id="41" lemma="|man|" pos="NNS" wid="41">men</w>
  <w id="42" lemma="|and|" pos="CC" wid="42">and</w>
  <w id="43" lemma="|woman|" pos="NNS" wid="43">women</w>
  <w id="44" lemma="|.|" pos="." wid="44">.</w>
</sentence>
<sentence id="18">
  <w id="0" lemma="|upon|" pos="IN" wid="0">Upon</w>
  <w id="1" lemma="|you|" pos="PRP" wid="1">you</w>
  <w id="2" lemma="|and|" pos="CC" wid="2">and</w>
  <w id="3" lemma="|you|" pos="PRP$" wid="3">your</w>
  <w id="4" lemma="|family|" pos="NNS" wid="4">families</w>
  <w id="5" lemma="|,|" pos="," wid="5">,</w>
  <w id="6" lemma="|I|" pos="PRP" wid="6">I</w>
  <w id="7" lemma="|invoke|" pos="VBP" wid="7">invoke</w>
  <w id="8" lemma="|the|" pos="DT" wid="8">the</w>
  <w id="9" lemma="|grace|" pos="NN" wid="9">grace</w>
  <w id="10" lemma="|and|" pos="CC" wid="10">and</w>
  <w id="11" lemma="|peace|" pos="NN" wid="11">peace</w>
  <w id="12" lemma="|of|" pos="IN" wid="12">of</w>
  <w id="13" lemma="|we|" pos="PRP$" wid="13">our</w>
  <w id="14" lemma="|Lord|" pos="NNP" wid="14">Lord</w>
  <w id="15" lemma="|Jesus|" pos="NNP" wid="15">Jesus</w>
  <w id="16" lemma="|Christ|" pos="NNP" wid="16">Christ</w>
  <w id="17" lemma="|.|" pos="." wid="17">.</w>
</sentence>
<sentence id="19">
  <w id="0" lemma="|I|" pos="PRP" wid="0">I</w>
  <w id="1" lemma="|extend|" pos="VBP" wid="1">extend</w>
  <w id="2" lemma="|a|" pos="DT" wid="2">a</w>
  <w id="3" lemma="|warm|" pos="JJ" wid="3">warm</w>
  <w id="4" lemma="|greet|" pos="VBG" wid="4">greeting</w>
  <w id="5" lemma="|to|" pos="TO" wid="5">to</w>
  <w id="6" lemma="|the|" pos="DT" wid="6">the</w>
  <w id="7" lemma="|german-speaking|" pos="JJ" wid="7">German-speaking</w>
  <w id="8" lemma="|soldier|" pos="NNS" wid="8">soldiers</w>
  <w id="9" lemma="|and|" pos="CC" wid="9">and</w>
  <w id="10" lemma="|police|" pos="NNS" wid="10">police</w>
  <w id="11" lemma="|.|" pos="." wid="11">.</w>
</sentence>
<sentence id="20">
  <w id="0" lemma="|welcome|" pos="VB" wid="0">Welcome</w>
  <w id="1" lemma="|to|" pos="TO" wid="1">to</w>
  <w id="2" lemma="|the|" pos="DT" wid="2">the</w>
  <w id="3" lemma="|Eternal|" pos="NNP" wid="3">Eternal</w>
  <w id="4" lemma="|City|" pos="NNP" wid="4">City</w>
  <w id="5" lemma="|,|" pos="," wid="5">,</w>
  <w id="6" lemma="|soldier|" pos="NNS" wid="6">soldiers</w>
  <w id="7" lemma="|and|" pos="CC" wid="7">and</w>
  <w id="8" lemma="|police|" pos="NNS" wid="8">police</w>
  <w id="9" lemma="|from|" pos="IN" wid="9">from</w>
  <w id="10" lemma="|Germany|" pos="NNP" wid="10">Germany</w>
  <w id="11" lemma="|,|" pos="," wid="11">,</w>
  <w id="12" lemma="|Austria|" pos="NNP" wid="12">Austria</w>
  <w id="13" lemma="|,|" pos="," wid="13">,</w>
  <w id="14" lemma="|Switzerland|" pos="NNP" wid="14">Switzerland</w>
  <w id="15" lemma="|,|" pos="," wid="15">,</w>
  <w id="16" lemma="|the|" pos="DT" wid="16">the</w>
  <w id="17" lemma="|Czech|" pos="NNP" wid="17">Czech</w>
  <w id="18" lemma="|Republic|" pos="NNP" wid="18">Republic</w>
  <w id="19" lemma="|,|" pos="," wid="19">,</w>
  <w id="20" lemma="|Slovenia|" pos="NNP" wid="20">Slovenia</w>
  <w id="21" lemma="|and|" pos="CC" wid="21">and</w>
  <w id="22" lemma="|Hungary|" pos="NNP" wid="22">Hungary</w>
  <w id="23" lemma="|.|" pos="." wid="23">.</w>
</sentence>
<sentence id="21">
  <w id="0" lemma="|you|" pos="PRP$" wid="0">Your</w>
  <w id="1" lemma="|work|" pos="NN" wid="1">work</w>
  <w id="2" lemma="|be|" pos="VBZ" wid="2">is</w>
  <w id="3" lemma="|in|" pos="IN" wid="3">in</w>
  <w id="4" lemma="|the|" pos="DT" wid="4">the</w>
  <w id="5" lemma="|front|" pos="JJ" wid="5">front</w>
  <w id="6" lemma="|line|" pos="NN" wid="6">line</w>
  <w id="7" lemma="|at|" pos="IN" wid="7">at</w>
  <w id="8" lemma="|the|" pos="DT" wid="8">the</w>
  <w id="9" lemma="|service|" pos="NN" wid="9">service</w>
  <w id="10" lemma="|of|" pos="IN" wid="10">of</w>
  <w id="11" lemma="|security|" pos="NN" wid="11">security</w>
  <w id="12" lemma="|and|" pos="CC" wid="12">and</w>
  <w id="13" lemma="|peace|" pos="NN" wid="13">peace</w>
  <w id="14" lemma="|.|" pos="." wid="14">.</w>
</sentence>
<sentence id="22">
  <w id="0" lemma="|carry|" pos="VB" wid="0">Carry</w>
  <w id="1" lemma="|out|" pos="RP" wid="1">out</w>
  <w id="2" lemma="|this|" pos="DT" wid="2">this</w>
  <w id="3" lemma="|duty|" pos="NN" wid="3">duty</w>
  <w id="4" lemma="|with|" pos="IN" wid="4">with</w>
  <w id="5" lemma="|high|" pos="JJ" wid="5">high</w>
  <w id="6" lemma="|responsibility|" pos="NN" wid="6">responsibility</w>
  <w id="7" lemma="|and|" pos="CC" wid="7">and</w>
  <w id="8" lemma="|sensitivity|" pos="NN" wid="8">sensitivity</w>
  <w id="9" lemma="|!|" pos="." wid="9">!</w>
</sentence>
<sentence id="23">
  <w id="0" lemma="|May|" pos="NNP" wid="0">May</w>
  <w id="1" lemma="|God|" pos="NNP" wid="1">God</w>
  <w id="2" lemma="|'s|" pos="POS" wid="2">'s</w>
  <w id="3" lemma="|blessing|" pos="NN" wid="3">Blessing</w>
  <w id="4" lemma="|accompany|" pos="VBP" wid="4">accompany</w>
  <w id="5" lemma="|you|" pos="PRP" wid="5">you</w>
  <w id="6" lemma="|on|" pos="IN" wid="6">on</w>
  <w id="7" lemma="|the|" pos="DT" wid="7">the</w>
  <w id="8" lemma="|way|" pos="NN" wid="8">way</w>
  <w id="9" lemma="|of|" pos="IN" wid="9">of</w>
  <w id="10" lemma="|peace|" pos="NN" wid="10">peace</w>
  <w id="11" lemma="|.|" pos="." wid="11">.</w>
</sentence>
<sentence id="24">
  <w id="0" lemma="|I|" pos="PRP" wid="0">I</w>
  <w id="1" lemma="|now|" pos="RB" wid="1">now</w>
  <w id="2" lemma="|extend|" pos="VBP" wid="2">extend</w>
  <w id="3" lemma="|a|" pos="DT" wid="3">a</w>
  <w id="4" lemma="|greet|" pos="VBG" wid="4">greeting</w>
  <w id="5" lemma="|to|" pos="TO" wid="5">to</w>
  <w id="6" lemma="|the|" pos="DT" wid="6">the</w>
  <w id="7" lemma="|soldier|" pos="NNS" wid="7">soldiers</w>
  <w id="8" lemma="|and|" pos="CC" wid="8">and</w>
  <w id="9" lemma="|police|" pos="NN" wid="9">police</w>
  <w id="10" lemma="|force|" pos="NNS" wid="10">forces</w>
  <w id="11" lemma="|of|" pos="IN" wid="11">of</w>
  <w id="12" lemma="|Argentina|" pos="NNP" wid="12">Argentina</w>
  <w id="13" lemma="|,|" pos="," wid="13">,</w>
  <w id="14" lemma="|Chile|" pos="NNP" wid="14">Chile</w>
  <w id="15" lemma="|,|" pos="," wid="15">,</w>
  <w id="16" lemma="|Colombia|" pos="NNP" wid="16">Colombia</w>
  <w id="17" lemma="|,|" pos="," wid="17">,</w>
  <w id="18" lemma="|Ecuador|" pos="NNP" wid="18">Ecuador</w>
  <w id="19" lemma="|,|" pos="," wid="19">,</w>
  <w id="20" lemma="|El|" pos="NNP" wid="20">El</w>
  <w id="21" lemma="|Salvador|" pos="NNP" wid="21">Salvador</w>
  <w id="22" lemma="|,|" pos="," wid="22">,</w>
  <w id="23" lemma="|Paraguay|" pos="NNP" wid="23">Paraguay</w>
  <w id="24" lemma="|,|" pos="," wid="24">,</w>
  <w id="25" lemma="|Peru|" pos="NNP" wid="25">Peru</w>
  <w id="26" lemma="|,|" pos="," wid="26">,</w>
  <w id="27" lemma="|Spain|" pos="NNP" wid="27">Spain</w>
  <w id="28" lemma="|,|" pos="," wid="28">,</w>
  <w id="29" lemma="|Bolivia|" pos="NNP" wid="29">Bolivia</w>
  <w id="30" lemma="|,|" pos="," wid="30">,</w>
  <w id="31" lemma="|Guatemala|" pos="NNP" wid="31">Guatemala</w>
  <w id="32" lemma="|,|" pos="," wid="32">,</w>
  <w id="33" lemma="|the|" pos="DT" wid="33">the</w>
  <w id="34" lemma="|Dominican|" pos="NNP" wid="34">Dominican</w>
  <w id="35" lemma="|Republic|" pos="NNP" wid="35">Republic</w>
  <w id="36" lemma="|,|" pos="," wid="36">,</w>
  <w id="37" lemma="|Venezuela|" pos="NNP" wid="37">Venezuela</w>
  <w id="38" lemma="|,|" pos="," wid="38">,</w>
  <w id="39" lemma="|Costa|" pos="NNP" wid="39">Costa</w>
  <w id="40" lemma="|Rica|" pos="NNP" wid="40">Rica</w>
  <w id="41" lemma="|,|" pos="," wid="41">,</w>
  <w id="42" lemma="|Mexico|" pos="NNP" wid="42">Mexico</w>
  <w id="43" lemma="|and|" pos="CC" wid="43">and</w>
  <w id="44" lemma="|Panama|" pos="NNP" wid="44">Panama</w>
  <w id="45" lemma="|.|" pos="." wid="45">.</w>
</sentence>
<sentence id="25">
  <w id="0" lemma="|I|" pos="PRP" wid="0">I</w>
  <w id="1" lemma="|encourage|" pos="VBP" wid="1">encourage</w>
  <w id="2" lemma="|you|" pos="PRP" wid="2">you</w>
  <w id="3" lemma="|to|" pos="TO" wid="3">to</w>
  <w id="4" lemma="|collaborate|" pos="VB" wid="4">collaborate</w>
  <w id="5" lemma="|generously|" pos="RB" wid="5">generously</w>
  <w id="6" lemma="|in|" pos="IN" wid="6">in</w>
  <w id="7" lemma="|the|" pos="DT" wid="7">the</w>
  <w id="8" lemma="|honourable|" pos="JJ" wid="8">honourable</w>
  <w id="9" lemma="|task|" pos="NN" wid="9">task</w>
  <w id="10" lemma="|of|" pos="IN" wid="10">of</w>
  <w id="11" lemma="|establish|" pos="VBG" wid="11">establishing</w>
  <w id="12" lemma="|peace|" pos="NN" wid="12">peace</w>
  <w id="13" lemma="|,|" pos="," wid="13">,</w>
  <w id="14" lemma="|cooperation|" pos="NN" wid="14">cooperation</w>
  <w id="15" lemma="|and|" pos="CC" wid="15">and</w>
  <w id="16" lemma="|coexistence|" pos="NN" wid="16">coexistence</w>
  <w id="17" lemma="|among|" pos="IN" wid="17">among</w>
  <w id="18" lemma="|all|" pos="DT" wid="18">all</w>
  <w id="19" lemma="|people|" pos="NNS" wid="19">peoples</w>
  <w id="20" lemma="|.|" pos="." wid="20">.</w>
</sentence>
<sentence id="26">
  <w id="0" lemma="|May|" pos="NNP" wid="0">May</w>
  <w id="1" lemma="|God|" pos="NNP" wid="1">God</w>
  <w id="2" lemma="|bless|" pos="VB" wid="2">bless</w>
  <w id="3" lemma="|you|" pos="PRP" wid="3">you</w>
  <w id="4" lemma="|in|" pos="IN" wid="4">in</w>
  <w id="5" lemma="|you|" pos="PRP$" wid="5">your</w>
  <w id="6" lemma="|family|" pos="NN" wid="6">family</w>
  <w id="7" lemma="|and|" pos="CC" wid="7">and</w>
  <w id="8" lemma="|professional|" pos="JJ" wid="8">professional</w>
  <w id="9" lemma="|life|" pos="NN" wid="9">life</w>
  <w id="10" lemma="|so|" pos="IN" wid="10">so</w>
  <w id="11" lemma="|that|" pos="IN" wid="11">that</w>
  <w id="12" lemma="|you|" pos="PRP" wid="12">you</w>
  <w id="13" lemma="|may|" pos="MD" wid="13">may</w>
  <w id="14" lemma="|give|" pos="VB" wid="14">give</w>
  <w id="15" lemma="|proof|" pos="NN" wid="15">proof</w>
  <w id="16" lemma="|of|" pos="IN" wid="16">of</w>
  <w id="17" lemma="|adherence|" pos="NN" wid="17">adherence</w>
  <w id="18" lemma="|to|" pos="TO" wid="18">to</w>
  <w id="19" lemma="|Christ|" pos="NNP" wid="19">Christ</w>
  <w id="20" lemma="|and|" pos="CC" wid="20">and</w>
  <w id="21" lemma="|he|" pos="PRP$" wid="21">his</w>
  <w id="22" lemma="|Church|" pos="NNP" wid="22">Church</w>
  <w id="23" lemma="|.|" pos="." wid="23">.</w>
</sentence>
<sentence id="27">
  <w id="0" lemma="|thank|" pos="VB" wid="0">Thank</w>
  <w id="1" lemma="|you|" pos="PRP" wid="1">you</w>
  <w id="2" lemma="|very|" pos="RB" wid="2">very</w>
  <w id="3" lemma="|much|" pos="RB" wid="3">much</w>
  <w id="4" lemma="|.|" pos="." wid="4">.</w>
</sentence>
<sentence id="28">
  <w id="0" lemma="|I|" pos="PRP" wid="0">I</w>
  <w id="1" lemma="|greet|" pos="VBP" wid="1">greet</w>
  <w id="2" lemma="|the|" pos="DT" wid="2">the</w>
  <w id="3" lemma="|soldier|" pos="NNS" wid="3">soldiers</w>
  <w id="4" lemma="|and|" pos="CC" wid="4">and</w>
  <w id="5" lemma="|member|" pos="NNS" wid="5">members</w>
  <w id="6" lemma="|of|" pos="IN" wid="6">of</w>
  <w id="7" lemma="|the|" pos="DT" wid="7">the</w>
  <w id="8" lemma="|force|" pos="NNS" wid="8">forces</w>
  <w id="9" lemma="|of|" pos="IN" wid="9">of</w>
  <w id="10" lemma="|public|" pos="JJ" wid="10">public</w>
  <w id="11" lemma="|security|" pos="NN" wid="11">security</w>
  <w id="12" lemma="|from|" pos="IN" wid="12">from</w>
  <w id="13" lemma="|Brazil|" pos="NNP" wid="13">Brazil</w>
  <w id="14" lemma="|,|" pos="," wid="14">,</w>
  <w id="15" lemma="|Mozambique|" pos="NNP" wid="15">Mozambique</w>
  <w id="16" lemma="|and|" pos="CC" wid="16">and</w>
  <w id="17" lemma="|Portugal|" pos="NNP" wid="17">Portugal</w>
  <w id="18" lemma="|,|" pos="," wid="18">,</w>
  <w id="19" lemma="|implore|" pos="VBG" wid="19">imploring</w>
  <w id="20" lemma="|divine|" pos="JJ" wid="20">divine</w>
  <w id="21" lemma="|wisdom|" pos="NN" wid="21">wisdom</w>
  <w id="22" lemma="|on|" pos="IN" wid="22">on</w>
  <w id="23" lemma="|you|" pos="PRP$" wid="23">your</w>
  <w id="24" lemma="|noble|" pos="JJ" wid="24">noble</w>
  <w id="25" lemma="|mission|" pos="NNS" wid="25">missions</w>
  <w id="26" lemma="|so|" pos="IN" wid="26">so</w>
  <w id="27" lemma="|that|" pos="IN" wid="27">that</w>
  <w id="28" lemma="|,|" pos="," wid="28">,</w>
  <w id="29" lemma="|despite|" pos="IN" wid="29">despite</w>
  <w id="30" lemma="|the|" pos="DT" wid="30">the</w>
  <w id="31" lemma="|risk|" pos="NN" wid="31">risk</w>
  <w id="32" lemma="|,|" pos="," wid="32">,</w>
  <w id="33" lemma="|you|" pos="PRP" wid="33">you</w>
  <w id="34" lemma="|will|" pos="MD" wid="34">will</w>
  <w id="35" lemma="|be|" pos="VB" wid="35">be</w>
  <w id="36" lemma="|able|" pos="JJ" wid="36">able</w>
  <w id="37" lemma="|to|" pos="TO" wid="37">to</w>
  <w id="38" lemma="|transmit|" pos="VB" wid="38">transmit</w>
  <w id="39" lemma="|peace|" pos="NN" wid="39">peace</w>
  <w id="40" lemma="|and|" pos="CC" wid="40">and</w>
  <w id="41" lemma="|confidence|" pos="NN" wid="41">confidence</w>
  <w id="42" lemma="|to|" pos="TO" wid="42">to</w>
  <w id="43" lemma="|you|" pos="PRP$" wid="43">your</w>
  <w id="44" lemma="|close|" pos="JJ" wid="44">close</w>
  <w id="45" lemma="|relative|" pos="NNS" wid="45">relatives</w>
  <w id="46" lemma="|and|" pos="CC" wid="46">and</w>
  <w id="47" lemma="|fellow|" pos="JJ" wid="47">fellow</w>
  <w id="48" lemma="|citizen|" pos="NNS" wid="48">citizens</w>
  <w id="49" lemma="|.|" pos="." wid="49">.</w>
</sentence>
<sentence id="29">
  <w id="0" lemma="|I|" pos="PRP" wid="0">I</w>
  <w id="1" lemma="|cordially|" pos="RB" wid="1">cordially</w>
  <w id="2" lemma="|greet|" pos="VBP" wid="2">greet</w>
  <w id="3" lemma="|the|" pos="DT" wid="3">the</w>
  <w id="4" lemma="|representative|" pos="NNS" wid="4">representatives</w>
  <w id="5" lemma="|of|" pos="IN" wid="5">of</w>
  <w id="6" lemma="|the|" pos="DT" wid="6">the</w>
  <w id="7" lemma="|polish|" pos="JJ" wid="7">Polish</w>
  <w id="8" lemma="|army|" pos="NN" wid="8">army</w>
  <w id="9" lemma="|and|" pos="CC" wid="9">and</w>
  <w id="10" lemma="|police|" pos="NN" wid="10">police</w>
  <w id="11" lemma="|force|" pos="NN" wid="11">force</w>
  <w id="12" lemma="|present|" pos="JJ" wid="12">present</w>
  <w id="13" lemma="|here|" pos="RB" wid="13">here</w>
  <w id="14" lemma="|.|" pos="." wid="14">.</w>
</sentence>
<sentence id="30">
  <w id="0" lemma="|this|" pos="DT" wid="0">This</w>
  <w id="1" lemma="|Jubilee|" pos="NNP" wid="1">Jubilee</w>
  <w id="2" lemma="|meeting|" pos="NN" wid="2">meeting</w>
  <w id="3" lemma="|with|" pos="IN" wid="3">with</w>
  <w id="4" lemma="|the|" pos="DT" wid="4">the</w>
  <w id="5" lemma="|soldier|" pos="NNS" wid="5">soldiers</w>
  <w id="6" lemma="|of|" pos="IN" wid="6">of</w>
  <w id="7" lemma="|the|" pos="DT" wid="7">the</w>
  <w id="8" lemma="|whole|" pos="JJ" wid="8">whole</w>
  <w id="9" lemma="|world|" pos="NN" wid="9">world</w>
  <w id="10" lemma="|be|" pos="VBZ" wid="10">is</w>
  <w id="11" lemma="|a|" pos="DT" wid="11">an</w>
  <w id="12" lemma="|event|" pos="NN" wid="12">event</w>
  <w id="13" lemma="|that|" pos="WDT" wid="13">that</w>
  <w id="14" lemma="|show|" pos="VBZ" wid="14">shows</w>
  <w id="15" lemma="|in|" pos="IN" wid="15">in</w>
  <w id="16" lemma="|a|" pos="DT" wid="16">a</w>
  <w id="17" lemma="|particular|" pos="JJ" wid="17">particular</w>
  <w id="18" lemma="|way|" pos="NN" wid="18">way</w>
  <w id="19" lemma="|how|" pos="WRB" wid="19">how</w>
  <w id="20" lemma="|the|" pos="DT" wid="20">the</w>
  <w id="21" lemma="|army|" pos="NN" wid="21">army</w>
  <w id="22" lemma="|do|" pos="VBZ" wid="22">does</w>
  <w id="23" lemma="|not|" pos="RB" wid="23">not</w>
  <w id="24" lemma="|necessarily|" pos="RB" wid="24">necessarily</w>
  <w id="25" lemma="|have|" pos="VB" wid="25">have</w>
  <w id="26" lemma="|to|" pos="TO" wid="26">to</w>
  <w id="27" lemma="|be|" pos="VB" wid="27">be</w>
  <w id="28" lemma="|the|" pos="DT" wid="28">the</w>
  <w id="29" lemma="|protagonist|" pos="NN" wid="29">protagonist</w>
  <w id="30" lemma="|of|" pos="IN" wid="30">of</w>
  <w id="31" lemma="|the|" pos="DT" wid="31">the</w>
  <w id="32" lemma="|tragic|" pos="JJ" wid="32">tragic</w>
  <w id="33" lemma="|event|" pos="NNS" wid="33">events</w>
  <w id="34" lemma="|of|" pos="IN" wid="34">of</w>
  <w id="35" lemma="|war|" pos="NN" wid="35">war</w>
  <w id="36" lemma="|but|" pos="CC" wid="36">but</w>
  <w id="37" lemma="|can|" pos="MD" wid="37">can</w>
  <w id="38" lemma="|and|" pos="CC" wid="38">and</w>
  <w id="39" lemma="|must|" pos="MD" wid="39">must</w>
  <w id="40" lemma="|be|" pos="VB" wid="40">be</w>
  <w id="41" lemma="|the|" pos="DT" wid="41">the</w>
  <w id="42" lemma="|protector|" pos="NN" wid="42">protector</w>
  <w id="43" lemma="|and|" pos="CC" wid="43">and</w>
  <w id="44" lemma="|messenger|" pos="NN" wid="44">messenger</w>
  <w id="45" lemma="|of|" pos="IN" wid="45">of</w>
  <w id="46" lemma="|peace|" pos="NN" wid="46">peace</w>
  <w id="47" lemma="|.|" pos="." wid="47">.</w>
</sentence>
<sentence id="31">
  <w id="0" lemma="|I|" pos="PRP" wid="0">I</w>
  <w id="1" lemma="|pray|" pos="VBP" wid="1">pray</w>
  <w id="2" lemma="|that|" pos="IN" wid="2">that</w>
  <w id="3" lemma="|the|" pos="DT" wid="3">the</w>
  <w id="4" lemma="|difficult|" pos="JJ" wid="4">difficult</w>
  <w id="5" lemma="|service|" pos="NN" wid="5">service</w>
  <w id="6" lemma="|of|" pos="IN" wid="6">of</w>
  <w id="7" lemma="|the|" pos="DT" wid="7">the</w>
  <w id="8" lemma="|army|" pos="NN" wid="8">army</w>
  <w id="9" lemma="|and|" pos="CC" wid="9">and</w>
  <w id="10" lemma="|the|" pos="DT" wid="10">the</w>
  <w id="11" lemma="|police|" pos="NN" wid="11">police</w>
  <w id="12" lemma="|for|" pos="IN" wid="12">for</w>
  <w id="13" lemma="|the|" pos="DT" wid="13">the</w>
  <w id="14" lemma="|protection|" pos="NN" wid="14">protection</w>
  <w id="15" lemma="|of|" pos="IN" wid="15">of</w>
  <w id="16" lemma="|the|" pos="DT" wid="16">the</w>
  <w id="17" lemma="|security|" pos="NN" wid="17">security</w>
  <w id="18" lemma="|of|" pos="IN" wid="18">of</w>
  <w id="19" lemma="|people|" pos="NNS" wid="19">people</w>
  <w id="20" lemma="|and|" pos="CC" wid="20">and</w>
  <w id="21" lemma="|nation|" pos="NNS" wid="21">nations</w>
  <w id="22" lemma="|may|" pos="MD" wid="22">may</w>
  <w id="23" lemma="|always|" pos="RB" wid="23">always</w>
  <w id="24" lemma="|be|" pos="VB" wid="24">be</w>
  <w id="25" lemma="|distinguish|" pos="VBN" wid="25">distinguished</w>
  <w id="26" lemma="|by|" pos="IN" wid="26">by</w>
  <w id="27" lemma="|deep|" pos="JJ" wid="27">deep</w>
  <w id="28" lemma="|sensitivity|" pos="NN" wid="28">sensitivity</w>
  <w id="29" lemma="|to|" pos="TO" wid="29">to</w>
  <w id="30" lemma="|suffering|" pos="NN" wid="30">suffering</w>
  <w id="31" lemma="|and|" pos="CC" wid="31">and</w>
  <w id="32" lemma="|to|" pos="TO" wid="32">to</w>
  <w id="33" lemma="|the|" pos="DT" wid="33">the</w>
  <w id="34" lemma="|need|" pos="NNS" wid="34">needs</w>
  <w id="35" lemma="|of|" pos="IN" wid="35">of</w>
  <w id="36" lemma="|the|" pos="DT" wid="36">the</w>
  <w id="37" lemma="|weakest|" pos="JJS" wid="37">weakest</w>
  <w id="38" lemma="|,|" pos="," wid="38">,</w>
  <w id="39" lemma="|and|" pos="CC" wid="39">and</w>
  <w id="40" lemma="|that|" pos="IN" wid="40">that</w>
  <w id="41" lemma="|it|" pos="PRP" wid="41">it</w>
  <w id="42" lemma="|may|" pos="MD" wid="42">may</w>
  <w id="43" lemma="|be|" pos="VB" wid="43">be</w>
  <w id="44" lemma="|reward|" pos="VBN" wid="44">rewarded</w>
  <w id="45" lemma="|by|" pos="IN" wid="45">by</w>
  <w id="46" lemma="|the|" pos="DT" wid="46">the</w>
  <w id="47" lemma="|gratitude|" pos="NN" wid="47">gratitude</w>
  <w id="48" lemma="|of|" pos="IN" wid="48">of</w>
  <w id="49" lemma="|society|" pos="NNS" wid="49">societies</w>
  <w id="50" lemma="|and|" pos="CC" wid="50">and</w>
  <w id="51" lemma="|by|" pos="IN" wid="51">by</w>
  <w id="52" lemma="|God|" pos="NNP" wid="52">God</w>
  <w id="53" lemma="|'s|" pos="POS" wid="53">'s</w>
  <w id="54" lemma="|blessing|" pos="NN" wid="54">blessing</w>
  <w id="55" lemma="|.|" pos="." wid="55">.</w>
</sentence>
<sentence id="32">
  <w id="0" lemma="|3|" pos="LS" wid="0">3</w>
  <w id="1" lemma="|.|" pos="." wid="1">.</w>
</sentence>
<sentence id="33">
  <w id="0" lemma="|at|" pos="IN" wid="0">At</w>
  <w id="1" lemma="|this|" pos="DT" wid="1">this</w>
  <w id="2" lemma="|time|" pos="NN" wid="2">time</w>
  <w id="3" lemma="|of|" pos="IN" wid="3">of</w>
  <w id="4" lemma="|profound|" pos="JJ" wid="4">profound</w>
  <w id="5" lemma="|communion|" pos="NN" wid="5">communion</w>
  <w id="6" lemma="|,|" pos="," wid="6">,</w>
  <w id="7" lemma="|enrich|" pos="VBN" wid="7">enriched</w>
  <w id="8" lemma="|with|" pos="IN" wid="8">with</w>
  <w id="9" lemma="|the|" pos="DT" wid="9">the</w>
  <w id="10" lemma="|Jubilee|" pos="NNP" wid="10">Jubilee</w>
  <w id="11" lemma="|grace|" pos="NN" wid="11">grace</w>
  <w id="12" lemma="|,|" pos="," wid="12">,</w>
  <w id="13" lemma="|I|" pos="PRP" wid="13">I</w>
  <w id="14" lemma="|would|" pos="MD" wid="14">would</w>
  <w id="15" lemma="|like|" pos="VB" wid="15">like</w>
  <w id="16" lemma="|to|" pos="TO" wid="16">to</w>
  <w id="17" lemma="|raise|" pos="VB" wid="17">raise</w>
  <w id="18" lemma="|my|" pos="PRP$" wid="18">my</w>
  <w id="19" lemma="|prayer|" pos="NN" wid="19">prayer</w>
  <w id="20" lemma="|to|" pos="TO" wid="20">to</w>
  <w id="21" lemma="|the|" pos="DT" wid="21">the</w>
  <w id="22" lemma="|Lord|" pos="NNP" wid="22">Lord</w>
  <w id="23" lemma="|for|" pos="IN" wid="23">for</w>
  <w id="24" lemma="|you|" pos="PRP$" wid="24">your</w>
  <w id="25" lemma="|many|" pos="JJ" wid="25">many</w>
  <w id="26" lemma="|colleague|" pos="NNS" wid="26">colleagues</w>
  <w id="27" lemma="|who|" pos="WP" wid="27">who</w>
  <w id="28" lemma="|have|" pos="VBP" wid="28">have</w>
  <w id="29" lemma="|die|" pos="VBN" wid="29">died</w>
  <w id="30" lemma="|in|" pos="IN" wid="30">in</w>
  <w id="31" lemma="|these|" pos="DT" wid="31">these</w>
  <w id="32" lemma="|year|" pos="NNS" wid="32">years</w>
  <w id="33" lemma="|during|" pos="IN" wid="33">during</w>
  <w id="34" lemma="|various|" pos="JJ" wid="34">various</w>
  <w id="35" lemma="|mission|" pos="NNS" wid="35">missions</w>
  <w id="36" lemma="|of|" pos="IN" wid="36">of</w>
  <w id="37" lemma="|peace|" pos="NN" wid="37">peace</w>
  <w id="38" lemma="|and|" pos="CC" wid="38">and</w>
  <w id="39" lemma="|in|" pos="IN" wid="39">in</w>
  <w id="40" lemma="|the|" pos="DT" wid="40">the</w>
  <w id="41" lemma="|defence|" pos="NN" wid="41">defence</w>
  <w id="42" lemma="|of|" pos="IN" wid="42">of</w>
  <w id="43" lemma="|law|" pos="NN" wid="43">law</w>
  <w id="44" lemma="|and|" pos="CC" wid="44">and</w>
  <w id="45" lemma="|order|" pos="NN" wid="45">order</w>
  <w id="46" lemma="|.|" pos="." wid="46">.</w>
</sentence>
<sentence id="34">
  <w id="0" lemma="|May|" pos="NNP" wid="0">May</w>
  <w id="1" lemma="|they|" pos="PRP$" wid="1">their</w>
  <w id="2" lemma="|sacrifice|" pos="NN" wid="2">sacrifice</w>
  <w id="3" lemma="|not|" pos="RB" wid="3">not</w>
  <w id="4" lemma="|have|" pos="VBP" wid="4">have</w>
  <w id="5" lemma="|be|" pos="VBN" wid="5">been</w>
  <w id="6" lemma="|in|" pos="IN" wid="6">in</w>
  <w id="7" lemma="|vain|" pos="JJ" wid="7">vain</w>
  <w id="8" lemma="|!|" pos="." wid="8">!</w>
</sentence>
<sentence id="35">
  <w id="0" lemma="|May|" pos="NNP" wid="0">May</w>
  <w id="1" lemma="|they|" pos="PRP$" wid="1">their</w>
  <w id="2" lemma="|hidden|" pos="JJ" wid="2">hidden</w>
  <w id="3" lemma="|and|" pos="CC" wid="3">and</w>
  <w id="4" lemma="|silent|" pos="JJ" wid="4">silent</w>
  <w id="5" lemma="|witness|" pos="NN" wid="5">witness</w>
  <w id="6" lemma="|be|" pos="VB" wid="6">be</w>
  <w id="7" lemma="|a|" pos="DT" wid="7">an</w>
  <w id="8" lemma="|encouragement|" pos="NN" wid="8">encouragement</w>
  <w id="9" lemma="|to|" pos="TO" wid="9">to</w>
  <w id="10" lemma="|everyone|" pos="NN" wid="10">everyone</w>
  <w id="11" lemma="|not|" pos="RB" wid="11">not</w>
  <w id="12" lemma="|to|" pos="TO" wid="12">to</w>
  <w id="13" lemma="|be|" pos="VB" wid="13">be</w>
  <w id="14" lemma="|resign|" pos="VBN" wid="14">resigned</w>
  <w id="15" lemma="|to|" pos="TO" wid="15">to</w>
  <w id="16" lemma="|injustice|" pos="NN" wid="16">injustice</w>
  <w id="17" lemma="|,|" pos="," wid="17">,</w>
  <w id="18" lemma="|but|" pos="CC" wid="18">but</w>
  <w id="19" lemma="|to|" pos="TO" wid="19">to</w>
  <w id="20" lemma="|conquer|" pos="VB" wid="20">conquer</w>
  <w id="21" lemma="|evil|" pos="NN" wid="21">evil</w>
  <w id="22" lemma="|with|" pos="IN" wid="22">with</w>
  <w id="23" lemma="|good|" pos="JJ" wid="23">good</w>
  <w id="24" lemma="|!|" pos="." wid="24">!</w>
</sentence>
<sentence id="36">
  <w id="0" lemma="|May|" pos="NNP" wid="0">May</w>
  <w id="1" lemma="|God|" pos="NNP" wid="1">God</w>
  <w id="2" lemma="|welcome|" pos="VB" wid="2">welcome</w>
  <w id="3" lemma="|they|" pos="PRP" wid="3">them</w>
  <w id="4" lemma="|into|" pos="IN" wid="4">into</w>
  <w id="5" lemma="|he|" pos="PRP$" wid="5">his</w>
  <w id="6" lemma="|kingdom|" pos="NN" wid="6">kingdom</w>
  <w id="7" lemma="|of|" pos="IN" wid="7">of</w>
  <w id="8" lemma="|peace|" pos="NN" wid="8">peace</w>
  <w id="9" lemma="|and|" pos="CC" wid="9">and</w>
  <w id="10" lemma="|grant|" pos="NN" wid="10">grant</w>
  <w id="11" lemma="|serenity|" pos="NN" wid="11">serenity</w>
  <w id="12" lemma="|and|" pos="CC" wid="12">and</w>
  <w id="13" lemma="|comfort|" pos="NN" wid="13">comfort</w>
  <w id="14" lemma="|to|" pos="TO" wid="14">to</w>
  <w id="15" lemma="|they|" pos="PRP$" wid="15">their</w>
  <w id="16" lemma="|family|" pos="NNS" wid="16">families</w>
  <w id="17" lemma="|and|" pos="CC" wid="17">and</w>
  <w id="18" lemma="|to|" pos="TO" wid="18">to</w>
  <w id="19" lemma="|all|" pos="DT" wid="19">all</w>
  <w id="20" lemma="|they|" pos="PRP$" wid="20">their</w>
  <w id="21" lemma="|love|" pos="VBN" wid="21">loved</w>
  <w id="22" lemma="|one|" pos="NNS" wid="22">ones</w>
  <w id="23" lemma="|.|" pos="." wid="23">.</w>
</sentence>
<sentence id="37">
  <w id="0" lemma="|let|" pos="VB" wid="0">Let</w>
  <w id="1" lemma="|we|" pos="PRP" wid="1">us</w>
  <w id="2" lemma="|entrust|" pos="VB" wid="2">entrust</w>
  <w id="3" lemma="|to|" pos="TO" wid="3">to</w>
  <w id="4" lemma="|the|" pos="DT" wid="4">the</w>
  <w id="5" lemma="|motherly|" pos="JJ" wid="5">motherly</w>
  <w id="6" lemma="|intercession|" pos="NN" wid="6">intercession</w>
  <w id="7" lemma="|of|" pos="IN" wid="7">of</w>
  <w id="8" lemma="|Mary|" pos="NNP" wid="8">Mary</w>
  <w id="9" lemma="|Most|" pos="NNP" wid="9">Most</w>
  <w id="10" lemma="|Holy|" pos="NNP" wid="10">Holy</w>
  <w id="11" lemma="|we|" pos="PRP$" wid="11">our</w>
  <w id="12" lemma="|intense|" pos="JJ" wid="12">intense</w>
  <w id="13" lemma="|and|" pos="CC" wid="13">and</w>
  <w id="14" lemma="|prayerful|" pos="JJ" wid="14">prayerful</w>
  <w id="15" lemma="|invocation|" pos="NN" wid="15">invocation</w>
  <w id="16" lemma="|for|" pos="IN" wid="16">for</w>
  <w id="17" lemma="|the|" pos="DT" wid="17">the</w>
  <w id="18" lemma="|living|" pos="NN" wid="18">living</w>
  <w id="19" lemma="|and|" pos="CC" wid="19">and</w>
  <w id="20" lemma="|the|" pos="DT" wid="20">the</w>
  <w id="21" lemma="|dead|" pos="NN" wid="21">dead</w>
  <w id="22" lemma="|.|" pos="." wid="22">.</w>
</sentence>
</corpus>