<corpus id="0">
<sentence id="0">
  <w id="0" lemma="|Dear|" pos="NNP" wid="0">Dear</w>
  <w id="1" lemma="|Brothers|" pos="NNPS" wid="1">Brothers</w>
  <w id="2" lemma="|and|" pos="CC" wid="2">and</w>
  <w id="3" lemma="|sister|" pos="NNS" wid="3">Sisters</w>
  <w id="4" lemma="|,|" pos="," wid="4">,</w>
  <w id="5" lemma="|1|" pos="CD" wid="5">1</w>
  <w id="6" lemma="|.|" pos="." wid="6">.</w>
</sentence>
<sentence id="1">
  <w id="0" lemma="|in|" pos="IN" wid="0">In</w>
  <w id="1" lemma="|a|" pos="DT" wid="1">a</w>
  <w id="2" lemma="|few|" pos="JJ" wid="2">few</w>
  <w id="3" lemma="|day|" pos="NNS" wid="3">days</w>
  <w id="4" lemma="|it|" pos="PRP" wid="4">it</w>
  <w id="5" lemma="|will|" pos="MD" wid="5">will</w>
  <w id="6" lemma="|be|" pos="VB" wid="6">be</w>
  <w id="7" lemma="|Christmas|" pos="NNP" wid="7">Christmas</w>
  <w id="8" lemma="|.|" pos="." wid="8">.</w>
</sentence>
<sentence id="2">
  <w id="0" lemma="|family|" pos="NNS" wid="0">Families</w>
  <w id="1" lemma="|be|" pos="VBP" wid="1">are</w>
  <w id="2" lemma="|busy|" pos="JJ" wid="2">busy</w>
  <w id="3" lemma="|with|" pos="IN" wid="3">with</w>
  <w id="4" lemma="|preparation|" pos="NNS" wid="4">preparations</w>
  <w id="5" lemma="|.|" pos="." wid="5">.</w>
</sentence>
<sentence id="3">
  <w id="0" lemma="|the|" pos="DT" wid="0">The</w>
  <w id="1" lemma="|crib|" pos="NN" wid="1">crib</w>
  <w id="2" lemma="|,|" pos="," wid="2">,</w>
  <w id="3" lemma="|be|" pos="VBG" wid="3">being</w>
  <w id="4" lemma="|set|" pos="VBN" wid="4">set</w>
  <w id="5" lemma="|up|" pos="RP" wid="5">up</w>
  <w id="6" lemma="|in|" pos="IN" wid="6">in</w>
  <w id="7" lemma="|this|" pos="DT" wid="7">this</w>
  <w id="8" lemma="|square|" pos="NN" wid="8">square</w>
  <w id="9" lemma="|too|" pos="RB" wid="9">too</w>
  <w id="10" lemma="|,|" pos="," wid="10">,</w>
  <w id="11" lemma="|and|" pos="CC" wid="11">and</w>
  <w id="12" lemma="|the|" pos="DT" wid="12">the</w>
  <w id="13" lemma="|tree|" pos="NN" wid="13">tree</w>
  <w id="14" lemma="|,|" pos="," wid="14">,</w>
  <w id="15" lemma="|point|" pos="VBG" wid="15">pointing</w>
  <w id="16" lemma="|to|" pos="TO" wid="16">to</w>
  <w id="17" lemma="|heaven|" pos="NN" wid="17">heaven</w>
  <w id="18" lemma="|and|" pos="CC" wid="18">and</w>
  <w id="19" lemma="|already|" pos="RB" wid="19">already</w>
  <w id="20" lemma="|decorate|" pos="VBN" wid="20">decorated</w>
  <w id="21" lemma="|with|" pos="IN" wid="21">with</w>
  <w id="22" lemma="|strand|" pos="NNS" wid="22">strands</w>
  <w id="23" lemma="|of|" pos="IN" wid="23">of</w>
  <w id="24" lemma="|light|" pos="NN" wid="24">light</w>
  <w id="25" lemma="|,|" pos="," wid="25">,</w>
  <w id="26" lemma="|remind|" pos="VB" wid="26">remind</w>
  <w id="27" lemma="|we|" pos="PRP" wid="27">us</w>
  <w id="28" lemma="|of|" pos="IN" wid="28">of</w>
  <w id="29" lemma="|the|" pos="DT" wid="29">the</w>
  <w id="30" lemma="|approach|" pos="NN" wid="30">approach</w>
  <w id="31" lemma="|of|" pos="IN" wid="31">of</w>
  <w id="32" lemma="|this|" pos="DT" wid="32">this</w>
  <w id="33" lemma="|feast|" pos="NN" wid="33">feast</w>
  <w id="34" lemma="|,|" pos="," wid="34">,</w>
  <w id="35" lemma="|which|" pos="WDT" wid="35">which</w>
  <w id="36" lemma="|be|" pos="VBZ" wid="36">is</w>
  <w id="37" lemma="|so|" pos="RB" wid="37">so</w>
  <w id="38" lemma="|rich|" pos="JJ" wid="38">rich</w>
  <w id="39" lemma="|in|" pos="IN" wid="39">in</w>
  <w id="40" lemma="|sentiment|" pos="NN" wid="40">sentiment</w>
  <w id="41" lemma="|and|" pos="CC" wid="41">and</w>
  <w id="42" lemma="|inspiration|" pos="NN" wid="42">inspiration</w>
  <w id="43" lemma="|.|" pos="." wid="43">.</w>
</sentence>
<sentence id="4">
  <w id="0" lemma="|as|" pos="IN" wid="0">As</w>
  <w id="1" lemma="|I|" pos="PRP" wid="1">I</w>
  <w id="2" lemma="|offer|" pos="VBP" wid="2">offer</w>
  <w id="3" lemma="|you|" pos="PRP" wid="3">you</w>
  <w id="4" lemma="|my|" pos="PRP$" wid="4">my</w>
  <w id="5" lemma="|most|" pos="RBS" wid="5">most</w>
  <w id="6" lemma="|cordial|" pos="JJ" wid="6">cordial</w>
  <w id="7" lemma="|greeting|" pos="NNS" wid="7">greetings</w>
  <w id="8" lemma="|,|" pos="," wid="8">,</w>
  <w id="9" lemma="|I|" pos="PRP" wid="9">I</w>
  <w id="10" lemma="|urge|" pos="VBP" wid="10">urge</w>
  <w id="11" lemma="|everyone|" pos="NN" wid="11">everyone</w>
  <w id="12" lemma="|not|" pos="RB" wid="12">not</w>
  <w id="13" lemma="|to|" pos="TO" wid="13">to</w>
  <w id="14" lemma="|stop|" pos="VB" wid="14">stop</w>
  <w id="15" lemma="|at|" pos="IN" wid="15">at</w>
  <w id="16" lemma="|the|" pos="DT" wid="16">the</w>
  <w id="17" lemma="|external|" pos="JJ" wid="17">external</w>
  <w id="18" lemma="|aspect|" pos="NN" wid="18">aspect</w>
  <w id="19" lemma="|of|" pos="IN" wid="19">of</w>
  <w id="20" lemma="|Christmas|" pos="NNP" wid="20">Christmas</w>
  <w id="21" lemma="|,|" pos="," wid="21">,</w>
  <w id="22" lemma="|reduce|" pos="VBG" wid="22">reducing</w>
  <w id="23" lemma="|it|" pos="PRP" wid="23">it</w>
  <w id="24" lemma="|to|" pos="TO" wid="24">to</w>
  <w id="25" lemma="|a|" pos="DT" wid="25">a</w>
  <w id="26" lemma="|folkloric|" pos="JJ" wid="26">folkloric</w>
  <w id="27" lemma="|festival|" pos="NN" wid="27">festival</w>
  <w id="28" lemma="|,|" pos="," wid="28">,</w>
  <w id="29" lemma="|but|" pos="CC" wid="29">but</w>
  <w id="30" lemma="|to|" pos="TO" wid="30">to</w>
  <w id="31" lemma="|rediscover|" pos="VB" wid="31">rediscover</w>
  <w id="32" lemma="|its|" pos="PRP$" wid="32">its</w>
  <w id="33" lemma="|profound|" pos="JJ" wid="33">profound</w>
  <w id="34" lemma="|truth|" pos="NN" wid="34">truth</w>
  <w id="35" lemma="|,|" pos="," wid="35">,</w>
  <w id="36" lemma="|that|" pos="DT" wid="36">that</w>
  <w id="37" lemma="|of|" pos="IN" wid="37">of</w>
  <w id="38" lemma="|the|" pos="DT" wid="38">the</w>
  <w id="39" lemma="|Son|" pos="NNP" wid="39">Son</w>
  <w id="40" lemma="|who|" pos="WP" wid="40">who</w>
  <w id="41" lemma="|come|" pos="VBD" wid="41">came</w>
  <w id="42" lemma="|among|" pos="IN" wid="42">among</w>
  <w id="43" lemma="|we|" pos="PRP" wid="43">us</w>
  <w id="44" lemma="|in|" pos="IN" wid="44">in</w>
  <w id="45" lemma="|the|" pos="DT" wid="45">the</w>
  <w id="46" lemma="|humility|" pos="NN" wid="46">humility</w>
  <w id="47" lemma="|of|" pos="IN" wid="47">of</w>
  <w id="48" lemma="|we|" pos="PRP$" wid="48">our</w>
  <w id="49" lemma="|flesh|" pos="NN" wid="49">flesh</w>
  <w id="50" lemma="|.|" pos="." wid="50">.</w>
</sentence>
<sentence id="5">
  <w id="0" lemma="|we|" pos="PRP" wid="0">We</w>
  <w id="1" lemma="|must|" pos="MD" wid="1">must</w>
  <w id="2" lemma="|renew|" pos="VB" wid="2">renew</w>
  <w id="3" lemma="|within|" pos="IN" wid="3">within</w>
  <w id="4" lemma="|ourselves|" pos="PRP" wid="4">ourselves</w>
  <w id="5" lemma="|that|" pos="IN" wid="5">that</w>
  <w id="6" lemma="|attitude|" pos="NN" wid="6">attitude</w>
  <w id="7" lemma="|of|" pos="IN" wid="7">of</w>
  <w id="8" lemma="|wonder|" pos="NN" wid="8">wonder</w>
  <w id="9" lemma="|and|" pos="CC" wid="9">and</w>
  <w id="10" lemma="|astonished|" pos="JJ" wid="10">astonished</w>
  <w id="11" lemma="|admiration|" pos="NN" wid="11">admiration</w>
  <w id="12" lemma="|which|" pos="WDT" wid="12">which</w>
  <w id="13" lemma="|the|" pos="DT" wid="13">the</w>
  <w id="14" lemma="|Virgin|" pos="NNP" wid="14">Virgin</w>
  <w id="15" lemma="|Mary|" pos="NNP" wid="15">Mary</w>
  <w id="16" lemma="|experience|" pos="VBD" wid="16">experienced</w>
  <w id="17" lemma="|in|" pos="IN" wid="17">in</w>
  <w id="18" lemma="|the|" pos="DT" wid="18">the</w>
  <w id="19" lemma="|presence|" pos="NN" wid="19">presence</w>
  <w id="20" lemma="|of|" pos="IN" wid="20">of</w>
  <w id="21" lemma="|this|" pos="DT" wid="21">this</w>
  <w id="22" lemma="|mystery|" pos="NN" wid="22">Mystery</w>
  <w id="23" lemma="|.|" pos="." wid="23">.</w>
</sentence>
<sentence id="6">
  <w id="0" lemma="|May|" pos="NNP" wid="0">May</w>
  <w id="1" lemma="|Christmas|" pos="NNP" wid="1">Christmas</w>
  <w id="2" lemma="|bring|" pos="VB" wid="2">bring</w>
  <w id="3" lemma="|everyone|" pos="NN" wid="3">everyone</w>
  <w id="4" lemma="|to|" pos="TO" wid="4">to</w>
  <w id="5" lemma="|meet|" pos="VB" wid="5">meet</w>
  <w id="6" lemma="|God|" pos="NNP" wid="6">God</w>
  <w id="7" lemma="|and|" pos="CC" wid="7">and</w>
  <w id="8" lemma="|awaken|" pos="VB" wid="8">awaken</w>
  <w id="9" lemma="|in|" pos="IN" wid="9">in</w>
  <w id="10" lemma="|all|" pos="DT" wid="10">all</w>
  <w id="11" lemma="|heart|" pos="NNS" wid="11">hearts</w>
  <w id="12" lemma="|feeling|" pos="NNS" wid="12">feelings</w>
  <w id="13" lemma="|of|" pos="IN" wid="13">of</w>
  <w id="14" lemma="|mutual|" pos="JJ" wid="14">mutual</w>
  <w id="15" lemma="|forgiveness|" pos="NN" wid="15">forgiveness</w>
  <w id="16" lemma="|and|" pos="CC" wid="16">and</w>
  <w id="17" lemma="|fraternal|" pos="JJ" wid="17">fraternal</w>
  <w id="18" lemma="|solidarity|" pos="NN" wid="18">solidarity</w>
  <w id="19" lemma="|.|" pos="." wid="19">.</w>
</sentence>
<sentence id="7">
  <w id="0" lemma="|2|" pos="CD" wid="0">2</w>
  <w id="1" lemma="|.|" pos="." wid="1">.</w>
</sentence>
<sentence id="8">
  <w id="0" lemma="|the|" pos="DT" wid="0">The</w>
  <w id="1" lemma="|Christmas|" pos="NNP" wid="1">Christmas</w>
  <w id="2" lemma="|atmosphere|" pos="NN" wid="2">atmosphere</w>
  <w id="3" lemma="|cause|" pos="VBZ" wid="3">causes</w>
  <w id="4" lemma="|we|" pos="PRP" wid="4">us</w>
  <w id="5" lemma="|even|" pos="RB" wid="5">even</w>
  <w id="6" lemma="|deeper|" pos="JJR" wid="6">deeper</w>
  <w id="7" lemma="|suffering|" pos="NN" wid="7">suffering</w>
  <w id="8" lemma="|over|" pos="IN" wid="8">over</w>
  <w id="9" lemma="|what|" pos="WP" wid="9">what</w>
  <w id="10" lemma="|be|" pos="VBZ" wid="10">is</w>
  <w id="11" lemma="|happen|" pos="VBG" wid="11">happening</w>
  <w id="12" lemma="|in|" pos="IN" wid="12">in</w>
  <w id="13" lemma="|these|" pos="DT" wid="13">these</w>
  <w id="14" lemma="|day|" pos="NNS" wid="14">days</w>
  <w id="15" lemma="|to|" pos="TO" wid="15">to</w>
  <w id="16" lemma="|the|" pos="DT" wid="16">the</w>
  <w id="17" lemma="|iraqi|" pos="JJ" wid="17">Iraqi</w>
  <w id="18" lemma="|people|" pos="NNS" wid="18">people</w>
  <w id="19" lemma="|,|" pos="," wid="19">,</w>
  <w id="20" lemma="|to|" pos="TO" wid="20">to</w>
  <w id="21" lemma="|whose|" pos="WP$" wid="21">whose</w>
  <w id="22" lemma="|tragedy|" pos="NN" wid="22">tragedy</w>
  <w id="23" lemma="|no|" pos="DT" wid="23">no</w>
  <w id="24" lemma="|one|" pos="NN" wid="24">one</w>
  <w id="25" lemma="|can|" pos="MD" wid="25">can</w>
  <w id="26" lemma="|be|" pos="VB" wid="26">be</w>
  <w id="27" lemma="|indifferent|" pos="JJ" wid="27">indifferent</w>
  <w id="28" lemma="|.|" pos="." wid="28">.</w>
</sentence>
<sentence id="9">
  <w id="0" lemma="|my|" pos="PRP$" wid="0">My</w>
  <w id="1" lemma="|profound|" pos="JJ" wid="1">profound</w>
  <w id="2" lemma="|sorrow|" pos="NN" wid="2">sorrow</w>
  <w id="3" lemma="|for|" pos="IN" wid="3">for</w>
  <w id="4" lemma="|the|" pos="DT" wid="4">the</w>
  <w id="5" lemma="|situation|" pos="NN" wid="5">situation</w>
  <w id="6" lemma="|of|" pos="IN" wid="6">of</w>
  <w id="7" lemma="|that|" pos="DT" wid="7">that</w>
  <w id="8" lemma="|people|" pos="NNS" wid="8">people</w>
  <w id="9" lemma="|be|" pos="VBZ" wid="9">is</w>
  <w id="10" lemma="|combine|" pos="VBN" wid="10">combined</w>
  <w id="11" lemma="|with|" pos="IN" wid="11">with</w>
  <w id="12" lemma="|deep|" pos="JJ" wid="12">deep</w>
  <w id="13" lemma="|distress|" pos="NN" wid="13">distress</w>
  <w id="14" lemma="|at|" pos="IN" wid="14">at</w>
  <w id="15" lemma="|see|" pos="VBG" wid="15">seeing</w>
  <w id="16" lemma="|how|" pos="WRB" wid="16">how</w>
  <w id="17" lemma="|often|" pos="RB" wid="17">often</w>
  <w id="18" lemma="|hope|" pos="VBZ" wid="18">hopes</w>
  <w id="19" lemma="|in|" pos="IN" wid="19">in</w>
  <w id="20" lemma="|the|" pos="DT" wid="20">the</w>
  <w id="21" lemma="|effectiveness|" pos="NN" wid="21">effectiveness</w>
  <w id="22" lemma="|and|" pos="CC" wid="22">and</w>
  <w id="23" lemma="|force|" pos="NN" wid="23">force</w>
  <w id="24" lemma="|of|" pos="IN" wid="24">of</w>
  <w id="25" lemma="|international|" pos="JJ" wid="25">international</w>
  <w id="26" lemma="|law|" pos="NN" wid="26">law</w>
  <w id="27" lemma="|and|" pos="CC" wid="27">and</w>
  <w id="28" lemma="|in|" pos="IN" wid="28">in</w>
  <w id="29" lemma="|the|" pos="DT" wid="29">the</w>
  <w id="30" lemma="|organization|" pos="NNS" wid="30">organizations</w>
  <w id="31" lemma="|call|" pos="VBN" wid="31">called</w>
  <w id="32" lemma="|to|" pos="TO" wid="32">to</w>
  <w id="33" lemma="|guarantee|" pos="VB" wid="33">guarantee</w>
  <w id="34" lemma="|its|" pos="PRP$" wid="34">its</w>
  <w id="35" lemma="|application|" pos="NN" wid="35">application</w>
  <w id="36" lemma="|be|" pos="VBP" wid="36">are</w>
  <w id="37" lemma="|disappointed|" pos="JJ" wid="37">disappointed</w>
  <w id="38" lemma="|.|" pos="." wid="38">.</w>
</sentence>
<sentence id="10">
  <w id="0" lemma="|I|" pos="PRP" wid="0">I</w>
  <w id="1" lemma="|repeat|" pos="VBP" wid="1">repeat</w>
  <w id="2" lemma="|once|" pos="RB" wid="2">once</w>
  <w id="3" lemma="|again|" pos="RB" wid="3">again</w>
  <w id="4" lemma="|:|" pos=":" wid="4">:</w>
  <w id="5" lemma="|war|" pos="NN" wid="5">war</w>
  <w id="6" lemma="|have|" pos="VBZ" wid="6">has</w>
  <w id="7" lemma="|never|" pos="RB" wid="7">never</w>
  <w id="8" lemma="|be|" pos="VBN" wid="8">been</w>
  <w id="9" lemma="|and|" pos="CC" wid="9">and</w>
  <w id="10" lemma="|will|" pos="MD" wid="10">will</w>
  <w id="11" lemma="|never|" pos="RB" wid="11">never</w>
  <w id="12" lemma="|be|" pos="VB" wid="12">be</w>
  <w id="13" lemma="|a|" pos="DT" wid="13">an</w>
  <w id="14" lemma="|appropriate|" pos="JJ" wid="14">appropriate</w>
  <w id="15" lemma="|way|" pos="NN" wid="15">way</w>
  <w id="16" lemma="|to|" pos="TO" wid="16">to</w>
  <w id="17" lemma="|solve|" pos="VB" wid="17">solve</w>
  <w id="18" lemma="|problem|" pos="NNS" wid="18">problems</w>
  <w id="19" lemma="|between|" pos="IN" wid="19">between</w>
  <w id="20" lemma="|nation|" pos="NNS" wid="20">nations</w>
  <w id="21" lemma="|!|" pos="." wid="21">!</w>
</sentence>
<sentence id="11">
  <w id="0" lemma="|more|" pos="RBR" wid="0">More</w>
  <w id="1" lemma="|than|" pos="IN" wid="1">than</w>
  <w id="2" lemma="|ever|" pos="RB" wid="2">ever</w>
  <w id="3" lemma="|,|" pos="," wid="3">,</w>
  <w id="4" lemma="|then|" pos="RB" wid="4">then</w>
  <w id="5" lemma="|,|" pos="," wid="5">,</w>
  <w id="6" lemma="|it|" pos="PRP" wid="6">it</w>
  <w id="7" lemma="|be|" pos="VBZ" wid="7">is</w>
  <w id="8" lemma="|the|" pos="DT" wid="8">the</w>
  <w id="9" lemma="|iraqi|" pos="JJ" wid="9">Iraqi</w>
  <w id="10" lemma="|people|" pos="NNS" wid="10">people</w>
  <w id="11" lemma="|who|" pos="WP" wid="11">who</w>
  <w id="12" lemma="|must|" pos="MD" wid="12">must</w>
  <w id="13" lemma="|be|" pos="VB" wid="13">be</w>
  <w id="14" lemma="|the|" pos="DT" wid="14">the</w>
  <w id="15" lemma="|chief|" pos="JJ" wid="15">chief</w>
  <w id="16" lemma="|concern|" pos="NN" wid="16">concern</w>
  <w id="17" lemma="|of|" pos="IN" wid="17">of</w>
  <w id="18" lemma="|those|" pos="DT" wid="18">those</w>
  <w id="19" lemma="|in|" pos="IN" wid="19">in</w>
  <w id="20" lemma="|Iraq|" pos="NNP" wid="20">Iraq</w>
  <w id="21" lemma="|and|" pos="CC" wid="21">and</w>
  <w id="22" lemma="|elsewhere|" pos="RB" wid="22">elsewhere</w>
  <w id="23" lemma="|who|" pos="WP" wid="23">who</w>
  <w id="24" lemma="|have|" pos="VBP" wid="24">have</w>
  <w id="25" lemma="|the|" pos="DT" wid="25">the</w>
  <w id="26" lemma="|obligation|" pos="NN" wid="26">obligation</w>
  <w id="27" lemma="|to|" pos="TO" wid="27">to</w>
  <w id="28" lemma="|resolve|" pos="VB" wid="28">resolve</w>
  <w id="29" lemma="|this|" pos="DT" wid="29">this</w>
  <w id="30" lemma="|crisis|" pos="NN" wid="30">crisis</w>
  <w id="31" lemma="|.|" pos="." wid="31">.</w>
</sentence>
<sentence id="12">
  <w id="0" lemma="|to|" pos="TO" wid="0">To</w>
  <w id="1" lemma="|everyone|" pos="NN" wid="1">everyone</w>
  <w id="2" lemma="|I|" pos="PRP" wid="2">I</w>
  <w id="3" lemma="|make|" pos="VBP" wid="3">make</w>
  <w id="4" lemma="|a|" pos="DT" wid="4">a</w>
  <w id="5" lemma="|heartfelt|" pos="JJ" wid="5">heartfelt</w>
  <w id="6" lemma="|appeal|" pos="NN" wid="6">appeal</w>
  <w id="7" lemma="|that|" pos="IN" wid="7">that</w>
  <w id="8" lemma="|human|" pos="JJ" wid="8">human</w>
  <w id="9" lemma="|solidarity|" pos="NN" wid="9">solidarity</w>
  <w id="10" lemma="|and|" pos="CC" wid="10">and</w>
  <w id="11" lemma="|respect|" pos="NN" wid="11">respect</w>
  <w id="12" lemma="|for|" pos="IN" wid="12">for</w>
  <w id="13" lemma="|the|" pos="DT" wid="13">the</w>
  <w id="14" lemma="|international|" pos="JJ" wid="14">international</w>
  <w id="15" lemma="|order|" pos="NN" wid="15">order</w>
  <w id="16" lemma="|will|" pos="MD" wid="16">will</w>
  <w id="17" lemma="|prevail|" pos="VB" wid="17">prevail</w>
  <w id="18" lemma="|.|" pos="." wid="18">.</w>
</sentence>
<sentence id="13">
  <w id="0" lemma="|after|" pos="IN" wid="0">After</w>
  <w id="1" lemma="|lead|" pos="VBG" wid="1">leading</w>
  <w id="2" lemma="|the|" pos="DT" wid="2">the</w>
  <w id="3" lemma="|recitation|" pos="NN" wid="3">recitation</w>
  <w id="4" lemma="|of|" pos="IN" wid="4">of</w>
  <w id="5" lemma="|the|" pos="DT" wid="5">the</w>
  <w id="6" lemma="|Angelus|" pos="NNP" wid="6">Angelus</w>
  <w id="7" lemma="|the|" pos="DT" wid="7">the</w>
  <w id="8" lemma="|Holy|" pos="NNP" wid="8">Holy</w>
  <w id="9" lemma="|Father|" pos="NNP" wid="9">Father</w>
  <w id="10" lemma="|say|" pos="VBD" wid="10">said</w>
  <w id="11" lemma="|:|" pos=":" wid="11">:</w>
  <w id="12" lemma="|I|" pos="PRP" wid="12">I</w>
  <w id="13" lemma="|cordially|" pos="RB" wid="13">cordially</w>
  <w id="14" lemma="|greet|" pos="VBP" wid="14">greet</w>
  <w id="15" lemma="|the|" pos="DT" wid="15">the</w>
  <w id="16" lemma="|pilgrim|" pos="NNS" wid="16">pilgrims</w>
  <w id="17" lemma="|from|" pos="IN" wid="17">from</w>
  <w id="18" lemma="|Bad|" pos="NNP" wid="18">Bad</w>
  <w id="19" lemma="|Säckingen|" pos="NNP" wid="19">Säckingen</w>
  <w id="20" lemma="|who|" pos="WP" wid="20">who</w>
  <w id="21" lemma="|have|" pos="VBP" wid="21">have</w>
  <w id="22" lemma="|donate|" pos="VBN" wid="22">donated</w>
  <w id="23" lemma="|this|" pos="DT" wid="23">this</w>
  <w id="24" lemma="|year|" pos="NN" wid="24">year</w>
  <w id="25" lemma="|'s|" pos="POS" wid="25">'s</w>
  <w id="26" lemma="|Christmas|" pos="NNP" wid="26">Christmas</w>
  <w id="27" lemma="|tree|" pos="NN" wid="27">tree</w>
  <w id="28" lemma="|.|" pos="." wid="28">.</w>
</sentence>
<sentence id="14">
  <w id="0" lemma="|you|" pos="PRP" wid="0">You</w>
  <w id="1" lemma="|give|" pos="VBP" wid="1">give</w>
  <w id="2" lemma="|everyone|" pos="NN" wid="2">everyone</w>
  <w id="3" lemma="|great|" pos="JJ" wid="3">great</w>
  <w id="4" lemma="|joy|" pos="NN" wid="4">joy</w>
  <w id="5" lemma="|with|" pos="IN" wid="5">with</w>
  <w id="6" lemma="|this|" pos="DT" wid="6">this</w>
  <w id="7" lemma="|Black|" pos="NNP" wid="7">Black</w>
  <w id="8" lemma="|Forest|" pos="NNP" wid="8">Forest</w>
  <w id="9" lemma="|firtree|" pos="NN" wid="9">firtree</w>
  <w id="10" lemma="|.|" pos="." wid="10">.</w>
</sentence>
<sentence id="15">
  <w id="0" lemma="|God|" pos="NNP" wid="0">God</w>
  <w id="1" lemma="|'s|" pos="POS" wid="1">'s</w>
  <w id="2" lemma="|blessing|" pos="NN" wid="2">blessing</w>
  <w id="3" lemma="|to|" pos="TO" wid="3">to</w>
  <w id="4" lemma="|you|" pos="PRP$" wid="4">your</w>
  <w id="5" lemma="|compatriot|" pos="NNS" wid="5">compatriots</w>
  <w id="6" lemma="|and|" pos="CC" wid="6">and</w>
  <w id="7" lemma="|a|" pos="DT" wid="7">a</w>
  <w id="8" lemma="|happy|" pos="JJ" wid="8">Happy</w>
  <w id="9" lemma="|Christmas|" pos="NNP" wid="9">Christmas</w>
  <w id="10" lemma="|!|" pos="." wid="10">!</w>
</sentence>
<sentence id="16">
  <w id="0" lemma="|I|" pos="PRP" wid="0">I</w>
  <w id="1" lemma="|wish|" pos="VBP" wid="1">wish</w>
  <w id="2" lemma="|everyone|" pos="NN" wid="2">everyone</w>
  <w id="3" lemma="|a|" pos="DT" wid="3">a</w>
  <w id="4" lemma="|pleasant|" pos="JJ" wid="4">pleasant</w>
  <w id="5" lemma="|Sunday|" pos="NNP" wid="5">Sunday</w>
  <w id="6" lemma="|and|" pos="CC" wid="6">and</w>
  <w id="7" lemma="|a|" pos="DT" wid="7">a</w>
  <w id="8" lemma="|fervent|" pos="JJ" wid="8">fervent</w>
  <w id="9" lemma="|preparation|" pos="NN" wid="9">preparation</w>
  <w id="10" lemma="|for|" pos="IN" wid="10">for</w>
  <w id="11" lemma="|Christmas|" pos="NNP" wid="11">Christmas</w>
  <w id="12" lemma="|.|" pos="." wid="12">.</w>
</sentence>
</corpus>