<corpus id="0">
<sentence id="0">
  <w id="0" lemma="|1|" pos="CD" wid="0">1</w>
  <w id="1" lemma="|.|" pos="." wid="1">.</w>
</sentence>
<sentence id="1">
  <w id="0" lemma="|today|" pos="NN" wid="0">Today</w>
  <w id="1" lemma="|'s|" pos="POS" wid="1">'s</w>
  <w id="2" lemma="|solemnity|" pos="NN" wid="2">Solemnity</w>
  <w id="3" lemma="|of|" pos="IN" wid="3">of</w>
  <w id="4" lemma="|All|" pos="NNP" wid="4">All</w>
  <w id="5" lemma="|Saints|" pos="NNP" wid="5">Saints</w>
  <w id="6" lemma="|have|" pos="VBZ" wid="6">has</w>
  <w id="7" lemma="|a|" pos="DT" wid="7">a</w>
  <w id="8" lemma="|special|" pos="JJ" wid="8">special</w>
  <w id="9" lemma="|meaning|" pos="NN" wid="9">meaning</w>
  <w id="10" lemma="|during|" pos="IN" wid="10">during</w>
  <w id="11" lemma="|the|" pos="DT" wid="11">the</w>
  <w id="12" lemma="|preparation|" pos="NN" wid="12">preparation</w>
  <w id="13" lemma="|for|" pos="IN" wid="13">for</w>
  <w id="14" lemma="|the|" pos="DT" wid="14">the</w>
  <w id="15" lemma="|great|" pos="JJ" wid="15">Great</w>
  <w id="16" lemma="|jubilee|" pos="NN" wid="16">Jubilee</w>
  <w id="17" lemma="|of|" pos="IN" wid="17">of</w>
  <w id="18" lemma="|the|" pos="DT" wid="18">the</w>
  <w id="19" lemma="|Year|" pos="NNP" wid="19">Year</w>
  <w id="20" lemma="|2000|" pos="CD" wid="20">2000</w>
  <w id="21" lemma="|:|" pos=":" wid="21">:</w>
  <w id="22" lemma="|the|" pos="DT" wid="22">the</w>
  <w id="23" lemma="|primary|" pos="JJ" wid="23">primary</w>
  <w id="24" lemma="|objective|" pos="NN" wid="24">objective</w>
  <w id="25" lemma="|of|" pos="IN" wid="25">of</w>
  <w id="26" lemma="|that|" pos="DT" wid="26">that</w>
  <w id="27" lemma="|historic|" pos="JJ" wid="27">historic</w>
  <w id="28" lemma="|event|" pos="NN" wid="28">event</w>
  <w id="29" lemma="|be|" pos="VBZ" wid="29">is</w>
  <w id="30" lemma="|to|" pos="TO" wid="30">to</w>
  <w id="31" lemma="|reinvigorate|" pos="VB" wid="31">reinvigorate</w>
  <w id="32" lemma="|the|" pos="DT" wid="32">the</w>
  <w id="33" lemma="|faith|" pos="NN" wid="33">faith</w>
  <w id="34" lemma="|and|" pos="CC" wid="34">and</w>
  <w id="35" lemma="|witness|" pos="NN" wid="35">witness</w>
  <w id="36" lemma="|of|" pos="IN" wid="36">of</w>
  <w id="37" lemma="|christian|" pos="NNS" wid="37">Christians</w>
  <w id="38" lemma="|.|" pos="." wid="38">.</w>
</sentence>
<sentence id="2">
  <w id="0" lemma="|the|" pos="DT" wid="0">The</w>
  <w id="1" lemma="|saint|" pos="NNS" wid="1">saints</w>
  <w id="2" lemma="|be|" pos="VBP" wid="2">are</w>
  <w id="3" lemma="|those|" pos="DT" wid="3">those</w>
  <w id="4" lemma="|who|" pos="WP" wid="4">who</w>
  <w id="5" lemma="|in|" pos="IN" wid="5">in</w>
  <w id="6" lemma="|every|" pos="DT" wid="6">every</w>
  <w id="7" lemma="|age|" pos="NN" wid="7">age</w>
  <w id="8" lemma="|know|" pos="VBD" wid="8">knew</w>
  <w id="9" lemma="|how|" pos="WRB" wid="9">how</w>
  <w id="10" lemma="|courageouly|" pos="RB" wid="10">courageouly</w>
  <w id="11" lemma="|to|" pos="TO" wid="11">to</w>
  <w id="12" lemma="|live|" pos="VB" wid="12">live</w>
  <w id="13" lemma="|they|" pos="PRP$" wid="13">their</w>
  <w id="14" lemma="|faith|" pos="NN" wid="14">faith</w>
  <w id="15" lemma="|by|" pos="IN" wid="15">by</w>
  <w id="16" lemma="|bear|" pos="VBG" wid="16">bearing</w>
  <w id="17" lemma="|witness|" pos="NN" wid="17">witness</w>
  <w id="18" lemma="|to|" pos="TO" wid="18">to</w>
  <w id="19" lemma="|Christ|" pos="NNP" wid="19">Christ</w>
  <w id="20" lemma="|without|" pos="IN" wid="20">without</w>
  <w id="21" lemma="|surrender|" pos="NN" wid="21">surrender</w>
  <w id="22" lemma="|or|" pos="CC" wid="22">or</w>
  <w id="23" lemma="|compromise|" pos="NN" wid="23">compromise</w>
  <w id="24" lemma="|.|" pos="." wid="24">.</w>
</sentence>
<sentence id="3">
  <w id="0" lemma="|``|" pos="``" wid="0">``</w>
  <w id="1" lemma="|bless|" pos="VBN" wid="1">Blessed</w>
  <w id="2" lemma="|be|" pos="VBP" wid="2">are</w>
  <w id="3" lemma="|the|" pos="DT" wid="3">the</w>
  <w id="4" lemma="|poor|" pos="JJ" wid="4">poor</w>
  <w id="5" lemma="|in|" pos="IN" wid="5">in</w>
  <w id="6" lemma="|spirit|" pos="NN" wid="6">spirit</w>
  <w id="7" lemma="|,|" pos="," wid="7">,</w>
  <w id="8" lemma="|...|" pos=":" wid="8">...</w>
  <w id="9" lemma="|the|" pos="DT" wid="9">the</w>
  <w id="10" lemma="|meek|" pos="NN" wid="10">meek</w>
  <w id="11" lemma="|,|" pos="," wid="11">,</w>
  <w id="12" lemma="|...|" pos=":" wid="12">...</w>
  <w id="13" lemma="|the|" pos="DT" wid="13">the</w>
  <w id="14" lemma="|pure|" pos="JJ" wid="14">pure</w>
  <w id="15" lemma="|of|" pos="IN" wid="15">of</w>
  <w id="16" lemma="|heart|" pos="NN" wid="16">heart</w>
  <w id="17" lemma="|,|" pos="," wid="17">,</w>
  <w id="18" lemma="|...|" pos=":" wid="18">...</w>
  <w id="19" lemma="|the|" pos="DT" wid="19">the</w>
  <w id="20" lemma="|peacemaker|" pos="NNS" wid="20">peacemakers</w>
  <w id="21" lemma="|,|" pos="," wid="21">,</w>
  <w id="22" lemma="|...|" pos=":" wid="22">...</w>
  <w id="23" lemma="|those|" pos="DT" wid="23">those</w>
  <w id="24" lemma="|who|" pos="WP" wid="24">who</w>
  <w id="25" lemma="|be|" pos="VBP" wid="25">are</w>
  <w id="26" lemma="|persecute|" pos="VBN" wid="26">persecuted</w>
  <w id="27" lemma="|for|" pos="IN" wid="27">for</w>
  <w id="28" lemma="|righteousness|" pos="NN" wid="28">righteousness</w>
  <w id="29" lemma="|'|" pos="''" wid="29">'</w>
  <w id="30" lemma="|sake|" pos="NN" wid="30">sake</w>
  <w id="31" lemma="|,|" pos="," wid="31">,</w>
  <w id="32" lemma="|for|" pos="IN" wid="32">for</w>
  <w id="33" lemma="|theirs|" pos="PRP" wid="33">theirs</w>
  <w id="34" lemma="|be|" pos="VBZ" wid="34">is</w>
  <w id="35" lemma="|the|" pos="DT" wid="35">the</w>
  <w id="36" lemma="|kingdom|" pos="NN" wid="36">kingdom</w>
  <w id="37" lemma="|of|" pos="IN" wid="37">of</w>
  <w id="38" lemma="|heaven|" pos="NN" wid="38">heaven</w>
  <w id="39" lemma="|''|" pos="''" wid="39">''</w>
  <w id="40" lemma="|-lrb-|" pos="-LRB-" wid="40">-LRB-</w>
  <w id="41" lemma="|mt|" pos="FW" wid="41">Mt</w>
  <w id="42" lemma="|5:3|" pos="FW" wid="42">5:3</w>
  <w id="43" lemma="|-10|" pos="CD" wid="43">-10</w>
  <w id="44" lemma="|-rrb-|" pos="-RRB-" wid="44">-RRB-</w>
  <w id="45" lemma="|.|" pos="." wid="45">.</w>
</sentence>
<sentence id="4">
  <w id="0" lemma="|so|" pos="RB" wid="0">So</w>
  <w id="1" lemma="|today|" pos="NN" wid="1">today</w>
  <w id="2" lemma="|'s|" pos="POS" wid="2">'s</w>
  <w id="3" lemma="|liturgy|" pos="NN" wid="3">liturgy</w>
  <w id="4" lemma="|tell|" pos="VBZ" wid="4">tells</w>
  <w id="5" lemma="|we|" pos="PRP" wid="5">us</w>
  <w id="6" lemma="|again|" pos="RB" wid="6">again</w>
  <w id="7" lemma="|,|" pos="," wid="7">,</w>
  <w id="8" lemma="|point|" pos="VBG" wid="8">pointing</w>
  <w id="9" lemma="|to|" pos="TO" wid="9">to</w>
  <w id="10" lemma="|those|" pos="DT" wid="10">those</w>
  <w id="11" lemma="|who|" pos="WP" wid="11">who</w>
  <w id="12" lemma="|``|" pos="``" wid="12">``</w>
  <w id="13" lemma="|have|" pos="VBP" wid="13">have</w>
  <w id="14" lemma="|come|" pos="VBN" wid="14">come</w>
  <w id="15" lemma="|out|" pos="IN" wid="15">out</w>
  <w id="16" lemma="|of|" pos="IN" wid="16">of</w>
  <w id="17" lemma="|the|" pos="DT" wid="17">the</w>
  <w id="18" lemma="|great|" pos="JJ" wid="18">great</w>
  <w id="19" lemma="|tribulation|" pos="NN" wid="19">tribulation</w>
  <w id="20" lemma="|;|" pos=":" wid="20">;</w>
  <w id="21" lemma="|they|" pos="PRP" wid="21">they</w>
  <w id="22" lemma="|have|" pos="VBP" wid="22">have</w>
  <w id="23" lemma="|wash|" pos="VBN" wid="23">washed</w>
  <w id="24" lemma="|they|" pos="PRP$" wid="24">their</w>
  <w id="25" lemma="|robe|" pos="NNS" wid="25">robes</w>
  <w id="26" lemma="|and|" pos="CC" wid="26">and</w>
  <w id="27" lemma="|make|" pos="VBD" wid="27">made</w>
  <w id="28" lemma="|they|" pos="PRP" wid="28">them</w>
  <w id="29" lemma="|white|" pos="JJ" wid="29">white</w>
  <w id="30" lemma="|in|" pos="IN" wid="30">in</w>
  <w id="31" lemma="|the|" pos="DT" wid="31">the</w>
  <w id="32" lemma="|blood|" pos="NN" wid="32">blood</w>
  <w id="33" lemma="|of|" pos="IN" wid="33">of</w>
  <w id="34" lemma="|the|" pos="DT" wid="34">the</w>
  <w id="35" lemma="|lamb|" pos="NN" wid="35">Lamb</w>
  <w id="36" lemma="|''|" pos="''" wid="36">''</w>
  <w id="37" lemma="|-lrb-|" pos="-LRB-" wid="37">-LRB-</w>
  <w id="38" lemma="|rv|" pos="NN" wid="38">Rv</w>
  <w id="39" lemma="|7:14|" pos="CD" wid="39">7:14</w>
  <w id="40" lemma="|-rrb-|" pos="-RRB-" wid="40">-RRB-</w>
  <w id="41" lemma="|,|" pos="," wid="41">,</w>
  <w id="42" lemma="|draw|" pos="VBG" wid="42">drawing</w>
  <w id="43" lemma="|abundantly|" pos="RB" wid="43">abundantly</w>
  <w id="44" lemma="|from|" pos="IN" wid="44">from</w>
  <w id="45" lemma="|the|" pos="DT" wid="45">the</w>
  <w id="46" lemma="|treasure|" pos="NNS" wid="46">treasures</w>
  <w id="47" lemma="|of|" pos="IN" wid="47">of</w>
  <w id="48" lemma="|redemption|" pos="NN" wid="48">Redemption</w>
  <w id="49" lemma="|.|" pos="." wid="49">.</w>
</sentence>
<sentence id="5">
  <w id="0" lemma="|now|" pos="RB" wid="0">Now</w>
  <w id="1" lemma="|they|" pos="PRP" wid="1">they</w>
  <w id="2" lemma="|go|" pos="VBP" wid="2">go</w>
  <w id="3" lemma="|before|" pos="IN" wid="3">before</w>
  <w id="4" lemma="|we|" pos="PRP" wid="4">us</w>
  <w id="5" lemma="|in|" pos="IN" wid="5">in</w>
  <w id="6" lemma="|the|" pos="DT" wid="6">the</w>
  <w id="7" lemma="|joy|" pos="NN" wid="7">joy</w>
  <w id="8" lemma="|of|" pos="IN" wid="8">of</w>
  <w id="9" lemma="|the|" pos="DT" wid="9">the</w>
  <w id="10" lemma="|heavenly|" pos="JJ" wid="10">heavenly</w>
  <w id="11" lemma="|liturgy|" pos="NN" wid="11">liturgy</w>
  <w id="12" lemma="|.|" pos="." wid="12">.</w>
</sentence>
<sentence id="6">
  <w id="0" lemma="|they|" pos="PRP" wid="0">They</w>
  <w id="1" lemma="|be|" pos="VBP" wid="1">are</w>
  <w id="2" lemma="|model|" pos="NNS" wid="2">models</w>
  <w id="3" lemma="|for|" pos="IN" wid="3">for</w>
  <w id="4" lemma="|we|" pos="PRP" wid="4">us</w>
  <w id="5" lemma="|and|" pos="CC" wid="5">and</w>
  <w id="6" lemma="|help|" pos="VB" wid="6">help</w>
  <w id="7" lemma="|we|" pos="PRP" wid="7">us</w>
  <w id="8" lemma="|by|" pos="IN" wid="8">by</w>
  <w id="9" lemma="|they|" pos="PRP$" wid="9">their</w>
  <w id="10" lemma="|constant|" pos="JJ" wid="10">constant</w>
  <w id="11" lemma="|intercession|" pos="NN" wid="11">intercession</w>
  <w id="12" lemma="|,|" pos="," wid="12">,</w>
  <w id="13" lemma="|offer|" pos="VBG" wid="13">offering</w>
  <w id="14" lemma="|we|" pos="PRP" wid="14">us</w>
  <w id="15" lemma="|countless|" pos="JJ" wid="15">countless</w>
  <w id="16" lemma="|reflection|" pos="NNS" wid="16">reflections</w>
  <w id="17" lemma="|of|" pos="IN" wid="17">of</w>
  <w id="18" lemma="|that|" pos="DT" wid="18">that</w>
  <w id="19" lemma="|light|" pos="NN" wid="19">light</w>
  <w id="20" lemma="|of|" pos="IN" wid="20">of</w>
  <w id="21" lemma="|grace|" pos="NN" wid="21">grace</w>
  <w id="22" lemma="|which|" pos="WDT" wid="22">which</w>
  <w id="23" lemma="|be|" pos="VBZ" wid="23">is</w>
  <w id="24" lemma="|the|" pos="DT" wid="24">the</w>
  <w id="25" lemma="|fruit|" pos="NN" wid="25">fruit</w>
  <w id="26" lemma="|of|" pos="IN" wid="26">of</w>
  <w id="27" lemma="|the|" pos="DT" wid="27">the</w>
  <w id="28" lemma="|supreme|" pos="JJ" wid="28">supreme</w>
  <w id="29" lemma="|mystery|" pos="NN" wid="29">mystery</w>
  <w id="30" lemma="|of|" pos="IN" wid="30">of</w>
  <w id="31" lemma="|the|" pos="DT" wid="31">the</w>
  <w id="32" lemma="|Incarnation|" pos="NNP" wid="32">Incarnation</w>
  <w id="33" lemma="|.|" pos="." wid="33">.</w>
</sentence>
<sentence id="7">
  <w id="0" lemma="|2|" pos="CD" wid="0">2</w>
  <w id="1" lemma="|.|" pos="." wid="1">.</w>
</sentence>
<sentence id="8">
  <w id="0" lemma="|in|" pos="IN" wid="0">In</w>
  <w id="1" lemma="|the|" pos="DT" wid="1">the</w>
  <w id="2" lemma="|liturgical|" pos="JJ" wid="2">liturgical</w>
  <w id="3" lemma="|year|" pos="NN" wid="3">year</w>
  <w id="4" lemma="|today|" pos="NN" wid="4">today</w>
  <w id="5" lemma="|'s|" pos="POS" wid="5">'s</w>
  <w id="6" lemma="|solemnity|" pos="NN" wid="6">solemnity</w>
  <w id="7" lemma="|be|" pos="VBZ" wid="7">is</w>
  <w id="8" lemma="|closely|" pos="RB" wid="8">closely</w>
  <w id="9" lemma="|connect|" pos="VBN" wid="9">connected</w>
  <w id="10" lemma="|with|" pos="IN" wid="10">with</w>
  <w id="11" lemma="|the|" pos="DT" wid="11">the</w>
  <w id="12" lemma="|commemoration|" pos="NN" wid="12">Commemoration</w>
  <w id="13" lemma="|of|" pos="IN" wid="13">of</w>
  <w id="14" lemma="|all|" pos="PDT" wid="14">All</w>
  <w id="15" lemma="|the|" pos="DT" wid="15">the</w>
  <w id="16" lemma="|Faithful|" pos="NNP" wid="16">Faithful</w>
  <w id="17" lemma="|Departed|" pos="NNP" wid="17">Departed</w>
  <w id="18" lemma="|,|" pos="," wid="18">,</w>
  <w id="19" lemma="|which|" pos="WDT" wid="19">which</w>
  <w id="20" lemma="|we|" pos="PRP" wid="20">we</w>
  <w id="21" lemma="|will|" pos="MD" wid="21">will</w>
  <w id="22" lemma="|celebrate|" pos="VB" wid="22">celebrate</w>
  <w id="23" lemma="|tomorrow|" pos="NN" wid="23">tomorrow</w>
  <w id="24" lemma="|.|" pos="." wid="24">.</w>
</sentence>
<sentence id="9">
  <w id="0" lemma="|we|" pos="PRP$" wid="0">Our</w>
  <w id="1" lemma="|thought|" pos="NNS" wid="1">thoughts</w>
  <w id="2" lemma="|turn|" pos="VBP" wid="2">turn</w>
  <w id="3" lemma="|to|" pos="TO" wid="3">to</w>
  <w id="4" lemma="|cemetery|" pos="NNS" wid="4">cemeteries</w>
  <w id="5" lemma="|throughout|" pos="IN" wid="5">throughout</w>
  <w id="6" lemma="|the|" pos="DT" wid="6">the</w>
  <w id="7" lemma="|world|" pos="NN" wid="7">world</w>
  <w id="8" lemma="|where|" pos="WRB" wid="8">where</w>
  <w id="9" lemma="|lie|" pos="VBP" wid="9">lie</w>
  <w id="10" lemma="|the|" pos="DT" wid="10">the</w>
  <w id="11" lemma="|mortal|" pos="JJ" wid="11">mortal</w>
  <w id="12" lemma="|remains|" pos="NNS" wid="12">remains</w>
  <w id="13" lemma="|of|" pos="IN" wid="13">of</w>
  <w id="14" lemma="|those|" pos="DT" wid="14">those</w>
  <w id="15" lemma="|who|" pos="WP" wid="15">who</w>
  <w id="16" lemma="|have|" pos="VBP" wid="16">have</w>
  <w id="17" lemma="|precede|" pos="VBN" wid="17">preceded</w>
  <w id="18" lemma="|we|" pos="PRP" wid="18">us</w>
  <w id="19" lemma="|.|" pos="." wid="19">.</w>
</sentence>
<sentence id="10">
  <w id="0" lemma="|we|" pos="PRP$" wid="0">Our</w>
  <w id="1" lemma="|memory|" pos="NN" wid="1">memory</w>
  <w id="2" lemma="|become|" pos="VBZ" wid="2">becomes</w>
  <w id="3" lemma="|even|" pos="RB" wid="3">even</w>
  <w id="4" lemma="|more|" pos="RBR" wid="4">more</w>
  <w id="5" lemma="|vivid|" pos="JJ" wid="5">vivid</w>
  <w id="6" lemma="|when|" pos="WRB" wid="6">when</w>
  <w id="7" lemma="|we|" pos="PRP" wid="7">we</w>
  <w id="8" lemma="|think|" pos="VBP" wid="8">think</w>
  <w id="9" lemma="|of|" pos="IN" wid="9">of</w>
  <w id="10" lemma="|we|" pos="PRP$" wid="10">our</w>
  <w id="11" lemma="|own|" pos="JJ" wid="11">own</w>
  <w id="12" lemma="|dear|" pos="RB" wid="12">dear</w>
  <w id="13" lemma="|one|" pos="NNS" wid="13">ones</w>
  <w id="14" lemma="|,|" pos="," wid="14">,</w>
  <w id="15" lemma="|who|" pos="WP" wid="15">who</w>
  <w id="16" lemma="|love|" pos="VBD" wid="16">loved</w>
  <w id="17" lemma="|we|" pos="PRP" wid="17">us</w>
  <w id="18" lemma="|and|" pos="CC" wid="18">and</w>
  <w id="19" lemma="|give|" pos="VBD" wid="19">gave</w>
  <w id="20" lemma="|we|" pos="PRP" wid="20">us</w>
  <w id="21" lemma="|life|" pos="NN" wid="21">life</w>
  <w id="22" lemma="|.|" pos="." wid="22">.</w>
</sentence>
<sentence id="11">
  <w id="0" lemma="|no|" pos="DT" wid="0">No</w>
  <w id="1" lemma="|less|" pos="RBR" wid="1">less</w>
  <w id="2" lemma="|significant|" pos="JJ" wid="2">significant</w>
  <w id="3" lemma="|be|" pos="VBZ" wid="3">is</w>
  <w id="4" lemma="|the|" pos="DT" wid="4">the</w>
  <w id="5" lemma="|memory|" pos="NN" wid="5">memory</w>
  <w id="6" lemma="|of|" pos="IN" wid="6">of</w>
  <w id="7" lemma="|those|" pos="DT" wid="7">those</w>
  <w id="8" lemma="|who|" pos="WP" wid="8">who</w>
  <w id="9" lemma="|be|" pos="VBD" wid="9">were</w>
  <w id="10" lemma="|victim|" pos="NNS" wid="10">victims</w>
  <w id="11" lemma="|of|" pos="IN" wid="11">of</w>
  <w id="12" lemma="|violence|" pos="NN" wid="12">violence</w>
  <w id="13" lemma="|and|" pos="CC" wid="13">and</w>
  <w id="14" lemma="|war|" pos="NN" wid="14">war</w>
  <w id="15" lemma="|,|" pos="," wid="15">,</w>
  <w id="16" lemma="|as|" pos="RB" wid="16">as</w>
  <w id="17" lemma="|well|" pos="RB" wid="17">well</w>
  <w id="18" lemma="|as|" pos="IN" wid="18">as</w>
  <w id="19" lemma="|those|" pos="DT" wid="19">those</w>
  <w id="20" lemma="|who|" pos="WP" wid="20">who</w>
  <w id="21" lemma="|sacrifice|" pos="VBD" wid="21">sacrificed</w>
  <w id="22" lemma="|they|" pos="PRP$" wid="22">their</w>
  <w id="23" lemma="|life|" pos="NNS" wid="23">lives</w>
  <w id="24" lemma="|in|" pos="IN" wid="24">in</w>
  <w id="25" lemma="|order|" pos="NN" wid="25">order</w>
  <w id="26" lemma="|to|" pos="TO" wid="26">to</w>
  <w id="27" lemma="|remain|" pos="VB" wid="27">remain</w>
  <w id="28" lemma="|faithful|" pos="JJ" wid="28">faithful</w>
  <w id="29" lemma="|to|" pos="TO" wid="29">to</w>
  <w id="30" lemma="|Christ|" pos="NNP" wid="30">Christ</w>
  <w id="31" lemma="|to|" pos="TO" wid="31">to</w>
  <w id="32" lemma="|the|" pos="DT" wid="32">the</w>
  <w id="33" lemma="|very|" pos="JJ" wid="33">very</w>
  <w id="34" lemma="|end|" pos="NN" wid="34">end</w>
  <w id="35" lemma="|,|" pos="," wid="35">,</w>
  <w id="36" lemma="|or|" pos="CC" wid="36">or</w>
  <w id="37" lemma="|who|" pos="WP" wid="37">who</w>
  <w id="38" lemma="|die|" pos="VBD" wid="38">died</w>
  <w id="39" lemma="|while|" pos="IN" wid="39">while</w>
  <w id="40" lemma="|they|" pos="PRP" wid="40">they</w>
  <w id="41" lemma="|be|" pos="VBD" wid="41">were</w>
  <w id="42" lemma="|generously|" pos="RB" wid="42">generously</w>
  <w id="43" lemma="|serve|" pos="VBG" wid="43">serving</w>
  <w id="44" lemma="|they|" pos="PRP$" wid="44">their</w>
  <w id="45" lemma="|brother|" pos="NNS" wid="45">brothers</w>
  <w id="46" lemma="|and|" pos="CC" wid="46">and</w>
  <w id="47" lemma="|sister|" pos="NNS" wid="47">sisters</w>
  <w id="48" lemma="|.|" pos="." wid="48">.</w>
</sentence>
<sentence id="12">
  <w id="0" lemma="|we|" pos="PRP" wid="0">We</w>
  <w id="1" lemma="|wish|" pos="VBP" wid="1">wish</w>
  <w id="2" lemma="|especially|" pos="RB" wid="2">especially</w>
  <w id="3" lemma="|to|" pos="TO" wid="3">to</w>
  <w id="4" lemma="|recall|" pos="VB" wid="4">recall</w>
  <w id="5" lemma="|those|" pos="DT" wid="5">those</w>
  <w id="6" lemma="|who|" pos="WP" wid="6">who</w>
  <w id="7" lemma="|have|" pos="VBP" wid="7">have</w>
  <w id="8" lemma="|leave|" pos="VBN" wid="8">left</w>
  <w id="9" lemma="|we|" pos="PRP" wid="9">us</w>
  <w id="10" lemma="|this|" pos="DT" wid="10">this</w>
  <w id="11" lemma="|year|" pos="NN" wid="11">year</w>
  <w id="12" lemma="|and|" pos="CC" wid="12">and</w>
  <w id="13" lemma="|to|" pos="TO" wid="13">to</w>
  <w id="14" lemma="|pray|" pos="VB" wid="14">pray</w>
  <w id="15" lemma="|for|" pos="IN" wid="15">for</w>
  <w id="16" lemma="|they|" pos="PRP" wid="16">them</w>
  <w id="17" lemma="|.|" pos="." wid="17">.</w>
</sentence>
<sentence id="13">
  <w id="0" lemma="|if|" pos="IN" wid="0">If</w>
  <w id="1" lemma="|,|" pos="," wid="1">,</w>
  <w id="2" lemma="|on|" pos="IN" wid="2">on</w>
  <w id="3" lemma="|the|" pos="DT" wid="3">the</w>
  <w id="4" lemma="|one|" pos="CD" wid="4">one</w>
  <w id="5" lemma="|hand|" pos="NN" wid="5">hand</w>
  <w id="6" lemma="|,|" pos="," wid="6">,</w>
  <w id="7" lemma="|the|" pos="DT" wid="7">the</w>
  <w id="8" lemma="|Church|" pos="NNP" wid="8">Church</w>
  <w id="9" lemma="|,|" pos="," wid="9">,</w>
  <w id="10" lemma="|a|" pos="DT" wid="10">a</w>
  <w id="11" lemma="|pilgrim|" pos="NN" wid="11">pilgrim</w>
  <w id="12" lemma="|through|" pos="IN" wid="12">through</w>
  <w id="13" lemma="|history|" pos="NN" wid="13">history</w>
  <w id="14" lemma="|,|" pos="," wid="14">,</w>
  <w id="15" lemma="|be|" pos="VBZ" wid="15">is</w>
  <w id="16" lemma="|gladden|" pos="VBN" wid="16">gladdened</w>
  <w id="17" lemma="|by|" pos="IN" wid="17">by</w>
  <w id="18" lemma="|the|" pos="DT" wid="18">the</w>
  <w id="19" lemma="|intercession|" pos="NN" wid="19">intercession</w>
  <w id="20" lemma="|of|" pos="IN" wid="20">of</w>
  <w id="21" lemma="|the|" pos="DT" wid="21">the</w>
  <w id="22" lemma="|saint|" pos="NNS" wid="22">saints</w>
  <w id="23" lemma="|and|" pos="CC" wid="23">and</w>
  <w id="24" lemma="|blessed|" pos="NNS" wid="24">blesseds</w>
  <w id="25" lemma="|who|" pos="WP" wid="25">who</w>
  <w id="26" lemma="|support|" pos="VBP" wid="26">support</w>
  <w id="27" lemma="|she|" pos="PRP" wid="27">her</w>
  <w id="28" lemma="|in|" pos="IN" wid="28">in</w>
  <w id="29" lemma="|the|" pos="DT" wid="29">the</w>
  <w id="30" lemma="|task|" pos="NN" wid="30">task</w>
  <w id="31" lemma="|of|" pos="IN" wid="31">of</w>
  <w id="32" lemma="|proclaim|" pos="VBG" wid="32">proclaiming</w>
  <w id="33" lemma="|the|" pos="DT" wid="33">the</w>
  <w id="34" lemma="|death|" pos="NN" wid="34">Death</w>
  <w id="35" lemma="|and|" pos="CC" wid="35">and</w>
  <w id="36" lemma="|resurrection|" pos="NN" wid="36">Resurrection</w>
  <w id="37" lemma="|of|" pos="IN" wid="37">of</w>
  <w id="38" lemma="|Jesus|" pos="NNP" wid="38">Jesus</w>
  <w id="39" lemma="|,|" pos="," wid="39">,</w>
  <w id="40" lemma="|on|" pos="IN" wid="40">on</w>
  <w id="41" lemma="|the|" pos="DT" wid="41">the</w>
  <w id="42" lemma="|other|" pos="JJ" wid="42">other</w>
  <w id="43" lemma="|,|" pos="," wid="43">,</w>
  <w id="44" lemma="|she|" pos="PRP" wid="44">she</w>
  <w id="45" lemma="|share|" pos="VBZ" wid="45">shares</w>
  <w id="46" lemma="|the|" pos="DT" wid="46">the</w>
  <w id="47" lemma="|sadness|" pos="NN" wid="47">sadness</w>
  <w id="48" lemma="|of|" pos="IN" wid="48">of</w>
  <w id="49" lemma="|she|" pos="PRP$" wid="49">her</w>
  <w id="50" lemma="|child|" pos="NNS" wid="50">children</w>
  <w id="51" lemma="|who|" pos="WP" wid="51">who</w>
  <w id="52" lemma="|be|" pos="VBP" wid="52">are</w>
  <w id="53" lemma="|suffer|" pos="VBG" wid="53">suffering</w>
  <w id="54" lemma="|the|" pos="DT" wid="54">the</w>
  <w id="55" lemma="|loss|" pos="NN" wid="55">loss</w>
  <w id="56" lemma="|of|" pos="IN" wid="56">of</w>
  <w id="57" lemma="|they|" pos="PRP$" wid="57">their</w>
  <w id="58" lemma="|love|" pos="VBN" wid="58">loved</w>
  <w id="59" lemma="|one|" pos="NNS" wid="59">ones</w>
  <w id="60" lemma="|and|" pos="CC" wid="60">and</w>
  <w id="61" lemma="|she|" pos="PRP" wid="61">she</w>
  <w id="62" lemma="|show|" pos="VBZ" wid="62">shows</w>
  <w id="63" lemma="|they|" pos="PRP" wid="63">them</w>
  <w id="64" lemma="|the|" pos="DT" wid="64">the</w>
  <w id="65" lemma="|horizon|" pos="NN" wid="65">horizon</w>
  <w id="66" lemma="|of|" pos="IN" wid="66">of</w>
  <w id="67" lemma="|christian|" pos="JJ" wid="67">Christian</w>
  <w id="68" lemma="|hope|" pos="NN" wid="68">hope</w>
  <w id="69" lemma="|,|" pos="," wid="69">,</w>
  <w id="70" lemma="|the|" pos="DT" wid="70">the</w>
  <w id="71" lemma="|prospect|" pos="NN" wid="71">prospect</w>
  <w id="72" lemma="|of|" pos="IN" wid="72">of</w>
  <w id="73" lemma="|eternal|" pos="JJ" wid="73">eternal</w>
  <w id="74" lemma="|life|" pos="NN" wid="74">life</w>
  <w id="75" lemma="|.|" pos="." wid="75">.</w>
</sentence>
<sentence id="14">
  <w id="0" lemma="|in|" pos="IN" wid="0">In</w>
  <w id="1" lemma="|these|" pos="DT" wid="1">these</w>
  <w id="2" lemma="|two|" pos="CD" wid="2">two</w>
  <w id="3" lemma="|closely|" pos="RB" wid="3">closely</w>
  <w id="4" lemma="|connected|" pos="JJ" wid="4">connected</w>
  <w id="5" lemma="|observance|" pos="NNS" wid="5">observances</w>
  <w id="6" lemma="|,|" pos="," wid="6">,</w>
  <w id="7" lemma="|joy|" pos="NN" wid="7">joy</w>
  <w id="8" lemma="|and|" pos="CC" wid="8">and</w>
  <w id="9" lemma="|grief|" pos="NN" wid="9">grief</w>
  <w id="10" lemma="|find|" pos="VBP" wid="10">find</w>
  <w id="11" lemma="|a|" pos="DT" wid="11">a</w>
  <w id="12" lemma="|synthesis|" pos="NN" wid="12">synthesis</w>
  <w id="13" lemma="|that|" pos="WDT" wid="13">that</w>
  <w id="14" lemma="|have|" pos="VBZ" wid="14">has</w>
  <w id="15" lemma="|its|" pos="PRP$" wid="15">its</w>
  <w id="16" lemma="|foundation|" pos="NN" wid="16">foundation</w>
  <w id="17" lemma="|and|" pos="CC" wid="17">and</w>
  <w id="18" lemma="|consoling|" pos="NN" wid="18">consoling</w>
  <w id="19" lemma="|certitude|" pos="NN" wid="19">certitude</w>
  <w id="20" lemma="|in|" pos="IN" wid="20">in</w>
  <w id="21" lemma="|Christ|" pos="NNP" wid="21">Christ</w>
  <w id="22" lemma="|.|" pos="." wid="22">.</w>
</sentence>
<sentence id="15">
  <w id="0" lemma="|3|" pos="LS" wid="0">3</w>
  <w id="1" lemma="|.|" pos="." wid="1">.</w>
</sentence>
<sentence id="16">
  <w id="0" lemma="|let|" pos="VB" wid="0">Let</w>
  <w id="1" lemma="|we|" pos="PRP" wid="1">us</w>
  <w id="2" lemma="|look|" pos="VB" wid="2">look</w>
  <w id="3" lemma="|to|" pos="TO" wid="3">to</w>
  <w id="4" lemma="|Mary|" pos="NNP" wid="4">Mary</w>
  <w id="5" lemma="|,|" pos="," wid="5">,</w>
  <w id="6" lemma="|who|" pos="WP" wid="6">who</w>
  <w id="7" lemma="|,|" pos="," wid="7">,</w>
  <w id="8" lemma="|endow|" pos="VBN" wid="8">endowed</w>
  <w id="9" lemma="|with|" pos="IN" wid="9">with</w>
  <w id="10" lemma="|the|" pos="DT" wid="10">the</w>
  <w id="11" lemma="|``|" pos="``" wid="11">``</w>
  <w id="12" lemma="|gift|" pos="NN" wid="12">gift</w>
  <w id="13" lemma="|of|" pos="IN" wid="13">of</w>
  <w id="14" lemma="|sublime|" pos="JJ" wid="14">sublime</w>
  <w id="15" lemma="|grace|" pos="NN" wid="15">grace</w>
  <w id="16" lemma="|,|" pos="," wid="16">,</w>
  <w id="17" lemma="|far|" pos="RB" wid="17">far</w>
  <w id="18" lemma="|surpass|" pos="VBZ" wid="18">surpasses</w>
  <w id="19" lemma="|all|" pos="DT" wid="19">all</w>
  <w id="20" lemma="|creature|" pos="NNS" wid="20">creatures</w>
  <w id="21" lemma="|,|" pos="," wid="21">,</w>
  <w id="22" lemma="|both|" pos="CC" wid="22">both</w>
  <w id="23" lemma="|in|" pos="IN" wid="23">in</w>
  <w id="24" lemma="|heaven|" pos="NN" wid="24">heaven</w>
  <w id="25" lemma="|and|" pos="CC" wid="25">and</w>
  <w id="26" lemma="|on|" pos="IN" wid="26">on</w>
  <w id="27" lemma="|earth|" pos="NN" wid="27">earth</w>
  <w id="28" lemma="|''|" pos="''" wid="28">''</w>
  <w id="29" lemma="|-lrb-|" pos="-LRB-" wid="29">-LRB-</w>
  <w id="30" lemma="|Lumen|" pos="NNP" wid="30">Lumen</w>
  <w id="31" lemma="|gentium|" pos="NN" wid="31">gentium</w>
  <w id="32" lemma="|,|" pos="," wid="32">,</w>
  <w id="33" lemma="|n.|" pos="NN" wid="33">n.</w>
  <w id="34" lemma="|53|" pos="CD" wid="34">53</w>
  <w id="35" lemma="|-rrb-|" pos="-RRB-" wid="35">-RRB-</w>
  <w id="36" lemma="|.|" pos="." wid="36">.</w>
</sentence>
<sentence id="17">
  <w id="0" lemma="|to|" pos="TO" wid="0">To</w>
  <w id="1" lemma="|she|" pos="PRP" wid="1">her</w>
  <w id="2" lemma="|we|" pos="PRP" wid="2">we</w>
  <w id="3" lemma="|commend|" pos="VBP" wid="3">commend</w>
  <w id="4" lemma="|we|" pos="PRP$" wid="4">our</w>
  <w id="5" lemma="|depart|" pos="VBN" wid="5">departed</w>
  <w id="6" lemma="|love|" pos="VBD" wid="6">loved</w>
  <w id="7" lemma="|one|" pos="NNS" wid="7">ones</w>
  <w id="8" lemma="|;|" pos=":" wid="8">;</w>
  <w id="9" lemma="|to|" pos="TO" wid="9">to</w>
  <w id="10" lemma="|she|" pos="PRP$" wid="10">her</w>
  <w id="11" lemma="|we|" pos="PRP" wid="11">we</w>
  <w id="12" lemma="|present|" pos="VBP" wid="12">present</w>
  <w id="13" lemma="|we|" pos="PRP$" wid="13">our</w>
  <w id="14" lemma="|deep|" pos="JJ" wid="14">deep</w>
  <w id="15" lemma="|,|" pos="," wid="15">,</w>
  <w id="16" lemma="|heartfelt|" pos="JJ" wid="16">heartfelt</w>
  <w id="17" lemma="|desire|" pos="NN" wid="17">desire</w>
  <w id="18" lemma="|to|" pos="TO" wid="18">to</w>
  <w id="19" lemma="|strive|" pos="VB" wid="19">strive</w>
  <w id="20" lemma="|for|" pos="IN" wid="20">for</w>
  <w id="21" lemma="|holiness|" pos="NN" wid="21">holiness</w>
  <w id="22" lemma="|with|" pos="IN" wid="22">with</w>
  <w id="23" lemma="|all|" pos="DT" wid="23">all</w>
  <w id="24" lemma="|we|" pos="PRP$" wid="24">our</w>
  <w id="25" lemma="|strength|" pos="NN" wid="25">strength</w>
  <w id="26" lemma="|.|" pos="." wid="26">.</w>
</sentence>
<sentence id="18">
  <w id="0" lemma="|Mary|" pos="NNP" wid="0">Mary</w>
  <w id="1" lemma="|,|" pos="," wid="1">,</w>
  <w id="2" lemma="|Queen|" pos="NNP" wid="2">Queen</w>
  <w id="3" lemma="|of|" pos="IN" wid="3">of</w>
  <w id="4" lemma="|All|" pos="NNP" wid="4">All</w>
  <w id="5" lemma="|Saints|" pos="NNP" wid="5">Saints</w>
  <w id="6" lemma="|,|" pos="," wid="6">,</w>
  <w id="7" lemma="|pray|" pos="NN" wid="7">pray</w>
  <w id="8" lemma="|for|" pos="IN" wid="8">for</w>
  <w id="9" lemma="|we|" pos="PRP" wid="9">us</w>
  <w id="10" lemma="|!|" pos="." wid="10">!</w>
</sentence>
</corpus>