<corpus id="0">
<sentence id="0">
  <w id="0" lemma="|Dear|" pos="NNP" wid="0">Dear</w>
  <w id="1" lemma="|Brothers|" pos="NNPS" wid="1">Brothers</w>
  <w id="2" lemma="|and|" pos="CC" wid="2">and</w>
  <w id="3" lemma="|sister|" pos="NNS" wid="3">sisters</w>
  <w id="4" lemma="|,|" pos="," wid="4">,</w>
  <w id="5" lemma="|1|" pos="CD" wid="5">1</w>
  <w id="6" lemma="|.|" pos="." wid="6">.</w>
</sentence>
<sentence id="1">
  <w id="0" lemma="|after|" pos="IN" wid="0">After</w>
  <w id="1" lemma="|the|" pos="DT" wid="1">the</w>
  <w id="2" lemma="|tragic|" pos="JJ" wid="2">tragic</w>
  <w id="3" lemma="|attack|" pos="NN" wid="3">attack</w>
  <w id="4" lemma="|last|" pos="JJ" wid="4">last</w>
  <w id="5" lemma="|11|" pos="CD" wid="5">11</w>
  <w id="6" lemma="|September|" pos="NNP" wid="6">September</w>
  <w id="7" lemma="|,|" pos="," wid="7">,</w>
  <w id="8" lemma="|that|" pos="IN" wid="8">that</w>
  <w id="9" lemma="|we|" pos="PRP" wid="9">we</w>
  <w id="10" lemma="|never|" pos="RB" wid="10">never</w>
  <w id="11" lemma="|forget|" pos="VBP" wid="11">forget</w>
  <w id="12" lemma="|,|" pos="," wid="12">,</w>
  <w id="13" lemma="|and|" pos="CC" wid="13">and</w>
  <w id="14" lemma="|with|" pos="IN" wid="14">with</w>
  <w id="15" lemma="|the|" pos="DT" wid="15">the</w>
  <w id="16" lemma="|threat|" pos="NN" wid="16">threat</w>
  <w id="17" lemma="|of|" pos="IN" wid="17">of</w>
  <w id="18" lemma="|new|" pos="JJ" wid="18">new</w>
  <w id="19" lemma="|conflict|" pos="NNS" wid="19">conflicts</w>
  <w id="20" lemma="|,|" pos="," wid="20">,</w>
  <w id="21" lemma="|believer|" pos="NNS" wid="21">believers</w>
  <w id="22" lemma="|feel|" pos="VBP" wid="22">feel</w>
  <w id="23" lemma="|the|" pos="DT" wid="23">the</w>
  <w id="24" lemma="|urgency|" pos="NN" wid="24">urgency</w>
  <w id="25" lemma="|to|" pos="TO" wid="25">to</w>
  <w id="26" lemma="|intensify|" pos="VB" wid="26">intensify</w>
  <w id="27" lemma="|they|" pos="PRP$" wid="27">their</w>
  <w id="28" lemma="|prayer|" pos="NN" wid="28">prayer</w>
  <w id="29" lemma="|for|" pos="IN" wid="29">for</w>
  <w id="30" lemma="|peace|" pos="NN" wid="30">peace</w>
  <w id="31" lemma="|,|" pos="," wid="31">,</w>
  <w id="32" lemma="|because|" pos="IN" wid="32">because</w>
  <w id="33" lemma="|it|" pos="PRP" wid="33">it</w>
  <w id="34" lemma="|be|" pos="VBZ" wid="34">is</w>
  <w id="35" lemma="|above|" pos="IN" wid="35">above</w>
  <w id="36" lemma="|all|" pos="PDT" wid="36">all</w>
  <w id="37" lemma="|the|" pos="DT" wid="37">the</w>
  <w id="38" lemma="|gift|" pos="NN" wid="38">gift</w>
  <w id="39" lemma="|of|" pos="IN" wid="39">of</w>
  <w id="40" lemma="|God|" pos="NNP" wid="40">God</w>
  <w id="41" lemma="|.|" pos="." wid="41">.</w>
</sentence>
<sentence id="2">
  <w id="0" lemma="|this|" pos="DT" wid="0">This</w>
  <w id="1" lemma="|be|" pos="VBZ" wid="1">is</w>
  <w id="2" lemma="|the|" pos="DT" wid="2">the</w>
  <w id="3" lemma="|spirit|" pos="NN" wid="3">spirit</w>
  <w id="4" lemma="|in|" pos="IN" wid="4">in</w>
  <w id="5" lemma="|which|" pos="WDT" wid="5">which</w>
  <w id="6" lemma="|,|" pos="," wid="6">,</w>
  <w id="7" lemma="|the|" pos="DT" wid="7">the</w>
  <w id="8" lemma="|Day|" pos="NNP" wid="8">Day</w>
  <w id="9" lemma="|of|" pos="IN" wid="9">of</w>
  <w id="10" lemma="|Fasting|" pos="NNP" wid="10">Fasting</w>
  <w id="11" lemma="|be|" pos="VBD" wid="11">was</w>
  <w id="12" lemma="|observe|" pos="VBN" wid="12">observed</w>
  <w id="13" lemma="|last|" pos="JJ" wid="13">last</w>
  <w id="14" lemma="|14|" pos="CD" wid="14">14</w>
  <w id="15" lemma="|December|" pos="NNP" wid="15">December</w>
  <w id="16" lemma="|,|" pos="," wid="16">,</w>
  <w id="17" lemma="|with|" pos="IN" wid="17">with</w>
  <w id="18" lemma="|great|" pos="JJ" wid="18">great</w>
  <w id="19" lemma="|consensus|" pos="NN" wid="19">consensus</w>
  <w id="20" lemma="|,|" pos="," wid="20">,</w>
  <w id="21" lemma="|and|" pos="CC" wid="21">and</w>
  <w id="22" lemma="|,|" pos="," wid="22">,</w>
  <w id="23" lemma="|in|" pos="IN" wid="23">in</w>
  <w id="24" lemma="|the|" pos="DT" wid="24">the</w>
  <w id="25" lemma="|same|" pos="JJ" wid="25">same</w>
  <w id="26" lemma="|spirit|" pos="NN" wid="26">spirit</w>
  <w id="27" lemma="|,|" pos="," wid="27">,</w>
  <w id="28" lemma="|the|" pos="DT" wid="28">the</w>
  <w id="29" lemma="|day|" pos="NN" wid="29">Day</w>
  <w id="30" lemma="|of|" pos="IN" wid="30">of</w>
  <w id="31" lemma="|prayer|" pos="NN" wid="31">Prayer</w>
  <w id="32" lemma="|for|" pos="IN" wid="32">for</w>
  <w id="33" lemma="|Peace|" pos="NNP" wid="33">Peace</w>
  <w id="34" lemma="|will|" pos="MD" wid="34">will</w>
  <w id="35" lemma="|be|" pos="VB" wid="35">be</w>
  <w id="36" lemma="|hold|" pos="VBN" wid="36">held</w>
  <w id="37" lemma="|in|" pos="IN" wid="37">in</w>
  <w id="38" lemma="|Assisi|" pos="NNP" wid="38">Assisi</w>
  <w id="39" lemma="|this|" pos="DT" wid="39">this</w>
  <w id="40" lemma="|come|" pos="VBG" wid="40">coming</w>
  <w id="41" lemma="|24|" pos="CD" wid="41">24</w>
  <w id="42" lemma="|January|" pos="NNP" wid="42">January</w>
  <w id="43" lemma="|.|" pos="." wid="43">.</w>
</sentence>
<sentence id="3">
  <w id="0" lemma="|representative|" pos="NNS" wid="0">Representatives</w>
  <w id="1" lemma="|of|" pos="IN" wid="1">of</w>
  <w id="2" lemma="|the|" pos="DT" wid="2">the</w>
  <w id="3" lemma="|different|" pos="JJ" wid="3">different</w>
  <w id="4" lemma="|Christian|" pos="NNP" wid="4">Christian</w>
  <w id="5" lemma="|denomination|" pos="NNS" wid="5">denominations</w>
  <w id="6" lemma="|and|" pos="CC" wid="6">and</w>
  <w id="7" lemma="|of|" pos="IN" wid="7">of</w>
  <w id="8" lemma="|other|" pos="JJ" wid="8">other</w>
  <w id="9" lemma="|religion|" pos="NNS" wid="9">religions</w>
  <w id="10" lemma="|will|" pos="MD" wid="10">will</w>
  <w id="11" lemma="|take|" pos="VB" wid="11">take</w>
  <w id="12" lemma="|part|" pos="NN" wid="12">part</w>
  <w id="13" lemma="|.|" pos="." wid="13">.</w>
</sentence>
<sentence id="4">
  <w id="0" lemma="|thus|" pos="RB" wid="0">Thus</w>
  <w id="1" lemma="|we|" pos="PRP" wid="1">we</w>
  <w id="2" lemma="|will|" pos="MD" wid="2">will</w>
  <w id="3" lemma="|repeat|" pos="VB" wid="3">repeat</w>
  <w id="4" lemma="|the|" pos="DT" wid="4">the</w>
  <w id="5" lemma="|experience|" pos="NN" wid="5">experience</w>
  <w id="6" lemma="|of|" pos="IN" wid="6">of</w>
  <w id="7" lemma="|27|" pos="CD" wid="7">27</w>
  <w id="8" lemma="|October|" pos="NNP" wid="8">October</w>
  <w id="9" lemma="|1986|" pos="CD" wid="9">1986</w>
  <w id="10" lemma="|when|" pos="WRB" wid="10">when</w>
  <w id="11" lemma="|,|" pos="," wid="11">,</w>
  <w id="12" lemma="|for|" pos="IN" wid="12">for</w>
  <w id="13" lemma="|the|" pos="DT" wid="13">the</w>
  <w id="14" lemma="|first|" pos="JJ" wid="14">first</w>
  <w id="15" lemma="|time|" pos="NN" wid="15">time</w>
  <w id="16" lemma="|,|" pos="," wid="16">,</w>
  <w id="17" lemma="|within|" pos="IN" wid="17">within</w>
  <w id="18" lemma="|the|" pos="DT" wid="18">the</w>
  <w id="19" lemma="|wall|" pos="NNS" wid="19">walls</w>
  <w id="20" lemma="|of|" pos="IN" wid="20">of</w>
  <w id="21" lemma="|the|" pos="DT" wid="21">the</w>
  <w id="22" lemma="|city|" pos="NN" wid="22">city</w>
  <w id="23" lemma="|of|" pos="IN" wid="23">of</w>
  <w id="24" lemma="|St|" pos="NNP" wid="24">St</w>
  <w id="25" lemma="|Francis|" pos="NNP" wid="25">Francis</w>
  <w id="26" lemma="|,|" pos="," wid="26">,</w>
  <w id="27" lemma="|the|" pos="DT" wid="27">the</w>
  <w id="28" lemma="|representative|" pos="NNS" wid="28">representatives</w>
  <w id="29" lemma="|of|" pos="IN" wid="29">of</w>
  <w id="30" lemma="|all|" pos="PDT" wid="30">all</w>
  <w id="31" lemma="|the|" pos="DT" wid="31">the</w>
  <w id="32" lemma="|world|" pos="NN" wid="32">world</w>
  <w id="33" lemma="|'s|" pos="POS" wid="33">'s</w>
  <w id="34" lemma="|religion|" pos="NNS" wid="34">religions</w>
  <w id="35" lemma="|gather|" pos="VBD" wid="35">gathered</w>
  <w id="36" lemma="|together|" pos="RB" wid="36">together</w>
  <w id="37" lemma="|to|" pos="TO" wid="37">to</w>
  <w id="38" lemma="|raise|" pos="VB" wid="38">raise</w>
  <w id="39" lemma="|to|" pos="TO" wid="39">to</w>
  <w id="40" lemma="|Heaven|" pos="NNP" wid="40">Heaven</w>
  <w id="41" lemma="|a|" pos="DT" wid="41">a</w>
  <w id="42" lemma="|fervent|" pos="JJ" wid="42">fervent</w>
  <w id="43" lemma="|plea|" pos="NN" wid="43">plea</w>
  <w id="44" lemma="|for|" pos="IN" wid="44">for</w>
  <w id="45" lemma="|peace|" pos="NN" wid="45">peace</w>
  <w id="46" lemma="|.|" pos="." wid="46">.</w>
</sentence>
<sentence id="5">
  <w id="0" lemma="|2|" pos="CD" wid="0">2</w>
  <w id="1" lemma="|.|" pos="." wid="1">.</w>
</sentence>
<sentence id="6">
  <w id="0" lemma="|since|" pos="IN" wid="0">Since</w>
  <w id="1" lemma="|then|" pos="RB" wid="1">then</w>
  <w id="2" lemma="|,|" pos="," wid="2">,</w>
  <w id="3" lemma="|a|" pos="DT" wid="3">a</w>
  <w id="4" lemma="|new|" pos="JJ" wid="4">new</w>
  <w id="5" lemma="|spirit|" pos="NN" wid="5">spirit</w>
  <w id="6" lemma="|-|" pos=":" wid="6">-</w>
  <w id="7" lemma="|often|" pos="RB" wid="7">often</w>
  <w id="8" lemma="|call|" pos="VBN" wid="8">called</w>
  <w id="9" lemma="|the|" pos="DT" wid="9">the</w>
  <w id="10" lemma="|``|" pos="``" wid="10">``</w>
  <w id="11" lemma="|spirit|" pos="NN" wid="11">spirit</w>
  <w id="12" lemma="|of|" pos="IN" wid="12">of</w>
  <w id="13" lemma="|Assisi|" pos="NNP" wid="13">Assisi</w>
  <w id="14" lemma="|''|" pos="''" wid="14">''</w>
  <w id="15" lemma="|-|" pos=":" wid="15">-</w>
  <w id="16" lemma="|have|" pos="VBZ" wid="16">has</w>
  <w id="17" lemma="|guide|" pos="VBN" wid="17">guided</w>
  <w id="18" lemma="|interreligious|" pos="JJ" wid="18">interreligious</w>
  <w id="19" lemma="|dialogue|" pos="NN" wid="19">dialogue</w>
  <w id="20" lemma="|and|" pos="CC" wid="20">and</w>
  <w id="21" lemma="|link|" pos="VBZ" wid="21">links</w>
  <w id="22" lemma="|it|" pos="PRP" wid="22">it</w>
  <w id="23" lemma="|indissolubly|" pos="RB" wid="23">indissolubly</w>
  <w id="24" lemma="|to|" pos="TO" wid="24">to</w>
  <w id="25" lemma="|the|" pos="DT" wid="25">the</w>
  <w id="26" lemma="|commitment|" pos="NN" wid="26">commitment</w>
  <w id="27" lemma="|to|" pos="TO" wid="27">to</w>
  <w id="28" lemma="|justice|" pos="NN" wid="28">justice</w>
  <w id="29" lemma="|,|" pos="," wid="29">,</w>
  <w id="30" lemma="|the|" pos="DT" wid="30">the</w>
  <w id="31" lemma="|protection|" pos="NN" wid="31">protection</w>
  <w id="32" lemma="|of|" pos="IN" wid="32">of</w>
  <w id="33" lemma="|creation|" pos="NN" wid="33">creation</w>
  <w id="34" lemma="|and|" pos="CC" wid="34">and</w>
  <w id="35" lemma="|to|" pos="TO" wid="35">to</w>
  <w id="36" lemma="|peace|" pos="NN" wid="36">peace</w>
  <w id="37" lemma="|.|" pos="." wid="37">.</w>
</sentence>
<sentence id="7">
  <w id="0" lemma="|the|" pos="DT" wid="0">The</w>
  <w id="1" lemma="|day|" pos="NN" wid="1">Day</w>
  <w id="2" lemma="|of|" pos="IN" wid="2">of</w>
  <w id="3" lemma="|prayer|" pos="NN" wid="3">Prayer</w>
  <w id="4" lemma="|for|" pos="IN" wid="4">for</w>
  <w id="5" lemma="|Peace|" pos="NNP" wid="5">Peace</w>
  <w id="6" lemma="|do|" pos="VBZ" wid="6">does</w>
  <w id="7" lemma="|not|" pos="RB" wid="7">not</w>
  <w id="8" lemma="|in|" pos="IN" wid="8">in</w>
  <w id="9" lemma="|any|" pos="DT" wid="9">any</w>
  <w id="10" lemma="|way|" pos="NN" wid="10">way</w>
  <w id="11" lemma="|indulge|" pos="VB" wid="11">indulge</w>
  <w id="12" lemma="|in|" pos="IN" wid="12">in</w>
  <w id="13" lemma="|religious|" pos="JJ" wid="13">religious</w>
  <w id="14" lemma="|syncretism|" pos="NN" wid="14">syncretism</w>
  <w id="15" lemma="|.|" pos="." wid="15">.</w>
</sentence>
<sentence id="8">
  <w id="0" lemma="|in|" pos="IN" wid="0">In</w>
  <w id="1" lemma="|fact|" pos="NN" wid="1">fact</w>
  <w id="2" lemma="|,|" pos="," wid="2">,</w>
  <w id="3" lemma="|each|" pos="DT" wid="3">each</w>
  <w id="4" lemma="|religious|" pos="JJ" wid="4">religious</w>
  <w id="5" lemma="|group|" pos="NN" wid="5">group</w>
  <w id="6" lemma="|will|" pos="MD" wid="6">will</w>
  <w id="7" lemma="|pray|" pos="VB" wid="7">pray</w>
  <w id="8" lemma="|in|" pos="IN" wid="8">in</w>
  <w id="9" lemma="|a|" pos="DT" wid="9">a</w>
  <w id="10" lemma="|different|" pos="JJ" wid="10">different</w>
  <w id="11" lemma="|place|" pos="NN" wid="11">place</w>
  <w id="12" lemma="|in|" pos="IN" wid="12">in</w>
  <w id="13" lemma="|accord|" pos="NN" wid="13">accord</w>
  <w id="14" lemma="|with|" pos="IN" wid="14">with</w>
  <w id="15" lemma="|its|" pos="PRP$" wid="15">its</w>
  <w id="16" lemma="|own|" pos="JJ" wid="16">own</w>
  <w id="17" lemma="|faith|" pos="NN" wid="17">faith</w>
  <w id="18" lemma="|,|" pos="," wid="18">,</w>
  <w id="19" lemma="|its|" pos="PRP$" wid="19">its</w>
  <w id="20" lemma="|own|" pos="JJ" wid="20">own</w>
  <w id="21" lemma="|language|" pos="NN" wid="21">language</w>
  <w id="22" lemma="|,|" pos="," wid="22">,</w>
  <w id="23" lemma="|its|" pos="PRP$" wid="23">its</w>
  <w id="24" lemma="|own|" pos="JJ" wid="24">own</w>
  <w id="25" lemma="|tradition|" pos="NN" wid="25">tradition</w>
  <w id="26" lemma="|,|" pos="," wid="26">,</w>
  <w id="27" lemma="|and|" pos="CC" wid="27">and</w>
  <w id="28" lemma="|with|" pos="IN" wid="28">with</w>
  <w id="29" lemma="|full|" pos="JJ" wid="29">full</w>
  <w id="30" lemma="|respect|" pos="NN" wid="30">respect</w>
  <w id="31" lemma="|for|" pos="IN" wid="31">for</w>
  <w id="32" lemma="|the|" pos="DT" wid="32">the</w>
  <w id="33" lemma="|other|" pos="NNS" wid="33">others</w>
  <w id="34" lemma="|.|" pos="." wid="34">.</w>
</sentence>
<sentence id="9">
  <w id="0" lemma="|what|" pos="WP" wid="0">What</w>
  <w id="1" lemma="|will|" pos="MD" wid="1">will</w>
  <w id="2" lemma="|bind|" pos="VB" wid="2">bind</w>
  <w id="3" lemma="|together|" pos="RB" wid="3">together</w>
  <w id="4" lemma="|all|" pos="PDT" wid="4">all</w>
  <w id="5" lemma="|the|" pos="DT" wid="5">the</w>
  <w id="6" lemma="|participant|" pos="NNS" wid="6">participants</w>
  <w id="7" lemma="|be|" pos="VBZ" wid="7">is</w>
  <w id="8" lemma="|the|" pos="DT" wid="8">the</w>
  <w id="9" lemma="|certainty|" pos="NN" wid="9">certainty</w>
  <w id="10" lemma="|that|" pos="IN" wid="10">that</w>
  <w id="11" lemma="|peace|" pos="NN" wid="11">peace</w>
  <w id="12" lemma="|be|" pos="VBZ" wid="12">is</w>
  <w id="13" lemma="|a|" pos="DT" wid="13">a</w>
  <w id="14" lemma="|gift|" pos="NN" wid="14">gift</w>
  <w id="15" lemma="|of|" pos="IN" wid="15">of</w>
  <w id="16" lemma="|God|" pos="NNP" wid="16">God</w>
  <w id="17" lemma="|.|" pos="." wid="17">.</w>
</sentence>
<sentence id="10">
  <w id="0" lemma="|as|" pos="IN" wid="0">As</w>
  <w id="1" lemma="|a|" pos="DT" wid="1">a</w>
  <w id="2" lemma="|believer|" pos="NN" wid="2">believer</w>
  <w id="3" lemma="|,|" pos="," wid="3">,</w>
  <w id="4" lemma="|each|" pos="DT" wid="4">each</w>
  <w id="5" lemma="|one|" pos="NN" wid="5">one</w>
  <w id="6" lemma="|know|" pos="VBZ" wid="6">knows</w>
  <w id="7" lemma="|he|" pos="PRP" wid="7">he</w>
  <w id="8" lemma="|be|" pos="VBZ" wid="8">is</w>
  <w id="9" lemma="|call|" pos="VBN" wid="9">called</w>
  <w id="10" lemma="|to|" pos="TO" wid="10">to</w>
  <w id="11" lemma="|be|" pos="VB" wid="11">be</w>
  <w id="12" lemma="|a|" pos="DT" wid="12">a</w>
  <w id="13" lemma="|peacemaker|" pos="NN" wid="13">peacemaker</w>
  <w id="14" lemma="|.|" pos="." wid="14">.</w>
</sentence>
<sentence id="11">
  <w id="0" lemma="|on|" pos="IN" wid="0">On</w>
  <w id="1" lemma="|this|" pos="DT" wid="1">this</w>
  <w id="2" lemma="|basis|" pos="NN" wid="2">basis</w>
  <w id="3" lemma="|,|" pos="," wid="3">,</w>
  <w id="4" lemma="|not|" pos="RB" wid="4">not</w>
  <w id="5" lemma="|only|" pos="JJ" wid="5">only</w>
  <w id="6" lemma="|man|" pos="NNS" wid="6">men</w>
  <w id="7" lemma="|and|" pos="CC" wid="7">and</w>
  <w id="8" lemma="|woman|" pos="NNS" wid="8">women</w>
  <w id="9" lemma="|of|" pos="IN" wid="9">of</w>
  <w id="10" lemma="|different|" pos="JJ" wid="10">different</w>
  <w id="11" lemma="|religious|" pos="JJ" wid="11">religious</w>
  <w id="12" lemma="|affiliation|" pos="NN" wid="12">affiliation</w>
  <w id="13" lemma="|can|" pos="MD" wid="13">can</w>
  <w id="14" lemma="|collaborate|" pos="VB" wid="14">collaborate</w>
  <w id="15" lemma="|,|" pos="," wid="15">,</w>
  <w id="16" lemma="|but|" pos="CC" wid="16">but</w>
  <w id="17" lemma="|indeed|" pos="RB" wid="17">indeed</w>
  <w id="18" lemma="|must|" pos="MD" wid="18">must</w>
  <w id="19" lemma="|engage|" pos="VB" wid="19">engage</w>
  <w id="20" lemma="|in|" pos="IN" wid="20">in</w>
  <w id="21" lemma="|defend|" pos="VBG" wid="21">defending</w>
  <w id="22" lemma="|and|" pos="CC" wid="22">and</w>
  <w id="23" lemma="|promote|" pos="VBG" wid="23">promoting</w>
  <w id="24" lemma="|effectively|" pos="RB" wid="24">effectively</w>
  <w id="25" lemma="|the|" pos="DT" wid="25">the</w>
  <w id="26" lemma="|recognition|" pos="NN" wid="26">recognition</w>
  <w id="27" lemma="|of|" pos="IN" wid="27">of</w>
  <w id="28" lemma="|human|" pos="JJ" wid="28">human</w>
  <w id="29" lemma="|rights|" pos="NNS" wid="29">rights</w>
  <w id="30" lemma="|,|" pos="," wid="30">,</w>
  <w id="31" lemma="|a|" pos="DT" wid="31">an</w>
  <w id="32" lemma="|indispensable|" pos="JJ" wid="32">indispensable</w>
  <w id="33" lemma="|condition|" pos="NN" wid="33">condition</w>
  <w id="34" lemma="|for|" pos="IN" wid="34">for</w>
  <w id="35" lemma="|authentic|" pos="JJ" wid="35">authentic</w>
  <w id="36" lemma="|and|" pos="CC" wid="36">and</w>
  <w id="37" lemma="|lasting|" pos="JJ" wid="37">lasting</w>
  <w id="38" lemma="|peace|" pos="NN" wid="38">peace</w>
  <w id="39" lemma="|.|" pos="." wid="39">.</w>
</sentence>
<sentence id="12">
  <w id="0" lemma="|in|" pos="IN" wid="0">In</w>
  <w id="1" lemma="|the|" pos="DT" wid="1">the</w>
  <w id="2" lemma="|face|" pos="NN" wid="2">face</w>
  <w id="3" lemma="|of|" pos="IN" wid="3">of</w>
  <w id="4" lemma="|the|" pos="DT" wid="4">the</w>
  <w id="5" lemma="|violence|" pos="NN" wid="5">violence</w>
  <w id="6" lemma="|that|" pos="IN" wid="6">that</w>
  <w id="7" lemma="|today|" pos="NN" wid="7">today</w>
  <w id="8" lemma="|wreak|" pos="VBD" wid="8">wreaks</w>
  <w id="9" lemma="|havoc|" pos="NN" wid="9">havoc</w>
  <w id="10" lemma="|in|" pos="IN" wid="10">in</w>
  <w id="11" lemma="|so|" pos="RB" wid="11">so</w>
  <w id="12" lemma="|many|" pos="JJ" wid="12">many</w>
  <w id="13" lemma="|of|" pos="IN" wid="13">of</w>
  <w id="14" lemma="|the|" pos="DT" wid="14">the</w>
  <w id="15" lemma="|earth|" pos="NN" wid="15">earth</w>
  <w id="16" lemma="|'s|" pos="POS" wid="16">'s</w>
  <w id="17" lemma="|region|" pos="NNS" wid="17">regions</w>
  <w id="18" lemma="|,|" pos="," wid="18">,</w>
  <w id="19" lemma="|they|" pos="PRP" wid="19">they</w>
  <w id="20" lemma="|feel|" pos="VBP" wid="20">feel</w>
  <w id="21" lemma="|the|" pos="DT" wid="21">the</w>
  <w id="22" lemma="|need|" pos="NN" wid="22">need</w>
  <w id="23" lemma="|to|" pos="TO" wid="23">to</w>
  <w id="24" lemma="|show|" pos="VB" wid="24">show</w>
  <w id="25" lemma="|that|" pos="IN" wid="25">that</w>
  <w id="26" lemma="|religion|" pos="NNS" wid="26">religions</w>
  <w id="27" lemma="|be|" pos="VBP" wid="27">are</w>
  <w id="28" lemma="|a|" pos="DT" wid="28">a</w>
  <w id="29" lemma="|factor|" pos="NN" wid="29">factor</w>
  <w id="30" lemma="|of|" pos="IN" wid="30">of</w>
  <w id="31" lemma="|solidarity|" pos="NN" wid="31">solidarity</w>
  <w id="32" lemma="|,|" pos="," wid="32">,</w>
  <w id="33" lemma="|by|" pos="IN" wid="33">by</w>
  <w id="34" lemma="|repudiate|" pos="VBG" wid="34">repudiating</w>
  <w id="35" lemma="|and|" pos="CC" wid="35">and</w>
  <w id="36" lemma="|isolate|" pos="VBG" wid="36">isolating</w>
  <w id="37" lemma="|those|" pos="DT" wid="37">those</w>
  <w id="38" lemma="|who|" pos="WP" wid="38">who</w>
  <w id="39" lemma="|abuse|" pos="VBP" wid="39">abuse</w>
  <w id="40" lemma="|the|" pos="DT" wid="40">the</w>
  <w id="41" lemma="|name|" pos="NN" wid="41">Name</w>
  <w id="42" lemma="|of|" pos="IN" wid="42">of</w>
  <w id="43" lemma="|God|" pos="NNP" wid="43">God</w>
  <w id="44" lemma="|for|" pos="IN" wid="44">for</w>
  <w id="45" lemma="|purpose|" pos="NNS" wid="45">purposes</w>
  <w id="46" lemma="|or|" pos="CC" wid="46">or</w>
  <w id="47" lemma="|with|" pos="IN" wid="47">with</w>
  <w id="48" lemma="|method|" pos="NNS" wid="48">methods</w>
  <w id="49" lemma="|that|" pos="IN" wid="49">that</w>
  <w id="50" lemma="|in|" pos="IN" wid="50">in</w>
  <w id="51" lemma="|reality|" pos="NN" wid="51">reality</w>
  <w id="52" lemma="|offend|" pos="VB" wid="52">offend</w>
  <w id="53" lemma="|he|" pos="PRP" wid="53">him</w>
  <w id="54" lemma="|.|" pos="." wid="54">.</w>
</sentence>
<sentence id="13">
  <w id="0" lemma="|3|" pos="LS" wid="0">3</w>
  <w id="1" lemma="|.|" pos="." wid="1">.</w>
</sentence>
<sentence id="14">
  <w id="0" lemma="|Next|" pos="NNP" wid="0">Next</w>
  <w id="1" lemma="|Thursday|" pos="NNP" wid="1">Thursday</w>
  <w id="2" lemma="|,|" pos="," wid="2">,</w>
  <w id="3" lemma="|please|" pos="VB" wid="3">please</w>
  <w id="4" lemma="|God|" pos="NNP" wid="4">God</w>
  <w id="5" lemma="|,|" pos="," wid="5">,</w>
  <w id="6" lemma="|we|" pos="PRP" wid="6">we</w>
  <w id="7" lemma="|will|" pos="MD" wid="7">will</w>
  <w id="8" lemma="|together|" pos="RB" wid="8">together</w>
  <w id="9" lemma="|make|" pos="VB" wid="9">make</w>
  <w id="10" lemma="|a|" pos="DT" wid="10">a</w>
  <w id="11" lemma="|pilgrimage|" pos="NN" wid="11">pilgrimage</w>
  <w id="12" lemma="|by|" pos="IN" wid="12">by</w>
  <w id="13" lemma="|train|" pos="NN" wid="13">train</w>
  <w id="14" lemma="|,|" pos="," wid="14">,</w>
  <w id="15" lemma="|follow|" pos="VBG" wid="15">following</w>
  <w id="16" lemma="|the|" pos="DT" wid="16">the</w>
  <w id="17" lemma="|example|" pos="NN" wid="17">example</w>
  <w id="18" lemma="|of|" pos="IN" wid="18">of</w>
  <w id="19" lemma="|Blessed|" pos="NNP" wid="19">Blessed</w>
  <w id="20" lemma="|John|" pos="NNP" wid="20">John</w>
  <w id="21" lemma="|XXIII|" pos="NNP" wid="21">XXIII</w>
  <w id="22" lemma="|,|" pos="," wid="22">,</w>
  <w id="23" lemma="|who|" pos="WP" wid="23">who</w>
  <w id="24" lemma="|go|" pos="VBD" wid="24">went</w>
  <w id="25" lemma="|to|" pos="TO" wid="25">to</w>
  <w id="26" lemma="|Loreto|" pos="NNP" wid="26">Loreto</w>
  <w id="27" lemma="|and|" pos="CC" wid="27">and</w>
  <w id="28" lemma="|Assisi|" pos="NNP" wid="28">Assisi</w>
  <w id="29" lemma="|on|" pos="IN" wid="29">on</w>
  <w id="30" lemma="|4|" pos="CD" wid="30">4</w>
  <w id="31" lemma="|October|" pos="NNP" wid="31">October</w>
  <w id="32" lemma="|1962|" pos="CD" wid="32">1962</w>
  <w id="33" lemma="|.|" pos="." wid="33">.</w>
</sentence>
<sentence id="15">
  <w id="0" lemma="|I|" pos="PRP" wid="0">I</w>
  <w id="1" lemma="|invite|" pos="VBP" wid="1">invite</w>
  <w id="2" lemma="|all|" pos="DT" wid="2">all</w>
  <w id="3" lemma="|believer|" pos="NNS" wid="3">believers</w>
  <w id="4" lemma="|and|" pos="CC" wid="4">and</w>
  <w id="5" lemma="|person|" pos="NNS" wid="5">persons</w>
  <w id="6" lemma="|of|" pos="IN" wid="6">of</w>
  <w id="7" lemma="|good|" pos="JJ" wid="7">good</w>
  <w id="8" lemma="|will|" pos="NN" wid="8">will</w>
  <w id="9" lemma="|of|" pos="IN" wid="9">of</w>
  <w id="10" lemma="|the|" pos="DT" wid="10">the</w>
  <w id="11" lemma="|whole|" pos="JJ" wid="11">whole</w>
  <w id="12" lemma="|world|" pos="NN" wid="12">world</w>
  <w id="13" lemma="|to|" pos="TO" wid="13">to</w>
  <w id="14" lemma="|join|" pos="VB" wid="14">join</w>
  <w id="15" lemma="|this|" pos="DT" wid="15">this</w>
  <w id="16" lemma="|pilgrimage|" pos="NN" wid="16">pilgrimage</w>
  <w id="17" lemma="|,|" pos="," wid="17">,</w>
  <w id="18" lemma="|because|" pos="IN" wid="18">because</w>
  <w id="19" lemma="|we|" pos="PRP" wid="19">we</w>
  <w id="20" lemma="|be|" pos="VBP" wid="20">are</w>
  <w id="21" lemma="|all|" pos="DT" wid="21">all</w>
  <w id="22" lemma="|call|" pos="VBN" wid="22">called</w>
  <w id="23" lemma="|to|" pos="TO" wid="23">to</w>
  <w id="24" lemma="|build|" pos="VB" wid="24">build</w>
  <w id="25" lemma="|peace|" pos="NN" wid="25">peace</w>
  <w id="26" lemma="|together|" pos="RB" wid="26">together</w>
  <w id="27" lemma="|.|" pos="." wid="27">.</w>
</sentence>
<sentence id="16">
  <w id="0" lemma="|I|" pos="PRP" wid="0">I</w>
  <w id="1" lemma="|particularly|" pos="RB" wid="1">particularly</w>
  <w id="2" lemma="|want|" pos="VBP" wid="2">want</w>
  <w id="3" lemma="|to|" pos="TO" wid="3">to</w>
  <w id="4" lemma="|invite|" pos="VB" wid="4">invite</w>
  <w id="5" lemma="|religious|" pos="JJ" wid="5">religious</w>
  <w id="6" lemma="|and|" pos="CC" wid="6">and</w>
  <w id="7" lemma="|monastic|" pos="JJ" wid="7">monastic</w>
  <w id="8" lemma="|community|" pos="NNS" wid="8">communities</w>
  <w id="9" lemma="|,|" pos="," wid="9">,</w>
  <w id="10" lemma="|especially|" pos="RB" wid="10">especially</w>
  <w id="11" lemma="|the|" pos="DT" wid="11">the</w>
  <w id="12" lemma="|cloistered|" pos="JJ" wid="12">cloistered</w>
  <w id="13" lemma="|one|" pos="NNS" wid="13">ones</w>
  <w id="14" lemma="|,|" pos="," wid="14">,</w>
  <w id="15" lemma="|to|" pos="TO" wid="15">to</w>
  <w id="16" lemma="|join|" pos="VB" wid="16">join</w>
  <w id="17" lemma="|in|" pos="IN" wid="17">in</w>
  <w id="18" lemma="|we|" pos="PRP$" wid="18">our</w>
  <w id="19" lemma="|prayer|" pos="NN" wid="19">prayer</w>
  <w id="20" lemma="|,|" pos="," wid="20">,</w>
  <w id="21" lemma="|along|" pos="IN" wid="21">along</w>
  <w id="22" lemma="|with|" pos="IN" wid="22">with</w>
  <w id="23" lemma="|child|" pos="NNS" wid="23">children</w>
  <w id="24" lemma="|,|" pos="," wid="24">,</w>
  <w id="25" lemma="|the|" pos="DT" wid="25">the</w>
  <w id="26" lemma="|sick|" pos="JJ" wid="26">sick</w>
  <w id="27" lemma="|and|" pos="CC" wid="27">and</w>
  <w id="28" lemma="|the|" pos="DT" wid="28">the</w>
  <w id="29" lemma="|elderly|" pos="JJ" wid="29">elderly</w>
  <w id="30" lemma="|.|" pos="." wid="30">.</w>
</sentence>
<sentence id="17">
  <w id="0" lemma="|May|" pos="NNP" wid="0">May</w>
  <w id="1" lemma="|Mary|" pos="NNP" wid="1">Mary</w>
  <w id="2" lemma="|,|" pos="," wid="2">,</w>
  <w id="3" lemma="|Queen|" pos="NNP" wid="3">Queen</w>
  <w id="4" lemma="|of|" pos="IN" wid="4">of</w>
  <w id="5" lemma="|Peace|" pos="NNP" wid="5">Peace</w>
  <w id="6" lemma="|,|" pos="," wid="6">,</w>
  <w id="7" lemma="|obtain|" pos="VB" wid="7">obtain</w>
  <w id="8" lemma="|for|" pos="IN" wid="8">for</w>
  <w id="9" lemma="|humanity|" pos="NN" wid="9">humanity</w>
  <w id="10" lemma="|the|" pos="DT" wid="10">the</w>
  <w id="11" lemma="|precious|" pos="JJ" wid="11">precious</w>
  <w id="12" lemma="|gift|" pos="NN" wid="12">gift</w>
  <w id="13" lemma="|of|" pos="IN" wid="13">of</w>
  <w id="14" lemma="|peace|" pos="NN" wid="14">peace</w>
  <w id="15" lemma="|,|" pos="," wid="15">,</w>
  <w id="16" lemma="|and|" pos="CC" wid="16">and</w>
  <w id="17" lemma="|help|" pos="VB" wid="17">help</w>
  <w id="18" lemma="|we|" pos="PRP" wid="18">us</w>
  <w id="19" lemma="|be|" pos="VB" wid="19">be</w>
  <w id="20" lemma="|in|" pos="IN" wid="20">in</w>
  <w id="21" lemma="|every|" pos="DT" wid="21">every</w>
  <w id="22" lemma="|sector|" pos="NN" wid="22">sector</w>
  <w id="23" lemma="|of|" pos="IN" wid="23">of</w>
  <w id="24" lemma="|life|" pos="NN" wid="24">life</w>
  <w id="25" lemma="|,|" pos="," wid="25">,</w>
  <w id="26" lemma="|as|" pos="IN" wid="26">as</w>
  <w id="27" lemma="|be|" pos="VBD" wid="27">was</w>
  <w id="28" lemma="|Francis|" pos="NNP" wid="28">Francis</w>
  <w id="29" lemma="|,|" pos="," wid="29">,</w>
  <w id="30" lemma="|instrument|" pos="NNS" wid="30">instruments</w>
  <w id="31" lemma="|of|" pos="IN" wid="31">of</w>
  <w id="32" lemma="|the|" pos="DT" wid="32">the</w>
  <w id="33" lemma="|peace|" pos="NN" wid="33">peace</w>
  <w id="34" lemma="|that|" pos="IN" wid="34">that</w>
  <w id="35" lemma="|God|" pos="NNP" wid="35">God</w>
  <w id="36" lemma="|alone|" pos="RB" wid="36">alone</w>
  <w id="37" lemma="|can|" pos="MD" wid="37">can</w>
  <w id="38" lemma="|give|" pos="VB" wid="38">give</w>
  <w id="39" lemma="|.|" pos="." wid="39">.</w>
</sentence>
<sentence id="18">
  <w id="0" lemma="|after|" pos="IN" wid="0">After</w>
  <w id="1" lemma="|pray|" pos="VBG" wid="1">praying</w>
  <w id="2" lemma="|the|" pos="DT" wid="2">the</w>
  <w id="3" lemma="|Angelus|" pos="NNP" wid="3">Angelus</w>
  <w id="4" lemma="|the|" pos="DT" wid="4">the</w>
  <w id="5" lemma="|Holy|" pos="NNP" wid="5">Holy</w>
  <w id="6" lemma="|Father|" pos="NNP" wid="6">Father</w>
  <w id="7" lemma="|say|" pos="VBD" wid="7">said</w>
  <w id="8" lemma="|:|" pos=":" wid="8">:</w>
  <w id="9" lemma="|once|" pos="RB" wid="9">Once</w>
  <w id="10" lemma="|again|" pos="RB" wid="10">again</w>
  <w id="11" lemma="|-|" pos=":" wid="11">-</w>
  <w id="12" lemma="|and|" pos="CC" wid="12">and</w>
  <w id="13" lemma="|with|" pos="IN" wid="13">with</w>
  <w id="14" lemma="|great|" pos="JJ" wid="14">great</w>
  <w id="15" lemma="|sadness|" pos="NN" wid="15">sadness</w>
  <w id="16" lemma="|-|" pos=":" wid="16">-</w>
  <w id="17" lemma="|I|" pos="PRP" wid="17">I</w>
  <w id="18" lemma="|be|" pos="VBP" wid="18">am</w>
  <w id="19" lemma="|force|" pos="VBN" wid="19">forced</w>
  <w id="20" lemma="|to|" pos="TO" wid="20">to</w>
  <w id="21" lemma="|recall|" pos="VB" wid="21">recall</w>
  <w id="22" lemma="|the|" pos="DT" wid="22">the</w>
  <w id="23" lemma="|tragic|" pos="JJ" wid="23">tragic</w>
  <w id="24" lemma="|situation|" pos="NN" wid="24">situation</w>
  <w id="25" lemma="|in|" pos="IN" wid="25">in</w>
  <w id="26" lemma="|the|" pos="DT" wid="26">the</w>
  <w id="27" lemma="|Holy|" pos="NNP" wid="27">Holy</w>
  <w id="28" lemma="|Land|" pos="NNP" wid="28">Land</w>
  <w id="29" lemma="|,|" pos="," wid="29">,</w>
  <w id="30" lemma="|where|" pos="WRB" wid="30">where</w>
  <w id="31" lemma="|every|" pos="DT" wid="31">every</w>
  <w id="32" lemma="|day|" pos="NN" wid="32">day</w>
  <w id="33" lemma="|repeated|" pos="JJ" wid="33">repeated</w>
  <w id="34" lemma="|attack|" pos="NNS" wid="34">attacks</w>
  <w id="35" lemma="|and|" pos="CC" wid="35">and</w>
  <w id="36" lemma="|reprisal|" pos="NNS" wid="36">reprisals</w>
  <w id="37" lemma="|sow|" pos="VBP" wid="37">sow</w>
  <w id="38" lemma="|blood|" pos="NN" wid="38">blood</w>
  <w id="39" lemma="|and|" pos="CC" wid="39">and</w>
  <w id="40" lemma="|death|" pos="NN" wid="40">death</w>
  <w id="41" lemma="|.|" pos="." wid="41">.</w>
</sentence>
<sentence id="19">
  <w id="0" lemma="|there|" pos="EX" wid="0">There</w>
  <w id="1" lemma="|be|" pos="VBZ" wid="1">is</w>
  <w id="2" lemma="|no|" pos="DT" wid="2">no</w>
  <w id="3" lemma="|way|" pos="NN" wid="3">way</w>
  <w id="4" lemma="|out|" pos="IN" wid="4">out</w>
  <w id="5" lemma="|of|" pos="IN" wid="5">of</w>
  <w id="6" lemma="|this|" pos="DT" wid="6">this</w>
  <w id="7" lemma="|perverse|" pos="JJ" wid="7">perverse</w>
  <w id="8" lemma="|logic|" pos="NN" wid="8">logic</w>
  <w id="9" lemma="|and|" pos="CC" wid="9">and</w>
  <w id="10" lemma="|it|" pos="PRP" wid="10">it</w>
  <w id="11" lemma="|be|" pos="VBZ" wid="11">is</w>
  <w id="12" lemma="|painful|" pos="JJ" wid="12">painful</w>
  <w id="13" lemma="|to|" pos="TO" wid="13">to</w>
  <w id="14" lemma="|see|" pos="VB" wid="14">see</w>
  <w id="15" lemma="|how|" pos="WRB" wid="15">how</w>
  <w id="16" lemma="|the|" pos="DT" wid="16">the</w>
  <w id="17" lemma="|leader|" pos="NNS" wid="17">leaders</w>
  <w id="18" lemma="|of|" pos="IN" wid="18">of</w>
  <w id="19" lemma="|the|" pos="DT" wid="19">the</w>
  <w id="20" lemma="|conflict|" pos="NN" wid="20">conflict</w>
  <w id="21" lemma="|have|" pos="VBP" wid="21">have</w>
  <w id="22" lemma="|go|" pos="VBN" wid="22">gone</w>
  <w id="23" lemma="|down|" pos="RP" wid="23">down</w>
  <w id="24" lemma="|a|" pos="DT" wid="24">a</w>
  <w id="25" lemma="|blind|" pos="JJ" wid="25">blind</w>
  <w id="26" lemma="|alley|" pos="NN" wid="26">alley</w>
  <w id="27" lemma="|.|" pos="." wid="27">.</w>
</sentence>
<sentence id="20">
  <w id="0" lemma="|I|" pos="PRP" wid="0">I</w>
  <w id="1" lemma="|can|" pos="MD" wid="1">can</w>
  <w id="2" lemma="|only|" pos="RB" wid="2">only</w>
  <w id="3" lemma="|address|" pos="VB" wid="3">address</w>
  <w id="4" lemma="|a|" pos="DT" wid="4">a</w>
  <w id="5" lemma="|heartfelt|" pos="JJ" wid="5">heartfelt</w>
  <w id="6" lemma="|appeal|" pos="NN" wid="6">appeal</w>
  <w id="7" lemma="|to|" pos="TO" wid="7">to</w>
  <w id="8" lemma="|the|" pos="DT" wid="8">the</w>
  <w id="9" lemma="|leader|" pos="NNS" wid="9">leaders</w>
  <w id="10" lemma="|of|" pos="IN" wid="10">of</w>
  <w id="11" lemma="|the|" pos="DT" wid="11">the</w>
  <w id="12" lemma="|party|" pos="NNS" wid="12">parties</w>
  <w id="13" lemma="|in|" pos="IN" wid="13">in</w>
  <w id="14" lemma="|conflict|" pos="NN" wid="14">conflict</w>
  <w id="15" lemma="|to|" pos="TO" wid="15">to</w>
  <w id="16" lemma="|put|" pos="VB" wid="16">put</w>
  <w id="17" lemma="|a|" pos="DT" wid="17">an</w>
  <w id="18" lemma="|end|" pos="NN" wid="18">end</w>
  <w id="19" lemma="|to|" pos="TO" wid="19">to</w>
  <w id="20" lemma="|these|" pos="DT" wid="20">these</w>
  <w id="21" lemma="|clash|" pos="NNS" wid="21">clashes</w>
  <w id="22" lemma="|,|" pos="," wid="22">,</w>
  <w id="23" lemma="|and|" pos="CC" wid="23">and</w>
  <w id="24" lemma="|to|" pos="TO" wid="24">to</w>
  <w id="25" lemma="|the|" pos="DT" wid="25">the</w>
  <w id="26" lemma="|international|" pos="JJ" wid="26">international</w>
  <w id="27" lemma="|community|" pos="NN" wid="27">community</w>
  <w id="28" lemma="|not|" pos="RB" wid="28">not</w>
  <w id="29" lemma="|to|" pos="TO" wid="29">to</w>
  <w id="30" lemma="|abandon|" pos="VB" wid="30">abandon</w>
  <w id="31" lemma="|they|" pos="PRP" wid="31">them</w>
  <w id="32" lemma="|.|" pos="." wid="32">.</w>
</sentence>
<sentence id="21">
  <w id="0" lemma="|it|" pos="PRP" wid="0">It</w>
  <w id="1" lemma="|be|" pos="VBZ" wid="1">is</w>
  <w id="2" lemma="|urgently|" pos="RB" wid="2">urgently</w>
  <w id="3" lemma="|necessary|" pos="JJ" wid="3">necessary</w>
  <w id="4" lemma="|to|" pos="TO" wid="4">to</w>
  <w id="5" lemma="|identify|" pos="VB" wid="5">identify</w>
  <w id="6" lemma="|together|" pos="RB" wid="6">together</w>
  <w id="7" lemma="|those|" pos="DT" wid="7">those</w>
  <w id="8" lemma="|instrument|" pos="NNS" wid="8">instruments</w>
  <w id="9" lemma="|that|" pos="WDT" wid="9">that</w>
  <w id="10" lemma="|can|" pos="MD" wid="10">can</w>
  <w id="11" lemma="|set|" pos="VB" wid="11">set</w>
  <w id="12" lemma="|in|" pos="IN" wid="12">in</w>
  <w id="13" lemma="|motion|" pos="NN" wid="13">motion</w>
  <w id="14" lemma="|the|" pos="DT" wid="14">the</w>
  <w id="15" lemma="|dynamic|" pos="NN" wid="15">dynamic</w>
  <w id="16" lemma="|of|" pos="IN" wid="16">of</w>
  <w id="17" lemma="|peace|" pos="NN" wid="17">peace</w>
  <w id="18" lemma="|,|" pos="," wid="18">,</w>
  <w id="19" lemma="|and|" pos="CC" wid="19">and</w>
  <w id="20" lemma="|so|" pos="RB" wid="20">so</w>
  <w id="21" lemma="|allow|" pos="VB" wid="21">allow</w>
  <w id="22" lemma="|Israelis|" pos="NNPS" wid="22">Israelis</w>
  <w id="23" lemma="|and|" pos="CC" wid="23">and</w>
  <w id="24" lemma="|Palestinians|" pos="NNPS" wid="24">Palestinians</w>
  <w id="25" lemma="|to|" pos="TO" wid="25">to</w>
  <w id="26" lemma="|face|" pos="VB" wid="26">face</w>
  <w id="27" lemma="|they|" pos="PRP$" wid="27">their</w>
  <w id="28" lemma="|future|" pos="NN" wid="28">future</w>
  <w id="29" lemma="|.|" pos="." wid="29">.</w>
</sentence>
<sentence id="22">
  <w id="0" lemma="|May|" pos="NNP" wid="0">May</w>
  <w id="1" lemma="|God|" pos="NNP" wid="1">God</w>
  <w id="2" lemma="|,|" pos="," wid="2">,</w>
  <w id="3" lemma="|through|" pos="IN" wid="3">through</w>
  <w id="4" lemma="|the|" pos="DT" wid="4">the</w>
  <w id="5" lemma="|intercession|" pos="NN" wid="5">intercession</w>
  <w id="6" lemma="|of|" pos="IN" wid="6">of</w>
  <w id="7" lemma="|the|" pos="DT" wid="7">the</w>
  <w id="8" lemma="|Virgin|" pos="NNP" wid="8">Virgin</w>
  <w id="9" lemma="|Mary|" pos="NNP" wid="9">Mary</w>
  <w id="10" lemma="|,|" pos="," wid="10">,</w>
  <w id="11" lemma="|enlighten|" pos="VB" wid="11">enlighten</w>
  <w id="12" lemma="|the|" pos="DT" wid="12">the</w>
  <w id="13" lemma="|mind|" pos="NN" wid="13">mind</w>
  <w id="14" lemma="|and|" pos="CC" wid="14">and</w>
  <w id="15" lemma="|heart|" pos="NN" wid="15">heart</w>
  <w id="16" lemma="|of|" pos="IN" wid="16">of</w>
  <w id="17" lemma="|every|" pos="DT" wid="17">every</w>
  <w id="18" lemma="|person|" pos="NN" wid="18">person</w>
  <w id="19" lemma="|of|" pos="IN" wid="19">of</w>
  <w id="20" lemma="|good|" pos="JJ" wid="20">good</w>
  <w id="21" lemma="|will|" pos="NN" wid="21">will</w>
  <w id="22" lemma="|!|" pos="." wid="22">!</w>
</sentence>
<sentence id="23">
  <w id="0" lemma="|I|" pos="PRP" wid="0">I</w>
  <w id="1" lemma="|also|" pos="RB" wid="1">also</w>
  <w id="2" lemma="|assure|" pos="VBP" wid="2">assure</w>
  <w id="3" lemma="|my|" pos="PRP$" wid="3">my</w>
  <w id="4" lemma="|spiritual|" pos="JJ" wid="4">spiritual</w>
  <w id="5" lemma="|closeness|" pos="NN" wid="5">closeness</w>
  <w id="6" lemma="|to|" pos="TO" wid="6">to</w>
  <w id="7" lemma="|the|" pos="DT" wid="7">the</w>
  <w id="8" lemma="|people|" pos="NNS" wid="8">peoples</w>
  <w id="9" lemma="|strike|" pos="VBN" wid="9">struck</w>
  <w id="10" lemma="|by|" pos="IN" wid="10">by</w>
  <w id="11" lemma="|the|" pos="DT" wid="11">the</w>
  <w id="12" lemma="|fury|" pos="NN" wid="12">fury</w>
  <w id="13" lemma="|unleash|" pos="VBN" wid="13">unleashed</w>
  <w id="14" lemma="|by|" pos="IN" wid="14">by</w>
  <w id="15" lemma="|the|" pos="DT" wid="15">the</w>
  <w id="16" lemma="|Nyiragongo|" pos="NNP" wid="16">Nyiragongo</w>
  <w id="17" lemma="|Volcano|" pos="NNP" wid="17">Volcano</w>
  <w id="18" lemma="|,|" pos="," wid="18">,</w>
  <w id="19" lemma="|in|" pos="IN" wid="19">in</w>
  <w id="20" lemma="|the|" pos="DT" wid="20">the</w>
  <w id="21" lemma="|democratic|" pos="JJ" wid="21">Democratic</w>
  <w id="22" lemma="|republic|" pos="NN" wid="22">Republic</w>
  <w id="23" lemma="|of|" pos="IN" wid="23">of</w>
  <w id="24" lemma="|the|" pos="DT" wid="24">the</w>
  <w id="25" lemma="|Congo|" pos="NNP" wid="25">Congo</w>
  <w id="26" lemma="|,|" pos="," wid="26">,</w>
  <w id="27" lemma="|that|" pos="WDT" wid="27">that</w>
  <w id="28" lemma="|have|" pos="VBZ" wid="28">has</w>
  <w id="29" lemma="|once|" pos="RB" wid="29">once</w>
  <w id="30" lemma="|again|" pos="RB" wid="30">again</w>
  <w id="31" lemma="|become|" pos="VB" wid="31">become</w>
  <w id="32" lemma="|active|" pos="JJ" wid="32">active</w>
  <w id="33" lemma="|,|" pos="," wid="33">,</w>
  <w id="34" lemma="|erupt|" pos="VBG" wid="34">erupting</w>
  <w id="35" lemma="|with|" pos="IN" wid="35">with</w>
  <w id="36" lemma="|unheard|" pos="JJ" wid="36">unheard</w>
  <w id="37" lemma="|of|" pos="IN" wid="37">of</w>
  <w id="38" lemma="|violence|" pos="NN" wid="38">violence</w>
  <w id="39" lemma="|.|" pos="." wid="39">.</w>
</sentence>
<sentence id="24">
  <w id="0" lemma="|let|" pos="VB" wid="0">Let</w>
  <w id="1" lemma="|we|" pos="PRP" wid="1">us</w>
  <w id="2" lemma="|bring|" pos="VB" wid="2">bring</w>
  <w id="3" lemma="|concrete|" pos="JJ" wid="3">concrete</w>
  <w id="4" lemma="|assistance|" pos="NN" wid="4">assistance</w>
  <w id="5" lemma="|to|" pos="TO" wid="5">to</w>
  <w id="6" lemma="|all|" pos="DT" wid="6">all</w>
  <w id="7" lemma="|who|" pos="WP" wid="7">who</w>
  <w id="8" lemma="|be|" pos="VBP" wid="8">are</w>
  <w id="9" lemma="|suffer|" pos="VBG" wid="9">suffering</w>
  <w id="10" lemma="|because|" pos="IN" wid="10">because</w>
  <w id="11" lemma="|of|" pos="IN" wid="11">of</w>
  <w id="12" lemma="|this|" pos="DT" wid="12">this</w>
  <w id="13" lemma="|great|" pos="JJ" wid="13">great</w>
  <w id="14" lemma="|disaster|" pos="NN" wid="14">disaster</w>
  <w id="15" lemma="|!|" pos="." wid="15">!</w>
</sentence>
</corpus>