<corpus id="0">
<sentence id="0">
  <w id="0" lemma="|Dear|" pos="NNP" wid="0">Dear</w>
  <w id="1" lemma="|Brothers|" pos="NNPS" wid="1">Brothers</w>
  <w id="2" lemma="|and|" pos="CC" wid="2">and</w>
  <w id="3" lemma="|sister|" pos="NNS" wid="3">Sisters</w>
  <w id="4" lemma="|,|" pos="," wid="4">,</w>
  <w id="5" lemma="|1|" pos="CD" wid="5">1</w>
  <w id="6" lemma="|.|" pos="." wid="6">.</w>
</sentence>
<sentence id="1">
  <w id="0" lemma="|the|" pos="DT" wid="0">The</w>
  <w id="1" lemma="|day|" pos="NN" wid="1">day</w>
  <w id="2" lemma="|after|" pos="IN" wid="2">after</w>
  <w id="3" lemma="|tomorrow|" pos="NN" wid="3">tomorrow</w>
  <w id="4" lemma="|,|" pos="," wid="4">,</w>
  <w id="5" lemma="|19|" pos="CD" wid="5">19</w>
  <w id="6" lemma="|March|" pos="NNP" wid="6">March</w>
  <w id="7" lemma="|,|" pos="," wid="7">,</w>
  <w id="8" lemma="|we|" pos="PRP" wid="8">we</w>
  <w id="9" lemma="|will|" pos="MD" wid="9">will</w>
  <w id="10" lemma="|celebrate|" pos="VB" wid="10">celebrate</w>
  <w id="11" lemma="|the|" pos="DT" wid="11">the</w>
  <w id="12" lemma="|solemnity|" pos="NN" wid="12">solemnity</w>
  <w id="13" lemma="|of|" pos="IN" wid="13">of</w>
  <w id="14" lemma="|St|" pos="NNP" wid="14">St</w>
  <w id="15" lemma="|Joseph|" pos="NNP" wid="15">Joseph</w>
  <w id="16" lemma="|,|" pos="," wid="16">,</w>
  <w id="17" lemma="|spouse|" pos="NN" wid="17">spouse</w>
  <w id="18" lemma="|of|" pos="IN" wid="18">of</w>
  <w id="19" lemma="|the|" pos="DT" wid="19">the</w>
  <w id="20" lemma="|Virgin|" pos="NNP" wid="20">Virgin</w>
  <w id="21" lemma="|Mary|" pos="NNP" wid="21">Mary</w>
  <w id="22" lemma="|and|" pos="CC" wid="22">and</w>
  <w id="23" lemma="|patron|" pos="NN" wid="23">patron</w>
  <w id="24" lemma="|of|" pos="IN" wid="24">of</w>
  <w id="25" lemma="|the|" pos="DT" wid="25">the</w>
  <w id="26" lemma="|universal|" pos="JJ" wid="26">universal</w>
  <w id="27" lemma="|Church|" pos="NNP" wid="27">Church</w>
  <w id="28" lemma="|.|" pos="." wid="28">.</w>
</sentence>
<sentence id="2">
  <w id="0" lemma="|the|" pos="DT" wid="0">The</w>
  <w id="1" lemma="|extreme|" pos="JJ" wid="1">extreme</w>
  <w id="2" lemma="|discretion|" pos="NN" wid="2">discretion</w>
  <w id="3" lemma="|with|" pos="IN" wid="3">with</w>
  <w id="4" lemma="|which|" pos="WDT" wid="4">which</w>
  <w id="5" lemma="|Joseph|" pos="NNP" wid="5">Joseph</w>
  <w id="6" lemma="|carry|" pos="VBD" wid="6">carried</w>
  <w id="7" lemma="|out|" pos="RP" wid="7">out</w>
  <w id="8" lemma="|the|" pos="DT" wid="8">the</w>
  <w id="9" lemma="|role|" pos="NN" wid="9">role</w>
  <w id="10" lemma="|entrust|" pos="VBN" wid="10">entrusted</w>
  <w id="11" lemma="|to|" pos="TO" wid="11">to</w>
  <w id="12" lemma="|he|" pos="PRP" wid="12">him</w>
  <w id="13" lemma="|by|" pos="IN" wid="13">by</w>
  <w id="14" lemma="|God|" pos="NNP" wid="14">God</w>
  <w id="15" lemma="|highlight|" pos="VBZ" wid="15">highlights</w>
  <w id="16" lemma="|hi|" pos="UH" wid="16">hi</w>
  <w id="17" lemma="|s|" pos="NN" wid="17">s</w>
  <w id="18" lemma="|faith|" pos="NN" wid="18">faith</w>
  <w id="19" lemma="|even|" pos="RB" wid="19">even</w>
  <w id="20" lemma="|more|" pos="RBR" wid="20">more</w>
  <w id="21" lemma="|,|" pos="," wid="21">,</w>
  <w id="22" lemma="|which|" pos="WDT" wid="22">which</w>
  <w id="23" lemma="|consist|" pos="VBD" wid="23">consisted</w>
  <w id="24" lemma="|in|" pos="IN" wid="24">in</w>
  <w id="25" lemma="|always|" pos="RB" wid="25">always</w>
  <w id="26" lemma="|listen|" pos="VBG" wid="26">listening</w>
  <w id="27" lemma="|to|" pos="TO" wid="27">to</w>
  <w id="28" lemma="|the|" pos="DT" wid="28">the</w>
  <w id="29" lemma="|Lord|" pos="NNP" wid="29">Lord</w>
  <w id="30" lemma="|,|" pos="," wid="30">,</w>
  <w id="31" lemma="|seek|" pos="VBG" wid="31">seeking</w>
  <w id="32" lemma="|to|" pos="TO" wid="32">to</w>
  <w id="33" lemma="|understand|" pos="VB" wid="33">understand</w>
  <w id="34" lemma="|he|" pos="PRP$" wid="34">his</w>
  <w id="35" lemma="|will|" pos="NN" wid="35">will</w>
  <w id="36" lemma="|and|" pos="CC" wid="36">and</w>
  <w id="37" lemma="|to|" pos="TO" wid="37">to</w>
  <w id="38" lemma="|obey|" pos="VB" wid="38">obey</w>
  <w id="39" lemma="|it|" pos="PRP" wid="39">it</w>
  <w id="40" lemma="|with|" pos="IN" wid="40">with</w>
  <w id="41" lemma="|he|" pos="PRP$" wid="41">his</w>
  <w id="42" lemma="|whole|" pos="JJ" wid="42">whole</w>
  <w id="43" lemma="|heart|" pos="NN" wid="43">heart</w>
  <w id="44" lemma="|and|" pos="CC" wid="44">and</w>
  <w id="45" lemma="|strength|" pos="NN" wid="45">strength</w>
  <w id="46" lemma="|.|" pos="." wid="46">.</w>
</sentence>
<sentence id="3">
  <w id="0" lemma="|this|" pos="DT" wid="0">This</w>
  <w id="1" lemma="|be|" pos="VBZ" wid="1">is</w>
  <w id="2" lemma="|why|" pos="WRB" wid="2">why</w>
  <w id="3" lemma="|the|" pos="DT" wid="3">the</w>
  <w id="4" lemma="|Gospel|" pos="NNP" wid="4">Gospel</w>
  <w id="5" lemma="|describe|" pos="VBZ" wid="5">describes</w>
  <w id="6" lemma="|he|" pos="PRP" wid="6">him</w>
  <w id="7" lemma="|as|" pos="IN" wid="7">as</w>
  <w id="8" lemma="|a|" pos="DT" wid="8">a</w>
  <w id="9" lemma="|``|" pos="``" wid="9">``</w>
  <w id="10" lemma="|just|" pos="RB" wid="10">just</w>
  <w id="11" lemma="|''|" pos="''" wid="11">''</w>
  <w id="12" lemma="|man|" pos="NN" wid="12">man</w>
  <w id="13" lemma="|-lrb-|" pos="-LRB-" wid="13">-LRB-</w>
  <w id="14" lemma="|mt|" pos="NN" wid="14">Mt</w>
  <w id="15" lemma="|1,19|" pos="CD" wid="15">1,19</w>
  <w id="16" lemma="|-rrb-|" pos="-RRB-" wid="16">-RRB-</w>
  <w id="17" lemma="|.|" pos="." wid="17">.</w>
</sentence>
<sentence id="4">
  <w id="0" lemma="|in|" pos="IN" wid="0">In</w>
  <w id="1" lemma="|fact|" pos="NN" wid="1">fact</w>
  <w id="2" lemma="|,|" pos="," wid="2">,</w>
  <w id="3" lemma="|the|" pos="DT" wid="3">the</w>
  <w id="4" lemma="|just|" pos="JJ" wid="4">just</w>
  <w id="5" lemma="|man|" pos="NN" wid="5">man</w>
  <w id="6" lemma="|be|" pos="VBZ" wid="6">is</w>
  <w id="7" lemma="|the|" pos="DT" wid="7">the</w>
  <w id="8" lemma="|person|" pos="NN" wid="8">person</w>
  <w id="9" lemma="|who|" pos="WP" wid="9">who</w>
  <w id="10" lemma="|pray|" pos="VBZ" wid="10">prays</w>
  <w id="11" lemma="|,|" pos="," wid="11">,</w>
  <w id="12" lemma="|life|" pos="NNS" wid="12">lives</w>
  <w id="13" lemma="|by|" pos="IN" wid="13">by</w>
  <w id="14" lemma="|faith|" pos="NN" wid="14">faith</w>
  <w id="15" lemma="|,|" pos="," wid="15">,</w>
  <w id="16" lemma="|and|" pos="CC" wid="16">and</w>
  <w id="17" lemma="|seek|" pos="VBZ" wid="17">seeks</w>
  <w id="18" lemma="|to|" pos="TO" wid="18">to</w>
  <w id="19" lemma="|do|" pos="VB" wid="19">do</w>
  <w id="20" lemma="|good|" pos="JJ" wid="20">good</w>
  <w id="21" lemma="|in|" pos="IN" wid="21">in</w>
  <w id="22" lemma="|every|" pos="DT" wid="22">every</w>
  <w id="23" lemma="|concrete|" pos="JJ" wid="23">concrete</w>
  <w id="24" lemma="|circumstance|" pos="NN" wid="24">circumstance</w>
  <w id="25" lemma="|of|" pos="IN" wid="25">of</w>
  <w id="26" lemma="|life|" pos="NN" wid="26">life</w>
  <w id="27" lemma="|.|" pos="." wid="27">.</w>
</sentence>
<sentence id="5">
  <w id="0" lemma="|faith|" pos="NN" wid="0">Faith</w>
  <w id="1" lemma="|nourish|" pos="VBN" wid="1">nourished</w>
  <w id="2" lemma="|by|" pos="IN" wid="2">by</w>
  <w id="3" lemma="|prayer|" pos="NN" wid="3">prayer</w>
  <w id="4" lemma="|:|" pos=":" wid="4">:</w>
  <w id="5" lemma="|this|" pos="DT" wid="5">this</w>
  <w id="6" lemma="|be|" pos="VBZ" wid="6">is</w>
  <w id="7" lemma="|the|" pos="DT" wid="7">the</w>
  <w id="8" lemma="|most|" pos="RBS" wid="8">most</w>
  <w id="9" lemma="|precious|" pos="JJ" wid="9">precious</w>
  <w id="10" lemma="|treasure|" pos="NN" wid="10">treasure</w>
  <w id="11" lemma="|that|" pos="IN" wid="11">that</w>
  <w id="12" lemma="|St|" pos="NNP" wid="12">St</w>
  <w id="13" lemma="|Joseph|" pos="NNP" wid="13">Joseph</w>
  <w id="14" lemma="|transmit|" pos="VBZ" wid="14">transmits</w>
  <w id="15" lemma="|to|" pos="TO" wid="15">to</w>
  <w id="16" lemma="|we|" pos="PRP" wid="16">us</w>
  <w id="17" lemma="|.|" pos="." wid="17">.</w>
</sentence>
<sentence id="6">
  <w id="0" lemma="|generation|" pos="NNS" wid="0">Generations</w>
  <w id="1" lemma="|of|" pos="IN" wid="1">of</w>
  <w id="2" lemma="|father|" pos="NNS" wid="2">fathers</w>
  <w id="3" lemma="|have|" pos="VBP" wid="3">have</w>
  <w id="4" lemma="|follow|" pos="VBN" wid="4">followed</w>
  <w id="5" lemma="|in|" pos="IN" wid="5">in</w>
  <w id="6" lemma="|he|" pos="PRP$" wid="6">his</w>
  <w id="7" lemma="|footstep|" pos="NNS" wid="7">footsteps</w>
  <w id="8" lemma="|who|" pos="WP" wid="8">who</w>
  <w id="9" lemma="|,|" pos="," wid="9">,</w>
  <w id="10" lemma="|with|" pos="IN" wid="10">with</w>
  <w id="11" lemma="|the|" pos="DT" wid="11">the</w>
  <w id="12" lemma="|example|" pos="NN" wid="12">example</w>
  <w id="13" lemma="|of|" pos="IN" wid="13">of</w>
  <w id="14" lemma="|a|" pos="DT" wid="14">a</w>
  <w id="15" lemma="|simple|" pos="JJ" wid="15">simple</w>
  <w id="16" lemma="|and|" pos="CC" wid="16">and</w>
  <w id="17" lemma="|laborious|" pos="JJ" wid="17">laborious</w>
  <w id="18" lemma="|life|" pos="NN" wid="18">life</w>
  <w id="19" lemma="|,|" pos="," wid="19">,</w>
  <w id="20" lemma="|imprint|" pos="VBN" wid="20">imprinted</w>
  <w id="21" lemma="|on|" pos="IN" wid="21">on</w>
  <w id="22" lemma="|they|" pos="PRP$" wid="22">their</w>
  <w id="23" lemma="|child|" pos="NNS" wid="23">children</w>
  <w id="24" lemma="|'s|" pos="POS" wid="24">'s</w>
  <w id="25" lemma="|soul|" pos="NNS" wid="25">souls</w>
  <w id="26" lemma="|the|" pos="DT" wid="26">the</w>
  <w id="27" lemma="|inestimable|" pos="JJ" wid="27">inestimable</w>
  <w id="28" lemma="|value|" pos="NN" wid="28">value</w>
  <w id="29" lemma="|of|" pos="IN" wid="29">of</w>
  <w id="30" lemma="|faith|" pos="NN" wid="30">faith</w>
  <w id="31" lemma="|,|" pos="," wid="31">,</w>
  <w id="32" lemma="|without|" pos="IN" wid="32">without</w>
  <w id="33" lemma="|which|" pos="WDT" wid="33">which</w>
  <w id="34" lemma="|every|" pos="DT" wid="34">every</w>
  <w id="35" lemma="|other|" pos="JJ" wid="35">other</w>
  <w id="36" lemma="|good|" pos="NN" wid="36">good</w>
  <w id="37" lemma="|run|" pos="VBZ" wid="37">runs</w>
  <w id="38" lemma="|the|" pos="DT" wid="38">the</w>
  <w id="39" lemma="|risk|" pos="NN" wid="39">risk</w>
  <w id="40" lemma="|of|" pos="IN" wid="40">of</w>
  <w id="41" lemma="|be|" pos="VBG" wid="41">being</w>
  <w id="42" lemma="|in|" pos="IN" wid="42">in</w>
  <w id="43" lemma="|vain|" pos="JJ" wid="43">vain</w>
  <w id="44" lemma="|.|" pos="." wid="44">.</w>
</sentence>
<sentence id="7">
  <w id="0" lemma="|so|" pos="RB" wid="0">So</w>
  <w id="1" lemma="|even|" pos="RB" wid="1">even</w>
  <w id="2" lemma="|now|" pos="RB" wid="2">now</w>
  <w id="3" lemma="|,|" pos="," wid="3">,</w>
  <w id="4" lemma="|I|" pos="PRP" wid="4">I</w>
  <w id="5" lemma="|be|" pos="VBP" wid="5">am</w>
  <w id="6" lemma="|happy|" pos="JJ" wid="6">happy</w>
  <w id="7" lemma="|to|" pos="TO" wid="7">to</w>
  <w id="8" lemma="|assure|" pos="VB" wid="8">assure</w>
  <w id="9" lemma="|all|" pos="DT" wid="9">all</w>
  <w id="10" lemma="|father|" pos="NNS" wid="10">fathers</w>
  <w id="11" lemma="|of|" pos="IN" wid="11">of</w>
  <w id="12" lemma="|a|" pos="DT" wid="12">a</w>
  <w id="13" lemma="|special|" pos="JJ" wid="13">special</w>
  <w id="14" lemma="|prayer|" pos="NN" wid="14">prayer</w>
  <w id="15" lemma="|,|" pos="," wid="15">,</w>
  <w id="16" lemma="|on|" pos="IN" wid="16">on</w>
  <w id="17" lemma="|the|" pos="DT" wid="17">the</w>
  <w id="18" lemma="|day|" pos="NN" wid="18">day</w>
  <w id="19" lemma="|dedicate|" pos="VBN" wid="19">dedicated</w>
  <w id="20" lemma="|to|" pos="TO" wid="20">to</w>
  <w id="21" lemma="|they|" pos="PRP" wid="21">them</w>
  <w id="22" lemma="|:|" pos=":" wid="22">:</w>
  <w id="23" lemma="|I|" pos="PRP" wid="23">I</w>
  <w id="24" lemma="|ask|" pos="VBP" wid="24">ask</w>
  <w id="25" lemma="|God|" pos="NNP" wid="25">God</w>
  <w id="26" lemma="|that|" pos="IN" wid="26">that</w>
  <w id="27" lemma="|they|" pos="PRP" wid="27">they</w>
  <w id="28" lemma="|be|" pos="VB" wid="28">be</w>
  <w id="29" lemma="|man|" pos="NNS" wid="29">men</w>
  <w id="30" lemma="|of|" pos="IN" wid="30">of</w>
  <w id="31" lemma="|a|" pos="DT" wid="31">a</w>
  <w id="32" lemma="|robust|" pos="JJ" wid="32">robust</w>
  <w id="33" lemma="|interior|" pos="NN" wid="33">interior</w>
  <w id="34" lemma="|life|" pos="NN" wid="34">life</w>
  <w id="35" lemma="|,|" pos="," wid="35">,</w>
  <w id="36" lemma="|in|" pos="IN" wid="36">in</w>
  <w id="37" lemma="|order|" pos="NN" wid="37">order</w>
  <w id="38" lemma="|to|" pos="TO" wid="38">to</w>
  <w id="39" lemma="|fulfil|" pos="VB" wid="39">fulfil</w>
  <w id="40" lemma="|they|" pos="PRP$" wid="40">their</w>
  <w id="41" lemma="|mission|" pos="NN" wid="41">mission</w>
  <w id="42" lemma="|in|" pos="IN" wid="42">in</w>
  <w id="43" lemma="|the|" pos="DT" wid="43">the</w>
  <w id="44" lemma="|family|" pos="NN" wid="44">family</w>
  <w id="45" lemma="|and|" pos="CC" wid="45">and</w>
  <w id="46" lemma="|society|" pos="NN" wid="46">society</w>
  <w id="47" lemma="|in|" pos="IN" wid="47">in</w>
  <w id="48" lemma="|a|" pos="DT" wid="48">an</w>
  <w id="49" lemma="|exemplary|" pos="JJ" wid="49">exemplary</w>
  <w id="50" lemma="|way|" pos="NN" wid="50">way</w>
  <w id="51" lemma="|.|" pos="." wid="51">.</w>
</sentence>
<sentence id="8">
  <w id="0" lemma="|2|" pos="CD" wid="0">2</w>
  <w id="1" lemma="|.|" pos="." wid="1">.</w>
</sentence>
<sentence id="9">
  <w id="0" lemma="|on|" pos="IN" wid="0">On</w>
  <w id="1" lemma="|the|" pos="DT" wid="1">the</w>
  <w id="2" lemma="|afternoon|" pos="NN" wid="2">afternoon</w>
  <w id="3" lemma="|of|" pos="IN" wid="3">of</w>
  <w id="4" lemma="|Thursday|" pos="NNP" wid="4">Thursday</w>
  <w id="5" lemma="|,|" pos="," wid="5">,</w>
  <w id="6" lemma="|21|" pos="CD" wid="6">21</w>
  <w id="7" lemma="|March|" pos="NNP" wid="7">March</w>
  <w id="8" lemma="|,|" pos="," wid="8">,</w>
  <w id="9" lemma="|the|" pos="DT" wid="9">the</w>
  <w id="10" lemma="|first|" pos="JJ" wid="10">first</w>
  <w id="11" lemma="|day|" pos="NN" wid="11">day</w>
  <w id="12" lemma="|of|" pos="IN" wid="12">of</w>
  <w id="13" lemma="|spring|" pos="NN" wid="13">spring</w>
  <w id="14" lemma="|,|" pos="," wid="14">,</w>
  <w id="15" lemma="|I|" pos="PRP" wid="15">I</w>
  <w id="16" lemma="|will|" pos="MD" wid="16">will</w>
  <w id="17" lemma="|have|" pos="VB" wid="17">have</w>
  <w id="18" lemma="|the|" pos="DT" wid="18">the</w>
  <w id="19" lemma="|joy|" pos="NN" wid="19">joy</w>
  <w id="20" lemma="|of|" pos="IN" wid="20">of</w>
  <w id="21" lemma="|meeting|" pos="NN" wid="21">meeting</w>
  <w id="22" lemma="|with|" pos="IN" wid="22">with</w>
  <w id="23" lemma="|the|" pos="DT" wid="23">the</w>
  <w id="24" lemma="|young|" pos="JJ" wid="24">young</w>
  <w id="25" lemma="|people|" pos="NNS" wid="25">people</w>
  <w id="26" lemma="|of|" pos="IN" wid="26">of</w>
  <w id="27" lemma="|Rome|" pos="NNP" wid="27">Rome</w>
  <w id="28" lemma="|,|" pos="," wid="28">,</w>
  <w id="29" lemma="|who|" pos="WP" wid="29">who</w>
  <w id="30" lemma="|will|" pos="MD" wid="30">will</w>
  <w id="31" lemma="|gather|" pos="VB" wid="31">gather</w>
  <w id="32" lemma="|in|" pos="IN" wid="32">in</w>
  <w id="33" lemma="|St|" pos="NNP" wid="33">St</w>
  <w id="34" lemma="|Peter|" pos="NNP" wid="34">Peter</w>
  <w id="35" lemma="|'s|" pos="POS" wid="35">'s</w>
  <w id="36" lemma="|Square|" pos="NNP" wid="36">Square</w>
  <w id="37" lemma="|to|" pos="TO" wid="37">to</w>
  <w id="38" lemma="|prepare|" pos="VB" wid="38">prepare</w>
  <w id="39" lemma="|for|" pos="IN" wid="39">for</w>
  <w id="40" lemma="|Palm|" pos="NNP" wid="40">Palm</w>
  <w id="41" lemma="|Sunday|" pos="NNP" wid="41">Sunday</w>
  <w id="42" lemma="|and|" pos="CC" wid="42">and</w>
  <w id="43" lemma="|World|" pos="NNP" wid="43">World</w>
  <w id="44" lemma="|Youth|" pos="NNP" wid="44">Youth</w>
  <w id="45" lemma="|Day|" pos="NNP" wid="45">Day</w>
  <w id="46" lemma="|.|" pos="." wid="46">.</w>
</sentence>
<sentence id="10">
  <w id="0" lemma="|I|" pos="PRP" wid="0">I</w>
  <w id="1" lemma="|invite|" pos="VBP" wid="1">invite</w>
  <w id="2" lemma="|the|" pos="DT" wid="2">the</w>
  <w id="3" lemma="|young|" pos="JJ" wid="3">young</w>
  <w id="4" lemma="|people|" pos="NNS" wid="4">people</w>
  <w id="5" lemma="|of|" pos="IN" wid="5">of</w>
  <w id="6" lemma="|all|" pos="PDT" wid="6">all</w>
  <w id="7" lemma="|the|" pos="DT" wid="7">the</w>
  <w id="8" lemma="|parish|" pos="NNS" wid="8">parishes</w>
  <w id="9" lemma="|of|" pos="IN" wid="9">of</w>
  <w id="10" lemma="|the|" pos="DT" wid="10">the</w>
  <w id="11" lemma="|diocese|" pos="NN" wid="11">diocese</w>
  <w id="12" lemma="|to|" pos="TO" wid="12">to</w>
  <w id="13" lemma="|this|" pos="DT" wid="13">this</w>
  <w id="14" lemma="|appointment|" pos="NN" wid="14">appointment</w>
  <w id="15" lemma="|.|" pos="." wid="15">.</w>
</sentence>
<sentence id="11">
  <w id="0" lemma="|together|" pos="RB" wid="0">Together</w>
  <w id="1" lemma="|we|" pos="PRP" wid="1">we</w>
  <w id="2" lemma="|will|" pos="MD" wid="2">will</w>
  <w id="3" lemma="|reflect|" pos="VB" wid="3">reflect</w>
  <w id="4" lemma="|on|" pos="IN" wid="4">on</w>
  <w id="5" lemma="|the|" pos="DT" wid="5">the</w>
  <w id="6" lemma="|mandate|" pos="NN" wid="6">mandate</w>
  <w id="7" lemma="|that|" pos="IN" wid="7">that</w>
  <w id="8" lemma="|Jesus|" pos="NNP" wid="8">Jesus</w>
  <w id="9" lemma="|entrust|" pos="VBZ" wid="9">entrusts</w>
  <w id="10" lemma="|to|" pos="TO" wid="10">to</w>
  <w id="11" lemma="|every|" pos="DT" wid="11">every</w>
  <w id="12" lemma="|baptize|" pos="VBN" wid="12">baptized</w>
  <w id="13" lemma="|person|" pos="NN" wid="13">person</w>
  <w id="14" lemma="|:|" pos=":" wid="14">:</w>
  <w id="15" lemma="|``|" pos="``" wid="15">``</w>
  <w id="16" lemma="|you|" pos="PRP" wid="16">You</w>
  <w id="17" lemma="|be|" pos="VBP" wid="17">are</w>
  <w id="18" lemma="|the|" pos="DT" wid="18">the</w>
  <w id="19" lemma="|salt|" pos="NN" wid="19">salt</w>
  <w id="20" lemma="|of|" pos="IN" wid="20">of</w>
  <w id="21" lemma="|the|" pos="DT" wid="21">the</w>
  <w id="22" lemma="|earth|" pos="NN" wid="22">earth</w>
  <w id="23" lemma="|...|" pos=":" wid="23">...</w>
  <w id="24" lemma="|you|" pos="PRP" wid="24">you</w>
  <w id="25" lemma="|be|" pos="VBP" wid="25">are</w>
  <w id="26" lemma="|the|" pos="DT" wid="26">the</w>
  <w id="27" lemma="|light|" pos="NN" wid="27">light</w>
  <w id="28" lemma="|of|" pos="IN" wid="28">of</w>
  <w id="29" lemma="|the|" pos="DT" wid="29">the</w>
  <w id="30" lemma="|world|" pos="NN" wid="30">world</w>
  <w id="31" lemma="|''|" pos="''" wid="31">''</w>
  <w id="32" lemma="|-lrb-|" pos="-LRB-" wid="32">-LRB-</w>
  <w id="33" lemma="|mt|" pos="NN" wid="33">Mt</w>
  <w id="34" lemma="|5,13-14|" pos="CD" wid="34">5,13-14</w>
  <w id="35" lemma="|-rrb-|" pos="-RRB-" wid="35">-RRB-</w>
  <w id="36" lemma="|.|" pos="." wid="36">.</w>
</sentence>
<sentence id="12">
  <w id="0" lemma="|3|" pos="LS" wid="0">3</w>
  <w id="1" lemma="|.|" pos="." wid="1">.</w>
</sentence>
<sentence id="13">
  <w id="0" lemma="|while|" pos="IN" wid="0">While</w>
  <w id="1" lemma="|we|" pos="PRP" wid="1">we</w>
  <w id="2" lemma="|think|" pos="VBP" wid="2">think</w>
  <w id="3" lemma="|of|" pos="IN" wid="3">of</w>
  <w id="4" lemma="|these|" pos="DT" wid="4">these</w>
  <w id="5" lemma="|upcome|" pos="VBG" wid="5">upcoming</w>
  <w id="6" lemma="|ecclesial|" pos="JJ" wid="6">ecclesial</w>
  <w id="7" lemma="|event|" pos="NNS" wid="7">events</w>
  <w id="8" lemma="|,|" pos="," wid="8">,</w>
  <w id="9" lemma="|we|" pos="PRP" wid="9">we</w>
  <w id="10" lemma="|look|" pos="VBP" wid="10">look</w>
  <w id="11" lemma="|forward|" pos="RB" wid="11">forward</w>
  <w id="12" lemma="|to|" pos="TO" wid="12">to</w>
  <w id="13" lemma="|Holy|" pos="NNP" wid="13">Holy</w>
  <w id="14" lemma="|Week|" pos="NNP" wid="14">Week</w>
  <w id="15" lemma="|and|" pos="CC" wid="15">and</w>
  <w id="16" lemma="|the|" pos="DT" wid="16">the</w>
  <w id="17" lemma="|solemn|" pos="JJ" wid="17">solemn</w>
  <w id="18" lemma="|rite|" pos="NNS" wid="18">rites</w>
  <w id="19" lemma="|of|" pos="IN" wid="19">of</w>
  <w id="20" lemma="|the|" pos="DT" wid="20">the</w>
  <w id="21" lemma="|Paschal|" pos="NNP" wid="21">Paschal</w>
  <w id="22" lemma="|Triduum|" pos="NNP" wid="22">Triduum</w>
  <w id="23" lemma="|.|" pos="." wid="23">.</w>
</sentence>
<sentence id="14">
  <w id="0" lemma="|May|" pos="NNP" wid="0">May</w>
  <w id="1" lemma="|the|" pos="DT" wid="1">the</w>
  <w id="2" lemma="|Virgin|" pos="NNP" wid="2">Virgin</w>
  <w id="3" lemma="|Mary|" pos="NNP" wid="3">Mary</w>
  <w id="4" lemma="|be|" pos="VB" wid="4">be</w>
  <w id="5" lemma="|with|" pos="IN" wid="5">with</w>
  <w id="6" lemma="|we|" pos="PRP" wid="6">us</w>
  <w id="7" lemma="|in|" pos="IN" wid="7">in</w>
  <w id="8" lemma="|these|" pos="DT" wid="8">these</w>
  <w id="9" lemma="|day|" pos="NNS" wid="9">days</w>
  <w id="10" lemma="|of|" pos="IN" wid="10">of</w>
  <w id="11" lemma="|Lent|" pos="NNP" wid="11">Lent</w>
  <w id="12" lemma="|and|" pos="CC" wid="12">and</w>
  <w id="13" lemma="|make|" pos="VB" wid="13">make</w>
  <w id="14" lemma="|we|" pos="PRP" wid="14">us</w>
  <w id="15" lemma="|experience|" pos="VB" wid="15">experience</w>
  <w id="16" lemma="|she|" pos="PRP" wid="16">her</w>
  <w id="17" lemma="|console|" pos="VBG" wid="17">consoling</w>
  <w id="18" lemma="|protection|" pos="NN" wid="18">protection</w>
  <w id="19" lemma="|.|" pos="." wid="19">.</w>
</sentence>
<sentence id="15">
  <w id="0" lemma="|May|" pos="NNP" wid="0">May</w>
  <w id="1" lemma="|every|" pos="DT" wid="1">every</w>
  <w id="2" lemma="|believer|" pos="NN" wid="2">believer</w>
  <w id="3" lemma="|find|" pos="VB" wid="3">find</w>
  <w id="4" lemma="|in|" pos="IN" wid="4">in</w>
  <w id="5" lemma="|she|" pos="PRP" wid="5">her</w>
  <w id="6" lemma="|a|" pos="DT" wid="6">a</w>
  <w id="7" lemma="|gentle|" pos="JJ" wid="7">gentle</w>
  <w id="8" lemma="|and|" pos="CC" wid="8">and</w>
  <w id="9" lemma="|strong|" pos="JJ" wid="9">strong</w>
  <w id="10" lemma="|guide|" pos="NN" wid="10">guide</w>
  <w id="11" lemma="|to|" pos="TO" wid="11">to</w>
  <w id="12" lemma="|meet|" pos="VB" wid="12">meet</w>
  <w id="13" lemma="|Christ|" pos="NNP" wid="13">Christ</w>
  <w id="14" lemma="|with|" pos="IN" wid="14">with</w>
  <w id="15" lemma="|renew|" pos="VBN" wid="15">renewed</w>
  <w id="16" lemma="|fervour|" pos="NN" wid="16">fervour</w>
  <w id="17" lemma="|in|" pos="IN" wid="17">in</w>
  <w id="18" lemma="|the|" pos="DT" wid="18">the</w>
  <w id="19" lemma="|mystery|" pos="NN" wid="19">mystery</w>
  <w id="20" lemma="|of|" pos="IN" wid="20">of</w>
  <w id="21" lemma="|he|" pos="PRP$" wid="21">his</w>
  <w id="22" lemma="|death|" pos="NN" wid="22">death</w>
  <w id="23" lemma="|and|" pos="CC" wid="23">and</w>
  <w id="24" lemma="|resurrection|" pos="NN" wid="24">resurrection</w>
  <w id="25" lemma="|.|" pos="." wid="25">.</w>
</sentence>
<sentence id="16">
  <w id="0" lemma="|after|" pos="IN" wid="0">After</w>
  <w id="1" lemma="|the|" pos="DT" wid="1">the</w>
  <w id="2" lemma="|Angelus|" pos="NNP" wid="2">Angelus</w>
  <w id="3" lemma="|,|" pos="," wid="3">,</w>
  <w id="4" lemma="|the|" pos="DT" wid="4">the</w>
  <w id="5" lemma="|Holy|" pos="NNP" wid="5">Holy</w>
  <w id="6" lemma="|Father|" pos="NNP" wid="6">Father</w>
  <w id="7" lemma="|ask|" pos="VBD" wid="7">asked</w>
  <w id="8" lemma="|for|" pos="IN" wid="8">for</w>
  <w id="9" lemma="|support|" pos="NN" wid="9">support</w>
  <w id="10" lemma="|for|" pos="IN" wid="10">for</w>
  <w id="11" lemma="|the|" pos="DT" wid="11">the</w>
  <w id="12" lemma="|UN|" pos="NNP" wid="12">UN</w>
  <w id="13" lemma="|Summit|" pos="NNP" wid="13">Summit</w>
  <w id="14" lemma="|that|" pos="WDT" wid="14">that</w>
  <w id="15" lemma="|begin|" pos="VBZ" wid="15">begins</w>
  <w id="16" lemma="|on|" pos="IN" wid="16">on</w>
  <w id="17" lemma="|Monday|" pos="NNP" wid="17">Monday</w>
  <w id="18" lemma="|,|" pos="," wid="18">,</w>
  <w id="19" lemma="|18|" pos="CD" wid="19">18</w>
  <w id="20" lemma="|March|" pos="NNP" wid="20">March</w>
  <w id="21" lemma="|in|" pos="IN" wid="21">in</w>
  <w id="22" lemma="|Mexico|" pos="NNP" wid="22">Mexico</w>
  <w id="23" lemma="|.|" pos="." wid="23">.</w>
</sentence>
<sentence id="17">
  <w id="0" lemma="|the|" pos="DT" wid="0">The</w>
  <w id="1" lemma="|Pope|" pos="NNP" wid="1">Pope</w>
  <w id="2" lemma="|also|" pos="RB" wid="2">also</w>
  <w id="3" lemma="|ask|" pos="VBD" wid="3">asked</w>
  <w id="4" lemma="|for|" pos="IN" wid="4">for</w>
  <w id="5" lemma="|prayer|" pos="NN" wid="5">prayer</w>
  <w id="6" lemma="|for|" pos="IN" wid="6">for</w>
  <w id="7" lemma="|the|" pos="DT" wid="7">the</w>
  <w id="8" lemma="|murder|" pos="VBN" wid="8">murdered</w>
  <w id="9" lemma="|Archbishop|" pos="NNP" wid="9">Archbishop</w>
  <w id="10" lemma="|Isaías|" pos="NNP" wid="10">Isaías</w>
  <w id="11" lemma="|Duarte|" pos="NNP" wid="11">Duarte</w>
  <w id="12" lemma="|Cancino|" pos="NNP" wid="12">Cancino</w>
  <w id="13" lemma="|,|" pos="," wid="13">,</w>
  <w id="14" lemma="|63|" pos="CD" wid="14">63</w>
  <w id="15" lemma="|,|" pos="," wid="15">,</w>
  <w id="16" lemma="|of|" pos="IN" wid="16">of</w>
  <w id="17" lemma="|Calí|" pos="NNP" wid="17">Calí</w>
  <w id="18" lemma="|,|" pos="," wid="18">,</w>
  <w id="19" lemma="|Colombia|" pos="NNP" wid="19">Colombia</w>
  <w id="20" lemma="|,|" pos="," wid="20">,</w>
  <w id="21" lemma="|kill|" pos="VBN" wid="21">killed</w>
  <w id="22" lemma="|on|" pos="IN" wid="22">on</w>
  <w id="23" lemma="|Saturday|" pos="NNP" wid="23">Saturday</w>
  <w id="24" lemma="|.|" pos="." wid="24">.</w>
</sentence>
<sentence id="18">
  <w id="0" lemma="|in|" pos="IN" wid="0">In</w>
  <w id="1" lemma="|these|" pos="DT" wid="1">these</w>
  <w id="2" lemma="|next|" pos="JJ" wid="2">next</w>
  <w id="3" lemma="|day|" pos="NNS" wid="3">days</w>
  <w id="4" lemma="|,|" pos="," wid="4">,</w>
  <w id="5" lemma="|a|" pos="DT" wid="5">an</w>
  <w id="6" lemma="|event|" pos="NN" wid="6">event</w>
  <w id="7" lemma="|of|" pos="IN" wid="7">of</w>
  <w id="8" lemma="|great|" pos="JJ" wid="8">great</w>
  <w id="9" lemma="|importance|" pos="NN" wid="9">importance</w>
  <w id="10" lemma="|will|" pos="MD" wid="10">will</w>
  <w id="11" lemma="|take|" pos="VB" wid="11">take</w>
  <w id="12" lemma="|place|" pos="NN" wid="12">place</w>
  <w id="13" lemma="|at|" pos="IN" wid="13">at</w>
  <w id="14" lemma="|Monterrey|" pos="NNP" wid="14">Monterrey</w>
  <w id="15" lemma="|,|" pos="," wid="15">,</w>
  <w id="16" lemma="|Mexico|" pos="NNP" wid="16">Mexico</w>
  <w id="17" lemma="|,|" pos="," wid="17">,</w>
  <w id="18" lemma="|the|" pos="DT" wid="18">the</w>
  <w id="19" lemma="|International|" pos="NNP" wid="19">International</w>
  <w id="20" lemma="|Conference|" pos="NNP" wid="20">Conference</w>
  <w id="21" lemma="|on|" pos="IN" wid="21">on</w>
  <w id="22" lemma="|Financing|" pos="NNP" wid="22">Financing</w>
  <w id="23" lemma="|for|" pos="IN" wid="23">for</w>
  <w id="24" lemma="|Development|" pos="NNP" wid="24">Development</w>
  <w id="25" lemma="|.|" pos="." wid="25">.</w>
</sentence>
<sentence id="19">
  <w id="0" lemma="|I|" pos="PRP" wid="0">I</w>
  <w id="1" lemma="|ask|" pos="VBP" wid="1">ask</w>
  <w id="2" lemma="|everyone|" pos="NN" wid="2">everyone</w>
  <w id="3" lemma="|to|" pos="TO" wid="3">to</w>
  <w id="4" lemma="|pray|" pos="VB" wid="4">pray</w>
  <w id="5" lemma="|so|" pos="RB" wid="5">so</w>
  <w id="6" lemma="|that|" pos="IN" wid="6">that</w>
  <w id="7" lemma="|the|" pos="DT" wid="7">the</w>
  <w id="8" lemma="|international|" pos="JJ" wid="8">international</w>
  <w id="9" lemma="|community|" pos="NN" wid="9">community</w>
  <w id="10" lemma="|will|" pos="MD" wid="10">will</w>
  <w id="11" lemma="|respond|" pos="VB" wid="11">respond</w>
  <w id="12" lemma="|with|" pos="IN" wid="12">with</w>
  <w id="13" lemma="|a|" pos="DT" wid="13">a</w>
  <w id="14" lemma="|generous|" pos="JJ" wid="14">generous</w>
  <w id="15" lemma="|and|" pos="CC" wid="15">and</w>
  <w id="16" lemma="|determined|" pos="JJ" wid="16">determined</w>
  <w id="17" lemma="|commitment|" pos="NN" wid="17">commitment</w>
  <w id="18" lemma="|to|" pos="TO" wid="18">to</w>
  <w id="19" lemma="|the|" pos="DT" wid="19">the</w>
  <w id="20" lemma="|immense|" pos="JJ" wid="20">immense</w>
  <w id="21" lemma="|need|" pos="NNS" wid="21">needs</w>
  <w id="22" lemma="|of|" pos="IN" wid="22">of</w>
  <w id="23" lemma="|so|" pos="RB" wid="23">so</w>
  <w id="24" lemma="|many|" pos="JJ" wid="24">many</w>
  <w id="25" lemma="|brethren|" pos="NNS" wid="25">brethren</w>
  <w id="26" lemma="|who|" pos="WP" wid="26">who</w>
  <w id="27" lemma="|live|" pos="VBP" wid="27">live</w>
  <w id="28" lemma="|in|" pos="IN" wid="28">in</w>
  <w id="29" lemma="|a|" pos="DT" wid="29">a</w>
  <w id="30" lemma="|poverty|" pos="NN" wid="30">poverty</w>
  <w id="31" lemma="|that|" pos="IN" wid="31">that</w>
  <w id="32" lemma="|wound|" pos="NNS" wid="32">wounds</w>
  <w id="33" lemma="|human|" pos="JJ" wid="33">human</w>
  <w id="34" lemma="|dignity|" pos="NN" wid="34">dignity</w>
  <w id="35" lemma="|.|" pos="." wid="35">.</w>
</sentence>
<sentence id="20">
  <w id="0" lemma="|in|" pos="IN" wid="0">In</w>
  <w id="1" lemma="|this|" pos="DT" wid="1">this</w>
  <w id="2" lemma="|connection|" pos="NN" wid="2">connection</w>
  <w id="3" lemma="|,|" pos="," wid="3">,</w>
  <w id="4" lemma="|I|" pos="PRP" wid="4">I</w>
  <w id="5" lemma="|wish|" pos="VBP" wid="5">wish</w>
  <w id="6" lemma="|to|" pos="TO" wid="6">to</w>
  <w id="7" lemma="|recall|" pos="VB" wid="7">recall</w>
  <w id="8" lemma="|that|" pos="IN" wid="8">that</w>
  <w id="9" lemma="|35|" pos="CD" wid="9">35</w>
  <w id="10" lemma="|year|" pos="NNS" wid="10">years</w>
  <w id="11" lemma="|ago|" pos="RB" wid="11">ago</w>
  <w id="12" lemma="|,|" pos="," wid="12">,</w>
  <w id="13" lemma="|in|" pos="IN" wid="13">in</w>
  <w id="14" lemma="|the|" pos="DT" wid="14">the</w>
  <w id="15" lemma="|month|" pos="NN" wid="15">month</w>
  <w id="16" lemma="|of|" pos="IN" wid="16">of</w>
  <w id="17" lemma="|March|" pos="NNP" wid="17">March</w>
  <w id="18" lemma="|,|" pos="," wid="18">,</w>
  <w id="19" lemma="|the|" pos="DT" wid="19">the</w>
  <w id="20" lemma="|Church|" pos="NNP" wid="20">Church</w>
  <w id="21" lemma="|publish|" pos="VBD" wid="21">published</w>
  <w id="22" lemma="|a|" pos="DT" wid="22">a</w>
  <w id="23" lemma="|very|" pos="RB" wid="23">very</w>
  <w id="24" lemma="|important|" pos="JJ" wid="24">important</w>
  <w id="25" lemma="|document|" pos="NN" wid="25">document</w>
  <w id="26" lemma="|,|" pos="," wid="26">,</w>
  <w id="27" lemma="|the|" pos="DT" wid="27">the</w>
  <w id="28" lemma="|Encyclical|" pos="NNP" wid="28">Encyclical</w>
  <w id="29" lemma="|Populorum|" pos="NNP" wid="29">Populorum</w>
  <w id="30" lemma="|Progressio|" pos="NNP" wid="30">Progressio</w>
  <w id="31" lemma="|,|" pos="," wid="31">,</w>
  <w id="32" lemma="|in|" pos="IN" wid="32">in</w>
  <w id="33" lemma="|which|" pos="WDT" wid="33">which</w>
  <w id="34" lemma="|my|" pos="PRP$" wid="34">my</w>
  <w id="35" lemma="|venerated|" pos="JJ" wid="35">venerated</w>
  <w id="36" lemma="|Predecessor|" pos="NNP" wid="36">Predecessor</w>
  <w id="37" lemma="|Paul|" pos="NNP" wid="37">Paul</w>
  <w id="38" lemma="|VI|" pos="NNP" wid="38">VI</w>
  <w id="39" lemma="|point|" pos="VBD" wid="39">pointed</w>
  <w id="40" lemma="|out|" pos="RP" wid="40">out</w>
  <w id="41" lemma="|the|" pos="DT" wid="41">the</w>
  <w id="42" lemma="|way|" pos="NN" wid="42">way</w>
  <w id="43" lemma="|toward|" pos="IN" wid="43">toward</w>
  <w id="44" lemma="|humanity|" pos="NN" wid="44">humanity</w>
  <w id="45" lemma="|'s|" pos="POS" wid="45">'s</w>
  <w id="46" lemma="|common|" pos="JJ" wid="46">common</w>
  <w id="47" lemma="|progress|" pos="NN" wid="47">progress</w>
  <w id="48" lemma="|,|" pos="," wid="48">,</w>
  <w id="49" lemma="|affirm|" pos="VBG" wid="49">affirming</w>
  <w id="50" lemma="|that|" pos="IN" wid="50">that</w>
  <w id="51" lemma="|``|" pos="``" wid="51">``</w>
  <w id="52" lemma="|development|" pos="NN" wid="52">development</w>
  <w id="53" lemma="|be|" pos="VBZ" wid="53">is</w>
  <w id="54" lemma="|the|" pos="DT" wid="54">the</w>
  <w id="55" lemma="|new|" pos="JJ" wid="55">new</w>
  <w id="56" lemma="|name|" pos="NN" wid="56">name</w>
  <w id="57" lemma="|of|" pos="IN" wid="57">of</w>
  <w id="58" lemma="|peace|" pos="NN" wid="58">peace</w>
  <w id="59" lemma="|''|" pos="''" wid="59">''</w>
  <w id="60" lemma="|.|" pos="." wid="60">.</w>
</sentence>
<sentence id="21">
  <w id="0" lemma="|from|" pos="IN" wid="0">From</w>
  <w id="1" lemma="|Colombia|" pos="NNP" wid="1">Colombia</w>
  <w id="2" lemma="|come|" pos="VBZ" wid="2">comes</w>
  <w id="3" lemma="|the|" pos="DT" wid="3">the</w>
  <w id="4" lemma="|sad|" pos="JJ" wid="4">sad</w>
  <w id="5" lemma="|news|" pos="NN" wid="5">news</w>
  <w id="6" lemma="|of|" pos="IN" wid="6">of</w>
  <w id="7" lemma="|the|" pos="DT" wid="7">the</w>
  <w id="8" lemma="|death|" pos="NN" wid="8">death</w>
  <w id="9" lemma="|of|" pos="IN" wid="9">of</w>
  <w id="10" lemma="|Archbishop|" pos="NNP" wid="10">Archbishop</w>
  <w id="11" lemma="|Isaías|" pos="NNP" wid="11">Isaías</w>
  <w id="12" lemma="|Duarte|" pos="NNP" wid="12">Duarte</w>
  <w id="13" lemma="|Cancino|" pos="NNP" wid="13">Cancino</w>
  <w id="14" lemma="|of|" pos="IN" wid="14">of</w>
  <w id="15" lemma="|Calí|" pos="NNP" wid="15">Calí</w>
  <w id="16" lemma="|,|" pos="," wid="16">,</w>
  <w id="17" lemma="|barbarously|" pos="RB" wid="17">barbarously</w>
  <w id="18" lemma="|assassinate|" pos="VBN" wid="18">assassinated</w>
  <w id="19" lemma="|as|" pos="IN" wid="19">as</w>
  <w id="20" lemma="|he|" pos="PRP" wid="20">he</w>
  <w id="21" lemma="|emerge|" pos="VBD" wid="21">emerged</w>
  <w id="22" lemma="|from|" pos="IN" wid="22">from</w>
  <w id="23" lemma="|the|" pos="DT" wid="23">the</w>
  <w id="24" lemma="|parish|" pos="NN" wid="24">parish</w>
  <w id="25" lemma="|of|" pos="IN" wid="25">of</w>
  <w id="26" lemma="|the|" pos="DT" wid="26">the</w>
  <w id="27" lemma="|Good|" pos="NNP" wid="27">Good</w>
  <w id="28" lemma="|Shepherd|" pos="NNP" wid="28">Shepherd</w>
  <w id="29" lemma="|after|" pos="IN" wid="29">after</w>
  <w id="30" lemma="|have|" pos="VBG" wid="30">having</w>
  <w id="31" lemma="|celebrate|" pos="VBN" wid="31">celebrated</w>
  <w id="32" lemma="|numerous|" pos="JJ" wid="32">numerous</w>
  <w id="33" lemma="|marriage|" pos="NNS" wid="33">marriages</w>
  <w id="34" lemma="|.|" pos="." wid="34">.</w>
</sentence>
<sentence id="22">
  <w id="0" lemma="|he|" pos="PRP" wid="0">He</w>
  <w id="1" lemma="|be|" pos="VBD" wid="1">was</w>
  <w id="2" lemma="|a|" pos="DT" wid="2">a</w>
  <w id="3" lemma="|generous|" pos="JJ" wid="3">generous</w>
  <w id="4" lemma="|and|" pos="CC" wid="4">and</w>
  <w id="5" lemma="|courageous|" pos="JJ" wid="5">courageous</w>
  <w id="6" lemma="|pastor|" pos="NN" wid="6">pastor</w>
  <w id="7" lemma="|in|" pos="IN" wid="7">in</w>
  <w id="8" lemma="|announce|" pos="VBG" wid="8">announcing</w>
  <w id="9" lemma="|the|" pos="DT" wid="9">the</w>
  <w id="10" lemma="|Good|" pos="NNP" wid="10">Good</w>
  <w id="11" lemma="|News|" pos="NNP" wid="11">News</w>
  <w id="12" lemma="|,|" pos="," wid="12">,</w>
  <w id="13" lemma="|he|" pos="PRP" wid="13">he</w>
  <w id="14" lemma="|pay|" pos="VBD" wid="14">paid</w>
  <w id="15" lemma="|such|" pos="PDT" wid="15">such</w>
  <w id="16" lemma="|a|" pos="DT" wid="16">a</w>
  <w id="17" lemma="|high|" pos="JJ" wid="17">high</w>
  <w id="18" lemma="|price|" pos="NN" wid="18">price</w>
  <w id="19" lemma="|for|" pos="IN" wid="19">for</w>
  <w id="20" lemma="|he|" pos="PRP$" wid="20">his</w>
  <w id="21" lemma="|energetic|" pos="JJ" wid="21">energetic</w>
  <w id="22" lemma="|defence|" pos="NN" wid="22">defence</w>
  <w id="23" lemma="|of|" pos="IN" wid="23">of</w>
  <w id="24" lemma="|human|" pos="JJ" wid="24">human</w>
  <w id="25" lemma="|life|" pos="NN" wid="25">life</w>
  <w id="26" lemma="|,|" pos="," wid="26">,</w>
  <w id="27" lemma="|he|" pos="PRP$" wid="27">his</w>
  <w id="28" lemma="|firm|" pos="JJ" wid="28">firm</w>
  <w id="29" lemma="|opposition|" pos="NN" wid="29">opposition</w>
  <w id="30" lemma="|to|" pos="TO" wid="30">to</w>
  <w id="31" lemma="|all|" pos="DT" wid="31">all</w>
  <w id="32" lemma="|kind|" pos="NNS" wid="32">kinds</w>
  <w id="33" lemma="|of|" pos="IN" wid="33">of</w>
  <w id="34" lemma="|violence|" pos="NN" wid="34">violence</w>
  <w id="35" lemma="|,|" pos="," wid="35">,</w>
  <w id="36" lemma="|and|" pos="CC" wid="36">and</w>
  <w id="37" lemma="|he|" pos="PRP$" wid="37">his</w>
  <w id="38" lemma="|dedication|" pos="NN" wid="38">dedication</w>
  <w id="39" lemma="|to|" pos="TO" wid="39">to</w>
  <w id="40" lemma="|social|" pos="JJ" wid="40">social</w>
  <w id="41" lemma="|development|" pos="NN" wid="41">development</w>
  <w id="42" lemma="|as|" pos="IN" wid="42">as</w>
  <w id="43" lemma="|root|" pos="VBN" wid="43">rooted</w>
  <w id="44" lemma="|in|" pos="IN" wid="44">in</w>
  <w id="45" lemma="|the|" pos="DT" wid="45">the</w>
  <w id="46" lemma="|Gospel|" pos="NNP" wid="46">Gospel</w>
  <w id="47" lemma="|.|" pos="." wid="47">.</w>
</sentence>
<sentence id="23">
  <w id="0" lemma="|while|" pos="IN" wid="0">While</w>
  <w id="1" lemma="|I|" pos="PRP" wid="1">I</w>
  <w id="2" lemma="|offer|" pos="VBP" wid="2">offer</w>
  <w id="3" lemma="|prayer|" pos="NN" wid="3">prayer</w>
  <w id="4" lemma="|for|" pos="IN" wid="4">for</w>
  <w id="5" lemma="|the|" pos="DT" wid="5">the</w>
  <w id="6" lemma="|eternal|" pos="JJ" wid="6">eternal</w>
  <w id="7" lemma="|rest|" pos="NN" wid="7">rest</w>
  <w id="8" lemma="|of|" pos="IN" wid="8">of</w>
  <w id="9" lemma="|the|" pos="DT" wid="9">the</w>
  <w id="10" lemma="|deceased|" pos="JJ" wid="10">deceased</w>
  <w id="11" lemma="|prelate|" pos="NN" wid="11">prelate</w>
  <w id="12" lemma="|and|" pos="CC" wid="12">and</w>
  <w id="13" lemma="|express|" pos="VB" wid="13">express</w>
  <w id="14" lemma="|my|" pos="PRP$" wid="14">my</w>
  <w id="15" lemma="|closeness|" pos="NN" wid="15">closeness</w>
  <w id="16" lemma="|to|" pos="TO" wid="16">to</w>
  <w id="17" lemma="|the|" pos="DT" wid="17">the</w>
  <w id="18" lemma="|colombian|" pos="JJ" wid="18">Colombian</w>
  <w id="19" lemma="|church|" pos="NN" wid="19">Church</w>
  <w id="20" lemma="|that|" pos="WDT" wid="20">that</w>
  <w id="21" lemma="|weep|" pos="VBZ" wid="21">weeps</w>
  <w id="22" lemma="|over|" pos="IN" wid="22">over</w>
  <w id="23" lemma="|he|" pos="PRP$" wid="23">his</w>
  <w id="24" lemma="|tragic|" pos="JJ" wid="24">tragic</w>
  <w id="25" lemma="|demise|" pos="NN" wid="25">demise</w>
  <w id="26" lemma="|,|" pos="," wid="26">,</w>
  <w id="27" lemma="|I|" pos="PRP" wid="27">I</w>
  <w id="28" lemma="|exhort|" pos="VBP" wid="28">exhort</w>
  <w id="29" lemma="|Colombians|" pos="NNPS" wid="29">Colombians</w>
  <w id="30" lemma="|once|" pos="RB" wid="30">once</w>
  <w id="31" lemma="|again|" pos="RB" wid="31">again</w>
  <w id="32" lemma="|to|" pos="TO" wid="32">to</w>
  <w id="33" lemma="|continue|" pos="VB" wid="33">continue</w>
  <w id="34" lemma="|on|" pos="IN" wid="34">on</w>
  <w id="35" lemma="|the|" pos="DT" wid="35">the</w>
  <w id="36" lemma="|path|" pos="NNS" wid="36">paths</w>
  <w id="37" lemma="|of|" pos="IN" wid="37">of</w>
  <w id="38" lemma="|dialogue|" pos="NN" wid="38">dialogue</w>
  <w id="39" lemma="|,|" pos="," wid="39">,</w>
  <w id="40" lemma="|reject|" pos="VBG" wid="40">rejecting</w>
  <w id="41" lemma="|all|" pos="DT" wid="41">all</w>
  <w id="42" lemma="|kind|" pos="NNS" wid="42">kinds</w>
  <w id="43" lemma="|of|" pos="IN" wid="43">of</w>
  <w id="44" lemma="|violence|" pos="NN" wid="44">violence</w>
  <w id="45" lemma="|,|" pos="," wid="45">,</w>
  <w id="46" lemma="|blackmail|" pos="VB" wid="46">blackmail</w>
  <w id="47" lemma="|and|" pos="CC" wid="47">and</w>
  <w id="48" lemma="|kidnapping|" pos="NN" wid="48">kidnapping</w>
  <w id="49" lemma="|of|" pos="IN" wid="49">of</w>
  <w id="50" lemma="|people|" pos="NNS" wid="50">people</w>
  <w id="51" lemma="|and|" pos="CC" wid="51">and</w>
  <w id="52" lemma="|to|" pos="TO" wid="52">to</w>
  <w id="53" lemma="|commit|" pos="VB" wid="53">commit</w>
  <w id="54" lemma="|themselves|" pos="PRP" wid="54">themselves</w>
  <w id="55" lemma="|to|" pos="TO" wid="55">to</w>
  <w id="56" lemma="|authentic|" pos="JJ" wid="56">authentic</w>
  <w id="57" lemma="|way|" pos="NNS" wid="57">ways</w>
  <w id="58" lemma="|of|" pos="IN" wid="58">of</w>
  <w id="59" lemma="|peace|" pos="NN" wid="59">peace</w>
  <w id="60" lemma="|.|" pos="." wid="60">.</w>
</sentence>
</corpus>