<corpus id="0">
<sentence id="0">
  <w id="0" lemma="|Dear|" pos="NNP" wid="0">Dear</w>
  <w id="1" lemma="|Brothers|" pos="NNPS" wid="1">Brothers</w>
  <w id="2" lemma="|and|" pos="CC" wid="2">and</w>
  <w id="3" lemma="|sister|" pos="NNS" wid="3">Sisters</w>
  <w id="4" lemma="|,|" pos="," wid="4">,</w>
  <w id="5" lemma="|1|" pos="CD" wid="5">1</w>
  <w id="6" lemma="|.|" pos="." wid="6">.</w>
</sentence>
<sentence id="1">
  <w id="0" lemma="|at|" pos="IN" wid="0">At</w>
  <w id="1" lemma="|this|" pos="DT" wid="1">this</w>
  <w id="2" lemma="|time|" pos="NN" wid="2">time</w>
  <w id="3" lemma="|a|" pos="DT" wid="3">a</w>
  <w id="4" lemma="|great|" pos="JJ" wid="4">great</w>
  <w id="5" lemma="|many|" pos="JJ" wid="5">many</w>
  <w id="6" lemma="|people|" pos="NNS" wid="6">people</w>
  <w id="7" lemma="|be|" pos="VBP" wid="7">are</w>
  <w id="8" lemma="|come|" pos="VBG" wid="8">coming</w>
  <w id="9" lemma="|back|" pos="RB" wid="9">back</w>
  <w id="10" lemma="|from|" pos="IN" wid="10">from</w>
  <w id="11" lemma="|they|" pos="PRP$" wid="11">their</w>
  <w id="12" lemma="|holiday|" pos="NNS" wid="12">holidays</w>
  <w id="13" lemma="|to|" pos="TO" wid="13">to</w>
  <w id="14" lemma="|return|" pos="VB" wid="14">return</w>
  <w id="15" lemma="|to|" pos="TO" wid="15">to</w>
  <w id="16" lemma="|ordinary|" pos="JJ" wid="16">ordinary</w>
  <w id="17" lemma="|life|" pos="NN" wid="17">life</w>
  <w id="18" lemma="|.|" pos="." wid="18">.</w>
</sentence>
<sentence id="2">
  <w id="0" lemma="|I|" pos="PRP" wid="0">I</w>
  <w id="1" lemma="|wish|" pos="VBP" wid="1">wish</w>
  <w id="2" lemma="|everyone|" pos="NN" wid="2">everyone</w>
  <w id="3" lemma="|on|" pos="IN" wid="3">on</w>
  <w id="4" lemma="|the|" pos="DT" wid="4">the</w>
  <w id="5" lemma="|road|" pos="NN" wid="5">road</w>
  <w id="6" lemma="|a|" pos="DT" wid="6">a</w>
  <w id="7" lemma="|peaceful|" pos="JJ" wid="7">peaceful</w>
  <w id="8" lemma="|trip|" pos="NN" wid="8">trip</w>
  <w id="9" lemma="|,|" pos="," wid="9">,</w>
  <w id="10" lemma="|undertake|" pos="VBN" wid="10">undertaken</w>
  <w id="11" lemma="|with|" pos="IN" wid="11">with</w>
  <w id="12" lemma="|the|" pos="DT" wid="12">the</w>
  <w id="13" lemma="|always|" pos="RB" wid="13">always</w>
  <w id="14" lemma="|necessary|" pos="JJ" wid="14">necessary</w>
  <w id="15" lemma="|prudence|" pos="NN" wid="15">prudence</w>
  <w id="16" lemma="|,|" pos="," wid="16">,</w>
  <w id="17" lemma="|which|" pos="WDT" wid="17">which</w>
  <w id="18" lemma="|be|" pos="VBZ" wid="18">is</w>
  <w id="19" lemma="|essential|" pos="JJ" wid="19">essential</w>
  <w id="20" lemma="|on|" pos="IN" wid="20">on</w>
  <w id="21" lemma="|these|" pos="DT" wid="21">these</w>
  <w id="22" lemma="|day|" pos="NNS" wid="22">days</w>
  <w id="23" lemma="|of|" pos="IN" wid="23">of</w>
  <w id="24" lemma="|intense|" pos="JJ" wid="24">intense</w>
  <w id="25" lemma="|traffic|" pos="NN" wid="25">traffic</w>
  <w id="26" lemma="|.|" pos="." wid="26">.</w>
</sentence>
<sentence id="3">
  <w id="0" lemma="|I|" pos="PRP" wid="0">I</w>
  <w id="1" lemma="|be|" pos="VBP" wid="1">am</w>
  <w id="2" lemma="|try|" pos="VBG" wid="2">trying</w>
  <w id="3" lemma="|to|" pos="TO" wid="3">to</w>
  <w id="4" lemma="|imagine|" pos="VB" wid="4">imagine</w>
  <w id="5" lemma="|what|" pos="WP" wid="5">what</w>
  <w id="6" lemma="|go|" pos="VBZ" wid="6">goes</w>
  <w id="7" lemma="|on|" pos="RP" wid="7">on</w>
  <w id="8" lemma="|in|" pos="IN" wid="8">in</w>
  <w id="9" lemma="|the|" pos="DT" wid="9">the</w>
  <w id="10" lemma="|mind|" pos="NN" wid="10">mind</w>
  <w id="11" lemma="|of|" pos="IN" wid="11">of</w>
  <w id="12" lemma="|those|" pos="DT" wid="12">those</w>
  <w id="13" lemma="|return|" pos="VBG" wid="13">returning</w>
  <w id="14" lemma="|from|" pos="IN" wid="14">from</w>
  <w id="15" lemma="|a|" pos="DT" wid="15">a</w>
  <w id="16" lemma="|period|" pos="NN" wid="16">period</w>
  <w id="17" lemma="|of|" pos="IN" wid="17">of</w>
  <w id="18" lemma="|relaxation|" pos="NN" wid="18">relaxation</w>
  <w id="19" lemma="|,|" pos="," wid="19">,</w>
  <w id="20" lemma="|particularly|" pos="RB" wid="20">particularly</w>
  <w id="21" lemma="|one|" pos="CD" wid="21">one</w>
  <w id="22" lemma="|long|" pos="RB" wid="22">long</w>
  <w id="23" lemma="|desire|" pos="VBN" wid="23">desired</w>
  <w id="24" lemma="|and|" pos="CC" wid="24">and</w>
  <w id="25" lemma="|now|" pos="RB" wid="25">now</w>
  <w id="26" lemma="|already|" pos="RB" wid="26">already</w>
  <w id="27" lemma="|over|" pos="RB" wid="27">over</w>
  <w id="28" lemma="|.|" pos="." wid="28">.</w>
</sentence>
<sentence id="4">
  <w id="0" lemma="|perhaps|" pos="RB" wid="0">Perhaps</w>
  <w id="1" lemma="|they|" pos="PRP" wid="1">they</w>
  <w id="2" lemma="|be|" pos="VBP" wid="2">are</w>
  <w id="3" lemma="|fill|" pos="VBN" wid="3">filled</w>
  <w id="4" lemma="|with|" pos="IN" wid="4">with</w>
  <w id="5" lemma="|mixed|" pos="JJ" wid="5">mixed</w>
  <w id="6" lemma="|feeling|" pos="NNS" wid="6">feelings</w>
  <w id="7" lemma="|:|" pos=":" wid="7">:</w>
  <w id="8" lemma="|joy|" pos="NN" wid="8">joy</w>
  <w id="9" lemma="|and|" pos="CC" wid="9">and</w>
  <w id="10" lemma="|nostalgia|" pos="NN" wid="10">nostalgia</w>
  <w id="11" lemma="|,|" pos="," wid="11">,</w>
  <w id="12" lemma="|pleasant|" pos="JJ" wid="12">pleasant</w>
  <w id="13" lemma="|and|" pos="CC" wid="13">and</w>
  <w id="14" lemma="|unpleasant|" pos="JJ" wid="14">unpleasant</w>
  <w id="15" lemma="|memory|" pos="NNS" wid="15">memories</w>
  <w id="16" lemma="|,|" pos="," wid="16">,</w>
  <w id="17" lemma="|even|" pos="RB" wid="17">even</w>
  <w id="18" lemma="|a|" pos="DT" wid="18">a</w>
  <w id="19" lemma="|sense|" pos="NN" wid="19">sense</w>
  <w id="20" lemma="|of|" pos="IN" wid="20">of</w>
  <w id="21" lemma="|disappointment|" pos="NN" wid="21">disappointment</w>
  <w id="22" lemma="|.|" pos="." wid="22">.</w>
</sentence>
<sentence id="5">
  <w id="0" lemma="|right|" pos="RB" wid="0">Right</w>
  <w id="1" lemma="|away|" pos="RB" wid="1">away</w>
  <w id="2" lemma="|we|" pos="PRP" wid="2">we</w>
  <w id="3" lemma="|be|" pos="VBP" wid="3">are</w>
  <w id="4" lemma="|wrestle|" pos="VBG" wid="4">wrestling</w>
  <w id="5" lemma="|again|" pos="RB" wid="5">again</w>
  <w id="6" lemma="|with|" pos="IN" wid="6">with</w>
  <w id="7" lemma="|habitual|" pos="JJ" wid="7">habitual</w>
  <w id="8" lemma="|worry|" pos="NNS" wid="8">worries</w>
  <w id="9" lemma="|and|" pos="CC" wid="9">and</w>
  <w id="10" lemma="|the|" pos="DT" wid="10">the</w>
  <w id="11" lemma="|usual|" pos="JJ" wid="11">usual</w>
  <w id="12" lemma="|annoyance|" pos="NNS" wid="12">annoyances</w>
  <w id="13" lemma="|.|" pos="." wid="13">.</w>
</sentence>
<sentence id="6">
  <w id="0" lemma="|in|" pos="IN" wid="0">In</w>
  <w id="1" lemma="|short|" pos="JJ" wid="1">short</w>
  <w id="2" lemma="|,|" pos="," wid="2">,</w>
  <w id="3" lemma="|we|" pos="PRP" wid="3">we</w>
  <w id="4" lemma="|return|" pos="VBP" wid="4">return</w>
  <w id="5" lemma="|to|" pos="TO" wid="5">to</w>
  <w id="6" lemma="|everyday|" pos="JJ" wid="6">everyday</w>
  <w id="7" lemma="|reality|" pos="NN" wid="7">reality</w>
  <w id="8" lemma="|,|" pos="," wid="8">,</w>
  <w id="9" lemma="|with|" pos="IN" wid="9">with</w>
  <w id="10" lemma="|its|" pos="PRP$" wid="10">its</w>
  <w id="11" lemma="|concreteness|" pos="NN" wid="11">concreteness</w>
  <w id="12" lemma="|,|" pos="," wid="12">,</w>
  <w id="13" lemma="|its|" pos="PRP$" wid="13">its</w>
  <w id="14" lemma="|problem|" pos="NNS" wid="14">problems</w>
  <w id="15" lemma="|,|" pos="," wid="15">,</w>
  <w id="16" lemma="|its|" pos="PRP$" wid="16">its</w>
  <w id="17" lemma="|burden|" pos="NNS" wid="17">burdens</w>
  <w id="18" lemma="|.|" pos="." wid="18">.</w>
</sentence>
<sentence id="7">
  <w id="0" lemma="|all|" pos="PDT" wid="0">All</w>
  <w id="1" lemma="|this|" pos="DT" wid="1">this</w>
  <w id="2" lemma="|could|" pos="MD" wid="2">could</w>
  <w id="3" lemma="|even|" pos="RB" wid="3">even</w>
  <w id="4" lemma="|be|" pos="VB" wid="4">be</w>
  <w id="5" lemma="|depress|" pos="VBG" wid="5">depressing</w>
  <w id="6" lemma="|.|" pos="." wid="6">.</w>
</sentence>
<sentence id="8">
  <w id="0" lemma="|but|" pos="CC" wid="0">But</w>
  <w id="1" lemma="|there|" pos="EX" wid="1">there</w>
  <w id="2" lemma="|be|" pos="VBZ" wid="2">is</w>
  <w id="3" lemma="|a|" pos="DT" wid="3">an</w>
  <w id="4" lemma="|antidote|" pos="NN" wid="4">antidote</w>
  <w id="5" lemma="|to|" pos="TO" wid="5">to</w>
  <w id="6" lemma="|depression|" pos="NN" wid="6">depression</w>
  <w id="7" lemma="|.|" pos="." wid="7">.</w>
</sentence>
<sentence id="9">
  <w id="0" lemma="|what|" pos="WP" wid="0">What</w>
  <w id="1" lemma="|be|" pos="VBZ" wid="1">is</w>
  <w id="2" lemma="|it|" pos="PRP" wid="2">it</w>
  <w id="3" lemma="|?|" pos="." wid="3">?</w>
</sentence>
<sentence id="10">
  <w id="0" lemma="|to|" pos="TO" wid="0">To</w>
  <w id="1" lemma="|have|" pos="VB" wid="1">have</w>
  <w id="2" lemma="|in|" pos="IN" wid="2">in</w>
  <w id="3" lemma="|we|" pos="PRP$" wid="3">our</w>
  <w id="4" lemma="|heart|" pos="NNS" wid="4">hearts</w>
  <w id="5" lemma="|a|" pos="DT" wid="5">a</w>
  <w id="6" lemma="|great|" pos="JJ" wid="6">great</w>
  <w id="7" lemma="|ideal|" pos="NN" wid="7">ideal</w>
  <w id="8" lemma="|,|" pos="," wid="8">,</w>
  <w id="9" lemma="|authentic|" pos="JJ" wid="9">authentic</w>
  <w id="10" lemma="|value|" pos="NNS" wid="10">values</w>
  <w id="11" lemma="|,|" pos="," wid="11">,</w>
  <w id="12" lemma="|which|" pos="WDT" wid="12">which</w>
  <w id="13" lemma="|can|" pos="MD" wid="13">can</w>
  <w id="14" lemma="|give|" pos="VB" wid="14">give</w>
  <w id="15" lemma="|meaning|" pos="NN" wid="15">meaning</w>
  <w id="16" lemma="|to|" pos="TO" wid="16">to</w>
  <w id="17" lemma="|we|" pos="PRP$" wid="17">our</w>
  <w id="18" lemma="|life|" pos="NN" wid="18">life</w>
  <w id="19" lemma="|.|" pos="." wid="19">.</w>
</sentence>
<sentence id="11">
  <w id="0" lemma="|2|" pos="CD" wid="0">2</w>
  <w id="1" lemma="|.|" pos="." wid="1">.</w>
</sentence>
<sentence id="12">
  <w id="0" lemma="|this|" pos="DT" wid="0">This</w>
  <w id="1" lemma="|be|" pos="VBZ" wid="1">is</w>
  <w id="2" lemma="|the|" pos="DT" wid="2">the</w>
  <w id="3" lemma="|condition|" pos="NN" wid="3">condition</w>
  <w id="4" lemma="|of|" pos="IN" wid="4">of</w>
  <w id="5" lemma="|the|" pos="DT" wid="5">the</w>
  <w id="6" lemma="|true|" pos="JJ" wid="6">true</w>
  <w id="7" lemma="|Christian|" pos="NNP" wid="7">Christian</w>
  <w id="8" lemma="|.|" pos="." wid="8">.</w>
</sentence>
<sentence id="13">
  <w id="0" lemma="|he|" pos="PRP" wid="0">He</w>
  <w id="1" lemma="|can|" pos="MD" wid="1">can</w>
  <w id="2" lemma="|nurture|" pos="VB" wid="2">nurture</w>
  <w id="3" lemma="|a|" pos="DT" wid="3">a</w>
  <w id="4" lemma="|trustful|" pos="JJ" wid="4">trustful</w>
  <w id="5" lemma="|optimism|" pos="NN" wid="5">optimism</w>
  <w id="6" lemma="|,|" pos="," wid="6">,</w>
  <w id="7" lemma="|because|" pos="IN" wid="7">because</w>
  <w id="8" lemma="|he|" pos="PRP" wid="8">he</w>
  <w id="9" lemma="|be|" pos="VBZ" wid="9">is</w>
  <w id="10" lemma="|certain|" pos="JJ" wid="10">certain</w>
  <w id="11" lemma="|of|" pos="IN" wid="11">of</w>
  <w id="12" lemma="|not|" pos="RB" wid="12">not</w>
  <w id="13" lemma="|walk|" pos="VBG" wid="13">walking</w>
  <w id="14" lemma="|alone|" pos="RB" wid="14">alone</w>
  <w id="15" lemma="|.|" pos="." wid="15">.</w>
</sentence>
<sentence id="14">
  <w id="0" lemma="|in|" pos="IN" wid="0">In</w>
  <w id="1" lemma="|send|" pos="VBG" wid="1">sending</w>
  <w id="2" lemma="|we|" pos="PRP" wid="2">us</w>
  <w id="3" lemma="|Jesus|" pos="NNP" wid="3">Jesus</w>
  <w id="4" lemma="|,|" pos="," wid="4">,</w>
  <w id="5" lemma="|the|" pos="DT" wid="5">the</w>
  <w id="6" lemma="|eternal|" pos="JJ" wid="6">eternal</w>
  <w id="7" lemma="|Son|" pos="NNP" wid="7">Son</w>
  <w id="8" lemma="|make|" pos="VBD" wid="8">made</w>
  <w id="9" lemma="|man|" pos="NN" wid="9">man</w>
  <w id="10" lemma="|,|" pos="," wid="10">,</w>
  <w id="11" lemma="|God|" pos="NNP" wid="11">God</w>
  <w id="12" lemma="|have|" pos="VBZ" wid="12">has</w>
  <w id="13" lemma="|draw|" pos="VBN" wid="13">drawn</w>
  <w id="14" lemma="|near|" pos="IN" wid="14">near</w>
  <w id="15" lemma="|to|" pos="TO" wid="15">to</w>
  <w id="16" lemma="|each|" pos="DT" wid="16">each</w>
  <w id="17" lemma="|of|" pos="IN" wid="17">of</w>
  <w id="18" lemma="|we|" pos="PRP" wid="18">us</w>
  <w id="19" lemma="|.|" pos="." wid="19">.</w>
</sentence>
<sentence id="15">
  <w id="0" lemma="|in|" pos="IN" wid="0">In</w>
  <w id="1" lemma="|Christ|" pos="NNP" wid="1">Christ</w>
  <w id="2" lemma="|he|" pos="PRP" wid="2">he</w>
  <w id="3" lemma="|have|" pos="VBZ" wid="3">has</w>
  <w id="4" lemma="|become|" pos="VBN" wid="4">become</w>
  <w id="5" lemma="|we|" pos="PRP$" wid="5">our</w>
  <w id="6" lemma="|travel|" pos="VBG" wid="6">traveling</w>
  <w id="7" lemma="|companion|" pos="NN" wid="7">companion</w>
  <w id="8" lemma="|.|" pos="." wid="8">.</w>
</sentence>
<sentence id="16">
  <w id="0" lemma="|if|" pos="IN" wid="0">If</w>
  <w id="1" lemma="|time|" pos="NN" wid="1">time</w>
  <w id="2" lemma="|march|" pos="NNS" wid="2">marches</w>
  <w id="3" lemma="|on|" pos="IN" wid="3">on</w>
  <w id="4" lemma="|inexorably|" pos="RB" wid="4">inexorably</w>
  <w id="5" lemma="|,|" pos="," wid="5">,</w>
  <w id="6" lemma="|often|" pos="RB" wid="6">often</w>
  <w id="7" lemma="|shatter|" pos="VBG" wid="7">shattering</w>
  <w id="8" lemma="|even|" pos="RB" wid="8">even</w>
  <w id="9" lemma="|we|" pos="PRP$" wid="9">our</w>
  <w id="10" lemma="|dream|" pos="NNS" wid="10">dreams</w>
  <w id="11" lemma="|,|" pos="," wid="11">,</w>
  <w id="12" lemma="|Christ|" pos="NNP" wid="12">Christ</w>
  <w id="13" lemma="|,|" pos="," wid="13">,</w>
  <w id="14" lemma="|the|" pos="DT" wid="14">the</w>
  <w id="15" lemma="|Lord|" pos="NNP" wid="15">Lord</w>
  <w id="16" lemma="|of|" pos="IN" wid="16">of</w>
  <w id="17" lemma="|time|" pos="NN" wid="17">time</w>
  <w id="18" lemma="|,|" pos="," wid="18">,</w>
  <w id="19" lemma="|give|" pos="VBZ" wid="19">gives</w>
  <w id="20" lemma="|we|" pos="PRP" wid="20">us</w>
  <w id="21" lemma="|the|" pos="DT" wid="21">the</w>
  <w id="22" lemma="|possibility|" pos="NN" wid="22">possibility</w>
  <w id="23" lemma="|of|" pos="IN" wid="23">of</w>
  <w id="24" lemma="|a|" pos="DT" wid="24">an</w>
  <w id="25" lemma="|ever|" pos="RB" wid="25">ever</w>
  <w id="26" lemma="|new|" pos="JJ" wid="26">new</w>
  <w id="27" lemma="|life|" pos="NN" wid="27">life</w>
  <w id="28" lemma="|.|" pos="." wid="28">.</w>
</sentence>
<sentence id="17">
  <w id="0" lemma="|in|" pos="IN" wid="0">In</w>
  <w id="1" lemma="|journalistic|" pos="JJ" wid="1">journalistic</w>
  <w id="2" lemma="|language|" pos="NN" wid="2">language</w>
  <w id="3" lemma="|,|" pos="," wid="3">,</w>
  <w id="4" lemma="|the|" pos="DT" wid="4">the</w>
  <w id="5" lemma="|great|" pos="JJ" wid="5">great</w>
  <w id="6" lemma="|flow|" pos="NN" wid="6">flow</w>
  <w id="7" lemma="|of|" pos="IN" wid="7">of</w>
  <w id="8" lemma="|people|" pos="NNS" wid="8">people</w>
  <w id="9" lemma="|as|" pos="IN" wid="9">as</w>
  <w id="10" lemma="|they|" pos="PRP" wid="10">they</w>
  <w id="11" lemma="|leave|" pos="VBP" wid="11">leave</w>
  <w id="12" lemma="|on|" pos="IN" wid="12">on</w>
  <w id="13" lemma="|holiday|" pos="NN" wid="13">holiday</w>
  <w id="14" lemma="|and|" pos="CC" wid="14">and</w>
  <w id="15" lemma="|return|" pos="NN" wid="15">return</w>
  <w id="16" lemma="|home|" pos="NN" wid="16">home</w>
  <w id="17" lemma="|be|" pos="VBZ" wid="17">is</w>
  <w id="18" lemma="|often|" pos="RB" wid="18">often</w>
  <w id="19" lemma="|call|" pos="VBN" wid="19">called</w>
  <w id="20" lemma="|a|" pos="DT" wid="20">an</w>
  <w id="21" lemma="|``|" pos="``" wid="21">``</w>
  <w id="22" lemma="|exodus|" pos="NN" wid="22">exodus</w>
  <w id="23" lemma="|''|" pos="''" wid="23">''</w>
  <w id="24" lemma="|and|" pos="CC" wid="24">and</w>
  <w id="25" lemma="|a|" pos="DT" wid="25">a</w>
  <w id="26" lemma="|``|" pos="``" wid="26">``</w>
  <w id="27" lemma="|reverse|" pos="JJ" wid="27">reverse</w>
  <w id="28" lemma="|exodus|" pos="NN" wid="28">exodus</w>
  <w id="29" lemma="|''|" pos="''" wid="29">''</w>
  <w id="30" lemma="|.|" pos="." wid="30">.</w>
</sentence>
<sentence id="18">
  <w id="0" lemma="|these|" pos="DT" wid="0">These</w>
  <w id="1" lemma="|expression|" pos="NNS" wid="1">expressions</w>
  <w id="2" lemma="|have|" pos="VBP" wid="2">have</w>
  <w id="3" lemma="|a|" pos="DT" wid="3">a</w>
  <w id="4" lemma="|remote|" pos="JJ" wid="4">remote</w>
  <w id="5" lemma="|``|" pos="``" wid="5">``</w>
  <w id="6" lemma="|biblical|" pos="JJ" wid="6">biblical</w>
  <w id="7" lemma="|flavour|" pos="NN" wid="7">flavour</w>
  <w id="8" lemma="|''|" pos="''" wid="8">''</w>
  <w id="9" lemma="|.|" pos="." wid="9">.</w>
</sentence>
<sentence id="19">
  <w id="0" lemma="|as|" pos="IN" wid="0">As</w>
  <w id="1" lemma="|everyone|" pos="NN" wid="1">everyone</w>
  <w id="2" lemma="|know|" pos="VBZ" wid="2">knows</w>
  <w id="3" lemma="|,|" pos="," wid="3">,</w>
  <w id="4" lemma="|the|" pos="DT" wid="4">the</w>
  <w id="5" lemma="|Exodus|" pos="NNP" wid="5">Exodus</w>
  <w id="6" lemma="|be|" pos="VBD" wid="6">was</w>
  <w id="7" lemma="|the|" pos="DT" wid="7">the</w>
  <w id="8" lemma="|great|" pos="JJ" wid="8">great</w>
  <w id="9" lemma="|event|" pos="NN" wid="9">event</w>
  <w id="10" lemma="|in|" pos="IN" wid="10">in</w>
  <w id="11" lemma="|which|" pos="WDT" wid="11">which</w>
  <w id="12" lemma="|the|" pos="DT" wid="12">the</w>
  <w id="13" lemma="|chosen|" pos="JJ" wid="13">chosen</w>
  <w id="14" lemma="|people|" pos="NNS" wid="14">people</w>
  <w id="15" lemma="|be|" pos="VBD" wid="15">were</w>
  <w id="16" lemma="|free|" pos="VBN" wid="16">freed</w>
  <w id="17" lemma="|from|" pos="IN" wid="17">from</w>
  <w id="18" lemma="|slavery|" pos="NN" wid="18">slavery</w>
  <w id="19" lemma="|in|" pos="IN" wid="19">in</w>
  <w id="20" lemma="|Egypt|" pos="NNP" wid="20">Egypt</w>
  <w id="21" lemma="|,|" pos="," wid="21">,</w>
  <w id="22" lemma="|while|" pos="IN" wid="22">while</w>
  <w id="23" lemma="|from|" pos="IN" wid="23">from</w>
  <w id="24" lemma="|the|" pos="DT" wid="24">the</w>
  <w id="25" lemma="|Christian|" pos="NNP" wid="25">Christian</w>
  <w id="26" lemma="|standpoint|" pos="NN" wid="26">standpoint</w>
  <w id="27" lemma="|,|" pos="," wid="27">,</w>
  <w id="28" lemma="|it|" pos="PRP" wid="28">it</w>
  <w id="29" lemma="|recall|" pos="VBZ" wid="29">recalls</w>
  <w id="30" lemma="|the|" pos="DT" wid="30">the</w>
  <w id="31" lemma="|paschal|" pos="JJ" wid="31">paschal</w>
  <w id="32" lemma="|mystery|" pos="NN" wid="32">mystery</w>
  <w id="33" lemma="|and|" pos="CC" wid="33">and</w>
  <w id="34" lemma="|the|" pos="DT" wid="34">the</w>
  <w id="35" lemma="|journey|" pos="NN" wid="35">journey</w>
  <w id="36" lemma="|that|" pos="IN" wid="36">that</w>
  <w id="37" lemma="|man|" pos="NN" wid="37">man</w>
  <w id="38" lemma="|be|" pos="VBZ" wid="38">is</w>
  <w id="39" lemma="|call|" pos="VBN" wid="39">called</w>
  <w id="40" lemma="|to|" pos="TO" wid="40">to</w>
  <w id="41" lemma="|make|" pos="VB" wid="41">make</w>
  <w id="42" lemma="|by|" pos="IN" wid="42">by</w>
  <w id="43" lemma="|follow|" pos="VBG" wid="43">following</w>
  <w id="44" lemma="|Jesus|" pos="NNP" wid="44">Jesus</w>
  <w id="45" lemma="|,|" pos="," wid="45">,</w>
  <w id="46" lemma="|who|" pos="WP" wid="46">who</w>
  <w id="47" lemma="|free|" pos="VBZ" wid="47">frees</w>
  <w id="48" lemma="|we|" pos="PRP" wid="48">us</w>
  <w id="49" lemma="|from|" pos="IN" wid="49">from</w>
  <w id="50" lemma="|sin|" pos="NN" wid="50">sin</w>
  <w id="51" lemma="|and|" pos="CC" wid="51">and</w>
  <w id="52" lemma="|open|" pos="VBZ" wid="52">opens</w>
  <w id="53" lemma="|we|" pos="PRP" wid="53">us</w>
  <w id="54" lemma="|to|" pos="TO" wid="54">to</w>
  <w id="55" lemma="|communion|" pos="VB" wid="55">communion</w>
  <w id="56" lemma="|with|" pos="IN" wid="56">with</w>
  <w id="57" lemma="|God|" pos="NNP" wid="57">God</w>
  <w id="58" lemma="|and|" pos="CC" wid="58">and</w>
  <w id="59" lemma="|we|" pos="PRP$" wid="59">our</w>
  <w id="60" lemma="|brethren|" pos="NNS" wid="60">brethren</w>
  <w id="61" lemma="|.|" pos="." wid="61">.</w>
</sentence>
<sentence id="20">
  <w id="0" lemma="|all|" pos="DT" wid="0">All</w>
  <w id="1" lemma="|of|" pos="IN" wid="1">of</w>
  <w id="2" lemma="|christian|" pos="JJ" wid="2">Christian</w>
  <w id="3" lemma="|life|" pos="NN" wid="3">life</w>
  <w id="4" lemma="|be|" pos="VBZ" wid="4">is</w>
  <w id="5" lemma="|a|" pos="DT" wid="5">an</w>
  <w id="6" lemma="|``|" pos="``" wid="6">``</w>
  <w id="7" lemma="|exodus|" pos="NN" wid="7">exodus</w>
  <w id="8" lemma="|''|" pos="''" wid="8">''</w>
  <w id="9" lemma="|,|" pos="," wid="9">,</w>
  <w id="10" lemma="|that|" pos="DT" wid="10">that</w>
  <w id="11" lemma="|be|" pos="VBZ" wid="11">is</w>
  <w id="12" lemma="|,|" pos="," wid="12">,</w>
  <w id="13" lemma="|a|" pos="DT" wid="13">a</w>
  <w id="14" lemma="|journey|" pos="NN" wid="14">journey</w>
  <w id="15" lemma="|in|" pos="IN" wid="15">in</w>
  <w id="16" lemma="|which|" pos="WDT" wid="16">which</w>
  <w id="17" lemma="|we|" pos="PRP" wid="17">we</w>
  <w id="18" lemma="|draw|" pos="VBP" wid="18">draw</w>
  <w id="19" lemma="|closer|" pos="JJR" wid="19">closer</w>
  <w id="20" lemma="|and|" pos="CC" wid="20">and</w>
  <w id="21" lemma="|closer|" pos="JJR" wid="21">closer</w>
  <w id="22" lemma="|to|" pos="TO" wid="22">to</w>
  <w id="23" lemma="|the|" pos="DT" wid="23">the</w>
  <w id="24" lemma="|Father|" pos="NNP" wid="24">Father</w>
  <w id="25" lemma="|'s|" pos="POS" wid="25">'s</w>
  <w id="26" lemma="|house|" pos="NN" wid="26">house</w>
  <w id="27" lemma="|.|" pos="." wid="27">.</w>
</sentence>
<sentence id="21">
  <w id="0" lemma="|Dear|" pos="NNP" wid="0">Dear</w>
  <w id="1" lemma="|brother|" pos="NNS" wid="1">brothers</w>
  <w id="2" lemma="|and|" pos="CC" wid="2">and</w>
  <w id="3" lemma="|sister|" pos="NNS" wid="3">sisters</w>
  <w id="4" lemma="|,|" pos="," wid="4">,</w>
  <w id="5" lemma="|let|" pos="VB" wid="5">let</w>
  <w id="6" lemma="|we|" pos="PRP" wid="6">us</w>
  <w id="7" lemma="|live|" pos="VB" wid="7">live</w>
  <w id="8" lemma="|this|" pos="DT" wid="8">this</w>
  <w id="9" lemma="|spiritual|" pos="JJ" wid="9">spiritual</w>
  <w id="10" lemma="|``|" pos="``" wid="10">``</w>
  <w id="11" lemma="|exodus|" pos="NN" wid="11">exodus</w>
  <w id="12" lemma="|''|" pos="''" wid="12">''</w>
  <w id="13" lemma="|and|" pos="CC" wid="13">and</w>
  <w id="14" lemma="|not|" pos="RB" wid="14">not</w>
  <w id="15" lemma="|allow|" pos="VB" wid="15">allow</w>
  <w id="16" lemma="|material|" pos="NN" wid="16">material</w>
  <w id="17" lemma="|thing|" pos="NNS" wid="17">things</w>
  <w id="18" lemma="|to|" pos="TO" wid="18">to</w>
  <w id="19" lemma="|worry|" pos="VB" wid="19">worry</w>
  <w id="20" lemma="|we|" pos="PRP" wid="20">us</w>
  <w id="21" lemma="|to|" pos="TO" wid="21">to</w>
  <w id="22" lemma="|the|" pos="DT" wid="22">the</w>
  <w id="23" lemma="|point|" pos="NN" wid="23">point</w>
  <w id="24" lemma="|of|" pos="IN" wid="24">of</w>
  <w id="25" lemma="|become|" pos="VBG" wid="25">becoming</w>
  <w id="26" lemma="|the|" pos="DT" wid="26">the</w>
  <w id="27" lemma="|only|" pos="JJ" wid="27">only</w>
  <w id="28" lemma="|horizon|" pos="NN" wid="28">horizon</w>
  <w id="29" lemma="|of|" pos="IN" wid="29">of</w>
  <w id="30" lemma="|we|" pos="PRP$" wid="30">our</w>
  <w id="31" lemma="|life|" pos="NN" wid="31">life</w>
  <w id="32" lemma="|.|" pos="." wid="32">.</w>
</sentence>
<sentence id="22">
  <w id="0" lemma="|let|" pos="VB" wid="0">Let</w>
  <w id="1" lemma="|we|" pos="PRP" wid="1">us</w>
  <w id="2" lemma="|rediscover|" pos="VB" wid="2">rediscover</w>
  <w id="3" lemma="|the|" pos="DT" wid="3">the</w>
  <w id="4" lemma="|joy|" pos="NN" wid="4">joy</w>
  <w id="5" lemma="|of|" pos="IN" wid="5">of</w>
  <w id="6" lemma="|lift|" pos="VBG" wid="6">lifting</w>
  <w id="7" lemma="|we|" pos="PRP$" wid="7">our</w>
  <w id="8" lemma="|gaze|" pos="VB" wid="8">gaze</w>
  <w id="9" lemma="|to|" pos="TO" wid="9">to</w>
  <w id="10" lemma="|heaven|" pos="NN" wid="10">heaven</w>
  <w id="11" lemma="|,|" pos="," wid="11">,</w>
  <w id="12" lemma="|in|" pos="IN" wid="12">in</w>
  <w id="13" lemma="|order|" pos="NN" wid="13">order</w>
  <w id="14" lemma="|to|" pos="TO" wid="14">to</w>
  <w id="15" lemma="|give|" pos="VB" wid="15">give</w>
  <w id="16" lemma="|everything|" pos="NN" wid="16">everything</w>
  <w id="17" lemma="|a|" pos="DT" wid="17">a</w>
  <w id="18" lemma="|more|" pos="RBR" wid="18">more</w>
  <w id="19" lemma="|inward|" pos="JJ" wid="19">inward</w>
  <w id="20" lemma="|dimension|" pos="NN" wid="20">dimension</w>
  <w id="21" lemma="|that|" pos="WDT" wid="21">that</w>
  <w id="22" lemma="|be|" pos="VBZ" wid="22">is</w>
  <w id="23" lemma="|deeper|" pos="JJR" wid="23">deeper</w>
  <w id="24" lemma="|and|" pos="CC" wid="24">and</w>
  <w id="25" lemma="|richer|" pos="JJR" wid="25">richer</w>
  <w id="26" lemma="|in|" pos="IN" wid="26">in</w>
  <w id="27" lemma="|hope|" pos="NN" wid="27">hope</w>
  <w id="28" lemma="|.|" pos="." wid="28">.</w>
</sentence>
<sentence id="23">
  <w id="0" lemma="|3|" pos="LS" wid="0">3</w>
  <w id="1" lemma="|.|" pos="." wid="1">.</w>
</sentence>
<sentence id="24">
  <w id="0" lemma="|May|" pos="NNP" wid="0">May</w>
  <w id="1" lemma="|the|" pos="DT" wid="1">the</w>
  <w id="2" lemma="|Blessed|" pos="NNP" wid="2">Blessed</w>
  <w id="3" lemma="|Virgin|" pos="NNP" wid="3">Virgin</w>
  <w id="4" lemma="|fill|" pos="VB" wid="4">fill</w>
  <w id="5" lemma="|we|" pos="PRP$" wid="5">our</w>
  <w id="6" lemma="|heart|" pos="NNS" wid="6">hearts</w>
  <w id="7" lemma="|with|" pos="IN" wid="7">with</w>
  <w id="8" lemma="|a|" pos="DT" wid="8">a</w>
  <w id="9" lemma="|sense|" pos="NN" wid="9">sense</w>
  <w id="10" lemma="|of|" pos="IN" wid="10">of</w>
  <w id="11" lemma="|life|" pos="NN" wid="11">life</w>
  <w id="12" lemma="|as|" pos="IN" wid="12">as</w>
  <w id="13" lemma="|a|" pos="DT" wid="13">a</w>
  <w id="14" lemma="|journey|" pos="NN" wid="14">journey</w>
  <w id="15" lemma="|to|" pos="TO" wid="15">to</w>
  <w id="16" lemma="|be|" pos="VB" wid="16">be</w>
  <w id="17" lemma="|make|" pos="VBN" wid="17">made</w>
  <w id="18" lemma="|in|" pos="IN" wid="18">in</w>
  <w id="19" lemma="|God|" pos="NNP" wid="19">God</w>
  <w id="20" lemma="|'s|" pos="POS" wid="20">'s</w>
  <w id="21" lemma="|company|" pos="NN" wid="21">company</w>
  <w id="22" lemma="|,|" pos="," wid="22">,</w>
  <w id="23" lemma="|just|" pos="RB" wid="23">just</w>
  <w id="24" lemma="|as|" pos="IN" wid="24">as</w>
  <w id="25" lemma="|it|" pos="PRP" wid="25">it</w>
  <w id="26" lemma="|be|" pos="VBD" wid="26">was</w>
  <w id="27" lemma="|for|" pos="IN" wid="27">for</w>
  <w id="28" lemma="|she|" pos="PRP" wid="28">her</w>
  <w id="29" lemma="|.|" pos="." wid="29">.</w>
</sentence>
<sentence id="25">
  <w id="0" lemma="|many|" pos="JJ" wid="0">Many</w>
  <w id="1" lemma="|time|" pos="NNS" wid="1">times</w>
  <w id="2" lemma="|the|" pos="DT" wid="2">the</w>
  <w id="3" lemma="|Gospel|" pos="NNP" wid="3">Gospel</w>
  <w id="4" lemma="|present|" pos="VBZ" wid="4">presents</w>
  <w id="5" lemma="|she|" pos="PRP" wid="5">her</w>
  <w id="6" lemma="|to|" pos="TO" wid="6">to</w>
  <w id="7" lemma="|we|" pos="PRP" wid="7">us</w>
  <w id="8" lemma="|on|" pos="IN" wid="8">on</w>
  <w id="9" lemma="|a|" pos="DT" wid="9">a</w>
  <w id="10" lemma="|journey|" pos="NN" wid="10">journey</w>
  <w id="11" lemma="|,|" pos="," wid="11">,</w>
  <w id="12" lemma="|both|" pos="DT" wid="12">both</w>
  <w id="13" lemma="|before|" pos="IN" wid="13">before</w>
  <w id="14" lemma="|and|" pos="CC" wid="14">and</w>
  <w id="15" lemma="|after|" pos="IN" wid="15">after</w>
  <w id="16" lemma="|Jesus|" pos="NNP" wid="16">Jesus</w>
  <w id="17" lemma="|'|" pos="POS" wid="17">'</w>
  <w id="18" lemma="|birth|" pos="NN" wid="18">birth</w>
  <w id="19" lemma="|,|" pos="," wid="19">,</w>
  <w id="20" lemma="|until|" pos="IN" wid="20">until</w>
  <w id="21" lemma="|the|" pos="DT" wid="21">the</w>
  <w id="22" lemma="|final|" pos="JJ" wid="22">final</w>
  <w id="23" lemma="|journey|" pos="NN" wid="23">journey</w>
  <w id="24" lemma="|which|" pos="WDT" wid="24">which</w>
  <w id="25" lemma="|lead|" pos="VBD" wid="25">led</w>
  <w id="26" lemma="|she|" pos="PRP" wid="26">her</w>
  <w id="27" lemma="|to|" pos="TO" wid="27">to</w>
  <w id="28" lemma="|the|" pos="DT" wid="28">the</w>
  <w id="29" lemma="|foot|" pos="NN" wid="29">foot</w>
  <w id="30" lemma="|of|" pos="IN" wid="30">of</w>
  <w id="31" lemma="|the|" pos="DT" wid="31">the</w>
  <w id="32" lemma="|Cross|" pos="NNP" wid="32">Cross</w>
  <w id="33" lemma="|.|" pos="." wid="33">.</w>
</sentence>
<sentence id="26">
  <w id="0" lemma="|thus|" pos="RB" wid="0">Thus</w>
  <w id="1" lemma="|we|" pos="PRP" wid="1">we</w>
  <w id="2" lemma="|see|" pos="VBP" wid="2">see</w>
  <w id="3" lemma="|she|" pos="PRP" wid="3">her</w>
  <w id="4" lemma="|as|" pos="IN" wid="4">as</w>
  <w id="5" lemma="|a|" pos="DT" wid="5">a</w>
  <w id="6" lemma="|``|" pos="``" wid="6">``</w>
  <w id="7" lemma="|pilgrim|" pos="NN" wid="7">pilgrim</w>
  <w id="8" lemma="|''|" pos="''" wid="8">''</w>
  <w id="9" lemma="|on|" pos="IN" wid="9">on</w>
  <w id="10" lemma="|the|" pos="DT" wid="10">the</w>
  <w id="11" lemma="|road|" pos="NNS" wid="11">roads</w>
  <w id="12" lemma="|mark|" pos="VBD" wid="12">marked</w>
  <w id="13" lemma="|out|" pos="RP" wid="13">out</w>
  <w id="14" lemma="|by|" pos="IN" wid="14">by</w>
  <w id="15" lemma="|the|" pos="DT" wid="15">the</w>
  <w id="16" lemma="|divine|" pos="JJ" wid="16">divine</w>
  <w id="17" lemma="|plan|" pos="NN" wid="17">plan</w>
  <w id="18" lemma="|.|" pos="." wid="18">.</w>
</sentence>
<sentence id="27">
  <w id="0" lemma="|let|" pos="VB" wid="0">Let</w>
  <w id="1" lemma="|we|" pos="PRP" wid="1">us</w>
  <w id="2" lemma="|call|" pos="VB" wid="2">call</w>
  <w id="3" lemma="|upon|" pos="IN" wid="3">upon</w>
  <w id="4" lemma="|she|" pos="PRP" wid="4">her</w>
  <w id="5" lemma="|as|" pos="IN" wid="5">as</w>
  <w id="6" lemma="|``|" pos="``" wid="6">``</w>
  <w id="7" lemma="|St|" pos="NNP" wid="7">St</w>
  <w id="8" lemma="|Mary|" pos="NNP" wid="8">Mary</w>
  <w id="9" lemma="|of|" pos="IN" wid="9">of</w>
  <w id="10" lemma="|the|" pos="DT" wid="10">the</w>
  <w id="11" lemma="|way|" pos="NN" wid="11">Way</w>
  <w id="12" lemma="|''|" pos="''" wid="12">''</w>
  <w id="13" lemma="|,|" pos="," wid="13">,</w>
  <w id="14" lemma="|as|" pos="IN" wid="14">as</w>
  <w id="15" lemma="|we|" pos="PRP" wid="15">we</w>
  <w id="16" lemma="|follow|" pos="VBP" wid="16">follow</w>
  <w id="17" lemma="|in|" pos="IN" wid="17">in</w>
  <w id="18" lemma="|she|" pos="PRP$" wid="18">her</w>
  <w id="19" lemma="|footstep|" pos="NNS" wid="19">footsteps</w>
  <w id="20" lemma="|and|" pos="CC" wid="20">and</w>
  <w id="21" lemma="|feel|" pos="VB" wid="21">feel</w>
  <w id="22" lemma="|the|" pos="DT" wid="22">the</w>
  <w id="23" lemma="|presence|" pos="NN" wid="23">presence</w>
  <w id="24" lemma="|of|" pos="IN" wid="24">of</w>
  <w id="25" lemma="|she|" pos="PRP$" wid="25">her</w>
  <w id="26" lemma="|motherly|" pos="JJ" wid="26">motherly</w>
  <w id="27" lemma="|love|" pos="NN" wid="27">love</w>
  <w id="28" lemma="|.|" pos="." wid="28">.</w>
</sentence>
<sentence id="28">
  <w id="0" lemma="|after|" pos="IN" wid="0">After</w>
  <w id="1" lemma="|recite|" pos="VBG" wid="1">reciting</w>
  <w id="2" lemma="|the|" pos="DT" wid="2">the</w>
  <w id="3" lemma="|Angelus|" pos="NNP" wid="3">Angelus</w>
  <w id="4" lemma="|the|" pos="DT" wid="4">the</w>
  <w id="5" lemma="|Holy|" pos="NNP" wid="5">Holy</w>
  <w id="6" lemma="|Father|" pos="NNP" wid="6">Father</w>
  <w id="7" lemma="|greet|" pos="VBD" wid="7">greeted</w>
  <w id="8" lemma="|the|" pos="DT" wid="8">the</w>
  <w id="9" lemma="|pilgrim|" pos="NNS" wid="9">pilgrims</w>
  <w id="10" lemma="|in|" pos="IN" wid="10">in</w>
  <w id="11" lemma="|various|" pos="JJ" wid="11">various</w>
  <w id="12" lemma="|language|" pos="NNS" wid="12">languages</w>
  <w id="13" lemma="|.|" pos="." wid="13">.</w>
</sentence>
<sentence id="29">
  <w id="0" lemma="|to|" pos="TO" wid="0">To</w>
  <w id="1" lemma="|the|" pos="DT" wid="1">the</w>
  <w id="2" lemma="|english-speaking|" pos="JJ" wid="2">English-speaking</w>
  <w id="3" lemma="|visitor|" pos="NNS" wid="3">visitors</w>
  <w id="4" lemma="|he|" pos="PRP" wid="4">he</w>
  <w id="5" lemma="|say|" pos="VBD" wid="5">said</w>
  <w id="6" lemma="|:|" pos=":" wid="6">:</w>
  <w id="7" lemma="|I|" pos="PRP" wid="7">I</w>
  <w id="8" lemma="|extend|" pos="VBP" wid="8">extend</w>
  <w id="9" lemma="|a|" pos="DT" wid="9">a</w>
  <w id="10" lemma="|particular|" pos="JJ" wid="10">particular</w>
  <w id="11" lemma="|welcome|" pos="JJ" wid="11">welcome</w>
  <w id="12" lemma="|to|" pos="TO" wid="12">to</w>
  <w id="13" lemma="|the|" pos="DT" wid="13">the</w>
  <w id="14" lemma="|new|" pos="JJ" wid="14">new</w>
  <w id="15" lemma="|student|" pos="NNS" wid="15">students</w>
  <w id="16" lemma="|of|" pos="IN" wid="16">of</w>
  <w id="17" lemma="|the|" pos="DT" wid="17">the</w>
  <w id="18" lemma="|Pontifical|" pos="NNP" wid="18">Pontifical</w>
  <w id="19" lemma="|North|" pos="NNP" wid="19">North</w>
  <w id="20" lemma="|American|" pos="NNP" wid="20">American</w>
  <w id="21" lemma="|College|" pos="NNP" wid="21">College</w>
  <w id="22" lemma="|who|" pos="WP" wid="22">who</w>
  <w id="23" lemma="|have|" pos="VBP" wid="23">have</w>
  <w id="24" lemma="|just|" pos="RB" wid="24">just</w>
  <w id="25" lemma="|arrive|" pos="VBN" wid="25">arrived</w>
  <w id="26" lemma="|in|" pos="IN" wid="26">in</w>
  <w id="27" lemma="|Rome|" pos="NNP" wid="27">Rome</w>
  <w id="28" lemma="|to|" pos="TO" wid="28">to</w>
  <w id="29" lemma="|begin|" pos="VB" wid="29">begin</w>
  <w id="30" lemma="|they|" pos="PRP$" wid="30">their</w>
  <w id="31" lemma="|programme|" pos="NN" wid="31">programme</w>
  <w id="32" lemma="|of|" pos="IN" wid="32">of</w>
  <w id="33" lemma="|formation|" pos="NN" wid="33">formation</w>
  <w id="34" lemma="|for|" pos="IN" wid="34">for</w>
  <w id="35" lemma="|the|" pos="DT" wid="35">the</w>
  <w id="36" lemma="|priesthood|" pos="NN" wid="36">priesthood</w>
  <w id="37" lemma="|.|" pos="." wid="37">.</w>
</sentence>
<sentence id="30">
  <w id="0" lemma="|upon|" pos="IN" wid="0">Upon</w>
  <w id="1" lemma="|you|" pos="PRP" wid="1">you</w>
  <w id="2" lemma="|and|" pos="CC" wid="2">and</w>
  <w id="3" lemma="|the|" pos="DT" wid="3">the</w>
  <w id="4" lemma="|superior|" pos="NNS" wid="4">superiors</w>
  <w id="5" lemma="|of|" pos="IN" wid="5">of</w>
  <w id="6" lemma="|the|" pos="DT" wid="6">the</w>
  <w id="7" lemma="|College|" pos="NNP" wid="7">College</w>
  <w id="8" lemma="|,|" pos="," wid="8">,</w>
  <w id="9" lemma="|and|" pos="CC" wid="9">and</w>
  <w id="10" lemma="|upon|" pos="IN" wid="10">upon</w>
  <w id="11" lemma="|all|" pos="PDT" wid="11">all</w>
  <w id="12" lemma="|the|" pos="DT" wid="12">the</w>
  <w id="13" lemma="|english-speaking|" pos="JJ" wid="13">English-speaking</w>
  <w id="14" lemma="|visitor|" pos="NNS" wid="14">visitors</w>
  <w id="15" lemma="|and|" pos="CC" wid="15">and</w>
  <w id="16" lemma="|pilgrim|" pos="NNS" wid="16">pilgrims</w>
  <w id="17" lemma="|,|" pos="," wid="17">,</w>
  <w id="18" lemma="|I|" pos="PRP" wid="18">I</w>
  <w id="19" lemma="|cordially|" pos="RB" wid="19">cordially</w>
  <w id="20" lemma="|invoke|" pos="VBP" wid="20">invoke</w>
  <w id="21" lemma="|the|" pos="DT" wid="21">the</w>
  <w id="22" lemma="|joy|" pos="NN" wid="22">joy</w>
  <w id="23" lemma="|and|" pos="CC" wid="23">and</w>
  <w id="24" lemma="|peace|" pos="NN" wid="24">peace</w>
  <w id="25" lemma="|of|" pos="IN" wid="25">of</w>
  <w id="26" lemma="|we|" pos="PRP$" wid="26">our</w>
  <w id="27" lemma="|Lord|" pos="NNP" wid="27">Lord</w>
  <w id="28" lemma="|Jesus|" pos="NNP" wid="28">Jesus</w>
  <w id="29" lemma="|Christ|" pos="NNP" wid="29">Christ</w>
  <w id="30" lemma="|.|" pos="." wid="30">.</w>
</sentence>
</corpus>