<corpus id="0">
<sentence id="0">
  <w id="0" lemma="|.|" pos="." wid="0">.</w>
</sentence>
<sentence id="1">
  <w id="0" lemma="|Dear|" pos="NNP" wid="0">Dear</w>
  <w id="1" lemma="|Brothers|" pos="NNPS" wid="1">Brothers</w>
  <w id="2" lemma="|and|" pos="CC" wid="2">and</w>
  <w id="3" lemma="|sister|" pos="NNS" wid="3">Sisters</w>
  <w id="4" lemma="|,|" pos="," wid="4">,</w>
  <w id="5" lemma="|1|" pos="CD" wid="5">1</w>
  <w id="6" lemma="|.|" pos="." wid="6">.</w>
</sentence>
<sentence id="2">
  <w id="0" lemma="|at|" pos="IN" wid="0">At</w>
  <w id="1" lemma="|the|" pos="DT" wid="1">the</w>
  <w id="2" lemma="|end|" pos="NN" wid="2">end</w>
  <w id="3" lemma="|of|" pos="IN" wid="3">of</w>
  <w id="4" lemma="|this|" pos="DT" wid="4">this</w>
  <w id="5" lemma="|eucharistic|" pos="JJ" wid="5">Eucharistic</w>
  <w id="6" lemma="|celebration|" pos="NN" wid="6">Celebration</w>
  <w id="7" lemma="|I|" pos="PRP" wid="7">I</w>
  <w id="8" lemma="|invite|" pos="VBP" wid="8">invite</w>
  <w id="9" lemma="|you|" pos="PRP" wid="9">you</w>
  <w id="10" lemma="|to|" pos="TO" wid="10">to</w>
  <w id="11" lemma="|turn|" pos="VB" wid="11">turn</w>
  <w id="12" lemma="|to|" pos="TO" wid="12">to</w>
  <w id="13" lemma="|Mary|" pos="NNP" wid="13">Mary</w>
  <w id="14" lemma="|and|" pos="CC" wid="14">and</w>
  <w id="15" lemma="|recite|" pos="VB" wid="15">recite</w>
  <w id="16" lemma="|the|" pos="DT" wid="16">the</w>
  <w id="17" lemma="|Regina|" pos="NNP" wid="17">Regina</w>
  <w id="18" lemma="|Caeli|" pos="NNP" wid="18">Caeli</w>
  <w id="19" lemma="|,|" pos="," wid="19">,</w>
  <w id="20" lemma="|as|" pos="IN" wid="20">as</w>
  <w id="21" lemma="|we|" pos="PRP" wid="21">we</w>
  <w id="22" lemma="|be|" pos="VBP" wid="22">are</w>
  <w id="23" lemma="|in|" pos="IN" wid="23">in</w>
  <w id="24" lemma="|the|" pos="DT" wid="24">the</w>
  <w id="25" lemma="|habit|" pos="NN" wid="25">habit</w>
  <w id="26" lemma="|of|" pos="IN" wid="26">of</w>
  <w id="27" lemma="|do|" pos="VBG" wid="27">doing</w>
  <w id="28" lemma="|during|" pos="IN" wid="28">during</w>
  <w id="29" lemma="|the|" pos="DT" wid="29">the</w>
  <w id="30" lemma="|Easter|" pos="NNP" wid="30">Easter</w>
  <w id="31" lemma="|season|" pos="NN" wid="31">season</w>
  <w id="32" lemma="|.|" pos="." wid="32">.</w>
</sentence>
<sentence id="3">
  <w id="0" lemma="|the|" pos="DT" wid="0">The</w>
  <w id="1" lemma="|Orthodox|" pos="NNP" wid="1">Orthodox</w>
  <w id="2" lemma="|Churches|" pos="NNP" wid="2">Churches</w>
  <w id="3" lemma="|,|" pos="," wid="3">,</w>
  <w id="4" lemma="|indeed|" pos="RB" wid="4">indeed</w>
  <w id="5" lemma="|,|" pos="," wid="5">,</w>
  <w id="6" lemma="|be|" pos="VBP" wid="6">are</w>
  <w id="7" lemma="|celebrate|" pos="VBG" wid="7">celebrating</w>
  <w id="8" lemma="|Easter|" pos="NNP" wid="8">Easter</w>
  <w id="9" lemma="|today|" pos="NN" wid="9">today</w>
  <w id="10" lemma="|.|" pos="." wid="10">.</w>
</sentence>
<sentence id="4">
  <w id="0" lemma="|to|" pos="TO" wid="0">To</w>
  <w id="1" lemma="|they|" pos="PRP" wid="1">them</w>
  <w id="2" lemma="|go|" pos="VBZ" wid="2">goes</w>
  <w id="3" lemma="|we|" pos="PRP$" wid="3">our</w>
  <w id="4" lemma="|greet|" pos="VBG" wid="4">greeting</w>
  <w id="5" lemma="|:|" pos=":" wid="5">:</w>
  <w id="6" lemma="|Christ|" pos="NNP" wid="6">Christ</w>
  <w id="7" lemma="|be|" pos="VBZ" wid="7">is</w>
  <w id="8" lemma="|rise|" pos="VBN" wid="8">risen</w>
  <w id="9" lemma="|,|" pos="," wid="9">,</w>
  <w id="10" lemma="|alleluia|" pos="NN" wid="10">alleluia</w>
  <w id="11" lemma="|!|" pos="." wid="11">!</w>
</sentence>
<sentence id="5">
  <w id="0" lemma="|we|" pos="PRP" wid="0">We</w>
  <w id="1" lemma="|thus|" pos="RB" wid="1">thus</w>
  <w id="2" lemma="|have|" pos="VBP" wid="2">have</w>
  <w id="3" lemma="|many|" pos="JJ" wid="3">many</w>
  <w id="4" lemma="|reason|" pos="NNS" wid="4">reasons</w>
  <w id="5" lemma="|for|" pos="IN" wid="5">for</w>
  <w id="6" lemma="|say|" pos="VBG" wid="6">saying</w>
  <w id="7" lemma="|to|" pos="TO" wid="7">to</w>
  <w id="8" lemma="|the|" pos="DT" wid="8">the</w>
  <w id="9" lemma="|Blessed|" pos="NNP" wid="9">Blessed</w>
  <w id="10" lemma="|Virgin|" pos="NNP" wid="10">Virgin</w>
  <w id="11" lemma="|:|" pos=":" wid="11">:</w>
  <w id="12" lemma="|``|" pos="``" wid="12">``</w>
  <w id="13" lemma="|Queen|" pos="NNP" wid="13">Queen</w>
  <w id="14" lemma="|of|" pos="IN" wid="14">of</w>
  <w id="15" lemma="|Heaven|" pos="NNP" wid="15">Heaven</w>
  <w id="16" lemma="|,|" pos="," wid="16">,</w>
  <w id="17" lemma="|rejoice|" pos="NN" wid="17">rejoice</w>
  <w id="18" lemma="|!|" pos="." wid="18">!</w>
  <w id="19" lemma="|''|" pos="''" wid="19">''</w>
</sentence>
<sentence id="6">
  <w id="0" lemma="|be|" pos="VBZ" wid="0">Is</w>
  <w id="1" lemma="|not|" pos="RB" wid="1">not</w>
  <w id="2" lemma="|the|" pos="DT" wid="2">the</w>
  <w id="3" lemma="|celebration|" pos="NN" wid="3">celebration</w>
  <w id="4" lemma="|of|" pos="IN" wid="4">of</w>
  <w id="5" lemma="|the|" pos="DT" wid="5">the</w>
  <w id="6" lemma="|millennium|" pos="JJ" wid="6">millennium</w>
  <w id="7" lemma="|of|" pos="IN" wid="7">of</w>
  <w id="8" lemma="|the|" pos="DT" wid="8">the</w>
  <w id="9" lemma="|Martyrdom|" pos="NNP" wid="9">Martyrdom</w>
  <w id="10" lemma="|of|" pos="IN" wid="10">of</w>
  <w id="11" lemma="|Saint|" pos="NNP" wid="11">Saint</w>
  <w id="12" lemma="|Adalbert|" pos="NNP" wid="12">Adalbert</w>
  <w id="13" lemma="|a|" pos="DT" wid="13">a</w>
  <w id="14" lemma="|cause|" pos="NN" wid="14">cause</w>
  <w id="15" lemma="|for|" pos="IN" wid="15">for</w>
  <w id="16" lemma="|joy|" pos="NN" wid="16">joy</w>
  <w id="17" lemma="|?|" pos="." wid="17">?</w>
</sentence>
<sentence id="7">
  <w id="0" lemma="|recall|" pos="VBG" wid="0">Recalling</w>
  <w id="1" lemma="|the|" pos="DT" wid="1">the</w>
  <w id="2" lemma="|glorious|" pos="JJ" wid="2">glorious</w>
  <w id="3" lemma="|testimony|" pos="NN" wid="3">testimony</w>
  <w id="4" lemma="|of|" pos="IN" wid="4">of</w>
  <w id="5" lemma="|this|" pos="DT" wid="5">this</w>
  <w id="6" lemma="|exemplary|" pos="JJ" wid="6">exemplary</w>
  <w id="7" lemma="|image|" pos="NN" wid="7">image</w>
  <w id="8" lemma="|of|" pos="IN" wid="8">of</w>
  <w id="9" lemma="|a|" pos="DT" wid="9">a</w>
  <w id="10" lemma="|pastor|" pos="NN" wid="10">Pastor</w>
  <w id="11" lemma="|,|" pos="," wid="11">,</w>
  <w id="12" lemma="|untiring|" pos="JJ" wid="12">untiring</w>
  <w id="13" lemma="|in|" pos="IN" wid="13">in</w>
  <w id="14" lemma="|proclaim|" pos="VBG" wid="14">proclaiming</w>
  <w id="15" lemma="|Christ|" pos="NNP" wid="15">Christ</w>
  <w id="16" lemma="|to|" pos="TO" wid="16">to</w>
  <w id="17" lemma="|those|" pos="DT" wid="17">those</w>
  <w id="18" lemma="|near|" pos="JJ" wid="18">near</w>
  <w id="19" lemma="|and|" pos="CC" wid="19">and</w>
  <w id="20" lemma="|far|" pos="RB" wid="20">far</w>
  <w id="21" lemma="|,|" pos="," wid="21">,</w>
  <w id="22" lemma="|we|" pos="PRP" wid="22">we</w>
  <w id="23" lemma="|have|" pos="VBP" wid="23">have</w>
  <w id="24" lemma="|be|" pos="VBN" wid="24">been</w>
  <w id="25" lemma="|listen|" pos="VBG" wid="25">listening</w>
  <w id="26" lemma="|to|" pos="TO" wid="26">to</w>
  <w id="27" lemma="|he|" pos="PRP$" wid="27">his</w>
  <w id="28" lemma="|voice|" pos="NN" wid="28">voice</w>
  <w id="29" lemma="|.|" pos="." wid="29">.</w>
</sentence>
<sentence id="8">
  <w id="0" lemma="|he|" pos="PRP" wid="0">He</w>
  <w id="1" lemma="|be|" pos="VBZ" wid="1">is</w>
  <w id="2" lemma="|speak|" pos="VBG" wid="2">speaking</w>
  <w id="3" lemma="|still|" pos="RB" wid="3">still</w>
  <w id="4" lemma="|!|" pos="." wid="4">!</w>
</sentence>
<sentence id="9">
  <w id="0" lemma="|with|" pos="IN" wid="0">With</w>
  <w id="1" lemma="|the|" pos="DT" wid="1">the</w>
  <w id="2" lemma="|compelling|" pos="JJ" wid="2">compelling</w>
  <w id="3" lemma="|power|" pos="NN" wid="3">power</w>
  <w id="4" lemma="|of|" pos="IN" wid="4">of</w>
  <w id="5" lemma="|example|" pos="NN" wid="5">example</w>
  <w id="6" lemma="|he|" pos="PRP" wid="6">he</w>
  <w id="7" lemma="|propose|" pos="VBZ" wid="7">proposes</w>
  <w id="8" lemma="|to|" pos="TO" wid="8">to</w>
  <w id="9" lemma="|bishop|" pos="NNS" wid="9">Bishops</w>
  <w id="10" lemma="|,|" pos="," wid="10">,</w>
  <w id="11" lemma="|priest|" pos="NNS" wid="11">priests</w>
  <w id="12" lemma="|,|" pos="," wid="12">,</w>
  <w id="13" lemma="|consecrate|" pos="VBN" wid="13">consecrated</w>
  <w id="14" lemma="|person|" pos="NNS" wid="14">persons</w>
  <w id="15" lemma="|and|" pos="CC" wid="15">and</w>
  <w id="16" lemma="|young|" pos="JJ" wid="16">young</w>
  <w id="17" lemma="|people|" pos="NNS" wid="17">people</w>
  <w id="18" lemma="|the|" pos="DT" wid="18">the</w>
  <w id="19" lemma="|ideal|" pos="NN" wid="19">ideal</w>
  <w id="20" lemma="|of|" pos="IN" wid="20">of</w>
  <w id="21" lemma="|a|" pos="DT" wid="21">a</w>
  <w id="22" lemma="|life|" pos="NN" wid="22">life</w>
  <w id="23" lemma="|generously|" pos="RB" wid="23">generously</w>
  <w id="24" lemma="|spend|" pos="VBD" wid="24">spent</w>
  <w id="25" lemma="|for|" pos="IN" wid="25">for</w>
  <w id="26" lemma="|the|" pos="DT" wid="26">the</w>
  <w id="27" lemma="|Lord|" pos="NNP" wid="27">Lord</w>
  <w id="28" lemma="|and|" pos="CC" wid="28">and</w>
  <w id="29" lemma="|for|" pos="IN" wid="29">for</w>
  <w id="30" lemma="|other|" pos="NNS" wid="30">others</w>
  <w id="31" lemma="|.|" pos="." wid="31">.</w>
</sentence>
<sentence id="10">
  <w id="0" lemma="|he|" pos="PRP" wid="0">He</w>
  <w id="1" lemma="|encourage|" pos="VBZ" wid="1">encourages</w>
  <w id="2" lemma="|everyone|" pos="NN" wid="2">everyone</w>
  <w id="3" lemma="|to|" pos="TO" wid="3">to</w>
  <w id="4" lemma="|follow|" pos="VB" wid="4">follow</w>
  <w id="5" lemma="|the|" pos="DT" wid="5">the</w>
  <w id="6" lemma="|dictate|" pos="VBZ" wid="6">dictates</w>
  <w id="7" lemma="|of|" pos="IN" wid="7">of</w>
  <w id="8" lemma="|a|" pos="DT" wid="8">an</w>
  <w id="9" lemma="|upright|" pos="JJ" wid="9">upright</w>
  <w id="10" lemma="|conscience|" pos="NN" wid="10">conscience</w>
  <w id="11" lemma="|,|" pos="," wid="11">,</w>
  <w id="12" lemma="|to|" pos="TO" wid="12">to</w>
  <w id="13" lemma="|open|" pos="VB" wid="13">open</w>
  <w id="14" lemma="|they|" pos="PRP$" wid="14">their</w>
  <w id="15" lemma="|heart|" pos="NNS" wid="15">hearts</w>
  <w id="16" lemma="|to|" pos="TO" wid="16">to</w>
  <w id="17" lemma="|the|" pos="DT" wid="17">the</w>
  <w id="18" lemma="|value|" pos="NNS" wid="18">values</w>
  <w id="19" lemma="|of|" pos="IN" wid="19">of</w>
  <w id="20" lemma="|justice|" pos="NN" wid="20">justice</w>
  <w id="21" lemma="|,|" pos="," wid="21">,</w>
  <w id="22" lemma="|brotherhood|" pos="NN" wid="22">brotherhood</w>
  <w id="23" lemma="|,|" pos="," wid="23">,</w>
  <w id="24" lemma="|love|" pos="NN" wid="24">love</w>
  <w id="25" lemma="|and|" pos="CC" wid="25">and</w>
  <w id="26" lemma="|peace|" pos="NN" wid="26">peace</w>
  <w id="27" lemma="|.|" pos="." wid="27">.</w>
</sentence>
<sentence id="11">
  <w id="0" lemma="|he|" pos="PRP" wid="0">He</w>
  <w id="1" lemma="|likewise|" pos="RB" wid="1">likewise</w>
  <w id="2" lemma="|address|" pos="VBZ" wid="2">addresses</w>
  <w id="3" lemma="|to|" pos="TO" wid="3">to</w>
  <w id="4" lemma="|every|" pos="DT" wid="4">every</w>
  <w id="5" lemma="|son|" pos="NN" wid="5">son</w>
  <w id="6" lemma="|and|" pos="CC" wid="6">and</w>
  <w id="7" lemma="|daughter|" pos="NN" wid="7">daughter</w>
  <w id="8" lemma="|of|" pos="IN" wid="8">of</w>
  <w id="9" lemma="|this|" pos="DT" wid="9">this</w>
  <w id="10" lemma="|nation|" pos="NN" wid="10">nation</w>
  <w id="11" lemma="|a|" pos="DT" wid="11">an</w>
  <w id="12" lemma="|invitation|" pos="NN" wid="12">invitation</w>
  <w id="13" lemma="|to|" pos="TO" wid="13">to</w>
  <w id="14" lemma="|foster|" pos="VB" wid="14">foster</w>
  <w id="15" lemma="|unity|" pos="NN" wid="15">unity</w>
  <w id="16" lemma="|in|" pos="IN" wid="16">in</w>
  <w id="17" lemma="|diversity|" pos="NN" wid="17">diversity</w>
  <w id="18" lemma="|,|" pos="," wid="18">,</w>
  <w id="19" lemma="|to|" pos="TO" wid="19">to</w>
  <w id="20" lemma="|promote|" pos="VB" wid="20">promote</w>
  <w id="21" lemma="|culture|" pos="NN" wid="21">culture</w>
  <w id="22" lemma="|,|" pos="," wid="22">,</w>
  <w id="23" lemma="|and|" pos="CC" wid="23">and</w>
  <w id="24" lemma="|to|" pos="TO" wid="24">to</w>
  <w id="25" lemma="|harness|" pos="NN" wid="25">harness</w>
  <w id="26" lemma="|the|" pos="DT" wid="26">the</w>
  <w id="27" lemma="|heart|" pos="NN" wid="27">heart</w>
  <w id="28" lemma="|'s|" pos="POS" wid="28">'s</w>
  <w id="29" lemma="|deepest|" pos="JJS" wid="29">deepest</w>
  <w id="30" lemma="|aspiration|" pos="NNS" wid="30">aspirations</w>
  <w id="31" lemma="|in|" pos="IN" wid="31">in</w>
  <w id="32" lemma="|the|" pos="DT" wid="32">the</w>
  <w id="33" lemma="|quest|" pos="NN" wid="33">quest</w>
  <w id="34" lemma="|of|" pos="IN" wid="34">of</w>
  <w id="35" lemma="|the|" pos="DT" wid="35">the</w>
  <w id="36" lemma="|common|" pos="JJ" wid="36">common</w>
  <w id="37" lemma="|good|" pos="NN" wid="37">good</w>
  <w id="38" lemma="|.|" pos="." wid="38">.</w>
</sentence>
<sentence id="12">
  <w id="0" lemma="|2|" pos="CD" wid="0">2</w>
  <w id="1" lemma="|.|" pos="." wid="1">.</w>
</sentence>
<sentence id="13">
  <w id="0" lemma="|``|" pos="``" wid="0">``</w>
  <w id="1" lemma="|Queen|" pos="NNP" wid="1">Queen</w>
  <w id="2" lemma="|of|" pos="IN" wid="2">of</w>
  <w id="3" lemma="|Heaven|" pos="NNP" wid="3">Heaven</w>
  <w id="4" lemma="|,|" pos="," wid="4">,</w>
  <w id="5" lemma="|rejoice|" pos="NN" wid="5">rejoice</w>
  <w id="6" lemma="|!|" pos="." wid="6">!</w>
  <w id="7" lemma="|''|" pos="''" wid="7">''</w>
</sentence>
<sentence id="14">
  <w id="0" lemma="|another|" pos="DT" wid="0">Another</w>
  <w id="1" lemma="|cause|" pos="NN" wid="1">cause</w>
  <w id="2" lemma="|of|" pos="IN" wid="2">of</w>
  <w id="3" lemma="|joy|" pos="NN" wid="3">joy</w>
  <w id="4" lemma="|be|" pos="VBP" wid="4">are</w>
  <w id="5" lemma="|the|" pos="DT" wid="5">the</w>
  <w id="6" lemma="|saintly|" pos="JJ" wid="6">saintly</w>
  <w id="7" lemma="|figure|" pos="NNS" wid="7">figures</w>
  <w id="8" lemma="|,|" pos="," wid="8">,</w>
  <w id="9" lemma="|man|" pos="NNS" wid="9">men</w>
  <w id="10" lemma="|and|" pos="CC" wid="10">and</w>
  <w id="11" lemma="|woman|" pos="NNS" wid="11">women</w>
  <w id="12" lemma="|saint|" pos="NNS" wid="12">saints</w>
  <w id="13" lemma="|who|" pos="WP" wid="13">who</w>
  <w id="14" lemma="|have|" pos="VBP" wid="14">have</w>
  <w id="15" lemma="|make|" pos="VBN" wid="15">made</w>
  <w id="16" lemma="|this|" pos="DT" wid="16">this</w>
  <w id="17" lemma="|land|" pos="NN" wid="17">land</w>
  <w id="18" lemma="|great|" pos="JJ" wid="18">great</w>
  <w id="19" lemma="|:|" pos=":" wid="19">:</w>
  <w id="20" lemma="|Ludmilla|" pos="NNP" wid="20">Ludmilla</w>
  <w id="21" lemma="|,|" pos="," wid="21">,</w>
  <w id="22" lemma="|Wenceslaus|" pos="NNP" wid="22">Wenceslaus</w>
  <w id="23" lemma="|,|" pos="," wid="23">,</w>
  <w id="24" lemma="|Adalbert|" pos="NNP" wid="24">Adalbert</w>
  <w id="25" lemma="|,|" pos="," wid="25">,</w>
  <w id="26" lemma="|the|" pos="DT" wid="26">the</w>
  <w id="27" lemma="|root|" pos="NNS" wid="27">roots</w>
  <w id="28" lemma="|of|" pos="IN" wid="28">of</w>
  <w id="29" lemma="|the|" pos="DT" wid="29">the</w>
  <w id="30" lemma="|czech|" pos="JJ" wid="30">Czech</w>
  <w id="31" lemma="|nation|" pos="NN" wid="31">nation</w>
  <w id="32" lemma="|,|" pos="," wid="32">,</w>
  <w id="33" lemma="|bear|" pos="VBN" wid="33">born</w>
  <w id="34" lemma="|from|" pos="IN" wid="34">from</w>
  <w id="35" lemma="|the|" pos="DT" wid="35">the</w>
  <w id="36" lemma="|stock|" pos="NN" wid="36">stock</w>
  <w id="37" lemma="|plant|" pos="VBN" wid="37">planted</w>
  <w id="38" lemma="|by|" pos="IN" wid="38">by</w>
  <w id="39" lemma="|the|" pos="DT" wid="39">the</w>
  <w id="40" lemma="|two|" pos="CD" wid="40">two</w>
  <w id="41" lemma="|brother|" pos="NNS" wid="41">brothers</w>
  <w id="42" lemma="|from|" pos="IN" wid="42">from</w>
  <w id="43" lemma="|Thessalonika|" pos="NNP" wid="43">Thessalonika</w>
  <w id="44" lemma="|,|" pos="," wid="44">,</w>
  <w id="45" lemma="|Cyril|" pos="NNP" wid="45">Cyril</w>
  <w id="46" lemma="|and|" pos="CC" wid="46">and</w>
  <w id="47" lemma="|Methodius|" pos="NNP" wid="47">Methodius</w>
  <w id="48" lemma="|,|" pos="," wid="48">,</w>
  <w id="49" lemma="|and|" pos="CC" wid="49">and</w>
  <w id="50" lemma="|by|" pos="IN" wid="50">by</w>
  <w id="51" lemma="|they|" pos="PRP$" wid="51">their</w>
  <w id="52" lemma="|disciple|" pos="NNS" wid="52">disciples</w>
  <w id="53" lemma="|.|" pos="." wid="53">.</w>
</sentence>
<sentence id="15">
  <w id="0" lemma="|then|" pos="RB" wid="0">Then</w>
  <w id="1" lemma="|in|" pos="IN" wid="1">in</w>
  <w id="2" lemma="|the|" pos="DT" wid="2">the</w>
  <w id="3" lemma="|following|" pos="JJ" wid="3">following</w>
  <w id="4" lemma="|century|" pos="NNS" wid="4">centuries</w>
  <w id="5" lemma="|Procopius|" pos="NNP" wid="5">Procopius</w>
  <w id="6" lemma="|,|" pos="," wid="6">,</w>
  <w id="7" lemma="|the|" pos="DT" wid="7">the</w>
  <w id="8" lemma="|humble|" pos="JJ" wid="8">humble</w>
  <w id="9" lemma="|benedictine|" pos="NN" wid="9">Benedictine</w>
  <w id="10" lemma="|;|" pos=":" wid="10">;</w>
  <w id="11" lemma="|Agnes|" pos="NNP" wid="11">Agnes</w>
  <w id="12" lemma="|of|" pos="IN" wid="12">of</w>
  <w id="13" lemma="|Bohemia|" pos="NNP" wid="13">Bohemia</w>
  <w id="14" lemma="|,|" pos="," wid="14">,</w>
  <w id="15" lemma="|totally|" pos="RB" wid="15">totally</w>
  <w id="16" lemma="|devote|" pos="VBN" wid="16">devoted</w>
  <w id="17" lemma="|to|" pos="TO" wid="17">to</w>
  <w id="18" lemma="|God|" pos="NNP" wid="18">God</w>
  <w id="19" lemma="|and|" pos="CC" wid="19">and</w>
  <w id="20" lemma="|the|" pos="DT" wid="20">the</w>
  <w id="21" lemma="|poor|" pos="JJ" wid="21">poor</w>
  <w id="22" lemma="|;|" pos=":" wid="22">;</w>
  <w id="23" lemma="|Zdislava|" pos="NNP" wid="23">Zdislava</w>
  <w id="24" lemma="|,|" pos="," wid="24">,</w>
  <w id="25" lemma="|exemplary|" pos="JJ" wid="25">exemplary</w>
  <w id="26" lemma="|wife|" pos="NN" wid="26">wife</w>
  <w id="27" lemma="|and|" pos="CC" wid="27">and</w>
  <w id="28" lemma="|mother|" pos="NN" wid="28">mother</w>
  <w id="29" lemma="|in|" pos="IN" wid="29">in</w>
  <w id="30" lemma="|the|" pos="DT" wid="30">the</w>
  <w id="31" lemma="|daily|" pos="JJ" wid="31">daily</w>
  <w id="32" lemma="|life|" pos="NN" wid="32">life</w>
  <w id="33" lemma="|of|" pos="IN" wid="33">of</w>
  <w id="34" lemma="|the|" pos="DT" wid="34">the</w>
  <w id="35" lemma="|Castle|" pos="NNP" wid="35">Castle</w>
  <w id="36" lemma="|of|" pos="IN" wid="36">of</w>
  <w id="37" lemma="|Lemberk|" pos="NNP" wid="37">Lemberk</w>
  <w id="38" lemma="|.|" pos="." wid="38">.</w>
</sentence>
<sentence id="16">
  <w id="0" lemma="|in|" pos="IN" wid="0">In</w>
  <w id="1" lemma="|this|" pos="DT" wid="1">this</w>
  <w id="2" lemma="|host|" pos="NN" wid="2">host</w>
  <w id="3" lemma="|of|" pos="IN" wid="3">of</w>
  <w id="4" lemma="|saint|" pos="NNS" wid="4">saints</w>
  <w id="5" lemma="|there|" pos="EX" wid="5">there</w>
  <w id="6" lemma="|be|" pos="VBP" wid="6">are</w>
  <w id="7" lemma="|not|" pos="RB" wid="7">not</w>
  <w id="8" lemma="|lack|" pos="VBG" wid="8">lacking</w>
  <w id="9" lemma="|priest|" pos="NNS" wid="9">priests</w>
  <w id="10" lemma="|and|" pos="CC" wid="10">and</w>
  <w id="11" lemma="|martyr|" pos="NNS" wid="11">martyrs</w>
  <w id="12" lemma="|,|" pos="," wid="12">,</w>
  <w id="13" lemma="|such|" pos="JJ" wid="13">such</w>
  <w id="14" lemma="|as|" pos="IN" wid="14">as</w>
  <w id="15" lemma="|John|" pos="NNP" wid="15">John</w>
  <w id="16" lemma="|Nepomucene|" pos="NNP" wid="16">Nepomucene</w>
  <w id="17" lemma="|and|" pos="CC" wid="17">and</w>
  <w id="18" lemma="|John|" pos="NNP" wid="18">John</w>
  <w id="19" lemma="|Sarkander|" pos="NNP" wid="19">Sarkander</w>
  <w id="20" lemma="|,|" pos="," wid="20">,</w>
  <w id="21" lemma="|and|" pos="CC" wid="21">and</w>
  <w id="22" lemma="|missionary|" pos="NNS" wid="22">missionaries</w>
  <w id="23" lemma="|,|" pos="," wid="23">,</w>
  <w id="24" lemma="|such|" pos="JJ" wid="24">such</w>
  <w id="25" lemma="|as|" pos="IN" wid="25">as</w>
  <w id="26" lemma="|John|" pos="NNP" wid="26">John</w>
  <w id="27" lemma="|Nepomucene|" pos="NNP" wid="27">Nepomucene</w>
  <w id="28" lemma="|Neumann|" pos="NNP" wid="28">Neumann</w>
  <w id="29" lemma="|.|" pos="." wid="29">.</w>
</sentence>
<sentence id="17">
  <w id="0" lemma="|truly|" pos="RB" wid="0">Truly</w>
  <w id="1" lemma="|here|" pos="RB" wid="1">here</w>
  <w id="2" lemma="|the|" pos="DT" wid="2">the</w>
  <w id="3" lemma="|Gospel|" pos="NNP" wid="3">Gospel</w>
  <w id="4" lemma="|have|" pos="VBZ" wid="4">has</w>
  <w id="5" lemma="|not|" pos="RB" wid="5">not</w>
  <w id="6" lemma="|be|" pos="VBN" wid="6">been</w>
  <w id="7" lemma="|preach|" pos="VBN" wid="7">preached</w>
  <w id="8" lemma="|in|" pos="IN" wid="8">in</w>
  <w id="9" lemma="|vain|" pos="JJ" wid="9">vain</w>
  <w id="10" lemma="|!|" pos="." wid="10">!</w>
</sentence>
<sentence id="18">
  <w id="0" lemma="|seven|" pos="CD" wid="0">Seven</w>
  <w id="1" lemma="|year|" pos="NNS" wid="1">years</w>
  <w id="2" lemma="|ago|" pos="RB" wid="2">ago</w>
  <w id="3" lemma="|,|" pos="," wid="3">,</w>
  <w id="4" lemma="|precisely|" pos="RB" wid="4">precisely</w>
  <w id="5" lemma="|on|" pos="IN" wid="5">on</w>
  <w id="6" lemma="|this|" pos="DT" wid="6">this</w>
  <w id="7" lemma="|esplanade|" pos="NN" wid="7">esplanade</w>
  <w id="8" lemma="|of|" pos="IN" wid="8">of</w>
  <w id="9" lemma="|Letná|" pos="NNP" wid="9">Letná</w>
  <w id="10" lemma="|,|" pos="," wid="10">,</w>
  <w id="11" lemma="|I|" pos="PRP" wid="11">I</w>
  <w id="12" lemma="|say|" pos="VBD" wid="12">said</w>
  <w id="13" lemma="|to|" pos="TO" wid="13">to</w>
  <w id="14" lemma="|you|" pos="PRP" wid="14">you</w>
  <w id="15" lemma="|what|" pos="WP" wid="15">what</w>
  <w id="16" lemma="|I|" pos="PRP" wid="16">I</w>
  <w id="17" lemma="|also|" pos="RB" wid="17">also</w>
  <w id="18" lemma="|wish|" pos="VBP" wid="18">wish</w>
  <w id="19" lemma="|to|" pos="TO" wid="19">to</w>
  <w id="20" lemma="|repeat|" pos="VB" wid="20">repeat</w>
  <w id="21" lemma="|today|" pos="NN" wid="21">today</w>
  <w id="22" lemma="|:|" pos=":" wid="22">:</w>
  <w id="23" lemma="|``|" pos="``" wid="23">``</w>
  <w id="24" lemma="|you|" pos="PRP$" wid="24">Your</w>
  <w id="25" lemma="|christian|" pos="JJ" wid="25">Christian</w>
  <w id="26" lemma="|history|" pos="NN" wid="26">history</w>
  <w id="27" lemma="|...|" pos=":" wid="27">...</w>
  <w id="28" lemma="|be|" pos="VBZ" wid="28">is</w>
  <w id="29" lemma="|not|" pos="RB" wid="29">not</w>
  <w id="30" lemma="|over|" pos="RB" wid="30">over</w>
  <w id="31" lemma="|.|" pos="." wid="31">.</w>
</sentence>
<sentence id="19">
  <w id="0" lemma="|you|" pos="PRP$" wid="0">Your</w>
  <w id="1" lemma="|saint|" pos="NNS" wid="1">saints</w>
  <w id="2" lemma="|be|" pos="VBP" wid="2">are</w>
  <w id="3" lemma="|not|" pos="RB" wid="3">not</w>
  <w id="4" lemma="|silent|" pos="JJ" wid="4">silent</w>
  <w id="5" lemma="|...|" pos=":" wid="5">...</w>
  <w id="6" lemma="|you|" pos="PRP$" wid="6">Your</w>
  <w id="7" lemma="|saint|" pos="NNS" wid="7">saints</w>
  <w id="8" lemma="|be|" pos="VBP" wid="8">are</w>
  <w id="9" lemma="|alive|" pos="JJ" wid="9">alive</w>
  <w id="10" lemma="|.|" pos="." wid="10">.</w>
</sentence>
<sentence id="20">
  <w id="0" lemma="|they|" pos="PRP" wid="0">They</w>
  <w id="1" lemma="|be|" pos="VBP" wid="1">are</w>
  <w id="2" lemma="|the|" pos="DT" wid="2">the</w>
  <w id="3" lemma="|guarantor|" pos="NNS" wid="3">guarantors</w>
  <w id="4" lemma="|of|" pos="IN" wid="4">of</w>
  <w id="5" lemma="|you|" pos="PRP$" wid="5">your</w>
  <w id="6" lemma="|past|" pos="NN" wid="6">past</w>
  <w id="7" lemma="|and|" pos="CC" wid="7">and</w>
  <w id="8" lemma="|of|" pos="IN" wid="8">of</w>
  <w id="9" lemma="|you|" pos="PRP$" wid="9">your</w>
  <w id="10" lemma="|future|" pos="NN" wid="10">future</w>
  <w id="11" lemma="|''|" pos="''" wid="11">''</w>
  <w id="12" lemma="|-lrb-|" pos="-LRB-" wid="12">-LRB-</w>
  <w id="13" lemma="|Homily|" pos="NNP" wid="13">Homily</w>
  <w id="14" lemma="|,|" pos="," wid="14">,</w>
  <w id="15" lemma="|21|" pos="CD" wid="15">21</w>
  <w id="16" lemma="|April|" pos="NNP" wid="16">April</w>
  <w id="17" lemma="|1990|" pos="CD" wid="17">1990</w>
  <w id="18" lemma="|,|" pos="," wid="18">,</w>
  <w id="19" lemma="|No|" pos="NNP" wid="19">No</w>
  <w id="20" lemma="|.|" pos="." wid="20">.</w>
</sentence>
<sentence id="21">
  <w id="0" lemma="|4|" pos="LS" wid="0">4</w>
  <w id="1" lemma="|-rrb-|" pos="-RRB-" wid="1">-RRB-</w>
  <w id="2" lemma="|.|" pos="." wid="2">.</w>
</sentence>
<sentence id="22">
  <w id="0" lemma="|3|" pos="LS" wid="0">3</w>
  <w id="1" lemma="|.|" pos="." wid="1">.</w>
</sentence>
<sentence id="23">
  <w id="0" lemma="|``|" pos="``" wid="0">``</w>
  <w id="1" lemma="|regina|" pos="FW" wid="1">Regina</w>
  <w id="2" lemma="|caeli|" pos="FW" wid="2">caeli</w>
  <w id="3" lemma="|laetare|" pos="NN" wid="3">laetare</w>
  <w id="4" lemma="|,|" pos="," wid="4">,</w>
  <w id="5" lemma="|alleluia|" pos="NN" wid="5">alleluia</w>
  <w id="6" lemma="|!|" pos="." wid="6">!</w>
  <w id="7" lemma="|''|" pos="''" wid="7">''</w>
</sentence>
<sentence id="24">
  <w id="0" lemma="|let|" pos="VB" wid="0">Let</w>
  <w id="1" lemma="|we|" pos="PRP" wid="1">us</w>
  <w id="2" lemma="|too|" pos="RB" wid="2">too</w>
  <w id="3" lemma="|rejoice|" pos="VBP" wid="3">rejoice</w>
  <w id="4" lemma="|therefore|" pos="RB" wid="4">therefore</w>
  <w id="5" lemma="|with|" pos="IN" wid="5">with</w>
  <w id="6" lemma="|the|" pos="DT" wid="6">the</w>
  <w id="7" lemma="|Mother|" pos="NNP" wid="7">Mother</w>
  <w id="8" lemma="|of|" pos="IN" wid="8">of</w>
  <w id="9" lemma="|God|" pos="NNP" wid="9">God</w>
  <w id="10" lemma="|and|" pos="CC" wid="10">and</w>
  <w id="11" lemma="|look|" pos="VB" wid="11">look</w>
  <w id="12" lemma="|to|" pos="TO" wid="12">to</w>
  <w id="13" lemma="|the|" pos="DT" wid="13">the</w>
  <w id="14" lemma="|future|" pos="NN" wid="14">future</w>
  <w id="15" lemma="|with|" pos="IN" wid="15">with</w>
  <w id="16" lemma="|soul|" pos="NNS" wid="16">souls</w>
  <w id="17" lemma="|full|" pos="JJ" wid="17">full</w>
  <w id="18" lemma="|of|" pos="IN" wid="18">of</w>
  <w id="19" lemma="|hope|" pos="NN" wid="19">hope</w>
  <w id="20" lemma="|.|" pos="." wid="20">.</w>
</sentence>
<sentence id="25">
  <w id="0" lemma="|Dear|" pos="NNP" wid="0">Dear</w>
  <w id="1" lemma="|Brothers|" pos="NNPS" wid="1">Brothers</w>
  <w id="2" lemma="|and|" pos="CC" wid="2">and</w>
  <w id="3" lemma="|sister|" pos="NNS" wid="3">Sisters</w>
  <w id="4" lemma="|,|" pos="," wid="4">,</w>
  <w id="5" lemma="|may|" pos="MD" wid="5">may</w>
  <w id="6" lemma="|Mary|" pos="NNP" wid="6">Mary</w>
  <w id="7" lemma="|present|" pos="JJ" wid="7">present</w>
  <w id="8" lemma="|to|" pos="TO" wid="8">to</w>
  <w id="9" lemma="|she|" pos="PRP$" wid="9">her</w>
  <w id="10" lemma="|Risen|" pos="NNP" wid="10">Risen</w>
  <w id="11" lemma="|Son|" pos="NNP" wid="11">Son</w>
  <w id="12" lemma="|you|" pos="PRP$" wid="12">your</w>
  <w id="13" lemma="|generous|" pos="JJ" wid="13">generous</w>
  <w id="14" lemma="|promise|" pos="NNS" wid="14">promises</w>
  <w id="15" lemma="|of|" pos="IN" wid="15">of</w>
  <w id="16" lemma="|fidelity|" pos="NN" wid="16">fidelity</w>
  <w id="17" lemma="|and|" pos="CC" wid="17">and</w>
  <w id="18" lemma="|spiritual|" pos="JJ" wid="18">spiritual</w>
  <w id="19" lemma="|renewal|" pos="NN" wid="19">renewal</w>
  <w id="20" lemma="|,|" pos="," wid="20">,</w>
  <w id="21" lemma="|at|" pos="IN" wid="21">at</w>
  <w id="22" lemma="|the|" pos="DT" wid="22">the</w>
  <w id="23" lemma="|end|" pos="NN" wid="23">end</w>
  <w id="24" lemma="|of|" pos="IN" wid="24">of</w>
  <w id="25" lemma="|the|" pos="DT" wid="25">the</w>
  <w id="26" lemma="|Millennium|" pos="NNP" wid="26">Millennium</w>
  <w id="27" lemma="|of|" pos="IN" wid="27">of</w>
  <w id="28" lemma="|Saint|" pos="NNP" wid="28">Saint</w>
  <w id="29" lemma="|Adalbert|" pos="NNP" wid="29">Adalbert</w>
  <w id="30" lemma="|,|" pos="," wid="30">,</w>
  <w id="31" lemma="|as|" pos="IN" wid="31">as</w>
  <w id="32" lemma="|we|" pos="PRP" wid="32">we</w>
  <w id="33" lemma="|look|" pos="VBP" wid="33">look</w>
  <w id="34" lemma="|forward|" pos="RB" wid="34">forward</w>
  <w id="35" lemma="|to|" pos="TO" wid="35">to</w>
  <w id="36" lemma="|the|" pos="DT" wid="36">the</w>
  <w id="37" lemma="|great|" pos="JJ" wid="37">Great</w>
  <w id="38" lemma="|jubilee|" pos="NN" wid="38">Jubilee</w>
  <w id="39" lemma="|of|" pos="IN" wid="39">of</w>
  <w id="40" lemma="|the|" pos="DT" wid="40">the</w>
  <w id="41" lemma="|Year|" pos="NNP" wid="41">Year</w>
  <w id="42" lemma="|2000|" pos="CD" wid="42">2000</w>
  <w id="43" lemma="|.|" pos="." wid="43">.</w>
</sentence>
<sentence id="26">
  <w id="0" lemma="|we|" pos="PRP" wid="0">We</w>
  <w id="1" lemma="|rejoice|" pos="VBP" wid="1">rejoice</w>
  <w id="2" lemma="|with|" pos="IN" wid="2">with</w>
  <w id="3" lemma="|you|" pos="PRP" wid="3">you</w>
  <w id="4" lemma="|,|" pos="," wid="4">,</w>
  <w id="5" lemma="|Mother|" pos="NNP" wid="5">Mother</w>
  <w id="6" lemma="|of|" pos="IN" wid="6">of</w>
  <w id="7" lemma="|the|" pos="DT" wid="7">the</w>
  <w id="8" lemma="|Church|" pos="NNP" wid="8">Church</w>
  <w id="9" lemma="|,|" pos="," wid="9">,</w>
  <w id="10" lemma="|and|" pos="CC" wid="10">and</w>
  <w id="11" lemma="|we|" pos="PRP" wid="11">we</w>
  <w id="12" lemma="|thank|" pos="VBP" wid="12">thank</w>
  <w id="13" lemma="|you|" pos="PRP" wid="13">you</w>
  <w id="14" lemma="|for|" pos="IN" wid="14">for</w>
  <w id="15" lemma="|these|" pos="DT" wid="15">these</w>
  <w id="16" lemma="|great|" pos="JJ" wid="16">great</w>
  <w id="17" lemma="|gift|" pos="NNS" wid="17">gifts</w>
  <w id="18" lemma="|.|" pos="." wid="18">.</w>
</sentence>
<sentence id="27">
  <w id="0" lemma="|do|" pos="VBP" wid="0">Do</w>
  <w id="1" lemma="|not|" pos="RB" wid="1">not</w>
  <w id="2" lemma="|forget|" pos="VB" wid="2">forget</w>
  <w id="3" lemma="|this|" pos="DT" wid="3">this</w>
  <w id="4" lemma="|people|" pos="NNS" wid="4">people</w>
  <w id="5" lemma="|:|" pos=":" wid="5">:</w>
  <w id="6" lemma="|accompany|" pos="VB" wid="6">accompany</w>
  <w id="7" lemma="|they|" pos="PRP" wid="7">them</w>
  <w id="8" lemma="|with|" pos="IN" wid="8">with</w>
  <w id="9" lemma="|you|" pos="PRP$" wid="9">your</w>
  <w id="10" lemma="|maternal|" pos="JJ" wid="10">maternal</w>
  <w id="11" lemma="|protection|" pos="NN" wid="11">protection</w>
  <w id="12" lemma="|,|" pos="," wid="12">,</w>
  <w id="13" lemma="|now|" pos="RB" wid="13">now</w>
  <w id="14" lemma="|and|" pos="CC" wid="14">and</w>
  <w id="15" lemma="|for|" pos="IN" wid="15">for</w>
  <w id="16" lemma="|ever|" pos="RB" wid="16">ever</w>
  <w id="17" lemma="|.|" pos="." wid="17">.</w>
</sentence>
<sentence id="28">
  <w id="0" lemma="|queen|" pos="NN" wid="0">Queen</w>
  <w id="1" lemma="|of|" pos="IN" wid="1">of</w>
  <w id="2" lemma="|Heaven|" pos="NNP" wid="2">Heaven</w>
  <w id="3" lemma="|,|" pos="," wid="3">,</w>
  <w id="4" lemma="|rejoice|" pos="NN" wid="4">rejoice</w>
  <w id="5" lemma="|!|" pos="." wid="5">!</w>
</sentence>
</corpus>