<corpus id="0">
<sentence id="0">
  <w id="0" lemma="|Dear|" pos="NNP" wid="0">Dear</w>
  <w id="1" lemma="|Brothers|" pos="NNPS" wid="1">Brothers</w>
  <w id="2" lemma="|and|" pos="CC" wid="2">and</w>
  <w id="3" lemma="|sister|" pos="NNS" wid="3">Sisters</w>
  <w id="4" lemma="|,|" pos="," wid="4">,</w>
  <w id="5" lemma="|1|" pos="CD" wid="5">1</w>
  <w id="6" lemma="|.|" pos="." wid="6">.</w>
</sentence>
<sentence id="1">
  <w id="0" lemma="|today|" pos="NN" wid="0">Today</w>
  <w id="1" lemma="|,|" pos="," wid="1">,</w>
  <w id="2" lemma="|the|" pos="DT" wid="2">the</w>
  <w id="3" lemma="|last|" pos="JJ" wid="3">last</w>
  <w id="4" lemma="|Sunday|" pos="NNP" wid="4">Sunday</w>
  <w id="5" lemma="|of|" pos="IN" wid="5">of</w>
  <w id="6" lemma="|the|" pos="DT" wid="6">the</w>
  <w id="7" lemma="|liturgical|" pos="JJ" wid="7">liturgical</w>
  <w id="8" lemma="|year|" pos="NN" wid="8">year</w>
  <w id="9" lemma="|,|" pos="," wid="9">,</w>
  <w id="10" lemma="|we|" pos="PRP" wid="10">we</w>
  <w id="11" lemma="|be|" pos="VBP" wid="11">are</w>
  <w id="12" lemma="|celebrate|" pos="VBG" wid="12">celebrating</w>
  <w id="13" lemma="|the|" pos="DT" wid="13">the</w>
  <w id="14" lemma="|solemnity|" pos="NN" wid="14">Solemnity</w>
  <w id="15" lemma="|of|" pos="IN" wid="15">of</w>
  <w id="16" lemma="|Jesus|" pos="NNP" wid="16">Jesus</w>
  <w id="17" lemma="|Christ|" pos="NNP" wid="17">Christ</w>
  <w id="18" lemma="|,|" pos="," wid="18">,</w>
  <w id="19" lemma="|King|" pos="NNP" wid="19">King</w>
  <w id="20" lemma="|of|" pos="IN" wid="20">of</w>
  <w id="21" lemma="|the|" pos="DT" wid="21">the</w>
  <w id="22" lemma="|universe|" pos="NN" wid="22">Universe</w>
  <w id="23" lemma="|.|" pos="." wid="23">.</w>
</sentence>
<sentence id="2">
  <w id="0" lemma="|in|" pos="IN" wid="0">In</w>
  <w id="1" lemma="|recent|" pos="JJ" wid="1">recent</w>
  <w id="2" lemma="|month|" pos="NNS" wid="2">months</w>
  <w id="3" lemma="|we|" pos="PRP" wid="3">we</w>
  <w id="4" lemma="|have|" pos="VBP" wid="4">have</w>
  <w id="5" lemma="|contemplate|" pos="VBN" wid="5">contemplated</w>
  <w id="6" lemma="|he|" pos="PRP" wid="6">him</w>
  <w id="7" lemma="|in|" pos="IN" wid="7">in</w>
  <w id="8" lemma="|all|" pos="PDT" wid="8">all</w>
  <w id="9" lemma="|he|" pos="PRP$" wid="9">his</w>
  <w id="10" lemma="|mystery|" pos="NNS" wid="10">mysteries</w>
  <w id="11" lemma="|,|" pos="," wid="11">,</w>
  <w id="12" lemma="|from|" pos="IN" wid="12">from</w>
  <w id="13" lemma="|he|" pos="PRP$" wid="13">his</w>
  <w id="14" lemma="|birth|" pos="NN" wid="14">Birth</w>
  <w id="15" lemma="|to|" pos="TO" wid="15">to</w>
  <w id="16" lemma="|he|" pos="PRP$" wid="16">his</w>
  <w id="17" lemma="|Ascension|" pos="NNP" wid="17">Ascension</w>
  <w id="18" lemma="|into|" pos="IN" wid="18">into</w>
  <w id="19" lemma="|Heaven|" pos="NNP" wid="19">Heaven</w>
  <w id="20" lemma="|,|" pos="," wid="20">,</w>
  <w id="21" lemma="|centre|" pos="VBG" wid="21">centring</w>
  <w id="22" lemma="|on|" pos="IN" wid="22">on</w>
  <w id="23" lemma="|Easter|" pos="NNP" wid="23">Easter</w>
  <w id="24" lemma="|with|" pos="IN" wid="24">with</w>
  <w id="25" lemma="|he|" pos="PRP$" wid="25">his</w>
  <w id="26" lemma="|death|" pos="NN" wid="26">Death</w>
  <w id="27" lemma="|and|" pos="CC" wid="27">and</w>
  <w id="28" lemma="|resurrection|" pos="NN" wid="28">Resurrection</w>
  <w id="29" lemma="|.|" pos="." wid="29">.</w>
</sentence>
<sentence id="3">
  <w id="0" lemma="|together|" pos="RB" wid="0">Together</w>
  <w id="1" lemma="|with|" pos="IN" wid="1">with</w>
  <w id="2" lemma="|the|" pos="DT" wid="2">the</w>
  <w id="3" lemma="|Apostle|" pos="NNP" wid="3">Apostle</w>
  <w id="4" lemma="|Paul|" pos="NNP" wid="4">Paul</w>
  <w id="5" lemma="|,|" pos="," wid="5">,</w>
  <w id="6" lemma="|we|" pos="PRP" wid="6">we</w>
  <w id="7" lemma="|recognize|" pos="VBP" wid="7">recognize</w>
  <w id="8" lemma="|that|" pos="IN" wid="8">that</w>
  <w id="9" lemma="|God|" pos="NNP" wid="9">God</w>
  <w id="10" lemma="|'s|" pos="POS" wid="10">'s</w>
  <w id="11" lemma="|plan|" pos="NN" wid="11">plan</w>
  <w id="12" lemma="|be|" pos="VBZ" wid="12">is</w>
  <w id="13" lemma="|``|" pos="``" wid="13">``</w>
  <w id="14" lemma="|to|" pos="TO" wid="14">to</w>
  <w id="15" lemma="|unite|" pos="VB" wid="15">unite</w>
  <w id="16" lemma="|all|" pos="DT" wid="16">all</w>
  <w id="17" lemma="|thing|" pos="NNS" wid="17">things</w>
  <w id="18" lemma="|in|" pos="IN" wid="18">in</w>
  <w id="19" lemma="|he|" pos="PRP" wid="19">him</w>
  <w id="20" lemma="|,|" pos="," wid="20">,</w>
  <w id="21" lemma="|thing|" pos="NNS" wid="21">things</w>
  <w id="22" lemma="|in|" pos="IN" wid="22">in</w>
  <w id="23" lemma="|heaven|" pos="NN" wid="23">heaven</w>
  <w id="24" lemma="|and|" pos="CC" wid="24">and</w>
  <w id="25" lemma="|thing|" pos="NNS" wid="25">things</w>
  <w id="26" lemma="|on|" pos="IN" wid="26">on</w>
  <w id="27" lemma="|earth|" pos="NN" wid="27">earth</w>
  <w id="28" lemma="|''|" pos="''" wid="28">''</w>
  <w id="29" lemma="|-lrb-|" pos="-LRB-" wid="29">-LRB-</w>
  <w id="30" lemma="|eph|" pos="NN" wid="30">Eph</w>
  <w id="31" lemma="|1|" pos="CD" wid="31">1</w>
  <w id="32" lemma="|:|" pos=":" wid="32">:</w>
  <w id="33" lemma="|10|" pos="CD" wid="33">10</w>
  <w id="34" lemma="|-rrb-|" pos="-RRB-" wid="34">-RRB-</w>
  <w id="35" lemma="|.|" pos="." wid="35">.</w>
</sentence>
<sentence id="4">
  <w id="0" lemma="|2|" pos="CD" wid="0">2</w>
  <w id="1" lemma="|.|" pos="." wid="1">.</w>
</sentence>
<sentence id="5">
  <w id="0" lemma="|the|" pos="DT" wid="0">The</w>
  <w id="1" lemma="|mission|" pos="NN" wid="1">mission</w>
  <w id="2" lemma="|of|" pos="IN" wid="2">of</w>
  <w id="3" lemma="|believer|" pos="NNS" wid="3">believers</w>
  <w id="4" lemma="|,|" pos="," wid="4">,</w>
  <w id="5" lemma="|call|" pos="VBN" wid="5">called</w>
  <w id="6" lemma="|to|" pos="TO" wid="6">to</w>
  <w id="7" lemma="|cooperate|" pos="VB" wid="7">cooperate</w>
  <w id="8" lemma="|in|" pos="IN" wid="8">in</w>
  <w id="9" lemma="|build|" pos="VBG" wid="9">building</w>
  <w id="10" lemma="|God|" pos="NNP" wid="10">God</w>
  <w id="11" lemma="|'s|" pos="POS" wid="11">'s</w>
  <w id="12" lemma="|Kingdom|" pos="NNP" wid="12">Kingdom</w>
  <w id="13" lemma="|with|" pos="IN" wid="13">with</w>
  <w id="14" lemma="|they|" pos="PRP$" wid="14">their</w>
  <w id="15" lemma="|different|" pos="JJ" wid="15">different</w>
  <w id="16" lemma="|ministry|" pos="NNS" wid="16">ministries</w>
  <w id="17" lemma="|and|" pos="CC" wid="17">and</w>
  <w id="18" lemma="|charism|" pos="NNS" wid="18">charisms</w>
  <w id="19" lemma="|,|" pos="," wid="19">,</w>
  <w id="20" lemma="|acquire|" pos="VBZ" wid="20">acquires</w>
  <w id="21" lemma="|its|" pos="PRP$" wid="21">its</w>
  <w id="22" lemma="|full|" pos="JJ" wid="22">full</w>
  <w id="23" lemma="|importance|" pos="NN" wid="23">importance</w>
  <w id="24" lemma="|on|" pos="IN" wid="24">on</w>
  <w id="25" lemma="|contemplate|" pos="VBG" wid="25">contemplating</w>
  <w id="26" lemma="|the|" pos="DT" wid="26">the</w>
  <w id="27" lemma="|one|" pos="CD" wid="27">One</w>
  <w id="28" lemma="|whom|" pos="WP" wid="28">whom</w>
  <w id="29" lemma="|the|" pos="DT" wid="29">the</w>
  <w id="30" lemma="|Eastern|" pos="NNP" wid="30">Eastern</w>
  <w id="31" lemma="|Liturgy|" pos="NNP" wid="31">Liturgy</w>
  <w id="32" lemma="|call|" pos="VBZ" wid="32">calls</w>
  <w id="33" lemma="|the|" pos="DT" wid="33">the</w>
  <w id="34" lemma="|``|" pos="``" wid="34">``</w>
  <w id="35" lemma="|Pantocrator|" pos="NNP" wid="35">Pantocrator</w>
  <w id="36" lemma="|''|" pos="''" wid="36">''</w>
  <w id="37" lemma="|.|" pos="." wid="37">.</w>
</sentence>
<sentence id="6">
  <w id="0" lemma="|I|" pos="PRP" wid="0">I</w>
  <w id="1" lemma="|would|" pos="MD" wid="1">would</w>
  <w id="2" lemma="|also|" pos="RB" wid="2">also</w>
  <w id="3" lemma="|like|" pos="VB" wid="3">like</w>
  <w id="4" lemma="|to|" pos="TO" wid="4">to</w>
  <w id="5" lemma="|set|" pos="VB" wid="5">set</w>
  <w id="6" lemma="|against|" pos="IN" wid="6">against</w>
  <w id="7" lemma="|this|" pos="DT" wid="7">this</w>
  <w id="8" lemma="|background|" pos="NN" wid="8">background</w>
  <w id="9" lemma="|a|" pos="DT" wid="9">a</w>
  <w id="10" lemma="|specific|" pos="JJ" wid="10">specific</w>
  <w id="11" lemma="|ecclesial|" pos="JJ" wid="11">ecclesial</w>
  <w id="12" lemma="|event|" pos="NN" wid="12">event</w>
  <w id="13" lemma="|that|" pos="WDT" wid="13">that</w>
  <w id="14" lemma="|be|" pos="VBZ" wid="14">is</w>
  <w id="15" lemma="|take|" pos="VBG" wid="15">taking</w>
  <w id="16" lemma="|place|" pos="NN" wid="16">place</w>
  <w id="17" lemma="|in|" pos="IN" wid="17">in</w>
  <w id="18" lemma="|Rome|" pos="NNP" wid="18">Rome</w>
  <w id="19" lemma="|in|" pos="IN" wid="19">in</w>
  <w id="20" lemma="|these|" pos="DT" wid="20">these</w>
  <w id="21" lemma="|day|" pos="NNS" wid="21">days</w>
  <w id="22" lemma="|.|" pos="." wid="22">.</w>
</sentence>
<sentence id="7">
  <w id="0" lemma="|I|" pos="PRP" wid="0">I</w>
  <w id="1" lemma="|be|" pos="VBP" wid="1">am</w>
  <w id="2" lemma="|refer|" pos="VBG" wid="2">referring</w>
  <w id="3" lemma="|to|" pos="TO" wid="3">to</w>
  <w id="4" lemma="|the|" pos="DT" wid="4">the</w>
  <w id="5" lemma="|Congress|" pos="NNP" wid="5">Congress</w>
  <w id="6" lemma="|on|" pos="IN" wid="6">on</w>
  <w id="7" lemma="|sacred|" pos="JJ" wid="7">Sacred</w>
  <w id="8" lemma="|music|" pos="NN" wid="8">Music</w>
  <w id="9" lemma="|organize|" pos="VBN" wid="9">organized</w>
  <w id="10" lemma="|by|" pos="IN" wid="10">by</w>
  <w id="11" lemma="|the|" pos="DT" wid="11">the</w>
  <w id="12" lemma="|St|" pos="NNP" wid="12">St</w>
  <w id="13" lemma="|Cecilia|" pos="NNP" wid="13">Cecilia</w>
  <w id="14" lemma="|Association|" pos="NNP" wid="14">Association</w>
  <w id="15" lemma="|for|" pos="IN" wid="15">for</w>
  <w id="16" lemma="|the|" pos="DT" wid="16">the</w>
  <w id="17" lemma="|centenary|" pos="JJ" wid="17">centenary</w>
  <w id="18" lemma="|of|" pos="IN" wid="18">of</w>
  <w id="19" lemma="|the|" pos="DT" wid="19">the</w>
  <w id="20" lemma="|Motu|" pos="NNP" wid="20">Motu</w>
  <w id="21" lemma="|Proprio|" pos="NNP" wid="21">Proprio</w>
  <w id="22" lemma="|Tra|" pos="NNP" wid="22">Tra</w>
  <w id="23" lemma="|le|" pos="FW" wid="23">le</w>
  <w id="24" lemma="|Sollecitudini|" pos="NNP" wid="24">Sollecitudini</w>
  <w id="25" lemma="|,|" pos="," wid="25">,</w>
  <w id="26" lemma="|a|" pos="DT" wid="26">an</w>
  <w id="27" lemma="|important|" pos="JJ" wid="27">important</w>
  <w id="28" lemma="|instruction|" pos="NN" wid="28">Instruction</w>
  <w id="29" lemma="|on|" pos="IN" wid="29">on</w>
  <w id="30" lemma="|sacred|" pos="JJ" wid="30">sacred</w>
  <w id="31" lemma="|music|" pos="NN" wid="31">music</w>
  <w id="32" lemma="|promulgate|" pos="VBN" wid="32">promulgated</w>
  <w id="33" lemma="|by|" pos="IN" wid="33">by</w>
  <w id="34" lemma="|Pope|" pos="NNP" wid="34">Pope</w>
  <w id="35" lemma="|St|" pos="NNP" wid="35">St</w>
  <w id="36" lemma="|Pius|" pos="NNP" wid="36">Pius</w>
  <w id="37" lemma="|X.|" pos="NNP" wid="37">X.</w>
  <w id="38" lemma="|I|" pos="PRP" wid="38">I</w>
  <w id="39" lemma="|offer|" pos="VBP" wid="39">offer</w>
  <w id="40" lemma="|a|" pos="DT" wid="40">a</w>
  <w id="41" lemma="|cordial|" pos="JJ" wid="41">cordial</w>
  <w id="42" lemma="|greet|" pos="VBG" wid="42">greeting</w>
  <w id="43" lemma="|to|" pos="TO" wid="43">to</w>
  <w id="44" lemma="|the|" pos="DT" wid="44">the</w>
  <w id="45" lemma="|many|" pos="JJ" wid="45">many</w>
  <w id="46" lemma="|participant|" pos="NNS" wid="46">participants</w>
  <w id="47" lemma="|and|" pos="CC" wid="47">and</w>
  <w id="48" lemma="|express|" pos="VB" wid="48">express</w>
  <w id="49" lemma="|my|" pos="PRP$" wid="49">my</w>
  <w id="50" lemma="|gratitude|" pos="NN" wid="50">gratitude</w>
  <w id="51" lemma="|to|" pos="TO" wid="51">to</w>
  <w id="52" lemma="|all|" pos="PDT" wid="52">all</w>
  <w id="53" lemma="|those|" pos="DT" wid="53">those</w>
  <w id="54" lemma="|who|" pos="WP" wid="54">who</w>
  <w id="55" lemma="|put|" pos="VBP" wid="55">put</w>
  <w id="56" lemma="|they|" pos="PRP$" wid="56">their</w>
  <w id="57" lemma="|musical|" pos="JJ" wid="57">musical</w>
  <w id="58" lemma="|talent|" pos="NN" wid="58">talent</w>
  <w id="59" lemma="|and|" pos="CC" wid="59">and</w>
  <w id="60" lemma="|skill|" pos="NN" wid="60">skill</w>
  <w id="61" lemma="|at|" pos="IN" wid="61">at</w>
  <w id="62" lemma="|the|" pos="DT" wid="62">the</w>
  <w id="63" lemma="|service|" pos="NN" wid="63">service</w>
  <w id="64" lemma="|of|" pos="IN" wid="64">of</w>
  <w id="65" lemma="|the|" pos="DT" wid="65">the</w>
  <w id="66" lemma="|liturgy|" pos="NN" wid="66">liturgy</w>
  <w id="67" lemma="|.|" pos="." wid="67">.</w>
</sentence>
<sentence id="8">
  <w id="0" lemma="|3|" pos="LS" wid="0">3</w>
  <w id="1" lemma="|.|" pos="." wid="1">.</w>
</sentence>
<sentence id="9">
  <w id="0" lemma="|Beside|" pos="NNP" wid="0">Beside</w>
  <w id="1" lemma="|Jesus|" pos="NNP" wid="1">Jesus</w>
  <w id="2" lemma="|,|" pos="," wid="2">,</w>
  <w id="3" lemma="|King|" pos="NNP" wid="3">King</w>
  <w id="4" lemma="|of|" pos="IN" wid="4">of</w>
  <w id="5" lemma="|the|" pos="DT" wid="5">the</w>
  <w id="6" lemma="|Universe|" pos="NNP" wid="6">Universe</w>
  <w id="7" lemma="|,|" pos="," wid="7">,</w>
  <w id="8" lemma="|let|" pos="VB" wid="8">let</w>
  <w id="9" lemma="|we|" pos="PRP" wid="9">us</w>
  <w id="10" lemma="|contemplate|" pos="VB" wid="10">contemplate</w>
  <w id="11" lemma="|Mary|" pos="NNP" wid="11">Mary</w>
  <w id="12" lemma="|,|" pos="," wid="12">,</w>
  <w id="13" lemma="|the|" pos="DT" wid="13">the</w>
  <w id="14" lemma="|Mother|" pos="NNP" wid="14">Mother</w>
  <w id="15" lemma="|of|" pos="IN" wid="15">of</w>
  <w id="16" lemma="|the|" pos="DT" wid="16">the</w>
  <w id="17" lemma="|King|" pos="NNP" wid="17">King</w>
  <w id="18" lemma="|,|" pos="," wid="18">,</w>
  <w id="19" lemma="|whom|" pos="WP" wid="19">whom</w>
  <w id="20" lemma="|we|" pos="PRP" wid="20">we</w>
  <w id="21" lemma="|therefore|" pos="RB" wid="21">therefore</w>
  <w id="22" lemma="|invoke|" pos="VBP" wid="22">invoke</w>
  <w id="23" lemma="|as|" pos="IN" wid="23">as</w>
  <w id="24" lemma="|Queen|" pos="NNP" wid="24">Queen</w>
  <w id="25" lemma="|of|" pos="IN" wid="25">of</w>
  <w id="26" lemma="|Heaven|" pos="NNP" wid="26">Heaven</w>
  <w id="27" lemma="|and|" pos="CC" wid="27">and</w>
  <w id="28" lemma="|Earth|" pos="NNP" wid="28">Earth</w>
  <w id="29" lemma="|.|" pos="." wid="29">.</w>
</sentence>
<sentence id="10">
  <w id="0" lemma="|may|" pos="MD" wid="0">May</w>
  <w id="1" lemma="|she|" pos="PRP" wid="1">she</w>
  <w id="2" lemma="|help|" pos="VB" wid="2">help</w>
  <w id="3" lemma="|we|" pos="PRP" wid="3">us</w>
  <w id="4" lemma="|make|" pos="VB" wid="4">make</w>
  <w id="5" lemma="|we|" pos="PRP$" wid="5">our</w>
  <w id="6" lemma="|life|" pos="NN" wid="6">life</w>
  <w id="7" lemma="|a|" pos="DT" wid="7">a</w>
  <w id="8" lemma="|canticle|" pos="NN" wid="8">canticle</w>
  <w id="9" lemma="|of|" pos="IN" wid="9">of</w>
  <w id="10" lemma="|praise|" pos="NN" wid="10">praise</w>
  <w id="11" lemma="|and|" pos="CC" wid="11">and</w>
  <w id="12" lemma="|fidelity|" pos="NN" wid="12">fidelity</w>
  <w id="13" lemma="|to|" pos="TO" wid="13">to</w>
  <w id="14" lemma="|God|" pos="NNP" wid="14">God</w>
  <w id="15" lemma="|who|" pos="WP" wid="15">who</w>
  <w id="16" lemma="|be|" pos="VBZ" wid="16">is</w>
  <w id="17" lemma="|holy|" pos="JJ" wid="17">holy</w>
  <w id="18" lemma="|and|" pos="CC" wid="18">and</w>
  <w id="19" lemma="|merciful|" pos="JJ" wid="19">merciful</w>
  <w id="20" lemma="|.|" pos="." wid="20">.</w>
</sentence>
<sentence id="11">
  <w id="0" lemma="|after|" pos="IN" wid="0">After</w>
  <w id="1" lemma="|lead|" pos="VBG" wid="1">leading</w>
  <w id="2" lemma="|the|" pos="DT" wid="2">the</w>
  <w id="3" lemma="|Angelus|" pos="NNPS" wid="3">Angelus</w>
  <w id="4" lemma="|and|" pos="CC" wid="4">and</w>
  <w id="5" lemma="|impart|" pos="VBG" wid="5">imparting</w>
  <w id="6" lemma="|he|" pos="PRP$" wid="6">his</w>
  <w id="7" lemma="|apostolic|" pos="JJ" wid="7">Apostolic</w>
  <w id="8" lemma="|blessing|" pos="NN" wid="8">Blessing</w>
  <w id="9" lemma="|,|" pos="," wid="9">,</w>
  <w id="10" lemma="|the|" pos="DT" wid="10">the</w>
  <w id="11" lemma="|Pope|" pos="NNP" wid="11">Pope</w>
  <w id="12" lemma="|greet|" pos="VBD" wid="12">greeted</w>
  <w id="13" lemma="|the|" pos="DT" wid="13">the</w>
  <w id="14" lemma="|faithful|" pos="NN" wid="14">faithful</w>
  <w id="15" lemma="|in|" pos="IN" wid="15">in</w>
  <w id="16" lemma="|Italian|" pos="NNP" wid="16">Italian</w>
  <w id="17" lemma="|,|" pos="," wid="17">,</w>
  <w id="18" lemma="|Spanish|" pos="NNP" wid="18">Spanish</w>
  <w id="19" lemma="|and|" pos="CC" wid="19">and</w>
  <w id="20" lemma="|Polish|" pos="NNP" wid="20">Polish</w>
  <w id="21" lemma="|.|" pos="." wid="21">.</w>
</sentence>
<sentence id="12">
  <w id="0" lemma="|here|" pos="RB" wid="0">Here</w>
  <w id="1" lemma="|be|" pos="VBZ" wid="1">is</w>
  <w id="2" lemma="|a|" pos="DT" wid="2">a</w>
  <w id="3" lemma="|translation|" pos="NN" wid="3">translation</w>
  <w id="4" lemma="|:|" pos=":" wid="4">:</w>
  <w id="5" lemma="|I|" pos="PRP" wid="5">I</w>
  <w id="6" lemma="|greet|" pos="VBP" wid="6">greet</w>
  <w id="7" lemma="|those|" pos="DT" wid="7">those</w>
  <w id="8" lemma="|take|" pos="VBG" wid="8">taking</w>
  <w id="9" lemma="|part|" pos="NN" wid="9">part</w>
  <w id="10" lemma="|in|" pos="IN" wid="10">in</w>
  <w id="11" lemma="|the|" pos="DT" wid="11">the</w>
  <w id="12" lemma="|International|" pos="NNP" wid="12">International</w>
  <w id="13" lemma="|Festival|" pos="NNP" wid="13">Festival</w>
  <w id="14" lemma="|of|" pos="IN" wid="14">of</w>
  <w id="15" lemma="|Music|" pos="NNP" wid="15">Music</w>
  <w id="16" lemma="|and|" pos="CC" wid="16">and</w>
  <w id="17" lemma="|Sacred|" pos="NNP" wid="17">Sacred</w>
  <w id="18" lemma="|Art|" pos="NNP" wid="18">Art</w>
  <w id="19" lemma="|,|" pos="," wid="19">,</w>
  <w id="20" lemma="|especially|" pos="RB" wid="20">especially</w>
  <w id="21" lemma="|the|" pos="DT" wid="21">the</w>
  <w id="22" lemma="|friend|" pos="NNS" wid="22">friends</w>
  <w id="23" lemma="|of|" pos="IN" wid="23">of</w>
  <w id="24" lemma="|sacred|" pos="JJ" wid="24">sacred</w>
  <w id="25" lemma="|music|" pos="NN" wid="25">music</w>
  <w id="26" lemma="|from|" pos="IN" wid="26">from</w>
  <w id="27" lemma="|Germany|" pos="NNP" wid="27">Germany</w>
  <w id="28" lemma="|,|" pos="," wid="28">,</w>
  <w id="29" lemma="|the|" pos="DT" wid="29">the</w>
  <w id="30" lemma="|Wiener|" pos="NNP" wid="30">Wiener</w>
  <w id="31" lemma="|Philarmoniker|" pos="NNP" wid="31">Philarmoniker</w>
  <w id="32" lemma="|from|" pos="IN" wid="32">from</w>
  <w id="33" lemma="|Austria|" pos="NNP" wid="33">Austria</w>
  <w id="34" lemma="|,|" pos="," wid="34">,</w>
  <w id="35" lemma="|the|" pos="DT" wid="35">the</w>
  <w id="36" lemma="|musician|" pos="NNS" wid="36">musicians</w>
  <w id="37" lemma="|from|" pos="IN" wid="37">from</w>
  <w id="38" lemma="|St|" pos="NNP" wid="38">St</w>
  <w id="39" lemma="|Petersburg|" pos="NNP" wid="39">Petersburg</w>
  <w id="40" lemma="|and|" pos="CC" wid="40">and</w>
  <w id="41" lemma="|the|" pos="DT" wid="41">the</w>
  <w id="42" lemma="|choir|" pos="NN" wid="42">choir</w>
  <w id="43" lemma="|member|" pos="NNS" wid="43">members</w>
  <w id="44" lemma="|from|" pos="IN" wid="44">from</w>
  <w id="45" lemma="|the|" pos="DT" wid="45">the</w>
  <w id="46" lemma="|United|" pos="NNP" wid="46">United</w>
  <w id="47" lemma="|States|" pos="NNPS" wid="47">States</w>
  <w id="48" lemma="|of|" pos="IN" wid="48">of</w>
  <w id="49" lemma="|America|" pos="NNP" wid="49">America</w>
  <w id="50" lemma="|.|" pos="." wid="50">.</w>
</sentence>
<sentence id="13">
  <w id="0" lemma="|I|" pos="PRP" wid="0">I</w>
  <w id="1" lemma="|cordially|" pos="RB" wid="1">cordially</w>
  <w id="2" lemma="|greet|" pos="VBP" wid="2">greet</w>
  <w id="3" lemma="|the|" pos="DT" wid="3">the</w>
  <w id="4" lemma="|spanish-speaking|" pos="JJ" wid="4">Spanish-speaking</w>
  <w id="5" lemma="|pilgrim|" pos="NNS" wid="5">pilgrims</w>
  <w id="6" lemma="|,|" pos="," wid="6">,</w>
  <w id="7" lemma="|especially|" pos="RB" wid="7">especially</w>
  <w id="8" lemma="|the|" pos="DT" wid="8">the</w>
  <w id="9" lemma="|faithful|" pos="NN" wid="9">faithful</w>
  <w id="10" lemma="|from|" pos="IN" wid="10">from</w>
  <w id="11" lemma="|San|" pos="NNP" wid="11">San</w>
  <w id="12" lemma="|Lorenzo|" pos="NNP" wid="12">Lorenzo</w>
  <w id="13" lemma="|and|" pos="CC" wid="13">and</w>
  <w id="14" lemma="|San|" pos="NNP" wid="14">San</w>
  <w id="15" lemma="|Andrés|" pos="NNP" wid="15">Andrés</w>
  <w id="16" lemma="|de|" pos="IN" wid="16">de</w>
  <w id="17" lemma="|Murcia|" pos="NNP" wid="17">Murcia</w>
  <w id="18" lemma="|.|" pos="." wid="18">.</w>
</sentence>
<sentence id="14">
  <w id="0" lemma="|May|" pos="NNP" wid="0">May</w>
  <w id="1" lemma="|Christ|" pos="NNP" wid="1">Christ</w>
  <w id="2" lemma="|,|" pos="," wid="2">,</w>
  <w id="3" lemma="|Lord|" pos="NNP" wid="3">Lord</w>
  <w id="4" lemma="|of|" pos="IN" wid="4">of</w>
  <w id="5" lemma="|the|" pos="DT" wid="5">the</w>
  <w id="6" lemma="|universe|" pos="NN" wid="6">Universe</w>
  <w id="7" lemma="|,|" pos="," wid="7">,</w>
  <w id="8" lemma="|reign|" pos="NN" wid="8">reign</w>
  <w id="9" lemma="|in|" pos="IN" wid="9">in</w>
  <w id="10" lemma="|you|" pos="PRP$" wid="10">your</w>
  <w id="11" lemma="|heart|" pos="NNS" wid="11">hearts</w>
  <w id="12" lemma="|forever|" pos="RB" wid="12">forever</w>
  <w id="13" lemma="|!|" pos="." wid="13">!</w>
</sentence>
<sentence id="15">
  <w id="0" lemma="|I|" pos="PRP" wid="0">I</w>
  <w id="1" lemma="|cordially|" pos="RB" wid="1">cordially</w>
  <w id="2" lemma="|greet|" pos="VBP" wid="2">greet</w>
  <w id="3" lemma="|the|" pos="DT" wid="3">the</w>
  <w id="4" lemma="|pilgrim|" pos="NNS" wid="4">pilgrims</w>
  <w id="5" lemma="|from|" pos="IN" wid="5">from</w>
  <w id="6" lemma="|Poland|" pos="NNP" wid="6">Poland</w>
  <w id="7" lemma="|:|" pos=":" wid="7">:</w>
  <w id="8" lemma="|the|" pos="DT" wid="8">the</w>
  <w id="9" lemma="|franciscan|" pos="JJ" wid="9">Franciscan</w>
  <w id="10" lemma="|sister|" pos="NNS" wid="10">Sisters</w>
  <w id="11" lemma="|of|" pos="IN" wid="11">of</w>
  <w id="12" lemma="|the|" pos="DT" wid="12">the</w>
  <w id="13" lemma="|Family|" pos="NNP" wid="13">Family</w>
  <w id="14" lemma="|of|" pos="IN" wid="14">of</w>
  <w id="15" lemma="|Mary|" pos="NNP" wid="15">Mary</w>
  <w id="16" lemma="|from|" pos="IN" wid="16">from</w>
  <w id="17" lemma="|Toporów|" pos="NNP" wid="17">Toporów</w>
  <w id="18" lemma="|,|" pos="," wid="18">,</w>
  <w id="19" lemma="|St|" pos="NNP" wid="19">St</w>
  <w id="20" lemma="|Francis|" pos="NNP" wid="20">Francis</w>
  <w id="21" lemma="|of|" pos="IN" wid="21">of</w>
  <w id="22" lemma="|Assisi|" pos="NNP" wid="22">Assisi</w>
  <w id="23" lemma="|Parish|" pos="NNP" wid="23">Parish</w>
  <w id="24" lemma="|,|" pos="," wid="24">,</w>
  <w id="25" lemma="|those|" pos="DT" wid="25">those</w>
  <w id="26" lemma="|who|" pos="WP" wid="26">who</w>
  <w id="27" lemma="|have|" pos="VBP" wid="27">have</w>
  <w id="28" lemma="|come|" pos="VBN" wid="28">come</w>
  <w id="29" lemma="|on|" pos="IN" wid="29">on</w>
  <w id="30" lemma="|they|" pos="PRP$" wid="30">their</w>
  <w id="31" lemma="|own|" pos="JJ" wid="31">own</w>
  <w id="32" lemma="|and|" pos="CC" wid="32">and</w>
  <w id="33" lemma="|all|" pos="PDT" wid="33">all</w>
  <w id="34" lemma="|those|" pos="DT" wid="34">those</w>
  <w id="35" lemma="|who|" pos="WP" wid="35">who</w>
  <w id="36" lemma="|have|" pos="VBP" wid="36">have</w>
  <w id="37" lemma="|join|" pos="VBN" wid="37">joined</w>
  <w id="38" lemma="|we|" pos="PRP" wid="38">us</w>
  <w id="39" lemma="|via|" pos="IN" wid="39">via</w>
  <w id="40" lemma="|radio|" pos="NN" wid="40">radio</w>
  <w id="41" lemma="|and|" pos="CC" wid="41">and</w>
  <w id="42" lemma="|television|" pos="NN" wid="42">television</w>
  <w id="43" lemma="|.|" pos="." wid="43">.</w>
</sentence>
<sentence id="16">
  <w id="0" lemma="|Tomorrow|" pos="NNP" wid="0">Tomorrow</w>
  <w id="1" lemma="|,|" pos="," wid="1">,</w>
  <w id="2" lemma="|Vatican|" pos="NNP" wid="2">Vatican</w>
  <w id="3" lemma="|Radio|" pos="NNP" wid="3">Radio</w>
  <w id="4" lemma="|'s|" pos="POS" wid="4">'s</w>
  <w id="5" lemma="|Polish|" pos="NNP" wid="5">Polish</w>
  <w id="6" lemma="|Programme|" pos="NNP" wid="6">Programme</w>
  <w id="7" lemma="|will|" pos="MD" wid="7">will</w>
  <w id="8" lemma="|be|" pos="VB" wid="8">be</w>
  <w id="9" lemma="|celebrate|" pos="VBG" wid="9">celebrating</w>
  <w id="10" lemma="|65|" pos="CD" wid="10">65</w>
  <w id="11" lemma="|year|" pos="NNS" wid="11">years</w>
  <w id="12" lemma="|of|" pos="IN" wid="12">of</w>
  <w id="13" lemma="|apostolic|" pos="JJ" wid="13">apostolic</w>
  <w id="14" lemma="|work|" pos="NN" wid="14">work</w>
  <w id="15" lemma="|.|" pos="." wid="15">.</w>
</sentence>
<sentence id="17">
  <w id="0" lemma="|I|" pos="PRP" wid="0">I</w>
  <w id="1" lemma="|embrace|" pos="VBP" wid="1">embrace</w>
  <w id="2" lemma="|with|" pos="IN" wid="2">with</w>
  <w id="3" lemma="|my|" pos="PRP$" wid="3">my</w>
  <w id="4" lemma="|thought|" pos="NNS" wid="4">thoughts</w>
  <w id="5" lemma="|all|" pos="PDT" wid="5">all</w>
  <w id="6" lemma="|the|" pos="DT" wid="6">the</w>
  <w id="7" lemma="|employee|" pos="NNS" wid="7">employees</w>
  <w id="8" lemma="|who|" pos="WP" wid="8">who</w>
  <w id="9" lemma="|have|" pos="VBP" wid="9">have</w>
  <w id="10" lemma="|proclaim|" pos="VBN" wid="10">proclaimed</w>
  <w id="11" lemma="|the|" pos="DT" wid="11">the</w>
  <w id="12" lemma="|Gospel|" pos="NNP" wid="12">Gospel</w>
  <w id="13" lemma="|in|" pos="IN" wid="13">in</w>
  <w id="14" lemma="|Polish|" pos="NNP" wid="14">Polish</w>
  <w id="15" lemma="|with|" pos="IN" wid="15">with</w>
  <w id="16" lemma="|zeal|" pos="NN" wid="16">zeal</w>
  <w id="17" lemma="|and|" pos="CC" wid="17">and</w>
  <w id="18" lemma="|dedication|" pos="NN" wid="18">dedication</w>
  <w id="19" lemma="|in|" pos="IN" wid="19">in</w>
  <w id="20" lemma="|these|" pos="DT" wid="20">these</w>
  <w id="21" lemma="|year|" pos="NNS" wid="21">years</w>
  <w id="22" lemma="|.|" pos="." wid="22">.</w>
</sentence>
<sentence id="18">
  <w id="0" lemma="|May|" pos="NNP" wid="0">May</w>
  <w id="1" lemma="|God|" pos="NNP" wid="1">God</w>
  <w id="2" lemma="|reward|" pos="VB" wid="2">reward</w>
  <w id="3" lemma="|they|" pos="PRP" wid="3">them</w>
  <w id="4" lemma="|!|" pos="." wid="4">!</w>
</sentence>
<sentence id="19">
  <w id="0" lemma="|I|" pos="PRP" wid="0">I</w>
  <w id="1" lemma="|greet|" pos="VBP" wid="1">greet</w>
  <w id="2" lemma="|the|" pos="DT" wid="2">the</w>
  <w id="3" lemma="|italian-speaking|" pos="JJ" wid="3">Italian-speaking</w>
  <w id="4" lemma="|pilgrim|" pos="NNS" wid="4">pilgrims</w>
  <w id="5" lemma="|,|" pos="," wid="5">,</w>
  <w id="6" lemma="|particularly|" pos="RB" wid="6">particularly</w>
  <w id="7" lemma="|the|" pos="DT" wid="7">the</w>
  <w id="8" lemma="|member|" pos="NNS" wid="8">members</w>
  <w id="9" lemma="|of|" pos="IN" wid="9">of</w>
  <w id="10" lemma="|the|" pos="DT" wid="10">the</w>
  <w id="11" lemma="|Religious|" pos="NNP" wid="11">Religious</w>
  <w id="12" lemma="|Association|" pos="NNP" wid="12">Association</w>
  <w id="13" lemma="|of|" pos="IN" wid="13">of</w>
  <w id="14" lemma="|Social|" pos="NNP" wid="14">Social</w>
  <w id="15" lemma="|and|" pos="CC" wid="15">and</w>
  <w id="16" lemma="|Health-Care|" pos="NNP" wid="16">Health-Care</w>
  <w id="17" lemma="|Institutions|" pos="NNP" wid="17">Institutions</w>
  <w id="18" lemma="|that|" pos="WDT" wid="18">that</w>
  <w id="19" lemma="|will|" pos="MD" wid="19">will</w>
  <w id="20" lemma="|shortly|" pos="RB" wid="20">shortly</w>
  <w id="21" lemma="|be|" pos="VB" wid="21">be</w>
  <w id="22" lemma="|celebrate|" pos="VBG" wid="22">celebrating</w>
  <w id="23" lemma="|40|" pos="CD" wid="23">40</w>
  <w id="24" lemma="|year|" pos="NNS" wid="24">years</w>
  <w id="25" lemma="|of|" pos="IN" wid="25">of</w>
  <w id="26" lemma="|activity|" pos="NN" wid="26">activity</w>
  <w id="27" lemma="|.|" pos="." wid="27">.</w>
</sentence>
<sentence id="20">
  <w id="0" lemma="|I|" pos="PRP" wid="0">I</w>
  <w id="1" lemma="|wish|" pos="VBP" wid="1">wish</w>
  <w id="2" lemma="|everyone|" pos="NN" wid="2">everyone</w>
  <w id="3" lemma="|a|" pos="DT" wid="3">a</w>
  <w id="4" lemma="|good|" pos="JJ" wid="4">good</w>
  <w id="5" lemma="|Sunday|" pos="NNP" wid="5">Sunday</w>
  <w id="6" lemma="|!|" pos="." wid="6">!</w>
</sentence>
<sentence id="21">
  <w id="0" lemma="|©|" pos="NNP" wid="0">©</w>
  <w id="1" lemma="|Copyright|" pos="NNP" wid="1">Copyright</w>
  <w id="2" lemma="|2003|" pos="CD" wid="2">2003</w>
  <w id="3" lemma="|-|" pos=":" wid="3">-</w>
  <w id="4" lemma="|Libreria|" pos="NNP" wid="4">Libreria</w>
  <w id="5" lemma="|Editrice|" pos="NNP" wid="5">Editrice</w>
  <w id="6" lemma="|Vaticana|" pos="NNP" wid="6">Vaticana</w>
</sentence>
</corpus>