<corpus id="0">
<sentence id="0">
  <w id="0" lemma="|Dear|" pos="NNP" wid="0">Dear</w>
  <w id="1" lemma="|brother|" pos="NNS" wid="1">brothers</w>
  <w id="2" lemma="|and|" pos="CC" wid="2">and</w>
  <w id="3" lemma="|sister|" pos="NNS" wid="3">sisters</w>
  <w id="4" lemma="|,|" pos="," wid="4">,</w>
  <w id="5" lemma="|as|" pos="IN" wid="5">as</w>
  <w id="6" lemma="|we|" pos="PRP" wid="6">we</w>
  <w id="7" lemma="|bring|" pos="VBP" wid="7">bring</w>
  <w id="8" lemma="|this|" pos="DT" wid="8">this</w>
  <w id="9" lemma="|solemn|" pos="JJ" wid="9">solemn</w>
  <w id="10" lemma="|liturgy|" pos="NN" wid="10">Liturgy</w>
  <w id="11" lemma="|to|" pos="TO" wid="11">to</w>
  <w id="12" lemma="|a|" pos="DT" wid="12">a</w>
  <w id="13" lemma="|close|" pos="NN" wid="13">close</w>
  <w id="14" lemma="|,|" pos="," wid="14">,</w>
  <w id="15" lemma="|we|" pos="PRP" wid="15">we</w>
  <w id="16" lemma="|turn|" pos="VBP" wid="16">turn</w>
  <w id="17" lemma="|to|" pos="TO" wid="17">to</w>
  <w id="18" lemma="|the|" pos="DT" wid="18">the</w>
  <w id="19" lemma="|Blessed|" pos="NNP" wid="19">Blessed</w>
  <w id="20" lemma="|Virgin|" pos="NNP" wid="20">Virgin</w>
  <w id="21" lemma="|Mary|" pos="NNP" wid="21">Mary</w>
  <w id="22" lemma="|,|" pos="," wid="22">,</w>
  <w id="23" lemma="|Mother|" pos="NNP" wid="23">Mother</w>
  <w id="24" lemma="|of|" pos="IN" wid="24">of</w>
  <w id="25" lemma="|the|" pos="DT" wid="25">the</w>
  <w id="26" lemma="|Redeemer|" pos="NNP" wid="26">Redeemer</w>
  <w id="27" lemma="|,|" pos="," wid="27">,</w>
  <w id="28" lemma="|to|" pos="TO" wid="28">to</w>
  <w id="29" lemma="|rededicate|" pos="VB" wid="29">rededicate</w>
  <w id="30" lemma="|you|" pos="PRP$" wid="30">your</w>
  <w id="31" lemma="|country|" pos="NN" wid="31">country</w>
  <w id="32" lemma="|to|" pos="TO" wid="32">to</w>
  <w id="33" lemma="|she|" pos="PRP$" wid="33">her</w>
  <w id="34" lemma="|maternal|" pos="JJ" wid="34">maternal</w>
  <w id="35" lemma="|care|" pos="NN" wid="35">care</w>
  <w id="36" lemma="|.|" pos="." wid="36">.</w>
</sentence>
<sentence id="1">
  <w id="0" lemma="|Maria|" pos="NNP" wid="0">Maria</w>
  <w id="1" lemma="|Mtakatifu|" pos="NNP" wid="1">Mtakatifu</w>
  <w id="2" lemma="|,|" pos="," wid="2">,</w>
  <w id="3" lemma="|mama|" pos="NN" wid="3">Mama</w>
  <w id="4" lemma="|wa|" pos="FW" wid="4">wa</w>
  <w id="5" lemma="|kanisa|" pos="FW" wid="5">Kanisa</w>
  <w id="6" lemma="|,|" pos="," wid="6">,</w>
  <w id="7" lemma="|mama|" pos="NN" wid="7">Mama</w>
  <w id="8" lemma="|wa|" pos="NN" wid="8">wa</w>
  <w id="9" lemma="|binadamu|" pos="NN" wid="9">binadamu</w>
  <w id="10" lemma="|wotemimi|" pos="NN" wid="10">woteMimi</w>
  <w id="11" lemma="|,|" pos="," wid="11">,</w>
  <w id="12" lemma="|Yohane|" pos="NNP" wid="12">Yohane</w>
  <w id="13" lemma="|Paulo|" pos="NNP" wid="13">Paulo</w>
  <w id="14" lemma="|wa|" pos="NN" wid="14">wa</w>
  <w id="15" lemma="|pilus|" pos="NNS" wid="15">Pili</w>
  <w id="16" lemma="|,|" pos="," wid="16">,</w>
  <w id="17" lemma="|halifa|" pos="FW" wid="17">Halifa</w>
  <w id="18" lemma="|wa|" pos="FW" wid="18">wa</w>
  <w id="19" lemma="|Mtume|" pos="NNP" wid="19">Mtume</w>
  <w id="20" lemma="|Petro|" pos="NNP" wid="20">Petro</w>
  <w id="21" lemma="|,|" pos="," wid="21">,</w>
  <w id="22" lemma="|ninawaweka|" pos="FW" wid="22">ninawaweka</w>
  <w id="23" lemma="|watu|" pos="FW" wid="23">watu</w>
  <w id="24" lemma="|wote|" pos="FW" wid="24">wote</w>
  <w id="25" lemma="|wa|" pos="FW" wid="25">wa</w>
  <w id="26" lemma="|tanzania|" pos="FW" wid="26">Tanzania</w>
  <w id="27" lemma="|chini|" pos="FW" wid="27">chini</w>
  <w id="28" lemma="|ya|" pos="PRP" wid="28">ya</w>
  <w id="29" lemma="|ulinzi|" pos="FW" wid="29">ulinzi</w>
  <w id="30" lemma="|wako|" pos="FW" wid="30">wako</w>
  <w id="31" lemma="|wa|" pos="FW" wid="31">wa</w>
  <w id="32" lemma="|upeindo|" pos="FW" wid="32">upeindo</w>
  <w id="33" lemma="|.|" pos="." wid="33">.</w>
</sentence>
<sentence id="2">
  <w id="0" lemma="|-lrb-|" pos="-LRB-" wid="0">-LRB-</w>
  <w id="1" lemma="|Holy|" pos="NNP" wid="1">Holy</w>
  <w id="2" lemma="|Mary|" pos="NNP" wid="2">Mary</w>
  <w id="3" lemma="|,|" pos="," wid="3">,</w>
  <w id="4" lemma="|Mother|" pos="NNP" wid="4">Mother</w>
  <w id="5" lemma="|of|" pos="IN" wid="5">of</w>
  <w id="6" lemma="|the|" pos="DT" wid="6">the</w>
  <w id="7" lemma="|Church|" pos="NNP" wid="7">Church</w>
  <w id="8" lemma="|Mother|" pos="NNP" wid="8">Mother</w>
  <w id="9" lemma="|of|" pos="IN" wid="9">of</w>
  <w id="10" lemma="|all|" pos="DT" wid="10">all</w>
  <w id="11" lemma="|mankind|" pos="NN" wid="11">mankind</w>
  <w id="12" lemma="|:|" pos=":" wid="12">:</w>
  <w id="13" lemma="|I|" pos="PRP" wid="13">I</w>
  <w id="14" lemma="|,|" pos="," wid="14">,</w>
  <w id="15" lemma="|John|" pos="NNP" wid="15">John</w>
  <w id="16" lemma="|Paul|" pos="NNP" wid="16">Paul</w>
  <w id="17" lemma="|the|" pos="DT" wid="17">the</w>
  <w id="18" lemma="|Second|" pos="NNP" wid="18">Second</w>
  <w id="19" lemma="|,|" pos="," wid="19">,</w>
  <w id="20" lemma="|Successor|" pos="NNP" wid="20">Successor</w>
  <w id="21" lemma="|of|" pos="IN" wid="21">of</w>
  <w id="22" lemma="|the|" pos="DT" wid="22">the</w>
  <w id="23" lemma="|Apostle|" pos="NNP" wid="23">Apostle</w>
  <w id="24" lemma="|Peter|" pos="NNP" wid="24">Peter</w>
  <w id="25" lemma="|,|" pos="," wid="25">,</w>
  <w id="26" lemma="|entrust|" pos="VB" wid="26">entrust</w>
  <w id="27" lemma="|the|" pos="DT" wid="27">the</w>
  <w id="28" lemma="|people|" pos="NNS" wid="28">people</w>
  <w id="29" lemma="|of|" pos="IN" wid="29">of</w>
  <w id="30" lemma="|Tanzania|" pos="NNP" wid="30">Tanzania</w>
  <w id="31" lemma="|to|" pos="TO" wid="31">to</w>
  <w id="32" lemma="|you|" pos="PRP$" wid="32">your</w>
  <w id="33" lemma="|loving|" pos="JJ" wid="33">loving</w>
  <w id="34" lemma="|protection|" pos="NN" wid="34">protection</w>
  <w id="35" lemma="|-rrb-|" pos="-RRB-" wid="35">-RRB-</w>
  <w id="36" lemma="|.|" pos="." wid="36">.</w>
</sentence>
<sentence id="3">
  <w id="0" lemma="|as|" pos="IN" wid="0">As</w>
  <w id="1" lemma="|you|" pos="PRP$" wid="1">your</w>
  <w id="2" lemma="|devoted|" pos="JJ" wid="2">devoted</w>
  <w id="3" lemma="|son|" pos="NNS" wid="3">sons</w>
  <w id="4" lemma="|and|" pos="CC" wid="4">and</w>
  <w id="5" lemma="|daughter|" pos="NNS" wid="5">daughters</w>
  <w id="6" lemma="|,|" pos="," wid="6">,</w>
  <w id="7" lemma="|they|" pos="PRP" wid="7">they</w>
  <w id="8" lemma="|renew|" pos="VBP" wid="8">renew</w>
  <w id="9" lemma="|they|" pos="PRP$" wid="9">their</w>
  <w id="10" lemma="|consecration|" pos="NN" wid="10">consecration</w>
  <w id="11" lemma="|to|" pos="TO" wid="11">to</w>
  <w id="12" lemma="|you|" pos="PRP" wid="12">you</w>
  <w id="13" lemma="|as|" pos="IN" wid="13">as</w>
  <w id="14" lemma="|a|" pos="DT" wid="14">a</w>
  <w id="15" lemma="|people|" pos="NNS" wid="15">people</w>
  <w id="16" lemma="|and|" pos="CC" wid="16">and</w>
  <w id="17" lemma="|as|" pos="IN" wid="17">as</w>
  <w id="18" lemma="|a|" pos="DT" wid="18">a</w>
  <w id="19" lemma="|youthful|" pos="JJ" wid="19">youthful</w>
  <w id="20" lemma="|nation|" pos="NN" wid="20">nation</w>
  <w id="21" lemma="|on|" pos="IN" wid="21">on</w>
  <w id="22" lemma="|this|" pos="DT" wid="22">this</w>
  <w id="23" lemma="|continent|" pos="NN" wid="23">Continent</w>
  <w id="24" lemma="|of|" pos="IN" wid="24">of</w>
  <w id="25" lemma="|promise|" pos="NN" wid="25">promise</w>
  <w id="26" lemma="|.|" pos="." wid="26">.</w>
</sentence>
<sentence id="4">
  <w id="0" lemma="|upon|" pos="IN" wid="0">Upon</w>
  <w id="1" lemma="|they|" pos="PRP$" wid="1">their</w>
  <w id="2" lemma="|legitimate|" pos="JJ" wid="2">legitimate</w>
  <w id="3" lemma="|hope|" pos="NNS" wid="3">hopes</w>
  <w id="4" lemma="|and|" pos="CC" wid="4">and</w>
  <w id="5" lemma="|aspiration|" pos="NNS" wid="5">aspirations</w>
  <w id="6" lemma="|,|" pos="," wid="6">,</w>
  <w id="7" lemma="|both|" pos="DT" wid="7">both</w>
  <w id="8" lemma="|present|" pos="JJ" wid="8">present</w>
  <w id="9" lemma="|and|" pos="CC" wid="9">and</w>
  <w id="10" lemma="|future|" pos="JJ" wid="10">future</w>
  <w id="11" lemma="|,|" pos="," wid="11">,</w>
  <w id="12" lemma="|I|" pos="PRP" wid="12">I</w>
  <w id="13" lemma="|invoke|" pos="VBP" wid="13">invoke</w>
  <w id="14" lemma="|you|" pos="PRP$" wid="14">your</w>
  <w id="15" lemma="|powerful|" pos="JJ" wid="15">powerful</w>
  <w id="16" lemma="|intercession|" pos="NN" wid="16">intercession</w>
  <w id="17" lemma="|as|" pos="IN" wid="17">as</w>
  <w id="18" lemma="|Mother|" pos="NNP" wid="18">Mother</w>
  <w id="19" lemma="|of|" pos="IN" wid="19">of</w>
  <w id="20" lemma="|we|" pos="PRP$" wid="20">our</w>
  <w id="21" lemma="|Lord|" pos="NNP" wid="21">Lord</w>
  <w id="22" lemma="|and|" pos="CC" wid="22">and</w>
  <w id="23" lemma="|Saviour|" pos="NNP" wid="23">Saviour</w>
  <w id="24" lemma="|Jesus|" pos="NNP" wid="24">Jesus</w>
  <w id="25" lemma="|Christ|" pos="NNP" wid="25">Christ</w>
  <w id="26" lemma="|.|" pos="." wid="26">.</w>
</sentence>
<sentence id="5">
  <w id="0" lemma="|mama|" pos="NN" wid="0">Mama</w>
  <w id="1" lemma="|wa|" pos="NN" wid="1">wa</w>
  <w id="2" lemma="|Familia|" pos="NNP" wid="2">Familia</w>
  <w id="3" lemma="|Takatifu|" pos="NNP" wid="3">Takatifu</w>
  <w id="4" lemma="|ya|" pos="PRP" wid="4">ya</w>
  <w id="5" lemma="|Nazareti|" pos="NNP" wid="5">Nazareti</w>
  <w id="6" lemma="|:|" pos=":" wid="6">:</w>
  <w id="7" lemma="|-lrb-|" pos="-LRB-" wid="7">-LRB-</w>
  <w id="8" lemma="|Mother|" pos="NNP" wid="8">Mother</w>
  <w id="9" lemma="|of|" pos="IN" wid="9">of</w>
  <w id="10" lemma="|the|" pos="DT" wid="10">the</w>
  <w id="11" lemma="|Holy|" pos="NNP" wid="11">Holy</w>
  <w id="12" lemma="|Family|" pos="NNP" wid="12">Family</w>
  <w id="13" lemma="|of|" pos="IN" wid="13">of</w>
  <w id="14" lemma="|Nazareth|" pos="NNP" wid="14">Nazareth</w>
  <w id="15" lemma="|-rrb-|" pos="-RRB-" wid="15">-RRB-</w>
  <w id="16" lemma="|:|" pos=":" wid="16">:</w>
  <w id="17" lemma="|you|" pos="PRP" wid="17">You</w>
  <w id="18" lemma="|be|" pos="VBP" wid="18">are</w>
  <w id="19" lemma="|also|" pos="RB" wid="19">also</w>
  <w id="20" lemma="|the|" pos="DT" wid="20">the</w>
  <w id="21" lemma="|Mother|" pos="NNP" wid="21">Mother</w>
  <w id="22" lemma="|of|" pos="IN" wid="22">of</w>
  <w id="23" lemma="|``|" pos="``" wid="23">``</w>
  <w id="24" lemma="|the|" pos="DT" wid="24">the</w>
  <w id="25" lemma="|Church|" pos="NNP" wid="25">Church</w>
  <w id="26" lemma="|in|" pos="IN" wid="26">in</w>
  <w id="27" lemma="|the|" pos="DT" wid="27">the</w>
  <w id="28" lemma="|home|" pos="NN" wid="28">home</w>
  <w id="29" lemma="|''|" pos="''" wid="29">''</w>
  <w id="30" lemma="|.|" pos="." wid="30">.</w>
</sentence>
<sentence id="6">
  <w id="0" lemma="|I|" pos="PRP" wid="0">I</w>
  <w id="1" lemma="|implore|" pos="VBP" wid="1">implore</w>
  <w id="2" lemma="|you|" pos="PRP$" wid="2">your</w>
  <w id="3" lemma="|aid|" pos="NN" wid="3">aid</w>
  <w id="4" lemma="|upon|" pos="IN" wid="4">upon</w>
  <w id="5" lemma="|the|" pos="DT" wid="5">the</w>
  <w id="6" lemma="|family|" pos="NNS" wid="6">families</w>
  <w id="7" lemma="|of|" pos="IN" wid="7">of</w>
  <w id="8" lemma="|you|" pos="PRP$" wid="8">your</w>
  <w id="9" lemma="|devoted|" pos="JJ" wid="9">devoted</w>
  <w id="10" lemma="|tanzanian|" pos="JJ" wid="10">Tanzanian</w>
  <w id="11" lemma="|people|" pos="NNS" wid="11">people</w>
  <w id="12" lemma="|.|" pos="." wid="12">.</w>
</sentence>
<sentence id="7">
  <w id="0" lemma="|comfort|" pos="NN" wid="0">Comfort</w>
  <w id="1" lemma="|they|" pos="PRP" wid="1">them</w>
  <w id="2" lemma="|in|" pos="IN" wid="2">in</w>
  <w id="3" lemma="|they|" pos="PRP$" wid="3">their</w>
  <w id="4" lemma="|suffering|" pos="NNS" wid="4">sufferings</w>
  <w id="5" lemma="|and|" pos="CC" wid="5">and</w>
  <w id="6" lemma="|strengthen|" pos="VB" wid="6">strengthen</w>
  <w id="7" lemma="|they|" pos="PRP" wid="7">them</w>
  <w id="8" lemma="|with|" pos="IN" wid="8">with</w>
  <w id="9" lemma="|the|" pos="DT" wid="9">the</w>
  <w id="10" lemma="|light|" pos="NN" wid="10">light</w>
  <w id="11" lemma="|,|" pos="," wid="11">,</w>
  <w id="12" lemma="|joy|" pos="NN" wid="12">joy</w>
  <w id="13" lemma="|,|" pos="," wid="13">,</w>
  <w id="14" lemma="|serenity|" pos="NN" wid="14">serenity</w>
  <w id="15" lemma="|and|" pos="CC" wid="15">and</w>
  <w id="16" lemma="|courage|" pos="NN" wid="16">courage</w>
  <w id="17" lemma="|that|" pos="WDT" wid="17">that</w>
  <w id="18" lemma="|mark|" pos="VBD" wid="18">marked</w>
  <w id="19" lemma="|you|" pos="PRP$" wid="19">your</w>
  <w id="20" lemma="|family|" pos="NN" wid="20">family</w>
  <w id="21" lemma="|life|" pos="NN" wid="21">life</w>
  <w id="22" lemma="|with|" pos="IN" wid="22">with</w>
  <w id="23" lemma="|Jesus|" pos="NNP" wid="23">Jesus</w>
  <w id="24" lemma="|and|" pos="CC" wid="24">and</w>
  <w id="25" lemma="|Joseph|" pos="NNP" wid="25">Joseph</w>
  <w id="26" lemma="|.|" pos="." wid="26">.</w>
</sentence>
<sentence id="8">
  <w id="0" lemma="|Maria|" pos="NNP" wid="0">Maria</w>
  <w id="1" lemma="|Mtakatifu|" pos="NNP" wid="1">Mtakatifu</w>
  <w id="2" lemma="|,|" pos="," wid="2">,</w>
  <w id="3" lemma="|mama|" pos="NN" wid="3">Mama</w>
  <w id="4" lemma="|wa|" pos="FW" wid="4">wa</w>
  <w id="5" lemma="|mungu|" pos="FW" wid="5">Mungu</w>
  <w id="6" lemma="|:|" pos=":" wid="6">:</w>
  <w id="7" lemma="|-lrb-|" pos="-LRB-" wid="7">-LRB-</w>
  <w id="8" lemma="|Holy|" pos="NNP" wid="8">Holy</w>
  <w id="9" lemma="|Mary|" pos="NNP" wid="9">Mary</w>
  <w id="10" lemma="|,|" pos="," wid="10">,</w>
  <w id="11" lemma="|Mother|" pos="NNP" wid="11">Mother</w>
  <w id="12" lemma="|of|" pos="IN" wid="12">of</w>
  <w id="13" lemma="|God|" pos="NNP" wid="13">God</w>
  <w id="14" lemma="|-rrb-|" pos="-RRB-" wid="14">-RRB-</w>
  <w id="15" lemma="|:|" pos=":" wid="15">:</w>
  <w id="16" lemma="|I|" pos="PRP" wid="16">I</w>
  <w id="17" lemma="|earnestly|" pos="RB" wid="17">earnestly</w>
  <w id="18" lemma="|entrust|" pos="VBP" wid="18">entrust</w>
  <w id="19" lemma="|to|" pos="TO" wid="19">to</w>
  <w id="20" lemma="|you|" pos="PRP" wid="20">you</w>
  <w id="21" lemma="|the|" pos="DT" wid="21">the</w>
  <w id="22" lemma="|life|" pos="NN" wid="22">life</w>
  <w id="23" lemma="|of|" pos="IN" wid="23">of</w>
  <w id="24" lemma="|the|" pos="DT" wid="24">the</w>
  <w id="25" lemma="|Church|" pos="NNP" wid="25">Church</w>
  <w id="26" lemma="|in|" pos="IN" wid="26">in</w>
  <w id="27" lemma="|Tanzania|" pos="NNP" wid="27">Tanzania</w>
  <w id="28" lemma="|.|" pos="." wid="28">.</w>
</sentence>
<sentence id="9">
  <w id="0" lemma="|I|" pos="PRP" wid="0">I</w>
  <w id="1" lemma="|commend|" pos="VBP" wid="1">commend</w>
  <w id="2" lemma="|to|" pos="TO" wid="2">to</w>
  <w id="3" lemma="|you|" pos="PRP$" wid="3">your</w>
  <w id="4" lemma="|solicitude|" pos="NN" wid="4">solicitude</w>
  <w id="5" lemma="|each|" pos="DT" wid="5">each</w>
  <w id="6" lemma="|of|" pos="IN" wid="6">of</w>
  <w id="7" lemma="|the|" pos="DT" wid="7">the</w>
  <w id="8" lemma="|local|" pos="JJ" wid="8">local</w>
  <w id="9" lemma="|church|" pos="NNS" wid="9">Churches</w>
  <w id="10" lemma="|so|" pos="IN" wid="10">so</w>
  <w id="11" lemma="|that|" pos="DT" wid="11">that</w>
  <w id="12" lemma="|,|" pos="," wid="12">,</w>
  <w id="13" lemma="|gather|" pos="VBN" wid="13">gathered</w>
  <w id="14" lemma="|by|" pos="IN" wid="14">by</w>
  <w id="15" lemma="|they|" pos="PRP$" wid="15">their</w>
  <w id="16" lemma="|pastor|" pos="NNS" wid="16">Pastors</w>
  <w id="17" lemma="|in|" pos="IN" wid="17">in</w>
  <w id="18" lemma="|the|" pos="DT" wid="18">the</w>
  <w id="19" lemma="|holy|" pos="JJ" wid="19">Holy</w>
  <w id="20" lemma="|spirit|" pos="NN" wid="20">Spirit</w>
  <w id="21" lemma="|through|" pos="IN" wid="21">through</w>
  <w id="22" lemma="|the|" pos="DT" wid="22">the</w>
  <w id="23" lemma="|Gospel|" pos="NNP" wid="23">Gospel</w>
  <w id="24" lemma="|and|" pos="CC" wid="24">and</w>
  <w id="25" lemma="|the|" pos="DT" wid="25">the</w>
  <w id="26" lemma="|Eucharist|" pos="NNP" wid="26">Eucharist</w>
  <w id="27" lemma="|,|" pos="," wid="27">,</w>
  <w id="28" lemma="|they|" pos="PRP" wid="28">they</w>
  <w id="29" lemma="|may|" pos="MD" wid="29">may</w>
  <w id="30" lemma="|truly|" pos="RB" wid="30">truly</w>
  <w id="31" lemma="|reflect|" pos="VB" wid="31">reflect</w>
  <w id="32" lemma="|the|" pos="DT" wid="32">the</w>
  <w id="33" lemma="|presence|" pos="NN" wid="33">presence</w>
  <w id="34" lemma="|of|" pos="IN" wid="34">of</w>
  <w id="35" lemma="|the|" pos="DT" wid="35">the</w>
  <w id="36" lemma="|one|" pos="CD" wid="36">one</w>
  <w id="37" lemma="|holy|" pos="JJ" wid="37">holy</w>
  <w id="38" lemma="|,|" pos="," wid="38">,</w>
  <w id="39" lemma="|catholic|" pos="JJ" wid="39">catholic</w>
  <w id="40" lemma="|and|" pos="CC" wid="40">and</w>
  <w id="41" lemma="|apostolic|" pos="JJ" wid="41">apostolic</w>
  <w id="42" lemma="|Church|" pos="NNP" wid="42">Church</w>
  <w id="43" lemma="|of|" pos="IN" wid="43">of</w>
  <w id="44" lemma="|Christ|" pos="NNP" wid="44">Christ</w>
  <w id="45" lemma="|.|" pos="." wid="45">.</w>
</sentence>
<sentence id="10">
  <w id="0" lemma="|in|" pos="IN" wid="0">In</w>
  <w id="1" lemma="|you|" pos="PRP$" wid="1">your</w>
  <w id="2" lemma="|motherly|" pos="JJ" wid="2">motherly</w>
  <w id="3" lemma="|love|" pos="NN" wid="3">love</w>
  <w id="4" lemma="|,|" pos="," wid="4">,</w>
  <w id="5" lemma="|assist|" pos="VB" wid="5">assist</w>
  <w id="6" lemma="|the|" pos="DT" wid="6">the</w>
  <w id="7" lemma="|bishop|" pos="NNS" wid="7">bishops</w>
  <w id="8" lemma="|,|" pos="," wid="8">,</w>
  <w id="9" lemma="|priest|" pos="NNS" wid="9">priests</w>
  <w id="10" lemma="|and|" pos="CC" wid="10">and</w>
  <w id="11" lemma="|religious|" pos="JJ" wid="11">religious</w>
  <w id="12" lemma="|to|" pos="TO" wid="12">to</w>
  <w id="13" lemma="|live|" pos="VB" wid="13">live</w>
  <w id="14" lemma="|generously|" pos="RB" wid="14">generously</w>
  <w id="15" lemma="|and|" pos="CC" wid="15">and</w>
  <w id="16" lemma="|fully|" pos="RB" wid="16">fully</w>
  <w id="17" lemma="|the|" pos="DT" wid="17">the</w>
  <w id="18" lemma="|vocation|" pos="NNS" wid="18">vocations</w>
  <w id="19" lemma="|which|" pos="WDT" wid="19">which</w>
  <w id="20" lemma="|they|" pos="PRP" wid="20">they</w>
  <w id="21" lemma="|have|" pos="VBP" wid="21">have</w>
  <w id="22" lemma="|receive|" pos="VBN" wid="22">received</w>
  <w id="23" lemma="|in|" pos="IN" wid="23">in</w>
  <w id="24" lemma="|the|" pos="DT" wid="24">the</w>
  <w id="25" lemma="|heart|" pos="NN" wid="25">heart</w>
  <w id="26" lemma="|of|" pos="IN" wid="26">of</w>
  <w id="27" lemma="|the|" pos="DT" wid="27">the</w>
  <w id="28" lemma="|Church|" pos="NNP" wid="28">Church</w>
  <w id="29" lemma="|,|" pos="," wid="29">,</w>
  <w id="30" lemma="|to|" pos="TO" wid="30">to</w>
  <w id="31" lemma="|serve|" pos="VB" wid="31">serve</w>
  <w id="32" lemma="|God|" pos="NNP" wid="32">God</w>
  <w id="33" lemma="|'s|" pos="POS" wid="33">'s</w>
  <w id="34" lemma="|people|" pos="NNS" wid="34">people</w>
  <w id="35" lemma="|and|" pos="CC" wid="35">and</w>
  <w id="36" lemma="|bear|" pos="VB" wid="36">bear</w>
  <w id="37" lemma="|witness|" pos="NN" wid="37">witness</w>
  <w id="38" lemma="|to|" pos="TO" wid="38">to</w>
  <w id="39" lemma="|the|" pos="DT" wid="39">the</w>
  <w id="40" lemma="|truth|" pos="NNS" wid="40">truths</w>
  <w id="41" lemma="|and|" pos="CC" wid="41">and</w>
  <w id="42" lemma="|moral|" pos="JJ" wid="42">moral</w>
  <w id="43" lemma="|demand|" pos="NNS" wid="43">demands</w>
  <w id="44" lemma="|of|" pos="IN" wid="44">of</w>
  <w id="45" lemma="|Christ|" pos="NNP" wid="45">Christ</w>
  <w id="46" lemma="|'s|" pos="POS" wid="46">'s</w>
  <w id="47" lemma="|kingdom|" pos="NN" wid="47">kingdom</w>
  <w id="48" lemma="|.|" pos="." wid="48">.</w>
</sentence>
<sentence id="11">
  <w id="0" lemma="|in|" pos="IN" wid="0">In</w>
  <w id="1" lemma="|a|" pos="DT" wid="1">a</w>
  <w id="2" lemma="|special|" pos="JJ" wid="2">special</w>
  <w id="3" lemma="|way|" pos="NN" wid="3">way</w>
  <w id="4" lemma="|,|" pos="," wid="4">,</w>
  <w id="5" lemma="|remember|" pos="VBP" wid="5">remember</w>
  <w id="6" lemma="|those|" pos="DT" wid="6">those</w>
  <w id="7" lemma="|who|" pos="WP" wid="7">who</w>
  <w id="8" lemma="|have|" pos="VBP" wid="8">have</w>
  <w id="9" lemma="|be|" pos="VBN" wid="9">been</w>
  <w id="10" lemma="|ordain|" pos="VBN" wid="10">ordained</w>
  <w id="11" lemma="|today|" pos="NN" wid="11">today</w>
  <w id="12" lemma="|,|" pos="," wid="12">,</w>
  <w id="13" lemma="|that|" pos="IN" wid="13">that</w>
  <w id="14" lemma="|they|" pos="PRP" wid="14">they</w>
  <w id="15" lemma="|may|" pos="MD" wid="15">may</w>
  <w id="16" lemma="|be|" pos="VB" wid="16">be</w>
  <w id="17" lemma="|worthy|" pos="JJ" wid="17">worthy</w>
  <w id="18" lemma="|servant|" pos="NNS" wid="18">servants</w>
  <w id="19" lemma="|and|" pos="CC" wid="19">and</w>
  <w id="20" lemma="|herald|" pos="NNS" wid="20">heralds</w>
  <w id="21" lemma="|of|" pos="IN" wid="21">of</w>
  <w id="22" lemma="|the|" pos="DT" wid="22">the</w>
  <w id="23" lemma="|Gospel|" pos="NNP" wid="23">Gospel</w>
  <w id="24" lemma="|.|" pos="." wid="24">.</w>
</sentence>
<sentence id="12">
  <w id="0" lemma="|Malkia|" pos="NNP" wid="0">Malkia</w>
  <w id="1" lemma="|wa|" pos="NNP" wid="1">wa</w>
  <w id="2" lemma="|Amani|" pos="NNP" wid="2">Amani</w>
  <w id="3" lemma="|:|" pos=":" wid="3">:</w>
  <w id="4" lemma="|-lrb-|" pos="-LRB-" wid="4">-LRB-</w>
  <w id="5" lemma="|Queen|" pos="NNP" wid="5">Queen</w>
  <w id="6" lemma="|of|" pos="IN" wid="6">of</w>
  <w id="7" lemma="|Peace|" pos="NNP" wid="7">Peace</w>
  <w id="8" lemma="|-rrb-|" pos="-RRB-" wid="8">-RRB-</w>
  <w id="9" lemma="|:|" pos=":" wid="9">:</w>
  <w id="10" lemma="|hear|" pos="VB" wid="10">Hear</w>
  <w id="11" lemma="|the|" pos="DT" wid="11">the</w>
  <w id="12" lemma="|prayer|" pos="NNS" wid="12">prayers</w>
  <w id="13" lemma="|of|" pos="IN" wid="13">of</w>
  <w id="14" lemma="|you|" pos="PRP$" wid="14">your</w>
  <w id="15" lemma="|faithful|" pos="JJ" wid="15">faithful</w>
  <w id="16" lemma="|tanzanian|" pos="JJ" wid="16">Tanzanian</w>
  <w id="17" lemma="|people|" pos="NNS" wid="17">people</w>
  <w id="18" lemma="|for|" pos="IN" wid="18">for</w>
  <w id="19" lemma="|peace|" pos="NN" wid="19">peace</w>
  <w id="20" lemma="|and|" pos="CC" wid="20">and</w>
  <w id="21" lemma="|harmony|" pos="NN" wid="21">harmony</w>
  <w id="22" lemma="|in|" pos="IN" wid="22">in</w>
  <w id="23" lemma="|they|" pos="PRP$" wid="23">their</w>
  <w id="24" lemma="|country|" pos="NN" wid="24">country</w>
  <w id="25" lemma="|and|" pos="CC" wid="25">and</w>
  <w id="26" lemma="|throughout|" pos="IN" wid="26">throughout</w>
  <w id="27" lemma="|Africa|" pos="NNP" wid="27">Africa</w>
  <w id="28" lemma="|.|" pos="." wid="28">.</w>
</sentence>
<sentence id="13">
  <w id="0" lemma="|teach|" pos="VB" wid="0">Teach</w>
  <w id="1" lemma="|they|" pos="PRP" wid="1">them</w>
  <w id="2" lemma="|the|" pos="DT" wid="2">the</w>
  <w id="3" lemma="|way|" pos="NNS" wid="3">ways</w>
  <w id="4" lemma="|of|" pos="IN" wid="4">of</w>
  <w id="5" lemma="|forgiveness|" pos="NN" wid="5">forgiveness</w>
  <w id="6" lemma="|and|" pos="CC" wid="6">and</w>
  <w id="7" lemma="|reconciliation|" pos="NN" wid="7">reconciliation</w>
  <w id="8" lemma="|in|" pos="IN" wid="8">in</w>
  <w id="9" lemma="|they|" pos="PRP$" wid="9">their</w>
  <w id="10" lemma="|family|" pos="NNS" wid="10">families</w>
  <w id="11" lemma="|and|" pos="CC" wid="11">and</w>
  <w id="12" lemma="|in|" pos="IN" wid="12">in</w>
  <w id="13" lemma="|social|" pos="JJ" wid="13">social</w>
  <w id="14" lemma="|and|" pos="CC" wid="14">and</w>
  <w id="15" lemma="|political|" pos="JJ" wid="15">political</w>
  <w id="16" lemma="|life|" pos="NN" wid="16">life</w>
  <w id="17" lemma="|.|" pos="." wid="17">.</w>
</sentence>
<sentence id="14">
  <w id="0" lemma="|May|" pos="NNP" wid="0">May</w>
  <w id="1" lemma="|all|" pos="DT" wid="1">all</w>
  <w id="2" lemma="|Tanzanians|" pos="NNPS" wid="2">Tanzanians</w>
  <w id="3" lemma="|know|" pos="VBP" wid="3">know</w>
  <w id="4" lemma="|how|" pos="WRB" wid="4">how</w>
  <w id="5" lemma="|to|" pos="TO" wid="5">to</w>
  <w id="6" lemma="|accept|" pos="VB" wid="6">accept</w>
  <w id="7" lemma="|each|" pos="DT" wid="7">each</w>
  <w id="8" lemma="|other|" pos="JJ" wid="8">other</w>
  <w id="9" lemma="|in|" pos="IN" wid="9">in</w>
  <w id="10" lemma="|mutual|" pos="JJ" wid="10">mutual</w>
  <w id="11" lemma="|respect|" pos="NN" wid="11">respect</w>
  <w id="12" lemma="|and|" pos="CC" wid="12">and</w>
  <w id="13" lemma="|trust|" pos="NN" wid="13">trust</w>
  <w id="14" lemma="|,|" pos="," wid="14">,</w>
  <w id="15" lemma="|work|" pos="VBG" wid="15">working</w>
  <w id="16" lemma="|tirelessly|" pos="RB" wid="16">tirelessly</w>
  <w id="17" lemma="|for|" pos="IN" wid="17">for</w>
  <w id="18" lemma="|the|" pos="DT" wid="18">the</w>
  <w id="19" lemma="|development|" pos="NN" wid="19">development</w>
  <w id="20" lemma="|of|" pos="IN" wid="20">of</w>
  <w id="21" lemma="|they|" pos="PRP$" wid="21">their</w>
  <w id="22" lemma="|country|" pos="NN" wid="22">country</w>
  <w id="23" lemma="|in|" pos="IN" wid="23">in</w>
  <w id="24" lemma="|universal|" pos="JJ" wid="24">universal</w>
  <w id="25" lemma="|justice|" pos="NN" wid="25">justice</w>
  <w id="26" lemma="|and|" pos="CC" wid="26">and</w>
  <w id="27" lemma="|solidarity|" pos="NN" wid="27">solidarity</w>
  <w id="28" lemma="|.|" pos="." wid="28">.</w>
</sentence>
<sentence id="15">
  <w id="0" lemma="|Maria|" pos="NNP" wid="0">Maria</w>
  <w id="1" lemma="|,|" pos="," wid="1">,</w>
  <w id="2" lemma="|mama|" pos="NN" wid="2">Mama</w>
  <w id="3" lemma="|yetu|" pos="NN" wid="3">yetu</w>
  <w id="4" lemma="|,|" pos="," wid="4">,</w>
  <w id="5" lemma="|upokee|" pos="FW" wid="5">upokee</w>
  <w id="6" lemma="|tendo|" pos="FW" wid="6">tendo</w>
  <w id="7" lemma="|hili|" pos="FW" wid="7">hili</w>
  <w id="8" lemma="|la|" pos="FW" wid="8">la</w>
  <w id="9" lemma="|kuiweka|" pos="FW" wid="9">kuiweka</w>
  <w id="10" lemma="|tanzania|" pos="FW" wid="10">Tanzania</w>
  <w id="11" lemma="|chini|" pos="FW" wid="11">chini</w>
  <w id="12" lemma="|ya|" pos="PRP" wid="12">ya</w>
  <w id="13" lemma="|ulinzi|" pos="FW" wid="13">ulinzi</w>
  <w id="14" lemma="|wako|" pos="FW" wid="14">wako</w>
  <w id="15" lemma="|na|" pos="TO" wid="15">na</w>
  <w id="16" lemma="|utujalie|" pos="FW" wid="16">utujalie</w>
  <w id="17" lemma="|kupata|" pos="FW" wid="17">kupata</w>
  <w id="18" lemma="|hayo|" pos="FW" wid="18">hayo</w>
  <w id="19" lemma="|tunayoyaomba|" pos="FW" wid="19">tunayoyaomba</w>
  <w id="20" lemma="|kutoka|" pos="FW" wid="20">kutoka</w>
  <w id="21" lemma="|kwa|" pos="FW" wid="21">kwa</w>
  <w id="22" lemma="|moyo|" pos="FW" wid="22">Moyo</w>
  <w id="23" lemma="|wa|" pos="FW" wid="23">wa</w>
  <w id="24" lemma="|Mwanao|" pos="NNP" wid="24">Mwanao</w>
  <w id="25" lemma="|,|" pos="," wid="25">,</w>
  <w id="26" lemma="|Bwana|" pos="NNP" wid="26">Bwana</w>
  <w id="27" lemma="|wetu|" pos="FW" wid="27">wetu</w>
  <w id="28" lemma="|yesu|" pos="FW" wid="28">Yesu</w>
  <w id="29" lemma="|kristu|" pos="FW" wid="29">Kristu</w>
  <w id="30" lemma="|.|" pos="." wid="30">.</w>
</sentence>
<sentence id="16">
  <w id="0" lemma="|Amina|" pos="NNP" wid="0">Amina</w>
  <w id="1" lemma="|.|" pos="." wid="1">.</w>
</sentence>
<sentence id="17">
  <w id="0" lemma="|-lrb-|" pos="-LRB-" wid="0">-LRB-</w>
  <w id="1" lemma="|Mary|" pos="NNP" wid="1">Mary</w>
  <w id="2" lemma="|,|" pos="," wid="2">,</w>
  <w id="3" lemma="|we|" pos="PRP$" wid="3">our</w>
  <w id="4" lemma="|Mother|" pos="NNP" wid="4">Mother</w>
  <w id="5" lemma="|,|" pos="," wid="5">,</w>
  <w id="6" lemma="|accept|" pos="VB" wid="6">accept</w>
  <w id="7" lemma="|this|" pos="DT" wid="7">this</w>
  <w id="8" lemma="|act|" pos="NN" wid="8">act</w>
  <w id="9" lemma="|of|" pos="IN" wid="9">of</w>
  <w id="10" lemma="|entrust|" pos="VBG" wid="10">entrusting</w>
  <w id="11" lemma="|and|" pos="CC" wid="11">and</w>
  <w id="12" lemma="|obtain|" pos="VB" wid="12">obtain</w>
  <w id="13" lemma="|what|" pos="WP" wid="13">what</w>
  <w id="14" lemma="|we|" pos="PRP" wid="14">we</w>
  <w id="15" lemma="|ask|" pos="VBP" wid="15">ask</w>
  <w id="16" lemma="|from|" pos="IN" wid="16">from</w>
  <w id="17" lemma="|the|" pos="DT" wid="17">the</w>
  <w id="18" lemma="|Heart|" pos="NNP" wid="18">Heart</w>
  <w id="19" lemma="|of|" pos="IN" wid="19">of</w>
  <w id="20" lemma="|you|" pos="PRP$" wid="20">your</w>
  <w id="21" lemma="|Son|" pos="NNP" wid="21">Son</w>
  <w id="22" lemma="|,|" pos="," wid="22">,</w>
  <w id="23" lemma="|we|" pos="PRP$" wid="23">our</w>
  <w id="24" lemma="|Lord|" pos="NNP" wid="24">Lord</w>
  <w id="25" lemma="|Jesus|" pos="NNP" wid="25">Jesus</w>
  <w id="26" lemma="|Christ|" pos="NNP" wid="26">Christ</w>
  <w id="27" lemma="|.|" pos="." wid="27">.</w>
</sentence>
<sentence id="18">
  <w id="0" lemma="|amen|" pos="UH" wid="0">Amen</w>
  <w id="1" lemma="|-rrb-|" pos="-RRB-" wid="1">-RRB-</w>
  <w id="2" lemma="|.|" pos="." wid="2">.</w>
</sentence>
</corpus>