<corpus id="0">
<sentence id="0">
  <w id="0" lemma="|Dear|" pos="NNP" wid="0">Dear</w>
  <w id="1" lemma="|Brothers|" pos="NNPS" wid="1">Brothers</w>
  <w id="2" lemma="|and|" pos="CC" wid="2">and</w>
  <w id="3" lemma="|sister|" pos="NNS" wid="3">Sisters</w>
  <w id="4" lemma="|,|" pos="," wid="4">,</w>
  <w id="5" lemma="|1|" pos="CD" wid="5">1</w>
  <w id="6" lemma="|.|" pos="." wid="6">.</w>
</sentence>
<sentence id="1">
  <w id="0" lemma="|we|" pos="PRP" wid="0">We</w>
  <w id="1" lemma="|be|" pos="VBP" wid="1">are</w>
  <w id="2" lemma="|move|" pos="VBG" wid="2">moving</w>
  <w id="3" lemma="|toward|" pos="IN" wid="3">toward</w>
  <w id="4" lemma="|the|" pos="DT" wid="4">the</w>
  <w id="5" lemma="|end|" pos="NN" wid="5">end</w>
  <w id="6" lemma="|of|" pos="IN" wid="6">of</w>
  <w id="7" lemma="|the|" pos="DT" wid="7">the</w>
  <w id="8" lemma="|month|" pos="NN" wid="8">month</w>
  <w id="9" lemma="|of|" pos="IN" wid="9">of</w>
  <w id="10" lemma="|October|" pos="NNP" wid="10">October</w>
  <w id="11" lemma="|,|" pos="," wid="11">,</w>
  <w id="12" lemma="|the|" pos="DT" wid="12">the</w>
  <w id="13" lemma="|month|" pos="NN" wid="13">month</w>
  <w id="14" lemma="|of|" pos="IN" wid="14">of</w>
  <w id="15" lemma="|the|" pos="DT" wid="15">the</w>
  <w id="16" lemma="|Rosary|" pos="NNP" wid="16">Rosary</w>
  <w id="17" lemma="|.|" pos="." wid="17">.</w>
</sentence>
<sentence id="2">
  <w id="0" lemma="|as|" pos="IN" wid="0">As</w>
  <w id="1" lemma="|you|" pos="PRP" wid="1">you</w>
  <w id="2" lemma="|know|" pos="VBP" wid="2">know</w>
  <w id="3" lemma="|,|" pos="," wid="3">,</w>
  <w id="4" lemma="|the|" pos="DT" wid="4">the</w>
  <w id="5" lemma="|come|" pos="VBG" wid="5">coming</w>
  <w id="6" lemma="|month|" pos="NNS" wid="6">months</w>
  <w id="7" lemma="|,|" pos="," wid="7">,</w>
  <w id="8" lemma="|until|" pos="IN" wid="8">until</w>
  <w id="9" lemma="|October|" pos="NNP" wid="9">October</w>
  <w id="10" lemma="|2003|" pos="CD" wid="10">2003</w>
  <w id="11" lemma="|,|" pos="," wid="11">,</w>
  <w id="12" lemma="|be|" pos="VBP" wid="12">are</w>
  <w id="13" lemma="|a|" pos="DT" wid="13">a</w>
  <w id="14" lemma="|special|" pos="JJ" wid="14">special</w>
  <w id="15" lemma="|``|" pos="``" wid="15">``</w>
  <w id="16" lemma="|year|" pos="NN" wid="16">Year</w>
  <w id="17" lemma="|of|" pos="IN" wid="17">of</w>
  <w id="18" lemma="|the|" pos="DT" wid="18">the</w>
  <w id="19" lemma="|Rosary|" pos="NNP" wid="19">Rosary</w>
  <w id="20" lemma="|''|" pos="''" wid="20">''</w>
  <w id="21" lemma="|.|" pos="." wid="21">.</w>
</sentence>
<sentence id="3">
  <w id="0" lemma="|in|" pos="IN" wid="0">In</w>
  <w id="1" lemma="|this|" pos="DT" wid="1">this</w>
  <w id="2" lemma="|way|" pos="NN" wid="2">way</w>
  <w id="3" lemma="|,|" pos="," wid="3">,</w>
  <w id="4" lemma="|I|" pos="PRP" wid="4">I</w>
  <w id="5" lemma="|wish|" pos="VBD" wid="5">wished</w>
  <w id="6" lemma="|to|" pos="TO" wid="6">to</w>
  <w id="7" lemma="|place|" pos="VB" wid="7">place</w>
  <w id="8" lemma="|the|" pos="DT" wid="8">the</w>
  <w id="9" lemma="|25th|" pos="JJ" wid="9">25th</w>
  <w id="10" lemma="|year|" pos="NN" wid="10">year</w>
  <w id="11" lemma="|of|" pos="IN" wid="11">of</w>
  <w id="12" lemma="|my|" pos="PRP$" wid="12">my</w>
  <w id="13" lemma="|pontificate|" pos="VB" wid="13">pontificate</w>
  <w id="14" lemma="|under|" pos="IN" wid="14">under</w>
  <w id="15" lemma="|the|" pos="DT" wid="15">the</w>
  <w id="16" lemma="|sign|" pos="NN" wid="16">sign</w>
  <w id="17" lemma="|of|" pos="IN" wid="17">of</w>
  <w id="18" lemma="|this|" pos="DT" wid="18">this</w>
  <w id="19" lemma="|prayer|" pos="NN" wid="19">prayer</w>
  <w id="20" lemma="|.|" pos="." wid="20">.</w>
</sentence>
<sentence id="4">
  <w id="0" lemma="|the|" pos="DT" wid="0">The</w>
  <w id="1" lemma="|most|" pos="RBS" wid="1">most</w>
  <w id="2" lemma="|important|" pos="JJ" wid="2">important</w>
  <w id="3" lemma="|reason|" pos="NN" wid="3">reason</w>
  <w id="4" lemma="|for|" pos="IN" wid="4">for</w>
  <w id="5" lemma="|propose|" pos="VBG" wid="5">proposing</w>
  <w id="6" lemma="|again|" pos="RB" wid="6">again</w>
  <w id="7" lemma="|the|" pos="DT" wid="7">the</w>
  <w id="8" lemma="|pray|" pos="VBG" wid="8">praying</w>
  <w id="9" lemma="|of|" pos="IN" wid="9">of</w>
  <w id="10" lemma="|the|" pos="DT" wid="10">the</w>
  <w id="11" lemma="|Rosary|" pos="NNP" wid="11">Rosary</w>
  <w id="12" lemma="|be|" pos="VBZ" wid="12">is</w>
  <w id="13" lemma="|the|" pos="DT" wid="13">the</w>
  <w id="14" lemma="|fact|" pos="NN" wid="14">fact</w>
  <w id="15" lemma="|that|" pos="IN" wid="15">that</w>
  <w id="16" lemma="|it|" pos="PRP" wid="16">it</w>
  <w id="17" lemma="|constitute|" pos="VBZ" wid="17">constitutes</w>
  <w id="18" lemma="|a|" pos="DT" wid="18">a</w>
  <w id="19" lemma="|valid|" pos="JJ" wid="19">valid</w>
  <w id="20" lemma="|means|" pos="NN" wid="20">means</w>
  <w id="21" lemma="|of|" pos="IN" wid="21">of</w>
  <w id="22" lemma="|foster|" pos="VBG" wid="22">fostering</w>
  <w id="23" lemma="|among|" pos="IN" wid="23">among</w>
  <w id="24" lemma="|the|" pos="DT" wid="24">the</w>
  <w id="25" lemma="|faithful|" pos="NN" wid="25">faithful</w>
  <w id="26" lemma="|the|" pos="DT" wid="26">the</w>
  <w id="27" lemma="|commitment|" pos="NN" wid="27">commitment</w>
  <w id="28" lemma="|to|" pos="TO" wid="28">to</w>
  <w id="29" lemma="|the|" pos="DT" wid="29">the</w>
  <w id="30" lemma="|contemplation|" pos="NN" wid="30">contemplation</w>
  <w id="31" lemma="|of|" pos="IN" wid="31">of</w>
  <w id="32" lemma="|the|" pos="DT" wid="32">the</w>
  <w id="33" lemma="|face|" pos="NN" wid="33">face</w>
  <w id="34" lemma="|of|" pos="IN" wid="34">of</w>
  <w id="35" lemma="|Christ|" pos="NNP" wid="35">Christ</w>
  <w id="36" lemma="|,|" pos="," wid="36">,</w>
  <w id="37" lemma="|to|" pos="TO" wid="37">to</w>
  <w id="38" lemma="|which|" pos="WDT" wid="38">which</w>
  <w id="39" lemma="|I|" pos="PRP" wid="39">I</w>
  <w id="40" lemma="|invite|" pos="VBD" wid="40">invited</w>
  <w id="41" lemma="|everyone|" pos="NN" wid="41">everyone</w>
  <w id="42" lemma="|at|" pos="IN" wid="42">at</w>
  <w id="43" lemma="|the|" pos="DT" wid="43">the</w>
  <w id="44" lemma="|end|" pos="NN" wid="44">end</w>
  <w id="45" lemma="|of|" pos="IN" wid="45">of</w>
  <w id="46" lemma="|the|" pos="DT" wid="46">the</w>
  <w id="47" lemma="|great|" pos="JJ" wid="47">Great</w>
  <w id="48" lemma="|jubilee|" pos="NN" wid="48">Jubilee</w>
  <w id="49" lemma="|of|" pos="IN" wid="49">of</w>
  <w id="50" lemma="|the|" pos="DT" wid="50">the</w>
  <w id="51" lemma="|Year|" pos="NNP" wid="51">Year</w>
  <w id="52" lemma="|2000|" pos="CD" wid="52">2000</w>
  <w id="53" lemma="|.|" pos="." wid="53">.</w>
</sentence>
<sentence id="5">
  <w id="0" lemma="|2|" pos="CD" wid="0">2</w>
  <w id="1" lemma="|.|" pos="." wid="1">.</w>
</sentence>
<sentence id="6">
  <w id="0" lemma="|the|" pos="DT" wid="0">The</w>
  <w id="1" lemma="|Virgin|" pos="NNP" wid="1">Virgin</w>
  <w id="2" lemma="|Mary|" pos="NNP" wid="2">Mary</w>
  <w id="3" lemma="|be|" pos="VBZ" wid="3">is</w>
  <w id="4" lemma="|the|" pos="DT" wid="4">the</w>
  <w id="5" lemma="|unrivalled|" pos="JJ" wid="5">unrivalled</w>
  <w id="6" lemma="|model|" pos="NN" wid="6">model</w>
  <w id="7" lemma="|of|" pos="IN" wid="7">of</w>
  <w id="8" lemma="|christian|" pos="JJ" wid="8">Christian</w>
  <w id="9" lemma="|contemplation|" pos="NN" wid="9">contemplation</w>
  <w id="10" lemma="|-lrb-|" pos="-LRB-" wid="10">-LRB-</w>
  <w id="11" lemma="|cf|" pos="NN" wid="11">cf</w>
  <w id="12" lemma="|.|" pos="." wid="12">.</w>
</sentence>
<sentence id="7">
  <w id="0" lemma="|Apostolic|" pos="NNP" wid="0">Apostolic</w>
  <w id="1" lemma="|Letter|" pos="NNP" wid="1">Letter</w>
  <w id="2" lemma="|Rosarium|" pos="NNP" wid="2">Rosarium</w>
  <w id="3" lemma="|Virginis|" pos="NNP" wid="3">Virginis</w>
  <w id="4" lemma="|Mariae|" pos="NNP" wid="4">Mariae</w>
  <w id="5" lemma="|,|" pos="," wid="5">,</w>
  <w id="6" lemma="|n.|" pos="NNP" wid="6">n.</w>
  <w id="7" lemma="|10|" pos="CD" wid="7">10</w>
  <w id="8" lemma="|-rrb-|" pos="-RRB-" wid="8">-RRB-</w>
  <w id="9" lemma="|.|" pos="." wid="9">.</w>
</sentence>
<sentence id="8">
  <w id="0" lemma="|from|" pos="IN" wid="0">From</w>
  <w id="1" lemma="|Jesus|" pos="NNP" wid="1">Jesus</w>
  <w id="2" lemma="|'|" pos="POS" wid="2">'</w>
  <w id="3" lemma="|conception|" pos="NN" wid="3">conception</w>
  <w id="4" lemma="|until|" pos="IN" wid="4">until</w>
  <w id="5" lemma="|he|" pos="PRP$" wid="5">his</w>
  <w id="6" lemma="|resurrection|" pos="NN" wid="6">resurrection</w>
  <w id="7" lemma="|and|" pos="CC" wid="7">and</w>
  <w id="8" lemma="|ascension|" pos="NN" wid="8">ascension</w>
  <w id="9" lemma="|into|" pos="IN" wid="9">into</w>
  <w id="10" lemma="|heaven|" pos="NN" wid="10">heaven</w>
  <w id="11" lemma="|,|" pos="," wid="11">,</w>
  <w id="12" lemma="|the|" pos="DT" wid="12">the</w>
  <w id="13" lemma="|Mother|" pos="NNP" wid="13">Mother</w>
  <w id="14" lemma="|keep|" pos="VBD" wid="14">kept</w>
  <w id="15" lemma="|the|" pos="DT" wid="15">the</w>
  <w id="16" lemma="|gaze|" pos="VBP" wid="16">gaze</w>
  <w id="17" lemma="|of|" pos="IN" wid="17">of</w>
  <w id="18" lemma="|she|" pos="PRP$" wid="18">her</w>
  <w id="19" lemma="|immaculate|" pos="JJ" wid="19">immaculate</w>
  <w id="20" lemma="|heart|" pos="NN" wid="20">heart</w>
  <w id="21" lemma="|on|" pos="IN" wid="21">on</w>
  <w id="22" lemma="|she|" pos="PRP$" wid="22">her</w>
  <w id="23" lemma="|divine|" pos="JJ" wid="23">divine</w>
  <w id="24" lemma="|Son|" pos="NNP" wid="24">Son</w>
  <w id="25" lemma="|:|" pos=":" wid="25">:</w>
  <w id="26" lemma="|a|" pos="DT" wid="26">a</w>
  <w id="27" lemma="|wonderful|" pos="JJ" wid="27">wonderful</w>
  <w id="28" lemma="|,|" pos="," wid="28">,</w>
  <w id="29" lemma="|penetrate|" pos="VBG" wid="29">penetrating</w>
  <w id="30" lemma="|,|" pos="," wid="30">,</w>
  <w id="31" lemma="|sorrowful|" pos="JJ" wid="31">sorrowful</w>
  <w id="32" lemma="|and|" pos="CC" wid="32">and</w>
  <w id="33" lemma="|radiant|" pos="JJ" wid="33">radiant</w>
  <w id="34" lemma="|insight|" pos="NN" wid="34">insight</w>
  <w id="35" lemma="|-lrb-|" pos="-LRB-" wid="35">-LRB-</w>
  <w id="36" lemma="|cf|" pos="NN" wid="36">cf</w>
  <w id="37" lemma="|.|" pos="." wid="37">.</w>
</sentence>
<sentence id="9">
  <w id="0" lemma="|ibid|" pos="NN" wid="0">ibid</w>
  <w id="1" lemma="|.|" pos="." wid="1">.</w>
  <w id="2" lemma="|-rrb-|" pos="-RRB-" wid="2">-RRB-</w>
  <w id="3" lemma="|.|" pos="." wid="3">.</w>
</sentence>
<sentence id="10">
  <w id="0" lemma="|it|" pos="PRP" wid="0">It</w>
  <w id="1" lemma="|be|" pos="VBZ" wid="1">is</w>
  <w id="2" lemma="|this|" pos="DT" wid="2">this</w>
  <w id="3" lemma="|Marian|" pos="NNP" wid="3">Marian</w>
  <w id="4" lemma="|look|" pos="VB" wid="4">look</w>
  <w id="5" lemma="|full|" pos="JJ" wid="5">full</w>
  <w id="6" lemma="|of|" pos="IN" wid="6">of</w>
  <w id="7" lemma="|faith|" pos="NN" wid="7">faith</w>
  <w id="8" lemma="|and|" pos="CC" wid="8">and</w>
  <w id="9" lemma="|love|" pos="NN" wid="9">love</w>
  <w id="10" lemma="|,|" pos="," wid="10">,</w>
  <w id="11" lemma="|that|" pos="IN" wid="11">that</w>
  <w id="12" lemma="|the|" pos="DT" wid="12">the</w>
  <w id="13" lemma="|individual|" pos="JJ" wid="13">individual</w>
  <w id="14" lemma="|Christian|" pos="NNP" wid="14">Christian</w>
  <w id="15" lemma="|and|" pos="CC" wid="15">and</w>
  <w id="16" lemma="|the|" pos="DT" wid="16">the</w>
  <w id="17" lemma="|ecclesial|" pos="JJ" wid="17">ecclesial</w>
  <w id="18" lemma="|community|" pos="NN" wid="18">community</w>
  <w id="19" lemma="|make|" pos="VBP" wid="19">make</w>
  <w id="20" lemma="|they|" pos="PRP$" wid="20">their</w>
  <w id="21" lemma="|own|" pos="JJ" wid="21">own</w>
  <w id="22" lemma="|when|" pos="WRB" wid="22">when</w>
  <w id="23" lemma="|they|" pos="PRP" wid="23">they</w>
  <w id="24" lemma="|recite|" pos="VBP" wid="24">recite</w>
  <w id="25" lemma="|the|" pos="DT" wid="25">the</w>
  <w id="26" lemma="|Rosary|" pos="NNP" wid="26">Rosary</w>
  <w id="27" lemma="|.|" pos="." wid="27">.</w>
</sentence>
<sentence id="11">
  <w id="0" lemma="|in|" pos="IN" wid="0">In</w>
  <w id="1" lemma="|order|" pos="NN" wid="1">order</w>
  <w id="2" lemma="|``|" pos="``" wid="2">``</w>
  <w id="3" lemma="|to|" pos="TO" wid="3">to</w>
  <w id="4" lemma="|bring|" pos="VB" wid="4">bring</w>
  <w id="5" lemma="|out|" pos="RP" wid="5">out</w>
  <w id="6" lemma="|fully|" pos="RB" wid="6">fully</w>
  <w id="7" lemma="|the|" pos="DT" wid="7">the</w>
  <w id="8" lemma="|christological|" pos="JJ" wid="8">Christological</w>
  <w id="9" lemma="|depth|" pos="NN" wid="9">depth</w>
  <w id="10" lemma="|of|" pos="IN" wid="10">of</w>
  <w id="11" lemma="|the|" pos="DT" wid="11">the</w>
  <w id="12" lemma="|Rosary|" pos="NNP" wid="12">Rosary</w>
  <w id="13" lemma="|''|" pos="''" wid="13">''</w>
  <w id="14" lemma="|-lrb-|" pos="-LRB-" wid="14">-LRB-</w>
  <w id="15" lemma="|ibid|" pos="NN" wid="15">ibid</w>
  <w id="16" lemma="|.|" pos="." wid="16">.</w>
</sentence>
<sentence id="12">
  <w id="0" lemma="|n.|" pos="NN" wid="0">n.</w>
  <w id="1" lemma="|19|" pos="CD" wid="1">19</w>
  <w id="2" lemma="|-rrb-|" pos="-RRB-" wid="2">-RRB-</w>
  <w id="3" lemma="|,|" pos="," wid="3">,</w>
  <w id="4" lemma="|the|" pos="DT" wid="4">the</w>
  <w id="5" lemma="|Apostolic|" pos="NNP" wid="5">Apostolic</w>
  <w id="6" lemma="|Letter|" pos="NNP" wid="6">Letter</w>
  <w id="7" lemma="|Rosarium|" pos="NNP" wid="7">Rosarium</w>
  <w id="8" lemma="|Virginis|" pos="NNP" wid="8">Virginis</w>
  <w id="9" lemma="|Mariae|" pos="NNP" wid="9">Mariae</w>
  <w id="10" lemma="|integrate|" pos="VBZ" wid="10">integrates</w>
  <w id="11" lemma="|the|" pos="DT" wid="11">the</w>
  <w id="12" lemma="|traditional|" pos="JJ" wid="12">traditional</w>
  <w id="13" lemma="|three|" pos="CD" wid="13">three</w>
  <w id="14" lemma="|cycle|" pos="NNS" wid="14">cycles</w>
  <w id="15" lemma="|of|" pos="IN" wid="15">of</w>
  <w id="16" lemma="|mystery|" pos="NNS" wid="16">mysteries</w>
  <w id="17" lemma="|-|" pos=":" wid="17">-</w>
  <w id="18" lemma="|of|" pos="IN" wid="18">of</w>
  <w id="19" lemma="|joy|" pos="NN" wid="19">joy</w>
  <w id="20" lemma="|,|" pos="," wid="20">,</w>
  <w id="21" lemma="|sorrow|" pos="NN" wid="21">sorrow</w>
  <w id="22" lemma="|,|" pos="," wid="22">,</w>
  <w id="23" lemma="|and|" pos="CC" wid="23">and</w>
  <w id="24" lemma="|glory|" pos="NN" wid="24">glory</w>
  <w id="25" lemma="|-|" pos=":" wid="25">-</w>
  <w id="26" lemma="|with|" pos="IN" wid="26">with</w>
  <w id="27" lemma="|a|" pos="DT" wid="27">a</w>
  <w id="28" lemma="|new|" pos="JJ" wid="28">new</w>
  <w id="29" lemma="|cycle|" pos="NN" wid="29">cycle</w>
  <w id="30" lemma="|:|" pos=":" wid="30">:</w>
  <w id="31" lemma="|the|" pos="DT" wid="31">the</w>
  <w id="32" lemma="|mystery|" pos="NNS" wid="32">mysteries</w>
  <w id="33" lemma="|of|" pos="IN" wid="33">of</w>
  <w id="34" lemma="|light|" pos="NN" wid="34">light</w>
  <w id="35" lemma="|that|" pos="WDT" wid="35">that</w>
  <w id="36" lemma="|recall|" pos="VBP" wid="36">recall</w>
  <w id="37" lemma="|the|" pos="DT" wid="37">the</w>
  <w id="38" lemma="|public|" pos="JJ" wid="38">public</w>
  <w id="39" lemma="|life|" pos="NN" wid="39">life</w>
  <w id="40" lemma="|of|" pos="IN" wid="40">of</w>
  <w id="41" lemma="|Christ|" pos="NNP" wid="41">Christ</w>
  <w id="42" lemma="|.|" pos="." wid="42">.</w>
</sentence>
<sentence id="13">
  <w id="0" lemma="|3|" pos="LS" wid="0">3</w>
  <w id="1" lemma="|.|" pos="." wid="1">.</w>
</sentence>
<sentence id="14">
  <w id="0" lemma="|as|" pos="IN" wid="0">As</w>
  <w id="1" lemma="|be|" pos="VBZ" wid="1">is</w>
  <w id="2" lemma="|true|" pos="JJ" wid="2">true</w>
  <w id="3" lemma="|of|" pos="IN" wid="3">of</w>
  <w id="4" lemma="|every|" pos="DT" wid="4">every</w>
  <w id="5" lemma="|genuine|" pos="JJ" wid="5">genuine</w>
  <w id="6" lemma="|prayer|" pos="NN" wid="6">prayer</w>
  <w id="7" lemma="|,|" pos="," wid="7">,</w>
  <w id="8" lemma="|the|" pos="DT" wid="8">the</w>
  <w id="9" lemma="|Rosary|" pos="NNP" wid="9">Rosary</w>
  <w id="10" lemma="|do|" pos="VBZ" wid="10">does</w>
  <w id="11" lemma="|not|" pos="RB" wid="11">not</w>
  <w id="12" lemma="|remove|" pos="VB" wid="12">remove</w>
  <w id="13" lemma="|we|" pos="PRP" wid="13">us</w>
  <w id="14" lemma="|from|" pos="IN" wid="14">from</w>
  <w id="15" lemma="|reality|" pos="NN" wid="15">reality</w>
  <w id="16" lemma="|,|" pos="," wid="16">,</w>
  <w id="17" lemma="|but|" pos="CC" wid="17">but</w>
  <w id="18" lemma="|help|" pos="VBZ" wid="18">helps</w>
  <w id="19" lemma="|we|" pos="PRP" wid="19">us</w>
  <w id="20" lemma="|to|" pos="TO" wid="20">to</w>
  <w id="21" lemma="|live|" pos="VB" wid="21">live</w>
  <w id="22" lemma="|reality|" pos="NN" wid="22">reality</w>
  <w id="23" lemma="|interiorly|" pos="RB" wid="23">interiorly</w>
  <w id="24" lemma="|unite|" pos="VBN" wid="24">united</w>
  <w id="25" lemma="|with|" pos="IN" wid="25">with</w>
  <w id="26" lemma="|Christ|" pos="NNP" wid="26">Christ</w>
  <w id="27" lemma="|,|" pos="," wid="27">,</w>
  <w id="28" lemma="|give|" pos="VBG" wid="28">giving</w>
  <w id="29" lemma="|witness|" pos="NN" wid="29">witness</w>
  <w id="30" lemma="|to|" pos="TO" wid="30">to</w>
  <w id="31" lemma="|the|" pos="DT" wid="31">the</w>
  <w id="32" lemma="|love|" pos="NN" wid="32">love</w>
  <w id="33" lemma="|of|" pos="IN" wid="33">of</w>
  <w id="34" lemma="|God|" pos="NNP" wid="34">God</w>
  <w id="35" lemma="|.|" pos="." wid="35">.</w>
</sentence>
<sentence id="15">
  <w id="0" lemma="|for|" pos="IN" wid="0">For</w>
  <w id="1" lemma="|this|" pos="DT" wid="1">this</w>
  <w id="2" lemma="|reason|" pos="NN" wid="2">reason</w>
  <w id="3" lemma="|,|" pos="," wid="3">,</w>
  <w id="4" lemma="|the|" pos="DT" wid="4">the</w>
  <w id="5" lemma="|recent|" pos="JJ" wid="5">recent</w>
  <w id="6" lemma="|Letter|" pos="NNP" wid="6">Letter</w>
  <w id="7" lemma="|exhort|" pos="VBZ" wid="7">exhorts</w>
  <w id="8" lemma="|we|" pos="PRP" wid="8">us</w>
  <w id="9" lemma="|to|" pos="TO" wid="9">to</w>
  <w id="10" lemma="|rediscover|" pos="VB" wid="10">rediscover</w>
  <w id="11" lemma="|the|" pos="DT" wid="11">the</w>
  <w id="12" lemma="|beauty|" pos="NN" wid="12">beauty</w>
  <w id="13" lemma="|of|" pos="IN" wid="13">of</w>
  <w id="14" lemma="|the|" pos="DT" wid="14">the</w>
  <w id="15" lemma="|recitation|" pos="NN" wid="15">recitation</w>
  <w id="16" lemma="|of|" pos="IN" wid="16">of</w>
  <w id="17" lemma="|the|" pos="DT" wid="17">the</w>
  <w id="18" lemma="|Rosary|" pos="NNP" wid="18">Rosary</w>
  <w id="19" lemma="|in|" pos="IN" wid="19">in</w>
  <w id="20" lemma="|the|" pos="DT" wid="20">the</w>
  <w id="21" lemma="|family|" pos="NN" wid="21">family</w>
  <w id="22" lemma="|.|" pos="." wid="22">.</w>
</sentence>
<sentence id="16">
  <w id="0" lemma="|``|" pos="``" wid="0">``</w>
  <w id="1" lemma="|the|" pos="DT" wid="1">The</w>
  <w id="2" lemma="|family|" pos="NN" wid="2">family</w>
  <w id="3" lemma="|that|" pos="WDT" wid="3">that</w>
  <w id="4" lemma="|pray|" pos="VBZ" wid="4">prays</w>
  <w id="5" lemma="|together|" pos="RB" wid="5">together</w>
  <w id="6" lemma="|stay|" pos="VBZ" wid="6">stays</w>
  <w id="7" lemma="|together|" pos="RB" wid="7">together</w>
  <w id="8" lemma="|''|" pos="''" wid="8">''</w>
  <w id="9" lemma="|-lrb-|" pos="-LRB-" wid="9">-LRB-</w>
  <w id="10" lemma="|ibid|" pos="NN" wid="10">ibid</w>
  <w id="11" lemma="|.|" pos="." wid="11">.</w>
</sentence>
<sentence id="17">
  <w id="0" lemma="|,|" pos="," wid="0">,</w>
  <w id="1" lemma="|n.|" pos="NN" wid="1">n.</w>
  <w id="2" lemma="|41|" pos="CD" wid="2">41</w>
  <w id="3" lemma="|-rrb-|" pos="-RRB-" wid="3">-RRB-</w>
  <w id="4" lemma="|.|" pos="." wid="4">.</w>
</sentence>
<sentence id="18">
  <w id="0" lemma="|the|" pos="DT" wid="0">The</w>
  <w id="1" lemma="|Rosary|" pos="NNP" wid="1">Rosary</w>
  <w id="2" lemma="|be|" pos="VBZ" wid="2">is</w>
  <w id="3" lemma="|``|" pos="``" wid="3">``</w>
  <w id="4" lemma="|prayer|" pos="NN" wid="4">prayer</w>
  <w id="5" lemma="|by|" pos="IN" wid="5">by</w>
  <w id="6" lemma="|its|" pos="PRP$" wid="6">its</w>
  <w id="7" lemma="|very|" pos="JJ" wid="7">very</w>
  <w id="8" lemma="|nature|" pos="NN" wid="8">nature</w>
  <w id="9" lemma="|orient|" pos="VBN" wid="9">oriented</w>
  <w id="10" lemma="|to|" pos="TO" wid="10">to</w>
  <w id="11" lemma="|peace|" pos="NN" wid="11">peace</w>
  <w id="12" lemma="|''|" pos="''" wid="12">''</w>
  <w id="13" lemma="|.|" pos="." wid="13">.</w>
</sentence>
<sentence id="19">
  <w id="0" lemma="|in|" pos="IN" wid="0">In</w>
  <w id="1" lemma="|this|" pos="DT" wid="1">this</w>
  <w id="2" lemma="|year|" pos="NN" wid="2">Year</w>
  <w id="3" lemma="|of|" pos="IN" wid="3">of</w>
  <w id="4" lemma="|the|" pos="DT" wid="4">the</w>
  <w id="5" lemma="|Rosary|" pos="NNP" wid="5">Rosary</w>
  <w id="6" lemma="|,|" pos="," wid="6">,</w>
  <w id="7" lemma="|christian|" pos="NNS" wid="7">Christians</w>
  <w id="8" lemma="|be|" pos="VBP" wid="8">are</w>
  <w id="9" lemma="|call|" pos="VBN" wid="9">called</w>
  <w id="10" lemma="|to|" pos="TO" wid="10">to</w>
  <w id="11" lemma="|keep|" pos="VB" wid="11">keep</w>
  <w id="12" lemma="|they|" pos="PRP$" wid="12">their</w>
  <w id="13" lemma="|gaze|" pos="VBP" wid="13">gaze</w>
  <w id="14" lemma="|fix|" pos="VBN" wid="14">fixed</w>
  <w id="15" lemma="|on|" pos="IN" wid="15">on</w>
  <w id="16" lemma="|Christ|" pos="NNP" wid="16">Christ</w>
  <w id="17" lemma="|,|" pos="," wid="17">,</w>
  <w id="18" lemma="|the|" pos="DT" wid="18">the</w>
  <w id="19" lemma="|Prince|" pos="NNP" wid="19">Prince</w>
  <w id="20" lemma="|of|" pos="IN" wid="20">of</w>
  <w id="21" lemma="|eace|" pos="NN" wid="21">eace</w>
  <w id="22" lemma="|,|" pos="," wid="22">,</w>
  <w id="23" lemma="|so|" pos="IN" wid="23">so</w>
  <w id="24" lemma="|that|" pos="IN" wid="24">that</w>
  <w id="25" lemma="|in|" pos="IN" wid="25">in</w>
  <w id="26" lemma="|they|" pos="PRP$" wid="26">their</w>
  <w id="27" lemma="|heart|" pos="NNS" wid="27">hearts</w>
  <w id="28" lemma="|and|" pos="CC" wid="28">and</w>
  <w id="29" lemma="|among|" pos="IN" wid="29">among</w>
  <w id="30" lemma="|people|" pos="NNS" wid="30">peoples</w>
  <w id="31" lemma="|thought|" pos="NNS" wid="31">thoughts</w>
  <w id="32" lemma="|and|" pos="CC" wid="32">and</w>
  <w id="33" lemma="|act|" pos="NNS" wid="33">acts</w>
  <w id="34" lemma="|of|" pos="IN" wid="34">of</w>
  <w id="35" lemma="|justice|" pos="NN" wid="35">justice</w>
  <w id="36" lemma="|and|" pos="CC" wid="36">and</w>
  <w id="37" lemma="|peace|" pos="NN" wid="37">peace</w>
  <w id="38" lemma="|may|" pos="MD" wid="38">may</w>
  <w id="39" lemma="|prevail|" pos="VB" wid="39">prevail</w>
  <w id="40" lemma="|.|" pos="." wid="40">.</w>
</sentence>
<sentence id="20">
  <w id="0" lemma="|today|" pos="NN" wid="0">Today</w>
  <w id="1" lemma="|,|" pos="," wid="1">,</w>
  <w id="2" lemma="|let|" pos="VB" wid="2">let</w>
  <w id="3" lemma="|we|" pos="PRP" wid="3">us</w>
  <w id="4" lemma="|particularly|" pos="RB" wid="4">particularly</w>
  <w id="5" lemma="|beg|" pos="VBP" wid="5">beg</w>
  <w id="6" lemma="|the|" pos="DT" wid="6">the</w>
  <w id="7" lemma="|intercession|" pos="NN" wid="7">intercession</w>
  <w id="8" lemma="|of|" pos="IN" wid="8">of</w>
  <w id="9" lemma="|the|" pos="DT" wid="9">the</w>
  <w id="10" lemma="|Mother|" pos="NNP" wid="10">Mother</w>
  <w id="11" lemma="|of|" pos="IN" wid="11">of</w>
  <w id="12" lemma="|God|" pos="NNP" wid="12">God</w>
  <w id="13" lemma="|,|" pos="," wid="13">,</w>
  <w id="14" lemma="|so|" pos="RB" wid="14">so</w>
  <w id="15" lemma="|much|" pos="RB" wid="15">much</w>
  <w id="16" lemma="|love|" pos="VBN" wid="16">loved</w>
  <w id="17" lemma="|by|" pos="IN" wid="17">by</w>
  <w id="18" lemma="|the|" pos="DT" wid="18">the</w>
  <w id="19" lemma="|russian|" pos="JJ" wid="19">Russian</w>
  <w id="20" lemma="|people|" pos="NNS" wid="20">people</w>
  <w id="21" lemma="|who|" pos="WP" wid="21">who</w>
  <w id="22" lemma="|,|" pos="," wid="22">,</w>
  <w id="23" lemma="|in|" pos="IN" wid="23">in</w>
  <w id="24" lemma="|these|" pos="DT" wid="24">these</w>
  <w id="25" lemma="|last|" pos="JJ" wid="25">last</w>
  <w id="26" lemma="|few|" pos="JJ" wid="26">few</w>
  <w id="27" lemma="|day|" pos="NNS" wid="27">days</w>
  <w id="28" lemma="|,|" pos="," wid="28">,</w>
  <w id="29" lemma="|have|" pos="VBP" wid="29">have</w>
  <w id="30" lemma="|suffer|" pos="VBN" wid="30">suffered</w>
  <w id="31" lemma="|so|" pos="RB" wid="31">so</w>
  <w id="32" lemma="|much|" pos="JJ" wid="32">much</w>
  <w id="33" lemma="|.|" pos="." wid="33">.</w>
</sentence>
<sentence id="21">
  <w id="0" lemma="|while|" pos="IN" wid="0">While</w>
  <w id="1" lemma="|we|" pos="PRP" wid="1">we</w>
  <w id="2" lemma="|pray|" pos="VBP" wid="2">pray</w>
  <w id="3" lemma="|for|" pos="IN" wid="3">for</w>
  <w id="4" lemma="|the|" pos="DT" wid="4">the</w>
  <w id="5" lemma="|victim|" pos="NNS" wid="5">victims</w>
  <w id="6" lemma="|of|" pos="IN" wid="6">of</w>
  <w id="7" lemma="|the|" pos="DT" wid="7">the</w>
  <w id="8" lemma="|recent|" pos="JJ" wid="8">recent</w>
  <w id="9" lemma="|painful|" pos="JJ" wid="9">painful</w>
  <w id="10" lemma="|ordeal|" pos="NN" wid="10">ordeal</w>
  <w id="11" lemma="|,|" pos="," wid="11">,</w>
  <w id="12" lemma="|let|" pos="VB" wid="12">let</w>
  <w id="13" lemma="|we|" pos="PRP" wid="13">us</w>
  <w id="14" lemma="|pray|" pos="VB" wid="14">pray</w>
  <w id="15" lemma="|to|" pos="TO" wid="15">to</w>
  <w id="16" lemma="|the|" pos="DT" wid="16">the</w>
  <w id="17" lemma="|Blessed|" pos="NNP" wid="17">Blessed</w>
  <w id="18" lemma="|Virgin|" pos="NNP" wid="18">Virgin</w>
  <w id="19" lemma="|Mary|" pos="NNP" wid="19">Mary</w>
  <w id="20" lemma="|so|" pos="IN" wid="20">so</w>
  <w id="21" lemma="|that|" pos="IN" wid="21">that</w>
  <w id="22" lemma="|such|" pos="JJ" wid="22">such</w>
  <w id="23" lemma="|act|" pos="NNS" wid="23">acts</w>
  <w id="24" lemma="|may|" pos="MD" wid="24">may</w>
  <w id="25" lemma="|not|" pos="RB" wid="25">not</w>
  <w id="26" lemma="|be|" pos="VB" wid="26">be</w>
  <w id="27" lemma="|repeat|" pos="VBN" wid="27">repeated</w>
  <w id="28" lemma="|.|" pos="." wid="28">.</w>
</sentence>
<sentence id="22">
  <w id="0" lemma="|o|" pos="NN" wid="0">O</w>
  <w id="1" lemma="|Mary|" pos="NNP" wid="1">Mary</w>
  <w id="2" lemma="|,|" pos="," wid="2">,</w>
  <w id="3" lemma="|who|" pos="WP" wid="3">who</w>
  <w id="4" lemma="|place|" pos="VBP" wid="4">place</w>
  <w id="5" lemma="|the|" pos="DT" wid="5">the</w>
  <w id="6" lemma="|Rosary|" pos="NNP" wid="6">Rosary</w>
  <w id="7" lemma="|in|" pos="IN" wid="7">in</w>
  <w id="8" lemma="|we|" pos="PRP$" wid="8">our</w>
  <w id="9" lemma="|hand|" pos="NNS" wid="9">hands</w>
  <w id="10" lemma="|,|" pos="," wid="10">,</w>
  <w id="11" lemma="|teach|" pos="VB" wid="11">teach</w>
  <w id="12" lemma="|we|" pos="PRP" wid="12">us</w>
  <w id="13" lemma="|to|" pos="TO" wid="13">to</w>
  <w id="14" lemma="|pray|" pos="VB" wid="14">pray</w>
  <w id="15" lemma="|it|" pos="PRP" wid="15">it</w>
  <w id="16" lemma="|,|" pos="," wid="16">,</w>
  <w id="17" lemma="|become|" pos="VBG" wid="17">becoming</w>
  <w id="18" lemma="|in|" pos="IN" wid="18">in</w>
  <w id="19" lemma="|you|" pos="PRP$" wid="19">your</w>
  <w id="20" lemma="|school|" pos="NN" wid="20">school</w>
  <w id="21" lemma="|genuine|" pos="JJ" wid="21">genuine</w>
  <w id="22" lemma="|contemplative|" pos="NNS" wid="22">contemplatives</w>
  <w id="23" lemma="|and|" pos="CC" wid="23">and</w>
  <w id="24" lemma="|witness|" pos="NNS" wid="24">witnesses</w>
  <w id="25" lemma="|of|" pos="IN" wid="25">of</w>
  <w id="26" lemma="|Christ|" pos="NNP" wid="26">Christ</w>
  <w id="27" lemma="|.|" pos="." wid="27">.</w>
</sentence>
</corpus>