<corpus id="0">
<sentence id="0">
  <w id="0" lemma="|Dearest|" pos="NNP" wid="0">Dearest</w>
  <w id="1" lemma="|Brothers|" pos="NNPS" wid="1">Brothers</w>
  <w id="2" lemma="|and|" pos="CC" wid="2">and</w>
  <w id="3" lemma="|sister|" pos="NNS" wid="3">Sisters</w>
  <w id="4" lemma="|!|" pos="." wid="4">!</w>
</sentence>
<sentence id="1">
  <w id="0" lemma="|1|" pos="CD" wid="0">1</w>
  <w id="1" lemma="|.|" pos="." wid="1">.</w>
</sentence>
<sentence id="2">
  <w id="0" lemma="|in|" pos="IN" wid="0">In</w>
  <w id="1" lemma="|St|" pos="NNP" wid="1">St</w>
  <w id="2" lemma="|Peter|" pos="NNP" wid="2">Peter</w>
  <w id="3" lemma="|'s|" pos="POS" wid="3">'s</w>
  <w id="4" lemma="|basilica|" pos="NN" wid="4">Basilica</w>
  <w id="5" lemma="|we|" pos="PRP" wid="5">we</w>
  <w id="6" lemma="|have|" pos="VBP" wid="6">have</w>
  <w id="7" lemma="|celebrate|" pos="VBN" wid="7">celebrated</w>
  <w id="8" lemma="|the|" pos="DT" wid="8">the</w>
  <w id="9" lemma="|eucharist|" pos="NN" wid="9">Eucharist</w>
  <w id="10" lemma="|for|" pos="IN" wid="10">for</w>
  <w id="11" lemma="|the|" pos="DT" wid="11">the</w>
  <w id="12" lemma="|opening|" pos="NN" wid="12">opening</w>
  <w id="13" lemma="|of|" pos="IN" wid="13">of</w>
  <w id="14" lemma="|the|" pos="DT" wid="14">the</w>
  <w id="15" lemma="|work|" pos="VBG" wid="15">working</w>
  <w id="16" lemma="|session|" pos="NNS" wid="16">sessions</w>
  <w id="17" lemma="|of|" pos="IN" wid="17">of</w>
  <w id="18" lemma="|the|" pos="DT" wid="18">the</w>
  <w id="19" lemma="|10th|" pos="JJ" wid="19">10th</w>
  <w id="20" lemma="|Ordinary|" pos="NNP" wid="20">Ordinary</w>
  <w id="21" lemma="|General|" pos="NNP" wid="21">General</w>
  <w id="22" lemma="|Assembly|" pos="NNP" wid="22">Assembly</w>
  <w id="23" lemma="|of|" pos="IN" wid="23">of</w>
  <w id="24" lemma="|the|" pos="DT" wid="24">the</w>
  <w id="25" lemma="|synod|" pos="NN" wid="25">Synod</w>
  <w id="26" lemma="|of|" pos="IN" wid="26">of</w>
  <w id="27" lemma="|bishop|" pos="NNS" wid="27">Bishops</w>
  <w id="28" lemma="|.|" pos="." wid="28">.</w>
</sentence>
<sentence id="3">
  <w id="0" lemma="|this|" pos="DT" wid="0">This</w>
  <w id="1" lemma="|important|" pos="JJ" wid="1">important</w>
  <w id="2" lemma="|ecclesial|" pos="JJ" wid="2">ecclesial</w>
  <w id="3" lemma="|meeting|" pos="NN" wid="3">meeting</w>
  <w id="4" lemma="|will|" pos="MD" wid="4">will</w>
  <w id="5" lemma="|continue|" pos="VB" wid="5">continue</w>
  <w id="6" lemma="|throughout|" pos="IN" wid="6">throughout</w>
  <w id="7" lemma="|the|" pos="DT" wid="7">the</w>
  <w id="8" lemma="|month|" pos="NN" wid="8">month</w>
  <w id="9" lemma="|of|" pos="IN" wid="9">of</w>
  <w id="10" lemma="|October|" pos="NNP" wid="10">October</w>
  <w id="11" lemma="|,|" pos="," wid="11">,</w>
  <w id="12" lemma="|the|" pos="DT" wid="12">the</w>
  <w id="13" lemma="|month|" pos="NN" wid="13">month</w>
  <w id="14" lemma="|dedicate|" pos="VBN" wid="14">dedicated</w>
  <w id="15" lemma="|to|" pos="TO" wid="15">to</w>
  <w id="16" lemma="|the|" pos="DT" wid="16">the</w>
  <w id="17" lemma="|mission|" pos="NNS" wid="17">missions</w>
  <w id="18" lemma="|,|" pos="," wid="18">,</w>
  <w id="19" lemma="|which|" pos="WDT" wid="19">which</w>
  <w id="20" lemma="|make|" pos="VBZ" wid="20">makes</w>
  <w id="21" lemma="|it|" pos="PRP" wid="21">it</w>
  <w id="22" lemma="|a|" pos="DT" wid="22">a</w>
  <w id="23" lemma="|good|" pos="JJ" wid="23">good</w>
  <w id="24" lemma="|month|" pos="NN" wid="24">month</w>
  <w id="25" lemma="|to|" pos="TO" wid="25">to</w>
  <w id="26" lemma="|reflect|" pos="VB" wid="26">reflect</w>
  <w id="27" lemma="|on|" pos="IN" wid="27">on</w>
  <w id="28" lemma="|the|" pos="DT" wid="28">the</w>
  <w id="29" lemma="|mission|" pos="NN" wid="29">mission</w>
  <w id="30" lemma="|of|" pos="IN" wid="30">of</w>
  <w id="31" lemma="|the|" pos="DT" wid="31">the</w>
  <w id="32" lemma="|bishop|" pos="NNS" wid="32">bishops</w>
  <w id="33" lemma="|in|" pos="IN" wid="33">in</w>
  <w id="34" lemma="|the|" pos="DT" wid="34">the</w>
  <w id="35" lemma="|challenge|" pos="NN" wid="35">challenge</w>
  <w id="36" lemma="|of|" pos="IN" wid="36">of</w>
  <w id="37" lemma="|the|" pos="DT" wid="37">the</w>
  <w id="38" lemma="|new|" pos="JJ" wid="38">new</w>
  <w id="39" lemma="|evangelization|" pos="NN" wid="39">evangelization</w>
  <w id="40" lemma="|.|" pos="." wid="40">.</w>
</sentence>
<sentence id="4">
  <w id="0" lemma="|2|" pos="CD" wid="0">2</w>
  <w id="1" lemma="|.|" pos="." wid="1">.</w>
</sentence>
<sentence id="5">
  <w id="0" lemma="|October|" pos="NNP" wid="0">October</w>
  <w id="1" lemma="|be|" pos="VBZ" wid="1">is</w>
  <w id="2" lemma="|the|" pos="DT" wid="2">the</w>
  <w id="3" lemma="|month|" pos="NN" wid="3">month</w>
  <w id="4" lemma="|in|" pos="IN" wid="4">in</w>
  <w id="5" lemma="|which|" pos="WDT" wid="5">which</w>
  <w id="6" lemma="|we|" pos="PRP" wid="6">we</w>
  <w id="7" lemma="|honour|" pos="VBP" wid="7">honour</w>
  <w id="8" lemma="|Our|" pos="NNP" wid="8">Our</w>
  <w id="9" lemma="|Blessed|" pos="NNP" wid="9">Blessed</w>
  <w id="10" lemma="|Mother|" pos="NNP" wid="10">Mother</w>
  <w id="11" lemma="|,|" pos="," wid="11">,</w>
  <w id="12" lemma="|Queen|" pos="NNP" wid="12">Queen</w>
  <w id="13" lemma="|of|" pos="IN" wid="13">of</w>
  <w id="14" lemma="|the|" pos="DT" wid="14">the</w>
  <w id="15" lemma="|Holy|" pos="NNP" wid="15">Holy</w>
  <w id="16" lemma="|Rosary|" pos="NNP" wid="16">Rosary</w>
  <w id="17" lemma="|.|" pos="." wid="17">.</w>
</sentence>
<sentence id="6">
  <w id="0" lemma="|in|" pos="IN" wid="0">In</w>
  <w id="1" lemma="|the|" pos="DT" wid="1">the</w>
  <w id="2" lemma="|present|" pos="JJ" wid="2">present</w>
  <w id="3" lemma="|international|" pos="JJ" wid="3">international</w>
  <w id="4" lemma="|situation|" pos="NN" wid="4">situation</w>
  <w id="5" lemma="|,|" pos="," wid="5">,</w>
  <w id="6" lemma="|I|" pos="PRP" wid="6">I</w>
  <w id="7" lemma="|appeal|" pos="VBP" wid="7">appeal</w>
  <w id="8" lemma="|to|" pos="TO" wid="8">to</w>
  <w id="9" lemma="|all|" pos="DT" wid="9">all</w>
  <w id="10" lemma="|-|" pos=":" wid="10">-</w>
  <w id="11" lemma="|individual|" pos="NNS" wid="11">individuals</w>
  <w id="12" lemma="|,|" pos="," wid="12">,</w>
  <w id="13" lemma="|family|" pos="NNS" wid="13">families</w>
  <w id="14" lemma="|and|" pos="CC" wid="14">and</w>
  <w id="15" lemma="|community|" pos="NNS" wid="15">communities</w>
  <w id="16" lemma="|-|" pos=":" wid="16">-</w>
  <w id="17" lemma="|to|" pos="TO" wid="17">to</w>
  <w id="18" lemma="|pray|" pos="VB" wid="18">pray</w>
  <w id="19" lemma="|the|" pos="DT" wid="19">the</w>
  <w id="20" lemma="|rosary|" pos="NN" wid="20">rosary</w>
  <w id="21" lemma="|for|" pos="IN" wid="21">for</w>
  <w id="22" lemma="|peace|" pos="NN" wid="22">peace</w>
  <w id="23" lemma="|,|" pos="," wid="23">,</w>
  <w id="24" lemma="|even|" pos="RB" wid="24">even</w>
  <w id="25" lemma="|daily|" pos="RB" wid="25">daily</w>
  <w id="26" lemma="|,|" pos="," wid="26">,</w>
  <w id="27" lemma="|so|" pos="IN" wid="27">so</w>
  <w id="28" lemma="|that|" pos="IN" wid="28">that</w>
  <w id="29" lemma="|the|" pos="DT" wid="29">the</w>
  <w id="30" lemma="|world|" pos="NN" wid="30">world</w>
  <w id="31" lemma="|will|" pos="MD" wid="31">will</w>
  <w id="32" lemma="|be|" pos="VB" wid="32">be</w>
  <w id="33" lemma="|preserve|" pos="VBN" wid="33">preserved</w>
  <w id="34" lemma="|from|" pos="IN" wid="34">from</w>
  <w id="35" lemma="|the|" pos="DT" wid="35">the</w>
  <w id="36" lemma="|dreadful|" pos="JJ" wid="36">dreadful</w>
  <w id="37" lemma="|scourge|" pos="NN" wid="37">scourge</w>
  <w id="38" lemma="|of|" pos="IN" wid="38">of</w>
  <w id="39" lemma="|terrorism|" pos="NN" wid="39">terrorism</w>
  <w id="40" lemma="|.|" pos="." wid="40">.</w>
</sentence>
<sentence id="7">
  <w id="0" lemma="|the|" pos="DT" wid="0">The</w>
  <w id="1" lemma="|terrible|" pos="JJ" wid="1">terrible</w>
  <w id="2" lemma="|tragedy|" pos="NN" wid="2">tragedy</w>
  <w id="3" lemma="|of|" pos="IN" wid="3">of</w>
  <w id="4" lemma="|last|" pos="JJ" wid="4">last</w>
  <w id="5" lemma="|11|" pos="CD" wid="5">11</w>
  <w id="6" lemma="|September|" pos="NNP" wid="6">September</w>
  <w id="7" lemma="|will|" pos="MD" wid="7">will</w>
  <w id="8" lemma="|be|" pos="VB" wid="8">be</w>
  <w id="9" lemma="|remember|" pos="VBN" wid="9">remembered</w>
  <w id="10" lemma="|as|" pos="IN" wid="10">as</w>
  <w id="11" lemma="|a|" pos="DT" wid="11">a</w>
  <w id="12" lemma="|dark|" pos="JJ" wid="12">dark</w>
  <w id="13" lemma="|day|" pos="NN" wid="13">day</w>
  <w id="14" lemma="|in|" pos="IN" wid="14">in</w>
  <w id="15" lemma="|the|" pos="DT" wid="15">the</w>
  <w id="16" lemma="|history|" pos="NN" wid="16">history</w>
  <w id="17" lemma="|of|" pos="IN" wid="17">of</w>
  <w id="18" lemma="|humanity|" pos="NN" wid="18">humanity</w>
  <w id="19" lemma="|.|" pos="." wid="19">.</w>
</sentence>
<sentence id="8">
  <w id="0" lemma="|in|" pos="IN" wid="0">In</w>
  <w id="1" lemma="|the|" pos="DT" wid="1">the</w>
  <w id="2" lemma="|face|" pos="NN" wid="2">face</w>
  <w id="3" lemma="|of|" pos="IN" wid="3">of</w>
  <w id="4" lemma="|this|" pos="DT" wid="4">this</w>
  <w id="5" lemma="|event|" pos="NN" wid="5">event</w>
  <w id="6" lemma="|,|" pos="," wid="6">,</w>
  <w id="7" lemma="|the|" pos="DT" wid="7">the</w>
  <w id="8" lemma="|Church|" pos="NNP" wid="8">Church</w>
  <w id="9" lemma="|intend|" pos="VBZ" wid="9">intends</w>
  <w id="10" lemma="|to|" pos="TO" wid="10">to</w>
  <w id="11" lemma="|be|" pos="VB" wid="11">be</w>
  <w id="12" lemma="|faithful|" pos="JJ" wid="12">faithful</w>
  <w id="13" lemma="|to|" pos="TO" wid="13">to</w>
  <w id="14" lemma="|she|" pos="PRP$" wid="14">her</w>
  <w id="15" lemma="|prophetic|" pos="JJ" wid="15">prophetic</w>
  <w id="16" lemma="|charism|" pos="NN" wid="16">charism</w>
  <w id="17" lemma="|and|" pos="CC" wid="17">and</w>
  <w id="18" lemma="|remind|" pos="VBZ" wid="18">reminds</w>
  <w id="19" lemma="|all|" pos="DT" wid="19">all</w>
  <w id="20" lemma="|man|" pos="NNS" wid="20">men</w>
  <w id="21" lemma="|of|" pos="IN" wid="21">of</w>
  <w id="22" lemma="|they|" pos="PRP$" wid="22">their</w>
  <w id="23" lemma="|duty|" pos="NN" wid="23">duty</w>
  <w id="24" lemma="|to|" pos="TO" wid="24">to</w>
  <w id="25" lemma="|build|" pos="VB" wid="25">build</w>
  <w id="26" lemma="|a|" pos="DT" wid="26">a</w>
  <w id="27" lemma="|future|" pos="NN" wid="27">future</w>
  <w id="28" lemma="|of|" pos="IN" wid="28">of</w>
  <w id="29" lemma="|peace|" pos="NN" wid="29">peace</w>
  <w id="30" lemma="|for|" pos="IN" wid="30">for</w>
  <w id="31" lemma="|the|" pos="DT" wid="31">the</w>
  <w id="32" lemma="|human|" pos="JJ" wid="32">human</w>
  <w id="33" lemma="|family|" pos="NN" wid="33">family</w>
  <w id="34" lemma="|.|" pos="." wid="34">.</w>
</sentence>
<sentence id="9">
  <w id="0" lemma="|of|" pos="IN" wid="0">Of</w>
  <w id="1" lemma="|course|" pos="NN" wid="1">course</w>
  <w id="2" lemma="|,|" pos="," wid="2">,</w>
  <w id="3" lemma="|peace|" pos="NN" wid="3">peace</w>
  <w id="4" lemma="|be|" pos="VBZ" wid="4">is</w>
  <w id="5" lemma="|not|" pos="RB" wid="5">not</w>
  <w id="6" lemma="|separate|" pos="JJ" wid="6">separate</w>
  <w id="7" lemma="|from|" pos="IN" wid="7">from</w>
  <w id="8" lemma="|justice|" pos="NN" wid="8">justice</w>
  <w id="9" lemma="|,|" pos="," wid="9">,</w>
  <w id="10" lemma="|but|" pos="CC" wid="10">but</w>
  <w id="11" lemma="|the|" pos="DT" wid="11">the</w>
  <w id="12" lemma="|latter|" pos="JJ" wid="12">latter</w>
  <w id="13" lemma="|must|" pos="MD" wid="13">must</w>
  <w id="14" lemma="|always|" pos="RB" wid="14">always</w>
  <w id="15" lemma="|be|" pos="VB" wid="15">be</w>
  <w id="16" lemma="|carry|" pos="VBN" wid="16">carried</w>
  <w id="17" lemma="|out|" pos="RP" wid="17">out</w>
  <w id="18" lemma="|with|" pos="IN" wid="18">with</w>
  <w id="19" lemma="|mercy|" pos="NN" wid="19">mercy</w>
  <w id="20" lemma="|and|" pos="CC" wid="20">and</w>
  <w id="21" lemma="|love|" pos="NN" wid="21">love</w>
  <w id="22" lemma="|.|" pos="." wid="22">.</w>
</sentence>
<sentence id="10">
  <w id="0" lemma="|we|" pos="PRP" wid="0">We</w>
  <w id="1" lemma="|can|" pos="MD" wid="1">can</w>
  <w id="2" lemma="|not|" pos="RB" wid="2">not</w>
  <w id="3" lemma="|forget|" pos="VB" wid="3">forget</w>
  <w id="4" lemma="|that|" pos="IN" wid="4">that</w>
  <w id="5" lemma="|Jews|" pos="NNPS" wid="5">Jews</w>
  <w id="6" lemma="|,|" pos="," wid="6">,</w>
  <w id="7" lemma="|christian|" pos="NNS" wid="7">Christians</w>
  <w id="8" lemma="|and|" pos="CC" wid="8">and</w>
  <w id="9" lemma="|Muslims|" pos="NNPS" wid="9">Muslims</w>
  <w id="10" lemma="|adore|" pos="VBP" wid="10">adore</w>
  <w id="11" lemma="|the|" pos="DT" wid="11">the</w>
  <w id="12" lemma="|One|" pos="NNP" wid="12">One</w>
  <w id="13" lemma="|God|" pos="NNP" wid="13">God</w>
  <w id="14" lemma="|.|" pos="." wid="14">.</w>
</sentence>
<sentence id="11">
  <w id="0" lemma="|therefore|" pos="RB" wid="0">Therefore</w>
  <w id="1" lemma="|,|" pos="," wid="1">,</w>
  <w id="2" lemma="|the|" pos="DT" wid="2">the</w>
  <w id="3" lemma="|three|" pos="CD" wid="3">three</w>
  <w id="4" lemma="|religion|" pos="NNS" wid="4">religions</w>
  <w id="5" lemma="|have|" pos="VBP" wid="5">have</w>
  <w id="6" lemma="|the|" pos="DT" wid="6">the</w>
  <w id="7" lemma="|vocation|" pos="NN" wid="7">vocation</w>
  <w id="8" lemma="|to|" pos="TO" wid="8">to</w>
  <w id="9" lemma="|unity|" pos="NN" wid="9">unity</w>
  <w id="10" lemma="|and|" pos="CC" wid="10">and</w>
  <w id="11" lemma="|peace|" pos="NN" wid="11">peace</w>
  <w id="12" lemma="|.|" pos="." wid="12">.</w>
</sentence>
<sentence id="12">
  <w id="0" lemma="|May|" pos="NNP" wid="0">May</w>
  <w id="1" lemma="|God|" pos="NNP" wid="1">God</w>
  <w id="2" lemma="|grant|" pos="NN" wid="2">grant</w>
  <w id="3" lemma="|to|" pos="TO" wid="3">to</w>
  <w id="4" lemma="|the|" pos="DT" wid="4">the</w>
  <w id="5" lemma="|faithful|" pos="NN" wid="5">faithful</w>
  <w id="6" lemma="|of|" pos="IN" wid="6">of</w>
  <w id="7" lemma="|the|" pos="DT" wid="7">the</w>
  <w id="8" lemma="|Church|" pos="NNP" wid="8">Church</w>
  <w id="9" lemma="|to|" pos="TO" wid="9">to</w>
  <w id="10" lemma="|be|" pos="VB" wid="10">be</w>
  <w id="11" lemma="|in|" pos="IN" wid="11">in</w>
  <w id="12" lemma="|the|" pos="DT" wid="12">the</w>
  <w id="13" lemma="|front|" pos="JJ" wid="13">front</w>
  <w id="14" lemma="|line|" pos="NN" wid="14">line</w>
  <w id="15" lemma="|in|" pos="IN" wid="15">in</w>
  <w id="16" lemma="|the|" pos="DT" wid="16">the</w>
  <w id="17" lemma="|search|" pos="NN" wid="17">search</w>
  <w id="18" lemma="|for|" pos="IN" wid="18">for</w>
  <w id="19" lemma="|justice|" pos="NN" wid="19">justice</w>
  <w id="20" lemma="|,|" pos="," wid="20">,</w>
  <w id="21" lemma="|in|" pos="IN" wid="21">in</w>
  <w id="22" lemma="|the|" pos="DT" wid="22">the</w>
  <w id="23" lemma="|rejection|" pos="NN" wid="23">rejection</w>
  <w id="24" lemma="|of|" pos="IN" wid="24">of</w>
  <w id="25" lemma="|violence|" pos="NN" wid="25">violence</w>
  <w id="26" lemma="|,|" pos="," wid="26">,</w>
  <w id="27" lemma="|and|" pos="CC" wid="27">and</w>
  <w id="28" lemma="|in|" pos="IN" wid="28">in</w>
  <w id="29" lemma="|the|" pos="DT" wid="29">the</w>
  <w id="30" lemma="|commitment|" pos="NN" wid="30">commitment</w>
  <w id="31" lemma="|to|" pos="TO" wid="31">to</w>
  <w id="32" lemma="|be|" pos="VB" wid="32">be</w>
  <w id="33" lemma="|agent|" pos="NNS" wid="33">agents</w>
  <w id="34" lemma="|of|" pos="IN" wid="34">of</w>
  <w id="35" lemma="|peace|" pos="NN" wid="35">peace</w>
  <w id="36" lemma="|.|" pos="." wid="36">.</w>
</sentence>
<sentence id="13">
  <w id="0" lemma="|May|" pos="NNP" wid="0">May</w>
  <w id="1" lemma="|the|" pos="DT" wid="1">the</w>
  <w id="2" lemma="|Blessed|" pos="NNP" wid="2">Blessed</w>
  <w id="3" lemma="|Virgin|" pos="NNP" wid="3">Virgin</w>
  <w id="4" lemma="|Mary|" pos="NNP" wid="4">Mary</w>
  <w id="5" lemma="|,|" pos="," wid="5">,</w>
  <w id="6" lemma="|Queen|" pos="NNP" wid="6">Queen</w>
  <w id="7" lemma="|of|" pos="IN" wid="7">of</w>
  <w id="8" lemma="|Peace|" pos="NNP" wid="8">Peace</w>
  <w id="9" lemma="|,|" pos="," wid="9">,</w>
  <w id="10" lemma="|intercede|" pos="NN" wid="10">intercede</w>
  <w id="11" lemma="|for|" pos="IN" wid="11">for</w>
  <w id="12" lemma="|the|" pos="DT" wid="12">the</w>
  <w id="13" lemma="|whole|" pos="JJ" wid="13">whole</w>
  <w id="14" lemma="|world|" pos="NN" wid="14">world</w>
  <w id="15" lemma="|,|" pos="," wid="15">,</w>
  <w id="16" lemma="|so|" pos="IN" wid="16">so</w>
  <w id="17" lemma="|that|" pos="DT" wid="17">that</w>
  <w id="18" lemma="|hatred|" pos="NN" wid="18">hatred</w>
  <w id="19" lemma="|and|" pos="CC" wid="19">and</w>
  <w id="20" lemma="|death|" pos="NN" wid="20">death</w>
  <w id="21" lemma="|may|" pos="MD" wid="21">may</w>
  <w id="22" lemma="|never|" pos="RB" wid="22">never</w>
  <w id="23" lemma="|have|" pos="VB" wid="23">have</w>
  <w id="24" lemma="|the|" pos="DT" wid="24">the</w>
  <w id="25" lemma="|last|" pos="JJ" wid="25">last</w>
  <w id="26" lemma="|word|" pos="NN" wid="26">word</w>
  <w id="27" lemma="|!|" pos="." wid="27">!</w>
</sentence>
<sentence id="14">
  <w id="0" lemma="|3|" pos="LS" wid="0">3</w>
  <w id="1" lemma="|.|" pos="." wid="1">.</w>
</sentence>
<sentence id="15">
  <w id="0" lemma="|I|" pos="PRP" wid="0">I</w>
  <w id="1" lemma="|now|" pos="RB" wid="1">now</w>
  <w id="2" lemma="|turn|" pos="VBP" wid="2">turn</w>
  <w id="3" lemma="|in|" pos="IN" wid="3">in</w>
  <w id="4" lemma="|thought|" pos="NN" wid="4">thought</w>
  <w id="5" lemma="|to|" pos="TO" wid="5">to</w>
  <w id="6" lemma="|italian|" pos="JJ" wid="6">Italian</w>
  <w id="7" lemma="|family|" pos="NNS" wid="7">families</w>
  <w id="8" lemma="|,|" pos="," wid="8">,</w>
  <w id="9" lemma="|as|" pos="IN" wid="9">as</w>
  <w id="10" lemma="|the|" pos="DT" wid="10">the</w>
  <w id="11" lemma="|day|" pos="NN" wid="11">day</w>
  <w id="12" lemma="|of|" pos="IN" wid="12">of</w>
  <w id="13" lemma="|the|" pos="DT" wid="13">the</w>
  <w id="14" lemma="|meeting|" pos="NN" wid="14">meeting</w>
  <w id="15" lemma="|approach|" pos="NNS" wid="15">approaches</w>
  <w id="16" lemma="|that|" pos="WDT" wid="16">that</w>
  <w id="17" lemma="|will|" pos="MD" wid="17">will</w>
  <w id="18" lemma="|be|" pos="VB" wid="18">be</w>
  <w id="19" lemma="|hold|" pos="VBN" wid="19">held</w>
  <w id="20" lemma="|in|" pos="IN" wid="20">in</w>
  <w id="21" lemma="|St|" pos="NNP" wid="21">St</w>
  <w id="22" lemma="|Peters|" pos="NNP" wid="22">Peters</w>
  <w id="23" lemma="|'|" pos="POS" wid="23">'</w>
  <w id="24" lemma="|Square|" pos="NNP" wid="24">Square</w>
  <w id="25" lemma="|on|" pos="IN" wid="25">on</w>
  <w id="26" lemma="|Saturday|" pos="NNP" wid="26">Saturday</w>
  <w id="27" lemma="|20|" pos="CD" wid="27">20</w>
  <w id="28" lemma="|and|" pos="CC" wid="28">and</w>
  <w id="29" lemma="|Sunday|" pos="NNP" wid="29">Sunday</w>
  <w id="30" lemma="|21|" pos="CD" wid="30">21</w>
  <w id="31" lemma="|October|" pos="NNP" wid="31">October</w>
  <w id="32" lemma="|,|" pos="," wid="32">,</w>
  <w id="33" lemma="|on|" pos="IN" wid="33">on</w>
  <w id="34" lemma="|the|" pos="DT" wid="34">the</w>
  <w id="35" lemma="|occasion|" pos="NN" wid="35">occasion</w>
  <w id="36" lemma="|of|" pos="IN" wid="36">of</w>
  <w id="37" lemma="|the|" pos="DT" wid="37">the</w>
  <w id="38" lemma="|beatification|" pos="NN" wid="38">beatification</w>
  <w id="39" lemma="|of|" pos="IN" wid="39">of</w>
  <w id="40" lemma="|the|" pos="DT" wid="40">the</w>
  <w id="41" lemma="|spouse|" pos="NNS" wid="41">spouses</w>
  <w id="42" lemma="|Luigi|" pos="NNP" wid="42">Luigi</w>
  <w id="43" lemma="|and|" pos="CC" wid="43">and</w>
  <w id="44" lemma="|Maria|" pos="NNP" wid="44">Maria</w>
  <w id="45" lemma="|Beltrame|" pos="NNP" wid="45">Beltrame</w>
  <w id="46" lemma="|Quattrocchi|" pos="NNP" wid="46">Quattrocchi</w>
  <w id="47" lemma="|.|" pos="." wid="47">.</w>
</sentence>
<sentence id="16">
  <w id="0" lemma="|Dear|" pos="NNP" wid="0">Dear</w>
  <w id="1" lemma="|family|" pos="NNS" wid="1">families</w>
  <w id="2" lemma="|,|" pos="," wid="2">,</w>
  <w id="3" lemma="|for|" pos="IN" wid="3">for</w>
  <w id="4" lemma="|the|" pos="DT" wid="4">the</w>
  <w id="5" lemma="|first|" pos="JJ" wid="5">first</w>
  <w id="6" lemma="|time|" pos="NN" wid="6">time</w>
  <w id="7" lemma="|two|" pos="CD" wid="7">two</w>
  <w id="8" lemma="|spouse|" pos="NNS" wid="8">spouses</w>
  <w id="9" lemma="|attain|" pos="VBP" wid="9">attain</w>
  <w id="10" lemma="|together|" pos="RB" wid="10">together</w>
  <w id="11" lemma="|,|" pos="," wid="11">,</w>
  <w id="12" lemma="|as|" pos="IN" wid="12">as</w>
  <w id="13" lemma="|a|" pos="DT" wid="13">a</w>
  <w id="14" lemma="|couple|" pos="NN" wid="14">couple</w>
  <w id="15" lemma="|,|" pos="," wid="15">,</w>
  <w id="16" lemma="|the|" pos="DT" wid="16">the</w>
  <w id="17" lemma="|goal|" pos="NN" wid="17">goal</w>
  <w id="18" lemma="|of|" pos="IN" wid="18">of</w>
  <w id="19" lemma="|beatification|" pos="NN" wid="19">beatification</w>
  <w id="20" lemma="|,|" pos="," wid="20">,</w>
  <w id="21" lemma="|and|" pos="CC" wid="21">and</w>
  <w id="22" lemma="|for|" pos="IN" wid="22">for</w>
  <w id="23" lemma="|such|" pos="JJ" wid="23">such</w>
  <w id="24" lemma="|a|" pos="DT" wid="24">a</w>
  <w id="25" lemma="|happy|" pos="JJ" wid="25">happy</w>
  <w id="26" lemma="|occasion|" pos="NN" wid="26">occasion</w>
  <w id="27" lemma="|I|" pos="PRP" wid="27">I</w>
  <w id="28" lemma="|expect|" pos="VBP" wid="28">expect</w>
  <w id="29" lemma="|many|" pos="JJ" wid="29">many</w>
  <w id="30" lemma="|to|" pos="TO" wid="30">to</w>
  <w id="31" lemma="|be|" pos="VB" wid="31">be</w>
  <w id="32" lemma="|present|" pos="JJ" wid="32">present</w>
  <w id="33" lemma="|.|" pos="." wid="33">.</w>
</sentence>
<sentence id="17">
  <w id="0" lemma="|this|" pos="DT" wid="0">This</w>
  <w id="1" lemma="|event|" pos="NN" wid="1">event</w>
  <w id="2" lemma="|be|" pos="VBZ" wid="2">is</w>
  <w id="3" lemma="|take|" pos="VBG" wid="3">taking</w>
  <w id="4" lemma="|place|" pos="NN" wid="4">place</w>
  <w id="5" lemma="|20|" pos="CD" wid="5">20</w>
  <w id="6" lemma="|year|" pos="NNS" wid="6">years</w>
  <w id="7" lemma="|after|" pos="IN" wid="7">after</w>
  <w id="8" lemma="|the|" pos="DT" wid="8">the</w>
  <w id="9" lemma="|publication|" pos="NN" wid="9">publication</w>
  <w id="10" lemma="|of|" pos="IN" wid="10">of</w>
  <w id="11" lemma="|the|" pos="DT" wid="11">the</w>
  <w id="12" lemma="|Apostolic|" pos="NNP" wid="12">Apostolic</w>
  <w id="13" lemma="|Exhortation|" pos="NNP" wid="13">Exhortation</w>
  <w id="14" lemma="|``|" pos="``" wid="14">``</w>
  <w id="15" lemma="|Familiaris|" pos="NNP" wid="15">Familiaris</w>
  <w id="16" lemma="|Consortio|" pos="NNP" wid="16">Consortio</w>
  <w id="17" lemma="|''|" pos="''" wid="17">''</w>
  <w id="18" lemma="|,|" pos="," wid="18">,</w>
  <w id="19" lemma="|which|" pos="WDT" wid="19">which</w>
  <w id="20" lemma="|accentuate|" pos="VBD" wid="20">accentuated</w>
  <w id="21" lemma="|the|" pos="DT" wid="21">the</w>
  <w id="22" lemma="|role|" pos="NN" wid="22">role</w>
  <w id="23" lemma="|of|" pos="IN" wid="23">of</w>
  <w id="24" lemma="|the|" pos="DT" wid="24">the</w>
  <w id="25" lemma="|family|" pos="NN" wid="25">family</w>
  <w id="26" lemma="|,|" pos="," wid="26">,</w>
  <w id="27" lemma="|which|" pos="WDT" wid="27">which</w>
  <w id="28" lemma="|in|" pos="IN" wid="28">in</w>
  <w id="29" lemma="|present-day|" pos="JJ" wid="29">present-day</w>
  <w id="30" lemma="|society|" pos="NN" wid="30">society</w>
  <w id="31" lemma="|be|" pos="VBZ" wid="31">is</w>
  <w id="32" lemma="|especially|" pos="RB" wid="32">especially</w>
  <w id="33" lemma="|downplay|" pos="VBN" wid="33">downplayed</w>
  <w id="34" lemma="|.|" pos="." wid="34">.</w>
</sentence>
<sentence id="18">
  <w id="0" lemma="|in|" pos="IN" wid="0">In</w>
  <w id="1" lemma="|Italy|" pos="NNP" wid="1">Italy</w>
  <w id="2" lemma="|also|" pos="RB" wid="2">also</w>
  <w id="3" lemma="|,|" pos="," wid="3">,</w>
  <w id="4" lemma="|where|" pos="WRB" wid="4">where</w>
  <w id="5" lemma="|the|" pos="DT" wid="5">the</w>
  <w id="6" lemma="|family|" pos="NN" wid="6">family</w>
  <w id="7" lemma="|have|" pos="VBZ" wid="7">has</w>
  <w id="8" lemma="|always|" pos="RB" wid="8">always</w>
  <w id="9" lemma="|be|" pos="VBN" wid="9">been</w>
  <w id="10" lemma="|the|" pos="DT" wid="10">the</w>
  <w id="11" lemma="|point|" pos="NN" wid="11">point</w>
  <w id="12" lemma="|of|" pos="IN" wid="12">of</w>
  <w id="13" lemma="|reference|" pos="NN" wid="13">reference</w>
  <w id="14" lemma="|and|" pos="CC" wid="14">and</w>
  <w id="15" lemma="|fundamental|" pos="JJ" wid="15">fundamental</w>
  <w id="16" lemma="|resource|" pos="NN" wid="16">resource</w>
  <w id="17" lemma="|,|" pos="," wid="17">,</w>
  <w id="18" lemma="|disintegrative|" pos="JJ" wid="18">disintegrative</w>
  <w id="19" lemma="|tendency|" pos="NNS" wid="19">tendencies</w>
  <w id="20" lemma="|be|" pos="VBP" wid="20">are</w>
  <w id="21" lemma="|grow|" pos="VBG" wid="21">growing</w>
  <w id="22" lemma="|and|" pos="CC" wid="22">and</w>
  <w id="23" lemma="|many|" pos="JJ" wid="23">many</w>
  <w id="24" lemma="|group|" pos="NNS" wid="24">groups</w>
  <w id="25" lemma="|be|" pos="VBP" wid="25">are</w>
  <w id="26" lemma="|at|" pos="IN" wid="26">at</w>
  <w id="27" lemma="|work|" pos="NN" wid="27">work</w>
  <w id="28" lemma="|to|" pos="TO" wid="28">to</w>
  <w id="29" lemma="|equate|" pos="VB" wid="29">equate</w>
  <w id="30" lemma="|the|" pos="DT" wid="30">the</w>
  <w id="31" lemma="|institution|" pos="NN" wid="31">institution</w>
  <w id="32" lemma="|of|" pos="IN" wid="32">of</w>
  <w id="33" lemma="|the|" pos="DT" wid="33">the</w>
  <w id="34" lemma="|family|" pos="NN" wid="34">family</w>
  <w id="35" lemma="|base|" pos="VBN" wid="35">based</w>
  <w id="36" lemma="|on|" pos="IN" wid="36">on</w>
  <w id="37" lemma="|matrimony|" pos="NN" wid="37">matrimony</w>
  <w id="38" lemma="|with|" pos="IN" wid="38">with</w>
  <w id="39" lemma="|other|" pos="JJ" wid="39">other</w>
  <w id="40" lemma="|form|" pos="NNS" wid="40">forms</w>
  <w id="41" lemma="|of|" pos="IN" wid="41">of</w>
  <w id="42" lemma="|living|" pos="NN" wid="42">living</w>
  <w id="43" lemma="|together|" pos="RB" wid="43">together</w>
  <w id="44" lemma="|.|" pos="." wid="44">.</w>
</sentence>
<sentence id="19">
  <w id="0" lemma="|this|" pos="DT" wid="0">This</w>
  <w id="1" lemma="|be|" pos="VBZ" wid="1">is</w>
  <w id="2" lemma="|why|" pos="WRB" wid="2">why</w>
  <w id="3" lemma="|family|" pos="NNS" wid="3">families</w>
  <w id="4" lemma="|and|" pos="CC" wid="4">and</w>
  <w id="5" lemma="|they|" pos="PRP$" wid="5">their</w>
  <w id="6" lemma="|association|" pos="NNS" wid="6">associations</w>
  <w id="7" lemma="|must|" pos="MD" wid="7">must</w>
  <w id="8" lemma="|promote|" pos="VB" wid="8">promote</w>
  <w id="9" lemma="|a|" pos="DT" wid="9">a</w>
  <w id="10" lemma="|revival|" pos="NN" wid="10">revival</w>
  <w id="11" lemma="|of|" pos="IN" wid="11">of</w>
  <w id="12" lemma="|commitment|" pos="NN" wid="12">commitment</w>
  <w id="13" lemma="|for|" pos="IN" wid="13">for</w>
  <w id="14" lemma="|a|" pos="DT" wid="14">an</w>
  <w id="15" lemma="|effective|" pos="JJ" wid="15">effective</w>
  <w id="16" lemma="|foster|" pos="VBG" wid="16">fostering</w>
  <w id="17" lemma="|of|" pos="IN" wid="17">of</w>
  <w id="18" lemma="|family|" pos="NN" wid="18">family</w>
  <w id="19" lemma="|value|" pos="NNS" wid="19">values</w>
  <w id="20" lemma="|.|" pos="." wid="20">.</w>
</sentence>
<sentence id="20">
  <w id="0" lemma="|May|" pos="NNP" wid="0">May</w>
  <w id="1" lemma="|Mary|" pos="NNP" wid="1">Mary</w>
  <w id="2" lemma="|,|" pos="," wid="2">,</w>
  <w id="3" lemma="|whom|" pos="WP" wid="3">whom</w>
  <w id="4" lemma="|we|" pos="PRP" wid="4">we</w>
  <w id="5" lemma="|be|" pos="VBP" wid="5">are</w>
  <w id="6" lemma="|about|" pos="IN" wid="6">about</w>
  <w id="7" lemma="|to|" pos="TO" wid="7">to</w>
  <w id="8" lemma="|invoke|" pos="VB" wid="8">invoke</w>
  <w id="9" lemma="|in|" pos="IN" wid="9">in</w>
  <w id="10" lemma="|recite|" pos="VBG" wid="10">reciting</w>
  <w id="11" lemma="|the|" pos="DT" wid="11">the</w>
  <w id="12" lemma="|Angelus|" pos="NNP" wid="12">Angelus</w>
  <w id="13" lemma="|,|" pos="," wid="13">,</w>
  <w id="14" lemma="|grant|" pos="VBP" wid="14">grant</w>
  <w id="15" lemma="|the|" pos="DT" wid="15">the</w>
  <w id="16" lemma="|multiple|" pos="JJ" wid="16">multiple</w>
  <w id="17" lemma="|intention|" pos="NNS" wid="17">intentions</w>
  <w id="18" lemma="|of|" pos="IN" wid="18">of</w>
  <w id="19" lemma="|we|" pos="PRP$" wid="19">our</w>
  <w id="20" lemma="|prayer|" pos="NN" wid="20">prayer</w>
  <w id="21" lemma="|today|" pos="NN" wid="21">today</w>
  <w id="22" lemma="|.|" pos="." wid="22">.</w>
</sentence>
</corpus>