<corpus id="0">
<sentence id="0">
  <w id="0" lemma="|Dear|" pos="NNP" wid="0">Dear</w>
  <w id="1" lemma="|Brothers|" pos="NNPS" wid="1">Brothers</w>
  <w id="2" lemma="|and|" pos="CC" wid="2">and</w>
  <w id="3" lemma="|sister|" pos="NNS" wid="3">Sisters</w>
  <w id="4" lemma="|,|" pos="," wid="4">,</w>
  <w id="5" lemma="|1|" pos="CD" wid="5">1</w>
  <w id="6" lemma="|.|" pos="." wid="6">.</w>
</sentence>
<sentence id="1">
  <w id="0" lemma="|the|" pos="DT" wid="0">The</w>
  <w id="1" lemma="|solemn|" pos="JJ" wid="1">solemn</w>
  <w id="2" lemma="|eucharist|" pos="NN" wid="2">Eucharist</w>
  <w id="3" lemma="|in|" pos="IN" wid="3">in</w>
  <w id="4" lemma="|the|" pos="DT" wid="4">the</w>
  <w id="5" lemma="|Vatican|" pos="NNP" wid="5">Vatican</w>
  <w id="6" lemma="|basilica|" pos="NN" wid="6">Basilica</w>
  <w id="7" lemma="|for|" pos="IN" wid="7">for</w>
  <w id="8" lemma="|the|" pos="DT" wid="8">the</w>
  <w id="9" lemma="|solemnity|" pos="NN" wid="9">Solemnity</w>
  <w id="10" lemma="|of|" pos="IN" wid="10">of</w>
  <w id="11" lemma="|the|" pos="DT" wid="11">the</w>
  <w id="12" lemma="|holy|" pos="JJ" wid="12">holy</w>
  <w id="13" lemma="|Apostles|" pos="NNPS" wid="13">Apostles</w>
  <w id="14" lemma="|Peter|" pos="NNP" wid="14">Peter</w>
  <w id="15" lemma="|and|" pos="CC" wid="15">and</w>
  <w id="16" lemma="|Paul|" pos="NNP" wid="16">Paul</w>
  <w id="17" lemma="|have|" pos="VBZ" wid="17">has</w>
  <w id="18" lemma="|just|" pos="RB" wid="18">just</w>
  <w id="19" lemma="|end|" pos="VBN" wid="19">ended</w>
  <w id="20" lemma="|.|" pos="." wid="20">.</w>
</sentence>
<sentence id="2">
  <w id="0" lemma="|on|" pos="IN" wid="0">On</w>
  <w id="1" lemma="|this|" pos="DT" wid="1">this</w>
  <w id="2" lemma="|occasion|" pos="NN" wid="2">occasion</w>
  <w id="3" lemma="|,|" pos="," wid="3">,</w>
  <w id="4" lemma="|accord|" pos="VBG" wid="4">according</w>
  <w id="5" lemma="|to|" pos="TO" wid="5">to</w>
  <w id="6" lemma="|a|" pos="DT" wid="6">an</w>
  <w id="7" lemma="|ancient|" pos="JJ" wid="7">ancient</w>
  <w id="8" lemma="|and|" pos="CC" wid="8">and</w>
  <w id="9" lemma="|significant|" pos="JJ" wid="9">significant</w>
  <w id="10" lemma="|custom|" pos="NN" wid="10">custom</w>
  <w id="11" lemma="|,|" pos="," wid="11">,</w>
  <w id="12" lemma="|I|" pos="PRP" wid="12">I</w>
  <w id="13" lemma="|have|" pos="VBD" wid="13">had</w>
  <w id="14" lemma="|the|" pos="DT" wid="14">the</w>
  <w id="15" lemma="|joy|" pos="NN" wid="15">joy</w>
  <w id="16" lemma="|of|" pos="IN" wid="16">of</w>
  <w id="17" lemma="|confer|" pos="VBG" wid="17">conferring</w>
  <w id="18" lemma="|the|" pos="DT" wid="18">the</w>
  <w id="19" lemma="|pallium|" pos="NN" wid="19">pallium</w>
  <w id="20" lemma="|on|" pos="IN" wid="20">on</w>
  <w id="21" lemma="|recently|" pos="RB" wid="21">recently</w>
  <w id="22" lemma="|appoint|" pos="VBN" wid="22">appointed</w>
  <w id="23" lemma="|Metropolitan|" pos="NNP" wid="23">Metropolitan</w>
  <w id="24" lemma="|Archbishops|" pos="NNPS" wid="24">Archbishops</w>
  <w id="25" lemma="|.|" pos="." wid="25">.</w>
</sentence>
<sentence id="3">
  <w id="0" lemma="|this|" pos="DT" wid="0">This</w>
  <w id="1" lemma="|rite|" pos="NN" wid="1">rite</w>
  <w id="2" lemma="|be|" pos="VBZ" wid="2">is</w>
  <w id="3" lemma="|particularly|" pos="RB" wid="3">particularly</w>
  <w id="4" lemma="|eloquent|" pos="JJ" wid="4">eloquent</w>
  <w id="5" lemma="|today|" pos="NN" wid="5">today</w>
  <w id="6" lemma="|because|" pos="IN" wid="6">because</w>
  <w id="7" lemma="|it|" pos="PRP" wid="7">it</w>
  <w id="8" lemma="|highlight|" pos="VBZ" wid="8">highlights</w>
  <w id="9" lemma="|the|" pos="DT" wid="9">the</w>
  <w id="10" lemma="|close|" pos="JJ" wid="10">close</w>
  <w id="11" lemma="|communion|" pos="NN" wid="11">communion</w>
  <w id="12" lemma="|which|" pos="WDT" wid="12">which</w>
  <w id="13" lemma="|unite|" pos="VBZ" wid="13">unites</w>
  <w id="14" lemma="|these|" pos="DT" wid="14">these</w>
  <w id="15" lemma="|prelate|" pos="NNS" wid="15">prelates</w>
  <w id="16" lemma="|with|" pos="IN" wid="16">with</w>
  <w id="17" lemma="|the|" pos="DT" wid="17">the</w>
  <w id="18" lemma="|Bishop|" pos="NNP" wid="18">Bishop</w>
  <w id="19" lemma="|of|" pos="IN" wid="19">of</w>
  <w id="20" lemma="|Rome|" pos="NNP" wid="20">Rome</w>
  <w id="21" lemma="|,|" pos="," wid="21">,</w>
  <w id="22" lemma="|the|" pos="DT" wid="22">the</w>
  <w id="23" lemma="|Successor|" pos="NNP" wid="23">Successor</w>
  <w id="24" lemma="|of|" pos="IN" wid="24">of</w>
  <w id="25" lemma="|Peter|" pos="NNP" wid="25">Peter</w>
  <w id="26" lemma="|.|" pos="." wid="26">.</w>
</sentence>
<sentence id="4">
  <w id="0" lemma="|the|" pos="DT" wid="0">The</w>
  <w id="1" lemma="|thought|" pos="NN" wid="1">thought</w>
  <w id="2" lemma="|of|" pos="IN" wid="2">of</w>
  <w id="3" lemma="|communion|" pos="NN" wid="3">communion</w>
  <w id="4" lemma="|and|" pos="CC" wid="4">and</w>
  <w id="5" lemma="|unity|" pos="NN" wid="5">unity</w>
  <w id="6" lemma="|be|" pos="VBD" wid="6">was</w>
  <w id="7" lemma="|particularly|" pos="RB" wid="7">particularly</w>
  <w id="8" lemma="|present|" pos="JJ" wid="8">present</w>
  <w id="9" lemma="|this|" pos="DT" wid="9">this</w>
  <w id="10" lemma="|week|" pos="NN" wid="10">week</w>
  <w id="11" lemma="|,|" pos="," wid="11">,</w>
  <w id="12" lemma="|during|" pos="IN" wid="12">during</w>
  <w id="13" lemma="|which|" pos="WDT" wid="13">which</w>
  <w id="14" lemma="|the|" pos="DT" wid="14">the</w>
  <w id="15" lemma="|Second|" pos="NNP" wid="15">Second</w>
  <w id="16" lemma="|European|" pos="NNP" wid="16">European</w>
  <w id="17" lemma="|Ecumenical|" pos="NNP" wid="17">Ecumenical</w>
  <w id="18" lemma="|Assembly|" pos="NNP" wid="18">Assembly</w>
  <w id="19" lemma="|take|" pos="VBD" wid="19">took</w>
  <w id="20" lemma="|place|" pos="NN" wid="20">place</w>
  <w id="21" lemma="|in|" pos="IN" wid="21">in</w>
  <w id="22" lemma="|Graz|" pos="NNP" wid="22">Graz</w>
  <w id="23" lemma="|,|" pos="," wid="23">,</w>
  <w id="24" lemma="|Austria|" pos="NNP" wid="24">Austria</w>
  <w id="25" lemma="|.|" pos="." wid="25">.</w>
</sentence>
<sentence id="5">
  <w id="0" lemma="|it|" pos="PRP" wid="0">It</w>
  <w id="1" lemma="|close|" pos="VBZ" wid="1">closes</w>
  <w id="2" lemma="|today|" pos="NN" wid="2">today</w>
  <w id="3" lemma="|;|" pos=":" wid="3">;</w>
  <w id="4" lemma="|we|" pos="PRP" wid="4">we</w>
  <w id="5" lemma="|pray|" pos="VBD" wid="5">prayed</w>
  <w id="6" lemma="|intensely|" pos="RB" wid="6">intensely</w>
  <w id="7" lemma="|during|" pos="IN" wid="7">during</w>
  <w id="8" lemma="|these|" pos="DT" wid="8">these</w>
  <w id="9" lemma="|day|" pos="NNS" wid="9">days</w>
  <w id="10" lemma="|for|" pos="IN" wid="10">for</w>
  <w id="11" lemma="|full|" pos="JJ" wid="11">full</w>
  <w id="12" lemma="|unity|" pos="NN" wid="12">unity</w>
  <w id="13" lemma="|among|" pos="IN" wid="13">among</w>
  <w id="14" lemma="|all|" pos="DT" wid="14">all</w>
  <w id="15" lemma="|christian|" pos="NNS" wid="15">Christians</w>
  <w id="16" lemma="|,|" pos="," wid="16">,</w>
  <w id="17" lemma="|in|" pos="IN" wid="17">in</w>
  <w id="18" lemma="|response|" pos="NN" wid="18">response</w>
  <w id="19" lemma="|to|" pos="TO" wid="19">to</w>
  <w id="20" lemma="|Christ|" pos="NNP" wid="20">Christ</w>
  <w id="21" lemma="|'s|" pos="POS" wid="21">'s</w>
  <w id="22" lemma="|invitation|" pos="NN" wid="22">invitation</w>
  <w id="23" lemma="|in|" pos="IN" wid="23">in</w>
  <w id="24" lemma="|the|" pos="DT" wid="24">the</w>
  <w id="25" lemma="|Upper|" pos="NNP" wid="25">Upper</w>
  <w id="26" lemma="|Room|" pos="NNP" wid="26">Room</w>
  <w id="27" lemma="|:|" pos=":" wid="27">:</w>
  <w id="28" lemma="|ut|" pos="NN" wid="28">Ut</w>
  <w id="29" lemma="|unum|" pos="NN" wid="29">unum</w>
  <w id="30" lemma="|sint|" pos="NN" wid="30">sint</w>
  <w id="31" lemma="|!|" pos="." wid="31">!</w>
</sentence>
<sentence id="6">
  <w id="0" lemma="|I|" pos="PRP" wid="0">I</w>
  <w id="1" lemma="|feel|" pos="VBP" wid="1">feel</w>
  <w id="2" lemma="|oblige|" pos="VBN" wid="2">obliged</w>
  <w id="3" lemma="|to|" pos="TO" wid="3">to</w>
  <w id="4" lemma="|make|" pos="VB" wid="4">make</w>
  <w id="5" lemma="|myself|" pos="PRP" wid="5">myself</w>
  <w id="6" lemma="|a|" pos="DT" wid="6">a</w>
  <w id="7" lemma="|zealous|" pos="JJ" wid="7">zealous</w>
  <w id="8" lemma="|promoter|" pos="NN" wid="8">promoter</w>
  <w id="9" lemma="|of|" pos="IN" wid="9">of</w>
  <w id="10" lemma="|this|" pos="DT" wid="10">this</w>
  <w id="11" lemma="|unity|" pos="NN" wid="11">unity</w>
  <w id="12" lemma="|,|" pos="," wid="12">,</w>
  <w id="13" lemma="|conscious|" pos="JJ" wid="13">conscious</w>
  <w id="14" lemma="|of|" pos="IN" wid="14">of</w>
  <w id="15" lemma="|the|" pos="DT" wid="15">the</w>
  <w id="16" lemma="|mandate|" pos="NN" wid="16">mandate</w>
  <w id="17" lemma="|Jesus|" pos="NNP" wid="17">Jesus</w>
  <w id="18" lemma="|give|" pos="VBD" wid="18">gave</w>
  <w id="19" lemma="|to|" pos="TO" wid="19">to</w>
  <w id="20" lemma="|Peter|" pos="NNP" wid="20">Peter</w>
  <w id="21" lemma="|,|" pos="," wid="21">,</w>
  <w id="22" lemma="|the|" pos="DT" wid="22">the</w>
  <w id="23" lemma="|first|" pos="JJ" wid="23">first</w>
  <w id="24" lemma="|Bishop|" pos="NNP" wid="24">Bishop</w>
  <w id="25" lemma="|of|" pos="IN" wid="25">of</w>
  <w id="26" lemma="|Rome|" pos="NNP" wid="26">Rome</w>
  <w id="27" lemma="|:|" pos=":" wid="27">:</w>
  <w id="28" lemma="|``|" pos="``" wid="28">``</w>
  <w id="29" lemma="|strengthen|" pos="VB" wid="29">Strengthen</w>
  <w id="30" lemma="|you|" pos="PRP$" wid="30">your</w>
  <w id="31" lemma="|brethren|" pos="NNS" wid="31">brethren</w>
  <w id="32" lemma="|''|" pos="''" wid="32">''</w>
  <w id="33" lemma="|-lrb-|" pos="-LRB-" wid="33">-LRB-</w>
  <w id="34" lemma="|lk|" pos="NN" wid="34">Lk</w>
  <w id="35" lemma="|22:32|" pos="CD" wid="35">22:32</w>
  <w id="36" lemma="|-rrb-|" pos="-RRB-" wid="36">-RRB-</w>
  <w id="37" lemma="|.|" pos="." wid="37">.</w>
</sentence>
<sentence id="7">
  <w id="0" lemma="|2|" pos="CD" wid="0">2</w>
  <w id="1" lemma="|.|" pos="." wid="1">.</w>
</sentence>
<sentence id="8">
  <w id="0" lemma="|``|" pos="``" wid="0">``</w>
  <w id="1" lemma="|o|" pos="NN" wid="1">O</w>
  <w id="2" lemma="|roma|" pos="NN" wid="2">Roma</w>
  <w id="3" lemma="|felix|" pos="NN" wid="3">felix</w>
  <w id="4" lemma="|''|" pos="''" wid="4">''</w>
  <w id="5" lemma="|,|" pos="," wid="5">,</w>
  <w id="6" lemma="|the|" pos="DT" wid="6">the</w>
  <w id="7" lemma="|liturgy|" pos="NN" wid="7">liturgy</w>
  <w id="8" lemma="|of|" pos="IN" wid="8">of</w>
  <w id="9" lemma="|this|" pos="DT" wid="9">this</w>
  <w id="10" lemma="|day|" pos="NN" wid="10">day</w>
  <w id="11" lemma="|sing|" pos="VBZ" wid="11">sings</w>
  <w id="12" lemma="|,|" pos="," wid="12">,</w>
  <w id="13" lemma="|``|" pos="``" wid="13">``</w>
  <w id="14" lemma="|quae|" pos="FW" wid="14">quae</w>
  <w id="15" lemma="|tantorum|" pos="FW" wid="15">tantorum</w>
  <w id="16" lemma="|principum|" pos="FW" wid="16">principum</w>
  <w id="17" lemma="|es|" pos="FW" wid="17">es</w>
  <w id="18" lemma="|purpurata|" pos="FW" wid="18">purpurata</w>
  <w id="19" lemma="|pretioso|" pos="FW" wid="19">pretioso</w>
  <w id="20" lemma="|sanguine|" pos="JJ" wid="20">sanguine</w>
  <w id="21" lemma="|...|" pos=":" wid="21">...</w>
  <w id="22" lemma="|''|" pos="''" wid="22">''</w>
  <w id="23" lemma="|.|" pos="." wid="23">.</w>
</sentence>
<sentence id="9">
  <w id="0" lemma="|``|" pos="``" wid="0">``</w>
  <w id="1" lemma="|Rejoice|" pos="NNP" wid="1">Rejoice</w>
  <w id="2" lemma="|,|" pos="," wid="2">,</w>
  <w id="3" lemma="|O|" pos="NNP" wid="3">O</w>
  <w id="4" lemma="|Rome|" pos="NNP" wid="4">Rome</w>
  <w id="5" lemma="|,|" pos="," wid="5">,</w>
  <w id="6" lemma="|this|" pos="DT" wid="6">this</w>
  <w id="7" lemma="|day|" pos="NN" wid="7">day</w>
  <w id="8" lemma="|;|" pos=":" wid="8">;</w>
  <w id="9" lemma="|thy|" pos="PRP$" wid="9">thy</w>
  <w id="10" lemma="|wall|" pos="NNS" wid="10">walls</w>
  <w id="11" lemma="|they|" pos="PRP" wid="11">they</w>
  <w id="12" lemma="|once|" pos="RB" wid="12">once</w>
  <w id="13" lemma="|do|" pos="VBD" wid="13">did</w>
  <w id="14" lemma="|sign|" pos="NN" wid="14">sign</w>
  <w id="15" lemma="|with|" pos="IN" wid="15">with</w>
  <w id="16" lemma="|princely|" pos="JJ" wid="16">princely</w>
  <w id="17" lemma="|blood|" pos="NN" wid="17">blood</w>
  <w id="18" lemma="|,|" pos="," wid="18">,</w>
  <w id="19" lemma="|who|" pos="WP" wid="19">who</w>
  <w id="20" lemma="|now|" pos="RB" wid="20">now</w>
  <w id="21" lemma="|they|" pos="PRP$" wid="21">their</w>
  <w id="22" lemma="|glory|" pos="NN" wid="22">glory</w>
  <w id="23" lemma="|share|" pos="NN" wid="23">share</w>
  <w id="24" lemma="|with|" pos="IN" wid="24">with</w>
  <w id="25" lemma="|thee|" pos="PRP" wid="25">thee</w>
  <w id="26" lemma="|...|" pos=":" wid="26">...</w>
  <w id="27" lemma="|.|" pos="." wid="27">.</w>
</sentence>
<sentence id="10">
  <w id="0" lemma="|what|" pos="WDT" wid="0">What</w>
  <w id="1" lemma="|beauty|" pos="NN" wid="1">beauty</w>
  <w id="2" lemma="|else|" pos="RB" wid="2">else</w>
  <w id="3" lemma="|have|" pos="VBZ" wid="3">has</w>
  <w id="4" lemma="|earth|" pos="NN" wid="4">earth</w>
  <w id="5" lemma="|that|" pos="WDT" wid="5">that</w>
  <w id="6" lemma="|may|" pos="MD" wid="6">may</w>
  <w id="7" lemma="|compare|" pos="VB" wid="7">compare</w>
  <w id="8" lemma="|with|" pos="IN" wid="8">with</w>
  <w id="9" lemma="|thee|" pos="PRP" wid="9">thee</w>
  <w id="10" lemma="|?|" pos="." wid="10">?</w>
  <w id="11" lemma="|''|" pos="''" wid="11">''</w>
</sentence>
<sentence id="11">
  <w id="0" lemma="|-lrb-|" pos="-LRB-" wid="0">-LRB-</w>
  <w id="1" lemma="|hymn|" pos="NN" wid="1">Hymn</w>
  <w id="2" lemma="|for|" pos="IN" wid="2">for</w>
  <w id="3" lemma="|first|" pos="JJ" wid="3">First</w>
  <w id="4" lemma="|vespers|" pos="NNS" wid="4">Vespers</w>
  <w id="5" lemma="|-rrb-|" pos="-RRB-" wid="5">-RRB-</w>
  <w id="6" lemma="|.|" pos="." wid="6">.</w>
</sentence>
<sentence id="12">
  <w id="0" lemma="|Rome|" pos="NNP" wid="0">Rome</w>
  <w id="1" lemma="|owe|" pos="VBZ" wid="1">owes</w>
  <w id="2" lemma="|she|" pos="PRP$" wid="2">her</w>
  <w id="3" lemma="|beauty|" pos="NN" wid="3">beauty</w>
  <w id="4" lemma="|and|" pos="CC" wid="4">and</w>
  <w id="5" lemma="|spiritual|" pos="JJ" wid="5">spiritual</w>
  <w id="6" lemma="|attraction|" pos="NN" wid="6">attraction</w>
  <w id="7" lemma="|to|" pos="TO" wid="7">to</w>
  <w id="8" lemma="|the|" pos="DT" wid="8">the</w>
  <w id="9" lemma="|heroic|" pos="JJ" wid="9">heroic</w>
  <w id="10" lemma="|Gospel|" pos="NNP" wid="10">Gospel</w>
  <w id="11" lemma="|witness|" pos="NN" wid="11">witness</w>
  <w id="12" lemma="|of|" pos="IN" wid="12">of</w>
  <w id="13" lemma="|Sts|" pos="NNP" wid="13">Sts</w>
  <w id="14" lemma="|Peter|" pos="NNP" wid="14">Peter</w>
  <w id="15" lemma="|and|" pos="CC" wid="15">and</w>
  <w id="16" lemma="|Paul|" pos="NNP" wid="16">Paul</w>
  <w id="17" lemma="|.|" pos="." wid="17">.</w>
</sentence>
<sentence id="13">
  <w id="0" lemma="|all|" pos="PDT" wid="0">All</w>
  <w id="1" lemma="|this|" pos="DT" wid="1">this</w>
  <w id="2" lemma="|be|" pos="VBZ" wid="2">is</w>
  <w id="3" lemma="|a|" pos="DT" wid="3">a</w>
  <w id="4" lemma="|great|" pos="JJ" wid="4">great</w>
  <w id="5" lemma="|responsibility|" pos="NN" wid="5">responsibility</w>
  <w id="6" lemma="|for|" pos="IN" wid="6">for</w>
  <w id="7" lemma="|Rome|" pos="NNP" wid="7">Rome</w>
  <w id="8" lemma="|'s|" pos="POS" wid="8">'s</w>
  <w id="9" lemma="|believer|" pos="NNS" wid="9">believers</w>
  <w id="10" lemma="|,|" pos="," wid="10">,</w>
  <w id="11" lemma="|and|" pos="CC" wid="11">and</w>
  <w id="12" lemma="|as|" pos="IN" wid="12">as</w>
  <w id="13" lemma="|the|" pos="DT" wid="13">the</w>
  <w id="14" lemma="|city|" pos="NN" wid="14">city</w>
  <w id="15" lemma="|mission|" pos="NN" wid="15">mission</w>
  <w id="16" lemma="|continue|" pos="VBZ" wid="16">continues</w>
  <w id="17" lemma="|,|" pos="," wid="17">,</w>
  <w id="18" lemma="|it|" pos="PRP" wid="18">it</w>
  <w id="19" lemma="|be|" pos="VBZ" wid="19">is</w>
  <w id="20" lemma="|emphasize|" pos="VBG" wid="20">emphasizing</w>
  <w id="21" lemma="|that|" pos="DT" wid="21">that</w>
  <w id="22" lemma="|fact|" pos="NN" wid="22">fact</w>
  <w id="23" lemma="|to|" pos="TO" wid="23">to</w>
  <w id="24" lemma="|great|" pos="JJ" wid="24">great</w>
  <w id="25" lemma="|effect|" pos="NN" wid="25">effect</w>
  <w id="26" lemma="|.|" pos="." wid="26">.</w>
</sentence>
<sentence id="14">
  <w id="0" lemma="|I|" pos="PRP" wid="0">I</w>
  <w id="1" lemma="|know|" pos="VBP" wid="1">know</w>
  <w id="2" lemma="|well|" pos="RB" wid="2">well</w>
  <w id="3" lemma="|that|" pos="IN" wid="3">that</w>
  <w id="4" lemma="|live|" pos="VBG" wid="4">living</w>
  <w id="5" lemma="|in|" pos="IN" wid="5">in</w>
  <w id="6" lemma="|we|" pos="PRP$" wid="6">our</w>
  <w id="7" lemma="|city|" pos="NN" wid="7">city</w>
  <w id="8" lemma="|today|" pos="NN" wid="8">today</w>
  <w id="9" lemma="|involve|" pos="VBZ" wid="9">involves</w>
  <w id="10" lemma="|many|" pos="JJ" wid="10">many</w>
  <w id="11" lemma="|problem|" pos="NNS" wid="11">problems</w>
  <w id="12" lemma="|which|" pos="WDT" wid="12">which</w>
  <w id="13" lemma="|frequently|" pos="RB" wid="13">frequently</w>
  <w id="14" lemma="|stifle|" pos="VBP" wid="14">stifle</w>
  <w id="15" lemma="|the|" pos="DT" wid="15">the</w>
  <w id="16" lemma="|spiritual|" pos="JJ" wid="16">spiritual</w>
  <w id="17" lemma="|dimension|" pos="NN" wid="17">dimension</w>
  <w id="18" lemma="|.|" pos="." wid="18">.</w>
</sentence>
<sentence id="15">
  <w id="0" lemma="|this|" pos="DT" wid="0">This</w>
  <w id="1" lemma="|be|" pos="VBZ" wid="1">is</w>
  <w id="2" lemma="|another|" pos="DT" wid="2">another</w>
  <w id="3" lemma="|reason|" pos="NN" wid="3">reason</w>
  <w id="4" lemma="|why|" pos="WRB" wid="4">why</w>
  <w id="5" lemma="|I|" pos="PRP" wid="5">I</w>
  <w id="6" lemma="|invoke|" pos="VBP" wid="6">invoke</w>
  <w id="7" lemma="|we|" pos="PRP$" wid="7">our</w>
  <w id="8" lemma="|patron|" pos="NN" wid="8">patron</w>
  <w id="9" lemma="|saint|" pos="NNS" wid="9">saints</w>
  <w id="10" lemma="|so|" pos="IN" wid="10">so</w>
  <w id="11" lemma="|that|" pos="IN" wid="11">that</w>
  <w id="12" lemma="|Rome|" pos="NNP" wid="12">Rome</w>
  <w id="13" lemma="|may|" pos="MD" wid="13">may</w>
  <w id="14" lemma="|fulfil|" pos="VB" wid="14">fulfil</w>
  <w id="15" lemma="|she|" pos="PRP$" wid="15">her</w>
  <w id="16" lemma="|vocation|" pos="NN" wid="16">vocation</w>
  <w id="17" lemma="|as|" pos="IN" wid="17">as</w>
  <w id="18" lemma="|a|" pos="DT" wid="18">a</w>
  <w id="19" lemma="|universal|" pos="JJ" wid="19">universal</w>
  <w id="20" lemma="|city|" pos="NN" wid="20">city</w>
  <w id="21" lemma="|with|" pos="IN" wid="21">with</w>
  <w id="22" lemma="|the|" pos="DT" wid="22">the</w>
  <w id="23" lemma="|deepest|" pos="JJS" wid="23">deepest</w>
  <w id="24" lemma="|christian|" pos="JJ" wid="24">Christian</w>
  <w id="25" lemma="|root|" pos="NNS" wid="25">roots</w>
  <w id="26" lemma="|and|" pos="CC" wid="26">and</w>
  <w id="27" lemma="|great|" pos="JJ" wid="27">great</w>
  <w id="28" lemma="|openness|" pos="NN" wid="28">openness</w>
  <w id="29" lemma="|to|" pos="TO" wid="29">to</w>
  <w id="30" lemma="|the|" pos="DT" wid="30">the</w>
  <w id="31" lemma="|culture|" pos="NNS" wid="31">cultures</w>
  <w id="32" lemma="|and|" pos="CC" wid="32">and</w>
  <w id="33" lemma="|people|" pos="NNS" wid="33">peoples</w>
  <w id="34" lemma="|of|" pos="IN" wid="34">of</w>
  <w id="35" lemma="|the|" pos="DT" wid="35">the</w>
  <w id="36" lemma="|whole|" pos="JJ" wid="36">whole</w>
  <w id="37" lemma="|world|" pos="NN" wid="37">world</w>
  <w id="38" lemma="|.|" pos="." wid="38">.</w>
</sentence>
<sentence id="16">
  <w id="0" lemma="|3|" pos="LS" wid="0">3</w>
  <w id="1" lemma="|.|" pos="." wid="1">.</w>
</sentence>
<sentence id="17">
  <w id="0" lemma="|Dear|" pos="NNP" wid="0">Dear</w>
  <w id="1" lemma="|brother|" pos="NNS" wid="1">brothers</w>
  <w id="2" lemma="|and|" pos="CC" wid="2">and</w>
  <w id="3" lemma="|sister|" pos="NNS" wid="3">sisters</w>
  <w id="4" lemma="|,|" pos="," wid="4">,</w>
  <w id="5" lemma="|let|" pos="VB" wid="5">let</w>
  <w id="6" lemma="|we|" pos="PRP" wid="6">us</w>
  <w id="7" lemma="|imitate|" pos="VB" wid="7">imitate</w>
  <w id="8" lemma="|the|" pos="DT" wid="8">the</w>
  <w id="9" lemma="|Apostles|" pos="NNPS" wid="9">Apostles</w>
  <w id="10" lemma="|Peter|" pos="NNP" wid="10">Peter</w>
  <w id="11" lemma="|and|" pos="CC" wid="11">and</w>
  <w id="12" lemma="|Paul|" pos="NNP" wid="12">Paul</w>
  <w id="13" lemma="|.|" pos="." wid="13">.</w>
</sentence>
<sentence id="18">
  <w id="0" lemma="|it|" pos="PRP" wid="0">It</w>
  <w id="1" lemma="|be|" pos="VBZ" wid="1">is</w>
  <w id="2" lemma="|not|" pos="RB" wid="2">not</w>
  <w id="3" lemma="|enough|" pos="JJ" wid="3">enough</w>
  <w id="4" lemma="|to|" pos="TO" wid="4">to</w>
  <w id="5" lemma="|call|" pos="VB" wid="5">call</w>
  <w id="6" lemma="|ourselves|" pos="PRP" wid="6">ourselves</w>
  <w id="7" lemma="|Christian|" pos="NNP" wid="7">Christian</w>
  <w id="8" lemma="|,|" pos="," wid="8">,</w>
  <w id="9" lemma="|we|" pos="PRP" wid="9">we</w>
  <w id="10" lemma="|must|" pos="MD" wid="10">must</w>
  <w id="11" lemma="|be|" pos="VB" wid="11">be</w>
  <w id="12" lemma="|so|" pos="RB" wid="12">so</w>
  <w id="13" lemma="|,|" pos="," wid="13">,</w>
  <w id="14" lemma="|that|" pos="DT" wid="14">that</w>
  <w id="15" lemma="|be|" pos="VBZ" wid="15">is</w>
  <w id="16" lemma="|,|" pos="," wid="16">,</w>
  <w id="17" lemma="|we|" pos="PRP" wid="17">we</w>
  <w id="18" lemma="|must|" pos="MD" wid="18">must</w>
  <w id="19" lemma="|act|" pos="VB" wid="19">act</w>
  <w id="20" lemma="|as|" pos="IN" wid="20">as</w>
  <w id="21" lemma="|Jesus|" pos="NNP" wid="21">Jesus</w>
  <w id="22" lemma="|act|" pos="VBD" wid="22">acted</w>
  <w id="23" lemma="|.|" pos="." wid="23">.</w>
</sentence>
<sentence id="19">
  <w id="0" lemma="|however|" pos="RB" wid="0">However</w>
  <w id="1" lemma="|,|" pos="," wid="1">,</w>
  <w id="2" lemma="|this|" pos="DT" wid="2">this</w>
  <w id="3" lemma="|be|" pos="VBZ" wid="3">is</w>
  <w id="4" lemma="|impossible|" pos="JJ" wid="4">impossible</w>
  <w id="5" lemma="|without|" pos="IN" wid="5">without</w>
  <w id="6" lemma="|God|" pos="NNP" wid="6">God</w>
  <w id="7" lemma="|'s|" pos="POS" wid="7">'s</w>
  <w id="8" lemma="|grace|" pos="NN" wid="8">grace</w>
  <w id="9" lemma="|.|" pos="." wid="9">.</w>
</sentence>
<sentence id="20">
  <w id="0" lemma="|let|" pos="VB" wid="0">Let</w>
  <w id="1" lemma="|we|" pos="PRP" wid="1">us</w>
  <w id="2" lemma="|therefore|" pos="RB" wid="2">therefore</w>
  <w id="3" lemma="|invoke|" pos="VBP" wid="3">invoke</w>
  <w id="4" lemma="|the|" pos="DT" wid="4">the</w>
  <w id="5" lemma="|intercession|" pos="NN" wid="5">intercession</w>
  <w id="6" lemma="|of|" pos="IN" wid="6">of</w>
  <w id="7" lemma="|St|" pos="NNP" wid="7">St</w>
  <w id="8" lemma="|Peter|" pos="NNP" wid="8">Peter</w>
  <w id="9" lemma="|and|" pos="CC" wid="9">and</w>
  <w id="10" lemma="|St|" pos="NNP" wid="10">St</w>
  <w id="11" lemma="|Paul|" pos="NNP" wid="11">Paul</w>
  <w id="12" lemma="|and|" pos="CC" wid="12">and</w>
  <w id="13" lemma="|the|" pos="DT" wid="13">the</w>
  <w id="14" lemma="|motherly|" pos="JJ" wid="14">motherly</w>
  <w id="15" lemma="|protection|" pos="NN" wid="15">protection</w>
  <w id="16" lemma="|of|" pos="IN" wid="16">of</w>
  <w id="17" lemma="|Mary|" pos="NNP" wid="17">Mary</w>
  <w id="18" lemma="|,|" pos="," wid="18">,</w>
  <w id="19" lemma="|so|" pos="IN" wid="19">so</w>
  <w id="20" lemma="|that|" pos="IN" wid="20">that</w>
  <w id="21" lemma="|we|" pos="PRP$" wid="21">our</w>
  <w id="22" lemma="|faith|" pos="NN" wid="22">faith</w>
  <w id="23" lemma="|may|" pos="MD" wid="23">may</w>
  <w id="24" lemma="|become|" pos="VB" wid="24">become</w>
  <w id="25" lemma="|ever|" pos="RB" wid="25">ever</w>
  <w id="26" lemma="|stronger|" pos="JJR" wid="26">stronger</w>
  <w id="27" lemma="|and|" pos="CC" wid="27">and</w>
  <w id="28" lemma="|more|" pos="RBR" wid="28">more</w>
  <w id="29" lemma="|missionary|" pos="JJ" wid="29">missionary</w>
  <w id="30" lemma="|and|" pos="CC" wid="30">and</w>
  <w id="31" lemma="|that|" pos="IN" wid="31">that</w>
  <w id="32" lemma="|we|" pos="PRP" wid="32">we</w>
  <w id="33" lemma="|,|" pos="," wid="33">,</w>
  <w id="34" lemma="|as|" pos="IN" wid="34">as</w>
  <w id="35" lemma="|the|" pos="DT" wid="35">the</w>
  <w id="36" lemma="|Lord|" pos="NNP" wid="36">Lord</w>
  <w id="37" lemma="|Jesus|" pos="NNP" wid="37">Jesus</w>
  <w id="38" lemma="|say|" pos="VBD" wid="38">said</w>
  <w id="39" lemma="|,|" pos="," wid="39">,</w>
  <w id="40" lemma="|may|" pos="MD" wid="40">may</w>
  <w id="41" lemma="|be|" pos="VB" wid="41">be</w>
  <w id="42" lemma="|the|" pos="DT" wid="42">the</w>
  <w id="43" lemma="|``|" pos="``" wid="43">``</w>
  <w id="44" lemma="|salt|" pos="NN" wid="44">salt</w>
  <w id="45" lemma="|of|" pos="IN" wid="45">of</w>
  <w id="46" lemma="|the|" pos="DT" wid="46">the</w>
  <w id="47" lemma="|earth|" pos="NN" wid="47">earth</w>
  <w id="48" lemma="|''|" pos="''" wid="48">''</w>
  <w id="49" lemma="|and|" pos="CC" wid="49">and</w>
  <w id="50" lemma="|the|" pos="DT" wid="50">the</w>
  <w id="51" lemma="|``|" pos="``" wid="51">``</w>
  <w id="52" lemma="|light|" pos="NN" wid="52">light</w>
  <w id="53" lemma="|of|" pos="IN" wid="53">of</w>
  <w id="54" lemma="|the|" pos="DT" wid="54">the</w>
  <w id="55" lemma="|world|" pos="NN" wid="55">world</w>
  <w id="56" lemma="|''|" pos="''" wid="56">''</w>
  <w id="57" lemma="|-lrb-|" pos="-LRB-" wid="57">-LRB-</w>
  <w id="58" lemma="|mt|" pos="NN" wid="58">Mt</w>
  <w id="59" lemma="|5:13|" pos="CD" wid="59">5:13</w>
  <w id="60" lemma="|,|" pos="," wid="60">,</w>
  <w id="61" lemma="|14|" pos="CD" wid="61">14</w>
  <w id="62" lemma="|-rrb-|" pos="-RRB-" wid="62">-RRB-</w>
  <w id="63" lemma="|.|" pos="." wid="63">.</w>
</sentence>
<sentence id="21">
  <w id="0" lemma="|after|" pos="IN" wid="0">After</w>
  <w id="1" lemma="|pray|" pos="VBG" wid="1">praying</w>
  <w id="2" lemma="|the|" pos="DT" wid="2">the</w>
  <w id="3" lemma="|Angelus|" pos="NNP" wid="3">Angelus</w>
  <w id="4" lemma="|the|" pos="DT" wid="4">the</w>
  <w id="5" lemma="|Holy|" pos="NNP" wid="5">Holy</w>
  <w id="6" lemma="|Father|" pos="NNP" wid="6">Father</w>
  <w id="7" lemma="|again|" pos="RB" wid="7">again</w>
  <w id="8" lemma="|call|" pos="VBD" wid="8">called</w>
  <w id="9" lemma="|for|" pos="IN" wid="9">for</w>
  <w id="10" lemma="|a|" pos="DT" wid="10">a</w>
  <w id="11" lemma="|peaceful|" pos="JJ" wid="11">peaceful</w>
  <w id="12" lemma="|resolution|" pos="NN" wid="12">resolution</w>
  <w id="13" lemma="|of|" pos="IN" wid="13">of</w>
  <w id="14" lemma="|the|" pos="DT" wid="14">the</w>
  <w id="15" lemma="|ongoing|" pos="JJ" wid="15">ongoing</w>
  <w id="16" lemma="|conflict|" pos="NN" wid="16">conflict</w>
  <w id="17" lemma="|in|" pos="IN" wid="17">in</w>
  <w id="18" lemma="|the|" pos="DT" wid="18">the</w>
  <w id="19" lemma="|Congo|" pos="NNP" wid="19">Congo</w>
  <w id="20" lemma="|-lrb-|" pos="-LRB-" wid="20">-LRB-</w>
  <w id="21" lemma="|Brazzaville|" pos="NNP" wid="21">Brazzaville</w>
  <w id="22" lemma="|-rrb-|" pos="-RRB-" wid="22">-RRB-</w>
  <w id="23" lemma="|:|" pos=":" wid="23">:</w>
  <w id="24" lemma="|my|" pos="PRP$" wid="24">My</w>
  <w id="25" lemma="|thought|" pos="NNS" wid="25">thoughts</w>
  <w id="26" lemma="|turn|" pos="VBP" wid="26">turn</w>
  <w id="27" lemma="|once|" pos="RB" wid="27">once</w>
  <w id="28" lemma="|again|" pos="RB" wid="28">again</w>
  <w id="29" lemma="|to|" pos="TO" wid="29">to</w>
  <w id="30" lemma="|Africa|" pos="NNP" wid="30">Africa</w>
  <w id="31" lemma="|and|" pos="CC" wid="31">and</w>
  <w id="32" lemma="|,|" pos="," wid="32">,</w>
  <w id="33" lemma="|specifically|" pos="RB" wid="33">specifically</w>
  <w id="34" lemma="|,|" pos="," wid="34">,</w>
  <w id="35" lemma="|to|" pos="TO" wid="35">to</w>
  <w id="36" lemma="|the|" pos="DT" wid="36">the</w>
  <w id="37" lemma="|city|" pos="NN" wid="37">city</w>
  <w id="38" lemma="|of|" pos="IN" wid="38">of</w>
  <w id="39" lemma="|Brazzaville|" pos="NNP" wid="39">Brazzaville</w>
  <w id="40" lemma="|in|" pos="IN" wid="40">in</w>
  <w id="41" lemma="|the|" pos="DT" wid="41">the</w>
  <w id="42" lemma="|Congo|" pos="NNP" wid="42">Congo</w>
  <w id="43" lemma="|,|" pos="," wid="43">,</w>
  <w id="44" lemma="|where|" pos="WRB" wid="44">where</w>
  <w id="45" lemma="|unfortunately|" pos="RB" wid="45">unfortunately</w>
  <w id="46" lemma="|there|" pos="EX" wid="46">there</w>
  <w id="47" lemma="|be|" pos="VBP" wid="47">are</w>
  <w id="48" lemma="|still|" pos="RB" wid="48">still</w>
  <w id="49" lemma="|report|" pos="NNS" wid="49">reports</w>
  <w id="50" lemma="|of|" pos="IN" wid="50">of</w>
  <w id="51" lemma="|armed|" pos="JJ" wid="51">armed</w>
  <w id="52" lemma="|conflict|" pos="NNS" wid="52">conflicts</w>
  <w id="53" lemma="|that|" pos="WDT" wid="53">that</w>
  <w id="54" lemma="|impede|" pos="VBP" wid="54">impede</w>
  <w id="55" lemma="|the|" pos="DT" wid="55">the</w>
  <w id="56" lemma="|work|" pos="NN" wid="56">work</w>
  <w id="57" lemma="|of|" pos="IN" wid="57">of</w>
  <w id="58" lemma="|national|" pos="JJ" wid="58">national</w>
  <w id="59" lemma="|and|" pos="CC" wid="59">and</w>
  <w id="60" lemma="|international|" pos="JJ" wid="60">international</w>
  <w id="61" lemma="|mediation|" pos="NN" wid="61">mediation</w>
  <w id="62" lemma="|and|" pos="CC" wid="62">and</w>
  <w id="63" lemma="|the|" pos="DT" wid="63">the</w>
  <w id="64" lemma="|intervention|" pos="NN" wid="64">intervention</w>
  <w id="65" lemma="|of|" pos="IN" wid="65">of</w>
  <w id="66" lemma="|humanitarian|" pos="JJ" wid="66">humanitarian</w>
  <w id="67" lemma="|agency|" pos="NNS" wid="67">agencies</w>
  <w id="68" lemma="|.|" pos="." wid="68">.</w>
</sentence>
<sentence id="22">
  <w id="0" lemma="|I|" pos="PRP" wid="0">I</w>
  <w id="1" lemma="|hope|" pos="VBP" wid="1">hope</w>
  <w id="2" lemma="|that|" pos="IN" wid="2">that</w>
  <w id="3" lemma="|the|" pos="DT" wid="3">the</w>
  <w id="4" lemma="|cease-fire|" pos="NN" wid="4">cease-fire</w>
  <w id="5" lemma="|will|" pos="MD" wid="5">will</w>
  <w id="6" lemma="|soon|" pos="RB" wid="6">soon</w>
  <w id="7" lemma="|be|" pos="VB" wid="7">be</w>
  <w id="8" lemma="|reinstate|" pos="VBN" wid="8">reinstated</w>
  <w id="9" lemma="|and|" pos="CC" wid="9">and</w>
  <w id="10" lemma="|that|" pos="IN" wid="10">that</w>
  <w id="11" lemma="|peace|" pos="NN" wid="11">peace</w>
  <w id="12" lemma="|negotiation|" pos="NNS" wid="12">negotiations</w>
  <w id="13" lemma="|will|" pos="MD" wid="13">will</w>
  <w id="14" lemma="|be|" pos="VB" wid="14">be</w>
  <w id="15" lemma="|resume|" pos="VBN" wid="15">resumed</w>
  <w id="16" lemma="|.|" pos="." wid="16">.</w>
</sentence>
<sentence id="23">
  <w id="0" lemma="|I|" pos="PRP" wid="0">I</w>
  <w id="1" lemma="|join|" pos="VBP" wid="1">join</w>
  <w id="2" lemma="|my|" pos="PRP$" wid="2">my</w>
  <w id="3" lemma="|voice|" pos="NN" wid="3">voice</w>
  <w id="4" lemma="|to|" pos="TO" wid="4">to</w>
  <w id="5" lemma="|that|" pos="DT" wid="5">that</w>
  <w id="6" lemma="|of|" pos="IN" wid="6">of</w>
  <w id="7" lemma="|the|" pos="DT" wid="7">the</w>
  <w id="8" lemma="|congolese|" pos="JJ" wid="8">Congolese</w>
  <w id="9" lemma="|pastor|" pos="NNS" wid="9">Pastors</w>
  <w id="10" lemma="|in|" pos="IN" wid="10">in</w>
  <w id="11" lemma="|ask|" pos="VBG" wid="11">asking</w>
  <w id="12" lemma="|that|" pos="IN" wid="12">that</w>
  <w id="13" lemma="|we|" pos="PRP$" wid="13">our</w>
  <w id="14" lemma="|many|" pos="JJ" wid="14">many</w>
  <w id="15" lemma="|brother|" pos="NNS" wid="15">brothers</w>
  <w id="16" lemma="|and|" pos="CC" wid="16">and</w>
  <w id="17" lemma="|sister|" pos="NNS" wid="17">sisters</w>
  <w id="18" lemma="|may|" pos="MD" wid="18">may</w>
  <w id="19" lemma="|be|" pos="VB" wid="19">be</w>
  <w id="20" lemma="|spare|" pos="VBN" wid="20">spared</w>
  <w id="21" lemma="|suffering|" pos="NN" wid="21">suffering</w>
  <w id="22" lemma="|and|" pos="CC" wid="22">and</w>
  <w id="23" lemma="|mourning|" pos="NN" wid="23">mourning</w>
  <w id="24" lemma="|,|" pos="," wid="24">,</w>
  <w id="25" lemma="|and|" pos="CC" wid="25">and</w>
  <w id="26" lemma="|that|" pos="IN" wid="26">that</w>
  <w id="27" lemma="|a|" pos="DT" wid="27">a</w>
  <w id="28" lemma="|peaceful|" pos="JJ" wid="28">peaceful</w>
  <w id="29" lemma="|solution|" pos="NN" wid="29">solution</w>
  <w id="30" lemma="|to|" pos="TO" wid="30">to</w>
  <w id="31" lemma="|the|" pos="DT" wid="31">the</w>
  <w id="32" lemma="|crisis|" pos="NN" wid="32">crisis</w>
  <w id="33" lemma="|may|" pos="MD" wid="33">may</w>
  <w id="34" lemma="|soon|" pos="RB" wid="34">soon</w>
  <w id="35" lemma="|be|" pos="VB" wid="35">be</w>
  <w id="36" lemma="|achieve|" pos="VBN" wid="36">achieved</w>
  <w id="37" lemma="|.|" pos="." wid="37">.</w>
</sentence>
</corpus>