<corpus id="0">
<sentence id="0">
  <w id="0" lemma="|1|" pos="CD" wid="0">1</w>
  <w id="1" lemma="|.|" pos="." wid="1">.</w>
</sentence>
<sentence id="1">
  <w id="0" lemma="|today|" pos="NN" wid="0">Today</w>
  <w id="1" lemma="|I|" pos="PRP" wid="1">I</w>
  <w id="2" lemma="|wish|" pos="VBP" wid="2">wish</w>
  <w id="3" lemma="|to|" pos="TO" wid="3">to</w>
  <w id="4" lemma="|draw|" pos="VB" wid="4">draw</w>
  <w id="5" lemma="|the|" pos="DT" wid="5">the</w>
  <w id="6" lemma="|attention|" pos="NN" wid="6">attention</w>
  <w id="7" lemma="|of|" pos="IN" wid="7">of</w>
  <w id="8" lemma="|those|" pos="DT" wid="8">those</w>
  <w id="9" lemma="|take|" pos="VBG" wid="9">taking</w>
  <w id="10" lemma="|part|" pos="NN" wid="10">part</w>
  <w id="11" lemma="|in|" pos="IN" wid="11">in</w>
  <w id="12" lemma="|this|" pos="DT" wid="12">this</w>
  <w id="13" lemma="|common|" pos="JJ" wid="13">common</w>
  <w id="14" lemma="|midday|" pos="NN" wid="14">midday</w>
  <w id="15" lemma="|prayer|" pos="NN" wid="15">prayer</w>
  <w id="16" lemma="|,|" pos="," wid="16">,</w>
  <w id="17" lemma="|to|" pos="TO" wid="17">to</w>
  <w id="18" lemma="|all|" pos="PDT" wid="18">all</w>
  <w id="19" lemma="|the|" pos="DT" wid="19">the</w>
  <w id="20" lemma="|man|" pos="NNS" wid="20">men</w>
  <w id="21" lemma="|who|" pos="WP" wid="21">who</w>
  <w id="22" lemma="|till|" pos="IN" wid="22">till</w>
  <w id="23" lemma="|the|" pos="DT" wid="23">the</w>
  <w id="24" lemma="|land|" pos="NN" wid="24">land</w>
  <w id="25" lemma="|,|" pos="," wid="25">,</w>
  <w id="26" lemma="|that|" pos="DT" wid="26">that</w>
  <w id="27" lemma="|be|" pos="VBZ" wid="27">is</w>
  <w id="28" lemma="|,|" pos="," wid="28">,</w>
  <w id="29" lemma="|to|" pos="TO" wid="29">to</w>
  <w id="30" lemma="|farmer|" pos="NNS" wid="30">farmers</w>
  <w id="31" lemma="|.|" pos="." wid="31">.</w>
</sentence>
<sentence id="2">
  <w id="0" lemma="|yesterday|" pos="NN" wid="0">Yesterday</w>
  <w id="1" lemma="|I|" pos="PRP" wid="1">I</w>
  <w id="2" lemma="|meet|" pos="VBD" wid="2">met</w>
  <w id="3" lemma="|the|" pos="DT" wid="3">the</w>
  <w id="4" lemma="|participant|" pos="NNS" wid="4">participants</w>
  <w id="5" lemma="|in|" pos="IN" wid="5">in</w>
  <w id="6" lemma="|the|" pos="DT" wid="6">the</w>
  <w id="7" lemma="|World|" pos="NNP" wid="7">World</w>
  <w id="8" lemma="|Conference|" pos="NNP" wid="8">Conference</w>
  <w id="9" lemma="|for|" pos="IN" wid="9">for</w>
  <w id="10" lemma="|Agrarian|" pos="NNP" wid="10">Agrarian</w>
  <w id="11" lemma="|Reform|" pos="NNP" wid="11">Reform</w>
  <w id="12" lemma="|and|" pos="CC" wid="12">and</w>
  <w id="13" lemma="|Rural|" pos="NNP" wid="13">Rural</w>
  <w id="14" lemma="|Development|" pos="NNP" wid="14">Development</w>
  <w id="15" lemma="|.|" pos="." wid="15">.</w>
</sentence>
<sentence id="3">
  <w id="0" lemma="|this|" pos="DT" wid="0">This</w>
  <w id="1" lemma="|great|" pos="JJ" wid="1">great</w>
  <w id="2" lemma="|meeting|" pos="NN" wid="2">meeting</w>
  <w id="3" lemma="|organize|" pos="VBN" wid="3">organized</w>
  <w id="4" lemma="|by|" pos="IN" wid="4">by</w>
  <w id="5" lemma="|fao|" pos="NN" wid="5">FAO</w>
  <w id="6" lemma="|put|" pos="VBZ" wid="6">puts</w>
  <w id="7" lemma="|before|" pos="IN" wid="7">before</w>
  <w id="8" lemma="|we|" pos="PRP$" wid="8">our</w>
  <w id="9" lemma="|eye|" pos="NNS" wid="9">eyes</w>
  <w id="10" lemma="|the|" pos="DT" wid="10">the</w>
  <w id="11" lemma="|considerable|" pos="JJ" wid="11">considerable</w>
  <w id="12" lemma="|number|" pos="NN" wid="12">number</w>
  <w id="13" lemma="|of|" pos="IN" wid="13">of</w>
  <w id="14" lemma="|man|" pos="NNS" wid="14">men</w>
  <w id="15" lemma="|who|" pos="WP" wid="15">who</w>
  <w id="16" lemma="|serve|" pos="VBP" wid="16">serve</w>
  <w id="17" lemma="|the|" pos="DT" wid="17">the</w>
  <w id="18" lemma="|cause|" pos="NN" wid="18">cause</w>
  <w id="19" lemma="|of|" pos="IN" wid="19">of</w>
  <w id="20" lemma="|supply|" pos="VBG" wid="20">supplying</w>
  <w id="21" lemma="|they|" pos="PRP$" wid="21">their</w>
  <w id="22" lemma="|neighbour|" pos="NN" wid="22">neighbour</w>
  <w id="23" lemma="|with|" pos="IN" wid="23">with</w>
  <w id="24" lemma="|food|" pos="NN" wid="24">food</w>
  <w id="25" lemma="|in|" pos="IN" wid="25">in</w>
  <w id="26" lemma="|a|" pos="DT" wid="26">a</w>
  <w id="27" lemma="|simple|" pos="JJ" wid="27">simple</w>
  <w id="28" lemma="|but|" pos="CC" wid="28">but</w>
  <w id="29" lemma="|fundamental|" pos="JJ" wid="29">fundamental</w>
  <w id="30" lemma="|way|" pos="NN" wid="30">way</w>
  <w id="31" lemma="|,|" pos="," wid="31">,</w>
  <w id="32" lemma="|that|" pos="DT" wid="32">that</w>
  <w id="33" lemma="|be|" pos="VBZ" wid="33">is</w>
  <w id="34" lemma="|,|" pos="," wid="34">,</w>
  <w id="35" lemma="|the|" pos="DT" wid="35">the</w>
  <w id="36" lemma="|man|" pos="NNS" wid="36">men</w>
  <w id="37" lemma="|who|" pos="WP" wid="37">who</w>
  <w id="38" lemma="|till|" pos="IN" wid="38">till</w>
  <w id="39" lemma="|the|" pos="DT" wid="39">the</w>
  <w id="40" lemma="|land|" pos="NN" wid="40">land</w>
  <w id="41" lemma="|:|" pos=":" wid="41">:</w>
  <w id="42" lemma="|it|" pos="PRP" wid="42">it</w>
  <w id="43" lemma="|be|" pos="VBZ" wid="43">is</w>
  <w id="44" lemma="|precisely|" pos="RB" wid="44">precisely</w>
  <w id="45" lemma="|they|" pos="PRP" wid="45">they</w>
  <w id="46" lemma="|,|" pos="," wid="46">,</w>
  <w id="47" lemma="|in|" pos="IN" wid="47">in</w>
  <w id="48" lemma="|fact|" pos="NN" wid="48">fact</w>
  <w id="49" lemma="|,|" pos="," wid="49">,</w>
  <w id="50" lemma="|who|" pos="WP" wid="50">who</w>
  <w id="51" lemma="|feed|" pos="VBP" wid="51">feed</w>
  <w id="52" lemma="|we|" pos="PRP" wid="52">us</w>
  <w id="53" lemma="|.|" pos="." wid="53">.</w>
</sentence>
<sentence id="4">
  <w id="0" lemma="|for|" pos="IN" wid="0">For</w>
  <w id="1" lemma="|this|" pos="DT" wid="1">this</w>
  <w id="2" lemma="|reason|" pos="NN" wid="2">reason</w>
  <w id="3" lemma="|we|" pos="PRP" wid="3">we</w>
  <w id="4" lemma="|owe|" pos="VBP" wid="4">owe</w>
  <w id="5" lemma="|they|" pos="PRP" wid="5">them</w>
  <w id="6" lemma="|constant|" pos="JJ" wid="6">constant</w>
  <w id="7" lemma="|gratitude|" pos="NN" wid="7">gratitude</w>
  <w id="8" lemma="|and|" pos="CC" wid="8">and</w>
  <w id="9" lemma="|lasting|" pos="JJ" wid="9">lasting</w>
  <w id="10" lemma="|memory|" pos="NN" wid="10">memory</w>
  <w id="11" lemma="|of|" pos="IN" wid="11">of</w>
  <w id="12" lemma="|they|" pos="PRP$" wid="12">their</w>
  <w id="13" lemma="|hard|" pos="JJ" wid="13">hard</w>
  <w id="14" lemma="|work|" pos="NN" wid="14">work</w>
  <w id="15" lemma="|.|" pos="." wid="15">.</w>
</sentence>
<sentence id="5">
  <w id="0" lemma="|respect|" pos="NN" wid="0">Respect</w>
  <w id="1" lemma="|for|" pos="IN" wid="1">for</w>
  <w id="2" lemma="|they|" pos="PRP$" wid="2">their</w>
  <w id="3" lemma="|profession|" pos="NN" wid="3">profession</w>
  <w id="4" lemma="|require|" pos="VBZ" wid="4">requires</w>
  <w id="5" lemma="|not|" pos="RB" wid="5">not</w>
  <w id="6" lemma="|only|" pos="RB" wid="6">only</w>
  <w id="7" lemma="|that|" pos="IN" wid="7">that</w>
  <w id="8" lemma="|it|" pos="PRP" wid="8">it</w>
  <w id="9" lemma="|should|" pos="MD" wid="9">should</w>
  <w id="10" lemma="|find|" pos="VB" wid="10">find</w>
  <w id="11" lemma="|social|" pos="JJ" wid="11">social</w>
  <w id="12" lemma="|recognition|" pos="NN" wid="12">recognition</w>
  <w id="13" lemma="|,|" pos="," wid="13">,</w>
  <w id="14" lemma="|but|" pos="CC" wid="14">but</w>
  <w id="15" lemma="|that|" pos="IN" wid="15">that</w>
  <w id="16" lemma="|it|" pos="PRP" wid="16">it</w>
  <w id="17" lemma="|should|" pos="MD" wid="17">should</w>
  <w id="18" lemma="|also|" pos="RB" wid="18">also</w>
  <w id="19" lemma="|bring|" pos="VB" wid="19">bring</w>
  <w id="20" lemma="|farmer|" pos="NNS" wid="20">farmers</w>
  <w id="21" lemma="|due|" pos="JJ" wid="21">due</w>
  <w id="22" lemma="|remuneration|" pos="NN" wid="22">remuneration</w>
  <w id="23" lemma="|,|" pos="," wid="23">,</w>
  <w id="24" lemma="|and|" pos="CC" wid="24">and</w>
  <w id="25" lemma="|create|" pos="VB" wid="25">create</w>
  <w id="26" lemma="|adequate|" pos="JJ" wid="26">adequate</w>
  <w id="27" lemma="|condition|" pos="NNS" wid="27">conditions</w>
  <w id="28" lemma="|for|" pos="IN" wid="28">for</w>
  <w id="29" lemma="|they|" pos="PRP$" wid="29">their</w>
  <w id="30" lemma="|sustenance|" pos="NN" wid="30">sustenance</w>
  <w id="31" lemma="|and|" pos="CC" wid="31">and</w>
  <w id="32" lemma="|the|" pos="DT" wid="32">the</w>
  <w id="33" lemma="|maintenance|" pos="NN" wid="33">maintenance</w>
  <w id="34" lemma="|of|" pos="IN" wid="34">of</w>
  <w id="35" lemma="|they|" pos="PRP$" wid="35">their</w>
  <w id="36" lemma="|family|" pos="NNS" wid="36">families</w>
  <w id="37" lemma="|.|" pos="." wid="37">.</w>
</sentence>
<sentence id="6">
  <w id="0" lemma="|the|" pos="DT" wid="0">The</w>
  <w id="1" lemma="|Apostolic|" pos="NNP" wid="1">Apostolic</w>
  <w id="2" lemma="|See|" pos="NNP" wid="2">See</w>
  <w id="3" lemma="|have|" pos="VBZ" wid="3">has</w>
  <w id="4" lemma="|dedicate|" pos="VBN" wid="4">dedicated</w>
  <w id="5" lemma="|a|" pos="DT" wid="5">a</w>
  <w id="6" lemma="|great|" pos="JJ" wid="6">great</w>
  <w id="7" lemma="|deal|" pos="NN" wid="7">deal</w>
  <w id="8" lemma="|of|" pos="IN" wid="8">of</w>
  <w id="9" lemma="|attention|" pos="NN" wid="9">attention</w>
  <w id="10" lemma="|to|" pos="TO" wid="10">to</w>
  <w id="11" lemma="|this|" pos="DT" wid="11">this</w>
  <w id="12" lemma="|problem|" pos="NN" wid="12">problem</w>
  <w id="13" lemma="|.|" pos="." wid="13">.</w>
</sentence>
<sentence id="7">
  <w id="0" lemma="|this|" pos="DT" wid="0">This</w>
  <w id="1" lemma="|be|" pos="VBZ" wid="1">is</w>
  <w id="2" lemma="|testify|" pos="VBN" wid="2">testified</w>
  <w id="3" lemma="|by|" pos="IN" wid="3">by</w>
  <w id="4" lemma="|pontifical|" pos="JJ" wid="4">pontifical</w>
  <w id="5" lemma="|document|" pos="NNS" wid="5">Documents</w>
  <w id="6" lemma="|of|" pos="IN" wid="6">of</w>
  <w id="7" lemma="|great|" pos="JJ" wid="7">great</w>
  <w id="8" lemma="|importance|" pos="NN" wid="8">importance</w>
  <w id="9" lemma="|,|" pos="," wid="9">,</w>
  <w id="10" lemma="|such|" pos="JJ" wid="10">such</w>
  <w id="11" lemma="|as|" pos="IN" wid="11">as</w>
  <w id="12" lemma="|,|" pos="," wid="12">,</w>
  <w id="13" lemma="|for|" pos="IN" wid="13">for</w>
  <w id="14" lemma="|example|" pos="NN" wid="14">example</w>
  <w id="15" lemma="|,|" pos="," wid="15">,</w>
  <w id="16" lemma="|the|" pos="DT" wid="16">the</w>
  <w id="17" lemma="|Encyclicals|" pos="NNPS" wid="17">Encyclicals</w>
  <w id="18" lemma="|``|" pos="``" wid="18">``</w>
  <w id="19" lemma="|Mater|" pos="NNP" wid="19">Mater</w>
  <w id="20" lemma="|et|" pos="NNP" wid="20">et</w>
  <w id="21" lemma="|Magistra|" pos="NNP" wid="21">Magistra</w>
  <w id="22" lemma="|''|" pos="''" wid="22">''</w>
  <w id="23" lemma="|,|" pos="," wid="23">,</w>
  <w id="24" lemma="|``|" pos="``" wid="24">``</w>
  <w id="25" lemma="|Populorum|" pos="NNP" wid="25">Populorum</w>
  <w id="26" lemma="|Progressio|" pos="NNP" wid="26">Progressio</w>
  <w id="27" lemma="|''|" pos="''" wid="27">''</w>
  <w id="28" lemma="|,|" pos="," wid="28">,</w>
  <w id="29" lemma="|and|" pos="CC" wid="29">and</w>
  <w id="30" lemma="|Paul|" pos="NNP" wid="30">Paul</w>
  <w id="31" lemma="|VI|" pos="NNP" wid="31">VI</w>
  <w id="32" lemma="|'s|" pos="POS" wid="32">'s</w>
  <w id="33" lemma="|address|" pos="NN" wid="33">address</w>
  <w id="34" lemma="|to|" pos="TO" wid="34">to</w>
  <w id="35" lemma="|the|" pos="DT" wid="35">the</w>
  <w id="36" lemma="|World|" pos="NNP" wid="36">World</w>
  <w id="37" lemma="|Food|" pos="NNP" wid="37">Food</w>
  <w id="38" lemma="|Conference|" pos="NNP" wid="38">Conference</w>
  <w id="39" lemma="|in|" pos="IN" wid="39">in</w>
  <w id="40" lemma="|1974|" pos="CD" wid="40">1974</w>
  <w id="41" lemma="|.|" pos="." wid="41">.</w>
</sentence>
<sentence id="8">
  <w id="0" lemma="|as|" pos="IN" wid="0">As</w>
  <w id="1" lemma="|regard|" pos="VBZ" wid="1">regards</w>
  <w id="2" lemma="|agricultural|" pos="JJ" wid="2">agricultural</w>
  <w id="3" lemma="|work|" pos="NN" wid="3">work</w>
  <w id="4" lemma="|,|" pos="," wid="4">,</w>
  <w id="5" lemma="|I|" pos="PRP" wid="5">I</w>
  <w id="6" lemma="|have|" pos="VBP" wid="6">have</w>
  <w id="7" lemma="|already|" pos="RB" wid="7">already</w>
  <w id="8" lemma="|express|" pos="VBN" wid="8">expressed</w>
  <w id="9" lemma="|myself|" pos="PRP" wid="9">myself</w>
  <w id="10" lemma="|more|" pos="RBR" wid="10">more</w>
  <w id="11" lemma="|than|" pos="IN" wid="11">than</w>
  <w id="12" lemma="|once|" pos="RB" wid="12">once</w>
  <w id="13" lemma="|,|" pos="," wid="13">,</w>
  <w id="14" lemma="|especially|" pos="RB" wid="14">especially</w>
  <w id="15" lemma="|on|" pos="IN" wid="15">on</w>
  <w id="16" lemma="|the|" pos="DT" wid="16">the</w>
  <w id="17" lemma="|occasion|" pos="NN" wid="17">occasion</w>
  <w id="18" lemma="|of|" pos="IN" wid="18">of</w>
  <w id="19" lemma="|the|" pos="DT" wid="19">the</w>
  <w id="20" lemma="|journey|" pos="NNS" wid="20">journeys</w>
  <w id="21" lemma="|to|" pos="TO" wid="21">to</w>
  <w id="22" lemma="|Mexico|" pos="NNP" wid="22">Mexico</w>
  <w id="23" lemma="|and|" pos="CC" wid="23">and</w>
  <w id="24" lemma="|to|" pos="TO" wid="24">to</w>
  <w id="25" lemma="|Poland|" pos="NNP" wid="25">Poland</w>
  <w id="26" lemma="|.|" pos="." wid="26">.</w>
</sentence>
<sentence id="9">
  <w id="0" lemma="|the|" pos="DT" wid="0">The</w>
  <w id="1" lemma="|problem|" pos="NN" wid="1">problem</w>
  <w id="2" lemma="|of|" pos="IN" wid="2">of</w>
  <w id="3" lemma="|a|" pos="DT" wid="3">a</w>
  <w id="4" lemma="|fair|" pos="JJ" wid="4">fair</w>
  <w id="5" lemma="|attitude|" pos="NN" wid="5">attitude</w>
  <w id="6" lemma="|with|" pos="IN" wid="6">with</w>
  <w id="7" lemma="|regard|" pos="NN" wid="7">regard</w>
  <w id="8" lemma="|to|" pos="TO" wid="8">to</w>
  <w id="9" lemma="|agricultural|" pos="JJ" wid="9">agricultural</w>
  <w id="10" lemma="|work|" pos="NN" wid="10">work</w>
  <w id="11" lemma="|can|" pos="MD" wid="11">can</w>
  <w id="12" lemma="|never|" pos="RB" wid="12">never</w>
  <w id="13" lemma="|slip|" pos="VB" wid="13">slip</w>
  <w id="14" lemma="|we|" pos="PRP$" wid="14">our</w>
  <w id="15" lemma="|attention|" pos="NN" wid="15">attention</w>
  <w id="16" lemma="|,|" pos="," wid="16">,</w>
  <w id="17" lemma="|because|" pos="IN" wid="17">because</w>
  <w id="18" lemma="|of|" pos="IN" wid="18">of</w>
  <w id="19" lemma="|its|" pos="PRP$" wid="19">its</w>
  <w id="20" lemma="|fundamental|" pos="JJ" wid="20">fundamental</w>
  <w id="21" lemma="|importance|" pos="NN" wid="21">importance</w>
  <w id="22" lemma="|for|" pos="IN" wid="22">for</w>
  <w id="23" lemma="|the|" pos="DT" wid="23">the</w>
  <w id="24" lemma="|everyday|" pos="JJ" wid="24">everyday</w>
  <w id="25" lemma="|life|" pos="NN" wid="25">life</w>
  <w id="26" lemma="|of|" pos="IN" wid="26">of</w>
  <w id="27" lemma="|the|" pos="DT" wid="27">the</w>
  <w id="28" lemma="|whole|" pos="NN" wid="28">whole</w>
  <w id="29" lemma="|of|" pos="IN" wid="29">of</w>
  <w id="30" lemma="|society|" pos="NN" wid="30">society</w>
  <w id="31" lemma="|.|" pos="." wid="31">.</w>
</sentence>
<sentence id="10">
  <w id="0" lemma="|nor|" pos="CC" wid="0">Nor</w>
  <w id="1" lemma="|can|" pos="MD" wid="1">can</w>
  <w id="2" lemma="|we|" pos="VB" wid="2">we</w>
  <w id="3" lemma="|neglect|" pos="NN" wid="3">neglect</w>
  <w id="4" lemma="|the|" pos="DT" wid="4">the</w>
  <w id="5" lemma="|problem|" pos="NN" wid="5">problem</w>
  <w id="6" lemma="|of|" pos="IN" wid="6">of</w>
  <w id="7" lemma="|the|" pos="DT" wid="7">the</w>
  <w id="8" lemma="|rural|" pos="JJ" wid="8">rural</w>
  <w id="9" lemma="|world|" pos="NN" wid="9">world</w>
  <w id="10" lemma="|,|" pos="," wid="10">,</w>
  <w id="11" lemma="|especially|" pos="RB" wid="11">especially</w>
  <w id="12" lemma="|in|" pos="IN" wid="12">in</w>
  <w id="13" lemma="|Third|" pos="NNP" wid="13">Third</w>
  <w id="14" lemma="|World|" pos="NNP" wid="14">World</w>
  <w id="15" lemma="|country|" pos="NNS" wid="15">countries</w>
  <w id="16" lemma="|,|" pos="," wid="16">,</w>
  <w id="17" lemma="|where|" pos="WRB" wid="17">where</w>
  <w id="18" lemma="|the|" pos="DT" wid="18">the</w>
  <w id="19" lemma="|vast|" pos="JJ" wid="19">vast</w>
  <w id="20" lemma="|majority|" pos="NN" wid="20">majority</w>
  <w id="21" lemma="|of|" pos="IN" wid="21">of</w>
  <w id="22" lemma="|the|" pos="DT" wid="22">the</w>
  <w id="23" lemma="|population|" pos="NN" wid="23">population</w>
  <w id="24" lemma="|live|" pos="VB" wid="24">live</w>
  <w id="25" lemma="|off|" pos="RP" wid="25">off</w>
  <w id="26" lemma="|the|" pos="DT" wid="26">the</w>
  <w id="27" lemma="|land|" pos="NN" wid="27">land</w>
  <w id="28" lemma="|and|" pos="CC" wid="28">and</w>
  <w id="29" lemma="|depend|" pos="VB" wid="29">depend</w>
  <w id="30" lemma="|on|" pos="IN" wid="30">on</w>
  <w id="31" lemma="|it|" pos="PRP" wid="31">it</w>
  <w id="32" lemma="|for|" pos="IN" wid="32">for</w>
  <w id="33" lemma="|they|" pos="PRP$" wid="33">their</w>
  <w id="34" lemma="|own|" pos="JJ" wid="34">own</w>
  <w id="35" lemma="|development|" pos="NN" wid="35">development</w>
  <w id="36" lemma="|.|" pos="." wid="36">.</w>
</sentence>
<sentence id="11">
  <w id="0" lemma="|the|" pos="DT" wid="0">The</w>
  <w id="1" lemma="|condition|" pos="NNS" wid="1">conditions</w>
  <w id="2" lemma="|of|" pos="IN" wid="2">of</w>
  <w id="3" lemma="|the|" pos="DT" wid="3">the</w>
  <w id="4" lemma="|rural|" pos="JJ" wid="4">rural</w>
  <w id="5" lemma="|world|" pos="NN" wid="5">world</w>
  <w id="6" lemma="|and|" pos="CC" wid="6">and</w>
  <w id="7" lemma="|of|" pos="IN" wid="7">of</w>
  <w id="8" lemma="|farm|" pos="NN" wid="8">farm</w>
  <w id="9" lemma="|work|" pos="NN" wid="9">work</w>
  <w id="10" lemma="|be|" pos="VBP" wid="10">are</w>
  <w id="11" lemma="|very|" pos="RB" wid="11">very</w>
  <w id="12" lemma="|different|" pos="JJ" wid="12">different</w>
  <w id="13" lemma="|in|" pos="IN" wid="13">in</w>
  <w id="14" lemma="|the|" pos="DT" wid="14">the</w>
  <w id="15" lemma="|various|" pos="JJ" wid="15">various</w>
  <w id="16" lemma="|country|" pos="NNS" wid="16">countries</w>
  <w id="17" lemma="|,|" pos="," wid="17">,</w>
  <w id="18" lemma="|and|" pos="CC" wid="18">and</w>
  <w id="19" lemma="|the|" pos="DT" wid="19">the</w>
  <w id="20" lemma="|social|" pos="JJ" wid="20">social</w>
  <w id="21" lemma="|position|" pos="NN" wid="21">position</w>
  <w id="22" lemma="|of|" pos="IN" wid="22">of</w>
  <w id="23" lemma="|farm|" pos="NN" wid="23">farm</w>
  <w id="24" lemma="|worker|" pos="NNS" wid="24">workers</w>
  <w id="25" lemma="|vary|" pos="VBZ" wid="25">varies</w>
  <w id="26" lemma="|greatly|" pos="RB" wid="26">greatly</w>
  <w id="27" lemma="|.|" pos="." wid="27">.</w>
</sentence>
<sentence id="12">
  <w id="0" lemma="|that|" pos="DT" wid="0">That</w>
  <w id="1" lemma="|certainly|" pos="RB" wid="1">certainly</w>
  <w id="2" lemma="|depend|" pos="VBZ" wid="2">depends</w>
  <w id="3" lemma="|on|" pos="IN" wid="3">on</w>
  <w id="4" lemma="|the|" pos="DT" wid="4">the</w>
  <w id="5" lemma="|degree|" pos="NN" wid="5">degree</w>
  <w id="6" lemma="|of|" pos="IN" wid="6">of</w>
  <w id="7" lemma="|development|" pos="NN" wid="7">development</w>
  <w id="8" lemma="|of|" pos="IN" wid="8">of</w>
  <w id="9" lemma="|technique|" pos="NN" wid="9">technique</w>
  <w id="10" lemma="|in|" pos="IN" wid="10">in</w>
  <w id="11" lemma="|agriculture|" pos="NN" wid="11">agriculture</w>
  <w id="12" lemma="|,|" pos="," wid="12">,</w>
  <w id="13" lemma="|but|" pos="CC" wid="13">but</w>
  <w id="14" lemma="|it|" pos="PRP" wid="14">it</w>
  <w id="15" lemma="|also|" pos="RB" wid="15">also</w>
  <w id="16" lemma="|depend|" pos="VBZ" wid="16">depends</w>
  <w id="17" lemma="|on|" pos="IN" wid="17">on</w>
  <w id="18" lemma="|just|" pos="RB" wid="18">just</w>
  <w id="19" lemma="|rights|" pos="NNS" wid="19">rights</w>
  <w id="20" lemma="|and|" pos="CC" wid="20">and</w>
  <w id="21" lemma="|on|" pos="IN" wid="21">on</w>
  <w id="22" lemma="|the|" pos="DT" wid="22">the</w>
  <w id="23" lemma="|law|" pos="NNS" wid="23">laws</w>
  <w id="24" lemma="|of|" pos="IN" wid="24">of</w>
  <w id="25" lemma="|agricultural|" pos="JJ" wid="25">agricultural</w>
  <w id="26" lemma="|policy|" pos="NN" wid="26">policy</w>
  <w id="27" lemma="|,|" pos="," wid="27">,</w>
  <w id="28" lemma="|on|" pos="IN" wid="28">on</w>
  <w id="29" lemma="|the|" pos="DT" wid="29">the</w>
  <w id="30" lemma="|level|" pos="NN" wid="30">level</w>
  <w id="31" lemma="|of|" pos="IN" wid="31">of</w>
  <w id="32" lemma="|the|" pos="DT" wid="32">the</w>
  <w id="33" lemma="|whole|" pos="NN" wid="33">whole</w>
  <w id="34" lemma="|of|" pos="IN" wid="34">of</w>
  <w id="35" lemma="|social|" pos="JJ" wid="35">social</w>
  <w id="36" lemma="|ethic|" pos="NNS" wid="36">ethics</w>
  <w id="37" lemma="|.|" pos="." wid="37">.</w>
</sentence>
<sentence id="13">
  <w id="0" lemma="|we|" pos="PRP" wid="0">We</w>
  <w id="1" lemma="|must|" pos="MD" wid="1">must</w>
  <w id="2" lemma="|wish|" pos="VB" wid="2">wish</w>
  <w id="3" lemma="|all|" pos="DT" wid="3">all</w>
  <w id="4" lemma="|farmer|" pos="NNS" wid="4">farmers</w>
  <w id="5" lemma="|in|" pos="IN" wid="5">in</w>
  <w id="6" lemma="|the|" pos="DT" wid="6">the</w>
  <w id="7" lemma="|world|" pos="NN" wid="7">world</w>
  <w id="8" lemma="|that|" pos="IN" wid="8">that</w>
  <w id="9" lemma="|they|" pos="PRP$" wid="9">their</w>
  <w id="10" lemma="|work|" pos="NN" wid="10">work</w>
  <w id="11" lemma="|,|" pos="," wid="11">,</w>
  <w id="12" lemma="|so|" pos="RB" wid="12">so</w>
  <w id="13" lemma="|precious|" pos="JJ" wid="13">precious</w>
  <w id="14" lemma="|,|" pos="," wid="14">,</w>
  <w id="15" lemma="|will|" pos="MD" wid="15">will</w>
  <w id="16" lemma="|never|" pos="RB" wid="16">never</w>
  <w id="17" lemma="|be|" pos="VB" wid="17">be</w>
  <w id="18" lemma="|accompany|" pos="VBN" wid="18">accompanied</w>
  <w id="19" lemma="|by|" pos="IN" wid="19">by</w>
  <w id="20" lemma="|the|" pos="DT" wid="20">the</w>
  <w id="21" lemma="|unjust|" pos="JJ" wid="21">unjust</w>
  <w id="22" lemma="|feeling|" pos="NN" wid="22">feeling</w>
  <w id="23" lemma="|of|" pos="IN" wid="23">of</w>
  <w id="24" lemma="|be|" pos="VBG" wid="24">being</w>
  <w id="25" lemma="|outsider|" pos="NNS" wid="25">outsiders</w>
  <w id="26" lemma="|socially|" pos="RB" wid="26">socially</w>
  <w id="27" lemma="|!|" pos="." wid="27">!</w>
</sentence>
<sentence id="14">
  <w id="0" lemma="|the|" pos="DT" wid="0">The</w>
  <w id="1" lemma="|exodus|" pos="NN" wid="1">exodus</w>
  <w id="2" lemma="|of|" pos="IN" wid="2">of</w>
  <w id="3" lemma="|man|" pos="NNS" wid="3">men</w>
  <w id="4" lemma="|from|" pos="IN" wid="4">from</w>
  <w id="5" lemma="|agricultural|" pos="JJ" wid="5">agricultural</w>
  <w id="6" lemma="|work|" pos="NN" wid="6">work</w>
  <w id="7" lemma="|can|" pos="MD" wid="7">can</w>
  <w id="8" lemma="|be|" pos="VB" wid="8">be</w>
  <w id="9" lemma="|explain|" pos="VBN" wid="9">explained</w>
  <w id="10" lemma="|to|" pos="TO" wid="10">to</w>
  <w id="11" lemma="|a|" pos="DT" wid="11">a</w>
  <w id="12" lemma="|certain|" pos="JJ" wid="12">certain</w>
  <w id="13" lemma="|extent|" pos="NN" wid="13">extent</w>
  <w id="14" lemma="|by|" pos="IN" wid="14">by</w>
  <w id="15" lemma="|the|" pos="DT" wid="15">the</w>
  <w id="16" lemma="|progress|" pos="NN" wid="16">progress</w>
  <w id="17" lemma="|of|" pos="IN" wid="17">of</w>
  <w id="18" lemma="|technique|" pos="NN" wid="18">technique</w>
  <w id="19" lemma="|,|" pos="," wid="19">,</w>
  <w id="20" lemma="|but|" pos="CC" wid="20">but</w>
  <w id="21" lemma="|it|" pos="PRP" wid="21">it</w>
  <w id="22" lemma="|be|" pos="VBZ" wid="22">is</w>
  <w id="23" lemma="|cause|" pos="VBN" wid="23">caused</w>
  <w id="24" lemma="|also|" pos="RB" wid="24">also</w>
  <w id="25" lemma="|by|" pos="IN" wid="25">by</w>
  <w id="26" lemma="|situation|" pos="NNS" wid="26">situations</w>
  <w id="27" lemma="|that|" pos="WDT" wid="27">that</w>
  <w id="28" lemma="|be|" pos="VBP" wid="28">are</w>
  <w id="29" lemma="|objectively|" pos="RB" wid="29">objectively</w>
  <w id="30" lemma="|unjust|" pos="JJ" wid="30">unjust</w>
  <w id="31" lemma="|,|" pos="," wid="31">,</w>
  <w id="32" lemma="|as|" pos="IN" wid="32">as</w>
  <w id="33" lemma="|a|" pos="DT" wid="33">a</w>
  <w id="34" lemma="|result|" pos="NN" wid="34">result</w>
  <w id="35" lemma="|of|" pos="IN" wid="35">of</w>
  <w id="36" lemma="|which|" pos="WDT" wid="36">which</w>
  <w id="37" lemma="|rural|" pos="JJ" wid="37">rural</w>
  <w id="38" lemma="|people|" pos="NNS" wid="38">people</w>
  <w id="39" lemma="|do|" pos="VBP" wid="39">do</w>
  <w id="40" lemma="|not|" pos="RB" wid="40">not</w>
  <w id="41" lemma="|have|" pos="VB" wid="41">have</w>
  <w id="42" lemma="|,|" pos="," wid="42">,</w>
  <w id="43" lemma="|in|" pos="IN" wid="43">in</w>
  <w id="44" lemma="|concrete|" pos="JJ" wid="44">concrete</w>
  <w id="45" lemma="|circumstance|" pos="NNS" wid="45">circumstances</w>
  <w id="46" lemma="|,|" pos="," wid="46">,</w>
  <w id="47" lemma="|the|" pos="DT" wid="47">the</w>
  <w id="48" lemma="|possibility|" pos="NN" wid="48">possibility</w>
  <w id="49" lemma="|of|" pos="IN" wid="49">of</w>
  <w id="50" lemma="|assure|" pos="VBG" wid="50">assuring</w>
  <w id="51" lemma="|themselves|" pos="PRP" wid="51">themselves</w>
  <w id="52" lemma="|a|" pos="DT" wid="52">a</w>
  <w id="53" lemma="|minimum|" pos="JJ" wid="53">minimum</w>
  <w id="54" lemma="|standard|" pos="NN" wid="54">standard</w>
  <w id="55" lemma="|of|" pos="IN" wid="55">of</w>
  <w id="56" lemma="|living|" pos="NN" wid="56">living</w>
  <w id="57" lemma="|.|" pos="." wid="57">.</w>
</sentence>
<sentence id="15">
  <w id="0" lemma="|it|" pos="PRP" wid="0">It</w>
  <w id="1" lemma="|would|" pos="MD" wid="1">would</w>
  <w id="2" lemma="|be|" pos="VB" wid="2">be</w>
  <w id="3" lemma="|worse|" pos="JJR" wid="3">worse</w>
  <w id="4" lemma="|if|" pos="IN" wid="4">if</w>
  <w id="5" lemma="|this|" pos="DT" wid="5">this</w>
  <w id="6" lemma="|exodus|" pos="NN" wid="6">exodus</w>
  <w id="7" lemma="|be|" pos="VBD" wid="7">were</w>
  <w id="8" lemma="|to|" pos="TO" wid="8">to</w>
  <w id="9" lemma="|be|" pos="VB" wid="9">be</w>
  <w id="10" lemma="|cause|" pos="VBN" wid="10">caused</w>
  <w id="11" lemma="|by|" pos="IN" wid="11">by</w>
  <w id="12" lemma="|other|" pos="JJ" wid="12">other</w>
  <w id="13" lemma="|reason|" pos="NNS" wid="13">reasons</w>
  <w id="14" lemma="|,|" pos="," wid="14">,</w>
  <w id="15" lemma="|lower|" pos="VBG" wid="15">lowering</w>
  <w id="16" lemma="|the|" pos="DT" wid="16">the</w>
  <w id="17" lemma="|social|" pos="JJ" wid="17">social</w>
  <w id="18" lemma="|status|" pos="NN" wid="18">status</w>
  <w id="19" lemma="|of|" pos="IN" wid="19">of</w>
  <w id="20" lemma="|farm|" pos="NN" wid="20">farm</w>
  <w id="21" lemma="|worker|" pos="NNS" wid="21">workers</w>
  <w id="22" lemma="|.|" pos="." wid="22">.</w>
</sentence>
<sentence id="16">
  <w id="0" lemma="|it|" pos="PRP" wid="0">It</w>
  <w id="1" lemma="|be|" pos="VBZ" wid="1">is</w>
  <w id="2" lemma="|not|" pos="RB" wid="2">not</w>
  <w id="3" lemma="|possible|" pos="JJ" wid="3">possible</w>
  <w id="4" lemma="|,|" pos="," wid="4">,</w>
  <w id="5" lemma="|in|" pos="IN" wid="5">in</w>
  <w id="6" lemma="|this|" pos="DT" wid="6">this</w>
  <w id="7" lemma="|short|" pos="JJ" wid="7">short</w>
  <w id="8" lemma="|talk|" pos="NN" wid="8">talk</w>
  <w id="9" lemma="|,|" pos="," wid="9">,</w>
  <w id="10" lemma="|to|" pos="TO" wid="10">to</w>
  <w id="11" lemma="|refer|" pos="VB" wid="11">refer</w>
  <w id="12" lemma="|to|" pos="TO" wid="12">to</w>
  <w id="13" lemma="|all|" pos="PDT" wid="13">all</w>
  <w id="14" lemma="|the|" pos="DT" wid="14">the</w>
  <w id="15" lemma="|important|" pos="JJ" wid="15">important</w>
  <w id="16" lemma="|argument|" pos="NNS" wid="16">arguments</w>
  <w id="17" lemma="|connect|" pos="VBN" wid="17">connected</w>
  <w id="18" lemma="|with|" pos="IN" wid="18">with</w>
  <w id="19" lemma="|this|" pos="DT" wid="19">this</w>
  <w id="20" lemma="|subject|" pos="NN" wid="20">subject</w>
  <w id="21" lemma="|.|" pos="." wid="21">.</w>
</sentence>
<sentence id="17">
  <w id="0" lemma="|I|" pos="PRP" wid="0">I</w>
  <w id="1" lemma="|wish|" pos="VBP" wid="1">wish</w>
  <w id="2" lemma="|,|" pos="," wid="2">,</w>
  <w id="3" lemma="|however|" pos="RB" wid="3">however</w>
  <w id="4" lemma="|,|" pos="," wid="4">,</w>
  <w id="5" lemma="|that|" pos="IN" wid="5">that</w>
  <w id="6" lemma="|in|" pos="IN" wid="6">in</w>
  <w id="7" lemma="|this|" pos="DT" wid="7">this</w>
  <w id="8" lemma="|invitation|" pos="NN" wid="8">invitation</w>
  <w id="9" lemma="|to|" pos="TO" wid="9">to</w>
  <w id="10" lemma="|prayer|" pos="NN" wid="10">prayer</w>
  <w id="11" lemma="|all|" pos="DT" wid="11">all</w>
  <w id="12" lemma="|man|" pos="NNS" wid="12">men</w>
  <w id="13" lemma="|who|" pos="WP" wid="13">who</w>
  <w id="14" lemma="|till|" pos="IN" wid="14">till</w>
  <w id="15" lemma="|the|" pos="DT" wid="15">the</w>
  <w id="16" lemma="|land|" pos="NN" wid="16">land</w>
  <w id="17" lemma="|may|" pos="MD" wid="17">may</w>
  <w id="18" lemma="|find|" pos="VB" wid="18">find</w>
  <w id="19" lemma="|the|" pos="DT" wid="19">the</w>
  <w id="20" lemma="|confirmation|" pos="NN" wid="20">confirmation</w>
  <w id="21" lemma="|of|" pos="IN" wid="21">of</w>
  <w id="22" lemma="|that|" pos="DT" wid="22">that</w>
  <w id="23" lemma="|esteem|" pos="NN" wid="23">esteem</w>
  <w id="24" lemma="|which|" pos="WDT" wid="24">which</w>
  <w id="25" lemma="|the|" pos="DT" wid="25">the</w>
  <w id="26" lemma="|Church|" pos="NNP" wid="26">Church</w>
  <w id="27" lemma="|have|" pos="VBZ" wid="27">has</w>
  <w id="28" lemma="|for|" pos="IN" wid="28">for</w>
  <w id="29" lemma="|they|" pos="PRP$" wid="29">their</w>
  <w id="30" lemma="|work|" pos="NN" wid="30">work</w>
  <w id="31" lemma="|,|" pos="," wid="31">,</w>
  <w id="32" lemma="|and|" pos="CC" wid="32">and</w>
  <w id="33" lemma="|which|" pos="WDT" wid="33">which</w>
  <w id="34" lemma="|she|" pos="PRP" wid="34">she</w>
  <w id="35" lemma="|draw|" pos="VBZ" wid="35">draws</w>
  <w id="36" lemma="|from|" pos="IN" wid="36">from</w>
  <w id="37" lemma="|Christ|" pos="NNP" wid="37">Christ</w>
  <w id="38" lemma="|.|" pos="." wid="38">.</w>
</sentence>
<sentence id="18">
  <w id="0" lemma="|it|" pos="PRP" wid="0">It</w>
  <w id="1" lemma="|can|" pos="MD" wid="1">can</w>
  <w id="2" lemma="|not|" pos="RB" wid="2">not</w>
  <w id="3" lemma="|be|" pos="VB" wid="3">be</w>
  <w id="4" lemma="|otherwise|" pos="RB" wid="4">otherwise</w>
  <w id="5" lemma="|,|" pos="," wid="5">,</w>
  <w id="6" lemma="|if|" pos="IN" wid="6">if</w>
  <w id="7" lemma="|we|" pos="PRP" wid="7">we</w>
  <w id="8" lemma="|remember|" pos="VBP" wid="8">remember</w>
  <w id="9" lemma="|that|" pos="IN" wid="9">that</w>
  <w id="10" lemma="|Christ|" pos="NNP" wid="10">Christ</w>
  <w id="11" lemma="|once|" pos="RB" wid="11">once</w>
  <w id="12" lemma="|describe|" pos="VBD" wid="12">described</w>
  <w id="13" lemma="|God|" pos="NNP" wid="13">God</w>
  <w id="14" lemma="|,|" pos="," wid="14">,</w>
  <w id="15" lemma="|he|" pos="PRP$" wid="15">His</w>
  <w id="16" lemma="|Father|" pos="NNP" wid="16">Father</w>
  <w id="17" lemma="|,|" pos="," wid="17">,</w>
  <w id="18" lemma="|as|" pos="IN" wid="18">as</w>
  <w id="19" lemma="|``|" pos="``" wid="19">``</w>
  <w id="20" lemma="|the|" pos="DT" wid="20">the</w>
  <w id="21" lemma="|vinedresser|" pos="NN" wid="21">vinedresser</w>
  <w id="22" lemma="|''|" pos="''" wid="22">''</w>
  <w id="23" lemma="|-lrb-|" pos="-LRB-" wid="23">-LRB-</w>
  <w id="24" lemma="|jn|" pos="NN" wid="24">Jn</w>
  <w id="25" lemma="|15:1|" pos="CD" wid="25">15:1</w>
  <w id="26" lemma="|-rrb-|" pos="-RRB-" wid="26">-RRB-</w>
  <w id="27" lemma="|.|" pos="." wid="27">.</w>
</sentence>
<sentence id="19">
  <w id="0" lemma="|and|" pos="CC" wid="0">And</w>
  <w id="1" lemma="|therefore|" pos="RB" wid="1">therefore</w>
  <w id="2" lemma="|,|" pos="," wid="2">,</w>
  <w id="3" lemma="|express|" pos="VBG" wid="3">expressing</w>
  <w id="4" lemma="|we|" pos="PRP$" wid="4">our</w>
  <w id="5" lemma="|respect|" pos="NN" wid="5">respect</w>
  <w id="6" lemma="|for|" pos="IN" wid="6">for</w>
  <w id="7" lemma="|all|" pos="DT" wid="7">all</w>
  <w id="8" lemma="|farm|" pos="NN" wid="8">farm</w>
  <w id="9" lemma="|worker|" pos="NNS" wid="9">workers</w>
  <w id="10" lemma="|in|" pos="IN" wid="10">in</w>
  <w id="11" lemma="|every|" pos="DT" wid="11">every</w>
  <w id="12" lemma="|country|" pos="NN" wid="12">country</w>
  <w id="13" lemma="|of|" pos="IN" wid="13">of</w>
  <w id="14" lemma="|the|" pos="DT" wid="14">the</w>
  <w id="15" lemma="|world|" pos="NN" wid="15">world</w>
  <w id="16" lemma="|,|" pos="," wid="16">,</w>
  <w id="17" lemma="|let|" pos="VB" wid="17">let</w>
  <w id="18" lemma="|we|" pos="PRP" wid="18">us</w>
  <w id="19" lemma="|pray|" pos="VB" wid="19">pray</w>
  <w id="20" lemma="|to|" pos="TO" wid="20">to</w>
  <w id="21" lemma="|God|" pos="NNP" wid="21">God</w>
  <w id="22" lemma="|''|" pos="''" wid="22">''</w>
  <w id="23" lemma="|the|" pos="DT" wid="23">the</w>
  <w id="24" lemma="|vinedresser|" pos="NN" wid="24">vinedresser</w>
  <w id="25" lemma="|''|" pos="''" wid="25">''</w>
  <w id="26" lemma="|,|" pos="," wid="26">,</w>
  <w id="27" lemma="|we|" pos="PRP$" wid="27">our</w>
  <w id="28" lemma="|heavenly|" pos="JJ" wid="28">heavenly</w>
  <w id="29" lemma="|Father|" pos="NNP" wid="29">Father</w>
  <w id="30" lemma="|,|" pos="," wid="30">,</w>
  <w id="31" lemma="|to|" pos="TO" wid="31">to</w>
  <w id="32" lemma="|bless|" pos="VB" wid="32">bless</w>
  <w id="33" lemma="|they|" pos="PRP$" wid="33">their</w>
  <w id="34" lemma="|work|" pos="NN" wid="34">work</w>
  <w id="35" lemma="|,|" pos="," wid="35">,</w>
  <w id="36" lemma="|protect|" pos="VB" wid="36">protect</w>
  <w id="37" lemma="|it|" pos="PRP" wid="37">it</w>
  <w id="38" lemma="|from|" pos="IN" wid="38">from</w>
  <w id="39" lemma="|natural|" pos="JJ" wid="39">natural</w>
  <w id="40" lemma="|calamity|" pos="NNS" wid="40">calamities</w>
  <w id="41" lemma="|which|" pos="WDT" wid="41">which</w>
  <w id="42" lemma="|can|" pos="MD" wid="42">can</w>
  <w id="43" lemma="|destroy|" pos="VB" wid="43">destroy</w>
  <w id="44" lemma="|its|" pos="PRP$" wid="44">its</w>
  <w id="45" lemma="|fruit|" pos="NN" wid="45">fruit</w>
  <w id="46" lemma="|,|" pos="," wid="46">,</w>
  <w id="47" lemma="|so|" pos="IN" wid="47">so</w>
  <w id="48" lemma="|that|" pos="IN" wid="48">that</w>
  <w id="49" lemma="|they|" pos="PRP" wid="49">they</w>
  <w id="50" lemma="|may|" pos="MD" wid="50">may</w>
  <w id="51" lemma="|be|" pos="VB" wid="51">be</w>
  <w id="52" lemma="|happy|" pos="JJ" wid="52">happy</w>
  <w id="53" lemma="|to|" pos="TO" wid="53">to</w>
  <w id="54" lemma="|serve|" pos="VB" wid="54">serve</w>
  <w id="55" lemma="|they|" pos="PRP$" wid="55">their</w>
  <w id="56" lemma="|neighbour|" pos="NN" wid="56">neighbour</w>
  <w id="57" lemma="|,|" pos="," wid="57">,</w>
  <w id="58" lemma="|supply|" pos="VBG" wid="58">supplying</w>
  <w id="59" lemma="|he|" pos="PRP" wid="59">him</w>
  <w id="60" lemma="|with|" pos="IN" wid="60">with</w>
  <w id="61" lemma="|the|" pos="DT" wid="61">the</w>
  <w id="62" lemma="|necessary|" pos="JJ" wid="62">necessary</w>
  <w id="63" lemma="|foodstuff|" pos="NNS" wid="63">foodstuffs</w>
  <w id="64" lemma="|.|" pos="." wid="64">.</w>
</sentence>
<sentence id="20">
  <w id="0" lemma="|and|" pos="CC" wid="0">And</w>
  <w id="1" lemma="|let|" pos="VB" wid="1">let</w>
  <w id="2" lemma="|we|" pos="PRP" wid="2">us</w>
  <w id="3" lemma="|also|" pos="RB" wid="3">also</w>
  <w id="4" lemma="|pray|" pos="VBP" wid="4">pray</w>
  <w id="5" lemma="|that|" pos="IN" wid="5">that</w>
  <w id="6" lemma="|he|" pos="PRP" wid="6">he</w>
  <w id="7" lemma="|may|" pos="MD" wid="7">may</w>
  <w id="8" lemma="|bless|" pos="VB" wid="8">bless</w>
  <w id="9" lemma="|the|" pos="DT" wid="9">the</w>
  <w id="10" lemma="|effort|" pos="NNS" wid="10">efforts</w>
  <w id="11" lemma="|of|" pos="IN" wid="11">of</w>
  <w id="12" lemma="|all|" pos="PDT" wid="12">all</w>
  <w id="13" lemma="|those|" pos="DT" wid="13">those</w>
  <w id="14" lemma="|engage|" pos="VBN" wid="14">engaged</w>
  <w id="15" lemma="|,|" pos="," wid="15">,</w>
  <w id="16" lemma="|at|" pos="IN" wid="16">at</w>
  <w id="17" lemma="|the|" pos="DT" wid="17">the</w>
  <w id="18" lemma="|national|" pos="JJ" wid="18">national</w>
  <w id="19" lemma="|and|" pos="CC" wid="19">and</w>
  <w id="20" lemma="|international|" pos="JJ" wid="20">international</w>
  <w id="21" lemma="|level|" pos="NN" wid="21">level</w>
  <w id="22" lemma="|,|" pos="," wid="22">,</w>
  <w id="23" lemma="|in|" pos="IN" wid="23">in</w>
  <w id="24" lemma="|the|" pos="DT" wid="24">the</w>
  <w id="25" lemma="|advancement|" pos="NN" wid="25">advancement</w>
  <w id="26" lemma="|and|" pos="CC" wid="26">and</w>
  <w id="27" lemma="|prosperity|" pos="NN" wid="27">prosperity</w>
  <w id="28" lemma="|of|" pos="IN" wid="28">of</w>
  <w id="29" lemma="|the|" pos="DT" wid="29">the</w>
  <w id="30" lemma="|rural|" pos="JJ" wid="30">rural</w>
  <w id="31" lemma="|world|" pos="NN" wid="31">world</w>
  <w id="32" lemma="|.|" pos="." wid="32">.</w>
</sentence>
<sentence id="21">
  <w id="0" lemma="|2|" pos="CD" wid="0">2</w>
  <w id="1" lemma="|.|" pos="." wid="1">.</w>
</sentence>
<sentence id="22">
  <w id="0" lemma="|I|" pos="PRP" wid="0">I</w>
  <w id="1" lemma="|call|" pos="VBP" wid="1">call</w>
  <w id="2" lemma="|upon|" pos="IN" wid="2">upon</w>
  <w id="3" lemma="|you|" pos="PRP" wid="3">you</w>
  <w id="4" lemma="|all|" pos="DT" wid="4">all</w>
  <w id="5" lemma="|to|" pos="TO" wid="5">to</w>
  <w id="6" lemma="|pray|" pos="VB" wid="6">pray</w>
  <w id="7" lemma="|for|" pos="IN" wid="7">for</w>
  <w id="8" lemma="|a|" pos="DT" wid="8">a</w>
  <w id="9" lemma="|country|" pos="NN" wid="9">country</w>
  <w id="10" lemma="|which|" pos="WDT" wid="10">which</w>
  <w id="11" lemma="|be|" pos="VBZ" wid="11">is</w>
  <w id="12" lemma="|live|" pos="VBG" wid="12">living</w>
  <w id="13" lemma="|day|" pos="NNS" wid="13">days</w>
  <w id="14" lemma="|of|" pos="IN" wid="14">of</w>
  <w id="15" lemma="|tragic|" pos="JJ" wid="15">tragic</w>
  <w id="16" lemma="|internal|" pos="JJ" wid="16">internal</w>
  <w id="17" lemma="|tension|" pos="NN" wid="17">tension</w>
  <w id="18" lemma="|,|" pos="," wid="18">,</w>
  <w id="19" lemma="|Nicaragua|" pos="NNP" wid="19">Nicaragua</w>
  <w id="20" lemma="|.|" pos="." wid="20">.</w>
</sentence>
<sentence id="23">
  <w id="0" lemma="|as|" pos="IN" wid="0">As</w>
  <w id="1" lemma="|Father|" pos="NNP" wid="1">Father</w>
  <w id="2" lemma="|of|" pos="IN" wid="2">of</w>
  <w id="3" lemma="|everyone|" pos="NN" wid="3">everyone</w>
  <w id="4" lemma="|,|" pos="," wid="4">,</w>
  <w id="5" lemma="|it|" pos="PRP" wid="5">it</w>
  <w id="6" lemma="|be|" pos="VBZ" wid="6">is</w>
  <w id="7" lemma="|incumbent|" pos="JJ" wid="7">incumbent</w>
  <w id="8" lemma="|on|" pos="IN" wid="8">on</w>
  <w id="9" lemma="|I|" pos="PRP" wid="9">me</w>
  <w id="10" lemma="|to|" pos="TO" wid="10">to</w>
  <w id="11" lemma="|appeal|" pos="VB" wid="11">appeal</w>
  <w id="12" lemma="|for|" pos="IN" wid="12">for</w>
  <w id="13" lemma="|peace|" pos="NN" wid="13">peace</w>
  <w id="14" lemma="|,|" pos="," wid="14">,</w>
  <w id="15" lemma="|to|" pos="TO" wid="15">to</w>
  <w id="16" lemma="|invoke|" pos="VB" wid="16">invoke</w>
  <w id="17" lemma="|solidarity|" pos="NN" wid="17">solidarity</w>
  <w id="18" lemma="|and|" pos="CC" wid="18">and</w>
  <w id="19" lemma="|aid|" pos="NN" wid="19">aid</w>
  <w id="20" lemma="|for|" pos="IN" wid="20">for</w>
  <w id="21" lemma="|the|" pos="DT" wid="21">the</w>
  <w id="22" lemma="|suffering|" pos="NN" wid="22">suffering</w>
  <w id="23" lemma="|people|" pos="NNS" wid="23">people</w>
  <w id="24" lemma="|,|" pos="," wid="24">,</w>
  <w id="25" lemma="|for|" pos="IN" wid="25">for</w>
  <w id="26" lemma="|the|" pos="DT" wid="26">the</w>
  <w id="27" lemma="|population|" pos="NN" wid="27">population</w>
  <w id="28" lemma="|which|" pos="WDT" wid="28">which</w>
  <w id="29" lemma="|have|" pos="VBZ" wid="29">has</w>
  <w id="30" lemma="|be|" pos="VBN" wid="30">been</w>
  <w id="31" lemma="|suffer|" pos="VBG" wid="31">suffering</w>
  <w id="32" lemma="|hardship|" pos="NNS" wid="32">hardships</w>
  <w id="33" lemma="|of|" pos="IN" wid="33">of</w>
  <w id="34" lemma="|every|" pos="DT" wid="34">every</w>
  <w id="35" lemma="|kind|" pos="NN" wid="35">kind</w>
  <w id="36" lemma="|for|" pos="IN" wid="36">for</w>
  <w id="37" lemma="|week|" pos="NNS" wid="37">weeks</w>
  <w id="38" lemma="|and|" pos="CC" wid="38">and</w>
  <w id="39" lemma="|week|" pos="NNS" wid="39">weeks</w>
  <w id="40" lemma="|and|" pos="CC" wid="40">and</w>
  <w id="41" lemma="|have|" pos="VBZ" wid="41">has</w>
  <w id="42" lemma="|now|" pos="RB" wid="42">now</w>
  <w id="43" lemma="|reach|" pos="VBN" wid="43">reached</w>
  <w id="44" lemma="|the|" pos="DT" wid="44">the</w>
  <w id="45" lemma="|limit|" pos="NNS" wid="45">limits</w>
  <w id="46" lemma="|of|" pos="IN" wid="46">of</w>
  <w id="47" lemma="|its|" pos="PRP$" wid="47">its</w>
  <w id="48" lemma="|physical|" pos="JJ" wid="48">physical</w>
  <w id="49" lemma="|and|" pos="CC" wid="49">and</w>
  <w id="50" lemma="|moral|" pos="JJ" wid="50">moral</w>
  <w id="51" lemma="|resistance|" pos="NN" wid="51">resistance</w>
  <w id="52" lemma="|.|" pos="." wid="52">.</w>
</sentence>
<sentence id="24">
  <w id="0" lemma="|my|" pos="PRP$" wid="0">My</w>
  <w id="1" lemma="|thought|" pos="NN" wid="1">thought</w>
  <w id="2" lemma="|go|" pos="VBZ" wid="2">goes</w>
  <w id="3" lemma="|to|" pos="TO" wid="3">to</w>
  <w id="4" lemma="|the|" pos="DT" wid="4">the</w>
  <w id="5" lemma="|many|" pos="JJ" wid="5">many</w>
  <w id="6" lemma="|,|" pos="," wid="6">,</w>
  <w id="7" lemma="|the|" pos="DT" wid="7">the</w>
  <w id="8" lemma="|too|" pos="RB" wid="8">too</w>
  <w id="9" lemma="|many|" pos="JJ" wid="9">many</w>
  <w id="10" lemma="|,|" pos="," wid="10">,</w>
  <w id="11" lemma="|death|" pos="NNS" wid="11">deaths</w>
  <w id="12" lemma="|which|" pos="WDT" wid="12">which</w>
  <w id="13" lemma="|the|" pos="DT" wid="13">the</w>
  <w id="14" lemma="|conflict|" pos="NN" wid="14">conflict</w>
  <w id="15" lemma="|between|" pos="IN" wid="15">between</w>
  <w id="16" lemma="|brother|" pos="NNS" wid="16">brothers</w>
  <w id="17" lemma="|be|" pos="VBZ" wid="17">is</w>
  <w id="18" lemma="|cause|" pos="VBG" wid="18">causing</w>
  <w id="19" lemma="|,|" pos="," wid="19">,</w>
  <w id="20" lemma="|and|" pos="CC" wid="20">and</w>
  <w id="21" lemma="|particularly|" pos="RB" wid="21">particularly</w>
  <w id="22" lemma="|to|" pos="TO" wid="22">to</w>
  <w id="23" lemma="|the|" pos="DT" wid="23">the</w>
  <w id="24" lemma="|helpless|" pos="JJ" wid="24">helpless</w>
  <w id="25" lemma="|and|" pos="CC" wid="25">and</w>
  <w id="26" lemma="|innocent|" pos="JJ" wid="26">innocent</w>
  <w id="27" lemma="|victim|" pos="NNS" wid="27">victims</w>
  <w id="28" lemma="|,|" pos="," wid="28">,</w>
  <w id="29" lemma="|among|" pos="IN" wid="29">among</w>
  <w id="30" lemma="|whom|" pos="WP" wid="30">whom</w>
  <w id="31" lemma="|there|" pos="EX" wid="31">there</w>
  <w id="32" lemma="|be|" pos="VBP" wid="32">are</w>
  <w id="33" lemma="|many|" pos="JJ" wid="33">many</w>
  <w id="34" lemma="|old|" pos="JJ" wid="34">old</w>
  <w id="35" lemma="|people|" pos="NNS" wid="35">people</w>
  <w id="36" lemma="|and|" pos="CC" wid="36">and</w>
  <w id="37" lemma="|child|" pos="NNS" wid="37">children</w>
  <w id="38" lemma="|;|" pos=":" wid="38">;</w>
  <w id="39" lemma="|without|" pos="IN" wid="39">without</w>
  <w id="40" lemma="|mention|" pos="VBG" wid="40">mentioning</w>
  <w id="41" lemma="|the|" pos="DT" wid="41">the</w>
  <w id="42" lemma="|looting|" pos="NN" wid="42">looting</w>
  <w id="43" lemma="|and|" pos="CC" wid="43">and</w>
  <w id="44" lemma="|destruction|" pos="NN" wid="44">destruction</w>
  <w id="45" lemma="|that|" pos="WDT" wid="45">that</w>
  <w id="46" lemma="|have|" pos="VBP" wid="46">have</w>
  <w id="47" lemma="|devastate|" pos="VBN" wid="47">devastated</w>
  <w id="48" lemma="|the|" pos="DT" wid="48">the</w>
  <w id="49" lemma="|main|" pos="JJ" wid="49">main</w>
  <w id="50" lemma="|city|" pos="NNS" wid="50">cities</w>
  <w id="51" lemma="|and|" pos="CC" wid="51">and</w>
  <w id="52" lemma="|other|" pos="JJ" wid="52">other</w>
  <w id="53" lemma="|town|" pos="NNS" wid="53">towns</w>
  <w id="54" lemma="|,|" pos="," wid="54">,</w>
  <w id="55" lemma="|the|" pos="DT" wid="55">the</w>
  <w id="56" lemma="|grow|" pos="VBG" wid="56">growing</w>
  <w id="57" lemma="|shortage|" pos="NN" wid="57">shortage</w>
  <w id="58" lemma="|of|" pos="IN" wid="58">of</w>
  <w id="59" lemma="|food|" pos="NN" wid="59">food</w>
  <w id="60" lemma="|,|" pos="," wid="60">,</w>
  <w id="61" lemma="|medicine|" pos="NNS" wid="61">medicines</w>
  <w id="62" lemma="|and|" pos="CC" wid="62">and</w>
  <w id="63" lemma="|essential|" pos="JJ" wid="63">essential</w>
  <w id="64" lemma="|aid|" pos="NN" wid="64">aid</w>
  <w id="65" lemma="|.|" pos="." wid="65">.</w>
</sentence>
<sentence id="25">
  <w id="0" lemma="|such|" pos="JJ" wid="0">Such</w>
  <w id="1" lemma="|a|" pos="DT" wid="1">a</w>
  <w id="2" lemma="|dramatic|" pos="JJ" wid="2">dramatic</w>
  <w id="3" lemma="|situation|" pos="NN" wid="3">situation</w>
  <w id="4" lemma="|--|" pos=":" wid="4">--</w>
  <w id="5" lemma="|which|" pos="WDT" wid="5">which</w>
  <w id="6" lemma="|recall|" pos="VBZ" wid="6">recalls</w>
  <w id="7" lemma="|the|" pos="DT" wid="7">the</w>
  <w id="8" lemma="|not|" pos="RB" wid="8">not</w>
  <w id="9" lemma="|far|" pos="RB" wid="9">far</w>
  <w id="10" lemma="|distant|" pos="JJ" wid="10">distant</w>
  <w id="11" lemma="|day|" pos="NNS" wid="11">days</w>
  <w id="12" lemma="|of|" pos="IN" wid="12">of</w>
  <w id="13" lemma="|the|" pos="DT" wid="13">the</w>
  <w id="14" lemma="|terrible|" pos="JJ" wid="14">terrible</w>
  <w id="15" lemma="|earthquake|" pos="NN" wid="15">earthquake</w>
  <w id="16" lemma="|,|" pos="," wid="16">,</w>
  <w id="17" lemma="|with|" pos="IN" wid="17">with</w>
  <w id="18" lemma="|the|" pos="DT" wid="18">the</w>
  <w id="19" lemma="|aggravate|" pos="VBG" wid="19">aggravating</w>
  <w id="20" lemma="|circumstance|" pos="NN" wid="20">circumstance</w>
  <w id="21" lemma="|that|" pos="IN" wid="21">that</w>
  <w id="22" lemma="|now|" pos="RB" wid="22">now</w>
  <w id="23" lemma="|it|" pos="PRP" wid="23">it</w>
  <w id="24" lemma="|be|" pos="VBZ" wid="24">is</w>
  <w id="25" lemma="|not|" pos="RB" wid="25">not</w>
  <w id="26" lemma="|just|" pos="RB" wid="26">just</w>
  <w id="27" lemma="|destruction|" pos="NN" wid="27">destruction</w>
  <w id="28" lemma="|but|" pos="CC" wid="28">but</w>
  <w id="29" lemma="|the|" pos="DT" wid="29">the</w>
  <w id="30" lemma="|hatred|" pos="NN" wid="30">hatred</w>
  <w id="31" lemma="|and|" pos="CC" wid="31">and</w>
  <w id="32" lemma="|division|" pos="NNS" wid="32">divisions</w>
  <w id="33" lemma="|which|" pos="WDT" wid="33">which</w>
  <w id="34" lemma="|the|" pos="DT" wid="34">the</w>
  <w id="35" lemma="|struggle|" pos="NN" wid="35">struggle</w>
  <w id="36" lemma="|be|" pos="VBZ" wid="36">is</w>
  <w id="37" lemma="|continually|" pos="RB" wid="37">continually</w>
  <w id="38" lemma="|increase|" pos="VBG" wid="38">increasing</w>
  <w id="39" lemma="|,|" pos="," wid="39">,</w>
  <w id="40" lemma="|that|" pos="WDT" wid="40">that</w>
  <w id="41" lemma="|weigh|" pos="VBP" wid="41">weigh</w>
  <w id="42" lemma="|on|" pos="IN" wid="42">on</w>
  <w id="43" lemma="|soul|" pos="NNS" wid="43">souls</w>
  <w id="44" lemma="|--|" pos=":" wid="44">--</w>
  <w id="45" lemma="|must|" pos="MD" wid="45">must</w>
  <w id="46" lemma="|already|" pos="RB" wid="46">already</w>
  <w id="47" lemma="|stimulate|" pos="VB" wid="47">stimulate</w>
  <w id="48" lemma="|we|" pos="PRP$" wid="48">our</w>
  <w id="49" lemma="|ardent|" pos="JJ" wid="49">ardent</w>
  <w id="50" lemma="|invocation|" pos="NN" wid="50">invocation</w>
  <w id="51" lemma="|to|" pos="TO" wid="51">to</w>
  <w id="52" lemma="|the|" pos="DT" wid="52">the</w>
  <w id="53" lemma="|Lord|" pos="NNP" wid="53">Lord</w>
  <w id="54" lemma="|that|" pos="IN" wid="54">that</w>
  <w id="55" lemma="|Nicaragua|" pos="NNP" wid="55">Nicaragua</w>
  <w id="56" lemma="|may|" pos="MD" wid="56">may</w>
  <w id="57" lemma="|be|" pos="VB" wid="57">be</w>
  <w id="58" lemma="|spare|" pos="VBN" wid="58">spared</w>
  <w id="59" lemma="|other|" pos="JJ" wid="59">other</w>
  <w id="60" lemma="|day|" pos="NNS" wid="60">days</w>
  <w id="61" lemma="|of|" pos="IN" wid="61">of</w>
  <w id="62" lemma="|suffering|" pos="NN" wid="62">suffering</w>
  <w id="63" lemma="|and|" pos="CC" wid="63">and</w>
  <w id="64" lemma="|that|" pos="IN" wid="64">that</w>
  <w id="65" lemma="|,|" pos="," wid="65">,</w>
  <w id="66" lemma="|with|" pos="IN" wid="66">with</w>
  <w id="67" lemma="|goodwill|" pos="NN" wid="67">goodwill</w>
  <w id="68" lemma="|,|" pos="," wid="68">,</w>
  <w id="69" lemma="|a|" pos="DT" wid="69">a</w>
  <w id="70" lemma="|solution|" pos="NN" wid="70">solution</w>
  <w id="71" lemma="|of|" pos="IN" wid="71">of</w>
  <w id="72" lemma="|justice|" pos="NN" wid="72">justice</w>
  <w id="73" lemma="|and|" pos="CC" wid="73">and</w>
  <w id="74" lemma="|true|" pos="JJ" wid="74">true</w>
  <w id="75" lemma="|social|" pos="JJ" wid="75">social</w>
  <w id="76" lemma="|peace|" pos="NN" wid="76">peace</w>
  <w id="77" lemma="|may|" pos="MD" wid="77">may</w>
  <w id="78" lemma="|be|" pos="VB" wid="78">be</w>
  <w id="79" lemma="|find|" pos="VBN" wid="79">found</w>
  <w id="80" lemma="|.|" pos="." wid="80">.</w>
</sentence>
<sentence id="26">
  <w id="0" lemma="|©|" pos="NNP" wid="0">©</w>
  <w id="1" lemma="|Copyright|" pos="NNP" wid="1">Copyright</w>
  <w id="2" lemma="|1979|" pos="CD" wid="2">1979</w>
  <w id="3" lemma="|-|" pos=":" wid="3">-</w>
  <w id="4" lemma="|Libreria|" pos="NNP" wid="4">Libreria</w>
  <w id="5" lemma="|Editrice|" pos="NNP" wid="5">Editrice</w>
  <w id="6" lemma="|Vaticana|" pos="NNP" wid="6">Vaticana</w>
</sentence>
</corpus>