<corpus id="0">
<sentence id="0">
  <w id="0" lemma="|Dear|" pos="NNP" wid="0">Dear</w>
  <w id="1" lemma="|Brothers|" pos="NNPS" wid="1">Brothers</w>
  <w id="2" lemma="|and|" pos="CC" wid="2">and</w>
  <w id="3" lemma="|sister|" pos="NNS" wid="3">Sisters</w>
  <w id="4" lemma="|,|" pos="," wid="4">,</w>
  <w id="5" lemma="|1|" pos="CD" wid="5">1</w>
  <w id="6" lemma="|.|" pos="." wid="6">.</w>
</sentence>
<sentence id="1">
  <w id="0" lemma="|in|" pos="IN" wid="0">In</w>
  <w id="1" lemma="|many|" pos="JJ" wid="1">many</w>
  <w id="2" lemma="|country|" pos="NNS" wid="2">countries</w>
  <w id="3" lemma="|,|" pos="," wid="3">,</w>
  <w id="4" lemma="|include|" pos="VBG" wid="4">including</w>
  <w id="5" lemma="|Italy|" pos="NNP" wid="5">Italy</w>
  <w id="6" lemma="|,|" pos="," wid="6">,</w>
  <w id="7" lemma="|the|" pos="DT" wid="7">the</w>
  <w id="8" lemma="|solemnity|" pos="NN" wid="8">Solemnity</w>
  <w id="9" lemma="|of|" pos="IN" wid="9">of</w>
  <w id="10" lemma="|Christ|" pos="NNP" wid="10">Christ</w>
  <w id="11" lemma="|'s|" pos="POS" wid="11">'s</w>
  <w id="12" lemma="|Ascension|" pos="NNP" wid="12">Ascension</w>
  <w id="13" lemma="|have|" pos="VBZ" wid="13">has</w>
  <w id="14" lemma="|be|" pos="VBN" wid="14">been</w>
  <w id="15" lemma="|move|" pos="VBN" wid="15">moved</w>
  <w id="16" lemma="|back|" pos="RB" wid="16">back</w>
  <w id="17" lemma="|to|" pos="TO" wid="17">to</w>
  <w id="18" lemma="|Sunday|" pos="NNP" wid="18">Sunday</w>
  <w id="19" lemma="|.|" pos="." wid="19">.</w>
</sentence>
<sentence id="2">
  <w id="0" lemma="|with|" pos="IN" wid="0">With</w>
  <w id="1" lemma="|this|" pos="DT" wid="1">this</w>
  <w id="2" lemma="|feast|" pos="NN" wid="2">feast</w>
  <w id="3" lemma="|we|" pos="PRP" wid="3">we</w>
  <w id="4" lemma="|remember|" pos="VBP" wid="4">remember</w>
  <w id="5" lemma="|that|" pos="IN" wid="5">that</w>
  <w id="6" lemma="|after|" pos="IN" wid="6">after</w>
  <w id="7" lemma="|he|" pos="PRP$" wid="7">his</w>
  <w id="8" lemma="|resurrection|" pos="NN" wid="8">Resurrection</w>
  <w id="9" lemma="|,|" pos="," wid="9">,</w>
  <w id="10" lemma="|Jesus|" pos="NNP" wid="10">Jesus</w>
  <w id="11" lemma="|present|" pos="VBD" wid="11">presented</w>
  <w id="12" lemma="|himself|" pos="PRP" wid="12">himself</w>
  <w id="13" lemma="|alive|" pos="JJ" wid="13">alive</w>
  <w id="14" lemma="|to|" pos="TO" wid="14">to</w>
  <w id="15" lemma="|the|" pos="DT" wid="15">the</w>
  <w id="16" lemma="|disciple|" pos="NNS" wid="16">disciples</w>
  <w id="17" lemma="|for|" pos="IN" wid="17">for</w>
  <w id="18" lemma="|40|" pos="CD" wid="18">40</w>
  <w id="19" lemma="|day|" pos="NNS" wid="19">days</w>
  <w id="20" lemma="|-lrb-|" pos="-LRB-" wid="20">-LRB-</w>
  <w id="21" lemma="|act|" pos="NNS" wid="21">Acts</w>
  <w id="22" lemma="|1,3|" pos="CD" wid="22">1,3</w>
  <w id="23" lemma="|-rrb-|" pos="-RRB-" wid="23">-RRB-</w>
  <w id="24" lemma="|,|" pos="," wid="24">,</w>
  <w id="25" lemma="|at|" pos="IN" wid="25">at</w>
  <w id="26" lemma="|the|" pos="DT" wid="26">the</w>
  <w id="27" lemma="|end|" pos="NN" wid="27">end</w>
  <w id="28" lemma="|of|" pos="IN" wid="28">of</w>
  <w id="29" lemma="|which|" pos="WDT" wid="29">which</w>
  <w id="30" lemma="|,|" pos="," wid="30">,</w>
  <w id="31" lemma="|have|" pos="VBG" wid="31">having</w>
  <w id="32" lemma="|lead|" pos="VBD" wid="32">led</w>
  <w id="33" lemma="|they|" pos="PRP" wid="33">them</w>
  <w id="34" lemma="|to|" pos="TO" wid="34">to</w>
  <w id="35" lemma="|the|" pos="DT" wid="35">the</w>
  <w id="36" lemma="|Mount|" pos="NNP" wid="36">Mount</w>
  <w id="37" lemma="|of|" pos="IN" wid="37">of</w>
  <w id="38" lemma="|Olives|" pos="NNP" wid="38">Olives</w>
  <w id="39" lemma="|,|" pos="," wid="39">,</w>
  <w id="40" lemma="|``|" pos="``" wid="40">``</w>
  <w id="41" lemma="|he|" pos="PRP" wid="41">he</w>
  <w id="42" lemma="|be|" pos="VBD" wid="42">was</w>
  <w id="43" lemma="|lift|" pos="VBN" wid="43">lifted</w>
  <w id="44" lemma="|up|" pos="RP" wid="44">up</w>
  <w id="45" lemma="|before|" pos="IN" wid="45">before</w>
  <w id="46" lemma="|they|" pos="PRP$" wid="46">their</w>
  <w id="47" lemma="|eye|" pos="NNS" wid="47">eyes</w>
  <w id="48" lemma="|and|" pos="CC" wid="48">and</w>
  <w id="49" lemma="|a|" pos="DT" wid="49">a</w>
  <w id="50" lemma="|cloud|" pos="NN" wid="50">cloud</w>
  <w id="51" lemma="|take|" pos="VBD" wid="51">took</w>
  <w id="52" lemma="|he|" pos="PRP" wid="52">him</w>
  <w id="53" lemma="|from|" pos="IN" wid="53">from</w>
  <w id="54" lemma="|they|" pos="PRP$" wid="54">their</w>
  <w id="55" lemma="|sight|" pos="NN" wid="55">sight</w>
  <w id="56" lemma="|''|" pos="''" wid="56">''</w>
  <w id="57" lemma="|-lrb-|" pos="-LRB-" wid="57">-LRB-</w>
  <w id="58" lemma="|act|" pos="NNS" wid="58">Acts</w>
  <w id="59" lemma="|1,9|" pos="CD" wid="59">1,9</w>
  <w id="60" lemma="|-rrb-|" pos="-RRB-" wid="60">-RRB-</w>
  <w id="61" lemma="|.|" pos="." wid="61">.</w>
</sentence>
<sentence id="3">
  <w id="0" lemma="|Risen|" pos="NNP" wid="0">Risen</w>
  <w id="1" lemma="|and|" pos="CC" wid="1">and</w>
  <w id="2" lemma="|ascend|" pos="VBD" wid="2">ascended</w>
  <w id="3" lemma="|into|" pos="IN" wid="3">into</w>
  <w id="4" lemma="|heaven|" pos="NN" wid="4">heaven</w>
  <w id="5" lemma="|,|" pos="," wid="5">,</w>
  <w id="6" lemma="|we|" pos="PRP$" wid="6">our</w>
  <w id="7" lemma="|Redeemer|" pos="NNP" wid="7">Redeemer</w>
  <w id="8" lemma="|be|" pos="VBZ" wid="8">is</w>
  <w id="9" lemma="|the|" pos="DT" wid="9">the</w>
  <w id="10" lemma="|anchor|" pos="NN" wid="10">anchor</w>
  <w id="11" lemma="|of|" pos="IN" wid="11">of</w>
  <w id="12" lemma="|salvation|" pos="NN" wid="12">salvation</w>
  <w id="13" lemma="|and|" pos="CC" wid="13">and</w>
  <w id="14" lemma="|support|" pos="NN" wid="14">support</w>
  <w id="15" lemma="|for|" pos="IN" wid="15">for</w>
  <w id="16" lemma="|believer|" pos="NNS" wid="16">believers</w>
  <w id="17" lemma="|in|" pos="IN" wid="17">in</w>
  <w id="18" lemma="|they|" pos="PRP$" wid="18">their</w>
  <w id="19" lemma="|daily|" pos="JJ" wid="19">daily</w>
  <w id="20" lemma="|dedication|" pos="NN" wid="20">dedication</w>
  <w id="21" lemma="|to|" pos="TO" wid="21">to</w>
  <w id="22" lemma="|serve|" pos="VB" wid="22">serve</w>
  <w id="23" lemma="|truth|" pos="NN" wid="23">truth</w>
  <w id="24" lemma="|,|" pos="," wid="24">,</w>
  <w id="25" lemma="|peace|" pos="NN" wid="25">peace</w>
  <w id="26" lemma="|,|" pos="," wid="26">,</w>
  <w id="27" lemma="|justice|" pos="NN" wid="27">justice</w>
  <w id="28" lemma="|and|" pos="CC" wid="28">and</w>
  <w id="29" lemma="|freedom|" pos="NN" wid="29">freedom</w>
  <w id="30" lemma="|.|" pos="." wid="30">.</w>
</sentence>
<sentence id="4">
  <w id="0" lemma="|in|" pos="IN" wid="0">In</w>
  <w id="1" lemma="|ascend|" pos="VBG" wid="1">ascending</w>
  <w id="2" lemma="|to|" pos="TO" wid="2">to</w>
  <w id="3" lemma="|heaven|" pos="NN" wid="3">heaven</w>
  <w id="4" lemma="|,|" pos="," wid="4">,</w>
  <w id="5" lemma="|he|" pos="PRP" wid="5">he</w>
  <w id="6" lemma="|reopen|" pos="VBZ" wid="6">reopens</w>
  <w id="7" lemma="|for|" pos="IN" wid="7">for</w>
  <w id="8" lemma="|we|" pos="PRP" wid="8">us</w>
  <w id="9" lemma="|the|" pos="DT" wid="9">the</w>
  <w id="10" lemma="|way|" pos="NN" wid="10">way</w>
  <w id="11" lemma="|to|" pos="TO" wid="11">to</w>
  <w id="12" lemma="|we|" pos="PRP$" wid="12">our</w>
  <w id="13" lemma="|bless|" pos="VBN" wid="13">blessed</w>
  <w id="14" lemma="|homeland|" pos="NN" wid="14">homeland</w>
  <w id="15" lemma="|,|" pos="," wid="15">,</w>
  <w id="16" lemma="|not|" pos="RB" wid="16">not</w>
  <w id="17" lemma="|to|" pos="TO" wid="17">to</w>
  <w id="18" lemma="|alienate|" pos="VB" wid="18">alienate</w>
  <w id="19" lemma="|we|" pos="PRP" wid="19">us</w>
  <w id="20" lemma="|from|" pos="IN" wid="20">from</w>
  <w id="21" lemma="|history|" pos="NN" wid="21">history</w>
  <w id="22" lemma="|but|" pos="CC" wid="22">but</w>
  <w id="23" lemma="|to|" pos="TO" wid="23">to</w>
  <w id="24" lemma="|give|" pos="VB" wid="24">give</w>
  <w id="25" lemma="|the|" pos="DT" wid="25">the</w>
  <w id="26" lemma="|greatest|" pos="JJS" wid="26">greatest</w>
  <w id="27" lemma="|hope|" pos="NN" wid="27">hope</w>
  <w id="28" lemma="|to|" pos="TO" wid="28">to</w>
  <w id="29" lemma="|we|" pos="PRP$" wid="29">our</w>
  <w id="30" lemma="|journey|" pos="NN" wid="30">journey</w>
  <w id="31" lemma="|.|" pos="." wid="31">.</w>
</sentence>
<sentence id="5">
  <w id="0" lemma="|2|" pos="CD" wid="0">2</w>
  <w id="1" lemma="|.|" pos="." wid="1">.</w>
</sentence>
<sentence id="6">
  <w id="0" lemma="|indeed|" pos="RB" wid="0">Indeed</w>
  <w id="1" lemma="|,|" pos="," wid="1">,</w>
  <w id="2" lemma="|every|" pos="DT" wid="2">every</w>
  <w id="3" lemma="|day|" pos="NN" wid="3">day</w>
  <w id="4" lemma="|we|" pos="PRP" wid="4">we</w>
  <w id="5" lemma="|have|" pos="VBP" wid="5">have</w>
  <w id="6" lemma="|to|" pos="TO" wid="6">to</w>
  <w id="7" lemma="|deal|" pos="VB" wid="7">deal</w>
  <w id="8" lemma="|with|" pos="IN" wid="8">with</w>
  <w id="9" lemma="|the|" pos="DT" wid="9">the</w>
  <w id="10" lemma="|reality|" pos="NNS" wid="10">realities</w>
  <w id="11" lemma="|of|" pos="IN" wid="11">of</w>
  <w id="12" lemma="|this|" pos="DT" wid="12">this</w>
  <w id="13" lemma="|world|" pos="NN" wid="13">world</w>
  <w id="14" lemma="|.|" pos="." wid="14">.</w>
</sentence>
<sentence id="7">
  <w id="0" lemma="|the|" pos="DT" wid="0">The</w>
  <w id="1" lemma="|World|" pos="NNP" wid="1">World</w>
  <w id="2" lemma="|Day|" pos="NNP" wid="2">Day</w>
  <w id="3" lemma="|of|" pos="IN" wid="3">of</w>
  <w id="4" lemma="|Social|" pos="NNP" wid="4">Social</w>
  <w id="5" lemma="|Communications|" pos="NNPS" wid="5">Communications</w>
  <w id="6" lemma="|that|" pos="IN" wid="6">that</w>
  <w id="7" lemma="|we|" pos="PRP" wid="7">we</w>
  <w id="8" lemma="|celebrate|" pos="VBP" wid="8">celebrate</w>
  <w id="9" lemma="|today|" pos="NN" wid="9">today</w>
  <w id="10" lemma="|remind|" pos="VBZ" wid="10">reminds</w>
  <w id="11" lemma="|we|" pos="PRP" wid="11">us</w>
  <w id="12" lemma="|of|" pos="IN" wid="12">of</w>
  <w id="13" lemma="|this|" pos="DT" wid="13">this</w>
  <w id="14" lemma="|fact|" pos="NN" wid="14">fact</w>
  <w id="15" lemma="|.|" pos="." wid="15">.</w>
</sentence>
<sentence id="8">
  <w id="0" lemma="|the|" pos="DT" wid="0">The</w>
  <w id="1" lemma="|most|" pos="RBS" wid="1">most</w>
  <w id="2" lemma="|recent|" pos="JJ" wid="2">recent</w>
  <w id="3" lemma="|breakthrough|" pos="NNS" wid="3">breakthroughs</w>
  <w id="4" lemma="|in|" pos="IN" wid="4">in</w>
  <w id="5" lemma="|communication|" pos="NNS" wid="5">communications</w>
  <w id="6" lemma="|and|" pos="CC" wid="6">and</w>
  <w id="7" lemma="|information|" pos="NN" wid="7">information</w>
  <w id="8" lemma="|have|" pos="VBP" wid="8">have</w>
  <w id="9" lemma="|place|" pos="VBN" wid="9">placed</w>
  <w id="10" lemma="|the|" pos="DT" wid="10">the</w>
  <w id="11" lemma="|Church|" pos="NNP" wid="11">Church</w>
  <w id="12" lemma="|before|" pos="IN" wid="12">before</w>
  <w id="13" lemma="|unheard-of|" pos="JJ" wid="13">unheard-of</w>
  <w id="14" lemma="|possibility|" pos="NNS" wid="14">possibilities</w>
  <w id="15" lemma="|for|" pos="IN" wid="15">for</w>
  <w id="16" lemma="|evangelization|" pos="NN" wid="16">evangelization</w>
  <w id="17" lemma="|.|" pos="." wid="17">.</w>
</sentence>
<sentence id="9">
  <w id="0" lemma="|keep|" pos="VBG" wid="0">Keeping</w>
  <w id="1" lemma="|this|" pos="DT" wid="1">this</w>
  <w id="2" lemma="|fact|" pos="NN" wid="2">fact</w>
  <w id="3" lemma="|in|" pos="IN" wid="3">in</w>
  <w id="4" lemma="|mind|" pos="NN" wid="4">mind</w>
  <w id="5" lemma="|,|" pos="," wid="5">,</w>
  <w id="6" lemma="|I|" pos="PRP" wid="6">I</w>
  <w id="7" lemma="|think|" pos="VBD" wid="7">thought</w>
  <w id="8" lemma="|this|" pos="DT" wid="8">this</w>
  <w id="9" lemma="|year|" pos="NN" wid="9">year</w>
  <w id="10" lemma="|the|" pos="DT" wid="10">the</w>
  <w id="11" lemma="|relevant|" pos="JJ" wid="11">relevant</w>
  <w id="12" lemma="|theme|" pos="NN" wid="12">theme</w>
  <w id="13" lemma="|to|" pos="TO" wid="13">to</w>
  <w id="14" lemma="|propose|" pos="VB" wid="14">propose</w>
  <w id="15" lemma="|should|" pos="MD" wid="15">should</w>
  <w id="16" lemma="|be|" pos="VB" wid="16">be</w>
  <w id="17" lemma="|:|" pos=":" wid="17">:</w>
  <w id="18" lemma="|``|" pos="``" wid="18">``</w>
  <w id="19" lemma="|Internet|" pos="NNP" wid="19">Internet</w>
  <w id="20" lemma="|:|" pos=":" wid="20">:</w>
  <w id="21" lemma="|a|" pos="DT" wid="21">a</w>
  <w id="22" lemma="|New|" pos="NNP" wid="22">New</w>
  <w id="23" lemma="|Forum|" pos="NNP" wid="23">Forum</w>
  <w id="24" lemma="|for|" pos="IN" wid="24">for</w>
  <w id="25" lemma="|propose|" pos="VBG" wid="25">Proposing</w>
  <w id="26" lemma="|the|" pos="DT" wid="26">the</w>
  <w id="27" lemma="|Gospel|" pos="NNP" wid="27">Gospel</w>
  <w id="28" lemma="|''|" pos="''" wid="28">''</w>
  <w id="29" lemma="|.|" pos="." wid="29">.</w>
</sentence>
<sentence id="10">
  <w id="0" lemma="|with|" pos="IN" wid="0">With</w>
  <w id="1" lemma="|realism|" pos="NN" wid="1">realism</w>
  <w id="2" lemma="|and|" pos="CC" wid="2">and</w>
  <w id="3" lemma="|confidence|" pos="NN" wid="3">confidence</w>
  <w id="4" lemma="|we|" pos="PRP" wid="4">we</w>
  <w id="5" lemma="|must|" pos="MD" wid="5">must</w>
  <w id="6" lemma="|deal|" pos="VB" wid="6">deal</w>
  <w id="7" lemma="|with|" pos="IN" wid="7">with</w>
  <w id="8" lemma="|this|" pos="DT" wid="8">this</w>
  <w id="9" lemma="|modern|" pos="JJ" wid="9">modern</w>
  <w id="10" lemma="|and|" pos="CC" wid="10">and</w>
  <w id="11" lemma="|ever|" pos="RB" wid="11">ever</w>
  <w id="12" lemma="|denser|" pos="JJR" wid="12">denser</w>
  <w id="13" lemma="|network|" pos="NN" wid="13">network</w>
  <w id="14" lemma="|of|" pos="IN" wid="14">of</w>
  <w id="15" lemma="|communcation|" pos="NNS" wid="15">communcations</w>
  <w id="16" lemma="|,|" pos="," wid="16">,</w>
  <w id="17" lemma="|convince|" pos="VBN" wid="17">convinced</w>
  <w id="18" lemma="|that|" pos="IN" wid="18">that</w>
  <w id="19" lemma="|if|" pos="IN" wid="19">if</w>
  <w id="20" lemma="|use|" pos="VBN" wid="20">used</w>
  <w id="21" lemma="|competently|" pos="RB" wid="21">competently</w>
  <w id="22" lemma="|and|" pos="CC" wid="22">and</w>
  <w id="23" lemma="|with|" pos="IN" wid="23">with</w>
  <w id="24" lemma="|a|" pos="DT" wid="24">a</w>
  <w id="25" lemma="|sense|" pos="NN" wid="25">sense</w>
  <w id="26" lemma="|of|" pos="IN" wid="26">of</w>
  <w id="27" lemma="|responsibility|" pos="NN" wid="27">responsibility</w>
  <w id="28" lemma="|,|" pos="," wid="28">,</w>
  <w id="29" lemma="|it|" pos="PRP" wid="29">it</w>
  <w id="30" lemma="|can|" pos="MD" wid="30">can</w>
  <w id="31" lemma="|offer|" pos="VB" wid="31">offer</w>
  <w id="32" lemma="|valid|" pos="JJ" wid="32">valid</w>
  <w id="33" lemma="|opportunity|" pos="NNS" wid="33">opportunities</w>
  <w id="34" lemma="|for|" pos="IN" wid="34">for</w>
  <w id="35" lemma="|the|" pos="DT" wid="35">the</w>
  <w id="36" lemma="|spread|" pos="NN" wid="36">spread</w>
  <w id="37" lemma="|of|" pos="IN" wid="37">of</w>
  <w id="38" lemma="|the|" pos="DT" wid="38">the</w>
  <w id="39" lemma="|Gospel|" pos="NNP" wid="39">Gospel</w>
  <w id="40" lemma="|message|" pos="NN" wid="40">message</w>
  <w id="41" lemma="|.|" pos="." wid="41">.</w>
</sentence>
<sentence id="11">
  <w id="0" lemma="|so|" pos="RB" wid="0">So</w>
  <w id="1" lemma="|do|" pos="VBP" wid="1">do</w>
  <w id="2" lemma="|not|" pos="RB" wid="2">not</w>
  <w id="3" lemma="|be|" pos="VB" wid="3">be</w>
  <w id="4" lemma="|afraid|" pos="JJ" wid="4">afraid</w>
  <w id="5" lemma="|to|" pos="TO" wid="5">to</w>
  <w id="6" lemma="|``|" pos="``" wid="6">``</w>
  <w id="7" lemma="|put|" pos="VB" wid="7">put</w>
  <w id="8" lemma="|out|" pos="RP" wid="8">out</w>
  <w id="9" lemma="|into|" pos="IN" wid="9">into</w>
  <w id="10" lemma="|the|" pos="DT" wid="10">the</w>
  <w id="11" lemma="|deep|" pos="JJ" wid="11">deep</w>
  <w id="12" lemma="|''|" pos="''" wid="12">''</w>
  <w id="13" lemma="|into|" pos="IN" wid="13">into</w>
  <w id="14" lemma="|the|" pos="DT" wid="14">the</w>
  <w id="15" lemma="|vast|" pos="JJ" wid="15">vast</w>
  <w id="16" lemma="|ocean|" pos="NN" wid="16">ocean</w>
  <w id="17" lemma="|of|" pos="IN" wid="17">of</w>
  <w id="18" lemma="|information|" pos="NN" wid="18">information</w>
  <w id="19" lemma="|technology|" pos="NN" wid="19">technology</w>
  <w id="20" lemma="|.|" pos="." wid="20">.</w>
</sentence>
<sentence id="12">
  <w id="0" lemma="|by|" pos="IN" wid="0">By</w>
  <w id="1" lemma="|use|" pos="VBG" wid="1">using</w>
  <w id="2" lemma="|it|" pos="PRP" wid="2">it</w>
  <w id="3" lemma="|we|" pos="PRP" wid="3">we</w>
  <w id="4" lemma="|can|" pos="MD" wid="4">can</w>
  <w id="5" lemma="|make|" pos="VB" wid="5">make</w>
  <w id="6" lemma="|the|" pos="DT" wid="6">the</w>
  <w id="7" lemma="|Good|" pos="NNP" wid="7">Good</w>
  <w id="8" lemma="|News|" pos="NNP" wid="8">News</w>
  <w id="9" lemma="|reach|" pos="VB" wid="9">reach</w>
  <w id="10" lemma="|the|" pos="DT" wid="10">the</w>
  <w id="11" lemma="|heart|" pos="NNS" wid="11">hearts</w>
  <w id="12" lemma="|of|" pos="IN" wid="12">of</w>
  <w id="13" lemma="|the|" pos="DT" wid="13">the</w>
  <w id="14" lemma="|man|" pos="NNS" wid="14">men</w>
  <w id="15" lemma="|and|" pos="CC" wid="15">and</w>
  <w id="16" lemma="|woman|" pos="NNS" wid="16">women</w>
  <w id="17" lemma="|of|" pos="IN" wid="17">of</w>
  <w id="18" lemma="|the|" pos="DT" wid="18">the</w>
  <w id="19" lemma="|new|" pos="JJ" wid="19">new</w>
  <w id="20" lemma="|millennium|" pos="NNP" wid="20">millennium</w>
  <w id="21" lemma="|.|" pos="." wid="21">.</w>
</sentence>
<sentence id="13">
  <w id="0" lemma="|3|" pos="LS" wid="0">3</w>
  <w id="1" lemma="|.|" pos="." wid="1">.</w>
</sentence>
<sentence id="14">
  <w id="0" lemma="|we|" pos="PRP" wid="0">We</w>
  <w id="1" lemma="|must|" pos="MD" wid="1">must</w>
  <w id="2" lemma="|never|" pos="RB" wid="2">never</w>
  <w id="3" lemma="|forget|" pos="VB" wid="3">forget</w>
  <w id="4" lemma="|that|" pos="IN" wid="4">that</w>
  <w id="5" lemma="|the|" pos="DT" wid="5">the</w>
  <w id="6" lemma="|secret|" pos="NN" wid="6">secret</w>
  <w id="7" lemma="|of|" pos="IN" wid="7">of</w>
  <w id="8" lemma="|every|" pos="DT" wid="8">every</w>
  <w id="9" lemma="|apostolic|" pos="JJ" wid="9">apostolic</w>
  <w id="10" lemma="|action|" pos="NN" wid="10">action</w>
  <w id="11" lemma="|be|" pos="VBZ" wid="11">is</w>
  <w id="12" lemma="|above|" pos="IN" wid="12">above</w>
  <w id="13" lemma="|all|" pos="DT" wid="13">all</w>
  <w id="14" lemma="|prayer|" pos="NN" wid="14">prayer</w>
  <w id="15" lemma="|.|" pos="." wid="15">.</w>
</sentence>
<sentence id="15">
  <w id="0" lemma="|indeed|" pos="RB" wid="0">Indeed</w>
  <w id="1" lemma="|,|" pos="," wid="1">,</w>
  <w id="2" lemma="|give|" pos="VBN" wid="2">given</w>
  <w id="3" lemma="|to|" pos="TO" wid="3">to</w>
  <w id="4" lemma="|intense|" pos="JJ" wid="4">intense</w>
  <w id="5" lemma="|prayer|" pos="NN" wid="5">prayer</w>
  <w id="6" lemma="|after|" pos="IN" wid="6">after</w>
  <w id="7" lemma="|the|" pos="DT" wid="7">the</w>
  <w id="8" lemma="|Ascension|" pos="NNP" wid="8">Ascension</w>
  <w id="9" lemma="|,|" pos="," wid="9">,</w>
  <w id="10" lemma="|the|" pos="DT" wid="10">the</w>
  <w id="11" lemma="|disciple|" pos="NNS" wid="11">disciples</w>
  <w id="12" lemma="|live|" pos="VBD" wid="12">lived</w>
  <w id="13" lemma="|in|" pos="IN" wid="13">in</w>
  <w id="14" lemma="|the|" pos="DT" wid="14">the</w>
  <w id="15" lemma="|Upper|" pos="NNP" wid="15">Upper</w>
  <w id="16" lemma="|Room|" pos="NNP" wid="16">Room</w>
  <w id="17" lemma="|as|" pos="IN" wid="17">as</w>
  <w id="18" lemma="|they|" pos="PRP" wid="18">they</w>
  <w id="19" lemma="|await|" pos="VBD" wid="19">awaited</w>
  <w id="20" lemma="|the|" pos="DT" wid="20">the</w>
  <w id="21" lemma="|holy|" pos="JJ" wid="21">Holy</w>
  <w id="22" lemma="|spirit|" pos="NN" wid="22">Spirit</w>
  <w id="23" lemma="|promise|" pos="VBN" wid="23">promised</w>
  <w id="24" lemma="|by|" pos="IN" wid="24">by</w>
  <w id="25" lemma="|Christ|" pos="NNP" wid="25">Christ</w>
  <w id="26" lemma="|.|" pos="." wid="26">.</w>
</sentence>
<sentence id="16">
  <w id="0" lemma="|in|" pos="IN" wid="0">In</w>
  <w id="1" lemma="|they|" pos="PRP$" wid="1">their</w>
  <w id="2" lemma="|midst|" pos="NN" wid="2">midst</w>
  <w id="3" lemma="|be|" pos="VBD" wid="3">was</w>
  <w id="4" lemma="|Mary|" pos="NNP" wid="4">Mary</w>
  <w id="5" lemma="|,|" pos="," wid="5">,</w>
  <w id="6" lemma="|the|" pos="DT" wid="6">the</w>
  <w id="7" lemma="|Mother|" pos="NNP" wid="7">Mother</w>
  <w id="8" lemma="|of|" pos="IN" wid="8">of</w>
  <w id="9" lemma="|Jesus|" pos="NNP" wid="9">Jesus</w>
  <w id="10" lemma="|-lrb-|" pos="-LRB-" wid="10">-LRB-</w>
  <w id="11" lemma="|act|" pos="NNS" wid="11">Acts</w>
  <w id="12" lemma="|1,14|" pos="CD" wid="12">1,14</w>
  <w id="13" lemma="|-rrb-|" pos="-RRB-" wid="13">-RRB-</w>
  <w id="14" lemma="|.|" pos="." wid="14">.</w>
</sentence>
<sentence id="17">
  <w id="0" lemma="|as|" pos="IN" wid="0">As</w>
  <w id="1" lemma="|we|" pos="PRP" wid="1">we</w>
  <w id="2" lemma="|prepare|" pos="VBP" wid="2">prepare</w>
  <w id="3" lemma="|to|" pos="TO" wid="3">to</w>
  <w id="4" lemma="|celebrate|" pos="VB" wid="4">celebrate</w>
  <w id="5" lemma="|the|" pos="DT" wid="5">the</w>
  <w id="6" lemma="|solemn|" pos="JJ" wid="6">solemn</w>
  <w id="7" lemma="|Feast|" pos="NNP" wid="7">Feast</w>
  <w id="8" lemma="|of|" pos="IN" wid="8">of</w>
  <w id="9" lemma="|Pentecost|" pos="NNP" wid="9">Pentecost</w>
  <w id="10" lemma="|next|" pos="JJ" wid="10">next</w>
  <w id="11" lemma="|Sunday|" pos="NNP" wid="11">Sunday</w>
  <w id="12" lemma="|,|" pos="," wid="12">,</w>
  <w id="13" lemma="|with|" pos="IN" wid="13">with</w>
  <w id="14" lemma="|Mary|" pos="NNP" wid="14">Mary</w>
  <w id="15" lemma="|let|" pos="VB" wid="15">let</w>
  <w id="16" lemma="|we|" pos="PRP" wid="16">us</w>
  <w id="17" lemma="|call|" pos="VB" wid="17">call</w>
  <w id="18" lemma="|upon|" pos="IN" wid="18">upon</w>
  <w id="19" lemma="|the|" pos="DT" wid="19">the</w>
  <w id="20" lemma="|holy|" pos="JJ" wid="20">Holy</w>
  <w id="21" lemma="|spirit|" pos="NN" wid="21">Spirit</w>
  <w id="22" lemma="|promise|" pos="VBN" wid="22">promised</w>
  <w id="23" lemma="|by|" pos="IN" wid="23">by</w>
  <w id="24" lemma="|Christ|" pos="NNP" wid="24">Christ</w>
  <w id="25" lemma="|so|" pos="IN" wid="25">so</w>
  <w id="26" lemma="|that|" pos="IN" wid="26">that</w>
  <w id="27" lemma="|he|" pos="PRP" wid="27">he</w>
  <w id="28" lemma="|may|" pos="MD" wid="28">may</w>
  <w id="29" lemma="|imbue|" pos="VB" wid="29">imbue</w>
  <w id="30" lemma="|christian|" pos="NNS" wid="30">Christians</w>
  <w id="31" lemma="|with|" pos="IN" wid="31">with</w>
  <w id="32" lemma="|fresh|" pos="JJ" wid="32">fresh</w>
  <w id="33" lemma="|missionary|" pos="JJ" wid="33">missionary</w>
  <w id="34" lemma="|zeal|" pos="NN" wid="34">zeal</w>
  <w id="35" lemma="|and|" pos="CC" wid="35">and</w>
  <w id="36" lemma="|guide|" pos="NN" wid="36">guide</w>
  <w id="37" lemma="|humanity|" pos="NN" wid="37">humanity</w>
  <w id="38" lemma="|'s|" pos="POS" wid="38">'s</w>
  <w id="39" lemma="|step|" pos="NNS" wid="39">steps</w>
  <w id="40" lemma="|on|" pos="IN" wid="40">on</w>
  <w id="41" lemma="|the|" pos="DT" wid="41">the</w>
  <w id="42" lemma="|path|" pos="NNS" wid="42">paths</w>
  <w id="43" lemma="|of|" pos="IN" wid="43">of</w>
  <w id="44" lemma="|solidarity|" pos="NN" wid="44">solidarity</w>
  <w id="45" lemma="|and|" pos="CC" wid="45">and</w>
  <w id="46" lemma="|peace|" pos="NN" wid="46">peace</w>
  <w id="47" lemma="|.|" pos="." wid="47">.</w>
</sentence>
<sentence id="18">
  <w id="0" lemma="|after|" pos="IN" wid="0">After</w>
  <w id="1" lemma="|the|" pos="DT" wid="1">the</w>
  <w id="2" lemma="|Regina|" pos="NNP" wid="2">Regina</w>
  <w id="3" lemma="|Caeli|" pos="NNP" wid="3">Caeli</w>
  <w id="4" lemma="|,|" pos="," wid="4">,</w>
  <w id="5" lemma="|the|" pos="DT" wid="5">the</w>
  <w id="6" lemma="|Pope|" pos="NNP" wid="6">Pope</w>
  <w id="7" lemma="|give|" pos="VBD" wid="7">gave</w>
  <w id="8" lemma="|thanks|" pos="NNS" wid="8">thanks</w>
  <w id="9" lemma="|to|" pos="TO" wid="9">to</w>
  <w id="10" lemma="|all|" pos="PDT" wid="10">all</w>
  <w id="11" lemma="|those|" pos="DT" wid="11">those</w>
  <w id="12" lemma="|who|" pos="WP" wid="12">who</w>
  <w id="13" lemma="|work|" pos="VBD" wid="13">worked</w>
  <w id="14" lemma="|for|" pos="IN" wid="14">for</w>
  <w id="15" lemma="|the|" pos="DT" wid="15">the</w>
  <w id="16" lemma="|liberation|" pos="NN" wid="16">liberation</w>
  <w id="17" lemma="|of|" pos="IN" wid="17">of</w>
  <w id="18" lemma="|the|" pos="DT" wid="18">the</w>
  <w id="19" lemma="|basilica|" pos="NN" wid="19">Basilica</w>
  <w id="20" lemma="|of|" pos="IN" wid="20">of</w>
  <w id="21" lemma="|the|" pos="DT" wid="21">the</w>
  <w id="22" lemma="|Nativity|" pos="NNP" wid="22">Nativity</w>
  <w id="23" lemma="|.|" pos="." wid="23">.</w>
</sentence>
<sentence id="19">
  <w id="0" lemma="|we|" pos="PRP" wid="0">We</w>
  <w id="1" lemma="|have|" pos="VBP" wid="1">have</w>
  <w id="2" lemma="|all|" pos="DT" wid="2">all</w>
  <w id="3" lemma="|hear|" pos="VBN" wid="3">heard</w>
  <w id="4" lemma="|with|" pos="IN" wid="4">with</w>
  <w id="5" lemma="|great|" pos="JJ" wid="5">great</w>
  <w id="6" lemma="|relief|" pos="NN" wid="6">relief</w>
  <w id="7" lemma="|that|" pos="IN" wid="7">that</w>
  <w id="8" lemma="|the|" pos="DT" wid="8">the</w>
  <w id="9" lemma="|basilica|" pos="NN" wid="9">Basilica</w>
  <w id="10" lemma="|of|" pos="IN" wid="10">of</w>
  <w id="11" lemma="|the|" pos="DT" wid="11">the</w>
  <w id="12" lemma="|Nativity|" pos="NNP" wid="12">Nativity</w>
  <w id="13" lemma="|in|" pos="IN" wid="13">in</w>
  <w id="14" lemma="|Bethlehem|" pos="NNP" wid="14">Bethlehem</w>
  <w id="15" lemma="|have|" pos="VBZ" wid="15">has</w>
  <w id="16" lemma="|be|" pos="VBN" wid="16">been</w>
  <w id="17" lemma="|restore|" pos="VBN" wid="17">restored</w>
  <w id="18" lemma="|to|" pos="TO" wid="18">to</w>
  <w id="19" lemma="|God|" pos="NNP" wid="19">God</w>
  <w id="20" lemma="|and|" pos="CC" wid="20">and</w>
  <w id="21" lemma="|to|" pos="TO" wid="21">to</w>
  <w id="22" lemma="|the|" pos="DT" wid="22">the</w>
  <w id="23" lemma="|faithful|" pos="NN" wid="23">faithful</w>
  <w id="24" lemma="|.|" pos="." wid="24">.</w>
</sentence>
<sentence id="20">
  <w id="0" lemma="|I|" pos="PRP" wid="0">I</w>
  <w id="1" lemma="|cordially|" pos="RB" wid="1">cordially</w>
  <w id="2" lemma="|thank|" pos="VBP" wid="2">thank</w>
  <w id="3" lemma="|all|" pos="DT" wid="3">all</w>
  <w id="4" lemma="|who|" pos="WP" wid="4">who</w>
  <w id="5" lemma="|help|" pos="VBD" wid="5">helped</w>
  <w id="6" lemma="|to|" pos="TO" wid="6">to</w>
  <w id="7" lemma="|give|" pos="VB" wid="7">give</w>
  <w id="8" lemma="|back|" pos="RB" wid="8">back</w>
  <w id="9" lemma="|to|" pos="TO" wid="9">to</w>
  <w id="10" lemma="|the|" pos="DT" wid="10">the</w>
  <w id="11" lemma="|holy|" pos="JJ" wid="11">holy</w>
  <w id="12" lemma="|place|" pos="NN" wid="12">place</w>
  <w id="13" lemma="|its|" pos="PRP$" wid="13">its</w>
  <w id="14" lemma="|true|" pos="JJ" wid="14">true</w>
  <w id="15" lemma="|religious|" pos="JJ" wid="15">religious</w>
  <w id="16" lemma="|identity|" pos="NN" wid="16">identity</w>
  <w id="17" lemma="|.|" pos="." wid="17">.</w>
</sentence>
<sentence id="21">
  <w id="0" lemma="|I|" pos="PRP" wid="0">I</w>
  <w id="1" lemma="|send|" pos="VBP" wid="1">send</w>
  <w id="2" lemma="|a|" pos="DT" wid="2">a</w>
  <w id="3" lemma="|particular|" pos="JJ" wid="3">particular</w>
  <w id="4" lemma="|greet|" pos="VBG" wid="4">greeting</w>
  <w id="5" lemma="|to|" pos="TO" wid="5">to</w>
  <w id="6" lemma="|the|" pos="DT" wid="6">the</w>
  <w id="7" lemma="|community|" pos="NNS" wid="7">communities</w>
  <w id="8" lemma="|of|" pos="IN" wid="8">of</w>
  <w id="9" lemma="|the|" pos="DT" wid="9">the</w>
  <w id="10" lemma="|franciscan|" pos="NNS" wid="10">Franciscans</w>
  <w id="11" lemma="|,|" pos="," wid="11">,</w>
  <w id="12" lemma="|Greeks|" pos="NNPS" wid="12">Greeks</w>
  <w id="13" lemma="|and|" pos="CC" wid="13">and</w>
  <w id="14" lemma="|armenian|" pos="JJ" wid="14">Armenian</w>
  <w id="15" lemma="|orthodox|" pos="NN" wid="15">Orthodox</w>
  <w id="16" lemma="|who|" pos="WP" wid="16">who</w>
  <w id="17" lemma="|with|" pos="IN" wid="17">with</w>
  <w id="18" lemma="|considerable|" pos="JJ" wid="18">considerable</w>
  <w id="19" lemma="|sacrifice|" pos="NNS" wid="19">sacrifices</w>
  <w id="20" lemma="|remain|" pos="VBD" wid="20">remained</w>
  <w id="21" lemma="|as|" pos="IN" wid="21">as</w>
  <w id="22" lemma="|faithful|" pos="JJ" wid="22">faithful</w>
  <w id="23" lemma="|custodian|" pos="NNS" wid="23">custodians</w>
  <w id="24" lemma="|of|" pos="IN" wid="24">of</w>
  <w id="25" lemma="|the|" pos="DT" wid="25">the</w>
  <w id="26" lemma="|shrine|" pos="NN" wid="26">shrine</w>
  <w id="27" lemma="|.|" pos="." wid="27">.</w>
</sentence>
<sentence id="22">
  <w id="0" lemma="|to|" pos="TO" wid="0">To</w>
  <w id="1" lemma="|the|" pos="DT" wid="1">the</w>
  <w id="2" lemma="|people|" pos="NNS" wid="2">people</w>
  <w id="3" lemma="|of|" pos="IN" wid="3">of</w>
  <w id="4" lemma="|Bethlehem|" pos="NNP" wid="4">Bethlehem</w>
  <w id="5" lemma="|and|" pos="CC" wid="5">and</w>
  <w id="6" lemma="|the|" pos="DT" wid="6">the</w>
  <w id="7" lemma="|surrounding|" pos="JJ" wid="7">surrounding</w>
  <w id="8" lemma="|region|" pos="NN" wid="8">region</w>
  <w id="9" lemma="|go|" pos="VBZ" wid="9">goes</w>
  <w id="10" lemma="|my|" pos="PRP$" wid="10">my</w>
  <w id="11" lemma="|heartfelt|" pos="JJ" wid="11">heartfelt</w>
  <w id="12" lemma="|encouragement|" pos="NN" wid="12">encouragement</w>
  <w id="13" lemma="|to|" pos="TO" wid="13">to</w>
  <w id="14" lemma="|resume|" pos="VB" wid="14">resume</w>
  <w id="15" lemma="|they|" pos="PRP$" wid="15">their</w>
  <w id="16" lemma="|journey|" pos="NN" wid="16">journey</w>
  <w id="17" lemma="|with|" pos="IN" wid="17">with</w>
  <w id="18" lemma="|faith|" pos="NN" wid="18">faith</w>
  <w id="19" lemma="|and|" pos="CC" wid="19">and</w>
  <w id="20" lemma="|hope|" pos="NN" wid="20">hope</w>
  <w id="21" lemma="|in|" pos="IN" wid="21">in</w>
  <w id="22" lemma="|God|" pos="NNP" wid="22">God</w>
  <w id="23" lemma="|,|" pos="," wid="23">,</w>
  <w id="24" lemma="|who|" pos="WP" wid="24">who</w>
  <w id="25" lemma="|in|" pos="IN" wid="25">in</w>
  <w id="26" lemma="|they|" pos="PRP$" wid="26">their</w>
  <w id="27" lemma="|land|" pos="NN" wid="27">land</w>
  <w id="28" lemma="|become|" pos="VBD" wid="28">became</w>
  <w id="29" lemma="|close|" pos="JJ" wid="29">close</w>
  <w id="30" lemma="|to|" pos="TO" wid="30">to</w>
  <w id="31" lemma="|man|" pos="NN" wid="31">man</w>
  <w id="32" lemma="|.|" pos="." wid="32">.</w>
</sentence>
<sentence id="23">
  <w id="0" lemma="|my|" pos="PRP$" wid="0">My</w>
  <w id="1" lemma="|special|" pos="JJ" wid="1">Special</w>
  <w id="2" lemma="|Envoy|" pos="NNP" wid="2">Envoy</w>
  <w id="3" lemma="|,|" pos="," wid="3">,</w>
  <w id="4" lemma="|Cardinal|" pos="NNP" wid="4">Cardinal</w>
  <w id="5" lemma="|Roger|" pos="NNP" wid="5">Roger</w>
  <w id="6" lemma="|Etchegaray|" pos="NNP" wid="6">Etchegaray</w>
  <w id="7" lemma="|,|" pos="," wid="7">,</w>
  <w id="8" lemma="|be|" pos="VBZ" wid="8">is</w>
  <w id="9" lemma="|spokesman|" pos="NNS" wid="9">spokesmen</w>
  <w id="10" lemma="|in|" pos="IN" wid="10">in</w>
  <w id="11" lemma="|Bethlehem|" pos="NNP" wid="11">Bethlehem</w>
  <w id="12" lemma="|for|" pos="IN" wid="12">for</w>
  <w id="13" lemma="|my|" pos="PRP$" wid="13">my</w>
  <w id="14" lemma="|sentiment|" pos="NNS" wid="14">sentiments</w>
  <w id="15" lemma="|.|" pos="." wid="15">.</w>
</sentence>
<sentence id="24">
  <w id="0" lemma="|the|" pos="DT" wid="0">The</w>
  <w id="1" lemma="|universal|" pos="JJ" wid="1">universal</w>
  <w id="2" lemma="|message|" pos="NN" wid="2">message</w>
  <w id="3" lemma="|of|" pos="IN" wid="3">of</w>
  <w id="4" lemma="|Bethlehem|" pos="NNP" wid="4">Bethlehem</w>
  <w id="5" lemma="|be|" pos="VBZ" wid="5">is</w>
  <w id="6" lemma="|love|" pos="NN" wid="6">love</w>
  <w id="7" lemma="|,|" pos="," wid="7">,</w>
  <w id="8" lemma="|justice|" pos="NN" wid="8">justice</w>
  <w id="9" lemma="|,|" pos="," wid="9">,</w>
  <w id="10" lemma="|reconciliation|" pos="NN" wid="10">reconciliation</w>
  <w id="11" lemma="|and|" pos="CC" wid="11">and</w>
  <w id="12" lemma="|peace|" pos="NN" wid="12">peace</w>
  <w id="13" lemma="|.|" pos="." wid="13">.</w>
</sentence>
<sentence id="25">
  <w id="0" lemma="|on|" pos="IN" wid="0">On</w>
  <w id="1" lemma="|these|" pos="DT" wid="1">these</w>
  <w id="2" lemma="|foundation|" pos="NNS" wid="2">foundations</w>
  <w id="3" lemma="|a|" pos="DT" wid="3">a</w>
  <w id="4" lemma="|future|" pos="NN" wid="4">future</w>
  <w id="5" lemma="|respectful|" pos="JJ" wid="5">respectful</w>
  <w id="6" lemma="|of|" pos="IN" wid="6">of</w>
  <w id="7" lemma="|the|" pos="DT" wid="7">the</w>
  <w id="8" lemma="|rights|" pos="NNS" wid="8">rights</w>
  <w id="9" lemma="|of|" pos="IN" wid="9">of</w>
  <w id="10" lemma="|the|" pos="DT" wid="10">the</w>
  <w id="11" lemma="|israeli|" pos="JJ" wid="11">Israeli</w>
  <w id="12" lemma="|and|" pos="CC" wid="12">and</w>
  <w id="13" lemma="|palestinian|" pos="JJ" wid="13">Palestinian</w>
  <w id="14" lemma="|people|" pos="NNS" wid="14">peoples</w>
  <w id="15" lemma="|can|" pos="MD" wid="15">can</w>
  <w id="16" lemma="|be|" pos="VB" wid="16">be</w>
  <w id="17" lemma="|build|" pos="VBN" wid="17">built</w>
  <w id="18" lemma="|in|" pos="IN" wid="18">in</w>
  <w id="19" lemma="|mutual|" pos="JJ" wid="19">mutual</w>
  <w id="20" lemma="|confidence|" pos="NN" wid="20">confidence</w>
  <w id="21" lemma="|.|" pos="." wid="21">.</w>
</sentence>
</corpus>