<corpus id="0">
<sentence id="0">
  <w id="0" lemma="|Dear|" pos="NNP" wid="0">Dear</w>
  <w id="1" lemma="|Brothers|" pos="NNPS" wid="1">Brothers</w>
  <w id="2" lemma="|and|" pos="CC" wid="2">and</w>
  <w id="3" lemma="|sister|" pos="NNS" wid="3">Sisters</w>
  <w id="4" lemma="|,|" pos="," wid="4">,</w>
  <w id="5" lemma="|1|" pos="CD" wid="5">1</w>
  <w id="6" lemma="|.|" pos="." wid="6">.</w>
</sentence>
<sentence id="1">
  <w id="0" lemma="|yesterday|" pos="NN" wid="0">Yesterday</w>
  <w id="1" lemma="|we|" pos="PRP" wid="1">we</w>
  <w id="2" lemma="|celebrate|" pos="VBD" wid="2">celebrated</w>
  <w id="3" lemma="|the|" pos="DT" wid="3">the</w>
  <w id="4" lemma="|annual|" pos="JJ" wid="4">annual</w>
  <w id="5" lemma="|liturgical|" pos="JJ" wid="5">liturgical</w>
  <w id="6" lemma="|commemoration|" pos="NN" wid="6">commemoration</w>
  <w id="7" lemma="|of|" pos="IN" wid="7">of</w>
  <w id="8" lemma="|all|" pos="PDT" wid="8">all</w>
  <w id="9" lemma="|the|" pos="DT" wid="9">the</w>
  <w id="10" lemma="|faithful|" pos="NN" wid="10">faithful</w>
  <w id="11" lemma="|depart|" pos="VBD" wid="11">departed</w>
  <w id="12" lemma="|.|" pos="." wid="12">.</w>
</sentence>
<sentence id="2">
  <w id="0" lemma="|a|" pos="DT" wid="0">A</w>
  <w id="1" lemma="|universal|" pos="JJ" wid="1">universal</w>
  <w id="2" lemma="|prayer|" pos="NN" wid="2">prayer</w>
  <w id="3" lemma="|be|" pos="VBD" wid="3">was</w>
  <w id="4" lemma="|raise|" pos="VBN" wid="4">raised</w>
  <w id="5" lemma="|by|" pos="IN" wid="5">by</w>
  <w id="6" lemma="|the|" pos="DT" wid="6">the</w>
  <w id="7" lemma="|worldwide|" pos="JJ" wid="7">worldwide</w>
  <w id="8" lemma="|Church|" pos="NNP" wid="8">Church</w>
  <w id="9" lemma="|to|" pos="TO" wid="9">to</w>
  <w id="10" lemma="|the|" pos="DT" wid="10">the</w>
  <w id="11" lemma="|god|" pos="NN" wid="11">God</w>
  <w id="12" lemma="|of|" pos="IN" wid="12">of</w>
  <w id="13" lemma="|life|" pos="NN" wid="13">life</w>
  <w id="14" lemma="|and|" pos="CC" wid="14">and</w>
  <w id="15" lemma="|peace|" pos="NN" wid="15">peace</w>
  <w id="16" lemma="|,|" pos="," wid="16">,</w>
  <w id="17" lemma="|so|" pos="IN" wid="17">so</w>
  <w id="18" lemma="|that|" pos="IN" wid="18">that</w>
  <w id="19" lemma="|he|" pos="PRP" wid="19">he</w>
  <w id="20" lemma="|might|" pos="MD" wid="20">might</w>
  <w id="21" lemma="|welcome|" pos="VB" wid="21">welcome</w>
  <w id="22" lemma="|into|" pos="IN" wid="22">into</w>
  <w id="23" lemma="|he|" pos="PRP$" wid="23">his</w>
  <w id="24" lemma="|kingdom|" pos="NN" wid="24">kingdom</w>
  <w id="25" lemma="|of|" pos="IN" wid="25">of</w>
  <w id="26" lemma="|infinite|" pos="JJ" wid="26">infinite</w>
  <w id="27" lemma="|light|" pos="NN" wid="27">light</w>
  <w id="28" lemma="|all|" pos="DT" wid="28">all</w>
  <w id="29" lemma="|soul|" pos="NNS" wid="29">souls</w>
  <w id="30" lemma="|,|" pos="," wid="30">,</w>
  <w id="31" lemma="|especially|" pos="RB" wid="31">especially</w>
  <w id="32" lemma="|the|" pos="DT" wid="32">the</w>
  <w id="33" lemma="|most|" pos="RBS" wid="33">most</w>
  <w id="34" lemma="|abandoned|" pos="JJ" wid="34">abandoned</w>
  <w id="35" lemma="|and|" pos="CC" wid="35">and</w>
  <w id="36" lemma="|in|" pos="IN" wid="36">in</w>
  <w id="37" lemma="|need|" pos="NN" wid="37">need</w>
  <w id="38" lemma="|of|" pos="IN" wid="38">of</w>
  <w id="39" lemma="|he|" pos="PRP$" wid="39">his</w>
  <w id="40" lemma="|mercy|" pos="NN" wid="40">mercy</w>
  <w id="41" lemma="|.|" pos="." wid="41">.</w>
</sentence>
<sentence id="3">
  <w id="0" lemma="|the|" pos="DT" wid="0">The</w>
  <w id="1" lemma="|Christian|" pos="NNP" wid="1">Christian</w>
  <w id="2" lemma="|prayer|" pos="NN" wid="2">prayer</w>
  <w id="3" lemma="|for|" pos="IN" wid="3">for</w>
  <w id="4" lemma="|those|" pos="DT" wid="4">those</w>
  <w id="5" lemma="|who|" pos="WP" wid="5">who</w>
  <w id="6" lemma="|die|" pos="VBD" wid="6">died</w>
  <w id="7" lemma="|that|" pos="DT" wid="7">that</w>
  <w id="8" lemma="|distinguish|" pos="VBZ" wid="8">distinguishes</w>
  <w id="9" lemma="|the|" pos="DT" wid="9">the</w>
  <w id="10" lemma="|month|" pos="NN" wid="10">month</w>
  <w id="11" lemma="|of|" pos="IN" wid="11">of</w>
  <w id="12" lemma="|November|" pos="NNP" wid="12">November</w>
  <w id="13" lemma="|,|" pos="," wid="13">,</w>
  <w id="14" lemma="|can|" pos="MD" wid="14">can</w>
  <w id="15" lemma="|only|" pos="RB" wid="15">only</w>
  <w id="16" lemma="|take|" pos="VB" wid="16">take</w>
  <w id="17" lemma="|place|" pos="NN" wid="17">place</w>
  <w id="18" lemma="|in|" pos="IN" wid="18">in</w>
  <w id="19" lemma="|the|" pos="DT" wid="19">the</w>
  <w id="20" lemma="|light|" pos="NN" wid="20">light</w>
  <w id="21" lemma="|of|" pos="IN" wid="21">of</w>
  <w id="22" lemma="|Christ|" pos="NNP" wid="22">Christ</w>
  <w id="23" lemma="|'s|" pos="POS" wid="23">'s</w>
  <w id="24" lemma="|resurrection|" pos="NN" wid="24">resurrection</w>
  <w id="25" lemma="|.|" pos="." wid="25">.</w>
</sentence>
<sentence id="4">
  <w id="0" lemma="|indeed|" pos="RB" wid="0">Indeed</w>
  <w id="1" lemma="|,|" pos="," wid="1">,</w>
  <w id="2" lemma="|the|" pos="DT" wid="2">the</w>
  <w id="3" lemma="|Apostle|" pos="NNP" wid="3">Apostle</w>
  <w id="4" lemma="|Paul|" pos="NNP" wid="4">Paul</w>
  <w id="5" lemma="|say|" pos="VBZ" wid="5">says</w>
  <w id="6" lemma="|:|" pos=":" wid="6">:</w>
  <w id="7" lemma="|``|" pos="``" wid="7">``</w>
  <w id="8" lemma="|if|" pos="IN" wid="8">If</w>
  <w id="9" lemma="|Christ|" pos="NNP" wid="9">Christ</w>
  <w id="10" lemma="|be|" pos="VBZ" wid="10">is</w>
  <w id="11" lemma="|not|" pos="RB" wid="11">not</w>
  <w id="12" lemma="|rise|" pos="VBN" wid="12">risen</w>
  <w id="13" lemma="|,|" pos="," wid="13">,</w>
  <w id="14" lemma="|you|" pos="PRP$" wid="14">your</w>
  <w id="15" lemma="|faith|" pos="NN" wid="15">faith</w>
  <w id="16" lemma="|be|" pos="VBZ" wid="16">is</w>
  <w id="17" lemma="|in|" pos="IN" wid="17">in</w>
  <w id="18" lemma="|vain|" pos="JJ" wid="18">vain</w>
  <w id="19" lemma="|...|" pos=":" wid="19">...</w>
  <w id="20" lemma="|.|" pos="." wid="20">.</w>
</sentence>
<sentence id="5">
  <w id="0" lemma="|if|" pos="IN" wid="0">If</w>
  <w id="1" lemma="|we|" pos="PRP" wid="1">we</w>
  <w id="2" lemma="|have|" pos="VBP" wid="2">have</w>
  <w id="3" lemma="|hope|" pos="VBN" wid="3">hoped</w>
  <w id="4" lemma="|in|" pos="IN" wid="4">in</w>
  <w id="5" lemma="|Christ|" pos="NNP" wid="5">Christ</w>
  <w id="6" lemma="|for|" pos="IN" wid="6">for</w>
  <w id="7" lemma="|this|" pos="DT" wid="7">this</w>
  <w id="8" lemma="|life|" pos="NN" wid="8">life</w>
  <w id="9" lemma="|only|" pos="RB" wid="9">only</w>
  <w id="10" lemma="|,|" pos="," wid="10">,</w>
  <w id="11" lemma="|we|" pos="PRP" wid="11">we</w>
  <w id="12" lemma="|be|" pos="VBP" wid="12">are</w>
  <w id="13" lemma="|the|" pos="DT" wid="13">the</w>
  <w id="14" lemma="|most|" pos="RBS" wid="14">most</w>
  <w id="15" lemma="|miserable|" pos="JJ" wid="15">miserable</w>
  <w id="16" lemma="|of|" pos="IN" wid="16">of</w>
  <w id="17" lemma="|all|" pos="DT" wid="17">all</w>
  <w id="18" lemma="|people|" pos="NNS" wid="18">people</w>
  <w id="19" lemma="|.|" pos="." wid="19">.</w>
</sentence>
<sentence id="6">
  <w id="0" lemma="|but|" pos="CC" wid="0">But</w>
  <w id="1" lemma="|Christ|" pos="NNP" wid="1">Christ</w>
  <w id="2" lemma="|be|" pos="VBZ" wid="2">is</w>
  <w id="3" lemma="|rise|" pos="VBN" wid="3">risen</w>
  <w id="4" lemma="|from|" pos="IN" wid="4">from</w>
  <w id="5" lemma="|the|" pos="DT" wid="5">the</w>
  <w id="6" lemma="|dead|" pos="NN" wid="6">dead</w>
  <w id="7" lemma="|,|" pos="," wid="7">,</w>
  <w id="8" lemma="|the|" pos="DT" wid="8">the</w>
  <w id="9" lemma="|firstfruit|" pos="NNS" wid="9">firstfruits</w>
  <w id="10" lemma="|of|" pos="IN" wid="10">of</w>
  <w id="11" lemma="|those|" pos="DT" wid="11">those</w>
  <w id="12" lemma="|who|" pos="WP" wid="12">who</w>
  <w id="13" lemma="|have|" pos="VBP" wid="13">have</w>
  <w id="14" lemma="|fall|" pos="VBN" wid="14">fallen</w>
  <w id="15" lemma="|asleep|" pos="RB" wid="15">asleep</w>
  <w id="16" lemma="|''|" pos="''" wid="16">''</w>
  <w id="17" lemma="|-lrb-|" pos="-LRB-" wid="17">-LRB-</w>
  <w id="18" lemma="|I|" pos="NNP" wid="18">I</w>
  <w id="19" lemma="|Cor|" pos="NNP" wid="19">Cor</w>
  <w id="20" lemma="|15|" pos="CD" wid="20">15</w>
  <w id="21" lemma="|,|" pos="," wid="21">,</w>
  <w id="22" lemma="|17.19-20|" pos="CD" wid="22">17.19-20</w>
  <w id="23" lemma="|-rrb-|" pos="-RRB-" wid="23">-RRB-</w>
  <w id="24" lemma="|.|" pos="." wid="24">.</w>
</sentence>
<sentence id="7">
  <w id="0" lemma="|more|" pos="RBR" wid="0">More</w>
  <w id="1" lemma="|than|" pos="IN" wid="1">than</w>
  <w id="2" lemma="|ever|" pos="RB" wid="2">ever</w>
  <w id="3" lemma="|,|" pos="," wid="3">,</w>
  <w id="4" lemma="|the|" pos="DT" wid="4">the</w>
  <w id="5" lemma="|world|" pos="NN" wid="5">world</w>
  <w id="6" lemma="|today|" pos="NN" wid="6">today</w>
  <w id="7" lemma="|need|" pos="VBZ" wid="7">needs</w>
  <w id="8" lemma="|to|" pos="TO" wid="8">to</w>
  <w id="9" lemma="|rediscover|" pos="VB" wid="9">rediscover</w>
  <w id="10" lemma="|the|" pos="DT" wid="10">the</w>
  <w id="11" lemma="|meaning|" pos="NN" wid="11">meaning</w>
  <w id="12" lemma="|of|" pos="IN" wid="12">of</w>
  <w id="13" lemma="|life|" pos="NN" wid="13">life</w>
  <w id="14" lemma="|and|" pos="CC" wid="14">and</w>
  <w id="15" lemma="|death|" pos="NN" wid="15">death</w>
  <w id="16" lemma="|in|" pos="IN" wid="16">in</w>
  <w id="17" lemma="|the|" pos="DT" wid="17">the</w>
  <w id="18" lemma="|perspective|" pos="NN" wid="18">perspective</w>
  <w id="19" lemma="|of|" pos="IN" wid="19">of</w>
  <w id="20" lemma="|eternal|" pos="JJ" wid="20">eternal</w>
  <w id="21" lemma="|life|" pos="NN" wid="21">life</w>
  <w id="22" lemma="|.|" pos="." wid="22">.</w>
</sentence>
<sentence id="8">
  <w id="0" lemma="|outside|" pos="IN" wid="0">Outside</w>
  <w id="1" lemma="|it|" pos="PRP" wid="1">it</w>
  <w id="2" lemma="|,|" pos="," wid="2">,</w>
  <w id="3" lemma="|modern|" pos="JJ" wid="3">modern</w>
  <w id="4" lemma="|culture|" pos="NN" wid="4">culture</w>
  <w id="5" lemma="|,|" pos="," wid="5">,</w>
  <w id="6" lemma="|bear|" pos="VBN" wid="6">born</w>
  <w id="7" lemma="|to|" pos="TO" wid="7">to</w>
  <w id="8" lemma="|exalt|" pos="VB" wid="8">exalt</w>
  <w id="9" lemma="|the|" pos="DT" wid="9">the</w>
  <w id="10" lemma="|human|" pos="JJ" wid="10">human</w>
  <w id="11" lemma="|person|" pos="NN" wid="11">person</w>
  <w id="12" lemma="|and|" pos="CC" wid="12">and</w>
  <w id="13" lemma="|he|" pos="PRP$" wid="13">his</w>
  <w id="14" lemma="|dignity|" pos="NN" wid="14">dignity</w>
  <w id="15" lemma="|,|" pos="," wid="15">,</w>
  <w id="16" lemma="|be|" pos="VBZ" wid="16">is</w>
  <w id="17" lemma="|paradoxically|" pos="RB" wid="17">paradoxically</w>
  <w id="18" lemma="|transform|" pos="VBN" wid="18">transformed</w>
  <w id="19" lemma="|into|" pos="IN" wid="19">into</w>
  <w id="20" lemma="|a|" pos="DT" wid="20">a</w>
  <w id="21" lemma="|culture|" pos="NN" wid="21">culture</w>
  <w id="22" lemma="|of|" pos="IN" wid="22">of</w>
  <w id="23" lemma="|death|" pos="NN" wid="23">death</w>
  <w id="24" lemma="|,|" pos="," wid="24">,</w>
  <w id="25" lemma="|because|" pos="IN" wid="25">because</w>
  <w id="26" lemma="|,|" pos="," wid="26">,</w>
  <w id="27" lemma="|without|" pos="IN" wid="27">without</w>
  <w id="28" lemma="|the|" pos="DT" wid="28">the</w>
  <w id="29" lemma="|horizon|" pos="NN" wid="29">horizon</w>
  <w id="30" lemma="|of|" pos="IN" wid="30">of</w>
  <w id="31" lemma="|God|" pos="NNP" wid="31">God</w>
  <w id="32" lemma="|,|" pos="," wid="32">,</w>
  <w id="33" lemma="|the|" pos="DT" wid="33">the</w>
  <w id="34" lemma="|person|" pos="NN" wid="34">person</w>
  <w id="35" lemma="|find|" pos="VBZ" wid="35">finds</w>
  <w id="36" lemma="|himself|" pos="PRP" wid="36">himself</w>
  <w id="37" lemma="|a|" pos="DT" wid="37">a</w>
  <w id="38" lemma="|prisoner|" pos="NN" wid="38">prisoner</w>
  <w id="39" lemma="|in|" pos="IN" wid="39">in</w>
  <w id="40" lemma="|the|" pos="DT" wid="40">the</w>
  <w id="41" lemma="|world|" pos="NN" wid="41">world</w>
  <w id="42" lemma="|,|" pos="," wid="42">,</w>
  <w id="43" lemma="|overwhelm|" pos="VBN" wid="43">overwhelmed</w>
  <w id="44" lemma="|by|" pos="IN" wid="44">by</w>
  <w id="45" lemma="|fear|" pos="NN" wid="45">fear</w>
  <w id="46" lemma="|,|" pos="," wid="46">,</w>
  <w id="47" lemma="|and|" pos="CC" wid="47">and</w>
  <w id="48" lemma="|give|" pos="VBZ" wid="48">gives</w>
  <w id="49" lemma="|way|" pos="NN" wid="49">way</w>
  <w id="50" lemma="|to|" pos="TO" wid="50">to</w>
  <w id="51" lemma="|many|" pos="JJ" wid="51">many</w>
  <w id="52" lemma="|collective|" pos="JJ" wid="52">collective</w>
  <w id="53" lemma="|and|" pos="CC" wid="53">and</w>
  <w id="54" lemma="|personal|" pos="JJ" wid="54">personal</w>
  <w id="55" lemma="|pathology|" pos="NNS" wid="55">pathologies</w>
  <w id="56" lemma="|.|" pos="." wid="56">.</w>
</sentence>
<sentence id="9">
  <w id="0" lemma="|2|" pos="CD" wid="0">2</w>
  <w id="1" lemma="|.|" pos="." wid="1">.</w>
</sentence>
<sentence id="10">
  <w id="0" lemma="|I|" pos="PRP" wid="0">I</w>
  <w id="1" lemma="|be|" pos="VBP" wid="1">am</w>
  <w id="2" lemma="|happy|" pos="JJ" wid="2">happy</w>
  <w id="3" lemma="|on|" pos="IN" wid="3">on</w>
  <w id="4" lemma="|this|" pos="DT" wid="4">this</w>
  <w id="5" lemma="|topic|" pos="NN" wid="5">topic</w>
  <w id="6" lemma="|to|" pos="TO" wid="6">to</w>
  <w id="7" lemma="|quote|" pos="VB" wid="7">quote</w>
  <w id="8" lemma="|a|" pos="DT" wid="8">a</w>
  <w id="9" lemma="|text|" pos="NN" wid="9">text</w>
  <w id="10" lemma="|of|" pos="IN" wid="10">of</w>
  <w id="11" lemma="|St|" pos="NNP" wid="11">St</w>
  <w id="12" lemma="|Charles|" pos="NNP" wid="12">Charles</w>
  <w id="13" lemma="|Borromeo|" pos="NNP" wid="13">Borromeo</w>
  <w id="14" lemma="|whose|" pos="WP$" wid="14">whose</w>
  <w id="15" lemma="|feast|" pos="NN" wid="15">feast</w>
  <w id="16" lemma="|we|" pos="PRP" wid="16">we</w>
  <w id="17" lemma="|celebrate|" pos="VBP" wid="17">celebrate</w>
  <w id="18" lemma="|tomorrow|" pos="NN" wid="18">tomorrow</w>
  <w id="19" lemma="|.|" pos="." wid="19">.</w>
</sentence>
<sentence id="11">
  <w id="0" lemma="|he|" pos="PRP" wid="0">He</w>
  <w id="1" lemma="|write|" pos="VBD" wid="1">wrote</w>
  <w id="2" lemma="|,|" pos="," wid="2">,</w>
  <w id="3" lemma="|``|" pos="``" wid="3">``</w>
  <w id="4" lemma="|May|" pos="NNP" wid="4">May</w>
  <w id="5" lemma="|my|" pos="PRP$" wid="5">my</w>
  <w id="6" lemma="|soul|" pos="NN" wid="6">soul</w>
  <w id="7" lemma="|never|" pos="RB" wid="7">never</w>
  <w id="8" lemma="|cease|" pos="VBP" wid="8">cease</w>
  <w id="9" lemma="|to|" pos="TO" wid="9">to</w>
  <w id="10" lemma="|praise|" pos="VB" wid="10">praise</w>
  <w id="11" lemma="|the|" pos="DT" wid="11">the</w>
  <w id="12" lemma="|Lord|" pos="NNP" wid="12">Lord</w>
  <w id="13" lemma="|who|" pos="WP" wid="13">who</w>
  <w id="14" lemma="|never|" pos="RB" wid="14">never</w>
  <w id="15" lemma="|cease|" pos="VBZ" wid="15">ceases</w>
  <w id="16" lemma="|to|" pos="TO" wid="16">to</w>
  <w id="17" lemma="|lavish|" pos="JJ" wid="17">lavish</w>
  <w id="18" lemma="|gift|" pos="NNS" wid="18">gifts</w>
  <w id="19" lemma="|.|" pos="." wid="19">.</w>
</sentence>
<sentence id="12">
  <w id="0" lemma="|it|" pos="PRP" wid="0">It</w>
  <w id="1" lemma="|be|" pos="VBZ" wid="1">is</w>
  <w id="2" lemma="|a|" pos="DT" wid="2">a</w>
  <w id="3" lemma="|gift|" pos="NN" wid="3">gift</w>
  <w id="4" lemma="|of|" pos="IN" wid="4">of</w>
  <w id="5" lemma="|God|" pos="NNP" wid="5">God</w>
  <w id="6" lemma="|if|" pos="IN" wid="6">if</w>
  <w id="7" lemma="|,|" pos="," wid="7">,</w>
  <w id="8" lemma="|from|" pos="IN" wid="8">from</w>
  <w id="9" lemma="|be|" pos="VBG" wid="9">being</w>
  <w id="10" lemma="|a|" pos="DT" wid="10">a</w>
  <w id="11" lemma="|sinner|" pos="NN" wid="11">sinner</w>
  <w id="12" lemma="|,|" pos="," wid="12">,</w>
  <w id="13" lemma="|you|" pos="PRP" wid="13">you</w>
  <w id="14" lemma="|be|" pos="VBP" wid="14">are</w>
  <w id="15" lemma="|call|" pos="VBN" wid="15">called</w>
  <w id="16" lemma="|to|" pos="TO" wid="16">to</w>
  <w id="17" lemma="|justice|" pos="NN" wid="17">justice</w>
  <w id="18" lemma="|;|" pos=":" wid="18">;</w>
  <w id="19" lemma="|a|" pos="DT" wid="19">a</w>
  <w id="20" lemma="|gift|" pos="NN" wid="20">gift</w>
  <w id="21" lemma="|of|" pos="IN" wid="21">of</w>
  <w id="22" lemma="|God|" pos="NNP" wid="22">God</w>
  <w id="23" lemma="|if|" pos="IN" wid="23">if</w>
  <w id="24" lemma="|you|" pos="PRP" wid="24">you</w>
  <w id="25" lemma="|be|" pos="VBP" wid="25">are</w>
  <w id="26" lemma="|sustained|" pos="JJ" wid="26">sustained</w>
  <w id="27" lemma="|so|" pos="IN" wid="27">so</w>
  <w id="28" lemma="|that|" pos="IN" wid="28">that</w>
  <w id="29" lemma="|you|" pos="PRP" wid="29">you</w>
  <w id="30" lemma="|do|" pos="VBP" wid="30">do</w>
  <w id="31" lemma="|not|" pos="RB" wid="31">not</w>
  <w id="32" lemma="|fall|" pos="VB" wid="32">fall</w>
  <w id="33" lemma="|;|" pos=":" wid="33">;</w>
  <w id="34" lemma="|a|" pos="DT" wid="34">a</w>
  <w id="35" lemma="|gift|" pos="NN" wid="35">gift</w>
  <w id="36" lemma="|of|" pos="IN" wid="36">of</w>
  <w id="37" lemma="|God|" pos="NNP" wid="37">God</w>
  <w id="38" lemma="|that|" pos="IN" wid="38">that</w>
  <w id="39" lemma="|you|" pos="PRP" wid="39">you</w>
  <w id="40" lemma="|be|" pos="VBP" wid="40">are</w>
  <w id="41" lemma="|give|" pos="VBN" wid="41">given</w>
  <w id="42" lemma="|the|" pos="DT" wid="42">the</w>
  <w id="43" lemma="|strength|" pos="NN" wid="43">strength</w>
  <w id="44" lemma="|to|" pos="TO" wid="44">to</w>
  <w id="45" lemma="|persevere|" pos="VB" wid="45">persevere</w>
  <w id="46" lemma="|until|" pos="IN" wid="46">until</w>
  <w id="47" lemma="|the|" pos="DT" wid="47">the</w>
  <w id="48" lemma="|end|" pos="NN" wid="48">end</w>
  <w id="49" lemma="|;|" pos=":" wid="49">;</w>
  <w id="50" lemma="|the|" pos="DT" wid="50">the</w>
  <w id="51" lemma="|resurrection|" pos="NN" wid="51">resurrection</w>
  <w id="52" lemma="|of|" pos="IN" wid="52">of</w>
  <w id="53" lemma="|you|" pos="PRP$" wid="53">your</w>
  <w id="54" lemma="|dead|" pos="JJ" wid="54">dead</w>
  <w id="55" lemma="|body|" pos="NN" wid="55">body</w>
  <w id="56" lemma="|will|" pos="MD" wid="56">will</w>
  <w id="57" lemma="|be|" pos="VB" wid="57">be</w>
  <w id="58" lemma="|a|" pos="DT" wid="58">a</w>
  <w id="59" lemma="|gift|" pos="NN" wid="59">gift</w>
  <w id="60" lemma="|of|" pos="IN" wid="60">of</w>
  <w id="61" lemma="|God|" pos="NNP" wid="61">God</w>
  <w id="62" lemma="|,|" pos="," wid="62">,</w>
  <w id="63" lemma="|so|" pos="IN" wid="63">so</w>
  <w id="64" lemma="|that|" pos="IN" wid="64">that</w>
  <w id="65" lemma="|not|" pos="RB" wid="65">not</w>
  <w id="66" lemma="|a|" pos="DT" wid="66">a</w>
  <w id="67" lemma="|hair|" pos="NN" wid="67">hair</w>
  <w id="68" lemma="|of|" pos="IN" wid="68">of</w>
  <w id="69" lemma="|you|" pos="PRP$" wid="69">your</w>
  <w id="70" lemma="|head|" pos="NN" wid="70">head</w>
  <w id="71" lemma="|will|" pos="MD" wid="71">will</w>
  <w id="72" lemma="|be|" pos="VB" wid="72">be</w>
  <w id="73" lemma="|lose|" pos="VBN" wid="73">lost</w>
  <w id="74" lemma="|;|" pos=":" wid="74">;</w>
  <w id="75" lemma="|the|" pos="DT" wid="75">the</w>
  <w id="76" lemma="|glorification|" pos="NN" wid="76">glorification</w>
  <w id="77" lemma="|after|" pos="IN" wid="77">after</w>
  <w id="78" lemma="|the|" pos="DT" wid="78">the</w>
  <w id="79" lemma="|resurrection|" pos="NN" wid="79">resurrection</w>
  <w id="80" lemma="|will|" pos="MD" wid="80">will</w>
  <w id="81" lemma="|be|" pos="VB" wid="81">be</w>
  <w id="82" lemma="|a|" pos="DT" wid="82">a</w>
  <w id="83" lemma="|gift|" pos="NN" wid="83">gift</w>
  <w id="84" lemma="|of|" pos="IN" wid="84">of</w>
  <w id="85" lemma="|God|" pos="NNP" wid="85">God</w>
  <w id="86" lemma="|;|" pos=":" wid="86">;</w>
  <w id="87" lemma="|and|" pos="CC" wid="87">and</w>
  <w id="88" lemma="|,|" pos="," wid="88">,</w>
  <w id="89" lemma="|finally|" pos="RB" wid="89">finally</w>
  <w id="90" lemma="|,|" pos="," wid="90">,</w>
  <w id="91" lemma="|it|" pos="PRP" wid="91">it</w>
  <w id="92" lemma="|will|" pos="MD" wid="92">will</w>
  <w id="93" lemma="|also|" pos="RB" wid="93">also</w>
  <w id="94" lemma="|be|" pos="VB" wid="94">be</w>
  <w id="95" lemma="|a|" pos="DT" wid="95">a</w>
  <w id="96" lemma="|gift|" pos="NN" wid="96">gift</w>
  <w id="97" lemma="|of|" pos="IN" wid="97">of</w>
  <w id="98" lemma="|God|" pos="NNP" wid="98">God</w>
  <w id="99" lemma="|to|" pos="TO" wid="99">to</w>
  <w id="100" lemma="|be|" pos="VB" wid="100">be</w>
  <w id="101" lemma="|able|" pos="JJ" wid="101">able</w>
  <w id="102" lemma="|to|" pos="TO" wid="102">to</w>
  <w id="103" lemma="|praise|" pos="VB" wid="103">praise</w>
  <w id="104" lemma="|he|" pos="PRP" wid="104">him</w>
  <w id="105" lemma="|continually|" pos="RB" wid="105">continually</w>
  <w id="106" lemma="|in|" pos="IN" wid="106">in</w>
  <w id="107" lemma="|eternity|" pos="NN" wid="107">eternity</w>
  <w id="108" lemma="|''|" pos="''" wid="108">''</w>
  <w id="109" lemma="|-lrb-|" pos="-LRB-" wid="109">-LRB-</w>
  <w id="110" lemma="|Homily|" pos="NNP" wid="110">Homily</w>
  <w id="111" lemma="|,|" pos="," wid="111">,</w>
  <w id="112" lemma="|5|" pos="CD" wid="112">5</w>
  <w id="113" lemma="|September|" pos="NNP" wid="113">September</w>
  <w id="114" lemma="|1583|" pos="CD" wid="114">1583</w>
  <w id="115" lemma="|-rrb-|" pos="-RRB-" wid="115">-RRB-</w>
  <w id="116" lemma="|.|" pos="." wid="116">.</w>
</sentence>
<sentence id="13">
  <w id="0" lemma="|while|" pos="IN" wid="0">While</w>
  <w id="1" lemma="|I|" pos="PRP" wid="1">I</w>
  <w id="2" lemma="|invite|" pos="VBP" wid="2">invite</w>
  <w id="3" lemma="|you|" pos="PRP" wid="3">you</w>
  <w id="4" lemma="|to|" pos="TO" wid="4">to</w>
  <w id="5" lemma="|mediate|" pos="VB" wid="5">mediate</w>
  <w id="6" lemma="|on|" pos="IN" wid="6">on</w>
  <w id="7" lemma="|these|" pos="DT" wid="7">these</w>
  <w id="8" lemma="|enlighten|" pos="VBG" wid="8">enlightening</w>
  <w id="9" lemma="|thought|" pos="NNS" wid="9">thoughts</w>
  <w id="10" lemma="|of|" pos="IN" wid="10">of</w>
  <w id="11" lemma="|the|" pos="DT" wid="11">the</w>
  <w id="12" lemma="|holy|" pos="JJ" wid="12">holy</w>
  <w id="13" lemma="|Archbishop|" pos="NNP" wid="13">Archbishop</w>
  <w id="14" lemma="|of|" pos="IN" wid="14">of</w>
  <w id="15" lemma="|Milan|" pos="NNP" wid="15">Milan</w>
  <w id="16" lemma="|,|" pos="," wid="16">,</w>
  <w id="17" lemma="|I|" pos="PRP" wid="17">I</w>
  <w id="18" lemma="|take|" pos="VBP" wid="18">take</w>
  <w id="19" lemma="|the|" pos="DT" wid="19">the</w>
  <w id="20" lemma="|opportunity|" pos="NN" wid="20">opportunity</w>
  <w id="21" lemma="|to|" pos="TO" wid="21">to</w>
  <w id="22" lemma="|thank|" pos="VB" wid="22">thank</w>
  <w id="23" lemma="|all|" pos="PDT" wid="23">all</w>
  <w id="24" lemma="|those|" pos="DT" wid="24">those</w>
  <w id="25" lemma="|who|" pos="WP" wid="25">who</w>
  <w id="26" lemma="|,|" pos="," wid="26">,</w>
  <w id="27" lemma="|remember|" pos="VBG" wid="27">remembering</w>
  <w id="28" lemma="|the|" pos="DT" wid="28">the</w>
  <w id="29" lemma="|feast|" pos="NN" wid="29">feast</w>
  <w id="30" lemma="|of|" pos="IN" wid="30">of</w>
  <w id="31" lemma="|St|" pos="NNP" wid="31">St</w>
  <w id="32" lemma="|Charles|" pos="NNP" wid="32">Charles</w>
  <w id="33" lemma="|,|" pos="," wid="33">,</w>
  <w id="34" lemma="|have|" pos="VBP" wid="34">have</w>
  <w id="35" lemma="|send|" pos="VBN" wid="35">sent</w>
  <w id="36" lemma="|I|" pos="PRP" wid="36">me</w>
  <w id="37" lemma="|good|" pos="JJ" wid="37">good</w>
  <w id="38" lemma="|wish|" pos="NNS" wid="38">wishes</w>
  <w id="39" lemma="|for|" pos="IN" wid="39">for</w>
  <w id="40" lemma="|my|" pos="PRP$" wid="40">my</w>
  <w id="41" lemma="|name|" pos="NN" wid="41">name</w>
  <w id="42" lemma="|day|" pos="NN" wid="42">day</w>
  <w id="43" lemma="|.|" pos="." wid="43">.</w>
</sentence>
<sentence id="14">
  <w id="0" lemma="|I|" pos="PRP" wid="0">I</w>
  <w id="1" lemma="|be|" pos="VBP" wid="1">am</w>
  <w id="2" lemma="|especially|" pos="RB" wid="2">especially</w>
  <w id="3" lemma="|grateful|" pos="JJ" wid="3">grateful</w>
  <w id="4" lemma="|for|" pos="IN" wid="4">for</w>
  <w id="5" lemma="|you|" pos="PRP$" wid="5">your</w>
  <w id="6" lemma="|assurance|" pos="NN" wid="6">assurance</w>
  <w id="7" lemma="|of|" pos="IN" wid="7">of</w>
  <w id="8" lemma="|prayer|" pos="NN" wid="8">prayer</w>
  <w id="9" lemma="|,|" pos="," wid="9">,</w>
  <w id="10" lemma="|which|" pos="WDT" wid="10">which</w>
  <w id="11" lemma="|I|" pos="PRP" wid="11">I</w>
  <w id="12" lemma="|wholeheartedly|" pos="RB" wid="12">wholeheartedly</w>
  <w id="13" lemma="|return|" pos="NN" wid="13">return</w>
  <w id="14" lemma="|,|" pos="," wid="14">,</w>
  <w id="15" lemma="|invoke|" pos="VBG" wid="15">invoking</w>
  <w id="16" lemma="|for|" pos="IN" wid="16">for</w>
  <w id="17" lemma="|you|" pos="PRP" wid="17">you</w>
  <w id="18" lemma="|abundant|" pos="JJ" wid="18">abundant</w>
  <w id="19" lemma="|heavenly|" pos="RB" wid="19">heavenly</w>
  <w id="20" lemma="|grace|" pos="VBZ" wid="20">graces</w>
  <w id="21" lemma="|.|" pos="." wid="21">.</w>
</sentence>
<sentence id="15">
  <w id="0" lemma="|3|" pos="LS" wid="0">3</w>
  <w id="1" lemma="|.|" pos="." wid="1">.</w>
</sentence>
<sentence id="16">
  <w id="0" lemma="|let|" pos="VB" wid="0">Let</w>
  <w id="1" lemma="|we|" pos="PRP" wid="1">us</w>
  <w id="2" lemma="|now|" pos="RB" wid="2">now</w>
  <w id="3" lemma="|turn|" pos="VBP" wid="3">turn</w>
  <w id="4" lemma="|to|" pos="TO" wid="4">to</w>
  <w id="5" lemma="|the|" pos="DT" wid="5">the</w>
  <w id="6" lemma="|Blessed|" pos="NNP" wid="6">Blessed</w>
  <w id="7" lemma="|Virgin|" pos="NNP" wid="7">Virgin</w>
  <w id="8" lemma="|Mary|" pos="NNP" wid="8">Mary</w>
  <w id="9" lemma="|and|" pos="CC" wid="9">and</w>
  <w id="10" lemma="|ask|" pos="VB" wid="10">ask</w>
  <w id="11" lemma="|she|" pos="PRP" wid="11">her</w>
  <w id="12" lemma="|to|" pos="TO" wid="12">to</w>
  <w id="13" lemma="|sustain|" pos="VB" wid="13">sustain</w>
  <w id="14" lemma="|we|" pos="PRP$" wid="14">our</w>
  <w id="15" lemma="|prayer|" pos="NN" wid="15">prayer</w>
  <w id="16" lemma="|,|" pos="," wid="16">,</w>
  <w id="17" lemma="|especially|" pos="RB" wid="17">especially</w>
  <w id="18" lemma="|,|" pos="," wid="18">,</w>
  <w id="19" lemma="|for|" pos="IN" wid="19">for</w>
  <w id="20" lemma="|the|" pos="DT" wid="20">the</w>
  <w id="21" lemma="|repose|" pos="NN" wid="21">repose</w>
  <w id="22" lemma="|of|" pos="IN" wid="22">of</w>
  <w id="23" lemma="|the|" pos="DT" wid="23">the</w>
  <w id="24" lemma="|faithful|" pos="NN" wid="24">faithful</w>
  <w id="25" lemma="|depart|" pos="VBD" wid="25">departed</w>
  <w id="26" lemma="|.|" pos="." wid="26">.</w>
</sentence>
<sentence id="17">
  <w id="0" lemma="|in|" pos="IN" wid="0">In</w>
  <w id="1" lemma="|this|" pos="DT" wid="1">this</w>
  <w id="2" lemma="|year|" pos="NN" wid="2">Year</w>
  <w id="3" lemma="|of|" pos="IN" wid="3">of</w>
  <w id="4" lemma="|the|" pos="DT" wid="4">the</w>
  <w id="5" lemma="|Rosary|" pos="NNP" wid="5">Rosary</w>
  <w id="6" lemma="|,|" pos="," wid="6">,</w>
  <w id="7" lemma="|let|" pos="VB" wid="7">let</w>
  <w id="8" lemma="|we|" pos="PRP" wid="8">us</w>
  <w id="9" lemma="|readily|" pos="RB" wid="9">readily</w>
  <w id="10" lemma="|place|" pos="VBP" wid="10">place</w>
  <w id="11" lemma="|ourselves|" pos="PRP" wid="11">ourselves</w>
  <w id="12" lemma="|in|" pos="IN" wid="12">in</w>
  <w id="13" lemma="|the|" pos="DT" wid="13">the</w>
  <w id="14" lemma="|school|" pos="NN" wid="14">school</w>
  <w id="15" lemma="|of|" pos="IN" wid="15">of</w>
  <w id="16" lemma="|the|" pos="DT" wid="16">the</w>
  <w id="17" lemma="|Virgin|" pos="NNP" wid="17">Virgin</w>
  <w id="18" lemma="|Mary|" pos="NNP" wid="18">Mary</w>
  <w id="19" lemma="|to|" pos="TO" wid="19">to</w>
  <w id="20" lemma="|contemplate|" pos="VB" wid="20">contemplate</w>
  <w id="21" lemma="|with|" pos="IN" wid="21">with</w>
  <w id="22" lemma="|she|" pos="PRP" wid="22">her</w>
  <w id="23" lemma="|the|" pos="DT" wid="23">the</w>
  <w id="24" lemma="|mystery|" pos="NN" wid="24">mystery</w>
  <w id="25" lemma="|of|" pos="IN" wid="25">of</w>
  <w id="26" lemma="|Christ|" pos="NNP" wid="26">Christ</w>
  <w id="27" lemma="|dead|" pos="JJ" wid="27">dead</w>
  <w id="28" lemma="|and|" pos="CC" wid="28">and</w>
  <w id="29" lemma="|rise|" pos="VBN" wid="29">risen</w>
  <w id="30" lemma="|,|" pos="," wid="30">,</w>
  <w id="31" lemma="|hope|" pos="NN" wid="31">hope</w>
  <w id="32" lemma="|of|" pos="IN" wid="32">of</w>
  <w id="33" lemma="|eternal|" pos="JJ" wid="33">eternal</w>
  <w id="34" lemma="|life|" pos="NN" wid="34">life</w>
  <w id="35" lemma="|for|" pos="IN" wid="35">for</w>
  <w id="36" lemma="|everyone|" pos="NN" wid="36">everyone</w>
  <w id="37" lemma="|.|" pos="." wid="37">.</w>
</sentence>
<sentence id="18">
  <w id="0" lemma="|after|" pos="IN" wid="0">After</w>
  <w id="1" lemma="|the|" pos="DT" wid="1">the</w>
  <w id="2" lemma="|Angelus|" pos="NNP" wid="2">Angelus</w>
  <w id="3" lemma="|:|" pos=":" wid="3">:</w>
  <w id="4" lemma="|for|" pos="IN" wid="4">for</w>
  <w id="5" lemma="|stricken|" pos="JJ" wid="5">stricken</w>
  <w id="6" lemma="|community|" pos="NN" wid="6">community</w>
  <w id="7" lemma="|in|" pos="IN" wid="7">in</w>
  <w id="8" lemma="|Molise|" pos="NNP" wid="8">Molise</w>
  <w id="9" lemma="|region|" pos="NN" wid="9">region</w>
  <w id="10" lemma="|Today|" pos="NNP" wid="10">Today</w>
  <w id="11" lemma="|we|" pos="PRP" wid="11">we</w>
  <w id="12" lemma="|all|" pos="DT" wid="12">all</w>
  <w id="13" lemma="|share|" pos="VBD" wid="13">shared</w>
  <w id="14" lemma="|spiritually|" pos="RB" wid="14">spiritually</w>
  <w id="15" lemma="|in|" pos="IN" wid="15">in</w>
  <w id="16" lemma="|the|" pos="DT" wid="16">the</w>
  <w id="17" lemma="|sorrow|" pos="NN" wid="17">sorrow</w>
  <w id="18" lemma="|of|" pos="IN" wid="18">of</w>
  <w id="19" lemma="|the|" pos="DT" wid="19">the</w>
  <w id="20" lemma="|community|" pos="NN" wid="20">community</w>
  <w id="21" lemma="|of|" pos="IN" wid="21">of</w>
  <w id="22" lemma="|San|" pos="NNP" wid="22">San</w>
  <w id="23" lemma="|Giuliano|" pos="NNP" wid="23">Giuliano</w>
  <w id="24" lemma="|of|" pos="IN" wid="24">of</w>
  <w id="25" lemma="|Puglia|" pos="NNP" wid="25">Puglia</w>
  <w id="26" lemma="|,|" pos="," wid="26">,</w>
  <w id="27" lemma="|so|" pos="RB" wid="27">so</w>
  <w id="28" lemma="|stricken|" pos="JJ" wid="28">stricken</w>
  <w id="29" lemma="|by|" pos="IN" wid="29">by</w>
  <w id="30" lemma="|the|" pos="DT" wid="30">the</w>
  <w id="31" lemma="|tragic|" pos="JJ" wid="31">tragic</w>
  <w id="32" lemma="|loss|" pos="NN" wid="32">loss</w>
  <w id="33" lemma="|of|" pos="IN" wid="33">of</w>
  <w id="34" lemma="|many|" pos="JJ" wid="34">many</w>
  <w id="35" lemma="|of|" pos="IN" wid="35">of</w>
  <w id="36" lemma="|its|" pos="PRP$" wid="36">its</w>
  <w id="37" lemma="|child|" pos="NNS" wid="37">children</w>
  <w id="38" lemma="|.|" pos="." wid="38">.</w>
</sentence>
<sentence id="19">
  <w id="0" lemma="|once|" pos="RB" wid="0">Once</w>
  <w id="1" lemma="|again|" pos="RB" wid="1">again</w>
  <w id="2" lemma="|,|" pos="," wid="2">,</w>
  <w id="3" lemma="|I|" pos="PRP" wid="3">I</w>
  <w id="4" lemma="|wish|" pos="VBP" wid="4">wish</w>
  <w id="5" lemma="|to|" pos="TO" wid="5">to</w>
  <w id="6" lemma="|say|" pos="VB" wid="6">say</w>
  <w id="7" lemma="|to|" pos="TO" wid="7">to</w>
  <w id="8" lemma="|those|" pos="DT" wid="8">those</w>
  <w id="9" lemma="|dear|" pos="RB" wid="9">dear</w>
  <w id="10" lemma="|family|" pos="NNS" wid="10">families</w>
  <w id="11" lemma="|that|" pos="IN" wid="11">that</w>
  <w id="12" lemma="|the|" pos="DT" wid="12">the</w>
  <w id="13" lemma="|Pope|" pos="NNP" wid="13">Pope</w>
  <w id="14" lemma="|be|" pos="VBZ" wid="14">is</w>
  <w id="15" lemma="|near|" pos="IN" wid="15">near</w>
  <w id="16" lemma="|they|" pos="PRP" wid="16">them</w>
  <w id="17" lemma="|and|" pos="CC" wid="17">and</w>
  <w id="18" lemma="|pray|" pos="VBZ" wid="18">prays</w>
  <w id="19" lemma="|for|" pos="IN" wid="19">for</w>
  <w id="20" lemma="|they|" pos="PRP" wid="20">them</w>
  <w id="21" lemma="|,|" pos="," wid="21">,</w>
  <w id="22" lemma="|ask|" pos="VBG" wid="22">asking</w>
  <w id="23" lemma="|the|" pos="DT" wid="23">the</w>
  <w id="24" lemma="|Lord|" pos="NNP" wid="24">Lord</w>
  <w id="25" lemma="|,|" pos="," wid="25">,</w>
  <w id="26" lemma="|through|" pos="IN" wid="26">through</w>
  <w id="27" lemma="|the|" pos="DT" wid="27">the</w>
  <w id="28" lemma="|intercession|" pos="NN" wid="28">intercession</w>
  <w id="29" lemma="|of|" pos="IN" wid="29">of</w>
  <w id="30" lemma="|Mary|" pos="NNP" wid="30">Mary</w>
  <w id="31" lemma="|,|" pos="," wid="31">,</w>
  <w id="32" lemma="|Mother|" pos="NNP" wid="32">Mother</w>
  <w id="33" lemma="|of|" pos="IN" wid="33">of</w>
  <w id="34" lemma="|mercy|" pos="NN" wid="34">mercy</w>
  <w id="35" lemma="|,|" pos="," wid="35">,</w>
  <w id="36" lemma="|the|" pos="DT" wid="36">the</w>
  <w id="37" lemma="|consolation|" pos="NN" wid="37">consolation</w>
  <w id="38" lemma="|of|" pos="IN" wid="38">of</w>
  <w id="39" lemma="|christian|" pos="JJ" wid="39">Christian</w>
  <w id="40" lemma="|faith|" pos="NN" wid="40">faith</w>
  <w id="41" lemma="|and|" pos="CC" wid="41">and</w>
  <w id="42" lemma="|hope|" pos="NN" wid="42">hope</w>
  <w id="43" lemma="|.|" pos="." wid="43">.</w>
</sentence>
</corpus>