<corpus id="0">
<sentence id="0">
  <w id="0" lemma="|Dear|" pos="NNP" wid="0">Dear</w>
  <w id="1" lemma="|Brothers|" pos="NNPS" wid="1">Brothers</w>
  <w id="2" lemma="|and|" pos="CC" wid="2">and</w>
  <w id="3" lemma="|sister|" pos="NNS" wid="3">Sisters</w>
  <w id="4" lemma="|,|" pos="," wid="4">,</w>
  <w id="5" lemma="|1|" pos="CD" wid="5">1</w>
  <w id="6" lemma="|.|" pos="." wid="6">.</w>
</sentence>
<sentence id="1">
  <w id="0" lemma="|today|" pos="NN" wid="0">Today</w>
  <w id="1" lemma="|I|" pos="PRP" wid="1">I</w>
  <w id="2" lemma="|have|" pos="VBP" wid="2">have</w>
  <w id="3" lemma="|the|" pos="DT" wid="3">the</w>
  <w id="4" lemma="|joy|" pos="NN" wid="4">joy</w>
  <w id="5" lemma="|of|" pos="IN" wid="5">of</w>
  <w id="6" lemma="|hold|" pos="VBG" wid="6">holding</w>
  <w id="7" lemma="|we|" pos="PRP$" wid="7">our</w>
  <w id="8" lemma="|usual|" pos="JJ" wid="8">usual</w>
  <w id="9" lemma="|Sunday|" pos="NNP" wid="9">Sunday</w>
  <w id="10" lemma="|gathering|" pos="NN" wid="10">gathering</w>
  <w id="11" lemma="|for|" pos="IN" wid="11">for</w>
  <w id="12" lemma="|the|" pos="DT" wid="12">the</w>
  <w id="13" lemma="|Angelus|" pos="NNP" wid="13">Angelus</w>
  <w id="14" lemma="|prayer|" pos="NN" wid="14">prayer</w>
  <w id="15" lemma="|amid|" pos="IN" wid="15">amid</w>
  <w id="16" lemma="|the|" pos="DT" wid="16">the</w>
  <w id="17" lemma="|mountain|" pos="NNS" wid="17">mountains</w>
  <w id="18" lemma="|of|" pos="IN" wid="18">of</w>
  <w id="19" lemma="|val|" pos="NN" wid="19">Val</w>
  <w id="20" lemma="|d'aosta|" pos="NN" wid="20">d'Aosta</w>
  <w id="21" lemma="|,|" pos="," wid="21">,</w>
  <w id="22" lemma="|from|" pos="IN" wid="22">from</w>
  <w id="23" lemma="|Les|" pos="NNP" wid="23">Les</w>
  <w id="24" lemma="|Combes|" pos="NNP" wid="24">Combes</w>
  <w id="25" lemma="|,|" pos="," wid="25">,</w>
  <w id="26" lemma="|this|" pos="DT" wid="26">this</w>
  <w id="27" lemma="|marvellous|" pos="JJ" wid="27">marvellous</w>
  <w id="28" lemma="|resort|" pos="NN" wid="28">resort</w>
  <w id="29" lemma="|,|" pos="," wid="29">,</w>
  <w id="30" lemma="|where|" pos="WRB" wid="30">where</w>
  <w id="31" lemma="|for|" pos="IN" wid="31">for</w>
  <w id="32" lemma="|the|" pos="DT" wid="32">the</w>
  <w id="33" lemma="|sixth|" pos="JJ" wid="33">sixth</w>
  <w id="34" lemma="|time|" pos="NN" wid="34">time</w>
  <w id="35" lemma="|I|" pos="PRP" wid="35">I</w>
  <w id="36" lemma="|be|" pos="VBP" wid="36">am</w>
  <w id="37" lemma="|spend|" pos="VBG" wid="37">spending</w>
  <w id="38" lemma="|a|" pos="DT" wid="38">a</w>
  <w id="39" lemma="|few|" pos="JJ" wid="39">few</w>
  <w id="40" lemma="|day|" pos="NNS" wid="40">days</w>
  <w id="41" lemma="|on|" pos="IN" wid="41">on</w>
  <w id="42" lemma="|holiday|" pos="NN" wid="42">holiday</w>
  <w id="43" lemma="|.|" pos="." wid="43">.</w>
</sentence>
<sentence id="2">
  <w id="0" lemma="|I|" pos="PRP" wid="0">I</w>
  <w id="1" lemma="|address|" pos="VBP" wid="1">address</w>
  <w id="2" lemma="|a|" pos="DT" wid="2">a</w>
  <w id="3" lemma="|fraternal|" pos="NN" wid="3">fraternal</w>
  <w id="4" lemma="|greet|" pos="VBG" wid="4">greeting</w>
  <w id="5" lemma="|to|" pos="TO" wid="5">to</w>
  <w id="6" lemma="|Bishop|" pos="NNP" wid="6">Bishop</w>
  <w id="7" lemma="|Giuseppe|" pos="NNP" wid="7">Giuseppe</w>
  <w id="8" lemma="|Anfossi|" pos="NNP" wid="8">Anfossi</w>
  <w id="9" lemma="|of|" pos="IN" wid="9">of</w>
  <w id="10" lemma="|Aosta|" pos="NNP" wid="10">Aosta</w>
  <w id="11" lemma="|,|" pos="," wid="11">,</w>
  <w id="12" lemma="|in|" pos="IN" wid="12">in</w>
  <w id="13" lemma="|gratitude|" pos="NN" wid="13">gratitude</w>
  <w id="14" lemma="|for|" pos="IN" wid="14">for</w>
  <w id="15" lemma="|the|" pos="DT" wid="15">the</w>
  <w id="16" lemma="|hospitality|" pos="NN" wid="16">hospitality</w>
  <w id="17" lemma="|he|" pos="PRP" wid="17">he</w>
  <w id="18" lemma="|have|" pos="VBZ" wid="18">has</w>
  <w id="19" lemma="|kindly|" pos="RB" wid="19">kindly</w>
  <w id="20" lemma="|offer|" pos="VBN" wid="20">offered</w>
  <w id="21" lemma="|I|" pos="PRP" wid="21">me</w>
  <w id="22" lemma="|.|" pos="." wid="22">.</w>
</sentence>
<sentence id="3">
  <w id="0" lemma="|I|" pos="PRP" wid="0">I</w>
  <w id="1" lemma="|see|" pos="VBP" wid="1">see</w>
  <w id="2" lemma="|represent|" pos="VBN" wid="2">represented</w>
  <w id="3" lemma="|in|" pos="IN" wid="3">in</w>
  <w id="4" lemma="|he|" pos="PRP" wid="4">him</w>
  <w id="5" lemma="|the|" pos="DT" wid="5">the</w>
  <w id="6" lemma="|whole|" pos="JJ" wid="6">whole</w>
  <w id="7" lemma="|ecclesial|" pos="JJ" wid="7">Ecclesial</w>
  <w id="8" lemma="|community|" pos="NN" wid="8">Community</w>
  <w id="9" lemma="|of|" pos="IN" wid="9">of</w>
  <w id="10" lemma="|val|" pos="NN" wid="10">Val</w>
  <w id="11" lemma="|d'aosta|" pos="NN" wid="11">d'Aosta</w>
  <w id="12" lemma="|which|" pos="WDT" wid="12">which</w>
  <w id="13" lemma="|be|" pos="VBZ" wid="13">is</w>
  <w id="14" lemma="|so|" pos="RB" wid="14">so</w>
  <w id="15" lemma="|dear|" pos="RB" wid="15">dear</w>
  <w id="16" lemma="|to|" pos="TO" wid="16">to</w>
  <w id="17" lemma="|I|" pos="PRP" wid="17">me</w>
  <w id="18" lemma="|:|" pos=":" wid="18">:</w>
  <w id="19" lemma="|my|" pos="PRP$" wid="19">my</w>
  <w id="20" lemma="|cordial|" pos="JJ" wid="20">cordial</w>
  <w id="21" lemma="|greet|" pos="VBG" wid="21">greeting</w>
  <w id="22" lemma="|go|" pos="VBZ" wid="22">goes</w>
  <w id="23" lemma="|to|" pos="TO" wid="23">to</w>
  <w id="24" lemma="|each|" pos="DT" wid="24">each</w>
  <w id="25" lemma="|inhabitant|" pos="NN" wid="25">inhabitant</w>
  <w id="26" lemma="|of|" pos="IN" wid="26">of</w>
  <w id="27" lemma="|the|" pos="DT" wid="27">the</w>
  <w id="28" lemma="|valley|" pos="NN" wid="28">valley</w>
  <w id="29" lemma="|.|" pos="." wid="29">.</w>
</sentence>
<sentence id="4">
  <w id="0" lemma="|I|" pos="PRP" wid="0">I</w>
  <w id="1" lemma="|also|" pos="RB" wid="1">also</w>
  <w id="2" lemma="|greet|" pos="VBP" wid="2">greet</w>
  <w id="3" lemma="|the|" pos="DT" wid="3">the</w>
  <w id="4" lemma="|mayor|" pos="NN" wid="4">mayor</w>
  <w id="5" lemma="|of|" pos="IN" wid="5">of</w>
  <w id="6" lemma="|Introd|" pos="NNP" wid="6">Introd</w>
  <w id="7" lemma="|and|" pos="CC" wid="7">and</w>
  <w id="8" lemma="|express|" pos="VB" wid="8">express</w>
  <w id="9" lemma="|my|" pos="PRP$" wid="9">my</w>
  <w id="10" lemma="|deep|" pos="JJ" wid="10">deep</w>
  <w id="11" lemma="|gratitude|" pos="NN" wid="11">gratitude</w>
  <w id="12" lemma="|to|" pos="TO" wid="12">to</w>
  <w id="13" lemma="|he|" pos="PRP" wid="13">him</w>
  <w id="14" lemma="|and|" pos="CC" wid="14">and</w>
  <w id="15" lemma="|to|" pos="TO" wid="15">to</w>
  <w id="16" lemma="|the|" pos="DT" wid="16">the</w>
  <w id="17" lemma="|citizen|" pos="NNS" wid="17">citizens</w>
  <w id="18" lemma="|of|" pos="IN" wid="18">of</w>
  <w id="19" lemma="|the|" pos="DT" wid="19">the</w>
  <w id="20" lemma="|village|" pos="NN" wid="20">village</w>
  <w id="21" lemma="|for|" pos="IN" wid="21">for</w>
  <w id="22" lemma="|they|" pos="PRP$" wid="22">their</w>
  <w id="23" lemma="|kind|" pos="NN" wid="23">kind</w>
  <w id="24" lemma="|welcome|" pos="JJ" wid="24">welcome</w>
  <w id="25" lemma="|to|" pos="TO" wid="25">to</w>
  <w id="26" lemma="|this|" pos="DT" wid="26">this</w>
  <w id="27" lemma="|enchant|" pos="VBG" wid="27">enchanting</w>
  <w id="28" lemma="|place|" pos="NN" wid="28">place</w>
  <w id="29" lemma="|.|" pos="." wid="29">.</w>
</sentence>
<sentence id="5">
  <w id="0" lemma="|lastly|" pos="RB" wid="0">Lastly</w>
  <w id="1" lemma="|I|" pos="PRP" wid="1">I</w>
  <w id="2" lemma="|address|" pos="VBP" wid="2">address</w>
  <w id="3" lemma="|a|" pos="DT" wid="3">a</w>
  <w id="4" lemma="|warm|" pos="JJ" wid="4">warm</w>
  <w id="5" lemma="|greet|" pos="VBG" wid="5">greeting</w>
  <w id="6" lemma="|to|" pos="TO" wid="6">to</w>
  <w id="7" lemma="|all|" pos="DT" wid="7">all</w>
  <w id="8" lemma="|of|" pos="IN" wid="8">of</w>
  <w id="9" lemma="|you|" pos="PRP" wid="9">you</w>
  <w id="10" lemma="|,|" pos="," wid="10">,</w>
  <w id="11" lemma="|resident|" pos="NNS" wid="11">residents</w>
  <w id="12" lemma="|of|" pos="IN" wid="12">of</w>
  <w id="13" lemma="|the|" pos="DT" wid="13">the</w>
  <w id="14" lemma="|valley|" pos="NN" wid="14">valley</w>
  <w id="15" lemma="|and|" pos="CC" wid="15">and</w>
  <w id="16" lemma="|tourist|" pos="NNS" wid="16">tourists</w>
  <w id="17" lemma="|,|" pos="," wid="17">,</w>
  <w id="18" lemma="|who|" pos="WP" wid="18">who</w>
  <w id="19" lemma="|have|" pos="VBP" wid="19">have</w>
  <w id="20" lemma="|gather|" pos="VBN" wid="20">gathered</w>
  <w id="21" lemma="|here|" pos="RB" wid="21">here</w>
  <w id="22" lemma="|to|" pos="TO" wid="22">to</w>
  <w id="23" lemma="|show|" pos="VB" wid="23">show</w>
  <w id="24" lemma="|I|" pos="PRP" wid="24">me</w>
  <w id="25" lemma="|you|" pos="PRP$" wid="25">your</w>
  <w id="26" lemma="|affection|" pos="NN" wid="26">affection</w>
  <w id="27" lemma="|.|" pos="." wid="27">.</w>
</sentence>
<sentence id="6">
  <w id="0" lemma="|I|" pos="PRP" wid="0">I</w>
  <w id="1" lemma="|be|" pos="VBP" wid="1">am</w>
  <w id="2" lemma="|grateful|" pos="JJ" wid="2">grateful</w>
  <w id="3" lemma="|to|" pos="TO" wid="3">to</w>
  <w id="4" lemma="|God|" pos="NNP" wid="4">God</w>
  <w id="5" lemma="|for|" pos="IN" wid="5">for</w>
  <w id="6" lemma="|this|" pos="DT" wid="6">this</w>
  <w id="7" lemma="|period|" pos="NN" wid="7">period</w>
  <w id="8" lemma="|of|" pos="IN" wid="8">of</w>
  <w id="9" lemma="|rest|" pos="NN" wid="9">rest</w>
  <w id="10" lemma="|in|" pos="IN" wid="10">in</w>
  <w id="11" lemma="|the|" pos="DT" wid="11">the</w>
  <w id="12" lemma="|stillness|" pos="NN" wid="12">stillness</w>
  <w id="13" lemma="|of|" pos="IN" wid="13">of</w>
  <w id="14" lemma="|these|" pos="DT" wid="14">these</w>
  <w id="15" lemma="|mountain|" pos="NNS" wid="15">mountains</w>
  <w id="16" lemma="|,|" pos="," wid="16">,</w>
  <w id="17" lemma="|whose|" pos="WP$" wid="17">whose</w>
  <w id="18" lemma="|majestic|" pos="JJ" wid="18">majestic</w>
  <w id="19" lemma="|sight|" pos="NN" wid="19">sight</w>
  <w id="20" lemma="|invite|" pos="VBZ" wid="20">invites</w>
  <w id="21" lemma="|the|" pos="DT" wid="21">the</w>
  <w id="22" lemma="|soul|" pos="NN" wid="22">soul</w>
  <w id="23" lemma="|to|" pos="TO" wid="23">to</w>
  <w id="24" lemma="|rise|" pos="VB" wid="24">rise</w>
  <w id="25" lemma="|in|" pos="IN" wid="25">in</w>
  <w id="26" lemma="|contemplation|" pos="NN" wid="26">contemplation</w>
  <w id="27" lemma="|of|" pos="IN" wid="27">of</w>
  <w id="28" lemma="|the|" pos="DT" wid="28">the</w>
  <w id="29" lemma="|wisdom|" pos="NN" wid="29">wisdom</w>
  <w id="30" lemma="|and|" pos="CC" wid="30">and</w>
  <w id="31" lemma="|goodness|" pos="NN" wid="31">goodness</w>
  <w id="32" lemma="|of|" pos="IN" wid="32">of</w>
  <w id="33" lemma="|the|" pos="DT" wid="33">the</w>
  <w id="34" lemma="|Creator|" pos="NNP" wid="34">Creator</w>
  <w id="35" lemma="|.|" pos="." wid="35">.</w>
</sentence>
<sentence id="7">
  <w id="0" lemma="|today|" pos="NN" wid="0">Today</w>
  <w id="1" lemma="|the|" pos="DT" wid="1">the</w>
  <w id="2" lemma="|Second|" pos="NNP" wid="2">Second</w>
  <w id="3" lemma="|International|" pos="NNP" wid="3">International</w>
  <w id="4" lemma="|meet|" pos="VBG" wid="4">Meeting</w>
  <w id="5" lemma="|of|" pos="IN" wid="5">of</w>
  <w id="6" lemma="|Priests|" pos="NNPS" wid="6">Priests</w>
  <w id="7" lemma="|in|" pos="IN" wid="7">in</w>
  <w id="8" lemma="|preparation|" pos="NN" wid="8">preparation</w>
  <w id="9" lemma="|for|" pos="IN" wid="9">for</w>
  <w id="10" lemma="|the|" pos="DT" wid="10">the</w>
  <w id="11" lemma="|great|" pos="JJ" wid="11">Great</w>
  <w id="12" lemma="|jubilee|" pos="NN" wid="12">Jubilee</w>
  <w id="13" lemma="|of|" pos="IN" wid="13">of</w>
  <w id="14" lemma="|the|" pos="DT" wid="14">the</w>
  <w id="15" lemma="|year|" pos="NN" wid="15">Year</w>
  <w id="16" lemma="|2000|" pos="CD" wid="16">2000</w>
  <w id="17" lemma="|conclude|" pos="VBZ" wid="17">concludes</w>
  <w id="18" lemma="|in|" pos="IN" wid="18">in</w>
  <w id="19" lemma="|the|" pos="DT" wid="19">the</w>
  <w id="20" lemma="|great|" pos="JJ" wid="20">great</w>
  <w id="21" lemma="|basilica|" pos="NN" wid="21">Basilica</w>
  <w id="22" lemma="|of|" pos="IN" wid="22">of</w>
  <w id="23" lemma="|Our|" pos="NNP" wid="23">Our</w>
  <w id="24" lemma="|Lady|" pos="NNP" wid="24">Lady</w>
  <w id="25" lemma="|of|" pos="IN" wid="25">of</w>
  <w id="26" lemma="|Peace|" pos="NNP" wid="26">Peace</w>
  <w id="27" lemma="|in|" pos="IN" wid="27">in</w>
  <w id="28" lemma="|Yamoussoukro|" pos="NNP" wid="28">Yamoussoukro</w>
  <w id="29" lemma="|,|" pos="," wid="29">,</w>
  <w id="30" lemma="|Côte|" pos="NNP" wid="30">Côte</w>
  <w id="31" lemma="|d'Ivoire|" pos="NNP" wid="31">d'Ivoire</w>
  <w id="32" lemma="|.|" pos="." wid="32">.</w>
</sentence>
<sentence id="8">
  <w id="0" lemma="|for|" pos="IN" wid="0">For</w>
  <w id="1" lemma="|this|" pos="DT" wid="1">this</w>
  <w id="2" lemma="|reason|" pos="NN" wid="2">reason</w>
  <w id="3" lemma="|,|" pos="," wid="3">,</w>
  <w id="4" lemma="|I|" pos="PRP" wid="4">I</w>
  <w id="5" lemma="|now|" pos="RB" wid="5">now</w>
  <w id="6" lemma="|address|" pos="VBP" wid="6">address</w>
  <w id="7" lemma="|all|" pos="PDT" wid="7">all</w>
  <w id="8" lemma="|those|" pos="DT" wid="8">those</w>
  <w id="9" lemma="|who|" pos="WP" wid="9">who</w>
  <w id="10" lemma="|be|" pos="VBP" wid="10">are</w>
  <w id="11" lemma="|take|" pos="VBG" wid="11">taking</w>
  <w id="12" lemma="|part|" pos="NN" wid="12">part</w>
  <w id="13" lemma="|in|" pos="IN" wid="13">in</w>
  <w id="14" lemma="|this|" pos="DT" wid="14">this</w>
  <w id="15" lemma="|spiritual|" pos="JJ" wid="15">spiritual</w>
  <w id="16" lemma="|gathering|" pos="NN" wid="16">gathering</w>
  <w id="17" lemma="|,|" pos="," wid="17">,</w>
  <w id="18" lemma="|use|" pos="VBG" wid="18">using</w>
  <w id="19" lemma="|the|" pos="DT" wid="19">the</w>
  <w id="20" lemma="|link-up|" pos="NN" wid="20">link-up</w>
  <w id="21" lemma="|set|" pos="VBN" wid="21">set</w>
  <w id="22" lemma="|up|" pos="RP" wid="22">up</w>
  <w id="23" lemma="|for|" pos="IN" wid="23">for</w>
  <w id="24" lemma="|this|" pos="DT" wid="24">this</w>
  <w id="25" lemma="|purpose|" pos="NN" wid="25">purpose</w>
  <w id="26" lemma="|by|" pos="IN" wid="26">by</w>
  <w id="27" lemma="|rai|" pos="NN" wid="27">RAI</w>
  <w id="28" lemma="|-lsb-|" pos="-LRB-" wid="28">-LSB-</w>
  <w id="29" lemma="|the|" pos="DT" wid="29">the</w>
  <w id="30" lemma="|Italian|" pos="NNP" wid="30">Italian</w>
  <w id="31" lemma="|Broadcasting|" pos="NNP" wid="31">Broadcasting</w>
  <w id="32" lemma="|Company|" pos="NNP" wid="32">Company</w>
  <w id="33" lemma="|-rsb-|" pos="-RRB-" wid="33">-RSB-</w>
  <w id="34" lemma="|,|" pos="," wid="34">,</w>
  <w id="35" lemma="|to|" pos="TO" wid="35">to</w>
  <w id="36" lemma="|which|" pos="WDT" wid="36">which</w>
  <w id="37" lemma="|I|" pos="PRP" wid="37">I</w>
  <w id="38" lemma="|offer|" pos="VBP" wid="38">offer</w>
  <w id="39" lemma="|my|" pos="PRP$" wid="39">my</w>
  <w id="40" lemma="|heartfelt|" pos="JJ" wid="40">heartfelt</w>
  <w id="41" lemma="|thanks|" pos="NNS" wid="41">thanks</w>
  <w id="42" lemma="|.|" pos="." wid="42">.</w>
</sentence>
<sentence id="9">
  <w id="0" lemma="|2|" pos="CD" wid="0">2</w>
  <w id="1" lemma="|.|" pos="." wid="1">.</w>
</sentence>
<sentence id="10">
  <w id="0" lemma="|you|" pos="PRP$" wid="0">Your</w>
  <w id="1" lemma="|eminence|" pos="NNS" wid="1">Eminences</w>
  <w id="2" lemma="|,|" pos="," wid="2">,</w>
  <w id="3" lemma="|venerable|" pos="JJ" wid="3">venerable</w>
  <w id="4" lemma="|brothers|" pos="NN" wid="4">Brothers</w>
  <w id="5" lemma="|in|" pos="IN" wid="5">in</w>
  <w id="6" lemma="|the|" pos="DT" wid="6">the</w>
  <w id="7" lemma="|Episcopate|" pos="NNP" wid="7">Episcopate</w>
  <w id="8" lemma="|and|" pos="CC" wid="8">and</w>
  <w id="9" lemma="|dear|" pos="RB" wid="9">dear</w>
  <w id="10" lemma="|priest|" pos="NNS" wid="10">priests</w>
  <w id="11" lemma="|who|" pos="WP" wid="11">who</w>
  <w id="12" lemma="|have|" pos="VBP" wid="12">have</w>
  <w id="13" lemma="|come|" pos="VBN" wid="13">come</w>
  <w id="14" lemma="|to|" pos="TO" wid="14">to</w>
  <w id="15" lemma="|côte|" pos="FW" wid="15">Côte</w>
  <w id="16" lemma="|d'ivoire|" pos="FW" wid="16">d'Ivoire</w>
  <w id="17" lemma="|from|" pos="IN" wid="17">from</w>
  <w id="18" lemma="|various|" pos="JJ" wid="18">various</w>
  <w id="19" lemma="|continent|" pos="NNS" wid="19">continents</w>
  <w id="20" lemma="|,|" pos="," wid="20">,</w>
  <w id="21" lemma="|I|" pos="PRP" wid="21">I</w>
  <w id="22" lemma="|give|" pos="VBP" wid="22">give</w>
  <w id="23" lemma="|you|" pos="PRP" wid="23">you</w>
  <w id="24" lemma="|all|" pos="PDT" wid="24">all</w>
  <w id="25" lemma="|the|" pos="DT" wid="25">the</w>
  <w id="26" lemma="|kiss|" pos="NN" wid="26">kiss</w>
  <w id="27" lemma="|of|" pos="IN" wid="27">of</w>
  <w id="28" lemma="|peace|" pos="NN" wid="28">peace</w>
  <w id="29" lemma="|.|" pos="." wid="29">.</w>
</sentence>
<sentence id="11">
  <w id="0" lemma="|I|" pos="PRP" wid="0">I</w>
  <w id="1" lemma="|respectfully|" pos="RB" wid="1">respectfully</w>
  <w id="2" lemma="|greet|" pos="VB" wid="2">greet</w>
  <w id="3" lemma="|the|" pos="DT" wid="3">the</w>
  <w id="4" lemma="|President|" pos="NNP" wid="4">President</w>
  <w id="5" lemma="|of|" pos="IN" wid="5">of</w>
  <w id="6" lemma="|Côte|" pos="NNP" wid="6">Côte</w>
  <w id="7" lemma="|d'Ivoire|" pos="NNP" wid="7">d'Ivoire</w>
  <w id="8" lemma="|,|" pos="," wid="8">,</w>
  <w id="9" lemma="|who|" pos="WP" wid="9">who</w>
  <w id="10" lemma="|have|" pos="VBZ" wid="10">has</w>
  <w id="11" lemma="|make|" pos="VBN" wid="11">made</w>
  <w id="12" lemma="|great|" pos="JJ" wid="12">great</w>
  <w id="13" lemma="|effort|" pos="NNS" wid="13">efforts</w>
  <w id="14" lemma="|for|" pos="IN" wid="14">for</w>
  <w id="15" lemma="|the|" pos="DT" wid="15">the</w>
  <w id="16" lemma="|success|" pos="NN" wid="16">success</w>
  <w id="17" lemma="|of|" pos="IN" wid="17">of</w>
  <w id="18" lemma="|you|" pos="PRP$" wid="18">your</w>
  <w id="19" lemma="|meeting|" pos="NN" wid="19">meeting</w>
  <w id="20" lemma="|and|" pos="CC" wid="20">and</w>
  <w id="21" lemma="|who|" pos="WP" wid="21">who</w>
  <w id="22" lemma="|,|" pos="," wid="22">,</w>
  <w id="23" lemma="|together|" pos="RB" wid="23">together</w>
  <w id="24" lemma="|with|" pos="IN" wid="24">with</w>
  <w id="25" lemma="|the|" pos="DT" wid="25">the</w>
  <w id="26" lemma="|other|" pos="JJ" wid="26">other</w>
  <w id="27" lemma="|authority|" pos="NNS" wid="27">authorities</w>
  <w id="28" lemma="|of|" pos="IN" wid="28">of</w>
  <w id="29" lemma="|the|" pos="DT" wid="29">the</w>
  <w id="30" lemma="|country|" pos="NN" wid="30">country</w>
  <w id="31" lemma="|and|" pos="CC" wid="31">and</w>
  <w id="32" lemma="|the|" pos="DT" wid="32">the</w>
  <w id="33" lemma="|people|" pos="NNS" wid="33">people</w>
  <w id="34" lemma="|of|" pos="IN" wid="34">of</w>
  <w id="35" lemma="|côte|" pos="FW" wid="35">Côte</w>
  <w id="36" lemma="|d'ivoire|" pos="FW" wid="36">d'Ivoire</w>
  <w id="37" lemma="|who|" pos="WP" wid="37">who</w>
  <w id="38" lemma="|be|" pos="VBP" wid="38">are</w>
  <w id="39" lemma="|attend|" pos="VBG" wid="39">attending</w>
  <w id="40" lemma="|in|" pos="IN" wid="40">in</w>
  <w id="41" lemma="|large|" pos="JJ" wid="41">large</w>
  <w id="42" lemma="|number|" pos="NNS" wid="42">numbers</w>
  <w id="43" lemma="|,|" pos="," wid="43">,</w>
  <w id="44" lemma="|have|" pos="VBZ" wid="44">has</w>
  <w id="45" lemma="|wish|" pos="VBN" wid="45">wished</w>
  <w id="46" lemma="|to|" pos="TO" wid="46">to</w>
  <w id="47" lemma="|honour|" pos="VB" wid="47">honour</w>
  <w id="48" lemma="|the|" pos="DT" wid="48">the</w>
  <w id="49" lemma="|event|" pos="NN" wid="49">event</w>
  <w id="50" lemma="|organize|" pos="VBN" wid="50">organized</w>
  <w id="51" lemma="|by|" pos="IN" wid="51">by</w>
  <w id="52" lemma="|the|" pos="DT" wid="52">the</w>
  <w id="53" lemma="|congregation|" pos="NN" wid="53">Congregation</w>
  <w id="54" lemma="|for|" pos="IN" wid="54">for</w>
  <w id="55" lemma="|the|" pos="DT" wid="55">the</w>
  <w id="56" lemma="|Clergy|" pos="NNP" wid="56">Clergy</w>
  <w id="57" lemma="|in|" pos="IN" wid="57">in</w>
  <w id="58" lemma="|conjunction|" pos="NN" wid="58">conjunction</w>
  <w id="59" lemma="|with|" pos="IN" wid="59">with</w>
  <w id="60" lemma="|the|" pos="DT" wid="60">the</w>
  <w id="61" lemma="|congregation|" pos="NN" wid="61">Congregation</w>
  <w id="62" lemma="|for|" pos="IN" wid="62">for</w>
  <w id="63" lemma="|the|" pos="DT" wid="63">the</w>
  <w id="64" lemma="|evangelization|" pos="NN" wid="64">Evangelization</w>
  <w id="65" lemma="|of|" pos="IN" wid="65">of</w>
  <w id="66" lemma="|Peoples|" pos="NNPS" wid="66">Peoples</w>
  <w id="67" lemma="|.|" pos="." wid="67">.</w>
</sentence>
<sentence id="12">
  <w id="0" lemma="|this|" pos="DT" wid="0">This</w>
  <w id="1" lemma="|type|" pos="NN" wid="1">type</w>
  <w id="2" lemma="|of|" pos="IN" wid="2">of</w>
  <w id="3" lemma="|meeting|" pos="NN" wid="3">meeting</w>
  <w id="4" lemma="|have|" pos="VBZ" wid="4">has</w>
  <w id="5" lemma="|a|" pos="DT" wid="5">a</w>
  <w id="6" lemma="|special|" pos="JJ" wid="6">special</w>
  <w id="7" lemma="|vallue|" pos="NN" wid="7">vallue</w>
  <w id="8" lemma="|because|" pos="IN" wid="8">because</w>
  <w id="9" lemma="|,|" pos="," wid="9">,</w>
  <w id="10" lemma="|in|" pos="IN" wid="10">in</w>
  <w id="11" lemma="|the|" pos="DT" wid="11">the</w>
  <w id="12" lemma="|atmosphere|" pos="NN" wid="12">atmosphere</w>
  <w id="13" lemma="|of|" pos="IN" wid="13">of</w>
  <w id="14" lemma="|fraternal|" pos="JJ" wid="14">fraternal</w>
  <w id="15" lemma="|communion|" pos="NN" wid="15">communion</w>
  <w id="16" lemma="|create|" pos="VBN" wid="16">created</w>
  <w id="17" lemma="|around|" pos="IN" wid="17">around</w>
  <w id="18" lemma="|the|" pos="DT" wid="18">the</w>
  <w id="19" lemma="|Eucharist|" pos="NNP" wid="19">Eucharist</w>
  <w id="20" lemma="|,|" pos="," wid="20">,</w>
  <w id="21" lemma="|you|" pos="PRP" wid="21">you</w>
  <w id="22" lemma="|,|" pos="," wid="22">,</w>
  <w id="23" lemma="|priest|" pos="NNS" wid="23">priests</w>
  <w id="24" lemma="|from|" pos="IN" wid="24">from</w>
  <w id="25" lemma="|all|" pos="PDT" wid="25">all</w>
  <w id="26" lemma="|the|" pos="DT" wid="26">the</w>
  <w id="27" lemma="|part|" pos="NNS" wid="27">parts</w>
  <w id="28" lemma="|of|" pos="IN" wid="28">of</w>
  <w id="29" lemma="|the|" pos="DT" wid="29">the</w>
  <w id="30" lemma="|world|" pos="NN" wid="30">world</w>
  <w id="31" lemma="|,|" pos="," wid="31">,</w>
  <w id="32" lemma="|have|" pos="VBP" wid="32">have</w>
  <w id="33" lemma="|be|" pos="VBN" wid="33">been</w>
  <w id="34" lemma="|encourage|" pos="VBN" wid="34">encouraged</w>
  <w id="35" lemma="|to|" pos="TO" wid="35">to</w>
  <w id="36" lemma="|renew|" pos="VB" wid="36">renew</w>
  <w id="37" lemma="|yourselve|" pos="NNS" wid="37">yourselves</w>
  <w id="38" lemma="|by|" pos="IN" wid="38">by</w>
  <w id="39" lemma="|become|" pos="VBG" wid="39">becoming</w>
  <w id="40" lemma="|more|" pos="RBR" wid="40">more</w>
  <w id="41" lemma="|aware|" pos="JJ" wid="41">aware</w>
  <w id="42" lemma="|of|" pos="IN" wid="42">of</w>
  <w id="43" lemma="|you|" pos="PRP$" wid="43">your</w>
  <w id="44" lemma="|identity|" pos="NN" wid="44">identity</w>
  <w id="45" lemma="|and|" pos="CC" wid="45">and</w>
  <w id="46" lemma="|you|" pos="PRP$" wid="46">your</w>
  <w id="47" lemma="|mission|" pos="NN" wid="47">mission</w>
  <w id="48" lemma="|.|" pos="." wid="48">.</w>
</sentence>
<sentence id="13">
  <w id="0" lemma="|in|" pos="IN" wid="0">In</w>
  <w id="1" lemma="|the|" pos="DT" wid="1">the</w>
  <w id="2" lemma="|spirit|" pos="NN" wid="2">spirit</w>
  <w id="3" lemma="|of|" pos="IN" wid="3">of</w>
  <w id="4" lemma="|the|" pos="DT" wid="4">the</w>
  <w id="5" lemma="|Letter|" pos="NNP" wid="5">Letter</w>
  <w id="6" lemma="|Tertio|" pos="NNP" wid="6">Tertio</w>
  <w id="7" lemma="|millennio|" pos="NN" wid="7">millennio</w>
  <w id="8" lemma="|adveniente|" pos="NN" wid="8">adveniente</w>
  <w id="9" lemma="|,|" pos="," wid="9">,</w>
  <w id="10" lemma="|the|" pos="DT" wid="10">the</w>
  <w id="11" lemma="|day|" pos="NNS" wid="11">days</w>
  <w id="12" lemma="|in|" pos="IN" wid="12">in</w>
  <w id="13" lemma="|Yamoussoukro|" pos="NNP" wid="13">Yamoussoukro</w>
  <w id="14" lemma="|be|" pos="VBP" wid="14">are</w>
  <w id="15" lemma="|be|" pos="VBG" wid="15">being</w>
  <w id="16" lemma="|conduct|" pos="VBN" wid="16">conducted</w>
  <w id="17" lemma="|in|" pos="IN" wid="17">in</w>
  <w id="18" lemma="|a|" pos="DT" wid="18">a</w>
  <w id="19" lemma="|christological|" pos="JJ" wid="19">Christological</w>
  <w id="20" lemma="|context|" pos="NN" wid="20">context</w>
  <w id="21" lemma="|:|" pos=":" wid="21">:</w>
  <w id="22" lemma="|it|" pos="PRP" wid="22">it</w>
  <w id="23" lemma="|be|" pos="VBZ" wid="23">is</w>
  <w id="24" lemma="|because|" pos="IN" wid="24">because</w>
  <w id="25" lemma="|of|" pos="IN" wid="25">of</w>
  <w id="26" lemma="|the|" pos="DT" wid="26">the</w>
  <w id="27" lemma="|priest|" pos="NN" wid="27">priest</w>
  <w id="28" lemma="|'s|" pos="POS" wid="28">'s</w>
  <w id="29" lemma="|intimate|" pos="JJ" wid="29">intimate</w>
  <w id="30" lemma="|union|" pos="NN" wid="30">union</w>
  <w id="31" lemma="|with|" pos="IN" wid="31">with</w>
  <w id="32" lemma="|Christ|" pos="NNP" wid="32">Christ</w>
  <w id="33" lemma="|that|" pos="IN" wid="33">that</w>
  <w id="34" lemma="|divine|" pos="JJ" wid="34">divine</w>
  <w id="35" lemma="|mercy|" pos="NN" wid="35">mercy</w>
  <w id="36" lemma="|can|" pos="MD" wid="36">can</w>
  <w id="37" lemma="|be|" pos="VB" wid="37">be</w>
  <w id="38" lemma="|spread|" pos="VBN" wid="38">spread</w>
  <w id="39" lemma="|throughout|" pos="IN" wid="39">throughout</w>
  <w id="40" lemma="|the|" pos="DT" wid="40">the</w>
  <w id="41" lemma="|world|" pos="NN" wid="41">world</w>
  <w id="42" lemma="|by|" pos="IN" wid="42">by</w>
  <w id="43" lemma="|the|" pos="DT" wid="43">the</w>
  <w id="44" lemma="|Word|" pos="NNP" wid="44">Word</w>
  <w id="45" lemma="|and|" pos="CC" wid="45">and</w>
  <w id="46" lemma="|Sacraments|" pos="NNP" wid="46">Sacraments</w>
  <w id="47" lemma="|.|" pos="." wid="47">.</w>
</sentence>
<sentence id="14">
  <w id="0" lemma="|3|" pos="LS" wid="0">3</w>
  <w id="1" lemma="|.|" pos="." wid="1">.</w>
</sentence>
<sentence id="15">
  <w id="0" lemma="|I|" pos="PRP" wid="0">I</w>
  <w id="1" lemma="|be|" pos="VBP" wid="1">am</w>
  <w id="2" lemma="|glad|" pos="JJ" wid="2">glad</w>
  <w id="3" lemma="|that|" pos="IN" wid="3">that</w>
  <w id="4" lemma="|you|" pos="PRP" wid="4">you</w>
  <w id="5" lemma="|have|" pos="VBP" wid="5">have</w>
  <w id="6" lemma="|pay|" pos="VBN" wid="6">paid</w>
  <w id="7" lemma="|particular|" pos="RB" wid="7">particular</w>
  <w id="8" lemma="|heed|" pos="VBP" wid="8">heed</w>
  <w id="9" lemma="|to|" pos="TO" wid="9">to</w>
  <w id="10" lemma="|the|" pos="DT" wid="10">the</w>
  <w id="11" lemma="|Post-Synodal|" pos="NNP" wid="11">Post-Synodal</w>
  <w id="12" lemma="|Apostolic|" pos="NNP" wid="12">Apostolic</w>
  <w id="13" lemma="|Exhortation|" pos="NNP" wid="13">Exhortation</w>
  <w id="14" lemma="|Ecclesia|" pos="NNP" wid="14">Ecclesia</w>
  <w id="15" lemma="|in|" pos="IN" wid="15">in</w>
  <w id="16" lemma="|Africa|" pos="NNP" wid="16">Africa</w>
  <w id="17" lemma="|,|" pos="," wid="17">,</w>
  <w id="18" lemma="|and|" pos="CC" wid="18">and</w>
  <w id="19" lemma="|that|" pos="IN" wid="19">that</w>
  <w id="20" lemma="|you|" pos="PRP" wid="20">you</w>
  <w id="21" lemma="|have|" pos="VBP" wid="21">have</w>
  <w id="22" lemma="|choose|" pos="VBN" wid="22">chosen</w>
  <w id="23" lemma="|to|" pos="TO" wid="23">to</w>
  <w id="24" lemma="|meet|" pos="VB" wid="24">meet</w>
  <w id="25" lemma="|in|" pos="IN" wid="25">in</w>
  <w id="26" lemma="|Africa|" pos="NNP" wid="26">Africa</w>
  <w id="27" lemma="|,|" pos="," wid="27">,</w>
  <w id="28" lemma="|which|" pos="WDT" wid="28">which</w>
  <w id="29" lemma="|have|" pos="VBZ" wid="29">has</w>
  <w id="30" lemma="|be|" pos="VBN" wid="30">been</w>
  <w id="31" lemma="|the|" pos="DT" wid="31">the</w>
  <w id="32" lemma="|scene|" pos="NN" wid="32">scene</w>
  <w id="33" lemma="|of|" pos="IN" wid="33">of</w>
  <w id="34" lemma="|a|" pos="DT" wid="34">a</w>
  <w id="35" lemma="|glorious|" pos="JJ" wid="35">glorious</w>
  <w id="36" lemma="|missionary|" pos="JJ" wid="36">missionary</w>
  <w id="37" lemma="|epic|" pos="NN" wid="37">epic</w>
  <w id="38" lemma="|.|" pos="." wid="38">.</w>
</sentence>
<sentence id="16">
  <w id="0" lemma="|ever|" pos="RB" wid="0">Ever</w>
  <w id="1" lemma="|since|" pos="IN" wid="1">since</w>
  <w id="2" lemma="|the|" pos="DT" wid="2">the</w>
  <w id="3" lemma="|dawn|" pos="NN" wid="3">dawn</w>
  <w id="4" lemma="|of|" pos="IN" wid="4">of</w>
  <w id="5" lemma="|Christianity|" pos="NNP" wid="5">Christianity</w>
  <w id="6" lemma="|,|" pos="," wid="6">,</w>
  <w id="7" lemma="|Africa|" pos="NNP" wid="7">Africa</w>
  <w id="8" lemma="|have|" pos="VBZ" wid="8">has</w>
  <w id="9" lemma="|be|" pos="VBN" wid="9">been</w>
  <w id="10" lemma="|distinguish|" pos="VBN" wid="10">distinguished</w>
  <w id="11" lemma="|by|" pos="IN" wid="11">by</w>
  <w id="12" lemma="|many|" pos="JJ" wid="12">many</w>
  <w id="13" lemma="|splendid|" pos="JJ" wid="13">splendid</w>
  <w id="14" lemma="|saint|" pos="NNS" wid="14">saints</w>
  <w id="15" lemma="|,|" pos="," wid="15">,</w>
  <w id="16" lemma="|and|" pos="CC" wid="16">and</w>
  <w id="17" lemma="|have|" pos="VBZ" wid="17">has</w>
  <w id="18" lemma="|be|" pos="VBN" wid="18">been</w>
  <w id="19" lemma="|nourish|" pos="VBN" wid="19">nourished</w>
  <w id="20" lemma="|even|" pos="RB" wid="20">even</w>
  <w id="21" lemma="|in|" pos="IN" wid="21">in</w>
  <w id="22" lemma="|recent|" pos="JJ" wid="22">recent</w>
  <w id="23" lemma="|time|" pos="NNS" wid="23">times</w>
  <w id="24" lemma="|by|" pos="IN" wid="24">by</w>
  <w id="25" lemma="|the|" pos="DT" wid="25">the</w>
  <w id="26" lemma="|blood|" pos="NN" wid="26">blood</w>
  <w id="27" lemma="|of|" pos="IN" wid="27">of</w>
  <w id="28" lemma="|martyr|" pos="NNS" wid="28">martyrs</w>
  <w id="29" lemma="|.|" pos="." wid="29">.</w>
</sentence>
<sentence id="17">
  <w id="0" lemma="|in|" pos="IN" wid="0">In</w>
  <w id="1" lemma="|a|" pos="DT" wid="1">a</w>
  <w id="2" lemma="|special|" pos="JJ" wid="2">special</w>
  <w id="3" lemma="|way|" pos="NN" wid="3">way</w>
  <w id="4" lemma="|I|" pos="PRP" wid="4">I</w>
  <w id="5" lemma="|wish|" pos="VBP" wid="5">wish</w>
  <w id="6" lemma="|to|" pos="TO" wid="6">to</w>
  <w id="7" lemma="|exhort|" pos="VB" wid="7">exhort</w>
  <w id="8" lemma="|the|" pos="DT" wid="8">the</w>
  <w id="9" lemma="|beloved|" pos="JJ" wid="9">beloved</w>
  <w id="10" lemma="|deacon|" pos="NNS" wid="10">deacons</w>
  <w id="11" lemma="|soon|" pos="RB" wid="11">soon</w>
  <w id="12" lemma="|to|" pos="TO" wid="12">to</w>
  <w id="13" lemma="|be|" pos="VB" wid="13">be</w>
  <w id="14" lemma="|ordain|" pos="VBN" wid="14">ordained</w>
  <w id="15" lemma="|priest|" pos="NNS" wid="15">priests</w>
  <w id="16" lemma="|in|" pos="IN" wid="16">in</w>
  <w id="17" lemma="|the|" pos="DT" wid="17">the</w>
  <w id="18" lemma="|basilica|" pos="NN" wid="18">Basilica</w>
  <w id="19" lemma="|of|" pos="IN" wid="19">of</w>
  <w id="20" lemma="|``|" pos="``" wid="20">``</w>
  <w id="21" lemma="|Notre-Dame|" pos="NNP" wid="21">Notre-Dame</w>
  <w id="22" lemma="|de|" pos="NNP" wid="22">de</w>
  <w id="23" lemma="|la|" pos="NNP" wid="23">la</w>
  <w id="24" lemma="|Paix|" pos="NNP" wid="24">Paix</w>
  <w id="25" lemma="|''|" pos="''" wid="25">''</w>
  <w id="26" lemma="|to|" pos="TO" wid="26">to</w>
  <w id="27" lemma="|give|" pos="VB" wid="27">give</w>
  <w id="28" lemma="|a|" pos="DT" wid="28">a</w>
  <w id="29" lemma="|decidedly|" pos="RB" wid="29">decidedly</w>
  <w id="30" lemma="|missionary|" pos="JJ" wid="30">missionary</w>
  <w id="31" lemma="|emphasis|" pos="NN" wid="31">emphasis</w>
  <w id="32" lemma="|to|" pos="TO" wid="32">to</w>
  <w id="33" lemma="|they|" pos="PRP$" wid="33">their</w>
  <w id="34" lemma="|priestly|" pos="JJ" wid="34">priestly</w>
  <w id="35" lemma="|commitment|" pos="NN" wid="35">commitment</w>
  <w id="36" lemma="|.|" pos="." wid="36">.</w>
</sentence>
<sentence id="18">
  <w id="0" lemma="|all|" pos="DT" wid="0">All</w>
  <w id="1" lemma="|people|" pos="NNS" wid="1">people</w>
  <w id="2" lemma="|and|" pos="CC" wid="2">and</w>
  <w id="3" lemma="|all|" pos="DT" wid="3">all</w>
  <w id="4" lemma="|society|" pos="NNS" wid="4">societies</w>
  <w id="5" lemma="|have|" pos="VBP" wid="5">have</w>
  <w id="6" lemma="|one|" pos="CD" wid="6">one</w>
  <w id="7" lemma="|absolute|" pos="JJ" wid="7">absolute</w>
  <w id="8" lemma="|need|" pos="NN" wid="8">need</w>
  <w id="9" lemma="|:|" pos=":" wid="9">:</w>
  <w id="10" lemma="|they|" pos="PRP" wid="10">they</w>
  <w id="11" lemma="|need|" pos="VBP" wid="11">need</w>
  <w id="12" lemma="|Christ|" pos="NNP" wid="12">Christ</w>
  <w id="13" lemma="|,|" pos="," wid="13">,</w>
  <w id="14" lemma="|the|" pos="DT" wid="14">the</w>
  <w id="15" lemma="|Way|" pos="NNP" wid="15">Way</w>
  <w id="16" lemma="|,|" pos="," wid="16">,</w>
  <w id="17" lemma="|and|" pos="CC" wid="17">and</w>
  <w id="18" lemma="|the|" pos="DT" wid="18">the</w>
  <w id="19" lemma="|truth|" pos="NN" wid="19">Truth</w>
  <w id="20" lemma="|,|" pos="," wid="20">,</w>
  <w id="21" lemma="|and|" pos="CC" wid="21">and</w>
  <w id="22" lemma="|the|" pos="DT" wid="22">the</w>
  <w id="23" lemma="|Life|" pos="NNP" wid="23">Life</w>
  <w id="24" lemma="|!|" pos="." wid="24">!</w>
</sentence>
<sentence id="19">
  <w id="0" lemma="|with|" pos="IN" wid="0">With</w>
  <w id="1" lemma="|truly|" pos="RB" wid="1">truly</w>
  <w id="2" lemma="|catholic|" pos="JJ" wid="2">Catholic</w>
  <w id="3" lemma="|heart|" pos="NNS" wid="3">hearts</w>
  <w id="4" lemma="|,|" pos="," wid="4">,</w>
  <w id="5" lemma="|take|" pos="VB" wid="5">take</w>
  <w id="6" lemma="|he|" pos="PRP" wid="6">him</w>
  <w id="7" lemma="|to|" pos="TO" wid="7">to</w>
  <w id="8" lemma="|other|" pos="NNS" wid="8">others</w>
  <w id="9" lemma="|,|" pos="," wid="9">,</w>
  <w id="10" lemma="|and|" pos="CC" wid="10">and</w>
  <w id="11" lemma="|strive|" pos="VBP" wid="11">strive</w>
  <w id="12" lemma="|to|" pos="TO" wid="12">to</w>
  <w id="13" lemma="|live|" pos="VB" wid="13">live</w>
  <w id="14" lemma="|as|" pos="IN" wid="14">as</w>
  <w id="15" lemma="|``|" pos="``" wid="15">``</w>
  <w id="16" lemma="|other|" pos="JJ" wid="16">other</w>
  <w id="17" lemma="|christ|" pos="NNS" wid="17">Christs</w>
  <w id="18" lemma="|''|" pos="''" wid="18">''</w>
  <w id="19" lemma="|in|" pos="IN" wid="19">in</w>
  <w id="20" lemma="|every|" pos="DT" wid="20">every</w>
  <w id="21" lemma="|circumstance|" pos="NN" wid="21">circumstance</w>
  <w id="22" lemma="|.|" pos="." wid="22">.</w>
</sentence>
<sentence id="20">
  <w id="0" lemma="|4|" pos="LS" wid="0">4</w>
  <w id="1" lemma="|.|" pos="." wid="1">.</w>
</sentence>
<sentence id="21">
  <w id="0" lemma="|I|" pos="PRP" wid="0">I</w>
  <w id="1" lemma="|be|" pos="VBP" wid="1">am</w>
  <w id="2" lemma="|pleased|" pos="JJ" wid="2">pleased</w>
  <w id="3" lemma="|that|" pos="IN" wid="3">that</w>
  <w id="4" lemma="|the|" pos="DT" wid="4">the</w>
  <w id="5" lemma="|significant|" pos="JJ" wid="5">significant</w>
  <w id="6" lemma="|pilgrimage|" pos="NN" wid="6">pilgrimage</w>
  <w id="7" lemma="|to|" pos="TO" wid="7">to</w>
  <w id="8" lemma="|Marian|" pos="NNP" wid="8">Marian</w>
  <w id="9" lemma="|shrine|" pos="NNS" wid="9">shrines</w>
  <w id="10" lemma="|be|" pos="VBZ" wid="10">is</w>
  <w id="11" lemma="|continue|" pos="VBG" wid="11">continuing</w>
  <w id="12" lemma="|,|" pos="," wid="12">,</w>
  <w id="13" lemma="|because|" pos="IN" wid="13">because</w>
  <w id="14" lemma="|the|" pos="DT" wid="14">the</w>
  <w id="15" lemma="|bond|" pos="NN" wid="15">bond</w>
  <w id="16" lemma="|between|" pos="IN" wid="16">between</w>
  <w id="17" lemma="|Mary|" pos="NNP" wid="17">Mary</w>
  <w id="18" lemma="|most|" pos="RBS" wid="18">most</w>
  <w id="19" lemma="|holy|" pos="JJ" wid="19">holy</w>
  <w id="20" lemma="|and|" pos="CC" wid="20">and</w>
  <w id="21" lemma="|the|" pos="DT" wid="21">the</w>
  <w id="22" lemma="|priesthood|" pos="NN" wid="22">priesthood</w>
  <w id="23" lemma="|be|" pos="VBZ" wid="23">is</w>
  <w id="24" lemma="|truly|" pos="RB" wid="24">truly</w>
  <w id="25" lemma="|wondrous|" pos="JJ" wid="25">wondrous</w>
  <w id="26" lemma="|.|" pos="." wid="26">.</w>
</sentence>
<sentence id="22">
  <w id="0" lemma="|we|" pos="PRP$" wid="0">Our</w>
  <w id="1" lemma="|consecration|" pos="NN" wid="1">consecration</w>
  <w id="2" lemma="|to|" pos="TO" wid="2">to</w>
  <w id="3" lemma="|she|" pos="PRP" wid="3">her</w>
  <w id="4" lemma="|,|" pos="," wid="4">,</w>
  <w id="5" lemma="|we|" pos="PRP$" wid="5">our</w>
  <w id="6" lemma="|conscious|" pos="JJ" wid="6">conscious</w>
  <w id="7" lemma="|saying|" pos="NN" wid="7">saying</w>
  <w id="8" lemma="|to|" pos="TO" wid="8">to</w>
  <w id="9" lemma="|she|" pos="PRP$" wid="9">her</w>
  <w id="10" lemma="|``|" pos="``" wid="10">``</w>
  <w id="11" lemma="|totus|" pos="FW" wid="11">totus</w>
  <w id="12" lemma="|tuus|" pos="FW" wid="12">tuus</w>
  <w id="13" lemma="|!|" pos="." wid="13">!</w>
</sentence>
<sentence id="23">
  <w id="0" lemma="|``|" pos="``" wid="0">``</w>
  <w id="1" lemma="|,|" pos="," wid="1">,</w>
  <w id="2" lemma="|express|" pos="VBZ" wid="2">expresses</w>
  <w id="3" lemma="|the|" pos="DT" wid="3">the</w>
  <w id="4" lemma="|logic|" pos="NN" wid="4">logic</w>
  <w id="5" lemma="|of|" pos="IN" wid="5">of</w>
  <w id="6" lemma="|self-giving|" pos="NN" wid="6">self-giving</w>
  <w id="7" lemma="|for|" pos="IN" wid="7">for</w>
  <w id="8" lemma="|the|" pos="DT" wid="8">the</w>
  <w id="9" lemma="|kingdom|" pos="NN" wid="9">kingdom</w>
  <w id="10" lemma="|and|" pos="CC" wid="10">and</w>
  <w id="11" lemma="|be|" pos="VBZ" wid="11">is</w>
  <w id="12" lemma="|a|" pos="DT" wid="12">a</w>
  <w id="13" lemma="|guarantee|" pos="NN" wid="13">guarantee</w>
  <w id="14" lemma="|of|" pos="IN" wid="14">of</w>
  <w id="15" lemma="|perseverance|" pos="NN" wid="15">perseverance</w>
  <w id="16" lemma="|and|" pos="CC" wid="16">and</w>
  <w id="17" lemma="|success|" pos="NN" wid="17">success</w>
  <w id="18" lemma="|.|" pos="." wid="18">.</w>
</sentence>
<sentence id="24">
  <w id="0" lemma="|think|" pos="VBG" wid="0">Thinking</w>
  <w id="1" lemma="|of|" pos="IN" wid="1">of</w>
  <w id="2" lemma="|the|" pos="DT" wid="2">the</w>
  <w id="3" lemma="|Blessed|" pos="NNP" wid="3">Blessed</w>
  <w id="4" lemma="|Virgin|" pos="NNP" wid="4">Virgin</w>
  <w id="5" lemma="|'s|" pos="POS" wid="5">'s</w>
  <w id="6" lemma="|link|" pos="NN" wid="6">link</w>
  <w id="7" lemma="|with|" pos="IN" wid="7">with</w>
  <w id="8" lemma="|the|" pos="DT" wid="8">the</w>
  <w id="9" lemma="|priesthood|" pos="NN" wid="9">priesthood</w>
  <w id="10" lemma="|and|" pos="CC" wid="10">and</w>
  <w id="11" lemma="|with|" pos="IN" wid="11">with</w>
  <w id="12" lemma="|every|" pos="DT" wid="12">every</w>
  <w id="13" lemma="|priest|" pos="NN" wid="13">priest</w>
  <w id="14" lemma="|to|" pos="TO" wid="14">to</w>
  <w id="15" lemma="|whom|" pos="WP" wid="15">whom</w>
  <w id="16" lemma="|Jesus|" pos="NNP" wid="16">Jesus</w>
  <w id="17" lemma="|have|" pos="VBZ" wid="17">has</w>
  <w id="18" lemma="|give|" pos="VBN" wid="18">given</w>
  <w id="19" lemma="|she|" pos="PRP" wid="19">her</w>
  <w id="20" lemma="|as|" pos="IN" wid="20">as</w>
  <w id="21" lemma="|Mother|" pos="NNP" wid="21">Mother</w>
  <w id="22" lemma="|from|" pos="IN" wid="22">from</w>
  <w id="23" lemma="|the|" pos="DT" wid="23">the</w>
  <w id="24" lemma="|Cross|" pos="NNP" wid="24">Cross</w>
  <w id="25" lemma="|,|" pos="," wid="25">,</w>
  <w id="26" lemma="|let|" pos="VB" wid="26">let</w>
  <w id="27" lemma="|we|" pos="PRP" wid="27">us</w>
  <w id="28" lemma="|recite|" pos="VB" wid="28">recite</w>
  <w id="29" lemma="|together|" pos="RB" wid="29">together</w>
  <w id="30" lemma="|the|" pos="DT" wid="30">the</w>
  <w id="31" lemma="|angelus|" pos="JJ" wid="31">Angelus</w>
  <w id="32" lemma="|prayer|" pos="NN" wid="32">prayer</w>
  <w id="33" lemma="|and|" pos="CC" wid="33">and</w>
  <w id="34" lemma="|ask|" pos="VB" wid="34">ask</w>
  <w id="35" lemma="|she|" pos="PRP" wid="35">her</w>
  <w id="36" lemma="|who|" pos="WP" wid="36">who</w>
  <w id="37" lemma="|say|" pos="VBD" wid="37">said</w>
  <w id="38" lemma="|``|" pos="``" wid="38">``</w>
  <w id="39" lemma="|yes|" pos="RB" wid="39">yes</w>
  <w id="40" lemma="|''|" pos="''" wid="40">''</w>
  <w id="41" lemma="|to|" pos="TO" wid="41">to</w>
  <w id="42" lemma="|God|" pos="NNP" wid="42">God</w>
  <w id="43" lemma="|'s|" pos="POS" wid="43">'s</w>
  <w id="44" lemma="|saving|" pos="NN" wid="44">saving</w>
  <w id="45" lemma="|plan|" pos="VBZ" wid="45">plans</w>
  <w id="46" lemma="|to|" pos="TO" wid="46">to</w>
  <w id="47" lemma="|make|" pos="VB" wid="47">make</w>
  <w id="48" lemma="|we|" pos="PRP" wid="48">us</w>
  <w id="49" lemma="|always|" pos="RB" wid="49">always</w>
  <w id="50" lemma="|docile|" pos="JJ" wid="50">docile</w>
  <w id="51" lemma="|instrument|" pos="NNS" wid="51">instruments</w>
  <w id="52" lemma="|for|" pos="IN" wid="52">for</w>
  <w id="53" lemma="|the|" pos="DT" wid="53">the</w>
  <w id="54" lemma="|true|" pos="JJ" wid="54">true</w>
  <w id="55" lemma="|good|" pos="NN" wid="55">good</w>
  <w id="56" lemma="|of|" pos="IN" wid="56">of</w>
  <w id="57" lemma="|soul|" pos="NNS" wid="57">souls</w>
  <w id="58" lemma="|.|" pos="." wid="58">.</w>
</sentence>
<sentence id="25">
  <w id="0" lemma="|after|" pos="IN" wid="0">After</w>
  <w id="1" lemma="|pray|" pos="VBG" wid="1">praying</w>
  <w id="2" lemma="|the|" pos="DT" wid="2">the</w>
  <w id="3" lemma="|Angelus|" pos="NNP" wid="3">Angelus</w>
  <w id="4" lemma="|the|" pos="DT" wid="4">the</w>
  <w id="5" lemma="|Holy|" pos="NNP" wid="5">Holy</w>
  <w id="6" lemma="|Father|" pos="NNP" wid="6">Father</w>
  <w id="7" lemma="|express|" pos="VBD" wid="7">expressed</w>
  <w id="8" lemma="|he|" pos="PRP$" wid="8">his</w>
  <w id="9" lemma="|sorrow|" pos="NN" wid="9">sorrow</w>
  <w id="10" lemma="|at|" pos="IN" wid="10">at</w>
  <w id="11" lemma="|the|" pos="DT" wid="11">the</w>
  <w id="12" lemma="|murder|" pos="NN" wid="12">murder</w>
  <w id="13" lemma="|of|" pos="IN" wid="13">of</w>
  <w id="14" lemma="|a|" pos="DT" wid="14">a</w>
  <w id="15" lemma="|young|" pos="JJ" wid="15">young</w>
  <w id="16" lemma="|spanish|" pos="JJ" wid="16">Spanish</w>
  <w id="17" lemma="|politician|" pos="NN" wid="17">politician</w>
  <w id="18" lemma="|,|" pos="," wid="18">,</w>
  <w id="19" lemma="|Miguel|" pos="NNP" wid="19">Miguel</w>
  <w id="20" lemma="|Angel|" pos="NNP" wid="20">Angel</w>
  <w id="21" lemma="|Blanco|" pos="NNP" wid="21">Blanco</w>
  <w id="22" lemma="|Garrido|" pos="NNP" wid="22">Garrido</w>
  <w id="23" lemma="|,|" pos="," wid="23">,</w>
  <w id="24" lemma="|by|" pos="IN" wid="24">by</w>
  <w id="25" lemma="|the|" pos="DT" wid="25">the</w>
  <w id="26" lemma="|basque|" pos="JJ" wid="26">Basque</w>
  <w id="27" lemma="|separatist|" pos="NN" wid="27">separatist</w>
  <w id="28" lemma="|organization|" pos="NN" wid="28">organization</w>
  <w id="29" lemma="|ETA|" pos="NNP" wid="29">ETA</w>
  <w id="30" lemma="|,|" pos="," wid="30">,</w>
  <w id="31" lemma="|as|" pos="IN" wid="31">as</w>
  <w id="32" lemma="|he|" pos="PRP" wid="32">he</w>
  <w id="33" lemma="|pray|" pos="VBD" wid="33">prayed</w>
  <w id="34" lemma="|for|" pos="IN" wid="34">for</w>
  <w id="35" lemma="|peace|" pos="NN" wid="35">peace</w>
  <w id="36" lemma="|and|" pos="CC" wid="36">and</w>
  <w id="37" lemma="|tranquillity|" pos="NN" wid="37">tranquillity</w>
  <w id="38" lemma="|in|" pos="IN" wid="38">in</w>
  <w id="39" lemma="|Spain|" pos="NNP" wid="39">Spain</w>
  <w id="40" lemma="|:|" pos=":" wid="40">:</w>
  <w id="41" lemma="|I|" pos="PRP" wid="41">I</w>
  <w id="42" lemma="|be|" pos="VBD" wid="42">was</w>
  <w id="43" lemma="|grieve|" pos="VBN" wid="43">grieved</w>
  <w id="44" lemma="|to|" pos="TO" wid="44">to</w>
  <w id="45" lemma="|hear|" pos="VB" wid="45">hear</w>
  <w id="46" lemma="|the|" pos="DT" wid="46">the</w>
  <w id="47" lemma="|news|" pos="NN" wid="47">news</w>
  <w id="48" lemma="|from|" pos="IN" wid="48">from</w>
  <w id="49" lemma="|Spain|" pos="NNP" wid="49">Spain</w>
  <w id="50" lemma="|of|" pos="IN" wid="50">of</w>
  <w id="51" lemma="|the|" pos="DT" wid="51">the</w>
  <w id="52" lemma="|barbaric|" pos="JJ" wid="52">barbaric</w>
  <w id="53" lemma="|murder|" pos="NN" wid="53">murder</w>
  <w id="54" lemma="|of|" pos="IN" wid="54">of</w>
  <w id="55" lemma="|the|" pos="DT" wid="55">the</w>
  <w id="56" lemma="|young|" pos="JJ" wid="56">young</w>
  <w id="57" lemma="|politician|" pos="NN" wid="57">politician</w>
  <w id="58" lemma="|Miguel|" pos="NNP" wid="58">Miguel</w>
  <w id="59" lemma="|Angel|" pos="NNP" wid="59">Angel</w>
  <w id="60" lemma="|Blanco|" pos="NNP" wid="60">Blanco</w>
  <w id="61" lemma="|Garrido|" pos="NNP" wid="61">Garrido</w>
  <w id="62" lemma="|.|" pos="." wid="62">.</w>
</sentence>
<sentence id="26">
  <w id="0" lemma="|I|" pos="PRP" wid="0">I</w>
  <w id="1" lemma="|strongly|" pos="RB" wid="1">strongly</w>
  <w id="2" lemma="|deplore|" pos="VBP" wid="2">deplore</w>
  <w id="3" lemma="|this|" pos="DT" wid="3">this</w>
  <w id="4" lemma="|act|" pos="NN" wid="4">act</w>
  <w id="5" lemma="|of|" pos="IN" wid="5">of</w>
  <w id="6" lemma="|bloodshed|" pos="NN" wid="6">bloodshed</w>
  <w id="7" lemma="|:|" pos=":" wid="7">:</w>
  <w id="8" lemma="|the|" pos="DT" wid="8">the</w>
  <w id="9" lemma="|killing|" pos="NN" wid="9">killing</w>
  <w id="10" lemma="|of|" pos="IN" wid="10">of</w>
  <w id="11" lemma="|a|" pos="DT" wid="11">an</w>
  <w id="12" lemma="|innocent|" pos="JJ" wid="12">innocent</w>
  <w id="13" lemma="|victim|" pos="NN" wid="13">victim</w>
  <w id="14" lemma="|can|" pos="MD" wid="14">can</w>
  <w id="15" lemma="|never|" pos="RB" wid="15">never</w>
  <w id="16" lemma="|be|" pos="VB" wid="16">be</w>
  <w id="17" lemma="|justify|" pos="VBN" wid="17">justified</w>
  <w id="18" lemma="|.|" pos="." wid="18">.</w>
</sentence>
<sentence id="27">
  <w id="0" lemma="|I|" pos="PRP" wid="0">I</w>
  <w id="1" lemma="|express|" pos="VBP" wid="1">express</w>
  <w id="2" lemma="|my|" pos="PRP$" wid="2">my</w>
  <w id="3" lemma="|closeness|" pos="NN" wid="3">closeness</w>
  <w id="4" lemma="|in|" pos="IN" wid="4">in</w>
  <w id="5" lemma="|prayer|" pos="NN" wid="5">prayer</w>
  <w id="6" lemma="|to|" pos="TO" wid="6">to</w>
  <w id="7" lemma="|he|" pos="PRP$" wid="7">his</w>
  <w id="8" lemma="|bereaved|" pos="JJ" wid="8">bereaved</w>
  <w id="9" lemma="|family|" pos="NN" wid="9">family</w>
  <w id="10" lemma="|.|" pos="." wid="10">.</w>
</sentence>
<sentence id="28">
  <w id="0" lemma="|I|" pos="PRP" wid="0">I</w>
  <w id="1" lemma="|ask|" pos="VBP" wid="1">ask</w>
  <w id="2" lemma="|the|" pos="DT" wid="2">the</w>
  <w id="3" lemma="|Lord|" pos="NNP" wid="3">Lord</w>
  <w id="4" lemma="|to|" pos="TO" wid="4">to</w>
  <w id="5" lemma="|grant|" pos="VB" wid="5">grant</w>
  <w id="6" lemma="|the|" pos="DT" wid="6">the</w>
  <w id="7" lemma="|beloved|" pos="JJ" wid="7">beloved</w>
  <w id="8" lemma="|spanish|" pos="JJ" wid="8">Spanish</w>
  <w id="9" lemma="|people|" pos="NNS" wid="9">people</w>
  <w id="10" lemma="|courage|" pos="NN" wid="10">courage</w>
  <w id="11" lemma="|and|" pos="CC" wid="11">and</w>
  <w id="12" lemma="|tenacity|" pos="NN" wid="12">tenacity</w>
  <w id="13" lemma="|on|" pos="IN" wid="13">on</w>
  <w id="14" lemma="|they|" pos="PRP$" wid="14">their</w>
  <w id="15" lemma="|way|" pos="NN" wid="15">way</w>
  <w id="16" lemma="|towards|" pos="IN" wid="16">towards</w>
  <w id="17" lemma="|coexistence|" pos="NN" wid="17">coexistence</w>
  <w id="18" lemma="|in|" pos="IN" wid="18">in</w>
  <w id="19" lemma="|peace|" pos="NN" wid="19">peace</w>
  <w id="20" lemma="|and|" pos="CC" wid="20">and</w>
  <w id="21" lemma="|tranquillity|" pos="NN" wid="21">tranquillity</w>
  <w id="22" lemma="|.|" pos="." wid="22">.</w>
</sentence>
</corpus>