<corpus id="0">
<sentence id="0">
  <w id="0" lemma="|at|" pos="IN" wid="0">At</w>
  <w id="1" lemma="|the|" pos="DT" wid="1">the</w>
  <w id="2" lemma="|conclusion|" pos="NN" wid="2">conclusion</w>
  <w id="3" lemma="|of|" pos="IN" wid="3">of</w>
  <w id="4" lemma="|this|" pos="DT" wid="4">this</w>
  <w id="5" lemma="|eucharistic|" pos="JJ" wid="5">Eucharistic</w>
  <w id="6" lemma="|celebration|" pos="NN" wid="6">celebration</w>
  <w id="7" lemma="|we|" pos="PRP$" wid="7">our</w>
  <w id="8" lemma="|thought|" pos="NNS" wid="8">thoughts</w>
  <w id="9" lemma="|turn|" pos="VBP" wid="9">turn</w>
  <w id="10" lemma="|to|" pos="TO" wid="10">to</w>
  <w id="11" lemma="|the|" pos="DT" wid="11">the</w>
  <w id="12" lemma="|``|" pos="``" wid="12">``</w>
  <w id="13" lemma="|Woman|" pos="NNP" wid="13">Woman</w>
  <w id="14" lemma="|''|" pos="''" wid="14">''</w>
  <w id="15" lemma="|about|" pos="IN" wid="15">about</w>
  <w id="16" lemma="|whom|" pos="WP" wid="16">whom</w>
  <w id="17" lemma="|Saint|" pos="NNP" wid="17">Saint</w>
  <w id="18" lemma="|Paul|" pos="NNP" wid="18">Paul</w>
  <w id="19" lemma="|speak|" pos="VBD" wid="19">spoke</w>
  <w id="20" lemma="|in|" pos="IN" wid="20">in</w>
  <w id="21" lemma="|the|" pos="DT" wid="21">the</w>
  <w id="22" lemma="|second|" pos="JJ" wid="22">second</w>
  <w id="23" lemma="|reading|" pos="NN" wid="23">reading</w>
  <w id="24" lemma="|of|" pos="IN" wid="24">of</w>
  <w id="25" lemma="|today|" pos="NN" wid="25">today</w>
  <w id="26" lemma="|'s|" pos="POS" wid="26">'s</w>
  <w id="27" lemma="|Mass|" pos="NNP" wid="27">Mass</w>
  <w id="28" lemma="|-lrb-|" pos="-LRB-" wid="28">-LRB-</w>
  <w id="29" lemma="|Gal|" pos="NNP" wid="29">Gal</w>
  <w id="30" lemma="|4:4|" pos="CD" wid="30">4:4</w>
  <w id="31" lemma="|-rrb-|" pos="-RRB-" wid="31">-RRB-</w>
  <w id="32" lemma="|:|" pos=":" wid="32">:</w>
  <w id="33" lemma="|the|" pos="DT" wid="33">the</w>
  <w id="34" lemma="|Blessed|" pos="NNP" wid="34">Blessed</w>
  <w id="35" lemma="|Virgin|" pos="NNP" wid="35">Virgin</w>
  <w id="36" lemma="|Mary|" pos="NNP" wid="36">Mary</w>
  <w id="37" lemma="|,|" pos="," wid="37">,</w>
  <w id="38" lemma="|on|" pos="IN" wid="38">on</w>
  <w id="39" lemma="|whose|" pos="WP$" wid="39">whose</w>
  <w id="40" lemma="|feast|" pos="NN" wid="40">feast</w>
  <w id="41" lemma="|of|" pos="IN" wid="41">of</w>
  <w id="42" lemma="|the|" pos="DT" wid="42">the</w>
  <w id="43" lemma="|assumption|" pos="NN" wid="43">Assumption</w>
  <w id="44" lemma="|we|" pos="PRP" wid="44">we</w>
  <w id="45" lemma="|begin|" pos="VBD" wid="45">began</w>
  <w id="46" lemma="|this|" pos="DT" wid="46">this</w>
  <w id="47" lemma="|Fifteenth|" pos="NNP" wid="47">Fifteenth</w>
  <w id="48" lemma="|World|" pos="NNP" wid="48">World</w>
  <w id="49" lemma="|Youth|" pos="NNP" wid="49">Youth</w>
  <w id="50" lemma="|Day|" pos="NNP" wid="50">Day</w>
  <w id="51" lemma="|.|" pos="." wid="51">.</w>
</sentence>
<sentence id="1">
  <w id="0" lemma="|with|" pos="IN" wid="0">With</w>
  <w id="1" lemma="|she|" pos="PRP$" wid="1">her</w>
  <w id="2" lemma="|loving|" pos="JJ" wid="2">loving</w>
  <w id="3" lemma="|and|" pos="CC" wid="3">and</w>
  <w id="4" lemma="|motherly|" pos="JJ" wid="4">motherly</w>
  <w id="5" lemma="|presence|" pos="NN" wid="5">presence</w>
  <w id="6" lemma="|Mary|" pos="NNP" wid="6">Mary</w>
  <w id="7" lemma="|have|" pos="VBZ" wid="7">has</w>
  <w id="8" lemma="|guide|" pos="VBN" wid="8">guided</w>
  <w id="9" lemma="|these|" pos="DT" wid="9">these</w>
  <w id="10" lemma="|day|" pos="NNS" wid="10">days</w>
  <w id="11" lemma="|in|" pos="IN" wid="11">in</w>
  <w id="12" lemma="|Rome|" pos="NNP" wid="12">Rome</w>
  <w id="13" lemma="|,|" pos="," wid="13">,</w>
  <w id="14" lemma="|day|" pos="NNS" wid="14">days</w>
  <w id="15" lemma="|of|" pos="IN" wid="15">of</w>
  <w id="16" lemma="|a|" pos="DT" wid="16">an</w>
  <w id="17" lemma="|intense|" pos="JJ" wid="17">intense</w>
  <w id="18" lemma="|experience|" pos="NN" wid="18">experience</w>
  <w id="19" lemma="|of|" pos="IN" wid="19">of</w>
  <w id="20" lemma="|faith|" pos="NN" wid="20">faith</w>
  <w id="21" lemma="|.|" pos="." wid="21">.</w>
</sentence>
<sentence id="2">
  <w id="0" lemma="|we|" pos="PRP" wid="0">We</w>
  <w id="1" lemma="|wish|" pos="VBP" wid="1">wish</w>
  <w id="2" lemma="|to|" pos="TO" wid="2">to</w>
  <w id="3" lemma="|express|" pos="VB" wid="3">express</w>
  <w id="4" lemma="|all|" pos="DT" wid="4">all</w>
  <w id="5" lemma="|we|" pos="PRP$" wid="5">our</w>
  <w id="6" lemma="|gratitude|" pos="NN" wid="6">gratitude</w>
  <w id="7" lemma="|to|" pos="TO" wid="7">to</w>
  <w id="8" lemma="|she|" pos="PRP" wid="8">her</w>
  <w id="9" lemma="|for|" pos="IN" wid="9">for</w>
  <w id="10" lemma="|she|" pos="PRP" wid="10">her</w>
  <w id="11" lemma="|``|" pos="``" wid="11">``</w>
  <w id="12" lemma="|yes|" pos="UH" wid="12">yes</w>
  <w id="13" lemma="|''|" pos="''" wid="13">''</w>
  <w id="14" lemma="|which|" pos="WDT" wid="14">which</w>
  <w id="15" lemma="|mark|" pos="VBD" wid="15">marked</w>
  <w id="16" lemma="|the|" pos="DT" wid="16">the</w>
  <w id="17" lemma="|beginning|" pos="NN" wid="17">beginning</w>
  <w id="18" lemma="|of|" pos="IN" wid="18">of</w>
  <w id="19" lemma="|the|" pos="DT" wid="19">the</w>
  <w id="20" lemma="|``|" pos="``" wid="20">``</w>
  <w id="21" lemma="|adventure|" pos="NN" wid="21">adventure</w>
  <w id="22" lemma="|''|" pos="''" wid="22">''</w>
  <w id="23" lemma="|of|" pos="IN" wid="23">of</w>
  <w id="24" lemma="|we|" pos="PRP$" wid="24">our</w>
  <w id="25" lemma="|redemption|" pos="NN" wid="25">Redemption</w>
  <w id="26" lemma="|.|" pos="." wid="26">.</w>
</sentence>
<sentence id="3">
  <w id="0" lemma="|as|" pos="IN" wid="0">As</w>
  <w id="1" lemma="|I|" pos="PRP" wid="1">I</w>
  <w id="2" lemma="|ask|" pos="VBP" wid="2">ask</w>
  <w id="3" lemma="|the|" pos="DT" wid="3">the</w>
  <w id="4" lemma="|Blessed|" pos="NNP" wid="4">Blessed</w>
  <w id="5" lemma="|Virgin|" pos="NNP" wid="5">Virgin</w>
  <w id="6" lemma="|to|" pos="TO" wid="6">to</w>
  <w id="7" lemma="|watch|" pos="VB" wid="7">watch</w>
  <w id="8" lemma="|over|" pos="IN" wid="8">over</w>
  <w id="9" lemma="|all|" pos="PDT" wid="9">all</w>
  <w id="10" lemma="|the|" pos="DT" wid="10">the</w>
  <w id="11" lemma="|youth|" pos="NN" wid="11">youth</w>
  <w id="12" lemma="|of|" pos="IN" wid="12">of</w>
  <w id="13" lemma="|the|" pos="DT" wid="13">the</w>
  <w id="14" lemma="|world|" pos="NN" wid="14">world</w>
  <w id="15" lemma="|,|" pos="," wid="15">,</w>
  <w id="16" lemma="|boy|" pos="NNS" wid="16">boys</w>
  <w id="17" lemma="|and|" pos="CC" wid="17">and</w>
  <w id="18" lemma="|girl|" pos="NNS" wid="18">girls</w>
  <w id="19" lemma="|alike|" pos="RB" wid="19">alike</w>
  <w id="20" lemma="|,|" pos="," wid="20">,</w>
  <w id="21" lemma="|I|" pos="PRP" wid="21">I</w>
  <w id="22" lemma="|express|" pos="VBP" wid="22">express</w>
  <w id="23" lemma="|heartfelt|" pos="JJ" wid="23">heartfelt</w>
  <w id="24" lemma="|thanks|" pos="NNS" wid="24">thanks</w>
  <w id="25" lemma="|to|" pos="TO" wid="25">to</w>
  <w id="26" lemma="|you|" pos="PRP" wid="26">you</w>
  <w id="27" lemma="|who|" pos="WP" wid="27">who</w>
  <w id="28" lemma="|have|" pos="VBP" wid="28">have</w>
  <w id="29" lemma="|take|" pos="VBN" wid="29">taken</w>
  <w id="30" lemma="|part|" pos="NN" wid="30">part</w>
  <w id="31" lemma="|in|" pos="IN" wid="31">in</w>
  <w id="32" lemma="|this|" pos="DT" wid="32">this</w>
  <w id="33" lemma="|Fifteenth|" pos="NNP" wid="33">Fifteenth</w>
  <w id="34" lemma="|World|" pos="NNP" wid="34">World</w>
  <w id="35" lemma="|Youth|" pos="NNP" wid="35">Youth</w>
  <w id="36" lemma="|Day|" pos="NNP" wid="36">Day</w>
  <w id="37" lemma="|.|" pos="." wid="37">.</w>
</sentence>
<sentence id="4">
  <w id="0" lemma="|I|" pos="PRP" wid="0">I</w>
  <w id="1" lemma="|greet|" pos="VBP" wid="1">greet</w>
  <w id="2" lemma="|and|" pos="CC" wid="2">and</w>
  <w id="3" lemma="|thank|" pos="VBP" wid="3">thank</w>
  <w id="4" lemma="|first|" pos="JJ" wid="4">first</w>
  <w id="5" lemma="|of|" pos="IN" wid="5">of</w>
  <w id="6" lemma="|all|" pos="PDT" wid="6">all</w>
  <w id="7" lemma="|those|" pos="DT" wid="7">those</w>
  <w id="8" lemma="|who|" pos="WP" wid="8">who</w>
  <w id="9" lemma="|organize|" pos="VBD" wid="9">organized</w>
  <w id="10" lemma="|this|" pos="DT" wid="10">this</w>
  <w id="11" lemma="|event|" pos="NN" wid="11">event</w>
  <w id="12" lemma="|:|" pos=":" wid="12">:</w>
  <w id="13" lemma="|the|" pos="DT" wid="13">the</w>
  <w id="14" lemma="|Pontifical|" pos="NNP" wid="14">Pontifical</w>
  <w id="15" lemma="|Council|" pos="NNP" wid="15">Council</w>
  <w id="16" lemma="|for|" pos="IN" wid="16">for</w>
  <w id="17" lemma="|the|" pos="DT" wid="17">the</w>
  <w id="18" lemma="|Laity|" pos="NNP" wid="18">Laity</w>
  <w id="19" lemma="|,|" pos="," wid="19">,</w>
  <w id="20" lemma="|guide|" pos="VBN" wid="20">guided</w>
  <w id="21" lemma="|by|" pos="IN" wid="21">by</w>
  <w id="22" lemma="|Cardinal|" pos="NNP" wid="22">Cardinal</w>
  <w id="23" lemma="|James|" pos="NNP" wid="23">James</w>
  <w id="24" lemma="|Francis|" pos="NNP" wid="24">Francis</w>
  <w id="25" lemma="|Stafford|" pos="NNP" wid="25">Stafford</w>
  <w id="26" lemma="|;|" pos=":" wid="26">;</w>
  <w id="27" lemma="|the|" pos="DT" wid="27">the</w>
  <w id="28" lemma="|Vicariate|" pos="NNP" wid="28">Vicariate</w>
  <w id="29" lemma="|of|" pos="IN" wid="29">of</w>
  <w id="30" lemma="|Rome|" pos="NNP" wid="30">Rome</w>
  <w id="31" lemma="|and|" pos="CC" wid="31">and</w>
  <w id="32" lemma="|the|" pos="DT" wid="32">the</w>
  <w id="33" lemma="|Italian|" pos="NNP" wid="33">Italian</w>
  <w id="34" lemma="|Episcopal|" pos="NNP" wid="34">Episcopal</w>
  <w id="35" lemma="|Conference|" pos="NNP" wid="35">Conference</w>
  <w id="36" lemma="|,|" pos="," wid="36">,</w>
  <w id="37" lemma="|lead|" pos="VBN" wid="37">led</w>
  <w id="38" lemma="|by|" pos="IN" wid="38">by</w>
  <w id="39" lemma="|Cardinal|" pos="NNP" wid="39">Cardinal</w>
  <w id="40" lemma="|Camillo|" pos="NNP" wid="40">Camillo</w>
  <w id="41" lemma="|Ruini|" pos="NNP" wid="41">Ruini</w>
  <w id="42" lemma="|;|" pos=":" wid="42">;</w>
  <w id="43" lemma="|the|" pos="DT" wid="43">the</w>
  <w id="44" lemma="|President|" pos="NNP" wid="44">President</w>
  <w id="45" lemma="|and|" pos="CC" wid="45">and</w>
  <w id="46" lemma="|member|" pos="NNS" wid="46">members</w>
  <w id="47" lemma="|of|" pos="IN" wid="47">of</w>
  <w id="48" lemma="|the|" pos="DT" wid="48">the</w>
  <w id="49" lemma="|Italian|" pos="NNP" wid="49">Italian</w>
  <w id="50" lemma="|Committee|" pos="NNP" wid="50">Committee</w>
  <w id="51" lemma="|for|" pos="IN" wid="51">for</w>
  <w id="52" lemma="|the|" pos="DT" wid="52">the</w>
  <w id="53" lemma="|Fifteenth|" pos="NNP" wid="53">Fifteenth</w>
  <w id="54" lemma="|World|" pos="NNP" wid="54">World</w>
  <w id="55" lemma="|Youth|" pos="NNP" wid="55">Youth</w>
  <w id="56" lemma="|Day|" pos="NNP" wid="56">Day</w>
  <w id="57" lemma="|,|" pos="," wid="57">,</w>
  <w id="58" lemma="|as|" pos="RB" wid="58">as</w>
  <w id="59" lemma="|well|" pos="RB" wid="59">well</w>
  <w id="60" lemma="|as|" pos="IN" wid="60">as</w>
  <w id="61" lemma="|the|" pos="DT" wid="61">the</w>
  <w id="62" lemma="|parish|" pos="JJ" wid="62">parish</w>
  <w id="63" lemma="|community|" pos="NNS" wid="63">communities</w>
  <w id="64" lemma="|of|" pos="IN" wid="64">of</w>
  <w id="65" lemma="|Rome|" pos="NNP" wid="65">Rome</w>
  <w id="66" lemma="|and|" pos="CC" wid="66">and</w>
  <w id="67" lemma="|neighbouring|" pos="JJ" wid="67">neighbouring</w>
  <w id="68" lemma="|diocese|" pos="NNS" wid="68">Dioceses</w>
  <w id="69" lemma="|,|" pos="," wid="69">,</w>
  <w id="70" lemma="|they|" pos="PRP$" wid="70">their</w>
  <w id="71" lemma="|association|" pos="NNS" wid="71">associations</w>
  <w id="72" lemma="|,|" pos="," wid="72">,</w>
  <w id="73" lemma="|movement|" pos="NNS" wid="73">movements</w>
  <w id="74" lemma="|and|" pos="CC" wid="74">and</w>
  <w id="75" lemma="|group|" pos="NNS" wid="75">groups</w>
  <w id="76" lemma="|,|" pos="," wid="76">,</w>
  <w id="77" lemma="|which|" pos="WDT" wid="77">which</w>
  <w id="78" lemma="|for|" pos="IN" wid="78">for</w>
  <w id="79" lemma="|nearly|" pos="RB" wid="79">nearly</w>
  <w id="80" lemma="|three|" pos="CD" wid="80">three</w>
  <w id="81" lemma="|year|" pos="NNS" wid="81">years</w>
  <w id="82" lemma="|have|" pos="VBP" wid="82">have</w>
  <w id="83" lemma="|pray|" pos="VBN" wid="83">prayed</w>
  <w id="84" lemma="|and|" pos="CC" wid="84">and</w>
  <w id="85" lemma="|work|" pos="VBN" wid="85">worked</w>
  <w id="86" lemma="|with|" pos="IN" wid="86">with</w>
  <w id="87" lemma="|enthusiasm|" pos="NN" wid="87">enthusiasm</w>
  <w id="88" lemma="|to|" pos="TO" wid="88">to</w>
  <w id="89" lemma="|prepare|" pos="VB" wid="89">prepare</w>
  <w id="90" lemma="|for|" pos="IN" wid="90">for</w>
  <w id="91" lemma="|this|" pos="DT" wid="91">this</w>
  <w id="92" lemma="|event|" pos="NN" wid="92">event</w>
  <w id="93" lemma="|.|" pos="." wid="93">.</w>
</sentence>
<sentence id="5">
  <w id="0" lemma="|I|" pos="PRP" wid="0">I</w>
  <w id="1" lemma="|ask|" pos="VBP" wid="1">ask</w>
  <w id="2" lemma="|all|" pos="DT" wid="2">all</w>
  <w id="3" lemma="|of|" pos="IN" wid="3">of</w>
  <w id="4" lemma="|you|" pos="PRP" wid="4">you</w>
  <w id="5" lemma="|to|" pos="TO" wid="5">to</w>
  <w id="6" lemma="|see|" pos="VB" wid="6">see</w>
  <w id="7" lemma="|to|" pos="TO" wid="7">to</w>
  <w id="8" lemma="|it|" pos="PRP" wid="8">it</w>
  <w id="9" lemma="|that|" pos="IN" wid="9">that</w>
  <w id="10" lemma="|the|" pos="DT" wid="10">the</w>
  <w id="11" lemma="|rich|" pos="JJ" wid="11">rich</w>
  <w id="12" lemma="|legacy|" pos="NN" wid="12">legacy</w>
  <w id="13" lemma="|of|" pos="IN" wid="13">of</w>
  <w id="14" lemma="|good|" pos="JJ" wid="14">good</w>
  <w id="15" lemma="|which|" pos="WDT" wid="15">which</w>
  <w id="16" lemma="|this|" pos="DT" wid="16">this</w>
  <w id="17" lemma="|common|" pos="JJ" wid="17">common</w>
  <w id="18" lemma="|undertaking|" pos="NN" wid="18">undertaking</w>
  <w id="19" lemma="|have|" pos="VBZ" wid="19">has</w>
  <w id="20" lemma="|produce|" pos="VBN" wid="20">produced</w>
  <w id="21" lemma="|be|" pos="VBZ" wid="21">is</w>
  <w id="22" lemma="|not|" pos="RB" wid="22">not</w>
  <w id="23" lemma="|waste|" pos="VBN" wid="23">wasted</w>
  <w id="24" lemma="|.|" pos="." wid="24">.</w>
</sentence>
<sentence id="6">
  <w id="0" lemma="|I|" pos="PRP" wid="0">I</w>
  <w id="1" lemma="|thank|" pos="VBP" wid="1">thank</w>
  <w id="2" lemma="|also|" pos="RB" wid="2">also</w>
  <w id="3" lemma="|the|" pos="DT" wid="3">the</w>
  <w id="4" lemma="|public|" pos="JJ" wid="4">public</w>
  <w id="5" lemma="|Authorities|" pos="NNP" wid="5">Authorities</w>
  <w id="6" lemma="|,|" pos="," wid="6">,</w>
  <w id="7" lemma="|who|" pos="WP" wid="7">who</w>
  <w id="8" lemma="|with|" pos="IN" wid="8">with</w>
  <w id="9" lemma="|great|" pos="JJ" wid="9">great</w>
  <w id="10" lemma="|dedication|" pos="NN" wid="10">dedication</w>
  <w id="11" lemma="|ensure|" pos="VBD" wid="11">ensured</w>
  <w id="12" lemma="|that|" pos="IN" wid="12">that</w>
  <w id="13" lemma="|the|" pos="DT" wid="13">the</w>
  <w id="14" lemma="|complex|" pos="JJ" wid="14">complex</w>
  <w id="15" lemma="|organizational|" pos="JJ" wid="15">organizational</w>
  <w id="16" lemma="|machinery|" pos="NN" wid="16">machinery</w>
  <w id="17" lemma="|of|" pos="IN" wid="17">of</w>
  <w id="18" lemma="|the|" pos="DT" wid="18">the</w>
  <w id="19" lemma="|World|" pos="NNP" wid="19">World</w>
  <w id="20" lemma="|Youth|" pos="NNP" wid="20">Youth</w>
  <w id="21" lemma="|Day|" pos="NNP" wid="21">Day</w>
  <w id="22" lemma="|function|" pos="VBD" wid="22">functioned</w>
  <w id="23" lemma="|in|" pos="IN" wid="23">in</w>
  <w id="24" lemma="|the|" pos="DT" wid="24">the</w>
  <w id="25" lemma="|best|" pos="JJS" wid="25">best</w>
  <w id="26" lemma="|way|" pos="NN" wid="26">way</w>
  <w id="27" lemma="|possible|" pos="JJ" wid="27">possible</w>
  <w id="28" lemma="|.|" pos="." wid="28">.</w>
</sentence>
<sentence id="7">
  <w id="0" lemma="|finally|" pos="RB" wid="0">Finally</w>
  <w id="1" lemma="|I|" pos="PRP" wid="1">I</w>
  <w id="2" lemma="|greet|" pos="VBP" wid="2">greet</w>
  <w id="3" lemma="|so|" pos="RB" wid="3">so</w>
  <w id="4" lemma="|many|" pos="JJ" wid="4">many</w>
  <w id="5" lemma="|Cardinals|" pos="NNPS" wid="5">Cardinals</w>
  <w id="6" lemma="|and|" pos="CC" wid="6">and</w>
  <w id="7" lemma="|bishop|" pos="NNS" wid="7">Bishops</w>
  <w id="8" lemma="|present|" pos="VBP" wid="8">present</w>
  <w id="9" lemma="|,|" pos="," wid="9">,</w>
  <w id="10" lemma="|as|" pos="RB" wid="10">as</w>
  <w id="11" lemma="|well|" pos="RB" wid="11">well</w>
  <w id="12" lemma="|as|" pos="IN" wid="12">as</w>
  <w id="13" lemma="|the|" pos="DT" wid="13">the</w>
  <w id="14" lemma="|priest|" pos="NNS" wid="14">priests</w>
  <w id="15" lemma="|,|" pos="," wid="15">,</w>
  <w id="16" lemma="|the|" pos="DT" wid="16">the</w>
  <w id="17" lemma="|religious|" pos="JJ" wid="17">Religious</w>
  <w id="18" lemma="|woman|" pos="NNS" wid="18">women</w>
  <w id="19" lemma="|and|" pos="CC" wid="19">and</w>
  <w id="20" lemma="|man|" pos="NNS" wid="20">men</w>
  <w id="21" lemma="|,|" pos="," wid="21">,</w>
  <w id="22" lemma="|the|" pos="DT" wid="22">the</w>
  <w id="23" lemma="|teacher|" pos="NNS" wid="23">teachers</w>
  <w id="24" lemma="|and|" pos="CC" wid="24">and</w>
  <w id="25" lemma="|all|" pos="DT" wid="25">all</w>
  <w id="26" lemma="|of|" pos="IN" wid="26">of</w>
  <w id="27" lemma="|you|" pos="PRP" wid="27">you</w>
  <w id="28" lemma="|,|" pos="," wid="28">,</w>
  <w id="29" lemma="|young|" pos="JJ" wid="29">young</w>
  <w id="30" lemma="|people|" pos="NNS" wid="30">people</w>
  <w id="31" lemma="|of|" pos="IN" wid="31">of</w>
  <w id="32" lemma="|the|" pos="DT" wid="32">the</w>
  <w id="33" lemma="|world|" pos="NN" wid="33">world</w>
  <w id="34" lemma="|,|" pos="," wid="34">,</w>
  <w id="35" lemma="|``|" pos="``" wid="35">``</w>
  <w id="36" lemma="|my|" pos="PRP$" wid="36">my</w>
  <w id="37" lemma="|joy|" pos="NN" wid="37">joy</w>
  <w id="38" lemma="|and|" pos="CC" wid="38">and</w>
  <w id="39" lemma="|my|" pos="PRP$" wid="39">my</w>
  <w id="40" lemma="|crown|" pos="NN" wid="40">crown</w>
  <w id="41" lemma="|''|" pos="''" wid="41">''</w>
  <w id="42" lemma="|-lrb-|" pos="-LRB-" wid="42">-LRB-</w>
  <w id="43" lemma="|Phil|" pos="NNP" wid="43">Phil</w>
  <w id="44" lemma="|4:1|" pos="CD" wid="44">4:1</w>
  <w id="45" lemma="|-rrb-|" pos="-RRB-" wid="45">-RRB-</w>
  <w id="46" lemma="|before|" pos="IN" wid="46">Before</w>
  <w id="47" lemma="|we|" pos="PRP" wid="47">we</w>
  <w id="48" lemma="|leave|" pos="VBP" wid="48">leave</w>
  <w id="49" lemma="|this|" pos="DT" wid="49">this</w>
  <w id="50" lemma="|great|" pos="JJ" wid="50">great</w>
  <w id="51" lemma="|and|" pos="CC" wid="51">and</w>
  <w id="52" lemma="|beautiful|" pos="JJ" wid="52">beautiful</w>
  <w id="53" lemma="|gathering|" pos="NN" wid="53">gathering</w>
  <w id="54" lemma="|,|" pos="," wid="54">,</w>
  <w id="55" lemma="|I|" pos="PRP" wid="55">I</w>
  <w id="56" lemma="|want|" pos="VBP" wid="56">want</w>
  <w id="57" lemma="|to|" pos="TO" wid="57">to</w>
  <w id="58" lemma="|announce|" pos="VB" wid="58">announce</w>
  <w id="59" lemma="|that|" pos="IN" wid="59">that</w>
  <w id="60" lemma="|the|" pos="DT" wid="60">the</w>
  <w id="61" lemma="|next|" pos="JJ" wid="61">next</w>
  <w id="62" lemma="|World|" pos="NNP" wid="62">World</w>
  <w id="63" lemma="|Youth|" pos="NNP" wid="63">Youth</w>
  <w id="64" lemma="|Day|" pos="NNP" wid="64">Day</w>
  <w id="65" lemma="|will|" pos="MD" wid="65">will</w>
  <w id="66" lemma="|be|" pos="VB" wid="66">be</w>
  <w id="67" lemma="|hold|" pos="VBN" wid="67">held</w>
  <w id="68" lemma="|in|" pos="IN" wid="68">in</w>
  <w id="69" lemma="|Toronto|" pos="NNP" wid="69">Toronto</w>
  <w id="70" lemma="|,|" pos="," wid="70">,</w>
  <w id="71" lemma="|Canada|" pos="NNP" wid="71">Canada</w>
  <w id="72" lemma="|,|" pos="," wid="72">,</w>
  <w id="73" lemma="|in|" pos="IN" wid="73">in</w>
  <w id="74" lemma="|the|" pos="DT" wid="74">the</w>
  <w id="75" lemma="|summer|" pos="NN" wid="75">summer</w>
  <w id="76" lemma="|of|" pos="IN" wid="76">of</w>
  <w id="77" lemma="|2002|" pos="CD" wid="77">2002</w>
  <w id="78" lemma="|.|" pos="." wid="78">.</w>
</sentence>
<sentence id="8">
  <w id="0" lemma="|right|" pos="RB" wid="0">Right</w>
  <w id="1" lemma="|from|" pos="IN" wid="1">from</w>
  <w id="2" lemma="|now|" pos="RB" wid="2">now</w>
  <w id="3" lemma="|I|" pos="PRP" wid="3">I</w>
  <w id="4" lemma="|invite|" pos="VBP" wid="4">invite</w>
  <w id="5" lemma="|the|" pos="DT" wid="5">the</w>
  <w id="6" lemma="|young|" pos="JJ" wid="6">young</w>
  <w id="7" lemma="|people|" pos="NNS" wid="7">people</w>
  <w id="8" lemma="|of|" pos="IN" wid="8">of</w>
  <w id="9" lemma="|the|" pos="DT" wid="9">the</w>
  <w id="10" lemma="|world|" pos="NN" wid="10">world</w>
  <w id="11" lemma="|to|" pos="TO" wid="11">to</w>
  <w id="12" lemma="|set|" pos="VB" wid="12">set</w>
  <w id="13" lemma="|out|" pos="RP" wid="13">out</w>
  <w id="14" lemma="|for|" pos="IN" wid="14">for</w>
  <w id="15" lemma="|Toronto|" pos="NNP" wid="15">Toronto</w>
  <w id="16" lemma="|,|" pos="," wid="16">,</w>
  <w id="17" lemma="|and|" pos="CC" wid="17">and</w>
  <w id="18" lemma="|I|" pos="PRP" wid="18">I</w>
  <w id="19" lemma="|offer|" pos="VBP" wid="19">offer</w>
  <w id="20" lemma="|a|" pos="DT" wid="20">a</w>
  <w id="21" lemma="|special|" pos="JJ" wid="21">special</w>
  <w id="22" lemma="|greet|" pos="VBG" wid="22">greeting</w>
  <w id="23" lemma="|to|" pos="TO" wid="23">to</w>
  <w id="24" lemma="|the|" pos="DT" wid="24">the</w>
  <w id="25" lemma="|canadian|" pos="JJ" wid="25">Canadian</w>
  <w id="26" lemma="|delegation|" pos="NN" wid="26">delegation</w>
  <w id="27" lemma="|,|" pos="," wid="27">,</w>
  <w id="28" lemma="|who|" pos="WP" wid="28">who</w>
  <w id="29" lemma="|want|" pos="VBD" wid="29">wanted</w>
  <w id="30" lemma="|to|" pos="TO" wid="30">to</w>
  <w id="31" lemma="|be|" pos="VB" wid="31">be</w>
  <w id="32" lemma="|here|" pos="RB" wid="32">here</w>
  <w id="33" lemma="|at|" pos="IN" wid="33">at</w>
  <w id="34" lemma="|this|" pos="DT" wid="34">this</w>
  <w id="35" lemma="|celebration|" pos="NN" wid="35">celebration</w>
  <w id="36" lemma="|to|" pos="TO" wid="36">to</w>
  <w id="37" lemma="|accept|" pos="VB" wid="37">accept</w>
  <w id="38" lemma="|the|" pos="DT" wid="38">the</w>
  <w id="39" lemma="|task|" pos="NN" wid="39">task</w>
  <w id="40" lemma="|which|" pos="WDT" wid="40">which</w>
  <w id="41" lemma="|will|" pos="MD" wid="41">will</w>
  <w id="42" lemma="|be|" pos="VB" wid="42">be</w>
  <w id="43" lemma="|theirs|" pos="JJ" wid="43">theirs</w>
  <w id="44" lemma="|.|" pos="." wid="44">.</w>
</sentence>
<sentence id="9">
  <w id="0" lemma="|upon|" pos="IN" wid="0">Upon</w>
  <w id="1" lemma="|they|" pos="PRP" wid="1">them</w>
  <w id="2" lemma="|and|" pos="CC" wid="2">and</w>
  <w id="3" lemma="|all|" pos="DT" wid="3">all</w>
  <w id="4" lemma="|that|" pos="IN" wid="4">that</w>
  <w id="5" lemma="|they|" pos="PRP" wid="5">they</w>
  <w id="6" lemma="|be|" pos="VBP" wid="6">are</w>
  <w id="7" lemma="|undertake|" pos="VBG" wid="7">undertaking</w>
  <w id="8" lemma="|I|" pos="PRP" wid="8">I</w>
  <w id="9" lemma="|invoke|" pos="VBP" wid="9">invoke</w>
  <w id="10" lemma="|the|" pos="DT" wid="10">the</w>
  <w id="11" lemma="|protection|" pos="NN" wid="11">protection</w>
  <w id="12" lemma="|of|" pos="IN" wid="12">of</w>
  <w id="13" lemma="|the|" pos="DT" wid="13">the</w>
  <w id="14" lemma="|Virgin|" pos="NNP" wid="14">Virgin</w>
  <w id="15" lemma="|Mary|" pos="NNP" wid="15">Mary</w>
  <w id="16" lemma="|.|" pos="." wid="16">.</w>
</sentence>
<sentence id="10">
  <w id="0" lemma="|greeting|" pos="NNS" wid="0">Greetings</w>
  <w id="1" lemma="|in|" pos="IN" wid="1">in</w>
  <w id="2" lemma="|different|" pos="JJ" wid="2">different</w>
  <w id="3" lemma="|language|" pos="NNS" wid="3">languages</w>
  <w id="4" lemma="|with|" pos="IN" wid="4">With</w>
  <w id="5" lemma="|affection|" pos="NN" wid="5">affection</w>
  <w id="6" lemma="|and|" pos="CC" wid="6">and</w>
  <w id="7" lemma="|gratitude|" pos="NN" wid="7">gratitude</w>
  <w id="8" lemma="|I|" pos="PRP" wid="8">I</w>
  <w id="9" lemma="|greet|" pos="VBP" wid="9">greet</w>
  <w id="10" lemma="|you|" pos="PRP" wid="10">you</w>
  <w id="11" lemma="|all|" pos="DT" wid="11">all</w>
  <w id="12" lemma="|.|" pos="." wid="12">.</w>
</sentence>
<sentence id="11">
  <w id="0" lemma="|let|" pos="VB" wid="0">Let</w>
  <w id="1" lemma="|we|" pos="PRP" wid="1">us</w>
  <w id="2" lemma="|all|" pos="RB" wid="2">all</w>
  <w id="3" lemma="|together|" pos="RB" wid="3">together</w>
  <w id="4" lemma="|ask|" pos="VB" wid="4">ask</w>
  <w id="5" lemma="|we|" pos="PRP$" wid="5">Our</w>
  <w id="6" lemma="|lady|" pos="NN" wid="6">Lady</w>
  <w id="7" lemma="|to|" pos="TO" wid="7">to</w>
  <w id="8" lemma="|protect|" pos="VB" wid="8">protect</w>
  <w id="9" lemma="|each|" pos="DT" wid="9">each</w>
  <w id="10" lemma="|one|" pos="CD" wid="10">one</w>
  <w id="11" lemma="|of|" pos="IN" wid="11">of</w>
  <w id="12" lemma="|we|" pos="PRP" wid="12">us</w>
  <w id="13" lemma="|on|" pos="IN" wid="13">on</w>
  <w id="14" lemma="|we|" pos="PRP$" wid="14">our</w>
  <w id="15" lemma="|journey|" pos="NN" wid="15">journey</w>
  <w id="16" lemma="|.|" pos="." wid="16">.</w>
</sentence>
</corpus>