<corpus id="0">
<sentence id="0">
  <w id="0" lemma="|Dear|" pos="NNP" wid="0">Dear</w>
  <w id="1" lemma="|Brothers|" pos="NNPS" wid="1">Brothers</w>
  <w id="2" lemma="|and|" pos="CC" wid="2">and</w>
  <w id="3" lemma="|sister|" pos="NNS" wid="3">Sisters</w>
  <w id="4" lemma="|,|" pos="," wid="4">,</w>
  <w id="5" lemma="|1|" pos="CD" wid="5">1</w>
  <w id="6" lemma="|.|" pos="." wid="6">.</w>
</sentence>
<sentence id="1">
  <w id="0" lemma="|last|" pos="JJ" wid="0">Last</w>
  <w id="1" lemma="|Wednesday|" pos="NNP" wid="1">Wednesday</w>
  <w id="2" lemma="|,|" pos="," wid="2">,</w>
  <w id="3" lemma="|with|" pos="IN" wid="3">with</w>
  <w id="4" lemma="|the|" pos="DT" wid="4">the</w>
  <w id="5" lemma="|traditional|" pos="JJ" wid="5">traditional</w>
  <w id="6" lemma="|rite|" pos="NN" wid="6">rite</w>
  <w id="7" lemma="|of|" pos="IN" wid="7">of</w>
  <w id="8" lemma="|ash|" pos="NNS" wid="8">ashes</w>
  <w id="9" lemma="|,|" pos="," wid="9">,</w>
  <w id="10" lemma="|we|" pos="PRP" wid="10">we</w>
  <w id="11" lemma="|enter|" pos="VBD" wid="11">entered</w>
  <w id="12" lemma="|the|" pos="DT" wid="12">the</w>
  <w id="13" lemma="|austere|" pos="JJ" wid="13">austere</w>
  <w id="14" lemma="|penitential|" pos="JJ" wid="14">penitential</w>
  <w id="15" lemma="|atmosphere|" pos="NN" wid="15">atmosphere</w>
  <w id="16" lemma="|of|" pos="IN" wid="16">of</w>
  <w id="17" lemma="|Lent|" pos="NNP" wid="17">Lent</w>
  <w id="18" lemma="|.|" pos="." wid="18">.</w>
</sentence>
<sentence id="2">
  <w id="0" lemma="|this|" pos="DT" wid="0">This</w>
  <w id="1" lemma="|liturgical|" pos="JJ" wid="1">liturgical</w>
  <w id="2" lemma="|season|" pos="NN" wid="2">season</w>
  <w id="3" lemma="|,|" pos="," wid="3">,</w>
  <w id="4" lemma="|which|" pos="WDT" wid="4">which</w>
  <w id="5" lemma="|recall|" pos="VBZ" wid="5">recalls</w>
  <w id="6" lemma="|the|" pos="DT" wid="6">the</w>
  <w id="7" lemma="|40|" pos="CD" wid="7">40</w>
  <w id="8" lemma="|day|" pos="NNS" wid="8">days</w>
  <w id="9" lemma="|Jesus|" pos="NNP" wid="9">Jesus</w>
  <w id="10" lemma="|spend|" pos="VBD" wid="10">spent</w>
  <w id="11" lemma="|in|" pos="IN" wid="11">in</w>
  <w id="12" lemma="|the|" pos="DT" wid="12">the</w>
  <w id="13" lemma="|desert|" pos="NN" wid="13">desert</w>
  <w id="14" lemma="|,|" pos="," wid="14">,</w>
  <w id="15" lemma="|be|" pos="VBZ" wid="15">is</w>
  <w id="16" lemma="|a|" pos="DT" wid="16">a</w>
  <w id="17" lemma="|pressing|" pos="JJ" wid="17">pressing</w>
  <w id="18" lemma="|invitation|" pos="NN" wid="18">invitation</w>
  <w id="19" lemma="|to|" pos="TO" wid="19">to</w>
  <w id="20" lemma="|conversion|" pos="NN" wid="20">conversion</w>
  <w id="21" lemma="|for|" pos="IN" wid="21">for</w>
  <w id="22" lemma="|all|" pos="PDT" wid="22">all</w>
  <w id="23" lemma="|the|" pos="DT" wid="23">the</w>
  <w id="24" lemma="|baptize|" pos="VBN" wid="24">baptized</w>
  <w id="25" lemma="|,|" pos="," wid="25">,</w>
  <w id="26" lemma="|so|" pos="IN" wid="26">so</w>
  <w id="27" lemma="|that|" pos="IN" wid="27">that</w>
  <w id="28" lemma="|inwardly|" pos="RB" wid="28">inwardly</w>
  <w id="29" lemma="|renew|" pos="VBN" wid="29">renewed</w>
  <w id="30" lemma="|they|" pos="PRP" wid="30">they</w>
  <w id="31" lemma="|may|" pos="MD" wid="31">may</w>
  <w id="32" lemma="|celebrate|" pos="VB" wid="32">celebrate</w>
  <w id="33" lemma="|Easter|" pos="NNP" wid="33">Easter</w>
  <w id="34" lemma="|,|" pos="," wid="34">,</w>
  <w id="35" lemma="|the|" pos="DT" wid="35">the</w>
  <w id="36" lemma="|solemn|" pos="JJ" wid="36">solemn</w>
  <w id="37" lemma="|memorial|" pos="NN" wid="37">memorial</w>
  <w id="38" lemma="|of|" pos="IN" wid="38">of</w>
  <w id="39" lemma="|salvation|" pos="NN" wid="39">salvation</w>
  <w id="40" lemma="|.|" pos="." wid="40">.</w>
</sentence>
<sentence id="3">
  <w id="0" lemma="|during|" pos="IN" wid="0">During</w>
  <w id="1" lemma="|this|" pos="DT" wid="1">this</w>
  <w id="2" lemma="|year|" pos="NN" wid="2">year</w>
  <w id="3" lemma="|dedicate|" pos="VBD" wid="3">dedicated</w>
  <w id="4" lemma="|especially|" pos="RB" wid="4">especially</w>
  <w id="5" lemma="|to|" pos="TO" wid="5">to</w>
  <w id="6" lemma="|the|" pos="DT" wid="6">the</w>
  <w id="7" lemma="|Holy|" pos="NNP" wid="7">Holy</w>
  <w id="8" lemma="|Spirit|" pos="NNP" wid="8">Spirit</w>
  <w id="9" lemma="|,|" pos="," wid="9">,</w>
  <w id="10" lemma="|I|" pos="PRP" wid="10">I</w>
  <w id="11" lemma="|would|" pos="MD" wid="11">would</w>
  <w id="12" lemma="|like|" pos="VB" wid="12">like</w>
  <w id="13" lemma="|to|" pos="TO" wid="13">to</w>
  <w id="14" lemma="|recall|" pos="VB" wid="14">recall</w>
  <w id="15" lemma="|,|" pos="," wid="15">,</w>
  <w id="16" lemma="|as|" pos="IN" wid="16">as</w>
  <w id="17" lemma="|the|" pos="DT" wid="17">the</w>
  <w id="18" lemma="|Gospel|" pos="NNP" wid="18">Gospel</w>
  <w id="19" lemma="|text|" pos="NNS" wid="19">texts</w>
  <w id="20" lemma="|emphasize|" pos="VBP" wid="20">emphasize</w>
  <w id="21" lemma="|,|" pos="," wid="21">,</w>
  <w id="22" lemma="|that|" pos="IN" wid="22">that</w>
  <w id="23" lemma="|it|" pos="PRP" wid="23">it</w>
  <w id="24" lemma="|be|" pos="VBZ" wid="24">is</w>
  <w id="25" lemma="|precisely|" pos="RB" wid="25">precisely</w>
  <w id="26" lemma="|the|" pos="DT" wid="26">the</w>
  <w id="27" lemma="|spirit|" pos="NN" wid="27">Spirit</w>
  <w id="28" lemma="|who|" pos="WP" wid="28">who</w>
  <w id="29" lemma="|lead|" pos="VBZ" wid="29">leads</w>
  <w id="30" lemma="|Christ|" pos="NNP" wid="30">Christ</w>
  <w id="31" lemma="|into|" pos="IN" wid="31">into</w>
  <w id="32" lemma="|the|" pos="DT" wid="32">the</w>
  <w id="33" lemma="|desert|" pos="NN" wid="33">desert</w>
  <w id="34" lemma="|-lrb-|" pos="-LRB-" wid="34">-LRB-</w>
  <w id="35" lemma="|cf|" pos="NN" wid="35">cf</w>
  <w id="36" lemma="|.|" pos="." wid="36">.</w>
</sentence>
<sentence id="4">
  <w id="0" lemma="|lk|" pos="FW" wid="0">Lk</w>
  <w id="1" lemma="|4:1|" pos="FW" wid="1">4:1</w>
  <w id="2" lemma="|-rrb-|" pos="-RRB-" wid="2">-RRB-</w>
  <w id="3" lemma="|to|" pos="TO" wid="3">to</w>
  <w id="4" lemma="|be|" pos="VB" wid="4">be</w>
  <w id="5" lemma="|tempt|" pos="VBN" wid="5">tempted</w>
  <w id="6" lemma="|by|" pos="IN" wid="6">by</w>
  <w id="7" lemma="|the|" pos="DT" wid="7">the</w>
  <w id="8" lemma="|devil|" pos="NNP" wid="8">devil</w>
  <w id="9" lemma="|.|" pos="." wid="9">.</w>
</sentence>
<sentence id="5">
  <w id="0" lemma="|the|" pos="DT" wid="0">The</w>
  <w id="1" lemma="|Christian|" pos="NNP" wid="1">Christian</w>
  <w id="2" lemma="|,|" pos="," wid="2">,</w>
  <w id="3" lemma="|whose|" pos="WP$" wid="3">whose</w>
  <w id="4" lemma="|life|" pos="NN" wid="4">life</w>
  <w id="5" lemma="|be|" pos="VBZ" wid="5">is</w>
  <w id="6" lemma="|guide|" pos="VBN" wid="6">guided</w>
  <w id="7" lemma="|by|" pos="IN" wid="7">by</w>
  <w id="8" lemma="|this|" pos="DT" wid="8">this</w>
  <w id="9" lemma="|same|" pos="JJ" wid="9">same</w>
  <w id="10" lemma="|spirit|" pos="NN" wid="10">Spirit</w>
  <w id="11" lemma="|receive|" pos="VBN" wid="11">received</w>
  <w id="12" lemma="|in|" pos="IN" wid="12">in</w>
  <w id="13" lemma="|baptism|" pos="NN" wid="13">Baptism</w>
  <w id="14" lemma="|and|" pos="CC" wid="14">and</w>
  <w id="15" lemma="|confirmation|" pos="NN" wid="15">Confirmation</w>
  <w id="16" lemma="|,|" pos="," wid="16">,</w>
  <w id="17" lemma="|be|" pos="VBZ" wid="17">is</w>
  <w id="18" lemma="|call|" pos="VBN" wid="18">called</w>
  <w id="19" lemma="|to|" pos="TO" wid="19">to</w>
  <w id="20" lemma="|fight|" pos="VB" wid="20">fight</w>
  <w id="21" lemma="|,|" pos="," wid="21">,</w>
  <w id="22" lemma="|with|" pos="IN" wid="22">with</w>
  <w id="23" lemma="|the|" pos="DT" wid="23">the</w>
  <w id="24" lemma="|support|" pos="NN" wid="24">support</w>
  <w id="25" lemma="|of|" pos="IN" wid="25">of</w>
  <w id="26" lemma="|Christ|" pos="NNP" wid="26">Christ</w>
  <w id="27" lemma="|'s|" pos="POS" wid="27">'s</w>
  <w id="28" lemma="|grace|" pos="NN" wid="28">grace</w>
  <w id="29" lemma="|,|" pos="," wid="29">,</w>
  <w id="30" lemma="|the|" pos="DT" wid="30">the</w>
  <w id="31" lemma="|daily|" pos="JJ" wid="31">daily</w>
  <w id="32" lemma="|battle|" pos="NN" wid="32">battle</w>
  <w id="33" lemma="|of|" pos="IN" wid="33">of</w>
  <w id="34" lemma="|faith|" pos="NN" wid="34">faith</w>
  <w id="35" lemma="|.|" pos="." wid="35">.</w>
</sentence>
<sentence id="6">
  <w id="0" lemma="|Lent|" pos="NNP" wid="0">Lent</w>
  <w id="1" lemma="|be|" pos="VBZ" wid="1">is</w>
  <w id="2" lemma="|the|" pos="DT" wid="2">the</w>
  <w id="3" lemma="|``|" pos="``" wid="3">``</w>
  <w id="4" lemma="|favourable|" pos="JJ" wid="4">favourable</w>
  <w id="5" lemma="|''|" pos="''" wid="5">''</w>
  <w id="6" lemma="|season|" pos="NN" wid="6">season</w>
  <w id="7" lemma="|for|" pos="IN" wid="7">for</w>
  <w id="8" lemma="|a|" pos="DT" wid="8">a</w>
  <w id="9" lemma="|deep|" pos="JJ" wid="9">deep</w>
  <w id="10" lemma="|examination|" pos="NN" wid="10">examination</w>
  <w id="11" lemma="|of|" pos="IN" wid="11">of</w>
  <w id="12" lemma="|one|" pos="NN" wid="12">one</w>
  <w id="13" lemma="|'s|" pos="POS" wid="13">'s</w>
  <w id="14" lemma="|own|" pos="JJ" wid="14">own</w>
  <w id="15" lemma="|life|" pos="NN" wid="15">life</w>
  <w id="16" lemma="|in|" pos="IN" wid="16">in</w>
  <w id="17" lemma="|the|" pos="DT" wid="17">the</w>
  <w id="18" lemma="|light|" pos="NN" wid="18">light</w>
  <w id="19" lemma="|of|" pos="IN" wid="19">of</w>
  <w id="20" lemma="|God|" pos="NNP" wid="20">God</w>
  <w id="21" lemma="|'s|" pos="POS" wid="21">'s</w>
  <w id="22" lemma="|word|" pos="NN" wid="22">Word</w>
  <w id="23" lemma="|.|" pos="." wid="23">.</w>
</sentence>
<sentence id="7">
  <w id="0" lemma="|2|" pos="CD" wid="0">2</w>
  <w id="1" lemma="|.|" pos="." wid="1">.</w>
</sentence>
<sentence id="8">
  <w id="0" lemma="|this|" pos="DT" wid="0">This</w>
  <w id="1" lemma="|year|" pos="NN" wid="1">year</w>
  <w id="2" lemma="|Lent|" pos="NNP" wid="2">Lent</w>
  <w id="3" lemma="|have|" pos="VBZ" wid="3">has</w>
  <w id="4" lemma="|a|" pos="DT" wid="4">a</w>
  <w id="5" lemma="|particular|" pos="JJ" wid="5">particular</w>
  <w id="6" lemma="|meaning|" pos="NN" wid="6">meaning</w>
  <w id="7" lemma="|for|" pos="IN" wid="7">for</w>
  <w id="8" lemma="|the|" pos="DT" wid="8">the</w>
  <w id="9" lemma="|Diocese|" pos="NNP" wid="9">Diocese</w>
  <w id="10" lemma="|of|" pos="IN" wid="10">of</w>
  <w id="11" lemma="|Rome|" pos="NNP" wid="11">Rome</w>
  <w id="12" lemma="|.|" pos="." wid="12">.</w>
</sentence>
<sentence id="9">
  <w id="0" lemma="|indeed|" pos="RB" wid="0">Indeed</w>
  <w id="1" lemma="|,|" pos="," wid="1">,</w>
  <w id="2" lemma="|it|" pos="PRP" wid="2">it</w>
  <w id="3" lemma="|be|" pos="VBZ" wid="3">is</w>
  <w id="4" lemma="|a|" pos="DT" wid="4">a</w>
  <w id="5" lemma="|time|" pos="NN" wid="5">time</w>
  <w id="6" lemma="|of|" pos="IN" wid="6">of</w>
  <w id="7" lemma="|Mission|" pos="NNP" wid="7">Mission</w>
  <w id="8" lemma="|.|" pos="." wid="8">.</w>
</sentence>
<sentence id="10">
  <w id="0" lemma="|as|" pos="IN" wid="0">As</w>
  <w id="1" lemma="|I|" pos="PRP" wid="1">I</w>
  <w id="2" lemma="|have|" pos="VBD" wid="2">had</w>
  <w id="3" lemma="|the|" pos="DT" wid="3">the</w>
  <w id="4" lemma="|opportunity|" pos="NN" wid="4">opportunity</w>
  <w id="5" lemma="|to|" pos="TO" wid="5">to</w>
  <w id="6" lemma="|recall|" pos="VB" wid="6">recall</w>
  <w id="7" lemma="|at|" pos="IN" wid="7">at</w>
  <w id="8" lemma="|my|" pos="PRP$" wid="8">my</w>
  <w id="9" lemma="|traditional|" pos="JJ" wid="9">traditional</w>
  <w id="10" lemma="|meeting|" pos="NN" wid="10">meeting</w>
  <w id="11" lemma="|with|" pos="IN" wid="11">with</w>
  <w id="12" lemma="|the|" pos="DT" wid="12">the</w>
  <w id="13" lemma="|Roman|" pos="NNP" wid="13">Roman</w>
  <w id="14" lemma="|clergy|" pos="NNS" wid="14">clergy</w>
  <w id="15" lemma="|last|" pos="JJ" wid="15">last</w>
  <w id="16" lemma="|Thursday|" pos="NNP" wid="16">Thursday</w>
  <w id="17" lemma="|,|" pos="," wid="17">,</w>
  <w id="18" lemma="|the|" pos="DT" wid="18">the</w>
  <w id="19" lemma="|City|" pos="NNP" wid="19">City</w>
  <w id="20" lemma="|Mission|" pos="NNP" wid="20">Mission</w>
  <w id="21" lemma="|be|" pos="VBZ" wid="21">is</w>
  <w id="22" lemma="|reach|" pos="VBG" wid="22">reaching</w>
  <w id="23" lemma="|its|" pos="PRP$" wid="23">its</w>
  <w id="24" lemma="|culmination|" pos="NN" wid="24">culmination</w>
  <w id="25" lemma="|.|" pos="." wid="25">.</w>
</sentence>
<sentence id="11">
  <w id="0" lemma="|in|" pos="IN" wid="0">In</w>
  <w id="1" lemma="|fact|" pos="NN" wid="1">fact</w>
  <w id="2" lemma="|,|" pos="," wid="2">,</w>
  <w id="3" lemma="|the|" pos="DT" wid="3">the</w>
  <w id="4" lemma="|family|" pos="NN" wid="4">family</w>
  <w id="5" lemma="|visit|" pos="NNS" wid="5">visits</w>
  <w id="6" lemma="|be|" pos="VBP" wid="6">are</w>
  <w id="7" lemma="|under|" pos="IN" wid="7">under</w>
  <w id="8" lemma="|way|" pos="NN" wid="8">way</w>
  <w id="9" lemma="|in|" pos="IN" wid="9">in</w>
  <w id="10" lemma="|many|" pos="JJ" wid="10">many</w>
  <w id="11" lemma="|parish|" pos="NNS" wid="11">parishes</w>
  <w id="12" lemma="|,|" pos="," wid="12">,</w>
  <w id="13" lemma="|while|" pos="IN" wid="13">while</w>
  <w id="14" lemma="|the|" pos="DT" wid="14">the</w>
  <w id="15" lemma="|await|" pos="VBN" wid="15">awaited</w>
  <w id="16" lemma="|jubilee|" pos="NN" wid="16">Jubilee</w>
  <w id="17" lemma="|of|" pos="IN" wid="17">of</w>
  <w id="18" lemma="|the|" pos="DT" wid="18">the</w>
  <w id="19" lemma="|year|" pos="NN" wid="19">Year</w>
  <w id="20" lemma="|2000|" pos="CD" wid="20">2000</w>
  <w id="21" lemma="|be|" pos="VBZ" wid="21">is</w>
  <w id="22" lemma="|rapidly|" pos="RB" wid="22">rapidly</w>
  <w id="23" lemma="|approach|" pos="VBG" wid="23">approaching</w>
  <w id="24" lemma="|.|" pos="." wid="24">.</w>
</sentence>
<sentence id="12">
  <w id="0" lemma="|today|" pos="NN" wid="0">Today</w>
  <w id="1" lemma="|I|" pos="PRP" wid="1">I</w>
  <w id="2" lemma="|would|" pos="MD" wid="2">would</w>
  <w id="3" lemma="|like|" pos="VB" wid="3">like</w>
  <w id="4" lemma="|to|" pos="TO" wid="4">to</w>
  <w id="5" lemma="|repeat|" pos="VB" wid="5">repeat</w>
  <w id="6" lemma="|to|" pos="TO" wid="6">to</w>
  <w id="7" lemma="|every|" pos="DT" wid="7">every</w>
  <w id="8" lemma="|inhabitant|" pos="NN" wid="8">inhabitant</w>
  <w id="9" lemma="|of|" pos="IN" wid="9">of</w>
  <w id="10" lemma="|we|" pos="PRP$" wid="10">our</w>
  <w id="11" lemma="|city|" pos="NN" wid="11">city</w>
  <w id="12" lemma="|:|" pos=":" wid="12">:</w>
  <w id="13" lemma="|``|" pos="``" wid="13">``</w>
  <w id="14" lemma="|open|" pos="VB" wid="14">Open</w>
  <w id="15" lemma="|the|" pos="DT" wid="15">the</w>
  <w id="16" lemma="|door|" pos="NN" wid="16">door</w>
  <w id="17" lemma="|to|" pos="TO" wid="17">to</w>
  <w id="18" lemma="|Christ|" pos="NNP" wid="18">Christ</w>
  <w id="19" lemma="|,|" pos="," wid="19">,</w>
  <w id="20" lemma="|you|" pos="PRP$" wid="20">your</w>
  <w id="21" lemma="|Saviour|" pos="NNP" wid="21">Saviour</w>
  <w id="22" lemma="|!|" pos="." wid="22">!</w>
  <w id="23" lemma="|''|" pos="''" wid="23">''</w>
  <w id="24" lemma="|.|" pos="." wid="24">.</w>
</sentence>
<sentence id="13">
  <w id="0" lemma="|these|" pos="DT" wid="0">These</w>
  <w id="1" lemma="|very|" pos="JJ" wid="1">very</w>
  <w id="2" lemma="|word|" pos="NNS" wid="2">words</w>
  <w id="3" lemma="|form|" pos="VBP" wid="3">form</w>
  <w id="4" lemma="|the|" pos="DT" wid="4">the</w>
  <w id="5" lemma="|theme|" pos="NN" wid="5">theme</w>
  <w id="6" lemma="|of|" pos="IN" wid="6">of</w>
  <w id="7" lemma="|the|" pos="DT" wid="7">the</w>
  <w id="8" lemma="|City|" pos="NNP" wid="8">City</w>
  <w id="9" lemma="|Mission|" pos="NNP" wid="9">Mission</w>
  <w id="10" lemma="|.|" pos="." wid="10">.</w>
</sentence>
<sentence id="14">
  <w id="0" lemma="|my|" pos="PRP$" wid="0">My</w>
  <w id="1" lemma="|wish|" pos="NN" wid="1">wish</w>
  <w id="2" lemma="|be|" pos="VBZ" wid="2">is</w>
  <w id="3" lemma="|that|" pos="IN" wid="3">that</w>
  <w id="4" lemma="|they|" pos="PRP" wid="4">they</w>
  <w id="5" lemma="|will|" pos="MD" wid="5">will</w>
  <w id="6" lemma="|be|" pos="VB" wid="6">be</w>
  <w id="7" lemma="|hear|" pos="VBN" wid="7">heard</w>
  <w id="8" lemma="|by|" pos="IN" wid="8">by</w>
  <w id="9" lemma="|every|" pos="DT" wid="9">every</w>
  <w id="10" lemma="|family|" pos="NN" wid="10">family</w>
  <w id="11" lemma="|of|" pos="IN" wid="11">of</w>
  <w id="12" lemma="|the|" pos="DT" wid="12">the</w>
  <w id="13" lemma="|Diocese|" pos="NNP" wid="13">Diocese</w>
  <w id="14" lemma="|.|" pos="." wid="14">.</w>
</sentence>
<sentence id="15">
  <w id="0" lemma="|3|" pos="LS" wid="0">3</w>
  <w id="1" lemma="|.|" pos="." wid="1">.</w>
</sentence>
<sentence id="16">
  <w id="0" lemma="|lastly|" pos="RB" wid="0">Lastly</w>
  <w id="1" lemma="|,|" pos="," wid="1">,</w>
  <w id="2" lemma="|I|" pos="PRP" wid="2">I</w>
  <w id="3" lemma="|would|" pos="MD" wid="3">would</w>
  <w id="4" lemma="|like|" pos="VB" wid="4">like</w>
  <w id="5" lemma="|to|" pos="TO" wid="5">to</w>
  <w id="6" lemma="|invite|" pos="VB" wid="6">invite</w>
  <w id="7" lemma="|you|" pos="PRP" wid="7">you</w>
  <w id="8" lemma="|to|" pos="TO" wid="8">to</w>
  <w id="9" lemma="|thank|" pos="VB" wid="9">thank</w>
  <w id="10" lemma="|the|" pos="DT" wid="10">the</w>
  <w id="11" lemma="|Lord|" pos="NNP" wid="11">Lord</w>
  <w id="12" lemma="|with|" pos="IN" wid="12">with</w>
  <w id="13" lemma="|I|" pos="PRP" wid="13">me</w>
  <w id="14" lemma="|for|" pos="IN" wid="14">for</w>
  <w id="15" lemma="|the|" pos="DT" wid="15">the</w>
  <w id="16" lemma="|successful|" pos="JJ" wid="16">successful</w>
  <w id="17" lemma="|conclusion|" pos="NN" wid="17">conclusion</w>
  <w id="18" lemma="|of|" pos="IN" wid="18">of</w>
  <w id="19" lemma="|the|" pos="DT" wid="19">the</w>
  <w id="20" lemma="|Baghdad|" pos="NNP" wid="20">Baghdad</w>
  <w id="21" lemma="|agreement|" pos="NN" wid="21">agreement</w>
  <w id="22" lemma="|,|" pos="," wid="22">,</w>
  <w id="23" lemma="|in|" pos="IN" wid="23">in</w>
  <w id="24" lemma="|the|" pos="DT" wid="24">the</w>
  <w id="25" lemma="|hope|" pos="NN" wid="25">hope</w>
  <w id="26" lemma="|that|" pos="IN" wid="26">that</w>
  <w id="27" lemma="|the|" pos="DT" wid="27">the</w>
  <w id="28" lemma="|threat|" pos="NN" wid="28">threat</w>
  <w id="29" lemma="|of|" pos="IN" wid="29">of</w>
  <w id="30" lemma="|recourse|" pos="NN" wid="30">recourse</w>
  <w id="31" lemma="|to|" pos="TO" wid="31">to</w>
  <w id="32" lemma="|arm|" pos="NNS" wid="32">arms</w>
  <w id="33" lemma="|may|" pos="MD" wid="33">may</w>
  <w id="34" lemma="|be|" pos="VB" wid="34">be</w>
  <w id="35" lemma="|avoid|" pos="VBN" wid="35">avoided</w>
  <w id="36" lemma="|once|" pos="RB" wid="36">once</w>
  <w id="37" lemma="|and|" pos="CC" wid="37">and</w>
  <w id="38" lemma="|for|" pos="IN" wid="38">for</w>
  <w id="39" lemma="|all|" pos="DT" wid="39">all</w>
  <w id="40" lemma="|.|" pos="." wid="40">.</w>
</sentence>
<sentence id="17">
  <w id="0" lemma="|a|" pos="DT" wid="0">A</w>
  <w id="1" lemma="|particular|" pos="JJ" wid="1">particular</w>
  <w id="2" lemma="|word|" pos="NN" wid="2">word</w>
  <w id="3" lemma="|of|" pos="IN" wid="3">of</w>
  <w id="4" lemma="|appreciation|" pos="NN" wid="4">appreciation</w>
  <w id="5" lemma="|also|" pos="RB" wid="5">also</w>
  <w id="6" lemma="|go|" pos="VBZ" wid="6">goes</w>
  <w id="7" lemma="|to|" pos="TO" wid="7">to</w>
  <w id="8" lemma="|the|" pos="DT" wid="8">the</w>
  <w id="9" lemma="|UN|" pos="NNP" wid="9">UN</w>
  <w id="10" lemma="|Secretary-General|" pos="NNP" wid="10">Secretary-General</w>
  <w id="11" lemma="|and|" pos="CC" wid="11">and</w>
  <w id="12" lemma="|to|" pos="TO" wid="12">to</w>
  <w id="13" lemma="|all|" pos="PDT" wid="13">all</w>
  <w id="14" lemma="|those|" pos="DT" wid="14">those</w>
  <w id="15" lemma="|who|" pos="WP" wid="15">who</w>
  <w id="16" lemma="|in|" pos="IN" wid="16">in</w>
  <w id="17" lemma="|this|" pos="DT" wid="17">this</w>
  <w id="18" lemma="|difficult|" pos="JJ" wid="18">difficult</w>
  <w id="19" lemma="|crisis|" pos="NN" wid="19">crisis</w>
  <w id="20" lemma="|have|" pos="VBP" wid="20">have</w>
  <w id="21" lemma="|want|" pos="VBN" wid="21">wanted</w>
  <w id="22" lemma="|to|" pos="TO" wid="22">to</w>
  <w id="23" lemma="|believe|" pos="VB" wid="23">believe</w>
  <w id="24" lemma="|in|" pos="IN" wid="24">in</w>
  <w id="25" lemma="|human|" pos="JJ" wid="25">human</w>
  <w id="26" lemma="|goodwill|" pos="NN" wid="26">goodwill</w>
  <w id="27" lemma="|.|" pos="." wid="27">.</w>
</sentence>
<sentence id="18">
  <w id="0" lemma="|they|" pos="PRP$" wid="0">Their</w>
  <w id="1" lemma="|diplomatic|" pos="JJ" wid="1">diplomatic</w>
  <w id="2" lemma="|sucess|" pos="NN" wid="2">sucess</w>
  <w id="3" lemma="|be|" pos="VBZ" wid="3">is</w>
  <w id="4" lemma="|certainly|" pos="RB" wid="4">certainly</w>
  <w id="5" lemma="|a|" pos="DT" wid="5">a</w>
  <w id="6" lemma="|victory|" pos="NN" wid="6">victory</w>
  <w id="7" lemma="|for|" pos="IN" wid="7">for</w>
  <w id="8" lemma="|the|" pos="DT" wid="8">the</w>
  <w id="9" lemma="|international|" pos="JJ" wid="9">international</w>
  <w id="10" lemma="|community|" pos="NN" wid="10">community</w>
  <w id="11" lemma="|.|" pos="." wid="11">.</w>
</sentence>
<sentence id="19">
  <w id="0" lemma="|the|" pos="DT" wid="0">The</w>
  <w id="1" lemma="|situation|" pos="NN" wid="1">situation</w>
  <w id="2" lemma="|be|" pos="VBZ" wid="2">is</w>
  <w id="3" lemma="|still|" pos="RB" wid="3">still</w>
  <w id="4" lemma="|sensitive|" pos="JJ" wid="4">sensitive</w>
  <w id="5" lemma="|and|" pos="CC" wid="5">and</w>
  <w id="6" lemma="|complex|" pos="JJ" wid="6">complex</w>
  <w id="7" lemma="|,|" pos="," wid="7">,</w>
  <w id="8" lemma="|but|" pos="CC" wid="8">but</w>
  <w id="9" lemma="|there|" pos="EX" wid="9">there</w>
  <w id="10" lemma="|be|" pos="VBZ" wid="10">is</w>
  <w id="11" lemma="|strong|" pos="JJ" wid="11">strong</w>
  <w id="12" lemma="|hope|" pos="NN" wid="12">hope</w>
  <w id="13" lemma="|that|" pos="IN" wid="13">that</w>
  <w id="14" lemma="|God|" pos="NNP" wid="14">God</w>
  <w id="15" lemma="|will|" pos="MD" wid="15">will</w>
  <w id="16" lemma="|continue|" pos="VB" wid="16">continue</w>
  <w id="17" lemma="|to|" pos="TO" wid="17">to</w>
  <w id="18" lemma="|enlighten|" pos="VB" wid="18">enlighten</w>
  <w id="19" lemma="|all|" pos="DT" wid="19">all</w>
  <w id="20" lemma="|who|" pos="WP" wid="20">who</w>
  <w id="21" lemma="|be|" pos="VBP" wid="21">are</w>
  <w id="22" lemma="|concern|" pos="VBN" wid="22">concerned</w>
  <w id="23" lemma="|about|" pos="IN" wid="23">about</w>
  <w id="24" lemma="|the|" pos="DT" wid="24">the</w>
  <w id="25" lemma="|fate|" pos="NN" wid="25">fate</w>
  <w id="26" lemma="|of|" pos="IN" wid="26">of</w>
  <w id="27" lemma="|the|" pos="DT" wid="27">the</w>
  <w id="28" lemma="|iraqi|" pos="JJ" wid="28">Iraqi</w>
  <w id="29" lemma="|people|" pos="NNS" wid="29">people</w>
  <w id="30" lemma="|and|" pos="CC" wid="30">and</w>
  <w id="31" lemma="|peace|" pos="NN" wid="31">peace</w>
  <w id="32" lemma="|in|" pos="IN" wid="32">in</w>
  <w id="33" lemma="|the|" pos="DT" wid="33">the</w>
  <w id="34" lemma="|Middle|" pos="NNP" wid="34">Middle</w>
  <w id="35" lemma="|East|" pos="NNP" wid="35">East</w>
  <w id="36" lemma="|.|" pos="." wid="36">.</w>
</sentence>
<sentence id="20">
  <w id="0" lemma="|let|" pos="VB" wid="0">Let</w>
  <w id="1" lemma="|we|" pos="PRP" wid="1">us</w>
  <w id="2" lemma="|entrust|" pos="VB" wid="2">entrust</w>
  <w id="3" lemma="|these|" pos="DT" wid="3">these</w>
  <w id="4" lemma="|wish|" pos="NNS" wid="4">wishes</w>
  <w id="5" lemma="|to|" pos="TO" wid="5">to</w>
  <w id="6" lemma="|Mary|" pos="NNP" wid="6">Mary</w>
  <w id="7" lemma="|most|" pos="RBS" wid="7">most</w>
  <w id="8" lemma="|holy|" pos="JJ" wid="8">holy</w>
  <w id="9" lemma="|,|" pos="," wid="9">,</w>
  <w id="10" lemma="|Queen|" pos="NNP" wid="10">Queen</w>
  <w id="11" lemma="|of|" pos="IN" wid="11">of</w>
  <w id="12" lemma="|Peace|" pos="NNP" wid="12">Peace</w>
  <w id="13" lemma="|,|" pos="," wid="13">,</w>
  <w id="14" lemma="|as|" pos="IN" wid="14">as</w>
  <w id="15" lemma="|we|" pos="PRP" wid="15">we</w>
  <w id="16" lemma="|implore|" pos="VBP" wid="16">implore</w>
  <w id="17" lemma="|she|" pos="PRP$" wid="17">her</w>
  <w id="18" lemma="|maternal|" pos="JJ" wid="18">maternal</w>
  <w id="19" lemma="|intercession|" pos="NN" wid="19">intercession</w>
  <w id="20" lemma="|.|" pos="." wid="20">.</w>
</sentence>
<sentence id="21">
  <w id="0" lemma="|after|" pos="IN" wid="0">After</w>
  <w id="1" lemma="|pray|" pos="VBG" wid="1">praying</w>
  <w id="2" lemma="|the|" pos="DT" wid="2">the</w>
  <w id="3" lemma="|Angelus|" pos="NNP" wid="3">Angelus</w>
  <w id="4" lemma="|,|" pos="," wid="4">,</w>
  <w id="5" lemma="|the|" pos="DT" wid="5">the</w>
  <w id="6" lemma="|Holy|" pos="NNP" wid="6">Holy</w>
  <w id="7" lemma="|Father|" pos="NNP" wid="7">Father</w>
  <w id="8" lemma="|say|" pos="VBD" wid="8">said</w>
  <w id="9" lemma="|in|" pos="IN" wid="9">in</w>
  <w id="10" lemma="|Italian|" pos="NNP" wid="10">Italian</w>
  <w id="11" lemma="|:|" pos=":" wid="11">:</w>
  <w id="12" lemma="|I|" pos="PRP" wid="12">I</w>
  <w id="13" lemma="|extend|" pos="VBP" wid="13">extend</w>
  <w id="14" lemma="|a|" pos="DT" wid="14">a</w>
  <w id="15" lemma="|cordial|" pos="JJ" wid="15">cordial</w>
  <w id="16" lemma="|greet|" pos="VBG" wid="16">greeting</w>
  <w id="17" lemma="|to|" pos="TO" wid="17">to</w>
  <w id="18" lemma="|the|" pos="DT" wid="18">the</w>
  <w id="19" lemma="|italian-speaking|" pos="JJ" wid="19">Italian-speaking</w>
  <w id="20" lemma="|pilgrim|" pos="NNS" wid="20">pilgrims</w>
  <w id="21" lemma="|,|" pos="," wid="21">,</w>
  <w id="22" lemma="|especially|" pos="RB" wid="22">especially</w>
  <w id="23" lemma="|those|" pos="DT" wid="23">those</w>
  <w id="24" lemma="|who|" pos="WP" wid="24">who</w>
  <w id="25" lemma="|support|" pos="VBP" wid="25">support</w>
  <w id="26" lemma="|the|" pos="DT" wid="26">the</w>
  <w id="27" lemma="|effort|" pos="NNS" wid="27">efforts</w>
  <w id="28" lemma="|of|" pos="IN" wid="28">of</w>
  <w id="29" lemma="|missionary|" pos="JJ" wid="29">missionary</w>
  <w id="30" lemma="|institutes|" pos="NN" wid="30">institutes</w>
  <w id="31" lemma="|in|" pos="IN" wid="31">in</w>
  <w id="32" lemma="|Italy|" pos="NNP" wid="32">Italy</w>
  <w id="33" lemma="|with|" pos="IN" wid="33">with</w>
  <w id="34" lemma="|the|" pos="DT" wid="34">the</w>
  <w id="35" lemma="|slogan|" pos="NN" wid="35">slogan</w>
  <w id="36" lemma="|:|" pos=":" wid="36">:</w>
  <w id="37" lemma="|``|" pos="``" wid="37">``</w>
  <w id="38" lemma="|let|" pos="VB" wid="38">Let</w>
  <w id="39" lemma="|we|" pos="PRP" wid="39">us</w>
  <w id="40" lemma="|free|" pos="JJ" wid="40">free</w>
  <w id="41" lemma="|poor|" pos="JJ" wid="41">poor</w>
  <w id="42" lemma="|country|" pos="NNS" wid="42">countries</w>
  <w id="43" lemma="|from|" pos="IN" wid="43">from</w>
  <w id="44" lemma="|debt|" pos="NN" wid="44">debt</w>
  <w id="45" lemma="|!|" pos="." wid="45">!</w>
  <w id="46" lemma="|''|" pos="''" wid="46">''</w>
  <w id="47" lemma="|.|" pos="." wid="47">.</w>
</sentence>
<sentence id="22">
  <w id="0" lemma="|with|" pos="IN" wid="0">With</w>
  <w id="1" lemma="|regard|" pos="NN" wid="1">regard</w>
  <w id="2" lemma="|to|" pos="TO" wid="2">to</w>
  <w id="3" lemma="|this|" pos="DT" wid="3">this</w>
  <w id="4" lemma="|serious|" pos="JJ" wid="4">serious</w>
  <w id="5" lemma="|problem|" pos="NN" wid="5">problem</w>
  <w id="6" lemma="|,|" pos="," wid="6">,</w>
  <w id="7" lemma="|I|" pos="PRP" wid="7">I</w>
  <w id="8" lemma="|reaffirm|" pos="VBP" wid="8">reaffirm</w>
  <w id="9" lemma="|the|" pos="DT" wid="9">the</w>
  <w id="10" lemma="|proposal|" pos="NN" wid="10">proposal</w>
  <w id="11" lemma="|to|" pos="TO" wid="11">to</w>
  <w id="12" lemma="|take|" pos="VB" wid="12">take</w>
  <w id="13" lemma="|the|" pos="DT" wid="13">the</w>
  <w id="14" lemma="|opportunity|" pos="NN" wid="14">opportunity</w>
  <w id="15" lemma="|of|" pos="IN" wid="15">of</w>
  <w id="16" lemma="|this|" pos="DT" wid="16">this</w>
  <w id="17" lemma="|historical|" pos="JJ" wid="17">historical</w>
  <w id="18" lemma="|moment|" pos="NN" wid="18">moment</w>
  <w id="19" lemma="|,|" pos="," wid="19">,</w>
  <w id="20" lemma="|when|" pos="WRB" wid="20">when</w>
  <w id="21" lemma="|we|" pos="PRP" wid="21">we</w>
  <w id="22" lemma="|be|" pos="VBP" wid="22">are</w>
  <w id="23" lemma="|prepare|" pos="VBG" wid="23">preparing</w>
  <w id="24" lemma="|for|" pos="IN" wid="24">for</w>
  <w id="25" lemma="|the|" pos="DT" wid="25">the</w>
  <w id="26" lemma="|Great|" pos="NNP" wid="26">Great</w>
  <w id="27" lemma="|Jubilee|" pos="NNP" wid="27">Jubilee</w>
  <w id="28" lemma="|,|" pos="," wid="28">,</w>
  <w id="29" lemma="|to|" pos="TO" wid="29">to</w>
  <w id="30" lemma="|reduce|" pos="VB" wid="30">reduce</w>
  <w id="31" lemma="|substantially|" pos="RB" wid="31">substantially</w>
  <w id="32" lemma="|,|" pos="," wid="32">,</w>
  <w id="33" lemma="|if|" pos="IN" wid="33">if</w>
  <w id="34" lemma="|not|" pos="RB" wid="34">not</w>
  <w id="35" lemma="|cancel|" pos="VB" wid="35">cancel</w>
  <w id="36" lemma="|outright|" pos="RB" wid="36">outright</w>
  <w id="37" lemma="|,|" pos="," wid="37">,</w>
  <w id="38" lemma="|the|" pos="DT" wid="38">the</w>
  <w id="39" lemma="|international|" pos="JJ" wid="39">international</w>
  <w id="40" lemma="|debt|" pos="NN" wid="40">debt</w>
  <w id="41" lemma="|which|" pos="WDT" wid="41">which</w>
  <w id="42" lemma="|weigh|" pos="VBZ" wid="42">weighs</w>
  <w id="43" lemma="|so|" pos="RB" wid="43">so</w>
  <w id="44" lemma="|heavily|" pos="RB" wid="44">heavily</w>
  <w id="45" lemma="|on|" pos="IN" wid="45">on</w>
  <w id="46" lemma="|the|" pos="DT" wid="46">the</w>
  <w id="47" lemma="|future|" pos="NN" wid="47">future</w>
  <w id="48" lemma="|of|" pos="IN" wid="48">of</w>
  <w id="49" lemma="|many|" pos="JJ" wid="49">many</w>
  <w id="50" lemma="|nation|" pos="NNS" wid="50">nations</w>
  <w id="51" lemma="|.|" pos="." wid="51">.</w>
</sentence>
<sentence id="23">
  <w id="0" lemma="|I|" pos="PRP" wid="0">I</w>
  <w id="1" lemma="|encourage|" pos="VBP" wid="1">encourage</w>
  <w id="2" lemma="|political|" pos="JJ" wid="2">political</w>
  <w id="3" lemma="|and|" pos="CC" wid="3">and</w>
  <w id="4" lemma="|economic|" pos="JJ" wid="4">economic</w>
  <w id="5" lemma="|institution|" pos="NNS" wid="5">institutions</w>
  <w id="6" lemma="|to|" pos="TO" wid="6">to</w>
  <w id="7" lemma="|continue|" pos="VB" wid="7">continue</w>
  <w id="8" lemma="|and|" pos="CC" wid="8">and</w>
  <w id="9" lemma="|to|" pos="TO" wid="9">to</w>
  <w id="10" lemma="|increase|" pos="VB" wid="10">increase</w>
  <w id="11" lemma="|they|" pos="PRP$" wid="11">their</w>
  <w id="12" lemma="|effort|" pos="NNS" wid="12">efforts</w>
  <w id="13" lemma="|to|" pos="TO" wid="13">to</w>
  <w id="14" lemma="|find|" pos="VB" wid="14">find</w>
  <w id="15" lemma="|just|" pos="RB" wid="15">just</w>
  <w id="16" lemma="|solution|" pos="NNS" wid="16">solutions</w>
  <w id="17" lemma="|,|" pos="," wid="17">,</w>
  <w id="18" lemma="|give|" pos="VBG" wid="18">giving</w>
  <w id="19" lemma="|priority|" pos="NN" wid="19">priority</w>
  <w id="20" lemma="|to|" pos="TO" wid="20">to</w>
  <w id="21" lemma="|those|" pos="DT" wid="21">those</w>
  <w id="22" lemma="|that|" pos="WDT" wid="22">that</w>
  <w id="23" lemma="|help|" pos="VBP" wid="23">help</w>
  <w id="24" lemma="|the|" pos="DT" wid="24">the</w>
  <w id="25" lemma="|people|" pos="NNS" wid="25">people</w>
  <w id="26" lemma="|themselves|" pos="PRP" wid="26">themselves</w>
  <w id="27" lemma="|to|" pos="TO" wid="27">to</w>
  <w id="28" lemma="|be|" pos="VB" wid="28">be</w>
  <w id="29" lemma="|actively|" pos="RB" wid="29">actively</w>
  <w id="30" lemma="|involve|" pos="VBN" wid="30">involved</w>
  <w id="31" lemma="|in|" pos="IN" wid="31">in</w>
  <w id="32" lemma="|they|" pos="PRP$" wid="32">their</w>
  <w id="33" lemma="|country|" pos="NN" wid="33">country</w>
  <w id="34" lemma="|'s|" pos="POS" wid="34">'s</w>
  <w id="35" lemma="|development|" pos="NN" wid="35">development</w>
  <w id="36" lemma="|.|" pos="." wid="36">.</w>
</sentence>
<sentence id="24">
  <w id="0" lemma="|this|" pos="DT" wid="0">This</w>
  <w id="1" lemma="|evening|" pos="NN" wid="1">evening</w>
  <w id="2" lemma="|,|" pos="," wid="2">,</w>
  <w id="3" lemma="|as|" pos="IN" wid="3">as</w>
  <w id="4" lemma="|be|" pos="VBZ" wid="4">is</w>
  <w id="5" lemma="|my|" pos="PRP$" wid="5">my</w>
  <w id="6" lemma="|custom|" pos="NN" wid="6">custom</w>
  <w id="7" lemma="|during|" pos="IN" wid="7">during</w>
  <w id="8" lemma="|the|" pos="DT" wid="8">the</w>
  <w id="9" lemma="|first|" pos="JJ" wid="9">first</w>
  <w id="10" lemma="|week|" pos="NN" wid="10">week</w>
  <w id="11" lemma="|of|" pos="IN" wid="11">of</w>
  <w id="12" lemma="|Lent|" pos="NNP" wid="12">Lent</w>
  <w id="13" lemma="|,|" pos="," wid="13">,</w>
  <w id="14" lemma="|I|" pos="PRP" wid="14">I</w>
  <w id="15" lemma="|will|" pos="MD" wid="15">will</w>
  <w id="16" lemma="|begin|" pos="VB" wid="16">begin</w>
  <w id="17" lemma="|spiritual|" pos="JJ" wid="17">Spiritual</w>
  <w id="18" lemma="|exercise|" pos="NNS" wid="18">Exercises</w>
  <w id="19" lemma="|,|" pos="," wid="19">,</w>
  <w id="20" lemma="|accompany|" pos="VBN" wid="20">accompanied</w>
  <w id="21" lemma="|by|" pos="IN" wid="21">by</w>
  <w id="22" lemma="|those|" pos="DT" wid="22">those</w>
  <w id="23" lemma="|who|" pos="WP" wid="23">who</w>
  <w id="24" lemma="|work|" pos="VBP" wid="24">work</w>
  <w id="25" lemma="|with|" pos="IN" wid="25">with</w>
  <w id="26" lemma="|I|" pos="PRP" wid="26">me</w>
  <w id="27" lemma="|in|" pos="IN" wid="27">in</w>
  <w id="28" lemma="|the|" pos="DT" wid="28">the</w>
  <w id="29" lemma="|Roman|" pos="NNP" wid="29">Roman</w>
  <w id="30" lemma="|Curia|" pos="NNP" wid="30">Curia</w>
  <w id="31" lemma="|.|" pos="." wid="31">.</w>
</sentence>
<sentence id="25">
  <w id="0" lemma="|I|" pos="PRP" wid="0">I</w>
  <w id="1" lemma="|ask|" pos="VBP" wid="1">ask</w>
  <w id="2" lemma="|you|" pos="PRP" wid="2">you</w>
  <w id="3" lemma="|to|" pos="TO" wid="3">to</w>
  <w id="4" lemma="|pray|" pos="VB" wid="4">pray</w>
  <w id="5" lemma="|for|" pos="IN" wid="5">for</w>
  <w id="6" lemma="|I|" pos="PRP" wid="6">me</w>
  <w id="7" lemma="|,|" pos="," wid="7">,</w>
  <w id="8" lemma="|and|" pos="CC" wid="8">and</w>
  <w id="9" lemma="|I|" pos="PRP" wid="9">I</w>
  <w id="10" lemma="|urge|" pos="VBP" wid="10">urge</w>
  <w id="11" lemma="|everyone|" pos="NN" wid="11">everyone</w>
  <w id="12" lemma="|,|" pos="," wid="12">,</w>
  <w id="13" lemma="|in|" pos="IN" wid="13">in</w>
  <w id="14" lemma="|keep|" pos="VBG" wid="14">keeping</w>
  <w id="15" lemma="|with|" pos="IN" wid="15">with</w>
  <w id="16" lemma="|they|" pos="PRP$" wid="16">their</w>
  <w id="17" lemma="|work|" pos="NN" wid="17">work</w>
  <w id="18" lemma="|and|" pos="CC" wid="18">and</w>
  <w id="19" lemma="|family|" pos="NN" wid="19">family</w>
  <w id="20" lemma="|commitment|" pos="NNS" wid="20">commitments</w>
  <w id="21" lemma="|,|" pos="," wid="21">,</w>
  <w id="22" lemma="|to|" pos="TO" wid="22">to</w>
  <w id="23" lemma="|find|" pos="VB" wid="23">find</w>
  <w id="24" lemma="|moment|" pos="NNS" wid="24">moments</w>
  <w id="25" lemma="|of|" pos="IN" wid="25">of</w>
  <w id="26" lemma="|silence|" pos="NN" wid="26">silence</w>
  <w id="27" lemma="|and|" pos="CC" wid="27">and</w>
  <w id="28" lemma="|recollection|" pos="NN" wid="28">recollection</w>
  <w id="29" lemma="|for|" pos="IN" wid="29">for</w>
  <w id="30" lemma="|listen|" pos="VBG" wid="30">listening</w>
  <w id="31" lemma="|to|" pos="TO" wid="31">to</w>
  <w id="32" lemma="|the|" pos="DT" wid="32">the</w>
  <w id="33" lemma="|Lord|" pos="NNP" wid="33">Lord</w>
  <w id="34" lemma="|'s|" pos="POS" wid="34">'s</w>
  <w id="35" lemma="|voice|" pos="NN" wid="35">voice</w>
  <w id="36" lemma="|,|" pos="," wid="36">,</w>
  <w id="37" lemma="|which|" pos="WDT" wid="37">which</w>
  <w id="38" lemma="|risk|" pos="VBZ" wid="38">risks</w>
  <w id="39" lemma="|be|" pos="VBG" wid="39">being</w>
  <w id="40" lemma="|stifle|" pos="VBN" wid="40">stifled</w>
  <w id="41" lemma="|in|" pos="IN" wid="41">in</w>
  <w id="42" lemma="|the|" pos="DT" wid="42">the</w>
  <w id="43" lemma="|whirl|" pos="NN" wid="43">whirl</w>
  <w id="44" lemma="|of|" pos="IN" wid="44">of</w>
  <w id="45" lemma="|daily|" pos="JJ" wid="45">daily</w>
  <w id="46" lemma="|concern|" pos="NNS" wid="46">concerns</w>
  <w id="47" lemma="|.|" pos="." wid="47">.</w>
</sentence>
<sentence id="26">
  <w id="0" lemma="|May|" pos="NNP" wid="0">May</w>
  <w id="1" lemma="|my|" pos="PRP$" wid="1">my</w>
  <w id="2" lemma="|blessing|" pos="NN" wid="2">Blessing</w>
  <w id="3" lemma="|also|" pos="RB" wid="3">also</w>
  <w id="4" lemma="|support|" pos="VBP" wid="4">support</w>
  <w id="5" lemma="|you|" pos="PRP" wid="5">you</w>
  <w id="6" lemma="|in|" pos="IN" wid="6">in</w>
  <w id="7" lemma="|this|" pos="DT" wid="7">this</w>
  <w id="8" lemma="|task|" pos="NN" wid="8">task</w>
  <w id="9" lemma="|.|" pos="." wid="9">.</w>
</sentence>
<sentence id="27">
  <w id="0" lemma="|to|" pos="TO" wid="0">To</w>
  <w id="1" lemma="|the|" pos="DT" wid="1">the</w>
  <w id="2" lemma="|english-speaking|" pos="JJ" wid="2">English-speaking</w>
  <w id="3" lemma="|pilgrim|" pos="NNS" wid="3">pilgrims</w>
  <w id="4" lemma="|and|" pos="CC" wid="4">and</w>
  <w id="5" lemma="|visitor|" pos="NNS" wid="5">visitors</w>
  <w id="6" lemma="|the|" pos="DT" wid="6">the</w>
  <w id="7" lemma="|Holy|" pos="NNP" wid="7">Holy</w>
  <w id="8" lemma="|Father|" pos="NNP" wid="8">Father</w>
  <w id="9" lemma="|say|" pos="VBD" wid="9">said</w>
  <w id="10" lemma="|:|" pos=":" wid="10">:</w>
  <w id="11" lemma="|among|" pos="IN" wid="11">Among</w>
  <w id="12" lemma="|those|" pos="DT" wid="12">those</w>
  <w id="13" lemma="|present|" pos="JJ" wid="13">present</w>
  <w id="14" lemma="|today|" pos="NN" wid="14">today</w>
  <w id="15" lemma="|,|" pos="," wid="15">,</w>
  <w id="16" lemma="|I|" pos="PRP" wid="16">I</w>
  <w id="17" lemma="|welcome|" pos="VBP" wid="17">welcome</w>
  <w id="18" lemma="|the|" pos="DT" wid="18">the</w>
  <w id="19" lemma="|student|" pos="NNS" wid="19">students</w>
  <w id="20" lemma="|and|" pos="CC" wid="20">and</w>
  <w id="21" lemma="|faculty|" pos="NN" wid="21">faculty</w>
  <w id="22" lemma="|member|" pos="NNS" wid="22">members</w>
  <w id="23" lemma="|of|" pos="IN" wid="23">of</w>
  <w id="24" lemma="|the|" pos="DT" wid="24">the</w>
  <w id="25" lemma="|John|" pos="NNP" wid="25">John</w>
  <w id="26" lemma="|Carroll|" pos="NNP" wid="26">Carroll</w>
  <w id="27" lemma="|University|" pos="NNP" wid="27">University</w>
  <w id="28" lemma="|from|" pos="IN" wid="28">from</w>
  <w id="29" lemma="|Ohio|" pos="NNP" wid="29">Ohio</w>
  <w id="30" lemma="|:|" pos=":" wid="30">:</w>
  <w id="31" lemma="|may|" pos="MD" wid="31">may</w>
  <w id="32" lemma="|you|" pos="PRP$" wid="32">your</w>
  <w id="33" lemma="|visit|" pos="NN" wid="33">visit</w>
  <w id="34" lemma="|to|" pos="TO" wid="34">to</w>
  <w id="35" lemma="|Rome|" pos="NNP" wid="35">Rome</w>
  <w id="36" lemma="|help|" pos="VB" wid="36">help</w>
  <w id="37" lemma="|you|" pos="PRP" wid="37">you</w>
  <w id="38" lemma="|to|" pos="TO" wid="38">to</w>
  <w id="39" lemma="|grow|" pos="VB" wid="39">grow</w>
  <w id="40" lemma="|in|" pos="IN" wid="40">in</w>
  <w id="41" lemma="|you|" pos="PRP$" wid="41">your</w>
  <w id="42" lemma="|understanding|" pos="NN" wid="42">understanding</w>
  <w id="43" lemma="|and|" pos="CC" wid="43">and</w>
  <w id="44" lemma="|love|" pos="NN" wid="44">love</w>
  <w id="45" lemma="|of|" pos="IN" wid="45">of</w>
  <w id="46" lemma="|the|" pos="DT" wid="46">the</w>
  <w id="47" lemma="|Church|" pos="NNP" wid="47">Church</w>
  <w id="48" lemma="|.|" pos="." wid="48">.</w>
</sentence>
<sentence id="28">
  <w id="0" lemma="|upon|" pos="IN" wid="0">Upon</w>
  <w id="1" lemma="|the|" pos="DT" wid="1">the</w>
  <w id="2" lemma="|english-speaking|" pos="JJ" wid="2">English-speaking</w>
  <w id="3" lemma="|visitor|" pos="NNS" wid="3">visitors</w>
  <w id="4" lemma="|take|" pos="VBG" wid="4">taking</w>
  <w id="5" lemma="|part|" pos="NN" wid="5">part</w>
  <w id="6" lemma="|in|" pos="IN" wid="6">in</w>
  <w id="7" lemma="|this|" pos="DT" wid="7">this</w>
  <w id="8" lemma="|angelus|" pos="JJ" wid="8">Angelus</w>
  <w id="9" lemma="|prayer|" pos="NN" wid="9">prayer</w>
  <w id="10" lemma="|and|" pos="CC" wid="10">and</w>
  <w id="11" lemma="|upon|" pos="IN" wid="11">upon</w>
  <w id="12" lemma="|you|" pos="PRP$" wid="12">your</w>
  <w id="13" lemma="|family|" pos="NNS" wid="13">families</w>
  <w id="14" lemma="|at|" pos="IN" wid="14">at</w>
  <w id="15" lemma="|home|" pos="NN" wid="15">home</w>
  <w id="16" lemma="|,|" pos="," wid="16">,</w>
  <w id="17" lemma="|I|" pos="PRP" wid="17">I</w>
  <w id="18" lemma="|invoke|" pos="VBP" wid="18">invoke</w>
  <w id="19" lemma="|abundant|" pos="JJ" wid="19">abundant</w>
  <w id="20" lemma="|blessing|" pos="NNS" wid="20">blessings</w>
  <w id="21" lemma="|of|" pos="IN" wid="21">of</w>
  <w id="22" lemma="|faith|" pos="NN" wid="22">faith</w>
  <w id="23" lemma="|,|" pos="," wid="23">,</w>
  <w id="24" lemma="|hope|" pos="NN" wid="24">hope</w>
  <w id="25" lemma="|and|" pos="CC" wid="25">and</w>
  <w id="26" lemma="|love|" pos="NN" wid="26">love</w>
  <w id="27" lemma="|.|" pos="." wid="27">.</w>
</sentence>
<sentence id="29">
  <w id="0" lemma="|May|" pos="NNP" wid="0">May</w>
  <w id="1" lemma="|this|" pos="DT" wid="1">this</w>
  <w id="2" lemma="|lenten|" pos="JJ" wid="2">Lenten</w>
  <w id="3" lemma="|season|" pos="NN" wid="3">season</w>
  <w id="4" lemma="|be|" pos="VB" wid="4">be</w>
  <w id="5" lemma="|for|" pos="IN" wid="5">for</w>
  <w id="6" lemma="|all|" pos="DT" wid="6">all</w>
  <w id="7" lemma="|of|" pos="IN" wid="7">of</w>
  <w id="8" lemma="|you|" pos="PRP" wid="8">you</w>
  <w id="9" lemma="|a|" pos="DT" wid="9">a</w>
  <w id="10" lemma="|time|" pos="NN" wid="10">time</w>
  <w id="11" lemma="|of|" pos="IN" wid="11">of</w>
  <w id="12" lemma="|prayer|" pos="NN" wid="12">prayer</w>
  <w id="13" lemma="|and|" pos="CC" wid="13">and</w>
  <w id="14" lemma="|good|" pos="JJ" wid="14">good</w>
  <w id="15" lemma="|work|" pos="NNS" wid="15">works</w>
  <w id="16" lemma="|in|" pos="IN" wid="16">in</w>
  <w id="17" lemma="|preparation|" pos="NN" wid="17">preparation</w>
  <w id="18" lemma="|for|" pos="IN" wid="18">for</w>
  <w id="19" lemma="|the|" pos="DT" wid="19">the</w>
  <w id="20" lemma="|joy|" pos="NN" wid="20">joy</w>
  <w id="21" lemma="|of|" pos="IN" wid="21">of</w>
  <w id="22" lemma="|Easter|" pos="NNP" wid="22">Easter</w>
  <w id="23" lemma="|.|" pos="." wid="23">.</w>
</sentence>
</corpus>