<corpus id="0">
<sentence id="0">
  <w id="0" lemma="|we|" pos="PRP" wid="0">We</w>
  <w id="1" lemma="|conclude|" pos="VBP" wid="1">conclude</w>
  <w id="2" lemma="|this|" pos="DT" wid="2">this</w>
  <w id="3" lemma="|solemn|" pos="JJ" wid="3">solemn</w>
  <w id="4" lemma="|celebration|" pos="NN" wid="4">celebration</w>
  <w id="5" lemma="|by|" pos="IN" wid="5">by</w>
  <w id="6" lemma="|pray|" pos="VBG" wid="6">praying</w>
  <w id="7" lemma="|the|" pos="DT" wid="7">the</w>
  <w id="8" lemma="|Angelus|" pos="NNPS" wid="8">Angelus</w>
  <w id="9" lemma="|.|" pos="." wid="9">.</w>
</sentence>
<sentence id="1">
  <w id="0" lemma="|let|" pos="VB" wid="0">Let</w>
  <w id="1" lemma="|we|" pos="PRP" wid="1">us</w>
  <w id="2" lemma="|look|" pos="VB" wid="2">look</w>
  <w id="3" lemma="|at|" pos="IN" wid="3">at</w>
  <w id="4" lemma="|we|" pos="PRP$" wid="4">Our</w>
  <w id="5" lemma="|lady|" pos="NN" wid="5">Lady</w>
  <w id="6" lemma="|with|" pos="IN" wid="6">with</w>
  <w id="7" lemma="|the|" pos="DT" wid="7">the</w>
  <w id="8" lemma="|eye|" pos="NNS" wid="8">eyes</w>
  <w id="9" lemma="|of|" pos="IN" wid="9">of</w>
  <w id="10" lemma="|the|" pos="DT" wid="10">the</w>
  <w id="11" lemma="|new|" pos="JJ" wid="11">new</w>
  <w id="12" lemma="|saint|" pos="NN" wid="12">saint</w>
  <w id="13" lemma="|,|" pos="," wid="13">,</w>
  <w id="14" lemma="|who|" pos="WP" wid="14">who</w>
  <w id="15" lemma="|,|" pos="," wid="15">,</w>
  <w id="16" lemma="|in|" pos="IN" wid="16">in</w>
  <w id="17" lemma="|contemplate|" pos="VBG" wid="17">contemplating</w>
  <w id="18" lemma="|the|" pos="DT" wid="18">the</w>
  <w id="19" lemma="|mystery|" pos="NN" wid="19">mystery</w>
  <w id="20" lemma="|of|" pos="IN" wid="20">of</w>
  <w id="21" lemma="|the|" pos="DT" wid="21">the</w>
  <w id="22" lemma="|presentation|" pos="NN" wid="22">presentation</w>
  <w id="23" lemma="|in|" pos="IN" wid="23">in</w>
  <w id="24" lemma="|the|" pos="DT" wid="24">the</w>
  <w id="25" lemma="|temple|" pos="NN" wid="25">temple</w>
  <w id="26" lemma="|,|" pos="," wid="26">,</w>
  <w id="27" lemma="|remark|" pos="VBD" wid="27">remarked</w>
  <w id="28" lemma="|:|" pos=":" wid="28">:</w>
  <w id="29" lemma="|``|" pos="``" wid="29">``</w>
  <w id="30" lemma="|when|" pos="WRB" wid="30">When</w>
  <w id="31" lemma="|the|" pos="DT" wid="31">the</w>
  <w id="32" lemma="|Virgin|" pos="NNP" wid="32">Virgin</w>
  <w id="33" lemma="|Mary|" pos="NNP" wid="33">Mary</w>
  <w id="34" lemma="|bring|" pos="VBD" wid="34">brought</w>
  <w id="35" lemma="|the|" pos="DT" wid="35">the</w>
  <w id="36" lemma="|child|" pos="NN" wid="36">Child</w>
  <w id="37" lemma="|to|" pos="TO" wid="37">to</w>
  <w id="38" lemma="|the|" pos="DT" wid="38">the</w>
  <w id="39" lemma="|temple|" pos="NN" wid="39">temple</w>
  <w id="40" lemma="|,|" pos="," wid="40">,</w>
  <w id="41" lemma="|she|" pos="PRP" wid="41">she</w>
  <w id="42" lemma="|receive|" pos="VBD" wid="42">received</w>
  <w id="43" lemma="|the|" pos="DT" wid="43">the</w>
  <w id="44" lemma="|prophecy|" pos="NN" wid="44">prophecy</w>
  <w id="45" lemma="|that|" pos="IN" wid="45">that</w>
  <w id="46" lemma="|a|" pos="DT" wid="46">a</w>
  <w id="47" lemma="|sword|" pos="NN" wid="47">sword</w>
  <w id="48" lemma="|would|" pos="MD" wid="48">would</w>
  <w id="49" lemma="|pierce|" pos="VB" wid="49">pierce</w>
  <w id="50" lemma="|she|" pos="PRP$" wid="50">her</w>
  <w id="51" lemma="|soul|" pos="NN" wid="51">soul</w>
  <w id="52" lemma="|...|" pos=":" wid="52">...</w>
  <w id="53" lemma="|.|" pos="." wid="53">.</w>
</sentence>
<sentence id="2">
  <w id="0" lemma="|it|" pos="PRP" wid="0">It</w>
  <w id="1" lemma="|be|" pos="VBZ" wid="1">is</w>
  <w id="2" lemma="|the|" pos="DT" wid="2">the</w>
  <w id="3" lemma="|prediction|" pos="NN" wid="3">prediction</w>
  <w id="4" lemma="|of|" pos="IN" wid="4">of</w>
  <w id="5" lemma="|the|" pos="DT" wid="5">the</w>
  <w id="6" lemma="|passion|" pos="NN" wid="6">Passion</w>
  <w id="7" lemma="|,|" pos="," wid="7">,</w>
  <w id="8" lemma="|of|" pos="IN" wid="8">of</w>
  <w id="9" lemma="|the|" pos="DT" wid="9">the</w>
  <w id="10" lemma="|struggle|" pos="NN" wid="10">struggle</w>
  <w id="11" lemma="|between|" pos="IN" wid="11">between</w>
  <w id="12" lemma="|light|" pos="NN" wid="12">light</w>
  <w id="13" lemma="|and|" pos="CC" wid="13">and</w>
  <w id="14" lemma="|darkness|" pos="NN" wid="14">darkness</w>
  <w id="15" lemma="|,|" pos="," wid="15">,</w>
  <w id="16" lemma="|which|" pos="WDT" wid="16">which</w>
  <w id="17" lemma="|already|" pos="RB" wid="17">already</w>
  <w id="18" lemma="|appear|" pos="VBD" wid="18">appeared</w>
  <w id="19" lemma="|before|" pos="IN" wid="19">before</w>
  <w id="20" lemma="|the|" pos="DT" wid="20">the</w>
  <w id="21" lemma="|crib|" pos="NN" wid="21">crib</w>
  <w id="22" lemma="|!|" pos="." wid="22">!</w>
  <w id="23" lemma="|''|" pos="''" wid="23">''</w>
  <w id="24" lemma="|.|" pos="." wid="24">.</w>
</sentence>
<sentence id="3">
  <w id="0" lemma="|St|" pos="NNP" wid="0">St</w>
  <w id="1" lemma="|Teresa|" pos="NNP" wid="1">Teresa</w>
  <w id="2" lemma="|Benedicta|" pos="NNP" wid="2">Benedicta</w>
  <w id="3" lemma="|of|" pos="IN" wid="3">of</w>
  <w id="4" lemma="|the|" pos="DT" wid="4">the</w>
  <w id="5" lemma="|Cross|" pos="NNP" wid="5">Cross</w>
  <w id="6" lemma="|understand|" pos="VBD" wid="6">understood</w>
  <w id="7" lemma="|that|" pos="IN" wid="7">that</w>
  <w id="8" lemma="|crib|" pos="NN" wid="8">crib</w>
  <w id="9" lemma="|and|" pos="CC" wid="9">and</w>
  <w id="10" lemma="|cross|" pos="NN" wid="10">Cross</w>
  <w id="11" lemma="|be|" pos="VBD" wid="11">were</w>
  <w id="12" lemma="|closely|" pos="RB" wid="12">closely</w>
  <w id="13" lemma="|connect|" pos="VBN" wid="13">connected</w>
  <w id="14" lemma="|.|" pos="." wid="14">.</w>
</sentence>
<sentence id="4">
  <w id="0" lemma="|this|" pos="DT" wid="0">This</w>
  <w id="1" lemma="|inner|" pos="JJ" wid="1">inner</w>
  <w id="2" lemma="|awareness|" pos="NN" wid="2">awareness</w>
  <w id="3" lemma="|allow|" pos="VBD" wid="3">allowed</w>
  <w id="4" lemma="|she|" pos="PRP" wid="4">her</w>
  <w id="5" lemma="|to|" pos="TO" wid="5">to</w>
  <w id="6" lemma="|become|" pos="VB" wid="6">become</w>
  <w id="7" lemma="|deeply|" pos="RB" wid="7">deeply</w>
  <w id="8" lemma="|attuned|" pos="JJ" wid="8">attuned</w>
  <w id="9" lemma="|to|" pos="TO" wid="9">to</w>
  <w id="10" lemma="|the|" pos="DT" wid="10">the</w>
  <w id="11" lemma="|Blessed|" pos="NNP" wid="11">Blessed</w>
  <w id="12" lemma="|Virgin|" pos="NNP" wid="12">Virgin</w>
  <w id="13" lemma="|.|" pos="." wid="13">.</w>
</sentence>
<sentence id="5">
  <w id="0" lemma="|she|" pos="PRP" wid="0">She</w>
  <w id="1" lemma="|write|" pos="VBD" wid="1">wrote</w>
  <w id="2" lemma="|of|" pos="IN" wid="2">of</w>
  <w id="3" lemma="|she|" pos="PRP$" wid="3">her</w>
  <w id="4" lemma="|:|" pos=":" wid="4">:</w>
  <w id="5" lemma="|``|" pos="``" wid="5">``</w>
  <w id="6" lemma="|pray|" pos="VBG" wid="6">Praying</w>
  <w id="7" lemma="|before|" pos="IN" wid="7">before</w>
  <w id="8" lemma="|God|" pos="NNP" wid="8">God</w>
  <w id="9" lemma="|,|" pos="," wid="9">,</w>
  <w id="10" lemma="|love|" pos="VBG" wid="10">loving</w>
  <w id="11" lemma="|he|" pos="PRP" wid="11">him</w>
  <w id="12" lemma="|with|" pos="IN" wid="12">with</w>
  <w id="13" lemma="|all|" pos="DT" wid="13">all</w>
  <w id="14" lemma="|she|" pos="PRP$" wid="14">her</w>
  <w id="15" lemma="|heart|" pos="NN" wid="15">heart</w>
  <w id="16" lemma="|,|" pos="," wid="16">,</w>
  <w id="17" lemma="|implore|" pos="VBG" wid="17">imploring</w>
  <w id="18" lemma="|he|" pos="PRP$" wid="18">his</w>
  <w id="19" lemma="|grace|" pos="NN" wid="19">grace</w>
  <w id="20" lemma="|for|" pos="IN" wid="20">for</w>
  <w id="21" lemma="|she|" pos="PRP$" wid="21">her</w>
  <w id="22" lemma="|sinful|" pos="JJ" wid="22">sinful</w>
  <w id="23" lemma="|people|" pos="NNS" wid="23">people</w>
  <w id="24" lemma="|by|" pos="IN" wid="24">by</w>
  <w id="25" lemma="|offer|" pos="VBG" wid="25">offering</w>
  <w id="26" lemma="|herself|" pos="PRP" wid="26">herself</w>
  <w id="27" lemma="|in|" pos="IN" wid="27">in</w>
  <w id="28" lemma="|reparation|" pos="NN" wid="28">reparation</w>
  <w id="29" lemma="|for|" pos="IN" wid="29">for</w>
  <w id="30" lemma="|this|" pos="DT" wid="30">this</w>
  <w id="31" lemma="|people|" pos="NNS" wid="31">people</w>
  <w id="32" lemma="|,|" pos="," wid="32">,</w>
  <w id="33" lemma="|and|" pos="CC" wid="33">and</w>
  <w id="34" lemma="|,|" pos="," wid="34">,</w>
  <w id="35" lemma="|as|" pos="IN" wid="35">as</w>
  <w id="36" lemma="|the|" pos="DT" wid="36">the</w>
  <w id="37" lemma="|servant|" pos="NN" wid="37">servant</w>
  <w id="38" lemma="|of|" pos="IN" wid="38">of</w>
  <w id="39" lemma="|the|" pos="DT" wid="39">the</w>
  <w id="40" lemma="|Lord|" pos="NNP" wid="40">Lord</w>
  <w id="41" lemma="|,|" pos="," wid="41">,</w>
  <w id="42" lemma="|be|" pos="VBG" wid="42">being</w>
  <w id="43" lemma="|attentive|" pos="JJ" wid="43">attentive</w>
  <w id="44" lemma="|to|" pos="TO" wid="44">to</w>
  <w id="45" lemma="|every|" pos="DT" wid="45">every</w>
  <w id="46" lemma="|one|" pos="CD" wid="46">one</w>
  <w id="47" lemma="|of|" pos="IN" wid="47">of</w>
  <w id="48" lemma="|he|" pos="PRP$" wid="48">his</w>
  <w id="49" lemma="|sign|" pos="NNS" wid="49">signs</w>
  <w id="50" lemma="|:|" pos=":" wid="50">:</w>
  <w id="51" lemma="|this|" pos="DT" wid="51">this</w>
  <w id="52" lemma="|be|" pos="VBD" wid="52">was</w>
  <w id="53" lemma="|she|" pos="PRP$" wid="53">her</w>
  <w id="54" lemma="|life|" pos="NN" wid="54">life</w>
  <w id="55" lemma="|''|" pos="''" wid="55">''</w>
  <w id="56" lemma="|.|" pos="." wid="56">.</w>
</sentence>
<sentence id="6">
  <w id="0" lemma="|Edith|" pos="NNP" wid="0">Edith</w>
  <w id="1" lemma="|Stein|" pos="NNP" wid="1">Stein</w>
  <w id="2" lemma="|,|" pos="," wid="2">,</w>
  <w id="3" lemma="|also|" pos="RB" wid="3">also</w>
  <w id="4" lemma="|a|" pos="DT" wid="4">a</w>
  <w id="5" lemma="|daughter|" pos="NN" wid="5">daughter</w>
  <w id="6" lemma="|of|" pos="IN" wid="6">of</w>
  <w id="7" lemma="|the|" pos="DT" wid="7">the</w>
  <w id="8" lemma="|jewish|" pos="JJ" wid="8">Jewish</w>
  <w id="9" lemma="|people|" pos="NNS" wid="9">people</w>
  <w id="10" lemma="|,|" pos="," wid="10">,</w>
  <w id="11" lemma="|speak|" pos="VBD" wid="11">spoke</w>
  <w id="12" lemma="|of|" pos="IN" wid="12">of</w>
  <w id="13" lemma="|Mary|" pos="NNP" wid="13">Mary</w>
  <w id="14" lemma="|and|" pos="CC" wid="14">and</w>
  <w id="15" lemma="|,|" pos="," wid="15">,</w>
  <w id="16" lemma="|almost|" pos="RB" wid="16">almost</w>
  <w id="17" lemma="|without|" pos="IN" wid="17">without</w>
  <w id="18" lemma="|realize|" pos="VBG" wid="18">realizing</w>
  <w id="19" lemma="|it|" pos="PRP" wid="19">it</w>
  <w id="20" lemma="|,|" pos="," wid="20">,</w>
  <w id="21" lemma="|map|" pos="VBD" wid="21">mapped</w>
  <w id="22" lemma="|out|" pos="RP" wid="22">out</w>
  <w id="23" lemma="|the|" pos="DT" wid="23">the</w>
  <w id="24" lemma="|plan|" pos="NN" wid="24">plan</w>
  <w id="25" lemma="|of|" pos="IN" wid="25">of</w>
  <w id="26" lemma="|she|" pos="PRP$" wid="26">her</w>
  <w id="27" lemma="|own|" pos="JJ" wid="27">own</w>
  <w id="28" lemma="|life|" pos="NN" wid="28">life</w>
  <w id="29" lemma="|decision|" pos="NN" wid="29">decision</w>
  <w id="30" lemma="|.|" pos="." wid="30">.</w>
</sentence>
<sentence id="7">
  <w id="0" lemma="|let|" pos="VB" wid="0">Let</w>
  <w id="1" lemma="|we|" pos="PRP" wid="1">us</w>
  <w id="2" lemma="|ask|" pos="VB" wid="2">ask</w>
  <w id="3" lemma="|the|" pos="DT" wid="3">the</w>
  <w id="4" lemma="|new|" pos="JJ" wid="4">new</w>
  <w id="5" lemma="|saint|" pos="NN" wid="5">saint</w>
  <w id="6" lemma="|to|" pos="TO" wid="6">to</w>
  <w id="7" lemma="|intercede|" pos="VB" wid="7">intercede</w>
  <w id="8" lemma="|for|" pos="IN" wid="8">for</w>
  <w id="9" lemma="|we|" pos="PRP" wid="9">us</w>
  <w id="10" lemma="|with|" pos="IN" wid="10">with</w>
  <w id="11" lemma="|the|" pos="DT" wid="11">the</w>
  <w id="12" lemma="|Blessed|" pos="NNP" wid="12">Blessed</w>
  <w id="13" lemma="|Virgin|" pos="NNP" wid="13">Virgin</w>
  <w id="14" lemma="|,|" pos="," wid="14">,</w>
  <w id="15" lemma="|so|" pos="IN" wid="15">so</w>
  <w id="16" lemma="|that|" pos="IN" wid="16">that</w>
  <w id="17" lemma="|we|" pos="PRP" wid="17">we</w>
  <w id="18" lemma="|can|" pos="MD" wid="18">can</w>
  <w id="19" lemma="|all|" pos="DT" wid="19">all</w>
  <w id="20" lemma="|respond|" pos="VB" wid="20">respond</w>
  <w id="21" lemma="|generously|" pos="RB" wid="21">generously</w>
  <w id="22" lemma="|to|" pos="TO" wid="22">to</w>
  <w id="23" lemma="|we|" pos="PRP$" wid="23">our</w>
  <w id="24" lemma="|vocation|" pos="NN" wid="24">vocation</w>
  <w id="25" lemma="|.|" pos="." wid="25">.</w>
</sentence>
<sentence id="8">
  <w id="0" lemma="|I|" pos="PRP" wid="0">I</w>
  <w id="1" lemma="|extend|" pos="VBP" wid="1">extend</w>
  <w id="2" lemma="|a|" pos="DT" wid="2">a</w>
  <w id="3" lemma="|special|" pos="JJ" wid="3">special</w>
  <w id="4" lemma="|greet|" pos="VBG" wid="4">greeting</w>
  <w id="5" lemma="|to|" pos="TO" wid="5">to</w>
  <w id="6" lemma="|the|" pos="DT" wid="6">the</w>
  <w id="7" lemma="|many|" pos="JJ" wid="7">many</w>
  <w id="8" lemma="|german-speaking|" pos="JJ" wid="8">German-speaking</w>
  <w id="9" lemma="|pilgrim|" pos="NNS" wid="9">pilgrims</w>
  <w id="10" lemma="|.|" pos="." wid="10">.</w>
</sentence>
<sentence id="9">
  <w id="0" lemma="|I|" pos="PRP" wid="0">I</w>
  <w id="1" lemma="|also|" pos="RB" wid="1">also</w>
  <w id="2" lemma="|greet|" pos="VBP" wid="2">greet</w>
  <w id="3" lemma="|those|" pos="DT" wid="3">those</w>
  <w id="4" lemma="|who|" pos="WP" wid="4">who</w>
  <w id="5" lemma="|have|" pos="VBP" wid="5">have</w>
  <w id="6" lemma="|come|" pos="VBN" wid="6">come</w>
  <w id="7" lemma="|from|" pos="IN" wid="7">from</w>
  <w id="8" lemma="|the|" pos="DT" wid="8">the</w>
  <w id="9" lemma="|Netherlands|" pos="NNP" wid="9">Netherlands</w>
  <w id="10" lemma="|.|" pos="." wid="10">.</w>
</sentence>
<sentence id="10">
  <w id="0" lemma="|the|" pos="DT" wid="0">The</w>
  <w id="1" lemma="|new|" pos="JJ" wid="1">new</w>
  <w id="2" lemma="|saint|" pos="NN" wid="2">saint</w>
  <w id="3" lemma="|,|" pos="," wid="3">,</w>
  <w id="4" lemma="|Sr|" pos="NNP" wid="4">Sr</w>
  <w id="5" lemma="|Teresa|" pos="NNP" wid="5">Teresa</w>
  <w id="6" lemma="|Benedicta|" pos="NNP" wid="6">Benedicta</w>
  <w id="7" lemma="|of|" pos="IN" wid="7">of</w>
  <w id="8" lemma="|the|" pos="DT" wid="8">the</w>
  <w id="9" lemma="|Cross|" pos="NNP" wid="9">Cross</w>
  <w id="10" lemma="|,|" pos="," wid="10">,</w>
  <w id="11" lemma="|never|" pos="RB" wid="11">never</w>
  <w id="12" lemma="|tire|" pos="VBN" wid="12">tired</w>
  <w id="13" lemma="|of|" pos="IN" wid="13">of</w>
  <w id="14" lemma="|seek|" pos="VBG" wid="14">seeking</w>
  <w id="15" lemma="|the|" pos="DT" wid="15">the</w>
  <w id="16" lemma="|truth|" pos="NN" wid="16">truth</w>
  <w id="17" lemma="|.|" pos="." wid="17">.</w>
</sentence>
<sentence id="11">
  <w id="0" lemma="|I|" pos="PRP" wid="0">I</w>
  <w id="1" lemma="|ask|" pos="VBP" wid="1">ask</w>
  <w id="2" lemma="|you|" pos="PRP" wid="2">you</w>
  <w id="3" lemma="|to|" pos="TO" wid="3">to</w>
  <w id="4" lemma="|follow|" pos="VB" wid="4">follow</w>
  <w id="5" lemma="|the|" pos="DT" wid="5">the</w>
  <w id="6" lemma="|way|" pos="NN" wid="6">way</w>
  <w id="7" lemma="|of|" pos="IN" wid="7">of</w>
  <w id="8" lemma="|the|" pos="DT" wid="8">the</w>
  <w id="9" lemma="|truth|" pos="NN" wid="9">truth</w>
  <w id="10" lemma="|.|" pos="." wid="10">.</w>
</sentence>
<sentence id="12">
  <w id="0" lemma="|only|" pos="RB" wid="0">Only</w>
  <w id="1" lemma="|in|" pos="IN" wid="1">in</w>
  <w id="2" lemma="|the|" pos="DT" wid="2">the</w>
  <w id="3" lemma="|truth|" pos="NN" wid="3">truth</w>
  <w id="4" lemma="|will|" pos="MD" wid="4">will</w>
  <w id="5" lemma="|you|" pos="PRP$" wid="5">your</w>
  <w id="6" lemma="|personal|" pos="JJ" wid="6">personal</w>
  <w id="7" lemma="|life|" pos="NN" wid="7">life</w>
  <w id="8" lemma="|and|" pos="CC" wid="8">and</w>
  <w id="9" lemma="|society|" pos="NN" wid="9">society</w>
  <w id="10" lemma="|have|" pos="VBP" wid="10">have</w>
  <w id="11" lemma="|a|" pos="DT" wid="11">a</w>
  <w id="12" lemma="|solid|" pos="JJ" wid="12">solid</w>
  <w id="13" lemma="|foundation|" pos="NN" wid="13">foundation</w>
  <w id="14" lemma="|.|" pos="." wid="14">.</w>
</sentence>
<sentence id="13">
  <w id="0" lemma="|Edith|" pos="NNP" wid="0">Edith</w>
  <w id="1" lemma="|Stein|" pos="NNP" wid="1">Stein</w>
  <w id="2" lemma="|stand|" pos="VBZ" wid="2">stands</w>
  <w id="3" lemma="|out|" pos="RP" wid="3">out</w>
  <w id="4" lemma="|as|" pos="IN" wid="4">as</w>
  <w id="5" lemma="|a|" pos="DT" wid="5">a</w>
  <w id="6" lemma="|beacon|" pos="NN" wid="6">beacon</w>
  <w id="7" lemma="|which|" pos="WDT" wid="7">which</w>
  <w id="8" lemma="|cast|" pos="VBZ" wid="8">casts</w>
  <w id="9" lemma="|its|" pos="PRP$" wid="9">its</w>
  <w id="10" lemma="|light|" pos="NN" wid="10">light</w>
  <w id="11" lemma="|amid|" pos="IN" wid="11">amid</w>
  <w id="12" lemma="|the|" pos="DT" wid="12">the</w>
  <w id="13" lemma="|terrible|" pos="JJ" wid="13">terrible</w>
  <w id="14" lemma="|darkness|" pos="NN" wid="14">darkness</w>
  <w id="15" lemma="|which|" pos="WDT" wid="15">which</w>
  <w id="16" lemma="|have|" pos="VBZ" wid="16">has</w>
  <w id="17" lemma="|mar|" pos="VBN" wid="17">marred</w>
  <w id="18" lemma="|this|" pos="DT" wid="18">this</w>
  <w id="19" lemma="|century|" pos="NN" wid="19">century</w>
  <w id="20" lemma="|.|" pos="." wid="20">.</w>
</sentence>
<sentence id="14">
  <w id="0" lemma="|in|" pos="IN" wid="0">In</w>
  <w id="1" lemma="|the|" pos="DT" wid="1">the</w>
  <w id="2" lemma="|martyr|" pos="NN" wid="2">martyr</w>
  <w id="3" lemma="|,|" pos="," wid="3">,</w>
  <w id="4" lemma="|St|" pos="NNP" wid="4">St</w>
  <w id="5" lemma="|Teresa|" pos="NNP" wid="5">Teresa</w>
  <w id="6" lemma="|Benedicta|" pos="NNP" wid="6">Benedicta</w>
  <w id="7" lemma="|of|" pos="IN" wid="7">of</w>
  <w id="8" lemma="|the|" pos="DT" wid="8">the</w>
  <w id="9" lemma="|Cross|" pos="NNP" wid="9">Cross</w>
  <w id="10" lemma="|,|" pos="," wid="10">,</w>
  <w id="11" lemma="|so|" pos="RB" wid="11">so</w>
  <w id="12" lemma="|many|" pos="JJ" wid="12">many</w>
  <w id="13" lemma="|difference|" pos="NNS" wid="13">differences</w>
  <w id="14" lemma="|meet|" pos="VBP" wid="14">meet</w>
  <w id="15" lemma="|and|" pos="CC" wid="15">and</w>
  <w id="16" lemma="|be|" pos="VBP" wid="16">are</w>
  <w id="17" lemma="|resolve|" pos="VBN" wid="17">resolved</w>
  <w id="18" lemma="|in|" pos="IN" wid="18">in</w>
  <w id="19" lemma="|peace|" pos="NN" wid="19">peace</w>
  <w id="20" lemma="|.|" pos="." wid="20">.</w>
</sentence>
<sentence id="15">
  <w id="0" lemma="|I|" pos="PRP" wid="0">I</w>
  <w id="1" lemma="|invoke|" pos="VBP" wid="1">invoke</w>
  <w id="2" lemma="|she|" pos="PRP$" wid="2">her</w>
  <w id="3" lemma="|intercession|" pos="NN" wid="3">intercession</w>
  <w id="4" lemma="|upon|" pos="IN" wid="4">upon</w>
  <w id="5" lemma="|all|" pos="DT" wid="5">all</w>
  <w id="6" lemma="|of|" pos="IN" wid="6">of</w>
  <w id="7" lemma="|you|" pos="PRP" wid="7">you</w>
  <w id="8" lemma="|who|" pos="WP" wid="8">who</w>
  <w id="9" lemma="|have|" pos="VBP" wid="9">have</w>
  <w id="10" lemma="|come|" pos="VBN" wid="10">come</w>
  <w id="11" lemma="|from|" pos="IN" wid="11">from</w>
  <w id="12" lemma="|different|" pos="JJ" wid="12">different</w>
  <w id="13" lemma="|part|" pos="NNS" wid="13">parts</w>
  <w id="14" lemma="|of|" pos="IN" wid="14">of</w>
  <w id="15" lemma="|the|" pos="DT" wid="15">the</w>
  <w id="16" lemma="|world|" pos="NN" wid="16">world</w>
  <w id="17" lemma="|to|" pos="TO" wid="17">to</w>
  <w id="18" lemma="|honour|" pos="VB" wid="18">honour</w>
  <w id="19" lemma="|she|" pos="PRP" wid="19">her</w>
  <w id="20" lemma="|and|" pos="CC" wid="20">and</w>
  <w id="21" lemma="|the|" pos="DT" wid="21">the</w>
  <w id="22" lemma="|witness|" pos="NN" wid="22">witness</w>
  <w id="23" lemma="|which|" pos="WDT" wid="23">which</w>
  <w id="24" lemma="|she|" pos="PRP" wid="24">she</w>
  <w id="25" lemma="|bear|" pos="VBD" wid="25">bore</w>
  <w id="26" lemma="|.|" pos="." wid="26">.</w>
</sentence>
<sentence id="16">
  <w id="0" lemma="|to|" pos="TO" wid="0">To</w>
  <w id="1" lemma="|she|" pos="PRP$" wid="1">her</w>
  <w id="2" lemma="|prayer|" pos="NNS" wid="2">prayers</w>
  <w id="3" lemma="|before|" pos="IN" wid="3">before</w>
  <w id="4" lemma="|God|" pos="NNP" wid="4">God</w>
  <w id="5" lemma="|I|" pos="PRP" wid="5">I</w>
  <w id="6" lemma="|entrust|" pos="VBP" wid="6">entrust</w>
  <w id="7" lemma="|all|" pos="DT" wid="7">all</w>
  <w id="8" lemma="|who|" pos="WP" wid="8">who</w>
  <w id="9" lemma="|suffer|" pos="VBP" wid="9">suffer</w>
  <w id="10" lemma="|for|" pos="IN" wid="10">for</w>
  <w id="11" lemma="|the|" pos="DT" wid="11">the</w>
  <w id="12" lemma="|sake|" pos="NN" wid="12">sake</w>
  <w id="13" lemma="|of|" pos="IN" wid="13">of</w>
  <w id="14" lemma="|justice|" pos="NN" wid="14">justice</w>
  <w id="15" lemma="|and|" pos="CC" wid="15">and</w>
  <w id="16" lemma="|human|" pos="JJ" wid="16">human</w>
  <w id="17" lemma="|dignity|" pos="NN" wid="17">dignity</w>
  <w id="18" lemma="|.|" pos="." wid="18">.</w>
</sentence>
<sentence id="17">
  <w id="0" lemma="|God|" pos="NNP" wid="0">God</w>
  <w id="1" lemma="|bless|" pos="VB" wid="1">bless</w>
  <w id="2" lemma="|you|" pos="PRP" wid="2">you</w>
  <w id="3" lemma="|all|" pos="DT" wid="3">all</w>
  <w id="4" lemma="|.|" pos="." wid="4">.</w>
</sentence>
<sentence id="18">
  <w id="0" lemma="|I|" pos="PRP" wid="0">I</w>
  <w id="1" lemma="|greet|" pos="VBP" wid="1">greet</w>
  <w id="2" lemma="|you|" pos="PRP" wid="2">you</w>
  <w id="3" lemma="|,|" pos="," wid="3">,</w>
  <w id="4" lemma="|dear|" pos="RB" wid="4">dear</w>
  <w id="5" lemma="|french-speaking|" pos="JJ" wid="5">French-speaking</w>
  <w id="6" lemma="|pilgrim|" pos="NNS" wid="6">pilgrims</w>
  <w id="7" lemma="|who|" pos="WP" wid="7">who</w>
  <w id="8" lemma="|be|" pos="VBP" wid="8">are</w>
  <w id="9" lemma="|attend|" pos="VBG" wid="9">attending</w>
  <w id="10" lemma="|the|" pos="DT" wid="10">the</w>
  <w id="11" lemma="|canonization|" pos="NN" wid="11">canonization</w>
  <w id="12" lemma="|of|" pos="IN" wid="12">of</w>
  <w id="13" lemma="|Edith|" pos="NNP" wid="13">Edith</w>
  <w id="14" lemma="|Stein|" pos="NNP" wid="14">Stein</w>
  <w id="15" lemma="|.|" pos="." wid="15">.</w>
</sentence>
<sentence id="19">
  <w id="0" lemma="|may|" pos="MD" wid="0">May</w>
  <w id="1" lemma="|the|" pos="DT" wid="1">the</w>
  <w id="2" lemma="|new|" pos="JJ" wid="2">new</w>
  <w id="3" lemma="|saint|" pos="NN" wid="3">saint</w>
  <w id="4" lemma="|be|" pos="VB" wid="4">be</w>
  <w id="5" lemma="|a|" pos="DT" wid="5">an</w>
  <w id="6" lemma="|example|" pos="NN" wid="6">example</w>
  <w id="7" lemma="|for|" pos="IN" wid="7">for</w>
  <w id="8" lemma="|you|" pos="PRP" wid="8">you</w>
  <w id="9" lemma="|of|" pos="IN" wid="9">of</w>
  <w id="10" lemma="|the|" pos="DT" wid="10">the</w>
  <w id="11" lemma="|spiritual|" pos="JJ" wid="11">spiritual</w>
  <w id="12" lemma="|and|" pos="CC" wid="12">and</w>
  <w id="13" lemma="|intellectual|" pos="JJ" wid="13">intellectual</w>
  <w id="14" lemma="|life|" pos="NN" wid="14">life</w>
  <w id="15" lemma="|!|" pos="." wid="15">!</w>
</sentence>
<sentence id="20">
  <w id="0" lemma="|may|" pos="MD" wid="0">May</w>
  <w id="1" lemma="|she|" pos="PRP" wid="1">she</w>
  <w id="2" lemma="|help|" pos="VB" wid="2">help</w>
  <w id="3" lemma="|you|" pos="PRP" wid="3">you</w>
  <w id="4" lemma="|to|" pos="TO" wid="4">to</w>
  <w id="5" lemma="|seek|" pos="VB" wid="5">seek</w>
  <w id="6" lemma="|God|" pos="NNP" wid="6">God</w>
  <w id="7" lemma="|in|" pos="IN" wid="7">in</w>
  <w id="8" lemma="|yourselve|" pos="NNS" wid="8">yourselves</w>
  <w id="9" lemma="|and|" pos="CC" wid="9">and</w>
  <w id="10" lemma="|to|" pos="TO" wid="10">to</w>
  <w id="11" lemma="|seek|" pos="VB" wid="11">seek</w>
  <w id="12" lemma="|yourselve|" pos="NNS" wid="12">yourselves</w>
  <w id="13" lemma="|in|" pos="IN" wid="13">in</w>
  <w id="14" lemma="|God|" pos="NNP" wid="14">God</w>
  <w id="15" lemma="|,|" pos="," wid="15">,</w>
  <w id="16" lemma="|in|" pos="IN" wid="16">in</w>
  <w id="17" lemma="|order|" pos="NN" wid="17">order</w>
  <w id="18" lemma="|to|" pos="TO" wid="18">to</w>
  <w id="19" lemma="|find|" pos="VB" wid="19">find</w>
  <w id="20" lemma="|the|" pos="DT" wid="20">the</w>
  <w id="21" lemma="|one|" pos="NN" wid="21">One</w>
  <w id="22" lemma="|who|" pos="WP" wid="22">who</w>
  <w id="23" lemma="|be|" pos="VBZ" wid="23">is</w>
  <w id="24" lemma="|the|" pos="DT" wid="24">the</w>
  <w id="25" lemma="|truth|" pos="NN" wid="25">Truth</w>
  <w id="26" lemma="|and|" pos="CC" wid="26">and</w>
  <w id="27" lemma="|the|" pos="DT" wid="27">the</w>
  <w id="28" lemma="|source|" pos="NN" wid="28">source</w>
  <w id="29" lemma="|of|" pos="IN" wid="29">of</w>
  <w id="30" lemma="|eternal|" pos="JJ" wid="30">eternal</w>
  <w id="31" lemma="|happiness|" pos="NN" wid="31">happiness</w>
  <w id="32" lemma="|!|" pos="." wid="32">!</w>
</sentence>
<sentence id="21">
  <w id="0" lemma="|I|" pos="PRP" wid="0">I</w>
  <w id="1" lemma="|affectionately|" pos="RB" wid="1">affectionately</w>
  <w id="2" lemma="|greet|" pos="VBP" wid="2">greet</w>
  <w id="3" lemma="|the|" pos="DT" wid="3">the</w>
  <w id="4" lemma="|spanish-speaking|" pos="JJ" wid="4">Spanish-speaking</w>
  <w id="5" lemma="|pilgrim|" pos="NNS" wid="5">pilgrims</w>
  <w id="6" lemma="|who|" pos="WP" wid="6">who</w>
  <w id="7" lemma="|be|" pos="VBP" wid="7">are</w>
  <w id="8" lemma="|attend|" pos="VBG" wid="8">attending</w>
  <w id="9" lemma="|this|" pos="DT" wid="9">this</w>
  <w id="10" lemma="|solemn|" pos="JJ" wid="10">solemn</w>
  <w id="11" lemma="|canonization|" pos="NN" wid="11">canonization</w>
  <w id="12" lemma="|of|" pos="IN" wid="12">of</w>
  <w id="13" lemma="|Edith|" pos="NNP" wid="13">Edith</w>
  <w id="14" lemma="|Stein|" pos="NNP" wid="14">Stein</w>
  <w id="15" lemma="|.|" pos="." wid="15">.</w>
</sentence>
<sentence id="22">
  <w id="0" lemma="|as|" pos="IN" wid="0">As</w>
  <w id="1" lemma="|I|" pos="PRP" wid="1">I</w>
  <w id="2" lemma="|entrust|" pos="VBP" wid="2">entrust</w>
  <w id="3" lemma="|you|" pos="PRP" wid="3">you</w>
  <w id="4" lemma="|to|" pos="TO" wid="4">to</w>
  <w id="5" lemma="|the|" pos="DT" wid="5">the</w>
  <w id="6" lemma="|intercession|" pos="NN" wid="6">intercession</w>
  <w id="7" lemma="|of|" pos="IN" wid="7">of</w>
  <w id="8" lemma="|this|" pos="DT" wid="8">this</w>
  <w id="9" lemma="|saint|" pos="NN" wid="9">saint</w>
  <w id="10" lemma="|,|" pos="," wid="10">,</w>
  <w id="11" lemma="|a|" pos="DT" wid="11">a</w>
  <w id="12" lemma="|daughter|" pos="NN" wid="12">daughter</w>
  <w id="13" lemma="|of|" pos="IN" wid="13">of</w>
  <w id="14" lemma="|the|" pos="DT" wid="14">the</w>
  <w id="15" lemma="|Teresian|" pos="NNP" wid="15">Teresian</w>
  <w id="16" lemma="|Carmel|" pos="NNP" wid="16">Carmel</w>
  <w id="17" lemma="|,|" pos="," wid="17">,</w>
  <w id="18" lemma="|I|" pos="PRP" wid="18">I</w>
  <w id="19" lemma="|be|" pos="VBP" wid="19">am</w>
  <w id="20" lemma="|pleased|" pos="JJ" wid="20">pleased</w>
  <w id="21" lemma="|to|" pos="TO" wid="21">to</w>
  <w id="22" lemma="|give|" pos="VB" wid="22">give</w>
  <w id="23" lemma="|you|" pos="PRP" wid="23">you</w>
  <w id="24" lemma="|my|" pos="PRP$" wid="24">my</w>
  <w id="25" lemma="|apostolic|" pos="JJ" wid="25">Apostolic</w>
  <w id="26" lemma="|blessing|" pos="NN" wid="26">Blessing</w>
  <w id="27" lemma="|.|" pos="." wid="27">.</w>
</sentence>
<sentence id="23">
  <w id="0" lemma="|I|" pos="PRP" wid="0">I</w>
  <w id="1" lemma="|cordially|" pos="RB" wid="1">cordially</w>
  <w id="2" lemma="|greet|" pos="VB" wid="2">greet</w>
  <w id="3" lemma="|my|" pos="PRP$" wid="3">my</w>
  <w id="4" lemma="|compatriot|" pos="NNS" wid="4">compatriots</w>
  <w id="5" lemma="|,|" pos="," wid="5">,</w>
  <w id="6" lemma="|those|" pos="DT" wid="6">those</w>
  <w id="7" lemma="|present|" pos="JJ" wid="7">present</w>
  <w id="8" lemma="|here|" pos="RB" wid="8">here</w>
  <w id="9" lemma="|and|" pos="CC" wid="9">and</w>
  <w id="10" lemma="|those|" pos="DT" wid="10">those</w>
  <w id="11" lemma="|participate|" pos="VBG" wid="11">participating</w>
  <w id="12" lemma="|in|" pos="IN" wid="12">in</w>
  <w id="13" lemma="|this|" pos="DT" wid="13">this</w>
  <w id="14" lemma="|celebration|" pos="NN" wid="14">celebration</w>
  <w id="15" lemma="|by|" pos="IN" wid="15">by</w>
  <w id="16" lemma="|radio|" pos="NN" wid="16">radio</w>
  <w id="17" lemma="|and|" pos="CC" wid="17">and</w>
  <w id="18" lemma="|television|" pos="NN" wid="18">television</w>
  <w id="19" lemma="|.|" pos="." wid="19">.</w>
</sentence>
<sentence id="24">
  <w id="0" lemma="|I|" pos="PRP" wid="0">I</w>
  <w id="1" lemma="|rejoice|" pos="VBP" wid="1">rejoice</w>
  <w id="2" lemma="|with|" pos="IN" wid="2">with</w>
  <w id="3" lemma="|you|" pos="PRP" wid="3">you</w>
  <w id="4" lemma="|that|" pos="IN" wid="4">that</w>
  <w id="5" lemma="|you|" pos="PRP" wid="5">you</w>
  <w id="6" lemma="|have|" pos="VBP" wid="6">have</w>
  <w id="7" lemma="|the|" pos="DT" wid="7">the</w>
  <w id="8" lemma="|opportunity|" pos="NN" wid="8">opportunity</w>
  <w id="9" lemma="|to|" pos="TO" wid="9">to</w>
  <w id="10" lemma="|experience|" pos="VB" wid="10">experience</w>
  <w id="11" lemma="|this|" pos="DT" wid="11">this</w>
  <w id="12" lemma="|solemn|" pos="JJ" wid="12">solemn</w>
  <w id="13" lemma="|day|" pos="NN" wid="13">day</w>
  <w id="14" lemma="|,|" pos="," wid="14">,</w>
  <w id="15" lemma="|the|" pos="DT" wid="15">the</w>
  <w id="16" lemma="|canonization|" pos="NN" wid="16">canonization</w>
  <w id="17" lemma="|of|" pos="IN" wid="17">of</w>
  <w id="18" lemma="|Edith|" pos="NNP" wid="18">Edith</w>
  <w id="19" lemma="|Stein|" pos="NNP" wid="19">Stein</w>
  <w id="20" lemma="|--|" pos=":" wid="20">--</w>
  <w id="21" lemma="|Sr|" pos="NNP" wid="21">Sr</w>
  <w id="22" lemma="|Teresa|" pos="NNP" wid="22">Teresa</w>
  <w id="23" lemma="|Benedicta|" pos="NNP" wid="23">Benedicta</w>
  <w id="24" lemma="|of|" pos="IN" wid="24">of</w>
  <w id="25" lemma="|the|" pos="DT" wid="25">the</w>
  <w id="26" lemma="|Cross|" pos="NNP" wid="26">Cross</w>
  <w id="27" lemma="|,|" pos="," wid="27">,</w>
  <w id="28" lemma="|a|" pos="DT" wid="28">a</w>
  <w id="29" lemma="|martyr|" pos="NN" wid="29">martyr</w>
  <w id="30" lemma="|of|" pos="IN" wid="30">of</w>
  <w id="31" lemma="|Auschwitz|" pos="NNP" wid="31">Auschwitz</w>
  <w id="32" lemma="|.|" pos="." wid="32">.</w>
</sentence>
<sentence id="25">
  <w id="0" lemma="|I|" pos="PRP" wid="0">I</w>
  <w id="1" lemma="|remember|" pos="VBP" wid="1">remember</w>
  <w id="2" lemma="|that|" pos="IN" wid="2">that</w>
  <w id="3" lemma="|in|" pos="IN" wid="3">in</w>
  <w id="4" lemma="|1982|" pos="CD" wid="4">1982</w>
  <w id="5" lemma="|,|" pos="," wid="5">,</w>
  <w id="6" lemma="|also|" pos="RB" wid="6">also</w>
  <w id="7" lemma="|in|" pos="IN" wid="7">in</w>
  <w id="8" lemma="|October|" pos="NNP" wid="8">October</w>
  <w id="9" lemma="|,|" pos="," wid="9">,</w>
  <w id="10" lemma="|in|" pos="IN" wid="10">in</w>
  <w id="11" lemma="|this|" pos="DT" wid="11">this</w>
  <w id="12" lemma="|very|" pos="JJ" wid="12">very</w>
  <w id="13" lemma="|place|" pos="NN" wid="13">place</w>
  <w id="14" lemma="|I|" pos="PRP" wid="14">I</w>
  <w id="15" lemma="|be|" pos="VBD" wid="15">was</w>
  <w id="16" lemma="|able|" pos="JJ" wid="16">able</w>
  <w id="17" lemma="|to|" pos="TO" wid="17">to</w>
  <w id="18" lemma="|canonize|" pos="VB" wid="18">canonize</w>
  <w id="19" lemma="|Maximilian|" pos="NNP" wid="19">Maximilian</w>
  <w id="20" lemma="|Mary|" pos="NNP" wid="20">Mary</w>
  <w id="21" lemma="|Kolbe|" pos="NNP" wid="21">Kolbe</w>
  <w id="22" lemma="|.|" pos="." wid="22">.</w>
</sentence>
<sentence id="26">
  <w id="0" lemma="|I|" pos="PRP" wid="0">I</w>
  <w id="1" lemma="|be|" pos="VBD" wid="1">was</w>
  <w id="2" lemma="|always|" pos="RB" wid="2">always</w>
  <w id="3" lemma="|convinced|" pos="JJ" wid="3">convinced</w>
  <w id="4" lemma="|that|" pos="IN" wid="4">that</w>
  <w id="5" lemma="|these|" pos="DT" wid="5">these</w>
  <w id="6" lemma="|two|" pos="CD" wid="6">two</w>
  <w id="7" lemma="|martyr|" pos="NNS" wid="7">martyrs</w>
  <w id="8" lemma="|of|" pos="IN" wid="8">of</w>
  <w id="9" lemma="|Auschwitz|" pos="NNP" wid="9">Auschwitz</w>
  <w id="10" lemma="|together|" pos="RB" wid="10">together</w>
  <w id="11" lemma="|would|" pos="MD" wid="11">would</w>
  <w id="12" lemma="|lead|" pos="VB" wid="12">lead</w>
  <w id="13" lemma="|we|" pos="PRP" wid="13">us</w>
  <w id="14" lemma="|into|" pos="IN" wid="14">into</w>
  <w id="15" lemma="|the|" pos="DT" wid="15">the</w>
  <w id="16" lemma="|future|" pos="NN" wid="16">future</w>
  <w id="17" lemma="|:|" pos=":" wid="17">:</w>
  <w id="18" lemma="|Maximilian|" pos="NNP" wid="18">Maximilian</w>
  <w id="19" lemma="|Mary|" pos="NNP" wid="19">Mary</w>
  <w id="20" lemma="|Kolbe|" pos="NNP" wid="20">Kolbe</w>
  <w id="21" lemma="|and|" pos="CC" wid="21">and</w>
  <w id="22" lemma="|Edith|" pos="NNP" wid="22">Edith</w>
  <w id="23" lemma="|Stein|" pos="NNP" wid="23">Stein</w>
  <w id="24" lemma="|--|" pos=":" wid="24">--</w>
  <w id="25" lemma="|St|" pos="NNP" wid="25">St</w>
  <w id="26" lemma="|Teresa|" pos="NNP" wid="26">Teresa</w>
  <w id="27" lemma="|Benedicta|" pos="NNP" wid="27">Benedicta</w>
  <w id="28" lemma="|of|" pos="IN" wid="28">of</w>
  <w id="29" lemma="|the|" pos="DT" wid="29">the</w>
  <w id="30" lemma="|Cross|" pos="NNP" wid="30">Cross</w>
  <w id="31" lemma="|.|" pos="." wid="31">.</w>
</sentence>
<sentence id="27">
  <w id="0" lemma="|today|" pos="NN" wid="0">Today</w>
  <w id="1" lemma="|I|" pos="PRP" wid="1">I</w>
  <w id="2" lemma="|be|" pos="VBP" wid="2">am</w>
  <w id="3" lemma="|aware|" pos="JJ" wid="3">aware</w>
  <w id="4" lemma="|that|" pos="IN" wid="4">that</w>
  <w id="5" lemma="|a|" pos="DT" wid="5">a</w>
  <w id="6" lemma="|sort|" pos="NN" wid="6">sort</w>
  <w id="7" lemma="|of|" pos="IN" wid="7">of</w>
  <w id="8" lemma="|cycle|" pos="NN" wid="8">cycle</w>
  <w id="9" lemma="|be|" pos="VBZ" wid="9">is</w>
  <w id="10" lemma="|be|" pos="VBG" wid="10">being</w>
  <w id="11" lemma="|complete|" pos="VBN" wid="11">completed</w>
  <w id="12" lemma="|.|" pos="." wid="12">.</w>
</sentence>
<sentence id="28">
  <w id="0" lemma="|I|" pos="PRP" wid="0">I</w>
  <w id="1" lemma="|thank|" pos="VBP" wid="1">thank</w>
  <w id="2" lemma="|God|" pos="NNP" wid="2">God</w>
  <w id="3" lemma="|for|" pos="IN" wid="3">for</w>
  <w id="4" lemma="|this|" pos="DT" wid="4">this</w>
  <w id="5" lemma="|and|" pos="CC" wid="5">and</w>
  <w id="6" lemma="|I|" pos="PRP" wid="6">I</w>
  <w id="7" lemma="|be|" pos="VBP" wid="7">am</w>
  <w id="8" lemma="|pleased|" pos="JJ" wid="8">pleased</w>
  <w id="9" lemma="|that|" pos="IN" wid="9">that</w>
  <w id="10" lemma="|veneration|" pos="NN" wid="10">veneration</w>
  <w id="11" lemma="|of|" pos="IN" wid="11">of</w>
  <w id="12" lemma="|this|" pos="DT" wid="12">this</w>
  <w id="13" lemma="|saint|" pos="NN" wid="13">saint</w>
  <w id="14" lemma="|be|" pos="VBZ" wid="14">is</w>
  <w id="15" lemma="|grow|" pos="VBG" wid="15">growing</w>
  <w id="16" lemma="|and|" pos="CC" wid="16">and</w>
  <w id="17" lemma="|spread|" pos="VBG" wid="17">spreading</w>
  <w id="18" lemma="|in|" pos="IN" wid="18">in</w>
  <w id="19" lemma="|we|" pos="PRP$" wid="19">our</w>
  <w id="20" lemma="|homeland|" pos="NN" wid="20">homeland</w>
  <w id="21" lemma="|.|" pos="." wid="21">.</w>
</sentence>
<sentence id="29">
  <w id="0" lemma="|praise|" pos="VBN" wid="0">Praised</w>
  <w id="1" lemma="|be|" pos="VB" wid="1">be</w>
  <w id="2" lemma="|Jesus|" pos="NNP" wid="2">Jesus</w>
  <w id="3" lemma="|Christ|" pos="NNP" wid="3">Christ</w>
  <w id="4" lemma="|!|" pos="." wid="4">!</w>
</sentence>
</corpus>