<corpus id="0">
<sentence id="0">
  <w id="0" lemma="|Dear|" pos="NNP" wid="0">Dear</w>
  <w id="1" lemma="|Brothers|" pos="NNPS" wid="1">Brothers</w>
  <w id="2" lemma="|and|" pos="CC" wid="2">and</w>
  <w id="3" lemma="|sister|" pos="NNS" wid="3">Sisters</w>
  <w id="4" lemma="|,|" pos="," wid="4">,</w>
  <w id="5" lemma="|1|" pos="CD" wid="5">1</w>
  <w id="6" lemma="|.|" pos="." wid="6">.</w>
</sentence>
<sentence id="1">
  <w id="0" lemma="|in|" pos="IN" wid="0">In</w>
  <w id="1" lemma="|the|" pos="DT" wid="1">the</w>
  <w id="2" lemma="|Gospel|" pos="NNP" wid="2">Gospel</w>
  <w id="3" lemma="|for|" pos="IN" wid="3">for</w>
  <w id="4" lemma="|this|" pos="DT" wid="4">this</w>
  <w id="5" lemma="|Third|" pos="NNP" wid="5">Third</w>
  <w id="6" lemma="|Sunday|" pos="NNP" wid="6">Sunday</w>
  <w id="7" lemma="|of|" pos="IN" wid="7">of</w>
  <w id="8" lemma="|Lent|" pos="NNP" wid="8">Lent</w>
  <w id="9" lemma="|,|" pos="," wid="9">,</w>
  <w id="10" lemma="|St|" pos="NNP" wid="10">St</w>
  <w id="11" lemma="|John|" pos="NNP" wid="11">John</w>
  <w id="12" lemma="|tell|" pos="VBZ" wid="12">tells</w>
  <w id="13" lemma="|we|" pos="PRP" wid="13">us</w>
  <w id="14" lemma="|that|" pos="IN" wid="14">that</w>
  <w id="15" lemma="|,|" pos="," wid="15">,</w>
  <w id="16" lemma="|when|" pos="WRB" wid="16">when</w>
  <w id="17" lemma="|Jesus|" pos="NNP" wid="17">Jesus</w>
  <w id="18" lemma="|find|" pos="VBD" wid="18">found</w>
  <w id="19" lemma="|merchant|" pos="NNS" wid="19">merchants</w>
  <w id="20" lemma="|and|" pos="CC" wid="20">and</w>
  <w id="21" lemma="|money-changer|" pos="NNS" wid="21">money-changers</w>
  <w id="22" lemma="|in|" pos="IN" wid="22">in</w>
  <w id="23" lemma="|the|" pos="DT" wid="23">the</w>
  <w id="24" lemma="|temple|" pos="NN" wid="24">temple</w>
  <w id="25" lemma="|of|" pos="IN" wid="25">of</w>
  <w id="26" lemma="|Jerusalem|" pos="NNP" wid="26">Jerusalem</w>
  <w id="27" lemma="|,|" pos="," wid="27">,</w>
  <w id="28" lemma="|he|" pos="PRP" wid="28">he</w>
  <w id="29" lemma="|make|" pos="VBD" wid="29">made</w>
  <w id="30" lemma="|a|" pos="DT" wid="30">a</w>
  <w id="31" lemma="|whip|" pos="NN" wid="31">whip</w>
  <w id="32" lemma="|of|" pos="IN" wid="32">of</w>
  <w id="33" lemma="|cord|" pos="NNS" wid="33">cords</w>
  <w id="34" lemma="|and|" pos="CC" wid="34">and</w>
  <w id="35" lemma="|drive|" pos="VBD" wid="35">drove</w>
  <w id="36" lemma="|they|" pos="PRP" wid="36">them</w>
  <w id="37" lemma="|out|" pos="RP" wid="37">out</w>
  <w id="38" lemma="|with|" pos="IN" wid="38">with</w>
  <w id="39" lemma="|angry|" pos="JJ" wid="39">angry</w>
  <w id="40" lemma="|word|" pos="NNS" wid="40">words</w>
  <w id="41" lemma="|:|" pos=":" wid="41">:</w>
  <w id="42" lemma="|``|" pos="``" wid="42">``</w>
  <w id="43" lemma="|take|" pos="VB" wid="43">Take</w>
  <w id="44" lemma="|these|" pos="DT" wid="44">these</w>
  <w id="45" lemma="|thing|" pos="NNS" wid="45">things</w>
  <w id="46" lemma="|away|" pos="RB" wid="46">away</w>
  <w id="47" lemma="|;|" pos=":" wid="47">;</w>
  <w id="48" lemma="|you|" pos="PRP" wid="48">you</w>
  <w id="49" lemma="|shall|" pos="MD" wid="49">shall</w>
  <w id="50" lemma="|not|" pos="RB" wid="50">not</w>
  <w id="51" lemma="|make|" pos="VB" wid="51">make</w>
  <w id="52" lemma="|my|" pos="PRP$" wid="52">my</w>
  <w id="53" lemma="|Father|" pos="NNP" wid="53">Father</w>
  <w id="54" lemma="|'s|" pos="POS" wid="54">'s</w>
  <w id="55" lemma="|house|" pos="NN" wid="55">house</w>
  <w id="56" lemma="|a|" pos="DT" wid="56">a</w>
  <w id="57" lemma="|house|" pos="NN" wid="57">house</w>
  <w id="58" lemma="|of|" pos="IN" wid="58">of</w>
  <w id="59" lemma="|trade|" pos="NN" wid="59">trade</w>
  <w id="60" lemma="|''|" pos="''" wid="60">''</w>
  <w id="61" lemma="|-lrb-|" pos="-LRB-" wid="61">-LRB-</w>
  <w id="62" lemma="|jn|" pos="NN" wid="62">Jn</w>
  <w id="63" lemma="|2:16|" pos="CD" wid="63">2:16</w>
  <w id="64" lemma="|-rrb-|" pos="-RRB-" wid="64">-RRB-</w>
  <w id="65" lemma="|.|" pos="." wid="65">.</w>
</sentence>
<sentence id="2">
  <w id="0" lemma="|the|" pos="DT" wid="0">The</w>
  <w id="1" lemma="|Lord|" pos="NNP" wid="1">Lord</w>
  <w id="2" lemma="|'s|" pos="POS" wid="2">'s</w>
  <w id="3" lemma="|``|" pos="``" wid="3">``</w>
  <w id="4" lemma="|severe|" pos="JJ" wid="4">severe</w>
  <w id="5" lemma="|''|" pos="''" wid="5">''</w>
  <w id="6" lemma="|attitude|" pos="NN" wid="6">attitude</w>
  <w id="7" lemma="|might|" pos="MD" wid="7">might</w>
  <w id="8" lemma="|seem|" pos="VB" wid="8">seem</w>
  <w id="9" lemma="|in|" pos="IN" wid="9">in</w>
  <w id="10" lemma="|contrast|" pos="NN" wid="10">contrast</w>
  <w id="11" lemma="|to|" pos="TO" wid="11">to</w>
  <w id="12" lemma="|the|" pos="DT" wid="12">the</w>
  <w id="13" lemma="|customary|" pos="JJ" wid="13">customary</w>
  <w id="14" lemma="|gentleness|" pos="NN" wid="14">gentleness</w>
  <w id="15" lemma="|with|" pos="IN" wid="15">with</w>
  <w id="16" lemma="|which|" pos="WDT" wid="16">which</w>
  <w id="17" lemma="|he|" pos="PRP" wid="17">he</w>
  <w id="18" lemma="|approach|" pos="VBZ" wid="18">approaches</w>
  <w id="19" lemma="|sinner|" pos="NNS" wid="19">sinners</w>
  <w id="20" lemma="|,|" pos="," wid="20">,</w>
  <w id="21" lemma="|heal|" pos="VBZ" wid="21">heals</w>
  <w id="22" lemma="|the|" pos="DT" wid="22">the</w>
  <w id="23" lemma="|sick|" pos="JJ" wid="23">sick</w>
  <w id="24" lemma="|and|" pos="CC" wid="24">and</w>
  <w id="25" lemma="|welcome|" pos="VBZ" wid="25">welcomes</w>
  <w id="26" lemma="|the|" pos="DT" wid="26">the</w>
  <w id="27" lemma="|little|" pos="JJ" wid="27">little</w>
  <w id="28" lemma="|and|" pos="CC" wid="28">and</w>
  <w id="29" lemma="|the|" pos="DT" wid="29">the</w>
  <w id="30" lemma="|weak|" pos="JJ" wid="30">weak</w>
  <w id="31" lemma="|.|" pos="." wid="31">.</w>
</sentence>
<sentence id="3">
  <w id="0" lemma="|to|" pos="TO" wid="0">To</w>
  <w id="1" lemma="|look|" pos="VB" wid="1">look</w>
  <w id="2" lemma="|closely|" pos="RB" wid="2">closely</w>
  <w id="3" lemma="|,|" pos="," wid="3">,</w>
  <w id="4" lemma="|however|" pos="RB" wid="4">however</w>
  <w id="5" lemma="|,|" pos="," wid="5">,</w>
  <w id="6" lemma="|gentleness|" pos="NN" wid="6">gentleness</w>
  <w id="7" lemma="|and|" pos="CC" wid="7">and</w>
  <w id="8" lemma="|severity|" pos="NN" wid="8">severity</w>
  <w id="9" lemma="|be|" pos="VBP" wid="9">are</w>
  <w id="10" lemma="|expression|" pos="NNS" wid="10">expressions</w>
  <w id="11" lemma="|of|" pos="IN" wid="11">of</w>
  <w id="12" lemma="|the|" pos="DT" wid="12">the</w>
  <w id="13" lemma="|same|" pos="JJ" wid="13">same</w>
  <w id="14" lemma="|love|" pos="NN" wid="14">love</w>
  <w id="15" lemma="|which|" pos="WDT" wid="15">which</w>
  <w id="16" lemma="|can|" pos="MD" wid="16">can</w>
  <w id="17" lemma="|be|" pos="VB" wid="17">be</w>
  <w id="18" lemma="|tender|" pos="JJ" wid="18">tender</w>
  <w id="19" lemma="|or|" pos="CC" wid="19">or</w>
  <w id="20" lemma="|demand|" pos="VBG" wid="20">demanding</w>
  <w id="21" lemma="|accord|" pos="VBG" wid="21">according</w>
  <w id="22" lemma="|to|" pos="TO" wid="22">to</w>
  <w id="23" lemma="|need|" pos="VB" wid="23">need</w>
  <w id="24" lemma="|.|" pos="." wid="24">.</w>
</sentence>
<sentence id="4">
  <w id="0" lemma="|genuine|" pos="JJ" wid="0">Genuine</w>
  <w id="1" lemma="|love|" pos="NN" wid="1">love</w>
  <w id="2" lemma="|be|" pos="VBZ" wid="2">is</w>
  <w id="3" lemma="|always|" pos="RB" wid="3">always</w>
  <w id="4" lemma="|accompany|" pos="VBN" wid="4">accompanied</w>
  <w id="5" lemma="|by|" pos="IN" wid="5">by</w>
  <w id="6" lemma="|the|" pos="DT" wid="6">the</w>
  <w id="7" lemma="|truth|" pos="NN" wid="7">truth</w>
  <w id="8" lemma="|.|" pos="." wid="8">.</w>
</sentence>
<sentence id="5">
  <w id="0" lemma="|Jesus|" pos="NNP" wid="0">Jesus</w>
  <w id="1" lemma="|'|" pos="POS" wid="1">'</w>
  <w id="2" lemma="|zeal|" pos="NN" wid="2">zeal</w>
  <w id="3" lemma="|and|" pos="CC" wid="3">and</w>
  <w id="4" lemma="|love|" pos="NN" wid="4">love</w>
  <w id="5" lemma="|for|" pos="IN" wid="5">for</w>
  <w id="6" lemma="|the|" pos="DT" wid="6">the</w>
  <w id="7" lemma="|Father|" pos="NNP" wid="7">Father</w>
  <w id="8" lemma="|'s|" pos="POS" wid="8">'s</w>
  <w id="9" lemma="|house|" pos="NN" wid="9">house</w>
  <w id="10" lemma="|certainly|" pos="RB" wid="10">certainly</w>
  <w id="11" lemma="|do|" pos="VBZ" wid="11">does</w>
  <w id="12" lemma="|not|" pos="RB" wid="12">not</w>
  <w id="13" lemma="|stop|" pos="VB" wid="13">stop</w>
  <w id="14" lemma="|at|" pos="IN" wid="14">at</w>
  <w id="15" lemma="|a|" pos="DT" wid="15">a</w>
  <w id="16" lemma="|temple|" pos="NN" wid="16">temple</w>
  <w id="17" lemma="|of|" pos="IN" wid="17">of</w>
  <w id="18" lemma="|stone|" pos="NN" wid="18">stone</w>
  <w id="19" lemma="|.|" pos="." wid="19">.</w>
</sentence>
<sentence id="6">
  <w id="0" lemma="|the|" pos="DT" wid="0">The</w>
  <w id="1" lemma="|whole|" pos="JJ" wid="1">whole</w>
  <w id="2" lemma="|world|" pos="NN" wid="2">world</w>
  <w id="3" lemma="|belong|" pos="VBZ" wid="3">belongs</w>
  <w id="4" lemma="|to|" pos="TO" wid="4">to</w>
  <w id="5" lemma="|God|" pos="NNP" wid="5">God</w>
  <w id="6" lemma="|and|" pos="CC" wid="6">and</w>
  <w id="7" lemma="|must|" pos="MD" wid="7">must</w>
  <w id="8" lemma="|not|" pos="RB" wid="8">not</w>
  <w id="9" lemma="|be|" pos="VB" wid="9">be</w>
  <w id="10" lemma="|profane|" pos="VBN" wid="10">profaned</w>
  <w id="11" lemma="|.|" pos="." wid="11">.</w>
</sentence>
<sentence id="7">
  <w id="0" lemma="|by|" pos="IN" wid="0">By</w>
  <w id="1" lemma="|he|" pos="PRP$" wid="1">his</w>
  <w id="2" lemma="|prophetic|" pos="JJ" wid="2">prophetic</w>
  <w id="3" lemma="|act|" pos="NN" wid="3">act</w>
  <w id="4" lemma="|,|" pos="," wid="4">,</w>
  <w id="5" lemma="|mention|" pos="VBN" wid="5">mentioned</w>
  <w id="6" lemma="|in|" pos="IN" wid="6">in</w>
  <w id="7" lemma="|today|" pos="NN" wid="7">today</w>
  <w id="8" lemma="|'s|" pos="POS" wid="8">'s</w>
  <w id="9" lemma="|Gospel|" pos="NNP" wid="9">Gospel</w>
  <w id="10" lemma="|text|" pos="NN" wid="10">text</w>
  <w id="11" lemma="|,|" pos="," wid="11">,</w>
  <w id="12" lemma="|Christ|" pos="NNP" wid="12">Christ</w>
  <w id="13" lemma="|put|" pos="VBZ" wid="13">puts</w>
  <w id="14" lemma="|we|" pos="PRP" wid="14">us</w>
  <w id="15" lemma="|on|" pos="IN" wid="15">on</w>
  <w id="16" lemma="|guard|" pos="NN" wid="16">guard</w>
  <w id="17" lemma="|against|" pos="IN" wid="17">against</w>
  <w id="18" lemma="|the|" pos="DT" wid="18">the</w>
  <w id="19" lemma="|temptation|" pos="NN" wid="19">temptation</w>
  <w id="20" lemma="|to|" pos="TO" wid="20">to</w>
  <w id="21" lemma="|``|" pos="``" wid="21">``</w>
  <w id="22" lemma="|trade|" pos="VB" wid="22">trade</w>
  <w id="23" lemma="|''|" pos="''" wid="23">''</w>
  <w id="24" lemma="|even|" pos="RB" wid="24">even</w>
  <w id="25" lemma="|in|" pos="IN" wid="25">in</w>
  <w id="26" lemma="|religion|" pos="NN" wid="26">religion</w>
  <w id="27" lemma="|,|" pos="," wid="27">,</w>
  <w id="28" lemma="|by|" pos="IN" wid="28">by</w>
  <w id="29" lemma="|bend|" pos="VBG" wid="29">bending</w>
  <w id="30" lemma="|it|" pos="PRP" wid="30">it</w>
  <w id="31" lemma="|to|" pos="TO" wid="31">to</w>
  <w id="32" lemma="|wordly|" pos="RB" wid="32">wordly</w>
  <w id="33" lemma="|or|" pos="CC" wid="33">or</w>
  <w id="34" lemma="|in|" pos="IN" wid="34">in</w>
  <w id="35" lemma="|any|" pos="DT" wid="35">any</w>
  <w id="36" lemma="|case|" pos="NN" wid="36">case</w>
  <w id="37" lemma="|extraneous|" pos="JJ" wid="37">extraneous</w>
  <w id="38" lemma="|interest|" pos="NNS" wid="38">interests</w>
  <w id="39" lemma="|.|" pos="." wid="39">.</w>
</sentence>
<sentence id="8">
  <w id="0" lemma="|Christ|" pos="NNP" wid="0">Christ</w>
  <w id="1" lemma="|'s|" pos="POS" wid="1">'s</w>
  <w id="2" lemma="|voice|" pos="NN" wid="2">voice</w>
  <w id="3" lemma="|be|" pos="VBZ" wid="3">is</w>
  <w id="4" lemma="|also|" pos="RB" wid="4">also</w>
  <w id="5" lemma="|raise|" pos="VBN" wid="5">raised</w>
  <w id="6" lemma="|forcefully|" pos="RB" wid="6">forcefully</w>
  <w id="7" lemma="|against|" pos="IN" wid="7">against</w>
  <w id="8" lemma="|the|" pos="DT" wid="8">the</w>
  <w id="9" lemma="|``|" pos="``" wid="9">``</w>
  <w id="10" lemma="|temple|" pos="NN" wid="10">temple</w>
  <w id="11" lemma="|merchant|" pos="NNS" wid="11">merchants</w>
  <w id="12" lemma="|''|" pos="''" wid="12">''</w>
  <w id="13" lemma="|of|" pos="IN" wid="13">of</w>
  <w id="14" lemma="|we|" pos="PRP$" wid="14">our</w>
  <w id="15" lemma="|age|" pos="NN" wid="15">age</w>
  <w id="16" lemma="|,|" pos="," wid="16">,</w>
  <w id="17" lemma="|against|" pos="IN" wid="17">against</w>
  <w id="18" lemma="|all|" pos="DT" wid="18">all</w>
  <w id="19" lemma="|who|" pos="WP" wid="19">who</w>
  <w id="20" lemma="|make|" pos="VBP" wid="20">make</w>
  <w id="21" lemma="|the|" pos="DT" wid="21">the</w>
  <w id="22" lemma="|market|" pos="NN" wid="22">market</w>
  <w id="23" lemma="|they|" pos="PRP$" wid="23">their</w>
  <w id="24" lemma="|``|" pos="``" wid="24">``</w>
  <w id="25" lemma="|religion|" pos="NN" wid="25">religion</w>
  <w id="26" lemma="|''|" pos="''" wid="26">''</w>
  <w id="27" lemma="|,|" pos="," wid="27">,</w>
  <w id="28" lemma="|to|" pos="TO" wid="28">to</w>
  <w id="29" lemma="|the|" pos="DT" wid="29">the</w>
  <w id="30" lemma="|point|" pos="NN" wid="30">point</w>
  <w id="31" lemma="|of|" pos="IN" wid="31">of</w>
  <w id="32" lemma="|trample|" pos="VBG" wid="32">trampling</w>
  <w id="33" lemma="|on|" pos="IN" wid="33">on</w>
  <w id="34" lemma="|the|" pos="DT" wid="34">the</w>
  <w id="35" lemma="|dignity|" pos="NN" wid="35">dignity</w>
  <w id="36" lemma="|of|" pos="IN" wid="36">of</w>
  <w id="37" lemma="|the|" pos="DT" wid="37">the</w>
  <w id="38" lemma="|human|" pos="JJ" wid="38">human</w>
  <w id="39" lemma="|person|" pos="NN" wid="39">person</w>
  <w id="40" lemma="|with|" pos="IN" wid="40">with</w>
  <w id="41" lemma="|every|" pos="DT" wid="41">every</w>
  <w id="42" lemma="|sort|" pos="NN" wid="42">sort</w>
  <w id="43" lemma="|of|" pos="IN" wid="43">of</w>
  <w id="44" lemma="|abuse|" pos="NN" wid="44">abuse</w>
  <w id="45" lemma="|,|" pos="," wid="45">,</w>
  <w id="46" lemma="|in|" pos="IN" wid="46">in</w>
  <w id="47" lemma="|the|" pos="DT" wid="47">the</w>
  <w id="48" lemma="|name|" pos="NN" wid="48">name</w>
  <w id="49" lemma="|of|" pos="IN" wid="49">of</w>
  <w id="50" lemma="|``|" pos="``" wid="50">``</w>
  <w id="51" lemma="|the|" pos="DT" wid="51">the</w>
  <w id="52" lemma="|power-god|" pos="NN" wid="52">power-god</w>
  <w id="53" lemma="|,|" pos="," wid="53">,</w>
  <w id="54" lemma="|the|" pos="DT" wid="54">the</w>
  <w id="55" lemma="|money-god|" pos="NN" wid="55">money-god</w>
  <w id="56" lemma="|''|" pos="''" wid="56">''</w>
  <w id="57" lemma="|.|" pos="." wid="57">.</w>
</sentence>
<sentence id="9">
  <w id="0" lemma="|let|" pos="VB" wid="0">Let</w>
  <w id="1" lemma="|we|" pos="PRP" wid="1">us</w>
  <w id="2" lemma="|think|" pos="VB" wid="2">think</w>
  <w id="3" lemma="|,|" pos="," wid="3">,</w>
  <w id="4" lemma="|for|" pos="IN" wid="4">for</w>
  <w id="5" lemma="|example|" pos="NN" wid="5">example</w>
  <w id="6" lemma="|,|" pos="," wid="6">,</w>
  <w id="7" lemma="|of|" pos="IN" wid="7">of</w>
  <w id="8" lemma="|the|" pos="DT" wid="8">the</w>
  <w id="9" lemma="|lack|" pos="NN" wid="9">lack</w>
  <w id="10" lemma="|of|" pos="IN" wid="10">of</w>
  <w id="11" lemma="|respect|" pos="NN" wid="11">respect</w>
  <w id="12" lemma="|for|" pos="IN" wid="12">for</w>
  <w id="13" lemma="|life|" pos="NN" wid="13">life</w>
  <w id="14" lemma="|,|" pos="," wid="14">,</w>
  <w id="15" lemma="|which|" pos="WDT" wid="15">which</w>
  <w id="16" lemma="|be|" pos="VBZ" wid="16">is</w>
  <w id="17" lemma="|sometimes|" pos="RB" wid="17">sometimes</w>
  <w id="18" lemma="|the|" pos="DT" wid="18">the</w>
  <w id="19" lemma="|object|" pos="NN" wid="19">object</w>
  <w id="20" lemma="|of|" pos="IN" wid="20">of</w>
  <w id="21" lemma="|dangerous|" pos="JJ" wid="21">dangerous</w>
  <w id="22" lemma="|experimentation|" pos="NN" wid="22">experimentation</w>
  <w id="23" lemma="|;|" pos=":" wid="23">;</w>
  <w id="24" lemma="|let|" pos="VB" wid="24">let</w>
  <w id="25" lemma="|we|" pos="PRP" wid="25">us</w>
  <w id="26" lemma="|think|" pos="VB" wid="26">think</w>
  <w id="27" lemma="|of|" pos="IN" wid="27">of</w>
  <w id="28" lemma="|ecological|" pos="JJ" wid="28">ecological</w>
  <w id="29" lemma="|pollution|" pos="NN" wid="29">pollution</w>
  <w id="30" lemma="|,|" pos="," wid="30">,</w>
  <w id="31" lemma="|the|" pos="DT" wid="31">the</w>
  <w id="32" lemma="|commercialization|" pos="NN" wid="32">commercialization</w>
  <w id="33" lemma="|of|" pos="IN" wid="33">of</w>
  <w id="34" lemma="|sex|" pos="NN" wid="34">sex</w>
  <w id="35" lemma="|,|" pos="," wid="35">,</w>
  <w id="36" lemma="|drug|" pos="NN" wid="36">drug</w>
  <w id="37" lemma="|dealing|" pos="NN" wid="37">dealing</w>
  <w id="38" lemma="|and|" pos="CC" wid="38">and</w>
  <w id="39" lemma="|the|" pos="DT" wid="39">the</w>
  <w id="40" lemma="|exploitation|" pos="NN" wid="40">exploitation</w>
  <w id="41" lemma="|of|" pos="IN" wid="41">of</w>
  <w id="42" lemma="|child|" pos="NNS" wid="42">children</w>
  <w id="43" lemma="|and|" pos="CC" wid="43">and</w>
  <w id="44" lemma="|the|" pos="DT" wid="44">the</w>
  <w id="45" lemma="|poor|" pos="JJ" wid="45">poor</w>
  <w id="46" lemma="|.|" pos="." wid="46">.</w>
</sentence>
<sentence id="10">
  <w id="0" lemma="|2|" pos="CD" wid="0">2</w>
  <w id="1" lemma="|.|" pos="." wid="1">.</w>
</sentence>
<sentence id="11">
  <w id="0" lemma="|the|" pos="DT" wid="0">The</w>
  <w id="1" lemma="|Gospel|" pos="NNP" wid="1">Gospel</w>
  <w id="2" lemma="|passage|" pos="NN" wid="2">passage</w>
  <w id="3" lemma="|also|" pos="RB" wid="3">also</w>
  <w id="4" lemma="|have|" pos="VBZ" wid="4">has</w>
  <w id="5" lemma="|a|" pos="DT" wid="5">a</w>
  <w id="6" lemma="|more|" pos="RBR" wid="6">more</w>
  <w id="7" lemma="|specific|" pos="JJ" wid="7">specific</w>
  <w id="8" lemma="|meaning|" pos="NN" wid="8">meaning</w>
  <w id="9" lemma="|,|" pos="," wid="9">,</w>
  <w id="10" lemma="|which|" pos="WDT" wid="10">which</w>
  <w id="11" lemma="|refer|" pos="VBZ" wid="11">refers</w>
  <w id="12" lemma="|to|" pos="TO" wid="12">to</w>
  <w id="13" lemma="|the|" pos="DT" wid="13">the</w>
  <w id="14" lemma="|mystery|" pos="NN" wid="14">mystery</w>
  <w id="15" lemma="|of|" pos="IN" wid="15">of</w>
  <w id="16" lemma="|Christ|" pos="NNP" wid="16">Christ</w>
  <w id="17" lemma="|and|" pos="CC" wid="17">and</w>
  <w id="18" lemma="|announce|" pos="VBZ" wid="18">announces</w>
  <w id="19" lemma="|the|" pos="DT" wid="19">the</w>
  <w id="20" lemma="|joy|" pos="NN" wid="20">joy</w>
  <w id="21" lemma="|of|" pos="IN" wid="21">of</w>
  <w id="22" lemma="|Easter|" pos="NNP" wid="22">Easter</w>
  <w id="23" lemma="|.|" pos="." wid="23">.</w>
</sentence>
<sentence id="12">
  <w id="0" lemma="|reply|" pos="VBG" wid="0">Replying</w>
  <w id="1" lemma="|to|" pos="TO" wid="1">to</w>
  <w id="2" lemma="|those|" pos="DT" wid="2">those</w>
  <w id="3" lemma="|who|" pos="WP" wid="3">who</w>
  <w id="4" lemma="|ask|" pos="VBD" wid="4">asked</w>
  <w id="5" lemma="|he|" pos="PRP" wid="5">him</w>
  <w id="6" lemma="|to|" pos="TO" wid="6">to</w>
  <w id="7" lemma="|confirm|" pos="VB" wid="7">confirm</w>
  <w id="8" lemma="|he|" pos="PRP$" wid="8">his</w>
  <w id="9" lemma="|prophecy|" pos="NN" wid="9">prophecy</w>
  <w id="10" lemma="|with|" pos="IN" wid="10">with</w>
  <w id="11" lemma="|a|" pos="DT" wid="11">a</w>
  <w id="12" lemma="|sign|" pos="NN" wid="12">sign</w>
  <w id="13" lemma="|,|" pos="," wid="13">,</w>
  <w id="14" lemma="|Jesus|" pos="NNP" wid="14">Jesus</w>
  <w id="15" lemma="|pose|" pos="VBZ" wid="15">poses</w>
  <w id="16" lemma="|a|" pos="DT" wid="16">a</w>
  <w id="17" lemma="|sort|" pos="NN" wid="17">sort</w>
  <w id="18" lemma="|of|" pos="IN" wid="18">of</w>
  <w id="19" lemma="|challenge|" pos="NN" wid="19">challenge</w>
  <w id="20" lemma="|:|" pos=":" wid="20">:</w>
  <w id="21" lemma="|``|" pos="``" wid="21">``</w>
  <w id="22" lemma="|destroy|" pos="VB" wid="22">Destroy</w>
  <w id="23" lemma="|this|" pos="DT" wid="23">this</w>
  <w id="24" lemma="|temple|" pos="NN" wid="24">temple</w>
  <w id="25" lemma="|,|" pos="," wid="25">,</w>
  <w id="26" lemma="|and|" pos="CC" wid="26">and</w>
  <w id="27" lemma="|in|" pos="IN" wid="27">in</w>
  <w id="28" lemma="|three|" pos="CD" wid="28">three</w>
  <w id="29" lemma="|day|" pos="NNS" wid="29">days</w>
  <w id="30" lemma="|I|" pos="PRP" wid="30">I</w>
  <w id="31" lemma="|will|" pos="MD" wid="31">will</w>
  <w id="32" lemma="|raise|" pos="VB" wid="32">raise</w>
  <w id="33" lemma="|it|" pos="PRP" wid="33">it</w>
  <w id="34" lemma="|up|" pos="RP" wid="34">up</w>
  <w id="35" lemma="|''|" pos="''" wid="35">''</w>
  <w id="36" lemma="|-lrb-|" pos="-LRB-" wid="36">-LRB-</w>
  <w id="37" lemma="|jn|" pos="NN" wid="37">Jn</w>
  <w id="38" lemma="|2:19|" pos="CD" wid="38">2:19</w>
  <w id="39" lemma="|-rrb-|" pos="-RRB-" wid="39">-RRB-</w>
  <w id="40" lemma="|.|" pos="." wid="40">.</w>
</sentence>
<sentence id="13">
  <w id="0" lemma="|the|" pos="DT" wid="0">The</w>
  <w id="1" lemma="|same|" pos="JJ" wid="1">same</w>
  <w id="2" lemma="|evangelist|" pos="NN" wid="2">Evangelist</w>
  <w id="3" lemma="|note|" pos="NNS" wid="3">notes</w>
  <w id="4" lemma="|that|" pos="IN" wid="4">that</w>
  <w id="5" lemma="|he|" pos="PRP" wid="5">he</w>
  <w id="6" lemma="|be|" pos="VBD" wid="6">was</w>
  <w id="7" lemma="|speak|" pos="VBG" wid="7">speaking</w>
  <w id="8" lemma="|of|" pos="IN" wid="8">of</w>
  <w id="9" lemma="|he|" pos="PRP$" wid="9">his</w>
  <w id="10" lemma="|body|" pos="NN" wid="10">body</w>
  <w id="11" lemma="|,|" pos="," wid="11">,</w>
  <w id="12" lemma="|allude|" pos="VBG" wid="12">alluding</w>
  <w id="13" lemma="|to|" pos="TO" wid="13">to</w>
  <w id="14" lemma="|he|" pos="PRP$" wid="14">his</w>
  <w id="15" lemma="|future|" pos="JJ" wid="15">future</w>
  <w id="16" lemma="|resurrection|" pos="NN" wid="16">Resurrection</w>
  <w id="17" lemma="|.|" pos="." wid="17">.</w>
</sentence>
<sentence id="14">
  <w id="0" lemma="|Christ|" pos="NNP" wid="0">Christ</w>
  <w id="1" lemma="|'s|" pos="POS" wid="1">'s</w>
  <w id="2" lemma="|humanity|" pos="NN" wid="2">humanity</w>
  <w id="3" lemma="|be|" pos="VBZ" wid="3">is</w>
  <w id="4" lemma="|thus|" pos="RB" wid="4">thus</w>
  <w id="5" lemma="|present|" pos="VBN" wid="5">presented</w>
  <w id="6" lemma="|as|" pos="IN" wid="6">as</w>
  <w id="7" lemma="|the|" pos="DT" wid="7">the</w>
  <w id="8" lemma="|true|" pos="JJ" wid="8">true</w>
  <w id="9" lemma="|``|" pos="``" wid="9">``</w>
  <w id="10" lemma="|temple|" pos="NN" wid="10">temple</w>
  <w id="11" lemma="|''|" pos="''" wid="11">''</w>
  <w id="12" lemma="|,|" pos="," wid="12">,</w>
  <w id="13" lemma="|the|" pos="DT" wid="13">the</w>
  <w id="14" lemma="|live|" pos="VBG" wid="14">living</w>
  <w id="15" lemma="|house|" pos="NN" wid="15">house</w>
  <w id="16" lemma="|of|" pos="IN" wid="16">of</w>
  <w id="17" lemma="|God|" pos="NNP" wid="17">God</w>
  <w id="18" lemma="|.|" pos="." wid="18">.</w>
</sentence>
<sentence id="15">
  <w id="0" lemma="|it|" pos="PRP" wid="0">It</w>
  <w id="1" lemma="|would|" pos="MD" wid="1">would</w>
  <w id="2" lemma="|be|" pos="VB" wid="2">be</w>
  <w id="3" lemma="|``|" pos="``" wid="3">``</w>
  <w id="4" lemma="|destroy|" pos="VBN" wid="4">destroyed</w>
  <w id="5" lemma="|''|" pos="''" wid="5">''</w>
  <w id="6" lemma="|on|" pos="IN" wid="6">on</w>
  <w id="7" lemma="|Golgotha|" pos="NNP" wid="7">Golgotha</w>
  <w id="8" lemma="|,|" pos="," wid="8">,</w>
  <w id="9" lemma="|but|" pos="CC" wid="9">but</w>
  <w id="10" lemma="|immediately|" pos="RB" wid="10">immediately</w>
  <w id="11" lemma="|``|" pos="``" wid="11">``</w>
  <w id="12" lemma="|rebuilt|" pos="NN" wid="12">rebuilt</w>
  <w id="13" lemma="|''|" pos="''" wid="13">''</w>
  <w id="14" lemma="|in|" pos="IN" wid="14">in</w>
  <w id="15" lemma="|glory|" pos="NN" wid="15">glory</w>
  <w id="16" lemma="|,|" pos="," wid="16">,</w>
  <w id="17" lemma="|to|" pos="TO" wid="17">to</w>
  <w id="18" lemma="|be|" pos="VB" wid="18">be</w>
  <w id="19" lemma="|the|" pos="DT" wid="19">the</w>
  <w id="20" lemma="|spiritual|" pos="JJ" wid="20">spiritual</w>
  <w id="21" lemma="|dwelling|" pos="NN" wid="21">dwelling</w>
  <w id="22" lemma="|place|" pos="NN" wid="22">place</w>
  <w id="23" lemma="|of|" pos="IN" wid="23">of</w>
  <w id="24" lemma="|all|" pos="DT" wid="24">all</w>
  <w id="25" lemma="|who|" pos="WP" wid="25">who</w>
  <w id="26" lemma="|accept|" pos="VBP" wid="26">accept</w>
  <w id="27" lemma="|the|" pos="DT" wid="27">the</w>
  <w id="28" lemma="|Gospel|" pos="NNP" wid="28">Gospel</w>
  <w id="29" lemma="|message|" pos="NN" wid="29">message</w>
  <w id="30" lemma="|and|" pos="CC" wid="30">and</w>
  <w id="31" lemma="|let|" pos="VB" wid="31">let</w>
  <w id="32" lemma="|themselves|" pos="PRP" wid="32">themselves</w>
  <w id="33" lemma="|be|" pos="VB" wid="33">be</w>
  <w id="34" lemma="|form|" pos="VBN" wid="34">formed</w>
  <w id="35" lemma="|by|" pos="IN" wid="35">by</w>
  <w id="36" lemma="|the|" pos="DT" wid="36">the</w>
  <w id="37" lemma="|spirit|" pos="NN" wid="37">Spirit</w>
  <w id="38" lemma="|of|" pos="IN" wid="38">of</w>
  <w id="39" lemma="|God|" pos="NNP" wid="39">God</w>
  <w id="40" lemma="|.|" pos="." wid="40">.</w>
</sentence>
<sentence id="16">
  <w id="0" lemma="|3|" pos="LS" wid="0">3</w>
  <w id="1" lemma="|.|" pos="." wid="1">.</w>
</sentence>
<sentence id="17">
  <w id="0" lemma="|May|" pos="NNP" wid="0">May</w>
  <w id="1" lemma="|the|" pos="DT" wid="1">the</w>
  <w id="2" lemma="|Blessed|" pos="NNP" wid="2">Blessed</w>
  <w id="3" lemma="|Virgin|" pos="NNP" wid="3">Virgin</w>
  <w id="4" lemma="|help|" pos="VB" wid="4">help</w>
  <w id="5" lemma="|we|" pos="PRP" wid="5">us</w>
  <w id="6" lemma="|to|" pos="TO" wid="6">to</w>
  <w id="7" lemma="|accept|" pos="VB" wid="7">accept</w>
  <w id="8" lemma="|she|" pos="PRP" wid="8">her</w>
  <w id="9" lemma="|divine|" pos="VB" wid="9">divine</w>
  <w id="10" lemma="|Son|" pos="NNP" wid="10">Son</w>
  <w id="11" lemma="|'s|" pos="POS" wid="11">'s</w>
  <w id="12" lemma="|word|" pos="NNS" wid="12">words</w>
  <w id="13" lemma="|.|" pos="." wid="13">.</w>
</sentence>
<sentence id="18">
  <w id="0" lemma="|Mary|" pos="NNP" wid="0">Mary</w>
  <w id="1" lemma="|'s|" pos="POS" wid="1">'s</w>
  <w id="2" lemma="|mission|" pos="NN" wid="2">mission</w>
  <w id="3" lemma="|be|" pos="VBZ" wid="3">is</w>
  <w id="4" lemma="|precisely|" pos="RB" wid="4">precisely</w>
  <w id="5" lemma="|to|" pos="TO" wid="5">to</w>
  <w id="6" lemma="|lead|" pos="VB" wid="6">lead</w>
  <w id="7" lemma="|we|" pos="PRP" wid="7">us</w>
  <w id="8" lemma="|to|" pos="TO" wid="8">to</w>
  <w id="9" lemma="|he|" pos="PRP" wid="9">him</w>
  <w id="10" lemma="|,|" pos="," wid="10">,</w>
  <w id="11" lemma="|repeat|" pos="VBG" wid="11">repeating</w>
  <w id="12" lemma="|to|" pos="TO" wid="12">to</w>
  <w id="13" lemma="|we|" pos="PRP" wid="13">us</w>
  <w id="14" lemma="|the|" pos="DT" wid="14">the</w>
  <w id="15" lemma="|invitation|" pos="NN" wid="15">invitation</w>
  <w id="16" lemma="|she|" pos="PRP" wid="16">she</w>
  <w id="17" lemma="|give|" pos="VBD" wid="17">gave</w>
  <w id="18" lemma="|the|" pos="DT" wid="18">the</w>
  <w id="19" lemma="|servant|" pos="NNS" wid="19">servants</w>
  <w id="20" lemma="|in|" pos="IN" wid="20">in</w>
  <w id="21" lemma="|Cana|" pos="NNP" wid="21">Cana</w>
  <w id="22" lemma="|:|" pos=":" wid="22">:</w>
  <w id="23" lemma="|``|" pos="``" wid="23">``</w>
  <w id="24" lemma="|do|" pos="VBP" wid="24">Do</w>
  <w id="25" lemma="|whatever|" pos="WDT" wid="25">whatever</w>
  <w id="26" lemma="|he|" pos="PRP" wid="26">he</w>
  <w id="27" lemma="|tell|" pos="VBZ" wid="27">tells</w>
  <w id="28" lemma="|you|" pos="PRP" wid="28">you</w>
  <w id="29" lemma="|''|" pos="''" wid="29">''</w>
  <w id="30" lemma="|-lrb-|" pos="-LRB-" wid="30">-LRB-</w>
  <w id="31" lemma="|jn|" pos="NN" wid="31">Jn</w>
  <w id="32" lemma="|2:5|" pos="CD" wid="32">2:5</w>
  <w id="33" lemma="|-rrb-|" pos="-RRB-" wid="33">-RRB-</w>
  <w id="34" lemma="|.|" pos="." wid="34">.</w>
</sentence>
<sentence id="19">
  <w id="0" lemma="|let|" pos="VB" wid="0">Let</w>
  <w id="1" lemma="|we|" pos="PRP" wid="1">us</w>
  <w id="2" lemma="|listen|" pos="VB" wid="2">listen</w>
  <w id="3" lemma="|to|" pos="TO" wid="3">to</w>
  <w id="4" lemma="|she|" pos="PRP$" wid="4">her</w>
  <w id="5" lemma="|motherly|" pos="JJ" wid="5">motherly</w>
  <w id="6" lemma="|voice|" pos="NN" wid="6">voice</w>
  <w id="7" lemma="|!|" pos="." wid="7">!</w>
</sentence>
<sentence id="20">
  <w id="0" lemma="|Mary|" pos="NNP" wid="0">Mary</w>
  <w id="1" lemma="|know|" pos="VBZ" wid="1">knows</w>
  <w id="2" lemma="|well|" pos="RB" wid="2">well</w>
  <w id="3" lemma="|that|" pos="IN" wid="3">that</w>
  <w id="4" lemma="|the|" pos="DT" wid="4">the</w>
  <w id="5" lemma="|demand|" pos="NNS" wid="5">demands</w>
  <w id="6" lemma="|of|" pos="IN" wid="6">of</w>
  <w id="7" lemma="|the|" pos="DT" wid="7">the</w>
  <w id="8" lemma="|Gospel|" pos="NNP" wid="8">Gospel</w>
  <w id="9" lemma="|,|" pos="," wid="9">,</w>
  <w id="10" lemma="|even|" pos="RB" wid="10">even</w>
  <w id="11" lemma="|when|" pos="WRB" wid="11">when</w>
  <w id="12" lemma="|weighty|" pos="JJ" wid="12">weighty</w>
  <w id="13" lemma="|and|" pos="CC" wid="13">and</w>
  <w id="14" lemma="|severe|" pos="JJ" wid="14">severe</w>
  <w id="15" lemma="|,|" pos="," wid="15">,</w>
  <w id="16" lemma="|be|" pos="VBP" wid="16">are</w>
  <w id="17" lemma="|the|" pos="DT" wid="17">the</w>
  <w id="18" lemma="|secret|" pos="NN" wid="18">secret</w>
  <w id="19" lemma="|of|" pos="IN" wid="19">of</w>
  <w id="20" lemma="|true|" pos="JJ" wid="20">true</w>
  <w id="21" lemma="|freedom|" pos="NN" wid="21">freedom</w>
  <w id="22" lemma="|and|" pos="CC" wid="22">and</w>
  <w id="23" lemma="|of|" pos="IN" wid="23">of</w>
  <w id="24" lemma="|we|" pos="PRP$" wid="24">our</w>
  <w id="25" lemma="|authentic|" pos="JJ" wid="25">authentic</w>
  <w id="26" lemma="|joy|" pos="NN" wid="26">joy</w>
  <w id="27" lemma="|.|" pos="." wid="27">.</w>
</sentence>
</corpus>