<corpus id="0">
<sentence id="0">
  <w id="0" lemma="|1|" pos="CD" wid="0">1</w>
  <w id="1" lemma="|.|" pos="." wid="1">.</w>
</sentence>
<sentence id="1">
  <w id="0" lemma="|at|" pos="IN" wid="0">At</w>
  <w id="1" lemma="|the|" pos="DT" wid="1">the</w>
  <w id="2" lemma="|end|" pos="NN" wid="2">end</w>
  <w id="3" lemma="|of|" pos="IN" wid="3">of</w>
  <w id="4" lemma="|this|" pos="DT" wid="4">this</w>
  <w id="5" lemma="|solemn|" pos="JJ" wid="5">solemn</w>
  <w id="6" lemma="|celebration|" pos="NN" wid="6">celebration</w>
  <w id="7" lemma="|,|" pos="," wid="7">,</w>
  <w id="8" lemma="|I|" pos="PRP" wid="8">I</w>
  <w id="9" lemma="|warmly|" pos="RB" wid="9">warmly</w>
  <w id="10" lemma="|thank|" pos="VB" wid="10">thank</w>
  <w id="11" lemma="|you|" pos="PRP" wid="11">you</w>
  <w id="12" lemma="|all|" pos="DT" wid="12">all</w>
  <w id="13" lemma="|,|" pos="," wid="13">,</w>
  <w id="14" lemma="|dear|" pos="RB" wid="14">dear</w>
  <w id="15" lemma="|faithful|" pos="JJ" wid="15">faithful</w>
  <w id="16" lemma="|and|" pos="CC" wid="16">and</w>
  <w id="17" lemma="|pilgrim|" pos="NNS" wid="17">pilgrims</w>
  <w id="18" lemma="|who|" pos="WP" wid="18">who</w>
  <w id="19" lemma="|have|" pos="VBP" wid="19">have</w>
  <w id="20" lemma="|come|" pos="VBN" wid="20">come</w>
  <w id="21" lemma="|to|" pos="TO" wid="21">to</w>
  <w id="22" lemma="|honour|" pos="VB" wid="22">honour</w>
  <w id="23" lemma="|the|" pos="DT" wid="23">the</w>
  <w id="24" lemma="|new|" pos="JJ" wid="24">new</w>
  <w id="25" lemma="|saint|" pos="NNS" wid="25">saints</w>
  <w id="26" lemma="|,|" pos="," wid="26">,</w>
  <w id="27" lemma="|whom|" pos="WP" wid="27">whom</w>
  <w id="28" lemma="|the|" pos="DT" wid="28">the</w>
  <w id="29" lemma="|Church|" pos="NNP" wid="29">Church</w>
  <w id="30" lemma="|hold|" pos="VBZ" wid="30">holds</w>
  <w id="31" lemma="|up|" pos="RP" wid="31">up</w>
  <w id="32" lemma="|as|" pos="IN" wid="32">as</w>
  <w id="33" lemma="|example|" pos="NNS" wid="33">examples</w>
  <w id="34" lemma="|to|" pos="TO" wid="34">to</w>
  <w id="35" lemma="|follow|" pos="VB" wid="35">follow</w>
  <w id="36" lemma="|and|" pos="CC" wid="36">and</w>
  <w id="37" lemma="|intercessor|" pos="NNS" wid="37">intercessors</w>
  <w id="38" lemma="|to|" pos="TO" wid="38">to</w>
  <w id="39" lemma="|call|" pos="VB" wid="39">call</w>
  <w id="40" lemma="|upon|" pos="IN" wid="40">upon</w>
  <w id="41" lemma="|.|" pos="." wid="41">.</w>
</sentence>
<sentence id="2">
  <w id="0" lemma="|before|" pos="IN" wid="0">Before</w>
  <w id="1" lemma="|the|" pos="DT" wid="1">the</w>
  <w id="2" lemma="|usual|" pos="JJ" wid="2">usual</w>
  <w id="3" lemma="|recitation|" pos="NN" wid="3">recitation</w>
  <w id="4" lemma="|of|" pos="IN" wid="4">of</w>
  <w id="5" lemma="|the|" pos="DT" wid="5">the</w>
  <w id="6" lemma="|Regina|" pos="NNP" wid="6">Regina</w>
  <w id="7" lemma="|Caeli|" pos="NNP" wid="7">Caeli</w>
  <w id="8" lemma="|,|" pos="," wid="8">,</w>
  <w id="9" lemma="|I|" pos="PRP" wid="9">I</w>
  <w id="10" lemma="|would|" pos="MD" wid="10">would</w>
  <w id="11" lemma="|like|" pos="VB" wid="11">like</w>
  <w id="12" lemma="|to|" pos="TO" wid="12">to</w>
  <w id="13" lemma="|mention|" pos="VB" wid="13">mention</w>
  <w id="14" lemma="|the|" pos="DT" wid="14">the</w>
  <w id="15" lemma="|tender|" pos="NN" wid="15">tender</w>
  <w id="16" lemma="|and|" pos="CC" wid="16">and</w>
  <w id="17" lemma="|filial|" pos="JJ" wid="17">filial</w>
  <w id="18" lemma="|love|" pos="NN" wid="18">love</w>
  <w id="19" lemma="|they|" pos="PRP" wid="19">they</w>
  <w id="20" lemma="|have|" pos="VBD" wid="20">had</w>
  <w id="21" lemma="|for|" pos="IN" wid="21">for</w>
  <w id="22" lemma="|the|" pos="DT" wid="22">the</w>
  <w id="23" lemma="|Virgin|" pos="NNP" wid="23">Virgin</w>
  <w id="24" lemma="|Mary|" pos="NNP" wid="24">Mary</w>
  <w id="25" lemma="|.|" pos="." wid="25">.</w>
</sentence>
<sentence id="3">
  <w id="0" lemma="|St|" pos="NNP" wid="0">St</w>
  <w id="1" lemma="|Agostina|" pos="NNP" wid="1">Agostina</w>
  <w id="2" lemma="|Livia|" pos="NNP" wid="2">Livia</w>
  <w id="3" lemma="|Pietrantoni|" pos="NNP" wid="3">Pietrantoni</w>
  <w id="4" lemma="|jealously|" pos="RB" wid="4">jealously</w>
  <w id="5" lemma="|keep|" pos="VBD" wid="5">kept</w>
  <w id="6" lemma="|a|" pos="DT" wid="6">an</w>
  <w id="7" lemma="|image|" pos="NN" wid="7">image</w>
  <w id="8" lemma="|of|" pos="IN" wid="8">of</w>
  <w id="9" lemma="|we|" pos="PRP$" wid="9">Our</w>
  <w id="10" lemma="|lady|" pos="NN" wid="10">Lady</w>
  <w id="11" lemma="|at|" pos="IN" wid="11">at</w>
  <w id="12" lemma="|the|" pos="DT" wid="12">the</w>
  <w id="13" lemma="|hospital|" pos="NN" wid="13">hospital</w>
  <w id="14" lemma="|:|" pos=":" wid="14">:</w>
  <w id="15" lemma="|she|" pos="PRP" wid="15">she</w>
  <w id="16" lemma="|turn|" pos="VBD" wid="16">turned</w>
  <w id="17" lemma="|to|" pos="TO" wid="17">to</w>
  <w id="18" lemma="|she|" pos="PRP" wid="18">her</w>
  <w id="19" lemma="|with|" pos="IN" wid="19">with</w>
  <w id="20" lemma="|faith|" pos="NN" wid="20">faith</w>
  <w id="21" lemma="|and|" pos="CC" wid="21">and</w>
  <w id="22" lemma="|entrust|" pos="VBN" wid="22">entrusted</w>
  <w id="23" lemma="|to|" pos="TO" wid="23">to</w>
  <w id="24" lemma="|she|" pos="PRP$" wid="24">her</w>
  <w id="25" lemma="|the|" pos="DT" wid="25">the</w>
  <w id="26" lemma="|most|" pos="RBS" wid="26">most</w>
  <w id="27" lemma="|difficult|" pos="JJ" wid="27">difficult</w>
  <w id="28" lemma="|and|" pos="CC" wid="28">and</w>
  <w id="29" lemma="|seriously|" pos="RB" wid="29">seriously</w>
  <w id="30" lemma="|ill|" pos="JJ" wid="30">ill</w>
  <w id="31" lemma="|.|" pos="." wid="31">.</w>
</sentence>
<sentence id="4">
  <w id="0" lemma="|``|" pos="``" wid="0">``</w>
  <w id="1" lemma="|love|" pos="NN" wid="1">Love</w>
  <w id="2" lemma="|,|" pos="," wid="2">,</w>
  <w id="3" lemma="|love|" pos="NN" wid="3">love</w>
  <w id="4" lemma="|,|" pos="," wid="4">,</w>
  <w id="5" lemma="|love|" pos="NN" wid="5">love</w>
  <w id="6" lemma="|Mary|" pos="NNP" wid="6">Mary</w>
  <w id="7" lemma="|''|" pos="''" wid="7">''</w>
  <w id="8" lemma="|,|" pos="," wid="8">,</w>
  <w id="9" lemma="|St|" pos="NNP" wid="9">St</w>
  <w id="10" lemma="|Giovanni|" pos="NNP" wid="10">Giovanni</w>
  <w id="11" lemma="|Calabria|" pos="NNP" wid="11">Calabria</w>
  <w id="12" lemma="|use|" pos="VBD" wid="12">used</w>
  <w id="13" lemma="|to|" pos="TO" wid="13">to</w>
  <w id="14" lemma="|tell|" pos="VB" wid="14">tell</w>
  <w id="15" lemma="|he|" pos="PRP$" wid="15">his</w>
  <w id="16" lemma="|son|" pos="NNS" wid="16">sons</w>
  <w id="17" lemma="|,|" pos="," wid="17">,</w>
  <w id="18" lemma="|encourage|" pos="VBG" wid="18">encouraging</w>
  <w id="19" lemma="|they|" pos="PRP" wid="19">them</w>
  <w id="20" lemma="|to|" pos="TO" wid="20">to</w>
  <w id="21" lemma="|``|" pos="``" wid="21">``</w>
  <w id="22" lemma="|live|" pos="VB" wid="22">live</w>
  <w id="23" lemma="|''|" pos="''" wid="23">''</w>
  <w id="24" lemma="|and|" pos="CC" wid="24">and</w>
  <w id="25" lemma="|``|" pos="``" wid="25">``</w>
  <w id="26" lemma="|breathe|" pos="VB" wid="26">breathe</w>
  <w id="27" lemma="|''|" pos="''" wid="27">''</w>
  <w id="28" lemma="|Mary|" pos="NNP" wid="28">Mary</w>
  <w id="29" lemma="|.|" pos="." wid="29">.</w>
</sentence>
<sentence id="5">
  <w id="0" lemma="|as|" pos="IN" wid="0">As</w>
  <w id="1" lemma="|I|" pos="PRP" wid="1">I</w>
  <w id="2" lemma="|urge|" pos="VBP" wid="2">urge</w>
  <w id="3" lemma="|everyone|" pos="NN" wid="3">everyone</w>
  <w id="4" lemma="|to|" pos="TO" wid="4">to</w>
  <w id="5" lemma="|imitate|" pos="VB" wid="5">imitate</w>
  <w id="6" lemma="|they|" pos="PRP$" wid="6">their</w>
  <w id="7" lemma="|fervent|" pos="JJ" wid="7">fervent</w>
  <w id="8" lemma="|Marian|" pos="NNP" wid="8">Marian</w>
  <w id="9" lemma="|devotion|" pos="NN" wid="9">devotion</w>
  <w id="10" lemma="|,|" pos="," wid="10">,</w>
  <w id="11" lemma="|I|" pos="PRP" wid="11">I</w>
  <w id="12" lemma="|extend|" pos="VBP" wid="12">extend</w>
  <w id="13" lemma="|a|" pos="DT" wid="13">a</w>
  <w id="14" lemma="|special|" pos="JJ" wid="14">special</w>
  <w id="15" lemma="|greet|" pos="VBG" wid="15">greeting</w>
  <w id="16" lemma="|to|" pos="TO" wid="16">to</w>
  <w id="17" lemma="|the|" pos="DT" wid="17">the</w>
  <w id="18" lemma="|Poor|" pos="NNP" wid="18">Poor</w>
  <w id="19" lemma="|Servants|" pos="NNP" wid="19">Servants</w>
  <w id="20" lemma="|and|" pos="CC" wid="20">and</w>
  <w id="21" lemma="|Poor|" pos="NNP" wid="21">Poor</w>
  <w id="22" lemma="|Sister|" pos="NNP" wid="22">Sister</w>
  <w id="23" lemma="|Servants|" pos="NNP" wid="23">Servants</w>
  <w id="24" lemma="|of|" pos="IN" wid="24">of</w>
  <w id="25" lemma="|Divine|" pos="NNP" wid="25">Divine</w>
  <w id="26" lemma="|Providence|" pos="NNP" wid="26">Providence</w>
  <w id="27" lemma="|,|" pos="," wid="27">,</w>
  <w id="28" lemma="|and|" pos="CC" wid="28">and</w>
  <w id="29" lemma="|to|" pos="TO" wid="29">to</w>
  <w id="30" lemma="|the|" pos="DT" wid="30">the</w>
  <w id="31" lemma="|sister|" pos="NNS" wid="31">Sisters</w>
  <w id="32" lemma="|of|" pos="IN" wid="32">of</w>
  <w id="33" lemma="|Charity|" pos="NNP" wid="33">Charity</w>
  <w id="34" lemma="|of|" pos="IN" wid="34">of</w>
  <w id="35" lemma="|St|" pos="NNP" wid="35">St</w>
  <w id="36" lemma="|Joan|" pos="NNP" wid="36">Joan</w>
  <w id="37" lemma="|Antida|" pos="NNP" wid="37">Antida</w>
  <w id="38" lemma="|Thouret|" pos="NNP" wid="38">Thouret</w>
  <w id="39" lemma="|.|" pos="." wid="39">.</w>
</sentence>
<sentence id="6">
  <w id="0" lemma="|2|" pos="CD" wid="0">2</w>
  <w id="1" lemma="|.|" pos="." wid="1">.</w>
</sentence>
<sentence id="7">
  <w id="0" lemma="|I|" pos="PRP" wid="0">I</w>
  <w id="1" lemma="|be|" pos="VBP" wid="1">am</w>
  <w id="2" lemma="|pleased|" pos="JJ" wid="2">pleased</w>
  <w id="3" lemma="|to|" pos="TO" wid="3">to</w>
  <w id="4" lemma="|greet|" pos="VB" wid="4">greet</w>
  <w id="5" lemma="|you|" pos="PRP" wid="5">you</w>
  <w id="6" lemma="|pilgrim|" pos="NNS" wid="6">pilgrims</w>
  <w id="7" lemma="|who|" pos="WP" wid="7">who</w>
  <w id="8" lemma="|have|" pos="VBP" wid="8">have</w>
  <w id="9" lemma="|come|" pos="VBN" wid="9">come</w>
  <w id="10" lemma="|for|" pos="IN" wid="10">for</w>
  <w id="11" lemma="|the|" pos="DT" wid="11">the</w>
  <w id="12" lemma="|canonization|" pos="NN" wid="12">canonization</w>
  <w id="13" lemma="|of|" pos="IN" wid="13">of</w>
  <w id="14" lemma="|Marcellin|" pos="NNP" wid="14">Marcellin</w>
  <w id="15" lemma="|Champagnat|" pos="NNP" wid="15">Champagnat</w>
  <w id="16" lemma="|,|" pos="," wid="16">,</w>
  <w id="17" lemma="|especially|" pos="RB" wid="17">especially</w>
  <w id="18" lemma="|you|" pos="PRP" wid="18">you</w>
  <w id="19" lemma="|bishop|" pos="NNS" wid="19">Bishops</w>
  <w id="20" lemma="|,|" pos="," wid="20">,</w>
  <w id="21" lemma="|priest|" pos="NNS" wid="21">priests</w>
  <w id="22" lemma="|,|" pos="," wid="22">,</w>
  <w id="23" lemma="|Marist|" pos="NNP" wid="23">Marist</w>
  <w id="24" lemma="|Brothers|" pos="NNPS" wid="24">Brothers</w>
  <w id="25" lemma="|and|" pos="CC" wid="25">and</w>
  <w id="26" lemma="|other|" pos="JJ" wid="26">other</w>
  <w id="27" lemma="|member|" pos="NNS" wid="27">members</w>
  <w id="28" lemma="|of|" pos="IN" wid="28">of</w>
  <w id="29" lemma="|the|" pos="DT" wid="29">the</w>
  <w id="30" lemma="|Marist|" pos="NNP" wid="30">Marist</w>
  <w id="31" lemma="|family|" pos="NN" wid="31">family</w>
  <w id="32" lemma="|;|" pos=":" wid="32">;</w>
  <w id="33" lemma="|I|" pos="PRP" wid="33">I</w>
  <w id="34" lemma="|also|" pos="RB" wid="34">also</w>
  <w id="35" lemma="|greet|" pos="VBP" wid="35">greet</w>
  <w id="36" lemma="|they|" pos="PRP$" wid="36">their</w>
  <w id="37" lemma="|student|" pos="NNS" wid="37">students</w>
  <w id="38" lemma="|and|" pos="CC" wid="38">and</w>
  <w id="39" lemma="|former|" pos="JJ" wid="39">former</w>
  <w id="40" lemma="|student|" pos="NNS" wid="40">students</w>
  <w id="41" lemma="|.|" pos="." wid="41">.</w>
</sentence>
<sentence id="8">
  <w id="0" lemma="|May|" pos="NNP" wid="0">May</w>
  <w id="1" lemma="|the|" pos="DT" wid="1">the</w>
  <w id="2" lemma="|Blessed|" pos="NNP" wid="2">Blessed</w>
  <w id="3" lemma="|Virgin|" pos="NNP" wid="3">Virgin</w>
  <w id="4" lemma="|Mary|" pos="NNP" wid="4">Mary</w>
  <w id="5" lemma="|be|" pos="VB" wid="5">be</w>
  <w id="6" lemma="|for|" pos="IN" wid="6">for</w>
  <w id="7" lemma="|we|" pos="PRP" wid="7">us</w>
  <w id="8" lemma="|all|" pos="DT" wid="8">all</w>
  <w id="9" lemma="|``|" pos="``" wid="9">``</w>
  <w id="10" lemma="|we|" pos="PRP$" wid="10">our</w>
  <w id="11" lemma="|ordinary|" pos="JJ" wid="11">ordinary</w>
  <w id="12" lemma="|resource|" pos="NN" wid="12">resource</w>
  <w id="13" lemma="|''|" pos="''" wid="13">''</w>
  <w id="14" lemma="|,|" pos="," wid="14">,</w>
  <w id="15" lemma="|as|" pos="IN" wid="15">as</w>
  <w id="16" lemma="|Fr|" pos="NNP" wid="16">Fr</w>
  <w id="17" lemma="|Champagnat|" pos="NNP" wid="17">Champagnat</w>
  <w id="18" lemma="|like|" pos="VBD" wid="18">liked</w>
  <w id="19" lemma="|to|" pos="TO" wid="19">to</w>
  <w id="20" lemma="|say|" pos="VB" wid="20">say</w>
  <w id="21" lemma="|with|" pos="IN" wid="21">with</w>
  <w id="22" lemma="|confidence|" pos="NN" wid="22">confidence</w>
  <w id="23" lemma="|!|" pos="." wid="23">!</w>
</sentence>
<sentence id="9">
  <w id="0" lemma="|``|" pos="``" wid="0">``</w>
  <w id="1" lemma="|all|" pos="DT" wid="1">All</w>
  <w id="2" lemma="|for|" pos="IN" wid="2">for</w>
  <w id="3" lemma="|Jesus|" pos="NNP" wid="3">Jesus</w>
  <w id="4" lemma="|through|" pos="IN" wid="4">through</w>
  <w id="5" lemma="|Mary|" pos="NNP" wid="5">Mary</w>
  <w id="6" lemma="|and|" pos="CC" wid="6">and</w>
  <w id="7" lemma="|all|" pos="DT" wid="7">all</w>
  <w id="8" lemma="|for|" pos="IN" wid="8">for</w>
  <w id="9" lemma="|Mary|" pos="NNP" wid="9">Mary</w>
  <w id="10" lemma="|through|" pos="IN" wid="10">through</w>
  <w id="11" lemma="|Jesus|" pos="NNP" wid="11">Jesus</w>
  <w id="12" lemma="|''|" pos="''" wid="12">''</w>
  <w id="13" lemma="|;|" pos=":" wid="13">;</w>
  <w id="14" lemma="|may|" pos="MD" wid="14">may</w>
  <w id="15" lemma="|we|" pos="PRP$" wid="15">our</w>
  <w id="16" lemma="|Marian|" pos="NNP" wid="16">Marian</w>
  <w id="17" lemma="|spirituality|" pos="NN" wid="17">spirituality</w>
  <w id="18" lemma="|be|" pos="VB" wid="18">be</w>
  <w id="19" lemma="|inspire|" pos="VBN" wid="19">inspired</w>
  <w id="20" lemma="|by|" pos="IN" wid="20">by</w>
  <w id="21" lemma="|the|" pos="DT" wid="21">the</w>
  <w id="22" lemma="|new|" pos="JJ" wid="22">new</w>
  <w id="23" lemma="|saint|" pos="NN" wid="23">saint</w>
  <w id="24" lemma="|'s|" pos="POS" wid="24">'s</w>
  <w id="25" lemma="|motto|" pos="NN" wid="25">motto</w>
  <w id="26" lemma="|,|" pos="," wid="26">,</w>
  <w id="27" lemma="|so|" pos="IN" wid="27">so</w>
  <w id="28" lemma="|that|" pos="IN" wid="28">that</w>
  <w id="29" lemma="|each|" pos="DT" wid="29">each</w>
  <w id="30" lemma="|day|" pos="NN" wid="30">day</w>
  <w id="31" lemma="|we|" pos="PRP" wid="31">we</w>
  <w id="32" lemma="|in|" pos="IN" wid="32">in</w>
  <w id="33" lemma="|turn|" pos="NN" wid="33">turn</w>
  <w id="34" lemma="|can|" pos="MD" wid="34">can</w>
  <w id="35" lemma="|continue|" pos="VB" wid="35">continue</w>
  <w id="36" lemma="|with|" pos="IN" wid="36">with</w>
  <w id="37" lemma="|humility|" pos="NN" wid="37">humility</w>
  <w id="38" lemma="|and|" pos="CC" wid="38">and</w>
  <w id="39" lemma="|fidelity|" pos="NN" wid="39">fidelity</w>
  <w id="40" lemma="|on|" pos="IN" wid="40">on</w>
  <w id="41" lemma="|the|" pos="DT" wid="41">the</w>
  <w id="42" lemma="|path|" pos="NN" wid="42">path</w>
  <w id="43" lemma="|of|" pos="IN" wid="43">of</w>
  <w id="44" lemma="|holiness|" pos="NN" wid="44">holiness</w>
  <w id="45" lemma="|!|" pos="." wid="45">!</w>
</sentence>
<sentence id="10">
  <w id="0" lemma="|3|" pos="LS" wid="0">3</w>
  <w id="1" lemma="|.|" pos="." wid="1">.</w>
</sentence>
<sentence id="11">
  <w id="0" lemma="|May|" pos="NNP" wid="0">May</w>
  <w id="1" lemma="|Mary|" pos="NNP" wid="1">Mary</w>
  <w id="2" lemma="|,|" pos="," wid="2">,</w>
  <w id="3" lemma="|whom|" pos="WP" wid="3">whom</w>
  <w id="4" lemma="|we|" pos="PRP" wid="4">we</w>
  <w id="5" lemma="|invoke|" pos="VBP" wid="5">invoke</w>
  <w id="6" lemma="|as|" pos="IN" wid="6">as</w>
  <w id="7" lemma="|Queen|" pos="NNP" wid="7">Queen</w>
  <w id="8" lemma="|of|" pos="IN" wid="8">of</w>
  <w id="9" lemma="|Peace|" pos="NNP" wid="9">Peace</w>
  <w id="10" lemma="|in|" pos="IN" wid="10">in</w>
  <w id="11" lemma="|these|" pos="DT" wid="11">these</w>
  <w id="12" lemma="|day|" pos="NNS" wid="12">days</w>
  <w id="13" lemma="|of|" pos="IN" wid="13">of</w>
  <w id="14" lemma="|deep|" pos="JJ" wid="14">deep</w>
  <w id="15" lemma="|anxiety|" pos="NN" wid="15">anxiety</w>
  <w id="16" lemma="|over|" pos="IN" wid="16">over</w>
  <w id="17" lemma="|the|" pos="DT" wid="17">the</w>
  <w id="18" lemma="|conflict|" pos="NN" wid="18">conflict</w>
  <w id="19" lemma="|in|" pos="IN" wid="19">in</w>
  <w id="20" lemma="|Yugoslavia|" pos="NNP" wid="20">Yugoslavia</w>
  <w id="21" lemma="|,|" pos="," wid="21">,</w>
  <w id="22" lemma="|obtain|" pos="VB" wid="22">obtain</w>
  <w id="23" lemma="|the|" pos="DT" wid="23">the</w>
  <w id="24" lemma="|precious|" pos="JJ" wid="24">precious</w>
  <w id="25" lemma="|gift|" pos="NN" wid="25">gift</w>
  <w id="26" lemma="|of|" pos="IN" wid="26">of</w>
  <w id="27" lemma="|peace|" pos="NN" wid="27">peace</w>
  <w id="28" lemma="|,|" pos="," wid="28">,</w>
  <w id="29" lemma="|especially|" pos="RB" wid="29">especially</w>
  <w id="30" lemma="|for|" pos="IN" wid="30">for</w>
  <w id="31" lemma="|that|" pos="DT" wid="31">that</w>
  <w id="32" lemma="|beloved|" pos="JJ" wid="32">beloved</w>
  <w id="33" lemma="|suffering|" pos="NN" wid="33">suffering</w>
  <w id="34" lemma="|and|" pos="CC" wid="34">and</w>
  <w id="35" lemma="|tortured|" pos="JJ" wid="35">tortured</w>
  <w id="36" lemma="|land|" pos="NN" wid="36">land</w>
  <w id="37" lemma="|.|" pos="." wid="37">.</w>
</sentence>
<sentence id="12">
  <w id="0" lemma="|may|" pos="MD" wid="0">May</w>
  <w id="1" lemma="|the|" pos="DT" wid="1">the</w>
  <w id="2" lemma="|power|" pos="NN" wid="2">power</w>
  <w id="3" lemma="|of|" pos="IN" wid="3">of</w>
  <w id="4" lemma="|peaceful|" pos="JJ" wid="4">peaceful</w>
  <w id="5" lemma="|coexistence|" pos="NN" wid="5">coexistence</w>
  <w id="6" lemma="|and|" pos="CC" wid="6">and</w>
  <w id="7" lemma="|dialogue|" pos="NN" wid="7">dialogue</w>
  <w id="8" lemma="|prevail|" pos="VBP" wid="8">prevail</w>
  <w id="9" lemma="|over|" pos="IN" wid="9">over</w>
  <w id="10" lemma="|ethnic|" pos="JJ" wid="10">ethnic</w>
  <w id="11" lemma="|oppression|" pos="NN" wid="11">oppression</w>
  <w id="12" lemma="|and|" pos="CC" wid="12">and</w>
  <w id="13" lemma="|the|" pos="DT" wid="13">the</w>
  <w id="14" lemma="|violence|" pos="NN" wid="14">violence</w>
  <w id="15" lemma="|of|" pos="IN" wid="15">of</w>
  <w id="16" lemma="|arm|" pos="NNS" wid="16">arms</w>
  <w id="17" lemma="|!|" pos="." wid="17">!</w>
</sentence>
</corpus>