<corpus id="0">
<sentence id="0">
  <w id="0" lemma="|at|" pos="IN" wid="0">At</w>
  <w id="1" lemma="|the|" pos="DT" wid="1">the</w>
  <w id="2" lemma="|end|" pos="NN" wid="2">end</w>
  <w id="3" lemma="|of|" pos="IN" wid="3">of</w>
  <w id="4" lemma="|this|" pos="DT" wid="4">this</w>
  <w id="5" lemma="|solemn|" pos="JJ" wid="5">solemn</w>
  <w id="6" lemma="|celebration|" pos="NN" wid="6">celebration</w>
  <w id="7" lemma="|,|" pos="," wid="7">,</w>
  <w id="8" lemma="|I|" pos="PRP" wid="8">I</w>
  <w id="9" lemma="|desire|" pos="VBP" wid="9">desire</w>
  <w id="10" lemma="|to|" pos="TO" wid="10">to</w>
  <w id="11" lemma="|greet|" pos="VB" wid="11">greet</w>
  <w id="12" lemma="|cordially|" pos="RB" wid="12">cordially</w>
  <w id="13" lemma="|and|" pos="CC" wid="13">and</w>
  <w id="14" lemma="|thank|" pos="VB" wid="14">thank</w>
  <w id="15" lemma="|all|" pos="PDT" wid="15">all</w>
  <w id="16" lemma="|the|" pos="DT" wid="16">the</w>
  <w id="17" lemma="|pilgrim|" pos="NNS" wid="17">pilgrims</w>
  <w id="18" lemma="|who|" pos="WP" wid="18">who</w>
  <w id="19" lemma="|have|" pos="VBP" wid="19">have</w>
  <w id="20" lemma="|gather|" pos="VBN" wid="20">gathered</w>
  <w id="21" lemma="|here|" pos="RB" wid="21">here</w>
  <w id="22" lemma="|to|" pos="TO" wid="22">to</w>
  <w id="23" lemma="|honour|" pos="VB" wid="23">honour</w>
  <w id="24" lemma="|the|" pos="DT" wid="24">the</w>
  <w id="25" lemma="|new|" pos="JJ" wid="25">new</w>
  <w id="26" lemma="|blessed|" pos="NNS" wid="26">Blesseds</w>
  <w id="27" lemma="|.|" pos="." wid="27">.</w>
</sentence>
<sentence id="1">
  <w id="0" lemma="|to|" pos="TO" wid="0">To</w>
  <w id="1" lemma="|the|" pos="DT" wid="1">the</w>
  <w id="2" lemma="|french-speaking|" pos="JJ" wid="2">French-speaking</w>
  <w id="3" lemma="|Dear|" pos="NNP" wid="3">Dear</w>
  <w id="4" lemma="|french-speaking|" pos="JJ" wid="4">French-speaking</w>
  <w id="5" lemma="|pilgrim|" pos="NNS" wid="5">pilgrims</w>
  <w id="6" lemma="|,|" pos="," wid="6">,</w>
  <w id="7" lemma="|I|" pos="PRP" wid="7">I</w>
  <w id="8" lemma="|greet|" pos="VBP" wid="8">greet</w>
  <w id="9" lemma="|you|" pos="PRP" wid="9">you</w>
  <w id="10" lemma="|who|" pos="WP" wid="10">who</w>
  <w id="11" lemma="|have|" pos="VBP" wid="11">have</w>
  <w id="12" lemma="|come|" pos="VBN" wid="12">come</w>
  <w id="13" lemma="|to|" pos="TO" wid="13">to</w>
  <w id="14" lemma="|Rome|" pos="NNP" wid="14">Rome</w>
  <w id="15" lemma="|for|" pos="IN" wid="15">for</w>
  <w id="16" lemma="|the|" pos="DT" wid="16">the</w>
  <w id="17" lemma="|beatification|" pos="NN" wid="17">beatification</w>
  <w id="18" lemma="|of|" pos="IN" wid="18">of</w>
  <w id="19" lemma="|Fr|" pos="NNP" wid="19">Fr</w>
  <w id="20" lemma="|Pierre|" pos="NNP" wid="20">Pierre</w>
  <w id="21" lemma="|Bonhomme|" pos="NNP" wid="21">Bonhomme</w>
  <w id="22" lemma="|.|" pos="." wid="22">.</w>
</sentence>
<sentence id="2">
  <w id="0" lemma="|I|" pos="PRP" wid="0">I</w>
  <w id="1" lemma="|especially|" pos="RB" wid="1">especially</w>
  <w id="2" lemma="|greet|" pos="VB" wid="2">greet</w>
  <w id="3" lemma="|Bishop|" pos="NNP" wid="3">Bishop</w>
  <w id="4" lemma="|Gaidon|" pos="NNP" wid="4">Gaidon</w>
  <w id="5" lemma="|of|" pos="IN" wid="5">of</w>
  <w id="6" lemma="|Cahors|" pos="NNP" wid="6">Cahors</w>
  <w id="7" lemma="|,|" pos="," wid="7">,</w>
  <w id="8" lemma="|the|" pos="DT" wid="8">the</w>
  <w id="9" lemma="|sister|" pos="NNS" wid="9">Sisters</w>
  <w id="10" lemma="|of|" pos="IN" wid="10">of</w>
  <w id="11" lemma="|Our|" pos="NNP" wid="11">Our</w>
  <w id="12" lemma="|Lady|" pos="NNP" wid="12">Lady</w>
  <w id="13" lemma="|of|" pos="IN" wid="13">of</w>
  <w id="14" lemma="|Calvary|" pos="NNP" wid="14">Calvary</w>
  <w id="15" lemma="|and|" pos="CC" wid="15">and</w>
  <w id="16" lemma="|the|" pos="DT" wid="16">the</w>
  <w id="17" lemma="|civil|" pos="JJ" wid="17">civil</w>
  <w id="18" lemma="|authority|" pos="NNS" wid="18">authorities</w>
  <w id="19" lemma="|who|" pos="WP" wid="19">who</w>
  <w id="20" lemma="|be|" pos="VBP" wid="20">are</w>
  <w id="21" lemma="|present|" pos="JJ" wid="21">present</w>
  <w id="22" lemma="|.|" pos="." wid="22">.</w>
</sentence>
<sentence id="3">
  <w id="0" lemma="|follow|" pos="VBG" wid="0">Following</w>
  <w id="1" lemma="|the|" pos="DT" wid="1">the</w>
  <w id="2" lemma="|example|" pos="NN" wid="2">example</w>
  <w id="3" lemma="|of|" pos="IN" wid="3">of</w>
  <w id="4" lemma="|the|" pos="DT" wid="4">the</w>
  <w id="5" lemma="|new|" pos="JJ" wid="5">new</w>
  <w id="6" lemma="|blessed|" pos="NNS" wid="6">Blesseds</w>
  <w id="7" lemma="|,|" pos="," wid="7">,</w>
  <w id="8" lemma="|may|" pos="MD" wid="8">may</w>
  <w id="9" lemma="|you|" pos="PRP" wid="9">you</w>
  <w id="10" lemma="|all|" pos="DT" wid="10">all</w>
  <w id="11" lemma="|know|" pos="VBP" wid="11">know</w>
  <w id="12" lemma="|how|" pos="WRB" wid="12">how</w>
  <w id="13" lemma="|to|" pos="TO" wid="13">to</w>
  <w id="14" lemma="|draw|" pos="VB" wid="14">draw</w>
  <w id="15" lemma="|from|" pos="IN" wid="15">from</w>
  <w id="16" lemma="|the|" pos="DT" wid="16">the</w>
  <w id="17" lemma="|Word|" pos="NNP" wid="17">Word</w>
  <w id="18" lemma="|of|" pos="IN" wid="18">of</w>
  <w id="19" lemma="|God|" pos="NNP" wid="19">God</w>
  <w id="20" lemma="|the|" pos="DT" wid="20">the</w>
  <w id="21" lemma="|energy|" pos="NN" wid="21">energy</w>
  <w id="22" lemma="|for|" pos="IN" wid="22">for</w>
  <w id="23" lemma="|you|" pos="PRP$" wid="23">your</w>
  <w id="24" lemma="|daily|" pos="JJ" wid="24">daily</w>
  <w id="25" lemma="|mission|" pos="NN" wid="25">mission</w>
  <w id="26" lemma="|.|" pos="." wid="26">.</w>
</sentence>
<sentence id="4">
  <w id="0" lemma="|to|" pos="TO" wid="0">To</w>
  <w id="1" lemma="|the|" pos="DT" wid="1">the</w>
  <w id="2" lemma="|german-speaking|" pos="JJ" wid="2">German-speaking</w>
  <w id="3" lemma="|pilgrim|" pos="NNS" wid="3">pilgrims</w>
  <w id="4" lemma="|I|" pos="PRP" wid="4">I</w>
  <w id="5" lemma="|cordially|" pos="RB" wid="5">cordially</w>
  <w id="6" lemma="|greet|" pos="VB" wid="6">greet</w>
  <w id="7" lemma="|all|" pos="DT" wid="7">all</w>
  <w id="8" lemma="|we|" pos="PRP$" wid="8">our</w>
  <w id="9" lemma="|friend|" pos="NNS" wid="9">friends</w>
  <w id="10" lemma="|from|" pos="IN" wid="10">from</w>
  <w id="11" lemma="|Switzerland|" pos="NNP" wid="11">Switzerland</w>
  <w id="12" lemma="|and|" pos="CC" wid="12">and</w>
  <w id="13" lemma="|Austria|" pos="NNP" wid="13">Austria</w>
  <w id="14" lemma="|,|" pos="," wid="14">,</w>
  <w id="15" lemma="|who|" pos="WP" wid="15">who</w>
  <w id="16" lemma="|have|" pos="VBP" wid="16">have</w>
  <w id="17" lemma="|come|" pos="VBN" wid="17">come</w>
  <w id="18" lemma="|to|" pos="TO" wid="18">to</w>
  <w id="19" lemma="|Rome|" pos="NNP" wid="19">Rome</w>
  <w id="20" lemma="|for|" pos="IN" wid="20">for</w>
  <w id="21" lemma="|the|" pos="DT" wid="21">the</w>
  <w id="22" lemma="|Beatification|" pos="NNP" wid="22">Beatification</w>
  <w id="23" lemma="|of|" pos="IN" wid="23">of</w>
  <w id="24" lemma="|Mother|" pos="NNP" wid="24">Mother</w>
  <w id="25" lemma="|Caritas|" pos="NNP" wid="25">Caritas</w>
  <w id="26" lemma="|Brader|" pos="NNP" wid="26">Brader</w>
  <w id="27" lemma="|and|" pos="CC" wid="27">and</w>
  <w id="28" lemma="|Doctor|" pos="NNP" wid="28">Doctor</w>
  <w id="29" lemma="|Ladislaus|" pos="NNP" wid="29">Ladislaus</w>
  <w id="30" lemma="|Batthyány-Strattmann|" pos="NNP" wid="30">Batthyány-Strattmann</w>
  <w id="31" lemma="|.|" pos="." wid="31">.</w>
</sentence>
<sentence id="5">
  <w id="0" lemma="|in|" pos="IN" wid="0">In</w>
  <w id="1" lemma="|different|" pos="JJ" wid="1">different</w>
  <w id="2" lemma="|way|" pos="NNS" wid="2">ways</w>
  <w id="3" lemma="|of|" pos="IN" wid="3">of</w>
  <w id="4" lemma="|life|" pos="NN" wid="4">life</w>
  <w id="5" lemma="|,|" pos="," wid="5">,</w>
  <w id="6" lemma="|the|" pos="DT" wid="6">the</w>
  <w id="7" lemma="|new|" pos="JJ" wid="7">new</w>
  <w id="8" lemma="|blessed|" pos="NNS" wid="8">Blesseds</w>
  <w id="9" lemma="|be|" pos="VBD" wid="9">were</w>
  <w id="10" lemma="|wholeheartedly|" pos="RB" wid="10">wholeheartedly</w>
  <w id="11" lemma="|dedicate|" pos="VBN" wid="11">dedicated</w>
  <w id="12" lemma="|to|" pos="TO" wid="12">to</w>
  <w id="13" lemma="|the|" pos="DT" wid="13">the</w>
  <w id="14" lemma="|service|" pos="NN" wid="14">service</w>
  <w id="15" lemma="|of|" pos="IN" wid="15">of</w>
  <w id="16" lemma="|God|" pos="NNP" wid="16">God</w>
  <w id="17" lemma="|and|" pos="CC" wid="17">and</w>
  <w id="18" lemma="|he|" pos="PRP$" wid="18">his</w>
  <w id="19" lemma="|commandment|" pos="NN" wid="19">commandment</w>
  <w id="20" lemma="|of|" pos="IN" wid="20">of</w>
  <w id="21" lemma="|love|" pos="NN" wid="21">love</w>
  <w id="22" lemma="|.|" pos="." wid="22">.</w>
</sentence>
<sentence id="6">
  <w id="0" lemma="|may|" pos="MD" wid="0">May</w>
  <w id="1" lemma="|they|" pos="PRP" wid="1">they</w>
  <w id="2" lemma="|be|" pos="VB" wid="2">be</w>
  <w id="3" lemma="|for|" pos="IN" wid="3">for</w>
  <w id="4" lemma="|you|" pos="PRP" wid="4">you</w>
  <w id="5" lemma="|live|" pos="VBG" wid="5">living</w>
  <w id="6" lemma="|example|" pos="NNS" wid="6">examples</w>
  <w id="7" lemma="|of|" pos="IN" wid="7">of</w>
  <w id="8" lemma="|faith|" pos="NN" wid="8">faith</w>
  <w id="9" lemma="|and|" pos="CC" wid="9">and</w>
  <w id="10" lemma="|witness|" pos="NNS" wid="10">witnesses</w>
  <w id="11" lemma="|of|" pos="IN" wid="11">of</w>
  <w id="12" lemma="|understanding|" pos="NN" wid="12">understanding</w>
  <w id="13" lemma="|among|" pos="IN" wid="13">among</w>
  <w id="14" lemma="|people|" pos="NNS" wid="14">peoples</w>
  <w id="15" lemma="|.|" pos="." wid="15">.</w>
</sentence>
<sentence id="7">
  <w id="0" lemma="|to|" pos="TO" wid="0">To</w>
  <w id="1" lemma="|hungarian|" pos="JJ" wid="1">Hungarian</w>
  <w id="2" lemma="|pilgrim|" pos="NNS" wid="2">pilgrims</w>
  <w id="3" lemma="|,|" pos="," wid="3">,</w>
  <w id="4" lemma="|to|" pos="TO" wid="4">to</w>
  <w id="5" lemma="|pilgrim|" pos="NNS" wid="5">pilgrims</w>
  <w id="6" lemma="|from|" pos="IN" wid="6">from</w>
  <w id="7" lemma="|Slovakia|" pos="NNP" wid="7">Slovakia</w>
  <w id="8" lemma="|I|" pos="PRP" wid="8">I</w>
  <w id="9" lemma="|wish|" pos="VBP" wid="9">wish</w>
  <w id="10" lemma="|to|" pos="TO" wid="10">to</w>
  <w id="11" lemma="|greet|" pos="VB" wid="11">greet</w>
  <w id="12" lemma="|cordially|" pos="RB" wid="12">cordially</w>
  <w id="13" lemma="|the|" pos="DT" wid="13">the</w>
  <w id="14" lemma="|President|" pos="NNP" wid="14">President</w>
  <w id="15" lemma="|of|" pos="IN" wid="15">of</w>
  <w id="16" lemma="|the|" pos="DT" wid="16">the</w>
  <w id="17" lemma="|hungarian|" pos="JJ" wid="17">Hungarian</w>
  <w id="18" lemma="|Republic|" pos="NNP" wid="18">Republic</w>
  <w id="19" lemma="|,|" pos="," wid="19">,</w>
  <w id="20" lemma="|Mr|" pos="NNP" wid="20">Mr</w>
  <w id="21" lemma="|Ferenc|" pos="NNP" wid="21">Ferenc</w>
  <w id="22" lemma="|Mádl|" pos="NNP" wid="22">Mádl</w>
  <w id="23" lemma="|,|" pos="," wid="23">,</w>
  <w id="24" lemma="|the|" pos="DT" wid="24">the</w>
  <w id="25" lemma="|member|" pos="NNS" wid="25">members</w>
  <w id="26" lemma="|of|" pos="IN" wid="26">of</w>
  <w id="27" lemma="|the|" pos="DT" wid="27">the</w>
  <w id="28" lemma="|hungarian|" pos="JJ" wid="28">Hungarian</w>
  <w id="29" lemma="|bishop|" pos="NNS" wid="29">Bishops</w>
  <w id="30" lemma="|'|" pos="POS" wid="30">'</w>
  <w id="31" lemma="|conference|" pos="NN" wid="31">Conference</w>
  <w id="32" lemma="|who|" pos="WP" wid="32">who</w>
  <w id="33" lemma="|be|" pos="VBP" wid="33">are</w>
  <w id="34" lemma="|here|" pos="RB" wid="34">here</w>
  <w id="35" lemma="|,|" pos="," wid="35">,</w>
  <w id="36" lemma="|and|" pos="CC" wid="36">and</w>
  <w id="37" lemma="|the|" pos="DT" wid="37">the</w>
  <w id="38" lemma="|faithful|" pos="NN" wid="38">faithful</w>
  <w id="39" lemma="|who|" pos="WP" wid="39">who</w>
  <w id="40" lemma="|have|" pos="VBP" wid="40">have</w>
  <w id="41" lemma="|travel|" pos="VBN" wid="41">traveled</w>
  <w id="42" lemma="|from|" pos="IN" wid="42">from</w>
  <w id="43" lemma="|Hungary|" pos="NNP" wid="43">Hungary</w>
  <w id="44" lemma="|and|" pos="CC" wid="44">and</w>
  <w id="45" lemma="|Slovakia|" pos="NNP" wid="45">Slovakia</w>
  <w id="46" lemma="|.|" pos="." wid="46">.</w>
</sentence>
<sentence id="8">
  <w id="0" lemma="|may|" pos="MD" wid="0">May</w>
  <w id="1" lemma="|the|" pos="DT" wid="1">the</w>
  <w id="2" lemma="|example|" pos="NN" wid="2">example</w>
  <w id="3" lemma="|of|" pos="IN" wid="3">of</w>
  <w id="4" lemma="|Blessed|" pos="NNP" wid="4">Blessed</w>
  <w id="5" lemma="|Ladislaus|" pos="NNP" wid="5">Ladislaus</w>
  <w id="6" lemma="|-lrb-|" pos="-LRB-" wid="6">-LRB-</w>
  <w id="7" lemma="|László|" pos="NNP" wid="7">László</w>
  <w id="8" lemma="|-rrb-|" pos="-RRB-" wid="8">-RRB-</w>
  <w id="9" lemma="|Batthyány-Strattmann|" pos="NNP" wid="9">Batthyány-Strattmann</w>
  <w id="10" lemma="|,|" pos="," wid="10">,</w>
  <w id="11" lemma="|who|" pos="WP" wid="11">who</w>
  <w id="12" lemma="|pray|" pos="VBD" wid="12">prayed</w>
  <w id="13" lemma="|the|" pos="DT" wid="13">the</w>
  <w id="14" lemma="|Rosary|" pos="NNP" wid="14">Rosary</w>
  <w id="15" lemma="|daily|" pos="RB" wid="15">daily</w>
  <w id="16" lemma="|with|" pos="IN" wid="16">with</w>
  <w id="17" lemma="|he|" pos="PRP$" wid="17">his</w>
  <w id="18" lemma="|family|" pos="NN" wid="18">family</w>
  <w id="19" lemma="|,|" pos="," wid="19">,</w>
  <w id="20" lemma="|strengthen|" pos="VB" wid="20">strengthen</w>
  <w id="21" lemma="|you|" pos="PRP" wid="21">you</w>
  <w id="22" lemma="|in|" pos="IN" wid="22">in</w>
  <w id="23" lemma="|you|" pos="PRP$" wid="23">your</w>
  <w id="24" lemma="|veneration|" pos="NN" wid="24">veneration</w>
  <w id="25" lemma="|of|" pos="IN" wid="25">of</w>
  <w id="26" lemma="|Our|" pos="NNP" wid="26">Our</w>
  <w id="27" lemma="|Lady|" pos="NNP" wid="27">Lady</w>
  <w id="28" lemma="|.|" pos="." wid="28">.</w>
</sentence>
<sentence id="9">
  <w id="0" lemma="|conclude|" pos="VBG" wid="0">Concluding</w>
  <w id="1" lemma="|this|" pos="DT" wid="1">this</w>
  <w id="2" lemma="|celebration|" pos="NN" wid="2">celebration</w>
  <w id="3" lemma="|with|" pos="IN" wid="3">with</w>
  <w id="4" lemma="|the|" pos="DT" wid="4">the</w>
  <w id="5" lemma="|prayer|" pos="NN" wid="5">prayer</w>
  <w id="6" lemma="|of|" pos="IN" wid="6">of</w>
  <w id="7" lemma="|the|" pos="DT" wid="7">the</w>
  <w id="8" lemma="|Angelus|" pos="NNP" wid="8">Angelus</w>
  <w id="9" lemma="|,|" pos="," wid="9">,</w>
  <w id="10" lemma="|I|" pos="PRP" wid="10">I</w>
  <w id="11" lemma="|wish|" pos="VBP" wid="11">wish</w>
  <w id="12" lemma="|to|" pos="TO" wid="12">to</w>
  <w id="13" lemma="|greet|" pos="VB" wid="13">greet</w>
  <w id="14" lemma="|cordially|" pos="RB" wid="14">cordially</w>
  <w id="15" lemma="|the|" pos="DT" wid="15">the</w>
  <w id="16" lemma="|Cardinals|" pos="NNPS" wid="16">Cardinals</w>
  <w id="17" lemma="|,|" pos="," wid="17">,</w>
  <w id="18" lemma="|bishop|" pos="NNS" wid="18">Bishops</w>
  <w id="19" lemma="|,|" pos="," wid="19">,</w>
  <w id="20" lemma="|priest|" pos="NNS" wid="20">priests</w>
  <w id="21" lemma="|and|" pos="CC" wid="21">and</w>
  <w id="22" lemma="|faithful|" pos="NN" wid="22">faithful</w>
  <w id="23" lemma="|,|" pos="," wid="23">,</w>
  <w id="24" lemma="|and|" pos="CC" wid="24">and</w>
  <w id="25" lemma="|,|" pos="," wid="25">,</w>
  <w id="26" lemma="|particularly|" pos="RB" wid="26">particularly</w>
  <w id="27" lemma="|,|" pos="," wid="27">,</w>
  <w id="28" lemma="|the|" pos="DT" wid="28">the</w>
  <w id="29" lemma="|sister|" pos="NNS" wid="29">sisters</w>
  <w id="30" lemma="|of|" pos="IN" wid="30">of</w>
  <w id="31" lemma="|the|" pos="DT" wid="31">the</w>
  <w id="32" lemma="|Institutes|" pos="NNP" wid="32">Institutes</w>
  <w id="33" lemma="|found|" pos="VBN" wid="33">founded</w>
  <w id="34" lemma="|by|" pos="IN" wid="34">by</w>
  <w id="35" lemma="|the|" pos="DT" wid="35">the</w>
  <w id="36" lemma="|new|" pos="JJ" wid="36">new</w>
  <w id="37" lemma="|Blesseds|" pos="NNPS" wid="37">Blesseds</w>
  <w id="38" lemma="|:|" pos=":" wid="38">:</w>
  <w id="39" lemma="|Dolores|" pos="NNP" wid="39">Dolores</w>
  <w id="40" lemma="|Rodríguez|" pos="NNP" wid="40">Rodríguez</w>
  <w id="41" lemma="|Sopeña|" pos="NNP" wid="41">Sopeña</w>
  <w id="42" lemma="|,|" pos="," wid="42">,</w>
  <w id="43" lemma="|Juana|" pos="NNP" wid="43">Juana</w>
  <w id="44" lemma="|Condesa|" pos="NNP" wid="44">Condesa</w>
  <w id="45" lemma="|Lluch|" pos="NNP" wid="45">Lluch</w>
  <w id="46" lemma="|and|" pos="CC" wid="46">and</w>
  <w id="47" lemma="|Caritas|" pos="NNP" wid="47">Caritas</w>
  <w id="48" lemma="|Brader|" pos="NNP" wid="48">Brader</w>
  <w id="49" lemma="|,|" pos="," wid="49">,</w>
  <w id="50" lemma="|and|" pos="CC" wid="50">and</w>
  <w id="51" lemma="|the|" pos="DT" wid="51">the</w>
  <w id="52" lemma="|civil|" pos="JJ" wid="52">civil</w>
  <w id="53" lemma="|authority|" pos="NNS" wid="53">authorities</w>
  <w id="54" lemma="|who|" pos="WP" wid="54">who</w>
  <w id="55" lemma="|have|" pos="VBP" wid="55">have</w>
  <w id="56" lemma="|come|" pos="VBN" wid="56">come</w>
  <w id="57" lemma="|from|" pos="IN" wid="57">from</w>
  <w id="58" lemma="|several|" pos="JJ" wid="58">several</w>
  <w id="59" lemma="|spanish-speaking|" pos="JJ" wid="59">Spanish-speaking</w>
  <w id="60" lemma="|country|" pos="NNS" wid="60">countries</w>
  <w id="61" lemma="|.|" pos="." wid="61">.</w>
</sentence>
<sentence id="10">
  <w id="0" lemma="|edify|" pos="VBN" wid="0">Edified</w>
  <w id="1" lemma="|by|" pos="IN" wid="1">by</w>
  <w id="2" lemma="|the|" pos="DT" wid="2">the</w>
  <w id="3" lemma="|example|" pos="NNS" wid="3">examples</w>
  <w id="4" lemma="|of|" pos="IN" wid="4">of</w>
  <w id="5" lemma="|these|" pos="DT" wid="5">these</w>
  <w id="6" lemma="|extraordinary|" pos="JJ" wid="6">extraordinary</w>
  <w id="7" lemma="|woman|" pos="NNS" wid="7">women</w>
  <w id="8" lemma="|,|" pos="," wid="8">,</w>
  <w id="9" lemma="|may|" pos="MD" wid="9">may</w>
  <w id="10" lemma="|they|" pos="PRP" wid="10">they</w>
  <w id="11" lemma="|learn|" pos="VB" wid="11">learn</w>
  <w id="12" lemma="|at|" pos="IN" wid="12">at</w>
  <w id="13" lemma="|the|" pos="DT" wid="13">the</w>
  <w id="14" lemma="|school|" pos="NN" wid="14">school</w>
  <w id="15" lemma="|of|" pos="IN" wid="15">of</w>
  <w id="16" lemma="|Mary|" pos="NNP" wid="16">Mary</w>
  <w id="17" lemma="|to|" pos="TO" wid="17">to</w>
  <w id="18" lemma="|contemplate|" pos="VB" wid="18">contemplate</w>
  <w id="19" lemma="|Jesus|" pos="NNP" wid="19">Jesus</w>
  <w id="20" lemma="|Christ|" pos="NNP" wid="20">Christ</w>
  <w id="21" lemma="|,|" pos="," wid="21">,</w>
  <w id="22" lemma="|the|" pos="DT" wid="22">the</w>
  <w id="23" lemma="|Prince|" pos="NNP" wid="23">Prince</w>
  <w id="24" lemma="|of|" pos="IN" wid="24">of</w>
  <w id="25" lemma="|Peace|" pos="NNP" wid="25">Peace</w>
  <w id="26" lemma="|,|" pos="," wid="26">,</w>
  <w id="27" lemma="|supreme|" pos="JJ" wid="27">supreme</w>
  <w id="28" lemma="|model|" pos="NN" wid="28">model</w>
  <w id="29" lemma="|for|" pos="IN" wid="29">for</w>
  <w id="30" lemma="|every|" pos="DT" wid="30">every</w>
  <w id="31" lemma="|Christian|" pos="NNP" wid="31">Christian</w>
  <w id="32" lemma="|.|" pos="." wid="32">.</w>
</sentence>
<sentence id="11">
  <w id="0" lemma="|we|" pos="PRP" wid="0">We</w>
  <w id="1" lemma="|now|" pos="RB" wid="1">now</w>
  <w id="2" lemma="|turn|" pos="VBP" wid="2">turn</w>
  <w id="3" lemma="|to|" pos="TO" wid="3">to</w>
  <w id="4" lemma="|the|" pos="DT" wid="4">the</w>
  <w id="5" lemma="|Blessed|" pos="NNP" wid="5">Blessed</w>
  <w id="6" lemma="|Virgin|" pos="NNP" wid="6">Virgin</w>
  <w id="7" lemma="|Mary|" pos="NNP" wid="7">Mary</w>
  <w id="8" lemma="|,|" pos="," wid="8">,</w>
  <w id="9" lemma="|whom|" pos="WP" wid="9">whom</w>
  <w id="10" lemma="|the|" pos="DT" wid="10">the</w>
  <w id="11" lemma="|new|" pos="JJ" wid="11">new</w>
  <w id="12" lemma="|blessed|" pos="NNS" wid="12">Blesseds</w>
  <w id="13" lemma="|love|" pos="VBD" wid="13">loved</w>
  <w id="14" lemma="|and|" pos="CC" wid="14">and</w>
  <w id="15" lemma="|honour|" pos="VBD" wid="15">honoured</w>
  <w id="16" lemma="|with|" pos="IN" wid="16">with</w>
  <w id="17" lemma="|a|" pos="DT" wid="17">a</w>
  <w id="18" lemma="|special|" pos="JJ" wid="18">special</w>
  <w id="19" lemma="|devotion|" pos="NN" wid="19">devotion</w>
  <w id="20" lemma="|.|" pos="." wid="20">.</w>
</sentence>
<sentence id="12">
  <w id="0" lemma="|above|" pos="IN" wid="0">Above</w>
  <w id="1" lemma="|all|" pos="DT" wid="1">all</w>
  <w id="2" lemma="|at|" pos="IN" wid="2">at</w>
  <w id="3" lemma="|this|" pos="DT" wid="3">this</w>
  <w id="4" lemma="|time|" pos="NN" wid="4">time</w>
  <w id="5" lemma="|we|" pos="PRP" wid="5">we</w>
  <w id="6" lemma="|ask|" pos="VBP" wid="6">ask</w>
  <w id="7" lemma="|she|" pos="PRP" wid="7">her</w>
  <w id="8" lemma="|for|" pos="IN" wid="8">for</w>
  <w id="9" lemma="|the|" pos="DT" wid="9">the</w>
  <w id="10" lemma="|gift|" pos="NN" wid="10">gift</w>
  <w id="11" lemma="|of|" pos="IN" wid="11">of</w>
  <w id="12" lemma="|peace|" pos="NN" wid="12">peace</w>
  <w id="13" lemma="|.|" pos="." wid="13">.</w>
</sentence>
<sentence id="13">
  <w id="0" lemma="|to|" pos="TO" wid="0">To</w>
  <w id="1" lemma="|she|" pos="PRP" wid="1">her</w>
  <w id="2" lemma="|especially|" pos="RB" wid="2">especially</w>
  <w id="3" lemma="|,|" pos="," wid="3">,</w>
  <w id="4" lemma="|we|" pos="PRP" wid="4">we</w>
  <w id="5" lemma="|entrust|" pos="VBP" wid="5">entrust</w>
  <w id="6" lemma="|the|" pos="DT" wid="6">the</w>
  <w id="7" lemma="|victim|" pos="NNS" wid="7">victims</w>
  <w id="8" lemma="|of|" pos="IN" wid="8">of</w>
  <w id="9" lemma="|these|" pos="DT" wid="9">these</w>
  <w id="10" lemma="|hour|" pos="NNS" wid="10">hours</w>
  <w id="11" lemma="|of|" pos="IN" wid="11">of</w>
  <w id="12" lemma="|war|" pos="NN" wid="12">war</w>
  <w id="13" lemma="|and|" pos="CC" wid="13">and</w>
  <w id="14" lemma="|they|" pos="PRP$" wid="14">their</w>
  <w id="15" lemma="|family|" pos="NNS" wid="15">families</w>
  <w id="16" lemma="|who|" pos="WP" wid="16">who</w>
  <w id="17" lemma="|be|" pos="VBP" wid="17">are</w>
  <w id="18" lemma="|suffer|" pos="VBG" wid="18">suffering</w>
  <w id="19" lemma="|.|" pos="." wid="19">.</w>
</sentence>
<sentence id="14">
  <w id="0" lemma="|I|" pos="PRP" wid="0">I</w>
  <w id="1" lemma="|feel|" pos="VBP" wid="1">feel</w>
  <w id="2" lemma="|spiritually|" pos="RB" wid="2">spiritually</w>
  <w id="3" lemma="|close|" pos="RB" wid="3">close</w>
  <w id="4" lemma="|to|" pos="TO" wid="4">to</w>
  <w id="5" lemma="|they|" pos="PRP" wid="5">them</w>
  <w id="6" lemma="|with|" pos="IN" wid="6">with</w>
  <w id="7" lemma="|my|" pos="PRP$" wid="7">my</w>
  <w id="8" lemma="|affection|" pos="NN" wid="8">affection</w>
  <w id="9" lemma="|and|" pos="CC" wid="9">and</w>
  <w id="10" lemma="|my|" pos="PRP$" wid="10">my</w>
  <w id="11" lemma="|prayer|" pos="NN" wid="11">prayer</w>
  <w id="12" lemma="|.|" pos="." wid="12">.</w>
</sentence>
</corpus>