<corpus id="0">
<sentence id="0">
  <w id="0" lemma="|Dear|" pos="NNP" wid="0">Dear</w>
  <w id="1" lemma="|Young|" pos="NNP" wid="1">Young</w>
  <w id="2" lemma="|People|" pos="NNP" wid="2">People</w>
  <w id="3" lemma="|,|" pos="," wid="3">,</w>
  <w id="4" lemma="|1|" pos="CD" wid="4">1</w>
  <w id="5" lemma="|.|" pos="." wid="5">.</w>
</sentence>
<sentence id="1">
  <w id="0" lemma="|greet|" pos="VB" wid="0">Greet</w>
  <w id="1" lemma="|you|" pos="PRP" wid="1">you</w>
  <w id="2" lemma="|in|" pos="IN" wid="2">in</w>
  <w id="3" lemma="|the|" pos="DT" wid="3">the</w>
  <w id="4" lemma="|peace|" pos="NN" wid="4">peace</w>
  <w id="5" lemma="|of|" pos="IN" wid="5">of</w>
  <w id="6" lemma="|Christ|" pos="NNP" wid="6">Christ</w>
  <w id="7" lemma="|!|" pos="." wid="7">!</w>
</sentence>
<sentence id="2">
  <w id="0" lemma="|it|" pos="PRP" wid="0">It</w>
  <w id="1" lemma="|be|" pos="VBZ" wid="1">is</w>
  <w id="2" lemma="|a|" pos="DT" wid="2">a</w>
  <w id="3" lemma="|great|" pos="JJ" wid="3">great</w>
  <w id="4" lemma="|joy|" pos="NN" wid="4">joy</w>
  <w id="5" lemma="|to|" pos="TO" wid="5">to</w>
  <w id="6" lemma="|be|" pos="VB" wid="6">be</w>
  <w id="7" lemma="|with|" pos="IN" wid="7">with</w>
  <w id="8" lemma="|you|" pos="PRP" wid="8">you</w>
  <w id="9" lemma="|this|" pos="DT" wid="9">this</w>
  <w id="10" lemma="|evening|" pos="NN" wid="10">evening</w>
  <w id="11" lemma="|at|" pos="IN" wid="11">at</w>
  <w id="12" lemma="|Central|" pos="NNP" wid="12">Central</w>
  <w id="13" lemma="|Commons|" pos="NNP" wid="13">Commons</w>
  <w id="14" lemma="|in|" pos="IN" wid="14">in</w>
  <w id="15" lemma="|Halifax|" pos="NNP" wid="15">Halifax</w>
  <w id="16" lemma="|.|" pos="." wid="16">.</w>
</sentence>
<sentence id="3">
  <w id="0" lemma="|as|" pos="IN" wid="0">As</w>
  <w id="1" lemma="|you|" pos="PRP" wid="1">you</w>
  <w id="2" lemma="|know|" pos="VBP" wid="2">know</w>
  <w id="3" lemma="|I|" pos="PRP" wid="3">I</w>
  <w id="4" lemma="|be|" pos="VBP" wid="4">am</w>
  <w id="5" lemma="|always|" pos="RB" wid="5">always</w>
  <w id="6" lemma="|happy|" pos="JJ" wid="6">happy</w>
  <w id="7" lemma="|to|" pos="TO" wid="7">to</w>
  <w id="8" lemma="|meet|" pos="VB" wid="8">meet</w>
  <w id="9" lemma="|with|" pos="IN" wid="9">with</w>
  <w id="10" lemma="|young|" pos="JJ" wid="10">young</w>
  <w id="11" lemma="|people|" pos="NNS" wid="11">people</w>
  <w id="12" lemma="|,|" pos="," wid="12">,</w>
  <w id="13" lemma="|whether|" pos="IN" wid="13">whether</w>
  <w id="14" lemma="|in|" pos="IN" wid="14">in</w>
  <w id="15" lemma="|Rome|" pos="NNP" wid="15">Rome</w>
  <w id="16" lemma="|or|" pos="CC" wid="16">or</w>
  <w id="17" lemma="|during|" pos="IN" wid="17">during</w>
  <w id="18" lemma="|my|" pos="PRP$" wid="18">my</w>
  <w id="19" lemma="|travels|" pos="NNS" wid="19">travels</w>
  <w id="20" lemma="|throughout|" pos="IN" wid="20">throughout</w>
  <w id="21" lemma="|the|" pos="DT" wid="21">the</w>
  <w id="22" lemma="|world|" pos="NN" wid="22">world</w>
  <w id="23" lemma="|.|" pos="." wid="23">.</w>
</sentence>
<sentence id="4">
  <w id="0" lemma="|it|" pos="PRP" wid="0">It</w>
  <w id="1" lemma="|be|" pos="VBZ" wid="1">is</w>
  <w id="2" lemma="|a|" pos="DT" wid="2">a</w>
  <w id="3" lemma="|pleasure|" pos="NN" wid="3">pleasure</w>
  <w id="4" lemma="|to|" pos="TO" wid="4">to</w>
  <w id="5" lemma="|be|" pos="VB" wid="5">be</w>
  <w id="6" lemma="|with|" pos="IN" wid="6">with</w>
  <w id="7" lemma="|you|" pos="PRP" wid="7">you</w>
  <w id="8" lemma="|because|" pos="IN" wid="8">because</w>
  <w id="9" lemma="|I|" pos="PRP" wid="9">I</w>
  <w id="10" lemma="|see|" pos="VBP" wid="10">see</w>
  <w id="11" lemma="|in|" pos="IN" wid="11">in</w>
  <w id="12" lemma="|you|" pos="PRP$" wid="12">your</w>
  <w id="13" lemma="|face|" pos="NNS" wid="13">faces</w>
  <w id="14" lemma="|a|" pos="DT" wid="14">an</w>
  <w id="15" lemma="|openness|" pos="NN" wid="15">openness</w>
  <w id="16" lemma="|to|" pos="TO" wid="16">to</w>
  <w id="17" lemma="|learn|" pos="VB" wid="17">learn</w>
  <w id="18" lemma="|and|" pos="CC" wid="18">and</w>
  <w id="19" lemma="|a|" pos="DT" wid="19">an</w>
  <w id="20" lemma="|eagerness|" pos="NN" wid="20">eagerness</w>
  <w id="21" lemma="|to|" pos="TO" wid="21">to</w>
  <w id="22" lemma="|serve|" pos="VB" wid="22">serve</w>
  <w id="23" lemma="|.|" pos="." wid="23">.</w>
</sentence>
<sentence id="5">
  <w id="0" lemma="|I|" pos="PRP" wid="0">I</w>
  <w id="1" lemma="|know|" pos="VBP" wid="1">know</w>
  <w id="2" lemma="|of|" pos="IN" wid="2">of</w>
  <w id="3" lemma="|the|" pos="DT" wid="3">the</w>
  <w id="4" lemma="|great|" pos="JJ" wid="4">great</w>
  <w id="5" lemma="|desire|" pos="NN" wid="5">desire</w>
  <w id="6" lemma="|you|" pos="PRP" wid="6">you</w>
  <w id="7" lemma="|have|" pos="VBP" wid="7">have</w>
  <w id="8" lemma="|for|" pos="IN" wid="8">for</w>
  <w id="9" lemma="|peace|" pos="NN" wid="9">peace</w>
  <w id="10" lemma="|and|" pos="CC" wid="10">and</w>
  <w id="11" lemma="|unity|" pos="NN" wid="11">unity</w>
  <w id="12" lemma="|throughout|" pos="IN" wid="12">throughout</w>
  <w id="13" lemma="|the|" pos="DT" wid="13">the</w>
  <w id="14" lemma="|world|" pos="NN" wid="14">world</w>
  <w id="15" lemma="|.|" pos="." wid="15">.</w>
</sentence>
<sentence id="6">
  <w id="0" lemma="|I|" pos="PRP" wid="0">I</w>
  <w id="1" lemma="|be|" pos="VBP" wid="1">am</w>
  <w id="2" lemma="|well|" pos="RB" wid="2">well</w>
  <w id="3" lemma="|aware|" pos="JJ" wid="3">aware</w>
  <w id="4" lemma="|,|" pos="," wid="4">,</w>
  <w id="5" lemma="|too|" pos="RB" wid="5">too</w>
  <w id="6" lemma="|,|" pos="," wid="6">,</w>
  <w id="7" lemma="|that|" pos="IN" wid="7">that</w>
  <w id="8" lemma="|the|" pos="DT" wid="8">the</w>
  <w id="9" lemma="|future|" pos="NN" wid="9">future</w>
  <w id="10" lemma="|belong|" pos="VBZ" wid="10">belongs</w>
  <w id="11" lemma="|to|" pos="TO" wid="11">to</w>
  <w id="12" lemma="|you|" pos="PRP" wid="12">you</w>
  <w id="13" lemma="|,|" pos="," wid="13">,</w>
  <w id="14" lemma="|that|" pos="IN" wid="14">that</w>
  <w id="15" lemma="|the|" pos="DT" wid="15">the</w>
  <w id="16" lemma="|decision|" pos="NNS" wid="16">decisions</w>
  <w id="17" lemma="|you|" pos="PRP" wid="17">you</w>
  <w id="18" lemma="|make|" pos="VBP" wid="18">make</w>
  <w id="19" lemma="|will|" pos="MD" wid="19">will</w>
  <w id="20" lemma="|shape|" pos="VB" wid="20">shape</w>
  <w id="21" lemma="|the|" pos="DT" wid="21">the</w>
  <w id="22" lemma="|Church|" pos="NNP" wid="22">Church</w>
  <w id="23" lemma="|and|" pos="CC" wid="23">and</w>
  <w id="24" lemma="|the|" pos="DT" wid="24">the</w>
  <w id="25" lemma="|world|" pos="NN" wid="25">world</w>
  <w id="26" lemma="|of|" pos="IN" wid="26">of</w>
  <w id="27" lemma="|tomorrow|" pos="NN" wid="27">tomorrow</w>
  <w id="28" lemma="|.|" pos="." wid="28">.</w>
</sentence>
<sentence id="7">
  <w id="0" lemma="|2|" pos="CD" wid="0">2</w>
  <w id="1" lemma="|.|" pos="." wid="1">.</w>
</sentence>
<sentence id="8">
  <w id="0" lemma="|as|" pos="IN" wid="0">As</w>
  <w id="1" lemma="|we|" pos="PRP" wid="1">we</w>
  <w id="2" lemma="|gather|" pos="VBP" wid="2">gather</w>
  <w id="3" lemma="|this|" pos="DT" wid="3">this</w>
  <w id="4" lemma="|evening|" pos="NN" wid="4">evening</w>
  <w id="5" lemma="|to|" pos="TO" wid="5">to</w>
  <w id="6" lemma="|pray|" pos="VB" wid="6">pray</w>
  <w id="7" lemma="|the|" pos="DT" wid="7">the</w>
  <w id="8" lemma="|``|" pos="``" wid="8">``</w>
  <w id="9" lemma="|Angelus|" pos="NNP" wid="9">Angelus</w>
  <w id="10" lemma="|''|" pos="''" wid="10">''</w>
  <w id="11" lemma="|,|" pos="," wid="11">,</w>
  <w id="12" lemma="|there|" pos="EX" wid="12">there</w>
  <w id="13" lemma="|be|" pos="VBZ" wid="13">is</w>
  <w id="14" lemma="|a|" pos="DT" wid="14">a</w>
  <w id="15" lemma="|common|" pos="JJ" wid="15">common</w>
  <w id="16" lemma="|spirit|" pos="NN" wid="16">spirit</w>
  <w id="17" lemma="|of|" pos="IN" wid="17">of</w>
  <w id="18" lemma="|faith|" pos="NN" wid="18">faith</w>
  <w id="19" lemma="|and|" pos="CC" wid="19">and</w>
  <w id="20" lemma="|joy|" pos="NN" wid="20">joy</w>
  <w id="21" lemma="|which|" pos="WDT" wid="21">which</w>
  <w id="22" lemma="|unite|" pos="VBZ" wid="22">unites</w>
  <w id="23" lemma="|we|" pos="PRP" wid="23">us</w>
  <w id="24" lemma="|.|" pos="." wid="24">.</w>
</sentence>
<sentence id="9">
  <w id="0" lemma="|it|" pos="PRP" wid="0">It</w>
  <w id="1" lemma="|be|" pos="VBZ" wid="1">is</w>
  <w id="2" lemma="|only|" pos="RB" wid="2">only</w>
  <w id="3" lemma="|right|" pos="JJ" wid="3">right</w>
  <w id="4" lemma="|that|" pos="IN" wid="4">that</w>
  <w id="5" lemma="|we|" pos="PRP" wid="5">we</w>
  <w id="6" lemma="|should|" pos="MD" wid="6">should</w>
  <w id="7" lemma="|feel|" pos="VB" wid="7">feel</w>
  <w id="8" lemma="|this|" pos="DT" wid="8">this</w>
  <w id="9" lemma="|way|" pos="NN" wid="9">way</w>
  <w id="10" lemma="|since|" pos="IN" wid="10">since</w>
  <w id="11" lemma="|we|" pos="PRP" wid="11">we</w>
  <w id="12" lemma="|be|" pos="VBP" wid="12">are</w>
  <w id="13" lemma="|gather|" pos="VBN" wid="13">gathered</w>
  <w id="14" lemma="|as|" pos="IN" wid="14">as</w>
  <w id="15" lemma="|friend|" pos="NNS" wid="15">friends</w>
  <w id="16" lemma="|,|" pos="," wid="16">,</w>
  <w id="17" lemma="|as|" pos="IN" wid="17">as</w>
  <w id="18" lemma="|brother|" pos="NNS" wid="18">brothers</w>
  <w id="19" lemma="|and|" pos="CC" wid="19">and</w>
  <w id="20" lemma="|sister|" pos="NNS" wid="20">sisters</w>
  <w id="21" lemma="|in|" pos="IN" wid="21">in</w>
  <w id="22" lemma="|Christ|" pos="NNP" wid="22">Christ</w>
  <w id="23" lemma="|.|" pos="." wid="23">.</w>
</sentence>
<sentence id="10">
  <w id="0" lemma="|we|" pos="PRP" wid="0">We</w>
  <w id="1" lemma="|know|" pos="VBP" wid="1">know</w>
  <w id="2" lemma="|,|" pos="," wid="2">,</w>
  <w id="3" lemma="|too|" pos="RB" wid="3">too</w>
  <w id="4" lemma="|,|" pos="," wid="4">,</w>
  <w id="5" lemma="|that|" pos="IN" wid="5">that</w>
  <w id="6" lemma="|the|" pos="DT" wid="6">the</w>
  <w id="7" lemma="|Church|" pos="NNP" wid="7">Church</w>
  <w id="8" lemma="|be|" pos="VBZ" wid="8">is</w>
  <w id="9" lemma="|a|" pos="DT" wid="9">a</w>
  <w id="10" lemma="|communion|" pos="NN" wid="10">communion</w>
  <w id="11" lemma="|of|" pos="IN" wid="11">of</w>
  <w id="12" lemma="|person|" pos="NNS" wid="12">persons</w>
  <w id="13" lemma="|-|" pos=":" wid="13">-</w>
  <w id="14" lemma="|man|" pos="NNS" wid="14">men</w>
  <w id="15" lemma="|,|" pos="," wid="15">,</w>
  <w id="16" lemma="|woman|" pos="NNS" wid="16">women</w>
  <w id="17" lemma="|and|" pos="CC" wid="17">and</w>
  <w id="18" lemma="|child|" pos="NNS" wid="18">children</w>
  <w id="19" lemma="|of|" pos="IN" wid="19">of</w>
  <w id="20" lemma="|different|" pos="JJ" wid="20">different</w>
  <w id="21" lemma="|age|" pos="NNS" wid="21">ages</w>
  <w id="22" lemma="|and|" pos="CC" wid="22">and</w>
  <w id="23" lemma="|race|" pos="NNS" wid="23">races</w>
  <w id="24" lemma="|,|" pos="," wid="24">,</w>
  <w id="25" lemma="|different|" pos="JJ" wid="25">different</w>
  <w id="26" lemma="|background|" pos="NNS" wid="26">backgrounds</w>
  <w id="27" lemma="|and|" pos="CC" wid="27">and</w>
  <w id="28" lemma="|culture|" pos="NNS" wid="28">cultures</w>
  <w id="29" lemma="|,|" pos="," wid="29">,</w>
  <w id="30" lemma="|people|" pos="NNS" wid="30">people</w>
  <w id="31" lemma="|who|" pos="WP" wid="31">who</w>
  <w id="32" lemma="|,|" pos="," wid="32">,</w>
  <w id="33" lemma="|while|" pos="IN" wid="33">while</w>
  <w id="34" lemma="|so|" pos="RB" wid="34">so</w>
  <w id="35" lemma="|diverse|" pos="JJ" wid="35">diverse</w>
  <w id="36" lemma="|,|" pos="," wid="36">,</w>
  <w id="37" lemma="|be|" pos="VBP" wid="37">are</w>
  <w id="38" lemma="|all|" pos="DT" wid="38">all</w>
  <w id="39" lemma="|make|" pos="VBN" wid="39">made</w>
  <w id="40" lemma="|one|" pos="CD" wid="40">one</w>
  <w id="41" lemma="|by|" pos="IN" wid="41">by</w>
  <w id="42" lemma="|the|" pos="DT" wid="42">the</w>
  <w id="43" lemma="|love|" pos="NN" wid="43">love</w>
  <w id="44" lemma="|of|" pos="IN" wid="44">of</w>
  <w id="45" lemma="|Christ|" pos="NNP" wid="45">Christ</w>
  <w id="46" lemma="|and|" pos="CC" wid="46">and</w>
  <w id="47" lemma="|the|" pos="DT" wid="47">the</w>
  <w id="48" lemma="|gift|" pos="NN" wid="48">gift</w>
  <w id="49" lemma="|of|" pos="IN" wid="49">of</w>
  <w id="50" lemma="|the|" pos="DT" wid="50">the</w>
  <w id="51" lemma="|holy|" pos="JJ" wid="51">Holy</w>
  <w id="52" lemma="|spirit|" pos="NN" wid="52">Spirit</w>
  <w id="53" lemma="|.|" pos="." wid="53">.</w>
</sentence>
<sentence id="11">
  <w id="0" lemma="|this|" pos="DT" wid="0">This</w>
  <w id="1" lemma="|communion|" pos="NN" wid="1">communion</w>
  <w id="2" lemma="|of|" pos="IN" wid="2">of</w>
  <w id="3" lemma="|person|" pos="NNS" wid="3">persons</w>
  <w id="4" lemma="|which|" pos="WDT" wid="4">which</w>
  <w id="5" lemma="|be|" pos="VBZ" wid="5">is</w>
  <w id="6" lemma="|the|" pos="DT" wid="6">the</w>
  <w id="7" lemma="|Church|" pos="NNP" wid="7">Church</w>
  <w id="8" lemma="|be|" pos="VBZ" wid="8">is</w>
  <w id="9" lemma="|really|" pos="RB" wid="9">really</w>
  <w id="10" lemma="|a|" pos="DT" wid="10">a</w>
  <w id="11" lemma="|mystery|" pos="NN" wid="11">mystery</w>
  <w id="12" lemma="|,|" pos="," wid="12">,</w>
  <w id="13" lemma="|in|" pos="IN" wid="13">in</w>
  <w id="14" lemma="|that|" pos="IN" wid="14">that</w>
  <w id="15" lemma="|it|" pos="PRP" wid="15">it</w>
  <w id="16" lemma="|be|" pos="VBZ" wid="16">is</w>
  <w id="17" lemma="|more|" pos="RBR" wid="17">more</w>
  <w id="18" lemma="|wonderful|" pos="JJ" wid="18">wonderful</w>
  <w id="19" lemma="|than|" pos="IN" wid="19">than</w>
  <w id="20" lemma="|we|" pos="PRP" wid="20">we</w>
  <w id="21" lemma="|could|" pos="MD" wid="21">could</w>
  <w id="22" lemma="|imagine|" pos="VB" wid="22">imagine</w>
  <w id="23" lemma="|,|" pos="," wid="23">,</w>
  <w id="24" lemma="|greater|" pos="JJR" wid="24">greater</w>
  <w id="25" lemma="|than|" pos="IN" wid="25">than</w>
  <w id="26" lemma="|we|" pos="PRP$" wid="26">our</w>
  <w id="27" lemma="|mind|" pos="NNS" wid="27">minds</w>
  <w id="28" lemma="|could|" pos="MD" wid="28">could</w>
  <w id="29" lemma="|ever|" pos="RB" wid="29">ever</w>
  <w id="30" lemma="|comprehend|" pos="VB" wid="30">comprehend</w>
  <w id="31" lemma="|.|" pos="." wid="31">.</w>
</sentence>
<sentence id="12">
  <w id="0" lemma="|as|" pos="IN" wid="0">As</w>
  <w id="1" lemma="|member|" pos="NNS" wid="1">members</w>
  <w id="2" lemma="|of|" pos="IN" wid="2">of</w>
  <w id="3" lemma="|the|" pos="DT" wid="3">the</w>
  <w id="4" lemma="|one|" pos="CD" wid="4">one</w>
  <w id="5" lemma="|body|" pos="NN" wid="5">Body</w>
  <w id="6" lemma="|of|" pos="IN" wid="6">of</w>
  <w id="7" lemma="|Christ|" pos="NNP" wid="7">Christ</w>
  <w id="8" lemma="|,|" pos="," wid="8">,</w>
  <w id="9" lemma="|we|" pos="PRP" wid="9">we</w>
  <w id="10" lemma="|share|" pos="VBP" wid="10">share</w>
  <w id="11" lemma="|in|" pos="IN" wid="11">in</w>
  <w id="12" lemma="|the|" pos="DT" wid="12">the</w>
  <w id="13" lemma="|very|" pos="JJ" wid="13">very</w>
  <w id="14" lemma="|life|" pos="NN" wid="14">life</w>
  <w id="15" lemma="|of|" pos="IN" wid="15">of</w>
  <w id="16" lemma="|the|" pos="DT" wid="16">the</w>
  <w id="17" lemma="|Most|" pos="NNP" wid="17">Most</w>
  <w id="18" lemma="|Holy|" pos="NNP" wid="18">Holy</w>
  <w id="19" lemma="|Trinity|" pos="NNP" wid="19">Trinity</w>
  <w id="20" lemma="|,|" pos="," wid="20">,</w>
  <w id="21" lemma="|unite|" pos="VBN" wid="21">united</w>
  <w id="22" lemma="|with|" pos="IN" wid="22">with</w>
  <w id="23" lemma="|one|" pos="CD" wid="23">one</w>
  <w id="24" lemma="|another|" pos="DT" wid="24">another</w>
  <w id="25" lemma="|as|" pos="IN" wid="25">as</w>
  <w id="26" lemma="|child|" pos="NNS" wid="26">children</w>
  <w id="27" lemma="|of|" pos="IN" wid="27">of</w>
  <w id="28" lemma="|a|" pos="DT" wid="28">a</w>
  <w id="29" lemma="|loving|" pos="JJ" wid="29">loving</w>
  <w id="30" lemma="|Father|" pos="NNP" wid="30">Father</w>
  <w id="31" lemma="|,|" pos="," wid="31">,</w>
  <w id="32" lemma="|as|" pos="IN" wid="32">as</w>
  <w id="33" lemma="|brother|" pos="NNS" wid="33">brothers</w>
  <w id="34" lemma="|and|" pos="CC" wid="34">and</w>
  <w id="35" lemma="|sister|" pos="NNS" wid="35">sisters</w>
  <w id="36" lemma="|in|" pos="IN" wid="36">in</w>
  <w id="37" lemma="|Jesus|" pos="NNP" wid="37">Jesus</w>
  <w id="38" lemma="|Christ|" pos="NNP" wid="38">Christ</w>
  <w id="39" lemma="|,|" pos="," wid="39">,</w>
  <w id="40" lemma="|coheir|" pos="NNS" wid="40">coheirs</w>
  <w id="41" lemma="|of|" pos="IN" wid="41">of</w>
  <w id="42" lemma="|the|" pos="DT" wid="42">the</w>
  <w id="43" lemma="|Kingdom|" pos="NNP" wid="43">Kingdom</w>
  <w id="44" lemma="|of|" pos="IN" wid="44">of</w>
  <w id="45" lemma="|heaven|" pos="NN" wid="45">heaven</w>
  <w id="46" lemma="|.|" pos="." wid="46">.</w>
</sentence>
<sentence id="13">
  <w id="0" lemma="|3|" pos="LS" wid="0">3</w>
  <w id="1" lemma="|.|" pos="." wid="1">.</w>
</sentence>
<sentence id="14">
  <w id="0" lemma="|what|" pos="WP" wid="0">What</w>
  <w id="1" lemma="|we|" pos="PRP" wid="1">we</w>
  <w id="2" lemma="|have|" pos="VBP" wid="2">have</w>
  <w id="3" lemma="|receive|" pos="VBN" wid="3">received</w>
  <w id="4" lemma="|as|" pos="IN" wid="4">as</w>
  <w id="5" lemma="|a|" pos="DT" wid="5">a</w>
  <w id="6" lemma="|gift|" pos="NN" wid="6">gift</w>
  <w id="7" lemma="|.|" pos="." wid="7">.</w>
</sentence>
<sentence id="15">
  <w id="0" lemma="|the|" pos="DT" wid="0">The</w>
  <w id="1" lemma="|great|" pos="JJ" wid="1">great</w>
  <w id="2" lemma="|gift|" pos="NN" wid="2">gift</w>
  <w id="3" lemma="|of|" pos="IN" wid="3">of</w>
  <w id="4" lemma="|communion|" pos="NN" wid="4">communion</w>
  <w id="5" lemma="|with|" pos="IN" wid="5">with</w>
  <w id="6" lemma="|God|" pos="NNP" wid="6">God</w>
  <w id="7" lemma="|must|" pos="MD" wid="7">must</w>
  <w id="8" lemma="|be|" pos="VB" wid="8">be</w>
  <w id="9" lemma="|share|" pos="VBN" wid="9">shared</w>
  <w id="10" lemma="|with|" pos="IN" wid="10">with</w>
  <w id="11" lemma="|other|" pos="NNS" wid="11">others</w>
  <w id="12" lemma="|.|" pos="." wid="12">.</w>
</sentence>
<sentence id="16">
  <w id="0" lemma="|we|" pos="PRP$" wid="0">Our</w>
  <w id="1" lemma="|modern|" pos="JJ" wid="1">modern</w>
  <w id="2" lemma="|world|" pos="NN" wid="2">world</w>
  <w id="3" lemma="|be|" pos="VBZ" wid="3">is</w>
  <w id="4" lemma="|tear|" pos="VBN" wid="4">torn</w>
  <w id="5" lemma="|apart|" pos="RB" wid="5">apart</w>
  <w id="6" lemma="|by|" pos="IN" wid="6">by</w>
  <w id="7" lemma="|prejudice|" pos="NN" wid="7">prejudice</w>
  <w id="8" lemma="|and|" pos="CC" wid="8">and</w>
  <w id="9" lemma="|violence|" pos="NN" wid="9">violence</w>
  <w id="10" lemma="|,|" pos="," wid="10">,</w>
  <w id="11" lemma="|while|" pos="IN" wid="11">while</w>
  <w id="12" lemma="|we|" pos="PRP$" wid="12">our</w>
  <w id="13" lemma="|family|" pos="NNS" wid="13">families</w>
  <w id="14" lemma="|be|" pos="VBP" wid="14">are</w>
  <w id="15" lemma="|threaten|" pos="VBN" wid="15">threatened</w>
  <w id="16" lemma="|by|" pos="IN" wid="16">by</w>
  <w id="17" lemma="|divorce|" pos="NN" wid="17">divorce</w>
  <w id="18" lemma="|,|" pos="," wid="18">,</w>
  <w id="19" lemma="|pornography|" pos="NN" wid="19">pornography</w>
  <w id="20" lemma="|,|" pos="," wid="20">,</w>
  <w id="21" lemma="|alcohol|" pos="NN" wid="21">alcohol</w>
  <w id="22" lemma="|and|" pos="CC" wid="22">and</w>
  <w id="23" lemma="|drug|" pos="NN" wid="23">drug</w>
  <w id="24" lemma="|abuse|" pos="NN" wid="24">abuse</w>
  <w id="25" lemma="|and|" pos="CC" wid="25">and</w>
  <w id="26" lemma="|many|" pos="JJ" wid="26">many</w>
  <w id="27" lemma="|other|" pos="JJ" wid="27">other</w>
  <w id="28" lemma="|evil|" pos="NNS" wid="28">evils</w>
  <w id="29" lemma="|.|" pos="." wid="29">.</w>
</sentence>
<sentence id="17">
  <w id="0" lemma="|to|" pos="TO" wid="0">To</w>
  <w id="1" lemma="|the|" pos="DT" wid="1">the</w>
  <w id="2" lemma="|world|" pos="NN" wid="2">world</w>
  <w id="3" lemma="|in|" pos="IN" wid="3">in</w>
  <w id="4" lemma="|1984|" pos="CD" wid="4">1984</w>
  <w id="5" lemma="|and|" pos="CC" wid="5">and</w>
  <w id="6" lemma="|beyond|" pos="IN" wid="6">beyond</w>
  <w id="7" lemma="|,|" pos="," wid="7">,</w>
  <w id="8" lemma="|to|" pos="TO" wid="8">to</w>
  <w id="9" lemma="|we|" pos="PRP$" wid="9">our</w>
  <w id="10" lemma="|family|" pos="NNS" wid="10">families</w>
  <w id="11" lemma="|and|" pos="CC" wid="11">and</w>
  <w id="12" lemma="|to|" pos="TO" wid="12">to</w>
  <w id="13" lemma="|we|" pos="PRP$" wid="13">our</w>
  <w id="14" lemma="|city|" pos="NNS" wid="14">cities</w>
  <w id="15" lemma="|,|" pos="," wid="15">,</w>
  <w id="16" lemma="|we|" pos="PRP" wid="16">we</w>
  <w id="17" lemma="|must|" pos="MD" wid="17">must</w>
  <w id="18" lemma="|bring|" pos="VB" wid="18">bring</w>
  <w id="19" lemma="|the|" pos="DT" wid="19">the</w>
  <w id="20" lemma="|gift|" pos="NNS" wid="20">gifts</w>
  <w id="21" lemma="|of|" pos="IN" wid="21">of</w>
  <w id="22" lemma="|communion|" pos="NN" wid="22">communion</w>
  <w id="23" lemma="|and|" pos="CC" wid="23">and</w>
  <w id="24" lemma="|love|" pos="NN" wid="24">love</w>
  <w id="25" lemma="|.|" pos="." wid="25">.</w>
</sentence>
<sentence id="18">
  <w id="0" lemma="|we|" pos="PRP" wid="0">We</w>
  <w id="1" lemma="|must|" pos="MD" wid="1">must</w>
  <w id="2" lemma="|forge|" pos="VB" wid="2">forge</w>
  <w id="3" lemma="|the|" pos="DT" wid="3">the</w>
  <w id="4" lemma="|bond|" pos="NNS" wid="4">bonds</w>
  <w id="5" lemma="|of|" pos="IN" wid="5">of</w>
  <w id="6" lemma="|justice|" pos="NN" wid="6">justice</w>
  <w id="7" lemma="|and|" pos="CC" wid="7">and</w>
  <w id="8" lemma="|peace|" pos="NN" wid="8">peace</w>
  <w id="9" lemma="|.|" pos="." wid="9">.</w>
</sentence>
<sentence id="19">
  <w id="0" lemma="|you|" pos="PRP" wid="0">You</w>
  <w id="1" lemma="|who|" pos="WP" wid="1">who</w>
  <w id="2" lemma="|be|" pos="VBP" wid="2">are</w>
  <w id="3" lemma="|young|" pos="JJ" wid="3">young</w>
  <w id="4" lemma="|and|" pos="CC" wid="4">and</w>
  <w id="5" lemma="|full|" pos="JJ" wid="5">full</w>
  <w id="6" lemma="|of|" pos="IN" wid="6">of</w>
  <w id="7" lemma="|enthusiasm|" pos="NN" wid="7">enthusiasm</w>
  <w id="8" lemma="|have|" pos="VBP" wid="8">have</w>
  <w id="9" lemma="|a|" pos="DT" wid="9">a</w>
  <w id="10" lemma="|special|" pos="JJ" wid="10">special</w>
  <w id="11" lemma="|part|" pos="NN" wid="11">part</w>
  <w id="12" lemma="|to|" pos="TO" wid="12">to</w>
  <w id="13" lemma="|play|" pos="VB" wid="13">play</w>
  <w id="14" lemma="|in|" pos="IN" wid="14">in</w>
  <w id="15" lemma="|the|" pos="DT" wid="15">the</w>
  <w id="16" lemma="|mission|" pos="NN" wid="16">mission</w>
  <w id="17" lemma="|of|" pos="IN" wid="17">of</w>
  <w id="18" lemma="|the|" pos="DT" wid="18">the</w>
  <w id="19" lemma="|Church|" pos="NNP" wid="19">Church</w>
  <w id="20" lemma="|.|" pos="." wid="20">.</w>
</sentence>
<sentence id="20">
  <w id="0" lemma="|try|" pos="VB" wid="0">Try</w>
  <w id="1" lemma="|,|" pos="," wid="1">,</w>
  <w id="2" lemma="|then|" pos="RB" wid="2">then</w>
  <w id="3" lemma="|,|" pos="," wid="3">,</w>
  <w id="4" lemma="|to|" pos="TO" wid="4">to</w>
  <w id="5" lemma="|create|" pos="VB" wid="5">create</w>
  <w id="6" lemma="|a|" pos="DT" wid="6">a</w>
  <w id="7" lemma="|communion|" pos="NN" wid="7">communion</w>
  <w id="8" lemma="|of|" pos="IN" wid="8">of</w>
  <w id="9" lemma="|christian|" pos="JJ" wid="9">Christian</w>
  <w id="10" lemma="|love|" pos="NN" wid="10">love</w>
  <w id="11" lemma="|at|" pos="IN" wid="11">at</w>
  <w id="12" lemma="|home|" pos="NN" wid="12">home</w>
  <w id="13" lemma="|and|" pos="CC" wid="13">and</w>
  <w id="14" lemma="|in|" pos="IN" wid="14">in</w>
  <w id="15" lemma="|you|" pos="PRP$" wid="15">your</w>
  <w id="16" lemma="|school|" pos="NNS" wid="16">schools</w>
  <w id="17" lemma="|,|" pos="," wid="17">,</w>
  <w id="18" lemma="|in|" pos="IN" wid="18">in</w>
  <w id="19" lemma="|you|" pos="PRP$" wid="19">your</w>
  <w id="20" lemma="|parish|" pos="NNS" wid="20">parishes</w>
  <w id="21" lemma="|and|" pos="CC" wid="21">and</w>
  <w id="22" lemma="|neighbourhood|" pos="NNS" wid="22">neighbourhoods</w>
  <w id="23" lemma="|,|" pos="," wid="23">,</w>
  <w id="24" lemma="|among|" pos="IN" wid="24">among</w>
  <w id="25" lemma="|you|" pos="PRP$" wid="25">your</w>
  <w id="26" lemma="|friend|" pos="NNS" wid="26">friends</w>
  <w id="27" lemma="|and|" pos="CC" wid="27">and</w>
  <w id="28" lemma="|with|" pos="IN" wid="28">with</w>
  <w id="29" lemma="|people|" pos="NNS" wid="29">people</w>
  <w id="30" lemma="|of|" pos="IN" wid="30">of</w>
  <w id="31" lemma="|all|" pos="DT" wid="31">all</w>
  <w id="32" lemma="|age|" pos="NNS" wid="32">ages</w>
  <w id="33" lemma="|.|" pos="." wid="33">.</w>
</sentence>
<sentence id="21">
  <w id="0" lemma="|recall|" pos="VB" wid="0">Recall</w>
  <w id="1" lemma="|the|" pos="DT" wid="1">the</w>
  <w id="2" lemma="|word|" pos="NNS" wid="2">words</w>
  <w id="3" lemma="|of|" pos="IN" wid="3">of</w>
  <w id="4" lemma="|Saint|" pos="NNP" wid="4">Saint</w>
  <w id="5" lemma="|Paul|" pos="NNP" wid="5">Paul</w>
  <w id="6" lemma="|:|" pos=":" wid="6">:</w>
  <w id="7" lemma="|``|" pos="``" wid="7">``</w>
  <w id="8" lemma="|lead|" pos="JJ" wid="8">Lead</w>
  <w id="9" lemma="|a|" pos="DT" wid="9">a</w>
  <w id="10" lemma="|life|" pos="NN" wid="10">life</w>
  <w id="11" lemma="|worthy|" pos="JJ" wid="11">worthy</w>
  <w id="12" lemma="|of|" pos="IN" wid="12">of</w>
  <w id="13" lemma="|you|" pos="PRP$" wid="13">your</w>
  <w id="14" lemma="|vocation|" pos="NN" wid="14">vocation</w>
  <w id="15" lemma="|.|" pos="." wid="15">.</w>
</sentence>
<sentence id="22">
  <w id="0" lemma="|bear|" pos="NN" wid="0">Bear</w>
  <w id="1" lemma="|with|" pos="IN" wid="1">with</w>
  <w id="2" lemma="|one|" pos="CD" wid="2">one</w>
  <w id="3" lemma="|another|" pos="DT" wid="3">another</w>
  <w id="4" lemma="|charitably|" pos="RB" wid="4">charitably</w>
  <w id="5" lemma="|,|" pos="," wid="5">,</w>
  <w id="6" lemma="|in|" pos="IN" wid="6">in</w>
  <w id="7" lemma="|complete|" pos="JJ" wid="7">complete</w>
  <w id="8" lemma="|selflessness|" pos="NN" wid="8">selflessness</w>
  <w id="9" lemma="|,|" pos="," wid="9">,</w>
  <w id="10" lemma="|gentleness|" pos="NN" wid="10">gentleness</w>
  <w id="11" lemma="|and|" pos="CC" wid="11">and</w>
  <w id="12" lemma="|patience|" pos="NN" wid="12">patience</w>
  <w id="13" lemma="|.|" pos="." wid="13">.</w>
</sentence>
<sentence id="23">
  <w id="0" lemma="|do|" pos="VB" wid="0">Do</w>
  <w id="1" lemma="|all|" pos="DT" wid="1">all</w>
  <w id="2" lemma="|you|" pos="PRP" wid="2">you</w>
  <w id="3" lemma="|can|" pos="MD" wid="3">can</w>
  <w id="4" lemma="|to|" pos="TO" wid="4">to</w>
  <w id="5" lemma="|preserve|" pos="VB" wid="5">preserve</w>
  <w id="6" lemma="|the|" pos="DT" wid="6">the</w>
  <w id="7" lemma="|unity|" pos="NN" wid="7">unity</w>
  <w id="8" lemma="|of|" pos="IN" wid="8">of</w>
  <w id="9" lemma="|the|" pos="DT" wid="9">the</w>
  <w id="10" lemma="|spirit|" pos="NN" wid="10">Spirit</w>
  <w id="11" lemma="|by|" pos="IN" wid="11">by</w>
  <w id="12" lemma="|the|" pos="DT" wid="12">the</w>
  <w id="13" lemma="|peace|" pos="NN" wid="13">peace</w>
  <w id="14" lemma="|that|" pos="WDT" wid="14">that</w>
  <w id="15" lemma="|bind|" pos="VBZ" wid="15">binds</w>
  <w id="16" lemma="|you|" pos="PRP" wid="16">you</w>
  <w id="17" lemma="|together|" pos="RB" wid="17">together</w>
  <w id="18" lemma="|''|" pos="''" wid="18">''</w>
  <w id="19" lemma="|.|" pos="." wid="19">.</w>
</sentence>
<sentence id="24">
  <w id="0" lemma="|Dear|" pos="NNP" wid="0">Dear</w>
  <w id="1" lemma="|young|" pos="JJ" wid="1">young</w>
  <w id="2" lemma="|people|" pos="NNS" wid="2">people</w>
  <w id="3" lemma="|of|" pos="IN" wid="3">of</w>
  <w id="4" lemma="|Halifax|" pos="NNP" wid="4">Halifax</w>
  <w id="5" lemma="|:|" pos=":" wid="5">:</w>
  <w id="6" lemma="|The|" pos="NNP" wid="6">The</w>
  <w id="7" lemma="|Lord|" pos="NNP" wid="7">Lord</w>
  <w id="8" lemma="|Jesus|" pos="NNP" wid="8">Jesus</w>
  <w id="9" lemma="|be|" pos="VBZ" wid="9">is</w>
  <w id="10" lemma="|count|" pos="VBG" wid="10">counting</w>
  <w id="11" lemma="|on|" pos="IN" wid="11">on</w>
  <w id="12" lemma="|you|" pos="PRP" wid="12">you</w>
  <w id="13" lemma="|!|" pos="." wid="13">!</w>
</sentence>
<sentence id="25">
  <w id="0" lemma="|4|" pos="LS" wid="0">4</w>
  <w id="1" lemma="|.|" pos="." wid="1">.</w>
</sentence>
<sentence id="26">
  <w id="0" lemma="|each|" pos="DT" wid="0">Each</w>
  <w id="1" lemma="|evening|" pos="NN" wid="1">evening</w>
  <w id="2" lemma="|,|" pos="," wid="2">,</w>
  <w id="3" lemma="|in|" pos="IN" wid="3">in</w>
  <w id="4" lemma="|country|" pos="NNS" wid="4">countries</w>
  <w id="5" lemma="|throughout|" pos="IN" wid="5">throughout</w>
  <w id="6" lemma="|the|" pos="DT" wid="6">the</w>
  <w id="7" lemma="|world|" pos="NN" wid="7">world</w>
  <w id="8" lemma="|,|" pos="," wid="8">,</w>
  <w id="9" lemma="|church|" pos="NN" wid="9">church</w>
  <w id="10" lemma="|bell|" pos="NNS" wid="10">bells</w>
  <w id="11" lemma="|ring|" pos="VBP" wid="11">ring</w>
  <w id="12" lemma="|out|" pos="RP" wid="12">out</w>
  <w id="13" lemma="|,|" pos="," wid="13">,</w>
  <w id="14" lemma="|invite|" pos="VBG" wid="14">inviting</w>
  <w id="15" lemma="|people|" pos="NNS" wid="15">people</w>
  <w id="16" lemma="|to|" pos="TO" wid="16">to</w>
  <w id="17" lemma="|recite|" pos="VB" wid="17">recite</w>
  <w id="18" lemma="|the|" pos="DT" wid="18">the</w>
  <w id="19" lemma="|``|" pos="``" wid="19">``</w>
  <w id="20" lemma="|Angelus|" pos="NNP" wid="20">Angelus</w>
  <w id="21" lemma="|''|" pos="''" wid="21">''</w>
  <w id="22" lemma="|.|" pos="." wid="22">.</w>
</sentence>
<sentence id="27">
  <w id="0" lemma="|as|" pos="IN" wid="0">As</w>
  <w id="1" lemma="|we|" pos="PRP" wid="1">we</w>
  <w id="2" lemma="|turn|" pos="VBP" wid="2">turn</w>
  <w id="3" lemma="|in|" pos="IN" wid="3">in</w>
  <w id="4" lemma="|prayer|" pos="NN" wid="4">prayer</w>
  <w id="5" lemma="|to|" pos="TO" wid="5">to</w>
  <w id="6" lemma="|the|" pos="DT" wid="6">the</w>
  <w id="7" lemma="|Mother|" pos="NNP" wid="7">Mother</w>
  <w id="8" lemma="|of|" pos="IN" wid="8">of</w>
  <w id="9" lemma="|God|" pos="NNP" wid="9">God</w>
  <w id="10" lemma="|this|" pos="DT" wid="10">this</w>
  <w id="11" lemma="|evening|" pos="NN" wid="11">evening</w>
  <w id="12" lemma="|,|" pos="," wid="12">,</w>
  <w id="13" lemma="|we|" pos="PRP" wid="13">we</w>
  <w id="14" lemma="|recall|" pos="VBP" wid="14">recall</w>
  <w id="15" lemma="|how|" pos="WRB" wid="15">how</w>
  <w id="16" lemma="|she|" pos="PRP" wid="16">she</w>
  <w id="17" lemma="|,|" pos="," wid="17">,</w>
  <w id="18" lemma="|already|" pos="RB" wid="18">already</w>
  <w id="19" lemma="|as|" pos="IN" wid="19">as</w>
  <w id="20" lemma="|a|" pos="DT" wid="20">a</w>
  <w id="21" lemma="|young|" pos="JJ" wid="21">young</w>
  <w id="22" lemma="|woman|" pos="NN" wid="22">woman</w>
  <w id="23" lemma="|,|" pos="," wid="23">,</w>
  <w id="24" lemma="|be|" pos="VBD" wid="24">was</w>
  <w id="25" lemma="|closely|" pos="RB" wid="25">closely</w>
  <w id="26" lemma="|unite|" pos="VBN" wid="26">united</w>
  <w id="27" lemma="|to|" pos="TO" wid="27">to</w>
  <w id="28" lemma="|the|" pos="DT" wid="28">the</w>
  <w id="29" lemma="|mystery|" pos="NN" wid="29">mystery</w>
  <w id="30" lemma="|of|" pos="IN" wid="30">of</w>
  <w id="31" lemma="|Christ|" pos="NNP" wid="31">Christ</w>
  <w id="32" lemma="|,|" pos="," wid="32">,</w>
  <w id="33" lemma="|fully|" pos="RB" wid="33">fully</w>
  <w id="34" lemma="|devote|" pos="VBN" wid="34">devoted</w>
  <w id="35" lemma="|to|" pos="TO" wid="35">to</w>
  <w id="36" lemma="|he|" pos="PRP$" wid="36">his</w>
  <w id="37" lemma="|work|" pos="NN" wid="37">work</w>
  <w id="38" lemma="|of|" pos="IN" wid="38">of</w>
  <w id="39" lemma="|salvation|" pos="NN" wid="39">salvation</w>
  <w id="40" lemma="|.|" pos="." wid="40">.</w>
</sentence>
<sentence id="28">
  <w id="0" lemma="|from|" pos="IN" wid="0">From</w>
  <w id="1" lemma="|she|" pos="PRP$" wid="1">her</w>
  <w id="2" lemma="|example|" pos="NN" wid="2">example</w>
  <w id="3" lemma="|of|" pos="IN" wid="3">of</w>
  <w id="4" lemma="|faith|" pos="NN" wid="4">faith</w>
  <w id="5" lemma="|and|" pos="CC" wid="5">and</w>
  <w id="6" lemma="|prayer|" pos="NN" wid="6">prayer</w>
  <w id="7" lemma="|,|" pos="," wid="7">,</w>
  <w id="8" lemma="|we|" pos="PRP" wid="8">we</w>
  <w id="9" lemma="|learn|" pos="VBP" wid="9">learn</w>
  <w id="10" lemma="|how|" pos="WRB" wid="10">how</w>
  <w id="11" lemma="|to|" pos="TO" wid="11">to</w>
  <w id="12" lemma="|meet|" pos="VB" wid="12">meet</w>
  <w id="13" lemma="|God|" pos="NNP" wid="13">God</w>
  <w id="14" lemma="|in|" pos="IN" wid="14">in</w>
  <w id="15" lemma="|the|" pos="DT" wid="15">the</w>
  <w id="16" lemma="|deep|" pos="JJ" wid="16">deep</w>
  <w id="17" lemma="|recess|" pos="NNS" wid="17">recesses</w>
  <w id="18" lemma="|of|" pos="IN" wid="18">of</w>
  <w id="19" lemma="|we|" pos="PRP$" wid="19">our</w>
  <w id="20" lemma="|heart|" pos="NNS" wid="20">hearts</w>
  <w id="21" lemma="|,|" pos="," wid="21">,</w>
  <w id="22" lemma="|we|" pos="PRP" wid="22">we</w>
  <w id="23" lemma="|learn|" pos="VBP" wid="23">learn</w>
  <w id="24" lemma="|how|" pos="WRB" wid="24">how</w>
  <w id="25" lemma="|to|" pos="TO" wid="25">to</w>
  <w id="26" lemma="|listen|" pos="VB" wid="26">listen</w>
  <w id="27" lemma="|to|" pos="TO" wid="27">to</w>
  <w id="28" lemma="|God|" pos="NNP" wid="28">God</w>
  <w id="29" lemma="|'s|" pos="POS" wid="29">'s</w>
  <w id="30" lemma="|word|" pos="NN" wid="30">word</w>
  <w id="31" lemma="|that|" pos="IN" wid="31">that</w>
  <w id="32" lemma="|it|" pos="PRP" wid="32">it</w>
  <w id="33" lemma="|may|" pos="MD" wid="33">may</w>
  <w id="34" lemma="|bear|" pos="VB" wid="34">bear</w>
  <w id="35" lemma="|fruit|" pos="NN" wid="35">fruit</w>
  <w id="36" lemma="|in|" pos="IN" wid="36">in</w>
  <w id="37" lemma="|we|" pos="PRP$" wid="37">our</w>
  <w id="38" lemma="|life|" pos="NNS" wid="38">lives</w>
  <w id="39" lemma="|.|" pos="." wid="39">.</w>
</sentence>
<sentence id="29">
  <w id="0" lemma="|let|" pos="VB" wid="0">Let</w>
  <w id="1" lemma="|we|" pos="PRP" wid="1">us</w>
  <w id="2" lemma="|,|" pos="," wid="2">,</w>
  <w id="3" lemma="|then|" pos="RB" wid="3">then</w>
  <w id="4" lemma="|,|" pos="," wid="4">,</w>
  <w id="5" lemma="|turn|" pos="VB" wid="5">turn</w>
  <w id="6" lemma="|to|" pos="TO" wid="6">to</w>
  <w id="7" lemma="|Mary|" pos="NNP" wid="7">Mary</w>
  <w id="8" lemma="|with|" pos="IN" wid="8">with</w>
  <w id="9" lemma="|great|" pos="JJ" wid="9">great</w>
  <w id="10" lemma="|confidence|" pos="NN" wid="10">confidence</w>
  <w id="11" lemma="|and|" pos="CC" wid="11">and</w>
  <w id="12" lemma="|hope|" pos="NN" wid="12">hope</w>
  <w id="13" lemma="|,|" pos="," wid="13">,</w>
  <w id="14" lemma="|bring|" pos="VBG" wid="14">bringing</w>
  <w id="15" lemma="|to|" pos="TO" wid="15">to</w>
  <w id="16" lemma="|she|" pos="PRP$" wid="16">her</w>
  <w id="17" lemma="|we|" pos="PRP$" wid="17">our</w>
  <w id="18" lemma="|petition|" pos="NN" wid="18">petition</w>
  <w id="19" lemma="|for|" pos="IN" wid="19">for</w>
  <w id="20" lemma="|a|" pos="DT" wid="20">a</w>
  <w id="21" lemma="|communion|" pos="NN" wid="21">communion</w>
  <w id="22" lemma="|of|" pos="IN" wid="22">of</w>
  <w id="23" lemma="|love|" pos="NN" wid="23">love</w>
  <w id="24" lemma="|and|" pos="CC" wid="24">and</w>
  <w id="25" lemma="|harmony|" pos="NN" wid="25">harmony</w>
  <w id="26" lemma="|in|" pos="IN" wid="26">in</w>
  <w id="27" lemma="|we|" pos="PRP$" wid="27">our</w>
  <w id="28" lemma="|home|" pos="NNS" wid="28">homes</w>
  <w id="29" lemma="|and|" pos="CC" wid="29">and</w>
  <w id="30" lemma="|for|" pos="IN" wid="30">for</w>
  <w id="31" lemma="|peace|" pos="NN" wid="31">peace</w>
  <w id="32" lemma="|and|" pos="CC" wid="32">and</w>
  <w id="33" lemma="|unity|" pos="NN" wid="33">unity</w>
  <w id="34" lemma="|in|" pos="IN" wid="34">in</w>
  <w id="35" lemma="|the|" pos="DT" wid="35">the</w>
  <w id="36" lemma="|world|" pos="NN" wid="36">world</w>
  <w id="37" lemma="|.|" pos="." wid="37">.</w>
</sentence>
<sentence id="30">
  <w id="0" lemma="|Mary|" pos="NNP" wid="0">Mary</w>
  <w id="1" lemma="|,|" pos="," wid="1">,</w>
  <w id="2" lemma="|Mother|" pos="NNP" wid="2">Mother</w>
  <w id="3" lemma="|of|" pos="IN" wid="3">of</w>
  <w id="4" lemma="|God|" pos="NNP" wid="4">God</w>
  <w id="5" lemma="|and|" pos="CC" wid="5">and</w>
  <w id="6" lemma="|Queen|" pos="NNP" wid="6">Queen</w>
  <w id="7" lemma="|of|" pos="IN" wid="7">of</w>
  <w id="8" lemma="|Peace|" pos="NNP" wid="8">Peace</w>
  <w id="9" lemma="|,|" pos="," wid="9">,</w>
  <w id="10" lemma="|pray|" pos="NN" wid="10">pray</w>
  <w id="11" lemma="|for|" pos="IN" wid="11">for</w>
  <w id="12" lemma="|we|" pos="PRP" wid="12">us</w>
  <w id="13" lemma="|.|" pos="." wid="13">.</w>
</sentence>
</corpus>