<corpus id="0">
<sentence id="0">
  <w id="0" lemma="|Dear|" pos="NNP" wid="0">Dear</w>
  <w id="1" lemma="|Brothers|" pos="NNPS" wid="1">Brothers</w>
  <w id="2" lemma="|and|" pos="CC" wid="2">and</w>
  <w id="3" lemma="|sister|" pos="NNS" wid="3">Sisters</w>
  <w id="4" lemma="|,|" pos="," wid="4">,</w>
  <w id="5" lemma="|1|" pos="CD" wid="5">1</w>
  <w id="6" lemma="|.|" pos="." wid="6">.</w>
</sentence>
<sentence id="1">
  <w id="0" lemma="|next|" pos="JJ" wid="0">Next</w>
  <w id="1" lemma="|Sunday|" pos="NNP" wid="1">Sunday</w>
  <w id="2" lemma="|we|" pos="PRP" wid="2">we</w>
  <w id="3" lemma="|will|" pos="MD" wid="3">will</w>
  <w id="4" lemma="|celebrate|" pos="VB" wid="4">celebrate</w>
  <w id="5" lemma="|World|" pos="NNP" wid="5">World</w>
  <w id="6" lemma="|Mission|" pos="NNP" wid="6">Mission</w>
  <w id="7" lemma="|Day|" pos="NNP" wid="7">Day</w>
  <w id="8" lemma="|whose|" pos="WP$" wid="8">whose</w>
  <w id="9" lemma="|theme|" pos="NN" wid="9">theme</w>
  <w id="10" lemma="|be|" pos="VBZ" wid="10">is</w>
  <w id="11" lemma="|``|" pos="``" wid="11">``</w>
  <w id="12" lemma="|the|" pos="DT" wid="12">The</w>
  <w id="13" lemma="|father|" pos="NN" wid="13">Father</w>
  <w id="14" lemma="|:|" pos=":" wid="14">:</w>
  <w id="15" lemma="|source|" pos="NN" wid="15">Source</w>
  <w id="16" lemma="|of|" pos="IN" wid="16">of</w>
  <w id="17" lemma="|apostolic|" pos="JJ" wid="17">Apostolic</w>
  <w id="18" lemma="|commitment|" pos="NN" wid="18">Commitment</w>
  <w id="19" lemma="|in|" pos="IN" wid="19">in</w>
  <w id="20" lemma="|the|" pos="DT" wid="20">the</w>
  <w id="21" lemma="|Church|" pos="NNP" wid="21">Church</w>
  <w id="22" lemma="|''|" pos="''" wid="22">''</w>
  <w id="23" lemma="|.|" pos="." wid="23">.</w>
</sentence>
<sentence id="2">
  <w id="0" lemma="|the|" pos="DT" wid="0">The</w>
  <w id="1" lemma="|mission|" pos="NN" wid="1">mission</w>
  <w id="2" lemma="|of|" pos="IN" wid="2">of</w>
  <w id="3" lemma="|Christ|" pos="NNP" wid="3">Christ</w>
  <w id="4" lemma="|who|" pos="WP" wid="4">who</w>
  <w id="5" lemma="|,|" pos="," wid="5">,</w>
  <w id="6" lemma="|appear|" pos="VBG" wid="6">appearing</w>
  <w id="7" lemma="|to|" pos="TO" wid="7">to</w>
  <w id="8" lemma="|the|" pos="DT" wid="8">the</w>
  <w id="9" lemma="|Apostles|" pos="NNPS" wid="9">Apostles</w>
  <w id="10" lemma="|on|" pos="IN" wid="10">on</w>
  <w id="11" lemma="|Easter|" pos="NNP" wid="11">Easter</w>
  <w id="12" lemma="|Day|" pos="NNP" wid="12">Day</w>
  <w id="13" lemma="|in|" pos="IN" wid="13">in</w>
  <w id="14" lemma="|the|" pos="DT" wid="14">the</w>
  <w id="15" lemma="|evening|" pos="NN" wid="15">evening</w>
  <w id="16" lemma="|,|" pos="," wid="16">,</w>
  <w id="17" lemma="|pass|" pos="VBD" wid="17">passed</w>
  <w id="18" lemma="|on|" pos="RP" wid="18">on</w>
  <w id="19" lemma="|to|" pos="TO" wid="19">to</w>
  <w id="20" lemma="|they|" pos="PRP" wid="20">them</w>
  <w id="21" lemma="|he|" pos="PRP$" wid="21">his</w>
  <w id="22" lemma="|own|" pos="JJ" wid="22">own</w>
  <w id="23" lemma="|mission|" pos="NN" wid="23">mission</w>
  <w id="24" lemma="|:|" pos=":" wid="24">:</w>
  <w id="25" lemma="|``|" pos="``" wid="25">``</w>
  <w id="26" lemma="|as|" pos="IN" wid="26">As</w>
  <w id="27" lemma="|the|" pos="DT" wid="27">the</w>
  <w id="28" lemma="|Father|" pos="NNP" wid="28">Father</w>
  <w id="29" lemma="|have|" pos="VBZ" wid="29">has</w>
  <w id="30" lemma="|send|" pos="VBN" wid="30">sent</w>
  <w id="31" lemma="|I|" pos="PRP" wid="31">me</w>
  <w id="32" lemma="|,|" pos="," wid="32">,</w>
  <w id="33" lemma="|even|" pos="RB" wid="33">even</w>
  <w id="34" lemma="|so|" pos="IN" wid="34">so</w>
  <w id="35" lemma="|I|" pos="PRP" wid="35">I</w>
  <w id="36" lemma="|send|" pos="VBP" wid="36">send</w>
  <w id="37" lemma="|you|" pos="PRP" wid="37">you</w>
  <w id="38" lemma="|''|" pos="''" wid="38">''</w>
  <w id="39" lemma="|-lrb-|" pos="-LRB-" wid="39">-LRB-</w>
  <w id="40" lemma="|jn|" pos="NN" wid="40">Jn</w>
  <w id="41" lemma="|20|" pos="CD" wid="41">20</w>
  <w id="42" lemma="|:|" pos=":" wid="42">:</w>
  <w id="43" lemma="|21|" pos="CD" wid="43">21</w>
  <w id="44" lemma="|-rrb-|" pos="-RRB-" wid="44">-RRB-</w>
  <w id="45" lemma="|originate|" pos="VBZ" wid="45">originates</w>
  <w id="46" lemma="|in|" pos="IN" wid="46">in</w>
  <w id="47" lemma="|God|" pos="NNP" wid="47">God</w>
  <w id="48" lemma="|'s|" pos="POS" wid="48">'s</w>
  <w id="49" lemma="|heart|" pos="NN" wid="49">heart</w>
  <w id="50" lemma="|,|" pos="," wid="50">,</w>
  <w id="51" lemma="|a|" pos="DT" wid="51">a</w>
  <w id="52" lemma="|source|" pos="NN" wid="52">source</w>
  <w id="53" lemma="|of|" pos="IN" wid="53">of</w>
  <w id="54" lemma="|infinite|" pos="JJ" wid="54">infinite</w>
  <w id="55" lemma="|love|" pos="NN" wid="55">love</w>
  <w id="56" lemma="|.|" pos="." wid="56">.</w>
</sentence>
<sentence id="3">
  <w id="0" lemma="|as|" pos="IN" wid="0">As</w>
  <w id="1" lemma="|the|" pos="DT" wid="1">the</w>
  <w id="2" lemma="|Father|" pos="NNP" wid="2">Father</w>
  <w id="3" lemma="|send|" pos="VBD" wid="3">sent</w>
  <w id="4" lemma="|the|" pos="DT" wid="4">the</w>
  <w id="5" lemma="|Son|" pos="NNP" wid="5">Son</w>
  <w id="6" lemma="|,|" pos="," wid="6">,</w>
  <w id="7" lemma="|so|" pos="IN" wid="7">so</w>
  <w id="8" lemma="|the|" pos="DT" wid="8">the</w>
  <w id="9" lemma="|Son|" pos="NNP" wid="9">Son</w>
  <w id="10" lemma="|send|" pos="VBZ" wid="10">sends</w>
  <w id="11" lemma="|the|" pos="DT" wid="11">the</w>
  <w id="12" lemma="|Church|" pos="NNP" wid="12">Church</w>
  <w id="13" lemma="|to|" pos="TO" wid="13">to</w>
  <w id="14" lemma="|the|" pos="DT" wid="14">the</w>
  <w id="15" lemma="|very|" pos="JJ" wid="15">very</w>
  <w id="16" lemma="|end|" pos="NNS" wid="16">ends</w>
  <w id="17" lemma="|of|" pos="IN" wid="17">of</w>
  <w id="18" lemma="|the|" pos="DT" wid="18">the</w>
  <w id="19" lemma="|earth|" pos="NN" wid="19">earth</w>
  <w id="20" lemma="|.|" pos="." wid="20">.</w>
</sentence>
<sentence id="4">
  <w id="0" lemma="|this|" pos="DT" wid="0">This</w>
  <w id="1" lemma="|be|" pos="VBZ" wid="1">is</w>
  <w id="2" lemma="|a|" pos="DT" wid="2">a</w>
  <w id="3" lemma="|unique|" pos="JJ" wid="3">unique</w>
  <w id="4" lemma="|mission|" pos="NN" wid="4">mission</w>
  <w id="5" lemma="|,|" pos="," wid="5">,</w>
  <w id="6" lemma="|a|" pos="DT" wid="6">a</w>
  <w id="7" lemma="|unique|" pos="JJ" wid="7">unique</w>
  <w id="8" lemma="|message|" pos="NN" wid="8">message</w>
  <w id="9" lemma="|of|" pos="IN" wid="9">of</w>
  <w id="10" lemma="|salvation|" pos="NN" wid="10">salvation</w>
  <w id="11" lemma="|which|" pos="WDT" wid="11">which</w>
  <w id="12" lemma="|come|" pos="VBZ" wid="12">comes</w>
  <w id="13" lemma="|from|" pos="IN" wid="13">from</w>
  <w id="14" lemma="|God|" pos="NNP" wid="14">God</w>
  <w id="15" lemma="|and|" pos="CC" wid="15">and</w>
  <w id="16" lemma="|be|" pos="VBZ" wid="16">is</w>
  <w id="17" lemma="|destine|" pos="VBN" wid="17">destined</w>
  <w id="18" lemma="|for|" pos="IN" wid="18">for</w>
  <w id="19" lemma="|every|" pos="DT" wid="19">every</w>
  <w id="20" lemma="|human|" pos="JJ" wid="20">human</w>
  <w id="21" lemma="|be|" pos="VBG" wid="21">being</w>
  <w id="22" lemma="|so|" pos="RB" wid="22">so</w>
  <w id="23" lemma="|that|" pos="IN" wid="23">that</w>
  <w id="24" lemma="|,|" pos="," wid="24">,</w>
  <w id="25" lemma="|redeem|" pos="VBN" wid="25">redeemed</w>
  <w id="26" lemma="|from|" pos="IN" wid="26">from</w>
  <w id="27" lemma="|sin|" pos="NN" wid="27">sin</w>
  <w id="28" lemma="|,|" pos="," wid="28">,</w>
  <w id="29" lemma="|all|" pos="DT" wid="29">all</w>
  <w id="30" lemma="|may|" pos="MD" wid="30">may</w>
  <w id="31" lemma="|become|" pos="VB" wid="31">become</w>
  <w id="32" lemma="|child|" pos="NNS" wid="32">children</w>
  <w id="33" lemma="|of|" pos="IN" wid="33">of</w>
  <w id="34" lemma="|God|" pos="NNP" wid="34">God</w>
  <w id="35" lemma="|.|" pos="." wid="35">.</w>
</sentence>
<sentence id="5">
  <w id="0" lemma="|2|" pos="CD" wid="0">2</w>
  <w id="1" lemma="|.|" pos="." wid="1">.</w>
</sentence>
<sentence id="6">
  <w id="0" lemma="|the|" pos="DT" wid="0">The</w>
  <w id="1" lemma="|Church|" pos="NNP" wid="1">Church</w>
  <w id="2" lemma="|never|" pos="RB" wid="2">never</w>
  <w id="3" lemma="|cease|" pos="VBZ" wid="3">ceases</w>
  <w id="4" lemma="|to|" pos="TO" wid="4">to</w>
  <w id="5" lemma="|proclaim|" pos="VB" wid="5">proclaim</w>
  <w id="6" lemma="|God|" pos="NNP" wid="6">God</w>
  <w id="7" lemma="|'s|" pos="POS" wid="7">'s</w>
  <w id="8" lemma="|fatherhood|" pos="NN" wid="8">fatherhood</w>
  <w id="9" lemma="|to|" pos="TO" wid="9">to</w>
  <w id="10" lemma="|the|" pos="DT" wid="10">the</w>
  <w id="11" lemma="|world|" pos="NN" wid="11">world</w>
  <w id="12" lemma="|with|" pos="IN" wid="12">with</w>
  <w id="13" lemma="|the|" pos="DT" wid="13">the</w>
  <w id="14" lemma="|preaching|" pos="NN" wid="14">preaching</w>
  <w id="15" lemma="|and|" pos="CC" wid="15">and</w>
  <w id="16" lemma="|witness|" pos="NN" wid="16">witness</w>
  <w id="17" lemma="|of|" pos="IN" wid="17">of</w>
  <w id="18" lemma="|he|" pos="PRP$" wid="18">his</w>
  <w id="19" lemma="|child|" pos="NNS" wid="19">children</w>
  <w id="20" lemma="|.|" pos="." wid="20">.</w>
</sentence>
<sentence id="7">
  <w id="0" lemma="|evangelization|" pos="NN" wid="0">Evangelization</w>
  <w id="1" lemma="|,|" pos="," wid="1">,</w>
  <w id="2" lemma="|in|" pos="IN" wid="2">in</w>
  <w id="3" lemma="|fact|" pos="NN" wid="3">fact</w>
  <w id="4" lemma="|,|" pos="," wid="4">,</w>
  <w id="5" lemma="|be|" pos="VBZ" wid="5">is</w>
  <w id="6" lemma="|strengthen|" pos="VBN" wid="6">strengthened</w>
  <w id="7" lemma="|and|" pos="CC" wid="7">and</w>
  <w id="8" lemma="|make|" pos="VBN" wid="8">made</w>
  <w id="9" lemma="|credible|" pos="JJ" wid="9">credible</w>
  <w id="10" lemma="|by|" pos="IN" wid="10">by</w>
  <w id="11" lemma="|the|" pos="DT" wid="11">the</w>
  <w id="12" lemma="|holiness|" pos="NN" wid="12">holiness</w>
  <w id="13" lemma="|of|" pos="IN" wid="13">of</w>
  <w id="14" lemma="|christian|" pos="NNS" wid="14">Christians</w>
  <w id="15" lemma="|and|" pos="CC" wid="15">and</w>
  <w id="16" lemma="|ecclesial|" pos="JJ" wid="16">ecclesial</w>
  <w id="17" lemma="|community|" pos="NNS" wid="17">communities</w>
  <w id="18" lemma="|who|" pos="WP" wid="18">who</w>
  <w id="19" lemma="|strive|" pos="VBP" wid="19">strive</w>
  <w id="20" lemma="|to|" pos="TO" wid="20">to</w>
  <w id="21" lemma="|live|" pos="VB" wid="21">live</w>
  <w id="22" lemma="|as|" pos="IN" wid="22">as</w>
  <w id="23" lemma="|true|" pos="JJ" wid="23">true</w>
  <w id="24" lemma="|child|" pos="NNS" wid="24">children</w>
  <w id="25" lemma="|of|" pos="IN" wid="25">of</w>
  <w id="26" lemma="|God|" pos="NNP" wid="26">God</w>
  <w id="27" lemma="|,|" pos="," wid="27">,</w>
  <w id="28" lemma="|put|" pos="VBG" wid="28">putting</w>
  <w id="29" lemma="|into|" pos="IN" wid="29">into</w>
  <w id="30" lemma="|practice|" pos="NN" wid="30">practice</w>
  <w id="31" lemma="|the|" pos="DT" wid="31">the</w>
  <w id="32" lemma="|twofold|" pos="JJ" wid="32">twofold</w>
  <w id="33" lemma="|commandment|" pos="NN" wid="33">commandment</w>
  <w id="34" lemma="|of|" pos="IN" wid="34">of</w>
  <w id="35" lemma="|love|" pos="NN" wid="35">love</w>
  <w id="36" lemma="|.|" pos="." wid="36">.</w>
</sentence>
<sentence id="8">
  <w id="0" lemma="|I|" pos="PRP" wid="0">I</w>
  <w id="1" lemma="|be|" pos="VBP" wid="1">am</w>
  <w id="2" lemma="|think|" pos="VBG" wid="2">thinking</w>
  <w id="3" lemma="|of|" pos="IN" wid="3">of</w>
  <w id="4" lemma="|the|" pos="DT" wid="4">the</w>
  <w id="5" lemma="|many|" pos="JJ" wid="5">many</w>
  <w id="6" lemma="|missionary|" pos="NNS" wid="6">missionaries</w>
  <w id="7" lemma="|,|" pos="," wid="7">,</w>
  <w id="8" lemma="|priest|" pos="NNS" wid="8">priests</w>
  <w id="9" lemma="|,|" pos="," wid="9">,</w>
  <w id="10" lemma="|religious|" pos="JJ" wid="10">religious</w>
  <w id="11" lemma="|and|" pos="CC" wid="11">and</w>
  <w id="12" lemma="|lay|" pos="JJ" wid="12">lay</w>
  <w id="13" lemma="|people|" pos="NNS" wid="13">people</w>
  <w id="14" lemma="|who|" pos="WP" wid="14">who</w>
  <w id="15" lemma="|witness|" pos="NN" wid="15">witness</w>
  <w id="16" lemma="|to|" pos="TO" wid="16">to</w>
  <w id="17" lemma="|Christ|" pos="NNP" wid="17">Christ</w>
  <w id="18" lemma="|in|" pos="IN" wid="18">in</w>
  <w id="19" lemma="|every|" pos="DT" wid="19">every</w>
  <w id="20" lemma="|corner|" pos="NN" wid="20">corner</w>
  <w id="21" lemma="|of|" pos="IN" wid="21">of</w>
  <w id="22" lemma="|the|" pos="DT" wid="22">the</w>
  <w id="23" lemma="|earth|" pos="NN" wid="23">earth</w>
  <w id="24" lemma="|,|" pos="," wid="24">,</w>
  <w id="25" lemma="|surround|" pos="VBN" wid="25">surrounded</w>
  <w id="26" lemma="|by|" pos="IN" wid="26">by</w>
  <w id="27" lemma="|difficulty|" pos="NNS" wid="27">difficulties</w>
  <w id="28" lemma="|,|" pos="," wid="28">,</w>
  <w id="29" lemma="|who|" pos="WP" wid="29">who</w>
  <w id="30" lemma="|sometimes|" pos="RB" wid="30">sometimes</w>
  <w id="31" lemma="|pay|" pos="VBP" wid="31">pay</w>
  <w id="32" lemma="|with|" pos="IN" wid="32">with</w>
  <w id="33" lemma="|they|" pos="PRP$" wid="33">their</w>
  <w id="34" lemma="|blood|" pos="NN" wid="34">blood</w>
  <w id="35" lemma="|for|" pos="IN" wid="35">for</w>
  <w id="36" lemma="|they|" pos="PRP$" wid="36">their</w>
  <w id="37" lemma="|fidelity|" pos="NN" wid="37">fidelity</w>
  <w id="38" lemma="|to|" pos="TO" wid="38">to</w>
  <w id="39" lemma="|the|" pos="DT" wid="39">the</w>
  <w id="40" lemma="|mission|" pos="NN" wid="40">mission</w>
  <w id="41" lemma="|.|" pos="." wid="41">.</w>
</sentence>
<sentence id="9">
  <w id="0" lemma="|May|" pos="NNP" wid="0">May</w>
  <w id="1" lemma="|these|" pos="DT" wid="1">these</w>
  <w id="2" lemma="|brother|" pos="NNS" wid="2">brothers</w>
  <w id="3" lemma="|and|" pos="CC" wid="3">and</w>
  <w id="4" lemma="|sister|" pos="NNS" wid="4">sisters</w>
  <w id="5" lemma="|of|" pos="IN" wid="5">of</w>
  <w id="6" lemma="|ours|" pos="PRP" wid="6">ours</w>
  <w id="7" lemma="|never|" pos="RB" wid="7">never</w>
  <w id="8" lemma="|lack|" pos="VBP" wid="8">lack</w>
  <w id="9" lemma="|the|" pos="DT" wid="9">the</w>
  <w id="10" lemma="|spiritual|" pos="JJ" wid="10">spiritual</w>
  <w id="11" lemma="|and|" pos="CC" wid="11">and</w>
  <w id="12" lemma="|material|" pos="JJ" wid="12">material</w>
  <w id="13" lemma="|support|" pos="NN" wid="13">support</w>
  <w id="14" lemma="|of|" pos="IN" wid="14">of</w>
  <w id="15" lemma="|we|" pos="PRP$" wid="15">our</w>
  <w id="16" lemma="|community|" pos="NNS" wid="16">communities</w>
  <w id="17" lemma="|.|" pos="." wid="17">.</w>
</sentence>
<sentence id="10">
  <w id="0" lemma="|3|" pos="LS" wid="0">3</w>
  <w id="1" lemma="|.|" pos="." wid="1">.</w>
</sentence>
<sentence id="11">
  <w id="0" lemma="|World|" pos="NNP" wid="0">World</w>
  <w id="1" lemma="|Mission|" pos="NNP" wid="1">Mission</w>
  <w id="2" lemma="|Day|" pos="NNP" wid="2">Day</w>
  <w id="3" lemma="|invite|" pos="VBZ" wid="3">invites</w>
  <w id="4" lemma="|all|" pos="DT" wid="4">all</w>
  <w id="5" lemma="|believer|" pos="NNS" wid="5">believers</w>
  <w id="6" lemma="|to|" pos="TO" wid="6">to</w>
  <w id="7" lemma="|be|" pos="VB" wid="7">be</w>
  <w id="8" lemma="|missionary|" pos="NNS" wid="8">missionaries</w>
  <w id="9" lemma="|in|" pos="IN" wid="9">in</w>
  <w id="10" lemma="|they|" pos="PRP$" wid="10">their</w>
  <w id="11" lemma="|own|" pos="JJ" wid="11">own</w>
  <w id="12" lemma="|walk|" pos="NN" wid="12">walk</w>
  <w id="13" lemma="|of|" pos="IN" wid="13">of</w>
  <w id="14" lemma="|life|" pos="NN" wid="14">life</w>
  <w id="15" lemma="|.|" pos="." wid="15">.</w>
</sentence>
<sentence id="12">
  <w id="0" lemma="|indeed|" pos="RB" wid="0">Indeed</w>
  <w id="1" lemma="|,|" pos="," wid="1">,</w>
  <w id="2" lemma="|the|" pos="DT" wid="2">the</w>
  <w id="3" lemma="|Church|" pos="NNP" wid="3">Church</w>
  <w id="4" lemma="|have|" pos="VBZ" wid="4">has</w>
  <w id="5" lemma="|many|" pos="JJ" wid="5">many</w>
  <w id="6" lemma="|task|" pos="NNS" wid="6">tasks</w>
  <w id="7" lemma="|,|" pos="," wid="7">,</w>
  <w id="8" lemma="|but|" pos="CC" wid="8">but</w>
  <w id="9" lemma="|only|" pos="RB" wid="9">only</w>
  <w id="10" lemma="|one|" pos="CD" wid="10">one</w>
  <w id="11" lemma="|mission|" pos="NN" wid="11">mission</w>
  <w id="12" lemma="|.|" pos="." wid="12">.</w>
</sentence>
<sentence id="13">
  <w id="0" lemma="|this|" pos="DT" wid="0">This</w>
  <w id="1" lemma="|be|" pos="VBZ" wid="1">is</w>
  <w id="2" lemma="|the|" pos="DT" wid="2">the</w>
  <w id="3" lemma="|spirit|" pos="NN" wid="3">spirit</w>
  <w id="4" lemma="|in|" pos="IN" wid="4">in</w>
  <w id="5" lemma="|which|" pos="WDT" wid="5">which</w>
  <w id="6" lemma="|I|" pos="PRP" wid="6">I</w>
  <w id="7" lemma="|too|" pos="RB" wid="7">too</w>
  <w id="8" lemma="|try|" pos="VBP" wid="8">try</w>
  <w id="9" lemma="|to|" pos="TO" wid="9">to</w>
  <w id="10" lemma="|carry|" pos="VB" wid="10">carry</w>
  <w id="11" lemma="|out|" pos="RP" wid="11">out</w>
  <w id="12" lemma="|the|" pos="DT" wid="12">the</w>
  <w id="13" lemma="|apostolic|" pos="JJ" wid="13">apostolic</w>
  <w id="14" lemma="|ministry|" pos="NN" wid="14">ministry</w>
  <w id="15" lemma="|which|" pos="WDT" wid="15">which</w>
  <w id="16" lemma="|divine|" pos="VBP" wid="16">divine</w>
  <w id="17" lemma="|Providence|" pos="NNP" wid="17">Providence</w>
  <w id="18" lemma="|entrust|" pos="VBD" wid="18">entrusted</w>
  <w id="19" lemma="|to|" pos="TO" wid="19">to</w>
  <w id="20" lemma="|I|" pos="PRP" wid="20">me</w>
  <w id="21" lemma="|on|" pos="IN" wid="21">on</w>
  <w id="22" lemma="|16|" pos="CD" wid="22">16</w>
  <w id="23" lemma="|October|" pos="NNP" wid="23">October</w>
  <w id="24" lemma="|1978|" pos="CD" wid="24">1978</w>
  <w id="25" lemma="|.|" pos="." wid="25">.</w>
</sentence>
<sentence id="14">
  <w id="0" lemma="|while|" pos="IN" wid="0">While</w>
  <w id="1" lemma="|I|" pos="PRP" wid="1">I</w>
  <w id="2" lemma="|cordially|" pos="RB" wid="2">cordially</w>
  <w id="3" lemma="|thank|" pos="VB" wid="3">thank</w>
  <w id="4" lemma="|all|" pos="PDT" wid="4">all</w>
  <w id="5" lemma="|those|" pos="DT" wid="5">those</w>
  <w id="6" lemma="|who|" pos="WP" wid="6">who</w>
  <w id="7" lemma="|have|" pos="VBP" wid="7">have</w>
  <w id="8" lemma="|renew|" pos="VBN" wid="8">renewed</w>
  <w id="9" lemma="|they|" pos="PRP$" wid="9">their</w>
  <w id="10" lemma="|fervent|" pos="JJ" wid="10">fervent</w>
  <w id="11" lemma="|good|" pos="JJ" wid="11">good</w>
  <w id="12" lemma="|wish|" pos="NNS" wid="12">wishes</w>
  <w id="13" lemma="|to|" pos="TO" wid="13">to</w>
  <w id="14" lemma="|I|" pos="PRP" wid="14">me</w>
  <w id="15" lemma="|on|" pos="IN" wid="15">on</w>
  <w id="16" lemma="|this|" pos="DT" wid="16">this</w>
  <w id="17" lemma="|occasion|" pos="NN" wid="17">occasion</w>
  <w id="18" lemma="|and|" pos="CC" wid="18">and</w>
  <w id="19" lemma="|have|" pos="VBP" wid="19">have</w>
  <w id="20" lemma="|assure|" pos="VBN" wid="20">assured</w>
  <w id="21" lemma="|I|" pos="PRP" wid="21">me</w>
  <w id="22" lemma="|of|" pos="IN" wid="22">of</w>
  <w id="23" lemma="|they|" pos="PRP$" wid="23">their</w>
  <w id="24" lemma="|remembrance|" pos="NN" wid="24">remembrance</w>
  <w id="25" lemma="|before|" pos="IN" wid="25">before</w>
  <w id="26" lemma="|the|" pos="DT" wid="26">the</w>
  <w id="27" lemma="|Lord|" pos="NNP" wid="27">Lord</w>
  <w id="28" lemma="|,|" pos="," wid="28">,</w>
  <w id="29" lemma="|I|" pos="PRP" wid="29">I</w>
  <w id="30" lemma="|ask|" pos="VBP" wid="30">ask</w>
  <w id="31" lemma="|everyone|" pos="NN" wid="31">everyone</w>
  <w id="32" lemma="|to|" pos="TO" wid="32">to</w>
  <w id="33" lemma="|continue|" pos="VB" wid="33">continue</w>
  <w id="34" lemma="|to|" pos="TO" wid="34">to</w>
  <w id="35" lemma="|accompany|" pos="VB" wid="35">accompany</w>
  <w id="36" lemma="|I|" pos="PRP" wid="36">me</w>
  <w id="37" lemma="|with|" pos="IN" wid="37">with</w>
  <w id="38" lemma="|prayer|" pos="NN" wid="38">prayer</w>
  <w id="39" lemma="|,|" pos="," wid="39">,</w>
  <w id="40" lemma="|so|" pos="IN" wid="40">so</w>
  <w id="41" lemma="|that|" pos="IN" wid="41">that</w>
  <w id="42" lemma="|I|" pos="PRP" wid="42">I</w>
  <w id="43" lemma="|can|" pos="MD" wid="43">can</w>
  <w id="44" lemma="|faithfully|" pos="RB" wid="44">faithfully</w>
  <w id="45" lemma="|continue|" pos="VB" wid="45">continue</w>
  <w id="46" lemma="|this|" pos="DT" wid="46">this</w>
  <w id="47" lemma="|service|" pos="NN" wid="47">service</w>
  <w id="48" lemma="|to|" pos="TO" wid="48">to</w>
  <w id="49" lemma="|the|" pos="DT" wid="49">the</w>
  <w id="50" lemma="|Church|" pos="NNP" wid="50">Church</w>
  <w id="51" lemma="|of|" pos="IN" wid="51">of</w>
  <w id="52" lemma="|Rome|" pos="NNP" wid="52">Rome</w>
  <w id="53" lemma="|and|" pos="CC" wid="53">and</w>
  <w id="54" lemma="|the|" pos="DT" wid="54">the</w>
  <w id="55" lemma="|entire|" pos="JJ" wid="55">entire</w>
  <w id="56" lemma="|christian|" pos="JJ" wid="56">Christian</w>
  <w id="57" lemma="|people|" pos="NNS" wid="57">people</w>
  <w id="58" lemma="|.|" pos="." wid="58">.</w>
</sentence>
<sentence id="15">
  <w id="0" lemma="|I|" pos="PRP" wid="0">I</w>
  <w id="1" lemma="|renew|" pos="VBP" wid="1">renew</w>
  <w id="2" lemma="|the|" pos="DT" wid="2">the</w>
  <w id="3" lemma="|total|" pos="JJ" wid="3">total</w>
  <w id="4" lemma="|entrustment|" pos="NN" wid="4">entrustment</w>
  <w id="5" lemma="|of|" pos="IN" wid="5">of</w>
  <w id="6" lemma="|my|" pos="PRP$" wid="6">my</w>
  <w id="7" lemma="|person|" pos="NN" wid="7">person</w>
  <w id="8" lemma="|,|" pos="," wid="8">,</w>
  <w id="9" lemma="|of|" pos="IN" wid="9">of</w>
  <w id="10" lemma="|my|" pos="PRP$" wid="10">my</w>
  <w id="11" lemma="|mission|" pos="NN" wid="11">mission</w>
  <w id="12" lemma="|and|" pos="CC" wid="12">and</w>
  <w id="13" lemma="|of|" pos="IN" wid="13">of</w>
  <w id="14" lemma="|the|" pos="DT" wid="14">the</w>
  <w id="15" lemma="|entire|" pos="JJ" wid="15">entire</w>
  <w id="16" lemma="|Church|" pos="NNP" wid="16">Church</w>
  <w id="17" lemma="|to|" pos="TO" wid="17">to</w>
  <w id="18" lemma="|Mary|" pos="NNP" wid="18">Mary</w>
  <w id="19" lemma="|,|" pos="," wid="19">,</w>
  <w id="20" lemma="|she|" pos="PRP$" wid="20">her</w>
  <w id="21" lemma="|tender|" pos="NN" wid="21">tender</w>
  <w id="22" lemma="|and|" pos="CC" wid="22">and</w>
  <w id="23" lemma="|provident|" pos="NN" wid="23">provident</w>
  <w id="24" lemma="|mother|" pos="NN" wid="24">mother</w>
  <w id="25" lemma="|.|" pos="." wid="25">.</w>
</sentence>
<sentence id="16">
  <w id="0" lemma="|with|" pos="IN" wid="0">With</w>
  <w id="1" lemma="|these|" pos="DT" wid="1">these</w>
  <w id="2" lemma="|sentiment|" pos="NNS" wid="2">sentiments</w>
  <w id="3" lemma="|we|" pos="PRP" wid="3">we</w>
  <w id="4" lemma="|now|" pos="RB" wid="4">now</w>
  <w id="5" lemma="|turn|" pos="VBP" wid="5">turn</w>
  <w id="6" lemma="|to|" pos="TO" wid="6">to</w>
  <w id="7" lemma="|she|" pos="PRP" wid="7">her</w>
  <w id="8" lemma="|with|" pos="IN" wid="8">with</w>
  <w id="9" lemma="|the|" pos="DT" wid="9">the</w>
  <w id="10" lemma="|recitation|" pos="NN" wid="10">recitation</w>
  <w id="11" lemma="|of|" pos="IN" wid="11">of</w>
  <w id="12" lemma="|the|" pos="DT" wid="12">the</w>
  <w id="13" lemma="|Angelus|" pos="NNP" wid="13">Angelus</w>
  <w id="14" lemma="|.|" pos="." wid="14">.</w>
</sentence>
<sentence id="17">
  <w id="0" lemma="|today|" pos="NN" wid="0">Today</w>
  <w id="1" lemma="|we|" pos="PRP" wid="1">we</w>
  <w id="2" lemma="|be|" pos="VBP" wid="2">are</w>
  <w id="3" lemma="|celebrate|" pos="VBG" wid="3">celebrating</w>
  <w id="4" lemma="|World|" pos="NNP" wid="4">World</w>
  <w id="5" lemma="|Day|" pos="NNP" wid="5">Day</w>
  <w id="6" lemma="|for|" pos="IN" wid="6">for</w>
  <w id="7" lemma="|the|" pos="DT" wid="7">the</w>
  <w id="8" lemma="|eradication|" pos="NN" wid="8">Eradication</w>
  <w id="9" lemma="|of|" pos="IN" wid="9">of</w>
  <w id="10" lemma="|Poverty|" pos="NNP" wid="10">Poverty</w>
  <w id="11" lemma="|,|" pos="," wid="11">,</w>
  <w id="12" lemma="|found|" pos="VBN" wid="12">founded</w>
  <w id="13" lemma="|by|" pos="IN" wid="13">by</w>
  <w id="14" lemma="|Fr|" pos="NNP" wid="14">Fr</w>
  <w id="15" lemma="|Wresinski|" pos="NNP" wid="15">Wresinski</w>
  <w id="16" lemma="|and|" pos="CC" wid="16">and</w>
  <w id="17" lemma="|recognize|" pos="VBN" wid="17">recognized</w>
  <w id="18" lemma="|by|" pos="IN" wid="18">by</w>
  <w id="19" lemma="|the|" pos="DT" wid="19">the</w>
  <w id="20" lemma="|United|" pos="NNP" wid="20">United</w>
  <w id="21" lemma="|Nations|" pos="NNPS" wid="21">Nations</w>
  <w id="22" lemma="|.|" pos="." wid="22">.</w>
</sentence>
<sentence id="18">
  <w id="0" lemma="|in|" pos="IN" wid="0">In</w>
  <w id="1" lemma="|this|" pos="DT" wid="1">this</w>
  <w id="2" lemma="|last|" pos="JJ" wid="2">last</w>
  <w id="3" lemma="|preparatory|" pos="JJ" wid="3">preparatory</w>
  <w id="4" lemma="|year|" pos="NN" wid="4">year</w>
  <w id="5" lemma="|for|" pos="IN" wid="5">for</w>
  <w id="6" lemma="|the|" pos="DT" wid="6">the</w>
  <w id="7" lemma="|Great|" pos="NNP" wid="7">Great</w>
  <w id="8" lemma="|Jubilee|" pos="NNP" wid="8">Jubilee</w>
  <w id="9" lemma="|which|" pos="WDT" wid="9">which</w>
  <w id="10" lemma="|be|" pos="VBZ" wid="10">is</w>
  <w id="11" lemma="|dedicate|" pos="VBN" wid="11">dedicated</w>
  <w id="12" lemma="|to|" pos="TO" wid="12">to</w>
  <w id="13" lemma="|God|" pos="NNP" wid="13">God</w>
  <w id="14" lemma="|the|" pos="DT" wid="14">the</w>
  <w id="15" lemma="|merciful|" pos="JJ" wid="15">merciful</w>
  <w id="16" lemma="|Father|" pos="NNP" wid="16">Father</w>
  <w id="17" lemma="|and|" pos="CC" wid="17">and</w>
  <w id="18" lemma="|to|" pos="TO" wid="18">to</w>
  <w id="19" lemma="|charity|" pos="NN" wid="19">charity</w>
  <w id="20" lemma="|,|" pos="," wid="20">,</w>
  <w id="21" lemma="|I|" pos="PRP" wid="21">I</w>
  <w id="22" lemma="|express|" pos="VBP" wid="22">express</w>
  <w id="23" lemma="|my|" pos="PRP$" wid="23">my</w>
  <w id="24" lemma="|spiritual|" pos="JJ" wid="24">spiritual</w>
  <w id="25" lemma="|closeness|" pos="NN" wid="25">closeness</w>
  <w id="26" lemma="|to|" pos="TO" wid="26">to</w>
  <w id="27" lemma="|all|" pos="DT" wid="27">all</w>
  <w id="28" lemma="|who|" pos="WP" wid="28">who</w>
  <w id="29" lemma="|live|" pos="VBP" wid="29">live</w>
  <w id="30" lemma="|in|" pos="IN" wid="30">in</w>
  <w id="31" lemma="|condition|" pos="NNS" wid="31">conditions</w>
  <w id="32" lemma="|of|" pos="IN" wid="32">of</w>
  <w id="33" lemma="|extreme|" pos="JJ" wid="33">extreme</w>
  <w id="34" lemma="|poverty|" pos="NN" wid="34">poverty</w>
  <w id="35" lemma="|.|" pos="." wid="35">.</w>
</sentence>
<sentence id="19">
  <w id="0" lemma="|God|" pos="NNP" wid="0">God</w>
  <w id="1" lemma="|hear|" pos="VBZ" wid="1">hears</w>
  <w id="2" lemma="|the|" pos="DT" wid="2">the</w>
  <w id="3" lemma="|cry|" pos="NN" wid="3">cry</w>
  <w id="4" lemma="|of|" pos="IN" wid="4">of</w>
  <w id="5" lemma="|the|" pos="DT" wid="5">the</w>
  <w id="6" lemma="|poor|" pos="JJ" wid="6">poor</w>
  <w id="7" lemma="|.|" pos="." wid="7">.</w>
</sentence>
<sentence id="20">
  <w id="0" lemma="|you|" pos="PRP" wid="0">You</w>
  <w id="1" lemma="|who|" pos="WP" wid="1">who</w>
  <w id="2" lemma="|suffer|" pos="VBP" wid="2">suffer</w>
  <w id="3" lemma="|and|" pos="CC" wid="3">and</w>
  <w id="4" lemma="|hope|" pos="VBP" wid="4">hope</w>
  <w id="5" lemma="|,|" pos="," wid="5">,</w>
  <w id="6" lemma="|Christ|" pos="NNP" wid="6">Christ</w>
  <w id="7" lemma="|be|" pos="VBZ" wid="7">is</w>
  <w id="8" lemma="|with|" pos="IN" wid="8">with</w>
  <w id="9" lemma="|you|" pos="PRP" wid="9">you</w>
  <w id="10" lemma="|for|" pos="IN" wid="10">for</w>
  <w id="11" lemma="|he|" pos="PRP" wid="11">he</w>
  <w id="12" lemma="|fight|" pos="VBZ" wid="12">fights</w>
  <w id="13" lemma="|beside|" pos="RB" wid="13">beside</w>
  <w id="14" lemma="|those|" pos="DT" wid="14">those</w>
  <w id="15" lemma="|whose|" pos="WP$" wid="15">whose</w>
  <w id="16" lemma="|dignity|" pos="NN" wid="16">dignity</w>
  <w id="17" lemma="|be|" pos="VBZ" wid="17">is</w>
  <w id="18" lemma="|hold|" pos="VBN" wid="18">held</w>
  <w id="19" lemma="|up|" pos="RP" wid="19">up</w>
  <w id="20" lemma="|to|" pos="TO" wid="20">to</w>
  <w id="21" lemma="|ridicule|" pos="VB" wid="21">ridicule</w>
  <w id="22" lemma="|.|" pos="." wid="22">.</w>
</sentence>
<sentence id="21">
  <w id="0" lemma="|the|" pos="DT" wid="0">The</w>
  <w id="1" lemma="|Church|" pos="NNP" wid="1">Church</w>
  <w id="2" lemma="|be|" pos="VBZ" wid="2">is</w>
  <w id="3" lemma="|with|" pos="IN" wid="3">with</w>
  <w id="4" lemma="|you|" pos="PRP" wid="4">you</w>
  <w id="5" lemma="|in|" pos="IN" wid="5">in</w>
  <w id="6" lemma="|you|" pos="PRP$" wid="6">your</w>
  <w id="7" lemma="|daily|" pos="JJ" wid="7">daily</w>
  <w id="8" lemma="|struggle|" pos="NN" wid="8">struggle</w>
  <w id="9" lemma="|to|" pos="TO" wid="9">to</w>
  <w id="10" lemma="|build|" pos="VB" wid="10">build</w>
  <w id="11" lemma="|you|" pos="PRP$" wid="11">your</w>
  <w id="12" lemma="|family|" pos="NNS" wid="12">families</w>
  <w id="13" lemma="|and|" pos="CC" wid="13">and</w>
  <w id="14" lemma="|raise|" pos="VB" wid="14">raise</w>
  <w id="15" lemma="|you|" pos="PRP$" wid="15">your</w>
  <w id="16" lemma="|child|" pos="NNS" wid="16">children</w>
  <w id="17" lemma="|.|" pos="." wid="17">.</w>
</sentence>
<sentence id="22">
  <w id="0" lemma="|I|" pos="PRP" wid="0">I</w>
  <w id="1" lemma="|also|" pos="RB" wid="1">also</w>
  <w id="2" lemma="|appeal|" pos="VBP" wid="2">appeal</w>
  <w id="3" lemma="|to|" pos="TO" wid="3">to</w>
  <w id="4" lemma="|the|" pos="DT" wid="4">the</w>
  <w id="5" lemma="|leader|" pos="NNS" wid="5">leaders</w>
  <w id="6" lemma="|of|" pos="IN" wid="6">of</w>
  <w id="7" lemma="|nation|" pos="NNS" wid="7">nations</w>
  <w id="8" lemma="|,|" pos="," wid="8">,</w>
  <w id="9" lemma="|to|" pos="TO" wid="9">to</w>
  <w id="10" lemma="|all|" pos="DT" wid="10">all</w>
  <w id="11" lemma="|Christ|" pos="NNP" wid="11">Christ</w>
  <w id="12" lemma="|'s|" pos="POS" wid="12">'s</w>
  <w id="13" lemma="|disciple|" pos="NNS" wid="13">disciples</w>
  <w id="14" lemma="|and|" pos="CC" wid="14">and</w>
  <w id="15" lemma="|to|" pos="TO" wid="15">to</w>
  <w id="16" lemma="|people|" pos="NNS" wid="16">people</w>
  <w id="17" lemma="|of|" pos="IN" wid="17">of</w>
  <w id="18" lemma="|good|" pos="JJ" wid="18">good</w>
  <w id="19" lemma="|will|" pos="NN" wid="19">will</w>
  <w id="20" lemma="|to|" pos="TO" wid="20">to</w>
  <w id="21" lemma="|be|" pos="VB" wid="21">be</w>
  <w id="22" lemma="|more|" pos="RBR" wid="22">more</w>
  <w id="23" lemma="|and|" pos="CC" wid="23">and</w>
  <w id="24" lemma="|more|" pos="RBR" wid="24">more</w>
  <w id="25" lemma="|committed|" pos="JJ" wid="25">committed</w>
  <w id="26" lemma="|to|" pos="TO" wid="26">to</w>
  <w id="27" lemma="|find|" pos="VBG" wid="27">finding</w>
  <w id="28" lemma="|a|" pos="DT" wid="28">a</w>
  <w id="29" lemma="|remedy|" pos="NN" wid="29">remedy</w>
  <w id="30" lemma="|for|" pos="IN" wid="30">for</w>
  <w id="31" lemma="|extreme|" pos="JJ" wid="31">extreme</w>
  <w id="32" lemma="|poverty|" pos="NN" wid="32">poverty</w>
  <w id="33" lemma="|by|" pos="IN" wid="33">by</w>
  <w id="34" lemma="|support|" pos="VBG" wid="34">supporting</w>
  <w id="35" lemma="|the|" pos="DT" wid="35">the</w>
  <w id="36" lemma="|effort|" pos="NNS" wid="36">efforts</w>
  <w id="37" lemma="|of|" pos="IN" wid="37">of</w>
  <w id="38" lemma="|those|" pos="DT" wid="38">those</w>
  <w id="39" lemma="|who|" pos="WP" wid="39">who</w>
  <w id="40" lemma="|be|" pos="VBP" wid="40">are</w>
  <w id="41" lemma="|fight|" pos="VBG" wid="41">fighting</w>
  <w id="42" lemma="|the|" pos="DT" wid="42">the</w>
  <w id="43" lemma="|poverty|" pos="NN" wid="43">poverty</w>
  <w id="44" lemma="|in|" pos="IN" wid="44">in</w>
  <w id="45" lemma="|which|" pos="WDT" wid="45">which</w>
  <w id="46" lemma="|they|" pos="PRP" wid="46">they</w>
  <w id="47" lemma="|live|" pos="VBP" wid="47">live</w>
  <w id="48" lemma="|and|" pos="CC" wid="48">and</w>
  <w id="49" lemma="|of|" pos="IN" wid="49">of</w>
  <w id="50" lemma="|those|" pos="DT" wid="50">those</w>
  <w id="51" lemma="|who|" pos="WP" wid="51">who</w>
  <w id="52" lemma="|support|" pos="VBP" wid="52">support</w>
  <w id="53" lemma="|they|" pos="PRP" wid="53">them</w>
  <w id="54" lemma="|,|" pos="," wid="54">,</w>
  <w id="55" lemma="|and|" pos="CC" wid="55">and</w>
  <w id="56" lemma="|to|" pos="TO" wid="56">to</w>
  <w id="57" lemma="|work|" pos="VBG" wid="57">working</w>
  <w id="58" lemma="|enthusiastically|" pos="RB" wid="58">enthusiastically</w>
  <w id="59" lemma="|to|" pos="TO" wid="59">to</w>
  <w id="60" lemma="|create|" pos="VB" wid="60">create</w>
  <w id="61" lemma="|a|" pos="DT" wid="61">a</w>
  <w id="62" lemma="|culture|" pos="NN" wid="62">culture</w>
  <w id="63" lemma="|of|" pos="IN" wid="63">of</w>
  <w id="64" lemma="|solidarity|" pos="NN" wid="64">solidarity</w>
  <w id="65" lemma="|and|" pos="CC" wid="65">and</w>
  <w id="66" lemma="|a|" pos="DT" wid="66">a</w>
  <w id="67" lemma="|society|" pos="NN" wid="67">society</w>
  <w id="68" lemma="|where|" pos="WRB" wid="68">where</w>
  <w id="69" lemma="|each|" pos="DT" wid="69">each</w>
  <w id="70" lemma="|one|" pos="NN" wid="70">one</w>
  <w id="71" lemma="|have|" pos="VBZ" wid="71">has</w>
  <w id="72" lemma="|he|" pos="PRP$" wid="72">his</w>
  <w id="73" lemma="|place|" pos="NN" wid="73">place</w>
  <w id="74" lemma="|,|" pos="," wid="74">,</w>
  <w id="75" lemma="|with|" pos="IN" wid="75">with</w>
  <w id="76" lemma="|respect|" pos="NN" wid="76">respect</w>
  <w id="77" lemma="|for|" pos="IN" wid="77">for</w>
  <w id="78" lemma="|the|" pos="DT" wid="78">the</w>
  <w id="79" lemma="|principle|" pos="NNS" wid="79">principles</w>
  <w id="80" lemma="|of|" pos="IN" wid="80">of</w>
  <w id="81" lemma="|justice|" pos="NN" wid="81">justice</w>
  <w id="82" lemma="|,|" pos="," wid="82">,</w>
  <w id="83" lemma="|peace|" pos="NN" wid="83">peace</w>
  <w id="84" lemma="|,|" pos="," wid="84">,</w>
  <w id="85" lemma="|brotherhood|" pos="NN" wid="85">brotherhood</w>
  <w id="86" lemma="|and|" pos="CC" wid="86">and</w>
  <w id="87" lemma="|charity|" pos="NN" wid="87">charity</w>
  <w id="88" lemma="|.|" pos="." wid="88">.</w>
</sentence>
<sentence id="23">
  <w id="0" lemma="|to|" pos="TO" wid="0">To</w>
  <w id="1" lemma="|the|" pos="DT" wid="1">the</w>
  <w id="2" lemma="|english-speaking|" pos="JJ" wid="2">English-speaking</w>
  <w id="3" lemma="|pilgrim|" pos="NNS" wid="3">pilgrims</w>
  <w id="4" lemma="|and|" pos="CC" wid="4">and</w>
  <w id="5" lemma="|visitor|" pos="NNS" wid="5">visitors</w>
  <w id="6" lemma="|the|" pos="DT" wid="6">the</w>
  <w id="7" lemma="|Holy|" pos="NNP" wid="7">Holy</w>
  <w id="8" lemma="|Father|" pos="NNP" wid="8">Father</w>
  <w id="9" lemma="|say|" pos="VBD" wid="9">said</w>
  <w id="10" lemma="|:|" pos=":" wid="10">:</w>
  <w id="11" lemma="|I|" pos="PRP" wid="11">I</w>
  <w id="12" lemma="|welcome|" pos="VBP" wid="12">welcome</w>
  <w id="13" lemma="|all|" pos="PDT" wid="13">all</w>
  <w id="14" lemma="|the|" pos="DT" wid="14">the</w>
  <w id="15" lemma="|english-speaking|" pos="JJ" wid="15">English-speaking</w>
  <w id="16" lemma="|pilgrim|" pos="NNS" wid="16">pilgrims</w>
  <w id="17" lemma="|and|" pos="CC" wid="17">and</w>
  <w id="18" lemma="|visitor|" pos="NNS" wid="18">visitors</w>
  <w id="19" lemma="|present|" pos="JJ" wid="19">present</w>
  <w id="20" lemma="|for|" pos="IN" wid="20">for</w>
  <w id="21" lemma="|this|" pos="DT" wid="21">this</w>
  <w id="22" lemma="|Marian|" pos="NNP" wid="22">Marian</w>
  <w id="23" lemma="|prayer|" pos="NN" wid="23">prayer</w>
  <w id="24" lemma="|.|" pos="." wid="24">.</w>
</sentence>
<sentence id="24">
  <w id="0" lemma="|I|" pos="PRP" wid="0">I</w>
  <w id="1" lemma="|extend|" pos="VBP" wid="1">extend</w>
  <w id="2" lemma="|a|" pos="DT" wid="2">a</w>
  <w id="3" lemma="|special|" pos="JJ" wid="3">special</w>
  <w id="4" lemma="|greet|" pos="VBG" wid="4">greeting</w>
  <w id="5" lemma="|to|" pos="TO" wid="5">to</w>
  <w id="6" lemma="|the|" pos="DT" wid="6">the</w>
  <w id="7" lemma="|member|" pos="NNS" wid="7">members</w>
  <w id="8" lemma="|of|" pos="IN" wid="8">of</w>
  <w id="9" lemma="|the|" pos="DT" wid="9">the</w>
  <w id="10" lemma="|Anti-Defamation|" pos="NNP" wid="10">Anti-Defamation</w>
  <w id="11" lemma="|League|" pos="NNP" wid="11">League</w>
  <w id="12" lemma="|from|" pos="IN" wid="12">from</w>
  <w id="13" lemma="|Denver|" pos="NNP" wid="13">Denver</w>
  <w id="14" lemma="|,|" pos="," wid="14">,</w>
  <w id="15" lemma="|Colorado|" pos="NNP" wid="15">Colorado</w>
  <w id="16" lemma="|.|" pos="." wid="16">.</w>
</sentence>
<sentence id="25">
  <w id="0" lemma="|God|" pos="NNP" wid="0">God</w>
  <w id="1" lemma="|bless|" pos="VB" wid="1">bless</w>
  <w id="2" lemma="|you|" pos="PRP" wid="2">you</w>
  <w id="3" lemma="|all|" pos="DT" wid="3">all</w>
  <w id="4" lemma="|!|" pos="." wid="4">!</w>
</sentence>
<sentence id="26">
  <w id="0" lemma="|today|" pos="NN" wid="0">Today</w>
  <w id="1" lemma="|,|" pos="," wid="1">,</w>
  <w id="2" lemma="|in|" pos="IN" wid="2">in</w>
  <w id="3" lemma="|the|" pos="DT" wid="3">the</w>
  <w id="4" lemma="|Diocese|" pos="NNP" wid="4">Diocese</w>
  <w id="5" lemma="|of|" pos="IN" wid="5">of</w>
  <w id="6" lemma="|Rome|" pos="NNP" wid="6">Rome</w>
  <w id="7" lemma="|,|" pos="," wid="7">,</w>
  <w id="8" lemma="|a|" pos="DT" wid="8">a</w>
  <w id="9" lemma="|special|" pos="JJ" wid="9">special</w>
  <w id="10" lemma="|day|" pos="NN" wid="10">day</w>
  <w id="11" lemma="|of|" pos="IN" wid="11">of</w>
  <w id="12" lemma="|prayer|" pos="NN" wid="12">prayer</w>
  <w id="13" lemma="|be|" pos="VBZ" wid="13">is</w>
  <w id="14" lemma="|be|" pos="VBG" wid="14">being</w>
  <w id="15" lemma="|celebrate|" pos="VBN" wid="15">celebrated</w>
  <w id="16" lemma="|to|" pos="TO" wid="16">to</w>
  <w id="17" lemma="|promote|" pos="VB" wid="17">promote</w>
  <w id="18" lemma="|awareness|" pos="NN" wid="18">awareness</w>
  <w id="19" lemma="|in|" pos="IN" wid="19">in</w>
  <w id="20" lemma="|preparation|" pos="NN" wid="20">preparation</w>
  <w id="21" lemma="|for|" pos="IN" wid="21">for</w>
  <w id="22" lemma="|World|" pos="NNP" wid="22">World</w>
  <w id="23" lemma="|Youth|" pos="NNP" wid="23">Youth</w>
  <w id="24" lemma="|Day|" pos="NNP" wid="24">Day</w>
  <w id="25" lemma="|which|" pos="WDT" wid="25">which</w>
  <w id="26" lemma="|will|" pos="MD" wid="26">will</w>
  <w id="27" lemma="|take|" pos="VB" wid="27">take</w>
  <w id="28" lemma="|place|" pos="NN" wid="28">place</w>
  <w id="29" lemma="|from|" pos="IN" wid="29">from</w>
  <w id="30" lemma="|15|" pos="CD" wid="30">15</w>
  <w id="31" lemma="|to|" pos="TO" wid="31">to</w>
  <w id="32" lemma="|20|" pos="CD" wid="32">20</w>
  <w id="33" lemma="|August|" pos="NNP" wid="33">August</w>
  <w id="34" lemma="|in|" pos="IN" wid="34">in</w>
  <w id="35" lemma="|the|" pos="DT" wid="35">the</w>
  <w id="36" lemma="|year|" pos="NN" wid="36">year</w>
  <w id="37" lemma="|2000|" pos="CD" wid="37">2000</w>
  <w id="38" lemma="|.|" pos="." wid="38">.</w>
</sentence>
<sentence id="27">
  <w id="0" lemma="|I|" pos="PRP" wid="0">I</w>
  <w id="1" lemma="|invite|" pos="VBP" wid="1">invite</w>
  <w id="2" lemma="|Romans|" pos="NNPS" wid="2">Romans</w>
  <w id="3" lemma="|to|" pos="TO" wid="3">to</w>
  <w id="4" lemma="|prepare|" pos="VB" wid="4">prepare</w>
  <w id="5" lemma="|a|" pos="DT" wid="5">a</w>
  <w id="6" lemma="|warm|" pos="JJ" wid="6">warm</w>
  <w id="7" lemma="|welcome|" pos="JJ" wid="7">welcome</w>
  <w id="8" lemma="|-|" pos=":" wid="8">-</w>
  <w id="9" lemma="|also|" pos="RB" wid="9">also</w>
  <w id="10" lemma="|in|" pos="IN" wid="10">in</w>
  <w id="11" lemma="|they|" pos="PRP$" wid="11">their</w>
  <w id="12" lemma="|own|" pos="JJ" wid="12">own</w>
  <w id="13" lemma="|home|" pos="NNS" wid="13">homes</w>
  <w id="14" lemma="|-|" pos=":" wid="14">-</w>
  <w id="15" lemma="|for|" pos="IN" wid="15">for</w>
  <w id="16" lemma="|all|" pos="PDT" wid="16">all</w>
  <w id="17" lemma="|the|" pos="DT" wid="17">the</w>
  <w id="18" lemma="|young|" pos="JJ" wid="18">young</w>
  <w id="19" lemma="|people|" pos="NNS" wid="19">people</w>
  <w id="20" lemma="|who|" pos="WP" wid="20">who</w>
  <w id="21" lemma="|will|" pos="MD" wid="21">will</w>
  <w id="22" lemma="|be|" pos="VB" wid="22">be</w>
  <w id="23" lemma="|gather|" pos="VBG" wid="23">gathering</w>
  <w id="24" lemma="|in|" pos="IN" wid="24">in</w>
  <w id="25" lemma="|we|" pos="PRP$" wid="25">our</w>
  <w id="26" lemma="|city|" pos="NN" wid="26">city</w>
  <w id="27" lemma="|from|" pos="IN" wid="27">from</w>
  <w id="28" lemma="|all|" pos="DT" wid="28">all</w>
  <w id="29" lemma="|over|" pos="IN" wid="29">over</w>
  <w id="30" lemma="|the|" pos="DT" wid="30">the</w>
  <w id="31" lemma="|world|" pos="NN" wid="31">world</w>
  <w id="32" lemma="|.|" pos="." wid="32">.</w>
</sentence>
<sentence id="28">
  <w id="0" lemma="|I|" pos="PRP" wid="0">I</w>
  <w id="1" lemma="|ask|" pos="VBP" wid="1">ask</w>
  <w id="2" lemma="|young|" pos="JJ" wid="2">young</w>
  <w id="3" lemma="|people|" pos="NNS" wid="3">people</w>
  <w id="4" lemma="|to|" pos="TO" wid="4">to</w>
  <w id="5" lemma="|continue|" pos="VB" wid="5">continue</w>
  <w id="6" lemma="|with|" pos="IN" wid="6">with</w>
  <w id="7" lemma="|enthusiasm|" pos="NN" wid="7">enthusiasm</w>
  <w id="8" lemma="|on|" pos="IN" wid="8">on</w>
  <w id="9" lemma="|they|" pos="PRP$" wid="9">their</w>
  <w id="10" lemma="|way|" pos="NN" wid="10">way</w>
  <w id="11" lemma="|to|" pos="TO" wid="11">to</w>
  <w id="12" lemma="|this|" pos="DT" wid="12">this</w>
  <w id="13" lemma="|great|" pos="JJ" wid="13">great</w>
  <w id="14" lemma="|ecclesial|" pos="JJ" wid="14">ecclesial</w>
  <w id="15" lemma="|event|" pos="NN" wid="15">event</w>
  <w id="16" lemma="|which|" pos="WDT" wid="16">which</w>
  <w id="17" lemma="|will|" pos="MD" wid="17">will</w>
  <w id="18" lemma="|be|" pos="VB" wid="18">be</w>
  <w id="19" lemma="|they|" pos="PRP$" wid="19">their</w>
  <w id="20" lemma="|Jubilee|" pos="NNP" wid="20">Jubilee</w>
  <w id="21" lemma="|par|" pos="NN" wid="21">par</w>
  <w id="22" lemma="|excellence|" pos="NN" wid="22">excellence</w>
  <w id="23" lemma="|.|" pos="." wid="23">.</w>
</sentence>
<sentence id="29">
  <w id="0" lemma="|let|" pos="VB" wid="0">Let</w>
  <w id="1" lemma="|we|" pos="PRP" wid="1">us</w>
  <w id="2" lemma="|entrust|" pos="VB" wid="2">entrust</w>
  <w id="3" lemma="|the|" pos="DT" wid="3">the</w>
  <w id="4" lemma="|successful|" pos="JJ" wid="4">successful</w>
  <w id="5" lemma="|outcome|" pos="NN" wid="5">outcome</w>
  <w id="6" lemma="|of|" pos="IN" wid="6">of</w>
  <w id="7" lemma="|this|" pos="DT" wid="7">this</w>
  <w id="8" lemma="|important|" pos="JJ" wid="8">important</w>
  <w id="9" lemma="|appointment|" pos="NN" wid="9">appointment</w>
  <w id="10" lemma="|to|" pos="TO" wid="10">to</w>
  <w id="11" lemma="|Mary|" pos="NNP" wid="11">Mary</w>
  <w id="12" lemma="|,|" pos="," wid="12">,</w>
  <w id="13" lemma="|Salus|" pos="NNP" wid="13">Salus</w>
  <w id="14" lemma="|populi|" pos="FW" wid="14">populi</w>
  <w id="15" lemma="|romani|" pos="FW" wid="15">romani</w>
  <w id="16" lemma="|.|" pos="." wid="16">.</w>
</sentence>
<sentence id="30">
  <w id="0" lemma="|I|" pos="PRP" wid="0">I</w>
  <w id="1" lemma="|affectionately|" pos="RB" wid="1">affectionately</w>
  <w id="2" lemma="|welcome|" pos="VBP" wid="2">welcome</w>
  <w id="3" lemma="|the|" pos="DT" wid="3">the</w>
  <w id="4" lemma="|Young|" pos="NNP" wid="4">Young</w>
  <w id="5" lemma="|albanian|" pos="NNS" wid="5">Albanians</w>
  <w id="6" lemma="|,|" pos="," wid="6">,</w>
  <w id="7" lemma="|ambassador|" pos="NNS" wid="7">Ambassadors</w>
  <w id="8" lemma="|of|" pos="IN" wid="8">of</w>
  <w id="9" lemma="|Peace|" pos="NNP" wid="9">Peace</w>
  <w id="10" lemma="|,|" pos="," wid="10">,</w>
  <w id="11" lemma="|with|" pos="IN" wid="11">with</w>
  <w id="12" lemma="|they|" pos="PRP$" wid="12">their</w>
  <w id="13" lemma="|missionary|" pos="NNS" wid="13">missionaries</w>
  <w id="14" lemma="|and|" pos="CC" wid="14">and</w>
  <w id="15" lemma="|teacher|" pos="NNS" wid="15">teachers</w>
  <w id="16" lemma="|,|" pos="," wid="16">,</w>
  <w id="17" lemma="|and|" pos="CC" wid="17">and</w>
  <w id="18" lemma="|I|" pos="PRP" wid="18">I</w>
  <w id="19" lemma="|be|" pos="VBP" wid="19">am</w>
  <w id="20" lemma="|pleased|" pos="JJ" wid="20">pleased</w>
  <w id="21" lemma="|to|" pos="TO" wid="21">to</w>
  <w id="22" lemma="|bless|" pos="VB" wid="22">bless</w>
  <w id="23" lemma="|the|" pos="DT" wid="23">the</w>
  <w id="24" lemma="|``|" pos="``" wid="24">``</w>
  <w id="25" lemma="|peace|" pos="NN" wid="25">peace</w>
  <w id="26" lemma="|bell|" pos="NN" wid="26">bell</w>
  <w id="27" lemma="|''|" pos="''" wid="27">''</w>
  <w id="28" lemma="|make|" pos="VBN" wid="28">made</w>
  <w id="29" lemma="|with|" pos="IN" wid="29">with</w>
  <w id="30" lemma="|shell|" pos="NNS" wid="30">shells</w>
  <w id="31" lemma="|collect|" pos="VBN" wid="31">collected</w>
  <w id="32" lemma="|in|" pos="IN" wid="32">in</w>
  <w id="33" lemma="|the|" pos="DT" wid="33">the</w>
  <w id="34" lemma="|albanian|" pos="JJ" wid="34">Albanian</w>
  <w id="35" lemma="|region|" pos="NN" wid="35">region</w>
  <w id="36" lemma="|of|" pos="IN" wid="36">of</w>
  <w id="37" lemma="|Zadrima|" pos="NNP" wid="37">Zadrima</w>
  <w id="38" lemma="|,|" pos="," wid="38">,</w>
  <w id="39" lemma="|which|" pos="WDT" wid="39">which</w>
  <w id="40" lemma="|will|" pos="MD" wid="40">will</w>
  <w id="41" lemma="|be|" pos="VB" wid="41">be</w>
  <w id="42" lemma="|hang|" pos="VBN" wid="42">hung</w>
  <w id="43" lemma="|in|" pos="IN" wid="43">in</w>
  <w id="44" lemma="|the|" pos="DT" wid="44">the</w>
  <w id="45" lemma="|central|" pos="JJ" wid="45">central</w>
  <w id="46" lemma="|square|" pos="NN" wid="46">square</w>
  <w id="47" lemma="|of|" pos="IN" wid="47">of</w>
  <w id="48" lemma="|Tirana|" pos="NNP" wid="48">Tirana</w>
  <w id="49" lemma="|on|" pos="IN" wid="49">on</w>
  <w id="50" lemma="|the|" pos="DT" wid="50">the</w>
  <w id="51" lemma="|first|" pos="JJ" wid="51">first</w>
  <w id="52" lemma="|day|" pos="NN" wid="52">day</w>
  <w id="53" lemma="|of|" pos="IN" wid="53">of</w>
  <w id="54" lemma="|2000|" pos="CD" wid="54">2000</w>
  <w id="55" lemma="|.|" pos="." wid="55">.</w>
</sentence>
<sentence id="31">
  <w id="0" lemma="|I|" pos="PRP" wid="0">I</w>
  <w id="1" lemma="|also|" pos="RB" wid="1">also</w>
  <w id="2" lemma="|greet|" pos="VBP" wid="2">greet</w>
  <w id="3" lemma="|the|" pos="DT" wid="3">the</w>
  <w id="4" lemma="|member|" pos="NNS" wid="4">members</w>
  <w id="5" lemma="|of|" pos="IN" wid="5">of</w>
  <w id="6" lemma="|the|" pos="DT" wid="6">the</w>
  <w id="7" lemma="|Young|" pos="NNP" wid="7">Young</w>
  <w id="8" lemma="|Mountaineers|" pos="NNPS" wid="8">Mountaineers</w>
  <w id="9" lemma="|'|" pos="POS" wid="9">'</w>
  <w id="10" lemma="|association|" pos="NN" wid="10">Association</w>
  <w id="11" lemma="|who|" pos="WP" wid="11">who</w>
  <w id="12" lemma="|,|" pos="," wid="12">,</w>
  <w id="13" lemma="|in|" pos="IN" wid="13">in</w>
  <w id="14" lemma="|the|" pos="DT" wid="14">the</w>
  <w id="15" lemma="|spirit|" pos="NN" wid="15">spirit</w>
  <w id="16" lemma="|of|" pos="IN" wid="16">of</w>
  <w id="17" lemma="|bl|" pos="NN" wid="17">Bl</w>
  <w id="18" lemma="|.|" pos="." wid="18">.</w>
</sentence>
<sentence id="32">
  <w id="0" lemma="|Pier|" pos="NNP" wid="0">Pier</w>
  <w id="1" lemma="|Giorgio|" pos="NNP" wid="1">Giorgio</w>
  <w id="2" lemma="|Frassati|" pos="NNP" wid="2">Frassati</w>
  <w id="3" lemma="|,|" pos="," wid="3">,</w>
  <w id="4" lemma="|have|" pos="VBP" wid="4">have</w>
  <w id="5" lemma="|follow|" pos="VBN" wid="5">followed</w>
  <w id="6" lemma="|a|" pos="DT" wid="6">an</w>
  <w id="7" lemma="|ancient|" pos="JJ" wid="7">ancient</w>
  <w id="8" lemma="|``|" pos="``" wid="8">``</w>
  <w id="9" lemma="|pilgrim|" pos="NNS" wid="9">pilgrims</w>
  <w id="10" lemma="|'|" pos="POS" wid="10">'</w>
  <w id="11" lemma="|route|" pos="NN" wid="11">route</w>
  <w id="12" lemma="|''|" pos="''" wid="12">''</w>
  <w id="13" lemma="|on|" pos="IN" wid="13">on</w>
  <w id="14" lemma="|foot|" pos="NN" wid="14">foot</w>
  <w id="15" lemma="|through|" pos="IN" wid="15">through</w>
  <w id="16" lemma="|the|" pos="DT" wid="16">the</w>
  <w id="17" lemma="|Alps|" pos="NNP" wid="17">Alps</w>
  <w id="18" lemma="|to|" pos="TO" wid="18">to</w>
  <w id="19" lemma="|Rome|" pos="NNP" wid="19">Rome</w>
  <w id="20" lemma="|.|" pos="." wid="20">.</w>
</sentence>
<sentence id="33">
  <w id="0" lemma="|I|" pos="PRP" wid="0">I</w>
  <w id="1" lemma="|cordially|" pos="RB" wid="1">cordially</w>
  <w id="2" lemma="|greet|" pos="VB" wid="2">greet</w>
  <w id="3" lemma="|all|" pos="PDT" wid="3">all</w>
  <w id="4" lemma="|the|" pos="DT" wid="4">the</w>
  <w id="5" lemma="|other|" pos="JJ" wid="5">other</w>
  <w id="6" lemma="|pilgrim|" pos="NNS" wid="6">pilgrims</w>
  <w id="7" lemma="|present|" pos="JJ" wid="7">present</w>
  <w id="8" lemma="|,|" pos="," wid="8">,</w>
  <w id="9" lemma="|and|" pos="CC" wid="9">and</w>
  <w id="10" lemma="|wish|" pos="VB" wid="10">wish</w>
  <w id="11" lemma="|each|" pos="DT" wid="11">each</w>
  <w id="12" lemma="|one|" pos="CD" wid="12">one</w>
  <w id="13" lemma="|a|" pos="DT" wid="13">a</w>
  <w id="14" lemma="|pleasant|" pos="JJ" wid="14">pleasant</w>
  <w id="15" lemma="|Sunday|" pos="NNP" wid="15">Sunday</w>
  <w id="16" lemma="|.|" pos="." wid="16">.</w>
</sentence>
</corpus>