<corpus id="0">
<sentence id="0">
  <w id="0" lemma="|1|" pos="CD" wid="0">1</w>
  <w id="1" lemma="|.|" pos="." wid="1">.</w>
</sentence>
<sentence id="1">
  <w id="0" lemma="|the|" pos="DT" wid="0">The</w>
  <w id="1" lemma="|great|" pos="JJ" wid="1">great</w>
  <w id="2" lemma="|announcement|" pos="NN" wid="2">announcement</w>
  <w id="3" lemma="|of|" pos="IN" wid="3">of</w>
  <w id="4" lemma="|the|" pos="DT" wid="4">the</w>
  <w id="5" lemma="|resurrection|" pos="NN" wid="5">Resurrection</w>
  <w id="6" lemma="|of|" pos="IN" wid="6">of</w>
  <w id="7" lemma="|Jesus|" pos="NNP" wid="7">Jesus</w>
  <w id="8" lemma="|also|" pos="RB" wid="8">also</w>
  <w id="9" lemma="|ring|" pos="VBZ" wid="9">rings</w>
  <w id="10" lemma="|out|" pos="RP" wid="10">out</w>
  <w id="11" lemma="|loudly|" pos="RB" wid="11">loudly</w>
  <w id="12" lemma="|this|" pos="DT" wid="12">this</w>
  <w id="13" lemma="|Easter|" pos="NNP" wid="13">Easter</w>
  <w id="14" lemma="|Monday|" pos="NNP" wid="14">Monday</w>
  <w id="15" lemma="|,|" pos="," wid="15">,</w>
  <w id="16" lemma="|which|" pos="WDT" wid="16">which</w>
  <w id="17" lemma="|commemorate|" pos="VBZ" wid="17">commemorates</w>
  <w id="18" lemma="|the|" pos="DT" wid="18">the</w>
  <w id="19" lemma="|heavenly|" pos="JJ" wid="19">heavenly</w>
  <w id="20" lemma="|messenger|" pos="NN" wid="20">messenger</w>
  <w id="21" lemma="|'s|" pos="POS" wid="21">'s</w>
  <w id="22" lemma="|meeting|" pos="NN" wid="22">meeting</w>
  <w id="23" lemma="|with|" pos="IN" wid="23">with</w>
  <w id="24" lemma="|the|" pos="DT" wid="24">the</w>
  <w id="25" lemma="|woman|" pos="NNS" wid="25">women</w>
  <w id="26" lemma="|who|" pos="WP" wid="26">who</w>
  <w id="27" lemma="|have|" pos="VBD" wid="27">had</w>
  <w id="28" lemma="|hasten|" pos="VBN" wid="28">hastened</w>
  <w id="29" lemma="|to|" pos="TO" wid="29">to</w>
  <w id="30" lemma="|the|" pos="DT" wid="30">the</w>
  <w id="31" lemma="|tomb|" pos="NN" wid="31">tomb</w>
  <w id="32" lemma="|.|" pos="." wid="32">.</w>
</sentence>
<sentence id="2">
  <w id="0" lemma="|``|" pos="``" wid="0">``</w>
  <w id="1" lemma="|do|" pos="VBP" wid="1">Do</w>
  <w id="2" lemma="|not|" pos="RB" wid="2">not</w>
  <w id="3" lemma="|be|" pos="VB" wid="3">be</w>
  <w id="4" lemma="|afraid|" pos="JJ" wid="4">afraid</w>
  <w id="5" lemma="|;|" pos=":" wid="5">;</w>
  <w id="6" lemma="|for|" pos="IN" wid="6">for</w>
  <w id="7" lemma="|I|" pos="PRP" wid="7">I</w>
  <w id="8" lemma="|know|" pos="VBP" wid="8">know</w>
  <w id="9" lemma="|that|" pos="IN" wid="9">that</w>
  <w id="10" lemma="|you|" pos="PRP" wid="10">you</w>
  <w id="11" lemma="|seek|" pos="VBP" wid="11">seek</w>
  <w id="12" lemma="|Jesus|" pos="NNP" wid="12">Jesus</w>
  <w id="13" lemma="|who|" pos="WP" wid="13">who</w>
  <w id="14" lemma="|be|" pos="VBD" wid="14">was</w>
  <w id="15" lemma="|crucify|" pos="VBN" wid="15">crucified</w>
  <w id="16" lemma="|.|" pos="." wid="16">.</w>
</sentence>
<sentence id="3">
  <w id="0" lemma="|he|" pos="PRP" wid="0">He</w>
  <w id="1" lemma="|be|" pos="VBZ" wid="1">is</w>
  <w id="2" lemma="|not|" pos="RB" wid="2">not</w>
  <w id="3" lemma="|here|" pos="RB" wid="3">here</w>
  <w id="4" lemma="|;|" pos=":" wid="4">;</w>
  <w id="5" lemma="|for|" pos="IN" wid="5">for</w>
  <w id="6" lemma="|he|" pos="PRP" wid="6">he</w>
  <w id="7" lemma="|have|" pos="VBZ" wid="7">has</w>
  <w id="8" lemma="|rise|" pos="VBN" wid="8">risen</w>
  <w id="9" lemma="|,|" pos="," wid="9">,</w>
  <w id="10" lemma="|as|" pos="IN" wid="10">as</w>
  <w id="11" lemma="|he|" pos="PRP" wid="11">he</w>
  <w id="12" lemma="|say|" pos="VBD" wid="12">said</w>
  <w id="13" lemma="|.|" pos="." wid="13">.</w>
</sentence>
<sentence id="4">
  <w id="0" lemma="|come|" pos="VB" wid="0">Come</w>
  <w id="1" lemma="|,|" pos="," wid="1">,</w>
  <w id="2" lemma="|see|" pos="VB" wid="2">see</w>
  <w id="3" lemma="|the|" pos="DT" wid="3">the</w>
  <w id="4" lemma="|place|" pos="NN" wid="4">place</w>
  <w id="5" lemma="|where|" pos="WRB" wid="5">where</w>
  <w id="6" lemma="|he|" pos="PRP" wid="6">he</w>
  <w id="7" lemma="|lay|" pos="VBD" wid="7">lay</w>
  <w id="8" lemma="|''|" pos="''" wid="8">''</w>
  <w id="9" lemma="|-lrb-|" pos="-LRB-" wid="9">-LRB-</w>
  <w id="10" lemma="|mt|" pos="NN" wid="10">Mt</w>
  <w id="11" lemma="|28,5-6|" pos="CD" wid="11">28,5-6</w>
  <w id="12" lemma="|-rrb-|" pos="-RRB-" wid="12">-RRB-</w>
  <w id="13" lemma="|.|" pos="." wid="13">.</w>
</sentence>
<sentence id="5">
  <w id="0" lemma="|from|" pos="IN" wid="0">From</w>
  <w id="1" lemma="|the|" pos="DT" wid="1">the</w>
  <w id="2" lemma="|empty|" pos="JJ" wid="2">empty</w>
  <w id="3" lemma="|tomb|" pos="NN" wid="3">tomb</w>
  <w id="4" lemma="|the|" pos="DT" wid="4">the</w>
  <w id="5" lemma="|Angel|" pos="NNP" wid="5">Angel</w>
  <w id="6" lemma="|'s|" pos="POS" wid="6">'s</w>
  <w id="7" lemma="|message|" pos="NN" wid="7">message</w>
  <w id="8" lemma="|spread|" pos="NN" wid="8">spread</w>
  <w id="9" lemma="|throughout|" pos="IN" wid="9">throughout</w>
  <w id="10" lemma="|the|" pos="DT" wid="10">the</w>
  <w id="11" lemma="|world|" pos="NN" wid="11">world</w>
  <w id="12" lemma="|and|" pos="CC" wid="12">and</w>
  <w id="13" lemma="|reach|" pos="VBD" wid="13">reached</w>
  <w id="14" lemma="|every|" pos="DT" wid="14">every</w>
  <w id="15" lemma="|corner|" pos="NN" wid="15">corner</w>
  <w id="16" lemma="|of|" pos="IN" wid="16">of</w>
  <w id="17" lemma="|the|" pos="DT" wid="17">the</w>
  <w id="18" lemma="|earth|" pos="NN" wid="18">earth</w>
  <w id="19" lemma="|;|" pos=":" wid="19">;</w>
  <w id="20" lemma="|it|" pos="PRP" wid="20">it</w>
  <w id="21" lemma="|be|" pos="VBZ" wid="21">is</w>
  <w id="22" lemma="|a|" pos="DT" wid="22">a</w>
  <w id="23" lemma="|message|" pos="NN" wid="23">message</w>
  <w id="24" lemma="|of|" pos="IN" wid="24">of</w>
  <w id="25" lemma="|hope|" pos="NN" wid="25">hope</w>
  <w id="26" lemma="|for|" pos="IN" wid="26">for</w>
  <w id="27" lemma="|all|" pos="DT" wid="27">all</w>
  <w id="28" lemma="|.|" pos="." wid="28">.</w>
</sentence>
<sentence id="6">
  <w id="0" lemma="|ever|" pos="RB" wid="0">Ever</w>
  <w id="1" lemma="|since|" pos="IN" wid="1">since</w>
  <w id="2" lemma="|the|" pos="DT" wid="2">the</w>
  <w id="3" lemma="|crucify|" pos="VBN" wid="3">crucified</w>
  <w id="4" lemma="|Nazarene|" pos="NNP" wid="4">Nazarene</w>
  <w id="5" lemma="|rise|" pos="VBD" wid="5">rose</w>
  <w id="6" lemma="|at|" pos="IN" wid="6">at</w>
  <w id="7" lemma="|dawn|" pos="NN" wid="7">dawn</w>
  <w id="8" lemma="|on|" pos="IN" wid="8">on</w>
  <w id="9" lemma="|the|" pos="DT" wid="9">the</w>
  <w id="10" lemma="|third|" pos="JJ" wid="10">third</w>
  <w id="11" lemma="|day|" pos="NN" wid="11">day</w>
  <w id="12" lemma="|,|" pos="," wid="12">,</w>
  <w id="13" lemma="|it|" pos="PRP" wid="13">it</w>
  <w id="14" lemma="|be|" pos="VBZ" wid="14">is</w>
  <w id="15" lemma="|life|" pos="NN" wid="15">life</w>
  <w id="16" lemma="|,|" pos="," wid="16">,</w>
  <w id="17" lemma="|no|" pos="RB" wid="17">no</w>
  <w id="18" lemma="|longer|" pos="JJR" wid="18">longer</w>
  <w id="19" lemma="|death|" pos="NN" wid="19">death</w>
  <w id="20" lemma="|,|" pos="," wid="20">,</w>
  <w id="21" lemma="|that|" pos="WDT" wid="21">that</w>
  <w id="22" lemma="|have|" pos="VBZ" wid="22">has</w>
  <w id="23" lemma="|the|" pos="DT" wid="23">the</w>
  <w id="24" lemma="|last|" pos="JJ" wid="24">last</w>
  <w id="25" lemma="|word|" pos="NN" wid="25">word</w>
  <w id="26" lemma="|!|" pos="." wid="26">!</w>
</sentence>
<sentence id="7">
  <w id="0" lemma="|in|" pos="IN" wid="0">In</w>
  <w id="1" lemma="|the|" pos="DT" wid="1">the</w>
  <w id="2" lemma="|rise|" pos="VBN" wid="2">risen</w>
  <w id="3" lemma="|Lord|" pos="NNP" wid="3">Lord</w>
  <w id="4" lemma="|God|" pos="NNP" wid="4">God</w>
  <w id="5" lemma="|reveal|" pos="VBD" wid="5">revealed</w>
  <w id="6" lemma="|the|" pos="DT" wid="6">the</w>
  <w id="7" lemma="|fullness|" pos="NN" wid="7">fullness</w>
  <w id="8" lemma="|of|" pos="IN" wid="8">of</w>
  <w id="9" lemma="|he|" pos="PRP$" wid="9">his</w>
  <w id="10" lemma="|love|" pos="NN" wid="10">love</w>
  <w id="11" lemma="|for|" pos="IN" wid="11">for</w>
  <w id="12" lemma="|all|" pos="DT" wid="12">all</w>
  <w id="13" lemma="|humanity|" pos="NN" wid="13">humanity</w>
  <w id="14" lemma="|.|" pos="." wid="14">.</w>
</sentence>
<sentence id="8">
  <w id="0" lemma="|2|" pos="CD" wid="0">2</w>
  <w id="1" lemma="|.|" pos="." wid="1">.</w>
</sentence>
<sentence id="9">
  <w id="0" lemma="|first|" pos="RB" wid="0">First</w>
  <w id="1" lemma="|the|" pos="DT" wid="1">the</w>
  <w id="2" lemma="|woman|" pos="NNS" wid="2">women</w>
  <w id="3" lemma="|,|" pos="," wid="3">,</w>
  <w id="4" lemma="|then|" pos="RB" wid="4">then</w>
  <w id="5" lemma="|the|" pos="DT" wid="5">the</w>
  <w id="6" lemma="|disciple|" pos="NNS" wid="6">disciples</w>
  <w id="7" lemma="|and|" pos="CC" wid="7">and</w>
  <w id="8" lemma="|Peter|" pos="NNP" wid="8">Peter</w>
  <w id="9" lemma="|himself|" pos="PRP" wid="9">himself</w>
  <w id="10" lemma="|note|" pos="VBP" wid="10">note</w>
  <w id="11" lemma="|the|" pos="DT" wid="11">the</w>
  <w id="12" lemma="|console|" pos="VBG" wid="12">consoling</w>
  <w id="13" lemma="|truth|" pos="NN" wid="13">truth</w>
  <w id="14" lemma="|:|" pos=":" wid="14">:</w>
  <w id="15" lemma="|``|" pos="``" wid="15">``</w>
  <w id="16" lemma="|This|" pos="NNP" wid="16">This</w>
  <w id="17" lemma="|Jesus|" pos="NNP" wid="17">Jesus</w>
  <w id="18" lemma="|God|" pos="NNP" wid="18">God</w>
  <w id="19" lemma="|raise|" pos="VBD" wid="19">raised</w>
  <w id="20" lemma="|up|" pos="RP" wid="20">up</w>
  <w id="21" lemma="|,|" pos="," wid="21">,</w>
  <w id="22" lemma="|and|" pos="CC" wid="22">and</w>
  <w id="23" lemma="|of|" pos="IN" wid="23">of</w>
  <w id="24" lemma="|that|" pos="IN" wid="24">that</w>
  <w id="25" lemma="|we|" pos="PRP" wid="25">we</w>
  <w id="26" lemma="|all|" pos="DT" wid="26">all</w>
  <w id="27" lemma="|be|" pos="VBP" wid="27">are</w>
  <w id="28" lemma="|witness|" pos="NNS" wid="28">witnesses</w>
  <w id="29" lemma="|''|" pos="''" wid="29">''</w>
  <w id="30" lemma="|-lrb-|" pos="-LRB-" wid="30">-LRB-</w>
  <w id="31" lemma="|act|" pos="NNS" wid="31">Acts</w>
  <w id="32" lemma="|2,32|" pos="CD" wid="32">2,32</w>
  <w id="33" lemma="|-rrb-|" pos="-RRB-" wid="33">-RRB-</w>
  <w id="34" lemma="|.|" pos="." wid="34">.</w>
</sentence>
<sentence id="10">
  <w id="0" lemma="|Dear|" pos="NNP" wid="0">Dear</w>
  <w id="1" lemma="|brother|" pos="NNS" wid="1">brothers</w>
  <w id="2" lemma="|and|" pos="CC" wid="2">and</w>
  <w id="3" lemma="|sister|" pos="NNS" wid="3">sisters</w>
  <w id="4" lemma="|,|" pos="," wid="4">,</w>
  <w id="5" lemma="|like|" pos="IN" wid="5">like</w>
  <w id="6" lemma="|they|" pos="PRP" wid="6">them</w>
  <w id="7" lemma="|and|" pos="CC" wid="7">and</w>
  <w id="8" lemma="|with|" pos="IN" wid="8">with</w>
  <w id="9" lemma="|they|" pos="PRP" wid="9">them</w>
  <w id="10" lemma="|,|" pos="," wid="10">,</w>
  <w id="11" lemma="|we|" pos="PRP" wid="11">we</w>
  <w id="12" lemma="|too|" pos="RB" wid="12">too</w>
  <w id="13" lemma="|be|" pos="VBP" wid="13">are</w>
  <w id="14" lemma="|call|" pos="VBN" wid="14">called</w>
  <w id="15" lemma="|to|" pos="TO" wid="15">to</w>
  <w id="16" lemma="|spread|" pos="VB" wid="16">spread</w>
  <w id="17" lemma="|this|" pos="DT" wid="17">this</w>
  <w id="18" lemma="|``|" pos="``" wid="18">``</w>
  <w id="19" lemma="|good|" pos="JJ" wid="19">good</w>
  <w id="20" lemma="|''|" pos="''" wid="20">''</w>
  <w id="21" lemma="|news|" pos="NN" wid="21">news</w>
  <w id="22" lemma="|among|" pos="IN" wid="22">among</w>
  <w id="23" lemma="|the|" pos="DT" wid="23">the</w>
  <w id="24" lemma="|man|" pos="NNS" wid="24">men</w>
  <w id="25" lemma="|and|" pos="CC" wid="25">and</w>
  <w id="26" lemma="|woman|" pos="NNS" wid="26">women</w>
  <w id="27" lemma="|of|" pos="IN" wid="27">of</w>
  <w id="28" lemma="|we|" pos="PRP$" wid="28">our</w>
  <w id="29" lemma="|time|" pos="NN" wid="29">time</w>
  <w id="30" lemma="|:|" pos=":" wid="30">:</w>
  <w id="31" lemma="|``|" pos="``" wid="31">``</w>
  <w id="32" lemma="|Christ|" pos="NNP" wid="32">Christ</w>
  <w id="33" lemma="|my|" pos="PRP$" wid="33">my</w>
  <w id="34" lemma="|hope|" pos="NN" wid="34">hope</w>
  <w id="35" lemma="|be|" pos="VBZ" wid="35">is</w>
  <w id="36" lemma="|arise|" pos="VBN" wid="36">arisen</w>
  <w id="37" lemma="|''|" pos="''" wid="37">''</w>
  <w id="38" lemma="|-lrb-|" pos="-LRB-" wid="38">-LRB-</w>
  <w id="39" lemma="|Easter|" pos="NNP" wid="39">Easter</w>
  <w id="40" lemma="|sequence|" pos="NN" wid="40">Sequence</w>
  <w id="41" lemma="|-rrb-|" pos="-RRB-" wid="41">-RRB-</w>
  <w id="42" lemma="|.|" pos="." wid="42">.</w>
</sentence>
<sentence id="11">
  <w id="0" lemma="|how|" pos="WRB" wid="0">How</w>
  <w id="1" lemma="|I|" pos="PRP" wid="1">I</w>
  <w id="2" lemma="|long|" pos="JJ" wid="2">long</w>
  <w id="3" lemma="|for|" pos="IN" wid="3">for</w>
  <w id="4" lemma="|the|" pos="DT" wid="4">the</w>
  <w id="5" lemma="|Easter|" pos="NNP" wid="5">Easter</w>
  <w id="6" lemma="|announcement|" pos="NN" wid="6">announcement</w>
  <w id="7" lemma="|to|" pos="TO" wid="7">to</w>
  <w id="8" lemma="|constantly|" pos="RB" wid="8">constantly</w>
  <w id="9" lemma="|strengthen|" pos="VB" wid="9">strengthen</w>
  <w id="10" lemma="|every|" pos="DT" wid="10">every</w>
  <w id="11" lemma="|baptize|" pos="VBN" wid="11">baptized</w>
  <w id="12" lemma="|person|" pos="NN" wid="12">person</w>
  <w id="13" lemma="|in|" pos="IN" wid="13">in</w>
  <w id="14" lemma="|the|" pos="DT" wid="14">the</w>
  <w id="15" lemma="|faith|" pos="NN" wid="15">faith</w>
  <w id="16" lemma="|!|" pos="." wid="16">!</w>
</sentence>
<sentence id="12">
  <w id="0" lemma="|how|" pos="WRB" wid="0">How</w>
  <w id="1" lemma="|I|" pos="PRP" wid="1">I</w>
  <w id="2" lemma="|long|" pos="JJ" wid="2">long</w>
  <w id="3" lemma="|for|" pos="IN" wid="3">for</w>
  <w id="4" lemma="|peace|" pos="NN" wid="4">peace</w>
  <w id="5" lemma="|,|" pos="," wid="5">,</w>
  <w id="6" lemma="|a|" pos="DT" wid="6">a</w>
  <w id="7" lemma="|gift|" pos="NN" wid="7">gift</w>
  <w id="8" lemma="|of|" pos="IN" wid="8">of</w>
  <w id="9" lemma="|the|" pos="DT" wid="9">the</w>
  <w id="10" lemma="|rise|" pos="VBN" wid="10">risen</w>
  <w id="11" lemma="|Christ|" pos="NNP" wid="11">Christ</w>
  <w id="12" lemma="|,|" pos="," wid="12">,</w>
  <w id="13" lemma="|to|" pos="TO" wid="13">to</w>
  <w id="14" lemma="|reach|" pos="VB" wid="14">reach</w>
  <w id="15" lemma="|every|" pos="DT" wid="15">every</w>
  <w id="16" lemma="|human|" pos="JJ" wid="16">human</w>
  <w id="17" lemma="|heart|" pos="NN" wid="17">heart</w>
  <w id="18" lemma="|and|" pos="CC" wid="18">and</w>
  <w id="19" lemma="|restore|" pos="VB" wid="19">restore</w>
  <w id="20" lemma="|hope|" pos="NN" wid="20">hope</w>
  <w id="21" lemma="|to|" pos="TO" wid="21">to</w>
  <w id="22" lemma="|all|" pos="DT" wid="22">all</w>
  <w id="23" lemma="|who|" pos="WP" wid="23">who</w>
  <w id="24" lemma="|be|" pos="VBP" wid="24">are</w>
  <w id="25" lemma="|oppressed|" pos="JJ" wid="25">oppressed</w>
  <w id="26" lemma="|and|" pos="CC" wid="26">and</w>
  <w id="27" lemma="|suffering|" pos="NN" wid="27">suffering</w>
  <w id="28" lemma="|!|" pos="." wid="28">!</w>
</sentence>
<sentence id="13">
  <w id="0" lemma="|3|" pos="LS" wid="0">3</w>
  <w id="1" lemma="|.|" pos="." wid="1">.</w>
</sentence>
<sentence id="14">
  <w id="0" lemma="|May|" pos="NNP" wid="0">May</w>
  <w id="1" lemma="|Mary|" pos="NNP" wid="1">Mary</w>
  <w id="2" lemma="|,|" pos="," wid="2">,</w>
  <w id="3" lemma="|a|" pos="DT" wid="3">a</w>
  <w id="4" lemma="|silent|" pos="JJ" wid="4">silent</w>
  <w id="5" lemma="|witness|" pos="NN" wid="5">witness</w>
  <w id="6" lemma="|of|" pos="IN" wid="6">of</w>
  <w id="7" lemma="|the|" pos="DT" wid="7">the</w>
  <w id="8" lemma="|death|" pos="NN" wid="8">Death</w>
  <w id="9" lemma="|and|" pos="CC" wid="9">and</w>
  <w id="10" lemma="|resurrection|" pos="NN" wid="10">Resurrection</w>
  <w id="11" lemma="|of|" pos="IN" wid="11">of</w>
  <w id="12" lemma="|she|" pos="PRP$" wid="12">her</w>
  <w id="13" lemma="|Son|" pos="NNP" wid="13">Son</w>
  <w id="14" lemma="|Jesus|" pos="NNP" wid="14">Jesus</w>
  <w id="15" lemma="|,|" pos="," wid="15">,</w>
  <w id="16" lemma="|help|" pos="VB" wid="16">help</w>
  <w id="17" lemma="|we|" pos="PRP" wid="17">us</w>
  <w id="18" lemma="|to|" pos="TO" wid="18">to</w>
  <w id="19" lemma="|believe|" pos="VB" wid="19">believe</w>
  <w id="20" lemma="|totally|" pos="RB" wid="20">totally</w>
  <w id="21" lemma="|in|" pos="IN" wid="21">in</w>
  <w id="22" lemma="|this|" pos="DT" wid="22">this</w>
  <w id="23" lemma="|mystery|" pos="NN" wid="23">mystery</w>
  <w id="24" lemma="|of|" pos="IN" wid="24">of</w>
  <w id="25" lemma="|salvation|" pos="NN" wid="25">salvation</w>
  <w id="26" lemma="|which|" pos="WDT" wid="26">which</w>
  <w id="27" lemma="|,|" pos="," wid="27">,</w>
  <w id="28" lemma="|receive|" pos="VBN" wid="28">received</w>
  <w id="29" lemma="|with|" pos="IN" wid="29">with</w>
  <w id="30" lemma="|deep|" pos="JJ" wid="30">deep</w>
  <w id="31" lemma="|faith|" pos="NN" wid="31">faith</w>
  <w id="32" lemma="|,|" pos="," wid="32">,</w>
  <w id="33" lemma="|can|" pos="MD" wid="33">can</w>
  <w id="34" lemma="|change|" pos="VB" wid="34">change</w>
  <w id="35" lemma="|life|" pos="NN" wid="35">life</w>
  <w id="36" lemma="|.|" pos="." wid="36">.</w>
</sentence>
<sentence id="15">
  <w id="0" lemma="|may|" pos="MD" wid="0">May</w>
  <w id="1" lemma="|she|" pos="PRP" wid="1">she</w>
  <w id="2" lemma="|enable|" pos="VB" wid="2">enable</w>
  <w id="3" lemma="|we|" pos="PRP" wid="3">us</w>
  <w id="4" lemma="|to|" pos="TO" wid="4">to</w>
  <w id="5" lemma="|transmit|" pos="VB" wid="5">transmit</w>
  <w id="6" lemma="|it|" pos="PRP" wid="6">it</w>
  <w id="7" lemma="|with|" pos="IN" wid="7">with</w>
  <w id="8" lemma="|joy|" pos="NN" wid="8">joy</w>
  <w id="9" lemma="|,|" pos="," wid="9">,</w>
  <w id="10" lemma="|as|" pos="IN" wid="10">as</w>
  <w id="11" lemma="|consistent|" pos="JJ" wid="11">consistent</w>
  <w id="12" lemma="|and|" pos="CC" wid="12">and</w>
  <w id="13" lemma="|courageous|" pos="JJ" wid="13">courageous</w>
  <w id="14" lemma="|disciple|" pos="NNS" wid="14">disciples</w>
  <w id="15" lemma="|of|" pos="IN" wid="15">of</w>
  <w id="16" lemma="|the|" pos="DT" wid="16">the</w>
  <w id="17" lemma="|rise|" pos="VBN" wid="17">risen</w>
  <w id="18" lemma="|Lord|" pos="NNP" wid="18">Lord</w>
  <w id="19" lemma="|,|" pos="," wid="19">,</w>
  <w id="20" lemma="|to|" pos="TO" wid="20">to</w>
  <w id="21" lemma="|all|" pos="PDT" wid="21">all</w>
  <w id="22" lemma="|those|" pos="DT" wid="22">those</w>
  <w id="23" lemma="|we|" pos="PRP" wid="23">we</w>
  <w id="24" lemma="|come|" pos="VBP" wid="24">come</w>
  <w id="25" lemma="|across|" pos="RB" wid="25">across</w>
  <w id="26" lemma="|.|" pos="." wid="26">.</w>
</sentence>
<sentence id="16">
  <w id="0" lemma="|this|" pos="DT" wid="0">This</w>
  <w id="1" lemma="|be|" pos="VBZ" wid="1">is</w>
  <w id="2" lemma="|my|" pos="PRP$" wid="2">my</w>
  <w id="3" lemma="|hope|" pos="NN" wid="3">hope</w>
  <w id="4" lemma="|for|" pos="IN" wid="4">for</w>
  <w id="5" lemma="|you|" pos="PRP" wid="5">you</w>
  <w id="6" lemma="|all|" pos="DT" wid="6">all</w>
  <w id="7" lemma="|.|" pos="." wid="7">.</w>
</sentence>
<sentence id="17">
  <w id="0" lemma="|I|" pos="PRP" wid="0">I</w>
  <w id="1" lemma="|entrust|" pos="VBP" wid="1">entrust</w>
  <w id="2" lemma="|it|" pos="PRP" wid="2">it</w>
  <w id="3" lemma="|to|" pos="TO" wid="3">to</w>
  <w id="4" lemma="|Our|" pos="NNP" wid="4">Our</w>
  <w id="5" lemma="|Lady|" pos="NNP" wid="5">Lady</w>
  <w id="6" lemma="|,|" pos="," wid="6">,</w>
  <w id="7" lemma="|whom|" pos="WP" wid="7">whom</w>
  <w id="8" lemma="|we|" pos="PRP" wid="8">we</w>
  <w id="9" lemma="|will|" pos="MD" wid="9">will</w>
  <w id="10" lemma="|now|" pos="RB" wid="10">now</w>
  <w id="11" lemma="|call|" pos="VB" wid="11">call</w>
  <w id="12" lemma="|upon|" pos="IN" wid="12">upon</w>
  <w id="13" lemma="|,|" pos="," wid="13">,</w>
  <w id="14" lemma="|sing|" pos="VBG" wid="14">singing</w>
  <w id="15" lemma="|the|" pos="DT" wid="15">the</w>
  <w id="16" lemma="|Regina|" pos="NNP" wid="16">Regina</w>
  <w id="17" lemma="|Caeli|" pos="NNP" wid="17">Caeli</w>
  <w id="18" lemma="|.|" pos="." wid="18">.</w>
</sentence>
<sentence id="18">
  <w id="0" lemma="|after|" pos="IN" wid="0">After</w>
  <w id="1" lemma="|lead|" pos="VBG" wid="1">leading</w>
  <w id="2" lemma="|the|" pos="DT" wid="2">the</w>
  <w id="3" lemma="|prayer|" pos="NN" wid="3">prayer</w>
  <w id="4" lemma="|of|" pos="IN" wid="4">of</w>
  <w id="5" lemma="|the|" pos="DT" wid="5">the</w>
  <w id="6" lemma="|Regina|" pos="NNP" wid="6">Regina</w>
  <w id="7" lemma="|Caeli|" pos="NNP" wid="7">Caeli</w>
  <w id="8" lemma="|,|" pos="," wid="8">,</w>
  <w id="9" lemma="|the|" pos="DT" wid="9">the</w>
  <w id="10" lemma="|Holy|" pos="NNP" wid="10">Holy</w>
  <w id="11" lemma="|Father|" pos="NNP" wid="11">Father</w>
  <w id="12" lemma="|say|" pos="VBD" wid="12">said</w>
  <w id="13" lemma="|:|" pos=":" wid="13">:</w>
  <w id="14" lemma="|today|" pos="NN" wid="14">Today</w>
  <w id="15" lemma="|I|" pos="PRP" wid="15">I</w>
  <w id="16" lemma="|invite|" pos="VBP" wid="16">invite</w>
  <w id="17" lemma="|you|" pos="PRP" wid="17">you</w>
  <w id="18" lemma="|to|" pos="TO" wid="18">to</w>
  <w id="19" lemma="|pray|" pos="VB" wid="19">pray</w>
  <w id="20" lemma="|especially|" pos="RB" wid="20">especially</w>
  <w id="21" lemma="|for|" pos="IN" wid="21">for</w>
  <w id="22" lemma="|the|" pos="DT" wid="22">the</w>
  <w id="23" lemma="|inhabitant|" pos="NNS" wid="23">inhabitants</w>
  <w id="24" lemma="|of|" pos="IN" wid="24">of</w>
  <w id="25" lemma="|Bethlehem|" pos="NNP" wid="25">Bethlehem</w>
  <w id="26" lemma="|,|" pos="," wid="26">,</w>
  <w id="27" lemma="|the|" pos="DT" wid="27">the</w>
  <w id="28" lemma="|city|" pos="NN" wid="28">city</w>
  <w id="29" lemma="|where|" pos="WRB" wid="29">where</w>
  <w id="30" lemma="|Jesus|" pos="NNP" wid="30">Jesus</w>
  <w id="31" lemma="|be|" pos="VBD" wid="31">was</w>
  <w id="32" lemma="|bear|" pos="VBN" wid="32">born</w>
  <w id="33" lemma="|,|" pos="," wid="33">,</w>
  <w id="34" lemma="|which|" pos="WDT" wid="34">which</w>
  <w id="35" lemma="|at|" pos="IN" wid="35">at</w>
  <w id="36" lemma="|this|" pos="DT" wid="36">this</w>
  <w id="37" lemma="|time|" pos="NN" wid="37">time</w>
  <w id="38" lemma="|be|" pos="VBZ" wid="38">is</w>
  <w id="39" lemma="|go|" pos="VBG" wid="39">going</w>
  <w id="40" lemma="|through|" pos="IN" wid="40">through</w>
  <w id="41" lemma="|a|" pos="DT" wid="41">a</w>
  <w id="42" lemma="|difficult|" pos="JJ" wid="42">difficult</w>
  <w id="43" lemma="|moment|" pos="NN" wid="43">moment</w>
  <w id="44" lemma="|and|" pos="CC" wid="44">and</w>
  <w id="45" lemma="|be|" pos="VBZ" wid="45">is</w>
  <w id="46" lemma="|in|" pos="IN" wid="46">in</w>
  <w id="47" lemma="|grave|" pos="JJ" wid="47">grave</w>
  <w id="48" lemma="|danger|" pos="NN" wid="48">danger</w>
  <w id="49" lemma="|.|" pos="." wid="49">.</w>
</sentence>
<sentence id="19">
  <w id="0" lemma="|indeed|" pos="RB" wid="0">Indeed</w>
  <w id="1" lemma="|,|" pos="," wid="1">,</w>
  <w id="2" lemma="|we|" pos="PRP" wid="2">we</w>
  <w id="3" lemma="|be|" pos="VBP" wid="3">are</w>
  <w id="4" lemma="|receive|" pos="VBG" wid="4">receiving</w>
  <w id="5" lemma="|sad|" pos="JJ" wid="5">sad</w>
  <w id="6" lemma="|and|" pos="CC" wid="6">and</w>
  <w id="7" lemma="|disturbing|" pos="JJ" wid="7">disturbing</w>
  <w id="8" lemma="|news|" pos="NN" wid="8">news</w>
  <w id="9" lemma="|of|" pos="IN" wid="9">of</w>
  <w id="10" lemma="|it|" pos="PRP" wid="10">it</w>
  <w id="11" lemma="|that|" pos="WDT" wid="11">that</w>
  <w id="12" lemma="|trouble|" pos="VBD" wid="12">troubled</w>
  <w id="13" lemma="|the|" pos="DT" wid="13">the</w>
  <w id="14" lemma="|atmosphere|" pos="NN" wid="14">atmosphere</w>
  <w id="15" lemma="|of|" pos="IN" wid="15">of</w>
  <w id="16" lemma="|Easter|" pos="NNP" wid="16">Easter</w>
  <w id="17" lemma="|Day|" pos="NNP" wid="17">Day</w>
  <w id="18" lemma="|,|" pos="," wid="18">,</w>
  <w id="19" lemma="|which|" pos="WDT" wid="19">which</w>
  <w id="20" lemma="|should|" pos="MD" wid="20">should</w>
  <w id="21" lemma="|be|" pos="VB" wid="21">be</w>
  <w id="22" lemma="|a|" pos="DT" wid="22">a</w>
  <w id="23" lemma="|feast|" pos="NN" wid="23">feast</w>
  <w id="24" lemma="|of|" pos="IN" wid="24">of</w>
  <w id="25" lemma="|peace|" pos="NN" wid="25">peace</w>
  <w id="26" lemma="|,|" pos="," wid="26">,</w>
  <w id="27" lemma="|joy|" pos="NN" wid="27">joy</w>
  <w id="28" lemma="|and|" pos="CC" wid="28">and</w>
  <w id="29" lemma="|life|" pos="NN" wid="29">life</w>
  <w id="30" lemma="|.|" pos="." wid="30">.</w>
</sentence>
<sentence id="20">
  <w id="0" lemma="|the|" pos="DT" wid="0">The</w>
  <w id="1" lemma="|Pope|" pos="NNP" wid="1">Pope</w>
  <w id="2" lemma="|be|" pos="VBZ" wid="2">is</w>
  <w id="3" lemma="|close|" pos="JJ" wid="3">close</w>
  <w id="4" lemma="|to|" pos="TO" wid="4">to</w>
  <w id="5" lemma="|these|" pos="DT" wid="5">these</w>
  <w id="6" lemma="|brother|" pos="NNS" wid="6">brothers</w>
  <w id="7" lemma="|and|" pos="CC" wid="7">and</w>
  <w id="8" lemma="|sister|" pos="NNS" wid="8">sisters</w>
  <w id="9" lemma="|of|" pos="IN" wid="9">of</w>
  <w id="10" lemma="|ours|" pos="PRP" wid="10">ours</w>
  <w id="11" lemma="|with|" pos="IN" wid="11">with</w>
  <w id="12" lemma="|deep|" pos="JJ" wid="12">deep</w>
  <w id="13" lemma="|apprehension|" pos="NN" wid="13">apprehension</w>
  <w id="14" lemma="|and|" pos="CC" wid="14">and</w>
  <w id="15" lemma="|suffering|" pos="NN" wid="15">suffering</w>
  <w id="16" lemma="|;|" pos=":" wid="16">;</w>
  <w id="17" lemma="|so|" pos="RB" wid="17">so</w>
  <w id="18" lemma="|be|" pos="VBZ" wid="18">is</w>
  <w id="19" lemma="|the|" pos="DT" wid="19">the</w>
  <w id="20" lemma="|whole|" pos="JJ" wid="20">whole</w>
  <w id="21" lemma="|Church|" pos="NNP" wid="21">Church</w>
  <w id="22" lemma="|,|" pos="," wid="22">,</w>
  <w id="23" lemma="|which|" pos="WDT" wid="23">which</w>
  <w id="24" lemma="|be|" pos="VBZ" wid="24">is</w>
  <w id="25" lemma="|pray|" pos="VBG" wid="25">praying</w>
  <w id="26" lemma="|and|" pos="CC" wid="26">and</w>
  <w id="27" lemma="|toiling|" pos="NN" wid="27">toiling</w>
  <w id="28" lemma="|to|" pos="TO" wid="28">to</w>
  <w id="29" lemma="|bring|" pos="VB" wid="29">bring</w>
  <w id="30" lemma="|this|" pos="DT" wid="30">this</w>
  <w id="31" lemma="|painful|" pos="JJ" wid="31">painful</w>
  <w id="32" lemma="|calvary|" pos="NN" wid="32">calvary</w>
  <w id="33" lemma="|to|" pos="TO" wid="33">to</w>
  <w id="34" lemma="|a|" pos="DT" wid="34">an</w>
  <w id="35" lemma="|end|" pos="NN" wid="35">end</w>
  <w id="36" lemma="|without|" pos="IN" wid="36">without</w>
  <w id="37" lemma="|delay|" pos="NN" wid="37">delay</w>
  <w id="38" lemma="|.|" pos="." wid="38">.</w>
</sentence>
</corpus>