<corpus id="0">
<sentence id="0">
  <w id="0" lemma="|Dear|" pos="NNP" wid="0">Dear</w>
  <w id="1" lemma="|Brothers|" pos="NNPS" wid="1">Brothers</w>
  <w id="2" lemma="|and|" pos="CC" wid="2">and</w>
  <w id="3" lemma="|sister|" pos="NNS" wid="3">Sisters</w>
  <w id="4" lemma="|,|" pos="," wid="4">,</w>
  <w id="5" lemma="|1|" pos="CD" wid="5">1</w>
  <w id="6" lemma="|.|" pos="." wid="6">.</w>
</sentence>
<sentence id="1">
  <w id="0" lemma="|the|" pos="DT" wid="0">The</w>
  <w id="1" lemma="|liturgy|" pos="NN" wid="1">Liturgy</w>
  <w id="2" lemma="|of|" pos="IN" wid="2">of</w>
  <w id="3" lemma="|the|" pos="DT" wid="3">the</w>
  <w id="4" lemma="|Fifth|" pos="NNP" wid="4">Fifth</w>
  <w id="5" lemma="|Sunday|" pos="NNP" wid="5">Sunday</w>
  <w id="6" lemma="|of|" pos="IN" wid="6">of</w>
  <w id="7" lemma="|Easter|" pos="NNP" wid="7">Easter</w>
  <w id="8" lemma="|present|" pos="VBZ" wid="8">presents</w>
  <w id="9" lemma="|Christ|" pos="NNP" wid="9">Christ</w>
  <w id="10" lemma="|as|" pos="IN" wid="10">as</w>
  <w id="11" lemma="|``|" pos="``" wid="11">``</w>
  <w id="12" lemma="|the|" pos="DT" wid="12">the</w>
  <w id="13" lemma="|Way|" pos="NNP" wid="13">Way</w>
  <w id="14" lemma="|,|" pos="," wid="14">,</w>
  <w id="15" lemma="|the|" pos="DT" wid="15">the</w>
  <w id="16" lemma="|truth|" pos="NN" wid="16">Truth</w>
  <w id="17" lemma="|and|" pos="CC" wid="17">and</w>
  <w id="18" lemma="|the|" pos="DT" wid="18">the</w>
  <w id="19" lemma="|Life|" pos="NNP" wid="19">Life</w>
  <w id="20" lemma="|''|" pos="''" wid="20">''</w>
  <w id="21" lemma="|-lrb-|" pos="-LRB-" wid="21">-LRB-</w>
  <w id="22" lemma="|cf|" pos="NN" wid="22">cf</w>
  <w id="23" lemma="|.|" pos="." wid="23">.</w>
</sentence>
<sentence id="2">
  <w id="0" lemma="|jn|" pos="FW" wid="0">Jn</w>
  <w id="1" lemma="|14,6|" pos="FW" wid="1">14,6</w>
  <w id="2" lemma="|-rrb-|" pos="-RRB-" wid="2">-RRB-</w>
  <w id="3" lemma="|.|" pos="." wid="3">.</w>
</sentence>
<sentence id="3">
  <w id="0" lemma="|he|" pos="PRP" wid="0">He</w>
  <w id="1" lemma="|be|" pos="VBZ" wid="1">is</w>
  <w id="2" lemma="|the|" pos="DT" wid="2">the</w>
  <w id="3" lemma="|only|" pos="JJ" wid="3">only</w>
  <w id="4" lemma="|way|" pos="NN" wid="4">way</w>
  <w id="5" lemma="|of|" pos="IN" wid="5">of</w>
  <w id="6" lemma="|salvation|" pos="NN" wid="6">salvation</w>
  <w id="7" lemma="|,|" pos="," wid="7">,</w>
  <w id="8" lemma="|the|" pos="DT" wid="8">the</w>
  <w id="9" lemma="|full|" pos="JJ" wid="9">full</w>
  <w id="10" lemma="|truth|" pos="NN" wid="10">truth</w>
  <w id="11" lemma="|that|" pos="WDT" wid="11">that</w>
  <w id="12" lemma="|make|" pos="VBZ" wid="12">makes</w>
  <w id="13" lemma="|we|" pos="PRP" wid="13">us</w>
  <w id="14" lemma="|free|" pos="JJ" wid="14">free</w>
  <w id="15" lemma="|,|" pos="," wid="15">,</w>
  <w id="16" lemma="|the|" pos="DT" wid="16">the</w>
  <w id="17" lemma="|true|" pos="JJ" wid="17">true</w>
  <w id="18" lemma="|life|" pos="NN" wid="18">life</w>
  <w id="19" lemma="|that|" pos="WDT" wid="19">that</w>
  <w id="20" lemma="|give|" pos="VBZ" wid="20">gives</w>
  <w id="21" lemma="|meaning|" pos="NN" wid="21">meaning</w>
  <w id="22" lemma="|to|" pos="TO" wid="22">to</w>
  <w id="23" lemma="|we|" pos="PRP$" wid="23">our</w>
  <w id="24" lemma="|existence|" pos="NN" wid="24">existence</w>
  <w id="25" lemma="|.|" pos="." wid="25">.</w>
</sentence>
<sentence id="4">
  <w id="0" lemma="|he|" pos="PRP$" wid="0">His</w>
  <w id="1" lemma="|radiant|" pos="JJ" wid="1">radiant</w>
  <w id="2" lemma="|countenance|" pos="VBP" wid="2">countenance</w>
  <w id="3" lemma="|of|" pos="IN" wid="3">of</w>
  <w id="4" lemma="|glory|" pos="NN" wid="4">glory</w>
  <w id="5" lemma="|fully|" pos="RB" wid="5">fully</w>
  <w id="6" lemma="|reveal|" pos="VBZ" wid="6">reveals</w>
  <w id="7" lemma="|to|" pos="TO" wid="7">to</w>
  <w id="8" lemma="|we|" pos="PRP" wid="8">us</w>
  <w id="9" lemma="|the|" pos="DT" wid="9">the</w>
  <w id="10" lemma="|truth|" pos="NN" wid="10">truth</w>
  <w id="11" lemma="|of|" pos="IN" wid="11">of</w>
  <w id="12" lemma="|God|" pos="NNP" wid="12">God</w>
  <w id="13" lemma="|and|" pos="CC" wid="13">and</w>
  <w id="14" lemma="|the|" pos="DT" wid="14">the</w>
  <w id="15" lemma="|truth|" pos="NN" wid="15">truth</w>
  <w id="16" lemma="|of|" pos="IN" wid="16">of</w>
  <w id="17" lemma="|man|" pos="NN" wid="17">man</w>
  <w id="18" lemma="|.|" pos="." wid="18">.</w>
</sentence>
<sentence id="5">
  <w id="0" lemma="|everyone|" pos="NN" wid="0">Everyone</w>
  <w id="1" lemma="|can|" pos="MD" wid="1">can</w>
  <w id="2" lemma="|fix|" pos="VB" wid="2">fix</w>
  <w id="3" lemma="|he|" pos="PRP$" wid="3">his</w>
  <w id="4" lemma="|eye|" pos="NNS" wid="4">eyes</w>
  <w id="5" lemma="|on|" pos="IN" wid="5">on</w>
  <w id="6" lemma="|he|" pos="PRP$" wid="6">his</w>
  <w id="7" lemma="|face|" pos="NN" wid="7">face</w>
  <w id="8" lemma="|at|" pos="IN" wid="8">at</w>
  <w id="9" lemma="|any|" pos="DT" wid="9">any</w>
  <w id="10" lemma="|time|" pos="NN" wid="10">time</w>
  <w id="11" lemma="|,|" pos="," wid="11">,</w>
  <w id="12" lemma="|to|" pos="TO" wid="12">to</w>
  <w id="13" lemma="|find|" pos="VB" wid="13">find</w>
  <w id="14" lemma="|understanding|" pos="NN" wid="14">understanding</w>
  <w id="15" lemma="|,|" pos="," wid="15">,</w>
  <w id="16" lemma="|serenity|" pos="NN" wid="16">serenity</w>
  <w id="17" lemma="|and|" pos="CC" wid="17">and</w>
  <w id="18" lemma="|forgiveness|" pos="NN" wid="18">forgiveness</w>
  <w id="19" lemma="|.|" pos="." wid="19">.</w>
</sentence>
<sentence id="6">
  <w id="0" lemma="|St|" pos="NNP" wid="0">St</w>
  <w id="1" lemma="|Catherine|" pos="NNP" wid="1">Catherine</w>
  <w id="2" lemma="|of|" pos="IN" wid="2">of</w>
  <w id="3" lemma="|Siena|" pos="NNP" wid="3">Siena</w>
  <w id="4" lemma="|,|" pos="," wid="4">,</w>
  <w id="5" lemma="|patroness|" pos="NN" wid="5">patroness</w>
  <w id="6" lemma="|of|" pos="IN" wid="6">of</w>
  <w id="7" lemma="|Italy|" pos="NNP" wid="7">Italy</w>
  <w id="8" lemma="|and|" pos="CC" wid="8">and</w>
  <w id="9" lemma="|Europe|" pos="NNP" wid="9">Europe</w>
  <w id="10" lemma="|,|" pos="," wid="10">,</w>
  <w id="11" lemma="|whose|" pos="WP$" wid="11">whose</w>
  <w id="12" lemma="|feast|" pos="NN" wid="12">feast</w>
  <w id="13" lemma="|day|" pos="NN" wid="13">day</w>
  <w id="14" lemma="|we|" pos="PRP" wid="14">we</w>
  <w id="15" lemma="|celebrate|" pos="VBP" wid="15">celebrate</w>
  <w id="16" lemma="|tomorrow|" pos="NN" wid="16">tomorrow</w>
  <w id="17" lemma="|-lrb-|" pos="-LRB-" wid="17">-LRB-</w>
  <w id="18" lemma="|Monday|" pos="NNP" wid="18">Monday</w>
  <w id="19" lemma="|29|" pos="CD" wid="19">29</w>
  <w id="20" lemma="|April|" pos="NNP" wid="20">April</w>
  <w id="21" lemma="|-rrb-|" pos="-RRB-" wid="21">-RRB-</w>
  <w id="22" lemma="|also|" pos="RB" wid="22">also</w>
  <w id="23" lemma="|remind|" pos="VBZ" wid="23">reminds</w>
  <w id="24" lemma="|we|" pos="PRP" wid="24">us</w>
  <w id="25" lemma="|of|" pos="IN" wid="25">of</w>
  <w id="26" lemma="|this|" pos="DT" wid="26">this</w>
  <w id="27" lemma="|.|" pos="." wid="27">.</w>
</sentence>
<sentence id="7">
  <w id="0" lemma="|she|" pos="PRP" wid="0">She</w>
  <w id="1" lemma="|write|" pos="VBD" wid="1">wrote</w>
  <w id="2" lemma="|to|" pos="TO" wid="2">to</w>
  <w id="3" lemma="|the|" pos="DT" wid="3">the</w>
  <w id="4" lemma="|elder|" pos="NNS" wid="4">elders</w>
  <w id="5" lemma="|of|" pos="IN" wid="5">of</w>
  <w id="6" lemma="|Lucca|" pos="NNP" wid="6">Lucca</w>
  <w id="7" lemma="|:|" pos=":" wid="7">:</w>
  <w id="8" lemma="|``|" pos="``" wid="8">``</w>
  <w id="9" lemma="|Know|" pos="NNP" wid="9">Know</w>
  <w id="10" lemma="|,|" pos="," wid="10">,</w>
  <w id="11" lemma="|dear|" pos="RB" wid="11">dear</w>
  <w id="12" lemma="|brother|" pos="NNS" wid="12">brothers</w>
  <w id="13" lemma="|,|" pos="," wid="13">,</w>
  <w id="14" lemma="|that|" pos="IN" wid="14">that</w>
  <w id="15" lemma="|all|" pos="DT" wid="15">all</w>
  <w id="16" lemma="|of|" pos="IN" wid="16">of</w>
  <w id="17" lemma="|we|" pos="PRP" wid="17">us</w>
  <w id="18" lemma="|be|" pos="VBP" wid="18">are</w>
  <w id="19" lemma="|on|" pos="IN" wid="19">on</w>
  <w id="20" lemma="|the|" pos="DT" wid="20">the</w>
  <w id="21" lemma="|way|" pos="NN" wid="21">way</w>
  <w id="22" lemma="|,|" pos="," wid="22">,</w>
  <w id="23" lemma="|pilgrim|" pos="NNS" wid="23">pilgrims</w>
  <w id="24" lemma="|and|" pos="CC" wid="24">and</w>
  <w id="25" lemma="|fellow|" pos="JJ" wid="25">fellow</w>
  <w id="26" lemma="|traveller|" pos="NNS" wid="26">travellers</w>
  <w id="27" lemma="|...|" pos=":" wid="27">...</w>
  <w id="28" lemma="|.|" pos="." wid="28">.</w>
</sentence>
<sentence id="8">
  <w id="0" lemma="|but|" pos="CC" wid="0">But</w>
  <w id="1" lemma="|be|" pos="VB" wid="1">be</w>
  <w id="2" lemma="|comfort|" pos="VBN" wid="2">comforted</w>
  <w id="3" lemma="|,|" pos="," wid="3">,</w>
  <w id="4" lemma="|because|" pos="IN" wid="4">because</w>
  <w id="5" lemma="|we|" pos="PRP" wid="5">we</w>
  <w id="6" lemma="|have|" pos="VBP" wid="6">have</w>
  <w id="7" lemma="|be|" pos="VBN" wid="7">been</w>
  <w id="8" lemma="|give|" pos="VBN" wid="8">given</w>
  <w id="9" lemma="|a|" pos="DT" wid="9">a</w>
  <w id="10" lemma="|guide|" pos="NN" wid="10">guide</w>
  <w id="11" lemma="|,|" pos="," wid="11">,</w>
  <w id="12" lemma="|and|" pos="CC" wid="12">and</w>
  <w id="13" lemma="|it|" pos="PRP" wid="13">it</w>
  <w id="14" lemma="|be|" pos="VBZ" wid="14">is</w>
  <w id="15" lemma="|the|" pos="DT" wid="15">the</w>
  <w id="16" lemma="|only-begotten|" pos="JJ" wid="16">only-begotten</w>
  <w id="17" lemma="|Word|" pos="NNP" wid="17">Word</w>
  <w id="18" lemma="|Incarnate|" pos="NNP" wid="18">Incarnate</w>
  <w id="19" lemma="|,|" pos="," wid="19">,</w>
  <w id="20" lemma="|Son|" pos="NNP" wid="20">Son</w>
  <w id="21" lemma="|of|" pos="IN" wid="21">of</w>
  <w id="22" lemma="|God|" pos="NNP" wid="22">God</w>
  <w id="23" lemma="|,|" pos="," wid="23">,</w>
  <w id="24" lemma="|who|" pos="WP" wid="24">who</w>
  <w id="25" lemma="|teach|" pos="VBZ" wid="25">teaches</w>
  <w id="26" lemma="|we|" pos="PRP" wid="26">us</w>
  <w id="27" lemma="|the|" pos="DT" wid="27">the</w>
  <w id="28" lemma="|way|" pos="NN" wid="28">way</w>
  <w id="29" lemma="|we|" pos="PRP" wid="29">we</w>
  <w id="30" lemma="|must|" pos="MD" wid="30">must</w>
  <w id="31" lemma="|go|" pos="VB" wid="31">go</w>
  <w id="32" lemma="|on|" pos="IN" wid="32">on</w>
  <w id="33" lemma="|that|" pos="DT" wid="33">that</w>
  <w id="34" lemma="|shine|" pos="VBG" wid="34">shining</w>
  <w id="35" lemma="|path|" pos="NN" wid="35">path</w>
  <w id="36" lemma="|that|" pos="IN" wid="36">that</w>
  <w id="37" lemma="|he|" pos="PRP" wid="37">he</w>
  <w id="38" lemma="|himself|" pos="PRP" wid="38">himself</w>
  <w id="39" lemma="|be|" pos="VBZ" wid="39">is</w>
  <w id="40" lemma="|''|" pos="''" wid="40">''</w>
  <w id="41" lemma="|-lrb-|" pos="-LRB-" wid="41">-LRB-</w>
  <w id="42" lemma="|Letter|" pos="NNP" wid="42">Letter</w>
  <w id="43" lemma="|168|" pos="CD" wid="43">168</w>
  <w id="44" lemma="|-rrb-|" pos="-RRB-" wid="44">-RRB-</w>
  <w id="45" lemma="|.|" pos="." wid="45">.</w>
</sentence>
<sentence id="9">
  <w id="0" lemma="|2|" pos="CD" wid="0">2</w>
  <w id="1" lemma="|.|" pos="." wid="1">.</w>
</sentence>
<sentence id="10">
  <w id="0" lemma="|this|" pos="DT" wid="0">This</w>
  <w id="1" lemma="|come|" pos="VBG" wid="1">coming</w>
  <w id="2" lemma="|Wednesday|" pos="NNP" wid="2">Wednesday</w>
  <w id="3" lemma="|we|" pos="PRP" wid="3">we</w>
  <w id="4" lemma="|begin|" pos="VBP" wid="4">begin</w>
  <w id="5" lemma="|the|" pos="DT" wid="5">the</w>
  <w id="6" lemma="|month|" pos="NN" wid="6">month</w>
  <w id="7" lemma="|of|" pos="IN" wid="7">of</w>
  <w id="8" lemma="|May|" pos="NNP" wid="8">May</w>
  <w id="9" lemma="|dedicate|" pos="VBN" wid="9">dedicated</w>
  <w id="10" lemma="|to|" pos="TO" wid="10">to</w>
  <w id="11" lemma="|Our|" pos="NNP" wid="11">Our</w>
  <w id="12" lemma="|Lady|" pos="NNP" wid="12">Lady</w>
  <w id="13" lemma="|.|" pos="." wid="13">.</w>
</sentence>
<sentence id="11">
  <w id="0" lemma="|for|" pos="IN" wid="0">For</w>
  <w id="1" lemma="|century|" pos="NNS" wid="1">centuries</w>
  <w id="2" lemma="|popular|" pos="JJ" wid="2">popular</w>
  <w id="3" lemma="|devotion|" pos="NN" wid="3">devotion</w>
  <w id="4" lemma="|have|" pos="VBZ" wid="4">has</w>
  <w id="5" lemma="|make|" pos="VBN" wid="5">made</w>
  <w id="6" lemma="|this|" pos="DT" wid="6">this</w>
  <w id="7" lemma="|month|" pos="NN" wid="7">month</w>
  <w id="8" lemma="|a|" pos="DT" wid="8">a</w>
  <w id="9" lemma="|wonderful|" pos="JJ" wid="9">wonderful</w>
  <w id="10" lemma="|occasion|" pos="NN" wid="10">occasion</w>
  <w id="11" lemma="|for|" pos="IN" wid="11">for</w>
  <w id="12" lemma="|express|" pos="VBG" wid="12">expressing</w>
  <w id="13" lemma="|in|" pos="IN" wid="13">in</w>
  <w id="14" lemma="|many|" pos="JJ" wid="14">many</w>
  <w id="15" lemma="|way|" pos="NNS" wid="15">ways</w>
  <w id="16" lemma="|we|" pos="PRP$" wid="16">our</w>
  <w id="17" lemma="|Marian|" pos="NNP" wid="17">Marian</w>
  <w id="18" lemma="|devotion|" pos="NN" wid="18">devotion</w>
  <w id="19" lemma="|.|" pos="." wid="19">.</w>
</sentence>
<sentence id="12">
  <w id="0" lemma="|Dear|" pos="NNP" wid="0">Dear</w>
  <w id="1" lemma="|brother|" pos="NNS" wid="1">brothers</w>
  <w id="2" lemma="|and|" pos="CC" wid="2">and</w>
  <w id="3" lemma="|sister|" pos="NNS" wid="3">sisters</w>
  <w id="4" lemma="|,|" pos="," wid="4">,</w>
  <w id="5" lemma="|let|" pos="VB" wid="5">let</w>
  <w id="6" lemma="|we|" pos="PRP" wid="6">us</w>
  <w id="7" lemma="|live|" pos="VB" wid="7">live</w>
  <w id="8" lemma="|intensely|" pos="RB" wid="8">intensely</w>
  <w id="9" lemma="|these|" pos="DT" wid="9">these</w>
  <w id="10" lemma="|day|" pos="NNS" wid="10">days</w>
  <w id="11" lemma="|dedicate|" pos="VBN" wid="11">dedicated</w>
  <w id="12" lemma="|to|" pos="TO" wid="12">to</w>
  <w id="13" lemma="|the|" pos="DT" wid="13">the</w>
  <w id="14" lemma="|heavenly|" pos="JJ" wid="14">heavenly</w>
  <w id="15" lemma="|Mother|" pos="NNP" wid="15">Mother</w>
  <w id="16" lemma="|of|" pos="IN" wid="16">of</w>
  <w id="17" lemma="|the|" pos="DT" wid="17">the</w>
  <w id="18" lemma="|Lord|" pos="NNP" wid="18">Lord</w>
  <w id="19" lemma="|.|" pos="." wid="19">.</w>
</sentence>
<sentence id="13">
  <w id="0" lemma="|let|" pos="VB" wid="0">Let</w>
  <w id="1" lemma="|we|" pos="PRP" wid="1">us</w>
  <w id="2" lemma="|pray|" pos="VB" wid="2">pray</w>
  <w id="3" lemma="|the|" pos="DT" wid="3">the</w>
  <w id="4" lemma="|Rosary|" pos="NNP" wid="4">Rosary</w>
  <w id="5" lemma="|,|" pos="," wid="5">,</w>
  <w id="6" lemma="|if|" pos="IN" wid="6">if</w>
  <w id="7" lemma="|possible|" pos="JJ" wid="7">possible</w>
  <w id="8" lemma="|every|" pos="DT" wid="8">every</w>
  <w id="9" lemma="|day|" pos="NN" wid="9">day</w>
  <w id="10" lemma="|,|" pos="," wid="10">,</w>
  <w id="11" lemma="|either|" pos="CC" wid="11">either</w>
  <w id="12" lemma="|by|" pos="IN" wid="12">by</w>
  <w id="13" lemma="|ourself|" pos="NN" wid="13">ourself</w>
  <w id="14" lemma="|or|" pos="CC" wid="14">or</w>
  <w id="15" lemma="|in|" pos="IN" wid="15">in</w>
  <w id="16" lemma="|community|" pos="NN" wid="16">community</w>
  <w id="17" lemma="|.|" pos="." wid="17">.</w>
</sentence>
<sentence id="14">
  <w id="0" lemma="|the|" pos="DT" wid="0">The</w>
  <w id="1" lemma="|Rosary|" pos="NNP" wid="1">Rosary</w>
  <w id="2" lemma="|be|" pos="VBZ" wid="2">is</w>
  <w id="3" lemma="|a|" pos="DT" wid="3">a</w>
  <w id="4" lemma="|simple|" pos="JJ" wid="4">simple</w>
  <w id="5" lemma="|prayer|" pos="NN" wid="5">prayer</w>
  <w id="6" lemma="|,|" pos="," wid="6">,</w>
  <w id="7" lemma="|but|" pos="CC" wid="7">but</w>
  <w id="8" lemma="|profound|" pos="JJ" wid="8">profound</w>
  <w id="9" lemma="|and|" pos="CC" wid="9">and</w>
  <w id="10" lemma="|very|" pos="RB" wid="10">very</w>
  <w id="11" lemma="|effective|" pos="JJ" wid="11">effective</w>
  <w id="12" lemma="|,|" pos="," wid="12">,</w>
  <w id="13" lemma="|even|" pos="RB" wid="13">even</w>
  <w id="14" lemma="|to|" pos="TO" wid="14">to</w>
  <w id="15" lemma="|ask|" pos="VB" wid="15">ask</w>
  <w id="16" lemma="|favour|" pos="NNS" wid="16">favours</w>
  <w id="17" lemma="|for|" pos="IN" wid="17">for</w>
  <w id="18" lemma="|family|" pos="NNS" wid="18">families</w>
  <w id="19" lemma="|,|" pos="," wid="19">,</w>
  <w id="20" lemma="|community|" pos="NNS" wid="20">communities</w>
  <w id="21" lemma="|and|" pos="CC" wid="21">and</w>
  <w id="22" lemma="|the|" pos="DT" wid="22">the</w>
  <w id="23" lemma="|world|" pos="NN" wid="23">world</w>
  <w id="24" lemma="|.|" pos="." wid="24">.</w>
</sentence>
<sentence id="15">
  <w id="0" lemma="|3|" pos="LS" wid="0">3</w>
  <w id="1" lemma="|.|" pos="." wid="1">.</w>
</sentence>
<sentence id="16">
  <w id="0" lemma="|in|" pos="IN" wid="0">In</w>
  <w id="1" lemma="|view|" pos="NN" wid="1">view</w>
  <w id="2" lemma="|of|" pos="IN" wid="2">of</w>
  <w id="3" lemma="|the|" pos="DT" wid="3">the</w>
  <w id="4" lemma="|international|" pos="JJ" wid="4">international</w>
  <w id="5" lemma="|situation|" pos="NN" wid="5">situation</w>
  <w id="6" lemma="|,|" pos="," wid="6">,</w>
  <w id="7" lemma="|where|" pos="WRB" wid="7">where</w>
  <w id="8" lemma="|so|" pos="RB" wid="8">so</w>
  <w id="9" lemma="|many|" pos="JJ" wid="9">many</w>
  <w id="10" lemma="|need|" pos="NNS" wid="10">needs</w>
  <w id="11" lemma="|and|" pos="CC" wid="11">and</w>
  <w id="12" lemma="|problem|" pos="NNS" wid="12">problems</w>
  <w id="13" lemma="|have|" pos="VBP" wid="13">have</w>
  <w id="14" lemma="|come|" pos="VBN" wid="14">come</w>
  <w id="15" lemma="|to|" pos="TO" wid="15">to</w>
  <w id="16" lemma="|the|" pos="DT" wid="16">the</w>
  <w id="17" lemma="|surface|" pos="NN" wid="17">surface</w>
  <w id="18" lemma="|and|" pos="CC" wid="18">and</w>
  <w id="19" lemma="|,|" pos="," wid="19">,</w>
  <w id="20" lemma="|in|" pos="IN" wid="20">in</w>
  <w id="21" lemma="|particular|" pos="JJ" wid="21">particular</w>
  <w id="22" lemma="|,|" pos="," wid="22">,</w>
  <w id="23" lemma="|in|" pos="IN" wid="23">in</w>
  <w id="24" lemma="|view|" pos="NN" wid="24">view</w>
  <w id="25" lemma="|of|" pos="IN" wid="25">of</w>
  <w id="26" lemma="|the|" pos="DT" wid="26">the</w>
  <w id="27" lemma="|unending|" pos="JJ" wid="27">unending</w>
  <w id="28" lemma="|dramatic|" pos="JJ" wid="28">dramatic</w>
  <w id="29" lemma="|situation|" pos="NN" wid="29">situation</w>
  <w id="30" lemma="|in|" pos="IN" wid="30">in</w>
  <w id="31" lemma="|the|" pos="DT" wid="31">the</w>
  <w id="32" lemma="|Holy|" pos="NNP" wid="32">Holy</w>
  <w id="33" lemma="|Land|" pos="NNP" wid="33">Land</w>
  <w id="34" lemma="|,|" pos="," wid="34">,</w>
  <w id="35" lemma="|we|" pos="PRP" wid="35">we</w>
  <w id="36" lemma="|must|" pos="MD" wid="36">must</w>
  <w id="37" lemma="|turn|" pos="VB" wid="37">turn</w>
  <w id="38" lemma="|with|" pos="IN" wid="38">with</w>
  <w id="39" lemma="|confidence|" pos="NN" wid="39">confidence</w>
  <w id="40" lemma="|to|" pos="TO" wid="40">to</w>
  <w id="41" lemma="|the|" pos="DT" wid="41">the</w>
  <w id="42" lemma="|maternal|" pos="JJ" wid="42">maternal</w>
  <w id="43" lemma="|intercession|" pos="NN" wid="43">intercession</w>
  <w id="44" lemma="|of|" pos="IN" wid="44">of</w>
  <w id="45" lemma="|the|" pos="DT" wid="45">the</w>
  <w id="46" lemma="|Blessed|" pos="NNP" wid="46">Blessed</w>
  <w id="47" lemma="|Virgin|" pos="NNP" wid="47">Virgin</w>
  <w id="48" lemma="|.|" pos="." wid="48">.</w>
</sentence>
<sentence id="17">
  <w id="0" lemma="|we|" pos="PRP" wid="0">We</w>
  <w id="1" lemma="|may|" pos="MD" wid="1">may</w>
  <w id="2" lemma="|be|" pos="VB" wid="2">be</w>
  <w id="3" lemma="|sure|" pos="JJ" wid="3">sure</w>
  <w id="4" lemma="|that|" pos="IN" wid="4">that</w>
  <w id="5" lemma="|she|" pos="PRP" wid="5">she</w>
  <w id="6" lemma="|can|" pos="MD" wid="6">can</w>
  <w id="7" lemma="|sustain|" pos="VB" wid="7">sustain</w>
  <w id="8" lemma="|the|" pos="DT" wid="8">the</w>
  <w id="9" lemma="|effort|" pos="NNS" wid="9">efforts</w>
  <w id="10" lemma="|of|" pos="IN" wid="10">of</w>
  <w id="11" lemma="|the|" pos="DT" wid="11">the</w>
  <w id="12" lemma="|one|" pos="NN" wid="12">one</w>
  <w id="13" lemma="|who|" pos="WP" wid="13">who</w>
  <w id="14" lemma="|seek|" pos="VBZ" wid="14">seeks</w>
  <w id="15" lemma="|peace|" pos="NN" wid="15">peace</w>
  <w id="16" lemma="|with|" pos="IN" wid="16">with</w>
  <w id="17" lemma="|sincerity|" pos="NN" wid="17">sincerity</w>
  <w id="18" lemma="|and|" pos="CC" wid="18">and</w>
  <w id="19" lemma="|determination|" pos="NN" wid="19">determination</w>
  <w id="20" lemma="|.|" pos="." wid="20">.</w>
</sentence>
<sentence id="18">
  <w id="0" lemma="|no|" pos="DT" wid="0">No</w>
  <w id="1" lemma="|one|" pos="NN" wid="1">one</w>
  <w id="2" lemma="|more|" pos="JJR" wid="2">more</w>
  <w id="3" lemma="|than|" pos="IN" wid="3">than</w>
  <w id="4" lemma="|she|" pos="PRP" wid="4">she</w>
  <w id="5" lemma="|,|" pos="," wid="5">,</w>
  <w id="6" lemma="|the|" pos="DT" wid="6">the</w>
  <w id="7" lemma="|Queen|" pos="NNP" wid="7">Queen</w>
  <w id="8" lemma="|of|" pos="IN" wid="8">of</w>
  <w id="9" lemma="|Peace|" pos="NNP" wid="9">Peace</w>
  <w id="10" lemma="|,|" pos="," wid="10">,</w>
  <w id="11" lemma="|constantly|" pos="RB" wid="11">constantly</w>
  <w id="12" lemma="|watch|" pos="VBZ" wid="12">watches</w>
  <w id="13" lemma="|over|" pos="IN" wid="13">over</w>
  <w id="14" lemma="|the|" pos="DT" wid="14">the</w>
  <w id="15" lemma="|labourious|" pos="JJ" wid="15">labourious</w>
  <w id="16" lemma="|journey|" pos="NN" wid="16">journey</w>
  <w id="17" lemma="|of|" pos="IN" wid="17">of</w>
  <w id="18" lemma="|humanity|" pos="NN" wid="18">humanity</w>
  <w id="19" lemma="|.|" pos="." wid="19">.</w>
</sentence>
<sentence id="19">
  <w id="0" lemma="|during|" pos="IN" wid="0">During</w>
  <w id="1" lemma="|the|" pos="DT" wid="1">the</w>
  <w id="2" lemma="|month|" pos="NN" wid="2">month</w>
  <w id="3" lemma="|of|" pos="IN" wid="3">of</w>
  <w id="4" lemma="|May|" pos="NNP" wid="4">May</w>
  <w id="5" lemma="|may|" pos="MD" wid="5">may</w>
  <w id="6" lemma="|a|" pos="DT" wid="6">an</w>
  <w id="7" lemma="|uninterrupted|" pos="JJ" wid="7">uninterrupted</w>
  <w id="8" lemma="|and|" pos="CC" wid="8">and</w>
  <w id="9" lemma="|common|" pos="JJ" wid="9">common</w>
  <w id="10" lemma="|prayer|" pos="NN" wid="10">prayer</w>
  <w id="11" lemma="|be|" pos="VB" wid="11">be</w>
  <w id="12" lemma="|raise|" pos="VBN" wid="12">raised</w>
  <w id="13" lemma="|to|" pos="TO" wid="13">to</w>
  <w id="14" lemma="|heaven|" pos="NN" wid="14">heaven</w>
  <w id="15" lemma="|from|" pos="IN" wid="15">from</w>
  <w id="16" lemma="|every|" pos="DT" wid="16">every</w>
  <w id="17" lemma="|part|" pos="NN" wid="17">part</w>
  <w id="18" lemma="|of|" pos="IN" wid="18">of</w>
  <w id="19" lemma="|the|" pos="DT" wid="19">the</w>
  <w id="20" lemma="|world|" pos="NN" wid="20">world</w>
  <w id="21" lemma="|so|" pos="IN" wid="21">so</w>
  <w id="22" lemma="|that|" pos="IN" wid="22">that</w>
  <w id="23" lemma="|finally|" pos="RB" wid="23">finally</w>
  <w id="24" lemma="|initiative|" pos="NNS" wid="24">initiatives</w>
  <w id="25" lemma="|for|" pos="IN" wid="25">for</w>
  <w id="26" lemma="|ease|" pos="VBG" wid="26">easing</w>
  <w id="27" lemma="|tension|" pos="NN" wid="27">tension</w>
  <w id="28" lemma="|and|" pos="CC" wid="28">and</w>
  <w id="29" lemma="|for|" pos="IN" wid="29">for</w>
  <w id="30" lemma="|dialogue|" pos="NN" wid="30">dialogue</w>
  <w id="31" lemma="|may|" pos="MD" wid="31">may</w>
  <w id="32" lemma="|be|" pos="VB" wid="32">be</w>
  <w id="33" lemma="|affirm|" pos="VBN" wid="33">affirmed</w>
  <w id="34" lemma="|in|" pos="IN" wid="34">in</w>
  <w id="35" lemma="|the|" pos="DT" wid="35">the</w>
  <w id="36" lemma="|Land|" pos="NNP" wid="36">Land</w>
  <w id="37" lemma="|of|" pos="IN" wid="37">of</w>
  <w id="38" lemma="|Christ|" pos="NNP" wid="38">Christ</w>
  <w id="39" lemma="|and|" pos="CC" wid="39">and</w>
  <w id="40" lemma="|in|" pos="IN" wid="40">in</w>
  <w id="41" lemma="|every|" pos="DT" wid="41">every</w>
  <w id="42" lemma="|other|" pos="JJ" wid="42">other</w>
  <w id="43" lemma="|place|" pos="NN" wid="43">place</w>
  <w id="44" lemma="|of|" pos="IN" wid="44">of</w>
  <w id="45" lemma="|the|" pos="DT" wid="45">the</w>
  <w id="46" lemma="|globe|" pos="NN" wid="46">globe</w>
  <w id="47" lemma="|,|" pos="," wid="47">,</w>
  <w id="48" lemma="|experience|" pos="VBG" wid="48">experiencing</w>
  <w id="49" lemma="|violence|" pos="NN" wid="49">violence</w>
  <w id="50" lemma="|and|" pos="CC" wid="50">and</w>
  <w id="51" lemma="|suffering|" pos="NN" wid="51">suffering</w>
  <w id="52" lemma="|.|" pos="." wid="52">.</w>
</sentence>
</corpus>