<corpus id="0">
<sentence id="0">
  <w id="0" lemma="|Dear|" pos="NNP" wid="0">Dear</w>
  <w id="1" lemma="|Brothers|" pos="NNPS" wid="1">Brothers</w>
  <w id="2" lemma="|and|" pos="CC" wid="2">and</w>
  <w id="3" lemma="|sister|" pos="NNS" wid="3">Sisters</w>
  <w id="4" lemma="|,|" pos="," wid="4">,</w>
  <w id="5" lemma="|1|" pos="CD" wid="5">1</w>
  <w id="6" lemma="|.|" pos="." wid="6">.</w>
</sentence>
<sentence id="1">
  <w id="0" lemma="|as|" pos="IN" wid="0">As</w>
  <w id="1" lemma="|we|" pos="PRP" wid="1">we</w>
  <w id="2" lemma="|return|" pos="VBP" wid="2">return</w>
  <w id="3" lemma="|to|" pos="TO" wid="3">to</w>
  <w id="4" lemma="|the|" pos="DT" wid="4">the</w>
  <w id="5" lemma="|theme|" pos="NNS" wid="5">themes</w>
  <w id="6" lemma="|of|" pos="IN" wid="6">of</w>
  <w id="7" lemma="|the|" pos="DT" wid="7">the</w>
  <w id="8" lemma="|Apostolic|" pos="NNP" wid="8">Apostolic</w>
  <w id="9" lemma="|Letter|" pos="NNP" wid="9">Letter</w>
  <w id="10" lemma="|die|" pos="VBZ" wid="10">Dies</w>
  <w id="11" lemma="|Domini|" pos="NNP" wid="11">Domini</w>
  <w id="12" lemma="|,|" pos="," wid="12">,</w>
  <w id="13" lemma="|today|" pos="NN" wid="13">today</w>
  <w id="14" lemma="|we|" pos="PRP" wid="14">we</w>
  <w id="15" lemma="|have|" pos="VBP" wid="15">have</w>
  <w id="16" lemma="|come|" pos="VBN" wid="16">come</w>
  <w id="17" lemma="|to|" pos="TO" wid="17">to</w>
  <w id="18" lemma="|the|" pos="DT" wid="18">the</w>
  <w id="19" lemma="|last|" pos="JJ" wid="19">last</w>
  <w id="20" lemma="|one|" pos="CD" wid="20">one</w>
  <w id="21" lemma="|,|" pos="," wid="21">,</w>
  <w id="22" lemma="|which|" pos="WDT" wid="22">which</w>
  <w id="23" lemma="|present|" pos="VBZ" wid="23">presents</w>
  <w id="24" lemma="|Sunday|" pos="NNP" wid="24">Sunday</w>
  <w id="25" lemma="|to|" pos="TO" wid="25">to</w>
  <w id="26" lemma="|we|" pos="PRP" wid="26">us</w>
  <w id="27" lemma="|as|" pos="IN" wid="27">as</w>
  <w id="28" lemma="|the|" pos="DT" wid="28">the</w>
  <w id="29" lemma="|day|" pos="NN" wid="29">day</w>
  <w id="30" lemma="|that|" pos="WDT" wid="30">that</w>
  <w id="31" lemma="|reveal|" pos="VBZ" wid="31">reveals</w>
  <w id="32" lemma="|the|" pos="DT" wid="32">the</w>
  <w id="33" lemma="|meaning|" pos="NN" wid="33">meaning</w>
  <w id="34" lemma="|of|" pos="IN" wid="34">of</w>
  <w id="35" lemma="|time|" pos="NN" wid="35">time</w>
  <w id="36" lemma="|.|" pos="." wid="36">.</w>
</sentence>
<sentence id="2">
  <w id="0" lemma="|each|" pos="DT" wid="0">Each</w>
  <w id="1" lemma="|of|" pos="IN" wid="1">of</w>
  <w id="2" lemma="|we|" pos="PRP" wid="2">us</w>
  <w id="3" lemma="|can|" pos="MD" wid="3">can</w>
  <w id="4" lemma="|not|" pos="RB" wid="4">not</w>
  <w id="5" lemma="|fail|" pos="VB" wid="5">fail</w>
  <w id="6" lemma="|to|" pos="TO" wid="6">to</w>
  <w id="7" lemma="|be|" pos="VB" wid="7">be</w>
  <w id="8" lemma="|aware|" pos="JJ" wid="8">aware</w>
  <w id="9" lemma="|,|" pos="," wid="9">,</w>
  <w id="10" lemma="|everyday|" pos="JJ" wid="10">everyday</w>
  <w id="11" lemma="|,|" pos="," wid="11">,</w>
  <w id="12" lemma="|of|" pos="IN" wid="12">of</w>
  <w id="13" lemma="|how|" pos="WRB" wid="13">how</w>
  <w id="14" lemma="|quickly|" pos="RB" wid="14">quickly</w>
  <w id="15" lemma="|we|" pos="PRP$" wid="15">our</w>
  <w id="16" lemma="|life|" pos="NNS" wid="16">lives</w>
  <w id="17" lemma="|pass|" pos="VBP" wid="17">pass</w>
  <w id="18" lemma="|.|" pos="." wid="18">.</w>
</sentence>
<sentence id="3">
  <w id="0" lemma="|and|" pos="CC" wid="0">And</w>
  <w id="1" lemma="|if|" pos="IN" wid="1">if</w>
  <w id="2" lemma="|we|" pos="PRP" wid="2">we</w>
  <w id="3" lemma="|look|" pos="VBP" wid="3">look</w>
  <w id="4" lemma="|at|" pos="IN" wid="4">at</w>
  <w id="5" lemma="|the|" pos="DT" wid="5">the</w>
  <w id="6" lemma="|great|" pos="JJ" wid="6">great</w>
  <w id="7" lemma="|period|" pos="NNS" wid="7">periods</w>
  <w id="8" lemma="|of|" pos="IN" wid="8">of</w>
  <w id="9" lemma="|history|" pos="NN" wid="9">history</w>
  <w id="10" lemma="|,|" pos="," wid="10">,</w>
  <w id="11" lemma="|how|" pos="WRB" wid="11">how</w>
  <w id="12" lemma="|can|" pos="MD" wid="12">can</w>
  <w id="13" lemma="|we|" pos="PRP" wid="13">we</w>
  <w id="14" lemma="|not|" pos="RB" wid="14">not</w>
  <w id="15" lemma="|ask|" pos="VB" wid="15">ask</w>
  <w id="16" lemma="|ourselves|" pos="PRP" wid="16">ourselves</w>
  <w id="17" lemma="|about|" pos="IN" wid="17">about</w>
  <w id="18" lemma="|we|" pos="PRP$" wid="18">our</w>
  <w id="19" lemma="|future|" pos="NN" wid="19">future</w>
  <w id="20" lemma="|,|" pos="," wid="20">,</w>
  <w id="21" lemma="|about|" pos="IN" wid="21">about</w>
  <w id="22" lemma="|what|" pos="WP" wid="22">what</w>
  <w id="23" lemma="|await|" pos="VBZ" wid="23">awaits</w>
  <w id="24" lemma="|we|" pos="PRP" wid="24">us</w>
  <w id="25" lemma="|,|" pos="," wid="25">,</w>
  <w id="26" lemma="|about|" pos="IN" wid="26">about</w>
  <w id="27" lemma="|the|" pos="DT" wid="27">the</w>
  <w id="28" lemma="|goal|" pos="NN" wid="28">goal</w>
  <w id="29" lemma="|for|" pos="IN" wid="29">for</w>
  <w id="30" lemma="|which|" pos="WDT" wid="30">which</w>
  <w id="31" lemma="|we|" pos="PRP" wid="31">we</w>
  <w id="32" lemma="|strive|" pos="VBP" wid="32">strive</w>
  <w id="33" lemma="|?|" pos="." wid="33">?</w>
</sentence>
<sentence id="4">
  <w id="0" lemma="|the|" pos="DT" wid="0">The</w>
  <w id="1" lemma="|Christian|" pos="NNP" wid="1">Christian</w>
  <w id="2" lemma="|answer|" pos="VBZ" wid="2">answers</w>
  <w id="3" lemma="|these|" pos="DT" wid="3">these</w>
  <w id="4" lemma="|question|" pos="NNS" wid="4">questions</w>
  <w id="5" lemma="|by|" pos="IN" wid="5">by</w>
  <w id="6" lemma="|point|" pos="VBG" wid="6">pointing</w>
  <w id="7" lemma="|to|" pos="TO" wid="7">to</w>
  <w id="8" lemma="|Christ|" pos="NNP" wid="8">Christ</w>
  <w id="9" lemma="|as|" pos="IN" wid="9">as</w>
  <w id="10" lemma="|the|" pos="DT" wid="10">the</w>
  <w id="11" lemma="|very|" pos="JJ" wid="11">very</w>
  <w id="12" lemma="|meaning|" pos="NN" wid="12">meaning</w>
  <w id="13" lemma="|of|" pos="IN" wid="13">of</w>
  <w id="14" lemma="|history|" pos="NN" wid="14">history</w>
  <w id="15" lemma="|.|" pos="." wid="15">.</w>
</sentence>
<sentence id="5">
  <w id="0" lemma="|in|" pos="IN" wid="0">In</w>
  <w id="1" lemma="|he|" pos="PRP$" wid="1">his</w>
  <w id="2" lemma="|divine|" pos="NN" wid="2">divine</w>
  <w id="3" lemma="|and|" pos="CC" wid="3">and</w>
  <w id="4" lemma="|human|" pos="JJ" wid="4">human</w>
  <w id="5" lemma="|mystery|" pos="NN" wid="5">mystery</w>
  <w id="6" lemma="|,|" pos="," wid="6">,</w>
  <w id="7" lemma="|he|" pos="PRP" wid="7">he</w>
  <w id="8" lemma="|be|" pos="VBZ" wid="8">is</w>
  <w id="9" lemma="|at|" pos="IN" wid="9">at</w>
  <w id="10" lemma="|the|" pos="DT" wid="10">the</w>
  <w id="11" lemma="|origin|" pos="NN" wid="11">origin</w>
  <w id="12" lemma="|of|" pos="IN" wid="12">of</w>
  <w id="13" lemma="|the|" pos="DT" wid="13">the</w>
  <w id="14" lemma="|world|" pos="NN" wid="14">world</w>
  <w id="15" lemma="|-lrb-|" pos="-LRB-" wid="15">-LRB-</w>
  <w id="16" lemma="|cf|" pos="NN" wid="16">cf</w>
  <w id="17" lemma="|.|" pos="." wid="17">.</w>
</sentence>
<sentence id="6">
  <w id="0" lemma="|jn|" pos="FW" wid="0">Jn</w>
  <w id="1" lemma="|1:3|" pos="FW" wid="1">1:3</w>
  <w id="2" lemma="|-rrb-|" pos="-RRB-" wid="2">-RRB-</w>
  <w id="3" lemma="|and|" pos="CC" wid="3">and</w>
  <w id="4" lemma="|be|" pos="VBZ" wid="4">is</w>
  <w id="5" lemma="|the|" pos="DT" wid="5">the</w>
  <w id="6" lemma="|goal|" pos="NN" wid="6">goal</w>
  <w id="7" lemma="|of|" pos="IN" wid="7">of</w>
  <w id="8" lemma="|creation|" pos="NN" wid="8">Creation</w>
  <w id="9" lemma="|-lrb-|" pos="-LRB-" wid="9">-LRB-</w>
  <w id="10" lemma="|cf|" pos="NN" wid="10">cf</w>
  <w id="11" lemma="|.|" pos="." wid="11">.</w>
</sentence>
<sentence id="7">
  <w id="0" lemma="|col|" pos="NN" wid="0">Col</w>
  <w id="1" lemma="|1:16|" pos="CD" wid="1">1:16</w>
  <w id="2" lemma="|-rrb-|" pos="-RRB-" wid="2">-RRB-</w>
  <w id="3" lemma="|.|" pos="." wid="3">.</w>
</sentence>
<sentence id="8">
  <w id="0" lemma="|as|" pos="IN" wid="0">As</w>
  <w id="1" lemma="|the|" pos="DT" wid="1">the</w>
  <w id="2" lemma="|Redeemer|" pos="NNP" wid="2">Redeemer</w>
  <w id="3" lemma="|,|" pos="," wid="3">,</w>
  <w id="4" lemma="|it|" pos="PRP" wid="4">it</w>
  <w id="5" lemma="|be|" pos="VBZ" wid="5">is</w>
  <w id="6" lemma="|he|" pos="PRP" wid="6">he</w>
  <w id="7" lemma="|in|" pos="IN" wid="7">in</w>
  <w id="8" lemma="|whom|" pos="WP" wid="8">whom</w>
  <w id="9" lemma="|everything|" pos="NN" wid="9">everything</w>
  <w id="10" lemma="|have|" pos="VBZ" wid="10">has</w>
  <w id="11" lemma="|be|" pos="VBN" wid="11">been</w>
  <w id="12" lemma="|recapitulate|" pos="VBN" wid="12">recapitulated</w>
  <w id="13" lemma="|-lrb-|" pos="-LRB-" wid="13">-LRB-</w>
  <w id="14" lemma="|cf|" pos="NN" wid="14">cf</w>
  <w id="15" lemma="|.|" pos="." wid="15">.</w>
</sentence>
<sentence id="9">
  <w id="0" lemma="|eph|" pos="NN" wid="0">Eph</w>
  <w id="1" lemma="|1:10|" pos="CD" wid="1">1:10</w>
  <w id="2" lemma="|-rrb-|" pos="-RRB-" wid="2">-RRB-</w>
  <w id="3" lemma="|,|" pos="," wid="3">,</w>
  <w id="4" lemma="|to|" pos="TO" wid="4">to</w>
  <w id="5" lemma="|be|" pos="VB" wid="5">be</w>
  <w id="6" lemma="|save|" pos="VBN" wid="6">saved</w>
  <w id="7" lemma="|and|" pos="CC" wid="7">and</w>
  <w id="8" lemma="|restore|" pos="VBN" wid="8">restored</w>
  <w id="9" lemma="|to|" pos="TO" wid="9">to</w>
  <w id="10" lemma="|God|" pos="NNP" wid="10">God</w>
  <w id="11" lemma="|the|" pos="DT" wid="11">the</w>
  <w id="12" lemma="|Father|" pos="NNP" wid="12">Father</w>
  <w id="13" lemma="|.|" pos="." wid="13">.</w>
</sentence>
<sentence id="10">
  <w id="0" lemma="|in|" pos="IN" wid="0">In</w>
  <w id="1" lemma="|the|" pos="DT" wid="1">the</w>
  <w id="2" lemma="|light|" pos="NN" wid="2">light</w>
  <w id="3" lemma="|of|" pos="IN" wid="3">of</w>
  <w id="4" lemma="|this|" pos="DT" wid="4">this</w>
  <w id="5" lemma="|mystery|" pos="NN" wid="5">mystery</w>
  <w id="6" lemma="|,|" pos="," wid="6">,</w>
  <w id="7" lemma="|history|" pos="NN" wid="7">history</w>
  <w id="8" lemma="|assume|" pos="VBZ" wid="8">assumes</w>
  <w id="9" lemma="|a|" pos="DT" wid="9">a</w>
  <w id="10" lemma="|positive|" pos="JJ" wid="10">positive</w>
  <w id="11" lemma="|meaning|" pos="NN" wid="11">meaning</w>
  <w id="12" lemma="|for|" pos="IN" wid="12">for</w>
  <w id="13" lemma="|christian|" pos="NNS" wid="13">Christians</w>
  <w id="14" lemma="|,|" pos="," wid="14">,</w>
  <w id="15" lemma="|despite|" pos="IN" wid="15">despite</w>
  <w id="16" lemma="|the|" pos="DT" wid="16">the</w>
  <w id="17" lemma="|sometimes|" pos="RB" wid="17">sometimes</w>
  <w id="18" lemma="|deadly|" pos="JJ" wid="18">deadly</w>
  <w id="19" lemma="|trial|" pos="NNS" wid="19">trials</w>
  <w id="20" lemma="|and|" pos="CC" wid="20">and</w>
  <w id="21" lemma="|risk|" pos="NNS" wid="21">risks</w>
  <w id="22" lemma="|to|" pos="TO" wid="22">to</w>
  <w id="23" lemma="|which|" pos="WDT" wid="23">which</w>
  <w id="24" lemma="|sin|" pos="NN" wid="24">sin</w>
  <w id="25" lemma="|subject|" pos="VBZ" wid="25">subjects</w>
  <w id="26" lemma="|it|" pos="PRP" wid="26">it</w>
  <w id="27" lemma="|.|" pos="." wid="27">.</w>
</sentence>
<sentence id="11">
  <w id="0" lemma="|Christ|" pos="NNP" wid="0">Christ</w>
  <w id="1" lemma="|be|" pos="VBZ" wid="1">is</w>
  <w id="2" lemma="|stronger|" pos="JJR" wid="2">stronger</w>
  <w id="3" lemma="|than|" pos="IN" wid="3">than</w>
  <w id="4" lemma="|sin|" pos="NN" wid="4">sin</w>
  <w id="5" lemma="|and|" pos="CC" wid="5">and</w>
  <w id="6" lemma="|death|" pos="NN" wid="6">death</w>
  <w id="7" lemma="|!|" pos="." wid="7">!</w>
</sentence>
<sentence id="12">
  <w id="0" lemma="|and|" pos="CC" wid="0">And</w>
  <w id="1" lemma="|Sunday|" pos="NNP" wid="1">Sunday</w>
  <w id="2" lemma="|,|" pos="," wid="2">,</w>
  <w id="3" lemma="|by|" pos="IN" wid="3">by</w>
  <w id="4" lemma="|make|" pos="VBG" wid="4">making</w>
  <w id="5" lemma="|the|" pos="DT" wid="5">the</w>
  <w id="6" lemma="|memory|" pos="NN" wid="6">memory</w>
  <w id="7" lemma="|of|" pos="IN" wid="7">of</w>
  <w id="8" lemma="|he|" pos="PRP$" wid="8">his</w>
  <w id="9" lemma="|resurrection|" pos="NN" wid="9">Resurrection</w>
  <w id="10" lemma="|present|" pos="JJ" wid="10">present</w>
  <w id="11" lemma="|at|" pos="IN" wid="11">at</w>
  <w id="12" lemma="|all|" pos="DT" wid="12">all</w>
  <w id="13" lemma="|time|" pos="NNS" wid="13">times</w>
  <w id="14" lemma="|,|" pos="," wid="14">,</w>
  <w id="15" lemma="|be|" pos="VBZ" wid="15">is</w>
  <w id="16" lemma="|a|" pos="DT" wid="16">an</w>
  <w id="17" lemma="|opening|" pos="NN" wid="17">opening</w>
  <w id="18" lemma="|of|" pos="IN" wid="18">of</w>
  <w id="19" lemma="|credit|" pos="NN" wid="19">credit</w>
  <w id="20" lemma="|for|" pos="IN" wid="20">for</w>
  <w id="21" lemma="|the|" pos="DT" wid="21">the</w>
  <w id="22" lemma="|future|" pos="NN" wid="22">future</w>
  <w id="23" lemma="|,|" pos="," wid="23">,</w>
  <w id="24" lemma="|a|" pos="DT" wid="24">a</w>
  <w id="25" lemma="|comforting|" pos="JJ" wid="25">comforting</w>
  <w id="26" lemma="|certainty|" pos="NN" wid="26">certainty</w>
  <w id="27" lemma="|,|" pos="," wid="27">,</w>
  <w id="28" lemma="|a|" pos="DT" wid="28">a</w>
  <w id="29" lemma="|prophetic|" pos="JJ" wid="29">prophetic</w>
  <w id="30" lemma="|reminder|" pos="NN" wid="30">reminder</w>
  <w id="31" lemma="|of|" pos="IN" wid="31">of</w>
  <w id="32" lemma="|the|" pos="DT" wid="32">the</w>
  <w id="33" lemma="|day|" pos="NN" wid="33">day</w>
  <w id="34" lemma="|when|" pos="WRB" wid="34">when</w>
  <w id="35" lemma="|Christ|" pos="NNP" wid="35">Christ</w>
  <w id="36" lemma="|will|" pos="MD" wid="36">will</w>
  <w id="37" lemma="|come|" pos="VB" wid="37">come</w>
  <w id="38" lemma="|in|" pos="IN" wid="38">in</w>
  <w id="39" lemma="|glory|" pos="NN" wid="39">glory</w>
  <w id="40" lemma="|.|" pos="." wid="40">.</w>
</sentence>
<sentence id="13">
  <w id="0" lemma="|2|" pos="CD" wid="0">2</w>
  <w id="1" lemma="|.|" pos="." wid="1">.</w>
</sentence>
<sentence id="14">
  <w id="0" lemma="|to|" pos="TO" wid="0">To</w>
  <w id="1" lemma="|help|" pos="VB" wid="1">help</w>
  <w id="2" lemma="|we|" pos="PRP" wid="2">us</w>
  <w id="3" lemma="|live|" pos="VB" wid="3">live</w>
  <w id="4" lemma="|Christ|" pos="NNP" wid="4">Christ</w>
  <w id="5" lemma="|'s|" pos="POS" wid="5">'s</w>
  <w id="6" lemma="|mystery|" pos="NN" wid="6">mystery</w>
  <w id="7" lemma="|in|" pos="IN" wid="7">in</w>
  <w id="8" lemma="|time|" pos="NN" wid="8">time</w>
  <w id="9" lemma="|,|" pos="," wid="9">,</w>
  <w id="10" lemma="|the|" pos="DT" wid="10">the</w>
  <w id="11" lemma="|liturgy|" pos="NN" wid="11">liturgy</w>
  <w id="12" lemma="|be|" pos="VBZ" wid="12">is</w>
  <w id="13" lemma="|divide|" pos="VBN" wid="13">divided</w>
  <w id="14" lemma="|into|" pos="IN" wid="14">into</w>
  <w id="15" lemma="|the|" pos="DT" wid="15">the</w>
  <w id="16" lemma="|various|" pos="JJ" wid="16">various</w>
  <w id="17" lemma="|phase|" pos="NNS" wid="17">phases</w>
  <w id="18" lemma="|of|" pos="IN" wid="18">of</w>
  <w id="19" lemma="|the|" pos="DT" wid="19">the</w>
  <w id="20" lemma="|liturgical|" pos="JJ" wid="20">liturgical</w>
  <w id="21" lemma="|year|" pos="NN" wid="21">year</w>
  <w id="22" lemma="|.|" pos="." wid="22">.</w>
</sentence>
<sentence id="15">
  <w id="0" lemma="|in|" pos="IN" wid="0">In</w>
  <w id="1" lemma="|addition|" pos="NN" wid="1">addition</w>
  <w id="2" lemma="|to|" pos="TO" wid="2">to</w>
  <w id="3" lemma="|the|" pos="DT" wid="3">the</w>
  <w id="4" lemma="|fundamental|" pos="JJ" wid="4">fundamental</w>
  <w id="5" lemma="|moment|" pos="NNS" wid="5">moments</w>
  <w id="6" lemma="|--|" pos=":" wid="6">--</w>
  <w id="7" lemma="|Christmas|" pos="NNP" wid="7">Christmas</w>
  <w id="8" lemma="|,|" pos="," wid="8">,</w>
  <w id="9" lemma="|Easter|" pos="NNP" wid="9">Easter</w>
  <w id="10" lemma="|,|" pos="," wid="10">,</w>
  <w id="11" lemma="|Pentecost|" pos="NNP" wid="11">Pentecost</w>
  <w id="12" lemma="|--|" pos=":" wid="12">--</w>
  <w id="13" lemma="|other|" pos="JJ" wid="13">other</w>
  <w id="14" lemma="|feast|" pos="NNS" wid="14">feasts</w>
  <w id="15" lemma="|of|" pos="IN" wid="15">of</w>
  <w id="16" lemma="|great|" pos="JJ" wid="16">great</w>
  <w id="17" lemma="|importance|" pos="NN" wid="17">importance</w>
  <w id="18" lemma="|be|" pos="VBP" wid="18">are</w>
  <w id="19" lemma="|also|" pos="RB" wid="19">also</w>
  <w id="20" lemma="|solemnize|" pos="VBN" wid="20">solemnized</w>
  <w id="21" lemma="|by|" pos="IN" wid="21">by</w>
  <w id="22" lemma="|the|" pos="DT" wid="22">the</w>
  <w id="23" lemma="|Church|" pos="NNP" wid="23">Church</w>
  <w id="24" lemma="|as|" pos="IN" wid="24">as</w>
  <w id="25" lemma="|day|" pos="NNS" wid="25">days</w>
  <w id="26" lemma="|of|" pos="IN" wid="26">of</w>
  <w id="27" lemma="|precept|" pos="NN" wid="27">precept</w>
  <w id="28" lemma="|,|" pos="," wid="28">,</w>
  <w id="29" lemma="|with|" pos="IN" wid="29">with</w>
  <w id="30" lemma="|the|" pos="DT" wid="30">the</w>
  <w id="31" lemma="|obligation|" pos="NN" wid="31">obligation</w>
  <w id="32" lemma="|to|" pos="TO" wid="32">to</w>
  <w id="33" lemma="|participate|" pos="VB" wid="33">participate</w>
  <w id="34" lemma="|in|" pos="IN" wid="34">in</w>
  <w id="35" lemma="|the|" pos="DT" wid="35">the</w>
  <w id="36" lemma="|eucharist|" pos="NN" wid="36">Eucharist</w>
  <w id="37" lemma="|in|" pos="IN" wid="37">in</w>
  <w id="38" lemma="|accordance|" pos="NN" wid="38">accordance</w>
  <w id="39" lemma="|with|" pos="IN" wid="39">with</w>
  <w id="40" lemma="|the|" pos="DT" wid="40">the</w>
  <w id="41" lemma="|model|" pos="NN" wid="41">model</w>
  <w id="42" lemma="|of|" pos="IN" wid="42">of</w>
  <w id="43" lemma="|Sunday|" pos="NNP" wid="43">Sunday</w>
  <w id="44" lemma="|,|" pos="," wid="44">,</w>
  <w id="45" lemma="|which|" pos="WDT" wid="45">which</w>
  <w id="46" lemma="|be|" pos="VBZ" wid="46">is</w>
  <w id="47" lemma="|rightly|" pos="RB" wid="47">rightly</w>
  <w id="48" lemma="|consider|" pos="VBN" wid="48">considered</w>
  <w id="49" lemma="|the|" pos="DT" wid="49">the</w>
  <w id="50" lemma="|``|" pos="``" wid="50">``</w>
  <w id="51" lemma="|primordial|" pos="JJ" wid="51">primordial</w>
  <w id="52" lemma="|feast|" pos="NN" wid="52">feast</w>
  <w id="53" lemma="|''|" pos="''" wid="53">''</w>
  <w id="54" lemma="|.|" pos="." wid="54">.</w>
</sentence>
<sentence id="16">
  <w id="0" lemma="|by|" pos="IN" wid="0">By</w>
  <w id="1" lemma="|deeply|" pos="RB" wid="1">deeply</w>
  <w id="2" lemma="|experience|" pos="VBG" wid="2">experiencing</w>
  <w id="3" lemma="|the|" pos="DT" wid="3">the</w>
  <w id="4" lemma="|riches|" pos="NNS" wid="4">riches</w>
  <w id="5" lemma="|of|" pos="IN" wid="5">of</w>
  <w id="6" lemma="|Sunday|" pos="NNP" wid="6">Sunday</w>
  <w id="7" lemma="|and|" pos="CC" wid="7">and</w>
  <w id="8" lemma="|those|" pos="DT" wid="8">those</w>
  <w id="9" lemma="|of|" pos="IN" wid="9">of</w>
  <w id="10" lemma="|the|" pos="DT" wid="10">the</w>
  <w id="11" lemma="|whole|" pos="JJ" wid="11">whole</w>
  <w id="12" lemma="|liturgical|" pos="JJ" wid="12">liturgical</w>
  <w id="13" lemma="|year|" pos="NN" wid="13">year</w>
  <w id="14" lemma="|,|" pos="," wid="14">,</w>
  <w id="15" lemma="|christian|" pos="NNS" wid="15">Christians</w>
  <w id="16" lemma="|will|" pos="MD" wid="16">will</w>
  <w id="17" lemma="|become|" pos="VB" wid="17">become</w>
  <w id="18" lemma="|ever|" pos="RB" wid="18">ever</w>
  <w id="19" lemma="|more|" pos="RBR" wid="19">more</w>
  <w id="20" lemma="|aware|" pos="JJ" wid="20">aware</w>
  <w id="21" lemma="|of|" pos="IN" wid="21">of</w>
  <w id="22" lemma="|they|" pos="PRP$" wid="22">their</w>
  <w id="23" lemma="|identity|" pos="NN" wid="23">identity</w>
  <w id="24" lemma="|.|" pos="." wid="24">.</w>
</sentence>
<sentence id="17">
  <w id="0" lemma="|this|" pos="DT" wid="0">This</w>
  <w id="1" lemma="|will|" pos="MD" wid="1">will</w>
  <w id="2" lemma="|also|" pos="RB" wid="2">also</w>
  <w id="3" lemma="|help|" pos="VB" wid="3">help</w>
  <w id="4" lemma="|they|" pos="PRP" wid="4">them</w>
  <w id="5" lemma="|prepare|" pos="VB" wid="5">prepare</w>
  <w id="6" lemma="|properly|" pos="RB" wid="6">properly</w>
  <w id="7" lemma="|for|" pos="IN" wid="7">for</w>
  <w id="8" lemma="|the|" pos="DT" wid="8">the</w>
  <w id="9" lemma="|great|" pos="JJ" wid="9">Great</w>
  <w id="10" lemma="|jubilee|" pos="NN" wid="10">Jubilee</w>
  <w id="11" lemma="|of|" pos="IN" wid="11">of</w>
  <w id="12" lemma="|the|" pos="DT" wid="12">the</w>
  <w id="13" lemma="|Year|" pos="NNP" wid="13">Year</w>
  <w id="14" lemma="|2000|" pos="CD" wid="14">2000</w>
  <w id="15" lemma="|.|" pos="." wid="15">.</w>
</sentence>
<sentence id="18">
  <w id="0" lemma="|this|" pos="DT" wid="0">This</w>
  <w id="1" lemma="|event|" pos="NN" wid="1">event</w>
  <w id="2" lemma="|will|" pos="MD" wid="2">will</w>
  <w id="3" lemma="|certainly|" pos="RB" wid="3">certainly</w>
  <w id="4" lemma="|acquire|" pos="VB" wid="4">acquire</w>
  <w id="5" lemma="|a|" pos="DT" wid="5">a</w>
  <w id="6" lemma="|particular|" pos="JJ" wid="6">particular</w>
  <w id="7" lemma="|solemnity|" pos="NN" wid="7">solemnity</w>
  <w id="8" lemma="|.|" pos="." wid="8">.</w>
</sentence>
<sentence id="19">
  <w id="0" lemma="|yet|" pos="RB" wid="0">Yet</w>
  <w id="1" lemma="|``|" pos="``" wid="1">``</w>
  <w id="2" lemma="|this|" pos="DT" wid="2">this</w>
  <w id="3" lemma="|year|" pos="NN" wid="3">year</w>
  <w id="4" lemma="|and|" pos="CC" wid="4">and</w>
  <w id="5" lemma="|this|" pos="DT" wid="5">this</w>
  <w id="6" lemma="|special|" pos="JJ" wid="6">special</w>
  <w id="7" lemma="|time|" pos="NN" wid="7">time</w>
  <w id="8" lemma="|will|" pos="MD" wid="8">will</w>
  <w id="9" lemma="|pass|" pos="VB" wid="9">pass</w>
  <w id="10" lemma="|,|" pos="," wid="10">,</w>
  <w id="11" lemma="|as|" pos="IN" wid="11">as</w>
  <w id="12" lemma="|we|" pos="PRP" wid="12">we</w>
  <w id="13" lemma="|look|" pos="VBP" wid="13">look</w>
  <w id="14" lemma="|to|" pos="TO" wid="14">to</w>
  <w id="15" lemma="|other|" pos="JJ" wid="15">other</w>
  <w id="16" lemma="|jubilee|" pos="NNS" wid="16">jubilees</w>
  <w id="17" lemma="|and|" pos="CC" wid="17">and</w>
  <w id="18" lemma="|other|" pos="JJ" wid="18">other</w>
  <w id="19" lemma="|solemn|" pos="JJ" wid="19">solemn</w>
  <w id="20" lemma="|event|" pos="NNS" wid="20">events</w>
  <w id="21" lemma="|.|" pos="." wid="21">.</w>
</sentence>
<sentence id="20">
  <w id="0" lemma="|as|" pos="IN" wid="0">As</w>
  <w id="1" lemma="|the|" pos="DT" wid="1">the</w>
  <w id="2" lemma="|weekly|" pos="JJ" wid="2">weekly</w>
  <w id="3" lemma="|`|" pos="``" wid="3">`</w>
  <w id="4" lemma="|solemnity|" pos="NN" wid="4">solemnity</w>
  <w id="5" lemma="|'|" pos="''" wid="5">'</w>
  <w id="6" lemma="|,|" pos="," wid="6">,</w>
  <w id="7" lemma="|however|" pos="RB" wid="7">however</w>
  <w id="8" lemma="|,|" pos="," wid="8">,</w>
  <w id="9" lemma="|Sunday|" pos="NNP" wid="9">Sunday</w>
  <w id="10" lemma="|will|" pos="MD" wid="10">will</w>
  <w id="11" lemma="|continue|" pos="VB" wid="11">continue</w>
  <w id="12" lemma="|to|" pos="TO" wid="12">to</w>
  <w id="13" lemma="|shape|" pos="VB" wid="13">shape</w>
  <w id="14" lemma="|the|" pos="DT" wid="14">the</w>
  <w id="15" lemma="|time|" pos="NN" wid="15">time</w>
  <w id="16" lemma="|of|" pos="IN" wid="16">of</w>
  <w id="17" lemma="|the|" pos="DT" wid="17">the</w>
  <w id="18" lemma="|Church|" pos="NNP" wid="18">Church</w>
  <w id="19" lemma="|'s|" pos="POS" wid="19">'s</w>
  <w id="20" lemma="|pilgrimage|" pos="NN" wid="20">pilgrimage</w>
  <w id="21" lemma="|,|" pos="," wid="21">,</w>
  <w id="22" lemma="|until|" pos="IN" wid="22">until</w>
  <w id="23" lemma="|that|" pos="DT" wid="23">that</w>
  <w id="24" lemma="|Sunday|" pos="NNP" wid="24">Sunday</w>
  <w id="25" lemma="|which|" pos="WDT" wid="25">which</w>
  <w id="26" lemma="|will|" pos="MD" wid="26">will</w>
  <w id="27" lemma="|know|" pos="VB" wid="27">know</w>
  <w id="28" lemma="|no|" pos="DT" wid="28">no</w>
  <w id="29" lemma="|evening|" pos="NN" wid="29">evening</w>
  <w id="30" lemma="|''|" pos="''" wid="30">''</w>
  <w id="31" lemma="|-lrb-|" pos="-LRB-" wid="31">-LRB-</w>
  <w id="32" lemma="|die|" pos="VBZ" wid="32">Dies</w>
  <w id="33" lemma="|Domini|" pos="NNP" wid="33">Domini</w>
  <w id="34" lemma="|,|" pos="," wid="34">,</w>
  <w id="35" lemma="|n.|" pos="NNP" wid="35">n.</w>
  <w id="36" lemma="|87|" pos="CD" wid="36">87</w>
  <w id="37" lemma="|-rrb-|" pos="-RRB-" wid="37">-RRB-</w>
  <w id="38" lemma="|.|" pos="." wid="38">.</w>
</sentence>
<sentence id="21">
  <w id="0" lemma="|3|" pos="LS" wid="0">3</w>
  <w id="1" lemma="|.|" pos="." wid="1">.</w>
</sentence>
<sentence id="22">
  <w id="0" lemma="|we|" pos="PRP" wid="0">We</w>
  <w id="1" lemma="|raise|" pos="VBP" wid="1">raise</w>
  <w id="2" lemma="|we|" pos="PRP$" wid="2">our</w>
  <w id="3" lemma="|eye|" pos="NNS" wid="3">eyes</w>
  <w id="4" lemma="|to|" pos="TO" wid="4">to</w>
  <w id="5" lemma="|Mary|" pos="NNP" wid="5">Mary</w>
  <w id="6" lemma="|,|" pos="," wid="6">,</w>
  <w id="7" lemma="|ask|" pos="VBG" wid="7">asking</w>
  <w id="8" lemma="|she|" pos="PRP" wid="8">her</w>
  <w id="9" lemma="|to|" pos="TO" wid="9">to</w>
  <w id="10" lemma="|enable|" pos="VB" wid="10">enable</w>
  <w id="11" lemma="|we|" pos="PRP" wid="11">us</w>
  <w id="12" lemma="|to|" pos="TO" wid="12">to</w>
  <w id="13" lemma="|discover|" pos="VB" wid="13">discover</w>
  <w id="14" lemma="|the|" pos="DT" wid="14">the</w>
  <w id="15" lemma="|full|" pos="JJ" wid="15">full</w>
  <w id="16" lemma="|importance|" pos="NN" wid="16">importance</w>
  <w id="17" lemma="|of|" pos="IN" wid="17">of</w>
  <w id="18" lemma="|the|" pos="DT" wid="18">the</w>
  <w id="19" lemma="|Lord|" pos="NNP" wid="19">Lord</w>
  <w id="20" lemma="|'s|" pos="POS" wid="20">'s</w>
  <w id="21" lemma="|day|" pos="NN" wid="21">Day</w>
  <w id="22" lemma="|,|" pos="," wid="22">,</w>
  <w id="23" lemma="|which|" pos="WDT" wid="23">which</w>
  <w id="24" lemma="|a|" pos="DT" wid="24">an</w>
  <w id="25" lemma="|author|" pos="NN" wid="25">author</w>
  <w id="26" lemma="|once|" pos="RB" wid="26">once</w>
  <w id="27" lemma="|evocatively|" pos="RB" wid="27">evocatively</w>
  <w id="28" lemma="|describe|" pos="VBN" wid="28">described</w>
  <w id="29" lemma="|as|" pos="IN" wid="29">as</w>
  <w id="30" lemma="|the|" pos="DT" wid="30">the</w>
  <w id="31" lemma="|``|" pos="``" wid="31">``</w>
  <w id="32" lemma="|lord|" pos="NN" wid="32">lord</w>
  <w id="33" lemma="|of|" pos="IN" wid="33">of</w>
  <w id="34" lemma="|day|" pos="NNS" wid="34">days</w>
  <w id="35" lemma="|''|" pos="''" wid="35">''</w>
  <w id="36" lemma="|.|" pos="." wid="36">.</w>
</sentence>
<sentence id="23">
  <w id="0" lemma="|may|" pos="MD" wid="0">May</w>
  <w id="1" lemma="|she|" pos="PRP" wid="1">she</w>
  <w id="2" lemma="|help|" pos="VB" wid="2">help</w>
  <w id="3" lemma="|we|" pos="PRP" wid="3">us</w>
  <w id="4" lemma="|perceive|" pos="VB" wid="4">perceive</w>
  <w id="5" lemma="|the|" pos="DT" wid="5">the</w>
  <w id="6" lemma="|continuous|" pos="JJ" wid="6">continuous</w>
  <w id="7" lemma="|flow|" pos="NN" wid="7">flow</w>
  <w id="8" lemma="|of|" pos="IN" wid="8">of</w>
  <w id="9" lemma="|day|" pos="NNS" wid="9">days</w>
  <w id="10" lemma="|as|" pos="IN" wid="10">as</w>
  <w id="11" lemma="|a|" pos="DT" wid="11">a</w>
  <w id="12" lemma="|grace|" pos="NN" wid="12">grace</w>
  <w id="13" lemma="|and|" pos="CC" wid="13">and</w>
  <w id="14" lemma="|a|" pos="DT" wid="14">a</w>
  <w id="15" lemma="|responsiblity|" pos="NN" wid="15">responsiblity</w>
  <w id="16" lemma="|,|" pos="," wid="16">,</w>
  <w id="17" lemma="|in|" pos="IN" wid="17">in</w>
  <w id="18" lemma="|the|" pos="DT" wid="18">the</w>
  <w id="19" lemma="|certainty|" pos="NN" wid="19">certainty</w>
  <w id="20" lemma="|that|" pos="IN" wid="20">that</w>
  <w id="21" lemma="|God|" pos="NNP" wid="21">God</w>
  <w id="22" lemma="|love|" pos="VBZ" wid="22">loves</w>
  <w id="23" lemma="|we|" pos="PRP" wid="23">us</w>
  <w id="24" lemma="|:|" pos=":" wid="24">:</w>
  <w id="25" lemma="|indeed|" pos="RB" wid="25">indeed</w>
  <w id="26" lemma="|``|" pos="``" wid="26">``</w>
  <w id="27" lemma="|he|" pos="PRP$" wid="27">his</w>
  <w id="28" lemma="|mercy|" pos="NN" wid="28">mercy</w>
  <w id="29" lemma="|''|" pos="''" wid="29">''</w>
  <w id="30" lemma="|,|" pos="," wid="30">,</w>
  <w id="31" lemma="|as|" pos="IN" wid="31">as</w>
  <w id="32" lemma="|Mary|" pos="NNP" wid="32">Mary</w>
  <w id="33" lemma="|proclaim|" pos="VBZ" wid="33">proclaims</w>
  <w id="34" lemma="|in|" pos="IN" wid="34">in</w>
  <w id="35" lemma="|the|" pos="DT" wid="35">the</w>
  <w id="36" lemma="|Magnificat|" pos="NNP" wid="36">Magnificat</w>
  <w id="37" lemma="|,|" pos="," wid="37">,</w>
  <w id="38" lemma="|``|" pos="``" wid="38">``</w>
  <w id="39" lemma="|be|" pos="VBZ" wid="39">is</w>
  <w id="40" lemma="|on|" pos="IN" wid="40">on</w>
  <w id="41" lemma="|those|" pos="DT" wid="41">those</w>
  <w id="42" lemma="|who|" pos="WP" wid="42">who</w>
  <w id="43" lemma="|fear|" pos="VBP" wid="43">fear</w>
  <w id="44" lemma="|he|" pos="PRP" wid="44">him</w>
  <w id="45" lemma="|,|" pos="," wid="45">,</w>
  <w id="46" lemma="|from|" pos="IN" wid="46">from</w>
  <w id="47" lemma="|generation|" pos="NN" wid="47">generation</w>
  <w id="48" lemma="|to|" pos="TO" wid="48">to</w>
  <w id="49" lemma="|generation|" pos="NN" wid="49">generation</w>
  <w id="50" lemma="|''|" pos="''" wid="50">''</w>
  <w id="51" lemma="|-lrb-|" pos="-LRB-" wid="51">-LRB-</w>
  <w id="52" lemma="|lk|" pos="NN" wid="52">Lk</w>
  <w id="53" lemma="|1:50|" pos="CD" wid="53">1:50</w>
  <w id="54" lemma="|-rrb-|" pos="-RRB-" wid="54">-RRB-</w>
  <w id="55" lemma="|.|" pos="." wid="55">.</w>
</sentence>
<sentence id="24">
  <w id="0" lemma="|the|" pos="DT" wid="0">The</w>
  <w id="1" lemma="|Holy|" pos="NNP" wid="1">Holy</w>
  <w id="2" lemma="|Father|" pos="NNP" wid="2">Father</w>
  <w id="3" lemma="|then|" pos="RB" wid="3">then</w>
  <w id="4" lemma="|greet|" pos="VBD" wid="4">greeted</w>
  <w id="5" lemma="|those|" pos="DT" wid="5">those</w>
  <w id="6" lemma="|present|" pos="JJ" wid="6">present</w>
  <w id="7" lemma="|in|" pos="IN" wid="7">in</w>
  <w id="8" lemma="|various|" pos="JJ" wid="8">various</w>
  <w id="9" lemma="|language|" pos="NNS" wid="9">languages</w>
  <w id="10" lemma="|.|" pos="." wid="10">.</w>
</sentence>
<sentence id="25">
  <w id="0" lemma="|to|" pos="TO" wid="0">To</w>
  <w id="1" lemma="|the|" pos="DT" wid="1">the</w>
  <w id="2" lemma="|english-speaking|" pos="JJ" wid="2">English-speaking</w>
  <w id="3" lemma="|pilgrim|" pos="NNS" wid="3">pilgrims</w>
  <w id="4" lemma="|and|" pos="CC" wid="4">and</w>
  <w id="5" lemma="|visitor|" pos="NNS" wid="5">visitors</w>
  <w id="6" lemma="|he|" pos="PRP" wid="6">he</w>
  <w id="7" lemma="|say|" pos="VBD" wid="7">said</w>
  <w id="8" lemma="|:|" pos=":" wid="8">:</w>
  <w id="9" lemma="|commend|" pos="VBG" wid="9">Commending</w>
  <w id="10" lemma="|the|" pos="DT" wid="10">the</w>
  <w id="11" lemma="|english-speaking|" pos="JJ" wid="11">English-speaking</w>
  <w id="12" lemma="|pilgrim|" pos="NNS" wid="12">pilgrims</w>
  <w id="13" lemma="|and|" pos="CC" wid="13">and</w>
  <w id="14" lemma="|visitor|" pos="NNS" wid="14">visitors</w>
  <w id="15" lemma="|to|" pos="TO" wid="15">to</w>
  <w id="16" lemma="|the|" pos="DT" wid="16">the</w>
  <w id="17" lemma="|intercession|" pos="NN" wid="17">intercession</w>
  <w id="18" lemma="|of|" pos="IN" wid="18">of</w>
  <w id="19" lemma="|Mary|" pos="NNP" wid="19">Mary</w>
  <w id="20" lemma="|,|" pos="," wid="20">,</w>
  <w id="21" lemma="|Mother|" pos="NNP" wid="21">Mother</w>
  <w id="22" lemma="|and|" pos="CC" wid="22">and</w>
  <w id="23" lemma="|Queen|" pos="NNP" wid="23">Queen</w>
  <w id="24" lemma="|,|" pos="," wid="24">,</w>
  <w id="25" lemma="|I|" pos="PRP" wid="25">I</w>
  <w id="26" lemma="|gladly|" pos="RB" wid="26">gladly</w>
  <w id="27" lemma="|invoke|" pos="VBP" wid="27">invoke</w>
  <w id="28" lemma="|almighty|" pos="JJ" wid="28">almighty</w>
  <w id="29" lemma="|God|" pos="NNP" wid="29">God</w>
  <w id="30" lemma="|'s|" pos="POS" wid="30">'s</w>
  <w id="31" lemma="|blessing|" pos="NNS" wid="31">blessings</w>
  <w id="32" lemma="|of|" pos="IN" wid="32">of</w>
  <w id="33" lemma="|joy|" pos="NN" wid="33">joy</w>
  <w id="34" lemma="|and|" pos="CC" wid="34">and</w>
  <w id="35" lemma="|peace|" pos="NN" wid="35">peace</w>
  <w id="36" lemma="|upon|" pos="IN" wid="36">upon</w>
  <w id="37" lemma="|you|" pos="PRP" wid="37">you</w>
  <w id="38" lemma="|and|" pos="CC" wid="38">and</w>
  <w id="39" lemma="|you|" pos="PRP$" wid="39">your</w>
  <w id="40" lemma="|family|" pos="NNS" wid="40">families</w>
  <w id="41" lemma="|.|" pos="." wid="41">.</w>
</sentence>
</corpus>