<corpus id="0">
<sentence id="0">
  <w id="0" lemma="|beloved|" pos="JJ" wid="0">Beloved</w>
  <w id="1" lemma="|brothers|" pos="NN" wid="1">Brothers</w>
  <w id="2" lemma="|and|" pos="CC" wid="2">and</w>
  <w id="3" lemma="|sister|" pos="NNS" wid="3">Sisters</w>
  <w id="4" lemma="|,|" pos="," wid="4">,</w>
  <w id="5" lemma="|1|" pos="CD" wid="5">1</w>
  <w id="6" lemma="|.|" pos="." wid="6">.</w>
</sentence>
<sentence id="1">
  <w id="0" lemma="|the|" pos="DT" wid="0">The</w>
  <w id="1" lemma="|solemnity|" pos="NN" wid="1">solemnity</w>
  <w id="2" lemma="|of|" pos="IN" wid="2">of</w>
  <w id="3" lemma="|the|" pos="DT" wid="3">the</w>
  <w id="4" lemma="|Holy|" pos="NNP" wid="4">Holy</w>
  <w id="5" lemma="|Apostles|" pos="NNPS" wid="5">Apostles</w>
  <w id="6" lemma="|Peter|" pos="NNP" wid="6">Peter</w>
  <w id="7" lemma="|and|" pos="CC" wid="7">and</w>
  <w id="8" lemma="|Paul|" pos="NNP" wid="8">Paul</w>
  <w id="9" lemma="|,|" pos="," wid="9">,</w>
  <w id="10" lemma="|which|" pos="WDT" wid="10">which</w>
  <w id="11" lemma="|we|" pos="PRP" wid="11">we</w>
  <w id="12" lemma="|celebrate|" pos="VBD" wid="12">celebrated</w>
  <w id="13" lemma="|some|" pos="DT" wid="13">some</w>
  <w id="14" lemma="|day|" pos="NNS" wid="14">days</w>
  <w id="15" lemma="|ago|" pos="RB" wid="15">ago</w>
  <w id="16" lemma="|,|" pos="," wid="16">,</w>
  <w id="17" lemma="|enable|" pos="VBZ" wid="17">enables</w>
  <w id="18" lemma="|we|" pos="PRP" wid="18">us</w>
  <w id="19" lemma="|to|" pos="TO" wid="19">to</w>
  <w id="20" lemma="|recall|" pos="VB" wid="20">recall</w>
  <w id="21" lemma="|another|" pos="DT" wid="21">another</w>
  <w id="22" lemma="|passage|" pos="NN" wid="22">passage</w>
  <w id="23" lemma="|from|" pos="IN" wid="23">from</w>
  <w id="24" lemma="|the|" pos="DT" wid="24">the</w>
  <w id="25" lemma="|act|" pos="NNS" wid="25">Acts</w>
  <w id="26" lemma="|of|" pos="IN" wid="26">of</w>
  <w id="27" lemma="|the|" pos="DT" wid="27">the</w>
  <w id="28" lemma="|Apostles|" pos="NNPS" wid="28">Apostles</w>
  <w id="29" lemma="|.|" pos="." wid="29">.</w>
</sentence>
<sentence id="2">
  <w id="0" lemma="|when|" pos="WRB" wid="0">When</w>
  <w id="1" lemma="|Peter|" pos="NNP" wid="1">Peter</w>
  <w id="2" lemma="|have|" pos="VBD" wid="2">had</w>
  <w id="3" lemma="|be|" pos="VBN" wid="3">been</w>
  <w id="4" lemma="|imprison|" pos="VBN" wid="4">imprisoned</w>
  <w id="5" lemma="|by|" pos="IN" wid="5">by</w>
  <w id="6" lemma="|Herod|" pos="NNP" wid="6">Herod</w>
  <w id="7" lemma="|in|" pos="IN" wid="7">in</w>
  <w id="8" lemma="|Jerusalem|" pos="NNP" wid="8">Jerusalem</w>
  <w id="9" lemma="|and|" pos="CC" wid="9">and</w>
  <w id="10" lemma="|risk|" pos="VBD" wid="10">risked</w>
  <w id="11" lemma="|the|" pos="DT" wid="11">the</w>
  <w id="12" lemma="|death|" pos="NN" wid="12">death</w>
  <w id="13" lemma="|penalty|" pos="NN" wid="13">penalty</w>
  <w id="14" lemma="|,|" pos="," wid="14">,</w>
  <w id="15" lemma="|then|" pos="RB" wid="15">then</w>
  <w id="16" lemma="|--|" pos=":" wid="16">--</w>
  <w id="17" lemma="|as|" pos="IN" wid="17">as</w>
  <w id="18" lemma="|we|" pos="PRP" wid="18">we</w>
  <w id="19" lemma="|read|" pos="VBP" wid="19">read</w>
  <w id="20" lemma="|--|" pos=":" wid="20">--</w>
  <w id="21" lemma="|''|" pos="''" wid="21">''</w>
  <w id="22" lemma="|earnest|" pos="JJ" wid="22">earnest</w>
  <w id="23" lemma="|prayer|" pos="NN" wid="23">prayer</w>
  <w id="24" lemma="|for|" pos="IN" wid="24">for</w>
  <w id="25" lemma="|he|" pos="PRP" wid="25">him</w>
  <w id="26" lemma="|be|" pos="VBD" wid="26">was</w>
  <w id="27" lemma="|.|" pos="." wid="27">.</w>
</sentence>
<sentence id="3">
  <w id="0" lemma="|make|" pos="VBN" wid="0">made</w>
  <w id="1" lemma="|to|" pos="TO" wid="1">to</w>
  <w id="2" lemma="|God|" pos="NNP" wid="2">God</w>
  <w id="3" lemma="|by|" pos="IN" wid="3">by</w>
  <w id="4" lemma="|the|" pos="DT" wid="4">the</w>
  <w id="5" lemma="|church|" pos="NN" wid="5">church</w>
  <w id="6" lemma="|''|" pos="''" wid="6">''</w>
  <w id="7" lemma="|-lrb-|" pos="-LRB-" wid="7">-LRB-</w>
  <w id="8" lemma="|act|" pos="NNS" wid="8">Acts</w>
  <w id="9" lemma="|12:5|" pos="CD" wid="9">12:5</w>
  <w id="10" lemma="|-rrb-|" pos="-RRB-" wid="10">-RRB-</w>
  <w id="11" lemma="|.|" pos="." wid="11">.</w>
</sentence>
<sentence id="4">
  <w id="0" lemma="|prayer|" pos="NN" wid="0">Prayer</w>
  <w id="1" lemma="|then|" pos="RB" wid="1">then</w>
  <w id="2" lemma="|lead|" pos="VBD" wid="2">led</w>
  <w id="3" lemma="|to|" pos="TO" wid="3">to</w>
  <w id="4" lemma="|Peter|" pos="NNP" wid="4">Peter</w>
  <w id="5" lemma="|'s|" pos="POS" wid="5">'s</w>
  <w id="6" lemma="|mysterious|" pos="JJ" wid="6">mysterious</w>
  <w id="7" lemma="|liberation|" pos="NN" wid="7">liberation</w>
  <w id="8" lemma="|from|" pos="IN" wid="8">from</w>
  <w id="9" lemma="|prison|" pos="NN" wid="9">prison</w>
  <w id="10" lemma="|.|" pos="." wid="10">.</w>
</sentence>
<sentence id="5">
  <w id="0" lemma="|this|" pos="DT" wid="0">This</w>
  <w id="1" lemma="|phrase|" pos="NN" wid="1">phrase</w>
  <w id="2" lemma="|of|" pos="IN" wid="2">of</w>
  <w id="3" lemma="|the|" pos="DT" wid="3">the</w>
  <w id="4" lemma="|act|" pos="NNS" wid="4">Acts</w>
  <w id="5" lemma="|of|" pos="IN" wid="5">of</w>
  <w id="6" lemma="|the|" pos="DT" wid="6">the</w>
  <w id="7" lemma="|Apostles|" pos="NNPS" wid="7">Apostles</w>
  <w id="8" lemma="|on|" pos="IN" wid="8">on</w>
  <w id="9" lemma="|the|" pos="DT" wid="9">the</w>
  <w id="10" lemma="|Church|" pos="NNP" wid="10">Church</w>
  <w id="11" lemma="|,|" pos="," wid="11">,</w>
  <w id="12" lemma="|which|" pos="WDT" wid="12">which</w>
  <w id="13" lemma="|pray|" pos="VBD" wid="13">prayed</w>
  <w id="14" lemma="|earnestly|" pos="RB" wid="14">earnestly</w>
  <w id="15" lemma="|for|" pos="IN" wid="15">for</w>
  <w id="16" lemma="|Peter|" pos="NNP" wid="16">Peter</w>
  <w id="17" lemma="|,|" pos="," wid="17">,</w>
  <w id="18" lemma="|have|" pos="VBZ" wid="18">has</w>
  <w id="19" lemma="|a|" pos="DT" wid="19">a</w>
  <w id="20" lemma="|significance|" pos="NN" wid="20">significance</w>
  <w id="21" lemma="|which|" pos="WDT" wid="21">which</w>
  <w id="22" lemma="|be|" pos="VBZ" wid="22">is</w>
  <w id="23" lemma="|not|" pos="RB" wid="23">not</w>
  <w id="24" lemma="|only|" pos="RB" wid="24">only</w>
  <w id="25" lemma="|historical|" pos="JJ" wid="25">historical</w>
  <w id="26" lemma="|.|" pos="." wid="26">.</w>
</sentence>
<sentence id="6">
  <w id="0" lemma="|in|" pos="IN" wid="0">In</w>
  <w id="1" lemma="|it|" pos="PRP" wid="1">it</w>
  <w id="2" lemma="|be|" pos="VBZ" wid="2">is</w>
  <w id="3" lemma="|express|" pos="VBN" wid="3">expressed</w>
  <w id="4" lemma="|the|" pos="DT" wid="4">the</w>
  <w id="5" lemma="|permanent|" pos="JJ" wid="5">permanent</w>
  <w id="6" lemma="|practice|" pos="NN" wid="6">practice</w>
  <w id="7" lemma="|of|" pos="IN" wid="7">of</w>
  <w id="8" lemma="|the|" pos="DT" wid="8">the</w>
  <w id="9" lemma="|Church|" pos="NNP" wid="9">Church</w>
  <w id="10" lemma="|herself|" pos="PRP" wid="10">herself</w>
  <w id="11" lemma="|which|" pos="WDT" wid="11">which</w>
  <w id="12" lemma="|,|" pos="," wid="12">,</w>
  <w id="13" lemma="|as|" pos="IN" wid="13">as</w>
  <w id="14" lemma="|she|" pos="PRP" wid="14">she</w>
  <w id="15" lemma="|pray|" pos="VBD" wid="15">prayed</w>
  <w id="16" lemma="|for|" pos="IN" wid="16">for</w>
  <w id="17" lemma="|Peter|" pos="NNP" wid="17">Peter</w>
  <w id="18" lemma="|,|" pos="," wid="18">,</w>
  <w id="19" lemma="|in|" pos="IN" wid="19">in</w>
  <w id="20" lemma="|the|" pos="DT" wid="20">the</w>
  <w id="21" lemma="|same|" pos="JJ" wid="21">same</w>
  <w id="22" lemma="|way|" pos="NN" wid="22">way</w>
  <w id="23" lemma="|pray|" pos="VBZ" wid="23">prays</w>
  <w id="24" lemma="|earnestly|" pos="RB" wid="24">earnestly</w>
  <w id="25" lemma="|for|" pos="IN" wid="25">for</w>
  <w id="26" lemma="|he|" pos="PRP$" wid="26">his</w>
  <w id="27" lemma="|successor|" pos="NNS" wid="27">Successors</w>
  <w id="28" lemma="|.|" pos="." wid="28">.</w>
</sentence>
<sentence id="7">
  <w id="0" lemma="|she|" pos="PRP" wid="0">She</w>
  <w id="1" lemma="|do|" pos="VBZ" wid="1">does</w>
  <w id="2" lemma="|so|" pos="RB" wid="2">so</w>
  <w id="3" lemma="|at|" pos="IN" wid="3">at</w>
  <w id="4" lemma="|every|" pos="DT" wid="4">every</w>
  <w id="5" lemma="|holy|" pos="JJ" wid="5">holy</w>
  <w id="6" lemma="|Mass|" pos="NNP" wid="6">Mass</w>
  <w id="7" lemma="|,|" pos="," wid="7">,</w>
  <w id="8" lemma="|recall|" pos="VBG" wid="8">recalling</w>
  <w id="9" lemma="|in|" pos="IN" wid="9">in</w>
  <w id="10" lemma="|the|" pos="DT" wid="10">the</w>
  <w id="11" lemma="|canon|" pos="NN" wid="11">canon</w>
  <w id="12" lemma="|the|" pos="DT" wid="12">the</w>
  <w id="13" lemma="|name|" pos="NN" wid="13">name</w>
  <w id="14" lemma="|of|" pos="IN" wid="14">of</w>
  <w id="15" lemma="|the|" pos="DT" wid="15">the</w>
  <w id="16" lemma="|present|" pos="JJ" wid="16">present</w>
  <w id="17" lemma="|Successor|" pos="NNP" wid="17">Successor</w>
  <w id="18" lemma="|of|" pos="IN" wid="18">of</w>
  <w id="19" lemma="|St|" pos="NNP" wid="19">St</w>
  <w id="20" lemma="|Peter|" pos="NNP" wid="20">Peter</w>
  <w id="21" lemma="|.|" pos="." wid="21">.</w>
</sentence>
<sentence id="8">
  <w id="0" lemma="|she|" pos="PRP" wid="0">She</w>
  <w id="1" lemma="|do|" pos="VBZ" wid="1">does</w>
  <w id="2" lemma="|so|" pos="RB" wid="2">so</w>
  <w id="3" lemma="|also|" pos="RB" wid="3">also</w>
  <w id="4" lemma="|on|" pos="IN" wid="4">on</w>
  <w id="5" lemma="|other|" pos="JJ" wid="5">other</w>
  <w id="6" lemma="|occasion|" pos="NNS" wid="6">occasions</w>
  <w id="7" lemma="|and|" pos="CC" wid="7">and</w>
  <w id="8" lemma="|in|" pos="IN" wid="8">in</w>
  <w id="9" lemma="|other|" pos="JJ" wid="9">other</w>
  <w id="10" lemma="|way|" pos="NNS" wid="10">ways</w>
  <w id="11" lemma="|.|" pos="." wid="11">.</w>
</sentence>
<sentence id="9">
  <w id="0" lemma="|prayer|" pos="NN" wid="0">Prayer</w>
  <w id="1" lemma="|for|" pos="IN" wid="1">for</w>
  <w id="2" lemma="|Peter|" pos="NNP" wid="2">Peter</w>
  <w id="3" lemma="|have|" pos="VBZ" wid="3">has</w>
  <w id="4" lemma="|become|" pos="VBN" wid="4">become</w>
  <w id="5" lemma="|,|" pos="," wid="5">,</w>
  <w id="6" lemma="|in|" pos="IN" wid="6">in</w>
  <w id="7" lemma="|a|" pos="DT" wid="7">a</w>
  <w id="8" lemma="|certain|" pos="JJ" wid="8">certain</w>
  <w id="9" lemma="|sense|" pos="NN" wid="9">sense</w>
  <w id="10" lemma="|,|" pos="," wid="10">,</w>
  <w id="11" lemma="|the|" pos="DT" wid="11">the</w>
  <w id="12" lemma="|first|" pos="JJ" wid="12">first</w>
  <w id="13" lemma="|model|" pos="NN" wid="13">model</w>
  <w id="14" lemma="|of|" pos="IN" wid="14">of</w>
  <w id="15" lemma="|the|" pos="DT" wid="15">the</w>
  <w id="16" lemma="|prayer|" pos="NN" wid="16">prayer</w>
  <w id="17" lemma="|of|" pos="IN" wid="17">of</w>
  <w id="18" lemma="|the|" pos="DT" wid="18">the</w>
  <w id="19" lemma="|Church|" pos="NNP" wid="19">Church</w>
  <w id="20" lemma="|,|" pos="," wid="20">,</w>
  <w id="21" lemma="|for|" pos="IN" wid="21">for</w>
  <w id="22" lemma="|he|" pos="PRP$" wid="22">his</w>
  <w id="23" lemma="|successor|" pos="NNS" wid="23">Successors</w>
  <w id="24" lemma="|.|" pos="." wid="24">.</w>
</sentence>
<sentence id="10">
  <w id="0" lemma="|at|" pos="IN" wid="0">At</w>
  <w id="1" lemma="|the|" pos="DT" wid="1">the</w>
  <w id="2" lemma="|same|" pos="JJ" wid="2">same</w>
  <w id="3" lemma="|time|" pos="NN" wid="3">time</w>
  <w id="4" lemma="|,|" pos="," wid="4">,</w>
  <w id="5" lemma="|this|" pos="DT" wid="5">this</w>
  <w id="6" lemma="|prayer|" pos="NN" wid="6">prayer</w>
  <w id="7" lemma="|express|" pos="VBZ" wid="7">expresses</w>
  <w id="8" lemma="|love|" pos="NN" wid="8">love</w>
  <w id="9" lemma="|of|" pos="IN" wid="9">of</w>
  <w id="10" lemma="|the|" pos="DT" wid="10">the</w>
  <w id="11" lemma="|Church|" pos="NNP" wid="11">Church</w>
  <w id="12" lemma="|and|" pos="CC" wid="12">and</w>
  <w id="13" lemma="|a|" pos="DT" wid="13">a</w>
  <w id="14" lemma="|sense|" pos="NN" wid="14">sense</w>
  <w id="15" lemma="|of|" pos="IN" wid="15">of</w>
  <w id="16" lemma="|responsibility|" pos="NN" wid="16">responsibility</w>
  <w id="17" lemma="|for|" pos="IN" wid="17">for</w>
  <w id="18" lemma="|the|" pos="DT" wid="18">the</w>
  <w id="19" lemma="|cause|" pos="NN" wid="19">cause</w>
  <w id="20" lemma="|of|" pos="IN" wid="20">of</w>
  <w id="21" lemma="|the|" pos="DT" wid="21">the</w>
  <w id="22" lemma="|Gospel|" pos="NNP" wid="22">Gospel</w>
  <w id="23" lemma="|,|" pos="," wid="23">,</w>
  <w id="24" lemma="|which|" pos="WDT" wid="24">which</w>
  <w id="25" lemma="|the|" pos="DT" wid="25">the</w>
  <w id="26" lemma="|Church|" pos="NNP" wid="26">Church</w>
  <w id="27" lemma="|assume|" pos="VBZ" wid="27">assumes</w>
  <w id="28" lemma="|under|" pos="IN" wid="28">under</w>
  <w id="29" lemma="|the|" pos="DT" wid="29">the</w>
  <w id="30" lemma="|guidance|" pos="NN" wid="30">guidance</w>
  <w id="31" lemma="|of|" pos="IN" wid="31">of</w>
  <w id="32" lemma="|Peter|" pos="NNP" wid="32">Peter</w>
  <w id="33" lemma="|and|" pos="CC" wid="33">and</w>
  <w id="34" lemma="|he|" pos="PRP$" wid="34">his</w>
  <w id="35" lemma="|successor|" pos="NNS" wid="35">Successors</w>
  <w id="36" lemma="|.|" pos="." wid="36">.</w>
</sentence>
<sentence id="11">
  <w id="0" lemma="|2|" pos="CD" wid="0">2</w>
  <w id="1" lemma="|.|" pos="." wid="1">.</w>
</sentence>
<sentence id="12">
  <w id="0" lemma="|in|" pos="IN" wid="0">In</w>
  <w id="1" lemma="|the|" pos="DT" wid="1">the</w>
  <w id="2" lemma="|course|" pos="NN" wid="2">course</w>
  <w id="3" lemma="|of|" pos="IN" wid="3">of</w>
  <w id="4" lemma="|the|" pos="DT" wid="4">the</w>
  <w id="5" lemma="|whole|" pos="JJ" wid="5">whole</w>
  <w id="6" lemma="|year|" pos="NN" wid="6">year</w>
  <w id="7" lemma="|,|" pos="," wid="7">,</w>
  <w id="8" lemma="|I|" pos="PRP" wid="8">I</w>
  <w id="9" lemma="|receive|" pos="VBP" wid="9">receive</w>
  <w id="10" lemma="|so|" pos="RB" wid="10">so</w>
  <w id="11" lemma="|many|" pos="JJ" wid="11">many</w>
  <w id="12" lemma="|proof|" pos="NNS" wid="12">proofs</w>
  <w id="13" lemma="|of|" pos="IN" wid="13">of</w>
  <w id="14" lemma="|affection|" pos="NN" wid="14">affection</w>
  <w id="15" lemma="|on|" pos="IN" wid="15">on</w>
  <w id="16" lemma="|the|" pos="DT" wid="16">the</w>
  <w id="17" lemma="|part|" pos="NN" wid="17">part</w>
  <w id="18" lemma="|of|" pos="IN" wid="18">of</w>
  <w id="19" lemma="|my|" pos="PRP$" wid="19">my</w>
  <w id="20" lemma="|brother|" pos="NNS" wid="20">brothers</w>
  <w id="21" lemma="|and|" pos="CC" wid="21">and</w>
  <w id="22" lemma="|sister|" pos="NNS" wid="22">sisters</w>
  <w id="23" lemma="|,|" pos="," wid="23">,</w>
  <w id="24" lemma="|from|" pos="IN" wid="24">from</w>
  <w id="25" lemma="|everyone|" pos="NN" wid="25">everyone</w>
  <w id="26" lemma="|.|" pos="." wid="26">.</w>
</sentence>
<sentence id="13">
  <w id="0" lemma="|during|" pos="IN" wid="0">During</w>
  <w id="1" lemma="|the|" pos="DT" wid="1">the</w>
  <w id="2" lemma="|last|" pos="JJ" wid="2">last</w>
  <w id="3" lemma="|few|" pos="JJ" wid="3">few</w>
  <w id="4" lemma="|week|" pos="NNS" wid="4">weeks</w>
  <w id="5" lemma="|,|" pos="," wid="5">,</w>
  <w id="6" lemma="|especially|" pos="RB" wid="6">especially</w>
  <w id="7" lemma="|around|" pos="IN" wid="7">around</w>
  <w id="8" lemma="|the|" pos="DT" wid="8">the</w>
  <w id="9" lemma="|feast|" pos="NN" wid="9">feast</w>
  <w id="10" lemma="|of|" pos="IN" wid="10">of</w>
  <w id="11" lemma="|SS|" pos="NNP" wid="11">SS</w>
  <w id="12" lemma="|Peter|" pos="NNP" wid="12">Peter</w>
  <w id="13" lemma="|and|" pos="CC" wid="13">and</w>
  <w id="14" lemma="|Paul|" pos="NNP" wid="14">Paul</w>
  <w id="15" lemma="|,|" pos="," wid="15">,</w>
  <w id="16" lemma="|they|" pos="PRP" wid="16">they</w>
  <w id="17" lemma="|have|" pos="VBP" wid="17">have</w>
  <w id="18" lemma="|be|" pos="VBN" wid="18">been</w>
  <w id="19" lemma="|particularly|" pos="RB" wid="19">particularly</w>
  <w id="20" lemma="|numerous|" pos="JJ" wid="20">numerous</w>
  <w id="21" lemma="|.|" pos="." wid="21">.</w>
</sentence>
<sentence id="14">
  <w id="0" lemma="|so|" pos="RB" wid="0">So</w>
  <w id="1" lemma="|I|" pos="PRP" wid="1">I</w>
  <w id="2" lemma="|wish|" pos="VBP" wid="2">wish</w>
  <w id="3" lemma="|to|" pos="TO" wid="3">to</w>
  <w id="4" lemma="|express|" pos="VB" wid="4">express</w>
  <w id="5" lemma="|my|" pos="PRP$" wid="5">my</w>
  <w id="6" lemma="|gratitude|" pos="NN" wid="6">gratitude</w>
  <w id="7" lemma="|to|" pos="TO" wid="7">to</w>
  <w id="8" lemma="|all|" pos="DT" wid="8">all</w>
  <w id="9" lemma="|my|" pos="PRP$" wid="9">my</w>
  <w id="10" lemma="|benefactor|" pos="NNS" wid="10">benefactors</w>
  <w id="11" lemma="|,|" pos="," wid="11">,</w>
  <w id="12" lemma="|know|" pos="VBN" wid="12">known</w>
  <w id="13" lemma="|to|" pos="TO" wid="13">to</w>
  <w id="14" lemma="|I|" pos="PRP" wid="14">me</w>
  <w id="15" lemma="|,|" pos="," wid="15">,</w>
  <w id="16" lemma="|at|" pos="IN" wid="16">at</w>
  <w id="17" lemma="|least|" pos="JJS" wid="17">least</w>
  <w id="18" lemma="|through|" pos="IN" wid="18">through</w>
  <w id="19" lemma="|correspondence|" pos="NN" wid="19">correspondence</w>
  <w id="20" lemma="|,|" pos="," wid="20">,</w>
  <w id="21" lemma="|and|" pos="CC" wid="21">and</w>
  <w id="22" lemma="|also|" pos="RB" wid="22">also</w>
  <w id="23" lemma="|to|" pos="TO" wid="23">to</w>
  <w id="24" lemma="|those|" pos="DT" wid="24">those</w>
  <w id="25" lemma="|unknown|" pos="JJ" wid="25">unknown</w>
  <w id="26" lemma="|to|" pos="TO" wid="26">to</w>
  <w id="27" lemma="|I|" pos="PRP" wid="27">me</w>
  <w id="28" lemma="|.|" pos="." wid="28">.</w>
</sentence>
<sentence id="15">
  <w id="0" lemma="|I|" pos="PRP" wid="0">I</w>
  <w id="1" lemma="|wish|" pos="VBP" wid="1">wish</w>
  <w id="2" lemma="|to|" pos="TO" wid="2">to</w>
  <w id="3" lemma="|reciprocate|" pos="VB" wid="3">reciprocate</w>
  <w id="4" lemma="|with|" pos="IN" wid="4">with</w>
  <w id="5" lemma="|daily|" pos="JJ" wid="5">daily</w>
  <w id="6" lemma="|prayer|" pos="NN" wid="6">prayer</w>
  <w id="7" lemma="|for|" pos="IN" wid="7">for</w>
  <w id="8" lemma="|all|" pos="PDT" wid="8">all</w>
  <w id="9" lemma="|those|" pos="DT" wid="9">those</w>
  <w id="10" lemma="|who|" pos="WP" wid="10">who</w>
  <w id="11" lemma="|pray|" pos="VBP" wid="11">pray</w>
  <w id="12" lemma="|for|" pos="IN" wid="12">for</w>
  <w id="13" lemma="|I|" pos="PRP" wid="13">me</w>
  <w id="14" lemma="|and|" pos="CC" wid="14">and</w>
  <w id="15" lemma="|sometimes|" pos="RB" wid="15">sometimes</w>
  <w id="16" lemma="|offer|" pos="VBP" wid="16">offer</w>
  <w id="17" lemma="|great|" pos="JJ" wid="17">great</w>
  <w id="18" lemma="|spiritual|" pos="JJ" wid="18">spiritual</w>
  <w id="19" lemma="|sacrifice|" pos="NNS" wid="19">sacrifices</w>
  <w id="20" lemma="|for|" pos="IN" wid="20">for</w>
  <w id="21" lemma="|my|" pos="PRP$" wid="21">my</w>
  <w id="22" lemma="|service|" pos="NN" wid="22">service</w>
  <w id="23" lemma="|,|" pos="," wid="23">,</w>
  <w id="24" lemma="|for|" pos="IN" wid="24">for</w>
  <w id="25" lemma="|the|" pos="DT" wid="25">the</w>
  <w id="26" lemma="|successful|" pos="JJ" wid="26">successful</w>
  <w id="27" lemma="|accomplishment|" pos="NN" wid="27">accomplishment</w>
  <w id="28" lemma="|of|" pos="IN" wid="28">of</w>
  <w id="29" lemma="|the|" pos="DT" wid="29">the</w>
  <w id="30" lemma="|task|" pos="NNS" wid="30">tasks</w>
  <w id="31" lemma="|entrust|" pos="VBN" wid="31">entrusted</w>
  <w id="32" lemma="|to|" pos="TO" wid="32">to</w>
  <w id="33" lemma="|I|" pos="PRP" wid="33">me</w>
  <w id="34" lemma="|by|" pos="IN" wid="34">by</w>
  <w id="35" lemma="|Christ|" pos="NNP" wid="35">Christ</w>
  <w id="36" lemma="|the|" pos="DT" wid="36">the</w>
  <w id="37" lemma="|Lord|" pos="NNP" wid="37">Lord</w>
  <w id="38" lemma="|,|" pos="," wid="38">,</w>
  <w id="39" lemma="|for|" pos="IN" wid="39">for</w>
  <w id="40" lemma="|the|" pos="DT" wid="40">the</w>
  <w id="41" lemma="|grace|" pos="NN" wid="41">grace</w>
  <w id="42" lemma="|of|" pos="IN" wid="42">of</w>
  <w id="43" lemma="|fruitful|" pos="JJ" wid="43">fruitful</w>
  <w id="44" lemma="|service|" pos="NN" wid="44">service</w>
  <w id="45" lemma="|for|" pos="IN" wid="45">for</w>
  <w id="46" lemma="|the|" pos="DT" wid="46">the</w>
  <w id="47" lemma="|Church|" pos="NNP" wid="47">Church</w>
  <w id="48" lemma="|.|" pos="." wid="48">.</w>
</sentence>
<sentence id="16">
  <w id="0" lemma="|prayer|" pos="NN" wid="0">Prayer</w>
  <w id="1" lemma="|be|" pos="VBZ" wid="1">is</w>
  <w id="2" lemma="|a|" pos="DT" wid="2">an</w>
  <w id="3" lemma="|invisible|" pos="JJ" wid="3">invisible</w>
  <w id="4" lemma="|bond|" pos="NN" wid="4">bond</w>
  <w id="5" lemma="|,|" pos="," wid="5">,</w>
  <w id="6" lemma="|which|" pos="WDT" wid="6">which</w>
  <w id="7" lemma="|unite|" pos="VBZ" wid="7">unites</w>
  <w id="8" lemma="|the|" pos="DT" wid="8">the</w>
  <w id="9" lemma="|community|" pos="NNS" wid="9">Communities</w>
  <w id="10" lemma="|of|" pos="IN" wid="10">of</w>
  <w id="11" lemma="|the|" pos="DT" wid="11">the</w>
  <w id="12" lemma="|faithful|" pos="NN" wid="12">faithful</w>
  <w id="13" lemma="|.|" pos="." wid="13">.</w>
</sentence>
<sentence id="17">
  <w id="0" lemma="|it|" pos="PRP" wid="0">It</w>
  <w id="1" lemma="|be|" pos="VBZ" wid="1">is</w>
  <w id="2" lemma="|a|" pos="DT" wid="2">a</w>
  <w id="3" lemma="|very|" pos="RB" wid="3">very</w>
  <w id="4" lemma="|strong|" pos="JJ" wid="4">strong</w>
  <w id="5" lemma="|and|" pos="CC" wid="5">and</w>
  <w id="6" lemma="|deep|" pos="JJ" wid="6">deep</w>
  <w id="7" lemma="|bond|" pos="NN" wid="7">bond</w>
  <w id="8" lemma="|.|" pos="." wid="8">.</w>
</sentence>
<sentence id="18">
  <w id="0" lemma="|the|" pos="DT" wid="0">The</w>
  <w id="1" lemma="|spiritual|" pos="JJ" wid="1">spiritual</w>
  <w id="2" lemma="|unity|" pos="NN" wid="2">unity</w>
  <w id="3" lemma="|of|" pos="IN" wid="3">of</w>
  <w id="4" lemma="|the|" pos="DT" wid="4">the</w>
  <w id="5" lemma="|People|" pos="NNP" wid="5">People</w>
  <w id="6" lemma="|of|" pos="IN" wid="6">of</w>
  <w id="7" lemma="|God|" pos="NNP" wid="7">God</w>
  <w id="8" lemma="|be|" pos="VBZ" wid="8">is</w>
  <w id="9" lemma="|express|" pos="VBN" wid="9">expressed</w>
  <w id="10" lemma="|in|" pos="IN" wid="10">in</w>
  <w id="11" lemma="|it|" pos="PRP" wid="11">it</w>
  <w id="12" lemma="|.|" pos="." wid="12">.</w>
</sentence>
<sentence id="19">
  <w id="0" lemma="|the|" pos="DT" wid="0">The</w>
  <w id="1" lemma="|gift|" pos="NN" wid="1">gift</w>
  <w id="2" lemma="|of|" pos="IN" wid="2">of</w>
  <w id="3" lemma="|prayer|" pos="NN" wid="3">prayer</w>
  <w id="4" lemma="|be|" pos="VBZ" wid="4">is</w>
  <w id="5" lemma="|a|" pos="DT" wid="5">a</w>
  <w id="6" lemma="|special|" pos="JJ" wid="6">special</w>
  <w id="7" lemma="|gift|" pos="NN" wid="7">gift</w>
  <w id="8" lemma="|.|" pos="." wid="8">.</w>
</sentence>
<sentence id="20">
  <w id="0" lemma="|it|" pos="PRP" wid="0">It</w>
  <w id="1" lemma="|be|" pos="VBZ" wid="1">is</w>
  <w id="2" lemma="|a|" pos="DT" wid="2">a</w>
  <w id="3" lemma="|gift|" pos="NN" wid="3">gift</w>
  <w id="4" lemma="|that|" pos="WDT" wid="4">that</w>
  <w id="5" lemma="|involve|" pos="VBZ" wid="5">involves</w>
  <w id="6" lemma="|a|" pos="DT" wid="6">a</w>
  <w id="7" lemma="|deep|" pos="JJ" wid="7">deep</w>
  <w id="8" lemma="|obligation|" pos="NN" wid="8">obligation</w>
  <w id="9" lemma="|.|" pos="." wid="9">.</w>
</sentence>
<sentence id="21">
  <w id="0" lemma="|on|" pos="IN" wid="0">On</w>
  <w id="1" lemma="|this|" pos="DT" wid="1">this</w>
  <w id="2" lemma="|occasion|" pos="NN" wid="2">occasion</w>
  <w id="3" lemma="|today|" pos="NN" wid="3">today</w>
  <w id="4" lemma="|I|" pos="PRP" wid="4">I</w>
  <w id="5" lemma="|think|" pos="VBD" wid="5">thought</w>
  <w id="6" lemma="|I|" pos="PRP" wid="6">I</w>
  <w id="7" lemma="|should|" pos="MD" wid="7">should</w>
  <w id="8" lemma="|express|" pos="VB" wid="8">express</w>
  <w id="9" lemma="|it|" pos="PRP" wid="9">it</w>
  <w id="10" lemma="|publicly|" pos="RB" wid="10">publicly</w>
  <w id="11" lemma="|.|" pos="." wid="11">.</w>
</sentence>
<sentence id="22">
  <w id="0" lemma="|the|" pos="DT" wid="0">The</w>
  <w id="1" lemma="|gift|" pos="NN" wid="1">gift</w>
  <w id="2" lemma="|of|" pos="IN" wid="2">of</w>
  <w id="3" lemma="|prayer|" pos="NN" wid="3">prayer</w>
  <w id="4" lemma="|,|" pos="," wid="4">,</w>
  <w id="5" lemma="|which|" pos="WDT" wid="5">which</w>
  <w id="6" lemma="|I|" pos="PRP" wid="6">I</w>
  <w id="7" lemma="|receive|" pos="VBP" wid="7">receive</w>
  <w id="8" lemma="|from|" pos="IN" wid="8">from</w>
  <w id="9" lemma="|so|" pos="RB" wid="9">so</w>
  <w id="10" lemma="|many|" pos="JJ" wid="10">many</w>
  <w id="11" lemma="|brother|" pos="NNS" wid="11">brothers</w>
  <w id="12" lemma="|and|" pos="CC" wid="12">and</w>
  <w id="13" lemma="|sister|" pos="NNS" wid="13">sisters</w>
  <w id="14" lemma="|of|" pos="IN" wid="14">of</w>
  <w id="15" lemma="|mine|" pos="NN" wid="15">mine</w>
  <w id="16" lemma="|,|" pos="," wid="16">,</w>
  <w id="17" lemma="|be|" pos="VBZ" wid="17">is</w>
  <w id="18" lemma="|a|" pos="DT" wid="18">a</w>
  <w id="19" lemma="|source|" pos="NN" wid="19">source</w>
  <w id="20" lemma="|of|" pos="IN" wid="20">of</w>
  <w id="21" lemma="|continual|" pos="JJ" wid="21">continual</w>
  <w id="22" lemma="|strengthening|" pos="NN" wid="22">strengthening</w>
  <w id="23" lemma="|.|" pos="." wid="23">.</w>
</sentence>
<sentence id="23">
  <w id="0" lemma="|Christ|" pos="NNP" wid="0">Christ</w>
  <w id="1" lemma="|,|" pos="," wid="1">,</w>
  <w id="2" lemma="|who|" pos="WP" wid="2">who</w>
  <w id="3" lemma="|exhort|" pos="VBD" wid="3">exhorted</w>
  <w id="4" lemma="|Peter|" pos="NNP" wid="4">Peter</w>
  <w id="5" lemma="|:|" pos=":" wid="5">:</w>
  <w id="6" lemma="|``|" pos="``" wid="6">``</w>
  <w id="7" lemma="|strengthen|" pos="VB" wid="7">strengthen</w>
  <w id="8" lemma="|you|" pos="PRP$" wid="8">your</w>
  <w id="9" lemma="|brethren|" pos="NNS" wid="9">brethren</w>
  <w id="10" lemma="|''|" pos="''" wid="10">''</w>
  <w id="11" lemma="|-lrb-|" pos="-LRB-" wid="11">-LRB-</w>
  <w id="12" lemma="|lk|" pos="FW" wid="12">Lk</w>
  <w id="13" lemma="|22:3|" pos="FW" wid="13">22:3</w>
  <w id="14" lemma="|-rrb-|" pos="-RRB-" wid="14">-RRB-</w>
  <w id="15" lemma="|,|" pos="," wid="15">,</w>
  <w id="16" lemma="|base|" pos="VBN" wid="16">based</w>
  <w id="17" lemma="|this|" pos="DT" wid="17">this</w>
  <w id="18" lemma="|exhortation|" pos="NN" wid="18">exhortation</w>
  <w id="19" lemma="|on|" pos="IN" wid="19">on</w>
  <w id="20" lemma="|he|" pos="PRP$" wid="20">his</w>
  <w id="21" lemma="|own|" pos="JJ" wid="21">own</w>
  <w id="22" lemma="|prayer|" pos="NN" wid="22">prayer</w>
  <w id="23" lemma="|.|" pos="." wid="23">.</w>
</sentence>
<sentence id="24">
  <w id="0" lemma="|he|" pos="PRP" wid="0">He</w>
  <w id="1" lemma="|say|" pos="VBD" wid="1">said</w>
  <w id="2" lemma="|:|" pos=":" wid="2">:</w>
  <w id="3" lemma="|``|" pos="``" wid="3">``</w>
  <w id="4" lemma="|I|" pos="PRP" wid="4">I</w>
  <w id="5" lemma="|have|" pos="VBP" wid="5">have</w>
  <w id="6" lemma="|pray|" pos="VBN" wid="6">prayed</w>
  <w id="7" lemma="|for|" pos="IN" wid="7">for</w>
  <w id="8" lemma="|you|" pos="PRP" wid="8">you</w>
  <w id="9" lemma="|that|" pos="IN" wid="9">that</w>
  <w id="10" lemma="|you|" pos="PRP$" wid="10">your</w>
  <w id="11" lemma="|faith|" pos="NN" wid="11">faith</w>
  <w id="12" lemma="|may|" pos="MD" wid="12">may</w>
  <w id="13" lemma="|not|" pos="RB" wid="13">not</w>
  <w id="14" lemma="|fail|" pos="VB" wid="14">fail</w>
  <w id="15" lemma="|''|" pos="''" wid="15">''</w>
  <w id="16" lemma="|-lrb-|" pos="-LRB-" wid="16">-LRB-</w>
  <w id="17" lemma="|lk|" pos="NN" wid="17">Lk</w>
  <w id="18" lemma="|22:32|" pos="CD" wid="18">22:32</w>
  <w id="19" lemma="|-rrb-|" pos="-RRB-" wid="19">-RRB-</w>
  <w id="20" lemma="|.|" pos="." wid="20">.</w>
</sentence>
<sentence id="25">
  <w id="0" lemma="|and|" pos="CC" wid="0">And</w>
  <w id="1" lemma="|when|" pos="WRB" wid="1">when</w>
  <w id="2" lemma="|the|" pos="DT" wid="2">the</w>
  <w id="3" lemma="|difficult|" pos="JJ" wid="3">difficult</w>
  <w id="4" lemma="|moment|" pos="NN" wid="4">moment</w>
  <w id="5" lemma="|come|" pos="VBD" wid="5">came</w>
  <w id="6" lemma="|,|" pos="," wid="6">,</w>
  <w id="7" lemma="|he|" pos="PRP" wid="7">he</w>
  <w id="8" lemma="|give|" pos="VBD" wid="8">gave</w>
  <w id="9" lemma="|he|" pos="PRP" wid="9">him</w>
  <w id="10" lemma="|that|" pos="IN" wid="10">that</w>
  <w id="11" lemma="|strengthening|" pos="NN" wid="11">strengthening</w>
  <w id="12" lemma="|of|" pos="IN" wid="12">of</w>
  <w id="13" lemma="|which|" pos="WDT" wid="13">which</w>
  <w id="14" lemma="|we|" pos="PRP" wid="14">we</w>
  <w id="15" lemma="|read|" pos="VBP" wid="15">read</w>
  <w id="16" lemma="|in|" pos="IN" wid="16">in</w>
  <w id="17" lemma="|the|" pos="DT" wid="17">the</w>
  <w id="18" lemma="|act|" pos="NNS" wid="18">Acts</w>
  <w id="19" lemma="|of|" pos="IN" wid="19">of</w>
  <w id="20" lemma="|the|" pos="DT" wid="20">the</w>
  <w id="21" lemma="|Apostles|" pos="NNPS" wid="21">Apostles</w>
  <w id="22" lemma="|:|" pos=":" wid="22">:</w>
  <w id="23" lemma="|the|" pos="DT" wid="23">the</w>
  <w id="24" lemma="|Church|" pos="NNP" wid="24">Church</w>
  <w id="25" lemma="|pray|" pos="VBD" wid="25">prayed</w>
  <w id="26" lemma="|for|" pos="IN" wid="26">for</w>
  <w id="27" lemma="|Peter|" pos="NNP" wid="27">Peter</w>
  <w id="28" lemma="|.|" pos="." wid="28">.</w>
</sentence>
<sentence id="26">
  <w id="0" lemma="|and|" pos="CC" wid="0">And</w>
  <w id="1" lemma="|this|" pos="DT" wid="1">this</w>
  <w id="2" lemma="|great|" pos="JJ" wid="2">great</w>
  <w id="3" lemma="|service|" pos="NN" wid="3">service</w>
  <w id="4" lemma="|can|" pos="MD" wid="4">can</w>
  <w id="5" lemma="|not|" pos="RB" wid="5">not</w>
  <w id="6" lemma="|be|" pos="VB" wid="6">be</w>
  <w id="7" lemma="|exercise|" pos="VBN" wid="7">exercised</w>
  <w id="8" lemma="|in|" pos="IN" wid="8">in</w>
  <w id="9" lemma="|any|" pos="DT" wid="9">any</w>
  <w id="10" lemma="|other|" pos="JJ" wid="10">other</w>
  <w id="11" lemma="|way|" pos="NN" wid="11">way</w>
  <w id="12" lemma="|but|" pos="CC" wid="12">but</w>
  <w id="13" lemma="|on|" pos="IN" wid="13">on</w>
  <w id="14" lemma="|the|" pos="DT" wid="14">the</w>
  <w id="15" lemma="|basis|" pos="NN" wid="15">basis</w>
  <w id="16" lemma="|of|" pos="IN" wid="16">of</w>
  <w id="17" lemma="|the|" pos="DT" wid="17">the</w>
  <w id="18" lemma="|deep|" pos="JJ" wid="18">deep</w>
  <w id="19" lemma="|certainty|" pos="NN" wid="19">certainty</w>
  <w id="20" lemma="|of|" pos="IN" wid="20">of</w>
  <w id="21" lemma="|faith|" pos="NN" wid="21">faith</w>
  <w id="22" lemma="|,|" pos="," wid="22">,</w>
  <w id="23" lemma="|come|" pos="VBG" wid="23">coming</w>
  <w id="24" lemma="|from|" pos="IN" wid="24">from</w>
  <w id="25" lemma="|Christ|" pos="NNP" wid="25">Christ</w>
  <w id="26" lemma="|'s|" pos="POS" wid="26">'s</w>
  <w id="27" lemma="|word|" pos="NNS" wid="27">words</w>
  <w id="28" lemma="|once|" pos="RB" wid="28">once</w>
  <w id="29" lemma="|address|" pos="VBD" wid="29">addressed</w>
  <w id="30" lemma="|to|" pos="TO" wid="30">to</w>
  <w id="31" lemma="|Peter|" pos="NNP" wid="31">Peter</w>
  <w id="32" lemma="|,|" pos="," wid="32">,</w>
  <w id="33" lemma="|and|" pos="CC" wid="33">and</w>
  <w id="34" lemma="|,|" pos="," wid="34">,</w>
  <w id="35" lemma="|at|" pos="IN" wid="35">at</w>
  <w id="36" lemma="|the|" pos="DT" wid="36">the</w>
  <w id="37" lemma="|same|" pos="JJ" wid="37">same</w>
  <w id="38" lemma="|time|" pos="NN" wid="38">time</w>
  <w id="39" lemma="|,|" pos="," wid="39">,</w>
  <w id="40" lemma="|on|" pos="IN" wid="40">on</w>
  <w id="41" lemma="|the|" pos="DT" wid="41">the</w>
  <w id="42" lemma="|basis|" pos="NN" wid="42">basis</w>
  <w id="43" lemma="|of|" pos="IN" wid="43">of</w>
  <w id="44" lemma="|the|" pos="DT" wid="44">the</w>
  <w id="45" lemma="|prayer|" pos="NN" wid="45">prayer</w>
  <w id="46" lemma="|of|" pos="IN" wid="46">of</w>
  <w id="47" lemma="|the|" pos="DT" wid="47">the</w>
  <w id="48" lemma="|whole|" pos="JJ" wid="48">whole</w>
  <w id="49" lemma="|Church|" pos="NNP" wid="49">Church</w>
  <w id="50" lemma="|.|" pos="." wid="50">.</w>
</sentence>
<sentence id="27">
  <w id="0" lemma="|for|" pos="IN" wid="0">For</w>
  <w id="1" lemma="|this|" pos="DT" wid="1">this</w>
  <w id="2" lemma="|prayer|" pos="NN" wid="2">prayer</w>
  <w id="3" lemma="|I|" pos="PRP" wid="3">I</w>
  <w id="4" lemma="|wish|" pos="VBP" wid="4">wish</w>
  <w id="5" lemma="|to|" pos="TO" wid="5">to</w>
  <w id="6" lemma="|thank|" pos="VB" wid="6">thank</w>
  <w id="7" lemma="|everyone|" pos="NN" wid="7">everyone</w>
  <w id="8" lemma="|and|" pos="CC" wid="8">and</w>
  <w id="9" lemma="|each|" pos="DT" wid="9">each</w>
  <w id="10" lemma="|one|" pos="CD" wid="10">one</w>
  <w id="11" lemma="|in|" pos="IN" wid="11">in</w>
  <w id="12" lemma="|particular|" pos="JJ" wid="12">particular</w>
  <w id="13" lemma="|on|" pos="IN" wid="13">on</w>
  <w id="14" lemma="|this|" pos="DT" wid="14">this</w>
  <w id="15" lemma="|special|" pos="JJ" wid="15">special</w>
  <w id="16" lemma="|circumstance|" pos="NN" wid="16">circumstance</w>
  <w id="17" lemma="|today|" pos="NN" wid="17">today</w>
  <w id="18" lemma="|.|" pos="." wid="18">.</w>
</sentence>
<sentence id="28">
  <w id="0" lemma="|let|" pos="VB" wid="0">Let</w>
  <w id="1" lemma="|all|" pos="DT" wid="1">all</w>
  <w id="2" lemma="|of|" pos="IN" wid="2">of</w>
  <w id="3" lemma="|you|" pos="PRP" wid="3">you</w>
  <w id="4" lemma="|remember|" pos="VBP" wid="4">remember</w>
  <w id="5" lemma="|that|" pos="IN" wid="5">that</w>
  <w id="6" lemma="|I|" pos="PRP" wid="6">I</w>
  <w id="7" lemma="|always|" pos="RB" wid="7">always</w>
  <w id="8" lemma="|think|" pos="VBP" wid="8">think</w>
  <w id="9" lemma="|of|" pos="IN" wid="9">of</w>
  <w id="10" lemma="|you|" pos="PRP" wid="10">you</w>
  <w id="11" lemma="|as|" pos="IN" wid="11">as</w>
  <w id="12" lemma="|my|" pos="PRP$" wid="12">my</w>
  <w id="13" lemma="|benefactor|" pos="NNS" wid="13">benefactors</w>
  <w id="14" lemma="|.|" pos="." wid="14">.</w>
</sentence>
</corpus>