<corpus id="0">
<sentence id="0">
  <w id="0" lemma="|Dear|" pos="NNP" wid="0">Dear</w>
  <w id="1" lemma="|Brothers|" pos="NNPS" wid="1">Brothers</w>
  <w id="2" lemma="|and|" pos="CC" wid="2">and</w>
  <w id="3" lemma="|sister|" pos="NNS" wid="3">Sisters</w>
  <w id="4" lemma="|!|" pos="." wid="4">!</w>
</sentence>
<sentence id="1">
  <w id="0" lemma="|1|" pos="CD" wid="0">1</w>
  <w id="1" lemma="|.|" pos="." wid="1">.</w>
</sentence>
<sentence id="2">
  <w id="0" lemma="|the|" pos="DT" wid="0">The</w>
  <w id="1" lemma="|solemn|" pos="JJ" wid="1">solemn</w>
  <w id="2" lemma="|eucharistic|" pos="JJ" wid="2">Eucharistic</w>
  <w id="3" lemma="|liturgy|" pos="NN" wid="3">liturgy</w>
  <w id="4" lemma="|in|" pos="IN" wid="4">in</w>
  <w id="5" lemma="|which|" pos="WDT" wid="5">which</w>
  <w id="6" lemma="|I|" pos="PRP" wid="6">I</w>
  <w id="7" lemma="|have|" pos="VBD" wid="7">had</w>
  <w id="8" lemma="|the|" pos="DT" wid="8">the</w>
  <w id="9" lemma="|joy|" pos="NN" wid="9">joy</w>
  <w id="10" lemma="|of|" pos="IN" wid="10">of</w>
  <w id="11" lemma="|beatify|" pos="VBG" wid="11">beatifying</w>
  <w id="12" lemma="|Padre|" pos="NNP" wid="12">Padre</w>
  <w id="13" lemma="|Pio|" pos="NNP" wid="13">Pio</w>
  <w id="14" lemma="|of|" pos="IN" wid="14">of</w>
  <w id="15" lemma="|Pietrelcina|" pos="NNP" wid="15">Pietrelcina</w>
  <w id="16" lemma="|have|" pos="VBZ" wid="16">has</w>
  <w id="17" lemma="|end|" pos="VBN" wid="17">ended</w>
  <w id="18" lemma="|in|" pos="IN" wid="18">in</w>
  <w id="19" lemma="|St|" pos="NNP" wid="19">St</w>
  <w id="20" lemma="|Peter|" pos="NNP" wid="20">Peter</w>
  <w id="21" lemma="|'s|" pos="POS" wid="21">'s</w>
  <w id="22" lemma="|Square|" pos="NNP" wid="22">Square</w>
  <w id="23" lemma="|.|" pos="." wid="23">.</w>
</sentence>
<sentence id="3">
  <w id="0" lemma="|I|" pos="PRP" wid="0">I</w>
  <w id="1" lemma="|be|" pos="VBP" wid="1">am</w>
  <w id="2" lemma="|now|" pos="RB" wid="2">now</w>
  <w id="3" lemma="|please|" pos="VBN" wid="3">pleased</w>
  <w id="4" lemma="|to|" pos="TO" wid="4">to</w>
  <w id="5" lemma="|be|" pos="VB" wid="5">be</w>
  <w id="6" lemma="|here|" pos="RB" wid="6">here</w>
  <w id="7" lemma="|with|" pos="IN" wid="7">with</w>
  <w id="8" lemma="|you|" pos="PRP" wid="8">you</w>
  <w id="9" lemma="|who|" pos="WP" wid="9">who</w>
  <w id="10" lemma="|have|" pos="VBP" wid="10">have</w>
  <w id="11" lemma="|come|" pos="VBN" wid="11">come</w>
  <w id="12" lemma="|from|" pos="IN" wid="12">from</w>
  <w id="13" lemma="|various|" pos="JJ" wid="13">various</w>
  <w id="14" lemma="|part|" pos="NNS" wid="14">parts</w>
  <w id="15" lemma="|of|" pos="IN" wid="15">of</w>
  <w id="16" lemma="|Italy|" pos="NNP" wid="16">Italy</w>
  <w id="17" lemma="|and|" pos="CC" wid="17">and</w>
  <w id="18" lemma="|the|" pos="DT" wid="18">the</w>
  <w id="19" lemma="|world|" pos="NN" wid="19">world</w>
  <w id="20" lemma="|to|" pos="TO" wid="20">to</w>
  <w id="21" lemma="|this|" pos="DT" wid="21">this</w>
  <w id="22" lemma="|Piazza|" pos="NNP" wid="22">Piazza</w>
  <w id="23" lemma="|San|" pos="NNP" wid="23">San</w>
  <w id="24" lemma="|Giovanni|" pos="NNP" wid="24">Giovanni</w>
  <w id="25" lemma="|in|" pos="IN" wid="25">in</w>
  <w id="26" lemma="|Laterano|" pos="NNP" wid="26">Laterano</w>
  <w id="27" lemma="|to|" pos="TO" wid="27">to</w>
  <w id="28" lemma="|pay|" pos="VB" wid="28">pay</w>
  <w id="29" lemma="|homage|" pos="NN" wid="29">homage</w>
  <w id="30" lemma="|to|" pos="TO" wid="30">to</w>
  <w id="31" lemma="|the|" pos="DT" wid="31">the</w>
  <w id="32" lemma="|new|" pos="JJ" wid="32">new</w>
  <w id="33" lemma="|bless|" pos="VBN" wid="33">blessed</w>
  <w id="34" lemma="|and|" pos="CC" wid="34">and</w>
  <w id="35" lemma="|to|" pos="TO" wid="35">to</w>
  <w id="36" lemma="|show|" pos="VB" wid="36">show</w>
  <w id="37" lemma="|he|" pos="PRP" wid="37">him</w>
  <w id="38" lemma="|you|" pos="PRP$" wid="38">your</w>
  <w id="39" lemma="|affection|" pos="NN" wid="39">affection</w>
  <w id="40" lemma="|.|" pos="." wid="40">.</w>
</sentence>
<sentence id="4">
  <w id="0" lemma="|together|" pos="RB" wid="0">Together</w>
  <w id="1" lemma="|with|" pos="IN" wid="1">with</w>
  <w id="2" lemma="|you|" pos="PRP" wid="2">you</w>
  <w id="3" lemma="|I|" pos="PRP" wid="3">I</w>
  <w id="4" lemma="|would|" pos="MD" wid="4">would</w>
  <w id="5" lemma="|like|" pos="VB" wid="5">like</w>
  <w id="6" lemma="|cordially|" pos="RB" wid="6">cordially</w>
  <w id="7" lemma="|to|" pos="TO" wid="7">to</w>
  <w id="8" lemma="|greet|" pos="VB" wid="8">greet</w>
  <w id="9" lemma="|the|" pos="DT" wid="9">the</w>
  <w id="10" lemma="|many|" pos="JJ" wid="10">many</w>
  <w id="11" lemma="|faithful|" pos="NN" wid="11">faithful</w>
  <w id="12" lemma="|who|" pos="WP" wid="12">who</w>
  <w id="13" lemma="|have|" pos="VBP" wid="13">have</w>
  <w id="14" lemma="|gather|" pos="VBN" wid="14">gathered</w>
  <w id="15" lemma="|in|" pos="IN" wid="15">in</w>
  <w id="16" lemma="|prayer|" pos="NN" wid="16">prayer</w>
  <w id="17" lemma="|at|" pos="IN" wid="17">at</w>
  <w id="18" lemma="|the|" pos="DT" wid="18">the</w>
  <w id="19" lemma="|friary|" pos="NN" wid="19">friary</w>
  <w id="20" lemma="|of|" pos="IN" wid="20">of</w>
  <w id="21" lemma="|the|" pos="DT" wid="21">the</w>
  <w id="22" lemma="|Capuchin|" pos="NNP" wid="22">Capuchin</w>
  <w id="23" lemma="|Friars|" pos="NNPS" wid="23">Friars</w>
  <w id="24" lemma="|in|" pos="IN" wid="24">in</w>
  <w id="25" lemma="|San|" pos="NNP" wid="25">San</w>
  <w id="26" lemma="|Giovanni|" pos="NNP" wid="26">Giovanni</w>
  <w id="27" lemma="|Rotondo|" pos="NNP" wid="27">Rotondo</w>
  <w id="28" lemma="|and|" pos="CC" wid="28">and</w>
  <w id="29" lemma="|those|" pos="DT" wid="29">those</w>
  <w id="30" lemma="|who|" pos="WP" wid="30">who</w>
  <w id="31" lemma="|be|" pos="VBP" wid="31">are</w>
  <w id="32" lemma="|follow|" pos="VBG" wid="32">following</w>
  <w id="33" lemma="|the|" pos="DT" wid="33">the</w>
  <w id="34" lemma="|beatification|" pos="NN" wid="34">beatification</w>
  <w id="35" lemma="|ceremony|" pos="NN" wid="35">ceremony</w>
  <w id="36" lemma="|on|" pos="IN" wid="36">on</w>
  <w id="37" lemma="|radio|" pos="NN" wid="37">radio</w>
  <w id="38" lemma="|and|" pos="CC" wid="38">and</w>
  <w id="39" lemma="|television|" pos="NN" wid="39">television</w>
  <w id="40" lemma="|.|" pos="." wid="40">.</w>
</sentence>
<sentence id="5">
  <w id="0" lemma="|this|" pos="DT" wid="0">This</w>
  <w id="1" lemma="|be|" pos="VBZ" wid="1">is</w>
  <w id="2" lemma="|a|" pos="DT" wid="2">a</w>
  <w id="3" lemma="|great|" pos="JJ" wid="3">great</w>
  <w id="4" lemma="|and|" pos="CC" wid="4">and</w>
  <w id="5" lemma="|moving|" pos="JJ" wid="5">moving</w>
  <w id="6" lemma="|display|" pos="NN" wid="6">display</w>
  <w id="7" lemma="|of|" pos="IN" wid="7">of</w>
  <w id="8" lemma="|faith|" pos="NN" wid="8">faith</w>
  <w id="9" lemma="|that|" pos="WDT" wid="9">that</w>
  <w id="10" lemma="|enable|" pos="VBZ" wid="10">enables</w>
  <w id="11" lemma="|we|" pos="PRP" wid="11">us</w>
  <w id="12" lemma="|to|" pos="TO" wid="12">to</w>
  <w id="13" lemma="|experience|" pos="VB" wid="13">experience</w>
  <w id="14" lemma="|concretely|" pos="RB" wid="14">concretely</w>
  <w id="15" lemma="|the|" pos="DT" wid="15">the</w>
  <w id="16" lemma="|reality|" pos="NN" wid="16">reality</w>
  <w id="17" lemma="|of|" pos="IN" wid="17">of</w>
  <w id="18" lemma="|the|" pos="DT" wid="18">the</w>
  <w id="19" lemma="|Church|" pos="NNP" wid="19">Church</w>
  <w id="20" lemma="|,|" pos="," wid="20">,</w>
  <w id="21" lemma="|the|" pos="DT" wid="21">the</w>
  <w id="22" lemma="|family|" pos="NN" wid="22">family</w>
  <w id="23" lemma="|of|" pos="IN" wid="23">of</w>
  <w id="24" lemma="|God|" pos="NNP" wid="24">God</w>
  <w id="25" lemma="|,|" pos="," wid="25">,</w>
  <w id="26" lemma="|which|" pos="WDT" wid="26">which</w>
  <w id="27" lemma="|rejoice|" pos="VBZ" wid="27">rejoices</w>
  <w id="28" lemma="|today|" pos="NN" wid="28">today</w>
  <w id="29" lemma="|in|" pos="IN" wid="29">in</w>
  <w id="30" lemma="|the|" pos="DT" wid="30">the</w>
  <w id="31" lemma="|holiness|" pos="NN" wid="31">holiness</w>
  <w id="32" lemma="|of|" pos="IN" wid="32">of</w>
  <w id="33" lemma="|one|" pos="CD" wid="33">one</w>
  <w id="34" lemma="|of|" pos="IN" wid="34">of</w>
  <w id="35" lemma="|she|" pos="PRP$" wid="35">her</w>
  <w id="36" lemma="|generous|" pos="JJ" wid="36">generous</w>
  <w id="37" lemma="|and|" pos="CC" wid="37">and</w>
  <w id="38" lemma="|faithful|" pos="JJ" wid="38">faithful</w>
  <w id="39" lemma="|child|" pos="NNS" wid="39">children</w>
  <w id="40" lemma="|.|" pos="." wid="40">.</w>
</sentence>
<sentence id="6">
  <w id="0" lemma="|by|" pos="IN" wid="0">By</w>
  <w id="1" lemma="|he|" pos="PRP$" wid="1">his</w>
  <w id="2" lemma="|teaching|" pos="NN" wid="2">teaching</w>
  <w id="3" lemma="|and|" pos="CC" wid="3">and</w>
  <w id="4" lemma="|example|" pos="NN" wid="4">example</w>
  <w id="5" lemma="|,|" pos="," wid="5">,</w>
  <w id="6" lemma="|Padre|" pos="NNP" wid="6">Padre</w>
  <w id="7" lemma="|Pio|" pos="NNP" wid="7">Pio</w>
  <w id="8" lemma="|invite|" pos="VBZ" wid="8">invites</w>
  <w id="9" lemma="|we|" pos="PRP" wid="9">us</w>
  <w id="10" lemma="|to|" pos="TO" wid="10">to</w>
  <w id="11" lemma="|pray|" pos="VB" wid="11">pray</w>
  <w id="12" lemma="|,|" pos="," wid="12">,</w>
  <w id="13" lemma="|to|" pos="TO" wid="13">to</w>
  <w id="14" lemma="|receive|" pos="VB" wid="14">receive</w>
  <w id="15" lemma="|divine|" pos="JJ" wid="15">divine</w>
  <w id="16" lemma="|mercy|" pos="NN" wid="16">mercy</w>
  <w id="17" lemma="|through|" pos="IN" wid="17">through</w>
  <w id="18" lemma="|the|" pos="DT" wid="18">the</w>
  <w id="19" lemma="|sacrament|" pos="NN" wid="19">sacrament</w>
  <w id="20" lemma="|of|" pos="IN" wid="20">of</w>
  <w id="21" lemma="|penance|" pos="NN" wid="21">Penance</w>
  <w id="22" lemma="|and|" pos="CC" wid="22">and</w>
  <w id="23" lemma="|to|" pos="TO" wid="23">to</w>
  <w id="24" lemma="|love|" pos="VB" wid="24">love</w>
  <w id="25" lemma="|we|" pos="PRP$" wid="25">our</w>
  <w id="26" lemma="|neighbour|" pos="NN" wid="26">neighbour</w>
  <w id="27" lemma="|.|" pos="." wid="27">.</w>
</sentence>
<sentence id="7">
  <w id="0" lemma="|he|" pos="PRP" wid="0">He</w>
  <w id="1" lemma="|invite|" pos="VBZ" wid="1">invites</w>
  <w id="2" lemma="|we|" pos="PRP" wid="2">us</w>
  <w id="3" lemma="|,|" pos="," wid="3">,</w>
  <w id="4" lemma="|in|" pos="IN" wid="4">in</w>
  <w id="5" lemma="|particular|" pos="JJ" wid="5">particular</w>
  <w id="6" lemma="|,|" pos="," wid="6">,</w>
  <w id="7" lemma="|to|" pos="TO" wid="7">to</w>
  <w id="8" lemma="|love|" pos="VB" wid="8">love</w>
  <w id="9" lemma="|and|" pos="CC" wid="9">and</w>
  <w id="10" lemma="|venerate|" pos="VB" wid="10">venerate</w>
  <w id="11" lemma="|the|" pos="DT" wid="11">the</w>
  <w id="12" lemma="|Virgin|" pos="NNP" wid="12">Virgin</w>
  <w id="13" lemma="|Mary|" pos="NNP" wid="13">Mary</w>
  <w id="14" lemma="|.|" pos="." wid="14">.</w>
</sentence>
<sentence id="8">
  <w id="0" lemma="|he|" pos="PRP$" wid="0">His</w>
  <w id="1" lemma="|devotion|" pos="NN" wid="1">devotion</w>
  <w id="2" lemma="|to|" pos="TO" wid="2">to</w>
  <w id="3" lemma="|Our|" pos="NNP" wid="3">Our</w>
  <w id="4" lemma="|Lady|" pos="NNP" wid="4">Lady</w>
  <w id="5" lemma="|be|" pos="VBD" wid="5">was</w>
  <w id="6" lemma="|apparent|" pos="JJ" wid="6">apparent</w>
  <w id="7" lemma="|in|" pos="IN" wid="7">in</w>
  <w id="8" lemma="|every|" pos="DT" wid="8">every</w>
  <w id="9" lemma="|aspect|" pos="NN" wid="9">aspect</w>
  <w id="10" lemma="|of|" pos="IN" wid="10">of</w>
  <w id="11" lemma="|he|" pos="PRP$" wid="11">his</w>
  <w id="12" lemma="|life|" pos="NN" wid="12">life</w>
  <w id="13" lemma="|:|" pos=":" wid="13">:</w>
  <w id="14" lemma="|in|" pos="IN" wid="14">in</w>
  <w id="15" lemma="|he|" pos="PRP$" wid="15">his</w>
  <w id="16" lemma="|word|" pos="NNS" wid="16">words</w>
  <w id="17" lemma="|and|" pos="CC" wid="17">and</w>
  <w id="18" lemma="|writings|" pos="NNS" wid="18">writings</w>
  <w id="19" lemma="|,|" pos="," wid="19">,</w>
  <w id="20" lemma="|in|" pos="IN" wid="20">in</w>
  <w id="21" lemma="|he|" pos="PRP$" wid="21">his</w>
  <w id="22" lemma="|teaching|" pos="NN" wid="22">teaching</w>
  <w id="23" lemma="|and|" pos="CC" wid="23">and</w>
  <w id="24" lemma="|in|" pos="IN" wid="24">in</w>
  <w id="25" lemma="|the|" pos="DT" wid="25">the</w>
  <w id="26" lemma="|advice|" pos="NN" wid="26">advice</w>
  <w id="27" lemma="|he|" pos="PRP" wid="27">he</w>
  <w id="28" lemma="|give|" pos="VBD" wid="28">gave</w>
  <w id="29" lemma="|to|" pos="TO" wid="29">to</w>
  <w id="30" lemma="|he|" pos="PRP$" wid="30">his</w>
  <w id="31" lemma="|many|" pos="JJ" wid="31">many</w>
  <w id="32" lemma="|spiritual|" pos="JJ" wid="32">spiritual</w>
  <w id="33" lemma="|child|" pos="NNS" wid="33">children</w>
  <w id="34" lemma="|.|" pos="." wid="34">.</w>
</sentence>
<sentence id="9">
  <w id="0" lemma="|a|" pos="DT" wid="0">A</w>
  <w id="1" lemma="|true|" pos="JJ" wid="1">true</w>
  <w id="2" lemma="|son|" pos="NN" wid="2">son</w>
  <w id="3" lemma="|of|" pos="IN" wid="3">of</w>
  <w id="4" lemma="|St|" pos="NNP" wid="4">St</w>
  <w id="5" lemma="|Francis|" pos="NNP" wid="5">Francis</w>
  <w id="6" lemma="|of|" pos="IN" wid="6">of</w>
  <w id="7" lemma="|Assisi|" pos="NNP" wid="7">Assisi</w>
  <w id="8" lemma="|,|" pos="," wid="8">,</w>
  <w id="9" lemma="|from|" pos="IN" wid="9">from</w>
  <w id="10" lemma="|whom|" pos="WP" wid="10">whom</w>
  <w id="11" lemma="|he|" pos="PRP" wid="11">he</w>
  <w id="12" lemma="|learn|" pos="VBD" wid="12">learned</w>
  <w id="13" lemma="|to|" pos="TO" wid="13">to</w>
  <w id="14" lemma="|call|" pos="VB" wid="14">call</w>
  <w id="15" lemma="|upon|" pos="IN" wid="15">upon</w>
  <w id="16" lemma="|Mary|" pos="NNP" wid="16">Mary</w>
  <w id="17" lemma="|with|" pos="IN" wid="17">with</w>
  <w id="18" lemma="|splendid|" pos="JJ" wid="18">splendid</w>
  <w id="19" lemma="|expression|" pos="NNS" wid="19">expressions</w>
  <w id="20" lemma="|of|" pos="IN" wid="20">of</w>
  <w id="21" lemma="|praise|" pos="NN" wid="21">praise</w>
  <w id="22" lemma="|and|" pos="CC" wid="22">and</w>
  <w id="23" lemma="|love|" pos="NN" wid="23">love</w>
  <w id="24" lemma="|-lrb-|" pos="-LRB-" wid="24">-LRB-</w>
  <w id="25" lemma="|cf|" pos="NN" wid="25">cf</w>
  <w id="26" lemma="|.|" pos="." wid="26">.</w>
</sentence>
<sentence id="10">
  <w id="0" lemma="|``|" pos="``" wid="0">``</w>
  <w id="1" lemma="|greet|" pos="VBG" wid="1">Greeting</w>
  <w id="2" lemma="|to|" pos="TO" wid="2">to</w>
  <w id="3" lemma="|the|" pos="DT" wid="3">the</w>
  <w id="4" lemma="|Virgin|" pos="NNP" wid="4">Virgin</w>
  <w id="5" lemma="|''|" pos="''" wid="5">''</w>
  <w id="6" lemma="|,|" pos="," wid="6">,</w>
  <w id="7" lemma="|in|" pos="IN" wid="7">in</w>
  <w id="8" lemma="|Fonti|" pos="NNP" wid="8">Fonti</w>
  <w id="9" lemma="|Francescane|" pos="NNP" wid="9">Francescane</w>
  <w id="10" lemma="|,|" pos="," wid="10">,</w>
  <w id="11" lemma="|59|" pos="CD" wid="11">59</w>
  <w id="12" lemma="|-rrb-|" pos="-RRB-" wid="12">-RRB-</w>
  <w id="13" lemma="|,|" pos="," wid="13">,</w>
  <w id="14" lemma="|the|" pos="DT" wid="14">the</w>
  <w id="15" lemma="|new|" pos="JJ" wid="15">new</w>
  <w id="16" lemma="|bless|" pos="VBD" wid="16">blessed</w>
  <w id="17" lemma="|never|" pos="RB" wid="17">never</w>
  <w id="18" lemma="|tire|" pos="VBN" wid="18">tired</w>
  <w id="19" lemma="|of|" pos="IN" wid="19">of</w>
  <w id="20" lemma="|teach|" pos="VBG" wid="20">teaching</w>
  <w id="21" lemma="|the|" pos="DT" wid="21">the</w>
  <w id="22" lemma="|faithful|" pos="NN" wid="22">faithful</w>
  <w id="23" lemma="|a|" pos="DT" wid="23">a</w>
  <w id="24" lemma="|tender|" pos="NN" wid="24">tender</w>
  <w id="25" lemma="|and|" pos="CC" wid="25">and</w>
  <w id="26" lemma="|profound|" pos="JJ" wid="26">profound</w>
  <w id="27" lemma="|devotion|" pos="NN" wid="27">devotion</w>
  <w id="28" lemma="|to|" pos="TO" wid="28">to</w>
  <w id="29" lemma="|we|" pos="PRP$" wid="29">Our</w>
  <w id="30" lemma="|lady|" pos="NN" wid="30">Lady</w>
  <w id="31" lemma="|that|" pos="WDT" wid="31">that</w>
  <w id="32" lemma="|be|" pos="VBD" wid="32">was</w>
  <w id="33" lemma="|root|" pos="VBN" wid="33">rooted</w>
  <w id="34" lemma="|in|" pos="IN" wid="34">in</w>
  <w id="35" lemma="|the|" pos="DT" wid="35">the</w>
  <w id="36" lemma="|Church|" pos="NNP" wid="36">Church</w>
  <w id="37" lemma="|'s|" pos="POS" wid="37">'s</w>
  <w id="38" lemma="|authentic|" pos="JJ" wid="38">authentic</w>
  <w id="39" lemma="|tradition|" pos="NN" wid="39">tradition</w>
  <w id="40" lemma="|.|" pos="." wid="40">.</w>
</sentence>
<sentence id="11">
  <w id="0" lemma="|in|" pos="IN" wid="0">In</w>
  <w id="1" lemma="|the|" pos="DT" wid="1">the</w>
  <w id="2" lemma="|privacy|" pos="NN" wid="2">privacy</w>
  <w id="3" lemma="|of|" pos="IN" wid="3">of</w>
  <w id="4" lemma="|the|" pos="DT" wid="4">the</w>
  <w id="5" lemma="|confessional|" pos="NN" wid="5">confessional</w>
  <w id="6" lemma="|,|" pos="," wid="6">,</w>
  <w id="7" lemma="|as|" pos="IN" wid="7">as</w>
  <w id="8" lemma="|in|" pos="IN" wid="8">in</w>
  <w id="9" lemma="|he|" pos="PRP$" wid="9">his</w>
  <w id="10" lemma="|preaching|" pos="NN" wid="10">preaching</w>
  <w id="11" lemma="|,|" pos="," wid="11">,</w>
  <w id="12" lemma="|he|" pos="PRP" wid="12">he</w>
  <w id="13" lemma="|continually|" pos="RB" wid="13">continually</w>
  <w id="14" lemma="|urge|" pos="VBD" wid="14">urged</w>
  <w id="15" lemma="|the|" pos="DT" wid="15">the</w>
  <w id="16" lemma="|faithful|" pos="NN" wid="16">faithful</w>
  <w id="17" lemma="|:|" pos=":" wid="17">:</w>
  <w id="18" lemma="|love|" pos="VB" wid="18">love</w>
  <w id="19" lemma="|we|" pos="PRP$" wid="19">Our</w>
  <w id="20" lemma="|lady|" pos="NN" wid="20">Lady</w>
  <w id="21" lemma="|!|" pos="." wid="21">!</w>
</sentence>
<sentence id="12">
  <w id="0" lemma="|at|" pos="IN" wid="0">At</w>
  <w id="1" lemma="|the|" pos="DT" wid="1">the</w>
  <w id="2" lemma="|end|" pos="NN" wid="2">end</w>
  <w id="3" lemma="|of|" pos="IN" wid="3">of</w>
  <w id="4" lemma="|he|" pos="PRP$" wid="4">his</w>
  <w id="5" lemma="|earthly|" pos="JJ" wid="5">earthly</w>
  <w id="6" lemma="|life|" pos="NN" wid="6">life</w>
  <w id="7" lemma="|,|" pos="," wid="7">,</w>
  <w id="8" lemma="|when|" pos="WRB" wid="8">when</w>
  <w id="9" lemma="|the|" pos="DT" wid="9">the</w>
  <w id="10" lemma="|time|" pos="NN" wid="10">time</w>
  <w id="11" lemma="|come|" pos="VBD" wid="11">came</w>
  <w id="12" lemma="|to|" pos="TO" wid="12">to</w>
  <w id="13" lemma="|express|" pos="VB" wid="13">express</w>
  <w id="14" lemma="|he|" pos="PRP$" wid="14">his</w>
  <w id="15" lemma="|last|" pos="JJ" wid="15">last</w>
  <w id="16" lemma="|wish|" pos="NNS" wid="16">wishes</w>
  <w id="17" lemma="|,|" pos="," wid="17">,</w>
  <w id="18" lemma="|he|" pos="PRP" wid="18">he</w>
  <w id="19" lemma="|turn|" pos="VBD" wid="19">turned</w>
  <w id="20" lemma="|he|" pos="PRP$" wid="20">his</w>
  <w id="21" lemma="|thought|" pos="NNS" wid="21">thoughts</w>
  <w id="22" lemma="|,|" pos="," wid="22">,</w>
  <w id="23" lemma="|as|" pos="IN" wid="23">as</w>
  <w id="24" lemma="|he|" pos="PRP" wid="24">he</w>
  <w id="25" lemma="|have|" pos="VBD" wid="25">had</w>
  <w id="26" lemma="|do|" pos="VBN" wid="26">done</w>
  <w id="27" lemma="|throughout|" pos="IN" wid="27">throughout</w>
  <w id="28" lemma="|he|" pos="PRP$" wid="28">his</w>
  <w id="29" lemma="|life|" pos="NN" wid="29">life</w>
  <w id="30" lemma="|,|" pos="," wid="30">,</w>
  <w id="31" lemma="|to|" pos="TO" wid="31">to</w>
  <w id="32" lemma="|Blessed|" pos="NNP" wid="32">Blessed</w>
  <w id="33" lemma="|Mary|" pos="NNP" wid="33">Mary</w>
  <w id="34" lemma="|:|" pos=":" wid="34">:</w>
  <w id="35" lemma="|``|" pos="``" wid="35">``</w>
  <w id="36" lemma="|Love|" pos="NNP" wid="36">Love</w>
  <w id="37" lemma="|Our|" pos="NNP" wid="37">Our</w>
  <w id="38" lemma="|Lady|" pos="NNP" wid="38">Lady</w>
  <w id="39" lemma="|and|" pos="CC" wid="39">and</w>
  <w id="40" lemma="|help|" pos="VB" wid="40">help</w>
  <w id="41" lemma="|other|" pos="NNS" wid="41">others</w>
  <w id="42" lemma="|to|" pos="TO" wid="42">to</w>
  <w id="43" lemma="|love|" pos="VB" wid="43">love</w>
  <w id="44" lemma="|she|" pos="PRP" wid="44">her</w>
  <w id="45" lemma="|.|" pos="." wid="45">.</w>
</sentence>
<sentence id="13">
  <w id="0" lemma="|always|" pos="RB" wid="0">Always</w>
  <w id="1" lemma="|recite|" pos="VB" wid="1">recite</w>
  <w id="2" lemma="|the|" pos="DT" wid="2">the</w>
  <w id="3" lemma="|Rosary|" pos="NNP" wid="3">Rosary</w>
  <w id="4" lemma="|''|" pos="''" wid="4">''</w>
  <w id="5" lemma="|.|" pos="." wid="5">.</w>
</sentence>
<sentence id="14">
  <w id="0" lemma="|2|" pos="CD" wid="0">2</w>
  <w id="1" lemma="|.|" pos="." wid="1">.</w>
</sentence>
<sentence id="15">
  <w id="0" lemma="|with|" pos="IN" wid="0">With</w>
  <w id="1" lemma="|deep|" pos="JJ" wid="1">deep</w>
  <w id="2" lemma="|sorrow|" pos="NN" wid="2">sorrow</w>
  <w id="3" lemma="|and|" pos="CC" wid="3">and</w>
  <w id="4" lemma="|concern|" pos="NN" wid="4">concern</w>
  <w id="5" lemma="|my|" pos="PRP$" wid="5">my</w>
  <w id="6" lemma="|thought|" pos="NNS" wid="6">thoughts</w>
  <w id="7" lemma="|turn|" pos="VBP" wid="7">turn</w>
  <w id="8" lemma="|again|" pos="RB" wid="8">again</w>
  <w id="9" lemma="|today|" pos="NN" wid="9">today</w>
  <w id="10" lemma="|to|" pos="TO" wid="10">to</w>
  <w id="11" lemma="|nearby|" pos="JJ" wid="11">nearby</w>
  <w id="12" lemma="|Yugoslavia|" pos="NNP" wid="12">Yugoslavia</w>
  <w id="13" lemma="|,|" pos="," wid="13">,</w>
  <w id="14" lemma="|and|" pos="CC" wid="14">and</w>
  <w id="15" lemma="|my|" pos="PRP$" wid="15">my</w>
  <w id="16" lemma="|affection|" pos="NN" wid="16">affection</w>
  <w id="17" lemma="|embrace|" pos="VBZ" wid="17">embraces</w>
  <w id="18" lemma="|everyone|" pos="NN" wid="18">everyone</w>
  <w id="19" lemma="|there|" pos="EX" wid="19">there</w>
  <w id="20" lemma="|who|" pos="WP" wid="20">who</w>
  <w id="21" lemma="|be|" pos="VBZ" wid="21">is</w>
  <w id="22" lemma="|weep|" pos="VBG" wid="22">weeping</w>
  <w id="23" lemma="|,|" pos="," wid="23">,</w>
  <w id="24" lemma="|suffer|" pos="VBG" wid="24">suffering</w>
  <w id="25" lemma="|and|" pos="CC" wid="25">and</w>
  <w id="26" lemma="|die|" pos="VBG" wid="26">dying</w>
  <w id="27" lemma="|.|" pos="." wid="27">.</w>
</sentence>
<sentence id="16">
  <w id="0" lemma="|once|" pos="RB" wid="0">Once</w>
  <w id="1" lemma="|again|" pos="RB" wid="1">again</w>
  <w id="2" lemma="|I|" pos="PRP" wid="2">I</w>
  <w id="3" lemma="|raise|" pos="VBP" wid="3">raise</w>
  <w id="4" lemma="|my|" pos="PRP$" wid="4">my</w>
  <w id="5" lemma="|voice|" pos="NN" wid="5">voice</w>
  <w id="6" lemma="|to|" pos="TO" wid="6">to</w>
  <w id="7" lemma="|beg|" pos="VB" wid="7">beg</w>
  <w id="8" lemma="|--|" pos=":" wid="8">--</w>
  <w id="9" lemma="|in|" pos="IN" wid="9">in</w>
  <w id="10" lemma="|the|" pos="DT" wid="10">the</w>
  <w id="11" lemma="|name|" pos="NN" wid="11">name</w>
  <w id="12" lemma="|of|" pos="IN" wid="12">of</w>
  <w id="13" lemma="|God|" pos="NNP" wid="13">God</w>
  <w id="14" lemma="|--|" pos=":" wid="14">--</w>
  <w id="15" lemma="|that|" pos="IN" wid="15">that</w>
  <w id="16" lemma="|that|" pos="DT" wid="16">that</w>
  <w id="17" lemma="|oppression|" pos="NN" wid="17">oppression</w>
  <w id="18" lemma="|of|" pos="IN" wid="18">of</w>
  <w id="19" lemma="|man|" pos="NN" wid="19">man</w>
  <w id="20" lemma="|by|" pos="IN" wid="20">by</w>
  <w id="21" lemma="|man|" pos="NN" wid="21">man</w>
  <w id="22" lemma="|may|" pos="MD" wid="22">may</w>
  <w id="23" lemma="|cease|" pos="VB" wid="23">cease</w>
  <w id="24" lemma="|,|" pos="," wid="24">,</w>
  <w id="25" lemma="|that|" pos="IN" wid="25">that</w>
  <w id="26" lemma="|the|" pos="DT" wid="26">the</w>
  <w id="27" lemma="|tool|" pos="NNS" wid="27">tools</w>
  <w id="28" lemma="|of|" pos="IN" wid="28">of</w>
  <w id="29" lemma="|destruction|" pos="NN" wid="29">destruction</w>
  <w id="30" lemma="|and|" pos="CC" wid="30">and</w>
  <w id="31" lemma="|death|" pos="NN" wid="31">death</w>
  <w id="32" lemma="|be|" pos="VB" wid="32">be</w>
  <w id="33" lemma="|stop|" pos="VBN" wid="33">stopped</w>
  <w id="34" lemma="|and|" pos="CC" wid="34">and</w>
  <w id="35" lemma="|that|" pos="IN" wid="35">that</w>
  <w id="36" lemma="|every|" pos="DT" wid="36">every</w>
  <w id="37" lemma="|possible|" pos="JJ" wid="37">possible</w>
  <w id="38" lemma="|channel|" pos="NN" wid="38">channel</w>
  <w id="39" lemma="|be|" pos="VB" wid="39">be</w>
  <w id="40" lemma="|open|" pos="VBN" wid="40">opened</w>
  <w id="41" lemma="|for|" pos="IN" wid="41">for</w>
  <w id="42" lemma="|aid|" pos="VBG" wid="42">aiding</w>
  <w id="43" lemma="|those|" pos="DT" wid="43">those</w>
  <w id="44" lemma="|who|" pos="WP" wid="44">who</w>
  <w id="45" lemma="|have|" pos="VBP" wid="45">have</w>
  <w id="46" lemma="|be|" pos="VBN" wid="46">been</w>
  <w id="47" lemma="|force|" pos="VBN" wid="47">forced</w>
  <w id="48" lemma="|to|" pos="TO" wid="48">to</w>
  <w id="49" lemma="|leave|" pos="VB" wid="49">leave</w>
  <w id="50" lemma="|they|" pos="PRP$" wid="50">their</w>
  <w id="51" lemma="|land|" pos="NNS" wid="51">lands</w>
  <w id="52" lemma="|amid|" pos="IN" wid="52">amid</w>
  <w id="53" lemma="|unspeakable|" pos="JJ" wid="53">unspeakable</w>
  <w id="54" lemma="|atrocity|" pos="NNS" wid="54">atrocities</w>
  <w id="55" lemma="|.|" pos="." wid="55">.</w>
</sentence>
<sentence id="17">
  <w id="0" lemma="|May|" pos="NNP" wid="0">May</w>
  <w id="1" lemma="|dialogue|" pos="NN" wid="1">dialogue</w>
  <w id="2" lemma="|be|" pos="VB" wid="2">be</w>
  <w id="3" lemma="|resume|" pos="VBN" wid="3">resumed</w>
  <w id="4" lemma="|,|" pos="," wid="4">,</w>
  <w id="5" lemma="|with|" pos="IN" wid="5">with</w>
  <w id="6" lemma="|that|" pos="DT" wid="6">that</w>
  <w id="7" lemma="|intelligence|" pos="NN" wid="7">intelligence</w>
  <w id="8" lemma="|and|" pos="CC" wid="8">and</w>
  <w id="9" lemma="|creativity|" pos="NN" wid="9">creativity</w>
  <w id="10" lemma="|which|" pos="WDT" wid="10">which</w>
  <w id="11" lemma="|God|" pos="NNP" wid="11">God</w>
  <w id="12" lemma="|have|" pos="VBZ" wid="12">has</w>
  <w id="13" lemma="|give|" pos="VBN" wid="13">given</w>
  <w id="14" lemma="|man|" pos="NN" wid="14">man</w>
  <w id="15" lemma="|to|" pos="TO" wid="15">to</w>
  <w id="16" lemma="|resolve|" pos="VB" wid="16">resolve</w>
  <w id="17" lemma="|tension|" pos="NNS" wid="17">tensions</w>
  <w id="18" lemma="|and|" pos="CC" wid="18">and</w>
  <w id="19" lemma="|conflict|" pos="NNS" wid="19">conflicts</w>
  <w id="20" lemma="|and|" pos="CC" wid="20">and</w>
  <w id="21" lemma="|to|" pos="TO" wid="21">to</w>
  <w id="22" lemma="|build|" pos="VB" wid="22">build</w>
  <w id="23" lemma="|a|" pos="DT" wid="23">a</w>
  <w id="24" lemma="|society|" pos="NN" wid="24">society</w>
  <w id="25" lemma="|base|" pos="VBN" wid="25">based</w>
  <w id="26" lemma="|on|" pos="IN" wid="26">on</w>
  <w id="27" lemma="|proper|" pos="JJ" wid="27">proper</w>
  <w id="28" lemma="|respect|" pos="NN" wid="28">respect</w>
  <w id="29" lemma="|for|" pos="IN" wid="29">for</w>
  <w id="30" lemma="|every|" pos="DT" wid="30">every</w>
  <w id="31" lemma="|human|" pos="JJ" wid="31">human</w>
  <w id="32" lemma="|being|" pos="NN" wid="32">being</w>
  <w id="33" lemma="|.|" pos="." wid="33">.</w>
</sentence>
<sentence id="18">
  <w id="0" lemma="|with|" pos="IN" wid="0">With</w>
  <w id="1" lemma="|all|" pos="DT" wid="1">all</w>
  <w id="2" lemma="|my|" pos="PRP$" wid="2">my</w>
  <w id="3" lemma="|strength|" pos="NN" wid="3">strength</w>
  <w id="4" lemma="|I|" pos="PRP" wid="4">I</w>
  <w id="5" lemma="|invite|" pos="VBP" wid="5">invite</w>
  <w id="6" lemma="|you|" pos="PRP" wid="6">you</w>
  <w id="7" lemma="|,|" pos="," wid="7">,</w>
  <w id="8" lemma="|brother|" pos="NNS" wid="8">brothers</w>
  <w id="9" lemma="|and|" pos="CC" wid="9">and</w>
  <w id="10" lemma="|sister|" pos="NNS" wid="10">sisters</w>
  <w id="11" lemma="|,|" pos="," wid="11">,</w>
  <w id="12" lemma="|to|" pos="TO" wid="12">to</w>
  <w id="13" lemma="|pray|" pos="VB" wid="13">pray</w>
  <w id="14" lemma="|intensely|" pos="RB" wid="14">intensely</w>
  <w id="15" lemma="|throughout|" pos="IN" wid="15">throughout</w>
  <w id="16" lemma="|this|" pos="DT" wid="16">this</w>
  <w id="17" lemma="|month|" pos="NN" wid="17">month</w>
  <w id="18" lemma="|of|" pos="IN" wid="18">of</w>
  <w id="19" lemma="|May|" pos="NNP" wid="19">May</w>
  <w id="20" lemma="|,|" pos="," wid="20">,</w>
  <w id="21" lemma="|implore|" pos="VBG" wid="21">imploring</w>
  <w id="22" lemma="|Our|" pos="NNP" wid="22">Our</w>
  <w id="23" lemma="|Lady|" pos="NNP" wid="23">Lady</w>
  <w id="24" lemma="|for|" pos="IN" wid="24">for</w>
  <w id="25" lemma="|the|" pos="DT" wid="25">the</w>
  <w id="26" lemma="|gift|" pos="NN" wid="26">gift</w>
  <w id="27" lemma="|of|" pos="IN" wid="27">of</w>
  <w id="28" lemma="|peace|" pos="NN" wid="28">peace</w>
  <w id="29" lemma="|in|" pos="IN" wid="29">in</w>
  <w id="30" lemma="|the|" pos="DT" wid="30">the</w>
  <w id="31" lemma="|Balkans|" pos="NNPS" wid="31">Balkans</w>
  <w id="32" lemma="|and|" pos="CC" wid="32">and</w>
  <w id="33" lemma="|in|" pos="IN" wid="33">in</w>
  <w id="34" lemma="|the|" pos="DT" wid="34">the</w>
  <w id="35" lemma="|all|" pos="RB" wid="35">all</w>
  <w id="36" lemma="|too|" pos="RB" wid="36">too</w>
  <w id="37" lemma="|many|" pos="JJ" wid="37">many</w>
  <w id="38" lemma="|place|" pos="NNS" wid="38">places</w>
  <w id="39" lemma="|in|" pos="IN" wid="39">in</w>
  <w id="40" lemma="|the|" pos="DT" wid="40">the</w>
  <w id="41" lemma="|world|" pos="NN" wid="41">world</w>
  <w id="42" lemma="|where|" pos="WRB" wid="42">where</w>
  <w id="43" lemma="|violence|" pos="NN" wid="43">violence</w>
  <w id="44" lemma="|reign|" pos="VBZ" wid="44">reigns</w>
  <w id="45" lemma="|,|" pos="," wid="45">,</w>
  <w id="46" lemma="|foment|" pos="VBN" wid="46">fomented</w>
  <w id="47" lemma="|by|" pos="IN" wid="47">by</w>
  <w id="48" lemma="|prejudice|" pos="NN" wid="48">prejudice</w>
  <w id="49" lemma="|and|" pos="CC" wid="49">and</w>
  <w id="50" lemma="|hatred|" pos="NN" wid="50">hatred</w>
  <w id="51" lemma="|towards|" pos="IN" wid="51">towards</w>
  <w id="52" lemma="|those|" pos="DT" wid="52">those</w>
  <w id="53" lemma="|who|" pos="WP" wid="53">who</w>
  <w id="54" lemma="|have|" pos="VBP" wid="54">have</w>
  <w id="55" lemma="|different|" pos="JJ" wid="55">different</w>
  <w id="56" lemma="|ethnic|" pos="JJ" wid="56">ethnic</w>
  <w id="57" lemma="|orgin|" pos="NNS" wid="57">orgins</w>
  <w id="58" lemma="|,|" pos="," wid="58">,</w>
  <w id="59" lemma="|religious|" pos="JJ" wid="59">religious</w>
  <w id="60" lemma="|conviction|" pos="NNS" wid="60">convictions</w>
  <w id="61" lemma="|and|" pos="CC" wid="61">and</w>
  <w id="62" lemma="|political|" pos="JJ" wid="62">political</w>
  <w id="63" lemma="|idea|" pos="NNS" wid="63">ideas</w>
  <w id="64" lemma="|.|" pos="." wid="64">.</w>
</sentence>
<sentence id="19">
  <w id="0" lemma="|in|" pos="IN" wid="0">In</w>
  <w id="1" lemma="|addition|" pos="NN" wid="1">addition</w>
  <w id="2" lemma="|to|" pos="TO" wid="2">to</w>
  <w id="3" lemma="|the|" pos="DT" wid="3">the</w>
  <w id="4" lemma="|Balkans|" pos="NNPS" wid="4">Balkans</w>
  <w id="5" lemma="|,|" pos="," wid="5">,</w>
  <w id="6" lemma="|my|" pos="PRP$" wid="6">my</w>
  <w id="7" lemma="|thought|" pos="NNS" wid="7">thoughts</w>
  <w id="8" lemma="|turn|" pos="VBP" wid="8">turn</w>
  <w id="9" lemma="|to|" pos="TO" wid="9">to</w>
  <w id="10" lemma="|Africa|" pos="NNP" wid="10">Africa</w>
  <w id="11" lemma="|,|" pos="," wid="11">,</w>
  <w id="12" lemma="|the|" pos="DT" wid="12">the</w>
  <w id="13" lemma="|continent|" pos="NN" wid="13">continent</w>
  <w id="14" lemma="|now|" pos="RB" wid="14">now</w>
  <w id="15" lemma="|drench|" pos="VBN" wid="15">drenched</w>
  <w id="16" lemma="|in|" pos="IN" wid="16">in</w>
  <w id="17" lemma="|blood|" pos="NN" wid="17">blood</w>
  <w id="18" lemma="|by|" pos="IN" wid="18">by</w>
  <w id="19" lemma="|the|" pos="DT" wid="19">the</w>
  <w id="20" lemma="|greatest|" pos="JJS" wid="20">greatest</w>
  <w id="21" lemma="|number|" pos="NN" wid="21">number</w>
  <w id="22" lemma="|of|" pos="IN" wid="22">of</w>
  <w id="23" lemma="|war|" pos="NNS" wid="23">wars</w>
  <w id="24" lemma="|:|" pos=":" wid="24">:</w>
  <w id="25" lemma="|power|" pos="NN" wid="25">power</w>
  <w id="26" lemma="|struggle|" pos="NNS" wid="26">struggles</w>
  <w id="27" lemma="|,|" pos="," wid="27">,</w>
  <w id="28" lemma="|ethnic|" pos="JJ" wid="28">ethnic</w>
  <w id="29" lemma="|conflict|" pos="NNS" wid="29">conflicts</w>
  <w id="30" lemma="|and|" pos="CC" wid="30">and</w>
  <w id="31" lemma="|indifference|" pos="NN" wid="31">indifference</w>
  <w id="32" lemma="|to|" pos="TO" wid="32">to</w>
  <w id="33" lemma="|other|" pos="NNS" wid="33">others</w>
  <w id="34" lemma="|be|" pos="VBP" wid="34">are</w>
  <w id="35" lemma="|slowly|" pos="RB" wid="35">slowly</w>
  <w id="36" lemma="|choke|" pos="VBG" wid="36">choking</w>
  <w id="37" lemma="|it|" pos="PRP" wid="37">it</w>
  <w id="38" lemma="|.|" pos="." wid="38">.</w>
</sentence>
<sentence id="20">
  <w id="0" lemma="|during|" pos="IN" wid="0">During</w>
  <w id="1" lemma="|this|" pos="DT" wid="1">this</w>
  <w id="2" lemma="|month|" pos="NN" wid="2">month</w>
  <w id="3" lemma="|of|" pos="IN" wid="3">of</w>
  <w id="4" lemma="|May|" pos="NNP" wid="4">May</w>
  <w id="5" lemma="|may|" pos="MD" wid="5">may</w>
  <w id="6" lemma="|prayer|" pos="NNS" wid="6">prayers</w>
  <w id="7" lemma="|be|" pos="VB" wid="7">be</w>
  <w id="8" lemma="|organize|" pos="VBN" wid="8">organized</w>
  <w id="9" lemma="|in|" pos="IN" wid="9">in</w>
  <w id="10" lemma="|every|" pos="DT" wid="10">every</w>
  <w id="11" lemma="|Diocese|" pos="NNP" wid="11">Diocese</w>
  <w id="12" lemma="|to|" pos="TO" wid="12">to</w>
  <w id="13" lemma="|implore|" pos="VB" wid="13">implore</w>
  <w id="14" lemma="|the|" pos="DT" wid="14">the</w>
  <w id="15" lemma="|Blessed|" pos="NNP" wid="15">Blessed</w>
  <w id="16" lemma="|Virgin|" pos="NNP" wid="16">Virgin</w>
  <w id="17" lemma="|,|" pos="," wid="17">,</w>
  <w id="18" lemma="|Queen|" pos="NNP" wid="18">Queen</w>
  <w id="19" lemma="|of|" pos="IN" wid="19">of</w>
  <w id="20" lemma="|Peace|" pos="NNP" wid="20">Peace</w>
  <w id="21" lemma="|,|" pos="," wid="21">,</w>
  <w id="22" lemma="|with|" pos="IN" wid="22">with</w>
  <w id="23" lemma="|one|" pos="CD" wid="23">one</w>
  <w id="24" lemma="|voice|" pos="NN" wid="24">voice</w>
  <w id="25" lemma="|in|" pos="IN" wid="25">in</w>
  <w id="26" lemma="|the|" pos="DT" wid="26">the</w>
  <w id="27" lemma="|Church|" pos="NNP" wid="27">Church</w>
  <w id="28" lemma="|so|" pos="IN" wid="28">so</w>
  <w id="29" lemma="|that|" pos="DT" wid="29">that</w>
  <w id="30" lemma="|in|" pos="IN" wid="30">in</w>
  <w id="31" lemma="|the|" pos="DT" wid="31">the</w>
  <w id="32" lemma="|Balkans|" pos="NNP" wid="32">Balkans</w>
  <w id="33" lemma="|,|" pos="," wid="33">,</w>
  <w id="34" lemma="|on|" pos="IN" wid="34">on</w>
  <w id="35" lemma="|the|" pos="DT" wid="35">the</w>
  <w id="36" lemma="|african|" pos="JJ" wid="36">African</w>
  <w id="37" lemma="|continent|" pos="NN" wid="37">continent</w>
  <w id="38" lemma="|and|" pos="CC" wid="38">and</w>
  <w id="39" lemma="|in|" pos="IN" wid="39">in</w>
  <w id="40" lemma="|every|" pos="DT" wid="40">every</w>
  <w id="41" lemma="|part|" pos="NN" wid="41">part</w>
  <w id="42" lemma="|of|" pos="IN" wid="42">of</w>
  <w id="43" lemma="|the|" pos="DT" wid="43">the</w>
  <w id="44" lemma="|world|" pos="NN" wid="44">world</w>
  <w id="45" lemma="|peacemaker|" pos="NNS" wid="45">peacemakers</w>
  <w id="46" lemma="|may|" pos="MD" wid="46">may</w>
  <w id="47" lemma="|burgeon|" pos="VB" wid="47">burgeon</w>
  <w id="48" lemma="|who|" pos="WP" wid="48">who</w>
  <w id="49" lemma="|will|" pos="MD" wid="49">will</w>
  <w id="50" lemma="|forget|" pos="VB" wid="50">forget</w>
  <w id="51" lemma="|they|" pos="PRP$" wid="51">their</w>
  <w id="52" lemma="|own|" pos="JJ" wid="52">own</w>
  <w id="53" lemma="|interest|" pos="NNS" wid="53">interests</w>
  <w id="54" lemma="|and|" pos="CC" wid="54">and</w>
  <w id="55" lemma="|be|" pos="VB" wid="55">be</w>
  <w id="56" lemma="|willing|" pos="JJ" wid="56">willing</w>
  <w id="57" lemma="|to|" pos="TO" wid="57">to</w>
  <w id="58" lemma="|work|" pos="VB" wid="58">work</w>
  <w id="59" lemma="|for|" pos="IN" wid="59">for</w>
  <w id="60" lemma="|the|" pos="DT" wid="60">the</w>
  <w id="61" lemma="|common|" pos="JJ" wid="61">common</w>
  <w id="62" lemma="|good|" pos="NN" wid="62">good</w>
  <w id="63" lemma="|.|" pos="." wid="63">.</w>
</sentence>
<sentence id="21">
  <w id="0" lemma="|May|" pos="NNP" wid="0">May</w>
  <w id="1" lemma="|Padre|" pos="NNP" wid="1">Padre</w>
  <w id="2" lemma="|Pio|" pos="NNP" wid="2">Pio</w>
  <w id="3" lemma="|,|" pos="," wid="3">,</w>
  <w id="4" lemma="|a|" pos="DT" wid="4">a</w>
  <w id="5" lemma="|most|" pos="RBS" wid="5">most</w>
  <w id="6" lemma="|loving|" pos="JJ" wid="6">loving</w>
  <w id="7" lemma="|son|" pos="NN" wid="7">son</w>
  <w id="8" lemma="|of|" pos="IN" wid="8">of</w>
  <w id="9" lemma="|the|" pos="DT" wid="9">the</w>
  <w id="10" lemma="|``|" pos="``" wid="10">``</w>
  <w id="11" lemma="|Queen|" pos="NNP" wid="11">Queen</w>
  <w id="12" lemma="|of|" pos="IN" wid="12">of</w>
  <w id="13" lemma="|Heaven|" pos="NNP" wid="13">Heaven</w>
  <w id="14" lemma="|''|" pos="''" wid="14">''</w>
  <w id="15" lemma="|,|" pos="," wid="15">,</w>
  <w id="16" lemma="|intercede|" pos="VB" wid="16">intercede</w>
  <w id="17" lemma="|for|" pos="IN" wid="17">for</w>
  <w id="18" lemma="|we|" pos="PRP" wid="18">us</w>
  <w id="19" lemma="|and|" pos="CC" wid="19">and</w>
  <w id="20" lemma="|for|" pos="IN" wid="20">for</w>
  <w id="21" lemma="|all|" pos="DT" wid="21">all</w>
  <w id="22" lemma="|,|" pos="," wid="22">,</w>
  <w id="23" lemma="|so|" pos="IN" wid="23">so</w>
  <w id="24" lemma="|that|" pos="IN" wid="24">that</w>
  <w id="25" lemma="|sentiment|" pos="NNS" wid="25">sentiments</w>
  <w id="26" lemma="|of|" pos="IN" wid="26">of</w>
  <w id="27" lemma="|forgiveness|" pos="NN" wid="27">forgiveness</w>
  <w id="28" lemma="|,|" pos="," wid="28">,</w>
  <w id="29" lemma="|reconciliation|" pos="NN" wid="29">reconciliation</w>
  <w id="30" lemma="|and|" pos="CC" wid="30">and</w>
  <w id="31" lemma="|peace|" pos="NN" wid="31">peace</w>
  <w id="32" lemma="|may|" pos="MD" wid="32">may</w>
  <w id="33" lemma="|flow|" pos="VB" wid="33">flow</w>
  <w id="34" lemma="|from|" pos="IN" wid="34">from</w>
  <w id="35" lemma="|human|" pos="JJ" wid="35">human</w>
  <w id="36" lemma="|heart|" pos="NNS" wid="36">hearts</w>
  <w id="37" lemma="|at|" pos="IN" wid="37">at</w>
  <w id="38" lemma="|the|" pos="DT" wid="38">the</w>
  <w id="39" lemma="|end|" pos="NN" wid="39">end</w>
  <w id="40" lemma="|of|" pos="IN" wid="40">of</w>
  <w id="41" lemma="|this|" pos="DT" wid="41">this</w>
  <w id="42" lemma="|millennium|" pos="JJ" wid="42">millennium</w>
  <w id="43" lemma="|and|" pos="CC" wid="43">and</w>
  <w id="44" lemma="|the|" pos="DT" wid="44">the</w>
  <w id="45" lemma="|beginning|" pos="NN" wid="45">beginning</w>
  <w id="46" lemma="|of|" pos="IN" wid="46">of</w>
  <w id="47" lemma="|the|" pos="DT" wid="47">the</w>
  <w id="48" lemma="|new|" pos="JJ" wid="48">new</w>
  <w id="49" lemma="|,|" pos="," wid="49">,</w>
  <w id="50" lemma="|third|" pos="JJ" wid="50">third</w>
  <w id="51" lemma="|millennium|" pos="JJ" wid="51">millennium</w>
  <w id="52" lemma="|,|" pos="," wid="52">,</w>
  <w id="53" lemma="|for|" pos="IN" wid="53">for</w>
  <w id="54" lemma="|which|" pos="WDT" wid="54">which</w>
  <w id="55" lemma="|we|" pos="PRP" wid="55">we</w>
  <w id="56" lemma="|be|" pos="VBP" wid="56">are</w>
  <w id="57" lemma="|prepare|" pos="VBG" wid="57">preparing</w>
  <w id="58" lemma="|.|" pos="." wid="58">.</w>
</sentence>
</corpus>