<corpus id="0">
<sentence id="0">
  <w id="0" lemma="|Dear|" pos="NNP" wid="0">Dear</w>
  <w id="1" lemma="|Brothers|" pos="NNPS" wid="1">Brothers</w>
  <w id="2" lemma="|and|" pos="CC" wid="2">and</w>
  <w id="3" lemma="|sister|" pos="NNS" wid="3">Sisters</w>
  <w id="4" lemma="|!|" pos="." wid="4">!</w>
</sentence>
<sentence id="1">
  <w id="0" lemma="|1|" pos="CD" wid="0">1</w>
  <w id="1" lemma="|.|" pos="." wid="1">.</w>
</sentence>
<sentence id="2">
  <w id="0" lemma="|we|" pos="PRP" wid="0">We</w>
  <w id="1" lemma="|have|" pos="VBP" wid="1">have</w>
  <w id="2" lemma="|reach|" pos="VBN" wid="2">reached</w>
  <w id="3" lemma="|the|" pos="DT" wid="3">the</w>
  <w id="4" lemma="|heart|" pos="NN" wid="4">heart</w>
  <w id="5" lemma="|of|" pos="IN" wid="5">of</w>
  <w id="6" lemma="|the|" pos="DT" wid="6">the</w>
  <w id="7" lemma="|great|" pos="JJ" wid="7">Great</w>
  <w id="8" lemma="|jubilee|" pos="NN" wid="8">Jubilee</w>
  <w id="9" lemma="|of|" pos="IN" wid="9">of</w>
  <w id="10" lemma="|the|" pos="DT" wid="10">the</w>
  <w id="11" lemma="|Year|" pos="NNP" wid="11">Year</w>
  <w id="12" lemma="|2000|" pos="CD" wid="12">2000</w>
  <w id="13" lemma="|.|" pos="." wid="13">.</w>
</sentence>
<sentence id="3">
  <w id="0" lemma="|in|" pos="IN" wid="0">In</w>
  <w id="1" lemma="|the|" pos="DT" wid="1">the</w>
  <w id="2" lemma="|day|" pos="NNS" wid="2">days</w>
  <w id="3" lemma="|ahead|" pos="RB" wid="3">ahead</w>
  <w id="4" lemma="|we|" pos="PRP" wid="4">we</w>
  <w id="5" lemma="|will|" pos="MD" wid="5">will</w>
  <w id="6" lemma="|observe|" pos="VB" wid="6">observe</w>
  <w id="7" lemma="|several|" pos="JJ" wid="7">several</w>
  <w id="8" lemma="|of|" pos="IN" wid="8">of</w>
  <w id="9" lemma="|its|" pos="PRP$" wid="9">its</w>
  <w id="10" lemma="|peak|" pos="NN" wid="10">peak</w>
  <w id="11" lemma="|moment|" pos="NNS" wid="11">moments</w>
  <w id="12" lemma="|with|" pos="IN" wid="12">with</w>
  <w id="13" lemma="|the|" pos="DT" wid="13">the</w>
  <w id="14" lemma="|liturgy|" pos="NN" wid="14">liturgy</w>
  <w id="15" lemma="|.|" pos="." wid="15">.</w>
</sentence>
<sentence id="4">
  <w id="0" lemma="|they|" pos="PRP" wid="0">They</w>
  <w id="1" lemma="|disclose|" pos="VBP" wid="1">disclose</w>
  <w id="2" lemma="|the|" pos="DT" wid="2">the</w>
  <w id="3" lemma="|profound|" pos="JJ" wid="3">profound</w>
  <w id="4" lemma="|meaning|" pos="NN" wid="4">meaning</w>
  <w id="5" lemma="|of|" pos="IN" wid="5">of</w>
  <w id="6" lemma="|the|" pos="DT" wid="6">the</w>
  <w id="7" lemma="|Jubilee|" pos="NNP" wid="7">Jubilee</w>
  <w id="8" lemma="|event|" pos="NN" wid="8">event</w>
  <w id="9" lemma="|.|" pos="." wid="9">.</w>
</sentence>
<sentence id="5">
  <w id="0" lemma="|in|" pos="IN" wid="0">In</w>
  <w id="1" lemma="|the|" pos="DT" wid="1">the</w>
  <w id="2" lemma="|space|" pos="NN" wid="2">space</w>
  <w id="3" lemma="|of|" pos="IN" wid="3">of</w>
  <w id="4" lemma="|a|" pos="DT" wid="4">a</w>
  <w id="5" lemma="|week|" pos="NN" wid="5">week</w>
  <w id="6" lemma="|we|" pos="PRP" wid="6">we</w>
  <w id="7" lemma="|be|" pos="VBP" wid="7">are</w>
  <w id="8" lemma="|celebrate|" pos="VBG" wid="8">celebrating</w>
  <w id="9" lemma="|two|" pos="CD" wid="9">two</w>
  <w id="10" lemma="|solemnity|" pos="NNS" wid="10">solemnities</w>
  <w id="11" lemma="|-|" pos=":" wid="11">-</w>
  <w id="12" lemma="|the|" pos="DT" wid="12">the</w>
  <w id="13" lemma="|Holy|" pos="NNP" wid="13">Holy</w>
  <w id="14" lemma="|Trinity|" pos="NNP" wid="14">Trinity</w>
  <w id="15" lemma="|and|" pos="CC" wid="15">and</w>
  <w id="16" lemma="|Corpus|" pos="NNP" wid="16">Corpus</w>
  <w id="17" lemma="|Christi|" pos="NNP" wid="17">Christi</w>
  <w id="18" lemma="|-|" pos=":" wid="18">-</w>
  <w id="19" lemma="|that|" pos="WDT" wid="19">that</w>
  <w id="20" lemma="|fully|" pos="RB" wid="20">fully</w>
  <w id="21" lemma="|manifest|" pos="VBP" wid="21">manifest</w>
  <w id="22" lemma="|the|" pos="DT" wid="22">the</w>
  <w id="23" lemma="|nature|" pos="NN" wid="23">nature</w>
  <w id="24" lemma="|of|" pos="IN" wid="24">of</w>
  <w id="25" lemma="|this|" pos="DT" wid="25">this</w>
  <w id="26" lemma="|Holy|" pos="NNP" wid="26">Holy</w>
  <w id="27" lemma="|Year|" pos="NNP" wid="27">Year</w>
  <w id="28" lemma="|,|" pos="," wid="28">,</w>
  <w id="29" lemma="|which|" pos="WDT" wid="29">which</w>
  <w id="30" lemma="|be|" pos="VBZ" wid="30">is</w>
  <w id="31" lemma="|both|" pos="DT" wid="31">both</w>
  <w id="32" lemma="|Trinitarian|" pos="NNP" wid="32">Trinitarian</w>
  <w id="33" lemma="|and|" pos="CC" wid="33">and</w>
  <w id="34" lemma="|Eucharistic|" pos="NNP" wid="34">Eucharistic</w>
  <w id="35" lemma="|.|" pos="." wid="35">.</w>
</sentence>
<sentence id="6">
  <w id="0" lemma="|prepare|" pos="VBN" wid="0">Prepared</w>
  <w id="1" lemma="|by|" pos="IN" wid="1">by</w>
  <w id="2" lemma="|three|" pos="CD" wid="2">three</w>
  <w id="3" lemma="|year|" pos="NNS" wid="3">years</w>
  <w id="4" lemma="|of|" pos="IN" wid="4">of</w>
  <w id="5" lemma="|reflection|" pos="NN" wid="5">reflection</w>
  <w id="6" lemma="|on|" pos="IN" wid="6">on</w>
  <w id="7" lemma="|Christ|" pos="NNP" wid="7">Christ</w>
  <w id="8" lemma="|,|" pos="," wid="8">,</w>
  <w id="9" lemma="|the|" pos="DT" wid="9">the</w>
  <w id="10" lemma="|spirit|" pos="NN" wid="10">Spirit</w>
  <w id="11" lemma="|and|" pos="CC" wid="11">and</w>
  <w id="12" lemma="|the|" pos="DT" wid="12">the</w>
  <w id="13" lemma="|Father|" pos="NNP" wid="13">Father</w>
  <w id="14" lemma="|,|" pos="," wid="14">,</w>
  <w id="15" lemma="|the|" pos="DT" wid="15">the</w>
  <w id="16" lemma="|Jubilee|" pos="NNP" wid="16">Jubilee</w>
  <w id="17" lemma="|'s|" pos="POS" wid="17">'s</w>
  <w id="18" lemma="|aim|" pos="NN" wid="18">aim</w>
  <w id="19" lemma="|be|" pos="VBZ" wid="19">is</w>
  <w id="20" lemma="|to|" pos="TO" wid="20">to</w>
  <w id="21" lemma="|give|" pos="VB" wid="21">give</w>
  <w id="22" lemma="|thanks|" pos="NNS" wid="22">thanks</w>
  <w id="23" lemma="|and|" pos="CC" wid="23">and</w>
  <w id="24" lemma="|praise|" pos="NN" wid="24">praise</w>
  <w id="25" lemma="|to|" pos="TO" wid="25">to</w>
  <w id="26" lemma="|the|" pos="DT" wid="26">the</w>
  <w id="27" lemma="|divine|" pos="JJ" wid="27">divine</w>
  <w id="28" lemma="|Trinity|" pos="NNP" wid="28">Trinity</w>
  <w id="29" lemma="|,|" pos="," wid="29">,</w>
  <w id="30" lemma="|from|" pos="IN" wid="30">from</w>
  <w id="31" lemma="|whom|" pos="WP" wid="31">whom</w>
  <w id="32" lemma="|everything|" pos="NN" wid="32">everything</w>
  <w id="33" lemma="|in|" pos="IN" wid="33">in</w>
  <w id="34" lemma="|the|" pos="DT" wid="34">the</w>
  <w id="35" lemma="|world|" pos="NN" wid="35">world</w>
  <w id="36" lemma="|and|" pos="CC" wid="36">and</w>
  <w id="37" lemma="|in|" pos="IN" wid="37">in</w>
  <w id="38" lemma="|history|" pos="NN" wid="38">history</w>
  <w id="39" lemma="|come|" pos="VBZ" wid="39">comes</w>
  <w id="40" lemma="|and|" pos="CC" wid="40">and</w>
  <w id="41" lemma="|to|" pos="TO" wid="41">to</w>
  <w id="42" lemma="|whom|" pos="WP" wid="42">whom</w>
  <w id="43" lemma="|everything|" pos="NN" wid="43">everything</w>
  <w id="44" lemma="|return|" pos="NNS" wid="44">returns</w>
  <w id="45" lemma="|-lrb-|" pos="-LRB-" wid="45">-LRB-</w>
  <w id="46" lemma="|cf|" pos="NN" wid="46">cf</w>
  <w id="47" lemma="|.|" pos="." wid="47">.</w>
</sentence>
<sentence id="7">
  <w id="0" lemma="|tertio|" pos="FW" wid="0">Tertio</w>
  <w id="1" lemma="|millennio|" pos="FW" wid="1">millennio</w>
  <w id="2" lemma="|adveniente|" pos="NN" wid="2">adveniente</w>
  <w id="3" lemma="|,|" pos="," wid="3">,</w>
  <w id="4" lemma="|n.|" pos="NN" wid="4">n.</w>
  <w id="5" lemma="|55|" pos="CD" wid="5">55</w>
  <w id="6" lemma="|-rrb-|" pos="-RRB-" wid="6">-RRB-</w>
  <w id="7" lemma="|.|" pos="." wid="7">.</w>
</sentence>
<sentence id="8">
  <w id="0" lemma="|but|" pos="CC" wid="0">But</w>
  <w id="1" lemma="|there|" pos="EX" wid="1">there</w>
  <w id="2" lemma="|be|" pos="VBZ" wid="2">is</w>
  <w id="3" lemma="|only|" pos="RB" wid="3">only</w>
  <w id="4" lemma="|one|" pos="CD" wid="4">one</w>
  <w id="5" lemma="|``|" pos="``" wid="5">``</w>
  <w id="6" lemma="|way|" pos="NN" wid="6">way</w>
  <w id="7" lemma="|''|" pos="''" wid="7">''</w>
  <w id="8" lemma="|,|" pos="," wid="8">,</w>
  <w id="9" lemma="|one|" pos="CD" wid="9">one</w>
  <w id="10" lemma="|``|" pos="``" wid="10">``</w>
  <w id="11" lemma="|door|" pos="NN" wid="11">door</w>
  <w id="12" lemma="|''|" pos="''" wid="12">''</w>
  <w id="13" lemma="|to|" pos="TO" wid="13">to</w>
  <w id="14" lemma="|the|" pos="DT" wid="14">the</w>
  <w id="15" lemma="|mystery|" pos="NN" wid="15">mystery</w>
  <w id="16" lemma="|of|" pos="IN" wid="16">of</w>
  <w id="17" lemma="|God|" pos="NNP" wid="17">God</w>
  <w id="18" lemma="|'s|" pos="POS" wid="18">'s</w>
  <w id="19" lemma="|Love|" pos="NNP" wid="19">Love</w>
  <w id="20" lemma="|:|" pos=":" wid="20">:</w>
  <w id="21" lemma="|Jesus|" pos="NNP" wid="21">Jesus</w>
  <w id="22" lemma="|,|" pos="," wid="22">,</w>
  <w id="23" lemma="|who|" pos="WP" wid="23">who</w>
  <w id="24" lemma="|be|" pos="VBD" wid="24">was</w>
  <w id="25" lemma="|bear|" pos="VBN" wid="25">born</w>
  <w id="26" lemma="|,|" pos="," wid="26">,</w>
  <w id="27" lemma="|die|" pos="VBD" wid="27">died</w>
  <w id="28" lemma="|and|" pos="CC" wid="28">and</w>
  <w id="29" lemma="|rise|" pos="VBD" wid="29">rose</w>
  <w id="30" lemma="|again|" pos="RB" wid="30">again</w>
  <w id="31" lemma="|to|" pos="TO" wid="31">to</w>
  <w id="32" lemma="|give|" pos="VB" wid="32">give</w>
  <w id="33" lemma="|life|" pos="NN" wid="33">life</w>
  <w id="34" lemma="|to|" pos="TO" wid="34">to</w>
  <w id="35" lemma="|every|" pos="DT" wid="35">every</w>
  <w id="36" lemma="|person|" pos="NN" wid="36">person</w>
  <w id="37" lemma="|.|" pos="." wid="37">.</w>
</sentence>
<sentence id="9">
  <w id="0" lemma="|before|" pos="IN" wid="0">Before</w>
  <w id="1" lemma="|die|" pos="VBG" wid="1">dying</w>
  <w id="2" lemma="|on|" pos="IN" wid="2">on</w>
  <w id="3" lemma="|the|" pos="DT" wid="3">the</w>
  <w id="4" lemma="|Cross|" pos="NNP" wid="4">Cross</w>
  <w id="5" lemma="|as|" pos="IN" wid="5">as</w>
  <w id="6" lemma="|a|" pos="DT" wid="6">a</w>
  <w id="7" lemma="|victim|" pos="NN" wid="7">victim</w>
  <w id="8" lemma="|of|" pos="IN" wid="8">of</w>
  <w id="9" lemma="|expiation|" pos="NN" wid="9">expiation</w>
  <w id="10" lemma="|for|" pos="IN" wid="10">for</w>
  <w id="11" lemma="|we|" pos="PRP$" wid="11">our</w>
  <w id="12" lemma="|sin|" pos="NNS" wid="12">sins</w>
  <w id="13" lemma="|,|" pos="," wid="13">,</w>
  <w id="14" lemma="|he|" pos="PRP" wid="14">he</w>
  <w id="15" lemma="|leave|" pos="VBD" wid="15">left</w>
  <w id="16" lemma="|to|" pos="TO" wid="16">to</w>
  <w id="17" lemma="|the|" pos="DT" wid="17">the</w>
  <w id="18" lemma="|Church|" pos="NNP" wid="18">Church</w>
  <w id="19" lemma="|the|" pos="DT" wid="19">the</w>
  <w id="20" lemma="|memorial|" pos="NN" wid="20">memorial</w>
  <w id="21" lemma="|of|" pos="IN" wid="21">of</w>
  <w id="22" lemma="|he|" pos="PRP$" wid="22">his</w>
  <w id="23" lemma="|redeeming|" pos="JJ" wid="23">redeeming</w>
  <w id="24" lemma="|sacrifice|" pos="NN" wid="24">sacrifice</w>
  <w id="25" lemma="|:|" pos=":" wid="25">:</w>
  <w id="26" lemma="|the|" pos="DT" wid="26">the</w>
  <w id="27" lemma="|sacrament|" pos="NN" wid="27">sacrament</w>
  <w id="28" lemma="|of|" pos="IN" wid="28">of</w>
  <w id="29" lemma="|the|" pos="DT" wid="29">the</w>
  <w id="30" lemma="|eucharist|" pos="NN" wid="30">Eucharist</w>
  <w id="31" lemma="|.|" pos="." wid="31">.</w>
</sentence>
<sentence id="10">
  <w id="0" lemma="|therefore|" pos="RB" wid="0">Therefore</w>
  <w id="1" lemma="|,|" pos="," wid="1">,</w>
  <w id="2" lemma="|the|" pos="DT" wid="2">the</w>
  <w id="3" lemma="|year|" pos="NN" wid="3">Year</w>
  <w id="4" lemma="|2000|" pos="CD" wid="4">2000</w>
  <w id="5" lemma="|can|" pos="MD" wid="5">can</w>
  <w id="6" lemma="|not|" pos="RB" wid="6">not</w>
  <w id="7" lemma="|fail|" pos="VB" wid="7">fail</w>
  <w id="8" lemma="|to|" pos="TO" wid="8">to</w>
  <w id="9" lemma="|be|" pos="VB" wid="9">be</w>
  <w id="10" lemma="|``|" pos="``" wid="10">``</w>
  <w id="11" lemma="|intensely|" pos="RB" wid="11">intensely</w>
  <w id="12" lemma="|eucharistic|" pos="JJ" wid="12">Eucharistic</w>
  <w id="13" lemma="|''|" pos="''" wid="13">''</w>
  <w id="14" lemma="|-lrb-|" pos="-LRB-" wid="14">-LRB-</w>
  <w id="15" lemma="|ibid|" pos="NN" wid="15">ibid</w>
  <w id="16" lemma="|.|" pos="." wid="16">.</w>
  <w id="17" lemma="|-rrb-|" pos="-RRB-" wid="17">-RRB-</w>
</sentence>
<sentence id="11">
  <w id="0" lemma="|,|" pos="," wid="0">,</w>
  <w id="1" lemma="|and|" pos="CC" wid="1">and</w>
  <w id="2" lemma="|Rome|" pos="NNP" wid="2">Rome</w>
  <w id="3" lemma="|be|" pos="VBZ" wid="3">is</w>
  <w id="4" lemma="|thus|" pos="RB" wid="4">thus</w>
  <w id="5" lemma="|host|" pos="VBG" wid="5">hosting</w>
  <w id="6" lemma="|the|" pos="DT" wid="6">the</w>
  <w id="7" lemma="|International|" pos="NNP" wid="7">International</w>
  <w id="8" lemma="|Eucharistic|" pos="NNP" wid="8">Eucharistic</w>
  <w id="9" lemma="|Congress|" pos="NNP" wid="9">Congress</w>
  <w id="10" lemma="|,|" pos="," wid="10">,</w>
  <w id="11" lemma="|which|" pos="WDT" wid="11">which</w>
  <w id="12" lemma="|will|" pos="MD" wid="12">will</w>
  <w id="13" lemma="|begin|" pos="VB" wid="13">begin</w>
  <w id="14" lemma="|precisely|" pos="RB" wid="14">precisely</w>
  <w id="15" lemma="|this|" pos="DT" wid="15">this</w>
  <w id="16" lemma="|evening|" pos="NN" wid="16">evening</w>
  <w id="17" lemma="|.|" pos="." wid="17">.</w>
</sentence>
<sentence id="12">
  <w id="0" lemma="|2|" pos="CD" wid="0">2</w>
  <w id="1" lemma="|.|" pos="." wid="1">.</w>
</sentence>
<sentence id="13">
  <w id="0" lemma="|``|" pos="``" wid="0">``</w>
  <w id="1" lemma="|in|" pos="IN" wid="1">In</w>
  <w id="2" lemma="|the|" pos="DT" wid="2">the</w>
  <w id="3" lemma="|sacrament|" pos="NN" wid="3">sacrament</w>
  <w id="4" lemma="|of|" pos="IN" wid="4">of</w>
  <w id="5" lemma="|the|" pos="DT" wid="5">the</w>
  <w id="6" lemma="|Eucharist|" pos="NNP" wid="6">Eucharist</w>
  <w id="7" lemma="|the|" pos="DT" wid="7">the</w>
  <w id="8" lemma="|Saviour|" pos="NNP" wid="8">Saviour</w>
  <w id="9" lemma="|,|" pos="," wid="9">,</w>
  <w id="10" lemma="|who|" pos="WP" wid="10">who</w>
  <w id="11" lemma="|take|" pos="VBD" wid="11">took</w>
  <w id="12" lemma="|flesh|" pos="NN" wid="12">flesh</w>
  <w id="13" lemma="|in|" pos="IN" wid="13">in</w>
  <w id="14" lemma="|Mary|" pos="NNP" wid="14">Mary</w>
  <w id="15" lemma="|'s|" pos="POS" wid="15">'s</w>
  <w id="16" lemma="|womb|" pos="NN" wid="16">womb</w>
  <w id="17" lemma="|20|" pos="CD" wid="17">20</w>
  <w id="18" lemma="|century|" pos="NNS" wid="18">centuries</w>
  <w id="19" lemma="|ago|" pos="RB" wid="19">ago</w>
  <w id="20" lemma="|,|" pos="," wid="20">,</w>
  <w id="21" lemma="|continue|" pos="VBZ" wid="21">continues</w>
  <w id="22" lemma="|to|" pos="TO" wid="22">to</w>
  <w id="23" lemma="|offer|" pos="VB" wid="23">offer</w>
  <w id="24" lemma="|himself|" pos="PRP" wid="24">himself</w>
  <w id="25" lemma="|to|" pos="TO" wid="25">to</w>
  <w id="26" lemma="|humanity|" pos="NN" wid="26">humanity</w>
  <w id="27" lemma="|as|" pos="IN" wid="27">as</w>
  <w id="28" lemma="|the|" pos="DT" wid="28">the</w>
  <w id="29" lemma="|source|" pos="NN" wid="29">source</w>
  <w id="30" lemma="|of|" pos="IN" wid="30">of</w>
  <w id="31" lemma="|divine|" pos="JJ" wid="31">divine</w>
  <w id="32" lemma="|life|" pos="NN" wid="32">life</w>
  <w id="33" lemma="|''|" pos="''" wid="33">''</w>
  <w id="34" lemma="|-lrb-|" pos="-LRB-" wid="34">-LRB-</w>
  <w id="35" lemma="|ibid|" pos="NN" wid="35">ibid</w>
  <w id="36" lemma="|.|" pos="." wid="36">.</w>
  <w id="37" lemma="|-rrb-|" pos="-RRB-" wid="37">-RRB-</w>
  <w id="38" lemma="|.|" pos="." wid="38">.</w>
</sentence>
<sentence id="14">
  <w id="0" lemma="|this|" pos="DT" wid="0">This</w>
  <w id="1" lemma="|be|" pos="VBZ" wid="1">is</w>
  <w id="2" lemma="|the|" pos="DT" wid="2">the</w>
  <w id="3" lemma="|sense|" pos="NN" wid="3">sense</w>
  <w id="4" lemma="|of|" pos="IN" wid="4">of</w>
  <w id="5" lemma="|the|" pos="DT" wid="5">the</w>
  <w id="6" lemma="|theme|" pos="NN" wid="6">theme</w>
  <w id="7" lemma="|choose|" pos="VBN" wid="7">chosen</w>
  <w id="8" lemma="|for|" pos="IN" wid="8">for</w>
  <w id="9" lemma="|the|" pos="DT" wid="9">the</w>
  <w id="10" lemma="|Eucharistic|" pos="NNP" wid="10">Eucharistic</w>
  <w id="11" lemma="|Congress|" pos="NNP" wid="11">Congress</w>
  <w id="12" lemma="|of|" pos="IN" wid="12">of</w>
  <w id="13" lemma="|the|" pos="DT" wid="13">the</w>
  <w id="14" lemma="|Year|" pos="NNP" wid="14">Year</w>
  <w id="15" lemma="|2000|" pos="CD" wid="15">2000</w>
  <w id="16" lemma="|:|" pos=":" wid="16">:</w>
  <w id="17" lemma="|''|" pos="''" wid="17">''</w>
  <w id="18" lemma="|Jesus|" pos="NNP" wid="18">Jesus</w>
  <w id="19" lemma="|Christ|" pos="NNP" wid="19">Christ</w>
  <w id="20" lemma="|,|" pos="," wid="20">,</w>
  <w id="21" lemma="|the|" pos="DT" wid="21">the</w>
  <w id="22" lemma="|only|" pos="JJ" wid="22">Only</w>
  <w id="23" lemma="|saviour|" pos="NN" wid="23">Saviour</w>
  <w id="24" lemma="|of|" pos="IN" wid="24">of</w>
  <w id="25" lemma="|the|" pos="DT" wid="25">the</w>
  <w id="26" lemma="|World|" pos="NNP" wid="26">World</w>
  <w id="27" lemma="|,|" pos="," wid="27">,</w>
  <w id="28" lemma="|Bread|" pos="NNP" wid="28">Bread</w>
  <w id="29" lemma="|for|" pos="IN" wid="29">for</w>
  <w id="30" lemma="|New|" pos="NNP" wid="30">New</w>
  <w id="31" lemma="|Life|" pos="NNP" wid="31">Life</w>
  <w id="32" lemma="|''|" pos="''" wid="32">''</w>
  <w id="33" lemma="|.|" pos="." wid="33">.</w>
</sentence>
<sentence id="15">
  <w id="0" lemma="|this|" pos="DT" wid="0">This</w>
  <w id="1" lemma="|evening|" pos="NN" wid="1">evening</w>
  <w id="2" lemma="|I|" pos="PRP" wid="2">I</w>
  <w id="3" lemma="|will|" pos="MD" wid="3">will</w>
  <w id="4" lemma="|solemnly|" pos="RB" wid="4">solemnly</w>
  <w id="5" lemma="|open|" pos="VB" wid="5">open</w>
  <w id="6" lemma="|the|" pos="DT" wid="6">the</w>
  <w id="7" lemma="|Congress|" pos="NNP" wid="7">Congress</w>
  <w id="8" lemma="|with|" pos="IN" wid="8">with</w>
  <w id="9" lemma="|the|" pos="DT" wid="9">the</w>
  <w id="10" lemma="|celebration|" pos="NN" wid="10">celebration</w>
  <w id="11" lemma="|of|" pos="IN" wid="11">of</w>
  <w id="12" lemma="|Vespers|" pos="NNP" wid="12">Vespers</w>
  <w id="13" lemma="|in|" pos="IN" wid="13">in</w>
  <w id="14" lemma="|St|" pos="NNP" wid="14">St</w>
  <w id="15" lemma="|Peter|" pos="NNP" wid="15">Peter</w>
  <w id="16" lemma="|'s|" pos="POS" wid="16">'s</w>
  <w id="17" lemma="|Square|" pos="NNP" wid="17">Square</w>
  <w id="18" lemma="|.|" pos="." wid="18">.</w>
</sentence>
<sentence id="16">
  <w id="0" lemma="|the|" pos="DT" wid="0">The</w>
  <w id="1" lemma="|week|" pos="NN" wid="1">week</w>
  <w id="2" lemma="|will|" pos="MD" wid="2">will</w>
  <w id="3" lemma="|be|" pos="VB" wid="3">be</w>
  <w id="4" lemma="|fill|" pos="VBN" wid="4">filled</w>
  <w id="5" lemma="|with|" pos="IN" wid="5">with</w>
  <w id="6" lemma="|moment|" pos="NNS" wid="6">moments</w>
  <w id="7" lemma="|of|" pos="IN" wid="7">of</w>
  <w id="8" lemma="|prayer|" pos="NN" wid="8">prayer</w>
  <w id="9" lemma="|,|" pos="," wid="9">,</w>
  <w id="10" lemma="|art|" pos="NN" wid="10">art</w>
  <w id="11" lemma="|and|" pos="CC" wid="11">and</w>
  <w id="12" lemma="|celebration|" pos="NN" wid="12">celebration</w>
  <w id="13" lemma="|.|" pos="." wid="13">.</w>
</sentence>
<sentence id="17">
  <w id="0" lemma="|among|" pos="IN" wid="0">Among</w>
  <w id="1" lemma="|the|" pos="DT" wid="1">the</w>
  <w id="2" lemma="|many|" pos="JJ" wid="2">many</w>
  <w id="3" lemma="|event|" pos="NNS" wid="3">events</w>
  <w id="4" lemma="|,|" pos="," wid="4">,</w>
  <w id="5" lemma="|I|" pos="PRP" wid="5">I</w>
  <w id="6" lemma="|mention|" pos="VBP" wid="6">mention</w>
  <w id="7" lemma="|in|" pos="IN" wid="7">in</w>
  <w id="8" lemma="|particular|" pos="JJ" wid="8">particular</w>
  <w id="9" lemma="|the|" pos="DT" wid="9">the</w>
  <w id="10" lemma="|conference|" pos="NN" wid="10">conference</w>
  <w id="11" lemma="|on|" pos="IN" wid="11">on</w>
  <w id="12" lemma="|``|" pos="``" wid="12">``</w>
  <w id="13" lemma="|the|" pos="DT" wid="13">The</w>
  <w id="14" lemma="|eucharist|" pos="NN" wid="14">Eucharist</w>
  <w id="15" lemma="|and|" pos="CC" wid="15">and</w>
  <w id="16" lemma="|the|" pos="DT" wid="16">the</w>
  <w id="17" lemma="|Face|" pos="NNP" wid="17">Face</w>
  <w id="18" lemma="|of|" pos="IN" wid="18">of</w>
  <w id="19" lemma="|Christ|" pos="NNP" wid="19">Christ</w>
  <w id="20" lemma="|''|" pos="''" wid="20">''</w>
  <w id="21" lemma="|and|" pos="CC" wid="21">and</w>
  <w id="22" lemma="|the|" pos="DT" wid="22">the</w>
  <w id="23" lemma="|jubilee|" pos="NN" wid="23">Jubilee</w>
  <w id="24" lemma="|of|" pos="IN" wid="24">of</w>
  <w id="25" lemma="|italian|" pos="JJ" wid="25">Italian</w>
  <w id="26" lemma="|catechist|" pos="NNS" wid="26">catechists</w>
  <w id="27" lemma="|.|" pos="." wid="27">.</w>
</sentence>
<sentence id="18">
  <w id="0" lemma="|next|" pos="JJ" wid="0">Next</w>
  <w id="1" lemma="|Thursday|" pos="NNP" wid="1">Thursday</w>
  <w id="2" lemma="|we|" pos="PRP" wid="2">we</w>
  <w id="3" lemma="|will|" pos="MD" wid="3">will</w>
  <w id="4" lemma="|celebrate|" pos="VB" wid="4">celebrate</w>
  <w id="5" lemma="|the|" pos="DT" wid="5">the</w>
  <w id="6" lemma="|solemnity|" pos="NN" wid="6">Solemnity</w>
  <w id="7" lemma="|of|" pos="IN" wid="7">of</w>
  <w id="8" lemma="|the|" pos="DT" wid="8">the</w>
  <w id="9" lemma="|Body|" pos="NNP" wid="9">Body</w>
  <w id="10" lemma="|and|" pos="CC" wid="10">and</w>
  <w id="11" lemma="|Blood|" pos="NNP" wid="11">Blood</w>
  <w id="12" lemma="|of|" pos="IN" wid="12">of</w>
  <w id="13" lemma="|the|" pos="DT" wid="13">the</w>
  <w id="14" lemma="|Lord|" pos="NNP" wid="14">Lord</w>
  <w id="15" lemma="|:|" pos=":" wid="15">:</w>
  <w id="16" lemma="|from|" pos="IN" wid="16">from</w>
  <w id="17" lemma="|the|" pos="DT" wid="17">the</w>
  <w id="18" lemma="|basilica|" pos="NN" wid="18">Basilica</w>
  <w id="19" lemma="|of|" pos="IN" wid="19">of</w>
  <w id="20" lemma="|St|" pos="NNP" wid="20">St</w>
  <w id="21" lemma="|John|" pos="NNP" wid="21">John</w>
  <w id="22" lemma="|Lateran|" pos="NNP" wid="22">Lateran</w>
  <w id="23" lemma="|the|" pos="DT" wid="23">the</w>
  <w id="24" lemma="|traditional|" pos="JJ" wid="24">traditional</w>
  <w id="25" lemma="|eucharistic|" pos="JJ" wid="25">Eucharistic</w>
  <w id="26" lemma="|procession|" pos="NN" wid="26">procession</w>
  <w id="27" lemma="|will|" pos="MD" wid="27">will</w>
  <w id="28" lemma="|make|" pos="VB" wid="28">make</w>
  <w id="29" lemma="|its|" pos="PRP$" wid="29">its</w>
  <w id="30" lemma="|way|" pos="NN" wid="30">way</w>
  <w id="31" lemma="|to|" pos="TO" wid="31">to</w>
  <w id="32" lemma="|St|" pos="NNP" wid="32">St</w>
  <w id="33" lemma="|Mary|" pos="NNP" wid="33">Mary</w>
  <w id="34" lemma="|Major|" pos="NNP" wid="34">Major</w>
  <w id="35" lemma="|.|" pos="." wid="35">.</w>
</sentence>
<sentence id="19">
  <w id="0" lemma="|on|" pos="IN" wid="0">On</w>
  <w id="1" lemma="|Sunday|" pos="NNP" wid="1">Sunday</w>
  <w id="2" lemma="|evening|" pos="NN" wid="2">evening</w>
  <w id="3" lemma="|St|" pos="NNP" wid="3">St</w>
  <w id="4" lemma="|Peter|" pos="NNP" wid="4">Peter</w>
  <w id="5" lemma="|'s|" pos="POS" wid="5">'s</w>
  <w id="6" lemma="|Square|" pos="NNP" wid="6">Square</w>
  <w id="7" lemma="|will|" pos="MD" wid="7">will</w>
  <w id="8" lemma="|host|" pos="VB" wid="8">host</w>
  <w id="9" lemma="|the|" pos="DT" wid="9">the</w>
  <w id="10" lemma="|great|" pos="JJ" wid="10">great</w>
  <w id="11" lemma="|conclude|" pos="VBG" wid="11">concluding</w>
  <w id="12" lemma="|celebration|" pos="NN" wid="12">celebration</w>
  <w id="13" lemma="|,|" pos="," wid="13">,</w>
  <w id="14" lemma="|call|" pos="VBD" wid="14">called</w>
  <w id="15" lemma="|the|" pos="DT" wid="15">the</w>
  <w id="16" lemma="|''|" pos="''" wid="16">''</w>
  <w id="17" lemma="|Statio|" pos="NNP" wid="17">Statio</w>
  <w id="18" lemma="|Orbis|" pos="NNP" wid="18">Orbis</w>
  <w id="19" lemma="|''|" pos="''" wid="19">''</w>
  <w id="20" lemma="|,|" pos="," wid="20">,</w>
  <w id="21" lemma="|as|" pos="IN" wid="21">as</w>
  <w id="22" lemma="|if|" pos="IN" wid="22">if</w>
  <w id="23" lemma="|to|" pos="TO" wid="23">to</w>
  <w id="24" lemma="|indicate|" pos="VB" wid="24">indicate</w>
  <w id="25" lemma="|that|" pos="IN" wid="25">that</w>
  <w id="26" lemma="|humanity|" pos="NN" wid="26">humanity</w>
  <w id="27" lemma="|pause|" pos="VBZ" wid="27">pauses</w>
  <w id="28" lemma="|before|" pos="IN" wid="28">before</w>
  <w id="29" lemma="|the|" pos="DT" wid="29">the</w>
  <w id="30" lemma="|greatest|" pos="JJS" wid="30">greatest</w>
  <w id="31" lemma="|of|" pos="IN" wid="31">of</w>
  <w id="32" lemma="|marvel|" pos="NNS" wid="32">marvels</w>
  <w id="33" lemma="|:|" pos=":" wid="33">:</w>
  <w id="34" lemma="|the|" pos="DT" wid="34">the</w>
  <w id="35" lemma="|God|" pos="NNP" wid="35">God</w>
  <w id="36" lemma="|who|" pos="WP" wid="36">who</w>
  <w id="37" lemma="|become|" pos="VBZ" wid="37">becomes</w>
  <w id="38" lemma="|food|" pos="NN" wid="38">food</w>
  <w id="39" lemma="|,|" pos="," wid="39">,</w>
  <w id="40" lemma="|under|" pos="IN" wid="40">under</w>
  <w id="41" lemma="|the|" pos="DT" wid="41">the</w>
  <w id="42" lemma="|appearance|" pos="NNS" wid="42">appearances</w>
  <w id="43" lemma="|of|" pos="IN" wid="43">of</w>
  <w id="44" lemma="|bread|" pos="NN" wid="44">bread</w>
  <w id="45" lemma="|and|" pos="CC" wid="45">and</w>
  <w id="46" lemma="|wine|" pos="NN" wid="46">wine</w>
  <w id="47" lemma="|,|" pos="," wid="47">,</w>
  <w id="48" lemma="|to|" pos="TO" wid="48">to</w>
  <w id="49" lemma="|feed|" pos="VB" wid="49">feed</w>
  <w id="50" lemma="|the|" pos="DT" wid="50">the</w>
  <w id="51" lemma="|whole|" pos="JJ" wid="51">whole</w>
  <w id="52" lemma="|world|" pos="NN" wid="52">world</w>
  <w id="53" lemma="|.|" pos="." wid="53">.</w>
</sentence>
<sentence id="20">
  <w id="0" lemma="|3|" pos="LS" wid="0">3</w>
  <w id="1" lemma="|.|" pos="." wid="1">.</w>
</sentence>
<sentence id="21">
  <w id="0" lemma="|where|" pos="WRB" wid="0">Where</w>
  <w id="1" lemma="|he|" pos="PRP$" wid="1">his</w>
  <w id="2" lemma="|sens|" pos="NNS" wid="2">senses</w>
  <w id="3" lemma="|and|" pos="CC" wid="3">and</w>
  <w id="4" lemma="|reason|" pos="NN" wid="4">reason</w>
  <w id="5" lemma="|can|" pos="MD" wid="5">can</w>
  <w id="6" lemma="|not|" pos="RB" wid="6">not</w>
  <w id="7" lemma="|reach|" pos="VB" wid="7">reach</w>
  <w id="8" lemma="|,|" pos="," wid="8">,</w>
  <w id="9" lemma="|it|" pos="PRP" wid="9">it</w>
  <w id="10" lemma="|be|" pos="VBZ" wid="10">is</w>
  <w id="11" lemma="|faith|" pos="NN" wid="11">faith</w>
  <w id="12" lemma="|that|" pos="WDT" wid="12">that</w>
  <w id="13" lemma="|support|" pos="VBZ" wid="13">supports</w>
  <w id="14" lemma="|man|" pos="NN" wid="14">man</w>
  <w id="15" lemma="|in|" pos="IN" wid="15">in</w>
  <w id="16" lemma="|approach|" pos="VBG" wid="16">approaching</w>
  <w id="17" lemma="|this|" pos="DT" wid="17">this</w>
  <w id="18" lemma="|mystery|" pos="NN" wid="18">mystery</w>
  <w id="19" lemma="|.|" pos="." wid="19">.</w>
</sentence>
<sentence id="22">
  <w id="0" lemma="|the|" pos="DT" wid="0">The</w>
  <w id="1" lemma="|creature|" pos="NN" wid="1">creature</w>
  <w id="2" lemma="|who|" pos="WP" wid="2">who</w>
  <w id="3" lemma="|be|" pos="VBZ" wid="3">is</w>
  <w id="4" lemma="|the|" pos="DT" wid="4">the</w>
  <w id="5" lemma="|greatest|" pos="JJS" wid="5">greatest</w>
  <w id="6" lemma="|teacher|" pos="NN" wid="6">teacher</w>
  <w id="7" lemma="|of|" pos="IN" wid="7">of</w>
  <w id="8" lemma="|faith|" pos="NN" wid="8">faith</w>
  <w id="9" lemma="|be|" pos="VBZ" wid="9">is</w>
  <w id="10" lemma="|Mary|" pos="NNP" wid="10">Mary</w>
  <w id="11" lemma="|Most|" pos="NNP" wid="11">Most</w>
  <w id="12" lemma="|Holy|" pos="NNP" wid="12">Holy</w>
  <w id="13" lemma="|.|" pos="." wid="13">.</w>
</sentence>
<sentence id="23">
  <w id="0" lemma="|before|" pos="IN" wid="0">Before</w>
  <w id="1" lemma="|the|" pos="DT" wid="1">the</w>
  <w id="2" lemma="|abyss|" pos="NN" wid="2">abyss</w>
  <w id="3" lemma="|of|" pos="IN" wid="3">of</w>
  <w id="4" lemma="|God|" pos="NNP" wid="4">God</w>
  <w id="5" lemma="|'s|" pos="POS" wid="5">'s</w>
  <w id="6" lemma="|Love|" pos="NNP" wid="6">Love</w>
  <w id="7" lemma="|,|" pos="," wid="7">,</w>
  <w id="8" lemma="|she|" pos="PRP" wid="8">she</w>
  <w id="9" lemma="|teach|" pos="VBZ" wid="9">teaches</w>
  <w id="10" lemma="|we|" pos="PRP" wid="10">us</w>
  <w id="11" lemma="|trust|" pos="VBG" wid="11">trusting</w>
  <w id="12" lemma="|abandonment|" pos="NN" wid="12">abandonment</w>
  <w id="13" lemma="|;|" pos=":" wid="13">;</w>
  <w id="14" lemma="|before|" pos="IN" wid="14">before</w>
  <w id="15" lemma="|she|" pos="PRP" wid="15">her</w>
  <w id="16" lemma="|crucify|" pos="VBD" wid="16">crucified</w>
  <w id="17" lemma="|and|" pos="CC" wid="17">and</w>
  <w id="18" lemma="|rise|" pos="VBD" wid="18">risen</w>
  <w id="19" lemma="|Son|" pos="NNP" wid="19">Son</w>
  <w id="20" lemma="|,|" pos="," wid="20">,</w>
  <w id="21" lemma="|she|" pos="PRP" wid="21">she</w>
  <w id="22" lemma="|invite|" pos="VBZ" wid="22">invites</w>
  <w id="23" lemma="|we|" pos="PRP" wid="23">us</w>
  <w id="24" lemma="|to|" pos="TO" wid="24">to</w>
  <w id="25" lemma="|be|" pos="VB" wid="25">be</w>
  <w id="26" lemma="|in|" pos="IN" wid="26">in</w>
  <w id="27" lemma="|communion|" pos="NN" wid="27">communion</w>
  <w id="28" lemma="|with|" pos="IN" wid="28">with</w>
  <w id="29" lemma="|he|" pos="PRP" wid="29">him</w>
  <w id="30" lemma="|.|" pos="." wid="30">.</w>
</sentence>
<sentence id="24">
  <w id="0" lemma="|May|" pos="NNP" wid="0">May</w>
  <w id="1" lemma="|Mary|" pos="NNP" wid="1">Mary</w>
  <w id="2" lemma="|guide|" pos="VB" wid="2">guide</w>
  <w id="3" lemma="|we|" pos="PRP" wid="3">us</w>
  <w id="4" lemma="|,|" pos="," wid="4">,</w>
  <w id="5" lemma="|then|" pos="RB" wid="5">then</w>
  <w id="6" lemma="|,|" pos="," wid="6">,</w>
  <w id="7" lemma="|so|" pos="IN" wid="7">so</w>
  <w id="8" lemma="|that|" pos="IN" wid="8">that</w>
  <w id="9" lemma="|we|" pos="PRP" wid="9">we</w>
  <w id="10" lemma="|can|" pos="MD" wid="10">can</w>
  <w id="11" lemma="|fully|" pos="RB" wid="11">fully</w>
  <w id="12" lemma="|and|" pos="CC" wid="12">and</w>
  <w id="13" lemma="|fruitfully|" pos="RB" wid="13">fruitfully</w>
  <w id="14" lemma="|live|" pos="VB" wid="14">live</w>
  <w id="15" lemma="|these|" pos="DT" wid="15">these</w>
  <w id="16" lemma="|day|" pos="NNS" wid="16">days</w>
  <w id="17" lemma="|of|" pos="IN" wid="17">of</w>
  <w id="18" lemma="|grace|" pos="NN" wid="18">grace</w>
  <w id="19" lemma="|.|" pos="." wid="19">.</w>
</sentence>
<sentence id="25">
  <w id="0" lemma="|after|" pos="IN" wid="0">After</w>
  <w id="1" lemma="|recite|" pos="VBG" wid="1">reciting</w>
  <w id="2" lemma="|the|" pos="DT" wid="2">the</w>
  <w id="3" lemma="|Angelus|" pos="NNP" wid="3">Angelus</w>
  <w id="4" lemma="|,|" pos="," wid="4">,</w>
  <w id="5" lemma="|the|" pos="DT" wid="5">the</w>
  <w id="6" lemma="|Holy|" pos="NNP" wid="6">Holy</w>
  <w id="7" lemma="|Father|" pos="NNP" wid="7">Father</w>
  <w id="8" lemma="|greet|" pos="VBD" wid="8">greeted</w>
  <w id="9" lemma="|the|" pos="DT" wid="9">the</w>
  <w id="10" lemma="|various|" pos="JJ" wid="10">various</w>
  <w id="11" lemma="|pilgrim|" pos="NNS" wid="11">pilgrims</w>
  <w id="12" lemma="|and|" pos="CC" wid="12">and</w>
  <w id="13" lemma="|visitor|" pos="NNS" wid="13">visitors</w>
  <w id="14" lemma="|in|" pos="IN" wid="14">in</w>
  <w id="15" lemma="|St|" pos="NNP" wid="15">St</w>
  <w id="16" lemma="|Peter|" pos="NNP" wid="16">Peter</w>
  <w id="17" lemma="|'s|" pos="POS" wid="17">'s</w>
  <w id="18" lemma="|Square|" pos="NNP" wid="18">Square</w>
  <w id="19" lemma="|.|" pos="." wid="19">.</w>
</sentence>
<sentence id="26">
  <w id="0" lemma="|to|" pos="TO" wid="0">To</w>
  <w id="1" lemma="|the|" pos="DT" wid="1">the</w>
  <w id="2" lemma="|english-speaking|" pos="JJ" wid="2">English-speaking</w>
  <w id="3" lemma="|he|" pos="PRP" wid="3">he</w>
  <w id="4" lemma="|say|" pos="VBD" wid="4">said</w>
  <w id="5" lemma="|:|" pos=":" wid="5">:</w>
  <w id="6" lemma="|I|" pos="PRP" wid="6">I</w>
  <w id="7" lemma="|extend|" pos="VBP" wid="7">extend</w>
  <w id="8" lemma="|a|" pos="DT" wid="8">a</w>
  <w id="9" lemma="|warm|" pos="JJ" wid="9">warm</w>
  <w id="10" lemma="|welcome|" pos="JJ" wid="10">welcome</w>
  <w id="11" lemma="|to|" pos="TO" wid="11">to</w>
  <w id="12" lemma="|the|" pos="DT" wid="12">the</w>
  <w id="13" lemma="|english-speaking|" pos="JJ" wid="13">English-speaking</w>
  <w id="14" lemma="|pilgrim|" pos="NNS" wid="14">pilgrims</w>
  <w id="15" lemma="|and|" pos="CC" wid="15">and</w>
  <w id="16" lemma="|visitor|" pos="NNS" wid="16">visitors</w>
  <w id="17" lemma="|,|" pos="," wid="17">,</w>
  <w id="18" lemma="|in|" pos="IN" wid="18">in</w>
  <w id="19" lemma="|particular|" pos="JJ" wid="19">particular</w>
  <w id="20" lemma="|to|" pos="TO" wid="20">to</w>
  <w id="21" lemma="|the|" pos="DT" wid="21">the</w>
  <w id="22" lemma="|group|" pos="NN" wid="22">group</w>
  <w id="23" lemma="|from|" pos="IN" wid="23">from</w>
  <w id="24" lemma="|Holy|" pos="NNP" wid="24">Holy</w>
  <w id="25" lemma="|Family|" pos="NNP" wid="25">Family</w>
  <w id="26" lemma="|Academy|" pos="NNP" wid="26">Academy</w>
  <w id="27" lemma="|in|" pos="IN" wid="27">in</w>
  <w id="28" lemma="|Manassas|" pos="NNP" wid="28">Manassas</w>
  <w id="29" lemma="|,|" pos="," wid="29">,</w>
  <w id="30" lemma="|Virginia|" pos="NNP" wid="30">Virginia</w>
  <w id="31" lemma="|.|" pos="." wid="31">.</w>
</sentence>
<sentence id="27">
  <w id="0" lemma="|upon|" pos="IN" wid="0">Upon</w>
  <w id="1" lemma="|all|" pos="DT" wid="1">all</w>
  <w id="2" lemma="|of|" pos="IN" wid="2">of</w>
  <w id="3" lemma="|you|" pos="PRP" wid="3">you</w>
  <w id="4" lemma="|I|" pos="PRP" wid="4">I</w>
  <w id="5" lemma="|invoke|" pos="VBP" wid="5">invoke</w>
  <w id="6" lemma="|the|" pos="DT" wid="6">the</w>
  <w id="7" lemma="|abundant|" pos="JJ" wid="7">abundant</w>
  <w id="8" lemma="|gift|" pos="NNS" wid="8">gifts</w>
  <w id="9" lemma="|of|" pos="IN" wid="9">of</w>
  <w id="10" lemma="|the|" pos="DT" wid="10">the</w>
  <w id="11" lemma="|holy|" pos="JJ" wid="11">Holy</w>
  <w id="12" lemma="|spirit|" pos="NN" wid="12">Spirit</w>
  <w id="13" lemma="|.|" pos="." wid="13">.</w>
</sentence>
</corpus>