<corpus id="0">
<sentence id="0">
  <w id="0" lemma="|1|" pos="CD" wid="0">1</w>
  <w id="1" lemma="|.|" pos="." wid="1">.</w>
</sentence>
<sentence id="1">
  <w id="0" lemma="|at|" pos="IN" wid="0">At</w>
  <w id="1" lemma="|the|" pos="DT" wid="1">the</w>
  <w id="2" lemma="|conclusion|" pos="NN" wid="2">conclusion</w>
  <w id="3" lemma="|of|" pos="IN" wid="3">of</w>
  <w id="4" lemma="|this|" pos="DT" wid="4">this</w>
  <w id="5" lemma="|solemn|" pos="JJ" wid="5">solemn</w>
  <w id="6" lemma="|celebration|" pos="NN" wid="6">celebration</w>
  <w id="7" lemma="|,|" pos="," wid="7">,</w>
  <w id="8" lemma="|I|" pos="PRP" wid="8">I</w>
  <w id="9" lemma="|particularly|" pos="RB" wid="9">particularly</w>
  <w id="10" lemma="|wish|" pos="VBP" wid="10">wish</w>
  <w id="11" lemma="|to|" pos="TO" wid="11">to</w>
  <w id="12" lemma="|greet|" pos="VB" wid="12">greet</w>
  <w id="13" lemma="|the|" pos="DT" wid="13">the</w>
  <w id="14" lemma="|young|" pos="JJ" wid="14">young</w>
  <w id="15" lemma="|people|" pos="NNS" wid="15">people</w>
  <w id="16" lemma="|of|" pos="IN" wid="16">of</w>
  <w id="17" lemma="|Croatia|" pos="NNP" wid="17">Croatia</w>
  <w id="18" lemma="|.|" pos="." wid="18">.</w>
</sentence>
<sentence id="2">
  <w id="0" lemma="|Dear|" pos="NNP" wid="0">Dear</w>
  <w id="1" lemma="|friend|" pos="NNS" wid="1">friends</w>
  <w id="2" lemma="|,|" pos="," wid="2">,</w>
  <w id="3" lemma="|you|" pos="PRP" wid="3">you</w>
  <w id="4" lemma="|already|" pos="RB" wid="4">already</w>
  <w id="5" lemma="|know|" pos="VB" wid="5">know</w>
  <w id="6" lemma="|one|" pos="CD" wid="6">one</w>
  <w id="7" lemma="|thing|" pos="NN" wid="7">thing</w>
  <w id="8" lemma="|:|" pos=":" wid="8">:</w>
  <w id="9" lemma="|the|" pos="DT" wid="9">the</w>
  <w id="10" lemma="|Pope|" pos="NNP" wid="10">Pope</w>
  <w id="11" lemma="|look|" pos="VBZ" wid="11">looks</w>
  <w id="12" lemma="|to|" pos="TO" wid="12">to</w>
  <w id="13" lemma="|you|" pos="PRP" wid="13">you</w>
  <w id="14" lemma="|with|" pos="IN" wid="14">with</w>
  <w id="15" lemma="|confidence|" pos="NN" wid="15">confidence</w>
  <w id="16" lemma="|and|" pos="CC" wid="16">and</w>
  <w id="17" lemma="|hope|" pos="NN" wid="17">hope</w>
  <w id="18" lemma="|,|" pos="," wid="18">,</w>
  <w id="19" lemma="|and|" pos="CC" wid="19">and</w>
  <w id="20" lemma="|he|" pos="PRP" wid="20">he</w>
  <w id="21" lemma="|ask|" pos="VBZ" wid="21">asks</w>
  <w id="22" lemma="|you|" pos="PRP" wid="22">you</w>
  <w id="23" lemma="|once|" pos="RB" wid="23">once</w>
  <w id="24" lemma="|more|" pos="JJR" wid="24">more</w>
  <w id="25" lemma="|to|" pos="TO" wid="25">to</w>
  <w id="26" lemma="|be|" pos="VB" wid="26">be</w>
  <w id="27" lemma="|sentinel|" pos="NNS" wid="27">sentinels</w>
  <w id="28" lemma="|of|" pos="IN" wid="28">of</w>
  <w id="29" lemma="|the|" pos="DT" wid="29">the</w>
  <w id="30" lemma="|dawn|" pos="NN" wid="30">dawn</w>
  <w id="31" lemma="|and|" pos="CC" wid="31">and</w>
  <w id="32" lemma="|people|" pos="NNS" wid="32">people</w>
  <w id="33" lemma="|of|" pos="IN" wid="33">of</w>
  <w id="34" lemma="|the|" pos="DT" wid="34">the</w>
  <w id="35" lemma="|Beatitudes|" pos="NNPS" wid="35">Beatitudes</w>
  <w id="36" lemma="|,|" pos="," wid="36">,</w>
  <w id="37" lemma="|as|" pos="IN" wid="37">as</w>
  <w id="38" lemma="|I|" pos="PRP" wid="38">I</w>
  <w id="39" lemma="|call|" pos="VBD" wid="39">called</w>
  <w id="40" lemma="|you|" pos="PRP" wid="40">you</w>
  <w id="41" lemma="|at|" pos="IN" wid="41">at</w>
  <w id="42" lemma="|the|" pos="DT" wid="42">the</w>
  <w id="43" lemma="|recent|" pos="JJ" wid="43">recent</w>
  <w id="44" lemma="|World|" pos="NNP" wid="44">World</w>
  <w id="45" lemma="|Youth|" pos="NNP" wid="45">Youth</w>
  <w id="46" lemma="|Day|" pos="NNP" wid="46">Day</w>
  <w id="47" lemma="|.|" pos="." wid="47">.</w>
</sentence>
<sentence id="3">
  <w id="0" lemma="|through|" pos="IN" wid="0">Through</w>
  <w id="1" lemma="|the|" pos="DT" wid="1">the</w>
  <w id="2" lemma="|family|" pos="NN" wid="2">family</w>
  <w id="3" lemma="|and|" pos="CC" wid="3">and</w>
  <w id="4" lemma="|professional|" pos="JJ" wid="4">professional</w>
  <w id="5" lemma="|life|" pos="NN" wid="5">life</w>
  <w id="6" lemma="|for|" pos="IN" wid="6">for</w>
  <w id="7" lemma="|which|" pos="WDT" wid="7">which</w>
  <w id="8" lemma="|you|" pos="PRP" wid="8">you</w>
  <w id="9" lemma="|be|" pos="VBP" wid="9">are</w>
  <w id="10" lemma="|now|" pos="RB" wid="10">now</w>
  <w id="11" lemma="|prepare|" pos="VBG" wid="11">preparing</w>
  <w id="12" lemma="|,|" pos="," wid="12">,</w>
  <w id="13" lemma="|you|" pos="PRP" wid="13">you</w>
  <w id="14" lemma="|will|" pos="MD" wid="14">will</w>
  <w id="15" lemma="|take|" pos="VB" wid="15">take</w>
  <w id="16" lemma="|on|" pos="RP" wid="16">on</w>
  <w id="17" lemma="|great|" pos="JJ" wid="17">great</w>
  <w id="18" lemma="|responsibility|" pos="NNS" wid="18">responsibilities</w>
  <w id="19" lemma="|for|" pos="IN" wid="19">for</w>
  <w id="20" lemma="|the|" pos="DT" wid="20">the</w>
  <w id="21" lemma="|good|" pos="NN" wid="21">good</w>
  <w id="22" lemma="|of|" pos="IN" wid="22">of</w>
  <w id="23" lemma="|society|" pos="NN" wid="23">society</w>
  <w id="24" lemma="|and|" pos="CC" wid="24">and</w>
  <w id="25" lemma="|the|" pos="DT" wid="25">the</w>
  <w id="26" lemma="|Church|" pos="NNP" wid="26">Church</w>
  <w id="27" lemma="|.|" pos="." wid="27">.</w>
</sentence>
<sentence id="4">
  <w id="0" lemma="|I|" pos="PRP" wid="0">I</w>
  <w id="1" lemma="|ask|" pos="VBP" wid="1">ask</w>
  <w id="2" lemma="|you|" pos="PRP" wid="2">you</w>
  <w id="3" lemma="|to|" pos="TO" wid="3">to</w>
  <w id="4" lemma="|remember|" pos="VB" wid="4">remember</w>
  <w id="5" lemma="|that|" pos="IN" wid="5">that</w>
  <w id="6" lemma="|human|" pos="JJ" wid="6">human</w>
  <w id="7" lemma="|being|" pos="NNS" wid="7">beings</w>
  <w id="8" lemma="|be|" pos="VBP" wid="8">are</w>
  <w id="9" lemma="|of|" pos="IN" wid="9">of</w>
  <w id="10" lemma="|value|" pos="NN" wid="10">value</w>
  <w id="11" lemma="|for|" pos="IN" wid="11">for</w>
  <w id="12" lemma="|what|" pos="WP" wid="12">what</w>
  <w id="13" lemma="|they|" pos="PRP" wid="13">they</w>
  <w id="14" lemma="|be|" pos="VBP" wid="14">are</w>
  <w id="15" lemma="|more|" pos="JJR" wid="15">more</w>
  <w id="16" lemma="|than|" pos="IN" wid="16">than</w>
  <w id="17" lemma="|what|" pos="WP" wid="17">what</w>
  <w id="18" lemma="|they|" pos="PRP" wid="18">they</w>
  <w id="19" lemma="|do|" pos="VBP" wid="19">do</w>
  <w id="20" lemma="|or|" pos="CC" wid="20">or</w>
  <w id="21" lemma="|what|" pos="WP" wid="21">what</w>
  <w id="22" lemma="|they|" pos="PRP" wid="22">they</w>
  <w id="23" lemma="|possess|" pos="VBP" wid="23">possess</w>
  <w id="24" lemma="|;|" pos=":" wid="24">;</w>
  <w id="25" lemma="|that|" pos="IN" wid="25">that</w>
  <w id="26" lemma="|superficial|" pos="JJ" wid="26">superficial</w>
  <w id="27" lemma="|goal|" pos="NNS" wid="27">goals</w>
  <w id="28" lemma="|will|" pos="MD" wid="28">will</w>
  <w id="29" lemma="|never|" pos="RB" wid="29">never</w>
  <w id="30" lemma="|satisfy|" pos="VB" wid="30">satisfy</w>
  <w id="31" lemma="|the|" pos="DT" wid="31">the</w>
  <w id="32" lemma="|thirst|" pos="NN" wid="32">thirst</w>
  <w id="33" lemma="|for|" pos="IN" wid="33">for</w>
  <w id="34" lemma="|happiness|" pos="NN" wid="34">happiness</w>
  <w id="35" lemma="|and|" pos="CC" wid="35">and</w>
  <w id="36" lemma="|fulfilment|" pos="NN" wid="36">fulfilment</w>
  <w id="37" lemma="|deep|" pos="JJ" wid="37">deep</w>
  <w id="38" lemma="|within|" pos="IN" wid="38">within</w>
  <w id="39" lemma="|you|" pos="PRP$" wid="39">your</w>
  <w id="40" lemma="|heart|" pos="NNS" wid="40">hearts</w>
  <w id="41" lemma="|;|" pos=":" wid="41">;</w>
  <w id="42" lemma="|that|" pos="IN" wid="42">that</w>
  <w id="43" lemma="|the|" pos="DT" wid="43">the</w>
  <w id="44" lemma="|mission|" pos="NN" wid="44">mission</w>
  <w id="45" lemma="|which|" pos="WDT" wid="45">which</w>
  <w id="46" lemma="|Providence|" pos="NNP" wid="46">Providence</w>
  <w id="47" lemma="|have|" pos="VBZ" wid="47">has</w>
  <w id="48" lemma="|assign|" pos="VBN" wid="48">assigned</w>
  <w id="49" lemma="|to|" pos="TO" wid="49">to</w>
  <w id="50" lemma="|each|" pos="DT" wid="50">each</w>
  <w id="51" lemma="|of|" pos="IN" wid="51">of</w>
  <w id="52" lemma="|you|" pos="PRP" wid="52">you</w>
  <w id="53" lemma="|can|" pos="MD" wid="53">can</w>
  <w id="54" lemma="|not|" pos="RB" wid="54">not</w>
  <w id="55" lemma="|be|" pos="VB" wid="55">be</w>
  <w id="56" lemma="|carry|" pos="VBN" wid="56">carried</w>
  <w id="57" lemma="|out|" pos="RP" wid="57">out</w>
  <w id="58" lemma="|by|" pos="IN" wid="58">by</w>
  <w id="59" lemma="|anyone|" pos="NN" wid="59">anyone</w>
  <w id="60" lemma="|else|" pos="RB" wid="60">else</w>
  <w id="61" lemma="|.|" pos="." wid="61">.</w>
</sentence>
<sentence id="5">
  <w id="0" lemma="|listen|" pos="VB" wid="0">Listen</w>
  <w id="1" lemma="|to|" pos="TO" wid="1">to</w>
  <w id="2" lemma="|Lord|" pos="NNP" wid="2">Lord</w>
  <w id="3" lemma="|Jesus|" pos="NNP" wid="3">Jesus</w>
  <w id="4" lemma="|,|" pos="," wid="4">,</w>
  <w id="5" lemma="|follow|" pos="VB" wid="5">follow</w>
  <w id="6" lemma="|he|" pos="PRP" wid="6">him</w>
  <w id="7" lemma="|as|" pos="IN" wid="7">as</w>
  <w id="8" lemma="|the|" pos="DT" wid="8">the</w>
  <w id="9" lemma="|teacher|" pos="NN" wid="9">Teacher</w>
  <w id="10" lemma="|of|" pos="IN" wid="10">of</w>
  <w id="11" lemma="|life|" pos="NN" wid="11">life</w>
  <w id="12" lemma="|,|" pos="," wid="12">,</w>
  <w id="13" lemma="|make|" pos="VB" wid="13">make</w>
  <w id="14" lemma="|he|" pos="PRP" wid="14">him</w>
  <w id="15" lemma="|you|" pos="PRP$" wid="15">your</w>
  <w id="16" lemma="|companion|" pos="NN" wid="16">Companion</w>
  <w id="17" lemma="|along|" pos="IN" wid="17">along</w>
  <w id="18" lemma="|the|" pos="DT" wid="18">the</w>
  <w id="19" lemma="|way|" pos="NN" wid="19">way</w>
  <w id="20" lemma="|.|" pos="." wid="20">.</w>
</sentence>
<sentence id="6">
  <w id="0" lemma="|2|" pos="CD" wid="0">2</w>
  <w id="1" lemma="|.|" pos="." wid="1">.</w>
</sentence>
<sentence id="7">
  <w id="0" lemma="|-lsb-|" pos="-LRB-" wid="0">-LSB-</w>
  <w id="1" lemma="|greeting|" pos="NNS" wid="1">Greetings</w>
  <w id="2" lemma="|in|" pos="IN" wid="2">in</w>
  <w id="3" lemma="|various|" pos="JJ" wid="3">various</w>
  <w id="4" lemma="|language|" pos="NNS" wid="4">languages</w>
  <w id="5" lemma="|-rsb-|" pos="-RRB-" wid="5">-RSB-</w>
  <w id="6" lemma="|italian|" pos="JJ" wid="6">Italian</w>
  <w id="7" lemma="|:|" pos=":" wid="7">:</w>
  <w id="8" lemma="|I|" pos="PRP" wid="8">I</w>
  <w id="9" lemma="|greet|" pos="VBP" wid="9">greet</w>
  <w id="10" lemma="|the|" pos="DT" wid="10">the</w>
  <w id="11" lemma="|italian-speaking|" pos="JJ" wid="11">Italian-speaking</w>
  <w id="12" lemma="|faithful|" pos="NN" wid="12">faithful</w>
  <w id="13" lemma="|,|" pos="," wid="13">,</w>
  <w id="14" lemma="|especially|" pos="RB" wid="14">especially</w>
  <w id="15" lemma="|the|" pos="DT" wid="15">the</w>
  <w id="16" lemma="|family|" pos="NNS" wid="16">families</w>
  <w id="17" lemma="|who|" pos="WP" wid="17">who</w>
  <w id="18" lemma="|be|" pos="VBP" wid="18">are</w>
  <w id="19" lemma="|present|" pos="JJ" wid="19">present</w>
  <w id="20" lemma="|among|" pos="IN" wid="20">among</w>
  <w id="21" lemma="|we|" pos="PRP" wid="21">us</w>
  <w id="22" lemma="|.|" pos="." wid="22">.</w>
</sentence>
<sentence id="8">
  <w id="0" lemma="|may|" pos="MD" wid="0">May</w>
  <w id="1" lemma="|the|" pos="DT" wid="1">the</w>
  <w id="2" lemma="|spirit|" pos="NN" wid="2">Spirit</w>
  <w id="3" lemma="|of|" pos="IN" wid="3">of</w>
  <w id="4" lemma="|the|" pos="DT" wid="4">the</w>
  <w id="5" lemma="|Lord|" pos="NNP" wid="5">Lord</w>
  <w id="6" lemma="|strengthen|" pos="VB" wid="6">strengthen</w>
  <w id="7" lemma="|you|" pos="PRP" wid="7">you</w>
  <w id="8" lemma="|in|" pos="IN" wid="8">in</w>
  <w id="9" lemma="|unity|" pos="NN" wid="9">unity</w>
  <w id="10" lemma="|and|" pos="CC" wid="10">and</w>
  <w id="11" lemma="|make|" pos="VB" wid="11">make</w>
  <w id="12" lemma="|you|" pos="PRP" wid="12">you</w>
  <w id="13" lemma="|witness|" pos="NNS" wid="13">witnesses</w>
  <w id="14" lemma="|before|" pos="IN" wid="14">before</w>
  <w id="15" lemma="|the|" pos="DT" wid="15">the</w>
  <w id="16" lemma="|world|" pos="NN" wid="16">world</w>
  <w id="17" lemma="|of|" pos="IN" wid="17">of</w>
  <w id="18" lemma="|God|" pos="NNP" wid="18">God</w>
  <w id="19" lemma="|'s|" pos="POS" wid="19">'s</w>
  <w id="20" lemma="|faithful|" pos="NN" wid="20">faithful</w>
  <w id="21" lemma="|and|" pos="CC" wid="21">and</w>
  <w id="22" lemma="|gracious|" pos="JJ" wid="22">gracious</w>
  <w id="23" lemma="|love|" pos="NN" wid="23">love</w>
  <w id="24" lemma="|.|" pos="." wid="24">.</w>
</sentence>
<sentence id="9">
  <w id="0" lemma="|slovenian|" pos="JJ" wid="0">Slovenian</w>
  <w id="1" lemma="|:|" pos=":" wid="1">:</w>
  <w id="2" lemma="|I|" pos="PRP" wid="2">I</w>
  <w id="3" lemma="|offer|" pos="VBP" wid="3">offer</w>
  <w id="4" lemma="|cordial|" pos="JJ" wid="4">cordial</w>
  <w id="5" lemma="|greeting|" pos="NNS" wid="5">greetings</w>
  <w id="6" lemma="|to|" pos="TO" wid="6">to</w>
  <w id="7" lemma="|the|" pos="DT" wid="7">the</w>
  <w id="8" lemma="|pilgrim|" pos="NNS" wid="8">pilgrims</w>
  <w id="9" lemma="|from|" pos="IN" wid="9">from</w>
  <w id="10" lemma="|Slovenia|" pos="NNP" wid="10">Slovenia</w>
  <w id="11" lemma="|.|" pos="." wid="11">.</w>
</sentence>
<sentence id="10">
  <w id="0" lemma="|as|" pos="IN" wid="0">As</w>
  <w id="1" lemma="|I|" pos="PRP" wid="1">I</w>
  <w id="2" lemma="|recall|" pos="VBP" wid="2">recall</w>
  <w id="3" lemma="|my|" pos="PRP$" wid="3">my</w>
  <w id="4" lemma="|visit|" pos="NNS" wid="4">visits</w>
  <w id="5" lemma="|to|" pos="TO" wid="5">to</w>
  <w id="6" lemma="|you|" pos="PRP$" wid="6">your</w>
  <w id="7" lemma="|beautiful|" pos="JJ" wid="7">beautiful</w>
  <w id="8" lemma="|country|" pos="NN" wid="8">country</w>
  <w id="9" lemma="|,|" pos="," wid="9">,</w>
  <w id="10" lemma="|I|" pos="PRP" wid="10">I</w>
  <w id="11" lemma="|encourage|" pos="VBP" wid="11">encourage</w>
  <w id="12" lemma="|all|" pos="DT" wid="12">all</w>
  <w id="13" lemma="|of|" pos="IN" wid="13">of</w>
  <w id="14" lemma="|you|" pos="PRP" wid="14">you</w>
  <w id="15" lemma="|to|" pos="TO" wid="15">to</w>
  <w id="16" lemma="|be|" pos="VB" wid="16">be</w>
  <w id="17" lemma="|open|" pos="JJ" wid="17">open</w>
  <w id="18" lemma="|to|" pos="TO" wid="18">to</w>
  <w id="19" lemma="|the|" pos="DT" wid="19">the</w>
  <w id="20" lemma="|gift|" pos="NN" wid="20">gift</w>
  <w id="21" lemma="|of|" pos="IN" wid="21">of</w>
  <w id="22" lemma="|the|" pos="DT" wid="22">the</w>
  <w id="23" lemma="|Holy|" pos="NNP" wid="23">Holy</w>
  <w id="24" lemma="|Spirit|" pos="NNP" wid="24">Spirit</w>
  <w id="25" lemma="|,|" pos="," wid="25">,</w>
  <w id="26" lemma="|whom|" pos="WP" wid="26">whom</w>
  <w id="27" lemma="|the|" pos="DT" wid="27">the</w>
  <w id="28" lemma="|Lord|" pos="NNP" wid="28">Lord</w>
  <w id="29" lemma="|Jesus|" pos="NNP" wid="29">Jesus</w>
  <w id="30" lemma="|pour|" pos="VBZ" wid="30">pours</w>
  <w id="31" lemma="|out|" pos="RP" wid="31">out</w>
  <w id="32" lemma="|upon|" pos="IN" wid="32">upon</w>
  <w id="33" lemma="|he|" pos="PRP$" wid="33">his</w>
  <w id="34" lemma="|Church|" pos="NNP" wid="34">Church</w>
  <w id="35" lemma="|at|" pos="IN" wid="35">at</w>
  <w id="36" lemma="|Pentecost|" pos="NNP" wid="36">Pentecost</w>
  <w id="37" lemma="|.|" pos="." wid="37">.</w>
</sentence>
<sentence id="11">
  <w id="0" lemma="|with|" pos="IN" wid="0">With</w>
  <w id="1" lemma="|my|" pos="PRP$" wid="1">my</w>
  <w id="2" lemma="|blessing|" pos="NN" wid="2">Blessing</w>
  <w id="3" lemma="|.|" pos="." wid="3">.</w>
</sentence>
<sentence id="12">
  <w id="0" lemma="|german|" pos="JJ" wid="0">German</w>
  <w id="1" lemma="|:|" pos=":" wid="1">:</w>
  <w id="2" lemma="|I|" pos="PRP" wid="2">I</w>
  <w id="3" lemma="|greet|" pos="VBP" wid="3">greet</w>
  <w id="4" lemma="|the|" pos="DT" wid="4">the</w>
  <w id="5" lemma="|german-speaking|" pos="JJ" wid="5">German-speaking</w>
  <w id="6" lemma="|faithful|" pos="NN" wid="6">faithful</w>
  <w id="7" lemma="|and|" pos="CC" wid="7">and</w>
  <w id="8" lemma="|I|" pos="PRP" wid="8">I</w>
  <w id="9" lemma="|pray|" pos="VBP" wid="9">pray</w>
  <w id="10" lemma="|that|" pos="IN" wid="10">that</w>
  <w id="11" lemma="|the|" pos="DT" wid="11">the</w>
  <w id="12" lemma="|God|" pos="NNP" wid="12">God</w>
  <w id="13" lemma="|'s|" pos="POS" wid="13">'s</w>
  <w id="14" lemma="|grace|" pos="NN" wid="14">grace</w>
  <w id="15" lemma="|will|" pos="MD" wid="15">will</w>
  <w id="16" lemma="|guide|" pos="VB" wid="16">guide</w>
  <w id="17" lemma="|you|" pos="PRP$" wid="17">your</w>
  <w id="18" lemma="|step|" pos="NNS" wid="18">steps</w>
  <w id="19" lemma="|along|" pos="IN" wid="19">along</w>
  <w id="20" lemma="|the|" pos="DT" wid="20">the</w>
  <w id="21" lemma="|path|" pos="NN" wid="21">path</w>
  <w id="22" lemma="|of|" pos="IN" wid="22">of</w>
  <w id="23" lemma="|fraternity|" pos="NN" wid="23">fraternity</w>
  <w id="24" lemma="|and|" pos="CC" wid="24">and</w>
  <w id="25" lemma="|peace|" pos="NN" wid="25">peace</w>
  <w id="26" lemma="|.|" pos="." wid="26">.</w>
</sentence>
<sentence id="13">
  <w id="0" lemma="|I|" pos="PRP" wid="0">I</w>
  <w id="1" lemma="|cordially|" pos="RB" wid="1">cordially</w>
  <w id="2" lemma="|bless|" pos="VBP" wid="2">bless</w>
  <w id="3" lemma="|all|" pos="DT" wid="3">all</w>
  <w id="4" lemma="|of|" pos="IN" wid="4">of</w>
  <w id="5" lemma="|you|" pos="PRP" wid="5">you</w>
  <w id="6" lemma="|.|" pos="." wid="6">.</w>
</sentence>
<sentence id="14">
  <w id="0" lemma="|albanian|" pos="JJ" wid="0">Albanian</w>
  <w id="1" lemma="|:|" pos=":" wid="1">:</w>
  <w id="2" lemma="|I|" pos="PRP" wid="2">I</w>
  <w id="3" lemma="|offer|" pos="VBP" wid="3">offer</w>
  <w id="4" lemma="|a|" pos="DT" wid="4">a</w>
  <w id="5" lemma="|particular|" pos="JJ" wid="5">particular</w>
  <w id="6" lemma="|greet|" pos="VBG" wid="6">greeting</w>
  <w id="7" lemma="|to|" pos="TO" wid="7">to</w>
  <w id="8" lemma="|the|" pos="DT" wid="8">the</w>
  <w id="9" lemma="|albanian-speaking|" pos="JJ" wid="9">Albanian-speaking</w>
  <w id="10" lemma="|pilgrim|" pos="NNS" wid="10">pilgrims</w>
  <w id="11" lemma="|.|" pos="." wid="11">.</w>
</sentence>
<sentence id="15">
  <w id="0" lemma="|May|" pos="NNP" wid="0">May</w>
  <w id="1" lemma="|Almighty|" pos="NNP" wid="1">Almighty</w>
  <w id="2" lemma="|God|" pos="NNP" wid="2">God</w>
  <w id="3" lemma="|grant|" pos="VB" wid="3">grant</w>
  <w id="4" lemma="|you|" pos="PRP" wid="4">you</w>
  <w id="5" lemma="|abundant|" pos="JJ" wid="5">abundant</w>
  <w id="6" lemma="|he|" pos="PRP$" wid="6">his</w>
  <w id="7" lemma="|consolation|" pos="NN" wid="7">consolation</w>
  <w id="8" lemma="|through|" pos="IN" wid="8">through</w>
  <w id="9" lemma="|he|" pos="PRP$" wid="9">his</w>
  <w id="10" lemma="|gift|" pos="NN" wid="10">gift</w>
  <w id="11" lemma="|of|" pos="IN" wid="11">of</w>
  <w id="12" lemma="|the|" pos="DT" wid="12">the</w>
  <w id="13" lemma="|spirit|" pos="NN" wid="13">Spirit</w>
  <w id="14" lemma="|from|" pos="IN" wid="14">from</w>
  <w id="15" lemma="|on|" pos="IN" wid="15">on</w>
  <w id="16" lemma="|high|" pos="JJ" wid="16">high</w>
  <w id="17" lemma="|.|" pos="." wid="17">.</w>
</sentence>
<sentence id="16">
  <w id="0" lemma="|polish|" pos="JJ" wid="0">Polish</w>
  <w id="1" lemma="|:|" pos=":" wid="1">:</w>
  <w id="2" lemma="|with|" pos="IN" wid="2">With</w>
  <w id="3" lemma="|affection|" pos="NN" wid="3">affection</w>
  <w id="4" lemma="|I|" pos="PRP" wid="4">I</w>
  <w id="5" lemma="|greet|" pos="VBP" wid="5">greet</w>
  <w id="6" lemma="|my|" pos="PRP$" wid="6">my</w>
  <w id="7" lemma="|fellow|" pos="JJ" wid="7">fellow</w>
  <w id="8" lemma="|Poles|" pos="NNPS" wid="8">Poles</w>
  <w id="9" lemma="|:|" pos=":" wid="9">:</w>
  <w id="10" lemma="|may|" pos="MD" wid="10">may</w>
  <w id="11" lemma="|the|" pos="DT" wid="11">the</w>
  <w id="12" lemma="|Mother|" pos="NNP" wid="12">Mother</w>
  <w id="13" lemma="|of|" pos="IN" wid="13">of</w>
  <w id="14" lemma="|God|" pos="NNP" wid="14">God</w>
  <w id="15" lemma="|guide|" pos="VBP" wid="15">guide</w>
  <w id="16" lemma="|you|" pos="PRP" wid="16">you</w>
  <w id="17" lemma="|towards|" pos="IN" wid="17">towards</w>
  <w id="18" lemma="|she|" pos="PRP$" wid="18">her</w>
  <w id="19" lemma="|Son|" pos="NNP" wid="19">Son</w>
  <w id="20" lemma="|,|" pos="," wid="20">,</w>
  <w id="21" lemma="|and|" pos="CC" wid="21">and</w>
  <w id="22" lemma="|show|" pos="VB" wid="22">show</w>
  <w id="23" lemma="|you|" pos="PRP" wid="23">you</w>
  <w id="24" lemma="|the|" pos="DT" wid="24">the</w>
  <w id="25" lemma="|treasure|" pos="NNS" wid="25">treasures</w>
  <w id="26" lemma="|of|" pos="IN" wid="26">of</w>
  <w id="27" lemma="|he|" pos="PRP$" wid="27">his</w>
  <w id="28" lemma="|Heart|" pos="NNP" wid="28">Heart</w>
  <w id="29" lemma="|.|" pos="." wid="29">.</w>
</sentence>
<sentence id="17">
  <w id="0" lemma="|with|" pos="IN" wid="0">With</w>
  <w id="1" lemma="|my|" pos="PRP$" wid="1">my</w>
  <w id="2" lemma="|blessing|" pos="NN" wid="2">blessing</w>
  <w id="3" lemma="|.|" pos="." wid="3">.</w>
</sentence>
<sentence id="18">
  <w id="0" lemma="|3|" pos="LS" wid="0">3</w>
  <w id="1" lemma="|.|" pos="." wid="1">.</w>
</sentence>
<sentence id="19">
  <w id="0" lemma="|gather|" pos="VBN" wid="0">Gathered</w>
  <w id="1" lemma="|with|" pos="IN" wid="1">with</w>
  <w id="2" lemma="|the|" pos="DT" wid="2">the</w>
  <w id="3" lemma="|Apostles|" pos="NNPS" wid="3">Apostles</w>
  <w id="4" lemma="|in|" pos="IN" wid="4">in</w>
  <w id="5" lemma="|the|" pos="DT" wid="5">the</w>
  <w id="6" lemma="|Upper|" pos="NNP" wid="6">Upper</w>
  <w id="7" lemma="|Room|" pos="NNP" wid="7">Room</w>
  <w id="8" lemma="|,|" pos="," wid="8">,</w>
  <w id="9" lemma="|we|" pos="PRP" wid="9">we</w>
  <w id="10" lemma="|now|" pos="RB" wid="10">now</w>
  <w id="11" lemma="|turn|" pos="VBP" wid="11">turn</w>
  <w id="12" lemma="|to|" pos="TO" wid="12">to</w>
  <w id="13" lemma="|Mary|" pos="NNP" wid="13">Mary</w>
  <w id="14" lemma="|and|" pos="CC" wid="14">and</w>
  <w id="15" lemma="|contemplate|" pos="VB" wid="15">contemplate</w>
  <w id="16" lemma="|she|" pos="PRP" wid="16">her</w>
  <w id="17" lemma="|as|" pos="IN" wid="17">as</w>
  <w id="18" lemma="|the|" pos="DT" wid="18">the</w>
  <w id="19" lemma="|Mother|" pos="NNP" wid="19">Mother</w>
  <w id="20" lemma="|of|" pos="IN" wid="20">of</w>
  <w id="21" lemma="|the|" pos="DT" wid="21">the</w>
  <w id="22" lemma="|Church|" pos="NNP" wid="22">Church</w>
  <w id="23" lemma="|,|" pos="," wid="23">,</w>
  <w id="24" lemma="|attentive|" pos="JJ" wid="24">attentive</w>
  <w id="25" lemma="|and|" pos="CC" wid="25">and</w>
  <w id="26" lemma="|care|" pos="VBG" wid="26">caring</w>
  <w id="27" lemma="|towards|" pos="IN" wid="27">towards</w>
  <w id="28" lemma="|all|" pos="PDT" wid="28">all</w>
  <w id="29" lemma="|she|" pos="PRP$" wid="29">her</w>
  <w id="30" lemma="|child|" pos="NNS" wid="30">children</w>
  <w id="31" lemma="|.|" pos="." wid="31">.</w>
</sentence>
<sentence id="20">
  <w id="0" lemma="|trust|" pos="VBG" wid="0">Trusting</w>
  <w id="1" lemma="|in|" pos="IN" wid="1">in</w>
  <w id="2" lemma="|she|" pos="PRP$" wid="2">her</w>
  <w id="3" lemma="|powerful|" pos="JJ" wid="3">powerful</w>
  <w id="4" lemma="|intercession|" pos="NN" wid="4">intercession</w>
  <w id="5" lemma="|we|" pos="PRP" wid="5">we</w>
  <w id="6" lemma="|ask|" pos="VBP" wid="6">ask</w>
  <w id="7" lemma="|she|" pos="PRP" wid="7">her</w>
  <w id="8" lemma="|to|" pos="TO" wid="8">to</w>
  <w id="9" lemma="|obtain|" pos="VB" wid="9">obtain</w>
  <w id="10" lemma="|for|" pos="IN" wid="10">for</w>
  <w id="11" lemma="|all|" pos="PDT" wid="11">all</w>
  <w id="12" lemma="|the|" pos="DT" wid="12">the</w>
  <w id="13" lemma="|people|" pos="NNS" wid="13">people</w>
  <w id="14" lemma="|of|" pos="IN" wid="14">of</w>
  <w id="15" lemma="|God|" pos="NNP" wid="15">God</w>
  <w id="16" lemma="|docility|" pos="NN" wid="16">docility</w>
  <w id="17" lemma="|to|" pos="TO" wid="17">to</w>
  <w id="18" lemma="|the|" pos="DT" wid="18">the</w>
  <w id="19" lemma="|prompting|" pos="NNS" wid="19">promptings</w>
  <w id="20" lemma="|of|" pos="IN" wid="20">of</w>
  <w id="21" lemma="|the|" pos="DT" wid="21">the</w>
  <w id="22" lemma="|Holy|" pos="NNP" wid="22">Holy</w>
  <w id="23" lemma="|Spirit|" pos="NNP" wid="23">Spirit</w>
  <w id="24" lemma="|,|" pos="," wid="24">,</w>
  <w id="25" lemma="|the|" pos="DT" wid="25">the</w>
  <w id="26" lemma="|strength|" pos="NN" wid="26">strength</w>
  <w id="27" lemma="|to|" pos="TO" wid="27">to</w>
  <w id="28" lemma="|show|" pos="VB" wid="28">show</w>
  <w id="29" lemma="|we|" pos="PRP$" wid="29">our</w>
  <w id="30" lemma="|faith|" pos="NN" wid="30">faith</w>
  <w id="31" lemma="|in|" pos="IN" wid="31">in</w>
  <w id="32" lemma="|we|" pos="PRP$" wid="32">our</w>
  <w id="33" lemma="|action|" pos="NNS" wid="33">actions</w>
  <w id="34" lemma="|,|" pos="," wid="34">,</w>
  <w id="35" lemma="|and|" pos="CC" wid="35">and</w>
  <w id="36" lemma="|the|" pos="DT" wid="36">the</w>
  <w id="37" lemma="|courage|" pos="NN" wid="37">courage</w>
  <w id="38" lemma="|to|" pos="TO" wid="38">to</w>
  <w id="39" lemma="|bear|" pos="VB" wid="39">bear</w>
  <w id="40" lemma="|witness|" pos="NN" wid="40">witness</w>
  <w id="41" lemma="|to|" pos="TO" wid="41">to</w>
  <w id="42" lemma="|Christ|" pos="NNP" wid="42">Christ</w>
  <w id="43" lemma="|at|" pos="IN" wid="43">at</w>
  <w id="44" lemma="|every|" pos="DT" wid="44">every</w>
  <w id="45" lemma="|moment|" pos="NN" wid="45">moment</w>
  <w id="46" lemma="|of|" pos="IN" wid="46">of</w>
  <w id="47" lemma="|we|" pos="PRP$" wid="47">our</w>
  <w id="48" lemma="|life|" pos="NNS" wid="48">lives</w>
  <w id="49" lemma="|:|" pos=":" wid="49">:</w>
  <w id="50" lemma="|regina|" pos="FW" wid="50">Regina</w>
  <w id="51" lemma="|caeli|" pos="FW" wid="51">caeli</w>
  <w id="52" lemma="|...|" pos=":" wid="52">...</w>
</sentence>
</corpus>