<corpus id="0">
<sentence id="0">
  <w id="0" lemma="|Dear|" pos="NNP" wid="0">Dear</w>
  <w id="1" lemma="|Brothers|" pos="NNPS" wid="1">Brothers</w>
  <w id="2" lemma="|and|" pos="CC" wid="2">and</w>
  <w id="3" lemma="|sister|" pos="NNS" wid="3">Sisters</w>
  <w id="4" lemma="|,|" pos="," wid="4">,</w>
  <w id="5" lemma="|1|" pos="CD" wid="5">1</w>
  <w id="6" lemma="|.|" pos="." wid="6">.</w>
</sentence>
<sentence id="1">
  <w id="0" lemma="|the|" pos="DT" wid="0">The</w>
  <w id="1" lemma="|solemn|" pos="JJ" wid="1">solemn</w>
  <w id="2" lemma="|eucharistic|" pos="JJ" wid="2">Eucharistic</w>
  <w id="3" lemma="|concelebration|" pos="NN" wid="3">concelebration</w>
  <w id="4" lemma="|in|" pos="IN" wid="4">in</w>
  <w id="5" lemma="|St|" pos="NNP" wid="5">St</w>
  <w id="6" lemma="|Peter|" pos="NNP" wid="6">Peter</w>
  <w id="7" lemma="|'s|" pos="POS" wid="7">'s</w>
  <w id="8" lemma="|basilica|" pos="NN" wid="8">Basilica</w>
  <w id="9" lemma="|for|" pos="IN" wid="9">for</w>
  <w id="10" lemma="|the|" pos="DT" wid="10">the</w>
  <w id="11" lemma="|opening|" pos="NN" wid="11">opening</w>
  <w id="12" lemma="|of|" pos="IN" wid="12">of</w>
  <w id="13" lemma="|the|" pos="DT" wid="13">the</w>
  <w id="14" lemma="|special|" pos="JJ" wid="14">Special</w>
  <w id="15" lemma="|Assembly|" pos="NNP" wid="15">Assembly</w>
  <w id="16" lemma="|for|" pos="IN" wid="16">for</w>
  <w id="17" lemma="|America|" pos="NNP" wid="17">America</w>
  <w id="18" lemma="|of|" pos="IN" wid="18">of</w>
  <w id="19" lemma="|the|" pos="DT" wid="19">the</w>
  <w id="20" lemma="|synod|" pos="NN" wid="20">Synod</w>
  <w id="21" lemma="|of|" pos="IN" wid="21">of</w>
  <w id="22" lemma="|bishop|" pos="NNS" wid="22">Bishops</w>
  <w id="23" lemma="|have|" pos="VBZ" wid="23">has</w>
  <w id="24" lemma="|just|" pos="RB" wid="24">just</w>
  <w id="25" lemma="|end|" pos="VBN" wid="25">ended</w>
  <w id="26" lemma="|.|" pos="." wid="26">.</w>
</sentence>
<sentence id="2">
  <w id="0" lemma="|it|" pos="PRP" wid="0">It</w>
  <w id="1" lemma="|be|" pos="VBD" wid="1">was</w>
  <w id="2" lemma="|the|" pos="DT" wid="2">the</w>
  <w id="3" lemma="|first|" pos="JJ" wid="3">first</w>
  <w id="4" lemma="|pan-american|" pos="JJ" wid="4">Pan-American</w>
  <w id="5" lemma="|synod|" pos="NN" wid="5">Synod</w>
  <w id="6" lemma="|to|" pos="TO" wid="6">to</w>
  <w id="7" lemma="|take|" pos="VB" wid="7">take</w>
  <w id="8" lemma="|place|" pos="NN" wid="8">place</w>
  <w id="9" lemma="|in|" pos="IN" wid="9">in</w>
  <w id="10" lemma="|history|" pos="NN" wid="10">history</w>
  <w id="11" lemma="|,|" pos="," wid="11">,</w>
  <w id="12" lemma="|just|" pos="RB" wid="12">just</w>
  <w id="13" lemma="|over|" pos="IN" wid="13">over</w>
  <w id="14" lemma="|500|" pos="CD" wid="14">500</w>
  <w id="15" lemma="|year|" pos="NNS" wid="15">years</w>
  <w id="16" lemma="|since|" pos="IN" wid="16">since</w>
  <w id="17" lemma="|the|" pos="DT" wid="17">the</w>
  <w id="18" lemma="|beginning|" pos="NN" wid="18">beginning</w>
  <w id="19" lemma="|of|" pos="IN" wid="19">of</w>
  <w id="20" lemma="|the|" pos="DT" wid="20">the</w>
  <w id="21" lemma="|evangelization|" pos="NN" wid="21">evangelization</w>
  <w id="22" lemma="|of|" pos="IN" wid="22">of</w>
  <w id="23" lemma="|the|" pos="DT" wid="23">the</w>
  <w id="24" lemma="|``|" pos="``" wid="24">``</w>
  <w id="25" lemma="|New|" pos="NNP" wid="25">New</w>
  <w id="26" lemma="|World|" pos="NNP" wid="26">World</w>
  <w id="27" lemma="|''|" pos="''" wid="27">''</w>
  <w id="28" lemma="|.|" pos="." wid="28">.</w>
</sentence>
<sentence id="3">
  <w id="0" lemma="|the|" pos="DT" wid="0">The</w>
  <w id="1" lemma="|Synod|" pos="NNP" wid="1">Synod</w>
  <w id="2" lemma="|father|" pos="NNS" wid="2">Fathers</w>
  <w id="3" lemma="|who|" pos="WP" wid="3">who</w>
  <w id="4" lemma="|come|" pos="VBD" wid="4">came</w>
  <w id="5" lemma="|to|" pos="TO" wid="5">to</w>
  <w id="6" lemma="|Rome|" pos="NNP" wid="6">Rome</w>
  <w id="7" lemma="|for|" pos="IN" wid="7">for</w>
  <w id="8" lemma="|this|" pos="DT" wid="8">this</w>
  <w id="9" lemma="|event|" pos="NN" wid="9">event</w>
  <w id="10" lemma="|be|" pos="VBP" wid="10">are</w>
  <w id="11" lemma="|call|" pos="VBN" wid="11">called</w>
  <w id="12" lemma="|to|" pos="TO" wid="12">to</w>
  <w id="13" lemma="|examine|" pos="VB" wid="13">examine</w>
  <w id="14" lemma="|closely|" pos="RB" wid="14">closely</w>
  <w id="15" lemma="|the|" pos="DT" wid="15">the</w>
  <w id="16" lemma="|multifaceted|" pos="JJ" wid="16">multifaceted</w>
  <w id="17" lemma="|reality|" pos="NN" wid="17">reality</w>
  <w id="18" lemma="|of|" pos="IN" wid="18">of</w>
  <w id="19" lemma="|America|" pos="NNP" wid="19">America</w>
  <w id="20" lemma="|.|" pos="." wid="20">.</w>
</sentence>
<sentence id="4">
  <w id="0" lemma="|indeed|" pos="RB" wid="0">Indeed</w>
  <w id="1" lemma="|,|" pos="," wid="1">,</w>
  <w id="2" lemma="|the|" pos="DT" wid="2">the</w>
  <w id="3" lemma="|Church|" pos="NNP" wid="3">Church</w>
  <w id="4" lemma="|,|" pos="," wid="4">,</w>
  <w id="5" lemma="|treasure|" pos="VBG" wid="5">treasuring</w>
  <w id="6" lemma="|the|" pos="DT" wid="6">the</w>
  <w id="7" lemma="|experience|" pos="NN" wid="7">experience</w>
  <w id="8" lemma="|of|" pos="IN" wid="8">of</w>
  <w id="9" lemma="|five|" pos="CD" wid="9">five</w>
  <w id="10" lemma="|century|" pos="NNS" wid="10">centuries</w>
  <w id="11" lemma="|of|" pos="IN" wid="11">of</w>
  <w id="12" lemma="|evangelization|" pos="NN" wid="12">evangelization</w>
  <w id="13" lemma="|,|" pos="," wid="13">,</w>
  <w id="14" lemma="|intend|" pos="VBZ" wid="14">intends</w>
  <w id="15" lemma="|to|" pos="TO" wid="15">to</w>
  <w id="16" lemma="|prepare|" pos="VB" wid="16">prepare</w>
  <w id="17" lemma="|herself|" pos="PRP" wid="17">herself</w>
  <w id="18" lemma="|to|" pos="TO" wid="18">to</w>
  <w id="19" lemma="|meet|" pos="VB" wid="19">meet</w>
  <w id="20" lemma="|the|" pos="DT" wid="20">the</w>
  <w id="21" lemma="|great|" pos="JJ" wid="21">great</w>
  <w id="22" lemma="|challenge|" pos="NNS" wid="22">challenges</w>
  <w id="23" lemma="|of|" pos="IN" wid="23">of</w>
  <w id="24" lemma="|the|" pos="DT" wid="24">the</w>
  <w id="25" lemma="|third|" pos="JJ" wid="25">third</w>
  <w id="26" lemma="|millennium|" pos="JJ" wid="26">millennium</w>
  <w id="27" lemma="|.|" pos="." wid="27">.</w>
</sentence>
<sentence id="5">
  <w id="0" lemma="|the|" pos="DT" wid="0">The</w>
  <w id="1" lemma="|objective|" pos="NN" wid="1">objective</w>
  <w id="2" lemma="|be|" pos="VBZ" wid="2">is</w>
  <w id="3" lemma="|to|" pos="TO" wid="3">to</w>
  <w id="4" lemma="|spread|" pos="VB" wid="4">spread</w>
  <w id="5" lemma="|the|" pos="DT" wid="5">the</w>
  <w id="6" lemma="|Gospel|" pos="NNP" wid="6">Gospel</w>
  <w id="7" lemma="|message|" pos="NN" wid="7">message</w>
  <w id="8" lemma="|ever|" pos="RB" wid="8">ever</w>
  <w id="9" lemma="|further|" pos="RB" wid="9">further</w>
  <w id="10" lemma="|so|" pos="IN" wid="10">so</w>
  <w id="11" lemma="|that|" pos="IN" wid="11">that</w>
  <w id="12" lemma="|Christ|" pos="NNP" wid="12">Christ</w>
  <w id="13" lemma="|may|" pos="MD" wid="13">may</w>
  <w id="14" lemma="|be|" pos="VB" wid="14">be</w>
  <w id="15" lemma="|know|" pos="VBN" wid="15">known</w>
  <w id="16" lemma="|and|" pos="CC" wid="16">and</w>
  <w id="17" lemma="|welcome|" pos="VBN" wid="17">welcomed</w>
  <w id="18" lemma="|everywhere|" pos="RB" wid="18">everywhere</w>
  <w id="19" lemma="|as|" pos="IN" wid="19">as</w>
  <w id="20" lemma="|man|" pos="NN" wid="20">man</w>
  <w id="21" lemma="|'s|" pos="POS" wid="21">'s</w>
  <w id="22" lemma="|true|" pos="JJ" wid="22">true</w>
  <w id="23" lemma="|Redeemer|" pos="NNP" wid="23">Redeemer</w>
  <w id="24" lemma="|.|" pos="." wid="24">.</w>
</sentence>
<sentence id="6">
  <w id="0" lemma="|we|" pos="PRP$" wid="0">Our</w>
  <w id="1" lemma="|attention|" pos="NN" wid="1">attention</w>
  <w id="2" lemma="|have|" pos="VBZ" wid="2">has</w>
  <w id="3" lemma="|remain|" pos="VBN" wid="3">remained</w>
  <w id="4" lemma="|particularly|" pos="RB" wid="4">particularly</w>
  <w id="5" lemma="|focus|" pos="VBN" wid="5">focused</w>
  <w id="6" lemma="|on|" pos="IN" wid="6">on</w>
  <w id="7" lemma="|Christ|" pos="NNP" wid="7">Christ</w>
  <w id="8" lemma="|during|" pos="IN" wid="8">during</w>
  <w id="9" lemma="|this|" pos="DT" wid="9">this</w>
  <w id="10" lemma="|first|" pos="JJ" wid="10">first</w>
  <w id="11" lemma="|year|" pos="NN" wid="11">year</w>
  <w id="12" lemma="|of|" pos="IN" wid="12">of</w>
  <w id="13" lemma="|immediate|" pos="JJ" wid="13">immediate</w>
  <w id="14" lemma="|preparation|" pos="NN" wid="14">preparation</w>
  <w id="15" lemma="|for|" pos="IN" wid="15">for</w>
  <w id="16" lemma="|the|" pos="DT" wid="16">the</w>
  <w id="17" lemma="|jubilee|" pos="NN" wid="17">Jubilee</w>
  <w id="18" lemma="|of|" pos="IN" wid="18">of</w>
  <w id="19" lemma="|the|" pos="DT" wid="19">the</w>
  <w id="20" lemma="|Year|" pos="NNP" wid="20">Year</w>
  <w id="21" lemma="|2000|" pos="CD" wid="21">2000</w>
  <w id="22" lemma="|.|" pos="." wid="22">.</w>
</sentence>
<sentence id="7">
  <w id="0" lemma="|it|" pos="PRP" wid="0">It</w>
  <w id="1" lemma="|be|" pos="VBZ" wid="1">is</w>
  <w id="2" lemma="|he|" pos="PRP" wid="2">he</w>
  <w id="3" lemma="|who|" pos="WP" wid="3">who</w>
  <w id="4" lemma="|tear|" pos="NNS" wid="4">tears</w>
  <w id="5" lemma="|down|" pos="IN" wid="5">down</w>
  <w id="6" lemma="|the|" pos="DT" wid="6">the</w>
  <w id="7" lemma="|wall|" pos="NNS" wid="7">walls</w>
  <w id="8" lemma="|that|" pos="WDT" wid="8">that</w>
  <w id="9" lemma="|separate|" pos="VBP" wid="9">separate</w>
  <w id="10" lemma="|individual|" pos="JJ" wid="10">individual</w>
  <w id="11" lemma="|from|" pos="IN" wid="11">from</w>
  <w id="12" lemma="|individual|" pos="JJ" wid="12">individual</w>
  <w id="13" lemma="|,|" pos="," wid="13">,</w>
  <w id="14" lemma="|nation|" pos="NN" wid="14">nation</w>
  <w id="15" lemma="|from|" pos="IN" wid="15">from</w>
  <w id="16" lemma="|nation|" pos="NN" wid="16">nation</w>
  <w id="17" lemma="|.|" pos="." wid="17">.</w>
</sentence>
<sentence id="8">
  <w id="0" lemma="|although|" pos="IN" wid="0">Although</w>
  <w id="1" lemma="|christian|" pos="NNS" wid="1">Christians</w>
  <w id="2" lemma="|love|" pos="VBP" wid="2">love</w>
  <w id="3" lemma="|and|" pos="CC" wid="3">and</w>
  <w id="4" lemma="|honour|" pos="VBP" wid="4">honour</w>
  <w id="5" lemma="|they|" pos="PRP$" wid="5">their</w>
  <w id="6" lemma="|own|" pos="JJ" wid="6">own</w>
  <w id="7" lemma="|country|" pos="NN" wid="7">country</w>
  <w id="8" lemma="|,|" pos="," wid="8">,</w>
  <w id="9" lemma="|they|" pos="PRP" wid="9">they</w>
  <w id="10" lemma="|be|" pos="VBP" wid="10">are</w>
  <w id="11" lemma="|man|" pos="NNS" wid="11">men</w>
  <w id="12" lemma="|and|" pos="CC" wid="12">and</w>
  <w id="13" lemma="|woman|" pos="NNS" wid="13">women</w>
  <w id="14" lemma="|``|" pos="``" wid="14">``</w>
  <w id="15" lemma="|without|" pos="IN" wid="15">without</w>
  <w id="16" lemma="|border|" pos="NNS" wid="16">borders</w>
  <w id="17" lemma="|''|" pos="''" wid="17">''</w>
  <w id="18" lemma="|,|" pos="," wid="18">,</w>
  <w id="19" lemma="|because|" pos="IN" wid="19">because</w>
  <w id="20" lemma="|the|" pos="DT" wid="20">the</w>
  <w id="21" lemma="|ecclesial|" pos="JJ" wid="21">ecclesial</w>
  <w id="22" lemma="|community|" pos="NN" wid="22">community</w>
  <w id="23" lemma="|know|" pos="VBZ" wid="23">knows</w>
  <w id="24" lemma="|no|" pos="DT" wid="24">no</w>
  <w id="25" lemma="|boundary|" pos="NNS" wid="25">boundaries</w>
  <w id="26" lemma="|of|" pos="IN" wid="26">of</w>
  <w id="27" lemma="|race|" pos="NN" wid="27">race</w>
  <w id="28" lemma="|,|" pos="," wid="28">,</w>
  <w id="29" lemma="|language|" pos="NN" wid="29">language</w>
  <w id="30" lemma="|or|" pos="CC" wid="30">or</w>
  <w id="31" lemma="|culture|" pos="NN" wid="31">culture</w>
  <w id="32" lemma="|.|" pos="." wid="32">.</w>
</sentence>
<sentence id="9">
  <w id="0" lemma="|2|" pos="CD" wid="0">2</w>
  <w id="1" lemma="|.|" pos="." wid="1">.</w>
</sentence>
<sentence id="10">
  <w id="0" lemma="|a|" pos="DT" wid="0">A</w>
  <w id="1" lemma="|pressing|" pos="JJ" wid="1">pressing</w>
  <w id="2" lemma="|invitaton|" pos="NN" wid="2">invitaton</w>
  <w id="3" lemma="|to|" pos="TO" wid="3">to</w>
  <w id="4" lemma="|meditate|" pos="VB" wid="4">meditate</w>
  <w id="5" lemma="|on|" pos="IN" wid="5">on</w>
  <w id="6" lemma="|this|" pos="DT" wid="6">this</w>
  <w id="7" lemma="|reality|" pos="NN" wid="7">reality</w>
  <w id="8" lemma="|come|" pos="VBZ" wid="8">comes</w>
  <w id="9" lemma="|to|" pos="TO" wid="9">to</w>
  <w id="10" lemma="|we|" pos="PRP" wid="10">us</w>
  <w id="11" lemma="|today|" pos="NN" wid="11">today</w>
  <w id="12" lemma="|from|" pos="IN" wid="12">from</w>
  <w id="13" lemma="|the|" pos="DT" wid="13">the</w>
  <w id="14" lemma="|Church|" pos="NNP" wid="14">Church</w>
  <w id="15" lemma="|in|" pos="IN" wid="15">in</w>
  <w id="16" lemma="|Italy|" pos="NNP" wid="16">Italy</w>
  <w id="17" lemma="|,|" pos="," wid="17">,</w>
  <w id="18" lemma="|on|" pos="IN" wid="18">on</w>
  <w id="19" lemma="|the|" pos="DT" wid="19">the</w>
  <w id="20" lemma="|occasion|" pos="NN" wid="20">occasion</w>
  <w id="21" lemma="|of|" pos="IN" wid="21">of</w>
  <w id="22" lemma="|the|" pos="DT" wid="22">the</w>
  <w id="23" lemma="|National|" pos="NNP" wid="23">National</w>
  <w id="24" lemma="|Migration|" pos="NNP" wid="24">Migration</w>
  <w id="25" lemma="|Day|" pos="NNP" wid="25">Day</w>
  <w id="26" lemma="|,|" pos="," wid="26">,</w>
  <w id="27" lemma="|whose|" pos="WP$" wid="27">whose</w>
  <w id="28" lemma="|theme|" pos="NN" wid="28">theme</w>
  <w id="29" lemma="|be|" pos="VBZ" wid="29">is</w>
  <w id="30" lemma="|:|" pos=":" wid="30">:</w>
  <w id="31" lemma="|``|" pos="``" wid="31">``</w>
  <w id="32" lemma="|with|" pos="IN" wid="32">With</w>
  <w id="33" lemma="|Christ|" pos="NNP" wid="33">Christ</w>
  <w id="34" lemma="|,|" pos="," wid="34">,</w>
  <w id="35" lemma="|for|" pos="IN" wid="35">for</w>
  <w id="36" lemma="|a|" pos="DT" wid="36">a</w>
  <w id="37" lemma="|world|" pos="NN" wid="37">world</w>
  <w id="38" lemma="|without|" pos="IN" wid="38">without</w>
  <w id="39" lemma="|border|" pos="NNS" wid="39">borders</w>
  <w id="40" lemma="|''|" pos="''" wid="40">''</w>
  <w id="41" lemma="|.|" pos="." wid="41">.</w>
</sentence>
<sentence id="11">
  <w id="0" lemma="|this|" pos="DT" wid="0">This</w>
  <w id="1" lemma="|year|" pos="NN" wid="1">year</w>
  <w id="2" lemma="|,|" pos="," wid="2">,</w>
  <w id="3" lemma="|which|" pos="WDT" wid="3">which</w>
  <w id="4" lemma="|be|" pos="VBZ" wid="4">is</w>
  <w id="5" lemma="|also|" pos="RB" wid="5">also</w>
  <w id="6" lemma="|the|" pos="DT" wid="6">the</w>
  <w id="7" lemma="|european|" pos="JJ" wid="7">European</w>
  <w id="8" lemma="|year|" pos="NN" wid="8">year</w>
  <w id="9" lemma="|against|" pos="IN" wid="9">against</w>
  <w id="10" lemma="|racism|" pos="NN" wid="10">racism</w>
  <w id="11" lemma="|,|" pos="," wid="11">,</w>
  <w id="12" lemma="|everyone|" pos="NN" wid="12">everyone</w>
  <w id="13" lemma="|be|" pos="VBZ" wid="13">is</w>
  <w id="14" lemma="|commit|" pos="VBN" wid="14">committed</w>
  <w id="15" lemma="|to|" pos="TO" wid="15">to</w>
  <w id="16" lemma="|a|" pos="DT" wid="16">a</w>
  <w id="17" lemma="|reconcile|" pos="VBN" wid="17">reconciled</w>
  <w id="18" lemma="|humanity|" pos="NN" wid="18">humanity</w>
  <w id="19" lemma="|,|" pos="," wid="19">,</w>
  <w id="20" lemma="|with|" pos="IN" wid="20">with</w>
  <w id="21" lemma="|respect|" pos="NN" wid="21">respect</w>
  <w id="22" lemma="|for|" pos="IN" wid="22">for</w>
  <w id="23" lemma="|difference|" pos="NNS" wid="23">differences</w>
  <w id="24" lemma="|and|" pos="CC" wid="24">and</w>
  <w id="25" lemma="|openness|" pos="NN" wid="25">openness</w>
  <w id="26" lemma="|to|" pos="TO" wid="26">to</w>
  <w id="27" lemma="|mutual|" pos="JJ" wid="27">mutual</w>
  <w id="28" lemma="|knowledge|" pos="NN" wid="28">knowledge</w>
  <w id="29" lemma="|.|" pos="." wid="29">.</w>
</sentence>
<sentence id="12">
  <w id="0" lemma="|I|" pos="PRP" wid="0">I</w>
  <w id="1" lemma="|express|" pos="VBP" wid="1">express</w>
  <w id="2" lemma="|my|" pos="PRP$" wid="2">my</w>
  <w id="3" lemma="|appreciation|" pos="NN" wid="3">appreciation</w>
  <w id="4" lemma="|and|" pos="CC" wid="4">and</w>
  <w id="5" lemma="|encouragement|" pos="NN" wid="5">encouragement</w>
  <w id="6" lemma="|for|" pos="IN" wid="6">for</w>
  <w id="7" lemma="|the|" pos="DT" wid="7">the</w>
  <w id="8" lemma="|many|" pos="JJ" wid="8">many</w>
  <w id="9" lemma="|initiative|" pos="NNS" wid="9">initiatives</w>
  <w id="10" lemma="|of|" pos="IN" wid="10">of</w>
  <w id="11" lemma="|solidarity|" pos="NN" wid="11">solidarity</w>
  <w id="12" lemma="|with|" pos="IN" wid="12">with</w>
  <w id="13" lemma="|migrant|" pos="NNS" wid="13">migrants</w>
  <w id="14" lemma="|and|" pos="CC" wid="14">and</w>
  <w id="15" lemma="|refugee|" pos="NNS" wid="15">refugees</w>
  <w id="16" lemma="|,|" pos="," wid="16">,</w>
  <w id="17" lemma="|especially|" pos="RB" wid="17">especially</w>
  <w id="18" lemma="|with|" pos="IN" wid="18">with</w>
  <w id="19" lemma="|all|" pos="PDT" wid="19">all</w>
  <w id="20" lemma="|those|" pos="DT" wid="20">those</w>
  <w id="21" lemma="|--|" pos=":" wid="21">--</w>
  <w id="22" lemma="|and|" pos="CC" wid="22">and</w>
  <w id="23" lemma="|unfortunately|" pos="RB" wid="23">unfortunately</w>
  <w id="24" lemma="|they|" pos="PRP" wid="24">they</w>
  <w id="25" lemma="|be|" pos="VBP" wid="25">are</w>
  <w id="26" lemma="|many|" pos="JJ" wid="26">many</w>
  <w id="27" lemma="|--|" pos=":" wid="27">--</w>
  <w id="28" lemma="|who|" pos="WP" wid="28">who</w>
  <w id="29" lemma="|be|" pos="VBP" wid="29">are</w>
  <w id="30" lemma="|in|" pos="IN" wid="30">in</w>
  <w id="31" lemma="|difficult|" pos="JJ" wid="31">difficult</w>
  <w id="32" lemma="|or|" pos="CC" wid="32">or</w>
  <w id="33" lemma="|precarious|" pos="JJ" wid="33">precarious</w>
  <w id="34" lemma="|situation|" pos="NNS" wid="34">situations</w>
  <w id="35" lemma="|.|" pos="." wid="35">.</w>
</sentence>
<sentence id="13">
  <w id="0" lemma="|I|" pos="PRP" wid="0">I</w>
  <w id="1" lemma="|entrust|" pos="VBP" wid="1">entrust</w>
  <w id="2" lemma="|this|" pos="DT" wid="2">this</w>
  <w id="3" lemma="|day|" pos="NN" wid="3">day</w>
  <w id="4" lemma="|'s|" pos="POS" wid="4">'s</w>
  <w id="5" lemma="|intention|" pos="NNS" wid="5">intentions</w>
  <w id="6" lemma="|to|" pos="TO" wid="6">to</w>
  <w id="7" lemma="|the|" pos="DT" wid="7">the</w>
  <w id="8" lemma="|intercession|" pos="NN" wid="8">intercession</w>
  <w id="9" lemma="|of|" pos="IN" wid="9">of</w>
  <w id="10" lemma="|John|" pos="NNP" wid="10">John</w>
  <w id="11" lemma="|Baptist|" pos="NNP" wid="11">Baptist</w>
  <w id="12" lemma="|Scalabrini|" pos="NNP" wid="12">Scalabrini</w>
  <w id="13" lemma="|,|" pos="," wid="13">,</w>
  <w id="14" lemma="|Bishop|" pos="NNP" wid="14">Bishop</w>
  <w id="15" lemma="|and|" pos="CC" wid="15">and</w>
  <w id="16" lemma="|Father|" pos="NNP" wid="16">Father</w>
  <w id="17" lemma="|of|" pos="IN" wid="17">of</w>
  <w id="18" lemma="|migrant|" pos="NNS" wid="18">migrants</w>
  <w id="19" lemma="|,|" pos="," wid="19">,</w>
  <w id="20" lemma="|whom|" pos="WP" wid="20">whom</w>
  <w id="21" lemma="|I|" pos="PRP" wid="21">I</w>
  <w id="22" lemma="|proclaim|" pos="VBD" wid="22">proclaimed</w>
  <w id="23" lemma="|bless|" pos="VBN" wid="23">blessed</w>
  <w id="24" lemma="|last|" pos="JJ" wid="24">last</w>
  <w id="25" lemma="|Sunday|" pos="NNP" wid="25">Sunday</w>
  <w id="26" lemma="|.|" pos="." wid="26">.</w>
</sentence>
<sentence id="14">
  <w id="0" lemma="|3|" pos="LS" wid="0">3</w>
  <w id="1" lemma="|.|" pos="." wid="1">.</w>
</sentence>
<sentence id="15">
  <w id="0" lemma="|May|" pos="NNP" wid="0">May</w>
  <w id="1" lemma="|Mary|" pos="NNP" wid="1">Mary</w>
  <w id="2" lemma="|strengthen|" pos="VB" wid="2">strengthen</w>
  <w id="3" lemma="|by|" pos="IN" wid="3">by</w>
  <w id="4" lemma="|she|" pos="PRP$" wid="4">her</w>
  <w id="5" lemma="|intercession|" pos="NN" wid="5">intercession</w>
  <w id="6" lemma="|the|" pos="DT" wid="6">the</w>
  <w id="7" lemma="|commitment|" pos="NNS" wid="7">commitments</w>
  <w id="8" lemma="|that|" pos="WDT" wid="8">that</w>
  <w id="9" lemma="|will|" pos="MD" wid="9">will</w>
  <w id="10" lemma="|result|" pos="VB" wid="10">result</w>
  <w id="11" lemma="|from|" pos="IN" wid="11">from</w>
  <w id="12" lemma="|this|" pos="DT" wid="12">this</w>
  <w id="13" lemma="|national|" pos="JJ" wid="13">National</w>
  <w id="14" lemma="|migration|" pos="NN" wid="14">Migration</w>
  <w id="15" lemma="|day|" pos="NN" wid="15">Day</w>
  <w id="16" lemma="|and|" pos="CC" wid="16">and</w>
  <w id="17" lemma="|from|" pos="IN" wid="17">from</w>
  <w id="18" lemma="|the|" pos="DT" wid="18">the</w>
  <w id="19" lemma="|Synod|" pos="NNP" wid="19">Synod</w>
  <w id="20" lemma="|Assembly|" pos="NNP" wid="20">Assembly</w>
  <w id="21" lemma="|for|" pos="IN" wid="21">for</w>
  <w id="22" lemma="|America|" pos="NNP" wid="22">America</w>
  <w id="23" lemma="|.|" pos="." wid="23">.</w>
</sentence>
<sentence id="16">
  <w id="0" lemma="|my|" pos="PRP$" wid="0">My</w>
  <w id="1" lemma="|thought|" pos="NNS" wid="1">thoughts</w>
  <w id="2" lemma="|turn|" pos="VBP" wid="2">turn</w>
  <w id="3" lemma="|particularly|" pos="RB" wid="3">particularly</w>
  <w id="4" lemma="|to|" pos="TO" wid="4">to</w>
  <w id="5" lemma="|the|" pos="DT" wid="5">the</w>
  <w id="6" lemma="|american|" pos="JJ" wid="6">American</w>
  <w id="7" lemma="|continent|" pos="NN" wid="7">continent</w>
  <w id="8" lemma="|,|" pos="," wid="8">,</w>
  <w id="9" lemma="|strew|" pos="VBN" wid="9">strewn</w>
  <w id="10" lemma="|with|" pos="IN" wid="10">with</w>
  <w id="11" lemma="|shrine|" pos="NNS" wid="11">shrines</w>
  <w id="12" lemma="|where|" pos="WRB" wid="12">where</w>
  <w id="13" lemma="|the|" pos="DT" wid="13">the</w>
  <w id="14" lemma="|People|" pos="NNP" wid="14">People</w>
  <w id="15" lemma="|of|" pos="IN" wid="15">of</w>
  <w id="16" lemma="|God|" pos="NNP" wid="16">God</w>
  <w id="17" lemma="|venerate|" pos="VBP" wid="17">venerate</w>
  <w id="18" lemma="|the|" pos="DT" wid="18">the</w>
  <w id="19" lemma="|Blessed|" pos="NNP" wid="19">Blessed</w>
  <w id="20" lemma="|Virgin|" pos="NNP" wid="20">Virgin</w>
  <w id="21" lemma="|.|" pos="." wid="21">.</w>
</sentence>
<sentence id="17">
  <w id="0" lemma="|may|" pos="MD" wid="0">May</w>
  <w id="1" lemma="|the|" pos="DT" wid="1">the</w>
  <w id="2" lemma="|heavenly|" pos="JJ" wid="2">heavenly</w>
  <w id="3" lemma="|Queen|" pos="NNP" wid="3">Queen</w>
  <w id="4" lemma="|of|" pos="IN" wid="4">of</w>
  <w id="5" lemma="|America|" pos="NNP" wid="5">America</w>
  <w id="6" lemma="|obtain|" pos="VB" wid="6">obtain</w>
  <w id="7" lemma="|a|" pos="DT" wid="7">an</w>
  <w id="8" lemma="|abundant|" pos="JJ" wid="8">abundant</w>
  <w id="9" lemma="|outpouring|" pos="NN" wid="9">outpouring</w>
  <w id="10" lemma="|of|" pos="IN" wid="10">of</w>
  <w id="11" lemma="|the|" pos="DT" wid="11">the</w>
  <w id="12" lemma="|holy|" pos="JJ" wid="12">Holy</w>
  <w id="13" lemma="|spirit|" pos="NN" wid="13">Spirit</w>
  <w id="14" lemma="|to|" pos="TO" wid="14">to</w>
  <w id="15" lemma="|enlighten|" pos="VB" wid="15">enlighten</w>
  <w id="16" lemma="|the|" pos="DT" wid="16">the</w>
  <w id="17" lemma="|discernment|" pos="NN" wid="17">discernment</w>
  <w id="18" lemma="|and|" pos="CC" wid="18">and</w>
  <w id="19" lemma="|guide|" pos="VB" wid="19">guide</w>
  <w id="20" lemma="|the|" pos="DT" wid="20">the</w>
  <w id="21" lemma="|work|" pos="NN" wid="21">work</w>
  <w id="22" lemma="|and|" pos="CC" wid="22">and</w>
  <w id="23" lemma="|decision|" pos="NNS" wid="23">decisions</w>
  <w id="24" lemma="|of|" pos="IN" wid="24">of</w>
  <w id="25" lemma="|the|" pos="DT" wid="25">the</w>
  <w id="26" lemma="|Synod|" pos="NNP" wid="26">Synod</w>
  <w id="27" lemma="|.|" pos="." wid="27">.</w>
</sentence>
<sentence id="18">
  <w id="0" lemma="|after|" pos="IN" wid="0">After</w>
  <w id="1" lemma="|the|" pos="DT" wid="1">the</w>
  <w id="2" lemma="|recitation|" pos="NN" wid="2">recitation</w>
  <w id="3" lemma="|of|" pos="IN" wid="3">of</w>
  <w id="4" lemma="|the|" pos="DT" wid="4">the</w>
  <w id="5" lemma="|Angelus|" pos="NNP" wid="5">Angelus</w>
  <w id="6" lemma="|the|" pos="DT" wid="6">the</w>
  <w id="7" lemma="|Holy|" pos="NNP" wid="7">Holy</w>
  <w id="8" lemma="|Father|" pos="NNP" wid="8">Father</w>
  <w id="9" lemma="|invite|" pos="VBD" wid="9">invited</w>
  <w id="10" lemma="|those|" pos="DT" wid="10">those</w>
  <w id="11" lemma="|present|" pos="JJ" wid="11">present</w>
  <w id="12" lemma="|to|" pos="TO" wid="12">to</w>
  <w id="13" lemma="|remember|" pos="VB" wid="13">remember</w>
  <w id="14" lemma="|cloistered|" pos="JJ" wid="14">cloistered</w>
  <w id="15" lemma="|religious|" pos="JJ" wid="15">religious</w>
  <w id="16" lemma="|,|" pos="," wid="16">,</w>
  <w id="17" lemma="|for|" pos="IN" wid="17">for</w>
  <w id="18" lemma="|whom|" pos="WP" wid="18">whom</w>
  <w id="19" lemma="|the|" pos="DT" wid="19">the</w>
  <w id="20" lemma="|Church|" pos="NNP" wid="20">Church</w>
  <w id="21" lemma="|pray|" pos="VBZ" wid="21">prays</w>
  <w id="22" lemma="|each|" pos="DT" wid="22">each</w>
  <w id="23" lemma="|year|" pos="NN" wid="23">year</w>
  <w id="24" lemma="|on|" pos="IN" wid="24">on</w>
  <w id="25" lemma="|21|" pos="CD" wid="25">21</w>
  <w id="26" lemma="|November|" pos="NNP" wid="26">November</w>
  <w id="27" lemma="|,|" pos="," wid="27">,</w>
  <w id="28" lemma="|the|" pos="DT" wid="28">the</w>
  <w id="29" lemma="|feast|" pos="NN" wid="29">feast</w>
  <w id="30" lemma="|of|" pos="IN" wid="30">of</w>
  <w id="31" lemma="|Mary|" pos="NNP" wid="31">Mary</w>
  <w id="32" lemma="|'s|" pos="POS" wid="32">'s</w>
  <w id="33" lemma="|presentation|" pos="NN" wid="33">presentation</w>
  <w id="34" lemma="|in|" pos="IN" wid="34">in</w>
  <w id="35" lemma="|the|" pos="DT" wid="35">the</w>
  <w id="36" lemma="|temple|" pos="NN" wid="36">temple</w>
  <w id="37" lemma="|.|" pos="." wid="37">.</w>
</sentence>
<sentence id="19">
  <w id="0" lemma="|Friday|" pos="NNP" wid="0">Friday</w>
  <w id="1" lemma="|next|" pos="JJ" wid="1">next</w>
  <w id="2" lemma="|,|" pos="," wid="2">,</w>
  <w id="3" lemma="|the|" pos="DT" wid="3">the</w>
  <w id="4" lemma="|feast|" pos="NN" wid="4">feast</w>
  <w id="5" lemma="|of|" pos="IN" wid="5">of</w>
  <w id="6" lemma="|the|" pos="DT" wid="6">the</w>
  <w id="7" lemma="|presentation|" pos="NN" wid="7">Presentation</w>
  <w id="8" lemma="|of|" pos="IN" wid="8">of</w>
  <w id="9" lemma="|Mary|" pos="NNP" wid="9">Mary</w>
  <w id="10" lemma="|in|" pos="IN" wid="10">in</w>
  <w id="11" lemma="|the|" pos="DT" wid="11">the</w>
  <w id="12" lemma="|Temple|" pos="NNP" wid="12">Temple</w>
  <w id="13" lemma="|,|" pos="," wid="13">,</w>
  <w id="14" lemma="|be|" pos="VBZ" wid="14">is</w>
  <w id="15" lemma="|the|" pos="DT" wid="15">the</w>
  <w id="16" lemma="|annual|" pos="JJ" wid="16">annual</w>
  <w id="17" lemma="|''|" pos="''" wid="17">''</w>
  <w id="18" lemma="|pro|" pos="FW" wid="18">Pro</w>
  <w id="19" lemma="|orantibus|" pos="FW" wid="19">Orantibus</w>
  <w id="20" lemma="|''|" pos="''" wid="20">''</w>
  <w id="21" lemma="|day|" pos="NN" wid="21">Day</w>
  <w id="22" lemma="|,|" pos="," wid="22">,</w>
  <w id="23" lemma="|a|" pos="DT" wid="23">a</w>
  <w id="24" lemma="|day|" pos="NN" wid="24">day</w>
  <w id="25" lemma="|for|" pos="IN" wid="25">for</w>
  <w id="26" lemma="|cloistered|" pos="JJ" wid="26">cloistered</w>
  <w id="27" lemma="|woman|" pos="NNS" wid="27">women</w>
  <w id="28" lemma="|religious|" pos="JJ" wid="28">religious</w>
  <w id="29" lemma="|who|" pos="WP" wid="29">who</w>
  <w id="30" lemma="|be|" pos="VBP" wid="30">are</w>
  <w id="31" lemma="|especially|" pos="RB" wid="31">especially</w>
  <w id="32" lemma="|dedicate|" pos="VBN" wid="32">dedicated</w>
  <w id="33" lemma="|to|" pos="TO" wid="33">to</w>
  <w id="34" lemma="|prayer|" pos="NN" wid="34">prayer</w>
  <w id="35" lemma="|,|" pos="," wid="35">,</w>
  <w id="36" lemma="|in|" pos="IN" wid="36">in</w>
  <w id="37" lemma="|silence|" pos="NN" wid="37">silence</w>
  <w id="38" lemma="|and|" pos="CC" wid="38">and</w>
  <w id="39" lemma="|recollection|" pos="NN" wid="39">recollection</w>
  <w id="40" lemma="|.|" pos="." wid="40">.</w>
</sentence>
<sentence id="20">
  <w id="0" lemma="|I|" pos="PRP" wid="0">I</w>
  <w id="1" lemma="|invite|" pos="VBP" wid="1">invite</w>
  <w id="2" lemma="|everyone|" pos="NN" wid="2">everyone</w>
  <w id="3" lemma="|especially|" pos="RB" wid="3">especially</w>
  <w id="4" lemma="|to|" pos="TO" wid="4">to</w>
  <w id="5" lemma="|remember|" pos="VB" wid="5">remember</w>
  <w id="6" lemma="|these|" pos="DT" wid="6">these</w>
  <w id="7" lemma="|sister|" pos="NNS" wid="7">sisters</w>
  <w id="8" lemma="|of|" pos="IN" wid="8">of</w>
  <w id="9" lemma="|ours|" pos="PRP" wid="9">ours</w>
  <w id="10" lemma="|who|" pos="WP" wid="10">who</w>
  <w id="11" lemma="|--|" pos=":" wid="11">--</w>
  <w id="12" lemma="|as|" pos="IN" wid="12">as</w>
  <w id="13" lemma="|St|" pos="NNP" wid="13">St</w>
  <w id="14" lemma="|Thérèse|" pos="NNP" wid="14">Thérèse</w>
  <w id="15" lemma="|of|" pos="IN" wid="15">of</w>
  <w id="16" lemma="|Lisieux|" pos="NNP" wid="16">Lisieux</w>
  <w id="17" lemma="|write|" pos="VBD" wid="17">wrote</w>
  <w id="18" lemma="|--|" pos=":" wid="18">--</w>
  <w id="19" lemma="|choose|" pos="VB" wid="19">choose</w>
  <w id="20" lemma="|to|" pos="TO" wid="20">to</w>
  <w id="21" lemma="|abide|" pos="VB" wid="21">abide</w>
  <w id="22" lemma="|in|" pos="IN" wid="22">in</w>
  <w id="23" lemma="|the|" pos="DT" wid="23">the</w>
  <w id="24" lemma="|``|" pos="``" wid="24">``</w>
  <w id="25" lemma="|heart|" pos="NN" wid="25">heart</w>
  <w id="26" lemma="|''|" pos="''" wid="26">''</w>
  <w id="27" lemma="|of|" pos="IN" wid="27">of</w>
  <w id="28" lemma="|the|" pos="DT" wid="28">the</w>
  <w id="29" lemma="|Church|" pos="NNP" wid="29">Church</w>
  <w id="30" lemma="|and|" pos="CC" wid="30">and</w>
  <w id="31" lemma="|need|" pos="VBP" wid="31">need</w>
  <w id="32" lemma="|spiritual|" pos="JJ" wid="32">spiritual</w>
  <w id="33" lemma="|and|" pos="CC" wid="33">and</w>
  <w id="34" lemma="|material|" pos="JJ" wid="34">material</w>
  <w id="35" lemma="|solidarity|" pos="NN" wid="35">solidarity</w>
  <w id="36" lemma="|.|" pos="." wid="36">.</w>
</sentence>
<sentence id="21">
  <w id="0" lemma="|I|" pos="PRP" wid="0">I</w>
  <w id="1" lemma="|address|" pos="VBP" wid="1">address</w>
  <w id="2" lemma="|a|" pos="DT" wid="2">a</w>
  <w id="3" lemma="|cordial|" pos="JJ" wid="3">cordial</w>
  <w id="4" lemma="|greet|" pos="VBG" wid="4">greeting</w>
  <w id="5" lemma="|to|" pos="TO" wid="5">to</w>
  <w id="6" lemma="|the|" pos="DT" wid="6">the</w>
  <w id="7" lemma="|pilgrim|" pos="NNS" wid="7">pilgrims</w>
  <w id="8" lemma="|present|" pos="JJ" wid="8">present</w>
  <w id="9" lemma="|in|" pos="IN" wid="9">in</w>
  <w id="10" lemma="|Rome|" pos="NNP" wid="10">Rome</w>
  <w id="11" lemma="|today|" pos="NN" wid="11">today</w>
  <w id="12" lemma="|,|" pos="," wid="12">,</w>
  <w id="13" lemma="|and|" pos="CC" wid="13">and</w>
  <w id="14" lemma="|I|" pos="PRP" wid="14">I</w>
  <w id="15" lemma="|wish|" pos="VBP" wid="15">wish</w>
  <w id="16" lemma="|everyone|" pos="NN" wid="16">everyone</w>
  <w id="17" lemma="|a|" pos="DT" wid="17">a</w>
  <w id="18" lemma="|pleasant|" pos="JJ" wid="18">pleasant</w>
  <w id="19" lemma="|Sunday|" pos="NNP" wid="19">Sunday</w>
  <w id="20" lemma="|and|" pos="CC" wid="20">and</w>
  <w id="21" lemma="|a|" pos="DT" wid="21">a</w>
  <w id="22" lemma="|good|" pos="JJ" wid="22">good</w>
  <w id="23" lemma="|week|" pos="NN" wid="23">week</w>
  <w id="24" lemma="|.|" pos="." wid="24">.</w>
</sentence>
<sentence id="22">
  <w id="0" lemma="|after|" pos="IN" wid="0">After</w>
  <w id="1" lemma="|pray|" pos="VBG" wid="1">praying</w>
  <w id="2" lemma="|the|" pos="DT" wid="2">the</w>
  <w id="3" lemma="|Angelus|" pos="NNP" wid="3">Angelus</w>
  <w id="4" lemma="|the|" pos="DT" wid="4">the</w>
  <w id="5" lemma="|Holy|" pos="NNP" wid="5">Holy</w>
  <w id="6" lemma="|Father|" pos="NNP" wid="6">Father</w>
  <w id="7" lemma="|appeal|" pos="VBD" wid="7">appealed</w>
  <w id="8" lemma="|for|" pos="IN" wid="8">for</w>
  <w id="9" lemma="|dialogue|" pos="NN" wid="9">dialogue</w>
  <w id="10" lemma="|and|" pos="CC" wid="10">and</w>
  <w id="11" lemma="|diplomacy|" pos="NN" wid="11">diplomacy</w>
  <w id="12" lemma="|to|" pos="TO" wid="12">to</w>
  <w id="13" lemma="|prevent|" pos="VB" wid="13">prevent</w>
  <w id="14" lemma="|the|" pos="DT" wid="14">the</w>
  <w id="15" lemma="|possible|" pos="JJ" wid="15">possible</w>
  <w id="16" lemma="|outbreak|" pos="NN" wid="16">outbreak</w>
  <w id="17" lemma="|of|" pos="IN" wid="17">of</w>
  <w id="18" lemma="|hostility|" pos="NNS" wid="18">hostilities</w>
  <w id="19" lemma="|in|" pos="IN" wid="19">in</w>
  <w id="20" lemma="|the|" pos="DT" wid="20">the</w>
  <w id="21" lemma="|Gulf|" pos="NNP" wid="21">Gulf</w>
  <w id="22" lemma="|region|" pos="NN" wid="22">region</w>
  <w id="23" lemma="|.|" pos="." wid="23">.</w>
</sentence>
<sentence id="23">
  <w id="0" lemma="|the|" pos="DT" wid="0">The</w>
  <w id="1" lemma="|fate|" pos="NN" wid="1">fate</w>
  <w id="2" lemma="|of|" pos="IN" wid="2">of</w>
  <w id="3" lemma="|we|" pos="PRP$" wid="3">our</w>
  <w id="4" lemma="|brother|" pos="NNS" wid="4">brothers</w>
  <w id="5" lemma="|and|" pos="CC" wid="5">and</w>
  <w id="6" lemma="|sister|" pos="NNS" wid="6">sisters</w>
  <w id="7" lemma="|in|" pos="IN" wid="7">in</w>
  <w id="8" lemma="|the|" pos="DT" wid="8">the</w>
  <w id="9" lemma="|Gulf|" pos="NNP" wid="9">Gulf</w>
  <w id="10" lemma="|region|" pos="NN" wid="10">region</w>
  <w id="11" lemma="|be|" pos="VBZ" wid="11">is</w>
  <w id="12" lemma="|a|" pos="DT" wid="12">a</w>
  <w id="13" lemma="|source|" pos="NN" wid="13">source</w>
  <w id="14" lemma="|of|" pos="IN" wid="14">of</w>
  <w id="15" lemma="|deep|" pos="JJ" wid="15">deep</w>
  <w id="16" lemma="|and|" pos="CC" wid="16">and</w>
  <w id="17" lemma="|renewed|" pos="JJ" wid="17">renewed</w>
  <w id="18" lemma="|concern|" pos="NN" wid="18">concern</w>
  <w id="19" lemma="|.|" pos="." wid="19">.</w>
</sentence>
<sentence id="24">
  <w id="0" lemma="|at|" pos="IN" wid="0">At</w>
  <w id="1" lemma="|this|" pos="DT" wid="1">this</w>
  <w id="2" lemma="|moment|" pos="NN" wid="2">moment</w>
  <w id="3" lemma="|of|" pos="IN" wid="3">of</w>
  <w id="4" lemma="|extreme|" pos="JJ" wid="4">extreme</w>
  <w id="5" lemma="|tension|" pos="NN" wid="5">tension</w>
  <w id="6" lemma="|,|" pos="," wid="6">,</w>
  <w id="7" lemma="|when|" pos="WRB" wid="7">when</w>
  <w id="8" lemma="|it|" pos="PRP" wid="8">it</w>
  <w id="9" lemma="|seem|" pos="VBZ" wid="9">seems</w>
  <w id="10" lemma="|that|" pos="IN" wid="10">that</w>
  <w id="11" lemma="|the|" pos="DT" wid="11">the</w>
  <w id="12" lemma="|possibility|" pos="NN" wid="12">possibility</w>
  <w id="13" lemma="|of|" pos="IN" wid="13">of</w>
  <w id="14" lemma="|a|" pos="DT" wid="14">a</w>
  <w id="15" lemma="|new|" pos="JJ" wid="15">new</w>
  <w id="16" lemma="|armed|" pos="JJ" wid="16">armed</w>
  <w id="17" lemma="|conflict|" pos="NN" wid="17">conflict</w>
  <w id="18" lemma="|in|" pos="IN" wid="18">in</w>
  <w id="19" lemma="|Iraq|" pos="NNP" wid="19">Iraq</w>
  <w id="20" lemma="|can|" pos="MD" wid="20">can</w>
  <w id="21" lemma="|not|" pos="RB" wid="21">not</w>
  <w id="22" lemma="|be|" pos="VB" wid="22">be</w>
  <w id="23" lemma="|exclude|" pos="VBN" wid="23">excluded</w>
  <w id="24" lemma="|,|" pos="," wid="24">,</w>
  <w id="25" lemma="|I|" pos="PRP" wid="25">I</w>
  <w id="26" lemma="|would|" pos="MD" wid="26">would</w>
  <w id="27" lemma="|like|" pos="VB" wid="27">like</w>
  <w id="28" lemma="|to|" pos="TO" wid="28">to</w>
  <w id="29" lemma="|raise|" pos="VB" wid="29">raise</w>
  <w id="30" lemma="|a|" pos="DT" wid="30">a</w>
  <w id="31" lemma="|heartfelt|" pos="JJ" wid="31">heartfelt</w>
  <w id="32" lemma="|appeal|" pos="NN" wid="32">appeal</w>
  <w id="33" lemma="|that|" pos="IN" wid="33">that</w>
  <w id="34" lemma="|the|" pos="DT" wid="34">the</w>
  <w id="35" lemma="|way|" pos="NN" wid="35">way</w>
  <w id="36" lemma="|of|" pos="IN" wid="36">of</w>
  <w id="37" lemma="|dialogue|" pos="NN" wid="37">dialogue</w>
  <w id="38" lemma="|and|" pos="CC" wid="38">and</w>
  <w id="39" lemma="|diplomacy|" pos="NN" wid="39">diplomacy</w>
  <w id="40" lemma="|not|" pos="RB" wid="40">not</w>
  <w id="41" lemma="|be|" pos="VB" wid="41">be</w>
  <w id="42" lemma="|abandon|" pos="VBN" wid="42">abandoned</w>
  <w id="43" lemma="|,|" pos="," wid="43">,</w>
  <w id="44" lemma="|in|" pos="IN" wid="44">in</w>
  <w id="45" lemma="|order|" pos="NN" wid="45">order</w>
  <w id="46" lemma="|to|" pos="TO" wid="46">to</w>
  <w id="47" lemma="|preserve|" pos="VB" wid="47">preserve</w>
  <w id="48" lemma="|and|" pos="CC" wid="48">and</w>
  <w id="49" lemma="|to|" pos="TO" wid="49">to</w>
  <w id="50" lemma="|reinforce|" pos="VB" wid="50">reinforce</w>
  <w id="51" lemma="|respect|" pos="NN" wid="51">respect</w>
  <w id="52" lemma="|for|" pos="IN" wid="52">for</w>
  <w id="53" lemma="|justice|" pos="NN" wid="53">justice</w>
  <w id="54" lemma="|and|" pos="CC" wid="54">and</w>
  <w id="55" lemma="|international|" pos="JJ" wid="55">international</w>
  <w id="56" lemma="|law|" pos="NN" wid="56">law</w>
  <w id="57" lemma="|.|" pos="." wid="57">.</w>
</sentence>
<sentence id="25">
  <w id="0" lemma="|I|" pos="PRP" wid="0">I</w>
  <w id="1" lemma="|especially|" pos="RB" wid="1">especially</w>
  <w id="2" lemma="|call|" pos="VBP" wid="2">call</w>
  <w id="3" lemma="|to|" pos="TO" wid="3">to</w>
  <w id="4" lemma="|mind|" pos="VB" wid="4">mind</w>
  <w id="5" lemma="|the|" pos="DT" wid="5">the</w>
  <w id="6" lemma="|civilian|" pos="JJ" wid="6">civilian</w>
  <w id="7" lemma="|population|" pos="NNS" wid="7">populations</w>
  <w id="8" lemma="|,|" pos="," wid="8">,</w>
  <w id="9" lemma="|particularly|" pos="RB" wid="9">particularly</w>
  <w id="10" lemma="|the|" pos="DT" wid="10">the</w>
  <w id="11" lemma="|child|" pos="NNS" wid="11">children</w>
  <w id="12" lemma="|and|" pos="CC" wid="12">and</w>
  <w id="13" lemma="|the|" pos="DT" wid="13">the</w>
  <w id="14" lemma="|sick|" pos="JJ" wid="14">sick</w>
  <w id="15" lemma="|,|" pos="," wid="15">,</w>
  <w id="16" lemma="|who|" pos="WP" wid="16">who</w>
  <w id="17" lemma="|be|" pos="VBP" wid="17">are</w>
  <w id="18" lemma="|unwillingly|" pos="RB" wid="18">unwillingly</w>
  <w id="19" lemma="|trap|" pos="VBN" wid="19">trapped</w>
  <w id="20" lemma="|in|" pos="IN" wid="20">in</w>
  <w id="21" lemma="|a|" pos="DT" wid="21">a</w>
  <w id="22" lemma="|spiral|" pos="NN" wid="22">spiral</w>
  <w id="23" lemma="|of|" pos="IN" wid="23">of</w>
  <w id="24" lemma="|violence|" pos="NN" wid="24">violence</w>
  <w id="25" lemma="|which|" pos="WDT" wid="25">which</w>
  <w id="26" lemma="|will|" pos="MD" wid="26">will</w>
  <w id="27" lemma="|make|" pos="VB" wid="27">make</w>
  <w id="28" lemma="|they|" pos="PRP$" wid="28">their</w>
  <w id="29" lemma="|already|" pos="RB" wid="29">already</w>
  <w id="30" lemma="|difficult|" pos="JJ" wid="30">difficult</w>
  <w id="31" lemma="|situation|" pos="NN" wid="31">situation</w>
  <w id="32" lemma="|even|" pos="RB" wid="32">even</w>
  <w id="33" lemma="|more|" pos="RBR" wid="33">more</w>
  <w id="34" lemma="|tragic|" pos="JJ" wid="34">tragic</w>
  <w id="35" lemma="|.|" pos="." wid="35">.</w>
</sentence>
<sentence id="26">
  <w id="0" lemma="|let|" pos="VB" wid="0">Let</w>
  <w id="1" lemma="|we|" pos="PRP" wid="1">us</w>
  <w id="2" lemma="|implore|" pos="VB" wid="2">implore</w>
  <w id="3" lemma="|the|" pos="DT" wid="3">the</w>
  <w id="4" lemma="|Lord|" pos="NNP" wid="4">Lord</w>
  <w id="5" lemma="|to|" pos="TO" wid="5">to</w>
  <w id="6" lemma="|enlighten|" pos="VB" wid="6">enlighten</w>
  <w id="7" lemma="|the|" pos="DT" wid="7">the</w>
  <w id="8" lemma="|mind|" pos="NNS" wid="8">minds</w>
  <w id="9" lemma="|and|" pos="CC" wid="9">and</w>
  <w id="10" lemma="|heart|" pos="NNS" wid="10">hearts</w>
  <w id="11" lemma="|of|" pos="IN" wid="11">of</w>
  <w id="12" lemma="|all|" pos="DT" wid="12">all</w>
  <w id="13" lemma="|who|" pos="WP" wid="13">who</w>
  <w id="14" lemma="|be|" pos="VBP" wid="14">are</w>
  <w id="15" lemma="|responsible|" pos="JJ" wid="15">responsible</w>
  <w id="16" lemma="|for|" pos="IN" wid="16">for</w>
  <w id="17" lemma="|the|" pos="DT" wid="17">the</w>
  <w id="18" lemma="|destiny|" pos="NN" wid="18">destiny</w>
  <w id="19" lemma="|of|" pos="IN" wid="19">of</w>
  <w id="20" lemma="|people|" pos="NNS" wid="20">peoples</w>
  <w id="21" lemma="|,|" pos="," wid="21">,</w>
  <w id="22" lemma="|so|" pos="IN" wid="22">so</w>
  <w id="23" lemma="|that|" pos="IN" wid="23">that</w>
  <w id="24" lemma="|they|" pos="PRP" wid="24">they</w>
  <w id="25" lemma="|will|" pos="MD" wid="25">will</w>
  <w id="26" lemma="|realize|" pos="VB" wid="26">realize</w>
  <w id="27" lemma="|that|" pos="DT" wid="27">that</w>
  <w id="28" lemma="|peace|" pos="NN" wid="28">peace</w>
  <w id="29" lemma="|be|" pos="VBZ" wid="29">is</w>
  <w id="30" lemma="|the|" pos="DT" wid="30">the</w>
  <w id="31" lemma="|only|" pos="JJ" wid="31">only</w>
  <w id="32" lemma="|way|" pos="NN" wid="32">way</w>
  <w id="33" lemma="|to|" pos="TO" wid="33">to</w>
  <w id="34" lemma="|guarantee|" pos="VB" wid="34">guarantee</w>
  <w id="35" lemma="|justice|" pos="NN" wid="35">justice</w>
  <w id="36" lemma="|.|" pos="." wid="36">.</w>
</sentence>
</corpus>