<corpus id="0">
<sentence id="0">
  <w id="0" lemma="|Dear|" pos="NNP" wid="0">Dear</w>
  <w id="1" lemma="|Brothers|" pos="NNPS" wid="1">Brothers</w>
  <w id="2" lemma="|and|" pos="CC" wid="2">and</w>
  <w id="3" lemma="|sister|" pos="NNS" wid="3">Sisters</w>
  <w id="4" lemma="|!|" pos="." wid="4">!</w>
</sentence>
<sentence id="1">
  <w id="0" lemma="|1|" pos="CD" wid="0">1</w>
  <w id="1" lemma="|.|" pos="." wid="1">.</w>
</sentence>
<sentence id="2">
  <w id="0" lemma="|this|" pos="DT" wid="0">This</w>
  <w id="1" lemma="|Sunday|" pos="NNP" wid="1">Sunday</w>
  <w id="2" lemma="|'s|" pos="POS" wid="2">'s</w>
  <w id="3" lemma="|Gospel|" pos="NNP" wid="3">Gospel</w>
  <w id="4" lemma="|recount|" pos="VBZ" wid="4">recounts</w>
  <w id="5" lemma="|the|" pos="DT" wid="5">the</w>
  <w id="6" lemma="|miracle|" pos="NN" wid="6">miracle</w>
  <w id="7" lemma="|work|" pos="VBN" wid="7">worked</w>
  <w id="8" lemma="|by|" pos="IN" wid="8">by</w>
  <w id="9" lemma="|Jesus|" pos="NNP" wid="9">Jesus</w>
  <w id="10" lemma="|at|" pos="IN" wid="10">at</w>
  <w id="11" lemma="|the|" pos="DT" wid="11">the</w>
  <w id="12" lemma="|wedding|" pos="NN" wid="12">wedding</w>
  <w id="13" lemma="|in|" pos="IN" wid="13">in</w>
  <w id="14" lemma="|Cana|" pos="NNP" wid="14">Cana</w>
  <w id="15" lemma="|.|" pos="." wid="15">.</w>
</sentence>
<sentence id="3">
  <w id="0" lemma="|it|" pos="PRP" wid="0">It</w>
  <w id="1" lemma="|be|" pos="VBZ" wid="1">is</w>
  <w id="2" lemma="|the|" pos="DT" wid="2">the</w>
  <w id="3" lemma="|first|" pos="JJ" wid="3">first</w>
  <w id="4" lemma="|``|" pos="``" wid="4">``</w>
  <w id="5" lemma="|sign|" pos="NN" wid="5">sign</w>
  <w id="6" lemma="|''|" pos="''" wid="6">''</w>
  <w id="7" lemma="|by|" pos="IN" wid="7">by</w>
  <w id="8" lemma="|which|" pos="WDT" wid="8">which</w>
  <w id="9" lemma="|he|" pos="PRP" wid="9">he</w>
  <w id="10" lemma="|reveal|" pos="VBD" wid="10">revealed</w>
  <w id="11" lemma="|he|" pos="PRP$" wid="11">his</w>
  <w id="12" lemma="|glory|" pos="NN" wid="12">glory</w>
  <w id="13" lemma="|and|" pos="CC" wid="13">and</w>
  <w id="14" lemma="|instil|" pos="VBD" wid="14">instilled</w>
  <w id="15" lemma="|faith|" pos="NN" wid="15">faith</w>
  <w id="16" lemma="|in|" pos="IN" wid="16">in</w>
  <w id="17" lemma="|he|" pos="PRP$" wid="17">his</w>
  <w id="18" lemma="|disciple|" pos="NNS" wid="18">disciples</w>
  <w id="19" lemma="|-lrb-|" pos="-LRB-" wid="19">-LRB-</w>
  <w id="20" lemma="|cf|" pos="NN" wid="20">cf</w>
  <w id="21" lemma="|.|" pos="." wid="21">.</w>
</sentence>
<sentence id="4">
  <w id="0" lemma="|jn|" pos="NN" wid="0">Jn</w>
  <w id="1" lemma="|2|" pos="CD" wid="1">2</w>
  <w id="2" lemma="|:|" pos=":" wid="2">:</w>
  <w id="3" lemma="|11|" pos="CD" wid="3">11</w>
  <w id="4" lemma="|-rrb-|" pos="-RRB-" wid="4">-RRB-</w>
  <w id="5" lemma="|.|" pos="." wid="5">.</w>
</sentence>
<sentence id="5">
  <w id="0" lemma="|as|" pos="IN" wid="0">As</w>
  <w id="1" lemma="|we|" pos="PRP" wid="1">we</w>
  <w id="2" lemma="|meditate|" pos="VBP" wid="2">meditate</w>
  <w id="3" lemma="|on|" pos="IN" wid="3">on</w>
  <w id="4" lemma="|this|" pos="DT" wid="4">this</w>
  <w id="5" lemma="|gospel|" pos="NN" wid="5">Gospel</w>
  <w id="6" lemma="|passage|" pos="NN" wid="6">passage</w>
  <w id="7" lemma="|,|" pos="," wid="7">,</w>
  <w id="8" lemma="|it|" pos="PRP" wid="8">it</w>
  <w id="9" lemma="|be|" pos="VBZ" wid="9">is</w>
  <w id="10" lemma="|natural|" pos="JJ" wid="10">natural</w>
  <w id="11" lemma="|to|" pos="TO" wid="11">to</w>
  <w id="12" lemma="|recall|" pos="VB" wid="12">recall</w>
  <w id="13" lemma="|the|" pos="DT" wid="13">the</w>
  <w id="14" lemma="|Jubilee|" pos="NNP" wid="14">Jubilee</w>
  <w id="15" lemma="|that|" pos="IN" wid="15">that</w>
  <w id="16" lemma="|just|" pos="RB" wid="16">just</w>
  <w id="17" lemma="|end|" pos="VBN" wid="17">ended</w>
  <w id="18" lemma="|,|" pos="," wid="18">,</w>
  <w id="19" lemma="|a|" pos="DT" wid="19">a</w>
  <w id="20" lemma="|kind|" pos="NN" wid="20">kind</w>
  <w id="21" lemma="|of|" pos="IN" wid="21">of</w>
  <w id="22" lemma="|great|" pos="JJ" wid="22">great</w>
  <w id="23" lemma="|and|" pos="CC" wid="23">and</w>
  <w id="24" lemma="|memorable|" pos="JJ" wid="24">memorable</w>
  <w id="25" lemma="|``|" pos="``" wid="25">``</w>
  <w id="26" lemma="|sign|" pos="NN" wid="26">sign</w>
  <w id="27" lemma="|''|" pos="''" wid="27">''</w>
  <w id="28" lemma="|for|" pos="IN" wid="28">for</w>
  <w id="29" lemma="|the|" pos="DT" wid="29">the</w>
  <w id="30" lemma="|Church|" pos="NNP" wid="30">Church</w>
  <w id="31" lemma="|and|" pos="CC" wid="31">and</w>
  <w id="32" lemma="|for|" pos="IN" wid="32">for</w>
  <w id="33" lemma="|the|" pos="DT" wid="33">the</w>
  <w id="34" lemma="|world|" pos="NN" wid="34">world</w>
  <w id="35" lemma="|.|" pos="." wid="35">.</w>
</sentence>
<sentence id="6">
  <w id="0" lemma="|a|" pos="DT" wid="0">A</w>
  <w id="1" lemma="|year|" pos="NN" wid="1">year</w>
  <w id="2" lemma="|in|" pos="IN" wid="2">in</w>
  <w id="3" lemma="|which|" pos="WDT" wid="3">which</w>
  <w id="4" lemma="|Christ|" pos="NNP" wid="4">Christ</w>
  <w id="5" lemma="|transform|" pos="VBD" wid="5">transformed</w>
  <w id="6" lemma="|the|" pos="DT" wid="6">the</w>
  <w id="7" lemma="|``|" pos="``" wid="7">``</w>
  <w id="8" lemma="|water|" pos="NN" wid="8">water</w>
  <w id="9" lemma="|''|" pos="''" wid="9">''</w>
  <w id="10" lemma="|of|" pos="IN" wid="10">of</w>
  <w id="11" lemma="|we|" pos="PRP$" wid="11">our</w>
  <w id="12" lemma="|spiritual|" pos="JJ" wid="12">spiritual</w>
  <w id="13" lemma="|poverty|" pos="NN" wid="13">poverty</w>
  <w id="14" lemma="|into|" pos="IN" wid="14">into</w>
  <w id="15" lemma="|the|" pos="DT" wid="15">the</w>
  <w id="16" lemma="|generous|" pos="JJ" wid="16">generous</w>
  <w id="17" lemma="|``|" pos="``" wid="17">``</w>
  <w id="18" lemma="|wine|" pos="NN" wid="18">wine</w>
  <w id="19" lemma="|''|" pos="''" wid="19">''</w>
  <w id="20" lemma="|of|" pos="IN" wid="20">of</w>
  <w id="21" lemma="|renewal|" pos="NN" wid="21">renewal</w>
  <w id="22" lemma="|and|" pos="CC" wid="22">and</w>
  <w id="23" lemma="|commitment|" pos="NN" wid="23">commitment</w>
  <w id="24" lemma="|,|" pos="," wid="24">,</w>
  <w id="25" lemma="|as|" pos="IN" wid="25">as</w>
  <w id="26" lemma="|he|" pos="PRP" wid="26">he</w>
  <w id="27" lemma="|do|" pos="VBD" wid="27">did</w>
  <w id="28" lemma="|at|" pos="IN" wid="28">at</w>
  <w id="29" lemma="|Cana|" pos="NNP" wid="29">Cana</w>
  <w id="30" lemma="|.|" pos="." wid="30">.</w>
</sentence>
<sentence id="7">
  <w id="0" lemma="|and|" pos="CC" wid="0">And</w>
  <w id="1" lemma="|now|" pos="RB" wid="1">now</w>
  <w id="2" lemma="|that|" pos="IN" wid="2">that</w>
  <w id="3" lemma="|the|" pos="DT" wid="3">the</w>
  <w id="4" lemma="|Great|" pos="NNP" wid="4">Great</w>
  <w id="5" lemma="|Jubilee|" pos="NNP" wid="5">Jubilee</w>
  <w id="6" lemma="|be|" pos="VBZ" wid="6">is</w>
  <w id="7" lemma="|over|" pos="RB" wid="7">over</w>
  <w id="8" lemma="|,|" pos="," wid="8">,</w>
  <w id="9" lemma="|we|" pos="PRP" wid="9">we</w>
  <w id="10" lemma="|have|" pos="VBP" wid="10">have</w>
  <w id="11" lemma="|go|" pos="VBN" wid="11">gone</w>
  <w id="12" lemma="|back|" pos="RB" wid="12">back</w>
  <w id="13" lemma="|to|" pos="TO" wid="13">to</w>
  <w id="14" lemma="|we|" pos="PRP$" wid="14">our</w>
  <w id="15" lemma="|``|" pos="``" wid="15">``</w>
  <w id="16" lemma="|ordinary|" pos="JJ" wid="16">ordinary</w>
  <w id="17" lemma="|''|" pos="''" wid="17">''</w>
  <w id="18" lemma="|routine|" pos="NN" wid="18">routine</w>
  <w id="19" lemma="|with|" pos="IN" wid="19">with</w>
  <w id="20" lemma="|greater|" pos="JJR" wid="20">greater</w>
  <w id="21" lemma="|enthusiasm|" pos="NN" wid="21">enthusiasm</w>
  <w id="22" lemma="|,|" pos="," wid="22">,</w>
  <w id="23" lemma="|keep|" pos="VBG" wid="23">keeping</w>
  <w id="24" lemma="|we|" pos="PRP$" wid="24">our</w>
  <w id="25" lemma="|gaze|" pos="VBP" wid="25">gaze</w>
  <w id="26" lemma="|more|" pos="RBR" wid="26">more</w>
  <w id="27" lemma="|than|" pos="IN" wid="27">than</w>
  <w id="28" lemma="|ever|" pos="RB" wid="28">ever</w>
  <w id="29" lemma="|firmly|" pos="RB" wid="29">firmly</w>
  <w id="30" lemma="|set|" pos="VBN" wid="30">set</w>
  <w id="31" lemma="|on|" pos="IN" wid="31">on</w>
  <w id="32" lemma="|the|" pos="DT" wid="32">the</w>
  <w id="33" lemma="|Lord|" pos="NNP" wid="33">Lord</w>
  <w id="34" lemma="|,|" pos="," wid="34">,</w>
  <w id="35" lemma="|as|" pos="IN" wid="35">as</w>
  <w id="36" lemma="|I|" pos="PRP" wid="36">I</w>
  <w id="37" lemma="|write|" pos="VBD" wid="37">wrote</w>
  <w id="38" lemma="|in|" pos="IN" wid="38">in</w>
  <w id="39" lemma="|my|" pos="PRP$" wid="39">my</w>
  <w id="40" lemma="|Apostolic|" pos="NNP" wid="40">Apostolic</w>
  <w id="41" lemma="|Letter|" pos="NNP" wid="41">Letter</w>
  <w id="42" lemma="|Novo|" pos="NNP" wid="42">Novo</w>
  <w id="43" lemma="|millennio|" pos="NN" wid="43">millennio</w>
  <w id="44" lemma="|ineunte|" pos="NN" wid="44">ineunte</w>
  <w id="45" lemma="|-lrb-|" pos="-LRB-" wid="45">-LRB-</w>
  <w id="46" lemma="|cf|" pos="NN" wid="46">cf</w>
  <w id="47" lemma="|.|" pos="." wid="47">.</w>
</sentence>
<sentence id="8">
  <w id="0" lemma="|n.|" pos="NN" wid="0">n.</w>
  <w id="1" lemma="|16|" pos="CD" wid="1">16</w>
  <w id="2" lemma="|-rrb-|" pos="-RRB-" wid="2">-RRB-</w>
  <w id="3" lemma="|.|" pos="." wid="3">.</w>
</sentence>
<sentence id="9">
  <w id="0" lemma="|2|" pos="CD" wid="0">2</w>
  <w id="1" lemma="|.|" pos="." wid="1">.</w>
</sentence>
<sentence id="10">
  <w id="0" lemma="|in|" pos="IN" wid="0">In</w>
  <w id="1" lemma="|today|" pos="NN" wid="1">today</w>
  <w id="2" lemma="|'s|" pos="POS" wid="2">'s</w>
  <w id="3" lemma="|gospel|" pos="NN" wid="3">Gospel</w>
  <w id="4" lemma="|it|" pos="PRP" wid="4">it</w>
  <w id="5" lemma="|be|" pos="VBZ" wid="5">is</w>
  <w id="6" lemma="|Mary|" pos="NNP" wid="6">Mary</w>
  <w id="7" lemma="|,|" pos="," wid="7">,</w>
  <w id="8" lemma="|the|" pos="DT" wid="8">the</w>
  <w id="9" lemma="|Mother|" pos="NNP" wid="9">Mother</w>
  <w id="10" lemma="|of|" pos="IN" wid="10">of</w>
  <w id="11" lemma="|Jesus|" pos="NNP" wid="11">Jesus</w>
  <w id="12" lemma="|,|" pos="," wid="12">,</w>
  <w id="13" lemma="|who|" pos="WP" wid="13">who</w>
  <w id="14" lemma="|plead|" pos="VBZ" wid="14">pleads</w>
  <w id="15" lemma="|for|" pos="IN" wid="15">for</w>
  <w id="16" lemma="|the|" pos="DT" wid="16">the</w>
  <w id="17" lemma="|wondrous|" pos="JJ" wid="17">wondrous</w>
  <w id="18" lemma="|change|" pos="NN" wid="18">change</w>
  <w id="19" lemma="|of|" pos="IN" wid="19">of</w>
  <w id="20" lemma="|water|" pos="NN" wid="20">water</w>
  <w id="21" lemma="|into|" pos="IN" wid="21">into</w>
  <w id="22" lemma="|wine|" pos="NN" wid="22">wine</w>
  <w id="23" lemma="|.|" pos="." wid="23">.</w>
</sentence>
<sentence id="11">
  <w id="0" lemma="|again|" pos="RB" wid="0">Again</w>
  <w id="1" lemma="|it|" pos="PRP" wid="1">it</w>
  <w id="2" lemma="|be|" pos="VBZ" wid="2">is</w>
  <w id="3" lemma="|the|" pos="DT" wid="3">the</w>
  <w id="4" lemma="|Virgin|" pos="NNP" wid="4">Virgin</w>
  <w id="5" lemma="|who|" pos="WP" wid="5">who</w>
  <w id="6" lemma="|intercede|" pos="VBZ" wid="6">intercedes</w>
  <w id="7" lemma="|for|" pos="IN" wid="7">for</w>
  <w id="8" lemma="|we|" pos="PRP" wid="8">us</w>
  <w id="9" lemma="|.|" pos="." wid="9">.</w>
</sentence>
<sentence id="12">
  <w id="0" lemma="|this|" pos="DT" wid="0">This</w>
  <w id="1" lemma="|be|" pos="VBD" wid="1">was</w>
  <w id="2" lemma="|also|" pos="RB" wid="2">also</w>
  <w id="3" lemma="|true|" pos="JJ" wid="3">true</w>
  <w id="4" lemma="|for|" pos="IN" wid="4">for</w>
  <w id="5" lemma="|the|" pos="DT" wid="5">the</w>
  <w id="6" lemma="|transition|" pos="NN" wid="6">transition</w>
  <w id="7" lemma="|from|" pos="IN" wid="7">from</w>
  <w id="8" lemma="|the|" pos="DT" wid="8">the</w>
  <w id="9" lemma="|second|" pos="JJ" wid="9">second</w>
  <w id="10" lemma="|to|" pos="TO" wid="10">to</w>
  <w id="11" lemma="|the|" pos="DT" wid="11">the</w>
  <w id="12" lemma="|third|" pos="JJ" wid="12">third</w>
  <w id="13" lemma="|millennium|" pos="JJ" wid="13">millennium</w>
  <w id="14" lemma="|,|" pos="," wid="14">,</w>
  <w id="15" lemma="|when|" pos="WRB" wid="15">when</w>
  <w id="16" lemma="|she|" pos="PRP$" wid="16">her</w>
  <w id="17" lemma="|immaculate|" pos="JJ" wid="17">Immaculate</w>
  <w id="18" lemma="|Heart|" pos="NNP" wid="18">Heart</w>
  <w id="19" lemma="|prove|" pos="VBD" wid="19">proved</w>
  <w id="20" lemma="|a|" pos="DT" wid="20">a</w>
  <w id="21" lemma="|safe|" pos="JJ" wid="21">safe</w>
  <w id="22" lemma="|refuge|" pos="NN" wid="22">refuge</w>
  <w id="23" lemma="|for|" pos="IN" wid="23">for</w>
  <w id="24" lemma="|she|" pos="PRP$" wid="24">her</w>
  <w id="25" lemma="|many|" pos="JJ" wid="25">many</w>
  <w id="26" lemma="|child|" pos="NNS" wid="26">children</w>
  <w id="27" lemma="|.|" pos="." wid="27">.</w>
</sentence>
<sentence id="13">
  <w id="0" lemma="|the|" pos="DT" wid="0">The</w>
  <w id="1" lemma="|Church|" pos="NNP" wid="1">Church</w>
  <w id="2" lemma="|could|" pos="MD" wid="2">could</w>
  <w id="3" lemma="|thus|" pos="RB" wid="3">thus</w>
  <w id="4" lemma="|experience|" pos="VB" wid="4">experience</w>
  <w id="5" lemma="|the|" pos="DT" wid="5">the</w>
  <w id="6" lemma="|sign|" pos="NNS" wid="6">signs</w>
  <w id="7" lemma="|of|" pos="IN" wid="7">of</w>
  <w id="8" lemma="|a|" pos="DT" wid="8">a</w>
  <w id="9" lemma="|renew|" pos="VBN" wid="9">renewed</w>
  <w id="10" lemma="|springtime|" pos="NN" wid="10">springtime</w>
  <w id="11" lemma="|,|" pos="," wid="11">,</w>
  <w id="12" lemma="|stir|" pos="VBD" wid="12">stirred</w>
  <w id="13" lemma="|up|" pos="RP" wid="13">up</w>
  <w id="14" lemma="|by|" pos="IN" wid="14">by</w>
  <w id="15" lemma="|the|" pos="DT" wid="15">the</w>
  <w id="16" lemma="|Second|" pos="NNP" wid="16">Second</w>
  <w id="17" lemma="|Vatican|" pos="NNP" wid="17">Vatican</w>
  <w id="18" lemma="|Council|" pos="NNP" wid="18">Council</w>
  <w id="19" lemma="|with|" pos="IN" wid="19">with</w>
  <w id="20" lemma="|which|" pos="WDT" wid="20">which</w>
  <w id="21" lemma="|,|" pos="," wid="21">,</w>
  <w id="22" lemma="|``|" pos="``" wid="22">``</w>
  <w id="23" lemma="|in|" pos="IN" wid="23">in</w>
  <w id="24" lemma="|the|" pos="DT" wid="24">the</w>
  <w id="25" lemma="|broadest|" pos="JJS" wid="25">broadest</w>
  <w id="26" lemma="|sense|" pos="NN" wid="26">sense</w>
  <w id="27" lemma="|of|" pos="IN" wid="27">of</w>
  <w id="28" lemma="|the|" pos="DT" wid="28">the</w>
  <w id="29" lemma="|term|" pos="NN" wid="29">term</w>
  <w id="30" lemma="|,|" pos="," wid="30">,</w>
  <w id="31" lemma="|the|" pos="DT" wid="31">the</w>
  <w id="32" lemma="|immediate|" pos="JJ" wid="32">immediate</w>
  <w id="33" lemma="|preparation|" pos="NNS" wid="33">preparations</w>
  <w id="34" lemma="|for|" pos="IN" wid="34">for</w>
  <w id="35" lemma="|the|" pos="DT" wid="35">the</w>
  <w id="36" lemma="|great|" pos="JJ" wid="36">Great</w>
  <w id="37" lemma="|jubilee|" pos="NN" wid="37">Jubilee</w>
  <w id="38" lemma="|of|" pos="IN" wid="38">of</w>
  <w id="39" lemma="|the|" pos="DT" wid="39">the</w>
  <w id="40" lemma="|year|" pos="NN" wid="40">Year</w>
  <w id="41" lemma="|2000|" pos="CD" wid="41">2000</w>
  <w id="42" lemma="|be|" pos="VBD" wid="42">were</w>
  <w id="43" lemma="|really|" pos="RB" wid="43">really</w>
  <w id="44" lemma="|begin|" pos="VBN" wid="44">begun</w>
  <w id="45" lemma="|''|" pos="''" wid="45">''</w>
  <w id="46" lemma="|-lrb-|" pos="-LRB-" wid="46">-LRB-</w>
  <w id="47" lemma="|tertio|" pos="FW" wid="47">Tertio</w>
  <w id="48" lemma="|millennio|" pos="FW" wid="48">millennio</w>
  <w id="49" lemma="|adveniente|" pos="NN" wid="49">adveniente</w>
  <w id="50" lemma="|,|" pos="," wid="50">,</w>
  <w id="51" lemma="|n.|" pos="NN" wid="51">n.</w>
  <w id="52" lemma="|20|" pos="CD" wid="52">20</w>
  <w id="53" lemma="|-rrb-|" pos="-RRB-" wid="53">-RRB-</w>
  <w id="54" lemma="|.|" pos="." wid="54">.</w>
</sentence>
<sentence id="14">
  <w id="0" lemma="|the|" pos="DT" wid="0">The</w>
  <w id="1" lemma="|Holy|" pos="NNP" wid="1">Holy</w>
  <w id="2" lemma="|Year|" pos="NNP" wid="2">Year</w>
  <w id="3" lemma="|have|" pos="VBZ" wid="3">has</w>
  <w id="4" lemma="|open|" pos="VBN" wid="4">opened</w>
  <w id="5" lemma="|so|" pos="RB" wid="5">so</w>
  <w id="6" lemma="|many|" pos="JJ" wid="6">many</w>
  <w id="7" lemma="|heart|" pos="NNS" wid="7">hearts</w>
  <w id="8" lemma="|to|" pos="TO" wid="8">to</w>
  <w id="9" lemma="|hope|" pos="VB" wid="9">hope</w>
  <w id="10" lemma="|and|" pos="CC" wid="10">and</w>
  <w id="11" lemma="|have|" pos="VBZ" wid="11">has</w>
  <w id="12" lemma="|illumine|" pos="VBN" wid="12">illumined</w>
  <w id="13" lemma="|the|" pos="DT" wid="13">the</w>
  <w id="14" lemma="|world|" pos="NN" wid="14">world</w>
  <w id="15" lemma="|'s|" pos="POS" wid="15">'s</w>
  <w id="16" lemma="|path|" pos="NN" wid="16">path</w>
  <w id="17" lemma="|with|" pos="IN" wid="17">with</w>
  <w id="18" lemma="|the|" pos="DT" wid="18">the</w>
  <w id="19" lemma="|light|" pos="NN" wid="19">light</w>
  <w id="20" lemma="|of|" pos="IN" wid="20">of</w>
  <w id="21" lemma="|Christ|" pos="NNP" wid="21">Christ</w>
  <w id="22" lemma="|.|" pos="." wid="22">.</w>
</sentence>
<sentence id="15">
  <w id="0" lemma="|3|" pos="LS" wid="0">3</w>
  <w id="1" lemma="|.|" pos="." wid="1">.</w>
</sentence>
<sentence id="16">
  <w id="0" lemma="|the|" pos="DT" wid="0">The</w>
  <w id="1" lemma="|Mother|" pos="NNP" wid="1">Mother</w>
  <w id="2" lemma="|of|" pos="IN" wid="2">of</w>
  <w id="3" lemma="|Christ|" pos="NNP" wid="3">Christ</w>
  <w id="4" lemma="|be|" pos="VBZ" wid="4">is</w>
  <w id="5" lemma="|now|" pos="RB" wid="5">now</w>
  <w id="6" lemma="|repeat|" pos="VBG" wid="6">repeating</w>
  <w id="7" lemma="|to|" pos="TO" wid="7">to</w>
  <w id="8" lemma="|we|" pos="PRP" wid="8">us</w>
  <w id="9" lemma="|,|" pos="," wid="9">,</w>
  <w id="10" lemma="|the|" pos="DT" wid="10">the</w>
  <w id="11" lemma="|man|" pos="NNS" wid="11">men</w>
  <w id="12" lemma="|and|" pos="CC" wid="12">and</w>
  <w id="13" lemma="|woman|" pos="NNS" wid="13">women</w>
  <w id="14" lemma="|who|" pos="WP" wid="14">who</w>
  <w id="15" lemma="|confidently|" pos="RB" wid="15">confidently</w>
  <w id="16" lemma="|face|" pos="VBP" wid="16">face</w>
  <w id="17" lemma="|the|" pos="DT" wid="17">the</w>
  <w id="18" lemma="|new|" pos="JJ" wid="18">new</w>
  <w id="19" lemma="|millennium|" pos="JJ" wid="19">millennium</w>
  <w id="20" lemma="|,|" pos="," wid="20">,</w>
  <w id="21" lemma="|she|" pos="PRP$" wid="21">her</w>
  <w id="22" lemma="|invitation|" pos="NN" wid="22">invitation</w>
  <w id="23" lemma="|to|" pos="TO" wid="23">to</w>
  <w id="24" lemma="|the|" pos="DT" wid="24">the</w>
  <w id="25" lemma="|servant|" pos="NNS" wid="25">servants</w>
  <w id="26" lemma="|during|" pos="IN" wid="26">during</w>
  <w id="27" lemma="|the|" pos="DT" wid="27">the</w>
  <w id="28" lemma="|wedding|" pos="NN" wid="28">wedding</w>
  <w id="29" lemma="|at|" pos="IN" wid="29">at</w>
  <w id="30" lemma="|Cana|" pos="NNP" wid="30">Cana</w>
  <w id="31" lemma="|:|" pos=":" wid="31">:</w>
  <w id="32" lemma="|``|" pos="``" wid="32">``</w>
  <w id="33" lemma="|do|" pos="VBP" wid="33">Do</w>
  <w id="34" lemma="|whatever|" pos="WDT" wid="34">whatever</w>
  <w id="35" lemma="|he|" pos="PRP" wid="35">he</w>
  <w id="36" lemma="|tell|" pos="VBZ" wid="36">tells</w>
  <w id="37" lemma="|you|" pos="PRP" wid="37">you</w>
  <w id="38" lemma="|''|" pos="''" wid="38">''</w>
  <w id="39" lemma="|-lrb-|" pos="-LRB-" wid="39">-LRB-</w>
  <w id="40" lemma="|jn|" pos="NN" wid="40">Jn</w>
  <w id="41" lemma="|2|" pos="CD" wid="41">2</w>
  <w id="42" lemma="|:|" pos=":" wid="42">:</w>
  <w id="43" lemma="|5|" pos="CD" wid="43">5</w>
  <w id="44" lemma="|-rrb-|" pos="-RRB-" wid="44">-RRB-</w>
  <w id="45" lemma="|.|" pos="." wid="45">.</w>
</sentence>
<sentence id="17">
  <w id="0" lemma="|with|" pos="IN" wid="0">With</w>
  <w id="1" lemma="|these|" pos="DT" wid="1">these</w>
  <w id="2" lemma="|word|" pos="NNS" wid="2">words</w>
  <w id="3" lemma="|,|" pos="," wid="3">,</w>
  <w id="4" lemma="|the|" pos="DT" wid="4">the</w>
  <w id="5" lemma="|Virgin|" pos="NNP" wid="5">Virgin</w>
  <w id="6" lemma="|apparently|" pos="RB" wid="6">apparently</w>
  <w id="7" lemma="|want|" pos="VBZ" wid="7">wants</w>
  <w id="8" lemma="|to|" pos="TO" wid="8">to</w>
  <w id="9" lemma="|encourage|" pos="VB" wid="9">encourage</w>
  <w id="10" lemma="|we|" pos="PRP" wid="10">us</w>
  <w id="11" lemma="|not|" pos="RB" wid="11">not</w>
  <w id="12" lemma="|to|" pos="TO" wid="12">to</w>
  <w id="13" lemma="|be|" pos="VB" wid="13">be</w>
  <w id="14" lemma="|afraid|" pos="JJ" wid="14">afraid</w>
  <w id="15" lemma="|of|" pos="IN" wid="15">of</w>
  <w id="16" lemma="|the|" pos="DT" wid="16">the</w>
  <w id="17" lemma="|limitation|" pos="NNS" wid="17">limitations</w>
  <w id="18" lemma="|and|" pos="CC" wid="18">and</w>
  <w id="19" lemma="|failure|" pos="NNS" wid="19">failures</w>
  <w id="20" lemma="|that|" pos="WDT" wid="20">that</w>
  <w id="21" lemma="|can|" pos="MD" wid="21">can</w>
  <w id="22" lemma="|sometimes|" pos="RB" wid="22">sometimes</w>
  <w id="23" lemma="|mark|" pos="VB" wid="23">mark</w>
  <w id="24" lemma="|we|" pos="PRP$" wid="24">our</w>
  <w id="25" lemma="|experience|" pos="NN" wid="25">experience</w>
  <w id="26" lemma="|as|" pos="IN" wid="26">as</w>
  <w id="27" lemma="|individual|" pos="NNS" wid="27">individuals</w>
  <w id="28" lemma="|,|" pos="," wid="28">,</w>
  <w id="29" lemma="|as|" pos="IN" wid="29">as</w>
  <w id="30" lemma="|family|" pos="NNS" wid="30">families</w>
  <w id="31" lemma="|and|" pos="CC" wid="31">and</w>
  <w id="32" lemma="|as|" pos="IN" wid="32">as</w>
  <w id="33" lemma="|ecclesial|" pos="JJ" wid="33">ecclesial</w>
  <w id="34" lemma="|and|" pos="CC" wid="34">and</w>
  <w id="35" lemma="|civil|" pos="JJ" wid="35">civil</w>
  <w id="36" lemma="|community|" pos="NNS" wid="36">communities</w>
  <w id="37" lemma="|.|" pos="." wid="37">.</w>
</sentence>
<sentence id="18">
  <w id="0" lemma="|Mary|" pos="NNP" wid="0">Mary</w>
  <w id="1" lemma="|urge|" pos="VBZ" wid="1">urges</w>
  <w id="2" lemma="|we|" pos="PRP" wid="2">us</w>
  <w id="3" lemma="|not|" pos="RB" wid="3">not</w>
  <w id="4" lemma="|to|" pos="TO" wid="4">to</w>
  <w id="5" lemma="|be|" pos="VB" wid="5">be</w>
  <w id="6" lemma="|depress|" pos="VBN" wid="6">depressed</w>
  <w id="7" lemma="|even|" pos="RB" wid="7">even</w>
  <w id="8" lemma="|by|" pos="IN" wid="8">by</w>
  <w id="9" lemma="|sin|" pos="NN" wid="9">sin</w>
  <w id="10" lemma="|,|" pos="," wid="10">,</w>
  <w id="11" lemma="|which|" pos="WDT" wid="11">which</w>
  <w id="12" lemma="|undermine|" pos="VBZ" wid="12">undermines</w>
  <w id="13" lemma="|we|" pos="PRP$" wid="13">our</w>
  <w id="14" lemma="|confidence|" pos="NN" wid="14">confidence</w>
  <w id="15" lemma="|in|" pos="IN" wid="15">in</w>
  <w id="16" lemma="|ourselves|" pos="PRP" wid="16">ourselves</w>
  <w id="17" lemma="|and|" pos="CC" wid="17">and</w>
  <w id="18" lemma="|in|" pos="IN" wid="18">in</w>
  <w id="19" lemma="|other|" pos="NNS" wid="19">others</w>
  <w id="20" lemma="|.|" pos="." wid="20">.</w>
</sentence>
<sentence id="19">
  <w id="0" lemma="|what|" pos="WP" wid="0">What</w>
  <w id="1" lemma="|matter|" pos="VBZ" wid="1">matters</w>
  <w id="2" lemma="|be|" pos="VBZ" wid="2">is</w>
  <w id="3" lemma="|that|" pos="IN" wid="3">that</w>
  <w id="4" lemma="|we|" pos="PRP" wid="4">we</w>
  <w id="5" lemma="|do|" pos="VBP" wid="5">do</w>
  <w id="6" lemma="|whatever|" pos="WDT" wid="6">whatever</w>
  <w id="7" lemma="|Christ|" pos="NNP" wid="7">Christ</w>
  <w id="8" lemma="|tell|" pos="VBZ" wid="8">tells</w>
  <w id="9" lemma="|we|" pos="PRP" wid="9">us</w>
  <w id="10" lemma="|,|" pos="," wid="10">,</w>
  <w id="11" lemma="|trust|" pos="VBG" wid="11">trusting</w>
  <w id="12" lemma="|in|" pos="IN" wid="12">in</w>
  <w id="13" lemma="|he|" pos="PRP" wid="13">him</w>
  <w id="14" lemma="|:|" pos=":" wid="14">:</w>
  <w id="15" lemma="|he|" pos="PRP" wid="15">he</w>
  <w id="16" lemma="|will|" pos="MD" wid="16">will</w>
  <w id="17" lemma="|never|" pos="RB" wid="17">never</w>
  <w id="18" lemma="|let|" pos="VB" wid="18">let</w>
  <w id="19" lemma="|we|" pos="PRP$" wid="19">our</w>
  <w id="20" lemma="|ceaseless|" pos="JJ" wid="20">ceaseless</w>
  <w id="21" lemma="|prayer|" pos="NN" wid="21">prayer</w>
  <w id="22" lemma="|go|" pos="VBP" wid="22">go</w>
  <w id="23" lemma="|unheard|" pos="JJ" wid="23">unheard</w>
  <w id="24" lemma="|.|" pos="." wid="24">.</w>
</sentence>
<sentence id="20">
  <w id="0" lemma="|May|" pos="NNP" wid="0">May</w>
  <w id="1" lemma="|Our|" pos="NNP" wid="1">Our</w>
  <w id="2" lemma="|Lady|" pos="NNP" wid="2">Lady</w>
  <w id="3" lemma="|'s|" pos="POS" wid="3">'s</w>
  <w id="4" lemma="|invitation|" pos="NN" wid="4">invitation</w>
  <w id="5" lemma="|,|" pos="," wid="5">,</w>
  <w id="6" lemma="|which|" pos="WDT" wid="6">which</w>
  <w id="7" lemma="|the|" pos="DT" wid="7">the</w>
  <w id="8" lemma="|Gospel|" pos="NNP" wid="8">Gospel</w>
  <w id="9" lemma="|renew|" pos="VBZ" wid="9">renews</w>
  <w id="10" lemma="|today|" pos="NN" wid="10">today</w>
  <w id="11" lemma="|,|" pos="," wid="11">,</w>
  <w id="12" lemma="|open|" pos="VB" wid="12">open</w>
  <w id="13" lemma="|we|" pos="PRP" wid="13">us</w>
  <w id="14" lemma="|to|" pos="TO" wid="14">to</w>
  <w id="15" lemma="|total|" pos="JJ" wid="15">total</w>
  <w id="16" lemma="|abandonment|" pos="NN" wid="16">abandonment</w>
  <w id="17" lemma="|to|" pos="TO" wid="17">to</w>
  <w id="18" lemma="|Jesus|" pos="NNP" wid="18">Jesus</w>
  <w id="19" lemma="|.|" pos="." wid="19">.</w>
</sentence>
<sentence id="21">
  <w id="0" lemma="|for|" pos="IN" wid="0">For</w>
  <w id="1" lemma="|the|" pos="DT" wid="1">the</w>
  <w id="2" lemma="|Mother|" pos="NNP" wid="2">Mother</w>
  <w id="3" lemma="|'s|" pos="POS" wid="3">'s</w>
  <w id="4" lemma="|word|" pos="NNS" wid="4">words</w>
  <w id="5" lemma="|be|" pos="VBP" wid="5">are</w>
  <w id="6" lemma="|echo|" pos="VBN" wid="6">echoed</w>
  <w id="7" lemma="|by|" pos="IN" wid="7">by</w>
  <w id="8" lemma="|the|" pos="DT" wid="8">the</w>
  <w id="9" lemma="|reassuring|" pos="JJ" wid="9">reassuring</w>
  <w id="10" lemma="|word|" pos="NNS" wid="10">words</w>
  <w id="11" lemma="|of|" pos="IN" wid="11">of</w>
  <w id="12" lemma="|she|" pos="PRP$" wid="12">her</w>
  <w id="13" lemma="|divine|" pos="JJ" wid="13">divine</w>
  <w id="14" lemma="|Son|" pos="NNP" wid="14">Son</w>
  <w id="15" lemma="|:|" pos=":" wid="15">:</w>
  <w id="16" lemma="|``|" pos="``" wid="16">``</w>
  <w id="17" lemma="|Lo|" pos="NNP" wid="17">Lo</w>
  <w id="18" lemma="|,|" pos="," wid="18">,</w>
  <w id="19" lemma="|I|" pos="PRP" wid="19">I</w>
  <w id="20" lemma="|be|" pos="VBP" wid="20">am</w>
  <w id="21" lemma="|with|" pos="IN" wid="21">with</w>
  <w id="22" lemma="|you|" pos="PRP" wid="22">you</w>
  <w id="23" lemma="|always|" pos="RB" wid="23">always</w>
  <w id="24" lemma="|,|" pos="," wid="24">,</w>
  <w id="25" lemma="|to|" pos="TO" wid="25">to</w>
  <w id="26" lemma="|the|" pos="DT" wid="26">the</w>
  <w id="27" lemma="|end|" pos="NN" wid="27">end</w>
  <w id="28" lemma="|of|" pos="IN" wid="28">of</w>
  <w id="29" lemma="|the|" pos="DT" wid="29">the</w>
  <w id="30" lemma="|age|" pos="NN" wid="30">age</w>
  <w id="31" lemma="|''|" pos="''" wid="31">''</w>
  <w id="32" lemma="|-lrb-|" pos="-LRB-" wid="32">-LRB-</w>
  <w id="33" lemma="|mt|" pos="NN" wid="33">Mt</w>
  <w id="34" lemma="|28|" pos="CD" wid="34">28</w>
  <w id="35" lemma="|:|" pos=":" wid="35">:</w>
  <w id="36" lemma="|20|" pos="CD" wid="36">20</w>
  <w id="37" lemma="|-rrb-|" pos="-RRB-" wid="37">-RRB-</w>
  <w id="38" lemma="|.|" pos="." wid="38">.</w>
</sentence>
<sentence id="22">
  <w id="0" lemma="|after|" pos="IN" wid="0">After</w>
  <w id="1" lemma="|recite|" pos="VBG" wid="1">reciting</w>
  <w id="2" lemma="|the|" pos="DT" wid="2">the</w>
  <w id="3" lemma="|Angelus|" pos="NNP" wid="3">Angelus</w>
  <w id="4" lemma="|,|" pos="," wid="4">,</w>
  <w id="5" lemma="|the|" pos="DT" wid="5">the</w>
  <w id="6" lemma="|Holy|" pos="NNP" wid="6">Holy</w>
  <w id="7" lemma="|Father|" pos="NNP" wid="7">Father</w>
  <w id="8" lemma="|greet|" pos="VBD" wid="8">greeted</w>
  <w id="9" lemma="|some|" pos="DT" wid="9">some</w>
  <w id="10" lemma="|pilgrim|" pos="NN" wid="10">pilgrim</w>
  <w id="11" lemma="|group|" pos="NNS" wid="11">groups</w>
  <w id="12" lemma="|in|" pos="IN" wid="12">in</w>
  <w id="13" lemma="|Spanish|" pos="NNP" wid="13">Spanish</w>
  <w id="14" lemma="|,|" pos="," wid="14">,</w>
  <w id="15" lemma="|Serbian|" pos="NNP" wid="15">Serbian</w>
  <w id="16" lemma="|and|" pos="CC" wid="16">and</w>
  <w id="17" lemma="|Polish|" pos="NNP" wid="17">Polish</w>
  <w id="18" lemma="|,|" pos="," wid="18">,</w>
  <w id="19" lemma="|and|" pos="CC" wid="19">and</w>
  <w id="20" lemma="|express|" pos="VBD" wid="20">expressed</w>
  <w id="21" lemma="|he|" pos="PRP$" wid="21">his</w>
  <w id="22" lemma="|spiritual|" pos="JJ" wid="22">spiritual</w>
  <w id="23" lemma="|closeness|" pos="NN" wid="23">closeness</w>
  <w id="24" lemma="|to|" pos="TO" wid="24">to</w>
  <w id="25" lemma="|the|" pos="DT" wid="25">the</w>
  <w id="26" lemma="|earthquake|" pos="NN" wid="26">earthquake</w>
  <w id="27" lemma="|victim|" pos="NNS" wid="27">victims</w>
  <w id="28" lemma="|in|" pos="IN" wid="28">in</w>
  <w id="29" lemma="|Central|" pos="NNP" wid="29">Central</w>
  <w id="30" lemma="|America|" pos="NNP" wid="30">America</w>
  <w id="31" lemma="|.|" pos="." wid="31">.</w>
</sentence>
<sentence id="23">
  <w id="0" lemma="|I|" pos="PRP" wid="0">I</w>
  <w id="1" lemma="|cordially|" pos="RB" wid="1">cordially</w>
  <w id="2" lemma="|greet|" pos="VBP" wid="2">greet</w>
  <w id="3" lemma="|the|" pos="DT" wid="3">the</w>
  <w id="4" lemma="|spanish-speaking|" pos="JJ" wid="4">Spanish-speaking</w>
  <w id="5" lemma="|pilgrim|" pos="NNS" wid="5">pilgrims</w>
  <w id="6" lemma="|,|" pos="," wid="6">,</w>
  <w id="7" lemma="|especially|" pos="RB" wid="7">especially</w>
  <w id="8" lemma="|the|" pos="DT" wid="8">the</w>
  <w id="9" lemma="|group|" pos="NNS" wid="9">groups</w>
  <w id="10" lemma="|from|" pos="IN" wid="10">from</w>
  <w id="11" lemma="|Sacred|" pos="NNP" wid="11">Sacred</w>
  <w id="12" lemma="|Heart|" pos="NNP" wid="12">Heart</w>
  <w id="13" lemma="|and|" pos="CC" wid="13">and</w>
  <w id="14" lemma="|St|" pos="NNP" wid="14">St</w>
  <w id="15" lemma="|Francis|" pos="NNP" wid="15">Francis</w>
  <w id="16" lemma="|Xavier|" pos="NNP" wid="16">Xavier</w>
  <w id="17" lemma="|Parishes|" pos="NNP" wid="17">Parishes</w>
  <w id="18" lemma="|.|" pos="." wid="18">.</w>
</sentence>
<sentence id="24">
  <w id="0" lemma="|May|" pos="NNP" wid="0">May</w>
  <w id="1" lemma="|God|" pos="NNP" wid="1">God</w>
  <w id="2" lemma="|bless|" pos="VB" wid="2">bless</w>
  <w id="3" lemma="|you|" pos="PRP" wid="3">you</w>
  <w id="4" lemma="|in|" pos="IN" wid="4">in</w>
  <w id="5" lemma="|you|" pos="PRP$" wid="5">your</w>
  <w id="6" lemma="|family|" pos="NN" wid="6">family</w>
  <w id="7" lemma="|and|" pos="CC" wid="7">and</w>
  <w id="8" lemma="|professional|" pos="JJ" wid="8">professional</w>
  <w id="9" lemma="|life|" pos="NN" wid="9">life</w>
  <w id="10" lemma="|,|" pos="," wid="10">,</w>
  <w id="11" lemma="|and|" pos="CC" wid="11">and</w>
  <w id="12" lemma="|may|" pos="MD" wid="12">may</w>
  <w id="13" lemma="|you|" pos="PRP" wid="13">you</w>
  <w id="14" lemma="|thus|" pos="RB" wid="14">thus</w>
  <w id="15" lemma="|give|" pos="VBP" wid="15">give</w>
  <w id="16" lemma="|proof|" pos="NN" wid="16">proof</w>
  <w id="17" lemma="|of|" pos="IN" wid="17">of</w>
  <w id="18" lemma="|you|" pos="PRP$" wid="18">your</w>
  <w id="19" lemma="|fidelity|" pos="NN" wid="19">fidelity</w>
  <w id="20" lemma="|to|" pos="TO" wid="20">to</w>
  <w id="21" lemma="|Christ|" pos="NNP" wid="21">Christ</w>
  <w id="22" lemma="|and|" pos="CC" wid="22">and</w>
  <w id="23" lemma="|he|" pos="PRP$" wid="23">his</w>
  <w id="24" lemma="|Chuch|" pos="NNP" wid="24">Chuch</w>
  <w id="25" lemma="|.|" pos="." wid="25">.</w>
</sentence>
<sentence id="25">
  <w id="0" lemma="|many|" pos="JJ" wid="0">Many</w>
  <w id="1" lemma="|thanks|" pos="NNS" wid="1">thanks</w>
  <w id="2" lemma="|.|" pos="." wid="2">.</w>
</sentence>
<sentence id="26">
  <w id="0" lemma="|Dear|" pos="NNP" wid="0">Dear</w>
  <w id="1" lemma="|priest|" pos="NNS" wid="1">priests</w>
  <w id="2" lemma="|and|" pos="CC" wid="2">and</w>
  <w id="3" lemma="|young|" pos="JJ" wid="3">young</w>
  <w id="4" lemma="|people|" pos="NNS" wid="4">people</w>
  <w id="5" lemma="|from|" pos="IN" wid="5">from</w>
  <w id="6" lemma="|the|" pos="DT" wid="6">the</w>
  <w id="7" lemma="|Serbian|" pos="NNP" wid="7">Serbian</w>
  <w id="8" lemma="|Orthodox|" pos="NNP" wid="8">Orthodox</w>
  <w id="9" lemma="|Diocese|" pos="NNP" wid="9">Diocese</w>
  <w id="10" lemma="|of|" pos="IN" wid="10">of</w>
  <w id="11" lemma="|Sabac-Valjevo|" pos="NNP" wid="11">Sabac-Valjevo</w>
  <w id="12" lemma="|,|" pos="," wid="12">,</w>
  <w id="13" lemma="|I|" pos="PRP" wid="13">I</w>
  <w id="14" lemma="|cordially|" pos="RB" wid="14">cordially</w>
  <w id="15" lemma="|greet|" pos="VB" wid="15">greet</w>
  <w id="16" lemma="|you|" pos="PRP" wid="16">you</w>
  <w id="17" lemma="|.|" pos="." wid="17">.</w>
</sentence>
<sentence id="27">
  <w id="0" lemma="|welcome|" pos="UH" wid="0">Welcome</w>
  <w id="1" lemma="|!|" pos="." wid="1">!</w>
</sentence>
<sentence id="28">
  <w id="0" lemma="|May|" pos="NNP" wid="0">May</w>
  <w id="1" lemma="|you|" pos="PRP$" wid="1">your</w>
  <w id="2" lemma="|pilgrimage|" pos="NN" wid="2">pilgrimage</w>
  <w id="3" lemma="|to|" pos="TO" wid="3">to</w>
  <w id="4" lemma="|the|" pos="DT" wid="4">the</w>
  <w id="5" lemma="|tomb|" pos="NNS" wid="5">tombs</w>
  <w id="6" lemma="|of|" pos="IN" wid="6">of</w>
  <w id="7" lemma="|the|" pos="DT" wid="7">the</w>
  <w id="8" lemma="|holy|" pos="JJ" wid="8">holy</w>
  <w id="9" lemma="|Apostles|" pos="NNPS" wid="9">Apostles</w>
  <w id="10" lemma="|Peter|" pos="NNP" wid="10">Peter</w>
  <w id="11" lemma="|and|" pos="CC" wid="11">and</w>
  <w id="12" lemma="|Paul|" pos="NNP" wid="12">Paul</w>
  <w id="13" lemma="|and|" pos="CC" wid="13">and</w>
  <w id="14" lemma="|of|" pos="IN" wid="14">of</w>
  <w id="15" lemma="|the|" pos="DT" wid="15">the</w>
  <w id="16" lemma="|other|" pos="JJ" wid="16">other</w>
  <w id="17" lemma="|holy|" pos="JJ" wid="17">holy</w>
  <w id="18" lemma="|martyr|" pos="NNS" wid="18">martyrs</w>
  <w id="19" lemma="|,|" pos="," wid="19">,</w>
  <w id="20" lemma="|whose|" pos="WP$" wid="20">whose</w>
  <w id="21" lemma="|memory|" pos="NN" wid="21">memory</w>
  <w id="22" lemma="|be|" pos="VBZ" wid="22">is</w>
  <w id="23" lemma="|keep|" pos="VBN" wid="23">kept</w>
  <w id="24" lemma="|by|" pos="IN" wid="24">by</w>
  <w id="25" lemma="|Rome|" pos="NNP" wid="25">Rome</w>
  <w id="26" lemma="|,|" pos="," wid="26">,</w>
  <w id="27" lemma="|strengthen|" pos="VB" wid="27">strengthen</w>
  <w id="28" lemma="|you|" pos="PRP$" wid="28">your</w>
  <w id="29" lemma="|Christian|" pos="NNP" wid="29">Christian</w>
  <w id="30" lemma="|faith|" pos="NN" wid="30">faith</w>
  <w id="31" lemma="|and|" pos="CC" wid="31">and</w>
  <w id="32" lemma="|support|" pos="VBP" wid="32">support</w>
  <w id="33" lemma="|you|" pos="PRP" wid="33">you</w>
  <w id="34" lemma="|in|" pos="IN" wid="34">in</w>
  <w id="35" lemma="|you|" pos="PRP$" wid="35">your</w>
  <w id="36" lemma="|commitment|" pos="NN" wid="36">commitment</w>
  <w id="37" lemma="|to|" pos="TO" wid="37">to</w>
  <w id="38" lemma="|building|" pos="NN" wid="38">building</w>
  <w id="39" lemma="|,|" pos="," wid="39">,</w>
  <w id="40" lemma="|along|" pos="IN" wid="40">along</w>
  <w id="41" lemma="|with|" pos="IN" wid="41">with</w>
  <w id="42" lemma="|the|" pos="DT" wid="42">the</w>
  <w id="43" lemma="|other|" pos="JJ" wid="43">other</w>
  <w id="44" lemma="|citizen|" pos="NNS" wid="44">citizens</w>
  <w id="45" lemma="|of|" pos="IN" wid="45">of</w>
  <w id="46" lemma="|you|" pos="PRP$" wid="46">your</w>
  <w id="47" lemma="|country|" pos="NN" wid="47">country</w>
  <w id="48" lemma="|,|" pos="," wid="48">,</w>
  <w id="49" lemma="|a|" pos="DT" wid="49">a</w>
  <w id="50" lemma="|future|" pos="NN" wid="50">future</w>
  <w id="51" lemma="|of|" pos="IN" wid="51">of</w>
  <w id="52" lemma="|peace|" pos="NN" wid="52">peace</w>
  <w id="53" lemma="|and|" pos="CC" wid="53">and</w>
  <w id="54" lemma="|development|" pos="NN" wid="54">development</w>
  <w id="55" lemma="|.|" pos="." wid="55">.</w>
</sentence>
<sentence id="29">
  <w id="0" lemma="|on|" pos="IN" wid="0">On</w>
  <w id="1" lemma="|return|" pos="VBG" wid="1">returning</w>
  <w id="2" lemma="|to|" pos="TO" wid="2">to</w>
  <w id="3" lemma="|you|" pos="PRP$" wid="3">your</w>
  <w id="4" lemma="|homeland|" pos="NN" wid="4">homeland</w>
  <w id="5" lemma="|,|" pos="," wid="5">,</w>
  <w id="6" lemma="|bring|" pos="VB" wid="6">bring</w>
  <w id="7" lemma="|my|" pos="PRP$" wid="7">my</w>
  <w id="8" lemma="|affectionate|" pos="JJ" wid="8">affectionate</w>
  <w id="9" lemma="|greet|" pos="VBG" wid="9">greeting</w>
  <w id="10" lemma="|to|" pos="TO" wid="10">to</w>
  <w id="11" lemma="|he|" pos="PRP$" wid="11">His</w>
  <w id="12" lemma="|Beatitude|" pos="NNP" wid="12">Beatitude</w>
  <w id="13" lemma="|Patriarch|" pos="NNP" wid="13">Patriarch</w>
  <w id="14" lemma="|Pavle|" pos="NNP" wid="14">Pavle</w>
  <w id="15" lemma="|,|" pos="," wid="15">,</w>
  <w id="16" lemma="|to|" pos="TO" wid="16">to</w>
  <w id="17" lemma="|you|" pos="PRP$" wid="17">your</w>
  <w id="18" lemma="|Bishop|" pos="NNP" wid="18">Bishop</w>
  <w id="19" lemma="|Lavrentije|" pos="NNP" wid="19">Lavrentije</w>
  <w id="20" lemma="|,|" pos="," wid="20">,</w>
  <w id="21" lemma="|to|" pos="TO" wid="21">to</w>
  <w id="22" lemma="|you|" pos="PRP$" wid="22">your</w>
  <w id="23" lemma="|relative|" pos="NNS" wid="23">relatives</w>
  <w id="24" lemma="|and|" pos="CC" wid="24">and</w>
  <w id="25" lemma="|friend|" pos="NNS" wid="25">friends</w>
  <w id="26" lemma="|,|" pos="," wid="26">,</w>
  <w id="27" lemma="|and|" pos="CC" wid="27">and</w>
  <w id="28" lemma="|to|" pos="TO" wid="28">to</w>
  <w id="29" lemma="|the|" pos="DT" wid="29">the</w>
  <w id="30" lemma="|beloved|" pos="JJ" wid="30">beloved</w>
  <w id="31" lemma="|serbian|" pos="JJ" wid="31">Serbian</w>
  <w id="32" lemma="|people|" pos="NNS" wid="32">people</w>
  <w id="33" lemma="|.|" pos="." wid="33">.</w>
</sentence>
<sentence id="30">
  <w id="0" lemma="|May|" pos="NNP" wid="0">May</w>
  <w id="1" lemma="|we|" pos="PRP$" wid="1">our</w>
  <w id="2" lemma="|Lord|" pos="NNP" wid="2">Lord</w>
  <w id="3" lemma="|Jesus|" pos="NNP" wid="3">Jesus</w>
  <w id="4" lemma="|Christ|" pos="NNP" wid="4">Christ</w>
  <w id="5" lemma="|bless|" pos="VB" wid="5">bless</w>
  <w id="6" lemma="|you|" pos="PRP" wid="6">you</w>
  <w id="7" lemma="|all|" pos="DT" wid="7">all</w>
  <w id="8" lemma="|!|" pos="." wid="8">!</w>
</sentence>
<sentence id="31">
  <w id="0" lemma="|I|" pos="PRP" wid="0">I</w>
  <w id="1" lemma="|also|" pos="RB" wid="1">also</w>
  <w id="2" lemma="|greet|" pos="VBP" wid="2">greet</w>
  <w id="3" lemma="|the|" pos="DT" wid="3">the</w>
  <w id="4" lemma="|pilgrim|" pos="NNS" wid="4">pilgrims</w>
  <w id="5" lemma="|from|" pos="IN" wid="5">from</w>
  <w id="6" lemma="|Poland|" pos="NNP" wid="6">Poland</w>
  <w id="7" lemma="|:|" pos=":" wid="7">:</w>
  <w id="8" lemma="|the|" pos="DT" wid="8">the</w>
  <w id="9" lemma="|neo-catechumenal|" pos="JJ" wid="9">Neo-Catechumenal</w>
  <w id="10" lemma="|community|" pos="NNS" wid="10">communities</w>
  <w id="11" lemma="|from|" pos="IN" wid="11">from</w>
  <w id="12" lemma="|Mogilno|" pos="NNP" wid="12">Mogilno</w>
  <w id="13" lemma="|,|" pos="," wid="13">,</w>
  <w id="14" lemma="|the|" pos="DT" wid="14">the</w>
  <w id="15" lemma="|employee|" pos="NNS" wid="15">employees</w>
  <w id="16" lemma="|of|" pos="IN" wid="16">of</w>
  <w id="17" lemma="|a|" pos="DT" wid="17">a</w>
  <w id="18" lemma="|construction|" pos="NN" wid="18">construction</w>
  <w id="19" lemma="|firm|" pos="NN" wid="19">firm</w>
  <w id="20" lemma="|from|" pos="IN" wid="20">from</w>
  <w id="21" lemma="|Nowy|" pos="NNP" wid="21">Nowy</w>
  <w id="22" lemma="|Targ|" pos="NNP" wid="22">Targ</w>
  <w id="23" lemma="|,|" pos="," wid="23">,</w>
  <w id="24" lemma="|a|" pos="DT" wid="24">a</w>
  <w id="25" lemma="|group|" pos="NN" wid="25">group</w>
  <w id="26" lemma="|of|" pos="IN" wid="26">of</w>
  <w id="27" lemma="|restorer|" pos="NNS" wid="27">restorers</w>
  <w id="28" lemma="|and|" pos="CC" wid="28">and</w>
  <w id="29" lemma="|individual|" pos="JJ" wid="29">individual</w>
  <w id="30" lemma="|pilgrim|" pos="NNS" wid="30">pilgrims</w>
  <w id="31" lemma="|.|" pos="." wid="31">.</w>
</sentence>
<sentence id="32">
  <w id="0" lemma="|God|" pos="NNP" wid="0">God</w>
  <w id="1" lemma="|bless|" pos="VB" wid="1">bless</w>
  <w id="2" lemma="|you|" pos="PRP" wid="2">you</w>
  <w id="3" lemma="|all|" pos="DT" wid="3">all</w>
  <w id="4" lemma="|!|" pos="." wid="4">!</w>
</sentence>
<sentence id="33">
  <w id="0" lemma="|a|" pos="DT" wid="0">A</w>
  <w id="1" lemma="|few|" pos="JJ" wid="1">few</w>
  <w id="2" lemma="|hour|" pos="NNS" wid="2">hours</w>
  <w id="3" lemma="|ago|" pos="RB" wid="3">ago</w>
  <w id="4" lemma="|we|" pos="PRP" wid="4">we</w>
  <w id="5" lemma="|learn|" pos="VBD" wid="5">learned</w>
  <w id="6" lemma="|of|" pos="IN" wid="6">of</w>
  <w id="7" lemma="|a|" pos="DT" wid="7">a</w>
  <w id="8" lemma="|disastrous|" pos="JJ" wid="8">disastrous</w>
  <w id="9" lemma="|earthquake|" pos="NN" wid="9">earthquake</w>
  <w id="10" lemma="|in|" pos="IN" wid="10">in</w>
  <w id="11" lemma="|Central|" pos="NNP" wid="11">Central</w>
  <w id="12" lemma="|America|" pos="NNP" wid="12">America</w>
  <w id="13" lemma="|,|" pos="," wid="13">,</w>
  <w id="14" lemma="|which|" pos="WDT" wid="14">which</w>
  <w id="15" lemma="|have|" pos="VBZ" wid="15">has</w>
  <w id="16" lemma="|cause|" pos="VBN" wid="16">caused</w>
  <w id="17" lemma="|many|" pos="JJ" wid="17">many</w>
  <w id="18" lemma="|death|" pos="NNS" wid="18">deaths</w>
  <w id="19" lemma="|,|" pos="," wid="19">,</w>
  <w id="20" lemma="|hundred|" pos="NNS" wid="20">hundreds</w>
  <w id="21" lemma="|of|" pos="IN" wid="21">of</w>
  <w id="22" lemma="|injury|" pos="NNS" wid="22">injuries</w>
  <w id="23" lemma="|and|" pos="CC" wid="23">and</w>
  <w id="24" lemma="|enormous|" pos="JJ" wid="24">enormous</w>
  <w id="25" lemma="|material|" pos="NN" wid="25">material</w>
  <w id="26" lemma="|damage|" pos="NN" wid="26">damage</w>
  <w id="27" lemma="|,|" pos="," wid="27">,</w>
  <w id="28" lemma="|particularly|" pos="RB" wid="28">particularly</w>
  <w id="29" lemma="|in|" pos="IN" wid="29">in</w>
  <w id="30" lemma="|El|" pos="NNP" wid="30">El</w>
  <w id="31" lemma="|Salvador|" pos="NNP" wid="31">Salvador</w>
  <w id="32" lemma="|.|" pos="." wid="32">.</w>
</sentence>
<sentence id="34">
  <w id="0" lemma="|I|" pos="PRP" wid="0">I</w>
  <w id="1" lemma="|would|" pos="MD" wid="1">would</w>
  <w id="2" lemma="|like|" pos="VB" wid="2">like</w>
  <w id="3" lemma="|to|" pos="TO" wid="3">to</w>
  <w id="4" lemma="|express|" pos="VB" wid="4">express</w>
  <w id="5" lemma="|my|" pos="PRP$" wid="5">my</w>
  <w id="6" lemma="|spiritual|" pos="JJ" wid="6">spiritual</w>
  <w id="7" lemma="|closeness|" pos="NN" wid="7">closeness</w>
  <w id="8" lemma="|to|" pos="TO" wid="8">to</w>
  <w id="9" lemma="|the|" pos="DT" wid="9">the</w>
  <w id="10" lemma="|people|" pos="NNS" wid="10">peoples</w>
  <w id="11" lemma="|hit|" pos="VBN" wid="11">hit</w>
  <w id="12" lemma="|by|" pos="IN" wid="12">by</w>
  <w id="13" lemma="|the|" pos="DT" wid="13">the</w>
  <w id="14" lemma="|earthquake|" pos="NN" wid="14">earthquake</w>
  <w id="15" lemma="|in|" pos="IN" wid="15">in</w>
  <w id="16" lemma="|that|" pos="DT" wid="16">that</w>
  <w id="17" lemma="|region|" pos="NN" wid="17">region</w>
  <w id="18" lemma="|,|" pos="," wid="18">,</w>
  <w id="19" lemma="|which|" pos="WDT" wid="19">which</w>
  <w id="20" lemma="|be|" pos="VBZ" wid="20">is</w>
  <w id="21" lemma="|so|" pos="RB" wid="21">so</w>
  <w id="22" lemma="|dear|" pos="RB" wid="22">dear</w>
  <w id="23" lemma="|to|" pos="TO" wid="23">to</w>
  <w id="24" lemma="|I|" pos="PRP" wid="24">me</w>
  <w id="25" lemma="|.|" pos="." wid="25">.</w>
</sentence>
<sentence id="35">
  <w id="0" lemma="|as|" pos="IN" wid="0">As</w>
  <w id="1" lemma="|I|" pos="PRP" wid="1">I</w>
  <w id="2" lemma="|offer|" pos="VBP" wid="2">offer</w>
  <w id="3" lemma="|my|" pos="PRP$" wid="3">my</w>
  <w id="4" lemma="|heartfelt|" pos="JJ" wid="4">heartfelt</w>
  <w id="5" lemma="|prayer|" pos="NNS" wid="5">prayers</w>
  <w id="6" lemma="|to|" pos="TO" wid="6">to</w>
  <w id="7" lemma="|the|" pos="DT" wid="7">the</w>
  <w id="8" lemma="|Lord|" pos="NNP" wid="8">Lord</w>
  <w id="9" lemma="|for|" pos="IN" wid="9">for</w>
  <w id="10" lemma="|the|" pos="DT" wid="10">the</w>
  <w id="11" lemma="|victim|" pos="NNS" wid="11">victims</w>
  <w id="12" lemma="|,|" pos="," wid="12">,</w>
  <w id="13" lemma="|I|" pos="PRP" wid="13">I</w>
  <w id="14" lemma="|express|" pos="VBP" wid="14">express</w>
  <w id="15" lemma="|my|" pos="PRP$" wid="15">my</w>
  <w id="16" lemma="|fervent|" pos="JJ" wid="16">fervent</w>
  <w id="17" lemma="|encouragement|" pos="NN" wid="17">encouragement</w>
  <w id="18" lemma="|to|" pos="TO" wid="18">to</w>
  <w id="19" lemma="|the|" pos="DT" wid="19">the</w>
  <w id="20" lemma="|survivor|" pos="NNS" wid="20">survivors</w>
  <w id="21" lemma="|,|" pos="," wid="21">,</w>
  <w id="22" lemma="|hope|" pos="VBG" wid="22">hoping</w>
  <w id="23" lemma="|that|" pos="IN" wid="23">that</w>
  <w id="24" lemma="|the|" pos="DT" wid="24">the</w>
  <w id="25" lemma="|international|" pos="JJ" wid="25">international</w>
  <w id="26" lemma="|community|" pos="NN" wid="26">community</w>
  <w id="27" lemma="|will|" pos="MD" wid="27">will</w>
  <w id="28" lemma="|show|" pos="VB" wid="28">show</w>
  <w id="29" lemma="|its|" pos="PRP$" wid="29">its</w>
  <w id="30" lemma="|active|" pos="JJ" wid="30">active</w>
  <w id="31" lemma="|concern|" pos="NN" wid="31">concern</w>
  <w id="32" lemma="|for|" pos="IN" wid="32">for</w>
  <w id="33" lemma="|they|" pos="PRP" wid="33">them</w>
  <w id="34" lemma="|.|" pos="." wid="34">.</w>
</sentence>
<sentence id="36">
  <w id="0" lemma="|May|" pos="NNP" wid="0">May</w>
  <w id="1" lemma="|everyone|" pos="NN" wid="1">everyone</w>
  <w id="2" lemma="|'s|" pos="POS" wid="2">'s</w>
  <w id="3" lemma="|solidarity|" pos="NN" wid="3">solidarity</w>
  <w id="4" lemma="|bring|" pos="VBP" wid="4">bring</w>
  <w id="5" lemma="|the|" pos="DT" wid="5">the</w>
  <w id="6" lemma="|help|" pos="NN" wid="6">help</w>
  <w id="7" lemma="|that|" pos="WDT" wid="7">that</w>
  <w id="8" lemma="|can|" pos="MD" wid="8">can</w>
  <w id="9" lemma="|alleviate|" pos="VB" wid="9">alleviate</w>
  <w id="10" lemma="|the|" pos="DT" wid="10">the</w>
  <w id="11" lemma="|consequence|" pos="NNS" wid="11">consequences</w>
  <w id="12" lemma="|of|" pos="IN" wid="12">of</w>
  <w id="13" lemma="|this|" pos="DT" wid="13">this</w>
  <w id="14" lemma="|tragedy|" pos="NN" wid="14">tragedy</w>
  <w id="15" lemma="|!|" pos="." wid="15">!</w>
</sentence>
<sentence id="37">
  <w id="0" lemma="|I|" pos="PRP" wid="0">I</w>
  <w id="1" lemma="|wish|" pos="VBP" wid="1">wish</w>
  <w id="2" lemma="|all|" pos="DT" wid="2">all</w>
  <w id="3" lemma="|Romans|" pos="NNPS" wid="3">Romans</w>
  <w id="4" lemma="|and|" pos="CC" wid="4">and</w>
  <w id="5" lemma="|pilgrim|" pos="VBZ" wid="5">pilgrims</w>
  <w id="6" lemma="|a|" pos="DT" wid="6">a</w>
  <w id="7" lemma="|pleasant|" pos="JJ" wid="7">pleasant</w>
  <w id="8" lemma="|Sunday|" pos="NNP" wid="8">Sunday</w>
  <w id="9" lemma="|.|" pos="." wid="9">.</w>
</sentence>
</corpus>