<corpus id="0">
<sentence id="0">
  <w id="0" lemma="|Dear|" pos="NNP" wid="0">Dear</w>
  <w id="1" lemma="|Brothers|" pos="NNPS" wid="1">Brothers</w>
  <w id="2" lemma="|and|" pos="CC" wid="2">and</w>
  <w id="3" lemma="|sister|" pos="NNS" wid="3">Sisters</w>
  <w id="4" lemma="|,|" pos="," wid="4">,</w>
  <w id="5" lemma="|1|" pos="CD" wid="5">1</w>
  <w id="6" lemma="|.|" pos="." wid="6">.</w>
</sentence>
<sentence id="1">
  <w id="0" lemma="|this|" pos="DT" wid="0">This</w>
  <w id="1" lemma="|Sunday|" pos="NNP" wid="1">Sunday</w>
  <w id="2" lemma="|,|" pos="," wid="2">,</w>
  <w id="3" lemma="|the|" pos="DT" wid="3">the</w>
  <w id="4" lemma="|last|" pos="JJ" wid="4">last</w>
  <w id="5" lemma="|of|" pos="IN" wid="5">of</w>
  <w id="6" lemma="|the|" pos="DT" wid="6">the</w>
  <w id="7" lemma="|liturgical|" pos="JJ" wid="7">liturgical</w>
  <w id="8" lemma="|year|" pos="NN" wid="8">year</w>
  <w id="9" lemma="|,|" pos="," wid="9">,</w>
  <w id="10" lemma="|we|" pos="PRP" wid="10">we</w>
  <w id="11" lemma="|be|" pos="VBP" wid="11">are</w>
  <w id="12" lemma="|celebrate|" pos="VBG" wid="12">celebrating</w>
  <w id="13" lemma="|Christ|" pos="NNP" wid="13">Christ</w>
  <w id="14" lemma="|the|" pos="DT" wid="14">the</w>
  <w id="15" lemma="|King|" pos="NNP" wid="15">King</w>
  <w id="16" lemma="|of|" pos="IN" wid="16">of</w>
  <w id="17" lemma="|the|" pos="DT" wid="17">the</w>
  <w id="18" lemma="|universe|" pos="NN" wid="18">universe</w>
  <w id="19" lemma="|:|" pos=":" wid="19">:</w>
  <w id="20" lemma="|he|" pos="PRP" wid="20">he</w>
  <w id="21" lemma="|appear|" pos="VBZ" wid="21">appears</w>
  <w id="22" lemma="|as|" pos="IN" wid="22">as</w>
  <w id="23" lemma="|the|" pos="DT" wid="23">the</w>
  <w id="24" lemma="|king|" pos="NN" wid="24">King</w>
  <w id="25" lemma="|of|" pos="IN" wid="25">of</w>
  <w id="26" lemma="|history|" pos="NN" wid="26">history</w>
  <w id="27" lemma="|and|" pos="CC" wid="27">and</w>
  <w id="28" lemma="|creation|" pos="NN" wid="28">creation</w>
  <w id="29" lemma="|,|" pos="," wid="29">,</w>
  <w id="30" lemma="|of|" pos="IN" wid="30">of</w>
  <w id="31" lemma="|time|" pos="NN" wid="31">time</w>
  <w id="32" lemma="|and|" pos="CC" wid="32">and</w>
  <w id="33" lemma="|eternity|" pos="NN" wid="33">eternity</w>
  <w id="34" lemma="|.|" pos="." wid="34">.</w>
</sentence>
<sentence id="2">
  <w id="0" lemma="|today|" pos="NN" wid="0">Today</w>
  <w id="1" lemma="|end|" pos="VBZ" wid="1">ends</w>
  <w id="2" lemma="|the|" pos="DT" wid="2">the</w>
  <w id="3" lemma="|first|" pos="JJ" wid="3">first</w>
  <w id="4" lemma="|year|" pos="NN" wid="4">year</w>
  <w id="5" lemma="|of|" pos="IN" wid="5">of</w>
  <w id="6" lemma="|the|" pos="DT" wid="6">the</w>
  <w id="7" lemma="|three-year|" pos="JJ" wid="7">three-year</w>
  <w id="8" lemma="|period|" pos="NN" wid="8">period</w>
  <w id="9" lemma="|of|" pos="IN" wid="9">of</w>
  <w id="10" lemma="|immediate|" pos="JJ" wid="10">immediate</w>
  <w id="11" lemma="|preparation|" pos="NN" wid="11">preparation</w>
  <w id="12" lemma="|for|" pos="IN" wid="12">for</w>
  <w id="13" lemma="|the|" pos="DT" wid="13">the</w>
  <w id="14" lemma="|great|" pos="JJ" wid="14">Great</w>
  <w id="15" lemma="|jubilee|" pos="NN" wid="15">Jubilee</w>
  <w id="16" lemma="|of|" pos="IN" wid="16">of</w>
  <w id="17" lemma="|the|" pos="DT" wid="17">the</w>
  <w id="18" lemma="|Year|" pos="NNP" wid="18">Year</w>
  <w id="19" lemma="|2000|" pos="CD" wid="19">2000</w>
  <w id="20" lemma="|,|" pos="," wid="20">,</w>
  <w id="21" lemma="|a|" pos="DT" wid="21">a</w>
  <w id="22" lemma="|three-year|" pos="JJ" wid="22">three-year</w>
  <w id="23" lemma="|period|" pos="NN" wid="23">period</w>
  <w id="24" lemma="|mark|" pos="VBN" wid="24">marked</w>
  <w id="25" lemma="|by|" pos="IN" wid="25">by</w>
  <w id="26" lemma="|the|" pos="DT" wid="26">the</w>
  <w id="27" lemma="|itinerary|" pos="NN" wid="27">itinerary</w>
  <w id="28" lemma="|``|" pos="``" wid="28">``</w>
  <w id="29" lemma="|through|" pos="IN" wid="29">through</w>
  <w id="30" lemma="|Christ|" pos="NNP" wid="30">Christ</w>
  <w id="31" lemma="|--|" pos=":" wid="31">--</w>
  <w id="32" lemma="|in|" pos="IN" wid="32">in</w>
  <w id="33" lemma="|the|" pos="DT" wid="33">the</w>
  <w id="34" lemma="|spirit|" pos="NN" wid="34">Spirit</w>
  <w id="35" lemma="|--|" pos=":" wid="35">--</w>
  <w id="36" lemma="|to|" pos="TO" wid="36">to</w>
  <w id="37" lemma="|the|" pos="DT" wid="37">the</w>
  <w id="38" lemma="|Father|" pos="NNP" wid="38">Father</w>
  <w id="39" lemma="|''|" pos="''" wid="39">''</w>
  <w id="40" lemma="|.|" pos="." wid="40">.</w>
</sentence>
<sentence id="3">
  <w id="0" lemma="|during|" pos="IN" wid="0">During</w>
  <w id="1" lemma="|this|" pos="DT" wid="1">this</w>
  <w id="2" lemma="|first|" pos="JJ" wid="2">first</w>
  <w id="3" lemma="|year|" pos="NN" wid="3">year</w>
  <w id="4" lemma="|,|" pos="," wid="4">,</w>
  <w id="5" lemma="|1997|" pos="CD" wid="5">1997</w>
  <w id="6" lemma="|,|" pos="," wid="6">,</w>
  <w id="7" lemma="|we|" pos="PRP" wid="7">we</w>
  <w id="8" lemma="|focus|" pos="VBD" wid="8">focused</w>
  <w id="9" lemma="|we|" pos="PRP$" wid="9">our</w>
  <w id="10" lemma="|attention|" pos="NN" wid="10">attention</w>
  <w id="11" lemma="|on|" pos="IN" wid="11">on</w>
  <w id="12" lemma="|Jesus|" pos="NNP" wid="12">Jesus</w>
  <w id="13" lemma="|Christ|" pos="NNP" wid="13">Christ</w>
  <w id="14" lemma="|,|" pos="," wid="14">,</w>
  <w id="15" lemma="|we|" pos="PRP$" wid="15">our</w>
  <w id="16" lemma="|only|" pos="JJ" wid="16">only</w>
  <w id="17" lemma="|Saviour|" pos="NNP" wid="17">Saviour</w>
  <w id="18" lemma="|.|" pos="." wid="18">.</w>
</sentence>
<sentence id="4">
  <w id="0" lemma="|the|" pos="DT" wid="0">The</w>
  <w id="1" lemma="|year|" pos="NN" wid="1">year</w>
  <w id="2" lemma="|about|" pos="IN" wid="2">about</w>
  <w id="3" lemma="|to|" pos="TO" wid="3">to</w>
  <w id="4" lemma="|begin|" pos="VB" wid="4">begin</w>
  <w id="5" lemma="|be|" pos="VBZ" wid="5">is</w>
  <w id="6" lemma="|the|" pos="DT" wid="6">the</w>
  <w id="7" lemma="|second|" pos="JJ" wid="7">second</w>
  <w id="8" lemma="|year|" pos="NN" wid="8">year</w>
  <w id="9" lemma="|and|" pos="CC" wid="9">and</w>
  <w id="10" lemma="|will|" pos="MD" wid="10">will</w>
  <w id="11" lemma="|be|" pos="VB" wid="11">be</w>
  <w id="12" lemma="|dedicate|" pos="VBN" wid="12">dedicated</w>
  <w id="13" lemma="|in|" pos="IN" wid="13">in</w>
  <w id="14" lemma="|a|" pos="DT" wid="14">a</w>
  <w id="15" lemma="|special|" pos="JJ" wid="15">special</w>
  <w id="16" lemma="|way|" pos="NN" wid="16">way</w>
  <w id="17" lemma="|to|" pos="TO" wid="17">to</w>
  <w id="18" lemma="|the|" pos="DT" wid="18">the</w>
  <w id="19" lemma="|holy|" pos="JJ" wid="19">Holy</w>
  <w id="20" lemma="|spirit|" pos="NN" wid="20">Spirit</w>
  <w id="21" lemma="|.|" pos="." wid="21">.</w>
</sentence>
<sentence id="5">
  <w id="0" lemma="|Next|" pos="NNP" wid="0">Next</w>
  <w id="1" lemma="|Sunday|" pos="NNP" wid="1">Sunday</w>
  <w id="2" lemma="|,|" pos="," wid="2">,</w>
  <w id="3" lemma="|the|" pos="DT" wid="3">the</w>
  <w id="4" lemma="|First|" pos="NNP" wid="4">First</w>
  <w id="5" lemma="|Sunday|" pos="NNP" wid="5">Sunday</w>
  <w id="6" lemma="|of|" pos="IN" wid="6">of</w>
  <w id="7" lemma="|Advent|" pos="NNP" wid="7">Advent</w>
  <w id="8" lemma="|,|" pos="," wid="8">,</w>
  <w id="9" lemma="|I|" pos="PRP" wid="9">I</w>
  <w id="10" lemma="|will|" pos="MD" wid="10">will</w>
  <w id="11" lemma="|have|" pos="VB" wid="11">have</w>
  <w id="12" lemma="|the|" pos="DT" wid="12">the</w>
  <w id="13" lemma="|joy|" pos="NN" wid="13">joy</w>
  <w id="14" lemma="|of|" pos="IN" wid="14">of</w>
  <w id="15" lemma="|solemnly|" pos="RB" wid="15">solemnly</w>
  <w id="16" lemma="|open|" pos="VBG" wid="16">opening</w>
  <w id="17" lemma="|,|" pos="," wid="17">,</w>
  <w id="18" lemma="|with|" pos="IN" wid="18">with</w>
  <w id="19" lemma="|a|" pos="DT" wid="19">a</w>
  <w id="20" lemma="|eucharistic|" pos="JJ" wid="20">Eucharistic</w>
  <w id="21" lemma="|celebration|" pos="NN" wid="21">celebration</w>
  <w id="22" lemma="|in|" pos="IN" wid="22">in</w>
  <w id="23" lemma="|St|" pos="NNP" wid="23">St</w>
  <w id="24" lemma="|Peter|" pos="NNP" wid="24">Peter</w>
  <w id="25" lemma="|'s|" pos="POS" wid="25">'s</w>
  <w id="26" lemma="|basilica|" pos="NN" wid="26">Basilica</w>
  <w id="27" lemma="|,|" pos="," wid="27">,</w>
  <w id="28" lemma="|this|" pos="DT" wid="28">this</w>
  <w id="29" lemma="|further|" pos="JJ" wid="29">further</w>
  <w id="30" lemma="|step|" pos="NN" wid="30">step</w>
  <w id="31" lemma="|towards|" pos="IN" wid="31">towards</w>
  <w id="32" lemma="|the|" pos="DT" wid="32">the</w>
  <w id="33" lemma="|Holy|" pos="NNP" wid="33">Holy</w>
  <w id="34" lemma="|Door|" pos="NNP" wid="34">Door</w>
  <w id="35" lemma="|of|" pos="IN" wid="35">of</w>
  <w id="36" lemma="|the|" pos="DT" wid="36">the</w>
  <w id="37" lemma="|third|" pos="JJ" wid="37">third</w>
  <w id="38" lemma="|millennium|" pos="JJ" wid="38">millennium</w>
  <w id="39" lemma="|.|" pos="." wid="39">.</w>
</sentence>
<sentence id="6">
  <w id="0" lemma="|2|" pos="CD" wid="0">2</w>
  <w id="1" lemma="|.|" pos="." wid="1">.</w>
</sentence>
<sentence id="7">
  <w id="0" lemma="|at|" pos="IN" wid="0">At</w>
  <w id="1" lemma="|the|" pos="DT" wid="1">the</w>
  <w id="2" lemma="|end|" pos="NN" wid="2">end</w>
  <w id="3" lemma="|of|" pos="IN" wid="3">of</w>
  <w id="4" lemma="|one|" pos="CD" wid="4">one</w>
  <w id="5" lemma="|liturgical|" pos="JJ" wid="5">liturgical</w>
  <w id="6" lemma="|year|" pos="NN" wid="6">year</w>
  <w id="7" lemma="|and|" pos="CC" wid="7">and</w>
  <w id="8" lemma="|the|" pos="DT" wid="8">the</w>
  <w id="9" lemma="|beginning|" pos="NN" wid="9">beginning</w>
  <w id="10" lemma="|of|" pos="IN" wid="10">of</w>
  <w id="11" lemma="|another|" pos="DT" wid="11">another</w>
  <w id="12" lemma="|,|" pos="," wid="12">,</w>
  <w id="13" lemma="|we|" pos="PRP" wid="13">we</w>
  <w id="14" lemma="|be|" pos="VBP" wid="14">are</w>
  <w id="15" lemma="|invite|" pos="VBN" wid="15">invited</w>
  <w id="16" lemma="|to|" pos="TO" wid="16">to</w>
  <w id="17" lemma="|become|" pos="VB" wid="17">become</w>
  <w id="18" lemma="|more|" pos="RBR" wid="18">more</w>
  <w id="19" lemma="|aware|" pos="JJ" wid="19">aware</w>
  <w id="20" lemma="|of|" pos="IN" wid="20">of</w>
  <w id="21" lemma="|the|" pos="DT" wid="21">the</w>
  <w id="22" lemma="|role|" pos="NN" wid="22">role</w>
  <w id="23" lemma="|of|" pos="IN" wid="23">of</w>
  <w id="24" lemma="|the|" pos="DT" wid="24">the</w>
  <w id="25" lemma="|liturgy|" pos="NN" wid="25">liturgy</w>
  <w id="26" lemma="|in|" pos="IN" wid="26">in</w>
  <w id="27" lemma="|the|" pos="DT" wid="27">the</w>
  <w id="28" lemma="|Church|" pos="NNP" wid="28">Church</w>
  <w id="29" lemma="|'s|" pos="POS" wid="29">'s</w>
  <w id="30" lemma="|life|" pos="NN" wid="30">life</w>
  <w id="31" lemma="|.|" pos="." wid="31">.</w>
</sentence>
<sentence id="8">
  <w id="0" lemma="|it|" pos="PRP" wid="0">It</w>
  <w id="1" lemma="|mark|" pos="VBZ" wid="1">marks</w>
  <w id="2" lemma="|she|" pos="PRP$" wid="2">her</w>
  <w id="3" lemma="|progress|" pos="NN" wid="3">progress</w>
  <w id="4" lemma="|in|" pos="IN" wid="4">in</w>
  <w id="5" lemma="|time|" pos="NN" wid="5">time</w>
  <w id="6" lemma="|,|" pos="," wid="6">,</w>
  <w id="7" lemma="|constantly|" pos="RB" wid="7">constantly</w>
  <w id="8" lemma="|nourish|" pos="VBG" wid="8">nourishing</w>
  <w id="9" lemma="|she|" pos="PRP$" wid="9">her</w>
  <w id="10" lemma="|faith|" pos="NN" wid="10">faith</w>
  <w id="11" lemma="|,|" pos="," wid="11">,</w>
  <w id="12" lemma="|hope|" pos="NN" wid="12">hope</w>
  <w id="13" lemma="|and|" pos="CC" wid="13">and</w>
  <w id="14" lemma="|love|" pos="NN" wid="14">love</w>
  <w id="15" lemma="|.|" pos="." wid="15">.</w>
</sentence>
<sentence id="9">
  <w id="0" lemma="|in|" pos="IN" wid="0">In</w>
  <w id="1" lemma="|this|" pos="DT" wid="1">this</w>
  <w id="2" lemma="|regard|" pos="NN" wid="2">regard</w>
  <w id="3" lemma="|,|" pos="," wid="3">,</w>
  <w id="4" lemma="|I|" pos="PRP" wid="4">I</w>
  <w id="5" lemma="|be|" pos="VBP" wid="5">am</w>
  <w id="6" lemma="|pleased|" pos="JJ" wid="6">pleased</w>
  <w id="7" lemma="|to|" pos="TO" wid="7">to</w>
  <w id="8" lemma="|recall|" pos="VB" wid="8">recall</w>
  <w id="9" lemma="|that|" pos="IN" wid="9">that</w>
  <w id="10" lemma="|precisely|" pos="RB" wid="10">precisely</w>
  <w id="11" lemma="|50|" pos="CD" wid="11">50</w>
  <w id="12" lemma="|year|" pos="NNS" wid="12">years</w>
  <w id="13" lemma="|ago|" pos="RB" wid="13">ago</w>
  <w id="14" lemma="|,|" pos="," wid="14">,</w>
  <w id="15" lemma="|on|" pos="IN" wid="15">on</w>
  <w id="16" lemma="|20|" pos="CD" wid="16">20</w>
  <w id="17" lemma="|November|" pos="NNP" wid="17">November</w>
  <w id="18" lemma="|1947|" pos="CD" wid="18">1947</w>
  <w id="19" lemma="|,|" pos="," wid="19">,</w>
  <w id="20" lemma="|Pope|" pos="NNP" wid="20">Pope</w>
  <w id="21" lemma="|Pius|" pos="NNP" wid="21">Pius</w>
  <w id="22" lemma="|XII|" pos="NNP" wid="22">XII</w>
  <w id="23" lemma="|publish|" pos="VBD" wid="23">published</w>
  <w id="24" lemma="|the|" pos="DT" wid="24">the</w>
  <w id="25" lemma="|Encyclical|" pos="NNP" wid="25">Encyclical</w>
  <w id="26" lemma="|Mediator|" pos="NNP" wid="26">Mediator</w>
  <w id="27" lemma="|Dei|" pos="NNP" wid="27">Dei</w>
  <w id="28" lemma="|,|" pos="," wid="28">,</w>
  <w id="29" lemma="|a|" pos="DT" wid="29">a</w>
  <w id="30" lemma="|true|" pos="JJ" wid="30">true</w>
  <w id="31" lemma="|milestone|" pos="NN" wid="31">milestone</w>
  <w id="32" lemma="|in|" pos="IN" wid="32">in</w>
  <w id="33" lemma="|the|" pos="DT" wid="33">the</w>
  <w id="34" lemma="|history|" pos="NN" wid="34">history</w>
  <w id="35" lemma="|of|" pos="IN" wid="35">of</w>
  <w id="36" lemma="|the|" pos="DT" wid="36">the</w>
  <w id="37" lemma="|Catholic|" pos="NNP" wid="37">Catholic</w>
  <w id="38" lemma="|liturgical|" pos="JJ" wid="38">liturgical</w>
  <w id="39" lemma="|reform|" pos="NN" wid="39">reform</w>
  <w id="40" lemma="|.|" pos="." wid="40">.</w>
</sentence>
<sentence id="10">
  <w id="0" lemma="|with|" pos="IN" wid="0">With</w>
  <w id="1" lemma="|admirable|" pos="JJ" wid="1">admirable</w>
  <w id="2" lemma="|balance|" pos="NN" wid="2">balance</w>
  <w id="3" lemma="|and|" pos="CC" wid="3">and</w>
  <w id="4" lemma="|pastoral|" pos="NN" wid="4">pastoral</w>
  <w id="5" lemma="|foresight|" pos="NN" wid="5">foresight</w>
  <w id="6" lemma="|,|" pos="," wid="6">,</w>
  <w id="7" lemma="|it|" pos="PRP" wid="7">it</w>
  <w id="8" lemma="|make|" pos="VBZ" wid="8">makes</w>
  <w id="9" lemma="|the|" pos="DT" wid="9">the</w>
  <w id="10" lemma="|most|" pos="JJS" wid="10">most</w>
  <w id="11" lemma="|of|" pos="IN" wid="11">of</w>
  <w id="12" lemma="|the|" pos="DT" wid="12">the</w>
  <w id="13" lemma="|innovative|" pos="JJ" wid="13">innovative</w>
  <w id="14" lemma="|suggestion|" pos="NNS" wid="14">suggestions</w>
  <w id="15" lemma="|of|" pos="IN" wid="15">of</w>
  <w id="16" lemma="|the|" pos="DT" wid="16">the</w>
  <w id="17" lemma="|liturgical|" pos="JJ" wid="17">liturgical</w>
  <w id="18" lemma="|movement|" pos="NN" wid="18">movement</w>
  <w id="19" lemma="|,|" pos="," wid="19">,</w>
  <w id="20" lemma="|moderate|" pos="NNS" wid="20">moderates</w>
  <w id="21" lemma="|excess|" pos="NNS" wid="21">excesses</w>
  <w id="22" lemma="|and|" pos="CC" wid="22">and</w>
  <w id="23" lemma="|describe|" pos="VBZ" wid="23">describes</w>
  <w id="24" lemma="|the|" pos="DT" wid="24">the</w>
  <w id="25" lemma="|Church|" pos="NNP" wid="25">Church</w>
  <w id="26" lemma="|'s|" pos="POS" wid="26">'s</w>
  <w id="27" lemma="|public|" pos="JJ" wid="27">public</w>
  <w id="28" lemma="|worship|" pos="NN" wid="28">worship</w>
  <w id="29" lemma="|with|" pos="IN" wid="29">with</w>
  <w id="30" lemma="|profound|" pos="JJ" wid="30">profound</w>
  <w id="31" lemma="|theological|" pos="JJ" wid="31">theological</w>
  <w id="32" lemma="|and|" pos="CC" wid="32">and</w>
  <w id="33" lemma="|spiritual|" pos="JJ" wid="33">spiritual</w>
  <w id="34" lemma="|insight|" pos="NN" wid="34">insight</w>
  <w id="35" lemma="|,|" pos="," wid="35">,</w>
  <w id="36" lemma="|distinguish|" pos="VBG" wid="36">distinguishing</w>
  <w id="37" lemma="|what|" pos="WP" wid="37">what</w>
  <w id="38" lemma="|be|" pos="VBZ" wid="38">is</w>
  <w id="39" lemma="|unchangeable|" pos="JJ" wid="39">unchangeable</w>
  <w id="40" lemma="|in|" pos="IN" wid="40">in</w>
  <w id="41" lemma="|it|" pos="PRP" wid="41">it</w>
  <w id="42" lemma="|from|" pos="IN" wid="42">from</w>
  <w id="43" lemma="|what|" pos="WP" wid="43">what</w>
  <w id="44" lemma="|be|" pos="VBZ" wid="44">is</w>
  <w id="45" lemma="|subject|" pos="JJ" wid="45">subject</w>
  <w id="46" lemma="|to|" pos="TO" wid="46">to</w>
  <w id="47" lemma="|change|" pos="NN" wid="47">change</w>
  <w id="48" lemma="|and|" pos="CC" wid="48">and</w>
  <w id="49" lemma="|modification|" pos="NN" wid="49">modification</w>
  <w id="50" lemma="|;|" pos=":" wid="50">;</w>
  <w id="51" lemma="|the|" pos="DT" wid="51">the</w>
  <w id="52" lemma="|active|" pos="JJ" wid="52">active</w>
  <w id="53" lemma="|and|" pos="CC" wid="53">and</w>
  <w id="54" lemma="|personal|" pos="JJ" wid="54">personal</w>
  <w id="55" lemma="|participation|" pos="NN" wid="55">participation</w>
  <w id="56" lemma="|of|" pos="IN" wid="56">of</w>
  <w id="57" lemma="|the|" pos="DT" wid="57">the</w>
  <w id="58" lemma="|faithful|" pos="NN" wid="58">faithful</w>
  <w id="59" lemma="|be|" pos="VBZ" wid="59">is</w>
  <w id="60" lemma="|also|" pos="RB" wid="60">also</w>
  <w id="61" lemma="|encourage|" pos="VBN" wid="61">encouraged</w>
  <w id="62" lemma="|.|" pos="." wid="62">.</w>
</sentence>
<sentence id="11">
  <w id="0" lemma="|the|" pos="DT" wid="0">The</w>
  <w id="1" lemma="|Second|" pos="NNP" wid="1">Second</w>
  <w id="2" lemma="|Vatican|" pos="NNP" wid="2">Vatican</w>
  <w id="3" lemma="|Council|" pos="NNP" wid="3">Council</w>
  <w id="4" lemma="|,|" pos="," wid="4">,</w>
  <w id="5" lemma="|in|" pos="IN" wid="5">in</w>
  <w id="6" lemma="|the|" pos="DT" wid="6">the</w>
  <w id="7" lemma="|Constitution|" pos="NNP" wid="7">Constitution</w>
  <w id="8" lemma="|on|" pos="IN" wid="8">on</w>
  <w id="9" lemma="|the|" pos="DT" wid="9">the</w>
  <w id="10" lemma="|Liturgy|" pos="NNP" wid="10">Liturgy</w>
  <w id="11" lemma="|and|" pos="CC" wid="11">and</w>
  <w id="12" lemma="|its|" pos="PRP$" wid="12">its</w>
  <w id="13" lemma="|other|" pos="JJ" wid="13">other</w>
  <w id="14" lemma="|document|" pos="NNS" wid="14">documents</w>
  <w id="15" lemma="|,|" pos="," wid="15">,</w>
  <w id="16" lemma="|amply|" pos="RB" wid="16">amply</w>
  <w id="17" lemma="|cite|" pos="VBZ" wid="17">cites</w>
  <w id="18" lemma="|Mediator|" pos="NNP" wid="18">Mediator</w>
  <w id="19" lemma="|Dei|" pos="NNP" wid="19">Dei</w>
  <w id="20" lemma="|and|" pos="CC" wid="20">and</w>
  <w id="21" lemma="|complete|" pos="VBZ" wid="21">completes</w>
  <w id="22" lemma="|its|" pos="PRP$" wid="22">its</w>
  <w id="23" lemma="|doctrinal|" pos="JJ" wid="23">doctrinal</w>
  <w id="24" lemma="|and|" pos="CC" wid="24">and</w>
  <w id="25" lemma="|pastoral|" pos="JJ" wid="25">pastoral</w>
  <w id="26" lemma="|plan|" pos="NN" wid="26">plan</w>
  <w id="27" lemma="|,|" pos="," wid="27">,</w>
  <w id="28" lemma="|which|" pos="WDT" wid="28">which</w>
  <w id="29" lemma="|,|" pos="," wid="29">,</w>
  <w id="30" lemma="|to|" pos="TO" wid="30">to</w>
  <w id="31" lemma="|be|" pos="VB" wid="31">be</w>
  <w id="32" lemma="|fully|" pos="RB" wid="32">fully</w>
  <w id="33" lemma="|implement|" pos="VBN" wid="33">implemented</w>
  <w id="34" lemma="|,|" pos="," wid="34">,</w>
  <w id="35" lemma="|must|" pos="MD" wid="35">must</w>
  <w id="36" lemma="|be|" pos="VB" wid="36">be</w>
  <w id="37" lemma="|better|" pos="RBR" wid="37">better</w>
  <w id="38" lemma="|and|" pos="CC" wid="38">and</w>
  <w id="39" lemma="|better|" pos="RBR" wid="39">better</w>
  <w id="40" lemma="|assimilate|" pos="VBN" wid="40">assimilated</w>
  <w id="41" lemma="|by|" pos="IN" wid="41">by</w>
  <w id="42" lemma="|the|" pos="DT" wid="42">the</w>
  <w id="43" lemma="|entire|" pos="JJ" wid="43">entire</w>
  <w id="44" lemma="|People|" pos="NNP" wid="44">People</w>
  <w id="45" lemma="|of|" pos="IN" wid="45">of</w>
  <w id="46" lemma="|God|" pos="NNP" wid="46">God</w>
  <w id="47" lemma="|.|" pos="." wid="47">.</w>
</sentence>
<sentence id="12">
  <w id="0" lemma="|3|" pos="LS" wid="0">3</w>
  <w id="1" lemma="|.|" pos="." wid="1">.</w>
</sentence>
<sentence id="13">
  <w id="0" lemma="|I|" pos="PRP" wid="0">I</w>
  <w id="1" lemma="|give|" pos="VBP" wid="1">give</w>
  <w id="2" lemma="|thanks|" pos="NNS" wid="2">thanks</w>
  <w id="3" lemma="|to|" pos="TO" wid="3">to</w>
  <w id="4" lemma="|God|" pos="NNP" wid="4">God</w>
  <w id="5" lemma="|with|" pos="IN" wid="5">with</w>
  <w id="6" lemma="|you|" pos="PRP" wid="6">you</w>
  <w id="7" lemma="|for|" pos="IN" wid="7">for</w>
  <w id="8" lemma="|this|" pos="DT" wid="8">this</w>
  <w id="9" lemma="|significant|" pos="JJ" wid="9">significant</w>
  <w id="10" lemma="|intervention|" pos="NN" wid="10">intervention</w>
  <w id="11" lemma="|by|" pos="IN" wid="11">by</w>
  <w id="12" lemma="|my|" pos="PRP$" wid="12">my</w>
  <w id="13" lemma="|venerable|" pos="JJ" wid="13">venerable</w>
  <w id="14" lemma="|Predecessor|" pos="NNP" wid="14">Predecessor</w>
  <w id="15" lemma="|,|" pos="," wid="15">,</w>
  <w id="16" lemma="|which|" pos="WDT" wid="16">which</w>
  <w id="17" lemma="|still|" pos="RB" wid="17">still</w>
  <w id="18" lemma="|retain|" pos="VBZ" wid="18">retains</w>
  <w id="19" lemma="|its|" pos="PRP$" wid="19">its</w>
  <w id="20" lemma="|importance|" pos="NN" wid="20">importance</w>
  <w id="21" lemma="|and|" pos="CC" wid="21">and</w>
  <w id="22" lemma="|timeliness|" pos="NN" wid="22">timeliness</w>
  <w id="23" lemma="|today|" pos="NN" wid="23">today</w>
  <w id="24" lemma="|.|" pos="." wid="24">.</w>
</sentence>
<sentence id="14">
  <w id="0" lemma="|May|" pos="NNP" wid="0">May</w>
  <w id="1" lemma="|authentic|" pos="JJ" wid="1">authentic</w>
  <w id="2" lemma="|liturgical|" pos="JJ" wid="2">liturgical</w>
  <w id="3" lemma="|renewal|" pos="NN" wid="3">renewal</w>
  <w id="4" lemma="|further|" pos="RBR" wid="4">further</w>
  <w id="5" lemma="|the|" pos="DT" wid="5">the</w>
  <w id="6" lemma="|work|" pos="NN" wid="6">work</w>
  <w id="7" lemma="|of|" pos="IN" wid="7">of</w>
  <w id="8" lemma="|the|" pos="DT" wid="8">the</w>
  <w id="9" lemma="|new|" pos="JJ" wid="9">new</w>
  <w id="10" lemma="|evangelization|" pos="NN" wid="10">evangelization</w>
  <w id="11" lemma="|.|" pos="." wid="11">.</w>
</sentence>
<sentence id="15">
  <w id="0" lemma="|therefore|" pos="RB" wid="0">Therefore</w>
  <w id="1" lemma="|,|" pos="," wid="1">,</w>
  <w id="2" lemma="|let|" pos="VB" wid="2">let</w>
  <w id="3" lemma="|we|" pos="PRP" wid="3">us</w>
  <w id="4" lemma="|invoke|" pos="VB" wid="4">invoke</w>
  <w id="5" lemma="|the|" pos="DT" wid="5">the</w>
  <w id="6" lemma="|intercession|" pos="NN" wid="6">intercession</w>
  <w id="7" lemma="|of|" pos="IN" wid="7">of</w>
  <w id="8" lemma="|the|" pos="DT" wid="8">the</w>
  <w id="9" lemma="|Blessed|" pos="NNP" wid="9">Blessed</w>
  <w id="10" lemma="|Mother|" pos="NNP" wid="10">Mother</w>
  <w id="11" lemma="|of|" pos="IN" wid="11">of</w>
  <w id="12" lemma="|God|" pos="NNP" wid="12">God</w>
  <w id="13" lemma="|so|" pos="IN" wid="13">so</w>
  <w id="14" lemma="|that|" pos="DT" wid="14">that</w>
  <w id="15" lemma="|,|" pos="," wid="15">,</w>
  <w id="16" lemma="|``|" pos="``" wid="16">``</w>
  <w id="17" lemma="|inseparably|" pos="RB" wid="17">inseparably</w>
  <w id="18" lemma="|link|" pos="VBN" wid="18">linked</w>
  <w id="19" lemma="|with|" pos="IN" wid="19">with</w>
  <w id="20" lemma="|she|" pos="PRP$" wid="20">her</w>
  <w id="21" lemma="|Son|" pos="NNP" wid="21">Son</w>
  <w id="22" lemma="|'s|" pos="POS" wid="22">'s</w>
  <w id="23" lemma="|saving|" pos="NN" wid="23">saving</w>
  <w id="24" lemma="|work|" pos="NN" wid="24">work</w>
  <w id="25" lemma="|''|" pos="''" wid="25">''</w>
  <w id="26" lemma="|-lrb-|" pos="-LRB-" wid="26">-LRB-</w>
  <w id="27" lemma="|Sacrosanctum|" pos="NNP" wid="27">Sacrosanctum</w>
  <w id="28" lemma="|Concilium|" pos="NNP" wid="28">Concilium</w>
  <w id="29" lemma="|,|" pos="," wid="29">,</w>
  <w id="30" lemma="|n.|" pos="NN" wid="30">n.</w>
  <w id="31" lemma="|103|" pos="CD" wid="31">103</w>
  <w id="32" lemma="|-rrb-|" pos="-RRB-" wid="32">-RRB-</w>
  <w id="33" lemma="|,|" pos="," wid="33">,</w>
  <w id="34" lemma="|she|" pos="PRP" wid="34">she</w>
  <w id="35" lemma="|may|" pos="MD" wid="35">may</w>
  <w id="36" lemma="|always|" pos="RB" wid="36">always</w>
  <w id="37" lemma="|accompany|" pos="VB" wid="37">accompany</w>
  <w id="38" lemma="|the|" pos="DT" wid="38">the</w>
  <w id="39" lemma="|Church|" pos="NNP" wid="39">Church</w>
  <w id="40" lemma="|'s|" pos="POS" wid="40">'s</w>
  <w id="41" lemma="|journey|" pos="NN" wid="41">journey</w>
  <w id="42" lemma="|through|" pos="IN" wid="42">through</w>
  <w id="43" lemma="|time|" pos="NN" wid="43">time</w>
  <w id="44" lemma="|.|" pos="." wid="44">.</w>
</sentence>
<sentence id="16">
  <w id="0" lemma="|to|" pos="TO" wid="0">To</w>
  <w id="1" lemma="|she|" pos="PRP" wid="1">her</w>
  <w id="2" lemma="|we|" pos="PRP" wid="2">we</w>
  <w id="3" lemma="|gratefully|" pos="RB" wid="3">gratefully</w>
  <w id="4" lemma="|entrust|" pos="VBP" wid="4">entrust</w>
  <w id="5" lemma="|the|" pos="DT" wid="5">the</w>
  <w id="6" lemma="|liturgical|" pos="JJ" wid="6">liturgical</w>
  <w id="7" lemma="|year|" pos="NN" wid="7">year</w>
  <w id="8" lemma="|which|" pos="WDT" wid="8">which</w>
  <w id="9" lemma="|be|" pos="VBZ" wid="9">is</w>
  <w id="10" lemma="|end|" pos="VBG" wid="10">ending</w>
  <w id="11" lemma="|and|" pos="CC" wid="11">and</w>
  <w id="12" lemma="|the|" pos="DT" wid="12">the</w>
  <w id="13" lemma="|next|" pos="JJ" wid="13">next</w>
  <w id="14" lemma="|one|" pos="CD" wid="14">one</w>
  <w id="15" lemma="|now|" pos="RB" wid="15">now</w>
  <w id="16" lemma="|on|" pos="IN" wid="16">on</w>
  <w id="17" lemma="|we|" pos="PRP$" wid="17">our</w>
  <w id="18" lemma="|doorstep|" pos="NN" wid="18">doorstep</w>
  <w id="19" lemma="|.|" pos="." wid="19">.</w>
</sentence>
<sentence id="17">
  <w id="0" lemma="|May|" pos="NNP" wid="0">May</w>
  <w id="1" lemma="|she|" pos="PRP$" wid="1">her</w>
  <w id="2" lemma="|example|" pos="NN" wid="2">example</w>
  <w id="3" lemma="|help|" pos="VB" wid="3">help</w>
  <w id="4" lemma="|we|" pos="PRP" wid="4">us</w>
  <w id="5" lemma="|live|" pos="VB" wid="5">live</w>
  <w id="6" lemma="|the|" pos="DT" wid="6">the</w>
  <w id="7" lemma="|passing|" pos="NN" wid="7">passing</w>
  <w id="8" lemma="|day|" pos="NNS" wid="8">days</w>
  <w id="9" lemma="|,|" pos="," wid="9">,</w>
  <w id="10" lemma="|week|" pos="NNS" wid="10">weeks</w>
  <w id="11" lemma="|and|" pos="CC" wid="11">and</w>
  <w id="12" lemma="|year|" pos="NNS" wid="12">years</w>
  <w id="13" lemma="|in|" pos="IN" wid="13">in</w>
  <w id="14" lemma="|openness|" pos="NN" wid="14">openness</w>
  <w id="15" lemma="|and|" pos="CC" wid="15">and</w>
  <w id="16" lemma="|docility|" pos="NN" wid="16">docility</w>
  <w id="17" lemma="|to|" pos="TO" wid="17">to</w>
  <w id="18" lemma="|the|" pos="DT" wid="18">the</w>
  <w id="19" lemma="|action|" pos="NN" wid="19">action</w>
  <w id="20" lemma="|of|" pos="IN" wid="20">of</w>
  <w id="21" lemma="|divine|" pos="JJ" wid="21">divine</w>
  <w id="22" lemma="|grace|" pos="NN" wid="22">grace</w>
  <w id="23" lemma="|,|" pos="," wid="23">,</w>
  <w id="24" lemma="|in|" pos="IN" wid="24">in</w>
  <w id="25" lemma="|order|" pos="NN" wid="25">order</w>
  <w id="26" lemma="|to|" pos="TO" wid="26">to</w>
  <w id="27" lemma="|take|" pos="VB" wid="27">take</w>
  <w id="28" lemma="|part|" pos="NN" wid="28">part</w>
  <w id="29" lemma="|at|" pos="IN" wid="29">at</w>
  <w id="30" lemma="|last|" pos="JJ" wid="30">last</w>
  <w id="31" lemma="|in|" pos="IN" wid="31">in</w>
  <w id="32" lemma="|the|" pos="DT" wid="32">the</w>
  <w id="33" lemma="|eternal|" pos="JJ" wid="33">eternal</w>
  <w id="34" lemma="|liturgy|" pos="NN" wid="34">liturgy</w>
  <w id="35" lemma="|of|" pos="IN" wid="35">of</w>
  <w id="36" lemma="|heaven|" pos="NN" wid="36">heaven</w>
  <w id="37" lemma="|.|" pos="." wid="37">.</w>
</sentence>
</corpus>