<corpus id="0">
<sentence id="0">
  <w id="0" lemma="|Dear|" pos="NNP" wid="0">Dear</w>
  <w id="1" lemma="|Brothers|" pos="NNPS" wid="1">Brothers</w>
  <w id="2" lemma="|and|" pos="CC" wid="2">and</w>
  <w id="3" lemma="|sister|" pos="NNS" wid="3">Sisters</w>
  <w id="4" lemma="|,|" pos="," wid="4">,</w>
  <w id="5" lemma="|1|" pos="CD" wid="5">1</w>
  <w id="6" lemma="|.|" pos="." wid="6">.</w>
</sentence>
<sentence id="1">
  <w id="0" lemma="|from|" pos="IN" wid="0">From</w>
  <w id="1" lemma="|the|" pos="DT" wid="1">the</w>
  <w id="2" lemma="|Risen|" pos="NNP" wid="2">Risen</w>
  <w id="3" lemma="|Christ|" pos="NNP" wid="3">Christ</w>
  <w id="4" lemma="|,|" pos="," wid="4">,</w>
  <w id="5" lemma="|the|" pos="DT" wid="5">the</w>
  <w id="6" lemma="|Church|" pos="NNP" wid="6">Church</w>
  <w id="7" lemma="|receive|" pos="VBD" wid="7">received</w>
  <w id="8" lemma="|the|" pos="DT" wid="8">the</w>
  <w id="9" lemma="|mission|" pos="NN" wid="9">mission</w>
  <w id="10" lemma="|to|" pos="TO" wid="10">to</w>
  <w id="11" lemma="|proclaim|" pos="VB" wid="11">proclaim</w>
  <w id="12" lemma="|the|" pos="DT" wid="12">the</w>
  <w id="13" lemma="|Gospel|" pos="NNP" wid="13">Gospel</w>
  <w id="14" lemma="|to|" pos="TO" wid="14">to</w>
  <w id="15" lemma="|the|" pos="DT" wid="15">the</w>
  <w id="16" lemma="|very|" pos="JJ" wid="16">very</w>
  <w id="17" lemma="|end|" pos="NNS" wid="17">ends</w>
  <w id="18" lemma="|of|" pos="IN" wid="18">of</w>
  <w id="19" lemma="|the|" pos="DT" wid="19">the</w>
  <w id="20" lemma="|earth|" pos="NN" wid="20">earth</w>
  <w id="21" lemma="|.|" pos="." wid="21">.</w>
</sentence>
<sentence id="2">
  <w id="0" lemma="|in|" pos="IN" wid="0">In</w>
  <w id="1" lemma="|these|" pos="DT" wid="1">these</w>
  <w id="2" lemma="|recent|" pos="JJ" wid="2">recent</w>
  <w id="3" lemma="|sunday|" pos="NNS" wid="3">Sundays</w>
  <w id="4" lemma="|I|" pos="PRP" wid="4">I</w>
  <w id="5" lemma="|have|" pos="VBP" wid="5">have</w>
  <w id="6" lemma="|have|" pos="VBN" wid="6">had</w>
  <w id="7" lemma="|several|" pos="JJ" wid="7">several</w>
  <w id="8" lemma="|opportunity|" pos="NNS" wid="8">opportunities</w>
  <w id="9" lemma="|to|" pos="TO" wid="9">to</w>
  <w id="10" lemma="|remind|" pos="VB" wid="10">remind</w>
  <w id="11" lemma="|the|" pos="DT" wid="11">the</w>
  <w id="12" lemma="|ecclesial|" pos="JJ" wid="12">Ecclesial</w>
  <w id="13" lemma="|community|" pos="NNS" wid="13">Communities</w>
  <w id="14" lemma="|of|" pos="IN" wid="14">of</w>
  <w id="15" lemma="|Europe|" pos="NNP" wid="15">Europe</w>
  <w id="16" lemma="|that|" pos="IN" wid="16">that</w>
  <w id="17" lemma="|they|" pos="PRP" wid="17">they</w>
  <w id="18" lemma="|be|" pos="VBP" wid="18">are</w>
  <w id="19" lemma="|call|" pos="VBN" wid="19">called</w>
  <w id="20" lemma="|to|" pos="TO" wid="20">to</w>
  <w id="21" lemma="|this|" pos="DT" wid="21">this</w>
  <w id="22" lemma="|duty|" pos="NN" wid="22">duty</w>
  <w id="23" lemma="|in|" pos="IN" wid="23">in</w>
  <w id="24" lemma="|a|" pos="DT" wid="24">a</w>
  <w id="25" lemma="|particular|" pos="JJ" wid="25">particular</w>
  <w id="26" lemma="|way|" pos="NN" wid="26">way</w>
  <w id="27" lemma="|.|" pos="." wid="27">.</w>
</sentence>
<sentence id="3">
  <w id="0" lemma="|yes|" pos="RB" wid="0">Yes</w>
  <w id="1" lemma="|,|" pos="," wid="1">,</w>
  <w id="2" lemma="|it|" pos="PRP" wid="2">it</w>
  <w id="3" lemma="|be|" pos="VBZ" wid="3">is</w>
  <w id="4" lemma="|necessary|" pos="JJ" wid="4">necessary</w>
  <w id="5" lemma="|that|" pos="IN" wid="5">that</w>
  <w id="6" lemma="|on|" pos="IN" wid="6">on</w>
  <w id="7" lemma="|this|" pos="DT" wid="7">this</w>
  <w id="8" lemma="|continent|" pos="NN" wid="8">Continent</w>
  <w id="9" lemma="|,|" pos="," wid="9">,</w>
  <w id="10" lemma="|all|" pos="DT" wid="10">all</w>
  <w id="11" lemma="|believer|" pos="NNS" wid="11">believers</w>
  <w id="12" lemma="|come|" pos="VBP" wid="12">come</w>
  <w id="13" lemma="|to|" pos="TO" wid="13">to</w>
  <w id="14" lemma="|rediscover|" pos="VB" wid="14">rediscover</w>
  <w id="15" lemma="|the|" pos="DT" wid="15">the</w>
  <w id="16" lemma="|evangelical|" pos="JJ" wid="16">evangelical</w>
  <w id="17" lemma="|enthusiasm|" pos="NN" wid="17">enthusiasm</w>
  <w id="18" lemma="|of|" pos="IN" wid="18">of</w>
  <w id="19" lemma="|proclamation|" pos="NN" wid="19">proclamation</w>
  <w id="20" lemma="|and|" pos="CC" wid="20">and</w>
  <w id="21" lemma="|witness|" pos="NN" wid="21">witness</w>
  <w id="22" lemma="|.|" pos="." wid="22">.</w>
</sentence>
<sentence id="4">
  <w id="0" lemma="|however|" pos="RB" wid="0">However</w>
  <w id="1" lemma="|,|" pos="," wid="1">,</w>
  <w id="2" lemma="|if|" pos="IN" wid="2">if</w>
  <w id="3" lemma="|certain|" pos="JJ" wid="3">certain</w>
  <w id="4" lemma="|region|" pos="NNS" wid="4">regions</w>
  <w id="5" lemma="|and|" pos="CC" wid="5">and</w>
  <w id="6" lemma="|area|" pos="NNS" wid="6">areas</w>
  <w id="7" lemma="|be|" pos="VBP" wid="7">are</w>
  <w id="8" lemma="|actually|" pos="RB" wid="8">actually</w>
  <w id="9" lemma="|await|" pos="VBG" wid="9">awaiting</w>
  <w id="10" lemma="|a|" pos="DT" wid="10">a</w>
  <w id="11" lemma="|first|" pos="JJ" wid="11">first</w>
  <w id="12" lemma="|proclamation|" pos="NN" wid="12">proclamation</w>
  <w id="13" lemma="|of|" pos="IN" wid="13">of</w>
  <w id="14" lemma="|the|" pos="DT" wid="14">the</w>
  <w id="15" lemma="|Gospel|" pos="NNP" wid="15">Gospel</w>
  <w id="16" lemma="|,|" pos="," wid="16">,</w>
  <w id="17" lemma="|this|" pos="DT" wid="17">this</w>
  <w id="18" lemma="|proclamation|" pos="NN" wid="18">proclamation</w>
  <w id="19" lemma="|be|" pos="VBZ" wid="19">is</w>
  <w id="20" lemma="|in|" pos="IN" wid="20">in</w>
  <w id="21" lemma="|need|" pos="NN" wid="21">need</w>
  <w id="22" lemma="|of|" pos="IN" wid="22">of</w>
  <w id="23" lemma="|revival|" pos="NN" wid="23">revival</w>
  <w id="24" lemma="|everywhere|" pos="RB" wid="24">everywhere</w>
  <w id="25" lemma="|.|" pos="." wid="25">.</w>
</sentence>
<sentence id="5">
  <w id="0" lemma="|often|" pos="RB" wid="0">Often</w>
  <w id="1" lemma="|,|" pos="," wid="1">,</w>
  <w id="2" lemma="|in|" pos="IN" wid="2">in</w>
  <w id="3" lemma="|fact|" pos="NN" wid="3">fact</w>
  <w id="4" lemma="|,|" pos="," wid="4">,</w>
  <w id="5" lemma="|the|" pos="DT" wid="5">the</w>
  <w id="6" lemma="|knowledge|" pos="NN" wid="6">knowledge</w>
  <w id="7" lemma="|of|" pos="IN" wid="7">of</w>
  <w id="8" lemma="|Christianity|" pos="NNP" wid="8">Christianity</w>
  <w id="9" lemma="|be|" pos="VBZ" wid="9">is</w>
  <w id="10" lemma="|take|" pos="VBN" wid="10">taken</w>
  <w id="11" lemma="|for|" pos="IN" wid="11">for</w>
  <w id="12" lemma="|grant|" pos="VBN" wid="12">granted</w>
  <w id="13" lemma="|while|" pos="NN" wid="13">while</w>
  <w id="14" lemma="|,|" pos="," wid="14">,</w>
  <w id="15" lemma="|in|" pos="IN" wid="15">in</w>
  <w id="16" lemma="|reality|" pos="NN" wid="16">reality</w>
  <w id="17" lemma="|,|" pos="," wid="17">,</w>
  <w id="18" lemma="|the|" pos="DT" wid="18">the</w>
  <w id="19" lemma="|Bible|" pos="NNP" wid="19">Bible</w>
  <w id="20" lemma="|be|" pos="VBZ" wid="20">is</w>
  <w id="21" lemma="|little|" pos="RB" wid="21">little</w>
  <w id="22" lemma="|read|" pos="VBN" wid="22">read</w>
  <w id="23" lemma="|and|" pos="CC" wid="23">and</w>
  <w id="24" lemma="|study|" pos="VBN" wid="24">studied</w>
  <w id="25" lemma="|,|" pos="," wid="25">,</w>
  <w id="26" lemma="|catechesis|" pos="NN" wid="26">catechesis</w>
  <w id="27" lemma="|remain|" pos="VBZ" wid="27">remains</w>
  <w id="28" lemma="|superficial|" pos="JJ" wid="28">superficial</w>
  <w id="29" lemma="|and|" pos="CC" wid="29">and</w>
  <w id="30" lemma="|the|" pos="DT" wid="30">the</w>
  <w id="31" lemma="|sacrament|" pos="NNS" wid="31">Sacraments</w>
  <w id="32" lemma="|be|" pos="VBP" wid="32">are</w>
  <w id="33" lemma="|widely|" pos="RB" wid="33">widely</w>
  <w id="34" lemma="|disregard|" pos="VBN" wid="34">disregarded</w>
  <w id="35" lemma="|.|" pos="." wid="35">.</w>
</sentence>
<sentence id="6">
  <w id="0" lemma="|in|" pos="IN" wid="0">In</w>
  <w id="1" lemma="|this|" pos="DT" wid="1">this</w>
  <w id="2" lemma="|way|" pos="NN" wid="2">way</w>
  <w id="3" lemma="|,|" pos="," wid="3">,</w>
  <w id="4" lemma="|in|" pos="IN" wid="4">in</w>
  <w id="5" lemma="|place|" pos="NN" wid="5">place</w>
  <w id="6" lemma="|of|" pos="IN" wid="6">of</w>
  <w id="7" lemma="|authentic|" pos="JJ" wid="7">authentic</w>
  <w id="8" lemma="|faith|" pos="NN" wid="8">faith</w>
  <w id="9" lemma="|,|" pos="," wid="9">,</w>
  <w id="10" lemma="|a|" pos="DT" wid="10">a</w>
  <w id="11" lemma="|vague|" pos="JJ" wid="11">vague</w>
  <w id="12" lemma="|and|" pos="CC" wid="12">and</w>
  <w id="13" lemma="|non-committal|" pos="JJ" wid="13">non-committal</w>
  <w id="14" lemma="|religious|" pos="JJ" wid="14">religious</w>
  <w id="15" lemma="|sentiment|" pos="NN" wid="15">sentiment</w>
  <w id="16" lemma="|be|" pos="VBZ" wid="16">is</w>
  <w id="17" lemma="|spread|" pos="VBG" wid="17">spreading</w>
  <w id="18" lemma="|and|" pos="CC" wid="18">and</w>
  <w id="19" lemma="|run|" pos="VBG" wid="19">running</w>
  <w id="20" lemma="|the|" pos="DT" wid="20">the</w>
  <w id="21" lemma="|risk|" pos="NN" wid="21">risk</w>
  <w id="22" lemma="|of|" pos="IN" wid="22">of</w>
  <w id="23" lemma="|become|" pos="VBG" wid="23">becoming</w>
  <w id="24" lemma="|agnosticism|" pos="NN" wid="24">agnosticism</w>
  <w id="25" lemma="|and|" pos="CC" wid="25">and</w>
  <w id="26" lemma="|practical|" pos="JJ" wid="26">practical</w>
  <w id="27" lemma="|atheism|" pos="NN" wid="27">atheism</w>
  <w id="28" lemma="|.|" pos="." wid="28">.</w>
</sentence>
<sentence id="7">
  <w id="0" lemma="|2|" pos="CD" wid="0">2</w>
  <w id="1" lemma="|.|" pos="." wid="1">.</w>
</sentence>
<sentence id="8">
  <w id="0" lemma="|the|" pos="DT" wid="0">The</w>
  <w id="1" lemma="|Europe|" pos="NNP" wid="1">Europe</w>
  <w id="2" lemma="|of|" pos="IN" wid="2">of</w>
  <w id="3" lemma="|today|" pos="NN" wid="3">today</w>
  <w id="4" lemma="|require|" pos="VBZ" wid="4">requires</w>
  <w id="5" lemma="|``|" pos="``" wid="5">``</w>
  <w id="6" lemma="|the|" pos="DT" wid="6">the</w>
  <w id="7" lemma="|presence|" pos="NN" wid="7">presence</w>
  <w id="8" lemma="|of|" pos="IN" wid="8">of</w>
  <w id="9" lemma="|Catholics|" pos="NNPS" wid="9">Catholics</w>
  <w id="10" lemma="|who|" pos="WP" wid="10">who</w>
  <w id="11" lemma="|be|" pos="VBP" wid="11">are</w>
  <w id="12" lemma="|adult|" pos="JJ" wid="12">adult</w>
  <w id="13" lemma="|in|" pos="IN" wid="13">in</w>
  <w id="14" lemma="|they|" pos="PRP$" wid="14">their</w>
  <w id="15" lemma="|faith|" pos="NN" wid="15">faith</w>
  <w id="16" lemma="|and|" pos="CC" wid="16">and</w>
  <w id="17" lemma="|for|" pos="IN" wid="17">for</w>
  <w id="18" lemma="|missionary|" pos="JJ" wid="18">missionary</w>
  <w id="19" lemma="|Christian|" pos="NNP" wid="19">Christian</w>
  <w id="20" lemma="|community|" pos="NNS" wid="20">communities</w>
  <w id="21" lemma="|who|" pos="WP" wid="21">who</w>
  <w id="22" lemma="|testify|" pos="VBP" wid="22">testify</w>
  <w id="23" lemma="|to|" pos="TO" wid="23">to</w>
  <w id="24" lemma="|God|" pos="NNP" wid="24">God</w>
  <w id="25" lemma="|'s|" pos="POS" wid="25">'s</w>
  <w id="26" lemma="|love|" pos="NN" wid="26">love</w>
  <w id="27" lemma="|before|" pos="IN" wid="27">before</w>
  <w id="28" lemma="|all|" pos="DT" wid="28">all</w>
  <w id="29" lemma="|mankind|" pos="NN" wid="29">mankind</w>
  <w id="30" lemma="|''|" pos="''" wid="30">''</w>
  <w id="31" lemma="|-lrb-|" pos="-LRB-" wid="31">-LRB-</w>
  <w id="32" lemma="|Ecclesia|" pos="NNP" wid="32">Ecclesia</w>
  <w id="33" lemma="|in|" pos="IN" wid="33">in</w>
  <w id="34" lemma="|Europa|" pos="NNP" wid="34">Europa</w>
  <w id="35" lemma="|,|" pos="," wid="35">,</w>
  <w id="36" lemma="|n.|" pos="NNP" wid="36">n.</w>
  <w id="37" lemma="|50|" pos="CD" wid="37">50</w>
  <w id="38" lemma="|-rrb-|" pos="-RRB-" wid="38">-RRB-</w>
  <w id="39" lemma="|.|" pos="." wid="39">.</w>
</sentence>
<sentence id="9">
  <w id="0" lemma="|such|" pos="JJ" wid="0">Such</w>
  <w id="1" lemma="|a|" pos="DT" wid="1">a</w>
  <w id="2" lemma="|renew|" pos="VBN" wid="2">renewed</w>
  <w id="3" lemma="|proclamation|" pos="NN" wid="3">proclamation</w>
  <w id="4" lemma="|of|" pos="IN" wid="4">of</w>
  <w id="5" lemma="|Christ|" pos="NNP" wid="5">Christ</w>
  <w id="6" lemma="|require|" pos="VBZ" wid="6">requires</w>
  <w id="7" lemma="|that|" pos="IN" wid="7">that</w>
  <w id="8" lemma="|a|" pos="DT" wid="8">a</w>
  <w id="9" lemma="|deep|" pos="JJ" wid="9">deep</w>
  <w id="10" lemma="|unity|" pos="NN" wid="10">unity</w>
  <w id="11" lemma="|and|" pos="CC" wid="11">and</w>
  <w id="12" lemma="|communion|" pos="NN" wid="12">communion</w>
  <w id="13" lemma="|within|" pos="IN" wid="13">within</w>
  <w id="14" lemma="|the|" pos="DT" wid="14">the</w>
  <w id="15" lemma="|Church|" pos="NNP" wid="15">Church</w>
  <w id="16" lemma="|accompany|" pos="VB" wid="16">accompany</w>
  <w id="17" lemma="|it|" pos="PRP" wid="17">it</w>
  <w id="18" lemma="|,|" pos="," wid="18">,</w>
  <w id="19" lemma="|along|" pos="IN" wid="19">along</w>
  <w id="20" lemma="|with|" pos="IN" wid="20">with</w>
  <w id="21" lemma="|a|" pos="DT" wid="21">a</w>
  <w id="22" lemma="|sincere|" pos="JJ" wid="22">sincere</w>
  <w id="23" lemma="|effort|" pos="NN" wid="23">effort</w>
  <w id="24" lemma="|in|" pos="IN" wid="24">in</w>
  <w id="25" lemma="|the|" pos="DT" wid="25">the</w>
  <w id="26" lemma="|ecumenical|" pos="JJ" wid="26">ecumenical</w>
  <w id="27" lemma="|field|" pos="NN" wid="27">field</w>
  <w id="28" lemma="|and|" pos="CC" wid="28">and</w>
  <w id="29" lemma="|in|" pos="IN" wid="29">in</w>
  <w id="30" lemma="|dialogue|" pos="NN" wid="30">dialogue</w>
  <w id="31" lemma="|with|" pos="IN" wid="31">with</w>
  <w id="32" lemma="|the|" pos="DT" wid="32">the</w>
  <w id="33" lemma="|follower|" pos="NNS" wid="33">followers</w>
  <w id="34" lemma="|of|" pos="IN" wid="34">of</w>
  <w id="35" lemma="|the|" pos="DT" wid="35">the</w>
  <w id="36" lemma="|other|" pos="JJ" wid="36">other</w>
  <w id="37" lemma="|religion|" pos="NNS" wid="37">religions</w>
  <w id="38" lemma="|.|" pos="." wid="38">.</w>
</sentence>
<sentence id="10">
  <w id="0" lemma="|the|" pos="DT" wid="0">The</w>
  <w id="1" lemma="|Gospel|" pos="NNP" wid="1">Gospel</w>
  <w id="2" lemma="|be|" pos="VBZ" wid="2">is</w>
  <w id="3" lemma="|light|" pos="NN" wid="3">light</w>
  <w id="4" lemma="|that|" pos="WDT" wid="4">that</w>
  <w id="5" lemma="|illuminate|" pos="VBZ" wid="5">illuminates</w>
  <w id="6" lemma="|the|" pos="DT" wid="6">the</w>
  <w id="7" lemma="|whole|" pos="JJ" wid="7">whole</w>
  <w id="8" lemma="|vast|" pos="JJ" wid="8">vast</w>
  <w id="9" lemma="|field|" pos="NN" wid="9">field</w>
  <w id="10" lemma="|of|" pos="IN" wid="10">of</w>
  <w id="11" lemma="|social|" pos="JJ" wid="11">social</w>
  <w id="12" lemma="|life|" pos="NN" wid="12">life</w>
  <w id="13" lemma="|:|" pos=":" wid="13">:</w>
  <w id="14" lemma="|from|" pos="IN" wid="14">from</w>
  <w id="15" lemma="|the|" pos="DT" wid="15">the</w>
  <w id="16" lemma="|family|" pos="NN" wid="16">family</w>
  <w id="17" lemma="|,|" pos="," wid="17">,</w>
  <w id="18" lemma="|to|" pos="TO" wid="18">to</w>
  <w id="19" lemma="|culture|" pos="NN" wid="19">culture</w>
  <w id="20" lemma="|,|" pos="," wid="20">,</w>
  <w id="21" lemma="|from|" pos="IN" wid="21">from</w>
  <w id="22" lemma="|the|" pos="DT" wid="22">the</w>
  <w id="23" lemma="|school|" pos="NN" wid="23">school</w>
  <w id="24" lemma="|and|" pos="CC" wid="24">and</w>
  <w id="25" lemma="|the|" pos="DT" wid="25">the</w>
  <w id="26" lemma="|university|" pos="NN" wid="26">university</w>
  <w id="27" lemma="|,|" pos="," wid="27">,</w>
  <w id="28" lemma="|to|" pos="TO" wid="28">to</w>
  <w id="29" lemma="|youth|" pos="NN" wid="29">youth</w>
  <w id="30" lemma="|,|" pos="," wid="30">,</w>
  <w id="31" lemma="|the|" pos="DT" wid="31">the</w>
  <w id="32" lemma="|mass|" pos="NN" wid="32">mass</w>
  <w id="33" lemma="|media|" pos="NNS" wid="33">media</w>
  <w id="34" lemma="|,|" pos="," wid="34">,</w>
  <w id="35" lemma="|the|" pos="DT" wid="35">the</w>
  <w id="36" lemma="|economy|" pos="NN" wid="36">economy</w>
  <w id="37" lemma="|,|" pos="," wid="37">,</w>
  <w id="38" lemma="|to|" pos="TO" wid="38">to</w>
  <w id="39" lemma="|politics|" pos="NNS" wid="39">politics</w>
  <w id="40" lemma="|...|" pos=":" wid="40">...</w>
  <w id="41" lemma="|.|" pos="." wid="41">.</w>
</sentence>
<sentence id="11">
  <w id="0" lemma="|Christ|" pos="NNP" wid="0">Christ</w>
  <w id="1" lemma="|go|" pos="VBZ" wid="1">goes</w>
  <w id="2" lemma="|to|" pos="TO" wid="2">to</w>
  <w id="3" lemma="|meet|" pos="VB" wid="3">meet</w>
  <w id="4" lemma="|man|" pos="NNS" wid="4">men</w>
  <w id="5" lemma="|and|" pos="CC" wid="5">and</w>
  <w id="6" lemma="|woman|" pos="NNS" wid="6">women</w>
  <w id="7" lemma="|wherever|" pos="WRB" wid="7">wherever</w>
  <w id="8" lemma="|they|" pos="PRP" wid="8">they</w>
  <w id="9" lemma="|live|" pos="VBP" wid="9">live</w>
  <w id="10" lemma="|and|" pos="CC" wid="10">and</w>
  <w id="11" lemma="|work|" pos="NN" wid="11">work</w>
  <w id="12" lemma="|and|" pos="CC" wid="12">and</w>
  <w id="13" lemma="|give|" pos="VBZ" wid="13">gives</w>
  <w id="14" lemma="|full|" pos="JJ" wid="14">full</w>
  <w id="15" lemma="|meaning|" pos="NN" wid="15">meaning</w>
  <w id="16" lemma="|to|" pos="TO" wid="16">to</w>
  <w id="17" lemma="|they|" pos="PRP$" wid="17">their</w>
  <w id="18" lemma="|life|" pos="NNS" wid="18">lives</w>
  <w id="19" lemma="|.|" pos="." wid="19">.</w>
</sentence>
<sentence id="12">
  <w id="0" lemma="|3|" pos="LS" wid="0">3</w>
  <w id="1" lemma="|.|" pos="." wid="1">.</w>
</sentence>
<sentence id="13">
  <w id="0" lemma="|``|" pos="``" wid="0">``</w>
  <w id="1" lemma="|Church|" pos="NNP" wid="1">Church</w>
  <w id="2" lemma="|in|" pos="IN" wid="2">in</w>
  <w id="3" lemma="|Europe|" pos="NNP" wid="3">Europe</w>
  <w id="4" lemma="|,|" pos="," wid="4">,</w>
  <w id="5" lemma="|enter|" pos="VBP" wid="5">enter</w>
  <w id="6" lemma="|the|" pos="DT" wid="6">the</w>
  <w id="7" lemma="|new|" pos="JJ" wid="7">new</w>
  <w id="8" lemma="|millennium|" pos="JJ" wid="8">millennium</w>
  <w id="9" lemma="|with|" pos="IN" wid="9">with</w>
  <w id="10" lemma="|the|" pos="DT" wid="10">the</w>
  <w id="11" lemma="|Book|" pos="NNP" wid="11">Book</w>
  <w id="12" lemma="|of|" pos="IN" wid="12">of</w>
  <w id="13" lemma="|the|" pos="DT" wid="13">the</w>
  <w id="14" lemma="|Gospels|" pos="NNPS" wid="14">Gospels</w>
  <w id="15" lemma="|!|" pos="." wid="15">!</w>
  <w id="16" lemma="|''|" pos="''" wid="16">''</w>
</sentence>
<sentence id="14">
  <w id="0" lemma="|-lrb-|" pos="-LRB-" wid="0">-LRB-</w>
  <w id="1" lemma="|n.|" pos="NN" wid="1">n.</w>
  <w id="2" lemma="|65|" pos="CD" wid="2">65</w>
  <w id="3" lemma="|-rrb-|" pos="-RRB-" wid="3">-RRB-</w>
  <w id="4" lemma="|.|" pos="." wid="4">.</w>
</sentence>
<sentence id="15">
  <w id="0" lemma="|this|" pos="DT" wid="0">This</w>
  <w id="1" lemma="|be|" pos="VBZ" wid="1">is</w>
  <w id="2" lemma="|the|" pos="DT" wid="2">the</w>
  <w id="3" lemma="|appeal|" pos="NN" wid="3">appeal</w>
  <w id="4" lemma="|which|" pos="WDT" wid="4">which</w>
  <w id="5" lemma="|spring|" pos="VBD" wid="5">sprung</w>
  <w id="6" lemma="|from|" pos="IN" wid="6">from</w>
  <w id="7" lemma="|the|" pos="DT" wid="7">the</w>
  <w id="8" lemma="|Synodal|" pos="NNP" wid="8">Synodal</w>
  <w id="9" lemma="|Assembly|" pos="NNP" wid="9">Assembly</w>
  <w id="10" lemma="|of|" pos="IN" wid="10">of</w>
  <w id="11" lemma="|1999|" pos="CD" wid="11">1999</w>
  <w id="12" lemma="|.|" pos="." wid="12">.</w>
</sentence>
<sentence id="16">
  <w id="0" lemma="|May|" pos="NNP" wid="0">May</w>
  <w id="1" lemma="|every|" pos="DT" wid="1">every</w>
  <w id="2" lemma="|ecclesial|" pos="JJ" wid="2">ecclesial</w>
  <w id="3" lemma="|Community|" pos="NNP" wid="3">Community</w>
  <w id="4" lemma="|welcome|" pos="VB" wid="4">welcome</w>
  <w id="5" lemma="|it|" pos="PRP" wid="5">it</w>
  <w id="6" lemma="|with|" pos="IN" wid="6">with</w>
  <w id="7" lemma="|joy|" pos="NN" wid="7">joy</w>
  <w id="8" lemma="|thereby|" pos="RB" wid="8">thereby</w>
  <w id="9" lemma="|become|" pos="VBG" wid="9">becoming</w>
  <w id="10" lemma="|,|" pos="," wid="10">,</w>
  <w id="11" lemma="|in|" pos="IN" wid="11">in</w>
  <w id="12" lemma="|each|" pos="DT" wid="12">each</w>
  <w id="13" lemma="|sector|" pos="NN" wid="13">sector</w>
  <w id="14" lemma="|and|" pos="CC" wid="14">and</w>
  <w id="15" lemma="|as|" pos="IN" wid="15">as</w>
  <w id="16" lemma="|a|" pos="DT" wid="16">a</w>
  <w id="17" lemma="|unit|" pos="NN" wid="17">unit</w>
  <w id="18" lemma="|,|" pos="," wid="18">,</w>
  <w id="19" lemma="|a|" pos="DT" wid="19">a</w>
  <w id="20" lemma="|believable|" pos="JJ" wid="20">believable</w>
  <w id="21" lemma="|sign|" pos="NN" wid="21">sign</w>
  <w id="22" lemma="|of|" pos="IN" wid="22">of</w>
  <w id="23" lemma="|the|" pos="DT" wid="23">the</w>
  <w id="24" lemma="|message|" pos="NN" wid="24">message</w>
  <w id="25" lemma="|of|" pos="IN" wid="25">of</w>
  <w id="26" lemma="|salvation|" pos="NN" wid="26">salvation</w>
  <w id="27" lemma="|.|" pos="." wid="27">.</w>
</sentence>
<sentence id="17">
  <w id="0" lemma="|May|" pos="NNP" wid="0">May</w>
  <w id="1" lemma="|Mary|" pos="NNP" wid="1">Mary</w>
  <w id="2" lemma="|,|" pos="," wid="2">,</w>
  <w id="3" lemma="|the|" pos="DT" wid="3">the</w>
  <w id="4" lemma="|Most|" pos="NNP" wid="4">Most</w>
  <w id="5" lemma="|Holy|" pos="NNP" wid="5">Holy</w>
  <w id="6" lemma="|Virgin|" pos="NNP" wid="6">Virgin</w>
  <w id="7" lemma="|,|" pos="," wid="7">,</w>
  <w id="8" lemma="|Mother|" pos="NNP" wid="8">Mother</w>
  <w id="9" lemma="|of|" pos="IN" wid="9">of</w>
  <w id="10" lemma="|the|" pos="DT" wid="10">the</w>
  <w id="11" lemma="|Church|" pos="NNP" wid="11">Church</w>
  <w id="12" lemma="|and|" pos="CC" wid="12">and</w>
  <w id="13" lemma="|Queen|" pos="NNP" wid="13">Queen</w>
  <w id="14" lemma="|of|" pos="IN" wid="14">of</w>
  <w id="15" lemma="|the|" pos="DT" wid="15">the</w>
  <w id="16" lemma="|Apostles|" pos="NNPS" wid="16">Apostles</w>
  <w id="17" lemma="|,|" pos="," wid="17">,</w>
  <w id="18" lemma="|obtain|" pos="VB" wid="18">obtain</w>
  <w id="19" lemma="|this|" pos="DT" wid="19">this</w>
  <w id="20" lemma="|for|" pos="IN" wid="20">for</w>
  <w id="21" lemma="|we|" pos="PRP" wid="21">us</w>
  <w id="22" lemma="|.|" pos="." wid="22">.</w>
</sentence>
<sentence id="18">
  <w id="0" lemma="|the|" pos="DT" wid="0">The</w>
  <w id="1" lemma="|Holy|" pos="NNP" wid="1">Holy</w>
  <w id="2" lemma="|Father|" pos="NNP" wid="2">Father</w>
  <w id="3" lemma="|then|" pos="RB" wid="3">then</w>
  <w id="4" lemma="|greet|" pos="VBD" wid="4">greeted</w>
  <w id="5" lemma="|the|" pos="DT" wid="5">the</w>
  <w id="6" lemma="|pilgrim|" pos="NNS" wid="6">pilgrims</w>
  <w id="7" lemma="|in|" pos="IN" wid="7">in</w>
  <w id="8" lemma="|French|" pos="NNP" wid="8">French</w>
  <w id="9" lemma="|,|" pos="," wid="9">,</w>
  <w id="10" lemma="|English|" pos="NNP" wid="10">English</w>
  <w id="11" lemma="|,|" pos="," wid="11">,</w>
  <w id="12" lemma="|German|" pos="NNP" wid="12">German</w>
  <w id="13" lemma="|,|" pos="," wid="13">,</w>
  <w id="14" lemma="|Spanish|" pos="NNP" wid="14">Spanish</w>
  <w id="15" lemma="|,|" pos="," wid="15">,</w>
  <w id="16" lemma="|Portuguese|" pos="NNP" wid="16">Portuguese</w>
  <w id="17" lemma="|and|" pos="CC" wid="17">and</w>
  <w id="18" lemma="|Italian|" pos="NNP" wid="18">Italian</w>
  <w id="19" lemma="|.|" pos="." wid="19">.</w>
</sentence>
<sentence id="19">
  <w id="0" lemma="|to|" pos="TO" wid="0">To</w>
  <w id="1" lemma="|the|" pos="DT" wid="1">the</w>
  <w id="2" lemma="|english-speaking|" pos="JJ" wid="2">English-speaking</w>
  <w id="3" lemma="|faithful|" pos="NN" wid="3">faithful</w>
  <w id="4" lemma="|he|" pos="PRP" wid="4">he</w>
  <w id="5" lemma="|say|" pos="VBD" wid="5">said</w>
  <w id="6" lemma="|:|" pos=":" wid="6">:</w>
  <w id="7" lemma="|I|" pos="PRP" wid="7">I</w>
  <w id="8" lemma="|be|" pos="VBP" wid="8">am</w>
  <w id="9" lemma="|pleased|" pos="JJ" wid="9">pleased</w>
  <w id="10" lemma="|to|" pos="TO" wid="10">to</w>
  <w id="11" lemma="|greet|" pos="VB" wid="11">greet</w>
  <w id="12" lemma="|the|" pos="DT" wid="12">the</w>
  <w id="13" lemma="|english-speaking|" pos="JJ" wid="13">English-speaking</w>
  <w id="14" lemma="|visitor|" pos="NNS" wid="14">visitors</w>
  <w id="15" lemma="|who|" pos="WP" wid="15">who</w>
  <w id="16" lemma="|have|" pos="VBP" wid="16">have</w>
  <w id="17" lemma="|join|" pos="VBN" wid="17">joined</w>
  <w id="18" lemma="|we|" pos="PRP" wid="18">us</w>
  <w id="19" lemma="|this|" pos="DT" wid="19">this</w>
  <w id="20" lemma="|afternoon|" pos="NN" wid="20">afternoon</w>
  <w id="21" lemma="|in|" pos="IN" wid="21">in</w>
  <w id="22" lemma="|pray|" pos="VBG" wid="22">praying</w>
  <w id="23" lemma="|the|" pos="DT" wid="23">the</w>
  <w id="24" lemma="|Angelus|" pos="NNPS" wid="24">Angelus</w>
  <w id="25" lemma="|.|" pos="." wid="25">.</w>
</sentence>
<sentence id="20">
  <w id="0" lemma="|through|" pos="IN" wid="0">Through</w>
  <w id="1" lemma="|the|" pos="DT" wid="1">the</w>
  <w id="2" lemma="|intercession|" pos="NN" wid="2">intercession</w>
  <w id="3" lemma="|of|" pos="IN" wid="3">of</w>
  <w id="4" lemma="|Mary|" pos="NNP" wid="4">Mary</w>
  <w id="5" lemma="|,|" pos="," wid="5">,</w>
  <w id="6" lemma="|may|" pos="MD" wid="6">may</w>
  <w id="7" lemma="|you|" pos="PRP" wid="7">you</w>
  <w id="8" lemma="|and|" pos="CC" wid="8">and</w>
  <w id="9" lemma="|you|" pos="PRP$" wid="9">your</w>
  <w id="10" lemma="|family|" pos="NNS" wid="10">families</w>
  <w id="11" lemma="|grow|" pos="VB" wid="11">grow</w>
  <w id="12" lemma="|ever|" pos="RB" wid="12">ever</w>
  <w id="13" lemma="|closer|" pos="RBR" wid="13">closer</w>
  <w id="14" lemma="|to|" pos="TO" wid="14">to</w>
  <w id="15" lemma="|she|" pos="PRP$" wid="15">her</w>
  <w id="16" lemma="|Son|" pos="NNP" wid="16">Son</w>
  <w id="17" lemma="|,|" pos="," wid="17">,</w>
  <w id="18" lemma="|Jesus|" pos="NNP" wid="18">Jesus</w>
  <w id="19" lemma="|,|" pos="," wid="19">,</w>
  <w id="20" lemma="|who|" pos="WP" wid="20">who</w>
  <w id="21" lemma="|be|" pos="VBZ" wid="21">is</w>
  <w id="22" lemma="|Lord|" pos="NNP" wid="22">Lord</w>
  <w id="23" lemma="|and|" pos="CC" wid="23">and</w>
  <w id="24" lemma="|Saviour|" pos="NNP" wid="24">Saviour</w>
  <w id="25" lemma="|of|" pos="IN" wid="25">of</w>
  <w id="26" lemma="|all|" pos="DT" wid="26">all</w>
  <w id="27" lemma="|mankind|" pos="NN" wid="27">mankind</w>
  <w id="28" lemma="|.|" pos="." wid="28">.</w>
</sentence>
<sentence id="21">
  <w id="0" lemma="|the|" pos="DT" wid="0">The</w>
  <w id="1" lemma="|Holy|" pos="NNP" wid="1">Holy</w>
  <w id="2" lemma="|Father|" pos="NNP" wid="2">Father</w>
  <w id="3" lemma="|close|" pos="VBD" wid="3">closed</w>
  <w id="4" lemma="|say|" pos="VBG" wid="4">saying</w>
  <w id="5" lemma="|:|" pos=":" wid="5">:</w>
  <w id="6" lemma="|lastly|" pos="RB" wid="6">Lastly</w>
  <w id="7" lemma="|,|" pos="," wid="7">,</w>
  <w id="8" lemma="|I|" pos="PRP" wid="8">I</w>
  <w id="9" lemma="|extend|" pos="VBP" wid="9">extend</w>
  <w id="10" lemma="|a|" pos="DT" wid="10">a</w>
  <w id="11" lemma="|heartfelt|" pos="JJ" wid="11">heartfelt</w>
  <w id="12" lemma="|``|" pos="``" wid="12">``</w>
  <w id="13" lemma="|thank|" pos="VB" wid="13">thank</w>
  <w id="14" lemma="|you|" pos="PRP" wid="14">you</w>
  <w id="15" lemma="|''|" pos="''" wid="15">''</w>
  <w id="16" lemma="|to|" pos="TO" wid="16">to</w>
  <w id="17" lemma="|the|" pos="DT" wid="17">the</w>
  <w id="18" lemma="|Mayor|" pos="NNP" wid="18">Mayor</w>
  <w id="19" lemma="|and|" pos="CC" wid="19">and</w>
  <w id="20" lemma="|citizen|" pos="NNS" wid="20">citizens</w>
  <w id="21" lemma="|of|" pos="IN" wid="21">of</w>
  <w id="22" lemma="|Castel|" pos="NNP" wid="22">Castel</w>
  <w id="23" lemma="|Gandolfo|" pos="NNP" wid="23">Gandolfo</w>
  <w id="24" lemma="|for|" pos="IN" wid="24">for</w>
  <w id="25" lemma="|they|" pos="PRP$" wid="25">their</w>
  <w id="26" lemma="|traditional|" pos="JJ" wid="26">traditional</w>
  <w id="27" lemma="|tribute|" pos="NN" wid="27">tribute</w>
  <w id="28" lemma="|during|" pos="IN" wid="28">during</w>
  <w id="29" lemma="|the|" pos="DT" wid="29">the</w>
  <w id="30" lemma="|Peach|" pos="NNP" wid="30">Peach</w>
  <w id="31" lemma="|festival|" pos="NN" wid="31">festival</w>
  <w id="32" lemma="|.|" pos="." wid="32">.</w>
</sentence>
<sentence id="22">
  <w id="0" lemma="|I|" pos="PRP" wid="0">I</w>
  <w id="1" lemma="|also|" pos="RB" wid="1">also</w>
  <w id="2" lemma="|greet|" pos="VBP" wid="2">greet</w>
  <w id="3" lemma="|those|" pos="DT" wid="3">those</w>
  <w id="4" lemma="|attend|" pos="VBG" wid="4">attending</w>
  <w id="5" lemma="|the|" pos="DT" wid="5">the</w>
  <w id="6" lemma="|``|" pos="``" wid="6">``</w>
  <w id="7" lemma="|Regnum|" pos="NNP" wid="7">Regnum</w>
  <w id="8" lemma="|Christi|" pos="NNP" wid="8">Christi</w>
  <w id="9" lemma="|''|" pos="''" wid="9">''</w>
  <w id="10" lemma="|and|" pos="CC" wid="10">and</w>
  <w id="11" lemma="|wish|" pos="VB" wid="11">wish</w>
  <w id="12" lemma="|everyone|" pos="NN" wid="12">everyone</w>
  <w id="13" lemma="|a|" pos="DT" wid="13">a</w>
  <w id="14" lemma="|pleasant|" pos="JJ" wid="14">pleasant</w>
  <w id="15" lemma="|Sunday|" pos="NNP" wid="15">Sunday</w>
  <w id="16" lemma="|and|" pos="CC" wid="16">and</w>
  <w id="17" lemma="|a|" pos="DT" wid="17">a</w>
  <w id="18" lemma="|good|" pos="JJ" wid="18">good</w>
  <w id="19" lemma="|week|" pos="NN" wid="19">week</w>
  <w id="20" lemma="|.|" pos="." wid="20">.</w>
</sentence>
<sentence id="23">
  <w id="0" lemma="|after|" pos="IN" wid="0">After</w>
  <w id="1" lemma="|pray|" pos="VBG" wid="1">praying</w>
  <w id="2" lemma="|the|" pos="DT" wid="2">the</w>
  <w id="3" lemma="|Angelus|" pos="NNP" wid="3">Angelus</w>
  <w id="4" lemma="|,|" pos="," wid="4">,</w>
  <w id="5" lemma="|the|" pos="DT" wid="5">the</w>
  <w id="6" lemma="|Holy|" pos="NNP" wid="6">Holy</w>
  <w id="7" lemma="|Father|" pos="NNP" wid="7">Father</w>
  <w id="8" lemma="|refer|" pos="VBD" wid="8">referred</w>
  <w id="9" lemma="|to|" pos="TO" wid="9">to</w>
  <w id="10" lemma="|the|" pos="DT" wid="10">the</w>
  <w id="11" lemma="|tragic|" pos="JJ" wid="11">tragic</w>
  <w id="12" lemma="|situation|" pos="NN" wid="12">situation</w>
  <w id="13" lemma="|in|" pos="IN" wid="13">in</w>
  <w id="14" lemma="|Liberia|" pos="NNP" wid="14">Liberia</w>
  <w id="15" lemma="|and|" pos="CC" wid="15">and</w>
  <w id="16" lemma="|ask|" pos="VBD" wid="16">asked</w>
  <w id="17" lemma="|all|" pos="DT" wid="17">all</w>
  <w id="18" lemma="|to|" pos="TO" wid="18">to</w>
  <w id="19" lemma="|pray|" pos="VB" wid="19">pray</w>
  <w id="20" lemma="|for|" pos="IN" wid="20">for</w>
  <w id="21" lemma="|a|" pos="DT" wid="21">a</w>
  <w id="22" lemma="|positive|" pos="JJ" wid="22">positive</w>
  <w id="23" lemma="|resolution|" pos="NN" wid="23">resolution</w>
  <w id="24" lemma="|:|" pos=":" wid="24">:</w>
  <w id="25" lemma="|today|" pos="NN" wid="25">Today</w>
  <w id="26" lemma="|'s|" pos="POS" wid="26">'s</w>
  <w id="27" lemma="|encounter|" pos="NN" wid="27">encounter</w>
  <w id="28" lemma="|be|" pos="VBZ" wid="28">is</w>
  <w id="29" lemma="|also|" pos="RB" wid="29">also</w>
  <w id="30" lemma="|a|" pos="DT" wid="30">a</w>
  <w id="31" lemma="|favourable|" pos="JJ" wid="31">favourable</w>
  <w id="32" lemma="|opportunity|" pos="NN" wid="32">opportunity</w>
  <w id="33" lemma="|to|" pos="TO" wid="33">to</w>
  <w id="34" lemma="|demonstrate|" pos="VB" wid="34">demonstrate</w>
  <w id="35" lemma="|we|" pos="PRP$" wid="35">our</w>
  <w id="36" lemma="|solidarity|" pos="NN" wid="36">solidarity</w>
  <w id="37" lemma="|with|" pos="IN" wid="37">with</w>
  <w id="38" lemma="|the|" pos="DT" wid="38">the</w>
  <w id="39" lemma="|brother|" pos="NNS" wid="39">brothers</w>
  <w id="40" lemma="|and|" pos="CC" wid="40">and</w>
  <w id="41" lemma="|sister|" pos="NNS" wid="41">sisters</w>
  <w id="42" lemma="|of|" pos="IN" wid="42">of</w>
  <w id="43" lemma="|Africa|" pos="NNP" wid="43">Africa</w>
  <w id="44" lemma="|where|" pos="WRB" wid="44">where</w>
  <w id="45" lemma="|,|" pos="," wid="45">,</w>
  <w id="46" lemma="|along|" pos="IN" wid="46">along</w>
  <w id="47" lemma="|with|" pos="IN" wid="47">with</w>
  <w id="48" lemma="|positive|" pos="JJ" wid="48">positive</w>
  <w id="49" lemma="|progress|" pos="NN" wid="49">progress</w>
  <w id="50" lemma="|and|" pos="CC" wid="50">and</w>
  <w id="51" lemma="|initiative|" pos="NNS" wid="51">initiatives</w>
  <w id="52" lemma="|for|" pos="IN" wid="52">for</w>
  <w id="53" lemma="|peace|" pos="NN" wid="53">peace</w>
  <w id="54" lemma="|,|" pos="," wid="54">,</w>
  <w id="55" lemma="|there|" pos="EX" wid="55">there</w>
  <w id="56" lemma="|continue|" pos="VBP" wid="56">continue</w>
  <w id="57" lemma="|to|" pos="TO" wid="57">to</w>
  <w id="58" lemma="|be|" pos="VB" wid="58">be</w>
  <w id="59" lemma="|deadly|" pos="JJ" wid="59">deadly</w>
  <w id="60" lemma="|troublespot|" pos="NNS" wid="60">troublespots</w>
  <w id="61" lemma="|.|" pos="." wid="61">.</w>
</sentence>
<sentence id="24">
  <w id="0" lemma="|I|" pos="PRP" wid="0">I</w>
  <w id="1" lemma="|especially|" pos="RB" wid="1">especially</w>
  <w id="2" lemma="|refer|" pos="VBP" wid="2">refer</w>
  <w id="3" lemma="|to|" pos="TO" wid="3">to</w>
  <w id="4" lemma="|the|" pos="DT" wid="4">the</w>
  <w id="5" lemma="|tragic|" pos="JJ" wid="5">tragic</w>
  <w id="6" lemma="|news|" pos="NN" wid="6">news</w>
  <w id="7" lemma="|come|" pos="VBG" wid="7">coming</w>
  <w id="8" lemma="|from|" pos="IN" wid="8">from</w>
  <w id="9" lemma="|Liberia|" pos="NNP" wid="9">Liberia</w>
  <w id="10" lemma="|.|" pos="." wid="10">.</w>
</sentence>
<sentence id="25">
  <w id="0" lemma="|in|" pos="IN" wid="0">In</w>
  <w id="1" lemma="|front|" pos="NN" wid="1">front</w>
  <w id="2" lemma="|of|" pos="IN" wid="2">of</w>
  <w id="3" lemma="|the|" pos="DT" wid="3">the</w>
  <w id="4" lemma="|trial|" pos="NNS" wid="4">trials</w>
  <w id="5" lemma="|face|" pos="VBN" wid="5">faced</w>
  <w id="6" lemma="|by|" pos="IN" wid="6">by</w>
  <w id="7" lemma="|these|" pos="DT" wid="7">these</w>
  <w id="8" lemma="|dear|" pos="RB" wid="8">dear</w>
  <w id="9" lemma="|people|" pos="NNS" wid="9">peoples</w>
  <w id="10" lemma="|,|" pos="," wid="10">,</w>
  <w id="11" lemma="|we|" pos="PRP" wid="11">we</w>
  <w id="12" lemma="|can|" pos="MD" wid="12">can</w>
  <w id="13" lemma="|only|" pos="RB" wid="13">only</w>
  <w id="14" lemma="|ask|" pos="VB" wid="14">ask</w>
  <w id="15" lemma="|that|" pos="IN" wid="15">that</w>
  <w id="16" lemma="|all|" pos="PDT" wid="16">all</w>
  <w id="17" lemma="|those|" pos="DT" wid="17">those</w>
  <w id="18" lemma="|hold|" pos="VBG" wid="18">holding</w>
  <w id="19" lemma="|a|" pos="DT" wid="19">a</w>
  <w id="20" lemma="|weapon|" pos="NN" wid="20">weapon</w>
  <w id="21" lemma="|lay|" pos="VBD" wid="21">lay</w>
  <w id="22" lemma="|it|" pos="PRP" wid="22">it</w>
  <w id="23" lemma="|down|" pos="RP" wid="23">down</w>
  <w id="24" lemma="|,|" pos="," wid="24">,</w>
  <w id="25" lemma="|to|" pos="TO" wid="25">to</w>
  <w id="26" lemma="|make|" pos="VB" wid="26">make</w>
  <w id="27" lemma="|way|" pos="NN" wid="27">way</w>
  <w id="28" lemma="|once|" pos="RB" wid="28">once</w>
  <w id="29" lemma="|again|" pos="RB" wid="29">again</w>
  <w id="30" lemma="|for|" pos="IN" wid="30">for</w>
  <w id="31" lemma="|the|" pos="DT" wid="31">the</w>
  <w id="32" lemma="|dialogue|" pos="NN" wid="32">dialogue</w>
  <w id="33" lemma="|and|" pos="CC" wid="33">and</w>
  <w id="34" lemma="|concrete|" pos="JJ" wid="34">concrete</w>
  <w id="35" lemma="|action|" pos="NN" wid="35">action</w>
  <w id="36" lemma="|direct|" pos="VBN" wid="36">directed</w>
  <w id="37" lemma="|by|" pos="IN" wid="37">by</w>
  <w id="38" lemma="|the|" pos="DT" wid="38">the</w>
  <w id="39" lemma="|international|" pos="JJ" wid="39">international</w>
  <w id="40" lemma="|Community|" pos="NNP" wid="40">Community</w>
  <w id="41" lemma="|.|" pos="." wid="41">.</w>
</sentence>
<sentence id="26">
  <w id="0" lemma="|©|" pos="NNP" wid="0">©</w>
  <w id="1" lemma="|Copyright|" pos="NNP" wid="1">Copyright</w>
  <w id="2" lemma="|2003|" pos="CD" wid="2">2003</w>
  <w id="3" lemma="|-|" pos=":" wid="3">-</w>
  <w id="4" lemma="|Libreria|" pos="NNP" wid="4">Libreria</w>
  <w id="5" lemma="|Editrice|" pos="NNP" wid="5">Editrice</w>
  <w id="6" lemma="|Vaticana|" pos="NNP" wid="6">Vaticana</w>
</sentence>
</corpus>