<corpus id="0">
<sentence id="0">
  <w id="0" lemma="|Dear|" pos="NNP" wid="0">Dear</w>
  <w id="1" lemma="|Brothers|" pos="NNPS" wid="1">Brothers</w>
  <w id="2" lemma="|and|" pos="CC" wid="2">and</w>
  <w id="3" lemma="|sister|" pos="NNS" wid="3">Sisters</w>
  <w id="4" lemma="|,|" pos="," wid="4">,</w>
  <w id="5" lemma="|1|" pos="CD" wid="5">1</w>
  <w id="6" lemma="|.|" pos="." wid="6">.</w>
</sentence>
<sentence id="1">
  <w id="0" lemma="|the|" pos="DT" wid="0">The</w>
  <w id="1" lemma="|solemnity|" pos="NN" wid="1">Solemnity</w>
  <w id="2" lemma="|of|" pos="IN" wid="2">of</w>
  <w id="3" lemma="|the|" pos="DT" wid="3">the</w>
  <w id="4" lemma="|Epiphany|" pos="NNP" wid="4">Epiphany</w>
  <w id="5" lemma="|celebrate|" pos="VBZ" wid="5">celebrates</w>
  <w id="6" lemma="|the|" pos="DT" wid="6">the</w>
  <w id="7" lemma="|universality|" pos="NN" wid="7">universality</w>
  <w id="8" lemma="|of|" pos="IN" wid="8">of</w>
  <w id="9" lemma="|the|" pos="DT" wid="9">the</w>
  <w id="10" lemma="|Church|" pos="NNP" wid="10">Church</w>
  <w id="11" lemma="|and|" pos="CC" wid="11">and</w>
  <w id="12" lemma="|she|" pos="PRP$" wid="12">her</w>
  <w id="13" lemma="|missionary|" pos="JJ" wid="13">missionary</w>
  <w id="14" lemma="|vocation|" pos="NN" wid="14">vocation</w>
  <w id="15" lemma="|.|" pos="." wid="15">.</w>
</sentence>
<sentence id="2">
  <w id="0" lemma="|the|" pos="DT" wid="0">The</w>
  <w id="1" lemma="|Church|" pos="NNP" wid="1">Church</w>
  <w id="2" lemma="|rejoice|" pos="VBZ" wid="2">rejoices</w>
  <w id="3" lemma="|today|" pos="NN" wid="3">today</w>
  <w id="4" lemma="|because|" pos="IN" wid="4">because</w>
  <w id="5" lemma="|``|" pos="``" wid="5">``</w>
  <w id="6" lemma="|the|" pos="DT" wid="6">the</w>
  <w id="7" lemma="|true|" pos="JJ" wid="7">true</w>
  <w id="8" lemma="|light|" pos="NN" wid="8">light</w>
  <w id="9" lemma="|that|" pos="WDT" wid="9">that</w>
  <w id="10" lemma="|enlighten|" pos="VBZ" wid="10">enlightens</w>
  <w id="11" lemma="|every|" pos="DT" wid="11">every</w>
  <w id="12" lemma="|man|" pos="NN" wid="12">man</w>
  <w id="13" lemma="|''|" pos="''" wid="13">''</w>
  <w id="14" lemma="|-lrb-|" pos="-LRB-" wid="14">-LRB-</w>
  <w id="15" lemma="|jn|" pos="FW" wid="15">Jn</w>
  <w id="16" lemma="|1,9|" pos="FW" wid="16">1,9</w>
  <w id="17" lemma="|-rrb-|" pos="-RRB-" wid="17">-RRB-</w>
  <w id="18" lemma="|have|" pos="VBZ" wid="18">has</w>
  <w id="19" lemma="|be|" pos="VBN" wid="19">been</w>
  <w id="20" lemma="|manifest|" pos="VBN" wid="20">manifested</w>
  <w id="21" lemma="|to|" pos="TO" wid="21">to</w>
  <w id="22" lemma="|all|" pos="DT" wid="22">all</w>
  <w id="23" lemma="|people|" pos="NNS" wid="23">peoples</w>
  <w id="24" lemma="|.|" pos="." wid="24">.</w>
</sentence>
<sentence id="3">
  <w id="0" lemma="|like|" pos="IN" wid="0">Like</w>
  <w id="1" lemma="|Mary|" pos="NNP" wid="1">Mary</w>
  <w id="2" lemma="|,|" pos="," wid="2">,</w>
  <w id="3" lemma="|she|" pos="PRP" wid="3">she</w>
  <w id="4" lemma="|rejoice|" pos="VBZ" wid="4">rejoices</w>
  <w id="5" lemma="|to|" pos="TO" wid="5">to</w>
  <w id="6" lemma="|see|" pos="VB" wid="6">see</w>
  <w id="7" lemma="|person|" pos="NNS" wid="7">persons</w>
  <w id="8" lemma="|of|" pos="IN" wid="8">of</w>
  <w id="9" lemma="|every|" pos="DT" wid="9">every</w>
  <w id="10" lemma="|race|" pos="NN" wid="10">race</w>
  <w id="11" lemma="|,|" pos="," wid="11">,</w>
  <w id="12" lemma="|nation|" pos="NN" wid="12">nation</w>
  <w id="13" lemma="|and|" pos="CC" wid="13">and</w>
  <w id="14" lemma="|culture|" pos="NN" wid="14">culture</w>
  <w id="15" lemma="|enter|" pos="VBP" wid="15">enter</w>
  <w id="16" lemma="|the|" pos="DT" wid="16">the</w>
  <w id="17" lemma="|humble|" pos="JJ" wid="17">humble</w>
  <w id="18" lemma="|cave|" pos="NN" wid="18">cave</w>
  <w id="19" lemma="|of|" pos="IN" wid="19">of</w>
  <w id="20" lemma="|Bethlehem|" pos="NNP" wid="20">Bethlehem</w>
  <w id="21" lemma="|to|" pos="TO" wid="21">to</w>
  <w id="22" lemma="|adore|" pos="VB" wid="22">adore</w>
  <w id="23" lemma="|the|" pos="DT" wid="23">the</w>
  <w id="24" lemma="|Son|" pos="NNP" wid="24">Son</w>
  <w id="25" lemma="|of|" pos="IN" wid="25">of</w>
  <w id="26" lemma="|God|" pos="NNP" wid="26">God</w>
  <w id="27" lemma="|.|" pos="." wid="27">.</w>
</sentence>
<sentence id="4">
  <w id="0" lemma="|at|" pos="IN" wid="0">At</w>
  <w id="1" lemma="|the|" pos="DT" wid="1">the</w>
  <w id="2" lemma="|same|" pos="JJ" wid="2">same</w>
  <w id="3" lemma="|time|" pos="NN" wid="3">time</w>
  <w id="4" lemma="|,|" pos="," wid="4">,</w>
  <w id="5" lemma="|increasingly|" pos="RB" wid="5">increasingly</w>
  <w id="6" lemma="|she|" pos="PRP" wid="6">she</w>
  <w id="7" lemma="|realize|" pos="VBZ" wid="7">realizes</w>
  <w id="8" lemma="|how|" pos="WRB" wid="8">how</w>
  <w id="9" lemma="|urgent|" pos="JJ" wid="9">urgent</w>
  <w id="10" lemma="|it|" pos="PRP" wid="10">it</w>
  <w id="11" lemma="|be|" pos="VBZ" wid="11">is</w>
  <w id="12" lemma="|to|" pos="TO" wid="12">to</w>
  <w id="13" lemma="|be|" pos="VB" wid="13">be</w>
  <w id="14" lemma="|``|" pos="``" wid="14">``</w>
  <w id="15" lemma="|light|" pos="JJ" wid="15">light</w>
  <w id="16" lemma="|''|" pos="''" wid="16">''</w>
  <w id="17" lemma="|to|" pos="TO" wid="17">to</w>
  <w id="18" lemma="|spread|" pos="VB" wid="18">spread</w>
  <w id="19" lemma="|the|" pos="DT" wid="19">the</w>
  <w id="20" lemma="|save|" pos="VBG" wid="20">saving</w>
  <w id="21" lemma="|message|" pos="NN" wid="21">message</w>
  <w id="22" lemma="|to|" pos="TO" wid="22">to</w>
  <w id="23" lemma="|every|" pos="DT" wid="23">every</w>
  <w id="24" lemma="|people|" pos="NNS" wid="24">people</w>
  <w id="25" lemma="|.|" pos="." wid="25">.</w>
</sentence>
<sentence id="5">
  <w id="0" lemma="|the|" pos="DT" wid="0">The</w>
  <w id="1" lemma="|missionary|" pos="JJ" wid="1">missionary</w>
  <w id="2" lemma="|mandate|" pos="NN" wid="2">mandate</w>
  <w id="3" lemma="|be|" pos="VBZ" wid="3">is</w>
  <w id="4" lemma="|for|" pos="IN" wid="4">for</w>
  <w id="5" lemma="|all|" pos="DT" wid="5">all</w>
  <w id="6" lemma="|believer|" pos="NNS" wid="6">believers</w>
  <w id="7" lemma="|,|" pos="," wid="7">,</w>
  <w id="8" lemma="|call|" pos="VBN" wid="8">called</w>
  <w id="9" lemma="|to|" pos="TO" wid="9">to</w>
  <w id="10" lemma="|proclaim|" pos="VB" wid="10">proclaim</w>
  <w id="11" lemma="|and|" pos="CC" wid="11">and</w>
  <w id="12" lemma="|witness|" pos="NN" wid="12">witness</w>
  <w id="13" lemma="|to|" pos="TO" wid="13">to</w>
  <w id="14" lemma="|the|" pos="DT" wid="14">the</w>
  <w id="15" lemma="|mystery|" pos="NN" wid="15">mystery</w>
  <w id="16" lemma="|of|" pos="IN" wid="16">of</w>
  <w id="17" lemma="|salvation|" pos="NN" wid="17">salvation</w>
  <w id="18" lemma="|that|" pos="WDT" wid="18">that</w>
  <w id="19" lemma="|be|" pos="VBD" wid="19">was</w>
  <w id="20" lemma="|realize|" pos="VBN" wid="20">realized</w>
  <w id="21" lemma="|in|" pos="IN" wid="21">in</w>
  <w id="22" lemma="|the|" pos="DT" wid="22">the</w>
  <w id="23" lemma="|Incarnation|" pos="NNP" wid="23">Incarnation</w>
  <w id="24" lemma="|,|" pos="," wid="24">,</w>
  <w id="25" lemma="|Death|" pos="NNP" wid="25">Death</w>
  <w id="26" lemma="|and|" pos="CC" wid="26">and</w>
  <w id="27" lemma="|Resurrection|" pos="NNP" wid="27">Resurrection</w>
  <w id="28" lemma="|of|" pos="IN" wid="28">of</w>
  <w id="29" lemma="|Christ|" pos="NNP" wid="29">Christ</w>
  <w id="30" lemma="|.|" pos="." wid="30">.</w>
</sentence>
<sentence id="6">
  <w id="0" lemma="|2|" pos="CD" wid="0">2</w>
  <w id="1" lemma="|.|" pos="." wid="1">.</w>
</sentence>
<sentence id="7">
  <w id="0" lemma="|today|" pos="NN" wid="0">Today</w>
  <w id="1" lemma="|the|" pos="DT" wid="1">the</w>
  <w id="2" lemma="|Church|" pos="NNP" wid="2">Church</w>
  <w id="3" lemma="|entrust|" pos="VBZ" wid="3">entrusts</w>
  <w id="4" lemma="|the|" pos="DT" wid="4">the</w>
  <w id="5" lemma="|mission|" pos="NN" wid="5">mission</w>
  <w id="6" lemma="|of|" pos="IN" wid="6">of</w>
  <w id="7" lemma="|evangelization|" pos="NN" wid="7">evangelization</w>
  <w id="8" lemma="|in|" pos="IN" wid="8">in</w>
  <w id="9" lemma="|a|" pos="DT" wid="9">a</w>
  <w id="10" lemma="|special|" pos="JJ" wid="10">special</w>
  <w id="11" lemma="|way|" pos="NN" wid="11">way</w>
  <w id="12" lemma="|to|" pos="TO" wid="12">to</w>
  <w id="13" lemma="|child|" pos="NNS" wid="13">children</w>
  <w id="14" lemma="|.|" pos="." wid="14">.</w>
</sentence>
<sentence id="8">
  <w id="0" lemma="|this|" pos="DT" wid="0">This</w>
  <w id="1" lemma="|be|" pos="VBZ" wid="1">is</w>
  <w id="2" lemma="|the|" pos="DT" wid="2">the</w>
  <w id="3" lemma="|meaning|" pos="NN" wid="3">meaning</w>
  <w id="4" lemma="|of|" pos="IN" wid="4">of</w>
  <w id="5" lemma="|the|" pos="DT" wid="5">the</w>
  <w id="6" lemma="|Children|" pos="NNP" wid="6">Children</w>
  <w id="7" lemma="|'s|" pos="POS" wid="7">'s</w>
  <w id="8" lemma="|World|" pos="NNP" wid="8">World</w>
  <w id="9" lemma="|Missionary|" pos="NNP" wid="9">Missionary</w>
  <w id="10" lemma="|Day|" pos="NNP" wid="10">Day</w>
  <w id="11" lemma="|,|" pos="," wid="11">,</w>
  <w id="12" lemma="|that|" pos="WDT" wid="12">that</w>
  <w id="13" lemma="|have|" pos="VBZ" wid="13">has</w>
  <w id="14" lemma="|the|" pos="DT" wid="14">the</w>
  <w id="15" lemma="|theme|" pos="NN" wid="15">theme</w>
  <w id="16" lemma="|this|" pos="DT" wid="16">this</w>
  <w id="17" lemma="|year|" pos="NN" wid="17">year</w>
  <w id="18" lemma="|:|" pos=":" wid="18">:</w>
  <w id="19" lemma="|``|" pos="``" wid="19">``</w>
  <w id="20" lemma="|enkindle|" pos="JJ" wid="20">Enkindle</w>
  <w id="21" lemma="|hope|" pos="NN" wid="21">hope</w>
  <w id="22" lemma="|''|" pos="''" wid="22">''</w>
  <w id="23" lemma="|and|" pos="CC" wid="23">and</w>
  <w id="24" lemma="|call|" pos="VBZ" wid="24">calls</w>
  <w id="25" lemma="|``|" pos="``" wid="25">``</w>
  <w id="26" lemma="|missionary|" pos="JJ" wid="26">missionary</w>
  <w id="27" lemma="|child|" pos="NNS" wid="27">children</w>
  <w id="28" lemma="|''|" pos="''" wid="28">''</w>
  <w id="29" lemma="|to|" pos="TO" wid="29">to</w>
  <w id="30" lemma="|spread|" pos="VB" wid="30">spread</w>
  <w id="31" lemma="|the|" pos="DT" wid="31">the</w>
  <w id="32" lemma="|light|" pos="NN" wid="32">light</w>
  <w id="33" lemma="|of|" pos="IN" wid="33">of</w>
  <w id="34" lemma="|solidarity|" pos="NN" wid="34">solidarity</w>
  <w id="35" lemma="|especially|" pos="RB" wid="35">especially</w>
  <w id="36" lemma="|where|" pos="WRB" wid="36">where</w>
  <w id="37" lemma="|the|" pos="DT" wid="37">the</w>
  <w id="38" lemma="|darkness|" pos="NN" wid="38">darkness</w>
  <w id="39" lemma="|of|" pos="IN" wid="39">of</w>
  <w id="40" lemma="|poverty|" pos="NN" wid="40">poverty</w>
  <w id="41" lemma="|,|" pos="," wid="41">,</w>
  <w id="42" lemma="|sorrow|" pos="NN" wid="42">sorrow</w>
  <w id="43" lemma="|and|" pos="CC" wid="43">and</w>
  <w id="44" lemma="|war|" pos="NN" wid="44">war</w>
  <w id="45" lemma="|be|" pos="VBZ" wid="45">is</w>
  <w id="46" lemma="|particularly|" pos="RB" wid="46">particularly</w>
  <w id="47" lemma="|dense|" pos="JJ" wid="47">dense</w>
  <w id="48" lemma="|.|" pos="." wid="48">.</w>
</sentence>
<sentence id="9">
  <w id="0" lemma="|the|" pos="DT" wid="0">The</w>
  <w id="1" lemma="|missionary|" pos="JJ" wid="1">missionary</w>
  <w id="2" lemma="|support|" pos="NN" wid="2">support</w>
  <w id="3" lemma="|of|" pos="IN" wid="3">of</w>
  <w id="4" lemma="|child|" pos="NNS" wid="4">children</w>
  <w id="5" lemma="|be|" pos="VBZ" wid="5">is</w>
  <w id="6" lemma="|precious|" pos="JJ" wid="6">precious</w>
  <w id="7" lemma="|for|" pos="IN" wid="7">for</w>
  <w id="8" lemma="|so|" pos="RB" wid="8">so</w>
  <w id="9" lemma="|many|" pos="JJ" wid="9">many</w>
  <w id="10" lemma="|missionary|" pos="NNS" wid="10">missionaries</w>
  <w id="11" lemma="|,|" pos="," wid="11">,</w>
  <w id="12" lemma="|faithful|" pos="JJ" wid="12">faithful</w>
  <w id="13" lemma="|to|" pos="TO" wid="13">to</w>
  <w id="14" lemma="|the|" pos="DT" wid="14">the</w>
  <w id="15" lemma="|mandate|" pos="NN" wid="15">mandate</w>
  <w id="16" lemma="|of|" pos="IN" wid="16">of</w>
  <w id="17" lemma="|Christ|" pos="NNP" wid="17">Christ</w>
  <w id="18" lemma="|,|" pos="," wid="18">,</w>
  <w id="19" lemma="|who|" pos="WP" wid="19">who</w>
  <w id="20" lemma="|work|" pos="VBP" wid="20">work</w>
  <w id="21" lemma="|for|" pos="IN" wid="21">for</w>
  <w id="22" lemma="|the|" pos="DT" wid="22">the</w>
  <w id="23" lemma="|propagation|" pos="NN" wid="23">propagation</w>
  <w id="24" lemma="|of|" pos="IN" wid="24">of</w>
  <w id="25" lemma="|the|" pos="DT" wid="25">the</w>
  <w id="26" lemma="|faith|" pos="NN" wid="26">faith</w>
  <w id="27" lemma="|to|" pos="TO" wid="27">to</w>
  <w id="28" lemma="|the|" pos="DT" wid="28">the</w>
  <w id="29" lemma="|end|" pos="NNS" wid="29">ends</w>
  <w id="30" lemma="|of|" pos="IN" wid="30">of</w>
  <w id="31" lemma="|the|" pos="DT" wid="31">the</w>
  <w id="32" lemma="|earth|" pos="NN" wid="32">earth</w>
  <w id="33" lemma="|.|" pos="." wid="33">.</w>
</sentence>
<sentence id="10">
  <w id="0" lemma="|we|" pos="PRP$" wid="0">Our</w>
  <w id="1" lemma="|grateful|" pos="JJ" wid="1">grateful</w>
  <w id="2" lemma="|thought|" pos="NN" wid="2">thought</w>
  <w id="3" lemma="|and|" pos="CC" wid="3">and</w>
  <w id="4" lemma="|constant|" pos="JJ" wid="4">constant</w>
  <w id="5" lemma="|prayer|" pos="NN" wid="5">prayer</w>
  <w id="6" lemma="|to|" pos="TO" wid="6">to</w>
  <w id="7" lemma="|the|" pos="DT" wid="7">the</w>
  <w id="8" lemma="|Lord|" pos="NNP" wid="8">Lord</w>
  <w id="9" lemma="|go|" pos="VBZ" wid="9">goes</w>
  <w id="10" lemma="|to|" pos="TO" wid="10">to</w>
  <w id="11" lemma="|each|" pos="DT" wid="11">each</w>
  <w id="12" lemma="|one|" pos="CD" wid="12">one</w>
  <w id="13" lemma="|of|" pos="IN" wid="13">of</w>
  <w id="14" lemma="|these|" pos="DT" wid="14">these</w>
  <w id="15" lemma="|fearless|" pos="JJ" wid="15">fearless</w>
  <w id="16" lemma="|evangelizer|" pos="NNS" wid="16">evangelizers</w>
  <w id="17" lemma="|.|" pos="." wid="17">.</w>
</sentence>
<sentence id="11">
  <w id="0" lemma="|the|" pos="DT" wid="0">The</w>
  <w id="1" lemma="|new|" pos="JJ" wid="1">new</w>
  <w id="2" lemma="|bishop|" pos="NNS" wid="2">Bishops</w>
  <w id="3" lemma="|that|" pos="IN" wid="3">that</w>
  <w id="4" lemma="|I|" pos="PRP" wid="4">I</w>
  <w id="5" lemma="|have|" pos="VBD" wid="5">had</w>
  <w id="6" lemma="|the|" pos="DT" wid="6">the</w>
  <w id="7" lemma="|joy|" pos="NN" wid="7">joy</w>
  <w id="8" lemma="|of|" pos="IN" wid="8">of</w>
  <w id="9" lemma="|consecrate|" pos="VBG" wid="9">consecrating</w>
  <w id="10" lemma="|this|" pos="DT" wid="10">this</w>
  <w id="11" lemma="|morning|" pos="NN" wid="11">morning</w>
  <w id="12" lemma="|will|" pos="MD" wid="12">will</w>
  <w id="13" lemma="|dedicate|" pos="VB" wid="13">dedicate</w>
  <w id="14" lemma="|all|" pos="DT" wid="14">all</w>
  <w id="15" lemma="|they|" pos="PRP$" wid="15">their</w>
  <w id="16" lemma="|energy|" pos="NN" wid="16">energy</w>
  <w id="17" lemma="|especially|" pos="RB" wid="17">especially</w>
  <w id="18" lemma="|to|" pos="TO" wid="18">to</w>
  <w id="19" lemma="|the|" pos="DT" wid="19">the</w>
  <w id="20" lemma="|demand|" pos="VBG" wid="20">demanding</w>
  <w id="21" lemma="|missionary|" pos="JJ" wid="21">missionary</w>
  <w id="22" lemma="|task|" pos="NN" wid="22">task</w>
  <w id="23" lemma="|.|" pos="." wid="23">.</w>
</sentence>
<sentence id="12">
  <w id="0" lemma="|I|" pos="PRP" wid="0">I</w>
  <w id="1" lemma="|greet|" pos="VBP" wid="1">greet</w>
  <w id="2" lemma="|they|" pos="PRP" wid="2">them</w>
  <w id="3" lemma="|cordially|" pos="RB" wid="3">cordially</w>
  <w id="4" lemma="|,|" pos="," wid="4">,</w>
  <w id="5" lemma="|they|" pos="PRP$" wid="5">their</w>
  <w id="6" lemma="|family|" pos="NNS" wid="6">families</w>
  <w id="7" lemma="|and|" pos="CC" wid="7">and</w>
  <w id="8" lemma="|those|" pos="DT" wid="8">those</w>
  <w id="9" lemma="|who|" pos="WP" wid="9">who</w>
  <w id="10" lemma="|join|" pos="VBP" wid="10">join</w>
  <w id="11" lemma="|in|" pos="IN" wid="11">in</w>
  <w id="12" lemma="|they|" pos="PRP$" wid="12">their</w>
  <w id="13" lemma="|spiritual|" pos="JJ" wid="13">spiritual</w>
  <w id="14" lemma="|joy|" pos="NN" wid="14">joy</w>
  <w id="15" lemma="|.|" pos="." wid="15">.</w>
</sentence>
<sentence id="13">
  <w id="0" lemma="|Dear|" pos="NNP" wid="0">Dear</w>
  <w id="1" lemma="|Brothers|" pos="NNPS" wid="1">Brothers</w>
  <w id="2" lemma="|and|" pos="CC" wid="2">and</w>
  <w id="3" lemma="|sister|" pos="NNS" wid="3">Sisters</w>
  <w id="4" lemma="|,|" pos="," wid="4">,</w>
  <w id="5" lemma="|let|" pos="VB" wid="5">let</w>
  <w id="6" lemma="|we|" pos="PRP" wid="6">us</w>
  <w id="7" lemma="|back|" pos="VB" wid="7">back</w>
  <w id="8" lemma="|up|" pos="RP" wid="8">up</w>
  <w id="9" lemma="|they|" pos="PRP$" wid="9">their</w>
  <w id="10" lemma="|ministry|" pos="NN" wid="10">ministry</w>
  <w id="11" lemma="|with|" pos="IN" wid="11">with</w>
  <w id="12" lemma="|we|" pos="PRP$" wid="12">our</w>
  <w id="13" lemma="|prayer|" pos="NN" wid="13">prayer</w>
  <w id="14" lemma="|so|" pos="IN" wid="14">so</w>
  <w id="15" lemma="|that|" pos="IN" wid="15">that</w>
  <w id="16" lemma="|they|" pos="PRP" wid="16">they</w>
  <w id="17" lemma="|will|" pos="MD" wid="17">will</w>
  <w id="18" lemma="|be|" pos="VB" wid="18">be</w>
  <w id="19" lemma="|sound|" pos="JJ" wid="19">sound</w>
  <w id="20" lemma="|guide|" pos="NNS" wid="20">guides</w>
  <w id="21" lemma="|of|" pos="IN" wid="21">of</w>
  <w id="22" lemma="|the|" pos="DT" wid="22">the</w>
  <w id="23" lemma="|flock|" pos="NN" wid="23">flock</w>
  <w id="24" lemma="|that|" pos="IN" wid="24">that</w>
  <w id="25" lemma="|the|" pos="DT" wid="25">the</w>
  <w id="26" lemma="|Lord|" pos="NNP" wid="26">Lord</w>
  <w id="27" lemma="|have|" pos="VBZ" wid="27">has</w>
  <w id="28" lemma="|entrust|" pos="VBN" wid="28">entrusted</w>
  <w id="29" lemma="|to|" pos="TO" wid="29">to</w>
  <w id="30" lemma="|they|" pos="PRP" wid="30">them</w>
  <w id="31" lemma="|.|" pos="." wid="31">.</w>
</sentence>
<sentence id="14">
  <w id="0" lemma="|3|" pos="LS" wid="0">3</w>
  <w id="1" lemma="|.|" pos="." wid="1">.</w>
</sentence>
<sentence id="15">
  <w id="0" lemma="|today|" pos="NN" wid="0">Today</w>
  <w id="1" lemma="|eastern|" pos="JJ" wid="1">Eastern</w>
  <w id="2" lemma="|church|" pos="NNS" wid="2">Churches</w>
  <w id="3" lemma="|,|" pos="," wid="3">,</w>
  <w id="4" lemma="|such|" pos="JJ" wid="4">such</w>
  <w id="5" lemma="|as|" pos="IN" wid="5">as</w>
  <w id="6" lemma="|the|" pos="DT" wid="6">the</w>
  <w id="7" lemma="|Russian|" pos="NNP" wid="7">Russian</w>
  <w id="8" lemma="|Orthodox|" pos="NNP" wid="8">Orthodox</w>
  <w id="9" lemma="|,|" pos="," wid="9">,</w>
  <w id="10" lemma="|and|" pos="CC" wid="10">and</w>
  <w id="11" lemma="|the|" pos="DT" wid="11">the</w>
  <w id="12" lemma="|ancient|" pos="JJ" wid="12">ancient</w>
  <w id="13" lemma="|oriental|" pos="JJ" wid="13">Oriental</w>
  <w id="14" lemma="|church|" pos="NNS" wid="14">Churches</w>
  <w id="15" lemma="|such|" pos="JJ" wid="15">such</w>
  <w id="16" lemma="|as|" pos="IN" wid="16">as</w>
  <w id="17" lemma="|the|" pos="DT" wid="17">the</w>
  <w id="18" lemma="|coptic|" pos="JJ" wid="18">Coptic</w>
  <w id="19" lemma="|,|" pos="," wid="19">,</w>
  <w id="20" lemma="|ethiopian|" pos="JJ" wid="20">Ethiopian</w>
  <w id="21" lemma="|and|" pos="CC" wid="21">and</w>
  <w id="22" lemma="|armenian|" pos="JJ" wid="22">Armenian</w>
  <w id="23" lemma="|celebrate|" pos="VBP" wid="23">celebrate</w>
  <w id="24" lemma="|Christmas|" pos="NNP" wid="24">Christmas</w>
  <w id="25" lemma="|.|" pos="." wid="25">.</w>
</sentence>
<sentence id="16">
  <w id="0" lemma="|we|" pos="PRP$" wid="0">Our</w>
  <w id="1" lemma="|best|" pos="JJS" wid="1">best</w>
  <w id="2" lemma="|wish|" pos="NNS" wid="2">wishes</w>
  <w id="3" lemma="|go|" pos="VBP" wid="3">go</w>
  <w id="4" lemma="|to|" pos="TO" wid="4">to</w>
  <w id="5" lemma="|they|" pos="PRP" wid="5">them</w>
  <w id="6" lemma="|and|" pos="CC" wid="6">and</w>
  <w id="7" lemma="|the|" pos="DT" wid="7">the</w>
  <w id="8" lemma="|assurance|" pos="NN" wid="8">assurance</w>
  <w id="9" lemma="|of|" pos="IN" wid="9">of</w>
  <w id="10" lemma="|continue|" pos="VBG" wid="10">continuing</w>
  <w id="11" lemma="|prayer|" pos="NN" wid="11">prayer</w>
  <w id="12" lemma="|.|" pos="." wid="12">.</w>
</sentence>
<sentence id="17">
  <w id="0" lemma="|may|" pos="MD" wid="0">May</w>
  <w id="1" lemma="|the|" pos="DT" wid="1">the</w>
  <w id="2" lemma="|celebration|" pos="NN" wid="2">celebration</w>
  <w id="3" lemma="|of|" pos="IN" wid="3">of</w>
  <w id="4" lemma="|the|" pos="DT" wid="4">the</w>
  <w id="5" lemma="|come|" pos="VBG" wid="5">coming</w>
  <w id="6" lemma="|of|" pos="IN" wid="6">of</w>
  <w id="7" lemma="|the|" pos="DT" wid="7">the</w>
  <w id="8" lemma="|word|" pos="NN" wid="8">Word</w>
  <w id="9" lemma="|of|" pos="IN" wid="9">of</w>
  <w id="10" lemma="|God|" pos="NNP" wid="10">God</w>
  <w id="11" lemma="|among|" pos="IN" wid="11">among</w>
  <w id="12" lemma="|man|" pos="NNS" wid="12">men</w>
  <w id="13" lemma="|be|" pos="VB" wid="13">be</w>
  <w id="14" lemma="|the|" pos="DT" wid="14">the</w>
  <w id="15" lemma="|source|" pos="NN" wid="15">source</w>
  <w id="16" lemma="|of|" pos="IN" wid="16">of</w>
  <w id="17" lemma="|new|" pos="JJ" wid="17">new</w>
  <w id="18" lemma="|spiritual|" pos="JJ" wid="18">spiritual</w>
  <w id="19" lemma="|vigour|" pos="NN" wid="19">vigour</w>
  <w id="20" lemma="|,|" pos="," wid="20">,</w>
  <w id="21" lemma="|of|" pos="IN" wid="21">of</w>
  <w id="22" lemma="|new|" pos="JJ" wid="22">new</w>
  <w id="23" lemma="|spiritual|" pos="JJ" wid="23">spiritual</w>
  <w id="24" lemma="|strength|" pos="NN" wid="24">strength</w>
  <w id="25" lemma="|of|" pos="IN" wid="25">of</w>
  <w id="26" lemma="|communion|" pos="NN" wid="26">communion</w>
  <w id="27" lemma="|among|" pos="IN" wid="27">among</w>
  <w id="28" lemma="|we|" pos="PRP" wid="28">us</w>
  <w id="29" lemma="|,|" pos="," wid="29">,</w>
  <w id="30" lemma="|who|" pos="WP" wid="30">who</w>
  <w id="31" lemma="|recognize|" pos="VBP" wid="31">recognize</w>
  <w id="32" lemma="|he|" pos="PRP" wid="32">him</w>
  <w id="33" lemma="|as|" pos="IN" wid="33">as</w>
  <w id="34" lemma="|Lord|" pos="NNP" wid="34">Lord</w>
  <w id="35" lemma="|and|" pos="CC" wid="35">and</w>
  <w id="36" lemma="|Saviour|" pos="NNP" wid="36">Saviour</w>
  <w id="37" lemma="|.|" pos="." wid="37">.</w>
</sentence>
<sentence id="18">
  <w id="0" lemma="|may|" pos="MD" wid="0">May</w>
  <w id="1" lemma="|it|" pos="PRP" wid="1">it</w>
  <w id="2" lemma="|be|" pos="VB" wid="2">be</w>
  <w id="3" lemma="|a|" pos="DT" wid="3">a</w>
  <w id="4" lemma="|source|" pos="NN" wid="4">source</w>
  <w id="5" lemma="|of|" pos="IN" wid="5">of</w>
  <w id="6" lemma="|joy|" pos="NN" wid="6">joy</w>
  <w id="7" lemma="|in|" pos="IN" wid="7">in</w>
  <w id="8" lemma="|proclaim|" pos="VBG" wid="8">proclaiming</w>
  <w id="9" lemma="|he|" pos="PRP" wid="9">him</w>
  <w id="10" lemma="|to|" pos="TO" wid="10">to</w>
  <w id="11" lemma="|the|" pos="DT" wid="11">the</w>
  <w id="12" lemma="|people|" pos="NNS" wid="12">people</w>
  <w id="13" lemma="|of|" pos="IN" wid="13">of</w>
  <w id="14" lemma="|we|" pos="PRP$" wid="14">our</w>
  <w id="15" lemma="|time|" pos="NN" wid="15">time</w>
  <w id="16" lemma="|.|" pos="." wid="16">.</w>
</sentence>
<sentence id="19">
  <w id="0" lemma="|may|" pos="MD" wid="0">May</w>
  <w id="1" lemma="|the|" pos="DT" wid="1">the</w>
  <w id="2" lemma="|heavenly|" pos="JJ" wid="2">heavenly</w>
  <w id="3" lemma="|Mother|" pos="NNP" wid="3">Mother</w>
  <w id="4" lemma="|of|" pos="IN" wid="4">of</w>
  <w id="5" lemma="|God|" pos="NNP" wid="5">God</w>
  <w id="6" lemma="|,|" pos="," wid="6">,</w>
  <w id="7" lemma="|who|" pos="WP" wid="7">who</w>
  <w id="8" lemma="|hold|" pos="VBZ" wid="8">holds</w>
  <w id="9" lemma="|on|" pos="IN" wid="9">on</w>
  <w id="10" lemma="|she|" pos="PRP$" wid="10">her</w>
  <w id="11" lemma="|knee|" pos="NNS" wid="11">knees</w>
  <w id="12" lemma="|the|" pos="DT" wid="12">the</w>
  <w id="13" lemma="|wisdom|" pos="NN" wid="13">Wisdom</w>
  <w id="14" lemma="|of|" pos="IN" wid="14">of</w>
  <w id="15" lemma="|the|" pos="DT" wid="15">the</w>
  <w id="16" lemma="|Father|" pos="NNP" wid="16">Father</w>
  <w id="17" lemma="|,|" pos="," wid="17">,</w>
  <w id="18" lemma="|obtain|" pos="VB" wid="18">obtain</w>
  <w id="19" lemma="|for|" pos="IN" wid="19">for</w>
  <w id="20" lemma="|christian|" pos="NNS" wid="20">Christians</w>
  <w id="21" lemma="|the|" pos="DT" wid="21">the</w>
  <w id="22" lemma="|gift|" pos="NN" wid="22">gift</w>
  <w id="23" lemma="|of|" pos="IN" wid="23">of</w>
  <w id="24" lemma="|full|" pos="JJ" wid="24">full</w>
  <w id="25" lemma="|communion|" pos="NN" wid="25">communion</w>
  <w id="26" lemma="|and|" pos="CC" wid="26">and</w>
  <w id="27" lemma="|peace|" pos="NN" wid="27">peace</w>
  <w id="28" lemma="|.|" pos="." wid="28">.</w>
</sentence>
<sentence id="20">
  <w id="0" lemma="|through|" pos="IN" wid="0">Through</w>
  <w id="1" lemma="|she|" pos="PRP$" wid="1">her</w>
  <w id="2" lemma="|intercession|" pos="NN" wid="2">intercession</w>
  <w id="3" lemma="|,|" pos="," wid="3">,</w>
  <w id="4" lemma="|may|" pos="MD" wid="4">may</w>
  <w id="5" lemma="|the|" pos="DT" wid="5">the</w>
  <w id="6" lemma="|life|" pos="NN" wid="6">life</w>
  <w id="7" lemma="|give|" pos="VBG" wid="7">giving</w>
  <w id="8" lemma="|light|" pos="NN" wid="8">light</w>
  <w id="9" lemma="|of|" pos="IN" wid="9">of</w>
  <w id="10" lemma="|the|" pos="DT" wid="10">the</w>
  <w id="11" lemma="|mystery|" pos="NN" wid="11">mystery</w>
  <w id="12" lemma="|of|" pos="IN" wid="12">of</w>
  <w id="13" lemma="|the|" pos="DT" wid="13">the</w>
  <w id="14" lemma="|birth|" pos="NN" wid="14">Birth</w>
  <w id="15" lemma="|of|" pos="IN" wid="15">of</w>
  <w id="16" lemma="|we|" pos="PRP$" wid="16">our</w>
  <w id="17" lemma="|Lord|" pos="NNP" wid="17">Lord</w>
  <w id="18" lemma="|enlighten|" pos="VB" wid="18">enlighten</w>
  <w id="19" lemma="|every|" pos="DT" wid="19">every</w>
  <w id="20" lemma="|person|" pos="NN" wid="20">person</w>
  <w id="21" lemma="|of|" pos="IN" wid="21">of</w>
  <w id="22" lemma="|good|" pos="JJ" wid="22">good</w>
  <w id="23" lemma="|will|" pos="NN" wid="23">will</w>
  <w id="24" lemma="|.|" pos="." wid="24">.</w>
</sentence>
</corpus>