<corpus id="0">
<sentence id="0">
  <w id="0" lemma="|Dear|" pos="NNP" wid="0">Dear</w>
  <w id="1" lemma="|Brothers|" pos="NNPS" wid="1">Brothers</w>
  <w id="2" lemma="|and|" pos="CC" wid="2">and</w>
  <w id="3" lemma="|sister|" pos="NNS" wid="3">Sisters</w>
  <w id="4" lemma="|!|" pos="." wid="4">!</w>
</sentence>
<sentence id="1">
  <w id="0" lemma="|1|" pos="CD" wid="0">1</w>
  <w id="1" lemma="|.|" pos="." wid="1">.</w>
</sentence>
<sentence id="2">
  <w id="0" lemma="|today|" pos="NN" wid="0">Today</w>
  <w id="1" lemma="|the|" pos="DT" wid="1">the</w>
  <w id="2" lemma="|Church|" pos="NNP" wid="2">Church</w>
  <w id="3" lemma="|be|" pos="VBZ" wid="3">is</w>
  <w id="4" lemma="|celebrate|" pos="VBG" wid="4">celebrating</w>
  <w id="5" lemma="|the|" pos="DT" wid="5">the</w>
  <w id="6" lemma="|glorious|" pos="JJ" wid="6">glorious</w>
  <w id="7" lemma="|assumption|" pos="NN" wid="7">Assumption</w>
  <w id="8" lemma="|into|" pos="IN" wid="8">into</w>
  <w id="9" lemma="|heaven|" pos="NN" wid="9">heaven</w>
  <w id="10" lemma="|of|" pos="IN" wid="10">of</w>
  <w id="11" lemma="|Mary|" pos="NNP" wid="11">Mary</w>
  <w id="12" lemma="|Most|" pos="NNP" wid="12">Most</w>
  <w id="13" lemma="|Holy|" pos="NNP" wid="13">Holy</w>
  <w id="14" lemma="|.|" pos="." wid="14">.</w>
</sentence>
<sentence id="3">
  <w id="0" lemma="|the|" pos="DT" wid="0">The</w>
  <w id="1" lemma="|People|" pos="NNP" wid="1">People</w>
  <w id="2" lemma="|of|" pos="IN" wid="2">of</w>
  <w id="3" lemma="|God|" pos="NNP" wid="3">God</w>
  <w id="4" lemma="|,|" pos="," wid="4">,</w>
  <w id="5" lemma="|guide|" pos="VBN" wid="5">guided</w>
  <w id="6" lemma="|by|" pos="IN" wid="6">by</w>
  <w id="7" lemma="|revelation|" pos="NN" wid="7">Revelation</w>
  <w id="8" lemma="|,|" pos="," wid="8">,</w>
  <w id="9" lemma="|have|" pos="VBP" wid="9">have</w>
  <w id="10" lemma="|always|" pos="RB" wid="10">always</w>
  <w id="11" lemma="|believe|" pos="VBN" wid="11">believed</w>
  <w id="12" lemma="|that|" pos="IN" wid="12">that</w>
  <w id="13" lemma="|the|" pos="DT" wid="13">the</w>
  <w id="14" lemma="|Mother|" pos="NNP" wid="14">Mother</w>
  <w id="15" lemma="|of|" pos="IN" wid="15">of</w>
  <w id="16" lemma="|Christ|" pos="NNP" wid="16">Christ</w>
  <w id="17" lemma="|be|" pos="VBD" wid="17">was</w>
  <w id="18" lemma="|associate|" pos="VBN" wid="18">associated</w>
  <w id="19" lemma="|with|" pos="IN" wid="19">with</w>
  <w id="20" lemma="|she|" pos="PRP$" wid="20">her</w>
  <w id="21" lemma="|Son|" pos="NNP" wid="21">Son</w>
  <w id="22" lemma="|'s|" pos="POS" wid="22">'s</w>
  <w id="23" lemma="|victory|" pos="NN" wid="23">victory</w>
  <w id="24" lemma="|over|" pos="IN" wid="24">over</w>
  <w id="25" lemma="|death|" pos="NN" wid="25">death</w>
  <w id="26" lemma="|,|" pos="," wid="26">,</w>
  <w id="27" lemma="|and|" pos="CC" wid="27">and</w>
  <w id="28" lemma="|venerate|" pos="VB" wid="28">venerate</w>
  <w id="29" lemma="|she|" pos="PRP$" wid="29">her</w>
  <w id="30" lemma="|glorious|" pos="JJ" wid="30">glorious</w>
  <w id="31" lemma="|assumption|" pos="NN" wid="31">Assumption</w>
  <w id="32" lemma="|in|" pos="IN" wid="32">in</w>
  <w id="33" lemma="|soul|" pos="NN" wid="33">soul</w>
  <w id="34" lemma="|and|" pos="CC" wid="34">and</w>
  <w id="35" lemma="|body|" pos="NN" wid="35">body</w>
  <w id="36" lemma="|.|" pos="." wid="36">.</w>
</sentence>
<sentence id="4">
  <w id="0" lemma="|Chosen|" pos="NNP" wid="0">Chosen</w>
  <w id="1" lemma="|by|" pos="IN" wid="1">by</w>
  <w id="2" lemma="|God|" pos="NNP" wid="2">God</w>
  <w id="3" lemma="|as|" pos="IN" wid="3">as</w>
  <w id="4" lemma="|the|" pos="DT" wid="4">the</w>
  <w id="5" lemma="|purest|" pos="JJS" wid="5">purest</w>
  <w id="6" lemma="|vessel|" pos="NN" wid="6">vessel</w>
  <w id="7" lemma="|in|" pos="IN" wid="7">in</w>
  <w id="8" lemma="|which|" pos="WDT" wid="8">which</w>
  <w id="9" lemma="|to|" pos="TO" wid="9">to</w>
  <w id="10" lemma="|``|" pos="``" wid="10">``</w>
  <w id="11" lemma="|come|" pos="VB" wid="11">come</w>
  <w id="12" lemma="|and|" pos="CC" wid="12">and</w>
  <w id="13" lemma="|dwell|" pos="VB" wid="13">dwell</w>
  <w id="14" lemma="|''|" pos="''" wid="14">''</w>
  <w id="15" lemma="|among|" pos="IN" wid="15">among</w>
  <w id="16" lemma="|man|" pos="NNS" wid="16">men</w>
  <w id="17" lemma="|,|" pos="," wid="17">,</w>
  <w id="18" lemma="|Mary|" pos="NNP" wid="18">Mary</w>
  <w id="19" lemma="|,|" pos="," wid="19">,</w>
  <w id="20" lemma="|at|" pos="IN" wid="20">at</w>
  <w id="21" lemma="|the|" pos="DT" wid="21">the</w>
  <w id="22" lemma="|end|" pos="NN" wid="22">end</w>
  <w id="23" lemma="|of|" pos="IN" wid="23">of</w>
  <w id="24" lemma="|she|" pos="PRP$" wid="24">her</w>
  <w id="25" lemma="|earthly|" pos="JJ" wid="25">earthly</w>
  <w id="26" lemma="|existence|" pos="NN" wid="26">existence</w>
  <w id="27" lemma="|,|" pos="," wid="27">,</w>
  <w id="28" lemma="|be|" pos="VBD" wid="28">was</w>
  <w id="29" lemma="|immediately|" pos="RB" wid="29">immediately</w>
  <w id="30" lemma="|take|" pos="VBN" wid="30">taken</w>
  <w id="31" lemma="|up|" pos="RP" wid="31">up</w>
  <w id="32" lemma="|into|" pos="IN" wid="32">into</w>
  <w id="33" lemma="|heaven|" pos="NN" wid="33">heaven</w>
  <w id="34" lemma="|.|" pos="." wid="34">.</w>
</sentence>
<sentence id="5">
  <w id="0" lemma="|this|" pos="DT" wid="0">This</w>
  <w id="1" lemma="|be|" pos="VBZ" wid="1">is</w>
  <w id="2" lemma="|why|" pos="WRB" wid="2">why</w>
  <w id="3" lemma="|the|" pos="DT" wid="3">the</w>
  <w id="4" lemma="|Christian|" pos="NNP" wid="4">Christian</w>
  <w id="5" lemma="|community|" pos="NN" wid="5">community</w>
  <w id="6" lemma="|,|" pos="," wid="6">,</w>
  <w id="7" lemma="|in|" pos="IN" wid="7">in</w>
  <w id="8" lemma="|a|" pos="DT" wid="8">a</w>
  <w id="9" lemma="|renowned|" pos="JJ" wid="9">renowned</w>
  <w id="10" lemma="|hymn|" pos="NN" wid="10">hymn</w>
  <w id="11" lemma="|,|" pos="," wid="11">,</w>
  <w id="12" lemma="|joyfully|" pos="RB" wid="12">joyfully</w>
  <w id="13" lemma="|sing|" pos="VBZ" wid="13">sings</w>
  <w id="14" lemma="|she|" pos="PRP$" wid="14">her</w>
  <w id="15" lemma="|praise|" pos="NN" wid="15">praise</w>
  <w id="16" lemma="|and|" pos="CC" wid="16">and</w>
  <w id="17" lemma="|invoke|" pos="VBZ" wid="17">invokes</w>
  <w id="18" lemma="|she|" pos="PRP" wid="18">her</w>
  <w id="19" lemma="|:|" pos=":" wid="19">:</w>
  <w id="20" lemma="|``|" pos="``" wid="20">``</w>
  <w id="21" lemma="|hail|" pos="NN" wid="21">Hail</w>
  <w id="22" lemma="|,|" pos="," wid="22">,</w>
  <w id="23" lemma="|o|" pos="NN" wid="23">O</w>
  <w id="24" lemma="|steadfast|" pos="JJ" wid="24">steadfast</w>
  <w id="25" lemma="|foundation|" pos="NN" wid="25">foundation</w>
  <w id="26" lemma="|of|" pos="IN" wid="26">of</w>
  <w id="27" lemma="|faith|" pos="NN" wid="27">faith</w>
  <w id="28" lemma="|;|" pos=":" wid="28">;</w>
  <w id="29" lemma="|/|" pos=":" wid="29">/</w>
  <w id="30" lemma="|hail|" pos="NN" wid="30">Hail</w>
  <w id="31" lemma="|,|" pos="," wid="31">,</w>
  <w id="32" lemma="|o|" pos="NN" wid="32">O</w>
  <w id="33" lemma="|shine|" pos="VBG" wid="33">shining</w>
  <w id="34" lemma="|emblem|" pos="NN" wid="34">emblem</w>
  <w id="35" lemma="|of|" pos="IN" wid="35">of</w>
  <w id="36" lemma="|grace|" pos="NN" wid="36">grace</w>
  <w id="37" lemma="|...|" pos=":" wid="37">...</w>
  <w id="38" lemma="|.|" pos="." wid="38">.</w>
</sentence>
<sentence id="6">
  <w id="0" lemma="|/|" pos=":" wid="0">/</w>
  <w id="1" lemma="|hail|" pos="NN" wid="1">Hail</w>
  <w id="2" lemma="|,|" pos="," wid="2">,</w>
  <w id="3" lemma="|o|" pos="NN" wid="3">O</w>
  <w id="4" lemma="|key|" pos="NN" wid="4">key</w>
  <w id="5" lemma="|to|" pos="TO" wid="5">to</w>
  <w id="6" lemma="|the|" pos="DT" wid="6">the</w>
  <w id="7" lemma="|kingdom|" pos="NN" wid="7">kingdom</w>
  <w id="8" lemma="|of|" pos="IN" wid="8">of</w>
  <w id="9" lemma="|Christ|" pos="NNP" wid="9">Christ</w>
  <w id="10" lemma="|/|" pos=":" wid="10">/</w>
  <w id="11" lemma="|Hail|" pos="NNP" wid="11">Hail</w>
  <w id="12" lemma="|,|" pos="," wid="12">,</w>
  <w id="13" lemma="|O|" pos="NNP" wid="13">O</w>
  <w id="14" lemma="|Hope|" pos="NNP" wid="14">Hope</w>
  <w id="15" lemma="|for|" pos="IN" wid="15">for</w>
  <w id="16" lemma="|the|" pos="DT" wid="16">the</w>
  <w id="17" lemma="|age|" pos="NNS" wid="17">ages</w>
  <w id="18" lemma="|of|" pos="IN" wid="18">of</w>
  <w id="19" lemma="|bliss|" pos="NN" wid="19">bliss</w>
  <w id="20" lemma="|...|" pos=":" wid="20">...</w>
  <w id="21" lemma="|.|" pos="." wid="21">.</w>
</sentence>
<sentence id="7">
  <w id="0" lemma="|/|" pos=":" wid="0">/</w>
  <w id="1" lemma="|hail|" pos="NN" wid="1">Hail</w>
  <w id="2" lemma="|,|" pos="," wid="2">,</w>
  <w id="3" lemma="|for|" pos="IN" wid="3">for</w>
  <w id="4" lemma="|the|" pos="DT" wid="4">the</w>
  <w id="5" lemma="|heavenly|" pos="JJ" wid="5">heavenly</w>
  <w id="6" lemma="|rejoice|" pos="NN" wid="6">rejoice</w>
  <w id="7" lemma="|with|" pos="IN" wid="7">with</w>
  <w id="8" lemma="|the|" pos="DT" wid="8">the</w>
  <w id="9" lemma="|earth|" pos="NN" wid="9">earth</w>
  <w id="10" lemma="|;|" pos=":" wid="10">;</w>
  <w id="11" lemma="|/|" pos=":" wid="11">/</w>
  <w id="12" lemma="|hail|" pos="NN" wid="12">Hail</w>
  <w id="13" lemma="|,|" pos="," wid="13">,</w>
  <w id="14" lemma="|for|" pos="IN" wid="14">for</w>
  <w id="15" lemma="|the|" pos="DT" wid="15">the</w>
  <w id="16" lemma="|earthly|" pos="JJ" wid="16">earthly</w>
  <w id="17" lemma="|meet|" pos="VB" wid="17">meet</w>
  <w id="18" lemma="|the|" pos="DT" wid="18">the</w>
  <w id="19" lemma="|heaven|" pos="NNS" wid="19">heavens</w>
  <w id="20" lemma="|in|" pos="IN" wid="20">in</w>
  <w id="21" lemma="|song|" pos="NN" wid="21">song</w>
  <w id="22" lemma="|!|" pos="." wid="22">!</w>
  <w id="23" lemma="|''|" pos="''" wid="23">''</w>
</sentence>
<sentence id="8">
  <w id="0" lemma="|-lrb-|" pos="-LRB-" wid="0">-LRB-</w>
  <w id="1" lemma="|akathisto|" pos="NNS" wid="1">Akathistos</w>
  <w id="2" lemma="|-rrb-|" pos="-RRB-" wid="2">-RRB-</w>
  <w id="3" lemma="|.|" pos="." wid="3">.</w>
</sentence>
<sentence id="9">
  <w id="0" lemma="|the|" pos="DT" wid="0">The</w>
  <w id="1" lemma="|feast|" pos="NN" wid="1">feast</w>
  <w id="2" lemma="|of|" pos="IN" wid="2">of</w>
  <w id="3" lemma="|the|" pos="DT" wid="3">the</w>
  <w id="4" lemma="|assumption|" pos="NN" wid="4">Assumption</w>
  <w id="5" lemma="|,|" pos="," wid="5">,</w>
  <w id="6" lemma="|celebrate|" pos="VBN" wid="6">celebrated</w>
  <w id="7" lemma="|with|" pos="IN" wid="7">with</w>
  <w id="8" lemma="|popular|" pos="JJ" wid="8">popular</w>
  <w id="9" lemma="|festival|" pos="NNS" wid="9">festivals</w>
  <w id="10" lemma="|almost|" pos="RB" wid="10">almost</w>
  <w id="11" lemma="|everywhere|" pos="RB" wid="11">everywhere</w>
  <w id="12" lemma="|,|" pos="," wid="12">,</w>
  <w id="13" lemma="|coincide|" pos="VBZ" wid="13">coincides</w>
  <w id="14" lemma="|with|" pos="IN" wid="14">with</w>
  <w id="15" lemma="|``|" pos="``" wid="15">``</w>
  <w id="16" lemma="|Ferragosto|" pos="NNP" wid="16">Ferragosto</w>
  <w id="17" lemma="|''|" pos="''" wid="17">''</w>
  <w id="18" lemma="|,|" pos="," wid="18">,</w>
  <w id="19" lemma="|which|" pos="WDT" wid="19">which</w>
  <w id="20" lemma="|be|" pos="VBZ" wid="20">is</w>
  <w id="21" lemma="|synonymous|" pos="JJ" wid="21">synonymous</w>
  <w id="22" lemma="|with|" pos="IN" wid="22">with</w>
  <w id="23" lemma="|the|" pos="DT" wid="23">the</w>
  <w id="24" lemma="|summer|" pos="NN" wid="24">summer</w>
  <w id="25" lemma="|holiday|" pos="NNS" wid="25">holidays</w>
  <w id="26" lemma="|.|" pos="." wid="26">.</w>
</sentence>
<sentence id="10">
  <w id="0" lemma="|I|" pos="PRP" wid="0">I</w>
  <w id="1" lemma="|urge|" pos="VBP" wid="1">urge</w>
  <w id="2" lemma="|everyone|" pos="NN" wid="2">everyone</w>
  <w id="3" lemma="|,|" pos="," wid="3">,</w>
  <w id="4" lemma="|especially|" pos="RB" wid="4">especially</w>
  <w id="5" lemma="|those|" pos="DT" wid="5">those</w>
  <w id="6" lemma="|on|" pos="IN" wid="6">on</w>
  <w id="7" lemma="|holiday|" pos="NN" wid="7">holiday</w>
  <w id="8" lemma="|,|" pos="," wid="8">,</w>
  <w id="9" lemma="|to|" pos="TO" wid="9">to</w>
  <w id="10" lemma="|rediscover|" pos="VB" wid="10">rediscover</w>
  <w id="11" lemma="|the|" pos="DT" wid="11">the</w>
  <w id="12" lemma="|christian|" pos="JJ" wid="12">Christian</w>
  <w id="13" lemma="|meaning|" pos="NN" wid="13">meaning</w>
  <w id="14" lemma="|of|" pos="IN" wid="14">of</w>
  <w id="15" lemma="|today|" pos="NN" wid="15">today</w>
  <w id="16" lemma="|'s|" pos="POS" wid="16">'s</w>
  <w id="17" lemma="|feast|" pos="NN" wid="17">feast</w>
  <w id="18" lemma="|by|" pos="IN" wid="18">by</w>
  <w id="19" lemma="|participate|" pos="VBG" wid="19">participating</w>
  <w id="20" lemma="|in|" pos="IN" wid="20">in</w>
  <w id="21" lemma="|the|" pos="DT" wid="21">the</w>
  <w id="22" lemma="|eucharistic|" pos="JJ" wid="22">Eucharistic</w>
  <w id="23" lemma="|celebration|" pos="NN" wid="23">celebration</w>
  <w id="24" lemma="|and|" pos="CC" wid="24">and</w>
  <w id="25" lemma="|by|" pos="IN" wid="25">by</w>
  <w id="26" lemma="|pray|" pos="VBG" wid="26">praying</w>
  <w id="27" lemma="|with|" pos="IN" wid="27">with</w>
  <w id="28" lemma="|devotion|" pos="NN" wid="28">devotion</w>
  <w id="29" lemma="|to|" pos="TO" wid="29">to</w>
  <w id="30" lemma="|we|" pos="PRP$" wid="30">our</w>
  <w id="31" lemma="|heavenly|" pos="JJ" wid="31">heavenly</w>
  <w id="32" lemma="|Mother|" pos="NNP" wid="32">Mother</w>
  <w id="33" lemma="|.|" pos="." wid="33">.</w>
</sentence>
<sentence id="11">
  <w id="0" lemma="|we|" pos="PRP$" wid="0">Our</w>
  <w id="1" lemma="|lady|" pos="NN" wid="1">Lady</w>
  <w id="2" lemma="|'s|" pos="POS" wid="2">'s</w>
  <w id="3" lemma="|assumption|" pos="NN" wid="3">Assumption</w>
  <w id="4" lemma="|remind|" pos="VBZ" wid="4">reminds</w>
  <w id="5" lemma="|we|" pos="PRP" wid="5">us</w>
  <w id="6" lemma="|that|" pos="IN" wid="6">that</w>
  <w id="7" lemma="|we|" pos="PRP$" wid="7">our</w>
  <w id="8" lemma="|true|" pos="JJ" wid="8">true</w>
  <w id="9" lemma="|homeland|" pos="NN" wid="9">homeland</w>
  <w id="10" lemma="|be|" pos="VBZ" wid="10">is</w>
  <w id="11" lemma="|heaven|" pos="NN" wid="11">heaven</w>
  <w id="12" lemma="|,|" pos="," wid="12">,</w>
  <w id="13" lemma="|and|" pos="CC" wid="13">and</w>
  <w id="14" lemma="|she|" pos="PRP" wid="14">she</w>
  <w id="15" lemma="|offer|" pos="VBZ" wid="15">offers</w>
  <w id="16" lemma="|we|" pos="PRP" wid="16">us</w>
  <w id="17" lemma="|she|" pos="PRP$" wid="17">her</w>
  <w id="18" lemma="|motherly|" pos="JJ" wid="18">motherly</w>
  <w id="19" lemma="|help|" pos="NN" wid="19">help</w>
  <w id="20" lemma="|to|" pos="TO" wid="20">to</w>
  <w id="21" lemma="|prepare|" pos="VB" wid="21">prepare</w>
  <w id="22" lemma="|for|" pos="IN" wid="22">for</w>
  <w id="23" lemma="|the|" pos="DT" wid="23">the</w>
  <w id="24" lemma="|definitive|" pos="JJ" wid="24">definitive</w>
  <w id="25" lemma="|meeting|" pos="NN" wid="25">meeting</w>
  <w id="26" lemma="|with|" pos="IN" wid="26">with</w>
  <w id="27" lemma="|Christ|" pos="NNP" wid="27">Christ</w>
  <w id="28" lemma="|at|" pos="IN" wid="28">at</w>
  <w id="29" lemma="|the|" pos="DT" wid="29">the</w>
  <w id="30" lemma="|end|" pos="NN" wid="30">end</w>
  <w id="31" lemma="|of|" pos="IN" wid="31">of</w>
  <w id="32" lemma="|we|" pos="PRP$" wid="32">our</w>
  <w id="33" lemma="|earthly|" pos="JJ" wid="33">earthly</w>
  <w id="34" lemma="|pilgrimage|" pos="NN" wid="34">pilgrimage</w>
  <w id="35" lemma="|.|" pos="." wid="35">.</w>
</sentence>
<sentence id="12">
  <w id="0" lemma="|2|" pos="CD" wid="0">2</w>
  <w id="1" lemma="|.|" pos="." wid="1">.</w>
</sentence>
<sentence id="13">
  <w id="0" lemma="|this|" pos="DT" wid="0">This</w>
  <w id="1" lemma="|year|" pos="NN" wid="1">year</w>
  <w id="2" lemma="|,|" pos="," wid="2">,</w>
  <w id="3" lemma="|15|" pos="CD" wid="3">15</w>
  <w id="4" lemma="|August|" pos="NNP" wid="4">August</w>
  <w id="5" lemma="|,|" pos="," wid="5">,</w>
  <w id="6" lemma="|in|" pos="IN" wid="6">in</w>
  <w id="7" lemma="|the|" pos="DT" wid="7">the</w>
  <w id="8" lemma="|heart|" pos="NN" wid="8">heart</w>
  <w id="9" lemma="|of|" pos="IN" wid="9">of</w>
  <w id="10" lemma="|the|" pos="DT" wid="10">the</w>
  <w id="11" lemma="|Holy|" pos="NNP" wid="11">Holy</w>
  <w id="12" lemma="|Year|" pos="NNP" wid="12">Year</w>
  <w id="13" lemma="|,|" pos="," wid="13">,</w>
  <w id="14" lemma="|also|" pos="RB" wid="14">also</w>
  <w id="15" lemma="|mark|" pos="VBZ" wid="15">marks</w>
  <w id="16" lemma="|the|" pos="DT" wid="16">the</w>
  <w id="17" lemma="|beginning|" pos="NN" wid="17">beginning</w>
  <w id="18" lemma="|of|" pos="IN" wid="18">of</w>
  <w id="19" lemma="|the|" pos="DT" wid="19">the</w>
  <w id="20" lemma="|world|" pos="NN" wid="20">world</w>
  <w id="21" lemma="|youth|" pos="NN" wid="21">youth</w>
  <w id="22" lemma="|meeting|" pos="NN" wid="22">meeting</w>
  <w id="23" lemma="|.|" pos="." wid="23">.</w>
</sentence>
<sentence id="14">
  <w id="0" lemma="|many|" pos="JJ" wid="0">Many</w>
  <w id="1" lemma="|have|" pos="VBP" wid="1">have</w>
  <w id="2" lemma="|arrive|" pos="VBN" wid="2">arrived</w>
  <w id="3" lemma="|in|" pos="IN" wid="3">in</w>
  <w id="4" lemma="|recent|" pos="JJ" wid="4">recent</w>
  <w id="5" lemma="|day|" pos="NNS" wid="5">days</w>
  <w id="6" lemma="|,|" pos="," wid="6">,</w>
  <w id="7" lemma="|and|" pos="CC" wid="7">and</w>
  <w id="8" lemma="|this|" pos="DT" wid="8">this</w>
  <w id="9" lemma="|afternoon|" pos="NN" wid="9">afternoon</w>
  <w id="10" lemma="|the|" pos="DT" wid="10">the</w>
  <w id="11" lemma="|official|" pos="JJ" wid="11">official</w>
  <w id="12" lemma="|opening|" pos="NN" wid="12">opening</w>
  <w id="13" lemma="|of|" pos="IN" wid="13">of</w>
  <w id="14" lemma="|the|" pos="DT" wid="14">the</w>
  <w id="15" lemma="|15th|" pos="JJ" wid="15">15th</w>
  <w id="16" lemma="|World|" pos="NNP" wid="16">World</w>
  <w id="17" lemma="|Youth|" pos="NNP" wid="17">Youth</w>
  <w id="18" lemma="|Day|" pos="NNP" wid="18">Day</w>
  <w id="19" lemma="|will|" pos="MD" wid="19">will</w>
  <w id="20" lemma="|take|" pos="VB" wid="20">take</w>
  <w id="21" lemma="|place|" pos="NN" wid="21">place</w>
  <w id="22" lemma="|with|" pos="IN" wid="22">with</w>
  <w id="23" lemma="|the|" pos="DT" wid="23">the</w>
  <w id="24" lemma="|rite|" pos="NN" wid="24">rite</w>
  <w id="25" lemma="|of|" pos="IN" wid="25">of</w>
  <w id="26" lemma="|welcome|" pos="VBG" wid="26">welcoming</w>
  <w id="27" lemma="|,|" pos="," wid="27">,</w>
  <w id="28" lemma="|first|" pos="RB" wid="28">first</w>
  <w id="29" lemma="|at|" pos="IN" wid="29">at</w>
  <w id="30" lemma="|St|" pos="NNP" wid="30">St</w>
  <w id="31" lemma="|John|" pos="NNP" wid="31">John</w>
  <w id="32" lemma="|Lateran|" pos="NNP" wid="32">Lateran</w>
  <w id="33" lemma="|and|" pos="CC" wid="33">and</w>
  <w id="34" lemma="|then|" pos="RB" wid="34">then</w>
  <w id="35" lemma="|in|" pos="IN" wid="35">in</w>
  <w id="36" lemma="|St|" pos="NNP" wid="36">St</w>
  <w id="37" lemma="|Peter|" pos="NNP" wid="37">Peter</w>
  <w id="38" lemma="|'s|" pos="POS" wid="38">'s</w>
  <w id="39" lemma="|Square|" pos="NNP" wid="39">Square</w>
  <w id="40" lemma="|.|" pos="." wid="40">.</w>
</sentence>
<sentence id="15">
  <w id="0" lemma="|I|" pos="PRP" wid="0">I</w>
  <w id="1" lemma="|thank|" pos="VBP" wid="1">thank</w>
  <w id="2" lemma="|the|" pos="DT" wid="2">the</w>
  <w id="3" lemma="|organizer|" pos="NNS" wid="3">organizers</w>
  <w id="4" lemma="|and|" pos="CC" wid="4">and</w>
  <w id="5" lemma="|the|" pos="DT" wid="5">the</w>
  <w id="6" lemma="|many|" pos="JJ" wid="6">many</w>
  <w id="7" lemma="|volunteer|" pos="NNS" wid="7">volunteers</w>
  <w id="8" lemma="|for|" pos="IN" wid="8">for</w>
  <w id="9" lemma="|all|" pos="DT" wid="9">all</w>
  <w id="10" lemma="|they|" pos="PRP" wid="10">they</w>
  <w id="11" lemma="|have|" pos="VBP" wid="11">have</w>
  <w id="12" lemma="|do|" pos="VBN" wid="12">done</w>
  <w id="13" lemma="|and|" pos="CC" wid="13">and</w>
  <w id="14" lemma="|for|" pos="IN" wid="14">for</w>
  <w id="15" lemma="|what|" pos="WP" wid="15">what</w>
  <w id="16" lemma="|they|" pos="PRP" wid="16">they</w>
  <w id="17" lemma="|will|" pos="MD" wid="17">will</w>
  <w id="18" lemma="|do|" pos="VB" wid="18">do</w>
  <w id="19" lemma="|in|" pos="IN" wid="19">in</w>
  <w id="20" lemma="|the|" pos="DT" wid="20">the</w>
  <w id="21" lemma="|come|" pos="VBG" wid="21">coming</w>
  <w id="22" lemma="|day|" pos="NNS" wid="22">days</w>
  <w id="23" lemma="|to|" pos="TO" wid="23">to</w>
  <w id="24" lemma="|ensure|" pos="VB" wid="24">ensure</w>
  <w id="25" lemma="|the|" pos="DT" wid="25">the</w>
  <w id="26" lemma="|success|" pos="NN" wid="26">success</w>
  <w id="27" lemma="|of|" pos="IN" wid="27">of</w>
  <w id="28" lemma="|the|" pos="DT" wid="28">the</w>
  <w id="29" lemma="|Great|" pos="NNP" wid="29">Great</w>
  <w id="30" lemma="|Jubilee|" pos="NNP" wid="30">Jubilee</w>
  <w id="31" lemma="|of|" pos="IN" wid="31">of</w>
  <w id="32" lemma="|Young|" pos="NNP" wid="32">Young</w>
  <w id="33" lemma="|People|" pos="NNP" wid="33">People</w>
  <w id="34" lemma="|.|" pos="." wid="34">.</w>
</sentence>
<sentence id="16">
  <w id="0" lemma="|in|" pos="IN" wid="0">In</w>
  <w id="1" lemma="|particular|" pos="JJ" wid="1">particular</w>
  <w id="2" lemma="|I|" pos="PRP" wid="2">I</w>
  <w id="3" lemma="|thank|" pos="VBP" wid="3">thank</w>
  <w id="4" lemma="|the|" pos="DT" wid="4">the</w>
  <w id="5" lemma="|family|" pos="NNS" wid="5">families</w>
  <w id="6" lemma="|,|" pos="," wid="6">,</w>
  <w id="7" lemma="|parish|" pos="NNS" wid="7">parishes</w>
  <w id="8" lemma="|,|" pos="," wid="8">,</w>
  <w id="9" lemma="|school|" pos="NNS" wid="9">schools</w>
  <w id="10" lemma="|and|" pos="CC" wid="10">and</w>
  <w id="11" lemma="|institutes|" pos="NN" wid="11">institutes</w>
  <w id="12" lemma="|which|" pos="WDT" wid="12">which</w>
  <w id="13" lemma="|have|" pos="VBP" wid="13">have</w>
  <w id="14" lemma="|open|" pos="VBN" wid="14">opened</w>
  <w id="15" lemma="|they|" pos="PRP$" wid="15">their</w>
  <w id="16" lemma="|door|" pos="NNS" wid="16">doors</w>
  <w id="17" lemma="|to|" pos="TO" wid="17">to</w>
  <w id="18" lemma="|offer|" pos="VB" wid="18">offer</w>
  <w id="19" lemma="|hospitality|" pos="NN" wid="19">hospitality</w>
  <w id="20" lemma="|to|" pos="TO" wid="20">to</w>
  <w id="21" lemma="|young|" pos="JJ" wid="21">young</w>
  <w id="22" lemma="|pilgrim|" pos="NNS" wid="22">pilgrims</w>
  <w id="23" lemma="|from|" pos="IN" wid="23">from</w>
  <w id="24" lemma="|every|" pos="DT" wid="24">every</w>
  <w id="25" lemma="|part|" pos="NN" wid="25">part</w>
  <w id="26" lemma="|of|" pos="IN" wid="26">of</w>
  <w id="27" lemma="|the|" pos="DT" wid="27">the</w>
  <w id="28" lemma="|world|" pos="NN" wid="28">world</w>
  <w id="29" lemma="|.|" pos="." wid="29">.</w>
</sentence>
<sentence id="17">
  <w id="0" lemma="|it|" pos="PRP" wid="0">It</w>
  <w id="1" lemma="|can|" pos="MD" wid="1">can</w>
  <w id="2" lemma="|be|" pos="VB" wid="2">be</w>
  <w id="3" lemma="|say|" pos="VBD" wid="3">said</w>
  <w id="4" lemma="|that|" pos="IN" wid="4">that</w>
  <w id="5" lemma="|from|" pos="IN" wid="5">from</w>
  <w id="6" lemma="|today|" pos="NN" wid="6">today</w>
  <w id="7" lemma="|until|" pos="IN" wid="7">until</w>
  <w id="8" lemma="|next|" pos="JJ" wid="8">next</w>
  <w id="9" lemma="|Sunday|" pos="NNP" wid="9">Sunday</w>
  <w id="10" lemma="|,|" pos="," wid="10">,</w>
  <w id="11" lemma="|Rome|" pos="NNP" wid="11">Rome</w>
  <w id="12" lemma="|will|" pos="MD" wid="12">will</w>
  <w id="13" lemma="|be|" pos="VB" wid="13">be</w>
  <w id="14" lemma="|the|" pos="DT" wid="14">the</w>
  <w id="15" lemma="|youth|" pos="NN" wid="15">youth</w>
  <w id="16" lemma="|capital|" pos="NN" wid="16">capital</w>
  <w id="17" lemma="|of|" pos="IN" wid="17">of</w>
  <w id="18" lemma="|the|" pos="DT" wid="18">the</w>
  <w id="19" lemma="|world|" pos="NN" wid="19">world</w>
  <w id="20" lemma="|!|" pos="." wid="20">!</w>
</sentence>
<sentence id="18">
  <w id="0" lemma="|3|" pos="LS" wid="0">3</w>
  <w id="1" lemma="|.|" pos="." wid="1">.</w>
</sentence>
<sentence id="19">
  <w id="0" lemma="|let|" pos="VB" wid="0">Let</w>
  <w id="1" lemma="|we|" pos="PRP" wid="1">us</w>
  <w id="2" lemma="|invoke|" pos="VB" wid="2">invoke</w>
  <w id="3" lemma="|upon|" pos="IN" wid="3">upon</w>
  <w id="4" lemma="|this|" pos="DT" wid="4">this</w>
  <w id="5" lemma="|Jubilee|" pos="NNP" wid="5">Jubilee</w>
  <w id="6" lemma="|event|" pos="NN" wid="6">event</w>
  <w id="7" lemma="|the|" pos="DT" wid="7">the</w>
  <w id="8" lemma="|motherly|" pos="JJ" wid="8">motherly</w>
  <w id="9" lemma="|protection|" pos="NN" wid="9">protection</w>
  <w id="10" lemma="|of|" pos="IN" wid="10">of</w>
  <w id="11" lemma="|the|" pos="DT" wid="11">the</w>
  <w id="12" lemma="|Blessed|" pos="NNP" wid="12">Blessed</w>
  <w id="13" lemma="|Virgin|" pos="NNP" wid="13">Virgin</w>
  <w id="14" lemma="|.|" pos="." wid="14">.</w>
</sentence>
<sentence id="20">
  <w id="0" lemma="|we|" pos="PRP" wid="0">We</w>
  <w id="1" lemma="|invoke|" pos="VBP" wid="1">invoke</w>
  <w id="2" lemma="|she|" pos="PRP" wid="2">her</w>
  <w id="3" lemma="|,|" pos="," wid="3">,</w>
  <w id="4" lemma="|count|" pos="VBG" wid="4">counting</w>
  <w id="5" lemma="|on|" pos="IN" wid="5">on</w>
  <w id="6" lemma="|the|" pos="DT" wid="6">the</w>
  <w id="7" lemma="|intercession|" pos="NN" wid="7">intercession</w>
  <w id="8" lemma="|of|" pos="IN" wid="8">of</w>
  <w id="9" lemma="|St|" pos="NNP" wid="9">St</w>
  <w id="10" lemma="|Maximilian|" pos="NNP" wid="10">Maximilian</w>
  <w id="11" lemma="|Mary|" pos="NNP" wid="11">Mary</w>
  <w id="12" lemma="|Kolbe|" pos="NNP" wid="12">Kolbe</w>
  <w id="13" lemma="|,|" pos="," wid="13">,</w>
  <w id="14" lemma="|priest|" pos="NN" wid="14">priest</w>
  <w id="15" lemma="|and|" pos="CC" wid="15">and</w>
  <w id="16" lemma="|martyr|" pos="NN" wid="16">martyr</w>
  <w id="17" lemma="|,|" pos="," wid="17">,</w>
  <w id="18" lemma="|whose|" pos="WP$" wid="18">whose</w>
  <w id="19" lemma="|memorial|" pos="NN" wid="19">memorial</w>
  <w id="20" lemma="|we|" pos="PRP" wid="20">we</w>
  <w id="21" lemma="|celebrate|" pos="VBD" wid="21">celebrated</w>
  <w id="22" lemma="|yesterday|" pos="NN" wid="22">yesterday</w>
  <w id="23" lemma="|.|" pos="." wid="23">.</w>
</sentence>
<sentence id="21">
  <w id="0" lemma="|May|" pos="NNP" wid="0">May</w>
  <w id="1" lemma="|the|" pos="DT" wid="1">the</w>
  <w id="2" lemma="|Queen|" pos="NNP" wid="2">Queen</w>
  <w id="3" lemma="|of|" pos="IN" wid="3">of</w>
  <w id="4" lemma="|Heaven|" pos="NNP" wid="4">Heaven</w>
  <w id="5" lemma="|,|" pos="," wid="5">,</w>
  <w id="6" lemma="|whom|" pos="WP" wid="6">whom</w>
  <w id="7" lemma="|he|" pos="PRP" wid="7">he</w>
  <w id="8" lemma="|so|" pos="RB" wid="8">so</w>
  <w id="9" lemma="|love|" pos="VBD" wid="9">loved</w>
  <w id="10" lemma="|,|" pos="," wid="10">,</w>
  <w id="11" lemma="|continue|" pos="VBP" wid="11">continue</w>
  <w id="12" lemma="|to|" pos="TO" wid="12">to</w>
  <w id="13" lemma="|guide|" pos="VB" wid="13">guide</w>
  <w id="14" lemma="|the|" pos="DT" wid="14">the</w>
  <w id="15" lemma="|earthly|" pos="JJ" wid="15">earthly</w>
  <w id="16" lemma="|path|" pos="NN" wid="16">path</w>
  <w id="17" lemma="|of|" pos="IN" wid="17">of</w>
  <w id="18" lemma="|she|" pos="PRP$" wid="18">her</w>
  <w id="19" lemma="|child|" pos="NNS" wid="19">children</w>
  <w id="20" lemma="|,|" pos="," wid="20">,</w>
  <w id="21" lemma="|especially|" pos="RB" wid="21">especially</w>
  <w id="22" lemma="|that|" pos="DT" wid="22">that</w>
  <w id="23" lemma="|of|" pos="IN" wid="23">of</w>
  <w id="24" lemma="|the|" pos="DT" wid="24">the</w>
  <w id="25" lemma="|new|" pos="JJ" wid="25">new</w>
  <w id="26" lemma="|generation|" pos="NNS" wid="26">generations</w>
  <w id="27" lemma="|,|" pos="," wid="27">,</w>
  <w id="28" lemma="|and|" pos="CC" wid="28">and</w>
  <w id="29" lemma="|remind|" pos="VB" wid="29">remind</w>
  <w id="30" lemma="|everyone|" pos="NN" wid="30">everyone</w>
  <w id="31" lemma="|of|" pos="IN" wid="31">of</w>
  <w id="32" lemma="|the|" pos="DT" wid="32">the</w>
  <w id="33" lemma="|glorious|" pos="JJ" wid="33">glorious</w>
  <w id="34" lemma="|goal|" pos="NN" wid="34">goal</w>
  <w id="35" lemma="|where|" pos="WRB" wid="35">where</w>
  <w id="36" lemma="|she|" pos="PRP" wid="36">she</w>
  <w id="37" lemma="|have|" pos="VBZ" wid="37">has</w>
  <w id="38" lemma="|precede|" pos="VBN" wid="38">preceded</w>
  <w id="39" lemma="|we|" pos="PRP" wid="39">us</w>
  <w id="40" lemma="|and|" pos="CC" wid="40">and</w>
  <w id="41" lemma="|await|" pos="VBZ" wid="41">awaits</w>
  <w id="42" lemma="|we|" pos="PRP" wid="42">us</w>
  <w id="43" lemma="|.|" pos="." wid="43">.</w>
</sentence>
<sentence id="22">
  <w id="0" lemma="|after|" pos="IN" wid="0">After</w>
  <w id="1" lemma="|pray|" pos="VBG" wid="1">praying</w>
  <w id="2" lemma="|the|" pos="DT" wid="2">the</w>
  <w id="3" lemma="|Angelus|" pos="NNP" wid="3">Angelus</w>
  <w id="4" lemma="|,|" pos="," wid="4">,</w>
  <w id="5" lemma="|the|" pos="DT" wid="5">the</w>
  <w id="6" lemma="|Holy|" pos="NNP" wid="6">Holy</w>
  <w id="7" lemma="|Father|" pos="NNP" wid="7">Father</w>
  <w id="8" lemma="|greet|" pos="VBD" wid="8">greeted</w>
  <w id="9" lemma="|the|" pos="DT" wid="9">the</w>
  <w id="10" lemma="|pilgrim|" pos="NNS" wid="10">pilgrims</w>
  <w id="11" lemma="|and|" pos="CC" wid="11">and</w>
  <w id="12" lemma="|visitor|" pos="NNS" wid="12">visitors</w>
  <w id="13" lemma="|in|" pos="IN" wid="13">in</w>
  <w id="14" lemma="|various|" pos="JJ" wid="14">various</w>
  <w id="15" lemma="|language|" pos="NNS" wid="15">languages</w>
  <w id="16" lemma="|:|" pos=":" wid="16">:</w>
  <w id="17" lemma="|Dear|" pos="NNP" wid="17">Dear</w>
  <w id="18" lemma="|english-speaking|" pos="JJ" wid="18">English-speaking</w>
  <w id="19" lemma="|pilgrim|" pos="NNS" wid="19">pilgrims</w>
  <w id="20" lemma="|:|" pos=":" wid="20">:</w>
  <w id="21" lemma="|Mary|" pos="NNP" wid="21">Mary</w>
  <w id="22" lemma="|'s|" pos="POS" wid="22">'s</w>
  <w id="23" lemma="|assumption|" pos="NN" wid="23">Assumption</w>
  <w id="24" lemma="|into|" pos="IN" wid="24">into</w>
  <w id="25" lemma="|heaven|" pos="NN" wid="25">heaven</w>
  <w id="26" lemma="|speak|" pos="VBZ" wid="26">speaks</w>
  <w id="27" lemma="|to|" pos="TO" wid="27">to</w>
  <w id="28" lemma="|we|" pos="PRP" wid="28">us</w>
  <w id="29" lemma="|of|" pos="IN" wid="29">of</w>
  <w id="30" lemma="|the|" pos="DT" wid="30">the</w>
  <w id="31" lemma="|great|" pos="JJ" wid="31">great</w>
  <w id="32" lemma="|hope|" pos="NN" wid="32">hope</w>
  <w id="33" lemma="|which|" pos="WDT" wid="33">which</w>
  <w id="34" lemma="|sustain|" pos="VBZ" wid="34">sustains</w>
  <w id="35" lemma="|all|" pos="DT" wid="35">all</w>
  <w id="36" lemma="|Christian|" pos="NNP" wid="36">Christian</w>
  <w id="37" lemma="|heart|" pos="NNS" wid="37">hearts</w>
  <w id="38" lemma="|-|" pos=":" wid="38">-</w>
  <w id="39" lemma="|that|" pos="IN" wid="39">that</w>
  <w id="40" lemma="|one|" pos="CD" wid="40">one</w>
  <w id="41" lemma="|day|" pos="NN" wid="41">day</w>
  <w id="42" lemma="|we|" pos="PRP" wid="42">we</w>
  <w id="43" lemma="|will|" pos="MD" wid="43">will</w>
  <w id="44" lemma="|be|" pos="VB" wid="44">be</w>
  <w id="45" lemma="|with|" pos="IN" wid="45">with</w>
  <w id="46" lemma="|she|" pos="PRP" wid="46">her</w>
  <w id="47" lemma="|in|" pos="IN" wid="47">in</w>
  <w id="48" lemma="|the|" pos="DT" wid="48">the</w>
  <w id="49" lemma="|kingdom|" pos="NN" wid="49">kingdom</w>
  <w id="50" lemma="|of|" pos="IN" wid="50">of</w>
  <w id="51" lemma="|she|" pos="PRP$" wid="51">her</w>
  <w id="52" lemma="|Son|" pos="NNP" wid="52">Son</w>
  <w id="53" lemma="|,|" pos="," wid="53">,</w>
  <w id="54" lemma="|Our|" pos="NNP" wid="54">Our</w>
  <w id="55" lemma="|Lord|" pos="NNP" wid="55">Lord</w>
  <w id="56" lemma="|Jesus|" pos="NNP" wid="56">Jesus</w>
  <w id="57" lemma="|Christ|" pos="NNP" wid="57">Christ</w>
  <w id="58" lemma="|.|" pos="." wid="58">.</w>
</sentence>
<sentence id="23">
  <w id="0" lemma="|May|" pos="NNP" wid="0">May</w>
  <w id="1" lemma="|the|" pos="DT" wid="1">the</w>
  <w id="2" lemma="|Blessed|" pos="NNP" wid="2">Blessed</w>
  <w id="3" lemma="|Mother|" pos="NNP" wid="3">Mother</w>
  <w id="4" lemma="|'s|" pos="POS" wid="4">'s</w>
  <w id="5" lemma="|intercession|" pos="NN" wid="5">intercession</w>
  <w id="6" lemma="|strengthen|" pos="VB" wid="6">strengthen</w>
  <w id="7" lemma="|we|" pos="PRP$" wid="7">our</w>
  <w id="8" lemma="|faith|" pos="NN" wid="8">faith</w>
  <w id="9" lemma="|and|" pos="CC" wid="9">and</w>
  <w id="10" lemma="|love|" pos="NN" wid="10">love</w>
  <w id="11" lemma="|as|" pos="IN" wid="11">as</w>
  <w id="12" lemma="|we|" pos="PRP" wid="12">we</w>
  <w id="13" lemma="|journey|" pos="NN" wid="13">journey</w>
  <w id="14" lemma="|on|" pos="IN" wid="14">on</w>
  <w id="15" lemma="|to|" pos="TO" wid="15">to</w>
  <w id="16" lemma="|we|" pos="PRP$" wid="16">our</w>
  <w id="17" lemma="|eternal|" pos="JJ" wid="17">eternal</w>
  <w id="18" lemma="|destiny|" pos="NN" wid="18">destiny</w>
  <w id="19" lemma="|.|" pos="." wid="19">.</w>
</sentence>
<sentence id="24">
  <w id="0" lemma="|I|" pos="PRP" wid="0">I</w>
  <w id="1" lemma="|commend|" pos="VBP" wid="1">commend</w>
  <w id="2" lemma="|you|" pos="PRP" wid="2">you</w>
  <w id="3" lemma="|and|" pos="CC" wid="3">and</w>
  <w id="4" lemma="|you|" pos="PRP$" wid="4">your</w>
  <w id="5" lemma="|family|" pos="NNS" wid="5">families</w>
  <w id="6" lemma="|to|" pos="TO" wid="6">to</w>
  <w id="7" lemma="|the|" pos="DT" wid="7">the</w>
  <w id="8" lemma="|powerful|" pos="JJ" wid="8">powerful</w>
  <w id="9" lemma="|protection|" pos="NN" wid="9">protection</w>
  <w id="10" lemma="|of|" pos="IN" wid="10">of</w>
  <w id="11" lemma="|the|" pos="DT" wid="11">the</w>
  <w id="12" lemma="|Queen|" pos="NNP" wid="12">Queen</w>
  <w id="13" lemma="|of|" pos="IN" wid="13">of</w>
  <w id="14" lemma="|Heaven|" pos="NNP" wid="14">Heaven</w>
  <w id="15" lemma="|.|" pos="." wid="15">.</w>
</sentence>
<sentence id="25">
  <w id="0" lemma="|Dear|" pos="NNP" wid="0">Dear</w>
  <w id="1" lemma="|french-speaking|" pos="JJ" wid="1">French-speaking</w>
  <w id="2" lemma="|pilgrim|" pos="NNS" wid="2">pilgrims</w>
  <w id="3" lemma="|,|" pos="," wid="3">,</w>
  <w id="4" lemma="|welcome|" pos="RB" wid="4">welcome</w>
  <w id="5" lemma="|on|" pos="IN" wid="5">on</w>
  <w id="6" lemma="|this|" pos="DT" wid="6">this</w>
  <w id="7" lemma="|feast|" pos="NN" wid="7">feast</w>
  <w id="8" lemma="|of|" pos="IN" wid="8">of</w>
  <w id="9" lemma="|the|" pos="DT" wid="9">the</w>
  <w id="10" lemma="|assumption|" pos="NN" wid="10">Assumption</w>
  <w id="11" lemma="|!|" pos="." wid="11">!</w>
</sentence>
<sentence id="26">
  <w id="0" lemma="|May|" pos="NNP" wid="0">May</w>
  <w id="1" lemma="|the|" pos="DT" wid="1">the</w>
  <w id="2" lemma="|Blessed|" pos="NNP" wid="2">Blessed</w>
  <w id="3" lemma="|Virgin|" pos="NNP" wid="3">Virgin</w>
  <w id="4" lemma="|Mary|" pos="NNP" wid="4">Mary</w>
  <w id="5" lemma="|help|" pos="VB" wid="5">help</w>
  <w id="6" lemma="|you|" pos="PRP" wid="6">you</w>
  <w id="7" lemma="|welcome|" pos="VB" wid="7">welcome</w>
  <w id="8" lemma="|Christ|" pos="NNP" wid="8">Christ</w>
  <w id="9" lemma="|into|" pos="IN" wid="9">into</w>
  <w id="10" lemma="|you|" pos="PRP$" wid="10">your</w>
  <w id="11" lemma="|life|" pos="NN" wid="11">life</w>
  <w id="12" lemma="|each|" pos="DT" wid="12">each</w>
  <w id="13" lemma="|day|" pos="NN" wid="13">day</w>
  <w id="14" lemma="|,|" pos="," wid="14">,</w>
  <w id="15" lemma="|as|" pos="IN" wid="15">as</w>
  <w id="16" lemma="|she|" pos="PRP" wid="16">she</w>
  <w id="17" lemma="|be|" pos="VBD" wid="17">was</w>
  <w id="18" lemma="|able|" pos="JJ" wid="18">able</w>
  <w id="19" lemma="|to|" pos="TO" wid="19">to</w>
  <w id="20" lemma="|do|" pos="VB" wid="20">do</w>
  <w id="21" lemma="|so|" pos="RB" wid="21">so</w>
  <w id="22" lemma="|well|" pos="RB" wid="22">well</w>
  <w id="23" lemma="|,|" pos="," wid="23">,</w>
  <w id="24" lemma="|and|" pos="CC" wid="24">and</w>
  <w id="25" lemma="|to|" pos="TO" wid="25">to</w>
  <w id="26" lemma="|serve|" pos="VB" wid="26">serve</w>
  <w id="27" lemma="|other|" pos="NNS" wid="27">others</w>
  <w id="28" lemma="|!|" pos="." wid="28">!</w>
</sentence>
<sentence id="27">
  <w id="0" lemma="|pray|" pos="VB" wid="0">Pray</w>
  <w id="1" lemma="|for|" pos="IN" wid="1">for</w>
  <w id="2" lemma="|the|" pos="DT" wid="2">the</w>
  <w id="3" lemma="|many|" pos="JJ" wid="3">many</w>
  <w id="4" lemma="|young|" pos="JJ" wid="4">young</w>
  <w id="5" lemma="|people|" pos="NNS" wid="5">people</w>
  <w id="6" lemma="|gather|" pos="VBN" wid="6">gathered</w>
  <w id="7" lemma="|in|" pos="IN" wid="7">in</w>
  <w id="8" lemma="|Rome|" pos="NNP" wid="8">Rome</w>
  <w id="9" lemma="|for|" pos="IN" wid="9">for</w>
  <w id="10" lemma="|they|" pos="PRP$" wid="10">their</w>
  <w id="11" lemma="|World|" pos="NNP" wid="11">World</w>
  <w id="12" lemma="|Day|" pos="NNP" wid="12">Day</w>
  <w id="13" lemma="|at|" pos="IN" wid="13">at</w>
  <w id="14" lemma="|this|" pos="DT" wid="14">this</w>
  <w id="15" lemma="|time|" pos="NN" wid="15">time</w>
  <w id="16" lemma="|.|" pos="." wid="16">.</w>
</sentence>
<sentence id="28">
  <w id="0" lemma="|I|" pos="PRP" wid="0">I</w>
  <w id="1" lemma="|wholeheartedly|" pos="RB" wid="1">wholeheartedly</w>
  <w id="2" lemma="|bless|" pos="VBP" wid="2">bless</w>
  <w id="3" lemma="|you|" pos="PRP" wid="3">you</w>
  <w id="4" lemma="|all|" pos="DT" wid="4">all</w>
  <w id="5" lemma="|.|" pos="." wid="5">.</w>
</sentence>
<sentence id="29">
  <w id="0" lemma="|I|" pos="PRP" wid="0">I</w>
  <w id="1" lemma="|now|" pos="RB" wid="1">now</w>
  <w id="2" lemma="|cordially|" pos="RB" wid="2">cordially</w>
  <w id="3" lemma="|greet|" pos="VB" wid="3">greet</w>
  <w id="4" lemma="|the|" pos="DT" wid="4">the</w>
  <w id="5" lemma="|spanish-speaking|" pos="JJ" wid="5">Spanish-speaking</w>
  <w id="6" lemma="|pilgrim|" pos="NNS" wid="6">pilgrims</w>
  <w id="7" lemma="|present|" pos="VBP" wid="7">present</w>
  <w id="8" lemma="|here|" pos="RB" wid="8">here</w>
  <w id="9" lemma="|,|" pos="," wid="9">,</w>
  <w id="10" lemma="|as|" pos="RB" wid="10">as</w>
  <w id="11" lemma="|well|" pos="RB" wid="11">well</w>
  <w id="12" lemma="|as|" pos="IN" wid="12">as</w>
  <w id="13" lemma="|those|" pos="DT" wid="13">those</w>
  <w id="14" lemma="|who|" pos="WP" wid="14">who</w>
  <w id="15" lemma="|have|" pos="VBP" wid="15">have</w>
  <w id="16" lemma="|join|" pos="VBN" wid="16">joined</w>
  <w id="17" lemma="|in|" pos="IN" wid="17">in</w>
  <w id="18" lemma="|this|" pos="DT" wid="18">this</w>
  <w id="19" lemma="|Marian|" pos="NNP" wid="19">Marian</w>
  <w id="20" lemma="|prayer|" pos="NN" wid="20">prayer</w>
  <w id="21" lemma="|of|" pos="IN" wid="21">of</w>
  <w id="22" lemma="|the|" pos="DT" wid="22">the</w>
  <w id="23" lemma="|angelus|" pos="NN" wid="23">Angelus</w>
  <w id="24" lemma="|by|" pos="IN" wid="24">by</w>
  <w id="25" lemma="|radio|" pos="NN" wid="25">radio</w>
  <w id="26" lemma="|or|" pos="CC" wid="26">or</w>
  <w id="27" lemma="|television|" pos="NN" wid="27">television</w>
  <w id="28" lemma="|.|" pos="." wid="28">.</w>
</sentence>
<sentence id="30">
  <w id="0" lemma="|the|" pos="DT" wid="0">The</w>
  <w id="1" lemma="|World|" pos="NNP" wid="1">World</w>
  <w id="2" lemma="|Youth|" pos="NNP" wid="2">Youth</w>
  <w id="3" lemma="|Day|" pos="NNP" wid="3">Day</w>
  <w id="4" lemma="|begin|" pos="VBZ" wid="4">begins</w>
  <w id="5" lemma="|today|" pos="NN" wid="5">today</w>
  <w id="6" lemma="|,|" pos="," wid="6">,</w>
  <w id="7" lemma="|the|" pos="DT" wid="7">the</w>
  <w id="8" lemma="|solemnity|" pos="NN" wid="8">Solemnity</w>
  <w id="9" lemma="|of|" pos="IN" wid="9">of</w>
  <w id="10" lemma="|the|" pos="DT" wid="10">the</w>
  <w id="11" lemma="|assumption|" pos="NN" wid="11">Assumption</w>
  <w id="12" lemma="|of|" pos="IN" wid="12">of</w>
  <w id="13" lemma="|the|" pos="DT" wid="13">the</w>
  <w id="14" lemma="|Blessed|" pos="NNP" wid="14">Blessed</w>
  <w id="15" lemma="|Virgin|" pos="NNP" wid="15">Virgin</w>
  <w id="16" lemma="|Mary|" pos="NNP" wid="16">Mary</w>
  <w id="17" lemma="|.|" pos="." wid="17">.</w>
</sentence>
<sentence id="31">
  <w id="0" lemma="|I|" pos="PRP" wid="0">I</w>
  <w id="1" lemma="|especially|" pos="RB" wid="1">especially</w>
  <w id="2" lemma="|entrust|" pos="VB" wid="2">entrust</w>
  <w id="3" lemma="|to|" pos="TO" wid="3">to</w>
  <w id="4" lemma="|Our|" pos="NNP" wid="4">Our</w>
  <w id="5" lemma="|Lady|" pos="NNP" wid="5">Lady</w>
  <w id="6" lemma="|and|" pos="CC" wid="6">and</w>
  <w id="7" lemma="|Mother|" pos="NNP" wid="7">Mother</w>
  <w id="8" lemma="|each|" pos="DT" wid="8">each</w>
  <w id="9" lemma="|and|" pos="CC" wid="9">and</w>
  <w id="10" lemma="|every|" pos="DT" wid="10">every</w>
  <w id="11" lemma="|one|" pos="CD" wid="11">one</w>
  <w id="12" lemma="|of|" pos="IN" wid="12">of</w>
  <w id="13" lemma="|the|" pos="DT" wid="13">the</w>
  <w id="14" lemma="|young|" pos="JJ" wid="14">young</w>
  <w id="15" lemma="|people|" pos="NNS" wid="15">people</w>
  <w id="16" lemma="|who|" pos="WP" wid="16">who</w>
  <w id="17" lemma="|have|" pos="VBP" wid="17">have</w>
  <w id="18" lemma="|come|" pos="VBN" wid="18">come</w>
  <w id="19" lemma="|to|" pos="TO" wid="19">to</w>
  <w id="20" lemma="|Rome|" pos="NNP" wid="20">Rome</w>
  <w id="21" lemma="|from|" pos="IN" wid="21">from</w>
  <w id="22" lemma="|Latin|" pos="NNP" wid="22">Latin</w>
  <w id="23" lemma="|America|" pos="NNP" wid="23">America</w>
  <w id="24" lemma="|and|" pos="CC" wid="24">and</w>
  <w id="25" lemma="|Spain|" pos="NNP" wid="25">Spain</w>
  <w id="26" lemma="|for|" pos="IN" wid="26">for</w>
  <w id="27" lemma="|this|" pos="DT" wid="27">this</w>
  <w id="28" lemma="|great|" pos="JJ" wid="28">great</w>
  <w id="29" lemma="|meeting|" pos="NN" wid="29">meeting</w>
  <w id="30" lemma="|,|" pos="," wid="30">,</w>
  <w id="31" lemma="|as|" pos="IN" wid="31">as</w>
  <w id="32" lemma="|I|" pos="PRP" wid="32">I</w>
  <w id="33" lemma="|affectionately|" pos="RB" wid="33">affectionately</w>
  <w id="34" lemma="|impart|" pos="VBP" wid="34">impart</w>
  <w id="35" lemma="|my|" pos="PRP$" wid="35">my</w>
  <w id="36" lemma="|apostolic|" pos="JJ" wid="36">Apostolic</w>
  <w id="37" lemma="|blessing|" pos="NN" wid="37">Blessing</w>
  <w id="38" lemma="|to|" pos="TO" wid="38">to</w>
  <w id="39" lemma="|you|" pos="PRP" wid="39">you</w>
  <w id="40" lemma="|and|" pos="CC" wid="40">and</w>
  <w id="41" lemma="|you|" pos="PRP$" wid="41">your</w>
  <w id="42" lemma="|family|" pos="NNS" wid="42">families</w>
  <w id="43" lemma="|.|" pos="." wid="43">.</w>
</sentence>
<sentence id="32">
  <w id="0" lemma="|Dear|" pos="NNP" wid="0">Dear</w>
  <w id="1" lemma="|pilgrim|" pos="NNS" wid="1">pilgrims</w>
  <w id="2" lemma="|from|" pos="IN" wid="2">from</w>
  <w id="3" lemma="|german-speaking|" pos="JJ" wid="3">German-speaking</w>
  <w id="4" lemma="|country|" pos="NNS" wid="4">countries</w>
  <w id="5" lemma="|,|" pos="," wid="5">,</w>
  <w id="6" lemma="|I|" pos="PRP" wid="6">I</w>
  <w id="7" lemma="|be|" pos="VBP" wid="7">am</w>
  <w id="8" lemma="|very|" pos="RB" wid="8">very</w>
  <w id="9" lemma="|pleased|" pos="JJ" wid="9">pleased</w>
  <w id="10" lemma="|that|" pos="IN" wid="10">that</w>
  <w id="11" lemma="|you|" pos="PRP" wid="11">you</w>
  <w id="12" lemma="|have|" pos="VBP" wid="12">have</w>
  <w id="13" lemma="|come|" pos="VBN" wid="13">come</w>
  <w id="14" lemma="|to|" pos="TO" wid="14">to</w>
  <w id="15" lemma="|my|" pos="PRP$" wid="15">my</w>
  <w id="16" lemma="|summer|" pos="NN" wid="16">summer</w>
  <w id="17" lemma="|residence|" pos="NN" wid="17">residence</w>
  <w id="18" lemma="|to|" pos="TO" wid="18">to</w>
  <w id="19" lemma="|honour|" pos="VB" wid="19">honour</w>
  <w id="20" lemma="|Mary|" pos="NNP" wid="20">Mary</w>
  <w id="21" lemma="|.|" pos="." wid="21">.</w>
</sentence>
<sentence id="33">
  <w id="0" lemma="|today|" pos="NN" wid="0">Today</w>
  <w id="1" lemma="|be|" pos="VBZ" wid="1">is</w>
  <w id="2" lemma="|she|" pos="PRP$" wid="2">her</w>
  <w id="3" lemma="|feast|" pos="JJ" wid="3">feast</w>
  <w id="4" lemma="|day|" pos="NN" wid="4">day</w>
  <w id="5" lemma="|,|" pos="," wid="5">,</w>
  <w id="6" lemma="|the|" pos="DT" wid="6">the</w>
  <w id="7" lemma="|``|" pos="``" wid="7">``</w>
  <w id="8" lemma="|Great|" pos="NNP" wid="8">Great</w>
  <w id="9" lemma="|Women|" pos="NNP" wid="9">Women</w>
  <w id="10" lemma="|'s|" pos="POS" wid="10">'s</w>
  <w id="11" lemma="|day|" pos="NN" wid="11">Day</w>
  <w id="12" lemma="|''|" pos="''" wid="12">''</w>
  <w id="13" lemma="|!|" pos="." wid="13">!</w>
</sentence>
<sentence id="34">
  <w id="0" lemma="|what|" pos="WP" wid="0">What</w>
  <w id="1" lemma="|in|" pos="IN" wid="1">in</w>
  <w id="2" lemma="|salvation|" pos="NN" wid="2">salvation</w>
  <w id="3" lemma="|history|" pos="NN" wid="3">history</w>
  <w id="4" lemma="|happen|" pos="VBD" wid="4">happened</w>
  <w id="5" lemma="|to|" pos="TO" wid="5">to</w>
  <w id="6" lemma="|the|" pos="DT" wid="6">the</w>
  <w id="7" lemma="|``|" pos="``" wid="7">``</w>
  <w id="8" lemma="|great|" pos="JJ" wid="8">great</w>
  <w id="9" lemma="|woman|" pos="NN" wid="9">woman</w>
  <w id="10" lemma="|''|" pos="''" wid="10">''</w>
  <w id="11" lemma="|be|" pos="VBZ" wid="11">is</w>
  <w id="12" lemma="|also|" pos="RB" wid="12">also</w>
  <w id="13" lemma="|we|" pos="PRP$" wid="13">our</w>
  <w id="14" lemma="|hope|" pos="NN" wid="14">hope</w>
  <w id="15" lemma="|:|" pos=":" wid="15">:</w>
  <w id="16" lemma="|at|" pos="IN" wid="16">at</w>
  <w id="17" lemma="|the|" pos="DT" wid="17">the</w>
  <w id="18" lemma="|end|" pos="NN" wid="18">end</w>
  <w id="19" lemma="|of|" pos="IN" wid="19">of</w>
  <w id="20" lemma="|time|" pos="NN" wid="20">time</w>
  <w id="21" lemma="|,|" pos="," wid="21">,</w>
  <w id="22" lemma="|to|" pos="TO" wid="22">to</w>
  <w id="23" lemma="|live|" pos="VB" wid="23">live</w>
  <w id="24" lemma="|with|" pos="IN" wid="24">with</w>
  <w id="25" lemma="|Christ|" pos="NNP" wid="25">Christ</w>
  <w id="26" lemma="|entirely|" pos="RB" wid="26">entirely</w>
  <w id="27" lemma="|-|" pos=":" wid="27">-</w>
  <w id="28" lemma="|in|" pos="IN" wid="28">in</w>
  <w id="29" lemma="|body|" pos="NN" wid="29">body</w>
  <w id="30" lemma="|and|" pos="CC" wid="30">and</w>
  <w id="31" lemma="|soul|" pos="NN" wid="31">soul</w>
  <w id="32" lemma="|.|" pos="." wid="32">.</w>
</sentence>
<sentence id="35">
  <w id="0" lemma="|I|" pos="PRP" wid="0">I</w>
  <w id="1" lemma="|gladly|" pos="RB" wid="1">gladly</w>
  <w id="2" lemma="|impart|" pos="VBP" wid="2">impart</w>
  <w id="3" lemma="|my|" pos="PRP$" wid="3">my</w>
  <w id="4" lemma="|apostolic|" pos="JJ" wid="4">Apostolic</w>
  <w id="5" lemma="|blessing|" pos="NN" wid="5">Blessing</w>
  <w id="6" lemma="|to|" pos="TO" wid="6">to</w>
  <w id="7" lemma="|you|" pos="PRP" wid="7">you</w>
  <w id="8" lemma="|!|" pos="." wid="8">!</w>
</sentence>
<sentence id="36">
  <w id="0" lemma="|my|" pos="PRP$" wid="0">My</w>
  <w id="1" lemma="|affectionate|" pos="JJ" wid="1">affectionate</w>
  <w id="2" lemma="|greet|" pos="VBG" wid="2">greeting</w>
  <w id="3" lemma="|also|" pos="RB" wid="3">also</w>
  <w id="4" lemma="|go|" pos="VBZ" wid="4">goes</w>
  <w id="5" lemma="|to|" pos="TO" wid="5">to</w>
  <w id="6" lemma="|all|" pos="PDT" wid="6">all</w>
  <w id="7" lemma="|the|" pos="DT" wid="7">the</w>
  <w id="8" lemma="|portuguese-speaking|" pos="JJ" wid="8">Portuguese-speaking</w>
  <w id="9" lemma="|people|" pos="NNS" wid="9">people</w>
  <w id="10" lemma="|here|" pos="RB" wid="10">here</w>
  <w id="11" lemma="|:|" pos=":" wid="11">:</w>
  <w id="12" lemma="|May|" pos="NNP" wid="12">May</w>
  <w id="13" lemma="|you|" pos="PRP$" wid="13">your</w>
  <w id="14" lemma="|earthly|" pos="JJ" wid="14">earthly</w>
  <w id="15" lemma="|pilgrimage|" pos="NN" wid="15">pilgrimage</w>
  <w id="16" lemma="|always|" pos="RB" wid="16">always</w>
  <w id="17" lemma="|follow|" pos="VBP" wid="17">follow</w>
  <w id="18" lemma="|the|" pos="DT" wid="18">the</w>
  <w id="19" lemma="|shine|" pos="VBG" wid="19">shining</w>
  <w id="20" lemma="|path|" pos="NN" wid="20">path</w>
  <w id="21" lemma="|of|" pos="IN" wid="21">of</w>
  <w id="22" lemma="|we|" pos="PRP$" wid="22">Our</w>
  <w id="23" lemma="|lady|" pos="NN" wid="23">Lady</w>
  <w id="24" lemma="|of|" pos="IN" wid="24">of</w>
  <w id="25" lemma="|the|" pos="DT" wid="25">the</w>
  <w id="26" lemma="|assumption|" pos="NN" wid="26">Assumption</w>
  <w id="27" lemma="|!|" pos="." wid="27">!</w>
</sentence>
<sentence id="37">
  <w id="0" lemma="|in|" pos="IN" wid="0">In</w>
  <w id="1" lemma="|give|" pos="VBG" wid="1">giving</w>
  <w id="2" lemma="|we|" pos="PRP" wid="2">us</w>
  <w id="3" lemma="|Jesus|" pos="NNP" wid="3">Jesus</w>
  <w id="4" lemma="|,|" pos="," wid="4">,</w>
  <w id="5" lemma="|she|" pos="PRP" wid="5">she</w>
  <w id="6" lemma="|be|" pos="VBD" wid="6">was</w>
  <w id="7" lemma="|place|" pos="VBN" wid="7">placed</w>
  <w id="8" lemma="|where|" pos="WRB" wid="8">where</w>
  <w id="9" lemma="|everyone|" pos="NN" wid="9">everyone</w>
  <w id="10" lemma="|could|" pos="MD" wid="10">could</w>
  <w id="11" lemma="|see|" pos="VB" wid="11">see</w>
  <w id="12" lemma="|she|" pos="PRP" wid="12">her</w>
  <w id="13" lemma="|as|" pos="IN" wid="13">as</w>
  <w id="14" lemma="|the|" pos="DT" wid="14">the</w>
  <w id="15" lemma="|``|" pos="``" wid="15">``</w>
  <w id="16" lemma="|morning|" pos="NN" wid="16">Morning</w>
  <w id="17" lemma="|star|" pos="NN" wid="17">Star</w>
  <w id="18" lemma="|''|" pos="''" wid="18">''</w>
  <w id="19" lemma="|guide|" pos="VBG" wid="19">guiding</w>
  <w id="20" lemma="|they|" pos="PRP" wid="20">them</w>
  <w id="21" lemma="|to|" pos="TO" wid="21">to</w>
  <w id="22" lemma="|a|" pos="DT" wid="22">a</w>
  <w id="23" lemma="|good|" pos="JJ" wid="23">good</w>
  <w id="24" lemma="|haven|" pos="NN" wid="24">haven</w>
  <w id="25" lemma="|,|" pos="," wid="25">,</w>
  <w id="26" lemma="|the|" pos="DT" wid="26">the</w>
  <w id="27" lemma="|safe|" pos="JJ" wid="27">safe</w>
  <w id="28" lemma="|harbour|" pos="NN" wid="28">harbour</w>
  <w id="29" lemma="|that|" pos="WDT" wid="29">that</w>
  <w id="30" lemma="|be|" pos="VBZ" wid="30">is</w>
  <w id="31" lemma="|God|" pos="NNP" wid="31">God</w>
  <w id="32" lemma="|.|" pos="." wid="32">.</w>
</sentence>
<sentence id="38">
  <w id="0" lemma="|fix|" pos="VB" wid="0">Fix</w>
  <w id="1" lemma="|you|" pos="PRP$" wid="1">your</w>
  <w id="2" lemma="|gaze|" pos="VB" wid="2">gaze</w>
  <w id="3" lemma="|on|" pos="IN" wid="3">on</w>
  <w id="4" lemma="|she|" pos="PRP" wid="4">her</w>
  <w id="5" lemma="|and|" pos="CC" wid="5">and</w>
  <w id="6" lemma="|you|" pos="PRP" wid="6">you</w>
  <w id="7" lemma="|will|" pos="MD" wid="7">will</w>
  <w id="8" lemma="|never|" pos="RB" wid="8">never</w>
  <w id="9" lemma="|be|" pos="VB" wid="9">be</w>
  <w id="10" lemma="|lose|" pos="VBN" wid="10">lost</w>
  <w id="11" lemma="|.|" pos="." wid="11">.</w>
</sentence>
<sentence id="39">
  <w id="0" lemma="|I|" pos="PRP" wid="0">I</w>
  <w id="1" lemma="|cordially|" pos="RB" wid="1">cordially</w>
  <w id="2" lemma="|greet|" pos="VB" wid="2">greet</w>
  <w id="3" lemma="|all|" pos="PDT" wid="3">all</w>
  <w id="4" lemma="|the|" pos="DT" wid="4">the</w>
  <w id="5" lemma="|pilgrim|" pos="NNS" wid="5">pilgrims</w>
  <w id="6" lemma="|gather|" pos="VBD" wid="6">gathered</w>
  <w id="7" lemma="|today|" pos="NN" wid="7">today</w>
  <w id="8" lemma="|at|" pos="IN" wid="8">at</w>
  <w id="9" lemma="|Jasna|" pos="NNP" wid="9">Jasna</w>
  <w id="10" lemma="|Góra|" pos="NNP" wid="10">Góra</w>
  <w id="11" lemma="|under|" pos="IN" wid="11">under</w>
  <w id="12" lemma="|the|" pos="DT" wid="12">the</w>
  <w id="13" lemma="|leadership|" pos="NN" wid="13">leadership</w>
  <w id="14" lemma="|of|" pos="IN" wid="14">of</w>
  <w id="15" lemma="|the|" pos="DT" wid="15">the</w>
  <w id="16" lemma="|Cardinal|" pos="NNP" wid="16">Cardinal</w>
  <w id="17" lemma="|Primate|" pos="NNP" wid="17">Primate</w>
  <w id="18" lemma="|and|" pos="CC" wid="18">and</w>
  <w id="19" lemma="|the|" pos="DT" wid="19">the</w>
  <w id="20" lemma="|Polish|" pos="NNP" wid="20">Polish</w>
  <w id="21" lemma="|Episcopate|" pos="NNP" wid="21">Episcopate</w>
  <w id="22" lemma="|.|" pos="." wid="22">.</w>
</sentence>
<sentence id="40">
  <w id="0" lemma="|in|" pos="IN" wid="0">In</w>
  <w id="1" lemma="|a|" pos="DT" wid="1">a</w>
  <w id="2" lemma="|special|" pos="JJ" wid="2">special</w>
  <w id="3" lemma="|way|" pos="NN" wid="3">way</w>
  <w id="4" lemma="|I|" pos="PRP" wid="4">I</w>
  <w id="5" lemma="|greet|" pos="VBP" wid="5">greet</w>
  <w id="6" lemma="|the|" pos="DT" wid="6">the</w>
  <w id="7" lemma="|young|" pos="JJ" wid="7">young</w>
  <w id="8" lemma="|people|" pos="NNS" wid="8">people</w>
  <w id="9" lemma="|who|" pos="WP" wid="9">who</w>
  <w id="10" lemma="|,|" pos="," wid="10">,</w>
  <w id="11" lemma="|at|" pos="IN" wid="11">at</w>
  <w id="12" lemma="|the|" pos="DT" wid="12">the</w>
  <w id="13" lemma="|foot|" pos="NN" wid="13">foot</w>
  <w id="14" lemma="|of|" pos="IN" wid="14">of</w>
  <w id="15" lemma="|we|" pos="PRP$" wid="15">Our</w>
  <w id="16" lemma="|lady|" pos="NN" wid="16">Lady</w>
  <w id="17" lemma="|of|" pos="IN" wid="17">of</w>
  <w id="18" lemma="|Jasna|" pos="NNP" wid="18">Jasna</w>
  <w id="19" lemma="|Góra|" pos="NNP" wid="19">Góra</w>
  <w id="20" lemma="|,|" pos="," wid="20">,</w>
  <w id="21" lemma="|be|" pos="VBP" wid="21">are</w>
  <w id="22" lemma="|join|" pos="VBN" wid="22">joined</w>
  <w id="23" lemma="|in|" pos="IN" wid="23">in</w>
  <w id="24" lemma="|prayer|" pos="NN" wid="24">prayer</w>
  <w id="25" lemma="|with|" pos="IN" wid="25">with</w>
  <w id="26" lemma="|they|" pos="PRP$" wid="26">their</w>
  <w id="27" lemma="|peer|" pos="NNS" wid="27">peers</w>
  <w id="28" lemma="|from|" pos="IN" wid="28">from</w>
  <w id="29" lemma="|all|" pos="DT" wid="29">all</w>
  <w id="30" lemma="|over|" pos="IN" wid="30">over</w>
  <w id="31" lemma="|the|" pos="DT" wid="31">the</w>
  <w id="32" lemma="|world|" pos="NN" wid="32">world</w>
  <w id="33" lemma="|who|" pos="WP" wid="33">who</w>
  <w id="34" lemma="|be|" pos="VBP" wid="34">are</w>
  <w id="35" lemma="|participate|" pos="VBG" wid="35">participating</w>
  <w id="36" lemma="|in|" pos="IN" wid="36">in</w>
  <w id="37" lemma="|the|" pos="DT" wid="37">the</w>
  <w id="38" lemma="|Jubilee|" pos="NNP" wid="38">Jubilee</w>
  <w id="39" lemma="|meeting|" pos="NN" wid="39">meeting</w>
  <w id="40" lemma="|of|" pos="IN" wid="40">of</w>
  <w id="41" lemma="|young|" pos="JJ" wid="41">young</w>
  <w id="42" lemma="|people|" pos="NNS" wid="42">people</w>
  <w id="43" lemma="|in|" pos="IN" wid="43">in</w>
  <w id="44" lemma="|Rome|" pos="NNP" wid="44">Rome</w>
  <w id="45" lemma="|.|" pos="." wid="45">.</w>
</sentence>
<sentence id="41">
  <w id="0" lemma="|I|" pos="PRP" wid="0">I</w>
  <w id="1" lemma="|commend|" pos="VBP" wid="1">commend</w>
  <w id="2" lemma="|to|" pos="TO" wid="2">to</w>
  <w id="3" lemma="|you|" pos="PRP$" wid="3">your</w>
  <w id="4" lemma="|prayer|" pos="NNS" wid="4">prayers</w>
  <w id="5" lemma="|all|" pos="PDT" wid="5">all</w>
  <w id="6" lemma="|the|" pos="DT" wid="6">the</w>
  <w id="7" lemma="|event|" pos="NNS" wid="7">events</w>
  <w id="8" lemma="|of|" pos="IN" wid="8">of</w>
  <w id="9" lemma="|the|" pos="DT" wid="9">the</w>
  <w id="10" lemma="|Church|" pos="NNP" wid="10">Church</w>
  <w id="11" lemma="|and|" pos="CC" wid="11">and</w>
  <w id="12" lemma="|of|" pos="IN" wid="12">of</w>
  <w id="13" lemma="|my|" pos="PRP$" wid="13">my</w>
  <w id="14" lemma="|ministry|" pos="NN" wid="14">ministry</w>
  <w id="15" lemma="|.|" pos="." wid="15">.</w>
</sentence>
<sentence id="42">
  <w id="0" lemma="|I|" pos="PRP" wid="0">I</w>
  <w id="1" lemma="|entrust|" pos="VBP" wid="1">entrust</w>
  <w id="2" lemma="|you|" pos="PRP" wid="2">you</w>
  <w id="3" lemma="|all|" pos="DT" wid="3">all</w>
  <w id="4" lemma="|to|" pos="TO" wid="4">to</w>
  <w id="5" lemma="|Mary|" pos="NNP" wid="5">Mary</w>
  <w id="6" lemma="|'s|" pos="POS" wid="6">'s</w>
  <w id="7" lemma="|gracious|" pos="JJ" wid="7">gracious</w>
  <w id="8" lemma="|protection|" pos="NN" wid="8">protection</w>
  <w id="9" lemma="|.|" pos="." wid="9">.</w>
</sentence>
<sentence id="43">
  <w id="0" lemma="|God|" pos="NNP" wid="0">God</w>
  <w id="1" lemma="|bless|" pos="VB" wid="1">bless</w>
  <w id="2" lemma="|you|" pos="PRP" wid="2">you</w>
  <w id="3" lemma="|!|" pos="." wid="3">!</w>
</sentence>
</corpus>