<corpus id="0">
<sentence id="0">
  <w id="0" lemma="|I|" pos="PRP" wid="0">I</w>
  <w id="1" lemma="|extend|" pos="VBP" wid="1">extend</w>
  <w id="2" lemma="|a|" pos="DT" wid="2">a</w>
  <w id="3" lemma="|warm|" pos="JJ" wid="3">warm</w>
  <w id="4" lemma="|greet|" pos="VBG" wid="4">greeting</w>
  <w id="5" lemma="|to|" pos="TO" wid="5">to</w>
  <w id="6" lemma="|the|" pos="DT" wid="6">the</w>
  <w id="7" lemma="|italian-speaking|" pos="JJ" wid="7">Italian-speaking</w>
  <w id="8" lemma="|pilgrim|" pos="NNS" wid="8">pilgrims</w>
  <w id="9" lemma="|,|" pos="," wid="9">,</w>
  <w id="10" lemma="|especially|" pos="RB" wid="10">especially</w>
  <w id="11" lemma="|to|" pos="TO" wid="11">to</w>
  <w id="12" lemma="|the|" pos="DT" wid="12">the</w>
  <w id="13" lemma="|young|" pos="JJ" wid="13">young</w>
  <w id="14" lemma="|people|" pos="NNS" wid="14">people</w>
  <w id="15" lemma="|who|" pos="WP" wid="15">who</w>
  <w id="16" lemma="|have|" pos="VBP" wid="16">have</w>
  <w id="17" lemma="|take|" pos="VBN" wid="17">taken</w>
  <w id="18" lemma="|part|" pos="NN" wid="18">part</w>
  <w id="19" lemma="|in|" pos="IN" wid="19">in</w>
  <w id="20" lemma="|today|" pos="NN" wid="20">today</w>
  <w id="21" lemma="|'s|" pos="POS" wid="21">'s</w>
  <w id="22" lemma="|celebration|" pos="NN" wid="22">celebration</w>
  <w id="23" lemma="|.|" pos="." wid="23">.</w>
</sentence>
<sentence id="1">
  <w id="0" lemma="|Dear|" pos="NNP" wid="0">Dear</w>
  <w id="1" lemma="|young|" pos="JJ" wid="1">young</w>
  <w id="2" lemma="|people|" pos="NNS" wid="2">people</w>
  <w id="3" lemma="|of|" pos="IN" wid="3">of</w>
  <w id="4" lemma="|Rome|" pos="NNP" wid="4">Rome</w>
  <w id="5" lemma="|and|" pos="CC" wid="5">and</w>
  <w id="6" lemma="|Italy|" pos="NNP" wid="6">Italy</w>
  <w id="7" lemma="|,|" pos="," wid="7">,</w>
  <w id="8" lemma="|I|" pos="PRP" wid="8">I</w>
  <w id="9" lemma="|know|" pos="VBP" wid="9">know</w>
  <w id="10" lemma="|that|" pos="IN" wid="10">that</w>
  <w id="11" lemma="|you|" pos="PRP" wid="11">you</w>
  <w id="12" lemma="|be|" pos="VBP" wid="12">are</w>
  <w id="13" lemma="|work|" pos="VBG" wid="13">working</w>
  <w id="14" lemma="|hard|" pos="RB" wid="14">hard</w>
  <w id="15" lemma="|to|" pos="TO" wid="15">to</w>
  <w id="16" lemma="|prepare|" pos="VB" wid="16">prepare</w>
  <w id="17" lemma="|for|" pos="IN" wid="17">for</w>
  <w id="18" lemma="|the|" pos="DT" wid="18">the</w>
  <w id="19" lemma="|15th|" pos="JJ" wid="19">15th</w>
  <w id="20" lemma="|World|" pos="NNP" wid="20">World</w>
  <w id="21" lemma="|Youth|" pos="NNP" wid="21">Youth</w>
  <w id="22" lemma="|Day|" pos="NNP" wid="22">Day</w>
  <w id="23" lemma="|which|" pos="WDT" wid="23">which</w>
  <w id="24" lemma="|will|" pos="MD" wid="24">will</w>
  <w id="25" lemma="|be|" pos="VB" wid="25">be</w>
  <w id="26" lemma="|celebrate|" pos="VBN" wid="26">celebrated</w>
  <w id="27" lemma="|here|" pos="RB" wid="27">here</w>
  <w id="28" lemma="|in|" pos="IN" wid="28">in</w>
  <w id="29" lemma="|Rome|" pos="NNP" wid="29">Rome</w>
  <w id="30" lemma="|in|" pos="IN" wid="30">in</w>
  <w id="31" lemma="|August|" pos="NNP" wid="31">August</w>
  <w id="32" lemma="|of|" pos="IN" wid="32">of</w>
  <w id="33" lemma="|the|" pos="DT" wid="33">the</w>
  <w id="34" lemma="|Year|" pos="NNP" wid="34">Year</w>
  <w id="35" lemma="|2000|" pos="CD" wid="35">2000</w>
  <w id="36" lemma="|.|" pos="." wid="36">.</w>
</sentence>
<sentence id="2">
  <w id="0" lemma="|continue|" pos="VB" wid="0">Continue</w>
  <w id="1" lemma="|on|" pos="IN" wid="1">on</w>
  <w id="2" lemma="|this|" pos="DT" wid="2">this</w>
  <w id="3" lemma="|path|" pos="NN" wid="3">path</w>
  <w id="4" lemma="|which|" pos="WDT" wid="4">which</w>
  <w id="5" lemma="|involve|" pos="VBZ" wid="5">involves</w>
  <w id="6" lemma="|the|" pos="DT" wid="6">the</w>
  <w id="7" lemma="|diocese|" pos="NNS" wid="7">Dioceses</w>
  <w id="8" lemma="|and|" pos="CC" wid="8">and</w>
  <w id="9" lemma="|parish|" pos="NNS" wid="9">parishes</w>
  <w id="10" lemma="|,|" pos="," wid="10">,</w>
  <w id="11" lemma="|association|" pos="NNS" wid="11">associations</w>
  <w id="12" lemma="|and|" pos="CC" wid="12">and</w>
  <w id="13" lemma="|movement|" pos="NNS" wid="13">movements</w>
  <w id="14" lemma="|in|" pos="IN" wid="14">in</w>
  <w id="15" lemma="|a|" pos="DT" wid="15">a</w>
  <w id="16" lemma="|spirit|" pos="NN" wid="16">spirit</w>
  <w id="17" lemma="|of|" pos="IN" wid="17">of</w>
  <w id="18" lemma="|unity|" pos="NN" wid="18">unity</w>
  <w id="19" lemma="|and|" pos="CC" wid="19">and</w>
  <w id="20" lemma="|collaboration|" pos="NN" wid="20">collaboration</w>
  <w id="21" lemma="|.|" pos="." wid="21">.</w>
</sentence>
<sentence id="3">
  <w id="0" lemma="|it|" pos="PRP" wid="0">It</w>
  <w id="1" lemma="|will|" pos="MD" wid="1">will</w>
  <w id="2" lemma="|be|" pos="VB" wid="2">be</w>
  <w id="3" lemma="|you|" pos="PRP$" wid="3">your</w>
  <w id="4" lemma="|task|" pos="NN" wid="4">task</w>
  <w id="5" lemma="|to|" pos="TO" wid="5">to</w>
  <w id="6" lemma="|give|" pos="VB" wid="6">give</w>
  <w id="7" lemma="|the|" pos="DT" wid="7">the</w>
  <w id="8" lemma="|best|" pos="JJS" wid="8">best</w>
  <w id="9" lemma="|possible|" pos="JJ" wid="9">possible</w>
  <w id="10" lemma="|welcome|" pos="JJ" wid="10">welcome</w>
  <w id="11" lemma="|to|" pos="TO" wid="11">to</w>
  <w id="12" lemma="|you|" pos="PRP$" wid="12">your</w>
  <w id="13" lemma="|peer|" pos="NNS" wid="13">peers</w>
  <w id="14" lemma="|who|" pos="WP" wid="14">who</w>
  <w id="15" lemma="|will|" pos="MD" wid="15">will</w>
  <w id="16" lemma="|be|" pos="VB" wid="16">be</w>
  <w id="17" lemma="|come|" pos="VBG" wid="17">coming</w>
  <w id="18" lemma="|from|" pos="IN" wid="18">from</w>
  <w id="19" lemma="|every|" pos="DT" wid="19">every</w>
  <w id="20" lemma="|part|" pos="NN" wid="20">part</w>
  <w id="21" lemma="|of|" pos="IN" wid="21">of</w>
  <w id="22" lemma="|the|" pos="DT" wid="22">the</w>
  <w id="23" lemma="|world|" pos="NN" wid="23">world</w>
  <w id="24" lemma="|,|" pos="," wid="24">,</w>
  <w id="25" lemma="|and|" pos="CC" wid="25">and</w>
  <w id="26" lemma="|to|" pos="TO" wid="26">to</w>
  <w id="27" lemma="|offer|" pos="VB" wid="27">offer</w>
  <w id="28" lemma="|they|" pos="PRP" wid="28">them</w>
  <w id="29" lemma="|a|" pos="DT" wid="29">a</w>
  <w id="30" lemma="|witness|" pos="NN" wid="30">witness</w>
  <w id="31" lemma="|of|" pos="IN" wid="31">of</w>
  <w id="32" lemma="|authentic|" pos="JJ" wid="32">authentic</w>
  <w id="33" lemma="|faith|" pos="NN" wid="33">faith</w>
  <w id="34" lemma="|and|" pos="CC" wid="34">and</w>
  <w id="35" lemma="|cordial|" pos="JJ" wid="35">cordial</w>
  <w id="36" lemma="|fraternity|" pos="NN" wid="36">fraternity</w>
  <w id="37" lemma="|.|" pos="." wid="37">.</w>
</sentence>
<sentence id="4">
  <w id="0" lemma="|I|" pos="PRP" wid="0">I</w>
  <w id="1" lemma="|would|" pos="MD" wid="1">would</w>
  <w id="2" lemma="|now|" pos="RB" wid="2">now</w>
  <w id="3" lemma="|like|" pos="VB" wid="3">like</w>
  <w id="4" lemma="|to|" pos="TO" wid="4">to</w>
  <w id="5" lemma="|thank|" pos="VB" wid="5">thank</w>
  <w id="6" lemma="|the|" pos="DT" wid="6">the</w>
  <w id="7" lemma="|Puglia|" pos="NNP" wid="7">Puglia</w>
  <w id="8" lemma="|Region|" pos="NNP" wid="8">Region</w>
  <w id="9" lemma="|which|" pos="WDT" wid="9">which</w>
  <w id="10" lemma="|donate|" pos="VBD" wid="10">donated</w>
  <w id="11" lemma="|the|" pos="DT" wid="11">the</w>
  <w id="12" lemma="|olive|" pos="JJ" wid="12">olive</w>
  <w id="13" lemma="|tree|" pos="NNS" wid="13">trees</w>
  <w id="14" lemma="|that|" pos="WDT" wid="14">that</w>
  <w id="15" lemma="|adorn|" pos="VBP" wid="15">adorn</w>
  <w id="16" lemma="|St|" pos="NNP" wid="16">St</w>
  <w id="17" lemma="|Peter|" pos="NNP" wid="17">Peter</w>
  <w id="18" lemma="|'s|" pos="POS" wid="18">'s</w>
  <w id="19" lemma="|Square|" pos="NNP" wid="19">Square</w>
  <w id="20" lemma="|and|" pos="CC" wid="20">and</w>
  <w id="21" lemma="|the|" pos="DT" wid="21">the</w>
  <w id="22" lemma="|branch|" pos="NNS" wid="22">branches</w>
  <w id="23" lemma="|use|" pos="VBN" wid="23">used</w>
  <w id="24" lemma="|for|" pos="IN" wid="24">for</w>
  <w id="25" lemma="|this|" pos="DT" wid="25">this</w>
  <w id="26" lemma="|morning|" pos="NN" wid="26">morning</w>
  <w id="27" lemma="|'s|" pos="POS" wid="27">'s</w>
  <w id="28" lemma="|celebration|" pos="NN" wid="28">celebration</w>
  <w id="29" lemma="|.|" pos="." wid="29">.</w>
</sentence>
<sentence id="5">
  <w id="0" lemma="|May|" pos="NNP" wid="0">May</w>
  <w id="1" lemma="|these|" pos="DT" wid="1">these</w>
  <w id="2" lemma="|branch|" pos="NNS" wid="2">branches</w>
  <w id="3" lemma="|be|" pos="VB" wid="3">be</w>
  <w id="4" lemma="|the|" pos="DT" wid="4">the</w>
  <w id="5" lemma="|symbol|" pos="NN" wid="5">symbol</w>
  <w id="6" lemma="|of|" pos="IN" wid="6">of</w>
  <w id="7" lemma="|that|" pos="DT" wid="7">that</w>
  <w id="8" lemma="|peace|" pos="NN" wid="8">peace</w>
  <w id="9" lemma="|for|" pos="IN" wid="9">for</w>
  <w id="10" lemma="|which|" pos="WDT" wid="10">which</w>
  <w id="11" lemma="|the|" pos="DT" wid="11">the</w>
  <w id="12" lemma="|Balkan|" pos="NNP" wid="12">Balkan</w>
  <w id="13" lemma="|people|" pos="NNS" wid="13">peoples</w>
  <w id="14" lemma="|be|" pos="VBP" wid="14">are</w>
  <w id="15" lemma="|longing|" pos="NN" wid="15">longing</w>
  <w id="16" lemma="|!|" pos="." wid="16">!</w>
</sentence>
<sentence id="6">
  <w id="0" lemma="|on|" pos="IN" wid="0">On</w>
  <w id="1" lemma="|this|" pos="DT" wid="1">this</w>
  <w id="2" lemma="|day|" pos="NN" wid="2">day</w>
  <w id="3" lemma="|let|" pos="VB" wid="3">let</w>
  <w id="4" lemma="|we|" pos="PRP" wid="4">us</w>
  <w id="5" lemma="|fervently|" pos="RB" wid="5">fervently</w>
  <w id="6" lemma="|pray|" pos="VB" wid="6">pray</w>
  <w id="7" lemma="|to|" pos="TO" wid="7">to</w>
  <w id="8" lemma="|the|" pos="DT" wid="8">the</w>
  <w id="9" lemma="|``|" pos="``" wid="9">``</w>
  <w id="10" lemma="|Prince|" pos="NNP" wid="10">Prince</w>
  <w id="11" lemma="|of|" pos="IN" wid="11">of</w>
  <w id="12" lemma="|Peace|" pos="NNP" wid="12">Peace</w>
  <w id="13" lemma="|''|" pos="''" wid="13">''</w>
  <w id="14" lemma="|,|" pos="," wid="14">,</w>
  <w id="15" lemma="|who|" pos="WP" wid="15">who</w>
  <w id="16" lemma="|come|" pos="VBZ" wid="16">comes</w>
  <w id="17" lemma="|before|" pos="IN" wid="17">before</w>
  <w id="18" lemma="|we|" pos="PRP" wid="18">us</w>
  <w id="19" lemma="|so|" pos="RB" wid="19">so</w>
  <w id="20" lemma="|defenceless|" pos="JJ" wid="20">defenceless</w>
  <w id="21" lemma="|,|" pos="," wid="21">,</w>
  <w id="22" lemma="|to|" pos="TO" wid="22">to</w>
  <w id="23" lemma="|inspire|" pos="VB" wid="23">inspire</w>
  <w id="24" lemma="|all|" pos="PDT" wid="24">all</w>
  <w id="25" lemma="|those|" pos="DT" wid="25">those</w>
  <w id="26" lemma="|who|" pos="WP" wid="26">who</w>
  <w id="27" lemma="|have|" pos="VBP" wid="27">have</w>
  <w id="28" lemma="|take|" pos="VBN" wid="28">taken</w>
  <w id="29" lemma="|up|" pos="RP" wid="29">up</w>
  <w id="30" lemma="|arm|" pos="NNS" wid="30">arms</w>
  <w id="31" lemma="|!|" pos="." wid="31">!</w>
</sentence>
<sentence id="7">
  <w id="0" lemma="|May|" pos="NNP" wid="0">May</w>
  <w id="1" lemma="|brotherhood|" pos="NN" wid="1">brotherhood</w>
  <w id="2" lemma="|and|" pos="CC" wid="2">and</w>
  <w id="3" lemma="|understanding|" pos="NN" wid="3">understanding</w>
  <w id="4" lemma="|prevail|" pos="VBP" wid="4">prevail</w>
  <w id="5" lemma="|over|" pos="IN" wid="5">over</w>
  <w id="6" lemma="|the|" pos="DT" wid="6">the</w>
  <w id="7" lemma="|force|" pos="NNS" wid="7">forces</w>
  <w id="8" lemma="|of|" pos="IN" wid="8">of</w>
  <w id="9" lemma="|hatred|" pos="NN" wid="9">hatred</w>
  <w id="10" lemma="|also|" pos="RB" wid="10">also</w>
  <w id="11" lemma="|in|" pos="IN" wid="11">in</w>
  <w id="12" lemma="|that|" pos="DT" wid="12">that</w>
  <w id="13" lemma="|part|" pos="NN" wid="13">part</w>
  <w id="14" lemma="|of|" pos="IN" wid="14">of</w>
  <w id="15" lemma="|Europe|" pos="NNP" wid="15">Europe</w>
  <w id="16" lemma="|!|" pos="." wid="16">!</w>
</sentence>
<sentence id="8">
  <w id="0" lemma="|the|" pos="DT" wid="0">The</w>
  <w id="1" lemma="|Pope|" pos="NNP" wid="1">Pope</w>
  <w id="2" lemma="|stand|" pos="VBZ" wid="2">stands</w>
  <w id="3" lemma="|with|" pos="IN" wid="3">with</w>
  <w id="4" lemma="|the|" pos="DT" wid="4">the</w>
  <w id="5" lemma="|people|" pos="NNS" wid="5">people</w>
  <w id="6" lemma="|who|" pos="WP" wid="6">who</w>
  <w id="7" lemma="|suffer|" pos="VBP" wid="7">suffer</w>
  <w id="8" lemma="|and|" pos="CC" wid="8">and</w>
  <w id="9" lemma="|cry|" pos="VBZ" wid="9">cries</w>
  <w id="10" lemma="|out|" pos="RP" wid="10">out</w>
  <w id="11" lemma="|to|" pos="TO" wid="11">to</w>
  <w id="12" lemma="|all|" pos="DT" wid="12">all</w>
  <w id="13" lemma="|:|" pos=":" wid="13">:</w>
  <w id="14" lemma="|it|" pos="PRP" wid="14">It</w>
  <w id="15" lemma="|be|" pos="VBZ" wid="15">is</w>
  <w id="16" lemma="|always|" pos="RB" wid="16">always</w>
  <w id="17" lemma="|time|" pos="NN" wid="17">time</w>
  <w id="18" lemma="|for|" pos="IN" wid="18">for</w>
  <w id="19" lemma="|peace|" pos="NN" wid="19">peace</w>
  <w id="20" lemma="|!|" pos="." wid="20">!</w>
</sentence>
<sentence id="9">
  <w id="0" lemma="|it|" pos="PRP" wid="0">It</w>
  <w id="1" lemma="|be|" pos="VBZ" wid="1">is</w>
  <w id="2" lemma="|never|" pos="RB" wid="2">never</w>
  <w id="3" lemma="|too|" pos="RB" wid="3">too</w>
  <w id="4" lemma="|late|" pos="JJ" wid="4">late</w>
  <w id="5" lemma="|to|" pos="TO" wid="5">to</w>
  <w id="6" lemma="|meet|" pos="VB" wid="6">meet</w>
  <w id="7" lemma="|and|" pos="CC" wid="7">and</w>
  <w id="8" lemma="|negotiate|" pos="VB" wid="8">negotiate</w>
  <w id="9" lemma="|.|" pos="." wid="9">.</w>
</sentence>
<sentence id="10">
  <w id="0" lemma="|I|" pos="PRP" wid="0">I</w>
  <w id="1" lemma="|cordially|" pos="RB" wid="1">cordially</w>
  <w id="2" lemma="|greet|" pos="VBP" wid="2">greet</w>
  <w id="3" lemma="|the|" pos="DT" wid="3">the</w>
  <w id="4" lemma="|french-speaking|" pos="JJ" wid="4">French-speaking</w>
  <w id="5" lemma="|pilgrim|" pos="NNS" wid="5">pilgrims</w>
  <w id="6" lemma="|who|" pos="WP" wid="6">who</w>
  <w id="7" lemma="|have|" pos="VBP" wid="7">have</w>
  <w id="8" lemma="|come|" pos="VBN" wid="8">come</w>
  <w id="9" lemma="|for|" pos="IN" wid="9">for</w>
  <w id="10" lemma="|the|" pos="DT" wid="10">the</w>
  <w id="11" lemma="|Palm|" pos="NNP" wid="11">Palm</w>
  <w id="12" lemma="|Sunday|" pos="NNP" wid="12">Sunday</w>
  <w id="13" lemma="|celebration|" pos="NN" wid="13">celebration</w>
  <w id="14" lemma="|,|" pos="," wid="14">,</w>
  <w id="15" lemma="|especially|" pos="RB" wid="15">especially</w>
  <w id="16" lemma="|the|" pos="DT" wid="16">the</w>
  <w id="17" lemma="|young|" pos="JJ" wid="17">young</w>
  <w id="18" lemma="|people|" pos="NNS" wid="18">people</w>
  <w id="19" lemma="|,|" pos="," wid="19">,</w>
  <w id="20" lemma="|whom|" pos="WP" wid="20">whom</w>
  <w id="21" lemma="|I|" pos="PRP" wid="21">I</w>
  <w id="22" lemma="|invite|" pos="VBP" wid="22">invite</w>
  <w id="23" lemma="|to|" pos="TO" wid="23">to</w>
  <w id="24" lemma="|prepare|" pos="VB" wid="24">prepare</w>
  <w id="25" lemma="|for|" pos="IN" wid="25">for</w>
  <w id="26" lemma="|and|" pos="CC" wid="26">and</w>
  <w id="27" lemma="|to|" pos="TO" wid="27">to</w>
  <w id="28" lemma="|take|" pos="VB" wid="28">take</w>
  <w id="29" lemma="|part|" pos="NN" wid="29">part</w>
  <w id="30" lemma="|in|" pos="IN" wid="30">in</w>
  <w id="31" lemma="|the|" pos="DT" wid="31">the</w>
  <w id="32" lemma="|next|" pos="JJ" wid="32">next</w>
  <w id="33" lemma="|World|" pos="NNP" wid="33">World</w>
  <w id="34" lemma="|Youth|" pos="NNP" wid="34">Youth</w>
  <w id="35" lemma="|Day|" pos="NNP" wid="35">Day</w>
  <w id="36" lemma="|,|" pos="," wid="36">,</w>
  <w id="37" lemma="|which|" pos="WDT" wid="37">which</w>
  <w id="38" lemma="|will|" pos="MD" wid="38">will</w>
  <w id="39" lemma="|be|" pos="VB" wid="39">be</w>
  <w id="40" lemma="|hold|" pos="VBN" wid="40">held</w>
  <w id="41" lemma="|in|" pos="IN" wid="41">in</w>
  <w id="42" lemma="|Rome|" pos="NNP" wid="42">Rome</w>
  <w id="43" lemma="|in|" pos="IN" wid="43">in</w>
  <w id="44" lemma="|the|" pos="DT" wid="44">the</w>
  <w id="45" lemma="|Year|" pos="NNP" wid="45">Year</w>
  <w id="46" lemma="|2000|" pos="CD" wid="46">2000</w>
  <w id="47" lemma="|.|" pos="." wid="47">.</w>
</sentence>
<sentence id="11">
  <w id="0" lemma="|May|" pos="NNP" wid="0">May</w>
  <w id="1" lemma="|the|" pos="DT" wid="1">the</w>
  <w id="2" lemma="|rise|" pos="VBN" wid="2">risen</w>
  <w id="3" lemma="|Christ|" pos="NNP" wid="3">Christ</w>
  <w id="4" lemma="|be|" pos="VB" wid="4">be</w>
  <w id="5" lemma="|you|" pos="PRP$" wid="5">your</w>
  <w id="6" lemma="|joy|" pos="NN" wid="6">joy</w>
  <w id="7" lemma="|!|" pos="." wid="7">!</w>
</sentence>
<sentence id="12">
  <w id="0" lemma="|I|" pos="PRP" wid="0">I</w>
  <w id="1" lemma="|grant|" pos="VBP" wid="1">grant</w>
  <w id="2" lemma="|my|" pos="PRP$" wid="2">my</w>
  <w id="3" lemma="|apostolic|" pos="JJ" wid="3">Apostolic</w>
  <w id="4" lemma="|blessing|" pos="NN" wid="4">Blessing</w>
  <w id="5" lemma="|to|" pos="TO" wid="5">to</w>
  <w id="6" lemma="|you|" pos="PRP" wid="6">you</w>
  <w id="7" lemma="|all|" pos="DT" wid="7">all</w>
  <w id="8" lemma="|.|" pos="." wid="8">.</w>
</sentence>
<sentence id="13">
  <w id="0" lemma="|I|" pos="PRP" wid="0">I</w>
  <w id="1" lemma="|greet|" pos="VBP" wid="1">greet</w>
  <w id="2" lemma="|the|" pos="DT" wid="2">the</w>
  <w id="3" lemma="|young|" pos="JJ" wid="3">young</w>
  <w id="4" lemma="|people|" pos="NNS" wid="4">people</w>
  <w id="5" lemma="|from|" pos="IN" wid="5">from</w>
  <w id="6" lemma="|english-speaking|" pos="JJ" wid="6">English-speaking</w>
  <w id="7" lemma="|country|" pos="NNS" wid="7">countries</w>
  <w id="8" lemma="|:|" pos=":" wid="8">:</w>
  <w id="9" lemma="|together|" pos="RB" wid="9">together</w>
  <w id="10" lemma="|we|" pos="PRP" wid="10">we</w>
  <w id="11" lemma="|have|" pos="VBP" wid="11">have</w>
  <w id="12" lemma="|follow|" pos="VBN" wid="12">followed</w>
  <w id="13" lemma="|Jesus|" pos="NNP" wid="13">Jesus</w>
  <w id="14" lemma="|with|" pos="IN" wid="14">with</w>
  <w id="15" lemma="|enthusiasm|" pos="NN" wid="15">enthusiasm</w>
  <w id="16" lemma="|on|" pos="IN" wid="16">on</w>
  <w id="17" lemma="|he|" pos="PRP$" wid="17">his</w>
  <w id="18" lemma="|way|" pos="NN" wid="18">way</w>
  <w id="19" lemma="|to|" pos="TO" wid="19">to</w>
  <w id="20" lemma="|Jerusalem|" pos="NNP" wid="20">Jerusalem</w>
  <w id="21" lemma="|.|" pos="." wid="21">.</w>
</sentence>
<sentence id="14">
  <w id="0" lemma="|let|" pos="VB" wid="0">Let</w>
  <w id="1" lemma="|we|" pos="PRP" wid="1">us</w>
  <w id="2" lemma="|continue|" pos="VB" wid="2">continue</w>
  <w id="3" lemma="|to|" pos="TO" wid="3">to</w>
  <w id="4" lemma="|walk|" pos="VB" wid="4">walk</w>
  <w id="5" lemma="|with|" pos="IN" wid="5">with</w>
  <w id="6" lemma="|he|" pos="PRP" wid="6">him</w>
  <w id="7" lemma="|this|" pos="DT" wid="7">this</w>
  <w id="8" lemma="|week|" pos="NN" wid="8">week</w>
  <w id="9" lemma="|along|" pos="IN" wid="9">along</w>
  <w id="10" lemma="|the|" pos="DT" wid="10">the</w>
  <w id="11" lemma="|way|" pos="NN" wid="11">way</w>
  <w id="12" lemma="|of|" pos="IN" wid="12">of</w>
  <w id="13" lemma="|the|" pos="DT" wid="13">the</w>
  <w id="14" lemma="|Cross|" pos="NNP" wid="14">Cross</w>
  <w id="15" lemma="|towards|" pos="IN" wid="15">towards</w>
  <w id="16" lemma="|the|" pos="DT" wid="16">the</w>
  <w id="17" lemma="|joy|" pos="NN" wid="17">joy</w>
  <w id="18" lemma="|of|" pos="IN" wid="18">of</w>
  <w id="19" lemma="|Easter|" pos="NNP" wid="19">Easter</w>
  <w id="20" lemma="|.|" pos="." wid="20">.</w>
</sentence>
<sentence id="15">
  <w id="0" lemma="|I|" pos="PRP" wid="0">I</w>
  <w id="1" lemma="|look|" pos="VBP" wid="1">look</w>
  <w id="2" lemma="|forward|" pos="RB" wid="2">forward</w>
  <w id="3" lemma="|to|" pos="TO" wid="3">to</w>
  <w id="4" lemma="|see|" pos="VBG" wid="4">seeing</w>
  <w id="5" lemma="|many|" pos="JJ" wid="5">many</w>
  <w id="6" lemma="|of|" pos="IN" wid="6">of</w>
  <w id="7" lemma="|you|" pos="PRP" wid="7">you</w>
  <w id="8" lemma="|again|" pos="RB" wid="8">again</w>
  <w id="9" lemma="|here|" pos="RB" wid="9">here</w>
  <w id="10" lemma="|in|" pos="IN" wid="10">in</w>
  <w id="11" lemma="|Rome|" pos="NNP" wid="11">Rome</w>
  <w id="12" lemma="|in|" pos="IN" wid="12">in</w>
  <w id="13" lemma="|August|" pos="NNP" wid="13">August</w>
  <w id="14" lemma="|next|" pos="JJ" wid="14">next</w>
  <w id="15" lemma="|year|" pos="NN" wid="15">year</w>
  <w id="16" lemma="|for|" pos="IN" wid="16">for</w>
  <w id="17" lemma="|the|" pos="DT" wid="17">the</w>
  <w id="18" lemma="|World|" pos="NNP" wid="18">World</w>
  <w id="19" lemma="|Youth|" pos="NNP" wid="19">Youth</w>
  <w id="20" lemma="|Day|" pos="NNP" wid="20">Day</w>
  <w id="21" lemma="|.|" pos="." wid="21">.</w>
</sentence>
<sentence id="16">
  <w id="0" lemma="|I|" pos="PRP" wid="0">I</w>
  <w id="1" lemma="|extend|" pos="VBP" wid="1">extend</w>
  <w id="2" lemma="|a|" pos="DT" wid="2">a</w>
  <w id="3" lemma="|cordial|" pos="JJ" wid="3">cordial</w>
  <w id="4" lemma="|greet|" pos="VBG" wid="4">greeting</w>
  <w id="5" lemma="|to|" pos="TO" wid="5">to</w>
  <w id="6" lemma="|the|" pos="DT" wid="6">the</w>
  <w id="7" lemma="|pilgrim|" pos="NNS" wid="7">pilgrims</w>
  <w id="8" lemma="|from|" pos="IN" wid="8">from</w>
  <w id="9" lemma="|germanspeaking|" pos="JJ" wid="9">Germanspeaking</w>
  <w id="10" lemma="|country|" pos="NNS" wid="10">countries</w>
  <w id="11" lemma="|.|" pos="." wid="11">.</w>
</sentence>
<sentence id="17">
  <w id="0" lemma="|I|" pos="PRP" wid="0">I</w>
  <w id="1" lemma="|especially|" pos="RB" wid="1">especially</w>
  <w id="2" lemma="|greet|" pos="VBP" wid="2">greet</w>
  <w id="3" lemma="|the|" pos="DT" wid="3">the</w>
  <w id="4" lemma="|young|" pos="JJ" wid="4">young</w>
  <w id="5" lemma="|people|" pos="NNS" wid="5">people</w>
  <w id="6" lemma="|:|" pos=":" wid="6">:</w>
  <w id="7" lemma="|walk|" pos="VB" wid="7">walk</w>
  <w id="8" lemma="|with|" pos="IN" wid="8">with</w>
  <w id="9" lemma="|the|" pos="DT" wid="9">the</w>
  <w id="10" lemma="|Lord|" pos="NNP" wid="10">Lord</w>
  <w id="11" lemma="|on|" pos="IN" wid="11">on</w>
  <w id="12" lemma="|he|" pos="PRP$" wid="12">his</w>
  <w id="13" lemma="|way|" pos="NN" wid="13">way</w>
  <w id="14" lemma="|to|" pos="TO" wid="14">to</w>
  <w id="15" lemma="|Easter|" pos="NNP" wid="15">Easter</w>
  <w id="16" lemma="|!|" pos="." wid="16">!</w>
</sentence>
<sentence id="18">
  <w id="0" lemma="|see|" pos="VB" wid="0">See</w>
  <w id="1" lemma="|you|" pos="PRP" wid="1">you</w>
  <w id="2" lemma="|again|" pos="RB" wid="2">again</w>
  <w id="3" lemma="|next|" pos="JJ" wid="3">next</w>
  <w id="4" lemma="|year|" pos="NN" wid="4">year</w>
  <w id="5" lemma="|at|" pos="IN" wid="5">at</w>
  <w id="6" lemma="|World|" pos="NNP" wid="6">World</w>
  <w id="7" lemma="|Youth|" pos="NNP" wid="7">Youth</w>
  <w id="8" lemma="|Day|" pos="NNP" wid="8">Day</w>
  <w id="9" lemma="|!|" pos="." wid="9">!</w>
</sentence>
<sentence id="19">
  <w id="0" lemma="|with|" pos="IN" wid="0">With</w>
  <w id="1" lemma="|great|" pos="JJ" wid="1">great</w>
  <w id="2" lemma="|affection|" pos="NN" wid="2">affection</w>
  <w id="3" lemma="|I|" pos="PRP" wid="3">I</w>
  <w id="4" lemma="|greet|" pos="VBP" wid="4">greet</w>
  <w id="5" lemma="|the|" pos="DT" wid="5">the</w>
  <w id="6" lemma="|young|" pos="JJ" wid="6">young</w>
  <w id="7" lemma="|people|" pos="NNS" wid="7">people</w>
  <w id="8" lemma="|from|" pos="IN" wid="8">from</w>
  <w id="9" lemma="|Spain|" pos="NNP" wid="9">Spain</w>
  <w id="10" lemma="|and|" pos="CC" wid="10">and</w>
  <w id="11" lemma="|Latin|" pos="NNP" wid="11">Latin</w>
  <w id="12" lemma="|America|" pos="NNP" wid="12">America</w>
  <w id="13" lemma="|.|" pos="." wid="13">.</w>
</sentence>
<sentence id="20">
  <w id="0" lemma="|I|" pos="PRP" wid="0">I</w>
  <w id="1" lemma="|invite|" pos="VBP" wid="1">invite</w>
  <w id="2" lemma="|you|" pos="PRP" wid="2">you</w>
  <w id="3" lemma="|,|" pos="," wid="3">,</w>
  <w id="4" lemma="|in|" pos="IN" wid="4">in</w>
  <w id="5" lemma="|union|" pos="NN" wid="5">union</w>
  <w id="6" lemma="|with|" pos="IN" wid="6">with</w>
  <w id="7" lemma="|the|" pos="DT" wid="7">the</w>
  <w id="8" lemma="|whole|" pos="JJ" wid="8">whole</w>
  <w id="9" lemma="|church|" pos="NN" wid="9">Church</w>
  <w id="10" lemma="|which|" pos="WDT" wid="10">which</w>
  <w id="11" lemma="|be|" pos="VBZ" wid="11">is</w>
  <w id="12" lemma="|prepare|" pos="VBG" wid="12">preparing</w>
  <w id="13" lemma="|for|" pos="IN" wid="13">for</w>
  <w id="14" lemma="|the|" pos="DT" wid="14">the</w>
  <w id="15" lemma="|jubilee|" pos="NN" wid="15">Jubilee</w>
  <w id="16" lemma="|of|" pos="IN" wid="16">of</w>
  <w id="17" lemma="|the|" pos="DT" wid="17">the</w>
  <w id="18" lemma="|Year|" pos="NNP" wid="18">Year</w>
  <w id="19" lemma="|2000|" pos="CD" wid="19">2000</w>
  <w id="20" lemma="|,|" pos="," wid="20">,</w>
  <w id="21" lemma="|to|" pos="TO" wid="21">to</w>
  <w id="22" lemma="|fix|" pos="VB" wid="22">fix</w>
  <w id="23" lemma="|you|" pos="PRP$" wid="23">your</w>
  <w id="24" lemma="|gaze|" pos="VB" wid="24">gaze</w>
  <w id="25" lemma="|on|" pos="IN" wid="25">on</w>
  <w id="26" lemma="|God|" pos="NNP" wid="26">God</w>
  <w id="27" lemma="|the|" pos="DT" wid="27">the</w>
  <w id="28" lemma="|Father|" pos="NNP" wid="28">Father</w>
  <w id="29" lemma="|and|" pos="CC" wid="29">and</w>
  <w id="30" lemma="|to|" pos="TO" wid="30">to</w>
  <w id="31" lemma="|listen|" pos="VB" wid="31">listen</w>
  <w id="32" lemma="|with|" pos="IN" wid="32">with</w>
  <w id="33" lemma="|joy|" pos="NN" wid="33">joy</w>
  <w id="34" lemma="|and|" pos="CC" wid="34">and</w>
  <w id="35" lemma="|wonder|" pos="NN" wid="35">wonder</w>
  <w id="36" lemma="|to|" pos="TO" wid="36">to</w>
  <w id="37" lemma="|Jesus|" pos="NNP" wid="37">Jesus</w>
  <w id="38" lemma="|'|" pos="POS" wid="38">'</w>
  <w id="39" lemma="|word|" pos="NNS" wid="39">words</w>
  <w id="40" lemma="|:|" pos=":" wid="40">:</w>
  <w id="41" lemma="|``|" pos="``" wid="41">``</w>
  <w id="42" lemma="|the|" pos="DT" wid="42">The</w>
  <w id="43" lemma="|Father|" pos="NNP" wid="43">Father</w>
  <w id="44" lemma="|love|" pos="VBZ" wid="44">loves</w>
  <w id="45" lemma="|you|" pos="PRP" wid="45">you</w>
  <w id="46" lemma="|!|" pos="." wid="46">!</w>
  <w id="47" lemma="|''|" pos="''" wid="47">''</w>
  <w id="48" lemma="|.|" pos="." wid="48">.</w>
</sentence>
<sentence id="21">
  <w id="0" lemma="|I|" pos="PRP" wid="0">I</w>
  <w id="1" lemma="|invite|" pos="VBP" wid="1">invite</w>
  <w id="2" lemma="|you|" pos="PRP" wid="2">you</w>
  <w id="3" lemma="|all|" pos="DT" wid="3">all</w>
  <w id="4" lemma="|to|" pos="TO" wid="4">to</w>
  <w id="5" lemma="|take|" pos="VB" wid="5">take</w>
  <w id="6" lemma="|part|" pos="NN" wid="6">part</w>
  <w id="7" lemma="|in|" pos="IN" wid="7">in</w>
  <w id="8" lemma="|the|" pos="DT" wid="8">the</w>
  <w id="9" lemma="|next|" pos="JJ" wid="9">next</w>
  <w id="10" lemma="|World|" pos="NNP" wid="10">World</w>
  <w id="11" lemma="|Youth|" pos="NNP" wid="11">Youth</w>
  <w id="12" lemma="|Day|" pos="NNP" wid="12">Day</w>
  <w id="13" lemma="|,|" pos="," wid="13">,</w>
  <w id="14" lemma="|which|" pos="WDT" wid="14">which</w>
  <w id="15" lemma="|will|" pos="MD" wid="15">will</w>
  <w id="16" lemma="|be|" pos="VB" wid="16">be</w>
  <w id="17" lemma="|celebrate|" pos="VBN" wid="17">celebrated</w>
  <w id="18" lemma="|in|" pos="IN" wid="18">in</w>
  <w id="19" lemma="|Rome|" pos="NNP" wid="19">Rome</w>
  <w id="20" lemma="|in|" pos="IN" wid="20">in</w>
  <w id="21" lemma="|August|" pos="NNP" wid="21">August</w>
  <w id="22" lemma="|of|" pos="IN" wid="22">of</w>
  <w id="23" lemma="|the|" pos="DT" wid="23">the</w>
  <w id="24" lemma="|Year|" pos="NNP" wid="24">Year</w>
  <w id="25" lemma="|2000|" pos="CD" wid="25">2000</w>
  <w id="26" lemma="|.|" pos="." wid="26">.</w>
</sentence>
<sentence id="22">
  <w id="0" lemma="|I|" pos="PRP" wid="0">I</w>
  <w id="1" lemma="|cordially|" pos="RB" wid="1">cordially</w>
  <w id="2" lemma="|greet|" pos="VBP" wid="2">greet</w>
  <w id="3" lemma="|the|" pos="DT" wid="3">the</w>
  <w id="4" lemma="|pilgrim|" pos="NNS" wid="4">pilgrims</w>
  <w id="5" lemma="|from|" pos="IN" wid="5">from</w>
  <w id="6" lemma="|Poland|" pos="NNP" wid="6">Poland</w>
  <w id="7" lemma="|,|" pos="," wid="7">,</w>
  <w id="8" lemma="|especially|" pos="RB" wid="8">especially</w>
  <w id="9" lemma="|the|" pos="DT" wid="9">the</w>
  <w id="10" lemma="|young|" pos="JJ" wid="10">young</w>
  <w id="11" lemma="|man|" pos="NNS" wid="11">men</w>
  <w id="12" lemma="|and|" pos="CC" wid="12">and</w>
  <w id="13" lemma="|woman|" pos="NNS" wid="13">women</w>
  <w id="14" lemma="|who|" pos="WP" wid="14">who</w>
  <w id="15" lemma="|have|" pos="VBP" wid="15">have</w>
  <w id="16" lemma="|come|" pos="VBN" wid="16">come</w>
  <w id="17" lemma="|to|" pos="TO" wid="17">to</w>
  <w id="18" lemma="|celebrate|" pos="VB" wid="18">celebrate</w>
  <w id="19" lemma="|World|" pos="NNP" wid="19">World</w>
  <w id="20" lemma="|Youth|" pos="NNP" wid="20">Youth</w>
  <w id="21" lemma="|Day|" pos="NNP" wid="21">Day</w>
  <w id="22" lemma="|with|" pos="IN" wid="22">with</w>
  <w id="23" lemma="|the|" pos="DT" wid="23">the</w>
  <w id="24" lemma="|Pope|" pos="NNP" wid="24">Pope</w>
  <w id="25" lemma="|.|" pos="." wid="25">.</w>
</sentence>
<sentence id="23">
  <w id="0" lemma="|together|" pos="RB" wid="0">Together</w>
  <w id="1" lemma="|with|" pos="IN" wid="1">with</w>
  <w id="2" lemma="|you|" pos="PRP$" wid="2">your</w>
  <w id="3" lemma="|peer|" pos="NNS" wid="3">peers</w>
  <w id="4" lemma="|from|" pos="IN" wid="4">from</w>
  <w id="5" lemma="|the|" pos="DT" wid="5">the</w>
  <w id="6" lemma="|country|" pos="NNS" wid="6">countries</w>
  <w id="7" lemma="|and|" pos="CC" wid="7">and</w>
  <w id="8" lemma="|nation|" pos="NNS" wid="8">nations</w>
  <w id="9" lemma="|of|" pos="IN" wid="9">of</w>
  <w id="10" lemma="|the|" pos="DT" wid="10">the</w>
  <w id="11" lemma="|whole|" pos="JJ" wid="11">whole</w>
  <w id="12" lemma="|world|" pos="NN" wid="12">world</w>
  <w id="13" lemma="|,|" pos="," wid="13">,</w>
  <w id="14" lemma="|take|" pos="VB" wid="14">take</w>
  <w id="15" lemma="|up|" pos="RP" wid="15">up</w>
  <w id="16" lemma="|the|" pos="DT" wid="16">the</w>
  <w id="17" lemma="|Cross|" pos="NNP" wid="17">Cross</w>
  <w id="18" lemma="|of|" pos="IN" wid="18">of</w>
  <w id="19" lemma="|Christ|" pos="NNP" wid="19">Christ</w>
  <w id="20" lemma="|and|" pos="CC" wid="20">and</w>
  <w id="21" lemma="|carry|" pos="VB" wid="21">carry</w>
  <w id="22" lemma="|it|" pos="PRP" wid="22">it</w>
  <w id="23" lemma="|into|" pos="IN" wid="23">into</w>
  <w id="24" lemma="|the|" pos="DT" wid="24">the</w>
  <w id="25" lemma="|new|" pos="JJ" wid="25">new</w>
  <w id="26" lemma="|millennium|" pos="NNP" wid="26">millennium</w>
  <w id="27" lemma="|.|" pos="." wid="27">.</w>
</sentence>
<sentence id="24">
  <w id="0" lemma="|carry|" pos="VB" wid="0">Carry</w>
  <w id="1" lemma="|it|" pos="PRP" wid="1">it</w>
  <w id="2" lemma="|with|" pos="IN" wid="2">with</w>
  <w id="3" lemma="|dignity|" pos="NN" wid="3">dignity</w>
  <w id="4" lemma="|in|" pos="IN" wid="4">in</w>
  <w id="5" lemma="|you|" pos="PRP$" wid="5">your</w>
  <w id="6" lemma="|daily|" pos="JJ" wid="6">daily</w>
  <w id="7" lemma="|life|" pos="NNS" wid="7">lives</w>
  <w id="8" lemma="|and|" pos="CC" wid="8">and</w>
  <w id="9" lemma="|proclaim|" pos="VB" wid="9">proclaim</w>
  <w id="10" lemma="|the|" pos="DT" wid="10">the</w>
  <w id="11" lemma="|glory|" pos="NN" wid="11">glory</w>
  <w id="12" lemma="|of|" pos="IN" wid="12">of</w>
  <w id="13" lemma="|the|" pos="DT" wid="13">the</w>
  <w id="14" lemma="|one|" pos="NN" wid="14">One</w>
  <w id="15" lemma="|who|" pos="WP" wid="15">who</w>
  <w id="16" lemma="|``|" pos="``" wid="16">``</w>
  <w id="17" lemma="|love|" pos="VBD" wid="17">loved</w>
  <w id="18" lemma="|we|" pos="PRP" wid="18">us</w>
  <w id="19" lemma="|to|" pos="TO" wid="19">to</w>
  <w id="20" lemma="|the|" pos="DT" wid="20">the</w>
  <w id="21" lemma="|end|" pos="NN" wid="21">end</w>
  <w id="22" lemma="|''|" pos="''" wid="22">''</w>
  <w id="23" lemma="|.|" pos="." wid="23">.</w>
</sentence>
<sentence id="25">
  <w id="0" lemma="|God|" pos="NNP" wid="0">God</w>
  <w id="1" lemma="|bless|" pos="VB" wid="1">bless</w>
  <w id="2" lemma="|you|" pos="PRP" wid="2">you</w>
  <w id="3" lemma="|!|" pos="." wid="3">!</w>
</sentence>
</corpus>