<corpus id="0">
<sentence id="0">
  <w id="0" lemma="|Dear|" pos="NNP" wid="0">Dear</w>
  <w id="1" lemma="|Brothers|" pos="NNPS" wid="1">Brothers</w>
  <w id="2" lemma="|and|" pos="CC" wid="2">and</w>
  <w id="3" lemma="|sister|" pos="NNS" wid="3">Sisters</w>
  <w id="4" lemma="|,|" pos="," wid="4">,</w>
  <w id="5" lemma="|1|" pos="CD" wid="5">1</w>
  <w id="6" lemma="|.|" pos="." wid="6">.</w>
</sentence>
<sentence id="1">
  <w id="0" lemma="|yesterday|" pos="NN" wid="0">Yesterday</w>
  <w id="1" lemma="|we|" pos="PRP" wid="1">we</w>
  <w id="2" lemma="|celebrate|" pos="VBD" wid="2">celebrated</w>
  <w id="3" lemma="|the|" pos="DT" wid="3">the</w>
  <w id="4" lemma="|solemnity|" pos="NN" wid="4">Solemnity</w>
  <w id="5" lemma="|of|" pos="IN" wid="5">of</w>
  <w id="6" lemma="|All|" pos="NNP" wid="6">All</w>
  <w id="7" lemma="|Saints|" pos="NNP" wid="7">Saints</w>
  <w id="8" lemma="|and|" pos="CC" wid="8">and</w>
  <w id="9" lemma="|today|" pos="NN" wid="9">today</w>
  <w id="10" lemma="|the|" pos="DT" wid="10">the</w>
  <w id="11" lemma="|liturgy|" pos="NN" wid="11">liturgy</w>
  <w id="12" lemma="|invite|" pos="VBZ" wid="12">invites</w>
  <w id="13" lemma="|we|" pos="PRP" wid="13">us</w>
  <w id="14" lemma="|to|" pos="TO" wid="14">to</w>
  <w id="15" lemma="|commemorate|" pos="VB" wid="15">commemorate</w>
  <w id="16" lemma="|the|" pos="DT" wid="16">the</w>
  <w id="17" lemma="|faithful|" pos="NN" wid="17">faithful</w>
  <w id="18" lemma="|depart|" pos="VBD" wid="18">departed</w>
  <w id="19" lemma="|.|" pos="." wid="19">.</w>
</sentence>
<sentence id="2">
  <w id="0" lemma="|the|" pos="DT" wid="0">The</w>
  <w id="1" lemma="|Church|" pos="NNP" wid="1">Church</w>
  <w id="2" lemma="|link|" pos="VBZ" wid="2">links</w>
  <w id="3" lemma="|she|" pos="PRP$" wid="3">her</w>
  <w id="4" lemma="|contemplation|" pos="NN" wid="4">contemplation</w>
  <w id="5" lemma="|of|" pos="IN" wid="5">of</w>
  <w id="6" lemma="|those|" pos="DT" wid="6">those</w>
  <w id="7" lemma="|who|" pos="WP" wid="7">who</w>
  <w id="8" lemma="|have|" pos="VBP" wid="8">have</w>
  <w id="9" lemma="|already|" pos="RB" wid="9">already</w>
  <w id="10" lemma="|attain|" pos="VBN" wid="10">attained</w>
  <w id="11" lemma="|God|" pos="NNP" wid="11">God</w>
  <w id="12" lemma="|'s|" pos="POS" wid="12">'s</w>
  <w id="13" lemma="|glory|" pos="NN" wid="13">glory</w>
  <w id="14" lemma="|with|" pos="IN" wid="14">with</w>
  <w id="15" lemma="|she|" pos="PRP$" wid="15">her</w>
  <w id="16" lemma="|remembrance|" pos="NN" wid="16">remembrance</w>
  <w id="17" lemma="|of|" pos="IN" wid="17">of</w>
  <w id="18" lemma="|those|" pos="DT" wid="18">those</w>
  <w id="19" lemma="|who|" pos="WP" wid="19">who</w>
  <w id="20" lemma="|have|" pos="VBP" wid="20">have</w>
  <w id="21" lemma="|go|" pos="VBN" wid="21">gone</w>
  <w id="22" lemma="|before|" pos="IN" wid="22">before</w>
  <w id="23" lemma="|we|" pos="PRP" wid="23">us</w>
  <w id="24" lemma="|mark|" pos="VBD" wid="24">marked</w>
  <w id="25" lemma="|with|" pos="IN" wid="25">with</w>
  <w id="26" lemma="|the|" pos="DT" wid="26">the</w>
  <w id="27" lemma="|sign|" pos="NN" wid="27">sign</w>
  <w id="28" lemma="|of|" pos="IN" wid="28">of</w>
  <w id="29" lemma="|faith|" pos="NN" wid="29">faith</w>
  <w id="30" lemma="|and|" pos="CC" wid="30">and</w>
  <w id="31" lemma="|who|" pos="WP" wid="31">who</w>
  <w id="32" lemma="|now|" pos="RB" wid="32">now</w>
  <w id="33" lemma="|sleep|" pos="VBP" wid="33">sleep</w>
  <w id="34" lemma="|in|" pos="IN" wid="34">in</w>
  <w id="35" lemma="|peace|" pos="NN" wid="35">peace</w>
  <w id="36" lemma="|-lrb-|" pos="-LRB-" wid="36">-LRB-</w>
  <w id="37" lemma="|cf|" pos="NN" wid="37">cf</w>
  <w id="38" lemma="|.|" pos="." wid="38">.</w>
</sentence>
<sentence id="3">
  <w id="0" lemma="|Roman|" pos="NNP" wid="0">Roman</w>
  <w id="1" lemma="|Canon|" pos="NNP" wid="1">Canon</w>
  <w id="2" lemma="|-rrb-|" pos="-RRB-" wid="2">-RRB-</w>
  <w id="3" lemma="|.|" pos="." wid="3">.</w>
</sentence>
<sentence id="4">
  <w id="0" lemma="|I|" pos="PRP" wid="0">I</w>
  <w id="1" lemma="|spiritually|" pos="RB" wid="1">spiritually</w>
  <w id="2" lemma="|join|" pos="VBP" wid="2">join</w>
  <w id="3" lemma="|all|" pos="DT" wid="3">all</w>
  <w id="4" lemma="|who|" pos="WP" wid="4">who</w>
  <w id="5" lemma="|in|" pos="IN" wid="5">in</w>
  <w id="6" lemma="|these|" pos="DT" wid="6">these</w>
  <w id="7" lemma="|day|" pos="NNS" wid="7">days</w>
  <w id="8" lemma="|be|" pos="VBP" wid="8">are</w>
  <w id="9" lemma="|visit|" pos="VBG" wid="9">visiting</w>
  <w id="10" lemma="|the|" pos="DT" wid="10">the</w>
  <w id="11" lemma="|grave|" pos="NNS" wid="11">graves</w>
  <w id="12" lemma="|of|" pos="IN" wid="12">of</w>
  <w id="13" lemma="|they|" pos="PRP$" wid="13">their</w>
  <w id="14" lemma="|depart|" pos="VBN" wid="14">departed</w>
  <w id="15" lemma="|one|" pos="NNS" wid="15">ones</w>
  <w id="16" lemma="|in|" pos="IN" wid="16">in</w>
  <w id="17" lemma="|the|" pos="DT" wid="17">the</w>
  <w id="18" lemma="|cemetery|" pos="NNS" wid="18">cemeteries</w>
  <w id="19" lemma="|of|" pos="IN" wid="19">of</w>
  <w id="20" lemma="|Rome|" pos="NNP" wid="20">Rome</w>
  <w id="21" lemma="|and|" pos="CC" wid="21">and</w>
  <w id="22" lemma="|the|" pos="DT" wid="22">the</w>
  <w id="23" lemma="|whole|" pos="JJ" wid="23">whole</w>
  <w id="24" lemma="|world|" pos="NN" wid="24">world</w>
  <w id="25" lemma="|.|" pos="." wid="25">.</w>
</sentence>
<sentence id="5">
  <w id="0" lemma="|I|" pos="PRP" wid="0">I</w>
  <w id="1" lemma="|go|" pos="VBP" wid="1">go</w>
  <w id="2" lemma="|on|" pos="IN" wid="2">on</w>
  <w id="3" lemma="|spiritual|" pos="JJ" wid="3">spiritual</w>
  <w id="4" lemma="|pilgrimage|" pos="NN" wid="4">pilgrimage</w>
  <w id="5" lemma="|especially|" pos="RB" wid="5">especially</w>
  <w id="6" lemma="|to|" pos="TO" wid="6">to</w>
  <w id="7" lemma="|where|" pos="WRB" wid="7">where</w>
  <w id="8" lemma="|the|" pos="DT" wid="8">the</w>
  <w id="9" lemma="|victim|" pos="NNS" wid="9">victims</w>
  <w id="10" lemma="|of|" pos="IN" wid="10">of</w>
  <w id="11" lemma="|violence|" pos="NN" wid="11">violence</w>
  <w id="12" lemma="|and|" pos="CC" wid="12">and</w>
  <w id="13" lemma="|war|" pos="NN" wid="13">war</w>
  <w id="14" lemma="|,|" pos="," wid="14">,</w>
  <w id="15" lemma="|of|" pos="IN" wid="15">of</w>
  <w id="16" lemma="|injustice|" pos="NN" wid="16">injustice</w>
  <w id="17" lemma="|and|" pos="CC" wid="17">and</w>
  <w id="18" lemma="|hunger|" pos="NN" wid="18">hunger</w>
  <w id="19" lemma="|be|" pos="VBP" wid="19">are</w>
  <w id="20" lemma="|bury|" pos="VBN" wid="20">buried</w>
  <w id="21" lemma="|.|" pos="." wid="21">.</w>
</sentence>
<sentence id="6">
  <w id="0" lemma="|May|" pos="NNP" wid="0">May</w>
  <w id="1" lemma="|Jesus|" pos="NNP" wid="1">Jesus</w>
  <w id="2" lemma="|,|" pos="," wid="2">,</w>
  <w id="3" lemma="|who|" pos="WP" wid="3">who</w>
  <w id="4" lemma="|say|" pos="VBD" wid="4">said</w>
  <w id="5" lemma="|:|" pos=":" wid="5">:</w>
  <w id="6" lemma="|``|" pos="``" wid="6">``</w>
  <w id="7" lemma="|I|" pos="PRP" wid="7">I</w>
  <w id="8" lemma="|be|" pos="VBP" wid="8">am</w>
  <w id="9" lemma="|the|" pos="DT" wid="9">the</w>
  <w id="10" lemma="|resurrection|" pos="NN" wid="10">resurrection</w>
  <w id="11" lemma="|and|" pos="CC" wid="11">and</w>
  <w id="12" lemma="|the|" pos="DT" wid="12">the</w>
  <w id="13" lemma="|life|" pos="NN" wid="13">life</w>
  <w id="14" lemma="|''|" pos="''" wid="14">''</w>
  <w id="15" lemma="|-lrb-|" pos="-LRB-" wid="15">-LRB-</w>
  <w id="16" lemma="|jn|" pos="NN" wid="16">Jn</w>
  <w id="17" lemma="|11:25|" pos="CD" wid="17">11:25</w>
  <w id="18" lemma="|-rrb-|" pos="-RRB-" wid="18">-RRB-</w>
  <w id="19" lemma="|,|" pos="," wid="19">,</w>
  <w id="20" lemma="|grant|" pos="NN" wid="20">grant</w>
  <w id="21" lemma="|to|" pos="TO" wid="21">to</w>
  <w id="22" lemma="|all|" pos="PDT" wid="22">all</w>
  <w id="23" lemma="|the|" pos="DT" wid="23">the</w>
  <w id="24" lemma="|depart|" pos="VBD" wid="24">departed</w>
  <w id="25" lemma="|the|" pos="DT" wid="25">the</w>
  <w id="26" lemma="|rest|" pos="NN" wid="26">rest</w>
  <w id="27" lemma="|of|" pos="IN" wid="27">of</w>
  <w id="28" lemma="|the|" pos="DT" wid="28">the</w>
  <w id="29" lemma="|just|" pos="RB" wid="29">just</w>
  <w id="30" lemma="|and|" pos="CC" wid="30">and</w>
  <w id="31" lemma="|the|" pos="DT" wid="31">the</w>
  <w id="32" lemma="|fullness|" pos="NN" wid="32">fullness</w>
  <w id="33" lemma="|of|" pos="IN" wid="33">of</w>
  <w id="34" lemma="|eternal|" pos="JJ" wid="34">eternal</w>
  <w id="35" lemma="|life|" pos="NN" wid="35">life</w>
  <w id="36" lemma="|.|" pos="." wid="36">.</w>
</sentence>
<sentence id="7">
  <w id="0" lemma="|2|" pos="CD" wid="0">2</w>
  <w id="1" lemma="|.|" pos="." wid="1">.</w>
</sentence>
<sentence id="8">
  <w id="0" lemma="|the|" pos="DT" wid="0">The</w>
  <w id="1" lemma="|Church|" pos="NNP" wid="1">Church</w>
  <w id="2" lemma="|'s|" pos="POS" wid="2">'s</w>
  <w id="3" lemma="|tradition|" pos="NN" wid="3">tradition</w>
  <w id="4" lemma="|have|" pos="VBZ" wid="4">has</w>
  <w id="5" lemma="|always|" pos="RB" wid="5">always</w>
  <w id="6" lemma="|recommend|" pos="VBN" wid="6">recommended</w>
  <w id="7" lemma="|prayer|" pos="NNS" wid="7">prayers</w>
  <w id="8" lemma="|for|" pos="IN" wid="8">for</w>
  <w id="9" lemma="|the|" pos="DT" wid="9">the</w>
  <w id="10" lemma="|dead|" pos="NN" wid="10">dead</w>
  <w id="11" lemma="|.|" pos="." wid="11">.</w>
</sentence>
<sentence id="9">
  <w id="0" lemma="|the|" pos="DT" wid="0">The</w>
  <w id="1" lemma="|basis|" pos="NN" wid="1">basis</w>
  <w id="2" lemma="|for|" pos="IN" wid="2">for</w>
  <w id="3" lemma="|this|" pos="DT" wid="3">this</w>
  <w id="4" lemma="|prayer|" pos="NN" wid="4">prayer</w>
  <w id="5" lemma="|of|" pos="IN" wid="5">of</w>
  <w id="6" lemma="|suffrage|" pos="NN" wid="6">suffrage</w>
  <w id="7" lemma="|be|" pos="VBZ" wid="7">is</w>
  <w id="8" lemma="|find|" pos="VBN" wid="8">found</w>
  <w id="9" lemma="|in|" pos="IN" wid="9">in</w>
  <w id="10" lemma="|the|" pos="DT" wid="10">the</w>
  <w id="11" lemma="|communion|" pos="NN" wid="11">communion</w>
  <w id="12" lemma="|of|" pos="IN" wid="12">of</w>
  <w id="13" lemma="|the|" pos="DT" wid="13">the</w>
  <w id="14" lemma="|mystical|" pos="JJ" wid="14">Mystical</w>
  <w id="15" lemma="|body|" pos="NN" wid="15">Body</w>
  <w id="16" lemma="|.|" pos="." wid="16">.</w>
</sentence>
<sentence id="10">
  <w id="0" lemma="|as|" pos="IN" wid="0">As</w>
  <w id="1" lemma="|the|" pos="DT" wid="1">the</w>
  <w id="2" lemma="|Second|" pos="NNP" wid="2">Second</w>
  <w id="3" lemma="|Vatican|" pos="NNP" wid="3">Vatican</w>
  <w id="4" lemma="|Council|" pos="NNP" wid="4">Council</w>
  <w id="5" lemma="|stress|" pos="VBZ" wid="5">stresses</w>
  <w id="6" lemma="|:|" pos=":" wid="6">:</w>
  <w id="7" lemma="|``|" pos="``" wid="7">``</w>
  <w id="8" lemma="|in|" pos="IN" wid="8">In</w>
  <w id="9" lemma="|full|" pos="JJ" wid="9">full</w>
  <w id="10" lemma="|consciousness|" pos="NN" wid="10">consciousness</w>
  <w id="11" lemma="|of|" pos="IN" wid="11">of</w>
  <w id="12" lemma="|this|" pos="DT" wid="12">this</w>
  <w id="13" lemma="|communion|" pos="NN" wid="13">communion</w>
  <w id="14" lemma="|of|" pos="IN" wid="14">of</w>
  <w id="15" lemma="|the|" pos="DT" wid="15">the</w>
  <w id="16" lemma="|whole|" pos="JJ" wid="16">whole</w>
  <w id="17" lemma="|mystical|" pos="JJ" wid="17">Mystical</w>
  <w id="18" lemma="|body|" pos="NN" wid="18">Body</w>
  <w id="19" lemma="|of|" pos="IN" wid="19">of</w>
  <w id="20" lemma="|Jesus|" pos="NNP" wid="20">Jesus</w>
  <w id="21" lemma="|Christ|" pos="NNP" wid="21">Christ</w>
  <w id="22" lemma="|,|" pos="," wid="22">,</w>
  <w id="23" lemma="|the|" pos="DT" wid="23">the</w>
  <w id="24" lemma="|Church|" pos="NNP" wid="24">Church</w>
  <w id="25" lemma="|in|" pos="IN" wid="25">in</w>
  <w id="26" lemma="|she|" pos="PRP$" wid="26">her</w>
  <w id="27" lemma="|pilgrim|" pos="NN" wid="27">pilgrim</w>
  <w id="28" lemma="|member|" pos="NNS" wid="28">members</w>
  <w id="29" lemma="|,|" pos="," wid="29">,</w>
  <w id="30" lemma="|from|" pos="IN" wid="30">from</w>
  <w id="31" lemma="|the|" pos="DT" wid="31">the</w>
  <w id="32" lemma="|very|" pos="RB" wid="32">very</w>
  <w id="33" lemma="|earliest|" pos="JJS" wid="33">earliest</w>
  <w id="34" lemma="|day|" pos="NNS" wid="34">days</w>
  <w id="35" lemma="|of|" pos="IN" wid="35">of</w>
  <w id="36" lemma="|the|" pos="DT" wid="36">the</w>
  <w id="37" lemma="|Christian|" pos="NNP" wid="37">Christian</w>
  <w id="38" lemma="|religion|" pos="NN" wid="38">religion</w>
  <w id="39" lemma="|,|" pos="," wid="39">,</w>
  <w id="40" lemma="|have|" pos="VBZ" wid="40">has</w>
  <w id="41" lemma="|honour|" pos="VBN" wid="41">honoured</w>
  <w id="42" lemma="|with|" pos="IN" wid="42">with</w>
  <w id="43" lemma="|great|" pos="JJ" wid="43">great</w>
  <w id="44" lemma="|respect|" pos="NN" wid="44">respect</w>
  <w id="45" lemma="|the|" pos="DT" wid="45">the</w>
  <w id="46" lemma="|memory|" pos="NN" wid="46">memory</w>
  <w id="47" lemma="|of|" pos="IN" wid="47">of</w>
  <w id="48" lemma="|the|" pos="DT" wid="48">the</w>
  <w id="49" lemma="|dead|" pos="NN" wid="49">dead</w>
  <w id="50" lemma="|''|" pos="''" wid="50">''</w>
  <w id="51" lemma="|-lrb-|" pos="-LRB-" wid="51">-LRB-</w>
  <w id="52" lemma="|Lumen|" pos="NNP" wid="52">Lumen</w>
  <w id="53" lemma="|gentium|" pos="NN" wid="53">gentium</w>
  <w id="54" lemma="|,|" pos="," wid="54">,</w>
  <w id="55" lemma="|n.|" pos="NN" wid="55">n.</w>
  <w id="56" lemma="|50|" pos="CD" wid="56">50</w>
  <w id="57" lemma="|-rrb-|" pos="-RRB-" wid="57">-RRB-</w>
  <w id="58" lemma="|.|" pos="." wid="58">.</w>
</sentence>
<sentence id="11">
  <w id="0" lemma="|therefore|" pos="RB" wid="0">Therefore</w>
  <w id="1" lemma="|she|" pos="PRP" wid="1">she</w>
  <w id="2" lemma="|encourage|" pos="VBZ" wid="2">encourages</w>
  <w id="3" lemma="|cemetery|" pos="NN" wid="3">cemetery</w>
  <w id="4" lemma="|visit|" pos="NNS" wid="4">visits</w>
  <w id="5" lemma="|,|" pos="," wid="5">,</w>
  <w id="6" lemma="|the|" pos="DT" wid="6">the</w>
  <w id="7" lemma="|care|" pos="NN" wid="7">care</w>
  <w id="8" lemma="|of|" pos="IN" wid="8">of</w>
  <w id="9" lemma="|grave|" pos="NNS" wid="9">graves</w>
  <w id="10" lemma="|and|" pos="CC" wid="10">and</w>
  <w id="11" lemma="|prayer|" pos="NNS" wid="11">prayers</w>
  <w id="12" lemma="|of|" pos="IN" wid="12">of</w>
  <w id="13" lemma="|suffrage|" pos="NN" wid="13">suffrage</w>
  <w id="14" lemma="|as|" pos="IN" wid="14">as</w>
  <w id="15" lemma="|a|" pos="DT" wid="15">a</w>
  <w id="16" lemma="|witness|" pos="NN" wid="16">witness</w>
  <w id="17" lemma="|of|" pos="IN" wid="17">of</w>
  <w id="18" lemma="|confident|" pos="JJ" wid="18">confident</w>
  <w id="19" lemma="|hope|" pos="NN" wid="19">hope</w>
  <w id="20" lemma="|,|" pos="," wid="20">,</w>
  <w id="21" lemma="|amid|" pos="IN" wid="21">amid</w>
  <w id="22" lemma="|the|" pos="DT" wid="22">the</w>
  <w id="23" lemma="|sorrow|" pos="NN" wid="23">sorrow</w>
  <w id="24" lemma="|of|" pos="IN" wid="24">of</w>
  <w id="25" lemma="|be|" pos="VBG" wid="25">being</w>
  <w id="26" lemma="|separate|" pos="VBN" wid="26">separated</w>
  <w id="27" lemma="|from|" pos="IN" wid="27">from</w>
  <w id="28" lemma="|one|" pos="PRP" wid="28">one</w>
  <w id="29" lemma="|be|" pos="VBZ" wid="29">'s</w>
  <w id="30" lemma="|love|" pos="VBN" wid="30">loved</w>
  <w id="31" lemma="|one|" pos="NNS" wid="31">ones</w>
  <w id="32" lemma="|.|" pos="." wid="32">.</w>
</sentence>
<sentence id="12">
  <w id="0" lemma="|death|" pos="NN" wid="0">Death</w>
  <w id="1" lemma="|be|" pos="VBZ" wid="1">is</w>
  <w id="2" lemma="|not|" pos="RB" wid="2">not</w>
  <w id="3" lemma="|the|" pos="DT" wid="3">the</w>
  <w id="4" lemma="|last|" pos="JJ" wid="4">last</w>
  <w id="5" lemma="|word|" pos="NN" wid="5">word</w>
  <w id="6" lemma="|on|" pos="IN" wid="6">on</w>
  <w id="7" lemma="|human|" pos="JJ" wid="7">human</w>
  <w id="8" lemma="|fate|" pos="NN" wid="8">fate</w>
  <w id="9" lemma="|,|" pos="," wid="9">,</w>
  <w id="10" lemma="|because|" pos="IN" wid="10">because</w>
  <w id="11" lemma="|man|" pos="NN" wid="11">man</w>
  <w id="12" lemma="|be|" pos="VBZ" wid="12">is</w>
  <w id="13" lemma="|destine|" pos="VBN" wid="13">destined</w>
  <w id="14" lemma="|for|" pos="IN" wid="14">for</w>
  <w id="15" lemma="|endless|" pos="JJ" wid="15">endless</w>
  <w id="16" lemma="|life|" pos="NN" wid="16">life</w>
  <w id="17" lemma="|,|" pos="," wid="17">,</w>
  <w id="18" lemma="|which|" pos="WDT" wid="18">which</w>
  <w id="19" lemma="|find|" pos="VBZ" wid="19">finds</w>
  <w id="20" lemma="|its|" pos="PRP$" wid="20">its</w>
  <w id="21" lemma="|fulfilment|" pos="NN" wid="21">fulfilment</w>
  <w id="22" lemma="|in|" pos="IN" wid="22">in</w>
  <w id="23" lemma="|God|" pos="NNP" wid="23">God</w>
  <w id="24" lemma="|.|" pos="." wid="24">.</w>
</sentence>
<sentence id="13">
  <w id="0" lemma="|for|" pos="IN" wid="0">For</w>
  <w id="1" lemma="|this|" pos="DT" wid="1">this</w>
  <w id="2" lemma="|reason|" pos="NN" wid="2">reason</w>
  <w id="3" lemma="|,|" pos="," wid="3">,</w>
  <w id="4" lemma="|the|" pos="DT" wid="4">the</w>
  <w id="5" lemma="|Council|" pos="NNP" wid="5">Council</w>
  <w id="6" lemma="|emphasize|" pos="VBZ" wid="6">emphasizes</w>
  <w id="7" lemma="|:|" pos=":" wid="7">:</w>
  <w id="8" lemma="|``|" pos="``" wid="8">``</w>
  <w id="9" lemma="|faith|" pos="NN" wid="9">Faith</w>
  <w id="10" lemma="|,|" pos="," wid="10">,</w>
  <w id="11" lemma="|with|" pos="IN" wid="11">with</w>
  <w id="12" lemma="|its|" pos="PRP$" wid="12">its</w>
  <w id="13" lemma="|solidly|" pos="RB" wid="13">solidly</w>
  <w id="14" lemma="|base|" pos="VBN" wid="14">based</w>
  <w id="15" lemma="|teaching|" pos="NN" wid="15">teaching</w>
  <w id="16" lemma="|,|" pos="," wid="16">,</w>
  <w id="17" lemma="|provide|" pos="VBZ" wid="17">provides</w>
  <w id="18" lemma="|every|" pos="DT" wid="18">every</w>
  <w id="19" lemma="|thoughtful|" pos="JJ" wid="19">thoughtful</w>
  <w id="20" lemma="|man|" pos="NN" wid="20">man</w>
  <w id="21" lemma="|with|" pos="IN" wid="21">with</w>
  <w id="22" lemma="|a|" pos="DT" wid="22">an</w>
  <w id="23" lemma="|answer|" pos="NN" wid="23">answer</w>
  <w id="24" lemma="|to|" pos="TO" wid="24">to</w>
  <w id="25" lemma="|he|" pos="PRP$" wid="25">his</w>
  <w id="26" lemma="|anxious|" pos="JJ" wid="26">anxious</w>
  <w id="27" lemma="|query|" pos="NNS" wid="27">queries</w>
  <w id="28" lemma="|about|" pos="IN" wid="28">about</w>
  <w id="29" lemma="|he|" pos="PRP$" wid="29">his</w>
  <w id="30" lemma="|future|" pos="JJ" wid="30">future</w>
  <w id="31" lemma="|lot|" pos="NN" wid="31">lot</w>
  <w id="32" lemma="|.|" pos="." wid="32">.</w>
</sentence>
<sentence id="14">
  <w id="0" lemma="|at|" pos="IN" wid="0">At</w>
  <w id="1" lemma="|the|" pos="DT" wid="1">the</w>
  <w id="2" lemma="|same|" pos="JJ" wid="2">same</w>
  <w id="3" lemma="|time|" pos="NN" wid="3">time</w>
  <w id="4" lemma="|it|" pos="PRP" wid="4">it</w>
  <w id="5" lemma="|make|" pos="VBZ" wid="5">makes</w>
  <w id="6" lemma="|he|" pos="PRP" wid="6">him</w>
  <w id="7" lemma="|able|" pos="JJ" wid="7">able</w>
  <w id="8" lemma="|to|" pos="TO" wid="8">to</w>
  <w id="9" lemma="|be|" pos="VB" wid="9">be</w>
  <w id="10" lemma="|unite|" pos="VBN" wid="10">united</w>
  <w id="11" lemma="|in|" pos="IN" wid="11">in</w>
  <w id="12" lemma="|Christ|" pos="NNP" wid="12">Christ</w>
  <w id="13" lemma="|with|" pos="IN" wid="13">with</w>
  <w id="14" lemma="|he|" pos="PRP$" wid="14">his</w>
  <w id="15" lemma="|love|" pos="VBN" wid="15">loved</w>
  <w id="16" lemma="|one|" pos="NNS" wid="16">ones</w>
  <w id="17" lemma="|who|" pos="WP" wid="17">who</w>
  <w id="18" lemma="|have|" pos="VBP" wid="18">have</w>
  <w id="19" lemma="|already|" pos="RB" wid="19">already</w>
  <w id="20" lemma="|die|" pos="VBN" wid="20">died</w>
  <w id="21" lemma="|,|" pos="," wid="21">,</w>
  <w id="22" lemma="|and|" pos="CC" wid="22">and</w>
  <w id="23" lemma="|give|" pos="VBZ" wid="23">gives</w>
  <w id="24" lemma="|hope|" pos="NN" wid="24">hope</w>
  <w id="25" lemma="|that|" pos="IN" wid="25">that</w>
  <w id="26" lemma="|they|" pos="PRP" wid="26">they</w>
  <w id="27" lemma="|have|" pos="VBP" wid="27">have</w>
  <w id="28" lemma="|find|" pos="VBN" wid="28">found</w>
  <w id="29" lemma="|true|" pos="JJ" wid="29">true</w>
  <w id="30" lemma="|life|" pos="NN" wid="30">life</w>
  <w id="31" lemma="|in|" pos="IN" wid="31">in</w>
  <w id="32" lemma="|God|" pos="NNP" wid="32">God</w>
  <w id="33" lemma="|''|" pos="''" wid="33">''</w>
  <w id="34" lemma="|-lrb-|" pos="-LRB-" wid="34">-LRB-</w>
  <w id="35" lemma="|gaudium|" pos="FW" wid="35">Gaudium</w>
  <w id="36" lemma="|et|" pos="FW" wid="36">et</w>
  <w id="37" lemma="|spe|" pos="NNS" wid="37">spes</w>
  <w id="38" lemma="|,|" pos="," wid="38">,</w>
  <w id="39" lemma="|n.|" pos="NN" wid="39">n.</w>
  <w id="40" lemma="|18|" pos="CD" wid="40">18</w>
  <w id="41" lemma="|-rrb-|" pos="-RRB-" wid="41">-RRB-</w>
  <w id="42" lemma="|.|" pos="." wid="42">.</w>
</sentence>
<sentence id="15">
  <w id="0" lemma="|3|" pos="LS" wid="0">3</w>
  <w id="1" lemma="|.|" pos="." wid="1">.</w>
</sentence>
<sentence id="16">
  <w id="0" lemma="|with|" pos="IN" wid="0">With</w>
  <w id="1" lemma="|this|" pos="DT" wid="1">this</w>
  <w id="2" lemma="|belief|" pos="NN" wid="2">belief</w>
  <w id="3" lemma="|in|" pos="IN" wid="3">in</w>
  <w id="4" lemma="|man|" pos="NN" wid="4">man</w>
  <w id="5" lemma="|'s|" pos="POS" wid="5">'s</w>
  <w id="6" lemma="|ultimate|" pos="JJ" wid="6">ultimate</w>
  <w id="7" lemma="|destiny|" pos="NN" wid="7">destiny</w>
  <w id="8" lemma="|,|" pos="," wid="8">,</w>
  <w id="9" lemma="|we|" pos="PRP" wid="9">we</w>
  <w id="10" lemma="|now|" pos="RB" wid="10">now</w>
  <w id="11" lemma="|turn|" pos="VBP" wid="11">turn</w>
  <w id="12" lemma="|to|" pos="TO" wid="12">to</w>
  <w id="13" lemma="|Mary|" pos="NNP" wid="13">Mary</w>
  <w id="14" lemma="|,|" pos="," wid="14">,</w>
  <w id="15" lemma="|who|" pos="WP" wid="15">who</w>
  <w id="16" lemma="|experience|" pos="VBD" wid="16">experienced</w>
  <w id="17" lemma="|the|" pos="DT" wid="17">the</w>
  <w id="18" lemma="|drama|" pos="NN" wid="18">drama</w>
  <w id="19" lemma="|of|" pos="IN" wid="19">of</w>
  <w id="20" lemma="|Christ|" pos="NNP" wid="20">Christ</w>
  <w id="21" lemma="|'s|" pos="POS" wid="21">'s</w>
  <w id="22" lemma="|death|" pos="NN" wid="22">death</w>
  <w id="23" lemma="|at|" pos="IN" wid="23">at</w>
  <w id="24" lemma="|the|" pos="DT" wid="24">the</w>
  <w id="25" lemma="|foot|" pos="NN" wid="25">foot</w>
  <w id="26" lemma="|of|" pos="IN" wid="26">of</w>
  <w id="27" lemma="|the|" pos="DT" wid="27">the</w>
  <w id="28" lemma="|Cross|" pos="NNP" wid="28">Cross</w>
  <w id="29" lemma="|and|" pos="CC" wid="29">and</w>
  <w id="30" lemma="|then|" pos="RB" wid="30">then</w>
  <w id="31" lemma="|share|" pos="VBN" wid="31">shared</w>
  <w id="32" lemma="|in|" pos="IN" wid="32">in</w>
  <w id="33" lemma="|the|" pos="DT" wid="33">the</w>
  <w id="34" lemma="|joy|" pos="NN" wid="34">joy</w>
  <w id="35" lemma="|of|" pos="IN" wid="35">of</w>
  <w id="36" lemma="|he|" pos="PRP$" wid="36">his</w>
  <w id="37" lemma="|resurrection|" pos="NN" wid="37">Resurrection</w>
  <w id="38" lemma="|.|" pos="." wid="38">.</w>
</sentence>
<sentence id="17">
  <w id="0" lemma="|May|" pos="NNP" wid="0">May</w>
  <w id="1" lemma="|she|" pos="PRP" wid="1">she</w>
  <w id="2" lemma="|,|" pos="," wid="2">,</w>
  <w id="3" lemma="|the|" pos="DT" wid="3">the</w>
  <w id="4" lemma="|Gate|" pos="NNP" wid="4">Gate</w>
  <w id="5" lemma="|of|" pos="IN" wid="5">of</w>
  <w id="6" lemma="|Heaven|" pos="NNP" wid="6">Heaven</w>
  <w id="7" lemma="|,|" pos="," wid="7">,</w>
  <w id="8" lemma="|help|" pos="VB" wid="8">help</w>
  <w id="9" lemma="|we|" pos="PRP" wid="9">us</w>
  <w id="10" lemma="|more|" pos="JJR" wid="10">more</w>
  <w id="11" lemma="|and|" pos="CC" wid="11">and</w>
  <w id="12" lemma="|more|" pos="JJR" wid="12">more</w>
  <w id="13" lemma="|to|" pos="TO" wid="13">to</w>
  <w id="14" lemma="|understand|" pos="VB" wid="14">understand</w>
  <w id="15" lemma="|the|" pos="DT" wid="15">the</w>
  <w id="16" lemma="|value|" pos="NN" wid="16">value</w>
  <w id="17" lemma="|of|" pos="IN" wid="17">of</w>
  <w id="18" lemma="|pray|" pos="VBG" wid="18">praying</w>
  <w id="19" lemma="|for|" pos="IN" wid="19">for</w>
  <w id="20" lemma="|we|" pos="PRP$" wid="20">our</w>
  <w id="21" lemma="|depart|" pos="VBD" wid="21">departed</w>
  <w id="22" lemma="|love|" pos="VBN" wid="22">loved</w>
  <w id="23" lemma="|one|" pos="NNS" wid="23">ones</w>
  <w id="24" lemma="|.|" pos="." wid="24">.</w>
</sentence>
<sentence id="18">
  <w id="0" lemma="|may|" pos="MD" wid="0">May</w>
  <w id="1" lemma="|she|" pos="PRP" wid="1">she</w>
  <w id="2" lemma="|sustain|" pos="VB" wid="2">sustain</w>
  <w id="3" lemma="|we|" pos="PRP" wid="3">us</w>
  <w id="4" lemma="|each|" pos="DT" wid="4">each</w>
  <w id="5" lemma="|day|" pos="NN" wid="5">day</w>
  <w id="6" lemma="|on|" pos="IN" wid="6">on</w>
  <w id="7" lemma="|we|" pos="PRP$" wid="7">our</w>
  <w id="8" lemma="|earthly|" pos="JJ" wid="8">earthly</w>
  <w id="9" lemma="|pilgrimage|" pos="NN" wid="9">pilgrimage</w>
  <w id="10" lemma="|and|" pos="CC" wid="10">and</w>
  <w id="11" lemma="|help|" pos="VB" wid="11">help</w>
  <w id="12" lemma="|we|" pos="PRP" wid="12">us</w>
  <w id="13" lemma="|never|" pos="RB" wid="13">never</w>
  <w id="14" lemma="|to|" pos="TO" wid="14">to</w>
  <w id="15" lemma="|lose|" pos="VB" wid="15">lose</w>
  <w id="16" lemma="|sight|" pos="NN" wid="16">sight</w>
  <w id="17" lemma="|of|" pos="IN" wid="17">of</w>
  <w id="18" lemma="|the|" pos="DT" wid="18">the</w>
  <w id="19" lemma="|ultimate|" pos="JJ" wid="19">ultimate</w>
  <w id="20" lemma="|goal|" pos="NN" wid="20">goal</w>
  <w id="21" lemma="|of|" pos="IN" wid="21">of</w>
  <w id="22" lemma="|life|" pos="NN" wid="22">life</w>
  <w id="23" lemma="|,|" pos="," wid="23">,</w>
  <w id="24" lemma="|which|" pos="WDT" wid="24">which</w>
  <w id="25" lemma="|be|" pos="VBZ" wid="25">is</w>
  <w id="26" lemma="|paradise|" pos="NN" wid="26">paradise</w>
  <w id="27" lemma="|.|" pos="." wid="27">.</w>
</sentence>
</corpus>