<corpus id="0">
<sentence id="0">
  <w id="0" lemma="|Dear|" pos="NNP" wid="0">Dear</w>
  <w id="1" lemma="|Brothers|" pos="NNPS" wid="1">Brothers</w>
  <w id="2" lemma="|and|" pos="CC" wid="2">and</w>
  <w id="3" lemma="|sister|" pos="NNS" wid="3">Sisters</w>
  <w id="4" lemma="|,|" pos="," wid="4">,</w>
  <w id="5" lemma="|1|" pos="CD" wid="5">1</w>
  <w id="6" lemma="|.|" pos="." wid="6">.</w>
</sentence>
<sentence id="1">
  <w id="0" lemma="|we|" pos="PRP" wid="0">We</w>
  <w id="1" lemma="|will|" pos="MD" wid="1">will</w>
  <w id="2" lemma="|now|" pos="RB" wid="2">now</w>
  <w id="3" lemma="|sing|" pos="VB" wid="3">sing</w>
  <w id="4" lemma="|together|" pos="RB" wid="4">together</w>
  <w id="5" lemma="|the|" pos="DT" wid="5">the</w>
  <w id="6" lemma="|Regina|" pos="NNP" wid="6">Regina</w>
  <w id="7" lemma="|Caeli|" pos="NNP" wid="7">Caeli</w>
  <w id="8" lemma="|,|" pos="," wid="8">,</w>
  <w id="9" lemma="|a|" pos="DT" wid="9">a</w>
  <w id="10" lemma="|Marian|" pos="NNP" wid="10">Marian</w>
  <w id="11" lemma="|prayer|" pos="NN" wid="11">prayer</w>
  <w id="12" lemma="|that|" pos="WDT" wid="12">that</w>
  <w id="13" lemma="|let|" pos="VBZ" wid="13">lets</w>
  <w id="14" lemma="|we|" pos="PRP" wid="14">us</w>
  <w id="15" lemma="|relive|" pos="VB" wid="15">relive</w>
  <w id="16" lemma="|the|" pos="DT" wid="16">the</w>
  <w id="17" lemma="|Blessed|" pos="NNP" wid="17">Blessed</w>
  <w id="18" lemma="|Virgin|" pos="NNP" wid="18">Virgin</w>
  <w id="19" lemma="|'s|" pos="POS" wid="19">'s</w>
  <w id="20" lemma="|intense|" pos="JJ" wid="20">intense</w>
  <w id="21" lemma="|Easter|" pos="NNP" wid="21">Easter</w>
  <w id="22" lemma="|joy|" pos="NN" wid="22">joy</w>
  <w id="23" lemma="|at|" pos="IN" wid="23">at</w>
  <w id="24" lemma="|she|" pos="PRP$" wid="24">her</w>
  <w id="25" lemma="|Son|" pos="NNP" wid="25">Son</w>
  <w id="26" lemma="|'s|" pos="POS" wid="26">'s</w>
  <w id="27" lemma="|resurrection|" pos="NN" wid="27">Resurrection</w>
  <w id="28" lemma="|.|" pos="." wid="28">.</w>
</sentence>
<sentence id="2">
  <w id="0" lemma="|Mary|" pos="NNP" wid="0">Mary</w>
  <w id="1" lemma="|watchfully|" pos="RB" wid="1">watchfully</w>
  <w id="2" lemma="|accompany|" pos="VBZ" wid="2">accompanies</w>
  <w id="3" lemma="|believer|" pos="NNS" wid="3">believers</w>
  <w id="4" lemma="|on|" pos="IN" wid="4">on</w>
  <w id="5" lemma="|they|" pos="PRP$" wid="5">their</w>
  <w id="6" lemma="|journey|" pos="NN" wid="6">journey</w>
  <w id="7" lemma="|,|" pos="," wid="7">,</w>
  <w id="8" lemma="|and|" pos="CC" wid="8">and</w>
  <w id="9" lemma="|you|" pos="PRP$" wid="9">your</w>
  <w id="10" lemma="|city|" pos="NN" wid="10">city</w>
  <w id="11" lemma="|bear|" pos="VBZ" wid="11">bears</w>
  <w id="12" lemma="|many|" pos="JJ" wid="12">many</w>
  <w id="13" lemma="|sign|" pos="NNS" wid="13">signs</w>
  <w id="14" lemma="|of|" pos="IN" wid="14">of</w>
  <w id="15" lemma="|she|" pos="PRP$" wid="15">her</w>
  <w id="16" lemma="|special|" pos="JJ" wid="16">special</w>
  <w id="17" lemma="|protection|" pos="NN" wid="17">protection</w>
  <w id="18" lemma="|.|" pos="." wid="18">.</w>
</sentence>
<sentence id="3">
  <w id="0" lemma="|right|" pos="RB" wid="0">Right</w>
  <w id="1" lemma="|before|" pos="IN" wid="1">before</w>
  <w id="2" lemma="|I|" pos="PRP" wid="2">me</w>
  <w id="3" lemma="|stand|" pos="VBZ" wid="3">stands</w>
  <w id="4" lemma="|the|" pos="DT" wid="4">the</w>
  <w id="5" lemma="|impose|" pos="VBG" wid="5">imposing</w>
  <w id="6" lemma="|church|" pos="NN" wid="6">church</w>
  <w id="7" lemma="|dedicate|" pos="VBN" wid="7">dedicated</w>
  <w id="8" lemma="|to|" pos="TO" wid="8">to</w>
  <w id="9" lemma="|the|" pos="DT" wid="9">the</w>
  <w id="10" lemma="|Great|" pos="NNP" wid="10">Great</w>
  <w id="11" lemma="|Mother|" pos="NNP" wid="11">Mother</w>
  <w id="12" lemma="|of|" pos="IN" wid="12">of</w>
  <w id="13" lemma="|God|" pos="NNP" wid="13">God</w>
  <w id="14" lemma="|,|" pos="," wid="14">,</w>
  <w id="15" lemma="|one|" pos="CD" wid="15">one</w>
  <w id="16" lemma="|of|" pos="IN" wid="16">of</w>
  <w id="17" lemma="|the|" pos="DT" wid="17">the</w>
  <w id="18" lemma="|many|" pos="JJ" wid="18">many</w>
  <w id="19" lemma="|which|" pos="WDT" wid="19">which</w>
  <w id="20" lemma="|the|" pos="DT" wid="20">the</w>
  <w id="21" lemma="|piety|" pos="NN" wid="21">piety</w>
  <w id="22" lemma="|of|" pos="IN" wid="22">of</w>
  <w id="23" lemma="|Turin|" pos="NNP" wid="23">Turin</w>
  <w id="24" lemma="|'s|" pos="POS" wid="24">'s</w>
  <w id="25" lemma="|people|" pos="NNS" wid="25">people</w>
  <w id="26" lemma="|have|" pos="VBZ" wid="26">has</w>
  <w id="27" lemma="|raise|" pos="VBN" wid="27">raised</w>
  <w id="28" lemma="|in|" pos="IN" wid="28">in</w>
  <w id="29" lemma="|honour|" pos="NN" wid="29">honour</w>
  <w id="30" lemma="|of|" pos="IN" wid="30">of</w>
  <w id="31" lemma="|Our|" pos="NNP" wid="31">Our</w>
  <w id="32" lemma="|Lady|" pos="NNP" wid="32">Lady</w>
  <w id="33" lemma="|.|" pos="." wid="33">.</w>
</sentence>
<sentence id="4">
  <w id="0" lemma="|how|" pos="WRB" wid="0">How</w>
  <w id="1" lemma="|can|" pos="MD" wid="1">can</w>
  <w id="2" lemma="|we|" pos="PRP" wid="2">we</w>
  <w id="3" lemma="|fail|" pos="VB" wid="3">fail</w>
  <w id="4" lemma="|to|" pos="TO" wid="4">to</w>
  <w id="5" lemma="|remember|" pos="VB" wid="5">remember</w>
  <w id="6" lemma="|the|" pos="DT" wid="6">the</w>
  <w id="7" lemma="|filial|" pos="JJ" wid="7">filial</w>
  <w id="8" lemma="|Marian|" pos="NNP" wid="8">Marian</w>
  <w id="9" lemma="|devotion|" pos="NN" wid="9">devotion</w>
  <w id="10" lemma="|of|" pos="IN" wid="10">of</w>
  <w id="11" lemma="|the|" pos="DT" wid="11">the</w>
  <w id="12" lemma="|many|" pos="JJ" wid="12">many</w>
  <w id="13" lemma="|saint|" pos="NNS" wid="13">saints</w>
  <w id="14" lemma="|and|" pos="CC" wid="14">and</w>
  <w id="15" lemma="|blessed|" pos="NNS" wid="15">blesseds</w>
  <w id="16" lemma="|who|" pos="WP" wid="16">who</w>
  <w id="17" lemma="|come|" pos="VBP" wid="17">come</w>
  <w id="18" lemma="|from|" pos="IN" wid="18">from</w>
  <w id="19" lemma="|Turin|" pos="NNP" wid="19">Turin</w>
  <w id="20" lemma="|and|" pos="CC" wid="20">and</w>
  <w id="21" lemma="|,|" pos="," wid="21">,</w>
  <w id="22" lemma="|in|" pos="IN" wid="22">in</w>
  <w id="23" lemma="|particular|" pos="JJ" wid="23">particular</w>
  <w id="24" lemma="|,|" pos="," wid="24">,</w>
  <w id="25" lemma="|St|" pos="NNP" wid="25">St</w>
  <w id="26" lemma="|John|" pos="NNP" wid="26">John</w>
  <w id="27" lemma="|Bosco|" pos="NNP" wid="27">Bosco</w>
  <w id="28" lemma="|,|" pos="," wid="28">,</w>
  <w id="29" lemma="|who|" pos="WP" wid="29">who</w>
  <w id="30" lemma="|always|" pos="RB" wid="30">always</w>
  <w id="31" lemma="|have|" pos="VBD" wid="31">had</w>
  <w id="32" lemma="|a|" pos="DT" wid="32">an</w>
  <w id="33" lemma="|affectionate|" pos="JJ" wid="33">affectionate</w>
  <w id="34" lemma="|enthusiasm|" pos="NN" wid="34">enthusiasm</w>
  <w id="35" lemma="|for|" pos="IN" wid="35">for</w>
  <w id="36" lemma="|Mary|" pos="NNP" wid="36">Mary</w>
  <w id="37" lemma="|,|" pos="," wid="37">,</w>
  <w id="38" lemma="|help|" pos="NN" wid="38">Help</w>
  <w id="39" lemma="|of|" pos="IN" wid="39">of</w>
  <w id="40" lemma="|christian|" pos="NNS" wid="40">Christians</w>
  <w id="41" lemma="|,|" pos="," wid="41">,</w>
  <w id="42" lemma="|whose|" pos="WP$" wid="42">whose</w>
  <w id="43" lemma="|liturgical|" pos="JJ" wid="43">liturgical</w>
  <w id="44" lemma="|memorial|" pos="NN" wid="44">memorial</w>
  <w id="45" lemma="|occur|" pos="VBZ" wid="45">occurs</w>
  <w id="46" lemma="|today|" pos="NN" wid="46">today</w>
  <w id="47" lemma="|?|" pos="." wid="47">?</w>
</sentence>
<sentence id="5">
  <w id="0" lemma="|Mary|" pos="NNP" wid="0">Mary</w>
  <w id="1" lemma="|be|" pos="VBZ" wid="1">is</w>
  <w id="2" lemma="|we|" pos="PRP$" wid="2">our</w>
  <w id="3" lemma="|Mother|" pos="NNP" wid="3">Mother</w>
  <w id="4" lemma="|and|" pos="CC" wid="4">and</w>
  <w id="5" lemma="|a|" pos="DT" wid="5">a</w>
  <w id="6" lemma="|true|" pos="JJ" wid="6">true</w>
  <w id="7" lemma="|help|" pos="NN" wid="7">help</w>
  <w id="8" lemma="|for|" pos="IN" wid="8">for</w>
  <w id="9" lemma="|every|" pos="DT" wid="9">every</w>
  <w id="10" lemma="|Christian|" pos="NNP" wid="10">Christian</w>
  <w id="11" lemma="|.|" pos="." wid="11">.</w>
</sentence>
<sentence id="6">
  <w id="0" lemma="|2|" pos="CD" wid="0">2</w>
  <w id="1" lemma="|.|" pos="." wid="1">.</w>
</sentence>
<sentence id="7">
  <w id="0" lemma="|today|" pos="NN" wid="0">Today</w>
  <w id="1" lemma="|we|" pos="PRP$" wid="1">our</w>
  <w id="2" lemma="|thought|" pos="NNS" wid="2">thoughts</w>
  <w id="3" lemma="|naturally|" pos="RB" wid="3">naturally</w>
  <w id="4" lemma="|turn|" pos="VBP" wid="4">turn</w>
  <w id="5" lemma="|to|" pos="TO" wid="5">to</w>
  <w id="6" lemma="|the|" pos="DT" wid="6">the</w>
  <w id="7" lemma="|place|" pos="NN" wid="7">place</w>
  <w id="8" lemma="|not|" pos="RB" wid="8">not</w>
  <w id="9" lemma="|far|" pos="RB" wid="9">far</w>
  <w id="10" lemma="|from|" pos="IN" wid="10">from</w>
  <w id="11" lemma="|here|" pos="RB" wid="11">here</w>
  <w id="12" lemma="|where|" pos="WRB" wid="12">where</w>
  <w id="13" lemma="|the|" pos="DT" wid="13">the</w>
  <w id="14" lemma="|shroud|" pos="NN" wid="14">Shroud</w>
  <w id="15" lemma="|be|" pos="VBZ" wid="15">is</w>
  <w id="16" lemma="|preserve|" pos="VBN" wid="16">preserved</w>
  <w id="17" lemma="|.|" pos="." wid="17">.</w>
</sentence>
<sentence id="8">
  <w id="0" lemma="|the|" pos="DT" wid="0">The</w>
  <w id="1" lemma="|icon|" pos="NN" wid="1">icon</w>
  <w id="2" lemma="|of|" pos="IN" wid="2">of</w>
  <w id="3" lemma="|the|" pos="DT" wid="3">the</w>
  <w id="4" lemma="|crucify|" pos="VBN" wid="4">crucified</w>
  <w id="5" lemma="|Man|" pos="NNP" wid="5">Man</w>
  <w id="6" lemma="|'s|" pos="POS" wid="6">'s</w>
  <w id="7" lemma="|passion|" pos="NN" wid="7">passion</w>
  <w id="8" lemma="|take|" pos="VBZ" wid="8">takes</w>
  <w id="9" lemma="|we|" pos="PRP" wid="9">us</w>
  <w id="10" lemma="|back|" pos="RB" wid="10">back</w>
  <w id="11" lemma="|to|" pos="TO" wid="11">to</w>
  <w id="12" lemma="|the|" pos="DT" wid="12">the</w>
  <w id="13" lemma="|moment|" pos="NN" wid="13">moment</w>
  <w id="14" lemma="|when|" pos="WRB" wid="14">when</w>
  <w id="15" lemma="|Mary|" pos="NNP" wid="15">Mary</w>
  <w id="16" lemma="|,|" pos="," wid="16">,</w>
  <w id="17" lemma="|face|" pos="VBN" wid="17">faced</w>
  <w id="18" lemma="|with|" pos="IN" wid="18">with</w>
  <w id="19" lemma="|the|" pos="DT" wid="19">the</w>
  <w id="20" lemma="|unprecedented|" pos="JJ" wid="20">unprecedented</w>
  <w id="21" lemma="|pain|" pos="NN" wid="21">pain</w>
  <w id="22" lemma="|of|" pos="IN" wid="22">of</w>
  <w id="23" lemma="|she|" pos="PRP" wid="23">her</w>
  <w id="24" lemma="|crucify|" pos="VBD" wid="24">crucified</w>
  <w id="25" lemma="|Son|" pos="NNP" wid="25">Son</w>
  <w id="26" lemma="|,|" pos="," wid="26">,</w>
  <w id="27" lemma="|experience|" pos="VBD" wid="27">experienced</w>
  <w id="28" lemma="|the|" pos="DT" wid="28">the</w>
  <w id="29" lemma="|harshest|" pos="JJS" wid="29">harshest</w>
  <w id="30" lemma="|test|" pos="NN" wid="30">test</w>
  <w id="31" lemma="|in|" pos="IN" wid="31">in</w>
  <w id="32" lemma="|she|" pos="PRP$" wid="32">her</w>
  <w id="33" lemma="|life|" pos="NN" wid="33">life</w>
  <w id="34" lemma="|and|" pos="CC" wid="34">and</w>
  <w id="35" lemma="|overcome|" pos="VBD" wid="35">overcame</w>
  <w id="36" lemma="|it|" pos="PRP" wid="36">it</w>
  <w id="37" lemma="|in|" pos="IN" wid="37">in</w>
  <w id="38" lemma="|faith|" pos="NN" wid="38">faith</w>
  <w id="39" lemma="|.|" pos="." wid="39">.</w>
</sentence>
<sentence id="9">
  <w id="0" lemma="|it|" pos="PRP" wid="0">It</w>
  <w id="1" lemma="|be|" pos="VBD" wid="1">was</w>
  <w id="2" lemma="|then|" pos="RB" wid="2">then</w>
  <w id="3" lemma="|that|" pos="IN" wid="3">that</w>
  <w id="4" lemma="|Jesus|" pos="NNP" wid="4">Jesus</w>
  <w id="5" lemma="|,|" pos="," wid="5">,</w>
  <w id="6" lemma="|hang|" pos="VBG" wid="6">hanging</w>
  <w id="7" lemma="|on|" pos="IN" wid="7">on</w>
  <w id="8" lemma="|the|" pos="DT" wid="8">the</w>
  <w id="9" lemma="|Cross|" pos="NNP" wid="9">Cross</w>
  <w id="10" lemma="|,|" pos="," wid="10">,</w>
  <w id="11" lemma="|entrust|" pos="VBD" wid="11">entrusted</w>
  <w id="12" lemma="|we|" pos="PRP" wid="12">us</w>
  <w id="13" lemma="|to|" pos="TO" wid="13">to</w>
  <w id="14" lemma="|she|" pos="PRP" wid="14">her</w>
  <w id="15" lemma="|as|" pos="IN" wid="15">as</w>
  <w id="16" lemma="|she|" pos="PRP$" wid="16">her</w>
  <w id="17" lemma="|child|" pos="NNS" wid="17">children</w>
  <w id="18" lemma="|.|" pos="." wid="18">.</w>
</sentence>
<sentence id="10">
  <w id="0" lemma="|and|" pos="CC" wid="0">And</w>
  <w id="1" lemma="|Mary|" pos="NNP" wid="1">Mary</w>
  <w id="2" lemma="|accept|" pos="VBD" wid="2">accepted</w>
  <w id="3" lemma="|we|" pos="PRP" wid="3">us</w>
  <w id="4" lemma="|.|" pos="." wid="4">.</w>
</sentence>
<sentence id="11">
  <w id="0" lemma="|trust|" pos="VBG" wid="0">Trusting</w>
  <w id="1" lemma="|in|" pos="IN" wid="1">in</w>
  <w id="2" lemma="|she|" pos="PRP$" wid="2">her</w>
  <w id="3" lemma="|motherly|" pos="JJ" wid="3">motherly</w>
  <w id="4" lemma="|love|" pos="NN" wid="4">love</w>
  <w id="5" lemma="|,|" pos="," wid="5">,</w>
  <w id="6" lemma="|we|" pos="PRP" wid="6">we</w>
  <w id="7" lemma="|now|" pos="RB" wid="7">now</w>
  <w id="8" lemma="|ask|" pos="VBP" wid="8">ask</w>
  <w id="9" lemma="|she|" pos="PRP" wid="9">her</w>
  <w id="10" lemma="|to|" pos="TO" wid="10">to</w>
  <w id="11" lemma="|intercede|" pos="VB" wid="11">intercede</w>
  <w id="12" lemma="|for|" pos="IN" wid="12">for</w>
  <w id="13" lemma="|we|" pos="PRP" wid="13">us</w>
  <w id="14" lemma="|,|" pos="," wid="14">,</w>
  <w id="15" lemma="|for|" pos="IN" wid="15">for</w>
  <w id="16" lemma="|we|" pos="PRP$" wid="16">our</w>
  <w id="17" lemma="|family|" pos="NNS" wid="17">families</w>
  <w id="18" lemma="|,|" pos="," wid="18">,</w>
  <w id="19" lemma="|for|" pos="IN" wid="19">for</w>
  <w id="20" lemma="|the|" pos="DT" wid="20">the</w>
  <w id="21" lemma="|sick|" pos="JJ" wid="21">sick</w>
  <w id="22" lemma="|and|" pos="CC" wid="22">and</w>
  <w id="23" lemma="|the|" pos="DT" wid="23">the</w>
  <w id="24" lemma="|suffering|" pos="NN" wid="24">suffering</w>
  <w id="25" lemma="|,|" pos="," wid="25">,</w>
  <w id="26" lemma="|for|" pos="IN" wid="26">for</w>
  <w id="27" lemma="|the|" pos="DT" wid="27">the</w>
  <w id="28" lemma="|Church|" pos="NNP" wid="28">Church</w>
  <w id="29" lemma="|and|" pos="CC" wid="29">and</w>
  <w id="30" lemma="|for|" pos="IN" wid="30">for</w>
  <w id="31" lemma="|the|" pos="DT" wid="31">the</w>
  <w id="32" lemma="|city|" pos="NN" wid="32">city</w>
  <w id="33" lemma="|of|" pos="IN" wid="33">of</w>
  <w id="34" lemma="|Turin|" pos="NNP" wid="34">Turin</w>
  <w id="35" lemma="|,|" pos="," wid="35">,</w>
  <w id="36" lemma="|for|" pos="IN" wid="36">for</w>
  <w id="37" lemma="|Italy|" pos="NNP" wid="37">Italy</w>
  <w id="38" lemma="|and|" pos="CC" wid="38">and</w>
  <w id="39" lemma="|for|" pos="IN" wid="39">for</w>
  <w id="40" lemma="|the|" pos="DT" wid="40">the</w>
  <w id="41" lemma="|whole|" pos="JJ" wid="41">whole</w>
  <w id="42" lemma="|world|" pos="NN" wid="42">world</w>
  <w id="43" lemma="|.|" pos="." wid="43">.</w>
</sentence>
<sentence id="12">
  <w id="0" lemma="|let|" pos="VB" wid="0">Let</w>
  <w id="1" lemma="|we|" pos="PRP" wid="1">us</w>
  <w id="2" lemma="|ask|" pos="VB" wid="2">ask</w>
  <w id="3" lemma="|she|" pos="PRP" wid="3">her</w>
  <w id="4" lemma="|in|" pos="IN" wid="4">in</w>
  <w id="5" lemma="|a|" pos="DT" wid="5">a</w>
  <w id="6" lemma="|very|" pos="RB" wid="6">very</w>
  <w id="7" lemma="|special|" pos="JJ" wid="7">special</w>
  <w id="8" lemma="|way|" pos="NN" wid="8">way</w>
  <w id="9" lemma="|to|" pos="TO" wid="9">to</w>
  <w id="10" lemma="|protect|" pos="VB" wid="10">protect</w>
  <w id="11" lemma="|the|" pos="DT" wid="11">the</w>
  <w id="12" lemma="|young|" pos="JJ" wid="12">young</w>
  <w id="13" lemma="|people|" pos="NNS" wid="13">people</w>
  <w id="14" lemma="|of|" pos="IN" wid="14">of</w>
  <w id="15" lemma="|Turin|" pos="NNP" wid="15">Turin</w>
  <w id="16" lemma="|,|" pos="," wid="16">,</w>
  <w id="17" lemma="|especially|" pos="RB" wid="17">especially</w>
  <w id="18" lemma="|the|" pos="DT" wid="18">the</w>
  <w id="19" lemma="|large|" pos="JJ" wid="19">large</w>
  <w id="20" lemma="|group|" pos="NN" wid="20">group</w>
  <w id="21" lemma="|of|" pos="IN" wid="21">of</w>
  <w id="22" lemma="|young|" pos="JJ" wid="22">young</w>
  <w id="23" lemma="|man|" pos="NNS" wid="23">men</w>
  <w id="24" lemma="|and|" pos="CC" wid="24">and</w>
  <w id="25" lemma="|woman|" pos="NNS" wid="25">women</w>
  <w id="26" lemma="|present|" pos="VBP" wid="26">present</w>
  <w id="27" lemma="|here|" pos="RB" wid="27">here</w>
  <w id="28" lemma="|who|" pos="WP" wid="28">who</w>
  <w id="29" lemma="|take|" pos="VBD" wid="29">took</w>
  <w id="30" lemma="|part|" pos="NN" wid="30">part</w>
  <w id="31" lemma="|in|" pos="IN" wid="31">in</w>
  <w id="32" lemma="|the|" pos="DT" wid="32">the</w>
  <w id="33" lemma="|World|" pos="NNP" wid="33">World</w>
  <w id="34" lemma="|Youth|" pos="NNP" wid="34">Youth</w>
  <w id="35" lemma="|Day|" pos="NNP" wid="35">Day</w>
  <w id="36" lemma="|hold|" pos="VBD" wid="36">held</w>
  <w id="37" lemma="|in|" pos="IN" wid="37">in</w>
  <w id="38" lemma="|Paris|" pos="NNP" wid="38">Paris</w>
  <w id="39" lemma="|last|" pos="JJ" wid="39">last</w>
  <w id="40" lemma="|August|" pos="NNP" wid="40">August</w>
  <w id="41" lemma="|.|" pos="." wid="41">.</w>
</sentence>
<sentence id="13">
  <w id="0" lemma="|with|" pos="IN" wid="0">With</w>
  <w id="1" lemma="|she|" pos="PRP$" wid="1">her</w>
  <w id="2" lemma="|help|" pos="NN" wid="2">help</w>
  <w id="3" lemma="|,|" pos="," wid="3">,</w>
  <w id="4" lemma="|may|" pos="MD" wid="4">may</w>
  <w id="5" lemma="|the|" pos="DT" wid="5">the</w>
  <w id="6" lemma="|plan|" pos="NN" wid="6">plan</w>
  <w id="7" lemma="|of|" pos="IN" wid="7">of</w>
  <w id="8" lemma="|divine|" pos="JJ" wid="8">divine</w>
  <w id="9" lemma="|salvation|" pos="NN" wid="9">salvation</w>
  <w id="10" lemma="|be|" pos="VB" wid="10">be</w>
  <w id="11" lemma="|fulfil|" pos="VBN" wid="11">fulfilled</w>
  <w id="12" lemma="|in|" pos="IN" wid="12">in</w>
  <w id="13" lemma="|each|" pos="DT" wid="13">each</w>
  <w id="14" lemma="|one|" pos="CD" wid="14">one</w>
  <w id="15" lemma="|of|" pos="IN" wid="15">of</w>
  <w id="16" lemma="|we|" pos="PRP" wid="16">us</w>
  <w id="17" lemma="|,|" pos="," wid="17">,</w>
  <w id="18" lemma="|as|" pos="IN" wid="18">as</w>
  <w id="19" lemma="|it|" pos="PRP" wid="19">it</w>
  <w id="20" lemma="|be|" pos="VBD" wid="20">was</w>
  <w id="21" lemma="|for|" pos="IN" wid="21">for</w>
  <w id="22" lemma="|the|" pos="DT" wid="22">the</w>
  <w id="23" lemma="|three|" pos="CD" wid="23">three</w>
  <w id="24" lemma="|new|" pos="JJ" wid="24">new</w>
  <w id="25" lemma="|blessed|" pos="NNS" wid="25">blesseds</w>
  <w id="26" lemma="|whom|" pos="WP" wid="26">whom</w>
  <w id="27" lemma="|we|" pos="PRP" wid="27">we</w>
  <w id="28" lemma="|contemplate|" pos="VBP" wid="28">contemplate</w>
  <w id="29" lemma="|today|" pos="NN" wid="29">today</w>
  <w id="30" lemma="|in|" pos="IN" wid="30">in</w>
  <w id="31" lemma="|heavenly|" pos="JJ" wid="31">heavenly</w>
  <w id="32" lemma="|glory|" pos="NN" wid="32">glory</w>
  <w id="33" lemma="|.|" pos="." wid="33">.</w>
</sentence>
<sentence id="14">
  <w id="0" lemma="|3|" pos="LS" wid="0">3</w>
  <w id="1" lemma="|.|" pos="." wid="1">.</w>
</sentence>
<sentence id="15">
  <w id="0" lemma="|lastly|" pos="RB" wid="0">Lastly</w>
  <w id="1" lemma="|,|" pos="," wid="1">,</w>
  <w id="2" lemma="|I|" pos="PRP" wid="2">I</w>
  <w id="3" lemma="|would|" pos="MD" wid="3">would</w>
  <w id="4" lemma="|like|" pos="VB" wid="4">like</w>
  <w id="5" lemma="|to|" pos="TO" wid="5">to</w>
  <w id="6" lemma="|express|" pos="VB" wid="6">express</w>
  <w id="7" lemma="|my|" pos="PRP$" wid="7">my</w>
  <w id="8" lemma="|joy|" pos="NN" wid="8">joy</w>
  <w id="9" lemma="|at|" pos="IN" wid="9">at</w>
  <w id="10" lemma="|the|" pos="DT" wid="10">the</w>
  <w id="11" lemma="|desire|" pos="NN" wid="11">desire</w>
  <w id="12" lemma="|for|" pos="IN" wid="12">for</w>
  <w id="13" lemma="|peace|" pos="NN" wid="13">peace</w>
  <w id="14" lemma="|and|" pos="CC" wid="14">and</w>
  <w id="15" lemma="|reconciliation|" pos="NN" wid="15">reconciliation</w>
  <w id="16" lemma="|which|" pos="WDT" wid="16">which</w>
  <w id="17" lemma="|emerge|" pos="VBD" wid="17">emerged</w>
  <w id="18" lemma="|yesterday|" pos="NN" wid="18">yesterday</w>
  <w id="19" lemma="|from|" pos="IN" wid="19">from</w>
  <w id="20" lemma="|the|" pos="DT" wid="20">the</w>
  <w id="21" lemma="|referendum|" pos="NN" wid="21">referendum</w>
  <w id="22" lemma="|in|" pos="IN" wid="22">in</w>
  <w id="23" lemma="|Ireland|" pos="NNP" wid="23">Ireland</w>
  <w id="24" lemma="|.|" pos="." wid="24">.</w>
</sentence>
<sentence id="16">
  <w id="0" lemma="|I|" pos="PRP" wid="0">I</w>
  <w id="1" lemma="|deeply|" pos="RB" wid="1">deeply</w>
  <w id="2" lemma="|hope|" pos="VBP" wid="2">hope</w>
  <w id="3" lemma="|that|" pos="IN" wid="3">that</w>
  <w id="4" lemma="|those|" pos="DT" wid="4">those</w>
  <w id="5" lemma="|beloved|" pos="JJ" wid="5">beloved</w>
  <w id="6" lemma="|people|" pos="NNS" wid="6">peoples</w>
  <w id="7" lemma="|will|" pos="MD" wid="7">will</w>
  <w id="8" lemma="|continue|" pos="VB" wid="8">continue</w>
  <w id="9" lemma="|courageously|" pos="RB" wid="9">courageously</w>
  <w id="10" lemma="|on|" pos="IN" wid="10">on</w>
  <w id="11" lemma="|the|" pos="DT" wid="11">the</w>
  <w id="12" lemma="|way|" pos="NN" wid="12">way</w>
  <w id="13" lemma="|they|" pos="PRP" wid="13">they</w>
  <w id="14" lemma="|have|" pos="VBP" wid="14">have</w>
  <w id="15" lemma="|undertake|" pos="VBN" wid="15">undertaken</w>
  <w id="16" lemma="|.|" pos="." wid="16">.</w>
</sentence>
</corpus>