<corpus id="0">
<sentence id="0">
  <w id="0" lemma="|Dear|" pos="NNP" wid="0">Dear</w>
  <w id="1" lemma="|Brothers|" pos="NNPS" wid="1">Brothers</w>
  <w id="2" lemma="|and|" pos="CC" wid="2">and</w>
  <w id="3" lemma="|sister|" pos="NNS" wid="3">Sisters</w>
  <w id="4" lemma="|,|" pos="," wid="4">,</w>
  <w id="5" lemma="|1|" pos="CD" wid="5">1</w>
  <w id="6" lemma="|.|" pos="." wid="6">.</w>
</sentence>
<sentence id="1">
  <w id="0" lemma="|the|" pos="DT" wid="0">The</w>
  <w id="1" lemma="|Feast|" pos="NNP" wid="1">Feast</w>
  <w id="2" lemma="|of|" pos="IN" wid="2">of</w>
  <w id="3" lemma="|the|" pos="DT" wid="3">the</w>
  <w id="4" lemma="|exaltation|" pos="NN" wid="4">Exaltation</w>
  <w id="5" lemma="|of|" pos="IN" wid="5">of</w>
  <w id="6" lemma="|the|" pos="DT" wid="6">the</w>
  <w id="7" lemma="|Holy|" pos="NNP" wid="7">Holy</w>
  <w id="8" lemma="|Cross|" pos="NNP" wid="8">Cross</w>
  <w id="9" lemma="|which|" pos="WDT" wid="9">which</w>
  <w id="10" lemma="|we|" pos="PRP" wid="10">we</w>
  <w id="11" lemma="|celebrate|" pos="VBD" wid="11">celebrated</w>
  <w id="12" lemma="|yesterday|" pos="NN" wid="12">yesterday</w>
  <w id="13" lemma="|-lsb-|" pos="-LRB-" wid="13">-LSB-</w>
  <w id="14" lemma="|Saturday|" pos="NNP" wid="14">Saturday</w>
  <w id="15" lemma="|-rsb-|" pos="-RRB-" wid="15">-RSB-</w>
  <w id="16" lemma="|be|" pos="VBZ" wid="16">is</w>
  <w id="17" lemma="|follow|" pos="VBN" wid="17">followed</w>
  <w id="18" lemma="|by|" pos="IN" wid="18">by</w>
  <w id="19" lemma="|the|" pos="DT" wid="19">the</w>
  <w id="20" lemma="|memorial|" pos="NN" wid="20">memorial</w>
  <w id="21" lemma="|of|" pos="IN" wid="21">of</w>
  <w id="22" lemma="|Our|" pos="NNP" wid="22">Our</w>
  <w id="23" lemma="|Lady|" pos="NNP" wid="23">Lady</w>
  <w id="24" lemma="|of|" pos="IN" wid="24">of</w>
  <w id="25" lemma="|Sorrows|" pos="NNP" wid="25">Sorrows</w>
  <w id="26" lemma="|.|" pos="." wid="26">.</w>
</sentence>
<sentence id="2">
  <w id="0" lemma="|two|" pos="CD" wid="0">Two</w>
  <w id="1" lemma="|liturgical|" pos="JJ" wid="1">liturgical</w>
  <w id="2" lemma="|celebration|" pos="NNS" wid="2">celebrations</w>
  <w id="3" lemma="|that|" pos="WDT" wid="3">that</w>
  <w id="4" lemma="|invite|" pos="VBP" wid="4">invite</w>
  <w id="5" lemma="|we|" pos="PRP" wid="5">us</w>
  <w id="6" lemma="|to|" pos="TO" wid="6">to</w>
  <w id="7" lemma="|make|" pos="VB" wid="7">make</w>
  <w id="8" lemma="|a|" pos="DT" wid="8">a</w>
  <w id="9" lemma="|spiritual|" pos="JJ" wid="9">spiritual</w>
  <w id="10" lemma="|pilgrimage|" pos="NN" wid="10">pilgrimage</w>
  <w id="11" lemma="|to|" pos="TO" wid="11">to</w>
  <w id="12" lemma="|Calvary|" pos="NNP" wid="12">Calvary</w>
  <w id="13" lemma="|.|" pos="." wid="13">.</w>
</sentence>
<sentence id="3">
  <w id="0" lemma="|they|" pos="PRP" wid="0">They</w>
  <w id="1" lemma="|encourage|" pos="VBP" wid="1">encourage</w>
  <w id="2" lemma="|we|" pos="PRP" wid="2">us</w>
  <w id="3" lemma="|to|" pos="TO" wid="3">to</w>
  <w id="4" lemma="|unite|" pos="VB" wid="4">unite</w>
  <w id="5" lemma="|ourselves|" pos="PRP" wid="5">ourselves</w>
  <w id="6" lemma="|with|" pos="IN" wid="6">with</w>
  <w id="7" lemma="|the|" pos="DT" wid="7">the</w>
  <w id="8" lemma="|Virgin|" pos="NNP" wid="8">Virgin</w>
  <w id="9" lemma="|Mary|" pos="NNP" wid="9">Mary</w>
  <w id="10" lemma="|in|" pos="IN" wid="10">in</w>
  <w id="11" lemma="|contemplate|" pos="VBG" wid="11">contemplating</w>
  <w id="12" lemma="|the|" pos="DT" wid="12">the</w>
  <w id="13" lemma="|mystery|" pos="NN" wid="13">mystery</w>
  <w id="14" lemma="|of|" pos="IN" wid="14">of</w>
  <w id="15" lemma="|the|" pos="DT" wid="15">the</w>
  <w id="16" lemma="|Cross|" pos="NNP" wid="16">Cross</w>
  <w id="17" lemma="|.|" pos="." wid="17">.</w>
</sentence>
<sentence id="4">
  <w id="0" lemma="|Christianity|" pos="NNP" wid="0">Christianity</w>
  <w id="1" lemma="|have|" pos="VBZ" wid="1">has</w>
  <w id="2" lemma="|its|" pos="PRP$" wid="2">its</w>
  <w id="3" lemma="|principal|" pos="JJ" wid="3">principal</w>
  <w id="4" lemma="|symbol|" pos="NN" wid="4">symbol</w>
  <w id="5" lemma="|in|" pos="IN" wid="5">in</w>
  <w id="6" lemma="|the|" pos="DT" wid="6">the</w>
  <w id="7" lemma="|cross|" pos="NN" wid="7">cross</w>
  <w id="8" lemma="|.|" pos="." wid="8">.</w>
</sentence>
<sentence id="5">
  <w id="0" lemma="|Wherever|" pos="NNP" wid="0">Wherever</w>
  <w id="1" lemma="|the|" pos="DT" wid="1">the</w>
  <w id="2" lemma="|Gospel|" pos="NNP" wid="2">Gospel</w>
  <w id="3" lemma="|have|" pos="VBZ" wid="3">has</w>
  <w id="4" lemma="|put|" pos="VBN" wid="4">put</w>
  <w id="5" lemma="|down|" pos="RP" wid="5">down</w>
  <w id="6" lemma="|root|" pos="NNS" wid="6">roots</w>
  <w id="7" lemma="|,|" pos="," wid="7">,</w>
  <w id="8" lemma="|the|" pos="DT" wid="8">the</w>
  <w id="9" lemma="|cross|" pos="NN" wid="9">cross</w>
  <w id="10" lemma="|be|" pos="VBZ" wid="10">is</w>
  <w id="11" lemma="|there|" pos="RB" wid="11">there</w>
  <w id="12" lemma="|to|" pos="TO" wid="12">to</w>
  <w id="13" lemma="|indicate|" pos="VB" wid="13">indicate</w>
  <w id="14" lemma="|the|" pos="DT" wid="14">the</w>
  <w id="15" lemma="|presence|" pos="NN" wid="15">presence</w>
  <w id="16" lemma="|of|" pos="IN" wid="16">of</w>
  <w id="17" lemma="|christian|" pos="NNS" wid="17">Christians</w>
  <w id="18" lemma="|.|" pos="." wid="18">.</w>
</sentence>
<sentence id="6">
  <w id="0" lemma="|in|" pos="IN" wid="0">In</w>
  <w id="1" lemma="|church|" pos="NNS" wid="1">churches</w>
  <w id="2" lemma="|and|" pos="CC" wid="2">and</w>
  <w id="3" lemma="|home|" pos="NNS" wid="3">homes</w>
  <w id="4" lemma="|,|" pos="," wid="4">,</w>
  <w id="5" lemma="|in|" pos="IN" wid="5">in</w>
  <w id="6" lemma="|hospital|" pos="NNS" wid="6">hospitals</w>
  <w id="7" lemma="|and|" pos="CC" wid="7">and</w>
  <w id="8" lemma="|school|" pos="NNS" wid="8">schools</w>
  <w id="9" lemma="|,|" pos="," wid="9">,</w>
  <w id="10" lemma="|in|" pos="IN" wid="10">in</w>
  <w id="11" lemma="|cemetery|" pos="NNS" wid="11">cemeteries</w>
  <w id="12" lemma="|-|" pos=":" wid="12">-</w>
  <w id="13" lemma="|the|" pos="DT" wid="13">the</w>
  <w id="14" lemma="|cross|" pos="NN" wid="14">cross</w>
  <w id="15" lemma="|have|" pos="VBZ" wid="15">has</w>
  <w id="16" lemma="|become|" pos="VBN" wid="16">become</w>
  <w id="17" lemma="|better|" pos="RBR" wid="17">better</w>
  <w id="18" lemma="|than|" pos="IN" wid="18">than</w>
  <w id="19" lemma="|any|" pos="DT" wid="19">any</w>
  <w id="20" lemma="|other|" pos="JJ" wid="20">other</w>
  <w id="21" lemma="|,|" pos="," wid="21">,</w>
  <w id="22" lemma="|the|" pos="DT" wid="22">the</w>
  <w id="23" lemma="|sign|" pos="NN" wid="23">sign</w>
  <w id="24" lemma="|of|" pos="IN" wid="24">of</w>
  <w id="25" lemma="|a|" pos="DT" wid="25">a</w>
  <w id="26" lemma="|culture|" pos="NN" wid="26">culture</w>
  <w id="27" lemma="|that|" pos="WDT" wid="27">that</w>
  <w id="28" lemma="|draw|" pos="VBZ" wid="28">draws</w>
  <w id="29" lemma="|from|" pos="IN" wid="29">from</w>
  <w id="30" lemma="|the|" pos="DT" wid="30">the</w>
  <w id="31" lemma="|message|" pos="NN" wid="31">message</w>
  <w id="32" lemma="|of|" pos="IN" wid="32">of</w>
  <w id="33" lemma="|Christ|" pos="NNP" wid="33">Christ</w>
  <w id="34" lemma="|truth|" pos="NN" wid="34">truth</w>
  <w id="35" lemma="|and|" pos="CC" wid="35">and</w>
  <w id="36" lemma="|liberty|" pos="NN" wid="36">liberty</w>
  <w id="37" lemma="|,|" pos="," wid="37">,</w>
  <w id="38" lemma="|trust|" pos="NN" wid="38">trust</w>
  <w id="39" lemma="|and|" pos="CC" wid="39">and</w>
  <w id="40" lemma="|hope|" pos="NN" wid="40">hope</w>
  <w id="41" lemma="|.|" pos="." wid="41">.</w>
</sentence>
<sentence id="7">
  <w id="0" lemma="|in|" pos="IN" wid="0">In</w>
  <w id="1" lemma="|the|" pos="DT" wid="1">the</w>
  <w id="2" lemma="|process|" pos="NN" wid="2">process</w>
  <w id="3" lemma="|of|" pos="IN" wid="3">of</w>
  <w id="4" lemma="|secularization|" pos="NN" wid="4">secularization</w>
  <w id="5" lemma="|,|" pos="," wid="5">,</w>
  <w id="6" lemma="|that|" pos="WDT" wid="6">that</w>
  <w id="7" lemma="|characterize|" pos="VBZ" wid="7">characterizes</w>
  <w id="8" lemma="|a|" pos="DT" wid="8">a</w>
  <w id="9" lemma="|great|" pos="JJ" wid="9">great</w>
  <w id="10" lemma="|part|" pos="NN" wid="10">part</w>
  <w id="11" lemma="|of|" pos="IN" wid="11">of</w>
  <w id="12" lemma="|the|" pos="DT" wid="12">the</w>
  <w id="13" lemma="|contemporary|" pos="JJ" wid="13">contemporary</w>
  <w id="14" lemma="|world|" pos="NN" wid="14">world</w>
  <w id="15" lemma="|,|" pos="," wid="15">,</w>
  <w id="16" lemma="|it|" pos="PRP" wid="16">it</w>
  <w id="17" lemma="|be|" pos="VBZ" wid="17">is</w>
  <w id="18" lemma="|all|" pos="PDT" wid="18">all</w>
  <w id="19" lemma="|the|" pos="DT" wid="19">the</w>
  <w id="20" lemma="|more|" pos="RBR" wid="20">more</w>
  <w id="21" lemma="|important|" pos="JJ" wid="21">important</w>
  <w id="22" lemma="|for|" pos="IN" wid="22">for</w>
  <w id="23" lemma="|believer|" pos="NNS" wid="23">believers</w>
  <w id="24" lemma="|to|" pos="TO" wid="24">to</w>
  <w id="25" lemma="|fix|" pos="VB" wid="25">fix</w>
  <w id="26" lemma="|they|" pos="PRP$" wid="26">their</w>
  <w id="27" lemma="|gaze|" pos="VB" wid="27">gaze</w>
  <w id="28" lemma="|on|" pos="IN" wid="28">on</w>
  <w id="29" lemma="|this|" pos="DT" wid="29">this</w>
  <w id="30" lemma="|central|" pos="JJ" wid="30">central</w>
  <w id="31" lemma="|sign|" pos="NN" wid="31">sign</w>
  <w id="32" lemma="|of|" pos="IN" wid="32">of</w>
  <w id="33" lemma="|revelation|" pos="NN" wid="33">Revelation</w>
  <w id="34" lemma="|and|" pos="CC" wid="34">and</w>
  <w id="35" lemma="|accept|" pos="VB" wid="35">accept</w>
  <w id="36" lemma="|its|" pos="PRP$" wid="36">its</w>
  <w id="37" lemma="|original|" pos="JJ" wid="37">original</w>
  <w id="38" lemma="|and|" pos="CC" wid="38">and</w>
  <w id="39" lemma="|genuine|" pos="JJ" wid="39">genuine</w>
  <w id="40" lemma="|meaning|" pos="NN" wid="40">meaning</w>
  <w id="41" lemma="|.|" pos="." wid="41">.</w>
</sentence>
<sentence id="8">
  <w id="0" lemma="|2|" pos="CD" wid="0">2</w>
  <w id="1" lemma="|.|" pos="." wid="1">.</w>
</sentence>
<sentence id="9">
  <w id="0" lemma="|even|" pos="RB" wid="0">Even</w>
  <w id="1" lemma="|today|" pos="NN" wid="1">today</w>
  <w id="2" lemma="|,|" pos="," wid="2">,</w>
  <w id="3" lemma="|follow|" pos="VBG" wid="3">following</w>
  <w id="4" lemma="|the|" pos="DT" wid="4">the</w>
  <w id="5" lemma="|teaching|" pos="NN" wid="5">teaching</w>
  <w id="6" lemma="|of|" pos="IN" wid="6">of</w>
  <w id="7" lemma="|the|" pos="DT" wid="7">the</w>
  <w id="8" lemma="|early|" pos="JJ" wid="8">early</w>
  <w id="9" lemma="|father|" pos="NNS" wid="9">Fathers</w>
  <w id="10" lemma="|,|" pos="," wid="10">,</w>
  <w id="11" lemma="|the|" pos="DT" wid="11">the</w>
  <w id="12" lemma="|Church|" pos="NNP" wid="12">Church</w>
  <w id="13" lemma="|present|" pos="VBZ" wid="13">presents</w>
  <w id="14" lemma="|the|" pos="DT" wid="14">the</w>
  <w id="15" lemma="|Cross|" pos="NNP" wid="15">Cross</w>
  <w id="16" lemma="|to|" pos="TO" wid="16">to</w>
  <w id="17" lemma="|the|" pos="DT" wid="17">the</w>
  <w id="18" lemma="|world|" pos="NN" wid="18">world</w>
  <w id="19" lemma="|as|" pos="IN" wid="19">as</w>
  <w id="20" lemma="|``|" pos="``" wid="20">``</w>
  <w id="21" lemma="|the|" pos="DT" wid="21">the</w>
  <w id="22" lemma="|tree|" pos="NN" wid="22">tree</w>
  <w id="23" lemma="|of|" pos="IN" wid="23">of</w>
  <w id="24" lemma="|life|" pos="NN" wid="24">life</w>
  <w id="25" lemma="|''|" pos="''" wid="25">''</w>
  <w id="26" lemma="|,|" pos="," wid="26">,</w>
  <w id="27" lemma="|from|" pos="IN" wid="27">from</w>
  <w id="28" lemma="|which|" pos="WDT" wid="28">which</w>
  <w id="29" lemma="|one|" pos="PRP" wid="29">one</w>
  <w id="30" lemma="|can|" pos="MD" wid="30">can</w>
  <w id="31" lemma="|receive|" pos="VB" wid="31">receive</w>
  <w id="32" lemma="|the|" pos="DT" wid="32">the</w>
  <w id="33" lemma="|ultimate|" pos="JJ" wid="33">ultimate</w>
  <w id="34" lemma="|and|" pos="CC" wid="34">and</w>
  <w id="35" lemma="|full|" pos="JJ" wid="35">full</w>
  <w id="36" lemma="|meaning|" pos="NN" wid="36">meaning</w>
  <w id="37" lemma="|of|" pos="IN" wid="37">of</w>
  <w id="38" lemma="|every|" pos="DT" wid="38">every</w>
  <w id="39" lemma="|single|" pos="JJ" wid="39">single</w>
  <w id="40" lemma="|existence|" pos="NN" wid="40">existence</w>
  <w id="41" lemma="|and|" pos="CC" wid="41">and</w>
  <w id="42" lemma="|of|" pos="IN" wid="42">of</w>
  <w id="43" lemma="|the|" pos="DT" wid="43">the</w>
  <w id="44" lemma="|whole|" pos="NN" wid="44">whole</w>
  <w id="45" lemma="|of|" pos="IN" wid="45">of</w>
  <w id="46" lemma="|human|" pos="JJ" wid="46">human</w>
  <w id="47" lemma="|history|" pos="NN" wid="47">history</w>
  <w id="48" lemma="|.|" pos="." wid="48">.</w>
</sentence>
<sentence id="10">
  <w id="0" lemma="|from|" pos="IN" wid="0">From</w>
  <w id="1" lemma="|when|" pos="WRB" wid="1">when</w>
  <w id="2" lemma="|Jesus|" pos="NNP" wid="2">Jesus</w>
  <w id="3" lemma="|make|" pos="VBD" wid="3">made</w>
  <w id="4" lemma="|it|" pos="PRP" wid="4">it</w>
  <w id="5" lemma="|the|" pos="DT" wid="5">the</w>
  <w id="6" lemma="|instrument|" pos="NN" wid="6">instrument</w>
  <w id="7" lemma="|of|" pos="IN" wid="7">of</w>
  <w id="8" lemma="|universal|" pos="JJ" wid="8">universal</w>
  <w id="9" lemma="|salvation|" pos="NN" wid="9">salvation</w>
  <w id="10" lemma="|,|" pos="," wid="10">,</w>
  <w id="11" lemma="|the|" pos="DT" wid="11">the</w>
  <w id="12" lemma="|Cross|" pos="NNP" wid="12">Cross</w>
  <w id="13" lemma="|be|" pos="VBZ" wid="13">is</w>
  <w id="14" lemma="|no|" pos="RB" wid="14">no</w>
  <w id="15" lemma="|longer|" pos="RB" wid="15">longer</w>
  <w id="16" lemma="|synonymous|" pos="JJ" wid="16">synonymous</w>
  <w id="17" lemma="|with|" pos="IN" wid="17">with</w>
  <w id="18" lemma="|a|" pos="DT" wid="18">a</w>
  <w id="19" lemma="|curse|" pos="NN" wid="19">curse</w>
  <w id="20" lemma="|,|" pos="," wid="20">,</w>
  <w id="21" lemma="|but|" pos="CC" wid="21">but</w>
  <w id="22" lemma="|,|" pos="," wid="22">,</w>
  <w id="23" lemma="|on|" pos="IN" wid="23">on</w>
  <w id="24" lemma="|the|" pos="DT" wid="24">the</w>
  <w id="25" lemma="|contrary|" pos="NN" wid="25">contrary</w>
  <w id="26" lemma="|,|" pos="," wid="26">,</w>
  <w id="27" lemma="|with|" pos="IN" wid="27">with</w>
  <w id="28" lemma="|a|" pos="DT" wid="28">a</w>
  <w id="29" lemma="|blessing|" pos="NN" wid="29">blessing</w>
  <w id="30" lemma="|.|" pos="." wid="30">.</w>
</sentence>
<sentence id="11">
  <w id="0" lemma="|for|" pos="IN" wid="0">For</w>
  <w id="1" lemma="|the|" pos="DT" wid="1">the</w>
  <w id="2" lemma="|human|" pos="JJ" wid="2">human</w>
  <w id="3" lemma="|person|" pos="NN" wid="3">person</w>
  <w id="4" lemma="|,|" pos="," wid="4">,</w>
  <w id="5" lemma="|torment|" pos="VBN" wid="5">tormented</w>
  <w id="6" lemma="|by|" pos="IN" wid="6">by</w>
  <w id="7" lemma="|doubt|" pos="NN" wid="7">doubt</w>
  <w id="8" lemma="|and|" pos="CC" wid="8">and</w>
  <w id="9" lemma="|sin|" pos="NN" wid="9">sin</w>
  <w id="10" lemma="|,|" pos="," wid="10">,</w>
  <w id="11" lemma="|it|" pos="PRP" wid="11">it</w>
  <w id="12" lemma="|reveal|" pos="VBZ" wid="12">reveals</w>
  <w id="13" lemma="|that|" pos="IN" wid="13">that</w>
  <w id="14" lemma="|``|" pos="``" wid="14">``</w>
  <w id="15" lemma="|God|" pos="NNP" wid="15">God</w>
  <w id="16" lemma="|so|" pos="RB" wid="16">so</w>
  <w id="17" lemma="|love|" pos="VBD" wid="17">loved</w>
  <w id="18" lemma="|the|" pos="DT" wid="18">the</w>
  <w id="19" lemma="|world|" pos="NN" wid="19">world</w>
  <w id="20" lemma="|that|" pos="IN" wid="20">that</w>
  <w id="21" lemma="|he|" pos="PRP" wid="21">he</w>
  <w id="22" lemma="|give|" pos="VBD" wid="22">gave</w>
  <w id="23" lemma="|he|" pos="PRP$" wid="23">his</w>
  <w id="24" lemma="|only|" pos="JJ" wid="24">only</w>
  <w id="25" lemma="|Son|" pos="NNP" wid="25">Son</w>
  <w id="26" lemma="|,|" pos="," wid="26">,</w>
  <w id="27" lemma="|so|" pos="IN" wid="27">so</w>
  <w id="28" lemma="|that|" pos="DT" wid="28">that</w>
  <w id="29" lemma="|everyone|" pos="NN" wid="29">everyone</w>
  <w id="30" lemma="|who|" pos="WP" wid="30">who</w>
  <w id="31" lemma="|believe|" pos="VBZ" wid="31">believes</w>
  <w id="32" lemma="|in|" pos="IN" wid="32">in</w>
  <w id="33" lemma="|he|" pos="PRP" wid="33">him</w>
  <w id="34" lemma="|might|" pos="MD" wid="34">might</w>
  <w id="35" lemma="|not|" pos="RB" wid="35">not</w>
  <w id="36" lemma="|perish|" pos="VB" wid="36">perish</w>
  <w id="37" lemma="|but|" pos="CC" wid="37">but</w>
  <w id="38" lemma="|have|" pos="VB" wid="38">have</w>
  <w id="39" lemma="|eternal|" pos="JJ" wid="39">eternal</w>
  <w id="40" lemma="|life|" pos="NN" wid="40">life</w>
  <w id="41" lemma="|''|" pos="''" wid="41">''</w>
  <w id="42" lemma="|-lrb-|" pos="-LRB-" wid="42">-LRB-</w>
  <w id="43" lemma="|jn|" pos="NN" wid="43">Jn</w>
  <w id="44" lemma="|3,16|" pos="CD" wid="44">3,16</w>
  <w id="45" lemma="|-rrb-|" pos="-RRB-" wid="45">-RRB-</w>
  <w id="46" lemma="|.|" pos="." wid="46">.</w>
</sentence>
<sentence id="12">
  <w id="0" lemma="|in|" pos="IN" wid="0">In</w>
  <w id="1" lemma="|a|" pos="DT" wid="1">a</w>
  <w id="2" lemma="|word|" pos="NN" wid="2">word</w>
  <w id="3" lemma="|,|" pos="," wid="3">,</w>
  <w id="4" lemma="|the|" pos="DT" wid="4">the</w>
  <w id="5" lemma="|cross|" pos="NN" wid="5">cross</w>
  <w id="6" lemma="|be|" pos="VBZ" wid="6">is</w>
  <w id="7" lemma="|the|" pos="DT" wid="7">the</w>
  <w id="8" lemma="|supreme|" pos="JJ" wid="8">supreme</w>
  <w id="9" lemma="|symbol|" pos="NN" wid="9">symbol</w>
  <w id="10" lemma="|of|" pos="IN" wid="10">of</w>
  <w id="11" lemma="|love|" pos="NN" wid="11">love</w>
  <w id="12" lemma="|.|" pos="." wid="12">.</w>
</sentence>
<sentence id="13">
  <w id="0" lemma="|for|" pos="IN" wid="0">For</w>
  <w id="1" lemma="|this|" pos="DT" wid="1">this</w>
  <w id="2" lemma="|reason|" pos="NN" wid="2">reason</w>
  <w id="3" lemma="|,|" pos="," wid="3">,</w>
  <w id="4" lemma="|young|" pos="JJ" wid="4">young</w>
  <w id="5" lemma="|christian|" pos="NNS" wid="5">Christians</w>
  <w id="6" lemma="|carry|" pos="VBP" wid="6">carry</w>
  <w id="7" lemma="|it|" pos="PRP" wid="7">it</w>
  <w id="8" lemma="|proudly|" pos="RB" wid="8">proudly</w>
  <w id="9" lemma="|through|" pos="IN" wid="9">through</w>
  <w id="10" lemma="|the|" pos="DT" wid="10">the</w>
  <w id="11" lemma="|street|" pos="NNS" wid="11">streets</w>
  <w id="12" lemma="|of|" pos="IN" wid="12">of</w>
  <w id="13" lemma="|the|" pos="DT" wid="13">the</w>
  <w id="14" lemma="|world|" pos="NN" wid="14">world</w>
  <w id="15" lemma="|,|" pos="," wid="15">,</w>
  <w id="16" lemma="|entrust|" pos="VBG" wid="16">entrusting</w>
  <w id="17" lemma="|to|" pos="TO" wid="17">to</w>
  <w id="18" lemma="|Christ|" pos="NNP" wid="18">Christ</w>
  <w id="19" lemma="|all|" pos="PDT" wid="19">all</w>
  <w id="20" lemma="|they|" pos="PRP$" wid="20">their</w>
  <w id="21" lemma="|worry|" pos="NNS" wid="21">worries</w>
  <w id="22" lemma="|and|" pos="CC" wid="22">and</w>
  <w id="23" lemma="|all|" pos="DT" wid="23">all</w>
  <w id="24" lemma="|they|" pos="PRP$" wid="24">their</w>
  <w id="25" lemma="|expectation|" pos="NNS" wid="25">expectations</w>
  <w id="26" lemma="|of|" pos="IN" wid="26">of</w>
  <w id="27" lemma="|freedom|" pos="NN" wid="27">freedom</w>
  <w id="28" lemma="|,|" pos="," wid="28">,</w>
  <w id="29" lemma="|justice|" pos="NN" wid="29">justice</w>
  <w id="30" lemma="|and|" pos="CC" wid="30">and</w>
  <w id="31" lemma="|peace|" pos="NN" wid="31">peace</w>
  <w id="32" lemma="|.|" pos="." wid="32">.</w>
</sentence>
<sentence id="14">
  <w id="0" lemma="|John|" pos="NNP" wid="0">John</w>
  <w id="1" lemma="|Paul|" pos="NNP" wid="1">Paul</w>
  <w id="2" lemma="|II|" pos="NNP" wid="2">II</w>
  <w id="3" lemma="|greet|" pos="VBD" wid="3">greeted</w>
  <w id="4" lemma="|the|" pos="DT" wid="4">the</w>
  <w id="5" lemma="|pilgrim|" pos="NNS" wid="5">pilgrims</w>
  <w id="6" lemma="|in|" pos="IN" wid="6">in</w>
  <w id="7" lemma="|French|" pos="NNP" wid="7">French</w>
  <w id="8" lemma="|,|" pos="," wid="8">,</w>
  <w id="9" lemma="|English|" pos="NNP" wid="9">English</w>
  <w id="10" lemma="|,|" pos="," wid="10">,</w>
  <w id="11" lemma="|German|" pos="NNP" wid="11">German</w>
  <w id="12" lemma="|,|" pos="," wid="12">,</w>
  <w id="13" lemma="|Spanish|" pos="NNP" wid="13">Spanish</w>
  <w id="14" lemma="|,|" pos="," wid="14">,</w>
  <w id="15" lemma="|Portuguese|" pos="NNP" wid="15">Portuguese</w>
  <w id="16" lemma="|,|" pos="," wid="16">,</w>
  <w id="17" lemma="|Polish|" pos="NNP" wid="17">Polish</w>
  <w id="18" lemma="|and|" pos="CC" wid="18">and</w>
  <w id="19" lemma="|Italian|" pos="NNP" wid="19">Italian</w>
  <w id="20" lemma="|.|" pos="." wid="20">.</w>
</sentence>
<sentence id="15">
  <w id="0" lemma="|to|" pos="TO" wid="0">To</w>
  <w id="1" lemma="|the|" pos="DT" wid="1">the</w>
  <w id="2" lemma="|english-speaking|" pos="JJ" wid="2">English-speaking</w>
  <w id="3" lemma="|3|" pos="CD" wid="3">3</w>
  <w id="4" lemma="|.|" pos="." wid="4">.</w>
</sentence>
<sentence id="16">
  <w id="0" lemma="|trust|" pos="VBG" wid="0">Trusting</w>
  <w id="1" lemma="|in|" pos="IN" wid="1">in</w>
  <w id="2" lemma="|the|" pos="DT" wid="2">the</w>
  <w id="3" lemma="|loving|" pos="JJ" wid="3">loving</w>
  <w id="4" lemma="|care|" pos="NN" wid="4">care</w>
  <w id="5" lemma="|of|" pos="IN" wid="5">of</w>
  <w id="6" lemma="|Our|" pos="NNP" wid="6">Our</w>
  <w id="7" lemma="|Lady|" pos="NNP" wid="7">Lady</w>
  <w id="8" lemma="|of|" pos="IN" wid="8">of</w>
  <w id="9" lemma="|Sorrows|" pos="NNP" wid="9">Sorrows</w>
  <w id="10" lemma="|,|" pos="," wid="10">,</w>
  <w id="11" lemma="|whose|" pos="WP$" wid="11">whose</w>
  <w id="12" lemma="|feast|" pos="NN" wid="12">feast</w>
  <w id="13" lemma="|we|" pos="PRP" wid="13">we</w>
  <w id="14" lemma="|be|" pos="VBP" wid="14">are</w>
  <w id="15" lemma="|celebrate|" pos="VBG" wid="15">celebrating</w>
  <w id="16" lemma="|today|" pos="NN" wid="16">today</w>
  <w id="17" lemma="|,|" pos="," wid="17">,</w>
  <w id="18" lemma="|I|" pos="PRP" wid="18">I</w>
  <w id="19" lemma="|commend|" pos="VBP" wid="19">commend</w>
  <w id="20" lemma="|the|" pos="DT" wid="20">the</w>
  <w id="21" lemma="|english-speaking|" pos="JJ" wid="21">English-speaking</w>
  <w id="22" lemma="|visitor|" pos="NNS" wid="22">visitors</w>
  <w id="23" lemma="|and|" pos="CC" wid="23">and</w>
  <w id="24" lemma="|pilgrim|" pos="NNS" wid="24">pilgrims</w>
  <w id="25" lemma="|to|" pos="TO" wid="25">to</w>
  <w id="26" lemma="|she|" pos="PRP$" wid="26">her</w>
  <w id="27" lemma="|maternal|" pos="JJ" wid="27">maternal</w>
  <w id="28" lemma="|intercession|" pos="NN" wid="28">intercession</w>
  <w id="29" lemma="|.|" pos="." wid="29">.</w>
</sentence>
<sentence id="17">
  <w id="0" lemma="|a|" pos="DT" wid="0">A</w>
  <w id="1" lemma="|special|" pos="JJ" wid="1">special</w>
  <w id="2" lemma="|greet|" pos="VBG" wid="2">greeting</w>
  <w id="3" lemma="|go|" pos="VBZ" wid="3">goes</w>
  <w id="4" lemma="|to|" pos="TO" wid="4">to</w>
  <w id="5" lemma="|the|" pos="DT" wid="5">the</w>
  <w id="6" lemma="|people|" pos="NNS" wid="6">people</w>
  <w id="7" lemma="|of|" pos="IN" wid="7">of</w>
  <w id="8" lemma="|the|" pos="DT" wid="8">the</w>
  <w id="9" lemma="|diocese|" pos="NN" wid="9">diocese</w>
  <w id="10" lemma="|of|" pos="IN" wid="10">of</w>
  <w id="11" lemma="|Cloyne|" pos="NNP" wid="11">Cloyne</w>
  <w id="12" lemma="|,|" pos="," wid="12">,</w>
  <w id="13" lemma="|in|" pos="IN" wid="13">in</w>
  <w id="14" lemma="|Ireland|" pos="NNP" wid="14">Ireland</w>
  <w id="15" lemma="|,|" pos="," wid="15">,</w>
  <w id="16" lemma="|accompany|" pos="VBN" wid="16">accompanied</w>
  <w id="17" lemma="|by|" pos="IN" wid="17">by</w>
  <w id="18" lemma="|they|" pos="PRP$" wid="18">their</w>
  <w id="19" lemma="|Bishop|" pos="NNP" wid="19">Bishop</w>
  <w id="20" lemma="|.|" pos="." wid="20">.</w>
</sentence>
<sentence id="18">
  <w id="0" lemma="|upon|" pos="IN" wid="0">Upon</w>
  <w id="1" lemma="|all|" pos="DT" wid="1">all</w>
  <w id="2" lemma="|of|" pos="IN" wid="2">of</w>
  <w id="3" lemma="|you|" pos="PRP" wid="3">you</w>
  <w id="4" lemma="|,|" pos="," wid="4">,</w>
  <w id="5" lemma="|I|" pos="PRP" wid="5">I</w>
  <w id="6" lemma="|invoke|" pos="VBP" wid="6">invoke</w>
  <w id="7" lemma="|abundant|" pos="JJ" wid="7">abundant</w>
  <w id="8" lemma="|divine|" pos="JJ" wid="8">divine</w>
  <w id="9" lemma="|blessing|" pos="NNS" wid="9">blessings</w>
  <w id="10" lemma="|.|" pos="." wid="10">.</w>
</sentence>
<sentence id="19">
  <w id="0" lemma="|at|" pos="IN" wid="0">At</w>
  <w id="1" lemma="|the|" pos="DT" wid="1">the</w>
  <w id="2" lemma="|end|" pos="NN" wid="2">end</w>
  <w id="3" lemma="|,|" pos="," wid="3">,</w>
  <w id="4" lemma="|speak|" pos="VBG" wid="4">speaking</w>
  <w id="5" lemma="|in|" pos="IN" wid="5">in</w>
  <w id="6" lemma="|Italian|" pos="NNP" wid="6">Italian</w>
  <w id="7" lemma="|,|" pos="," wid="7">,</w>
  <w id="8" lemma="|the|" pos="DT" wid="8">the</w>
  <w id="9" lemma="|Pope|" pos="NNP" wid="9">Pope</w>
  <w id="10" lemma="|conclude|" pos="VBD" wid="10">concluded</w>
  <w id="11" lemma="|he|" pos="PRP$" wid="11">his</w>
  <w id="12" lemma="|address|" pos="NN" wid="12">address</w>
  <w id="13" lemma="|with|" pos="IN" wid="13">with</w>
  <w id="14" lemma="|the|" pos="DT" wid="14">the</w>
  <w id="15" lemma="|Marian|" pos="NNP" wid="15">Marian</w>
  <w id="16" lemma="|message|" pos="NN" wid="16">message</w>
  <w id="17" lemma="|.|" pos="." wid="17">.</w>
</sentence>
<sentence id="20">
  <w id="0" lemma="|4|" pos="LS" wid="0">4</w>
  <w id="1" lemma="|.|" pos="." wid="1">.</w>
</sentence>
<sentence id="21">
  <w id="0" lemma="|at|" pos="IN" wid="0">At</w>
  <w id="1" lemma="|the|" pos="DT" wid="1">the</w>
  <w id="2" lemma="|foot|" pos="NN" wid="2">foot</w>
  <w id="3" lemma="|of|" pos="IN" wid="3">of</w>
  <w id="4" lemma="|the|" pos="DT" wid="4">the</w>
  <w id="5" lemma="|Cross|" pos="NNP" wid="5">Cross</w>
  <w id="6" lemma="|and|" pos="CC" wid="6">and</w>
  <w id="7" lemma="|perfectly|" pos="RB" wid="7">perfectly</w>
  <w id="8" lemma="|unite|" pos="VBN" wid="8">united</w>
  <w id="9" lemma="|with|" pos="IN" wid="9">with</w>
  <w id="10" lemma="|she|" pos="PRP$" wid="10">her</w>
  <w id="11" lemma="|Son|" pos="NNP" wid="11">Son</w>
  <w id="12" lemma="|,|" pos="," wid="12">,</w>
  <w id="13" lemma="|the|" pos="DT" wid="13">the</w>
  <w id="14" lemma="|Virgin|" pos="NNP" wid="14">Virgin</w>
  <w id="15" lemma="|Mary|" pos="NNP" wid="15">Mary</w>
  <w id="16" lemma="|be|" pos="VBD" wid="16">was</w>
  <w id="17" lemma="|able|" pos="JJ" wid="17">able</w>
  <w id="18" lemma="|to|" pos="TO" wid="18">to</w>
  <w id="19" lemma="|share|" pos="VB" wid="19">share</w>
  <w id="20" lemma="|in|" pos="IN" wid="20">in</w>
  <w id="21" lemma="|a|" pos="DT" wid="21">a</w>
  <w id="22" lemma="|singular|" pos="JJ" wid="22">singular</w>
  <w id="23" lemma="|way|" pos="NN" wid="23">way</w>
  <w id="24" lemma="|the|" pos="DT" wid="24">the</w>
  <w id="25" lemma="|depth|" pos="NN" wid="25">depth</w>
  <w id="26" lemma="|of|" pos="IN" wid="26">of</w>
  <w id="27" lemma="|the|" pos="DT" wid="27">the</w>
  <w id="28" lemma="|pain|" pos="NN" wid="28">pain</w>
  <w id="29" lemma="|and|" pos="CC" wid="29">and</w>
  <w id="30" lemma="|love|" pos="NN" wid="30">love</w>
  <w id="31" lemma="|of|" pos="IN" wid="31">of</w>
  <w id="32" lemma="|he|" pos="PRP$" wid="32">his</w>
  <w id="33" lemma="|sacrifice|" pos="NN" wid="33">sacrifice</w>
  <w id="34" lemma="|.|" pos="." wid="34">.</w>
</sentence>
<sentence id="22">
  <w id="0" lemma="|no|" pos="DT" wid="0">No</w>
  <w id="1" lemma="|one|" pos="NN" wid="1">one</w>
  <w id="2" lemma="|better|" pos="RBR" wid="2">better</w>
  <w id="3" lemma="|than|" pos="IN" wid="3">than</w>
  <w id="4" lemma="|she|" pos="PRP" wid="4">she</w>
  <w id="5" lemma="|can|" pos="MD" wid="5">can</w>
  <w id="6" lemma="|teach|" pos="VB" wid="6">teach</w>
  <w id="7" lemma="|we|" pos="PRP" wid="7">us</w>
  <w id="8" lemma="|to|" pos="TO" wid="8">to</w>
  <w id="9" lemma="|love|" pos="VB" wid="9">love</w>
  <w id="10" lemma="|the|" pos="DT" wid="10">the</w>
  <w id="11" lemma="|cross|" pos="NN" wid="11">cross</w>
  <w id="12" lemma="|.|" pos="." wid="12">.</w>
</sentence>
<sentence id="23">
  <w id="0" lemma="|to|" pos="TO" wid="0">To</w>
  <w id="1" lemma="|we|" pos="PRP$" wid="1">Our</w>
  <w id="2" lemma="|lady|" pos="NN" wid="2">Lady</w>
  <w id="3" lemma="|of|" pos="IN" wid="3">of</w>
  <w id="4" lemma="|Sorrows|" pos="NNP" wid="4">Sorrows</w>
  <w id="5" lemma="|we|" pos="PRP" wid="5">we</w>
  <w id="6" lemma="|entrust|" pos="VBP" wid="6">entrust</w>
  <w id="7" lemma="|young|" pos="JJ" wid="7">young</w>
  <w id="8" lemma="|people|" pos="NNS" wid="8">people</w>
  <w id="9" lemma="|and|" pos="CC" wid="9">and</w>
  <w id="10" lemma="|family|" pos="NNS" wid="10">families</w>
  <w id="11" lemma="|,|" pos="," wid="11">,</w>
  <w id="12" lemma="|nation|" pos="NNS" wid="12">nations</w>
  <w id="13" lemma="|and|" pos="CC" wid="13">and</w>
  <w id="14" lemma="|the|" pos="DT" wid="14">the</w>
  <w id="15" lemma="|whole|" pos="NN" wid="15">whole</w>
  <w id="16" lemma="|of|" pos="IN" wid="16">of</w>
  <w id="17" lemma="|humanity|" pos="NN" wid="17">humanity</w>
  <w id="18" lemma="|.|" pos="." wid="18">.</w>
</sentence>
<sentence id="24">
  <w id="0" lemma="|in|" pos="IN" wid="0">In</w>
  <w id="1" lemma="|a|" pos="DT" wid="1">a</w>
  <w id="2" lemma="|special|" pos="JJ" wid="2">special</w>
  <w id="3" lemma="|way|" pos="NN" wid="3">way</w>
  <w id="4" lemma="|we|" pos="PRP" wid="4">we</w>
  <w id="5" lemma="|invoke|" pos="VBP" wid="5">invoke</w>
  <w id="6" lemma="|she|" pos="PRP" wid="6">her</w>
  <w id="7" lemma="|for|" pos="IN" wid="7">for</w>
  <w id="8" lemma="|the|" pos="DT" wid="8">the</w>
  <w id="9" lemma="|sick|" pos="JJ" wid="9">sick</w>
  <w id="10" lemma="|and|" pos="CC" wid="10">and</w>
  <w id="11" lemma="|the|" pos="DT" wid="11">the</w>
  <w id="12" lemma="|suffering|" pos="NN" wid="12">suffering</w>
  <w id="13" lemma="|,|" pos="," wid="13">,</w>
  <w id="14" lemma="|for|" pos="IN" wid="14">for</w>
  <w id="15" lemma="|the|" pos="DT" wid="15">the</w>
  <w id="16" lemma="|innocent|" pos="JJ" wid="16">innocent</w>
  <w id="17" lemma="|victim|" pos="NNS" wid="17">victims</w>
  <w id="18" lemma="|of|" pos="IN" wid="18">of</w>
  <w id="19" lemma="|injustice|" pos="NN" wid="19">injustice</w>
  <w id="20" lemma="|and|" pos="CC" wid="20">and</w>
  <w id="21" lemma="|violence|" pos="NN" wid="21">violence</w>
  <w id="22" lemma="|,|" pos="," wid="22">,</w>
  <w id="23" lemma="|for|" pos="IN" wid="23">for</w>
  <w id="24" lemma="|christian|" pos="NNS" wid="24">Christians</w>
  <w id="25" lemma="|persecute|" pos="VBN" wid="25">persecuted</w>
  <w id="26" lemma="|on|" pos="IN" wid="26">on</w>
  <w id="27" lemma="|account|" pos="NN" wid="27">account</w>
  <w id="28" lemma="|of|" pos="IN" wid="28">of</w>
  <w id="29" lemma="|they|" pos="PRP$" wid="29">their</w>
  <w id="30" lemma="|faith|" pos="NN" wid="30">faith</w>
  <w id="31" lemma="|.|" pos="." wid="31">.</w>
</sentence>
<sentence id="25">
  <w id="0" lemma="|may|" pos="MD" wid="0">May</w>
  <w id="1" lemma="|the|" pos="DT" wid="1">the</w>
  <w id="2" lemma="|glorious|" pos="JJ" wid="2">glorious</w>
  <w id="3" lemma="|Cross|" pos="NNP" wid="3">Cross</w>
  <w id="4" lemma="|of|" pos="IN" wid="4">of</w>
  <w id="5" lemma="|Christ|" pos="NNP" wid="5">Christ</w>
  <w id="6" lemma="|be|" pos="VB" wid="6">be</w>
  <w id="7" lemma="|for|" pos="IN" wid="7">for</w>
  <w id="8" lemma="|all|" pos="PDT" wid="8">all</w>
  <w id="9" lemma="|a|" pos="DT" wid="9">a</w>
  <w id="10" lemma="|pledge|" pos="NN" wid="10">pledge</w>
  <w id="11" lemma="|of|" pos="IN" wid="11">of</w>
  <w id="12" lemma="|hope|" pos="NN" wid="12">hope</w>
  <w id="13" lemma="|,|" pos="," wid="13">,</w>
  <w id="14" lemma="|redemption|" pos="NN" wid="14">redemption</w>
  <w id="15" lemma="|and|" pos="CC" wid="15">and</w>
  <w id="16" lemma="|peace|" pos="NN" wid="16">peace</w>
  <w id="17" lemma="|.|" pos="." wid="17">.</w>
</sentence>
</corpus>