<corpus id="0">
<sentence id="0">
  <w id="0" lemma="|Dear|" pos="NNP" wid="0">Dear</w>
  <w id="1" lemma="|Brothers|" pos="NNPS" wid="1">Brothers</w>
  <w id="2" lemma="|and|" pos="CC" wid="2">and</w>
  <w id="3" lemma="|sister|" pos="NNS" wid="3">Sisters</w>
  <w id="4" lemma="|,|" pos="," wid="4">,</w>
  <w id="5" lemma="|1|" pos="CD" wid="5">1</w>
  <w id="6" lemma="|.|" pos="." wid="6">.</w>
</sentence>
<sentence id="1">
  <w id="0" lemma="|today|" pos="NN" wid="0">Today</w>
  <w id="1" lemma="|,|" pos="," wid="1">,</w>
  <w id="2" lemma="|the|" pos="DT" wid="2">the</w>
  <w id="3" lemma="|feast|" pos="NN" wid="3">feast</w>
  <w id="4" lemma="|of|" pos="IN" wid="4">of</w>
  <w id="5" lemma="|Candlemas|" pos="NNP" wid="5">Candlemas</w>
  <w id="6" lemma="|,|" pos="," wid="6">,</w>
  <w id="7" lemma="|we|" pos="PRP" wid="7">we</w>
  <w id="8" lemma="|recall|" pos="VBP" wid="8">recall</w>
  <w id="9" lemma="|the|" pos="DT" wid="9">the</w>
  <w id="10" lemma="|presentation|" pos="NN" wid="10">presentation</w>
  <w id="11" lemma="|of|" pos="IN" wid="11">of</w>
  <w id="12" lemma="|Jesus|" pos="NNP" wid="12">Jesus</w>
  <w id="13" lemma="|in|" pos="IN" wid="13">in</w>
  <w id="14" lemma="|the|" pos="DT" wid="14">the</w>
  <w id="15" lemma="|temple|" pos="NN" wid="15">temple</w>
  <w id="16" lemma="|.|" pos="." wid="16">.</w>
</sentence>
<sentence id="2">
  <w id="0" lemma="|forty|" pos="CD" wid="0">Forty</w>
  <w id="1" lemma="|day|" pos="NNS" wid="1">days</w>
  <w id="2" lemma="|after|" pos="IN" wid="2">after</w>
  <w id="3" lemma="|he|" pos="PRP$" wid="3">his</w>
  <w id="4" lemma="|birth|" pos="NN" wid="4">birth</w>
  <w id="5" lemma="|,|" pos="," wid="5">,</w>
  <w id="6" lemma="|Mary|" pos="NNP" wid="6">Mary</w>
  <w id="7" lemma="|and|" pos="CC" wid="7">and</w>
  <w id="8" lemma="|Joseph|" pos="NNP" wid="8">Joseph</w>
  <w id="9" lemma="|go|" pos="VBD" wid="9">went</w>
  <w id="10" lemma="|to|" pos="TO" wid="10">to</w>
  <w id="11" lemma="|Jerusalem|" pos="NNP" wid="11">Jerusalem</w>
  <w id="12" lemma="|to|" pos="TO" wid="12">to</w>
  <w id="13" lemma="|offer|" pos="VB" wid="13">offer</w>
  <w id="14" lemma="|he|" pos="PRP" wid="14">him</w>
  <w id="15" lemma="|to|" pos="TO" wid="15">to</w>
  <w id="16" lemma="|the|" pos="DT" wid="16">the</w>
  <w id="17" lemma="|Lord|" pos="NNP" wid="17">Lord</w>
  <w id="18" lemma="|as|" pos="IN" wid="18">as</w>
  <w id="19" lemma="|prescribe|" pos="VBN" wid="19">prescribed</w>
  <w id="20" lemma="|by|" pos="IN" wid="20">by</w>
  <w id="21" lemma="|the|" pos="DT" wid="21">the</w>
  <w id="22" lemma="|law|" pos="NN" wid="22">law</w>
  <w id="23" lemma="|of|" pos="IN" wid="23">of</w>
  <w id="24" lemma="|Moses|" pos="NNP" wid="24">Moses</w>
  <w id="25" lemma="|.|" pos="." wid="25">.</w>
</sentence>
<sentence id="3">
  <w id="0" lemma="|this|" pos="DT" wid="0">This</w>
  <w id="1" lemma="|be|" pos="VBZ" wid="1">is</w>
  <w id="2" lemma="|a|" pos="DT" wid="2">an</w>
  <w id="3" lemma="|episode|" pos="NN" wid="3">episode</w>
  <w id="4" lemma="|that|" pos="WDT" wid="4">that</w>
  <w id="5" lemma="|fit|" pos="VBZ" wid="5">fits</w>
  <w id="6" lemma="|within|" pos="IN" wid="6">within</w>
  <w id="7" lemma="|the|" pos="DT" wid="7">the</w>
  <w id="8" lemma="|perspective|" pos="NN" wid="8">perspective</w>
  <w id="9" lemma="|of|" pos="IN" wid="9">of</w>
  <w id="10" lemma="|the|" pos="DT" wid="10">the</w>
  <w id="11" lemma="|People|" pos="NNP" wid="11">People</w>
  <w id="12" lemma="|of|" pos="IN" wid="12">of</w>
  <w id="13" lemma="|Israel|" pos="NNP" wid="13">Israel</w>
  <w id="14" lemma="|'s|" pos="POS" wid="14">'s</w>
  <w id="15" lemma="|special|" pos="JJ" wid="15">special</w>
  <w id="16" lemma="|consecration|" pos="NN" wid="16">consecration</w>
  <w id="17" lemma="|to|" pos="TO" wid="17">to</w>
  <w id="18" lemma="|God|" pos="NNP" wid="18">God</w>
  <w id="19" lemma="|.|" pos="." wid="19">.</w>
</sentence>
<sentence id="4">
  <w id="0" lemma="|but|" pos="CC" wid="0">But</w>
  <w id="1" lemma="|it|" pos="PRP" wid="1">it</w>
  <w id="2" lemma="|also|" pos="RB" wid="2">also</w>
  <w id="3" lemma="|have|" pos="VBZ" wid="3">has</w>
  <w id="4" lemma="|a|" pos="DT" wid="4">a</w>
  <w id="5" lemma="|broader|" pos="JJR" wid="5">broader</w>
  <w id="6" lemma="|meaning|" pos="NN" wid="6">meaning</w>
  <w id="7" lemma="|:|" pos=":" wid="7">:</w>
  <w id="8" lemma="|it|" pos="PRP" wid="8">it</w>
  <w id="9" lemma="|recall|" pos="VBZ" wid="9">recalls</w>
  <w id="10" lemma="|the|" pos="DT" wid="10">the</w>
  <w id="11" lemma="|gratitude|" pos="NN" wid="11">gratitude</w>
  <w id="12" lemma="|we|" pos="PRP" wid="12">we</w>
  <w id="13" lemma="|owe|" pos="VBP" wid="13">owe</w>
  <w id="14" lemma="|the|" pos="DT" wid="14">the</w>
  <w id="15" lemma="|Creator|" pos="NNP" wid="15">Creator</w>
  <w id="16" lemma="|for|" pos="IN" wid="16">for</w>
  <w id="17" lemma="|every|" pos="DT" wid="17">every</w>
  <w id="18" lemma="|human|" pos="JJ" wid="18">human</w>
  <w id="19" lemma="|life|" pos="NN" wid="19">life</w>
  <w id="20" lemma="|.|" pos="." wid="20">.</w>
</sentence>
<sentence id="5">
  <w id="0" lemma="|Life|" pos="NNP" wid="0">Life</w>
  <w id="1" lemma="|be|" pos="VBZ" wid="1">is</w>
  <w id="2" lemma="|a|" pos="DT" wid="2">a</w>
  <w id="3" lemma="|great|" pos="JJ" wid="3">great</w>
  <w id="4" lemma="|gift|" pos="NN" wid="4">gift</w>
  <w id="5" lemma="|of|" pos="IN" wid="5">of</w>
  <w id="6" lemma="|God|" pos="NNP" wid="6">God</w>
  <w id="7" lemma="|,|" pos="," wid="7">,</w>
  <w id="8" lemma="|to|" pos="TO" wid="8">to</w>
  <w id="9" lemma="|be|" pos="VB" wid="9">be</w>
  <w id="10" lemma="|always|" pos="RB" wid="10">always</w>
  <w id="11" lemma="|welcome|" pos="VBN" wid="11">welcomed</w>
  <w id="12" lemma="|with|" pos="IN" wid="12">with</w>
  <w id="13" lemma="|thanksgiving|" pos="NN" wid="13">thanksgiving</w>
  <w id="14" lemma="|.|" pos="." wid="14">.</w>
</sentence>
<sentence id="6">
  <w id="0" lemma="|if|" pos="IN" wid="0">If</w>
  <w id="1" lemma="|last|" pos="JJ" wid="1">last</w>
  <w id="2" lemma="|Sunday|" pos="NNP" wid="2">Sunday</w>
  <w id="3" lemma="|I|" pos="PRP" wid="3">I</w>
  <w id="4" lemma="|be|" pos="VBD" wid="4">was</w>
  <w id="5" lemma="|concern|" pos="VBN" wid="5">concerned</w>
  <w id="6" lemma="|about|" pos="IN" wid="6">about</w>
  <w id="7" lemma="|the|" pos="DT" wid="7">the</w>
  <w id="8" lemma="|absence|" pos="NN" wid="8">absence</w>
  <w id="9" lemma="|of|" pos="IN" wid="9">of</w>
  <w id="10" lemma="|value|" pos="NNS" wid="10">values</w>
  <w id="11" lemma="|that|" pos="WDT" wid="11">that</w>
  <w id="12" lemma="|threaten|" pos="VBZ" wid="12">threatens</w>
  <w id="13" lemma="|we|" pos="PRP$" wid="13">our</w>
  <w id="14" lemma="|society|" pos="NN" wid="14">society</w>
  <w id="15" lemma="|,|" pos="," wid="15">,</w>
  <w id="16" lemma="|today|" pos="NN" wid="16">today</w>
  <w id="17" lemma="|I|" pos="PRP" wid="17">I</w>
  <w id="18" lemma="|would|" pos="MD" wid="18">would</w>
  <w id="19" lemma="|like|" pos="VB" wid="19">like</w>
  <w id="20" lemma="|forcefully|" pos="RB" wid="20">forcefully</w>
  <w id="21" lemma="|to|" pos="TO" wid="21">to</w>
  <w id="22" lemma="|recall|" pos="VB" wid="22">recall</w>
  <w id="23" lemma="|one|" pos="CD" wid="23">one</w>
  <w id="24" lemma="|of|" pos="IN" wid="24">of</w>
  <w id="25" lemma="|these|" pos="DT" wid="25">these</w>
  <w id="26" lemma="|basic|" pos="JJ" wid="26">basic</w>
  <w id="27" lemma="|value|" pos="NNS" wid="27">values</w>
  <w id="28" lemma="|which|" pos="WDT" wid="28">which</w>
  <w id="29" lemma="|must|" pos="MD" wid="29">must</w>
  <w id="30" lemma="|be|" pos="VB" wid="30">be</w>
  <w id="31" lemma="|absolutely|" pos="RB" wid="31">absolutely</w>
  <w id="32" lemma="|recover|" pos="VBN" wid="32">recovered</w>
  <w id="33" lemma="|if|" pos="IN" wid="33">if</w>
  <w id="34" lemma="|we|" pos="PRP" wid="34">we</w>
  <w id="35" lemma="|do|" pos="VBP" wid="35">do</w>
  <w id="36" lemma="|not|" pos="RB" wid="36">not</w>
  <w id="37" lemma="|want|" pos="VB" wid="37">want</w>
  <w id="38" lemma="|to|" pos="TO" wid="38">to</w>
  <w id="39" lemma="|fall|" pos="VB" wid="39">fall</w>
  <w id="40" lemma="|headlong|" pos="RB" wid="40">headlong</w>
  <w id="41" lemma="|into|" pos="IN" wid="41">into</w>
  <w id="42" lemma="|the|" pos="DT" wid="42">the</w>
  <w id="43" lemma="|abyss|" pos="NN" wid="43">abyss</w>
  <w id="44" lemma="|.|" pos="." wid="44">.</w>
</sentence>
<sentence id="7">
  <w id="0" lemma="|I|" pos="PRP" wid="0">I</w>
  <w id="1" lemma="|be|" pos="VBP" wid="1">am</w>
  <w id="2" lemma="|refer|" pos="VBG" wid="2">referring</w>
  <w id="3" lemma="|to|" pos="TO" wid="3">to</w>
  <w id="4" lemma="|the|" pos="DT" wid="4">the</w>
  <w id="5" lemma="|sacred|" pos="JJ" wid="5">sacred</w>
  <w id="6" lemma="|value|" pos="NN" wid="6">value</w>
  <w id="7" lemma="|of|" pos="IN" wid="7">of</w>
  <w id="8" lemma="|life|" pos="NN" wid="8">life</w>
  <w id="9" lemma="|,|" pos="," wid="9">,</w>
  <w id="10" lemma="|of|" pos="IN" wid="10">of</w>
  <w id="11" lemma="|every|" pos="DT" wid="11">every</w>
  <w id="12" lemma="|human|" pos="JJ" wid="12">human</w>
  <w id="13" lemma="|life|" pos="NN" wid="13">life</w>
  <w id="14" lemma="|,|" pos="," wid="14">,</w>
  <w id="15" lemma="|from|" pos="IN" wid="15">from</w>
  <w id="16" lemma="|its|" pos="PRP$" wid="16">its</w>
  <w id="17" lemma="|origin|" pos="NN" wid="17">origin</w>
  <w id="18" lemma="|in|" pos="IN" wid="18">in</w>
  <w id="19" lemma="|the|" pos="DT" wid="19">the</w>
  <w id="20" lemma="|mother|" pos="NN" wid="20">mother</w>
  <w id="21" lemma="|'s|" pos="POS" wid="21">'s</w>
  <w id="22" lemma="|womb|" pos="NN" wid="22">womb</w>
  <w id="23" lemma="|to|" pos="TO" wid="23">to</w>
  <w id="24" lemma="|its|" pos="PRP$" wid="24">its</w>
  <w id="25" lemma="|natural|" pos="JJ" wid="25">natural</w>
  <w id="26" lemma="|end|" pos="NN" wid="26">end</w>
  <w id="27" lemma="|.|" pos="." wid="27">.</w>
</sentence>
<sentence id="8">
  <w id="0" lemma="|I|" pos="PRP" wid="0">I</w>
  <w id="1" lemma="|say|" pos="VBP" wid="1">say</w>
  <w id="2" lemma="|this|" pos="DT" wid="2">this</w>
  <w id="3" lemma="|,|" pos="," wid="3">,</w>
  <w id="4" lemma="|recall|" pos="VBG" wid="4">recalling</w>
  <w id="5" lemma="|that|" pos="IN" wid="5">that</w>
  <w id="6" lemma="|in|" pos="IN" wid="6">in</w>
  <w id="7" lemma="|Italy|" pos="NNP" wid="7">Italy</w>
  <w id="8" lemma="|today|" pos="NN" wid="8">today</w>
  <w id="9" lemma="|Pro-Life|" pos="NNP" wid="9">Pro-Life</w>
  <w id="10" lemma="|Day|" pos="NNP" wid="10">Day</w>
  <w id="11" lemma="|be|" pos="VBZ" wid="11">is</w>
  <w id="12" lemma="|be|" pos="VBG" wid="12">being</w>
  <w id="13" lemma="|celebrate|" pos="VBN" wid="13">celebrated</w>
  <w id="14" lemma="|,|" pos="," wid="14">,</w>
  <w id="15" lemma="|a|" pos="DT" wid="15">a</w>
  <w id="16" lemma="|favourable|" pos="JJ" wid="16">favourable</w>
  <w id="17" lemma="|opportunity|" pos="NN" wid="17">opportunity</w>
  <w id="18" lemma="|for|" pos="IN" wid="18">for</w>
  <w id="19" lemma="|vigorously|" pos="RB" wid="19">vigorously</w>
  <w id="20" lemma="|affirm|" pos="VBG" wid="20">affirming</w>
  <w id="21" lemma="|that|" pos="DT" wid="21">that</w>
  <w id="22" lemma="|life|" pos="NN" wid="22">life</w>
  <w id="23" lemma="|,|" pos="," wid="23">,</w>
  <w id="24" lemma="|one|" pos="PRP" wid="24">one</w>
  <w id="25" lemma="|be|" pos="VBZ" wid="25">'s</w>
  <w id="26" lemma="|own|" pos="JJ" wid="26">own</w>
  <w id="27" lemma="|and|" pos="CC" wid="27">and</w>
  <w id="28" lemma="|that|" pos="DT" wid="28">that</w>
  <w id="29" lemma="|of|" pos="IN" wid="29">of</w>
  <w id="30" lemma="|other|" pos="NNS" wid="30">others</w>
  <w id="31" lemma="|,|" pos="," wid="31">,</w>
  <w id="32" lemma="|can|" pos="MD" wid="32">can</w>
  <w id="33" lemma="|not|" pos="RB" wid="33">not</w>
  <w id="34" lemma="|be|" pos="VB" wid="34">be</w>
  <w id="35" lemma="|dispose|" pos="VBN" wid="35">disposed</w>
  <w id="36" lemma="|of|" pos="IN" wid="36">of</w>
  <w id="37" lemma="|at|" pos="IN" wid="37">at</w>
  <w id="38" lemma="|will|" pos="NN" wid="38">will</w>
  <w id="39" lemma="|:|" pos=":" wid="39">:</w>
  <w id="40" lemma="|it|" pos="PRP" wid="40">it</w>
  <w id="41" lemma="|belong|" pos="VBZ" wid="41">belongs</w>
  <w id="42" lemma="|to|" pos="TO" wid="42">to</w>
  <w id="43" lemma="|the|" pos="DT" wid="43">the</w>
  <w id="44" lemma="|author|" pos="NN" wid="44">Author</w>
  <w id="45" lemma="|of|" pos="IN" wid="45">of</w>
  <w id="46" lemma="|life|" pos="NN" wid="46">life</w>
  <w id="47" lemma="|.|" pos="." wid="47">.</w>
</sentence>
<sentence id="9">
  <w id="0" lemma="|love|" pos="NN" wid="0">Love</w>
  <w id="1" lemma="|inspire|" pos="VBZ" wid="1">inspires</w>
  <w id="2" lemma="|the|" pos="DT" wid="2">the</w>
  <w id="3" lemma="|culture|" pos="NN" wid="3">culture</w>
  <w id="4" lemma="|of|" pos="IN" wid="4">of</w>
  <w id="5" lemma="|life|" pos="NN" wid="5">life</w>
  <w id="6" lemma="|,|" pos="," wid="6">,</w>
  <w id="7" lemma="|while|" pos="IN" wid="7">while</w>
  <w id="8" lemma="|selfishness|" pos="NN" wid="8">selfishness</w>
  <w id="9" lemma="|inspire|" pos="VBZ" wid="9">inspires</w>
  <w id="10" lemma="|the|" pos="DT" wid="10">the</w>
  <w id="11" lemma="|culture|" pos="NN" wid="11">culture</w>
  <w id="12" lemma="|of|" pos="IN" wid="12">of</w>
  <w id="13" lemma="|death|" pos="NN" wid="13">death</w>
  <w id="14" lemma="|.|" pos="." wid="14">.</w>
</sentence>
<sentence id="10">
  <w id="0" lemma="|choose|" pos="VB" wid="0">Choose</w>
  <w id="1" lemma="|life|" pos="NN" wid="1">life</w>
  <w id="2" lemma="|,|" pos="," wid="2">,</w>
  <w id="3" lemma="|say|" pos="VBZ" wid="3">says</w>
  <w id="4" lemma="|the|" pos="DT" wid="4">the</w>
  <w id="5" lemma="|Lord|" pos="NNP" wid="5">Lord</w>
  <w id="6" lemma="|,|" pos="," wid="6">,</w>
  <w id="7" lemma="|that|" pos="IN" wid="7">that</w>
  <w id="8" lemma="|you|" pos="PRP" wid="8">you</w>
  <w id="9" lemma="|and|" pos="CC" wid="9">and</w>
  <w id="10" lemma="|you|" pos="PRP$" wid="10">your</w>
  <w id="11" lemma="|descendant|" pos="NNS" wid="11">descendants</w>
  <w id="12" lemma="|may|" pos="MD" wid="12">may</w>
  <w id="13" lemma="|live|" pos="VB" wid="13">live</w>
  <w id="14" lemma="|!|" pos="." wid="14">!</w>
</sentence>
<sentence id="11">
  <w id="0" lemma="|-lrb-|" pos="-LRB-" wid="0">-LRB-</w>
  <w id="1" lemma="|cf|" pos="NN" wid="1">cf</w>
  <w id="2" lemma="|.|" pos="." wid="2">.</w>
</sentence>
<sentence id="12">
  <w id="0" lemma="|dt|" pos="FW" wid="0">Dt</w>
  <w id="1" lemma="|30:19|" pos="FW" wid="1">30:19</w>
  <w id="2" lemma="|-rrb-|" pos="-RRB-" wid="2">-RRB-</w>
  <w id="3" lemma="|.|" pos="." wid="3">.</w>
</sentence>
<sentence id="13">
  <w id="0" lemma="|2|" pos="CD" wid="0">2</w>
  <w id="1" lemma="|.|" pos="." wid="1">.</w>
</sentence>
<sentence id="14">
  <w id="0" lemma="|in|" pos="IN" wid="0">In</w>
  <w id="1" lemma="|the|" pos="DT" wid="1">the</w>
  <w id="2" lemma="|temple|" pos="NN" wid="2">temple</w>
  <w id="3" lemma="|of|" pos="IN" wid="3">of</w>
  <w id="4" lemma="|Jerusalem|" pos="NNP" wid="4">Jerusalem</w>
  <w id="5" lemma="|,|" pos="," wid="5">,</w>
  <w id="6" lemma="|accord|" pos="VBG" wid="6">according</w>
  <w id="7" lemma="|to|" pos="TO" wid="7">to</w>
  <w id="8" lemma="|the|" pos="DT" wid="8">the</w>
  <w id="9" lemma="|Gospel|" pos="NNP" wid="9">Gospel</w>
  <w id="10" lemma="|account|" pos="NN" wid="10">account</w>
  <w id="11" lemma="|,|" pos="," wid="11">,</w>
  <w id="12" lemma="|Simeon|" pos="NNP" wid="12">Simeon</w>
  <w id="13" lemma="|,|" pos="," wid="13">,</w>
  <w id="14" lemma="|a|" pos="DT" wid="14">an</w>
  <w id="15" lemma="|elderly|" pos="JJ" wid="15">elderly</w>
  <w id="16" lemma="|man|" pos="NN" wid="16">man</w>
  <w id="17" lemma="|of|" pos="IN" wid="17">of</w>
  <w id="18" lemma="|God|" pos="NNP" wid="18">God</w>
  <w id="19" lemma="|,|" pos="," wid="19">,</w>
  <w id="20" lemma="|take|" pos="VBZ" wid="20">takes</w>
  <w id="21" lemma="|Jesus|" pos="NNP" wid="21">Jesus</w>
  <w id="22" lemma="|in|" pos="IN" wid="22">in</w>
  <w id="23" lemma="|he|" pos="PRP$" wid="23">his</w>
  <w id="24" lemma="|arm|" pos="NNS" wid="24">arms</w>
  <w id="25" lemma="|and|" pos="CC" wid="25">and</w>
  <w id="26" lemma="|recognize|" pos="VBZ" wid="26">recognizes</w>
  <w id="27" lemma="|that|" pos="IN" wid="27">that</w>
  <w id="28" lemma="|in|" pos="IN" wid="28">in</w>
  <w id="29" lemma="|he|" pos="PRP" wid="29">him</w>
  <w id="30" lemma="|salvation|" pos="NN" wid="30">salvation</w>
  <w id="31" lemma="|have|" pos="VBZ" wid="31">has</w>
  <w id="32" lemma="|come|" pos="VBN" wid="32">come</w>
  <w id="33" lemma="|for|" pos="IN" wid="33">for</w>
  <w id="34" lemma="|Israel|" pos="NNP" wid="34">Israel</w>
  <w id="35" lemma="|and|" pos="CC" wid="35">and</w>
  <w id="36" lemma="|for|" pos="IN" wid="36">for</w>
  <w id="37" lemma="|all|" pos="DT" wid="37">all</w>
  <w id="38" lemma="|people|" pos="NNS" wid="38">peoples</w>
  <w id="39" lemma="|:|" pos=":" wid="39">:</w>
  <w id="40" lemma="|the|" pos="DT" wid="40">the</w>
  <w id="41" lemma="|Light|" pos="NNP" wid="41">Light</w>
  <w id="42" lemma="|of|" pos="IN" wid="42">of</w>
  <w id="43" lemma="|the|" pos="DT" wid="43">the</w>
  <w id="44" lemma="|Gentiles|" pos="NNPS" wid="44">Gentiles</w>
  <w id="45" lemma="|-lrb-|" pos="-LRB-" wid="45">-LRB-</w>
  <w id="46" lemma="|cf|" pos="NN" wid="46">cf</w>
  <w id="47" lemma="|.|" pos="." wid="47">.</w>
</sentence>
<sentence id="15">
  <w id="0" lemma="|lk|" pos="NN" wid="0">Lk</w>
  <w id="1" lemma="|2:30:31|" pos="CD" wid="1">2:30:31</w>
  <w id="2" lemma="|-rrb-|" pos="-RRB-" wid="2">-RRB-</w>
  <w id="3" lemma="|.|" pos="." wid="3">.</w>
</sentence>
<sentence id="16">
  <w id="0" lemma="|the|" pos="DT" wid="0">The</w>
  <w id="1" lemma="|word|" pos="NNS" wid="1">words</w>
  <w id="2" lemma="|of|" pos="IN" wid="2">of</w>
  <w id="3" lemma="|the|" pos="DT" wid="3">the</w>
  <w id="4" lemma="|holy|" pos="JJ" wid="4">holy</w>
  <w id="5" lemma="|old|" pos="JJ" wid="5">old</w>
  <w id="6" lemma="|man|" pos="NN" wid="6">man</w>
  <w id="7" lemma="|express|" pos="VBP" wid="7">express</w>
  <w id="8" lemma="|the|" pos="DT" wid="8">the</w>
  <w id="9" lemma="|longing|" pos="NN" wid="9">longing</w>
  <w id="10" lemma="|that|" pos="WDT" wid="10">that</w>
  <w id="11" lemma="|pervade|" pos="VBZ" wid="11">pervades</w>
  <w id="12" lemma="|human|" pos="JJ" wid="12">human</w>
  <w id="13" lemma="|history|" pos="NN" wid="13">history</w>
  <w id="14" lemma="|.|" pos="." wid="14">.</w>
</sentence>
<sentence id="17">
  <w id="0" lemma="|they|" pos="PRP" wid="0">They</w>
  <w id="1" lemma="|express|" pos="VBP" wid="1">express</w>
  <w id="2" lemma="|that|" pos="IN" wid="2">that</w>
  <w id="3" lemma="|wait|" pos="VBG" wid="3">waiting</w>
  <w id="4" lemma="|for|" pos="IN" wid="4">for</w>
  <w id="5" lemma="|God|" pos="NNP" wid="5">God</w>
  <w id="6" lemma="|,|" pos="," wid="6">,</w>
  <w id="7" lemma="|that|" pos="IN" wid="7">that</w>
  <w id="8" lemma="|universal|" pos="JJ" wid="8">universal</w>
  <w id="9" lemma="|desire|" pos="NN" wid="9">desire</w>
  <w id="10" lemma="|,|" pos="," wid="10">,</w>
  <w id="11" lemma="|unconscious|" pos="JJ" wid="11">unconscious</w>
  <w id="12" lemma="|perhaps|" pos="RB" wid="12">perhaps</w>
  <w id="13" lemma="|,|" pos="," wid="13">,</w>
  <w id="14" lemma="|but|" pos="CC" wid="14">but</w>
  <w id="15" lemma="|ineffaceable|" pos="JJ" wid="15">ineffaceable</w>
  <w id="16" lemma="|,|" pos="," wid="16">,</w>
  <w id="17" lemma="|that|" pos="IN" wid="17">that</w>
  <w id="18" lemma="|he|" pos="PRP" wid="18">he</w>
  <w id="19" lemma="|would|" pos="MD" wid="19">would</w>
  <w id="20" lemma="|come|" pos="VB" wid="20">come</w>
  <w id="21" lemma="|to|" pos="TO" wid="21">to</w>
  <w id="22" lemma="|meet|" pos="VB" wid="22">meet</w>
  <w id="23" lemma="|we|" pos="PRP" wid="23">us</w>
  <w id="24" lemma="|so|" pos="IN" wid="24">so</w>
  <w id="25" lemma="|that|" pos="IN" wid="25">that</w>
  <w id="26" lemma="|we|" pos="PRP" wid="26">we</w>
  <w id="27" lemma="|might|" pos="MD" wid="27">might</w>
  <w id="28" lemma="|be|" pos="VB" wid="28">be</w>
  <w id="29" lemma="|able|" pos="JJ" wid="29">able</w>
  <w id="30" lemma="|to|" pos="TO" wid="30">to</w>
  <w id="31" lemma="|share|" pos="VB" wid="31">share</w>
  <w id="32" lemma="|in|" pos="IN" wid="32">in</w>
  <w id="33" lemma="|he|" pos="PRP$" wid="33">his</w>
  <w id="34" lemma="|life|" pos="NN" wid="34">life</w>
  <w id="35" lemma="|.|" pos="." wid="35">.</w>
</sentence>
<sentence id="18">
  <w id="0" lemma="|Simeon|" pos="NNP" wid="0">Simeon</w>
  <w id="1" lemma="|embody|" pos="VBZ" wid="1">embodies</w>
  <w id="2" lemma="|the|" pos="DT" wid="2">the</w>
  <w id="3" lemma="|image|" pos="NN" wid="3">image</w>
  <w id="4" lemma="|of|" pos="IN" wid="4">of</w>
  <w id="5" lemma="|humanity|" pos="NN" wid="5">humanity</w>
  <w id="6" lemma="|strive|" pos="VBG" wid="6">striving</w>
  <w id="7" lemma="|to|" pos="TO" wid="7">to</w>
  <w id="8" lemma="|grasp|" pos="VB" wid="8">grasp</w>
  <w id="9" lemma="|that|" pos="DT" wid="9">that</w>
  <w id="10" lemma="|ray|" pos="NN" wid="10">ray</w>
  <w id="11" lemma="|of|" pos="IN" wid="11">of</w>
  <w id="12" lemma="|light|" pos="NN" wid="12">light</w>
  <w id="13" lemma="|which|" pos="WDT" wid="13">which</w>
  <w id="14" lemma="|renew|" pos="VBZ" wid="14">renews</w>
  <w id="15" lemma="|all|" pos="DT" wid="15">all</w>
  <w id="16" lemma="|thing|" pos="NNS" wid="16">things</w>
  <w id="17" lemma="|,|" pos="," wid="17">,</w>
  <w id="18" lemma="|the|" pos="DT" wid="18">the</w>
  <w id="19" lemma="|seed|" pos="NN" wid="19">seed</w>
  <w id="20" lemma="|of|" pos="IN" wid="20">of</w>
  <w id="21" lemma="|life|" pos="NN" wid="21">life</w>
  <w id="22" lemma="|that|" pos="WDT" wid="22">that</w>
  <w id="23" lemma="|transform|" pos="VBZ" wid="23">transforms</w>
  <w id="24" lemma="|all|" pos="DT" wid="24">all</w>
  <w id="25" lemma="|old|" pos="JJ" wid="25">old</w>
  <w id="26" lemma="|age|" pos="NN" wid="26">age</w>
  <w id="27" lemma="|into|" pos="IN" wid="27">into</w>
  <w id="28" lemma="|everlasting|" pos="JJ" wid="28">everlasting</w>
  <w id="29" lemma="|youth|" pos="NN" wid="29">youth</w>
  <w id="30" lemma="|.|" pos="." wid="30">.</w>
</sentence>
<sentence id="19">
  <w id="0" lemma="|3|" pos="LS" wid="0">3</w>
  <w id="1" lemma="|.|" pos="." wid="1">.</w>
</sentence>
<sentence id="20">
  <w id="0" lemma="|in|" pos="IN" wid="0">In</w>
  <w id="1" lemma="|this|" pos="DT" wid="1">this</w>
  <w id="2" lemma="|context|" pos="NN" wid="2">context</w>
  <w id="3" lemma="|,|" pos="," wid="3">,</w>
  <w id="4" lemma="|the|" pos="DT" wid="4">the</w>
  <w id="5" lemma="|Day|" pos="NNP" wid="5">Day</w>
  <w id="6" lemma="|for|" pos="IN" wid="6">for</w>
  <w id="7" lemma="|Consecrated|" pos="NNP" wid="7">Consecrated</w>
  <w id="8" lemma="|Life|" pos="NNP" wid="8">Life</w>
  <w id="9" lemma="|that|" pos="IN" wid="9">that</w>
  <w id="10" lemma="|we|" pos="PRP" wid="10">we</w>
  <w id="11" lemma="|be|" pos="VBP" wid="11">are</w>
  <w id="12" lemma="|celebrate|" pos="VBG" wid="12">celebrating</w>
  <w id="13" lemma="|today|" pos="NN" wid="13">today</w>
  <w id="14" lemma="|for|" pos="IN" wid="14">for</w>
  <w id="15" lemma="|the|" pos="DT" wid="15">the</w>
  <w id="16" lemma="|first|" pos="JJ" wid="16">first</w>
  <w id="17" lemma="|time|" pos="NN" wid="17">time</w>
  <w id="18" lemma="|take|" pos="VBZ" wid="18">takes</w>
  <w id="19" lemma="|on|" pos="IN" wid="19">on</w>
  <w id="20" lemma="|a|" pos="DT" wid="20">a</w>
  <w id="21" lemma="|special|" pos="JJ" wid="21">special</w>
  <w id="22" lemma="|significance|" pos="NN" wid="22">significance</w>
  <w id="23" lemma="|.|" pos="." wid="23">.</w>
</sentence>
<sentence id="21">
  <w id="0" lemma="|for|" pos="IN" wid="0">For</w>
  <w id="1" lemma="|some|" pos="DT" wid="1">some</w>
  <w id="2" lemma="|time|" pos="NN" wid="2">time</w>
  <w id="3" lemma="|the|" pos="DT" wid="3">the</w>
  <w id="4" lemma="|feast|" pos="NN" wid="4">feast</w>
  <w id="5" lemma="|of|" pos="IN" wid="5">of</w>
  <w id="6" lemma="|the|" pos="DT" wid="6">the</w>
  <w id="7" lemma="|presentation|" pos="NN" wid="7">Presentation</w>
  <w id="8" lemma="|of|" pos="IN" wid="8">of</w>
  <w id="9" lemma="|Jesus|" pos="NNP" wid="9">Jesus</w>
  <w id="10" lemma="|in|" pos="IN" wid="10">in</w>
  <w id="11" lemma="|the|" pos="DT" wid="11">the</w>
  <w id="12" lemma="|Temple|" pos="NNP" wid="12">Temple</w>
  <w id="13" lemma="|have|" pos="VBZ" wid="13">has</w>
  <w id="14" lemma="|bring|" pos="VBN" wid="14">brought</w>
  <w id="15" lemma="|together|" pos="RB" wid="15">together</w>
  <w id="16" lemma="|in|" pos="IN" wid="16">in</w>
  <w id="17" lemma="|diocesan|" pos="JJ" wid="17">diocesan</w>
  <w id="18" lemma="|community|" pos="NNS" wid="18">communities</w>
  <w id="19" lemma="|the|" pos="DT" wid="19">the</w>
  <w id="20" lemma="|member|" pos="NNS" wid="20">members</w>
  <w id="21" lemma="|of|" pos="IN" wid="21">of</w>
  <w id="22" lemma="|institutes|" pos="NN" wid="22">institutes</w>
  <w id="23" lemma="|of|" pos="IN" wid="23">of</w>
  <w id="24" lemma="|consecrate|" pos="VBN" wid="24">consecrated</w>
  <w id="25" lemma="|life|" pos="NN" wid="25">life</w>
  <w id="26" lemma="|and|" pos="CC" wid="26">and</w>
  <w id="27" lemma="|society|" pos="NNS" wid="27">societies</w>
  <w id="28" lemma="|of|" pos="IN" wid="28">of</w>
  <w id="29" lemma="|apostolic|" pos="JJ" wid="29">apostolic</w>
  <w id="30" lemma="|life|" pos="NN" wid="30">life</w>
  <w id="31" lemma="|,|" pos="," wid="31">,</w>
  <w id="32" lemma="|to|" pos="TO" wid="32">to</w>
  <w id="33" lemma="|show|" pos="VB" wid="33">show</w>
  <w id="34" lemma="|God|" pos="NNP" wid="34">God</w>
  <w id="35" lemma="|'s|" pos="POS" wid="35">'s</w>
  <w id="36" lemma="|People|" pos="NNP" wid="36">People</w>
  <w id="37" lemma="|the|" pos="DT" wid="37">the</w>
  <w id="38" lemma="|joy|" pos="NN" wid="38">joy</w>
  <w id="39" lemma="|of|" pos="IN" wid="39">of</w>
  <w id="40" lemma="|unreserved|" pos="JJ" wid="40">unreserved</w>
  <w id="41" lemma="|commitment|" pos="NN" wid="41">commitment</w>
  <w id="42" lemma="|to|" pos="TO" wid="42">to</w>
  <w id="43" lemma="|the|" pos="DT" wid="43">the</w>
  <w id="44" lemma="|Lord|" pos="NNP" wid="44">Lord</w>
  <w id="45" lemma="|and|" pos="CC" wid="45">and</w>
  <w id="46" lemma="|he|" pos="PRP$" wid="46">his</w>
  <w id="47" lemma="|kingdom|" pos="NN" wid="47">kingdom</w>
  <w id="48" lemma="|.|" pos="." wid="48">.</w>
</sentence>
<sentence id="22">
  <w id="0" lemma="|I|" pos="PRP" wid="0">I</w>
  <w id="1" lemma="|want|" pos="VBD" wid="1">wanted</w>
  <w id="2" lemma="|this|" pos="DT" wid="2">this</w>
  <w id="3" lemma="|experience|" pos="NN" wid="3">experience</w>
  <w id="4" lemma="|to|" pos="TO" wid="4">to</w>
  <w id="5" lemma="|be|" pos="VB" wid="5">be</w>
  <w id="6" lemma="|extend|" pos="VBN" wid="6">extended</w>
  <w id="7" lemma="|to|" pos="TO" wid="7">to</w>
  <w id="8" lemma="|the|" pos="DT" wid="8">the</w>
  <w id="9" lemma="|whole|" pos="JJ" wid="9">whole</w>
  <w id="10" lemma="|Church|" pos="NNP" wid="10">Church</w>
  <w id="11" lemma="|,|" pos="," wid="11">,</w>
  <w id="12" lemma="|to|" pos="TO" wid="12">to</w>
  <w id="13" lemma="|give|" pos="VB" wid="13">give</w>
  <w id="14" lemma="|thanks|" pos="NNS" wid="14">thanks</w>
  <w id="15" lemma="|to|" pos="TO" wid="15">to</w>
  <w id="16" lemma="|God|" pos="NNP" wid="16">God</w>
  <w id="17" lemma="|for|" pos="IN" wid="17">for</w>
  <w id="18" lemma="|the|" pos="DT" wid="18">the</w>
  <w id="19" lemma="|great|" pos="JJ" wid="19">great</w>
  <w id="20" lemma="|gift|" pos="NN" wid="20">gift</w>
  <w id="21" lemma="|of|" pos="IN" wid="21">of</w>
  <w id="22" lemma="|consecrate|" pos="VBN" wid="22">consecrated</w>
  <w id="23" lemma="|life|" pos="NN" wid="23">life</w>
  <w id="24" lemma="|and|" pos="CC" wid="24">and</w>
  <w id="25" lemma="|to|" pos="TO" wid="25">to</w>
  <w id="26" lemma="|encourage|" pos="VB" wid="26">encourage</w>
  <w id="27" lemma="|ever|" pos="RB" wid="27">ever</w>
  <w id="28" lemma="|greater|" pos="JJR" wid="28">greater</w>
  <w id="29" lemma="|gratitude|" pos="NN" wid="29">gratitude</w>
  <w id="30" lemma="|and|" pos="CC" wid="30">and</w>
  <w id="31" lemma="|esteem|" pos="NN" wid="31">esteem</w>
  <w id="32" lemma="|for|" pos="IN" wid="32">for</w>
  <w id="33" lemma="|it|" pos="PRP" wid="33">it</w>
  <w id="34" lemma="|.|" pos="." wid="34">.</w>
</sentence>
<sentence id="23">
  <w id="0" lemma="|we|" pos="PRP" wid="0">We</w>
  <w id="1" lemma="|be|" pos="VBP" wid="1">are</w>
  <w id="2" lemma="|also|" pos="RB" wid="2">also</w>
  <w id="3" lemma="|spur|" pos="VBN" wid="3">spurred</w>
  <w id="4" lemma="|by|" pos="IN" wid="4">by</w>
  <w id="5" lemma="|the|" pos="DT" wid="5">the</w>
  <w id="6" lemma="|recently|" pos="RB" wid="6">recently</w>
  <w id="7" lemma="|celebrate|" pos="VBN" wid="7">celebrated</w>
  <w id="8" lemma="|Synod|" pos="NNP" wid="8">Synod</w>
  <w id="9" lemma="|of|" pos="IN" wid="9">of</w>
  <w id="10" lemma="|bishop|" pos="NNS" wid="10">Bishops</w>
  <w id="11" lemma="|on|" pos="IN" wid="11">on</w>
  <w id="12" lemma="|the|" pos="DT" wid="12">the</w>
  <w id="13" lemma="|consecrate|" pos="VBN" wid="13">consecrated</w>
  <w id="14" lemma="|life|" pos="NN" wid="14">life</w>
  <w id="15" lemma="|,|" pos="," wid="15">,</w>
  <w id="16" lemma="|whose|" pos="WP$" wid="16">whose</w>
  <w id="17" lemma="|result|" pos="NNS" wid="17">results</w>
  <w id="18" lemma="|be|" pos="VBP" wid="18">are</w>
  <w id="19" lemma="|contain|" pos="VBN" wid="19">contained</w>
  <w id="20" lemma="|in|" pos="IN" wid="20">in</w>
  <w id="21" lemma="|the|" pos="DT" wid="21">the</w>
  <w id="22" lemma="|Post-Synodal|" pos="NNP" wid="22">Post-Synodal</w>
  <w id="23" lemma="|Apostolic|" pos="NNP" wid="23">Apostolic</w>
  <w id="24" lemma="|Exhortation|" pos="NNP" wid="24">Exhortation</w>
  <w id="25" lemma="|Vita|" pos="NNP" wid="25">Vita</w>
  <w id="26" lemma="|consecrata|" pos="NN" wid="26">consecrata</w>
  <w id="27" lemma="|.|" pos="." wid="27">.</w>
</sentence>
<sentence id="24">
  <w id="0" lemma="|as|" pos="IN" wid="0">As</w>
  <w id="1" lemma="|I|" pos="PRP" wid="1">I</w>
  <w id="2" lemma="|invite|" pos="VBP" wid="2">invite</w>
  <w id="3" lemma="|you|" pos="PRP" wid="3">you</w>
  <w id="4" lemma="|to|" pos="TO" wid="4">to</w>
  <w id="5" lemma="|pray|" pos="VB" wid="5">pray</w>
  <w id="6" lemma="|,|" pos="," wid="6">,</w>
  <w id="7" lemma="|dear|" pos="RB" wid="7">dear</w>
  <w id="8" lemma="|friend|" pos="NNS" wid="8">friends</w>
  <w id="9" lemma="|,|" pos="," wid="9">,</w>
  <w id="10" lemma="|for|" pos="IN" wid="10">for</w>
  <w id="11" lemma="|we|" pos="PRP$" wid="11">our</w>
  <w id="12" lemma="|brother|" pos="NNS" wid="12">brothers</w>
  <w id="13" lemma="|and|" pos="CC" wid="13">and</w>
  <w id="14" lemma="|sister|" pos="NNS" wid="14">sisters</w>
  <w id="15" lemma="|who|" pos="WP" wid="15">who</w>
  <w id="16" lemma="|offer|" pos="VBP" wid="16">offer</w>
  <w id="17" lemma="|they|" pos="PRP$" wid="17">their</w>
  <w id="18" lemma="|witness|" pos="NN" wid="18">witness</w>
  <w id="19" lemma="|to|" pos="TO" wid="19">to</w>
  <w id="20" lemma="|the|" pos="DT" wid="20">the</w>
  <w id="21" lemma="|poor|" pos="JJ" wid="21">poor</w>
  <w id="22" lemma="|,|" pos="," wid="22">,</w>
  <w id="23" lemma="|chaste|" pos="JJ" wid="23">chaste</w>
  <w id="24" lemma="|and|" pos="CC" wid="24">and</w>
  <w id="25" lemma="|obedient|" pos="JJ" wid="25">obedient</w>
  <w id="26" lemma="|Christ|" pos="NNP" wid="26">Christ</w>
  <w id="27" lemma="|,|" pos="," wid="27">,</w>
  <w id="28" lemma="|my|" pos="PRP$" wid="28">my</w>
  <w id="29" lemma="|thought|" pos="NNS" wid="29">thoughts</w>
  <w id="30" lemma="|turn|" pos="VBP" wid="30">turn</w>
  <w id="31" lemma="|in|" pos="IN" wid="31">in</w>
  <w id="32" lemma="|a|" pos="DT" wid="32">a</w>
  <w id="33" lemma="|particular|" pos="JJ" wid="33">particular</w>
  <w id="34" lemma="|way|" pos="NN" wid="34">way</w>
  <w id="35" lemma="|to|" pos="TO" wid="35">to</w>
  <w id="36" lemma="|all|" pos="PDT" wid="36">all</w>
  <w id="37" lemma="|those|" pos="DT" wid="37">those</w>
  <w id="38" lemma="|who|" pos="WP" wid="38">who</w>
  <w id="39" lemma="|have|" pos="VBP" wid="39">have</w>
  <w id="40" lemma="|enrich|" pos="VBN" wid="40">enriched</w>
  <w id="41" lemma="|they|" pos="PRP$" wid="41">their</w>
  <w id="42" lemma="|service|" pos="NN" wid="42">service</w>
  <w id="43" lemma="|to|" pos="TO" wid="43">to</w>
  <w id="44" lemma="|the|" pos="DT" wid="44">the</w>
  <w id="45" lemma="|Church|" pos="NNP" wid="45">Church</w>
  <w id="46" lemma="|with|" pos="IN" wid="46">with</w>
  <w id="47" lemma="|the|" pos="DT" wid="47">the</w>
  <w id="48" lemma="|sacrifice|" pos="NN" wid="48">sacrifice</w>
  <w id="49" lemma="|of|" pos="IN" wid="49">of</w>
  <w id="50" lemma="|they|" pos="PRP$" wid="50">their</w>
  <w id="51" lemma="|life|" pos="NNS" wid="51">lives</w>
  <w id="52" lemma="|.|" pos="." wid="52">.</w>
</sentence>
<sentence id="25">
  <w id="0" lemma="|I|" pos="PRP" wid="0">I</w>
  <w id="1" lemma="|have|" pos="VBP" wid="1">have</w>
  <w id="2" lemma="|just|" pos="RB" wid="2">just</w>
  <w id="3" lemma="|hear|" pos="VBN" wid="3">heard</w>
  <w id="4" lemma="|the|" pos="DT" wid="4">the</w>
  <w id="5" lemma="|news|" pos="NN" wid="5">news</w>
  <w id="6" lemma="|of|" pos="IN" wid="6">of</w>
  <w id="7" lemma="|the|" pos="DT" wid="7">the</w>
  <w id="8" lemma="|tragic|" pos="JJ" wid="8">tragic</w>
  <w id="9" lemma="|death|" pos="NN" wid="9">death</w>
  <w id="10" lemma="|of|" pos="IN" wid="10">of</w>
  <w id="11" lemma="|Fr|" pos="NNP" wid="11">Fr</w>
  <w id="12" lemma="|Guy|" pos="NNP" wid="12">Guy</w>
  <w id="13" lemma="|Pinard|" pos="NNP" wid="13">Pinard</w>
  <w id="14" lemma="|,|" pos="," wid="14">,</w>
  <w id="15" lemma="|a|" pos="DT" wid="15">a</w>
  <w id="16" lemma="|Missionary|" pos="NNP" wid="16">Missionary</w>
  <w id="17" lemma="|of|" pos="IN" wid="17">of</w>
  <w id="18" lemma="|Africa|" pos="NNP" wid="18">Africa</w>
  <w id="19" lemma="|,|" pos="," wid="19">,</w>
  <w id="20" lemma="|who|" pos="WP" wid="20">who</w>
  <w id="21" lemma="|be|" pos="VBD" wid="21">was</w>
  <w id="22" lemma="|cruelly|" pos="RB" wid="22">cruelly</w>
  <w id="23" lemma="|kill|" pos="VBN" wid="23">killed</w>
  <w id="24" lemma="|this|" pos="DT" wid="24">this</w>
  <w id="25" lemma="|morning|" pos="NN" wid="25">morning</w>
  <w id="26" lemma="|as|" pos="IN" wid="26">as</w>
  <w id="27" lemma="|he|" pos="PRP" wid="27">he</w>
  <w id="28" lemma="|celebrate|" pos="VBD" wid="28">celebrated</w>
  <w id="29" lemma="|Mass|" pos="NNP" wid="29">Mass</w>
  <w id="30" lemma="|at|" pos="IN" wid="30">at</w>
  <w id="31" lemma="|he|" pos="PRP$" wid="31">his</w>
  <w id="32" lemma="|parish|" pos="JJ" wid="32">parish</w>
  <w id="33" lemma="|church|" pos="NN" wid="33">church</w>
  <w id="34" lemma="|in|" pos="IN" wid="34">in</w>
  <w id="35" lemma="|Ruhengeri|" pos="NNP" wid="35">Ruhengeri</w>
  <w id="36" lemma="|,|" pos="," wid="36">,</w>
  <w id="37" lemma="|Rwanda|" pos="NNP" wid="37">Rwanda</w>
  <w id="38" lemma="|.|" pos="." wid="38">.</w>
</sentence>
<sentence id="26">
  <w id="0" lemma="|let|" pos="VB" wid="0">Let</w>
  <w id="1" lemma="|we|" pos="PRP" wid="1">us</w>
  <w id="2" lemma="|pray|" pos="VB" wid="2">pray</w>
  <w id="3" lemma="|to|" pos="TO" wid="3">to</w>
  <w id="4" lemma="|the|" pos="DT" wid="4">the</w>
  <w id="5" lemma="|Blessed|" pos="NNP" wid="5">Blessed</w>
  <w id="6" lemma="|Virgin|" pos="NNP" wid="6">Virgin</w>
  <w id="7" lemma="|for|" pos="IN" wid="7">for</w>
  <w id="8" lemma="|he|" pos="PRP" wid="8">him</w>
  <w id="9" lemma="|,|" pos="," wid="9">,</w>
  <w id="10" lemma="|for|" pos="IN" wid="10">for</w>
  <w id="11" lemma="|he|" pos="PRP$" wid="11">his</w>
  <w id="12" lemma="|love|" pos="VBN" wid="12">loved</w>
  <w id="13" lemma="|one|" pos="NNS" wid="13">ones</w>
  <w id="14" lemma="|and|" pos="CC" wid="14">and</w>
  <w id="15" lemma="|for|" pos="IN" wid="15">for</w>
  <w id="16" lemma="|he|" pos="PRP$" wid="16">his</w>
  <w id="17" lemma="|people|" pos="NNS" wid="17">people</w>
  <w id="18" lemma="|,|" pos="," wid="18">,</w>
  <w id="19" lemma="|that|" pos="IN" wid="19">that</w>
  <w id="20" lemma="|they|" pos="PRP" wid="20">they</w>
  <w id="21" lemma="|may|" pos="MD" wid="21">may</w>
  <w id="22" lemma="|once|" pos="RB" wid="22">once</w>
  <w id="23" lemma="|again|" pos="RB" wid="23">again</w>
  <w id="24" lemma="|find|" pos="VB" wid="24">find</w>
  <w id="25" lemma="|peace|" pos="NN" wid="25">peace</w>
  <w id="26" lemma="|in|" pos="IN" wid="26">in</w>
  <w id="27" lemma="|the|" pos="DT" wid="27">the</w>
  <w id="28" lemma="|respect|" pos="NN" wid="28">respect</w>
  <w id="29" lemma="|for|" pos="IN" wid="29">for</w>
  <w id="30" lemma="|life|" pos="NN" wid="30">life</w>
  <w id="31" lemma="|.|" pos="." wid="31">.</w>
</sentence>
<sentence id="27">
  <w id="0" lemma="|after|" pos="IN" wid="0">After</w>
  <w id="1" lemma="|pray|" pos="VBG" wid="1">praying</w>
  <w id="2" lemma="|the|" pos="DT" wid="2">the</w>
  <w id="3" lemma="|Angelus|" pos="NNP" wid="3">Angelus</w>
  <w id="4" lemma="|the|" pos="DT" wid="4">the</w>
  <w id="5" lemma="|Holy|" pos="NNP" wid="5">Holy</w>
  <w id="6" lemma="|Father|" pos="NNP" wid="6">Father</w>
  <w id="7" lemma="|say|" pos="VBD" wid="7">said</w>
  <w id="8" lemma="|:|" pos=":" wid="8">:</w>
  <w id="9" lemma="|Today|" pos="NNP" wid="9">Today</w>
  <w id="10" lemma="|the|" pos="DT" wid="10">the</w>
  <w id="11" lemma="|Diocese|" pos="NNP" wid="11">Diocese</w>
  <w id="12" lemma="|of|" pos="IN" wid="12">of</w>
  <w id="13" lemma="|Rome|" pos="NNP" wid="13">Rome</w>
  <w id="14" lemma="|join|" pos="VBZ" wid="14">joins</w>
  <w id="15" lemma="|the|" pos="DT" wid="15">the</w>
  <w id="16" lemma="|Week|" pos="NNP" wid="16">Week</w>
  <w id="17" lemma="|of|" pos="IN" wid="17">of</w>
  <w id="18" lemma="|the|" pos="DT" wid="18">the</w>
  <w id="19" lemma="|Family|" pos="NNP" wid="19">Family</w>
  <w id="20" lemma="|with|" pos="IN" wid="20">with</w>
  <w id="21" lemma="|Pro-Life|" pos="NNP" wid="21">Pro-Life</w>
  <w id="22" lemma="|Day|" pos="NNP" wid="22">Day</w>
  <w id="23" lemma="|.|" pos="." wid="23">.</w>
</sentence>
<sentence id="28">
  <w id="0" lemma="|truly|" pos="RB" wid="0">Truly</w>
  <w id="1" lemma="|,|" pos="," wid="1">,</w>
  <w id="2" lemma="|married|" pos="JJ" wid="2">married</w>
  <w id="3" lemma="|life|" pos="NN" wid="3">life</w>
  <w id="4" lemma="|,|" pos="," wid="4">,</w>
  <w id="5" lemma="|live|" pos="VBD" wid="5">lived</w>
  <w id="6" lemma="|accord|" pos="VBG" wid="6">according</w>
  <w id="7" lemma="|to|" pos="TO" wid="7">to</w>
  <w id="8" lemma="|God|" pos="NNP" wid="8">God</w>
  <w id="9" lemma="|'s|" pos="POS" wid="9">'s</w>
  <w id="10" lemma="|plan|" pos="NN" wid="10">plan</w>
  <w id="11" lemma="|,|" pos="," wid="11">,</w>
  <w id="12" lemma="|be|" pos="VBZ" wid="12">is</w>
  <w id="13" lemma="|itself|" pos="PRP" wid="13">itself</w>
  <w id="14" lemma="|a|" pos="DT" wid="14">a</w>
  <w id="15" lemma="|``|" pos="``" wid="15">``</w>
  <w id="16" lemma="|gospel|" pos="NN" wid="16">gospel</w>
  <w id="17" lemma="|''|" pos="''" wid="17">''</w>
  <w id="18" lemma="|which|" pos="WDT" wid="18">which</w>
  <w id="19" lemma="|the|" pos="DT" wid="19">the</w>
  <w id="20" lemma="|world|" pos="NN" wid="20">world</w>
  <w id="21" lemma="|need|" pos="VBZ" wid="21">needs</w>
  <w id="22" lemma="|,|" pos="," wid="22">,</w>
  <w id="23" lemma="|just|" pos="RB" wid="23">just</w>
  <w id="24" lemma="|as|" pos="IN" wid="24">as</w>
  <w id="25" lemma="|it|" pos="PRP" wid="25">it</w>
  <w id="26" lemma="|need|" pos="VBZ" wid="26">needs</w>
  <w id="27" lemma="|the|" pos="DT" wid="27">the</w>
  <w id="28" lemma="|witness|" pos="NN" wid="28">witness</w>
  <w id="29" lemma="|offer|" pos="VBN" wid="29">offered</w>
  <w id="30" lemma="|by|" pos="IN" wid="30">by</w>
  <w id="31" lemma="|consecrate|" pos="VBN" wid="31">consecrated</w>
  <w id="32" lemma="|life|" pos="NN" wid="32">life</w>
  <w id="33" lemma="|.|" pos="." wid="33">.</w>
</sentence>
<sentence id="29">
  <w id="0" lemma="|May|" pos="NNP" wid="0">May</w>
  <w id="1" lemma="|all|" pos="DT" wid="1">all</w>
  <w id="2" lemma="|family|" pos="NNS" wid="2">families</w>
  <w id="3" lemma="|,|" pos="," wid="3">,</w>
  <w id="4" lemma="|and|" pos="CC" wid="4">and</w>
  <w id="5" lemma="|in|" pos="IN" wid="5">in</w>
  <w id="6" lemma="|particular|" pos="JJ" wid="6">particular</w>
  <w id="7" lemma="|those|" pos="DT" wid="7">those</w>
  <w id="8" lemma="|in|" pos="IN" wid="8">in</w>
  <w id="9" lemma="|Rome|" pos="NNP" wid="9">Rome</w>
  <w id="10" lemma="|,|" pos="," wid="10">,</w>
  <w id="11" lemma="|be|" pos="VB" wid="11">be</w>
  <w id="12" lemma="|leader|" pos="NNS" wid="12">leaders</w>
  <w id="13" lemma="|on|" pos="IN" wid="13">on</w>
  <w id="14" lemma="|the|" pos="DT" wid="14">the</w>
  <w id="15" lemma="|missionary|" pos="JJ" wid="15">missionary</w>
  <w id="16" lemma="|journey|" pos="NN" wid="16">journey</w>
  <w id="17" lemma="|of|" pos="IN" wid="17">of</w>
  <w id="18" lemma="|preparation|" pos="NN" wid="18">preparation</w>
  <w id="19" lemma="|for|" pos="IN" wid="19">for</w>
  <w id="20" lemma="|the|" pos="DT" wid="20">the</w>
  <w id="21" lemma="|jubilee|" pos="NN" wid="21">Jubilee</w>
  <w id="22" lemma="|of|" pos="IN" wid="22">of</w>
  <w id="23" lemma="|the|" pos="DT" wid="23">the</w>
  <w id="24" lemma="|Year|" pos="NNP" wid="24">Year</w>
  <w id="25" lemma="|2000|" pos="CD" wid="25">2000</w>
  <w id="26" lemma="|.|" pos="." wid="26">.</w>
</sentence>
<sentence id="30">
  <w id="0" lemma="|I|" pos="PRP" wid="0">I</w>
  <w id="1" lemma="|also|" pos="RB" wid="1">also</w>
  <w id="2" lemma="|express|" pos="VBP" wid="2">express</w>
  <w id="3" lemma="|my|" pos="PRP$" wid="3">my</w>
  <w id="4" lemma="|deep|" pos="JJ" wid="4">deep</w>
  <w id="5" lemma="|satisfaction|" pos="NN" wid="5">satisfaction</w>
  <w id="6" lemma="|with|" pos="IN" wid="6">with</w>
  <w id="7" lemma="|the|" pos="DT" wid="7">the</w>
  <w id="8" lemma="|symposium|" pos="NN" wid="8">symposium</w>
  <w id="9" lemma="|on|" pos="IN" wid="9">on</w>
  <w id="10" lemma="|the|" pos="DT" wid="10">the</w>
  <w id="11" lemma="|theme|" pos="NN" wid="11">theme</w>
  <w id="12" lemma="|,|" pos="," wid="12">,</w>
  <w id="13" lemma="|``|" pos="``" wid="13">``</w>
  <w id="14" lemma="|the|" pos="DT" wid="14">The</w>
  <w id="15" lemma="|Genome|" pos="NNP" wid="15">Genome</w>
  <w id="16" lemma="|and|" pos="CC" wid="16">and</w>
  <w id="17" lemma="|Aging|" pos="NNP" wid="17">Aging</w>
  <w id="18" lemma="|:|" pos=":" wid="18">:</w>
  <w id="19" lemma="|the|" pos="DT" wid="19">The</w>
  <w id="20" lemma="|mystery|" pos="NN" wid="20">Mystery</w>
  <w id="21" lemma="|of|" pos="IN" wid="21">of</w>
  <w id="22" lemma="|man|" pos="NN" wid="22">Man</w>
  <w id="23" lemma="|''|" pos="''" wid="23">''</w>
  <w id="24" lemma="|,|" pos="," wid="24">,</w>
  <w id="25" lemma="|which|" pos="WDT" wid="25">which</w>
  <w id="26" lemma="|be|" pos="VBD" wid="26">was</w>
  <w id="27" lemma="|hold|" pos="VBN" wid="27">held</w>
  <w id="28" lemma="|in|" pos="IN" wid="28">in</w>
  <w id="29" lemma="|Rome|" pos="NNP" wid="29">Rome</w>
  <w id="30" lemma="|these|" pos="DT" wid="30">these</w>
  <w id="31" lemma="|past|" pos="JJ" wid="31">past</w>
  <w id="32" lemma="|few|" pos="JJ" wid="32">few</w>
  <w id="33" lemma="|day|" pos="NNS" wid="33">days</w>
  <w id="34" lemma="|.|" pos="." wid="34">.</w>
</sentence>
<sentence id="31">
  <w id="0" lemma="|I|" pos="PRP" wid="0">I</w>
  <w id="1" lemma="|hope|" pos="VBP" wid="1">hope</w>
  <w id="2" lemma="|that|" pos="IN" wid="2">that</w>
  <w id="3" lemma="|this|" pos="DT" wid="3">this</w>
  <w id="4" lemma="|interdisciplinary|" pos="JJ" wid="4">interdisciplinary</w>
  <w id="5" lemma="|study|" pos="NN" wid="5">study</w>
  <w id="6" lemma="|will|" pos="MD" wid="6">will</w>
  <w id="7" lemma="|help|" pos="VB" wid="7">help</w>
  <w id="8" lemma="|to|" pos="TO" wid="8">to</w>
  <w id="9" lemma="|promote|" pos="VB" wid="9">promote</w>
  <w id="10" lemma="|the|" pos="DT" wid="10">the</w>
  <w id="11" lemma="|dignity|" pos="NN" wid="11">dignity</w>
  <w id="12" lemma="|and|" pos="CC" wid="12">and</w>
  <w id="13" lemma="|rights|" pos="NNS" wid="13">rights</w>
  <w id="14" lemma="|of|" pos="IN" wid="14">of</w>
  <w id="15" lemma="|human|" pos="JJ" wid="15">human</w>
  <w id="16" lemma="|life|" pos="NN" wid="16">life</w>
  <w id="17" lemma="|.|" pos="." wid="17">.</w>
</sentence>
</corpus>