<corpus id="0">
<sentence id="0">
  <w id="0" lemma="|feast|" pos="NN" wid="0">Feast</w>
  <w id="1" lemma="|of|" pos="IN" wid="1">of</w>
  <w id="2" lemma="|the|" pos="DT" wid="2">the</w>
  <w id="3" lemma="|presentation|" pos="NN" wid="3">Presentation</w>
  <w id="4" lemma="|of|" pos="IN" wid="4">of</w>
  <w id="5" lemma="|Jesus|" pos="NNP" wid="5">Jesus</w>
  <w id="6" lemma="|in|" pos="IN" wid="6">in</w>
  <w id="7" lemma="|the|" pos="DT" wid="7">the</w>
  <w id="8" lemma="|Temple|" pos="NNP" wid="8">Temple</w>
  <w id="9" lemma="|Sunday|" pos="NNP" wid="9">Sunday</w>
  <w id="10" lemma="|,|" pos="," wid="10">,</w>
  <w id="11" lemma="|2|" pos="CD" wid="11">2</w>
  <w id="12" lemma="|February|" pos="NNP" wid="12">February</w>
  <w id="13" lemma="|2003|" pos="CD" wid="13">2003</w>
  <w id="14" lemma="|Dear|" pos="NNP" wid="14">Dear</w>
  <w id="15" lemma="|Brothers|" pos="NNPS" wid="15">Brothers</w>
  <w id="16" lemma="|and|" pos="CC" wid="16">and</w>
  <w id="17" lemma="|sister|" pos="NNS" wid="17">Sisters</w>
  <w id="18" lemma="|,|" pos="," wid="18">,</w>
  <w id="19" lemma="|1|" pos="CD" wid="19">1</w>
  <w id="20" lemma="|.|" pos="." wid="20">.</w>
</sentence>
<sentence id="1">
  <w id="0" lemma="|Today|" pos="NNP" wid="0">Today</w>
  <w id="1" lemma="|Italy|" pos="NNP" wid="1">Italy</w>
  <w id="2" lemma="|observe|" pos="VBZ" wid="2">observes</w>
  <w id="3" lemma="|a|" pos="DT" wid="3">a</w>
  <w id="4" lemma="|Pro-Life|" pos="NNP" wid="4">Pro-Life</w>
  <w id="5" lemma="|Day|" pos="NNP" wid="5">Day</w>
  <w id="6" lemma="|that|" pos="WDT" wid="6">that</w>
  <w id="7" lemma="|have|" pos="VBZ" wid="7">has</w>
  <w id="8" lemma="|as|" pos="IN" wid="8">as</w>
  <w id="9" lemma="|its|" pos="PRP$" wid="9">its</w>
  <w id="10" lemma="|theme|" pos="NN" wid="10">theme</w>
  <w id="11" lemma="|:|" pos=":" wid="11">:</w>
  <w id="12" lemma="|''|" pos="''" wid="12">''</w>
  <w id="13" lemma="|you|" pos="PRP" wid="13">You</w>
  <w id="14" lemma="|can|" pos="MD" wid="14">Can</w>
  <w id="15" lemma="|not|" pos="RB" wid="15">not</w>
  <w id="16" lemma="|Trade|" pos="NNP" wid="16">Trade</w>
  <w id="17" lemma="|with|" pos="IN" wid="17">with</w>
  <w id="18" lemma="|Life|" pos="NNP" wid="18">Life</w>
  <w id="19" lemma="|''|" pos="''" wid="19">''</w>
  <w id="20" lemma="|.|" pos="." wid="20">.</w>
</sentence>
<sentence id="2">
  <w id="0" lemma="|this|" pos="DT" wid="0">This</w>
  <w id="1" lemma="|principle|" pos="NN" wid="1">principle</w>
  <w id="2" lemma="|,|" pos="," wid="2">,</w>
  <w id="3" lemma="|although|" pos="IN" wid="3">although</w>
  <w id="4" lemma="|admit|" pos="VBN" wid="4">admitted</w>
  <w id="5" lemma="|theoretically|" pos="RB" wid="5">theoretically</w>
  <w id="6" lemma="|,|" pos="," wid="6">,</w>
  <w id="7" lemma="|unfortunately|" pos="RB" wid="7">unfortunately</w>
  <w id="8" lemma="|be|" pos="VBZ" wid="8">is</w>
  <w id="9" lemma="|not|" pos="RB" wid="9">not</w>
  <w id="10" lemma="|always|" pos="RB" wid="10">always</w>
  <w id="11" lemma="|respect|" pos="VBN" wid="11">respected</w>
  <w id="12" lemma="|.|" pos="." wid="12">.</w>
</sentence>
<sentence id="3">
  <w id="0" lemma="|there|" pos="EX" wid="0">There</w>
  <w id="1" lemma="|be|" pos="VBP" wid="1">are</w>
  <w id="2" lemma="|situation|" pos="NNS" wid="2">situations</w>
  <w id="3" lemma="|in|" pos="IN" wid="3">in</w>
  <w id="4" lemma="|which|" pos="WDT" wid="4">which</w>
  <w id="5" lemma="|the|" pos="DT" wid="5">the</w>
  <w id="6" lemma="|human|" pos="JJ" wid="6">human</w>
  <w id="7" lemma="|person|" pos="NN" wid="7">person</w>
  <w id="8" lemma="|become|" pos="VBZ" wid="8">becomes</w>
  <w id="9" lemma="|a|" pos="DT" wid="9">an</w>
  <w id="10" lemma="|instrument|" pos="NN" wid="10">instrument</w>
  <w id="11" lemma="|for|" pos="IN" wid="11">for</w>
  <w id="12" lemma="|economic|" pos="JJ" wid="12">economic</w>
  <w id="13" lemma="|,|" pos="," wid="13">,</w>
  <w id="14" lemma="|political|" pos="JJ" wid="14">political</w>
  <w id="15" lemma="|and|" pos="CC" wid="15">and</w>
  <w id="16" lemma="|scientific|" pos="JJ" wid="16">scientific</w>
  <w id="17" lemma="|interest|" pos="NNS" wid="17">interests</w>
  <w id="18" lemma="|,|" pos="," wid="18">,</w>
  <w id="19" lemma="|especially|" pos="RB" wid="19">especially</w>
  <w id="20" lemma="|when|" pos="WRB" wid="20">when</w>
  <w id="21" lemma="|he|" pos="PRP" wid="21">he</w>
  <w id="22" lemma="|be|" pos="VBZ" wid="22">is</w>
  <w id="23" lemma="|weak|" pos="JJ" wid="23">weak</w>
  <w id="24" lemma="|and|" pos="CC" wid="24">and</w>
  <w id="25" lemma="|do|" pos="VBZ" wid="25">does</w>
  <w id="26" lemma="|not|" pos="RB" wid="26">not</w>
  <w id="27" lemma="|have|" pos="VB" wid="27">have</w>
  <w id="28" lemma="|the|" pos="DT" wid="28">the</w>
  <w id="29" lemma="|strength|" pos="NN" wid="29">strength</w>
  <w id="30" lemma="|to|" pos="TO" wid="30">to</w>
  <w id="31" lemma="|defend|" pos="VB" wid="31">defend</w>
  <w id="32" lemma="|himself|" pos="PRP" wid="32">himself</w>
  <w id="33" lemma="|.|" pos="." wid="33">.</w>
</sentence>
<sentence id="4">
  <w id="0" lemma="|moreover|" pos="RB" wid="0">Moreover</w>
  <w id="1" lemma="|,|" pos="," wid="1">,</w>
  <w id="2" lemma="|a|" pos="DT" wid="2">a</w>
  <w id="3" lemma="|certain|" pos="JJ" wid="3">certain</w>
  <w id="4" lemma="|commercial|" pos="JJ" wid="4">commercial</w>
  <w id="5" lemma="|logic|" pos="NN" wid="5">logic</w>
  <w id="6" lemma="|,|" pos="," wid="6">,</w>
  <w id="7" lemma="|link|" pos="VBN" wid="7">linked</w>
  <w id="8" lemma="|with|" pos="IN" wid="8">with</w>
  <w id="9" lemma="|modern|" pos="JJ" wid="9">modern</w>
  <w id="10" lemma="|technology|" pos="NN" wid="10">technology</w>
  <w id="11" lemma="|,|" pos="," wid="11">,</w>
  <w id="12" lemma="|can|" pos="MD" wid="12">can</w>
  <w id="13" lemma="|at|" pos="IN" wid="13">at</w>
  <w id="14" lemma="|time|" pos="NNS" wid="14">times</w>
  <w id="15" lemma="|take|" pos="VBP" wid="15">take</w>
  <w id="16" lemma="|advantage|" pos="NN" wid="16">advantage</w>
  <w id="17" lemma="|of|" pos="IN" wid="17">of</w>
  <w id="18" lemma="|human|" pos="JJ" wid="18">human</w>
  <w id="19" lemma="|desire|" pos="NNS" wid="19">desires</w>
  <w id="20" lemma="|that|" pos="WDT" wid="20">that</w>
  <w id="21" lemma="|be|" pos="VBP" wid="21">are</w>
  <w id="22" lemma="|good|" pos="JJ" wid="22">good</w>
  <w id="23" lemma="|in|" pos="IN" wid="23">in</w>
  <w id="24" lemma="|themselves|" pos="PRP" wid="24">themselves</w>
  <w id="25" lemma="|,|" pos="," wid="25">,</w>
  <w id="26" lemma="|such|" pos="JJ" wid="26">such</w>
  <w id="27" lemma="|as|" pos="IN" wid="27">as</w>
  <w id="28" lemma="|that|" pos="DT" wid="28">that</w>
  <w id="29" lemma="|of|" pos="IN" wid="29">of</w>
  <w id="30" lemma="|become|" pos="VBG" wid="30">becoming</w>
  <w id="31" lemma="|mother|" pos="NN" wid="31">mother</w>
  <w id="32" lemma="|or|" pos="CC" wid="32">or</w>
  <w id="33" lemma="|father|" pos="NN" wid="33">father</w>
  <w id="34" lemma="|,|" pos="," wid="34">,</w>
  <w id="35" lemma="|to|" pos="TO" wid="35">to</w>
  <w id="36" lemma="|the|" pos="DT" wid="36">the</w>
  <w id="37" lemma="|point|" pos="NN" wid="37">point</w>
  <w id="38" lemma="|of|" pos="IN" wid="38">of</w>
  <w id="39" lemma="|want|" pos="VBG" wid="39">wanting</w>
  <w id="40" lemma="|a|" pos="DT" wid="40">a</w>
  <w id="41" lemma="|child|" pos="NN" wid="41">child</w>
  <w id="42" lemma="|``|" pos="``" wid="42">``</w>
  <w id="43" lemma="|at|" pos="IN" wid="43">at</w>
  <w id="44" lemma="|any|" pos="DT" wid="44">any</w>
  <w id="45" lemma="|cost|" pos="NN" wid="45">cost</w>
  <w id="46" lemma="|''|" pos="''" wid="46">''</w>
  <w id="47" lemma="|.|" pos="." wid="47">.</w>
</sentence>
<sentence id="5">
  <w id="0" lemma="|in|" pos="IN" wid="0">In</w>
  <w id="1" lemma="|reality|" pos="NN" wid="1">reality</w>
  <w id="2" lemma="|,|" pos="," wid="2">,</w>
  <w id="3" lemma="|human|" pos="JJ" wid="3">human</w>
  <w id="4" lemma="|life|" pos="NN" wid="4">life</w>
  <w id="5" lemma="|can|" pos="MD" wid="5">can</w>
  <w id="6" lemma="|never|" pos="RB" wid="6">never</w>
  <w id="7" lemma="|become|" pos="VB" wid="7">become</w>
  <w id="8" lemma="|a|" pos="DT" wid="8">an</w>
  <w id="9" lemma="|``|" pos="``" wid="9">``</w>
  <w id="10" lemma="|object|" pos="NN" wid="10">object</w>
  <w id="11" lemma="|''|" pos="''" wid="11">''</w>
  <w id="12" lemma="|:|" pos=":" wid="12">:</w>
  <w id="13" lemma="|from|" pos="IN" wid="13">from</w>
  <w id="14" lemma="|conception|" pos="NN" wid="14">conception</w>
  <w id="15" lemma="|until|" pos="IN" wid="15">until</w>
  <w id="16" lemma="|natural|" pos="JJ" wid="16">natural</w>
  <w id="17" lemma="|death|" pos="NN" wid="17">death</w>
  <w id="18" lemma="|,|" pos="," wid="18">,</w>
  <w id="19" lemma="|the|" pos="DT" wid="19">the</w>
  <w id="20" lemma="|human|" pos="JJ" wid="20">human</w>
  <w id="21" lemma="|being|" pos="NN" wid="21">being</w>
  <w id="22" lemma="|be|" pos="VBZ" wid="22">is</w>
  <w id="23" lemma="|the|" pos="DT" wid="23">the</w>
  <w id="24" lemma="|subject|" pos="NN" wid="24">subject</w>
  <w id="25" lemma="|of|" pos="IN" wid="25">of</w>
  <w id="26" lemma="|inviolable|" pos="JJ" wid="26">inviolable</w>
  <w id="27" lemma="|rights|" pos="NNS" wid="27">rights</w>
  <w id="28" lemma="|,|" pos="," wid="28">,</w>
  <w id="29" lemma="|which|" pos="WDT" wid="29">which</w>
  <w id="30" lemma="|freedom|" pos="NN" wid="30">freedom</w>
  <w id="31" lemma="|must|" pos="MD" wid="31">must</w>
  <w id="32" lemma="|learn|" pos="VB" wid="32">learn</w>
  <w id="33" lemma="|to|" pos="TO" wid="33">to</w>
  <w id="34" lemma="|respect|" pos="NN" wid="34">respect</w>
  <w id="35" lemma="|.|" pos="." wid="35">.</w>
</sentence>
<sentence id="6">
  <w id="0" lemma="|for|" pos="IN" wid="0">For</w>
  <w id="1" lemma="|this|" pos="DT" wid="1">this</w>
  <w id="2" lemma="|reason|" pos="NN" wid="2">reason</w>
  <w id="3" lemma="|,|" pos="," wid="3">,</w>
  <w id="4" lemma="|in|" pos="IN" wid="4">in</w>
  <w id="5" lemma="|these|" pos="DT" wid="5">these</w>
  <w id="6" lemma="|complicated|" pos="JJ" wid="6">complicated</w>
  <w id="7" lemma="|matter|" pos="NNS" wid="7">matters</w>
  <w id="8" lemma="|,|" pos="," wid="8">,</w>
  <w id="9" lemma="|it|" pos="PRP" wid="9">it</w>
  <w id="10" lemma="|be|" pos="VBZ" wid="10">is</w>
  <w id="11" lemma="|indispensable|" pos="JJ" wid="11">indispensable</w>
  <w id="12" lemma="|that|" pos="IN" wid="12">that</w>
  <w id="13" lemma="|state|" pos="NNS" wid="13">states</w>
  <w id="14" lemma="|adopt|" pos="VBP" wid="14">adopt</w>
  <w id="15" lemma="|organic|" pos="JJ" wid="15">organic</w>
  <w id="16" lemma="|and|" pos="CC" wid="16">and</w>
  <w id="17" lemma="|clear|" pos="JJ" wid="17">clear</w>
  <w id="18" lemma="|law|" pos="NNS" wid="18">laws</w>
  <w id="19" lemma="|,|" pos="," wid="19">,</w>
  <w id="20" lemma="|found|" pos="VBN" wid="20">founded</w>
  <w id="21" lemma="|on|" pos="IN" wid="21">on</w>
  <w id="22" lemma="|solid|" pos="JJ" wid="22">solid</w>
  <w id="23" lemma="|ethical|" pos="JJ" wid="23">ethical</w>
  <w id="24" lemma="|basis|" pos="NNS" wid="24">bases</w>
  <w id="25" lemma="|,|" pos="," wid="25">,</w>
  <w id="26" lemma="|to|" pos="TO" wid="26">to</w>
  <w id="27" lemma="|safeguard|" pos="VB" wid="27">safeguard</w>
  <w id="28" lemma="|the|" pos="DT" wid="28">the</w>
  <w id="29" lemma="|inestimable|" pos="JJ" wid="29">inestimable</w>
  <w id="30" lemma="|good|" pos="NN" wid="30">good</w>
  <w id="31" lemma="|of|" pos="IN" wid="31">of</w>
  <w id="32" lemma="|human|" pos="JJ" wid="32">human</w>
  <w id="33" lemma="|life|" pos="NN" wid="33">life</w>
  <w id="34" lemma="|.|" pos="." wid="34">.</w>
</sentence>
<sentence id="7">
  <w id="0" lemma="|2|" pos="CD" wid="0">2</w>
  <w id="1" lemma="|.|" pos="." wid="1">.</w>
</sentence>
<sentence id="8">
  <w id="0" lemma="|for|" pos="IN" wid="0">For</w>
  <w id="1" lemma="|ten|" pos="CD" wid="1">ten</w>
  <w id="2" lemma="|year|" pos="NNS" wid="2">years</w>
  <w id="3" lemma="|now|" pos="RB" wid="3">now</w>
  <w id="4" lemma="|,|" pos="," wid="4">,</w>
  <w id="5" lemma="|the|" pos="DT" wid="5">the</w>
  <w id="6" lemma="|Pro-Life|" pos="NNP" wid="6">Pro-Life</w>
  <w id="7" lemma="|Day|" pos="NNP" wid="7">Day</w>
  <w id="8" lemma="|continue|" pos="VBZ" wid="8">continues</w>
  <w id="9" lemma="|in|" pos="IN" wid="9">in</w>
  <w id="10" lemma="|the|" pos="DT" wid="10">the</w>
  <w id="11" lemma="|diocese|" pos="NN" wid="11">diocese</w>
  <w id="12" lemma="|of|" pos="IN" wid="12">of</w>
  <w id="13" lemma="|Rome|" pos="NNP" wid="13">Rome</w>
  <w id="14" lemma="|through|" pos="IN" wid="14">through</w>
  <w id="15" lemma="|a|" pos="DT" wid="15">a</w>
  <w id="16" lemma="|special|" pos="JJ" wid="16">special</w>
  <w id="17" lemma="|week|" pos="NN" wid="17">week</w>
  <w id="18" lemma="|dedicate|" pos="VBN" wid="18">dedicated</w>
  <w id="19" lemma="|to|" pos="TO" wid="19">to</w>
  <w id="20" lemma="|Life|" pos="NNP" wid="20">Life</w>
  <w id="21" lemma="|and|" pos="CC" wid="21">and</w>
  <w id="22" lemma="|the|" pos="DT" wid="22">the</w>
  <w id="23" lemma="|Family|" pos="NNP" wid="23">Family</w>
  <w id="24" lemma="|.|" pos="." wid="24">.</w>
</sentence>
<sentence id="9">
  <w id="0" lemma="|also|" pos="RB" wid="0">Also</w>
  <w id="1" lemma="|,|" pos="," wid="1">,</w>
  <w id="2" lemma="|next|" pos="JJ" wid="2">next</w>
  <w id="3" lemma="|June|" pos="NNP" wid="3">June</w>
  <w id="4" lemma="|the|" pos="DT" wid="4">the</w>
  <w id="5" lemma="|diocesan|" pos="JJ" wid="5">diocesan</w>
  <w id="6" lemma="|ecclesial|" pos="JJ" wid="6">ecclesial</w>
  <w id="7" lemma="|meeting|" pos="NN" wid="7">meeting</w>
  <w id="8" lemma="|will|" pos="MD" wid="8">will</w>
  <w id="9" lemma="|be|" pos="VB" wid="9">be</w>
  <w id="10" lemma="|dedicate|" pos="VBN" wid="10">dedicated</w>
  <w id="11" lemma="|to|" pos="TO" wid="11">to</w>
  <w id="12" lemma="|this|" pos="DT" wid="12">this</w>
  <w id="13" lemma="|topic|" pos="NN" wid="13">topic</w>
  <w id="14" lemma="|.|" pos="." wid="14">.</w>
</sentence>
<sentence id="10">
  <w id="0" lemma="|I|" pos="PRP" wid="0">I</w>
  <w id="1" lemma="|reaffirm|" pos="VBP" wid="1">reaffirm</w>
  <w id="2" lemma="|for|" pos="IN" wid="2">for</w>
  <w id="3" lemma="|the|" pos="DT" wid="3">the</w>
  <w id="4" lemma="|family|" pos="NNS" wid="4">families</w>
  <w id="5" lemma="|of|" pos="IN" wid="5">of</w>
  <w id="6" lemma="|Rome|" pos="NNP" wid="6">Rome</w>
  <w id="7" lemma="|the|" pos="DT" wid="7">the</w>
  <w id="8" lemma="|message|" pos="NN" wid="8">message</w>
  <w id="9" lemma="|that|" pos="WDT" wid="9">that</w>
  <w id="10" lemma="|be|" pos="VBD" wid="10">was</w>
  <w id="11" lemma="|repeat|" pos="VBN" wid="11">repeated</w>
  <w id="12" lemma="|at|" pos="IN" wid="12">at</w>
  <w id="13" lemma="|the|" pos="DT" wid="13">the</w>
  <w id="14" lemma="|World|" pos="NNP" wid="14">World</w>
  <w id="15" lemma="|meet|" pos="VBG" wid="15">Meeting</w>
  <w id="16" lemma="|that|" pos="WDT" wid="16">that</w>
  <w id="17" lemma="|end|" pos="VBD" wid="17">ended</w>
  <w id="18" lemma="|a|" pos="DT" wid="18">a</w>
  <w id="19" lemma="|short|" pos="JJ" wid="19">short</w>
  <w id="20" lemma="|time|" pos="NN" wid="20">time</w>
  <w id="21" lemma="|ago|" pos="RB" wid="21">ago</w>
  <w id="22" lemma="|in|" pos="IN" wid="22">in</w>
  <w id="23" lemma="|Manila|" pos="NNP" wid="23">Manila</w>
  <w id="24" lemma="|.|" pos="." wid="24">.</w>
</sentence>
<sentence id="11">
  <w id="0" lemma="|Dear|" pos="NNP" wid="0">Dear</w>
  <w id="1" lemma="|Christian|" pos="NNP" wid="1">Christian</w>
  <w id="2" lemma="|family|" pos="NNS" wid="2">families</w>
  <w id="3" lemma="|,|" pos="," wid="3">,</w>
  <w id="4" lemma="|you|" pos="PRP" wid="4">you</w>
  <w id="5" lemma="|be|" pos="VBP" wid="5">are</w>
  <w id="6" lemma="|''|" pos="''" wid="6">''</w>
  <w id="7" lemma="|good|" pos="JJ" wid="7">good</w>
  <w id="8" lemma="|news|" pos="NN" wid="8">news</w>
  <w id="9" lemma="|''|" pos="''" wid="9">''</w>
  <w id="10" lemma="|for|" pos="IN" wid="10">for</w>
  <w id="11" lemma="|we|" pos="PRP$" wid="11">our</w>
  <w id="12" lemma="|city|" pos="NN" wid="12">city</w>
  <w id="13" lemma="|.|" pos="." wid="13">.</w>
</sentence>
<sentence id="12">
  <w id="0" lemma="|sustained|" pos="JJ" wid="0">Sustained</w>
  <w id="1" lemma="|by|" pos="IN" wid="1">by</w>
  <w id="2" lemma="|the|" pos="DT" wid="2">the</w>
  <w id="3" lemma="|grace|" pos="NN" wid="3">grace</w>
  <w id="4" lemma="|of|" pos="IN" wid="4">of</w>
  <w id="5" lemma="|the|" pos="DT" wid="5">the</w>
  <w id="6" lemma="|Sacrament|" pos="NNP" wid="6">Sacrament</w>
  <w id="7" lemma="|of|" pos="IN" wid="7">of</w>
  <w id="8" lemma="|Matrimony|" pos="NNP" wid="8">Matrimony</w>
  <w id="9" lemma="|,|" pos="," wid="9">,</w>
  <w id="10" lemma="|confront|" pos="VBP" wid="10">confront</w>
  <w id="11" lemma="|in|" pos="IN" wid="11">in</w>
  <w id="12" lemma="|a|" pos="DT" wid="12">a</w>
  <w id="13" lemma="|united|" pos="JJ" wid="13">united</w>
  <w id="14" lemma="|way|" pos="NN" wid="14">way</w>
  <w id="15" lemma="|the|" pos="DT" wid="15">the</w>
  <w id="16" lemma="|various|" pos="JJ" wid="16">various</w>
  <w id="17" lemma="|situation|" pos="NNS" wid="17">situations</w>
  <w id="18" lemma="|of|" pos="IN" wid="18">of</w>
  <w id="19" lemma="|life|" pos="NN" wid="19">life</w>
  <w id="20" lemma="|and|" pos="CC" wid="20">and</w>
  <w id="21" lemma="|contribute|" pos="VBP" wid="21">contribute</w>
  <w id="22" lemma="|to|" pos="TO" wid="22">to</w>
  <w id="23" lemma="|keep|" pos="VBG" wid="23">keeping</w>
  <w id="24" lemma="|the|" pos="DT" wid="24">the</w>
  <w id="25" lemma="|social|" pos="JJ" wid="25">social</w>
  <w id="26" lemma="|fabric|" pos="NN" wid="26">fabric</w>
  <w id="27" lemma="|sound|" pos="NN" wid="27">sound</w>
  <w id="28" lemma="|.|" pos="." wid="28">.</w>
</sentence>
<sentence id="13">
  <w id="0" lemma="|3|" pos="LS" wid="0">3</w>
  <w id="1" lemma="|.|" pos="." wid="1">.</w>
</sentence>
<sentence id="14">
  <w id="0" lemma="|today|" pos="NN" wid="0">Today</w>
  <w id="1" lemma="|,|" pos="," wid="1">,</w>
  <w id="2" lemma="|on|" pos="IN" wid="2">on</w>
  <w id="3" lemma="|the|" pos="DT" wid="3">the</w>
  <w id="4" lemma="|Feast|" pos="NNP" wid="4">Feast</w>
  <w id="5" lemma="|of|" pos="IN" wid="5">of</w>
  <w id="6" lemma="|the|" pos="DT" wid="6">the</w>
  <w id="7" lemma="|presentation|" pos="NN" wid="7">Presentation</w>
  <w id="8" lemma="|of|" pos="IN" wid="8">of</w>
  <w id="9" lemma="|Jesus|" pos="NNP" wid="9">Jesus</w>
  <w id="10" lemma="|in|" pos="IN" wid="10">in</w>
  <w id="11" lemma="|the|" pos="DT" wid="11">the</w>
  <w id="12" lemma="|Temple|" pos="NNP" wid="12">Temple</w>
  <w id="13" lemma="|,|" pos="," wid="13">,</w>
  <w id="14" lemma="|we|" pos="PRP" wid="14">we</w>
  <w id="15" lemma="|entrust|" pos="VBP" wid="15">entrust</w>
  <w id="16" lemma="|to|" pos="TO" wid="16">to</w>
  <w id="17" lemma="|Mary|" pos="NNP" wid="17">Mary</w>
  <w id="18" lemma="|all|" pos="PDT" wid="18">all</w>
  <w id="19" lemma="|those|" pos="DT" wid="19">those</w>
  <w id="20" lemma="|dedicate|" pos="VBN" wid="20">dedicated</w>
  <w id="21" lemma="|to|" pos="TO" wid="21">to</w>
  <w id="22" lemma="|the|" pos="DT" wid="22">the</w>
  <w id="23" lemma="|defence|" pos="NN" wid="23">defence</w>
  <w id="24" lemma="|of|" pos="IN" wid="24">of</w>
  <w id="25" lemma="|life|" pos="NN" wid="25">life</w>
  <w id="26" lemma="|and|" pos="CC" wid="26">and</w>
  <w id="27" lemma="|the|" pos="DT" wid="27">the</w>
  <w id="28" lemma="|family|" pos="NNS" wid="28">families</w>
  <w id="29" lemma="|who|" pos="WP" wid="29">who</w>
  <w id="30" lemma="|be|" pos="VBP" wid="30">are</w>
  <w id="31" lemma="|the|" pos="DT" wid="31">the</w>
  <w id="32" lemma="|natural|" pos="JJ" wid="32">natural</w>
  <w id="33" lemma="|``|" pos="``" wid="33">``</w>
  <w id="34" lemma="|nest|" pos="NN" wid="34">nest</w>
  <w id="35" lemma="|''|" pos="''" wid="35">''</w>
  <w id="36" lemma="|of|" pos="IN" wid="36">of</w>
  <w id="37" lemma="|life|" pos="NN" wid="37">life</w>
  <w id="38" lemma="|.|" pos="." wid="38">.</w>
</sentence>
<sentence id="15">
  <w id="0" lemma="|May|" pos="NNP" wid="0">May</w>
  <w id="1" lemma="|Our|" pos="NNP" wid="1">Our</w>
  <w id="2" lemma="|Lady|" pos="NNP" wid="2">Lady</w>
  <w id="3" lemma="|watch|" pos="NN" wid="3">watch</w>
  <w id="4" lemma="|over|" pos="IN" wid="4">over</w>
  <w id="5" lemma="|those|" pos="DT" wid="5">those</w>
  <w id="6" lemma="|who|" pos="WP" wid="6">who</w>
  <w id="7" lemma="|be|" pos="VBP" wid="7">are</w>
  <w id="8" lemma="|occupy|" pos="VBN" wid="8">occupied</w>
  <w id="9" lemma="|with|" pos="IN" wid="9">with</w>
  <w id="10" lemma="|the|" pos="DT" wid="10">the</w>
  <w id="11" lemma="|service|" pos="NN" wid="11">service</w>
  <w id="12" lemma="|of|" pos="IN" wid="12">of</w>
  <w id="13" lemma="|the|" pos="DT" wid="13">the</w>
  <w id="14" lemma="|sick|" pos="JJ" wid="14">sick</w>
  <w id="15" lemma="|,|" pos="," wid="15">,</w>
  <w id="16" lemma="|for|" pos="IN" wid="16">for</w>
  <w id="17" lemma="|whom|" pos="WP" wid="17">whom</w>
  <w id="18" lemma="|on|" pos="IN" wid="18">on</w>
  <w id="19" lemma="|11|" pos="CD" wid="19">11</w>
  <w id="20" lemma="|February|" pos="NNP" wid="20">February</w>
  <w id="21" lemma="|we|" pos="PRP" wid="21">we</w>
  <w id="22" lemma="|observe|" pos="VBP" wid="22">observe</w>
  <w id="23" lemma="|the|" pos="DT" wid="23">the</w>
  <w id="24" lemma="|World|" pos="NNP" wid="24">World</w>
  <w id="25" lemma="|Day|" pos="NNP" wid="25">Day</w>
  <w id="26" lemma="|of|" pos="IN" wid="26">of</w>
  <w id="27" lemma="|the|" pos="DT" wid="27">the</w>
  <w id="28" lemma="|Sick|" pos="NNP" wid="28">Sick</w>
  <w id="29" lemma="|.|" pos="." wid="29">.</w>
</sentence>
<sentence id="16">
  <w id="0" lemma="|finally|" pos="RB" wid="0">Finally</w>
  <w id="1" lemma="|,|" pos="," wid="1">,</w>
  <w id="2" lemma="|may|" pos="MD" wid="2">may</w>
  <w id="3" lemma="|the|" pos="DT" wid="3">the</w>
  <w id="4" lemma="|Blessed|" pos="NNP" wid="4">Blessed</w>
  <w id="5" lemma="|Virgin|" pos="NNP" wid="5">Virgin</w>
  <w id="6" lemma="|Mary|" pos="NNP" wid="6">Mary</w>
  <w id="7" lemma="|protect|" pos="VB" wid="7">protect</w>
  <w id="8" lemma="|in|" pos="IN" wid="8">in</w>
  <w id="9" lemma="|a|" pos="DT" wid="9">a</w>
  <w id="10" lemma="|special|" pos="JJ" wid="10">special</w>
  <w id="11" lemma="|way|" pos="NN" wid="11">way</w>
  <w id="12" lemma="|the|" pos="DT" wid="12">the</w>
  <w id="13" lemma="|man|" pos="NNS" wid="13">men</w>
  <w id="14" lemma="|and|" pos="CC" wid="14">and</w>
  <w id="15" lemma="|woman|" pos="NNS" wid="15">women</w>
  <w id="16" lemma="|religious|" pos="JJ" wid="16">religious</w>
  <w id="17" lemma="|and|" pos="CC" wid="17">and</w>
  <w id="18" lemma="|consecrated|" pos="JJ" wid="18">consecrated</w>
  <w id="19" lemma="|laity|" pos="NN" wid="19">laity</w>
  <w id="20" lemma="|who|" pos="WP" wid="20">who</w>
  <w id="21" lemma="|observe|" pos="VBP" wid="21">observe</w>
  <w id="22" lemma="|today|" pos="NN" wid="22">today</w>
  <w id="23" lemma="|the|" pos="DT" wid="23">the</w>
  <w id="24" lemma="|''|" pos="''" wid="24">''</w>
  <w id="25" lemma="|day|" pos="NN" wid="25">Day</w>
  <w id="26" lemma="|of|" pos="IN" wid="26">of</w>
  <w id="27" lemma="|consecrated|" pos="JJ" wid="27">Consecrated</w>
  <w id="28" lemma="|life|" pos="NN" wid="28">Life</w>
  <w id="29" lemma="|''|" pos="''" wid="29">''</w>
  <w id="30" lemma="|.|" pos="." wid="30">.</w>
</sentence>
<sentence id="17">
  <w id="0" lemma="|after|" pos="IN" wid="0">After</w>
  <w id="1" lemma="|the|" pos="DT" wid="1">the</w>
  <w id="2" lemma="|Angelus|" pos="NNP" wid="2">Angelus</w>
  <w id="3" lemma="|:|" pos=":" wid="3">:</w>
  <w id="4" lemma="|the|" pos="DT" wid="4">The</w>
  <w id="5" lemma="|sad|" pos="JJ" wid="5">sad</w>
  <w id="6" lemma="|news|" pos="NN" wid="6">news</w>
  <w id="7" lemma="|of|" pos="IN" wid="7">of</w>
  <w id="8" lemma="|the|" pos="DT" wid="8">the</w>
  <w id="9" lemma="|tragic|" pos="JJ" wid="9">tragic</w>
  <w id="10" lemma="|explosion|" pos="NN" wid="10">explosion</w>
  <w id="11" lemma="|of|" pos="IN" wid="11">of</w>
  <w id="12" lemma="|the|" pos="DT" wid="12">the</w>
  <w id="13" lemma="|United|" pos="NNP" wid="13">United</w>
  <w id="14" lemma="|States|" pos="NNPS" wid="14">States</w>
  <w id="15" lemma="|space|" pos="NN" wid="15">space</w>
  <w id="16" lemma="|shuttle|" pos="NN" wid="16">shuttle</w>
  <w id="17" lemma="|``|" pos="``" wid="17">``</w>
  <w id="18" lemma="|Columbia|" pos="NNP" wid="18">Columbia</w>
  <w id="19" lemma="|''|" pos="''" wid="19">''</w>
  <w id="20" lemma="|on|" pos="IN" wid="20">on</w>
  <w id="21" lemma="|its|" pos="PRP$" wid="21">its</w>
  <w id="22" lemma="|re-entry|" pos="NN" wid="22">re-entry</w>
  <w id="23" lemma="|into|" pos="IN" wid="23">into</w>
  <w id="24" lemma="|the|" pos="DT" wid="24">the</w>
  <w id="25" lemma="|atmosphere|" pos="NN" wid="25">atmosphere</w>
  <w id="26" lemma="|have|" pos="VBZ" wid="26">has</w>
  <w id="27" lemma="|cause|" pos="VBN" wid="27">caused</w>
  <w id="28" lemma="|great|" pos="JJ" wid="28">great</w>
  <w id="29" lemma="|distress|" pos="NN" wid="29">distress</w>
  <w id="30" lemma="|to|" pos="TO" wid="30">to</w>
  <w id="31" lemma="|everyone|" pos="NN" wid="31">everyone</w>
  <w id="32" lemma="|.|" pos="." wid="32">.</w>
</sentence>
<sentence id="18">
  <w id="0" lemma="|I|" pos="PRP" wid="0">I</w>
  <w id="1" lemma="|invite|" pos="VBP" wid="1">invite</w>
  <w id="2" lemma="|all|" pos="DT" wid="2">all</w>
  <w id="3" lemma="|to|" pos="TO" wid="3">to</w>
  <w id="4" lemma="|pray|" pos="VB" wid="4">pray</w>
  <w id="5" lemma="|for|" pos="IN" wid="5">for</w>
  <w id="6" lemma="|the|" pos="DT" wid="6">the</w>
  <w id="7" lemma="|victim|" pos="NNS" wid="7">victims</w>
  <w id="8" lemma="|of|" pos="IN" wid="8">of</w>
  <w id="9" lemma="|the|" pos="DT" wid="9">the</w>
  <w id="10" lemma="|accident|" pos="NN" wid="10">accident</w>
  <w id="11" lemma="|who|" pos="WP" wid="11">who</w>
  <w id="12" lemma="|die|" pos="VBD" wid="12">died</w>
  <w id="13" lemma="|while|" pos="IN" wid="13">while</w>
  <w id="14" lemma="|accomplish|" pos="VBG" wid="14">accomplishing</w>
  <w id="15" lemma="|a|" pos="DT" wid="15">an</w>
  <w id="16" lemma="|international|" pos="JJ" wid="16">international</w>
  <w id="17" lemma="|scientific|" pos="JJ" wid="17">scientific</w>
  <w id="18" lemma="|mission|" pos="NN" wid="18">mission</w>
  <w id="19" lemma="|.|" pos="." wid="19">.</w>
</sentence>
<sentence id="19">
  <w id="0" lemma="|at|" pos="IN" wid="0">At</w>
  <w id="1" lemma="|this|" pos="DT" wid="1">this</w>
  <w id="2" lemma="|time|" pos="NN" wid="2">time</w>
  <w id="3" lemma="|of|" pos="IN" wid="3">of</w>
  <w id="4" lemma="|severe|" pos="JJ" wid="4">severe</w>
  <w id="5" lemma="|trial|" pos="NN" wid="5">trial</w>
  <w id="6" lemma="|,|" pos="," wid="6">,</w>
  <w id="7" lemma="|I|" pos="PRP" wid="7">I</w>
  <w id="8" lemma="|be|" pos="VBP" wid="8">am</w>
  <w id="9" lemma="|spiritually|" pos="RB" wid="9">spiritually</w>
  <w id="10" lemma="|close|" pos="JJ" wid="10">close</w>
  <w id="11" lemma="|to|" pos="TO" wid="11">to</w>
  <w id="12" lemma="|the|" pos="DT" wid="12">the</w>
  <w id="13" lemma="|relative|" pos="NNS" wid="13">relatives</w>
  <w id="14" lemma="|to|" pos="TO" wid="14">to</w>
  <w id="15" lemma="|whom|" pos="WP" wid="15">whom</w>
  <w id="16" lemma="|I|" pos="PRP" wid="16">I</w>
  <w id="17" lemma="|offer|" pos="VBP" wid="17">offer</w>
  <w id="18" lemma="|the|" pos="DT" wid="18">the</w>
  <w id="19" lemma="|assurance|" pos="NN" wid="19">assurance</w>
  <w id="20" lemma="|of|" pos="IN" wid="20">of</w>
  <w id="21" lemma="|my|" pos="PRP$" wid="21">my</w>
  <w id="22" lemma="|prayer|" pos="NN" wid="22">prayer</w>
  <w id="23" lemma="|.|" pos="." wid="23">.</w>
</sentence>
<sentence id="20">
  <w id="0" lemma="|once|" pos="RB" wid="0">Once</w>
  <w id="1" lemma="|again|" pos="RB" wid="1">again</w>
  <w id="2" lemma="|,|" pos="," wid="2">,</w>
  <w id="3" lemma="|my|" pos="PRP$" wid="3">my</w>
  <w id="4" lemma="|thought|" pos="NNS" wid="4">thoughts</w>
  <w id="5" lemma="|turn|" pos="VBP" wid="5">turn</w>
  <w id="6" lemma="|to|" pos="TO" wid="6">to</w>
  <w id="7" lemma="|the|" pos="DT" wid="7">the</w>
  <w id="8" lemma="|Ivory|" pos="NNP" wid="8">Ivory</w>
  <w id="9" lemma="|Coast|" pos="NNP" wid="9">Coast</w>
  <w id="10" lemma="|,|" pos="," wid="10">,</w>
  <w id="11" lemma="|try|" pos="VBN" wid="11">tried</w>
  <w id="12" lemma="|by|" pos="IN" wid="12">by</w>
  <w id="13" lemma="|a|" pos="DT" wid="13">a</w>
  <w id="14" lemma="|serious|" pos="JJ" wid="14">serious</w>
  <w id="15" lemma="|crisis|" pos="NN" wid="15">crisis</w>
  <w id="16" lemma="|that|" pos="WDT" wid="16">that</w>
  <w id="17" lemma="|affect|" pos="VBZ" wid="17">affects</w>
  <w id="18" lemma="|the|" pos="DT" wid="18">the</w>
  <w id="19" lemma="|people|" pos="NNS" wid="19">people</w>
  <w id="20" lemma="|.|" pos="." wid="20">.</w>
</sentence>
<sentence id="21">
  <w id="0" lemma="|let|" pos="VB" wid="0">Let</w>
  <w id="1" lemma="|we|" pos="PRP" wid="1">us</w>
  <w id="2" lemma="|pray|" pos="VB" wid="2">pray</w>
  <w id="3" lemma="|that|" pos="IN" wid="3">that</w>
  <w id="4" lemma="|,|" pos="," wid="4">,</w>
  <w id="5" lemma="|beyond|" pos="IN" wid="5">beyond</w>
  <w id="6" lemma="|the|" pos="DT" wid="6">the</w>
  <w id="7" lemma="|division|" pos="NNS" wid="7">divisions</w>
  <w id="8" lemma="|and|" pos="CC" wid="8">and</w>
  <w id="9" lemma="|counter-claim|" pos="NNS" wid="9">counter-claims</w>
  <w id="10" lemma="|,|" pos="," wid="10">,</w>
  <w id="11" lemma="|the|" pos="DT" wid="11">the</w>
  <w id="12" lemma="|effort|" pos="NNS" wid="12">efforts</w>
  <w id="13" lemma="|of|" pos="IN" wid="13">of</w>
  <w id="14" lemma="|those|" pos="DT" wid="14">those</w>
  <w id="15" lemma="|who|" pos="WP" wid="15">who</w>
  <w id="16" lemma="|have|" pos="VBP" wid="16">have</w>
  <w id="17" lemma="|at|" pos="IN" wid="17">at</w>
  <w id="18" lemma="|heart|" pos="NN" wid="18">heart</w>
  <w id="19" lemma="|the|" pos="DT" wid="19">the</w>
  <w id="20" lemma="|unity|" pos="NN" wid="20">unity</w>
  <w id="21" lemma="|of|" pos="IN" wid="21">of</w>
  <w id="22" lemma="|the|" pos="DT" wid="22">the</w>
  <w id="23" lemma="|country|" pos="NN" wid="23">country</w>
  <w id="24" lemma="|and|" pos="CC" wid="24">and</w>
  <w id="25" lemma="|respect|" pos="NN" wid="25">respect</w>
  <w id="26" lemma="|for|" pos="IN" wid="26">for</w>
  <w id="27" lemma="|legality|" pos="NN" wid="27">legality</w>
  <w id="28" lemma="|may|" pos="MD" wid="28">may</w>
  <w id="29" lemma="|prevail|" pos="VB" wid="29">prevail</w>
  <w id="30" lemma="|.|" pos="." wid="30">.</w>
</sentence>
<sentence id="22">
  <w id="0" lemma="|May|" pos="NNP" wid="0">May</w>
  <w id="1" lemma="|the|" pos="DT" wid="1">the</w>
  <w id="2" lemma="|Catholic|" pos="NNP" wid="2">Catholic</w>
  <w id="3" lemma="|faithful|" pos="NN" wid="3">faithful</w>
  <w id="4" lemma="|lead|" pos="VBN" wid="4">led</w>
  <w id="5" lemma="|by|" pos="IN" wid="5">by</w>
  <w id="6" lemma="|they|" pos="PRP$" wid="6">their</w>
  <w id="7" lemma="|pastor|" pos="NNS" wid="7">Pastors</w>
  <w id="8" lemma="|know|" pos="VBP" wid="8">know</w>
  <w id="9" lemma="|how|" pos="WRB" wid="9">how</w>
  <w id="10" lemma="|to|" pos="TO" wid="10">to</w>
  <w id="11" lemma="|act|" pos="VB" wid="11">act</w>
  <w id="12" lemma="|so|" pos="RB" wid="12">so</w>
  <w id="13" lemma="|that|" pos="IN" wid="13">that</w>
  <w id="14" lemma="|dialogue|" pos="NN" wid="14">dialogue</w>
  <w id="15" lemma="|and|" pos="CC" wid="15">and</w>
  <w id="16" lemma="|respect|" pos="NN" wid="16">respect</w>
  <w id="17" lemma="|for|" pos="IN" wid="17">for</w>
  <w id="18" lemma="|person|" pos="NNS" wid="18">persons</w>
  <w id="19" lemma="|and|" pos="CC" wid="19">and</w>
  <w id="20" lemma="|they|" pos="PRP$" wid="20">their</w>
  <w id="21" lemma="|property|" pos="NN" wid="21">property</w>
  <w id="22" lemma="|may|" pos="MD" wid="22">may</w>
  <w id="23" lemma="|be|" pos="VB" wid="23">be</w>
  <w id="24" lemma="|practice|" pos="VBN" wid="24">practiced</w>
  <w id="25" lemma="|and|" pos="CC" wid="25">and</w>
  <w id="26" lemma="|promote|" pos="VBN" wid="26">promoted</w>
  <w id="27" lemma="|by|" pos="IN" wid="27">by</w>
  <w id="28" lemma="|all|" pos="DT" wid="28">all</w>
  <w id="29" lemma="|.|" pos="." wid="29">.</w>
</sentence>
<sentence id="23">
  <w id="0" lemma="|May|" pos="NNP" wid="0">May</w>
  <w id="1" lemma="|Our|" pos="NNP" wid="1">Our</w>
  <w id="2" lemma="|Lady|" pos="NNP" wid="2">Lady</w>
  <w id="3" lemma="|of|" pos="IN" wid="3">of</w>
  <w id="4" lemma="|Peace|" pos="NNP" wid="4">Peace</w>
  <w id="5" lemma="|of|" pos="IN" wid="5">of</w>
  <w id="6" lemma="|Yamoussoukro|" pos="NNP" wid="6">Yamoussoukro</w>
  <w id="7" lemma="|,|" pos="," wid="7">,</w>
  <w id="8" lemma="|intercede|" pos="NN" wid="8">intercede</w>
  <w id="9" lemma="|for|" pos="IN" wid="9">for</w>
  <w id="10" lemma="|reconciliation|" pos="NN" wid="10">reconciliation</w>
  <w id="11" lemma="|and|" pos="CC" wid="11">and</w>
  <w id="12" lemma="|concern|" pos="NN" wid="12">concern</w>
  <w id="13" lemma="|among|" pos="IN" wid="13">among</w>
  <w id="14" lemma="|the|" pos="DT" wid="14">the</w>
  <w id="15" lemma="|people|" pos="NNS" wid="15">people</w>
  <w id="16" lemma="|of|" pos="IN" wid="16">of</w>
  <w id="17" lemma="|that|" pos="DT" wid="17">that</w>
  <w id="18" lemma="|beloved|" pos="JJ" wid="18">beloved</w>
  <w id="19" lemma="|nation|" pos="NN" wid="19">nation</w>
  <w id="20" lemma="|.|" pos="." wid="20">.</w>
</sentence>
<sentence id="24">
  <w id="0" lemma="|yesterday|" pos="NN" wid="0">Yesterday</w>
  <w id="1" lemma="|,|" pos="," wid="1">,</w>
  <w id="2" lemma="|the|" pos="DT" wid="2">the</w>
  <w id="3" lemma="|first|" pos="JJ" wid="3">first</w>
  <w id="4" lemma="|of|" pos="IN" wid="4">of</w>
  <w id="5" lemma="|February|" pos="NNP" wid="5">February</w>
  <w id="6" lemma="|,|" pos="," wid="6">,</w>
  <w id="7" lemma="|the|" pos="DT" wid="7">the</w>
  <w id="8" lemma="|Lunar|" pos="NNP" wid="8">Lunar</w>
  <w id="9" lemma="|New|" pos="NNP" wid="9">New</w>
  <w id="10" lemma="|Year|" pos="NNP" wid="10">Year</w>
  <w id="11" lemma="|be|" pos="VBD" wid="11">was</w>
  <w id="12" lemma="|observe|" pos="VBN" wid="12">observed</w>
  <w id="13" lemma="|by|" pos="IN" wid="13">by</w>
  <w id="14" lemma="|many|" pos="JJ" wid="14">many</w>
  <w id="15" lemma="|million|" pos="NNS" wid="15">millions</w>
  <w id="16" lemma="|of|" pos="IN" wid="16">of</w>
  <w id="17" lemma="|person|" pos="NNS" wid="17">persons</w>
  <w id="18" lemma="|,|" pos="," wid="18">,</w>
  <w id="19" lemma="|especially|" pos="RB" wid="19">especially</w>
  <w id="20" lemma="|the|" pos="DT" wid="20">the</w>
  <w id="21" lemma="|Chinese|" pos="NNP" wid="21">Chinese</w>
  <w id="22" lemma="|,|" pos="," wid="22">,</w>
  <w id="23" lemma="|Vietnamese|" pos="NNP" wid="23">Vietnamese</w>
  <w id="24" lemma="|and|" pos="CC" wid="24">and</w>
  <w id="25" lemma="|Koreans|" pos="NNPS" wid="25">Koreans</w>
  <w id="26" lemma="|,|" pos="," wid="26">,</w>
  <w id="27" lemma="|who|" pos="WP" wid="27">who</w>
  <w id="28" lemma="|live|" pos="VBP" wid="28">live</w>
  <w id="29" lemma="|this|" pos="DT" wid="29">this</w>
  <w id="30" lemma="|holiday|" pos="NN" wid="30">holiday</w>
  <w id="31" lemma="|in|" pos="IN" wid="31">in</w>
  <w id="32" lemma="|the|" pos="DT" wid="32">the</w>
  <w id="33" lemma="|intimacy|" pos="NN" wid="33">intimacy</w>
  <w id="34" lemma="|of|" pos="IN" wid="34">of</w>
  <w id="35" lemma="|they|" pos="PRP$" wid="35">their</w>
  <w id="36" lemma="|family|" pos="NN" wid="36">family</w>
  <w id="37" lemma="|.|" pos="." wid="37">.</w>
</sentence>
<sentence id="25">
  <w id="0" lemma="|to|" pos="TO" wid="0">To</w>
  <w id="1" lemma="|they|" pos="PRP" wid="1">them</w>
  <w id="2" lemma="|I|" pos="PRP" wid="2">I</w>
  <w id="3" lemma="|repeat|" pos="VBP" wid="3">repeat</w>
  <w id="4" lemma="|the|" pos="DT" wid="4">the</w>
  <w id="5" lemma="|greeting|" pos="NNS" wid="5">greetings</w>
  <w id="6" lemma="|that|" pos="IN" wid="6">that</w>
  <w id="7" lemma="|I|" pos="PRP" wid="7">I</w>
  <w id="8" lemma="|formulate|" pos="VBD" wid="8">formulated</w>
  <w id="9" lemma="|in|" pos="IN" wid="9">in</w>
  <w id="10" lemma="|the|" pos="DT" wid="10">the</w>
  <w id="11" lemma="|message|" pos="NN" wid="11">Message</w>
  <w id="12" lemma="|for|" pos="IN" wid="12">for</w>
  <w id="13" lemma="|the|" pos="DT" wid="13">the</w>
  <w id="14" lemma="|recent|" pos="JJ" wid="14">recent</w>
  <w id="15" lemma="|World|" pos="NNP" wid="15">World</w>
  <w id="16" lemma="|Day|" pos="NNP" wid="16">Day</w>
  <w id="17" lemma="|of|" pos="IN" wid="17">of</w>
  <w id="18" lemma="|Peace|" pos="NNP" wid="18">Peace</w>
  <w id="19" lemma="|:|" pos=":" wid="19">:</w>
  <w id="20" lemma="|may|" pos="MD" wid="20">may</w>
  <w id="21" lemma="|the|" pos="DT" wid="21">the</w>
  <w id="22" lemma="|new|" pos="JJ" wid="22">new</w>
  <w id="23" lemma="|year|" pos="NN" wid="23">year</w>
  <w id="24" lemma="|be|" pos="VB" wid="24">be</w>
  <w id="25" lemma="|a|" pos="DT" wid="25">a</w>
  <w id="26" lemma="|time|" pos="NN" wid="26">time</w>
  <w id="27" lemma="|of|" pos="IN" wid="27">of</w>
  <w id="28" lemma="|peace|" pos="NN" wid="28">peace</w>
  <w id="29" lemma="|,|" pos="," wid="29">,</w>
  <w id="30" lemma="|found|" pos="VBN" wid="30">founded</w>
  <w id="31" lemma="|on|" pos="IN" wid="31">on</w>
  <w id="32" lemma="|the|" pos="DT" wid="32">the</w>
  <w id="33" lemma="|``|" pos="``" wid="33">``</w>
  <w id="34" lemma="|four|" pos="CD" wid="34">four</w>
  <w id="35" lemma="|basic|" pos="JJ" wid="35">basic</w>
  <w id="36" lemma="|requirement|" pos="NNS" wid="36">requirements</w>
  <w id="37" lemma="|of|" pos="IN" wid="37">of</w>
  <w id="38" lemma="|the|" pos="DT" wid="38">the</w>
  <w id="39" lemma="|human|" pos="JJ" wid="39">human</w>
  <w id="40" lemma="|spirit|" pos="NN" wid="40">spirit</w>
  <w id="41" lemma="|:|" pos=":" wid="41">:</w>
  <w id="42" lemma="|truth|" pos="NN" wid="42">truth</w>
  <w id="43" lemma="|,|" pos="," wid="43">,</w>
  <w id="44" lemma="|justice|" pos="NN" wid="44">justice</w>
  <w id="45" lemma="|,|" pos="," wid="45">,</w>
  <w id="46" lemma="|love|" pos="NN" wid="46">love</w>
  <w id="47" lemma="|and|" pos="CC" wid="47">and</w>
  <w id="48" lemma="|freedom|" pos="NN" wid="48">freedom</w>
  <w id="49" lemma="|''|" pos="''" wid="49">''</w>
  <w id="50" lemma="|.|" pos="." wid="50">.</w>
</sentence>
<sentence id="26">
  <w id="0" lemma="|May|" pos="NNP" wid="0">May</w>
  <w id="1" lemma="|my|" pos="PRP$" wid="1">my</w>
  <w id="2" lemma="|affectionate|" pos="JJ" wid="2">affectionate</w>
  <w id="3" lemma="|greeting|" pos="NNS" wid="3">greetings</w>
  <w id="4" lemma="|reach|" pos="VBP" wid="4">reach</w>
  <w id="5" lemma="|the|" pos="DT" wid="5">the</w>
  <w id="6" lemma="|heart|" pos="NN" wid="6">heart</w>
  <w id="7" lemma="|of|" pos="IN" wid="7">of</w>
  <w id="8" lemma="|each|" pos="DT" wid="8">each</w>
  <w id="9" lemma="|of|" pos="IN" wid="9">of</w>
  <w id="10" lemma="|they|" pos="PRP" wid="10">them</w>
  <w id="11" lemma="|.|" pos="." wid="11">.</w>
</sentence>
<sentence id="27">
  <w id="0" lemma="|my|" pos="PRP$" wid="0">My</w>
  <w id="1" lemma="|prayer|" pos="NN" wid="1">prayer</w>
  <w id="2" lemma="|accompany|" pos="VBZ" wid="2">accompanies</w>
  <w id="3" lemma="|they|" pos="PRP" wid="3">them</w>
  <w id="4" lemma="|every|" pos="DT" wid="4">every</w>
  <w id="5" lemma="|day|" pos="NN" wid="5">day</w>
  <w id="6" lemma="|.|" pos="." wid="6">.</w>
</sentence>
</corpus>