<corpus id="0">
<sentence id="0">
  <w id="0" lemma="|Dear|" pos="NNP" wid="0">Dear</w>
  <w id="1" lemma="|Brothers|" pos="NNPS" wid="1">Brothers</w>
  <w id="2" lemma="|and|" pos="CC" wid="2">and</w>
  <w id="3" lemma="|sister|" pos="NNS" wid="3">Sisters</w>
  <w id="4" lemma="|,|" pos="," wid="4">,</w>
  <w id="5" lemma="|1|" pos="CD" wid="5">1</w>
  <w id="6" lemma="|.|" pos="." wid="6">.</w>
</sentence>
<sentence id="1">
  <w id="0" lemma="|in|" pos="IN" wid="0">In</w>
  <w id="1" lemma="|exactly|" pos="RB" wid="1">exactly</w>
  <w id="2" lemma="|a|" pos="DT" wid="2">a</w>
  <w id="3" lemma="|month|" pos="NN" wid="3">month</w>
  <w id="4" lemma="|,|" pos="," wid="4">,</w>
  <w id="5" lemma="|on|" pos="IN" wid="5">on</w>
  <w id="6" lemma="|7|" pos="CD" wid="6">7</w>
  <w id="7" lemma="|October|" pos="NNP" wid="7">October</w>
  <w id="8" lemma="|,|" pos="," wid="8">,</w>
  <w id="9" lemma="|I|" pos="PRP" wid="9">I</w>
  <w id="10" lemma="|count|" pos="VBP" wid="10">count</w>
  <w id="11" lemma="|on|" pos="IN" wid="11">on</w>
  <w id="12" lemma="|go|" pos="VBG" wid="12">going</w>
  <w id="13" lemma="|,|" pos="," wid="13">,</w>
  <w id="14" lemma="|please|" pos="VB" wid="14">please</w>
  <w id="15" lemma="|God|" pos="NNP" wid="15">God</w>
  <w id="16" lemma="|,|" pos="," wid="16">,</w>
  <w id="17" lemma="|to|" pos="TO" wid="17">to</w>
  <w id="18" lemma="|the|" pos="DT" wid="18">the</w>
  <w id="19" lemma="|Shrine|" pos="NNP" wid="19">Shrine</w>
  <w id="20" lemma="|of|" pos="IN" wid="20">of</w>
  <w id="21" lemma="|Pompei|" pos="NNP" wid="21">Pompei</w>
  <w id="22" lemma="|.|" pos="." wid="22">.</w>
</sentence>
<sentence id="2">
  <w id="0" lemma="|it|" pos="PRP" wid="0">It</w>
  <w id="1" lemma="|will|" pos="MD" wid="1">will</w>
  <w id="2" lemma="|be|" pos="VB" wid="2">be</w>
  <w id="3" lemma="|a|" pos="DT" wid="3">a</w>
  <w id="4" lemma="|particularly|" pos="RB" wid="4">particularly</w>
  <w id="5" lemma="|significant|" pos="JJ" wid="5">significant</w>
  <w id="6" lemma="|moment|" pos="NN" wid="6">moment</w>
  <w id="7" lemma="|in|" pos="IN" wid="7">in</w>
  <w id="8" lemma="|the|" pos="DT" wid="8">the</w>
  <w id="9" lemma="|year|" pos="NN" wid="9">Year</w>
  <w id="10" lemma="|of|" pos="IN" wid="10">of</w>
  <w id="11" lemma="|the|" pos="DT" wid="11">the</w>
  <w id="12" lemma="|Rosary|" pos="NNP" wid="12">Rosary</w>
  <w id="13" lemma="|,|" pos="," wid="13">,</w>
  <w id="14" lemma="|inaugurate|" pos="VBD" wid="14">inaugurated</w>
  <w id="15" lemma="|last|" pos="JJ" wid="15">last</w>
  <w id="16" lemma="|16|" pos="CD" wid="16">16</w>
  <w id="17" lemma="|October|" pos="NNP" wid="17">October</w>
  <w id="18" lemma="|with|" pos="IN" wid="18">with</w>
  <w id="19" lemma="|the|" pos="DT" wid="19">the</w>
  <w id="20" lemma="|signing|" pos="NN" wid="20">signing</w>
  <w id="21" lemma="|in|" pos="IN" wid="21">in</w>
  <w id="22" lemma="|St|" pos="NNP" wid="22">St</w>
  <w id="23" lemma="|Peter|" pos="NNP" wid="23">Peter</w>
  <w id="24" lemma="|'s|" pos="POS" wid="24">'s</w>
  <w id="25" lemma="|Square|" pos="NNP" wid="25">Square</w>
  <w id="26" lemma="|of|" pos="IN" wid="26">of</w>
  <w id="27" lemma="|my|" pos="PRP$" wid="27">my</w>
  <w id="28" lemma="|Apostolic|" pos="NNP" wid="28">Apostolic</w>
  <w id="29" lemma="|Letter|" pos="NNP" wid="29">Letter</w>
  <w id="30" lemma="|Rosarium|" pos="NNP" wid="30">Rosarium</w>
  <w id="31" lemma="|Virginis|" pos="NNP" wid="31">Virginis</w>
  <w id="32" lemma="|Mariae|" pos="NNP" wid="32">Mariae</w>
  <w id="33" lemma="|.|" pos="." wid="33">.</w>
</sentence>
<sentence id="3">
  <w id="0" lemma="|today|" pos="NN" wid="0">Today</w>
  <w id="1" lemma="|I|" pos="PRP" wid="1">I</w>
  <w id="2" lemma="|would|" pos="MD" wid="2">would</w>
  <w id="3" lemma="|like|" pos="VB" wid="3">like</w>
  <w id="4" lemma="|to|" pos="TO" wid="4">to</w>
  <w id="5" lemma="|begin|" pos="VB" wid="5">begin</w>
  <w id="6" lemma="|a|" pos="DT" wid="6">a</w>
  <w id="7" lemma="|pilgrimage|" pos="NN" wid="7">pilgrimage</w>
  <w id="8" lemma="|in|" pos="IN" wid="8">in</w>
  <w id="9" lemma="|spirit|" pos="NN" wid="9">spirit</w>
  <w id="10" lemma="|to|" pos="TO" wid="10">to</w>
  <w id="11" lemma="|that|" pos="DT" wid="11">that</w>
  <w id="12" lemma="|famous|" pos="JJ" wid="12">famous</w>
  <w id="13" lemma="|Marian|" pos="NNP" wid="13">Marian</w>
  <w id="14" lemma="|shrine|" pos="NN" wid="14">shrine</w>
  <w id="15" lemma="|,|" pos="," wid="15">,</w>
  <w id="16" lemma="|the|" pos="DT" wid="16">the</w>
  <w id="17" lemma="|centre|" pos="NN" wid="17">centre</w>
  <w id="18" lemma="|of|" pos="IN" wid="18">of</w>
  <w id="19" lemma="|the|" pos="DT" wid="19">the</w>
  <w id="20" lemma="|spirituality|" pos="NN" wid="20">spirituality</w>
  <w id="21" lemma="|of|" pos="IN" wid="21">of</w>
  <w id="22" lemma="|the|" pos="DT" wid="22">the</w>
  <w id="23" lemma="|Rosary|" pos="NNP" wid="23">Rosary</w>
  <w id="24" lemma="|,|" pos="," wid="24">,</w>
  <w id="25" lemma="|contemplate|" pos="VBG" wid="25">contemplating</w>
  <w id="26" lemma="|with|" pos="IN" wid="26">with</w>
  <w id="27" lemma="|Mary|" pos="NNP" wid="27">Mary</w>
  <w id="28" lemma="|the|" pos="DT" wid="28">the</w>
  <w id="29" lemma="|face|" pos="NN" wid="29">face</w>
  <w id="30" lemma="|of|" pos="IN" wid="30">of</w>
  <w id="31" lemma="|Christ|" pos="NNP" wid="31">Christ</w>
  <w id="32" lemma="|in|" pos="IN" wid="32">in</w>
  <w id="33" lemma="|he|" pos="PRP$" wid="33">his</w>
  <w id="34" lemma="|joyful|" pos="JJ" wid="34">joyful</w>
  <w id="35" lemma="|,|" pos="," wid="35">,</w>
  <w id="36" lemma="|``|" pos="``" wid="36">``</w>
  <w id="37" lemma="|luminous|" pos="JJ" wid="37">luminous</w>
  <w id="38" lemma="|''|" pos="''" wid="38">''</w>
  <w id="39" lemma="|,|" pos="," wid="39">,</w>
  <w id="40" lemma="|sorrowful|" pos="JJ" wid="40">sorrowful</w>
  <w id="41" lemma="|and|" pos="CC" wid="41">and</w>
  <w id="42" lemma="|glorious|" pos="JJ" wid="42">glorious</w>
  <w id="43" lemma="|mystery|" pos="NNS" wid="43">mysteries</w>
  <w id="44" lemma="|.|" pos="." wid="44">.</w>
</sentence>
<sentence id="4">
  <w id="0" lemma="|the|" pos="DT" wid="0">The</w>
  <w id="1" lemma="|liturgical|" pos="JJ" wid="1">liturgical</w>
  <w id="2" lemma="|feast|" pos="NN" wid="2">feast</w>
  <w id="3" lemma="|of|" pos="IN" wid="3">of</w>
  <w id="4" lemma="|the|" pos="DT" wid="4">the</w>
  <w id="5" lemma="|nativity|" pos="NN" wid="5">Nativity</w>
  <w id="6" lemma="|of|" pos="IN" wid="6">of</w>
  <w id="7" lemma="|the|" pos="DT" wid="7">the</w>
  <w id="8" lemma="|Blessed|" pos="NNP" wid="8">Blessed</w>
  <w id="9" lemma="|Virgin|" pos="NNP" wid="9">Virgin</w>
  <w id="10" lemma="|that|" pos="WDT" wid="10">that</w>
  <w id="11" lemma="|occur|" pos="VBZ" wid="11">occurs</w>
  <w id="12" lemma="|tomorrow|" pos="NN" wid="12">tomorrow</w>
  <w id="13" lemma="|,|" pos="," wid="13">,</w>
  <w id="14" lemma="|8|" pos="CD" wid="14">8</w>
  <w id="15" lemma="|September|" pos="NNP" wid="15">September</w>
  <w id="16" lemma="|,|" pos="," wid="16">,</w>
  <w id="17" lemma="|be|" pos="VBZ" wid="17">is</w>
  <w id="18" lemma="|a|" pos="DT" wid="18">an</w>
  <w id="19" lemma="|especially|" pos="RB" wid="19">especially</w>
  <w id="20" lemma="|favourable|" pos="JJ" wid="20">favourable</w>
  <w id="21" lemma="|one|" pos="CD" wid="21">one</w>
  <w id="22" lemma="|for|" pos="IN" wid="22">for</w>
  <w id="23" lemma="|set|" pos="VBG" wid="23">setting</w>
  <w id="24" lemma="|out|" pos="RP" wid="24">out</w>
  <w id="25" lemma="|on|" pos="IN" wid="25">on</w>
  <w id="26" lemma="|this|" pos="DT" wid="26">this</w>
  <w id="27" lemma="|spiritual|" pos="JJ" wid="27">spiritual</w>
  <w id="28" lemma="|itinerary|" pos="NN" wid="28">itinerary</w>
  <w id="29" lemma="|.|" pos="." wid="29">.</w>
</sentence>
<sentence id="5">
  <w id="0" lemma="|she|" pos="PRP$" wid="0">Her</w>
  <w id="1" lemma="|birth|" pos="NN" wid="1">birth</w>
  <w id="2" lemma="|,|" pos="," wid="2">,</w>
  <w id="3" lemma="|in|" pos="IN" wid="3">in</w>
  <w id="4" lemma="|fact|" pos="NN" wid="4">fact</w>
  <w id="5" lemma="|,|" pos="," wid="5">,</w>
  <w id="6" lemma="|be|" pos="VBZ" wid="6">is</w>
  <w id="7" lemma="|a|" pos="DT" wid="7">a</w>
  <w id="8" lemma="|sort|" pos="NN" wid="8">sort</w>
  <w id="9" lemma="|of|" pos="IN" wid="9">of</w>
  <w id="10" lemma="|``|" pos="``" wid="10">``</w>
  <w id="11" lemma="|prologue|" pos="NN" wid="11">prologue</w>
  <w id="12" lemma="|''|" pos="''" wid="12">''</w>
  <w id="13" lemma="|to|" pos="TO" wid="13">to</w>
  <w id="14" lemma="|the|" pos="DT" wid="14">the</w>
  <w id="15" lemma="|Incarnation|" pos="NNP" wid="15">Incarnation</w>
  <w id="16" lemma="|:|" pos=":" wid="16">:</w>
  <w id="17" lemma="|Mary|" pos="NNP" wid="17">Mary</w>
  <w id="18" lemma="|,|" pos="," wid="18">,</w>
  <w id="19" lemma="|like|" pos="IN" wid="19">like</w>
  <w id="20" lemma="|the|" pos="DT" wid="20">the</w>
  <w id="21" lemma="|dawn|" pos="NN" wid="21">dawn</w>
  <w id="22" lemma="|,|" pos="," wid="22">,</w>
  <w id="23" lemma="|usher|" pos="NNS" wid="23">ushers</w>
  <w id="24" lemma="|in|" pos="IN" wid="24">in</w>
  <w id="25" lemma="|the|" pos="DT" wid="25">the</w>
  <w id="26" lemma="|sun|" pos="NN" wid="26">sun</w>
  <w id="27" lemma="|of|" pos="IN" wid="27">of</w>
  <w id="28" lemma="|the|" pos="DT" wid="28">the</w>
  <w id="29" lemma="|``|" pos="``" wid="29">``</w>
  <w id="30" lemma="|new|" pos="JJ" wid="30">new</w>
  <w id="31" lemma="|day|" pos="NN" wid="31">day</w>
  <w id="32" lemma="|''|" pos="''" wid="32">''</w>
  <w id="33" lemma="|,|" pos="," wid="33">,</w>
  <w id="34" lemma="|foretell|" pos="VBG" wid="34">foretelling</w>
  <w id="35" lemma="|the|" pos="DT" wid="35">the</w>
  <w id="36" lemma="|joy|" pos="NN" wid="36">joy</w>
  <w id="37" lemma="|of|" pos="IN" wid="37">of</w>
  <w id="38" lemma="|the|" pos="DT" wid="38">the</w>
  <w id="39" lemma="|Redeemer|" pos="NNP" wid="39">Redeemer</w>
  <w id="40" lemma="|.|" pos="." wid="40">.</w>
</sentence>
<sentence id="6">
  <w id="0" lemma="|2|" pos="CD" wid="0">2</w>
  <w id="1" lemma="|.|" pos="." wid="1">.</w>
</sentence>
<sentence id="7">
  <w id="0" lemma="|the|" pos="DT" wid="0">The</w>
  <w id="1" lemma="|joyful|" pos="JJ" wid="1">joyful</w>
  <w id="2" lemma="|mystery|" pos="NNS" wid="2">mysteries</w>
  <w id="3" lemma="|lead|" pos="VBP" wid="3">lead</w>
  <w id="4" lemma="|we|" pos="PRP" wid="4">us</w>
  <w id="5" lemma="|to|" pos="TO" wid="5">to</w>
  <w id="6" lemma="|contemplate|" pos="VB" wid="6">contemplate</w>
  <w id="7" lemma="|the|" pos="DT" wid="7">the</w>
  <w id="8" lemma="|joy|" pos="NN" wid="8">joy</w>
  <w id="9" lemma="|``|" pos="``" wid="9">``</w>
  <w id="10" lemma="|radiate|" pos="VBG" wid="10">radiating</w>
  <w id="11" lemma="|from|" pos="IN" wid="11">from</w>
  <w id="12" lemma="|the|" pos="DT" wid="12">the</w>
  <w id="13" lemma="|event|" pos="NN" wid="13">event</w>
  <w id="14" lemma="|of|" pos="IN" wid="14">of</w>
  <w id="15" lemma="|the|" pos="DT" wid="15">the</w>
  <w id="16" lemma="|Incarnation|" pos="NNP" wid="16">Incarnation</w>
  <w id="17" lemma="|''|" pos="''" wid="17">''</w>
  <w id="18" lemma="|-lrb-|" pos="-LRB-" wid="18">-LRB-</w>
  <w id="19" lemma="|Rosarium|" pos="NNP" wid="19">Rosarium</w>
  <w id="20" lemma="|Virginis|" pos="NNP" wid="20">Virginis</w>
  <w id="21" lemma="|Mariae|" pos="NNP" wid="21">Mariae</w>
  <w id="22" lemma="|,|" pos="," wid="22">,</w>
  <w id="23" lemma="|n.|" pos="NNP" wid="23">n.</w>
  <w id="24" lemma="|20|" pos="CD" wid="24">20</w>
  <w id="25" lemma="|-rrb-|" pos="-RRB-" wid="25">-RRB-</w>
  <w id="26" lemma="|:|" pos=":" wid="26">:</w>
  <w id="27" lemma="|a|" pos="DT" wid="27">a</w>
  <w id="28" lemma="|joy|" pos="NN" wid="28">joy</w>
  <w id="29" lemma="|that|" pos="WDT" wid="29">that</w>
  <w id="30" lemma="|do|" pos="VBZ" wid="30">does</w>
  <w id="31" lemma="|not|" pos="RB" wid="31">not</w>
  <w id="32" lemma="|overlook|" pos="VB" wid="32">overlook</w>
  <w id="33" lemma="|the|" pos="DT" wid="33">the</w>
  <w id="34" lemma="|drama|" pos="NN" wid="34">drama</w>
  <w id="35" lemma="|of|" pos="IN" wid="35">of</w>
  <w id="36" lemma="|the|" pos="DT" wid="36">the</w>
  <w id="37" lemma="|human|" pos="JJ" wid="37">human</w>
  <w id="38" lemma="|condition|" pos="NN" wid="38">condition</w>
  <w id="39" lemma="|but|" pos="CC" wid="39">but</w>
  <w id="40" lemma="|flow|" pos="VBZ" wid="40">flows</w>
  <w id="41" lemma="|from|" pos="IN" wid="41">from</w>
  <w id="42" lemma="|the|" pos="DT" wid="42">the</w>
  <w id="43" lemma="|awareness|" pos="NN" wid="43">awareness</w>
  <w id="44" lemma="|that|" pos="IN" wid="44">that</w>
  <w id="45" lemma="|``|" pos="``" wid="45">``</w>
  <w id="46" lemma="|the|" pos="DT" wid="46">the</w>
  <w id="47" lemma="|Lord|" pos="NNP" wid="47">Lord</w>
  <w id="48" lemma="|be|" pos="VBZ" wid="48">is</w>
  <w id="49" lemma="|at|" pos="IN" wid="49">at</w>
  <w id="50" lemma="|hand|" pos="NN" wid="50">hand</w>
  <w id="51" lemma="|''|" pos="''" wid="51">''</w>
  <w id="52" lemma="|-lrb-|" pos="-LRB-" wid="52">-LRB-</w>
  <w id="53" lemma="|cf|" pos="NN" wid="53">cf</w>
  <w id="54" lemma="|.|" pos="." wid="54">.</w>
</sentence>
<sentence id="8">
  <w id="0" lemma="|Phil|" pos="NNP" wid="0">Phil</w>
  <w id="1" lemma="|4|" pos="CD" wid="1">4</w>
  <w id="2" lemma="|:|" pos=":" wid="2">:</w>
  <w id="3" lemma="|5|" pos="CD" wid="3">5</w>
  <w id="4" lemma="|-rrb-|" pos="-RRB-" wid="4">-RRB-</w>
  <w id="5" lemma="|;|" pos=":" wid="5">;</w>
  <w id="6" lemma="|indeed|" pos="RB" wid="6">indeed</w>
  <w id="7" lemma="|,|" pos="," wid="7">,</w>
  <w id="8" lemma="|he|" pos="PRP" wid="8">he</w>
  <w id="9" lemma="|be|" pos="VBZ" wid="9">is</w>
  <w id="10" lemma="|``|" pos="``" wid="10">``</w>
  <w id="11" lemma="|god-with-us|" pos="JJ" wid="11">God-with-us</w>
  <w id="12" lemma="|''|" pos="''" wid="12">''</w>
  <w id="13" lemma="|-lrb-|" pos="-LRB-" wid="13">-LRB-</w>
  <w id="14" lemma="|mt|" pos="NN" wid="14">Mt</w>
  <w id="15" lemma="|1|" pos="CD" wid="15">1</w>
  <w id="16" lemma="|:|" pos=":" wid="16">:</w>
  <w id="17" lemma="|23|" pos="CD" wid="17">23</w>
  <w id="18" lemma="|;|" pos=":" wid="18">;</w>
  <w id="19" lemma="|cf|" pos="NN" wid="19">cf</w>
  <w id="20" lemma="|.|" pos="." wid="20">.</w>
</sentence>
<sentence id="9">
  <w id="0" lemma="|be|" pos="VBZ" wid="0">Is</w>
  <w id="1" lemma="|7|" pos="CD" wid="1">7</w>
  <w id="2" lemma="|:|" pos=":" wid="2">:</w>
  <w id="3" lemma="|14|" pos="CD" wid="3">14</w>
  <w id="4" lemma="|-rrb-|" pos="-RRB-" wid="4">-RRB-</w>
  <w id="5" lemma="|.|" pos="." wid="5">.</w>
</sentence>
<sentence id="10">
  <w id="0" lemma="|``|" pos="``" wid="0">``</w>
  <w id="1" lemma="|Rejoice|" pos="NNP" wid="1">Rejoice</w>
  <w id="2" lemma="|''|" pos="''" wid="2">''</w>
  <w id="3" lemma="|!|" pos="." wid="3">!</w>
</sentence>
<sentence id="11">
  <w id="0" lemma="|the|" pos="DT" wid="0">The</w>
  <w id="1" lemma="|Angel|" pos="NNP" wid="1">Angel</w>
  <w id="2" lemma="|'s|" pos="POS" wid="2">'s</w>
  <w id="3" lemma="|joyful|" pos="JJ" wid="3">joyful</w>
  <w id="4" lemma="|greet|" pos="VBG" wid="4">greeting</w>
  <w id="5" lemma="|cast|" pos="VBZ" wid="5">casts</w>
  <w id="6" lemma="|a|" pos="DT" wid="6">a</w>
  <w id="7" lemma="|beam|" pos="NN" wid="7">beam</w>
  <w id="8" lemma="|of|" pos="IN" wid="8">of</w>
  <w id="9" lemma="|light|" pos="NN" wid="9">light</w>
  <w id="10" lemma="|on|" pos="IN" wid="10">on</w>
  <w id="11" lemma="|all|" pos="DT" wid="11">all</w>
  <w id="12" lemma="|five|" pos="CD" wid="12">five</w>
  <w id="13" lemma="|of|" pos="IN" wid="13">of</w>
  <w id="14" lemma="|the|" pos="DT" wid="14">the</w>
  <w id="15" lemma="|joyful|" pos="JJ" wid="15">joyful</w>
  <w id="16" lemma="|mystery|" pos="NNS" wid="16">mysteries</w>
  <w id="17" lemma="|.|" pos="." wid="17">.</w>
</sentence>
<sentence id="12">
  <w id="0" lemma="|through|" pos="IN" wid="0">Through</w>
  <w id="1" lemma="|they|" pos="PRP" wid="1">them</w>
  <w id="2" lemma="|``|" pos="``" wid="2">``</w>
  <w id="3" lemma="|Mary|" pos="NNP" wid="3">Mary</w>
  <w id="4" lemma="|lead|" pos="VBZ" wid="4">leads</w>
  <w id="5" lemma="|we|" pos="PRP" wid="5">us</w>
  <w id="6" lemma="|to|" pos="TO" wid="6">to</w>
  <w id="7" lemma="|discover|" pos="VB" wid="7">discover</w>
  <w id="8" lemma="|the|" pos="DT" wid="8">the</w>
  <w id="9" lemma="|secret|" pos="NN" wid="9">secret</w>
  <w id="10" lemma="|of|" pos="IN" wid="10">of</w>
  <w id="11" lemma="|christian|" pos="JJ" wid="11">Christian</w>
  <w id="12" lemma="|joy|" pos="NN" wid="12">joy</w>
  <w id="13" lemma="|,|" pos="," wid="13">,</w>
  <w id="14" lemma="|remind|" pos="VBG" wid="14">reminding</w>
  <w id="15" lemma="|we|" pos="PRP" wid="15">us</w>
  <w id="16" lemma="|that|" pos="IN" wid="16">that</w>
  <w id="17" lemma="|Christianity|" pos="NNP" wid="17">Christianity</w>
  <w id="18" lemma="|be|" pos="VBZ" wid="18">is</w>
  <w id="19" lemma="|,|" pos="," wid="19">,</w>
  <w id="20" lemma="|first|" pos="JJ" wid="20">first</w>
  <w id="21" lemma="|and|" pos="CC" wid="21">and</w>
  <w id="22" lemma="|foremost|" pos="JJ" wid="22">foremost</w>
  <w id="23" lemma="|,|" pos="," wid="23">,</w>
  <w id="24" lemma="|euangelion|" pos="NN" wid="24">euangelion</w>
  <w id="25" lemma="|,|" pos="," wid="25">,</w>
  <w id="26" lemma="|''|" pos="''" wid="26">''</w>
  <w id="27" lemma="|good|" pos="JJ" wid="27">good</w>
  <w id="28" lemma="|news|" pos="NN" wid="28">news</w>
  <w id="29" lemma="|''|" pos="''" wid="29">''</w>
  <w id="30" lemma="|,|" pos="," wid="30">,</w>
  <w id="31" lemma="|whose|" pos="WP$" wid="31">whose</w>
  <w id="32" lemma="|heart|" pos="NN" wid="32">heart</w>
  <w id="33" lemma="|and|" pos="CC" wid="33">and</w>
  <w id="34" lemma="|entire|" pos="JJ" wid="34">entire</w>
  <w id="35" lemma="|content|" pos="NN" wid="35">content</w>
  <w id="36" lemma="|be|" pos="VBZ" wid="36">is</w>
  <w id="37" lemma="|the|" pos="DT" wid="37">the</w>
  <w id="38" lemma="|person|" pos="NN" wid="38">person</w>
  <w id="39" lemma="|of|" pos="IN" wid="39">of</w>
  <w id="40" lemma="|Jesus|" pos="NNP" wid="40">Jesus</w>
  <w id="41" lemma="|Christ|" pos="NNP" wid="41">Christ</w>
  <w id="42" lemma="|''|" pos="''" wid="42">''</w>
  <w id="43" lemma="|-lrb-|" pos="-LRB-" wid="43">-LRB-</w>
  <w id="44" lemma="|Rosarium|" pos="NNP" wid="44">Rosarium</w>
  <w id="45" lemma="|Virginis|" pos="NNP" wid="45">Virginis</w>
  <w id="46" lemma="|Mariae|" pos="NNP" wid="46">Mariae</w>
  <w id="47" lemma="|,|" pos="," wid="47">,</w>
  <w id="48" lemma="|n.|" pos="NNP" wid="48">n.</w>
  <w id="49" lemma="|20|" pos="CD" wid="49">20</w>
  <w id="50" lemma="|-rrb-|" pos="-RRB-" wid="50">-RRB-</w>
  <w id="51" lemma="|.|" pos="." wid="51">.</w>
</sentence>
<sentence id="13">
  <w id="0" lemma="|3|" pos="LS" wid="0">3</w>
  <w id="1" lemma="|.|" pos="." wid="1">.</w>
</sentence>
<sentence id="14">
  <w id="0" lemma="|May|" pos="NNP" wid="0">May</w>
  <w id="1" lemma="|the|" pos="DT" wid="1">the</w>
  <w id="2" lemma="|Virgin|" pos="NNP" wid="2">Virgin</w>
  <w id="3" lemma="|Mary|" pos="NNP" wid="3">Mary</w>
  <w id="4" lemma="|help|" pos="VB" wid="4">help</w>
  <w id="5" lemma="|the|" pos="DT" wid="5">the</w>
  <w id="6" lemma="|Christian|" pos="NNP" wid="6">Christian</w>
  <w id="7" lemma="|people|" pos="NNS" wid="7">people</w>
  <w id="8" lemma="|to|" pos="TO" wid="8">to</w>
  <w id="9" lemma="|rediscover|" pos="VB" wid="9">rediscover</w>
  <w id="10" lemma="|the|" pos="DT" wid="10">the</w>
  <w id="11" lemma="|Holy|" pos="NNP" wid="11">Holy</w>
  <w id="12" lemma="|Rosary|" pos="NNP" wid="12">Rosary</w>
  <w id="13" lemma="|as|" pos="IN" wid="13">as</w>
  <w id="14" lemma="|a|" pos="DT" wid="14">a</w>
  <w id="15" lemma="|simple|" pos="NN" wid="15">simple</w>
  <w id="16" lemma="|yet|" pos="RB" wid="16">yet</w>
  <w id="17" lemma="|very|" pos="RB" wid="17">very</w>
  <w id="18" lemma="|profound|" pos="JJ" wid="18">profound</w>
  <w id="19" lemma="|prayer|" pos="NN" wid="19">prayer</w>
  <w id="20" lemma="|.|" pos="." wid="20">.</w>
</sentence>
<sentence id="15">
  <w id="0" lemma="|properly|" pos="RB" wid="0">Properly</w>
  <w id="1" lemma="|recite|" pos="VBN" wid="1">recited</w>
  <w id="2" lemma="|,|" pos="," wid="2">,</w>
  <w id="3" lemma="|it|" pos="PRP" wid="3">it</w>
  <w id="4" lemma="|be|" pos="VBZ" wid="4">is</w>
  <w id="5" lemma="|a|" pos="DT" wid="5">an</w>
  <w id="6" lemma="|introduction|" pos="NN" wid="6">introduction</w>
  <w id="7" lemma="|into|" pos="IN" wid="7">into</w>
  <w id="8" lemma="|the|" pos="DT" wid="8">the</w>
  <w id="9" lemma="|live|" pos="VBG" wid="9">living</w>
  <w id="10" lemma="|experience|" pos="NN" wid="10">experience</w>
  <w id="11" lemma="|of|" pos="IN" wid="11">of</w>
  <w id="12" lemma="|the|" pos="DT" wid="12">the</w>
  <w id="13" lemma="|divine|" pos="JJ" wid="13">divine</w>
  <w id="14" lemma="|mystery|" pos="NN" wid="14">mystery</w>
  <w id="15" lemma="|and|" pos="CC" wid="15">and</w>
  <w id="16" lemma="|procure|" pos="VBZ" wid="16">procures</w>
  <w id="17" lemma="|for|" pos="IN" wid="17">for</w>
  <w id="18" lemma="|heart|" pos="NNS" wid="18">hearts</w>
  <w id="19" lemma="|,|" pos="," wid="19">,</w>
  <w id="20" lemma="|family|" pos="NNS" wid="20">families</w>
  <w id="21" lemma="|and|" pos="CC" wid="21">and</w>
  <w id="22" lemma="|the|" pos="DT" wid="22">the</w>
  <w id="23" lemma="|whole|" pos="JJ" wid="23">whole</w>
  <w id="24" lemma="|community|" pos="NN" wid="24">community</w>
  <w id="25" lemma="|that|" pos="IN" wid="25">that</w>
  <w id="26" lemma="|peace|" pos="NN" wid="26">peace</w>
  <w id="27" lemma="|which|" pos="WDT" wid="27">which</w>
  <w id="28" lemma="|we|" pos="PRP" wid="28">we</w>
  <w id="29" lemma="|so|" pos="RB" wid="29">so</w>
  <w id="30" lemma="|greatly|" pos="RB" wid="30">greatly</w>
  <w id="31" lemma="|need|" pos="VBP" wid="31">need</w>
  <w id="32" lemma="|.|" pos="." wid="32">.</w>
</sentence>
<sentence id="16">
  <w id="0" lemma="|after|" pos="IN" wid="0">After</w>
  <w id="1" lemma="|pray|" pos="VBG" wid="1">praying</w>
  <w id="2" lemma="|the|" pos="DT" wid="2">the</w>
  <w id="3" lemma="|Angelus|" pos="NNP" wid="3">Angelus</w>
  <w id="4" lemma="|,|" pos="," wid="4">,</w>
  <w id="5" lemma="|the|" pos="DT" wid="5">the</w>
  <w id="6" lemma="|Holy|" pos="NNP" wid="6">Holy</w>
  <w id="7" lemma="|Father|" pos="NNP" wid="7">Father</w>
  <w id="8" lemma="|greet|" pos="VBD" wid="8">greeted</w>
  <w id="9" lemma="|the|" pos="DT" wid="9">the</w>
  <w id="10" lemma="|pilgrim|" pos="NNS" wid="10">pilgrims</w>
  <w id="11" lemma="|in|" pos="IN" wid="11">in</w>
  <w id="12" lemma="|various|" pos="JJ" wid="12">various</w>
  <w id="13" lemma="|language|" pos="NNS" wid="13">languages</w>
  <w id="14" lemma="|.|" pos="." wid="14">.</w>
</sentence>
<sentence id="17">
  <w id="0" lemma="|to|" pos="TO" wid="0">To</w>
  <w id="1" lemma="|the|" pos="DT" wid="1">the</w>
  <w id="2" lemma="|english-speaking|" pos="JJ" wid="2">English-speaking</w>
  <w id="3" lemma="|pilgrim|" pos="NNS" wid="3">pilgrims</w>
  <w id="4" lemma="|he|" pos="PRP" wid="4">he</w>
  <w id="5" lemma="|say|" pos="VBD" wid="5">said</w>
  <w id="6" lemma="|:|" pos=":" wid="6">:</w>
  <w id="7" lemma="|I|" pos="PRP" wid="7">I</w>
  <w id="8" lemma="|warmly|" pos="RB" wid="8">warmly</w>
  <w id="9" lemma="|greet|" pos="VBP" wid="9">greet</w>
  <w id="10" lemma="|the|" pos="DT" wid="10">the</w>
  <w id="11" lemma="|english-speaking|" pos="JJ" wid="11">English-speaking</w>
  <w id="12" lemma="|visitor|" pos="NNS" wid="12">visitors</w>
  <w id="13" lemma="|present|" pos="JJ" wid="13">present</w>
  <w id="14" lemma="|at|" pos="IN" wid="14">at</w>
  <w id="15" lemma="|this|" pos="DT" wid="15">this</w>
  <w id="16" lemma="|``|" pos="``" wid="16">``</w>
  <w id="17" lemma="|Angelus|" pos="NNP" wid="17">Angelus</w>
  <w id="18" lemma="|''|" pos="''" wid="18">''</w>
  <w id="19" lemma="|prayer|" pos="NN" wid="19">prayer</w>
  <w id="20" lemma="|.|" pos="." wid="20">.</w>
</sentence>
<sentence id="18">
  <w id="0" lemma="|May|" pos="NNP" wid="0">May</w>
  <w id="1" lemma="|Almighty|" pos="NNP" wid="1">Almighty</w>
  <w id="2" lemma="|God|" pos="NNP" wid="2">God</w>
  <w id="3" lemma="|continue|" pos="VBP" wid="3">continue</w>
  <w id="4" lemma="|to|" pos="TO" wid="4">to</w>
  <w id="5" lemma="|bless|" pos="VB" wid="5">bless</w>
  <w id="6" lemma="|all|" pos="DT" wid="6">all</w>
  <w id="7" lemma="|of|" pos="IN" wid="7">of</w>
  <w id="8" lemma="|you|" pos="PRP" wid="8">you</w>
  <w id="9" lemma="|with|" pos="IN" wid="9">with</w>
  <w id="10" lemma="|peace|" pos="NN" wid="10">peace</w>
  <w id="11" lemma="|and|" pos="CC" wid="11">and</w>
  <w id="12" lemma="|joy|" pos="NN" wid="12">joy</w>
  <w id="13" lemma="|.|" pos="." wid="13">.</w>
</sentence>
<sentence id="19">
  <w id="0" lemma="|©|" pos="NNP" wid="0">©</w>
  <w id="1" lemma="|Copyright|" pos="NNP" wid="1">Copyright</w>
  <w id="2" lemma="|2003|" pos="CD" wid="2">2003</w>
  <w id="3" lemma="|-|" pos=":" wid="3">-</w>
  <w id="4" lemma="|Libreria|" pos="NNP" wid="4">Libreria</w>
  <w id="5" lemma="|Editrice|" pos="NNP" wid="5">Editrice</w>
  <w id="6" lemma="|Vaticana|" pos="NNP" wid="6">Vaticana</w>
</sentence>
</corpus>