<corpus id="0">
<sentence id="0">
  <w id="0" lemma="|Dear|" pos="NNP" wid="0">Dear</w>
  <w id="1" lemma="|Brothers|" pos="NNPS" wid="1">Brothers</w>
  <w id="2" lemma="|and|" pos="CC" wid="2">and</w>
  <w id="3" lemma="|sister|" pos="NNS" wid="3">Sisters</w>
  <w id="4" lemma="|,|" pos="," wid="4">,</w>
  <w id="5" lemma="|1|" pos="CD" wid="5">1</w>
  <w id="6" lemma="|.|" pos="." wid="6">.</w>
</sentence>
<sentence id="1">
  <w id="0" lemma="|this|" pos="DT" wid="0">This</w>
  <w id="1" lemma="|morning|" pos="NN" wid="1">morning</w>
  <w id="2" lemma="|I|" pos="PRP" wid="2">I</w>
  <w id="3" lemma="|have|" pos="VBD" wid="3">had</w>
  <w id="4" lemma="|the|" pos="DT" wid="4">the</w>
  <w id="5" lemma="|joy|" pos="NN" wid="5">joy</w>
  <w id="6" lemma="|of|" pos="IN" wid="6">of</w>
  <w id="7" lemma="|ordain|" pos="VBG" wid="7">ordaining</w>
  <w id="8" lemma="|priest|" pos="NNS" wid="8">priests</w>
  <w id="9" lemma="|31|" pos="CD" wid="9">31</w>
  <w id="10" lemma="|deacon|" pos="NNS" wid="10">deacons</w>
  <w id="11" lemma="|of|" pos="IN" wid="11">of</w>
  <w id="12" lemma="|the|" pos="DT" wid="12">the</w>
  <w id="13" lemma="|Diocese|" pos="NNP" wid="13">Diocese</w>
  <w id="14" lemma="|of|" pos="IN" wid="14">of</w>
  <w id="15" lemma="|Rome|" pos="NNP" wid="15">Rome</w>
  <w id="16" lemma="|.|" pos="." wid="16">.</w>
</sentence>
<sentence id="2">
  <w id="0" lemma="|it|" pos="PRP" wid="0">It</w>
  <w id="1" lemma="|be|" pos="VBZ" wid="1">is</w>
  <w id="2" lemma="|all|" pos="PDT" wid="2">all</w>
  <w id="3" lemma="|the|" pos="DT" wid="3">the</w>
  <w id="4" lemma="|more|" pos="RBR" wid="4">more</w>
  <w id="5" lemma="|significant|" pos="JJ" wid="5">significant</w>
  <w id="6" lemma="|that|" pos="IN" wid="6">that</w>
  <w id="7" lemma="|this|" pos="DT" wid="7">this</w>
  <w id="8" lemma="|inspiring|" pos="JJ" wid="8">inspiring</w>
  <w id="9" lemma="|rite|" pos="NN" wid="9">rite</w>
  <w id="10" lemma="|should|" pos="MD" wid="10">should</w>
  <w id="11" lemma="|take|" pos="VB" wid="11">take</w>
  <w id="12" lemma="|place|" pos="NN" wid="12">place</w>
  <w id="13" lemma="|on|" pos="IN" wid="13">on</w>
  <w id="14" lemma="|the|" pos="DT" wid="14">the</w>
  <w id="15" lemma="|World|" pos="NNP" wid="15">World</w>
  <w id="16" lemma="|Day|" pos="NNP" wid="16">Day</w>
  <w id="17" lemma="|of|" pos="IN" wid="17">of</w>
  <w id="18" lemma="|prayer|" pos="NN" wid="18">Prayer</w>
  <w id="19" lemma="|for|" pos="IN" wid="19">for</w>
  <w id="20" lemma="|vocation|" pos="NNS" wid="20">Vocations</w>
  <w id="21" lemma="|.|" pos="." wid="21">.</w>
</sentence>
<sentence id="3">
  <w id="0" lemma="|let|" pos="VB" wid="0">Let</w>
  <w id="1" lemma="|we|" pos="PRP" wid="1">us</w>
  <w id="2" lemma="|together|" pos="RB" wid="2">together</w>
  <w id="3" lemma="|thank|" pos="VB" wid="3">thank</w>
  <w id="4" lemma="|the|" pos="DT" wid="4">the</w>
  <w id="5" lemma="|Lord|" pos="NNP" wid="5">Lord</w>
  <w id="6" lemma="|for|" pos="IN" wid="6">for</w>
  <w id="7" lemma="|the|" pos="DT" wid="7">the</w>
  <w id="8" lemma="|gift|" pos="NN" wid="8">gift</w>
  <w id="9" lemma="|of|" pos="IN" wid="9">of</w>
  <w id="10" lemma="|the|" pos="DT" wid="10">the</w>
  <w id="11" lemma="|priesthood|" pos="NN" wid="11">priesthood</w>
  <w id="12" lemma="|,|" pos="," wid="12">,</w>
  <w id="13" lemma="|which|" pos="WDT" wid="13">which</w>
  <w id="14" lemma="|be|" pos="VBZ" wid="14">is</w>
  <w id="15" lemma="|renew|" pos="VBN" wid="15">renewed</w>
  <w id="16" lemma="|in|" pos="IN" wid="16">in</w>
  <w id="17" lemma="|these|" pos="DT" wid="17">these</w>
  <w id="18" lemma="|newly|" pos="RB" wid="18">newly</w>
  <w id="19" lemma="|ordain|" pos="VBN" wid="19">ordained</w>
  <w id="20" lemma="|.|" pos="." wid="20">.</w>
</sentence>
<sentence id="4">
  <w id="0" lemma="|let|" pos="VB" wid="0">Let</w>
  <w id="1" lemma="|we|" pos="PRP" wid="1">us</w>
  <w id="2" lemma="|thank|" pos="VB" wid="2">thank</w>
  <w id="3" lemma="|they|" pos="PRP$" wid="3">their</w>
  <w id="4" lemma="|family|" pos="NNS" wid="4">families</w>
  <w id="5" lemma="|,|" pos="," wid="5">,</w>
  <w id="6" lemma="|they|" pos="PRP$" wid="6">their</w>
  <w id="7" lemma="|teacher|" pos="NNS" wid="7">teachers</w>
  <w id="8" lemma="|and|" pos="CC" wid="8">and</w>
  <w id="9" lemma="|those|" pos="DT" wid="9">those</w>
  <w id="10" lemma="|responsible|" pos="JJ" wid="10">responsible</w>
  <w id="11" lemma="|for|" pos="IN" wid="11">for</w>
  <w id="12" lemma="|they|" pos="PRP$" wid="12">their</w>
  <w id="13" lemma="|formation|" pos="NN" wid="13">formation</w>
  <w id="14" lemma="|who|" pos="WP" wid="14">who</w>
  <w id="15" lemma="|have|" pos="VBP" wid="15">have</w>
  <w id="16" lemma="|guide|" pos="VBN" wid="16">guided</w>
  <w id="17" lemma="|they|" pos="PRP" wid="17">them</w>
  <w id="18" lemma="|over|" pos="IN" wid="18">over</w>
  <w id="19" lemma="|the|" pos="DT" wid="19">the</w>
  <w id="20" lemma="|year|" pos="NNS" wid="20">years</w>
  <w id="21" lemma="|and|" pos="CC" wid="21">and</w>
  <w id="22" lemma="|have|" pos="VBP" wid="22">have</w>
  <w id="23" lemma="|accompany|" pos="VBN" wid="23">accompanied</w>
  <w id="24" lemma="|they|" pos="PRP" wid="24">them</w>
  <w id="25" lemma="|to|" pos="TO" wid="25">to</w>
  <w id="26" lemma="|the|" pos="DT" wid="26">the</w>
  <w id="27" lemma="|altar|" pos="NN" wid="27">altar</w>
  <w id="28" lemma="|today|" pos="NN" wid="28">today</w>
  <w id="29" lemma="|.|" pos="." wid="29">.</w>
</sentence>
<sentence id="5">
  <w id="0" lemma="|let|" pos="VB" wid="0">Let</w>
  <w id="1" lemma="|we|" pos="PRP" wid="1">us</w>
  <w id="2" lemma="|thank|" pos="VB" wid="2">thank</w>
  <w id="3" lemma="|these|" pos="DT" wid="3">these</w>
  <w id="4" lemma="|new|" pos="JJ" wid="4">new</w>
  <w id="5" lemma="|priest|" pos="NNS" wid="5">priests</w>
  <w id="6" lemma="|,|" pos="," wid="6">,</w>
  <w id="7" lemma="|who|" pos="WP" wid="7">who</w>
  <w id="8" lemma="|with|" pos="IN" wid="8">with</w>
  <w id="9" lemma="|great|" pos="JJ" wid="9">great</w>
  <w id="10" lemma="|generosity|" pos="NN" wid="10">generosity</w>
  <w id="11" lemma="|have|" pos="VBP" wid="11">have</w>
  <w id="12" lemma="|give|" pos="VBN" wid="12">given</w>
  <w id="13" lemma="|they|" pos="PRP$" wid="13">their</w>
  <w id="14" lemma="|life|" pos="NNS" wid="14">lives</w>
  <w id="15" lemma="|to|" pos="TO" wid="15">to</w>
  <w id="16" lemma="|Christ|" pos="NNP" wid="16">Christ</w>
  <w id="17" lemma="|and|" pos="CC" wid="17">and</w>
  <w id="18" lemma="|have|" pos="VBP" wid="18">have</w>
  <w id="19" lemma="|become|" pos="VBN" wid="19">become</w>
  <w id="20" lemma="|tangible|" pos="JJ" wid="20">tangible</w>
  <w id="21" lemma="|sign|" pos="NNS" wid="21">signs</w>
  <w id="22" lemma="|of|" pos="IN" wid="22">of</w>
  <w id="23" lemma="|hope|" pos="NN" wid="23">hope</w>
  <w id="24" lemma="|for|" pos="IN" wid="24">for</w>
  <w id="25" lemma="|the|" pos="DT" wid="25">the</w>
  <w id="26" lemma="|Church|" pos="NNP" wid="26">Church</w>
  <w id="27" lemma="|and|" pos="CC" wid="27">and</w>
  <w id="28" lemma="|for|" pos="IN" wid="28">for</w>
  <w id="29" lemma="|the|" pos="DT" wid="29">the</w>
  <w id="30" lemma="|world|" pos="NN" wid="30">world</w>
  <w id="31" lemma="|.|" pos="." wid="31">.</w>
</sentence>
<sentence id="6">
  <w id="0" lemma="|the|" pos="DT" wid="0">The</w>
  <w id="1" lemma="|priest|" pos="NN" wid="1">priest</w>
  <w id="2" lemma="|be|" pos="VBZ" wid="2">is</w>
  <w id="3" lemma="|a|" pos="DT" wid="3">a</w>
  <w id="4" lemma="|``|" pos="``" wid="4">``</w>
  <w id="5" lemma="|man|" pos="NN" wid="5">man</w>
  <w id="6" lemma="|of|" pos="IN" wid="6">of</w>
  <w id="7" lemma="|hope|" pos="NN" wid="7">hope</w>
  <w id="8" lemma="|''|" pos="''" wid="8">''</w>
  <w id="9" lemma="|,|" pos="," wid="9">,</w>
  <w id="10" lemma="|not|" pos="RB" wid="10">not</w>
  <w id="11" lemma="|because|" pos="IN" wid="11">because</w>
  <w id="12" lemma="|he|" pos="PRP" wid="12">he</w>
  <w id="13" lemma="|rely|" pos="VBZ" wid="13">relies</w>
  <w id="14" lemma="|on|" pos="IN" wid="14">on</w>
  <w id="15" lemma="|he|" pos="PRP$" wid="15">his</w>
  <w id="16" lemma="|human|" pos="JJ" wid="16">human</w>
  <w id="17" lemma="|strength|" pos="NN" wid="17">strength</w>
  <w id="18" lemma="|and|" pos="CC" wid="18">and</w>
  <w id="19" lemma="|resource|" pos="NNS" wid="19">resources</w>
  <w id="20" lemma="|--|" pos=":" wid="20">--</w>
  <w id="21" lemma="|indeed|" pos="RB" wid="21">indeed</w>
  <w id="22" lemma="|he|" pos="PRP" wid="22">he</w>
  <w id="23" lemma="|continue|" pos="VBZ" wid="23">continues</w>
  <w id="24" lemma="|to|" pos="TO" wid="24">to</w>
  <w id="25" lemma="|be|" pos="VB" wid="25">be</w>
  <w id="26" lemma="|burden|" pos="VBN" wid="26">burdened</w>
  <w id="27" lemma="|by|" pos="IN" wid="27">by</w>
  <w id="28" lemma="|human|" pos="JJ" wid="28">human</w>
  <w id="29" lemma="|frailty|" pos="NN" wid="29">frailty</w>
  <w id="30" lemma="|--|" pos=":" wid="30">--</w>
  <w id="31" lemma="|but|" pos="CC" wid="31">but</w>
  <w id="32" lemma="|because|" pos="IN" wid="32">because</w>
  <w id="33" lemma="|sacramental|" pos="JJ" wid="33">sacramental</w>
  <w id="34" lemma="|grace|" pos="NN" wid="34">grace</w>
  <w id="35" lemma="|sustain|" pos="VBZ" wid="35">sustains</w>
  <w id="36" lemma="|he|" pos="PRP" wid="36">him</w>
  <w id="37" lemma="|and|" pos="CC" wid="37">and</w>
  <w id="38" lemma="|make|" pos="VBZ" wid="38">makes</w>
  <w id="39" lemma="|he|" pos="PRP" wid="39">him</w>
  <w id="40" lemma="|a|" pos="DT" wid="40">a</w>
  <w id="41" lemma="|live|" pos="VBG" wid="41">living</w>
  <w id="42" lemma="|icon|" pos="NN" wid="42">icon</w>
  <w id="43" lemma="|of|" pos="IN" wid="43">of</w>
  <w id="44" lemma="|Christ|" pos="NNP" wid="44">Christ</w>
  <w id="45" lemma="|the|" pos="DT" wid="45">the</w>
  <w id="46" lemma="|Good|" pos="NNP" wid="46">Good</w>
  <w id="47" lemma="|Shepherd|" pos="NNP" wid="47">Shepherd</w>
  <w id="48" lemma="|,|" pos="," wid="48">,</w>
  <w id="49" lemma="|who|" pos="WP" wid="49">who</w>
  <w id="50" lemma="|``|" pos="``" wid="50">``</w>
  <w id="51" lemma="|lay|" pos="VBZ" wid="51">lays</w>
  <w id="52" lemma="|down|" pos="RP" wid="52">down</w>
  <w id="53" lemma="|he|" pos="PRP$" wid="53">his</w>
  <w id="54" lemma="|life|" pos="NN" wid="54">life</w>
  <w id="55" lemma="|for|" pos="IN" wid="55">for</w>
  <w id="56" lemma="|he|" pos="PRP$" wid="56">his</w>
  <w id="57" lemma="|sheep|" pos="NN" wid="57">sheep</w>
  <w id="58" lemma="|''|" pos="''" wid="58">''</w>
  <w id="59" lemma="|-lrb-|" pos="-LRB-" wid="59">-LRB-</w>
  <w id="60" lemma="|jn|" pos="NN" wid="60">Jn</w>
  <w id="61" lemma="|10:11|" pos="CD" wid="61">10:11</w>
  <w id="62" lemma="|-rrb-|" pos="-RRB-" wid="62">-RRB-</w>
  <w id="63" lemma="|.|" pos="." wid="63">.</w>
</sentence>
<sentence id="7">
  <w id="0" lemma="|this|" pos="DT" wid="0">This</w>
  <w id="1" lemma="|be|" pos="VBZ" wid="1">is</w>
  <w id="2" lemma="|what|" pos="WP" wid="2">what</w>
  <w id="3" lemma="|Jesus|" pos="NNP" wid="3">Jesus</w>
  <w id="4" lemma="|expect|" pos="VBZ" wid="4">expects</w>
  <w id="5" lemma="|from|" pos="IN" wid="5">from</w>
  <w id="6" lemma="|he|" pos="PRP$" wid="6">his</w>
  <w id="7" lemma="|minister|" pos="NNS" wid="7">ministers</w>
  <w id="8" lemma="|.|" pos="." wid="8">.</w>
</sentence>
<sentence id="8">
  <w id="0" lemma="|they|" pos="PRP$" wid="0">Their</w>
  <w id="1" lemma="|life|" pos="NN" wid="1">life</w>
  <w id="2" lemma="|have|" pos="VBZ" wid="2">has</w>
  <w id="3" lemma="|meaning|" pos="NN" wid="3">meaning</w>
  <w id="4" lemma="|,|" pos="," wid="4">,</w>
  <w id="5" lemma="|if|" pos="IN" wid="5">if</w>
  <w id="6" lemma="|it|" pos="PRP" wid="6">it</w>
  <w id="7" lemma="|be|" pos="VBZ" wid="7">is</w>
  <w id="8" lemma="|a|" pos="DT" wid="8">a</w>
  <w id="9" lemma="|life|" pos="NN" wid="9">life</w>
  <w id="10" lemma="|that|" pos="WDT" wid="10">that</w>
  <w id="11" lemma="|be|" pos="VBZ" wid="11">is</w>
  <w id="12" lemma="|``|" pos="``" wid="12">``</w>
  <w id="13" lemma="|lay|" pos="VBN" wid="13">laid</w>
  <w id="14" lemma="|down|" pos="RP" wid="14">down</w>
  <w id="15" lemma="|''|" pos="''" wid="15">''</w>
  <w id="16" lemma="|,|" pos="," wid="16">,</w>
  <w id="17" lemma="|illumine|" pos="VBN" wid="17">illumined</w>
  <w id="18" lemma="|by|" pos="IN" wid="18">by</w>
  <w id="19" lemma="|the|" pos="DT" wid="19">the</w>
  <w id="20" lemma="|rise|" pos="VBN" wid="20">risen</w>
  <w id="21" lemma="|Christ|" pos="NNP" wid="21">Christ</w>
  <w id="22" lemma="|.|" pos="." wid="22">.</w>
</sentence>
<sentence id="9">
  <w id="0" lemma="|2|" pos="CD" wid="0">2</w>
  <w id="1" lemma="|.|" pos="." wid="1">.</w>
</sentence>
<sentence id="10">
  <w id="0" lemma="|last|" pos="JJ" wid="0">Last</w>
  <w id="1" lemma="|Sunday|" pos="NNP" wid="1">Sunday</w>
  <w id="2" lemma="|I|" pos="PRP" wid="2">I</w>
  <w id="3" lemma="|be|" pos="VBD" wid="3">was</w>
  <w id="4" lemma="|in|" pos="IN" wid="4">in</w>
  <w id="5" lemma="|Sarajevo|" pos="NNP" wid="5">Sarajevo</w>
  <w id="6" lemma="|,|" pos="," wid="6">,</w>
  <w id="7" lemma="|a|" pos="DT" wid="7">a</w>
  <w id="8" lemma="|city|" pos="NN" wid="8">city</w>
  <w id="9" lemma="|that|" pos="WDT" wid="9">that</w>
  <w id="10" lemma="|symbolize|" pos="VBZ" wid="10">symbolizes</w>
  <w id="11" lemma="|we|" pos="PRP$" wid="11">our</w>
  <w id="12" lemma="|century|" pos="NN" wid="12">century</w>
  <w id="13" lemma="|,|" pos="," wid="13">,</w>
  <w id="14" lemma="|a|" pos="DT" wid="14">a</w>
  <w id="15" lemma="|land|" pos="NN" wid="15">land</w>
  <w id="16" lemma="|of|" pos="IN" wid="16">of</w>
  <w id="17" lemma="|suffering|" pos="NN" wid="17">suffering</w>
  <w id="18" lemma="|and|" pos="CC" wid="18">and</w>
  <w id="19" lemma="|hope|" pos="NN" wid="19">hope</w>
  <w id="20" lemma="|.|" pos="." wid="20">.</w>
</sentence>
<sentence id="11">
  <w id="0" lemma="|I|" pos="PRP" wid="0">I</w>
  <w id="1" lemma="|thank|" pos="VBP" wid="1">thank</w>
  <w id="2" lemma="|the|" pos="DT" wid="2">the</w>
  <w id="3" lemma="|Lord|" pos="NNP" wid="3">Lord</w>
  <w id="4" lemma="|for|" pos="IN" wid="4">for</w>
  <w id="5" lemma="|the|" pos="DT" wid="5">the</w>
  <w id="6" lemma="|peace|" pos="NN" wid="6">peace</w>
  <w id="7" lemma="|process|" pos="NN" wid="7">process</w>
  <w id="8" lemma="|that|" pos="WDT" wid="8">that</w>
  <w id="9" lemma="|have|" pos="VBZ" wid="9">has</w>
  <w id="10" lemma="|begin|" pos="VBN" wid="10">begun</w>
  <w id="11" lemma="|and|" pos="CC" wid="11">and</w>
  <w id="12" lemma="|I|" pos="PRP" wid="12">I</w>
  <w id="13" lemma="|hope|" pos="VBP" wid="13">hope</w>
  <w id="14" lemma="|it|" pos="PRP" wid="14">it</w>
  <w id="15" lemma="|will|" pos="MD" wid="15">will</w>
  <w id="16" lemma="|bring|" pos="VB" wid="16">bring</w>
  <w id="17" lemma="|lasting|" pos="JJ" wid="17">lasting</w>
  <w id="18" lemma="|fruit|" pos="NNS" wid="18">fruits</w>
  <w id="19" lemma="|of|" pos="IN" wid="19">of</w>
  <w id="20" lemma="|reconciliation|" pos="NN" wid="20">reconciliation</w>
  <w id="21" lemma="|and|" pos="CC" wid="21">and</w>
  <w id="22" lemma="|solidarity|" pos="NN" wid="22">solidarity</w>
  <w id="23" lemma="|.|" pos="." wid="23">.</w>
</sentence>
<sentence id="12">
  <w id="0" lemma="|during|" pos="IN" wid="0">During</w>
  <w id="1" lemma="|my|" pos="PRP$" wid="1">my</w>
  <w id="2" lemma="|visit|" pos="NN" wid="2">visit</w>
  <w id="3" lemma="|I|" pos="PRP" wid="3">I</w>
  <w id="4" lemma="|have|" pos="VBD" wid="4">had</w>
  <w id="5" lemma="|the|" pos="DT" wid="5">the</w>
  <w id="6" lemma="|opportunity|" pos="NN" wid="6">opportunity</w>
  <w id="7" lemma="|to|" pos="TO" wid="7">to</w>
  <w id="8" lemma="|appreciate|" pos="VB" wid="8">appreciate</w>
  <w id="9" lemma="|the|" pos="DT" wid="9">the</w>
  <w id="10" lemma="|activity|" pos="NN" wid="10">activity</w>
  <w id="11" lemma="|of|" pos="IN" wid="11">of</w>
  <w id="12" lemma="|the|" pos="DT" wid="12">the</w>
  <w id="13" lemma="|ecclesial|" pos="JJ" wid="13">ecclesial</w>
  <w id="14" lemma="|institution|" pos="NNS" wid="14">institutions</w>
  <w id="15" lemma="|,|" pos="," wid="15">,</w>
  <w id="16" lemma="|government|" pos="NNS" wid="16">governments</w>
  <w id="17" lemma="|,|" pos="," wid="17">,</w>
  <w id="18" lemma="|international|" pos="JJ" wid="18">international</w>
  <w id="19" lemma="|organization|" pos="NNS" wid="19">organizations</w>
  <w id="20" lemma="|and|" pos="CC" wid="20">and</w>
  <w id="21" lemma="|all|" pos="DT" wid="21">all</w>
  <w id="22" lemma="|who|" pos="WP" wid="22">who</w>
  <w id="23" lemma="|have|" pos="VBP" wid="23">have</w>
  <w id="24" lemma="|work|" pos="VBN" wid="24">worked</w>
  <w id="25" lemma="|to|" pos="TO" wid="25">to</w>
  <w id="26" lemma="|alleviate|" pos="VB" wid="26">alleviate</w>
  <w id="27" lemma="|that|" pos="IN" wid="27">that</w>
  <w id="28" lemma="|people|" pos="NNS" wid="28">people</w>
  <w id="29" lemma="|'s|" pos="POS" wid="29">'s</w>
  <w id="30" lemma="|suffering|" pos="NN" wid="30">suffering</w>
  <w id="31" lemma="|and|" pos="CC" wid="31">and</w>
  <w id="32" lemma="|hardship|" pos="NN" wid="32">hardship</w>
  <w id="33" lemma="|.|" pos="." wid="33">.</w>
</sentence>
<sentence id="13">
  <w id="0" lemma="|it|" pos="PRP" wid="0">It</w>
  <w id="1" lemma="|be|" pos="VBZ" wid="1">is</w>
  <w id="2" lemma="|now|" pos="RB" wid="2">now</w>
  <w id="3" lemma="|necessary|" pos="JJ" wid="3">necessary</w>
  <w id="4" lemma="|to|" pos="TO" wid="4">to</w>
  <w id="5" lemma="|proceed|" pos="VB" wid="5">proceed</w>
  <w id="6" lemma="|without|" pos="IN" wid="6">without</w>
  <w id="7" lemma="|delay|" pos="NN" wid="7">delay</w>
  <w id="8" lemma="|in|" pos="IN" wid="8">in</w>
  <w id="9" lemma="|come|" pos="VBG" wid="9">coming</w>
  <w id="10" lemma="|to|" pos="TO" wid="10">to</w>
  <w id="11" lemma="|the|" pos="DT" wid="11">the</w>
  <w id="12" lemma="|aid|" pos="NN" wid="12">aid</w>
  <w id="13" lemma="|of|" pos="IN" wid="13">of</w>
  <w id="14" lemma="|those|" pos="DT" wid="14">those</w>
  <w id="15" lemma="|who|" pos="WP" wid="15">who</w>
  <w id="16" lemma="|have|" pos="VBP" wid="16">have</w>
  <w id="17" lemma="|be|" pos="VBN" wid="17">been</w>
  <w id="18" lemma="|sorely|" pos="RB" wid="18">sorely</w>
  <w id="19" lemma="|stricken|" pos="VBN" wid="19">stricken</w>
  <w id="20" lemma="|during|" pos="IN" wid="20">during</w>
  <w id="21" lemma="|the|" pos="DT" wid="21">the</w>
  <w id="22" lemma="|tragic|" pos="JJ" wid="22">tragic</w>
  <w id="23" lemma="|conflict|" pos="NN" wid="23">conflict</w>
  <w id="24" lemma="|,|" pos="," wid="24">,</w>
  <w id="25" lemma="|and|" pos="CC" wid="25">and</w>
  <w id="26" lemma="|to|" pos="TO" wid="26">to</w>
  <w id="27" lemma="|help|" pos="VB" wid="27">help</w>
  <w id="28" lemma="|the|" pos="DT" wid="28">the</w>
  <w id="29" lemma="|victim|" pos="NNS" wid="29">victims</w>
  <w id="30" lemma="|who|" pos="WP" wid="30">who</w>
  <w id="31" lemma="|be|" pos="VBP" wid="31">are</w>
  <w id="32" lemma="|still|" pos="RB" wid="32">still</w>
  <w id="33" lemma="|suffer|" pos="VBG" wid="33">suffering</w>
  <w id="34" lemma="|the|" pos="DT" wid="34">the</w>
  <w id="35" lemma="|consequence|" pos="NNS" wid="35">consequences</w>
  <w id="36" lemma="|.|" pos="." wid="36">.</w>
</sentence>
<sentence id="14">
  <w id="0" lemma="|this|" pos="DT" wid="0">This</w>
  <w id="1" lemma="|be|" pos="VBZ" wid="1">is</w>
  <w id="2" lemma="|the|" pos="DT" wid="2">the</w>
  <w id="3" lemma="|time|" pos="NN" wid="3">time</w>
  <w id="4" lemma="|for|" pos="IN" wid="4">for</w>
  <w id="5" lemma="|moral|" pos="JJ" wid="5">moral</w>
  <w id="6" lemma="|and|" pos="CC" wid="6">and</w>
  <w id="7" lemma="|material|" pos="JJ" wid="7">material</w>
  <w id="8" lemma="|rebuilding|" pos="NN" wid="8">rebuilding</w>
  <w id="9" lemma="|.|" pos="." wid="9">.</w>
</sentence>
<sentence id="15">
  <w id="0" lemma="|let|" pos="VB" wid="0">Let</w>
  <w id="1" lemma="|we|" pos="PRP" wid="1">us</w>
  <w id="2" lemma="|continue|" pos="VB" wid="2">continue</w>
  <w id="3" lemma="|to|" pos="TO" wid="3">to</w>
  <w id="4" lemma="|be|" pos="VB" wid="4">be</w>
  <w id="5" lemma="|close|" pos="JJ" wid="5">close</w>
  <w id="6" lemma="|to|" pos="TO" wid="6">to</w>
  <w id="7" lemma="|the|" pos="DT" wid="7">the</w>
  <w id="8" lemma="|people|" pos="NNS" wid="8">people</w>
  <w id="9" lemma="|of|" pos="IN" wid="9">of</w>
  <w id="10" lemma="|that|" pos="DT" wid="10">that</w>
  <w id="11" lemma="|beloved|" pos="JJ" wid="11">beloved</w>
  <w id="12" lemma="|region|" pos="NN" wid="12">region</w>
  <w id="13" lemma="|with|" pos="IN" wid="13">with</w>
  <w id="14" lemma="|we|" pos="PRP$" wid="14">our</w>
  <w id="15" lemma="|effective|" pos="JJ" wid="15">effective</w>
  <w id="16" lemma="|solidarity|" pos="NN" wid="16">solidarity</w>
  <w id="17" lemma="|.|" pos="." wid="17">.</w>
</sentence>
<sentence id="16">
  <w id="0" lemma="|Dear|" pos="NNP" wid="0">Dear</w>
  <w id="1" lemma="|brother|" pos="NNS" wid="1">brothers</w>
  <w id="2" lemma="|and|" pos="CC" wid="2">and</w>
  <w id="3" lemma="|sister|" pos="NNS" wid="3">sisters</w>
  <w id="4" lemma="|,|" pos="," wid="4">,</w>
  <w id="5" lemma="|as|" pos="IN" wid="5">as</w>
  <w id="6" lemma="|I|" pos="PRP" wid="6">I</w>
  <w id="7" lemma="|thank|" pos="VBP" wid="7">thank</w>
  <w id="8" lemma="|you|" pos="PRP" wid="8">you</w>
  <w id="9" lemma="|for|" pos="IN" wid="9">for</w>
  <w id="10" lemma="|accompany|" pos="VBG" wid="10">accompanying</w>
  <w id="11" lemma="|I|" pos="PRP" wid="11">me</w>
  <w id="12" lemma="|in|" pos="IN" wid="12">in</w>
  <w id="13" lemma="|spirit|" pos="NN" wid="13">spirit</w>
  <w id="14" lemma="|on|" pos="IN" wid="14">on</w>
  <w id="15" lemma="|my|" pos="PRP$" wid="15">my</w>
  <w id="16" lemma="|pilgrimage|" pos="NN" wid="16">pilgrimage</w>
  <w id="17" lemma="|to|" pos="TO" wid="17">to</w>
  <w id="18" lemma="|Sarajevo|" pos="NNP" wid="18">Sarajevo</w>
  <w id="19" lemma="|last|" pos="JJ" wid="19">last</w>
  <w id="20" lemma="|Saturday|" pos="NNP" wid="20">Saturday</w>
  <w id="21" lemma="|and|" pos="CC" wid="21">and</w>
  <w id="22" lemma="|Sunday|" pos="NNP" wid="22">Sunday</w>
  <w id="23" lemma="|,|" pos="," wid="23">,</w>
  <w id="24" lemma="|I|" pos="PRP" wid="24">I</w>
  <w id="25" lemma="|entrust|" pos="VBP" wid="25">entrust</w>
  <w id="26" lemma="|another|" pos="DT" wid="26">another</w>
  <w id="27" lemma="|apostolic|" pos="JJ" wid="27">Apostolic</w>
  <w id="28" lemma="|visit|" pos="NN" wid="28">Visit</w>
  <w id="29" lemma="|to|" pos="TO" wid="29">to</w>
  <w id="30" lemma="|you|" pos="PRP$" wid="30">your</w>
  <w id="31" lemma="|prayer|" pos="NNS" wid="31">prayers</w>
  <w id="32" lemma="|.|" pos="." wid="32">.</w>
</sentence>
<sentence id="17">
  <w id="0" lemma="|at|" pos="IN" wid="0">At</w>
  <w id="1" lemma="|the|" pos="DT" wid="1">the</w>
  <w id="2" lemma="|end|" pos="NN" wid="2">end</w>
  <w id="3" lemma="|of|" pos="IN" wid="3">of</w>
  <w id="4" lemma="|the|" pos="DT" wid="4">the</w>
  <w id="5" lemma="|week|" pos="NN" wid="5">week</w>
  <w id="6" lemma="|I|" pos="PRP" wid="6">I</w>
  <w id="7" lemma="|will|" pos="MD" wid="7">will</w>
  <w id="8" lemma="|be|" pos="VB" wid="8">be</w>
  <w id="9" lemma="|go|" pos="VBG" wid="9">going</w>
  <w id="10" lemma="|to|" pos="TO" wid="10">to</w>
  <w id="11" lemma="|the|" pos="DT" wid="11">the</w>
  <w id="12" lemma="|Czech|" pos="NNP" wid="12">Czech</w>
  <w id="13" lemma="|Republic|" pos="NNP" wid="13">Republic</w>
  <w id="14" lemma="|to|" pos="TO" wid="14">to</w>
  <w id="15" lemma="|celebrate|" pos="VB" wid="15">celebrate</w>
  <w id="16" lemma="|the|" pos="DT" wid="16">the</w>
  <w id="17" lemma="|millennium|" pos="JJ" wid="17">millennium</w>
  <w id="18" lemma="|of|" pos="IN" wid="18">of</w>
  <w id="19" lemma="|the|" pos="DT" wid="19">the</w>
  <w id="20" lemma="|martyrdom|" pos="NN" wid="20">martyrdom</w>
  <w id="21" lemma="|of|" pos="IN" wid="21">of</w>
  <w id="22" lemma="|St|" pos="NNP" wid="22">St</w>
  <w id="23" lemma="|Adalbert|" pos="NNP" wid="23">Adalbert</w>
  <w id="24" lemma="|,|" pos="," wid="24">,</w>
  <w id="25" lemma="|the|" pos="DT" wid="25">the</w>
  <w id="26" lemma="|first|" pos="JJ" wid="26">first</w>
  <w id="27" lemma="|Bishop|" pos="NNP" wid="27">Bishop</w>
  <w id="28" lemma="|of|" pos="IN" wid="28">of</w>
  <w id="29" lemma="|Prague|" pos="NNP" wid="29">Prague</w>
  <w id="30" lemma="|of|" pos="IN" wid="30">of</w>
  <w id="31" lemma="|bohemian|" pos="JJ" wid="31">Bohemian</w>
  <w id="32" lemma="|blood|" pos="NN" wid="32">blood</w>
  <w id="33" lemma="|,|" pos="," wid="33">,</w>
  <w id="34" lemma="|a|" pos="DT" wid="34">a</w>
  <w id="35" lemma="|Benedictine|" pos="NNP" wid="35">Benedictine</w>
  <w id="36" lemma="|monk|" pos="NN" wid="36">monk</w>
  <w id="37" lemma="|,|" pos="," wid="37">,</w>
  <w id="38" lemma="|a|" pos="DT" wid="38">a</w>
  <w id="39" lemma="|courageous|" pos="JJ" wid="39">courageous</w>
  <w id="40" lemma="|missionary|" pos="JJ" wid="40">missionary</w>
  <w id="41" lemma="|and|" pos="CC" wid="41">and</w>
  <w id="42" lemma="|a|" pos="DT" wid="42">a</w>
  <w id="43" lemma="|fearless|" pos="JJ" wid="43">fearless</w>
  <w id="44" lemma="|witness|" pos="NN" wid="44">witness</w>
  <w id="45" lemma="|to|" pos="TO" wid="45">to</w>
  <w id="46" lemma="|the|" pos="DT" wid="46">the</w>
  <w id="47" lemma="|truth|" pos="NN" wid="47">truth</w>
  <w id="48" lemma="|.|" pos="." wid="48">.</w>
</sentence>
<sentence id="18">
  <w id="0" lemma="|3|" pos="LS" wid="0">3</w>
  <w id="1" lemma="|.|" pos="." wid="1">.</w>
</sentence>
<sentence id="19">
  <w id="0" lemma="|let|" pos="VB" wid="0">Let</w>
  <w id="1" lemma="|we|" pos="PRP" wid="1">us</w>
  <w id="2" lemma="|commend|" pos="VB" wid="2">commend</w>
  <w id="3" lemma="|to|" pos="TO" wid="3">to</w>
  <w id="4" lemma="|Mary|" pos="NNP" wid="4">Mary</w>
  <w id="5" lemma="|,|" pos="," wid="5">,</w>
  <w id="6" lemma="|a|" pos="DT" wid="6">a</w>
  <w id="7" lemma="|woman|" pos="NN" wid="7">woman</w>
  <w id="8" lemma="|of|" pos="IN" wid="8">of</w>
  <w id="9" lemma="|faith|" pos="NN" wid="9">faith</w>
  <w id="10" lemma="|and|" pos="CC" wid="10">and</w>
  <w id="11" lemma="|hope|" pos="NN" wid="11">hope</w>
  <w id="12" lemma="|,|" pos="," wid="12">,</w>
  <w id="13" lemma="|we|" pos="PRP$" wid="13">our</w>
  <w id="14" lemma="|prayer|" pos="NN" wid="14">prayer</w>
  <w id="15" lemma="|intention|" pos="NNS" wid="15">intentions</w>
  <w id="16" lemma="|:|" pos=":" wid="16">:</w>
  <w id="17" lemma="|the|" pos="DT" wid="17">the</w>
  <w id="18" lemma="|people|" pos="NNS" wid="18">peoples</w>
  <w id="19" lemma="|of|" pos="IN" wid="19">of</w>
  <w id="20" lemma="|Sarajevo|" pos="NNP" wid="20">Sarajevo</w>
  <w id="21" lemma="|and|" pos="CC" wid="21">and</w>
  <w id="22" lemma="|Bosnia-Hercegovina|" pos="NNP" wid="22">Bosnia-Hercegovina</w>
  <w id="23" lemma="|,|" pos="," wid="23">,</w>
  <w id="24" lemma="|my|" pos="PRP$" wid="24">my</w>
  <w id="25" lemma="|visit|" pos="NN" wid="25">visit</w>
  <w id="26" lemma="|to|" pos="TO" wid="26">to</w>
  <w id="27" lemma="|the|" pos="DT" wid="27">the</w>
  <w id="28" lemma="|Czech|" pos="NNP" wid="28">Czech</w>
  <w id="29" lemma="|Republic|" pos="NNP" wid="29">Republic</w>
  <w id="30" lemma="|and|" pos="CC" wid="30">and</w>
  <w id="31" lemma="|especially|" pos="RB" wid="31">especially</w>
  <w id="32" lemma="|the|" pos="DT" wid="32">the</w>
  <w id="33" lemma="|newly|" pos="RB" wid="33">newly</w>
  <w id="34" lemma="|ordain|" pos="VBN" wid="34">ordained</w>
  <w id="35" lemma="|,|" pos="," wid="35">,</w>
  <w id="36" lemma="|and|" pos="CC" wid="36">and</w>
  <w id="37" lemma="|with|" pos="IN" wid="37">with</w>
  <w id="38" lemma="|they|" pos="PRP" wid="38">them</w>
  <w id="39" lemma="|all|" pos="PDT" wid="39">all</w>
  <w id="40" lemma="|the|" pos="DT" wid="40">the</w>
  <w id="41" lemma="|priest|" pos="NNS" wid="41">priests</w>
  <w id="42" lemma="|of|" pos="IN" wid="42">of</w>
  <w id="43" lemma="|the|" pos="DT" wid="43">the</w>
  <w id="44" lemma="|world|" pos="NN" wid="44">world</w>
  <w id="45" lemma="|,|" pos="," wid="45">,</w>
  <w id="46" lemma="|so|" pos="IN" wid="46">so</w>
  <w id="47" lemma="|that|" pos="IN" wid="47">that</w>
  <w id="48" lemma="|follow|" pos="VBG" wid="48">following</w>
  <w id="49" lemma="|St|" pos="NNP" wid="49">St</w>
  <w id="50" lemma="|Adalbert|" pos="NNP" wid="50">Adalbert</w>
  <w id="51" lemma="|'s|" pos="POS" wid="51">'s</w>
  <w id="52" lemma="|example|" pos="NN" wid="52">example</w>
  <w id="53" lemma="|,|" pos="," wid="53">,</w>
  <w id="54" lemma="|they|" pos="PRP" wid="54">they</w>
  <w id="55" lemma="|may|" pos="MD" wid="55">may</w>
  <w id="56" lemma="|daily|" pos="RB" wid="56">daily</w>
  <w id="57" lemma="|offer|" pos="VB" wid="57">offer</w>
  <w id="58" lemma="|they|" pos="PRP$" wid="58">their</w>
  <w id="59" lemma="|life|" pos="NNS" wid="59">lives</w>
  <w id="60" lemma="|for|" pos="IN" wid="60">for</w>
  <w id="61" lemma="|they|" pos="PRP$" wid="61">their</w>
  <w id="62" lemma="|brother|" pos="NNS" wid="62">brothers</w>
  <w id="63" lemma="|and|" pos="CC" wid="63">and</w>
  <w id="64" lemma="|sister|" pos="NNS" wid="64">sisters</w>
  <w id="65" lemma="|.|" pos="." wid="65">.</w>
</sentence>
<sentence id="20">
  <w id="0" lemma="|after|" pos="IN" wid="0">After</w>
  <w id="1" lemma="|pray|" pos="VBG" wid="1">praying</w>
  <w id="2" lemma="|the|" pos="DT" wid="2">the</w>
  <w id="3" lemma="|Regina|" pos="NNP" wid="3">Regina</w>
  <w id="4" lemma="|Caeli|" pos="NNP" wid="4">Caeli</w>
  <w id="5" lemma="|the|" pos="DT" wid="5">the</w>
  <w id="6" lemma="|Holy|" pos="NNP" wid="6">Holy</w>
  <w id="7" lemma="|Father|" pos="NNP" wid="7">Father</w>
  <w id="8" lemma="|make|" pos="VBD" wid="8">made</w>
  <w id="9" lemma="|a|" pos="DT" wid="9">a</w>
  <w id="10" lemma="|pressing|" pos="JJ" wid="10">pressing</w>
  <w id="11" lemma="|appeal|" pos="NN" wid="11">appeal</w>
  <w id="12" lemma="|to|" pos="TO" wid="12">to</w>
  <w id="13" lemma="|ban|" pos="VB" wid="13">ban</w>
  <w id="14" lemma="|antipersonnel|" pos="JJ" wid="14">antipersonnel</w>
  <w id="15" lemma="|mine|" pos="NNS" wid="15">mines</w>
  <w id="16" lemma="|,|" pos="," wid="16">,</w>
  <w id="17" lemma="|which|" pos="WDT" wid="17">which</w>
  <w id="18" lemma="|continue|" pos="VBP" wid="18">continue</w>
  <w id="19" lemma="|to|" pos="TO" wid="19">to</w>
  <w id="20" lemma="|kill|" pos="VB" wid="20">kill</w>
  <w id="21" lemma="|and|" pos="CC" wid="21">and</w>
  <w id="22" lemma="|maim|" pos="VB" wid="22">maim</w>
  <w id="23" lemma="|innocent|" pos="JJ" wid="23">innocent</w>
  <w id="24" lemma="|people|" pos="NNS" wid="24">people</w>
  <w id="25" lemma="|year|" pos="NNS" wid="25">years</w>
  <w id="26" lemma="|after|" pos="IN" wid="26">after</w>
  <w id="27" lemma="|hostility|" pos="NNS" wid="27">hostilities</w>
  <w id="28" lemma="|have|" pos="VBP" wid="28">have</w>
  <w id="29" lemma="|end|" pos="VBN" wid="29">ended</w>
  <w id="30" lemma="|:|" pos=":" wid="30">:</w>
  <w id="31" lemma="|today|" pos="NN" wid="31">Today</w>
  <w id="32" lemma="|a|" pos="DT" wid="32">a</w>
  <w id="33" lemma="|large|" pos="JJ" wid="33">large</w>
  <w id="34" lemma="|group|" pos="NN" wid="34">group</w>
  <w id="35" lemma="|of|" pos="IN" wid="35">of</w>
  <w id="36" lemma="|representative|" pos="NNS" wid="36">representatives</w>
  <w id="37" lemma="|from|" pos="IN" wid="37">from</w>
  <w id="38" lemma="|the|" pos="DT" wid="38">the</w>
  <w id="39" lemma="|italian|" pos="JJ" wid="39">Italian</w>
  <w id="40" lemma="|campaign|" pos="NN" wid="40">campaign</w>
  <w id="41" lemma="|to|" pos="TO" wid="41">to</w>
  <w id="42" lemma="|ban|" pos="VB" wid="42">ban</w>
  <w id="43" lemma="|anti-personnel|" pos="JJ" wid="43">anti-personnel</w>
  <w id="44" lemma="|mine|" pos="NNS" wid="44">mines</w>
  <w id="45" lemma="|be|" pos="VBZ" wid="45">is</w>
  <w id="46" lemma="|present|" pos="JJ" wid="46">present</w>
  <w id="47" lemma="|in|" pos="IN" wid="47">in</w>
  <w id="48" lemma="|St|" pos="NNP" wid="48">St</w>
  <w id="49" lemma="|Peter|" pos="NNP" wid="49">Peter</w>
  <w id="50" lemma="|'s|" pos="POS" wid="50">'s</w>
  <w id="51" lemma="|Square|" pos="NNP" wid="51">Square</w>
  <w id="52" lemma="|.|" pos="." wid="52">.</w>
</sentence>
<sentence id="21">
  <w id="0" lemma="|these|" pos="DT" wid="0">These</w>
  <w id="1" lemma="|deadly|" pos="JJ" wid="1">deadly</w>
  <w id="2" lemma="|device|" pos="NNS" wid="2">devices</w>
  <w id="3" lemma="|continue|" pos="VBP" wid="3">continue</w>
  <w id="4" lemma="|in|" pos="IN" wid="4">in</w>
  <w id="5" lemma="|various|" pos="JJ" wid="5">various</w>
  <w id="6" lemma="|part|" pos="NNS" wid="6">parts</w>
  <w id="7" lemma="|of|" pos="IN" wid="7">of</w>
  <w id="8" lemma="|the|" pos="DT" wid="8">the</w>
  <w id="9" lemma="|world|" pos="NN" wid="9">world</w>
  <w id="10" lemma="|to|" pos="TO" wid="10">to</w>
  <w id="11" lemma="|kill|" pos="VB" wid="11">kill</w>
  <w id="12" lemma="|and|" pos="CC" wid="12">and</w>
  <w id="13" lemma="|maim|" pos="VB" wid="13">maim</w>
  <w id="14" lemma="|,|" pos="," wid="14">,</w>
  <w id="15" lemma="|especially|" pos="RB" wid="15">especially</w>
  <w id="16" lemma="|innocent|" pos="JJ" wid="16">innocent</w>
  <w id="17" lemma="|people|" pos="NNS" wid="17">people</w>
  <w id="18" lemma="|,|" pos="," wid="18">,</w>
  <w id="19" lemma="|even|" pos="RB" wid="19">even</w>
  <w id="20" lemma="|year|" pos="NNS" wid="20">years</w>
  <w id="21" lemma="|after|" pos="IN" wid="21">after</w>
  <w id="22" lemma="|hostility|" pos="NNS" wid="22">hostilities</w>
  <w id="23" lemma="|have|" pos="VBP" wid="23">have</w>
  <w id="24" lemma="|end|" pos="VBN" wid="24">ended</w>
  <w id="25" lemma="|,|" pos="," wid="25">,</w>
  <w id="26" lemma="|prevent|" pos="VBG" wid="26">preventing</w>
  <w id="27" lemma="|the|" pos="DT" wid="27">the</w>
  <w id="28" lemma="|country|" pos="NNS" wid="28">countries</w>
  <w id="29" lemma="|and|" pos="CC" wid="29">and</w>
  <w id="30" lemma="|region|" pos="NNS" wid="30">regions</w>
  <w id="31" lemma="|that|" pos="WDT" wid="31">that</w>
  <w id="32" lemma="|be|" pos="VBP" wid="32">are</w>
  <w id="33" lemma="|victim|" pos="NNS" wid="33">victims</w>
  <w id="34" lemma="|of|" pos="IN" wid="34">of</w>
  <w id="35" lemma="|this|" pos="DT" wid="35">this</w>
  <w id="36" lemma="|scourge|" pos="NN" wid="36">scourge</w>
  <w id="37" lemma="|from|" pos="IN" wid="37">from</w>
  <w id="38" lemma="|return|" pos="VBG" wid="38">returning</w>
  <w id="39" lemma="|to|" pos="TO" wid="39">to</w>
  <w id="40" lemma="|a|" pos="DT" wid="40">a</w>
  <w id="41" lemma="|normal|" pos="JJ" wid="41">normal</w>
  <w id="42" lemma="|social|" pos="JJ" wid="42">social</w>
  <w id="43" lemma="|and|" pos="CC" wid="43">and</w>
  <w id="44" lemma="|economic|" pos="JJ" wid="44">economic</w>
  <w id="45" lemma="|life|" pos="NN" wid="45">life</w>
  <w id="46" lemma="|.|" pos="." wid="46">.</w>
</sentence>
<sentence id="22">
  <w id="0" lemma="|I|" pos="PRP" wid="0">I</w>
  <w id="1" lemma="|pray|" pos="VBP" wid="1">pray</w>
  <w id="2" lemma="|the|" pos="DT" wid="2">the</w>
  <w id="3" lemma="|lord|" pos="NN" wid="3">Lord</w>
  <w id="4" lemma="|of|" pos="IN" wid="4">of</w>
  <w id="5" lemma="|peace|" pos="NN" wid="5">peace</w>
  <w id="6" lemma="|to|" pos="TO" wid="6">to</w>
  <w id="7" lemma="|instil|" pos="VB" wid="7">instil</w>
  <w id="8" lemma="|in|" pos="IN" wid="8">in</w>
  <w id="9" lemma="|government|" pos="NN" wid="9">government</w>
  <w id="10" lemma="|leader|" pos="NNS" wid="10">leaders</w>
  <w id="11" lemma="|the|" pos="DT" wid="11">the</w>
  <w id="12" lemma="|courage|" pos="NN" wid="12">courage</w>
  <w id="13" lemma="|to|" pos="TO" wid="13">to</w>
  <w id="14" lemma="|listen|" pos="VB" wid="14">listen</w>
  <w id="15" lemma="|to|" pos="TO" wid="15">to</w>
  <w id="16" lemma="|the|" pos="DT" wid="16">the</w>
  <w id="17" lemma="|cry|" pos="NN" wid="17">cry</w>
  <w id="18" lemma="|of|" pos="IN" wid="18">of</w>
  <w id="19" lemma="|these|" pos="DT" wid="19">these</w>
  <w id="20" lemma="|victim|" pos="NNS" wid="20">victims</w>
  <w id="21" lemma="|,|" pos="," wid="21">,</w>
  <w id="22" lemma="|and|" pos="CC" wid="22">and</w>
  <w id="23" lemma="|to|" pos="TO" wid="23">to</w>
  <w id="24" lemma="|bring|" pos="VB" wid="24">bring</w>
  <w id="25" lemma="|to|" pos="TO" wid="25">to</w>
  <w id="26" lemma="|a|" pos="DT" wid="26">a</w>
  <w id="27" lemma="|successful|" pos="JJ" wid="27">successful</w>
  <w id="28" lemma="|conclusion|" pos="NN" wid="28">conclusion</w>
  <w id="29" lemma="|,|" pos="," wid="29">,</w>
  <w id="30" lemma="|as|" pos="RB" wid="30">as</w>
  <w id="31" lemma="|quickly|" pos="RB" wid="31">quickly</w>
  <w id="32" lemma="|as|" pos="IN" wid="32">as</w>
  <w id="33" lemma="|possible|" pos="JJ" wid="33">possible</w>
  <w id="34" lemma="|,|" pos="," wid="34">,</w>
  <w id="35" lemma="|the|" pos="DT" wid="35">the</w>
  <w id="36" lemma="|negogiation|" pos="NNS" wid="36">negogiations</w>
  <w id="37" lemma="|in|" pos="IN" wid="37">in</w>
  <w id="38" lemma="|progress|" pos="NN" wid="38">progress</w>
  <w id="39" lemma="|for|" pos="IN" wid="39">for</w>
  <w id="40" lemma="|the|" pos="DT" wid="40">the</w>
  <w id="41" lemma="|total|" pos="JJ" wid="41">total</w>
  <w id="42" lemma="|elimination|" pos="NN" wid="42">elimination</w>
  <w id="43" lemma="|of|" pos="IN" wid="43">of</w>
  <w id="44" lemma="|these|" pos="DT" wid="44">these</w>
  <w id="45" lemma="|treacherous|" pos="JJ" wid="45">treacherous</w>
  <w id="46" lemma="|weapon|" pos="NNS" wid="46">weapons</w>
  <w id="47" lemma="|.|" pos="." wid="47">.</w>
</sentence>
</corpus>