<corpus id="0">
<sentence id="0">
  <w id="0" lemma="|Dear|" pos="NNP" wid="0">Dear</w>
  <w id="1" lemma="|Brothers|" pos="NNPS" wid="1">Brothers</w>
  <w id="2" lemma="|and|" pos="CC" wid="2">and</w>
  <w id="3" lemma="|sister|" pos="NNS" wid="3">Sisters</w>
  <w id="4" lemma="|,|" pos="," wid="4">,</w>
  <w id="5" lemma="|1|" pos="CD" wid="5">1</w>
  <w id="6" lemma="|.|" pos="." wid="6">.</w>
</sentence>
<sentence id="1">
  <w id="0" lemma="|I|" pos="PRP" wid="0">I</w>
  <w id="1" lemma="|still|" pos="RB" wid="1">still</w>
  <w id="2" lemma="|have|" pos="VBP" wid="2">have</w>
  <w id="3" lemma="|vivid|" pos="JJ" wid="3">vivid</w>
  <w id="4" lemma="|memory|" pos="NNS" wid="4">memories</w>
  <w id="5" lemma="|of|" pos="IN" wid="5">of</w>
  <w id="6" lemma="|the|" pos="DT" wid="6">the</w>
  <w id="7" lemma="|intense|" pos="JJ" wid="7">intense</w>
  <w id="8" lemma="|emotion|" pos="NN" wid="8">emotion</w>
  <w id="9" lemma="|of|" pos="IN" wid="9">of</w>
  <w id="10" lemma="|these|" pos="DT" wid="10">these</w>
  <w id="11" lemma="|day|" pos="NNS" wid="11">days</w>
  <w id="12" lemma="|,|" pos="," wid="12">,</w>
  <w id="13" lemma="|when|" pos="WRB" wid="13">when</w>
  <w id="14" lemma="|so|" pos="RB" wid="14">so</w>
  <w id="15" lemma="|many|" pos="JJ" wid="15">many</w>
  <w id="16" lemma="|people|" pos="NNS" wid="16">people</w>
  <w id="17" lemma="|gather|" pos="VBN" wid="17">gathered</w>
  <w id="18" lemma="|round|" pos="VBP" wid="18">round</w>
  <w id="19" lemma="|I|" pos="PRP" wid="19">me</w>
  <w id="20" lemma="|on|" pos="IN" wid="20">on</w>
  <w id="21" lemma="|the|" pos="DT" wid="21">the</w>
  <w id="22" lemma="|occasion|" pos="NN" wid="22">occasion</w>
  <w id="23" lemma="|of|" pos="IN" wid="23">of</w>
  <w id="24" lemma="|the|" pos="DT" wid="24">the</w>
  <w id="25" lemma="|25th|" pos="JJ" wid="25">25th</w>
  <w id="26" lemma="|anniversary|" pos="NN" wid="26">Anniversary</w>
  <w id="27" lemma="|of|" pos="IN" wid="27">of</w>
  <w id="28" lemma="|my|" pos="PRP$" wid="28">my</w>
  <w id="29" lemma="|Pontificate|" pos="NNP" wid="29">Pontificate</w>
  <w id="30" lemma="|.|" pos="." wid="30">.</w>
</sentence>
<sentence id="2">
  <w id="0" lemma="|first|" pos="RB" wid="0">First</w>
  <w id="1" lemma="|of|" pos="IN" wid="1">of</w>
  <w id="2" lemma="|all|" pos="DT" wid="2">all</w>
  <w id="3" lemma="|,|" pos="," wid="3">,</w>
  <w id="4" lemma="|I|" pos="PRP" wid="4">I</w>
  <w id="5" lemma="|renew|" pos="VBP" wid="5">renew</w>
  <w id="6" lemma="|my|" pos="PRP$" wid="6">my</w>
  <w id="7" lemma="|thanks|" pos="NNS" wid="7">thanks</w>
  <w id="8" lemma="|to|" pos="TO" wid="8">to</w>
  <w id="9" lemma="|God|" pos="NNP" wid="9">God</w>
  <w id="10" lemma="|,|" pos="," wid="10">,</w>
  <w id="11" lemma="|rich|" pos="JJ" wid="11">rich</w>
  <w id="12" lemma="|in|" pos="IN" wid="12">in</w>
  <w id="13" lemma="|mercy|" pos="NN" wid="13">mercy</w>
  <w id="14" lemma="|,|" pos="," wid="14">,</w>
  <w id="15" lemma="|for|" pos="IN" wid="15">for</w>
  <w id="16" lemma="|these|" pos="DT" wid="16">these</w>
  <w id="17" lemma="|25|" pos="CD" wid="17">25</w>
  <w id="18" lemma="|year|" pos="NNS" wid="18">years</w>
  <w id="19" lemma="|of|" pos="IN" wid="19">of</w>
  <w id="20" lemma="|ministry|" pos="NN" wid="20">ministry</w>
  <w id="21" lemma="|at|" pos="IN" wid="21">at</w>
  <w id="22" lemma="|the|" pos="DT" wid="22">the</w>
  <w id="23" lemma="|service|" pos="NN" wid="23">service</w>
  <w id="24" lemma="|of|" pos="IN" wid="24">of</w>
  <w id="25" lemma="|the|" pos="DT" wid="25">the</w>
  <w id="26" lemma="|Church|" pos="NNP" wid="26">Church</w>
  <w id="27" lemma="|.|" pos="." wid="27">.</w>
</sentence>
<sentence id="3">
  <w id="0" lemma="|I|" pos="PRP" wid="0">I</w>
  <w id="1" lemma="|then|" pos="RB" wid="1">then</w>
  <w id="2" lemma="|desire|" pos="VBP" wid="2">desire</w>
  <w id="3" lemma="|to|" pos="TO" wid="3">to</w>
  <w id="4" lemma="|express|" pos="VB" wid="4">express</w>
  <w id="5" lemma="|deep|" pos="JJ" wid="5">deep</w>
  <w id="6" lemma="|gratitude|" pos="NN" wid="6">gratitude</w>
  <w id="7" lemma="|to|" pos="TO" wid="7">to</w>
  <w id="8" lemma="|my|" pos="PRP$" wid="8">my</w>
  <w id="9" lemma="|brother|" pos="NN" wid="9">brother</w>
  <w id="10" lemma="|Cardinals|" pos="NNPS" wid="10">Cardinals</w>
  <w id="11" lemma="|,|" pos="," wid="11">,</w>
  <w id="12" lemma="|Patriarchs|" pos="NNPS" wid="12">Patriarchs</w>
  <w id="13" lemma="|and|" pos="CC" wid="13">and</w>
  <w id="14" lemma="|bishop|" pos="NNS" wid="14">Bishops</w>
  <w id="15" lemma="|who|" pos="WP" wid="15">who</w>
  <w id="16" lemma="|desire|" pos="VBD" wid="16">desired</w>
  <w id="17" lemma="|to|" pos="TO" wid="17">to</w>
  <w id="18" lemma="|take|" pos="VB" wid="18">take</w>
  <w id="19" lemma="|part|" pos="NN" wid="19">part</w>
  <w id="20" lemma="|in|" pos="IN" wid="20">in</w>
  <w id="21" lemma="|this|" pos="DT" wid="21">this</w>
  <w id="22" lemma="|jubilee|" pos="NN" wid="22">jubilee</w>
  <w id="23" lemma="|event|" pos="NN" wid="23">event</w>
  <w id="24" lemma="|in|" pos="IN" wid="24">in</w>
  <w id="25" lemma="|such|" pos="JJ" wid="25">such</w>
  <w id="26" lemma="|great|" pos="JJ" wid="26">great</w>
  <w id="27" lemma="|number|" pos="NNS" wid="27">numbers</w>
  <w id="28" lemma="|,|" pos="," wid="28">,</w>
  <w id="29" lemma="|witness|" pos="VBG" wid="29">witnessing</w>
  <w id="30" lemma="|yet|" pos="RB" wid="30">yet</w>
  <w id="31" lemma="|again|" pos="RB" wid="31">again</w>
  <w id="32" lemma="|to|" pos="TO" wid="32">to</w>
  <w id="33" lemma="|they|" pos="PRP$" wid="33">their</w>
  <w id="34" lemma="|sincere|" pos="JJ" wid="34">sincere</w>
  <w id="35" lemma="|communion|" pos="NN" wid="35">communion</w>
  <w id="36" lemma="|with|" pos="IN" wid="36">with</w>
  <w id="37" lemma="|the|" pos="DT" wid="37">the</w>
  <w id="38" lemma="|See|" pos="NNP" wid="38">See</w>
  <w id="39" lemma="|of|" pos="IN" wid="39">of</w>
  <w id="40" lemma="|Peter|" pos="NNP" wid="40">Peter</w>
  <w id="41" lemma="|.|" pos="." wid="41">.</w>
</sentence>
<sentence id="4">
  <w id="0" lemma="|I|" pos="PRP" wid="0">I</w>
  <w id="1" lemma="|likewise|" pos="RB" wid="1">likewise</w>
  <w id="2" lemma="|thank|" pos="VBP" wid="2">thank</w>
  <w id="3" lemma="|the|" pos="DT" wid="3">the</w>
  <w id="4" lemma="|Heads|" pos="NNPS" wid="4">Heads</w>
  <w id="5" lemma="|of|" pos="IN" wid="5">of</w>
  <w id="6" lemma="|State|" pos="NNP" wid="6">State</w>
  <w id="7" lemma="|and|" pos="CC" wid="7">and</w>
  <w id="8" lemma="|the|" pos="DT" wid="8">the</w>
  <w id="9" lemma="|Authorities|" pos="NNP" wid="9">Authorities</w>
  <w id="10" lemma="|of|" pos="IN" wid="10">of</w>
  <w id="11" lemma="|so|" pos="RB" wid="11">so</w>
  <w id="12" lemma="|many|" pos="JJ" wid="12">many</w>
  <w id="13" lemma="|Countries|" pos="NNP" wid="13">Countries</w>
  <w id="14" lemma="|who|" pos="WP" wid="14">who</w>
  <w id="15" lemma="|send|" pos="VBD" wid="15">sent</w>
  <w id="16" lemma="|I|" pos="PRP" wid="16">me</w>
  <w id="17" lemma="|they|" pos="PRP$" wid="17">their</w>
  <w id="18" lemma="|congratulation|" pos="NNS" wid="18">congratulations</w>
  <w id="19" lemma="|.|" pos="." wid="19">.</w>
</sentence>
<sentence id="5">
  <w id="0" lemma="|lastly|" pos="RB" wid="0">Lastly</w>
  <w id="1" lemma="|,|" pos="," wid="1">,</w>
  <w id="2" lemma="|I|" pos="PRP" wid="2">I</w>
  <w id="3" lemma="|address|" pos="VBP" wid="3">address</w>
  <w id="4" lemma="|a|" pos="DT" wid="4">a</w>
  <w id="5" lemma="|heartfelt|" pos="JJ" wid="5">heartfelt</w>
  <w id="6" lemma="|``|" pos="``" wid="6">``</w>
  <w id="7" lemma="|thank|" pos="VB" wid="7">thank</w>
  <w id="8" lemma="|you|" pos="PRP" wid="8">you</w>
  <w id="9" lemma="|''|" pos="''" wid="9">''</w>
  <w id="10" lemma="|to|" pos="TO" wid="10">to</w>
  <w id="11" lemma="|all|" pos="PDT" wid="11">all</w>
  <w id="12" lemma="|the|" pos="DT" wid="12">the</w>
  <w id="13" lemma="|priest|" pos="NNS" wid="13">priests</w>
  <w id="14" lemma="|,|" pos="," wid="14">,</w>
  <w id="15" lemma="|consecrate|" pos="VBN" wid="15">consecrated</w>
  <w id="16" lemma="|person|" pos="NNS" wid="16">persons</w>
  <w id="17" lemma="|and|" pos="CC" wid="17">and</w>
  <w id="18" lemma="|faithful|" pos="NN" wid="18">faithful</w>
  <w id="19" lemma="|who|" pos="WP" wid="19">who</w>
  <w id="20" lemma="|join|" pos="VBD" wid="20">joined</w>
  <w id="21" lemma="|I|" pos="PRP" wid="21">me</w>
  <w id="22" lemma="|in|" pos="IN" wid="22">in</w>
  <w id="23" lemma="|spirit|" pos="NN" wid="23">spirit</w>
  <w id="24" lemma="|with|" pos="IN" wid="24">with</w>
  <w id="25" lemma="|they|" pos="PRP$" wid="25">their</w>
  <w id="26" lemma="|good|" pos="JJ" wid="26">good</w>
  <w id="27" lemma="|wish|" pos="NNS" wid="27">wishes</w>
  <w id="28" lemma="|and|" pos="CC" wid="28">and</w>
  <w id="29" lemma="|the|" pos="DT" wid="29">the</w>
  <w id="30" lemma="|precious|" pos="JJ" wid="30">precious</w>
  <w id="31" lemma="|gift|" pos="NN" wid="31">gift</w>
  <w id="32" lemma="|of|" pos="IN" wid="32">of</w>
  <w id="33" lemma="|prayer|" pos="NN" wid="33">prayer</w>
  <w id="34" lemma="|.|" pos="." wid="34">.</w>
</sentence>
<sentence id="6">
  <w id="0" lemma="|I|" pos="PRP" wid="0">I</w>
  <w id="1" lemma="|be|" pos="VBP" wid="1">am</w>
  <w id="2" lemma="|think|" pos="VBG" wid="2">thinking</w>
  <w id="3" lemma="|especially|" pos="RB" wid="3">especially</w>
  <w id="4" lemma="|of|" pos="IN" wid="4">of</w>
  <w id="5" lemma="|the|" pos="DT" wid="5">the</w>
  <w id="6" lemma="|sick|" pos="JJ" wid="6">sick</w>
  <w id="7" lemma="|,|" pos="," wid="7">,</w>
  <w id="8" lemma="|who|" pos="WP" wid="8">who</w>
  <w id="9" lemma="|have|" pos="VBP" wid="9">have</w>
  <w id="10" lemma="|be|" pos="VBN" wid="10">been</w>
  <w id="11" lemma="|close|" pos="RB" wid="11">close</w>
  <w id="12" lemma="|to|" pos="TO" wid="12">to</w>
  <w id="13" lemma="|I|" pos="PRP" wid="13">me</w>
  <w id="14" lemma="|with|" pos="IN" wid="14">with</w>
  <w id="15" lemma="|the|" pos="DT" wid="15">the</w>
  <w id="16" lemma="|offering|" pos="NN" wid="16">offering</w>
  <w id="17" lemma="|of|" pos="IN" wid="17">of</w>
  <w id="18" lemma="|they|" pos="PRP$" wid="18">their</w>
  <w id="19" lemma="|suffering|" pos="NN" wid="19">suffering</w>
  <w id="20" lemma="|.|" pos="." wid="20">.</w>
</sentence>
<sentence id="7">
  <w id="0" lemma="|nor|" pos="CC" wid="0">Nor</w>
  <w id="1" lemma="|have|" pos="VBZ" wid="1">has</w>
  <w id="2" lemma="|there|" pos="RB" wid="2">there</w>
  <w id="3" lemma="|be|" pos="VBN" wid="3">been</w>
  <w id="4" lemma="|any|" pos="DT" wid="4">any</w>
  <w id="5" lemma="|lack|" pos="NN" wid="5">lack</w>
  <w id="6" lemma="|of|" pos="IN" wid="6">of</w>
  <w id="7" lemma="|testimonial|" pos="NNS" wid="7">testimonials</w>
  <w id="8" lemma="|from|" pos="IN" wid="8">from</w>
  <w id="9" lemma="|christian|" pos="NNS" wid="9">Christians</w>
  <w id="10" lemma="|of|" pos="IN" wid="10">of</w>
  <w id="11" lemma="|other|" pos="JJ" wid="11">other</w>
  <w id="12" lemma="|confession|" pos="NNS" wid="12">Confessions</w>
  <w id="13" lemma="|,|" pos="," wid="13">,</w>
  <w id="14" lemma="|as|" pos="RB" wid="14">as</w>
  <w id="15" lemma="|well|" pos="RB" wid="15">well</w>
  <w id="16" lemma="|as|" pos="IN" wid="16">as</w>
  <w id="17" lemma="|from|" pos="IN" wid="17">from</w>
  <w id="18" lemma="|the|" pos="DT" wid="18">the</w>
  <w id="19" lemma="|follower|" pos="NNS" wid="19">followers</w>
  <w id="20" lemma="|of|" pos="IN" wid="20">of</w>
  <w id="21" lemma="|other|" pos="JJ" wid="21">other</w>
  <w id="22" lemma="|religion|" pos="NNS" wid="22">religions</w>
  <w id="23" lemma="|.|" pos="." wid="23">.</w>
</sentence>
<sentence id="8">
  <w id="0" lemma="|I|" pos="PRP" wid="0">I</w>
  <w id="1" lemma="|offer|" pos="VBP" wid="1">offer</w>
  <w id="2" lemma="|they|" pos="PRP" wid="2">them</w>
  <w id="3" lemma="|all|" pos="DT" wid="3">all</w>
  <w id="4" lemma="|my|" pos="PRP$" wid="4">my</w>
  <w id="5" lemma="|heartfelt|" pos="JJ" wid="5">heartfelt</w>
  <w id="6" lemma="|thanks|" pos="NNS" wid="6">thanks</w>
  <w id="7" lemma="|.|" pos="." wid="7">.</w>
</sentence>
<sentence id="9">
  <w id="0" lemma="|2|" pos="CD" wid="0">2</w>
  <w id="1" lemma="|.|" pos="." wid="1">.</w>
</sentence>
<sentence id="10">
  <w id="0" lemma="|I|" pos="PRP" wid="0">I</w>
  <w id="1" lemma="|ask|" pos="VBP" wid="1">ask</w>
  <w id="2" lemma="|the|" pos="DT" wid="2">the</w>
  <w id="3" lemma="|Lord|" pos="NNP" wid="3">Lord</w>
  <w id="4" lemma="|to|" pos="TO" wid="4">to</w>
  <w id="5" lemma="|reward|" pos="VB" wid="5">reward</w>
  <w id="6" lemma="|you|" pos="PRP" wid="6">you</w>
  <w id="7" lemma="|,|" pos="," wid="7">,</w>
  <w id="8" lemma="|dear|" pos="RB" wid="8">dear</w>
  <w id="9" lemma="|brother|" pos="NNS" wid="9">brothers</w>
  <w id="10" lemma="|and|" pos="CC" wid="10">and</w>
  <w id="11" lemma="|sister|" pos="NNS" wid="11">sisters</w>
  <w id="12" lemma="|,|" pos="," wid="12">,</w>
  <w id="13" lemma="|for|" pos="IN" wid="13">for</w>
  <w id="14" lemma="|the|" pos="DT" wid="14">the</w>
  <w id="15" lemma="|affection|" pos="NN" wid="15">affection</w>
  <w id="16" lemma="|and|" pos="CC" wid="16">and</w>
  <w id="17" lemma="|support|" pos="NN" wid="17">support</w>
  <w id="18" lemma="|you|" pos="PRP" wid="18">you</w>
  <w id="19" lemma="|have|" pos="VBP" wid="19">have</w>
  <w id="20" lemma="|express|" pos="VBN" wid="20">expressed</w>
  <w id="21" lemma="|to|" pos="TO" wid="21">to</w>
  <w id="22" lemma="|I|" pos="PRP" wid="22">me</w>
  <w id="23" lemma="|.|" pos="." wid="23">.</w>
</sentence>
<sentence id="11">
  <w id="0" lemma="|I|" pos="PRP" wid="0">I</w>
  <w id="1" lemma="|renew|" pos="VBP" wid="1">renew</w>
  <w id="2" lemma="|the|" pos="DT" wid="2">the</w>
  <w id="3" lemma="|entrustment|" pos="NN" wid="3">entrustment</w>
  <w id="4" lemma="|of|" pos="IN" wid="4">of</w>
  <w id="5" lemma="|my|" pos="PRP$" wid="5">my</w>
  <w id="6" lemma="|life|" pos="NN" wid="6">life</w>
  <w id="7" lemma="|and|" pos="CC" wid="7">and</w>
  <w id="8" lemma="|my|" pos="PRP$" wid="8">my</w>
  <w id="9" lemma="|ministry|" pos="NN" wid="9">ministry</w>
  <w id="10" lemma="|to|" pos="TO" wid="10">to</w>
  <w id="11" lemma="|the|" pos="DT" wid="11">the</w>
  <w id="12" lemma="|Virgin|" pos="NNP" wid="12">Virgin</w>
  <w id="13" lemma="|Mary|" pos="NNP" wid="13">Mary</w>
  <w id="14" lemma="|,|" pos="," wid="14">,</w>
  <w id="15" lemma="|Mother|" pos="NNP" wid="15">Mother</w>
  <w id="16" lemma="|of|" pos="IN" wid="16">of</w>
  <w id="17" lemma="|the|" pos="DT" wid="17">the</w>
  <w id="18" lemma="|Redeemer|" pos="NNP" wid="18">Redeemer</w>
  <w id="19" lemma="|and|" pos="CC" wid="19">and</w>
  <w id="20" lemma="|Mother|" pos="NNP" wid="20">Mother</w>
  <w id="21" lemma="|of|" pos="IN" wid="21">of</w>
  <w id="22" lemma="|the|" pos="DT" wid="22">the</w>
  <w id="23" lemma="|Church|" pos="NNP" wid="23">Church</w>
  <w id="24" lemma="|.|" pos="." wid="24">.</w>
</sentence>
<sentence id="12">
  <w id="0" lemma="|to|" pos="TO" wid="0">To</w>
  <w id="1" lemma="|she|" pos="PRP$" wid="1">her</w>
  <w id="2" lemma="|i|" pos="NN" wid="2">I</w>
  <w id="3" lemma="|repeat|" pos="NN" wid="3">repeat</w>
  <w id="4" lemma="|with|" pos="IN" wid="4">with</w>
  <w id="5" lemma="|filial|" pos="JJ" wid="5">filial</w>
  <w id="6" lemma="|abandonment|" pos="NN" wid="6">abandonment</w>
  <w id="7" lemma="|:|" pos=":" wid="7">:</w>
  <w id="8" lemma="|totus|" pos="FW" wid="8">Totus</w>
  <w id="9" lemma="|tuus|" pos="FW" wid="9">tuus</w>
  <w id="10" lemma="|!|" pos="." wid="10">!</w>
</sentence>
<sentence id="13">
  <w id="0" lemma="|©|" pos="NNP" wid="0">©</w>
  <w id="1" lemma="|Copyright|" pos="NNP" wid="1">Copyright</w>
  <w id="2" lemma="|2003|" pos="CD" wid="2">2003</w>
  <w id="3" lemma="|-|" pos=":" wid="3">-</w>
  <w id="4" lemma="|Libreria|" pos="NNP" wid="4">Libreria</w>
  <w id="5" lemma="|Editrice|" pos="NNP" wid="5">Editrice</w>
  <w id="6" lemma="|Vaticana|" pos="NNP" wid="6">Vaticana</w>
</sentence>
</corpus>