<corpus id="0">
<sentence id="0">
  <w id="0" lemma="|1|" pos="CD" wid="0">1</w>
  <w id="1" lemma="|.|" pos="." wid="1">.</w>
</sentence>
<sentence id="1">
  <w id="0" lemma="|at|" pos="IN" wid="0">At</w>
  <w id="1" lemma="|the|" pos="DT" wid="1">the</w>
  <w id="2" lemma="|end|" pos="NN" wid="2">end</w>
  <w id="3" lemma="|of|" pos="IN" wid="3">of</w>
  <w id="4" lemma="|this|" pos="DT" wid="4">this</w>
  <w id="5" lemma="|solemn|" pos="JJ" wid="5">solemn</w>
  <w id="6" lemma="|Jubilee|" pos="NNP" wid="6">Jubilee</w>
  <w id="7" lemma="|celebration|" pos="NN" wid="7">celebration</w>
  <w id="8" lemma="|,|" pos="," wid="8">,</w>
  <w id="9" lemma="|I|" pos="PRP" wid="9">I</w>
  <w id="10" lemma="|wish|" pos="VBP" wid="10">wish</w>
  <w id="11" lemma="|to|" pos="TO" wid="11">to</w>
  <w id="12" lemma="|thank|" pos="VB" wid="12">thank</w>
  <w id="13" lemma="|the|" pos="DT" wid="13">the</w>
  <w id="14" lemma="|many|" pos="JJ" wid="14">many</w>
  <w id="15" lemma="|representative|" pos="NNS" wid="15">representatives</w>
  <w id="16" lemma="|of|" pos="IN" wid="16">of</w>
  <w id="17" lemma="|the|" pos="DT" wid="17">the</w>
  <w id="18" lemma="|agricultural|" pos="JJ" wid="18">agricultural</w>
  <w id="19" lemma="|world|" pos="NN" wid="19">world</w>
  <w id="20" lemma="|who|" pos="WP" wid="20">who</w>
  <w id="21" lemma="|have|" pos="VBP" wid="21">have</w>
  <w id="22" lemma="|come|" pos="VBN" wid="22">come</w>
  <w id="23" lemma="|here|" pos="RB" wid="23">here</w>
  <w id="24" lemma="|from|" pos="IN" wid="24">from</w>
  <w id="25" lemma="|various|" pos="JJ" wid="25">various</w>
  <w id="26" lemma="|nation|" pos="NNS" wid="26">nations</w>
  <w id="27" lemma="|.|" pos="." wid="27">.</w>
</sentence>
<sentence id="2">
  <w id="0" lemma="|I|" pos="PRP" wid="0">I</w>
  <w id="1" lemma="|extend|" pos="VBP" wid="1">extend</w>
  <w id="2" lemma="|a|" pos="DT" wid="2">a</w>
  <w id="3" lemma="|particular|" pos="JJ" wid="3">particular</w>
  <w id="4" lemma="|greet|" pos="VBG" wid="4">greeting</w>
  <w id="5" lemma="|to|" pos="TO" wid="5">to</w>
  <w id="6" lemma="|Mr|" pos="NNP" wid="6">Mr</w>
  <w id="7" lemma="|Jacques|" pos="NNP" wid="7">Jacques</w>
  <w id="8" lemma="|Diouf|" pos="NNP" wid="8">Diouf</w>
  <w id="9" lemma="|,|" pos="," wid="9">,</w>
  <w id="10" lemma="|Director-General|" pos="NNP" wid="10">Director-General</w>
  <w id="11" lemma="|of|" pos="IN" wid="11">of</w>
  <w id="12" lemma="|the|" pos="DT" wid="12">the</w>
  <w id="13" lemma="|FAO|" pos="NNP" wid="13">FAO</w>
  <w id="14" lemma="|,|" pos="," wid="14">,</w>
  <w id="15" lemma="|and|" pos="CC" wid="15">and</w>
  <w id="16" lemma="|to|" pos="TO" wid="16">to</w>
  <w id="17" lemma="|Mr|" pos="NNP" wid="17">Mr</w>
  <w id="18" lemma="|Paolo|" pos="NNP" wid="18">Paolo</w>
  <w id="19" lemma="|Bedoni|" pos="NNP" wid="19">Bedoni</w>
  <w id="20" lemma="|,|" pos="," wid="20">,</w>
  <w id="21" lemma="|represent|" pos="VBG" wid="21">representing</w>
  <w id="22" lemma="|the|" pos="DT" wid="22">the</w>
  <w id="23" lemma="|farmer|" pos="NNS" wid="23">farmers</w>
  <w id="24" lemma="|.|" pos="." wid="24">.</w>
</sentence>
<sentence id="3">
  <w id="0" lemma="|in|" pos="IN" wid="0">In</w>
  <w id="1" lemma="|they|" pos="PRP$" wid="1">their</w>
  <w id="2" lemma="|address|" pos="NNS" wid="2">addresses</w>
  <w id="3" lemma="|they|" pos="PRP" wid="3">they</w>
  <w id="4" lemma="|want|" pos="VBD" wid="4">wanted</w>
  <w id="5" lemma="|to|" pos="TO" wid="5">to</w>
  <w id="6" lemma="|highlight|" pos="VB" wid="6">highlight</w>
  <w id="7" lemma="|the|" pos="DT" wid="7">the</w>
  <w id="8" lemma="|challenge|" pos="NNS" wid="8">challenges</w>
  <w id="9" lemma="|but|" pos="CC" wid="9">but</w>
  <w id="10" lemma="|also|" pos="RB" wid="10">also</w>
  <w id="11" lemma="|the|" pos="DT" wid="11">the</w>
  <w id="12" lemma="|enormous|" pos="JJ" wid="12">enormous</w>
  <w id="13" lemma="|potential|" pos="NN" wid="13">potential</w>
  <w id="14" lemma="|that|" pos="IN" wid="14">that</w>
  <w id="15" lemma="|agriculture|" pos="NN" wid="15">agriculture</w>
  <w id="16" lemma="|hold|" pos="VBZ" wid="16">holds</w>
  <w id="17" lemma="|today|" pos="NN" wid="17">today</w>
  <w id="18" lemma="|.|" pos="." wid="18">.</w>
</sentence>
<sentence id="4">
  <w id="0" lemma="|it|" pos="PRP" wid="0">It</w>
  <w id="1" lemma="|be|" pos="VBZ" wid="1">is</w>
  <w id="2" lemma="|call|" pos="VBN" wid="2">called</w>
  <w id="3" lemma="|to|" pos="TO" wid="3">to</w>
  <w id="4" lemma="|play|" pos="VB" wid="4">play</w>
  <w id="5" lemma="|a|" pos="DT" wid="5">an</w>
  <w id="6" lemma="|active|" pos="JJ" wid="6">active</w>
  <w id="7" lemma="|and|" pos="CC" wid="7">and</w>
  <w id="8" lemma="|responsible|" pos="JJ" wid="8">responsible</w>
  <w id="9" lemma="|role|" pos="NN" wid="9">role</w>
  <w id="10" lemma="|especially|" pos="RB" wid="10">especially</w>
  <w id="11" lemma="|in|" pos="IN" wid="11">in</w>
  <w id="12" lemma="|face|" pos="VBG" wid="12">facing</w>
  <w id="13" lemma="|the|" pos="DT" wid="13">the</w>
  <w id="14" lemma="|great|" pos="JJ" wid="14">great</w>
  <w id="15" lemma="|problem|" pos="NNS" wid="15">problems</w>
  <w id="16" lemma="|connect|" pos="VBN" wid="16">connected</w>
  <w id="17" lemma="|with|" pos="IN" wid="17">with</w>
  <w id="18" lemma="|food|" pos="NN" wid="18">food</w>
  <w id="19" lemma="|and|" pos="CC" wid="19">and</w>
  <w id="20" lemma="|hunger|" pos="NN" wid="20">hunger</w>
  <w id="21" lemma="|in|" pos="IN" wid="21">in</w>
  <w id="22" lemma="|the|" pos="DT" wid="22">the</w>
  <w id="23" lemma="|world|" pos="NN" wid="23">world</w>
  <w id="24" lemma="|.|" pos="." wid="24">.</w>
</sentence>
<sentence id="5">
  <w id="0" lemma="|the|" pos="DT" wid="0">The</w>
  <w id="1" lemma="|balanced|" pos="JJ" wid="1">balanced</w>
  <w id="2" lemma="|use|" pos="NN" wid="2">use</w>
  <w id="3" lemma="|of|" pos="IN" wid="3">of</w>
  <w id="4" lemma="|natural|" pos="JJ" wid="4">natural</w>
  <w id="5" lemma="|resource|" pos="NNS" wid="5">resources</w>
  <w id="6" lemma="|and|" pos="CC" wid="6">and</w>
  <w id="7" lemma="|the|" pos="DT" wid="7">the</w>
  <w id="8" lemma="|equitable|" pos="JJ" wid="8">equitable</w>
  <w id="9" lemma="|distribution|" pos="NN" wid="9">distribution</w>
  <w id="10" lemma="|of|" pos="IN" wid="10">of</w>
  <w id="11" lemma="|available|" pos="JJ" wid="11">available</w>
  <w id="12" lemma="|goods|" pos="NNS" wid="12">goods</w>
  <w id="13" lemma="|will|" pos="MD" wid="13">will</w>
  <w id="14" lemma="|make|" pos="VB" wid="14">make</w>
  <w id="15" lemma="|it|" pos="PRP" wid="15">it</w>
  <w id="16" lemma="|possible|" pos="JJ" wid="16">possible</w>
  <w id="17" lemma="|to|" pos="TO" wid="17">to</w>
  <w id="18" lemma="|offer|" pos="VB" wid="18">offer</w>
  <w id="19" lemma="|the|" pos="DT" wid="19">the</w>
  <w id="20" lemma="|world|" pos="NN" wid="20">world</w>
  <w id="21" lemma="|population|" pos="NN" wid="21">population</w>
  <w id="22" lemma="|the|" pos="DT" wid="22">the</w>
  <w id="23" lemma="|food|" pos="NN" wid="23">food</w>
  <w id="24" lemma="|security|" pos="NN" wid="24">security</w>
  <w id="25" lemma="|that|" pos="IN" wid="25">that</w>
  <w id="26" lemma="|everyone|" pos="NN" wid="26">everyone</w>
  <w id="27" lemma="|desire|" pos="NNS" wid="27">desires</w>
  <w id="28" lemma="|.|" pos="." wid="28">.</w>
</sentence>
<sentence id="6">
  <w id="0" lemma="|Dear|" pos="NNP" wid="0">Dear</w>
  <w id="1" lemma="|brother|" pos="NNS" wid="1">brothers</w>
  <w id="2" lemma="|and|" pos="CC" wid="2">and</w>
  <w id="3" lemma="|sister|" pos="NNS" wid="3">sisters</w>
  <w id="4" lemma="|who|" pos="WP" wid="4">who</w>
  <w id="5" lemma="|form|" pos="VBP" wid="5">form</w>
  <w id="6" lemma="|the|" pos="DT" wid="6">the</w>
  <w id="7" lemma="|great|" pos="JJ" wid="7">great</w>
  <w id="8" lemma="|family|" pos="NN" wid="8">family</w>
  <w id="9" lemma="|of|" pos="IN" wid="9">of</w>
  <w id="10" lemma="|the|" pos="DT" wid="10">the</w>
  <w id="11" lemma="|agricultural|" pos="JJ" wid="11">agricultural</w>
  <w id="12" lemma="|world|" pos="NN" wid="12">world</w>
  <w id="13" lemma="|!|" pos="." wid="13">!</w>
</sentence>
<sentence id="7">
  <w id="0" lemma="|thank|" pos="VB" wid="0">Thank</w>
  <w id="1" lemma="|you|" pos="PRP" wid="1">you</w>
  <w id="2" lemma="|for|" pos="IN" wid="2">for</w>
  <w id="3" lemma="|you|" pos="PRP$" wid="3">your</w>
  <w id="4" lemma="|joyful|" pos="JJ" wid="4">joyful</w>
  <w id="5" lemma="|presence|" pos="NN" wid="5">presence</w>
  <w id="6" lemma="|and|" pos="CC" wid="6">and</w>
  <w id="7" lemma="|for|" pos="IN" wid="7">for</w>
  <w id="8" lemma="|you|" pos="PRP$" wid="8">your</w>
  <w id="9" lemma="|fervent|" pos="JJ" wid="9">fervent</w>
  <w id="10" lemma="|participation|" pos="NN" wid="10">participation</w>
  <w id="11" lemma="|in|" pos="IN" wid="11">in</w>
  <w id="12" lemma="|today|" pos="NN" wid="12">today</w>
  <w id="13" lemma="|'s|" pos="POS" wid="13">'s</w>
  <w id="14" lemma="|meeting|" pos="NN" wid="14">meeting</w>
  <w id="15" lemma="|.|" pos="." wid="15">.</w>
</sentence>
<sentence id="8">
  <w id="0" lemma="|the|" pos="DT" wid="0">The</w>
  <w id="1" lemma="|Church|" pos="NNP" wid="1">Church</w>
  <w id="2" lemma="|be|" pos="VBZ" wid="2">is</w>
  <w id="3" lemma="|close|" pos="JJ" wid="3">close</w>
  <w id="4" lemma="|to|" pos="TO" wid="4">to</w>
  <w id="5" lemma="|you|" pos="PRP" wid="5">you</w>
  <w id="6" lemma="|!|" pos="." wid="6">!</w>
</sentence>
<sentence id="9">
  <w id="0" lemma="|May|" pos="NNP" wid="0">May</w>
  <w id="1" lemma="|this|" pos="DT" wid="1">this</w>
  <w id="2" lemma="|Jubilee|" pos="NNP" wid="2">Jubilee</w>
  <w id="3" lemma="|day|" pos="NN" wid="3">day</w>
  <w id="4" lemma="|encourage|" pos="VB" wid="4">encourage</w>
  <w id="5" lemma="|and|" pos="CC" wid="5">and</w>
  <w id="6" lemma="|support|" pos="VB" wid="6">support</w>
  <w id="7" lemma="|you|" pos="PRP" wid="7">you</w>
  <w id="8" lemma="|all|" pos="DT" wid="8">all</w>
  <w id="9" lemma="|to|" pos="TO" wid="9">to</w>
  <w id="10" lemma="|continue|" pos="VB" wid="10">continue</w>
  <w id="11" lemma="|you|" pos="PRP$" wid="11">your</w>
  <w id="12" lemma="|praiseworthy|" pos="JJ" wid="12">praiseworthy</w>
  <w id="13" lemma="|activity|" pos="NN" wid="13">activity</w>
  <w id="14" lemma="|,|" pos="," wid="14">,</w>
  <w id="15" lemma="|which|" pos="WDT" wid="15">which</w>
  <w id="16" lemma="|be|" pos="VBZ" wid="16">is</w>
  <w id="17" lemma="|indispensable|" pos="JJ" wid="17">indispensable</w>
  <w id="18" lemma="|for|" pos="IN" wid="18">for</w>
  <w id="19" lemma="|the|" pos="DT" wid="19">the</w>
  <w id="20" lemma="|overall|" pos="JJ" wid="20">overall</w>
  <w id="21" lemma="|progress|" pos="NN" wid="21">progress</w>
  <w id="22" lemma="|of|" pos="IN" wid="22">of</w>
  <w id="23" lemma="|the|" pos="DT" wid="23">the</w>
  <w id="24" lemma="|global|" pos="JJ" wid="24">global</w>
  <w id="25" lemma="|community|" pos="NN" wid="25">community</w>
  <w id="26" lemma="|!|" pos="." wid="26">!</w>
</sentence>
<sentence id="10">
  <w id="0" lemma="|2|" pos="CD" wid="0">2</w>
  <w id="1" lemma="|.|" pos="." wid="1">.</w>
</sentence>
<sentence id="11">
  <w id="0" lemma="|I|" pos="PRP" wid="0">I</w>
  <w id="1" lemma="|cordially|" pos="RB" wid="1">cordially</w>
  <w id="2" lemma="|greet|" pos="VBP" wid="2">greet</w>
  <w id="3" lemma="|the|" pos="DT" wid="3">the</w>
  <w id="4" lemma="|french-speaking|" pos="JJ" wid="4">French-speaking</w>
  <w id="5" lemma="|representative|" pos="NNS" wid="5">representatives</w>
  <w id="6" lemma="|of|" pos="IN" wid="6">of</w>
  <w id="7" lemma="|the|" pos="DT" wid="7">the</w>
  <w id="8" lemma="|agricultural|" pos="JJ" wid="8">agricultural</w>
  <w id="9" lemma="|world|" pos="NN" wid="9">world</w>
  <w id="10" lemma="|who|" pos="WP" wid="10">who</w>
  <w id="11" lemma="|be|" pos="VBP" wid="11">are</w>
  <w id="12" lemma="|make|" pos="VBG" wid="12">making</w>
  <w id="13" lemma="|they|" pos="PRP$" wid="13">their</w>
  <w id="14" lemma="|Jubilee|" pos="NNP" wid="14">Jubilee</w>
  <w id="15" lemma="|today|" pos="NN" wid="15">today</w>
  <w id="16" lemma="|.|" pos="." wid="16">.</w>
</sentence>
<sentence id="12">
  <w id="0" lemma="|you|" pos="PRP$" wid="0">Your</w>
  <w id="1" lemma="|activity|" pos="NN" wid="1">activity</w>
  <w id="2" lemma="|remind|" pos="VBZ" wid="2">reminds</w>
  <w id="3" lemma="|we|" pos="PRP" wid="3">us</w>
  <w id="4" lemma="|that|" pos="IN" wid="4">that</w>
  <w id="5" lemma="|the|" pos="DT" wid="5">the</w>
  <w id="6" lemma="|fruit|" pos="NNS" wid="6">fruits</w>
  <w id="7" lemma="|of|" pos="IN" wid="7">of</w>
  <w id="8" lemma="|the|" pos="DT" wid="8">the</w>
  <w id="9" lemma="|earth|" pos="NN" wid="9">earth</w>
  <w id="10" lemma="|and|" pos="CC" wid="10">and</w>
  <w id="11" lemma="|human|" pos="JJ" wid="11">human</w>
  <w id="12" lemma="|work|" pos="NN" wid="12">work</w>
  <w id="13" lemma="|be|" pos="VBP" wid="13">are</w>
  <w id="14" lemma="|a|" pos="DT" wid="14">a</w>
  <w id="15" lemma="|cooperation|" pos="NN" wid="15">cooperation</w>
  <w id="16" lemma="|in|" pos="IN" wid="16">in</w>
  <w id="17" lemma="|God|" pos="NNP" wid="17">God</w>
  <w id="18" lemma="|'s|" pos="POS" wid="18">'s</w>
  <w id="19" lemma="|creation|" pos="NN" wid="19">creation</w>
  <w id="20" lemma="|and|" pos="CC" wid="20">and</w>
  <w id="21" lemma="|a|" pos="DT" wid="21">an</w>
  <w id="22" lemma="|invitation|" pos="NN" wid="22">invitation</w>
  <w id="23" lemma="|to|" pos="TO" wid="23">to</w>
  <w id="24" lemma="|share|" pos="VB" wid="24">share</w>
  <w id="25" lemma="|with|" pos="IN" wid="25">with</w>
  <w id="26" lemma="|ever|" pos="RB" wid="26">ever</w>
  <w id="27" lemma="|greater|" pos="JJR" wid="27">greater</w>
  <w id="28" lemma="|solidarity|" pos="NN" wid="28">solidarity</w>
  <w id="29" lemma="|so|" pos="IN" wid="29">so</w>
  <w id="30" lemma="|that|" pos="IN" wid="30">that</w>
  <w id="31" lemma="|all|" pos="DT" wid="31">all</w>
  <w id="32" lemma="|people|" pos="NNS" wid="32">people</w>
  <w id="33" lemma="|will|" pos="MD" wid="33">will</w>
  <w id="34" lemma="|have|" pos="VB" wid="34">have</w>
  <w id="35" lemma="|enough|" pos="RB" wid="35">enough</w>
  <w id="36" lemma="|to|" pos="TO" wid="36">to</w>
  <w id="37" lemma="|eat|" pos="VB" wid="37">eat</w>
  <w id="38" lemma="|.|" pos="." wid="38">.</w>
</sentence>
<sentence id="13">
  <w id="0" lemma="|to|" pos="TO" wid="0">To</w>
  <w id="1" lemma="|all|" pos="PDT" wid="1">all</w>
  <w id="2" lemma="|the|" pos="DT" wid="2">the</w>
  <w id="3" lemma="|pilgrim|" pos="NNS" wid="3">pilgrims</w>
  <w id="4" lemma="|I|" pos="PRP" wid="4">I</w>
  <w id="5" lemma="|warmly|" pos="RB" wid="5">warmly</w>
  <w id="6" lemma="|grant|" pos="VBP" wid="6">grant</w>
  <w id="7" lemma="|my|" pos="PRP$" wid="7">my</w>
  <w id="8" lemma="|apostolic|" pos="JJ" wid="8">Apostolic</w>
  <w id="9" lemma="|blessing|" pos="NN" wid="9">Blessing</w>
  <w id="10" lemma="|.|" pos="." wid="10">.</w>
</sentence>
<sentence id="14">
  <w id="0" lemma="|I|" pos="PRP" wid="0">I</w>
  <w id="1" lemma="|offer|" pos="VBP" wid="1">offer</w>
  <w id="2" lemma="|a|" pos="DT" wid="2">a</w>
  <w id="3" lemma="|cordial|" pos="JJ" wid="3">cordial</w>
  <w id="4" lemma="|welcome|" pos="JJ" wid="4">welcome</w>
  <w id="5" lemma="|to|" pos="TO" wid="5">to</w>
  <w id="6" lemma="|the|" pos="DT" wid="6">the</w>
  <w id="7" lemma="|english-speaking|" pos="JJ" wid="7">English-speaking</w>
  <w id="8" lemma="|representative|" pos="NNS" wid="8">representatives</w>
  <w id="9" lemma="|of|" pos="IN" wid="9">of</w>
  <w id="10" lemma="|the|" pos="DT" wid="10">the</w>
  <w id="11" lemma="|world|" pos="NN" wid="11">world</w>
  <w id="12" lemma="|of|" pos="IN" wid="12">of</w>
  <w id="13" lemma="|agriculture|" pos="NN" wid="13">agriculture</w>
  <w id="14" lemma="|and|" pos="CC" wid="14">and</w>
  <w id="15" lemma="|rural|" pos="JJ" wid="15">rural</w>
  <w id="16" lemma="|life|" pos="NN" wid="16">life</w>
  <w id="17" lemma="|present|" pos="JJ" wid="17">present</w>
  <w id="18" lemma="|at|" pos="IN" wid="18">at</w>
  <w id="19" lemma="|today|" pos="NN" wid="19">today</w>
  <w id="20" lemma="|'s|" pos="POS" wid="20">'s</w>
  <w id="21" lemma="|jubilee|" pos="NN" wid="21">Jubilee</w>
  <w id="22" lemma="|.|" pos="." wid="22">.</w>
</sentence>
<sentence id="15">
  <w id="0" lemma="|in|" pos="IN" wid="0">In</w>
  <w id="1" lemma="|you|" pos="PRP$" wid="1">your</w>
  <w id="2" lemma="|daily|" pos="JJ" wid="2">daily</w>
  <w id="3" lemma="|encounter|" pos="NN" wid="3">encounter</w>
  <w id="4" lemma="|with|" pos="IN" wid="4">with</w>
  <w id="5" lemma="|the|" pos="DT" wid="5">the</w>
  <w id="6" lemma="|beauty|" pos="NN" wid="6">beauty</w>
  <w id="7" lemma="|of|" pos="IN" wid="7">of</w>
  <w id="8" lemma="|God|" pos="NNP" wid="8">God</w>
  <w id="9" lemma="|'s|" pos="POS" wid="9">'s</w>
  <w id="10" lemma="|creation|" pos="NN" wid="10">creation</w>
  <w id="11" lemma="|,|" pos="," wid="11">,</w>
  <w id="12" lemma="|may|" pos="MD" wid="12">may</w>
  <w id="13" lemma="|you|" pos="PRP" wid="13">you</w>
  <w id="14" lemma="|grow|" pos="VB" wid="14">grow</w>
  <w id="15" lemma="|closer|" pos="RBR" wid="15">closer</w>
  <w id="16" lemma="|to|" pos="TO" wid="16">to</w>
  <w id="17" lemma="|the|" pos="DT" wid="17">the</w>
  <w id="18" lemma="|lord|" pos="NN" wid="18">Lord</w>
  <w id="19" lemma="|of|" pos="IN" wid="19">of</w>
  <w id="20" lemma="|life|" pos="NN" wid="20">life</w>
  <w id="21" lemma="|,|" pos="," wid="21">,</w>
  <w id="22" lemma="|strengthen|" pos="VB" wid="22">strengthen</w>
  <w id="23" lemma="|you|" pos="PRP$" wid="23">your</w>
  <w id="24" lemma="|commitment|" pos="NN" wid="24">commitment</w>
  <w id="25" lemma="|to|" pos="TO" wid="25">to</w>
  <w id="26" lemma="|be|" pos="VB" wid="26">be</w>
  <w id="27" lemma="|good|" pos="JJ" wid="27">good</w>
  <w id="28" lemma="|steward|" pos="NNS" wid="28">stewards</w>
  <w id="29" lemma="|of|" pos="IN" wid="29">of</w>
  <w id="30" lemma="|he|" pos="PRP$" wid="30">his</w>
  <w id="31" lemma="|bountiful|" pos="JJ" wid="31">bountiful</w>
  <w id="32" lemma="|gift|" pos="NNS" wid="32">gifts</w>
  <w id="33" lemma="|,|" pos="," wid="33">,</w>
  <w id="34" lemma="|and|" pos="CC" wid="34">and</w>
  <w id="35" lemma="|grow|" pos="VB" wid="35">grow</w>
  <w id="36" lemma="|in|" pos="IN" wid="36">in</w>
  <w id="37" lemma="|solidarity|" pos="NN" wid="37">solidarity</w>
  <w id="38" lemma="|with|" pos="IN" wid="38">with</w>
  <w id="39" lemma="|other|" pos="NNS" wid="39">others</w>
  <w id="40" lemma="|,|" pos="," wid="40">,</w>
  <w id="41" lemma="|especially|" pos="RB" wid="41">especially</w>
  <w id="42" lemma="|we|" pos="PRP$" wid="42">our</w>
  <w id="43" lemma="|brother|" pos="NNS" wid="43">brothers</w>
  <w id="44" lemma="|and|" pos="CC" wid="44">and</w>
  <w id="45" lemma="|sister|" pos="NNS" wid="45">sisters</w>
  <w id="46" lemma="|suffer|" pos="VBG" wid="46">suffering</w>
  <w id="47" lemma="|from|" pos="IN" wid="47">from</w>
  <w id="48" lemma="|poverty|" pos="NN" wid="48">poverty</w>
  <w id="49" lemma="|and|" pos="CC" wid="49">and</w>
  <w id="50" lemma="|hunger|" pos="NN" wid="50">hunger</w>
  <w id="51" lemma="|.|" pos="." wid="51">.</w>
</sentence>
<sentence id="16">
  <w id="0" lemma="|May|" pos="NNP" wid="0">May</w>
  <w id="1" lemma="|the|" pos="DT" wid="1">the</w>
  <w id="2" lemma="|Lord|" pos="NNP" wid="2">Lord</w>
  <w id="3" lemma="|of|" pos="IN" wid="3">of</w>
  <w id="4" lemma="|the|" pos="DT" wid="4">the</w>
  <w id="5" lemma="|harvest|" pos="NN" wid="5">harvest</w>
  <w id="6" lemma="|bless|" pos="VB" wid="6">bless</w>
  <w id="7" lemma="|you|" pos="PRP$" wid="7">your</w>
  <w id="8" lemma="|labour|" pos="NNS" wid="8">labours</w>
  <w id="9" lemma="|and|" pos="CC" wid="9">and</w>
  <w id="10" lemma="|fill|" pos="VB" wid="10">fill</w>
  <w id="11" lemma="|you|" pos="PRP" wid="11">you</w>
  <w id="12" lemma="|and|" pos="CC" wid="12">and</w>
  <w id="13" lemma="|you|" pos="PRP$" wid="13">your</w>
  <w id="14" lemma="|family|" pos="NNS" wid="14">families</w>
  <w id="15" lemma="|with|" pos="IN" wid="15">with</w>
  <w id="16" lemma="|he|" pos="PRP$" wid="16">his</w>
  <w id="17" lemma="|peace|" pos="NN" wid="17">peace</w>
  <w id="18" lemma="|.|" pos="." wid="18">.</w>
</sentence>
<sentence id="17">
  <w id="0" lemma="|I|" pos="PRP" wid="0">I</w>
  <w id="1" lemma="|cordially|" pos="RB" wid="1">cordially</w>
  <w id="2" lemma="|greet|" pos="VB" wid="2">greet</w>
  <w id="3" lemma="|you|" pos="PRP" wid="3">you</w>
  <w id="4" lemma="|,|" pos="," wid="4">,</w>
  <w id="5" lemma="|dear|" pos="RB" wid="5">dear</w>
  <w id="6" lemma="|farmer|" pos="NNS" wid="6">farmers</w>
  <w id="7" lemma="|,|" pos="," wid="7">,</w>
  <w id="8" lemma="|who|" pos="WP" wid="8">who</w>
  <w id="9" lemma="|have|" pos="VBP" wid="9">have</w>
  <w id="10" lemma="|come|" pos="VBN" wid="10">come</w>
  <w id="11" lemma="|to|" pos="TO" wid="11">to</w>
  <w id="12" lemma="|Rome|" pos="NNP" wid="12">Rome</w>
  <w id="13" lemma="|for|" pos="IN" wid="13">for</w>
  <w id="14" lemma="|you|" pos="PRP$" wid="14">your</w>
  <w id="15" lemma="|Holy|" pos="NNP" wid="15">Holy</w>
  <w id="16" lemma="|Year|" pos="NNP" wid="16">Year</w>
  <w id="17" lemma="|celebration|" pos="NN" wid="17">celebration</w>
  <w id="18" lemma="|.|" pos="." wid="18">.</w>
</sentence>
<sentence id="18">
  <w id="0" lemma="|show|" pos="NN" wid="0">Show</w>
  <w id="1" lemma="|respect|" pos="NN" wid="1">respect</w>
  <w id="2" lemma="|for|" pos="IN" wid="2">for</w>
  <w id="3" lemma="|the|" pos="DT" wid="3">the</w>
  <w id="4" lemma="|land|" pos="NN" wid="4">land</w>
  <w id="5" lemma="|entrust|" pos="VBN" wid="5">entrusted</w>
  <w id="6" lemma="|to|" pos="TO" wid="6">to</w>
  <w id="7" lemma="|you|" pos="PRP" wid="7">you</w>
  <w id="8" lemma="|.|" pos="." wid="8">.</w>
</sentence>
<sentence id="19">
  <w id="0" lemma="|then|" pos="RB" wid="0">Then</w>
  <w id="1" lemma="|the|" pos="DT" wid="1">the</w>
  <w id="2" lemma="|earth|" pos="NN" wid="2">earth</w>
  <w id="3" lemma="|will|" pos="MD" wid="3">will</w>
  <w id="4" lemma="|produce|" pos="VB" wid="4">produce</w>
  <w id="5" lemma="|good|" pos="JJ" wid="5">good</w>
  <w id="6" lemma="|fruit|" pos="NNS" wid="6">fruits</w>
  <w id="7" lemma="|,|" pos="," wid="7">,</w>
  <w id="8" lemma="|which|" pos="WDT" wid="8">which</w>
  <w id="9" lemma="|will|" pos="MD" wid="9">will</w>
  <w id="10" lemma="|bring|" pos="VB" wid="10">bring</w>
  <w id="11" lemma="|food|" pos="NN" wid="11">food</w>
  <w id="12" lemma="|and|" pos="CC" wid="12">and</w>
  <w id="13" lemma="|joy|" pos="NN" wid="13">joy</w>
  <w id="14" lemma="|to|" pos="TO" wid="14">to</w>
  <w id="15" lemma="|all|" pos="DT" wid="15">all</w>
  <w id="16" lemma="|people|" pos="NNS" wid="16">people</w>
  <w id="17" lemma="|.|" pos="." wid="17">.</w>
</sentence>
<sentence id="20">
  <w id="0" lemma="|I|" pos="PRP" wid="0">I</w>
  <w id="1" lemma="|gladly|" pos="RB" wid="1">gladly</w>
  <w id="2" lemma="|give|" pos="VBP" wid="2">give</w>
  <w id="3" lemma="|you|" pos="PRP" wid="3">you</w>
  <w id="4" lemma="|my|" pos="PRP$" wid="4">my</w>
  <w id="5" lemma="|apostolic|" pos="JJ" wid="5">Apostolic</w>
  <w id="6" lemma="|blessing|" pos="NN" wid="6">Blessing</w>
  <w id="7" lemma="|.|" pos="." wid="7">.</w>
</sentence>
<sentence id="21">
  <w id="0" lemma="|I|" pos="PRP" wid="0">I</w>
  <w id="1" lemma="|affectionately|" pos="RB" wid="1">affectionately</w>
  <w id="2" lemma="|greet|" pos="VBP" wid="2">greet</w>
  <w id="3" lemma="|the|" pos="DT" wid="3">the</w>
  <w id="4" lemma="|spanish-speaking|" pos="JJ" wid="4">Spanish-speaking</w>
  <w id="5" lemma="|fieldworker|" pos="NNS" wid="5">fieldworkers</w>
  <w id="6" lemma="|.|" pos="." wid="6">.</w>
</sentence>
<sentence id="22">
  <w id="0" lemma="|you|" pos="PRP$" wid="0">Your</w>
  <w id="1" lemma="|task|" pos="NN" wid="1">task</w>
  <w id="2" lemma="|,|" pos="," wid="2">,</w>
  <w id="3" lemma="|which|" pos="WDT" wid="3">which</w>
  <w id="4" lemma="|dignify|" pos="VBZ" wid="4">dignifies</w>
  <w id="5" lemma="|man|" pos="NN" wid="5">man</w>
  <w id="6" lemma="|and|" pos="CC" wid="6">and</w>
  <w id="7" lemma="|complete|" pos="VBZ" wid="7">completes</w>
  <w id="8" lemma="|the|" pos="DT" wid="8">the</w>
  <w id="9" lemma="|Creator|" pos="NNP" wid="9">Creator</w>
  <w id="10" lemma="|'s|" pos="POS" wid="10">'s</w>
  <w id="11" lemma="|work|" pos="NN" wid="11">work</w>
  <w id="12" lemma="|,|" pos="," wid="12">,</w>
  <w id="13" lemma="|deserve|" pos="VBZ" wid="13">deserves</w>
  <w id="14" lemma="|all|" pos="PDT" wid="14">all</w>
  <w id="15" lemma="|the|" pos="DT" wid="15">the</w>
  <w id="16" lemma="|Church|" pos="NNP" wid="16">Church</w>
  <w id="17" lemma="|'s|" pos="POS" wid="17">'s</w>
  <w id="18" lemma="|esteem|" pos="NN" wid="18">esteem</w>
  <w id="19" lemma="|and|" pos="CC" wid="19">and</w>
  <w id="20" lemma="|the|" pos="DT" wid="20">the</w>
  <w id="21" lemma="|respect|" pos="NN" wid="21">respect</w>
  <w id="22" lemma="|of|" pos="IN" wid="22">of</w>
  <w id="23" lemma="|public|" pos="JJ" wid="23">public</w>
  <w id="24" lemma="|institution|" pos="NNS" wid="24">institutions</w>
  <w id="25" lemma="|.|" pos="." wid="25">.</w>
</sentence>
<sentence id="23">
  <w id="0" lemma="|Foster|" pos="NNP" wid="0">Foster</w>
  <w id="1" lemma="|among|" pos="IN" wid="1">among</w>
  <w id="2" lemma="|yourselve|" pos="NNS" wid="2">yourselves</w>
  <w id="3" lemma="|a|" pos="DT" wid="3">a</w>
  <w id="4" lemma="|spirit|" pos="NN" wid="4">spirit</w>
  <w id="5" lemma="|of|" pos="IN" wid="5">of</w>
  <w id="6" lemma="|solidarity|" pos="NN" wid="6">solidarity</w>
  <w id="7" lemma="|and|" pos="CC" wid="7">and</w>
  <w id="8" lemma="|cooperation|" pos="NN" wid="8">cooperation</w>
  <w id="9" lemma="|,|" pos="," wid="9">,</w>
  <w id="10" lemma="|while|" pos="IN" wid="10">while</w>
  <w id="11" lemma="|bear|" pos="VBG" wid="11">bearing</w>
  <w id="12" lemma="|witness|" pos="NN" wid="12">witness</w>
  <w id="13" lemma="|to|" pos="TO" wid="13">to</w>
  <w id="14" lemma="|the|" pos="DT" wid="14">the</w>
  <w id="15" lemma="|universal|" pos="JJ" wid="15">universal</w>
  <w id="16" lemma="|destination|" pos="NN" wid="16">destination</w>
  <w id="17" lemma="|of|" pos="IN" wid="17">of</w>
  <w id="18" lemma="|the|" pos="DT" wid="18">the</w>
  <w id="19" lemma="|earth|" pos="NN" wid="19">earth</w>
  <w id="20" lemma="|'s|" pos="POS" wid="20">'s</w>
  <w id="21" lemma="|goods|" pos="NNS" wid="21">goods</w>
  <w id="22" lemma="|and|" pos="CC" wid="22">and</w>
  <w id="23" lemma="|promote|" pos="VBG" wid="23">promoting</w>
  <w id="24" lemma="|the|" pos="DT" wid="24">the</w>
  <w id="25" lemma="|protection|" pos="NN" wid="25">protection</w>
  <w id="26" lemma="|of|" pos="IN" wid="26">of</w>
  <w id="27" lemma="|the|" pos="DT" wid="27">the</w>
  <w id="28" lemma="|environment|" pos="NN" wid="28">environment</w>
  <w id="29" lemma="|,|" pos="," wid="29">,</w>
  <w id="30" lemma="|so|" pos="IN" wid="30">so</w>
  <w id="31" lemma="|that|" pos="IN" wid="31">that</w>
  <w id="32" lemma="|a|" pos="DT" wid="32">a</w>
  <w id="33" lemma="|life|" pos="NN" wid="33">life</w>
  <w id="34" lemma="|worthy|" pos="JJ" wid="34">worthy</w>
  <w id="35" lemma="|of|" pos="IN" wid="35">of</w>
  <w id="36" lemma="|contemporary|" pos="JJ" wid="36">contemporary</w>
  <w id="37" lemma="|man|" pos="NN" wid="37">man</w>
  <w id="38" lemma="|and|" pos="CC" wid="38">and</w>
  <w id="39" lemma="|of|" pos="IN" wid="39">of</w>
  <w id="40" lemma="|future|" pos="JJ" wid="40">future</w>
  <w id="41" lemma="|generation|" pos="NNS" wid="41">generations</w>
  <w id="42" lemma="|may|" pos="MD" wid="42">may</w>
  <w id="43" lemma="|be|" pos="VB" wid="43">be</w>
  <w id="44" lemma="|ensure|" pos="VBN" wid="44">ensured</w>
  <w id="45" lemma="|.|" pos="." wid="45">.</w>
</sentence>
<sentence id="24">
  <w id="0" lemma="|I|" pos="PRP" wid="0">I</w>
  <w id="1" lemma="|cordially|" pos="RB" wid="1">cordially</w>
  <w id="2" lemma="|bless|" pos="VBP" wid="2">bless</w>
  <w id="3" lemma="|you|" pos="PRP" wid="3">you</w>
  <w id="4" lemma="|all|" pos="DT" wid="4">all</w>
  <w id="5" lemma="|.|" pos="." wid="5">.</w>
</sentence>
<sentence id="25">
  <w id="0" lemma="|I|" pos="PRP" wid="0">I</w>
  <w id="1" lemma="|wish|" pos="VBP" wid="1">wish</w>
  <w id="2" lemma="|the|" pos="DT" wid="2">the</w>
  <w id="3" lemma="|greatest|" pos="JJS" wid="3">greatest</w>
  <w id="4" lemma="|blessing|" pos="NNS" wid="4">blessings</w>
  <w id="5" lemma="|of|" pos="IN" wid="5">of</w>
  <w id="6" lemma="|heaven|" pos="NN" wid="6">heaven</w>
  <w id="7" lemma="|upon|" pos="IN" wid="7">upon</w>
  <w id="8" lemma="|the|" pos="DT" wid="8">the</w>
  <w id="9" lemma="|portuguese-speaking|" pos="JJ" wid="9">Portuguese-speaking</w>
  <w id="10" lemma="|farmer|" pos="NNS" wid="10">farmers</w>
  <w id="11" lemma="|and|" pos="CC" wid="11">and</w>
  <w id="12" lemma="|worker|" pos="NNS" wid="12">workers</w>
  <w id="13" lemma="|who|" pos="WP" wid="13">who</w>
  <w id="14" lemma="|live|" pos="VBP" wid="14">live</w>
  <w id="15" lemma="|by|" pos="IN" wid="15">by</w>
  <w id="16" lemma="|cultivate|" pos="VBG" wid="16">cultivating</w>
  <w id="17" lemma="|the|" pos="DT" wid="17">the</w>
  <w id="18" lemma="|land|" pos="NN" wid="18">land</w>
  <w id="19" lemma="|,|" pos="," wid="19">,</w>
  <w id="20" lemma="|so|" pos="IN" wid="20">so</w>
  <w id="21" lemma="|that|" pos="IN" wid="21">that</w>
  <w id="22" lemma="|they|" pos="PRP" wid="22">they</w>
  <w id="23" lemma="|can|" pos="MD" wid="23">can</w>
  <w id="24" lemma="|sow|" pos="VB" wid="24">sow</w>
  <w id="25" lemma="|and|" pos="CC" wid="25">and</w>
  <w id="26" lemma="|plant|" pos="NN" wid="26">plant</w>
  <w id="27" lemma="|in|" pos="IN" wid="27">in</w>
  <w id="28" lemma="|peace|" pos="NN" wid="28">peace</w>
  <w id="29" lemma="|and|" pos="CC" wid="29">and</w>
  <w id="30" lemma="|security|" pos="NN" wid="30">security</w>
  <w id="31" lemma="|on|" pos="IN" wid="31">on</w>
  <w id="32" lemma="|friendly|" pos="JJ" wid="32">friendly</w>
  <w id="33" lemma="|soil|" pos="NN" wid="33">soil</w>
  <w id="34" lemma="|,|" pos="," wid="34">,</w>
  <w id="35" lemma="|which|" pos="WDT" wid="35">which</w>
  <w id="36" lemma="|will|" pos="MD" wid="36">will</w>
  <w id="37" lemma="|yield|" pos="VB" wid="37">yield</w>
  <w id="38" lemma="|they|" pos="PRP" wid="38">them</w>
  <w id="39" lemma="|a|" pos="DT" wid="39">a</w>
  <w id="40" lemma="|hundredfold|" pos="JJ" wid="40">hundredfold</w>
  <w id="41" lemma="|,|" pos="," wid="41">,</w>
  <w id="42" lemma="|and|" pos="CC" wid="42">and</w>
  <w id="43" lemma="|see|" pos="VB" wid="43">see</w>
  <w id="44" lemma="|they|" pos="PRP$" wid="44">their</w>
  <w id="45" lemma="|child|" pos="NNS" wid="45">children</w>
  <w id="46" lemma="|fill|" pos="VBN" wid="46">filled</w>
  <w id="47" lemma="|with|" pos="IN" wid="47">with</w>
  <w id="48" lemma="|the|" pos="DT" wid="48">the</w>
  <w id="49" lemma="|desire|" pos="NN" wid="49">desire</w>
  <w id="50" lemma="|to|" pos="TO" wid="50">to</w>
  <w id="51" lemma="|share|" pos="VB" wid="51">share</w>
  <w id="52" lemma="|with|" pos="IN" wid="52">with</w>
  <w id="53" lemma="|the|" pos="DT" wid="53">the</w>
  <w id="54" lemma="|poorest|" pos="JJS" wid="54">poorest</w>
  <w id="55" lemma="|.|" pos="." wid="55">.</w>
</sentence>
<sentence id="26">
  <w id="0" lemma="|with|" pos="IN" wid="0">With</w>
  <w id="1" lemma="|great|" pos="JJ" wid="1">great</w>
  <w id="2" lemma="|joy|" pos="NN" wid="2">joy</w>
  <w id="3" lemma="|I|" pos="PRP" wid="3">I</w>
  <w id="4" lemma="|greet|" pos="VBP" wid="4">greet</w>
  <w id="5" lemma="|the|" pos="DT" wid="5">the</w>
  <w id="6" lemma="|pilgrim|" pos="NNS" wid="6">pilgrims</w>
  <w id="7" lemma="|who|" pos="WP" wid="7">who</w>
  <w id="8" lemma="|have|" pos="VBP" wid="8">have</w>
  <w id="9" lemma="|come|" pos="VBN" wid="9">come</w>
  <w id="10" lemma="|here|" pos="RB" wid="10">here</w>
  <w id="11" lemma="|from|" pos="IN" wid="11">from</w>
  <w id="12" lemma="|Ukraine|" pos="NNP" wid="12">Ukraine</w>
  <w id="13" lemma="|.|" pos="." wid="13">.</w>
</sentence>
<sentence id="27">
  <w id="0" lemma="|Dear|" pos="NNP" wid="0">Dear</w>
  <w id="1" lemma="|friend|" pos="NNS" wid="1">friends</w>
  <w id="2" lemma="|,|" pos="," wid="2">,</w>
  <w id="3" lemma="|may|" pos="MD" wid="3">may</w>
  <w id="4" lemma="|this|" pos="DT" wid="4">this</w>
  <w id="5" lemma="|Holy|" pos="NNP" wid="5">Holy</w>
  <w id="6" lemma="|Year|" pos="NNP" wid="6">Year</w>
  <w id="7" lemma="|become|" pos="VB" wid="7">become</w>
  <w id="8" lemma="|a|" pos="DT" wid="8">a</w>
  <w id="9" lemma="|rich|" pos="JJ" wid="9">rich</w>
  <w id="10" lemma="|time|" pos="NN" wid="10">time</w>
  <w id="11" lemma="|of|" pos="IN" wid="11">of</w>
  <w id="12" lemma="|grace|" pos="NN" wid="12">grace</w>
  <w id="13" lemma="|,|" pos="," wid="13">,</w>
  <w id="14" lemma="|reconciliation|" pos="NN" wid="14">reconciliation</w>
  <w id="15" lemma="|and|" pos="CC" wid="15">and</w>
  <w id="16" lemma="|inner|" pos="JJ" wid="16">inner</w>
  <w id="17" lemma="|renewal|" pos="NN" wid="17">renewal</w>
  <w id="18" lemma="|for|" pos="IN" wid="18">for</w>
  <w id="19" lemma="|you|" pos="PRP" wid="19">you</w>
  <w id="20" lemma="|all|" pos="DT" wid="20">all</w>
  <w id="21" lemma="|.|" pos="." wid="21">.</w>
</sentence>
<sentence id="28">
  <w id="0" lemma="|from|" pos="IN" wid="0">From</w>
  <w id="1" lemma="|my|" pos="PRP$" wid="1">my</w>
  <w id="2" lemma="|heart|" pos="NN" wid="2">heart</w>
  <w id="3" lemma="|I|" pos="PRP" wid="3">I</w>
  <w id="4" lemma="|give|" pos="VBP" wid="4">give</w>
  <w id="5" lemma="|you|" pos="PRP" wid="5">you</w>
  <w id="6" lemma="|and|" pos="CC" wid="6">and</w>
  <w id="7" lemma="|you|" pos="PRP$" wid="7">your</w>
  <w id="8" lemma="|love|" pos="VBN" wid="8">loved</w>
  <w id="9" lemma="|one|" pos="NNS" wid="9">ones</w>
  <w id="10" lemma="|my|" pos="PRP$" wid="10">my</w>
  <w id="11" lemma="|apostolic|" pos="JJ" wid="11">Apostolic</w>
  <w id="12" lemma="|blessing|" pos="NN" wid="12">Blessing</w>
  <w id="13" lemma="|.|" pos="." wid="13">.</w>
</sentence>
<sentence id="29">
  <w id="0" lemma="|I|" pos="PRP" wid="0">I</w>
  <w id="1" lemma="|cordially|" pos="RB" wid="1">cordially</w>
  <w id="2" lemma="|greet|" pos="VBP" wid="2">greet</w>
  <w id="3" lemma="|the|" pos="DT" wid="3">the</w>
  <w id="4" lemma="|farmer|" pos="NNS" wid="4">farmers</w>
  <w id="5" lemma="|from|" pos="IN" wid="5">from</w>
  <w id="6" lemma="|Poland|" pos="NNP" wid="6">Poland</w>
  <w id="7" lemma="|and|" pos="CC" wid="7">and</w>
  <w id="8" lemma="|other|" pos="JJ" wid="8">other</w>
  <w id="9" lemma="|country|" pos="NNS" wid="9">countries</w>
  <w id="10" lemma="|who|" pos="WP" wid="10">who</w>
  <w id="11" lemma="|be|" pos="VBP" wid="11">are</w>
  <w id="12" lemma="|celebrate|" pos="VBG" wid="12">celebrating</w>
  <w id="13" lemma="|they|" pos="PRP$" wid="13">their</w>
  <w id="14" lemma="|Jubilee|" pos="NNP" wid="14">Jubilee</w>
  <w id="15" lemma="|today|" pos="NN" wid="15">today</w>
  <w id="16" lemma="|.|" pos="." wid="16">.</w>
</sentence>
<sentence id="30">
  <w id="0" lemma="|through|" pos="IN" wid="0">Through</w>
  <w id="1" lemma="|you|" pos="PRP$" wid="1">your</w>
  <w id="2" lemma="|daily|" pos="JJ" wid="2">daily</w>
  <w id="3" lemma="|effort|" pos="NNS" wid="3">efforts</w>
  <w id="4" lemma="|you|" pos="PRP" wid="4">you</w>
  <w id="5" lemma="|fulfil|" pos="VBP" wid="5">fulfil</w>
  <w id="6" lemma="|in|" pos="IN" wid="6">in</w>
  <w id="7" lemma="|the|" pos="DT" wid="7">the</w>
  <w id="8" lemma="|most|" pos="RBS" wid="8">most</w>
  <w id="9" lemma="|direct|" pos="JJ" wid="9">direct</w>
  <w id="10" lemma="|way|" pos="NN" wid="10">way</w>
  <w id="11" lemma="|the|" pos="DT" wid="11">the</w>
  <w id="12" lemma="|Creator|" pos="NNP" wid="12">Creator</w>
  <w id="13" lemma="|'s|" pos="POS" wid="13">'s</w>
  <w id="14" lemma="|call|" pos="NN" wid="14">call</w>
  <w id="15" lemma="|for|" pos="IN" wid="15">for</w>
  <w id="16" lemma="|man|" pos="NN" wid="16">man</w>
  <w id="17" lemma="|to|" pos="TO" wid="17">to</w>
  <w id="18" lemma="|subdue|" pos="VB" wid="18">subdue</w>
  <w id="19" lemma="|the|" pos="DT" wid="19">the</w>
  <w id="20" lemma="|earth|" pos="NN" wid="20">earth</w>
  <w id="21" lemma="|.|" pos="." wid="21">.</w>
</sentence>
<sentence id="31">
  <w id="0" lemma="|May|" pos="NNP" wid="0">May</w>
  <w id="1" lemma="|God|" pos="NNP" wid="1">God</w>
  <w id="2" lemma="|bless|" pos="VB" wid="2">bless</w>
  <w id="3" lemma="|you|" pos="PRP" wid="3">you</w>
  <w id="4" lemma="|in|" pos="IN" wid="4">in</w>
  <w id="5" lemma="|you|" pos="PRP$" wid="5">your</w>
  <w id="6" lemma="|work|" pos="NN" wid="6">work</w>
  <w id="7" lemma="|so|" pos="IN" wid="7">so</w>
  <w id="8" lemma="|that|" pos="IN" wid="8">that</w>
  <w id="9" lemma="|all|" pos="DT" wid="9">all</w>
  <w id="10" lemma="|man|" pos="NNS" wid="10">men</w>
  <w id="11" lemma="|and|" pos="CC" wid="11">and</w>
  <w id="12" lemma="|woman|" pos="NNS" wid="12">women</w>
  <w id="13" lemma="|may|" pos="MD" wid="13">may</w>
  <w id="14" lemma="|enjoy|" pos="VB" wid="14">enjoy</w>
  <w id="15" lemma="|its|" pos="PRP$" wid="15">its</w>
  <w id="16" lemma="|fruit|" pos="NNS" wid="16">fruits</w>
  <w id="17" lemma="|in|" pos="IN" wid="17">in</w>
  <w id="18" lemma="|abundance|" pos="NN" wid="18">abundance</w>
  <w id="19" lemma="|.|" pos="." wid="19">.</w>
</sentence>
<sentence id="32">
  <w id="0" lemma="|they|" pos="PRP" wid="0">They</w>
  <w id="1" lemma="|nurture|" pos="VBP" wid="1">nurture</w>
  <w id="2" lemma="|and|" pos="CC" wid="2">and</w>
  <w id="3" lemma="|defend|" pos="VBP" wid="3">defend</w>
  <w id="4" lemma="|.|" pos="." wid="4">.</w>
</sentence>
<sentence id="33">
  <w id="0" lemma="|I|" pos="PRP" wid="0">I</w>
  <w id="1" lemma="|cite|" pos="VBD" wid="1">cited</w>
  <w id="2" lemma="|these|" pos="DT" wid="2">these</w>
  <w id="3" lemma="|word|" pos="NNS" wid="3">words</w>
  <w id="4" lemma="|yesterday|" pos="NN" wid="4">yesterday</w>
  <w id="5" lemma="|.|" pos="." wid="5">.</w>
</sentence>
<sentence id="34">
  <w id="0" lemma="|today|" pos="NN" wid="0">Today</w>
  <w id="1" lemma="|I|" pos="PRP" wid="1">I</w>
  <w id="2" lemma="|repeat|" pos="VBP" wid="2">repeat</w>
  <w id="3" lemma="|they|" pos="PRP" wid="3">them</w>
  <w id="4" lemma="|again|" pos="RB" wid="4">again</w>
  <w id="5" lemma="|.|" pos="." wid="5">.</w>
</sentence>
<sentence id="35">
  <w id="0" lemma="|they|" pos="PRP" wid="0">They</w>
  <w id="1" lemma="|refer|" pos="VBP" wid="1">refer</w>
  <w id="2" lemma="|to|" pos="TO" wid="2">to</w>
  <w id="3" lemma="|you|" pos="PRP" wid="3">you</w>
  <w id="4" lemma="|.|" pos="." wid="4">.</w>
</sentence>
<sentence id="36">
  <w id="0" lemma="|polish|" pos="JJ" wid="0">Polish</w>
  <w id="1" lemma="|farmer|" pos="NNS" wid="1">farmers</w>
  <w id="2" lemma="|,|" pos="," wid="2">,</w>
  <w id="3" lemma="|child|" pos="NNS" wid="3">children</w>
  <w id="4" lemma="|of|" pos="IN" wid="4">of</w>
  <w id="5" lemma="|the|" pos="DT" wid="5">the</w>
  <w id="6" lemma="|polish|" pos="JJ" wid="6">Polish</w>
  <w id="7" lemma="|land|" pos="NN" wid="7">land</w>
  <w id="8" lemma="|,|" pos="," wid="8">,</w>
  <w id="9" lemma="|nurture|" pos="VBD" wid="9">nurtured</w>
  <w id="10" lemma="|and|" pos="CC" wid="10">and</w>
  <w id="11" lemma="|defend|" pos="VBD" wid="11">defended</w>
  <w id="12" lemma="|it|" pos="PRP" wid="12">it</w>
  <w id="13" lemma="|.|" pos="." wid="13">.</w>
</sentence>
<sentence id="37">
  <w id="0" lemma="|therefore|" pos="RB" wid="0">Therefore</w>
  <w id="1" lemma="|they|" pos="PRP" wid="1">they</w>
  <w id="2" lemma="|deserve|" pos="VBP" wid="2">deserve</w>
  <w id="3" lemma="|gratitude|" pos="NN" wid="3">gratitude</w>
  <w id="4" lemma="|and|" pos="CC" wid="4">and</w>
  <w id="5" lemma="|concern|" pos="NN" wid="5">concern</w>
  <w id="6" lemma="|for|" pos="IN" wid="6">for</w>
  <w id="7" lemma="|they|" pos="PRP$" wid="7">their</w>
  <w id="8" lemma="|future|" pos="NN" wid="8">future</w>
  <w id="9" lemma="|.|" pos="." wid="9">.</w>
</sentence>
<sentence id="38">
  <w id="0" lemma="|God|" pos="NNP" wid="0">God</w>
  <w id="1" lemma="|bless|" pos="VB" wid="1">bless</w>
  <w id="2" lemma="|you|" pos="PRP" wid="2">you</w>
  <w id="3" lemma="|!|" pos="." wid="3">!</w>
</sentence>
<sentence id="39">
  <w id="0" lemma="|3|" pos="LS" wid="0">3</w>
  <w id="1" lemma="|.|" pos="." wid="1">.</w>
</sentence>
<sentence id="40">
  <w id="0" lemma="|I|" pos="PRP" wid="0">I</w>
  <w id="1" lemma="|entrust|" pos="VBP" wid="1">entrust</w>
  <w id="2" lemma="|to|" pos="TO" wid="2">to</w>
  <w id="3" lemma="|Mary|" pos="NNP" wid="3">Mary</w>
  <w id="4" lemma="|,|" pos="," wid="4">,</w>
  <w id="5" lemma="|Mother|" pos="NNP" wid="5">Mother</w>
  <w id="6" lemma="|of|" pos="IN" wid="6">of</w>
  <w id="7" lemma="|grace|" pos="NN" wid="7">grace</w>
  <w id="8" lemma="|,|" pos="," wid="8">,</w>
  <w id="9" lemma="|the|" pos="DT" wid="9">the</w>
  <w id="10" lemma="|aspiration|" pos="NNS" wid="10">aspirations</w>
  <w id="11" lemma="|and|" pos="CC" wid="11">and</w>
  <w id="12" lemma="|good|" pos="JJ" wid="12">good</w>
  <w id="13" lemma="|intention|" pos="NNS" wid="13">intentions</w>
  <w id="14" lemma="|result|" pos="VBG" wid="14">resulting</w>
  <w id="15" lemma="|from|" pos="IN" wid="15">from</w>
  <w id="16" lemma="|this|" pos="DT" wid="16">this</w>
  <w id="17" lemma="|day|" pos="NN" wid="17">day</w>
  <w id="18" lemma="|of|" pos="IN" wid="18">of</w>
  <w id="19" lemma="|intense|" pos="JJ" wid="19">intense</w>
  <w id="20" lemma="|ecclesial|" pos="JJ" wid="20">ecclesial</w>
  <w id="21" lemma="|communion|" pos="NN" wid="21">communion</w>
  <w id="22" lemma="|.|" pos="." wid="22">.</w>
</sentence>
<sentence id="41">
  <w id="0" lemma="|we|" pos="PRP" wid="0">We</w>
  <w id="1" lemma="|turn|" pos="VBP" wid="1">turn</w>
  <w id="2" lemma="|we|" pos="PRP$" wid="2">our</w>
  <w id="3" lemma="|thought|" pos="NNS" wid="3">thoughts</w>
  <w id="4" lemma="|now|" pos="RB" wid="4">now</w>
  <w id="5" lemma="|to|" pos="TO" wid="5">to</w>
  <w id="6" lemma="|she|" pos="PRP" wid="6">her</w>
  <w id="7" lemma="|,|" pos="," wid="7">,</w>
  <w id="8" lemma="|confidently|" pos="RB" wid="8">confidently</w>
  <w id="9" lemma="|invoke|" pos="VBG" wid="9">invoking</w>
  <w id="10" lemma="|she|" pos="PRP" wid="10">her</w>
  <w id="11" lemma="|in|" pos="IN" wid="11">in</w>
  <w id="12" lemma="|the|" pos="DT" wid="12">the</w>
  <w id="13" lemma="|word|" pos="NNS" wid="13">words</w>
  <w id="14" lemma="|of|" pos="IN" wid="14">of</w>
  <w id="15" lemma="|the|" pos="DT" wid="15">the</w>
  <w id="16" lemma="|Angelus|" pos="NNP" wid="16">Angelus</w>
  <w id="17" lemma="|.|" pos="." wid="17">.</w>
</sentence>
</corpus>