<corpus id="0">
<sentence id="0">
  <w id="0" lemma="|Dear|" pos="NNP" wid="0">Dear</w>
  <w id="1" lemma="|Brothers|" pos="NNPS" wid="1">Brothers</w>
  <w id="2" lemma="|and|" pos="CC" wid="2">and</w>
  <w id="3" lemma="|sister|" pos="NNS" wid="3">Sisters</w>
  <w id="4" lemma="|,|" pos="," wid="4">,</w>
  <w id="5" lemma="|1|" pos="CD" wid="5">1</w>
  <w id="6" lemma="|.|" pos="." wid="6">.</w>
</sentence>
<sentence id="1">
  <w id="0" lemma="|today|" pos="NN" wid="0">Today</w>
  <w id="1" lemma="|,|" pos="," wid="1">,</w>
  <w id="2" lemma="|the|" pos="DT" wid="2">the</w>
  <w id="3" lemma="|feast|" pos="NN" wid="3">feast</w>
  <w id="4" lemma="|of|" pos="IN" wid="4">of</w>
  <w id="5" lemma="|the|" pos="DT" wid="5">the</w>
  <w id="6" lemma="|baptism|" pos="NN" wid="6">Baptism</w>
  <w id="7" lemma="|of|" pos="IN" wid="7">of</w>
  <w id="8" lemma="|the|" pos="DT" wid="8">the</w>
  <w id="9" lemma="|Lord|" pos="NNP" wid="9">Lord</w>
  <w id="10" lemma="|,|" pos="," wid="10">,</w>
  <w id="11" lemma="|I|" pos="PRP" wid="11">I</w>
  <w id="12" lemma="|have|" pos="VBD" wid="12">had</w>
  <w id="13" lemma="|the|" pos="DT" wid="13">the</w>
  <w id="14" lemma="|joy|" pos="NN" wid="14">joy</w>
  <w id="15" lemma="|of|" pos="IN" wid="15">of</w>
  <w id="16" lemma="|baptize|" pos="VBG" wid="16">baptizing</w>
  <w id="17" lemma="|19|" pos="CD" wid="17">19</w>
  <w id="18" lemma="|newborn|" pos="JJ" wid="18">newborn</w>
  <w id="19" lemma="|baby|" pos="NNS" wid="19">babies</w>
  <w id="20" lemma="|in|" pos="IN" wid="20">in</w>
  <w id="21" lemma="|the|" pos="DT" wid="21">the</w>
  <w id="22" lemma="|Sistine|" pos="NNP" wid="22">Sistine</w>
  <w id="23" lemma="|chapel|" pos="NN" wid="23">Chapel</w>
  <w id="24" lemma="|.|" pos="." wid="24">.</w>
</sentence>
<sentence id="2">
  <w id="0" lemma="|I|" pos="PRP" wid="0">I</w>
  <w id="1" lemma="|extend|" pos="VBP" wid="1">extend</w>
  <w id="2" lemma="|a|" pos="DT" wid="2">an</w>
  <w id="3" lemma="|affectionate|" pos="JJ" wid="3">affectionate</w>
  <w id="4" lemma="|greet|" pos="VBG" wid="4">greeting</w>
  <w id="5" lemma="|and|" pos="CC" wid="5">and</w>
  <w id="6" lemma="|embrace|" pos="VBP" wid="6">embrace</w>
  <w id="7" lemma="|to|" pos="TO" wid="7">to</w>
  <w id="8" lemma="|each|" pos="DT" wid="8">each</w>
  <w id="9" lemma="|of|" pos="IN" wid="9">of</w>
  <w id="10" lemma="|these|" pos="DT" wid="10">these</w>
  <w id="11" lemma="|child|" pos="NNS" wid="11">children</w>
  <w id="12" lemma="|,|" pos="," wid="12">,</w>
  <w id="13" lemma="|as|" pos="RB" wid="13">as</w>
  <w id="14" lemma="|well|" pos="RB" wid="14">well</w>
  <w id="15" lemma="|as|" pos="IN" wid="15">as</w>
  <w id="16" lemma="|to|" pos="TO" wid="16">to</w>
  <w id="17" lemma="|they|" pos="PRP$" wid="17">their</w>
  <w id="18" lemma="|parent|" pos="NNS" wid="18">parents</w>
  <w id="19" lemma="|and|" pos="CC" wid="19">and</w>
  <w id="20" lemma="|relative|" pos="NNS" wid="20">relatives</w>
  <w id="21" lemma="|.|" pos="." wid="21">.</w>
</sentence>
<sentence id="3">
  <w id="0" lemma="|today|" pos="NN" wid="0">Today</w>
  <w id="1" lemma="|'s|" pos="POS" wid="1">'s</w>
  <w id="2" lemma="|feast|" pos="NN" wid="2">feast</w>
  <w id="3" lemma="|stress|" pos="VBZ" wid="3">stresses</w>
  <w id="4" lemma="|how|" pos="WRB" wid="4">how</w>
  <w id="5" lemma="|Jesus|" pos="NNP" wid="5">Jesus</w>
  <w id="6" lemma="|,|" pos="," wid="6">,</w>
  <w id="7" lemma="|at|" pos="IN" wid="7">at</w>
  <w id="8" lemma="|the|" pos="DT" wid="8">the</w>
  <w id="9" lemma="|beginning|" pos="NN" wid="9">beginning</w>
  <w id="10" lemma="|of|" pos="IN" wid="10">of</w>
  <w id="11" lemma="|he|" pos="PRP$" wid="11">his</w>
  <w id="12" lemma="|public|" pos="JJ" wid="12">public</w>
  <w id="13" lemma="|life|" pos="NN" wid="13">life</w>
  <w id="14" lemma="|,|" pos="," wid="14">,</w>
  <w id="15" lemma="|want|" pos="VBD" wid="15">wanted</w>
  <w id="16" lemma="|to|" pos="TO" wid="16">to</w>
  <w id="17" lemma="|receive|" pos="VB" wid="17">receive</w>
  <w id="18" lemma="|the|" pos="DT" wid="18">the</w>
  <w id="19" lemma="|``|" pos="``" wid="19">``</w>
  <w id="20" lemma="|baptism|" pos="NN" wid="20">baptism</w>
  <w id="21" lemma="|of|" pos="IN" wid="21">of</w>
  <w id="22" lemma="|conversion|" pos="NN" wid="22">conversion</w>
  <w id="23" lemma="|''|" pos="''" wid="23">''</w>
  <w id="24" lemma="|-lrb-|" pos="-LRB-" wid="24">-LRB-</w>
  <w id="25" lemma="|lk|" pos="FW" wid="25">Lk</w>
  <w id="26" lemma="|3:3|" pos="FW" wid="26">3:3</w>
  <w id="27" lemma="|-rrb-|" pos="-RRB-" wid="27">-RRB-</w>
  <w id="28" lemma="|,|" pos="," wid="28">,</w>
  <w id="29" lemma="|administer|" pos="VBN" wid="29">administered</w>
  <w id="30" lemma="|by|" pos="IN" wid="30">by</w>
  <w id="31" lemma="|John|" pos="NNP" wid="31">John</w>
  <w id="32" lemma="|in|" pos="IN" wid="32">in</w>
  <w id="33" lemma="|the|" pos="DT" wid="33">the</w>
  <w id="34" lemma="|Jordan|" pos="NNP" wid="34">Jordan</w>
  <w id="35" lemma="|.|" pos="." wid="35">.</w>
</sentence>
<sentence id="4">
  <w id="0" lemma="|this|" pos="DT" wid="0">This</w>
  <w id="1" lemma="|act|" pos="NN" wid="1">act</w>
  <w id="2" lemma="|,|" pos="," wid="2">,</w>
  <w id="3" lemma="|by|" pos="IN" wid="3">by</w>
  <w id="4" lemma="|which|" pos="WDT" wid="4">which</w>
  <w id="5" lemma="|he|" pos="PRP" wid="5">he</w>
  <w id="6" lemma="|,|" pos="," wid="6">,</w>
  <w id="7" lemma="|though|" pos="IN" wid="7">though</w>
  <w id="8" lemma="|innocent|" pos="JJ" wid="8">innocent</w>
  <w id="9" lemma="|,|" pos="," wid="9">,</w>
  <w id="10" lemma="|show|" pos="VBD" wid="10">showed</w>
  <w id="11" lemma="|he|" pos="PRP$" wid="11">his</w>
  <w id="12" lemma="|solidarity|" pos="NN" wid="12">solidarity</w>
  <w id="13" lemma="|with|" pos="IN" wid="13">with</w>
  <w id="14" lemma="|sinner|" pos="NNS" wid="14">sinners</w>
  <w id="15" lemma="|,|" pos="," wid="15">,</w>
  <w id="16" lemma="|become|" pos="VBD" wid="16">became</w>
  <w id="17" lemma="|a|" pos="DT" wid="17">a</w>
  <w id="18" lemma="|moment|" pos="NN" wid="18">moment</w>
  <w id="19" lemma="|of|" pos="IN" wid="19">of</w>
  <w id="20" lemma="|revelation|" pos="NN" wid="20">revelation</w>
  <w id="21" lemma="|.|" pos="." wid="21">.</w>
</sentence>
<sentence id="5">
  <w id="0" lemma="|in|" pos="IN" wid="0">In</w>
  <w id="1" lemma="|fact|" pos="NN" wid="1">fact</w>
  <w id="2" lemma="|,|" pos="," wid="2">,</w>
  <w id="3" lemma="|as|" pos="IN" wid="3">as</w>
  <w id="4" lemma="|he|" pos="PRP" wid="4">he</w>
  <w id="5" lemma="|come|" pos="VBD" wid="5">came</w>
  <w id="6" lemma="|out|" pos="IN" wid="6">out</w>
  <w id="7" lemma="|of|" pos="IN" wid="7">of</w>
  <w id="8" lemma="|the|" pos="DT" wid="8">the</w>
  <w id="9" lemma="|water|" pos="NN" wid="9">water</w>
  <w id="10" lemma="|,|" pos="," wid="10">,</w>
  <w id="11" lemma="|``|" pos="``" wid="11">``</w>
  <w id="12" lemma="|immediately|" pos="RB" wid="12">immediately</w>
  <w id="13" lemma="|he|" pos="PRP" wid="13">he</w>
  <w id="14" lemma="|see|" pos="VBD" wid="14">saw</w>
  <w id="15" lemma="|the|" pos="DT" wid="15">the</w>
  <w id="16" lemma="|heaven|" pos="NNS" wid="16">heavens</w>
  <w id="17" lemma="|open|" pos="VBD" wid="17">opened</w>
  <w id="18" lemma="|and|" pos="CC" wid="18">and</w>
  <w id="19" lemma="|the|" pos="DT" wid="19">the</w>
  <w id="20" lemma="|spirit|" pos="NN" wid="20">Spirit</w>
  <w id="21" lemma="|descend|" pos="VBG" wid="21">descending</w>
  <w id="22" lemma="|upon|" pos="IN" wid="22">upon</w>
  <w id="23" lemma="|he|" pos="PRP" wid="23">him</w>
  <w id="24" lemma="|like|" pos="IN" wid="24">like</w>
  <w id="25" lemma="|a|" pos="DT" wid="25">a</w>
  <w id="26" lemma="|dive|" pos="VBN" wid="26">dove</w>
  <w id="27" lemma="|''|" pos="''" wid="27">''</w>
  <w id="28" lemma="|-lrb-|" pos="-LRB-" wid="28">-LRB-</w>
  <w id="29" lemma="|mk|" pos="NN" wid="29">Mk</w>
  <w id="30" lemma="|1:10|" pos="CD" wid="30">1:10</w>
  <w id="31" lemma="|-rrb-|" pos="-RRB-" wid="31">-RRB-</w>
  <w id="32" lemma="|.|" pos="." wid="32">.</w>
</sentence>
<sentence id="6">
  <w id="0" lemma="|by|" pos="IN" wid="0">By</w>
  <w id="1" lemma="|this|" pos="DT" wid="1">this</w>
  <w id="2" lemma="|singular|" pos="JJ" wid="2">singular</w>
  <w id="3" lemma="|experience|" pos="NN" wid="3">experience</w>
  <w id="4" lemma="|,|" pos="," wid="4">,</w>
  <w id="5" lemma="|Jesus|" pos="NNP" wid="5">Jesus</w>
  <w id="6" lemma="|be|" pos="VBZ" wid="6">is</w>
  <w id="7" lemma="|accredit|" pos="VBN" wid="7">accredited</w>
  <w id="8" lemma="|as|" pos="IN" wid="8">as</w>
  <w id="9" lemma="|the|" pos="DT" wid="9">the</w>
  <w id="10" lemma="|Messiah|" pos="NNP" wid="10">Messiah</w>
  <w id="11" lemma="|await|" pos="VBD" wid="11">awaited</w>
  <w id="12" lemma="|for|" pos="IN" wid="12">for</w>
  <w id="13" lemma="|century|" pos="NNS" wid="13">centuries</w>
  <w id="14" lemma="|.|" pos="." wid="14">.</w>
</sentence>
<sentence id="7">
  <w id="0" lemma="|2|" pos="CD" wid="0">2</w>
  <w id="1" lemma="|.|" pos="." wid="1">.</w>
</sentence>
<sentence id="8">
  <w id="0" lemma="|in|" pos="IN" wid="0">In</w>
  <w id="1" lemma="|the|" pos="DT" wid="1">the</w>
  <w id="2" lemma="|Jordan|" pos="NNP" wid="2">Jordan</w>
  <w id="3" lemma="|the|" pos="DT" wid="3">the</w>
  <w id="4" lemma="|voice|" pos="NN" wid="4">voice</w>
  <w id="5" lemma="|of|" pos="IN" wid="5">of</w>
  <w id="6" lemma="|the|" pos="DT" wid="6">the</w>
  <w id="7" lemma="|Father|" pos="NNP" wid="7">Father</w>
  <w id="8" lemma="|resound|" pos="VBZ" wid="8">resounds</w>
  <w id="9" lemma="|:|" pos=":" wid="9">:</w>
  <w id="10" lemma="|``|" pos="``" wid="10">``</w>
  <w id="11" lemma="|you|" pos="PRP" wid="11">You</w>
  <w id="12" lemma="|be|" pos="VBP" wid="12">are</w>
  <w id="13" lemma="|my|" pos="PRP$" wid="13">my</w>
  <w id="14" lemma="|beloved|" pos="JJ" wid="14">beloved</w>
  <w id="15" lemma="|Son|" pos="NNP" wid="15">Son</w>
  <w id="16" lemma="|;|" pos=":" wid="16">;</w>
  <w id="17" lemma="|with|" pos="IN" wid="17">with</w>
  <w id="18" lemma="|you|" pos="PRP" wid="18">you</w>
  <w id="19" lemma="|I|" pos="PRP" wid="19">I</w>
  <w id="20" lemma="|be|" pos="VBP" wid="20">am</w>
  <w id="21" lemma="|well|" pos="RB" wid="21">well</w>
  <w id="22" lemma="|pleased|" pos="JJ" wid="22">pleased</w>
  <w id="23" lemma="|''|" pos="''" wid="23">''</w>
  <w id="24" lemma="|-lrb-|" pos="-LRB-" wid="24">-LRB-</w>
  <w id="25" lemma="|mk|" pos="NN" wid="25">Mk</w>
  <w id="26" lemma="|1:11|" pos="CD" wid="26">1:11</w>
  <w id="27" lemma="|-rrb-|" pos="-RRB-" wid="27">-RRB-</w>
  <w id="28" lemma="|.|" pos="." wid="28">.</w>
</sentence>
<sentence id="9">
  <w id="0" lemma="|these|" pos="DT" wid="0">These</w>
  <w id="1" lemma="|word|" pos="NNS" wid="1">words</w>
  <w id="2" lemma="|shed|" pos="VBP" wid="2">shed</w>
  <w id="3" lemma="|light|" pos="NN" wid="3">light</w>
  <w id="4" lemma="|on|" pos="IN" wid="4">on</w>
  <w id="5" lemma="|the|" pos="DT" wid="5">the</w>
  <w id="6" lemma="|mystery|" pos="NN" wid="6">mystery</w>
  <w id="7" lemma="|of|" pos="IN" wid="7">of</w>
  <w id="8" lemma="|Jesus|" pos="NNP" wid="8">Jesus</w>
  <w id="9" lemma="|Christ|" pos="NNP" wid="9">Christ</w>
  <w id="10" lemma="|:|" pos=":" wid="10">:</w>
  <w id="11" lemma="|he|" pos="PRP" wid="11">he</w>
  <w id="12" lemma="|be|" pos="VBZ" wid="12">is</w>
  <w id="13" lemma="|not|" pos="RB" wid="13">not</w>
  <w id="14" lemma="|only|" pos="RB" wid="14">only</w>
  <w id="15" lemma="|a|" pos="DT" wid="15">a</w>
  <w id="16" lemma="|``|" pos="``" wid="16">``</w>
  <w id="17" lemma="|man|" pos="NN" wid="17">man</w>
  <w id="18" lemma="|of|" pos="IN" wid="18">of</w>
  <w id="19" lemma="|God|" pos="NNP" wid="19">God</w>
  <w id="20" lemma="|''|" pos="''" wid="20">''</w>
  <w id="21" lemma="|,|" pos="," wid="21">,</w>
  <w id="22" lemma="|like|" pos="IN" wid="22">like</w>
  <w id="23" lemma="|the|" pos="DT" wid="23">the</w>
  <w id="24" lemma="|prophet|" pos="NNS" wid="24">prophets</w>
  <w id="25" lemma="|and|" pos="CC" wid="25">and</w>
  <w id="26" lemma="|saint|" pos="NNS" wid="26">saints</w>
  <w id="27" lemma="|,|" pos="," wid="27">,</w>
  <w id="28" lemma="|but|" pos="CC" wid="28">but</w>
  <w id="29" lemma="|the|" pos="DT" wid="29">the</w>
  <w id="30" lemma="|Son|" pos="NNP" wid="30">Son</w>
  <w id="31" lemma="|,|" pos="," wid="31">,</w>
  <w id="32" lemma="|the|" pos="DT" wid="32">the</w>
  <w id="33" lemma="|Only-Begotten|" pos="NNP" wid="33">Only-Begotten</w>
  <w id="34" lemma="|one|" pos="CD" wid="34">One</w>
  <w id="35" lemma="|-lrb-|" pos="-LRB-" wid="35">-LRB-</w>
  <w id="36" lemma="|jn|" pos="NN" wid="36">Jn</w>
  <w id="37" lemma="|1:18|" pos="CD" wid="37">1:18</w>
  <w id="38" lemma="|-rrb-|" pos="-RRB-" wid="38">-RRB-</w>
  <w id="39" lemma="|.|" pos="." wid="39">.</w>
</sentence>
<sentence id="10">
  <w id="0" lemma="|as|" pos="IN" wid="0">As</w>
  <w id="1" lemma="|the|" pos="DT" wid="1">the</w>
  <w id="2" lemma="|eternal|" pos="JJ" wid="2">eternal</w>
  <w id="3" lemma="|Son|" pos="NNP" wid="3">Son</w>
  <w id="4" lemma="|,|" pos="," wid="4">,</w>
  <w id="5" lemma="|Jesus|" pos="NNP" wid="5">Jesus</w>
  <w id="6" lemma="|be|" pos="VBZ" wid="6">is</w>
  <w id="7" lemma="|consubstantial|" pos="JJ" wid="7">consubstantial</w>
  <w id="8" lemma="|with|" pos="IN" wid="8">with</w>
  <w id="9" lemma="|the|" pos="DT" wid="9">the</w>
  <w id="10" lemma="|Father|" pos="NNP" wid="10">Father</w>
  <w id="11" lemma="|and|" pos="CC" wid="11">and</w>
  <w id="12" lemma="|the|" pos="DT" wid="12">the</w>
  <w id="13" lemma="|holy|" pos="JJ" wid="13">Holy</w>
  <w id="14" lemma="|spirit|" pos="NN" wid="14">Spirit</w>
  <w id="15" lemma="|and|" pos="CC" wid="15">and</w>
  <w id="16" lemma="|live|" pos="VBZ" wid="16">lives</w>
  <w id="17" lemma="|eternally|" pos="RB" wid="17">eternally</w>
  <w id="18" lemma="|in|" pos="IN" wid="18">in</w>
  <w id="19" lemma="|the|" pos="DT" wid="19">the</w>
  <w id="20" lemma="|trinitarian|" pos="JJ" wid="20">Trinitarian</w>
  <w id="21" lemma="|communion|" pos="NN" wid="21">communion</w>
  <w id="22" lemma="|of|" pos="IN" wid="22">of</w>
  <w id="23" lemma="|the|" pos="DT" wid="23">the</w>
  <w id="24" lemma="|one|" pos="CD" wid="24">one</w>
  <w id="25" lemma="|God|" pos="NNP" wid="25">God</w>
  <w id="26" lemma="|.|" pos="." wid="26">.</w>
</sentence>
<sentence id="11">
  <w id="0" lemma="|in|" pos="IN" wid="0">In</w>
  <w id="1" lemma="|the|" pos="DT" wid="1">the</w>
  <w id="2" lemma="|Incarnation|" pos="NNP" wid="2">Incarnation</w>
  <w id="3" lemma="|,|" pos="," wid="3">,</w>
  <w id="4" lemma="|the|" pos="DT" wid="4">the</w>
  <w id="5" lemma="|spirit|" pos="NN" wid="5">Spirit</w>
  <w id="6" lemma="|of|" pos="IN" wid="6">of</w>
  <w id="7" lemma="|God|" pos="NNP" wid="7">God</w>
  <w id="8" lemma="|completely|" pos="RB" wid="8">completely</w>
  <w id="9" lemma="|fill|" pos="VBZ" wid="9">fills</w>
  <w id="10" lemma="|he|" pos="PRP$" wid="10">his</w>
  <w id="11" lemma="|humanity|" pos="NN" wid="11">humanity</w>
  <w id="12" lemma="|.|" pos="." wid="12">.</w>
</sentence>
<sentence id="12">
  <w id="0" lemma="|at|" pos="IN" wid="0">At</w>
  <w id="1" lemma="|he|" pos="PRP$" wid="1">his</w>
  <w id="2" lemma="|baptism|" pos="NN" wid="2">Baptism</w>
  <w id="3" lemma="|in|" pos="IN" wid="3">in</w>
  <w id="4" lemma="|the|" pos="DT" wid="4">the</w>
  <w id="5" lemma="|Jordan|" pos="NNP" wid="5">Jordan</w>
  <w id="6" lemma="|,|" pos="," wid="6">,</w>
  <w id="7" lemma="|the|" pos="DT" wid="7">the</w>
  <w id="8" lemma="|spirit|" pos="NN" wid="8">Spirit</w>
  <w id="9" lemma="|rest|" pos="VBZ" wid="9">rests</w>
  <w id="10" lemma="|upon|" pos="IN" wid="10">upon</w>
  <w id="11" lemma="|he|" pos="PRP" wid="11">him</w>
  <w id="12" lemma="|to|" pos="TO" wid="12">to</w>
  <w id="13" lemma="|initiate|" pos="VB" wid="13">initiate</w>
  <w id="14" lemma="|he|" pos="PRP" wid="14">him</w>
  <w id="15" lemma="|into|" pos="IN" wid="15">into</w>
  <w id="16" lemma="|the|" pos="DT" wid="16">the</w>
  <w id="17" lemma="|messianic|" pos="JJ" wid="17">messianic</w>
  <w id="18" lemma="|ministry|" pos="NN" wid="18">ministry</w>
  <w id="19" lemma="|and|" pos="CC" wid="19">and</w>
  <w id="20" lemma="|to|" pos="TO" wid="20">to</w>
  <w id="21" lemma="|inaugurate|" pos="VB" wid="21">inaugurate</w>
  <w id="22" lemma="|that|" pos="IN" wid="22">that</w>
  <w id="23" lemma="|great|" pos="JJ" wid="23">great</w>
  <w id="24" lemma="|``|" pos="``" wid="24">``</w>
  <w id="25" lemma="|hour|" pos="NN" wid="25">hour</w>
  <w id="26" lemma="|''|" pos="''" wid="26">''</w>
  <w id="27" lemma="|of|" pos="IN" wid="27">of</w>
  <w id="28" lemma="|grace|" pos="NN" wid="28">grace</w>
  <w id="29" lemma="|which|" pos="WDT" wid="29">which</w>
  <w id="30" lemma="|will|" pos="MD" wid="30">will</w>
  <w id="31" lemma="|be|" pos="VB" wid="31">be</w>
  <w id="32" lemma="|complete|" pos="VBN" wid="32">completed</w>
  <w id="33" lemma="|by|" pos="IN" wid="33">by</w>
  <w id="34" lemma="|he|" pos="PRP$" wid="34">his</w>
  <w id="35" lemma="|death|" pos="NN" wid="35">Death</w>
  <w id="36" lemma="|and|" pos="CC" wid="36">and</w>
  <w id="37" lemma="|resurrection|" pos="NN" wid="37">Resurrection</w>
  <w id="38" lemma="|.|" pos="." wid="38">.</w>
</sentence>
<sentence id="13">
  <w id="0" lemma="|indeed|" pos="RB" wid="0">Indeed</w>
  <w id="1" lemma="|,|" pos="," wid="1">,</w>
  <w id="2" lemma="|Jesus|" pos="NNP" wid="2">Jesus</w>
  <w id="3" lemma="|Christ|" pos="NNP" wid="3">Christ</w>
  <w id="4" lemma="|be|" pos="VBZ" wid="4">is</w>
  <w id="5" lemma="|the|" pos="DT" wid="5">the</w>
  <w id="6" lemma="|inexhaustble|" pos="JJ" wid="6">inexhaustble</w>
  <w id="7" lemma="|source|" pos="NN" wid="7">source</w>
  <w id="8" lemma="|of|" pos="IN" wid="8">of</w>
  <w id="9" lemma="|God|" pos="NNP" wid="9">God</w>
  <w id="10" lemma="|'s|" pos="POS" wid="10">'s</w>
  <w id="11" lemma="|spirit|" pos="NN" wid="11">Spirit</w>
  <w id="12" lemma="|for|" pos="IN" wid="12">for</w>
  <w id="13" lemma="|every|" pos="DT" wid="13">every</w>
  <w id="14" lemma="|man|" pos="NN" wid="14">man</w>
  <w id="15" lemma="|and|" pos="CC" wid="15">and</w>
  <w id="16" lemma="|woman|" pos="NN" wid="16">woman</w>
  <w id="17" lemma="|who|" pos="WP" wid="17">who</w>
  <w id="18" lemma="|be|" pos="VBZ" wid="18">is</w>
  <w id="19" lemma="|open|" pos="JJ" wid="19">open</w>
  <w id="20" lemma="|to|" pos="TO" wid="20">to</w>
  <w id="21" lemma="|he|" pos="PRP$" wid="21">his</w>
  <w id="22" lemma="|offer|" pos="NN" wid="22">offer</w>
  <w id="23" lemma="|of|" pos="IN" wid="23">of</w>
  <w id="24" lemma="|salvation|" pos="NN" wid="24">salvation</w>
  <w id="25" lemma="|.|" pos="." wid="25">.</w>
</sentence>
<sentence id="14">
  <w id="0" lemma="|3|" pos="LS" wid="0">3</w>
  <w id="1" lemma="|.|" pos="." wid="1">.</w>
</sentence>
<sentence id="15">
  <w id="0" lemma="|Dear|" pos="NNP" wid="0">Dear</w>
  <w id="1" lemma="|brother|" pos="NNS" wid="1">brothers</w>
  <w id="2" lemma="|and|" pos="CC" wid="2">and</w>
  <w id="3" lemma="|sister|" pos="NNS" wid="3">sisters</w>
  <w id="4" lemma="|,|" pos="," wid="4">,</w>
  <w id="5" lemma="|today|" pos="NN" wid="5">today</w>
  <w id="6" lemma="|'s|" pos="POS" wid="6">'s</w>
  <w id="7" lemma="|feast|" pos="NN" wid="7">feast</w>
  <w id="8" lemma="|shed|" pos="VBZ" wid="8">sheds</w>
  <w id="9" lemma="|light|" pos="NN" wid="9">light</w>
  <w id="10" lemma="|on|" pos="IN" wid="10">on</w>
  <w id="11" lemma="|one|" pos="CD" wid="11">one</w>
  <w id="12" lemma="|of|" pos="IN" wid="12">of</w>
  <w id="13" lemma="|the|" pos="DT" wid="13">the</w>
  <w id="14" lemma="|spiritual|" pos="JJ" wid="14">spiritual</w>
  <w id="15" lemma="|priority|" pos="NNS" wid="15">priorities</w>
  <w id="16" lemma="|of|" pos="IN" wid="16">of</w>
  <w id="17" lemma="|we|" pos="PRP$" wid="17">our</w>
  <w id="18" lemma="|journey|" pos="NN" wid="18">journey</w>
  <w id="19" lemma="|towards|" pos="IN" wid="19">towards</w>
  <w id="20" lemma="|the|" pos="DT" wid="20">the</w>
  <w id="21" lemma="|Holy|" pos="NNP" wid="21">Holy</w>
  <w id="22" lemma="|Year|" pos="NNP" wid="22">Year</w>
  <w id="23" lemma="|:|" pos=":" wid="23">:</w>
  <w id="24" lemma="|the|" pos="DT" wid="24">the</w>
  <w id="25" lemma="|need|" pos="NN" wid="25">need</w>
  <w id="26" lemma="|to|" pos="TO" wid="26">to</w>
  <w id="27" lemma="|have|" pos="VB" wid="27">have</w>
  <w id="28" lemma="|a|" pos="DT" wid="28">an</w>
  <w id="29" lemma="|ever|" pos="RB" wid="29">ever</w>
  <w id="30" lemma="|deeper|" pos="JJR" wid="30">deeper</w>
  <w id="31" lemma="|awareness|" pos="NN" wid="31">awareness</w>
  <w id="32" lemma="|of|" pos="IN" wid="32">of</w>
  <w id="33" lemma="|Baptism|" pos="NNP" wid="33">Baptism</w>
  <w id="34" lemma="|as|" pos="IN" wid="34">as</w>
  <w id="35" lemma="|``|" pos="``" wid="35">``</w>
  <w id="36" lemma="|the|" pos="DT" wid="36">the</w>
  <w id="37" lemma="|basis|" pos="NN" wid="37">basis</w>
  <w id="38" lemma="|of|" pos="IN" wid="38">of</w>
  <w id="39" lemma="|christian|" pos="JJ" wid="39">Christian</w>
  <w id="40" lemma="|living|" pos="NN" wid="40">living</w>
  <w id="41" lemma="|''|" pos="''" wid="41">''</w>
  <w id="42" lemma="|-lrb-|" pos="-LRB-" wid="42">-LRB-</w>
  <w id="43" lemma="|tertio|" pos="FW" wid="43">Tertio</w>
  <w id="44" lemma="|millennio|" pos="FW" wid="44">millennio</w>
  <w id="45" lemma="|adveniente|" pos="NN" wid="45">adveniente</w>
  <w id="46" lemma="|,|" pos="," wid="46">,</w>
  <w id="47" lemma="|n.|" pos="NN" wid="47">n.</w>
  <w id="48" lemma="|41|" pos="CD" wid="48">41</w>
  <w id="49" lemma="|-rrb-|" pos="-RRB-" wid="49">-RRB-</w>
  <w id="50" lemma="|.|" pos="." wid="50">.</w>
</sentence>
<sentence id="16">
  <w id="0" lemma="|those|" pos="DT" wid="0">Those</w>
  <w id="1" lemma="|who|" pos="WP" wid="1">who</w>
  <w id="2" lemma="|receive|" pos="VBP" wid="2">receive</w>
  <w id="3" lemma="|this|" pos="DT" wid="3">this</w>
  <w id="4" lemma="|sacrament|" pos="NN" wid="4">sacrament</w>
  <w id="5" lemma="|be|" pos="VBP" wid="5">are</w>
  <w id="6" lemma="|baptize|" pos="VBN" wid="6">baptized</w>
  <w id="7" lemma="|in|" pos="IN" wid="7">in</w>
  <w id="8" lemma="|the|" pos="DT" wid="8">the</w>
  <w id="9" lemma="|spirit|" pos="NN" wid="9">Spirit</w>
  <w id="10" lemma="|of|" pos="IN" wid="10">of</w>
  <w id="11" lemma="|God|" pos="NNP" wid="11">God</w>
  <w id="12" lemma="|,|" pos="," wid="12">,</w>
  <w id="13" lemma="|to|" pos="TO" wid="13">to</w>
  <w id="14" lemma="|become|" pos="VB" wid="14">become</w>
  <w id="15" lemma="|member|" pos="NNS" wid="15">members</w>
  <w id="16" lemma="|of|" pos="IN" wid="16">of</w>
  <w id="17" lemma="|Christ|" pos="NNP" wid="17">Christ</w>
  <w id="18" lemma="|and|" pos="CC" wid="18">and</w>
  <w id="19" lemma="|,|" pos="," wid="19">,</w>
  <w id="20" lemma="|with|" pos="IN" wid="20">with</w>
  <w id="21" lemma="|he|" pos="PRP" wid="21">him</w>
  <w id="22" lemma="|and|" pos="CC" wid="22">and</w>
  <w id="23" lemma="|with|" pos="IN" wid="23">with</w>
  <w id="24" lemma="|we|" pos="PRP$" wid="24">our</w>
  <w id="25" lemma="|brother|" pos="NNS" wid="25">brothers</w>
  <w id="26" lemma="|and|" pos="CC" wid="26">and</w>
  <w id="27" lemma="|sister|" pos="NNS" wid="27">sisters</w>
  <w id="28" lemma="|,|" pos="," wid="28">,</w>
  <w id="29" lemma="|to|" pos="TO" wid="29">to</w>
  <w id="30" lemma="|form|" pos="VB" wid="30">form</w>
  <w id="31" lemma="|``|" pos="``" wid="31">``</w>
  <w id="32" lemma="|one|" pos="CD" wid="32">one</w>
  <w id="33" lemma="|body|" pos="NN" wid="33">body</w>
  <w id="34" lemma="|''|" pos="''" wid="34">''</w>
  <w id="35" lemma="|-lrb-|" pos="-LRB-" wid="35">-LRB-</w>
  <w id="36" lemma="|1|" pos="CD" wid="36">1</w>
  <w id="37" lemma="|cor|" pos="NN" wid="37">Cor</w>
  <w id="38" lemma="|12:13|" pos="CD" wid="38">12:13</w>
  <w id="39" lemma="|-rrb-|" pos="-RRB-" wid="39">-RRB-</w>
  <w id="40" lemma="|.|" pos="." wid="40">.</w>
</sentence>
<sentence id="17">
  <w id="0" lemma="|a|" pos="DT" wid="0">An</w>
  <w id="1" lemma="|immense|" pos="JJ" wid="1">immense</w>
  <w id="2" lemma="|gift|" pos="NN" wid="2">gift</w>
  <w id="3" lemma="|!|" pos="." wid="3">!</w>
</sentence>
<sentence id="18">
  <w id="0" lemma="|we|" pos="PRP" wid="0">We</w>
  <w id="1" lemma="|should|" pos="MD" wid="1">should</w>
  <w id="2" lemma="|celebrate|" pos="VB" wid="2">celebrate</w>
  <w id="3" lemma="|the|" pos="DT" wid="3">the</w>
  <w id="4" lemma="|day|" pos="NN" wid="4">day</w>
  <w id="5" lemma="|of|" pos="IN" wid="5">of</w>
  <w id="6" lemma="|we|" pos="PRP$" wid="6">our</w>
  <w id="7" lemma="|baptism|" pos="NN" wid="7">Baptism</w>
  <w id="8" lemma="|as|" pos="IN" wid="8">as</w>
  <w id="9" lemma="|we|" pos="PRP" wid="9">we</w>
  <w id="10" lemma="|do|" pos="VBP" wid="10">do</w>
  <w id="11" lemma="|we|" pos="PRP$" wid="11">our</w>
  <w id="12" lemma="|birthday|" pos="NN" wid="12">birthday</w>
  <w id="13" lemma="|!|" pos="." wid="13">!</w>
</sentence>
<sentence id="19">
  <w id="0" lemma="|but|" pos="CC" wid="0">But</w>
  <w id="1" lemma="|how|" pos="WRB" wid="1">how</w>
  <w id="2" lemma="|many|" pos="JJ" wid="2">many</w>
  <w id="3" lemma="|of|" pos="IN" wid="3">of</w>
  <w id="4" lemma="|the|" pos="DT" wid="4">the</w>
  <w id="5" lemma="|baptize|" pos="VBN" wid="5">baptized</w>
  <w id="6" lemma="|be|" pos="VBP" wid="6">are</w>
  <w id="7" lemma="|fully|" pos="RB" wid="7">fully</w>
  <w id="8" lemma="|aware|" pos="JJ" wid="8">aware</w>
  <w id="9" lemma="|of|" pos="IN" wid="9">of</w>
  <w id="10" lemma="|what|" pos="WP" wid="10">what</w>
  <w id="11" lemma="|they|" pos="PRP" wid="11">they</w>
  <w id="12" lemma="|have|" pos="VBP" wid="12">have</w>
  <w id="13" lemma="|receive|" pos="VBN" wid="13">received</w>
  <w id="14" lemma="|?|" pos="." wid="14">?</w>
</sentence>
<sentence id="20">
  <w id="0" lemma="|we|" pos="PRP" wid="0">We</w>
  <w id="1" lemma="|must|" pos="MD" wid="1">must</w>
  <w id="2" lemma="|give|" pos="VB" wid="2">give</w>
  <w id="3" lemma="|a|" pos="DT" wid="3">a</w>
  <w id="4" lemma="|new|" pos="JJ" wid="4">new</w>
  <w id="5" lemma="|impetus|" pos="NN" wid="5">impetus</w>
  <w id="6" lemma="|to|" pos="TO" wid="6">to</w>
  <w id="7" lemma="|catechesis|" pos="NN" wid="7">catechesis</w>
  <w id="8" lemma="|,|" pos="," wid="8">,</w>
  <w id="9" lemma="|to|" pos="TO" wid="9">to</w>
  <w id="10" lemma="|rediscover|" pos="VB" wid="10">rediscover</w>
  <w id="11" lemma="|this|" pos="DT" wid="11">this</w>
  <w id="12" lemma="|gift|" pos="NN" wid="12">gift</w>
  <w id="13" lemma="|which|" pos="WDT" wid="13">which</w>
  <w id="14" lemma="|also|" pos="RB" wid="14">also</w>
  <w id="15" lemma="|mean|" pos="VBZ" wid="15">means</w>
  <w id="16" lemma="|take|" pos="VBG" wid="16">taking</w>
  <w id="17" lemma="|on|" pos="RP" wid="17">on</w>
  <w id="18" lemma="|a|" pos="DT" wid="18">a</w>
  <w id="19" lemma="|great|" pos="JJ" wid="19">great</w>
  <w id="20" lemma="|responsibility|" pos="NN" wid="20">responsibility</w>
  <w id="21" lemma="|.|" pos="." wid="21">.</w>
</sentence>
<sentence id="21">
  <w id="0" lemma="|May|" pos="NNP" wid="0">May</w>
  <w id="1" lemma="|the|" pos="DT" wid="1">the</w>
  <w id="2" lemma="|Mother|" pos="NNP" wid="2">Mother</w>
  <w id="3" lemma="|of|" pos="IN" wid="3">of</w>
  <w id="4" lemma="|God|" pos="NNP" wid="4">God</w>
  <w id="5" lemma="|,|" pos="," wid="5">,</w>
  <w id="6" lemma="|the|" pos="DT" wid="6">the</w>
  <w id="7" lemma="|Mother|" pos="NNP" wid="7">Mother</w>
  <w id="8" lemma="|of|" pos="IN" wid="8">of</w>
  <w id="9" lemma="|Jesus|" pos="NNP" wid="9">Jesus</w>
  <w id="10" lemma="|,|" pos="," wid="10">,</w>
  <w id="11" lemma="|accompany|" pos="VB" wid="11">accompany</w>
  <w id="12" lemma="|we|" pos="PRP" wid="12">us</w>
  <w id="13" lemma="|on|" pos="IN" wid="13">on</w>
  <w id="14" lemma="|this|" pos="DT" wid="14">this</w>
  <w id="15" lemma="|demand|" pos="VBG" wid="15">demanding</w>
  <w id="16" lemma="|journey|" pos="NN" wid="16">journey</w>
  <w id="17" lemma="|of|" pos="IN" wid="17">of</w>
  <w id="18" lemma="|reinvigorate|" pos="VBG" wid="18">reinvigorating</w>
  <w id="19" lemma="|we|" pos="PRP$" wid="19">our</w>
  <w id="20" lemma="|faith|" pos="NN" wid="20">faith</w>
  <w id="21" lemma="|.|" pos="." wid="21">.</w>
</sentence>
</corpus>