<corpus id="0">
<sentence id="0">
  <w id="0" lemma="|1|" pos="CD" wid="0">1</w>
  <w id="1" lemma="|.|" pos="." wid="1">.</w>
</sentence>
<sentence id="1">
  <w id="0" lemma="|during|" pos="IN" wid="0">During</w>
  <w id="1" lemma="|this|" pos="DT" wid="1">this</w>
  <w id="2" lemma="|time|" pos="NN" wid="2">time</w>
  <w id="3" lemma="|of|" pos="IN" wid="3">of</w>
  <w id="4" lemma="|summer|" pos="NN" wid="4">summer</w>
  <w id="5" lemma="|relaxation|" pos="NN" wid="5">relaxation</w>
  <w id="6" lemma="|,|" pos="," wid="6">,</w>
  <w id="7" lemma="|when|" pos="WRB" wid="7">when</w>
  <w id="8" lemma="|many|" pos="JJ" wid="8">many</w>
  <w id="9" lemma="|be|" pos="VBP" wid="9">are</w>
  <w id="10" lemma="|enjoy|" pos="VBG" wid="10">enjoying</w>
  <w id="11" lemma="|a|" pos="DT" wid="11">a</w>
  <w id="12" lemma="|deserve|" pos="VBN" wid="12">deserved</w>
  <w id="13" lemma="|rest|" pos="NN" wid="13">rest</w>
  <w id="14" lemma="|,|" pos="," wid="14">,</w>
  <w id="15" lemma="|I|" pos="PRP" wid="15">I</w>
  <w id="16" lemma="|can|" pos="MD" wid="16">can</w>
  <w id="17" lemma="|not|" pos="RB" wid="17">not</w>
  <w id="18" lemma="|stop|" pos="VB" wid="18">stop</w>
  <w id="19" lemma="|think|" pos="VBG" wid="19">thinking</w>
  <w id="20" lemma="|with|" pos="IN" wid="20">with</w>
  <w id="21" lemma="|great|" pos="JJ" wid="21">great</w>
  <w id="22" lemma="|concern|" pos="NN" wid="22">concern</w>
  <w id="23" lemma="|about|" pos="IN" wid="23">about</w>
  <w id="24" lemma="|the|" pos="DT" wid="24">the</w>
  <w id="25" lemma="|Holy|" pos="NNP" wid="25">Holy</w>
  <w id="26" lemma="|Land|" pos="NNP" wid="26">Land</w>
  <w id="27" lemma="|.|" pos="." wid="27">.</w>
</sentence>
<sentence id="2">
  <w id="0" lemma="|there|" pos="RB" wid="0">There</w>
  <w id="1" lemma="|,|" pos="," wid="1">,</w>
  <w id="2" lemma="|unfortunately|" pos="RB" wid="2">unfortunately</w>
  <w id="3" lemma="|,|" pos="," wid="3">,</w>
  <w id="4" lemma="|the|" pos="DT" wid="4">the</w>
  <w id="5" lemma="|almost|" pos="RB" wid="5">almost</w>
  <w id="6" lemma="|daily|" pos="JJ" wid="6">daily</w>
  <w id="7" lemma="|episode|" pos="NNS" wid="7">episodes</w>
  <w id="8" lemma="|of|" pos="IN" wid="8">of</w>
  <w id="9" lemma="|reprehensible|" pos="JJ" wid="9">reprehensible</w>
  <w id="10" lemma="|violence|" pos="NN" wid="10">violence</w>
  <w id="11" lemma="|do|" pos="VBP" wid="11">do</w>
  <w id="12" lemma="|not|" pos="RB" wid="12">not</w>
  <w id="13" lemma="|cease|" pos="VB" wid="13">cease</w>
  <w id="14" lemma="|,|" pos="," wid="14">,</w>
  <w id="15" lemma="|take|" pos="VBG" wid="15">taking</w>
  <w id="16" lemma="|the|" pos="DT" wid="16">the</w>
  <w id="17" lemma="|life|" pos="NNS" wid="17">lives</w>
  <w id="18" lemma="|of|" pos="IN" wid="18">of</w>
  <w id="19" lemma="|so|" pos="RB" wid="19">so</w>
  <w id="20" lemma="|many|" pos="JJ" wid="20">many</w>
  <w id="21" lemma="|of|" pos="IN" wid="21">of</w>
  <w id="22" lemma="|we|" pos="PRP$" wid="22">our</w>
  <w id="23" lemma="|brother|" pos="NNS" wid="23">brothers</w>
  <w id="24" lemma="|and|" pos="CC" wid="24">and</w>
  <w id="25" lemma="|sister|" pos="NNS" wid="25">sisters</w>
  <w id="26" lemma="|,|" pos="," wid="26">,</w>
  <w id="27" lemma="|victim|" pos="NNS" wid="27">victims</w>
  <w id="28" lemma="|of|" pos="IN" wid="28">of</w>
  <w id="29" lemma="|a|" pos="DT" wid="29">a</w>
  <w id="30" lemma="|deadly|" pos="JJ" wid="30">deadly</w>
  <w id="31" lemma="|unending|" pos="JJ" wid="31">unending</w>
  <w id="32" lemma="|spiral|" pos="NN" wid="32">spiral</w>
  <w id="33" lemma="|of|" pos="IN" wid="33">of</w>
  <w id="34" lemma="|retaliation|" pos="NN" wid="34">retaliation</w>
  <w id="35" lemma="|.|" pos="." wid="35">.</w>
</sentence>
<sentence id="3">
  <w id="0" lemma="|when|" pos="WRB" wid="0">When</w>
  <w id="1" lemma="|will|" pos="MD" wid="1">will</w>
  <w id="2" lemma="|it|" pos="PRP" wid="2">it</w>
  <w id="3" lemma="|be|" pos="VB" wid="3">be</w>
  <w id="4" lemma="|understand|" pos="VBN" wid="4">understood</w>
  <w id="5" lemma="|that|" pos="IN" wid="5">that</w>
  <w id="6" lemma="|the|" pos="DT" wid="6">the</w>
  <w id="7" lemma="|coexistence|" pos="NN" wid="7">coexistence</w>
  <w id="8" lemma="|of|" pos="IN" wid="8">of</w>
  <w id="9" lemma="|the|" pos="DT" wid="9">the</w>
  <w id="10" lemma="|israeli|" pos="JJ" wid="10">Israeli</w>
  <w id="11" lemma="|and|" pos="CC" wid="11">and</w>
  <w id="12" lemma="|palestinian|" pos="JJ" wid="12">Palestinian</w>
  <w id="13" lemma="|people|" pos="NNS" wid="13">peoples</w>
  <w id="14" lemma="|can|" pos="MD" wid="14">can</w>
  <w id="15" lemma="|not|" pos="RB" wid="15">not</w>
  <w id="16" lemma="|be|" pos="VB" wid="16">be</w>
  <w id="17" lemma="|bring|" pos="VBN" wid="17">brought</w>
  <w id="18" lemma="|about|" pos="RP" wid="18">about</w>
  <w id="19" lemma="|by|" pos="IN" wid="19">by</w>
  <w id="20" lemma="|arm|" pos="NNS" wid="20">arms</w>
  <w id="21" lemma="|?|" pos="." wid="21">?</w>
</sentence>
<sentence id="4">
  <w id="0" lemma="|for|" pos="IN" wid="0">For</w>
  <w id="1" lemma="|it|" pos="PRP" wid="1">it</w>
  <w id="2" lemma="|be|" pos="VBZ" wid="2">is</w>
  <w id="3" lemma="|neither|" pos="DT" wid="3">neither</w>
  <w id="4" lemma="|attacks|" pos="NN" wid="4">attacks</w>
  <w id="5" lemma="|,|" pos="," wid="5">,</w>
  <w id="6" lemma="|nor|" pos="CC" wid="6">nor</w>
  <w id="7" lemma="|wall|" pos="NNS" wid="7">walls</w>
  <w id="8" lemma="|that|" pos="IN" wid="8">that</w>
  <w id="9" lemma="|separate|" pos="JJ" wid="9">separate</w>
  <w id="10" lemma="|,|" pos="," wid="10">,</w>
  <w id="11" lemma="|nor|" pos="CC" wid="11">nor</w>
  <w id="12" lemma="|even|" pos="RB" wid="12">even</w>
  <w id="13" lemma="|retaliation|" pos="NN" wid="13">retaliation</w>
  <w id="14" lemma="|that|" pos="WDT" wid="14">that</w>
  <w id="15" lemma="|will|" pos="MD" wid="15">will</w>
  <w id="16" lemma="|ever|" pos="RB" wid="16">ever</w>
  <w id="17" lemma="|lead|" pos="VB" wid="17">lead</w>
  <w id="18" lemma="|to|" pos="TO" wid="18">to</w>
  <w id="19" lemma="|a|" pos="DT" wid="19">a</w>
  <w id="20" lemma="|just|" pos="JJ" wid="20">just</w>
  <w id="21" lemma="|solution|" pos="NN" wid="21">solution</w>
  <w id="22" lemma="|of|" pos="IN" wid="22">of</w>
  <w id="23" lemma="|the|" pos="DT" wid="23">the</w>
  <w id="24" lemma="|continue|" pos="VBG" wid="24">continuing</w>
  <w id="25" lemma="|conflict|" pos="NN" wid="25">conflict</w>
  <w id="26" lemma="|.|" pos="." wid="26">.</w>
</sentence>
<sentence id="5">
  <w id="0" lemma="|the|" pos="DT" wid="0">The</w>
  <w id="1" lemma="|Pope|" pos="NNP" wid="1">Pope</w>
  <w id="2" lemma="|suffer|" pos="VBZ" wid="2">suffers</w>
  <w id="3" lemma="|with|" pos="IN" wid="3">with</w>
  <w id="4" lemma="|all|" pos="DT" wid="4">all</w>
  <w id="5" lemma="|those|" pos="DT" wid="5">those</w>
  <w id="6" lemma="|who|" pos="WP" wid="6">who</w>
  <w id="7" lemma="|weep|" pos="NN" wid="7">weep</w>
  <w id="8" lemma="|because|" pos="IN" wid="8">because</w>
  <w id="9" lemma="|of|" pos="IN" wid="9">of</w>
  <w id="10" lemma="|bereavement|" pos="NN" wid="10">bereavement</w>
  <w id="11" lemma="|and|" pos="CC" wid="11">and</w>
  <w id="12" lemma="|destruction|" pos="NN" wid="12">destruction</w>
  <w id="13" lemma="|;|" pos=":" wid="13">;</w>
  <w id="14" lemma="|above|" pos="IN" wid="14">above</w>
  <w id="15" lemma="|all|" pos="DT" wid="15">all</w>
  <w id="16" lemma="|he|" pos="PRP" wid="16">he</w>
  <w id="17" lemma="|be|" pos="VBZ" wid="17">is</w>
  <w id="18" lemma="|close|" pos="JJ" wid="18">close</w>
  <w id="19" lemma="|to|" pos="TO" wid="19">to</w>
  <w id="20" lemma="|the|" pos="DT" wid="20">the</w>
  <w id="21" lemma="|numerous|" pos="JJ" wid="21">numerous</w>
  <w id="22" lemma="|innocent|" pos="JJ" wid="22">innocent</w>
  <w id="23" lemma="|victim|" pos="NNS" wid="23">victims</w>
  <w id="24" lemma="|who|" pos="WP" wid="24">who</w>
  <w id="25" lemma="|pay|" pos="VBP" wid="25">pay</w>
  <w id="26" lemma="|the|" pos="DT" wid="26">the</w>
  <w id="27" lemma="|price|" pos="NN" wid="27">price</w>
  <w id="28" lemma="|of|" pos="IN" wid="28">of</w>
  <w id="29" lemma="|this|" pos="DT" wid="29">this</w>
  <w id="30" lemma="|violence|" pos="NN" wid="30">violence</w>
  <w id="31" lemma="|.|" pos="." wid="31">.</w>
</sentence>
<sentence id="6">
  <w id="0" lemma="|he|" pos="PRP" wid="0">He</w>
  <w id="1" lemma="|wish|" pos="VBZ" wid="1">wishes</w>
  <w id="2" lemma="|to|" pos="TO" wid="2">to</w>
  <w id="3" lemma="|repeat|" pos="VB" wid="3">repeat</w>
  <w id="4" lemma="|to|" pos="TO" wid="4">to</w>
  <w id="5" lemma="|everyone|" pos="NN" wid="5">everyone</w>
  <w id="6" lemma="|,|" pos="," wid="6">,</w>
  <w id="7" lemma="|regardless|" pos="RB" wid="7">regardless</w>
  <w id="8" lemma="|of|" pos="IN" wid="8">of</w>
  <w id="9" lemma="|the|" pos="DT" wid="9">the</w>
  <w id="10" lemma="|ethnic|" pos="JJ" wid="10">ethnic</w>
  <w id="11" lemma="|group|" pos="NN" wid="11">group</w>
  <w id="12" lemma="|to|" pos="TO" wid="12">to</w>
  <w id="13" lemma="|which|" pos="WDT" wid="13">which</w>
  <w id="14" lemma="|they|" pos="PRP" wid="14">they</w>
  <w id="15" lemma="|belong|" pos="VBP" wid="15">belong</w>
  <w id="16" lemma="|,|" pos="," wid="16">,</w>
  <w id="17" lemma="|that|" pos="IN" wid="17">that</w>
  <w id="18" lemma="|there|" pos="EX" wid="18">there</w>
  <w id="19" lemma="|be|" pos="VBZ" wid="19">is</w>
  <w id="20" lemma="|no|" pos="DT" wid="20">no</w>
  <w id="21" lemma="|justification|" pos="NN" wid="21">justification</w>
  <w id="22" lemma="|for|" pos="IN" wid="22">for</w>
  <w id="23" lemma="|those|" pos="DT" wid="23">those</w>
  <w id="24" lemma="|who|" pos="WP" wid="24">who</w>
  <w id="25" lemma="|kill|" pos="VBP" wid="25">kill</w>
  <w id="26" lemma="|defenceless|" pos="JJ" wid="26">defenceless</w>
  <w id="27" lemma="|civilian|" pos="NNS" wid="27">civilians</w>
  <w id="28" lemma="|indiscriminately|" pos="RB" wid="28">indiscriminately</w>
  <w id="29" lemma="|.|" pos="." wid="29">.</w>
</sentence>
<sentence id="7">
  <w id="0" lemma="|2|" pos="CD" wid="0">2</w>
  <w id="1" lemma="|.|" pos="." wid="1">.</w>
</sentence>
<sentence id="8">
  <w id="0" lemma="|from|" pos="IN" wid="0">From</w>
  <w id="1" lemma="|1967|" pos="CD" wid="1">1967</w>
  <w id="2" lemma="|till|" pos="IN" wid="2">till</w>
  <w id="3" lemma="|today|" pos="NN" wid="3">today</w>
  <w id="4" lemma="|,|" pos="," wid="4">,</w>
  <w id="5" lemma="|unspeakable|" pos="JJ" wid="5">unspeakable</w>
  <w id="6" lemma="|suffering|" pos="NNS" wid="6">sufferings</w>
  <w id="7" lemma="|have|" pos="VBP" wid="7">have</w>
  <w id="8" lemma="|follow|" pos="VBN" wid="8">followed</w>
  <w id="9" lemma="|one|" pos="CD" wid="9">one</w>
  <w id="10" lemma="|upon|" pos="IN" wid="10">upon</w>
  <w id="11" lemma="|another|" pos="DT" wid="11">another</w>
  <w id="12" lemma="|in|" pos="IN" wid="12">in</w>
  <w id="13" lemma="|a|" pos="DT" wid="13">a</w>
  <w id="14" lemma="|frightening|" pos="JJ" wid="14">frightening</w>
  <w id="15" lemma="|manner|" pos="NN" wid="15">manner</w>
  <w id="16" lemma="|:|" pos=":" wid="16">:</w>
  <w id="17" lemma="|the|" pos="DT" wid="17">the</w>
  <w id="18" lemma="|suffering|" pos="NN" wid="18">suffering</w>
  <w id="19" lemma="|of|" pos="IN" wid="19">of</w>
  <w id="20" lemma="|the|" pos="DT" wid="20">the</w>
  <w id="21" lemma="|Palestinians|" pos="NNPS" wid="21">Palestinians</w>
  <w id="22" lemma="|,|" pos="," wid="22">,</w>
  <w id="23" lemma="|drive|" pos="VBN" wid="23">driven</w>
  <w id="24" lemma="|out|" pos="IN" wid="24">out</w>
  <w id="25" lemma="|of|" pos="IN" wid="25">of</w>
  <w id="26" lemma="|they|" pos="PRP$" wid="26">their</w>
  <w id="27" lemma="|land|" pos="NN" wid="27">land</w>
  <w id="28" lemma="|and|" pos="CC" wid="28">and</w>
  <w id="29" lemma="|force|" pos="VBN" wid="29">forced</w>
  <w id="30" lemma="|,|" pos="," wid="30">,</w>
  <w id="31" lemma="|in|" pos="IN" wid="31">in</w>
  <w id="32" lemma="|recent|" pos="JJ" wid="32">recent</w>
  <w id="33" lemma="|time|" pos="NNS" wid="33">times</w>
  <w id="34" lemma="|,|" pos="," wid="34">,</w>
  <w id="35" lemma="|into|" pos="IN" wid="35">into</w>
  <w id="36" lemma="|a|" pos="DT" wid="36">a</w>
  <w id="37" lemma="|state|" pos="NN" wid="37">state</w>
  <w id="38" lemma="|of|" pos="IN" wid="38">of</w>
  <w id="39" lemma="|permanent|" pos="JJ" wid="39">permanent</w>
  <w id="40" lemma="|siege|" pos="NN" wid="40">siege</w>
  <w id="41" lemma="|,|" pos="," wid="41">,</w>
  <w id="42" lemma="|become|" pos="VBG" wid="42">becoming</w>
  <w id="43" lemma="|as|" pos="IN" wid="43">as</w>
  <w id="44" lemma="|it|" pos="PRP" wid="44">it</w>
  <w id="45" lemma="|be|" pos="VBD" wid="45">were</w>
  <w id="46" lemma="|the|" pos="DT" wid="46">the</w>
  <w id="47" lemma="|object|" pos="NN" wid="47">object</w>
  <w id="48" lemma="|of|" pos="IN" wid="48">of</w>
  <w id="49" lemma="|a|" pos="DT" wid="49">a</w>
  <w id="50" lemma="|collective|" pos="JJ" wid="50">collective</w>
  <w id="51" lemma="|punishment|" pos="NN" wid="51">punishment</w>
  <w id="52" lemma="|;|" pos=":" wid="52">;</w>
  <w id="53" lemma="|the|" pos="DT" wid="53">the</w>
  <w id="54" lemma="|suffering|" pos="NN" wid="54">suffering</w>
  <w id="55" lemma="|of|" pos="IN" wid="55">of</w>
  <w id="56" lemma="|the|" pos="DT" wid="56">the</w>
  <w id="57" lemma="|israeli|" pos="JJ" wid="57">Israeli</w>
  <w id="58" lemma="|population|" pos="NN" wid="58">population</w>
  <w id="59" lemma="|,|" pos="," wid="59">,</w>
  <w id="60" lemma="|who|" pos="WP" wid="60">who</w>
  <w id="61" lemma="|live|" pos="VBP" wid="61">live</w>
  <w id="62" lemma="|in|" pos="IN" wid="62">in</w>
  <w id="63" lemma="|the|" pos="DT" wid="63">the</w>
  <w id="64" lemma="|daily|" pos="JJ" wid="64">daily</w>
  <w id="65" lemma="|terror|" pos="NN" wid="65">terror</w>
  <w id="66" lemma="|of|" pos="IN" wid="66">of</w>
  <w id="67" lemma="|be|" pos="VBG" wid="67">being</w>
  <w id="68" lemma="|target|" pos="NNS" wid="68">targets</w>
  <w id="69" lemma="|of|" pos="IN" wid="69">of</w>
  <w id="70" lemma="|anonymous|" pos="JJ" wid="70">anonymous</w>
  <w id="71" lemma="|assailant|" pos="NNS" wid="71">assailants</w>
  <w id="72" lemma="|.|" pos="." wid="72">.</w>
</sentence>
<sentence id="9">
  <w id="0" lemma="|to|" pos="TO" wid="0">To</w>
  <w id="1" lemma="|this|" pos="DT" wid="1">this</w>
  <w id="2" lemma="|we|" pos="PRP" wid="2">we</w>
  <w id="3" lemma="|must|" pos="MD" wid="3">must</w>
  <w id="4" lemma="|add|" pos="VB" wid="4">add</w>
  <w id="5" lemma="|the|" pos="DT" wid="5">the</w>
  <w id="6" lemma="|violation|" pos="NN" wid="6">violation</w>
  <w id="7" lemma="|of|" pos="IN" wid="7">of</w>
  <w id="8" lemma="|a|" pos="DT" wid="8">a</w>
  <w id="9" lemma="|fundamental|" pos="JJ" wid="9">fundamental</w>
  <w id="10" lemma="|right|" pos="NN" wid="10">right</w>
  <w id="11" lemma="|,|" pos="," wid="11">,</w>
  <w id="12" lemma="|that|" pos="DT" wid="12">that</w>
  <w id="13" lemma="|of|" pos="IN" wid="13">of</w>
  <w id="14" lemma="|freedom|" pos="NN" wid="14">freedom</w>
  <w id="15" lemma="|of|" pos="IN" wid="15">of</w>
  <w id="16" lemma="|worship|" pos="NN" wid="16">worship</w>
  <w id="17" lemma="|.|" pos="." wid="17">.</w>
</sentence>
<sentence id="10">
  <w id="0" lemma="|in|" pos="IN" wid="0">In</w>
  <w id="1" lemma="|effect|" pos="NN" wid="1">effect</w>
  <w id="2" lemma="|,|" pos="," wid="2">,</w>
  <w id="3" lemma="|because|" pos="IN" wid="3">because</w>
  <w id="4" lemma="|of|" pos="IN" wid="4">of</w>
  <w id="5" lemma="|a|" pos="DT" wid="5">a</w>
  <w id="6" lemma="|strict|" pos="JJ" wid="6">strict</w>
  <w id="7" lemma="|curfew|" pos="NN" wid="7">curfew</w>
  <w id="8" lemma="|,|" pos="," wid="8">,</w>
  <w id="9" lemma="|believer|" pos="NNS" wid="9">believers</w>
  <w id="10" lemma="|no|" pos="RB" wid="10">no</w>
  <w id="11" lemma="|longer|" pos="RB" wid="11">longer</w>
  <w id="12" lemma="|have|" pos="VB" wid="12">have</w>
  <w id="13" lemma="|access|" pos="NN" wid="13">access</w>
  <w id="14" lemma="|to|" pos="TO" wid="14">to</w>
  <w id="15" lemma="|they|" pos="PRP$" wid="15">their</w>
  <w id="16" lemma="|place|" pos="NNS" wid="16">places</w>
  <w id="17" lemma="|of|" pos="IN" wid="17">of</w>
  <w id="18" lemma="|worship|" pos="NN" wid="18">worship</w>
  <w id="19" lemma="|on|" pos="IN" wid="19">on</w>
  <w id="20" lemma="|the|" pos="DT" wid="20">the</w>
  <w id="21" lemma="|day|" pos="NN" wid="21">day</w>
  <w id="22" lemma="|of|" pos="IN" wid="22">of</w>
  <w id="23" lemma="|weekly|" pos="JJ" wid="23">weekly</w>
  <w id="24" lemma="|prayer|" pos="NN" wid="24">prayer</w>
  <w id="25" lemma="|.|" pos="." wid="25">.</w>
</sentence>
<sentence id="11">
  <w id="0" lemma="|I|" pos="PRP" wid="0">I</w>
  <w id="1" lemma="|think|" pos="VBP" wid="1">think</w>
  <w id="2" lemma="|of|" pos="IN" wid="2">of</w>
  <w id="3" lemma="|you|" pos="PRP" wid="3">you</w>
  <w id="4" lemma="|,|" pos="," wid="4">,</w>
  <w id="5" lemma="|beloved|" pos="JJ" wid="5">beloved</w>
  <w id="6" lemma="|christian|" pos="NNS" wid="6">Christians</w>
  <w id="7" lemma="|:|" pos=":" wid="7">:</w>
  <w id="8" lemma="|although|" pos="IN" wid="8">although</w>
  <w id="9" lemma="|not|" pos="RB" wid="9">not</w>
  <w id="10" lemma="|involve|" pos="VBN" wid="10">involved</w>
  <w id="11" lemma="|in|" pos="IN" wid="11">in</w>
  <w id="12" lemma="|terrorist|" pos="JJ" wid="12">terrorist</w>
  <w id="13" lemma="|activity|" pos="NN" wid="13">activity</w>
  <w id="14" lemma="|and|" pos="CC" wid="14">and</w>
  <w id="15" lemma="|yet|" pos="RB" wid="15">yet</w>
  <w id="16" lemma="|share|" pos="VBG" wid="16">sharing</w>
  <w id="17" lemma="|the|" pos="DT" wid="17">the</w>
  <w id="18" lemma="|great|" pos="JJ" wid="18">great</w>
  <w id="19" lemma="|affliction|" pos="NN" wid="19">affliction</w>
  <w id="20" lemma="|of|" pos="IN" wid="20">of</w>
  <w id="21" lemma="|you|" pos="PRP$" wid="21">your</w>
  <w id="22" lemma="|fellow|" pos="JJ" wid="22">fellow</w>
  <w id="23" lemma="|citizen|" pos="NNS" wid="23">citizens</w>
  <w id="24" lemma="|,|" pos="," wid="24">,</w>
  <w id="25" lemma="|you|" pos="PRP" wid="25">you</w>
  <w id="26" lemma="|be|" pos="VBP" wid="26">are</w>
  <w id="27" lemma="|now|" pos="RB" wid="27">now</w>
  <w id="28" lemma="|tempt|" pos="VBN" wid="28">tempted</w>
  <w id="29" lemma="|to|" pos="TO" wid="29">to</w>
  <w id="30" lemma="|leave|" pos="VB" wid="30">leave</w>
  <w id="31" lemma="|the|" pos="DT" wid="31">the</w>
  <w id="32" lemma="|Holy|" pos="NNP" wid="32">Holy</w>
  <w id="33" lemma="|Land|" pos="NNP" wid="33">Land</w>
  <w id="34" lemma="|.|" pos="." wid="34">.</w>
</sentence>
<sentence id="12">
  <w id="0" lemma="|the|" pos="DT" wid="0">The</w>
  <w id="1" lemma="|Pope|" pos="NNP" wid="1">Pope</w>
  <w id="2" lemma="|and|" pos="CC" wid="2">and</w>
  <w id="3" lemma="|the|" pos="DT" wid="3">the</w>
  <w id="4" lemma="|whole|" pos="JJ" wid="4">whole</w>
  <w id="5" lemma="|Church|" pos="NNP" wid="5">Church</w>
  <w id="6" lemma="|be|" pos="VBP" wid="6">are</w>
  <w id="7" lemma="|with|" pos="IN" wid="7">with</w>
  <w id="8" lemma="|you|" pos="PRP" wid="8">you</w>
  <w id="9" lemma="|,|" pos="," wid="9">,</w>
  <w id="10" lemma="|and|" pos="CC" wid="10">and</w>
  <w id="11" lemma="|they|" pos="PRP" wid="11">they</w>
  <w id="12" lemma="|renew|" pos="VBP" wid="12">renew</w>
  <w id="13" lemma="|they|" pos="PRP$" wid="13">their</w>
  <w id="14" lemma="|sentiment|" pos="NNS" wid="14">sentiments</w>
  <w id="15" lemma="|of|" pos="IN" wid="15">of</w>
  <w id="16" lemma="|profound|" pos="JJ" wid="16">profound</w>
  <w id="17" lemma="|solidarity|" pos="NN" wid="17">solidarity</w>
  <w id="18" lemma="|and|" pos="CC" wid="18">and</w>
  <w id="19" lemma="|spiritual|" pos="JJ" wid="19">spiritual</w>
  <w id="20" lemma="|closeness|" pos="NN" wid="20">closeness</w>
  <w id="21" lemma="|.|" pos="." wid="21">.</w>
</sentence>
<sentence id="13">
  <w id="0" lemma="|3|" pos="LS" wid="0">3</w>
  <w id="1" lemma="|.|" pos="." wid="1">.</w>
</sentence>
<sentence id="14">
  <w id="0" lemma="|face|" pos="VBN" wid="0">Faced</w>
  <w id="1" lemma="|with|" pos="IN" wid="1">with</w>
  <w id="2" lemma="|this|" pos="DT" wid="2">this</w>
  <w id="3" lemma="|humanitarian|" pos="JJ" wid="3">humanitarian</w>
  <w id="4" lemma="|tragedy|" pos="NN" wid="4">tragedy</w>
  <w id="5" lemma="|,|" pos="," wid="5">,</w>
  <w id="6" lemma="|which|" pos="WDT" wid="6">which</w>
  <w id="7" lemma="|do|" pos="VBZ" wid="7">does</w>
  <w id="8" lemma="|not|" pos="RB" wid="8">not</w>
  <w id="9" lemma="|seem|" pos="VB" wid="9">seem</w>
  <w id="10" lemma="|to|" pos="TO" wid="10">to</w>
  <w id="11" lemma="|show|" pos="VB" wid="11">show</w>
  <w id="12" lemma="|any|" pos="DT" wid="12">any</w>
  <w id="13" lemma="|sign|" pos="NNS" wid="13">signs</w>
  <w id="14" lemma="|of|" pos="IN" wid="14">of</w>
  <w id="15" lemma="|hope|" pos="NN" wid="15">hope</w>
  <w id="16" lemma="|,|" pos="," wid="16">,</w>
  <w id="17" lemma="|no|" pos="DT" wid="17">no</w>
  <w id="18" lemma="|one|" pos="NN" wid="18">one</w>
  <w id="19" lemma="|can|" pos="MD" wid="19">can</w>
  <w id="20" lemma="|remain|" pos="VB" wid="20">remain</w>
  <w id="21" lemma="|indifferent|" pos="JJ" wid="21">indifferent</w>
  <w id="22" lemma="|.|" pos="." wid="22">.</w>
</sentence>
<sentence id="15">
  <w id="0" lemma="|that|" pos="DT" wid="0">That</w>
  <w id="1" lemma="|be|" pos="VBZ" wid="1">is</w>
  <w id="2" lemma="|why|" pos="WRB" wid="2">why</w>
  <w id="3" lemma="|,|" pos="," wid="3">,</w>
  <w id="4" lemma="|once|" pos="RB" wid="4">once</w>
  <w id="5" lemma="|again|" pos="RB" wid="5">again</w>
  <w id="6" lemma="|,|" pos="," wid="6">,</w>
  <w id="7" lemma="|I|" pos="PRP" wid="7">I</w>
  <w id="8" lemma="|appeal|" pos="VBP" wid="8">appeal</w>
  <w id="9" lemma="|to|" pos="TO" wid="9">to</w>
  <w id="10" lemma="|the|" pos="DT" wid="10">the</w>
  <w id="11" lemma="|Israeli|" pos="NNP" wid="11">Israeli</w>
  <w id="12" lemma="|and|" pos="CC" wid="12">and</w>
  <w id="13" lemma="|Palestinian|" pos="NNP" wid="13">Palestinian</w>
  <w id="14" lemma="|political|" pos="JJ" wid="14">political</w>
  <w id="15" lemma="|leadership|" pos="NN" wid="15">leadership</w>
  <w id="16" lemma="|to|" pos="TO" wid="16">to</w>
  <w id="17" lemma="|set|" pos="VB" wid="17">set</w>
  <w id="18" lemma="|out|" pos="RP" wid="18">out</w>
  <w id="19" lemma="|anew|" pos="RB" wid="19">anew</w>
  <w id="20" lemma="|on|" pos="IN" wid="20">on</w>
  <w id="21" lemma="|the|" pos="DT" wid="21">the</w>
  <w id="22" lemma="|path|" pos="NN" wid="22">path</w>
  <w id="23" lemma="|of|" pos="IN" wid="23">of</w>
  <w id="24" lemma="|sincere|" pos="JJ" wid="24">sincere</w>
  <w id="25" lemma="|negotiation|" pos="NN" wid="25">negotiation</w>
  <w id="26" lemma="|.|" pos="." wid="26">.</w>
</sentence>
<sentence id="16">
  <w id="0" lemma="|I|" pos="PRP" wid="0">I</w>
  <w id="1" lemma="|ask|" pos="VBP" wid="1">ask</w>
  <w id="2" lemma="|the|" pos="DT" wid="2">the</w>
  <w id="3" lemma="|international|" pos="JJ" wid="3">international</w>
  <w id="4" lemma="|community|" pos="NN" wid="4">community</w>
  <w id="5" lemma="|to|" pos="TO" wid="5">to</w>
  <w id="6" lemma="|work|" pos="VB" wid="6">work</w>
  <w id="7" lemma="|with|" pos="IN" wid="7">with</w>
  <w id="8" lemma="|greater|" pos="JJR" wid="8">greater</w>
  <w id="9" lemma="|resolve|" pos="NN" wid="9">resolve</w>
  <w id="10" lemma="|in|" pos="IN" wid="10">in</w>
  <w id="11" lemma="|be|" pos="VBG" wid="11">being</w>
  <w id="12" lemma="|present|" pos="JJ" wid="12">present</w>
  <w id="13" lemma="|in|" pos="IN" wid="13">in</w>
  <w id="14" lemma="|the|" pos="DT" wid="14">the</w>
  <w id="15" lemma="|area|" pos="NN" wid="15">area</w>
  <w id="16" lemma="|,|" pos="," wid="16">,</w>
  <w id="17" lemma="|offer|" pos="VBG" wid="17">offering</w>
  <w id="18" lemma="|its|" pos="PRP$" wid="18">its</w>
  <w id="19" lemma="|mediation|" pos="NN" wid="19">mediation</w>
  <w id="20" lemma="|in|" pos="IN" wid="20">in</w>
  <w id="21" lemma="|order|" pos="NN" wid="21">order</w>
  <w id="22" lemma="|to|" pos="TO" wid="22">to</w>
  <w id="23" lemma="|create|" pos="VB" wid="23">create</w>
  <w id="24" lemma="|the|" pos="DT" wid="24">the</w>
  <w id="25" lemma="|condition|" pos="NNS" wid="25">conditions</w>
  <w id="26" lemma="|for|" pos="IN" wid="26">for</w>
  <w id="27" lemma="|a|" pos="DT" wid="27">a</w>
  <w id="28" lemma="|fruitful|" pos="JJ" wid="28">fruitful</w>
  <w id="29" lemma="|dialogue|" pos="NN" wid="29">dialogue</w>
  <w id="30" lemma="|that|" pos="WDT" wid="30">that</w>
  <w id="31" lemma="|will|" pos="MD" wid="31">will</w>
  <w id="32" lemma="|speed|" pos="VB" wid="32">speed</w>
  <w id="33" lemma="|the|" pos="DT" wid="33">the</w>
  <w id="34" lemma="|process|" pos="NN" wid="34">process</w>
  <w id="35" lemma="|towards|" pos="IN" wid="35">towards</w>
  <w id="36" lemma="|peace|" pos="NN" wid="36">peace</w>
  <w id="37" lemma="|.|" pos="." wid="37">.</w>
</sentence>
<sentence id="17">
  <w id="0" lemma="|I|" pos="PRP" wid="0">I</w>
  <w id="1" lemma="|call|" pos="VBP" wid="1">call</w>
  <w id="2" lemma="|on|" pos="IN" wid="2">on</w>
  <w id="3" lemma="|christian|" pos="NNS" wid="3">Christians</w>
  <w id="4" lemma="|of|" pos="IN" wid="4">of</w>
  <w id="5" lemma="|every|" pos="DT" wid="5">every</w>
  <w id="6" lemma="|part|" pos="NN" wid="6">part</w>
  <w id="7" lemma="|of|" pos="IN" wid="7">of</w>
  <w id="8" lemma="|the|" pos="DT" wid="8">the</w>
  <w id="9" lemma="|world|" pos="NN" wid="9">world</w>
  <w id="10" lemma="|to|" pos="TO" wid="10">to</w>
  <w id="11" lemma="|join|" pos="VB" wid="11">join</w>
  <w id="12" lemma="|in|" pos="IN" wid="12">in</w>
  <w id="13" lemma="|my|" pos="PRP$" wid="13">my</w>
  <w id="14" lemma="|fervent|" pos="JJ" wid="14">fervent</w>
  <w id="15" lemma="|and|" pos="CC" wid="15">and</w>
  <w id="16" lemma="|trusting|" pos="JJ" wid="16">trusting</w>
  <w id="17" lemma="|prayer|" pos="NN" wid="17">prayer</w>
  <w id="18" lemma="|.|" pos="." wid="18">.</w>
</sentence>
<sentence id="18">
  <w id="0" lemma="|Mary|" pos="NNP" wid="0">Mary</w>
  <w id="1" lemma="|,|" pos="," wid="1">,</w>
  <w id="2" lemma="|Queen|" pos="NNP" wid="2">Queen</w>
  <w id="3" lemma="|of|" pos="IN" wid="3">of</w>
  <w id="4" lemma="|Peace|" pos="NNP" wid="4">Peace</w>
  <w id="5" lemma="|,|" pos="," wid="5">,</w>
  <w id="6" lemma="|grant|" pos="NN" wid="6">grant</w>
  <w id="7" lemma="|that|" pos="IN" wid="7">that</w>
  <w id="8" lemma="|the|" pos="DT" wid="8">the</w>
  <w id="9" lemma="|cry|" pos="VBZ" wid="9">cries</w>
  <w id="10" lemma="|of|" pos="IN" wid="10">of</w>
  <w id="11" lemma="|those|" pos="DT" wid="11">those</w>
  <w id="12" lemma="|who|" pos="WP" wid="12">who</w>
  <w id="13" lemma="|suffer|" pos="VBP" wid="13">suffer</w>
  <w id="14" lemma="|and|" pos="CC" wid="14">and</w>
  <w id="15" lemma="|die|" pos="VBP" wid="15">die</w>
  <w id="16" lemma="|in|" pos="IN" wid="16">in</w>
  <w id="17" lemma="|the|" pos="DT" wid="17">the</w>
  <w id="18" lemma="|Holy|" pos="NNP" wid="18">Holy</w>
  <w id="19" lemma="|Land|" pos="NNP" wid="19">Land</w>
  <w id="20" lemma="|will|" pos="MD" wid="20">will</w>
  <w id="21" lemma="|finally|" pos="RB" wid="21">finally</w>
  <w id="22" lemma="|be|" pos="VB" wid="22">be</w>
  <w id="23" lemma="|hear|" pos="VBN" wid="23">heard</w>
  <w id="24" lemma="|.|" pos="." wid="24">.</w>
</sentence>
<sentence id="19">
  <w id="0" lemma="|4|" pos="LS" wid="0">4</w>
  <w id="1" lemma="|.|" pos="." wid="1">.</w>
</sentence>
<sentence id="20">
  <w id="0" lemma="|je|" pos="FW" wid="0">Je</w>
  <w id="1" lemma="|salue|" pos="FW" wid="1">salue</w>
  <w id="2" lemma="|les|" pos="FW" wid="2">les</w>
  <w id="3" lemma="|pèlerins|" pos="FW" wid="3">pèlerins</w>
  <w id="4" lemma="|de|" pos="FW" wid="4">de</w>
  <w id="5" lemma="|langue|" pos="FW" wid="5">langue</w>
  <w id="6" lemma="|française|" pos="NN" wid="6">française</w>
  <w id="7" lemma="|.|" pos="." wid="7">.</w>
</sentence>
<sentence id="21">
  <w id="0" lemma="|soyez|" pos="FW" wid="0">Soyez</w>
  <w id="1" lemma="|des|" pos="FW" wid="1">des</w>
  <w id="2" lemma="|hommes|" pos="FW" wid="2">hommes</w>
  <w id="3" lemma="|et|" pos="FW" wid="3">et</w>
  <w id="4" lemma="|des|" pos="FW" wid="4">des</w>
  <w id="5" lemma="|femmes|" pos="FW" wid="5">femmes</w>
  <w id="6" lemma="|de|" pos="FW" wid="6">de</w>
  <w id="7" lemma="|foi|" pos="FW" wid="7">foi</w>
  <w id="8" lemma="|,|" pos="," wid="8">,</w>
  <w id="9" lemma="|accueillant|" pos="NNS" wid="9">accueillants</w>
  <w id="10" lemma="|à|" pos="VBP" wid="10">à</w>
  <w id="11" lemma="|l'amour|" pos="NNP" wid="11">l'amour</w>
  <w id="12" lemma="|du|" pos="NNP" wid="12">du</w>
  <w id="13" lemma="|Seigneur|" pos="NNP" wid="13">Seigneur</w>
  <w id="14" lemma="|et|" pos="FW" wid="14">et</w>
  <w id="15" lemma="|prêts|" pos="FW" wid="15">prêts</w>
  <w id="16" lemma="|à|" pos="FW" wid="16">à</w>
  <w id="17" lemma="|témoigner|" pos="FW" wid="17">témoigner</w>
  <w id="18" lemma="|de|" pos="FW" wid="18">de</w>
  <w id="19" lemma="|lui|" pos="FW" wid="19">lui</w>
  <w id="20" lemma="|!|" pos="." wid="20">!</w>
</sentence>
<sentence id="22">
  <w id="0" lemma="|avec|" pos="FW" wid="0">Avec</w>
  <w id="1" lemma="|la|" pos="FW" wid="1">la</w>
  <w id="2" lemma="|bénédiction|" pos="NN" wid="2">Bénédiction</w>
  <w id="3" lemma="|apostolique|" pos="NN" wid="3">apostolique</w>
  <w id="4" lemma="|.|" pos="." wid="4">.</w>
</sentence>
<sentence id="23">
  <w id="0" lemma="|I|" pos="PRP" wid="0">I</w>
  <w id="1" lemma="|cordially|" pos="RB" wid="1">cordially</w>
  <w id="2" lemma="|greet|" pos="VBP" wid="2">greet</w>
  <w id="3" lemma="|the|" pos="DT" wid="3">the</w>
  <w id="4" lemma="|english-speaking|" pos="JJ" wid="4">English-speaking</w>
  <w id="5" lemma="|pilgrim|" pos="NNS" wid="5">pilgrims</w>
  <w id="6" lemma="|and|" pos="CC" wid="6">and</w>
  <w id="7" lemma="|visitor|" pos="NNS" wid="7">visitors</w>
  <w id="8" lemma="|.|" pos="." wid="8">.</w>
</sentence>
<sentence id="24">
  <w id="0" lemma="|upon|" pos="IN" wid="0">Upon</w>
  <w id="1" lemma="|you|" pos="PRP" wid="1">you</w>
  <w id="2" lemma="|and|" pos="CC" wid="2">and</w>
  <w id="3" lemma="|you|" pos="PRP$" wid="3">your</w>
  <w id="4" lemma="|family|" pos="NNS" wid="4">families</w>
  <w id="5" lemma="|I|" pos="PRP" wid="5">I</w>
  <w id="6" lemma="|invoke|" pos="VBP" wid="6">invoke</w>
  <w id="7" lemma="|God|" pos="NNP" wid="7">God</w>
  <w id="8" lemma="|'s|" pos="POS" wid="8">'s</w>
  <w id="9" lemma="|blessing|" pos="NNS" wid="9">blessings</w>
  <w id="10" lemma="|of|" pos="IN" wid="10">of</w>
  <w id="11" lemma="|joy|" pos="NN" wid="11">joy</w>
  <w id="12" lemma="|and|" pos="CC" wid="12">and</w>
  <w id="13" lemma="|peace|" pos="NN" wid="13">peace</w>
  <w id="14" lemma="|.|" pos="." wid="14">.</w>
</sentence>
<sentence id="25">
  <w id="0" lemma="|ich|" pos="NN" wid="0">Ich</w>
  <w id="1" lemma="|grüße|" pos="NN" wid="1">grüße</w>
  <w id="2" lemma="|euch|" pos="NN" wid="2">euch</w>
  <w id="3" lemma="|herzlich|" pos="NN" wid="3">herzlich</w>
  <w id="4" lemma="|,|" pos="," wid="4">,</w>
  <w id="5" lemma="|liebe|" pos="NN" wid="5">liebe</w>
  <w id="6" lemma="|deutschsprachige|" pos="NN" wid="6">deutschsprachige</w>
  <w id="7" lemma="|pilger|" pos="NN" wid="7">Pilger</w>
  <w id="8" lemma="|und|" pos="NN" wid="8">und</w>
  <w id="9" lemma="|Besucher|" pos="NNP" wid="9">Besucher</w>
  <w id="10" lemma="|,|" pos="," wid="10">,</w>
  <w id="11" lemma="|und|" pos="FW" wid="11">und</w>
  <w id="12" lemma="|wünsche|" pos="FW" wid="12">wünsche</w>
  <w id="13" lemma="|euch|" pos="NN" wid="13">Euch</w>
  <w id="14" lemma="|einen|" pos="NN" wid="14">einen</w>
  <w id="15" lemma="|schönen|" pos="NN" wid="15">schönen</w>
  <w id="16" lemma="|Sonntag|" pos="NNP" wid="16">Sonntag</w>
  <w id="17" lemma="|.|" pos="." wid="17">.</w>
</sentence>
<sentence id="26">
  <w id="0" lemma="|saludo|" pos="FW" wid="0">Saludo</w>
  <w id="1" lemma="|a|" pos="FW" wid="1">a</w>
  <w id="2" lemma="|los|" pos="FW" wid="2">los</w>
  <w id="3" lemma="|peregrinos|" pos="FW" wid="3">peregrinos</w>
  <w id="4" lemma="|de|" pos="FW" wid="4">de</w>
  <w id="5" lemma="|lengua|" pos="FW" wid="5">lengua</w>
  <w id="6" lemma="|española|" pos="FW" wid="6">española</w>
  <w id="7" lemma="|.|" pos="." wid="7">.</w>
</sentence>
<sentence id="27">
  <w id="0" lemma="|llevad|" pos="FW" wid="0">Llevad</w>
  <w id="1" lemma="|a|" pos="FW" wid="1">a</w>
  <w id="2" lemma="|vuestros|" pos="FW" wid="2">vuestros</w>
  <w id="3" lemma="|hogares|" pos="FW" wid="3">hogares</w>
  <w id="4" lemma="|el|" pos="FW" wid="4">el</w>
  <w id="5" lemma="|afecto|" pos="FW" wid="5">afecto</w>
  <w id="6" lemma="|del|" pos="FW" wid="6">del</w>
  <w id="7" lemma="|papa|" pos="NN" wid="7">Papa</w>
  <w id="8" lemma="|,|" pos="," wid="8">,</w>
  <w id="9" lemma="|que|" pos="FW" wid="9">que</w>
  <w id="10" lemma="|os|" pos="FW" wid="10">os</w>
  <w id="11" lemma="|bendice|" pos="FW" wid="11">bendice</w>
  <w id="12" lemma="|de|" pos="FW" wid="12">de</w>
  <w id="13" lemma="|todo|" pos="FW" wid="13">todo</w>
  <w id="14" lemma="|corazón|" pos="NN" wid="14">corazón</w>
  <w id="15" lemma="|.|" pos="." wid="15">.</w>
</sentence>
<sentence id="28">
  <w id="0" lemma="|rezai|" pos="FW" wid="0">Rezai</w>
  <w id="1" lemma="|pela|" pos="FW" wid="1">pela</w>
  <w id="2" lemma="|paz|" pos="NN" wid="2">Paz</w>
  <w id="3" lemma="|no|" pos="DT" wid="3">no</w>
  <w id="4" lemma="|mundo|" pos="FW" wid="4">mundo</w>
  <w id="5" lemma="|ao|" pos="FW" wid="5">ao</w>
  <w id="6" lemma="|deus|" pos="FW" wid="6">Deus</w>
  <w id="7" lemma="|de|" pos="FW" wid="7">de</w>
  <w id="8" lemma="|Misericórdia|" pos="NNP" wid="8">Misericórdia</w>
  <w id="9" lemma="|.|" pos="." wid="9">.</w>
</sentence>
<sentence id="29">
  <w id="0" lemma="|Com|" pos="NNP" wid="0">Com</w>
  <w id="1" lemma="|a|" pos="DT" wid="1">a</w>
  <w id="2" lemma="|minha|" pos="NN" wid="2">minha</w>
  <w id="3" lemma="|Bênção|" pos="NNP" wid="3">Bênção</w>
  <w id="4" lemma="|,|" pos="," wid="4">,</w>
  <w id="5" lemma="|extensiva|" pos="FW" wid="5">extensiva</w>
  <w id="6" lemma="|às|" pos="FW" wid="6">às</w>
  <w id="7" lemma="|vossas|" pos="FW" wid="7">vossas</w>
  <w id="8" lemma="|famílias|" pos="FW" wid="8">famílias</w>
  <w id="9" lemma="|e|" pos="LS" wid="9">e</w>
  <w id="10" lemma="|enfermo|" pos="NNS" wid="10">enfermos</w>
  <w id="11" lemma="|.|" pos="." wid="11">.</w>
</sentence>
<sentence id="30">
  <w id="0" lemma="|saluto|" pos="FW" wid="0">Saluto</w>
  <w id="1" lemma="|i|" pos="FW" wid="1">i</w>
  <w id="2" lemma="|pellegrini|" pos="FW" wid="2">pellegrini</w>
  <w id="3" lemma="|italiani|" pos="FW" wid="3">italiani</w>
  <w id="4" lemma="|qui|" pos="FW" wid="4">qui</w>
  <w id="5" lemma="|presenti|" pos="FW" wid="5">presenti</w>
  <w id="6" lemma="|,|" pos="," wid="6">,</w>
  <w id="7" lemma="|in|" pos="IN" wid="7">in</w>
  <w id="8" lemma="|particolare|" pos="NN" wid="8">particolare</w>
  <w id="9" lemma="|le|" pos="FW" wid="9">le</w>
  <w id="10" lemma="|suore|" pos="FW" wid="10">Suore</w>
  <w id="11" lemma="|ancelle|" pos="FW" wid="11">Ancelle</w>
  <w id="12" lemma="|francescane|" pos="FW" wid="12">Francescane</w>
  <w id="13" lemma="|del|" pos="FW" wid="13">del</w>
  <w id="14" lemma="|Buon|" pos="NNP" wid="14">Buon</w>
  <w id="15" lemma="|Pastore|" pos="NNP" wid="15">Pastore</w>
  <w id="16" lemma="|,|" pos="," wid="16">,</w>
  <w id="17" lemma="|che|" pos="FW" wid="17">che</w>
  <w id="18" lemma="|celebrano|" pos="FW" wid="18">celebrano</w>
  <w id="19" lemma="|in|" pos="FW" wid="19">in</w>
  <w id="20" lemma="|questi|" pos="FW" wid="20">questi</w>
  <w id="21" lemma="|giorni|" pos="FW" wid="21">giorni</w>
  <w id="22" lemma="|il|" pos="FW" wid="22">il</w>
  <w id="23" lemma="|Capitolo|" pos="NNP" wid="23">Capitolo</w>
  <w id="24" lemma="|Generale|" pos="NNP" wid="24">Generale</w>
  <w id="25" lemma="|.|" pos="." wid="25">.</w>
</sentence>
<sentence id="31">
  <w id="0" lemma="|a|" pos="DT" wid="0">A</w>
  <w id="1" lemma="|tutti|" pos="FW" wid="1">tutti</w>
  <w id="2" lemma="|auguro|" pos="FW" wid="2">auguro</w>
  <w id="3" lemma="|ogni|" pos="FW" wid="3">ogni</w>
  <w id="4" lemma="|desiderato|" pos="FW" wid="4">desiderato</w>
  <w id="5" lemma="|bene|" pos="FW" wid="5">bene</w>
  <w id="6" lemma="|spirituale|" pos="FW" wid="6">spirituale</w>
  <w id="7" lemma="|e|" pos="SYM" wid="7">e</w>
  <w id="8" lemma="|una|" pos="FW" wid="8">una</w>
  <w id="9" lemma="|serena|" pos="FW" wid="9">serena</w>
  <w id="10" lemma="|domenica|" pos="NN" wid="10">domenica</w>
  <w id="11" lemma="|.|" pos="." wid="11">.</w>
</sentence>
</corpus>