<corpus id="0">
<sentence id="0">
  <w id="0" lemma="|Dear|" pos="NNP" wid="0">Dear</w>
  <w id="1" lemma="|Brothers|" pos="NNPS" wid="1">Brothers</w>
  <w id="2" lemma="|and|" pos="CC" wid="2">and</w>
  <w id="3" lemma="|sister|" pos="NNS" wid="3">Sisters</w>
  <w id="4" lemma="|,|" pos="," wid="4">,</w>
  <w id="5" lemma="|1|" pos="CD" wid="5">1</w>
  <w id="6" lemma="|.|" pos="." wid="6">.</w>
</sentence>
<sentence id="1">
  <w id="0" lemma="|Europe|" pos="NNP" wid="0">Europe</w>
  <w id="1" lemma="|be|" pos="VBZ" wid="1">is</w>
  <w id="2" lemma="|the|" pos="DT" wid="2">the</w>
  <w id="3" lemma="|continent|" pos="NN" wid="3">continent</w>
  <w id="4" lemma="|which|" pos="WDT" wid="4">which</w>
  <w id="5" lemma="|,|" pos="," wid="5">,</w>
  <w id="6" lemma="|in|" pos="IN" wid="6">in</w>
  <w id="7" lemma="|the|" pos="DT" wid="7">the</w>
  <w id="8" lemma="|past|" pos="JJ" wid="8">past</w>
  <w id="9" lemma="|2,000|" pos="CD" wid="9">2,000</w>
  <w id="10" lemma="|year|" pos="NNS" wid="10">years</w>
  <w id="11" lemma="|,|" pos="," wid="11">,</w>
  <w id="12" lemma="|have|" pos="VBZ" wid="12">has</w>
  <w id="13" lemma="|be|" pos="VBN" wid="13">been</w>
  <w id="14" lemma="|mark|" pos="VBN" wid="14">marked</w>
  <w id="15" lemma="|by|" pos="IN" wid="15">by</w>
  <w id="16" lemma="|Christianity|" pos="NNP" wid="16">Christianity</w>
  <w id="17" lemma="|more|" pos="RBR" wid="17">more</w>
  <w id="18" lemma="|than|" pos="IN" wid="18">than</w>
  <w id="19" lemma="|any|" pos="DT" wid="19">any</w>
  <w id="20" lemma="|other|" pos="JJ" wid="20">other</w>
  <w id="21" lemma="|.|" pos="." wid="21">.</w>
</sentence>
<sentence id="2">
  <w id="0" lemma="|from|" pos="IN" wid="0">From</w>
  <w id="1" lemma="|all|" pos="PDT" wid="1">all</w>
  <w id="2" lemma="|its|" pos="PRP$" wid="2">its</w>
  <w id="3" lemma="|region|" pos="NNS" wid="3">regions</w>
  <w id="4" lemma="|-|" pos=":" wid="4">-</w>
  <w id="5" lemma="|in|" pos="IN" wid="5">in</w>
  <w id="6" lemma="|its|" pos="PRP$" wid="6">its</w>
  <w id="7" lemma="|abbey|" pos="NNS" wid="7">abbeys</w>
  <w id="8" lemma="|,|" pos="," wid="8">,</w>
  <w id="9" lemma="|cathedral|" pos="NNS" wid="9">cathedrals</w>
  <w id="10" lemma="|and|" pos="CC" wid="10">and</w>
  <w id="11" lemma="|church|" pos="NNS" wid="11">churches</w>
  <w id="12" lemma="|-|" pos=":" wid="12">-</w>
  <w id="13" lemma="|ceaseless|" pos="JJ" wid="13">ceaseless</w>
  <w id="14" lemma="|praise|" pos="NN" wid="14">praise</w>
  <w id="15" lemma="|have|" pos="VBZ" wid="15">has</w>
  <w id="16" lemma="|be|" pos="VBN" wid="16">been</w>
  <w id="17" lemma="|raise|" pos="VBN" wid="17">raised</w>
  <w id="18" lemma="|to|" pos="TO" wid="18">to</w>
  <w id="19" lemma="|Christ|" pos="NNP" wid="19">Christ</w>
  <w id="20" lemma="|,|" pos="," wid="20">,</w>
  <w id="21" lemma="|Lord|" pos="NNP" wid="21">Lord</w>
  <w id="22" lemma="|of|" pos="IN" wid="22">of</w>
  <w id="23" lemma="|time|" pos="NN" wid="23">time</w>
  <w id="24" lemma="|and|" pos="CC" wid="24">and</w>
  <w id="25" lemma="|of|" pos="IN" wid="25">of</w>
  <w id="26" lemma="|history|" pos="NN" wid="26">history</w>
  <w id="27" lemma="|.|" pos="." wid="27">.</w>
</sentence>
<sentence id="3">
  <w id="0" lemma="|baptism|" pos="NN" wid="0">Baptism</w>
  <w id="1" lemma="|and|" pos="CC" wid="1">and</w>
  <w id="2" lemma="|the|" pos="DT" wid="2">the</w>
  <w id="3" lemma="|other|" pos="JJ" wid="3">other</w>
  <w id="4" lemma="|sacrament|" pos="NNS" wid="4">Sacraments</w>
  <w id="5" lemma="|have|" pos="VBP" wid="5">have</w>
  <w id="6" lemma="|consecrate|" pos="VBN" wid="6">consecrated</w>
  <w id="7" lemma="|the|" pos="DT" wid="7">the</w>
  <w id="8" lemma="|season|" pos="NNS" wid="8">seasons</w>
  <w id="9" lemma="|of|" pos="IN" wid="9">of</w>
  <w id="10" lemma="|life|" pos="NN" wid="10">life</w>
  <w id="11" lemma="|of|" pos="IN" wid="11">of</w>
  <w id="12" lemma="|countless|" pos="JJ" wid="12">countless</w>
  <w id="13" lemma="|believer|" pos="NNS" wid="13">believers</w>
  <w id="14" lemma="|.|" pos="." wid="14">.</w>
</sentence>
<sentence id="4">
  <w id="0" lemma="|the|" pos="DT" wid="0">The</w>
  <w id="1" lemma="|Eucharist|" pos="NNP" wid="1">Eucharist</w>
  <w id="2" lemma="|,|" pos="," wid="2">,</w>
  <w id="3" lemma="|especially|" pos="RB" wid="3">especially</w>
  <w id="4" lemma="|on|" pos="IN" wid="4">on</w>
  <w id="5" lemma="|the|" pos="DT" wid="5">the</w>
  <w id="6" lemma="|Lord|" pos="NNP" wid="6">Lord</w>
  <w id="7" lemma="|'s|" pos="POS" wid="7">'s</w>
  <w id="8" lemma="|day|" pos="NN" wid="8">Day</w>
  <w id="9" lemma="|,|" pos="," wid="9">,</w>
  <w id="10" lemma="|have|" pos="VBZ" wid="10">has</w>
  <w id="11" lemma="|nourish|" pos="VBN" wid="11">nourished</w>
  <w id="12" lemma="|they|" pos="PRP$" wid="12">their</w>
  <w id="13" lemma="|faith|" pos="NN" wid="13">faith</w>
  <w id="14" lemma="|and|" pos="CC" wid="14">and</w>
  <w id="15" lemma="|love|" pos="NN" wid="15">love</w>
  <w id="16" lemma="|;|" pos=":" wid="16">;</w>
  <w id="17" lemma="|the|" pos="DT" wid="17">the</w>
  <w id="18" lemma="|liturgy|" pos="NN" wid="18">Liturgy</w>
  <w id="19" lemma="|of|" pos="IN" wid="19">of</w>
  <w id="20" lemma="|the|" pos="DT" wid="20">the</w>
  <w id="21" lemma="|hour|" pos="NNS" wid="21">Hours</w>
  <w id="22" lemma="|and|" pos="CC" wid="22">and</w>
  <w id="23" lemma="|many|" pos="JJ" wid="23">many</w>
  <w id="24" lemma="|other|" pos="JJ" wid="24">other</w>
  <w id="25" lemma="|popular|" pos="JJ" wid="25">popular</w>
  <w id="26" lemma="|form|" pos="NNS" wid="26">forms</w>
  <w id="27" lemma="|of|" pos="IN" wid="27">of</w>
  <w id="28" lemma="|prayer|" pos="NN" wid="28">prayer</w>
  <w id="29" lemma="|have|" pos="VBP" wid="29">have</w>
  <w id="30" lemma="|mark|" pos="VBN" wid="30">marked</w>
  <w id="31" lemma="|the|" pos="DT" wid="31">the</w>
  <w id="32" lemma="|rhythm|" pos="NN" wid="32">rhythm</w>
  <w id="33" lemma="|of|" pos="IN" wid="33">of</w>
  <w id="34" lemma="|they|" pos="PRP$" wid="34">their</w>
  <w id="35" lemma="|daily|" pos="JJ" wid="35">daily</w>
  <w id="36" lemma="|life|" pos="NN" wid="36">life</w>
  <w id="37" lemma="|.|" pos="." wid="37">.</w>
</sentence>
<sentence id="5">
  <w id="0" lemma="|even|" pos="RB" wid="0">Even</w>
  <w id="1" lemma="|if|" pos="IN" wid="1">if</w>
  <w id="2" lemma="|none|" pos="NN" wid="2">none</w>
  <w id="3" lemma="|of|" pos="IN" wid="3">of</w>
  <w id="4" lemma="|these|" pos="DT" wid="4">these</w>
  <w id="5" lemma="|thing|" pos="NNS" wid="5">things</w>
  <w id="6" lemma="|have|" pos="VBZ" wid="6">has</w>
  <w id="7" lemma="|be|" pos="VBN" wid="7">been</w>
  <w id="8" lemma="|lack|" pos="VBG" wid="8">lacking</w>
  <w id="9" lemma="|in|" pos="IN" wid="9">in</w>
  <w id="10" lemma="|we|" pos="PRP$" wid="10">our</w>
  <w id="11" lemma="|time|" pos="NN" wid="11">time</w>
  <w id="12" lemma="|,|" pos="," wid="12">,</w>
  <w id="13" lemma="|a|" pos="DT" wid="13">a</w>
  <w id="14" lemma="|renew|" pos="VBN" wid="14">renewed</w>
  <w id="15" lemma="|commitment|" pos="NN" wid="15">commitment</w>
  <w id="16" lemma="|be|" pos="VBZ" wid="16">is</w>
  <w id="17" lemma="|still|" pos="RB" wid="17">still</w>
  <w id="18" lemma="|indispensable|" pos="JJ" wid="18">indispensable</w>
  <w id="19" lemma="|if|" pos="IN" wid="19">if</w>
  <w id="20" lemma="|we|" pos="PRP" wid="20">we</w>
  <w id="21" lemma="|be|" pos="VBP" wid="21">are</w>
  <w id="22" lemma="|to|" pos="TO" wid="22">to</w>
  <w id="23" lemma="|face|" pos="VB" wid="23">face</w>
  <w id="24" lemma="|the|" pos="DT" wid="24">the</w>
  <w id="25" lemma="|challenge|" pos="NNS" wid="25">challenges</w>
  <w id="26" lemma="|of|" pos="IN" wid="26">of</w>
  <w id="27" lemma="|secularization|" pos="NN" wid="27">secularization</w>
  <w id="28" lemma="|,|" pos="," wid="28">,</w>
  <w id="29" lemma="|so|" pos="IN" wid="29">so</w>
  <w id="30" lemma="|that|" pos="IN" wid="30">that</w>
  <w id="31" lemma="|believer|" pos="NNS" wid="31">believers</w>
  <w id="32" lemma="|may|" pos="MD" wid="32">may</w>
  <w id="33" lemma="|make|" pos="VB" wid="33">make</w>
  <w id="34" lemma="|they|" pos="PRP$" wid="34">their</w>
  <w id="35" lemma="|entire|" pos="JJ" wid="35">entire</w>
  <w id="36" lemma="|life|" pos="NN" wid="36">life</w>
  <w id="37" lemma="|a|" pos="DT" wid="37">a</w>
  <w id="38" lemma="|true|" pos="JJ" wid="38">true</w>
  <w id="39" lemma="|spiritual|" pos="JJ" wid="39">spiritual</w>
  <w id="40" lemma="|worship|" pos="NN" wid="40">worship</w>
  <w id="41" lemma="|that|" pos="WDT" wid="41">that</w>
  <w id="42" lemma="|be|" pos="VBZ" wid="42">is</w>
  <w id="43" lemma="|please|" pos="VBG" wid="43">pleasing</w>
  <w id="44" lemma="|to|" pos="TO" wid="44">to</w>
  <w id="45" lemma="|God|" pos="NNP" wid="45">God</w>
  <w id="46" lemma="|-lrb-|" pos="-LRB-" wid="46">-LRB-</w>
  <w id="47" lemma="|cf|" pos="FW" wid="47">cf</w>
  <w id="48" lemma="|.|" pos="." wid="48">.</w>
</sentence>
<sentence id="6">
  <w id="0" lemma="|Apostolic|" pos="NNP" wid="0">Apostolic</w>
  <w id="1" lemma="|Exhortation|" pos="NNP" wid="1">Exhortation</w>
  <w id="2" lemma="|Ecclesia|" pos="NNP" wid="2">Ecclesia</w>
  <w id="3" lemma="|in|" pos="IN" wid="3">in</w>
  <w id="4" lemma="|Europa|" pos="NNP" wid="4">Europa</w>
  <w id="5" lemma="|,|" pos="," wid="5">,</w>
  <w id="6" lemma="|n.|" pos="NNP" wid="6">n.</w>
  <w id="7" lemma="|69|" pos="CD" wid="7">69</w>
  <w id="8" lemma="|-rrb-|" pos="-RRB-" wid="8">-RRB-</w>
  <w id="9" lemma="|.|" pos="." wid="9">.</w>
</sentence>
<sentence id="7">
  <w id="0" lemma="|2|" pos="CD" wid="0">2</w>
  <w id="1" lemma="|.|" pos="." wid="1">.</w>
</sentence>
<sentence id="8">
  <w id="0" lemma="|special|" pos="JJ" wid="0">Special</w>
  <w id="1" lemma="|attention|" pos="NN" wid="1">attention</w>
  <w id="2" lemma="|should|" pos="MD" wid="2">should</w>
  <w id="3" lemma="|be|" pos="VB" wid="3">be</w>
  <w id="4" lemma="|pay|" pos="VBN" wid="4">paid</w>
  <w id="5" lemma="|to|" pos="TO" wid="5">to</w>
  <w id="6" lemma="|safeguard|" pos="VBG" wid="6">safeguarding</w>
  <w id="7" lemma="|the|" pos="DT" wid="7">the</w>
  <w id="8" lemma="|value|" pos="NN" wid="8">value</w>
  <w id="9" lemma="|of|" pos="IN" wid="9">of</w>
  <w id="10" lemma="|Sunday|" pos="NNP" wid="10">Sunday</w>
  <w id="11" lemma="|,|" pos="," wid="11">,</w>
  <w id="12" lemma="|die|" pos="VBZ" wid="12">Dies</w>
  <w id="13" lemma="|Domini|" pos="NNP" wid="13">Domini</w>
  <w id="14" lemma="|.|" pos="." wid="14">.</w>
</sentence>
<sentence id="9">
  <w id="0" lemma="|this|" pos="DT" wid="0">This</w>
  <w id="1" lemma="|day|" pos="NN" wid="1">day</w>
  <w id="2" lemma="|be|" pos="VBZ" wid="2">is</w>
  <w id="3" lemma="|the|" pos="DT" wid="3">the</w>
  <w id="4" lemma="|symbol|" pos="NN" wid="4">symbol</w>
  <w id="5" lemma="|par|" pos="NN" wid="5">par</w>
  <w id="6" lemma="|excellence|" pos="NN" wid="6">excellence</w>
  <w id="7" lemma="|of|" pos="IN" wid="7">of</w>
  <w id="8" lemma="|all|" pos="DT" wid="8">all</w>
  <w id="9" lemma="|that|" pos="IN" wid="9">that</w>
  <w id="10" lemma="|Christianity|" pos="NNP" wid="10">Christianity</w>
  <w id="11" lemma="|have|" pos="VBZ" wid="11">has</w>
  <w id="12" lemma="|stand|" pos="VBN" wid="12">stood</w>
  <w id="13" lemma="|for|" pos="IN" wid="13">for</w>
  <w id="14" lemma="|and|" pos="CC" wid="14">and</w>
  <w id="15" lemma="|still|" pos="RB" wid="15">still</w>
  <w id="16" lemma="|stand|" pos="VBZ" wid="16">stands</w>
  <w id="17" lemma="|for|" pos="IN" wid="17">for</w>
  <w id="18" lemma="|,|" pos="," wid="18">,</w>
  <w id="19" lemma="|in|" pos="IN" wid="19">in</w>
  <w id="20" lemma="|Europe|" pos="NNP" wid="20">Europe</w>
  <w id="21" lemma="|and|" pos="CC" wid="21">and</w>
  <w id="22" lemma="|throughout|" pos="IN" wid="22">throughout</w>
  <w id="23" lemma="|the|" pos="DT" wid="23">the</w>
  <w id="24" lemma="|world|" pos="NN" wid="24">world</w>
  <w id="25" lemma="|:|" pos=":" wid="25">:</w>
  <w id="26" lemma="|the|" pos="DT" wid="26">the</w>
  <w id="27" lemma="|perennial|" pos="JJ" wid="27">perennial</w>
  <w id="28" lemma="|proclamation|" pos="NN" wid="28">proclamation</w>
  <w id="29" lemma="|of|" pos="IN" wid="29">of</w>
  <w id="30" lemma="|the|" pos="DT" wid="30">the</w>
  <w id="31" lemma="|Good|" pos="NNP" wid="31">Good</w>
  <w id="32" lemma="|News|" pos="NNP" wid="32">News</w>
  <w id="33" lemma="|of|" pos="IN" wid="33">of</w>
  <w id="34" lemma="|the|" pos="DT" wid="34">the</w>
  <w id="35" lemma="|resurrection|" pos="NN" wid="35">Resurrection</w>
  <w id="36" lemma="|of|" pos="IN" wid="36">of</w>
  <w id="37" lemma="|Jesus|" pos="NNP" wid="37">Jesus</w>
  <w id="38" lemma="|,|" pos="," wid="38">,</w>
  <w id="39" lemma="|the|" pos="DT" wid="39">the</w>
  <w id="40" lemma="|celebration|" pos="NN" wid="40">celebration</w>
  <w id="41" lemma="|of|" pos="IN" wid="41">of</w>
  <w id="42" lemma="|he|" pos="PRP$" wid="42">his</w>
  <w id="43" lemma="|victory|" pos="NN" wid="43">victory</w>
  <w id="44" lemma="|over|" pos="IN" wid="44">over</w>
  <w id="45" lemma="|sin|" pos="NN" wid="45">sin</w>
  <w id="46" lemma="|and|" pos="CC" wid="46">and</w>
  <w id="47" lemma="|death|" pos="NN" wid="47">death</w>
  <w id="48" lemma="|,|" pos="," wid="48">,</w>
  <w id="49" lemma="|the|" pos="DT" wid="49">the</w>
  <w id="50" lemma="|commitment|" pos="NN" wid="50">commitment</w>
  <w id="51" lemma="|to|" pos="TO" wid="51">to</w>
  <w id="52" lemma="|the|" pos="DT" wid="52">the</w>
  <w id="53" lemma="|human|" pos="JJ" wid="53">human</w>
  <w id="54" lemma="|being|" pos="NN" wid="54">being</w>
  <w id="55" lemma="|'s|" pos="POS" wid="55">'s</w>
  <w id="56" lemma="|full|" pos="JJ" wid="56">full</w>
  <w id="57" lemma="|liberation|" pos="NN" wid="57">liberation</w>
  <w id="58" lemma="|.|" pos="." wid="58">.</w>
</sentence>
<sentence id="10">
  <w id="0" lemma="|by|" pos="IN" wid="0">By</w>
  <w id="1" lemma="|preserve|" pos="VBG" wid="1">preserving</w>
  <w id="2" lemma="|the|" pos="DT" wid="2">the</w>
  <w id="3" lemma="|christian|" pos="JJ" wid="3">Christian</w>
  <w id="4" lemma="|meaning|" pos="NN" wid="4">meaning</w>
  <w id="5" lemma="|of|" pos="IN" wid="5">of</w>
  <w id="6" lemma="|Sunday|" pos="NNP" wid="6">Sunday</w>
  <w id="7" lemma="|a|" pos="DT" wid="7">a</w>
  <w id="8" lemma="|notable|" pos="JJ" wid="8">notable</w>
  <w id="9" lemma="|contribution|" pos="NN" wid="9">contribution</w>
  <w id="10" lemma="|be|" pos="VBZ" wid="10">is</w>
  <w id="11" lemma="|make|" pos="VBN" wid="11">made</w>
  <w id="12" lemma="|to|" pos="TO" wid="12">to</w>
  <w id="13" lemma="|Europe|" pos="NNP" wid="13">Europe</w>
  <w id="14" lemma="|for|" pos="IN" wid="14">for</w>
  <w id="15" lemma="|the|" pos="DT" wid="15">the</w>
  <w id="16" lemma="|preservation|" pos="NN" wid="16">preservation</w>
  <w id="17" lemma="|of|" pos="IN" wid="17">of</w>
  <w id="18" lemma="|a|" pos="DT" wid="18">an</w>
  <w id="19" lemma="|essential|" pos="JJ" wid="19">essential</w>
  <w id="20" lemma="|part|" pos="NN" wid="20">part</w>
  <w id="21" lemma="|of|" pos="IN" wid="21">of</w>
  <w id="22" lemma="|its|" pos="PRP$" wid="22">its</w>
  <w id="23" lemma="|own|" pos="JJ" wid="23">own</w>
  <w id="24" lemma="|particular|" pos="JJ" wid="24">particular</w>
  <w id="25" lemma="|spiritual|" pos="JJ" wid="25">spiritual</w>
  <w id="26" lemma="|and|" pos="CC" wid="26">and</w>
  <w id="27" lemma="|cultural|" pos="JJ" wid="27">cultural</w>
  <w id="28" lemma="|heritage|" pos="NN" wid="28">heritage</w>
  <w id="29" lemma="|.|" pos="." wid="29">.</w>
</sentence>
<sentence id="11">
  <w id="0" lemma="|May|" pos="NNP" wid="0">May</w>
  <w id="1" lemma="|the|" pos="DT" wid="1">the</w>
  <w id="2" lemma="|Blessed|" pos="NNP" wid="2">Blessed</w>
  <w id="3" lemma="|Virgin|" pos="NNP" wid="3">Virgin</w>
  <w id="4" lemma="|,|" pos="," wid="4">,</w>
  <w id="5" lemma="|to|" pos="TO" wid="5">to</w>
  <w id="6" lemma="|whom|" pos="WP" wid="6">whom</w>
  <w id="7" lemma="|so|" pos="RB" wid="7">so</w>
  <w id="8" lemma="|many|" pos="JJ" wid="8">many</w>
  <w id="9" lemma="|church|" pos="NNS" wid="9">churches</w>
  <w id="10" lemma="|and|" pos="CC" wid="10">and</w>
  <w id="11" lemma="|chapel|" pos="NNS" wid="11">chapels</w>
  <w id="12" lemma="|be|" pos="VBP" wid="12">are</w>
  <w id="13" lemma="|dedicate|" pos="VBN" wid="13">dedicated</w>
  <w id="14" lemma="|in|" pos="IN" wid="14">in</w>
  <w id="15" lemma="|the|" pos="DT" wid="15">the</w>
  <w id="16" lemma="|different|" pos="JJ" wid="16">different</w>
  <w id="17" lemma="|region|" pos="NNS" wid="17">regions</w>
  <w id="18" lemma="|of|" pos="IN" wid="18">of</w>
  <w id="19" lemma="|Europe|" pos="NNP" wid="19">Europe</w>
  <w id="20" lemma="|,|" pos="," wid="20">,</w>
  <w id="21" lemma="|make|" pos="VB" wid="21">make</w>
  <w id="22" lemma="|she|" pos="PRP$" wid="22">her</w>
  <w id="23" lemma="|protection|" pos="NN" wid="23">protection</w>
  <w id="24" lemma="|feel|" pos="VBD" wid="24">felt</w>
  <w id="25" lemma="|over|" pos="IN" wid="25">over</w>
  <w id="26" lemma="|all|" pos="PDT" wid="26">all</w>
  <w id="27" lemma="|the|" pos="DT" wid="27">the</w>
  <w id="28" lemma="|people|" pos="NNS" wid="28">peoples</w>
  <w id="29" lemma="|on|" pos="IN" wid="29">on</w>
  <w id="30" lemma="|the|" pos="DT" wid="30">the</w>
  <w id="31" lemma="|continent|" pos="NN" wid="31">Continent</w>
  <w id="32" lemma="|.|" pos="." wid="32">.</w>
</sentence>
<sentence id="12">
  <w id="0" lemma="|after|" pos="IN" wid="0">After</w>
  <w id="1" lemma="|the|" pos="DT" wid="1">the</w>
  <w id="2" lemma="|recitation|" pos="NN" wid="2">recitation</w>
  <w id="3" lemma="|of|" pos="IN" wid="3">of</w>
  <w id="4" lemma="|the|" pos="DT" wid="4">the</w>
  <w id="5" lemma="|Angelus|" pos="NNP" wid="5">Angelus</w>
  <w id="6" lemma="|,|" pos="," wid="6">,</w>
  <w id="7" lemma="|the|" pos="DT" wid="7">the</w>
  <w id="8" lemma="|Holy|" pos="NNP" wid="8">Holy</w>
  <w id="9" lemma="|Father|" pos="NNP" wid="9">Father</w>
  <w id="10" lemma="|greet|" pos="VBD" wid="10">greeted</w>
  <w id="11" lemma="|the|" pos="DT" wid="11">the</w>
  <w id="12" lemma="|pilgrim|" pos="NNS" wid="12">pilgrims</w>
  <w id="13" lemma="|in|" pos="IN" wid="13">in</w>
  <w id="14" lemma="|French|" pos="NNP" wid="14">French</w>
  <w id="15" lemma="|,|" pos="," wid="15">,</w>
  <w id="16" lemma="|English|" pos="NNP" wid="16">English</w>
  <w id="17" lemma="|,|" pos="," wid="17">,</w>
  <w id="18" lemma="|German|" pos="NNP" wid="18">German</w>
  <w id="19" lemma="|,|" pos="," wid="19">,</w>
  <w id="20" lemma="|Spanish|" pos="NNP" wid="20">Spanish</w>
  <w id="21" lemma="|,|" pos="," wid="21">,</w>
  <w id="22" lemma="|Portuguese|" pos="NNP" wid="22">Portuguese</w>
  <w id="23" lemma="|,|" pos="," wid="23">,</w>
  <w id="24" lemma="|Polish|" pos="NNP" wid="24">Polish</w>
  <w id="25" lemma="|and|" pos="CC" wid="25">and</w>
  <w id="26" lemma="|Italian|" pos="NNP" wid="26">Italian</w>
  <w id="27" lemma="|:|" pos=":" wid="27">:</w>
  <w id="28" lemma="|Dear|" pos="NNP" wid="28">Dear</w>
  <w id="29" lemma="|french-speaking|" pos="JJ" wid="29">French-speaking</w>
  <w id="30" lemma="|pilgrim|" pos="NNS" wid="30">pilgrims</w>
  <w id="31" lemma="|,|" pos="," wid="31">,</w>
  <w id="32" lemma="|I|" pos="PRP" wid="32">I</w>
  <w id="33" lemma="|cordially|" pos="RB" wid="33">cordially</w>
  <w id="34" lemma="|greet|" pos="VB" wid="34">greet</w>
  <w id="35" lemma="|you|" pos="PRP" wid="35">you</w>
  <w id="36" lemma="|.|" pos="." wid="36">.</w>
</sentence>
<sentence id="13">
  <w id="0" lemma="|during|" pos="IN" wid="0">During</w>
  <w id="1" lemma="|the|" pos="DT" wid="1">the</w>
  <w id="2" lemma="|holiday|" pos="NNS" wid="2">holidays</w>
  <w id="3" lemma="|,|" pos="," wid="3">,</w>
  <w id="4" lemma="|may|" pos="MD" wid="4">may</w>
  <w id="5" lemma="|you|" pos="PRP" wid="5">you</w>
  <w id="6" lemma="|be|" pos="VB" wid="6">be</w>
  <w id="7" lemma="|more|" pos="RBR" wid="7">more</w>
  <w id="8" lemma="|intent|" pos="JJ" wid="8">intent</w>
  <w id="9" lemma="|on|" pos="IN" wid="9">on</w>
  <w id="10" lemma="|seek|" pos="VBG" wid="10">seeking</w>
  <w id="11" lemma="|Christ|" pos="NNP" wid="11">Christ</w>
  <w id="12" lemma="|,|" pos="," wid="12">,</w>
  <w id="13" lemma="|who|" pos="WP" wid="13">who</w>
  <w id="14" lemma="|want|" pos="VBZ" wid="14">wants</w>
  <w id="15" lemma="|to|" pos="TO" wid="15">to</w>
  <w id="16" lemma="|dwell|" pos="VB" wid="16">dwell</w>
  <w id="17" lemma="|with|" pos="IN" wid="17">with</w>
  <w id="18" lemma="|you|" pos="PRP" wid="18">you</w>
  <w id="19" lemma="|!|" pos="." wid="19">!</w>
</sentence>
<sentence id="14">
  <w id="0" lemma="|with|" pos="IN" wid="0">With</w>
  <w id="1" lemma="|my|" pos="PRP$" wid="1">my</w>
  <w id="2" lemma="|apostolic|" pos="JJ" wid="2">Apostolic</w>
  <w id="3" lemma="|blessing|" pos="NN" wid="3">Blessing</w>
  <w id="4" lemma="|.|" pos="." wid="4">.</w>
</sentence>
<sentence id="15">
  <w id="0" lemma="|I|" pos="PRP" wid="0">I</w>
  <w id="1" lemma="|warmly|" pos="RB" wid="1">warmly</w>
  <w id="2" lemma="|welcome|" pos="VBP" wid="2">welcome</w>
  <w id="3" lemma="|the|" pos="DT" wid="3">the</w>
  <w id="4" lemma="|english-speaking|" pos="JJ" wid="4">English-speaking</w>
  <w id="5" lemma="|visitor|" pos="NNS" wid="5">visitors</w>
  <w id="6" lemma="|present|" pos="JJ" wid="6">present</w>
  <w id="7" lemma="|at|" pos="IN" wid="7">at</w>
  <w id="8" lemma="|this|" pos="DT" wid="8">this</w>
  <w id="9" lemma="|Angelus|" pos="NNP" wid="9">Angelus</w>
  <w id="10" lemma="|.|" pos="." wid="10">.</w>
</sentence>
<sentence id="16">
  <w id="0" lemma="|May|" pos="NNP" wid="0">May</w>
  <w id="1" lemma="|Almighty|" pos="NNP" wid="1">Almighty</w>
  <w id="2" lemma="|God|" pos="NNP" wid="2">God</w>
  <w id="3" lemma="|bless|" pos="VB" wid="3">bless</w>
  <w id="4" lemma="|you|" pos="PRP" wid="4">you</w>
  <w id="5" lemma="|and|" pos="CC" wid="5">and</w>
  <w id="6" lemma="|you|" pos="PRP$" wid="6">your</w>
  <w id="7" lemma="|family|" pos="NNS" wid="7">families</w>
  <w id="8" lemma="|with|" pos="IN" wid="8">with</w>
  <w id="9" lemma="|joy|" pos="NN" wid="9">joy</w>
  <w id="10" lemma="|and|" pos="CC" wid="10">and</w>
  <w id="11" lemma="|peace|" pos="NN" wid="11">peace</w>
  <w id="12" lemma="|.|" pos="." wid="12">.</w>
</sentence>
<sentence id="17">
  <w id="0" lemma="|I|" pos="PRP" wid="0">I</w>
  <w id="1" lemma="|cordially|" pos="RB" wid="1">cordially</w>
  <w id="2" lemma="|greet|" pos="VBP" wid="2">greet</w>
  <w id="3" lemma="|the|" pos="DT" wid="3">the</w>
  <w id="4" lemma="|german-speaking|" pos="JJ" wid="4">German-speaking</w>
  <w id="5" lemma="|pilgrim|" pos="NNS" wid="5">pilgrims</w>
  <w id="6" lemma="|and|" pos="CC" wid="6">and</w>
  <w id="7" lemma="|visitor|" pos="NNS" wid="7">visitors</w>
  <w id="8" lemma="|.|" pos="." wid="8">.</w>
</sentence>
<sentence id="18">
  <w id="0" lemma="|seek|" pos="VB" wid="0">Seek</w>
  <w id="1" lemma="|closeness|" pos="NN" wid="1">closeness</w>
  <w id="2" lemma="|with|" pos="IN" wid="2">with</w>
  <w id="3" lemma="|God|" pos="NNP" wid="3">God</w>
  <w id="4" lemma="|also|" pos="RB" wid="4">also</w>
  <w id="5" lemma="|in|" pos="IN" wid="5">in</w>
  <w id="6" lemma="|the|" pos="DT" wid="6">the</w>
  <w id="7" lemma="|vacation|" pos="NN" wid="7">vacation</w>
  <w id="8" lemma="|period|" pos="NN" wid="8">period</w>
  <w id="9" lemma="|!|" pos="." wid="9">!</w>
</sentence>
<sentence id="19">
  <w id="0" lemma="|May|" pos="NNP" wid="0">May</w>
  <w id="1" lemma="|Christ|" pos="NNP" wid="1">Christ</w>
  <w id="2" lemma="|'s|" pos="POS" wid="2">'s</w>
  <w id="3" lemma="|peace|" pos="NN" wid="3">peace</w>
  <w id="4" lemma="|accompany|" pos="VBP" wid="4">accompany</w>
  <w id="5" lemma="|you|" pos="PRP" wid="5">you</w>
  <w id="6" lemma="|on|" pos="IN" wid="6">on</w>
  <w id="7" lemma="|you|" pos="PRP$" wid="7">your</w>
  <w id="8" lemma="|way|" pos="NN" wid="8">way</w>
  <w id="9" lemma="|.|" pos="." wid="9">.</w>
</sentence>
<sentence id="20">
  <w id="0" lemma="|I|" pos="PRP" wid="0">I</w>
  <w id="1" lemma="|now|" pos="RB" wid="1">now</w>
  <w id="2" lemma="|greet|" pos="VBP" wid="2">greet</w>
  <w id="3" lemma="|the|" pos="DT" wid="3">the</w>
  <w id="4" lemma="|spanish-speaking|" pos="JJ" wid="4">Spanish-speaking</w>
  <w id="5" lemma="|pilgrim|" pos="NNS" wid="5">pilgrims</w>
  <w id="6" lemma="|.|" pos="." wid="6">.</w>
</sentence>
<sentence id="21">
  <w id="0" lemma="|I|" pos="PRP" wid="0">I</w>
  <w id="1" lemma="|encourage|" pos="VBP" wid="1">encourage</w>
  <w id="2" lemma="|you|" pos="PRP" wid="2">you</w>
  <w id="3" lemma="|to|" pos="TO" wid="3">to</w>
  <w id="4" lemma="|use|" pos="VB" wid="4">use</w>
  <w id="5" lemma="|this|" pos="DT" wid="5">this</w>
  <w id="6" lemma="|summer|" pos="NN" wid="6">summer</w>
  <w id="7" lemma="|period|" pos="NN" wid="7">period</w>
  <w id="8" lemma="|also|" pos="RB" wid="8">also</w>
  <w id="9" lemma="|to|" pos="TO" wid="9">to</w>
  <w id="10" lemma="|rediscover|" pos="VB" wid="10">rediscover</w>
  <w id="11" lemma="|,|" pos="," wid="11">,</w>
  <w id="12" lemma="|with|" pos="IN" wid="12">with</w>
  <w id="13" lemma="|greater|" pos="JJR" wid="13">greater</w>
  <w id="14" lemma="|intensity|" pos="NN" wid="14">intensity</w>
  <w id="15" lemma="|,|" pos="," wid="15">,</w>
  <w id="16" lemma="|the|" pos="DT" wid="16">the</w>
  <w id="17" lemma="|great|" pos="JJ" wid="17">great</w>
  <w id="18" lemma="|mystery|" pos="NN" wid="18">mystery</w>
  <w id="19" lemma="|of|" pos="IN" wid="19">of</w>
  <w id="20" lemma="|the|" pos="DT" wid="20">the</w>
  <w id="21" lemma="|eucharist|" pos="NN" wid="21">Eucharist</w>
  <w id="22" lemma="|.|" pos="." wid="22">.</w>
</sentence>
<sentence id="22">
  <w id="0" lemma="|a|" pos="DT" wid="0">A</w>
  <w id="1" lemma="|good|" pos="JJ" wid="1">good</w>
  <w id="2" lemma="|Sunday|" pos="NNP" wid="2">Sunday</w>
  <w id="3" lemma="|to|" pos="TO" wid="3">to</w>
  <w id="4" lemma="|all|" pos="DT" wid="4">all</w>
  <w id="5" lemma="|.|" pos="." wid="5">.</w>
</sentence>
<sentence id="23">
  <w id="0" lemma="|I|" pos="PRP" wid="0">I</w>
  <w id="1" lemma="|greet|" pos="VBP" wid="1">greet</w>
  <w id="2" lemma="|with|" pos="IN" wid="2">with</w>
  <w id="3" lemma="|affection|" pos="NN" wid="3">affection</w>
  <w id="4" lemma="|the|" pos="DT" wid="4">the</w>
  <w id="5" lemma="|portuguese-speaking|" pos="JJ" wid="5">Portuguese-speaking</w>
  <w id="6" lemma="|pilgrim|" pos="NNS" wid="6">pilgrims</w>
  <w id="7" lemma="|and|" pos="CC" wid="7">and</w>
  <w id="8" lemma="|invite|" pos="VB" wid="8">invite</w>
  <w id="9" lemma="|you|" pos="PRP" wid="9">you</w>
  <w id="10" lemma="|all|" pos="DT" wid="10">all</w>
  <w id="11" lemma="|to|" pos="TO" wid="11">to</w>
  <w id="12" lemma="|live|" pos="VB" wid="12">live</w>
  <w id="13" lemma="|a|" pos="DT" wid="13">an</w>
  <w id="14" lemma="|authentic|" pos="JJ" wid="14">authentic</w>
  <w id="15" lemma="|faith|" pos="NN" wid="15">faith</w>
  <w id="16" lemma="|,|" pos="," wid="16">,</w>
  <w id="17" lemma="|proclaim|" pos="VBG" wid="17">proclaiming</w>
  <w id="18" lemma="|Jesus|" pos="NNP" wid="18">Jesus</w>
  <w id="19" lemma="|Christ|" pos="NNP" wid="19">Christ</w>
  <w id="20" lemma="|Our|" pos="NNP" wid="20">Our</w>
  <w id="21" lemma="|Lord|" pos="NNP" wid="21">Lord</w>
  <w id="22" lemma="|.|" pos="." wid="22">.</w>
</sentence>
<sentence id="24">
  <w id="0" lemma="|May|" pos="NNP" wid="0">May</w>
  <w id="1" lemma="|God|" pos="NNP" wid="1">God</w>
  <w id="2" lemma="|bless|" pos="VB" wid="2">bless</w>
  <w id="3" lemma="|you|" pos="PRP" wid="3">you</w>
  <w id="4" lemma="|.|" pos="." wid="4">.</w>
</sentence>
<sentence id="25">
  <w id="0" lemma="|I|" pos="PRP" wid="0">I</w>
  <w id="1" lemma="|cordially|" pos="RB" wid="1">cordially</w>
  <w id="2" lemma="|greet|" pos="VBP" wid="2">greet</w>
  <w id="3" lemma="|the|" pos="DT" wid="3">the</w>
  <w id="4" lemma="|polish-speaking|" pos="JJ" wid="4">Polish-speaking</w>
  <w id="5" lemma="|pilgrim|" pos="NNS" wid="5">pilgrims</w>
  <w id="6" lemma="|here|" pos="RB" wid="6">here</w>
  <w id="7" lemma="|and|" pos="CC" wid="7">and</w>
  <w id="8" lemma="|those|" pos="DT" wid="8">those</w>
  <w id="9" lemma="|who|" pos="WP" wid="9">who</w>
  <w id="10" lemma="|be|" pos="VBP" wid="10">are</w>
  <w id="11" lemma="|join|" pos="VBG" wid="11">joining</w>
  <w id="12" lemma="|in|" pos="IN" wid="12">in</w>
  <w id="13" lemma="|this|" pos="DT" wid="13">this</w>
  <w id="14" lemma="|prayer|" pos="NN" wid="14">prayer</w>
  <w id="15" lemma="|by|" pos="IN" wid="15">by</w>
  <w id="16" lemma="|radio|" pos="NN" wid="16">radio</w>
  <w id="17" lemma="|and|" pos="CC" wid="17">and</w>
  <w id="18" lemma="|television|" pos="NN" wid="18">television</w>
  <w id="19" lemma="|.|" pos="." wid="19">.</w>
</sentence>
<sentence id="26">
  <w id="0" lemma="|God|" pos="NNP" wid="0">God</w>
  <w id="1" lemma="|bless|" pos="VB" wid="1">bless</w>
  <w id="2" lemma="|everyone|" pos="NN" wid="2">everyone</w>
  <w id="3" lemma="|!|" pos="." wid="3">!</w>
</sentence>
<sentence id="27">
  <w id="0" lemma="|I|" pos="PRP" wid="0">I</w>
  <w id="1" lemma="|greet|" pos="VBP" wid="1">greet</w>
  <w id="2" lemma="|the|" pos="DT" wid="2">the</w>
  <w id="3" lemma="|italian|" pos="JJ" wid="3">Italian</w>
  <w id="4" lemma="|pilgrim|" pos="NNS" wid="4">pilgrims</w>
  <w id="5" lemma="|present|" pos="VBP" wid="5">present</w>
  <w id="6" lemma="|here|" pos="RB" wid="6">here</w>
  <w id="7" lemma="|,|" pos="," wid="7">,</w>
  <w id="8" lemma="|and|" pos="CC" wid="8">and</w>
  <w id="9" lemma="|in|" pos="IN" wid="9">in</w>
  <w id="10" lemma="|particular|" pos="JJ" wid="10">particular</w>
  <w id="11" lemma="|,|" pos="," wid="11">,</w>
  <w id="12" lemma="|the|" pos="DT" wid="12">the</w>
  <w id="13" lemma="|community|" pos="NN" wid="13">community</w>
  <w id="14" lemma="|of|" pos="IN" wid="14">of</w>
  <w id="15" lemma="|the|" pos="DT" wid="15">the</w>
  <w id="16" lemma="|diocesan|" pos="JJ" wid="16">diocesan</w>
  <w id="17" lemma="|seminary|" pos="NN" wid="17">seminary</w>
  <w id="18" lemma="|of|" pos="IN" wid="18">of</w>
  <w id="19" lemma="|Florence|" pos="NNP" wid="19">Florence</w>
  <w id="20" lemma="|.|" pos="." wid="20">.</w>
</sentence>
<sentence id="28">
  <w id="0" lemma="|I|" pos="PRP" wid="0">I</w>
  <w id="1" lemma="|wish|" pos="VBP" wid="1">wish</w>
  <w id="2" lemma="|you|" pos="PRP" wid="2">you</w>
  <w id="3" lemma="|all|" pos="DT" wid="3">all</w>
  <w id="4" lemma="|every|" pos="DT" wid="4">every</w>
  <w id="5" lemma="|desire|" pos="VBN" wid="5">desired</w>
  <w id="6" lemma="|good|" pos="JJ" wid="6">good</w>
  <w id="7" lemma="|and|" pos="CC" wid="7">and</w>
  <w id="8" lemma="|a|" pos="DT" wid="8">a</w>
  <w id="9" lemma="|peaceful|" pos="JJ" wid="9">peaceful</w>
  <w id="10" lemma="|Sunday|" pos="NNP" wid="10">Sunday</w>
  <w id="11" lemma="|.|" pos="." wid="11">.</w>
</sentence>
<sentence id="29">
  <w id="0" lemma="|©|" pos="NNP" wid="0">©</w>
  <w id="1" lemma="|Copyright|" pos="NNP" wid="1">Copyright</w>
  <w id="2" lemma="|2003|" pos="CD" wid="2">2003</w>
  <w id="3" lemma="|-|" pos=":" wid="3">-</w>
  <w id="4" lemma="|Libreria|" pos="NNP" wid="4">Libreria</w>
  <w id="5" lemma="|Editrice|" pos="NNP" wid="5">Editrice</w>
  <w id="6" lemma="|Vaticana|" pos="NNP" wid="6">Vaticana</w>
</sentence>
</corpus>